canonical_smiles,source_file,row_id,smiles_raw,is_valid,epoch,set,max_tanimoto_to_reference,nearest_reference_smiles,exact_in_reference
O=C(O)c1ccc2nc(-c3ccc(C(F)(F)F)cc3)cc(C(=O)O)c2c1,samples_by_epoch/samples_epoch_000.csv,0,O=C(O)c1ccc2nc(-c3ccc(C(F)(F)F)cc3)cc(C(=O)O)c2c1,True,0,generated,0.3888888888888889,CCOC(=O)c1cc(C(=O)OCC)c2cc(C(=O)O)ccc2n1,False
CCCCCCOc1ccc(N(c2ccc(OCCCCCC)cc2)c2ccc(-c3ccc(-c4ccc(-c5ccc(C=C(C#N)C(=O)O)s5)s4)s3)cc2)cc1,samples_by_epoch/samples_epoch_000.csv,1,CCCCCCOc1ccc(N(c2ccc(OCCCCCC)cc2)c2ccc(-c3ccc(-c4ccc(-c5ccc(C=C(C#N)C(=O)O)s5)s4)s3)cc2)cc1,True,0,generated,1.0,CCCCCCCCCCCCOc1ccc(N(c2ccc(OCCCCCCCCCCCC)cc2)c2ccc(-c3ccc(-c4ccc(/C=C(\C#N)C(=O)O)s4)s3)cc2)cc1,True
N#Cc1ccccc1Nc1ncnc2ccc(Cl)cc12,samples_by_epoch/samples_epoch_000.csv,2,N#Cc1ccccc1Nc1ncnc2ccc(Cl)cc12,True,0,generated,0.4716981132075472,N#Cc1ccc(-c2ccc3ncnc(Nc4ccccc4)c3c2)cc1,False
CCCCNc1ccc2c(c1)C(C)(CCCC(=O)O)c1ccccc1-2,samples_by_epoch/samples_epoch_000.csv,3,CCCCNc1ccc2c(c1)C(C)(CCCC(=O)O)c1ccccc1-2,True,0,generated,0.35064935064935066,CN(CCCC(=O)O)C(=O)c1ccccc1-c1c2ccc(NCCCS(=O)(=O)O)cc2[o+]c2cc(NCCCS(=O)(=O)O)ccc12,False
CCCCCCc1ccc(C=Cc2ccc(-c3ccc(N(c4ccccc4)c4ccccc4)cc3)s2)s1,samples_by_epoch/samples_epoch_000.csv,4,CCCCCCc1ccc(C=Cc2ccc(-c3ccc(N(c4ccccc4)c4ccccc4)cc3)s2)s1,True,0,generated,0.6190476190476191,CCCCCCc1ccc(/C=C/c2ccc(CCCCCC)s2)s1,False
CC(=CCSc1cccc2ccccc12)C(=O)O,samples_by_epoch/samples_epoch_000.csv,5,CC(=CCSc1cccc2ccccc12)C(=O)O,True,0,generated,0.3409090909090909,NC(=O)Cc1cccc2ccccc12,False
COc1ccc2cc(C=Cc3ccccc3C(c3cccc(C)c3)=c3c(=Cc4ccc(C)s4)oc4c(C#Cc5csc6c(C)c(C)c(C)cc56)cccc34)ccc2c1,samples_by_epoch/samples_epoch_000.csv,6,COc1ccc2cc(C=Cc3ccccc3C(c3cccc(C)c3)=c3c(=Cc4ccc(C)s4)oc4c(C#Cc5csc6c(C)c(C)c(C)cc56)cccc34)ccc2c1,True,0,generated,0.2872340425531915,COc1ccc2cc(/C=C/c3cc[nH+]c4ccccc34)ccc2c1,False
C[n+]1ccc2c(c1)-c1ccccc1-c1ccc(N3CCCCC3)cc1O2,samples_by_epoch/samples_epoch_000.csv,7,C[n+]1ccc2c(c1)-c1ccccc1-c1ccc(N3CCCCC3)cc1O2,True,0,generated,0.34328358208955223,Cc1ccccc1-c1c2ccc(=[N+]3CCCCC3)cc-2oc2cc(N3CCCCC3)ccc12,False
CCCCCCCCCCCCN(CCCCCCCCCC)c1ccc(C=C2C=C(C=Cc3ccc(N(C)CCCN(C)C)cc3)OC2(C)C(=O)O)cc1,samples_by_epoch/samples_epoch_000.csv,8,CCCCCCCCCCCCN(CCCCCCCCCC)c1ccc(C=C2C=C(C=Cc3ccc(N(C)CCCN(C)C)cc3)OC2(C)C(=O)O)cc1,True,0,generated,0.3880597014925373,CCCCCCCCN(CCCCCCCC)c1ccc(/C=C/c2ccc(C#Cc3ccc(-c4ccc(C#Cc5ccc(/C=C/c6ccc(N(CCCCCCCC)CCCCCCCC)cc6)cc5)cc4)cc3)cc2)cc1,False
COc1ccc(-c2nnc3ccc(-c4ccccc4)cn23)cc1,samples_by_epoch/samples_epoch_000.csv,9,COc1ccc(-c2nnc3ccc(-c4ccccc4)cn23)cc1,True,0,generated,0.6666666666666666,COc1ccc(-c2nnc3ccccn23)cc1,False
CCOC(=O)c1c(N=Cc2ccc(C(C)(C)C)cc2)sc2c1CCC2,samples_by_epoch/samples_epoch_000.csv,10,CCOC(=O)c1c(N=Cc2ccc(C(C)(C)C)cc2)sc2c1CCC2,True,0,generated,0.4262295081967213,CCOC(=O)c1c(/N=C/c2cccs2)sc(/N=C/c2cccs2)c1C(=O)OCC,False
CCC1(CC)c2cc(C=C(C#N)C(=O)O)ccc2-c2c1c(-c1ccco1)c1ccccc1c2-c1cc(-c2ccc(C(C)(C)C)cc2)cs1,samples_by_epoch/samples_epoch_000.csv,11,CCC1(CC)c2cc(C=C(C#N)C(=O)O)ccc2-c2c1c(-c1ccco1)c1ccccc1c2-c1cc(-c2ccc(C(C)(C)C)cc2)cs1,True,0,generated,0.4606741573033708,CCC1(CC)c2ccc(N(c3ccccc3)c3ccccc3)cc2-c2c1c1c(c3c2C(CC)(CC)c2cc(N(c4ccccc4)c4ccccc4)ccc2-3)C(CC)(CC)c2ccc(C=C(C#N)C(=O)O)cc2-1,False
Cc1ccc2c(ccc(NC3CCCCC3)[n+]2CCCS(=O)(=O)[O-])c1,samples_by_epoch/samples_epoch_000.csv,12,Cc1ccc2c(ccc(NC3CCCCC3)[n+]2CCCS(=O)(=O)[O-])c1,True,0,generated,0.29411764705882354,CCN(CC)c1ccc(/C=C/c2sc3c4ccccc4ccc3[n+]2CCCS(=O)(=O)[O-])c(O)c1,False
CCCCCCCCCCCCC(CCCCCC)CN1C(=O)C(=Cc2cc3c(s2)C(=Cc2ccc(-c4ccc(C(=O)O)cc4)cc2)CC2c4ccccc4N(c4cccc(C)c4)C32)C(=C(C#N)C#N)C1=O,samples_by_epoch/samples_epoch_000.csv,13,CCCCCCCCCCCCC(CCCCCC)CN1C(=O)C(=Cc2cc3c(s2)C(=Cc2ccc(-c4ccc(C(=O)O)cc4)cc2)CC2c4ccccc4N(c4cccc(C)c4)C32)C(=C(C#N)C#N)C1=O,True,0,generated,0.3533834586466165,CCCCCCc1cc(-c2ccc3c(c2)C2CCCC2N3c2ccc3c(c2)C(C)(C)c2ccccc2-3)sc1C=C1C(=C(C#N)C#N)c2ccc(C(=O)O)cc2C1=C(C#N)C#N,False
C#CC1(C)CCC(C)(C)c2cc(N(C)C)c(C=CC(=O)c3ccc(NC(=O)c4cnccn4)cc3)cc21,samples_by_epoch/samples_epoch_000.csv,14,C#CC1(C)CCC(C)(C)c2cc(N(C)C)c(C=CC(=O)c3ccc(NC(=O)c4cnccn4)cc3)cc21,True,0,generated,0.4691358024691358,CN(CCO)c1ccc(/C=C/C(=O)c2ccc(NC(=O)c3cnccn3)cc2)cc1,False
CCCn1nnc(-c2cccc(C(C)=O)c2)n1,samples_by_epoch/samples_epoch_000.csv,15,CCCn1nnc(-c2cccc(C(C)=O)c2)n1,True,0,generated,0.3333333333333333,CCCCCCCCCCCCn1nnc(-c2ccc(C#Cc3ccc(C#Cc4ccc(-c5nnn(CCCCCCCCCCCC)n5)cc4)c4nc5c6ccccc6c6ccccc6c5nc34)cc2)n1,False
CCOc1cc2c(cc1C=C1SC(CC)=C(C#N)C1=O)Sc1ccc(C)cc1N2CC,samples_by_epoch/samples_epoch_000.csv,16,CCOc1cc2c(cc1C=C1SC(CC)=C(C#N)C1=O)Sc1ccc(C)cc1N2CC,True,0,generated,0.2911392405063291,CCN1c2ccccc2Sc2cc(/C=C(\C#N)c3ccccc3)ccc21,False
CC1CCN(C(=O)C2c3cc(CC(NC(=O)OC(C)(C)C)C(=O)O)ccc3N(C)C2(C)C)CC1,samples_by_epoch/samples_epoch_000.csv,17,CC1CCN(C(=O)C2c3cc(CC(NC(=O)OC(C)(C)C)C(=O)O)ccc3N(C)C2(C)C)CC1,True,0,generated,0.33707865168539325,COC(=O)C(Cc1ccc2oc(-c3ccc(Nc4ccccc4)cc3)nc2c1)NC(=O)OC(C)(C)C,False
CCCc1ccc(-c2sc(-c3ccc(-c4cccc(-c5cc(CCC)c(-c6ccc(N(c7ccccc7)c7ccccc7)cc6)s5)c4)cc3)c3c2CCC(CCC)C3)s1,samples_by_epoch/samples_epoch_000.csv,18,CCCc1ccc(-c2sc(-c3ccc(-c4cccc(-c5cc(CCC)c(-c6ccc(N(c7ccccc7)c7ccccc7)cc6)s5)c4)cc3)c3c2CCC(CCC)C3)s1,True,0,generated,0.36,CCCCCCCCc1ccc(-c2nc3c(-c4ccc(/C=C(/C#N)C(=O)O)cc4)sc(-c4cc(CCCCCCCC)c(-c5ccc(N(c6ccccc6)c6ccccc6)cc5)s4)c3nc2-c2ccc(CCCCCCCC)s2)s1,False
NC1=CC2NC(=O)NC2=CC1=O,samples_by_epoch/samples_epoch_000.csv,19,NC1=CC2NC(=O)NC2=CC1=O,True,0,generated,0.20512820512820512,Nc1ccc2c(c1)C(=O)NC2=O,False
C=CCCC(=O)OC,samples_by_epoch/samples_epoch_000.csv,20,C=CCCC(=O)OC,True,0,generated,0.2545454545454545,C=CCCC(=O)Nc1ccc(C(=O)/C=C/c2ccc(N(C)CCO)cc2)cc1,False
CC1(C)c2ccccc2-c2ccc(N3c4ccccc4Sc4ccc(C=C(C#N)C(=O)O)cc43)cc21,samples_by_epoch/samples_epoch_000.csv,21,CC1(C)c2ccccc2-c2ccc(N3c4ccccc4Sc4ccc(C=C(C#N)C(=O)O)cc43)cc21,True,0,generated,0.6666666666666666,CCC1(CC)c2cc(-c3ccc(/C=C(\C#N)C(=O)O)cc3)ccc2-c2ccc(N3c4ccccc4Sc4ccccc43)cc21,False
CCOC(=O)c1c(OCC)c(OCC)n2c3nc(C(=O)OC)ccc3c3c(C#N)n(CCOC)c(-c4ccccc4)c3c12,samples_by_epoch/samples_epoch_000.csv,22,CCOC(=O)c1c(OCC)c(OCC)n2c3nc(C(=O)OC)ccc3c3c(C#N)n(CCOC)c(-c4ccccc4)c3c12,True,0,generated,0.29213483146067415,CCOC(=O)c1ccc2c(c1)c1ccccc1c1nc3ccccc3n21,False
CCn1c2ccccc2c2c3sc4ccc(O)cc4c3ccc21,samples_by_epoch/samples_epoch_000.csv,23,CCn1c2ccccc2c2c3sc4ccc(O)cc4c3ccc21,True,0,generated,0.4222222222222222,CCn1c2ccccc2c2cc3c(cc21)c1ccccc1n3CC,False
c1ccc(-c2ccc(-c3c(-c4ccccc4)c(-c4ccccc4)c(-c4ccccc4)c(-c4ccccc4)c3-c3ccccc3)c(-c3ccccc3)c2)cc1,samples_by_epoch/samples_epoch_000.csv,24,c1ccc(-c2ccc(-c3c(-c4ccccc4)c(-c4ccccc4)c(-c4ccccc4)c(-c4ccccc4)c3-c3ccccc3)c(-c3ccccc3)c2)cc1,True,0,generated,0.5357142857142857,O=C1c2cc(-c3ccccc3)ccc2-c2ccc(-c3ccccc3)cc21,False
CCOC(=O)CC#Cc1ccc(-c2c(CC(=O)OCC)nc(-c3ccc(OC)cc3)n2Cc2ccccc2)cc1,samples_by_epoch/samples_epoch_000.csv,25,CCOC(=O)CC#Cc1ccc(-c2c(CC(=O)OCC)nc(-c3ccc(OC)cc3)n2Cc2ccccc2)cc1,True,0,generated,0.34177215189873417,COc1ccc(-c2cc3c(s2)c(C(C)=O)cc(=O)n3Cc2ccccc2)cc1,False
COc1ccc(-n2nc(-c3ccc(C=C(C#N)c4ccncc4)cc3)c(C#N)c2-c2ccc(N(C)C)cc2)cc1,samples_by_epoch/samples_epoch_000.csv,26,COc1ccc(-n2nc(-c3ccc(C=C(C#N)c4ccncc4)cc3)c(C#N)c2-c2ccc(N(C)C)cc2)cc1,True,0,generated,0.5454545454545454,COc1ccc(N(c2ccc(/C=C/c3ccc(/C=C(\C#N)c4ccncc4)cc3)cc2)c2ccc(OC)cc2)cc1,False
Cc1ccc(-c2ncc(C)c3c(C)c4n(c23)N(C(C)C)C4=O)cc1,samples_by_epoch/samples_epoch_000.csv,27,Cc1ccc(-c2ncc(C)c3c(C)c4n(c23)N(C(C)C)C4=O)cc1,True,0,generated,0.24528301886792453,Cc1ccc(-c2nc(-c3ccc(-c4nc(-c5ccc(C)cc5)c(-c5ccc(C)cc5)[nH]4)cc3)[nH]c2-c2ccc(C)cc2)cc1,False
CCCCCCCCN(CCCCCC)c1ccc(C=C2C=Cc3ccc(O)cc3O2)cc1,samples_by_epoch/samples_epoch_000.csv,28,CCCCCCCCN(CCCCCC)c1ccc(C=C2C=Cc3ccc(O)cc3O2)cc1,True,0,generated,0.423728813559322,CCCCCCCCCCCCCCCCN(CCCCCCCCCCCCCCCC)c1ccc(/C=C/c2cc[n+](Cc3cc(C[n+]4ccc(/C=C/c5ccc(N(CCCCCCCCCCCCCCCC)CCCCCCCCCCCCCCCC)cc5)cc4)cc(C[n+]4ccc(/C=C/c5ccc(N(CCCCCCCCCCCCCCCC)CCCCCCCCCCCCCCCC)cc5)cc4)c3)cc2)cc1,False
Nc1ccc2c(=[NH2+])c3ccc(-c4ccc(C(=O)O)cc4)cc3oc2c1,samples_by_epoch/samples_epoch_000.csv,29,Nc1ccc2c(=[NH2+])c3ccc(-c4ccc(C(=O)O)cc4)cc3oc2c1,True,0,generated,0.41509433962264153,Nc1ccc2c(-c3ccc(-c4ccccc4)cc3)c3ccc(=[NH2+])cc-3oc2c1,False
N#CC(C#N)=Cc1ccc2c3ccc(-c4ccc(C=C(C#N)C(=O)O)cc4)cc3n(-c3ccc(N4c5ccccc5Oc5ccccc54)cc3)c2c1,samples_by_epoch/samples_epoch_000.csv,30,N#CC(C#N)=Cc1ccc2c3ccc(-c4ccc(C=C(C#N)C(=O)O)cc4)cc3n(-c3ccc(N4c5ccccc5Oc5ccccc54)cc3)c2c1,True,0,generated,0.5714285714285714,COc1ccc(N2c3ccccc3Oc3cc(/C=C(\C#N)C(=O)O)ccc32)cc1,False
CCCCN1c2ccccc2Sc2cc(C=Cc3ccc(N(c4ccccc4)c4ccccc4)cc3)ccc21,samples_by_epoch/samples_epoch_000.csv,31,CCCCN1c2ccccc2Sc2cc(C=Cc3ccc(N(c4ccccc4)c4ccccc4)cc3)ccc21,True,0,generated,0.7413793103448276,CCCCCCCCN1c2ccccc2Sc2cc(/C=C/c3ccc(N(c4ccc(/C=C/c5ccc6c(c5)Sc5ccccc5N6CCCCCCCC)cc4)c4ccc(/C=C/c5ccc(/C=C/c6ccc(N(c7ccc(/C=C/c8ccc(N(c9ccccc9)c9ccccc9)cc8)cc7)c7ccc(/C=C/c8ccc(N(c9ccccc9)c9ccccc9)cc8)cc7)cc6)c6nsnc56)cc4)cc3)ccc21,False
c1ccc(-c2c3ccccc3c3c4c(oc5cc(C6CCCCC6)cc(-c6ccccc6)c54)c4cccc5ccc2c3c54)cc1,samples_by_epoch/samples_epoch_000.csv,32,c1ccc(-c2c3ccccc3c3c4c(oc5cc(C6CCCCC6)cc(-c6ccccc6)c54)c4cccc5ccc2c3c54)cc1,True,0,generated,0.3508771929824561,c1ccc(-c2cc3c(-c4ccccc4)c4cccc5c(-c6ccccc6)cc6c(-c7ccccc7)c7cccc2c7c3c6c54)cc1,False
CCCCCCCCCCCCCCCCCCCC#CC#CC#CC#CC#CC#CC#CC#CC#CC#CC#CC#CC#CC#CC#CC#Cc1c(O)c2c3c(C)c(c4ccc1nc2=c1ccccc1=4)C(C#Cc1ccc[n+](C)c1)=CC=C3,samples_by_epoch/samples_epoch_000.csv,33,CCCCCCCCCCCCCCCCCCCC#CC#CC#CC#CC#CC#CC#CC#CC#CC#CC#CC#CC#CC#CC#CC#Cc1c(O)c2c3c(C)c(c4ccc1nc2=c1ccccc1=4)C(C#Cc1ccc[n+](C)c1)=CC=C3,True,0,generated,0.22330097087378642,CCCCCCOc1ccc(N(c2ccc(C#Cc3c4ccccc4c(C#CC#Cc4ccc(C(=O)O)cc4)c4ccccc34)cc2)c2ccc(OCCCCCC)cc2)cc1,False
CC(C)(C)c1ccc2oc(-c3cc(-c4cc5ccccc5o4)c4c(c3)[nH]c3ccccc34)[o+]c2c1,samples_by_epoch/samples_epoch_000.csv,34,CC(C)(C)c1ccc2oc(-c3cc(-c4cc5ccccc5o4)c4c(c3)[nH]c3ccccc34)[o+]c2c1,True,0,generated,0.34285714285714286,CC(C)(C)c1ccc2c(c1)c1ccc3cccc4c5cccc6oc(=O)c2c(c65)c1c34,False
COC(=O)c1ccc(-c2nc3ccc(N4CCOCC4)cc3oc2=O)o1,samples_by_epoch/samples_epoch_000.csv,35,COC(=O)c1ccc(-c2nc3ccc(N4CCOCC4)cc3oc2=O)o1,True,0,generated,0.373134328358209,[NH2+]=c1cc2oc3cc(N4CCCC4)ccc3nc-2c2ccccc12,False
N#CC(=Cc1ccc2c(ccc3nc4ccccc4n32)c1)C(=O)O,samples_by_epoch/samples_epoch_000.csv,36,N#CC(=Cc1ccc2c(ccc3nc4ccccc4n32)c1)C(=O)O,True,0,generated,0.5178571428571429,N#C/C(=C/c1ccc2c(c1)c1ccccc1n2-c1ccccc1)C(=O)O,False
N#Cc1ccccc1C#Cc1ccc(C=O)cc1C#Cc1ccncc1,samples_by_epoch/samples_epoch_000.csv,37,N#Cc1ccccc1C#Cc1ccc(C=O)cc1C#Cc1ccncc1,True,0,generated,0.4883720930232558,N#Cc1ccc(C#Cc2ccc(C#Cc3ccc(C#Cc4ccccc4C#N)cc3C#N)cc2C#N)cc1,False
N#CC(C#N)=c1[nH]c(=O)c(=Cc2cc(N(c3ccccc3)c3ccccc3)ccc2-c2ccc3c(c2)S(=O)(=O)c2cc(N(c4ccccc4)c4ccccc4)ccc2-3)s1,samples_by_epoch/samples_epoch_000.csv,38,N#CC(C#N)=c1[nH]c(=O)c(=Cc2cc(N(c3ccccc3)c3ccccc3)ccc2-c2ccc3c(c2)S(=O)(=O)c2cc(N(c4ccccc4)c4ccccc4)ccc2-3)s1,True,0,generated,0.6229508196721312,N#CC(C#N)=c1[nH]c(=O)/c(=C/c2ccc(N(c3ccccc3)c3ccc(/C=c4\sc(=C(C#N)C#N)[nH]c4=O)cc3)cc2)s1,False
N#Cc1ccc(C=C2CCCc3c2[o+]c2cc(N4CCCCC4)ccc2c3-c2ccc3ccccc3c2)cc1,samples_by_epoch/samples_epoch_000.csv,39,N#Cc1ccc(C=C2CCCc3c2[o+]c2cc(N4CCCCC4)ccc2c3-c2ccc3ccccc3c2)cc1,True,0,generated,0.4225352112676056,N#Cc1ccc(/C=c2\o/c(=C\c3ccc(N4CCCCC4)cc3)c3ccccc23)cc1,False
CCCCN1C(=CC=c2c(-c3ccccc3)c(C)n(-c3ccc(OC)cc3)c2=CC2=[N+](C)c3ccccc3C2(C)C)C=Cc2ccccc21,samples_by_epoch/samples_epoch_000.csv,40,CCCCN1C(=CC=c2c(-c3ccccc3)c(C)n(-c3ccc(OC)cc3)c2=CC2=[N+](C)c3ccccc3C2(C)C)C=Cc2ccccc21,True,0,generated,0.38461538461538464,CCCCN1/C(=C/C=C/C2=[N+](C)c3ccccc3C2(C)C)Oc2ccccc21,False
c1ccc(Nc2ccc3c(c2)C2(c4ccccc4-c4ccccc42)c2cc(-c4ccc(N(c5ccccc5)c5ccccc5)cc4)ccc2-3)cc1,samples_by_epoch/samples_epoch_000.csv,41,c1ccc(Nc2ccc3c(c2)C2(c4ccccc4-c4ccccc42)c2cc(-c4ccc(N(c5ccccc5)c5ccccc5)cc4)ccc2-3)cc1,True,0,generated,0.6086956521739131,c1ccc(N(c2ccccc2)c2ccc(-c3ccc4c(c3)C3(c5cc(-c6ccc(N(c7ccccc7)c7ccccc7)cc6)ccc5O4)c4ccccc4-c4ccccc43)cc2)cc1,False
CN(C)c1ccc(N2C(=O)c3c4ccc(-c5ccc(F)cc5)c3C=C(N3CCCCC3)C=C2O4)cc1,samples_by_epoch/samples_epoch_000.csv,42,CN(C)c1ccc(N2C(=O)c3c4ccc(-c5ccc(F)cc5)c3C=C(N3CCCCC3)C=C2O4)cc1,True,0,generated,0.35526315789473684,CN(C)c1ccc(-c2c3ccc(=[NH2+])cc-3oc3cc(N4CCCCC4)ccc23)cc1,False
CC(=O)c1ccc(-c2ccc3ncc(-c4ccc(C(=O)O)cc4)n3n2)cc1,samples_by_epoch/samples_epoch_000.csv,43,CC(=O)c1ccc(-c2ccc3ncc(-c4ccc(C(=O)O)cc4)n3n2)cc1,True,0,generated,0.4074074074074074,CC(=O)c1ccc(-c2cccc3cnc(-c4ccccc4)n23)cc1,False
CCCCc1cc(C=C(C#N)C#N)cc2c1C(=O)C2=Cc1ccc(Cl)cc1,samples_by_epoch/samples_epoch_000.csv,44,CCCCc1cc(C=C(C#N)C#N)cc2c1C(=O)C2=Cc1ccc(Cl)cc1,True,0,generated,0.32142857142857145,CCCCCCc1cc(-c2ccc3c(c2)C(=O)c2cc(-c4cc(CCCCCC)c(-c5ccc(N(c6ccc(C)cc6)c6ccc(C)cc6)cc5)s4)ccc2-3)sc1C=C(C#N)C#N,False
O=S(=O)(C#CC(=Cc1ccccc1)c1ccccc1)c1ccccc1,samples_by_epoch/samples_epoch_000.csv,45,O=S(=O)(C#CC(=Cc1ccccc1)c1ccccc1)c1ccccc1,True,0,generated,0.4146341463414634,N#C/C(=C\c1ccc(C=C(c2ccccc2)c2ccccc2)cc1)c1ccccc1,False
CC1Cc2cccc(S(=O)(=O)O)c2N1CC1CCCCC1,samples_by_epoch/samples_epoch_000.csv,46,CC1Cc2cccc(S(=O)(=O)O)c2N1CC1CCCCC1,True,0,generated,0.22641509433962265,O=S(=O)([O-])c1cccc2c(O)cccc12,False
O=C(NCCCN1CCN(c2ccccc2)CC1)c1cccc(-n2ncc(-c3ccccc3)n2)c1,samples_by_epoch/samples_epoch_000.csv,47,O=C(NCCCN1CCN(c2ccccc2)CC1)c1cccc(-n2ncc(-c3ccccc3)n2)c1,True,0,generated,0.45,O=C(c1ccccc1)c1ccc(-n2ncc(-c3ccccc3)n2)cc1,False
N#CC(=Cc1ccc(-n2c3ccccc3c3cc(N4c5ccccc5Sc5ccccc54)ccc32)s1)C(=O)O,samples_by_epoch/samples_epoch_000.csv,48,N#CC(=Cc1ccc(-n2c3ccccc3c3cc(N4c5ccccc5Sc5ccccc54)ccc32)s1)C(=O)O,True,0,generated,0.6825396825396826,N#C/C(=C\c1ccc(-c2ccc(-c3ccc(-n4c5ccc(-n6c7ccccc7c7ccccc76)cc5c5cc(-n6c7ccccc7c7ccccc76)ccc54)s3)s2)s1)C(=O)O,False
CCOc1ccc(C2=C(c3ccccc3)OC(=O)C2=C(O)c2ccccc2)cc1,samples_by_epoch/samples_epoch_000.csv,49,CCOc1ccc(C2=C(c3ccccc3)OC(=O)C2=C(O)c2ccccc2)cc1,True,0,generated,0.34375,CCOc1ccc2c(-c3nc(-c4ccccc4)no3)cc(=O)oc2c1,False
CN(C)c1ccc2c(c1)C(=O)c1cc(C=C(C#N)C(=O)O)ccc1-2,samples_by_epoch/samples_epoch_000.csv,50,CN(C)c1ccc2c(c1)C(=O)c1cc(C=C(C#N)C(=O)O)ccc1-2,True,0,generated,0.5263157894736842,CN(C)c1ccc(C(=C2C=C(C(C)(C)C)C(=O)C(C(C)(C)C)=C2)c2ccc(C=C(C#N)C(=O)O)cc2)cc1,False
O=C(O)CCCN=C1C(=O)c2cc3cc4c(cc3c3cccc1c23)SCC(=O)N4,samples_by_epoch/samples_epoch_000.csv,51,O=C(O)CCCN=C1C(=O)c2cc3cc4c(cc3c3cccc1c23)SCC(=O)N4,True,0,generated,0.30303030303030304,O=C(O)CCCc1ccc2ccc3cccc4ccc1c2c34,False
CN(C)c1ccc(C=Nc2ccc(O)cc2)cc1,samples_by_epoch/samples_epoch_000.csv,52,CN(C)c1ccc(C=Nc2ccc(O)cc2)cc1,True,0,generated,0.6666666666666666,CN(C)c1ccc(C=Nc2ccc(C(=O)O)cc2)cc1,False
COc1ccc(C(=O)C=Cc2c(C)nn(-c3ccccc3)c2C)cc1,samples_by_epoch/samples_epoch_000.csv,53,COc1ccc(C(=O)C=Cc2c(C)nn(-c3ccccc3)c2C)cc1,True,0,generated,0.36666666666666664,COc1ccc(-n2nc(C(=O)c3ccccc3)c(-c3ccccc3)n2)cc1,False
CN(C)Cc1ccc(C=CC(=O)c2ccc(NC(=O)c3c(F)cccc3F)cc2)s1,samples_by_epoch/samples_epoch_000.csv,54,CN(C)Cc1ccc(C=CC(=O)c2ccc(NC(=O)c3c(F)cccc3F)cc2)s1,True,0,generated,0.5625,CN(CCO)c1ccc(/C=C/C(=O)c2ccc(NC(=O)c3c(F)cccc3F)cc2)cc1,False
CN(CCO)c1ccc(C=Cc2nc3ccccc3c3c2c2ccccc2n3C)cc1,samples_by_epoch/samples_epoch_000.csv,55,CN(CCO)c1ccc(C=Cc2nc3ccccc3c3c2c2ccccc2n3C)cc1,True,0,generated,0.4166666666666667,CN(C)c1ccc(/C=C/c2nc(/C=C/c3ccc(N(C)C)cc3)c3ccccc3n2)cc1,False
COc1ccc(C(=O)N2CCC3(CC2)CC(=O)c2cc(C(C)=O)ccc2O3)cc1OC,samples_by_epoch/samples_epoch_000.csv,56,COc1ccc(C(=O)N2CCC3(CC2)CC(=O)c2cc(C(C)=O)ccc2O3)cc1OC,True,0,generated,0.29310344827586204,COc1cc(C(=O)O)ccc1O,False
COc1cc(OC)c2c(c1)[nH]c1ccccc12,samples_by_epoch/samples_epoch_000.csv,57,COc1cc(OC)c2c(c1)[nH]c1ccccc12,True,0,generated,0.4666666666666667,COc1cc(OC)c2c3c([nH]c2c1)C(=O)CCC3,False
COc1ccc(-c2nc3ccccc3c3c2nnn3-c2ccc(OC)cc2)cc1,samples_by_epoch/samples_epoch_000.csv,58,COc1ccc(-c2nc3ccccc3c3c2nnn3-c2ccc(OC)cc2)cc1,True,0,generated,0.5357142857142857,COc1ccc(-n2c3c4ccccc4nc(-c4ccc(C#N)cc4)c3c3c2c2c(-c4ccc(C#N)cc4)nc4ccccc4c2n3-c2ccc(OC)cc2)cc1,False
CCCc1ccccc1Nc1ccccc1,samples_by_epoch/samples_epoch_000.csv,59,CCCc1ccccc1Nc1ccccc1,True,0,generated,0.4117647058823529,O=C(O)c1ccccc1Nc1ccccc1,False
COC(=O)c1cccc2cc(-c3ccc(OC)cc3)nn12,samples_by_epoch/samples_epoch_000.csv,60,COC(=O)c1cccc2cc(-c3ccc(OC)cc3)nn12,True,0,generated,0.43636363636363634,COC(=O)c1ccn2cc(-c3ccc(OC)cc3)nc2c1,False
N#CC(=Cc1ccc(-c2ccc(-c3cc(-c4ccccc4)n(-c4ccccc4)n3)cc2)cc1)C(=O)O,samples_by_epoch/samples_epoch_000.csv,61,N#CC(=Cc1ccc(-c2ccc(-c3cc(-c4ccccc4)n(-c4ccccc4)n3)cc2)cc1)C(=O)O,True,0,generated,0.5263157894736842,N#C/C(=C\c1ccc(-c2cc3c4ccccc4n4c5ccccc5c(c2)c34)cc1)C(=O)O,False
COc1cc(C(=O)Nc2ccc(F)cc2)cc(OC)c1OC,samples_by_epoch/samples_epoch_000.csv,62,COc1cc(C(=O)Nc2ccc(F)cc2)cc(OC)c1OC,True,0,generated,0.5,CN(C)c1ccc(C(=O)Nc2ccc(F)cc2)cc1,False
Cc1c(C)c2cc3ccccc3cc2[n+](C)c1C,samples_by_epoch/samples_epoch_000.csv,63,Cc1c(C)c2cc3ccccc3cc2[n+](C)c1C,True,0,generated,0.3793103448275862,Cc1cc2ccccc2cc1C,False
CC1(C)C=C(C=Cc2ccc(C#N)cc2)C(C)(C)C(N2c3ccccc3C(C)(C)c3ccccc32)=C1,samples_by_epoch/samples_epoch_000.csv,64,CC1(C)C=C(C=Cc2ccc(C#N)cc2)C(C)(C)C(N2c3ccccc3C(C)(C)c3ccccc32)=C1,True,0,generated,0.43137254901960786,CC1(C)c2ccccc2N(c2cc(C#N)c(C#N)cc2N2c3ccccc3C(C)(C)c3ccccc32)c2ccccc21,False
CCCCCCn1c2cc(C)c(C)cc2c2nc3ccccn3c21,samples_by_epoch/samples_epoch_000.csv,65,CCCCCCn1c2cc(C)c(C)cc2c2nc3ccccn3c21,True,0,generated,0.42592592592592593,CCCCCCCCCCCCCCCCn1c(-c2cc(-c3nc4ccccc4n3CCCCCCCCCCCCCCCC)cc(-c3nc4ccccc4n3CCCCCCCCCCCCCCCC)c2)nc2ccccc21,False
N#Cc1ccc(N2CCN(Cc3ccccc3)CC2)cc1,samples_by_epoch/samples_epoch_000.csv,66,N#Cc1ccc(N2CCN(Cc3ccccc3)CC2)cc1,True,0,generated,0.5476190476190477,CCN1CCN(c2ccc(/N=N/c3ccc(C#N)cc3)cc2)CC1,False
COc1ccc(N(c2ccc(OC)cc2)c2ccc(C=c3[nH]c(=Cc4ccccc4)s3)s2)cc1,samples_by_epoch/samples_epoch_000.csv,67,COc1ccc(N(c2ccc(OC)cc2)c2ccc(C=c3[nH]c(=Cc4ccccc4)s3)s2)cc1,True,0,generated,0.4418604651162791,COc1ccc(N(c2ccccc2)c2ccc(OC)cc2)cc1,False
COC(=O)C1=C2C(C(=O)ON2c2ccccc2)C(c2cccc3c2OCCCO3)=N1,samples_by_epoch/samples_epoch_000.csv,68,COC(=O)C1=C2C(C(=O)ON2c2ccccc2)C(c2cccc3c2OCCCO3)=N1,True,0,generated,0.352112676056338,COC(=O)c1cccc2c1C#Cc1c(N)cccc1OCCCO2,False
COc1ccc(-c2cc3ccc(Oc4ccccc4)cc3c3ccccc23)cc1,samples_by_epoch/samples_epoch_000.csv,69,COc1ccc(-c2cc3ccc(Oc4ccccc4)cc3c3ccccc23)cc1,True,0,generated,0.4634146341463415,COc1ccc(-c2c3ccccc3c(-c3ccc(OC)cc3)c3cc4ccccc4cc23)cc1,False
[NH2+]=c1cc(-c2ccccc2)[nH]c2c1ccc1ccccc12,samples_by_epoch/samples_epoch_000.csv,70,[NH2+]=c1cc(-c2ccccc2)[nH]c2c1ccc1ccccc12,True,0,generated,0.36363636363636365,c1ccc2c(c1)ccc1c3ccccc3ccc21,False
COC(=O)c1cc2c3c(c1)c(=O)c(C#N)c(C)n3COC2(C)C,samples_by_epoch/samples_epoch_000.csv,71,COC(=O)c1cc2c3c(c1)c(=O)c(C#N)c(C)n3COC2(C)C,True,0,generated,0.2916666666666667,COC(=O)c1ccc(/C=C2\C=C(c3ccc(C#N)cc3)OC2=O)cc1,False
CCN(CC)c1ccc2cc(C=CC3=CC(=O)c4ccccc4C3=O)c(=O)oc2c1,samples_by_epoch/samples_epoch_000.csv,72,CCN(CC)c1ccc2cc(C=CC3=CC(=O)c4ccccc4C3=O)c(=O)oc2c1,True,0,generated,0.6666666666666666,CCN(CC)c1ccc2cc(/C=C/c3ccccc3)c(=O)oc2c1,False
CCCNC1CCCCC1N1CCCCC1,samples_by_epoch/samples_epoch_000.csv,73,CCCNC1CCCCC1N1CCCCC1,True,0,generated,0.22413793103448276,CCCCCCCCc1nc2cnccn2c1NC1CCCCC1,False
N#CC(=Cc1ccc(C=Cc2ccc(N(c3ccccc3)c3ccc(-n4c5ccccc5c5ccccc54)cc3)cc2)cc1)C(=O)O,samples_by_epoch/samples_epoch_000.csv,74,N#CC(=Cc1ccc(C=Cc2ccc(N(c3ccccc3)c3ccc(-n4c5ccccc5c5ccccc54)cc3)cc2)cc1)C(=O)O,True,0,generated,0.8235294117647058,N#C/C(=C\c1ccc2c(c1)c1ccccc1n2-c1ccc(N(c2ccccc2)c2ccccc2)cc1)C(=O)O,False
CCN(CC)c1cc(-c2ccc3c(c2)NC2CCCC32)ccc1C=C(C#N)c1ccc(C=C(C#N)C(=O)O)s1,samples_by_epoch/samples_epoch_000.csv,75,CCN(CC)c1cc(-c2ccc3c(c2)NC2CCCC32)ccc1C=C(C#N)c1ccc(C=C(C#N)C(=O)O)s1,True,0,generated,0.4935064935064935,CCN(CC)c1ccc(C=C(C#N)c2ccc(C=C(C#N)C(=O)O)s2)cc1,False
O=Cc1cc2sccn2c1,samples_by_epoch/samples_epoch_000.csv,76,O=Cc1cc2sccn2c1,True,0,generated,0.28205128205128205,O=Cc1ccc(-c2cccs2)s1,False
CC(C)(C)c1ccc2c(c1)c1ccc(C(C)(C)C)cc1n2-c1ccc(-n2c3ccc(C#N)cc3c3cc(C(C)(C)C)ccc32)c(-n2c3ccccc3c3ccccc32)c1,samples_by_epoch/samples_epoch_000.csv,77,CC(C)(C)c1ccc2c(c1)c1ccc(C(C)(C)C)cc1n2-c1ccc(-n2c3ccc(C#N)cc3c3cc(C(C)(C)C)ccc32)c(-n2c3ccccc3c3ccccc32)c1,True,0,generated,0.5,CC(C)(C)c1ccc(-c2c(-c3ccc4c5ccccc5n(-c5ccccc5)c4c3)c(C#N)c(-c3ccc4c5ccccc5n(-c5ccccc5)c4c3)c(-c3ccc(C(C)(C)C)cc3)c2-c2ccc(C(C)(C)C)cc2)cc1,False
CN(C)c1ccc(-c2nnn(CC(=O)O)n2)cc1,samples_by_epoch/samples_epoch_000.csv,78,CN(C)c1ccc(-c2nnn(CC(=O)O)n2)cc1,True,0,generated,0.3870967741935484,CN(C)c1ccc(C(=Cc2ccc(-c3ccc(/C=C4\SC(=S)N(CC(=O)O)C4=O)cc3)cc2)c2ccc(N(C)C)cc2)cc1,False
CCCCn1c2ccccc2c2cc(C=Cc3ccccc3)ccc21,samples_by_epoch/samples_epoch_002.csv,0,CCCCn1c2ccccc2c2cc(C=Cc3ccccc3)ccc21,True,2,generated,0.6904761904761905,CCCCCCn1c2cc(/C=C/c3ccccc3)ccc2c2ccc(/C=C/c3ccccc3)cc21,False
CCCCCCCCNc1cccn2c(-c3cccc([N+](=O)[O-])c3)cnc12,samples_by_epoch/samples_epoch_002.csv,1,CCCCCCCCNc1cccn2c(-c3cccc([N+](=O)[O-])c3)cnc12,True,2,generated,0.3835616438356164,CCCCCCCCCCCCN1C(=O)c2ccc3c4c(-c5cccc([N+](=O)[O-])c5)cc5c6c(ccc(c7c(-c8cccc([N+](=O)[O-])c8)cc(c2c37)C1=O)c64)C(=O)N(CCCCCCCCCCCC)C5=O,False
Cc1ccc2nc3ccccc3c(-c3ccc4c(c3)OS(=O)(=O)O4)c2c1,samples_by_epoch/samples_epoch_002.csv,2,Cc1ccc2nc3ccccc3c(-c3ccc4c(c3)OS(=O)(=O)O4)c2c1,True,2,generated,0.4444444444444444,Cc1ccc2nc3cc4c(cc3c(-c3ccccc3)c2c1)[Si](C)(C)O[Si]4(C)C,False
O=c1c2ccccc2oc(-c2ccccc2)[n+]1-c1cccc([N+](=O)[O-])c1,samples_by_epoch/samples_epoch_002.csv,3,O=c1c2ccccc2oc(-c2ccccc2)[n+]1-c1cccc([N+](=O)[O-])c1,True,2,generated,0.36363636363636365,O=c1oc2ccccc2cc1-c1ccc([N+](=O)[O-])cc1,False
CN(C(=O)C=Cc1ccc([N+](=O)[O-])cc1)c1ccc(C=C2CCc3ccccc32)cc1,samples_by_epoch/samples_epoch_002.csv,4,CN(C(=O)C=Cc1ccc([N+](=O)[O-])cc1)c1ccc(C=C2CCc3ccccc32)cc1,True,2,generated,0.42592592592592593,CN(C)c1ccc(C=Cc2ccc([N+](=O)[O-])cc2)cc1,False
CCCCOc1ccc(Br)c(N(c2ccc(C)cc2)c2ccc(-c3ccc4cc5c(CC)c(Br)sc5cc4c3)cc2C)c1,samples_by_epoch/samples_epoch_002.csv,5,CCCCOc1ccc(Br)c(N(c2ccc(C)cc2)c2ccc(-c3ccc4cc5c(CC)c(Br)sc5cc4c3)cc2C)c1,True,2,generated,0.32894736842105265,CCCCOc1ccc2cc(-c3ccc(C)cc3)c(=O)oc2c1,False
CCCCN(CCCC)c1cc2c(cc1[N+](=O)[O-])CCC[N+]2(CCCC)CCCC,samples_by_epoch/samples_epoch_002.csv,6,CCCCN(CCCC)c1cc2c(cc1[N+](=O)[O-])CCC[N+]2(CCCC)CCCC,True,2,generated,0.3333333333333333,CCCCN(CCCC)c1ccc(C#Cc2cc(C#Cc3ccc(N(CCCC)CCCC)cc3)c(C#Cc3ccc([N+](=O)[O-])cc3)cc2C#Cc2ccc([N+](=O)[O-])cc2)cc1,False
CN(C)c1ccc2c3ccc(N(c4ccccc4)c4ccccc4)cc3n(C3=NC(C)(C)S(=O)(=O)c4cc(N(c5ccccc5)c5ccccc5)ccc43)c2c1,samples_by_epoch/samples_epoch_002.csv,7,CN(C)c1ccc2c3ccc(N(c4ccccc4)c4ccccc4)cc3n(C3=NC(C)(C)S(=O)(=O)c4cc(N(c5ccccc5)c5ccccc5)ccc43)c2c1,True,2,generated,0.36507936507936506,O=S1(=O)C2=C(c3ccc(N(c4ccccc4)c4ccccc4)cc31)C1(C3=C(c4ccccc41)S(=O)(=O)c1cc(N(c4ccccc4)c4ccccc4)ccc13)c1ccccc12,False
O=C(Nc1ccc(-c2nc3c(=O)n4c(nc3s2)CCC4)cc1)c1ccc(Cl)cc1,samples_by_epoch/samples_epoch_002.csv,8,O=C(Nc1ccc(-c2nc3c(=O)n4c(nc3s2)CCC4)cc1)c1ccc(Cl)cc1,True,2,generated,0.375,CN(C)c1ccc2nc(-c3ccc(C(=O)Nc4ccccc4)cc3)sc2c1,False
COC(=O)C(C)n1c(-c2ccc(C)cc2)c(-c2ccc(OC)c(OC)c2)c2cccc(OC)c21,samples_by_epoch/samples_epoch_002.csv,9,COC(=O)C(C)n1c(-c2ccc(C)cc2)c(-c2ccc(OC)c(OC)c2)c2cccc(OC)c21,True,2,generated,0.34328358208955223,COc1ccc(-c2oc3cccc4c5c(-c6ccc(OC)c(OC)c6)c(=N)oc6cccc(c2c34)c65)cc1OC,False
COc1ccc(OC)c(C=NNC(=O)CC(=O)NN=Cc2ccc(Cl)cc2)c1,samples_by_epoch/samples_epoch_002.csv,10,COc1ccc(OC)c(C=NNC(=O)CC(=O)NN=Cc2ccc(Cl)cc2)c1,True,2,generated,0.4166666666666667,COc1ccc(OC)c(C=O)c1,False
Cc1c(-c2cc3ccccc3o2)c2ccc(O)cc2oc1=O,samples_by_epoch/samples_epoch_002.csv,11,Cc1c(-c2cc3ccccc3o2)c2ccc(O)cc2oc1=O,True,2,generated,0.5,O=c1oc2ccccc2c2c1c(=O)oc1cc(O)ccc12,False
CCCCCCc1sc2c3c(ccc2c1-c1ccccc1)-c1ccc(N)cc1C3=O,samples_by_epoch/samples_epoch_002.csv,12,CCCCCCc1sc2c3c(ccc2c1-c1ccccc1)-c1ccc(N)cc1C3=O,True,2,generated,0.36538461538461536,Nc1ccc2c(c1)C(=O)c1ccccc1-2,False
CCCCCCN1c2ccccc2C(C)(C)C1C=CC=CCc1cc(OC)ccc1OC,samples_by_epoch/samples_epoch_002.csv,13,CCCCCCN1c2ccccc2C(C)(C)C1C=CC=CCc1cc(OC)ccc1OC,True,2,generated,0.3076923076923077,CCCCCCCCCCCCN1/C(=C/c2c(O)c(=O)c2=O)C(C)(C)c2ccccc21,False
COC(=O)c1cc2nccc(C)c2s1,samples_by_epoch/samples_epoch_002.csv,14,COC(=O)c1cc2nccc(C)c2s1,True,2,generated,0.3953488372093023,COC(=O)c1ccnc(N)c1,False
CCCCCCn1cnn(-c2ccc3c(c2)c2ccccc2n3CC(CC)CCCC)c1=O,samples_by_epoch/samples_epoch_002.csv,15,CCCCCCn1cnn(-c2ccc3c(c2)c2ccccc2n3CC(CC)CCCC)c1=O,True,2,generated,0.532258064516129,CCCCC(CC)Cn1c2ccccc2c2ccc(-n3c4ccccc4c4ccccc43)cc21,False
N#CC(=Cc1ccc(C(C#N)=Cc2ccc(C=Cc3ccc(C=Cc4cccs4)cc3)s2)cc1C#N)C(=O)O,samples_by_epoch/samples_epoch_002.csv,16,N#CC(=Cc1ccc(C(C#N)=Cc2ccc(C=Cc3ccc(C=Cc4cccs4)cc3)s2)cc1C#N)C(=O)O,True,2,generated,0.49230769230769234,N#C/C(=C\c1ccc(/C=C/c2ccc(N(c3ccccc3)c3ccccc3)cc2)s1)C(=O)O,False
CC(C)(C)c1ccc2c(c1)c(Cl)c1ccccc1[n+]2[O-],samples_by_epoch/samples_epoch_002.csv,17,CC(C)(C)c1ccc2c(c1)c(Cl)c1ccccc1[n+]2[O-],True,2,generated,0.38461538461538464,CC(C)(C)c1ccc2c(c1)c(-c1ccccc1)c(-c1ccccc1)[n+]1c3ccccc3c(-c3ccccc3)c(-c3ccccc3)c21,False
c1ccc(-n2c3ccccc3c3ccccc32)c(-c2ccc(-n3c4ccccc4c4ccccc43)cc2)c1,samples_by_epoch/samples_epoch_002.csv,18,c1ccc(-n2c3ccccc3c3ccccc32)c(-c2ccc(-n3c4ccccc4c4ccccc43)cc2)c1,True,2,generated,0.59375,O=c1c2ccccc2n(-c2ccc(-c3ccc(-n4c5ccccc5c5ccccc54)cc3)cc2)c2ccccc12,False
CCCCCCCn1c2c3c4ccc4ccc4ccc=2c4c31,samples_by_epoch/samples_epoch_002.csv,19,CCCCCCCn1c2c3c4ccc4ccc4ccc=2c4c31,True,2,generated,0.4444444444444444,CCCCn1c2ccc3ccc4ccccc4c3c2c2c3c(ccc4ccccc43)ccc21,False
COc1cccc(-c2cc(Cc3ccc(-c4nc(C#Cc5ccc(C(C)(O)C(=O)O)cc5)c(C#N)c5ccccc45)cc3OC)cc(-n3ncc(-c4cc(C(C)(C)C)ccc4O)n3)c2)c1,samples_by_epoch/samples_epoch_002.csv,20,COc1cccc(-c2cc(Cc3ccc(-c4nc(C#Cc5ccc(C(C)(O)C(=O)O)cc5)c(C#N)c5ccccc45)cc3OC)cc(-n3ncc(-c4cc(C(C)(C)C)ccc4O)n3)c2)c1,True,2,generated,0.2912621359223301,COc1ccc(-c2cnn(-c3ccc(C#N)cc3)n2)cc1,False
CCOC(=O)C1OCCC1c1cc(C)n2c(=O)c(NC(=O)CC(C)=O)ccc2n1,samples_by_epoch/samples_epoch_002.csv,21,CCOC(=O)C1OCCC1c1cc(C)n2c(=O)c(NC(=O)CC(C)=O)ccc2n1,True,2,generated,0.25263157894736843,Cc1cccc2nc(-c3cc(=O)c(OCc4ccccc4)co3)c(NC3CCCCC3)n12,False
C=CC=CC#CCCSC,samples_by_epoch/samples_epoch_002.csv,22,C=CC=CC#CCCSC,True,2,generated,0.14285714285714285,CC#CCCCCC,False
Cc1ccc2oc3cc(C=C(C#N)COc4ccc(C(C)(C)C)cc4)cc4ccc1c2c43,samples_by_epoch/samples_epoch_002.csv,23,Cc1ccc2oc3cc(C=C(C#N)COc4ccc(C(C)(C)C)cc4)cc4ccc1c2c43,True,2,generated,0.3,COc1ccc2c(C=C(C#N)C#N)cc3ccc4cc(C=C(C#N)C#N)c5ccc(OC)cc5c4c3c2c1,False
COc1cc(-c2c([O-])[s+](C)c3ccccc23)ccc1-c1ccc(OC)c2cccc[n+]12,samples_by_epoch/samples_epoch_002.csv,24,COc1cc(-c2c([O-])[s+](C)c3ccccc23)ccc1-c1ccc(OC)c2cccc[n+]12,True,2,generated,0.2714285714285714,COc1ccc(-c2oc3cccc4c5c(-c6ccc(OC)c(OC)c6)c(=N)oc6cccc(c2c34)c65)cc1OC,False
CCN(CC)c1ccc2cc(-c3ccc(-c4ccc(C(=O)C=Cc5cnn(-c6ccccc6)c5)cc4)s3)oc2c1,samples_by_epoch/samples_epoch_002.csv,25,CCN(CC)c1ccc2cc(-c3ccc(-c4ccc(C(=O)C=Cc5cnn(-c6ccccc6)c5)cc4)s3)oc2c1,True,2,generated,0.4166666666666667,CCN(CC)c1ccc2cc(/C=C/c3ccc(N(c4ccc(/C=C/c5cc6ccc(N(CC)CC)cc6oc5=O)cc4)c4ccc(-c5ccc(-c6ccc(/C=C(\C#N)C(=O)O)s6)s5)cc4)cc3)c(=O)oc2c1,False
Nc1nc(-c2ccccc2)cc(-c2ccccc2)c1C#Cc1ccccc1,samples_by_epoch/samples_epoch_002.csv,26,Nc1nc(-c2ccccc2)cc(-c2ccccc2)c1C#Cc1ccccc1,True,2,generated,0.4418604651162791,C(#Cc1ccc(N(c2ccc(C#Cc3ccc(-c4cc(-c5ccccc5)nc(-c5ccccc5)c4)cc3)cc2)c2ccc(C#Cc3ccc(-c4cc(-c5ccccc5)nc(-c5ccccc5)c4)cc3)cc2)cc1)c1ccc(-c2cc(-c3ccccc3)nc(-c3ccccc3)c2)cc1,False
CCOC(=O)Cn1c(O)c(C(=Cc2cc(OC)ccc2OC)C(=O)OCC)c(=O)n(C)c1=O,samples_by_epoch/samples_epoch_002.csv,27,CCOC(=O)Cn1c(O)c(C(=Cc2cc(OC)ccc2OC)C(=O)OCC)c(=O)n(C)c1=O,True,2,generated,0.3333333333333333,COc1ccc(OC)c(C=O)c1,False
CCCCCCCCC1CCc2nc3c(nc2N1)c1c(c2ncccc23)C=Cc2cc-1ccc2C1CCC(CO)O1,samples_by_epoch/samples_epoch_002.csv,28,CCCCCCCCC1CCc2nc3c(nc2N1)c1c(c2ncccc23)C=Cc2cc-1ccc2C1CCC(CO)O1,True,2,generated,0.3010752688172043,CCCCCCCCn1c2ccccc2c2cc(-c3ccc(-c4ccc5c(c4)c4ccccc4n5CCCCCCCC)c4nc5c6cccnc6c6ncccc6c5nc34)ccc21,False
O=S(=O)(Cc1ccnc2ccccc12)c1ccccc1,samples_by_epoch/samples_epoch_002.csv,29,O=S(=O)(Cc1ccnc2ccccc12)c1ccccc1,True,2,generated,0.35555555555555557,C(=C\c1ccnc2ccccc12)/c1c2ccccc2cc2ccccc12,False
Cc1cc(C)c(O)c(-c2nccc3ccccc23)c1C,samples_by_epoch/samples_epoch_002.csv,30,Cc1cc(C)c(O)c(-c2nccc3ccccc23)c1C,True,2,generated,0.4883720930232558,c1ccc2cc(-c3c4ccccc4c(-c4nccc5ccccc45)c4ccccc34)ccc2c1,False
COc1ccc(-c2ccc(C=Cc3ccc(N(c4ccccc4)c4ccccc4)cc3)s2)cc1,samples_by_epoch/samples_epoch_002.csv,31,COc1ccc(-c2ccc(C=Cc3ccc(N(c4ccccc4)c4ccccc4)cc3)s2)cc1,True,2,generated,0.6363636363636364,COc1ccc(N(c2ccc(/C=C/c3ccc(N(c4ccc(OC)cc4)c4ccc(-c5ccc(/C=C(/C#N)C(=O)O)s5)cc4)cc3)cc2)c2ccc(-c3ccc(/C=C(/C#N)C(=O)O)s3)cc2)cc1,False
O=S(=O)(O)c1ccc(N2c3cccc4cccc(c34)C3CCCC32)cc1,samples_by_epoch/samples_epoch_002.csv,32,O=S(=O)(O)c1ccc(N2c3cccc4cccc(c34)C3CCCC32)cc1,True,2,generated,0.3333333333333333,Cc1ccc(N2c3ccc(/C=C(\C#N)C(=O)O)cc3[C@@H]3CCC[C@H]32)cc1,False
O=C(O)CCCCCN(CCOCCC(=O)O)CCC(=O)O,samples_by_epoch/samples_epoch_002.csv,33,O=C(O)CCCCCN(CCOCCC(=O)O)CCC(=O)O,True,2,generated,0.2857142857142857,CC/C=C/C=C/C=C/C=C/CCCCCCCC(=O)O,False
CC(=O)c1ccc(-c2cccc3c2c2ccccc2n3-c2ccc(C(F)(F)F)cc2)cc1,samples_by_epoch/samples_epoch_002.csv,34,CC(=O)c1ccc(-c2cccc3c2c2ccccc2n3-c2ccc(C(F)(F)F)cc2)cc1,True,2,generated,0.4426229508196721,O=C(O)/C=C/c1ccc2c(c1)c1ccccc1n2-c1ccc(C(F)(F)F)cc1,False
CN(C)c1cccc(CC(N)=S)c1,samples_by_epoch/samples_epoch_002.csv,35,CN(C)c1cccc(CC(N)=S)c1,True,2,generated,0.38095238095238093,CCOC(=O)c1cccc(N(C)C)c1,False
c1ccc(N(c2ccccc2)C2CCCCC2)cc1,samples_by_epoch/samples_epoch_002.csv,36,c1ccc(N(c2ccccc2)C2CCCCC2)cc1,True,2,generated,0.34615384615384615,CN(C)c1ccccc1,False
CC(C)(C(=O)O)c1cc2ccc3cccc4ccc(c1)c2c34,samples_by_epoch/samples_epoch_002.csv,37,CC(C)(C(=O)O)c1cc2ccc3cccc4ccc(c1)c2c34,True,2,generated,0.4722222222222222,CC(=O)Nc1cc2ccc3cccc4ccc(c1)c2c34,False
CCC=C(C)C(=O)NCc1ccc(C(=O)N(CCNC(=O)c2ccccc2Nc2ccc(F)c(Cl)c2)N(C)C)cc1,samples_by_epoch/samples_epoch_002.csv,38,CCC=C(C)C(=O)NCc1ccc(C(=O)N(CCNC(=O)c2ccccc2Nc2ccc(F)c(Cl)c2)N(C)C)cc1,True,2,generated,0.2978723404255319,CN(CCO)c1ccc(/C=C/C(=O)c2ccc(NC(=O)c3ccc(F)c(Cl)c3)cc2)cc1,False
CN(C)c1ccc(C(=Cc2cccc(-c3ccc(-c4ccc(C=C(C#N)C(=O)O)s4)s3)c2)c2ccc(O)cc2)cc1,samples_by_epoch/samples_epoch_002.csv,39,CN(C)c1ccc(C(=Cc2cccc(-c3ccc(-c4ccc(C=C(C#N)C(=O)O)s4)s3)c2)c2ccc(O)cc2)cc1,True,2,generated,0.696969696969697,CN(C)c1ccc(C(=Cc2ccc(-c3ccc(N(c4ccccc4)c4ccc(-c5ccc(C=C(C#N)C(=O)O)s5)cc4)cc3)cc2)c2ccc(N(C)C)cc2)cc1,False
Cc1c2ccc(F)cc2c(-c2ccc(C=C(C#N)C(=O)O)s2)c2c1nc(C(C(=O)O)C(C)C)n2C,samples_by_epoch/samples_epoch_002.csv,40,Cc1c2ccc(F)cc2c(-c2ccc(C=C(C#N)C(=O)O)s2)c2c1nc(C(C(=O)O)C(C)C)n2C,True,2,generated,0.4691358024691358,CC(C)[Si](C#Cc1c2cc3ccccc3cc2c(-c2ccc(C=C(C#N)C(=O)O)s2)c2cc3ccccc3cc12)(C(C)C)C(C)C,False
COc1ccc(C=Cc2cc(OC)ccc2SC)cc1,samples_by_epoch/samples_epoch_002.csv,41,COc1ccc(C=Cc2cc(OC)ccc2SC)cc1,True,2,generated,0.5,COc1ccc(/C=C/c2ccccc2)cc1,False
CN(C)c1ccc(C=Nc2ccc(C(=O)O)cc2)cc1,samples_by_epoch/samples_epoch_002.csv,42,CN(C)c1ccc(C=Nc2ccc(C(=O)O)cc2)cc1,True,2,generated,1.0,CN(C)c1ccc(C=Nc2ccc(C(=O)O)cc2)cc1,True
CCCCC(CC)CN(c1nnc(-c2ccc(-c3ccc(C=O)s3)s2)o1)c1ccc(-c2cnc(-c3ccc(N(c4ccccc4)c4ccccc4)cc3)s2)cc1C=C(C#N)C(=O)O,samples_by_epoch/samples_epoch_002.csv,43,CCCCC(CC)CN(c1nnc(-c2ccc(-c3ccc(C=O)s3)s2)o1)c1ccc(-c2cnc(-c3ccc(N(c4ccccc4)c4ccccc4)cc3)s2)cc1C=C(C#N)C(=O)O,True,2,generated,0.4857142857142857,CCCCC(CC)Cn1nc2c3cc(-c4ccc(N(c5ccccc5)c5ccccc5)cc4)sc3c3sc(-c4ccc(/C=C(/C#N)C(=O)O)s4)cc3c2n1,False
COc1onc(-c2ccccc2C)c1C#N,samples_by_epoch/samples_epoch_002.csv,44,COc1onc(-c2ccccc2C)c1C#N,True,2,generated,0.34285714285714286,Cc1ccccc1-c1ccccc1C,False
O=C(O)C=Cc1ccc2cc(N=Nc3ccccc3O)ccc2c1,samples_by_epoch/samples_epoch_002.csv,45,O=C(O)C=Cc1ccc2cc(N=Nc3ccccc3O)ccc2c1,True,2,generated,0.40816326530612246,COc1cc(/C=C/C(=O)O)ccc1O,False
COc1ccc(C=Cc2ccc(N(c3ccccc3)c3ccccc3)c(F)c2)cc1,samples_by_epoch/samples_epoch_002.csv,46,COc1ccc(C=Cc2ccc(N(c3ccccc3)c3ccccc3)c(F)c2)cc1,True,2,generated,0.5416666666666666,COc1ccc(/C=C/c2cc(/C=C/c3ccc(OC)cc3)nc(/C=C/c3ccc(N(c4ccccc4)c4ccccc4)cc3)n2)cc1,False
CCCNC(c1ccc(Br)s1)C(OCC)OCC,samples_by_epoch/samples_epoch_002.csv,47,CCCNC(c1ccc(Br)s1)C(OCC)OCC,True,2,generated,0.21212121212121213,CCCCn1c(-c2ccc(Br)s2)nc2c3cccnc3c3ncccc3c21,False
O=C(O)c1ccc(-c2ccc(CCCC(O)C3CCOC3)cn2)cc1,samples_by_epoch/samples_epoch_002.csv,48,O=C(O)c1ccc(-c2ccc(CCCC(O)C3CCOC3)cn2)cc1,True,2,generated,0.2835820895522388,O=C(O)c1ccc(-c2cnc(-c3ccc(N(c4ccccc4)c4ccccc4)cc3)s2)cc1,False
COc1ccc(N2C(=O)C(=Cc3ccc(OC)c(OC)c3)NC2=S)cc1,samples_by_epoch/samples_epoch_002.csv,49,COc1ccc(N2C(=O)C(=Cc3ccc(OC)c(OC)c3)NC2=S)cc1,True,2,generated,0.35714285714285715,COc1ccc(/C=c2\o/c(=C\c3ccccc3)c3ccccc23)cc1OC,False
CCOC(=O)c1cnc(C)nc1N,samples_by_epoch/samples_epoch_002.csv,50,CCOC(=O)c1cnc(C)nc1N,True,2,generated,0.425531914893617,CCOC(=O)c1cc(C(=O)OCC)c2cc(N)ccc2n1,False
O=C(O)c1ccc(C=Cc2ccc(N3C(=O)C=CC3=O)cc2)c([N+](=O)[O-])c1,samples_by_epoch/samples_epoch_002.csv,51,O=C(O)c1ccc(C=Cc2ccc(N3C(=O)C=CC3=O)cc2)c([N+](=O)[O-])c1,True,2,generated,0.3448275862068966,N#CC(=Cc1ccc(C(=O)O)cc1)c1ccc([N+](=O)[O-])cc1,False
CCn1nc(-c2ccc(Cl)cc2)c2cccnc21,samples_by_epoch/samples_epoch_002.csv,52,CCn1nc(-c2ccc(Cl)cc2)c2cccnc21,True,2,generated,0.3469387755102041,Clc1ccc(-c2nc3ncccn3n2)cc1,False
CCN(C)c1ccc2cc3ccc(=[N+](C)C)cc-3oc2c1,samples_by_epoch/samples_epoch_002.csv,53,CCN(C)c1ccc2cc3ccc(=[N+](C)C)cc-3oc2c1,True,2,generated,0.7560975609756098,CN(C)c1ccc2cc3ccc(=[N+](C)C)cc-3oc2c1,False
C(=Cc1nc2ccc3ccccc3c2[nH]1)c1ccc(N(c2ccccc2)c2ccccc2)cc1,samples_by_epoch/samples_epoch_002.csv,54,C(=Cc1nc2ccc3ccccc3c2[nH]1)c1ccc(N(c2ccccc2)c2ccccc2)cc1,True,2,generated,0.5319148936170213,C(=C\c1nccc2ccccc12)/c1ccc(N(c2ccccc2)c2ccccc2)cc1,False
CCCCCCCCCCN(CCC=Cc1ccc(C=Cc2ccc(C(F)(F)F)cc2)cc1)Cc1ccccn1,samples_by_epoch/samples_epoch_002.csv,55,CCCCCCCCCCN(CCC=Cc1ccc(C=Cc2ccc(C(F)(F)F)cc2)cc1)Cc1ccccn1,True,2,generated,0.3548387096774194,CCCCCCN(CCCCCC)c1ccc(C#Cc2ccc(C(F)(F)F)cc2)cc1,False
CC(C)(C#N)c1c2c3ccccc3n1c1c(-c3cccnc3)c3nsnc3c(-c3ccc(C=C(C#N)C(=O)O)s3)c21,samples_by_epoch/samples_epoch_002.csv,56,CC(C)(C#N)c1c2c3ccccc3n1c1c(-c3cccnc3)c3nsnc3c(-c3ccc(C=C(C#N)C(=O)O)s3)c21,True,2,generated,0.4880952380952381,N#C/C(=C\c1ccc(-c2c3ccccc3c(-c3ccc(N(c4ccccc4)c4ccccc4)cc3)c3nsnc23)s1)C(=O)O,False
CC1(C)c2cc(-c3ccc(-c4ccncc4)cc3)ccc2-c2nc(-c3ccc4ccccc4c3)ccc2-c2nc(-c3ccn4ccccc34)ccc21,samples_by_epoch/samples_epoch_002.csv,57,CC1(C)c2cc(-c3ccc(-c4ccncc4)cc3)ccc2-c2nc(-c3ccc4ccccc4c3)ccc2-c2nc(-c3ccn4ccccc34)ccc21,True,2,generated,0.39436619718309857,CCn1c(-c2ccc(-c3ccc4c(c3)C(C)(C)c3ccccc3-4)cc2)c(-c2ccc3ccccc3c2)c(-c2ccc3ccccc3c2)c1-c1ccc(-c2ccc3c(c2)C(C)(C)c2ccccc2-3)cc1,False
COc1ccc(N(c2ccc(C=O)cc2)c2ccc(C=Cc3ccc(CC(C)=O)s3)cc2)cc1,samples_by_epoch/samples_epoch_002.csv,58,COc1ccc(N(c2ccc(C=O)cc2)c2ccc(C=Cc3ccc(CC(C)=O)s3)cc2)cc1,True,2,generated,0.47368421052631576,COc1ccc(N(c2ccc(/C=C/c3cc[n+](CC(=O)O)cc3)cc2)c2ccc(OC)cc2)cc1,False
O=[N+]([O-])c1ccc(C=Cc2ccncc2)cc1,samples_by_epoch/samples_epoch_002.csv,59,O=[N+]([O-])c1ccc(C=Cc2ccncc2)cc1,True,2,generated,0.5757575757575758,CN(C)c1ccc(C=Cc2ccc([N+](=O)[O-])cc2)cc1,False
c1ccc2cc3ccccc3cc2c1,samples_by_epoch/samples_epoch_002.csv,60,c1ccc2cc3ccccc3cc2c1,True,2,generated,1.0,c1ccc2cc3ccccc3cc2c1,True
Cc1cc2c(cc1-c1cc3ccccc3n1C)c(=O)c1ccccc1n2C,samples_by_epoch/samples_epoch_002.csv,61,Cc1cc2c(cc1-c1cc3ccccc3n1C)c(=O)c1ccccc1n2C,True,2,generated,0.3958333333333333,Cc1cc2ccccc2c2c1c1ccccc1n2C,False
CCCC1(F)C=CN(O)CC1,samples_by_epoch/samples_epoch_002.csv,62,CCCC1(F)C=CN(O)CC1,True,2,generated,0.2,CCCC1(CCC)c2ccccc2-c2ccccc21,False
CCCCCCc1cc(-c2ccc(C=C(C#N)C(=O)O)s2)sc1-c1ccc(N(c2ccc(C=C(C#N)C(=O)O)cc2)c2ccc(N(c3ccccc3)c3ccccc3)cc2)cc1,samples_by_epoch/samples_epoch_002.csv,63,CCCCCCc1cc(-c2ccc(C=C(C#N)C(=O)O)s2)sc1-c1ccc(N(c2ccc(C=C(C#N)C(=O)O)cc2)c2ccc(N(c3ccccc3)c3ccccc3)cc2)cc1,True,2,generated,0.8181818181818182,CCCCCCCCCCCCc1cc(-c2ccc(N(c3ccccc3)c3ccccc3)cc2)sc1-c1ccc(/C=C(\C#N)C(=O)O)s1,False
CN(C)c1ccccc1N=Nc1cc(O)c(N=Nc2ccc([N+](=O)[O-])cc2[N+](=O)[O-])cc1[N+](=O)[O-],samples_by_epoch/samples_epoch_002.csv,64,CN(C)c1ccccc1N=Nc1cc(O)c(N=Nc2ccc([N+](=O)[O-])cc2[N+](=O)[O-])cc1[N+](=O)[O-],True,2,generated,0.3709677419354839,CN(C)CCN(Cc1c2ccccc2c(CN(CCN(C)C)c2ccc([N+](=O)[O-])cc2[N+](=O)[O-])c2ccccc12)c1ccc([N+](=O)[O-])cc1[N+](=O)[O-],False
N#Cc1ccc(-c2ccc(-c3cnc4c5ccccc5c5ccccc5n34)cc2I)cc1,samples_by_epoch/samples_epoch_002.csv,65,N#Cc1ccc(-c2ccc(-c3cnc4c5ccccc5c5ccccc5n34)cc2I)cc1,True,2,generated,0.5094339622641509,N#Cc1ccc(-c2nc3c4ccccc4c4cccc2n43)cc1,False
CC(C)(C)OC(=O)Nc1c(-c2cccnc2)noc1C(C)(C)C,samples_by_epoch/samples_epoch_002.csv,66,CC(C)(C)OC(=O)Nc1c(-c2cccnc2)noc1C(C)(C)C,True,2,generated,0.2894736842105263,COC(=O)C(Cc1ccc2oc(-c3ccncc3)nc2c1)NC(=O)OC(C)(C)C,False
N#Cc1c(NCC2CCCO2)oc2ccccc12,samples_by_epoch/samples_epoch_002.csv,67,N#Cc1c(NCC2CCCO2)oc2ccccc12,True,2,generated,0.3333333333333333,N#Cc1c(C#N)c2ccccc2c2ccccc12,False
CN(C)c1ccc(C#Cc2ccc(C#Cc3nc(C#N)c(C=C(C#N)C(=O)O)s3)cc2)cc1,samples_by_epoch/samples_epoch_002.csv,68,CN(C)c1ccc(C#Cc2ccc(C#Cc3nc(C#N)c(C=C(C#N)C(=O)O)s3)cc2)cc1,True,2,generated,0.5892857142857143,CN(C)c1ccc(C#Cc2ccc(/C=C(\C#N)C(=O)O)s2)cc1,False
COC(=O)c1cc(C(=O)O)ccc1-n1c2ccccc2c2ccccc21,samples_by_epoch/samples_epoch_002.csv,69,COC(=O)c1cc(C(=O)O)ccc1-n1c2ccccc2c2ccccc21,True,2,generated,0.4423076923076923,O=C(c1ccncc1)c1cc(-n2c3ccccc3c3ccccc32)ccc1-n1c2ccccc2c2ccccc21,False
CCCCc1ccc(N=Cc2ccc(C(=CC=C3N(CCCC)c4ccccc4C3(C)C)c3ccc(NCC)cc3)cc2)cc1,samples_by_epoch/samples_epoch_002.csv,70,CCCCc1ccc(N=Cc2ccc(C(=CC=C3N(CCCC)c4ccccc4C3(C)C)c3ccc(NCC)cc3)cc2)cc1,True,2,generated,0.3924050632911392,CCCCCCCCCCCCN1/C(=C/c2c(O)c(=O)c2=O)C(C)(C)c2ccccc21,False
Cc1ccc(-n2c3ccccc3c3cc(C#Cc4cccc(-n5c6c(c7ccccc75)CC(C)(C)C6)c4)ccc32)cc1,samples_by_epoch/samples_epoch_002.csv,71,Cc1ccc(-n2c3ccccc3c3cc(C#Cc4cccc(-n5c6c(c7ccccc75)CC(C)(C)C6)c4)ccc32)cc1,True,2,generated,0.5,C(#Cc1cccc(C#Cc2ccc(-n3c4ccccc4c4ccccc43)cc2)c1)c1ccc(-n2c3ccccc3c3ccccc32)cc1,False
CCCCCCCCCCCCCC(=O)OC(COCCC(C(=O)[O-])[N+](C)(C)C)COC(=O)CCCCCCCCCC,samples_by_epoch/samples_epoch_002.csv,72,CCCCCCCCCCCCCC(=O)OC(COCCC(C(=O)[O-])[N+](C)(C)C)COC(=O)CCCCCCCCCC,True,2,generated,0.2833333333333333,CCCCCCCC(=O)Oc1ccc2c3cccc4c(OC(=O)CCCCCCC)ccc(c5cccc1c52)c43,False
Cc1nc(S(C)(C)C)c2cnc3ccccc3c2n1,samples_by_epoch/samples_epoch_002.csv,73,Cc1nc(S(C)(C)C)c2cnc3ccccc3c2n1,True,2,generated,0.3125,C(=C\c1c2ccccc2cc2ccccc12)/c1cnc2ccccc2c1,False
O=C(O)CN1C(=O)C(=Cc2ccc([N+](=O)[O-])o2)N=C1C(=O)O,samples_by_epoch/samples_epoch_002.csv,74,O=C(O)CN1C(=O)C(=Cc2ccc([N+](=O)[O-])o2)N=C1C(=O)O,True,2,generated,0.3026315789473684,O=C(O)CN1C(=O)C(=Cc2ccc(-c3ccc4ccc5cccc6ccc3c4c56)o2)SC1=S,False
CCCCCCCCn1c2ccc(-c3ccc(C#N)cc3C#N)cc2c2ccc(C=Cc3ccc(C#N)cc3)cc21,samples_by_epoch/samples_epoch_002.csv,75,CCCCCCCCn1c2ccc(-c3ccc(C#N)cc3C#N)cc2c2ccc(C=Cc3ccc(C#N)cc3)cc21,True,2,generated,0.5344827586206896,CCCCCCn1c2cc(/C=C/c3ccccc3)ccc2c2ccc(/C=C/c3ccccc3)cc21,False
CCOC1OC(=O)C2CC3C(F)OC(O)C3OC2O1,samples_by_epoch/samples_epoch_002.csv,76,CCOC1OC(=O)C2CC3C(F)OC(O)C3OC2O1,True,2,generated,0.1791044776119403,CCN(CC)c1ccc2c(c1)OC(=O)[C@@H](C(=O)O)C2,False
Brc1ccc2c(c1)-c1c3n4ccccc4nc4nc(-c5ccccc5)c1c(c4-3)C=C2,samples_by_epoch/samples_epoch_002.csv,77,Brc1ccc2c(c1)-c1c3n4ccccc4nc4nc(-c5ccccc5)c1c(c4-3)C=C2,True,2,generated,0.32051282051282054,CC(C)(C)Nc1c(-c2nn(-c3ccccc3)c(-c3cccc(Br)c3)c2I)nc2ccccn12,False
COc1ccc(C=C(C#N)C#N)cc1N,samples_by_epoch/samples_epoch_002.csv,78,COc1ccc(C=C(C#N)C#N)cc1N,True,2,generated,0.46511627906976744,COc1cc(N(c2ccc(C=C(C#N)C#N)c(OC)c2)c2ccc(C=C(C#N)C#N)c(OC)c2)ccc1C=C(C#N)C#N,False
COC1=C(C=C2C(C)=C(C=CC=C3CCCOc4ccccc43)CC=[N+]2C=C2Oc3ccccc3N2C)C(C)(C)c2ccccc21,samples_by_epoch/samples_epoch_002.csv,79,COC1=C(C=C2C(C)=C(C=CC=C3CCCOc4ccccc43)CC=[N+]2C=C2Oc3ccccc3N2C)C(C)(C)c2ccccc21,True,2,generated,0.29591836734693877,CCCCN1/C(=C/C=C/C2=[N+](C)c3ccccc3C2(C)C)Oc2ccccc21,False
CN(c1ccc2c(c1)C(c1ccccc1)(c1ccccc1)c1ccccc1-2)c1sc(Cc2cn[nH]n2)nc1O,samples_by_epoch/samples_epoch_002.csv,80,CN(c1ccc2c(c1)C(c1ccccc1)(c1ccccc1)c1ccccc1-2)c1sc(Cc2cn[nH]n2)nc1O,True,2,generated,0.3,CCn1c(-c2ccc(-c3ccc4c(c3)C(c3ccccc3)(c3ccccc3)c3ccccc3-4)cc2)c(-c2ccc3ccccc3c2)c(-c2ccc3ccccc3c2)c1-c1ccc(-c2ccc3c(c2)C(c2ccccc2)(c2ccccc2)c2ccccc2-3)cc1,False
CN(C)c1ccc(-c2ccc3c(c2)C2=CC(=[NH2+])C=CC2=C3)cc1,samples_by_epoch/samples_epoch_002.csv,81,CN(C)c1ccc(-c2ccc3c(c2)C2=CC(=[NH2+])C=CC2=C3)cc1,True,2,generated,0.3333333333333333,CN(C)c1ccc2c(c1)C(C)(C)C1=CC(=[N+](C)C)C=CC1=C2,False
CNC(=O)C(C#N)=Cc1ccc(-c2ccc(-c3cc(-c4ccccc4O)nc4ccc(N5c6ccccc6C6C7CCN(CC7)C65)cc34)s2)s1,samples_by_epoch/samples_epoch_004.csv,0,CNC(=O)C(C#N)=Cc1ccc(-c2ccc(-c3cc(-c4ccccc4O)nc4ccc(N5c6ccccc6C6C7CCN(CC7)C65)cc34)s2)s1,True,4,generated,0.42574257425742573,N#C/C(=C\c1ccc(-c2cc3cc(-c4ccc(N5c6ccccc6C6C7CCC(C7)C65)cc4)sc3s2)s1)C(=O)O,False
C#CC1(O)OC(=C(C)C=CC2=Nc3ccc(N(CC)CC(=O)[O-])cc3C(C)(C)C2)C(C)=C1C,samples_by_epoch/samples_epoch_004.csv,1,C#CC1(O)OC(=C(C)C=CC2=Nc3ccc(N(CC)CC(=O)[O-])cc3C(C)(C)C2)C(C)=C1C,True,4,generated,0.25,CCN(CC)c1ccc(/C=C/C(=O)c2c(O)cc(C)oc2=O)cc1,False
CN1C(=O)Cc2ccccc21,samples_by_epoch/samples_epoch_004.csv,2,CN1C(=O)Cc2ccccc21,True,4,generated,0.5555555555555556,CN1c2ccccc2CCc2ccccc21,False
CCCCCCOc1cc(-c2sc(-c3ccc(-c4ccc5c(c4)Sc4ccccc4N5CCCCCC)s3)c3c2C(=C(C#N)C#N)CC3)sc1OCCCCCC,samples_by_epoch/samples_epoch_004.csv,3,CCCCCCOc1cc(-c2sc(-c3ccc(-c4ccc5c(c4)Sc4ccccc4N5CCCCCC)s3)c3c2C(=C(C#N)C#N)CC3)sc1OCCCCCC,True,4,generated,0.5,CCCCCCN1c2ccccc2Sc2cc(-c3ccc(-c4ccc(C=C(C#N)C(=O)O)s4)s3)ccc21,False
Cn1nnc2c3ccccc3c3ccccc3c21,samples_by_epoch/samples_epoch_004.csv,4,Cn1nnc2c3ccccc3c3ccccc3c21,True,4,generated,0.358974358974359,c1ccc(-c2nc3c4ccccc4c4ccccc4c3n2-c2ccccc2)cc1,False
O=C(O)c1ccc(O)cc1,samples_by_epoch/samples_epoch_004.csv,5,O=C(O)c1ccc(O)cc1,True,4,generated,0.5789473684210527,O=C(O)c1ccccc1,False
COC1(c2ccc3c4c(cnc3c2)CCC4)C=CC(O)C=C1,samples_by_epoch/samples_epoch_004.csv,6,COC1(c2ccc3c4c(cnc3c2)CCC4)C=CC(O)C=C1,True,4,generated,0.2727272727272727,COC(=O)c1c2c(cc3ccc(N(C)C)cc13)CCC2,False
CC(C)(C)c1ccccc1-n1c2ccccc2c2c3ccccc3c(-n3c4ccccc4c4cccc(C(C)(C)C)c43)cc21,samples_by_epoch/samples_epoch_004.csv,7,CC(C)(C)c1ccccc1-n1c2ccccc2c2c3ccccc3c(-n3c4ccccc4c4cccc(C(C)(C)C)c43)cc21,True,4,generated,0.4186046511627907,c1ccc2c(-n3c4ccccc4c4ccccc43)cccc2c1,False
Cn1c(C=C(C#N)C(=O)O)ccc1-c1ccc(C#N)cc1,samples_by_epoch/samples_epoch_004.csv,8,Cn1c(C=C(C#N)C(=O)O)ccc1-c1ccc(C#N)cc1,True,4,generated,0.5384615384615384,Cn1c(-c2ccc(/C=C(\C#N)C(=O)O)cc2)ccc1-c1ccc(N(c2ccccc2)c2ccccc2)cc1,False
CCCCCC1=CC(C(C)(C)CC)=C(NC(=O)OCC)CC1(C)O,samples_by_epoch/samples_epoch_004.csv,9,CCCCCC1=CC(C(C)(C)CC)=C(NC(=O)OCC)CC1(C)O,True,4,generated,0.24,CCCCCCCCCCc1csc(/C=N/c2sc(/N=C/c3cc(CCCCCCCCCC)cs3)c(C(=O)OCC)c2C(=O)OCC)c1,False
O=C1CC(c2ccccc2)c2ccc(N=Cc3ccccn3)cc2N1,samples_by_epoch/samples_epoch_004.csv,10,O=C1CC(c2ccccc2)c2ccc(N=Cc3ccccn3)cc2N1,True,4,generated,0.25,O=C1CC(=O)Nc2ccccc2N1,False
Cc1ccc(-c2ccc3c4cc(-n5c6ccccc6c6ccccc65)ccc4n(-c4ccc(C#N)cc4)c3c2)nc1,samples_by_epoch/samples_epoch_004.csv,11,Cc1ccc(-c2ccc3c4cc(-n5c6ccccc6c6ccccc65)ccc4n(-c4ccc(C#N)cc4)c3c2)nc1,True,4,generated,0.47540983606557374,CCn1c2ccccc2c2cc(-c3cc(-c4ccc5c(c4)c4ccccc4n5CC)nc(-c4ccc(C#N)cc4)n3)ccc21,False
COc1ccccc1-c1[nH]c(-c2ccc(C)o2)c2ccccc12,samples_by_epoch/samples_epoch_004.csv,12,COc1ccccc1-c1[nH]c(-c2ccc(C)o2)c2ccccc12,True,4,generated,0.3877551020408163,COc1ccccc1-c1nc2c3ccccc3c3ccccc3c2o1,False
CC=C1C=CC(CC)C2CCC3=C(C)C(=C1)C(O)C=CC1=C(C=C3CCN2)C(=O)OC1,samples_by_epoch/samples_epoch_004.csv,13,CC=C1C=CC(CC)C2CCC3=C(C)C(=C1)C(O)C=CC1=C(C=C3CCN2)C(=O)OC1,True,4,generated,0.16666666666666666,O=C1OCC2=C1C(c1ccccc1)c1cc3c(cc1N2CCO)CCC3,False
CN(C)c1ccc2c(c1)CCCc1c-2n(C(=O)OC(C)(C)C)c2cc(OCCCN3CCCCC3)ccc12,samples_by_epoch/samples_epoch_004.csv,14,CN(C)c1ccc2c(c1)CCCc1c-2n(C(=O)OC(C)(C)C)c2cc(OCCCN3CCCCC3)ccc12,True,4,generated,0.32051282051282054,CC(=O)c1c2c(cc3cc(N(C)C)ccc13)CCC2,False
CCCCCCCCn1c(=O)c2ccccc2c2cc(N=Cc3ccc(O)c4ccccc34)ccc21,samples_by_epoch/samples_epoch_004.csv,15,CCCCCCCCn1c(=O)c2ccccc2c2cc(N=Cc3ccc(O)c4ccccc34)ccc21,True,4,generated,0.4675324675324675,CCCCCCn1c2ccc(/C=N/c3ccc4c(c3)c3ccccc3n4CC)cc2c2cc(/C=C(\C#N)C(=O)O)ccc21,False
C(#Cc1c(OCc2ccccc2)ccc2c3ccccc3c3ccccc3c12)c1cccs1,samples_by_epoch/samples_epoch_004.csv,16,C(#Cc1c(OCc2ccccc2)ccc2c3ccccc3c3ccccc3c12)c1cccs1,True,4,generated,0.45,C(#Cc1c(C#Cc2cccs2)c(C#Cc2cccs2)c(C#Cc2cccs2)c(C#Cc2cccs2)c1C#Cc1cccs1)c1cccs1,False
COc1ccc(NCCNC(=O)OC(C)(C)C)cc1OC,samples_by_epoch/samples_epoch_004.csv,17,COc1ccc(NCCNC(=O)OC(C)(C)C)cc1OC,True,4,generated,0.35135135135135137,COc1ccccc1-c1c2c(n3ccc(C(C)=O)cc13)C(=O)N(CCNC(=O)OC(C)(C)C)C2,False
CCCCCCn1c2cc3sc4c(c3cc2n1-c1ccc2c(c1)Sc1cc(C=C(C#N)C(=O)O)ccc1N2CC)C=CC1=CC1=CC=C(C#N)S4,samples_by_epoch/samples_epoch_004.csv,18,CCCCCCn1c2cc3sc4c(c3cc2n1-c1ccc2c(c1)Sc1cc(C=C(C#N)C(=O)O)ccc1N2CC)C=CC1=CC1=CC=C(C#N)S4,True,4,generated,0.4803921568627451,CCCCCCN1c2ccc(/C=C(/C#N)C(=O)O)cc2Sc2cc(-n3c4ccc(C(C)(C)C)cc4c4cc(C(C)(C)C)ccc43)ccc21,False
N#Cc1c(-c2c(C#N)n(Cc3ccccc3)c3ccccc23)oc2ccccc12,samples_by_epoch/samples_epoch_004.csv,19,N#Cc1c(-c2c(C#N)n(Cc3ccccc3)c3ccccc23)oc2ccccc12,True,4,generated,0.34545454545454546,N#Cc1c(-n2c3ccccc3c3ccccc32)nc(-n2c3ccccc3c3ccccc32)c(C#N)c1-c1ccccc1,False
CCCCCCOc1ccc(N(c2ccc(C=CC(=O)c3ccc(NC(=O)c4cc5c(s4)C(c4cc(C)ccc4OC)=CCCCC5)cc3)cc2)c2ccc(OCCCCCC)cc2)cc1,samples_by_epoch/samples_epoch_004.csv,20,CCCCCCOc1ccc(N(c2ccc(C=CC(=O)c3ccc(NC(=O)c4cc5c(s4)C(c4cc(C)ccc4OC)=CCCCC5)cc3)cc2)c2ccc(OCCCCCC)cc2)cc1,True,4,generated,0.47368421052631576,CCCCCCCOc1ccc(C(=O)Nc2ccc(C(=O)/C=C/c3ccc(N(C)CCO)cc3)cc2)cc1,False
CCSCCNC(=O)c1ccc2ncc3c(c2c1)C(C)(CCCC[N+](CC)(CC)CC)N(CCCCCC(=O)O)C3=O,samples_by_epoch/samples_epoch_004.csv,21,CCSCCNC(=O)c1ccc2ncc3c(c2c1)C(C)(CCCC[N+](CC)(CC)CC)N(CCCCCC(=O)O)C3=O,True,4,generated,0.3047619047619048,CC1(C)C=C(CS(=O)(=O)O)c2cc3cc(C(=O)NCCCCCC(=O)O)c(=O)oc3cc2N1CCCS(=O)(=O)O,False
C[n+]1ccc2ccc3c(-c4ccccc4)ccc4ccc1c2c43,samples_by_epoch/samples_epoch_004.csv,22,C[n+]1ccc2ccc3c(-c4ccccc4)ccc4ccc1c2c43,True,4,generated,0.42105263157894735,c1cc(-c2ccc3ccc4c(-c5ccncc5)ccc5ccc2c3c54)ccn1,False
CCCCn1c2cc(-c3cc(C)ccc3C)c(C)cc2c2ccc(C)c(C)c21,samples_by_epoch/samples_epoch_004.csv,23,CCCCn1c2cc(-c3cc(C)ccc3C)c(C)cc2c2ccc(C)c(C)c21,True,4,generated,0.4230769230769231,CCCCn1c2ccc(-c3ccccc3)cc2c2ccc3c4cc(-c5ccccc5)ccc4n(CCCC)c3c21,False
COc1ccc(-c2c3ccc4ccc5c6c(cc2c3c46)CC5)cc1OC,samples_by_epoch/samples_epoch_004.csv,24,COc1ccc(-c2c3ccc4ccc5c6c(cc2c3c46)CC5)cc1OC,True,4,generated,0.3389830508474576,COc1ccc(-c2oc3cccc4c5c(-c6ccc(OC)c(OC)c6)c(=N)oc6cccc(c2c34)c65)cc1OC,False
CC(C)(C)C[n+]1ccc(-c2ccc(-c3ccc(Cl)cc3)o2)cc1,samples_by_epoch/samples_epoch_004.csv,25,CC(C)(C)C[n+]1ccc(-c2ccc(-c3ccc(Cl)cc3)o2)cc1,True,4,generated,0.29545454545454547,CC(C)(C)c1cc(C[n+]2ccc(-c3cc[n+](Cc4cc(C(C)(C)C)cc(C(C)(C)C)c4)cc3)cc2)cc(C(C)(C)C)c1,False
CCOc1cc(C=Cc2ccc(-n3ccc4ccc5c(c6cc7c(cc6n5C)n(C)c(=O)c(=O)n7-c5ccccc5)c43)cc2)ccc1OC,samples_by_epoch/samples_epoch_004.csv,26,CCOc1cc(C=Cc2ccc(-n3ccc4ccc5c(c6cc7c(cc6n5C)n(C)c(=O)c(=O)n7-c5ccccc5)c43)cc2)ccc1OC,True,4,generated,0.3372093023255814,CCn1c(=O)c2c(nc(/C=C/c3ccc(OC)c(OC)c3)n2C)n(CC)c1=O,False
CCCCCCC(C=c1ccc(=C(C#N)C#N)s1)=C(C#N)C#N,samples_by_epoch/samples_epoch_004.csv,27,CCCCCCC(C=c1ccc(=C(C#N)C#N)s1)=C(C#N)C#N,True,4,generated,0.3220338983050847,CCCCCCOc1cc(C=C2C(=C(C#N)C#N)c3ccccc3C2=C(C#N)C#N)c(OCCCCCC)cc1C=C1C(=C(C#N)C#N)c2ccccc2C1=C(C#N)C#N,False
COc1ccc(-c2cc(C=C(C#N)C(=O)O)c(-c3ccc(-c4ccc(N(c5ccccc5)c5ccccc5)cc4)s3)s2)cc1OC,samples_by_epoch/samples_epoch_004.csv,28,COc1ccc(-c2cc(C=C(C#N)C(=O)O)c(-c3ccc(-c4ccc(N(c5ccccc5)c5ccccc5)cc4)s3)s2)cc1OC,True,4,generated,0.5909090909090909,N#C/C(=C\c1cc(-c2ccc(-c3ccc(N(c4ccccc4)c4ccccc4)cc3)s2)c(-c2ccc(-c3ccc(N(c4ccccc4)c4ccccc4)cc3)s2)s1)C(=O)O,False
CCC(N)(c1ccccc1)c1ccccc1,samples_by_epoch/samples_epoch_004.csv,29,CCC(N)(c1ccccc1)c1ccccc1,True,4,generated,0.42857142857142855,CCC(C)(C)c1ccc(-c2ccc(-c3ccccc3)cc2)cc1,False
O=C(C=Cc1ccc([N+](=O)[O-])cc1)c1ccc(N2CCCCC2)cc1,samples_by_epoch/samples_epoch_004.csv,30,O=C(C=Cc1ccc([N+](=O)[O-])cc1)c1ccc(N2CCCCC2)cc1,True,4,generated,0.4444444444444444,CN(CCO)c1ccc(/C=C/C(=O)c2ccc(NC(=O)c3ccc([N+](=O)[O-])cc3)cc2)cc1,False
CCCCCCc1cc2c(c3c4ccccc4n(-c4ccccc4)c13)N(CCCCCC)c1ccc(-c3ccncc3)cc1S2,samples_by_epoch/samples_epoch_004.csv,31,CCCCCCc1cc2c(c3c4ccccc4n(-c4ccccc4)c13)N(CCCCCC)c1ccc(-c3ccncc3)cc1S2,True,4,generated,0.4642857142857143,CCCCCCCCN1c2ccc(-c3ccc4c(c3)C3(c5ccccc5-c5ccccc53)c3ccccc3-4)cc2Sc2cc(-c3ccc(-c4ccncc4)c4nsnc34)ccc21,False
CN1C(=O)C(C)(C)Oc2cc(C=Cc3ccc(C=C(C#N)C(N)=O)s3)ccc21,samples_by_epoch/samples_epoch_004.csv,32,CN1C(=O)C(C)(C)Oc2cc(C=Cc3ccc(C=C(C#N)C(N)=O)s3)ccc21,True,4,generated,0.4861111111111111,CC1CC(C)(C)N(C)c2ccc(/C=C/c3ccc(/C=C(\C#N)C(=O)O)s3)cc21,False
c1ccc(-c2c3ccccc3nc3c2sc2ccccc23)cc1,samples_by_epoch/samples_epoch_004.csv,33,c1ccc(-c2c3ccccc3nc3c2sc2ccccc23)cc1,True,4,generated,0.3695652173913043,c1ccc(-c2c3c(nc4ccccc24)-c2cc4c(cc2CC3)-c2nc3ccccc3c(-c3ccccc3)c2CC4)cc1,False
Cc1sc2nc(-c3ccc(N(C)C)cc3)cn2c1-c1ccc(F)cc1,samples_by_epoch/samples_epoch_004.csv,34,Cc1sc2nc(-c3ccc(N(C)C)cc3)cn2c1-c1ccc(F)cc1,True,4,generated,0.3404255319148936,CN(C)c1ccc(-c2cc(-c3ccc(N(C)C)cc3)ncn2)cc1,False
CCCCCCn1c2ccccc2c2ccc(-c3ccc(-c4cc5sc(-c6ccc(N(c7ccccc7)c7ccccc7)cc6)cc5o4)s3)cc21,samples_by_epoch/samples_epoch_004.csv,35,CCCCCCn1c2ccccc2c2ccc(-c3ccc(-c4cc5sc(-c6ccc(N(c7ccccc7)c7ccccc7)cc6)cc5o4)s3)cc21,True,4,generated,0.5797101449275363,CCCCn1c2cc(-c3ccc(-c4ccncc4)s3)ccc2c2ccc(N(c3ccccc3)c3ccccc3)cc21,False
CCc1ccc(-n2c(=O)c(-c3ccc(-n4c5ccccc5c5cc(C(F)(C(F)(F)F)C(F)(F)F)ccc54)cc3)nc3cc(-c4ccc(C(C)=O)cc4)ccc32)cc1,samples_by_epoch/samples_epoch_004.csv,36,CCc1ccc(-n2c(=O)c(-c3ccc(-n4c5ccccc5c5cc(C(F)(C(F)(F)F)C(F)(F)F)ccc54)cc3)nc3cc(-c4ccc(C(C)=O)cc4)ccc32)cc1,True,4,generated,0.4305555555555556,CCc1ccc(-c2nc(-c3ccc(-n4c5ccccc5c5ccccc54)cc3)cc(-c3ccc(-n4c5ccccc5c5ccccc54)cc3)n2)cc1,False
CCCCCCCCCCCCN(CCCCCCCCCCCC)c1cc(N2CCCCC2)ncn1,samples_by_epoch/samples_epoch_004.csv,37,CCCCCCCCCCCCN(CCCCCCCCCCCC)c1cc(N2CCCCC2)ncn1,True,4,generated,0.3125,CCCCCCCCN1C(=O)c2cc(N3CCCCC3)c3c4ccc5c6c(ccc(c7c(N8CCCCC8)cc(c2c37)C1=O)c64)C(=O)OC5=O,False
N#Cc1ccc(-c2nc3nc(C=Cc4ccc(-c5cc6ccccc6n5CCCCC(=O)O)cc4)ccc3nc2-c2ccccc2)cc1,samples_by_epoch/samples_epoch_004.csv,38,N#Cc1ccc(-c2nc3nc(C=Cc4ccc(-c5cc6ccccc6n5CCCCC(=O)O)cc4)ccc3nc2-c2ccccc2)cc1,True,4,generated,0.3333333333333333,CCCCN(CCCC)c1ccc2c(c1)oc1c3oc(-c4ccc(C#N)cc4)nc3c3c(c4ccccc4n3CCCCCC(=O)O)c21,False
O=C(O)c1ccc(N(c2ccccc2)c2ccccc2)cc1,samples_by_epoch/samples_epoch_004.csv,39,O=C(O)c1ccc(N(c2ccccc2)c2ccccc2)cc1,True,4,generated,0.7777777777777778,O=C(O)c1ccc(/C=C/c2ccc(N(c3ccccc3)c3ccccc3)cc2)cc1,False
CCCCCCCCc1ccc2ccc3c4ccc5c(c(c(-c6cccc7c(CCCCCC)c(CCCCCC)ccc67)n5CCCCCCCC)C=3)c1c2=C4,samples_by_epoch/samples_epoch_004.csv,40,CCCCCCCCc1ccc2ccc3c4ccc5c(c(c(-c6cccc7c(CCCCCC)c(CCCCCC)ccc67)n5CCCCCCCC)C=3)c1c2=C4,True,4,generated,0.3684210526315789,CCCCCCn1c2c(c3cc(-c4ccc5ccc6cccc7ccc4c5c67)ccc31)-c1c(c3cc(-c4ccc5ccc6cccc7ccc4c5c67)ccc3n1CCCCCC)-c1c(c3cc(-c4ccc5ccc6cccc7ccc4c5c67)ccc3n1CCCCCC)-c1c-2c2cc(-c3ccc4ccc5cccc6ccc3c4c56)ccc2n1CCCCCC,False
COC(=O)c1ccc(OC)cc1,samples_by_epoch/samples_epoch_004.csv,41,COC(=O)c1ccc(OC)cc1,True,4,generated,0.5238095238095238,COc1ccc(OC)cc1,False
COC(=O)C1C=C(c2ccccc2)C=CC1C(=C([O-])CCCCl)c1cccc([N+](=O)[O-])c1C,samples_by_epoch/samples_epoch_004.csv,42,COC(=O)C1C=C(c2ccccc2)C=CC1C(=C([O-])CCCCl)c1cccc([N+](=O)[O-])c1C,True,4,generated,0.24096385542168675,COc1ccc(/C=N/N=C/c2ccc(OC)cc2OCc2ccccc2[N+](=O)[O-])c(OCc2ccccc2[N+](=O)[O-])c1,False
C=C(C)C=Cc1c(F)cc(-c2ncc(-c3ccc(N(c4ccccc4)c4ccccc4)cc3)cn2)cc1-c1ccc(C)cc1,samples_by_epoch/samples_epoch_004.csv,43,C=C(C)C=Cc1c(F)cc(-c2ncc(-c3ccc(N(c4ccccc4)c4ccccc4)cc3)cn2)cc1-c1ccc(C)cc1,True,4,generated,0.4032258064516129,Cc1ccc(-c2cc(/C=C/c3ccc(N(c4ccccc4)c4ccccc4)cc3)c(-c3ccc(C)cc3)cc2/C=C/c2ccc(N(c3ccccc3)c3ccccc3)cc2)cc1,False
CN(C)c1ccc(C=C(C#N)C(=O)O)cc1,samples_by_epoch/samples_epoch_004.csv,44,CN(C)c1ccc(C=C(C#N)C(=O)O)cc1,True,4,generated,0.6944444444444444,N#C/C(=C/c1ccc(N(c2ccccc2)c2ccc(/C=C(\C#N)C(=O)O)cc2)cc1)C(=O)O,False
CCOC(=O)c1ccc(S(=O)(=O)NC(C)(C)C)c(N(CC)CC)c1,samples_by_epoch/samples_epoch_004.csv,45,CCOC(=O)c1ccc(S(=O)(=O)NC(C)(C)C)c(N(CC)CC)c1,True,4,generated,0.3958333333333333,CCOC(=O)c1ccc(N(C)C)cc1,False
Cc1sc(NN=Cc2ccc(-c3ccc(C=O)s3)cc2)nc1-c1ccccc1,samples_by_epoch/samples_epoch_004.csv,46,Cc1sc(NN=Cc2ccc(-c3ccc(C=O)s3)cc2)nc1-c1ccccc1,True,4,generated,0.4262295081967213,O=Cc1ccc(-c2sc(N(c3ccccc3)c3ccccc3)nc2-c2ccccc2)s1,False
CCOc1cc(N(c2ccccc2)c2ccccc2)ccc1N(c1ccccc1)c1ccccc1,samples_by_epoch/samples_epoch_004.csv,47,CCOc1cc(N(c2ccccc2)c2ccccc2)ccc1N(c1ccccc1)c1ccccc1,True,4,generated,0.47058823529411764,COc1ccc(N(c2ccccc2)c2ccc(OC)cc2)cc1,False
[C-]#[N+]C=C(CCCCC)c1cccc(C=Cc2ccncc2)c1,samples_by_epoch/samples_epoch_004.csv,48,[C-]#[N+]C=C(CCCCC)c1cccc(C=Cc2ccncc2)c1,True,4,generated,0.4,CCCCCCCCOc1cc(/C=C/c2cc(OCCCCCCCC)c(/C=C/c3cc(OCCCCCCCC)c(/C=C/c4ccncc4)cc3OCCCCCCCC)cc2OCCCCCCCC)c(OCCCCCCCC)cc1/C=C/c1ccncc1,False
CCCCCCCCCCCCn1c2ccc(-c3cccc4cnccc34)cc2c2sc(C(F)(F)F)cc21,samples_by_epoch/samples_epoch_004.csv,49,CCCCCCCCCCCCn1c2ccc(-c3cccc4cnccc34)cc2c2sc(C(F)(F)F)cc21,True,4,generated,0.43661971830985913,CCCCCCn1c2c(c3cc(-c4ccc5ccc6cccc7ccc4c5c67)ccc31)-c1c(c3cc(-c4ccc5ccc6cccc7ccc4c5c67)ccc3n1CCCCCC)-c1c(c3cc(-c4ccc5ccc6cccc7ccc4c5c67)ccc3n1CCCCCC)-c1c-2c2cc(-c3ccc4ccc5cccc6ccc3c4c56)ccc2n1CCCCCC,False
N#CC(=Cc1sc(C(=O)O)cc1-c1ccc(N(c2ccc(Oc3ccccc3)cc2)c2ccc(C3CCCCC3)cc2)cc1)C(=O)O,samples_by_epoch/samples_epoch_004.csv,50,N#CC(=Cc1sc(C(=O)O)cc1-c1ccc(N(c2ccc(Oc3ccccc3)cc2)c2ccc(C3CCCCC3)cc2)cc1)C(=O)O,True,4,generated,0.4583333333333333,N#CC(=Cc1cc(-c2ccc(N(c3ccccc3)c3ccccc3)cc2)c(-c2ccc(N(c3ccccc3)c3ccccc3)cc2)s1)C(=O)O,False
Cc1cc([N+](=O)[O-])cc([N+](=O)[O-])c1,samples_by_epoch/samples_epoch_004.csv,51,Cc1cc([N+](=O)[O-])cc([N+](=O)[O-])c1,True,4,generated,0.39285714285714285,O=[N+]([O-])c1ccc(O)c(O)c1,False
CC(=O)c1ccc(Nc2cccc3c2C(=O)N(c2c(C)cccc2C)C3=O)cc1,samples_by_epoch/samples_epoch_004.csv,52,CC(=O)c1ccc(Nc2cccc3c2C(=O)N(c2c(C)cccc2C)C3=O)cc1,True,4,generated,0.37254901960784315,Cc1ccc(Nc2ccc(Nc3ccc(C)cc3)c3c2C(=O)c2ccccc2C3=O)cc1,False
COC(=O)c1cc2[o+]c(-c3ccccc3)ccc2oc1=O,samples_by_epoch/samples_epoch_004.csv,53,COC(=O)c1cc2[o+]c(-c3ccccc3)ccc2oc1=O,True,4,generated,0.3584905660377358,COC(=O)c1nc(-c2ccccc2)oc1C,False
COc1ccc(C#Cc2ccc3c(c2)C(=Cc2ccc(OC)s2)c2ccccc2-3)cc1,samples_by_epoch/samples_epoch_004.csv,54,COc1ccc(C#Cc2ccc3c(c2)C(=Cc2ccc(OC)s2)c2ccccc2-3)cc1,True,4,generated,0.40425531914893614,COc1ccc(C#Cc2ccccc2C#Cc2ccc(OC)cc2)cc1,False
CCCCC(CC)Cn1c2ccc(C=C3SC(=S)N(CC(=O)O)C3=O)cc2c2cc(-c3ccc4c(c3)N(CC(C)C)C(=Cc3ccc(SC)cc3)C4=O)cc(C#N)c21,samples_by_epoch/samples_epoch_004.csv,55,CCCCC(CC)Cn1c2ccc(C=C3SC(=S)N(CC(=O)O)C3=O)cc2c2cc(-c3ccc4c(c3)N(CC(C)C)C(=Cc3ccc(SC)cc3)C4=O)cc(C#N)c21,True,4,generated,0.49504950495049505,CCCCCCn1c2ccc(/C=C3\SC(=S)N(CC(=O)O)C3=O)cc2c2cc(-c3ccc4c(c3)c3cc(/C=C5/SC(=S)N(CC(=O)O)C5=O)ccc3n4CCCCCC)ccc21,False
CCCCCCCCOc1ccc(C2(OCCCCCCCC)C=Cc3cc(-c4ccc5ccc6ccc(OCCCCCCCC)c7ccc4c5c67)c(OCCCCCCCC)cc3O2)cc1,samples_by_epoch/samples_epoch_004.csv,56,CCCCCCCCOc1ccc(C2(OCCCCCCCC)C=Cc3cc(-c4ccc5ccc6ccc(OCCCCCCCC)c7ccc4c5c67)c(OCCCCCCCC)cc3O2)cc1,True,4,generated,0.359375,CCCCCCCCOc1ccc2c3cccc4c(OCCCCCCCC)ccc(c5cccc1c52)c43,False
O=C(O)Cc1ccc2sc(-c3ccc4c(ccn5ccnc45)c3)nc2c1,samples_by_epoch/samples_epoch_004.csv,57,O=C(O)Cc1ccc2sc(-c3ccc4c(ccn5ccnc45)c3)nc2c1,True,4,generated,0.3181818181818182,CN(C)c1ccc2nc(-c3ccc(C(=O)O)cc3)sc2c1,False
CS(=O)(=O)N=c1cccc2c(c1)-c1ccccc1C2=O,samples_by_epoch/samples_epoch_004.csv,58,CS(=O)(=O)N=c1cccc2c(c1)-c1ccccc1C2=O,True,4,generated,0.47058823529411764,Nc1ccc2c(c1)-c1ccccc1C2=O,False
Cc1ccc(-c2c3ccc(=[NH2+])cc-3oc3ccccc23)cc1C,samples_by_epoch/samples_epoch_004.csv,59,Cc1ccc(-c2c3ccc(=[NH2+])cc-3oc3ccccc23)cc1C,True,4,generated,0.5769230769230769,Cc1cc(-c2c3ccc(=[NH2+])cc-3oc3cc(N)ccc23)ccc1F,False
CNc1ccc(-c2ccc(C=C(C#N)C#N)s2)c2ccccc12,samples_by_epoch/samples_epoch_004.csv,60,CNc1ccc(-c2ccc(C=C(C#N)C#N)s2)c2ccccc12,True,4,generated,0.47058823529411764,N#CC(C#N)=Cc1ccc(-c2ccc(N(c3ccccc3)c3ccccc3)cc2)s1,False
CCCCCCCCCCSC(=N[n+]1ccccc1)c1ccc(C=C2C(=O)c3ccccc3N2CCCCCCCCCC)n1CCCCC,samples_by_epoch/samples_epoch_004.csv,61,CCCCCCCCCCSC(=N[n+]1ccccc1)c1ccc(C=C2C(=O)c3ccccc3N2CCCCCCCCCC)n1CCCCC,True,4,generated,0.32222222222222224,CCCCCCN1c2ccccc2Sc2cc(/C=C3\C(=O)c4ccc(C(=O)O)cc4C3=O)ccc21,False
COc1cc(N=Cc2ccc(C(=O)N(C)C)cc2)cc(OC)c1OC,samples_by_epoch/samples_epoch_004.csv,62,COc1cc(N=Cc2ccc(C(=O)N(C)C)cc2)cc(OC)c1OC,True,4,generated,0.42857142857142855,CN(C)c1ccc(C=Nc2ccc(C(=O)O)cc2)cc1,False
COc1ccc(-c2c(-c3ccccc3C)ncn2-c2ccc(OC)cc2)cc1,samples_by_epoch/samples_epoch_004.csv,63,COc1ccc(-c2c(-c3ccccc3C)ncn2-c2ccc(OC)cc2)cc1,True,4,generated,0.42105263157894735,COc1ccc(-c2nc(-c3ccccc3O)c(-c3ccccc3O)n2-c2ccc(C)cc2)cc1,False
CCCCn1c(N=CC=C2Sc3c(ccc4c3c3ccccc3n4CC)C2(C)C)nc2c3ccccc3c3ccccc3c21,samples_by_epoch/samples_epoch_004.csv,64,CCCCn1c(N=CC=C2Sc3c(ccc4c3c3ccccc3n4CC)C2(C)C)nc2c3ccccc3c3ccccc3c21,True,4,generated,0.3582089552238806,CCCCn1c2ccccc2c2c1c1c3ccccc3n(CCCC)c1c1c3ccccc3n(CCCC)c21,False
Cc1ccc2[nH]c(C=O)cc2n1,samples_by_epoch/samples_epoch_004.csv,65,Cc1ccc2[nH]c(C=O)cc2n1,True,4,generated,0.36363636363636365,O=Cc1cc2c(cc3ccc4cccc5ccc2c3c45)[nH]1,False
CCOc1ccc(C=CC=CC2C3C(=O)OC3(C)CC3C=C(C)CCC32C)c(Br)c1,samples_by_epoch/samples_epoch_004.csv,66,CCOc1ccc(C=CC=CC2C3C(=O)OC3(C)CC3C=C(C)CCC32C)c(Br)c1,True,4,generated,0.25,CCOc1ccc(/C=C/C=C/C=C/c2ccc([N+](=O)[O-])cc2)cc1,False
COC(=O)C1=CC(=O)C=C2C=C(C)C(=O)C=C21,samples_by_epoch/samples_epoch_004.csv,67,COC(=O)C1=CC(=O)C=C2C=C(C)C(=O)C=C21,True,4,generated,0.26666666666666666,COC(=O)c1c2ccccc2nc2ccccc12,False
COc1ccn2c(-c3ccc(N(C)C)cc3)cnc2c1,samples_by_epoch/samples_epoch_004.csv,68,COc1ccn2c(-c3ccc(N(C)C)cc3)cnc2c1,True,4,generated,0.39215686274509803,COc1ccc(-c2cc(-c3ccc(N(C)C)cc3)nc(-c3ccccc3)n2)cc1,False
Brc1cnn(-c2ccccc2)n1,samples_by_epoch/samples_epoch_004.csv,69,Brc1cnn(-c2ccccc2)n1,True,4,generated,0.5666666666666667,c1ccc(-c2cnn(-c3ccccc3)n2)cc1,False
Cc1ccc(-c2cnc(-c3ccc4c(c3)c3cc(-c5ccc(C=C(C#N)C(=O)O)cc5)ccc3n4-c3ccc(C)cc3)o2)cc1,samples_by_epoch/samples_epoch_004.csv,70,Cc1ccc(-c2cnc(-c3ccc4c(c3)c3cc(-c5ccc(C=C(C#N)C(=O)O)cc5)ccc3n4-c3ccc(C)cc3)o2)cc1,True,4,generated,0.5846153846153846,Cc1ccc(-n2c3ccccc3c3cc(/C=C(\C#N)C(=O)O)ccc32)cc1,False
CCCN1C(=O)c2ccc(-c3ccc(-c4ccc(C=C(C#N)C(=O)O)cc4)c4nsnc34)nc2C1=O,samples_by_epoch/samples_epoch_004.csv,71,CCCN1C(=O)c2ccc(-c3ccc(-c4ccc(C=C(C#N)C(=O)O)cc4)c4nsnc34)nc2C1=O,True,4,generated,0.5443037974683544,CCCCN1c2ccccc2Sc2cc(-c3ccc(-c4ccc(/C=C(\C#N)C(=O)O)cc4)c4nsnc34)ccc21,False
CSC(=Cc1cc(Br)cs1)C(=O)O,samples_by_epoch/samples_epoch_004.csv,72,CSC(=Cc1cc(Br)cs1)C(=O)O,True,4,generated,0.288135593220339,Cc1cc(/C=C/c2cc(Br)cs2)n2c1C=C1C=CC=[N+]1[B-]2(F)F,False
CCCCCCOc1ccc(-c2ccn(CCCCCC)c2C=Cc2ccc(N(c3ccc(C=C(C#N)C(=O)O)cc3)c3ccc(OCCCCCC)cc3)cc2)cc1,samples_by_epoch/samples_epoch_004.csv,73,CCCCCCOc1ccc(-c2ccn(CCCCCC)c2C=Cc2ccc(N(c3ccc(C=C(C#N)C(=O)O)cc3)c3ccc(OCCCCCC)cc3)cc2)cc1,True,4,generated,0.7301587301587301,CCCCCCOc1ccc(N(c2ccc(/C=C/c3ccc(/C=C(\C#N)C(=O)O)cc3)cc2)c2ccc(OCCCCCC)cc2)cc1,False
COc1ccc(N2c3cc(C=Cc4ccc(C(C)(C)C)cc4)ccc3C(C)(C)c3cc(C(C)(C)C)ccc32)cc1,samples_by_epoch/samples_epoch_004.csv,74,COc1ccc(N2c3cc(C=Cc4ccc(C(C)(C)C)cc4)ccc3C(C)(C)c3cc(C(C)(C)C)ccc32)cc1,True,4,generated,0.35294117647058826,COc1ccc(N2c3ccc(/C=C(\C#N)C(=O)O)cc3Oc3cc(/C=C(\C#N)C(=O)O)ccc32)cc1,False
CCC1(CC)c2cc(OCC(=O)O)ccc2Sc2ccccc2N1c1ccc(C)cc1,samples_by_epoch/samples_epoch_004.csv,75,CCC1(CC)c2cc(OCC(=O)O)ccc2Sc2ccccc2N1c1ccc(C)cc1,True,4,generated,0.34146341463414637,CCCCCCOc1ccc(N2c3ccccc3Sc3cc(/C=C(\C#N)C(=O)O)ccc32)cc1,False
COc1ccc(N(C)c2ccc(-[n+]3ccc(-c4ccc(N(c5ccccc5)c5ccccc5)s4)cc3)cc2)cc1,samples_by_epoch/samples_epoch_004.csv,76,COc1ccc(N(C)c2ccc(-[n+]3ccc(-c4ccc(N(c5ccccc5)c5ccccc5)s4)cc3)cc2)cc1,True,4,generated,0.4444444444444444,COc1ccc(N(c2ccccc2)c2ccc(OC)cc2)cc1,False
CCCCCCCCC1N(CCCCCCCC)c2ccc(C=Cc3cc(OCCCCCC)c(Cn4c5ccccc5c5ccc(C=C(C#N)C(=O)O)cc54)cc3C=C(C#N)C(=O)O)cc2C(O)C1(F)F,samples_by_epoch/samples_epoch_004.csv,77,CCCCCCCCC1N(CCCCCCCC)c2ccc(C=Cc3cc(OCCCCCC)c(Cn4c5ccccc5c5ccc(C=C(C#N)C(=O)O)cc54)cc3C=C(C#N)C(=O)O)cc2C(O)C1(F)F,True,4,generated,0.48484848484848486,CCCCCCCCn1c2ccccc2c2ccc(/C=C/c3ccc(N(c4ccc(/C=C/c5ccc6c7ccccc7n(CCCCCCCC)c6c5)cc4)c4ccc(/C=C(\C#N)C(=O)O)cc4)cc3)cc21,False
CCCCn1c2c(c3ccccc31)=COCCCOC1=CC(N(CC)CC)=CC=21,samples_by_epoch/samples_epoch_004.csv,78,CCCCn1c2c(c3ccccc31)=COCCCOC1=CC(N(CC)CC)=CC=21,True,4,generated,0.35,CCCCn1c2ccccc2c2c1c1c3ccccc3n(CCCC)c1c1c3ccccc3n(CCCC)c21,False
COCCn1c2ccc3cc(N(C)C)ccc3c2c2cc(CCCC(=O)O)n(CCCCCC(=O)O)c(=O)c21,samples_by_epoch/samples_epoch_004.csv,79,COCCn1c2ccc3cc(N(C)C)ccc3c2c2cc(CCCC(=O)O)n(CCCCCC(=O)O)c(=O)c21,True,4,generated,0.3253012048192771,O=C(O)CCCCCCn1c2cc(-c3ccncc3)ccc2c2ccc(N(c3ccccc3)c3ccccc3)cc21,False
N#CC(=Cc1ccc(-c2ccc3nc4ccccn4c(=O)c3c2)s1)C(=O)O,samples_by_epoch/samples_epoch_004.csv,80,N#CC(=Cc1ccc(-c2ccc3nc4ccccn4c(=O)c3c2)s1)C(=O)O,True,4,generated,0.546875,N#C/C(=C\c1ccc(-c2ccc(-c3ccc4c(c3)C(=O)c3ccccc3-4)s2)s1)C(=O)O,False
O=Cc1ccc2cc(=O)oc(F)c2c1,samples_by_epoch/samples_epoch_004.csv,81,O=Cc1ccc2cc(=O)oc(F)c2c1,True,4,generated,0.3275862068965517,COc1cc2oc(=O)c3c4ccc(C=O)cc4c4ccc5cccc6c(c1)c2c3c4c56,False
COc1ccc2c(c1)-c1c(cc(C=C(C#N)c3ccccc3)c(O)c1OC)C21c2ccccc2Oc2ccccc21,samples_by_epoch/samples_epoch_004.csv,82,COc1ccc2c(c1)-c1c(cc(C=C(C#N)c3ccccc3)c(O)c1OC)C21c2ccccc2Oc2ccccc21,True,4,generated,0.3880597014925373,COc1ccc(C(=Cc2ccc(/C=C(\C#N)c3ccccc3)cc2)c2ccc(OC)cc2)cc1,False
c1ccc(-c2nn3c4ncccc4c4ccccc4c3c2-c2c3ccccc3c(-c3cccs3)c3cccnc23)cc1,samples_by_epoch/samples_epoch_004.csv,83,c1ccc(-c2nn3c4ncccc4c4ccccc4c3c2-c2c3ccccc3c(-c3cccs3)c3cccnc23)cc1,True,4,generated,0.34782608695652173,CCCCn1c(-c2cccs2)nc2c3cccnc3c3ncccc3c21,False
Cc1ccc2c3ccccc3n(-c3ccc(-n4c5ccccc5c5ccccc54)cc3C)c2c1,samples_by_epoch/samples_epoch_004.csv,84,Cc1ccc2c3ccccc3n(-c3ccc(-n4c5ccccc5c5ccccc54)cc3C)c2c1,True,4,generated,0.4864864864864865,c1ccc2c(c1)c1ccccc1n2-c1ccc2c(c1)c1ccccc1n2-c1ccc(-n2c3ccccc3c3cc(-n4c5ccccc5c5ccccc54)ccc32)cc1,False
CC1(C)c2ccccc2-c2c1cc1ccccc1c2-c1cnc2c3ccc4cccc5ccc(ccc1-2)c3c54,samples_by_epoch/samples_epoch_004.csv,85,CC1(C)c2ccccc2-c2c1cc1ccccc1c2-c1cnc2c3ccc4cccc5ccc(ccc1-2)c3c54,True,4,generated,0.4166666666666667,c1ccc2c(c1)-c1c(ccc3ccccc13)C21c2cc(-c3ccc4ccc5cccc6ccc3c4c56)ccc2-c2ccc(-c3ccc4ccc5cccc6ccc3c4c56)cc21,False
CCN(C)c1ccc(C=C2Oc3cc(O)ccc3C2=O)cc1,samples_by_epoch/samples_epoch_004.csv,86,CCN(C)c1ccc(C=C2Oc3cc(O)ccc3C2=O)cc1,True,4,generated,0.45454545454545453,CN(C)c1ccc(C=C2Oc3cccc(O)c3C2=O)cc1,False
CCCCCCOc1ccc(N(c2ccc(OCCCC)cc2)c2ccc(N(c3ccc(OCC(CC)CCCC)cc3)c3c4ccccc4c(-c4cc5sc6cc(C=C(C#N)C(=O)O)sc6c5s4)c4ccccc34)cc2)cc1,samples_by_epoch/samples_epoch_004.csv,87,CCCCCCOc1ccc(N(c2ccc(OCCCC)cc2)c2ccc(N(c3ccc(OCC(CC)CCCC)cc3)c3c4ccccc4c(-c4cc5sc6cc(C=C(C#N)C(=O)O)sc6c5s4)c4ccccc34)cc2)cc1,True,4,generated,0.7241379310344828,CCCCCCCCOc1ccc(N(c2ccc(OCCCCCCCC)cc2)c2ccc(-c3cc4sc5c6sc7cc(/C=C(/C#N)C(=O)O)sc7c6c(OCC(CC)CCCC)c(OCC(CC)CCCC)c5c4s3)cc2)cc1,False
CCCCCCC(=Cc1ccc(C=C2SC(=S)NC2=O)s1)C(=O)O,samples_by_epoch/samples_epoch_006.csv,0,CCCCCCC(=Cc1ccc(C=C2SC(=S)NC2=O)s1)C(=O)O,True,6,generated,0.38235294117647056,CCCCSC1=C(SCCCC)SC(=Cc2ccc(/C=C(\C#N)C(=O)O)s2)S1,False
C=CCC(C=C1Sc2ccccc2C=C1c1ccccc1C=Cc1ccc2c(c1)c1ccccc1n2CC)=C(C#N)C#N,samples_by_epoch/samples_epoch_006.csv,1,C=CCC(C=C1Sc2ccccc2C=C1c1ccccc1C=Cc1ccc2c(c1)c1ccccc1n2CC)=C(C#N)C#N,True,6,generated,0.3974358974358974,CCn1c2ccccc2c2cc(/C=C(\C#N)c3ccccc3)ccc21,False
Cc1ccccc1C1=C(c2c(O)ccc3ccccc23)c2c(ccc3ccccc23)OC(c2ccccc2)=C1C#N,samples_by_epoch/samples_epoch_006.csv,2,Cc1ccccc1C1=C(c2c(O)ccc3ccccc23)c2c(ccc3ccccc23)OC(c2ccccc2)=C1C#N,True,6,generated,0.3064516129032258,N#CC(/N=C/c1c(O)ccc2ccccc12)=C(C#N)/N=C/c1c(O)ccc2ccccc12,False
c1ccc(COc2cccc(OCc3ccccc3)c2-c2nc3cccc(-c4ccccc4)n3n2)cc1,samples_by_epoch/samples_epoch_006.csv,3,c1ccc(COc2cccc(OCc3ccccc3)c2-c2nc3cccc(-c4ccccc4)n3n2)cc1,True,6,generated,0.38,c1ccc(-c2nc3nccc(-c4ccccc4)n3n2)cc1,False
CCCCOc1ccc(C(=Cc2cccn2-c2ccc([N+](=O)[O-])cc2)c2ccc([N+](=O)[O-])cc2)cc1,samples_by_epoch/samples_epoch_006.csv,4,CCCCOc1ccc(C(=Cc2cccn2-c2ccc([N+](=O)[O-])cc2)c2ccc([N+](=O)[O-])cc2)cc1,True,6,generated,0.48214285714285715,CCCCOc1ccc(/C=C/C=C/C=C/c2ccc([N+](=O)[O-])cc2)cc1,False
Nc1cc(S(=O)(=O)[O-])c2cc(S(=O)(=O)[O-])c(N=Nc3cc(C(=O)O)cc4c(O)c(S(=O)(=O)[O-])ccc34)cc2c1,samples_by_epoch/samples_epoch_006.csv,5,Nc1cc(S(=O)(=O)[O-])c2cc(S(=O)(=O)[O-])c(N=Nc3cc(C(=O)O)cc4c(O)c(S(=O)(=O)[O-])ccc34)cc2c1,True,6,generated,0.32142857142857145,O=S(=O)([O-])c1cc(O)c2ccc3c(S(=O)(=O)[O-])cc(S(=O)(=O)[O-])c4ccc1c2c34,False
N#CC(=Cc1ccc(-c2ccc3c(c2)C(=Cc2ccc(-c4ccc(-c5ccc(C=C(C#N)C(=O)O)s5)c5nsnc45)cc2)c2ccccc2N3c2ccccc2)s1)C(=O)O,samples_by_epoch/samples_epoch_006.csv,6,N#CC(=Cc1ccc(-c2ccc3c(c2)C(=Cc2ccc(-c4ccc(-c5ccc(C=C(C#N)C(=O)O)s5)c5nsnc45)cc2)c2ccccc2N3c2ccccc2)s1)C(=O)O,True,6,generated,0.6756756756756757,N#C/C(=C\c1ccc(-c2ccc(-c3ccc(N4c5ccccc5C=Cc5ccccc54)cc3)c3nsnc23)s1)C(=O)O,False
N#CC(=Cc1ccc(C=Cc2cc(-c3ccc(-c4ccc(-c5ccccc5)[nH]4)s3)sc2-c2c(-c3ccc(C=N)cc3)ccc3c2Sc2ccccc2N3c2ccc3ccccc3c2)cc1)C(=O)O,samples_by_epoch/samples_epoch_006.csv,7,N#CC(=Cc1ccc(C=Cc2cc(-c3ccc(-c4ccc(-c5ccccc5)[nH]4)s3)sc2-c2c(-c3ccc(C=N)cc3)ccc3c2Sc2ccccc2N3c2ccc3ccccc3c2)cc1)C(=O)O,True,6,generated,0.4205607476635514,CCC1(CC)c2cc(-c3ccc(-c4ccc(/C=C(\C#N)C(=O)O)s4)s3)ccc2-c2ccc(N3c4ccccc4Sc4ccccc43)cc21,False
COc1cc(-c2c(OC)c(C=CC(=O)c3ccc4c(c3)-c3ccccc3C4=O)cc3ccccc23)ccc1C=C(C#N)C(=O)O,samples_by_epoch/samples_epoch_006.csv,8,COc1cc(-c2c(OC)c(C=CC(=O)c3ccc4c(c3)-c3ccccc3C4=O)cc3ccccc23)ccc1C=C(C#N)C(=O)O,True,6,generated,0.425531914893617,COc1cc(-c2sc(-c3ccc(N(c4ccccc4)c4cccc5ccccc45)cc3)c3c2OCCO3)ccc1C=C(C#N)C(=O)O,False
CCCCCCCCCCn1c(C=Cc2ccc(N(c3ccc(C)cc3)c3ccc(C)cc3)c(C=Cc3ccc(-c4ccc(C=C(C#N)C(=O)O)s4)s3)c2)nc2ccccc21,samples_by_epoch/samples_epoch_006.csv,9,CCCCCCCCCCn1c(C=Cc2ccc(N(c3ccc(C)cc3)c3ccc(C)cc3)c(C=Cc3ccc(-c4ccc(C=C(C#N)C(=O)O)s4)s3)c2)nc2ccccc21,True,6,generated,0.5494505494505495,CCCCCCCCOc1c(/C=C/c2ccc(N(c3ccc(C)cc3)c3ccc(C)cc3)cc2)cc(-c2ccc(/C=C(\C#N)C(=O)O)s2)cc1/C=C/c1ccc(N(c2ccc(C)cc2)c2ccc(C)cc2)cc1,False
COc1ccc(NC=Cc2ccc(C=C(c3ccccc3)c3ccccc3)cc2)cc1,samples_by_epoch/samples_epoch_006.csv,10,COc1ccc(NC=Cc2ccc(C=C(c3ccccc3)c3ccccc3)cc2)cc1,True,6,generated,0.6046511627906976,COc1ccc(N(c2ccc(C=C(c3ccccc3)c3ccccc3)cc2)c2ccc(C=C(c3ccccc3)c3ccccc3)cc2)cc1,False
COc1ccc(N(c2ccc(O)cc2)c2ccc(Nc3oc(-c4ccc(N(c5ccccc5)c5ccccc5)cc4)c4nc5nc(N(C)C)sc5cc34)cc2)cc1,samples_by_epoch/samples_epoch_006.csv,11,COc1ccc(N(c2ccc(O)cc2)c2ccc(Nc3oc(-c4ccc(N(c5ccccc5)c5ccccc5)cc4)c4nc5nc(N(C)C)sc5cc34)cc2)cc1,True,6,generated,0.32894736842105265,COc1ccc(-c2nc(-c3ccccc3)c(N(c3ccccc3)c3ccccc3)s2)cc1,False
c1ccc(-c2ncc3[nH]c(-c4ccncc4)nc3n2)cc1,samples_by_epoch/samples_epoch_006.csv,12,c1ccc(-c2ncc3[nH]c(-c4ccncc4)nc3n2)cc1,True,6,generated,0.3902439024390244,c1ccc(-c2nc(-c3ccccc3)c(-c3ccccc3)[nH]2)cc1,False
COc1ccc(-c2ncc3ccc(-c4ccc(N(C)C)cc4)nn23)cc1,samples_by_epoch/samples_epoch_006.csv,13,COc1ccc(-c2ncc3ccc(-c4ccc(N(C)C)cc4)nn23)cc1,True,6,generated,0.45098039215686275,COc1ccc(-c2cc(-c3ccc(N(C)C)cc3)nc(-c3ccccc3)n2)cc1,False
COc1ccc(C=Cc2ccc(N(c3ccc(C=Cc4ccc(C=C(C#N)C#N)s4)cc3)c3ccc(OC)cc3)cc2)cc1,samples_by_epoch/samples_epoch_006.csv,14,COc1ccc(C=Cc2ccc(N(c3ccc(C=Cc4ccc(C=C(C#N)C#N)s4)cc3)c3ccc(OC)cc3)cc2)cc1,True,6,generated,0.6875,COc1ccc(N(c2ccc(OC)cc2)c2ccc(-c3ccc(C=C(C#N)C#N)s3)cc2)cc1,False
N#CC(=Cc1ccc(-c2ccc(C=C(C#N)C(=O)O)s2)s1)C(=O)O,samples_by_epoch/samples_epoch_006.csv,15,N#CC(=Cc1ccc(-c2ccc(C=C(C#N)C(=O)O)s2)s1)C(=O)O,True,6,generated,0.9655172413793104,N#C/C(=C/c1ccc(-c2ccc(-c3ccc(/C=C(\C#N)C(=O)O)s3)s2)s1)C(=O)O,False
O=C(Nc1ccccc1O)c1ccccc1,samples_by_epoch/samples_epoch_006.csv,16,O=C(Nc1ccccc1O)c1ccccc1,True,6,generated,0.4594594594594595,O=C(N/N=C/c1ccccc1O)c1ccccc1,False
COc1ccc(-c2ccc3c(c2)nc(-c2ccc(C=C(C#N)C(=O)O)s2)c2c3c3ccccc3n2C2CCN(C(C)=O)CC2)cc1,samples_by_epoch/samples_epoch_006.csv,17,COc1ccc(-c2ccc3c(c2)nc(-c2ccc(C=C(C#N)C(=O)O)s2)c2c3c3ccccc3n2C2CCN(C(C)=O)CC2)cc1,True,6,generated,0.45161290322580644,CCCCn1c2ccc(-c3ccc(OC)cc3)cc2c2cc(-c3ccc(/C=C(\C#N)C(=O)O)s3)ccc21,False
Cc1cc(C=Cc2ccc(-n3c4ccccc4c4ccccc43)cc2)c(C#N)n1-c1ccc(C(C)C)cc1,samples_by_epoch/samples_epoch_006.csv,18,Cc1cc(C=Cc2ccc(-n3c4ccccc4c4ccccc43)cc2)c(C#N)n1-c1ccc(C(C)C)cc1,True,6,generated,0.5,C(=C\c1cc(/C=C/c2ccc(-n3c4ccccc4c4ccccc43)cc2)cc(/C=C/c2ccc(-n3c4ccccc4c4ccccc43)cc2)c1)/c1ccc(-n2c3ccccc3c3ccccc32)cc1,False
N#Cc1ccc(C=C(C=C2c3ccccc3-c3ccccc32)c2ccc(-c3ccc(C=O)cc3)cc2)cc1,samples_by_epoch/samples_epoch_006.csv,19,N#Cc1ccc(C=C(C=C2c3ccccc3-c3ccccc32)c2ccc(-c3ccc(C=O)cc3)cc2)cc1,True,6,generated,0.5094339622641509,N#C/C(=C\c1ccc(-c2ccc(N(c3ccc(-c4ccc(C=O)cc4)cc3)c3ccc(-c4ccc(/C=C(\C#N)c5ccc(C#N)cc5)cc4)cc3)cc2)cc1)c1ccc(C#N)cc1,False
CN(C)c1ccccc1C=Nc1ccc(C(=O)O)c(O)c1,samples_by_epoch/samples_epoch_006.csv,20,CN(C)c1ccccc1C=Nc1ccc(C(=O)O)c(O)c1,True,6,generated,0.45614035087719296,O=C(O)c1ccc(/N=C/C=C(\Cl)c2ccc(N(c3ccccc3)c3ccccc3)cc2)cc1O,False
COC(=O)c1ccc(C#Cc2sc(C#Cc3ccc(C=C(C#N)C(=O)O)s3)nc2-c2ccc(C#N)cc2)cc1,samples_by_epoch/samples_epoch_006.csv,21,COC(=O)c1ccc(C#Cc2sc(C#Cc3ccc(C=C(C#N)C(=O)O)s3)nc2-c2ccc(C#N)cc2)cc1,True,6,generated,0.5147058823529411,CN(C)c1ccc(C#Cc2ccc(/C=C(\C#N)C(=O)O)s2)cc1,False
C#CC(Oc1ccc(-c2nn(-c3ccccc3)nc2-c2cccs2)cc1)=C(C(=O)OCC)C(=O)OCC,samples_by_epoch/samples_epoch_006.csv,22,C#CC(Oc1ccc(-c2nn(-c3ccccc3)nc2-c2cccs2)cc1)=C(C(=O)OCC)C(=O)OCC,True,6,generated,0.38028169014084506,CCOC(=O)c1nn(-c2ccc(N(c3ccccc3)c3ccccc3)cc2)nc1-c1ccccc1,False
CN(CCO)c1ccc(C=CC(=O)c2ccc(NC(=O)C(c3ccccc3)c3ccccc3)cc2)cc1,samples_by_epoch/samples_epoch_006.csv,23,CN(CCO)c1ccc(C=CC(=O)c2ccc(NC(=O)C(c3ccccc3)c3ccccc3)cc2)cc1,True,6,generated,0.7454545454545455,CN(CCO)c1ccc(/C=C/C(=O)c2ccc(NC(=O)/C=C/c3ccccc3)cc2)cc1,False
COc1cc(C=C(C#N)C(=O)O)ccc1C#Cc1ccccc1-n1c2ccccc2c2ccccc21,samples_by_epoch/samples_epoch_006.csv,24,COc1cc(C=C(C#N)C(=O)O)ccc1C#Cc1ccccc1-n1c2ccccc2c2ccccc21,True,6,generated,0.559322033898305,N#C/C(=C/c1ccc2c(c1)c1ccccc1n2-c1ccccc1)C(=O)O,False
CCOC(=O)C(C#N)=Cc1cccc(-c2ccc(N3CCCCC3)cc2)c1,samples_by_epoch/samples_epoch_006.csv,25,CCOC(=O)C(C#N)=Cc1cccc(-c2ccc(N3CCCCC3)cc2)c1,True,6,generated,0.4925373134328358,CCOC(=O)/C(C#N)=C\c1ccc2c(c1)c1ccccc1n2-c1ccc(C)cc1,False
N#Cc1ccc(-c2cc3cccnc3c3nc4cc(-c5cccnc5)ccc4nc23)cc1,samples_by_epoch/samples_epoch_006.csv,26,N#Cc1ccc(-c2cc3cccnc3c3nc4cc(-c5cccnc5)ccc4nc23)cc1,True,6,generated,0.31666666666666665,N#Cc1ccc(-c2nc3ncccn3n2)cc1,False
CN(C)c1ccc(C=Cc2cc(=O)n3c(-c4ccccc4)cccc3n2)cc1,samples_by_epoch/samples_epoch_006.csv,27,CN(C)c1ccc(C=Cc2cc(=O)n3c(-c4ccccc4)cccc3n2)cc1,True,6,generated,0.5098039215686274,CN(C)c1ccc(/C=C/c2cc(/C=C/c3ccc(N(C)C)cc3)nc(/C=C/c3ccccc3)n2)cc1,False
CCN(Cc1ccccc1C)c1ccc(C=CC2=[N+](C)c3ccccc3C2(C)C)cc1C,samples_by_epoch/samples_epoch_006.csv,28,CCN(Cc1ccccc1C)c1ccc(C=CC2=[N+](C)c3ccccc3C2(C)C)cc1C,True,6,generated,0.5384615384615384,CCN(CCC(=O)O)c1ccc(/C=C/C2=[N+](C)c3ccccc3C2(C)C)cc1,False
c1ccc(-c2cc3c(-c4cccc5c4sc4ccccc45)ccc(-c4ccc(N(c5ccccc5)c5ccccc5)cc4)c3o2)cc1,samples_by_epoch/samples_epoch_006.csv,29,c1ccc(-c2cc3c(-c4cccc5c4sc4ccccc45)ccc(-c4ccc(N(c5ccccc5)c5ccccc5)cc4)c3o2)cc1,True,6,generated,0.38181818181818183,c1ccc(N(c2ccccc2)c2ccc(-c3cc4cc5cc(-c6ccc(N(c7ccccc7)c7ccccc7)cc6)oc5cc4o3)cc2)cc1,False
CCC1CC[N+](C)(CC)C1C,samples_by_epoch/samples_epoch_006.csv,30,CCC1CC[N+](C)(CC)C1C,True,6,generated,0.14035087719298245,CCCCCCCCc1nc2cnccn2c1NC1CCCCC1,False
Cn1nc(-c2cccs2)c2cccc(S(=O)(=O)c3cccc4ccccc34)c21,samples_by_epoch/samples_epoch_006.csv,31,Cn1nc(-c2cccs2)c2cccc(S(=O)(=O)c3cccc4ccccc34)c21,True,6,generated,0.38181818181818183,c1csc(-c2nc3c4ccccc4c4cccc2n43)c1,False
O=C1c2ccccc2-c2cc(N3CCCCC3)ccc21,samples_by_epoch/samples_epoch_006.csv,32,O=C1c2ccccc2-c2cc(N3CCCCC3)ccc21,True,6,generated,0.47058823529411764,Nc1ccc2c(c1)-c1ccccc1C2=O,False
N#CC(=Cc1ccc(C2Sc3ccccc3C=C2c2ccc(N(c3ccccc3)c3ccccc3)cc2)cc1)C(=O)O,samples_by_epoch/samples_epoch_006.csv,33,N#CC(=Cc1ccc(C2Sc3ccccc3C=C2c2ccc(N(c3ccccc3)c3ccccc3)cc2)cc1)C(=O)O,True,6,generated,0.6226415094339622,N#C/C(=C\c1ccc(-c2ccc(-c3ccc(N(c4ccccc4)c4ccccc4)cc3)cc2)cc1)C(=O)O,False
c1ccc(N(c2cccc(-c3cccs3)c2)c2cc3ccccc3c3ccccc23)cc1,samples_by_epoch/samples_epoch_006.csv,34,c1ccc(N(c2cccc(-c3cccs3)c2)c2cc3ccccc3c3ccccc23)cc1,True,6,generated,0.4262295081967213,N#C/C(=C\c1ccc(-c2ccc(N(c3cccc(-c4cccs4)c3)c3cccc(-c4cccs4)c3)cc2)cc1)C(=O)O,False
CCCCCCCCc1cc2cc3ccc4ccc5cc3c3c(=O)c(cc6ccc7ccc8c(=O)n(CCCCCCCC)c(-c9cccn9CCCCCCCC)cc7c6c48)n5c3c2n1CCCCCCCC,samples_by_epoch/samples_epoch_006.csv,35,CCCCCCCCc1cc2cc3ccc4ccc5cc3c3c(=O)c(cc6ccc7ccc8c(=O)n(CCCCCCCC)c(-c9cccn9CCCCCCCC)cc7c6c48)n5c3c2n1CCCCCCCC,True,6,generated,0.3375,CCCCn1c(=O)c2cc3ccc4cccc5ccc(c2c1=O)c3c45,False
COc1ccc(N(c2ccc(C=Cc3cc(C=CS)[o+]c(C=C(C#N)C(=O)O)c3)cc2)c2ccccc2C)cc1,samples_by_epoch/samples_epoch_006.csv,36,COc1ccc(N(c2ccc(C=Cc3cc(C=CS)[o+]c(C=C(C#N)C(=O)O)c3)cc2)c2ccccc2C)cc1,True,6,generated,0.5625,COc1ccc(N(c2ccc(/C=C/c3ccc(/C=C(\C#N)C(=O)O)cc3)cc2)c2ccc(OC)cc2)cc1,False
COC(=O)c1nccc(C#N)c1-n1c(-c2ccccc2OC)nc2cc(-c3ccccc3)cc(C)c21,samples_by_epoch/samples_epoch_006.csv,37,COC(=O)c1nccc(C#N)c1-n1c(-c2ccccc2OC)nc2cc(-c3ccccc3)cc(C)c21,True,6,generated,0.3108108108108108,COc1ccccc1-c1nc(-c2ccccc2)c2ccccn12,False
O=Cc1cc(F)c(-c2ccc(C(=O)O)cc2)cc1Br,samples_by_epoch/samples_epoch_006.csv,38,O=Cc1cc(F)c(-c2ccc(C(=O)O)cc2)cc1Br,True,6,generated,0.3157894736842105,N#C/C(=C\c1ccc(-c2ccc(N(c3ccccc3)c3ccccc3)cc2)c(F)c1)C(=O)O,False
C=CCN(CC=C)c1ccc(C=C(c2ccccc2)c2cc3ncccc3o2)cc1,samples_by_epoch/samples_epoch_006.csv,39,C=CCN(CC=C)c1ccc(C=C(c2ccccc2)c2cc3ncccc3o2)cc1,True,6,generated,0.3870967741935484,Cc1ccc(/C=C(\c2ccccc2)c2nc3ccccc3o2)cc1,False
CN(C)c1ccc(C=Cc2ccc(-c3ccc(C(=O)O)s3)s2)cc1,samples_by_epoch/samples_epoch_006.csv,40,CN(C)c1ccc(C=Cc2ccc(-c3ccc(C(=O)O)s3)s2)cc1,True,6,generated,0.7297297297297297,CN(C)c1ccc(/C=C/c2ccc(-c3ccc(/C=C/c4ccc(N(C)C)cc4)s3)s2)cc1,False
COC(=O)C=Cc1ccc(N(c2ccccc2)c2ccccc2)cc1,samples_by_epoch/samples_epoch_006.csv,41,COC(=O)C=Cc1ccc(N(c2ccccc2)c2ccccc2)cc1,True,6,generated,0.6764705882352942,O=C(O)/C=C/c1ccc(N(c2ccccc2)c2ccccc2)cc1,False
Nc1ccc2c(N3CCCCCC=C3c3ccc(C(F)(F)F)cc3)c3ccc(OCCN4CCN(CCO)CC4)cc3c(-c3ccccc3)c2n1,samples_by_epoch/samples_epoch_006.csv,42,Nc1ccc2c(N3CCCCCC=C3c3ccc(C(F)(F)F)cc3)c3ccc(OCCN4CCN(CCO)CC4)cc3c(-c3ccccc3)c2n1,True,6,generated,0.2631578947368421,COc1ccc2c(c1)c(-c1ccc(C(F)(F)F)cc1)c(-c1ccc(C(F)(F)F)cc1)[n+]1c3ccccc3c(-c3ccc(C(F)(F)F)cc3)c(-c3ccc(C(F)(F)F)cc3)c21,False
CN(C)c1ccc(-c2c3c(CCC(=O)[O-])cc(=O)cc-3oc3cc(N(C)CCO)ccc23)cc1,samples_by_epoch/samples_epoch_006.csv,43,CN(C)c1ccc(-c2c3c(CCC(=O)[O-])cc(=O)cc-3oc3cc(N(C)CCO)ccc23)cc1,True,6,generated,0.3880597014925373,CN(C)c1ccc(-c2c3ccc(=[NH2+])cc-3oc3cc(N(C)C)ccc23)cc1,False
N#CC(=Cc1cc(-c2ccc(N(c3ccccc3)c3ccccc3)cc2)sc1-c1cc(F)c(C=C(C#N)C(=O)O)s1)C(=O)O,samples_by_epoch/samples_epoch_006.csv,44,N#CC(=Cc1cc(-c2ccc(N(c3ccccc3)c3ccccc3)cc2)sc1-c1cc(F)c(C=C(C#N)C(=O)O)s1)C(=O)O,True,6,generated,0.6029411764705882,CCCCCCc1cc(-c2sc(-c3ccc(N(c4ccccc4)c4ccccc4)cc3)cc2CCCCCC)sc1/C=C(\C#N)C(=O)O,False
Cc1cc2n(c(=O)c1)C(=O)c1cc(-c3ccc(N(c4ccccc4)c4ccccc4)cc3)sc1-2,samples_by_epoch/samples_epoch_006.csv,45,Cc1cc2n(c(=O)c1)C(=O)c1cc(-c3ccc(N(c4ccccc4)c4ccccc4)cc3)sc1-2,True,6,generated,0.4375,Cc1cc(/C=C(\C#N)C(=O)O)sc1-c1sc(-c2ccc(N(c3ccccc3)c3ccccc3)cc2)cc1C,False
C#CCOC(=O)c1ccc(-c2ccc3cc2C(CCCC)(CCCC)c2cc(C=C(C#CC(C)(C)C)C(=O)O)ccc2-3)c(-c2ccc(-c3ccc(C=C(C#N)C(=O)O)s3)s2)c1,samples_by_epoch/samples_epoch_006.csv,46,C#CCOC(=O)c1ccc(-c2ccc3cc2C(CCCC)(CCCC)c2cc(C=C(C#CC(C)(C)C)C(=O)O)ccc2-3)c(-c2ccc(-c3ccc(C=C(C#N)C(=O)O)s3)s2)c1,True,6,generated,0.5747126436781609,CCCCCCC1(CCCCCC)c2cc(-c3ccc(-c4ccc(/C=C(\C#N)C(=O)O)s4)s3)ccc2-c2ccc(-c3ccc(-c4ccc(/C=C(\C#N)C(=O)O)s4)s3)cc21,False
CCOC(=O)c1sc2ccc(-c3ccc(O)cc3)cc2c1-c1ccccc1,samples_by_epoch/samples_epoch_006.csv,47,CCOC(=O)c1sc2ccc(-c3ccc(O)cc3)cc2c1-c1ccccc1,True,6,generated,0.3620689655172414,CCOC(=O)c1cc(C(=O)OCC)c2cc(O)ccc2n1,False
CN(C)c1ccc(-c2nc(-c3cccs3)[nH]c2-c2ccc(C#N)cc2)cc1,samples_by_epoch/samples_epoch_006.csv,48,CN(C)c1ccc(-c2nc(-c3cccs3)[nH]c2-c2ccc(C#N)cc2)cc1,True,6,generated,0.5833333333333334,c1ccc(-c2nc(-c3cccs3)[nH]c2-c2ccccc2)cc1,False
CCCCC(C)B=c1oc2cccc3cccccc1c32,samples_by_epoch/samples_epoch_006.csv,49,CCCCC(C)B=c1oc2cccc3cccccc1c32,True,6,generated,0.3469387755102041,CCCC[Si](C)(C)c1cccc2ccccc12,False
c1ccc2c(c1)c1cc3c4c(c5cccn(c4cc5)c23)c2ccc(-n3c4ccccc4c4ccccc43)ccc12,samples_by_epoch/samples_epoch_006.csv,50,c1ccc2c(c1)c1cc3c4c(c5cccn(c4cc5)c23)c2ccc(-n3c4ccccc4c4ccccc43)ccc12,True,6,generated,0.4444444444444444,c1ccc2cc(-n3c4ccccc4c4ccccc43)ccc2c1,False
COc1cc(O)ccc1-c1oc2cc(O)ccc2c1[NH+]([O-])O,samples_by_epoch/samples_epoch_006.csv,51,COc1cc(O)ccc1-c1oc2cc(O)ccc2c1[NH+]([O-])O,True,6,generated,0.4107142857142857,COc1cccc2c1oc(=O)c1c(=O)oc3cc(O)ccc3c12,False
CC(C)(C)C1=CC(C=Cc2cccc(N3c4ccccc4C4CCCC43)c2)=CC(=Cc2ccc(CCC(=O)O)cc2)C1,samples_by_epoch/samples_epoch_006.csv,52,CC(C)(C)C1=CC(C=Cc2cccc(N3c4ccccc4C4CCCC43)c2)=CC(=Cc2ccc(CCC(=O)O)cc2)C1,True,6,generated,0.3516483516483517,Cc1ccc(N2c3ccc(/C=C/c4ccc(/C=C(\C#N)C(=O)O)cc4)cc3C3CCCC32)cc1,False
CC(C)c1cc(-c2cc3oc4cc(=[N+](C)C)ccc-4cc3cc2N(C)C)c(C(C)C)c(C(C)C)c1,samples_by_epoch/samples_epoch_006.csv,53,CC(C)c1cc(-c2cc3oc4cc(=[N+](C)C)ccc-4cc3cc2N(C)C)c(C(C)C)c(C(C)C)c1,True,6,generated,0.5,CN(C)c1ccc2cc3ccc(=[N+](C)C)cc-3oc2c1,False
CCCCCCN1c2ccccc2Sc2cc(-c3ccc(C=C(C#N)C(=O)O)s3)ccc21,samples_by_epoch/samples_epoch_006.csv,54,CCCCCCN1c2ccccc2Sc2cc(-c3ccc(C=C(C#N)C(=O)O)s3)ccc21,True,6,generated,1.0,CCCCCCN1c2ccccc2Sc2cc(-c3ccc(/C=C(\C#N)C(=O)O)s3)ccc21,True
CCCCCOC(=O)CN(Cc1ccc(-c2ccc3c(c2)oc2cc(N(CC)CC)ccc23)s1)C1CC(C=O)CC(C)(C)C1,samples_by_epoch/samples_epoch_006.csv,55,CCCCCOC(=O)CN(Cc1ccc(-c2ccc3c(c2)oc2cc(N(CC)CC)ccc23)s1)C1CC(C=O)CC(C)(C)C1,True,6,generated,0.3235294117647059,CCCCOC(=O)c1ccccc1-c1c2ccc(=[N+](CC)CC)cc-2oc2cc(N(CC)CC)ccc12,False
O=c1c2ccccc2n(-c2ccccc2)c2cc(N(c3ccccc3)c3ccccc3)ccc12,samples_by_epoch/samples_epoch_006.csv,56,O=c1c2ccccc2n(-c2ccccc2)c2cc(N(c3ccccc3)c3ccccc3)ccc12,True,6,generated,0.7368421052631579,O=c1c2ccccc2n(-c2ccc(-c3ccc(N(c4ccccc4)c4ccccc4)cc3)cc2)c2ccccc12,False
O=C(O)c1ccc(C=Cc2ccc([N+](=O)[O-])cc2)s1,samples_by_epoch/samples_epoch_006.csv,57,O=C(O)c1ccc(C=Cc2ccc([N+](=O)[O-])cc2)s1,True,6,generated,0.475,O=[N+]([O-])c1ccc(/C=C/C=C/c2ccccc2)cc1,False
COc1ccc(-c2csc(-c3ccc4ncccc4c3)n2)cc1,samples_by_epoch/samples_epoch_006.csv,58,COc1ccc(-c2csc(-c3ccc4ncccc4c3)n2)cc1,True,6,generated,0.5714285714285714,COc1ccc2ncccc2c1,False
CCN1CC[n+]2c(ccc3ccccc32)C=C1Cc1ccc(CC(C)(C)C(=O)O)cc1,samples_by_epoch/samples_epoch_006.csv,59,CCN1CC[n+]2c(ccc3ccccc32)C=C1Cc1ccc(CC(C)(C)C(=O)O)cc1,True,6,generated,0.2647058823529412,F[B-]1(F)OC(c2ccccc2)=Cc2ccc3ccccc3[n+]21,False
Cc1ccc(-c2nnc(-c3ccc(-c4ccc(C=Cc5ccc(C)c(C)c5)s4)o3)o2)cc1,samples_by_epoch/samples_epoch_006.csv,60,Cc1ccc(-c2nnc(-c3ccc(-c4ccc(C=Cc5ccc(C)c(C)c5)s4)o3)o2)cc1,True,6,generated,0.37254901960784315,C(=C\c1ccc(-c2nnc(-c3ccccc3)o2)cc1)/c1ccc(-c2nnc(-c3ccccc3)o2)cc1,False
Cc1ccc(-c2ccc3c(c2)c2cc4c(-c5ccccc5F)c5c(c(-c6cccs6)c4nc2n3C)OCO5)s1,samples_by_epoch/samples_epoch_006.csv,61,Cc1ccc(-c2ccc3c(c2)c2cc4c(-c5ccccc5F)c5c(c(-c6cccs6)c4nc2n3C)OCO5)s1,True,6,generated,0.32926829268292684,CCn1c2ccc(-c3ccc(-c4ccncc4)s3)cc2c2cc(-c3ccc(-c4ccc(N(c5ccc(-c6cccs6)cc5)c5ccc(-c6cccs6)cc5)cc4)s3)ccc21,False
CCOC(=O)c1nc(-c2ccc(-c3nc(OC)no3)cc2)nc2c1[nH]c1ccccc12,samples_by_epoch/samples_epoch_006.csv,62,CCOC(=O)c1nc(-c2ccc(-c3nc(OC)no3)cc2)nc2c1[nH]c1ccccc12,True,6,generated,0.3194444444444444,CCOC(=O)c1cc(C(=O)OCC)c2cccc(OC)c2n1,False
O=C(c1ccc(C(F)(F)F)cc1)c1cncc(CC2(c3ccc(-c4ccccc4)cc3)C(=O)C(N(c3ccccc3)c3ccccc3)=Cc3ccccc32)c1,samples_by_epoch/samples_epoch_006.csv,63,O=C(c1ccc(C(F)(F)F)cc1)c1cncc(CC2(c3ccc(-c4ccccc4)cc3)C(=O)C(N(c3ccccc3)c3ccccc3)=Cc3ccccc32)c1,True,6,generated,0.2727272727272727,Cn1c(=O)cc(C(=O)c2ccccc2)c2sc(-c3ccc(C(F)(F)F)cc3)cc21,False
CC(C)COc1cccc2c1-c1ccccc1C2=O,samples_by_epoch/samples_epoch_006.csv,64,CC(C)COc1cccc2c1-c1ccccc1C2=O,True,6,generated,0.6363636363636364,COc1cccc2c1-c1ccccc1C2=O,False
CN(C)c1ccc(C(=O)C=Cc2ccc(N(C)CCO)cc2)cc1,samples_by_epoch/samples_epoch_006.csv,65,CN(C)c1ccc(C(=O)C=Cc2ccc(N(C)CCO)cc2)cc1,True,6,generated,0.7021276595744681,CCC(=O)Nc1ccc(C(=O)/C=C/c2ccc(N(C)CCO)cc2)cc1,False
O=C(c1ccccc1)c1[nH]c2cc3sc4ccccc4[nH]c=3ccc3c2c1C(=O)O3,samples_by_epoch/samples_epoch_006.csv,66,O=C(c1ccccc1)c1[nH]c2cc3sc4ccccc4[nH]c=3ccc3c2c1C(=O)O3,True,6,generated,0.29411764705882354,CSc1sc(C(=O)c2ccccc2)c2nn[nH]c(=O)c12,False
CC(C#N)=NC(=O)OC(C)(C)C,samples_by_epoch/samples_epoch_006.csv,67,CC(C#N)=NC(=O)OC(C)(C)C,True,6,generated,0.2153846153846154,COC(=O)C(NC(=O)OC(C)(C)C)c1ccc2oc(-c3ccc(C#N)cc3)nc2c1,False
CCC1(O)CCCCC2(C1)c1ccc(C(=O)NS(=O)(=O)Cc3cccs3)cc1-c1ccc(Cl)cc12,samples_by_epoch/samples_epoch_006.csv,68,CCC1(O)CCCCC2(C1)c1ccc(C(=O)NS(=O)(=O)Cc3cccs3)cc1-c1ccc(Cl)cc12,True,6,generated,0.2345679012345679,c1ccc2c(c1)Sc1ccccc1N2c1ccc2c(c1)C1(CCCC1)c1cc(N3c4ccccc4Sc4ccccc43)ccc1-2,False
CCCCOc1ccc(N(c2ccc(C=C(C#N)C(=O)O)cc2)c2ccc(C=C3SC(=S)NC3=O)c(OC)c2)cc1,samples_by_epoch/samples_epoch_006.csv,69,CCCCOc1ccc(N(c2ccc(C=C(C#N)C(=O)O)cc2)c2ccc(C=C3SC(=S)NC3=O)c(OC)c2)cc1,True,6,generated,0.5633802816901409,CCCCCCCCOc1ccc(N(c2ccc(/C=C(\C#N)C(=O)O)cc2)c2ccc(OCCCCCCCC)cc2)cc1,False
Cc1ccc2c(c1)C(=O)c1ccccc1C2,samples_by_epoch/samples_epoch_006.csv,70,Cc1ccc2c(c1)C(=O)c1ccccc1C2,True,6,generated,0.5,c1ccc2c(c1)Cc1cc3c(cc1-2)Cc1ccccc1-3,False
CN1CCN(N=Cc2cc3c(oc4ccccc43)c3c2=C2c4ccccc4C(=C4Nc5ccccc5N42)C=3)CC1,samples_by_epoch/samples_epoch_006.csv,71,CN1CCN(N=Cc2cc3c(oc4ccccc43)c3c2=C2c4ccccc4C(=C4Nc5ccccc5N42)C=3)CC1,True,6,generated,0.2619047619047619,Cn1c2ccccc2c2c(-c3ccccc3Br)c3oc4ccccc4c3cc21,False
Nc1ccc2cccc(-c3ccc(O)cc3)c2c1,samples_by_epoch/samples_epoch_006.csv,72,Nc1ccc2cccc(-c3ccc(O)cc3)c2c1,True,6,generated,0.4411764705882353,Nc1ccc2ccc(O)cc2c1,False
C[n+]1c(C=Cc2ccc(NCCCCn3c(C=Cc4ccc5c(c4)C(C)(C)c4cc(N6c7ccccc7Cc7ccccc76)ccc4-5)nc4ccccc43)cc2)sc2ccccc21,samples_by_epoch/samples_epoch_006.csv,73,C[n+]1c(C=Cc2ccc(NCCCCn3c(C=Cc4ccc5c(c4)C(C)(C)c4cc(N6c7ccccc7Cc7ccccc76)ccc4-5)nc4ccccc43)cc2)sc2ccccc21,True,6,generated,0.3263157894736842,CCC1(CC)c2cc(/C=C/c3ccc(/C=C/c4ccc5c(c4)C(CC)(CC)c4cc(N6c7ccccc7Sc7ccccc76)ccc4-5)cc3)ccc2-c2ccc(N3c4ccccc4Sc4ccccc43)cc21,False
CN(CCO)c1ccc(C=CC(=O)c2ccc(N3CCCCC3=O)cc2)cc1,samples_by_epoch/samples_epoch_006.csv,74,CN(CCO)c1ccc(C=CC(=O)c2ccc(N3CCCCC3=O)cc2)cc1,True,6,generated,0.546875,CN(CCO)c1ccc(/C=C/C(=O)c2ccc(NC(=O)C3CCC3)cc2)cc1,False
CCCCCN(CC)c1ccc(C(=O)C=Cc2ccc(-c3cnc4ccccc4n3)cc2)cc1,samples_by_epoch/samples_epoch_006.csv,75,CCCCCN(CC)c1ccc(C(=O)C=Cc2ccc(-c3cnc4ccccc4n3)cc2)cc1,True,6,generated,0.4246575342465753,CCCCCC(=O)Nc1ccc(C(=O)/C=C/c2ccc(N(C)CCO)cc2)cc1,False
O=C(O)CN1C(=O)C(=C(C(=O)O)N2CCCC3Sc4cc(C#Cc5ccc(N(c6ccccc6)c6ccccc6)cc5)ccc4C32)SC1=S,samples_by_epoch/samples_epoch_006.csv,76,O=C(O)CN1C(=O)C(=C(C(=O)O)N2CCCC3Sc4cc(C#Cc5ccc(N(c6ccccc6)c6ccccc6)cc5)ccc4C32)SC1=S,True,6,generated,0.4533333333333333,O=C(O)CN1C(=O)/C(=C/c2ccc(N(c3ccccc3)c3ccc(/C=C4/SC(=S)N(CC(=O)O)C4=O)cc3)cc2)SC1=S,False
CCCCCc1ccc(C=Cc2nc(C=Cc3ccc(N(c4ccccc4)c4ccccc4)cc3)nc(-c3ccc(C=C(C#N)C(=O)O)cc3)n2)cc1,samples_by_epoch/samples_epoch_006.csv,77,CCCCCc1ccc(C=Cc2nc(C=Cc3ccc(N(c4ccccc4)c4ccccc4)cc3)nc(-c3ccc(C=C(C#N)C(=O)O)cc3)n2)cc1,True,6,generated,0.6440677966101694,N#CC(=Cc1ccc(-c2nc(-c3ccc(N(c4ccccc4)c4ccccc4)cc3)nc(-c3ccc(N(c4ccccc4)c4ccccc4)cc3)n2)cc1)C(=O)O,False
N#CC(=Cc1ccc(C=Cc2ccc(-c3ccc(C#Cc4ccccc4)s3)s2)cc1)C(=O)O,samples_by_epoch/samples_epoch_006.csv,78,N#CC(=Cc1ccc(C=Cc2ccc(-c3ccc(C#Cc4ccccc4)s3)s2)cc1)C(=O)O,True,6,generated,0.6140350877192983,N#C/C(=C\c1ccc(-c2ccc(-c3ccc(/C=C/c4ccc(N(c5ccccc5)c5ccccc5)cc4)s3)s2)s1)C(=O)O,False
COc1ccc(C(=O)c2c(N)c3cc4c(cc3oc2=O)OCCO4)cc1,samples_by_epoch/samples_epoch_006.csv,79,COc1ccc(C(=O)c2c(N)c3cc4c(cc3oc2=O)OCCO4)cc1,True,6,generated,0.3508771929824561,COc1ccc2cc(C(=O)O)c(=O)oc2c1,False
CC[N+](CC)=c1ccc2c(-c3ccccc3C#N)c3ccc(N4CCCCC4)cc3oc-2c1,samples_by_epoch/samples_epoch_006.csv,80,CC[N+](CC)=c1ccc2c(-c3ccccc3C#N)c3ccc(N4CCCCC4)cc3oc-2c1,True,6,generated,0.5,Cc1ccccc1-c1c2ccc(=[N+]3CCCCC3)cc-2oc2cc(N3CCCCC3)ccc12,False
CN(C)c1ccc2c(c1)C(C)(C)c1ccccc1-2,samples_by_epoch/samples_epoch_006.csv,81,CN(C)c1ccc2c(c1)C(C)(C)c1ccccc1-2,True,6,generated,0.6111111111111112,C=Cc1ccc2c(c1)C(C)(C)c1cc(N(C)C)ccc1-2,False
O=C(C1=NN(c2ccccc2)C2CCCCCC12)c1ccc(F)cc1F,samples_by_epoch/samples_epoch_006.csv,82,O=C(C1=NN(c2ccccc2)C2CCCCCC12)c1ccc(F)cc1F,True,6,generated,0.2972972972972973,O=[N+]([O-])c1ccc(F)cc1C1CC(c2cccc3ccccc23)=NN1c1ccccc1,False
CC(=O)c1cc2c3c(-c4ccc(C(F)(F)F)cc4)n4c(c(C(=O)NCCCCCC(=O)O)c(c1)c24)C=CC(c1ccc(C(=O)O)cc1)=C3,samples_by_epoch/samples_epoch_006.csv,83,CC(=O)c1cc2c3c(-c4ccc(C(F)(F)F)cc4)n4c(c(C(=O)NCCCCCC(=O)O)c(c1)c24)C=CC(c1ccc(C(=O)O)cc1)=C3,True,6,generated,0.29896907216494845,CCN(CC)c1ccc2c(-c3ccc(C(=O)NCCCCCC(=O)O)cc3C(=O)O)c3ccc(N(CC)CC)cc3[o+]c2c1,False
CC(C)c1ccc2cc3c(nc2c1)NC(=O)CNC3=O,samples_by_epoch/samples_epoch_006.csv,84,CC(C)c1ccc2cc3c(nc2c1)NC(=O)CNC3=O,True,6,generated,0.2459016393442623,CC(C)c1cccc(-[n+]2nc3cc(C(C)C)ccc3c3ccccc32)c1,False
CCOC(=O)Cn1c(=O)sc2c(c1=O)C(N)=NC(=O)C(=Cc1ccc(N(c3ccccc3)c3ccc(Oc4ccc(OC)cc4)cc3)cc1)S2,samples_by_epoch/samples_epoch_008.csv,0,CCOC(=O)Cn1c(=O)sc2c(c1=O)C(N)=NC(=O)C(=Cc1ccc(N(c3ccccc3)c3ccc(Oc4ccc(OC)cc4)cc3)cc1)S2,True,8,generated,0.3625,O=C(O)CN1C(=O)/C(=C/c2ccc(N(c3ccccc3)c3ccc(/C=C4/SC(=S)N(CC(=O)O)C4=O)cc3)cc2)SC1=S,False
N#CC(=Cc1c(-c2ccccc2)[nH]c(-c2ccccc2)c1-c1ccccc1)C(=O)O,samples_by_epoch/samples_epoch_008.csv,1,N#CC(=Cc1c(-c2ccccc2)[nH]c(-c2ccccc2)c1-c1ccccc1)C(=O)O,True,8,generated,0.54,N#CC(=Cc1ccc(-c2nc(-c3ccccc3)c(-c3ccccc3)[nH]2)cc1)C(=O)O,False
Nc1ccc2nc(-c3ccccc3)cn2c1,samples_by_epoch/samples_epoch_008.csv,2,Nc1ccc2nc(-c3ccccc3)cn2c1,True,8,generated,0.4,Cc1cc(-c2ccccc2)nc2c1ccc1nc(-c3ccccc3)cn12,False
N#CC(=Cc1ccc(C=Cc2ccc(C=Cc3ccc(N(c4ccccc4)c4ccccc4)cc3)s2)s1)C(=O)O,samples_by_epoch/samples_epoch_008.csv,3,N#CC(=Cc1ccc(C=Cc2ccc(C=Cc3ccc(N(c4ccccc4)c4ccccc4)cc3)s2)s1)C(=O)O,True,8,generated,1.0,N#C/C(=C\c1ccc(/C=C/c2ccc(N(c3ccccc3)c3ccccc3)cc2)s1)C(=O)O,True
COc1ccccc1,samples_by_epoch/samples_epoch_008.csv,4,COc1ccccc1,True,8,generated,1.0,COc1ccccc1,True
CCCCCCOc1ccc(N(c2ccc(C#Cc3ccc(C(=O)O)cc3)cc2)c2ccc(OCCCCCC)cc2)cc1,samples_by_epoch/samples_epoch_008.csv,5,CCCCCCOc1ccc(N(c2ccc(C#Cc3ccc(C(=O)O)cc3)cc2)c2ccc(OCCCCCC)cc2)cc1,True,8,generated,0.76,CCCCCCOc1ccc(N(c2ccc(C#Cc3c4ccccc4c(C#CC#Cc4ccc(C(=O)O)cc4)c4ccccc34)cc2)c2ccc(OCCCCCC)cc2)cc1,False
Oc1ccc(Cl)cc1-n1nnc(-c2ccccc2)n1,samples_by_epoch/samples_epoch_008.csv,6,Oc1ccc(Cl)cc1-n1nnc(-c2ccccc2)n1,True,8,generated,0.3333333333333333,Clc1ccc(-n2ncc(-c3ccccc3)n2)cc1,False
COc1ccccc1-c1ccccn1,samples_by_epoch/samples_epoch_008.csv,7,COc1ccccc1-c1ccccn1,True,8,generated,0.4358974358974359,COc1ccc(-c2ccc(-c3cc(-c4ccccn4)nc(-c4ccccn4)c3)cc2)cc1,False
Cc1c2c(c(OC(=O)O)n1C)C(=O)c1cc(N(C)C)ccc1-2,samples_by_epoch/samples_epoch_008.csv,8,Cc1c2c(c(OC(=O)O)n1C)C(=O)c1cc(N(C)C)ccc1-2,True,8,generated,0.40425531914893614,CN(C)c1ccc2c(c1)C(=O)c1ccccc1-2,False
COC(=O)c1nc2cc(NC3CCCCC3)c3c(n2n1)-c1ccc([N+](=O)[O-])cc1C(C)(C)C3,samples_by_epoch/samples_epoch_008.csv,9,COC(=O)c1nc2cc(NC3CCCCC3)c3c(n2n1)-c1ccc([N+](=O)[O-])cc1C(C)(C)C3,True,8,generated,0.3068181818181818,CCCCCCCCc1nc2cc(C(=O)OC)ccn2c1NC1CCCCC1,False
C(=Cc1sc(N(c2ccccc2)c2ccccc2)nc1-c1ccccc1)c1ccc(N(c2ccccc2)c2ccccc2)cc1,samples_by_epoch/samples_epoch_008.csv,10,C(=Cc1sc(N(c2ccccc2)c2ccccc2)nc1-c1ccccc1)c1ccc(N(c2ccccc2)c2ccccc2)cc1,True,8,generated,0.5714285714285714,C(=C\c1ccc(N(c2ccc(/C=C/c3ccc(N(c4ccccc4)c4ccccc4)cc3)cc2)c2ccc(-c3nc4ccccc4nc3-c3ccc(N(c4ccc(/C=C/c5ccc(N(c6ccccc6)c6ccccc6)cc5)cc4)c4ccc(/C=C/c5ccc(N(c6ccccc6)c6ccccc6)cc5)cc4)cc3)cc2)cc1)/c1ccc(N(c2ccccc2)c2ccccc2)cc1,False
CC1(C)c2ccccc2-c2ccc(C#Cc3ccc(C(F)(F)F)cc3)cc21,samples_by_epoch/samples_epoch_008.csv,11,CC1(C)c2ccccc2-c2ccc(C#Cc3ccc(C(F)(F)F)cc3)cc21,True,8,generated,0.4418604651162791,FC(F)(F)c1ccc(C#Cc2cc(C#Cc3ccc(C(F)(F)F)cc3)c3ccc4c(C#Cc5ccc(C(F)(F)F)cc5)cc(C#Cc5ccc(C(F)(F)F)cc5)c5ccc2c3c54)cc1,False
CCN(CCCN(C)C)c1cccc2c(-c3ccc(OC)cc3)c3ccc(=[NH2+])cc-3oc12,samples_by_epoch/samples_epoch_008.csv,12,CCN(CCCN(C)C)c1cccc2c(-c3ccc(OC)cc3)c3ccc(=[NH2+])cc-3oc12,True,8,generated,0.676923076923077,CCN(CCCN(C)C)c1ccc2c(-c3ccc(OC)cc3)c3ccc(=[NH2+])cc-3oc2c1,False
N#CC(=Cc1ccc(-c2nc3ccccc3c3cc(-c4ccc(N(c5ccccc5)c5ccccc5)cc4)sc23)cc1)C(=O)O,samples_by_epoch/samples_epoch_008.csv,13,N#CC(=Cc1ccc(-c2nc3ccccc3c3cc(-c4ccc(N(c5ccccc5)c5ccccc5)cc4)sc23)cc1)C(=O)O,True,8,generated,0.6610169491525424,N#C/C(=C\c1ccc(-c2cc3sc(-c4ccc(N(c5ccccc5)c5ccccc5)cc4)cc3s2)cc1)C(=O)O,False
N#Cc1c(N)sc2c1CCC=CC2=O,samples_by_epoch/samples_epoch_008.csv,14,N#Cc1c(N)sc2c1CCC=CC2=O,True,8,generated,0.2558139534883721,N#Cc1cccc(N)c1C#N,False
CC(C)(C)c1ccc(-c2cc3cc4cc(C(C)(C)C)ccc4cc3c3cc(-c4ccccc4)cc(-c4ccccc4)c23)cc1,samples_by_epoch/samples_epoch_008.csv,15,CC(C)(C)c1ccc(-c2cc3cc4cc(C(C)(C)C)ccc4cc3c3cc(-c4ccccc4)cc(-c4ccccc4)c23)cc1,True,8,generated,0.44,CC(C)(C)c1ccc(-c2c3c(c(-c4ccccc4)c4cc5ccccc5cc24)Cc2c(c(-c4ccccc4)c4cc5ccccc5cc4c2-c2ccc(C(C)(C)C)cc2)C3)cc1,False
CCCCCCCCCCCCOC(=O)c1ccc2ccc3cccc4ccc1c2c34,samples_by_epoch/samples_epoch_008.csv,16,CCCCCCCCCCCCOC(=O)c1ccc2ccc3cccc4ccc1c2c34,True,8,generated,0.5853658536585366,COC(=O)c1ccc2ccc3cccc4ccc1c2c34,False
CCC#Cc1ccc(N(c2ccc(C#N)cc2)c2ccc(OCCCCCC)cc2)cc1,samples_by_epoch/samples_epoch_008.csv,17,CCC#Cc1ccc(N(c2ccc(C#N)cc2)c2ccc(OCCCCCC)cc2)cc1,True,8,generated,0.5454545454545454,CCCCCCOc1ccc(N(c2ccc(C#Cc3ccc(C#Cc4ccc(/C=C(\C#N)C(=O)O)cc4)cc3)cc2)c2ccc(OCCCCCC)cc2)cc1,False
N#Cc1ccc(NC(=O)c2cccc3ccccc23)cc1,samples_by_epoch/samples_epoch_008.csv,18,N#Cc1ccc(NC(=O)c2cccc3ccccc23)cc1,True,8,generated,0.44,N#Cc1ccc(N/N=C/c2ccc3ccccc3c2O)cc1,False
CC1(C)c2ccccc2-c2ccc(N(c3ccc(COCc4ccccn4)cc3)c3cc(C4OCCO4)ccc3-c3ccc(-n4ccc5c6c(ccc54)C(C)(C)c4ccccc4C6(C)C)cc3)cc21,samples_by_epoch/samples_epoch_008.csv,19,CC1(C)c2ccccc2-c2ccc(N(c3ccc(COCc4ccccn4)cc3)c3cc(C4OCCO4)ccc3-c3ccc(-n4ccc5c6c(ccc54)C(C)(C)c4ccccc4C6(C)C)cc3)cc21,True,8,generated,0.31683168316831684,CCO[Si](OCC)(OCC)c1ccc(-c2ccc(-c3ccc(N(c4ccc5c(c4)C(C)(C)c4ccccc4-5)c4ccc5c(c4)C(C)(C)c4ccccc4-5)cc3)s2)s1,False
CCCCCCN1C(=O)c2cccc3ccc(-c4ccc(C(F)(F)F)cc4)c(c23)C1=O,samples_by_epoch/samples_epoch_008.csv,20,CCCCCCN1C(=O)c2cccc3ccc(-c4ccc(C(F)(F)F)cc4)c(c23)C1=O,True,8,generated,0.6206896551724138,CCCCCCCCCCCCN1C(=O)c2ccc3c4c(-c5ccc(C(F)(F)F)cc5)cc5c6c(ccc(c7c(-c8ccc(C(F)(F)F)cc8)cc(c2c37)C1=O)c64)C(=O)N(CCCCCCCCCCCC)C5=O,False
CCOC(=O)c1nc(-c2ccc(OC)cc2)oc1-c1ccccc1O,samples_by_epoch/samples_epoch_008.csv,21,CCOC(=O)c1nc(-c2ccc(OC)cc2)oc1-c1ccccc1O,True,8,generated,0.5094339622641509,COC(=O)c1nc(-c2ccc(OC)cc2)oc1C,False
CC1(C)CC(=CC=Cc2ncc(-c3ccc(C(O)=C(C#N)C#N)s3)s2)CC(C)(C)N1,samples_by_epoch/samples_epoch_008.csv,22,CC1(C)CC(=CC=Cc2ncc(-c3ccc(C(O)=C(C#N)C#N)s3)s2)CC(C)(C)N1,True,8,generated,0.22727272727272727,N#C/C(=C/c1ccc(-c2ccc(-c3ccc(/C=C(\C#N)C(=O)O)s3)s2)s1)C(=O)O,False
CCCCCCCCCCCCCCn1c(=S)oc2ccccc21,samples_by_epoch/samples_epoch_008.csv,23,CCCCCCCCCCCCCCn1c(=S)oc2ccccc21,True,8,generated,0.5,CCCCCCn1c(=O)c2c3oc4ccccc4oc3c3c(=O)n(CCCCCC)c(=O)c3c2c1=O,False
COc1ccc(C=Cn2c(-c3cc(C)ccc3O)nc3ccccc32)cc1,samples_by_epoch/samples_epoch_008.csv,24,COc1ccc(C=Cn2c(-c3cc(C)ccc3O)nc3ccccc32)cc1,True,8,generated,0.38596491228070173,COc1ccc(/C=C/c2ccc3ccccc3n2)cc1,False
CN1c2ccc(C=Cc3ccc(-n4c5ccccc5c5ccccc54)cc3)cc2Sc2ccc(C=C(C#N)C(=O)O)cc21,samples_by_epoch/samples_epoch_008.csv,25,CN1c2ccc(C=Cc3ccc(-n4c5ccccc5c5ccccc54)cc3)cc2Sc2ccc(C=C(C#N)C(=O)O)cc21,True,8,generated,0.603448275862069,N#C/C(=C/c1ccc(-n2c3ccccc3c3ccccc32)cc1)C(=O)O,False
CCCCN1C(=O)c2cccc3c(N4Cc5cc6c(cc5CC4=O)OCO6)ccc(c23)C1=O,samples_by_epoch/samples_epoch_008.csv,26,CCCCN1C(=O)c2cccc3c(N4Cc5cc6c(cc5CC4=O)OCO6)ccc(c23)C1=O,True,8,generated,0.4838709677419355,CCCCN1C(=O)c2cccc3c(C#CC#Cc4ccc5c6c(cccc46)C(=O)N(CCCC)C5=O)ccc(c23)C1=O,False
C(#Cc1nc(-c2ccccc2)nc(-c2ccccc2)n1)c1ccccc1,samples_by_epoch/samples_epoch_008.csv,27,C(#Cc1nc(-c2ccccc2)nc(-c2ccccc2)n1)c1ccccc1,True,8,generated,0.5,C(#Cc1ccccc1)c1ccccc1,False
COc1cc(N(c2ccccc2)c2ccccc2)ccc1-c1sc(-c2ccc(-c3ccc(N(c4ccccc4)c4ccccc4)cc3)cc2)c(C#N)c1C#N,samples_by_epoch/samples_epoch_008.csv,28,COc1cc(N(c2ccccc2)c2ccccc2)ccc1-c1sc(-c2ccc(-c3ccc(N(c4ccccc4)c4ccccc4)cc3)cc2)c(C#N)c1C#N,True,8,generated,0.45454545454545453,COc1cc(N(c2ccccc2)c2ccc(C=C(C#N)C#N)c(OC)c2)ccc1C=C(C#N)C#N,False
CCCCc1cc2c(s1)c1sc(-c3nc(C=C(C#N)C(=O)O)c(-c4ccc(-c5ccc(C=C(C#N)C(=O)O)s5)cc4)n3CCCC)cc1c1sc3nc(-c4ccccc4OCCC)n(CCCC)c3c21,samples_by_epoch/samples_epoch_008.csv,29,CCCCc1cc2c(s1)c1sc(-c3nc(C=C(C#N)C(=O)O)c(-c4ccc(-c5ccc(C=C(C#N)C(=O)O)s5)cc4)n3CCCC)cc1c1sc3nc(-c4ccccc4OCCC)n(CCCC)c3c21,True,8,generated,0.4824561403508772,CCCCCCOc1ccc(N(c2ccc(OCCCCCC)cc2)c2ccc(-c3ccc(-c4nc5c6cc(-c7ccc(/C=C(\C#N)C(=O)O)s7)sc6c6sc(-c7ccc(/C=C(\C#N)C(=O)O)s7)cc6c5n4CCCCCC)s3)cc2)cc1,False
CCCCCCn1c(C=Cc2ccc(N(c3ccc(C)cc3)c3ccc(N(c4ccccc4)c4ccccc4)cc3)cc2)c(C(=O)OCC)c2cc(C(=O)O)ccc21,samples_by_epoch/samples_epoch_008.csv,30,CCCCCCn1c(C=Cc2ccc(N(c3ccc(C)cc3)c3ccc(N(c4ccccc4)c4ccccc4)cc3)cc2)c(C(=O)OCC)c2cc(C(=O)O)ccc21,True,8,generated,0.5294117647058824,CCCCCCCCn1c2ccc(/C=C/c3ccc(N(c4ccccc4)c4ccccc4)cc3)cc2c2cc3c(cc21)c1cc(/C=C/c2ccc(N(c4ccccc4)c4ccccc4)cc2)ccc1n3CCCCCCCC,False
CN1C(=O)C(C)(C)c2c(F)c(C#Cc3ccc(N(c4ccccc4)c4ccccc4)cc3)c3nsnc3c21,samples_by_epoch/samples_epoch_008.csv,31,CN1C(=O)C(C)(C)c2c(F)c(C#Cc3ccc(N(c4ccccc4)c4ccccc4)cc3)c3nsnc3c21,True,8,generated,0.37142857142857144,CCCCCCCCn1c(=O)c2cc3c(C#Cc4ccc(N(c5ccccc5)c5ccccc5)cc4)c4cc5c(=O)n(CCCCCCCC)c(=O)c5cc4c(C#Cc4ccc(N(c5ccccc5)c5ccccc5)cc4)c3cc2c1=O,False
COc1ccc2nc3c(c(C(C)=O)c2c1)C(=O)CC(C)(C)O3,samples_by_epoch/samples_epoch_008.csv,32,COc1ccc2nc3c(c(C(C)=O)c2c1)C(=O)CC(C)(C)O3,True,8,generated,0.359375,COc1ccc2nn(C)c(-c3ccc(C(C)=O)o3)c2c1,False
CC(C)(C)c1ccnc(-n2c3ccc(C(C)(C)C)cc3c3ccc(-c4ccc(-n5c6ccc(C(C)(C)C)cc6c6cc(C(C)(C)C)ccc65)cc4)cc32)c1,samples_by_epoch/samples_epoch_008.csv,33,CC(C)(C)c1ccnc(-n2c3ccc(C(C)(C)C)cc3c3ccc(-c4ccc(-n5c6ccc(C(C)(C)C)cc6c6cc(C(C)(C)C)ccc65)cc4)cc32)c1,True,8,generated,0.5531914893617021,CC(C)(C)c1ccc2c(c1)c1cc(C(C)(C)C)ccc1n2-c1ccc(N(c2ccc(-c3ccc(N(c4ccc(-n5c6ccc(C(C)(C)C)cc6c6cc(C(C)(C)C)ccc65)cc4)c4ccc(-n5c6ccc(C(C)(C)C)cc6c6cc(C(C)(C)C)ccc65)cc4)cc3)cc2)c2ccc(-n3c4ccc(C(C)(C)C)cc4c4cc(C(C)(C)C)ccc43)cc2)cc1,False
C(=Cc1cc2c3ccccc3oc2c2ccccc12)c1ccncc1,samples_by_epoch/samples_epoch_008.csv,34,C(=Cc1cc2c3ccccc3oc2c2ccccc12)c1ccncc1,True,8,generated,0.4666666666666667,C(=C\c1ccccc1/C=C/c1c2ccccc2cc2ccccc12)/c1ccncc1,False
Cn1c(C=Cc2ccc(C#N)cc2F)c2ccccn2c1=O,samples_by_epoch/samples_epoch_008.csv,35,Cn1c(C=Cc2ccc(C#N)cc2F)c2ccccn2c1=O,True,8,generated,0.3157894736842105,N#Cc1ccc(/C=C/C(F)(F)F)c(N)c1,False
COc1ccc(-c2cc(Cc3ccc(C=Cc4ccc(C=C(C#N)C#N)s4)c(C#Cc4ccccc4)c3)ccc2OC)cc1,samples_by_epoch/samples_epoch_008.csv,36,COc1ccc(-c2cc(Cc3ccc(C=Cc4ccc(C=C(C#N)C#N)s4)c(C#Cc4ccccc4)c3)ccc2OC)cc1,True,8,generated,0.38666666666666666,COc1ccc(N(c2ccc(OC)cc2)c2ccc(-c3ccc(C=C(C#N)C#N)s3)cc2)cc1,False
CCOC(=O)c1c(-c2ccc(F)cc2)cc2cc(OC)c(OCC)cc2c1C(=O)OCC,samples_by_epoch/samples_epoch_008.csv,37,CCOC(=O)c1c(-c2ccc(F)cc2)cc2cc(OC)c(OCC)cc2c1C(=O)OCC,True,8,generated,0.3709677419354839,CCOC(=O)c1cc(C(=O)OCC)c2cccc(OC)c2n1,False
CC(C(=O)O)c1cc(C2=c3ccc(-c4ccc5cc(N(C)C)ccc5c4)cc3=CC2=CN(C)CC2CCCCC2)cs1,samples_by_epoch/samples_epoch_008.csv,38,CC(C(=O)O)c1cc(C2=c3ccc(-c4ccc5cc(N(C)C)ccc5c4)cc3=CC2=CN(C)CC2CCCCC2)cs1,True,8,generated,0.2597402597402597,CCC(=O)c1ccc2cc(N(C)C)ccc2c1,False
CCCCn1c2ccccc2c2cc(-c3ccc(-n4c5ccccc5c5ccccc54)cc3)ccc21,samples_by_epoch/samples_epoch_008.csv,39,CCCCn1c2ccccc2c2cc(-c3ccc(-n4c5ccccc5c5ccccc54)cc3)ccc21,True,8,generated,0.6818181818181818,CCCCn1c2ccccc2c2ccc3c4cc(-c5ccccc5)ccc4n(CCCC)c3c21,False
c1ccc(-c2cccc3c4c5c(cccc5n(-c5ccccc5)c23)c(-c2ccccc2)n2c3ccccc3nc42)cc1,samples_by_epoch/samples_epoch_008.csv,40,c1ccc(-c2cccc3c4c5c(cccc5n(-c5ccccc5)c23)c(-c2ccccc2)n2c3ccccc3nc42)cc1,True,8,generated,0.43137254901960786,c1ccc(-c2nc3ccccc3nc2-c2ccc(-n3c4ccccc4c4ccccc43)cc2)cc1,False
CCC1(CC)c2ccc(-c3ccc(C=C(C#N)C(=O)O)s3)cc2-c2ccc(-c3ccc(C=C(C#N)C(=O)O)cc3)cc21,samples_by_epoch/samples_epoch_008.csv,41,CCC1(CC)c2ccc(-c3ccc(C=C(C#N)C(=O)O)s3)cc2-c2ccc(-c3ccc(C=C(C#N)C(=O)O)cc3)cc21,True,8,generated,0.75,CCC1(CC)c2cc(-c3ccc(N(c4ccccc4)c4ccccc4)cc3)ccc2-c2ccc(-c3ccc(/C=C(/C#N)C(=O)O)s3)cc21,False
CN(C)c1ccc(C=C2SC(N)=NC2=O)cc1,samples_by_epoch/samples_epoch_008.csv,42,CN(C)c1ccc(C=C2SC(N)=NC2=O)cc1,True,8,generated,0.4666666666666667,CC1=N/C(=C\c2ccc(N(C)C)cc2)C(=O)N1C,False
COc1ccc(C=Cc2cc(C)n(-c3ccccc3OC)c2C)cc1,samples_by_epoch/samples_epoch_008.csv,43,COc1ccc(C=Cc2cc(C)n(-c3ccccc3OC)c2C)cc1,True,8,generated,0.475,COc1ccc(/C=C/c2ccccc2)cc1,False
N#CC#Cc1cc(C(=O)O)ccc1NCc1nnc2ccccn12,samples_by_epoch/samples_epoch_008.csv,44,N#CC#Cc1cc(C(=O)O)ccc1NCc1nnc2ccccn12,True,8,generated,0.30158730158730157,N#Cc1ccc(-c2nnc3ccccn23)cc1,False
NC(=O)c1ccc(-c2ccc3c(N)nccc3c2)cc1,samples_by_epoch/samples_epoch_008.csv,45,NC(=O)c1ccc(-c2ccc3c(N)nccc3c2)cc1,True,8,generated,0.30434782608695654,COC(=O)c1ccnc(N)c1,False
CC(C)(C)c1ccc(C=Nc2ccc(C3=NC(C(=O)[O-])C(=Cc4ccc5c(c4)N(CCO)C(=O)C5=C(c4ccccc4)c4ccccc4)N3)cc2)cc1,samples_by_epoch/samples_epoch_008.csv,46,CC(C)(C)c1ccc(C=Nc2ccc(C3=NC(C(=O)[O-])C(=Cc4ccc5c(c4)N(CCO)C(=O)C5=C(c4ccccc4)c4ccccc4)N3)cc2)cc1,True,8,generated,0.26126126126126126,CCCCCCCCn1c2ccc(C=C3SC(=S)N(CC(=O)O)C3=O)cc2c2cc(-c3ccc(C(C)(C)C)cc3)ccc21,False
CCCCCCOc1cc(C=C(C#N)C(=O)O)cc(-n2c3ccccc3c3ccccc32)c1,samples_by_epoch/samples_epoch_008.csv,47,CCCCCCOc1cc(C=C(C#N)C(=O)O)cc(-n2c3ccccc3c3ccccc32)c1,True,8,generated,0.6,CCCCn1c2cc(/C=C(\C#N)C(=O)O)ccc2c2ccc(-n3c4ccccc4c4ccccc43)cc21,False
Nc1nc2ncc(-c3ccc(N(c4ccccc4)c4ccccc4)cc3)nc2n1-c1ccc(C(=O)O)cc1,samples_by_epoch/samples_epoch_008.csv,48,Nc1nc2ncc(-c3ccc(N(c4ccccc4)c4ccccc4)cc3)nc2n1-c1ccc(C(=O)O)cc1,True,8,generated,0.4406779661016949,O=C(O)c1ccc(-c2cnc(-c3ccc(N(c4ccccc4)c4ccccc4)cc3)s2)cc1,False
N#CC(=Cc1ccc(-c2cc(-c3ccc(C=C(C#N)C(=O)O)cc3)nc(-c3ccc(N(c4ccccc4)c4ccccc4)cc3)c2)cc1)C(=O)O,samples_by_epoch/samples_epoch_008.csv,49,N#CC(=Cc1ccc(-c2cc(-c3ccc(C=C(C#N)C(=O)O)cc3)nc(-c3ccc(N(c4ccccc4)c4ccccc4)cc3)c2)cc1)C(=O)O,True,8,generated,0.7906976744186046,N#C/C(=C\c1ccc(-c2ccc(-c3ccc(N(c4ccccc4)c4ccccc4)cc3)cc2)cc1)C(=O)O,False
CCCCCCC(CCCC)COc1ccc(N(c2ccc(-c3ccc(C=C(C#N)C(=O)O)cc3)cc2)c2ccc3c(c2)C(C)(C)c2ccccc2-3)cc1,samples_by_epoch/samples_epoch_008.csv,50,CCCCCCC(CCCC)COc1ccc(N(c2ccc(-c3ccc(C=C(C#N)C(=O)O)cc3)cc2)c2ccc3c(c2)C(C)(C)c2ccccc2-3)cc1,True,8,generated,0.6571428571428571,CC1(C)c2ccccc2-c2ccc(N(c3ccc(C=C(C#N)C(=O)O)cc3)c3ccc4c(c3)C(C)(C)c3ccccc3-4)cc21,False
c1ccc2c(c1)-c1ccc(-c3cc4sc5ccccc5n4c3)cc1C21c2cc(-c3ccncc3)ccc2-c2ccc(-c3nc4ccccc4s3)cc21,samples_by_epoch/samples_epoch_008.csv,51,c1ccc2c(c1)-c1ccc(-c3cc4sc5ccccc5n4c3)cc1C21c2cc(-c3ccncc3)ccc2-c2ccc(-c3nc4ccccc4s3)cc21,True,8,generated,0.509090909090909,c1ccc2c(c1)-c1ccccc1C21c2ccccc2-c2ccc(-c3ccncc3)cc21,False
CCn1c2ccccc2c2cc(C=Cc3ccc(C=C(C#N)c4ccc(C)cc4)s3)ccc21,samples_by_epoch/samples_epoch_008.csv,52,CCn1c2ccccc2c2cc(C=Cc3ccc(C=C(C#N)c4ccc(C)cc4)s3)ccc21,True,8,generated,0.6491228070175439,CCn1c2ccccc2c2cc(/C=C(\C#N)c3ccccc3)ccc21,False
Cc1ccc(-[n+]2c3ccccc3c(C#N)c3cc(-c4ccccc4)ccc32)cc1,samples_by_epoch/samples_epoch_008.csv,53,Cc1ccc(-[n+]2c3ccccc3c(C#N)c3cc(-c4ccccc4)ccc32)cc1,True,8,generated,0.3888888888888889,Cc1ccc(-c2cc(-c3ccccc3)c(C#N)c(=S)[nH]2)cc1,False
N#CC(=Cc1ccc(C=Cc2ccc(-c3ccc(N(c4ccccc4)c4ccccc4)cc3)s2)s1)C(=O)O,samples_by_epoch/samples_epoch_008.csv,54,N#CC(=Cc1ccc(C=Cc2ccc(-c3ccc(N(c4ccccc4)c4ccccc4)cc3)s2)s1)C(=O)O,True,8,generated,0.9090909090909091,N#C/C(=C/c1ccc(-c2ccc(N(c3ccccc3)c3ccccc3)cc2)s1)C(=O)O,False
Cc1cc2nc3cc(-c4ccccc4)ccc3n2cc1Cl,samples_by_epoch/samples_epoch_008.csv,55,Cc1cc2nc3cc(-c4ccccc4)ccc3n2cc1Cl,True,8,generated,0.3333333333333333,COc1ccc2c(c1)nc(-c1ccccc1)n2-c1ccccc1,False
COC(=O)c1ccc2c(=O)c3cc(OC)ccc3oc2c1,samples_by_epoch/samples_epoch_008.csv,56,COC(=O)c1ccc2c(=O)c3cc(OC)ccc3oc2c1,True,8,generated,0.4230769230769231,COc1ccc2c(CC(=O)O)cc(=O)oc2c1,False
C=C(CC1CO1)S(=O)(=O)[O-],samples_by_epoch/samples_epoch_008.csv,57,C=C(CC1CO1)S(=O)(=O)[O-],True,8,generated,0.15217391304347827,CC(=O)c1c2c(c(C(C)=O)c3c1OC(CC(=O)O)O3)OCO2,False
CCn1c2ccc(-c3ccc(C=C(C#N)C(=O)O)s3)cc2c2cc(-c3ccc(C=C(C#N)C(=O)O)s3)ccc21,samples_by_epoch/samples_epoch_008.csv,58,CCn1c2ccc(-c3ccc(C=C(C#N)C(=O)O)s3)cc2c2cc(-c3ccc(C=C(C#N)C(=O)O)s3)ccc21,True,8,generated,0.8653846153846154,CCn1c2ccccc2c2cc(-c3ccc(-c4ccc(-c5ccc(/C=C(/C#N)C(=O)O)s5)s4)s3)ccc21,False
Cc1ccc(N2C(=O)C(=c3sc(=C(C(C#N)=Cc4ccc(N(c5ccccc5)c5ccccc5)cc4)c4ccccc4)s3)SC2=S)cc1,samples_by_epoch/samples_epoch_008.csv,59,Cc1ccc(N2C(=O)C(=c3sc(=C(C(C#N)=Cc4ccc(N(c5ccccc5)c5ccccc5)cc4)c4ccccc4)s3)SC2=S)cc1,True,8,generated,0.44594594594594594,N#C/C(=C/c1ccc(N(c2ccc(N3c4ccccc4Sc4ccccc43)cc2)c2ccc(N3c4ccccc4Sc4ccccc43)cc2)cc1)C(=O)O,False
CSc1cc2cc3ccccc3cc2s1,samples_by_epoch/samples_epoch_008.csv,60,CSc1cc2cc3ccccc3cc2s1,True,8,generated,0.4,c1ccc2cc3ccccc3cc2c1,False
N#Cc1c2ccc[n+]-2c(-c2ccc(Cl)cc2)c(-c2ccc(Cl)cc2)c2ccc(Cl)cc12,samples_by_epoch/samples_epoch_008.csv,61,N#Cc1c2ccc[n+]-2c(-c2ccc(Cl)cc2)c(-c2ccc(Cl)cc2)c2ccc(Cl)cc12,True,8,generated,0.4523809523809524,N#Cc1c(C#N)c2cc(Cl)ccc2c2ccc(Cl)cc12,False
CNc1c(-c2ccc(-c3ccc(N(c4ccc(C)cc4)c4ccc(OC)cc4)cc3)s2)nc2c(C=C(C#N)C(=O)O)cccn12,samples_by_epoch/samples_epoch_008.csv,62,CNc1c(-c2ccc(-c3ccc(N(c4ccc(C)cc4)c4ccc(OC)cc4)cc3)s2)nc2c(C=C(C#N)C(=O)O)cccn12,True,8,generated,0.56,COc1ccc(N(c2ccc(OC)cc2)c2ccc(-c3ccc(-c4ccc(/C=C(\C#N)C(=O)O)s4)s3)cc2)cc1,False
O=C(Nc1cccc(CO)c1)c1ccccc1F,samples_by_epoch/samples_epoch_008.csv,63,O=C(Nc1cccc(CO)c1)c1ccccc1F,True,8,generated,0.39344262295081966,CN(CCO)c1ccc(/C=C/C(=O)c2ccc(NC(=O)c3ccccc3F)cc2)cc1,False
c1ccc2c3c([nH]c2c1)C1CCN(CC3)C1,samples_by_epoch/samples_epoch_008.csv,64,c1ccc2c3c([nH]c2c1)C1CCN(CC3)C1,True,8,generated,0.2727272727272727,c1ccc2c(c1)[nH]c1ncccc12,False
N#CC(=Cc1ccc(-n2c3ccccc3c3ccccc32)cc1)C(=O)O,samples_by_epoch/samples_epoch_008.csv,65,N#CC(=Cc1ccc(-n2c3ccccc3c3ccccc32)cc1)C(=O)O,True,8,generated,1.0,N#C/C(=C/c1ccc(-n2c3ccccc3c3ccccc32)cc1)C(=O)O,True
CCCCC(CC)c1ccc2c(c1)sc1c3ccccc3sc21,samples_by_epoch/samples_epoch_008.csv,66,CCCCC(CC)c1ccc2c(c1)sc1c3ccccc3sc21,True,8,generated,0.34545454545454546,CCCCC(CC)Cn1c2ccccc2c2ccc(-c3ccc4c5ccccc5n(CC(CC)CCCC)c4c3)cc21,False
COc1ccc(OC)c2[nH]c(=[NH2+])c(C)cc12,samples_by_epoch/samples_epoch_008.csv,67,COc1ccc(OC)c2[nH]c(=[NH2+])c(C)cc12,True,8,generated,0.3333333333333333,COc1ccc2c3cccc4c(OC)ccc(c5cccc1c52)c43,False
CC1CC(C)(C)N(Cc2cccc3cccnc23)c2ccc(C=C3C(=O)N(C(C(=O)O)C(C)C)C3=O)cc21,samples_by_epoch/samples_epoch_008.csv,68,CC1CC(C)(C)N(Cc2cccc3cccnc23)c2ccc(C=C3C(=O)N(C(C(=O)O)C(C)C)C3=O)cc21,True,8,generated,0.3333333333333333,CC1CC(C)(C)N(C)c2ccc(/C=C/c3cc[n+](CC(=O)O)cc3)cc21,False
O=C(O)CN1C(=O)C(=Cc2ccc(-n3cccc3)cc2)SC1=S,samples_by_epoch/samples_epoch_008.csv,69,O=C(O)CN1C(=O)C(=Cc2ccc(-n3cccc3)cc2)SC1=S,True,8,generated,0.6875,O=C(O)CN1C(=O)/C(=C/c2ccc(N(c3ccc(/C=C4/SC(=S)N(CC(=O)O)C4=O)cc3)c3ccc(/C=C4/SC(=S)N(CC(=O)O)C4=O)cc3)cc2)SC1=S,False
c1ccc2c(c1)Oc1ccccc1N2c1ccc(-c2ccncc2)cc1,samples_by_epoch/samples_epoch_008.csv,70,c1ccc2c(c1)Oc1ccccc1N2c1ccc(-c2ccncc2)cc1,True,8,generated,0.6341463414634146,c1ccc2c(c1)Oc1ccccc1N2c1ccc(-c2nc3ccncc3nc2-c2ccc(N3c4ccccc4Oc4ccccc43)cc2)cc1,False
Oc1ccccc1C=Cc1nc2ccccc2[nH]1,samples_by_epoch/samples_epoch_008.csv,71,Oc1ccccc1C=Cc1nc2ccccc2[nH]1,True,8,generated,0.6285714285714286,C(=C\c1nc2ccccc2[nH]1)/c1ccc(/C=C/c2nc3ccccc3[nH]2)cc1,False
COCCOc1c(-c2cc3c(ccc4ccccc43)[nH]2)cc2c(c1-c1nc3c(cnc4ncc(C=O)cc43)[nH]1)OCCO2,samples_by_epoch/samples_epoch_008.csv,72,COCCOc1c(-c2cc3c(ccc4ccccc43)[nH]2)cc2c(c1-c1nc3c(cnc4ncc(C=O)cc43)[nH]1)OCCO2,True,8,generated,0.25609756097560976,O=Cc1cnc(-c2c3ccccc3cc3ccccc23)nc1,False
Cn1c(-c2ccccc2)nc(-c2ccc(Br)cc2)c1-c1ccccc1,samples_by_epoch/samples_epoch_008.csv,73,Cn1c(-c2ccccc2)nc(-c2ccc(Br)cc2)c1-c1ccccc1,True,8,generated,0.44,CCCCn1c(-c2ccc(-c3nnc(-c4ccccc4)o3)cc2)nc(-c2ccccc2)c1-c1ccccc1,False
CCCCCCCCCCCCOc1ccc(-c2nnc(-c3ccc(-c4ccc(C=C(C#N)C(=O)O)o4)cc3)o2)cc1,samples_by_epoch/samples_epoch_008.csv,74,CCCCCCCCCCCCOc1ccc(-c2nnc(-c3ccc(-c4ccc(C=C(C#N)C(=O)O)o4)cc3)o2)cc1,True,8,generated,0.8103448275862069,CCCCCCOc1ccc(N(c2ccc(OCCCCCC)cc2)c2ccc(-c3ccc(C=C(C#N)C(=O)O)o3)cc2)cc1,False
Cc1ccc2nc(-c3ccc(C(F)(F)F)cc3)nn2c1,samples_by_epoch/samples_epoch_008.csv,75,Cc1ccc2nc(-c3ccc(C(F)(F)F)cc3)nn2c1,True,8,generated,0.41509433962264153,Cc1ccc(-c2nc3nccc(-c4cc(C(F)(F)F)cc(C(F)(F)F)c4)n3n2)cc1,False
CN(C)c1ccc(C=CC(=O)O)cc1,samples_by_epoch/samples_epoch_008.csv,76,CN(C)c1ccc(C=CC(=O)O)cc1,True,8,generated,1.0,CN(C)c1ccc(/C=C/C(=O)O)cc1,True
N#Cc1cc(-c2ccc(NN=Cc3ccc(-c4ccc5c(c4)c4ccccc4n5-c4ccccc4)cc3)cc2)ccn1,samples_by_epoch/samples_epoch_008.csv,77,N#Cc1cc(-c2ccc(NN=Cc3ccc(-c4ccc5c(c4)c4ccccc4n5-c4ccccc4)cc3)cc2)ccn1,True,8,generated,0.43548387096774194,O=S(=O)(c1ccc(-c2ccc3c(c2)c2ccccc2n3-c2ccccc2)cc1)c1ccc(-c2ccc3c(c2)c2ccccc2n3-c2ccccc2)cc1,False
Oc1ccccc1-c1nc(-c2ccccc2)cs1,samples_by_epoch/samples_epoch_008.csv,78,Oc1ccccc1-c1nc(-c2ccccc2)cs1,True,8,generated,0.4864864864864865,Oc1ccccc1-c1nc2ccccc2s1,False
CC1(C)c2ccccc2-c2ncccc21,samples_by_epoch/samples_epoch_008.csv,79,CC1(C)c2ccccc2-c2ncccc21,True,8,generated,0.6333333333333333,c1ccc2c(c1)-c1ccccc1C21c2ccccc2-c2ncccc21,False
O=C1c2ccccc2C(=O)c2cc([N+](=O)[O-])ccc21,samples_by_epoch/samples_epoch_008.csv,80,O=C1c2ccccc2C(=O)c2cc([N+](=O)[O-])ccc21,True,8,generated,0.4883720930232558,O=C1C=C(Nc2ccc([N+](=O)[O-])cc2[N+](=O)[O-])C(=O)c2ccccc21,False
COc1cc(OC)c(-c2cc(=O)cc(-c3cc(C)nc4ccsc34)o2)cc1OC,samples_by_epoch/samples_epoch_008.csv,81,COc1cc(OC)c(-c2cc(=O)cc(-c3cc(C)nc4ccsc34)o2)cc1OC,True,8,generated,0.32727272727272727,COc1cc2cc(-c3cc4cc(OC)c(OC)cc4oc3=O)oc2cc1OC,False
Cc1c(C(=O)NS(=O)(=O)C2CCCCC2)ccc2c(-c3ccc(N4C=NC(C)C4)cc3F)ccn12,samples_by_epoch/samples_epoch_008.csv,82,Cc1c(C(=O)NS(=O)(=O)C2CCCCC2)ccc2c(-c3ccc(N4C=NC(C)C4)cc3F)ccn12,True,8,generated,0.25263157894736843,COC(=O)c1ccn2c(NC3CCCCC3)c(/C(C)=C/c3ccccc3)nc2c1,False
COCC(C)n1c(N)c(C#N)c2c1CCCC2,samples_by_epoch/samples_epoch_008.csv,83,COCC(C)n1c(N)c(C#N)c2c1CCCC2,True,8,generated,0.2727272727272727,CCOC(=O)c1sc2nc3c(c(C#N)c2c1N)CCCC3,False
CN(CCO)c1ccc(C=CC(=O)c2ccc(NC(=O)c3cncc(Br)c3)cc2)cc1,samples_by_epoch/samples_epoch_008.csv,84,CN(CCO)c1ccc(C=CC(=O)c2ccc(NC(=O)c3cncc(Br)c3)cc2)cc1,True,8,generated,1.0,CN(CCO)c1ccc(/C=C/C(=O)c2ccc(NC(=O)c3cncc(Br)c3)cc2)cc1,True
CN(C)c1ccc(-c2ccc(C=Cc3nnn(Cc4ccccc4)n3)c(C#N)c2C#N)cc1,samples_by_epoch/samples_epoch_010.csv,0,CN(C)c1ccc(-c2ccc(C=Cc3nnn(Cc4ccccc4)n3)c(C#N)c2C#N)cc1,True,10,generated,0.3389830508474576,CN(C)c1ccc(-c2ccc(-c3ccc(N(C)C)cc3)c3nc(-c4ccccc4)c(-c4ccccc4)nc23)cc1,False
CCCCOc1ccc(C2=C3C(=O)N(c4ccc(C)cc4)C(=O)C3CC=C2c2ccccc2)cc1,samples_by_epoch/samples_epoch_010.csv,1,CCCCOc1ccc(C2=C3C(=O)N(c4ccc(C)cc4)C(=O)C3CC=C2c2ccccc2)cc1,True,10,generated,0.323943661971831,CCCCOc1ccc2cc(-c3ccc(C)cc3)c(=O)oc2c1,False
CC(C(=O)O)=C(C#Cc1ccc(C#Cc2ccc(C(=O)O)cc2)c(-c2ccc(N(C)C)cc2)c1)C(=O)O,samples_by_epoch/samples_epoch_010.csv,2,CC(C(=O)O)=C(C#Cc1ccc(C#Cc2ccc(C(=O)O)cc2)c(-c2ccc(N(C)C)cc2)c1)C(=O)O,True,10,generated,0.4,COC(=O)c1ccc(C#Cc2ccc(N(C)C)cc2)cc1,False
Cc1ccc(N2c3ccc(OCCCCCCCCn4cc(-c5cccc(-n6c7ccccc7c7ccccc76)c5)nn4)cc3C3CCCC32)cc1,samples_by_epoch/samples_epoch_010.csv,3,Cc1ccc(N2c3ccc(OCCCCCCCCn4cc(-c5cccc(-n6c7ccccc7c7ccccc76)c5)nn4)cc3C3CCCC32)cc1,True,10,generated,0.39215686274509803,CCCCCCOc1c2cc(-c3ccc4c(c3)[C@H]3CCC[C@H]3N4c3ccc(C)cc3)sc2c(OCCCCCC)c2cc(-c3cnc(C(=O)O)nc3)sc12,False
COc1ccc(C(=O)Nc2ccc(C(C)=O)cc2)cc1OC,samples_by_epoch/samples_epoch_010.csv,4,COc1ccc(C(=O)Nc2ccc(C(C)=O)cc2)cc1OC,True,10,generated,0.525,CC(=O)c1ccc(NC(=O)c2ccc(N(C)C)cc2)cc1,False
CCCCC(CC)COc1ccc2c(-c3ccc(C=C(C#N)C(=O)O)s3)c3ccc(N(CCCC)CCCC)cc3c(-c3ccc(C=O)s3)c2c1,samples_by_epoch/samples_epoch_010.csv,5,CCCCC(CC)COc1ccc2c(-c3ccc(C=C(C#N)C(=O)O)s3)c3ccc(N(CCCC)CCCC)cc3c(-c3ccc(C=O)s3)c2c1,True,10,generated,0.6144578313253012,CCCCC[C@H](CC)COc1ccc(N(c2ccc(OC[C@@H](CC)CCCC)cc2)c2ccc(-c3ccc(-c4ccc(/C=C(\C#N)C(=O)O)s4)s3)cc2)cc1,False
CCCCCOc1ccc2c(c1)c1c3c(Br)ccc4ccc5cccc(c1c(=O)n2CCCC)c5c43,samples_by_epoch/samples_epoch_010.csv,6,CCCCCOc1ccc2c(c1)c1c3c(Br)ccc4ccc5cccc(c1c(=O)n2CCCC)c5c43,True,10,generated,0.4925373134328358,CCCCCOc1ccc2c(c1)c1ccc3cccc4c5cccc6oc(=O)c2c(c65)c1c34,False
COC(=O)c1sc(NC(=O)c2cc(C)ccc2OC)nc1C,samples_by_epoch/samples_epoch_010.csv,7,COC(=O)c1sc(NC(=O)c2cc(C)ccc2OC)nc1C,True,10,generated,0.425531914893617,COC(=O)c1cc(OC)ccc1OC,False
C#Cc1cc(-c2cnn(C)n2)cc(-c2c3c(c(-c4ccc(C=O)s4)c4ncccc24)NC(C)(C)N3)n1,samples_by_epoch/samples_epoch_010.csv,8,C#Cc1cc(-c2cnn(C)n2)cc(-c2c3c(c(-c4ccc(C=O)s4)c4ncccc24)NC(C)(C)N3)n1,True,10,generated,0.3372093023255814,CCCCn1c(-c2ccc(-c3ccc(C=O)s3)s2)nc2c3cccnc3c3ncccc3c21,False
CCCCCCCCCCCCOC(=O)C(=Cc1ccc(N(CCCCCC)c2ccc(-c3cc(C(=O)OCCCCCCCCCCCC)sc3C=C(C#N)C(=O)O)cc2)s1)C(=O)OC,samples_by_epoch/samples_epoch_010.csv,9,CCCCCCCCCCCCOC(=O)C(=Cc1ccc(N(CCCCCC)c2ccc(-c3cc(C(=O)OCCCCCCCCCCCC)sc3C=C(C#N)C(=O)O)cc2)s1)C(=O)OC,True,10,generated,0.45977011494252873,CCCCCCN(c1ccc(/C=C(\C#N)c2ccc(/C=C(\C#N)C(=O)O)s2)cc1)c1ccc(/C=C(\C#N)c2ccc(/C=C(\C#N)C(=O)O)s2)cc1,False
Fc1cc(F)c2nc(-c3cnccn3)[nH]c2c1,samples_by_epoch/samples_epoch_010.csv,10,Fc1cc(F)c2nc(-c3cnccn3)[nH]c2c1,True,10,generated,0.2545454545454545,Fc1ccc(-c2ccc(-c3cc(-c4ccccn4)nc(-c4ccccn4)c3)cc2)c(F)c1,False
CN(CCO)c1ccc(C=CC(=O)c2ccc(NC(=O)c3c(Cl)cccc3Cl)cc2)cc1,samples_by_epoch/samples_epoch_010.csv,11,CN(CCO)c1ccc(C=CC(=O)c2ccc(NC(=O)c3c(Cl)cccc3Cl)cc2)cc1,True,10,generated,0.875,CN(CCO)c1ccc(/C=C/C(=O)c2ccc(NC(=O)c3c(F)cccc3Cl)cc2)cc1,False
CCCCCCCCCOc1ccc(C=NN(c2ccccc2)c2ccccc2)cc1,samples_by_epoch/samples_epoch_010.csv,12,CCCCCCCCCOc1ccc(C=NN(c2ccccc2)c2ccccc2)cc1,True,10,generated,0.48333333333333334,CCCCCCCCOc1c(/C=C(/C#N)C(=O)O)sc(/C=N/N(c2ccccc2)c2ccccc2)c1OCCCCCCCC,False
CCC(=CC=C(C#N)C(=O)O)CN1C(=O)C(=Cc2ccc(NC3CC3)c([N+](=O)[O-])c2)c2ccccc21,samples_by_epoch/samples_epoch_010.csv,13,CCC(=CC=C(C#N)C(=O)O)CN1C(=O)C(=Cc2ccc(NC3CC3)c([N+](=O)[O-])c2)c2ccccc21,True,10,generated,0.3333333333333333,CCN1c2ccccc2CCc2cc(/C=C(\C#N)C(=O)O)ccc21,False
CN(C)c1ccccc1-c1ccc(C=C2SC(=S)N(CC(=O)O)C2=O)o1,samples_by_epoch/samples_epoch_010.csv,14,CN(C)c1ccccc1-c1ccc(C=C2SC(=S)N(CC(=O)O)C2=O)o1,True,10,generated,0.6307692307692307,O=C(O)CN1C(=O)C(=Cc2ccc(-c3ccc4ccc5cccc6ccc3c4c56)o2)SC1=S,False
CCCCC(CC)Cn1c2ccccc2c2ccc(N(c3ccc(-c4sc(C=C(C#N)C(=O)O)c5c4C(=O)c4cc(-c6cccs6)ccc4-5)cc3)c3ccc4c(c3)oc3ccccc34)cc21,samples_by_epoch/samples_epoch_010.csv,15,CCCCC(CC)Cn1c2ccccc2c2ccc(N(c3ccc(-c4sc(C=C(C#N)C(=O)O)c5c4C(=O)c4cc(-c6cccs6)ccc4-5)cc3)c3ccc4c(c3)oc3ccccc34)cc21,True,10,generated,0.5377358490566038,CCCCC(CC)Cn1c2cc(-c3ccc(N(c4ccccc4)c4ccccc4)cc3)ccc2c2cc3c(cc21)c1ccc(-c2ccc(/C=C(\C#N)C(=O)O)s2)cc1n3CC(CC)CCCC,False
CN(CCO)c1ccc(C=Cc2ccc3nc(C=C(C#N)C(=O)O)sc3c2)cc1,samples_by_epoch/samples_epoch_010.csv,16,CN(CCO)c1ccc(C=Cc2ccc3nc(C=C(C#N)C(=O)O)sc3c2)cc1,True,10,generated,0.625,N#C/C(=C/c1ccc2nc(/C=C/c3ccc(N(c4ccccc4)c4ccccc4)cc3)sc2c1)C(=O)O,False
c1ccc(-c2ccc(-c3c4ccccc4c(-c4ccccc4)c4cc5ccccc5cc34)cc2)cc1,samples_by_epoch/samples_epoch_010.csv,17,c1ccc(-c2ccc(-c3c4ccccc4c(-c4ccccc4)c4cc5ccccc5cc34)cc2)cc1,True,10,generated,0.9090909090909091,c1ccc(-c2c3ccccc3c(-c3ccccc3)c3cc4ccccc4cc23)cc1,False
c1ccc2c(c1)nc1n(-c3ccc(-n4c5ccccc5c5ccccc54)cc3)c3ccccc3n21,samples_by_epoch/samples_epoch_010.csv,18,c1ccc2c(c1)nc1n(-c3ccc(-n4c5ccccc5c5ccccc54)cc3)c3ccccc3n21,True,10,generated,0.5526315789473685,c1ccc2nc(-c3ccc(-n4c5ccccc5c5ccccc54)cc3)c(-c3ccc(-n4c5ccccc5c5ccccc54)cc3)nc2c1,False
CCCSC1=C(C#Cc2ccc(N(c3ccccc3)c3ccccc3)cc2)C(=C(C#N)C#N)C1=O,samples_by_epoch/samples_epoch_010.csv,19,CCCSC1=C(C#Cc2ccc(N(c3ccccc3)c3ccccc3)cc2)C(=C(C#N)C#N)C1=O,True,10,generated,0.41379310344827586,N#CC(=Cc1ccc(C#Cc2ccc(N(c3ccccc3)c3ccccc3)cc2)cc1)C(=O)O,False
C=CCn1c(-c2ccc(OC)c(OC)c2)nc2sc(CCC)c(CCC)c2c1=O,samples_by_epoch/samples_epoch_010.csv,20,C=CCn1c(-c2ccc(OC)c(OC)c2)nc2sc(CCC)c(CCC)c2c1=O,True,10,generated,0.2948717948717949,CCn1c(=O)c2c(nc(/C=C/c3ccc(OC)c(OC)c3)n2C)n(CC)c1=O,False
CC(C=Cc1c(C#N)cc2c3c1CCCN3CCC2)=C1C(=O)c2cc(C(=O)O)c(C)cc2N1C,samples_by_epoch/samples_epoch_010.csv,21,CC(C=Cc1c(C#N)cc2c3c1CCCN3CCC2)=C1C(=O)c2cc(C(=O)O)c(C)cc2N1C,True,10,generated,0.3717948717948718,O=C(O)c1ccc(-c2c3cc4c5c(c3[o+]c3c6c7c(cc23)CCCN7CCC6)CCCN5CCC4)c(C(=O)O)c1,False
CCCCC1(CCCC)c2ccccc2-c2cc(C=C(C#N)C(=O)O)c(-c3ccc(-c4ccc5c(c4)S(=O)(=O)c4ccccc4-5)cc3)cc21,samples_by_epoch/samples_epoch_010.csv,22,CCCCC1(CCCC)c2ccccc2-c2cc(C=C(C#N)C(=O)O)c(-c3ccc(-c4ccc5c(c4)S(=O)(=O)c4ccccc4-5)cc3)cc21,True,10,generated,0.5522388059701493,CCCCCCC1(CCCCCC)c2ccccc2-c2ccc(-c3ccc4c(c3)S(=O)(=O)c3cc(-c5ccc6c(c5)C(CCCCCC)(CCCCCC)c5ccccc5-6)ccc3-4)cc21,False
O=C(O)c1ccc2c(c1)c(=O)oc1cc(O)c(O)cc12,samples_by_epoch/samples_epoch_010.csv,23,O=C(O)c1ccc2c(c1)c(=O)oc1cc(O)c(O)cc12,True,10,generated,0.3888888888888889,O=C(O)c1ccc(-c2c3ccc(=O)cc-3oc3cc(O)ccc23)c(C(=O)O)c1,False
O=[N+]([O-])c1ccc(Br)c(-c2nc(-c3ccccc3)c(-c3ccccc3)o2)c1,samples_by_epoch/samples_epoch_010.csv,24,O=[N+]([O-])c1ccc(Br)c(-c2nc(-c3ccccc3)c(-c3ccccc3)o2)c1,True,10,generated,0.5,c1ccc(-c2nc(-c3nc(-c4ccccc4)c(-c4ccccc4)o3)oc2-c2ccccc2)cc1,False
CC1=C2C(=C3CC=CC=C3C1(C)C)SC(=C1SC(=O)NC1=O)N2CC(=O)O,samples_by_epoch/samples_epoch_010.csv,25,CC1=C2C(=C3CC=CC=C3C1(C)C)SC(=C1SC(=O)NC1=O)N2CC(=O)O,True,10,generated,0.24390243902439024,CCN1/C(=C\C=C2/SC(=S)N(CC(=O)O)C2=O)C(C)(C)c2ccccc21,False
CCCCCCCCN1C(=O)C(=Cc2sc(C=C(C#N)C(=O)O)c(C)c2C)c2cc(C(=O)O)ccc21,samples_by_epoch/samples_epoch_010.csv,26,CCCCCCCCN1C(=O)C(=Cc2sc(C=C(C#N)C(=O)O)c(C)c2C)c2cc(C(=O)O)ccc21,True,10,generated,0.5,CCCCCCN1C(=O)/C(=C2/C(=O)N(CCCCCC)c3cc(-c4ccc(/C=C(\C#N)C(=O)O)s4)ccc32)c2ccc(-c3ccc(/C=C(\C#N)C(=O)O)s3)cc21,False
Oc1ccc(-c2ccccc2)cc1,samples_by_epoch/samples_epoch_010.csv,27,Oc1ccc(-c2ccccc2)cc1,True,10,generated,0.6666666666666666,c1ccc(-c2ccc(-c3ccc(-c4ccccc4)cc3)cc2)cc1,False
Cn1c(-c2ccccc2)nc(-c2ccccc2)c1-c1ccccc1,samples_by_epoch/samples_epoch_010.csv,28,Cn1c(-c2ccccc2)nc(-c2ccccc2)c1-c1ccccc1,True,10,generated,0.4666666666666667,CCCCn1c(-c2ccc(-c3nnc(-c4ccccc4)o3)cc2)nc(-c2ccccc2)c1-c1ccccc1,False
COc1ccc2oc(=O)c(CC(NC3C=C(SC)NC(C)N3)C(=O)O)cc2c1,samples_by_epoch/samples_epoch_010.csv,29,COc1ccc2oc(=O)c(CC(NC3C=C(SC)NC(C)N3)C(=O)O)cc2c1,True,10,generated,0.34782608695652173,COc1ccc2oc(-c3cc4cc(OC)ccc4oc3=O)cc2c1,False
CCCCCCCCC1(c2cc(-c3sccc3CCCCCC)sc2-c2ccc(-c3ccc(-n4c5ccc(C(C)(C)C)cc5c5cc(C(C)(C)C)ccc54)cc3)s2)CCCC1,samples_by_epoch/samples_epoch_010.csv,30,CCCCCCCCC1(c2cc(-c3sccc3CCCCCC)sc2-c2ccc(-c3ccc(-n4c5ccc(C(C)(C)C)cc5c5cc(C(C)(C)C)ccc54)cc3)s2)CCCC1,True,10,generated,0.44594594594594594,CC(C)(C)c1ccc2c(c1)c1cc(C(C)(C)C)ccc1n2-c1ccc(N(c2ccc(-c3ccc(-c4ccc(N(c5ccc(-n6c7ccc(C(C)(C)C)cc7c7cc(C(C)(C)C)ccc76)cc5)c5ccc(-n6c7ccc(C(C)(C)C)cc7c7cc(C(C)(C)C)ccc76)cc5)cc4)s3)cc2)c2ccc(-n3c4ccc(C(C)(C)C)cc4c4cc(C(C)(C)C)ccc43)cc2)cc1,False
CCCCCCN1C(=CC2=C([O-])C(CCC)C2=C(C#N)C#N)Sc2ccccc21,samples_by_epoch/samples_epoch_010.csv,31,CCCCCCN1C(=CC2=C([O-])C(CCC)C2=C(C#N)C#N)Sc2ccccc21,True,10,generated,0.5569620253164557,CCCCCCCN1C(=CC2=C([O-])C(=Cc3sc4ccccc4[n+]3CCCCCCC)C2=C(C#N)C#N)Sc2ccccc21,False
COCCOc1cc(-c2ccc(-c3ccc(C4=CCCC5=C4CCCC(C(=O)O)=C5)cc3)s2)[nH]c1-c1ccc(-c2ccc(C=C(C#N)C(=O)O)s2)cc1,samples_by_epoch/samples_epoch_010.csv,32,COCCOc1cc(-c2ccc(-c3ccc(C4=CCCC5=C4CCCC(C(=O)O)=C5)cc3)s2)[nH]c1-c1ccc(-c2ccc(C=C(C#N)C(=O)O)s2)cc1,True,10,generated,0.40217391304347827,CCCCOc1ccc(N(c2ccc(-c3ccc(/C=C(\C#N)C(=O)O)s3)cc2)c2ccc(-c3ccc(/C=C(\C#N)C(=O)O)s3)cc2)cc1,False
COc1ccc2oc(=O)c(C=Cc3ccccc3)cc2c1,samples_by_epoch/samples_epoch_010.csv,33,COc1ccc2oc(=O)c(C=Cc3ccccc3)cc2c1,True,10,generated,0.8292682926829268,COc1ccc2cc(/C=C/c3ccccc3)c(=O)oc2c1,False
CN(C)c1ccc(C#Cc2c3c#cc(C(C)(C)C)ccccc(N(C)C)c4c5cc(C#Cc6cccc([N+](=O)[O-])c6)ccc4c2c2c(c3)Sc3ccccc3-c52)cc1,samples_by_epoch/samples_epoch_010.csv,34,CN(C)c1ccc(C#Cc2c3c#cc(C(C)(C)C)ccccc(N(C)C)c4c5cc(C#Cc6cccc([N+](=O)[O-])c6)ccc4c2c2c(c3)Sc3ccccc3-c52)cc1,True,10,generated,0.2840909090909091,CN(C)c1ccc(C#Cc2ccc3c(N(C)C)cc(-c4ccccc4)cc3c2)cc1,False
CC1CCC(C(C)(C)C)CC1N1c2ccccc2Sc2cc(-c3ccc(N(c4ccccc4)c4ccccc4)cc3)ccc21,samples_by_epoch/samples_epoch_010.csv,35,CC1CCC(C(C)(C)C)CC1N1c2ccccc2Sc2cc(-c3ccc(N(c4ccccc4)c4ccccc4)cc3)ccc21,True,10,generated,0.34375,c1ccc(N(c2ccccc2)c2ccc(-c3ccc4c(c3)C3(c5cc(-c6ccc(N(c7ccccc7)c7ccccc7)cc6)ccc5S4)c4ccccc4-c4ccccc43)cc2)cc1,False
CCCCCCCN1c2ccc(C=C3SC(=S)N(CC(=O)O)C3=O)cc2Sc2cc(C=C(C#N)C(=O)O)sc21,samples_by_epoch/samples_epoch_010.csv,36,CCCCCCCN1c2ccc(C=C3SC(=S)N(CC(=O)O)C3=O)cc2Sc2cc(C=C(C#N)C(=O)O)sc21,True,10,generated,0.6375,CCCCCCN1c2ccc(/C=C3\SC(=S)N(CC(=O)O)C3=O)cc2Sc2cc(-c3ccc(C)cc3)ccc21,False
CCN(CC)c1ccc(-c2nc(-c3ccc([N+](=O)[O-])cc3)[nH]c2-c2ccccc2)cc1,samples_by_epoch/samples_epoch_010.csv,37,CCN(CC)c1ccc(-c2nc(-c3ccc([N+](=O)[O-])cc3)[nH]c2-c2ccccc2)cc1,True,10,generated,0.5846153846153846,N#CC(=Cc1ccc(N(c2ccccc2)c2ccc(-c3nc(-c4ccccc4)c(-c4ccccc4)[nH]3)cc2)cc1)c1ccc([N+](=O)[O-])cc1,False
CCN(CC)c1cc2c(cc1C(C)(C)C)C(=O)c1ccccc1C2=O,samples_by_epoch/samples_epoch_010.csv,38,CCN(CC)c1cc2c(cc1C(C)(C)C)C(=O)c1ccccc1C2=O,True,10,generated,0.3902439024390244,CN(C)c1ccc2c(c1)C(=O)c1ccccc1-2,False
CCN(CC)c1ccc(-c2nc3ccccc3s2)cc1,samples_by_epoch/samples_epoch_010.csv,39,CCN(CC)c1ccc(-c2nc3ccccc3s2)cc1,True,10,generated,0.717391304347826,CCN(CC)c1ccc(-c2nc(Oc3ccc(-c4nc5ccccc5s4)cc3)nc(Oc3ccc(-c4nc5ccccc5s4)cc3)n2)cc1,False
CCC1=C(C(C)C)C(O)C(C)(C)C2=CC(=O)C=C3C4=CC(C(C)(C)C)=CC1C4(C(=O)O)CCC32C,samples_by_epoch/samples_epoch_010.csv,40,CCC1=C(C(C)C)C(O)C(C)(C)C2=CC(=O)C=C3C4=CC(C(C)(C)C)=CC1C4(C(=O)O)CCC32C,True,10,generated,0.1574074074074074,CCCCOC(=O)c1cc(Oc2ccc(C(C)(C)C)cc2)c2c3c(Cl)cc4c5c(cc(Cl)c(c6c(Oc7ccc(C(C)(C)C)cc7)cc(C(=O)OCCCC)c1c26)c53)C(=O)N(c1c(C(C)C)cccc1C(C)C)C4=O,False
O=C(O)C=Cc1ccc2c(c1)c(-c1ccc3cc(C(=O)NCCCCCC(=O)O)ccc3c1)c(-c1cc3ccc(O)cc3oc1=O)c(=O)n2C1C2CC(CO)OC1N(CC1CCCC1)C2=O,samples_by_epoch/samples_epoch_010.csv,41,O=C(O)C=Cc1ccc2c(c1)c(-c1ccc3cc(C(=O)NCCCCCC(=O)O)ccc3c1)c(-c1cc3ccc(O)cc3oc1=O)c(=O)n2C1C2CC(CO)OC1N(CC1CCCC1)C2=O,True,10,generated,0.288135593220339,O=C(O)CCCCCNC(=O)c1ccc(-c2c3ccc(O)cc3[o+]c3cc(O)ccc23)c(C(=O)O)c1,False
CC(C)(C)c1ccc2c(C(=O)Nc3ccc(C(=O)C=Cc4ccc(N5CCCCC5)cc4)cc3)cc(=O)oc2c1,samples_by_epoch/samples_epoch_010.csv,42,CC(C)(C)c1ccc2c(C(=O)Nc3ccc(C(=O)C=Cc4ccc(N5CCCCC5)cc4)cc3)cc(=O)oc2c1,True,10,generated,0.3793103448275862,CN(CCO)c1ccc(/C=C/C(=O)c2ccc(NC(=O)c3cc(C(F)(F)F)ccc3F)cc2)cc1,False
Cc1cc(-n2c3ccc(C(C)(C)C)cc3c3cc(C(C)(C)C)ccc32)c(C(C)(C)C)cc1-c1nc(C)c(-c2nc3cc(-c4ccc(C(C)(C)C)s4)sc3s2)s1,samples_by_epoch/samples_epoch_010.csv,43,Cc1cc(-n2c3ccc(C(C)(C)C)cc3c3cc(C(C)(C)C)ccc32)c(C(C)(C)C)cc1-c1nc(C)c(-c2nc3cc(-c4ccc(C(C)(C)C)s4)sc3s2)s1,True,10,generated,0.3561643835616438,CC(C)(C)c1ccc2c(c1)c1cc(C(C)(C)C)ccc1n2-c1ccc(-c2cccs2)s1,False
C=CCN1CC=C(CCc2ccc(OC)c(-c3cccc4c3oc3ccccc34)c2)C(c2ccccc2)C2=C1CC(CC)(CC)CC2=O,samples_by_epoch/samples_epoch_010.csv,44,C=CCN1CC=C(CCc2ccc(OC)c(-c3cccc4c3oc3ccccc34)c2)C(c2ccccc2)C2=C1CC(CC)(CC)CC2=O,True,10,generated,0.27450980392156865,COc1ccc(C2C3=C(CCCC3=O)Nc3c2c(=O)oc2ccccc32)cc1,False
CN(CCO)c1ccc(C=CC(=O)c2ccc(NC(=O)c3cccc(C(F)(F)F)c3Cl)cc2)cc1,samples_by_epoch/samples_epoch_010.csv,45,CN(CCO)c1ccc(C=CC(=O)c2ccc(NC(=O)c3cccc(C(F)(F)F)c3Cl)cc2)cc1,True,10,generated,0.8253968253968254,CN(CCO)c1ccc(/C=C/C(=O)c2ccc(NC(=O)c3cccc(C(F)(F)F)c3F)cc2)cc1,False
COc1ccc(C=C2C=C(c3ccccc3)OC2=O)cc1,samples_by_epoch/samples_epoch_010.csv,46,COc1ccc(C=C2C=C(c3ccccc3)OC2=O)cc1,True,10,generated,0.7222222222222222,O=C1OC(c2ccccc2)=C/C1=C\c1ccccc1,False
COc1cc(C)c(N=c2sc(CC(=O)O)c3sc(=Cc4ccc(N(C)C)cc4)c(=O)n23)cc1C,samples_by_epoch/samples_epoch_010.csv,47,COc1cc(C)c(N=c2sc(CC(=O)O)c3sc(=Cc4ccc(N(C)C)cc4)c(=O)n23)cc1C,True,10,generated,0.30952380952380953,CN(C)c1ccc(C(=Cc2ccc(C=C3SC(=S)N(CC(=O)O)C3=O)cc2)c2ccc(N(C)C)cc2)cc1,False
CCCCCCNc1nc2c(C(=O)c3ccccc3)nc3c(-c4ccccc4)nc4c(Cc5ccccc5)c5ccccc5nc4c3c2c2ccccc12,samples_by_epoch/samples_epoch_010.csv,48,CCCCCCNc1nc2c(C(=O)c3ccccc3)nc3c(-c4ccccc4)nc4c(Cc5ccccc5)c5ccccc5nc4c3c2c2ccccc12,True,10,generated,0.3068181818181818,CCCCCc1ccc(-c2ccc(C#Cc3cc(C#Cc4ccc(-c5ccc(CCCCC)cc5)cc4)c4ccc5c(C(=O)c6ccccc6)cc(C#Cc6ccc(-c7ccc(CCCCC)cc7)cc6)c6ccc3c4c65)cc2)cc1,False
C1=Cc2ccccc2N(c2ccccc2)c2ccccc21,samples_by_epoch/samples_epoch_010.csv,49,C1=Cc2ccccc2N(c2ccccc2)c2ccccc21,True,10,generated,0.45161290322580644,O=P1(c2ccccc2)c2ccccc2N(c2ccccc2)c2ccccc21,False
COC(=O)C1=C(C)C(C)(C)Cn2c1cc1c2C(C)(C)C(c2ccc(C(=O)OC)cc2)=C1C,samples_by_epoch/samples_epoch_010.csv,50,COC(=O)C1=C(C)C(C)(C)Cn2c1cc1c2C(C)(C)C(c2ccc(C(=O)OC)cc2)=C1C,True,10,generated,0.3448275862068966,COC(=O)c1ccc(-c2ccc3c(c2)C(=O)c2cc(-c4ccc(C(=O)OC)cc4)ccc2-3)cc1,False
CCCCC1(CCCC)c2cc(N(c3ccccc3)c3ccccc3)ccc2Sc2cc(C=C(C#N)C(=O)O)sc21,samples_by_epoch/samples_epoch_010.csv,51,CCCCC1(CCCC)c2cc(N(c3ccccc3)c3ccccc3)ccc2Sc2cc(C=C(C#N)C(=O)O)sc21,True,10,generated,0.55,CCCCCCC1(CCCCCC)c2cc(-c3ccc(/C=C(\C#N)C(=O)O)s3)ccc2-c2c1c1c(c3c2C(CCCCCC)(CCCCCC)c2cc(N(c4ccccc4)c4ccccc4)ccc2-3)C(CCCCCC)(CCCCCC)c2cc(N(c3ccccc3)c3ccccc3)ccc2-1,False
CCn1c2ccccc2c2cc(C#Cc3cc(C#Cc4ccncc4)cc(C=Cc4ccc(C=C(C#N)C(=O)O)cc4)c3)ccc21,samples_by_epoch/samples_epoch_010.csv,52,CCn1c2ccccc2c2cc(C#Cc3cc(C#Cc4ccncc4)cc(C=Cc4ccc(C=C(C#N)C(=O)O)cc4)c3)ccc21,True,10,generated,0.6212121212121212,CCn1c2ccccc2c2cc(-c3ccc(/C=C(\C#N)C(=O)O)cc3)ccc21,False
CCCCCCCCCN1C(=O)C(C)(CCC=CC=CC(=O)OCC)CCC1CCC=C(C)C,samples_by_epoch/samples_epoch_010.csv,53,CCCCCCCCCN1C(=O)C(C)(CCC=CC=CC(=O)OCC)CCC1CCC=C(C)C,True,10,generated,0.23958333333333334,CCCCCCC1CC(C)(CCCCCC)N(C)c2cc(OC)c(/C=C(/C#N)C(=O)O)cc21,False
N#CC(=Cc1ccc(-c2ccc(-c3ccc(N(c4ccccc4)c4ccccc4)cc3)s2)s1)C(=O)O,samples_by_epoch/samples_epoch_010.csv,54,N#CC(=Cc1ccc(-c2ccc(-c3ccc(N(c4ccccc4)c4ccccc4)cc3)s2)s1)C(=O)O,True,10,generated,1.0,N#C/C(=C/c1ccc(-c2ccc(-c3ccc(N(c4ccccc4)c4ccccc4)cc3)s2)s1)C(=O)O,True
Cc1cc(-n2c(-c3ccccc3)cc3cc(C(C)(C)C)ccc32)ccc1C=C1SC(=S)N(CC(=O)O)C1=O,samples_by_epoch/samples_epoch_010.csv,55,Cc1cc(-n2c(-c3ccccc3)cc3cc(C(C)(C)C)ccc32)ccc1C=C1SC(=S)N(CC(=O)O)C1=O,True,10,generated,0.5116279069767442,CC(C)(C)c1ccc2c(c1)c1cc(C(C)(C)C)ccc1n2-c1ccc(N(c2ccc(-c3ccc(/C=C4\SC(=S)N(CC(=O)O)C4=O)s3)cc2)c2ccc(-n3c4ccc(C(C)(C)C)cc4c4cc(C(C)(C)C)ccc43)cc2)cc1,False
O=C(O)CN1C(=O)C(=Cc2ccccc2N2CCC2)SC1=S,samples_by_epoch/samples_epoch_010.csv,56,O=C(O)CN1C(=O)C(=Cc2ccccc2N2CCC2)SC1=S,True,10,generated,0.5689655172413793,O=C(O)CN1C(=O)/C(=C/c2cc3c4c(c2)CCCN4CCC3)SC1=S,False
CCN(CC)c1ccc(-c2nc(-c3cccs3)c(S)o2)cc1,samples_by_epoch/samples_epoch_010.csv,57,CCN(CC)c1ccc(-c2nc(-c3cccs3)c(S)o2)cc1,True,10,generated,0.35294117647058826,CCCCn1c(-c2ccc(-c3nnc(-c4cccs4)o3)cc2)nc(-c2ccccc2)c1-c1ccccc1,False
CC(C)(C)c1ccc2c3cccc4cccc5c(cc(C(C)(C)C)c2c1)C3=c45,samples_by_epoch/samples_epoch_010.csv,58,CC(C)(C)c1ccc2c3cccc4cccc5c(cc(C(C)(C)C)c2c1)C3=c45,True,10,generated,0.4166666666666667,CC(C)(C)c1cc2c3cc(C(C)(C)C)c(-c4cc5cc6c7cccc8cccc(c9cc(C(C)(C)C)cc(c5cc4C(C)(C)C)c96)c87)cc3cc3c4cccc5cccc(c(c1)c23)c54,False
CC(C)(C)c1ccc(C2CCC2)cc1,samples_by_epoch/samples_epoch_010.csv,59,CC(C)(C)c1ccc(C2CCC2)cc1,True,10,generated,0.44,CC(C)(C)c1ccc(-c2ccc(C(C)(C)C)cc2)cc1,False
CCCCN(CCCC)C1=NC(=O)C(=C(C#N)c2c3ccccc3nn2-c2ccccc2)S1,samples_by_epoch/samples_epoch_010.csv,60,CCCCN(CCCC)C1=NC(=O)C(=C(C#N)c2c3ccccc3nn2-c2ccccc2)S1,True,10,generated,0.30927835051546393,CCCCN(CCCC)c1ccc2c(c1)oc1c3oc(-c4ccc(C#N)cc4)nc3c3c(c4ccccc4n3C(=O)O)c21,False
CCCCCCCCc1nc2sc(-c3cccs3)c(-c3ccc(C=C(C#N)C(=O)OCC)cc3)c2c(=O)n1CCCCCCCC,samples_by_epoch/samples_epoch_010.csv,61,CCCCCCCCc1nc2sc(-c3cccs3)c(-c3ccc(C=C(C#N)C(=O)OCC)cc3)c2c(=O)n1CCCCCCCC,True,10,generated,0.4945054945054945,CCCCn1c(-c2ccc(-c3ccc(/C=C(\C#N)C(=O)O)cc3)cc2)nc2c(-c3cccs3)sc(-c3cccs3)c21,False
Cn1c2ccccc2c2sc3ccccc3c21,samples_by_epoch/samples_epoch_010.csv,62,Cn1c2ccccc2c2sc3ccccc3c21,True,10,generated,0.41025641025641024,COc1c2ccccc2c(OC)c2c1c1ccccc1n2C,False
CCCCn1ncc2c1c1cnc(N(C)C)nc1n2Cc1ccccc1,samples_by_epoch/samples_epoch_010.csv,63,CCCCn1ncc2c1c1cnc(N(C)C)nc1n2Cc1ccccc1,True,10,generated,0.45161290322580644,CN(C)c1ncc2nc(C#N)n(Cc3ccccc3)c2n1,False
COc1ccc(-c2oc3ccc(N4CCCC4)cc3c(=O)c2OC)cc1,samples_by_epoch/samples_epoch_010.csv,64,COc1ccc(-c2oc3ccc(N4CCCC4)cc3c(=O)c2OC)cc1,True,10,generated,0.4603174603174603,COc1ccc(-c2c3ccc(=[NH2+])cc-3oc3cc(N4CCCCC4)ccc23)cc1,False
COc1ccc(-c2ncc3ccc4nc(-c5ccc(-c6ccc(-c7nc8ccccc8n7C)cc6)cc5)cc5ccc2c3c54)cc1,samples_by_epoch/samples_epoch_010.csv,65,COc1ccc(-c2ncc3ccc4nc(-c5ccc(-c6ccc(-c7nc8ccccc8n7C)cc6)cc5)cc5ccc2c3c54)cc1,True,10,generated,0.36923076923076925,COc1ccc(-c2nc(-c3ccc(OC)cc3)n3ccccc23)cc1,False
CC1(C)CC(=C(C#N)C(=O)O)c2ccc(-c3cc4cc5cc(-c6ccc(C=C(C#N)C(=O)O)s6)sc5c(Cl)c4s3)cc21,samples_by_epoch/samples_epoch_010.csv,66,CC1(C)CC(=C(C#N)C(=O)O)c2ccc(-c3cc4cc5cc(-c6ccc(C=C(C#N)C(=O)O)s6)sc5c(Cl)c4s3)cc21,True,10,generated,0.4691358024691358,CCCCCCC1(CCCCCC)c2cc(-c3ccc(-c4ccc(/C=C(\C#N)C(=O)O)s4)s3)ccc2-c2ccc(-c3ccc(-c4ccc(/C=C(\C#N)C(=O)O)s4)s3)cc21,False
CCCCN1C(=O)C(C)(C)c2ccc(N)cc21,samples_by_epoch/samples_epoch_010.csv,67,CCCCN1C(=O)C(C)(C)c2ccc(N)cc21,True,10,generated,0.3559322033898305,CCCCCCCCCCCCN1/C(=C/c2c(O)c(=O)c2=O)C(C)(C)c2ccccc21,False
Cc1ccccc1NC(=O)c1cccs1,samples_by_epoch/samples_epoch_010.csv,68,Cc1ccccc1NC(=O)c1cccs1,True,10,generated,0.35,CN(CCO)c1ccc(/C=C/C(=O)c2ccc(NC(=O)c3cccs3)cc2)cc1,False
CCCCCCCCc1c(-c2nnc(-c3ccc(-n4c5ccccc5c5ccccc54)s3)o2)cccc1-n1c2ccccc2c2ccccc21,samples_by_epoch/samples_epoch_010.csv,69,CCCCCCCCc1c(-c2nnc(-c3ccc(-n4c5ccccc5c5ccccc54)s3)o2)cccc1-n1c2ccccc2c2ccccc21,True,10,generated,0.4098360655737705,Cc1nnc(-c2cc(-n3c4ccccc4c4ccccc43)c(-n3c4ccccc4c4ccccc43)cc2-c2nnc(C)o2)o1,False
CCN(CC)c1ccc2cc(-c3ccc([N+](=O)[O-])s3)c(=O)oc2c1,samples_by_epoch/samples_epoch_010.csv,70,CCN(CC)c1ccc2cc(-c3ccc([N+](=O)[O-])s3)c(=O)oc2c1,True,10,generated,0.5538461538461539,CCN(CC)c1ccc2cc(-c3ccc(/C=C(\C#N)C(=O)O)s3)c(=O)oc2c1,False
CC(C)(C)NCc1ccc(C#N)c2ccccc12,samples_by_epoch/samples_epoch_010.csv,71,CC(C)(C)NCc1ccc(C#N)c2ccccc12,True,10,generated,0.4358974358974359,C[Si](C)(C)c1ccc(C#N)c2ccccc12,False
CCCCCCCCn1c2ccccc2c2cc(-c3ccc(-c4ccc(-c5ccc(-c6ccc(N7SC(c8ccc(-c9ccc(C=C(C#N)C(=O)O)s9)cc8)OC7=O)cc6)cc5)s4)s3)ccc21,samples_by_epoch/samples_epoch_010.csv,72,CCCCCCCCn1c2ccccc2c2cc(-c3ccc(-c4ccc(-c5ccc(-c6ccc(N7SC(c8ccc(-c9ccc(C=C(C#N)C(=O)O)s9)cc8)OC7=O)cc6)cc5)s4)s3)ccc21,True,10,generated,0.7307692307692307,CCCCCCn1c2ccccc2c2cc(-c3ccc(-c4ccc(/C=C(/C#N)C(=O)O)s4)s3)ccc21,False
O=C(O)C=Cc1ccc(-c2ccc3ccc4cccc5ccc2c3c45)o1,samples_by_epoch/samples_epoch_010.csv,73,O=C(O)C=Cc1ccc(-c2ccc3ccc4cccc5ccc2c3c45)o1,True,10,generated,0.5081967213114754,O=C(O)CN1C(=O)C(=Cc2ccc(-c3ccc4ccc5cccc6ccc3c4c56)o2)SC1=S,False
O=C1c2ccc(-c3ccc([N+](=O)[O-])cc3)cc2C(=O)N1c1ccc(-c2nc3ccccc3s2)cc1,samples_by_epoch/samples_epoch_010.csv,74,O=C1c2ccc(-c3ccc([N+](=O)[O-])cc3)cc2C(=O)N1c1ccc(-c2nc3ccccc3s2)cc1,True,10,generated,0.4342105263157895,CCCCCCCCCCC1(CCCCCCCCCC)c2cc(-c3nc4ccccc4s3)ccc2-c2ccc(N3C(=O)c4ccc5c6ccc7c8c(ccc(c9ccc(c4c59)C3=O)c86)C(=O)N(c3ccc4c(c3)C(CCCCCCCCCC)(CCCCCCCCCC)c3cc(-c5nc6ccccc6s5)ccc3-4)C7=O)cc21,False
Cc1ccc(-c2nc3c(c(-c4ccc(C#N)s4)cc(=O)n3C)n2C)s1,samples_by_epoch/samples_epoch_010.csv,75,Cc1ccc(-c2nc3c(c(-c4ccc(C#N)s4)cc(=O)n3C)n2C)s1,True,10,generated,0.3392857142857143,COc1cc(OC)cc(-c2ccc(-c3ccc(C#N)s3)s2)c1,False
c1ccc(-c2nc(-c3ccccc3)nc(-c3ccc4nc5c6ccccc6c6ccccc6n5c4c3)n2)cc1,samples_by_epoch/samples_epoch_010.csv,76,c1ccc(-c2nc(-c3ccccc3)nc(-c3ccc4nc5c6ccccc6c6ccccc6n5c4c3)n2)cc1,True,10,generated,0.627906976744186,c1ccc(-c2ccc3c(c2)c2ccccc2n2c4ccccc4nc32)cc1,False
CCOC(=O)c1cc(C(=O)OCC)c(NC(=O)C=Cc2ccc(N(C)C)cc2)s1,samples_by_epoch/samples_epoch_010.csv,77,CCOC(=O)c1cc(C(=O)OCC)c(NC(=O)C=Cc2ccc(N(C)C)cc2)s1,True,10,generated,0.5294117647058824,CCOC(=O)/C=C/c1ccc(N(C)C)cc1,False
O=C(O)C(=O)NCCO,samples_by_epoch/samples_epoch_010.csv,78,O=C(O)C(=O)NCCO,True,10,generated,0.1794871794871795,O=C(O)CCNc1cccc2ccccc12,False
CC1(C)CC(=O)c2c([nH]c3nc4ccccc4nc3c2=O)C1,samples_by_epoch/samples_epoch_010.csv,79,CC1(C)CC(=O)c2c([nH]c3nc4ccccc4nc3c2=O)C1,True,10,generated,0.288135593220339,CC1(C)Oc2c(c3nc4ccccc4nc3c3ccccc23)CC1Br,False
COC(=O)c1ccc(C(=O)C=Cc2ccc(C)s2)cc1,samples_by_epoch/samples_epoch_010.csv,80,COC(=O)c1ccc(C(=O)C=Cc2ccc(C)s2)cc1,True,10,generated,0.3673469387755102,COC(=O)c1ccc(/C=C/N(c2ccccc2)c2ccccc2)cc1,False
CCCCCN(c1ccc(-c2cc3sc(C=Cc4cc5cc(C=C(C#N)C(=O)O)cc(C6CCCCC6)c5s4)cc3s2)cc1)c1ccc2c(c1)C(C)(C)c1ccccc1-2,samples_by_epoch/samples_epoch_010.csv,81,CCCCCN(c1ccc(-c2cc3sc(C=Cc4cc5cc(C=C(C#N)C(=O)O)cc(C6CCCCC6)c5s4)cc3s2)cc1)c1ccc2c(c1)C(C)(C)c1ccccc1-2,True,10,generated,0.5531914893617021,CC1(C)c2ccccc2-c2ccc(N(c3ccc(-c4cc5sc(/C=C(\C#N)C(=O)O)cc5s4)cc3)c3ccc4c(c3)C(C)(C)c3ccccc3-4)cc21,False
Cc1nsc(-c2ccc(C=Cc3ccc(C=C(c4nnn(-c5ccccc5S(C)(=O)=O)n4)c4cccs4)s3)cc2)n1,samples_by_epoch/samples_epoch_010.csv,82,Cc1nsc(-c2ccc(C=Cc3ccc(C=C(c4nnn(-c5ccccc5S(C)(=O)=O)n4)c4cccs4)s3)cc2)n1,True,10,generated,0.2727272727272727,Cc1ccc(N(c2ccccc2)c2ccc(-c3ccc(N(c4ccc(/C=C/c5ccc(/C=C(\C#N)C(=O)O)s5)cc4)c4ccc(C)cc4C)cc3)cc2)c(C)c1,False
N#CC(=Cc1ccc(-c2ccc(-c3ccc(C=C(C#N)c4cc(=C(C#N)C#N)c5ccccc5c4=C(C#N)C#N)cc3F)s2)s1)C(=O)O,samples_by_epoch/samples_epoch_010.csv,83,N#CC(=Cc1ccc(-c2ccc(-c3ccc(C=C(C#N)c4cc(=C(C#N)C#N)c5ccccc5c4=C(C#N)C#N)cc3F)s2)s1)C(=O)O,True,10,generated,0.5205479452054794,N#CC(=Cc1ccc(-c2ccc3c4c(cccc24)-c2c-3c(-c3ccccc3)c3ccccc3c2-c2ccccc2)s1)C(=O)O,False
CCCCCOc1ccc(-c2nc(N3C(=O)CC(CC)C3=O)sc2-c2ccc(OC)cc2)cc1,samples_by_epoch/samples_epoch_010.csv,84,CCCCCOc1ccc(-c2nc(N3C(=O)CC(CC)C3=O)sc2-c2ccc(OC)cc2)cc1,True,10,generated,0.38235294117647056,CCCCCCOc1ccc(N(c2ccc(OCCCCCC)cc2)c2ccc(-c3sc(-c4ccc(N(c5ccc(OCCCCCC)cc5)c5ccc(OCCCCCC)cc5)cc4)c4nc(CC)c(CC)nc34)cc2)cc1,False
