21:36:55 <INFO> Started REINVENT 4.8.24 (C) AstraZeneca 2017, 2023 on 2026-07-27
21:36:55 <INFO> Command line: /home/User20/reinvent_env/bin/reinvent -l tl.log configs/transfer_learning.toml
21:36:55 <INFO> Reading run configuration from /home/User20/reinvent/configs/transfer_learning.toml using format toml
21:36:55 <INFO> User User20 on host school20
21:36:55 <INFO> Python version 3.12.3
21:36:55 <INFO> PyTorch version 2.5.1+cu118 git a8d6afb511a69687bbb2b7e88a3cf67917e1697e
21:36:55 <INFO> PyTorch compiled with CUDA version 11.8
21:36:55 <INFO> RDKit version 2026.03.4
21:36:55 <INFO> Platform Linux-6.8.0-124-generic-x86_64-with-glibc2.39
21:36:55 <INFO> CUDA driver version 580.159.03
21:36:55 <INFO> Number of PyTorch CUDA devices 4
21:36:55 <INFO> Using GPU device:0 Tesla V100-SXM3-32GB
21:36:55 <INFO> GPU memory: 32183 MiB free, 32494 MiB total
21:36:55 <INFO> Writing TensorBoard summary to /home/User20/reinvent/tb_TL
21:36:55 <INFO> Starting Transfer Learning
21:36:55 <ERRO> /home/User20/reinvent/priors/reinvent.prior has invalid hash:
{ 'comments': ['test small batch size', 'TL'],
  'creation_date': 1741157561.98086,
  'date_format': 'UNIX epoch',
  'hash_id': 'cb6c8ae795fefcc07c366041382b353d',
  'hash_id_format': 'xxhash.xxh3_128_hex 3.4.1',
  'model_id': UUID('4178afaa-e86f-4baf-a5e1-2c324c401e7f'),
  'model_id_format': 'uuid.uuid4 3.10.16',
  'origina_data_source': 'PubChem 2024-06-03',
  'updates': [1741606576.2719467]}
21:36:55 <INFO> Number of network parameters: 5,880,195
21:36:55 <INFO> Network architecture:
RNN(
  (_embedding): Embedding(131, 256)
  (_rnn): LSTM(256, 512, num_layers=3, batch_first=True)
  (_linear): Linear(in_features=512, out_features=131, bias=True)
)
21:36:55 <INFO> Using generator Reinvent
21:36:55 <INFO> Applying filter default to input SMILES
21:36:55 <WARN> "default" filter: B1C=Cc2ccc3ccccc3c2N1 is invalid
21:36:55 <WARN> "default" filter: B1Nc2cccc3c2-n2c1ccc2BN3 is invalid
21:36:55 <WARN> "default" filter: B1Nc2ccccc2-c2ccccc21 is invalid
21:36:55 <WARN> "default" filter: BrC1=CC=CN2B1C=Cc1c2ccc2ccccc12 is invalid
21:36:55 <WARN> "default" filter: BrC1=CC=CN2B1C=Cc1ccccc12 is invalid
21:36:55 <WARN> "default" filter: Brc1ccc(-c2pc3ccccc3s2)cc1 is invalid
21:36:55 <WARN> "default" filter: Brc1ccc2c(c1)C=C1B(N2)OB2Nc3ccc(Br)cc3C=C2C(c2ccccc2)=C1c1ccccc1 is invalid
21:36:55 <WARN> "default" filter: C#C/C(=C\c1ccc(-c2ccc3c(c2)C(CCCCCC)(CCCCCC)c2c4c(c5c(c2-3)C(CCCCCC)(CCCCCC)c2cc(-c3ccc(C=C(C#N)C(=O)O)s3)ccc2-5)C(CCCCCC)(CCCCCC)c2cc(-c3ccc(N(c5ccc(OC)cc5)c5ccc(OC)cc5)cc3)ccc2-4)s1)C(=O)O is invalid
21:36:55 <WARN> "default" filter: C#CC1=CN2C(=N/[N+](=C/c3ccc(-c4cccs4)cc3)[B-]2(F)F)C=C1 is invalid
21:36:55 <WARN> "default" filter: C#CCNC1=C2C(C)=CC(C)=[N+]2[B-](F)(F)n2c(C)cc(C)c21 is invalid
21:36:55 <WARN> "default" filter: C#CCNC1=C2C=C(c3cc4n(c3)[B-](F)(F)[N+]3=CC=CC3=C4c3c(C)cc(C)cc3C)C(C)=[N+]2[B-](F)(F)n2c(C)ccc21 is invalid
21:36:55 <WARN> "default" filter: C#CCNC1=C2C=CC=[N+]2[B-](F)(F)n2cccc21 is invalid
21:36:55 <WARN> "default" filter: C#CCOc1ccc(-c2cc(-c3ccccc3)c3n2[B-](F)(F)[N+]2=C(c4ccc(OCCCS(=O)(=O)[O-])cc4)C=C(c4ccccc4)C2=N3)cc1 is invalid
21:36:55 <WARN> "default" filter: C#CCOc1ccc(/C=C/C2=[N+]3C(=C(c4ccc(N(C)C)cc4)c4c(C)cc(C)n4[B-]3(F)F)C(C)=C2)cc1 is invalid
21:36:55 <WARN> "default" filter: C#CCOc1ccc(/C=C/C2=[N+]3C(=C(c4ccc(N(C)CC)cc4)c4c(C)cc(C)n4[B-]3(F)F)C(C)=C2)cc1 is invalid
21:36:55 <WARN> "default" filter: C#CCOc1ccc(/C=C/C2=[N+]3C(=C(c4ccc(N(CC)CC)cc4)c4c(C)cc(/C=C/c5ccc(OCC(=O)OC)cc5)n4[B-]3(F)F)C(C)=C2)cc1 is invalid
21:36:55 <WARN> "default" filter: C#CCOc1ccc(/C=C/C2=[N+]3C(=C(c4ccc(N(CC)CC)cc4)c4c(C)cc(/C=C/c5ccc(S(=O)(=O)O)cc5S(=O)(=O)O)n4[B-]3(F)F)C(C)=C2)cc1 is invalid
21:36:55 <WARN> "default" filter: C#CCOc1ccc(/C=C/C2=[N+]3C(=C(c4ccc(N(CC)CC)cc4)c4c(C)cc(C)n4[B-]3(F)F)C(C)=C2)cc1 is invalid
21:36:55 <WARN> "default" filter: C#CCOc1ccc(/C=C/C2=[N+]3C(=C(c4ccc(N5CCCCC5)cc4)c4c(C)cc(C)n4[B-]3(F)F)C(C)=C2)cc1 is invalid
21:36:55 <WARN> "default" filter: C#CCOc1ccc(/C=C/C2=[N+]3C(=C(c4ccccc4)c4c(C)cc(C)n4[B-]3(F)F)C(C)=C2)cc1 is invalid
21:36:55 <WARN> "default" filter: C#CCOc1ccc(C2=[N+]3C(=Nc4c(-c5ccccc5)cc(-c5ccc(O)cc5)n4[B-]3(F)F)C(c3ccccc3)=C2)cc1 is invalid
21:36:55 <WARN> "default" filter: C#CC[NH+]=C1c2cccn2[B-](F)(F)n2cccc21 is invalid
21:36:55 <WARN> "default" filter: C#CCn1c2ccccc2c2cc(/C=C/C3=[N+]4C(=C(c5ccc(I)cc5)c5c(C)c(Cl)c(/C=C/c6ccc7c(c6)c6ccccc6n7CC#C)n5[B-]4(F)F)C(C)=C3Cl)ccc21 is invalid
21:36:55 <WARN> "default" filter: C#CCn1c2ccccc2c2cc(/C=C/C3=[N+]4C(=C(c5ccc(I)cc5)c5c(C)cc(/C=C/c6ccc7c(c6)c6ccccc6n7CC#C)n5[B-]4(F)F)C(C)=C3)ccc21 is invalid
21:36:55 <WARN> "default" filter: C#CCn1c2ccccc2c2cc(/C=C/c3c(Cl)c(C)c4n3[B-](F)(F)[N+]3=C(C)C(Cl)=C(C)C3=C4c3ccc(I)cc3)ccc21 is invalid
21:36:55 <WARN> "default" filter: C#CCn1c2ccccc2c2cc(/C=C/c3cc(C)c4n3[B-](F)(F)[N+]3=C(C)C=C(C)C3=C4c3ccc(I)cc3)ccc21 is invalid
21:36:55 <WARN> "default" filter: C#Cc1ccc(/C=C/c2ccc3n2[B-](F)(F)[N+]2=C(C)C=C(C)C2=C3)cc1 is invalid
21:36:55 <WARN> "default" filter: C(#Cc1ccc(N(c2ccc(C#Cc3ccc(-c4cc(-c5ccccc5)nc(-c5ccccc5)c4)cc3)cc2)c2ccc(C#Cc3ccc(-c4cc(-c5ccccc5)nc(-c5ccccc5)c4)cc3)cc2)cc1)c1ccc(-c2cc(-c3ccccc3)nc(-c3ccccc3)c2)cc1 is invalid
21:36:55 <WARN> "default" filter: C(#Cc1ccc([P+](CCC[P+](c2ccccc2)(c2ccccc2)c2ccc(N(c3ccccc3)c3ccccc3)cc2)(c2ccccc2)c2ccccc2)c2ccccc12)c1ccc(N(c2ccccc2)c2ccccc2)cc1 is invalid
21:36:55 <WARN> "default" filter: C(#Cc1ccccc1)C1=CC=CN2B1C=Cc1c2ccc2ccccc12 is invalid
21:36:55 <WARN> "default" filter: C(#Cc1ccccc1)C1=Cc2ccc3ccccc3c2NB1c1ccccc1 is invalid
21:36:55 <WARN> "default" filter: C(=C(c1ccccc1)c1ccccc1)c1ccc(-c2cc(-c3ccc(C=C(c4ccccc4)c4ccccc4)cc3)c(-c3ccc(C=C(c4ccccc4)c4ccccc4)cc3)cc2-c2ccc(C=C(c3ccccc3)c3ccccc3)cc2)cc1 is invalid
21:36:56 <WARN> "default" filter: C(=C/c1ccc(N(c2ccc(/C=C/c3ccc(-c4cc(-c5ccccc5)nc(-c5ccccc5)c4)cc3)cc2)c2ccc(/C=C/c3ccc(-c4cc(-c5ccccc5)nc(-c5ccccc5)c4)cc3)cc2)cc1)\c1ccc(-c2cc(-c3ccccc3)nc(-c3ccccc3)c2)cc1 is invalid
21:36:56 <WARN> "default" filter: C(=C/c1ccc(N(c2ccc(/C=C/c3ccc(N(c4ccccc4)c4ccccc4)cc3)cc2)c2ccc(-c3nc4ccccc4nc3-c3ccc(N(c4ccc(/C=C/c5ccc(N(c6ccccc6)c6ccccc6)cc5)cc4)c4ccc(/C=C/c5ccc(N(c6ccccc6)c6ccccc6)cc5)cc4)cc3)cc2)cc1)\c1ccc(N(c2ccccc2)c2ccccc2)cc1 is invalid
21:36:56 <WARN> "default" filter: C(=C/c1ccc(N(c2ccc(/C=C/c3ccc(N(c4ccccc4)c4ccccc4)cc3)cc2)c2ccc(/C=C/c3ccc(/C=C/c4ccc(N(c5ccc(/C=C/c6ccc(N(c7ccccc7)c7ccccc7)cc6)cc5)c5ccc(/C=C/c6ccc(N(c7ccccc7)c7ccccc7)cc6)cc5)cc4)c4nsnc34)cc2)cc1)\c1ccc(N(c2ccccc2)c2ccccc2)cc1 is invalid
21:36:56 <WARN> "default" filter: C(=C/c1ccc(N(c2ccccc2)c2ccccc2)cc1)\c1ccc(-c2nc(-c3ccc(/C=C/c4ccc(N(c5ccccc5)c5ccccc5)cc4)cc3)nc(-c3ccc(/C=C/c4ccc(N(c5ccccc5)c5ccccc5)cc4)cc3)n2)cc1 is invalid
21:36:56 <WARN> "default" filter: C(=C/c1ccccn1)\c1ccc(N(c2ccc(/C=C/c3ccccn3)cc2)c2ccc(-c3nc4ccccc4nc3-c3ccc(N(c4ccc(/C=C/c5ccccn5)cc4)c4ccc(/C=C/c5ccccn5)cc4)cc3)cc2)cc1 is invalid
21:36:56 <WARN> "default" filter: C(=C/c1nc2ccccc2o1)\c1ccc(Cn2cc(-c3ccc(N(c4ccc(-c5cn(Cc6ccc(/C=C/c7nc8ccccc8o7)cc6)nn5)cc4)c4ccc(-c5cn(Cc6ccc(/C=C/c7nc8ccccc8o7)cc6)nn5)cc4)cc3)nn2)cc1 is invalid
21:36:56 <WARN> "default" filter: C(=C/c1nc2ccccc2o1)\c1ccc(Cn2cc(COc3cc(Cn4cc(-c5ccc(N(c6ccccc6)c6ccc(-c7cn(Cc8cc(OCc9cn(Cc%10ccc(/C=C/c%11nc%12ccccc%12o%11)cc%10)nn9)cc(OCc9cnnn9Cc9ccc(/C=C/c%10nc%11ccccc%11o%10)cc9)c8)nn7)cc6)cc5)nn4)cc(OCc4cnnn4Cc4ccc(/C=C/c5nc6ccccc6o5)cc4)c3)nn2)cc1 is invalid
21:36:56 <WARN> "default" filter: C(=C/c1nc2ccccc2s1)\c1ccc(Cn2cc(-c3ccc(N(c4ccc(-c5cn(Cc6ccc(/C=C/c7nc8ccccc8s7)cc6)nn5)cc4)c4ccc(-c5cn(Cc6ccc(/C=C/c7nc8ccccc8s7)cc6)nn5)cc4)cc3)nn2)cc1 is invalid
21:36:56 <WARN> "default" filter: C(=C/c1nc2ccccc2s1)\c1ccc(Cn2cc(COc3cc(Cn4cc(-c5ccc(N(c6ccccc6)c6ccc(-c7cn(Cc8cc(OCc9cn(Cc%10ccc(/C=C/c%11nc%12ccccc%12s%11)cc%10)nn9)cc(OCc9cnnn9Cc9ccc(/C=C/c%10nc%11ccccc%11s%10)cc9)c8)nn7)cc6)cc5)nn4)cc(OCc4cnnn4Cc4ccc(/C=C/c5nc6ccccc6s5)cc4)c3)nn2)cc1 is invalid
21:36:56 <WARN> "default" filter: C(=C1c2ccccc2CCc2ccccc21)c1ccc(-c2cc(-c3ccc(C=C4c5ccccc5CCc5ccccc54)cc3)cc(-c3ccc(C=C4c5ccccc5CCc5ccccc54)cc3)c2)cc1 is invalid
21:36:56 <WARN> "default" filter: C1=C(/C=C/c2ccccc2)B(c2ccccc2)N2CCN3B(c4ccccc4)C(/C=C/c4ccccc4)=Cc4ccc1c2c43 is invalid
21:36:56 <WARN> "default" filter: C1=C(c2ccccc2)B(c2ccccc2)N2CCN3B(c4ccccc4)C(c4ccccc4)=Cc4ccc1c2c43 is invalid
21:36:56 <WARN> "default" filter: C1=C(c2ccccc2)B(c2ccccc2)Nc2c1ccc1ccccc21 is invalid
21:36:56 <WARN> "default" filter: C1=C(c2ccccc2)[Si](c2ccccc2)(c2ccccc2)c2ccccc21 is invalid
21:36:56 <WARN> "default" filter: C1=C(c2ccccn2)[Si](c2ccccc2)(c2ccccc2)c2ccccc21 is invalid
21:36:56 <WARN> "default" filter: C1=C2B(Nc3ccc(-c4ccc5ccc6cccc7ccc4c5c67)cc31)c1cc(-c3ccc4ccc5cccc6ccc3c4c56)ccc1C(c1ccccc1)=C2c1ccccc1 is invalid
21:36:56 <WARN> "default" filter: C1=C2B(Nc3ccc(N(c4ccccc4)c4ccccc4)cc31)c1cc(N(c3ccccc3)c3ccccc3)ccc1C(c1ccccc1)=C2c1ccccc1 is invalid
21:36:56 <WARN> "default" filter: C1=C2B(Nc3ccccc31)OB1Nc3ccccc3C=C1C(c1ccccc1)=C2c1ccccc1 is invalid
21:36:56 <WARN> "default" filter: C1=C2B(Nc3ccccc31)c1cc(-c3ccc4c(c3)C=C3B(N4)c4cc(-c5ccc6c(c5)B5Nc7ccccc7C=C5C(c5ccccc5)=C6c5ccccc5)ccc4C(c4ccccc4)=C3c3ccccc3)ccc1C(c1ccccc1)=C2c1ccccc1 is invalid
21:36:56 <WARN> "default" filter: C1=C2B(Nc3ccccc31)c1ccccc1C(c1ccccc1)=C2c1ccccc1 is invalid
21:36:56 <WARN> "default" filter: C1=C2B(Nc3ccccc31)c1sccc1C(c1ccccc1)=C2c1ccccc1 is invalid
21:36:56 <WARN> "default" filter: C1=C2B(OB3C(=Cc4ccccc4N3c3ccccc3)C(c3ccccc3)=C2c2ccccc2)N(c2ccccc2)c2ccccc21 is invalid
21:36:56 <WARN> "default" filter: C1=C2B(c3ccccc3C(c3ccccc3)=C2c2ccccc2)N(Cc2ccccc2)c2ccccc21 is invalid
21:36:56 <WARN> "default" filter: C1=C2C3=C(C4=[N+]2[B-]2(Oc5ccccc54)Oc4ccccc4-c4c5c(c1n42)C1CCC5CC1)C1CCC3CC1 is invalid
21:36:56 <WARN> "default" filter: C1=C2c3cc4ccccc4cc3C3=[N+]2[B-]2(Oc4ccccc43)Oc3ccccc3-c3c4cc5ccccc5cc4c1n32 is invalid
21:36:56 <WARN> "default" filter: C1=CB2C=Cc3c(ccc4ccccc34)N2C=C1 is invalid
21:36:56 <WARN> "default" filter: C1=CB2C=Cc3ccccc3N2C=C1 is invalid
21:36:56 <WARN> "default" filter: C1=CN2B(C=Cc3c2ccc2ccccc32)C(N2CCOCC2)=C1 is invalid
21:36:56 <WARN> "default" filter: C1=CN2B(C=Cc3ccccc32)C(N2CCOCC2)=C1 is invalid
21:36:56 <WARN> "default" filter: C1=Cc2c(ccc3ccccc23)NB1c1ccccc1 is invalid
21:36:56 <WARN> "default" filter: C1=Cc2ccc3c4c2N(CCN4B(c2ccccc2)C(/C=C/c2ccccc2)=C3)B1c1ccccc1 is invalid
21:36:56 <WARN> "default" filter: C1=Cc2ccc3ccccc3c2N(c2ccccc2)B1c1ccccc1 is invalid
21:36:56 <WARN> "default" filter: C1=Cc2ccc3ccccc3c2NB1c1ccccc1 is invalid
21:36:56 <WARN> "default" filter: C1=Cc2ccccc2C(=Cc2ccc(-c3cc(-c4ccc(C=C5c6ccccc6C=Cc6ccccc65)cc4)c(-c4ccc(C=C5c6ccccc6C=Cc6ccccc65)cc4)cc3-c3ccc(C=C4c5ccccc5C=Cc5ccccc54)cc3)cc2)c2ccccc21 is invalid
21:36:56 <WARN> "default" filter: C1=Cc2ccccc2C(=Cc2ccc(-c3cc(-c4ccc(C=C5c6ccccc6C=Cc6ccccc65)cc4)cc(-c4ccc(C=C5c6ccccc6C=Cc6ccccc65)cc4)c3)cc2)c2ccccc21 is invalid
21:36:56 <WARN> "default" filter: C1=Cc2ccccc2N2C=Cc3cc4ccccc4cc3B12 is invalid
21:36:56 <WARN> "default" filter: C1=[N+](c2ccccc2)[B-](c2ccccc2)(c2ccccc2)n2cccc21 is invalid
21:36:56 <WARN> "default" filter: C1=[N+]2N=C(c3ccccc3)O[B-]2(c2ccc([B-]34OC(c5ccccc5)=N[N+]3=Cc3c(ccc5ccccc35)O4)cc2)Oc2ccc3ccccc3c21 is invalid
21:36:56 <WARN> "default" filter: C=C is invalid
21:36:56 <WARN> "default" filter: C=CB1C=Cc2ccc3ccccc3c2N1 is invalid
21:36:56 <WARN> "default" filter: C=CCNC1=C2C=CC=[N+]2[B-](F)(F)n2cccc21 is invalid
21:36:56 <WARN> "default" filter: C=CCOc1ccc(/C=C/c2cc(C)c3n2[B-](F)(F)[N+]2=CC=CC2=C3)cc1 is invalid
21:36:56 <WARN> "default" filter: C=CCOc1ccccc1/C=C/c1cc(C)c2n1[B-](F)(F)[N+]1=CC=CC1=C2 is invalid
21:36:56 <WARN> "default" filter: C=CC[C@H](/C=C(/C=C/c1cc(C)c2n1[B-](F)(F)[N+]1=CC=CC1=C2)CC)CC is invalid
21:36:56 <WARN> "default" filter: C=CC[NH+]=C1c2cccn2[B-](F)(F)n2cccc21 is invalid
21:36:56 <WARN> "default" filter: C=C[Si](c1c2ccccc2cc2ccccc12)(c1c2ccccc2cc2ccccc12)c1c2ccccc2cc2ccccc12 is invalid
21:36:56 <WARN> "default" filter: C=C[Si]1(C)c2ccccc2-c2cc3c(cc21)-c1ccccc1[Si]3(C)C=C is invalid
21:36:56 <WARN> "default" filter: CB1C=Cc2ccc3ccccc3c2N1 is invalid
21:36:56 <WARN> "default" filter: CB1C=Cc2ccc3ccccc3c2N1c1ccccc1 is invalid
21:36:56 <WARN> "default" filter: CB1Nc2cccc3c2-n2c1ccc2B(C)N3 is invalid
21:36:56 <WARN> "default" filter: CC#C[B-]1(C#CC)n2c3[n+](c4ccccc42)[B-](C#CC)(C#CC)n2c(cc(I)c2CC)C3=C2C=C(I)C(CC)=[N+]21 is invalid
21:36:56 <WARN> "default" filter: CC(/C=C/c1cc(C)c2n1[B-](F)(F)[N+]1=CC=CC1=C2)=C\c1ccccc1 is invalid
21:36:56 <WARN> "default" filter: CC(=O)/C(=C(/C)O)c1ccc(C#Cc2ccc3c4c(Oc5ccc(C(C)(C)C)cc5)cc5c6c(cc(Oc7ccc(C(C)(C)C)cc7)c(c7cccc2c73)c64)C(=O)N(c2cc(C(C)(C)C)ccc2C(C)(C)C)C5=O)cc1 is invalid
21:36:56 <WARN> "default" filter: CC(=O)/C(=C(/C)O)c1ccc(C#Cc2ccc3c4c(Oc5ccc(C(C)(C)C)cc5)cc5c6c(cc(Oc7cccc(C(C)(C)C)c7)c(c7cccc2c37)c64)C(=O)N(c2cc(C(C)(C)C)ccc2C(C)(C)C)C5=O)cc1 is invalid
21:36:56 <WARN> "default" filter: CC(=O)C(=C(C)O)c1ccc(C#Cc2ccc3c4c(Oc5ccc(C(C)(C)C)cc5)cc5c6c(cc(Oc7ccc(C(C)(C)C)cc7)c(c7cccc2c73)c64)C(=O)N(c2cc(C(C)(C)C)ccc2C(C)(C)C)C5=O)cc1 is invalid
21:36:56 <WARN> "default" filter: CC(=O)NC(Cc1ccc(O)cc1)C(=O)O[Si]1(OC(=O)C(Cc2ccc(O)cc2)NC(C)=O)n2c3c4ccccc4c2/N=C2\N=C(/N=c4/c5ccccc5/c(n41)=N/C1=N/C(=N\3)c3ccccc31)c1ccccc12 is invalid
21:36:56 <WARN> "default" filter: CC(=O)Nc1ccc(/C=C/c2cc(C)c3n2[B-](F)(F)[N+]2=CC=CC2=C3)cc1 is invalid
21:36:56 <WARN> "default" filter: CC(=O)OCOC(=O)CN(CC(=O)OCOC(C)=O)c1cccc(OCCOc2cc(NS(=O)(=O)c3ccc(C4=c5cc6c7c(c5Oc5c4cc4c8c5CCCN8CCC4)CCC[N+]=7CCC6)c(S(=O)(=O)[O-])c3)ccc2N(CC(=O)OCOC(C)=O)CC(=O)OCOC(C)=O)c1 is invalid
21:36:56 <WARN> "default" filter: CC(=O)OCOC(=O)CN(CC(=O)OCOC(C)=O)c1ccccc1OCCOc1cc(NC(=O)c2ccc3c(c2)C(=O)OC32c3cc(Cl)c(OC(C)=O)cc3Oc3cc(OC(C)=O)c(Cl)cc32)ccc1N(CC(=O)OCOC(C)=O)CC(=O)OCOC(C)=O is invalid
21:36:56 <WARN> "default" filter: CC(=O)OCOC(=O)CN(CC(=O)OCOC(C)=O)c1ccccc1OCCOc1cc(NC(=S)Nc2ccc(-c3c4ccc(N(C)C)cc4[o+]c4cc(N(C)C)ccc34)c(C(=O)[O-])c2)ccc1N(CC(=O)OCOC(C)=O)CC(=O)OCOC(C)=O is invalid
21:36:56 <WARN> "default" filter: CC(=O)OC[C@H]1O[C@@H](OCC#Cc2ccc(C3=C4C(C)=CC(/C=C/c5ccc(N(C)C)cc5)=[N+]4[B-](F)(F)n4c(/C=C/c5ccc(N(C)C)cc5)cc(C)c43)cc2)[C@H](OC(C)=O)C(OC(C)=O)[C@@H]1OC(C)=O is invalid
21:36:56 <WARN> "default" filter: CC(=O)OC[C@H]1O[C@@H](OCC#Cc2ccc(C3=C4C(C)=CC(/C=C/c5ccc([N+](C)(C)C)cc5)=[N+]4[B-](F)(F)n4c(/C=C/c5ccc([N+](C)(C)C)cc5)cc(C)c43)cc2)[C@H](OC(C)=O)C(OC(C)=O)[C@@H]1OC(C)=O is invalid
21:36:56 <WARN> "default" filter: CC(=O)O[B-]1(OC(C)=O)OC(/C=C/C=C/c2ccccc2)=CC(/C=C/C=C/c2ccccc2)=[O+]1 is invalid
21:36:56 <WARN> "default" filter: CC(=O)O[B-]1(OC(C)=O)OC(/C=C/c2ccc(C)cc2)=CC(/C=C/c2ccc(C)cc2)=[O+]1 is invalid
21:36:56 <WARN> "default" filter: CC(=O)O[B-]1(OC(C)=O)OC(/C=C/c2cccc3ccccc23)=CC(/C=C/c2cccc3ccccc23)=[O+]1 is invalid
21:36:56 <WARN> "default" filter: CC(=O)O[B-]1(OC(C)=O)OC(/C=C/c2ccccc2)=CC(/C=C/c2ccccc2)=[O+]1 is invalid
21:36:56 <WARN> "default" filter: CC(=O)Oc1ccc(/C=C/c2cc(C)c3n2[B-](F)(F)[N+]2=CC=CC2=C3)cc1 is invalid
21:36:56 <WARN> "default" filter: CC(=O)[B-]1(C(C)=O)OC(c2ccc3ccccc3c2)=CC(c2ccc3ccccc3c2)=[O+]1 is invalid
21:36:56 <WARN> "default" filter: CC(=O)[B-]1(C(C)=O)OC(c2ccccc2)=CC(c2ccccc2)=[O+]1 is invalid
21:36:56 <WARN> "default" filter: CC(=O)c1c(N[C@@H](CS)C(=O)O)c2ccc(N(C)C)cc2oc1=O is invalid
21:36:56 <WARN> "default" filter: CC(C)(C)/C=C/C1=[N+]2C(=C(c3c4ccccc4cc4ccccc34)c3ccc(/C=C/C(C)(C)C)n3[B-]2(F)F)C=C1 is invalid
21:36:56 <WARN> "default" filter: CC(C)(C)C1=CC2=C3C(=CC=C4C=CC(c5cc6c7cc(-c8ccc9ccc%10cc(C(C)(C)C)cc%11ccc8c9c%10%11)ccc7c(-c7ccc8ccc9cc(C(C)(C)C)cc%10ccc7c8c9%10)cc6c6cc(-c7ccc8ccc9cc(C(C)(C)C)cc%10ccc7c8c9%10)ccc56)=C(C=C2)C43)C1 is invalid
21:36:56 <WARN> "default" filter: CC(C)(C)CC(C)(C)c1ccc(N(c2ccc(C(C)(C)CC(C)(C)C)cc2)c2ccc3c4c(Oc5ccc(-c6cc(-c7ccccc7)c(-c7ccccc7)c(-c7ccccc7)c6-c6ccccc6)cc5)cc5c6c(cc(Oc7ccc(-c8cc(-c9ccccc9)c(-c9ccccc9)c(-c9ccccc9)c8-c8ccccc8)cc7)c(c7cccc2c73)c64)C(=O)OC5=O)cc1 is invalid
21:36:56 <WARN> "default" filter: CC(C)(C)CC(C)(C)c1ccc(Oc2cc3c(cc2Oc2ccc(C(C)(C)CC(C)(C)C)cc2)/C2=N/c4c5cc(Oc6ccc(C(C)(C)CC(C)(C)C)cc6)c(Oc6ccc(C(C)(C)CC(C)(C)C)cc6)cc5c5n4[Zn]n4/c(c6cc(Oc7ccc(C(C)(C)CC(C)(C)C)cc7)c(Oc7ccc(C(C)(C)CC(C)(C)C)cc7)cc6/c4=N/C3=N2)=N\C2=N/C(=N\5)c3ccc(-c4ccc(C(=O)O)cc4)cc32)cc1 is invalid
21:36:56 <WARN> "default" filter: CC(C)(C)CC(C)(C)c1ccc(Oc2cc3c4c(cc(Oc5ccc(C(C)(C)CC(C)(C)C)cc5)c5c6ccc(N(c7ccc(C(C)(C)CC(C)(C)C)cc7)c7ccc(C(C)(C)CC(C)(C)C)cc7)c7cccc(c2c45)c76)C(=O)OC3=O)cc1 is invalid
21:36:56 <WARN> "default" filter: CC(C)(C)NC(=O)C(OC(=O)c1ccc(C2=C3C=CC(c4ccc([N+](=O)[O-])cc4)=[N+]3[B-](F)(F)n3cccc32)cc1)c1ccc(C(F)(F)F)cc1 is invalid
21:36:56 <WARN> "default" filter: CC(C)(C)NC(=O)C(OC(=O)c1ccc(C2=C3C=CC=[N+]3[B-](F)(F)n3cccc32)cc1)c1ccc(Br)cc1 is invalid
21:36:56 <WARN> "default" filter: CC(C)(C)NC(=O)C(OC(=O)c1ccc(C2=C3C=CC=[N+]3[B-](F)(F)n3cccc32)cc1)c1ccc(C(F)(F)F)cc1 is invalid
21:36:56 <WARN> "default" filter: CC(C)(C)NC(=O)C(OC(=O)c1ccc(C2=C3C=CC=[N+]3[B-](F)(F)n3cccc32)cc1)c1ccc([N+](=O)[O-])cc1 is invalid
21:36:56 <WARN> "default" filter: CC(C)(C)NC(=O)C(OC(=O)c1ccc(C2=C3C=CC=[N+]3[B-](F)(F)n3cccc32)cc1)c1ccccc1 is invalid
21:36:56 <WARN> "default" filter: CC(C)(C)NC(=O)C(OC(=O)c1ccccc1)C1=CC2=C(c3ccc(Br)cc3)c3cccn3[B-](F)(F)[N+]2=C1 is invalid
21:36:56 <WARN> "default" filter: CC(C)(C)NC(=O)C(OC(=O)c1ccccc1)C1=CC2=C(c3ccc(C(F)(F)F)cc3)c3cccn3[B-](F)(F)[N+]2=C1 is invalid
21:36:56 <WARN> "default" filter: CC(C)(C)NC(=O)C(OC(=O)c1ccccc1)C1=CC2=C(c3ccccc3)c3cccn3[B-](F)(F)[N+]2=C1 is invalid
21:36:56 <WARN> "default" filter: CC(C)(C)NC(=O)C(OC(=O)c1ccccc1)C1=CC2=C(c3cccs3)c3cccn3[B-](F)(F)[N+]2=C1 is invalid
21:36:56 <WARN> "default" filter: CC(C)(C)NC(=O)C(OC(=O)c1ccccc1)c1ccc(C2=C3C=CC=[N+]3[B-](F)(F)n3cccc32)cc1 is invalid
21:36:56 <WARN> "default" filter: CC(C)(C)NC(=O)C(OC(=O)c1ccccc1)c1ccc(C2=C3C=CC=[N+]3[B-](F)(F)n3cccc32)cc1F is invalid
21:36:56 <WARN> "default" filter: CC(C)(C)NC(=O)C(OC(=O)c1ccccc1)c1ccc(C2=C3C=CC=[N+]3[B-](F)(F)n3cccc32)s1 is invalid
21:36:56 <WARN> "default" filter: CC(C)(C)NC(=O)C(OC(=O)c1ccccc1)c1cccc(C2=C3C=CC(c4ccc([N+](=O)[O-])cc4)=[N+]3[B-](F)(F)n3cccc32)c1 is invalid
21:36:56 <WARN> "default" filter: CC(C)(C)NC(=O)C(OC(=O)c1ccccc1)c1cccc(C2=C3C=CC=[N+]3[B-](F)(F)n3cccc32)c1 is invalid
21:36:56 <WARN> "default" filter: CC(C)(C)NC(=O)C(c1cc(Br)cc(Br)c1)N(C(=O)c1ccccc1)c1cccc(C2=C3C=CC=[N+]3[B-](F)(F)n3cccc32)c1 is invalid
21:36:56 <WARN> "default" filter: CC(C)(C)NC(=O)C(c1ccc(C2=C3C=CC=[N+]3[B-](F)(F)n3cccc32)cc1)N(Cc1ccccc1)C(=O)c1ccccc1 is invalid
21:36:56 <WARN> "default" filter: CC(C)(C)NC(=O)c1c([Si](C)(C)C)cc2ccc3cccc4ccc1c2c34 is invalid
21:36:56 <WARN> "default" filter: CC(C)(C)NC1=C2C=CC=[N+]2[B-](F)(F)n2cccc21 is invalid
21:36:56 <WARN> "default" filter: CC(C)(C)Nc1c(-c2nn(-c3ccccc3)c(-c3cccc(Br)c3)c2I)nc2ccccn12 is invalid
21:36:56 <WARN> "default" filter: CC(C)(C)OC(=O)/C=C/C1=CC2=C(c3ccccc3)c3cccn3[B-](F)(F)[N+]2=C1 is invalid
21:36:56 <WARN> "default" filter: CC(C)(C)OC(=O)CN1CCN(c2ccc3c(-c4ccc(I)cc4)c4ccc(=[N+]5CCN(CC(=O)OC(C)(C)C)CC5)cc-4oc3c2)CC1 is invalid
21:36:56 <WARN> "default" filter: CC(C)(C)OC(=O)N1CCN(c2ccc3c(-c4ccc(I)cc4)c4ccc(=[N+]5CCN(C(=O)OC(C)(C)C)CC5)cc-4oc3c2)CC1 is invalid
21:36:56 <WARN> "default" filter: CC(C)(C)OC(=O)NCCn1cc(COc2ccc(-c3cc(-c4ccccc4)c4n3[B-](F)(F)[N+]3=C(c5ccc(OCCCS(=O)(=O)[O-])cc5)C=C(c5ccccc5)C3=N4)cc2)nn1 is invalid
21:36:56 <WARN> "default" filter: CC(C)(C)OC(=O)N[C@@H](CCn1cc(COc2ccc(-c3cc(-c4ccccc4)c4n3[B-](F)(F)[N+]3=C(c5ccc(OCCCS(=O)(=O)[O-])cc5)C=C(c5ccccc5)C3=N4)cc2)nn1)C(=O)O is invalid
21:36:56 <WARN> "default" filter: CC(C)(C)[Si](C)(C)C#CC1=CC2=c3cc(C#C[Si](C)(C)C(C)(C)C)c4nc(C(F)(F)C(F)(F)C(F)(F)F)nc5c(C#C[Si](C)(C)C(C)(C)C)cc(c3c54)C3=CC(C#C[Si](C)(C)C(C)(C)C)=C4N=C(C(F)(F)C(F)(F)C(F)(F)F)N=C1C4C32 is invalid
21:36:56 <WARN> "default" filter: CC(C)(C)[Si](C)(C)C#Cc1c2c(=O)c3ccccc3c2c(C#C[Si](C)(C)C(C)(C)C)c2c(=O)c3ccccc3c12 is invalid
21:36:56 <WARN> "default" filter: CC(C)(C)[Si](C)(C)OCc1cc(C=C(C#N)C(=O)O)sc1-c1ccc(N(c2ccccc2)c2ccccc2)cc1 is invalid
21:36:56 <WARN> "default" filter: CC(C)(C)[Si](C)(C)c1ccc([Si](C)(C)C(C)(C)C)c2ccccc12 is invalid
21:36:56 <WARN> "default" filter: CC(C)(C)[Si](C)(C)c1cccc2ccccc12 is invalid
21:36:56 <WARN> "default" filter: CC(C)(C)c1cc(-c2c3cc(c(-c4cc(C(C)(C)C)cc(C(C)(C)C)c4)c4ccc([nH]4)c(-c4ccc([N+](=O)[O-])cc4)c4nc(c(-c5ccc([N+](=O)[O-])cc5)c5ccc2[nH]5)C=C4)N=C3)cc(C(C)(C)C)c1 is invalid
21:36:56 <WARN> "default" filter: CC(C)(C)c1cc(-c2c3nc(cc4[nH]c(cc4/C=C/C(=O)O)c(-c4cc(C(C)(C)C)cc(C(C)(C)C)c4)c4nc(cc5[nH]c2cc5C=CC(=O)O)C(C=CC(=O)O)=C4)C(/C=C/C(=O)O)=C3)cc(C(C)(C)C)c1 is invalid
21:36:56 <WARN> "default" filter: CC(C)(C)c1cc(-c2cc3c(cc(-c4cc(C(C)(C)C)cc(C(C)(C)C)c4)n3-c3ccc(C(=C(c4ccccc4)c4ccccc4)c4ccccc4)cc3)n2-c2ccc(C(=C(c3ccccc3)c3ccccc3)c3ccccc3)cc2)cc(C(C)(C)C)c1 is invalid
21:36:56 <WARN> "default" filter: CC(C)(C)c1cc(-c2ccc3c(-c4cc(C(C)(C)C)cc(C(C)(C)C)c4)cc4c5cc(-c6cc(C(C)(C)C)cc(C(C)(C)C)c6)ccc5c(-c5cc(C(C)(C)C)cc(C(C)(C)C)c5)cc4c3c2)cc(C(C)(C)C)c1 is invalid
21:36:56 <WARN> "default" filter: CC(C)(C)c1cc(/C2=C3/N=C(/C(c4cc(C(C)(C)C)cc(C(C)(C)C)c4)=c4/cc/c5n4[Zn]n4c2ccc4/C(c2cc(C(C)(C)C)cc(C(C)(C)C)c2)=C2\N=C(/C=5c4cc(C(C)(C)C)cc(C(C)(C)C)c4)c4cc(/C=C/C(=O)O)c(/C=C/C(=O)O)cc42)c2cc(C#Cc4ccccc4)c(C#Cc4ccccc4)cc23)cc(C(C)(C)C)c1 is invalid
21:36:56 <WARN> "default" filter: CC(C)(C)c1cc(/C2=C3\C=CC(=N3)/C(C#CC#N)=c3/cc/c4n3[Zn]n3c(ccc32)/C(C#Cc2ccc(C(=O)O)cc2)=C2/C=CC(=N2)/C=4c2cc(C(C)(C)C)cc(C(C)(C)C)c2)cc(C(C)(C)C)c1 is invalid
21:36:56 <WARN> "default" filter: CC(C)(C)c1cc(/C2=C3\C=CC(=N3)/C(C#C[N+](=O)[O-])=c3/cc/c4n3[Zn]n3c(ccc32)/C(C#Cc2ccc(C(=O)O)cc2)=C2/C=CC(=N2)/C=4c2cc(C(C)(C)C)cc(C(C)(C)C)c2)cc(C(C)(C)C)c1 is invalid
21:36:56 <WARN> "default" filter: CC(C)(C)c1cc(/C2=C3\C=CC(=N3)/C(C#Cc3c4cc5ccccc5cc4c(C#Cc4ccc(C(=O)O)cc4)c4cc5ccccc5cc34)=c3/cc/c4n3[Zn]n3c2ccc3/C(c2cc(C(C)(C)C)cc(C(C)(C)C)c2)=C2/C=CC(=N2)/C=4c2cc(C(C)(C)C)cc(C(C)(C)C)c2)cc(C(C)(C)C)c1 is invalid
21:36:56 <WARN> "default" filter: CC(C)(C)c1cc(/C2=C3\C=CC(=N3)/C(C#Cc3c4ccccc4c(C#Cc4ccc(C(=O)O)cc4)c4cc5ccccc5cc34)=c3/cc/c4n3[Zn]n3c2ccc3/C(c2cc(C(C)(C)C)cc(C(C)(C)C)c2)=C2/C=CC(=N2)/C=4c2cc(C(C)(C)C)cc(C(C)(C)C)c2)cc(C(C)(C)C)c1 is invalid
21:36:56 <WARN> "default" filter: CC(C)(C)c1cc(/C2=C3\C=CC(=N3)/C(C#Cc3c4ccccc4c(C#Cc4ccc(C(=O)O)cc4)c4ccccc34)=c3/cc/c4n3[Zn]n3c2ccc3/C(c2cc(C(C)(C)C)cc(C(C)(C)C)c2)=C2/C=CC(=N2)/C=4c2cc(C(C)(C)C)cc(C(C)(C)C)c2)cc(C(C)(C)C)c1 is invalid
21:36:56 <WARN> "default" filter: CC(C)(C)c1cc(/C2=C3\C=CC(=N3)/C(C#Cc3ccc(-c4ccccc4)cc3)=c3/cc/c4n3[Zn]n3c(ccc32)/C(C#Cc2ccc(C(=O)O)cc2)=C2/C=CC(=N2)/C=4c2cc(C(C)(C)C)cc(C(C)(C)C)c2)cc(C(C)(C)C)c1 is invalid
21:36:56 <WARN> "default" filter: CC(C)(C)c1cc(/C2=C3\C=CC(=N3)/C(C#Cc3ccc(C#Cc4ccc(C(=O)O)cc4)c4ccccc34)=c3/cc/c4n3[Zn]n3c2ccc3/C(c2cc(C(C)(C)C)cc(C(C)(C)C)c2)=C2/C=CC(=N2)/C=4c2cc(C(C)(C)C)cc(C(C)(C)C)c2)cc(C(C)(C)C)c1 is invalid
21:36:56 <WARN> "default" filter: CC(C)(C)c1cc(/C2=C3\C=CC(=N3)/C(C#Cc3cncnc3)=c3/cc/c4n3[Zn]n3c(ccc32)/C(C#Cc2ccc(C(=O)O)cc2)=C2/C=CC(=N2)/C=4c2cc(C(C)(C)C)cc(C(C)(C)C)c2)cc(C(C)(C)C)c1 is invalid
21:36:56 <WARN> "default" filter: CC(C)(C)c1cc(/C2=C3\C=CC(=N3)/C(C#Cc3ncccn3)=c3/cc/c4n3[Zn]n3c(ccc32)/C(C#Cc2ccc(C(=O)O)cc2)=C2/C=CC(=N2)/C=4c2cc(C(C)(C)C)cc(C(C)(C)C)c2)cc(C(C)(C)C)c1 is invalid
21:36:56 <WARN> "default" filter: CC(C)(C)c1cc(/C2=C3\C=CC(=N3)/C(c3cc(C(C)(C)C)cc(C(C)(C)C)c3)=c3/cc/c4n3[Zn]n3c(ccc32)/C(C#Cc2ccc(C(=O)O)cc2)=C2/C=CC(=N2)/C=4c2cc(C(C)(C)C)cc(C(C)(C)C)c2)cc(C(C)(C)C)c1 is invalid
21:36:56 <WARN> "default" filter: CC(C)(C)c1cc(/C2=C3\C=CC(=N3)/C(c3cc(C(C)(C)C)cc(C(C)(C)C)c3)=c3/cc/c4n3[Zn]n3c2ccc3/C(c2cc(C(C)(C)C)cc(C(C)(C)C)c2)=C2/C=CC(=N2)/C=4c2ccc(-c3ccc(/C=C(\C#N)C(=O)O)s3)s2)cc(C(C)(C)C)c1 is invalid
21:36:56 <WARN> "default" filter: CC(C)(C)c1cc(/C2=C3\C=CC(=N3)/C(c3cc(C(C)(C)C)cc(C(C)(C)C)c3)=c3/cc/c4n3[Zn]n3c2ccc3/C(c2ccc(-c3ccc(/C=C(\C#N)C(=O)O)s3)s2)=C2/C=CC(=N2)/C=4c2cc(C(C)(C)C)cc(C(C)(C)C)c2)cc(C(C)(C)C)c1 is invalid
21:36:56 <WARN> "default" filter: CC(C)(C)c1cc(/C2=C3\C=CC(=N3)/C(c3cc(C(C)(C)C)cc(C(C)(C)C)c3)=c3/cc4c5ccc6c7ccc8c9c(ccc(c%10ccc(c%11c4n3[Ni]n3c2ccc3/C(c2cc(C(C)(C)C)cc(C(C)(C)C)c2)=C2/C=CC%11=N2)c5c%106)c97)C(=O)OC8=O)cc(C(C)(C)C)c1 is invalid
21:36:56 <WARN> "default" filter: CC(C)(C)c1cc(/C2=C3\C=CC(=N3)/C(c3ccc([N+](=O)[O-])cc3)=c3/cc/c([nH]3)=C(\c3ccc([N+](=O)[O-])cc3)C3=N/C(=C(/c4cc(C(C)(C)C)cc(C(C)(C)C)c4)c4cc2c[nH]4)C=C3)cc(C(C)(C)C)c1 is invalid
21:36:56 <WARN> "default" filter: CC(C)(C)c1cc(/C2=C3\C=CC(=N3)/C=c3/cc/c4n3[Zn]n3c(ccc32)/C(C#Cc2ccc(C(=O)O)cc2)=C2/C=CC(=N2)/C=4c2cc(C(C)(C)C)cc(C(C)(C)C)c2)cc(C(C)(C)C)c1 is invalid
21:36:56 <WARN> "default" filter: CC(C)(C)c1cc(/C2=c3\cc/c4n3[Zn]N3C(C=CC3/C(c3ccc(C(=O)O)cc3)=C3/C=CC(=N3)/N=4)/N=C3/C=CC2=N3)cc(C(C)(C)C)c1 is invalid
21:36:56 <WARN> "default" filter: CC(C)(C)c1cc(/C=C/C=C2\N(CCC[SH](=O)(O)O)c3ccc(S(=O)(=O)O)cc3C2(C)CCCC(=O)O)c2ccc(N(CCCS(=O)(=O)O)CCCS(=O)(=O)O)cc2[o+]1 is invalid
21:36:56 <WARN> "default" filter: CC(C)(C)c1cc(/C=C/C=C2\N(CCC[SH](=O)(O)O)c3ccc(S(=O)(=O)O)cc3C2(C)CCCC(=O)O)c2ccc(N(CCCS(=O)(=O)[O-])CCCS(=O)(=O)O)cc2[o+]1 is invalid
21:36:56 <WARN> "default" filter: CC(C)(C)c1cc(/C=C/C=C2\N(CCC[SH](=O)(O)O)c3ccc(S(=O)(=O)O)cc3C2(C)CCCC(=O)O)c2ccc(N(CCCS(=O)(=O)[O-])CCCS(=O)(=O)[O-])cc2[o+]1 is invalid
21:36:56 <WARN> "default" filter: CC(C)(C)c1cc(/C=C/C=C2\N(CCC[SH](=O)([O-])O)c3ccc(S(=O)(=O)[O-])cc3C2(C)CCCC(=O)O)c2ccc(N(CCCS(=O)(=O)[O-])CCCS(=O)(=O)[O-])cc2[o+]1 is invalid
21:36:56 <WARN> "default" filter: CC(C)(C)c1cc(C#Cc2ccc3c(C#Cc4cc(C(C)(C)C)cc(C(C)(C)C)c4)cc4c5cc(C#Cc6cc(C(C)(C)C)cc(C(C)(C)C)c6)ccc5c(C#Cc5cc(C(C)(C)C)cc(C(C)(C)C)c5)cc4c3c2)cc(C(C)(C)C)c1 is invalid
21:36:56 <WARN> "default" filter: CC(C)(C)c1cc(CN2C(=O)/C(=c3\s/c(=C/c4ccc(-c5ccc(-c6ccc(-c7ccc8c(c7)C7CCCC7N8c7ccc(C=C(c8ccccc8)c8ccccc8)cc7)s6)s5)s4)c(=O)n3CC(=O)O)SC2=S)cc(C(C)(C)C)c1 is invalid
21:36:56 <WARN> "default" filter: CC(C)(C)c1cc(CN2C(=O)/C(=c3\s/c(=C/c4ccc(-c5ccc(-c6ccc7c(c6)C6CCCC6N7c6ccc(C=C(c7ccccc7)c7ccccc7)cc6)s5)s4)c(=O)n3CC(=O)O)SC2=S)cc(C(C)(C)C)c1 is invalid
21:36:56 <WARN> "default" filter: CC(C)(C)c1cc(CN2C(=O)/C(=c3\s/c(=C/c4ccc(-c5ccc6c(c5)C5CCCC5N6c5ccc(C=C(c6ccccc6)c6ccccc6)cc5)s4)c(=O)n3CC(=O)O)SC2=S)cc(C(C)(C)C)c1 is invalid
21:36:56 <WARN> "default" filter: CC(C)(C)c1cc2c(-c3ccc(N(c4ccccc4)c4ccccc4)cc3)c(-c3ccc(N(c4ccccc4)c4ccccc4)cc3)c3cccc4c(-c5ccc(N(c6ccccc6)c6ccccc6)cc5)c(-c5ccc(N(c6ccccc6)c6ccccc6)cc5)c(c1)[n+]2c34 is invalid
21:36:56 <WARN> "default" filter: CC(C)(C)c1cc2c(c(C(C)(C)C)c1)O[B-](F)(F)[n+]1c-2nc(-c2ccccc2)c2cc(Cl)ccc21 is invalid
21:36:56 <WARN> "default" filter: CC(C)(C)c1cc2c(c(C(C)(C)C)c1)O[B-](F)(F)[n+]1c-2nc(-c2ccccc2)c2ccccc21 is invalid
21:36:56 <WARN> "default" filter: CC(C)(C)c1cc2c3c(c1)-c1cccc4c1N(B3N1c3ccccc3Sc3cccc-2c31)c1ccccc1S4 is invalid
21:36:56 <WARN> "default" filter: CC(C)(C)c1cc2c3c(c1)C(C)(C)c1cc(C(C)(C)C)cc4c1N3c1c(cc(-c3cc5sc(/C=C/c6cc7sc(/C=C(\C#N)C(=O)S)cc7s6)cc5s3)cc1C4(C)C)C2(C)C is invalid
21:36:56 <WARN> "default" filter: CC(C)(C)c1cc2c3c(c1)c1cc(C(C)(C)C)cc4c1n3B1c3c-2cccc3-c2cc(C(C)(C)C)cc3c5cc(C(C)(C)C)cc-4c5n1c23 is invalid
21:36:56 <WARN> "default" filter: CC(C)(C)c1ccc(-c2c(-c3ccc(-n4c5ccccc5c5ccccc54)cc3)c(C#N)c(-c3ccc(-n4c5ccccc5c5ccccc54)cc3)c(-c3ccc(C(C)(C)C)cc3)c2-c2ccc(C(C)(C)C)cc2)cc1 is invalid
21:36:56 <WARN> "default" filter: CC(C)(C)c1ccc(-c2c(-c3ccc(-n4c5ccccc5c5ccccc54)cc3)cc(-c3ccc(-n4c5ccccc5c5ccccc54)cc3)c(-c3ccc(C(C)(C)C)cc3)c2-c2ccc(C(C)(C)C)cc2)cc1 is invalid
21:36:56 <WARN> "default" filter: CC(C)(C)c1ccc(-c2c(-c3ccc(N(c4ccccc4)c4ccccc4)cc3)c(C#N)c(-c3ccc(N(c4ccccc4)c4ccccc4)cc3)c(-c3ccc(C(C)(C)C)cc3)c2-c2ccc(C(C)(C)C)cc2)cc1 is invalid
21:36:56 <WARN> "default" filter: CC(C)(C)c1ccc(-c2c(-c3ccc(N(c4ccccc4)c4ccccc4)cc3)cc(-c3ccc(N(c4ccccc4)c4ccccc4)cc3)c(-c3ccc(C(C)(C)C)cc3)c2-c2ccc(C(C)(C)C)cc2)cc1 is invalid
21:36:56 <WARN> "default" filter: CC(C)(C)c1ccc(-c2c(-c3ccc4c5ccccc5n(-c5ccccc5)c4c3)c(C#N)c(-c3ccc4c5ccccc5n(-c5ccccc5)c4c3)c(-c3ccc(C(C)(C)C)cc3)c2-c2ccc(C(C)(C)C)cc2)cc1 is invalid
21:36:56 <WARN> "default" filter: CC(C)(C)c1ccc(-c2c(-c3cccc(-n4c5ccccc5c5ccccc54)c3)c(C#N)c(-c3cccc(-n4c5ccccc5c5ccccc54)c3)c(-c3ccc(C(C)(C)C)cc3)c2-c2ccc(C(C)(C)C)cc2)cc1 is invalid
21:36:56 <WARN> "default" filter: CC(C)(C)c1ccc(-c2c(-c3cccc(N(c4ccccc4)c4ccccc4)c3)c(C#N)c(-c3cccc(N(c4ccccc4)c4ccccc4)c3)c(-c3ccc(C(C)(C)C)cc3)c2-c2ccc(C(C)(C)C)cc2)cc1 is invalid
21:36:56 <WARN> "default" filter: CC(C)(C)c1ccc(-c2c3c(c(-c4ccc(C(C)(C)C)cc4)c4cc5ccccc5cc24)Cc2c(c(-c4ccc(C(C)(C)C)cc4)c4cc5ccccc5cc4c2-c2ccc(C(C)(C)C)cc2)C3)cc1 is invalid
21:36:57 <WARN> "default" filter: CC(C)(C)c1ccc(-c2cc3cc4c(cc(-c5ccc(C(C)(C)C)cc5)p4-c4ccccc4)cc3p2-c2ccccc2)cc1 is invalid
21:36:57 <WARN> "default" filter: CC(C)(C)c1ccc(-c2ccc3c(-c4ccc(C(C)(C)C)c5ccccc45)cc4c5cc(-c6ccc(C(C)(C)C)c7ccccc67)ccc5c(-c5ccc(C(C)(C)C)c6ccccc56)cc4c3c2)c2ccccc12 is invalid
21:36:57 <WARN> "default" filter: CC(C)(C)c1ccc(-c2nnc(-c3c(-n4c5ccccc5c5ccccc54)c(-n4c5ccccc5c5ccccc54)c(-c4nnc(-c5ccc(C(C)(C)C)cc5)o4)c(-n4c5ccccc5c5ccccc54)c3-n3c4ccccc4c4ccccc43)o2)cc1 is invalid
21:36:57 <WARN> "default" filter: CC(C)(C)c1ccc(-c2nnc(-c3c(-n4c5ccccc5c5ccccc54)c(-n4c5ccccc5c5ccccc54)c(-n4c5ccccc5c5ccccc54)c(-n4c5ccccc5c5ccccc54)c3-n3c4ccccc4c4ccccc43)o2)cc1 is invalid
21:36:57 <WARN> "default" filter: CC(C)(C)c1ccc(-n2c(-c3ccc(N(c4ccc(-c5ccc(N(c6ccc(-c7nc8c9ccccc9c9ccccc9c8n7-c7ccc(C(C)(C)C)cc7)cc6)c6ccc(-c7nc8c9ccccc9c9ccccc9c8n7-c7ccc(C(C)(C)C)cc7)cc6)cc5)cc4)c4ccc(-c5nc6c7ccccc7c7ccccc7c6n5-c5ccc(C(C)(C)C)cc5)cc4)cc3)nc3c4ccccc4c4ccccc4c32)cc1 is invalid
21:36:57 <WARN> "default" filter: CC(C)(C)c1ccc(/C2=C3/N=C(C=C3/C=C(/C#N)C(=O)O)/C(c3ccc(C(C)(C)C)cc3)=c3/cc/c4n3[Zn]n3c2ccc3/C(c2ccc(C(C)(C)C)cc2)=C2\N=C(C(c3ccccc3)=C2c2ccccc2)/C=4c2ccc(C(C)(C)C)cc2)cc1 is invalid
21:36:57 <WARN> "default" filter: CC(C)(C)c1ccc(/C2=C3\C=CC(=N3)/C(c3ccc(C(C)(C)C)cc3)=c3/cc/c4n3[Zn]n3c2ccc3/C(c2ccc(C(C)(C)C)cc2)=C2\N=C(C=C2/C=C(\C#N)C(=O)O)/C=4c2ccc(C(C)(C)C)cc2)cc1 is invalid
21:36:57 <WARN> "default" filter: CC(C)(C)c1ccc(/C=C/c2ccc(N(c3ccc(/C=C/c4ccc(C(C)(C)C)cc4)cc3)c3ccc(-c4nc5ccccc5nc4-c4ccc(N(c5ccc(/C=C/c6ccc(C(C)(C)C)cc6)cc5)c5ccc(/C=C/c6ccc(C(C)(C)C)cc6)cc5)cc4)cc3)cc2)cc1 is invalid
21:36:57 <WARN> "default" filter: CC(C)(C)c1ccc(C#Cc2c(C#Cc3ccc(C(C)(C)C)cc3)c(C#Cc3ccc(C(C)(C)C)cc3)c(C#Cc3ccc(C(C)(C)C)cc3)c(C#Cc3ccc(C(C)(C)C)cc3)c2C#Cc2ccc(C(C)(C)C)cc2)cc1 is invalid
21:36:57 <WARN> "default" filter: CC(C)(C)c1ccc(C#Cc2cc3c(C#Cc4ccc(C(C)(C)C)cc4)c(C#Cc4ccc(C(C)(C)C)cc4)c4cc(C#Cc5ccc(C(C)(C)C)cc5)cc5c(C#Cc6ccc(C(C)(C)C)cc6)c(C#Cc6ccc(C(C)(C)C)cc6)c(c2)c3c45)cc1 is invalid
21:36:57 <WARN> "default" filter: CC(C)(C)c1ccc(C2=C(c3ccc(C(C)(C)C)cc3)C(c3ccc(C(C)(C)C)cc3)=[N+]3C2=C(c2ccccc2)c2c(-c4ccc(C(C)(C)C)cc4)c(-c4ccc(C(C)(C)C)cc4)c(-c4ccc(C(C)(C)C)cc4)n2[B-]3(F)F)cc1 is invalid
21:36:57 <WARN> "default" filter: CC(C)(C)c1ccc(C2=C(c3ccc(C(C)(C)C)cc3)[Si](c3ccccc3)(c3ccccc3)c3ccccc32)cc1 is invalid
21:36:57 <WARN> "default" filter: CC(C)(C)c1ccc(C2=C(c3ccc(N4c5ccccc5C(C)(C)c5ccccc54)cc3)S(=O)(=O)c3c2sc(-c2ccc(N4c5ccccc5C(C)(C)c5ccccc54)cc2)c3-c2ccc(C(C)(C)C)cc2)cc1 is invalid
21:36:57 <WARN> "default" filter: CC(C)(C)c1ccc(C2=CC(c3ccccc3)=[N+]3C2=Nc2c(-c4ccc(C(C)(C)C)cc4)cc(-c4ccccc4)n2[B-]3(F)F)cc1 is invalid
21:36:57 <WARN> "default" filter: CC(C)(C)c1ccc(C2=Cc3cc4c(cc3P2(=O)c2ccccc2)C=C(c2ccc(C(C)(C)C)cc2)P4(=O)c2ccccc2)cc1 is invalid
21:36:57 <WARN> "default" filter: CC(C)(C)c1ccc(C2=[N+]3C(=C(c4ccc(N(c5ccc(C6=C7C=CC(c8ccc(C(C)(C)C)cc8)=[N+]7[B-](F)(F)n7c6ccc7-c6ccc(C(C)(C)C)cc6)cc5)c5ccc(-c6ccc(C(=O)O)cc6)cc5)cc4)c4ccc(-c5ccc(C(C)(C)C)cc5)n4[B-]3(F)F)C=C2)cc1 is invalid
21:36:57 <WARN> "default" filter: CC(C)(C)c1ccc(C2=c3c(c4ccc(C(C)(C)C)cc4c4cc(C(C)(C)C)ccc34)=[N+]3C2=C(c2ccccc2)c2c(-c4ccc(C(C)(C)C)cc4)c4c5ccc(C(C)(C)C)cc5c5cc(C(C)(C)C)ccc5c4n2[B-]3(F)F)cc1 is invalid
21:36:57 <WARN> "default" filter: CC(C)(C)c1ccc(C2=c3sc(-c4ccc(C(C)(C)C)cc4)c(-c4ccc(C(C)(C)C)cc4)c3=[N+]3C2=Nc2c(-c4ccc(C(C)(C)C)cc4)c4sc(-c5ccc(C(C)(C)C)cc5)c(-c5ccc(C(C)(C)C)cc5)c4n2[B-]3(F)F)cc1 is invalid
21:36:57 <WARN> "default" filter: CC(C)(C)c1ccc(C2=c3sc(-c4ccc(C(C)(C)C)cc4)cc3=[N+]3C2=Nc2c(-c4ccc(C(C)(C)C)cc4)c4sc(-c5ccc(C(C)(C)C)cc5)cc4n2[B-]3(F)F)cc1 is invalid
21:36:57 <WARN> "default" filter: CC(C)(C)c1ccc(N(/C2=C3\C=CC(=N3)/C(c3cc(C(C)(C)C)cc(C(C)(C)C)c3)=c3/cc(/C=C/C=C/C(=O)O)/c4n3[Zn]n3c(ccc32)/C(c2cc(C(C)(C)C)cc(C(C)(C)C)c2)=C2/C=C(/C=C/C=C/C(=O)O)C(=N2)/C=4)c2ccc(C(C)(C)C)cc2)cc1 is invalid
21:36:57 <WARN> "default" filter: CC(C)(C)c1ccc(N(/C2=C3\C=CC(=N3)/C(c3cc(C(C)(C)C)cc(C(C)(C)C)c3)=c3/cc/c4n3[Zn]n3c(ccc32)/C(c2cc(C(C)(C)C)cc(C(C)(C)C)c2)=C2/C=C(/C=C/C(=O)O)C(=N2)/C=4)c2ccc(C(C)(C)C)cc2)cc1 is invalid
21:36:57 <WARN> "default" filter: CC(C)(C)c1ccc(N(/C2=C3\C=CC(=N3)/C(c3cc(C(C)(C)C)cc(C(C)(C)C)c3)=c3/cc/c4n3[Zn]n3c(ccc32)/C(c2cc(C(C)(C)C)cc(C(C)(C)C)c2)=C2/C=C(/C=C/C=C/C(=O)O)C(=N2)/C=4)c2ccc(C(C)(C)C)cc2)cc1 is invalid
21:36:57 <WARN> "default" filter: CC(C)(C)c1ccc(N(/C2=c3\cc/c4n3[Zn]n3c(cc(/C=C/C=C/C(=O)O)c3/C=C3\N=C(C=C3/C=C/C=C/C(=O)O)/C=4c3cc(C(C)(C)C)cc(C(C)(C)C)c3)/C(c3cc(C(C)(C)C)cc(C(C)(C)C)c3)=C3/C=CC2=N3)c2ccc(C(C)(C)C)cc2)cc1 is invalid
21:36:57 <WARN> "default" filter: CC(C)(C)c1ccc(N(/C2=c3\cc/c4n3[Zn]n3c(ccc3/C(c3cc(C(C)(C)C)cc(C(C)(C)C)c3)=C3/C=CC2=N3)/C(C#Cc2ccc(C(=O)O)cc2)=C2/C=CC(=N2)/C=4c2cc(C(C)(C)C)cc(C(C)(C)C)c2)c2ccc(C(C)(C)C)cc2)cc1 is invalid
21:36:57 <WARN> "default" filter: CC(C)(C)c1ccc(N(/C2=c3\cc/c4n3[Zn]n3c(ccc3/C(c3cc(C(C)(C)C)cc(C(C)(C)C)c3)=C3/C=CC2=N3)/C=C2\N=C(C=C2/C=C/C(=O)O)/C=4c2cc(C(C)(C)C)cc(C(C)(C)C)c2)c2ccc(C(C)(C)C)cc2)cc1 is invalid
21:36:57 <WARN> "default" filter: CC(C)(C)c1ccc(N(/C2=c3\cc/c4n3[Zn]n3c(ccc3/C(c3cc(C(C)(C)C)cc(C(C)(C)C)c3)=C3/C=CC2=N3)/C=C2\N=C(C=C2/C=C/C=C/C(=O)O)/C=4c2cc(C(C)(C)C)cc(C(C)(C)C)c2)c2ccc(C(C)(C)C)cc2)cc1 is invalid
21:36:57 <WARN> "default" filter: CC(C)(C)c1ccc(N(c2ccc(-c3ccc(C4=[O+][B-](F)(F)OC(c5ccc(C(=O)O)cc5)=C4)cc3)cc2)c2ccc(C(C)(C)C)cc2)cc1 is invalid
21:36:57 <WARN> "default" filter: CC(C)(C)c1ccc(N(c2ccc(C(C)(C)C)cc2)c2ccc3c(N(c4ccc(C(C)(C)C)cc4)c4ccc(C(C)(C)C)cc4)cc4c5cc(N(c6ccc(C(C)(C)C)cc6)c6ccc(C(C)(C)C)cc6)ccc5c(N(c5ccc(C(C)(C)C)cc5)c5ccc(C(C)(C)C)cc5)cc4c3c2)cc1 is invalid
21:36:57 <WARN> "default" filter: CC(C)(C)c1ccc(N(c2ccc(C(C)(C)C)cc2)c2ccc3c(c2)/C=N/c2ccc(C(=O)O)cc2/N=C/c2cc(N(c4ccc(C(C)(C)C)cc4)c4ccc(C(C)(C)C)cc4)ccc2O[Zn]O3)cc1 is invalid
21:36:57 <WARN> "default" filter: CC(C)(C)c1ccc(N(c2ccc(C3=[O+][B-](F)(F)OC(c4ccc(-c5ccc(C(=O)O)cc5)cc4)=C3)cc2)c2ccc(C(C)(C)C)cc2)cc1 is invalid
21:36:57 <WARN> "default" filter: CC(C)(C)c1ccc(N(c2ccc(C3=[O+][B-](F)(F)OC(c4ccc(C(=O)O)cc4)=C3)cc2)c2ccc(C(C)(C)C)cc2)cc1 is invalid
21:36:57 <WARN> "default" filter: CC(C)(C)c1ccc(N2c3ccc(C(C)(C)C)cc3B3c4cc(C(C)(C)C)ccc4N(c4ccc(C(C)(C)C)cc4)c4cc(-n5c6ccc(C(C)(C)C)cc6c6cc(C(C)(C)C)ccc65)cc2c43)cc1 is invalid
21:36:57 <WARN> "default" filter: CC(C)(C)c1ccc(Oc2c3c4c(cc(Oc5ccc(C(C)(C)C)cc5)c5c6c(Oc7ccc(C(C)(C)C)cc7)c(Oc7ccc(C(C)(C)C)cc7)c7c8c(cc(Oc9ccc(C(C)(C)C)cc9)c(c(c2Oc2ccc(C(C)(C)C)cc2)c45)c86)C(=O)OC7=O)C(=O)OC3=O)cc1 is invalid
21:36:57 <WARN> "default" filter: CC(C)(C)c1ccc(Oc2cc3c4c(cc(Oc5ccc(C(C)(C)C)cc5)c5c6c(Oc7ccc(C(C)(C)C)cc7)cc7c8c(cc(Oc9ccc(C(C)(C)C)cc9)c(c2c45)c86)C(=O)N(Cc2ccccc2)C7=O)C(=O)N(Cc2ccccc2)C3=O)cc1 is invalid
21:36:57 <WARN> "default" filter: CC(C)(C)c1ccc(Oc2cc3c4c(cc(Oc5ccc(C(C)(C)C)cc5)c5c6c(Oc7ccc(C(C)(C)C)cc7)cc7c8c(cc(Oc9ccc(C(C)(C)C)cc9)c(c2c45)c86)C(=O)N(c2ccccc2)C7=O)C(=O)N(c2ccccc2)C3=O)cc1 is invalid
21:36:57 <WARN> "default" filter: CC(C)(C)c1ccc(Oc2cc3c4c(cc(Oc5ccc(C(C)(C)C)cc5)c5c6c(Oc7ccc(C(C)(C)C)cc7)cc7c8c(cc(Oc9ccc(C(C)(C)C)cc9)c(c2c45)c86)C(=O)OC7=O)C(=O)OC3=O)cc1 is invalid
21:36:57 <WARN> "default" filter: CC(C)(C)c1ccc(Oc2cc3c4c(cc(Oc5ccc(C(C)(C)C)cc5)c5c6ccc(C#Cc7cc(C(=O)O)nc(C(=O)O)c7)c7cccc(c2c45)c76)C(=O)N(c2cc(C(C)(C)C)ccc2C(C)(C)C)C3=O)cc1 is invalid
21:36:57 <WARN> "default" filter: CC(C)(C)c1ccc(Oc2cc3c4c(cc(Oc5ccc(C(C)(C)C)cc5)c5c6ccc(C#Cc7ccc(C(=O)O)cc7)c7cccc(c2c45)c76)C(=O)N(c2cc(C(C)(C)C)ccc2C(C)(C)C)C3=O)cc1 is invalid
21:36:57 <WARN> "default" filter: CC(C)(C)c1ccc(Oc2cc3c4c(cc(Oc5ccc(C(C)(C)C)cc5)c5c6ccc(C#Cc7ccc(P(=O)(O)O)cc7)c7cccc(c2c45)c76)C(=O)N(c2cc(C(C)(C)C)ccc2C(C)(C)C)C3=O)cc1 is invalid
21:36:57 <WARN> "default" filter: CC(C)(C)c1ccc(Oc2cc3c4c(cc(Oc5cccc(C(C)(C)C)c5)c5c6cccc7c(C#Cc8cc(C(=O)O)nc(C(=O)O)c8)ccc(c2c45)c76)C(=O)N(c2cc(C(C)(C)C)ccc2C(C)(C)C)C3=O)cc1 is invalid
21:36:57 <WARN> "default" filter: CC(C)(C)c1ccc(Oc2cc3c4c(cc(Oc5cccc(C(C)(C)C)c5)c5c6cccc7c(C#Cc8ccc(C(=O)O)cc8)ccc(c2c45)c76)C(=O)N(c2cc(C(C)(C)C)ccc2C(C)(C)C)C3=O)cc1 is invalid
21:36:57 <WARN> "default" filter: CC(C)(C)c1ccc(Oc2cc3c4c(cc(Oc5cccc(C(C)(C)C)c5)c5c6cccc7c(C#Cc8ccc(P(=O)(O)O)cc8)ccc(c2c45)c76)C(=O)N(c2cc(C(C)(C)C)ccc2C(C)(C)C)C3=O)cc1 is invalid
21:36:57 <WARN> "default" filter: CC(C)(C)c1ccc2[nH]c3c(-c4ccc(N(c5ccc(C=c6sc(=C(C#N)C#N)[nH]c6=O)cc5)c5ccc(-c6cc(C(C)(C)C)cc7c6[nH]c6ccc(C(C)(C)C)cc67)cc5)cc4)cc(C(C)(C)C)cc3c2c1 is invalid
21:36:57 <WARN> "default" filter: CC(C)(C)c1ccc2c(c1)-c1c3c(c4c5c1-c1cc(C(C)(C)C)ccc1OB5Oc1ccc(C(C)(C)C)cc1-4)-c1cc(C(C)(C)C)ccc1OB3O2 is invalid
21:36:57 <WARN> "default" filter: CC(C)(C)c1ccc2c(c1)C1=N/C2=N\c2c3cc(C(C)(C)C)ccc3c3n2[Zn]n2/c(c4ccc(C(C)(C)C)cc4/c2=N/C2=N/C(=N\3)c3cc(O)c(O)cc32)=N\1 is invalid
21:36:57 <WARN> "default" filter: CC(C)(C)c1ccc2c(c1)C1=NC2=Nc2c3ccc(C(C)(C)C)cc3c3n2[Zn]n2c(c4ccc(C(C)(C)C)cc4c2=N1)=NC1=NC(=N3)c2cc3cc(C(=O)O)ccc3cc21 is invalid
21:36:57 <WARN> "default" filter: CC(C)(C)c1ccc2c(c1)C1=Nc3c4cc(C(C)(C)C)ccc4c4n3[Zn]n3c(c5ccc(C(C)(C)C)cc5c3=NC3=NC(=N4)c4ccc(C(=O)O)cc43)=NC2=N1 is invalid
21:36:57 <WARN> "default" filter: CC(C)(C)c1ccc2c(c1)c1cc(C(C)(C)C)cc3c1n2-c1cc(-c2ccc(F)cc2)cc2c1B3c1cc(C(C)(C)C)cc3c4cc(C(C)(C)C)ccc4n-2c13 is invalid
21:36:57 <WARN> "default" filter: CC(C)(C)c1ccc2c(c1)c1cc(C(C)(C)C)cc3c1n2-c1cc(-c2cccc(F)c2)cc2c1B3c1cc(C(C)(C)C)cc3c4cc(C(C)(C)C)ccc4n-2c13 is invalid
21:36:57 <WARN> "default" filter: CC(C)(C)c1ccc2c(c1)c1cc(C(C)(C)C)cc3c1n2-c1cc(-c2ccccc2F)cc2c1B3c1cc(C(C)(C)C)cc3c4cc(C(C)(C)C)ccc4n-2c13 is invalid
21:36:57 <WARN> "default" filter: CC(C)(C)c1ccc2c(c1)c1cc(C(C)(C)C)ccc1n2-c1cc(-n2c3ccc(C(C)(C)C)cc3c3cc(C(C)(C)C)ccc32)c(-n2c3ccc(C(C)(C)C)cc3c3cc(C(C)(C)C)ccc32)c(C#N)c1-n1c2ccc(C(C)(C)C)cc2c2cc(C(C)(C)C)ccc21 is invalid
21:36:57 <WARN> "default" filter: CC(C)(C)c1ccc2c(c1)c1cc(C(C)(C)C)ccc1n2-c1cc(N2c3ccccc3C(c3ccccc3)(c3ccccc3)c3ccccc32)cc(-n2c3ccc(C(C)(C)C)cc3c3cc(C(C)(C)C)ccc32)c1C#N is invalid
21:36:57 <WARN> "default" filter: CC(C)(C)c1ccc2c(c1)c1cc(C(C)(C)C)ccc1n2-c1ccc(-c2ccc3c(c2)C2(c4cc(-c5ccc(-n6c7ccc(C(C)(C)C)cc7c7cc(C(C)(C)C)ccc76)cc5)ccc4-3)c3ccccc3S(=O)(=O)c3ccccc32)cc1 is invalid
21:36:57 <WARN> "default" filter: CC(C)(C)c1ccc2c(c1)c1cc(C(C)(C)C)ccc1n2-c1ccc(-c2nc(-c3ccc(-n4c5ccc(C(C)(C)C)cc5c5cc(C(C)(C)C)ccc54)cc3)nc(-c3ccc(P(=O)(c4ccccc4)c4ccccc4)cc3)n2)cc1 is invalid
21:36:57 <WARN> "default" filter: CC(C)(C)c1ccc2c(c1)c1cc(C(C)(C)C)ccc1n2-c1ccc(/C2=C3\C=CC(=N3)/C(c3ccc(-n4c5ccc(C(C)(C)C)cc5c5cc(C(C)(C)C)ccc54)cc3)=c3/cc/c4n3[Zn]n3c2ccc3/C(c2ccc(-c3ccc(/C=C(\C#N)C(=O)O)s3)s2)=C2/C=CC(=N2)/C=4c2ccc(-n3c4ccc(C(C)(C)C)cc4c4cc(C(C)(C)C)ccc43)cc2)cc1 is invalid
21:36:57 <WARN> "default" filter: CC(C)(C)c1ccc2c(c1)c1cc(C(C)(C)C)ccc1n2-c1ccc(/C2=C3\C=CC(=N3)/C(c3ccc(-n4c5ccc(C(C)(C)C)cc5c5cc(C(C)(C)C)ccc54)s3)=c3/cc/c4n3[Zn]n3c(ccc32)/C(c2ccc(-c3ccc(/C=C(\C#N)C(=O)O)s3)s2)=C2/C=CC(=N2)/C=4c2ccc(-n3c4ccc(C(C)(C)C)cc4c4cc(C(C)(C)C)ccc43)s2)s1 is invalid
21:36:57 <WARN> "default" filter: CC(C)(C)c1ccc2c(c1)c1cc(C(C)(C)C)ccc1n2-c1ccc(C#Cc2ccc3c4ccc(C#Cc5ccc(-n6c7ccc(C(C)(C)C)cc7c7cc(C(C)(C)C)ccc76)cc5)cc4n(-c4ccc(C(F)(F)F)cc4)c3c2)cc1 is invalid
21:36:57 <WARN> "default" filter: CC(C)(C)c1ccc2c(c1)c1cc(C(C)(C)C)ccc1n2-c1ccc(N(c2ccc(-c3ccc(-c4ccc(-c5ccc(-c6ccc(-c7ccc(N(c8ccc(-n9c%10ccc(C(C)(C)C)cc%10c%10cc(C(C)(C)C)ccc%109)cc8)c8ccc(-n9c%10ccc(C(C)(C)C)cc%10c%10cc(C(C)(C)C)ccc%109)cc8)cc7)s6)s5)s4)s3)cc2)c2ccc(-n3c4ccc(C(C)(C)C)cc4c4cc(C(C)(C)C)ccc43)cc2)cc1 is invalid
21:36:57 <WARN> "default" filter: CC(C)(C)c1ccc2c(c1)c1cc(C(C)(C)C)ccc1n2-c1ccc(N(c2ccc(-c3ccc(-c4ccc(-c5ccc(-c6ccc(N(c7ccc(-n8c9ccc(C(C)(C)C)cc9c9cc(C(C)(C)C)ccc98)cc7)c7ccc(-n8c9ccc(C(C)(C)C)cc9c9cc(C(C)(C)C)ccc98)cc7)cc6)cc5)c5nsnc45)cc3)cc2)c2ccc(-n3c4ccc(C(C)(C)C)cc4c4cc(C(C)(C)C)ccc43)cc2)cc1 is invalid
21:36:57 <WARN> "default" filter: CC(C)(C)c1ccc2c(c1)c1cc(C(C)(C)C)ccc1n2-c1ccc(N(c2ccc(-c3ccc(-c4ccc(-c5ccc(-c6ccc(N(c7ccc(-n8c9ccc(C(C)(C)C)cc9c9cc(C(C)(C)C)ccc98)cc7)c7ccc(-n8c9ccc(C(C)(C)C)cc9c9cc(C(C)(C)C)ccc98)cc7)cc6)s5)c5nsnc45)s3)cc2)c2ccc(-n3c4ccc(C(C)(C)C)cc4c4cc(C(C)(C)C)ccc43)cc2)cc1 is invalid
21:36:57 <WARN> "default" filter: CC(C)(C)c1ccc2c(c1)c1cc(C(C)(C)C)ccc1n2-c1ccc(N(c2ccc(-c3ccc(-c4ccc(-c5ccc(/C=C(/C#N)C(=O)O)s5)s4)s3)cc2)c2ccc(-n3c4ccc(C(C)(C)C)cc4c4cc(C(C)(C)C)ccc43)cc2)cc1 is invalid
21:36:57 <WARN> "default" filter: CC(C)(C)c1ccc2c(c1)c1cc(C(C)(C)C)ccc1n2-c1ccc(N(c2ccc(-c3ccc(-c4ccc(-c5ccc(/C=C(\C#N)C(=O)O)s5)s4)s3)cc2)c2ccc(-n3c4ccc(C(C)(C)C)cc4c4cc(C(C)(C)C)ccc43)cc2)cc1 is invalid
21:36:57 <WARN> "default" filter: CC(C)(C)c1ccc2c(c1)c1cc(C(C)(C)C)ccc1n2-c1ccc(N(c2ccc(-c3ccc(-c4ccc(-c5ccc(N(c6ccc(-n7c8ccc(C(C)(C)C)cc8c8cc(C(C)(C)C)ccc87)cc6)c6ccc(-n7c8ccc(C(C)(C)C)cc8c8cc(C(C)(C)C)ccc87)cc6)cc5)s4)s3)cc2)c2ccc(-n3c4ccc(C(C)(C)C)cc4c4cc(C(C)(C)C)ccc43)cc2)cc1 is invalid
21:36:57 <WARN> "default" filter: CC(C)(C)c1ccc2c(c1)c1cc(C(C)(C)C)ccc1n2-c1ccc(N(c2ccc(-c3ccc(-c4ccc(/C=C(\C#N)C(=O)O)s4)s3)cc2)c2ccc(-n3c4ccc(C(C)(C)C)cc4c4cc(C(C)(C)C)ccc43)cc2)cc1 is invalid
21:36:57 <WARN> "default" filter: CC(C)(C)c1ccc2c(c1)c1cc(C(C)(C)C)ccc1n2-c1ccc(N(c2ccc(-c3ccc(-c4ccc(N(c5ccc(-n6c7ccc(C(C)(C)C)cc7c7cc(C(C)(C)C)ccc76)cc5)c5ccc(-n6c7ccc(C(C)(C)C)cc7c7cc(C(C)(C)C)ccc76)cc5)cc4)c4nsnc34)cc2)c2ccc(-n3c4ccc(C(C)(C)C)cc4c4cc(C(C)(C)C)ccc43)cc2)cc1 is invalid
21:36:57 <WARN> "default" filter: CC(C)(C)c1ccc2c(c1)c1cc(C(C)(C)C)ccc1n2-c1ccc(N(c2ccc(-c3ccc(-c4ccc(N(c5ccc(-n6c7ccc(C(C)(C)C)cc7c7cc(C(C)(C)C)ccc76)cc5)c5ccc(-n6c7ccc(C(C)(C)C)cc7c7cc(C(C)(C)C)ccc76)cc5)cc4)s3)cc2)c2ccc(-n3c4ccc(C(C)(C)C)cc4c4cc(C(C)(C)C)ccc43)cc2)cc1 is invalid
21:36:57 <WARN> "default" filter: CC(C)(C)c1ccc2c(c1)c1cc(C(C)(C)C)ccc1n2-c1ccc(N(c2ccc(-c3ccc(/C=C(\C#N)C(=O)O)s3)cc2)c2ccc(-n3c4ccc(C(C)(C)C)cc4c4cc(C(C)(C)C)ccc43)cc2)cc1 is invalid
21:36:57 <WARN> "default" filter: CC(C)(C)c1ccc2c(c1)c1cc(C(C)(C)C)ccc1n2-c1ccc(N(c2ccc(-c3ccc(/C=C4\SC(=S)N(CC(=O)O)C4=O)s3)cc2)c2ccc(-n3c4ccc(C(C)(C)C)cc4c4cc(C(C)(C)C)ccc43)cc2)cc1 is invalid
21:36:57 <WARN> "default" filter: CC(C)(C)c1ccc2c(c1)c1cc(C(C)(C)C)ccc1n2-c1ccc(N(c2ccc(-c3ccc(N(c4ccc(-n5c6ccc(C(C)(C)C)cc6c6cc(C(C)(C)C)ccc65)cc4)c4ccc(-n5c6ccc(C(C)(C)C)cc6c6cc(C(C)(C)C)ccc65)cc4)cc3)cc2)c2ccc(-n3c4ccc(C(C)(C)C)cc4c4cc(C(C)(C)C)ccc43)cc2)cc1 is invalid
21:36:57 <WARN> "default" filter: CC(C)(C)c1ccc2c(c1)c1cc(C(C)(C)C)ccc1n2-c1ccc(N(c2ccc(-c3ccc4c(c3)C(C)(C)c3cc(-c5ccc(N(c6ccc(-n7c8ccc(C(C)(C)C)cc8c8cc(C(C)(C)C)ccc87)cc6)c6ccc(-n7c8ccc(C(C)(C)C)cc8c8cc(C(C)(C)C)ccc87)cc6)cc5)ccc3-4)cc2)c2ccc(-n3c4ccc(C(C)(C)C)cc4c4cc(C(C)(C)C)ccc43)cc2)cc1 is invalid
21:36:57 <WARN> "default" filter: CC(C)(C)c1ccc2c(c1)c1cc(C(C)(C)C)ccc1n2-c1ccc2c(c1)c1cc(-n3c4ccc(C(C)(C)C)cc4c4cc(C(C)(C)C)ccc43)ccc1n2-c1ccc(-c2ccc(/C=C(/C#N)C(=O)O)s2)s1 is invalid
21:36:57 <WARN> "default" filter: CC(C)(C)c1ccc2c(c1)c1cc(C(C)(C)C)ccc1n2-c1ccc2c(c1)c1cc(-n3c4ccc(C(C)(C)C)cc4c4cc(C(C)(C)C)ccc43)ccc1n2-c1ccc2c(c1)c1cc(-n3c4ccc(-n5c6ccc(C(C)(C)C)cc6c6cc(C(C)(C)C)ccc65)cc4c4cc(-n5c6ccc(C(C)(C)C)cc6c6cc(C(C)(C)C)ccc65)ccc43)ccc1n2-c1ccc2c(c1)c1cc(-n3c4ccc(-n5c6ccc(-n7c8ccc(C(C)(C)C)cc8c8cc(C(C)(C)C)ccc87)cc6c6cc(-n7c8ccc(C(C)(C)C)cc8c8cc(C(C)(C)C)ccc87)ccc65)cc4c4cc(-n5c6ccc(-n7c8ccc(C(C)(C)C)cc8c8cc(C(C)(C)C)ccc87)cc6c6cc(-n7c8ccc(C(C)(C)C)cc8c8cc(C(C)(C)C)ccc87)ccc65)ccc43)ccc1n2-c1ccc(-c2ccc(/C=C(/C#N)C(=O)O)s2)s1 is invalid
21:36:57 <WARN> "default" filter: CC(C)(C)c1ccc2c(c1)c1cc(C(C)(C)C)ccc1n2-c1cccc(-c2nc(-c3cccc(-n4c5ccc(C(C)(C)C)cc5c5cc(C(C)(C)C)ccc54)c3)nc(-c3cccc(P(=O)(c4ccccc4)c4ccccc4)c3)n2)c1 is invalid
21:36:57 <WARN> "default" filter: CC(C)(C)c1ccc2c(c1)c1cc(C(C)(C)C)ccc1n2-c1cccc(-c2nc(-c3cccc(P(=O)(c4ccccc4)c4ccccc4)c3)nc(-c3cccc(P(=O)(c4ccccc4)c4ccccc4)c3)n2)c1 is invalid
21:36:57 <WARN> "default" filter: CC(C)(C)c1ccc2c(c1)c1cc(C(C)(C)C)ccc1n2-c1ccccc1-c1nc(-c2ccccc2P(=O)(c2ccccc2)c2ccccc2)nc(-c2ccccc2P(=O)(c2ccccc2)c2ccccc2)n1 is invalid
21:36:57 <WARN> "default" filter: CC(C)(C)c1ccc2c(c1)sc1[n+]2[B-](F)(F)n2c(c3cccc4c(Br)ccc2c43)=C1C#N is invalid
21:36:57 <WARN> "default" filter: CC(C)(C)c1ccc2c(c1)sc1[n+]2[B-](F)(F)n2c(c3cccc4cccc2c43)=C1C#N is invalid
21:36:57 <WARN> "default" filter: CC(C)(C)c1ccc2c3c(c4ccc(C(C)(C)C)cc4c2c1)=[N+]1C(=C(c2ccccc2)c2c(Br)c4c5ccc(C(C)(C)C)cc5c5cc(C(C)(C)C)ccc5c4n2[B-]1(F)F)C=3Br is invalid
21:36:57 <WARN> "default" filter: CC(C)(C)c1ccc2c3c(c4ccc(C(C)(C)C)cc4c2c1)=[N+]1C(=C(c2ccccc2)c2cc4c5ccc(C(C)(C)C)cc5c5cc(C(C)(C)C)ccc5c4n2[B-]1(F)F)C=3 is invalid
21:36:57 <WARN> "default" filter: CC(C)(C)c1ccc2ccc3cc(-c4ccc5c(-c6ccc7c(ccc8ccc(C(C)(C)C)cc87)c6)cc6c7cc(-c8ccc9c(ccc%10ccc(C(C)(C)C)cc%109)c8)ccc7c(-c7ccc8c(ccc9ccc(C(C)(C)C)cc98)c7)cc6c5c4)ccc3c2c1 is invalid
21:36:57 <WARN> "default" filter: CC(C)=[N+]1N=C2C=CC(Br)=CN2[B-]1(F)F is invalid
21:36:57 <WARN> "default" filter: CC(C)=[N+]1N=C2C=CC(I)=CN2[B-]1(F)F is invalid
21:36:57 <WARN> "default" filter: CC(C)C1=c2c(c3[nH]cc(C(C)C)c3c3ccccc23)=[N+]2C1=Cc1c(C(C)C)c3c4ccccc4c4c(C(C)C)c[nH]c4c3n1[B-]2(F)F is invalid
21:36:57 <WARN> "default" filter: CC(C)CCCC(C)CCOc1cc(C#Cc2c3ccccc3c(C#Cc3ccc(C#Cc4ccc(C#Cc5cccc(C(=O)O)c5)cc4C#N)cc3)c3ccccc23)c(OCCC(C)CCCC(C)C)cc1C#Cc1ccc(C#Cc2ccc(C(c3ccccc3)c3ccccc3)cc2)cc1 is invalid
21:36:57 <WARN> "default" filter: CC(C)CCCC(C)CCOc1cc(C#Cc2c3ccccc3c(C#Cc3ccc(C#Cc4cccc(C(=O)O)c4)cc3)c3ccccc23)c(OCCC(C)CCCC(C)C)cc1C#Cc1ccc(N(c2ccccc2)c2ccccc2)cc1 is invalid
21:36:57 <WARN> "default" filter: CC(C)CCCC(C)CCOc1cc(C#Cc2c3ccccc3c(C#Cc3ccc(C#Cc4cccc(C(=O)O)c4)cc3C#N)c3ccccc23)c(OCCC(C)CCCC(C)C)cc1C#Cc1cc(C#Cc2ccc(N(c3ccccc3)c3ccccc3)cc2)cc(C#Cc2ccc(N(c3ccccc3)c3ccccc3)cc2)c1 is invalid
21:36:57 <WARN> "default" filter: CC(C)CCCC(C)CCOc1cc(C#Cc2c3ccccc3c(C#Cc3ccc(C#Cc4cccc(C(=O)O)c4)cc3C#N)c3ccccc23)c(OCCC(C)CCCC(C)C)cc1C#Cc1ccc(N(c2ccccc2)c2ccccc2)cc1 is invalid
21:36:57 <WARN> "default" filter: CC(C)CCCC(C)CCOc1cc(C#Cc2c3ccccc3c(C#Cc3ccc(C#Cc4cccc(C(=O)O)c4)cc3C#N)c3ccccc23)c(OCCC(C)CCCC(C)C)cc1C#Cc1ccccc1 is invalid
21:36:57 <WARN> "default" filter: CC(C)CCOc1cc(-c2cc(OCCC(C)C)c(/C=C/c3cc(OCCC(C)C)c(/C=C/c4ccc(N(c5ccc6c(c5)C(C)(C)c5ccccc5-6)c5ccc6c(c5)C(C)(C)c5ccccc5-6)cc4)cc3OCCC(C)C)cc2OCCC(C)C)c(OCCC(C)C)cc1C=C(C#N)C(=O)O is invalid
21:36:57 <WARN> "default" filter: CC(C)CCOc1cc(/C=C/c2cc(OCCC(C)C)c(/C=C/c3ccc(N(c4ccc5c(c4)C(C)(C)c4ccccc4-5)c4ccc5c(c4)C(C)(C)c4ccccc4-5)cc3)cc2OCCC(C)C)c(OCCC(C)C)cc1C=C(C#N)C(=O)O is invalid
21:36:57 <WARN> "default" filter: CC(C)CCOc1cc(/C=C/c2ccc(N(c3ccc4c(c3)-c3ccccc3C4(C)C)c3ccc4c(c3)-c3ccccc3C4(C)C)cc2)c(OCCC(C)C)cc1C=Cc1cc(OCCC(C)C)c(/C=C(\C#N)C(=O)O)cc1OCCC(C)C is invalid
21:36:57 <WARN> "default" filter: CC(C)CCOc1cc(/C=C/c2ccc(N(c3ccc4c(c3)-c3ccccc3C4(C)C)c3ccc4c(c3)-c3ccccc3C4(C)C)cc2)c(OCCC(C)C)cc1C=Cc1cc(OCCC(C)C)c(/C=C/c2cc(OCCC(C)C)c(C=C(C#N)C(=O)O)cc2OCCC(C)C)cc1OCCC(C)C is invalid
21:36:57 <WARN> "default" filter: CC(C)CCOc1ccc(N(c2ccc(/C=C/c3nc4ccc(C(=O)O)cc4nc3/C=C/c3ccc(N(c4ccc(OCCC(C)C)cc4)c4ccc(OCCC(C)C)cc4)cc3)cc2)c2ccc(OCCC(C)C)cc2)cc1 is invalid
21:36:57 <WARN> "default" filter: CC(C)CCOc1ccc(N2c3ccccc3Sc3cc(/C=C/c4cc5nc(C(=O)O)c(C(=O)O)nc5cc4/C=C/c4ccc5c(c4)Sc4ccccc4N5c4ccc(OCCC(C)C)cc4)ccc32)cc1 is invalid
21:36:57 <WARN> "default" filter: CC(C)CCOc1ccc(N2c3ccccc3Sc3cc(/C=C/c4ccc(-c5nc6cc(C(=O)O)c(C(=O)O)cc6nc5-c5ccc(/C=C/c6ccc7c(c6)Sc6ccccc6N7c6ccc(OCCC(C)C)cc6)s5)s4)ccc32)cc1 is invalid
21:36:57 <WARN> "default" filter: CC(C)CCOc1ccc(N2c3ccccc3Sc3cc(/C=C/c4ccc(/C=C/c5ccc6c(c5)Sc5ccccc5N6c5ccc(OCCC(C)C)cc5)c5nc(C(=O)O)c(C(=O)O)nc45)ccc32)cc1 is invalid
21:36:57 <WARN> "default" filter: CC(C)CCOc1ccc(N2c3ccccc3Sc3cc(/C=C/c4ccc5c(c4)Sc4cc(/C=C/c6ccc7c(c6)Sc6cc(/C=C/c8nc9cc(C(=O)O)c(C(=O)O)cc9nc8/C=C/c8ccc9c(c8)Sc8cc(/C=C/c%10ccc%11c(c%10)Sc%10cc(/C=C/c%12ccc%13c(c%12)Sc%12ccccc%12N%13c%12ccc(OCCC(C)C)cc%12)ccc%10N%11c%10ccc(OCCC(C)C)cc%10)ccc8N9c8ccc(OCCC(C)C)cc8)ccc6N7c6ccc(OCCC(C)C)cc6)ccc4N5c4ccc(OCCC(C)C)cc4)ccc32)cc1 is invalid
21:36:57 <WARN> "default" filter: CC(C)CCOc1ccc(N2c3ccccc3Sc3cc(/C=C/c4ccc5c(c4)Sc4cc(/C=C/c6nc7cc(C(=O)O)c(C(=O)O)cc7nc6/C=C/c6ccc7c(c6)Sc6cc(/C=C/c8ccc9c(c8)Sc8ccccc8N9c8ccc(OCCC(C)C)cc8)ccc6N7c6ccc(OCCC(C)C)cc6)ccc4N5c4ccc(OCCC(C)C)cc4)ccc32)cc1 is invalid
21:36:57 <WARN> "default" filter: CC(C)CCOc1ccc(N2c3ccccc3Sc3cc(/C=C/c4nc5cc(-c6ccc(/C=C(\C#N)C(=O)O)s6)c(-c6ccc(/C=C(\C#N)C(=O)O)s6)cc5nc4/C=C/c4ccc5c(c4)Sc4ccccc4N5c4ccc(OCCC(C)C)cc4)ccc32)cc1 is invalid
21:36:57 <WARN> "default" filter: CC(C)CCOc1ccc(N2c3ccccc3Sc3cc(/C=C/c4nc5cc(-c6ccc(C(=O)O)s6)c(-c6ccc(C(=O)O)s6)cc5nc4/C=C/c4ccc5c(c4)Sc4ccccc4N5c4ccc(OCCC(C)C)cc4)ccc32)cc1 is invalid
21:36:57 <WARN> "default" filter: CC(C)CCOc1ccc(N2c3ccccc3Sc3cc(/C=C/c4nc5cc(C(=O)O)c(C(=O)O)cc5nc4/C=C/c4ccc5c(c4)Sc4ccccc4N5c4ccc(OCCC(C)C)cc4)ccc32)cc1 is invalid
21:36:57 <WARN> "default" filter: CC(C)C[Si](C#Cc1c2c(=O)c3ccccc3c2c(C#C[Si](CC(C)C)(CC(C)C)CC(C)C)c2c(=O)c3ccccc3c12)(CC(C)C)CC(C)C is invalid
21:36:57 <WARN> "default" filter: CC(C)Cc1ccc(/C2=C3\C=CC(=N3)/C(c3ccc(CC(C)C)cc3)=c3/cc/c4n3[Zn]n3c2ccc3/C(c2ccc(CC(C)C)cc2)=C2\N=C(C=C2/C=C(\C#N)C(=O)O)/C=4c2ccc(CC(C)C)cc2)cc1 is invalid
21:36:57 <WARN> "default" filter: CC(C)[Si](C#CC1=CC2=c3cc(C#C[Si](C(C)C)(C(C)C)C(C)C)c4nc(C(F)(F)C(F)(F)C(F)(F)F)nc5c(C#C[Si](C(C)C)(C(C)C)C(C)C)cc(c3c54)C3=CC(C#C[Si](C(C)C)(C(C)C)C(C)C)=C4N=C(C(F)(F)C(F)(F)C(F)(F)F)N=C1C4C32)(C(C)C)C(C)C is invalid
21:36:57 <WARN> "default" filter: CC(C)[Si](C#Cc1c2c(=O)c3ccccc3c2c(C#C[Si](C(C)C)(C(C)C)C(C)C)c2c(=O)c3ccccc3c12)(C(C)C)C(C)C is invalid
21:36:57 <WARN> "default" filter: CC(C)[Si](C#Cc1c2cc(-c3ccc(/C=C(\C#N)C(=O)O)s3)sc2c(C#C[Si](C(C)C)(C(C)C)C(C)C)c2cc(-c3ccc(N(c4ccccc4)c4cccc5ccccc45)cc3)sc12)(C(C)C)C(C)C is invalid
21:36:57 <WARN> "default" filter: CC(C)[Si](C#Cc1c2cc3ccccc3cc2c(-c2ccc(C=C(C#N)C(=O)O)cc2)c2cc3ccccc3cc12)(C(C)C)C(C)C is invalid
21:36:57 <WARN> "default" filter: CC(C)[Si](C#Cc1c2cc3ccccc3cc2c(-c2ccc(C=C(C#N)C(=O)O)s2)c2cc3ccccc3cc12)(C(C)C)C(C)C is invalid
21:36:57 <WARN> "default" filter: CC(C)[Si](C#Cc1c2cc3ccccc3cc2c(C#C[Si](C(C)C)(C(C)C)C(C)C)c2cc3ccccc3cc12)(C(C)C)C(C)C is invalid
21:36:57 <WARN> "default" filter: CC(C)[Si](C#Cc1c2cc3ccccc3cc2c(C#C[Si](C(C)C)(C(C)C)C(C)C)c2nc3c(nc12)Cc1ccccc1-3)(C(C)C)C(C)C is invalid
21:36:57 <WARN> "default" filter: CC(C)[Si](C#Cc1c2cc3ccccc3cc2c(C#C[Si](C(C)C)(C(C)C)C(C)C)c2nc3cc4c(cc3nc12)C1c2ccccc2C4c2ccccc21)(C(C)C)C(C)C is invalid
21:36:57 <WARN> "default" filter: CC(C)[Si](C#Cc1c2cc3ccccc3cc2c(C#C[Si](C)(C)C)c2cc3ccccc3cc12)(C(C)C)C(C)C is invalid
21:36:57 <WARN> "default" filter: CC(C)[Si](C#Cc1c2cc3ccccc3cc2c(C#Cc2ccc(Br)cc2)c2cc3ccccc3cc12)(C(C)C)C(C)C is invalid
21:36:57 <WARN> "default" filter: CC(C)[Si](C#Cc1c2cc3ccccc3cc2c(C#Cc2ccc(C(F)(F)F)cc2)c2cc3ccccc3cc12)(C(C)C)C(C)C is invalid
21:36:57 <WARN> "default" filter: CC(C)[Si](C#Cc1c2cc3ccccc3cc2c(C#Cc2ccc(C=C(C#N)C(=O)O)cc2)c2cc3ccccc3cc12)(C(C)C)C(C)C is invalid
21:36:57 <WARN> "default" filter: CC(C)[Si](C#Cc1c2cc3ccccc3cc2c(C#Cc2ccc(C=C(C#N)C(=O)O)s2)c2cc3ccccc3cc12)(C(C)C)C(C)C is invalid
21:36:57 <WARN> "default" filter: CC(C)[Si](C#Cc1c2cc3ccccc3cc2c(C#Cc2ccc(F)cc2)c2cc3ccccc3cc12)(C(C)C)C(C)C is invalid
21:36:57 <WARN> "default" filter: CC(C)[Si](C#Cc1c2cc3ccccc3cc2c(C#Cc2ccccc2)c2cc3ccccc3cc12)(C(C)C)C(C)C is invalid
21:36:57 <WARN> "default" filter: CC(C)[Si](C#Cc1c2ccc(-c3ccc(/C=C(\C#N)C(=O)O)s3)cc2c(C#C[Si](C(C)C)(C(C)C)C(C)C)c2ccc(-c3ccc(N(c4ccccc4)c4ccccc4)cc3)cc12)(C(C)C)C(C)C is invalid
21:36:57 <WARN> "default" filter: CC(C)[Si](C#Cc1c2ccc(C(C)(C)C)cc2c(C#C[Si](C(C)C)(C(C)C)C(C)C)c2ccc(C(C)(C)C)cc12)(C(C)C)C(C)C is invalid
21:36:57 <WARN> "default" filter: CC(C)[Si](C#Cc1c2ccc(C(C)(C)C)cc2c(C#Cc2c3ccc(C(C)(C)C)cc3c(C#C[Si](C(C)C)(C(C)C)C(C)C)c3ccc(C(C)(C)C)cc23)c2ccc(C(C)(C)C)cc12)(C(C)C)C(C)C is invalid
21:36:57 <WARN> "default" filter: CC(C)[Si](C#Cc1c2ccc(C(C)(C)C)cc2c(C#Cc2c3ccc(C(C)(C)C)cc3c(C#Cc3c4ccc(C(C)(C)C)cc4c(C#C[Si](C(C)C)(C(C)C)C(C)C)c4ccc(C(C)(C)C)cc34)c3ccc(C(C)(C)C)cc23)c2ccc(C(C)(C)C)cc12)(C(C)C)C(C)C is invalid
21:36:57 <WARN> "default" filter: CC(C)[Si](C#Cc1c2ccccc2c(C#C[Si](C(C)C)(C(C)C)C(C)C)c2nc3c(ccc4cc5ccccc5cc43)nc12)(C(C)C)C(C)C is invalid
21:36:57 <WARN> "default" filter: CC(C)[Si](C#Cc1c2ccccc2c(C#C[Si](C(C)C)(C(C)C)C(C)C)c2nc3c(ccc4ccccc43)nc12)(C(C)C)C(C)C is invalid
21:36:57 <WARN> "default" filter: CC(C)[Si](C#Cc1c2ccccc2c(C#C[Si](C(C)C)(C(C)C)C(C)C)c2nc3c(nc12)C1c2ccccc2C3c2ccccc21)(C(C)C)C(C)C is invalid
21:36:57 <WARN> "default" filter: CC(C)[Si](C#Cc1c2ccccc2c(C#C[Si](C(C)C)(C(C)C)C(C)C)c2nc3c4ccccc4c(=O)c4ccccc4c3nc12)(C(C)C)C(C)C is invalid
21:36:57 <WARN> "default" filter: CC(C)[Si](C#Cc1c2ccccc2c(C#C[Si](C(C)C)(C(C)C)C(C)C)c2nc3ccccc3nc12)(C(C)C)C(C)C is invalid
21:36:57 <WARN> "default" filter: CC(C)[Si](C#Cc1c2ccccc2c(C#Cc2c3ccccc3c(C#Cc3c4ccccc4c(C#Cc4c5ccccc5c(C#C[Si](C(C)C)(C(C)C)C(C)C)c5ccccc45)c4ccccc34)c3ccccc23)c2ccccc12)(C(C)C)C(C)C is invalid
21:36:57 <WARN> "default" filter: CC(C)[Si](C#Cc1c2ccccc2c(C#Cc2c3ccccc3c(C#Cc3c4ccccc4c(C#Cc4c5ccccc5c(C#Cc5c6ccccc6c(C#C[Si](C(C)C)(C(C)C)C(C)C)c6ccccc56)c5ccccc45)c4ccccc34)c3ccccc23)c2ccccc12)(C(C)C)C(C)C is invalid
21:36:57 <WARN> "default" filter: CC(C)[Si](C#Cc1c2ccccc2c(C#Cc2c3ccccc3c(C#Cc3c4ccccc4c(C#Cc4c5ccccc5c(C#Cc5c6ccccc6c(C#Cc6c7ccccc7c(C#C[Si](C(C)C)(C(C)C)C(C)C)c7ccccc67)c6ccccc56)c5ccccc45)c4ccccc34)c3ccccc23)c2ccccc12)(C(C)C)C(C)C is invalid
21:36:57 <WARN> "default" filter: CC(C)[Si](C#Cc1c2nc3c(nc2c(C#C[Si](C(C)C)(C(C)C)C(C)C)c2nc4ccccc4nc12)C1c2ccccc2C3c2ccccc21)(C(C)C)C(C)C is invalid
21:36:57 <WARN> "default" filter: CC(C)[Si](C#Cc1c2nc3ccccc3nc2c(C#C[Si](C(C)C)(C(C)C)C(C)C)c2nc3c(ccc4cc5ccccc5cc43)nc12)(C(C)C)C(C)C is invalid
21:36:57 <WARN> "default" filter: CC(C)[Si](C#Cc1c2nc3ccccc3nc2c(C#C[Si](C(C)C)(C(C)C)C(C)C)c2nc3c(ccc4ccccc43)nc12)(C(C)C)C(C)C is invalid
21:36:57 <WARN> "default" filter: CC(C)[Si](C#Cc1c2nc3ccccc3nc2c(C#C[Si](C(C)C)(C(C)C)C(C)C)c2nc3ccccc3nc12)(C(C)C)C(C)C is invalid
21:36:57 <WARN> "default" filter: CC(C)[Si](C#Cc1c2nsnc2c(C#C[Si](C(C)C)(C(C)C)C(C)C)c2nc3c(ccc4cc5ccccc5cc43)nc12)(C(C)C)C(C)C is invalid
21:36:57 <WARN> "default" filter: CC(C)[Si](C#Cc1c2nsnc2c(C#C[Si](C(C)C)(C(C)C)C(C)C)c2nc3c(nc12)C1c2ccccc2C3c2ccccc21)(C(C)C)C(C)C is invalid
21:36:57 <WARN> "default" filter: CC(C)[Si](C#Cc1c2nsnc2c(C#C[Si](C(C)C)(C(C)C)C(C)C)c2nc3c4ccccc4c(=O)c4ccccc4c3nc12)(C(C)C)C(C)C is invalid
21:36:57 <WARN> "default" filter: CC(C)[Si](C#Cc1cc2c(=S)c3cc(C#C[Si](C(C)C)(C(C)C)C(C)C)cc4c(=S)c5cc(C#C[Si](C(C)C)(C(C)C)C(C)C)cc6c(=S)c(c1)c2n(c34)c65)(C(C)C)C(C)C is invalid
21:36:57 <WARN> "default" filter: CC(C)[Si](C#Cc1cc2c(C#C[Si](C(C)C)(C(C)C)C(C)C)c(C#C[Si](C(C)C)(C(C)C)C(C)C)c3cc(C#C[Si](C(C)C)(C(C)C)C(C)C)cc4c(C#C[Si](C(C)C)(C(C)C)C(C)C)c(C#C[Si](C(C)C)(C(C)C)C(C)C)c(c1)c2c34)(C(C)C)C(C)C is invalid
21:36:57 <WARN> "default" filter: CC(C)[Si](C#Cc1cc2c3c(c1)c(=C(c1ccccc1)c1ccccc1)c1cc(C#C[Si](C(C)C)(C(C)C)C(C)C)cc4c1-n-3-c1c(cc(C#C[Si](C(C)C)(C(C)C)C(C)C)cc1c4=C(c1ccccc1)c1ccccc1)c2=C(c1ccccc1)c1ccccc1)(C(C)C)C(C)C is invalid
21:36:57 <WARN> "default" filter: CC(C)[Si](C#Cc1cc2c3c(c1)c(=C1c4ccccc4Sc4ccccc41)c1cc(C#C[Si](C(C)C)(C(C)C)C(C)C)cc4c1-n-3-c1c(cc(C#C[Si](C(C)C)(C(C)C)C(C)C)cc1c4=C1c3ccccc3Sc3ccccc31)c2=C1c2ccccc2Sc2ccccc21)(C(C)C)C(C)C is invalid
21:36:57 <WARN> "default" filter: CC(C)[Si](C#Cc1ccc(-c2c3cccc4c5cccc6c(-c7ccc(C#C[Si](C(C)C)(C(C)C)C(C)C)cc7)c7cccc8c9cccc2c9c(c34)c(c65)c78)cc1)(C(C)C)C(C)C is invalid
21:36:57 <WARN> "default" filter: CC(C)[Si](C#Cc1ccc(C#C[Si](C(C)C)(C(C)C)C(C)C)c2nc3c(ccc4cc5ccccc5cc43)nc12)(C(C)C)C(C)C is invalid
21:36:57 <WARN> "default" filter: CC(C)[Si](C#Cc1ccc(C#C[Si](C(C)C)(C(C)C)C(C)C)c2nc3c(ccc4ccccc43)nc12)(C(C)C)C(C)C is invalid
21:36:57 <WARN> "default" filter: CC(C)[Si](C#Cc1ccc(C#C[Si](C(C)C)(C(C)C)C(C)C)c2nc3c(nc12)C1c2ccccc2C3c2ccccc21)(C(C)C)C(C)C is invalid
21:36:57 <WARN> "default" filter: CC(C)[Si](C#Cc1ccc(C#C[Si](C(C)C)(C(C)C)C(C)C)c2nc3c(nc12)Cc1ccccc1-3)(C(C)C)C(C)C is invalid
21:36:57 <WARN> "default" filter: CC(C)[Si](C#Cc1ccc(C#C[Si](C(C)C)(C(C)C)C(C)C)c2nc3cc4c(cc3nc12)[C@H]1c2ccccc2[C@@H]4c2ccccc21)(C(C)C)C(C)C is invalid
21:36:57 <WARN> "default" filter: CC(C)[Si](C#Cc1ccc(C#C[Si](C(C)C)(C(C)C)C(C)C)c2nc3ccccc3nc12)(C(C)C)C(C)C is invalid
21:36:57 <WARN> "default" filter: CC(C)[Si](C#Cc1ccc(C#Cc2c3cc4ccccc4cc3c(C#C[Si](C(C)C)(C(C)C)C(C)C)c3cc4ccccc4cc23)cc1)(C(C)C)C(C)C is invalid
21:36:57 <WARN> "default" filter: CC(C)[Si](C#Cc1ccc2c(C#C[Si](C(C)C)(C(C)C)C(C)C)cc3c4cc(C#C[Si](C(C)C)(C(C)C)C(C)C)ccc4c(C#C[Si](C(C)C)(C(C)C)C(C)C)cc3c2c1)(C(C)C)C(C)C is invalid
21:36:57 <WARN> "default" filter: CC(C)[Si](C#Cc1ccc2c(c1)C=C1B(N2)c2cc(C#C[Si](C(C)C)(C(C)C)C(C)C)ccc2C(c2ccccc2)=C1c1ccccc1)(C(C)C)C(C)C is invalid
21:36:57 <WARN> "default" filter: CC(C)[Si](c1cc(/C=C(/C#N)C(=O)O)c(-c2cc3c(s2)-c2sc(-c4sc([Si](C(C)C)(C(C)C)C(C)C)cc4/C=C(\C#N)C(=O)O)cc2C32c3ccc(-c4ccc(C(C)(C)C)cc4)cc3-c3cc(-c4ccc(C(C)(C)C)cc4)ccc32)s1)(C(C)C)C(C)C is invalid
21:36:57 <WARN> "default" filter: CC(C)[Si](c1cc(/C=C(\C#N)C(=O)O)c(-c2cc3c(s2)-c2sc(-c4sc([Si](C(C)C)(C(C)C)C(C)C)cc4/C=C(\C#N)C(=O)O)cc2C32c3ccc(-c4ccc(C(C)(C)C)cc4)cc3-c3cc(-c4ccc(C(C)(C)C)cc4)ccc32)s1)(C(C)C)C(C)C is invalid
21:36:57 <WARN> "default" filter: CC(C)[Si]1(C(C)C)c2cc(C#N)ccc2-c2ccc(N(C)C)cc21 is invalid
21:36:57 <WARN> "default" filter: CC(C)[Si]1(C(C)C)c2cc(C#N)ccc2-c2ccc(N(c3ccccc3)c3ccccc3)cc21 is invalid
21:36:57 <WARN> "default" filter: CC(C)[Si]1(C(C)C)c2cc(C=C(C#N)C#N)ccc2-c2ccc(N(C)C)cc21 is invalid
21:36:57 <WARN> "default" filter: CC(C)[Si]1(C(C)C)c2cc(C=C(C#N)C#N)ccc2-c2ccc(N(c3ccccc3)c3ccccc3)cc21 is invalid
21:36:57 <WARN> "default" filter: CC(C)[Si]1(C(C)C)c2cc(C=O)ccc2-c2ccc(N(C)C)cc21 is invalid
21:36:57 <WARN> "default" filter: CC(C)[Si]1(C(C)C)c2cc(C=O)ccc2-c2ccc(N(c3ccccc3)c3ccccc3)cc21 is invalid
21:36:57 <WARN> "default" filter: CC(C)[Si]1(C(C)C)c2cc(N(C)C)ccc2-c2ccc(C(F)(F)F)cc21 is invalid
21:36:57 <WARN> "default" filter: CC(C)[Si]1(C(C)C)c2ccccc2-c2ccc(N(C)C)cc21 is invalid
21:36:57 <WARN> "default" filter: CC(C)c1cc(C(C)C)c(B2c3cc(N4c5ccccc5Oc5ccccc54)ccc3N(c3ccccc3)c3ccc(N4c5ccccc5Oc5ccccc54)cc32)c(C(C)C)c1 is invalid
21:36:57 <WARN> "default" filter: CC(C)c1cc(C(C)C)c(B2c3ccccc3Oc3cc(-n4c5ccccc5c5c6c(c7ccccc7n6-c6ccccc6)c6c(c7ccccc7n6-c6ccccc6)c54)ccc32)c(C(C)C)c1 is invalid
21:36:57 <WARN> "default" filter: CC(C)c1cc(C(C)C)c(B2c3ccccc3Oc3cc(-n4c5ccccc5c5ccc6c(c7ccccc7n6-c6ccccc6)c54)ccc32)c(C(C)C)c1 is invalid
21:36:57 <WARN> "default" filter: CC(C)c1cc(C(C)C)c(B2c3ccccc3Oc3cc(N4c5ccccc5C5(c6ccccc6Oc6ccccc65)c5ccccc54)ccc32)c(C(C)C)c1 is invalid
21:36:57 <WARN> "default" filter: CC(C)c1ccc(-c2cc3c(o2)=CC2=Cc4cc5oc(-c6ccc(C(C)C)cc6)cc5n4[B-](F)(F)[N+]=32)cc1 is invalid
21:36:57 <WARN> "default" filter: CC(C)c1cccc(C(C)C)c1-n1c(-c2ccc(-c3ccc(N(c4ccccc4)c4ccccc4)cc3)s2)cc(/C=C(\C#N)C(=O)O)c1-c1ccc(-c2ccc(N(c3ccccc3)c3ccccc3)cc2)s1 is invalid
21:36:57 <WARN> "default" filter: CC(C)c1cccc(C(C)C)c1-n1c(=O)c2cc3nc(-c4ccccc4)c4cc5c(=O)n(-c6c(C(C)C)cccc6C(C)C)c(=O)c6cc7c(-c8ccccc8)nc8cc(c1=O)c2c1c3c4c(c56)c7c81 is invalid
21:36:57 <WARN> "default" filter: CC(C)c1cccc(C(C)C)c1-n1c(=O)c2cc3nc(-c4ccccc4)c4cc5c(=O)n(-c6c(C(C)C)cccc6C(C)C)c(=O)c6cc7nc(-c8ccccc8)c8cc(c1=O)c2c1c3c4c(c65)c7c81 is invalid
21:36:57 <WARN> "default" filter: CC(C)c1cccc(C(C)C)c1N1B(c2ccc(B3N(c4c(C(C)C)cccc4C(C)C)C(c4ccc(C(F)(F)F)cc4)=C(c4ccc(C(F)(F)F)cc4)N3c3c(C(C)C)cccc3C(C)C)cc2)N(c2c(C(C)C)cccc2C(C)C)C(c2ccc(C(F)(F)F)cc2)=C1c1ccc(C(F)(F)F)cc1 is invalid
21:36:57 <WARN> "default" filter: CC(C)c1cccc(C(C)C)c1N1B(c2ccccc2)N(c2c(C(C)C)cccc2C(C)C)C(c2ccc(C(F)(F)F)cc2)=C1c1ccc(C(F)(F)F)cc1 is invalid
21:36:57 <WARN> "default" filter: CC(C)c1cccc(C(C)C)c1N1B(c2ccccc2)N(c2c(C(C)C)cccc2C(C)C)C(c2ccccc2)=C1c1ccccc1 is invalid
21:36:57 <WARN> "default" filter: CC(C)c1cccc(C(C)C)c1N1C(=O)c2cc(Oc3ccc(C(C)(C)C)cc3)c3c4c(Oc5ccc(C(C)(C)C)cc5)cc5c6c(cc(Oc7ccc(C(C)(C)C)cc7)c(c7c(Oc8ccc(C(C)(C)C)cc8)cc(c2c37)C1=O)c64)C(=O)N(c1c(C(C)C)cccc1C(C)C)C5=O is invalid
21:36:57 <WARN> "default" filter: CC(C)c1cccc(C(C)C)c1N1C(=O)c2cc(Oc3ccccc3)c3c4c(Oc5ccccc5)cc5c6c(cc(Oc7ccccc7)c(c7c(Oc8ccccc8)cc(c2c37)C1=O)c64)C(=O)OC5=O is invalid
21:36:57 <WARN> "default" filter: CC(C)c1cccc(C(C)C)c1N1C(=O)c2ccc3c4c(-c5ccc(C(=O)O)cc5)c5ccc6c7c(cc8c9cc(C(=O)O)ccc9c(c9ccc(c2c39)C1=O)c4c8c57)C(=O)N(c1c(C(C)C)cccc1C(C)C)C6=O is invalid
21:36:57 <WARN> "default" filter: CC(C)c1cccc(C(C)C)c1N1C(c2ccccc2)=Cc2ccc3ccccc3[n+]2[B-]1(F)F is invalid
21:36:57 <WARN> "default" filter: CC(C)c1cccc(C(C)C)c1N1C=CN(c2c(C(C)C)cccc2C(C)C)B1c1ccccc1 is invalid
21:36:57 <WARN> "default" filter: CC(C)c1cccc(C(C)C)c1[N+]1=Cc2cccn2[B-]1(c1ccccc1)c1ccccc1 is invalid
21:36:57 <WARN> "default" filter: CC(C)c1ccccc1-c1cc2c(o1)=CC1=Cc3cc4oc(-c5ccccc5C(C)C)cc4n3[B-](F)(F)[N+]=21 is invalid
21:36:57 <WARN> "default" filter: CC(c1ccc(OCCCCCCN2c3ccccc3Sc3cc(/C=C(/C#N)C(=O)O)ccc32)cc1)(c1ccc(OCCCCCCN2c3ccccc3Sc3cc(/C=C(/C#N)C(=O)O)ccc32)cc1)c1ccc(OCCCCCCN2c3ccccc3Sc3cc(/C=C(\C#N)C(=O)O)ccc32)cc1 is invalid
21:36:57 <WARN> "default" filter: CC(c1ccc(OCCCn2c3ccccc3c3cc(C=C(C#N)C(=O)O)ccc32)cc1)(c1ccc(OCCCn2c3ccccc3c3cc(/C=C(/C#N)C(=O)O)ccc32)cc1)c1ccc(OCCCn2c3ccccc3c3cc(/C=C(/C#N)C(=O)O)ccc32)cc1 is invalid
21:36:57 <WARN> "default" filter: CC1(C)C2=C(c3ccc(N(c4ccccc4)c4ccccc4)cc31)P(=O)(c1ccccc1)c1ccccc12 is invalid
21:36:58 <WARN> "default" filter: CC1(C)OB(c2cc3ccc4cc(B5OC(C)(C)C(C)(C)O5)cc5ccc(c2)c3c45)OC1(C)C is invalid
21:36:58 <WARN> "default" filter: CC1(C)OB(c2ccc3c(c2)B2Nc4ccccc4C=C2C(c2ccccc2)=C3c2ccccc2)OC1(C)C is invalid
21:36:58 <WARN> "default" filter: CC1(C)OB(c2ccc3ccc4cccc5ccc2c3c45)OC1(C)C is invalid
21:36:58 <WARN> "default" filter: CC1(C)c2cc(/C=C/c3nc(/C=C/c4ccc5c(c4)C(C)(C)c4cc(N(c6ccccc6)c6ccccc6)ccc4-5)nc(/C=C/c4ccc5c(c4)C(C)(C)c4cc(N(c6ccccc6)c6ccccc6)ccc4-5)n3)ccc2-c2ccc(N(c3ccccc3)c3ccccc3)cc21 is invalid
21:36:58 <WARN> "default" filter: CC1(C)c2ccccc2-c2cc(N(c3ccc(-c4ccc(N(c5ccc(-c6ccc(N(c7ccc8c(c7)C(C)(C)c7ccccc7-8)c7ccc8c(c7)C(C)(C)c7ccccc7-8)cc6)cc5)c5ccc(-c6sc(C=C(C#N)C(=O)O)c7c6OCCO7)cc5)cc4)cc3)c3ccc4c(c3)C(C)(C)c3ccccc3-4)ccc21 is invalid
21:36:58 <WARN> "default" filter: CC1(C)c2ccccc2-c2ccc(-c3ccc4c(c3)Sc3cc(-c5ccc(C#Cc6cc(-c7cccc(C(=O)O)c7)cc(-c7cccc(C(=O)O)c7)c6)s5)ccc3N4c3ccc4c(c3)C(C)(C)c3ccccc3-4)cc21 is invalid
21:36:58 <WARN> "default" filter: CC1(C)c2ccccc2-c2ccc(N(c3ccc(-c4cc5c(s4)-c4sc(C=C(C#N)C(=O)O)cc4[Si]5(C)C)cc3)c3ccc4c(c3)C(C)(C)c3ccccc3-4)cc21 is invalid
21:36:58 <WARN> "default" filter: CC1(C)c2ccccc2-c2ccc(N(c3ccc(-c4cc5c(s4)-c4sc(C=C(C#N)C(=O)O)cc4[Si]5(C)c4ccccc4)cc3)c3ccc4c(c3)C(C)(C)c3ccccc3-4)cc21 is invalid
21:36:58 <WARN> "default" filter: CC1(C)c2ccccc2-c2ccc(N(c3ccc(-c4cc5c(s4)-c4sc(C=C(C#N)C(=O)O)cc4[Si]5(c4ccccc4)c4ccccc4)cc3)c3ccc4c(c3)C(C)(C)c3ccccc3-4)cc21 is invalid
21:36:58 <WARN> "default" filter: CC1(C)c2ccccc2N(c2cc[n+]3c(c2)-c2ccccc2O[B-]3(F)F)c2ccccc21 is invalid
21:36:58 <WARN> "default" filter: CC1(C)c2ccccc2N(c2ccc(-c3n[n+]4c(o3)-c3ccccc3O[B-]4(F)F)cc2)c2ccccc21 is invalid
21:36:58 <WARN> "default" filter: CC1(C)c2ccccc2N(c2ccc3c(c2)-c2cc(N4c5ccccc5C(C)(C)c5ccccc54)ccc2P3(=O)c2ccccc2)c2ccccc21 is invalid
21:36:58 <WARN> "default" filter: CC1(C)c2ccccc2N(c2ccc3c(c2)Oc2ccccc2P3(=O)c2ccccc2)c2ccccc21 is invalid
21:36:58 <WARN> "default" filter: CC1(C)c2ccccc2N(c2ccc3nc4c5ccc(N6c7ccccc7C(C)(C)c7ccccc76)cc5c5cc(N6c7ccccc7C(C)(C)c7ccccc76)ccc5c4nc3c2)c2ccccc21 is invalid
21:36:58 <WARN> "default" filter: CC1=C(/C=C/c2ccccc2)C2=Cc3c(/C=C/c4ccccc4)c(C)c(C)n3[B-](F)(F)[N+]2=C1C is invalid
21:36:58 <WARN> "default" filter: CC1=C(Br)C(/C=C/c2ccncc2)=[N+]2C1=C(c1ccccc1)c1c(C)c(Br)c(/C=C/c3ccncc3)n1[B-]2(F)F is invalid
21:36:58 <WARN> "default" filter: CC1=C(Br)C(C)=[N+]2C1=C(c1c(-c3ccccn3)nc3ccccn13)c1c(C)c(Br)c(C)n1[B-]2(F)F is invalid
21:36:58 <WARN> "default" filter: CC1=C(C#Cc2ccc(N(c3ccccc3)c3ccccc3)cc2)C(C)=[N+]2C1=C(c1ccccc1)c1c(C)c(C#Cc3ccc(N(c4ccccc4)c4ccccc4)cc3)c(C)n1[B-]2(F)F is invalid
21:36:58 <WARN> "default" filter: CC1=C(C#Cc2ccccc2)C(C)=[N+]2C1=C(c1ccccc1)c1c(C)c(C#Cc3ccccc3)c(C)n1[B-]2(F)F is invalid
21:36:58 <WARN> "default" filter: CC1=C(C#Cc2ccccc2)C2=Cc3c(C#Cc4ccccc4)c(C)c(C)n3[B-](F)(F)[N+]2=C1C is invalid
21:36:58 <WARN> "default" filter: CC1=C(C(C)(C)C)C(C)=[N+]2C1=C(C)c1c(C)c(C(C)(C)C)c(C)n1[B-]2(F)F is invalid
21:36:58 <WARN> "default" filter: CC1=C(C)C(c2c(C)c(C)c3n2[B-](F)(F)[N+]2=C(C)C(C)=C(C)C2=C3)=[N+]2C1=Cc1c(C)c(C)c(C)n1[B-]2(F)F is invalid
21:36:58 <WARN> "default" filter: CC1=C(C)SC(=Cc2sc(C=C(C#N)C(=O)O)cc2CO[Si](C)(C)C(C)(C)C)S1 is invalid
21:36:58 <WARN> "default" filter: CC1=C(Cc2ccccc2)C(C)=[N+]2C1=C(C)c1c(C)c(-c3csc(N4CCOCC4)n3)c(C)n1[B-]2(F)F is invalid
21:36:58 <WARN> "default" filter: CC1=C(Cl)C(/C=C/c2ccc3c(c2)c2ccccc2n3Cc2cn(CCC[P+](c3ccccc3)(c3ccccc3)c3ccccc3)nn2)=[N+]2C1=C(c1ccc(I)cc1)c1c(C)c(Cl)c(C)n1[B-]2(F)F is invalid
21:36:58 <WARN> "default" filter: CC1=C(I)C(C)=[N+]2C1=C(c1c(-c3ccccn3)nc3ccccn13)c1c(C)c(I)c(C)n1[B-]2(F)F is invalid
21:36:58 <WARN> "default" filter: CC1=C(I)C(C)=[N+]2C1=C(c1c(-c3ccccn3)nc3ccccn13)c1c(C)cc(C)n1[B-]2(F)F is invalid
21:36:58 <WARN> "default" filter: CC1=C(c2ccc(N(C)C)cc2)C(C)=[N+]2C1=C(c1c(-c3ccccn3)nc3ccccn13)c1c(C)c(-c3ccc(N(C)C)cc3)c(C)n1[B-]2(F)F is invalid
21:36:58 <WARN> "default" filter: CC1=C(c2ccc(N(C)C)cc2)C(C)=[N+]2C1=C(c1c(-c3ccccn3)nc3ccccn13)c1c(C)cc(C)n1[B-]2(F)F is invalid
21:36:58 <WARN> "default" filter: CC1=C(c2ccc(N(c3ccccc3)c3ccccc3)cc2)C(C)=[N+]2C1=C(c1c(-c3ccccn3)nc3ccccn13)c1c(C)c(-c3ccc(N(c4ccccc4)c4ccccc4)cc3)c(C)n1[B-]2(F)F is invalid
21:36:58 <WARN> "default" filter: CC1=C(c2ccc(N(c3ccccc3)c3ccccc3)cc2)C(C)=[N+]2C1=C(c1c(-c3ccccn3)nc3ccccn13)c1c(C)cc(C)n1[B-]2(F)F is invalid
21:36:58 <WARN> "default" filter: CC1=C(c2ccc(N(c3ccccc3)c3ccccc3)cc2)C(C)=[N+]2C1C(C)c1c(C)c(/C=C(\C#N)C(=O)O)c(C)n1[B-]2(F)F is invalid
21:36:58 <WARN> "default" filter: CC1=C(c2ccccc2)C(C)=[N+]2C1=C(c1c(-c3ccccn3)nc3ccccn13)c1c(C)c(-c3ccccc3)c(C)n1[B-]2(F)F is invalid
21:36:58 <WARN> "default" filter: CC1=C(c2ccccc2)C(C)=[N+]2C1=C(c1c(-c3ccccn3)nc3ccccn13)c1c(C)cc(C)n1[B-]2(F)F is invalid
21:36:58 <WARN> "default" filter: CC1=C(c2ccccc2)C(C)=[N+]2C1=C(c1ccccc1)c1c(C)c(-c3ccccc3)c(C)n1[B-]2(F)F is invalid
21:36:58 <WARN> "default" filter: CC1=C(c2cccs2)C(C)=[N+]2C1=C(c1ccc(O)cc1)c1c(C)c(-c3cccs3)c(C)n1[B-]2(F)F is invalid
21:36:58 <WARN> "default" filter: CC1=C(c2cccs2)C(C)=[N+]2C1=C(c1ccc(OS(=O)(=O)c3ccc([N+](=O)[O-])cc3[N+](=O)[O-])cc1)c1c(C)c(-c3cccs3)c(C)n1[B-]2(F)F is invalid
21:36:58 <WARN> "default" filter: CC1=C(c2cccs2)C(C)=[N+]2C1=C(c1ccccc1)c1c(C)c(-c3cccs3)c(C)n1[B-]2(F)F is invalid
21:36:58 <WARN> "default" filter: CC1=C(c2cccs2)C2=Cc3c(-c4cccs4)c(C)c(C)n3[B-](F)(F)[N+]2=C1C is invalid
21:36:58 <WARN> "default" filter: CC1=C2C3=C(CCc4ccccc43)C(C)=[N+]2[B-](F)(F)n2c(C)c3c(c21)-c1ccccc1CC3 is invalid
21:36:58 <WARN> "default" filter: CC1=C2C=CC(C)=[N+]2[B-](F)(F)n2cccc21 is invalid
21:36:58 <WARN> "default" filter: CC1=C2C=CC(c3ccccc3)=[N+]2[B-](F)(F)n2c1ccc2-c1ccccc1 is invalid
21:36:58 <WARN> "default" filter: CC1=C2C=CC=[N+]2[B-](F)(F)n2cccc21 is invalid
21:36:58 <WARN> "default" filter: CC1=C2CCc3ccccc3C2=[N+]2C1=C(c1ccc(I)cc1)c1c(C)c3c(n1[B-]2(F)F)-c1ccccc1CC3 is invalid
21:36:58 <WARN> "default" filter: CC1=C2c3ccccc3C(c3[nH]c(C)cc3C)=[N+]2[B-](F)(F)n2c(C)cc(C)c21 is invalid
21:36:58 <WARN> "default" filter: CC1=C2c3ccccc3C(c3ccc[nH]3)=[N+]2[B-](F)(F)n2cccc21 is invalid
21:36:58 <WARN> "default" filter: CC1=CB(c2ccccc2)N2B(c3ccc(C)cc3)C=C(C)c3cccc1c32 is invalid
21:36:58 <WARN> "default" filter: CC1=CB(c2ccccc2)N2B(c3ccc(F)cc3)C=C(C)c3cccc1c32 is invalid
21:36:58 <WARN> "default" filter: CC1=CB(c2ccccc2)N2B(c3ccccc3)C=C(C)c3cccc1c32 is invalid
21:36:58 <WARN> "default" filter: CC1=CC(/C=C/c2ccc(-n3c4ccccc4c4ccccc43)cc2)=[N+]2C1=C(c1ccc(C(=O)O)cc1)c1c(C)cc(/C=C/c3ccc(-n4c5ccccc5c5ccccc54)cc3)n1[B-]2(F)F is invalid
21:36:58 <WARN> "default" filter: CC1=CC(/C=C/c2ccc(C)cc2)=[N+]2C1=C(c1ccccc1)c1c(C)cc(/C=C/c3ccc(C)cc3)n1[B-]2(F)F is invalid
21:36:58 <WARN> "default" filter: CC1=CC(/C=C/c2ccc(N(C)C)cc2)=[N+]2C1=C(c1ccc(C#CCO[C@@H]3O[C@H](CO)[C@@H](O)C(O)[C@H]3O)cc1)c1c(C)cc(/C=C/c3ccc(N(C)C)cc3)n1[B-]2(F)F is invalid
21:36:58 <WARN> "default" filter: CC1=CC(/C=C/c2ccc(N(C)C)cc2)=[N+]2C1=C(c1ccc(I)cc1)c1c(C)cc(/C=C/c3ccc(N(C)C)cc3)n1[B-]2(F)F is invalid
21:36:58 <WARN> "default" filter: CC1=CC(/C=C/c2ccc(N(C)C)cc2)=[N+]2C1=C(c1ccccc1)c1c(C)cc(/C=C/c3ccc(N(C)C)cc3)n1[B-]2(F)F is invalid
21:36:58 <WARN> "default" filter: CC1=CC(/C=C/c2ccc(N3c4ccccc4C=Cc4ccccc43)cc2)=[N+]2C1=C(c1ccc(C(=O)O)cc1)c1c(C)cc(/C=C/c3ccc(N4c5ccccc5C=Cc5ccccc54)cc3)n1[B-]2(F)F is invalid
21:36:58 <WARN> "default" filter: CC1=CC(/C=C/c2ccc(OCCCN=[N+]=[N-])cc2)=[N+]2C1=C(c1ccc(N(C)C)cc1)c1c(C)cc(C)n1[B-]2(F)F is invalid
21:36:58 <WARN> "default" filter: CC1=CC(/C=C/c2ccc(OCCCN=[N+]=[N-])cc2)=[N+]2C1=C(c1ccc(N3CCCCC3)cc1)c1c(C)cc(C)n1[B-]2(F)F is invalid
21:36:58 <WARN> "default" filter: CC1=CC(/C=C/c2ccc(OCCCN=[N+]=[N-])cc2)=[N+]2C1=C(c1ccccc1)c1c(C)cc(C)n1[B-]2(F)F is invalid
21:36:58 <WARN> "default" filter: CC1=CC(/C=C/c2ccc(OCCN3CCCCC3)cc2)=[N+]2C1=C(c1ccc(OCCN3CCCCC3)cc1)c1c(C)cc(/C=C/c3ccc(OCCN4CCCCC4)cc3)n1[B-]2(F)F is invalid
21:36:58 <WARN> "default" filter: CC1=CC(/C=C/c2ccc(OCCN3CCOCC3)cc2)=[N+]2C1=C(c1ccc(OCCN3CCCCC3)cc1)c1c(C)cc(/C=C/c3ccc(OCCN4CCOCC4)cc3)n1[B-]2(F)F is invalid
21:36:58 <WARN> "default" filter: CC1=CC(/C=C/c2ccc([N+](C)(C)C)cc2)=[N+]2C1=C(c1ccc(C#CCO[C@@H]3O[C@H](CO)[C@@H](O)C(O)[C@H]3O)cc1)c1c(C)cc(/C=C/c3ccc([N+](C)(C)C)cc3)n1[B-]2(F)F is invalid
21:36:58 <WARN> "default" filter: CC1=CC(/C=C/c2ccc([N+](C)(C)C)cc2)=[N+]2C1=C(c1ccc(I)cc1)c1c(C)cc(/C=C/c3ccc([N+](C)(C)C)cc3)n1[B-]2(F)F is invalid
21:36:58 <WARN> "default" filter: CC1=CC(/C=C/c2ccc3ccc4cccc5ccc2c3c45)=[N+]2C1=C(c1ccccc1)c1c(C)cc(/C=C/c3ccc4ccc5cccc6ccc3c4c56)n1[B-]2(F)F is invalid
21:36:58 <WARN> "default" filter: CC1=CC(/C=C/c2ccccc2)=[N+]2C1=C(c1ccccc1)c1c(C)cc(/C=C/c3ccccc3)n1[B-]2(F)F is invalid
21:36:58 <WARN> "default" filter: CC1=CC(=[N+]2CCC2)C=C2C1=Nc1c(C)cc(N3CCC3)cc1[Si]2(C)C is invalid
21:36:58 <WARN> "default" filter: CC1=CC(C)(C)N(C)c2cc3c(cc21)C(c1ccccc1C)=c1cc2c(cc1[Si]3(C)C)=[N+](C)C(C)(C)C=C2C is invalid
21:36:58 <WARN> "default" filter: CC1=CC(C)=[N+]2C1=C(C)c1cccn1[B-]2(F)F is invalid
21:36:58 <WARN> "default" filter: CC1=CC(C)=[N+]2C1=C(C1=C(C)C3=C(C)c4c(C)cc(C)n4[B-](F)(F)[N+]3=C1C)c1c(C)cc(C)n1[B-]2(F)F is invalid
21:36:58 <WARN> "default" filter: CC1=CC(C)=[N+]2C1=C(c1c(-c3ccccn3)nc3ccccn13)c1c(C)cc(C)n1[B-]2(F)F is invalid
21:36:58 <WARN> "default" filter: CC1=CC(C)=[N+]2C1=C(c1c(F)c(F)c(NCCCCCCNP(=O)(OC(C)C)OC(C)C)c(F)c1F)c1c(C)cc(C)n1[B-]2(F)F is invalid
21:36:58 <WARN> "default" filter: CC1=CC(C)=[N+]2C1=C(c1c(F)c(F)c(NCCCCNP(=O)(OC(C)C)OC(C)C)c(F)c1F)c1c(C)cc(C)n1[B-]2(F)F is invalid
21:36:58 <WARN> "default" filter: CC1=CC(C)=[N+]2C1=C(c1c(F)c(F)c(NCCNP(=O)(OC(C)C)OC(C)C)c(F)c1F)c1c(C)cc(C)n1[B-]2(F)F is invalid
21:36:58 <WARN> "default" filter: CC1=CC(C)=[N+]2C1=C(c1c3ccccc3c(-c3ccccc3)c3ccccc13)c1c(C)cc(C)n1[B-]2(F)F is invalid
21:36:58 <WARN> "default" filter: CC1=CC(C)=[N+]2C1=C(c1c3ccccc3c(C)c3ccccc13)c1c(C)cc(C)n1[B-]2(F)F is invalid
21:36:58 <WARN> "default" filter: CC1=CC(C)=[N+]2C1=C(c1c3ccccc3cc3ccccc13)c1c(C)cc(C)n1[B-]2(F)F is invalid
21:36:58 <WARN> "default" filter: CC1=CC(C)=[N+]2C1=C(c1ccc(-c3c4ccccc4c(-c4ccccc4)c4ccccc34)cc1)c1c(C)cc(C)n1[B-]2(F)F is invalid
21:36:58 <WARN> "default" filter: CC1=CC(C)=[N+]2C1=C(c1ccc(-c3ccc(O)cc3)s1)c1c(C)cc(C)n1[B-]2(F)F is invalid
21:36:58 <WARN> "default" filter: CC1=CC(C)=[N+]2C1=C(c1ccc(-c3ccc(OS(=O)(=O)c4ccc([N+](=O)[O-])cc4[N+](=O)[O-])cc3)s1)c1c(C)cc(C)n1[B-]2(F)F is invalid
21:36:58 <WARN> "default" filter: CC1=CC(C)=[N+]2C1=C(c1ccc(C(=O)O)cc1)c1c(C)cc(C)n1[B-]2(F)F is invalid
21:36:58 <WARN> "default" filter: CC1=CC(C)=[N+]2C1=C(c1ccc(C(=O)OC3C[C@@H]4CC[C@]3(C)C4(C)C)cc1)c1c(C)cc(C)n1[B-]2(F)F is invalid
21:36:58 <WARN> "default" filter: CC1=CC(C)=[N+]2C1=C(c1ccc(C)cc1)c1c(C)cc(/C=C/c3ccc4ccc5cccc6ccc3c4c56)n1[B-]2(F)F is invalid
21:36:58 <WARN> "default" filter: CC1=CC(C)=[N+]2C1=C(c1ccc(I)cc1)c1c(C)cc(C)n1[B-]2(F)F is invalid
21:36:58 <WARN> "default" filter: CC1=CC(C)=[N+]2C1=C(c1ccc(I)cc1)c1c(C)cc(C)n1[B-]2(O)O is invalid
21:36:58 <WARN> "default" filter: CC1=CC(C)=[N+]2C1=C(c1ccc(I)cc1)c1c(C)cc(C)n1[B-]2(OC(C)C)OC(C)C is invalid
21:36:58 <WARN> "default" filter: CC1=CC(C)=[N+]2C1=C(c1ccc(I)cc1)c1c(C)cc(C)n1[B-]2(OCc1ccccc1)OCc1ccccc1 is invalid
21:36:58 <WARN> "default" filter: CC1=CC(C)=[N+]2C1=C(c1ccc(I)cc1)c1c(C)cc(C)n1[B-]2(Oc1ccc(Cl)cc1)Oc1ccc(Cl)cc1 is invalid
21:36:58 <WARN> "default" filter: CC1=CC(C)=[N+]2C1=C(c1ccc(I)cc1)c1c(C)cc(C)n1[B-]2(Oc1ccc([N+](=O)[O-])cc1)Oc1ccc([N+](=O)[O-])cc1 is invalid
21:36:58 <WARN> "default" filter: CC1=CC(C)=[N+]2C1=C(c1ccc(I)cc1)c1c(C)cc(C)n1[B-]2(Oc1ccccc1)Oc1ccccc1 is invalid
21:36:58 <WARN> "default" filter: CC1=CC(C)=[N+]2C1=C(c1ccc(I)cc1)c1c(C)cc(C)n1[B-]21Oc2ccc3ccccc3c2-c2c(ccc3ccccc23)O1 is invalid
21:36:58 <WARN> "default" filter: CC1=CC(C)=[N+]2C1=C(c1ccc(I)cc1)c1c(C)cc(C)n1[B-]21Oc2ccccc2O1 is invalid
21:36:58 <WARN> "default" filter: CC1=CC(C)=[N+]2C1=C(c1ccc(N(C)C)cc1)c1c(C)cc(/C=C/c3ccc(N(C)C)cc3)n1[B-]2(F)F is invalid
21:36:58 <WARN> "default" filter: CC1=CC(C)=[N+]2C1=C(c1ccc(N(C)C)cc1)c1c(C)cc(C)n1[B-]2(F)F is invalid
21:36:58 <WARN> "default" filter: CC1=CC(C)=[N+]2C1=C(c1ccc(O)cc1)c1c(C)cc(/C=C/C=C3/N(C)c4ccccc4C3(C)C)n1[B-]2(F)F is invalid
21:36:58 <WARN> "default" filter: CC1=CC(C)=[N+]2C1=C(c1ccc3cccnc3n1)c1c(C)cc(C)n1[B-]2(F)F is invalid
21:36:58 <WARN> "default" filter: CC1=CC(C)=[N+]2C1=C(c1ccccc1)c1c(C)c(-c3cccs3)c(C)n1[B-]2(F)F is invalid
21:36:58 <WARN> "default" filter: CC1=CC(C)=[N+]2C1=C(c1ccccc1)c1c(C)cc(/C=C/c3ccc(N(C)C)cc3)n1[B-]2(F)F is invalid
21:36:58 <WARN> "default" filter: CC1=CC(C)=[N+]2C1=C(c1ccccc1)c1c(C)cc(/C=C/c3ccc(O)cc3)n1[B-]2(F)F is invalid
21:36:58 <WARN> "default" filter: CC1=CC(C)=[N+]2C1=C(c1ccccc1)c1c(C)cc(/C=C/c3ccccc3)n1[B-]2(F)F is invalid
21:36:58 <WARN> "default" filter: CC1=CC(C)=[N+]2C1=C(c1ccccc1)c1c(C)cc(C)n1[B-]2(F)F is invalid
21:36:58 <WARN> "default" filter: CC1=CC(C)=[N+]2C1=Cc1c(C)c(C3=C(C)C4=Cc5c(C)cc(C)n5[B-](F)(F)[N+]4=C3C)c(C)n1[B-]2(F)F is invalid
21:36:58 <WARN> "default" filter: CC1=CC(C)=[N+]2C1=Cc1c(C)cc(C)n1[B-]2(F)F is invalid
21:36:58 <WARN> "default" filter: CC1=CC(C)=[N+]2C1=Cc1c3ccccc3c(C#Cc3ccc(F)cc3)n1[B-]2(F)F is invalid
21:36:58 <WARN> "default" filter: CC1=CC(C)=[N+]2C1=Cc1c3ccccc3c(C#Cc3ccccc3)n1[B-]2(F)F is invalid
21:36:58 <WARN> "default" filter: CC1=CC(C)=[N+]2C1=Cc1c3ccccc3c(C#Cc3cccs3)n1[B-]2(F)F is invalid
21:36:58 <WARN> "default" filter: CC1=CC(C)=[N+]2C1=Cc1c3ccccc3c(C#Cc3ccsc3)n1[B-]2(F)F is invalid
21:36:58 <WARN> "default" filter: CC1=CC(C)=[N+]2C1=Cc1ccc(/C=C/C=C/c3ccccc3)n1[B-]2(F)F is invalid
21:36:58 <WARN> "default" filter: CC1=CC(C)=[N+]2C1=Cc1ccc(/C=C/c3c(C)noc3C)n1[B-]2(F)F is invalid
21:36:58 <WARN> "default" filter: CC1=CC(C)=[N+]2C1=Cc1ccc(/C=C/c3ccc(Br)cc3)n1[B-]2(F)F is invalid
21:36:58 <WARN> "default" filter: CC1=CC(C)=[N+]2C1=Cc1ccc(/C=C/c3ccc(CCl)cc3)n1[B-]2(F)F is invalid
21:36:58 <WARN> "default" filter: CC1=CC(C)=[N+]2C1=Cc1ccc(/C=C/c3ccc(CO)cc3)n1[B-]2(F)F is invalid
21:36:58 <WARN> "default" filter: CC1=CC(C)=[N+]2C1=Cc1ccc(/C=C/c3ccccc3)n1[B-]2(F)F is invalid
21:36:58 <WARN> "default" filter: CC1=CC(C)=[N+]2C1=Cc1ccc(CCC(=O)O)n1[B-]2(F)F is invalid
21:36:58 <WARN> "default" filter: CC1=CC(C)=[N+]2C1=Cc1cccn1[B-]2(F)F is invalid
21:36:58 <WARN> "default" filter: CC1=CC(C)=[N+]2C1C(c1ccc(/N=C/c3ccc(O)c(O)c3)cc1)c1c(C)cc(C)n1[B-]2(F)F is invalid
21:36:58 <WARN> "default" filter: CC1=CC(C)=[N+]2C1C(c1ccc(/N=C/c3cccc(O)c3O)cc1)c1c(C)cc(C)n1[B-]2(F)F is invalid
21:36:58 <WARN> "default" filter: CC1=CC(C)=[N+]2C1C(c1ccc(O)c(O)c1)c1c(C)cc(C)n1[B-]2(F)F is invalid
21:36:58 <WARN> "default" filter: CC1=CC(C)N2C1=C(c1ccc(Nc3nc(Nc4ccc(C5=C6C(C)=CC(C)N6[B-](F)(F)[N+]6=C5C(C)=CC6C)cc4)nc(Nc4ccc(-c5c6nc(c(-c7cc(C)c(C)cc7C)c7ccc([nH]7)c(-c7ccc(C(=O)O)cc7)c7nc(c(-c8c(C)cc(C)cc8C)c8ccc5[nH]8)C=C7)C=C6)cc4)n3)cc1)C1=[N+](C(C)C=C1C)[B-]2(F)F is invalid
21:36:58 <WARN> "default" filter: CC1=CC(c2ccc3ccccc3c2)=[O+][B-]2(OC(=O)C(=O)O2)O1 is invalid
21:36:58 <WARN> "default" filter: CC1=CC=[N+]2C1=C(c1ccc(-c3ccc4c5ccc(N(c6ccccc6)c6ccccc6)cc5n(CCCCCCC(=O)O)c4c3)cc1)c1c(C)ccn1[B-]2(F)F is invalid
21:36:58 <WARN> "default" filter: CC1=[N+]2C(=C(NC(C)c3ccccc3)c3ccc(C)n3[B-]2(F)F)C=C1c1cc2n(c1)[B-](F)(F)[N+]1=CC=CC1=C2c1c(C)cc(C)cc1C is invalid
21:36:58 <WARN> "default" filter: CC1=[N+]2C(=C(NCc3ccccc3)c3ccc(C)n3[B-]2(F)F)C=C1c1cc2n(c1)[B-](F)(F)[N+]1=CC=CC1=C2c1c(C)cc(C)cc1C is invalid
21:36:58 <WARN> "default" filter: CC1=[N+]2C(=C(Oc3cc(C)c4c(c3)CC[C@@](C)(CCC[C@H](C)CCC[C@H](C)CCCC(C)C)O4)c3ccc(C)n3[B-]2(F)F)C=C1c1cc2n(c1)[B-](F)(F)[N+]1=CC=CC1=C2c1c(C)cc(C)cc1C is invalid
21:36:58 <WARN> "default" filter: CC1=[N+]2C(=C(Oc3ccc4c(c3)CC[C@@H]3[C@@H]4CC[C@]4(C)C(=O)CC[C@@H]34)c3ccc(C)n3[B-]2(F)F)C=C1c1cc2n(c1)[B-](F)(F)[N+]1=CC=CC1=C2c1c(C)cc(C)cc1C is invalid
21:36:58 <WARN> "default" filter: CC1=[N+]2C(=C(Oc3ccccc3)c3ccc(C)n3[B-]2(F)F)C=C1c1cc2n(c1)[B-](F)(F)[N+]1=CC=CC1=C2c1c(C)cc(C)cc1C is invalid
21:36:58 <WARN> "default" filter: CC1=[N+]2C(=C(c3c4ccccc4c(-c4ccccc4)c4ccccc34)c3ccc(C)n3[B-]2(F)F)C=C1 is invalid
21:36:58 <WARN> "default" filter: CC1=[N+]2C(=C(c3c4ccccc4c(C)c4ccccc34)c3ccc(C)n3[B-]2(F)F)C=C1 is invalid
21:36:58 <WARN> "default" filter: CC1=[N+]2C(=C(c3c4ccccc4cc4ccccc34)c3ccc(/C=C/C(C)(C)C)n3[B-]2(F)F)C=C1 is invalid
21:36:58 <WARN> "default" filter: CC1=[N+]2C(=C(c3c4ccccc4cc4ccccc34)c3ccc(C)n3[B-]2(F)F)C=C1 is invalid
21:36:58 <WARN> "default" filter: CC1=[N+]2C(=C(c3ccc(-c4c5ccccc5c(-c5ccccc5)c5ccccc45)cc3)c3ccc(C)n3[B-]2(F)F)C=C1 is invalid
21:36:58 <WARN> "default" filter: CC1=[N+]2C(=C(c3ccc(Br)cc3)c3ccc(C)n3[B-]2(F)F)C=C1c1cc2n(c1)[B-](F)(F)[N+]1=CC=CC1=C2c1c(C)cc(C)cc1C is invalid
21:36:58 <WARN> "default" filter: CC1=[N+]2C(=C(c3ccc(C#N)cc3)c3ccc(C)n3[B-]2(F)F)C=C1 is invalid
21:36:58 <WARN> "default" filter: CC1=[N+]2C(=C(c3ccc(C(=C(c4ccccc4)c4ccccc4)c4ccccc4)cc3)c3ccc(/C=C/c4ccc(C(=C(c5ccccc5)c5ccccc5)c5ccccc5)cc4)n3[B-]2(F)F)C=C1 is invalid
21:36:58 <WARN> "default" filter: CC1=[N+]2C(=C(c3ccc(C(=C(c4ccccc4)c4ccccc4)c4ccccc4)cc3)c3ccc(C)n3[B-]2(F)F)C=C1 is invalid
21:36:58 <WARN> "default" filter: CC1=[N+]2C(=C(c3ccc(C(=O)c4ccccc4)cc3)c3ccc(C)n3[B-]2(F)F)C=C1c1cc2n(c1)[B-](F)(F)[N+]1=CC=CC1=C2c1c(C)cc(C)cc1C is invalid
21:36:58 <WARN> "default" filter: CC1=[N+]2C(=C(c3ccc(C(OC(=O)c4ccccc4)C(=O)NC(C)(C)C)cc3)c3cc(Br)c(C)n3[B-]2(F)F)C=C1Br is invalid
21:36:58 <WARN> "default" filter: CC1=[N+]2C(=C(c3ccc(C(OC(=O)c4ccccc4)C(=O)NC(C)(C)C)cc3)c3ccc(C)n3[B-]2(F)F)C=C1 is invalid
21:36:58 <WARN> "default" filter: CC1=[N+]2C(=C(c3ccc(C(OC(=O)c4ccccc4)C(=O)NC(C)(C)C)s3)c3ccc(C)n3[B-]2(F)F)C=C1 is invalid
21:36:58 <WARN> "default" filter: CC1=[N+]2C(=C(c3ccc(C=O)cc3)c3ccc(C)n3[B-]2(F)F)C=C1c1cc2n(c1)[B-](F)(F)[N+]1=CC=CC1=C2c1c(C)cc(C)cc1C is invalid
21:36:58 <WARN> "default" filter: CC1=[N+]2C(=C(c3ccc(N(C)C)cc3)c3ccc(C)n3[B-]2(F)F)C=C1 is invalid
21:36:58 <WARN> "default" filter: CC1=[N+]2C(=C(c3ccc(N(c4ccccc4)c4ccccc4)cc3)c3ccc(C)n3[B-]2(F)F)C=C1c1cc2n(c1)[B-](F)(F)[N+]1=CC=CC1=C2c1c(C)cc(C)cc1C is invalid
21:36:58 <WARN> "default" filter: CC1=[N+]2C(=C(c3ccc4c(c3)Cc3ccccc3-4)c3ccc(C)n3[B-]2(F)F)C=C1c1cc2n(c1)[B-](F)(F)[N+]1=CC=CC1=C2c1c(C)cc(C)cc1C is invalid
21:36:58 <WARN> "default" filter: CC1=[N+]2C(=C(c3ccccc3)c3c4c(c(C)n3[B-]2(F)F)C2CCC4CC2)C2=C1C1CCC2CC1 is invalid
21:36:58 <WARN> "default" filter: CC1=[N+]2C(=C(c3ccccc3)c3c4c(c(C)n3[B-]2(F)F)CCc2ccccc2-4)C2=C1CCc1ccccc12 is invalid
21:36:58 <WARN> "default" filter: CC1=[N+]2C(=C(c3ccccc3)c3c4ccccc4c(C)n3[B-]2(F)F)c2ccccc21 is invalid
21:36:58 <WARN> "default" filter: CC1=[N+]2C(=C(c3ccccc3)c3ccc(/C=C/c4ccc(C(=C(c5ccccc5)c5ccccc5)c5ccccc5)cc4)n3[B-]2(F)F)C=C1 is invalid
21:36:58 <WARN> "default" filter: CC1=[N+]2C(=C(c3ccccc3)c3ccc(C)n3[B-]2(F)F)C=C1 is invalid
21:36:58 <WARN> "default" filter: CC1=[N+]2C(=C(c3ccccc3C)c3ccc(C)n3[B-]2(F)F)C=C1c1cc2n(c1)[B-](F)(F)[N+]1=CC=CC1=C2c1c(C)cc(C)cc1C is invalid
21:36:58 <WARN> "default" filter: CC1=[N+]2C(=Cc3c4c(cn3[B-]2(F)F)-c2nc-4c(-c3ccccc3)c3ccc([nH]3)c(-c3ccccc3)c3nc(c(-c4ccccc4)c4ccc([nH]4)c2-c2ccccc2)C=C3)C(C)C1 is invalid
21:36:58 <WARN> "default" filter: CC1=[N+]2C(=Cc3ccc(C)n3[B-]2(F)F)C=C1c1cc2n(c1)[B-](F)(F)[N+]1=CC=CC1=C2c1c(C)cc(C)cc1C is invalid
21:36:58 <WARN> "default" filter: CC1=[N+]2C(=Cc3cccn3[B-]2(F)F)C=C1 is invalid
21:36:58 <WARN> "default" filter: CC1=[N+]2C(=c3c4c5ccccc5cc5cccc(c6cc(C)n(c36)[B-]2(F)F)c54)C=C1 is invalid
21:36:58 <WARN> "default" filter: CC1=c2c3c4cccc5cccc(c=3c(C)[n+]2[B-](F)(F)n2c(C)c3cc6c(-c7ccccc7)c7c(c(-c8ccccc8)c6cc3c21)-c1cccc2cccc-7c12)c54 is invalid
21:36:58 <WARN> "default" filter: CC1=c2cc3c(C)c4n(c3cc2=[N+]2C1=Cc1c3ccccc3c(C)n1[B-]2(F)F)[B-](F)(F)[N+]1=C(C)c2ccccc2C1=C4 is invalid
21:36:58 <WARN> "default" filter: CC1=c2cc3c(cc2=[N+]2C1=Cc1c4ccccc4c(C)n1[B-]2(F)F)C1=Cc2c4ccccc4c(C)n2[B-](F)(F)[N+]1=C3C is invalid
21:36:58 <WARN> "default" filter: CC1=c2ccccc2=[N+]2C1=Cc1c3ccccc3c(-c3[nH]c4ccccc4c3C)n1[B-]2(F)F is invalid
21:36:58 <WARN> "default" filter: CC1CC(C)(C)N(C)c2ccc(C=Cc3ccc(C=C(C#N)P(=O)(O)O)s3)cc21 is invalid
21:36:58 <WARN> "default" filter: CCC(C)[Si](C#Cc1c2cc3cc4c(cc3cc2c(C#C[Si](C(C)CC)(C(C)CC)C(C)CC)c2cc3cc5cc6c(cc5cc3cc12)OC(CC(C)C)(CC(C)C)O6)OC(CC(C)C)(CC(C)C)O4)(C(C)CC)C(C)CC is invalid
21:36:58 <WARN> "default" filter: CCC(C)[Si](C#Cc1c2nc3c4ccccc4c(=O)c4ccccc4c3nc2c(C#C[Si](C(C)CC)(C(C)CC)C(C)CC)c2nc3c4ccccc4c(=O)c4ccccc4c3nc12)(C(C)CC)C(C)CC is invalid
21:36:58 <WARN> "default" filter: CCC(CC)CCCCOc1ccc(-c2ccc3c(c2)Sc2cc(-c4ccc(C5=CC=C(/C=C(/C#N)C(=O)O)C5)c5nc(-c6ccccc6)c(-c6ccccc6)nc45)ccc2N3CCCCC(CC)CC)cc1 is invalid
21:36:58 <WARN> "default" filter: CCC(CC)CCCCOc1ccc(-c2ccc3c(c2)Sc2cc(-c4ccc(C5=CC=C(/C=C(\C#N)C(=O)O)C5)c5nc(-c6ccccc6)c(-c6ccccc6)nc45)ccc2N3CCCCC(CC)CC)cc1 is invalid
21:36:58 <WARN> "default" filter: CCC(CC)CCCCOc1ccc2ccccc2c1-c1c(OCCCCC(CC)CC)ccc2cc(-c3ccc(-c4ccc5c(c4)Sc4cc(-c6ccc(C7=CC=C(/C=C(/C#N)C(=O)O)C7)c7nc(-c8ccccc8)c(-c8ccccc8)nc67)ccc4N5CCCCC(CC)CC)cc3)ccc12 is invalid
21:36:58 <WARN> "default" filter: CCC(CC)CCCCOc1ccc2ccccc2c1-c1c(OCCCCC(CC)CC)ccc2cc(-c3ccc(-c4ccc5c(c4)Sc4cc(-c6ccc(C7=CC=C(/C=C(\C#N)C(=O)O)C7)c7nc(-c8ccccc8)c(-c8ccccc8)nc67)ccc4N5CCCCC(CC)CC)cc3)ccc12 is invalid
21:36:58 <WARN> "default" filter: CCC(CC)COC1=CC2=C3c4cc(OCC(CC)CC)c(-c5ccccc5)n4[B-](F)(F)[n+]4c3n(c3cc(C(C)(C)C)ccc34)[B-](F)(F)[N+]2=C1c1ccccc1 is invalid
21:36:58 <WARN> "default" filter: CCC(CC)COC1=CC2=C3c4cc(OCC(CC)CC)c(-c5ccccc5)n4[B-](F)(F)[n+]4nnn(c43)[B-](F)(F)[N+]2=C1c1ccccc1 is invalid
21:36:58 <WARN> "default" filter: CCC(CC)COC1=CC2=C3c4cc(OCC(CC)CC)c(-c5cccs5)n4[B-](F)(F)[n+]4c3n(c3cc(C(C)(C)C)ccc34)[B-](F)(F)[N+]2=C1c1cccs1 is invalid
21:36:58 <WARN> "default" filter: CCC(CC)COC1=CC2=C3c4cc(OCC(CC)CC)c(-c5cccs5)n4[B-](F)(F)[n+]4nnn(c43)[B-](F)(F)[N+]2=C1c1cccs1 is invalid
21:36:58 <WARN> "default" filter: CCC1(CC)c2cc(-c3ccc(-c4ccc(/C=C(\C#N)C(=O)O)s4)s3)ccc2-c2ccc(N(c3ccc(C=C4c5ccccc5-c5ccccc54)cc3)c3ccc(C=C4c5ccccc5-c5ccccc54)cc3)cc21 is invalid
21:36:58 <WARN> "default" filter: CCC1(CC)c2cc(-c3ccc(-c4ccc(/C=C(\C#N)C(=O)O)s4)s3)ccc2-c2ccc(N(c3ccccc3)c3ccc4c(c3)C(CC)(CC)c3cc(N(c5ccccc5)c5ccc6c(c5)C(CC)(CC)c5cc(-c7ccc(-c8ccc(/C=C(\C#N)C(=O)O)s8)s7)ccc5-6)ccc3-4)cc21 is invalid
21:36:58 <WARN> "default" filter: CCC1(CC)c2cc(-c3ccc(-c4ccc(/C=C(\C#N)C(=O)O)s4)s3)ccc2-c2ccc(N(c3ccccc3)c3ccc4c(c3)C(CC)(CC)c3cc(N(c5ccccc5)c5ccccc5)ccc3-4)cc21 is invalid
21:36:58 <WARN> "default" filter: CCC1(CC)c2cc(-c3ccc(/C=C(\C#N)C(=O)O)s3)ccc2-c2c1c1c(c3c2C(CC)(CC)c2cc(N(c4ccccc4)c4ccccc4)ccc2-3)C(CC)(CC)c2cc(N(c3ccccc3)c3ccccc3)ccc2-1 is invalid
21:36:58 <WARN> "default" filter: CCC1(CC)c2cc(-c3ccc(/C=C(\C#N)C(=O)O)s3)ccc2-c2ccc(-c3ccc(-c4ccc5c(c4)C(CC)(CC)c4cc(-c6ccc(-c7ccc8c(c7)C(CC)(CC)c7cc(N(c9ccccc9)c9cccc%10ccccc9%10)ccc7-8)s6)ccc4-5)s3)cc21 is invalid
21:36:58 <WARN> "default" filter: CCC1(CC)c2cc(-c3ccc(/C=C(\C#N)C(=O)O)s3)ccc2-c2ccc(N(c3ccc(C=C4c5ccccc5-c5ccccc54)cc3)c3ccc(C=C4c5ccccc5-c5ccccc54)cc3)cc21 is invalid
21:36:58 <WARN> "default" filter: CCC1(CC)c2cc(-c3ccc(/C=C(\C#N)C(=O)O)s3)ccc2-c2ccc(N(c3ccccc3)c3ccc4c(c3)C(CC)(CC)c3cc(N(c5ccccc5)c5ccc6c(c5)C(CC)(CC)c5cc(-c7ccc(/C=C(\C#N)C(=O)O)s7)ccc5-6)ccc3-4)cc21 is invalid
21:36:58 <WARN> "default" filter: CCC1(CC)c2cc(-c3ccc(C(C)(C)C)cc3)ccc2-c2ccc(-c3ccc4c(c3)C(CC)(CC)c3cc(-c5ccc6c(c5)C(CC)(CC)c5cc(-c7ccc(C(C)(C)C)cc7)ccc5-6)ccc3-4)cc21 is invalid
21:36:58 <WARN> "default" filter: CCC1(CC)c2cc(/C=C/c3cc(Br)c(/C=C/c4ccc5c(c4)C(CC)(CC)c4cc(N6c7ccccc7Sc7ccccc76)ccc4-5)cc3Br)ccc2-c2ccc(N3c4ccccc4Sc4ccccc43)cc21 is invalid
21:36:58 <WARN> "default" filter: CCC1(CC)c2cc(/C=C/c3cc(C#N)c(/C=C/c4ccc5c(c4)C(CC)(CC)c4cc(N6c7ccccc7Sc7ccccc76)ccc4-5)cc3C#N)ccc2-c2ccc(N3c4ccccc4Sc4ccccc43)cc21 is invalid
21:36:58 <WARN> "default" filter: CCC1(CC)c2cc(/C=C/c3ccc(/C=C/c4ccc5c(c4)C(CC)(CC)c4cc(N6c7ccccc7Sc7ccccc76)ccc4-5)cc3)ccc2-c2ccc(N3c4ccccc4Sc4ccccc43)cc21 is invalid
21:36:58 <WARN> "default" filter: CCC1(CC)c2cc(B(c3c(C)cc(C)cc3C)c3c(C)cc(C)cc3C)ccc2-c2c1c1c(c3c2C(CC)(CC)c2cc(B(c4c(C)cc(C)cc4C)c4c(C)cc(C)cc4C)ccc2-3)C(CC)(CC)c2cc(B(c3c(C)cc(C)cc3C)c3c(C)cc(C)cc3C)ccc2-1 is invalid
21:36:58 <WARN> "default" filter: CCC1(CC)c2cc(B(c3c(C)cc(C)cc3C)c3c(C)cc(C)cc3C)ccc2-c2c1c1c(c3c2C(CC)(CC)c2cc(N(c4ccccc4)c4ccccc4)ccc2-3)C(CC)(CC)c2cc(B(c3c(C)cc(C)cc3C)c3c(C)cc(C)cc3C)ccc2-1 is invalid
21:36:58 <WARN> "default" filter: CCC1(CC)c2cc(B(c3c(C)cc(C)cc3C)c3c(C)cc(C)cc3C)ccc2-c2c1c1c(c3c2C(CC)(CC)c2cc(N(c4ccccc4)c4ccccc4)ccc2-3)C(CC)(CC)c2cc(N(c3ccccc3)c3ccccc3)ccc2-1 is invalid
21:36:58 <WARN> "default" filter: CCC1(CC)c2cc(B(c3c(C)cc(C)cc3C)c3c(C)cc(C)cc3C)ccc2-c2ccc(N(c3ccccc3)c3ccc4c(c3)C(CC)(CC)c3cc(B(c5c(C)cc(C)cc5C)c5c(C)cc(C)cc5C)ccc3-4)cc21 is invalid
21:36:58 <WARN> "default" filter: CCC1(CC)c2cc(B(c3c(C)cc(C)cc3C)c3c(C)cc(C)cc3C)ccc2-c2ccc(N(c3ccccc3)c3ccccc3)cc21 is invalid
21:36:59 <WARN> "default" filter: CCC1(CC)c2cc(N(c3ccccc3)c3ccc4ccc5cccc6ccc3c4c56)ccc2-c2ccc(N(c3ccc(/C=C(\C#N)C(=O)O)cc3)c3ccc4ccc5cccc6ccc3c4c56)cc21 is invalid
21:36:59 <WARN> "default" filter: CCC1(CC)c2cc(N(c3ccccc3)c3ccccc3)ccc2-c2c1c1c(c3c2C(CC)(CC)c2cc(N(c4ccccc4)c4ccccc4)ccc2-3)C(CC)(CC)c2cc(N(c3ccccc3)c3ccccc3)ccc2-1 is invalid
21:36:59 <WARN> "default" filter: CCC1(CC)c2ccc(N(c3ccc(OC)cc3)c3ccc(OC)cc3)cc2-c2c1c1c(c3c2C(CC)(CC)c2cc(N(c4ccc(OC)cc4)c4ccc(OC)cc4)ccc2-3)C(CC)(CC)c2ccc(C=C(C#N)C(=O)O)cc2-1 is invalid
21:36:59 <WARN> "default" filter: CCC1(CC)c2ccc(N(c3ccccc3)c3ccc4c(c3)C(CC)(CC)c3cc(-c5ccc(-c6ccc(/C=C(/C#N)C(=O)O)s6)s5)ccc3-4)cc2-c2ccc(C(c3ccccc3)c3ccccc3)cc21 is invalid
21:36:59 <WARN> "default" filter: CCC1(CC)c2ccc(N(c3ccccc3)c3ccccc3)cc2-c2c1c1c(c3c2C(CC)(CC)c2cc(N(c4ccccc4)c4ccccc4)ccc2-3)C(CC)(CC)c2ccc(-c3ccc(/C=C(\C#N)C(=O)O)s3)cc2-1 is invalid
21:36:59 <WARN> "default" filter: CCC1(CC)c2ccc(N(c3ccccc3)c3ccccc3)cc2-c2c1c1c(c3c2C(CC)(CC)c2cc(N(c4ccccc4)c4ccccc4)ccc2-3)C(CC)(CC)c2ccc(C=C(C#N)C(=O)O)cc2-1 is invalid
21:36:59 <WARN> "default" filter: CCC1(CC)c2ccccc2-c2c1c1c(c3c2C(CC)(CC)c2cc(B(c4c(C)cc(C)cc4C)c4c(C)cc(C)cc4C)ccc2-3)C(CC)(CC)c2cc(B(c3c(C)cc(C)cc3C)c3c(C)cc(C)cc3C)ccc2-1 is invalid
21:36:59 <WARN> "default" filter: CCC1(CC)c2ccccc2-c2c1c1c(c3c2C(CC)(CC)c2cc(B(c4c(C)cc(C)cc4C)c4c(C)cc(C)cc4C)ccc2-3)C(CC)(CC)c2ccccc2-1 is invalid
21:36:59 <WARN> "default" filter: CCC1(CC)c2ccccc2-c2ccc(C#Cc3cc(C#Cc4ccc5c(c4)C(CC)(CC)c4ccccc4-5)c4ccc5c(C#Cc6ccc7c(c6)C(CC)(CC)c6ccccc6-7)cc(C#Cc6ccc7c(c6)C(CC)(CC)c6ccccc6-7)c6ccc3c4c65)cc21 is invalid
21:36:59 <WARN> "default" filter: CCC1(CC)c2ccccc2-c2ccc(N(c3ccc(-c4ccc(-c5ccc(/C=C(\C#N)C(=O)O)s5)c5nc(-c6ccccc6)c(-c6ccccc6)nc45)cc3)c3ccc4c(c3)C(CC)(CC)c3ccccc3-4)cc21 is invalid
21:36:59 <WARN> "default" filter: CCC1=C(C)C2=C(/C=C/Sc3ccccc3)c3c(C)c(CC)c(C)n3[B-](F)(F)[N+]2=C1C is invalid
21:36:59 <WARN> "default" filter: CCC1=C(C)C2=C(/C=C/c3ccc(OC)cc3)c3c(C)c(CC)c(C)n3[B-](F)(F)[N+]2=C1C is invalid
21:36:59 <WARN> "default" filter: CCC1=C(C)C2=C(/C=C/c3ccc([N+](=O)[O-])cc3)c3c(C)c(CC)c(/C=C/c4ccc(OC)cc4)n3[B-](F)(F)[N+]2=C1/C=C/c1ccc(OC)cc1 is invalid
21:36:59 <WARN> "default" filter: CCC1=C(C)C2=C(/C=C/c3ccc([N+](=O)[O-])cc3)c3c(C)c(CC)c(C)n3[B-](F)(F)[N+]2=C1C is invalid
21:36:59 <WARN> "default" filter: CCC1=C(C)C2=C(C)c3c(C)c(-c4csc(N5CCOCC5)n4)c(C)n3[B-](F)(F)[N+]2=C1C is invalid
21:36:59 <WARN> "default" filter: CCC1=C(C)C2=C(C)c3c(C)c(CC)c(C)n3[B-](F)(F)[N+]2=C1C is invalid
21:36:59 <WARN> "default" filter: CCC1=C(C)C2=C(C)c3c(I)c(I)c(I)n3[B-](F)(F)[N+]2=C1C is invalid
21:36:59 <WARN> "default" filter: CCC1=C(C)C2=C(C)c3c(I)c(I)cn3[B-](F)(F)[N+]2=C1C is invalid
21:36:59 <WARN> "default" filter: CCC1=C(C)C2=C(C)c3cc(I)c(I)n3[B-](F)(F)[N+]2=C1C is invalid
21:36:59 <WARN> "default" filter: CCC1=C(C)C2=C(C)c3cc(I)cn3[B-](F)(F)[N+]2=C1C is invalid
21:36:59 <WARN> "default" filter: CCC1=C(C)C2=C(C)c3cccn3[B-](F)(F)[N+]2=C1C is invalid
21:36:59 <WARN> "default" filter: CCC1=C(C)C2=C(c3c4ccccc4c(-c4ccccc4)c4ccccc34)c3c(C)c(CC)c(C)n3[B-](F)(F)[N+]2=C1C is invalid
21:36:59 <WARN> "default" filter: CCC1=C(C)C2=C(c3c4ccccc4c(C)c4ccccc34)c3c(C)c(CC)c(C)n3[B-](F)(F)[N+]2=C1C is invalid
21:36:59 <WARN> "default" filter: CCC1=C(C)C2=C(c3c4ccccc4cc4ccccc34)c3c(C)c(CC)c(C)n3[B-](F)(F)[N+]2=C1C is invalid
21:36:59 <WARN> "default" filter: CCC1=C(C)C2=C(c3cc(C(=O)Cl)cc(C(=O)Cl)c3)c3c(C)c(CC)c(C)n3[B-](F)(F)[N+]2=C1C is invalid
21:36:59 <WARN> "default" filter: CCC1=C(C)C2=C(c3cc(C(=O)Cl)cc(C4=C5C(C)=C(CC)C(C)=[N+]5[B-](F)(F)n5c(C)c(CC)c(C)c54)c3)c3c(C)c(CC)c(C)n3[B-](F)(F)[N+]2=C1C is invalid
21:36:59 <WARN> "default" filter: CCC1=C(C)C2=C(c3cc(C4=C5C(C)=C(CC)C(C)=[N+]5[B-](F)(F)n5c(C)c(CC)c(C)c54)cc(C4=C5C(C)=C(CC)C(C)=[N+]5[B-](F)(F)n5c(C)c(CC)c(C)c54)c3)c3c(C)c(CC)c(C)n3[B-](F)(F)[N+]2=C1C is invalid
21:36:59 <WARN> "default" filter: CCC1=C(C)C2=C(c3ccc(-c4c5ccccc5c(-c5ccccc5)c5ccccc45)cc3)c3c(C)c(CC)c(C)n3[B-](F)(F)[N+]2=C1C is invalid
21:36:59 <WARN> "default" filter: CCC1=C(C)C2=C(c3ccc(-c4ccc(N(c5ccc(-c6ccc(C(=O)O)cc6)cc5)c5ccc(-c6ccc(C7=C8C(C)=C(CC)C(C)=[N+]8[B-](F)(F)n8c(C)c(CC)c(C)c87)s6)cc5)cc4)s3)c3c(C)c(CC)c(C)n3[B-](F)(F)[N+]2=C1C is invalid
21:36:59 <WARN> "default" filter: CCC1=C(C)C2=C(c3ccc(C(=O)O)cc3)C3=C(C)C(CC)C(/C=C/c4ccc(OCCOCCOC)cc4)=[N+]3[B-](C#COCCOC)(C#COCCOC)N2C1/C=C/c1ccc(OCCOCCOC)cc1 is invalid
21:36:59 <WARN> "default" filter: CCC1=C(C)C2=C(c3ccc(C(=O)O)cc3)C3=C(C)C(CC)C(C)=[N+]3[B-](C#COCCOC)(C#COCCOC)N2C1/C=C/c1ccc(OCCOCCOC)cc1 is invalid
21:36:59 <WARN> "default" filter: CCC1=C(C)C2=C(c3ccc(C(=O)O)cc3)C3=C(C)C(CC)C(C)=[N+]3[B-](C#COCCOC)(C#COCCOC)N2C1C is invalid
21:36:59 <WARN> "default" filter: CCC1=C(C)C2=C(c3ccc(C(=O)O)cc3)c3c(C)c(CC)c(C)n3[B-](F)(F)[N+]2=C1C is invalid
21:36:59 <WARN> "default" filter: CCC1=C(C)C2=C(c3ccc(N(c4ccc(C5=C6C(C)=C(CC)C(C)=[N+]6[B-](F)(F)n6c(C)c(CC)c(C)c65)cc4)c4ccc(-c5ccc(C(=O)O)cc5)cc4)cc3)c3c(C)c(CC)c(C)n3[B-](F)(F)[N+]2=C1C is invalid
21:36:59 <WARN> "default" filter: CCC1=C(C)C2=Cc3c(I)c(I)c(I)n3[B-](F)(F)[N+]2=C1C is invalid
21:36:59 <WARN> "default" filter: CCC1=C(C)C2=Cc3c(I)c(I)cn3[B-](F)(F)[N+]2=C1C is invalid
21:36:59 <WARN> "default" filter: CCC1=C(C)C2=Cc3c4ccccc4c4n3[B-](C)(Oc3ccccc3-4)[N+]2=C1C is invalid
21:36:59 <WARN> "default" filter: CCC1=C(C)C2=Cc3c4ccccc4c4n3[B-](c3cc[n+](C)cc3)(Oc3ccccc3-4)[N+]2=C1C is invalid
21:36:59 <WARN> "default" filter: CCC1=C(C)C2=Cc3c4ccccc4c4n3[B-](c3ccc(OC)cc3)(Oc3ccccc3-4)[N+]2=C1C is invalid
21:36:59 <WARN> "default" filter: CCC1=C(C)C2=Cc3c4ccccc4c4n3[B-](c3ccc5cc6ccccc6cc5c3)(Oc3ccccc3-4)[N+]2=C1C is invalid
21:36:59 <WARN> "default" filter: CCC1=C(C)C2=Cc3c4ccccc4c4n3[B-](c3ccc5ccc6cccc7ccc3c5c67)(Oc3ccccc3-4)[N+]2=C1C is invalid
21:36:59 <WARN> "default" filter: CCC1=C(C)C2=Cc3c4ccccc4c4n3[B-](c3ccccc3)(Oc3ccccc3-4)[N+]2=C1C is invalid
21:36:59 <WARN> "default" filter: CCC1=C(C)C2=Cc3c4ccccc4c4n3[B-](c3ccncc3)(Oc3ccccc3-4)[N+]2=C1C is invalid
21:36:59 <WARN> "default" filter: CCC1=C(C)C2=Cc3c4ccccc4c4n3[B-](c3ccncc3)(Oc3ccccc3-4)[N+]2=C1C=Cc1ccc(OC)cc1 is invalid
21:36:59 <WARN> "default" filter: CCC1=C(C)C2=Cc3cc(I)c(I)n3[B-](F)(F)[N+]2=C1C is invalid
21:36:59 <WARN> "default" filter: CCC1=C(C)C2=Cc3cc(I)cn3[B-](F)(F)[N+]2=C1C is invalid
21:36:59 <WARN> "default" filter: CCC1=C(C)C2=Cc3cc4c(cc3B(O)N2C1=O)OCO4 is invalid
21:36:59 <WARN> "default" filter: CCC1=C(C)C2=Cc3cccn3[B-](F)(F)[N+]2=C1C is invalid
21:36:59 <WARN> "default" filter: CCC1=C(C)C2=Cc3cscc3B(O)N2C1=O is invalid
21:36:59 <WARN> "default" filter: CCC1=C(C)C2C(c3ccc(-c4ccc(-c5nc6c7ccccc7c7ccccc7c6n5-c5ccc(C(C)(C)C)cc5)cc4)cc3)c3c(C)c(CC)c(C)n3[B-](F)(F)[N+]2=C1C is invalid
21:36:59 <WARN> "default" filter: CCC1=C(CC)C(C)=[N+]2C1=Cc1c(C)c3cc4c(cc3n1[B-]2(F)F)=[N+]1C(=Cc2c(CC)c(CC)c(C)n2[B-]1(F)F)C=4C is invalid
21:36:59 <WARN> "default" filter: CCC1=[N+]2C(=C(c3ccc(C(OC(=O)c4ccccc4)C(=O)NC(C)(C)C)cc3)c3ccc(CC)n3[B-]2(F)F)C=C1 is invalid
21:36:59 <WARN> "default" filter: CCC1=[N+]2C(=C3c4c(Br)c(Br)c(CC)n4[B-](F)(F)[n+]4c3n(c3ccccc34)[B-]2(F)F)C=C1Br is invalid
21:36:59 <WARN> "default" filter: CCC1=[N+]2C(=C3c4cc(Br)c(CC)n4[B-](F)(F)[n+]4c3n(c3ccccc34)[B-]2(F)F)C=C1Br is invalid
21:36:59 <WARN> "default" filter: CCC1=[N+]2C(=C3c4cc(I)c(CC)n4[B-](C#CC(O)CO)(C#CC(O)CO)[n+]4c3n(c3ccccc34)[B-]2(C#CC(O)CO)C#CC(O)CO)C=C1I is invalid
21:36:59 <WARN> "default" filter: CCC1=[N+]2C(=C3c4cc(I)c(CC)n4[B-](F)(F)[n+]4c3n(c3ccccc34)[B-]2(F)F)C=C1I is invalid
21:36:59 <WARN> "default" filter: CCC1=[N+]2C(=C3c4ccc(CC)n4[B-](F)(F)[n+]4c3n(c3cc(F)ccc34)[B-]2(F)F)C=C1 is invalid
21:36:59 <WARN> "default" filter: CCC1=[N+]2C(=C3c4ccc(CC)n4[B-](F)(F)[n+]4c3n(c3cc(OC)ccc34)[B-]2(F)F)C=C1 is invalid
21:36:59 <WARN> "default" filter: CCC1=[N+]2C(=C3c4ccc(CC)n4[B-](F)(F)[n+]4c3n(c3ccccc34)[B-]2(F)F)C=C1 is invalid
21:36:59 <WARN> "default" filter: CCC1=[N+]2c3c(c4ccc(Oc5c(C)cc(C)cc5C)c5cc6c(Oc7c(C)cc(C)cc7C)ccc7c8cc(CC)n(c8c3c(c54)c67)[B-]2(F)F)=C1 is invalid
21:36:59 <WARN> "default" filter: CCCC1(CCC)c2cc(-c3ccc(C(C)(C)C)cc3)ccc2-c2ccc(-c3ccc4c(c3)C(CCC)(CCC)c3cc(-c5ccc6c(c5)C(CCC)(CCC)c5cc(-c7ccc(C(C)(C)C)cc7)ccc5-6)ccc3-4)cc21 is invalid
21:36:59 <WARN> "default" filter: CCCC1(CCC)c2cc(-c3ccc(C(C)(C)C)cc3)ccc2-c2ccc(-c3ccc4c(c3)C(CCC)(CCC)c3cc(-c5ccc6c(c5)C(CCC)(CCC)c5cc(-c7ccc8c(c7)C(CCC)(CCC)c7cc(-c9ccc(C(C)(C)C)cc9)ccc7-8)ccc5-6)ccc3-4)cc21 is invalid
21:36:59 <WARN> "default" filter: CCCC1(CCC)c2cc(-c3ccc4c(c3)C(CCC)(CCC)c3cc(-c5ccc6c(c5)C(CCC)(CCC)c5cc(C(C)(C)CC)ccc5-6)ccc3-4)ccc2-c2ccc(-c3ccc4c(c3)C(CCC)(CCC)c3cc(C(C)(C)CC)ccc3-4)cc21 is invalid
21:36:59 <WARN> "default" filter: CCCC1(CCC)c2cc(-c3nc(-c4ccc5c(c4)C(CCC)(CCC)c4cc(-c6ccc(/C=C(/C#N)C(=O)O)s6)ccc4-5)nc(-c4ccc5c(c4)C(CCC)(CCC)c4cc(N(c6ccccc6)c6ccccc6)ccc4-5)n3)ccc2-c2ccc(-c3ccc(/C=C(/C#N)C(=O)O)s3)cc21 is invalid
21:36:59 <WARN> "default" filter: CCCC1(CCC)c2cc(-c3nc(-c4ccc5c(c4)C(CCC)(CCC)c4cc(N(c6ccccc6)c6ccccc6)ccc4-5)nc(-c4ccc5c(c4)C(CCC)(CCC)c4cc(N(c6ccccc6)c6ccccc6)ccc4-5)n3)ccc2-c2ccc(-c3ccc(-c4ccc(/C=C(\C#N)C(=O)O)s4)s3)cc21 is invalid
21:36:59 <WARN> "default" filter: CCCC1(CCC)c2cc(-c3nc(-c4ccc5c(c4)C(CCC)(CCC)c4cc(N(c6ccccc6)c6ccccc6)ccc4-5)nc(-c4ccc5c(c4)C(CCC)(CCC)c4cc(N(c6ccccc6)c6ccccc6)ccc4-5)n3)ccc2-c2ccc(-c3ccc(/C=C(\C#N)C(=O)O)s3)cc21 is invalid
21:36:59 <WARN> "default" filter: CCCC1(CCC)c2ccccc2-c2c1c1c(c3c2C(CCC)(CCC)c2cc(N(c4ccc(-c5ccc(OC)cc5)cc4)c4ccc(-c5sc(/C=C(\C#N)C(=O)O)c6c5OCCO6)cc4)ccc2-3)C(CCC)(CCC)c2ccccc2-1 is invalid
21:36:59 <WARN> "default" filter: CCCC1(CCC)c2ccccc2-c2c1c1c(c3c2C(CCC)(CCC)c2cc(N(c4ccc(-c5sc(/C=C(\C#N)C(=O)O)c6c5OCCO6)cc4)c4ccc5c(c4)C(CCC)(CCC)c4c6c(c7c(c4-5)C(CCC)(CCC)c4ccccc4-7)Cc4ccccc4-6)ccc2-3)Cc2ccccc2-1 is invalid
21:36:59 <WARN> "default" filter: CCCC1(CCC)c2ccccc2-c2c1c1c(c3c2C(CCC)(CCC)c2cc(N(c4ccc(/C=C/c5ccc(/C=C(\C#N)C(=O)O)s5)cc4)c4ccc5c(c4)C(CCC)(CCC)c4c6c(c7c(c4-5)C(CCC)(CCC)c4ccccc4-7)Cc4ccccc4-6)ccc2-3)Cc2ccccc2-1 is invalid
21:36:59 <WARN> "default" filter: CCCC1(CCC)c2ccccc2-c2c1c1c(c3c2C(CCC)(CCC)c2ccc(C(c4ccc(OC)cc4)c4ccc(-c5sc(/C=C(\C#N)C(=O)O)c6c5OCCO6)cc4)cc2-3)C(CCC)(CCC)c2ccccc2-1 is invalid
21:36:59 <WARN> "default" filter: CCCC1(CCC)c2ccccc2-c2c1c1c(c3c2C(CCC)(CCC)c2ccc(N(c4ccc(OC)cc4)c4ccc(-c5sc(/C=C(\C#N)C(=O)O)c6c5OCCO6)cc4)cc2-3)C(CCC)(CCC)c2ccc(N(c3ccc(OC)cc3)c3ccc(-c4sc(/C=C(\C#N)C(=O)O)c5c4OCCO5)cc3)cc2-1 is invalid
21:36:59 <WARN> "default" filter: CCCC1(CCC)c2ccccc2-c2c1c1c(c3c2C(CCC)(CCC)c2ccccc2-3)Cc2cc(N(c3ccc(-c4sc(/C=C(\C#N)C(=O)O)c5c4OCCO5)cc3)c3ccc(-c4sc(/C=C(\C#N)C(=O)O)c5c4OCCO5)cc3)ccc2-1 is invalid
21:36:59 <WARN> "default" filter: CCCC1(CCC)c2ccccc2-c2ccc(-c3ccc4c(c3)C(CCC)(CCC)c3cc(-c5ccc6c(c5)C(CCC)(CCC)c5cc(-c7ccc8c(c7)C(CCC)(CCC)c7ccccc7-8)ccc5-6)ccc3-4)cc21 is invalid
21:36:59 <WARN> "default" filter: CCCC1(CCC)c2ccccc2-c2ccc(N(c3ccc(-c4sc(/C=C(\C#N)C(=O)O)c5c4OCCO5)cc3)c3ccc4c(c3)C(CCC)(CCC)c3c5c(c6c(c3-4)C(CCC)(CCC)c3ccccc3-6)C(CCC)(CCC)c3ccccc3-5)cc21 is invalid
21:36:59 <WARN> "default" filter: CCCC1=CC2=C(c3c(C)cc(C)cc3C)c3cc(CCC)c(-c4ccc5ccc6cccc7ccc4c5c67)n3[B-](F)(F)[N+]2=C1c1ccc2ccc3cccc4ccc1c2c34 is invalid
21:36:59 <WARN> "default" filter: CCCCC#Cc1cccc2cc(CCCC)c3cc(-c4cc[b-]5c(c4)c(CCCC)cc4cccc(C#CCCCC)[n+]54)cc[b-]3[n+]12 is invalid
21:36:59 <WARN> "default" filter: CCCCC(CC)CC1(CC(CC)CCCC)c2cc(-c3ccc(C=C(C#N)C(=O)O)o3)ccc2-c2cc3c(cc21)-c1ccc(N(c2ccccc2)c2ccccc2)cc1C3(CC(CC)CCCC)CC(CC)CCCC is invalid
21:36:59 <WARN> "default" filter: CCCCC(CC)CC1(CC(CC)CCCC)c2cc(-c3ccc(C=C(C#N)C(=O)O)s3)ccc2-c2cc3c(cc21)-c1ccc(N(c2ccccc2)c2ccccc2)cc1C3(CC(CC)CCCC)CC(CC)CCCC is invalid
21:36:59 <WARN> "default" filter: CCCCC(CC)CC1(CC(CC)CCCC)c2cc(-c3ccc(N(c4ccc(C)cc4)c4ccc(-c5ccc(-c6ccc(/C=C(\C#N)C(=O)O)s6)s5)cc4)cc3)ccc2-c2ccc(-c3ccc(N(c4ccc(C)cc4)c4ccc(-c5ccc(-c6ccc(/C=C(\C#N)C(=O)O)s6)s5)cc4)cc3)cc21 is invalid
21:36:59 <WARN> "default" filter: CCCCC(CC)CC1(CC(CC)CCCC)c2cc(-c3ccc(N(c4ccc(C)cc4)c4ccc(-c5ccc(/C=C(\C#N)C(=O)O)s5)cc4)cc3)ccc2-c2ccc(-c3ccc(N(c4ccc(C)cc4)c4ccc(-c5ccc(/C=C(\C#N)C(=O)O)s5)cc4)cc3)cc21 is invalid
21:36:59 <WARN> "default" filter: CCCCC(CC)CC1(CC(CC)CCCC)c2cc(C=C(C#N)C(=O)O)ccc2-c2cc3c(cc21)-c1ccc(N(c2ccccc2)c2ccccc2)cc1C3(CC(CC)CCCC)CC(CC)CCCC is invalid
21:36:59 <WARN> "default" filter: CCCCC(CC)CN(CC(CC)CCCC)c1ccc(-c2ccc(-c3ccc(C=C(C#N)C(=O)O)o3)c3nc4c(nc23)-c2ccccc2C2(c3ccccc3-c3ccccc32)c2ccccc2-4)cc1 is invalid
21:36:59 <WARN> "default" filter: CCCCC(CC)CN1C(=O)/C(=C2/C(=O)N(CC(CC)CCCC)C3C=C(c4ccc(/C=C(/C#N)C(=O)O)s4)C=CC23)c2ccc(-c3ccc(-c4ccc(N(c5ccc(N6c7ccccc7C=C(OC)c7ccccc76)cc5)c5ccc(N6c7ccccc7C=C(OC)c7ccccc76)cc5)cc4)s3)cc21 is invalid
21:36:59 <WARN> "default" filter: CCCCC(CC)CN1C(=O)/C(=C2/C(=O)N(CC(CC)CCCC)C3C=C(c4ccc(/C=C(/C#N)C(=O)O)s4)C=CC23)c2ccc(-c3ccc(-c4ccc(N5c6ccccc6C=C(OC)c6ccccc65)cc4)s3)cc21 is invalid
21:36:59 <WARN> "default" filter: CCCCC(CC)CN1C(=O)/C(=c2\s/c(=c3/c(=Cc4ccc5c(c4)C4CCCC4N5c4ccc(C=C(c5ccccc5)c5ccccc5)cc4)sc(=O)n3CC(=O)O)c(=O)n2CC(CC)CCCC)SC1=S is invalid
21:36:59 <WARN> "default" filter: CCCCC(CC)CN1C(=O)C2=C(c3ccc(-c4cc5c(s4)-c4ccc(N(c6ccc(C)cc6)c6ccc(C)cc6)cc4C5(c4ccc(C)cc4)c4ccc(C)cc4)s3)N(CC(CC)CCCC)C(=O)C2=C1c1ccc(-c2ccc(C(=O)O)cc2)s1 is invalid
21:36:59 <WARN> "default" filter: CCCCC(CC)CN1C(=O)C2=C(c3ccc(-c4cc5c6c7c4cccc7c4cccc7c(-c8ccc(OC)cc8)cc(c6c74)n5CC(CC)CCCC)cc3)N(CC(CC)CCCC)C(=O)C2=C1c1ccc(-c2ccc(/C=C(/C#N)C(=O)O)s2)cc1 is invalid
21:36:59 <WARN> "default" filter: CCCCC(CC)CN1C(=O)C2=C(c3ccc(-c4ccc(/C=C(\C#N)C(=O)O)o4)cc3)N(CC(CC)CCCC)C(=O)C2=C1c1ccc(-c2ccc3c(c2)c2ccccc2n3-c2ccc(C)cc2)cc1 is invalid
21:36:59 <WARN> "default" filter: CCCCC(CC)CN1C(=O)C2=C(c3ccc(-c4ccc(C5=C6C(C)=CC(C)=[N+]6[B-](F)(F)n6c(C)cc(C)c65)cc4)s3)N(CC(CC)CCCC)C(=O)C2=C1c1ccc(-c2ccc(C3=C4C(C)=CC(C)=[N+]4[B-](F)(F)n4c(C)cc(C)c43)cc2)s1 is invalid
21:36:59 <WARN> "default" filter: CCCCC(CC)CN1C(=O)C2=C(c3ccc(-c4ccc(C5=C6C(C)=CC(C)=[N+]6[B-](F)(F)n6c(C)cc(C)c65)cc4)s3)N(CC(CC)CCCC)C(=O)C2=C1c1cccs1 is invalid
21:36:59 <WARN> "default" filter: CCCCC(CC)CN1C(=O)C2=C(c3ccc(-c4ccc(C=C(C#N)C(=O)O)s4)cn3)N(CC(CC)CCCC)C(=O)C2=C1c1ccc(-c2ccc(N(c3ccc(OC)cc3)c3ccc(OC)cc3)cc2)cn1 is invalid
21:36:59 <WARN> "default" filter: CCCCC(CC)CN1C(=O)C2=C(c3ccc(-c4ccc(N(c5ccc(C)cc5)c5ccc(C)cc5)cc4)s3)N(CC(CC)CCCC)C(=O)C2=C1c1ccc(-c2ccc(C=C(C#N)C(=O)O)cc2)s1 is invalid
21:36:59 <WARN> "default" filter: CCCCC(CC)CN1C(=O)C2=C(c3ccc(-c4nc(-c5ccccc5)c(-c5ccccc5)n4-c4ccccc4)cc3)N(CC(CC)CCCC)C(=O)C2=C1c1ccc(-c2nc(-c3ccccc3)c(-c3ccccc3)n2C)cc1 is invalid
21:36:59 <WARN> "default" filter: CCCCC(CC)CN1C(=O)C2=C(c3ccc(-c4nc5c6ccccc6c6ccccc6c5n4-c4ccccc4)cc3)N(CC(CC)CCCC)C(=O)C2=C1c1ccc(-c2nc3c4ccccc4c4ccccc4c3n2C)cc1 is invalid
21:36:59 <WARN> "default" filter: CCCCC(CC)CN1C(=O)c2c(-c3ccc4c(c3)c3ccccc3n4-c3ccc(N(c4ccc(C(C)(C)C)cc4)c4ccc(C(C)(C)C)cc4)cc3)sc(-c3ccc(/C=C(\C#N)C(=O)O)o3)c2C1=O is invalid
21:36:59 <WARN> "default" filter: CCCCC(CC)CN1C(=O)c2c(-c3ccc4c(c3)c3ccccc3n4-c3ccc(N(c4ccc(C(C)(C)C)cc4)c4ccc(C(C)(C)C)cc4)cc3)sc(-c3ccc(/C=C(\C#N)C(=O)O)s3)c2C1=O is invalid
21:36:59 <WARN> "default" filter: CCCCC(CC)CN1C(=O)c2cc(Oc3ccc(C(C)(C)C)cc3)c3c4c(Cl)cc5c6c(cc(Cl)c(c7c(Oc8ccc(C(C)(C)C)cc8)cc(c2c37)C1=O)c64)C(=O)N(c1c(C(C)C)cccc1C(C)C)C5=O is invalid
21:36:59 <WARN> "default" filter: CCCCC(CC)CN1C(=O)c2cc(Oc3ccc(C(C)(C)C)cc3)c3c4c(Oc5ccc(OC)cc5)cc5c6c(cc(Oc7ccc(OC)cc7)c(c7c(Oc8ccc(C(C)(C)C)cc8)cc(c2c37)C1=O)c64)C(=O)N(c1c(C(C)C)cccc1C(C)C)C5=O is invalid
21:36:59 <WARN> "default" filter: CCCCC(CC)CN1C(=O)c2cc(Oc3ccc(C(C)(C)CC(C)(C)C)cc3)c3c4c(Oc5ccc(C(C)(C)CC(C)(C)C)cc5)cc5c6c(cc(Oc7ccc(C(C)(C)CC(C)(C)C)cc7)c(c7c(Oc8ccc(C(C)(C)CC(C)(C)C)cc8)cc(c2c37)C1=O)c64)C(=O)OC5=O is invalid
21:36:59 <WARN> "default" filter: CCCCC(CC)CN1C(=O)c2cc(Oc3ccc(OC)cc3)c3c4c(Cl)cc5c6c(cc(Cl)c(c7c(Oc8ccc(OC)cc8)cc(c2c37)C1=O)c64)C(=O)N(c1c(C(C)C)cccc1C(C)C)C5=O is invalid
21:36:59 <WARN> "default" filter: CCCCC(CC)CN1C(=O)c2cc(Oc3ccc(OC)cc3)c3c4c(Oc5ccc(C(C)(C)C)cc5)cc5c6c(cc(Oc7ccc(C(C)(C)C)cc7)c(c7c(Oc8ccc(OC)cc8)cc(c2c37)C1=O)c64)C(=O)N(c1c(C(C)C)cccc1C(C)C)C5=O is invalid
21:36:59 <WARN> "default" filter: CCCCC(CC)CN1C(=O)c2ccc3c4c(-c5ccc(-n6c7ccccc7c7ccccc76)cc5)cc5c6c(cc(-c7ccc(-n8c9ccccc9c9ccccc98)cc7)c(c7ccc(c2c37)C1=O)c64)C(=O)N(CC(CC)CCCC)C5=O is invalid
21:36:59 <WARN> "default" filter: CCCCC(CC)CN1C(=O)c2ccc3c4c(-c5ccc(-n6c7ccccc7c7ccccc76)cc5)cc5c6c(ccc(c7c(-c8ccc(-n9c%10ccccc%10c%10ccccc%109)cc8)cc(c2c37)C1=O)c64)C(=O)N(CC(CC)CCCC)C5=O is invalid
21:36:59 <WARN> "default" filter: CCCCC(CC)CN1C(=O)c2ccc3c4c(-c5ccc6c(c5)c5ccccc5n6-c5ccccc5)cc5c6c(cc(-c7ccc8c(c7)c7ccccc7n8-c7ccccc7)c(c7ccc(c2c37)C1=O)c64)C(=O)N(CC(CC)CCCC)C5=O is invalid
21:36:59 <WARN> "default" filter: CCCCC(CC)CN1C(=O)c2ccc3c4c(-c5ccc6c(c5)c5ccccc5n6-c5ccccc5)cc5c6c(ccc(c7c(-c8ccc9c(c8)c8ccccc8n9-c8ccccc8)cc(c2c37)C1=O)c64)C(=O)N(CC(CC)CCCC)C5=O is invalid
21:36:59 <WARN> "default" filter: CCCCC(CC)CN1C(=O)c2ccc3c4c(-c5ccc6c7ccccc7n(-c7ccccc7)c6c5)cc5c6c(cc(-c7ccc8c9ccccc9n(-c9ccccc9)c8c7)c(c7ccc(c2c37)C1=O)c64)C(=O)N(CC(CC)CCCC)C5=O is invalid
21:36:59 <WARN> "default" filter: CCCCC(CC)CN1C(=O)c2ccc3c4c(-c5ccc6c7ccccc7n(-c7ccccc7)c6c5)cc5c6c(ccc(c7c(-c8ccc9c%10ccccc%10n(-c%10ccccc%10)c9c8)cc(c2c37)C1=O)c64)C(=O)N(CC(CC)CCCC)C5=O is invalid
21:36:59 <WARN> "default" filter: CCCCC(CC)CN1C(=O)c2cccc3c(C#Cc4ccc(N(c5ccc(C#Cc6ccc7c8c(cccc68)C(=O)N(CC(CC)CCCC)C7=O)cc5)c5ccc(C#Cc6ccc7c8c(cccc68)C(=O)N(CC(CC)CCCC)C7=O)cc5)cc4)ccc(c23)C1=O is invalid
21:36:59 <WARN> "default" filter: CCCCC(CC)CN1c2ccc(/C=C/C(=O)O)cc2Sc2cc(/C=C/C3=CC(=C4C(=O)N(CC)C(=S)N(CC)C4=O)C=C(/C=C/c4ccc5c(c4)Sc4cc(/C=C/C(=O)O)ccc4N5CC(CC)CCCC)O3)ccc21 is invalid
21:36:59 <WARN> "default" filter: CCCCC(CC)CN1c2ccc(/C=C\C3=CC(=C4C(=O)N(CC)C(=S)N(CC)C4=O)C=C(/C=C/c4ccc5c(c4)Sc4cc(/C=C\C(=O)O)ccc4N5CC(CC)CCCC)O3)cc2Sc2cc(/C=C/C(=O)O)ccc21 is invalid
21:36:59 <WARN> "default" filter: CCCCC(CC)COc1c(OCC(CC)CCCC)c2c3sc(-c4ccc(-c5ccc6c(c5)c5ccccc5n6CC(CC)CCCC)c5nc(-c6ccc(C)s6)c(-c6csc(C)c6)nc45)cc3sc2c2sc3cc(/C=C(/C#N)C(=O)O)sc3c12 is invalid
21:36:59 <WARN> "default" filter: CCCCC(CC)COc1c(OCC(CC)CCCC)c2c3sc(-c4ccc(-c5ccc6c(c5)c5ccccc5n6CC(CC)CCCC)c5nsnc45)cc3sc2c2sc3cc(/C=C(/C#N)C(=O)O)sc3c12 is invalid
21:36:59 <WARN> "default" filter: CCCCC(CC)COc1c(OCC(CC)CCCC)c2c3sc(-c4ccc5c(c4)c4ccc(-c6cc7sc8c9sc%10cc(/C=C(/C#N)C(=O)O)sc%10c9c(OCC(CC)CCCC)c(OCC(CC)CCCC)c8c7s6)cc4n5CC(CC)CCCC)cc3sc2c2sc3cc(/C=C(/C#N)C(=O)O)sc3c12 is invalid
21:36:59 <WARN> "default" filter: CCCCC(CC)COc1cc(OCC(CC)CCCC)c2c#cc3ccc4c(c3)c3cc(c#cc5cc(c#cc6ccc7c(c6)c6cc(c#cc1c2)ccc6n7CC(CC)CCCC)c(C(CCCC)OCCC)cc5C(CCCC)OCCC)ccc3n4CC(CC)CCCC is invalid
21:36:59 <WARN> "default" filter: CCCCC(CC)COc1cc(OCC(CC)CCCC)c2c#cc3ccc4oc5ccc(c#cc6cc(c#cc7ccc8oc9ccc(c#cc1c2)cc9c8c7)c(C(CCCC)OCCC)cc6C(CCCC)OCCC)cc5c4c3 is invalid
21:36:59 <WARN> "default" filter: CCCCC(CC)COc1cc(OCC(CC)CCCC)c2c#cc3ccc4sc5ccc(c#cc6cc(c#cc7ccc8sc9ccc(c#cc1c2)cc9c8c7)c(C(CCCC)OCCC)cc6C(CCCC)OCCC)cc5c4c3 is invalid
21:36:59 <WARN> "default" filter: CCCCC(CC)COc1cc(OCCC(CC)CCC)cc(-c2ccc(N(c3ccc(-c4cc5c(s4)-c4sc(-c6ccc(-c7ccc(/C=C(\C#N)C(=O)O)cc7)c7nc(-c8ccccc8)c(-c8ccccc8)nc67)cc4C5(CC(CC)CCCC)CC(CC)CCCC)cc3)c3ccc(-c4ccc(OCC(CC)CCCC)cc4OCC(CC)CCCC)cc3)cc2)c1 is invalid
21:36:59 <WARN> "default" filter: CCCCC(CC)COc1cc(OCCC(CC)CCC)cc(-c2ccc(N(c3ccc(-c4ccc(-c5ccc(-c6ccc(/C=C(\C#N)C(=O)O)cc6)c6nc(-c7ccccc7)c(-c7ccccc7)nc56)s4)cc3)c3ccc(-c4ccc(OCC(CC)CCCC)cc4OCC(CC)CCCC)cc3)cc2)c1 is invalid
21:36:59 <WARN> "default" filter: CCCCC(CC)COc1ccc(-c2c3cccc4c(-c5ccc(/C=C(\C#N)C(=O)O)s5)cc5c(-c6ccc(OCC(CC)CCCC)cc6)c6cccc7c(-c8ccc(/C=C(\C#N)C(=O)O)s8)cc2c(c76)c5c43)cc1 is invalid
21:36:59 <WARN> "default" filter: CCCCC(CC)COc1ccc(-c2c3cccc4c(-c5ccc(/C=C(\C#N)C(=O)O)s5)cc5c(-c6ccc(OCC(CC)CCCC)cc6)c6cccc7c(-c8ccc(N(c9ccc(C)cc9)c9ccc(C)cc9)cc8)cc2c(c76)c5c43)cc1 is invalid
21:36:59 <WARN> "default" filter: CCCCC(CC)COc1ccc(-c2cc3c(s2)c2c4nsnc4c4c5sc(C#Cc6ccc(-c7ccc(C(=O)O)cc7)c7nsnc67)cc5n(CC(CC)CCCC)c4c2n3CC(CC)CCCC)cc1 is invalid
21:36:59 <WARN> "default" filter: CCCCC(CC)COc1ccc(-c2cc3c4c5c2cccc5c2cccc5c(-c6ccc(-c7ccc(-c8ccc(/C=C(\C#N)C(=O)O)s8)c8nc(-c9ccccc9)c(-c9ccccc9)nc78)s6)cc(c4c52)n3CC(CC)CCCC)cc1 is invalid
21:36:59 <WARN> "default" filter: CCCCC(CC)COc1ccc(-c2ccc(C(=Cc3ccc(N4c5ccc(-c6cnc(-c7cc8c(s7)-c7sc(/C=C(\C#N)C(=O)O)cc7C8(CC(CC)CCCC)CC(CC)CCCC)c7nc(-c8ccccc8)c(-c8ccccc8)nc67)cc5C5CCCC54)cc3)c3ccc(-c4ccc(OCC(CC)CCCC)cc4OCC(CC)CCCC)cc3)cc2)c(OCC(CC)CCCC)c1 is invalid
21:36:59 <WARN> "default" filter: CCCCC(CC)COc1ccc(-c2ccc(C(=Cc3ccc(N4c5ccc(-c6cnc(-c7sc(/C=C(\C#N)C(=O)O)c8c7OCCO8)c7nc(-c8ccccc8)c(-c8ccccc8)nc67)cc5C5CCCC54)cc3)c3ccc(-c4ccc(OCC(CC)CCCC)cc4OCC(CC)CCCC)cc3)cc2)c(OCC(CC)CCCC)c1 is invalid
21:36:59 <WARN> "default" filter: CCCCC(CC)COc1ccc(-c2ccc(N(c3ccc(-c4cc5c(s4)-c4sc(-c6ccc(-c7ccc(/C=C(\C#N)C(=O)O)s7)c7nsnc67)cc4C5(CC(CC)CCCC)CC(CC)CCCC)cc3)c3ccc(-c4ccc(OCC(CC)CCCC)cc4OCC(CC)CCCC)cc3)cc2)c(OCC(CC)CCCC)c1 is invalid
21:36:59 <WARN> "default" filter: CCCCC(CC)COc1ccc(-c2ccc(N(c3ccc(-c4cc5c(s4)-c4sc(-c6ccc(-c7ccc(C=C(C#N)C(=O)O)cc7)c7nc(-c8ccccc8)c(-c8ccccc8)nc67)cc4C5(CCC(CC)CCC)CC(CC)CCCC)cc3)c3ccc(-c4ccc(OCC(CC)CCCC)cc4OCC(CC)CCCC)cc3)cc2)c(OCC(CC)CCCC)c1 is invalid
21:36:59 <WARN> "default" filter: CCCCC(CC)COc1ccc(-c2ccc(N(c3ccc(-c4ccc(-c5ccc(-c6ccc(C=C(C#N)C(=O)O)cc6)c6nc(-c7ccccc7)c(-c7ccccc7)nc56)s4)cc3)c3ccc(-c4ccc(OCC(CC)CCCC)cc4OCC(CC)CCCC)cc3)cc2)c(OCC(CC)CCCC)c1 is invalid
21:36:59 <WARN> "default" filter: CCCCC(CC)COc1ccc(-c2ccc(N(c3ccc(-c4ccc(OCC(CC)CCCC)cc4OCC(CC)CCCC)cc3)c3ccc(-c4ccc(-c5cc6c(s5)-c5sc(-c7ccc(/C=C(\C#N)C(=O)O)cc7)cc5C6(CC(CC)CCCC)CC(CC)CCCC)c5nsnc45)cc3)cc2)c(OCC(CC)CCCC)c1 is invalid
21:36:59 <WARN> "default" filter: CCCCC(CC)COc1ccc(N(c2ccc(OCC(CC)CCCC)cc2)c2ccc(-c3cc4c(s3)-c3sc(C=C(C#N)c5ccc(C(=O)O)cc5)cc3[Si]4(CC(CC)CCCC)CC(CC)CCCC)cc2)cc1 is invalid
21:36:59 <WARN> "default" filter: CCCCC(CC)COc1ccc(N(c2ccc(OCC(CC)CCCC)cc2)c2ccc(-c3ccc(-c4ccc(C=C(C#N)C(=O)O)o4)c4nc5c(nc34)-c3ccccc3C3(c4ccccc4-c4ccccc43)c3ccccc3-5)cc2)cc1 is invalid
21:36:59 <WARN> "default" filter: CCCCC(CC)COc1ccc(N(c2ccc(OCC(CC)CCCC)cc2)c2ccc(-c3ccc(-c4sc(-c5ccc(-c6ccc(/C=C(\C#N)C(=O)O)cc6)s5)c5c4C(=O)N(CC(CC)CCCC)C5=O)s3)cc2)cc1 is invalid
21:36:59 <WARN> "default" filter: CCCCC(CC)C[Ge]1(CC(CC)CCCC)c2cc(-c3ccc(N(c4ccccc4)c4ccccc4)cc3)sc2-c2sc(-c3cnc(-c4ccc(/C=C(/C#N)C(=O)O)s4)c4nsnc34)cc21 is invalid
21:36:59 <WARN> "default" filter: CCCCC(CC)C[Ge]1(CC(CC)CCCC)c2cc(-c3ccc(N(c4ccccc4)c4ccccc4)cc3)sc2-c2sc(-c3cnc(-c4ccc(C(=O)O)s4)c4nsnc34)cc21 is invalid
21:36:59 <WARN> "default" filter: CCCCC(CC)Cc1cc(-c2ccc(-c3cc(CC(CC)CCCC)c(-c4ccc(-c5ccc(N(c6ccccc6)c6ccccc6)cc5)s4)s3)c3nsnc23)sc1-c1ccc(-c2ccc(/C=C(\C#N)C(=O)O)cc2)s1 is invalid
21:36:59 <WARN> "default" filter: CCCCC(CC)Cc1cc(-c2sc(-c3sc(-c4ccc(N(c5ccccc5)c5ccccc5)cc4)c4c3NC3=C(N4)c4cccc5cccc3c45)cc2CC(CC)CCCC)sc1/C=C(\C#N)C(=O)O is invalid
21:36:59 <WARN> "default" filter: CCCCC(CC)Cc1cc(C)sc1-c1nc2c3cc(-c4ccc(/C=C(\C#N)C(=O)O)s4)sc3c3sc(-c4ccc(-c5ccc(N(c6ccccc6)c6ccccc6)cc5)s4)cc3c2nc1-c1sc(C)cc1CC(CC)CCCC is invalid
21:36:59 <WARN> "default" filter: CCCCC(CC)Cc1cc(C)sc1-c1nc2c3cc(-c4ccc(N(c5ccccc5)c5ccccc5)cc4)sc3c3sc(-c4ccc(/C=C(\C#N)C(=O)O)s4)cc3c2nc1-c1sc(C)cc1CC(CC)CCCC is invalid
21:36:59 <WARN> "default" filter: CCCCC(CC)Cc1cc(C)sc1-c1nc2c3cc(/C=C(\C#N)C(=O)O)sc3c3sc(-c4ccc(-c5ccc(N(c6ccccc6)c6ccccc6)cc5)s4)cc3c2nc1-c1sc(C)cc1CC(CC)CCCC is invalid
21:36:59 <WARN> "default" filter: CCCCC(CC)Cc1cc(C)sc1-c1nc2c3cc(/C=C(\C#N)C(=O)O)sc3c3sc(-c4ccc(N(c5ccccc5)c5ccccc5)cc4)cc3c2nc1-c1sc(C)cc1CC(CC)CCCC is invalid
21:36:59 <WARN> "default" filter: CCCCC(CC)Cn1c2cc(-c3ccc(/C=C(\C#N)C(=O)O)s3)ccc2c2nc3c(-c4ccc(N(c5ccccc5)c5ccccc5)cc4)ccc(-c4ccc(N(c5ccccc5)c5ccccc5)cc4)c3nc21 is invalid
21:36:59 <WARN> "default" filter: CCCCC(CC)Cn1c2cc(-c3ccc(/C=c4\sc(=C(C#N)C#N)[nH]c4=O)o3)ccc2c2nc3c(-c4ccc(N(c5ccccc5)c5ccccc5)cc4)ccc(-c4ccc(N(c5ccccc5)c5ccccc5)cc4)c3nc21 is invalid
21:36:59 <WARN> "default" filter: CCCCC(CC)Cn1c2cc(C#N)ccc2c2ccc(C#Cc3cc(C#Cc4ccc5c6ccc(C#N)cc6n(CC(CC)CCCC)c5c4)c4ccc5c(C#Cc6ccc7c8ccc(C#N)cc8n(CC(CC)CCCC)c7c6)cc(C#Cc6ccc7c8ccc(C#N)cc8n(CC(CC)CCCC)c7c6)c6ccc3c4c65)cc21 is invalid
21:36:59 <WARN> "default" filter: CCCCC(CC)Cn1c2cc(C#N)ccc2c2ccc(C#Cc3ccc4ccc5c(C#Cc6ccc7c8ccc(C#N)cc8n(CC(CC)CCCC)c7c6)cc(C#Cc6ccc7c8ccc(C#N)cc8n(CC(CC)CCCC)c7c6)c6ccc3c4c56)cc21 is invalid
21:36:59 <WARN> "default" filter: CCCCC(CC)Cn1c2ccc(-c3ccc(-c4ccc(/C=C(\C#N)C(=O)O)s4)s3)cc2c2cc3c4cc(-c5ccc(-c6ccc(/C=C(\C#N)C(=O)O)s6)s5)ccc4n(CC(CC)CCCC)c3cc21 is invalid
21:36:59 <WARN> "default" filter: CCCCC(CC)Cn1c2ccc(C(=C(C#N)C#N)c3ccccc3)cc2c2c(-c3ccc(Br)cc3)c3c(c(-c4ccc(Br)cc4)c21)c1cc(C(=C(C#N)C#N)c2ccccc2)ccc1n3CC(CC)CCCC is invalid
21:36:59 <WARN> "default" filter: CCCCC(CC)Cn1c2ccccc2c2c(-c3ccc(-c4ccc(/C=C(\C#N)C(=O)O)s4)cc3)c3c(c(-c4ccc(-c5ccc(N(c6ccccc6)c6ccccc6)cc5)cc4)c21)c1ccccc1n3CC(CC)CCCC is invalid
21:36:59 <WARN> "default" filter: CCCCC1(CCCC)CC(=CC=C(C)c2ccc(C=C(C#N)C(=O)O)s2)c2ccc(N(c3ccc4c(c3)C(CCCC)(CCCC)c3cc(-c5ccc(C=C(C#N)C(=O)O)s5)ccc3-4)c3ccc4c(c3)c3ccccc3n4CC)cc21 is invalid
21:36:59 <WARN> "default" filter: CCCCC1(CCCC)c2cc(-c3cc4c(s3)c3sc(/C=C(/C#N)C(=O)O)cc3n4-c3ccc4c(c3)C(CCCC)(CCCC)c3ccccc3-4)ccc2-c2ccc(N(c3ccccc3)c3ccccc3)cc21 is invalid
21:36:59 <WARN> "default" filter: CCCCC1(CCCC)c2cc(-c3cc4c(s3)c3sc(/C=C(\C#N)C(=O)O)cc3n4-c3ccc4c(c3)C(CCCC)(CCCC)c3ccccc3-4)ccc2-c2ccc(N(c3ccccc3)c3ccccc3)cc21 is invalid
21:36:59 <WARN> "default" filter: CCCCC1(CCCC)c2cc(-c3ccc(-c4ccc(C=C(C#N)C(=O)O)s4)s3)ccc2-c2ccc(N(c3ccc4c(c3)C(CCCC)(CCCC)c3cc(-c5ccc(-c6ccc(CC=C(C#N)C(=O)O)s6)s5)ccc3-4)c3ccc4c(c3)c3ccccc3n4CC)cc21 is invalid
21:36:59 <WARN> "default" filter: CCCCC1(CCCC)c2cc(/C=C(\C#N)C(=O)O)ccc2-c2ccc(N(c3ccc(OC(COC(C(F)(F)F)(C(F)(F)F)C(F)(F)F)(COC(C(F)(F)F)(C(F)(F)F)C(F)(F)F)COC(C(F)(F)F)(C(F)(F)F)C(F)(F)F)cc3)c3ccc4c(c3)C(CCCC)(CCCC)c3cc(/C=C(\C#N)C(=O)O)ccc3-4)cc21 is invalid
21:36:59 <WARN> "default" filter: CCCCC1(CCCC)c2cc(/C=C(\C#N)C(=O)O)ccc2-c2ccc(N(c3ccc(OCCCC(F)(F)C(F)(F)C(F)(F)C(F)(F)C(F)(F)C(F)(F)C(F)(F)C(F)(F)F)cc3)c3ccc4c(c3)C(CCCC)(CCCC)c3cc(/C=C(\C#N)C(=O)O)ccc3-4)cc21 is invalid
21:36:59 <WARN> "default" filter: CCCCC1(CCCC)c2cc(/C=C/c3ccc(N(c4ccccc4)c4ccccc4)cc3)ccc2-c2cc3c(cc21)-c1ccc(/C=C/c2ccc(N(c4ccccc4)c4ccccc4)cc2)cc1C3(CCCC)CCCC is invalid
21:36:59 <WARN> "default" filter: CCCCC1(CCCC)c2ccccc2-c2ccc(-c3c4c(nc5ccccc35)-c3cc5c(cc3CC4)-c3nc4ccccc4c(-c4ccc6c(c4)C(CCCC)(CCCC)c4ccccc4-6)c3CC5)cc21 is invalid
21:36:59 <WARN> "default" filter: CCCCC1(CCCC)c2ccccc2-c2ccc(-n3c4ccsc4c4sc(-c5cc6c(s5)c5sc(/C=C(\C#N)C(=O)O)cc5n6-c5ccc6c(c5)C(CCCC)(CCCC)c5ccccc5-6)cc43)cc21 is invalid
21:36:59 <WARN> "default" filter: CCCCC1(CCCC)c2ccccc2-c2ccc(N3c4ccc(-c5ccc(/C=c6/sc(=O)n(CC(=O)O)/c6=c6\sc(=C(C#N)C#N)n(CCCCCCCC(=O)O)c6=O)s5)cc4C4CCCC43)cc21 is invalid
21:36:59 <WARN> "default" filter: CCCCC1=C(CCCC)c2ccccc2B2Nc3ccccc3C=C21 is invalid
21:36:59 <WARN> "default" filter: CCCCC1=Cc2c3ccc4cccc5ccc(c6cc(-c7ccc(N(c8ccccc8)c8ccccc8)cc7)n(c26)P1(=O)c1ccccc1)c3c45 is invalid
21:36:59 <WARN> "default" filter: CCCCC1=Cc2c3ccc4cccc5ccc(c6cc(-c7ccccc7)n(c26)P1(=O)c1ccccc1)c3c45 is invalid
21:36:59 <WARN> "default" filter: CCCCC1C(=O)c2cc(Oc3ccc(C(C)(C)C)cc3)c3c4c(Oc5ccc(C(C)(C)C)cc5)cc5c6c(cc(Oc7ccc(C(C)(C)C)cc7)c(c7c(Oc8ccc(C(C)(C)C)cc8)cc(c2c37)C1=O)c64)C1=C(C5=O)c2ccc3ccccc3[n+]2[B-](F)(F)O1 is invalid
21:36:59 <WARN> "default" filter: CCCCCC(CC)C1(C(CC)CCCCC)c2ccccc2-c2ccc(C#Cc3cc(C#Cc4ccc5c(c4)C(C(CC)CCCCC)(C(CC)CCCCC)c4ccccc4-5)c4ccc5c(C#Cc6ccc7c(c6)C(C(CC)CCCCC)(C(CC)CCCCC)c6ccccc6-7)cc(C#Cc6ccc7c(c6)C(C(CC)CCCCC)(C(CC)CCCCC)c6ccccc6-7)c6ccc3c4c65)cc21 is invalid
21:36:59 <WARN> "default" filter: CCCCCC(CC)COc1ccc(-c2ccc(/C(=C\c3ccc(N4c5ccc(-c6ncc(-c7ccc(/C=C(\C#N)C(=O)O)s7)c7nccnc67)cc5C5CCCC54)cc3)c3ccc(-c4ccc(OCC(CC)CCCCC)cc4OC(CC)CCCCC)cc3)cc2)c(OCC(CC)CCCCC)c1 is invalid
21:36:59 <WARN> "default" filter: CCCCCC(CC)N1C(=O)C2=C(c3ccc(-c4ccc5c6c(-c7ccccc7)c7c(c(-c8ccccc8)c6n(C(CC)CCCCC)c5c4)c4ccccc4n7C(CC)CCCCC)cc3)N(C(CC)CCCCC)C(=O)C2=C1c1ccc(-c2ccc(/C=C(\C#N)C(=O)O)cc2)cc1 is invalid
21:36:59 <WARN> "default" filter: CCCCCC(CCCCC)N1C(=O)c2c(Oc3c(-c4ccccc4)cccc3-c3ccccc3)cc3c4cc(Oc5c(-c6ccccc6)cccc5-c5ccccc5)c5c6c(c(Oc7c(-c8ccccc8)cccc7-c7ccccc7)cc(c7cc(Oc8c(-c9ccccc9)cccc8-c8ccccc8)c(c2c37)C1=O)c64)C(=O)N(C(CCCCC)CCCCC)C5=O is invalid
21:36:59 <WARN> "default" filter: CCCCCC1=C2C(C)=C(c3ccc(N(c4ccccc4)c4ccccc4)cc3)C(C)=[N+]2[B-](F)(F)n2c(C)c(/C=C(/C#N)C(=O)O)c(C)c21 is invalid
21:36:59 <WARN> "default" filter: CCCCCC1=C2C(C)=C(c3ccc4c(c3)Sc3ccccc3N4CCCCCCN3c4ccccc4Sc4cc(C5=C(C)C6=C(CCCCC)c7c(C)c(-c8ccc(/C=C(\C#N)C(=O)O)s8)c(C)n7[B-](F)(F)[N+]6=C5C)ccc43)C(C)=[N+]2[B-](F)(F)n2c(C)c(/C=C(\C#N)C(=O)O)c(C)c21 is invalid
21:36:59 <WARN> "default" filter: CCCCCC1=C2C(C)=C(c3ccc4c(c3)Sc3ccccc3N4CCCCCCN3c4ccccc4Sc4cc(C5=C(C)C6=C(CCCCC)c7c(C)c(/C=C(\C#N)C(=O)O)c(C)n7[B-](F)(F)[N+]6=C5C)ccc43)C(C)=[N+]2[B-](F)(F)n2c(C)c(/C=C(\C#N)C(=O)O)c(C)c21 is invalid
21:36:59 <WARN> "default" filter: CCCCCC1=C2C(C)=C(c3ccc4c(c3)c3ccccc3n4-c3ccc(OC)cc3)C(C)=[N+]2[B-](F)(F)n2c(C)c(/C=C(\C#N)C(=O)O)c(C)c21 is invalid
21:36:59 <WARN> "default" filter: CCCCCC1=C2C(C)=C(c3ccc4c(c3)c3ccccc3n4-c3ccc(OC)cc3)C(C)=[N+]2[B-](F)(F)n2c(C)c(C=C(C#N)C(=O)O)c(C)c21 is invalid
21:36:59 <WARN> "default" filter: CCCCCC1=C2C(C)=C(c3ccc4c5cc(OC)ccc5n(CCC)c4c3)C(C)=[N+]2[B-](F)(F)n2c(C)c(-c3ccc(/C=C(\C#N)C(=O)O)o3)c(C)c21 is invalid
21:36:59 <WARN> "default" filter: CCCCCC1=C2C(C)=C(c3ccc4c5ccccc5n(-c5ccc(OC)cc5)c4c3)C(C)=[N+]2[B-](F)(F)n2c(C)c(/C=C(\C#N)C(=O)O)c(C)c21 is invalid
21:36:59 <WARN> "default" filter: CCCCCC1=C2C(C)=C(c3ccc4c5ccccc5n(-c5ccc(OC)cc5)c4c3)C(C)=[N+]2[B-](F)(F)n2c(C)c(C=C(C#N)C(=O)O)c(C)c21 is invalid
21:36:59 <WARN> "default" filter: CCCCCC1c2c(C)c(-c3ccc(/C=C(/C#N)C(=O)O)o3)c(C)n2[B-](F)(F)[N+]2=C(C)C(c3ccc4c(c3)Sc3cc(C5=C(C)C6C(CCCCC)c7c(C)c(-c8ccc(/C=C(\C#N)C(=O)O)o8)c(C)n7[B-](F)(F)[N+]6=C5C)ccc3N4CCC)=C(C)C12 is invalid
21:36:59 <WARN> "default" filter: CCCCCC1c2c(C)c(-c3ccc(/C=C(/C#N)C(=O)O)o3)c(C)n2[B-](F)(F)[N+]2=C(C)C(c3ccc4c(c3)Sc3ccccc3N4CCC)=C(C)C12 is invalid
21:36:59 <WARN> "default" filter: CCCCCC1c2c(C)c(-c3ccc(C=C4SC(=S)N(CC(=O)O)C4=O)o3)c(C)n2[B-](F)(F)[N+]2=C(C)C(c3ccc4c(c3)Sc3ccccc3N4CCC)=C(C)C12 is invalid
21:36:59 <WARN> "default" filter: CCCCCC1c2c(C)c(-c3ccc(C=C4SC(=S)N(CC(=O)O)C4=O)s3)c(C)n2[B-](F)(F)[N+]2=C(C)C(c3ccc4c(c3)Sc3ccccc3N4CCC)=C(C)C12 is invalid
21:36:59 <WARN> "default" filter: CCCCCC1c2c(C)c(/C=C(\C#N)C(=O)O)c(C)n2[B-](F)(F)[N+]2=C(C)C(c3ccc4c(c3)Sc3cc(C5=C(C)C6C(CCCCC)c7c(C)c(/C=C(\C#N)C(=O)O)c(C)n7[B-](F)(F)[N+]6=C5C)ccc3N4CCC)=C(C)C12 is invalid
21:36:59 <WARN> "default" filter: CCCCCC1c2c(C)c(C)cn2[B-](F)(F)[N+]2=C(C)C(c3ccc(N(c4ccccc4)c4ccccc4)cc3)=C(C)C12 is invalid
21:36:59 <WARN> "default" filter: CCCCCC1c2c(C)c(C=C(C#N)C(=O)O)c(C)n2[B-](F)(F)[N+]2=C(C)C(c3ccc(N(c4ccccc4)c4ccccc4)cc3)=C(C)C12 is invalid
21:36:59 <WARN> "default" filter: CCCCCCC(CCCC)COc1ccc(N(c2ccc(OCC(CCCC)CCCCCC)cc2)c2ccc3c4ccc(C#Cc5ccc(-c6ccc(C(=O)O)cc6)c6cscc56)c5cccc(c6cccc2c63)c54)cc1 is invalid
21:36:59 <WARN> "default" filter: CCCCCCC(CCCC)COc1ccc(N(c2ccc(OCC(CCCC)CCCCCC)cc2)c2ccc3c4ccc(C#Cc5ccc(C=C(C#N)C(=O)O)s5)c5cccc(c6cccc2c63)c54)cc1 is invalid
21:36:59 <WARN> "default" filter: CCCCCCC(CCCC)Cc1cc(/C=C(\C#N)C(=O)O)sc1-c1cc2c3nonc3c3cc(-c4sc(-c5ccc(N(c6ccccc6)c6ccccc6)cc5)cc4CC(CCCC)CCCCCC)sc3c2s1 is invalid
21:36:59 <WARN> "default" filter: CCCCCCC(CCCC)Cc1cc(/C=C(\C#N)C(=O)O)sc1-c1cc2c3nonc3c3cc(-c4sc(-c5ccc6c(c5)Sc5ccccc5N6CC)cc4CC(CCCC)CCCCCC)sc3c2s1 is invalid
21:36:59 <WARN> "default" filter: CCCCCCC(CCCC)Cc1cc(/C=C(\C#N)C(=O)O)sc1-c1cc2c3nonc3c3cc(-c4sc(-c5ccc6c(c5)c5ccccc5n6CC)cc4CC(CCCC)CCCCCC)sc3c2s1 is invalid
21:36:59 <WARN> "default" filter: CCCCCCC(CCCCCC)N1C(=O)c2cccc3c(-c4ccc([Si](C)(C)C)cc4)ccc(c23)C1=O is invalid
21:36:59 <WARN> "default" filter: CCCCCCC1(CCCCCC)COc2c(/C=C(\C#N)C(=O)O)sc(-c3sc(-c4ccc(N(c5ccccc5)c5ccccc5)cc4)c4c3OCC(CCCCCC)(CCCCCC)CO4)c2OC1 is invalid
21:36:59 <WARN> "default" filter: CCCCCCC1(CCCCCC)c2cc(-c3cc4c(s3)c3sc(/C=C(/C#N)C(=O)O)cc3n4-c3ccc(N(c4ccc(C)cc4)c4ccc(C)cc4)cc3)ccc2-c2ccc(-c3cc4c(s3)c3sc(/C=C(\C#N)C(=O)O)cc3n4-c3ccc(N(c4ccc(C)cc4)c4ccc(C)cc4)cc3)cc21 is invalid
21:36:59 <WARN> "default" filter: CCCCCCC1(CCCCCC)c2cc(-c3cc4c(s3)c3sc(/C=C(/C#N)C(=O)O)cc3n4-c3ccc(OC)cc3)ccc2-c2ccc(-c3cc4c(s3)c3sc(/C=C(\C#N)C(=O)O)cc3n4-c3ccc(OC)cc3)cc21 is invalid
21:36:59 <WARN> "default" filter: CCCCCCC1(CCCCCC)c2cc(-c3cc4c(s3)c3sc(/C=C(\C#N)C(=O)O)cc3n4-c3ccc(N(c4ccc(C)cc4)c4ccc(C)cc4)cc3)ccc2-c2ccc(-c3cc4c(s3)c3sc(/C=C(\C#N)C(=O)O)cc3n4-c3ccc(N(c4ccc(C)cc4)c4ccc(C)cc4)cc3)cc21 is invalid
21:36:59 <WARN> "default" filter: CCCCCCC1(CCCCCC)c2cc(-c3cc4c(s3)c3sc(/C=C(\C#N)C(=O)O)cc3n4-c3ccc(OC)cc3)ccc2-c2ccc(-c3cc4c(s3)c3sc(/C=C(\C#N)C(=O)O)cc3n4-c3ccc(OC)cc3)cc21 is invalid
21:36:59 <WARN> "default" filter: CCCCCCC1(CCCCCC)c2cc(-c3ccc(-n4c(/C=C/c5ccc(N(c6ccccc6)c6ccccc6)cc5)ccc4/C=C(\C#N)C(=O)O)cc3)ccc2-c2ccc(-c3ccc(-n4c(/C=C/c5ccc(N(c6ccccc6)c6ccccc6)cc5)ccc4/C=C(\C#N)C(=O)O)cc3)cc21 is invalid
21:36:59 <WARN> "default" filter: CCCCCCC1(CCCCCC)c2cc(-c3ccc(/C=C(\C#N)C(=O)O)s3)ccc2-c2c1c1c(c3c2C(CCCCCC)(CCCCCC)c2cc(N(c4ccc(OC)cc4)c4ccc(OC)cc4)ccc2-3)C(CCCCCC)(CCCCCC)c2cc(N(c3ccc(OC)cc3)c3ccc(OC)cc3)ccc2-1 is invalid
21:36:59 <WARN> "default" filter: CCCCCCC1(CCCCCC)c2cc(-c3ccc(/C=C(\C#N)C(=O)O)s3)ccc2-c2c1c1c(c3c2C(CCCCCC)(CCCCCC)c2cc(N(c4ccccc4)c4ccccc4)ccc2-3)C(CCCCCC)(CCCCCC)c2cc(N(c3ccccc3)c3ccccc3)ccc2-1 is invalid
21:36:59 <WARN> "default" filter: CCCCCCC1(CCCCCC)c2cc(-c3ccc(/C=C/C4=CC(=C(C#N)C#N)C=C(/C=C/c5ccc(-c6ccc(C=C(C#N)C(=O)O)s6)s5)O4)cc3)ccc2-c2ccc(-n3c4ccc(C(C)(C)C)cc4c4cc(C(C)(C)C)ccc43)cc21 is invalid
21:36:59 <WARN> "default" filter: CCCCCCC1(CCCCCC)c2cc(-c3ccc(/C=C/C4=CC(=C(C#N)C#N)C=C(/C=C/c5ccc(-c6ccc(C=CC(=O)O)s6)s5)O4)cc3)ccc2-c2ccc(-n3c4ccc(C(C)(C)C)cc4c4cc(C(C)(C)C)ccc43)cc21 is invalid
21:36:59 <WARN> "default" filter: CCCCCCC1(CCCCCC)c2cc(-c3ccc(N(c4ccc(-c5ccc(-c6ccc(-c7ccc(/C=C(\C#N)C(=O)O)s7)s6)s5)cc4)c4ccc(-c5ccc6c(c5)C(CCCCCC)(CCCCCC)c5cc(-n7c8ccc(C(C)(C)C)cc8c8cc(C(C)(C)C)ccc87)ccc5-6)s4)s3)ccc2-c2ccc(-n3c4ccc(C(C)(C)C)cc4c4cc(C(C)(C)C)ccc43)cc21 is invalid
21:36:59 <WARN> "default" filter: CCCCCCC1(CCCCCC)c2cc(-c3ccc(N(c4ccc(-c5ccc(OCCCC)cc5OCCCC)cc4)c4ccc(-c5ccc(OCCCC)cc5OCCCC)cc4)cc3)sc2-c2sc(-c3ccc(/C=C(\C#N)C(=O)O)c(F)c3)cc21 is invalid
21:36:59 <WARN> "default" filter: CCCCCCC1(CCCCCC)c2cc(-c3ccc(N(c4ccccc4)c4ccccc4)cc3)ccc2-c2c1c1c(c3c2C(CCCCCC)(CCCCCC)c2cc(-c4ccc(/C=C(\C#N)C(=O)O)s4)ccc2-3)C(CCCCCC)(CCCCCC)c2cc(-c3ccc(/C=C(\C#N)C(=O)O)s3)ccc2-1 is invalid
21:36:59 <WARN> "default" filter: CCCCCCC1(CCCCCC)c2cc(-c3ccc(N(c4ccccc4)c4ccccc4)cc3)ccc2-c2c1c1c(c3c2C(CCCCCC)(CCCCCC)c2cc(-c4ccc(/C=C(\C#N)C(=O)O)s4)ccc2-3)C(CCCCCC)(CCCCCC)c2cc(-c3ccc(N(c4ccccc4)c4ccccc4)cc3)ccc2-1 is invalid
21:36:59 <WARN> "default" filter: CCCCCCC1(CCCCCC)c2cc(-c3ccc(N(c4ccccc4)c4ccccc4)cc3)ccc2-c2c1c1c(c3c2C(CCCCCC)(CCCCCC)c2cc(-c4ccc(/C=C5\ON(CC(=O)O)C(=S)S5)s4)ccc2-3)C(CCCCCC)(CCCCCC)c2cc(-c3ccc(N(c4ccccc4)c4ccccc4)cc3)ccc2-1 is invalid
21:36:59 <WARN> "default" filter: CCCCCCC1(CCCCCC)c2cc(-c3ccncc3)sc2-c2cc(-c3ccc(N(c4ccc(-c5ccc(OCCCC)cc5OCCCC)cc4)c4ccc(-c5ccc(OCCCC)cc5OCCCC)cc4)cc3)sc21 is invalid
21:36:59 <WARN> "default" filter: CCCCCCC1(CCCCCC)c2cc(-c3nc(-c4ccc5c(c4)C(CCCCCC)(CCCCCC)c4cc(N6c7ccccc7Oc7ccccc76)ccc4-5)nc(-c4ccc5c(c4)C(CCCCCC)(CCCCCC)c4cc(N6c7ccccc7Oc7ccccc76)ccc4-5)n3)ccc2-c2ccc(N3c4ccccc4Oc4ccccc43)cc21 is invalid
21:36:59 <WARN> "default" filter: CCCCCCC1(CCCCCC)c2cc(-c3nc(-c4ccc5c(c4)C(CCCCCC)(CCCCCC)c4cc(N6c7ccccc7Sc7ccccc76)ccc4-5)nc(-c4ccc5c(c4)C(CCCCCC)(CCCCCC)c4cc(N6c7ccccc7Sc7ccccc76)ccc4-5)n3)ccc2-c2ccc(N3c4ccccc4Sc4ccccc43)cc21 is invalid
21:36:59 <WARN> "default" filter: CCCCCCC1(CCCCCC)c2cc(-c3nc4cc(-c5ccc(/C=C(\C#N)C(=O)O)cc5)cnc4nc3-c3ccc4c(c3)C(CCCCCC)(CCCCCC)c3cc(N(c5ccccc5)c5ccccc5)ccc3-4)ccc2-c2ccc(N(c3ccccc3)c3ccccc3)cc21 is invalid
21:36:59 <WARN> "default" filter: CCCCCCC1(CCCCCC)c2cc(-c3nc4cc(-c5ccc(/C=C(\C#N)C(=O)O)s5)cnc4nc3-c3ccc4c(c3)C(CCCCCC)(CCCCCC)c3cc(N(c5ccccc5)c5ccccc5)ccc3-4)ccc2-c2ccc(N(c3ccccc3)c3ccccc3)cc21 is invalid
21:36:59 <WARN> "default" filter: CCCCCCC1(CCCCCC)c2cc(-c3nc4cc5c(cc4nc3-c3ccc4c(c3)C(CCCCCC)(CCCCCC)c3cc(N(c6ccccc6)c6ccccc6)ccc3-4)C(CCCCCC)(CCCCCC)c3cc(-c4ccc(/C=C(\C#N)C(=O)O)cc4)ccc3-5)ccc2-c2ccc(N(c3ccccc3)c3ccccc3)cc21 is invalid
21:36:59 <WARN> "default" filter: CCCCCCC1(CCCCCC)c2cc(/C=C(\C#N)C(=O)O)sc2-c2sc(-c3ccc(N(c4ccc(-c5ccc(OCCCC)cc5OCCCC)cc4)c4ccc(-c5ccc(OCCCC)cc5OCCCC)cc4)c4nsnc34)cc21 is invalid
21:36:59 <WARN> "default" filter: CCCCCCC1(CCCCCC)c2cc(/C=C(\C#N)C(=O)O)sc2-c2sc(-c3ccc4c(c3)Sc3cc(-c5cc6c(s5)-c5sc(/C=C(\C#N)C(=O)O)cc5C6(CCCCCC)CCCCCC)ccc3N4c3ccc(C(=C(c4ccccc4)c4ccccc4)c4ccccc4)cc3)cc21 is invalid
21:36:59 <WARN> "default" filter: CCCCCCC1(CCCCCC)c2cc(/C=C/c3ccc(N(c4ccc(-c5ccc(OCCCC)cc5OCCCC)cc4)c4ccc(-c5ccc(OCCCC)cc5OCCCC)cc4)cc3)sc2-c2sc(/C=C(\C#N)C(=O)O)cc21 is invalid
21:36:59 <WARN> "default" filter: CCCCCCC1(CCCCCC)c2cc(C#Cc3ccc(C4=[N+]5C(=Nc6c(-c7ccccc7)cc(-c7ccc(C#Cc8ccc9c(c8)C(CCCCCC)(CCCCCC)c8cc([N+](=O)[O-])ccc8-9)cc7)n6[B-]5(F)F)C(c5ccccc5)=C4)cc3)ccc2-c2ccc([N+](=O)[O-])cc21 is invalid
21:37:00 <WARN> "default" filter: CCCCCCC1(CCCCCC)c2ccc(N(c3ccccc3)c3ccccc3)cc2-c2c1c1c(c3c2C(CCCCCC)(CCCCCC)c2cc(N(c4ccccc4)c4ccccc4)ccc2-3)C(CCCCCC)(CCCCCC)c2ccc(C=C(C#N)C(=O)O)cc2-1 is invalid
21:37:00 <WARN> "default" filter: CCCCCCC1(CCCCCC)c2ccccc2-c2ccc(C#Cc3ccc(N(c4ccc(C#Cc5ccc6c(c5)C(CCCCCC)(CCCCCC)c5ccccc5-6)cc4)c4ccc(C=C(C#N)C(=O)O)cc4)cc3)cc21 is invalid
21:37:00 <WARN> "default" filter: CCCCCCC1(CCCCCC)c2ccccc2-c2ccc(N(/C3=c4\cc/c5n4[Zn]n4c(ccc4/C(c4cc(C(C)(C)C)cc(C(C)(C)C)c4)=C4/C=CC3=N4)/C(C#Cc3ccc(C(=O)O)cc3)=C3/C=CC(=N3)/C=5c3cc(C(C)(C)C)cc(C(C)(C)C)c3)c3ccc4c(c3)C(CCCCCC)(CCCCCC)c3ccccc3-4)cc21 is invalid
21:37:00 <WARN> "default" filter: CCCCCCC1(CCCCCC)c2ccccc2-c2ccc(N(c3ccc(-c4ccc(C=C5SC(=S)N(CC(=O)O)C5=O)o4)cc3)c3ccc4c(c3)C(CCCCCC)(CCCCCC)c3ccccc3-4)cc21 is invalid
21:37:00 <WARN> "default" filter: CCCCCCC1(CCCCCC)c2ccsc2-c2sc(-c3cc4c(s3)-c3sc(-c5cc6c(s5)-c5sc(/C=C(/C#N)C(=O)O)cc5C6(CCCCCC)CCCCCC)cc3C4(CCCCCC)CCCCCC)cc21 is invalid
21:37:00 <WARN> "default" filter: CCCCCCC1=C2C(C)=C(c3ccc(-c4nc(-c5ccc(OC)cc5)c(-c5ccc(OC)cc5)n4CC)cc3)C(C)=[N+]2[B-](F)(F)n2c(C)c(C=C(C#N)C(=O)O)c(C)c21 is invalid
21:37:00 <WARN> "default" filter: CCCCCCC1=C2C(C)=C(c3ccc(-c4nc(-c5ccc(OC)cc5)c(-c5ccc(OC)cc5)n4CC)s3)C(C)=[N+]2[B-](F)(F)n2c(C)c(C=C(C#N)C(=O)O)c(C)c21 is invalid
21:37:00 <WARN> "default" filter: CCCCCCC1=CC(C=O)(/C=C(\C#N)C(=O)O)SC1=c1cc(CCCCCC)c(=C2C=C(CCCCCC)C(c3cc4ccc(N(c5ccc6c(c5)C(C)(C)c5ccccc5-6)c5ccc6c(c5)C(C)(C)c5ccccc5-6)cc4s3)S2)s1 is invalid
21:37:00 <WARN> "default" filter: CCCCCCCCC(CCCCCC)COc1ccc(-c2cc3c4c5c2cccc5c2cccc5c(C#Cc6ccc(-c7ccc(C(=O)O)cc7)c7nsnc67)cc(c4c52)n3CC(CCCCCC)CCCCCCCC)cc1 is invalid
21:37:00 <WARN> "default" filter: CCCCCCCCC(CCCCCC)Cn1c2c3ccc(-c4ccc(N(c5ccc(OCCCCCC)cc5)c5ccc(OCCCCCC)cc5)cc4)cc3sc2c2sc3cc(-c4ccc(-c5ccc(/C=C(\C#N)C(=O)O)s5)c5nsnc45)ccc3c21 is invalid
21:37:00 <WARN> "default" filter: CCCCCCCCC(CCCCCC)Cn1c2c3ccc(-c4ccc(N(c5ccccc5)c5ccccc5)cc4)cc3sc2c2sc3cc(-c4ccc(-c5ccc(/C=C(\C#N)C(=O)O)s5)c5nsnc45)ccc3c21 is invalid
21:37:00 <WARN> "default" filter: CCCCCCCCC(CCCCCC)Cn1c2c3ccc(-c4sc(/C=C(\C#N)C(=O)O)cc4CCCCCC)cc3sc2c2sc3cc(-c4sc(/C=C(\C#N)C(=O)O)cc4CCCCCC)ccc3c21 is invalid
21:37:00 <WARN> "default" filter: CCCCCCCCC(CCCCCC)Cn1c2cc(-c3ccc(-c4ccc(C(=O)O)cc4)c4nsnc34)c3cccc4c5cccc6c(N(c7ccc(OCCCCCC)cc7)c7ccc(OCCCCCC)cc7)cc1c(c65)c2c34 is invalid
21:37:00 <WARN> "default" filter: CCCCCCCCC(CCCCCC)Cn1c2cc(C#Cc3ccc(-c4ccc(C(=O)O)cc4)c4nsnc34)c3cccc4c5cccc6c(-c7ccc8c(c7)-c7ccccc7C8(CC(CCCCCC)CCCCCCCC)CC(CCCCCC)CCCCCCCC)cc1c(c65)c2c34 is invalid
21:37:00 <WARN> "default" filter: CCCCCCCCC(CCCCCC)Cn1c2cc(C#Cc3ccc(-c4ccc(C(=O)O)cc4)c4nsnc34)c3cccc4c5cccc6c(N(c7ccc(OCCCCCC)cc7)c7ccc(OCCCCCC)cc7)cc1c(c65)c2c34 is invalid
21:37:00 <WARN> "default" filter: CCCCCCCCC(CCCCCC)Cn1c2cc(C#Cc3ccc(C#Cc4ccc(C(=O)O)cc4)c4nsnc34)c3cccc4c5cccc6c(N(c7ccc(OCCCCC)cc7)c7ccc(OCCCCCC)cc7)cc1c(c65)c2c34 is invalid
21:37:00 <WARN> "default" filter: CCCCCCCCC(CCCCCC)Cn1c2cc(C=C(C#N)C(=O)O)c3cccc4c5cccc6c(N(c7ccc(OCCCCCC)cc7)c7ccc(OCCCCCC)cc7)cc1c(c65)c2c34 is invalid
21:37:00 <WARN> "default" filter: CCCCCCCCC(CCCCCC)Cn1c2ccccc2c2cc(-c3cc4c5c6c3cccc6c3cccc6c(C#Cc7ccc(-c8ccc(C(=O)O)cc8)c8nsnc78)cc(c5c63)n4CC(CCCCCC)CCCCCCCC)ccc21 is invalid
21:37:00 <WARN> "default" filter: CCCCCCCCC(CCCCCCCC)n1c2ccc(-c3ccc(-c4ccc(-c5ccc(/C=C(/C#N)C(=O)O)s5)s4)s3)cc2c2cc(-c3ccc(-c4ccc(-c5ccc(/C=C(\C#N)C(=O)O)s5)s4)s3)ccc21 is invalid
21:37:00 <WARN> "default" filter: CCCCCCCCC(CCCCCCCC)n1c2ccc(-c3ccc(-c4ccc(-c5ccc(/C=C(\C#N)C(=O)O)s5)s4)s3)cc2c2cc(-c3ccc(-c4ccc(-c5ccc(/C=C(\C#N)C(=O)O)s5)s4)s3)ccc21 is invalid
21:37:00 <WARN> "default" filter: CCCCCCCCC1(CCCCCCCC)c2cc(-c3ccc(N(c4ccc(C)cc4)c4ccc(-c5ccc(-c6ccc(/C=C(\C#N)C(=O)O)s6)s5)cc4)cc3)ccc2-c2ccc(-c3ccc(N(c4ccc(C)cc4)c4ccc(-c5ccc(-c6ccc(/C=C(\C#N)C(=O)O)s6)s5)cc4)cc3)cc21 is invalid
21:37:00 <WARN> "default" filter: CCCCCCCCC1(CCCCCCCC)c2cc(-c3ccc(N(c4ccc(C)cc4)c4ccc(-c5ccc(/C=C(\C#N)C(=O)O)s5)cc4)cc3)ccc2-c2ccc(-c3ccc(N(c4ccc(C)cc4)c4ccc(-c5ccc(/C=C(\C#N)C(=O)O)s5)cc4)cc3)cc21 is invalid
21:37:00 <WARN> "default" filter: CCCCCCCCC1(CCCCCCCC)c2cc(-c3ccc([Si](C)(C)C)cc3)ccc2-c2ccc(-c3ccc([Si](C)(C)C)cc3)cc21 is invalid
21:37:00 <WARN> "default" filter: CCCCCCCCC1(CCCCCCCC)c2cc(/C=C(/C#N)C(=O)O)sc2-c2sc(-c3ccc(-c4ccc5c(c4)[C@H]4CCC[C@H]4N5c4ccc(C)cc4)c4nc(-c5ccc(OC)cc5)c(-c5ccc(OC)cc5)nc34)cc21 is invalid
21:37:00 <WARN> "default" filter: CCCCCCCCC1(CCCCCCCC)c2cc(/C=C(\C#N)C(=O)O)sc2-c2sc(-c3ccc(-c4ccc5c(c4)C4CCCC4N5c4ccc(C)cc4)c4nc(-c5ccc(OC)cc5)c(-c5ccc(OC)cc5)nc34)cc21 is invalid
21:37:00 <WARN> "default" filter: CCCCCCCCC1(CCCCCCCC)c2cc(/C=C(\C#N)C(=O)O)sc2-c2sc(-c3ccc(-c4ccc5c(c4)C4CCCC4N5c4ccc(C)cc4)c4nc5c6ccccc6c6ccccc6c5nc34)cc21 is invalid
21:37:00 <WARN> "default" filter: CCCCCCCCC1(CCCCCCCC)c2cc(/C=C(\C#N)C(=O)O)sc2-c2sc(-c3ccc(-c4ccc5c(c4)[C@H]4CCC[C@H]4N5c4ccc(C)cc4)c4nc(-c5ccccc5)c(-c5ccccc5)nc34)cc21 is invalid
21:37:00 <WARN> "default" filter: CCCCCCCCC1(CCCCCCCC)c2cc(/C=C(\C#N)C(=O)O)sc2-c2sc(-c3ccc(-c4ccc5c(c4)[C@H]4CCC[C@H]4N5c4ccc(C)cc4)c4nc5c6ccccc6c6ccccc6c5nc34)cc21 is invalid
21:37:00 <WARN> "default" filter: CCCCCCCCC1(CCCCCCCC)c2cc(C#Cc3ccc(N(c4ccccc4)c4ccccc4)cc3)ccc2-c2ccc(C#Cc3ccc4c(c3)C(CCCCCCCC)(CCCCCCCC)c3cc(C=C(C#N)C(=O)O)ccc3-4)cc21 is invalid
21:37:00 <WARN> "default" filter: CCCCCCCCC1(CCCCCCCC)c2cc3c(cc2-c2sc(-c4ccc(/C=C5\SC(=S)N(CC)C5=O)c5nsnc45)cc21)C(CCCCCCCC)(CCCCCCCC)c1cc(-c2ccc(/C=C4\SC(=S)N(CC)C4=O)c4nsnc24)sc1-3 is invalid
21:37:00 <WARN> "default" filter: CCCCCCCCC1(CCCCCCCC)c2cc3c(cc2-c2sc(-c4ccc(/C=C5\SC(SCC)=NC5=O)c5nsnc45)cc21)C(CCCCCCCC)(CCCCCCCC)c1cc(-c2ccc(/C=C4\SC(SCC)=NC4=O)c4nsnc24)sc1-3 is invalid
21:37:00 <WARN> "default" filter: CCCCCCCCC1(CCCCCCCC)c2ccccc2-c2ccc(-c3cc(-c4ccc5c(c4)sc4c6ccc(-c7cc(C)c(C=C(C#N)C(=O)O)s7)cc6sc54)sc3-c3ccc4c(c3)C(CCCCCCCC)(CCCCCCCC)c3ccccc3-4)cc21 is invalid
21:37:00 <WARN> "default" filter: CCCCCCCCC1(CCCCCCCC)c2ccccc2-c2ccc(-c3ccc4c(c3)Sc3cc(-c5ccc6c(c5)C(CCCCCCCC)(CCCCCCCC)c5ccccc5-6)ccc3N4c3ccc4c(c3)sc3c5ccc(-c6cc(C)c(C=C(C#N)C(=O)O)s6)cc5sc43)cc21 is invalid
21:37:00 <WARN> "default" filter: CCCCCCCCC1(CCCCCCCC)c2ccccc2-c2ccc(C#Cc3ccc4c(c3)C(=O)c3cc(C#Cc5ccc6c(c5)C(CCCCCCCC)(CCCCCCCC)c5ccccc5-6)ccc3-4)cc21 is invalid
21:37:00 <WARN> "default" filter: CCCCCCCCC1(CCCCCCCC)c2ccccc2-c2ccc(C#Cc3ccc4c(c3)Cc3cc(C#Cc5ccc6c(c5)C(CCCCCCCC)(CCCCCCCC)c5ccccc5-6)ccc3-4)cc21 is invalid
21:37:00 <WARN> "default" filter: CCCCCCCCC1(CCCCCCCC)c2ccccc2-c2ccc(N(c3ccc4c(c3)C(CCCCCCCC)(CCCCCCCC)c3ccccc3-4)c3ccc4c(c3)sc3c5ccc(-c6cc(C)c(C=C(C#N)C(=O)O)s6)cc5sc43)cc21 is invalid
21:37:00 <WARN> "default" filter: CCCCCCCCC1(CCCCCCCC)c2ccsc2-c2sc(-c3ccc(-c4cc5c(s4)-c4sc(/C=C(\C#N)C(=O)O)cc4C5C(CCCCCCC)CCCCCCC)c4nc(-c5ccccc5)c(-c5ccccc5)nc34)cc21 is invalid
21:37:00 <WARN> "default" filter: CCCCCCCCCC1(CCCCCCCCC)c2cc(C#Cc3ccc(/C=C/c4ccc(N(CCCCCCCC)CCCCCCCC)cc4)cc3)ccc2-c2ccc(C#Cc3ccc(/C=C/c4ccc(N(CCCCCCCC)CCCCCCCC)cc4)cc3)cc21 is invalid
21:37:00 <WARN> "default" filter: CCCCCCCCCCC(CCCCCCCC)CN1C(=O)C2=C(c3ccc(-c4cccc(C)c4-c4ccc5ccccc5n4)s3)N(CC(CCCCCCCC)CCCCCCCCCC)C(=O)C2=C1c1cccs1 is invalid
21:37:00 <WARN> "default" filter: CCCCCCCCCCC(CCCCCCCC)CN1C(=O)C2=C(c3ccc(-c4sc(-c5ccc(N(c6ccccc6)c6ccccc6)cc5)c5c4OCCO5)s3)N(CC(CCCCCCCC)CCCCCCCCCC)C(=O)C2=C1c1ccc(-c2ccc(/C=C(/C#N)C(=O)O)s2)s1 is invalid
21:37:00 <WARN> "default" filter: CCCCCCCCCCC(CCCCCCCCCC)Cn1c2cc(-c3ccc(C(C)(C)C)cc3)c3cccc4c5ccc6c7cc(-c8cc(C(C)(C)C)cc(C(C)(C)C)c8)n8c7c(c7cc1c(c5c76)c2c34)=C1C=CC(c2cc(C(C)(C)C)cc(C(C)(C)C)c2)=[N+]1[B-]8(F)F is invalid
21:37:00 <WARN> "default" filter: CCCCCCCCCCC1(CCCCCCCCCC)c2cc(-c3nc4ccccc4s3)ccc2-c2ccc(N3C(=O)c4ccc5c6ccc7c8c(ccc(c9ccc(c4c59)C3=O)c86)C(=O)N(c3ccc4c(c3)C(CCCCCCCCCC)(CCCCCCCCCC)c3cc(-c5nc6ccccc6s5)ccc3-4)C7=O)cc21 is invalid
21:37:00 <WARN> "default" filter: CCCCCCCCCCC1(CCCCCCCCCC)c2cc(N3C(=O)c4ccc5c6ccc7c8c(ccc(c9ccc(c4c59)C3=O)c86)C(=O)N(c3ccc4c(c3)C(CCCCCCCCCC)(CCCCCCCCCC)c3cc(N(c5ccccc5)c5ccccc5)ccc3-4)C7=O)ccc2-c2ccc(N(c3ccccc3)c3ccccc3)cc21 is invalid
21:37:00 <WARN> "default" filter: CCCCCCCCCCCC#CC#CCCCCCCCCCN1C(=O)c2ccc3c4ccc5c6c(ccc(c7ccc(c2c37)C1=O)c64)C(=O)N(CCCCCCCCCC#CC#CCCCCCCCCCCCC)C5=O is invalid
21:37:00 <WARN> "default" filter: CCCCCCCCCCCCC#CC#CCCCCCCCCCNC(=O)c1ccc(/C2=C3\C=CC(=N3)/C(c3ccc(C(=O)NCCCCCCCCCC#CC#CCCCCCCCCCCCC)cc3)=c3/cc/c4n3[Zn]n3c(ccc32)/C(c2ccc(C(=O)O)cc2)=C2/C=CC(=N2)/C=4c2ccc(C(=O)NCCCCCCCCCC#CC#CCCCCCCCCCCCC)cc2)cc1 is invalid
21:37:00 <WARN> "default" filter: CCCCCCCCCCCCC(CCCCCCCCCC)Cn1c2cc(/C=C/C=C/c3nc4ccccc4s3)c3cccc4c5cccc6c(/C=C/C=C/c7nc8ccccc8s7)cc1c(c65)c2c34 is invalid
21:37:00 <WARN> "default" filter: CCCCCCCCCCCCC1(CCCCCCCCCCCC)c2cc(/C=C(\C#N)C(=O)O)sc2-c2sc(-c3sc(-c4ccc(N(c5ccc(-c6ccc(OCCCCCC)cc6OCCCCCC)cc5)c5ccc(-c6ccc(OCCCCCC)cc6OCCCCCC)cc5)cc4)c4c3OCCO4)cc21 is invalid
21:37:00 <WARN> "default" filter: CCCCCCCCCCCCC1(CCCCCCCCCCCC)c2cc(/C=C(\C#N)C(=O)O)sc2-c2sc(-c3sc(-c4sc(-c5ccc(N(c6ccc(-c7ccc(OCCCCCC)cc7OCCCCCC)cc6)c6ccc(-c7ccc(OCCCCCC)cc7OCCCCCC)cc6)cc5)c5c4OCCO5)c4c3OCCO4)cc21 is invalid
21:37:00 <WARN> "default" filter: CCCCCCCCCCCCC1(CCCCCCCCCCCC)c2cc(/C=C3/SC(=S)C(CC(=O)O)C3=O)sc2-c2sc(-c3ccc(N(c4ccc(-c5ccc(-c6ccc(OCCCCCC)cc6)s5)cc4)c4ccc(-c5ccc(-c6ccc(OCCCCCC)cc6)s5)cc4)cc3)cc21 is invalid
21:37:00 <WARN> "default" filter: CCCCCCCCCCCCC1(CCCCCCCCCCCC)c2cc(C=C(C#N)C(=O)O)sc2-c2sc(-c3ccc(N(c4ccc(OCCCCCC)cc4)c4ccc(OCCCCCC)cc4)cc3)cc21 is invalid
21:37:00 <WARN> "default" filter: CCCCCCCCCCCCCCCCCCOC(=O)/C=C/C1=CC2=C(c3c(C)cc(C)cc3C)c3cc(/C=C/C(=O)OCCCCCCCCCCCCCCCCCC)cn3[B-](F)(F)[N+]2=C1 is invalid
21:37:00 <WARN> "default" filter: CCCCCCCCCCCCCCCCCCOC(=O)/C=C/C1=CC2=C(c3c(C)cc(C)cc3C)c3cccn3[B-](F)(F)[N+]2=C1 is invalid
21:37:00 <WARN> "default" filter: CCCCCCCCCCCCCCCCCCOc1ccc([B-]23NC(c4ccccc4)=Nc4cccc([n+]42)N=C(c2ccccc2)N3)cc1 is invalid
21:37:00 <WARN> "default" filter: CCCCCCCCCCCCCCCCN(CCCCCCCCCCCCCCCC)c1ccc(/C=C/c2cc[n+](Cc3cc(C[n+]4ccc(/C=C/c5ccc(N(CCCCCCCCCCCCCCCC)CCCCCCCCCCCCCCCC)cc5)cc4)cc(C[n+]4ccc(/C=C/c5ccc(N(CCCCCCCCCCCCCCCC)CCCCCCCCCCCCCCCC)cc5)cc4)c3)cc2)cc1 is invalid
21:37:00 <WARN> "default" filter: CCCCCCCCCCCCCCCCn1c(-c2cc(-c3nc4ccc(C)cc4n3CCCCCCCCCCCCCCCC)cc(-c3nc4ccc(C)cc4n3CCCCCCCCCCCCCCCC)c2)nc2ccc(C)cc21 is invalid
21:37:00 <WARN> "default" filter: CCCCCCCCCCCCCCCCn1c(-c2cc(-c3nc4ccccc4n3CCCCCCCCCCCCCCCC)cc(-c3nc4ccccc4n3CCCCCCCCCCCCCCCC)c2)nc2ccccc21 is invalid
21:37:00 <WARN> "default" filter: CCCCCCCCCCCCCCCc1c(-c2ccc(C=C(C#N)C(=O)O)s2)sc2c1sc1c3sc(-c4ccc(-c5ccc(N(c6ccccc6)c6ccccc6)cc5)s4)c(CCCCCCCCCCCCCCC)c3sc21 is invalid
21:37:00 <WARN> "default" filter: CCCCCCCCCCCCCCCc1c(-c2ccc(N(c3ccccc3)c3ccccc3)cc2)sc2c1sc1c3sc(-c4ccc(C=C(C#N)C(=O)O)s4)c(CCCCCCCCCCCCCCC)c3sc21 is invalid
21:37:00 <WARN> "default" filter: CCCCCCCCCCCCCCCc1c(C=C(C#N)C(=O)O)sc2c1sc1c3sc(-c4ccc(N(c5ccccc5)c5ccccc5)cc4)c(CCCCCCCCCCCCCCC)c3sc21 is invalid
21:37:00 <WARN> "default" filter: CCCCCCCCCCCCCCn1c(-c2cc(-c3nc4ccc(C)cc4n3CCCCCCCCCCCCCC)cc(-c3nc4ccc(C)cc4n3CCCCCCCCCCCCCC)c2)nc2ccc(C)cc21 is invalid
21:37:00 <WARN> "default" filter: CCCCCCCCCCCCCCn1c(-c2cc(-c3nc4ccccc4n3CCCCCCCCCCCCCC)cc(-c3nc4ccccc4n3CCCCCCCCCCCCCC)c2)nc2ccccc21 is invalid
21:37:00 <WARN> "default" filter: CCCCCCCCCCCCCOc1ccc(N(c2ccc3c(c2)C(CCCC)(CCCC)c2cc(/C=C(\C#N)C(=O)O)ccc2-3)c2ccc3c(c2)C(CCCC)(CCCC)c2cc(/C=C(\C#N)C(=O)O)ccc2-3)cc1 is invalid
21:37:00 <WARN> "default" filter: CCCCCCCCCCCCN1B2c3c4c(cc(-c5ccccc5)c5cccc1c54)cc1cc(-c4ccccc4)c4cccc(c4c31)N2CCCCCCCCCCCC is invalid
21:37:00 <WARN> "default" filter: CCCCCCCCCCCCN1C(=O)c2ccc3c4c(-c5ccc(C#N)cc5)cc5c6c(ccc(c7c(-c8ccc(C#N)cc8)cc(c2c37)C1=O)c64)C(=O)N(CCCCCCCCCCCC)C5=O is invalid
21:37:00 <WARN> "default" filter: CCCCCCCCCCCCN1C(=O)c2ccc3c4c(-c5ccc(C(F)(F)F)cc5)cc5c6c(ccc(c7c(-c8ccc(C(F)(F)F)cc8)cc(c2c37)C1=O)c64)C(=O)N(CCCCCCCCCCCC)C5=O is invalid
21:37:00 <WARN> "default" filter: CCCCCCCCCCCCN1C(=O)c2ccc3c4c(-c5cccc([N+](=O)[O-])c5)cc5c6c(ccc(c7c(-c8cccc([N+](=O)[O-])c8)cc(c2c37)C1=O)c64)C(=O)N(CCCCCCCCCCCC)C5=O is invalid
21:37:00 <WARN> "default" filter: CCCCCCCCCCCCN1c2ccc(/C=C(\C#N)C(=O)O)cc2Sc2cc(-c3ccc(-c4ccc5c(c4)Sc4cc(/C=C(\C#N)C(=O)O)ccc4N5CCCCCCCCCCCC)c4nsnc34)ccc21 is invalid
21:37:00 <WARN> "default" filter: CCCCCCCCCCCCNc1cccc2[n+]1[B-](F)(F)n1c(c3cccc4cccc1c43)=N2 is invalid
21:37:00 <WARN> "default" filter: CCCCCCCCCCCCOc1cc(/C2=C3\C=CC(=N3)/C(C#Cc3ccc(C(=O)O)cc3)=c3/cc/c4n3[Zn]n3c(ccc32)/C=C2/C=CC(=N2)/C=4c2cc(OCCCCCCCCCCCC)c(OCCCCCCCCCCCC)c(OCCCCCCCCCCCC)c2)cc(OCCCCCCCCCCCC)c1OCCCCCCCCCCCC is invalid
21:37:00 <WARN> "default" filter: CCCCCCCCCCCCOc1cc(/C=C/c2ccc3c(c2)C(CC)(CC)c2cc(N4c5ccccc5Sc5ccccc54)ccc2-3)c(OCCCCCCCCCCCC)cc1/C=C/c1ccc2c(c1)C(CC)(CC)c1cc(N3c4ccccc4Sc4ccccc43)ccc1-2 is invalid
21:37:00 <WARN> "default" filter: CCCCCCCCCCCCOc1cc(C(=O)Nc2ccc(-c3ccc4c(c3)C(=O)c3cc(-c5ccc(NC(=O)c6cc(OCCCCCCCCCCCC)c(OCCCCCCCCCCCC)c(OCCCCCCCCCCCC)c6)cc5)ccc3-4)cc2)cc(OCCCCCCCCCCCC)c1OCCCCCCCCCCCC is invalid
21:37:00 <WARN> "default" filter: CCCCCCCCCCCCOc1cc(OCCCCCCCCCCCC)cc(/C2=C3\C=CC(=N3)/C(C#Cc3ccc(N(C)C)cc3)=c3/cc/c4n3[Zn]n3c(ccc32)/C(C#Cc2ccc(-c3ccc(C(=O)O)cc3)c3nsnc23)=C2/C=CC(=N2)/C=4c2c(OCCCCCCCCCCCC)cccc2OCCCCCCCCCCCC)c1 is invalid
21:37:00 <WARN> "default" filter: CCCCCCCCCCCCOc1cc(OCCCCCCCCCCCC)cc(C2=c3ccc4n3[Zn]n3c(ccc3C(c3ccccc3OCCCCCCCCCCCC)=C3C=CC(=N3)C=4C#Cc3ccc(C(=O)O)cc3)C(C#Cc3c(OCCCCCC)cc(-n4c5ccccc5c5ccccc54)cc3OCCCCCC)=C3C=CC2=N3)c1 is invalid
21:37:00 <WARN> "default" filter: CCCCCCCCCCCCOc1cc2c(cc1OCCCCCCCCCCCC)C1=C3C(=O)N4C=Cc5cc(OCCCCCCCCCCCC)c(OCCCCCCCCCCCC)cc5C4=C3C(=O)N1C=C2 is invalid
21:37:00 <WARN> "default" filter: CCCCCCCCCCCCOc1ccc(-c2nc3c(-c4cc5c(s4)-c4sc(/C=C(\C#N)C(=O)O)cc4[Si]5(CC(CC)CCCC)CC(CC)CCCC)cnc(-c4ccc5c(c4)C4CCCC4N5c4ccc(C)cc4)c3nc2-c2ccc(OCCCCCCCCCCCC)cc2)cc1 is invalid
21:37:00 <WARN> "default" filter: CCCCCCCCCCCCOc1ccc(/C2=C3\C=CC(=N3)/C(c3ccc(C(=O)O)cc3)=c3/cc/c4n3[Zn]n3c(ccc32)/C(C#Cc2ccc(N(CCCCCCCCCCCC)CCCCCCCCCCCC)cc2)=C2/C=CC(=N2)/C=4c2ccc(OCCCCCCCCCCCC)cc2)cc1 is invalid
21:37:00 <WARN> "default" filter: CCCCCCCCCCCCOc1ccc(/C2=C3\C=CC(=N3)/C(c3ccc(C(=O)O)cc3)=c3/cc/c4n3[Zn]n3c(ccc32)/C(C(=C(C#N)C#N)C(=C(C#N)C#N)c2ccc(N(CCCCCCCCCCCC)CCCCCCCCCCCC)cc2)=C2/C=CC(=N2)/C=4c2ccc(OCCCCCCCCCCCC)cc2)cc1 is invalid
21:37:00 <WARN> "default" filter: CCCCCCCCCCCCOc1ccc(C#CC(C#Cc2ccc(OCCCCCCCCCCCC)cc2)=Cc2cc(C=C(C#Cc3ccc(OCCCCCCCCCCCC)cc3)C#Cc3ccc(OCCCCCCCCCCCC)cc3)cc(C=C(C#Cc3ccc(OCCCCCCCCCCCC)cc3)C#Cc3ccc(OCCCCCCCCCCCC)cc3)c2)cc1 is invalid
21:37:00 <WARN> "default" filter: CCCCCCCCCCCCOc1ccc(C#Cc2ccc(C#Cc3ccc(OCCCCCCCCCCCC)c(OCCCCCCCCCCCC)c3)c3nc4c5ccccc5c5ccccc5c4nc23)cc1OCCCCCCCCCCCC is invalid
21:37:00 <WARN> "default" filter: CCCCCCCCCCCCOc1ccc(C2=C3C(=O)N(CC(OCC)OCC)C(c4ccc(OCCCCCCCCCCCC)c(OCCCCCCCCCCCC)c4)=C3C(=O)N2CC(OCC)OCC)cc1OCCCCCCCCCCCC is invalid
21:37:00 <WARN> "default" filter: CCCCCCCCCCCCOc1cccc(OCCCCCCCCCCCC)c1-c1c2nc(c(C#Cc3ccc(N(C)C)cc3)c3ccc([nH]3)c(-c3c(OCCCCCCCCCCCC)cccc3OCCCCCCCCCCCC)c3nc(c(C#Cc4ccc(C(=O)O)cc4)c4ccc1[nH]4)C=C3)C=C2 is invalid
21:37:00 <WARN> "default" filter: CCCCCCCCCCCCOc1cccc(OCCCCCCCCCCCC)c1/C1=C2\C=CC(=N2)/C(C#CC(=O)O)=c2/cc/c3n2[Zn]n2c(ccc21)/C(C#Cc1ccc(N(C)C)cc1)=C1/C=CC(=N1)/C=3c1c(OCCCCCCCCCCCC)cccc1OCCCCCCCCCCCC is invalid
21:37:00 <WARN> "default" filter: CCCCCCCCCCCCOc1cccc(OCCCCCCCCCCCC)c1/C1=C2\C=CC(=N2)/C(C#Cc2c(CCCCCC)cc(-c3ccc(C(=O)O)cc3)c3nsnc23)=c2/cc/c3n2[Zn]n2c(ccc21)/C(C#Cc1ccc2c(c1)Sc1cc(-c4ccc(OCCCCCC)cc4)ccc1N2CCCCCC)=C1/C=CC(=N1)/C=3c1c(OCCCCCCCCCCCC)cccc1OCCCCCCCCCCCC is invalid
21:37:00 <WARN> "default" filter: CCCCCCCCCCCCOc1cccc(OCCCCCCCCCCCC)c1/C1=C2\C=CC(=N2)/C(C#Cc2c(CCCCCCC)c(CCCCCCC)c(-c3ccc(C(=O)O)cc3)c3nsnc23)=c2/cc/c3n2[Zn]n2c(ccc21)/C(C#Cc1ccc2c(c1)Sc1cc(-c4ccc(OCCCCCC)cc4)ccc1N2CCCCCC)=C1/C=CC(=N1)/C=3c1c(OCCCCCCCCCCCC)cccc1OCCCCCCCCCCCC is invalid
21:37:00 <WARN> "default" filter: CCCCCCCCCCCCOc1cccc(OCCCCCCCCCCCC)c1/C1=C2\C=CC(=N2)/C(C#Cc2c(OCCCCCCC)c(OCCCCCCC)c(-c3ccc(C(=O)O)cc3)c3nsnc23)=c2/cc/c3n2[Zn]n2c(ccc21)/C(C#Cc1ccc2c(c1)Sc1cc(-c4ccc(OCCCCCC)cc4)ccc1N2CCCCCC)=C1/C=CC(=N1)/C=3c1c(OCCCCCCCCCCCC)cccc1OCCCCCCCCCCCC is invalid
21:37:00 <WARN> "default" filter: CCCCCCCCCCCCOc1cccc(OCCCCCCCCCCCC)c1/C1=C2\C=CC(=N2)/C(C#Cc2c3ccccc3c(C#Cc3ccc(N(C)C)cc3)c3ccccc23)=c2/cc/c3n2[Zn]n2c(ccc21)/C(C#Cc1ccc(C(=O)O)cc1)=C1/C=CC(=N1)/C=3c1c(OCCCCCCCCCCCC)cccc1OCCCCCCCCCCCC is invalid
21:37:00 <WARN> "default" filter: CCCCCCCCCCCCOc1cccc(OCCCCCCCCCCCC)c1/C1=C2\C=CC(=N2)/C(C#Cc2c3ccccc3c(C#Cc3ccc(N(CCCCCCCC)CCCCCCCC)cc3)c3ccccc23)=c2/cc/c3n2[Zn]n2c(ccc21)/C(C#Cc1ccc(-c2ccc(C(=O)O)cc2)c2nsnc12)=C1/C=CC(=N1)/C=3c1c(OCCCCCCCCCCCC)cccc1OCCCCCCCCCCCC is invalid
21:37:00 <WARN> "default" filter: CCCCCCCCCCCCOc1cccc(OCCCCCCCCCCCC)c1/C1=C2\C=CC(=N2)/C(C#Cc2c3ccccc3c(C#Cc3ccc4ccc5cccc6ccc3c4c56)c3ccccc23)=c2/cc/c3n2[Zn]n2c(ccc21)/C(C#Cc1ccc(C(=O)O)cc1)=C1/C=CC(=N1)/C=3c1c(OCCCCCCCCCCCC)cccc1OCCCCCCCCCCCC is invalid
21:37:00 <WARN> "default" filter: CCCCCCCCCCCCOc1cccc(OCCCCCCCCCCCC)c1/C1=C2\C=CC(=N2)/C(C#Cc2c3ccccc3c(N(CCCCCCCC)CCCCCCCC)c3ccccc23)=c2/cc/c3n2[Zn]n2c(ccc21)/C(C#Cc1ccc(-c2ccc(C(=O)O)cc2)c2nsnc12)=C1/C=CC(=N1)/C=3c1c(OCCCCCCCCCCCC)cccc1OCCCCCCCCCCCC is invalid
21:37:00 <WARN> "default" filter: CCCCCCCCCCCCOc1cccc(OCCCCCCCCCCCC)c1/C1=C2\C=CC(=N2)/C(C#Cc2c3ccccc3c(N(c3ccc(CCCCCCCC)cc3)c3ccc(CCCCCCCC)cc3)c3ccccc23)=c2/cc/c3n2[Zn]n2c(ccc21)/C(C#Cc1ccc(-c2ccc(C(=O)O)cc2)c2nsnc12)=C1/C=CC(=N1)/C=3c1c(OCCCCCCCCCCCC)cccc1OCCCCCCCCCCCC is invalid
21:37:00 <WARN> "default" filter: CCCCCCCCCCCCOc1cccc(OCCCCCCCCCCCC)c1/C1=C2\C=CC(=N2)/C(C#Cc2ccc(C(=O)O)c(C#N)c2)=c2/cc/c3n2[Zn]n2c(ccc21)/C(c1ccc(-n2c4ccccc4c4ccccc42)cc1)=C1/C=CC(=N1)/C=3c1c(OCCCCCCCCCCCC)cccc1OCCCCCCCCCCCC is invalid
21:37:00 <WARN> "default" filter: CCCCCCCCCCCCOc1cccc(OCCCCCCCCCCCC)c1/C1=C2\C=CC(=N2)/C(C#Cc2ccc(C(=O)O)cc2)=c2/cc/c3n2[Zn]n2c(ccc21)/C(C#Cc1c2ccccc2c(C#CN(CCCCCCCC)CCCCCCCC)c2ccccc12)=C1/C=CC(=N1)/C=3c1c(OCCCCCCCCCCCC)cccc1OCCCCCCCCCCCC is invalid
21:37:00 <WARN> "default" filter: CCCCCCCCCCCCOc1cccc(OCCCCCCCCCCCC)c1/C1=C2\C=CC(=N2)/C(C#Cc2ccc(N(C)C)cc2)=c2/cc/c3n2[Zn]n2c(ccc21)/C(C#Cc1c2ccccc2c(C#Cc2ccc(C(=O)O)cc2)c2ccccc12)=C1/C=CC(=N1)/C=3c1c(OCCCCCCCCCCCC)cccc1OCCCCCCCCCCCC is invalid
21:37:00 <WARN> "default" filter: CCCCCCCCCCCCOc1cccc(OCCCCCCCCCCCC)c1/C1=C2\C=CC(=N2)/C(C#Cc2ccc3ccc4cccc5ccc2c3c45)=c2/cc/c3n2[Zn]n2c(ccc21)/C(C#Cc1c2ccccc2c(C#Cc2ccc(C(=O)O)cc2)c2ccccc12)=C1/C=CC(=N1)/C=3c1c(OCCCCCCCCCCCC)cccc1OCCCCCCCCCCCC is invalid
21:37:00 <WARN> "default" filter: CCCCCCCCCCCCOc1cccc(OCCCCCCCCCCCC)c1/C1=C2\C=CC(=N2)/C(N(c2ccc(CCCCCC)cc2)c2ccc(CCCCCC)cc2)=c2/cc/c3n2[Zn]n2c(ccc21)/C(C#Cc1ccnc(C(=O)O)c1)=C1/C=CC(=N1)/C=3c1c(OCCCCCCCCCCCC)cccc1OCCCCCCCCCCCC is invalid
21:37:00 <WARN> "default" filter: CCCCCCCCCCCCOc1cccc(OCCCCCCCCCCCC)c1/C1=C2\C=CC(=N2)/C(N(c2ccc(CCCCCC)cc2)c2ccc(CCCCCC)cc2)=c2/cc/c3n2[Zn]n2c(ccc21)/C(C#Cc1ccnc(O)c1)=C1/C=CC(=N1)/C=3c1c(OCCCCCCCCCCCC)cccc1OCCCCCCCCCCCC is invalid
21:37:00 <WARN> "default" filter: CCCCCCCCCCCCOc1cccc(OCCCCCCCCCCCC)c1/C1=C2\C=CC(=N2)/C(N(c2ccc(CCCCCC)cc2)c2ccc(CCCCCC)cc2)=c2/cc/c3n2[Zn]n2c(ccc21)/C(C#Cc1ccncc1)=C1/C=CC(=N1)/C=3c1c(OCCCCCCCCCCCC)cccc1OCCCCCCCCCCCC is invalid
21:37:00 <WARN> "default" filter: CCCCCCCCCCCCOc1cccc(OCCCCCCCCCCCC)c1/C1=C2\C=CC(=N2)/C=c2/cc/c3n2[Zn]n2c(ccc21)/C(C#Cc1ccc(C(=O)O)cc1)=C1/C=CC(=N1)/C=3c1c(OCCCCCCCCCCCC)cccc1OCCCCCCCCCCCC is invalid
21:37:00 <WARN> "default" filter: CCCCCCCCCCCCOc1cccc(OCCCCCCCCCCCC)c1C1=C2C=CC(=N2)C(C#Cc2ccc(C(=O)O)cc2)=c2ccc3n2[Zn]n2c(ccc21)C(c1ccc(-n2c4ccccc4c4ccccc42)cc1)=C1C=CC(=N1)C=3c1c(OCCCCCCCCCCCC)cccc1OCCCCCCCCCCCC is invalid
21:37:00 <WARN> "default" filter: CCCCCCCCCCCC[N+]1=C(/C=C2/C(=O)C(/C=C3\N(C)c4ccc(-c5ccc(/C=C(\C#N)C(=O)O)s5)cc4C3(C)C)=C2[O-])[C@@](CCCCCCCC)(CCCCCCCCCC)c2ccccc21 is invalid
21:37:00 <WARN> "default" filter: CCCCCCCCCCCC[N+]1=C(/C=C2/C(=O)C(/C=C3\N(C)c4ccc(-c5ccc(C=C(C#N)C(=O)O)s5)cc4C3(C)C)=C2[O-])C(CCCCCCCC)(CCCCCCCCCC)c2ccccc21 is invalid
21:37:00 <WARN> "default" filter: CCCCCCCCCCCCc1cc(-c2cc3sc4cc(-c5cc(CCCCCCCCCCCC)c(-c6ccc(N(c7ccccc7)c7ccc(/C=C(\C#N)C(=O)O)cc7)cc6)s5)sc4c3s2)sc1-c1ccc(N(c2ccccc2)c2ccc(/C=C(\C#N)C(=O)O)cc2)cc1 is invalid
21:37:00 <WARN> "default" filter: CCCCCCCCCCCCc1cc(-c2cc3sc4cc(-c5cc(CCCCCCCCCCCC)c(-c6ccc(N(c7ccccc7)c7ccc(/C=C(\C#N)C(=O)O)cc7)cc6)s5)sc4c3s2)sc1-c1ccc(N(c2ccccc2)c2ccccc2)cc1 is invalid
21:37:00 <WARN> "default" filter: CCCCCCCCCCCCc1cc(-c2ccc(-c3cc(CCCCCCCCCCCC)c(-c4ccc(N(c5ccccc5)c5ccc(/C=C(\C#N)C(=O)O)cc5)cc4)s3)c3nsnc23)sc1-c1ccc(N(c2ccccc2)c2ccc(/C=C(\C#N)C(=O)O)cc2)cc1 is invalid
21:37:00 <WARN> "default" filter: CCCCCCCCCCCCc1cc(C#Cc2c3ccccc3c(C#Cc3ccc(N(CCCCCCCC)CCCCCCCC)cc3)c3ccccc23)c(CCCCCCCCCCCC)cc1C#Cc1ccc(C(=O)O)cc1 is invalid
21:37:00 <WARN> "default" filter: CCCCCCCCCCCCc1ccc2c(c1)c1cc(CCCCCCCCCCCC)ccc1c1nc3c(-c4ccc5c(c4)C4CCCC4N5c4ccc(C)cc4)ncc(-c4cc5c(s4)-c4sc(/C=C(\C#N)C(=O)O)cc4[Si]5(CC(CC)CCCC)CC(CC)CCCC)c3nc21 is invalid
21:37:00 <WARN> "default" filter: CCCCCCCCCCCCn1c(-c2cc(-c3nc4ccc(C)cc4n3CCCCCCCCCCCC)cc(-c3nc4ccc(C)cc4n3CCCCCCCCCCCC)c2)nc2ccc(C)cc21 is invalid
21:37:00 <WARN> "default" filter: CCCCCCCCCCCCn1c(C=C(C#N)C(=O)O)ccc1-c1ccc(-c2ccc(-c3ccc(N(c4ccc(OCCCCCC)cc4)c4ccc(OCCCCCC)cc4)cc3)s2)c2nsnc12 is invalid
21:37:00 <WARN> "default" filter: CCCCCCCCCCCCn1c2ccc(/C=C(\C#N)C(=O)O)cc2c2cc(-c3ccc(-c4ccc5c6cc(/C=C(\C#N)C(=O)O)ccc6n(CCCCCCCCCCCC)c5c4)c4nsnc34)ccc21 is invalid
21:37:00 <WARN> "default" filter: CCCCCCCCCCCCn1nnc(-c2ccc(C#Cc3ccc(C#Cc4ccc(-c5nnn(CCCCCCCCCCCC)n5)cc4)c4nc5c6ccccc6c6ccccc6c5nc34)cc2)n1 is invalid
21:37:00 <WARN> "default" filter: CCCCCCCCCCCn1cccc1C1=[N+]2C(=Cc3c(C)cc(C)n3[B-]2(F)F)c2ccccc21 is invalid
21:37:00 <WARN> "default" filter: CCCCCCCCCCOc1cc(OCCCCCCCCCC)cc(C2=C3C(/C=C/c4ccc(N(C)C)cc4)=C(C#Cc4ccc(C(C)(C)C)cc4)C(/C=C/c4ccc(N(C)C)cc4)=[N+]3[B-](F)(F)n3c(/C=C/c4ccc(N(C)C)cc4)c(C#Cc4ccc(C(C)(C)C)cc4)c(/C=C/c4ccc(N(C)C)cc4)c32)c1 is invalid
21:37:00 <WARN> "default" filter: CCCCCCCCCCOc1cc(OCCCCCCCCCC)cc(C2=C3C(/C=C/c4ccc(OC)cc4)=C(C#Cc4ccc(C(C)(C)C)cc4)C(/C=C/c4ccc(OC)cc4)=[N+]3[B-](F)(F)n3c(/C=C/c4ccc(OC)cc4)c(C#Cc4ccc(C(C)(C)C)cc4)c(/C=C/c4ccc(OC)cc4)c32)c1 is invalid
21:37:00 <WARN> "default" filter: CCCCCCCCCCOc1cc(OCCCCCCCCCC)cc(C2=C3C(C)=CC(/C=C/c4ccc(OC)cc4)=[N+]3[B-](F)(F)n3c(/C=C/c4ccc(OC)cc4)cc(C)c32)c1 is invalid
21:37:00 <WARN> "default" filter: CCCCCCCCCCOc1cc(OCCCCCCCCCC)cc(C2=C3C(C)=CC(/C=C/c4ccc(OC)cc4)=[N+]3[B-](F)(F)n3c(/C=C/c4ccc(OC)cc4)cc(C=Cc4ccc(OC)cc4)c32)c1 is invalid
21:37:00 <WARN> "default" filter: CCCCCCCCCCOc1cc2c(cc1OCCCCCCCCCC)c1sc(-c3ccc4c(c3)C(CCCC)(CCCC)c3cc(N(c5ccccc5)c5ccccc5)ccc3-4)cc1c1cc(C=C(C#N)C(=O)O)sc12 is invalid
21:37:00 <WARN> "default" filter: CCCCCCCCCCOc1ccc(C#Cc2cc3c(C#Cc4ccc(OCCCCCCCCCC)cc4)c(C#Cc4ccc(OCCCCCCCCCC)cc4)c4cc(C#Cc5ccc(OCCCCCCCCCC)cc5)cc5c(C#Cc6ccc(OCCCCCCCCCC)cc6)c(C#Cc6ccc(OCCCCCCCCCC)cc6)c(c2)c3c45)cc1 is invalid
21:37:00 <WARN> "default" filter: CCCCCCCCCCOc1ccc(C#Cc2ccc(C#Cc3ccc(OCCCCCCCCCC)c(OCCCCCCCCCC)c3)c3nc4c5ccccc5c5ccccc5c4nc23)cc1OCCCCCCCCCC is invalid
21:37:00 <WARN> "default" filter: CCCCCCCCCC[C@@]1(CCCCCCCC)C(/C=C2/C(=O)C(/C=C3/N(C)c4ccc(C(=O)O)cc4C3(C)C)=C2[O-])=[N+](C)c2cc3c(cc21)-c1ccccc1C3(CCCCCCCC)CCCCCCCC is invalid
21:37:00 <WARN> "default" filter: CCCCCCCCCC[C@@]1(CCCCCCCC)C(/C=C2/C(=O)C(/C=C3/N(C)c4ccc(C(=O)O)cc4C3(C)C)=C2[O-])=[N+](CCCCCC)c2cc3c(cc21)-c1ccccc1C3(CCCCCCCC)CCCCCCCC is invalid
21:37:00 <WARN> "default" filter: CCCCCCCCCC[C@]1(CCCCCCCC)C(/C=C2/C(=O)C(/C=C3/N(C)c4ccc(C(=O)O)cc4C3(C)C)=C2[O-])=[N+](C)c2cc3c(cc21)-c1ccccc1C3(CCCCCCCC)CCCCCCCC is invalid
21:37:00 <WARN> "default" filter: CCCCCCCCCC[C@]1(CCCCCCCC)C(/C=C2/C(=O)C(/C=C3/N(C)c4ccc(C(=O)O)cc4C3(C)C)=C2[O-])=[N+](CCCCCC)c2cc3c(cc21)-c1ccccc1C3(CCCCCCCC)CCCCCCCC is invalid
21:37:00 <WARN> "default" filter: CCCCCCCCCc1csc2cc(-c3cc(-c4cc5scc(CCCCCCCCC)c5s4)c4ccc5c(-c6cc7scc(CCCCCCCCC)c7s6)cc(-c6cc7scc(CCCCCCCCC)c7s6)c6ccc3c4c65)sc12 is invalid
21:37:00 <WARN> "default" filter: CCCCCCCCN(CCCCCCCC)c1ccc(/C=C/c2ccc(C#Cc3ccc(-c4ccc(C#Cc5ccc(/C=C/c6ccc(N(CCCCCCCC)CCCCCCCC)cc6)cc5)cc4)cc3)cc2)cc1 is invalid
21:37:00 <WARN> "default" filter: CCCCCCCCN1C(=O)/C(=C2/C(=O)N(CCCCCCCC)c3cc(-c4ccc(/C=C(/C#N)C(=O)O)o4)ccc32)c2ccc(-c3ccc(N(c4ccc(OC)cc4)c4ccc(OC)cc4)cc3)cc21 is invalid
21:37:00 <WARN> "default" filter: CCCCCCCCN1C(=O)/C(=C2/C(=O)N(CCCCCCCC)c3cc(-c4ccc(N(c5ccc(OC)cc5)c5ccc(OC)cc5)cc4)ccc32)c2ccc(-c3ccc(/C=C(\C#N)C(=O)O)cc3)cc21 is invalid
21:37:00 <WARN> "default" filter: CCCCCCCCN1C(=O)/C(=c2\s/c(=C\c3ccc(N(c4ccccc4)c4ccc(/C=c5/s/c(=C6/SC(=S)N(CCCCCCCC)C6=O)n(CC(=O)O)c5=O)cc4)cc3)c(=O)n2CC(=O)O)SC1=S is invalid
21:37:00 <WARN> "default" filter: CCCCCCCCN1C(=O)/C(=c2\s/c(=c3/c(=Cc4ccc5c(c4)C4CCCC4N5c4ccc(C=C(c5ccccc5)c5ccccc5)cc4)sc(=O)n3CC(=O)O)c(=O)n2-c2ccccc2)SC1=S is invalid
21:37:00 <WARN> "default" filter: CCCCCCCCN1C(=O)/C(=c2\s/c(=c3/c(=Cc4ccc5c(c4)C4CCCC4N5c4ccc(C=C(c5ccccc5)c5ccccc5)cc4)sc(=O)n3CC(=O)O)c(=O)n2CCCCCCCC)SC1=S is invalid
21:37:00 <WARN> "default" filter: CCCCCCCCN1C(=O)C2=C(c3ccc(-c4ccc(C=C(C#N)C(=O)O)s4)cn3)N(CCCCCCCC)C(=O)C2=C1c1ccc(-c2ccc(N(c3ccc(OC)cc3)c3ccc(OC)cc3)cc2)cn1 is invalid
21:37:00 <WARN> "default" filter: CCCCCCCCN1C(=O)C2=C(c3ccc(-c4ccc(N(c5ccc(OC)cc5)c5ccc(OC)cc5)cc4)cc3)N(CC(=O)O)C(=O)C2=C1c1ccc(-c2ccc(N(c3ccc(OC)cc3)c3ccc(OC)cc3)cc2)cc1 is invalid
21:37:00 <WARN> "default" filter: CCCCCCCCN1C(=O)C2=C(c3ccc(-c4ccc(N(c5ccccc5)c5ccccc5)cc4)cc3)N(CC(=O)O)C(=O)C2=C1c1ccc(-c2ccc(N(c3ccccc3)c3ccccc3)cc2)cc1 is invalid
21:37:00 <WARN> "default" filter: CCCCCCCCN1C(=O)C2=C(c3ccc(-c4sc(-c5ccc(N(c6ccc(C)cc6)c6ccc(C)cc6)cc5)c5c4OCCO5)cc3)N(CCCCCCCC)C(=O)C2=C1c1ccc(-c2ccc(/C=C(/C#N)C(=O)O)cc2)cc1 is invalid
21:37:00 <WARN> "default" filter: CCCCCCCCN1C(=O)C2=C(c3ccc(-c4sc(-c5ccc(N(c6ccc(C)cc6)c6ccc(C)cc6)cc5)c5c4OCCO5)cc3)N(CCCCCCCC)C(=O)C2=C1c1ccc(-c2ccc(/C=C(/C#N)C(=O)O)s2)cc1 is invalid
21:37:00 <WARN> "default" filter: CCCCCCCCN1C(=O)C2=C(c3ccc(-c4sc(-c5ccc(N(c6ccc7c(c6)C(CCCCCC)(CCCCCC)c6ccccc6-7)c6ccc7c(c6)C(CCCCCC)(CCCCCC)c6ccccc6-7)cc5)c5c4OCCO5)s3)N(CCCCCCCC)C(=O)C2=C1c1ccc(-c2ccc(/C=C(\C#N)C(=O)O)cc2)s1 is invalid
21:37:00 <WARN> "default" filter: CCCCCCCCN1C(=O)C2=C(c3ccc(-c4sc(-c5ccc(N(c6ccccc6)c6ccccc6)cc5)c5c4OCCO5)s3)N(CCCCCCCC)C(=O)C2=C1c1ccc(-c2ccc(/C=C(/C#N)C(=O)O)s2)s1 is invalid
21:37:00 <WARN> "default" filter: CCCCCCCCN1C(=O)c2cc(-c3ccc(-c4ccc(N(c5ccccc5)c5ccccc5)cc4)s3)c3c4c(cc(-c5ccc(C=C(C#N)C(=O)O)s5)c(c24)C1=O)C(=O)N(CCCCCCCC)C3=O is invalid
21:37:00 <WARN> "default" filter: CCCCCCCCN1C(=O)c2cc(Oc3ccc(C(C)(C)C)cc3)c3c4c(Oc5ccc(C(C)(C)C)cc5)cc(C(=O)O)c5c(C(=O)O)cc(Oc6ccc(C(C)(C)C)cc6)c(c6c(Oc7ccc(C(C)(C)C)cc7)cc(c2c36)C1=O)c54 is invalid
21:37:00 <WARN> "default" filter: CCCCCCCCN1C(=O)c2cc(Oc3ccc(C(C)(C)C)cc3)c3c4c(Oc5ccc(C(C)(C)C)cc5)cc5c6c(cc(Oc7ccc(C(C)(C)C)cc7)c(c7c(Oc8ccc(C(C)(C)C)cc8)cc(c2c37)C1=O)c64)C(=O)OC5=O is invalid
21:37:00 <WARN> "default" filter: CCCCCCCCN1C(=O)c2ccc3c4c(-c5ccc(-n6c7ccccc7c7ccccc76)cc5)cc5c6c(cc(-c7ccc(-n8c9ccccc9c9ccccc98)cc7)c(c7ccc(c2c37)C1=O)c64)C(=O)N(CCCCCCCC)C5=O is invalid
21:37:00 <WARN> "default" filter: CCCCCCCCN1C(=O)c2ccc3c4c(-c5ccc(-n6c7ccccc7c7ccccc76)cc5)cc5c6c(ccc(c7c(-c8ccc(-n9c%10ccccc%10c%10ccccc%109)cc8)cc(c2c37)C1=O)c64)C(=O)N(CCCCCCCC)C5=O is invalid
21:37:00 <WARN> "default" filter: CCCCCCCCN1C(=O)c2ccc3c4c(-c5ccc(N(c6ccccc6)c6ccccc6)cc5)cc5c6c(cc(-c7ccc(N(c8ccccc8)c8ccccc8)cc7)c(c7ccc(c2c37)C1=O)c64)C(=O)N(CCCCCCCC)C5=O is invalid
21:37:00 <WARN> "default" filter: CCCCCCCCN1C(=O)c2ccc3c4c(-c5ccc6c(c5)c5ccccc5n6-c5ccccc5)cc5c6c(cc(-c7ccc8c(c7)c7ccccc7n8-c7ccccc7)c(c7ccc(c2c37)C1=O)c64)C(=O)N(CCCCCCCC)C5=O is invalid
21:37:00 <WARN> "default" filter: CCCCCCCCN1C(=O)c2ccc3c4c(-c5ccc6c(c5)c5ccccc5n6-c5ccccc5)cc5c6c(ccc(c7c(-c8ccc9c(c8)c8ccccc8n9-c8ccccc8)cc(c2c37)C1=O)c64)C(=O)N(CCCCCCCC)C5=O is invalid
21:37:00 <WARN> "default" filter: CCCCCCCCN1C(=O)c2ccc3c4c(-c5ccc6c7ccccc7n(-c7ccccc7)c6c5)cc5c6c(cc(-c7ccc8c9ccccc9n(-c9ccccc9)c8c7)c(c7ccc(c2c37)C1=O)c64)C(=O)N(CCCCCCCC)C5=O is invalid
21:37:00 <WARN> "default" filter: CCCCCCCCN1C(=O)c2ccc3c4c(-c5ccc6c7ccccc7n(-c7ccccc7)c6c5)cc5c6c(ccc(c7c(-c8ccc9c%10ccccc%10n(-c%10ccccc%10)c9c8)cc(c2c37)C1=O)c64)C(=O)N(CCCCCCCC)C5=O is invalid
21:37:00 <WARN> "default" filter: CCCCCCCCN1c2ccc(/C=C(\C#N)C(=O)O)cc2Sc2cc(-c3ccc(C4=C5C(=O)N(CC(CC)CCCC)C(c6ccc(-c7ccc(N(c8ccc(-c9ccc(CCCC)cc9)cc8)c8ccc(-c9ccc(CCCC)cc9)cc8)cc7)s6)=C5C(=O)N4CC(CC)CCCC)s3)ccc21 is invalid
21:37:00 <WARN> "default" filter: CCCCCCCCN1c2ccc(/C=C(\C#N)C(=O)O)cc2Sc2cc(-c3ccc(C4=C5C(=O)N(CC(CC)CCCC)C(c6ccc(-c7ccc8c(c7)Sc7ccccc7N8CCCCCC)s6)=C5C(=O)N4CC(CC)CCCC)s3)ccc21 is invalid
21:37:00 <WARN> "default" filter: CCCCCCCCN1c2ccc(C=C(C#N)C(=O)O)cc2Sc2cc(-c3ccc(N(c4ccc(-c5ccc6c(c5)Sc5cc(C=C(C#N)C(=O)O)ccc5N6CCCCCCCC)cc4)c4ccc(C)cc4C)cc3)ccc21 is invalid
21:37:00 <WARN> "default" filter: CCCCCCCCN1c2ccccc2Sc2cc(/C=C/c3ccc(N(c4ccc(/C=C/c5ccc6c(c5)Sc5ccccc5N6CCCCCCCC)cc4)c4ccc(/C=C(\C#N)C(=O)O)cc4)cc3)ccc21 is invalid
21:37:00 <WARN> "default" filter: CCCCCCCCN1c2ccccc2Sc2cc(/C=C/c3ccc(N(c4ccc(/C=C/c5ccc6c(c5)Sc5ccccc5N6CCCCCCCC)cc4)c4ccc(/C=C/c5ccc(/C=C/c6ccc(N(c7ccc(/C=C/c8ccc(N(c9ccccc9)c9ccccc9)cc8)cc7)c7ccc(/C=C/c8ccc(N(c9ccccc9)c9ccccc9)cc8)cc7)cc6)c6nsnc56)cc4)cc3)ccc21 is invalid
21:37:00 <WARN> "default" filter: CCCCCCCCN1c2ccccc2Sc2cc(/C=C/c3ccc(N(c4ccc(/C=C/c5ccc6c(c5)Sc5ccccc5N6CCCCCCCC)cc4)c4ccc(/C=C/c5ccc(/C=C/c6ccc(N(c7ccc(/C=C/c8ccc9c(c8)Sc8ccccc8N9CCCCCCCC)cc7)c7ccc(/C=C/c8ccc9c(c8)Sc8ccccc8N9CCCCCCCC)cc7)cc6)c6nsnc56)cc4)cc3)ccc21 is invalid
21:37:00 <WARN> "default" filter: CCCCCCCCN1c2ccccc2Sc2cc(/C=C\c3sc(-c4ccc(-c5ccc(/C=C(\C#N)C(=O)O)s5)s4)cc3/C=C/c3ccc4c(c3)Sc3ccccc3N4CCCCCCCC)ccc21 is invalid
21:37:00 <WARN> "default" filter: CCCCCCCCOCc1cccc(OCCCCCCCC)c1/C1=C2\C=CC(=N2)/C(CCc2c(OCCCC)cc(C(=O)O)cc2OCCCC)=c2/cc/c3n2[Zn]n2c1ccc2/C(N(c1ccc(C)cc1)c1ccc(C)cc1)=C1/C=CC(=N1)/C=3N(c1ccc(C)cc1)c1ccc(C)cc1 is invalid
21:37:00 <WARN> "default" filter: CCCCCCCCOCc1cccc(OCCCCCCCC)c1/C1=C2\C=CC(=N2)/C(CCc2c(OCCCCCCCC)cc(C(=O)O)cc2OCCCCCCCC)=c2/cc/c3n2[Zn]n2c1ccc2/C(N(c1ccc(C)cc1)c1ccc(C)cc1)=C1/C=CC(=N1)/C=3N(c1ccc(C)cc1)c1ccc(C)cc1 is invalid
21:37:00 <WARN> "default" filter: CCCCCCCCOCc1cccc(OCCCCCCCC)c1/C1=C2\C=CC(=N2)/C(CCc2ccc(C(=O)O)cc2)=c2/cc/c3n2[Zn]n2c1ccc2/C(N(c1ccc(C)cc1)c1ccc(C)cc1)=C1/C=CC(=N1)/C=3N(c1ccc(C)cc1)c1ccc(C)cc1 is invalid
21:37:00 <WARN> "default" filter: CCCCCCCCOc1c(/C=C/C=C/c2ccc(N(c3ccc(C)cc3)c3ccc(C)cc3)cc2)cc(-c2cc(CCCCCC)c(/C=C(\C#N)C(=O)O)s2)cc1/C=C/C=C/c1ccc(N(c2ccc(C)cc2)c2ccc(C)cc2)cc1 is invalid
21:37:00 <WARN> "default" filter: CCCCCCCCOc1c(/C=C/c2ccc(N(c3ccc(C)cc3)c3ccc(C)cc3)cc2)cc(-c2cc(CCCCCC)c(/C=C(\C#N)C(=O)O)s2)cc1/C=C/c1ccc(N(c2ccc(C)cc2)c2ccc(C)cc2)cc1 is invalid
21:37:00 <WARN> "default" filter: CCCCCCCCOc1c(/C=C/c2ccc(N(c3ccc(C)cc3)c3ccc(C)cc3)cc2)cc(-c2ccc(-c3c(F)c(F)c(-c4ccc(C(=O)O)cc4)c4nsnc34)s2)cc1/C=C/c1ccc(N(c2ccc(C)cc2)c2ccc(C)cc2)cc1 is invalid
21:37:00 <WARN> "default" filter: CCCCCCCCOc1c(/C=C/c2ccc(N(c3ccc(C)cc3)c3ccc(C)cc3)cc2)cc(-c2ccc(/C=C(\C#N)C(=O)O)s2)cc1/C=C/c1ccc(N(c2ccc(C)cc2)c2ccc(C)cc2)cc1 is invalid
21:37:00 <WARN> "default" filter: CCCCCCCCOc1c(/C=C/c2ccc(N(c3ccc(C)cc3)c3ccc(C)cc3)cc2)cc(-c2ccc(C3=C4C(=O)N(CC(CC)CCCC)C(c5ccc(-c6ccc(C(=O)O)cc6)s5)=C4C(=O)N3CC(CC)CCCC)s2)cc1/C=C/c1ccc(N(c2ccc(C)cc2)c2ccc(C)cc2)cc1 is invalid
21:37:00 <WARN> "default" filter: CCCCCCCCOc1c(/C=C/c2ccc(N(c3ccc(C)cc3)c3ccc(C)cc3)cc2)cc(-c2ccc(C3=C4C(=O)N(C[C@@H](CC)CCCC)C(c5ccc(-c6ccc(C(=O)O)cc6)s5)=C4C(=O)N3C[C@@H](CC)CCCC)s2)cc1/C=C/c1ccc(N(c2ccc(C)cc2)c2ccc(C)cc2)cc1 is invalid
21:37:01 <WARN> "default" filter: CCCCCCCCOc1c2cccc3c(-c4ccc(/C=C(\C#N)C(=O)O)s4)cc4c(OCCCCCCCC)c5cccc6c(-c7ccc(N(c8ccc(C)cc8)c8ccc(C)cc8)cc7)cc1c(c65)c4c32 is invalid
21:37:01 <WARN> "default" filter: CCCCCCCCOc1cc(/C=C/C2=[N+]3C(=C4c5ccc(/C=C/c6cc(OCCCCCCCC)c(C=O)cc6OCCCCCCCC)n5[B-](F)(F)[n+]5c4n(c4ccccc45)[B-]3(F)F)C=C2)c(OCCCCCCCC)cc1C=O is invalid
21:37:01 <WARN> "default" filter: CCCCCCCCOc1cc(/C=C/c2cc(OCCCCCCCC)c(/C=C/c3cc(OCCCCCCCC)c(/C=C/c4cc[n+](Cc5ccc(C)cc5)cc4)cc3OCCCCCCCC)cc2OCCCCCCCC)c(OCCCCCCCC)cc1/C=C/c1cc[n+](Cc2ccc(C)cc2)cc1 is invalid
21:37:01 <WARN> "default" filter: CCCCCCCCOc1cc(/C=C/c2cc(OCCCCCCCC)c(/C=C/c3cc(OCCCCCCCC)c(/C=C/c4ccncc4)cc3OCCCCCCCC)cc2OCCCCCCCC)c(OCCCCCCCC)cc1/C=C/c1ccncc1 is invalid
21:37:01 <WARN> "default" filter: CCCCCCCCOc1cc(/C=C/c2cc(OCCCCCCCC)c(/C=C/c3cc(OCCCCCCCC)c(Br)cc3OCCCCCCCC)cc2OCCCCCCCC)c(OCCCCCCCC)cc1Br is invalid
21:37:01 <WARN> "default" filter: CCCCCCCCOc1cc(C)cc(OCCCCCCCC)c1-n1c2cc(-c3ccc(N(c4ccc(OCCCCCC)cc4)c4ccc(OCCCCCC)cc4)cc3)c3cccc4c5cccc6c(-c7cc8c(s7)-c7sc(C=C(C#N)C(=O)O)cc7C8(CCCCCC)CCCCCC)cc1c(c65)c2c34 is invalid
21:37:01 <WARN> "default" filter: CCCCCCCCOc1cc(C)cc(OCCCCCCCC)c1-n1c2cc(-c3ccc(N(c4ccc(OCCCCCC)cc4)c4ccc(OCCCCCC)cc4)cc3)c3cccc4c5cccc6c(-c7ccc(-c8cc9c(s8)-c8sc(C=C(C#N)C(=O)O)cc8C9(CCCCCC)CCCCCC)c8nsnc78)cc1c(c65)c2c34 is invalid
21:37:01 <WARN> "default" filter: CCCCCCCCOc1cc(C)cc(OCCCCCCCC)c1-n1c2cc(C#Cc3ccc(C(=O)O)cc3)c3cccc4c5cccc6c(C#Cc7ccc(N(c8ccc(OCCCCCC)cc8)c8ccc(OCCCCCC)cc8)cc7)cc1c(c65)c2c34 is invalid
21:37:01 <WARN> "default" filter: CCCCCCCCOc1cc(C)cc(OCCCCCCCC)c1-n1c2cc(C#Cc3ccc(N(c4ccc(OCCCCCC)cc4)c4ccc(OCCCCCC)cc4)cc3)c3cccc4c5cccc6c(C#Cc7cc8c(s7)-c7sc(C=C(C#N)C(=O)O)cc7C8(CCCCCC)CCCCCC)cc1c(c65)c2c34 is invalid
21:37:01 <WARN> "default" filter: CCCCCCCCOc1cc(C)cc(OCCCCCCCC)c1-n1c2cc(C=C(C#N)C(=O)O)c3cccc4c5cccc6c(-c7ccc(N(c8ccc(OCCCCCC)cc8)c8ccc(OCCCCCC)cc8)cc7)cc1c(c65)c2c34 is invalid
21:37:01 <WARN> "default" filter: CCCCCCCCOc1cc(OCCCCCCCC)cc(/C2=C3\C=CC(=N3)/C(N(c3ccc4c(c3)C(CCCCCC)(CCCCCC)c3ccccc3-4)c3ccc4c(c3)C(CCCCCC)(CCCCCC)c3ccccc3-4)=c3/cc/c4n3[Zn]n3c(ccc32)/C(C#Cc2ccc(C(=O)O)cc2)=C2/C=CC(=N2)/C=4c2cc(OCCCCCCCC)cc(OCCCCCCCC)c2)c1 is invalid
21:37:01 <WARN> "default" filter: CCCCCCCCOc1cc2c(cc1OCCCCCCCC)c1cc(-c3ccc(-c4ccc(N(c5ccc(OC)cc5)c5ccc(OC)cc5)cc4)c4nsnc34)sc1c1sc(CC(CN)C(O)O)cc21 is invalid
21:37:01 <WARN> "default" filter: CCCCCCCCOc1cc2c(cc1OCCCCCCCC)c1cc(-c3sc(-c4ccc(N(c5ccc(OC)cc5)c5ccc(OC)cc5)cc4)c4c3OCCO4)sc1c1sc(C=C(C#N)C(=O)O)cc21 is invalid
21:37:01 <WARN> "default" filter: CCCCCCCCOc1ccc(-c2c(-c3c(-c4ccc(OCCCCCCCC)cc4)n(CCCCCCCC)c4cc(-c5ccc(-c6ccc(C=C(C#N)C(=O)O)s6)s5)ccc34)c3cc(-c4ccc(-c5ccc(C=C(C#N)C(=O)O)s5)s4)ccc3n2CCCCCCCC)cc1 is invalid
21:37:01 <WARN> "default" filter: CCCCCCCCOc1ccc(-c2c(-c3c(-c4ccc(OCCCCCCCC)cc4)n(CCCCCCCC)c4cc(-c5ccc(C=C(C#N)C(=O)O)o5)ccc34)c3cc(-c4ccc(C=C(C#N)C(=O)O)o4)ccc3n2CCCCCCCC)cc1 is invalid
21:37:01 <WARN> "default" filter: CCCCCCCCOc1ccc(-c2c(-c3c(-c4ccc(OCCCCCCCC)cc4)n(CCCCCCCC)c4ccc(-c5ccc(/C=C(/C#N)C(=O)O)o5)cc34)c3cc(-c4ccc(/C=C(/C#N)C(=O)O)o4)ccc3n2CCCCCCCC)cc1 is invalid
21:37:01 <WARN> "default" filter: CCCCCCCCOc1ccc(-c2c(-c3c(-c4ccc(OCCCCCCCC)cc4)n(CCCCCCCC)c4ccc(-c5ccc(/C=C(/C#N)C(=O)O)s5)cc34)c3cc(-c4ccc(/C=C(/C#N)C(=O)O)s4)ccc3n2CCCCCCCC)cc1 is invalid
21:37:01 <WARN> "default" filter: CCCCCCCCOc1ccc(-c2c3c4cc(-c5ccc(/C=C(\C#N)C(=O)O)s5)ccc4n(CCCCCCCC)c3c(-c3ccc(OCCCCCCCC)cc3)c3c4ccccc4n(CCCCCCCC)c23)cc1 is invalid
21:37:01 <WARN> "default" filter: CCCCCCCCOc1ccc(-c2c3c4n(c(-c5ccc(OCCCCCCCC)cc5)c3c3n2[B-](F)(F)[n+]2c(ccc5cc(C(C)(C)C)ccc52)C=3C#N)[B-](F)(F)[n+]2c(ccc3cc(C(C)(C)C)ccc32)C=4C#N)cc1 is invalid
21:37:01 <WARN> "default" filter: CCCCCCCCOc1ccc(-c2c3c4n(c(-c5ccc(OCCCCCCCC)cc5)c3c3n2[B-](F)(F)[n+]2c(ccc5ccccc52)N=3)[B-](F)(F)[n+]2c(ccc3ccccc32)N=4)cc1 is invalid
21:37:01 <WARN> "default" filter: CCCCCCCCOc1ccc(-c2c3c4n(c(-c5ccc(OCCCCCCCC)cc5)c3c3n2[B-](F)(F)[n+]2c(sc5ccccc52)N=3)[B-](F)(F)[n+]2c(sc3ccccc32)N=4)cc1 is invalid
21:37:01 <WARN> "default" filter: CCCCCCCCOc1ccc(-c2ccc(N(c3ccc(-c4cc5c(-c6ccc(CCCCCC)cc6)c6sc(-c7ccc(-c8ccc(C(=O)O)cc8)c8nsnc78)cc6c(-c6ccc(CCCCCC)cc6)c5s4)cc3)c3ccc(-c4ccc(OCCCCCCCC)cc4OCCCCCCCC)cc3)cc2)c(OCCCCCCCC)c1 is invalid
21:37:01 <WARN> "default" filter: CCCCCCCCOc1ccc(-c2ccc(N(c3ccc(-c4cc5c(s4)-c4cc6c(cc4C5(c4ccc(CCCCCC)cc4)c4ccc(CCCCCC)cc4)-c4sc(-c5c(F)c(F)c(-c7ccc(C(=O)O)cc7)c7nsnc57)cc4C6(c4ccc(CCCCCC)cc4)c4ccc(CCCCCC)cc4)cc3)c3ccc(-c4ccc(OCCCCCCCC)cc4OCCCCCCCC)cc3)cc2)c(COCCCCCCC)c1 is invalid
21:37:01 <WARN> "default" filter: CCCCCCCCOc1ccc(-c2ccc(N(c3ccc(-c4cc5c(s4)-c4cc6c(cc4C5(c4ccc(CCCCCC)cc4)c4ccc(CCCCCC)cc4)-c4sc(-c5c(F)c(F)c(-c7ccc(C(=O)O)cc7)c7nsnc57)cc4C6(c4ccc(CCCCCC)cc4)c4ccc(CCCCCC)cc4)cc3)c3ccc(-c4ccc(OCCCCCCCC)cc4OCCCCCCCC)cc3)cc2)c(OCCCCCCCC)c1 is invalid
21:37:01 <WARN> "default" filter: CCCCCCCCOc1ccc(-c2ccc(N(c3ccc(-c4cc5c(s4)-c4cc6c(cc4C5(c4ccc(CCCCCC)cc4)c4ccc(CCCCCC)cc4)-c4sc(-c5ccc(-c7ccc(C(=O)O)cc7)c7nsnc57)cc4C6(c4ccc(CCCCCC)cc4)c4ccc(CCCCCC)cc4)cc3)c3ccc(-c4ccc(OCCCCCCCC)cc4OCCCCCCCC)cc3)cc2)c(COCCCCCCC)c1 is invalid
21:37:01 <WARN> "default" filter: CCCCCCCCOc1ccc(-c2ccc(N(c3ccc(-c4cc5c(s4)-c4cc6c(cc4C5(c4ccc(CCCCCC)cc4)c4ccc(CCCCCC)cc4)-c4sc(-c5ccc(-c7ccc(C(=O)O)cc7)c7nsnc57)cc4C6(c4ccc(CCCCCC)cc4)c4ccc(CCCCCC)cc4)cc3)c3ccc(-c4ccc(OCCCCCCCC)cc4OCCCCCCCC)cc3)cc2)c(OCCCCCCCC)c1 is invalid
21:37:01 <WARN> "default" filter: CCCCCCCCOc1ccc(-c2ccc(N(c3ccc(-c4cc5c(s4)-c4cc6c(cc4C5(c4ccc(CCCCCC)cc4)c4ccc(CCCCCC)cc4)-c4sc(-c5ccc(-c7ccc(C(=O)O)cc7)cc5)cc4C6(c4ccc(CCCCCC)cc4)c4ccc(CCCCCC)cc4)cc3)c3ccc(-c4ccc(OCCCCCCCC)cc4OCCCCCCCC)cc3)cc2)c(COCCCCCCC)c1 is invalid
21:37:01 <WARN> "default" filter: CCCCCCCCOc1ccc(-c2ccc(N(c3ccc(-c4cc5c(s4)-c4cc6c(cc4C5(c4ccc(CCCCCC)cc4)c4ccc(CCCCCC)cc4)-c4sc(-c5ccc(-c7ccc(C(=O)O)cc7)cc5)cc4C6(c4ccc(CCCCCC)cc4)c4ccc(CCCCCC)cc4)cc3)c3ccc(-c4ccc(OCCCCCCCC)cc4OCCCCCCCC)cc3)cc2)c(OCCCCCCCC)c1 is invalid
21:37:01 <WARN> "default" filter: CCCCCCCCOc1ccc(-c2ccc(N(c3ccc(-c4ccc(-c5ccc(-c6ccc(C(=O)O)cc6)c6nsnc56)s4)cc3)c3ccc(-c4ccc(OCCCCCCCC)cc4OCCCCCCCC)cc3)cc2)c(OCCCCCCCC)c1 is invalid
21:37:01 <WARN> "default" filter: CCCCCCCCOc1ccc(-c2ccc(N(c3ccc(-c4ccc(OCCCCCCCC)cc4)cc3)c3ccc(-c4ccc(C#Cc5cc6c(OCCCCCCCC)c7sc(-c8ccc(C(=O)O)cc8)cc7c(OCCCCCCCC)c6s5)c5nsnc45)cc3)cc2)cc1 is invalid
21:37:01 <WARN> "default" filter: CCCCCCCCOc1ccc(-c2ccc(N(c3ccc(-c4ccc(OCCCCCCCC)cc4)cc3)c3ccc(-c4ccc(C#Cc5cc6c(OCCCCCCCC)c7sc(-c8ccc(C(=O)O)s8)cc7c(OCCCCCCCC)c6s5)c5nsnc45)cc3)cc2)cc1 is invalid
21:37:01 <WARN> "default" filter: CCCCCCCCOc1ccc(-c2ccc(N(c3ccc(-c4ccc(OCCCCCCCC)cc4OCCCCCCCC)cc3)c3ccc(-c4ncc(-c5ccc(/C=C(\C#N)C(=O)O)s5)c5nc(-c6ccccc6)c(-c6ccccc6)nc45)cc3)cc2)c(OCCCCCCCC)c1 is invalid
21:37:01 <WARN> "default" filter: CCCCCCCCOc1ccc(-c2ccc(N(c3ccc4c(c3)C(C)(C)c3cc(-c5c(F)c(F)c(-c6ccc(C=C(C#N)C(=O)O)s6)c6nsnc56)sc3-4)c3ccc(-c4ccc(OCCCCCCCC)cc4OCCCCCCCC)cc3-c3ccc(OCCCCCCCC)cc3OCCCCCCCC)cc2)c(OCCCCCCCC)c1 is invalid
21:37:01 <WARN> "default" filter: CCCCCCCCOc1ccc(-c2ccc(N(c3ccc4c(c3)C(C)(C)c3cc(-c5ccc(-c6cc7c(s6)-c6sc(/C=C(\C#N)C(=O)O)cc6C7(CC(CC)CCCC)CC(CC)CCCC)c6nc(-c7ccccc7)c(-c7ccccc7)nc56)sc3-4)c3ccc(-c4ccc(OCCCCCCCC)cc4OCCCCCCCC)cc3-c3ccc(OCCCCCCCC)cc3OCCCCCCCC)cc2)c(OCCCCCCCC)c1 is invalid
21:37:01 <WARN> "default" filter: CCCCCCCCOc1ccc(-c2ccc(N(c3ccc4c(c3)C(C)(C)c3cc(-c5ccc(-c6ccc(C=C(C#N)C(=O)O)s6)c6nsnc56)sc3-4)c3ccc(-c4ccc(OCCCCCCCC)cc4OCCCCCCCC)cc3-c3ccc(OCCCCCCCC)cc3OCCCCCCCC)cc2)c(OCCCCCCCC)c1 is invalid
21:37:01 <WARN> "default" filter: CCCCCCCCOc1ccc(-c2ccc3c(c2)C(C)(C)c2cc(-c4ccc(-c5ccc(C(=O)O)cc5)c5nsnc45)cc4c5cc(-c6ccc(OCCCCCCCC)cc6)ccc5n-3c24)cc1 is invalid
21:37:01 <WARN> "default" filter: CCCCCCCCOc1ccc(-c2ccc3c(c2)C(C)(C)c2cc(-c4ccc(OCCCCCCCC)cc4)cc4c5cc(-c6ccc(-c7ccc(C(=O)O)cc7)c7nsnc67)ccc5n-3c24)cc1 is invalid
21:37:01 <WARN> "default" filter: CCCCCCCCOc1ccc(-c2ccc3c(c2)c2cc(-c4ccc(OCCCCCCCC)cc4)cc4c2n3-c2ccc(-c3ccc(-c5ccc(C(=O)O)cc5)c5nsnc35)cc2C4(C)C)cc1 is invalid
21:37:01 <WARN> "default" filter: CCCCCCCCOc1ccc(-c2nc3c(-c4ccc(N(c5ccc(C(C)(C)C)cc5)c5ccc(C(C)(C)C)cc5)cc4)c4nc(-c5ccc(OCCCCCCCC)cc5)c(-c5ccc(OCCCCCCCC)cc5)nc4c(-c4ccc(/C=C(\C#N)C(=O)O)s4)c3nc2-c2ccc(OCCCCCCCC)cc2)cc1 is invalid
21:37:01 <WARN> "default" filter: CCCCCCCCOc1ccc(-c2nc3c(-c4ccc(N(c5ccccc5)c5ccccc5)cc4)ccc(-c4ccc(/C=C(\C#N)C(=O)O)s4)c3nc2-c2ccc(OCCCCCCCC)cc2)cc1 is invalid
21:37:01 <WARN> "default" filter: CCCCCCCCOc1ccc(-c2nc3c(-c4ccc5c(c4)C4CCCC4N5c4ccc(C)cc4)ccc(-c4cc5c6nc(CCCCCCCC)c(CCCCCCCC)nc6c6cc(-c7ccc(/C=C(\C#N)C(=O)O)s7)sc6c5s4)c3nc2-c2ccc(OCCCCCCCC)cc2)cc1 is invalid
21:37:01 <WARN> "default" filter: CCCCCCCCOc1ccc(-c2nc3c(-c4ccc5c(c4)C4CCCC4N5c4ccc(C)cc4)ccc(-c4ccc(/C=C(\C#N)C(=O)O)s4)c3nc2-c2ccc(OCCCCCCCC)cc2)cc1 is invalid
21:37:01 <WARN> "default" filter: CCCCCCCCOc1ccc(-c2nc3c(C4=CC=C(/C=C(/C#N)C(=O)O)C4)cnc(-c4ccc5c(c4)C4CCCC4N5c4ccc(C)cc4)c3nc2-c2ccc(OCCCCCCCC)cc2)cc1 is invalid
21:37:01 <WARN> "default" filter: CCCCCCCCOc1ccc(-n2c(-c3ccc(C(=C(c4ccccc4)c4ccccc4)c4ccccc4)cc3)cc3c2cc(-c2ccc(-c4ccc(C=Cc5ccc(-c6ccc(C=C(C#N)C(=O)O)cc6)c6cscc56)s4)cc2)n3-c2ccc(OCCCCCCCC)cc2)cc1 is invalid
21:37:01 <WARN> "default" filter: CCCCCCCCOc1ccc(/C2=C3\C=CC(=N3)/C(c3ccccc3)=c3/cc/c4n3[Zn]n3c(ccc32)/C(c2ccccc2)=C2/C=CC(=N2)/C=4C=CC(=O)O)cc1 is invalid
21:37:01 <WARN> "default" filter: CCCCCCCCOc1ccc(C#Cc2c3cc4ccccc4cc3c(C#C[Si](C(C)C)(C(C)C)C(C)C)c3cc4ccccc4cc23)cc1 is invalid
21:37:01 <WARN> "default" filter: CCCCCCCCOc1ccc(C#Cc2ccc(C#Cc3ccc(OCCCCCCCC)c(OCCCCCCCC)c3)c3nc4c5ccccc5c5ccccc5c4nc23)cc1OCCCCCCCC is invalid
21:37:01 <WARN> "default" filter: CCCCCCCCOc1ccc(C2(c3ccc(OCCCCCCCC)cc3)c3cc4c5cc6c(cc5n(CCCCCCCC)c4cc3-c3sccc32)-c2sc(-c3c(F)c(F)c(-c4ccc(C(=O)O)cc4)c4nsnc34)cc2C6(c2ccc(OCCCCCCCC)cc2)c2ccc(OCCCCCCCC)cc2)cc1 is invalid
21:37:01 <WARN> "default" filter: CCCCCCCCOc1ccc(C2(c3ccc(OCCCCCCCC)cc3)c3cc4c5cc6c(cc5n(CCCCCCCC)c4cc3-c3sccc32)-c2sc(-c3ccc(-c4ccc(C(=O)O)cc4)c4nsnc34)cc2C6(c2ccc(OCCCCCCCC)cc2)c2ccc(OCCCCCCCC)cc2)cc1 is invalid
21:37:01 <WARN> "default" filter: CCCCCCCCOc1ccc(C2=C3C(C)=CC(C)=[N+]3[B-](F)(F)n3c(C)cc(C)c32)cc1 is invalid
21:37:01 <WARN> "default" filter: CCCCCCCCOc1ccc(N(c2ccc(-c3cc4c(s3)-c3cc5c(cc3C4(c3ccc(CCCCCC)cc3)c3ccc(CCCCCC)cc3)-c3sc(-c4c(F)c(F)c(-c6ccc(C(=O)O)cc6)c6nsnc46)cc3C5(c3ccc(CCCCCC)cc3)c3ccc(CCCCCC)cc3)cc2)c2ccc(OCCCCCCCC)cc2OCCCCCCCC)c(OCCCCCCCC)c1 is invalid
21:37:01 <WARN> "default" filter: CCCCCCCCOc1ccc(N(c2ccc(-c3cc4c(s3)-c3cc5c(cc3C4(c3ccc(CCCCCC)cc3)c3ccc(CCCCCC)cc3)-c3sc(-c4ccc(-c6ccc(C(=O)O)cc6)c6nonc46)cc3C5(c3ccc(CCCCCC)cc3)c3ccc(CCCCCC)cc3)cc2)c2ccc(OCCCCCCCC)cc2OCCCCCCCC)c(OCCCCCCCC)c1 is invalid
21:37:01 <WARN> "default" filter: CCCCCCCCOc1ccc(N(c2ccc(-c3cc4c(s3)-c3cc5c(cc3C4(c3ccc(CCCCCC)cc3)c3ccc(CCCCCC)cc3)-c3sc(-c4ccc(-c6ccc(C(=O)O)cc6)c6nsnc46)cc3C5(c3ccc(CCCCCC)cc3)c3ccc(CCCCCC)cc3)cc2)c2ccc(OCCCCCCCC)cc2OCCCCCCCC)c(OCCCCCCCC)c1 is invalid
21:37:01 <WARN> "default" filter: CCCCCCCCOc1ccc(N(c2ccc(-c3cc4c(s3)-c3cc5c(cc3C4(c3ccc(CCCCCC)cc3)c3ccc(CCCCCC)cc3)-c3sc(-c4ccc(-c6ccc(C(=O)O)cc6)cc4)cc3C5(c3ccc(CCCCCC)cc3)c3ccc(CCCCCC)cc3)cc2)c2ccc(OCCCCCCCC)cc2OCCCCCCCC)c(OCCCCCCCC)c1 is invalid
21:37:01 <WARN> "default" filter: CCCCCCCCOc1ccc(N(c2ccc(-c3ccc(/C=C(\C#N)C(=O)O)s3)cc2)c2ccc(N(c3ccccc3)c3ccc4c(c3)Sc3cc(-c5ccc(/C=C(\C#N)C(=O)O)s5)ccc3N4CCCCCCCC)cc2)cc1 is invalid
21:37:01 <WARN> "default" filter: CCCCCCCCOc1ccc(N(c2ccc(-c3ccc4c(c3)Sc3cc(-c5ccc(/C=C(\C#N)C(=O)O)s5)ccc3N4CCCCCCCC)cc2)c2ccc(-c3ccc(/C=C(\C#N)C(=O)O)s3)cc2)cc1 is invalid
21:37:01 <WARN> "default" filter: CCCCCCCCOc1ccc(N(c2ccc(OCCCCCCCC)cc2)c2ccc(-c3c(OCCCCCCCC)c(OCCCCCCCC)c(-c4ccc(/C=c5/sc(=C(C#N)C#N)[nH]c5=O)s4)c4nsnc34)cc2)cc1 is invalid
21:37:01 <WARN> "default" filter: CCCCCCCCOc1ccc(N(c2ccc(OCCCCCCCC)cc2)c2ccc(-c3cc4sc5c6sc7cc(/C=C(/C#N)C(=O)O)sc7c6c(OCC(CC)CCCC)c(OCC(CC)CCCC)c5c4s3)cc2)cc1 is invalid
21:37:01 <WARN> "default" filter: CCCCCCCCOc1ccc(N(c2ccc(OCCCCCCCC)cc2)c2ccc(-c3cc4sc5c6sc7cc(/C=C(\C#N)C(=O)O)sc7c6c6cc(OCC(CC)CCCC)c(OCC(CC)CCCC)cc6c5c4s3)cc2)cc1 is invalid
21:37:01 <WARN> "default" filter: CCCCCCCCOc1ccc(N(c2ccc(OCCCCCCCC)cc2)c2ccc(-c3ccc(-c4c(F)c(F)c(-c5ccc(/C=C(\C#N)C(=O)O)s5)c5nc(-c6ccccc6)c(-c6ccccc6)nc45)s3)cc2)cc1 is invalid
21:37:01 <WARN> "default" filter: CCCCCCCCOc1ccc(N(c2ccc(OCCCCCCCC)cc2)c2ccc(-c3ccc(-c4cc5sc6c7sc8cc(/C=C(\C#N)C(=O)O)sc8c7c7cc(OCC(CC)CCCC)c(OCC(CC)CCCC)cc7c6c5s4)c4nsnc34)cc2)cc1 is invalid
21:37:01 <WARN> "default" filter: CCCCCCCCOc1ccc(N(c2ccc(OCCCCCCCC)cc2)c2ccc(-c3ccc(-c4ccc(/C=C(/C#N)C(=O)O)cc4)c4n[se]nc34)cc2)cc1 is invalid
21:37:01 <WARN> "default" filter: CCCCCCCCOc1ccc(N(c2ccc(OCCCCCCCC)cc2)c2ccc(-c3ccc(-c4ccc(/C=C(/C#N)C(=O)O)s4)c4nc(-c5ccccc5)c(-c5ccccc5)nc34)cc2)cc1 is invalid
21:37:01 <WARN> "default" filter: CCCCCCCCOc1ccc(N(c2ccc(OCCCCCCCC)cc2)c2ccc(-c3ccc(-c4ccc(/C=C(\C#N)C(=O)O)cc4)c4n[se]nc34)cc2)cc1 is invalid
21:37:01 <WARN> "default" filter: CCCCCCCCOc1ccc(N(c2ccc(OCCCCCCCC)cc2)c2ccc(-c3ccc(-c4nc5sc(-c6sc(C=C(C#N)C(=O)O)cc6CCCCCCCC)nc5s4)s3)cc2)cc1 is invalid
21:37:01 <WARN> "default" filter: CCCCCCCCOc1ccc(N(c2ccc(OCCCCCCCC)cc2)c2ccc(-c3sc(-c4ccc(-c5sc(/C=C(/C#N)C(=O)O)c6c5OCCO6)c5nccnc45)c4c3OCCO4)cc2)cc1 is invalid
21:37:01 <WARN> "default" filter: CCCCCCCCOc1ccc(N(c2ccc(OCCCCCCCC)cc2)c2ccc(-c3sc(-c4ccc(-c5sc(/C=C6\SC(=S)N(C(=O)O)C6=O)c6c5OCCO6)c5nccnc45)c4c3OCCO4)cc2)cc1 is invalid
21:37:01 <WARN> "default" filter: CCCCCCCCOc1ccc(N(c2ccc(OCCCCCCCC)cc2)c2ccc3c(c2)-c2cc(N(c4ccc(OCCCCCCCC)cc4)c4ccc(OCCCCCCCC)cc4)ccc2C3=Cc2ccc(-c3ccc(C=C(C#N)C(=O)O)s3)s2)cc1 is invalid
21:37:01 <WARN> "default" filter: CCCCCCCCOc1ccc(N(c2ccc(OCCCCCCCC)cc2)c2ccc3c(c2)-c2cc(N(c4ccc(OCCCCCCCC)cc4)c4ccc(OCCCCCCCC)cc4)ccc2C3=Cc2ccc(-c3sc(C=C(C#N)C(=O)O)cc3CCCCCC)s2)cc1 is invalid
21:37:01 <WARN> "default" filter: CCCCCCCCOc1ccc(OCCCCCCCC)c(/C=C/C2=[N+]3C(=C4c5ccc(/C=C/c6cc(OCCCCCCCC)ccc6OCCCCCCCC)n5[B-](F)(F)[n+]5c4n(c4ccccc45)[B-]3(F)F)C=C2)c1 is invalid
21:37:01 <WARN> "default" filter: CCCCCCCCOc1cccc(OCCCCCCCC)c1-c1ccc(-n2c3cc(C=C(C#N)C(=O)O)sc3c3sc(-c4ccc(N(c5ccc(OCCCCCC)cc5)c5ccc(OCCCCCC)cc5)cc4)cc32)cc1 is invalid
21:37:01 <WARN> "default" filter: CCCCCCCCOc1cccc(OCCCCCCCC)c1/C1=C2\C=CC(=N2)/C(C#Cc2c3ccccc3c(/C=C(\C#N)C(=O)O)c3ccccc23)=c2/cc/c3n2[Zn]n2c1ccc2/C(N(c1ccc(CCCCCC)cc1)c1ccc(CCCCCC)cc1)=C1/C=CC(=N1)/C=3c1c(OCCCCCCCC)cccc1OCCCCCCCC is invalid
21:37:01 <WARN> "default" filter: CCCCCCCCOc1cccc(OCCCCCCCC)c1/C1=C2\C=CC(=N2)/C(C#Cc2c3ccccc3c(C(=O)O)c3ccccc23)=c2/cc/c3n2[Zn]n2c1ccc2/C(N(c1ccc(CCCCCC)cc1)c1ccc(CCCCCC)cc1)=C1/C=CC(=N1)/C=3c1c(OCCCCCCCC)cccc1OCCCCCCCC is invalid
21:37:01 <WARN> "default" filter: CCCCCCCCOc1cccc(OCCCCCCCC)c1/C1=C2\C=CC(=N2)/C(C#Cc2ccc(-c3ccc(C(=O)NN)cc3)c3nsnc23)=c2/cc/c3n2[Zn]n2c(ccc21)/C(c1ccc2c(c1)Sc1cc(-c4ccc5c(c4)C4(c6ccccc6-c6ccccc64)c4ccccc4-5)ccc1N2CCCCCCCC)=C1/C=CC(=N1)/C=3c1c(OCCCCCCCC)cccc1OCCCCCCCC is invalid
21:37:01 <WARN> "default" filter: CCCCCCCCOc1cccc(OCCCCCCCC)c1/C1=C2\C=CC(=N2)/C(C#Cc2ccc(-c3ccc(C(=O)O)cc3)c3nsnc23)=c2/cc/c3n2[Zn]n2c(ccc21)/C(c1ccc2c(c1)Sc1cc(-c4ccc5c(c4)C4(c6ccccc6-c6ccccc64)c4ccccc4-5)ccc1N2CCCCCCCC)=C1/C=CC(=N1)/C=3c1c(OCCCCCCCC)cccc1OCCCCCCCC is invalid
21:37:01 <WARN> "default" filter: CCCCCCCCOc1cccc(OCCCCCCCC)c1/C1=C2\C=CC(=N2)/C(C#Cc2ccc(-c3ccc(C(=O)O)cc3)c3nsnc23)=c2/cc/c3n2[Zn]n2c1cc1c2/C(=C2/C=CC(=N2)/C=3c2c(OCCCCCCCC)cccc2OCCCCCCCC)c2sc(C#Cc3ccc(OCCCCCC)cc3)cc2C1(CCCC)CCCC is invalid
21:37:01 <WARN> "default" filter: CCCCCCCCOc1cccc(OCCCCCCCC)c1/C1=C2\C=CC(=N2)/C(C#Cc2ccc(/C=C(/O)C(=O)O)cc2)=c2/cc/c3n2[Zn]n2c1ccc2/C(N(c1ccc(CCCCCC)cc1)c1ccc(CCCCCC)cc1)=C1/C=CC(=N1)/C=3c1c(OCCCCCCCC)cccc1OCCCCCCCC is invalid
21:37:01 <WARN> "default" filter: CCCCCCCCOc1cccc(OCCCCCCCC)c1/C1=C2\C=CC(=N2)/C(C#Cc2ccc(C(=O)O)c3nsnc23)=c2/cc/c3n2[Zn]n2c1ccc2/C(N(c1ccc(CCCCCC)cc1)c1ccc(CCCCCC)cc1)=C1/C=CC(=N1)/C=3c1c(OCCCCCCCC)cccc1OCCCCCCCC is invalid
21:37:01 <WARN> "default" filter: CCCCCCCCOc1cccc(OCCCCCCCC)c1/C1=C2\C=CC(=N2)/C(C#Cc2ccc(C(=O)O)cc2)=c2/cc/c3n2[Zn]n2c(ccc21)/C(C#CC1=CC=C(n2c4ccc(C(C)(C)C)cc4c4cc(C(C)(C)C)ccc42)CC1)=C1/C=CC(=N1)/C=3c1c(OCCCCCCCC)cccc1OCCCCCCCC is invalid
21:37:01 <WARN> "default" filter: CCCCCCCCOc1cccc(OCCCCCCCC)c1/C1=C2\C=CC(=N2)/C(C#Cc2ccc(C(=O)O)cc2)=c2/cc/c3n2[Zn]n2c(ccc21)/C(C#Cc1c2ccccc2c(N(c2ccc(OC)cc2)c2ccc(OC)cc2)c2ccccc12)=C1/C=CC(=N1)/C=3c1c(OCCCCCCCC)cccc1OCCCCCCCC is invalid
21:37:01 <WARN> "default" filter: CCCCCCCCOc1cccc(OCCCCCCCC)c1/C1=C2\C=CC(=N2)/C(C#Cc2ccc(C(=O)O)cc2)=c2/cc/c3n2[Zn]n2c(ccc21)/C(C#Cc1ccc(N(c2ccc(CCCCCC)cc2)c2ccc(CCCCCC)cc2)cc1)=C1/C=CC(=N1)/C=3c1c(OCCCCCCCC)cccc1OCCCCCCCC is invalid
21:37:01 <WARN> "default" filter: CCCCCCCCOc1cccc(OCCCCCCCC)c1/C1=C2\C=CC(=N2)/C(C#Cc2ccc(C(=O)O)cc2)=c2/cc/c3n2[Zn]n2c(ccc21)/C(C#Cc1ccc(N(c2ccccc2)c2ccccc2)cc1)=C1/C=CC(=N1)/C=3c1c(OCCCCCCCC)cccc1OCCCCCCCC is invalid
21:37:01 <WARN> "default" filter: CCCCCCCCOc1cccc(OCCCCCCCC)c1/C1=C2\C=CC(=N2)/C(C#Cc2ccc(C(=O)O)cc2)=c2/cc/c3n2[Zn]n2c(ccc21)/C=C1/C=CC(=N1)/C=3c1c(OCCCCCCCC)cccc1OCCCCCCCC is invalid
21:37:01 <WARN> "default" filter: CCCCCCCCOc1cccc(OCCCCCCCC)c1/C1=C2\C=CC(=N2)/C(C#Cc2ccc(C(=O)O)cc2)=c2/cc/c3n2[Zn]n2c1ccc2/C(N(c1ccc(C)cc1)c1ccc(C)cc1)=C1/C=CC(=N1)/C=3c1c(OCCCCCCCC)cccc1OCCCCCCCC is invalid
21:37:01 <WARN> "default" filter: CCCCCCCCOc1cccc(OCCCCCCCC)c1/C1=C2\C=CC(=N2)/C(C#Cc2ccc(C(=O)O)cc2)=c2/cc/c3n2[Zn]n2c1ccc2/C(N(c1ccccc1)c1ccccc1)=C1/C=CC(=N1)/C=3c1c(OCCCCCCCC)cccc1OCCCCCCCC is invalid
21:37:01 <WARN> "default" filter: CCCCCCCCOc1cccc(OCCCCCCCC)c1/C1=C2\C=CC(=N2)/C(C#Cc2ccc(C(=O)O)s2)=c2/cc/c3n2[Zn]n2c(ccc21)/C=C1/C=CC(=N1)/C=3c1c(OCCCCCCCC)cccc1OCCCCCCCC is invalid
21:37:01 <WARN> "default" filter: CCCCCCCCOc1cccc(OCCCCCCCC)c1/C1=C2\C=CC(=N2)/C(C#Cc2ccc(N(c3ccc(OC)cc3)c3ccc(OC)cc3)cc2)=c2/cc/c3n2[Zn]n2c(ccc21)/C(C#Cc1ccc(/C=C(\C#N)C(=O)O)cc1)=C1/C=CC(=N1)/C=3c1c(OCCCCCCCC)cccc1OCCCCCCCC is invalid
21:37:01 <WARN> "default" filter: CCCCCCCCOc1cccc(OCCCCCCCC)c1/C1=C2\C=CC(=N2)/C(C#Cc2ccc(N(c3ccc(OC)cc3)c3ccc(OC)cc3)cc2)=c2/cc/c3n2[Zn]n2c(ccc21)/C(C#Cc1ccc(C(=O)O)cc1)=C1/C=CC(=N1)/C=3c1c(OCCCCCCCC)cccc1OCCCCCCCC is invalid
21:37:01 <WARN> "default" filter: CCCCCCCCOc1cccc(OCCCCCCCC)c1/C1=C2\C=CC(=N2)/C(C#Cc2ccc(O)c(=O)cc2)=c2/cc/c3n2[Zn]n2c1ccc2/C(N(c1ccc(CCCCCC)cc1)c1ccc(CCCCCC)cc1)=C1/C=CC(=N1)/C=3c1c(OCCCCCCCC)cccc1OCCCCCCCC is invalid
21:37:01 <WARN> "default" filter: CCCCCCCCOc1cccc(OCCCCCCCC)c1/C1=C2\C=CC(=N2)/C(C#Cc2ccc3c(c2)Sc2ccccc2N3CCCCCCCC)=c2/cc/c3n2[Zn]n2c(ccc21)/C(C#Cc1ccc(C(=O)O)cc1)=C1/C=CC(=N1)/C=3c1c(OCCCCCCCC)cccc1OCCCCCCCC is invalid
21:37:01 <WARN> "default" filter: CCCCCCCCOc1cccc(OCCCCCCCC)c1/C1=C2\C=CC(=N2)/C(CCc2ccc(C(=O)O)cc2)=c2/cc/c3n2[Zn]n2c1ccc2/C(N(c1ccc(CCCCCC)cc1)c1ccc(CCCCCC)cc1)=C1/C=CC(=N1)/C=3c1c(OCCCCCCCC)cccc1OCCCCCCCC is invalid
21:37:01 <WARN> "default" filter: CCCCCCCCOc1cccc(OCCCCCCCC)c1/C1=C2\C=CC(=N2)/C(N(c2ccc(CCCCCC)cc2)c2ccc(CCCCCC)cc2)=c2/cc/c3n2[Zn]n2c(ccc21)/C(C#Cc1ccc(-c2ccc(C(=O)O)cc2)c2nsnc12)=C1/C=CC(=N1)/C=3c1c(OCCCCCCCC)cccc1OCCCCCCCC is invalid
21:37:01 <WARN> "default" filter: CCCCCCCCOc1cccc(OCCCCCCCC)c1/C1=C2\C=CC(=N2)/C(N(c2ccc(CCCCCC)cc2)c2ccc(CCCCCC)cc2)=c2/cc/c3n2[Zn]n2c(ccc21)/C(C#Cc1nc2cc(O)c(O)cc2s1)=C1/C=CC(=N1)/C=3c1c(OCCCCCCCC)cccc1OCCCCCCCC is invalid
21:37:01 <WARN> "default" filter: CCCCCCCCOc1cccc(OCCCCCCCC)c1/C1=C2\C=CC(=N2)/C(N(c2ccc(CCCCCC)cc2)c2ccc(CCCCCC)cc2)=c2/cc/c3n2[Zn]n2c1cc1c2/C(=C2/C=CC(=N2)/C=3c2c(OCCCCCCCC)cccc2OCCCCCCCC)c2sc(-c3ccc(-c4ccc(C(=O)O)cc4)c4nsnc34)cc2C1(CCCC)CCCC is invalid
21:37:01 <WARN> "default" filter: CCCCCCCCOc1cccc(OCCCCCCCC)c1/C1=C2\C=CC(=N2)/C(c2ccc(N(c3ccc(-c4ccc(CCCCCC)s4)cc3)c3ccc(-c4ccc(CCCCCC)s4)cc3)cc2)=c2/cc/c3n2[Zn]n2c(ccc21)/C(C#Cc1ccc(C(=O)O)o1)=C1/C=CC(=N1)/C=3c1c(OCCCCCCCC)cccc1OCCCCCCCC is invalid
21:37:01 <WARN> "default" filter: CCCCCCCCOc1cccc(OCCCCCCCC)c1/C1=C2\C=CC(=N2)/C(c2ccc(N(c3ccc(-c4ccc(CCCCCC)s4)cc3)c3ccc(-c4ccc(CCCCCC)s4)cc3)cc2)=c2/cc/c3n2[Zn]n2c(ccc21)/C(C#Cc1ccc(C(=O)O)s1)=C1/C=CC(=N1)/C=3c1c(OCCCCCCCC)cccc1OCCCCCCCC is invalid
21:37:01 <WARN> "default" filter: CCCCCCCCOc1cccc(OCCCCCCCC)c1/C1=C2\C=CC(=N2)/C(c2ccc(N(c3ccc(OCCCCCC)cc3)c3ccc(OCCCCCC)cc3)cc2)=c2/cc/c3n2[Zn]n2c(ccc21)/C(C#Cc1ccc(-c2ccc(C(=O)O)cc2)c2nn(CCCCCC)nc12)=C1/C=CC(=N1)/C=3c1c(OCCCCCCCC)cccc1OCCCCCCCC is invalid
21:37:01 <WARN> "default" filter: CCCCCCCCOc1cccc(OCCCCCCCC)c1/C1=C2\C=CC(=N2)/C(c2ccc3c(c2)Sc2cc(-c4ccc5c(c4)C4(c6ccccc6-c6ccccc64)c4ccccc4-5)ccc2N3CCCCCCCC)=c2/cc/c3n2[Zn]n2c(ccc21)/C(C#Cc1ccc(-c2ccc(C(=O)O)cc2)c2nsnc12)=C1/C=CC(=N1)/C=3c1c(OCCCCCCCC)cccc1OCCCCCCCC is invalid
21:37:01 <WARN> "default" filter: CCCCCCCCOc1cccc(OCCCCCCCC)c1/C1=C2\C=CC(=N2)/C(c2ccc3c(c2)Sc2cc(-c4ccc5c(c4)C4(c6ccccc6-c6ccccc64)c4ccccc4-5)ccc2N3CCCCCCCC)=c2/cc/c3n2[Zn]n2c(ccc21)/C(C#Cc1ccc(C(=O)O)cc1)=C1/C=CC(=N1)/C=3c1c(OCCCCCCCC)cccc1OCCCCCCCC is invalid
21:37:01 <WARN> "default" filter: CCCCCCCC[N+]1=C(/C=C2/C(=O)C(/C=C3/N(CC)c4ccc(N(c5ccc(OCCCCCC)cc5)c5ccc(OCCCCCC)cc5)cc4C3(C)C)=C2[O-])C(C)(C)c2cc(C(=O)O)ccc21 is invalid
21:37:01 <WARN> "default" filter: CCCCCCCC[N+]1=C(C=C2C(=O)C(c3ccc(-c4ccc(-c5ccc6c(c5)Sc5cc(-c7ccc(OCC(CC)CCCC)cc7)ccc5N6CCCCCC)s4)s3)=C2[O-])C(C)(C)c2cc(C(=O)O)ccc21 is invalid
21:37:01 <WARN> "default" filter: CCCCCCCC[N+]=1c2ccc(-c3ccc(/C=C(\C#N)C(=O)O)s3)cc2C(C)(C)C1/C=C1\C(=O)C(c2ccc(-c3ccc4c(c3)Sc3cc(OCC(CC)CCCC)ccc3N4CCCCCC)s2)=C1[O-] is invalid
21:37:01 <WARN> "default" filter: CCCCCCCC[Si](C)(C)c1cccc2ccccc12 is invalid
21:37:01 <WARN> "default" filter: CCCCCCCC[Si]1(CCCCCCCC)c2cc(/C=C(\C#N)C(=O)O)sc2-c2sc(-c3ccc(-c4ccc(N(c5ccc(OCCCCCC)cc5)c5ccc(OCCCCCC)cc5)cc4)s3)cc21 is invalid
21:37:01 <WARN> "default" filter: CCCCCCCC[Si]1(CCCCCCCC)c2cc(/C=C(\C#N)C(=O)O)sc2-c2sc(-c3ccc(-c4ccc(N(c5ccccc5)c5ccccc5)cc4)s3)cc21 is invalid
21:37:01 <WARN> "default" filter: CCCCCCCC[Si]1(CCCCCCCC)c2cc(C#Cc3ccc(-n4c5ccccc5c5ccccc54)s3)sc2-c2sc(/C=C(\C#N)C(=O)O)cc21 is invalid
21:37:01 <WARN> "default" filter: CCCCCCCC[Si]1(CCCCCCCC)c2ccsc2-c2sc(/C=C(\C#N)C(=O)O)cc21 is invalid
21:37:01 <WARN> "default" filter: CCCCCCCCc1cc(-c2cc3c(s2)/C(=C2\C(=O)N(CC(CC)CCCC)c4cc(-c5ccc(/C=C(\C#N)C(=O)O)cc5)ccc42)C(=O)N3CC(CC)CCCC)sc1-c1ccc(N(c2ccccc2)c2ccccc2)cc1 is invalid
21:37:01 <WARN> "default" filter: CCCCCCCCc1cc(-c2cc3c(s2)/C(=C2\C(=O)N(CC(CC)CCCC)c4cc(-c5ccc(/C=C(\C#N)C(=O)O)cc5)sc42)C(=O)N3CC(CC)CCCC)sc1-c1ccc(N(c2ccccc2)c2ccccc2)cc1 is invalid
21:37:01 <WARN> "default" filter: CCCCCCCCc1cc(-c2cc3c(s2)/C(=C2\C(=O)N(CC(CC)CCCC)c4cc(-c5ccc(C=O)cc5)ccc42)C(=O)N3CC(CC)CCCC)sc1-c1ccc(N(c2ccccc2)c2ccccc2)cc1 is invalid
21:37:01 <WARN> "default" filter: CCCCCCCCc1cc(-c2ccc(-c3cc(CCCCCCCC)c(-c4ccc(-c5ccc(N(c6ccc(CCCCCC)cc6)c6ccc(CCCCCC)cc6)cc5)s4)s3)c3nsnc23)sc1-c1ccc(-c2ccc(/C=C(\C#N)C(=O)O)cc2)s1 is invalid
21:37:01 <WARN> "default" filter: CCCCCCCCc1cc(-c2ccc(-c3cc(CCCCCCCC)c(-c4ccc(-c5ccc(N(c6ccccc6)c6ccccc6)cc5)s4)s3)c3nsnc23)sc1-c1ccc(-c2ccc(/C=C(\C#N)C(=O)O)cc2)s1 is invalid
21:37:01 <WARN> "default" filter: CCCCCCCCc1cc(-c2sc(-c3ccc(-c4cc(CCCCCCCC)c(-c5ccc(-c6ccc(/C=C(\C#N)C(=O)O)cc6)s5)s4)c4nsnc34)cc2CCCCCCCC)sc1-c1ccc(N(c2ccccc2)c2ccccc2)cc1 is invalid
21:37:01 <WARN> "default" filter: CCCCCCCCc1cc(/C=C(/C#N)C(=O)O)sc1-c1ccc(-c2sc(-c3ccc4c(c3)Sc3cc(-c5ccc(OCCCC)cc5)ccc3N4CC(CC)CCCC)cc2CCCCCCCC)s1 is invalid
21:37:01 <WARN> "default" filter: CCCCCCCCc1cc(/C=C(\C#N)C(=O)O)sc1-c1ccc(-c2sc(-c3ccc4c(c3)Sc3cc(-c5ccc(OCCCC)cc5)ccc3N4CC(CC)CCC)cc2CCCCCCCC)s1 is invalid
21:37:01 <WARN> "default" filter: CCCCCCCCc1cc2c3cc(CCCCCCCC)sc3c3nc4c(-c5ccc(-c6ccc(N(c7ccccc7)c7ccccc7)cc6)s5)ccc(-c5ccc(/C=C(\C#N)C(=O)O)s5)c4nc3c2s1 is invalid
21:37:01 <WARN> "default" filter: CCCCCCCCc1ccc(-c2c3cc(-c4cc(CCCCCCCC)c(-c5ccc(-c6sc(/C=C7\SC(=S)N(CC)C7=O)cc6CCCCCCCC)s5)s4)sc3c(-c3ccc(CCCCCCCC)s3)c3cc(-c4cc(CCCCCCCC)c(-c5ccc(-c6sc(/C=C7\SC(=S)N(CC)C7=O)cc6CCCCCCCC)s5)s4)sc23)s1 is invalid
21:37:01 <WARN> "default" filter: CCCCCCCCc1ccc(-c2c3cc(-c4cc(CCCCCCCC)c(-c5ccc(-c6sc(/C=C7\SC(N8CCCCC8)=NC7=O)cc6CCCCCCCC)s5)s4)sc3c(-c3ccc(CCCCCCCC)s3)c3cc(-c4cc(CCCCCCCC)c(-c5ccc(-c6sc(/C=C7\SC(N8CCCCC8)=NC7=O)cc6CCCCCCCC)s5)s4)sc23)s1 is invalid
21:37:01 <WARN> "default" filter: CCCCCCCCc1ccc(-c2c3cc(-c4cc(CCCCCCCC)c(-c5ccc(-c6sc(/C=C7\SC(SCC)=NC7=O)cc6CCCCCCCC)s5)s4)sc3c(-c3ccc(CCCCCCCC)s3)c3cc(-c4cc(CCCCCCCC)c(-c5ccc(-c6sc(/C=C7\SC(SCC)=NC7=O)cc6CCCCCCCC)s5)s4)sc23)s1 is invalid
21:37:01 <WARN> "default" filter: CCCCCCCCc1ccc(-c2ccc(-c3cc(-c4ccc(-c5ccc(CCCCCCCC)s5)c5nsnc45)c4ccc5c(-c6ccc(-c7ccc(CCCCCCCC)s7)c7nsnc67)cc(-c6ccc(-c7ccc(CCCCCCCC)s7)c7nsnc67)c6ccc3c4c65)c3nsnc23)s1 is invalid
21:37:01 <WARN> "default" filter: CCCCCCCCc1ccc(-c2ccc(/C=C(\C#N)c3ccc(-c4cccc5cccc(-c6ccc(/C(C#N)=C/c7ccc(-c8ccc(CCCCCCCC)cc8)cc7)cc6)c45)cc3)cc2)cc1 is invalid
21:37:01 <WARN> "default" filter: CCCCCCCCc1ccc(-c2nc3c(-c4ccc(/C=C(/C#N)C(=O)O)cc4)ccc(-c4cc(CCCCCCCC)c(-c5ccc(N(c6ccccc6)c6ccccc6)cc5)s4)c3nc2-c2ccc(CCCCCCCC)s2)s1 is invalid
21:37:01 <WARN> "default" filter: CCCCCCCCc1ccc(-c2nc3c(-c4ccc(/C=C(/C#N)C(=O)O)cc4)sc(-c4cc(CCCCCCCC)c(-c5ccc(N(c6ccccc6)c6ccccc6)cc5)s4)c3nc2-c2ccc(CCCCCCCC)s2)s1 is invalid
21:37:01 <WARN> "default" filter: CCCCCCCCc1ccc(-c2nc3c(-c4ccc(/C=C(\C#N)C(=O)O)cc4)ccc(-c4cc(CCCCCCCC)c(-c5ccc(N(c6ccccc6)c6ccccc6)cc5)s4)c3nc2-c2ccc(CCCCCCCC)s2)s1 is invalid
21:37:01 <WARN> "default" filter: CCCCCCCCc1ccc(-c2nc3c(-c4ccc(/C=C(\C#N)C(=O)O)cc4)sc(-c4cc(CCCCCCCC)c(-c5ccc(N(c6ccccc6)c6ccccc6)cc5)s4)c3nc2-c2ccc(CCCCCCCC)s2)s1 is invalid
21:37:01 <WARN> "default" filter: CCCCCCCCc1ccc(-c2nc3c4cc(-c5ccc(/C=C(/C#N)C(=O)O)cc5)sc4c4sc(-c5cc(CCCCCCCC)c(-c6ccc(N(c7ccccc7)c7ccccc7)cc6)s5)cc4c3nc2-c2ccc(CCCCCCCC)s2)s1 is invalid
21:37:01 <WARN> "default" filter: CCCCCCCCc1ccc(-c2nc3c4cc(-c5ccc(/C=C(\C#N)C(=O)O)cc5)sc4c4sc(-c5cc(CCCCCCCC)c(-c6ccc(N(c7ccccc7)c7ccccc7)cc6)s5)cc4c3nc2-c2ccc(CCCCCCCC)s2)s1 is invalid
21:37:01 <WARN> "default" filter: CCCCCCCCc1ccc(-n2c3c(c4c2c2c(n4-c4ccc(CCCCCCCC)cc4)-c4ccccc4NB2c2ccccc2)B(c2ccccc2)Nc2ccccc2-3)cc1 is invalid
21:37:01 <WARN> "default" filter: CCCCCCCCc1ccc(/C2=C3\C=CC(=N3)/C(c3ccc(CCCCCCCC)cc3)=c3/cc/c4n3[Zn]n3c2ccc3/C(c2ccc(CCCCCCCC)cc2)=C2/C=C(/C=C/C=C(C(=O)O)C(=O)O)C(=N2)/C=4c2ccc(CCCCCCCC)cc2)cc1 is invalid
21:37:01 <WARN> "default" filter: CCCCCCCCc1ccc(C2(c3ccc(CCCCCCCC)cc3)c3cc4c(cc3-c3cc5c(cc32)-c2cc3c(cc2C5(c2ccc(CCCCCCCC)cc2)c2ccc(CCCCCCCC)cc2)-c2ccc(N(c5ccc(C)cc5)c5ccc(C)cc5)cc2C3(CCCCCCCC)CCCCCCCC)Cc2cc(/C=C(\C#N)C(=O)O)ccc2-4)cc1 is invalid
21:37:01 <WARN> "default" filter: CCCCCCCCc1ccc(C2(c3ccc(CCCCCCCC)cc3)c3cc4c(cc3-c3cc5c(cc32)-c2cc3c(cc2C5(c2ccc(CCCCCCCC)cc2)c2ccc(CCCCCCCC)cc2)-c2ccc(N(c5ccc(N(C)C)cc5)c5ccc(N(C)C)cc5)cc2C3(CCCCCCCC)CCCCCCCC)Cc2cc(/C=C(\C#N)C(=O)O)ccc2-4)cc1 is invalid
21:37:01 <WARN> "default" filter: CCCCCCCCc1ccc(C2(c3ccc(CCCCCCCC)cc3)c3cc4c(cc3-c3cc5c(cc32)-c2cc3c(cc2C5(c2ccc(CCCCCCCC)cc2)c2ccc(CCCCCCCC)cc2)-c2ccc(N5c6ccccc6Sc6ccccc65)cc2C3(CCCCCCCC)CCCCCCCC)Cc2cc(/C=C(\C#N)C(=O)O)ccc2-4)cc1 is invalid
21:37:01 <WARN> "default" filter: CCCCCCCCc1ccc(N(/C2=C3\C=CC(=N3)/C(c3cc(C(C)(C)C)c(OC)c(C(C)(C)C)c3)=c3/cc/c4n3[Zn]n3c(ccc32)/C(c2cc(C(C)(C)C)c(OC)c(C(C)(C)C)c2)=C2/C=CC(=N2)/C=4C#Cc2ccc(C(=O)O)cc2)c2ccc(CCCCCCCC)cc2)cc1 is invalid
21:37:01 <WARN> "default" filter: CCCCCCCCc1ccc(N(/C2=C3\C=CC(=N3)/C(c3cc(C(C)(C)C)cc(C(C)(C)C)c3)=c3/cc/c4n3[Zn]n3c(ccc32)/C(c2cc(C(C)(C)C)cc(C(C)(C)C)c2)=C2/C=CC(=N2)/C=4C#Cc2c3ccccc3c(/C=C(\C#N)C(=O)O)c3ccccc23)c2ccc(CCCCCCCC)cc2)cc1 is invalid
21:37:01 <WARN> "default" filter: CCCCCCCCc1ccc(N(/C2=C3\C=CC(=N3)/C(c3cc(C(C)(C)C)cc(C(C)(C)C)c3)=c3/cc/c4n3[Zn]n3c(ccc32)/C(c2cc(C(C)(C)C)cc(C(C)(C)C)c2)=C2/C=CC(=N2)/C=4C#Cc2c3ccccc3c(C(=O)O)c3ccccc23)c2ccc(CCCCCCCC)cc2)cc1 is invalid
21:37:01 <WARN> "default" filter: CCCCCCCCc1ccc(N(/C2=C3\C=CC(=N3)/C(c3ccc(N(c4ccc(C(C)(C)C)cc4)c4ccc(C(C)(C)C)cc4)cc3)=c3/cc/c4n3[Zn]n3c(ccc32)/C(c2ccc(N(c3ccc(C(C)(C)C)cc3)c3ccc(C(C)(C)C)cc3)cc2)=C2/C=CC(=N2)/C=4C#Cc2ccc(C(=O)O)cc2)c2ccc(CCCCCCCC)cc2)cc1 is invalid
21:37:01 <WARN> "default" filter: CCCCCCCCc1ccc(N(c2ccc(CCCCCCCC)cc2)c2ccc(-c3ccc(C4=C5C(=O)N(CCCCCCCC)C(c6ccc(-c7cc(B(c8c(C)cc(C)cc8C)c8c(C)cc(C)cc8C)c(-c8ncc(C=C(C(=O)O)C(=O)O)s8)s7)s6)=C5C(=O)N4CCCCCCCC)s3)cc2)cc1 is invalid
21:37:01 <WARN> "default" filter: CCCCCCCCc1ccc(N(c2ccc(CCCCCCCC)cc2)c2ccc(-c3ccc(C4=C5C(=O)N(Cc6c(OCC(CC)CCCC)cccc6OCC(CC)CCCC)C(c6ccc(-c7cc(B(c8c(C)cc(C)cc8C)c8c(C)cc(C)cc8C)c(-c8ncc(C=C(C(=O)O)C(=O)O)s8)s7)s6)=C5C(=O)N4Cc4c(OCC(CC)CCCC)cccc4OCC(CC)CCCC)s3)cc2)cc1 is invalid
21:37:01 <WARN> "default" filter: CCCCCCCCc1ccc(N(c2ccc(CCCCCCCC)cc2)c2ccc3c(c2)/C=N/c2ccc(C(=O)O)cc2/N=C/c2cc(N(c4ccc(CCCCCCCC)cc4)c4ccc(CCCCCCCC)cc4)ccc2O[Zn]O3)cc1 is invalid
21:37:01 <WARN> "default" filter: CCCCCCCCc1cccc(CCCCCCCC)c1/C1=C2\C=CC(=N2)/C(N(c2ccc(CCCCCC)cc2)c2ccc(CCCCCC)cc2)=c2/cc/c3n2[Zn]n2c(ccc21)/C(C#Cc1ccc(C(=O)O)c(O)c1)=C1/C=CC(=N1)/C=3c1c(CCCCCCCC)cccc1CCCCCCCC is invalid
21:37:01 <WARN> "default" filter: CCCCCCCCc1cccc(CCCCCCCC)c1/C1=C2\C=CC(=N2)/C(N(c2ccc(CCCCCC)cc2)c2ccc(CCCCCC)cc2)=c2/cc/c3n2[Zn]n2c(ccc21)/C(C#Cc1ccc(C(=O)O)cc1)=C1/C=CC(=N1)/C=3c1c(CCCCCCCC)cccc1CCCCCCCC is invalid
21:37:01 <WARN> "default" filter: CCCCCCCCc1ccsc1-c1cc(CCCCCCCC)c(-c2cc(CCCCCCCC)c(-c3ccc(-c4sc(-c5sc(-c6sc(C=C(C#N)C(=O)O)cc6CCCCCCCC)cc5CCCCCCCC)cc4CCCCCCCC)s3)s2)s1 is invalid
21:37:01 <WARN> "default" filter: CCCCCCCCc1ccsc1-c1ccc(-c2sc(-c3ccc(-c4cc(CCCCCCCC)c(-c5ccc(-c6sc(C=C(C#N)C(=O)O)cc6CCCCCCCC)s5)s4)s3)cc2CCCCCCCC)s1 is invalid
21:37:01 <WARN> "default" filter: CCCCCCCCc1nc2c3cc(-c4ccc(/C=C(\C#N)C(=O)O)s4)sc3c3sc(-c4ccc(-c5ccc6c(c5)C5CCCC5N6c5ccc(C)cc5)c5nc(-c6ccccc6)c(-c6ccccc6)nc45)cc3c2nc1CCCCCCCC is invalid
21:37:01 <WARN> "default" filter: CCCCCCCCc1nc2c3cc(-c4ccc(/C=C(\C#N)C(=O)O)s4)sc3c3sc(-c4ccc(-c5ccc6c(c5)C5CCCC5N6c5ccc(C)cc5)c5nc6c7ccccc7c7ccccc7c6nc45)cc3c2nc1CCCCCCCC is invalid
21:37:01 <WARN> "default" filter: CCCCCCCCn1c(-c2ccc(C3=C(C)C4=C(CCCCC)c5c(C)c(C=C(C#N)C(=O)O)c(C)n5[B-](F)(F)[N+]4=C3C)cc2)nc2c3ccc(OC)cc3c3cc(OC)ccc3c21 is invalid
21:37:01 <WARN> "default" filter: CCCCCCCCn1c(-c2ccc(C3=C(C)C4=C(CCCCC)c5c(C)c(C=C(C#N)C(=O)O)c(C)n5[B-](F)(F)[N+]4=C3C)cc2)nc2c3ccccc3c3ccccc3c21 is invalid
21:37:01 <WARN> "default" filter: CCCCCCCCn1c(-c2ccc(C3=C(C)C4=C(CCCCC)c5c(C)c(C=C(C#N)C(=O)O)c(C)n5[B-](F)(F)[N+]4=C3C)s2)nc2c3ccc(OC)cc3c3cc(OC)ccc3c21 is invalid
21:37:01 <WARN> "default" filter: CCCCCCCCn1c(-c2ccc(C3=C(C)C4=C(CCCCC)c5c(C)c(C=C(C#N)C(=O)O)c(C)n5[B-](F)(F)[N+]4=C3C)s2)nc2c3ccccc3c3ccccc3c21 is invalid
21:37:01 <WARN> "default" filter: CCCCCCCCn1c(-c2ccc(C3=C(C)C4=C(CCCCCC)c5c(C)c(C=C(C#N)C(=O)O)c(C)n5[B-](F)(F)[N+]4=C3C)s2)nc(-c2ccc(OC)cc2)c1-c1ccc(OC)cc1 is invalid
21:37:01 <WARN> "default" filter: CCCCCCCCn1c(=C(C#N)C#N)s/c(=c2/c(=C\c3ccc(-c4ccc5c(c4)C4CCCC4N5c4ccc5c(c4)C(CCCC)(CCCC)c4ccccc4-5)s3)sc(=O)n2CCCCCCCC)c1=O is invalid
21:37:01 <WARN> "default" filter: CCCCCCCCn1c(=C(C#N)C#N)s/c(=c2/c(=C\c3ccc(-c4ccc5c(c4)C4CCCC4N5c4ccc5c(c4)C(CCCCCCCC)(CCCCCCCC)c4ccccc4-5)s3)sc(=O)n2CC(=O)O)c1=O is invalid
21:37:01 <WARN> "default" filter: CCCCCCCCn1c(=O)/c(=c2\c(=Cc3ccc4c(c3)C3CCCC3N4c3ccc(C=C(c4ccccc4)c4ccccc4)cc3)sc(=O)n2CC(=O)O)s/c1=C1/SC(=S)N(c2ccccc2)C1=O is invalid
21:37:01 <WARN> "default" filter: CCCCCCCCn1c(=O)c2cc3c(C#Cc4ccc(N(c5ccccc5)c5ccccc5)cc4)c4cc5c(=O)n(CCCCCCCC)c(=O)c5cc4c(C#Cc4ccc(N(c5ccccc5)c5ccccc5)cc4)c3cc2c1=O is invalid
21:37:01 <WARN> "default" filter: CCCCCCCCn1c2c(c3ccccc31)-c1c(c3ccccc3n1CCCCCCCC)-c1c(c3cc(-c4ccc(-c5ccc(/C=C(\C#N)C(=O)O)s5)s4)ccc3n1CCCCCCCC)-c1c-2c2ccccc2n1CCCCCCCC is invalid
21:37:01 <WARN> "default" filter: CCCCCCCCn1c2cc(/C=C/c3ccc(N(c4ccccc4)c4ccccc4)cc3)ccc2c2cc3c(cc21)c1ccc(/C=C/c2ccc(N(c4ccccc4)c4ccccc4)cc2)cc1n3CCCCCCCC is invalid
21:37:01 <WARN> "default" filter: CCCCCCCCn1c2ccc(-c3ccc(N(c4ccc(OC)cc4)c4ccc(OC)cc4)cc3)cc2c(=O)c2cc3c(cc21)c(=O)c1cc(-c2ccc(C=C(C#N)C(=O)O)o2)ccc1n3CCCCCCCC is invalid
21:37:01 <WARN> "default" filter: CCCCCCCCn1c2ccc(-c3ccc(N(c4ccccc4)c4ccccc4)cc3)cc2c(=O)c2cc3c(cc21)c(=O)c1cc(-c2ccc(C=C(C#N)C(=O)O)o2)ccc1n3CCCCCCCC is invalid
21:37:01 <WARN> "default" filter: CCCCCCCCn1c2ccc(/C=C/c3ccc(N(c4ccccc4)c4ccccc4)cc3)cc2c2cc3c(cc21)c1cc(/C=C/c2ccc(N(c4ccccc4)c4ccccc4)cc2)ccc1n3CCCCCCCC is invalid
21:37:01 <WARN> "default" filter: CCCCCCCCn1c2ccc(C=C(C#N)C(=O)O)cc2c2cc(-c3ccc(N(c4ccc(-c5ccc6c(c5)c5cc(C=C(C#N)C(=O)O)ccc5n6CCCCCCCC)cc4)c4ccc(C)cc4C)cc3)ccc21 is invalid
21:37:01 <WARN> "default" filter: CCCCCCCCn1c2ccc(C=Cc3ccc(N(c4ccccc4)c4ccccc4)cc3)cc2c(=O)c2cc3c(cc21)c(=O)c1cc(-c2ccc(C=C(C#N)C(=O)O)o2)ccc1n3CCCCCCCC is invalid
21:37:01 <WARN> "default" filter: CCCCCCCCn1c2ccccc2c2c(-c3ccc(N(CC)CC)cc3)c3c(c(-c4ccc(N(CC)CC)cc4)c21)c1cc(-c2ccc(/C=C(\C#N)C(=O)O)s2)ccc1n3CCCCCCCC is invalid
21:37:01 <WARN> "default" filter: CCCCCCCCn1c2ccccc2c2c1c1c3ccccc3n(CCCCCCCC)c1c1c3cc(-c4ccc(-c5ccc(C=C(C#N)C(=O)O)cc5)c5nsnc45)ccc3n(CCCCCCCC)c21 is invalid
21:37:01 <WARN> "default" filter: CCCCCCCCn1c2ccccc2c2c1c1c3ccccc3n(CCCCCCCC)c1c1c3cc(C#Cc4ccc(-c5ccc(C(=O)O)cc5)c5nsnc45)ccc3n(CCCCCCCC)c21 is invalid
21:37:01 <WARN> "default" filter: CCCCCCCCn1c2ccccc2c2c1c1c3ccccc3n(CCCCCCCC)c1c1c3cc(C#Cc4ccc(-c5ccc(C=C(C#N)C(=O)O)cc5)c5nsnc45)ccc3n(CCCCCCCC)c21 is invalid
21:37:01 <WARN> "default" filter: CCCCCCCCn1c2ccccc2c2cc(/C=C/c3cc(C)c4n3[B-](F)(F)[N+]3=C(/C=C/c5ccc6c7ccccc7n(CCCCCCCC)c6c5)C=C(C)C3=C4c3ccc(C(=O)O)cc3)ccc21 is invalid
21:37:01 <WARN> "default" filter: CCCCCCCCn1c2ccccc2c2cc(C3=C(C)C4=C(CCCCC)c5c(C)c(/C=C(\C#N)C(=O)O)c(C)n5[B-](F)(F)[N+]4=C3C)ccc21 is invalid
21:37:01 <WARN> "default" filter: CCCCCCCCn1c2ccccc2c2cc(C3=C(C)C4=C(CCCCC)c5c(C)c(C=C(C#N)C(=O)O)c(C)n5[B-](F)(F)[N+]4=C3C)ccc21 is invalid
21:37:01 <WARN> "default" filter: CCCCCCCCn1c2ccccc2c2cc3c(cc21)c1cc(-c2cc(CCCCCC)c(-c4cc(CCCCCC)c(-c5cc(CCCCCC)c(/C=C(\C#N)C(=O)O)s5)s4)s2)ccc1n3CCCCCCCC is invalid
21:37:01 <WARN> "default" filter: CCCCCCCCn1c2ccccc2c2ccc(/C=C/c3ccc(N(c4ccc(/C=C/c5ccc6c7ccccc7n(CCCCCCCC)c6c5)cc4)c4ccc(/C=C(\C#N)C(=O)O)cc4)cc3)cc21 is invalid
21:37:01 <WARN> "default" filter: CCCCCCCCn1c2ccccc2c2ccc(C3=C(C)C4=C(CCCCC)c5c(C)c(/C=C(\C#N)C(=O)O)c(C)n5[B-](F)(F)[N+]4=C3C)cc21 is invalid
21:37:01 <WARN> "default" filter: CCCCCCCCn1c2ccccc2c2ccc(C3=C(C)C4=C(CCCCC)c5c(C)c(C=C(C#N)C(=O)O)c(C)n5[B-](F)(F)[N+]4=C3C)cc21 is invalid
21:37:01 <WARN> "default" filter: CCCCCCCCn1cc(-n2c(-c3cc(-c4nc5ccc(C)cc5n4-c4cn(CCCCCCCC)nn4)cc(-c4nc5ccc(C)cc5n4-c4cn(CCCCCCCC)nn4)c3)nc3ccc(C)cc32)nn1 is invalid
21:37:01 <WARN> "default" filter: CCCCCCCCn1nc2c(-c3ccc(/C=C(/C#N)C(=O)O)cc3)c3nc(-c4ccccc4)c(-c4ccccc4)nc3c(-c3ccc(-c4ccc(N5c6ccccc6C6C7CCC(C7)C65)cc4)s3)c2n1 is invalid
21:37:01 <WARN> "default" filter: CCCCCCCCn1nc2c(-c3ccc(/C=C(/C#N)C(=O)O)s3)c3nc(-c4ccccc4)c(-c4ccccc4)nc3c(-c3ccc(-c4ccc(N5c6ccccc6C6C7CCC(C7)C65)cc4)s3)c2n1 is invalid
21:37:01 <WARN> "default" filter: CCCCCCCCn1nc2c(-c3ccc(/C=C(\C#N)C(=O)O)cc3)c3nc(-c4ccccc4)c(-c4ccccc4)nc3c(-c3ccc(-c4ccc(N(c5ccccc5)c5ccccc5)cc4)s3)c2n1 is invalid
21:37:01 <WARN> "default" filter: CCCCCCCCn1nc2c(-c3ccc(/C=C(\C#N)C(=O)O)s3)c3nc(-c4ccccc4)c(-c4ccccc4)nc3c(-c3ccc(-c4cccc5c4C4C6CCC(C6)C4N5c4ccccc4)s3)c2n1 is invalid
21:37:01 <WARN> "default" filter: CCCCCCCCn1nc2c(-c3ccc4c(c3)C3CCCC3N4c3ccc(C)cc3)ccc(-c3cc4c(s3)C(CCCCCCCC)(CCCCCCCC)c3cc(/C=C(\C#N)C(=O)O)sc3-4)c2n1 is invalid
21:37:01 <WARN> "default" filter: CCCCCCCN1/C(=C/C2=C([O-])/C(=C\C3=[N+](CCCCCCC)c4ccc(C5=C([O-])/C(=C\C6=[N+](CCCC)c7ccc(C(=O)O)cc7C6(C)C)C5=O)cc4C3(C)C)C2=O)C(C)(C)c2cc(C3=C([O-])C(=CC4=[N+](CCCC)c5ccccc5C4(C)C)C3=O)ccc21 is invalid
21:37:01 <WARN> "default" filter: CCCCCCCc1cc2c(o1)=CC1=C3c4cc5oc(CCCCCCC)cc5n4[B-](F)(F)[n+]4nnn(c43)[B-](F)(F)[N+]=21 is invalid
21:37:01 <WARN> "default" filter: CCCCCCCc1ccc(C2=[N+]3C(=C4c5cc(OCC(CC)CC)c(-c6ccc(CCCCCCC)o6)n5[B-](F)(F)[n+]5c4n(c4cc(C(C)(C)C)ccc45)[B-]3(F)F)C=C2OCC(CC)CC)o1 is invalid
21:37:01 <WARN> "default" filter: CCCCCCCc1ccc(C2=[N+]3C(=C4c5cc(OCC(CC)CC)c(-c6ccc(CCCCCCC)o6)n5[B-](F)(F)[n+]5nnn(c54)[B-]3(F)F)C=C2OCC(CC)CC)o1 is invalid
21:37:01 <WARN> "default" filter: CCCCCCCn1c2ccc(/C=C(/C#N)C(=O)O)cc2c2cc(/C=C/c3ccc(N(c4ccccc4)c4ccc(/C=C/c5ccc6c(c5)c5cc(/C=C(\C#N)C(=O)O)ccc5n6CCCCCCC)cc4)cc3)ccc21 is invalid
21:37:01 <WARN> "default" filter: CCCCCCCn1c2ccc(/C=C(\C#N)C(=O)O)cc2c2ccc(/C=C/c3ccc(N(c4ccc(/C=C/c5ccc6c7cc(/C=C(\C#N)C(=O)O)ccc7n(CCCCCCC)c6c5)cc4)c4ccc(/C=C/c5ccc6c7cc(/C=C(\C#N)C(=O)O)ccc7n(CCCCCCC)c6c5)cc4)cc3)cc21 is invalid
21:37:01 <WARN> "default" filter: CCCCCCCn1c2ccc(/C=C(\C#N)C(=O)O)cc2c2ccc(/C=C/c3ccc(N(c4ccccc4)c4ccc(/C=C/c5ccc6c7cc(/C=C(\C#N)C(=O)O)ccc7n(CCCCCCC)c6c5)cc4)cc3)cc21 is invalid
21:37:01 <WARN> "default" filter: CCCCCCCn1c2ccc(C=C(C#N)C(=O)O)cc2c2ccc(/C=C\c3ccc(N(c4ccc(/C=C\c5ccc6c7cc(C=C(C#N)C(=O)O)ccc7n(CCCCCCC)c6c5)cc4)c4ccc(/C=C/c5ccc6c7cc(C=C(C#N)C(=O)O)ccc7n(CCCCCCC)c6c5)cc4)cc3)cc21 is invalid
21:37:01 <WARN> "default" filter: CCCCCCCn1c2ccc(C=C(C#N)C(=O)O)cc2c2ccc(/C=C\c3ccc(N(c4ccccc4)c4ccc(/C=C/c5ccc6c7cc(C=C(C#N)C(=O)O)ccc7n(CCCCCCC)c6c5)cc4)cc3)cc21 is invalid
21:37:01 <WARN> "default" filter: CCCCCCN(CCCCCC)c1ccc(C#Cc2ccc(C#Cc3ccc(-c4ccc(C#Cc5ccc(C#Cc6ccc(N(CCCCCC)CCCCCC)cc6)cc5)cc4)cc3)cc2)cc1 is invalid
21:37:01 <WARN> "default" filter: CCCCCCN(CCCCCC)c1ccc(N(c2ccc(-c3cc4c(s3)c3sc(/C=C(\C#N)C(=O)O)cc3n4CCCCCC)cc2)c2ccc3c(c2)C(CCCCCC)(CCCCCC)c2c4c(c5c(c2-3)C(CCCCCC)(CCCCCC)c2ccccc2-5)C(CCCCCC)(CCCCCC)c2ccccc2-4)cc1 is invalid
21:37:01 <WARN> "default" filter: CCCCCCN(c1ccc(/C=C(\C#N)c2ccc(-c3ccc(/C=C4\SC(=S)N(CC(=O)O)C4=O)cc3)cc2)cc1)c1ccc(/C=C(\C#N)c2ccc(-c3ccc(/C=C4/SC(=S)N(CC(=O)O)C4=O)cc3)cc2)cc1 is invalid
21:37:01 <WARN> "default" filter: CCCCCCN1/C(=C\C2=C([O-])/C(=C\C3=[N+](C)c4ccc(-c5sc(/C=C(\C#N)C(=O)O)c6c5OCC5(CO6)COc6c(/C=C(\C#N)C(=O)O)sc(-c7ccc8c(c7)CC(/C=C7/C(=O)C(/C=C9\N(CCCCCC)c%10ccccc%10C9(C)C)=C7[O-])=[N+]8C)c6OC5)cc4C3)C2=O)C(C)(C)c2ccccc21 is invalid
21:37:01 <WARN> "default" filter: CCCCCCN1/C(=C\C2=C([O-])/C(=C\C3=[N+](C)c4ccc(-c5sc(/C=C(\C#N)C(=O)O)c6c5OC[C@]5(COc7c(/C=C(\C#N)C(=O)O)sc(-c8ccc(N(c9ccc(OC)cc9)c9ccc(OC)cc9)cc8)c7OC5)CO6)cc4C3)C2=O)C(C)(C)c2ccccc21 is invalid
21:37:01 <WARN> "default" filter: CCCCCCN1B2c3c(cccc3-c3cc(-c4cccs4)ccc3N2CCCCCC)-c2cc(-c3cccs3)ccc21 is invalid
21:37:01 <WARN> "default" filter: CCCCCCN1B2c3c(cccc3-c3cc4c(cc3N2CCCCCC)-c2cccc3c2B(N(CCCCCC)c2ccccc2-3)N4CCCCCC)-c2ccccc21 is invalid
21:37:01 <WARN> "default" filter: CCCCCCN1B2c3c(cccc3-c3ccccc3N2CCCCCC)-c2ccccc21 is invalid
21:37:01 <WARN> "default" filter: CCCCCCN1B2c3c4c(cc(-c5ccccc5)c5cccc1c54)cc1cc(-c4ccccc4)c4cccc(c4c31)N2CCCCCC is invalid
21:37:01 <WARN> "default" filter: CCCCCCN1C(=CC2=C([O-])C(=CC3=[N+](CCCCCC)c4ccc(-c5cc6c(OCC(CC)CCCC)c7sc(C=C(C#N)C(=O)O)cc7c(OCC(CC)CCCC)c6s5)cc4C3(C)C)C2=O)C(C)(C)c2ccccc21 is invalid
21:37:02 <WARN> "default" filter: CCCCCCN1c2ccc(-c3ccc(OC[C@@H](CC)CCCC)cc3)cc2Sc2cc(-c3ccc(-c4cc5[nH]c6cc([C@H](C#N)C(=O)O)sc6c5s4)c4nc(-c5ccc(OC[C@@H](CC)CCCC)cc5)c(-c5ccc(OC[C@@H](CC)CCCC)cc5)nc34)ccc21 is invalid
21:37:02 <WARN> "default" filter: CCCCCCN1c2ccc(-c3ccc4[n+](c3)[B-](F)(F)N3C=CC=CC3=C4C#N)cc2Sc2cc(-c3ccc(C=C(C#N)C(=O)O)s3)ccc21 is invalid
21:37:02 <WARN> "default" filter: CCCCCCN1c2ccc(/C=C(/C#N)C(=O)O)cc2Sc2cc(-c3ccc(-c4ccc5[n+](c4)[B-](F)(F)N4C=CC=CC4=C5C#N)s3)ccc21 is invalid
21:37:02 <WARN> "default" filter: CCCCCCN1c2ccc(/C=C(/C#N)C(=O)O)cc2Sc2cc(-n3c4ccc(-n5c6ccc(C(C)(C)C)cc6c6cc(C(C)(C)C)ccc65)cc4c4cc(-n5c6ccc(C(C)(C)C)cc6c6cc(C(C)(C)C)ccc65)ccc43)ccc21 is invalid
21:37:02 <WARN> "default" filter: CCCCCCN1c2ccc(/C=C(\C#N)C(=O)O)cc2Sc2cc(-c3ccc(N(c4ccc(-c5ccc6c(c5)Sc5cc(/C=C(\C#N)C(=O)O)ccc5N6CCCCCC)cc4)c4ccc(-c5ccc6c(c5)Sc5cc(/C=C(\C#N)C(=O)O)ccc5N6CCCCCC)cc4)cc3)ccc21 is invalid
21:37:02 <WARN> "default" filter: CCCCCCN1c2ccc(/C=C(\C#N)C(=O)O)cc2Sc2cc(-c3ccc(N(c4ccc(C)cc4)c4ccc(-c5ccc(N(c6ccc(C)cc6)c6ccc(-c7ccc8c(c7)Sc7cc(/C=C(\C#N)C(=O)O)ccc7N8CCCCCC)cc6)cc5)cc4)cc3)ccc21 is invalid
21:37:02 <WARN> "default" filter: CCCCCCN1c2ccc(/C=C(\C#N)C(=O)O)cc2Sc2cc(-c3ccc(N(c4ccc(C)cc4)c4ccc(-c5ccc6c(c5)Sc5cc(/C=C(\C#N)C(=O)O)ccc5N6CCCCCC)cc4)cc3)ccc21 is invalid
21:37:02 <WARN> "default" filter: CCCCCCN1c2ccc(/C=C(\C#N)C(=O)O)cc2Sc2cc(-c3ccc4c(c3)C(c3ccccc3OC)=[N+]3C4Cc4c5ccccc5c(-c5ccccc5OC)n4[B-]3(F)F)ccc21 is invalid
21:37:02 <WARN> "default" filter: CCCCCCN1c2ccc(/C=C(\C#N)C(=O)O)cc2Sc2cc(-n3c4ccc(-n5c6ccc(C(C)(C)C)cc6c6cc(C(C)(C)C)ccc65)cc4c4cc(-n5c6ccc(C(C)(C)C)cc6c6cc(C(C)(C)C)ccc65)ccc43)ccc21 is invalid
21:37:02 <WARN> "default" filter: CCCCCCN1c2ccc(/C=C3\SC(=S)N(CC(=O)O)C3=O)cc2Sc2cc(-n3c4ccc(-n5c6ccc(C(C)(C)C)cc6c6cc(C(C)(C)C)ccc65)cc4c4cc(-n5c6ccc(C(C)(C)C)cc6c6cc(C(C)(C)C)ccc65)ccc43)ccc21 is invalid
21:37:02 <WARN> "default" filter: CCCCCCN1c2ccc(/C=C\c3ccc4c(c3)Sc3cc(/C=C(\C#N)C(=O)O)ccc3N4CCCCCC)cc2Sc2cc(/C=C/c3ccc(N(c4ccccc4)c4ccccc4)cc3)ccc21 is invalid
21:37:02 <WARN> "default" filter: CCCCCCN1c2ccc(C#Cc3ccc(-c4ccc(C#Cc5ccc6c(c5)Sc5cc(/C=C(/C#N)C(=O)O)ccc5N6CCCCCC)cc4)cc3)cc2Sc2cc(/C=C(/C#N)C(=O)O)ccc21 is invalid
21:37:02 <WARN> "default" filter: CCCCCCN1c2ccc(C#Cc3ccc4c(c3)C(CCCC)(CCCC)c3cc(C#Cc5ccc6c(c5)Sc5cc(/C=C(/C#N)C(=O)O)ccc5N6CCCCCC)ccc3-4)cc2Sc2cc(/C=C(/C#N)C(=O)O)ccc21 is invalid
21:37:02 <WARN> "default" filter: CCCCCCN1c2ccc(C=C3SC(=S)N(CC(=O)O)C3=O)cc2Sc2cc(-n3c4ccc(-n5c6ccc(C(C)(C)C)cc6c6cc(C(C)(C)C)ccc65)cc4c4cc(-n5c6ccc(C(C)(C)C)cc6c6cc(C(C)(C)C)ccc65)ccc43)ccc21 is invalid
21:37:02 <WARN> "default" filter: CCCCCCN1c2ccccc2Sc2cc(-c3ccc(N(c4ccc(-c5cc6c(s5)-c5sc(/C=C(\C#N)C(=O)O)cc5C6(CCCCCC)CCCCCC)cc4)c4ccc5c(c4)C(CCCCCC)(CCCCCC)c4c6c(c7c(c4-5)C(CCCCCC)(CCCCCC)c4ccccc4-7)C(CCCCCC)(CCCCCC)c4ccccc4-6)cc3)ccc21 is invalid
21:37:02 <WARN> "default" filter: CCCCCCN1c2ccccc2Sc2cc(/C=C\c3cc(-c4ccc(/C=C(/C#N)C(=O)O)s4)c(-c4ccc(C=C(C#N)C(=O)O)s4)cc3/C=C/c3ccc4c(c3)Sc3ccccc3N4CCCCCC)ccc21 is invalid
21:37:02 <WARN> "default" filter: CCCCCCN1c2ccccc2Sc2cc(C(c3ccc(-c4cc5c(s4)-c4sc(/C=C(\C#N)C(=O)O)cc4C5(CCCCCC)CCCCCC)cc3)c3ccc4c(c3)C(CCCCCC)(CCCCCC)c3c5c(c6c(c3-4)C(CCCCCC)(CCCCCC)c3ccccc3-6)C(CCCCCC)(CCCCCC)c3ccccc3-5)ccc21 is invalid
21:37:02 <WARN> "default" filter: CCCCCCNc1cccc2[n+]1[B-](F)(F)n1c(c3cccc4cccc1c43)=N2 is invalid
21:37:02 <WARN> "default" filter: CCCCCCOC(=O)/C=C/C1=CC2=C(c3c(C)cc(C)cc3C)c3cc(/C=C/C(=O)OCCCCCC)cn3[B-](F)(F)[N+]2=C1 is invalid
21:37:02 <WARN> "default" filter: CCCCCCOc1c(Cl)c(Oc2ccc(S(=O)(=O)O)cc2)c(OCCCCCC)c2c1C1=N/C2=N\c2c3c(OCCCCCC)c(Cl)c(Oc4ccc(S(=O)(=O)O)cc4)c(OCCCCCC)c3c3n2[Zn]n2/c(c4c(OCCCCCC)c(Cl)c(Oc5ccc(S(=O)(=O)O)cc5)c(OCCCCCC)c4/c2=N/1)=N\C1=N/C(=N\3)c2c(OCCCCCC)c(Cl)c(Oc3ccc(S(=O)(=O)O)cc3)c(OCCCCCC)c21 is invalid
21:37:02 <WARN> "default" filter: CCCCCCOc1c(OC)cc(/C2=C3\C=CC(=N3)/C(C#Cc3ccc(/C=C\C(=O)O)s3)=c3/cc/c4n3[Zn]n3c2ccc3/C(c2cc3ccc5cccc6ccc(c2)c3c56)=C2/C=CC(=N2)/C=4c2cc(OC)c(OCCCCCC)c(OC)c2)cc1OC is invalid
21:37:02 <WARN> "default" filter: CCCCCCOc1c(OC)cc(/C2=c3\cc/c4n3[Zn]n3c(ccc3/C(c3cc5cccc6ccc7cccc3c7c65)=C3/C=CC2=N3)/C(c2cc(OC)c(COCCCCC)c(OC)c2)=C2/C=CC(=N2)/C=4C#Cc2ccc(/C=C(/C#N)C(=O)O)s2)cc1OC is invalid
21:37:02 <WARN> "default" filter: CCCCCCOc1c(OC)cc(/C2=c3\cc/c4n3[Zn]n3c(ccc3/C(c3cc5cccc6ccc7cccc3c7c65)=C3/C=CC2=N3)/C(c2cc(OC)c(COCCCCC)c(OC)c2)=C2/C=CC(=N2)/C=4C#Cc2ccc(C=C(C(=O)O)C(=O)O)s2)cc1OC is invalid
21:37:02 <WARN> "default" filter: CCCCCCOc1c(OC)cc(/C2=c3\cc/c4n3[Zn]n3c(ccc3/C(c3ccc5c(c3)C(CCCCCC)(CCCCCC)c3ccccc3-5)=C3/C=CC2=N3)/C(c2cc(OC)c(COCCCCC)c(OC)c2)=C2/C=CC(=N2)/C=4C#Cc2ccc(/C=C(/C#N)C(=O)O)s2)cc1OC is invalid
21:37:02 <WARN> "default" filter: CCCCCCOc1c(OC)cc(/C2=c3\cc/c4n3[Zn]n3c(ccc3/C(c3ccc5c(c3)C(CCCCCC)(CCCCCC)c3ccccc3-5)=C3/C=CC2=N3)/C(c2cc(OC)c(COCCCCC)c(OC)c2)=C2/C=CC(=N2)/C=4C#Cc2ccc(C=C(C(=O)O)C(=O)O)s2)cc1OC is invalid
21:37:02 <WARN> "default" filter: CCCCCCOc1c(OCCCCCC)c(-c2cc(CCCCCC)c(-c3ccc(N(c4ccc(C)cc4)c4ccc(C)cc4)cc3)s2)c2nc3c4ccccc4c4ccccc4c3nc2c1-c1cc(CCCCCC)c(/C=C(\C#N)C(=O)O)s1 is invalid
21:37:02 <WARN> "default" filter: CCCCCCOc1c(OCCCCCC)c(-c2cc(CCCCCC)c(-c3ccc(N(c4ccc(OC)cc4)c4ccc(OC)cc4)cc3)s2)c2nc3c4ccccc4c4ccccc4c3nc2c1-c1cc(CCCCCC)c(/C=C(\C#N)C(=O)O)s1 is invalid
21:37:02 <WARN> "default" filter: CCCCCCOc1c(OCCCCCC)c(-c2cc(CCCCCC)c(-c3ccc(N(c4ccccc4)c4ccccc4)cc3)s2)c2nc3c4ccccc4c4ccccc4c3nc2c1-c1cc(CCCCCC)c(/C=C(\C#N)C(=O)O)s1 is invalid
21:37:02 <WARN> "default" filter: CCCCCCOc1c(OCCCCCC)c2cc(-c3cc4c(s3)-c3sc(/C=C(\C#N)C(=O)O)cc3C4(CCCCCC)CCCCCC)sc2c2sc(-c3ccc(N(c4ccccc4)c4ccccc4)cc3)cc12 is invalid
21:37:02 <WARN> "default" filter: CCCCCCOc1c(OCCCCCC)c2cc(-c3cc4c5nn([C@@H](CC)CCCCC)nc5c5cc(/C=C(/C#N)C(=O)O)sc5c4s3)sc2c2sc(-c3ccc(N(c4ccccc4)c4ccccc4)cc3)cc12 is invalid
21:37:02 <WARN> "default" filter: CCCCCCOc1c2ccc(N(c3ccc4c(c3)C(CC)(CC)c3ccccc3-4)c3ccc4c(c3)C(CC)(CC)c3ccccc3-4)cc2c(OCCCCCC)c2ccc(-c3ccc(C=C(C#N)C(=O)O)s3)cc12 is invalid
21:37:02 <WARN> "default" filter: CCCCCCOc1cc(-c2ccc(-n3c(/C=C/c4ccc(N(c5ccccc5)c5ccccc5)cc4)ccc3/C=C(\C#N)C(=O)O)cc2)c(OCCCCCC)cc1-c1ccc(-n2c(/C=C/c3ccc(N(c4ccccc4)c4ccccc4)cc3)ccc2/C=C(\C#N)C(=O)O)cc1 is invalid
21:37:02 <WARN> "default" filter: CCCCCCOc1cc(-n2cc(-c3ccc(N(c4ccc(-c5cn(-c6cc(OCCCCCC)c(/C=C(/C#N)C(=O)O)cc6OCCCCCC)nn5)cc4)c4ccc(-c5cn(-c6cc(OCCCCCC)c(/C=C(/C#N)C(=O)O)cc6OCCCCCC)nn5)cc4)cc3)nn2)c(OCCCCCC)cc1/C=C(/C#N)C(=O)O is invalid
21:37:02 <WARN> "default" filter: CCCCCCOc1cc(-n2cc(-c3ccc(N(c4ccccc4)c4ccc(-c5cn(-c6cc(OCCCCCC)c(/C=C(/C#N)C(=O)O)cc6OCCCCCC)nn5)cc4)cc3)nn2)c(OCCCCCC)cc1/C=C(/C#N)C(=O)O is invalid
21:37:02 <WARN> "default" filter: CCCCCCOc1cc(/C=C/c2cc(OCCCCCC)c(/C=C/c3cc(OCCCCCC)c(C=C(C#N)C#N)cc3OCCCCCC)cc2OCCCCCC)c(OCCCCCC)cc1C=C(C#N)C#N is invalid
21:37:02 <WARN> "default" filter: CCCCCCOc1cc(/C=C/c2cc(OCCCCCC)c(/C=C/c3cc(OCCCCCC)c(C=C4C(=C(C#N)C#N)c5ccccc5C4=C(C#N)C#N)cc3OCCCCCC)cc2OCCCCCC)c(OCCCCCC)cc1C=C1C(=C(C#N)C#N)c2ccccc2C1=C(C#N)C#N is invalid
21:37:02 <WARN> "default" filter: CCCCCCOc1cc(/C=C/c2ccc(N(c3ccc(/C=C/c4cc(OCCCCCC)cc(OCCCCCC)c4)cc3)c3ccc(/C=C(\C#N)C(=O)O)cc3)cc2)cc(OCCCCCC)c1 is invalid
21:37:02 <WARN> "default" filter: CCCCCCOc1cc(OCCCCCC)c2c(c1)C(C)(C)c1cc(N(c3ccc(-c4cc5c(s4)c4sc(/C=C(\C#N)C(=O)O)cc4n5C(CCCCCC)CCCCCC)cc3)c3ccc4c(c3)C(C)(C)c3cc(OCCCCCC)cc(OCCCCCC)c3-4)ccc1-2 is invalid
21:37:02 <WARN> "default" filter: CCCCCCOc1cc(OCCCCCC)c2c(c1)C(C)(C)c1cc(N(c3ccc(-c4cc5c(s4)c4sc(C=C(C#N)C(=O)O)cc4n5C(CCCCCC)CCCCCC)cc3)c3ccc4c(c3)C(C)(C)c3cc(OCCCCCC)cc(OCCCCCC)c3-4)ccc1-2 is invalid
21:37:02 <WARN> "default" filter: CCCCCCOc1cc(OCCCCCC)c2c(c1)C(C)(C)c1ccc(N(c3ccc(-c4cc5c(s4)-c4sc(/C=C(\C#N)C(=O)O)cc4C5(CCCCCC)CCCCCC)cc3)c3ccc4c(c3)C(C)(C)c3cc(OCCCCCC)cc(OCCCCCC)c3-4)cc1-2 is invalid
21:37:02 <WARN> "default" filter: CCCCCCOc1cc(OCCCCCC)c2c(c1)C(C)(C)c1ccc(N(c3ccc(-c4cc5c(s4)-c4sc(C=C(C#N)C(=O)O)cc4C5(CCCCCC)CCCCCC)cc3)c3ccc4c(c3)C(C)(C)c3cc(OCCCCCC)cc(OCCCCCC)c3-4)cc1-2 is invalid
21:37:02 <WARN> "default" filter: CCCCCCOc1cc(OCCCCCC)cc(-c2ccc(C(=Cc3ccc(N4c5cc(-c6ccc(C7=C8C(=O)N(CC(CC)CCCC)C(c9ccc(-c%10ccc(C=C(C#N)C(=O)O)o%10)cc9)=C8C(=O)N7CC(CC)CCCC)s6)ccc5C5CCCC54)cc3)c3ccc(-c4cc(OCCCCCC)cc(OCCCCCC)c4)cc3)cc2)c1 is invalid
21:37:02 <WARN> "default" filter: CCCCCCOc1cc(OCCCCCC)cc(-c2ccc(N3c4cc(-c5ccc(C6=C7C(=O)N(CC(CC)CCCC)C(c8ccc(-c9ccc(C=C(C#N)C(=O)O)o9)cc8)=C7C(=O)N6CC(CC)CCCC)s5)ccc4C4CCCC43)cc2)c1 is invalid
21:37:02 <WARN> "default" filter: CCCCCCOc1ccc(-c2c3c4cc(-c5ccc(-c6ccc(C#Cc7ccc(C(=O)O)cc7)c7nsnc67)s5)ccc4n(CCCCCC)c3c(-c3ccc(OCCCCCC)c(OCCCCCC)c3)c3c4ccccc4n(CCCCCC)c23)cc1OCCCCCC is invalid
21:37:02 <WARN> "default" filter: CCCCCCOc1ccc(-c2c3c4cc(-c5ccc(C#Cc6ccc(C(=O)O)cc6)c6nsnc56)ccc4n(CCCCCC)c3c(-c3ccc(OCCCCCC)c(OCCCCCC)c3)c3c4ccccc4n(CCCCCC)c23)cc1OCCCCCC is invalid
21:37:02 <WARN> "default" filter: CCCCCCOc1ccc(-c2c3ccc(-c4ccc(-c5ccc(-c6ccc(N(c7ccc(OCCCCCC)cc7)c7ccc(OCCCCCC)cc7)cc6)s5)s4)cc3c(-c3ccc(OCCCCCC)cc3)c3ccc(C=C(C#N)C(=O)O)cc23)cc1 is invalid
21:37:02 <WARN> "default" filter: CCCCCCOc1ccc(-c2c3ccc(-c4ccc(-c5ccc(N(c6ccc(OCCCCCC)cc6)c6ccc(OCCCCCC)cc6)cc5)s4)cc3c(-c3ccc(OCCCCCC)cc3)c3ccc(-c4ccc(/C=C(/C#N)C(=O)O)s4)cc23)cc1 is invalid
21:37:02 <WARN> "default" filter: CCCCCCOc1ccc(-c2c3ccc(-c4ccc(-c5ccc(N(c6ccc(OCCCCCC)cc6)c6ccc(OCCCCCC)cc6)cc5)s4)cc3c(-c3ccc(OCCCCCC)cc3)c3ccc(-c4ccc(C=C(C#N)C(=O)O)s4)cc23)cc1 is invalid
21:37:02 <WARN> "default" filter: CCCCCCOc1ccc(-c2ccc(-c3c(CC(CC)CCCC)c4cc(-c5ccc(OCCCCCC)cc5OCCCCCC)ccn4c3-c3ccc(/C=c4\s/c(=C5\SC(=S)N(CCCCCC)C5=O)n(CC(=O)O)c4=O)s3)cc2)c(OCCCCCC)c1 is invalid
21:37:02 <WARN> "default" filter: CCCCCCOc1ccc(-c2ccc(-c3c(CC(CC)CCCC)c4cc(-c5ccc(OCCCCCC)cc5OCCCCCC)ccn4c3/C=c3\s/c(=C4\SC(=S)N(CCCCCC)C4=O)n(CC(=O)O)c3=O)cc2)c(OCCCCCC)c1 is invalid
21:37:02 <WARN> "default" filter: CCCCCCOc1ccc(-c2ccc(-c3ccc(N(c4ccc(-c5ccc(-c6ccc(OCCCCCC)cc6)s5)cc4)c4ccc(-c5ccc(-c6ccc(/C=C7/SC(=S)C(CC(=O)O)C7=O)s6)c6nsnc56)cc4)cc3)s2)cc1 is invalid
21:37:02 <WARN> "default" filter: CCCCCCOc1ccc(-c2ccc(C(=Cc3ccc(N4c5ccc(-c6ccc(-c7ccc(/C=C(\C#N)C(=O)O)s7)c7nc(-c8ccccc8)c(-c8ccccc8)nc67)cc5C5CCCC54)cc3)c3ccc(-c4ccc(OCCCCCC)cc4OCCCCCC)cc3)cc2)c(OCCCCCC)c1 is invalid
21:37:02 <WARN> "default" filter: CCCCCCOc1ccc(-c2ccc(C(=Cc3ccc(N4c5ccc(-c6ccc(-c7ccc(/C=C(\C#N)C(=O)O)s7)c7nc(-c8ccccc8)c(-c8ccccc8)nc67)cc5[C@@H]5CCC[C@@H]54)cc3)c3ccc(-c4ccc(OCCCCCC)cc4OCCCCCC)cc3)cc2)c(OCCCCCC)c1 is invalid
21:37:02 <WARN> "default" filter: CCCCCCOc1ccc(-c2ccc(C(=Cc3ccc(N4c5ccc(-c6ccc(C7=C8C(=O)N(CC(CC)CCCC)C(c9ccc(-c%10ccc(C(=O)O)cc%10)cc9)=C8C(=O)N7CC(CC)CCCC)s6)cc5C5CCCC54)cc3)c3ccc(-c4ccc(OCCCCCC)cc4OCCCCCC)cc3)cc2)c(OCCCCCC)c1 is invalid
21:37:02 <WARN> "default" filter: CCCCCCOc1ccc(-c2ccc(C(=Cc3ccc(N4c5ccc(-c6ccc(C7=C8C(=O)N(CC(CC)CCCC)C(c9ccc(-c%10ccc(C=C(C#N)C(=O)O)cc%10)cc9)=C8C(=O)N7CC(CC)CCCC)s6)cc5C5CCCC54)cc3)c3ccc(-c4ccc(OCCCCCC)cc4OCCCCCC)cc3)cc2)c(OCCCCCC)c1 is invalid
21:37:02 <WARN> "default" filter: CCCCCCOc1ccc(-c2ccc(N(c3ccc(-c4cc(COCCC[C@H](C)[C@@H]5CC[C@@H]6[C@H]7[C@@H](O)CC8C[C@@H](O)CC[C@@]8(C)[C@@H]7CC[C@@]56C)c(-c5ccc(/C=C(\C#N)C(=O)O)o5)s4)cc3)c3ccc(-c4ccc(OCCCCCC)cc4OCCCCCC)cc3)cc2)c(OCCCCCC)c1 is invalid
21:37:02 <WARN> "default" filter: CCCCCCOc1ccc(-c2ccc(N(c3ccc(-c4cc5c(s4)c4sc(/C=C(\C#N)C(=O)O)cc4n5C(CCCCCC)CCCCCC)cc3)c3ccc(-c4ccc(OCCCCCC)cc4OCCCCCC)cc3)cc2)c(OCCCCCC)c1 is invalid
21:37:02 <WARN> "default" filter: CCCCCCOc1ccc(-c2ccc(N(c3ccc(-c4cc5c(s4)c4sc(C=C(C#N)C(=O)O)cc4n5C(CCCCCC)CCCCCC)cc3)c3ccc(-c4ccc(OCCCCCC)cc4OCCCCCC)cc3)cc2)c(OCCCCCC)c1 is invalid
21:37:02 <WARN> "default" filter: CCCCCCOc1ccc(-c2ccc(N(c3ccc(-c4ccc(-c5ccc(/C=C(\C#N)C(=O)O)s5)s4)cc3)c3ccc(-c4ccc(OCCCCCC)cc4OCCCCCC)cc3)cc2)c(OCCCCCC)c1 is invalid
21:37:02 <WARN> "default" filter: CCCCCCOc1ccc(-c2ccc(N(c3ccc(-c4ccc(OCCCCCC)cc4)cc3)c3ccc(C4CC5C(S4)C4C6NN(CCCCCC)NC6C6C7SC(/C=C(\C#N)C(=O)O)CC7N(CCCCCC)C6C4N5CCCCCC)cc3)cc2)cc1 is invalid
21:37:02 <WARN> "default" filter: CCCCCCOc1ccc(-c2ccc(N(c3ccc(-c4ccc(OCCCCCC)cc4OCCCCCC)cc3)c3ccc(-c4sc(-c5sc(/C=C(\C#N)C(=O)O)c6c5OCCO6)c5c4OCCO5)cc3)cc2)c(OCCCCCC)c1 is invalid
21:37:02 <WARN> "default" filter: CCCCCCOc1ccc(-c2ccc(N(c3ccc(-c4ccc(OCCCCCC)cc4OCCCCCC)cc3)c3ccc(-c4sc(/C=C(\C#N)C(=O)O)c5c4OCCO5)cc3)cc2)c(OCCCCCC)c1 is invalid
21:37:02 <WARN> "default" filter: CCCCCCOc1ccc(-c2ccc(N(c3ccc(-c4ccc(OCCCCCC)cc4OCCCCCC)cc3)c3ccc4c(c3)C(C)(C)c3sc(-c5ccc(C=C(C#N)C(=O)O)s5)cc3-4)cc2)c(OCCCCCC)c1 is invalid
21:37:02 <WARN> "default" filter: CCCCCCOc1ccc(-c2ccc(N(c3ccc(-c4ccc(OCCCCCC)cc4OCCCCCC)cc3)c3ccc4c(c3)sc3cc(-c5cc6sc(C=C(C#N)C(=O)O)cc6s5)sc34)cc2)c(OCCCCCC)c1 is invalid
21:37:02 <WARN> "default" filter: CCCCCCOc1ccc(-c2ccc(N(c3ccc(-c4ccc(OCCCCCC)cc4OCCCCCC)cc3)c3ccc4c(c3)sc3cc(-c5ccc(C=C(C#N)C(=O)O)s5)sc34)cc2)c(OCCCCCC)c1 is invalid
21:37:02 <WARN> "default" filter: CCCCCCOc1ccc(-c2ccc(N(c3ccc(-c4ccc(OCCCCCC)cc4OCCCCCC)cc3)c3ccc4c(c3)sc3cc(C5(C=C(C#N)C(=O)O)CC=C(c6cccs6)S5)sc34)cc2)c(OCCCCCC)c1 is invalid
21:37:02 <WARN> "default" filter: CCCCCCOc1ccc(-c2ccc(N(c3ccc(-c4ccc(OCCCCCC)cc4OCCCCCC)cc3)c3ccc4c(c3)sc3cc(C=C(C#N)C(=O)O)sc34)cc2)c(OCCCCCC)c1 is invalid
21:37:02 <WARN> "default" filter: CCCCCCOc1ccc(-c2ccc(N(c3ccc(/C=c4\s/c(=C(\C#N)C(=O)O)nc4-c4ccccc4)cc3)c3ccc(-c4ccc(OCCCCCC)cc4OCCCCCC)cc3)cc2)c(OCCCCCC)c1 is invalid
21:37:02 <WARN> "default" filter: CCCCCCOc1ccc(-c2ccc3c(c2)c2cc(-c4ccc(OCCCCCC)cc4OCCCCCC)ccc2n3-c2ccc3c(c2)C(C)(C)c2cc(-c4ccc(C=C(C#N)C(=O)O)s4)sc2-3)c(OCCCCCC)c1 is invalid
21:37:02 <WARN> "default" filter: CCCCCCOc1ccc(-c2nc3c(-c4cc(CCCCCC)c(C=C(C#N)C(=O)O)s4)ccc(-c4ccc(-c5ccc(N(c6ccc(OCCCCCC)cc6)c6ccc(OCCCCCC)cc6)cc5)s4)c3n2C)cc1 is invalid
21:37:02 <WARN> "default" filter: CCCCCCOc1ccc(-c2nc3c(-c4cc(CCCCCC)c(C=C(C#N)C(=O)O)s4)ccc(-c4ccc(-c5ccc(N(c6ccc(OCCCCCC)cc6)c6ccc(OCCCCCC)cc6)cc5)s4)c3n2CCCCCC)cc1 is invalid
21:37:02 <WARN> "default" filter: CCCCCCOc1ccc(-c2nc3c(-c4ccc(/C=C(\C#N)C(=O)O)cc4)c4nc(-c5ccc(OCCCCCC)cc5)c(-c5ccc(OCCCCCC)cc5)nc4c(-c4ccc(N(c5ccc(C(C)(C)C)cc5)c5ccc(C(C)(C)C)cc5)cc4)c3nc2-c2ccc(OCCCCCC)cc2)cc1 is invalid
21:37:02 <WARN> "default" filter: CCCCCCOc1ccc(-c2nc3c(-c4ccc(C=C(C#N)C(=O)O)s4)ccc(-c4ccc(-c5ccc(N(c6ccccc6)c6ccccc6)cc5)s4)c3nc2-c2ccc(OCCCCCC)c(OCCCCCC)c2)cc1OCCCCCC is invalid
21:37:02 <WARN> "default" filter: CCCCCCOc1ccc(-c2nc3c(-c4ccc(C=C(C#N)C(=O)O)s4)sc(-c4ccc(-c5ccc(N(c6ccccc6)c6ccccc6)cc5)s4)c3nc2-c2ccc(OCCCCCC)c(OCCCCCC)c2)cc1OCCCCCC is invalid
21:37:02 <WARN> "default" filter: CCCCCCOc1ccc(-c2nc3c(-c4ccc(N(c5ccc(OCCCCCC)cc5OCCCCCC)c5ccc(OCCCCCC)cc5OCCCCCC)cc4)ccc(-c4cc5c(s4)C(CCCCCC)(CCCCCC)c4cc(/C=C(\C#N)C(=O)O)sc4-5)c3nc2-c2ccc(OCCCCCC)cc2)cc1 is invalid
21:37:02 <WARN> "default" filter: CCCCCCOc1ccc(-c2nc3c4cc(-c5ccc(N(c6ccc(OC)cc6)c6ccc(OC)cc6)cc5)sc4c4sc(-c5ccc(/C=C(\C#N)C(=O)O)o5)cc4c3nc2-c2ccc(OCCCCCC)cc2)cc1 is invalid
21:37:02 <WARN> "default" filter: CCCCCCOc1ccc(-c2nc3c4cc(-c5ccc(N(c6ccccc6)c6ccccc6)cc5)sc4c4sc(-c5ccc(/C=C(\C#N)C(=O)O)o5)cc4c3nc2-c2ccc(OCCCCCC)cc2)cc1 is invalid
21:37:02 <WARN> "default" filter: CCCCCCOc1ccc(-n2c3cc(/C=C(\C#N)C(=O)O)sc3c3sc(-c4ccc(C5=C6C(C)=CC(C)=[N+]6[B-](F)(F)n6c(C)cc(C)c65)cc4)cc32)c(OCCCCCC)c1 is invalid
21:37:02 <WARN> "default" filter: CCCCCCOc1ccc(-n2c3cc(/C=C(\C#N)C(=O)O)sc3c3sc(C4=C5C(C)=CC(C)=[N+]5[B-](F)(F)n5c(C)cc(C)c54)cc32)c(OCCCCCC)c1 is invalid
21:37:02 <WARN> "default" filter: CCCCCCOc1ccc(/C=C/c2cc(C)c3n2[B-](F)(F)[N+]2=CC=CC2=C3)cc1 is invalid
21:37:02 <WARN> "default" filter: CCCCCCOc1ccc(/C=C/c2ccc(N(c3ccc(/C=C/c4ccc(OCCCCCC)cc4)cc3)c3ccc(-c4nc5ccccc5nc4-c4ccc(N(c5ccc(/C=C/c6ccc(OCCCCCC)cc6)cc5)c5ccc(/C=C/c6ccc(OCCCCCC)cc6)cc5)cc4)cc3)cc2)cc1 is invalid
21:37:02 <WARN> "default" filter: CCCCCCOc1ccc(C(c2ccc(-c3ccc(-c4ccc(/C=C(/C#N)C(=O)O)s4)s3)cc2)c2ccc3c(c2)Sc2cc(N(c4ccc(OCCCCCC)cc4)c4ccc(-c5ccc(-c6ccc(/C=C(/C#N)C(=O)O)s6)s5)cc4)ccc2N3CCCCCC)cc1 is invalid
21:37:02 <WARN> "default" filter: CCCCCCOc1ccc(C(c2ccc(-c3ccc(-c4ccc(/C=C(/C#N)C(=O)O)s4)s3)cc2)c2ccc3c(c2)c2cc(N(c4ccc(OCCCCCC)cc4)c4ccc(-c5ccc(-c6ccc(/C=C(/C#N)C(=O)O)s6)s5)cc4)ccc2n3CCCCCC)cc1 is invalid
21:37:02 <WARN> "default" filter: CCCCCCOc1ccc(C2(c3ccc(OCCCCCC)cc3)c3cc4c(cc3-c3sc(/C=C(\C#N)C(=O)O)cc32)C(c2ccc(OCCCCCC)cc2)(c2ccc(OCCCCCC)cc2)c2cc(N(c3ccc(C)cc3)c3cccc(C)c3)sc2-4)cc1 is invalid
21:37:02 <WARN> "default" filter: CCCCCCOc1ccc(C2(c3ccc(OCCCCCC)cc3)c3cc4c(cc3-c3sc(/C=C(\C#N)C(=O)O)cc32)C(c2ccc(OCCCCCC)cc2)(c2ccc(OCCCCCC)cc2)c2cc(N(c3ccc(OC)cc3)c3cccc(OC)c3)sc2-4)cc1 is invalid
21:37:02 <WARN> "default" filter: CCCCCCOc1ccc(C2(c3ccc(OCCCCCC)cc3)c3cc4c(cc3-c3sc(/C=C(\C#N)C(=O)O)cc32)C(c2ccc(OCCCCCC)cc2)(c2ccc(OCCCCCC)cc2)c2cc(N(c3ccccc3)c3ccccc3)sc2-4)cc1 is invalid
21:37:02 <WARN> "default" filter: CCCCCCOc1ccc(C2=C(c3cc(OC)cc(OC)c3)C(c3ccc(OC)cc3)=[N+]3C2=Nc2c(-c4ccc(OCCCCCC)cc4)c(-c4cc(OC)cc(OC)c4)c(-c4ccc(OC)cc4)n2[B-]3(F)F)cc1 is invalid
21:37:02 <WARN> "default" filter: CCCCCCOc1ccc(C2=C(c3ccc(C(C)(C)C)cc3)C(c3ccc(OC)cc3)=[N+]3C2=Nc2c(-c4ccc(OCCCCCC)cc4)c(-c4ccc(C(C)(C)C)cc4)c(-c4ccc(OC)cc4)n2[B-]3(F)F)cc1 is invalid
21:37:02 <WARN> "default" filter: CCCCCCOc1ccc(C2=c3c(c4ccc(OC)cc4c4c(OC)cc(OC)cc34)=[N+]3C2=Nc2c(-c4ccc(OCCCCCC)cc4)c4c5cc(OC)cc(OC)c5c5cc(OC)ccc5c4n2[B-]3(F)F)cc1 is invalid
21:37:02 <WARN> "default" filter: CCCCCCOc1ccc(C2=c3c(c4ccc(OC)cc4c4cc(C(C)(C)C)ccc34)=[N+]3C2=Nc2c(-c4ccc(OCCCCCC)cc4)c4c5ccc(C(C)(C)C)cc5c5cc(OC)ccc5c4n2[B-]3(F)F)cc1 is invalid
21:37:02 <WARN> "default" filter: CCCCCCOc1ccc(N(c2ccc(-c3cc4c(s3)c3sc(/C=C(\C#N)C(=O)O)cc3n4-c3ccccc3OCCCCCC)cc2)c2cc3c4ccccc4n(CCCCCC)c3cc2OCCCCCC)cc1 is invalid
21:37:02 <WARN> "default" filter: CCCCCCOc1ccc(N(c2ccc(-c3cc4c(s3)c3scc(C=C(C#N)C(=O)O)c3n4-c3ccc(OCCCCCC)cc3)cc2)c2ccc3c(c2)C(CCCCCC)(CCCCCC)c2c4c(c5c(c2-3)C(CCCCCC)(CCCCCC)c2ccccc2-5)C(CCCCCC)(CCCCCC)c2ccccc2-4)cc1 is invalid
21:37:02 <WARN> "default" filter: CCCCCCOc1ccc(N(c2ccc(-c3cc4c(s3)c3scc(C=C(C#N)C(=O)O)c3n4CCCCCC)cc2)c2ccc3c(c2)C(CCCCCC)(CCCCCC)c2c4c(c5c(c2-3)C(CCCCCC)(CCCCCC)c2ccccc2-5)C(CCCCCC)(CCCCCC)c2ccccc2-4)cc1 is invalid
21:37:02 <WARN> "default" filter: CCCCCCOc1ccc(N(c2ccc(-c3ccc(-c4cc5c(s4)C(CCCCCC)(CCCCCC)c4cc(/C=C(\C#N)C(=O)O)sc4-5)c4nc(-c5ccccc5)c(-c5ccccc5)nc34)cc2)c2ccc(OCCCCCC)cc2OCCCCCC)c(OCCCCCC)c1 is invalid
21:37:02 <WARN> "default" filter: CCCCCCOc1ccc(N(c2ccc(-c3ccc(-c4ccc(/C=C(/C#N)C(=O)O)s4)s3)cc2)c2ccc3c(c2)C(CCCCCC)(CCCCCC)c2cc(N(c4ccc(OCCCCCC)cc4)c4ccc(-c5ccc(-c6ccc(/C=C(/C#N)C(=O)O)s6)s5)cc4)ccc2-3)cc1 is invalid
21:37:02 <WARN> "default" filter: CCCCCCOc1ccc(N(c2ccc(-c3ccc(-c4ccc(/C=C(\C#N)C(=O)O)s4)s3)cc2)c2ccc3c(c2)C(CCCCCC)(CCCCCC)c2cc(N(c4ccc(OCCCCCC)cc4)c4ccc(-c5ccc(-c6ccc(/C=C(\C#N)C(=O)O)s6)s5)cc4)ccc2-3)cc1 is invalid
21:37:02 <WARN> "default" filter: CCCCCCOc1ccc(N(c2ccc(-c3ccc(-c4ccc(/C=C(\C#N)C(=O)O)s4)s3)cc2)c2ccc3c(c2)Sc2cc(N(c4ccc(OCCCCCC)cc4)c4ccc(-c5ccc(-c6ccc(/C=C(\C#N)C(=O)O)s6)s5)cc4)ccc2N3CCCCCC)cc1 is invalid
21:37:02 <WARN> "default" filter: CCCCCCOc1ccc(N(c2ccc(-c3ccc(-c4ccc(/C=C(\C#N)C(=O)O)s4)s3)cc2)c2ccc3c(c2)c2cc(N(c4ccc(OCCCCCC)cc4)c4ccc(-c5ccc(-c6ccc(/C=C(\C#N)C(=O)O)s6)s5)cc4)ccc2n3CCCCCC)cc1 is invalid
21:37:02 <WARN> "default" filter: CCCCCCOc1ccc(N(c2ccc(-c3ccc(-c4ccc(/C=C(\C#N)C(=O)O)s4)s3)cc2)c2cccc(N(c3ccc(OCCCCCC)cc3)c3ccc(-c4ccc(-c5ccc(/C=C(\C#N)C(=O)O)s5)s4)cc3)c2)cc1 is invalid
21:37:02 <WARN> "default" filter: CCCCCCOc1ccc(N(c2ccc(-c3ccc4c(c3)C(CCCCCC)(CCCCCC)c3c5c(c6c(c3-4)C(CCCCCC)(CCCCCC)c3ccccc3-6)C(CCCCCC)(CCCCCC)c3ccccc3-5)cc2)c2ccc(-c3cc4c(s3)c3sc(/C=C(\C#N)C(=O)O)cc3n4CCCCCC)cc2)cc1 is invalid
21:37:02 <WARN> "default" filter: CCCCCCOc1ccc(N(c2ccc(/C=C/c3cc4c(s3)c3sc(/C=C(\C#N)C(=O)O)cc3n4-c3ccc4c(c3)C(CCC)(CCC)c3c5c(c6c(c3-4)C(CCC)(CCC)c3ccccc3-6)C(CCC)(CCC)c3ccccc3-5)cc2)c2ccc(OCCCCCC)cc2)cc1 is invalid
21:37:02 <WARN> "default" filter: CCCCCCOc1ccc(N(c2ccc(/C=C/c3cc4c(s3)c3sc(C=C(C#N)C(=O)O)cc3n4-c3ccc4c(c3)C(CCC)(CCC)c3c5c(c6c(c3-4)C(CCC)(CCC)c3ccccc3-6)C(CCC)(CCC)c3ccccc3-5)cc2)c2ccc(OCCCCCC)cc2)cc1 is invalid
21:37:02 <WARN> "default" filter: CCCCCCOc1ccc(N(c2ccc(/C=C/c3ccc(/C=C(\CC#N)C(=O)S)s3)cc2)c2ccc(OCCCCCC)cc2)cc1 is invalid
21:37:02 <WARN> "default" filter: CCCCCCOc1ccc(N(c2ccc(/C=C/c3ccc(/C=C(\CC#N)C(=S)S)s3)cc2)c2ccc(OCCCCCC)cc2)cc1 is invalid
21:37:02 <WARN> "default" filter: CCCCCCOc1ccc(N(c2ccc(/C=C/c3ccc(N(c4ccc(OCCCCCC)cc4)c4ccc(-c5ccc(C=C(C#N)C(=O)O)s5)cc4)cc3)cc2)c2ccc(-c3ccc(C=C(C#N)C(=O)O)cc3)cc2)cc1 is invalid
21:37:02 <WARN> "default" filter: CCCCCCOc1ccc(N(c2ccc(/C=C/c3ccc(N(c4ccc(OCCCCCC)cc4)c4ccc(-c5ccc(C=C(C#N)C(=O)O)s5)cc4)cc3)cc2)c2ccc(-c3ccc(C=C(C#N)C(=O)O)s3)cc2)cc1 is invalid
21:37:02 <WARN> "default" filter: CCCCCCOc1ccc(N(c2ccc(C3SC4C(SC5C6SC7C(CCCCCC)C(/C=C(\C#N)C(=O)O)SC7C6N(c6ccc(OCCCCCC)cc6)C45)C3CCCCCC)cc2)c2ccc3c(c2)C(CCCCCC)(CCCCCC)c2c4c(c5c(c2-3)C(CCCCCC)(CCCCCC)c2ccccc2-5)C(CCCCCC)(CCCCCC)c2ccccc2-4)cc1 is invalid
21:37:02 <WARN> "default" filter: CCCCCCOc1ccc(N(c2ccc(OCCCCCC)cc2)c2cc(N(c3ccc(OCCCCCC)cc3)c3ccc(-c4ccc(-c5ccc(/C=C(\C#N)C(=O)O)s5)s4)cc3)cc(N(c3ccc(OCCCCCC)cc3)c3ccc(-c4ccc(-c5ccc(/C=C(\C#N)C(=O)O)s5)s4)cc3)c2)cc1 is invalid
21:37:02 <WARN> "default" filter: CCCCCCOc1ccc(N(c2ccc(OCCCCCC)cc2)c2cc(OCCCCCC)c(C#Cc3c(CCCCCC)cc(-c4ccc(C(=O)O)cc4)c4nsnc34)cc2OCCCCCC)cc1 is invalid
21:37:02 <WARN> "default" filter: CCCCCCOc1ccc(N(c2ccc(OCCCCCC)cc2)c2cc(OCCCCCC)c(C#Cc3c(CCCCCC)cc(C#Cc4c(C)cc(C(=O)O)cc4C)c4nsnc34)cc2OCCCCCC)cc1 is invalid
21:37:02 <WARN> "default" filter: CCCCCCOc1ccc(N(c2ccc(OCCCCCC)cc2)c2cc(OCCCCCC)c(C#Cc3c(CCCCCC)cc(C#Cc4ccc(C(=O)O)c(C#N)c4)c4nsnc34)cc2OCCCCCC)cc1 is invalid
21:37:02 <WARN> "default" filter: CCCCCCOc1ccc(N(c2ccc(OCCCCCC)cc2)c2cc(OCCCCCC)c(C#Cc3c(CCCCCC)cc(C#Cc4ccc(C(=O)O)cc4)c4nsnc34)cc2OCCCCCC)cc1 is invalid
21:37:02 <WARN> "default" filter: CCCCCCOc1ccc(N(c2ccc(OCCCCCC)cc2)c2cc(OCCCCCC)c(C#Cc3c(CCCCCC)cc(C#Cc4ccc(C(=O)O)cc4C)c4nsnc34)cc2OCCCCCC)cc1 is invalid
21:37:02 <WARN> "default" filter: CCCCCCOc1ccc(N(c2ccc(OCCCCCC)cc2)c2cc3c4cc(-c5cc6c(s5)c5sc(C=C(C#N)C(=O)O)cc5n6-c5cccc(OCCCCCC)c5)ccc4n(CCCCCC)c3cc2OCCCCCC)cc1 is invalid
21:37:02 <WARN> "default" filter: CCCCCCOc1ccc(N(c2ccc(OCCCCCC)cc2)c2ccc(-c3cc(-c4cc(-c5ccc(N(c6ccc(OCCCCCC)cc6)c6ccc(OCCCCCC)cc6)cc5)sc4-c4ccc(/C=C(/C#N)C(=O)O)s4)c(-c4ccc(/C=C(/C#N)C(=O)O)s4)s3)cc2)cc1 is invalid
21:37:02 <WARN> "default" filter: CCCCCCOc1ccc(N(c2ccc(OCCCCCC)cc2)c2ccc(-c3cc(-c4cc(-c5ccc(N(c6ccc(OCCCCCC)cc6)c6ccc(OCCCCCC)cc6)cc5)sc4-c4ccc(/C=C(\C#N)C(=O)O)s4)c(-c4ccc(/C=C(\C#N)C(=O)O)s4)s3)cc2)cc1 is invalid
21:37:02 <WARN> "default" filter: CCCCCCOc1ccc(N(c2ccc(OCCCCCC)cc2)c2ccc(-c3cc(CCCCCC)c(-c4cc5c(s4)c4sc(-c6cc(CCCCCC)c(/C=C(/C#N)C(=O)O)s6)cc4n5-c4ccc(OCCCCCC)cc4)s3)cc2)cc1 is invalid
21:37:02 <WARN> "default" filter: CCCCCCOc1ccc(N(c2ccc(OCCCCCC)cc2)c2ccc(-c3cc(CCCCCC)c(-c4ncc(-c5sc(-c6ccc(/C=C(\C#N)C(=O)O)cc6)cc5CCCCCC)c5nsnc45)s3)cc2)cc1 is invalid
21:37:02 <WARN> "default" filter: CCCCCCOc1ccc(N(c2ccc(OCCCCCC)cc2)c2ccc(-c3cc(CCCCCC)c(C4CC5C(S4)C4SC6C(CCCCCC)C(/C=C(\C#N)C(=O)O)SC6C4N5c4ccc(OCCCCCC)cc4)s3)cc2)cc1 is invalid
21:37:02 <WARN> "default" filter: CCCCCCOc1ccc(N(c2ccc(OCCCCCC)cc2)c2ccc(-c3cc4c(s3)-c3sc(-c5ccc6cc(/C=C(/C#N)C(=O)O)c(=O)[nH]c6c5)cc3C4(CCCCCC)CCCCCC)cc2)cc1 is invalid
21:37:02 <WARN> "default" filter: CCCCCCOc1ccc(N(c2ccc(OCCCCCC)cc2)c2ccc(-c3cc4c(s3)-c3sc(-c5ccc6cc(/C=C(/C#N)C(=O)O)c(Cl)nc6c5)cc3C4(CCCCCC)CCCCCC)cc2)cc1 is invalid
21:37:02 <WARN> "default" filter: CCCCCCOc1ccc(N(c2ccc(OCCCCCC)cc2)c2ccc(-c3cc4c(s3)-c3sc(-c5ccc6cc(C(=O)O)c(=O)[nH]c6c5)cc3C4(CCCCCC)CCCCCC)cc2)cc1 is invalid
21:37:02 <WARN> "default" filter: CCCCCCOc1ccc(N(c2ccc(OCCCCCC)cc2)c2ccc(-c3cc4c(s3)-c3sc(-c5ccc6cc(C(=O)O)c(Cl)nc6c5)cc3C4(CCCCCC)CCCCCC)cc2)cc1 is invalid
21:37:02 <WARN> "default" filter: CCCCCCOc1ccc(N(c2ccc(OCCCCCC)cc2)c2ccc(-c3cc4c(s3)-c3sc(-c5ccc6cc(C=C(C#N)C#N)c(=O)[nH]c6c5)cc3C4(CCCCCC)CCCCCC)cc2)cc1 is invalid
21:37:02 <WARN> "default" filter: CCCCCCOc1ccc(N(c2ccc(OCCCCCC)cc2)c2ccc(-c3cc4c(s3)-c3sc(-c5ccncc5)cc3[Ge]4(CC(CC)CCCC)CC(CC)CCCC)cc2)cc1 is invalid
21:37:02 <WARN> "default" filter: CCCCCCOc1ccc(N(c2ccc(OCCCCCC)cc2)c2ccc(-c3cc4c(s3)-c3sc(-c5ccncc5)cc3[Si]4(CC(CC)CCCC)CC(CC)CCCC)cc2)cc1 is invalid
21:37:02 <WARN> "default" filter: CCCCCCOc1ccc(N(c2ccc(OCCCCCC)cc2)c2ccc(-c3cc4c(s3)-c3sc(-c5cnc(-c6ccc(-c7ccncc7)cc6)c6nsnc56)cc3[Ge]4(CC(CC)CCCC)CC(CC)CCCC)cc2)cc1 is invalid
21:37:02 <WARN> "default" filter: CCCCCCOc1ccc(N(c2ccc(OCCCCCC)cc2)c2ccc(-c3cc4c(s3)-c3sc(-c5sc(/C=C(\C#N)C(=O)O)c6sc(C(=O)OCC(CC)CCCC)cc56)cc3C4(CC(CC)CCCC)CC(CC)CCCC)cc2)cc1 is invalid
21:37:02 <WARN> "default" filter: CCCCCCOc1ccc(N(c2ccc(OCCCCCC)cc2)c2ccc(-c3cc4c(s3)-c3sc(/C=C(\C#N)C(=O)O)cc3[Ge]4(CC(CC)CCCC)CC(CC)CCCC)cc2)cc1 is invalid
21:37:02 <WARN> "default" filter: CCCCCCOc1ccc(N(c2ccc(OCCCCCC)cc2)c2ccc(-c3cc4c(s3)c3c5nsnc5c5c6sc(C#Cc7ccc(-c8ccc(C(=O)O)cc8)c8nsnc78)cc6n(CC(CC)CCCC)c5c3n4CC(CC)CCCC)cc2)cc1 is invalid
21:37:02 <WARN> "default" filter: CCCCCCOc1ccc(N(c2ccc(OCCCCCC)cc2)c2ccc(-c3cc4c(s3)c3sc5c(CCCCCC)c(/C=C(\C#N)C(=O)O)sc5c3n4-c3ccc(OCCCCCC)cc3)cc2)cc1 is invalid
21:37:02 <WARN> "default" filter: CCCCCCOc1ccc(N(c2ccc(OCCCCCC)cc2)c2ccc(-c3cc4c(s3)c3sc5c6sc(/C=C(\C#N)C(=O)O)cc6n(-c6ccc(OCCCCCC)cc6)c5c3n4-c3ccc(OCCCCCC)cc3)cc2)cc1 is invalid
21:37:02 <WARN> "default" filter: CCCCCCOc1ccc(N(c2ccc(OCCCCCC)cc2)c2ccc(-c3cc4c(s3)c3sc5c6sc(C=C(C#N)C(=O)O)cc6n(-c6ccc(CCCCCC)cc6)c5c3n4-c3ccc(CCCCCC)cc3)cc2)cc1 is invalid
21:37:02 <WARN> "default" filter: CCCCCCOc1ccc(N(c2ccc(OCCCCCC)cc2)c2ccc(-c3cc4c(s3)c3sc5c6sc(C=C(C#N)C(=O)O)cc6n(-c6ccc(OCCCCCC)cc6)c5c3n4-c3ccc(OCCCCCC)cc3)cc2)cc1 is invalid
21:37:02 <WARN> "default" filter: CCCCCCOc1ccc(N(c2ccc(OCCCCCC)cc2)c2ccc(-c3ccc(-c4cc(-c5ccc(-c6cc(-c7ccc(C=C(C#N)C(=O)O)s7)sc6-c6ccc(-c7ccc(N(c8ccc(OCCCCCC)cc8)c8ccc(OCCCCCC)cc8)cc7)s6)s5)c(-c5ccc(C=C(C#N)C(=O)O)s5)s4)s3)cc2)cc1 is invalid
21:37:02 <WARN> "default" filter: CCCCCCOc1ccc(N(c2ccc(OCCCCCC)cc2)c2ccc(-c3ccc(-c4cc(-c5nc6cccc(-c7ccc(-c8ccc(N(c9ccc(OCCCCCC)cc9)c9ccc(OCCCCCC)cc9)cc8)s7)c6nc5-c5ccc(/C=C(\C#N)C(=O)O)s5)cs4)s3)cc2)cc1 is invalid
21:37:02 <WARN> "default" filter: CCCCCCOc1ccc(N(c2ccc(OCCCCCC)cc2)c2ccc(-c3ccc(-c4cc5c(s4)-c4sc(-c6ccc(C=C(C#N)C(=O)O)s6)cc4C5(CCCCCC)CCCCCC)s3)cc2)cc1 is invalid
21:37:02 <WARN> "default" filter: CCCCCCOc1ccc(N(c2ccc(OCCCCCC)cc2)c2ccc(-c3ccc(-c4cc5sc(/C=C(\C#N)C(=O)O)cc5s4)c4nc(-c5ccccc5)c(-c5ccccc5)nc34)cc2)cc1 is invalid
21:37:02 <WARN> "default" filter: CCCCCCOc1ccc(N(c2ccc(OCCCCCC)cc2)c2ccc(-c3ccc(-c4ccc(-c5ccc(-c6ccc(N(c7ccc(OCCCCCC)cc7)c7ccc(OCCCCCC)cc7)cc6)s5)c5nc(-c6ccc(/C=C(/C#N)C(=O)O)s6)c(-c6ccc(/C=C(/C#N)C(=O)O)s6)nc45)s3)cc2)cc1 is invalid
21:37:02 <WARN> "default" filter: CCCCCCOc1ccc(N(c2ccc(OCCCCCC)cc2)c2ccc(-c3ccc(-c4ccc(-c5ccc(-c6ccc(N(c7ccc(OCCCCCC)cc7)c7ccc(OCCCCCC)cc7)cc6)s5)c5nc(-c6ccc(/C=C(\C#N)C(=O)O)s6)c(-c6cccs6)nc45)s3)cc2)cc1 is invalid
21:37:02 <WARN> "default" filter: CCCCCCOc1ccc(N(c2ccc(OCCCCCC)cc2)c2ccc(-c3ccc(-c4ccc(-c5ccc(-c6ccc(N(c7ccc(OCCCCCC)cc7)c7ccc(OCCCCCC)cc7)cc6)s5)c5nc(C(=O)O)c(C(=O)O)nc45)s3)cc2)cc1 is invalid
21:37:02 <WARN> "default" filter: CCCCCCOc1ccc(N(c2ccc(OCCCCCC)cc2)c2ccc(-c3ccc(-c4ccc(-c5ccc(-c6ccc(N(c7ccc(OCCCCCC)cc7)c7ccc(OCCCCCC)cc7)cc6)s5)c5nc6c(nc45)c4sccc4c4cc(/C=C(\C#N)C(=O)O)sc46)s3)cc2)cc1 is invalid
21:37:02 <WARN> "default" filter: CCCCCCOc1ccc(N(c2ccc(OCCCCCC)cc2)c2ccc(-c3ccc(-c4ccc(-c5ccc(C=C(C#N)C(=O)O)s5)c5nc(-c6ccc(OCCCCCC)c(OCCCCCC)c6)c(-c6ccc(OCCCCCC)c(OCCCCCC)c6)nc45)s3)cc2)cc1 is invalid
21:37:02 <WARN> "default" filter: CCCCCCOc1ccc(N(c2ccc(OCCCCCC)cc2)c2ccc(-c3ccc(-c4ccc(-c5sc(C=C(C#N)C(=O)O)cc5-c5ccc(CCCCC)cc5)c5nsnc45)s3)cc2)cc1 is invalid
21:37:02 <WARN> "default" filter: CCCCCCOc1ccc(N(c2ccc(OCCCCCC)cc2)c2ccc(-c3ccc(-c4ccc(/C=C(/C#N)C(=O)O)s4)s3)c(-c3cc(N(c4ccc(OCCCCCC)cc4)c4ccc(OCCCCCC)cc4)ccc3-c3ccc(-c4ccc(/C=C(/C#N)C(=O)O)s4)s3)c2)cc1 is invalid
21:37:02 <WARN> "default" filter: CCCCCCOc1ccc(N(c2ccc(OCCCCCC)cc2)c2ccc(-c3ccc(-c4ccc(/C=C(\C#N)C(=O)O)s4)s3)c(-c3cc(N(c4ccc(OCCCCCC)cc4)c4ccc(OCCCCCC)cc4)ccc3-c3ccc(-c4ccc(/C=C(\C#N)C(=O)O)s4)s3)c2)cc1 is invalid
21:37:02 <WARN> "default" filter: CCCCCCOc1ccc(N(c2ccc(OCCCCCC)cc2)c2ccc(-c3ccc(-c4ccc(C=C(C#N)C(=O)O)[se]4)[se]3)cc2)cc1 is invalid
21:37:02 <WARN> "default" filter: CCCCCCOc1ccc(N(c2ccc(OCCCCCC)cc2)c2ccc(-c3ccc(-c4ccc(N(c5ccc(OCCCCCC)cc5)c5ccc(OCCCCCC)cc5)cc4)c4nc(C(=O)O)c(C(=O)O)nc34)cc2)cc1 is invalid
21:37:02 <WARN> "default" filter: CCCCCCOc1ccc(N(c2ccc(OCCCCCC)cc2)c2ccc(-c3ccc(-c4ccc(N(c5ccc(OCCCCCC)cc5)c5ccc(OCCCCCC)cc5)cc4)c4nc5c6ccc(C(=O)O)nc6c6nc(C(=O)O)ccc6c5nc34)cc2)cc1 is invalid
21:37:02 <WARN> "default" filter: CCCCCCOc1ccc(N(c2ccc(OCCCCCC)cc2)c2ccc(-c3ccc(-c4ccc5c(c4)C(CCCCCC)(CCCCCC)c4cc(-c6ccc(C=C(C#N)C(=O)O)s6)ccc4-5)s3)cc2)cc1 is invalid
21:37:02 <WARN> "default" filter: CCCCCCOc1ccc(N(c2ccc(OCCCCCC)cc2)c2ccc(-c3ccc(-c4nc(-c5ccc(-c6ccc(/C=C(/C#N)C(=O)O)s6)cc5)c(-c5ccc(-c6ccc(/C=C(/C#N)C(=O)O)s6)cc5)n4CCCCCC)s3)cc2)cc1 is invalid
21:37:02 <WARN> "default" filter: CCCCCCOc1ccc(N(c2ccc(OCCCCCC)cc2)c2ccc(-c3ccc(-c4nc(-c5ccc(-c6ccc(/C=C(\C#N)C(=O)O)s6)cc5)c(-c5ccc(-c6ccc(/C=C(\C#N)C(=O)O)s6)cc5)n4CCCCCC)s3)cc2)cc1 is invalid
21:37:02 <WARN> "default" filter: CCCCCCOc1ccc(N(c2ccc(OCCCCCC)cc2)c2ccc(-c3ccc(-c4nc5c(-c6ccc(/C=C(\C#N)C(=O)O)s6)ccc(-c6ccc(/C=C(\C#N)C(=O)O)s6)c5n4CCCCCC)s3)cc2)cc1 is invalid
21:37:02 <WARN> "default" filter: CCCCCCOc1ccc(N(c2ccc(OCCCCCC)cc2)c2ccc(-c3ccc(-c4nc5c(-c6ccc(C=C(C#N)C(=O)O)s6)ccc(-c6ccc(C=C(C#N)C(=O)O)s6)c5n4CCCCCC)s3)cc2)cc1 is invalid
21:37:02 <WARN> "default" filter: CCCCCCOc1ccc(N(c2ccc(OCCCCCC)cc2)c2ccc(-c3ccc(-c4nc5c6cc(-c7ccc(/C=C(\C#N)C(=O)O)s7)sc6c6sc(-c7ccc(/C=C(\C#N)C(=O)O)s7)cc6c5n4CCCCCC)s3)cc2)cc1 is invalid
21:37:02 <WARN> "default" filter: CCCCCCOc1ccc(N(c2ccc(OCCCCCC)cc2)c2ccc(-c3ccc(-c4sc(-c5ccc(C=C(C#N)C(=O)O)s5)c5nc(-c6ccc(OCCCCCC)c(OCCCCCC)c6)c(-c6ccc(OCCCCCC)c(OCCCCCC)c6)nc45)s3)cc2)cc1 is invalid
21:37:02 <WARN> "default" filter: CCCCCCOc1ccc(N(c2ccc(OCCCCCC)cc2)c2ccc(-c3ccc(C4=C5C(=O)N(CC(CC)CCCC)C(c6ccc(-c7ccc(C=C(C#N)C(=O)O)cc7)cc6)=C5C(=O)N4CC(CC)CCCC)s3)cc2)cc1 is invalid
21:37:02 <WARN> "default" filter: CCCCCCOc1ccc(N(c2ccc(OCCCCCC)cc2)c2ccc(-c3ccc(C4=C5C(=O)N(CC(CC)CCCC)C(c6ccc(-c7ccc(C=C(C#N)C(=O)O)o7)cc6)=C5C(=O)N4CC(CC)CCCC)s3)cc2)cc1 is invalid
21:37:02 <WARN> "default" filter: CCCCCCOc1ccc(N(c2ccc(OCCCCCC)cc2)c2ccc(-c3ccc(C=C(C#N)C(=O)O)[se]3)cc2)cc1 is invalid
21:37:02 <WARN> "default" filter: CCCCCCOc1ccc(N(c2ccc(OCCCCCC)cc2)c2ccc(-c3ccc(N(c4ccc(-c5ccc(N(c6ccc(OCCCCCC)cc6)c6ccc(OCCCCCC)cc6)cc5)cc4)c4ccc(-c5sc(C=C(C#N)C(=O)O)c6c5OCCO6)cc4)cc3)cc2)cc1 is invalid
21:37:02 <WARN> "default" filter: CCCCCCOc1ccc(N(c2ccc(OCCCCCC)cc2)c2ccc(-c3ccc4c5sc6c7sc(/C=C(\C#N)C(=O)O)cc7n(CCCCCC)c6c5n(CCCCCC)c4c3)cc2)cc1 is invalid
21:37:02 <WARN> "default" filter: CCCCCCOc1ccc(N(c2ccc(OCCCCCC)cc2)c2ccc(-c3ccc4c5sc6c7sc(C=C(C#N)C(=O)O)cc7n(CCCCCC)c6c5n(CCCCCC)c4c3)cc2)cc1 is invalid
21:37:02 <WARN> "default" filter: CCCCCCOc1ccc(N(c2ccc(OCCCCCC)cc2)c2ccc(-c3nc4c(-c5cc(CCCCCC)c(/C=C(\C#N)C(=O)O)s5)ccc(-c5cc(CCCCCC)c(/C=C(\C#N)C(=O)O)s5)c4n3CCCCCC)cc2)cc1 is invalid
21:37:02 <WARN> "default" filter: CCCCCCOc1ccc(N(c2ccc(OCCCCCC)cc2)c2ccc(-c3nc4c(-c5cc(CCCCCC)c(C=C(C#N)C(=O)O)s5)ccc(-c5cc(CCCCCC)c(C=C(C#N)C(=O)O)s5)c4n3CCCCCC)cc2)cc1 is invalid
21:37:02 <WARN> "default" filter: CCCCCCOc1ccc(N(c2ccc(OCCCCCC)cc2)c2ccc(-c3nc4c(-c5ccc(-c6cc(CCCCCC)c(/C=C(\C#N)C(=O)O)s6)s5)ccc(-c5ccc(-c6cc(CCCCCC)c(/C=C(\C#N)C(=O)O)s6)s5)c4n3CCCCCC)cc2)cc1 is invalid
21:37:02 <WARN> "default" filter: CCCCCCOc1ccc(N(c2ccc(OCCCCCC)cc2)c2ccc(-c3nc4c(-c5ccc(-c6cc(CCCCCC)c(C=C(C#N)C(=O)O)s6)s5)ccc(-c5ccc(-c6cc(CCCCCC)c(C=C(C#N)C(=O)O)s6)s5)c4n3CCCCCC)cc2)cc1 is invalid
21:37:03 <WARN> "default" filter: CCCCCCOc1ccc(N(c2ccc(OCCCCCC)cc2)c2ccc(-c3ncc(-c4sc(-c5cc(CCCCCC)c(/C=C(\C#N)C(=O)O)s5)cc4CCCCCC)c4nsnc34)cc2)cc1 is invalid
21:37:03 <WARN> "default" filter: CCCCCCOc1ccc(N(c2ccc(OCCCCCC)cc2)c2ccc(-c3sc(-c4cc5c6nc(CCCCC)c(CCCCC)nc6c6cc(/C=C(\C#N)C(=O)O)sc6c5s4)c4c3OCCO4)cc2)cc1 is invalid
21:37:03 <WARN> "default" filter: CCCCCCOc1ccc(N(c2ccc(OCCCCCC)cc2)c2ccc(-c3sc(-c4ccc(-c5cc(CCCCCC)c(-c6ccc(/C=C(\C#N)C(=O)O)s6)s5)c5nsnc45)cc3CCCCCC)cc2)cc1 is invalid
21:37:03 <WARN> "default" filter: CCCCCCOc1ccc(N(c2ccc(OCCCCCC)cc2)c2ccc(-c3sc(-c4ccc(N(c5ccc(OCCCCCC)cc5)c5ccc(OCCCCCC)cc5)cc4)c4nc(C(=O)O)c(C(=O)O)nc34)cc2)cc1 is invalid
21:37:03 <WARN> "default" filter: CCCCCCOc1ccc(N(c2ccc(OCCCCCC)cc2)c2ccc(-c3sc(-c4ccc(N(c5ccc(OCCCCCC)cc5)c5ccc(OCCCCCC)cc5)cc4)c4nc(C(=O)OCC)c(C(=O)OCC)nc34)cc2)cc1 is invalid
21:37:03 <WARN> "default" filter: CCCCCCOc1ccc(N(c2ccc(OCCCCCC)cc2)c2ccc(-c3sc(-c4ccc(N(c5ccc(OCCCCCC)cc5)c5ccc(OCCCCCC)cc5)cc4)c4nc(CC)c(CC)nc34)cc2)cc1 is invalid
21:37:03 <WARN> "default" filter: CCCCCCOc1ccc(N(c2ccc(OCCCCCC)cc2)c2ccc(-c3sc(-c4ccc5c(-c6ccc(C(C)(C)C)cc6)c6cc(-c7cc(OCCCCC)c(/C=C(/C#N)C(=O)O)s7)ccc6c(-c6ccc(C(C)(C)C)cc6)c5c4)cc3CCCCCC)cc2)cc1 is invalid
21:37:03 <WARN> "default" filter: CCCCCCOc1ccc(N(c2ccc(OCCCCCC)cc2)c2ccc(-c3sc(-c4ccc5c(-c6ccc(C(C)(C)C)cc6)c6cc(-c7cc(OCCCCC)c(/C=C(\C#N)C(=O)O)s7)ccc6c(-c6ccc(C(C)(C)C)cc6)c5c4)cc3CCCCCC)cc2)cc1 is invalid
21:37:03 <WARN> "default" filter: CCCCCCOc1ccc(N(c2ccc(OCCCCCC)cc2)c2ccc(-c3sc(-c4ccc5c(c4)C(=C(c4ccc(C(F)(F)F)cc4)c4ccc(C(F)(F)F)cc4)c4cc(-c6cc(CCCCCC)c(C=C(C#N)C(=O)O)s6)ccc4-5)cc3CCCCCC)cc2)cc1 is invalid
21:37:03 <WARN> "default" filter: CCCCCCOc1ccc(N(c2ccc(OCCCCCC)cc2)c2ccc(-c3sc(-c4ccc5c(c4)C(=C(c4ccc(C)cc4)c4ccc(C)cc4)c4cc(-c6cc(CCCCCC)c(C=C(C#N)C(=O)O)s6)ccc4-5)cc3CCCCCC)cc2)cc1 is invalid
21:37:03 <WARN> "default" filter: CCCCCCOc1ccc(N(c2ccc(OCCCCCC)cc2)c2ccc(-c3sc(-c4ccc5c(c4)C(=C(c4ccc(SC)cc4)c4ccc(SC)cc4)c4cc(-c6cc(CCCCCC)c(C=C(C#N)C(=O)O)s6)ccc4-5)cc3CCCCCC)cc2)cc1 is invalid
21:37:03 <WARN> "default" filter: CCCCCCOc1ccc(N(c2ccc(OCCCCCC)cc2)c2ccc(-c3sc4c(sc5c6sc(-c7sc(C=C(C#N)C(=O)O)cc7CCCCCC)cc6n(-c6ccc(OCCCCCC)cc6)c45)c3CCCCCC)cc2)cc1 is invalid
21:37:03 <WARN> "default" filter: CCCCCCOc1ccc(N(c2ccc(OCCCCCC)cc2)c2ccc(-n3c4cc(/C=C(\C#N)C(=O)O)sc4c4sc(-c5ccc6c(c5)C5CCCC5N6c5ccc6c(c5)C(CCC)(CCC)c5c7c(c8c(c5-6)C(CCC)(CCC)c5ccccc5-8)C(CCC)(CCC)c5ccccc5-7)cc43)cc2)cc1 is invalid
21:37:03 <WARN> "default" filter: CCCCCCOc1ccc(N(c2ccc(OCCCCCC)cc2)c2ccc(-n3c4cc(/C=C(\C#N)C(=O)O)sc4c4sc(-c5ccc6c(c5)C5CCCC5N6c5ccc6c(c5)C(CCC)(CCC)c5ccccc5-6)cc43)cc2)cc1 is invalid
21:37:03 <WARN> "default" filter: CCCCCCOc1ccc(N(c2ccc(OCCCCCC)cc2)c2ccc(C3=C4C(=O)N(CCCCCC)C(c5ccc(-c6ccc(/C=C(\C#N)C(=O)O)cc6)cc5)=C4C(=O)N3CCCCCC)cc2)cc1 is invalid
21:37:03 <WARN> "default" filter: CCCCCCOc1ccc(N(c2ccc(OCCCCCC)cc2)c2ccc(C3=C4C(=O)N(C[C@@H](CC)CCCC)C(c5ccc(-c6ccc(/C=C(\C#N)C(=O)O)cc6)s5)=C4C(=O)N3C[C@H](CC)CCCC)s2)cc1 is invalid
21:37:03 <WARN> "default" filter: CCCCCCOc1ccc(N(c2ccc(OCCCCCC)cc2)c2ccc(C3=C4C(=O)N(C[C@H](CC)CCCC)C(c5ccc(-c6ccc(/C=C(\C#N)C(=O)O)s6)s5)=C4C(=O)N3C[C@H](CC)CCCC)s2)cc1 is invalid
21:37:03 <WARN> "default" filter: CCCCCCOc1ccc(N(c2ccc(OCCCCCC)cc2)c2ccc(C3CC4C(S3)C3C5NN(CCCCCC)NC5C5C6SC(/C=C(\C#N)C(=O)O)CC6N(CCCCCC)C5C3N4CCCCCC)cc2)cc1 is invalid
21:37:03 <WARN> "default" filter: CCCCCCOc1ccc(N(c2ccc(OCCCCCC)cc2)c2ccc(C3CC4C(S3)C3SC5C(CCCCCC)C(/C=C(\C#N)C(=O)O)SC5C3N4c3ccc(OCCCCCC)cc3)cc2)cc1 is invalid
21:37:03 <WARN> "default" filter: CCCCCCOc1ccc(N(c2ccc(OCCCCCC)cc2)c2ccc(C3SC4C(SC5C6SC(/C=C(\C#N)C(=O)O)CC6N(c6ccc(OCCCCCC)cc6)C45)C3CCCCCC)cc2)cc1 is invalid
21:37:03 <WARN> "default" filter: CCCCCCOc1ccc(N(c2ccc(OCCCCCC)cc2)c2ccc(C3SC4C(SC5C6SC(c7sc(/C=C(\C#N)C(=O)O)cc7CCCCCC)CC6N(c6ccc(OCCCCCC)cc6)C45)C3CCCCCC)cc2)cc1 is invalid
21:37:03 <WARN> "default" filter: CCCCCCOc1ccc(N(c2ccc(OCCCCCC)cc2)c2ccc(C3SC4C(SC5C6SC7C(CCCCCC)C(/C=C(\C#N)C(=O)O)SC7C6N(c6ccc7c(c6)C(CCCCCC)(CCCCCC)c6c8c(c9c(c6-7)C(CCCCCC)(CCCCCC)c6ccccc6-9)C(CCCCCC)(CCCCCC)c6ccccc6-8)C45)C3CCCCCC)cc2)cc1 is invalid
21:37:03 <WARN> "default" filter: CCCCCCOc1ccc(N(c2ccc(OCCCCCC)cc2)c2ccc(N(c3ccc(-c4cc5c(s4)c4sc(/C=C(\C#N)C(=O)O)cc4n5CCCCCC)cc3)c3ccc4c(c3)C(CCCCCC)(CCCCCC)c3c5c(c6c(c3-4)C(CCCCCC)(CCCCCC)c3ccccc3-6)C(CCCCCC)(CCCCCC)c3ccccc3-5)cc2)cc1 is invalid
21:37:03 <WARN> "default" filter: CCCCCCOc1ccc(N2C3C4SC(c5ccc(N(c6ccccc6)c6ccccc6)cc5)C(CCCCCC)C4SC3C3SC4C(CCCCCC)C(c5ccc(/C=C(/C#N)C(=O)O)c6nsnc56)SC4C32)cc1 is invalid
21:37:03 <WARN> "default" filter: CCCCCCOc1ccc(N2c3ccc(/C=C(\C#N)C(=O)O)cc3Sc3cc(-c4cc5c(s4)-c4sccc4-c4c6cccc4OCCCCCCCCOc4cccc(c4-5)OCCCCCCCCO6)ccc32)cc1 is invalid
21:37:03 <WARN> "default" filter: CCCCCCOc1ccc(N2c3ccccc3Sc3cc(-c4ccc(-c5ccc(/C=C(\C#N)C(=O)O)s5)c5nc(-c6ccc7c(c6)C(CCCCCC)(CCCCCC)c6cc(N(c8ccccc8)c8ccccc8)ccc6-7)c(-c6ccc7c(c6)C(CCCCCC)(CCCCCC)c6cc(N(c8ccccc8)c8ccccc8)ccc6-7)nc45)ccc32)cc1 is invalid
21:37:03 <WARN> "default" filter: CCCCCCOc1ccc(N2c3ccccc3Sc3cc(-c4ccc5c(c4)Sc4cc(-c6ccc7c(c6)Sc6cc(/C=C(\C#N)C(=O)O)ccc6N7c6ccc(OCCCCCC)cc6)ccc4N5c4ccc(OCCCCCC)cc4)ccc32)cc1 is invalid
21:37:03 <WARN> "default" filter: CCCCCCOc1ccc2c(c1)-c1cc3c(cc1[Si]2(C)C)-c1ccccc1[Si]3(C)C is invalid
21:37:03 <WARN> "default" filter: CCCCCCOc1ccc2c(c1)C(C)(C)c1cc(N(c3ccc4c(c3)C(C)(C)c3cc(OCCCCCC)ccc3-4)c3ccc4c(c3)C(C)(C)c3c-4sc4cc(-c5ccc(/C=C(\C#N)C(=O)O)s5)sc34)ccc1-2 is invalid
21:37:03 <WARN> "default" filter: CCCCCCOc1ccc2c(c1)C(C)(C)c1cc(N(c3ccc4c(c3)C(C)(C)c3cc(OCCCCCC)ccc3-4)c3ccc4c(c3)C(C)(C)c3cc(-c5ccc(/C=C(\C#N)C(=O)O)s5)sc3-4)ccc1-2 is invalid
21:37:03 <WARN> "default" filter: CCCCCCOc1ccc2c(c1)C1(c3cc(OCCCCCC)ccc3-2)c2cc(/C=C(\C#N)C(=O)O)sc2-c2sc(-c3ccc(-c4ccc5c(c4)N(c4ccc(C)cc4)C4CCCC54)c4nsnc34)cc21 is invalid
21:37:03 <WARN> "default" filter: CCCCCCOc1ccc2c(c1)C1=[N+]3C2=Cc2c4ccc(OCCCCCC)cc4c4n2[B-]3(Oc2ccccc21)Oc1ccccc1-4 is invalid
21:37:03 <WARN> "default" filter: CCCCCCOc1ccc2oc3c(c2c1)=CC1=C(c2ccccc2C)c2cc4c5cc(OCCCCCC)ccc5oc4n2[B-](F)(F)[N+]=31 is invalid
21:37:03 <WARN> "default" filter: CCCCCCOc1cccc(OCCCCCC)c1/C1=C2\C=CC(=N2)/C(c2ccc(C(=O)O)cc2)=c2/cc/c3n2[Zn]n2c(ccc21)/C(c1ccc(C(=O)O)cc1)=C1/C=CC(=N1)/C=3c1c(OCCCCCC)cccc1OCCCCCC is invalid
21:37:03 <WARN> "default" filter: CCCCCCOc1cccc(OCCCCCC)c1N1c2ccc(-c3cc(CCCCCC)c(/C=C(/C#N)C(=O)O)s3)cc2Sc2cc(-c3cc(CCCCCC)c(/C=C(\C#N)C(=O)O)s3)ccc21 is invalid
21:37:03 <WARN> "default" filter: CCCCCCOc1cccc(OCCCCCC)c1N1c2ccc(-c3cc(CCCCCC)c(/C=C(\C#N)C(=O)O)s3)cc2Sc2cc(-c3cc(CCCCCC)c(/C=C(\C#N)C(=O)O)s3)ccc21 is invalid
21:37:03 <WARN> "default" filter: CCCCCCOc1cccc(OCCCCCC)c1N1c2ccc(-c3nc(CCCCCC)c(/C=C(/C#N)C(=O)O)s3)cc2Sc2cc(-c3nc(CCCCCC)c(/C=C(\C#N)C(=O)O)s3)ccc21 is invalid
21:37:03 <WARN> "default" filter: CCCCCCOc1cccc(OCCCCCC)c1N1c2ccc(-c3nc(CCCCCC)c(/C=C(\C#N)C(=O)O)s3)cc2Sc2cc(-c3nc(CCCCCC)c(/C=C(\C#N)C(=O)O)s3)ccc21 is invalid
21:37:03 <WARN> "default" filter: CCCCCCSC1=C(SCCCCCC)SC(=C(C(=C2SC(SCCCCCC)=C(SCCCCCC)S2)c2ccc(-c3ccc(-c4ccncc4)cc3)s2)c2ccc(-c3ccc(-c4ccncc4)cc3)s2)S1 is invalid
21:37:03 <WARN> "default" filter: CCCCCCSC1=C(SCCCCCC)SC(=Cc2ccc(-c3ccc(C4=C5C(=O)N(CC(CC)CCCC)C(c6ccc(-c7ccc(/C=C(/C#N)C(=O)O)s7)s6)=C5C(=O)N4CC(CC)CCCC)s3)s2)S1 is invalid
21:37:03 <WARN> "default" filter: CCCCCCSC1=C(SCCCCCC)SC(=Cc2ccc(-c3ccc(C4=C5C(=O)N(CC(CC)CCCC)C(c6ccc(-c7ccc(C=C(C#N)C#N)s7)s6)=C5C(=O)N4CC(CC)CCCC)s3)s2)S1 is invalid
21:37:03 <WARN> "default" filter: CCCCCCSC1=C(SCCCCCC)SC(=c2c3ccccc3c(=C3SC(SCCCCCC)=C(SCCCCCC)S3)c3cc(-c4ccc(-c5ccc(/C=C(\C#N)C(=O)O)s5)c5nsnc45)ccc23)S1 is invalid
21:37:03 <WARN> "default" filter: CCCCCCSC1=C(SCCCCCC)SC(=c2c3ccccc3c(=C3SC(SCCCCCC)=C(SCCCCCC)S3)c3cc(C#Cc4ccc(-c5ccc(/C=C(\C#N)C(=O)O)s5)c5nsnc45)ccc23)S1 is invalid
21:37:03 <WARN> "default" filter: CCCCCCSC1=C(SCCCCCC)SC(C2c3ccccc3C(C3SC(SCCCCCC)=C(SCCCCCC)S3)c3cc(-c4ccc(C=C5SC(=S)N(CC(=O)O)C5=O)cc4)ccc32)S1 is invalid
21:37:03 <WARN> "default" filter: CCCCCCSc1ccc(N(c2ccc(SCCCCCC)cc2)c2ccc(-c3sc(C4=C/C(=C5/C=C(c6sc(-c7ccc(C(=O)O)cc7)c(CCCCCC)c6CCCCCC)OC5=O)C(=O)O4)c(CCCCCC)c3CCCCCC)cc2)cc1 is invalid
21:37:03 <WARN> "default" filter: CCCCCCSc1ccc(N(c2ccc(SCCCCCC)cc2)c2ccc(-c3sc(C4=C/C(=C5/C=C(c6sc(-c7ccc(C=C(C#N)C(=O)O)s7)c(CCCCCC)c6CCCCCC)OC5=O)C(=O)O4)c(CCCCCC)c3CCCCCC)cc2)cc1 is invalid
21:37:03 <WARN> "default" filter: CCCCCCSc1ccc(N(c2ccc(SCCCCCC)cc2)c2ccc(-c3sc(C4=C/C(=C5/C=C(c6sc(C#Cc7ccc(C(=O)O)cc7)c(CCCCCC)c6CCCCCC)OC5=O)C(=O)O4)c(CCCCCC)c3CCCCCC)cc2)cc1 is invalid
21:37:03 <WARN> "default" filter: CCCCCC[C@H](CCCC)Cc1cc(/C=C(\C#N)C(=O)O)sc1-c1cc2c3nonc3c3cc(-c4sc(-c5ccc(N(c6ccccc6)c6ccccc6)cc5)cc4C[C@H](CCCC)CCCCCC)sc3c2s1 is invalid
21:37:03 <WARN> "default" filter: CCCCCC[C@H](CCCC)Cc1cc(/C=C(\C#N)C(=O)O)sc1-c1cc2c3nonc3c3cc(-c4sc(-c5ccc6c(c5)C(CC)(CC)c5cc(N(c7ccccc7)c7ccccc7)ccc5-6)cc4C[C@@H](CCCC)CCCCCC)sc3c2s1 is invalid
21:37:03 <WARN> "default" filter: CCCCCC[C@H](CCCC)Cc1cc(/C=C(\C#N)C(=O)O)sc1-c1cc2c3nonc3c3cc(-c4sc(-c5ccc6c(c5)Sc5ccccc5N6CC)cc4C[C@H](CCCC)CCCCCC)sc3c2s1 is invalid
21:37:03 <WARN> "default" filter: CCCCCC[C@H](CCCC)Cc1cc(/C=C(\C#N)C(=O)O)sc1-c1cc2c3nonc3c3cc(-c4sc(-c5ccc6c(c5)c5ccccc5n6CC)cc4C[C@H](CCCC)CCCCCC)sc3c2s1 is invalid
21:37:03 <WARN> "default" filter: CCCCCC[N+]1=C(C=C2C(=O)C(c3ccc(N(c4ccc5c(c4)C(CCCCCC)(CCCCCC)c4ccccc4-5)c4ccc5c(c4)C(CCCCCC)(CCCCCC)c4ccccc4-5)cc3)=C2[O-])c2ccc(C(=O)O)c3cccc1c23 is invalid
21:37:03 <WARN> "default" filter: CCCCCC[Si]1(CCCCCC)c2cc(/C=C(/C#N)C(=O)O)sc2-c2sc(-c3sc(-c4ccc(N(c5ccc(OCC(CC)CCCC)cc5)c5ccc(OCC(CC)CCCC)cc5)cc4)c4c3OCCO4)cc21 is invalid
21:37:03 <WARN> "default" filter: CCCCCC[Si]1(CCCCCC)c2cc(/C=C(\C#N)C(=O)O)sc2-c2cc(-c3sc(-c4ccc(N(c5ccc(OCC(CC)CCCC)cc5)c5ccc(OCC(CC)CCCC)cc5)cc4)c4c3OCCO4)sc21 is invalid
21:37:03 <WARN> "default" filter: CCCCCC[Si]1(CCCCCC)c2cc(C=C(C#N)C(=O)O)sc2-c2sc(-c3sc(-c4ccc(N(c5ccc(OCC(CC)CCCC)cc5)c5ccc(OCC(CC)CCCC)cc5)cc4)c4c3OCCO4)cc21 is invalid
21:37:03 <WARN> "default" filter: CCCCCCc1c(/C=C(/C#N)C(=O)O)sc2c(CCCCCC)c(-c3sc4c(CCCCCC)c(-c5ccc(N(c6ccc7c(c6)C(C)(C)c6ccccc6-7)c6ccc7c(c6)C(C)(C)c6ccccc6-7)cc5)sc4c3CCCCCC)sc12 is invalid
21:37:03 <WARN> "default" filter: CCCCCCc1c(/C=C/c2ccc(/C3=C4\C=CC(=N4)/C(c4c(C)cc(C)cc4C)=c4/cc/c5n4[Zn]n4c3ccc4/C(c3c(C)cc(C)cc3C)=C3/C=CC(=N3)/C=5c3c(C)cc(C)cc3C)cc2)sc(/C=C/c2sc(/C=C(\C#N)C(=O)O)c(CCCCCC)c2CCCCCC)c1CCCCCC is invalid
21:37:03 <WARN> "default" filter: CCCCCCc1c(/C=C/c2sc3c(CCCCCC)c(-c4cc5c6c(c4)C(C)(C)c4cc(C(C)(C)C)cc7c4N6c4c(cc(C(C)(C)C)cc4C7(C)C)C5(C)C)sc3c2CCCCCC)sc2c(CCCCCC)c(/C=C(\C#N)C(=O)S)sc12 is invalid
21:37:03 <WARN> "default" filter: CCCCCCc1c(C2=C/C(=C3/C=C(c4sc(-c5ccc(C=C(C#N)C(=O)O)s5)c(CCCCCC)c4CCCCCC)N(CCCCCC)C3=O)C(=O)N2CCCCCC)sc(-c2ccc(N(c3ccccc3)c3ccccc3)cc2)c1CCCCCC is invalid
21:37:03 <WARN> "default" filter: CCCCCCc1c(C2=C/C(=C3/C=C(c4sc(-c5ccc(C=C(C#N)C(=O)O)s5)c(CCCCCC)c4CCCCCC)OC3=O)C(=O)O2)sc(-c2ccc(N(c3ccccc3)c3ccccc3)cc2)c1CCCCCC is invalid
21:37:03 <WARN> "default" filter: CCCCCCc1c(C=Cc2ccc(N(c3ccccc3)c3ccccc3)cc2)sc(/C=C/c2sc(/C=C/c3sc(/C=C/c4sc(/C=C(\C#N)C(=O)O)c(CCCCCC)c4CCCCCC)c(CCCCCC)c3CCCCCC)c(CCCCCC)c2CCCCCC)c1CCCCCC is invalid
21:37:03 <WARN> "default" filter: CCCCCCc1cc(-c2cc(CCCCCC)c(-c3ccc(N(c4ccc5c(c4)n(CCCCCC)c(=S)n5CCCCCC)c4ccc5c(c4)n(CCCCCC)c(=S)n5CCCCCC)cc3)s2)sc1/C=C(\C#N)C(=O)O is invalid
21:37:03 <WARN> "default" filter: CCCCCCc1cc(-c2cc3c(-c4ccc(CC(CC)CCCC)s4)c4sc(-c5cc(CCCCCC)c(-c6cc(CCCCCC)c(-c7sc(/C=C(\C#N)C(=O)O)c8c7OCCO8)s6)s5)cc4c(-c4ccc(CC(CC)CCCC)s4)c3s2)sc1-c1cc(CCCCCC)c(-c2sc(/C=C(/C#N)C(=O)O)c3c2OCCO3)s1 is invalid
21:37:03 <WARN> "default" filter: CCCCCCc1cc(-c2cc3c(-c4ccc(CC(CC)CCCC)s4)c4sc(-c5cc(CCCCCC)c(-c6cc(CCCCCC)c(-c7sc(/C=C(\C#N)C(=O)O)c8c7OCCO8)s6)s5)cc4c(-c4ccc(CC(CC)CCCC)s4)c3s2)sc1-c1cc(CCCCCC)c(-c2sc(/C=C(\C#N)C(=O)O)c3c2OCCO3)s1 is invalid
21:37:03 <WARN> "default" filter: CCCCCCc1cc(-c2cc3c(-c4ccc(CC(CC)CCCC)s4)c4sccc4c(-c4ccc(CC(CC)CCCC)s4)c3s2)sc1-c1cc(CCCCCC)c(-c2sc(/C=C(\C#N)C(=O)O)c3c2OCCO3)s1 is invalid
21:37:03 <WARN> "default" filter: CCCCCCc1cc(-c2ccc(-c3cc(CCCCCC)c(-c4ccc(-n5c6cc(-c7ccc(OCC(CC)CCCC)cc7)sc6c6sc(-c7ccc(OCC(CC)CCCC)cc7)cc65)cc4)s3)c3nsnc23)sc1-c1ccc(C(=O)O)cc1 is invalid
21:37:03 <WARN> "default" filter: CCCCCCc1cc(-c2ccc(-c3cc(CCCCCC)c(-c4ccc5c(c4)c4c(-c6ccccc6)c6c(c(-c7ccccc7)c4n5CCCCCC)c4ccccc4n6CCCCCC)s3)c3nsnc23)sc1/C=C(\C#N)C(=O)O is invalid
21:37:03 <WARN> "default" filter: CCCCCCc1cc(-c2ccc(-c3cc(CCCCCC)c(-c4ccc5c(c4)c4c6c(c7ccccc7n6CC(CC)CCCC)c6c(c7ccccc7n6CC(CC)CCCC)c4n5CC(CC)CCCC)s3)c3nsnc23)sc1/C=C(\C#N)C(=O)O is invalid
21:37:03 <WARN> "default" filter: CCCCCCc1cc(-c2ccc(-c3cc(CCCCCC)c(/C4=C5\C=CC(=N5)/C(c5ccc(C)cc5)=c5/cc/c6n5[Zn]n5c(ccc54)/C(c4ccc(C)cc4)=C4/C=CC(=N4)/C=6c4ccc(C)cc4)s3)c3nsnc23)sc1/C=C(\C#N)C(=O)O is invalid
21:37:03 <WARN> "default" filter: CCCCCCc1cc(-c2ccc(-c3cc(CCCCCC)c(/C=C/c4ccc5c(c4)c4c6c(c7ccccc7n6CC(CC)CCCC)c6c(c7ccccc7n6CC(CC)CCCC)c4n5CC(CC)CCCC)s3)c3nsnc23)sc1C#Cc1ccc(C(=O)O)cc1 is invalid
21:37:03 <WARN> "default" filter: CCCCCCc1cc(-c2ccc(-c3ccc(-c4ccc(N(c5ccc(-c6ccc(OCC(CC)CCCC)cc6)cc5)c5ccc(-c6ccc(OCC(CC)CCCC)cc6)cc5)cc4)s3)c3nsnc23)sc1-c1ccc(/C=C(\C#N)C(=O)O)cc1 is invalid
21:37:03 <WARN> "default" filter: CCCCCCc1cc(-c2ccc(-c3ccc(-c4ccc(N(c5ccc(-c6ccc(OCC(CC)CCCCC)cc6)cc5)c5ccc(-c6ccc(OCC(CC)CCCCC)cc6)cc5)cc4)s3)c3nsnc23)sc1-c1ccc(/C=C(\C#N)C(=O)O)cc1 is invalid
21:37:03 <WARN> "default" filter: CCCCCCc1cc(-c2ccc(-c3ccc(/C=C(\C#N)C(=O)O)s3)s2)sc1-c1ccc2c(c1)c1c(-c3ccccc3)c3c(c(-c4ccccc4)c1n2CCCCCC)c1ccccc1n3CCCCCC is invalid
21:37:03 <WARN> "default" filter: CCCCCCc1cc(-c2ccc(-c3ccc4c(c3)Sc3cc(-c5ccc(-c6cc(CCCCCC)c(/C=C(\C#N)C(=O)O)s6)s5)ccc3N4c3ccc(C(=C(c4ccccc4)c4ccccc4)c4ccccc4)cc3)s2)sc1/C=C(\C#N)C(=O)O is invalid
21:37:03 <WARN> "default" filter: CCCCCCc1cc(-c2ccc(N(c3ccc(-n4c5ccccc5c5ccccc54)cc3)c3ccc(-n4c5ccccc5c5ccccc54)cc3)cc2)sc1-c1cc(CCCCCC)c(-c2sc(C=C(C#N)C(=O)O)c3c2OCCO3)s1 is invalid
21:37:03 <WARN> "default" filter: CCCCCCc1cc(-c2ccc3[n+](c2)[B-](F)(F)N2C=CC=CC2=C3C#N)sc1-c1ccc2c(c1)Sc1cc(/C=C(/C#N)C(=O)O)ccc1N2CCCCCC is invalid
21:37:03 <WARN> "default" filter: CCCCCCc1cc(-c2ccc3[n+](c2)[B-](F)(F)N2C=CC=CC2=C3C#N)sc1-c1ccc2c(c1)Sc1cc(/C=C(/C#N)C(=O)O)ccc1N2c1ccc(-c2ccc3[n+](c2)[B-](F)(F)N2C=CC=CC2=C3C#N)cc1 is invalid
21:37:03 <WARN> "default" filter: CCCCCCc1cc(-c2ccc3c(-c4ccc(C(C)(C)C)cc4)c4cc(-c5cc(OCCCCC)c(/C=C(/C#N)C(=O)O)s5)ccc4c(-c4ccc(C(C)(C)C)cc4)c3c2)sc1-c1ccc(N(c2ccccc2)c2ccccc2)cc1 is invalid
21:37:03 <WARN> "default" filter: CCCCCCc1cc(-c2ccc3c(-c4ccc(C(C)(C)C)cc4)c4cc(-c5cc(OCCCCC)c(/C=C(\C#N)C(=O)O)s5)ccc4c(-c4ccc(C(C)(C)C)cc4)c3c2)sc1-c1ccc(N(c2ccccc2)c2ccccc2)cc1 is invalid
21:37:03 <WARN> "default" filter: CCCCCCc1cc(-c2ccc3c(c2)Sc2cc(-c4cc(CCCCCC)c(/C=C(\C#N)C(=O)O)s4)ccc2N3c2c(OC[C@@H](CC)CCCC)cccc2OC[C@@H](CC)CCCC)sc1/C=C(/C#N)C(=O)O is invalid
21:37:03 <WARN> "default" filter: CCCCCCc1cc(-c2ccc3c(c2)Sc2cc(-c4cc(CCCCCC)c(/C=C(\C#N)C(=O)O)s4)ccc2N3c2ccc(C(=C(c3ccccc3)c3ccccc3)c3ccccc3)cc2)sc1/C=C(\C#N)C(=O)O is invalid
21:37:03 <WARN> "default" filter: CCCCCCc1cc(-c2ccc3c(c2)Sc2cc(/C=C(/C#N)C(=O)O)ccc2N3CCCCCC)sc1-c1ccc2[n+](c1)[B-](F)(F)N1C=CC=CC1=C2C#N is invalid
21:37:03 <WARN> "default" filter: CCCCCCc1cc(-c2ccc3c(c2)Sc2cc(/C=C(/C#N)C(=O)O)ccc2N3c2ccc(-c3ccc4[n+](c3)[B-](F)(F)N3C=CC=CC3=C4C#N)cc2)sc1-c1ccc2[n+](c1)[B-](F)(F)N1C=CC=CC1=C2C#N is invalid
21:37:03 <WARN> "default" filter: CCCCCCc1cc(-c2sc(-c3c(C)c4ccc(N(CC)CC)cc4oc3=O)cc2CCCCCC)sc1/C=C/c1ccc([Si](OCC)(OCC)OCC)s1 is invalid
21:37:03 <WARN> "default" filter: CCCCCCc1cc(-c2sc(-c3sc(-c4cc(CCCCCC)c(-c5cc(CCCCCC)c(-c6ccc(N(c7ccc(C(=O)O)cc7)c7ccc(C(=O)O)cc7)cc6)s5)s4)c(CCCCCC)c3CCCCCC)cc2CCCCCC)sc1C=C(C#N)C#N is invalid
21:37:03 <WARN> "default" filter: CCCCCCc1cc(-c2sc(-c3sc(-c4ccc5c[n+](CC(=O)O)ccc5c4)cc3CCCCCC)cc2CCCCCC)sc1-c1ccc(N(c2ccc(-c3ccc(OCCCC)cc3OCCCC)cc2)c2ccc(-c3ccc(OCCCC)cc3OCCCC)cc2)cc1 is invalid
21:37:03 <WARN> "default" filter: CCCCCCc1cc(-c2sc(-c3sc(-c4ccc5c[n+](CC(=O)O)ccc5c4)cc3CCCCCC)cc2CCCCCC)sc1-c1ccc(N(c2ccc(OCCCC)cc2)c2ccc(OCCCC)cc2)cc1 is invalid
21:37:03 <WARN> "default" filter: CCCCCCc1cc(-c2sc(-c3sc(-c4sc(-c5ccc6c(c5)c5ccccc5n6CC)cc4CCCCCC)cc3CCCCCC)cc2CCCCCC)sc1/C=C(\C#N)C(=O)Cc1ccc([Si](OC)(OC)OC)cc1 is invalid
21:37:03 <WARN> "default" filter: CCCCCCc1cc(-c2sc(-c3sc(-c4sc(-c5ccc6c(c5)c5ccccc5n6CC)cc4CCCCCC)cc3CCCCCC)cc2CCCCCC)sc1/C=C(\C#N)C(=O)Nc1ccc(C(=O)O)cc1 is invalid
21:37:03 <WARN> "default" filter: CCCCCCc1cc(-c2sc(-c3sc(-c4sc(-c5ccc6c(c5)c5ccccc5n6CC)cc4CCCCCC)cc3CCCCCC)cc2CCCCCC)sc1/C=C(\C#N)C(=O)Nc1ccc([Si](OC)(OC)OC)cc1 is invalid
21:37:03 <WARN> "default" filter: CCCCCCc1cc(-c2sc(-c3sc(/C=C(\C#N)C(=O)O)cc3CCCCCC)cc2CCCCCC)sc1-c1ccc(N(c2ccc3c(c2)C(C)(C)c2ccccc2-3)c2ccc3c(c2)C(C)(C)c2ccccc2-3)cc1 is invalid
21:37:03 <WARN> "default" filter: CCCCCCc1cc(-c2sc(/C=C(/C#N)C(=O)O)cc2CCCCCC)sc1-c1ccc(N(c2ccc3c(c2)c2ccccc2n3-c2ccccc2)c2ccc3c(c2)c2ccccc2n3-c2ccccc2)cc1 is invalid
21:37:03 <WARN> "default" filter: CCCCCCc1cc(-n2c3ccc(-c4ccc(N(c5ccccc5)c5ccccc5)cc4)cc3c3cc(-c4ccc(N(c5ccccc5)c5ccccc5)cc4)ccc32)sc1-c1cc(CCCCCC)c(-c2sc(C=C(C#N)C(=O)O)c3c2OCCO3)s1 is invalid
21:37:03 <WARN> "default" filter: CCCCCCc1cc(/C=C(/C#N)C(=O)O)sc1-c1ccc2c(c1)C(c1ccccc1OC)=[N+]1C2=Cc2c3ccc(-c4sc(/C=C(\C#N)C(=O)O)cc4CCCCCC)cc3c(-c3ccccc3OC)n2[B-]1(F)F is invalid
21:37:03 <WARN> "default" filter: CCCCCCc1cc(/C=C(/C#N)C(=O)O)sc1-c1ccc2c(c1)C1=Cc3c4cc(-c5sc(/C=C(/C#N)C(=O)O)cc5CCCCCC)ccc4c(-c4ccccc4OC)n3[B-](F)(F)[N+]1=C2c1ccccc1OC is invalid
21:37:03 <WARN> "default" filter: CCCCCCc1cc(/C=C(/C#N)C(=O)O)sc1-c1ccc2c(c1)C1=Cc3c4cc(-c5sc(/C=C(\C#N)C(=O)O)cc5CCCCCC)ccc4c(-c4ccccc4OC)n3[B-](F)(F)[N+]1=C2c1ccccc1OC is invalid
21:37:03 <WARN> "default" filter: CCCCCCc1cc(/C=C(/C#N)C(=O)O)sc1-c1ccc2c3n(c(-c4ccccc4OC)c2c1)[B-](F)(F)[N+]1=C(c2ccccc2OC)c2cc(-c4sc(CO)cc4CCCCCC)ccc2C1=C3 is invalid
21:37:03 <WARN> "default" filter: CCCCCCc1cc(/C=C(/C#N)C(=O)O)sc1-c1sc(-c2ccc(N(c3ccc4c(c3)n(CCCCCC)c(=S)n4CCCCCC)c3ccc4c(c3)n(CCCCCC)c(=S)n4CCCCCC)cc2)cc1CCCCCC is invalid
21:37:03 <WARN> "default" filter: CCCCCCc1cc(/C=C(\C#N)C(=O)O)sc1-c1ccc(-c2sc(-c3ccc4c(c3)c3ccc5c6ccccc6n(CC(CC)CCCC)c5c3n4CC(CC)CCCC)cc2CCCCCC)s1 is invalid
21:37:03 <WARN> "default" filter: CCCCCCc1cc(/C=C(\C#N)C(=O)O)sc1-c1ccc2c3n(c(-c4ccccc4OC)c2c1)[B-](F)(F)[N+]1=C(c2ccccc2OC)c2cc(-c4sc(CO)cc4CCCCCC)ccc2C1=C3 is invalid
21:37:03 <WARN> "default" filter: CCCCCCc1cc(/C=C(\C#N)C(=O)O)sc1/C1=C2\C=CC(=N2)/C(c2ccc(C)s2)=c2/cc/c3n2[Zn]n2c(ccc21)/C(c1ccc(C)s1)=C1/C=CC(=N1)/C=3c1ccc(C)s1 is invalid
21:37:03 <WARN> "default" filter: CCCCCCc1cc(B(c2c(C)cc(C)cc2C)c2c(C)cc(C)cc2C)c(-c2sc(CCCCCC)cc2P(=O)(c2ccccc2)c2ccccc2)s1 is invalid
21:37:03 <WARN> "default" filter: CCCCCCc1cc(C=C(C#N)C(=O)O)sc1-c1ccc(-c2sc(-c3ccc(N(c4ccc5c(c4)C(C)(C)c4ccccc4-5)c4ccc5c(c4)C(C)(C)c4ccccc4-5)cc3)cc2CCCCCC)c2nsnc12 is invalid
21:37:03 <WARN> "default" filter: CCCCCCc1cc(C=C(C#N)C(=O)O)sc1-c1ccc(C=C2c3ccc(N(c4ccc(OC)cc4)c4ccc(OC)cc4)cc3-c3cc(N(c4ccc(OC)cc4)c4ccc(OC)cc4)ccc32)s1 is invalid
21:37:03 <WARN> "default" filter: CCCCCCc1cc(C=C(C#N)C(=O)O)sc1-c1ccc2c(c1)C(c1ccccc1OC)=[N+]1C2=Cc2c3ccc(-c4sc(/C=C(/C#N)C(=O)O)cc4CCCCCC)cc3c(-c3ccccc3OC)n2[B-]1(F)F is invalid
21:37:03 <WARN> "default" filter: CCCCCCc1cc2c(s1)-c1cc3c(cc1NB2c1ccccc1)-c1sc(CCCCCC)cc1B(c1ccccc1)N3 is invalid
21:37:03 <WARN> "default" filter: CCCCCCc1cc2c(s1)-c1ccccc1N1B2c2cc(CCCCCC)sc2-c2cc3c(cc21)-c1sc(CCCCCC)cc1B1c2cc(CCCCCC)sc2-c2cc4c(cc2N13)-c1sc(CCCCCC)cc1B1c2cc(CCCCCC)sc2-c2cc3c(cc2N14)-c1sc(CCCCCC)cc1B1c2cc(CCCCCC)sc2-c2ccccc2N13 is invalid
21:37:03 <WARN> "default" filter: CCCCCCc1cc2c(s1)-c1ccccc1N1B2c2cc(CCCCCC)sc2-c2cc3c(cc21)-c1sc(CCCCCC)cc1B1c2cc(CCCCCC)sc2-c2ccccc2N13 is invalid
21:37:03 <WARN> "default" filter: CCCCCCc1cc2c(s1)-c1ccccc1N1B2c2cc(CCCCCC)sc2-c2ccccc21 is invalid
21:37:03 <WARN> "default" filter: CCCCCCc1cc2c(s1)-c1sc(CCCCCC)cc1P(c1ccccc1)(c1ccccc1)=[O+][B-]2(c1c(C)cc(C)cc1C)c1c(C)cc(C)cc1C is invalid
21:37:03 <WARN> "default" filter: CCCCCCc1cc2c3c(c1)c(=C(c1ccccc1)c1ccccc1)c1cc(CCCCCC)cc4c1-n-3-c1c(cc(CCCCCC)cc1c4=C(c1ccccc1)c1ccccc1)c2=C(c1ccccc1)c1ccccc1 is invalid
21:37:03 <WARN> "default" filter: CCCCCCc1cc2c3c(c1)c(=C1c4ccccc4S(=O)(=O)c4ccccc41)c1cc(CCCCCC)cc4c1-n-3-c1c(cc(CCCCCC)cc1c4=C1c3ccccc3S(=O)(=O)c3ccccc31)c2=C1c2ccccc2S(=O)(=O)c2ccccc21 is invalid
21:37:03 <WARN> "default" filter: CCCCCCc1cc2c3c(c1)c(=C1c4ccccc4Sc4ccccc41)c1cc(CCCCCC)cc4c1-n-3-c1c(cc(CCCCCC)cc1c4=C1c3ccccc3Sc3ccccc31)c2=C1c2ccccc2Sc2ccccc21 is invalid
21:37:03 <WARN> "default" filter: CCCCCCc1cc2sc(-c3ccc4c(c3)c3cc(-c5cc6sc(CCCCCC)cc6s5)ccc3n4-c3ccc4c(c3)C(CCCCCC)(CCCCCC)c3cc(/C=C(\C#N)c5ccc(-c6ccc(/C=C(\C#N)C(=O)O)s6)s5)ccc3-4)cc2s1 is invalid
21:37:03 <WARN> "default" filter: CCCCCCc1cc2sc(/C=C/C3=[N+]4C(=C(c5ccc(C(=O)O)cc5)c5c(C)cc(/C=C/c6cc7sc(CCCCCC)cc7s6)n5[B-]4(C#CCOCCOC)C#CCOCCOC)C(C)=C3)cc2s1 is invalid
21:37:03 <WARN> "default" filter: CCCCCCc1ccc(-c2cc(/C3=C4\C=CC(=N4)/C(C#Cc4ccc(C(=O)O)cc4)=c4/cc/c5n4[Zn]n4c(ccc43)/C(C#Cc3ccc(N(C)C)cc3)=C3/C=CC(=N3)/C=5c3cc(-c4ccc(CCCCCC)s4)cc(-c4ccc(CCCCCC)s4)c3)cc(-c3ccc(CCCCCC)s3)c2)s1 is invalid
21:37:03 <WARN> "default" filter: CCCCCCc1ccc(-c2cc(CCCCCC)c(-c3ccc(-c4ccc(-c5sc(-c6ccc(P(=O)(O)O)s6)cc5CCCCCC)s4)s3)s2)s1 is invalid
21:37:03 <WARN> "default" filter: CCCCCCc1ccc(-c2cc(CCCCCC)c(-c3ccc(-c4sc(-c5ccc(P(=O)(O)O)s5)cc4CCCCCC)c4nsnc34)s2)s1 is invalid
21:37:03 <WARN> "default" filter: CCCCCCc1ccc(-c2cc3c4c(c2)C(c2ccc(C)cc2)(c2ccc(C)cc2)c2cc(-c5ccc(CCCCCC)s5)cc5c2N4c2c(cc(-c4ccc(/C=C(\C#N)C(=O)O)s4)cc2C5(c2ccc(C)cc2)c2ccc(C)cc2)C3(c2ccc(C)cc2)c2ccc(C)cc2)s1 is invalid
21:37:03 <WARN> "default" filter: CCCCCCc1ccc(-c2ccc(-c3cc(-c4ccc(-c5ccc(CCCCCC)s5)s4)c4ccc5c(-c6ccc(-c7ccc(CCCCCC)s7)s6)cc(-c6ccc(-c7ccc(CCCCCC)s7)s6)c6ccc3c4c65)s2)s1 is invalid
21:37:03 <WARN> "default" filter: CCCCCCc1ccc(-c2ccc(-c3ccc4c(c3)N(CC(CC)CCCC)C(=O)/C4=C3/C(=O)N(CC(CC)CCCC)c4c3cccc4-c3sc(-c4ccc(P(=O)(O)O)s4)cc3CCCCCC)s2)s1 is invalid
21:37:03 <WARN> "default" filter: CCCCCCc1ccc(-c2ccc(-c3ccc4c(c3)N(CC(CC)CCCC)C(=O)/C4=C3/C(=O)N(CC(CC)CCCC)c4cc(-c5cc(CCCCCC)c(-c6ccc(P(=O)(O)O)s6)s5)ccc43)s2)s1 is invalid
21:37:03 <WARN> "default" filter: CCCCCCc1ccc(-c2ccc3c(c2)c2cc(-c4ccc(CCCCCC)s4)ccc2n3-c2ccc3c(c2)C(CCCCCC)(CCCCCC)c2cc(/C=C(\C#N)c4ccc(-c5ccc(/C=C(/C#N)C(=O)O)s5)s4)ccc2-3)s1 is invalid
21:37:03 <WARN> "default" filter: CCCCCCc1ccc(-c2ccc3c(c2)c2cc(-c4ccc(CCCCCC)s4)ccc2n3-c2ccc3c(c2)C(CCCCCC)(CCCCCC)c2cc(/C=C(\C#N)c4ccc(-c5ccc(/C=C(\C#N)C(=O)O)s5)s4)ccc2-3)s1 is invalid
21:37:03 <WARN> "default" filter: CCCCCCc1ccc(-c2sc(-c3ccc(-c4cc(CCCCCC)c(-c5ccc(P(=O)(O)O)s5)s4)c4nsnc34)cc2CCCCCC)s1 is invalid
21:37:03 <WARN> "default" filter: CCCCCCc1ccc(-n2c3[n+](c4c5ccccc5c5ccccc5c42)[B-](C)(C)c2cc(-n4c5ccccc5c5ccccc54)ccc2-3)cc1 is invalid
21:37:03 <WARN> "default" filter: CCCCCCc1ccc(-n2c3[n+](c4c5ccccc5c5ccccc5c42)[B-](C)(C)c2ccc4ccccc4c2-3)cc1 is invalid
21:37:03 <WARN> "default" filter: CCCCCCc1ccc(-n2c3c(c4c2c2c(n4-c4ccc(CCCCCC)cc4)-c4cccc(OC)c4NB2c2ccccc2)B(c2ccccc2)Nc2c(OC)cccc2-3)cc1 is invalid
21:37:03 <WARN> "default" filter: CCCCCCc1ccc(/C2=C3\C=CC(=N3)/C(c3ccc(CCCCCC)s3)=c3/cc/c4n3[Zn]n3c(ccc32)/C(c2ccc(/C=C(\C#N)C(=O)O)s2)=C2/C=CC(=N2)/C=4c2ccc(CCCCCC)s2)s1 is invalid
21:37:03 <WARN> "default" filter: CCCCCCc1ccc(/C=C/C2=[N+]3C(=C(c4ccc(C(=O)O)cc4)c4c(C)cc(C)n4[B-]3(C#CCOCCOC)C#CCOCCOC)C(C)=C2)s1 is invalid
21:37:03 <WARN> "default" filter: CCCCCCc1ccc(/C=C/C2=[N+]3C(C(C)=C2)C(c2ccc(C(=O)O)cc2)c2c(C)cc(C)n2[B-]3(C#CCOCCOC)C#CCOCCOC)s1 is invalid
21:37:03 <WARN> "default" filter: CCCCCCc1ccc(C2(c3ccc(CCCCCC)cc3)c3cc(N(c4ccccc4)c4ccccc4)ccc3-c3sc(-c4cc5c(s4)/C(=C4\C(=O)N(CC(CC)CCCC)c6cc(-c7ccc(/C=C(\C#N)C(=O)O)cc7)sc64)C(=O)N5CC(CC)CCCC)cc32)cc1 is invalid
21:37:03 <WARN> "default" filter: CCCCCCc1ccc(C2(c3ccc(CCCCCC)cc3)c3cc(N(c4ccccc4)c4ccccc4)ccc3-c3sc(-c4ccc5c(c4)N(CC(CC)CCCC)C(=O)/C5=C4/C(=O)N(CC(CC)CCCC)c5cc(-c6ccc(C=C(C#N)C(=O)O)cc6)ccc54)cc32)cc1 is invalid
21:37:03 <WARN> "default" filter: CCCCCCc1ccc(N(/C2=c3\cc/c4n3[Zn]n3c(ccc3/C(N(c3cccc(CCCCCC)c3)c3cccc(CCCCCC)c3)=C3/C=CC(=N3)/C=4C#Cc3ccc(C(=O)O)cc3)/C(C#Cc3ccc(N(c4ccc(OC)cc4)c4cccc(OC)c4)cc3)=C3/C=CC2=N3)c2ccc(CCCCCC)cc2)cc1 is invalid
21:37:03 <WARN> "default" filter: CCCCCCc1ccc(N(/C2=c3\cc/c4n3[Zn]n3c(ccc3/C(c3cc(C(C)(C)C)cc(C(C)(C)C)c3)=C3/C=CC2=N3)/C(C#Cc2ccc(C(=O)O)cc2)=C2/C=CC(=N2)/C=4c2cc(C(C)(C)C)cc(C(C)(C)C)c2)c2ccc(CCCCCC)cc2)cc1 is invalid
21:37:03 <WARN> "default" filter: CCCCCCc1ccc2c(c1)C(C)(C)c1cc(N(c3ccc(-c4sc(-c5cc6sc(/C=C(\C#N)C(=O)O)c(CCCCCC)c6s5)c5c4OCCO5)cc3)c3ccc4c(c3)C(C)(C)c3cc(CCCCCC)ccc3-4)ccc1-2 is invalid
21:37:03 <WARN> "default" filter: CCCCCCc1ccc2c3c(ccc2c1)O[B-](F)(F)[N+](c1cc([N+]2=Cc4c(ccc5cc(CCCCCC)ccc45)O[B-]2(F)F)cc([N+]2=Cc4c(ccc5cc(CCCCCC)ccc45)O[B-]2(F)F)c1)=C3 is invalid
21:37:03 <WARN> "default" filter: CCCCCCc1ccc2c3c(ccc2c1)O[B-](c1ccccc1)(c1ccccc1)[N+](c1cc([N+]2=Cc4c(ccc5cc(CCCCCC)ccc45)O[B-]2(c2ccccc2)c2ccccc2)cc([N+]2=Cc4c(ccc5cc(CCCCCC)ccc45)O[B-]2(c2ccccc2)c2ccccc2)c1)=C3 is invalid
21:37:03 <WARN> "default" filter: CCCCCCc1ccc2c3c(ccc2c1)O[B-](c1ccccc1)(c1ccccc1)[N+](c1ccc([N+]2=Cc4c(ccc5cc(CCCCCC)ccc45)O[B-]2(c2ccccc2)c2ccccc2)cc1)=C3 is invalid
21:37:03 <WARN> "default" filter: CCCCCCc1ccsc1-c1cc2c3c(c1)C(c1ccc(C)cc1)(c1ccc(C)cc1)c1cc(-c4sccc4CCCCCC)cc4c1N3c1c(cc(-c3ccc(/C=C(\C#N)C(=O)O)s3)cc1C4(c1ccc(C)cc1)c1ccc(C)cc1)C2(c1ccc(C)cc1)c1ccc(C)cc1 is invalid
21:37:03 <WARN> "default" filter: CCCCCCc1ccsc1-c1ccc(-c2ccc(-c3sc(-c4cc(CCCCCC)c(-c5ccc(-c6ccc(-c7sc(-c8cc(CCCCCC)c(-c9ccc(-c%10ccc(-c%11sc(/C=C(\C#N)C(=O)O)cc%11CCCCCC)s%10)s9)s8)cc7CCCCCC)s6)s5)s4)cc3CCCCCC)s2)s1 is invalid
21:37:03 <WARN> "default" filter: CCCCCCc1ccsc1-c1ccc(-c2ccc(-c3sc(-c4cc(CCCCCC)c(-c5ccc(-c6ccc(-c7sc(/C=C(\C#N)C(=O)O)cc7CCCCCC)s6)s5)s4)cc3CCCCCC)s2)s1 is invalid
21:37:03 <WARN> "default" filter: CCCCCCc1ccsc1-c1ccc2c(c1)C1=[N+]3C2=Cc2c4ccc(-c5sccc5CCCCCC)cc4c4n2[B-]3(Oc2ccccc21)Oc1ccccc1-4 is invalid
21:37:03 <WARN> "default" filter: CCCCCCc1csc(-c2ccc(-c3cc(CCCCCC)c(/C=C/c4cc(-c5cc(CCCCCC)c(/C=C(\C#N)C(=O)O)s5)cc(/C=C/c5sc(-c6ccc(-c7cc(CCCCCC)cs7)c7nsnc67)cc5CCCCCC)c4OCC(CC)CCCC)s3)c3nsnc23)c1 is invalid
21:37:03 <WARN> "default" filter: CCCCCCc1nc2c(-c3ccc(/C=C(\C#N)C(=O)O)s3)c3nc(CCCCCC)c(CCCCCC)nc3c(-c3ccc(-c4ccc(N(c5ccccc5)c5ccccc5)cc4)s3)c2nc1CCCCCC is invalid
21:37:03 <WARN> "default" filter: CCCCCCn1c(=S)n(CCCCCC)c2cc(N(c3ccc(-c4cc(C)c(-c5sc(/C=C(/C#N)C(=O)O)cc5C)s4)cc3)c3ccc4c(c3)n(CCCCCC)c(=S)n4CCCCCC)ccc21 is invalid
21:37:03 <WARN> "default" filter: CCCCCCn1c(=S)n(CCCCCC)c2cc(N(c3ccc(-c4sc(-c5cc(-c6ccc(CCCC)cc6)c(/C=C(\C#N)C(=O)O)s5)cc4-c4ccc(CCCC)cc4)cc3)c3ccc4c(c3)n(CCCCCC)c(=S)n4CCCCCC)ccc21 is invalid
21:37:03 <WARN> "default" filter: CCCCCCn1c(=S)n(CCCCCC)c2cc(N(c3ccc(-c4sc(-c5cc(-c6ccc(OCC)cc6)c(/C=C(\C#N)C(=O)O)s5)cc4-c4ccc(OCC)cc4)cc3)c3ccc4c(c3)n(CCCCCC)c(=S)n4CCCCCC)ccc21 is invalid
21:37:03 <WARN> "default" filter: CCCCCCn1c2c(c3cc(-c4ccc5ccc6cccc7ccc4c5c67)ccc31)-c1c(c3cc(-c4ccc5ccc6cccc7ccc4c5c67)ccc3n1CCCCCC)-c1c(c3cc(-c4ccc5ccc6cccc7ccc4c5c67)ccc3n1CCCCCC)-c1c-2c2cc(-c3ccc4ccc5cccc6ccc3c4c56)ccc2n1CCCCCC is invalid
21:37:03 <WARN> "default" filter: CCCCCCn1c2cc(-c3ccc(-n4c(/C=C/c5ccc(N(c6ccccc6)c6ccccc6)cc5)ccc4/C=C(\C#N)C(=O)O)cc3)ccc2c2ccc(-c3ccc(-n4c(/C=C/c5ccc(N(c6ccccc6)c6ccccc6)cc5)ccc4/C=C(\C#N)C(=O)O)cc3)cc21 is invalid
21:37:03 <WARN> "default" filter: CCCCCCn1c2cc(/C=C(/C#N)C(=O)O)sc2c2sc(-c3ccc4c(c3)C(CCCCCC)(CCCCCC)c3cc(-c5cc6c(s5)c5sc(/C=C(\C#N)C(=O)O)cc5n6CCCCCC)ccc3-4)cc21 is invalid
21:37:03 <WARN> "default" filter: CCCCCCn1c2cc(/C=C(\C#N)C(=O)O)sc2c2sc(-c3ccc(N(c4ccc(-n5c6ccsc6c6sccc65)cc4)c4ccc5c(c4)C(CCCCCC)(CCCCCC)c4c6c(c7c(c4-5)C(CCCCCC)(CCCCCC)c4ccccc4-7)C(CCCCCC)(CCCCCC)c4ccccc4-6)cc3)cc21 is invalid
21:37:03 <WARN> "default" filter: CCCCCCn1c2cc(/C=C(\C#N)C(=O)O)sc2c2sc(-c3ccc(N(c4ccc(N(c5ccc6c(c5)-c5ccccc5C6(CCC)CCC)c5ccc6c(c5)-c5ccccc5C6(CCC)CCC)cc4)c4ccc5c(c4)C(CCCCCC)(CCCCCC)c4c6c(c7c(c4-5)C(CCCCCC)(CCCCCC)c4ccccc4-7)C(CCCCCC)(CCCCCC)c4ccccc4-6)cc3)cc21 is invalid
21:37:03 <WARN> "default" filter: CCCCCCn1c2cc(/C=C(\C#N)C(=O)O)sc2c2sc(-c3ccc(N(c4ccc(N(c5ccccc5)c5ccccc5)cc4)c4ccc5c(c4)C(CCCCCC)(CCCCCC)c4c6c(c7c(c4-5)C(CCCCCC)(CCCCCC)c4ccccc4-7)C(CCCCCC)(CCCCCC)c4ccccc4-6)cc3)cc21 is invalid
21:37:03 <WARN> "default" filter: CCCCCCn1c2cc(/C=C(\C#N)C(=O)O)sc2c2sc(-c3ccc4c(c3)C(CCCCCC)(CCCCCC)c3cc(-c5cc6c(s5)c5sc(/C=C(\C#N)C(=O)O)cc5n6CCCCCC)ccc3-4)cc21 is invalid
21:37:03 <WARN> "default" filter: CCCCCCn1c2ccc(/C=C(\C#N)C(=O)O)cc2c2cc(-c3ccc(C=C(c4ccc(N5c6ccccc6Sc6ccccc65)cc4)c4ccc(N5c6ccccc6Sc6ccccc65)cc4)cc3)ccc21 is invalid
21:37:03 <WARN> "default" filter: CCCCCCn1c2ccc(C=C(C#N)C(=O)O)cc2c2cc(-c3ccc(C=C(c4ccc(-n5c6ccccc6c6ccccc65)cc4)c4ccc(-n5c6ccccc6c6ccccc65)cc4)cc3)ccc21 is invalid
21:37:03 <WARN> "default" filter: CCCCCCn1c2ccc(C=C(C#N)C(=O)O)cc2c2cc(-c3ccc(C=C(c4ccc(N5c6ccccc6Sc6ccccc65)cc4)c4ccc(N5c6ccccc6Sc6ccccc65)cc4)cc3)ccc21 is invalid
21:37:04 <WARN> "default" filter: CCCCCCn1c2ccccc2c2cc(-c3cc(-c4sc(/C=C(\C#N)C(=O)O)cc4-c4ccc5c(c4)c4ccccc4n5CCCCCC)sc3-c3ccc4c(c3)c3ccccc3n4CCCCCC)ccc21 is invalid
21:37:04 <WARN> "default" filter: CCCCCCn1c2ccccc2c2cc(-c3cc(-c4sc(C=C(C#N)C(=O)O)cc4-c4ccc5c(c4)c4ccccc4n5CCCCCC)sc3-c3ccc4c(c3)c3ccccc3n4CCCCCC)ccc21 is invalid
21:37:04 <WARN> "default" filter: CCCCCCn1c2ccccc2c2cc(-c3ccc(-n4c(/C=C(/C#N)C(=O)O)ccc4/C=C/c4cc5cc(-c6ccc7c(c6)c6ccccc6n7CCCCCC)ccc5n4CCCC)cc3)ccc21 is invalid
21:37:04 <WARN> "default" filter: CCCCCCn1c2ccccc2c2cc(-c3ccc(-n4c(/C=C/c5cc6cc(-c7ccc8c(c7)c7ccccc7n8CCCCCC)ccc6n5CCCC)ccc4/C=C(\C#N)C(=O)O)cc3)ccc21 is invalid
21:37:04 <WARN> "default" filter: CCCCCCn1c2ccccc2c2cc(-c3ccc(N(c4ccc(-c5cc6c(s5)-c5sc(/C=C(\C#N)C(=O)O)cc5C6(CCCCCC)CCCCCC)cc4)c4ccc5c(c4)C(CCCCCC)(CCCCCC)c4c6c(c7c(c4-5)C(CCCCCC)(CCCCCC)c4ccccc4-7)C(CCCCCC)(CCCCCC)c4ccccc4-6)cc3)ccc21 is invalid
21:37:04 <WARN> "default" filter: CCCCCCn1c2ccccc2c2cc(C(c3ccc(-c4cc5c(s4)-c4sc(/C=C(\C#N)C(=O)O)cc4C5(CCCCCC)CCCCCC)cc3)c3ccc4c(c3)C(CCCCCC)(CCCCCC)c3c5c(c6c(c3-4)C(CCCCCC)(CCCCCC)c3ccccc3-6)C(CCCCCC)(CCCCCC)c3ccccc3-5)ccc21 is invalid
21:37:04 <WARN> "default" filter: CCCCCCn1c2ccccc2c2cc(N(c3ccc(-c4ccc5c(c4)C(CCCCCC)(CCCCCC)c4c6c(c7c(c4-5)C(CCCCCC)(CCCCCC)c4ccccc4-7)C(CCCCCC)(CCCCCC)c4ccccc4-6)cc3)c3ccc(-c4cc5c(s4)c4sc(/C=C(\C#N)C(=O)O)cc4n5CCCCCC)c(C(=O)OC)c3)ccc21 is invalid
21:37:04 <WARN> "default" filter: CCCCCCn1c2ccccc2c2cc(N(c3ccc(-c4ccc5c(c4)C(CCCCCC)(CCCCCC)c4c6c(c7c(c4-5)C(CCCCCC)(CCCCCC)c4ccccc4-7)C(CCCCCC)(CCCCCC)c4ccccc4-6)cc3)c3ccc(-c4cc5c(s4)c4sc(/C=C(\C#N)C(=O)O)cc4n5CCCCCC)cc3)ccc21 is invalid
21:37:04 <WARN> "default" filter: CCCCCCn1c2ccsc2c2sc(-c3ccc(N(c4ccc(-c5cc6c(s5)c5sc(/C=C(\C#N)C(=O)O)cc5n6CCCCCC)cc4)c4ccc5c(c4)C(CCCCCC)(CCCCCC)c4c6c(c7c(c4-5)C(CCCCCC)(CCCCCC)c4ccccc4-7)C(CCCCCC)(CCCCCC)c4ccccc4-6)cc3)cc21 is invalid
21:37:04 <WARN> "default" filter: CCCCCCn1nc2c(-c3ccc(C=C(C#N)C(=O)O)[se]3)ccc(-c3ccc(-c4ccc(N(c5ccccc5)c5ccccc5)cc4)[se]3)c2n1 is invalid
21:37:04 <WARN> "default" filter: CCCCCNC(=O)COc1ccc(/C=C/c2ccc3n2[B-](F)(F)[N+]2=C(c4cccs4)C=CC2=C3)cc1 is invalid
21:37:04 <WARN> "default" filter: CCCCCOc1ccc(N(/C2=c3\cc/c4n3[Zn]n3c(ccc3/C(c3cc(C(C)(C)C)cc(C(C)(C)C)c3)=C3/C=CC2=N3)/C(C#Cc2ccc(C(=O)O)cc2)=C2/C=CC(=N2)/C=4c2cc(C(C)(C)C)cc(C(C)(C)C)c2)c2ccc(OCCCCC)cc2)cc1 is invalid
21:37:04 <WARN> "default" filter: CCCCCc1ccc(-c2ccc(C#Cc3cc(C#Cc4ccc(-c5ccc(CCCCC)cc5)cc4)c4ccc5c(C(=O)c6ccccc6)cc(C#Cc6ccc(-c7ccc(CCCCC)cc7)cc6)c6ccc3c4c65)cc2)cc1 is invalid
21:37:04 <WARN> "default" filter: CCCCCc1ccc(N(c2ccc(CCCCC)cc2)c2ccc3c(c2)/C=N/c2ccc(C(=O)O)cc2/N=C/c2cc(N(c4ccc(CCCCC)cc4)c4ccc(CCCCC)cc4)ccc2O[Zn]O3)cc1 is invalid
21:37:04 <WARN> "default" filter: CCCCCc1nc2c(-c3ccc4c(c3)[C@H]3CCC[C@H]3N4c3ccc(C)cc3)ccc(-c3cc4c5nc(CCCCC)c(CCCCC)nc5c5cc(/C=C(\C#N)C(=O)O)sc5c4s3)c2nc1CCCCC is invalid
21:37:04 <WARN> "default" filter: CCCCCc1nc2c(-c3ccc4c(c3)[C@H]3CCC[C@H]3N4c3ccc(C)cc3)cnc(-c3cc4c5nc(CCCCC)c(CCCCC)nc5c5cc(/C=C(\C#N)C(=O)O)sc5c4s3)c2nc1CCCCC is invalid
21:37:04 <WARN> "default" filter: CCCCN(CCCC)c1ccc(C#Cc2cc(C#Cc3cc(C(F)(F)F)cc(C(F)(F)F)c3)c(C#Cc3cc(C(F)(F)F)cc(C(F)(F)F)c3)cc2C#Cc2ccc(N(CCCC)CCCC)cc2)cc1 is invalid
21:37:04 <WARN> "default" filter: CCCCN(CCCC)c1ccc(C#Cc2cc(C#Cc3cc(C(F)(F)F)cc(C(F)(F)F)c3)c(C#Cc3ccc(N(CCCC)CCCC)cc3)cc2C#Cc2cc(C(F)(F)F)cc(C(F)(F)F)c2)cc1 is invalid
21:37:04 <WARN> "default" filter: CCCCN(CCCC)c1ccc(C#Cc2cc(C#Cc3ccc(N(CCCC)CCCC)cc3)c(C#Cc3cc(C(F)(F)F)cc(C(F)(F)F)c3)cc2C#Cc2cc(C(F)(F)F)cc(C(F)(F)F)c2)cc1 is invalid
21:37:04 <WARN> "default" filter: CCCCN(CCCC)c1ccc2c#cc3cc4c#cc5ccc(C(F)(F)F)cc5c#cc#cc5cc(C(F)(F)F)ccc5c#cc4cc3c#cc3ccc(N(CCCC)CCCC)cc3c#cc#cc2c1 is invalid
21:37:04 <WARN> "default" filter: CCCCN(CCCC)c1ccc2c#cc3cc4c#cc5ccc(C(F)(F)F)cc5c#cc#cc5cc(N(CCCC)CCCC)ccc5c#cc4cc3c#cc3ccc(C(F)(F)F)cc3c#cc#cc2c1 is invalid
21:37:04 <WARN> "default" filter: CCCCN(CCCC)c1ccc2c#cc3cc4c#cc5ccc(N(CCCC)CCCC)cc5c#cc#cc5cc(C(F)(F)F)ccc5c#cc4cc3c#cc3ccc(C(F)(F)F)cc3c#cc#cc2c1 is invalid
21:37:04 <WARN> "default" filter: CCCCN1B2C(=Cc3ccccc31)C(c1ccccc1)=C(c1ccccc1)c1ccccc12 is invalid
21:37:04 <WARN> "default" filter: CCCCN1B2OB3C(=Cc4ccccc4N3CCCC)C(c3ccccc3)=C(c3ccccc3)C2=Cc2ccccc21 is invalid
21:37:04 <WARN> "default" filter: CCCCN1C(=O)c2cc(Oc3ccc(C(C)(C)C)cc3)c3c4c(Oc5ccc(C(C)(C)C)cc5)c(Oc5ccc(C(C)(C)C)cc5)c5c6c(cc(Oc7ccc(C(C)(C)C)cc7)c(c7c(Oc8ccc(C(C)(C)C)cc8)c(Oc8ccc(C(C)(C)C)cc8)c(c2c37)C1=O)c64)C(=O)N(CCCC)C5=O is invalid
21:37:04 <WARN> "default" filter: CCCCN1C(=O)c2cc(Oc3ccc(C(C)(C)C)cc3)c3c4c(Oc5ccc(C(C)(C)C)cc5)cc5c(=O)[nH]/c(=C\c6ccc7ccccc7n6)c6cc(Oc7ccc(C(C)(C)C)cc7)c(c7c(Oc8ccc(C(C)(C)C)cc8)cc(c2c37)C1=O)c4c56 is invalid
21:37:04 <WARN> "default" filter: CCCCN1C(=O)c2cc(Oc3ccc(C(C)(C)C)cc3)c3c4c(Oc5ccc(C(C)(C)C)cc5)cc5c(=O)[nH]/c(=C\c6ccccn6)c6cc(Oc7ccc(C(C)(C)C)cc7)c(c7c(Oc8ccc(C(C)(C)C)cc8)cc(c2c37)C1=O)c4c56 is invalid
21:37:04 <WARN> "default" filter: CCCCN1C(=O)c2cc(Oc3ccc(C(C)(C)C)cc3)c3c4c(Oc5ccc(C(C)(C)C)cc5)cc5c(=O)n6c(c7cc(Oc8ccc(C(C)(C)C)cc8)c(c8c(Oc9ccc(C(C)(C)C)cc9)cc(c2c38)C1=O)c4c57)=Cc1ccc2ccccc2[n+]1[B-]6(F)F is invalid
21:37:04 <WARN> "default" filter: CCCCN1C(=O)c2cc(Oc3ccc(C(C)(C)C)cc3)c3c4c(Oc5ccc(C(C)(C)C)cc5)cc5c(=O)n6c(c7cc(Oc8ccc(C(C)(C)C)cc8)c(c8c(Oc9ccc(C(C)(C)C)cc9)cc(c2c38)C1=O)c4c57)=Cc1cccc[n+]1[B-]6(F)F is invalid
21:37:04 <WARN> "default" filter: CCCCN1C(=O)c2cc(Oc3ccc(C(C)(C)C)cc3)c3c4c(Oc5ccc(C(C)(C)C)cc5)cc5c6c(cc(Oc7ccc(C(C)(C)C)cc7)c(c7c(Oc8ccc(C(C)(C)C)cc8)cc(c2c37)C1=O)c64)C(=O)N(CCCC)C5=O is invalid
21:37:04 <WARN> "default" filter: CCCCN1C(=O)c2cccc3c(Oc4cc(COc5ccc(N6C(=O)c7cccc8c(NCCN(C)C)ccc(c78)C6=O)cc5)cc(Oc5ccc6c7c(cccc57)C(=O)N(CCCC)C6=O)c4)ccc(c23)C1=O is invalid
21:37:04 <WARN> "default" filter: CCCCN1c2ccc(/C=C(/C#N)C(=O)O)cc2Sc2cc(-n3c4ccc(-n5c6ccc(C(C)(C)C)cc6c6cc(C(C)(C)C)ccc65)cc4c4cc(-n5c6ccc(C(C)(C)C)cc6c6cc(C(C)(C)C)ccc65)ccc43)ccc21 is invalid
21:37:04 <WARN> "default" filter: CCCCN1c2ccc(/C=C(\C#N)C(=O)O)cc2Sc2cc(-n3c4ccc(-n5c6ccc(C(C)(C)C)cc6c6cc(C(C)(C)C)ccc65)cc4c4cc(-n5c6ccc(C(C)(C)C)cc6c6cc(C(C)(C)C)ccc65)ccc43)ccc21 is invalid
21:37:04 <WARN> "default" filter: CCCCN1c2ccc(/C=C3\SC(=S)N(CC(=O)O)C3=O)cc2Sc2cc(-n3c4ccc(-n5c6ccc(C(C)(C)C)cc6c6cc(C(C)(C)C)ccc65)cc4c4cc(-n5c6ccc(C(C)(C)C)cc6c6cc(C(C)(C)C)ccc65)ccc43)ccc21 is invalid
21:37:04 <WARN> "default" filter: CCCCN1c2ccc(C=C3SC(=S)N(CC(=O)O)C3=O)cc2Sc2cc(-n3c4ccc(-n5c6ccc(C(C)(C)C)cc6c6cc(C(C)(C)C)ccc65)cc4c4cc(-n5c6ccc(C(C)(C)C)cc6c6cc(C(C)(C)C)ccc65)ccc43)ccc21 is invalid
21:37:04 <WARN> "default" filter: CCCCN1c2ccccc2B(c2ccccc2C(F)(F)F)c2ccccc21 is invalid
21:37:04 <WARN> "default" filter: CCCCNc1ccc2c3c(cccc13)C(=O)N(c1ccc(OCc3cc(Oc4ccc5c6c(cccc46)C(=O)N(CCCC)C5=O)cc(Oc4ccc5c6c(cccc46)C(=O)N(CCCC)C5=O)c3)cc1)C2=O is invalid
21:37:04 <WARN> "default" filter: CCCCNc1ccc2n1[B-](F)(F)[N+]1=CC(/C=C/C(=O)OC(C)(C)C)=CC1=C2c1c(C)cc(C)cc1C is invalid
21:37:04 <WARN> "default" filter: CCCCOC(=O)c1cc(Oc2ccc(C(C)(C)C)cc2)c2c3c(Cl)cc4c5c(cc(Cl)c(c6c(Oc7ccc(C(C)(C)C)cc7)cc(C(=O)OCCCC)c1c26)c53)C(=O)N(c1c(C(C)C)cccc1C(C)C)C4=O is invalid
21:37:04 <WARN> "default" filter: CCCCOC(=O)c1cc(Oc2ccc(OC)cc2)c2c3c(Cl)cc4c5c(cc(Cl)c(c6c(Oc7ccc(OC)cc7)cc(C(=O)OCCCC)c1c26)c53)C(=O)N(c1c(C(C)C)cccc1C(C)C)C4=O is invalid
21:37:04 <WARN> "default" filter: CCCCOc1c(-c2ccc(C=O)cc2)cc2cc(-c3ccc(C=O)cc3)c(OCCCC)c3c4c(OCCCC)c(-c5ccc(C=O)cc5)cc5cc(-c6ccc(C=O)cc6)c(OCCCC)c(c1c23)c54 is invalid
21:37:04 <WARN> "default" filter: CCCCOc1c2cc(-c3ccc(-c4ccc(-c5ccc(/C=C(\C#N)C(=O)O)s5)s4)s3)cc1Cc1cc(-c3ccc(-c4ccc(-c5ccc(/C=C(\C#N)C(=O)O)s5)s4)s3)cc(c1OCCCC)Cc1cc(-c3ccc(-c4ccc(-c5ccc(/C=C(\C#N)C(=O)O)s5)s4)s3)cc(c1OCCCC)Cc1cc(-c3ccc(-c4ccc(-c5ccc(/C=C(\C#N)C(=O)O)s5)s4)s3)cc(c1OCCCC)C2 is invalid
21:37:04 <WARN> "default" filter: CCCCOc1c2cc(-c3ccc(-c4ccc(/C=C(\C#N)C(=O)O)s4)s3)cc1Cc1cc(-c3ccc(-c4ccc(/C=C(\C#N)C(=O)O)s4)s3)cc(c1OCCCC)Cc1cc(-c3ccc(-c4ccc(/C=C(\C#N)C(=O)O)s4)s3)cc(c1OCCCC)Cc1cc(-c3ccc(-c4ccc(/C=C(\C#N)C(=O)O)s4)s3)cc(c1OCCCC)C2 is invalid
21:37:04 <WARN> "default" filter: CCCCOc1c2cc(-c3ccc(/C=C(\C#N)C(=O)O)s3)cc1Cc1cc(-c3ccc(/C=C(\C#N)C(=O)O)s3)cc(c1OCCCC)Cc1cc(-c3ccc(/C=C(\C#N)C(=O)O)s3)cc(c1OCCCC)Cc1cc(-c3ccc(/C=C(\C#N)C(=O)O)s3)cc(c1OCCCC)C2 is invalid
21:37:04 <WARN> "default" filter: CCCCOc1ccc(-c2cc3c(o2)c(-c2ccc(OCCCC)cc2)c2n3[B-](F)(F)[N+]3=Cc4c(-c5ccc(OCCCC)cc5)c5oc(-c6ccc(OCCCC)cc6)cc5n4[B-](F)(F)[N+]3=C2)cc1 is invalid
21:37:04 <WARN> "default" filter: CCCCOc1ccc(-c2ccc(N(c3ccc(-c4ccc(-c5ccc(-c6cc(C(=O)O)nc(C(=O)O)c6)s5)s4)cc3)c3ccc(-c4ccc(OCCCC)cc4OCCCC)cc3)cc2)c(OCCCC)c1 is invalid
21:37:04 <WARN> "default" filter: CCCCOc1ccc(-c2ccc(N(c3ccc(-c4ccc(-c5ccc(-c6ccc(-c7ccncc7)s6)c6nsnc56)s4)cc3)c3ccc(-c4ccc(OCCCC)cc4OCCCC)cc3)cc2)c(OCCCC)c1 is invalid
21:37:04 <WARN> "default" filter: CCCCOc1ccc(-c2ccc(N(c3ccc(-c4ccc(OCCCC)cc4OCCCC)cc3)c3ccc(-c4ccc(-c5ccc(/C=C(\C#N)C(=O)O)o5)c5nsnc45)cc3)cc2)c(OCCCC)c1 is invalid
21:37:04 <WARN> "default" filter: CCCCOc1ccc(-c2ccc(N(c3ccc(-c4ccc5c(c4)Oc4cc(-c6ccc(/C=C(\C#N)C(=O)O)s6)ccc4N5CC(CC)CCCC)cc3)c3ccc(-c4ccc(OCCCC)cc4OCCCC)cc3)cc2)c(OCCCC)c1 is invalid
21:37:04 <WARN> "default" filter: CCCCOc1ccc(-c2oc3c(-c4ccc(OCCCC)cc4)c4n(c3c2-c2ccc(OCCCC)cc2)[B-](F)(F)[N+]2=Cc3c(-c5ccc(OCCCC)cc5)c5oc(-c6ccc(OCCCC)cc6)c(-c6ccc(OCCCC)cc6)c5n3[B-](F)(F)[N+]2=C4)cc1 is invalid
21:37:04 <WARN> "default" filter: CCCCOc1ccc(-c2oc3cc4n(c3c2-c2ccc(OCCCC)cc2)[B-](F)(F)[N+]2=Cc3cc5oc(-c6ccc(OCCCC)cc6)c(-c6ccc(OCCCC)cc6)c5n3[B-](F)(F)[N+]2=C4)cc1 is invalid
21:37:04 <WARN> "default" filter: CCCCOc1ccc(/C2=C3\C=CC(=N3)/C(c3ccccc3)=c3/cc/c4n3[Zn]n3c(ccc32)/C(c2ccccc2)=C2/C=CC(=N2)/C=4C=CC(=O)O)cc1 is invalid
21:37:04 <WARN> "default" filter: CCCCOc1ccc(/C=C/c2cc(C)c3n2[B-](F)(F)[N+]2=CC=CC2=C3)cc1 is invalid
21:37:04 <WARN> "default" filter: CCCCOc1ccc(N(c2ccc(OCCCC)cc2)c2ccc(-c3c(-c4ccc(-c5ccc(-c6cccs6)s5)s4)sc(-c4ccsc4-c4ccc(-c5ccc(C=C(C#N)C(=O)O)s5)s4)c3-c3ccc(N(c4ccc(OCCCC)cc4)c4ccc(OCCCC)cc4)cc3)cc2)cc1 is invalid
21:37:04 <WARN> "default" filter: CCCC[C@@H](CC)Cn1c2cc(-c3ccc(/C=C(\C#N)C(=O)O)s3)ccc2c2nc3c(-c4ccc(N(c5ccccc5)c5ccccc5)cc4)ccc(-c4ccc(N(c5ccccc5)c5ccccc5)cc4)c3nc21 is invalid
21:37:04 <WARN> "default" filter: CCCC[C@@H](CC)Cn1c2cc(-c3ccc(/C=c4\sc(=C(C#N)C#N)[nH]c4=O)o3)ccc2c2nc3c(-c4ccc(N(c5ccccc5)c5ccccc5)cc4)ccc(-c4ccc(N(c5ccccc5)c5ccccc5)cc4)c3nc21 is invalid
21:37:04 <WARN> "default" filter: CCCC[C@H](C)Cc1ccc(-c2ccc(-c3cc4c(cc(-c5ccc(-c6ccc(C=C(C#N)C(=O)O)s6)cc5)n4-c4ccc(OC[C@@H](CC)CCCC)cc4)n3-c3ccc(OC[C@@H](CC)CCCC)cc3)cc2)cc1 is invalid
21:37:04 <WARN> "default" filter: CCCC[C@H](CC)CN1C(=O)C2=C(c3ccc(-c4cc5c6c7c4cccc7c4cccc7c(-c8ccc(OC)cc8)cc(c6c74)n5C[C@@H](CC)CCCC)cc3)N(C[C@@H](CC)CCCC)C(=O)C2=C1c1ccc(-c2ccc(/C=C(/C#N)C(=O)O)s2)cc1 is invalid
21:37:04 <WARN> "default" filter: CCCC[C@H](CC)CN1C(=O)C2=C(c3ccc(-c4ccc(C(=O)O)cc4)s3)N(C[C@H](CC)CCCC)C(=O)C2=C1c1ccc(-c2cc3c(s2)-c2ccc(N(c4ccc(C)cc4)c4ccc(C)cc4)cc2C3(c2ccc(C)cc2)c2ccc(C)cc2)s1 is invalid
21:37:04 <WARN> "default" filter: CCCC[C@H](CC)COc1ccc(-c2cc3c4c5c2cccc5c2cccc5c(-c6ccc(-c7ccc(-c8ccc(/C=C(\C#N)C(=O)O)s8)c8nc(-c9ccccc9)c(-c9ccccc9)nc78)s6)cc(c4c52)n3C[C@@H](CC)CCCC)cc1 is invalid
21:37:04 <WARN> "default" filter: CCCC[C@H](CC)COc1ccc(-n2c(-c3ccc(-c4ccc(C=C(C#N)C(=O)O)cc4)cc3)cc3c2cc(-c2ccc(-c4ccc(C(=C(c5ccccc5)c5ccccc5)c5ccccc5)cc4)cc2)n3-c2ccc(OC[C@@H](CC)CCCC)cc2)cc1 is invalid
21:37:04 <WARN> "default" filter: CCCC[C@H](CC)COc1ccc(-n2c(-c3ccc(-c4ccc(C=C(C#N)C(=O)O)cc4)cc3)cc3c2cc(-c2ccc(-c4ccc(C[C@@H](CC)CCCC)cc4)cc2)n3-c2ccc(OC[C@@H](CC)CCCC)cc2)cc1 is invalid
21:37:04 <WARN> "default" filter: CCCC[C@H](CC)COc1ccc(N(c2ccc(OC[C@@H](CC)CCCC)cc2)c2ccc(-c3sc(/C=C(\C#N)C(=O)O)c4c3OC[C@]3(CO4)COc4c(/C=C(\C#N)C(=O)O)sc(-c5ccc(N(c6ccc(OC)cc6)c6ccc(OC)cc6)c6nsnc56)c4OC3)cc2)cc1 is invalid
21:37:04 <WARN> "default" filter: CCCC[C@H](CC)Cc1cc(-c2ccc(-c3cc(C[C@H](CC)CCCC)c(-c4ccc(-c5ccc(N(c6ccccc6)c6ccccc6)cc5)s4)s3)c3nsnc23)sc1-c1ccc(-c2ccc(/C=C(\C#N)C(=O)O)cc2)s1 is invalid
21:37:04 <WARN> "default" filter: CCCC[C@H](CC)Cn1c2ccc(-c3ccc(-c4ccc(/C=C(\C#N)C(=O)O)s4)s3)cc2c2cc3c4cc(-c5ccc(-c6ccc(/C=C(\C#N)C(=O)O)s6)s5)ccc4n(C[C@H](CC)CCCC)c3cc21 is invalid
21:37:04 <WARN> "default" filter: CCCC[Si](C)(C)c1cccc2ccccc12 is invalid
21:37:04 <WARN> "default" filter: CCCCc1cc(-c2cccc(COC)c2)oc1-c1cccc(-c2cc(CCCC)c(-c3cccc(-c4oc(-c5cccc(-c6oc(-c7cccc(COC)c7)cc6CCCC)c5)cc4CCCC)c3)o2)c1 is invalid
21:37:04 <WARN> "default" filter: CCCCc1cc2cccc3cc(CCCC)c4cc(-c5cc6[b-]7c(c5)c(CCCC)cc5cccc(cc6CCCC)[n+]75)cc1[b-]4[n+]23 is invalid
21:37:04 <WARN> "default" filter: CCCCc1cc2cccc[n+]2[b-]2c(-c3cccc4[b-]3[n+]3ccccc3cc4CCCC)cccc21 is invalid
21:37:04 <WARN> "default" filter: CCCCc1cc2cccc[n+]2[b-]2ccc(-c3cc[b-]4c(c3)c(CCCC)cc3cccc[n+]43)cc21 is invalid
21:37:04 <WARN> "default" filter: CCCCc1ccc(-n2c3c(c4c2c2c(n4-c4ccc(CCCC)cc4)-c4cc(F)ccc4NB2c2ccccc2)B(c2ccccc2)Nc2ccc(F)cc2-3)cc1 is invalid
21:37:04 <WARN> "default" filter: CCCCc1ccc(-n2c3c(c4c2c2c(n4-c4ccc(CCCC)cc4)-c4ccc(C(F)(F)F)cc4NB2c2ccccc2)B(c2ccccc2)Nc2cc(C(F)(F)F)ccc2-3)cc1 is invalid
21:37:04 <WARN> "default" filter: CCCCc1ccc(/C2=C3\C=CC(=N3)/C(c3ccc(CCCC)cc3)=c3/cc/c4n3[Zn]n3c2ccc3/C(c2ccc(CCCC)cc2)=C2/C=C(/C=C/C=C(C(=O)O)C(=O)O)C(=N2)/C=4c2ccc(CCCC)cc2)cc1 is invalid
21:37:04 <WARN> "default" filter: CCCCc1ccc(/C=C/c2cc(C)c3n2[B-](F)(F)[N+]2=CC=CC2=C3)cc1 is invalid
21:37:04 <WARN> "default" filter: CCCCn1c(/C=C/c2ccc(/C=C(/C#N)C(=O)O)n2-c2ccc(-c3ccc(N(c4ccccc4)c4ccccc4)cc3)cc2)cc2cc(-c3ccc(N(c4ccccc4)c4ccccc4)cc3)ccc21 is invalid
21:37:04 <WARN> "default" filter: CCCCn1c(/C=C/c2ccc(/C=C(\C#N)C(=O)O)n2-c2ccc(-c3ccc(N(c4ccccc4)c4ccccc4)cc3)cc2)cc2cc(-c3ccc(N(c4ccccc4)c4ccccc4)cc3)ccc21 is invalid
21:37:04 <WARN> "default" filter: CCCCn1c2cc(-c3ccc(-c4ccc(/C=C(\C#N)C(=O)O)s4)s3)ccc2c2ccc(N(c3ccc(-c4ccc5c(c4)C(CC)(CC)c4ccccc4-5)cc3)c3ccc(-c4ccc5c(c4)C(CC)(CC)c4ccccc4-5)cc3)cc21 is invalid
21:37:05 <WARN> "default" filter: CCCCn1c2cc(-c3ccc(/C=C(\C#N)C(=O)O)s3)ccc2c2ccc(N(c3ccc(-c4ccc5c(c4)C(CC)(CC)c4ccccc4-5)cc3)c3ccc(-c4ccc5c(c4)C(CC)(CC)c4ccccc4-5)cc3)cc21 is invalid
21:37:05 <WARN> "default" filter: CCCCn1c2cc(-c3ccc(C4=C5C=CC(c6ccc(-c7ccncc7)s6)=[N+]5[B-](F)(F)n5c4ccc5-c4ccc(-c5ccncc5)s4)s3)ccc2c2ccc(N(c3ccccc3)c3ccccc3)cc21 is invalid
21:37:05 <WARN> "default" filter: CCCCn1c2cc(-c3ccc(C4=[N+]5C(=C(c6ccc(/C=C(\C#N)C(=O)O)s6)c6ccc(-c7ccc(-c8ccc9c%10ccc(N(c%11ccccc%11)c%11ccccc%11)cc%10n(CCCC)c9c8)s7)n6[B-]5(F)F)C=C4)s3)ccc2c2ccc(N(c3ccccc3)c3ccccc3)cc21 is invalid
21:37:05 <WARN> "default" filter: CCCCn1c2cc(-c3ccc(C4=[N+]5C(=C(c6ccc(/C=C(\C#N)c7ccncc7)s6)c6ccc(-c7ccc(-c8ccc9c%10ccc(N(c%11ccccc%11)c%11ccccc%11)cc%10n(CCCC)c9c8)s7)n6[B-]5(F)F)C=C4)s3)ccc2c2ccc(N(c3ccccc3)c3ccccc3)cc21 is invalid
21:37:05 <WARN> "default" filter: CCCCn1c2cc(-c3ccc(C4=[N+]5C(C=C4)C(c4ccc(/C=C(\C#N)C(=O)O)s4)c4ccc(-c6ccc(-c7ccc8c9ccc(N(c%10ccccc%10)c%10ccccc%10)cc9n(CCCC)c8c7)s6)n4[B-]5(F)F)s3)ccc2c2ccc(N(c3ccccc3)c3ccccc3)cc21 is invalid
21:37:05 <WARN> "default" filter: CCCCn1c2ccccc2c2cc(-c3ccc4c(c3)c3cc(-c5ccc6c(c5)c5cc(-c7ccc8c(c7)c7cc(-c9sc(/C=C(\C#N)C(=O)O)c%10c9OCCO%10)ccc7n8CCCC)ccc5n6CCCC)ccc3n4CCCC)ccc21 is invalid
21:37:05 <WARN> "default" filter: CCCN1c2ccc(C#CC3=C4C=CC=[N+]4[B-](F)(F)n4cccc43)cc2Sc2cc(C#CC3=C4C=CC=[N+]4[B-](F)(F)n4cccc43)ccc21 is invalid
21:37:05 <WARN> "default" filter: CCCN1c2ccc(C3=C4C=CC=[N+]4[B-](F)(F)n4cccc43)cc2Sc2cc(C3=C4C=CC=[N+]4[B-](F)(F)n4cccc43)ccc21 is invalid
21:37:05 <WARN> "default" filter: CCCN1c2ccccc2Sc2cc(C#CC3=C4C=CC=[N+]4[B-](F)(F)n4cccc43)ccc21 is invalid
21:37:05 <WARN> "default" filter: CCCN1c2ccccc2Sc2cc(C3=C4C=CC=[N+]4[B-](F)(F)n4cccc43)ccc21 is invalid
21:37:05 <WARN> "default" filter: CCCOc1c2cc(C(C)(C)C)cc1Cc1cc(C(C)(C)C)cc(c1OCCCCC(=O)COc1cc(/C=C(/C#N)C(=O)O)sc1-c1ccc(N(c3ccccc3)c3ccccc3)cc1)Cc1cc(C(C)(C)C)cc(c1OCCC)Cc1cc(C(C)(C)C)cc(c1OCCCCCC(=O)COc1cc(/C=C(/C#N)C(=O)O)sc1-c1ccc(N(c3ccccc3)c3ccccc3)cc1)C2 is invalid
21:37:05 <WARN> "default" filter: CCCOc1cc2c(C(C)(C)C)c(c1)Cc1cc(OCCCCC(=O)OCc3cc(-c4ccc(-c5ccc(/C=C(\C#N)C(=O)O)cc5)c5nsnc45)sc3-c3ccc(N(c4ccccc4)c4ccccc4)cc3)cc(c1C(C)(C)C)Cc1cc(OCCC)cc(c1C(C)(C)C)Cc1cc(OCCCCC(=O)OCc3cc(-c4ccc(-c5ccc(/C=C(\C#N)C(=O)O)cc5)c5nsnc45)sc3-c3ccc(N(c4ccccc4)c4ccccc4)cc3)cc(c1C(C)(C)C)C2 is invalid
21:37:05 <WARN> "default" filter: CCCOc1cc2c(C(C)(C)C)c(c1)Cc1cc(OCCCCC(=O)OCc3cc(-c4ccc(/C=C(\C#N)C(=O)O)s4)sc3-c3ccc(N(c4ccccc4)c4ccccc4)cc3)cc(c1C(C)(C)C)Cc1cc(OCCC)cc(c1C(C)(C)C)Cc1cc(OCCCCC(=O)OCc3cc(-c4ccc(C=C(C#N)C(=O)O)s4)sc3-c3ccc(N(c4ccccc4)c4ccccc4)cc3)cc(c1C(C)(C)C)C2 is invalid
21:37:05 <WARN> "default" filter: CCCOc1cc2c(C(C)(C)C)c(c1)Cc1cc(OCCCCC(=O)OCc3cc(/C=C(\C#N)C(=O)O)sc3-c3ccc(N(c4ccccc4)c4ccccc4)cc3)cc(c1C(C)(C)C)Cc1cc(OCCC)cc(c1C(C)(C)C)Cc1cc(OCCCCC(=O)OCc3cc(C=C(C#N)C(=O)O)sc3-c3ccc(N(c4ccccc4)c4ccccc4)cc3)cc(c1C(C)(C)C)C2 is invalid
21:37:05 <WARN> "default" filter: CCCOc1cc2c(C(C)(C)C)c(c1)Cc1cc(OCCCCC(=O)OCc3cc(/C=C(\C#N)C(=O)O)sc3-c3ccc(N(c4ccccc4)c4ccccc4)cc3)cc(c1C(C)(C)C)Cc1cc(OCCC)cc(c1C(C)(C)C)Cc1cc(OCCCCC(=O)OCc3cc(C=C(C#N)C(=O)O)sc3C=C3C=C(c4ccccc4)OC(c4ccccc4)=C3)cc(c1C(C)(C)C)C2 is invalid
21:37:05 <WARN> "default" filter: CCCOc1ccc(-c2ccc(N(c3ccc(-c4cc(COCCC[C@H](C)[C@@H]5CC[C@@H]6[C@H]7[C@@H](O)CC8C[C@@H](O)CC[C@@]8(C)[C@@H]7CC[C@@]56C)c(-c5ccc(/C=C(\C#N)C(=O)O)o5)s4)cc3)c3ccc(-c4ccc(OCCC)cc4OCCC)cc3)cc2)c(OCCC)c1 is invalid
21:37:05 <WARN> "default" filter: CCCOc1ccc(/C=C/c2cc(C)c3n2[B-](F)(F)[N+]2=CC=CC2=C3)cc1 is invalid
21:37:05 <WARN> "default" filter: CCCSC1=[N+]2C(=C(c3ccccc3)c3ccc(SCCC)n3[B-]2(F)F)C=C1 is invalid
21:37:05 <WARN> "default" filter: CCCSC1=[N+]2C(=C(c3ccccc3)c3ccc(SCCC)n3[B-]2(F)F)C=C1SC#N is invalid
21:37:05 <WARN> "default" filter: CCCSc1ccc2n1[B-](F)(F)[N+]1=C(SC#N)C=CC1=C2c1ccccc1 is invalid
21:37:05 <WARN> "default" filter: CCCSc1ccc2n1[B-](F)(F)[N+]1=CC=CC1=C2c1ccccc1 is invalid
21:37:05 <WARN> "default" filter: CCC[Si](CCC)(CCC)c1cc2ccc3cccc4ccc(c1C(=O)NC(C)(C)C)c2c34 is invalid
21:37:05 <WARN> "default" filter: CCCc1c(-c2sc(-c3ccc(N(c4ccc(OC)cc4)c4ccc5c(c4)C(CCC)(CCC)c4c6c(c7c(c4-5)C(CCC)(CCC)c4ccccc4-7)C(CCC)(CCC)c4ccccc4-6)cc3)c3c2OCCO3)sc2cc(C=C(C#N)C(=O)O)sc12 is invalid
21:37:05 <WARN> "default" filter: CCCc1c(/C=C(\C#N)C(=O)O)sc2cc(-c3ccc4c(c3)C3CCCC3N4c3ccc4c(c3)C(CCC)(CCC)c3c5c(c6c(c3-4)C(CCC)(CCC)c3ccccc3-6)C(CCC)(CCC)c3ccccc3-5)sc12 is invalid
21:37:05 <WARN> "default" filter: CCCc1c(/C=C(\C#N)C(=O)O)sc2cc(-c3ccc4c(c3)[C@@H]3CCC[C@@H]3N4c3ccc4c(c3)C(CCC)(CCC)c3c5c(c6c(c3-4)C(CCC)(CCC)c3ccccc3-6)C(CCC)(CCC)c3ccccc3-5)sc12 is invalid
21:37:05 <WARN> "default" filter: CCCc1c(C)c2n(c1C)[B-](F)(F)[N+]1=C(C)C(CC)=C(C)C1=C2c1ccc(-c2ccc3c4ccc(N(c5ccccc5)c5ccccc5)cc4n(CCCCCCC(=O)O)c3c2)cc1 is invalid
21:37:05 <WARN> "default" filter: CCCc1cc2c(s1)-c1cc3c(cc1NB2c1ccccc1)-c1sc(CCC)cc1B(c1ccccc1)N3 is invalid
21:37:05 <WARN> "default" filter: CCCc1ccc(/C=C/c2cc(C)c3n2[B-](F)(F)[N+]2=CC=CC2=C3)cc1 is invalid
21:37:05 <WARN> "default" filter: CCCc1ccc2c(c1)cc1n2B2c3c4c-1cccc4cc1cccc(c31)-c1cc3cc(CCC)ccc3n12 is invalid
21:37:05 <WARN> "default" filter: CCN(C)c1ccc(C2=C3C(C)=CC(/C=C/c4ccc(OCC(=O)OC)cc4)=[N+]3[B-](F)(F)n3c(C)cc(C)c32)cc1 is invalid
21:37:05 <WARN> "default" filter: CCN(C)c1ccc(C2=C3C(C)=CC(/C=C/c4ccc(OCCCN=[N+]=[N-])cc4)=[N+]3[B-](F)(F)n3c(C)cc(C)c32)cc1 is invalid
21:37:05 <WARN> "default" filter: CCN(C)c1ccc(C2=C3C(C)=CC(C)=[N+]3[B-](F)(F)n3c(C)cc(C)c32)cc1 is invalid
21:37:05 <WARN> "default" filter: CCN(CC)C1=[N+]2C(=C(c3ccc(C)cc3)c3cccn3[B-]2(F)F)C=C1 is invalid
21:37:05 <WARN> "default" filter: CCN(CC)c1ccc(-c2cc3c(s2)=CC2=C(c4ccc(C(=O)O)cc4)c4cc5sc(-c6ccc(N(CC)CC)cc6)cc5n4[B-](F)(F)[N+]=32)cc1 is invalid
21:37:05 <WARN> "default" filter: CCN(CC)c1ccc(-c2nc3c(nc2-c2ccc(B(c4c(C)cc(C)cc4C)c4c(C)cc(C)cc4C)cc2)c2ccccc2n3C)cc1 is invalid
21:37:05 <WARN> "default" filter: CCN(CC)c1ccc(-c2nc3c(nc2-c2ccc([B-](F)(c4c(C)cc(C)cc4C)c4c(C)cc(C)cc4C)cc2)c2ccccc2n3C)cc1 is invalid
21:37:05 <WARN> "default" filter: CCN(CC)c1ccc(-c2nc3c4ccccc4n(C)c3nc2-c2ccc(B(c3c(C)cc(C)cc3C)c3c(C)cc(C)cc3C)cc2)cc1 is invalid
21:37:05 <WARN> "default" filter: CCN(CC)c1ccc(-c2nc3c4ccccc4n(C)c3nc2-c2ccc([B-](F)(c3c(C)cc(C)cc3C)c3c(C)cc(C)cc3C)cc2)cc1 is invalid
21:37:05 <WARN> "default" filter: CCN(CC)c1ccc(/C=C2\CC/C(=C\c3ccc(N(c4ccc(/C=C5\CC/C(=C\c6ccc(N(CC)CC)cc6)C5=C(C#N)C#N)cc4)c4ccc(/C=C5\CC/C(=C\c6ccc(N(CC)CC)cc6)C5=C(C#N)C#N)cc4)cc3)C2=C(C#N)C#N)cc1 is invalid
21:37:05 <WARN> "default" filter: CCN(CC)c1ccc(C(=C(c2ccc(B(c3c(C)cc(C)cc3C)c3c(C)cc(C)cc3C)cc2)c2ccc(B(c3c(C)cc(C)cc3C)c3c(C)cc(C)cc3C)cc2)c2ccc(N(CC)CC)cc2)cc1 is invalid
21:37:05 <WARN> "default" filter: CCN(CC)c1ccc(C2=C3C(C)=CC(/C=C/c4ccc(OCC(=O)OC)cc4)=[N+]3[B-](F)(F)n3c(C)cc(C)c32)cc1 is invalid
21:37:05 <WARN> "default" filter: CCN(CC)c1ccc(C2=C3C(C)=CC(/C=C/c4ccc(OCCCN=[N+]=[N-])cc4)=[N+]3[B-](F)(F)n3c(C)cc(C)c32)cc1 is invalid
21:37:05 <WARN> "default" filter: CCN(CC)c1ccc(C2=C3C(C)=CC(C)=[N+]3[B-](F)(F)n3c(C)cc(C)c32)cc1 is invalid
21:37:05 <WARN> "default" filter: CCN(CC)c1ccc2c(/C=C/C=C/C=C/C=C3\N(CCC[SH](=O)([O-])O)c4ccc(S(=O)(=O)[O-])cc4C3(C)CCCC(=O)O)cc(C(C)(C)C)[o+]c2c1 is invalid
21:37:05 <WARN> "default" filter: CCN(CC)c1ccc2c(c1)OC1=[N+](c3ccc(I)cc3)[B-](F)(F)n3c(nc4ccccc43)C1=C2 is invalid
21:37:05 <WARN> "default" filter: CCN(CC)c1ccc2c(c1)[Si](C)(C)C1=CC(=[N+](CC)CC)C=CC1=C2c1ccccc1C(=O)O is invalid
21:37:05 <WARN> "default" filter: CCN(CC)c1ccc2cc(-c3ccc(-c4ccc5c6ccccc6c6c7cc(-c8ccc(-c9cc%10ccc(N(CC)CC)cc%10oc9=O)cc8)ccc7c7ccccc7c6c5c4)cc3)c(=O)oc2c1 is invalid
21:37:05 <WARN> "default" filter: CCN(CC)c1ccc2cc(/C=C/c3ccc(N(c4ccc(/C=C/c5cc6ccc(N(CC)CC)cc6oc5=O)cc4)c4ccc(-c5ccc(-c6ccc(/C=C(\C#N)C(=O)O)s6)s5)cc4)cc3)c(=O)oc2c1 is invalid
21:37:05 <WARN> "default" filter: CCN(CC)c1ccc2n1[B-](F)(F)[N+]1=CC(/C=C/C(=O)OC(C)(C)C)=CC1=C2c1c(C)cc(C)cc1C is invalid
21:37:05 <WARN> "default" filter: CCN(CC)c1ccc2n1[B-](F)(F)[N+]1=CC=CC1=C2c1ccc(C)cc1 is invalid
21:37:05 <WARN> "default" filter: CCN(CCCS(=O)(=O)[O-])c1ccc2c(C(C)(C)C)cc(/C=C/C=C3/N(CCC[SH](=O)([O-])O)c4ccc(S(=O)(=O)[O-])cc4C3(C)CCCC(=O)O)[o+]c2c1 is invalid
21:37:05 <WARN> "default" filter: CCN1/C(=C/C=C/C=C2\CCCc3c2[o+]c2cc4c(cc2c3C2=C(C(=O)N(C)CCCC(=O)O)C=CCC2)C(CS(=O)(=O)[O-])=CC(C)(C)N4CC)C(C)(C)c2c1ccc1c(S(=O)(=O)[O-])cc(S(=O)(=O)[O-])cc21 is invalid
21:37:05 <WARN> "default" filter: CCN1/C(=C/C=C2\CCCc3c2[o+]c2cc4c(cc2c3-c2ccccc2C(=O)N(C)CCCC(=O)O)C(CS(=O)(=O)[O-])=CC(C)(C)N4CC)C(C)(C)c2c1ccc1c(S(=O)(=O)[O-])cc(S(=O)(=O)[O-])cc21 is invalid
21:37:05 <WARN> "default" filter: CCN1c2cc3[o+]c4c(c(-c5ccccc5C(=O)N(C)CCS(=O)(=O)[O-])c3cc2C(CS(=O)(=O)[O-])=CC1(C)C)CCC/C4=C\C=C\C=C1\N(CCCCCC(=O)O)c2ccc(S(=O)(=O)[O-])cc2C1(C)C is invalid
21:37:06 <WARN> "default" filter: CCOC(=O)/C(C)=C/C1=C(c2ccc(C)cc2)C2=Nc3c(-c4ccc(C)cc4)c(-c4ccc(OC)cc4)c(-c4ccc(C)cc4)n3[B-](F)(F)[N+]2=C1c1ccc(C)cc1 is invalid
21:37:06 <WARN> "default" filter: CCOC(=O)/C(C)=C/C1=C(c2ccc(C)cc2)C2=Nc3c(-c4ccc(C)cc4)c(Br)c(-c4ccc(C)cc4)n3[B-](F)(F)[N+]2=C1c1ccc(C)cc1 is invalid
21:37:06 <WARN> "default" filter: CCOC(=O)/C=C/C1=C(c2ccc(C)cc2)C2=Nc3c(-c4ccc(C)cc4)c(-c4ccc(OC)cc4)c(-c4ccc(C)cc4)n3[B-](F)(F)[N+]2=C1c1ccc(C)cc1 is invalid
21:37:06 <WARN> "default" filter: CCOC(=O)/C=C/C1=C(c2ccc(C)cc2)C2=Nc3c(-c4ccc(C)cc4)c(Br)c(-c4ccc(C)cc4)n3[B-](F)(F)[N+]2=C1c1ccc(C)cc1 is invalid
21:37:06 <WARN> "default" filter: CCOC(=O)/C=C/C1=C(c2ccc(C)cc2)C2=Nc3c(-c4ccc(C)cc4)cc(-c4ccc(C)cc4)n3[B-](F)(F)[N+]2=C1c1ccc(C)cc1 is invalid
21:37:06 <WARN> "default" filter: CCOC(=O)/C=C/C1=[N+]2C(=C(c3c(C)cc(C)cc3C)c3ccc(/C=C/C(=O)OCC)n3[B-]2(F)F)C=C1 is invalid
21:37:06 <WARN> "default" filter: CCOC(=O)C(C(=O)OCC)C1=[N+]2C(=C(c3ccc(C)cc3)c3ccc(C(C(=O)OCC)C(=O)OCC)n3[B-]2(F)F)C=C1 is invalid
21:37:06 <WARN> "default" filter: CCOC(=O)C(C(=O)OCC)C1=[N+]2C(=C(c3ccc(C)cc3)c3ccc(Cl)n3[B-]2(F)F)C=C1 is invalid
21:37:06 <WARN> "default" filter: CCOC(=O)C(Cc1ccc(O[Si]2(Oc3ccc(CC(NC(C)=O)C(=O)OCC)cc3)n3c4c5ccccc5c3/N=C3\N=C(/N=c5/c6ccccc6/c(n52)=N/C2=N/C(=N\4)c4ccccc42)c2ccccc23)cc1)NC(C)=O is invalid
21:37:06 <WARN> "default" filter: CCOC(=O)COc1ccc(/C=C/C2=C3C(C)=CC(/C=C/c4ccc(OCC(=O)OCC)cc4)=[N+]3[B-](F)(F)n3c2c2ccccc2c3-c2[nH]c(C)cc2C)cc1 is invalid
21:37:06 <WARN> "default" filter: CCOC(=O)COc1ccc(/C=C/C2=C3C(C)=CC(C)=[N+]3[B-](F)(F)n3c2c2ccccc2c3-c2[nH]c(C)cc2C)cc1 is invalid
21:37:06 <WARN> "default" filter: CCOC(=O)COc1ccc(/C=C/C2=C3c4ccccc4C(c4[nH]c(C)cc4C)=[N+]3[B-](F)(F)n3c(/C=C/c4ccc(OCC(=O)OCC)cc4)cc(C)c32)cc1 is invalid
21:37:06 <WARN> "default" filter: CCOC(=O)COc1ccc(/C=C/C2=[N+]3C(=Cc4c5ccccc5c(-c5[nH]c(C)cc5C)n4[B-]3(F)F)C(C)=C2)cc1 is invalid
21:37:06 <WARN> "default" filter: CCOC(=O)c1[nH]c(C)c(/C=C/C2=[N+]3C(=C(c4cc(OC)cc(OC)c4)c4c(C)c(I)c(/C=C/c5c(C)[nH]c(C(=O)OCC)c5C)n4[B-]3(F)F)C(C)=C2I)c1C is invalid
21:37:06 <WARN> "default" filter: CCOC(=O)c1[nH]c(C)c(/C=C/c2c(I)c(C)c3n2[B-](F)(F)[N+]2=C(C)C(I)=C(C)C2=C3c2cc(OC)cc(OC)c2)c1C is invalid
21:37:06 <WARN> "default" filter: CCOC(=O)c1c2c(c3n1CCn1c(C(=O)OCC)c4c(c1-3)-c1ccc3c5c(ccc-4c15)C(=O)N(c1c(C(C)C)cccc1C(C)C)C3=O)-c1ccc3c4c(ccc-2c14)C(=O)N(c1c(C(C)C)cccc1C(C)C)C3=O is invalid
21:37:06 <WARN> "default" filter: CCOC(=O)c1c2c3c(ccc(Br)c3c3cc4c(cc13)[Si](C)(C)O[Si]4(C)C)N(C)C2=O is invalid
21:37:06 <WARN> "default" filter: CCOC(=O)c1c2c3c(ccc(C)c3c3cc4c(cc13)[Si](C)(C)O[Si]4(C)C)N(C)C2=O is invalid
21:37:06 <WARN> "default" filter: CCOC(=O)c1c2c3c(ccc(Cl)c3c3cc4c(cc13)[Si](C)(C)O[Si]4(C)C)N(C)C2=O is invalid
21:37:06 <WARN> "default" filter: CCOC(=O)c1c2c3c(ccc(F)c3c3cc4c(cc13)[Si](C)(C)O[Si]4(C)C)N(C)C2=O is invalid
21:37:06 <WARN> "default" filter: CCOC(=O)c1c2c3c(ccc(OC)c3c3cc4c(cc13)[Si](C)(C)O[Si]4(C)C)N(C)C2=O is invalid
21:37:06 <WARN> "default" filter: CCOC(=O)c1c2c3c(ccc([N+](=O)[O-])c3c3cc4c(cc13)[Si](C)(C)O[Si]4(C)C)N(C)C2=O is invalid
21:37:06 <WARN> "default" filter: CCOC(=O)c1c2c3c(cccc3c3cc4c(cc13)[Si](C)(C)O[Si]4(C)C)N(C)C2=O is invalid
21:37:06 <WARN> "default" filter: CCOC(=O)c1ccc(/C=C/C2=[N+]3C(=C(c4ccccc4)c4ccc(/C=C/c5ccc(C(=O)OCC)o5)n4[B-]3(F)F)C=C2)o1 is invalid
21:37:06 <WARN> "default" filter: CCOC(=O)c1ccc(C2=C(c3ccccc3)c3oc4ccccc4[n+]3[B-](F)(F)O2)cc1 is invalid
21:37:06 <WARN> "default" filter: CCOC(=O)c1ccc(C2=CC3=c4cc(-c5ccc(C(=O)OCC)cc5)c5nc(C(F)(F)C(F)(F)C(F)(F)F)nc6c(-c7ccc(C(=O)OCC)cc7)cc(c4c65)C4=CC(c5ccc(C(=O)OCC)cc5)=C5N=C(C(F)(F)C(F)(F)C(F)(F)F)N=C2C5C43)cc1 is invalid
21:37:06 <WARN> "default" filter: CCOC(=O)c1ccc(C2=Cc3cc4ccccc4cc3P2(=O)c2ccccc2)cc1 is invalid
21:37:06 <WARN> "default" filter: CCOC(=O)c1ccc(C2=Cc3ccccc3P2(=O)c2ccccc2)cc1 is invalid
21:37:06 <WARN> "default" filter: CCOC(=O)c1ccccc1-c1c2ccc(=O)cc-2oc2cc(OC(=O)[C@H](CO[Si](C)(C)C(C)(C)C)NC(=O)OC(C)(C)C)ccc12 is invalid
21:37:06 <WARN> "default" filter: CCOC(=O)c1csc2[n+]1[B-](F)(F)OC(c1ccc(N(C)C)cc1)=N2 is invalid
21:37:06 <WARN> "default" filter: CCOC(OCC)c1ccc(/C=C/c2cc(C)c3n2[B-](F)(F)[N+]2=CC=CC2=C3)cc1 is invalid
21:37:06 <WARN> "default" filter: CCOCCOCCOC(=O)/C=C/C1=CC2=C(c3c(C)cc(C)cc3C)c3cc(/C=C/C(=O)OCCOCCOCC)cn3[B-](F)(F)[N+]2=C1 is invalid
21:37:06 <WARN> "default" filter: CCOCCOCCOC(=O)/C=C/C1=CC2=C(c3c(C)cc(C)cc3C)c3cccn3[B-](F)(F)[N+]2=C1 is invalid
21:37:06 <WARN> "default" filter: CCOP1(=O)c2cccc3cccc(c23)-c2cccc3cccc1c23 is invalid
21:37:06 <WARN> "default" filter: CCO[B-]1(OCC)n2c(C)cc(C)c2C(c2ccc(I)cc2)=C2C(C)=CC(C)=[N+]21 is invalid
21:37:06 <WARN> "default" filter: CCO[Si](OCC)(OCC)c1ccc(-c2ccc(-c3cc4ccc(N(c5ccc6c(c5)C(C)(C)c5ccccc5-6)c5ccc6c(c5)C(C)(C)c5ccccc5-6)cc4s3)s2)s1 is invalid
21:37:06 <WARN> "default" filter: CCO[Si](OCC)(OCC)c1ccc(-c2ccc(-c3ccc(N(c4ccc5c(c4)C(C)(C)c4ccccc4-5)c4ccc5c(c4)C(C)(C)c4ccccc4-5)cc3)s2)s1 is invalid
21:37:06 <WARN> "default" filter: CCO[Si](OCC)(c1ccccc1)c1ccc(N=Nc2ccc(N(C)C)cc2)cc1 is invalid
21:37:06 <WARN> "default" filter: CCO[Si](OCC)(c1ccccc1)c1ccc(N=Nc2ccccc2)cc1 is invalid
21:37:06 <WARN> "default" filter: CCOc1c(/C=C/c2cc(C)c3n2[B-](F)(F)[N+]2=CC=CC2=C3)cccc1OC is invalid
21:37:06 <WARN> "default" filter: CCOc1cc(/C=C/c2cc(C)c3n2[B-](F)(F)[N+]2=CC=CC2=C3)ccc1O is invalid
21:37:06 <WARN> "default" filter: CCOc1cc(/C=C/c2cc(C)c3n2[B-](F)(F)[N+]2=CC=CC2=C3)ccc1OC is invalid
21:37:06 <WARN> "default" filter: CCOc1ccc(/C=C/c2cc(C)c3n2[B-](F)(F)[N+]2=CC=CC2=C3)c(OCC)c1 is invalid
21:37:06 <WARN> "default" filter: CCOc1ccc(/C=C/c2cc(C)c3n2[B-](F)(F)[N+]2=CC=CC2=C3)cc1 is invalid
21:37:06 <WARN> "default" filter: CCOc1ccc(/C=C/c2cc(C)c3n2[B-](F)(F)[N+]2=CC=CC2=C3)cc1OC is invalid
21:37:06 <WARN> "default" filter: CCOc1ccc(/C=C/c2cc(C)c3n2[B-](F)(F)[N+]2=CC=CC2=C3)cc1OCC is invalid
21:37:06 <WARN> "default" filter: CCOc1cccc(/C=C/c2cc(C)c3n2[B-](F)(F)[N+]2=CC=CC2=C3)c1 is invalid
21:37:06 <WARN> "default" filter: CCOc1cccc(/C=C/c2cc(C)c3n2[B-](F)(F)[N+]2=CC=CC2=C3)c1O is invalid
21:37:06 <WARN> "default" filter: CCOc1cccc(/C=C/c2cc(C)c3n2[B-](F)(F)[N+]2=CC=CC2=C3)c1OCC is invalid
21:37:06 <WARN> "default" filter: CCOc1cccc2c1O[B-](F)(F)[n+]1c3c(c4c(c1-2)-c1ccccc1CC4)-c1ccccc1CC3 is invalid
21:37:06 <WARN> "default" filter: CC[C@H](C)COc1ccc(C2=C3C(C)=C(I)C(C)=[N+]3[B-](F)(F)n3c(C)c(I)c(C)c32)cc1 is invalid
21:37:06 <WARN> "default" filter: CC[C@H](C)COc1ccc(C2=C3C(C)=CC(C)=[N+]3[B-](F)(F)n3c(C)cc(C)c32)cc1 is invalid
21:37:06 <WARN> "default" filter: CC[NH+](CC)c1ccc(-c2nc3c(nc2-c2ccc(B(c4c(C)cc(C)cc4C)c4c(C)cc(C)cc4C)cc2)c2ccccc2n3C)cc1 is invalid
21:37:06 <WARN> "default" filter: CC[NH+](CC)c1ccc(-c2nc3c4ccccc4n(C)c3nc2-c2ccc(B(c3c(C)cc(C)cc3C)c3c(C)cc(C)cc3C)cc2)cc1 is invalid
21:37:06 <WARN> "default" filter: CC[P](CC)(CC)[Pt](C#Cc1cc(C#Cc2ccc(N(C)C)cc2)cc(C#Cc2ccc3c(c2)C(C)(C)c2ccccc2-3)c1)(C#Cc1ccc(/C=C(/C#N)C(=O)O)s1)[P](CC)(CC)CC is invalid
21:37:06 <WARN> "default" filter: CC[P](CC)(CC)[Pt](C#Cc1cc(C#Cc2ccc(N(C)C)cc2)cc(C#Cc2ccc3c(c2)C(C)(C)c2ccccc2-3)c1)(C#Cc1ccc(C#C/C=C(/C#N)C(=O)O)s1)[P](CC)(CC)CC is invalid
21:37:06 <WARN> "default" filter: CC[P](CC)(CC)[Pt](C#Cc1cc(C#Cc2ccc(N(C)C)cc2)cc(C#Cc2ccc3c(c2)C(C)(C)c2ccccc2-3)c1)(C#Cc1sc(/C=C(/C#N)C(=O)O)c2c1OCCO2)[P](CC)(CC)CC is invalid
21:37:06 <WARN> "default" filter: CC[P](CC)(CC)[Pt](C#Cc1ccc(C=C(C#N)C(=O)O)cc1)(C#Cc1ccc(N(c2ccccc2)c2ccccc2)cc1)[P](CC)(CC)CC is invalid
21:37:06 <WARN> "default" filter: CC[P](CC)(CC)[Pt](C#Cc1ccc(N(c2ccc(-c3ccc(N(c4ccccc4)c4ccccc4)cc3)cc2)c2ccc(-c3ccc(N(c4ccccc4)c4ccccc4)cc3)cc2)cc1)(C#Cc1ccc(-c2ccc(/C=C(/C#N)C(=O)O)s2)s1)[P](CC)(CC)CC is invalid
21:37:06 <WARN> "default" filter: CC[P](CC)(CC)[Pt](C#Cc1ccc(N(c2ccc(-c3ccc(N(c4ccccc4)c4ccccc4)cc3)cc2)c2ccc(-c3ccc(N(c4ccccc4)c4ccccc4)cc3)cc2)cc1)(C#Cc1ccc(/C=C(/C#N)C(=O)O)s1)[P](CC)(CC)CC is invalid
21:37:06 <WARN> "default" filter: CC[P](CC)(CC)[Pt](C#Cc1ccc(N(c2ccc3c(c2)C(C)(C)c2ccccc2-3)c2ccc3c(c2)C(C)(C)c2ccccc2-3)cc1)(C#Cc1ccc(-c2ccc(/C=C(/C#N)C(=O)O)s2)s1)[P](CC)(CC)CC is invalid
21:37:06 <WARN> "default" filter: CC[P](CC)(CC)[Pt](C#Cc1ccc(N(c2ccc3c(c2)C(C)(C)c2ccccc2-3)c2ccc3c(c2)C(C)(C)c2ccccc2-3)cc1)(C#Cc1ccc(C=C(C#N)C(=O)O)s1)[P](CC)(CC)CC is invalid
21:37:06 <WARN> "default" filter: CC[P](CC)(CC)[Pt](C#Cc1ccc(N(c2ccccc2)c2ccccc2)cc1)(C#Cc1ccc(-c2ccc(/C=C(/C#N)C(=O)O)s2)s1)[P](CC)(CC)CC is invalid
21:37:06 <WARN> "default" filter: CC[P](CC)(CC)[Pt](C#Cc1ccc(N(c2ccccc2)c2ccccc2)cc1)(C#Cc1ccc(/C=C/c2ccc(/C=C(/C#N)C(=O)O)s2)s1)[P](CC)(CC)CC is invalid
21:37:06 <WARN> "default" filter: CC[P](CC)(CC)[Pt](C#Cc3ccc(N(c1ccccc1)c2ccccc2)cc3)(C#Cc4ccc(/C=C(C#N)\C(=O)O)s4)[P](CC)(CC)CC is invalid
21:37:06 <WARN> "default" filter: CC[Si](C#Cc1c2c(=O)c3ccccc3c2c(C#C[Si](CC)(CC)CC)c2c(=O)c3ccccc3c12)(CC)CC is invalid
21:37:06 <WARN> "default" filter: CC[Si](C)(C)c1cc2ccc3cccc4ccc(c1C(=O)NC(C)(C)C)c2c34 is invalid
21:37:06 <WARN> "default" filter: CC[Si](CC)(CC)c1cc2ccc3cccc4ccc(c1C(=O)NC(C)(C)C)c2c34 is invalid
21:37:06 <WARN> "default" filter: CC[n+]1c(C=C2C(=O)C(C=C3N(C)c4ccc(Cl)cc4C3(C)C)=C2[O-])[se]c2ccccc21 is invalid
21:37:06 <WARN> "default" filter: CC[n+]1c(C=C2C(=O)C(C=C3N(C)c4ccccc4C3(C)C)=C2[O-])[se]c2ccccc21 is invalid
21:37:06 <WARN> "default" filter: CC[n+]1c(C=C2C(=O)C(C=C3Sc4cc(Cl)ccc4N3C)=C2[O-])[se]c2ccccc21 is invalid
21:37:06 <WARN> "default" filter: CCc1c(C)[nH]c(C2=[N+]3C(=C(C)c4c(C)c(CC)c(C)n4[B-]3(F)F)c3ccccc32)c1C is invalid
21:37:06 <WARN> "default" filter: CCc1c(C)[nH]c(C2=[N+]3C(=Cc4c(C)c(CC)c(C)n4[B-]3(F)F)c3ccccc32)c1C is invalid
21:37:06 <WARN> "default" filter: CCc1c(C)[nH]c(C2=[N+]3C(=Cc4c(C)cc(C)n4[B-]3(F)F)c3ccccc32)c1C is invalid
21:37:06 <WARN> "default" filter: CCc1c(C)c2n(c1C)[B-](F)(F)[N+]1=C(C=C3C=Cc4ccccc43)C=CC1=C2C is invalid
21:37:06 <WARN> "default" filter: CCc1c(C)c2n(c1C)[B-](F)(F)[N+]1=C(NCc3ccc(OC)cc3)C(SC#N)=CC1=C2C is invalid
21:37:06 <WARN> "default" filter: CCc1c(C)c2n(c1C)[B-](F)(F)[N+]1=C(NCc3ccc(OC)cc3)C=CC1=C2C is invalid
21:37:06 <WARN> "default" filter: CCc1c(C)c2n(c1C)[B-](F)(F)[N+]1=C(c3ccc[nH]3)c3ccccc3C1=C2 is invalid
21:37:06 <WARN> "default" filter: CCc1c(C)c2n(c1C)[B-](F)(F)[N+]1=C(c3ccc[nH]3)c3ccccc3C1=C2C is invalid
21:37:06 <WARN> "default" filter: CCc1cc(CC)c(/C2=C3\C=CC(=N3)/C(c3c(CC)cc(CC)cc3CC)=c3/cc/c4n3[Zn]n3c(ccc32)/C(c2ccc(C(=O)O)cc2)=C2/C=CC(=N2)/C=4c2c(CC)cc(CC)cc2CC)c(CC)c1 is invalid
21:37:06 <WARN> "default" filter: CCc1ccc(/C2=C3\C=CC(=N3)/C(c3ccc(CC)cc3)=c3/cc/c4n3[Zn]n3c2ccc3/C(c2ccc(CC)cc2)=C2/C=C(/C=C/C=C(C(=O)O)C(=O)O)C(=N2)/C=4c2ccc(CC)cc2)cc1 is invalid
21:37:06 <WARN> "default" filter: CCc1ccc(/C=C/c2cc(C)c3n2[B-](F)(F)[N+]2=CC=CC2=C3)cc1[N+](=O)[O-] is invalid
21:37:06 <WARN> "default" filter: CCc1ccc(C2=[N+]3C(=Cc4c5ccc(OC)cc5c(-c5ccc(CC)s5)n4[B-]3(F)F)c3ccc(OC)cc32)s1 is invalid
21:37:06 <WARN> "default" filter: CCc1ccccc1/C=C/c1cc(C)c2n1[B-](F)(F)[N+]1=CC=CC1=C2 is invalid
21:37:06 <WARN> "default" filter: CCc1ccccc1C1=C2C=CC(=[N+](C)C)C=C2P(=O)(c2ccccc2)c2cc(N(C)C)ccc21 is invalid
21:37:06 <WARN> "default" filter: CCc1ccccc1C1=C2C=CC(=[N+]3CCCC3)C=C2P(=O)(c2ccccc2)c2cc(N(C)C)ccc21 is invalid
21:37:06 <WARN> "default" filter: CCc1nc2c(nc1CC)C(c1ccccc1)=[N+]1C2=Nc2c3nc(CC)c(CC)nc3c(-c3ccccc3)n2[B-]1(F)F is invalid
21:37:06 <WARN> "default" filter: CCc1s[c+](N2CCCCC2)sc1-c1cc(C)cc(I)c1[O-] is invalid
21:37:06 <WARN> "default" filter: CCl is invalid
21:37:06 <WARN> "default" filter: CCn1c(-c2cc(-c3nc(-c4ccc5c(c4)C(CC)(CC)c4ccccc4-5)c(-c4ccc5c(c4)C(CC)(CC)c4ccccc4-5)n3CC)c3c(c2)C(CC)(CC)c2cc(-c4ccc(-c5ccc(/C=C(\C#N)C(=O)O)s5)s4)ccc2-3)nc(-c2ccc3c(c2)C(CC)(CC)c2ccccc2-3)c1-c1ccc2c(c1)C(CC)(CC)c1ccccc1-2 is invalid
21:37:06 <WARN> "default" filter: CCn1c(-c2cc(-c3nc(-c4ccc5c(c4)C(CC)(CC)c4ccccc4-5)c(-c4ccc5c(c4)C(CC)(CC)c4ccccc4-5)n3CC)c3c(c2)C(CC)(CC)c2cc(-c4ccc(/C=C(\C#N)C(=O)O)s4)ccc2-3)nc(-c2ccc3c(c2)C(CC)(CC)c2ccccc2-3)c1-c1ccc2c(c1)C(CC)(CC)c1ccccc1-2 is invalid
21:37:06 <WARN> "default" filter: CCn1c(-c2cc(-c3nc(-c4ccccc4)c(-c4ccccc4)n3CC)c3c(c2)C(CC)(CC)c2cc(-c4ccc(-c5ccc(/C=C(\C#N)C(=O)O)s5)s4)ccc2-3)nc(-c2ccccc2)c1-c1ccccc1 is invalid
21:37:06 <WARN> "default" filter: CCn1c(-c2ccc(-c3ccc4c(c3)C(c3ccccc3)(c3ccccc3)c3ccccc3-4)cc2)c(-c2ccc3ccccc3c2)c(-c2ccc3ccccc3c2)c1-c1ccc(-c2ccc3c(c2)C(c2ccccc2)(c2ccccc2)c2ccccc2-3)cc1 is invalid
21:37:06 <WARN> "default" filter: CCn1c(-c2ccc(-c3ccc4c(c3)C3(c5ccccc5-c5ccccc53)c3ccccc3-4)cc2)c(-c2ccc3ccccc3c2)c(-c2ccc3ccccc3c2)c1-c1ccc(-c2ccc3c(c2)C2(c4ccccc4-c4ccccc42)c2ccccc2-3)cc1 is invalid
21:37:06 <WARN> "default" filter: CCn1c(-c2ccc(-c3ccc4ccc5cccc6ccc3c4c56)cc2)c(-c2ccc3ccccc3c2)c(-c2ccc3ccccc3c2)c1-c1ccc(-c2ccc3ccc4cccc5ccc2c3c45)cc1 is invalid
21:37:06 <WARN> "default" filter: CCn1c(-c2ccc(/C=C(\C#N)C(=O)O)s2)nc(-c2ccc3c(c2)C(CC)(CC)c2cc(N(c4ccccc4)c4ccccc4)ccc2-3)c1-c1ccc2c(c1)C(CC)(CC)c1cc(N(c3ccccc3)c3ccccc3)ccc1-2 is invalid
21:37:06 <WARN> "default" filter: CCn1c2ccc(C3=[O+][B-](F)(F)OC(C)=C3)cc2c2cc(C3=[O+][B-](F)(F)OC(C)=C3)ccc21 is invalid
21:37:06 <WARN> "default" filter: CCn1c2ccc(N(c3ccc4c(c3)C(CC)(CC)c3cc(-c5ccc(-c6ccc(/C=C(\C#N)C(=O)O)s6)s5)ccc3-4)c3ccc4c(c3)C(CC)(CC)c3cc(-c5ccc(-c6ccc(/C=C(\C#N)C(=O)O)s6)s5)ccc3-4)cc2c2ccc(-c3ccc(-c4ccc(/C=C(\C#N)C(=O)O)s4)s3)cc21 is invalid
21:37:06 <WARN> "default" filter: CCn1c2ccccc2c2cc(/C=C/c3cc(C)c4n3[B-](F)(F)[N+]3=C(/C=C/c5ccc6c7ccccc7n(CC)c6c5)C=C(C)C3=C4c3ccc(C(=O)O)cc3)ccc21 is invalid
21:37:06 <WARN> "default" filter: CCn1c2ccccc2c2cc(C3=CC(c4ccc5c(c4)c4ccccc4n5CC)=[O+][B-](F)(F)O3)ccc21 is invalid
21:37:06 <WARN> "default" filter: CCn1c2ccccc2c2cc(C3=[O+][B-](F)(F)OC(c4ccc(OC)cc4)=C3)ccc21 is invalid
21:37:06 <WARN> "default" filter: CI is invalid
21:37:06 <WARN> "default" filter: CN(C)C#C/C1=c2\cc/c3n2[Zn]n2c(ccc2/C(c2cc(C(C)(C)C)cc(C(C)(C)C)c2)=C2/C=CC1=N2)/C(C#Cc1ccc(C(=O)O)cc1)=C1/C=CC(=N1)/C=3c1cc(C(C)(C)C)cc(C(C)(C)C)c1 is invalid
21:37:06 <WARN> "default" filter: CN(C)C1=C2C=CC=[N+]2[B-](F)(F)n2cccc21 is invalid
21:37:06 <WARN> "default" filter: CN(C)[c+]1scc(-c2cc(I)cc(I)c2[O-])s1 is invalid
21:37:06 <WARN> "default" filter: CN(C)c1[se]c(-c2ccc(Cl)cc2)nc1-c1ccccc1 is invalid
21:37:06 <WARN> "default" filter: CN(C)c1[se]c(-c2ccccc2)nc1-c1ccccc1 is invalid
21:37:07 <WARN> "default" filter: CN(C)c1ccc(-c2ccc3n2[B-](F)(F)[N+]2=C(c4ccccc4)C=CC2=C3C(F)(F)F)cc1 is invalid
21:37:07 <WARN> "default" filter: CN(C)c1ccc(C#C/C2=C3\C=CC(=N3)/C(c3cc(C(C)(C)C)cc(C(C)(C)C)c3)=c3/cc4c5ccc6c7ccc8c9c(ccc(c%10ccc(c%11c4n3[Ni]n3c2ccc3/C(c2cc(C(C)(C)C)cc(C(C)(C)C)c2)=C2/C=CC%11=N2)c5c%106)c97)C(=O)OC8=O)cc1 is invalid
21:37:07 <WARN> "default" filter: CN(C)c1ccc(C#Cc2cc3c(cc2C#Cc2ccc(N(C)C)cc2)/C2=C(\c4cc(C(C)(C)C)cc(C(C)(C)C)c4)c4ccc5n4[Zn]n4/c(cc/c4=C(\c4cc(C(C)(C)C)cc(C(C)(C)C)c4)C4=N/C(=C\5c5cc(C(C)(C)C)cc(C(C)(C)C)c5)c5cc(/C=C/C(=O)O)c(/C=C/C(=O)O)cc54)=C(/c4cc(C(C)(C)C)cc(C(C)(C)C)c4)C3=N2)cc1 is invalid
21:37:07 <WARN> "default" filter: CN(C)c1ccc(C#Cc2ccc(C3=[N+]4C(=Nc5c(-c6ccccc6)cc(-c6ccc(C#Cc7ccc(N(C)C)cc7)cc6)n5[B-]4(F)F)C(c4ccccc4)=C3)cc2)cc1 is invalid
21:37:07 <WARN> "default" filter: CN(C)c1ccc(C2=C(c3ccccc3)c3oc4ccccc4[n+]3[B-](F)(F)O2)cc1 is invalid
21:37:07 <WARN> "default" filter: CN(C)c1ccc(C2=CC(c3ccccc3)=[N+]3C2=Nc2c(-c4ccc(N(C)C)cc4)cc(-c4ccccc4)n2[B-]3(F)F)cc1 is invalid
21:37:07 <WARN> "default" filter: CN(C)c1ccc(C2=Cc3c4ccccc4cc[n+]3[B-](F)(F)O2)cc1 is invalid
21:37:07 <WARN> "default" filter: CN(C)c1ccc(C2=Cc3cc(Cl)nc[n+]3[B-](F)(F)O2)cc1 is invalid
21:37:07 <WARN> "default" filter: CN(C)c1ccc(C2=Cc3ccc4ccccc4[n+]3[B-](F)(F)O2)cc1 is invalid
21:37:07 <WARN> "default" filter: CN(C)c1ccc(C2=Cc3cccc[n+]3[B-](F)(F)O2)cc1 is invalid
21:37:07 <WARN> "default" filter: CN(C)c1ccc(C2=Cc3ccccc3P2(=O)c2ccccc2)cc1 is invalid
21:37:07 <WARN> "default" filter: CN(C)c1ccc(C2=Nc3ccc4c(C(F)(F)F)cc(C(F)(F)F)nc4[n+]3[B-](F)(F)O2)cc1 is invalid
21:37:07 <WARN> "default" filter: CN(C)c1ccc(C2=Nc3scc(-c4ccc(C#N)cc4)[n+]3[B-](F)(F)O2)cc1 is invalid
21:37:07 <WARN> "default" filter: CN(C)c1ccc(C2=Nc3scc(-c4ccc(N(C)C)cc4)[n+]3[B-](F)(F)O2)cc1 is invalid
21:37:07 <WARN> "default" filter: CN(C)c1ccc(C2=Nc3scc(-c4ccc([N+](=O)[O-])cc4)[n+]3[B-](F)(F)O2)cc1 is invalid
21:37:07 <WARN> "default" filter: CN(C)c1ccc(C2=Nc3scc(-c4ccccc4)[n+]3[B-](F)(F)O2)cc1 is invalid
21:37:07 <WARN> "default" filter: CN(C)c1ccc(C2=Nc3scc[n+]3[B-](F)(F)O2)cc1 is invalid
21:37:07 <WARN> "default" filter: CN(C)c1ccc(C2=[N+]3C(=Nc4c(-c5ccc(O)cc5)cc(-c5ccc(N(C)C)cc5)n4[B-]3(F)F)C(c3ccc(O)cc3)=C2)cc1 is invalid
21:37:07 <WARN> "default" filter: CN(C)c1ccc(C2=[N+]3C(=Nc4c(-c5ccc(OCCCCS(=O)(=O)[O-])cc5)cc(-c5ccc(N(C)C)cc5)n4[B-]3(F)F)C(c3ccc(OCCCCS(=O)(=O)[O-])cc3)=C2)cc1 is invalid
21:37:07 <WARN> "default" filter: CN(C)c1ccc(C2=[N+]3C(=Nc4c(-c5ccccc5)cc(-c5ccc(N(C)C)cc5)n4[B-]3(F)F)C(c3ccccc3)=C2)cc1 is invalid
21:37:07 <WARN> "default" filter: CN(C)c1ccc(C2=[N+]3C(=Nc4c5ccccc5c(-c5ccc(N(C)C)cc5)n4[B-]3(F)F)c3ccccc32)cc1 is invalid
21:37:07 <WARN> "default" filter: CN(C)c1ccc2c(c1)P(=O)(c1ccccc1)C1=CC(=[N+](C)C)C=CC1=C2c1ccccc1 is invalid
21:37:07 <WARN> "default" filter: CN(C)c1ccc2c(c1)P(=O)(c1ccccc1)C1=CC(=[N+](C)C)C=CC1=C2c1ccccc1C(F)(F)F is invalid
21:37:07 <WARN> "default" filter: CN(C)c1ccc2c(c1)P(=O)(c1ccccc1)C1=CC(=[N+]3CCCC3)C=CC1=C2c1ccccc1C(F)(F)F is invalid
21:37:07 <WARN> "default" filter: CN(C)c1ccc2cc(C(=O)NCCNC(=O)CI)c(=O)oc2c1 is invalid
21:37:07 <WARN> "default" filter: CN(C)c1ccc2cc3c(c([Si](C)(C)C)c2c1)C(=O)CC3 is invalid
21:37:07 <WARN> "default" filter: CN(CCN(C)c1ccc([N+](=O)[O-])c2nonc12)C(=O)CI is invalid
21:37:07 <WARN> "default" filter: CN(CCO)c1ccc(/C=C/C(=O)c2ccc(NC(=O)c3cc(I)ccc3F)cc2)cc1 is invalid
21:37:07 <WARN> "default" filter: CN(CCO)c1ccc(/C=C/C(=O)c2ccc(NC(=O)c3ccc(I)cc3)cc2)cc1 is invalid
21:37:07 <WARN> "default" filter: CN(CCO)c1ccc(/C=C/C(=O)c2ccc(NC(=O)c3cccc(I)c3)cc2)cc1 is invalid
21:37:07 <WARN> "default" filter: CN(CCO)c1ccc(/C=C/C(=O)c2ccc(NC(=O)c3ccccc3I)cc2)cc1 is invalid
21:37:07 <WARN> "default" filter: CN(CCOC(=O)CI)c1ccc([N+](=O)[O-])c2nonc12 is invalid
21:37:07 <WARN> "default" filter: CN(CCO[Si](C)(C)C(C)(C)C)c1ccc(-c2ccc(-c3ccc(/C=C(/C#N)C(=O)O)s3)s2)cc1 is invalid
21:37:07 <WARN> "default" filter: CN(CCO[Si](C)(C)C(C)(C)C)c1ccc(-c2ccc(-c3ccc(/C=C(\C#N)C(=O)O)cc3)c3nsnc23)cc1 is invalid
21:37:07 <WARN> "default" filter: CN(CCO[Si](C)(C)C(C)(C)C)c1ccc(-c2ccc(-c3ccc(/C=C(\C#N)C(=O)O)s3)s2)cc1 is invalid
21:37:07 <WARN> "default" filter: CN(CCO[Si](C)(C)C(C)(C)C)c1ccc(-c2ccc(-c3ccc(C=C(C#N)C(=O)O)cc3)c3nsnc23)cc1 is invalid
21:37:07 <WARN> "default" filter: CN(CCO[Si](C)(C)C(C)(C)C)c1ccc(-c2ccc(/C=C(/C#N)C(=O)O)s2)cc1 is invalid
21:37:07 <WARN> "default" filter: CN(CCO[Si](C)(C)C(C)(C)C)c1ccc(-c2ccc(/C=C(\C#N)C(=O)O)s2)cc1 is invalid
21:37:07 <WARN> "default" filter: CN(CCO[Si](C)(C)C(C)(C)C)c1ccc(-c2ccc(C=C(C#N)C(=O)O)s2)cc1 is invalid
21:37:07 <WARN> "default" filter: CN(CCO[Si](C)(C)C(C)(C)C)c1ccc(/C=C/c2ccc(C=C(C#N)C(=O)O)s2)cc1 is invalid
21:37:07 <WARN> "default" filter: CN(CCO[Si](C)(C)C(C)(C)C)c1ccc(/C=C\c2ccc(/C=C(\C#N)C(=O)O)s2)cc1 is invalid
21:37:07 <WARN> "default" filter: CN1/C(=C\C2=C([O-])/C(=C/C3=[N+](C)c4ccc(-n5c(-c6ccc(-c7ccc(-c8ccc(/C=C(/C#N)C(=O)O)s8)s7)cc6)nc6c7ccccc7c7ccccc7c65)cc4C3(C)C)C2=O)C(C)(C)c2ccccc21 is invalid
21:37:07 <WARN> "default" filter: CN1/C(=C\C=C\C2=C3C=CC(c4ccccc4)=[N+]3[B-](F)(F)n3c2ccc3-c2ccccc2)C(C)(C)c2ccccc21 is invalid
21:37:07 <WARN> "default" filter: CN1/C(=C\C=C\C=C\C2=C3C=CC(c4ccccc4)=[N+]3[B-](F)(F)n3c2ccc3-c2ccccc2)C(C)(C)c2ccccc21 is invalid
21:37:07 <WARN> "default" filter: CN1B(c2c(F)c(F)c(F)c(F)c2F)c2cc3c(cc2-c2ccccc21)B(c1c(F)c(F)c(F)c(F)c1F)N(C)c1ccccc1-3 is invalid
21:37:07 <WARN> "default" filter: CN1B(c2c(F)c(F)c(F)c(F)c2F)c2ccccc2-c2c1ccc1ccccc21 is invalid
21:37:07 <WARN> "default" filter: CN1B(c2c(F)c(F)c(F)c(F)c2F)c2ccccc2-c2cc3ccccc3cc21 is invalid
21:37:07 <WARN> "default" filter: CN1B(c2c(F)c(F)c(F)c(F)c2F)c2ccccc2-c2ccccc21 is invalid
21:37:07 <WARN> "default" filter: CN1C(=CC2=C([S-])C(=Cc3sc4ccccc4[n+]3C)C2=O)C(C)(C)c2ccccc21 is invalid
21:37:07 <WARN> "default" filter: CN1C(=Cc2c([S-])c(=O)c2=O)C(C)(C)c2ccccc21 is invalid
21:37:07 <WARN> "default" filter: CN1CCCc2cc(C3=Cc4cccc[n+]4[B-](F)(F)O3)ccc21 is invalid
21:37:07 <WARN> "default" filter: CN1CCc2cc(C3=Cc4cccc[n+]4[B-](F)(F)O3)ccc21 is invalid
21:37:07 <WARN> "default" filter: CNC1=C2C=CC=[N+]2[B-](F)(F)n2cccc21 is invalid
21:37:07 <WARN> "default" filter: CO is invalid
21:37:07 <WARN> "default" filter: COC#C/C1=c2\cc/c3n2[Zn]n2c(ccc2/C(c2cc(C(C)(C)C)cc(C(C)(C)C)c2)=C2/C=CC1=N2)/C(C#Cc1ccc(C(=O)O)cc1)=C1/C=CC(=N1)/C=3c1cc(C(C)(C)C)cc(C(C)(C)C)c1 is invalid
21:37:07 <WARN> "default" filter: COC(=O)/C=C/C1=CC2=C(c3c(C)cc(C)cc3C)c3cc(/C=C/C(=O)OC)cn3[B-](F)(F)[N+]2=C1 is invalid
21:37:07 <WARN> "default" filter: COC(=O)/C=C/C1=CC2=C(c3c(C)cc(C)cc3C)c3cccn3[B-](F)(F)[N+]2=C1 is invalid
21:37:07 <WARN> "default" filter: COC(=O)/C=C/C=C/C1=CC2=C(c3c(C)cc(C)cc3C)c3cc(/C=C/C=C/C(=O)OC)cn3[B-](F)(F)[N+]2=C1 is invalid
21:37:07 <WARN> "default" filter: COC(=O)/C=C/C=C/C1=[N+]2C(=C(c3c(C)cc(C)cc3C)c3ccc(/C=C/C=C/C(=O)OC)n3[B-]2(F)F)C=C1 is invalid
21:37:07 <WARN> "default" filter: COC(=O)C(N)Cc1ccc(O[Si]2(Oc3ccc(CC(N)C(=O)OC)cc3)n3c4c5ccccc5c3/N=C3\N=C(/N=c5/c6ccccc6/c(n52)=N/C2=N/C(=N\4)c4ccccc42)c2ccccc23)cc1 is invalid
21:37:08 <WARN> "default" filter: COC(=O)C1=C(C(=O)OC)C2=C[C@H]3c4ccccc4[C@]2([Se]1)c1ccccc13 is invalid
21:37:08 <WARN> "default" filter: COC(=O)C1=C(C(=O)OC)[Se](=O)[C@]23C1=C[C@H](c1ccccc12)c1ccccc13 is invalid
21:37:08 <WARN> "default" filter: COC(=O)CCC1=CC(C#Cc2ccc(OC)cc2)=[N+]2C1=Cc1c(CCC(=O)OC)cc(C#Cc3ccc(OC)cc3)n1[B-]2(F)F is invalid
21:37:08 <WARN> "default" filter: COC(=O)CCC1=CC(C#Cc2cccs2)=[N+]2C1=Cc1c(CCC(=O)OC)cc(C#Cc3cccs3)n1[B-]2(F)F is invalid
21:37:08 <WARN> "default" filter: COC(=O)CCC1=CC(C#Cc2ccsc2)=[N+]2C1=Cc1c(CCC(=O)OC)cc(C#Cc3ccsc3)n1[B-]2(F)F is invalid
21:37:08 <WARN> "default" filter: COC(=O)COc1ccc(/C=C/C2=[N+]3C(=C(c4ccc(N(C)C)cc4)c4c(C)cc(C)n4[B-]3(F)F)C(C)=C2)cc1 is invalid
21:37:08 <WARN> "default" filter: COC(=O)COc1ccc(/C=C/C2=[N+]3C(=C(c4ccc(N5CCCCC5)cc4)c4c(C)cc(C)n4[B-]3(F)F)C(C)=C2)cc1 is invalid
21:37:08 <WARN> "default" filter: COC(=O)COc1ccc(/C=C/C2=[N+]3C(=C(c4ccccc4)c4c(C)cc(C)n4[B-]3(F)F)C(C)=C2)cc1 is invalid
21:37:08 <WARN> "default" filter: COC(=O)[C@H](Cc1ccc2oc3c(c2c1)=CC1=C(c2ccc(OC)cc2)c2cc4c5cc(C[C@H](NC(=O)OC(C)(C)C)C(=O)OC)ccc5oc4n2[B-](F)(F)[N+]=31)NC(=O)OC(C)(C)C is invalid
21:37:08 <WARN> "default" filter: COC(=O)c1cc(OC)cc(OC)c1/C=C/c1cc(C)c2n1[B-](F)(F)[N+]1=CC=CC1=C2 is invalid
21:37:08 <WARN> "default" filter: COC(=O)c1cc(OCCCCCCn2c(/C=C/c3ccc(N(c4ccccc4)c4ccccc4)cc3)ccc2/C=C(\C#N)C(=O)O)cc(OCCCCCCn2c(/C=C/c3ccc(N(c4ccccc4)c4ccccc4)cc3)ccc2/C=C(\C#N)C(=O)O)c1 is invalid
21:37:08 <WARN> "default" filter: COC(=O)c1ccc(-c2ccc3c(c2)[Si](c2ccccc2)(c2ccccc2)c2cc(-c4ccc(C(=O)OC)cc4)ccc2N3)cc1 is invalid
21:37:08 <WARN> "default" filter: COC(=O)c1ccc(/C=C/c2cc(C)c3n2[B-](F)(F)[N+]2=CC=CC2=C3)cc1 is invalid
21:37:08 <WARN> "default" filter: COC(=O)c1ccc(/C=C/c2ccc3n2[B-](F)(F)[N+]2=C(C)C=C(C)C2=C3)cc1 is invalid
21:37:08 <WARN> "default" filter: COC(=O)c1ccc(C2=C(/C=C/c3ccc(OC)cc3)O[B-](F)(F)[O+]=C2/C=C/c2ccc(OC)cc2)cc1 is invalid
21:37:08 <WARN> "default" filter: COC(=O)c1ccc(C2=C3C(C)=CC(C)=[N+]3[B-](F)(F)n3c(/C=C/c4c[nH]cn4)cc(C)c32)cc1 is invalid
21:37:08 <WARN> "default" filter: COC(=O)c1ccc(C2=C3C=CC(C)=[N+]3[B-](F)(F)n3c(C)ccc32)cc1 is invalid
21:37:08 <WARN> "default" filter: COC(=O)c1ccc(C2=C3C=c4sc(-c5cccs5)cc4=[N+]3[B-](F)(F)n3c2cc2sc(-c4cccs4)cc23)cc1 is invalid
21:37:08 <WARN> "default" filter: COC(=O)c1oc(/C=C/c2ccc3n2[B-](F)(F)[N+]2=C(C)C=C(C)C2=C3)nc1C is invalid
21:37:08 <WARN> "default" filter: COC1=[N+]2C(=C(c3ccc(C)cc3)c3ccc(OC)n3[B-]2(F)F)C=C1 is invalid
21:37:08 <WARN> "default" filter: COC1=[N+]2C(=C(c3ccccc3)c3cc(SC#N)c(OC)n3[B-]2(F)F)C=C1SC#N is invalid
21:37:08 <WARN> "default" filter: COC1=[N+]2C(=C(c3ccccc3)c3ccc(OC)n3[B-]2(F)F)C=C1 is invalid
21:37:08 <WARN> "default" filter: COC1=[N+]2C(=C(c3ccccc3)c3ccc(OC)n3[B-]2(F)F)C=C1SC#N is invalid
21:37:08 <WARN> "default" filter: COC1CCC2/C3=C4\CC/C5=C(\C6C(C)CC(C)CC6C)C6=N/C(=C(/C7CCC(C(=O)O)CC7)C7CCC(/C(C8C(C)CC(C)CC8C)=C8/C=C(C3=N8)C3CCCC1C32)N7[Zn]N45)C=C6 is invalid
21:37:08 <WARN> "default" filter: COCCOCCN1C(=O)C2=C(c3ccc(I)cc3)N(CCOCCOC)C(=O)C2=C1c1ccc(I)cc1 is invalid
21:37:08 <WARN> "default" filter: COCCOCCOCCOCC(COCCOCCOCCOC)Oc1cc(/C=C/c2ccc(/C=C(\C#N)C(=O)c3ccccc3)cc2)c(OC(COCCOCCOCCOC)COCCOCCOCCOC)cc1/C=C/c1ccc(/C=C(\C#N)C(=O)c2ccccc2)cc1 is invalid
21:37:08 <WARN> "default" filter: COCCOCCOCCOCC(COCCOCCOCCOC)Oc1cc(/C=C/c2ccc(/C=C(\C#N)c3ccc(C(F)(F)F)cc3)cc2)c(OC(COCCOCCOCCOC)COCCOCCOCCOC)cc1/C=C/c1ccc(/C=C(\C#N)c2ccc(C(F)(F)F)cc2)cc1 is invalid
21:37:08 <WARN> "default" filter: COCCOCCOCCOCC(COCCOCCOCCOC)Oc1cc(/C=C/c2ccc(/C=C(\C#N)c3ccccc3)cc2)c(OC(COCCOCCOCCOC)COCCOCCOCCOC)cc1/C=C/c1ccc(/C=C(\C#N)c2ccccc2)cc1 is invalid
21:37:08 <WARN> "default" filter: COCCOCCOCCOCC(COCCOCCOCCOC)Oc1cc(/C=C/c2ccc(/C=C(\C#N)c3ccccn3)cc2)c(OC(COCCOCCOCCOC)COCCOCCOCCOC)cc1/C=C/c1ccc(/C=C(\C#N)c2ccccn2)cc1 is invalid
21:37:08 <WARN> "default" filter: COCCOCCOCCOCC(COCCOCCOCCOC)Oc1cc(/C=C/c2ccc(/C=C(\C#N)c3ccncc3)cc2)c(OC(COCCOCCOCCOC)COCCOCCOCCOC)cc1/C=C/c1ccc(/C=C(\C#N)c2ccncc2)cc1 is invalid
21:37:08 <WARN> "default" filter: COCCOCCOCCOCC(COCCOCCOCCOC)Oc1cc(/C=C/c2ccc(/C=C/[N+](=O)[O-])cc2)c(OC(COCCOCCOCCOC)COCCOCCOCCOC)cc1/C=C/c1ccc(/C=C/[N+](=O)[O-])cc1 is invalid
21:37:08 <WARN> "default" filter: COCCOCCOCCOCC(COCCOCCOCCOC)Oc1cc(/C=C/c2ccc(C=C(C#N)C#N)cc2)c(OC(COCCOCCOCCOC)COCCOCCOCCOC)cc1/C=C/c1ccc(C=C(C#N)C#N)cc1 is invalid
21:37:08 <WARN> "default" filter: COCCOCCOCCOc1cc(/C=C/c2ccc(C3=C4C(=O)N(CCOCCOC)C(c5ccc(/C=C/c6cc(OCCOCCOCCOC)c(OCCOCCOCCOC)c(OCCOCCOCCOC)c6)cc5)=C4C(=O)N3CCOCCOC)cc2)cc(OCCOCCOCCOC)c1OCCOCCOCCOC is invalid
21:37:08 <WARN> "default" filter: COCCOCCOCCOc1ccc(/C=C/C2=[N+]3C(=C(c4cc(OC)cc(OC)c4)c4c(C)c(I)c(/C=C/c5ccc(OCCOCCOCCOC)cc5)n4[B-]3(F)F)C(C)=C2I)cc1 is invalid
21:37:08 <WARN> "default" filter: CO[B-]1(OC)N2C=C(Br)C=CC2=N[N+]1=C(C)C is invalid
21:37:08 <WARN> "default" filter: CO[B-]1(OC)N2C=C(I)C=CC2=N[N+]1=C(C)C is invalid
21:37:08 <WARN> "default" filter: CO[B-]1(OC)n2c(C)cc(C)c2C(c2ccc(I)cc2)=C2C(C)=CC(C)=[N+]21 is invalid
21:37:08 <WARN> "default" filter: CO[Si](c1c2ccccc2cc2ccccc12)(c1c2ccccc2cc2ccccc12)c1c2ccccc2cc2ccccc12 is invalid
21:37:08 <WARN> "default" filter: COc1c(/C=C/c2cc(C)c3n2[B-](F)(F)[N+]2=CC=CC2=C3)cc(C(C)(C)C)cc1C(C)(C)C is invalid
21:37:08 <WARN> "default" filter: COc1c(Br)cc(/C=C/c2cc(C)c3n2[B-](F)(F)[N+]2=CC=CC2=C3)c(O)c1Br is invalid
21:37:08 <WARN> "default" filter: COc1c(Br)cc(Br)cc1/C=C/c1cc(C)c2n1[B-](F)(F)[N+]1=CC=CC1=C2 is invalid
21:37:08 <WARN> "default" filter: COc1c(C(C)(C)C)cc(N(c2ccc(C#C/C3=c4\cc/c5n4[Zn]n4c(ccc4/C(c4cc(C(C)(C)C)cc(C(C)(C)C)c4)=C4/C=CC3=N4)/C(C#Cc3ccc(C(=O)O)cc3)=C3/C=CC(=N3)/C=5c3cc(C(C)(C)C)cc(C(C)(C)C)c3)cc2)c2cc(C(C)(C)C)c(OC)c(C(C)(C)C)c2)cc1C(C)(C)C is invalid
21:37:08 <WARN> "default" filter: COc1c(C=Cc2ccc(-n3c4ccccc4c4ccccc43)cc2)cc(-c2ccc(-c3ccc(-c4ccc(/C=C(\C#N)C(=O)O)s4)s3)s2)cc1C=Cc1ccc(-n2c3ccccc3c3ccccc32)cc1 is invalid
21:37:08 <WARN> "default" filter: COc1c2ccccc2c(OC)c2c(C#C[Si](C(C)C)(C(C)C)C(C)C)c3cc4ccccc4cc3c(C#C[Si](C(C)C)(C(C)C)C(C)C)c12 is invalid
21:37:08 <WARN> "default" filter: COc1c2ccccc2c(OC)c2c(C#C[Si](C(C)C)(C(C)C)C(C)C)c3cc4sccc4cc3c(C#C[Si](C(C)C)(C(C)C)C(C)C)c12 is invalid
21:37:08 <WARN> "default" filter: COc1cc(/C2=C3\C=CC(=N3)/C(c3cc(OC)c(OC)c(OC)c3)=c3/cc/c4n3[Zn]n3c(ccc32)/C(c2ccc(C(=O)O)cc2)=C2/C=CC(=N2)/C=4c2cc(OC)c(OC)c(OC)c2)cc(OC)c1OC is invalid
21:37:08 <WARN> "default" filter: COc1cc(/C=C/C2=CC(/C=C/c3ccc(O)c(OC)c3)=[O+][B-](F)(F)O2)ccc1O is invalid
21:37:08 <WARN> "default" filter: COc1cc(/C=C/C2=CC(/C=C/c3ccc(O)c(OC)c3)=[O+][B-]3(OC(=O)C(=O)O3)O2)ccc1O is invalid
21:37:08 <WARN> "default" filter: COc1cc(/C=C/C2=CC(/C=C/c3ccc(OS(=O)(=O)c4ccc(C)cc4)c(OC)c3)=[O+][B-](F)(F)O2)ccc1OS(=O)(=O)c1ccc(C)cc1 is invalid
21:37:08 <WARN> "default" filter: COc1cc(/C=C/C2=[O+][B-](F)(F)OC(/C=C/c3ccc(OS(=O)(=O)c4ccc(C)cc4)c(OC)c3)=C2)ccc1O is invalid
21:37:08 <WARN> "default" filter: COc1cc(/C=C/C=C/c2cc(C)c3n2[B-](F)(F)[N+]2=CC=CC2=C3)ccc1OC(C)=O is invalid
21:37:08 <WARN> "default" filter: COc1cc(/C=C/c2cc(C)c3n2[B-](F)(F)[N+]2=CC=CC2=C3)c(Br)c(Br)c1O is invalid
21:37:08 <WARN> "default" filter: COc1cc(/C=C/c2cc(C)c3n2[B-](F)(F)[N+]2=CC=CC2=C3)cc(Br)c1OC is invalid
21:37:08 <WARN> "default" filter: COc1cc(/C=C/c2cc(C)c3n2[B-](F)(F)[N+]2=CC=CC2=C3)cc(Cl)c1O is invalid
21:37:08 <WARN> "default" filter: COc1cc(/C=C/c2cc(C)c3n2[B-](F)(F)[N+]2=CC=CC2=C3)cc(Cl)c1OC is invalid
21:37:08 <WARN> "default" filter: COc1cc(/C=C/c2cc(C)c3n2[B-](F)(F)[N+]2=CC=CC2=C3)cc(I)c1O is invalid
21:37:08 <WARN> "default" filter: COc1cc(/C=C/c2cc(C)c3n2[B-](F)(F)[N+]2=CC=CC2=C3)cc(I)c1OC is invalid
21:37:08 <WARN> "default" filter: COc1cc(/C=C/c2cc(C)c3n2[B-](F)(F)[N+]2=CC=CC2=C3)cc(O)c1O is invalid
21:37:08 <WARN> "default" filter: COc1cc(/C=C/c2cc(C)c3n2[B-](F)(F)[N+]2=CC=CC2=C3)cc(O)c1OC is invalid
21:37:08 <WARN> "default" filter: COc1cc(/C=C/c2cc(C)c3n2[B-](F)(F)[N+]2=CC=CC2=C3)cc(OC)c1 is invalid
21:37:08 <WARN> "default" filter: COc1cc(/C=C/c2cc(C)c3n2[B-](F)(F)[N+]2=CC=CC2=C3)cc(OC)c1O is invalid
21:37:08 <WARN> "default" filter: COc1cc(/C=C/c2cc(C)c3n2[B-](F)(F)[N+]2=CC=CC2=C3)cc(OC)c1OC is invalid
21:37:08 <WARN> "default" filter: COc1cc(/C=C/c2cc(C)c3n2[B-](F)(F)[N+]2=CC=CC2=C3)cc(OC)c1OC(C)=O is invalid
21:37:08 <WARN> "default" filter: COc1cc(/C=C/c2cc(C)c3n2[B-](F)(F)[N+]2=CC=CC2=C3)ccc1F is invalid
21:37:08 <WARN> "default" filter: COc1cc(/C=C/c2cc(C)c3n2[B-](F)(F)[N+]2=CC=CC2=C3)ccc1OC(=O)OC(C)(C)C is invalid
21:37:08 <WARN> "default" filter: COc1cc(/C=C/c2cc(C)c3n2[B-](F)(F)[N+]2=CC=CC2=C3)ccc1OCCBr is invalid
21:37:08 <WARN> "default" filter: COc1cc(/C=C/c2ccc3n2[B-](F)(F)[N+]2=C(C)C=C(C)C2=C3)cc(OC)c1OC is invalid
21:37:08 <WARN> "default" filter: COc1cc(Br)cc(/C=C/c2cc(C)c3n2[B-](F)(F)[N+]2=CC=CC2=C3)c1OC is invalid
21:37:08 <WARN> "default" filter: COc1cc(C2=C(c3cc(OC)c(OC)c(OC)c3)C(c3ccc(C(C)(C)C)cc3)=[N+]3C2=Nc2c(-c4cc(OC)c(OC)c(OC)c4)c(-c4cc(OC)c(OC)c(OC)c4)c(-c4ccc(C(C)(C)C)cc4)n2[B-]3(F)F)cc(OC)c1OC is invalid
21:37:08 <WARN> "default" filter: COc1cc(C2=C(c3ccc(C(C)(C)C)cc3)C(c3ccc(C(C)(C)C)cc3)=[N+]3C2=Nc2c(-c4cc(OC)c(OC)c(OC)c4)c(-c4ccc(C(C)(C)C)cc4)c(-c4ccc(C(C)(C)C)cc4)n2[B-]3(F)F)cc(OC)c1OC is invalid
21:37:08 <WARN> "default" filter: COc1cc(C2=c3c(c4ccc(C(C)(C)C)cc4c4c(OC)c(OC)c(OC)cc34)=[N+]3C2=Nc2c(-c4cc(OC)c(OC)c(OC)c4)c4c5cc(OC)c(OC)c(OC)c5c5cc(C(C)(C)C)ccc5c4n2[B-]3(F)F)cc(OC)c1OC is invalid
21:37:08 <WARN> "default" filter: COc1cc(C2=c3c(c4ccc(C(C)(C)C)cc4c4cc(C(C)(C)C)ccc34)=[N+]3C2=Nc2c(-c4cc(OC)c(OC)c(OC)c4)c4c5ccc(C(C)(C)C)cc5c5cc(C(C)(C)C)ccc5c4n2[B-]3(F)F)cc(OC)c1OC is invalid
21:37:08 <WARN> "default" filter: COc1cc(Cl)c(/C=C/c2cc(C)c3n2[B-](F)(F)[N+]2=CC=CC2=C3)c(Cl)c1O is invalid
21:37:08 <WARN> "default" filter: COc1cc(Cl)cc(/C=C/c2cc(C)c3n2[B-](F)(F)[N+]2=CC=CC2=C3)c1O is invalid
21:37:08 <WARN> "default" filter: COc1cc(Cl)cc(/C=C/c2cc(C)c3n2[B-](F)(F)[N+]2=CC=CC2=C3)c1OC is invalid
21:37:08 <WARN> "default" filter: COc1cc(F)c(/C=C/c2cc(C)c3n2[B-](F)(F)[N+]2=CC=CC2=C3)cc1OC is invalid
21:37:08 <WARN> "default" filter: COc1cc(NC2=CC3=c4cc(Nc5cc(OC)cc(OC)c5)c5nc(C(F)(F)C(F)(F)C(F)(F)F)nc6c(Nc7cc(OC)cc(OC)c7)cc(c4c65)C4=CC(Nc5cc(OC)cc(OC)c5)=C5N=C(C(F)(F)C(F)(F)C(F)(F)F)N=C2C5C43)cc(OC)c1 is invalid
21:37:08 <WARN> "default" filter: COc1cc(O)c(/C=C/c2cc(C)c3n2[B-](F)(F)[N+]2=CC=CC2=C3)c(OC)c1 is invalid
21:37:08 <WARN> "default" filter: COc1cc(OC)c(/C=C/c2cc(C)c3n2[B-](F)(F)[N+]2=CC=CC2=C3)c(OC)c1 is invalid
21:37:08 <WARN> "default" filter: COc1cc(OC)c(/C=C/c2cc(C)c3n2[B-](F)(F)[N+]2=CC=CC2=C3)cc1Br is invalid
21:37:08 <WARN> "default" filter: COc1cc(OC)c(C2=C3C(C)=CC(C)=[N+]3[B-](F)(F)n3c(C)cc(C)c32)c(OC)c1 is invalid
21:37:08 <WARN> "default" filter: COc1cc(OC)c2c(c1)c1c(c3ccc(C(C)(C)C)cc32)=[N+]2C(=Nc3c(-c4cc(OC)c(OC)c(OC)c4)c4c5cc(OC)cc(OC)c5c5cc(C(C)(C)C)ccc5c4n3[B-]2(F)F)C=1c1cc(OC)c(OC)c(OC)c1 is invalid
21:37:08 <WARN> "default" filter: COc1cc(OC)cc(C2=C(c3cc(OC)c(OC)c(OC)c3)C3=Nc4c(-c5cc(OC)c(OC)c(OC)c5)c(-c5cc(OC)cc(OC)c5)c(-c5ccc(C(C)(C)C)cc5)n4[B-](F)(F)[N+]3=C2c2ccc(C(C)(C)C)cc2)c1 is invalid
21:37:08 <WARN> "default" filter: COc1cc(OC)cc(C2=C3C(C)=C(I)C(/C=C/c4c[nH]c5ccc([N+](=O)[O-])cc45)=[N+]3[B-](F)(F)n3c(/C=C/c4c[nH]c5ccc([N+](=O)[O-])cc45)c(I)c(C)c32)c1 is invalid
21:37:08 <WARN> "default" filter: COc1cc(OC)cc(C2=C3C(C)=C(I)C(/C=C/c4c[nH]c5ccccc45)=[N+]3[B-](F)(F)n3c(/C=C/c4c[nH]c5ccccc45)c(I)c(C)c32)c1 is invalid
21:37:08 <WARN> "default" filter: COc1cc(OC)cc(C2=C3C(C)=C(I)C(/C=C/c4ccsc4)=[N+]3[B-](F)(F)n3c(/C=C/c4ccsc4)c(I)c(C)c32)c1 is invalid
21:37:08 <WARN> "default" filter: COc1cc(OC)cc(C2=C3C(C)=C(I)C(C)=[N+]3[B-](F)(F)n3c(/C=C/c4c[nH]c5ccc([N+](=O)[O-])cc45)c(I)c(C)c32)c1 is invalid
21:37:08 <WARN> "default" filter: COc1cc(OC)cc(C2=C3C(C)=C(I)C(C)=[N+]3[B-](F)(F)n3c(/C=C/c4c[nH]c5ccccc45)c(I)c(C)c32)c1 is invalid
21:37:08 <WARN> "default" filter: COc1cc(OC)cc(C2=C3C(C)=C(I)C(C)=[N+]3[B-](F)(F)n3c(C)c(I)c(C)c32)c1 is invalid
21:37:08 <WARN> "default" filter: COc1cc(OC)cc(C2=[O+][B-](F)(F)OC(c3ccc4cc(OC)ccc4c3)=C2)c1 is invalid
21:37:08 <WARN> "default" filter: COc1cc(OC)cc(C2=[O+][B-](F)(F)OC(c3ccc4ccccc4c3)=C2)c1 is invalid
21:37:08 <WARN> "default" filter: COc1cc(OC)cc(C2=[O+][B-](F)(F)OC(c3ccccc3)=C2)c1 is invalid
21:37:08 <WARN> "default" filter: COc1cc(OC)cc(C2=[O+][B-](F)(F)OC(c3cccs3)=C2)c1 is invalid
21:37:08 <WARN> "default" filter: COc1cc2c3c(c4cc(OC)c(OC)c(OC)c4c2c(OC)c1OC)=[N+]1C(=C(c2c(C)cc(C)cc2C)c2cc4c5cc(OC)c(OC)c(OC)c5c5c(OC)c(OC)c(OC)cc5c4n2[B-]1(F)F)C=3 is invalid
21:37:08 <WARN> "default" filter: COc1cc2nc3c4cc(Oc5ccc(C(C)(C)C)cc5)c5c6c(Oc7ccc(C(C)(C)C)cc7)cc7c8c(cc(Oc9ccc(C(C)(C)C)cc9)c(c9c(Oc%10ccc(C(C)(C)C)cc%10)cc(c(=O)n3c2cc1OC)c4c95)c86)C(=O)OC7=O is invalid
21:37:08 <WARN> "default" filter: COc1ccc(-c2c(-c3ccc(C)cc3)c3n(c2-c2ccc(C)cc2)[B-](F)(F)[N+]2=C(c4ccc(C)cc4)C(/C=C/C(=O)OC4CC[C@@]5(C)C(=CC[C@@H]6[C@@H]5CC[C@@]5(C)[C@H]6CC[C@@H]5[C@H](C)CCCC(C)C)C4)=C(c4ccc(C)cc4)C2=N3)cc1 is invalid
21:37:08 <WARN> "default" filter: COc1ccc(-c2cc(-c3ccccc3)c3n2[B-](F)(F)[N+]2=C4C=NC=CN4[B-](F)(F)[N+]2=C3)cc1 is invalid
21:37:08 <WARN> "default" filter: COc1ccc(-c2cc(B(c3c(C)cc(C)cc3C)c3c(C)cc(C)cc3C)c(-c3sc(-c4ccc(OC)cc4)cc3P(=O)(c3ccccc3)c3ccccc3)s2)cc1 is invalid
21:37:08 <WARN> "default" filter: COc1ccc(-c2cc3c(o2)=CC2=C(C(F)(F)F)c4cc5oc(-c6ccc(OC)cc6)cc5n4[B-](F)(F)[N+]=32)cc1 is invalid
21:37:08 <WARN> "default" filter: COc1ccc(-c2cc3c(o2)=CC2=Cc4c(C)cc(C)n4[B-](F)(F)[N+]=32)c(OC)c1 is invalid
21:37:08 <WARN> "default" filter: COc1ccc(-c2cc3c(o2)=CC2=Cc4cc5oc(-c6ccc(OC)cc6)cc5n4[B-](F)(F)[N+]=32)cc1 is invalid
21:37:08 <WARN> "default" filter: COc1ccc(-c2cc3c(o2)=CC2=Cc4cc5oc(-c6ccc(OC)cc6OC)cc5n4[B-](F)(F)[N+]=32)c(OC)c1 is invalid
21:37:08 <WARN> "default" filter: COc1ccc(-c2cc3c(s2)-c2sc(-c4ccc(OC)cc4)cc2P(c2ccccc2)(c2ccccc2)=[O+][B-]3(c2c(C)cc(C)cc2C)c2c(C)cc(C)cc2C)cc1 is invalid
21:37:08 <WARN> "default" filter: COc1ccc(-c2cc3ccccc3p2-c2ccccc2)cc1 is invalid
21:37:09 <WARN> "default" filter: COc1ccc(-c2ccc3c(c2)C=C2B(N3)OB3Nc4ccc(-c5ccc(OC)cc5)cc4C=C3C(c3ccccc3)=C2c2ccccc2)cc1 is invalid
21:37:09 <WARN> "default" filter: COc1ccc(-c2ccc3c(c2)C=C2B(N3)OB3Nc4ccc(Br)cc4C=C3C(c3ccccc3)=C2c2ccccc2)cc1 is invalid
21:37:09 <WARN> "default" filter: COc1ccc(-c2ccc3c(c2)C=Cc2cc(-c4ccc(OC)cc4)ccc2[Si]3(C)C)cc1 is invalid
21:37:09 <WARN> "default" filter: COc1ccc(-c2ccc3c(c2)[Si](C)(C)c2cc(-c4ccc(OC)cc4)ccc2C=C3)cc1 is invalid
21:37:09 <WARN> "default" filter: COc1ccc(-c2nc(-c3ccccc3)c(N(C)C)[se]2)cc1 is invalid
21:37:09 <WARN> "default" filter: COc1ccc(-c2oc3c(c2Br)=[N+]2C(=C(C(F)(F)F)c4c(Br)c5oc(-c6ccc(OC)cc6)c(Br)c5n4[B-]2(F)F)C=3Br)cc1 is invalid
21:37:09 <WARN> "default" filter: COc1ccc(-c2oc3c(c2Br)=[N+]2C(=C(C(F)(F)F)c4cc5oc(-c6ccc(OC)cc6)c(Br)c5n4[B-]2(F)F)C=3)cc1 is invalid
21:37:09 <WARN> "default" filter: COc1ccc(-c2pc3ccccc3s2)cc1 is invalid
21:37:09 <WARN> "default" filter: COc1ccc(/C2=C3/N=C(C(c4ccccc4)=C3c3ccccc3)/C(c3ccc(OC)cc3)=c3\[nH]/c(c(-c4ccccc4)c3-c3ccccc3)=C(/c3ccc(OC)cc3)C3=N/C(=C(/c4ccc(OC)cc4)c4[nH]c2c(-c2ccccc2)c4-c2ccccc2)C(c2ccccc2)=C3c2ccccc2)cc1 is invalid
21:37:09 <WARN> "default" filter: COc1ccc(/C2=C3\C=CC(=N3)/C(c3ccc(OC)cc3)=c3/cc/c4n3[Zn]n3c2ccc3/C(c2ccc(C(=O)O)cc2)=C2/C=CC(=N2)/C=4c2ccc(OC)cc2)cc1 is invalid
21:37:09 <WARN> "default" filter: COc1ccc(/C2=C3\C=CC(=N3)/C(c3ccc(OC)cc3)=c3/cc/c4n3[Zn]n3c2ccc3/C(c2ccc(OC)cc2)=C2\N=C(C=C2/C=C(/C#N)C(=O)O)/C=4c2ccc(OC)cc2)cc1 is invalid
21:37:09 <WARN> "default" filter: COc1ccc(/C2=c3\cc/c4n3[Zn]n3c(ccc3/C(c3c(C)cc(C)cc3C)=C3/C=CC2=N3)/C(c2ccc(C(=O)O)cc2)=C2/C=CC(=N2)/C=4c2c(C)cc(C)cc2C)c2ccccc12 is invalid
21:37:09 <WARN> "default" filter: COc1ccc(/C=C/C2=C3CCc4ccccc4C3=[O+][B-](F)(F)O2)cc1 is invalid
21:37:09 <WARN> "default" filter: COc1ccc(/C=C/C2=CC(/C=C/c3ccc(OC)c(OC)c3)=[O+][B-](F)(F)O2)cc1OC is invalid
21:37:09 <WARN> "default" filter: COc1ccc(/C=C/C2=CC(/C=C/c3ccc(OC)c4ccccc34)=[O+][B-](F)(F)O2)c2ccccc12 is invalid
21:37:09 <WARN> "default" filter: COc1ccc(/C=C/C2=CC(/C=C/c3ccc(OC)cc3)=[O+][B-](F)(F)O2)cc1 is invalid
21:37:09 <WARN> "default" filter: COc1ccc(/C=C/C2=CC(/C=C/c3ccc(OC)cc3)=[O+][B-](OC(C)=O)(OC(C)=O)O2)cc1 is invalid
21:37:09 <WARN> "default" filter: COc1ccc(/C=C/C2=CC(c3ccccc3)=[O+][B-](F)(F)O2)cc1 is invalid
21:37:09 <WARN> "default" filter: COc1ccc(/C=C/C2=[O+][B-](F)(F)OC(/C=C/c3ccc(OC)c4ccccc34)=C2c2ccccc2)c2ccccc12 is invalid
21:37:09 <WARN> "default" filter: COc1ccc(/C=C/C2=[O+][B-](F)(F)OC(/C=C/c3ccc(OC)cc3)=C2c2ccc(OC)cc2)cc1 is invalid
21:37:09 <WARN> "default" filter: COc1ccc(/C=C/C2=[O+][B-](F)(F)OC(/C=C/c3ccc(OC)cc3)=C2c2cccc(OC)c2)cc1 is invalid
21:37:09 <WARN> "default" filter: COc1ccc(/C=C/C2=[O+][B-](F)(F)OC(/C=C/c3ccc(OC)cc3)=C2c2ccccc2)cc1 is invalid
21:37:09 <WARN> "default" filter: COc1ccc(/C=C/c2cc(C)c3n2[B-](F)(F)[N+]2=CC=CC2=C3)c(Br)c1O is invalid
21:37:09 <WARN> "default" filter: COc1ccc(/C=C/c2cc(C)c3n2[B-](F)(F)[N+]2=CC=CC2=C3)c(C)c1C is invalid
21:37:09 <WARN> "default" filter: COc1ccc(/C=C/c2cc(C)c3n2[B-](F)(F)[N+]2=CC=CC2=C3)c(Cl)c1O is invalid
21:37:09 <WARN> "default" filter: COc1ccc(/C=C/c2cc(C)c3n2[B-](F)(F)[N+]2=CC=CC2=C3)c(Cl)c1OC is invalid
21:37:09 <WARN> "default" filter: COc1ccc(/C=C/c2cc(C)c3n2[B-](F)(F)[N+]2=CC=CC2=C3)c(F)c1 is invalid
21:37:09 <WARN> "default" filter: COc1ccc(/C=C/c2cc(C)c3n2[B-](F)(F)[N+]2=CC=CC2=C3)c(I)c1O is invalid
21:37:09 <WARN> "default" filter: COc1ccc(/C=C/c2cc(C)c3n2[B-](F)(F)[N+]2=CC=CC2=C3)c(O)c1 is invalid
21:37:09 <WARN> "default" filter: COc1ccc(/C=C/c2cc(C)c3n2[B-](F)(F)[N+]2=CC=CC2=C3)c(OC)c1 is invalid
21:37:09 <WARN> "default" filter: COc1ccc(/C=C/c2cc(C)c3n2[B-](F)(F)[N+]2=CC=CC2=C3)c(OC)c1C is invalid
21:37:09 <WARN> "default" filter: COc1ccc(/C=C/c2cc(C)c3n2[B-](F)(F)[N+]2=CC=CC2=C3)cc1 is invalid
21:37:09 <WARN> "default" filter: COc1ccc(/C=C/c2cc(C)c3n2[B-](F)(F)[N+]2=CC=CC2=C3)cc1Br is invalid
21:37:09 <WARN> "default" filter: COc1ccc(/C=C/c2cc(C)c3n2[B-](F)(F)[N+]2=CC=CC2=C3)cc1C is invalid
21:37:09 <WARN> "default" filter: COc1ccc(/C=C/c2cc(C)c3n2[B-](F)(F)[N+]2=CC=CC2=C3)cc1Cl is invalid
21:37:09 <WARN> "default" filter: COc1ccc(/C=C/c2cc(C)c3n2[B-](F)(F)[N+]2=CC=CC2=C3)cc1O is invalid
21:37:09 <WARN> "default" filter: COc1ccc(/C=C/c2cc(C)c3n2[B-](F)(F)[N+]2=CC=CC2=C3)cc1OC is invalid
21:37:09 <WARN> "default" filter: COc1ccc(/C=C/c2cc(C)c3n2[B-](F)(F)[N+]2=CC=CC2=C3)cc1[N+](=O)[O-] is invalid
21:37:09 <WARN> "default" filter: COc1ccc(/C=C/c2ccc3n2[B-](F)(F)[N+]2=C(C)C=C(C)C2=C3)cc1 is invalid
21:37:09 <WARN> "default" filter: COc1ccc(Br)cc1/C=C/c1cc(C)c2n1[B-](F)(F)[N+]1=CC=CC1=C2 is invalid
21:37:09 <WARN> "default" filter: COc1ccc(C#Cc2c3cc4ccccc4cc3c(C#C[Si](C(C)C)(C(C)C)C(C)C)c3cc4ccccc4cc23)cc1 is invalid
21:37:09 <WARN> "default" filter: COc1ccc(C#Cc2c3ccccc3c3n2[B-](F)(F)[N+]2=C(C)C=C(C)C2=C3)cc1 is invalid
21:37:09 <WARN> "default" filter: COc1ccc(C#Cc2ccc(C#Cc3ccc(P(=O)(c4ccc(C#Cc5ccc(C#Cc6ccc(OC)cc6)cc5)cc4)c4ccc(C#Cc5ccc(C#Cc6ccc(OC)cc6)cc5)cc4)cc3)cc2)cc1 is invalid
21:37:09 <WARN> "default" filter: COc1ccc(C)cc1C1=C2C=CC(=[N+](C)C)C=C2[Si](C)(C)c2cc(N(C)C)ccc21 is invalid
21:37:09 <WARN> "default" filter: COc1ccc(C2=C(Br)C(c3ccccc3)=[N+]3C2=Nc2c(-c4ccc(OC)cc4)c(Br)c(-c4ccccc4)n2[B-]3(F)F)cc1 is invalid
21:37:09 <WARN> "default" filter: COc1ccc(C2=C(C)C3=C(c4c(-c5ccccn5)nc5ccccn45)c4c(C)c(-c5ccc(OC)cc5)c(C)n4[B-](F)(F)[N+]3=C2C)cc1 is invalid
21:37:09 <WARN> "default" filter: COc1ccc(C2=C(C)C3=C(c4c(-c5ccccn5)nc5ccccn45)c4c(C)cc(C)n4[B-](F)(F)[N+]3=C2C)cc1 is invalid
21:37:09 <WARN> "default" filter: COc1ccc(C2=C(c3cc(OC)cc(OC)c3)C(c3ccc(OC)cc3)=[N+]3C2=Nc2c(-c4ccc(OC)cc4)c(-c4cc(OC)cc(OC)c4)c(-c4ccc(OC)cc4)n2[B-]3(F)F)cc1 is invalid
21:37:09 <WARN> "default" filter: COc1ccc(C2=C(c3ccc(C(F)(F)F)cc3)C3=Cc4ccccc4NB3OB3Nc4ccccc4C=C32)cc1 is invalid
21:37:09 <WARN> "default" filter: COc1ccc(C2=C(c3ccc(C)cc3)C(c3ccccc3)=[N+]3C2=Nc2c(-c4ccc(OC)cc4)c(-c4ccc(C)cc4)c(-c4ccccc4)n2[B-]3(F)F)cc1 is invalid
21:37:09 <WARN> "default" filter: COc1ccc(C2=C(c3ccc(F)cc3)C(c3ccccc3)=[N+]3C2=Nc2c(-c4ccc(OC)cc4)c(-c4ccc(F)cc4)c(-c4ccccc4)n2[B-]3(F)F)cc1 is invalid
21:37:09 <WARN> "default" filter: COc1ccc(C2=C(c3ccc(OC)cc3)C(c3ccc(OC)cc3)=[N+]3C2=C(c2ccc(OC)cc2)c2c(-c4ccc(OC)cc4)c(-c4ccc(OC)cc4)c(-c4ccc(OC)cc4)n2[B-]3(F)F)cc1 is invalid
21:37:09 <WARN> "default" filter: COc1ccc(C2=C(c3ccc(OC)cc3)C(c3ccccc3)=[N+]3C2=Nc2c(-c4ccc(OC)cc4)c(-c4ccc(OC)cc4)c(-c4ccccc4)n2[B-]3(F)F)cc1 is invalid
21:37:09 <WARN> "default" filter: COc1ccc(C2=C(c3ccc(OC)cc3)C3=Cc4ccccc4NB3OB3Nc4ccccc4C=C32)cc1 is invalid
21:37:09 <WARN> "default" filter: COc1ccc(C2=C(c3ccc(OC)cc3)[Si](c3ccccc3)(c3ccccc3)c3ccccc32)cc1 is invalid
21:37:09 <WARN> "default" filter: COc1ccc(C2=C(c3ccc(OC)cc3)c3ccccc3B3C2=Cc2ccc(C)cc2N3Cc2ccccc2)cc1 is invalid
21:37:09 <WARN> "default" filter: COc1ccc(C2=C(c3ccc([N+](=O)[O-])cc3)C(c3ccccc3)=[N+]3C2=Nc2c(-c4ccc(OC)cc4)c(-c4ccc([N+](=O)[O-])cc4)c(-c4ccccc4)n2[B-]3(F)F)cc1 is invalid
21:37:09 <WARN> "default" filter: COc1ccc(C2=C(c3ccccc3)C(c3ccccc3)=[N+]3C2=Nc2c(-c4ccc(OC)cc4)c(-c4ccccc4)c(-c4ccccc4)n2[B-]3(F)F)cc1 is invalid
21:37:09 <WARN> "default" filter: COc1ccc(C2=C3C(/C=C/c4cc(OC)c(OC)c(OC)c4)=C(C=O)C(C)=[N+]3[B-](F)(F)n3c(/C=C/c4cc(OC)c(OC)c(OC)c4)c(C=O)c(C=Cc4cc(OC)c(OC)c(OC)c4)c32)cc1 is invalid
21:37:09 <WARN> "default" filter: COc1ccc(C2=C3C(C)=CC(C)=[N+]3[B-](F)(F)n3c(/C=C/c4ccc(N(C)C)cc4)cc(C)c32)cc1 is invalid
21:37:09 <WARN> "default" filter: COc1ccc(C2=C3C(C)=CC(C)=[N+]3[B-](F)(F)n3c(C)cc(C)c32)cc1 is invalid
21:37:09 <WARN> "default" filter: COc1ccc(C2=C3C(C)=CC(C=Cc4ccc(C(=O)OC5C[C@H]6CCC5(C)C6(C)C)cc4)=[N+]3[B-](F)(F)n3c(C)cc(C)c32)cc1 is invalid
21:37:09 <WARN> "default" filter: COc1ccc(C2=C3C=C(/C=C/C(=O)OC(C)(C)C)C=[N+]3[B-](F)(F)n3cccc32)cc1 is invalid
21:37:09 <WARN> "default" filter: COc1ccc(C2=C3C=C(c4cc(OC)c(OC)cc4[N+](=O)[O-])C=[N+]3[B-](F)(F)n3cc(-c4cc(OC)c(OC)cc4[N+](=O)[O-])cc32)cc1 is invalid
21:37:09 <WARN> "default" filter: COc1ccc(C2=C3C=CC(=[N+](C)C)C=C3[Si](C)(C)c3cc(N(C)C)ccc32)c(C)c1 is invalid
21:37:09 <WARN> "default" filter: COc1ccc(C2=C3C=CC(=[N+](C)C)C=C3[Si](C)(C)c3cc(N(C)C)ccc32)c(OC)c1 is invalid
21:37:09 <WARN> "default" filter: COc1ccc(C2=C3C=CC(C)=[N+]3[B-](F)(F)n3c(C)ccc32)cc1 is invalid
21:37:09 <WARN> "default" filter: COc1ccc(C2=C3C=CC=[N+]3[B-](F)(F)n3cc(-c4cc(OC)c(OC)cc4[N+](=O)[O-])cc32)cc1 is invalid
21:37:09 <WARN> "default" filter: COc1ccc(C2=C3C=CC=[N+]3[B-](F)(F)n3cccc32)cc1 is invalid
21:37:09 <WARN> "default" filter: COc1ccc(C2=C3C=c4c(oc5ccccc45)=[N+]3[B-](F)(F)n3c2cc2c4ccccc4oc23)cc1 is invalid
21:37:09 <WARN> "default" filter: COc1ccc(C2=CC(c3cc(OC)cc(OC)c3)=[O+][B-](F)(F)O2)cc1 is invalid
21:37:09 <WARN> "default" filter: COc1ccc(C2=CC(c3ccc(OC)cc3)=[O+][B-](C(C)=O)(C(C)=O)O2)cc1 is invalid
21:37:09 <WARN> "default" filter: COc1ccc(C2=CC(c3ccccc3)=[N+]3C2=Nc2c(-c4ccc(OC)cc4)cc(-c4ccccc4)n2[B-]3(F)F)cc1 is invalid
21:37:09 <WARN> "default" filter: COc1ccc(C2=Cc3c4ccccc4cc[n+]3[B-](F)(F)O2)cc1 is invalid
21:37:09 <WARN> "default" filter: COc1ccc(C2=Cc3cc4ccccc4cc3P2(=O)c2ccccc2)cc1 is invalid
21:37:09 <WARN> "default" filter: COc1ccc(C2=Cc3ccc4ccccc4[n+]3[B-](F)(F)O2)cc1 is invalid
21:37:09 <WARN> "default" filter: COc1ccc(C2=Cc3ccccc3P2(=O)c2ccccc2)cc1 is invalid
21:37:09 <WARN> "default" filter: COc1ccc(C2=Cc3ccccc3[Si]2(c2ccccc2)c2ccccc2)cc1 is invalid
21:37:09 <WARN> "default" filter: COc1ccc(C2=Nc3cccc4[n+]3[B-](F)(O2)OC(c2ccc(OC)cc2)=N4)cc1 is invalid
21:37:09 <WARN> "default" filter: COc1ccc(C2=[N+]3C(=C(c4ccc(C#N)cc4)c4cc(-c5cccs5)c(-c5ccc(OC)cc5)n4[B-]3(F)F)C=C2c2cccs2)cc1 is invalid
21:37:09 <WARN> "default" filter: COc1ccc(C2=[N+]3C(=C(c4ccc(C#N)cc4)c4cc(Cl)c(-c5ccc(OC)cc5)n4[B-]3(F)F)C=C2Cl)cc1 is invalid
21:37:09 <WARN> "default" filter: COc1ccc(C2=[N+]3C(=C(c4ccc(C(=O)OCc5ccccc5)cc4)c4cc(Cl)c(-c5ccc(OC)cc5)n4[B-]3(F)F)C=C2Cl)cc1 is invalid
21:37:09 <WARN> "default" filter: COc1ccc(C2=[N+]3C(=C(c4ccc(I)cc4)c4ccc(-c5ccc(OC)cc5)n4[B-]3(F)F)C=C2)cc1 is invalid
21:37:09 <WARN> "default" filter: COc1ccc(C2=[N+]3C(=Cc4c(C)c(CCC(=O)NCCCCCC(=O)ON5C(=O)CCC5=O)c(C)n4[B-]3(F)F)C=C2)cc1 is invalid
21:37:09 <WARN> "default" filter: COc1ccc(C2=[N+]3C(=Cc4c5ccc(OC)cc5c(-c5ccc(OC)cc5)n4[B-]3(F)F)c3ccc(OC)cc32)cc1 is invalid
21:37:09 <WARN> "default" filter: COc1ccc(C2=[N+]3C(=Nc4c(-c5cc(OC)c(OC)c(OC)c5)c(-c5ccc(C(C)(C)C)cc5)c(-c5ccc(OC)cc5)n4[B-]3(F)F)C(c3cc(OC)c(OC)c(OC)c3)=C2c2ccc(C(C)(C)C)cc2)cc1 is invalid
21:37:09 <WARN> "default" filter: COc1ccc(C2=[N+]3C(=Nc4c(-c5cc(OC)c(OC)c(OC)c5)c(Br)c(-c5ccc(OC)cc5)n4[B-]3(F)F)C(c3cc(OC)c(OC)c(OC)c3)=C2Br)cc1 is invalid
21:37:09 <WARN> "default" filter: COc1ccc(C2=[N+]3C(=Nc4c(-c5cc(OC)c(OC)c(OC)c5)cc(-c5ccc(OC)cc5)n4[B-]3(F)F)C(c3cc(OC)c(OC)c(OC)c3)=C2)cc1 is invalid
21:37:09 <WARN> "default" filter: COc1ccc(C2=[N+]3C(=Nc4c(-c5cc(OC)c(OC)c(OC)c5Br)c(-c5ccc(C(C)(C)C)cc5)c(-c5ccc(OC)cc5)n4[B-]3(F)F)C(c3cc(OC)c(OC)c(OC)c3Br)=C2c2ccc(C(C)(C)C)cc2)cc1 is invalid
21:37:09 <WARN> "default" filter: COc1ccc(C2=[N+]3C(=Nc4c(-c5ccc6ccccc6c5)c(Br)c(-c5ccc(OC)cc5)n4[B-]3(F)F)C(c3ccc4ccccc4c3)=C2Br)cc1 is invalid
21:37:09 <WARN> "default" filter: COc1ccc(C2=[N+]3C(=Nc4c(-c5ccc6ccccc6c5)cc(-c5ccc(OC)cc5)n4[B-]3(F)F)C(c3ccc4ccccc4c3)=C2)cc1 is invalid
21:37:09 <WARN> "default" filter: COc1ccc(C2=[N+]3C(=Nc4c(-c5ccccc5)c(Br)c(-c5ccc(OC)cc5)n4[B-]3(F)F)C(c3ccccc3)=C2Br)cc1 is invalid
21:37:09 <WARN> "default" filter: COc1ccc(C2=[N+]3C(=Nc4c(-c5ccccc5)c5c(n4[B-]3(F)F)-c3ccc(OC)cc3CC5)C(c3ccccc3)=C2)cc1 is invalid
21:37:09 <WARN> "default" filter: COc1ccc(C2=[N+]3C(=Nc4c(-c5ccccc5)cc(-c5ccc(OC)cc5)n4[B-]3(F)F)C(c3ccccc3)=C2)cc1 is invalid
21:37:09 <WARN> "default" filter: COc1ccc(C2=[N+]3C(=Nc4c5c6cc(OC)c(OC)c(OC)c6c6cc(C(C)(C)C)ccc6c5c(-c5ccc(OC)cc5)n4[B-]3(F)F)c3c2c2ccc(C(C)(C)C)cc2c2c(OC)c(OC)c(OC)cc32)cc1 is invalid
21:37:09 <WARN> "default" filter: COc1ccc(C2=[N+]3C(=Nc4c5c6ccccc6c6ccc(C(C)(C)C)cc6c5c(-c5ccc(OC)cc5)n4[B-]3(F)F)c3c2c2cc(C(C)(C)C)ccc2c2ccccc32)cc1 is invalid
21:37:09 <WARN> "default" filter: COc1ccc(C2=[N+]3C(=Nc4c5ccccc5c(-c5ccc(OC)cc5)n4[B-]3(F)F)c3ccccc32)cc1 is invalid
21:37:09 <WARN> "default" filter: COc1ccc(C2=c3c(c4ccc(OC)cc4c4c(OC)cc(OC)cc34)=[N+]3C2=Nc2c(-c4ccc(OC)cc4)c4c5cc(OC)cc(OC)c5c5cc(OC)ccc5c4n2[B-]3(F)F)cc1 is invalid
21:37:09 <WARN> "default" filter: COc1ccc(C2=c3sc(-c4ccc(OC)cc4)c(-c4ccc(OC)cc4)c3=[N+]3C2=Nc2c(-c4ccc(OC)cc4)c4sc(-c5ccc(OC)cc5)c(-c5ccc(OC)cc5)c4n2[B-]3(F)F)cc1 is invalid
21:37:09 <WARN> "default" filter: COc1ccc(C2=c3sc(-c4ccc(OC)cc4)cc3=[N+]3C2=Nc2c(-c4ccc(OC)cc4)c4sc(-c5ccc(OC)cc5)cc4n2[B-]3(F)F)cc1 is invalid
21:37:09 <WARN> "default" filter: COc1ccc(CN(C(=O)c2ccc(C3=C4C=CC=[N+]4[B-](F)(F)n4cccc43)cc2)C(C(=O)NC(C)(C)C)c2ccccc2)cc1 is invalid
21:37:09 <WARN> "default" filter: COc1ccc(CN(C(=O)c2ccccc2)C(C(=O)NC(C)(C)C)c2ccc(C3=C4C=CC=[N+]4[B-](F)(F)n4cccc43)cc2)cc1 is invalid
21:37:09 <WARN> "default" filter: COc1ccc(F)c(/C=C/c2cc(C)c3n2[B-](F)(F)[N+]2=CC=CC2=C3)c1 is invalid
21:37:09 <WARN> "default" filter: COc1ccc(F)cc1/C=C/c1cc(C)c2n1[B-](F)(F)[N+]1=CC=CC1=C2 is invalid
21:37:09 <WARN> "default" filter: COc1ccc(N(/C2=c3\cc/c4n3[Zn]n3c(ccc3/C(c3cc(C(C)(C)C)cc(C(C)(C)C)c3)=C3/C=CC2=N3)/C(C#Cc2ccc(C(=O)O)cc2)=C2/C=CC(=N2)/C=4c2cc(C(C)(C)C)cc(C(C)(C)C)c2)c2ccc(OC)cc2)cc1 is invalid
21:37:09 <WARN> "default" filter: COc1ccc(N(c2ccc(C#C/C3=c4\cc/c5n4[Zn]n4c(ccc4/C(c4cc(C(C)(C)C)cc(C(C)(C)C)c4)=C4/C=CC3=N4)/C(C#Cc3ccc(C(=O)O)cc3)=C3/C=CC(=N3)/C=5c3cc(C(C)(C)C)cc(C(C)(C)C)c3)cc2)c2ccc(OC)cc2)cc1 is invalid
21:37:09 <WARN> "default" filter: COc1ccc(N(c2ccc(C#Cc3ccc(N(c4ccc(C#Cc5ccc(C=C(C#N)C(=O)O)cc5)cc4)c4ccc(C#Cc5ccc(/C=C(/C#N)C(=O)O)cc5)cc4)cc3)cc2)c2ccc(OC)cc2)cc1 is invalid
21:37:09 <WARN> "default" filter: COc1ccc(N(c2ccc(C=Cc3ccc(/C=C/c4ccc(N(c5ccc(OC)cc5)c5ccc(-c6ccc(/C=C(/C#N)C(=O)O)s6)cc5)cc4)cc3)cc2)c2ccc(-c3ccc(/C=C(/C#N)C(=O)O)s3)cc2)cc1 is invalid
21:37:09 <WARN> "default" filter: COc1ccc(N(c2ccc(OC)cc2)c2ccc(-c3c(C)c4n(c3C)[B-](F)(F)[N+]3=C(C)C(c5cc6sc(-c7cc[n+]([O-])cc7)cc6s5)=C(C)C3=C4C)cc2)cc1 is invalid
21:37:09 <WARN> "default" filter: COc1ccc(N(c2ccc(OC)cc2)c2ccc(-c3c(C)c4n(c3C)[B-](F)(F)[N+]3=C(C)C(c5cc6sc(C=C(C#N)C(=O)O)cc6s5)=C(C)C3=C4C)cc2)cc1 is invalid
21:37:09 <WARN> "default" filter: COc1ccc(N(c2ccc(OC)cc2)c2ccc(-c3c(C)c4n(c3C)[B-](F)(F)[N+]3=C(C)C(c5ccc(-c6cc[n+]([O-])cc6)s5)=C(C)C3=C4C)cc2)cc1 is invalid
21:37:09 <WARN> "default" filter: COc1ccc(N(c2ccc(OC)cc2)c2ccc(-c3c(C)c4n(c3C)[B-](F)(F)[N+]3=C(C)C(c5ccc(C=C(C#N)C(=O)O)s5)=C(C)C3=C4C)s2)cc1 is invalid
21:37:09 <WARN> "default" filter: COc1ccc(N(c2ccc(OC)cc2)c2ccc(-c3c(C)c4n(c3C)[B-]3(Oc5ccccc5O3)[N+]3=C(C)C(c5ccc(C=C(C#N)C(=O)O)s5)=C(C)C3=C4C)cc2)cc1 is invalid
21:37:09 <WARN> "default" filter: COc1ccc(N(c2ccc(OC)cc2)c2ccc(-c3ccc(-c4sc(-c5ccc(C(C#N)C(=O)O)s5)c5c4OCC4(COc6c(-c7ccc(-c8ccc(N(c9ccc(OC)cc9)c9ccc(OC)cc9)cc8)s7)sc(-c7ccc(C(C#N)C(=O)O)s7)c6OC4)CO5)s3)cc2)cc1 is invalid
21:37:09 <WARN> "default" filter: COc1ccc(N(c2ccc(OC)cc2)c2ccc(-c3ccc(-c4sc(C(C#N)C(=O)O)c5c4OCC4(COc6c(-c7ccc(-c8ccc(N(c9ccc(OC)cc9)c9ccc(OC)cc9)cc8)s7)sc(C(C#N)C(=O)O)c6OC4)CO5)s3)cc2)cc1 is invalid
21:37:09 <WARN> "default" filter: COc1ccc(N(c2ccc(OC)cc2)c2ccc(-c3sc(-c4ccc(C(C#N)C(=O)O)s4)c4c3OCC3(COc5c(-c6ccc(N(c7ccc(OC)cc7)c7ccc(OC)cc7)cc6)sc(-c6ccc(C(C#N)C(=O)O)s6)c5OC3)CO4)cc2)cc1 is invalid
21:37:09 <WARN> "default" filter: COc1ccc(N(c2ccc(OC)cc2)c2ccc(-c3sc(/C=C(/C#N)C(=O)O)c4c3OC[C@@]3(CO4)COc4c(/C=C(\C#N)C(=O)O)sc(-c5ccc(N(c6ccc(OC)cc6)c6ccc(OC)cc6)c6nsnc56)c4OC3)c3nsnc23)cc1 is invalid
21:37:09 <WARN> "default" filter: COc1ccc(N(c2ccc(OC)cc2)c2ccc(-c3sc(/C=C(/C#N)C(=O)O)c4c3OC[C@@]3(CO4)COc4c(/C=C(\C#N)C(=O)O)sc(-c5ccc(N(c6ccc(OC)cc6)c6ccc(OC)cc6)cc5)c4OC3)cc2)cc1 is invalid
21:37:09 <WARN> "default" filter: COc1ccc(N(c2ccc(OC)cc2)c2ccc(-c3sc(/C=C(\C#N)C(=O)O)c4c3OC[C@@]3(COc5c(/C=C(/C#N)C(=O)O)sc(-c6ccc(N(c7ccc(OC)cc7)c7ccc(OC)cc7)c7nsnc67)c5OC3)CO4)cc2)cc1 is invalid
21:37:09 <WARN> "default" filter: COc1ccc(N(c2ccc(OC)cc2)c2ccc(/C3=c4\cc/c5n4[Zn]n4c(ccc4/C(c4cc(C(C)(C)C)cc(C(C)(C)C)c4)=C4/C=CC3=N4)/C(C#Cc3ccc(C(=O)O)cc3)=C3/C=CC(=N3)/C=5c3cc(C(C)(C)C)cc(C(C)(C)C)c3)cc2)cc1 is invalid
21:37:09 <WARN> "default" filter: COc1ccc(N(c2ccc(OC)cc2)c2ccc(C3CC4C(=C5SC(c6ccc(C=C(C#N)C(=O)O)s6)CC5C5C6CCCC5OCCCCCCOC5CCCC(OCCCCCCO6)C54)S3)cc2)cc1 is invalid
21:37:09 <WARN> "default" filter: COc1ccc(N2c3ccc4ccccc4c3-c3c4ccccc4cc[n+]3[B-]2(c2ccccc2)c2ccccc2)cc1 is invalid
21:37:09 <WARN> "default" filter: COc1ccc(OC)c(-c2cc3c(o2)=CC2=Cc4cc5oc(-c6cc(OC)ccc6OC)cc5n4[B-](F)(F)[N+]=32)c1 is invalid
21:37:09 <WARN> "default" filter: COc1ccc(OC)c(C2=C3C=CC(=[N+](C)C)C=C3[Si](C)(C)c3cc(N(C)C)ccc32)c1 is invalid
21:37:09 <WARN> "default" filter: COc1ccc(O[B-]2(Oc3ccc(OC)cc3)n3c(C)cc(C)c3C(c3ccc(I)cc3)=C3C(C)=CC(C)=[N+]32)cc1 is invalid
21:37:09 <WARN> "default" filter: COc1ccc(Oc2ccc(/C=C/c3cc(C)c4n3[B-](F)(F)[N+]3=CC=CC3=C4)cc2)cc1 is invalid
21:37:09 <WARN> "default" filter: COc1ccc([N+](=O)[O-])c(-c2cc3n(c2)[B-](F)(F)[N+]2=CC=CC2=C3c2ccccc2)c1 is invalid
21:37:09 <WARN> "default" filter: COc1ccc([N+](=O)[O-])c(C2=CC3=C(c4ccccc4)c4cc(-c5cc(OC)ccc5[N+](=O)[O-])cn4[B-](F)(F)[N+]3=C2)c1 is invalid
21:37:09 <WARN> "default" filter: COc1ccc([N+](=O)[O-])cc1/C=C/c1cc(C)c2n1[B-](F)(F)[N+]1=CC=CC1=C2 is invalid
21:37:09 <WARN> "default" filter: COc1ccc([N+]2=Cc3cccn3[B-]2(c2ccccc2)c2ccccc2)cc1 is invalid
21:37:09 <WARN> "default" filter: COc1ccc([Si](C)(C)C)c2ccccc12 is invalid
21:37:09 <WARN> "default" filter: COc1ccc2[nH]cc(/C=C/c3cc(C)c4n3[B-](F)(F)[N+]3=CC=CC3=C4)c2c1 is invalid
21:37:09 <WARN> "default" filter: COc1ccc2c(c1)-c1cc3c(cc1[Si]2(c1ccccc1)c1ccccc1)-c1ccccc1[Si]3(c1ccccc1)c1ccccc1 is invalid
21:37:09 <WARN> "default" filter: COc1ccc2c(c1)-c1nc(-c3ccccc3)c3cc(Cl)ccc3[n+]1[B-](F)(F)O2 is invalid
21:37:09 <WARN> "default" filter: COc1ccc2c(c1)-c1nc(-c3ccccc3)c3ccccc3[n+]1[B-](F)(F)O2 is invalid
21:37:09 <WARN> "default" filter: COc1ccc2c(c1)CCC1=C(c3ccccc3)C3=C(c4ccc5cccc(O)c5n4)c4c(-c5ccccc5)c5c(n4[B-](F)(F)[N+]3=C12)-c1ccc(OC)cc1CC5 is invalid
21:37:09 <WARN> "default" filter: COc1ccc2c(c1)CCC1=C(c3ccccc3)C3=Nc4c(-c5ccccc5)c5c(n4[B-](F)(F)[N+]3=C12)-c1ccc(OC)cc1CC5 is invalid
21:37:09 <WARN> "default" filter: COc1ccc2c(c1)CCc1c(-c3ccccc3)c3n(c1-2)[B-](F)(F)[N+]1=C2C(=C(c4ccccc4)C1=N3)CCc1ccccc12 is invalid
21:37:09 <WARN> "default" filter: COc1ccc2c(c1)CCc1c(-c3ccccc3)c3n(c1-2)[B-](F)(F)[N+]1=C2C=NC=CN2[B-](F)(F)[N+]1=C3 is invalid
21:37:09 <WARN> "default" filter: COc1ccc2c(c1)CCc1c(-c3ccccc3)c3n(c1-2)[B-](F)(F)[N+]1=c2ccc4ccccc4c2=C(c2ccccc2)C1=N3 is invalid
21:37:09 <WARN> "default" filter: COc1ccc2c(c1)SCC1=C(c3ccccc3)C3=Nc4c(-c5ccccc5)c5c(n4[B-](F)(F)[N+]3=C12)-c1ccc(OC)cc1SC5 is invalid
21:37:09 <WARN> "default" filter: COc1ccc2c(c1)c1c(c3cc(OC)ccc32)=[N+]2C(=C(c3c(C)cc(C)cc3C)c3cc4c5cc(OC)ccc5c5ccc(OC)cc5c4n3[B-]2(F)F)C=1 is invalid
21:37:09 <WARN> "default" filter: COc1ccc2c(c1)c1cc(OC)ccc1n2-c1ccc2c(c1)-c1cc(-n3c4ccc(OC)cc4c4cc(OC)ccc43)ccc1P2(=O)c1ccccc1 is invalid
21:37:09 <WARN> "default" filter: COc1ccc2c3c(c4ccc(C(C)(C)C)cc4c2c1)=C(c1cc(OC)c(OC)c(OC)c1)C1=Nc2c(-c4cc(OC)c(OC)c(OC)c4)c4c5ccc(C(C)(C)C)cc5c5cc(OC)ccc5c4n2[B-](F)(F)[N+]=31 is invalid
21:37:09 <WARN> "default" filter: COc1ccc2c3c(c4ccc(OC)cc4c2c1)=[N+]1C(=C(c2c(C)cc(C)cc2C)c2cc4c5ccc(OC)cc5c5cc(OC)ccc5c4n2[B-]1(F)F)C=3 is invalid
21:37:09 <WARN> "default" filter: COc1ccc2cc(-c3cc(-c4ccccc4)c4n3[B-](F)(F)[N+]3=C5C=NC=CN5[B-](F)(F)[N+]3=C4)ccc2c1 is invalid
21:37:10 <WARN> "default" filter: COc1ccc2cc(/C=C/C3=C4CCc5ccccc5C4=[O+][B-](F)(F)O3)ccc2c1 is invalid
21:37:10 <WARN> "default" filter: COc1ccc2cc(/C=C/C3=CC(c4ccccc4)=[O+][B-](F)(F)O3)ccc2c1 is invalid
21:37:10 <WARN> "default" filter: COc1ccc2cc(/C=C/C3=[O+][B-](F)(F)OC(/C=C/c4ccc5cc(OC)ccc5c4)=C3c3ccccc3)ccc2c1 is invalid
21:37:10 <WARN> "default" filter: COc1ccc2cc(C#CC3=C4CCc5ccccc5C4=[O+][B-](F)(F)O3)ccc2c1 is invalid
21:37:10 <WARN> "default" filter: COc1ccc2cc(C3=[N+]4C(=Nc5c(-c6ccc7ccccc7c6)c(Br)c(-c6ccc7cc(OC)ccc7c6)n5[B-]4(F)F)C(c4ccc5ccccc5c4)=C3Br)ccc2c1 is invalid
21:37:10 <WARN> "default" filter: COc1ccc2cc(C3=[N+]4C(=Nc5c(-c6ccc7ccccc7c6)cc(-c6ccc7cc(OC)ccc7c6)n5[B-]4(F)F)C(c4ccc5ccccc5c4)=C3)ccc2c1 is invalid
21:37:10 <WARN> "default" filter: COc1ccc2cc(C3=[N+]4C(=Nc5c(-c6ccccc6)cc(-c6ccc7cc(OC)ccc7c6)n5[B-]4(F)F)C(c4ccccc4)=C3)ccc2c1 is invalid
21:37:10 <WARN> "default" filter: COc1ccc2cc(C3=[N+]4C(=Nc5c(-c6ccccc6)cc(-c6ccc7cc(OC)ccc7c6)n5[B-]4(F)F)C(c4ccccc4)=C3Br)ccc2c1 is invalid
21:37:10 <WARN> "default" filter: COc1ccc2n1[B-](F)(F)[N+]1=C(SC#N)C=CC1=C2c1ccccc1 is invalid
21:37:10 <WARN> "default" filter: COc1ccc2n1[B-](F)(F)[N+]1=CC=CC1=C2c1ccccc1 is invalid
21:37:10 <WARN> "default" filter: COc1cccc(/C=C/c2cc(C)c3n2[B-](F)(F)[N+]2=CC=CC2=C3)c1 is invalid
21:37:10 <WARN> "default" filter: COc1cccc(/C=C/c2cc(C)c3n2[B-](F)(F)[N+]2=CC=CC2=C3)c1Cl is invalid
21:37:10 <WARN> "default" filter: COc1cccc(/C=C/c2cc(C)c3n2[B-](F)(F)[N+]2=CC=CC2=C3)c1F is invalid
21:37:10 <WARN> "default" filter: COc1cccc(/C=C/c2cc(C)c3n2[B-](F)(F)[N+]2=CC=CC2=C3)c1O is invalid
21:37:10 <WARN> "default" filter: COc1cccc(/C=C/c2cc(C)c3n2[B-](F)(F)[N+]2=CC=CC2=C3)c1OC is invalid
21:37:10 <WARN> "default" filter: COc1cccc(/C=C/c2ccc3n2[B-](F)(F)[N+]2=C(C)C=C(C)C2=C3)c1 is invalid
21:37:10 <WARN> "default" filter: COc1cccc(C2=C(c3ccc(C(C)(C)C)cc3)C(c3ccc(C(C)(C)C)cc3)=[N+]3C2=C(c2ccccc2)c2c(-c4cccc(OC)c4)c(-c4ccc(C(C)(C)C)cc4)c(-c4ccc(C(C)(C)C)cc4)n2[B-]3(F)F)c1 is invalid
21:37:10 <WARN> "default" filter: COc1cccc(C2=C3C=C(/C=C/C(=O)OC(C)(C)C)C=[N+]3[B-](F)(F)n3cccc32)c1 is invalid
21:37:10 <WARN> "default" filter: COc1cccc(C2=c3c(c4ccc(C(C)(C)C)cc4c4cc(C(C)(C)C)ccc34)=[N+]3C2=C(c2ccccc2)c2c(-c4cccc(OC)c4)c4c5ccc(C(C)(C)C)cc5c5cc(C(C)(C)C)ccc5c4n2[B-]3(F)F)c1 is invalid
21:37:10 <WARN> "default" filter: COc1cccc(C=CC2=CC3=C4C=C(C=Cc5cccc(OC)c5)C=CN4[Ru]4(N=C=S)(N=C=S)(N3C=C2)N2C=CC(C(=O)O)=CC2=C2C=C(C(=O)O)C=CN24)c1 is invalid
21:37:10 <WARN> "default" filter: COc1cccc(F)c1/C=C/c1cc(C)c2n1[B-](F)(F)[N+]1=CC=CC1=C2 is invalid
21:37:10 <WARN> "default" filter: COc1cccc(OC)c1-c1cc2n(c1)[B-](F)(F)[N+]1=CC=CC1=C2c1ccccc1 is invalid
21:37:10 <WARN> "default" filter: COc1cccc(OC)c1C1=C2C(C)=CC(C)=[N+]2[B-](F)(F)n2c(C)cc(C)c21 is invalid
21:37:10 <WARN> "default" filter: COc1cccc(OC)c1C1=C2C=CC(=[N+](C)C)C=C2P(=O)(c2ccccc2)c2cc(N(C)C)ccc21 is invalid
21:37:10 <WARN> "default" filter: COc1cccc(OC)c1C1=C2C=CC(=[N+]3CCCC3)C=C2P(=O)(c2ccccc2)c2cc(N(C)C)ccc21 is invalid
21:37:10 <WARN> "default" filter: COc1cccc(OC)c1C1=CC2=C(c3ccccc3)c3cc(-c4c(F)c(F)c(F)c(F)c4F)cn3[B-](F)(F)[N+]2=C1 is invalid
21:37:10 <WARN> "default" filter: COc1cccc(OC)c1C1=CC2=C(c3ccccc3)c3cc(-c4c(OC)cccc4OC)cn3[B-](F)(F)[N+]2=C1 is invalid
21:37:10 <WARN> "default" filter: COc1cccc(Oc2ccccc2/C=C/c2cc(C)c3n2[B-](F)(F)[N+]2=CC=CC2=C3)c1 is invalid
21:37:10 <WARN> "default" filter: COc1ccccc1-c1cc2c(o1)=CC1=Cc3cc4oc(-c5ccccc5OC)cc4n3[B-](F)(F)[N+]=21 is invalid
21:37:10 <WARN> "default" filter: COc1ccccc1/C=C/C=C/c1cc(C)c2n1[B-](F)(F)[N+]1=CC=CC1=C2 is invalid
21:37:10 <WARN> "default" filter: COc1ccccc1/C=C/c1cc(C)c2n1[B-](F)(F)[N+]1=CC=CC1=C2 is invalid
21:37:10 <WARN> "default" filter: COc1ccccc1C1=C2C(C)=CC(C)=[N+]2[B-](F)(F)n2c(C)cc(C)c21 is invalid
21:37:10 <WARN> "default" filter: COc1ccccc1C1=C2C=CC(=[N+](C)C)C=C2P(=O)(c2ccccc2)c2cc(N(C)C)ccc21 is invalid
21:37:10 <WARN> "default" filter: COc1ccccc1C1=C2C=CC(=[N+](C)C)C=C2[Si](C)(C)c2cc(N(C)C)ccc21 is invalid
21:37:10 <WARN> "default" filter: COc1ccccc1C1=C2C=CC(=[N+]3CCCC3)C=C2P(=O)(c2ccccc2)c2cc(N(C)C)ccc21 is invalid
21:37:10 <WARN> "default" filter: COc1ccccc1C1=[N+]2C(=C(c3ccc(I)cc3)c3ccc(-c4ccccc4OC)n3[B-]2(F)F)C=C1 is invalid
21:37:10 <WARN> "default" filter: COc1ccccc1C1=[N+]2C(=C(c3ccccc3)c3c4c(c(-c5ccccc5OC)n3[B-]2(F)F)C2C=CC4CC2)C2=C1C1C=CC2CC1 is invalid
21:37:10 <WARN> "default" filter: COc1ccccc1C1=[N+]2C(=C(c3ccccc3)c3c4c(c(-c5ccccc5OC)n3[B-]2(F)F)C2CCC4CC2)C2=C1C1CCC2CC1 is invalid
21:37:10 <WARN> "default" filter: COc1ccccc1C1=[N+]2C(=C(c3ccccc3)c3c4ccccc4c(-c4ccccc4OC)n3[B-]2(F)F)c2ccccc21 is invalid
21:37:10 <WARN> "default" filter: COc1ccccc1C1=[N+]2C(=Cc3c4c(c(-c5ccccc5OC)n3[B-]2(F)F)C2CCC4CC2)C2=C1C1CCC2CC1 is invalid
21:37:10 <WARN> "default" filter: COc1ccccc1C1=[N+]2C(=Cc3c4cc5ccccc5cc4c(-c4ccccc4OC)n3[B-]2(F)F)c2cc3ccccc3cc21 is invalid
21:37:10 <WARN> "default" filter: COc1ccccc1C1=[N+]2C(=Nc3c(-c4ccccc4)cc(-c4ccccc4OC)n3[B-]2(F)F)C(c2ccccc2)=C1 is invalid
21:37:10 <WARN> "default" filter: CSC1=C(C)C2=C(c3ccc(C)cc3)c3c(C)c(Cl)c(C)n3[B-](F)(F)[N+]2=C1C is invalid
21:37:10 <WARN> "default" filter: CSC1=C2C=C(c3cc4n(c3)[B-](F)(F)[N+]3=CC=CC3=C4c3c(C)cc(C)cc3C)C(C)=[N+]2[B-](F)(F)n2c(C)ccc21 is invalid
21:37:10 <WARN> "default" filter: CSc1ccc(/C=C/c2cc(C)c3n2[B-](F)(F)[N+]2=CC=CC2=C3)cc1 is invalid
21:37:10 <WARN> "default" filter: CSc1ccccc1/C=C/c1cc(C)c2n1[B-](F)(F)[N+]1=CC=CC1=C2 is invalid
21:37:10 <WARN> "default" filter: C[C@H]1CC(C)(C)N(C)c2ccc(/C=C/c3ccc(/C=C(\C#N)P(=O)(O)O)s3)cc21 is invalid
21:37:10 <WARN> "default" filter: C[C@](c1ccc(OCCCCCCN2c3ccccc3Sc3cc(/C=C(/C#N)C(=O)O)ccc32)cc1)(c1ccc(OCCCCCCN2c3ccccc3Sc3cc(/C=C(\C#N)C(=O)O)ccc32)cc1)c1ccc(OCCCCCN2c3ccccc3Sc3cc(/C=C(\C#N)C(=O)O)ccc32)cc1 is invalid
21:37:10 <WARN> "default" filter: C[N+](C)=C1c2cccn2[B-](F)(F)n2cccc21 is invalid
21:37:10 <WARN> "default" filter: C[NH+]=C1c2cccn2[B-](F)(F)n2cccc21 is invalid
21:37:10 <WARN> "default" filter: C[P+](c1c2ccccc2cc2ccccc12)(c1c2ccccc2cc2ccccc12)c1c2ccccc2cc2ccccc12 is invalid
21:37:10 <WARN> "default" filter: C[P+](c1ccccc1)(c1ccccc1)c1ccc(-c2ccc(N(c3ccccc3)c3ccccc3)cc2)c2ccccc12 is invalid
21:37:10 <WARN> "default" filter: C[P+]1(c2ccccc2)C2=C(c3ccccc31)S(=O)(=O)c1ccccc12 is invalid
21:37:10 <WARN> "default" filter: C[P+]1(c2ccccc2)c2ccccc2-c2sc3ccccc3c21 is invalid
21:37:10 <WARN> "default" filter: C[SiH](C)c1ccc([SiH](C)C)c2ccccc12 is invalid
21:37:10 <WARN> "default" filter: C[SiH](C)c1cccc2ccccc12 is invalid
21:37:10 <WARN> "default" filter: C[SiH]1c2ccccc2-c2cc3c(cc21)-c1ccccc1[SiH]3C is invalid
21:37:10 <WARN> "default" filter: C[Si](C)(C)C#CC#Cc1ccc2c3cccc4cccc(c5cccc1c52)c43 is invalid
21:37:10 <WARN> "default" filter: C[Si](C)(C)C#CC(C#C[Si](C)(C)C)=Cc1ccc(C=C(C#C[Si](C)(C)C)C#C[Si](C)(C)C)cc1 is invalid
21:37:10 <WARN> "default" filter: C[Si](C)(C)C#CC1=CC2=c3cc(C#C[Si](C)(C)C)c4nc(C(F)(F)C(F)(F)C(F)(F)F)nc5c(C#C[Si](C)(C)C)cc(c3c54)C3=CC(C#C[Si](C)(C)C)=C4N=C(C(F)(F)C(F)(F)C(F)(F)F)N=C1C4C32 is invalid
21:37:10 <WARN> "default" filter: C[Si](C)(C)C#C[Si](c1c2ccccc2cc2ccccc12)(c1c2ccccc2cc2ccccc12)c1c2ccccc2cc2ccccc12 is invalid
21:37:10 <WARN> "default" filter: C[Si](C)(C)C#Cc1c2c(=O)c3ccccc3c2c(C#C[Si](C)(C)C)c2c(=O)c3ccccc3c12 is invalid
21:37:10 <WARN> "default" filter: C[Si](C)(C)C#Cc1cc2ccc3cc(C#C[Si](C)(C)C)cc4ccc(c1)c2c34 is invalid
21:37:10 <WARN> "default" filter: C[Si](C)(C)C#Cc1ccc(C#C[Si](C)(C)C)c2ccccc12 is invalid
21:37:10 <WARN> "default" filter: C[Si](C)(C)C#Cc1ccc2c3cccc4cccc(c5cccc1c52)c43 is invalid
21:37:10 <WARN> "default" filter: C[Si](C)(C)C#Cc1cccc2ccccc12 is invalid
21:37:10 <WARN> "default" filter: C[Si](C)(C)O[Si]1(O[Si](C)(C)C)n2c3c4ccccc4c2/N=C2\N=C(/N=c4/c5ccccc5/c(n41)=N/C1=N/C(=N\3)c3ccccc31)c1ccccc12 is invalid
21:37:10 <WARN> "default" filter: C[Si](C)(C)[Si](C)(C)c1ccc2cc3ccccc3cc2c1 is invalid
21:37:10 <WARN> "default" filter: C[Si](C)(C)[Si](c1cc2sc([Si]([Si](C)(C)C)([Si](C)(C)C)[Si](C)(C)C)cc2s1)([Si](C)(C)C)[Si](C)(C)C is invalid
21:37:10 <WARN> "default" filter: C[Si](C)(C)[Si](c1cc2sc3cc([Si]([Si](C)(C)C)([Si](C)(C)C)[Si](C)(C)C)sc3c2s1)([Si](C)(C)C)[Si](C)(C)C is invalid
21:37:10 <WARN> "default" filter: C[Si](C)(C)[Si](c1ccc(-c2ccc(-c3ccc(-c4ccc([Si]([Si](C)(C)C)([Si](C)(C)C)[Si](C)(C)C)s4)s3)s2)s1)([Si](C)(C)C)[Si](C)(C)C is invalid
21:37:10 <WARN> "default" filter: C[Si](C)(C)[Si](c1ccc(-c2ccc(-c3ccc([Si]([Si](C)(C)C)([Si](C)(C)C)[Si](C)(C)C)s3)s2)s1)([Si](C)(C)C)[Si](C)(C)C is invalid
21:37:10 <WARN> "default" filter: C[Si](C)(C)[Si](c1ccc(-c2ccc([Si]([Si](C)(C)C)([Si](C)(C)C)[Si](C)(C)C)s2)s1)([Si](C)(C)C)[Si](C)(C)C is invalid
21:37:10 <WARN> "default" filter: C[Si](C)(C)c1cc2c(cc3ccc4cccc5ccc2c3c45)[nH]1 is invalid
21:37:10 <WARN> "default" filter: C[Si](C)(C)c1ccc(-c2ccc(-c3ccc(-c4ccc(-c5ccc([Si](C)(C)C)cc5)cc4)c4nsnc34)cc2)cc1 is invalid
21:37:10 <WARN> "default" filter: C[Si](C)(C)c1ccc(-c2ccc(-c3ccc(-c4ccc(-c5ccc([Si](C)(C)C)cc5)s4)c4nsnc34)s2)cc1 is invalid
21:37:10 <WARN> "default" filter: C[Si](C)(C)c1ccc(-c2ccc(-c3ccc(-c4ccc(-c5ccc([Si](C)(C)C)s5)cc4)c4nsnc34)cc2)s1 is invalid
21:37:10 <WARN> "default" filter: C[Si](C)(C)c1ccc(-c2ccc(-c3ccc(-c4ccc(-c5ccc([Si](C)(C)C)s5)s4)c4nsnc34)s2)s1 is invalid
21:37:10 <WARN> "default" filter: C[Si](C)(C)c1ccc(-c2nc3ccccc3n2-c2ccccc2)cc1 is invalid
21:37:10 <WARN> "default" filter: C[Si](C)(C)c1ccc(-c2nn(-c3ccc(N(c4ccccc4)c4ccccc4)cc3)nc2C(=O)c2ccccc2)cc1 is invalid
21:37:10 <WARN> "default" filter: C[Si](C)(C)c1ccc(C#N)c2ccccc12 is invalid
21:37:10 <WARN> "default" filter: C[Si](C)(C)c1ccc([Si](C)(C)C)c2ccccc12 is invalid
21:37:10 <WARN> "default" filter: C[Si](C)(C)c1ccc2ccc3c([Si](C)(C)C)cc(C=O)c4ccc1c2c43 is invalid
21:37:10 <WARN> "default" filter: C[Si](C)(C)c1ccc2ccc3c([Si](C)(C)C)ccc4ccc1c2c43 is invalid
21:37:10 <WARN> "default" filter: C[Si](C)(C)c1ccc2ccc3cccc4ccc1c2c34 is invalid
21:37:10 <WARN> "default" filter: C[Si](C)(C)c1cccc2c(C#N)cccc12 is invalid
21:37:10 <WARN> "default" filter: C[Si](C)(C)c1cccc2ccccc12 is invalid
21:37:10 <WARN> "default" filter: C[Si](C)(C)c1sc([Si](C)(C)C)c2c1sc1c2sc2sc3sc4c(sc5c([Si](C)(C)C)sc([Si](C)(C)C)c54)c3c21 is invalid
21:37:10 <WARN> "default" filter: C[Si](C)(C)c1sc([Si](C)(C)C)c2c1sc1ccsc12 is invalid
21:37:10 <WARN> "default" filter: C[Si](C)(c1c2ccccc2cc2ccccc12)[Si](C)(C)c1c2ccccc2cc2ccccc12 is invalid
21:37:10 <WARN> "default" filter: C[Si](C)(c1ccc(-c2nc3ccccc3n2-c2ccccc2)cc1)c1ccc(-c2nc3ccccc3n2-c2ccccc2)cc1 is invalid
21:37:10 <WARN> "default" filter: C[Si](C)(c1ccc2cc3ccccc3cc2c1)[Si](C)(C)c1ccc2cc3ccccc3cc2c1 is invalid
21:37:10 <WARN> "default" filter: C[Si](C)(c1cccc2cc3ccccc3cc12)[Si](C)(C)c1cccc2cc3ccccc3cc12 is invalid
21:37:10 <WARN> "default" filter: C[Si](c1ccc(-c2nc3ccccc3n2-c2ccccc2)cc1)(c1ccc(-c2nc3ccccc3n2-c2ccccc2)cc1)c1ccc(-c2nc3ccccc3n2-c2ccccc2)cc1 is invalid
21:37:10 <WARN> "default" filter: C[Si]1(C)C(c2ccccc2)=Cc2ccccc21 is invalid
21:37:10 <WARN> "default" filter: C[Si]1(C)C2=C(c3ccc(N(c4ccccc4)c4ccccc4)cc31)P(=O)(c1ccccc1)c1ccccc12 is invalid
21:37:10 <WARN> "default" filter: C[Si]1(C)C2=C(c3ccccc31)S(=O)(=O)c1cc3c(cc12)S(=O)(=O)C1=C3[Si](C)(C)c2ccccc21 is invalid
21:37:10 <WARN> "default" filter: C[Si]1(C)C2=CC(=[N+]3CCC3)C=C(F)C2=Nc2c(F)cc(N3CCC3)cc21 is invalid
21:37:10 <WARN> "default" filter: C[Si]1(C)O[Si](C)(C)c2cc3c(-c4ccc(F)cc4)c4ccccc4nc3cc21 is invalid
21:37:10 <WARN> "default" filter: C[Si]1(C)O[Si](C)(C)c2cc3c(-c4ccccc4)c4cc(Cl)ccc4nc3cc21 is invalid
21:37:10 <WARN> "default" filter: C[Si]1(C)O[Si](C)(C)c2cc3c(-c4ccccc4)c4cc([N+](=O)[O-])ccc4nc3cc21 is invalid
21:37:10 <WARN> "default" filter: C[Si]1(C)O[Si](C)(C)c2cc3c(-c4ccccc4)c4ccccc4nc3cc21 is invalid
21:37:10 <WARN> "default" filter: C[Si]1(C)O[Si](C)(C)c2cc3c(-c4ccccc4F)c4cc(Cl)ccc4nc3cc21 is invalid
21:37:10 <WARN> "default" filter: C[Si]1(C)O[Si](C)(C)c2cc3cc4c(cc3cc21)C(=O)c1cc2cc3c(cc2cc1C4=O)[Si](C)(C)O[Si]3(C)C is invalid
21:37:10 <WARN> "default" filter: C[Si]1(C)O[Si](C)(C)c2cc3cc4cc5c(cc4cc3cc21)C(=O)c1cc2cc3cc4c(cc3cc2cc1C5=O)[Si](C)(C)O[Si]4(C)C is invalid
21:37:10 <WARN> "default" filter: C[Si]1(C)c2cc(-c3ccc(-c4cccs4)s3)ccc2C=Cc2ccc(-c3ccc(-c4cccs4)s3)cc21 is invalid
21:37:10 <WARN> "default" filter: C[Si]1(C)c2cc(-c3ccc(N(c4ccccc4)c4ccccc4)cc3)ccc2C=Cc2ccc(-c3ccc(N(c4ccccc4)c4ccccc4)cc3)cc21 is invalid
21:37:10 <WARN> "default" filter: C[Si]1(C)c2cc(-c3ccccc3)ccc2C=Cc2ccc(-c3ccccc3)cc21 is invalid
21:37:10 <WARN> "default" filter: C[Si]1(C)c2cc(/C=C(\C#N)C(=O)O)sc2-c2sc(-c3ccc(-c4ccc(N(c5ccccc5)c5ccccc5)cc4)s3)cc21 is invalid
21:37:10 <WARN> "default" filter: C[Si]1(C)c2cc3c(cc2-c2sc4ccccc4c21)[Si](C)(C)c1c-3sc2ccccc12 is invalid
21:37:10 <WARN> "default" filter: C[Si]1(C)c2cc3c(cc2C(c2ccccc2C(=O)O)=c2cc4c(cc21)=[NH+]CCC4)CCCN3 is invalid
21:37:10 <WARN> "default" filter: C[Si]1(C)c2ccc(-c3ccc(-c4cccs4)s3)cc2C=Cc2cc(-c3ccc(-c4cccs4)s3)ccc21 is invalid
21:37:10 <WARN> "default" filter: C[Si]1(C)c2ccc(-c3ccc(N(c4ccccc4)c4ccccc4)cc3)cc2C=Cc2cc(-c3ccc(N(c4ccccc4)c4ccccc4)cc3)ccc21 is invalid
21:37:10 <WARN> "default" filter: C[Si]1(C)c2ccc(-c3ccccc3)cc2C=Cc2cc(-c3ccccc3)ccc21 is invalid
21:37:10 <WARN> "default" filter: C[Si]1(C)c2ccc(-c3cccs3)cc2C=Cc2cc(-c3cccs3)ccc21 is invalid
21:37:10 <WARN> "default" filter: C[Si]1(C)c2ccc(C#Cc3ccccc3)cc2C=Cc2cc(C#Cc3ccccc3)ccc21 is invalid
21:37:10 <WARN> "default" filter: C[Si]1(C)c2ccccc2-c2[se]c3cc4c5c([se]c4cc3c21)-c1ccccc1[Si]5(C)C is invalid
21:37:10 <WARN> "default" filter: C[Si]1(C)c2ccccc2-c2cc3c(cc21)-c1ccccc1[Si]3(C)C is invalid
21:37:10 <WARN> "default" filter: C[Si]1(C)c2ccccc2-c2ccccc21 is invalid
21:37:10 <WARN> "default" filter: C[Si]1(C)c2ccccc2-c2sc3cc4c5c(sc4cc3c21)-c1ccccc1[Si]5(C)C is invalid
21:37:10 <WARN> "default" filter: C[Si]1(c2ccccc2)C(c2ccc(-n3c4ccccc4c4ccccc43)cc2)=C(c2ccccc2)C(c2ccccc2)=C1c1ccc(-n2c3ccccc3c3ccccc32)cc1 is invalid
21:37:10 <WARN> "default" filter: C[Si]1(c2ccccc2)C(c2ccc3c(c2)c2ccccc2n3-c2ccccc2)=C(c2ccccc2)C(c2ccccc2)=C1c1ccc2c(c1)c1ccccc1n2-c1ccccc1 is invalid
21:37:10 <WARN> "default" filter: C[Si]1(c2ccccc2)C(c2ccc3c4ccccc4n(-c4ccccc4)c3c2)=C(c2ccccc2)C(c2ccccc2)=C1c1ccc2c3ccccc3n(-c3ccccc3)c2c1 is invalid
21:37:10 <WARN> "default" filter: Cc1c(C)c(-c2ccc(-c3cccnc3)cc2)c(C)c(C)c1B(c1c(C)c(C)c(-c2ccc(-c3cccnc3)cc2)c(C)c1C)c1c(C)c(C)c(-c2ccc(-c3cccnc3)cc2)c(C)c1C is invalid
21:37:10 <WARN> "default" filter: Cc1c(C)c(-c2cccnc2)c(C)c(C)c1B(c1c(C)c(C)c(-c2cccnc2)c(C)c1C)c1c(C)c(C)c(-c2cccnc2)c(C)c1C is invalid
21:37:10 <WARN> "default" filter: Cc1c(C)c(B(c2c(C)c(C)c(C#N)c(C)c2C)c2c(C)c(C)c(N3c4ccccc4Oc4ccccc43)c(C)c2C)c(C)c(C)c1C#N is invalid
21:37:10 <WARN> "default" filter: Cc1c(C)c(B(c2c(C)c(C)c(N3c4ccccc4Oc4ccccc43)c(C)c2C)c2c(C)c(C)c(N3c4ccccc4Oc4ccccc43)c(C)c2C)c(C)c(C)c1C#N is invalid
21:37:10 <WARN> "default" filter: Cc1c(C)c(N2c3ccccc3Oc3ccccc32)c(C)c(C)c1B(c1c(C)c(C)c(N2c3ccccc3Oc3ccccc32)c(C)c1C)c1c(C)c(C)c(N2c3ccccc3Oc3ccccc32)c(C)c1C is invalid
21:37:10 <WARN> "default" filter: Cc1c(C)n2c(CNC(=O)CI)c(C)c(=O)n2c1=O is invalid
21:37:10 <WARN> "default" filter: Cc1c(C)n2c(COC(=O)c3ccccc3I)c(C)c(=O)n2c1=O is invalid
21:37:10 <WARN> "default" filter: Cc1c(C2=[N+]3C(=Cc4c(C)c5ccccc5n4[B-]3(F)F)c3ccccc32)[nH]c2ccccc12 is invalid
21:37:10 <WARN> "default" filter: Cc1c(COC(=O)c2ccc(I)cc2)n2c(OCC(=O)c3ccc(I)cc3)c(C)c(=O)n2c1=O is invalid
21:37:10 <WARN> "default" filter: Cc1c(NC(=O)CI)c(=O)oc2cc(N(C)C)ccc12 is invalid
21:37:10 <WARN> "default" filter: Cc1c2cc3c(-c4ccccc4)c4c(c(-c5ccccc5)c3cc2c2n1[B-](F)(F)[n+]1c(C)c3cc5c(-c6ccccc6)c6c7cccc8cccc(c6c(-c6ccccc6)c5cc3c1=C2c1ccccc1)c87)-c1cccc2cccc-4c12 is invalid
21:37:10 <WARN> "default" filter: Cc1c2ccccc2c(C2=C3C=CC=[N+]3[B-](F)(F)n3cccc32)c2ccccc12 is invalid
21:37:10 <WARN> "default" filter: Cc1cc(-c2nc(-c3ccccc3)nc(-c3ccccc3)n2)ccc1N1c2ccccc2[Si](c2ccccc2)(c2ccccc2)c2ccccc21 is invalid
21:37:10 <WARN> "default" filter: Cc1cc(/C=C/C#Cc2ccccc2)n2c1C=C1C=CC=[N+]1[B-]2(F)F is invalid
21:37:10 <WARN> "default" filter: Cc1cc(/C=C/C2=CCCCC2)n2c1C=C1C=CC=[N+]1[B-]2(F)F is invalid
21:37:10 <WARN> "default" filter: Cc1cc(/C=C/C=C(c2ccccc2)c2ccccc2)n2c1C=C1C=CC=[N+]1[B-]2(F)F is invalid
21:37:10 <WARN> "default" filter: Cc1cc(/C=C/C=C/c2ccccc2)n2c1C=C1C=CC=[N+]1[B-]2(F)F is invalid
21:37:10 <WARN> "default" filter: Cc1cc(/C=C/C=C/c2ccco2)n2c1C=C1C=CC=[N+]1[B-]2(F)F is invalid
21:37:10 <WARN> "default" filter: Cc1cc(/C=C/OC(C)(C)C)n2c1C=C1C=CC=[N+]1[B-]2(F)F is invalid
21:37:10 <WARN> "default" filter: Cc1cc(/C=C/[C@@H](C)c2ccccc2)n2c1C=C1C=CC=[N+]1[B-]2(F)F is invalid
21:37:10 <WARN> "default" filter: Cc1cc(/C=C/c2[nH]cnc2C)n2c1C=C1C=CC=[N+]1[B-]2(F)F is invalid
21:37:10 <WARN> "default" filter: Cc1cc(/C=C/c2c(Br)ccc3c2OCO3)n2c1C=C1C=CC=[N+]1[B-]2(F)F is invalid
21:37:10 <WARN> "default" filter: Cc1cc(/C=C/c2c(C)[nH]c3ccccc23)n2c1C=C1C=CC=[N+]1[B-]2(F)F is invalid
21:37:10 <WARN> "default" filter: Cc1cc(/C=C/c2c(C)c(C)c(C)c(C)c2C)n2c1C=C1C=CC=[N+]1[B-]2(F)F is invalid
21:37:10 <WARN> "default" filter: Cc1cc(/C=C/c2c(C)nn(C)c2C)n2c1C=C1C=CC=[N+]1[B-]2(F)F is invalid
21:37:10 <WARN> "default" filter: Cc1cc(/C=C/c2c(F)ccc(F)c2Cl)n2c1C=C1C=CC=[N+]1[B-]2(F)F is invalid
21:37:10 <WARN> "default" filter: Cc1cc(/C=C/c2c(F)cccc2Cl)n2c1C=C1C=CC=[N+]1[B-]2(F)F is invalid
21:37:10 <WARN> "default" filter: Cc1cc(/C=C/c2c3ccccc3c(C)c3ccccc23)n2c1C=C1C=CC=[N+]1[B-]2(F)F is invalid
21:37:10 <WARN> "default" filter: Cc1cc(/C=C/c2c3ccccc3cc3ccccc23)n2c1C=C1C=CC=[N+]1[B-]2(F)F is invalid
21:37:10 <WARN> "default" filter: Cc1cc(/C=C/c2c[nH]c3ccc(Br)cc23)n2c1C=C1C=CC=[N+]1[B-]2(F)F is invalid
21:37:10 <WARN> "default" filter: Cc1cc(/C=C/c2c[nH]c3ccccc23)n2c1C=C1C=CC=[N+]1[B-]2(F)F is invalid
21:37:10 <WARN> "default" filter: Cc1cc(/C=C/c2cc(Br)cc(Br)c2)n2c1C=C1C=CC=[N+]1[B-]2(F)F is invalid
21:37:10 <WARN> "default" filter: Cc1cc(/C=C/c2cc(Br)cc3c2OCO3)n2c1C=C1C=CC=[N+]1[B-]2(F)F is invalid
21:37:10 <WARN> "default" filter: Cc1cc(/C=C/c2cc(Br)ccc2O)n2c1C=C1C=CC=[N+]1[B-]2(F)F is invalid
21:37:10 <WARN> "default" filter: Cc1cc(/C=C/c2cc(Br)cs2)n2c1C=C1C=CC=[N+]1[B-]2(F)F is invalid
21:37:10 <WARN> "default" filter: Cc1cc(/C=C/c2cc(C(C)(C)C)cc(C(C)(C)C)c2O)n2c1C=C1C=CC=[N+]1[B-]2(F)F is invalid
21:37:10 <WARN> "default" filter: Cc1cc(/C=C/c2cc(C(C)(C)C)cc(C=O)c2O)n2c1C=C1C=CC=[N+]1[B-]2(F)F is invalid
21:37:10 <WARN> "default" filter: Cc1cc(/C=C/c2cc(C(C)(C)C)ccc2O)n2c1C=C1C=CC=[N+]1[B-]2(F)F is invalid
21:37:10 <WARN> "default" filter: Cc1cc(/C=C/c2cc(C(F)(F)F)cc(Cl)c2F)n2c1C=C1C=CC=[N+]1[B-]2(F)F is invalid
21:37:10 <WARN> "default" filter: Cc1cc(/C=C/c2cc(C(F)(F)F)ccc2F)n2c1C=C1C=CC=[N+]1[B-]2(F)F is invalid
21:37:10 <WARN> "default" filter: Cc1cc(/C=C/c2cc(C)c3n2[B-](F)(F)[N+]2=CC=CC2=C3)cc(C)c1Oc1ccccc1 is invalid
21:37:10 <WARN> "default" filter: Cc1cc(/C=C/c2cc(C)c3n2[B-](F)(F)[N+]2=CC=CC2=C3)ccc1O is invalid
21:37:10 <WARN> "default" filter: Cc1cc(/C=C/c2cc(C)c3n2[B-](F)(F)[N+]2=CC=CC2=C3)sc1C is invalid
21:37:10 <WARN> "default" filter: Cc1cc(/C=C/c2cc(Cl)cc(Br)c2O)n2c1C=C1C=CC=[N+]1[B-]2(F)F is invalid
21:37:10 <WARN> "default" filter: Cc1cc(/C=C/c2cc(Cl)cc(Cl)c2)n2c1C=C1C=CC=[N+]1[B-]2(F)F is invalid
21:37:10 <WARN> "default" filter: Cc1cc(/C=C/c2cc(Cl)cc(Cl)c2Cl)n2c1C=C1C=CC=[N+]1[B-]2(F)F is invalid
21:37:10 <WARN> "default" filter: Cc1cc(/C=C/c2cc(Cl)cc(Cl)c2O)n2c1C=C1C=CC=[N+]1[B-]2(F)F is invalid
21:37:10 <WARN> "default" filter: Cc1cc(/C=C/c2cc(Cl)ccc2Cl)n2c1C=C1C=CC=[N+]1[B-]2(F)F is invalid
21:37:10 <WARN> "default" filter: Cc1cc(/C=C/c2cc(Cl)ccc2O)n2c1C=C1C=CC=[N+]1[B-]2(F)F is invalid
21:37:10 <WARN> "default" filter: Cc1cc(/C=C/c2cc(F)c(F)cc2F)n2c1C=C1C=CC=[N+]1[B-]2(F)F is invalid
21:37:10 <WARN> "default" filter: Cc1cc(/C=C/c2cc(F)cc(C(F)(F)F)c2)n2c1C=C1C=CC=[N+]1[B-]2(F)F is invalid
21:37:10 <WARN> "default" filter: Cc1cc(/C=C/c2cc(F)ccc2Br)n2c1C=C1C=CC=[N+]1[B-]2(F)F is invalid
21:37:10 <WARN> "default" filter: Cc1cc(/C=C/c2cc(F)ccc2F)n2c1C=C1C=CC=[N+]1[B-]2(F)F is invalid
21:37:10 <WARN> "default" filter: Cc1cc(/C=C/c2cc(F)ccc2O)n2c1C=C1C=CC=[N+]1[B-]2(F)F is invalid
21:37:10 <WARN> "default" filter: Cc1cc(/C=C/c2cc(I)cc(I)c2O)n2c1C=C1C=CC=[N+]1[B-]2(F)F is invalid
21:37:10 <WARN> "default" filter: Cc1cc(/C=C/c2cc(I)ccc2F)n2c1C=C1C=CC=[N+]1[B-]2(F)F is invalid
21:37:10 <WARN> "default" filter: Cc1cc(/C=C/c2cc(O)cc(O)c2)n2c1C=C1C=CC=[N+]1[B-]2(F)F is invalid
21:37:10 <WARN> "default" filter: Cc1cc(/C=C/c2cc(O)ccc2O)n2c1C=C1C=CC=[N+]1[B-]2(F)F is invalid
21:37:10 <WARN> "default" filter: Cc1cc(/C=C/c2cc(OC(F)(F)F)ccc2O)n2c1C=C1C=CC=[N+]1[B-]2(F)F is invalid
21:37:10 <WARN> "default" filter: Cc1cc(/C=C/c2cc(OCc3ccccc3)cc(OCc3ccccc3)c2)n2c1C=C1C=CC=[N+]1[B-]2(F)F is invalid
21:37:10 <WARN> "default" filter: Cc1cc(/C=C/c2cc([N+](=O)[O-])ccc2F)n2c1C=C1C=CC=[N+]1[B-]2(F)F is invalid
21:37:10 <WARN> "default" filter: Cc1cc(/C=C/c2cc([N+](=O)[O-])ccc2O)n2c1C=C1C=CC=[N+]1[B-]2(F)F is invalid
21:37:10 <WARN> "default" filter: Cc1cc(/C=C/c2cc3ccccc3c3ccccc23)n2c1C=C1C=CC=[N+]1[B-]2(F)F is invalid
21:37:10 <WARN> "default" filter: Cc1cc(/C=C/c2cc3ccccc3nc2Cl)n2c1C=C1C=CC=[N+]1[B-]2(F)F is invalid
21:37:10 <WARN> "default" filter: Cc1cc(/C=C/c2ccc(-c3ccccc3)s2)n2c1C=C1C=CC=[N+]1[B-]2(F)F is invalid
21:37:10 <WARN> "default" filter: Cc1cc(/C=C/c2ccc(-c3ccccn3)cc2)n2c1C=C1C=CC=[N+]1[B-]2(F)F is invalid
21:37:10 <WARN> "default" filter: Cc1cc(/C=C/c2ccc(-n3ccnc3)cc2)n2c1C=C1C=CC=[N+]1[B-]2(F)F is invalid
21:37:10 <WARN> "default" filter: Cc1cc(/C=C/c2ccc(/C=C/c3ccccc3)cc2)n2c1C=C1C=CC=[N+]1[B-]2(F)F is invalid
21:37:10 <WARN> "default" filter: Cc1cc(/C=C/c2ccc(B(O)O)cc2)n2c1C=C1C=CC=[N+]1[B-]2(F)F is invalid
21:37:10 <WARN> "default" filter: Cc1cc(/C=C/c2ccc(Br)cc2)n2c1C=C1C=CC=[N+]1[B-]2(F)F is invalid
21:37:10 <WARN> "default" filter: Cc1cc(/C=C/c2ccc(Br)cc2F)n2c1C=C1C=CC=[N+]1[B-]2(F)F is invalid
21:37:10 <WARN> "default" filter: Cc1cc(/C=C/c2ccc(Br)o2)n2c1C=C1C=CC=[N+]1[B-]2(F)F is invalid
21:37:10 <WARN> "default" filter: Cc1cc(/C=C/c2ccc(Br)s2)n2c1C=C1C=CC=[N+]1[B-]2(F)F is invalid
21:37:10 <WARN> "default" filter: Cc1cc(/C=C/c2ccc(C#N)cc2)n2c1C=C1C=CC=[N+]1[B-]2(F)F is invalid
21:37:10 <WARN> "default" filter: Cc1cc(/C=C/c2ccc(C(=O)O)cc2O)n2c1C=C1C=CC=[N+]1[B-]2(F)F is invalid
21:37:10 <WARN> "default" filter: Cc1cc(/C=C/c2ccc(C(C)(C)C)cc2)n2c1C=C1C=CC=[N+]1[B-]2(F)F is invalid
21:37:10 <WARN> "default" filter: Cc1cc(/C=C/c2ccc(C(C)C)cc2)n2c1C=C1C=CC=[N+]1[B-]2(F)F is invalid
21:37:10 <WARN> "default" filter: Cc1cc(/C=C/c2ccc(C(F)(F)F)cc2)n2c1C=C1C=CC=[N+]1[B-]2(F)F is invalid
21:37:10 <WARN> "default" filter: Cc1cc(/C=C/c2ccc(C(F)(F)F)cc2C(F)(F)F)n2c1C=C1C=CC=[N+]1[B-]2(F)F is invalid
21:37:10 <WARN> "default" filter: Cc1cc(/C=C/c2ccc(C(F)(F)F)cc2F)n2c1C=C1C=CC=[N+]1[B-]2(F)F is invalid
21:37:10 <WARN> "default" filter: Cc1cc(/C=C/c2ccc(C=O)cc2)n2c1C=C1C=CC=[N+]1[B-]2(F)F is invalid
21:37:10 <WARN> "default" filter: Cc1cc(/C=C/c2ccc(C=O)s2)n2c1C=C1C=CC=[N+]1[B-]2(F)F is invalid
21:37:10 <WARN> "default" filter: Cc1cc(/C=C/c2ccc(CO)o2)n2c1C=C1C=CC=[N+]1[B-]2(F)F is invalid
21:37:10 <WARN> "default" filter: Cc1cc(/C=C/c2ccc(Cl)c(Cl)c2)n2c1C=C1C=CC=[N+]1[B-]2(F)F is invalid
21:37:10 <WARN> "default" filter: Cc1cc(/C=C/c2ccc(Cl)c(F)c2)n2c1C=C1C=CC=[N+]1[B-]2(F)F is invalid
21:37:10 <WARN> "default" filter: Cc1cc(/C=C/c2ccc(Cl)cc2)n2c1C=C1C=CC=[N+]1[B-]2(F)F is invalid
21:37:10 <WARN> "default" filter: Cc1cc(/C=C/c2ccc(Cl)cc2Cl)n2c1C=C1C=CC=[N+]1[B-]2(F)F is invalid
21:37:10 <WARN> "default" filter: Cc1cc(/C=C/c2ccc(F)c(Br)c2)n2c1C=C1C=CC=[N+]1[B-]2(F)F is invalid
21:37:10 <WARN> "default" filter: Cc1cc(/C=C/c2ccc(F)c(Cl)c2)n2c1C=C1C=CC=[N+]1[B-]2(F)F is invalid
21:37:10 <WARN> "default" filter: Cc1cc(/C=C/c2ccc(F)cc2Cl)n2c1C=C1C=CC=[N+]1[B-]2(F)F is invalid
21:37:10 <WARN> "default" filter: Cc1cc(/C=C/c2ccc(I)cc2)n2c1C=C1C=CC=[N+]1[B-]2(F)F is invalid
21:37:10 <WARN> "default" filter: Cc1cc(/C=C/c2ccc(I)o2)n2c1C=C1C=CC=[N+]1[B-]2(F)F is invalid
21:37:10 <WARN> "default" filter: Cc1cc(/C=C/c2ccc(N3CCCC3)c([N+](=O)[O-])c2)n2c1C=C1C=CC=[N+]1[B-]2(F)F is invalid
21:37:10 <WARN> "default" filter: Cc1cc(/C=C/c2ccc(N3CCCCC3)c([N+](=O)[O-])c2)n2c1C=C1C=CC=[N+]1[B-]2(F)F is invalid
21:37:10 <WARN> "default" filter: Cc1cc(/C=C/c2ccc(O)c(Br)c2)n2c1C=C1C=CC=[N+]1[B-]2(F)F is invalid
21:37:10 <WARN> "default" filter: Cc1cc(/C=C/c2ccc(O)c(O)c2O)n2c1C=C1C=CC=[N+]1[B-]2(F)F is invalid
21:37:10 <WARN> "default" filter: Cc1cc(/C=C/c2ccc(O)c([N+](=O)[O-])c2)n2c1C=C1C=CC=[N+]1[B-]2(F)F is invalid
21:37:10 <WARN> "default" filter: Cc1cc(/C=C/c2ccc(O)cc2)n2c1C=C1C=CC=[N+]1[B-]2(F)F is invalid
21:37:10 <WARN> "default" filter: Cc1cc(/C=C/c2ccc(O)cc2Cl)n2c1C=C1C=CC=[N+]1[B-]2(F)F is invalid
21:37:10 <WARN> "default" filter: Cc1cc(/C=C/c2ccc(OC(=O)OC(C)(C)C)cc2)n2c1C=C1C=CC=[N+]1[B-]2(F)F is invalid
21:37:10 <WARN> "default" filter: Cc1cc(/C=C/c2ccc(OC(F)(F)F)cc2)n2c1C=C1C=CC=[N+]1[B-]2(F)F is invalid
21:37:10 <WARN> "default" filter: Cc1cc(/C=C/c2ccc(OC(F)F)cc2)n2c1C=C1C=CC=[N+]1[B-]2(F)F is invalid
21:37:10 <WARN> "default" filter: Cc1cc(/C=C/c2ccc(OCCCN(C)C)cc2)n2c1C=C1C=CC=[N+]1[B-]2(F)F is invalid
21:37:10 <WARN> "default" filter: Cc1cc(/C=C/c2ccc(OCc3ccccc3)c(OCc3ccccc3)c2)n2c1C=C1C=CC=[N+]1[B-]2(F)F is invalid
21:37:10 <WARN> "default" filter: Cc1cc(/C=C/c2ccc(Oc3ccc(C=O)cc3)cc2)n2c1C=C1C=CC=[N+]1[B-]2(F)F is invalid
21:37:10 <WARN> "default" filter: Cc1cc(/C=C/c2ccc(Oc3ccc(Cl)cc3)cc2)n2c1C=C1C=CC=[N+]1[B-]2(F)F is invalid
21:37:10 <WARN> "default" filter: Cc1cc(/C=C/c2ccc(Oc3ccc(F)cc3)cc2)n2c1C=C1C=CC=[N+]1[B-]2(F)F is invalid
21:37:10 <WARN> "default" filter: Cc1cc(/C=C/c2ccc(Oc3cccc(Cl)c3)cc2)n2c1C=C1C=CC=[N+]1[B-]2(F)F is invalid
21:37:10 <WARN> "default" filter: Cc1cc(/C=C/c2ccc(Oc3ccccc3)cc2)n2c1C=C1C=CC=[N+]1[B-]2(F)F is invalid
21:37:10 <WARN> "default" filter: Cc1cc(/C=C/c2ccc(S(C)(=O)=O)cc2)n2c1C=C1C=CC=[N+]1[B-]2(F)F is invalid
21:37:10 <WARN> "default" filter: Cc1cc(/C=C/c2ccc(SC(F)(F)F)cc2)n2c1C=C1C=CC=[N+]1[B-]2(F)F is invalid
21:37:10 <WARN> "default" filter: Cc1cc(/C=C/c2ccc([N+](=O)[O-])c(O)c2)n2c1C=C1C=CC=[N+]1[B-]2(F)F is invalid
21:37:10 <WARN> "default" filter: Cc1cc(/C=C/c2ccc3c4c(cccc24)CC3)n2c1C=C1C=CC=[N+]1[B-]2(F)F is invalid
21:37:10 <WARN> "default" filter: Cc1cc(/C=C/c2ccc3ccccc3c2)n2c1C=C1C=CC=[N+]1[B-]2(F)F is invalid
21:37:10 <WARN> "default" filter: Cc1cc(/C=C/c2ccc3ccccc3n2)n2c1C=C1C=CC=[N+]1[B-]2(F)F is invalid
21:37:10 <WARN> "default" filter: Cc1cc(/C=C/c2ccc[nH]2)n2c1C=C1C=CC=[N+]1[B-]2(F)F is invalid
21:37:10 <WARN> "default" filter: Cc1cc(/C=C/c2cccc(B(O)O)c2)n2c1C=C1C=CC=[N+]1[B-]2(F)F is invalid
21:37:10 <WARN> "default" filter: Cc1cc(/C=C/c2cccc(Br)c2)n2c1C=C1C=CC=[N+]1[B-]2(F)F is invalid
21:37:10 <WARN> "default" filter: Cc1cc(/C=C/c2cccc(Br)c2O)n2c1C=C1C=CC=[N+]1[B-]2(F)F is invalid
21:37:10 <WARN> "default" filter: Cc1cc(/C=C/c2cccc(C#N)c2)n2c1C=C1C=CC=[N+]1[B-]2(F)F is invalid
21:37:10 <WARN> "default" filter: Cc1cc(/C=C/c2cccc(C(=O)O)c2)n2c1C=C1C=CC=[N+]1[B-]2(F)F is invalid
21:37:10 <WARN> "default" filter: Cc1cc(/C=C/c2cccc(C(C)(C)C)c2O)n2c1C=C1C=CC=[N+]1[B-]2(F)F is invalid
21:37:10 <WARN> "default" filter: Cc1cc(/C=C/c2cccc(C=O)c2)n2c1C=C1C=CC=[N+]1[B-]2(F)F is invalid
21:37:10 <WARN> "default" filter: Cc1cc(/C=C/c2cccc(Cl)c2Cl)n2c1C=C1C=CC=[N+]1[B-]2(F)F is invalid
21:37:10 <WARN> "default" filter: Cc1cc(/C=C/c2cccc(Cl)c2O)n2c1C=C1C=CC=[N+]1[B-]2(F)F is invalid
21:37:10 <WARN> "default" filter: Cc1cc(/C=C/c2cccc(I)c2)n2c1C=C1C=CC=[N+]1[B-]2(F)F is invalid
21:37:10 <WARN> "default" filter: Cc1cc(/C=C/c2cccc(O)c2)n2c1C=C1C=CC=[N+]1[B-]2(F)F is invalid
21:37:10 <WARN> "default" filter: Cc1cc(/C=C/c2cccc(O)c2Cl)n2c1C=C1C=CC=[N+]1[B-]2(F)F is invalid
21:37:10 <WARN> "default" filter: Cc1cc(/C=C/c2cccc(O)c2O)n2c1C=C1C=CC=[N+]1[B-]2(F)F is invalid
21:37:10 <WARN> "default" filter: Cc1cc(/C=C/c2cccc(OC(F)(F)C(F)F)c2)n2c1C=C1C=CC=[N+]1[B-]2(F)F is invalid
21:37:10 <WARN> "default" filter: Cc1cc(/C=C/c2cccc([N+](=O)[O-])c2O)n2c1C=C1C=CC=[N+]1[B-]2(F)F is invalid
21:37:10 <WARN> "default" filter: Cc1cc(/C=C/c2cccc3c2OCO3)n2c1C=C1C=CC=[N+]1[B-]2(F)F is invalid
21:37:10 <WARN> "default" filter: Cc1cc(/C=C/c2ccccc2)n2c1C=C1C=CC=[N+]1[B-]2(F)F is invalid
21:37:10 <WARN> "default" filter: Cc1cc(/C=C/c2ccccc2-c2ccccc2)n2c1C=C1C=CC=[N+]1[B-]2(F)F is invalid
21:37:10 <WARN> "default" filter: Cc1cc(/C=C/c2ccccc2B(O)O)n2c1C=C1C=CC=[N+]1[B-]2(F)F is invalid
21:37:10 <WARN> "default" filter: Cc1cc(/C=C/c2ccccc2C(=O)O)n2c1C=C1C=CC=[N+]1[B-]2(F)F is invalid
21:37:10 <WARN> "default" filter: Cc1cc(/C=C/c2ccccc2Cl)n2c1C=C1C=CC=[N+]1[B-]2(F)F is invalid
21:37:10 <WARN> "default" filter: Cc1cc(/C=C/c2ccccc2O)n2c1C=C1C=CC=[N+]1[B-]2(F)F is invalid
21:37:10 <WARN> "default" filter: Cc1cc(/C=C/c2ccccc2OC(F)(F)F)n2c1C=C1C=CC=[N+]1[B-]2(F)F is invalid
21:37:10 <WARN> "default" filter: Cc1cc(/C=C/c2ccccc2OC(F)F)n2c1C=C1C=CC=[N+]1[B-]2(F)F is invalid
21:37:10 <WARN> "default" filter: Cc1cc(/C=C/c2ccccc2OCC(=O)O)n2c1C=C1C=CC=[N+]1[B-]2(F)F is invalid
21:37:10 <WARN> "default" filter: Cc1cc(/C=C/c2ccccc2OCc2ccccc2)n2c1C=C1C=CC=[N+]1[B-]2(F)F is invalid
21:37:10 <WARN> "default" filter: Cc1cc(/C=C/c2ccccc2Oc2ccc(F)cc2)n2c1C=C1C=CC=[N+]1[B-]2(F)F is invalid
21:37:10 <WARN> "default" filter: Cc1cc(/C=C/c2ccccc2P(c2ccccc2)c2ccccc2)n2c1C=C1C=CC=[N+]1[B-]2(F)F is invalid
21:37:10 <WARN> "default" filter: Cc1cc(/C=C/c2ccco2)n2c1C=C1C=CC=[N+]1[B-]2(F)F is invalid
21:37:10 <WARN> "default" filter: Cc1cc(/C=C/c2cccs2)n2c1C=C1C=CC=[N+]1[B-]2(F)F is invalid
21:37:10 <WARN> "default" filter: Cc1cc(/C=C/c2ccoc2)n2c1C=C1C=CC=[N+]1[B-]2(F)F is invalid
21:37:10 <WARN> "default" filter: Cc1cc(/C=C/c2ccsc2)n2c1C=C1C=CC=[N+]1[B-]2(F)F is invalid
21:37:10 <WARN> "default" filter: Cc1cc(/C=C/c2ccsc2C=O)n2c1C=C1C=CC=[N+]1[B-]2(F)F is invalid
21:37:10 <WARN> "default" filter: Cc1cc(/C=C/c2cnc[nH]2)n2c1C=C1C=CC=[N+]1[B-]2(F)F is invalid
21:37:10 <WARN> "default" filter: Cc1cc(/C=C/c2csc3ccccc23)n2c1C=C1C=CC=[N+]1[B-]2(F)F is invalid
21:37:10 <WARN> "default" filter: Cc1cc(/C=C/c2ncc[nH]2)n2c1C=C1C=CC=[N+]1[B-]2(F)F is invalid
21:37:10 <WARN> "default" filter: Cc1cc(/C=C/c2nccn2C)n2c1C=C1C=CC=[N+]1[B-]2(F)F is invalid
21:37:10 <WARN> "default" filter: Cc1cc(/N=C/c2cc(S(=O)(=O)O[Na])ccc2O)c(/N=C/c2cc(S(=O)(=O)O[Na])ccc2O)cc1C is invalid
21:37:10 <WARN> "default" filter: Cc1cc(=O)oc2cc(Oc3ccc4c(c3)-c3nc-4nc4[nH]c(nc5nc(nc6[nH]c(n3)c3ccc(Oc7ccc8c(C)cc(=O)oc8c7)cc63)-c3cc(Oc6ccc7c(C)cc(=O)oc7c6)ccc3-5)c3cc(Oc5ccc6c(C)cc(=O)oc6c5)ccc43)ccc12 is invalid
21:37:10 <WARN> "default" filter: Cc1cc(C)c(-c2cc3c(s2)-c2sc(-c4c(C)cc(C)cc4C)cc2P(c2ccccc2)(c2ccccc2)=[O+][B-]3(c2c(C)cc(C)cc2C)c2c(C)cc(C)cc2C)c(C)c1 is invalid
21:37:10 <WARN> "default" filter: Cc1cc(C)c(/C2=C3\C=CC(=N3)/C(C#Cc3c(F)c(F)c(C(=O)O)c(F)c3F)=c3/cc/c4n3[Zn]n3c2ccc3/C(N(c2ccc(C(C)(C)C)cc2)c2ccc(C(C)(C)C)cc2)=C2/C=CC(=N2)/C=4c2c(C)cc(C)cc2C)c(C)c1 is invalid
21:37:10 <WARN> "default" filter: Cc1cc(C)c(/C2=C3\C=CC(=N3)/C(C#Cc3ccc(C(=O)O)cc3)=c3/cc/c4n3[Zn]n3c2ccc3/C(N(c2ccc(C(C)(C)C)cc2)c2ccc(C(C)(C)C)cc2)=C2/C=CC(=N2)/C=4c2c(C)cc(C)cc2C)c(C)c1 is invalid
21:37:10 <WARN> "default" filter: Cc1cc(C)c(/C2=C3\C=CC(=N3)/C(c3c(C)cc(C)cc3C)=c3/cc/c4n3[Zn]n3c(ccc32)/C(c2ccc(-c3ccc(C(=O)O)cc3)cc2)=C2/C=CC(=N2)/C=4c2c(C)cc(C)cc2C)c(C)c1 is invalid
21:37:11 <WARN> "default" filter: Cc1cc(C)c(/C2=C3\C=CC(=N3)/C(c3c(C)cc(C)cc3C)=c3/cc/c4n3[Zn]n3c(ccc32)/C(c2ccc(/C=C/c3sc(/C=C/c5sc(/C=C(\C#N)C(=O)O)c6c5OCCO6)c5c3OCCO5)cc2)=C2/C=CC(=N2)/C=4c2c(C)cc(C)cc2C)c(C)c1 is invalid
21:37:11 <WARN> "default" filter: Cc1cc(C)c(/C2=C3\C=CC(=N3)/C(c3c(C)cc(C)cc3C)=c3/cc/c4n3[Zn]n3c(ccc32)/C(c2ccc(C(=O)O)cc2)=C2/C=CC(=N2)/C=4c2c(C)cc(C)cc2C)c(C)c1 is invalid
21:37:11 <WARN> "default" filter: Cc1cc(C)c(/C2=C3\C=CC(=N3)/C(c3c(C)cc(C)cc3C)=c3/cc/c4n3[Zn]n3c2c2cc5nc(C#N)c(C(=O)O)nc5cc2c3/C(c2c(C)cc(C)cc2C)=C2/C=CC(=N2)/C=4c2c(C)cc(C)cc2C)c(C)c1 is invalid
21:37:11 <WARN> "default" filter: Cc1cc(C)c(/C2=C3\C=CC(=N3)/C(c3c(C)cc(C)cc3C)=c3/cc/c4n3[Zn]n3c2c2cc5ncc(C(=O)O)nc5cc2c3/C(c2c(C)cc(C)cc2C)=C2/C=CC(=N2)/C=4c2c(C)cc(C)cc2C)c(C)c1 is invalid
21:37:11 <WARN> "default" filter: Cc1cc(C)c(/C2=C3\C=CC(=N3)/C(c3c(C)cc(C)cc3C)=c3/cc/c4n3[Zn]n3c2ccc3/C(c2c(C)cc(C)cc2C)=C2\N=C(/C=4c3c(C)cc(C)cc3C)c3nc4cc(C(=O)O)c(C(=O)O)cc4nc32)c(C)c1 is invalid
21:37:11 <WARN> "default" filter: Cc1cc(C)c(/C2=C3\C=CC(=N3)/C(c3c(C)cc(C)cc3C)=c3/cc/c4n3[Zn]n3c2ccc3/C(c2c(C)cc(C)cc2C)=C2\N=C(/C=4c3c(C)cc(C)cc3C)c3nc4ccc(C(=O)O)cc4nc32)c(C)c1 is invalid
21:37:11 <WARN> "default" filter: Cc1cc(C)c(/C2=C3\C=CC(=N3)/C(c3c(C)cc(C)cc3C)=c3/cc/c4n3[Zn]n3c2ccc3/C(c2c(C)cc(C)cc2C)=C2\N=C(C=C2/C=C(/C#N)C(=O)O)/C=4c2ccc(C(C)(C)C)cc2)c(C)c1 is invalid
21:37:11 <WARN> "default" filter: Cc1cc(C)c(/C2=C3\C=CC(=N3)/C(c3c(C)cc(C)cc3C)=c3/cc/c4n3[Zn]n3c2ccc3/C(c2ccc(C(=O)O)c3ccccc23)=C2/C=CC(=N2)/C=4c2c(C)cc(C)cc2C)c(C)c1 is invalid
21:37:11 <WARN> "default" filter: Cc1cc(C)c(/C2=C3\C=CC(=N3)/C(c3ccc(C(=O)O)cc3)=c3/cc/c4n3[Zn]n3c2ccc3/C(c2c(C)cc(C)cc2C)=C2/C=CC(=N2)/C=4c2c(C)cc(C)cc2C)c(C)c1 is invalid
21:37:11 <WARN> "default" filter: Cc1cc(C)c(/C2=C3\C=CC(=N3)/C(c3ccc(NC(=O)CCCC(=O)O)cc3)=c3/cc/c4n3[Zn]n3c2ccc3/C(c2c(C)cc(C)cc2C)=C2/C=CC(=N2)/C=4c2c(C)cc(C)cc2C)c(C)c1 is invalid
21:37:11 <WARN> "default" filter: Cc1cc(C)c(/C=C/c2cc(C)c3n2[B-](F)(F)[N+]2=CC=CC2=C3)[nH]1 is invalid
21:37:11 <WARN> "default" filter: Cc1cc(C)c(/C=C/c2cc(C)c3n2[B-](F)(F)[N+]2=CC=CC2=C3)c(C)c1 is invalid
21:37:11 <WARN> "default" filter: Cc1cc(C)c(/C=C/c2cc(C)c3n2[B-](F)(F)[N+]2=CC=CC2=C3)cc1C is invalid
21:37:11 <WARN> "default" filter: Cc1cc(C)c(B(c2c(C)cc(C)cc2C)c2c(C)cc(-n3c4ccc(N(c5ccccc5)c5ccccc5)cc4c4cc(N(c5ccccc5)c5ccccc5)ccc43)cc2C)c(C)c1 is invalid
21:37:11 <WARN> "default" filter: Cc1cc(C)c(B(c2c(C)cc(C)cc2C)c2c(C)cc(-n3c4ccccc4c4cc(N(c5ccccc5)c5ccccc5)ccc43)cc2C)c(C)c1 is invalid
21:37:11 <WARN> "default" filter: Cc1cc(C)c(B(c2c(C)cc(C)cc2C)c2c(C)cc(N3c4ccccc4Oc4ccccc43)cc2C)c(C)c1 is invalid
21:37:11 <WARN> "default" filter: Cc1cc(C)c(B(c2c(C)cc(C)cc2C)c2cc3cc(N(C)C)c4ccccc4c3c3c2ccc2ccccc23)c(C)c1 is invalid
21:37:11 <WARN> "default" filter: Cc1cc(C)c(B(c2c(C)cc(C)cc2C)c2cc3ccc4ccccc4c3c3c2cc(N(C)C)c2ccccc23)c(C)c1 is invalid
21:37:11 <WARN> "default" filter: Cc1cc(C)c(B(c2c(C)cc(C)cc2C)c2cc3ccc4ccccc4c3c3c2ccc2ccccc23)c(C)c1 is invalid
21:37:11 <WARN> "default" filter: Cc1cc(C)c(B(c2cc(-c3c(C)cc(C)cc3C)sc2-c2sc(-c3c(C)cc(C)cc3C)cc2P(=O)(c2ccccc2)c2ccccc2)c2c(C)cc(C)cc2C)c(C)c1 is invalid
21:37:11 <WARN> "default" filter: Cc1cc(C)c(B(c2cc(-c3ccc(C(C)(C)C)cc3)sc2-c2sc(-c3ccc(C(C)(C)C)cc3)cc2P(=O)(c2ccccc2)c2ccccc2)c2c(C)cc(C)cc2C)c(C)c1 is invalid
21:37:11 <WARN> "default" filter: Cc1cc(C)c(B(c2cc(-c3ccc(C(F)(F)F)cc3)sc2-c2sc(-c3ccc(C(F)(F)F)cc3)cc2P(=O)(c2ccccc2)c2ccccc2)c2c(C)cc(C)cc2C)c(C)c1 is invalid
21:37:11 <WARN> "default" filter: Cc1cc(C)c(B(c2cc(-c3ccc(N(C)C)cc3)sc2-c2sc(-c3ccc(N(C)C)cc3)cc2P(=O)(c2ccccc2)c2ccccc2)c2c(C)cc(C)cc2C)c(C)c1 is invalid
21:37:11 <WARN> "default" filter: Cc1cc(C)c(B(c2cc(-c3ccccc3)sc2-c2sc(-c3ccccc3)cc2P(=O)(c2ccccc2)c2ccccc2)c2c(C)cc(C)cc2C)c(C)c1 is invalid
21:37:11 <WARN> "default" filter: Cc1cc(C)c(B(c2cc(C#Cc3ccccc3)sc2-c2sc(C#Cc3ccccc3)cc2P(=O)(c2ccccc2)c2ccccc2)c2c(C)cc(C)cc2C)c(C)c1 is invalid
21:37:11 <WARN> "default" filter: Cc1cc(C)c(B(c2cc3c4c(c(B(c5c(C)cc(C)cc5C)c5c(C)cc(C)cc5C)cc5c4c2CCC5)CCC3)c2c(C)cc(C)cc2C)c(C)c1 is invalid
21:37:11 <WARN> "default" filter: Cc1cc(C)c(B(c2cc3ccc4cccc5ccc(c2)c3c45)c2c(C)cc(C)cc2C)c(C)c1 is invalid
21:37:11 <WARN> "default" filter: Cc1cc(C)c(B(c2ccc(-c3cc4ccc5cccc6ccc(c3)c4c56)cc2)c2c(C)cc(C)cc2C)c(C)c1 is invalid
21:37:11 <WARN> "default" filter: Cc1cc(C)c(B(c2ccc(-c3ccc(-c4nc5c6ccccc6c6ccccc6c5[nH]4)cc3)cc2)c2c(C)cc(C)cc2C)c(C)c1 is invalid
21:37:11 <WARN> "default" filter: Cc1cc(C)c(B(c2ccc(-c3ccc4ccc5cccc6ccc3c4c56)cc2)c2c(C)cc(C)cc2C)c(C)c1 is invalid
21:37:11 <WARN> "default" filter: Cc1cc(C)c(B(c2ccc(-c3nc4c5ccccc5c5ccccc5c4[nH]3)cc2)c2c(C)cc(C)cc2C)c(C)c1 is invalid
21:37:11 <WARN> "default" filter: Cc1cc(C)c(B(c2ccc(-n3c4ccccc4c4ccccc43)cc2)c2c(C)cc(C)cc2C)c(C)c1 is invalid
21:37:11 <WARN> "default" filter: Cc1cc(C)c(B(c2ccc(C#Cc3cc4ccc5cc(C#Cc6ccc(B(c7c(C)cc(C)cc7C)c7c(C)cc(C)cc7C)cc6)cc6ccc(c3)c4c56)cc2)c2c(C)cc(C)cc2C)c(C)c1 is invalid
21:37:11 <WARN> "default" filter: Cc1cc(C)c(B(c2ccc(N(c3ccccc3)c3ccccc3)cc2)c2c(C)cc(C)cc2C)c(C)c1 is invalid
21:37:11 <WARN> "default" filter: Cc1cc(C)c(B(c2ccc3c(c2)c2cc(B(c4c(C)cc(C)cc4C)c4c(C)cc(C)cc4C)ccc2n3-c2ccc(C(=C(c3ccccc3)c3ccccc3)c3ccccc3)cc2)c2c(C)cc(C)cc2C)c(C)c1 is invalid
21:37:11 <WARN> "default" filter: Cc1cc(C)c(B(c2ccccc2-n2c3ccccc3c3ccccc32)c2c(C)cc(C)cc2C)c(C)c1 is invalid
21:37:11 <WARN> "default" filter: Cc1cc(C)c(B(c2ccccc2N(c2ccccc2)c2ccccc2)c2c(C)cc(C)cc2C)c(C)c1 is invalid
21:37:11 <WARN> "default" filter: Cc1cc(C)c(B(c2ccccc2N2c3ccccc3Oc3ccccc32)c2c(C)cc(C)cc2C)c(C)c1 is invalid
21:37:11 <WARN> "default" filter: Cc1cc(C)c(B(c2ccsc2-c2sccc2P(=O)(c2ccccc2)c2ccccc2)c2c(C)cc(C)cc2C)c(C)c1 is invalid
21:37:11 <WARN> "default" filter: Cc1cc(C)c(B2N(c3c(C(C)C)cccc3C(C)C)C(c3ccccc3)=C(c3ccccc3)N2c2c(C(C)C)cccc2C(C)C)c(C)c1 is invalid
21:37:11 <WARN> "default" filter: Cc1cc(C)c(B2Nc3cccc4c3-n3c2ccc3B(c2c(C)cc(C)cc2C)N4)c(C)c1 is invalid
21:37:11 <WARN> "default" filter: Cc1cc(C)c(B2c3cc(C(C)(C)C)cc4ccc5c6ccccc6c6cc(C(C)(C)C)cc2c6c5c34)c(C)c1 is invalid
21:37:11 <WARN> "default" filter: Cc1cc(C)c(B2c3cc(C(C)(C)C)cc4ccc5ccc6cc(C(C)(C)C)cc2c6c5c34)c(C)c1 is invalid
21:37:11 <WARN> "default" filter: Cc1cc(C)c(B2c3cc(C(C)(C)C)ccc3-c3c(-c4ccccc4)ccc4cc(C(C)(C)C)cc2c34)c(C)c1 is invalid
21:37:11 <WARN> "default" filter: Cc1cc(C)c(B2c3cc(C(C)(C)C)ccc3-c3cc4ccccc4c4cc(C(C)(C)C)cc2c34)c(C)c1 is invalid
21:37:11 <WARN> "default" filter: Cc1cc(C)c(B2c3cc(C(C)(C)C)ccc3-c3cccc4cc(C(C)(C)C)cc2c34)c(C)c1 is invalid
21:37:11 <WARN> "default" filter: Cc1cc(C)c(B2c3cc(C)ccc3N3c4ccc(C)cc4B(c4c(C)cc(C)cc4C)c4cc(C)cc2c43)c(C)c1 is invalid
21:37:11 <WARN> "default" filter: Cc1cc(C)c(C)c(B(c2c(C)c(C)c(N3c4ccccc4Oc4ccccc43)c(C)c2C)c2c(C)c(C)c(N3c4ccccc4Oc4ccccc43)c(C)c2C)c1C is invalid
21:37:11 <WARN> "default" filter: Cc1cc(C)c(C)c(B(c2c(C)c(C)cc(C)c2C)c2c(C)c(C)c(N3c4ccccc4Oc4ccccc43)c(C)c2C)c1C is invalid
21:37:11 <WARN> "default" filter: Cc1cc(C)c(C2=C3C=C(/C=C/C(=O)OC(C)(C)C)C=[N+]3[B-](F)(F)n3c2ccc3N2CCCC2)c(C)c1 is invalid
21:37:11 <WARN> "default" filter: Cc1cc(C)c(C2=C3C=C(/C=C/C(=O)OC(C)(C)C)C=[N+]3[B-](F)(F)n3c2ccc3N2CCOCC2)c(C)c1 is invalid
21:37:11 <WARN> "default" filter: Cc1cc(C)c(C2=C3C=C(/C=C/C(=O)OC(C)(C)C)C=[N+]3[B-](F)(F)n3cc(/C=C/C(=O)OC(C)(C)C)cc32)c(C)c1 is invalid
21:37:11 <WARN> "default" filter: Cc1cc(C)c(C2=C3C=C(/C=C/C(=O)OC(C)(C)C)C=[N+]3[B-](F)(F)n3cccc32)c(C)c1 is invalid
21:37:11 <WARN> "default" filter: Cc1cc(C)c(C2=C3C=C(/C=C/C(=O)OCc4ccccc4)C=[N+]3[B-](F)(F)n3cc(/C=C/C(=O)OCc4ccccc4)cc32)c(C)c1 is invalid
21:37:11 <WARN> "default" filter: Cc1cc(C)c(C2=C3C=C(C(OC(=O)c4ccccc4)C(=O)NC(C)(C)C)C=[N+]3[B-](F)(F)n3cccc32)c(C)c1 is invalid
21:37:11 <WARN> "default" filter: Cc1cc(C)c(C2=C3C=CC(=[N+](C)C)C=C3P(=O)(c3ccccc3)c3cc(N(C)C)ccc32)c(C)c1 is invalid
21:37:11 <WARN> "default" filter: Cc1cc(C)c(C2=C3C=CC(c4ccc5c(ccc6ccccc65)c4)=[N+]3[B-](F)(F)n3c2ccc3-c2ccc3c(ccc4ccccc43)c2)c(C)c1 is invalid
21:37:11 <WARN> "default" filter: Cc1cc(C)c(C2=C3C=CC(c4ccc5ccccc5c4)=[N+]3[B-](F)(F)n3c2ccc3-c2ccc3ccccc3c2)c(C)c1 is invalid
21:37:11 <WARN> "default" filter: Cc1cc(C)c(C2=C3C=CC(c4cccc5ccccc45)=[N+]3[B-](F)(F)n3c2ccc3-c2cccc3ccccc23)c(C)c1 is invalid
21:37:11 <WARN> "default" filter: Cc1cc(C)c(C2=C3C=CC(c4ccccc4O)=[N+]3[B-]3(c4ccccc4)Oc4ccccc4-c4ccc2n43)c(C)c1 is invalid
21:37:11 <WARN> "default" filter: Cc1cc(C)c(C2=C3C=CC(c4csc5ccccc45)=[N+]3[B-](F)(F)n3c2ccc3-c2csc3ccccc23)c(C)c1 is invalid
21:37:11 <WARN> "default" filter: Cc1cc(C)c(C2=C3C=CC4=[N+]3[B-]3(Oc5ccccc54)Oc4ccccc4-c4ccc2n43)c(C)c1 is invalid
21:37:11 <WARN> "default" filter: Cc1cc(C)c(C2=C3C=CC=[N+]3[B-]3(c4ccc5ccc6cccc7ccc4c5c67)Oc4cc(O)cc5c6ccc(C)cc6c6cc2n3c6c45)c(C)c1 is invalid
21:37:11 <WARN> "default" filter: Cc1cc(C)c(C2=C3C=CC=[N+]3[B-]3(c4cccc5ccccc45)Oc4cc(O)cc5c6ccc(C)cc6c6cc2n3c6c45)c(C)c1 is invalid
21:37:11 <WARN> "default" filter: Cc1cc(C)c(C2=C3C=CC=[N+]3[B-]3(c4ccccc4)Oc4cc(O)cc5c6ccc(C)cc6c6cc2n3c6c45)c(C)c1 is invalid
21:37:11 <WARN> "default" filter: Cc1cc(C)c(C2=C3C=c4c(c5ccc(C(C)(C)C)cc5c5cc(C(C)(C)C)ccc45)=[N+]3[B-](F)(F)n3c2cc2c4ccc(C(C)(C)C)cc4c4cc(C(C)(C)C)ccc4c23)c(C)c1 is invalid
21:37:11 <WARN> "default" filter: Cc1cc(C)c(C2=C3C=c4c(c5ccccc5c5ccccc45)=[N+]3[B-](F)(F)n3c2cc2c4ccccc4c4ccccc4c23)c(C)c1 is invalid
21:37:11 <WARN> "default" filter: Cc1cc(C)c(C2=[N+]3C(=Cc4c(C)cc(C)n4[B-]3(F)F)c3ccccc32)[nH]1 is invalid
21:37:11 <WARN> "default" filter: Cc1cc(C)c(N2B(c3ccccc3)N(c3c(C)cc(C)cc3C)C(c3ccccc3)=C2c2ccccc2)c(C)c1 is invalid
21:37:11 <WARN> "default" filter: Cc1cc(C)c(OP2(=O)c3cccc4cccc(c34)-c3cccc4cccc2c34)c(C)c1 is invalid
21:37:11 <WARN> "default" filter: Cc1cc(C)c(Oc2cccc3c(/C4=c5\cc/c6n5[Zn]n5c(ccc5/C(c5cc(C(C)(C)C)cc(C(C)(C)C)c5)=C5/C=CC4=N5)/C(C#Cc4ccc(C(=O)O)cc4)=C4/C=CC(=N4)/C=6c4cc(C(C)(C)C)cc(C(C)(C)C)c4)c4cccc(Oc5c(C)cc(C)cc5C)c4cc23)c(C)c1 is invalid
21:37:11 <WARN> "default" filter: Cc1cc(C)c([B-]2(c3c(C)cc(C)cc3C)[O+]=P(c3ccccc3)(c3ccccc3)c3cc(-c4ccc(C(C)(C)C)cc4)sc3-c3sc(-c4ccc(C(C)(C)C)cc4)cc32)c(C)c1 is invalid
21:37:11 <WARN> "default" filter: Cc1cc(C)c([B-]2(c3c(C)cc(C)cc3C)[O+]=P(c3ccccc3)(c3ccccc3)c3cc(-c4ccc(C(F)(F)F)cc4)sc3-c3sc(-c4ccc(C(F)(F)F)cc4)cc32)c(C)c1 is invalid
21:37:11 <WARN> "default" filter: Cc1cc(C)c([B-]2(c3c(C)cc(C)cc3C)[O+]=P(c3ccccc3)(c3ccccc3)c3cc(-c4ccc(N(C)C)cc4)sc3-c3sc(-c4ccc(N(C)C)cc4)cc32)c(C)c1 is invalid
21:37:11 <WARN> "default" filter: Cc1cc(C)c([B-]2(c3c(C)cc(C)cc3C)[O+]=P(c3ccccc3)(c3ccccc3)c3cc(-c4ccccc4)sc3-c3sc(-c4ccccc4)cc32)c(C)c1 is invalid
21:37:11 <WARN> "default" filter: Cc1cc(C)c([B-]2(c3c(C)cc(C)cc3C)[O+]=P(c3ccccc3)(c3ccccc3)c3ccsc3-c3sccc32)c(C)c1 is invalid
21:37:11 <WARN> "default" filter: Cc1cc(C)cc(/C2=C3\C=CC(=N3)/C(c3cc(C)cc(C)c3)=c3/cc/c4n3[Zn]n3c2ccc3/C(c2cc(C)cc(C)c2)=C2/C=C(/C=C/C=C(C(=O)O)C(=O)O)C(=N2)/C=4c2cc(C)cc(C)c2)c1 is invalid
21:37:11 <WARN> "default" filter: Cc1cc(C)cc(/C=C/c2cc(C)c3n2[B-](F)(F)[N+]2=CC=CC2=C3)c1 is invalid
21:37:11 <WARN> "default" filter: Cc1cc(C)cc(N(c2cc(C)cc(C)c2)c2ccc3c(c2)/C=N/c2ccc(C(=O)O)cc2/N=C/c2cc(N(c4cc(C)cc(C)c4)c4cc(C)cc(C)c4)ccc2O[Zn]O3)c1 is invalid
21:37:11 <WARN> "default" filter: Cc1cc(C)n2c1C=C1c3ccccc3C(c3[nH]c4ccccc4c3C)=[N+]1[B-]2(F)F is invalid
21:37:11 <WARN> "default" filter: Cc1cc(C)n2c1C=C1c3ccccc3C(c3c[nH]c4ccccc34)=[N+]1[B-]2(F)F is invalid
21:37:11 <WARN> "default" filter: Cc1cc(C)n2c1C=C1c3ccccc3C(c3ccc[nH]3)=[N+]1[B-]2(F)F is invalid
21:37:11 <WARN> "default" filter: Cc1cc(C)n2c1C=C1c3ccccc3C(c3cccn3C)=[N+]1[B-]2(F)F is invalid
21:37:11 <WARN> "default" filter: Cc1cc(C)n2c1C=[N+]1[N+](=C3C=NC=CN3[B-]1(F)F)[B-]2(F)F is invalid
21:37:11 <WARN> "default" filter: Cc1cc(C2=C(c3cc(C)sc3C)P(=O)(c3ccccc3)c3ccccc32)c(C)s1 is invalid
21:37:11 <WARN> "default" filter: Cc1cc(C2=Cc3cccc[n+]3[B-](F)(F)O2)ccc1N(C)C is invalid
21:37:11 <WARN> "default" filter: Cc1cc(N(C)C)ccc1C1=C2C=CC(=[N+](C)C)C=C2[Si](C)(C)c2cc(N(C)C)ccc21 is invalid
21:37:11 <WARN> "default" filter: Cc1cc(N2c3ccccc3[Si](c3ccccc3)(c3ccccc3)c3ccccc32)c(C)cc1-c1nc(-c2ccccc2)nc(-c2ccccc2)n1 is invalid
21:37:11 <WARN> "default" filter: Cc1cc2c(o1)=CC1=C(C(F)(F)F)c3cc4oc(C)cc4n3[B-](F)(F)[N+]=21 is invalid
21:37:11 <WARN> "default" filter: Cc1cc2c(o1)=CC1=Cc3c(C)cc(C)n3[B-](F)(F)[N+]=21 is invalid
21:37:11 <WARN> "default" filter: Cc1cc2c(o1)=CC1=Cc3cc4oc(C)cc4n3[B-](F)(F)[N+]=21 is invalid
21:37:11 <WARN> "default" filter: Cc1ccc(-c2ccc(-c3ccc(-c4ccc(-c5ccc(C)cc5)cc4)c(/C(=C(/c4ccccc4)c4cc(-c5ccc(-c6ccc(C)cc6)cc5)ccc4-c4ccc(-c5ccc(C)cc5)cc4)c4ccccc4)c3)cc2)cc1 is invalid
21:37:11 <WARN> "default" filter: Cc1ccc(-n2c(-c3ccc(N(c4ccc(-c5ccc(N(c6ccc(-c7nc8c9ccccc9c9ccccc9c8n7-c7ccc(C)cc7)cc6)c6ccc(-c7nc8c9ccccc9c9ccccc9c8n7-c7ccc(C)cc7)cc6)cc5)cc4)c4ccc(-c5nc6c7ccccc7c7ccccc7c6n5-c5ccc(C)cc5)cc4)cc3)nc3c4ccccc4c4ccccc4c32)cc1 is invalid
21:37:11 <WARN> "default" filter: Cc1ccc(-n2c3ccccc3c3cc(-c4ccc5[n+](c4)[B-](F)(F)n4c-5nc5c6ccccc6c6ccccc6c54)ccc32)cc1 is invalid
21:37:11 <WARN> "default" filter: Cc1ccc(/C2=C3/N=C(C(c4ccccc4)=C3c3ccccc3)/C(c3ccc(C)cc3)=c3\[nH]/c(c(-c4ccccc4)c3-c3ccccc3)=C(/c3ccc(C)cc3)C3=N/C(=C(/c4ccc(C)cc4)c4[nH]c2c(-c2ccccc2)c4-c2ccccc2)C(c2ccccc2)=C3c2ccccc2)cc1 is invalid
21:37:11 <WARN> "default" filter: Cc1ccc(/C2=C3\C=CC(=N3)/C(c3ccc(C(=O)O)cc3)=c3/cc/c4n3[Zn]n3c2ccc3/C(c2ccc(C)cc2)=C2\N=C(/C=4c3ccc(C)cc3)c3onc(-c4c(Cl)cccc4Cl)c32)cc1 is invalid
21:37:11 <WARN> "default" filter: Cc1ccc(/C2=C3\C=CC(=N3)/C(c3ccc(C)cc3)=c3/cc/c4n3[Zn]n3c2ccc3/C(c2ccc(C(=O)O)cc2)=C2/C=CC(=N2)/C=4c2ccc(C)cc2)cc1 is invalid
21:37:11 <WARN> "default" filter: Cc1ccc(/C2=C3\C=CC(=N3)/C(c3ccc(C)cc3)=c3/cc/c4n3[Zn]n3c2ccc3/C(c2ccc(C)cc2)=C2/C=C(/C=C/C=C(C(=O)O)C(=O)O)C(=N2)/C=4c2ccc(C)cc2)cc1 is invalid
21:37:11 <WARN> "default" filter: Cc1ccc(/C2=C3\C=CC(=N3)/C(c3ccc(C)cc3)=c3/cc/c4n3[Zn]n3c2ccc3/C(c2ccc(C)cc2)=C2/C=C(c3ccc(/C=C(\C#N)C(=O)O)o3)C(=N2)/C=4c2ccc(C)cc2)cc1 is invalid
21:37:11 <WARN> "default" filter: Cc1ccc(/C2=C3\C=CC(=N3)/C(c3ccc(C)cc3)=c3/cc/c4n3[Zn]n3c2ccc3/C(c2ccc(C)cc2)=C2/C=C(c3ccc(C=C(C(=O)O)C(=O)O)o3)C(=N2)/C=4c2ccc(C)cc2)cc1 is invalid
21:37:11 <WARN> "default" filter: Cc1ccc(/C2=C3\C=CC(=N3)/C(c3ccc(C)cc3)=c3/cc/c4n3[Zn]n3c2ccc3/C(c2ccc(C)cc2)=C2/C=CC(=N2)/C=4c2ccc(-c3ccc(/C=C(\C#N)C(=O)O)o3)cc2)cc1 is invalid
21:37:11 <WARN> "default" filter: Cc1ccc(/C2=C3\C=CC(=N3)/C(c3ccc(C)cc3)=c3/cc/c4n3[Zn]n3c2ccc3/C(c2ccc(C)cc2)=C2/C=CC(=N2)/C=4c2ccc(-c3ccc(C=C(C(=O)O)C(=O)O)o3)cc2)cc1 is invalid
21:37:11 <WARN> "default" filter: Cc1ccc(/C2=C3\C=CC(=N3)/C(c3ccc(C)cc3)=c3/cc/c4n3[Zn]n3c2ccc3/C(c2ccc(C)cc2)=C2\N=C(/C=4c3ccc(C(=O)O)cc3)c3onc(-c4c(Cl)cccc4Cl)c32)cc1 is invalid
21:37:11 <WARN> "default" filter: Cc1ccc(/C2=C3\C=CC(=N3)/C(c3ccc(C)cc3)=c3/cc/c4n3[Zn]n3c2ccc3/C(c2ccc(C)cc2)=C2\N=C(C=C2/C=C(\C#N)C(=O)O)/C=4c2ccc(C)cc2)cc1 is invalid
21:37:11 <WARN> "default" filter: Cc1ccc(/C2=C3\C=CC(=N3)/C(c3ccc(C)cc3)=c3/cc/c4n3[Zn]n3c2ccc3/C(c2sc(-c3ccc(-c5cc(C)c(/C=C(\C#N)C(=O)O)s5)c5nsnc35)cc2C)=C2/C=CC(=N2)/C=4c2ccc(C)cc2)cc1 is invalid
21:37:11 <WARN> "default" filter: Cc1ccc(/C2=C3\C=CC(=N3)/C(c3ccc(C)s3)=c3/cc/c4n3[Zn]n3c2ccc3/C(c2ccc(/C=C(\C#N)C(=O)O)s2)=C2/C=CC(=N2)/C=4c2ccc(C)s2)s1 is invalid
21:37:11 <WARN> "default" filter: Cc1ccc(/C2=C3\C=CC(=N3)/C(c3ccc(C)s3)=c3/cc/c4n3[Zn]n3c2ccc3/C(c2sc(/C=C(\C#N)C(=O)O)c3c2OCCO3)=C2/C=CC(=N2)/C=4c2ccc(C)s2)s1 is invalid
21:37:11 <WARN> "default" filter: Cc1ccc(/C2=c3\cc/c(o3)=C(\c3ccc(C)cc3)c3ccc([nH]3)-c3ccc4n3[B-](F)(F)[N+]3=C(C=CC3=C4c3ccc[nH]3)c3ccc2[nH]3)cc1 is invalid
21:37:11 <WARN> "default" filter: Cc1ccc(/C2=c3\cc/c(o3)=C(\c3ccc(C)cc3)c3ccc([nH]3)-c3ccc4n3[B-](F)(F)[N+]3=C(C=CC3=C4c3cccs3)c3ccc2[nH]3)cc1 is invalid
21:37:11 <WARN> "default" filter: Cc1ccc(/C2=c3\cc/c(o3)=C(\c3ccc(C)cc3)c3ccc([nH]3)-c3ccc4n3[P-](=O)(=O)[N+]3=C(C=CC3=C4c3ccc[nH]3)c3ccc2[nH]3)cc1 is invalid
21:37:11 <WARN> "default" filter: Cc1ccc(/C2=c3\cc/c(o3)=C(\c3ccc(C)cc3)c3ccc([nH]3)-c3ccc4n3[P-](=O)(=O)[N+]3=C(C=CC3=C4c3ccco3)c3ccc2[nH]3)cc1 is invalid
21:37:11 <WARN> "default" filter: Cc1ccc(/C2=c3\cc/c(o3)=C(\c3ccc(C)cc3)c3ccc([nH]3)-c3ccc4n3[P-](=O)(=O)[N+]3=C(C=CC3=C4c3cccs3)c3ccc2[nH]3)cc1 is invalid
21:37:11 <WARN> "default" filter: Cc1ccc(/C=C/c2cc(C)c3n2[B-](F)(F)[N+]2=CC=CC2=C3)c(Br)c1 is invalid
21:37:11 <WARN> "default" filter: Cc1ccc(/C=C/c2cc(C)c3n2[B-](F)(F)[N+]2=CC=CC2=C3)c(C)c1 is invalid
21:37:11 <WARN> "default" filter: Cc1ccc(/C=C/c2cc(C)c3n2[B-](F)(F)[N+]2=CC=CC2=C3)cc1 is invalid
21:37:11 <WARN> "default" filter: Cc1ccc(/C=C/c2cc(C)c3n2[B-](F)(F)[N+]2=CC=CC2=C3)cc1Cl is invalid
21:37:11 <WARN> "default" filter: Cc1ccc(/C=C/c2cc(C)c3n2[B-](F)(F)[N+]2=CC=CC2=C3)cc1F is invalid
21:37:11 <WARN> "default" filter: Cc1ccc(/C=C/c2cc(C)c3n2[B-](F)(F)[N+]2=CC=CC2=C3)cc1[N+](=O)[O-] is invalid
21:37:11 <WARN> "default" filter: Cc1ccc(/C=C/c2cc(C)c3n2[B-](F)(F)[N+]2=CC=CC2=C3)o1 is invalid
21:37:11 <WARN> "default" filter: Cc1ccc(/C=C/c2cc(C)c3n2[B-](F)(F)[N+]2=CC=CC2=C3)s1 is invalid
21:37:11 <WARN> "default" filter: Cc1ccc(/N=C2/C3=c4[nH]c5ccccc5c4=[N+](c4ccc(C)cc4)[B-](F)(F)N3c3ccccc32)cc1 is invalid
21:37:11 <WARN> "default" filter: Cc1ccc(C#Cc2c3cc4ccccc4cc3c(C#C[Si](C(C)C)(C(C)C)C(C)C)c3cc4ccccc4cc23)cc1 is invalid
21:37:11 <WARN> "default" filter: Cc1ccc(C)c(C2=C3C=CC(=[N+](C)C)C=C3[Si](C)(C)c3cc(N(C)C)ccc32)c1 is invalid
21:37:11 <WARN> "default" filter: Cc1ccc(C2(c3ccc(C)cc3)c3cc(-c4ccc(C=C(C#N)C(=O)O)s4)cc4c3N3c5c2cc(-c2ccc(C=C(C#N)C(=O)O)s2)cc5C(c2ccc(C)cc2)(c2ccc(C)cc2)c2cc(-c5ccc(C=C(C#N)C(=O)O)s5)cc(c23)C4(c2ccc(C)cc2)c2ccc(C)cc2)cc1 is invalid
21:37:11 <WARN> "default" filter: Cc1ccc(C2(c3ccc(C)cc3)c3cccc4c3N3c5c2cccc5C(c2ccc(C)cc2)(c2ccc(C)cc2)c2cc(-c5ccc(/C=C(\C#N)C(=O)O)cc5)cc(c23)C4(c2ccc(C)cc2)c2ccc(C)cc2)cc1 is invalid
21:37:11 <WARN> "default" filter: Cc1ccc(C2(c3ccc(C)cc3)c3cccc4c3N3c5c2cccc5C(c2ccc(C)cc2)(c2ccc(C)cc2)c2cc(-c5ccc(/C=C(\C#N)C(=O)O)o5)cc(c23)C4(c2ccc(C)cc2)c2ccc(C)cc2)cc1 is invalid
21:37:11 <WARN> "default" filter: Cc1ccc(C2(c3ccc(C)cc3)c3cccc4c3N3c5c2cccc5C(c2ccc(C)cc2)(c2ccc(C)cc2)c2cc(-c5ccc(/C=C(\C#N)C(=O)O)s5)cc(c23)C4(c2ccc(C)cc2)c2ccc(C)cc2)cc1 is invalid
21:37:11 <WARN> "default" filter: Cc1ccc(C2(c3ccc(C)cc3)c3cccc4c3N3c5c2cccc5C(c2ccc(C)cc2)(c2ccc(C)cc2)c2cc(-c5ccc(/C=C6/SC(=S)N(CC(=O)O)C6=O)s5)cc(c23)C4(c2ccc(C)cc2)c2ccc(C)cc2)cc1 is invalid
21:37:11 <WARN> "default" filter: Cc1ccc(C2(c3ccc(C)cc3)c3cccc4c3N3c5c2cccc5C(c2ccc(C)cc2)(c2ccc(C)cc2)c2cc(-c5ccc(C=C(C#N)C(=O)O)s5)cc(c23)C4(c2ccc(C)cc2)c2ccc(C)cc2)cc1 is invalid
21:37:11 <WARN> "default" filter: Cc1ccc(C2=C(c3ccc(C)cc3)C3=Cc4ccccc4NB3OB3Nc4ccccc4C=C32)cc1 is invalid
21:37:11 <WARN> "default" filter: Cc1ccc(C2=C(c3ccc(C)cc3)c3ccccc3B3Nc4ccccc4C=C32)cc1 is invalid
21:37:11 <WARN> "default" filter: Cc1ccc(C2=C3C=C(I)C(I)=[N+]3[B-](F)(F)n3c2cc(I)c3I)cc1 is invalid
21:37:11 <WARN> "default" filter: Cc1ccc(C2=C3C=C(I)C=[N+]3[B-](F)(F)n3c2cc(I)c3I)cc1 is invalid
21:37:11 <WARN> "default" filter: Cc1ccc(C2=C3C=C(I)C=[N+]3[B-](F)(F)n3cc(I)cc32)cc1 is invalid
21:37:11 <WARN> "default" filter: Cc1ccc(C2=C3C=C(I)C=[N+]3[B-](F)(F)n3cccc32)cc1 is invalid
21:37:11 <WARN> "default" filter: Cc1ccc(C2=C3C=C4C(=[N+]3[B-](F)(F)n3c2cc2c3-c3ccccc3C23c2ccccc2-c2ccccc23)c2ccccc2C42c3ccccc3-c3ccccc32)cc1 is invalid
21:37:11 <WARN> "default" filter: Cc1ccc(C2=C3C=CC(/C=C/c4ccccc4)=[N+]3[B-](F)(F)n3c(/C=C/c4ccccc4)ccc32)cc1 is invalid
21:37:11 <WARN> "default" filter: Cc1ccc(C2=C3C=CC(/C=C/c4ccccc4)=[N+]3[B-](F)(F)n3c(Cl)ccc32)cc1 is invalid
21:37:11 <WARN> "default" filter: Cc1ccc(C2=C3C=CC(=[N+](C)C)C=C3[Si](C)(C)c3cc(N(C)C)ccc32)c(C)c1 is invalid
21:37:11 <WARN> "default" filter: Cc1ccc(C2=C3C=CC(C#Cc4ccccc4)=[N+]3[B-](F)(F)n3c(C#Cc4ccccc4)ccc32)cc1 is invalid
21:37:11 <WARN> "default" filter: Cc1ccc(C2=C3C=CC(C#Cc4ccccc4)=[N+]3[B-](F)(F)n3c(Cl)ccc32)cc1 is invalid
21:37:11 <WARN> "default" filter: Cc1ccc(C2=C3C=CC(Cl)=[N+]3[B-](F)(F)n3c(Cl)ccc32)cc1 is invalid
21:37:11 <WARN> "default" filter: Cc1ccc(C2=C3C=CC(N(C)Cc4ccccc4)=[N+]3[B-](F)(F)n3cccc32)cc1 is invalid
21:37:11 <WARN> "default" filter: Cc1ccc(C2=C3C=CC(N(Cc4ccccc4)Cc4ccccc4)=[N+]3[B-](F)(F)n3cccc32)cc1 is invalid
21:37:11 <WARN> "default" filter: Cc1ccc(C2=C3C=CC(N4CCOCC4)=[N+]3[B-](F)(F)n3c2ccc3-n2cnc3ccccc32)cc1 is invalid
21:37:11 <WARN> "default" filter: Cc1ccc(C2=C3C=CC(N4CCOCC4)=[N+]3[B-](F)(F)n3c2ccc3N2CCOCC2)cc1 is invalid
21:37:11 <WARN> "default" filter: Cc1ccc(C2=C3C=CC(N4CCOCC4)=[N+]3[B-](F)(F)n3cccc32)cc1 is invalid
21:37:11 <WARN> "default" filter: Cc1ccc(C2=C3C=CC(Nc4ccccc4)=[N+]3[B-](F)(F)n3c(Nc4ccccc4)ccc32)cc1 is invalid
21:37:11 <WARN> "default" filter: Cc1ccc(C2=C3C=CC(Sc4ccccc4)=[N+]3[B-](F)(F)n3c(Sc4ccccc4)ccc32)cc1 is invalid
21:37:11 <WARN> "default" filter: Cc1ccc(C2=C3C=CC([Se]c4ccccc4)=[N+]3[B-](F)(F)n3c([Se]c4ccccc4)ccc32)cc1 is invalid
21:37:11 <WARN> "default" filter: Cc1ccc(C2=C3C=CC([Te]c4ccccc4)=[N+]3[B-](F)(F)n3c([Te]c4ccccc4)ccc32)cc1 is invalid
21:37:11 <WARN> "default" filter: Cc1ccc(C2=C3C=CC(c4ccccc4)=[N+]3[B-](F)(F)n3c2ccc3-c2ccccc2)cc1 is invalid
21:37:11 <WARN> "default" filter: Cc1ccc(C2=C3C=CC(n4c5ccccc5c5ccccc54)=[N+]3[B-](F)(F)n3c2ccc3-n2c3ccccc3c3ccccc32)cc1 is invalid
21:37:11 <WARN> "default" filter: Cc1ccc(C2=C3C=CC(n4cc(Cl)cn4)=[N+]3[B-](F)(F)n3c2ccc3-n2cc(Cl)cn2)cc1 is invalid
21:37:11 <WARN> "default" filter: Cc1ccc(C2=C3C=CC(n4cc(I)cn4)=[N+]3[B-](F)(F)n3c2ccc3-n2cc(I)cn2)cc1 is invalid
21:37:11 <WARN> "default" filter: Cc1ccc(C2=C3C=CC(n4cccn4)=[N+]3[B-](F)(F)n3c2cc(Br)c3-n2cccn2)cc1 is invalid
21:37:11 <WARN> "default" filter: Cc1ccc(C2=C3C=CC(n4cccn4)=[N+]3[B-](F)(F)n3c2ccc3-n2cccn2)cc1 is invalid
21:37:11 <WARN> "default" filter: Cc1ccc(C2=C3C=CC(n4cncn4)=[N+]3[B-](F)(F)n3c2ccc3-n2cncn2)cc1 is invalid
21:37:11 <WARN> "default" filter: Cc1ccc(C2=C3C=CC(n4ncc5ccccc54)=[N+]3[B-](F)(F)n3c2ccc3-n2ncc3ccccc32)cc1 is invalid
21:37:11 <WARN> "default" filter: Cc1ccc(C2=C3C=CC4=[N+]3[B-](F)(F)n3c2ccc3-c2ccc([nH]2)/C(c2ccc(C)cc2)=c2/cc/c(o2)=C(\c2ccc(C)cc2)c2ccc4[nH]2)cc1 is invalid
21:37:11 <WARN> "default" filter: Cc1ccc(C2=C3C=CC4=[N+]3[P-](=O)(=O)n3c2ccc3-c2ccc([nH]2)/C(c2ccc(C)cc2)=c2/cc/c(o2)=C(\c2ccc(C)cc2)c2ccc4[nH]2)cc1 is invalid
21:37:11 <WARN> "default" filter: Cc1ccc(C2=C3C=CC=[N+]3[B-](F)(F)n3c2ccc3N2CCC(N3CCCCC3)CC2)cc1 is invalid
21:37:11 <WARN> "default" filter: Cc1ccc(C2=C3C=CC=[N+]3[B-](F)(F)n3c2ccc3N2CCCC2)cc1 is invalid
21:37:11 <WARN> "default" filter: Cc1ccc(C2=C3C=CC=[N+]3[B-](F)(F)n3c2ccc3N2CCOCC2)cc1 is invalid
21:37:11 <WARN> "default" filter: Cc1ccc(C2=C3C=CC=[N+]3[B-](F)(F)n3cccc32)cc1 is invalid
21:37:11 <WARN> "default" filter: Cc1ccc(C2=C3C=c4c(oc5ccccc45)=[N+]3[B-](F)(F)n3c2cc2c4ccccc4oc23)cc1 is invalid
21:37:11 <WARN> "default" filter: Cc1ccc(C2=CC(c3ccc(C)cc3)=[N+]3C2=Nc2c(-c4ccc(C)cc4)cc(-c4ccc(C)cc4)n2[B-]3(F)F)cc1 is invalid
21:37:11 <WARN> "default" filter: Cc1ccc(C2=Cc3c4ccccc4cc[n+]3[B-](F)(F)O2)cc1 is invalid
21:37:11 <WARN> "default" filter: Cc1ccc(C2=Cc3ccc4ccccc4[n+]3[B-](F)(F)O2)cc1 is invalid
21:37:11 <WARN> "default" filter: Cc1ccc(C2=Nc3cccc4[n+]3[B-](F)(O2)OC(c2ccc(C)cc2)=N4)cc1 is invalid
21:37:11 <WARN> "default" filter: Cc1ccc(C2=Nc3cccc4[n+]3[B-](c3ccccc3)(N2)NC(c2ccc(C)cc2)=N4)cc1 is invalid
21:37:11 <WARN> "default" filter: Cc1ccc(C2=[N+]3C(=Cc4c(C)cc(C)n4[B-]3(F)F)c3ccccc32)[nH]1 is invalid
21:37:11 <WARN> "default" filter: Cc1ccc(C2=[N+]3C(=Cc4ccc(C)n4[B-]3(F)F)c3ccccc32)[nH]1 is invalid
21:37:11 <WARN> "default" filter: Cc1ccc(C2=[N+]3C(=Nc4c5ccccc5c(-c5ccc(C)s5)n4[B-]3(F)F)c3ccccc32)s1 is invalid
21:37:11 <WARN> "default" filter: Cc1ccc(F)c(/C=C/c2cc(C)c3n2[B-](F)(F)[N+]2=CC=CC2=C3)c1Cl is invalid
21:37:11 <WARN> "default" filter: Cc1ccc(N(/C2=C3\C=CC(=N3)/C(N(c3ccc(C)cc3)c3ccc(C)cc3)=c3/cc/c4n3[Zn]n3c(ccc32)/C(c2ccc(C(=O)O)cc2)=C2/C=CC(=N2)/C=4c2ccc(C(=O)O)cc2)c2ccc(C)cc2)cc1 is invalid
21:37:11 <WARN> "default" filter: Cc1ccc(N(/C2=C3\C=CC(=N3)/C(c3ccc(C(=O)O)cc3)=c3/cc/c4n3[Zn]n3c(ccc32)/C(c2c(C)cc(C)cc2C)=C2/C=CC(=N2)/C=4N(c2ccc(C)cc2)c2ccc(C)cc2)c2ccc(C)cc2)cc1 is invalid
21:37:11 <WARN> "default" filter: Cc1ccc(N(/C2=c3\cc/c4n3[Zn]n3c(ccc3/C(c3c(C)cc(C)cc3C)=C3/C=CC2=N3)/C(c2ccc(C(=O)O)cc2)=C2/C=CC(=N2)/C=4c2c(C)cc(C)cc2C)c2ccc(C)cc2)cc1 is invalid
21:37:11 <WARN> "default" filter: Cc1ccc(N(C)C)cc1C1=C2C=CC(=[N+](C)C)C=C2[Si](C)(C)c2cc(N(C)C)ccc21 is invalid
21:37:11 <WARN> "default" filter: Cc1ccc(N(c2ccc(/C=C3\SC(=S)N(CC(=O)O)C3=O)cc2)c2cc(C)c3c(c2)CN2CN3Cc3cc(N(c4ccc(/C=C5\SC(=S)N(CC(=O)O)C5=O)cc4)c4ccc(C)c(C)c4)cc(C)c32)cc1C is invalid
21:37:11 <WARN> "default" filter: Cc1ccc(N(c2ccc(C)cc2)c2ccc(N3c4ccc(-c5ccc(N(c6ccccc6)c6cccc7ccccc67)cc5)cc4Sc4cc(-c5ccc(/C=C(\C#N)C(=O)O)s5)ccc43)cc2)cc1 is invalid
21:37:11 <WARN> "default" filter: Cc1ccc(N(c2ccc(C)cc2)c2ccc(N3c4ccc(/C=C(\C#N)C(=O)O)cc4Sc4cc(-c5ccc(-c6ccc(N(c7ccccc7)c7cccc8ccccc78)cc6)s5)ccc43)cc2)cc1 is invalid
21:37:11 <WARN> "default" filter: Cc1ccc(N(c2ccc(C=NN(c3ccccc3)c3ccc(C=C4SC(=S)N(CC(=O)O)C4=O)cc3)cc2)c2ccc(C=NN(c3ccccc3)c3ccc(C=C4SC(=S)N(CC(=O)O)C4=O)cc3)cc2)cc1 is invalid
21:37:11 <WARN> "default" filter: Cc1ccc(N2c3cc(-c4ccc(-c5cc6c(s5)-c5sc(C=C(C#N)C(=O)O)cc5-c5c7cccc5OCCCCCCCCOc5cccc(c5-6)OCCCCCCCCO7)c5nsnc45)ccc3C3CCCC32)cc1 is invalid
21:37:11 <WARN> "default" filter: Cc1ccc(O)c(/C=C/c2cc(C)c3n2[B-](F)(F)[N+]2=CC=CC2=C3)c1 is invalid
21:37:11 <WARN> "default" filter: Cc1ccc(Oc2ccc(/C=C/c3cc(C)c4n3[B-](F)(F)[N+]3=CC=CC3=C4)cc2)cc1 is invalid
21:37:12 <WARN> "default" filter: Cc1ccc(S(=O)(=O)/N=c2/cc3ccccc3cn2-c2ccc(I)cc2)cc1 is invalid
21:37:12 <WARN> "default" filter: Cc1ccc([B-]2(c3ccc(C)cc3)n3nc(C(F)(F)F)cc3-c3c4ccccc4cc[n+]32)cc1 is invalid
21:37:12 <WARN> "default" filter: Cc1ccc([N+]2=Cc3cccn3[B-]2(c2ccccc2)c2ccccc2)cc1C is invalid
21:37:12 <WARN> "default" filter: Cc1ccc([N+]2=c3c4n(c5ccccc35)[B-](F)(F)[N+](c3ccc(C)cc3)=c3c=4n(c4ccccc34)[B-]2(F)F)cc1 is invalid
21:37:12 <WARN> "default" filter: Cc1ccc2c(c1)B(c1c(C(C)C)cc(C(C)C)cc1C(C)C)c1cc(C)cc3c1N2c1ccc(C)cc1B3c1c(C(C)C)cc(C(C)C)cc1C(C)C is invalid
21:37:12 <WARN> "default" filter: Cc1ccc2c(c1)C(c1ccccc1)=C(c1ccccc1)C1=Cc3ccccc3NB12 is invalid
21:37:12 <WARN> "default" filter: Cc1ccc2c(c1)C1(c3ccccc3-c3ccccc31)c1cc(C)ccc1N2c1ccc2c(c1)Sc1ccccc1P2(=O)c1ccccc1 is invalid
21:37:12 <WARN> "default" filter: Cc1ccc2c(c1)C1(c3ccccc3-c3ccccc31)c1cc(C)ccc1N2c1ccc2c(c1)Sc1ccccc1P2(=S)c1ccccc1 is invalid
21:37:12 <WARN> "default" filter: Cc1ccc2c(c1)N(Cc1ccccc1)B1C(=C2)C(c2ccccc2)=C(c2ccccc2)c2ccccc21 is invalid
21:37:12 <WARN> "default" filter: Cc1ccc2c(c1)c1cc(Br)ccc1n2-c1c(C#N)c(-n2c3ccc(Br)cc3c3cc(Br)ccc32)c(-n2c3ccc(Br)cc3c3cc(Br)ccc32)c(C#N)c1-n1c2ccc(Br)cc2c2cc(Br)ccc21 is invalid
21:37:12 <WARN> "default" filter: Cc1ccc2nc3cc4c(cc3c(-c3ccccc3)c2c1)[Si](C)(C)O[Si]4(C)C is invalid
21:37:12 <WARN> "default" filter: Cc1cccc(/C=C/c2cc(C)c3n2[B-](F)(F)[N+]2=CC=CC2=C3)c1 is invalid
21:37:12 <WARN> "default" filter: Cc1cccc(/C=C/c2cc(C)c3n2[B-](F)(F)[N+]2=CC=CC2=C3)c1C is invalid
21:37:12 <WARN> "default" filter: Cc1cccc(/C=C/c2cc(C)c3n2[B-](F)(F)[N+]2=CC=CC2=C3)n1 is invalid
21:37:12 <WARN> "default" filter: Cc1cccc(C)c1-c1cc2c(C)c3c4cc5nc6cc7c(cc6nc5cc4c3c(C)c2cc1-c1c(C)cccc1C)c1c(C)c2cc(-c3c(C)cccc3C)c(-c3c(C)cccc3C)cc2c(C)c71 is invalid
21:37:12 <WARN> "default" filter: Cc1cccc(C)c1-c1cc2c(C)c3c4cc5nc6ccc7c8c(C)c9cc(-c%10c(C)cccc%10C)c(-c%10c(C)cccc%10C)cc9c(C)c8c7c6nc5cc4c3c(C)c2cc1-c1c(C)cccc1C is invalid
21:37:12 <WARN> "default" filter: Cc1cccc(C)c1-c1cc2c(C)c3c4ccc5nc6c(ccc7c8c(C)c9cc(-c%10c(C)cccc%10C)c(-c%10c(C)cccc%10C)cc9c(C)c8c76)nc5c4c3c(C)c2cc1-c1c(C)cccc1C is invalid
21:37:12 <WARN> "default" filter: Cc1cccc(C)c1/C=C/c1cc(C)c2n1[B-](F)(F)[N+]1=CC=CC1=C2 is invalid
21:37:12 <WARN> "default" filter: Cc1cccc(C)c1C1=C(c2c(C)cccc2C)N(c2c(C(C)C)cccc2C(C)C)B(c2ccccc2)N1c1c(C(C)C)cccc1C(C)C is invalid
21:37:12 <WARN> "default" filter: Cc1cccc(C)c1C1=C2C=CC(=[N+](C)C)C=C2P(=O)(c2ccccc2)c2cc(N(C)C)ccc21 is invalid
21:37:12 <WARN> "default" filter: Cc1cccc(C)c1N1C(c2ccccc2)=Cc2ccc3ccccc3[n+]2[B-]1(F)F is invalid
21:37:12 <WARN> "default" filter: Cc1cccc(C)c1N1C(c2ccccc2)=Cc2cccc[n+]2[B-]1(F)F is invalid
21:37:12 <WARN> "default" filter: Cc1cccc(C)c1[N+]1=Cc2cccn2[B-]1(c1ccccc1)c1ccccc1 is invalid
21:37:12 <WARN> "default" filter: Cc1cccc(C2=C(c3cccc(C)c3)C3=Cc4ccccc4NB3OB3Nc4ccccc4C=C32)c1 is invalid
21:37:12 <WARN> "default" filter: Cc1cccc(C2=Cc3c4ccccc4cc[n+]3[B-](F)(F)O2)c1 is invalid
21:37:12 <WARN> "default" filter: Cc1cccc(C2=Cc3ccc4ccccc4[n+]3[B-](F)(F)O2)c1 is invalid
21:37:12 <WARN> "default" filter: Cc1cccc(Cl)c1/C=C/c1cc(C)c2n1[B-](F)(F)[N+]1=CC=CC1=C2 is invalid
21:37:12 <WARN> "default" filter: Cc1cccc2[n+]1[B-](F)(F)n1c(c3cccc4cccc1c43)=N2 is invalid
21:37:12 <WARN> "default" filter: Cc1cccc2[n+]1[B-](c1ccccc1)(c1ccccc1)c1cccc3c4c5c(cccc5c-2c13)[B-](c1ccccc1)(c1ccccc1)[n+]1c(C)cccc1-4 is invalid
21:37:12 <WARN> "default" filter: Cc1ccccc1/C=C/c1cc(C)c2n1[B-](F)(F)[N+]1=CC=CC1=C2 is invalid
21:37:12 <WARN> "default" filter: Cc1ccccc1C1=C2C=CC(=[N+](C)C)C=C2P(=O)(c2ccccc2)c2cc(N(C)C)ccc21 is invalid
21:37:12 <WARN> "default" filter: Cc1ccccc1C1=C2C=CC(=[N+](C)C)C=C2[Ge](C)(C)c2cc(N(C)C)ccc21 is invalid
21:37:12 <WARN> "default" filter: Cc1ccccc1C1=C2C=CC(=[N+](C)C)C=C2[Si](C)(C)c2cc(N(C)C)ccc21 is invalid
21:37:12 <WARN> "default" filter: Cc1ccccc1C1=C2C=CC(=[N+]3CCCC3)C=C2P(=O)(c2ccccc2)c2cc(N(C)C)ccc21 is invalid
21:37:12 <WARN> "default" filter: Cc1ccccc1C1=C2C=CC(=[N+]3CCCC3)C=C2P(=O)(c2ccccc2)c2cc(N3CCCC3)ccc21 is invalid
21:37:12 <WARN> "default" filter: Cc1ccccc1C1=C2C=CC(=[NH2+])C=C2[Si](C)(C)c2cc(N)ccc21 is invalid
21:37:12 <WARN> "default" filter: Cc1ccccc1C1=C2C=c3c(oc4c3ccc3ccccc34)=[N+]2[B-](F)(F)n2c1cc1c3ccc4ccccc4c3oc12 is invalid
21:37:12 <WARN> "default" filter: Cc1ccccc1C1=C2C=c3c(oc4ccc(C(C)(C)C)cc34)=[N+]2[B-](F)(F)n2c1cc1c3cc(C(C)(C)C)ccc3oc12 is invalid
21:37:12 <WARN> "default" filter: Cc1ccccc1C1=C2C=c3c(oc4ccc(F)cc34)=[N+]2[B-](F)(F)n2c1cc1c3cc(F)ccc3oc12 is invalid
21:37:12 <WARN> "default" filter: Cc1ccccc1C1=C2C=c3c(oc4ccccc34)=[N+]2[B-](F)(F)n2c1cc1c3ccccc3oc12 is invalid
21:37:12 <WARN> "default" filter: Cc1ccccc1C1=c2cc3c(cc2[Si](C)(C)c2cc4c(cc21)CCCN4C)=[N+](C)CCC3 is invalid
21:37:12 <WARN> "default" filter: Cc1ccccc1C1=c2cc3c(cc2[Si](C)(C)c2cc4c(cc21)CCN4C)=[N+](C)CC3 is invalid
21:37:12 <WARN> "default" filter: Cc1ccccc1[B-]1(c2ccccc2C)n2nc(C(F)(F)F)cc2-c2c3ccccc3cc[n+]21 is invalid
21:37:12 <WARN> "default" filter: Cc1csc2[n+]1[B-](F)(F)OC(c1ccc(N(C)C)cc1)=N2 is invalid
21:37:12 <WARN> "default" filter: Cc1csc2[n+]1[B-](F)(F)n1c(c3cccc4cccc1c43)=N2 is invalid
21:37:12 <WARN> "default" filter: Cc1cscc1-c1cc2c3cc(-c4cscc4C)c4nc(C(F)(F)C(F)(F)C(F)(F)F)nc5c(-c6cscc6C)cc(c6cc(-c7cscc7C)c7nc(C(F)(F)C(F)(F)C(F)(F)F)nc1c7c26)c3c45 is invalid
21:37:12 <WARN> "default" filter: Cc1nc(-c2ccc(N3c4ccccc4C(c4ccccc4)(c4ccccc4)c4ccccc43)cc2)cc(-c2ccc(N3c4ccccc4C(c4ccccc4)(c4ccccc4)c4ccccc43)cc2)n1 is invalid
21:37:12 <WARN> "default" filter: Cc1s[c+](N2CCOCC2)sc1-c1cc(I)cc(I)c1[O-] is invalid
21:37:12 <WARN> "default" filter: ClP1(Cl)=N[P@@](Cl)(Oc2ccc3ccc4cccc5ccc2c3c45)=N[P@@](Cl)(Oc2ccc3ccc4cccc5ccc2c3c45)=N1 is invalid
21:37:12 <WARN> "default" filter: ClP1(Cl)=N[P@](Cl)(Oc2ccc3ccc4cccc5ccc2c3c45)=N[P@@](Cl)(Oc2ccc3ccc4cccc5ccc2c3c45)=N1 is invalid
21:37:12 <WARN> "default" filter: Clc1cc(Cl)c(B2c3ccccc3Nc3ccccc32)c(Cl)c1 is invalid
21:37:12 <WARN> "default" filter: Clc1ccc(C2=C(c3ccc(Cl)cc3)C3=Cc4ccccc4NB3OB3Nc4ccccc4C=C32)cc1 is invalid
21:37:12 <WARN> "default" filter: Cn1c2ccccc2c2cc(/C=C/C3=[O+][B-](F)(F)OC(/C=C/c4ccc5c(c4)c4ccccc4n5C)=C3c3ccccc3)ccc21 is invalid
21:37:12 <WARN> "default" filter: FC(F)(F)C(F)(F)C(F)(F)C1=NC2=C(Oc3ccccc3)C=C3c4cc(Oc5ccccc5)c5nc(C(F)(F)C(F)(F)C(F)(F)F)nc6c(Oc7ccccc7)cc(c4c56)=C4C=C(Oc5ccccc5)C(=N1)C2C34 is invalid
21:37:12 <WARN> "default" filter: FC(F)(F)C(F)(F)C(F)(F)C1=NC2=C(Sc3ccccc3)C=C3c4cc(Sc5ccccc5)c5nc(C(F)(F)C(F)(F)C(F)(F)F)nc6c(Sc7ccccc7)cc(c4c56)=C4C=C(Sc5ccccc5)C(=N1)C2C34 is invalid
21:37:12 <WARN> "default" filter: FC(F)(F)C(F)(F)C(F)(F)C1=NC2=C(c3ccc(N(c4ccccc4)c4ccccc4)cc3)C=C3c4cc(-c5ccc(N(c6ccccc6)c6ccccc6)cc5)c5nc(C(F)(F)C(F)(F)C(F)(F)F)nc6c(-c7ccc(N(c8ccccc8)c8ccccc8)cc7)cc(c4c56)=C4C=C(c5ccc(N(c6ccccc6)c6ccccc6)cc5)C(=N1)C2C34 is invalid
21:37:12 <WARN> "default" filter: FC(F)(F)C(F)(F)C(F)(F)C1=NC2=C(c3ccc4ccc5cccc6ccc3c4c56)C=C3c4cc(-c5ccc6ccc7cccc8ccc5c6c78)c5nc(C(F)(F)C(F)(F)C(F)(F)F)nc6c(-c7ccc8ccc9cccc%10ccc7c8c9%10)cc(c4c56)=C4C=C(c5ccc6ccc7cccc8ccc5c6c78)C(=N1)C2C34 is invalid
21:37:12 <WARN> "default" filter: FC(F)(F)C(F)(F)C(F)(F)C1=NC2=C(c3ccccc3)C=C3c4cc(-c5ccccc5)c5nc(C(F)(F)C(F)(F)C(F)(F)F)nc6c(-c7ccccc7)cc(c4c56)=C4C=C(c5ccccc5)C(=N1)C2C34 is invalid
21:37:12 <WARN> "default" filter: FC(F)(F)c1cc2n(n1)[B-](c1ccccc1)(c1ccccc1)[n+]1ccc3ccccc3c1-2 is invalid
21:37:12 <WARN> "default" filter: FC(F)(F)c1cc2n(n1)[B-]1(c3ccccc3-c3ccccc31)[n+]1ccc3ccccc3c1-2 is invalid
21:37:12 <WARN> "default" filter: FC(F)(F)c1cc2n(n1)[B-]1(c3ccccc3Oc3ccccc31)[n+]1ccc3ccccc3c1-2 is invalid
21:37:12 <WARN> "default" filter: FC(F)(F)c1ccc(-c2cc3ccccc3p2-c2ccccc2)cc1 is invalid
21:37:12 <WARN> "default" filter: FC(F)(F)c1ccc(-c2pc3ccccc3s2)cc1 is invalid
21:37:12 <WARN> "default" filter: FC(F)(F)c1ccc(-n2c(-c3ccc(N(c4ccc(-c5ccc(N(c6ccc(-c7nc8c9ccccc9c9ccccc9c8n7-c7ccc(C(F)(F)F)cc7)cc6)c6ccc(-c7nc8c9ccccc9c9ccccc9c8n7-c7ccc(C(F)(F)F)cc7)cc6)cc5)cc4)c4ccc(-c5nc6c7ccccc7c7ccccc7c6n5-c5ccc(C(F)(F)F)cc5)cc4)cc3)nc3c4ccccc4c4ccccc4c32)cc1 is invalid
21:37:12 <WARN> "default" filter: FC(F)(F)c1ccc(/C2=C3/N=C(C(c4ccccc4)=C3c3ccccc3)/C(c3ccc(C(F)(F)F)cc3)=c3\[nH]/c(c(-c4ccccc4)c3-c3ccccc3)=C(/c3ccc(C(F)(F)F)cc3)C3=N/C(=C(/c4ccc(C(F)(F)F)cc4)c4[nH]c2c(-c2ccccc2)c4-c2ccccc2)C(c2ccccc2)=C3c2ccccc2)cc1 is invalid
21:37:12 <WARN> "default" filter: FC(F)(F)c1ccc(B2c3ccccc3Nc3ccccc32)c(C(F)(F)F)c1 is invalid
21:37:12 <WARN> "default" filter: FC(F)(F)c1ccc(C2=C(c3ccc(C(F)(F)F)cc3)c3ccccc3B3Nc4ccccc4C=C32)cc1 is invalid
21:37:12 <WARN> "default" filter: FC(F)(F)c1ccc(C2=CC3=c4cc(-c5ccc(C(F)(F)F)cc5)c5nc(C(F)(F)C(F)(F)C(F)(F)F)nc6c(-c7ccc(C(F)(F)F)cc7)cc(c4c65)C4=CC(c5ccc(C(F)(F)F)cc5)=C5N=C(C(F)(F)C(F)(F)C(F)(F)F)N=C2C5C43)cc1 is invalid
21:37:12 <WARN> "default" filter: FC(F)(F)c1ccc(C2=Cc3ccccc3[Si]2(c2ccccc2)c2ccccc2)cc1 is invalid
21:37:12 <WARN> "default" filter: FC(F)(F)c1ccccc1B1c2ccccc2Nc2ccccc21 is invalid
21:37:12 <WARN> "default" filter: FP(F)(c1c2ccccc2cc2ccccc12)(c1c2ccccc2cc2ccccc12)c1c2ccccc2cc2ccccc12 is invalid
21:37:12 <WARN> "default" filter: F[B-]1(F)N(c2ccccc2)C=Cc2cccc[n+]21 is invalid
21:37:12 <WARN> "default" filter: F[B-]1(F)N(c2ccccc2)c2cccc3ccc4ccc[n+]1c4c23 is invalid
21:37:12 <WARN> "default" filter: F[B-]1(F)N2C(=Nc3cccc4cccc2c34)c2cccc[n+]21 is invalid
21:37:12 <WARN> "default" filter: F[B-]1(F)N2C=C(Br)C=CC2=N/[N+]1=C/c1ccc(-c2cccs2)cc1 is invalid
21:37:12 <WARN> "default" filter: F[B-]1(F)N2C=C(Br)C=CC2=N/[N+]1=C/c1cccs1 is invalid
21:37:12 <WARN> "default" filter: F[B-]1(F)N2C=C(Cl)C=CC2=N/[N+]1=C/c1ccc(-c2cccs2)cc1 is invalid
21:37:12 <WARN> "default" filter: F[B-]1(F)N2C=C(I)C=CC2=N/[N+]1=C/c1ccc(-c2cccs2)cc1 is invalid
21:37:12 <WARN> "default" filter: F[B-]1(F)N2C=C(n3cc(-c4ccccc4)nn3)C=CC2=N/[N+]1=C/c1ccc(-c2cccs2)cc1 is invalid
21:37:12 <WARN> "default" filter: F[B-]1(F)N2C=CC=CC2=N/[N+]1=C/c1ccc(-c2cccs2)cc1 is invalid
21:37:12 <WARN> "default" filter: F[B-]1(F)N2C=CN=CC2=[N+]2[N+]1=Cc1c(-c3ccccc3)cc(-c3ccccc3)n1[B-]2(F)F is invalid
21:37:12 <WARN> "default" filter: F[B-]1(F)N2C=CN=CC2=[N+]2[N+]1=Cc1c(-c3ccccc3)cc(-c3cccs3)n1[B-]2(F)F is invalid
21:37:12 <WARN> "default" filter: F[B-]1(F)OC(/C=C/c2ccccc2)=CC(c2ccccc2)=[O+]1 is invalid
21:37:12 <WARN> "default" filter: F[B-]1(F)OC(c2ccc(Br)cc2)=Cc2c3ccccc3cc[n+]21 is invalid
21:37:12 <WARN> "default" filter: F[B-]1(F)OC(c2ccc(Br)cc2)=Cc2ccc3ccccc3[n+]21 is invalid
21:37:12 <WARN> "default" filter: F[B-]1(F)OC(c2ccc(C(F)(F)F)cc2)=Cc2c3ccccc3cc[n+]21 is invalid
21:37:12 <WARN> "default" filter: F[B-]1(F)OC(c2ccc(C(F)(F)F)cc2)=Cc2cc(Cl)nc[n+]21 is invalid
21:37:12 <WARN> "default" filter: F[B-]1(F)OC(c2ccc(C(F)(F)F)cc2)=Cc2ccc3ccccc3[n+]21 is invalid
21:37:12 <WARN> "default" filter: F[B-]1(F)OC(c2ccc(N3CCCC3)cc2)=Cc2cccc[n+]21 is invalid
21:37:12 <WARN> "default" filter: F[B-]1(F)OC(c2ccc(N3CCCCC3)cc2)=Cc2cccc[n+]21 is invalid
21:37:12 <WARN> "default" filter: F[B-]1(F)OC(c2ccc3ccccc3c2)=CC(c2ccc3ccccc3c2)=[O+]1 is invalid
21:37:12 <WARN> "default" filter: F[B-]1(F)OC(c2cccc(Br)c2)=Cc2c3ccccc3cc[n+]21 is invalid
21:37:12 <WARN> "default" filter: F[B-]1(F)OC(c2cccc(Br)c2)=Cc2ccc3ccccc3[n+]21 is invalid
21:37:12 <WARN> "default" filter: F[B-]1(F)OC(c2ccccc2)=C(c2ccccc2)c2oc3ccccc3[n+]21 is invalid
21:37:12 <WARN> "default" filter: F[B-]1(F)OC(c2ccccc2)=CC(c2ccccc2)=[O+]1 is invalid
21:37:12 <WARN> "default" filter: F[B-]1(F)OC(c2ccccc2)=Cc2c3ccccc3cc[n+]21 is invalid
21:37:12 <WARN> "default" filter: F[B-]1(F)OC(c2ccccc2)=Cc2cc(Cl)nc[n+]21 is invalid
21:37:12 <WARN> "default" filter: F[B-]1(F)OC(c2ccccc2)=Cc2cc3[n+](c[n+]21)[B-](F)(F)OC(c1ccccc1)=C3 is invalid
21:37:12 <WARN> "default" filter: F[B-]1(F)OC(c2ccccc2)=Cc2ccc3ccccc3[n+]21 is invalid
21:37:12 <WARN> "default" filter: F[B-]1(F)OC(c2ccccc2)=Cc2cccc[n+]21 is invalid
21:37:12 <WARN> "default" filter: F[B-]1(F)OC(c2ccccc2)=Nc2sc(-c3ccccc3)n[n+]21 is invalid
21:37:12 <WARN> "default" filter: F[B-]1(F)Oc2c(-c3cccc4c3O[B-](F)(F)[n+]3c(-c5ccccc5)c(-c5ccccc5)n(-c5ccc(C(F)(F)F)cc5)c3-4)cccc2-c2n(-c3ccc(C(F)(F)F)cc3)c(-c3ccccc3)c(-c3ccccc3)[n+]21 is invalid
21:37:12 <WARN> "default" filter: F[B-]1(F)Oc2ccc(Br)cc2-c2c3c(c4c([n+]21)CCc1ccccc1-4)CCc1ccccc1-3 is invalid
21:37:12 <WARN> "default" filter: F[B-]1(F)Oc2ccc3ccccc3c2-c2c3c(c4c([n+]21)CCc1ccccc1-4)CCc1ccccc1-3 is invalid
21:37:12 <WARN> "default" filter: F[B-]1(F)Oc2ccccc2-c2c3c(c4c([n+]21)CCc1ccccc1-4)CCc1ccccc1-3 is invalid
21:37:12 <WARN> "default" filter: F[B-]1(F)Oc2ccccc2-c2cnc3ccccc3[n+]21 is invalid
21:37:12 <WARN> "default" filter: F[B-]1(F)Oc2ccccc2-c2n(-c3ccc(C(F)(F)F)cc3)c(-c3ccccc3)c(-c3ccccc3)[n+]21 is invalid
21:37:12 <WARN> "default" filter: F[B-]1(F)Oc2ccccc2-c2nc(-c3ccccc3)c3cc(Cl)ccc3[n+]21 is invalid
21:37:12 <WARN> "default" filter: F[B-]1(F)Oc2ccccc2-c2nc(-c3ccccc3)c3ccccc3[n+]21 is invalid
21:37:12 <WARN> "default" filter: F[B-]1(F)n2c(-c3ccc(Br)cc3)cc(-c3ccccc3)c2N=C2C(c3ccccc3)=CC(c3ccc(Br)cc3)=[N+]21 is invalid
21:37:12 <WARN> "default" filter: F[B-]1(F)n2c(-c3ccccc3)c3ccc4ccccc4c3c2N=C2c3c(ccc4ccccc34)C(c3ccccc3)=[N+]21 is invalid
21:37:12 <WARN> "default" filter: F[B-]1(F)n2c(-c3ccccc3)cc(-c3ccccc3)c2C=C2C(c3ccccc3)=CC(c3ccccc3)=[N+]21 is invalid
21:37:12 <WARN> "default" filter: F[B-]1(F)n2c(-c3ccccc3)cc(-c3ccccc3)c2N=C2C(c3ccccc3)=CC(c3ccccc3)=[N+]21 is invalid
21:37:12 <WARN> "default" filter: F[B-]1(F)n2c(-c3ccccc3)cc(-c3ccccn3)c2N=C2C(c3ccccn3)=CC(c3ccccc3)=[N+]21 is invalid
21:37:12 <WARN> "default" filter: F[B-]1(F)n2c(-c3ccccc3)cc(-c3cccs3)c2N=C2C(c3cccs3)=CC(c3ccccc3)=[N+]21 is invalid
21:37:12 <WARN> "default" filter: F[B-]1(F)n2c(-c3ccccc3)cnc2-c2cccc[n+]21 is invalid
21:37:12 <WARN> "default" filter: F[B-]1(F)n2c(-c3cccs3)cc(-c3ccccc3)c2N=C2C(c3ccccc3)=CC(c3cccs3)=[N+]21 is invalid
21:37:12 <WARN> "default" filter: F[B-]1(F)n2c(-c3cccs3)cc(-c3cccs3)c2N=C2C(c3cccs3)=CC(c3cccs3)=[N+]21 is invalid
21:37:12 <WARN> "default" filter: F[B-]1(F)n2c(/C=C/c3ccc(C(=C(c4ccccc4)c4ccccc4)c4ccccc4)cc3)ccc2C(c2ccc(C(=C(c3ccccc3)c3ccccc3)c3ccccc3)cc2)=C2C=CC(/C=C/c3ccc(C(=C(c4ccccc4)c4ccccc4)c4ccccc4)cc3)=[N+]21 is invalid
21:37:12 <WARN> "default" filter: F[B-]1(F)n2c(/C=C/c3ccc(C(=C(c4ccccc4)c4ccccc4)c4ccccc4)cc3)ccc2C(c2ccccc2)=C2C=CC(/C=C/c3ccc(C(=C(c4ccccc4)c4ccccc4)c4ccccc4)cc3)=[N+]21 is invalid
21:37:12 <WARN> "default" filter: F[B-]1(F)n2c(Cl)c(Cl)c(Br)c2C(Cl)=C2C(Br)=C(Cl)C(Cl)=[N+]21 is invalid
21:37:12 <WARN> "default" filter: F[B-]1(F)n2c(Cl)c(Cl)c(Br)c2C(Oc2ccccc2)=C2C(Br)=C(Cl)C(Cl)=[N+]21 is invalid
21:37:12 <WARN> "default" filter: F[B-]1(F)n2c(Cl)ccc2C(c2c(Cl)cccc2Cl)=C2C=CC(NCc3ccccc3)=[N+]21 is invalid
21:37:12 <WARN> "default" filter: F[B-]1(F)n2c(NCc3ccccc3)ccc2C(c2c(Cl)cccc2Cl)=C2C=CC(NCc3ccccc3)=[N+]21 is invalid
21:37:12 <WARN> "default" filter: F[B-]1(F)n2c(c(-c3ccccc3)c(-c3ccccc3)c2-c2ccccc2)C(c2ccccc2)=C2C(c3ccccc3)=C(c3ccccc3)C(c3ccccc3)=[N+]21 is invalid
21:37:12 <WARN> "default" filter: F[B-]1(F)n2c(c(-c3ccccc3)c(-c3ccccc3)c2-c2ccccc2)C=C2C(c3ccccc3)=C(c3ccccc3)C(c3ccccc3)=[N+]21 is invalid
21:37:12 <WARN> "default" filter: F[B-]1(F)n2c(c(-c3ccccc3)c(-c3cccs3)c2-c2ccccc2)N=C2C(c3ccccc3)=C(c3cccs3)C(c3ccccc3)=[N+]21 is invalid
21:37:12 <WARN> "default" filter: F[B-]1(F)n2c(c(-c3ccccc3)c3c2C2=Cc4ccccc4OC2CC3)C=C2C(c3ccccc3)=C3CCC4Oc5ccccc5C=C4C3=[N+]21 is invalid
21:37:12 <WARN> "default" filter: F[B-]1(F)n2c(c3c(c2-c2ccccc2)C2C=CC3CC2)C(c2ccccc2)=C2C3=C(C(c4ccccc4)=[N+]21)C1C=CC3CC1 is invalid
21:37:12 <WARN> "default" filter: F[B-]1(F)n2c(c3cc4ccccc4cc3c2-c2ccccc2)C=C2c3cc4ccccc4cc3C(c3ccccc3)=[N+]21 is invalid
21:37:12 <WARN> "default" filter: F[B-]1(F)n2c(c3cccc4cccc2c43)=Nc2ccc3ccccc3[n+]21 is invalid
21:37:12 <WARN> "default" filter: F[B-]1(F)n2c(c3cccc4cccc2c43)=Nc2cccc(Cl)[n+]21 is invalid
21:37:12 <WARN> "default" filter: F[B-]1(F)n2c(c3cccc4cccc2c43)=Nc2cccc[n+]21 is invalid
21:37:12 <WARN> "default" filter: F[B-]1(F)n2c(c3ccccc3c2-c2ccccc2)C(c2ccccc2)=C2c3ccccc3C(c3ccccc3)=[N+]21 is invalid
21:37:12 <WARN> "default" filter: F[B-]1(F)n2c(c3ccccc3c2-c2ccccc2)C=C2c3ccccc3C(c3ccccc3)=[N+]21 is invalid
21:37:12 <WARN> "default" filter: F[B-]1(F)n2c(c3ccccc3c2-c2ccccc2)N=C2c3ccccc3C(c3ccccc3)=[N+]21 is invalid
21:37:12 <WARN> "default" filter: F[B-]1(F)n2c(cc(-c3cccs3)c2-c2ccccc2)C(c2ccccc2)=C2C=C(c3cccs3)C(c3ccccc3)=[N+]21 is invalid
21:37:12 <WARN> "default" filter: F[B-]1(F)n2c(cc(Br)c2Br)C(c2ccccc2)=C2C=C(Br)C(Br)=[N+]21 is invalid
21:37:12 <WARN> "default" filter: F[B-]1(F)n2c(cc(Br)c2Br)C(c2ccccc2)=C2C=C(Br)C(c3ccc[nH]3)=[N+]21 is invalid
21:37:12 <WARN> "default" filter: F[B-]1(F)n2c(cc(Cl)c2-c2ccccc2)C(c2ccccc2)=C2C=C(Cl)C(c3ccccc3)=[N+]21 is invalid
21:37:12 <WARN> "default" filter: F[B-]1(F)n2c(cc3c2-c2ccccc2CC3)C(c2ccc(I)cc2)=C2C=C3CCc4ccccc4C3=[N+]21 is invalid
21:37:12 <WARN> "default" filter: F[B-]1(F)n2c(cc3c4ccccc4[nH]c32)C(c2ccccc2)=C2C=c3c([nH]c4ccccc34)=[N+]21 is invalid
21:37:12 <WARN> "default" filter: F[B-]1(F)n2c(cc3c4ccccc4c4ccccc4c32)-c2ccc3ccccc3[n+]21 is invalid
21:37:12 <WARN> "default" filter: F[B-]1(F)n2c(cc3c4ccccc4oc32)C(c2ccccc2)=C2C=c3c(oc4ccccc34)=[N+]21 is invalid
21:37:12 <WARN> "default" filter: F[B-]1(F)n2c(cc3ccc4ccccc4c32)C(c2ccc(I)cc2)=C2C=C3CCc4ccccc4C3=[N+]21 is invalid
21:37:12 <WARN> "default" filter: F[B-]1(F)n2c(cc3oc(-c4ccccc4)cc32)C=C2C=c3oc(-c4ccccc4)cc3=[N+]21 is invalid
21:37:12 <WARN> "default" filter: F[B-]1(F)n2c(cc3oc4ccccc4c32)C(c2ccc(I)cc2)=C2C=c3oc4ccccc4c3=[N+]21 is invalid
21:37:12 <WARN> "default" filter: F[B-]1(F)n2c(cc3sc4ccccc4c32)C(c2ccc(I)cc2)=C2C=c3sc4ccccc4c3=[N+]21 is invalid
21:37:12 <WARN> "default" filter: F[B-]1(F)n2c(ccc2-c2ccccc2)C(C(F)(F)F)=C2C=CC(c3ccccc3)=[N+]21 is invalid
21:37:12 <WARN> "default" filter: F[B-]1(F)n2c(ccc2-c2ccccc2)C(c2ccc(I)cc2)=C2C=CC(c3ccccc3)=[N+]21 is invalid
21:37:12 <WARN> "default" filter: F[B-]1(F)n2c(ccc2-c2cccs2)C(C(F)(F)F)=C2C=CC(c3cccs3)=[N+]21 is invalid
21:37:12 <WARN> "default" filter: F[B-]1(F)n2c(ccc2-c2cccs2)C(c2ccc(Br)cc2)=C2C=CC(c3cccs3)=[N+]21 is invalid
21:37:12 <WARN> "default" filter: F[B-]1(F)n2c(ccc2-c2nc3ccccc3s2)C(c2ccccc2)=C2C=CC(c3nc4ccccc4s3)=[N+]21 is invalid
21:37:12 <WARN> "default" filter: F[B-]1(F)n2c(ccc2-n2cccn2)C(c2cc(C(F)(F)F)cc(C(F)(F)F)c2)=C2C=CC(n3cccn3)=[N+]21 is invalid
21:37:12 <WARN> "default" filter: F[B-]1(F)n2c(ccc2-n2cccn2)C(c2ccccc2)=C2C=CC(n3cccn3)=[N+]21 is invalid
21:37:12 <WARN> "default" filter: F[B-]1(F)n2c(ccc2-n2cccn2)C(c2cccnc2)=C2C=CC(n3cccn3)=[N+]21 is invalid
21:37:12 <WARN> "default" filter: F[B-]1(F)n2c(ccc2-n2cccn2)C(c2cccs2)=C2C=CC(n3cccn3)=[N+]21 is invalid
21:37:12 <WARN> "default" filter: F[B-]1(F)n2c(ccc2-n2cccn2)C=C2C=CC(n3cccn3)=[N+]21 is invalid
21:37:12 <WARN> "default" filter: F[B-]1(F)n2c(ccc2-n2cnc3ccccc32)C(c2cccs2)=C2C=CC(n3cnc4ccccc43)=[N+]21 is invalid
21:37:12 <WARN> "default" filter: F[B-]1(F)n2c(ccc2N2CCOCC2)C(c2cc(C(F)(F)F)cc(C(F)(F)F)c2)=C2C=CC=[N+]21 is invalid
21:37:12 <WARN> "default" filter: F[B-]1(F)n2c(ccc2N2CCOCC2)C(c2ccccc2)=C2C=CC(N3CCOCC3)=[N+]21 is invalid
21:37:12 <WARN> "default" filter: F[B-]1(F)n2c(ccc2N2CCOCC2)C(c2cccnc2)=C2C=CC=[N+]21 is invalid
21:37:12 <WARN> "default" filter: F[B-]1(F)n2c(ccc2N2CCOCC2)C(c2cccs2)=C2C=CC=[N+]21 is invalid
21:37:12 <WARN> "default" filter: F[B-]1(F)n2c(nc(-c3ccccc3)c2-c2ccccc2)-c2cccc[n+]21 is invalid
21:37:12 <WARN> "default" filter: F[B-]1(F)n2c(nc(Br)c2Br)-c2cccc[n+]21 is invalid
21:37:12 <WARN> "default" filter: F[B-]1(F)n2c(nc3c4ccccc4c4ccccc4c32)-c2ccc3ccccc3[n+]21 is invalid
21:37:12 <WARN> "default" filter: F[B-]1(F)n2c(nc3c4ccccc4c4ccccc4c32)-c2cccc[n+]21 is invalid
21:37:12 <WARN> "default" filter: F[B-]1(F)n2c3[n+](c4ccccc42)[B-](F)(F)n2c(cc4c2CCCC4)C3=C2C=C3CCCCC3=[N+]21 is invalid
21:37:12 <WARN> "default" filter: F[B-]1(F)n2cccc2C(c2c3ccccc3c(-c3ccccc3)c3ccccc23)=C2C=CC=[N+]21 is invalid
21:37:12 <WARN> "default" filter: F[B-]1(F)n2cccc2C(c2c3ccccc3cc3ccccc23)=C2C=CC=[N+]21 is invalid
21:37:12 <WARN> "default" filter: F[B-]1(F)n2cccc2C(c2cc(C(F)(F)F)cc(C(F)(F)F)c2)=C2C=CC(N3CCOCC3)=[N+]21 is invalid
21:37:12 <WARN> "default" filter: F[B-]1(F)n2cccc2C(c2ccc(-c3c4ccccc4c(-c4ccccc4)c4ccccc34)cc2)=C2C=CC=[N+]21 is invalid
21:37:12 <WARN> "default" filter: F[B-]1(F)n2cccc2C(c2ccccc2)=C2C=CC(N3CCOCC3)=[N+]21 is invalid
21:37:12 <WARN> "default" filter: F[B-]1(F)n2cccc2C(c2ccccc2)=C2C=CC(c3ccc(OC4=[N+]5C(=C(c6ccccc6)c6cc(Br)c(Br)n6[B-]5(F)F)C=C4Br)cc3)=[N+]21 is invalid
21:37:12 <WARN> "default" filter: F[B-]1(F)n2cccc2C(c2ccccc2)=C2C=CC(c3cccc(OC4=[N+]5C(=C(c6ccccc6)c6cc(Br)c(-c7ccc[nH]7)n6[B-]5(F)F)C=C4Br)c3)=[N+]21 is invalid
21:37:12 <WARN> "default" filter: F[B-]1(F)n2cccc2C(c2ccccc2)=C2C=CC=[N+]21 is invalid
21:37:12 <WARN> "default" filter: F[B-]1(F)n2cccc2C(c2ccccc2)=C2C=c3c([nH]c4ccccc34)=[N+]21 is invalid
21:37:12 <WARN> "default" filter: F[B-]1(F)n2cccc2C(c2cccnc2)=C2C=CC(N3CCOCC3)=[N+]21 is invalid
21:37:12 <WARN> "default" filter: F[B-]1(F)n2cccc2C(c2cccs2)=C2C=CC(N3CCOCC3)=[N+]21 is invalid
21:37:12 <WARN> "default" filter: F[B-]1(F)n2cccc2C2=[N+]1c1cccc3cccc(c13)N2 is invalid
21:37:12 <WARN> "default" filter: F[B-]1(F)n2cccc2C=C2C=CC=[N+]21 is invalid
21:37:12 <WARN> "default" filter: F[B-]1(F)n2cccc2C=C2c3ccccc3C(c3ccc[nH]3)=[N+]21 is invalid
21:37:12 <WARN> "default" filter: F[B-]1(F)n2ccnc2-c2cccc[n+]21 is invalid
21:37:12 <WARN> "default" filter: F[B-]12OC(c3ccccc3)=Nc3cccc([n+]31)N=C(c1ccccc1)O2 is invalid
21:37:12 <WARN> "default" filter: F[B-]12Oc3ccccc3-c3c4[n+]5c(c([n+]31)-c1ccccc1O2)-c1ccccc1O[B-]5(F)Oc1ccccc1-4 is invalid
21:37:12 <WARN> "default" filter: F[Si-](F)(c1c2ccccc2cc2ccccc12)(c1c2ccccc2cc2ccccc12)c1c2ccccc2cc2ccccc12 is invalid
21:37:12 <WARN> "default" filter: F[Si-](F)(c1ccccc1)(c1ccccc1)c1c2ccccc2cc2ccccc12 is invalid
21:37:12 <WARN> "default" filter: F[Si-](F)(c1ccccc1)(c1ccccc1)c1cccc2ccccc12 is invalid
21:37:12 <WARN> "default" filter: F[Si](c1c2ccccc2cc2ccccc12)(c1c2ccccc2cc2ccccc12)c1c2ccccc2cc2ccccc12 is invalid
21:37:12 <WARN> "default" filter: F[Si](c1ccccc1)(c1c2ccccc2cc2ccccc12)c1c2ccccc2cc2ccccc12 is invalid
21:37:12 <WARN> "default" filter: F[Si](c1ccccc1)(c1ccccc1)c1c2ccccc2cc2ccccc12 is invalid
21:37:12 <WARN> "default" filter: F[Si](c1ccccc1)(c1ccccc1)c1cc2ccccc2c2ccccc12 is invalid
21:37:12 <WARN> "default" filter: F[Si](c1ccccc1)(c1ccccc1)c1cccc2ccccc12 is invalid
21:37:12 <WARN> "default" filter: Fc1c(-n2c3ccccc3c3ccccc32)c(-c2nnc(-c3ccccc3)o2)c(-n2c3ccccc3c3ccccc32)c(-n2c3ccccc3c3ccccc32)c1-n1c2ccccc2c2ccccc21 is invalid
21:37:12 <WARN> "default" filter: Fc1c(F)c(F)c(-c2cc3n(c2)[B-](F)(F)[N+]2=CC=CC2=C3c2ccccc2)c(F)c1F is invalid
21:37:12 <WARN> "default" filter: Fc1c(F)c(F)c(C2=CC3=C(c4ccccc4)c4cc(-c5c(F)c(F)c(F)c(F)c5F)cn4[B-](F)(F)[N+]3=C2)c(F)c1F is invalid
21:37:12 <WARN> "default" filter: Fc1c(F)c(F)c([N+]2=Cc3cccn3[B-]2(c2ccccc2)c2ccccc2)c(F)c1F is invalid
21:37:12 <WARN> "default" filter: Fc1cc([N+]2=Cc3cccn3[B-]2(c2ccccc2)c2ccccc2)cc(F)c1F is invalid
21:37:12 <WARN> "default" filter: Fc1ccc(C2=C(c3ccc(F)cc3)C3=Cc4ccccc4NB3OB3Nc4ccccc4C=C32)cc1 is invalid
21:37:12 <WARN> "default" filter: Fc1ccc(C2=C(c3ccc(F)cc3)[Si](c3ccccc3)(c3ccccc3)c3ccccc32)cc1 is invalid
21:37:12 <WARN> "default" filter: Fc1ccc(C2=C(c3ccc(F)cc3)c3ccccc3B3Nc4ccccc4C=C32)cc1 is invalid
21:37:12 <WARN> "default" filter: Fc1ccc(C2=[N+]3C(=Nc4c5ccccc5c(-c5ccc(F)cc5)n4[B-]3(F)F)c3ccccc32)cc1 is invalid
21:37:12 <WARN> "default" filter: Fc1ccc([N+]2=Cc3cccn3[B-]2(c2ccccc2)c2ccccc2)cc1 is invalid
21:37:12 <WARN> "default" filter: Fc1ccc2c(c1)C(c1ccccc1)=C(c1ccccc1)C1=Cc3ccccc3NB12 is invalid
21:37:12 <WARN> "default" filter: Fc1cccc(C2=Cc3ccc4ccccc4[n+]3[B-](F)(F)O2)c1 is invalid
21:37:12 <WARN> "default" filter: Fc1cccc(F)c1-c1cc2n(c1)[B-](F)(F)[N+]1=CC=CC1=C2c1ccccc1 is invalid
21:37:12 <WARN> "default" filter: Fc1cccc(F)c1C1=CC2=C(c3ccccc3)c3cc(-c4c(F)cccc4F)cn3[B-](F)(F)[N+]2=C1 is invalid
21:37:12 <WARN> "default" filter: Fc1cccc2c1C=C1B(c3ccccc3C(c3ccccc3)=C1c1ccccc1)N2Cc1ccccc1 is invalid
21:37:12 <WARN> "default" filter: II is invalid
21:37:12 <WARN> "default" filter: I[I-]I is invalid
21:37:12 <WARN> "default" filter: Ic1ccc(-c2c3ccc(=[N+]4CCCCC4)cc-3oc3cc(N4CCCCC4)ccc23)cc1 is invalid
21:37:12 <WARN> "default" filter: Ic1ccc(/C=C/N(c2ccccc2)c2ccccc2)cc1 is invalid
21:37:12 <WARN> "default" filter: Ic1ccc(C2=C3C=CC4=[N+]3[B-]3(Oc5ccccc54)Oc4ccccc4-c4ccc2n43)cc1 is invalid
21:37:12 <WARN> "default" filter: N#C/C(=C/c1ccc(-c2ccc(C#C[Ru]34(C#Cc5ccc(-n6c7ccccc7c7ccccc76)cc5)([P](c5ccccc5)(c5ccccc5)CC[P]3(c3ccccc3)c3ccccc3)[P](c3ccccc3)(c3ccccc3)CC[P]4(c3ccccc3)C3C=CC=CC3)c3nsnc23)s1)C(=O)O is invalid
21:37:12 <WARN> "default" filter: N#C/C(=C/c1ccc(-c2ccc(C#C[Ru]34(C#Cc5ccc(-n6c7ccccc7c7ccccc76)cc5)([P](c5ccccc5)(c5ccccc5)CC[P]3(c3ccccc3)c3ccccc3)[P](c3ccccc3)(c3ccccc3)CC[P]4(c3ccccc3)c3ccccc3)c3nsnc23)cc1)C(=O)O is invalid
21:37:13 <WARN> "default" filter: N#C/C(=C/c1ccc(/C2=c3\cc/c4n3[Zn]n3c(ccc3/C(N(c3ccccc3)c3ccccc3)=C3/C=CC(=N3)/C=4c3ccccc3)/C(c3ccccc3)=C3/C=CC2=N3)cc1)C(=O)O is invalid
21:37:13 <WARN> "default" filter: N#C/C(=C/c1ccc(/C2=c3\cc/c4n3[Zn]n3c(ccc3/C(N3c5ccccc5C=Cc5ccccc53)=C3/C=CC(=N3)/C=4c3ccccc3)/C(c3ccccc3)=C3/C=CC2=N3)cc1)C(=O)O is invalid
21:37:13 <WARN> "default" filter: N#C/C(=C/c1ccc(/C2=c3\cc/c4n3[Zn]n3c(ccc3/C(N3c5ccccc5CCc5ccccc53)=C3/C=CC(=N3)/C=4c3ccccc3)/C(c3ccccc3)=C3/C=CC2=N3)cc1)C(=O)O is invalid
21:37:13 <WARN> "default" filter: N#C/C(=C/c1ccc(C#C/C2=c3\cc/c4n3[Zn]n3c(ccc3/C(N(c3ccccc3)c3ccccc3)=C3/C=CC(=N3)/C=4c3ccccc3)/C(c3ccccc3)=C3/C=CC2=N3)cc1)C(=O)O is invalid
21:37:13 <WARN> "default" filter: N#C/C(=C\C1=CC2=N/C1=C(/c1ccccc1)c1ccc3n1[Zn]n1/c(cc/c1=C/2c1ccccc1)=C(/c1ccccc1)C1=N/C(=C\3c2ccccc2)C=C1)C(=O)O is invalid
21:37:13 <WARN> "default" filter: N#C/C(=C\[C@@H]1COc2c(-c3ccc(N(c4ccccc4)c4ccccc4)cc3)sc(COCCCCCCCCOCc3sc(-c4ccc(N(c5ccccc5)c5ccccc5)cc4)c4c3O[C@H](/C=C(\C#N)C(=O)O)CO4)c2O1)C(=O)O is invalid
21:37:13 <WARN> "default" filter: N#C/C(=C\[C@@H]1COc2c(COCCCCCCCCOCc3sc(-c4ccc(N(c5ccccc5)c5ccccc5)cc4)c4c3OC[C@@H](/C=C(\C#N)C(=O)O)O4)sc(-c3ccc(N(c4ccccc4)c4ccccc4)cc3)c2O1)C(=O)O is invalid
21:37:13 <WARN> "default" filter: N#C/C(=C\c1cc(-c2ccc(N(c3ccccc3)c3ccccc3)cc2)c(-c2ccc(N(c3ccc(-c4ccc(N(c5ccccc5)c5ccccc5)cc4)cc3)c3ccc(-c4ccc(N(c5ccccc5)c5ccccc5)cc4)cc3)cc2)s1)C(=O)O is invalid
21:37:13 <WARN> "default" filter: N#C/C(=C\c1cc(-c2ccc(N(c3ccccc3)c3ccccc3)cc2)c(-c2sc(-c3cc(-c4ccc(N(c5ccccc5)c5ccccc5)cc4)c(-c4ccc(N(c5ccccc5)c5ccccc5)cc4)s3)cc2-c2ccc(N(c3ccccc3)c3ccccc3)cc2)s1)C(=O)O is invalid
21:37:13 <WARN> "default" filter: N#C/C(=C\c1cc(-c2ccc(N(c3ccccc3)c3ccccc3)cc2)c(-c2sc(-c3ccc(-c4ccc(N(c5ccccc5)c5ccccc5)cc4)s3)cc2-c2ccc(N(c3ccccc3)c3ccccc3)cc2)s1)C(=O)O is invalid
21:37:13 <WARN> "default" filter: N#C/C(=C\c1ccc(-c2ccc(-c3cc(-c4ccc(-c5ccc(N(c6ccccc6)c6ccccc6)cc5)s4)c(-c4ccc(-c5ccc(N(c6ccccc6)c6ccccc6)cc5)s4)s3)s2)s1)C(=O)O is invalid
21:37:13 <WARN> "default" filter: N#C/C(=C\c1ccc(-c2ccc(-c3ccc(-n4c5ccc(-c6ccc(C=Cc7ccc(N(c8ccccc8)c8ccccc8)cc7)cc6)cc5c5cc(-c6ccc(C=Cc7ccc(N(c8ccccc8)c8ccccc8)cc7)cc6)ccc54)s3)c3nsnc23)s1)C(=O)O is invalid
21:37:13 <WARN> "default" filter: N#C/C(=C\c1ccc(-c2ccc(-c3ccc(N(c4ccc(C#Cc5cc6ccc5CCCc5ccc(cc5)CCC6)cc4)c4ccc(C#Cc5cc6ccc5CCCc5ccc(cc5)CCC6)cc4)cc3)s2)s1)C(=O)O is invalid
21:37:13 <WARN> "default" filter: N#C/C(=C\c1ccc(-c2ccc(/C3=c4\cc/c5n4[Zn]n4c(ccc4/C(c4ccc(-n6c7ccccc7c7ccccc76)cc4)=C4/C=CC3=N4)/C(c3ccc(-n4c6ccccc6c6ccccc64)cc3)=C3/C=CC(=N3)/C=5c3ccc(-n4c5ccccc5c5ccccc54)cc3)s2)s1)C(=O)O is invalid
21:37:13 <WARN> "default" filter: N#C/C(=C\c1ccc(-c2ccc(N(c3ccc(-c4ccc(/C=C(\C#N)c5ccc(C#N)cc5)cc4)cc3)c3ccc(-c4ccc(/C=C(\C#N)c5ccc(C#N)cc5)cc4)cc3)cc2)cc1)c1ccc(C#N)cc1 is invalid
21:37:13 <WARN> "default" filter: N#C/C(=C\c1ccc(-c2ccc(N(c3ccc(I)cc3)c3ccc(-n4c5ccccc5c5ccccc54)cc3)cc2)s1)C(=O)O is invalid
21:37:13 <WARN> "default" filter: N#C/C(=C\c1ccc(-c2ccc3c(c2)c2ccccc2n3-c2ccc(N(c3ccc(-n4c5ccccc5c5ccccc54)cc3)c3ccc(-n4c5ccccc5c5ccccc54)cc3)cc2)s1)C(=O)O is invalid
21:37:13 <WARN> "default" filter: N#C/C(=C\c1ccc(C=C2C=C(c3ccc(I)cc3)OC(c3ccc(I)cc3)=C2)cc1)C(=O)O is invalid
21:37:13 <WARN> "default" filter: N#C/C(=C\c1ccc(C=Cc2ccc(N(c3ccc(-c4ccc(C(=C(c5ccccc5)c5ccccc5)c5ccccc5)cc4)cc3)c3ccc(-c4ccc(C(=C(c5ccccc5)c5ccccc5)c5ccccc5)cc4)cc3)cc2)o1)C(=O)O is invalid
21:37:13 <WARN> "default" filter: N#C/C(=C\c1ccc(C=Cc2ccc(N(c3ccc(-c4ccc(C(=C(c5ccccc5)c5ccccc5)c5ccccc5)cc4)cc3)c3ccc(-c4ccc(C(=C(c5ccccc5)c5ccccc5)c5ccccc5)cc4)cc3)cc2)s1)C(=O)O is invalid
21:37:13 <WARN> "default" filter: N#C/C(=C\c1sc(-c2ccc(N(c3ccccc3)c3ccccc3)cc2)c2c1O[C@@H](COCCCCCCCCOC[C@H]1COc3c(/C=C(\C#N)C(=O)O)sc(-c4ccc(N(c5ccccc5)c5ccccc5)cc4)c3O1)CO2)C(=O)O is invalid
21:37:13 <WARN> "default" filter: N#CC(=CC1COc2c(-c3ccc(N(c4ccccc4)c4ccccc4)cc3)sc(COCCCCCCCCOCc3sc(-c4ccc(N(c5ccccc5)c5ccccc5)cc4)c4c3OC(C=C(C#N)C(=O)O)CO4)c2O1)C(=O)O is invalid
21:37:13 <WARN> "default" filter: N#CC(=CC1COc2c(COCCCCCCCCOCc3sc(-c4ccc(N(c5ccccc5)c5ccccc5)cc4)c4c3OCC(C=C(C#N)C(=O)O)O4)sc(-c3ccc(N(c4ccccc4)c4ccccc4)cc3)c2O1)C(=O)O is invalid
21:37:13 <WARN> "default" filter: N#CC(=Cc1ccc(-c2ccc(-c3ccc(-n4c5ccc(-c6ccc(C=Cc7ccc(N(c8ccccc8)c8ccccc8)cc7)cc6)cc5c5cc(-c6ccc(C=Cc7ccc(N(c8ccccc8)c8ccccc8)cc7)cc6)ccc54)cc3)s2)s1)C(=O)O is invalid
21:37:13 <WARN> "default" filter: N#CC(=Cc1ccc(-c2ccc(C(=C(c3ccc(N(c4ccccc4)c4ccccc4)cc3)c3ccc(N(c4ccccc4)c4ccccc4)cc3)c3ccc(N(c4ccccc4)c4ccccc4)cc3)cc2)cc1)C(=O)O is invalid
21:37:13 <WARN> "default" filter: N#CC(=Cc1ccc(-c2ccc(C(=C(c3ccc(N(c4ccccc4)c4ccccc4)cc3)c3ccc(N(c4ccccc4)c4ccccc4)cc3)c3ccc(N(c4ccccc4)c4ccccc4)cc3)cc2)o1)C(=O)O is invalid
21:37:13 <WARN> "default" filter: N#CC(=Cc1ccc(-c2ccc(C(=C(c3ccc(N(c4ccccc4)c4ccccc4)cc3)c3ccc(N(c4ccccc4)c4ccccc4)cc3)c3ccc(N(c4ccccc4)c4ccccc4)cc3)cc2)s1)C(=O)O is invalid
21:37:13 <WARN> "default" filter: N#CC(=Cc1ccc(-c2ccc3c4c(cccc24)-c2c-3c(-c3ccc(N(c4ccccc4)c4ccccc4)cc3)c3ccccc3c2-c2ccc(N(c3ccccc3)c3ccccc3)cc2)cc1)C(=O)O is invalid
21:37:13 <WARN> "default" filter: N#CC(=Cc1ccc(C#C/C2=C3\C=CC(=N3)/C(c3ccccc3)=c3/cc/c4n3[Zn]n3c2ccc3/C(c2ccccc2)=C2/C=CC(=N2)/C=4N(c2ccccc2)c2ccccc2)cc1)C(=O)O is invalid
21:37:13 <WARN> "default" filter: N#CC(=Cc1sc(-c2ccc(N(c3ccc(-c4ccc(N(c5ccccc5)c5ccccc5)cc4)cc3)c3ccc(-c4ccc(N(c5ccccc5)c5ccccc5)cc4)cc3)cc2)c2c1OCCO2)C(=O)O is invalid
21:37:13 <WARN> "default" filter: N#CC(=Cc1sc(-c2ccc(N(c3ccccc3)c3ccccc3)cc2)c2c1OC(COCCCCCCCCOCC1COc3c(C=C(C#N)C(=O)O)sc(-c4ccc(N(c5ccccc5)c5ccccc5)cc4)c3O1)CO2)C(=O)O is invalid
21:37:13 <WARN> "default" filter: N#CC(C#N)=Cc1ccc2nc(C#Cc3ccc(N(c4ccc(C#Cc5nc6ccc(C=C(C#N)C#N)cc6s5)cc4)c4ccc(C#Cc5nc6ccc(C=C(C#N)C#N)cc6s5)cc4)cc3)sc2c1 is invalid
21:37:13 <WARN> "default" filter: N#CC(C#N)=Cc1nc2ccc(C#Cc3ccc(N(c4ccc(C#Cc5ccc6nc(C=C(C#N)C#N)sc6c5)cc4)c4ccc(C#Cc5ccc6nc(C=C(C#N)C#N)sc6c5)cc4)cc3)cc2s1 is invalid
21:37:13 <WARN> "default" filter: N#CC1=C2C=CC=CN2[B-](F)(F)[n+]2cc(-c3ccc(N4c5ccccc5Sc5cc(/C=C(/C#N)C(=O)O)ccc54)cc3)ccc21 is invalid
21:37:13 <WARN> "default" filter: N#CC1=CC(/C=C/c2ccccc2)=CC(C#N)=P1(c1ccccc1)c1ccccc1 is invalid
21:37:13 <WARN> "default" filter: N#CC1=CC(Br)=CC(C#N)=P1(c1ccccc1)c1ccccc1 is invalid
21:37:13 <WARN> "default" filter: N#CC1=CC(C#Cc2ccccc2)=CC(C#N)=P1(c1ccccc1)c1ccccc1 is invalid
21:37:13 <WARN> "default" filter: N#CC1=CC(C=O)=CC(C#N)=P1(c1ccccc1)c1ccccc1 is invalid
21:37:13 <WARN> "default" filter: N#CC1=CC=CC(C#N)=P1(c1ccccc1)c1ccccc1 is invalid
21:37:13 <WARN> "default" filter: N#CSC1=CC2=C(c3c(Cl)cccc3Cl)c3cc(SC#N)c(NCc4ccccc4)n3[B-](F)(F)[N+]2=C1NCc1ccccc1 is invalid
21:37:13 <WARN> "default" filter: N#CSC1=CC2=C(c3ccccc3)c3cc(SC#N)c(N4CCOCC4)n3[B-](F)(F)[N+]2=C1N1CCOCC1 is invalid
21:37:13 <WARN> "default" filter: N#CSC1=CC2=C(c3ccccc3)c3ccc(N4CCOCC4)n3[B-](F)(F)[N+]2=C1N1CCOCC1 is invalid
21:37:13 <WARN> "default" filter: N#CSC1=CC2=C(c3ccccc3)c3ccc(SC#N)n3[B-](F)(F)[N+]2=C1N1CCOCC1 is invalid
21:37:13 <WARN> "default" filter: N#CSc1ccc2n1[B-](F)(F)[N+]1=C(N3CCOCC3)C=CC1=C2c1ccccc1 is invalid
21:37:13 <WARN> "default" filter: N#C[Se]CCCCCOc1ccc2ccc(=O)oc2c1 is invalid
21:37:14 <WARN> "default" filter: N#Cc1c(-n2c3ccc(Br)cc3c3cc(Br)ccc32)c(-n2c3ccc(Br)cc3c3cc(Br)ccc32)c(C#N)c(-n2c3ccc(Br)cc3c3cc(Br)ccc32)c1-n1c2ccc(Br)cc2c2cc(Br)ccc21 is invalid
21:37:14 <WARN> "default" filter: N#Cc1c(-n2c3ccc(I)cc3c3cc(I)ccc32)c(-n2c3ccc(I)cc3c3cc(I)ccc32)c(C#N)c(-n2c3ccc(I)cc3c3cc(I)ccc32)c1-n1c2ccc(I)cc2c2cc(I)ccc21 is invalid
21:37:14 <WARN> "default" filter: N#Cc1c(-n2c3ccccc3c3cc(I)ccc32)c(-n2c3ccccc3c3cc(I)ccc32)c(C#N)c(-n2c3ccccc3c3cc(I)ccc32)c1-n1c2ccccc2c2cc(I)ccc21 is invalid
21:37:14 <WARN> "default" filter: N#Cc1cc(C#N)c(-c2cc(-n3c4ccccc4c4ccccc43)cc(-n3c4ccccc4c4ccccc43)c2)cc1-c1cc(-n2c3ccccc3c3ccccc32)cc(-n2c3ccccc3c3ccccc32)c1 is invalid
21:37:14 <WARN> "default" filter: N#Cc1ccc(-c2pc3ccccc3s2)cc1 is invalid
21:37:14 <WARN> "default" filter: N#Cc1ccc(-n2c(-c3ccc(-c4ccc(-c5nc6c7ccccc7c7ccccc7c6n5-c5ccc(C#N)c6ccccc56)c5ccccc45)c4ccccc34)nc3c4ccccc4c4ccccc4c32)c2ccccc12 is invalid
21:37:14 <WARN> "default" filter: N#Cc1ccc(-n2c(-c3ccc(-c4ccc(-c5nc6c7ccccc7c7ccccc7c6n5-c5ccc(C#N)c6ccccc56)cc4)cc3)nc3c4ccccc4c4ccccc4c32)c2ccccc12 is invalid
21:37:14 <WARN> "default" filter: N#Cc1ccc(/C2=C3/N=C(C(c4ccccc4)=C3c3ccccc3)/C(c3ccc(C#N)cc3)=c3\[nH]/c(c(-c4ccccc4)c3-c3ccccc3)=C(/c3ccc(C#N)cc3)C3=N/C(=C(/c4ccc(C#N)cc4)c4[nH]c2c(-c2ccccc2)c4-c2ccccc2)C(c2ccccc2)=C3c2ccccc2)cc1 is invalid
21:37:14 <WARN> "default" filter: N#Cc1ccc(C2=C3C=CC(n4cccn4)=[N+]3[B-](F)(F)n3c2ccc3-n2cccn2)cc1 is invalid
21:37:14 <WARN> "default" filter: N#Cc1ccc(C2=C3C=CC(n4cnc5ccccc54)=[N+]3[B-](F)(F)n3c2ccc3-n2cnc3ccccc32)cc1 is invalid
21:37:14 <WARN> "default" filter: N#Cc1ccc(C2=CC3=c4cc(-c5ccc(C#N)cc5)c5nc(C(F)(F)C(F)(F)C(F)(F)F)nc6c(-c7ccc(C#N)cc7)cc(c4c65)C4=CC(c5ccc(C#N)cc5)=C5N=C(C(F)(F)C(F)(F)C(F)(F)F)N=C2C5C43)cc1 is invalid
21:37:14 <WARN> "default" filter: N#Cc1ccc(C2=Cc3cc4ccccc4cc3P2(=O)c2ccccc2)cc1 is invalid
21:37:14 <WARN> "default" filter: N#Cc1ccc(C2=Cc3ccccc3P2(=O)c2ccccc2)cc1 is invalid
21:37:14 <WARN> "default" filter: N#Cc1ccc([N+]2=Cc3cccn3[B-]2(c2ccccc2)c2ccccc2)cc1 is invalid
21:37:14 <WARN> "default" filter: N#Cc1cccc(-c2pc3ccccc3s2)c1 is invalid
21:37:14 <WARN> "default" filter: N#Cc1nc(N(Cc2ccc(I)cc2)Cc2ccc(I)cc2)c(C#N)nc1N(Cc1ccc(I)cc1)Cc1ccc(I)cc1 is invalid
21:37:14 <WARN> "default" filter: N#Cc1nc(N(Cc2ccccc2I)Cc2ccccc2I)c(C#N)nc1N(Cc1ccccc1I)Cc1ccccc1I is invalid
21:37:14 <WARN> "default" filter: NC(=O)C1=CN([C@H]2C[C@H](O)[C@@H](COP(=O)([O-])OP(=O)([O-])OC[C@H]3O[C@@H](n4cnc5c(N)ncnc54)C[C@@H]3O)O2)C=CC1 is invalid
21:37:14 <WARN> "default" filter: NC1=C2C=CC=[N+]2[B-](F)(F)n2cccc21 is invalid
21:37:14 <WARN> "default" filter: Nc1ccc2c(-c3ccccc3CO)c3ccc(=[NH2+])cc-3[se]c2c1 is invalid
21:37:14 <WARN> "default" filter: Nc1ccc2c(ccc3[n+]2[B-](F)(F)n2c-3cc3c4ccccc4c4ccccc4c32)c1 is invalid
21:37:14 <WARN> "default" filter: Nc1cccc2c1ccc1[n+]2[B-](F)(F)n2c-1cc1c3ccccc3c3ccccc3c12 is invalid
21:37:14 <WARN> "default" filter: O=C(CI)NCc1ccc2ccc3cccc4ccc1c2c34 is invalid
21:37:14 <WARN> "default" filter: O=C(CI)Nc1ccc2ccc3cccc4ccc1c2c34 is invalid
21:37:14 <WARN> "default" filter: O=C(CI)OCc1cc2cccc3ccc4cccc1c4c32 is invalid
21:37:14 <WARN> "default" filter: O=C(COc1ccc(/C=C/c2ccc3n2[B-](F)(F)[N+]2=C(c4cccs4)C=CC2=C3)cc1)NCCCCCC(=O)N1C(=O)CCC1=O is invalid
21:37:14 <WARN> "default" filter: O=C(O)C(=C/C=C/C1=C/C2=C(\c3ccccc3)c3ccc4n3[Zn]n3/c(cc/c3=C(\c3ccccc3)C1=N2)=C(/c1ccccc1)C1=N/C(=C\4c2ccccc2)C=C1)C(=O)O is invalid
21:37:14 <WARN> "default" filter: O=C(O)C(=Cc1ccc(C#C/C2=C3\C=CC(=N3)/C(c3ccccc3)=c3/cc/c4n3[Zn]n3c2ccc3/C(c2ccccc2)=C2/C=CC(=N2)/C=4N(c2ccccc2)c2ccccc2)cc1)C(=O)O is invalid
21:37:14 <WARN> "default" filter: O=C(O)C(=Cc1ccc(C#C/C2=c3\cc/c4n3[Zn]n3c(ccc3/C(N(c3ccccc3)c3ccccc3)=C3/C=CC(=N3)/C=4c3ccccc3)/C(c3ccccc3)=C3/C=CC2=N3)cc1)C(=O)O is invalid
21:37:14 <WARN> "default" filter: O=C(O)C1=C(C(=O)O)C2=C[C@H]3c4ccccc4[C@]2([Se]1)c1ccccc13 is invalid
21:37:14 <WARN> "default" filter: O=C(O)C1=CC2=C3C=C(C(=O)O)C=CN3[Ru]3(N=C=S)(N=C=S)(N2C=C1)N1C=CC(C(=O)O)=CC1=C1C=C(C(=O)O)C=CN13 is invalid
21:37:14 <WARN> "default" filter: O=C(O)C=C/C1=c2\cc/c3n2[Zn]n2c(ccc2/C(c2ccccc2)=C2/C=CC(=N2)/C=3c2ccccc2)/C(c2ccccc2)=C2/C=CC1=N2 is invalid
21:37:14 <WARN> "default" filter: O=C(O)CC(C(=O)O)c1ccc2c3n4c(c2c1)/N=C1\N=C(/N=c2/c5cc(-c6ccc(N(c7ccccc7)c7ccccc7)cc6)ccc5/c(n2[Zn]4)=N/C2=N/C(=N\3)c3cc(-c4ccc(N(c5ccccc5)c5ccccc5)cc4)ccc32)c2ccc(-c3ccc(N(c4ccccc4)c4ccccc4)cc3)cc21 is invalid
21:37:14 <WARN> "default" filter: O=C(O)CCCCCNC(=O)COc1ccc(/C=C/c2ccc3n2[B-](F)(F)[N+]2=C(c4cccs4)C=CC2=C3)cc1 is invalid
21:37:14 <WARN> "default" filter: O=C(O)CCCCCOc1ccc(/C=C/c2ccc3n2[B-](F)(F)[n+]2c4n(c5ccccc52)[B-](F)(F)[N+]2=CC=CC2=C34)cc1 is invalid
21:37:14 <WARN> "default" filter: O=C(O)CCc1ccc2n1[B-](F)(F)[N+]1=C(c3ccccc3)C=CC1=C2 is invalid
21:37:14 <WARN> "default" filter: O=C(O)CN1C(=O)/C(=C/c2ccc(-c3ccc4c(c3)c3ccccc3n4-c3ccc(N(c4ccc(-n5c6ccccc6c6ccccc65)cc4)c4ccc(-n5c6ccccc6c6ccccc65)cc4)cc3)s2)SC1=S is invalid
21:37:14 <WARN> "default" filter: O=C(O)CN1C(=O)/C(=C\c2ccc(-c3ccc(-c4cc5ccc(B(O)O)c6ccc7cccc4c7c56)c4nsnc34)o2)SC1=S is invalid
21:37:14 <WARN> "default" filter: O=C(O)CN1C(=O)/C(=C\c2ccc(-c3ccc(-c4ccc(-c5ccc(-c6ccc(B(O)O)s6)s5)s4)c4nsnc34)o2)SC1=S is invalid
21:37:14 <WARN> "default" filter: O=C(O)CN1C(=O)/C(=C\c2ccc(-c3ccc(-c4ccc5c(B(O)O)c6ccccc6cc5c4)c4nsnc34)o2)SC1=S is invalid
21:37:14 <WARN> "default" filter: O=C(O)CN1C(=O)C(=Cc2ccc(-c3ccc(N(c4ccc(-c5ccc(C=C6SC(=S)N(CC(=O)O)C6=O)s5)cc4)c4ccc(-c5ccc(C=C6SC(=S)N(CC(=O)O)C6=O)s5)cc4)cc3)s2)SC1=S is invalid
21:37:14 <WARN> "default" filter: O=C(O)[C@@H]1C=CN2C(=C1)C1=C[C@H](C(=O)O)C=CN1[Ru]21(N=C=S)(N=C=S)N2C=C[C@@H](C(=O)O)C=C2C2=C[C@H](C(=O)O)C=CN21 is invalid
21:37:14 <WARN> "default" filter: O=C(O)c1cc(C(=O)O)cc(-c2nc(-c3ccc(/C=C/c4ccc(-c5ccc(N(c6ccccc6)c6ccccc6)cc5)s4)s3)nc(-c3ccc(/C=C/c4ccc(-c5ccc(N(c6ccccc6)c6ccccc6)cc5)s4)s3)n2)c1 is invalid
21:37:14 <WARN> "default" filter: O=C(O)c1cc(N=C=S)ccc1-c1c2cc(I)c(=O)c(I)c-2oc2c(I)c(O)c(I)cc12 is invalid
21:37:14 <WARN> "default" filter: O=C(O)c1cc2c(cc1C(=O)O)/N=C/c1cc(N(c3ccccc3)c3ccccc3)ccc1O[Zn]Oc1ccc(N(c3ccccc3)c3ccccc3)cc1/C=N/2 is invalid
21:37:14 <WARN> "default" filter: O=C(O)c1ccc(-c2c3nc(c(-c4ccc(N(c5ccccc5)c5ccccc5)cc4)c4ccc([nH]4)c(-c4ccc(N(c5ccccc5)c5ccccc5)cc4)c4nc(c(-c5ccc(C(=O)O)cc5)c5ccc2s5)C=C4)C=C3)cc1 is invalid
21:37:14 <WARN> "default" filter: O=C(O)c1ccc(-c2ccc(C#C[Ru]34(C#Cc5ccc(-n6c7ccccc7c7ccccc76)cc5)([P](c5ccccc5)(c5ccccc5)CC[P]3(c3ccccc3)c3ccccc3)[P](c3ccccc3)(c3ccccc3)CC[P+]4(c3ccccc3)c3ccccc3)c3nsnc23)cc1 is invalid
21:37:14 <WARN> "default" filter: O=C(O)c1ccc(-c2ccc(N(c3ccc(-c4ccc(C5=C6C=CC(c7ccccc7)=[N+]6[B-](F)(F)n6c5ccc6-c5ccccc5)s4)cc3)c3ccc(-c4ccc(C5=C6C=CC(c7ccccc7)=[N+]6[B-](F)(F)n6c5ccc6-c5ccccc5)s4)cc3)cc2)cc1 is invalid
21:37:14 <WARN> "default" filter: O=C(O)c1ccc(-c2nc(-c3ccc(/C=C/c4ccc(-c5ccc(N(c6ccccc6)c6ccccc6)cc5)s4)s3)nc(-c3ccc(/C=C/c4ccc(-c5ccc(N(c6ccccc6)c6ccccc6)cc5)s4)s3)n2)cc1 is invalid
21:37:14 <WARN> "default" filter: O=C(O)c1ccc(/C2=C3\C=CC(=N3)/C(c3ccc(C(=O)O)cc3)=c3/cc/c4n3[Zn]n3c2ccc3/C(c2ccc(C(=O)O)cc2)=C2/C=CC(=N2)/C=4c2ccc(C(=O)O)cc2)cc1 is invalid
21:37:14 <WARN> "default" filter: O=C(O)c1ccc(/C2=C3\C=CC(=N3)/C(c3ccc(C(=O)O)cc3)=c3/cc/c4n3[Zn]n3c2ccc3/C(c2ccc(C(=O)O)cc2)=C2/C=CC(=N2)/C=4c2ccc(N(c3ccccc3)c3ccccc3)cc2)cc1 is invalid
21:37:14 <WARN> "default" filter: O=C(O)c1ccc(/C2=C3\C=CC(=N3)/C(c3ccc(N(c4ccccc4)c4ccccc4)cc3)=c3/cc/c4n3[Zn]n3c(ccc32)/C(c2ccc(N(c3ccccc3)c3ccccc3)cc2)=C2/C=CC(=N2)/C=4c2ccc(C(=O)O)cc2)cc1 is invalid
21:37:14 <WARN> "default" filter: O=C(O)c1ccc(/C2=C3\C=CC(=N3)/C(c3ccc(N(c4ccccc4)c4ccccc4)cc3)=c3/cc/c4n3[Zn]n3c2ccc3/C(c2ccc(N(c3ccccc3)c3ccccc3)cc2)=C2/C=CC(=N2)/C=4c2ccc(N(c3ccccc3)c3ccccc3)cc2)cc1 is invalid
21:37:14 <WARN> "default" filter: O=C(O)c1ccc(/C2=C3\C=CC(=N3)/C(c3ccccc3)=c3/cc/c4n3[Zn]n3c(ccc32)/C(c2ccccc2)=C2/C=CC(=N2)/C=4c2ccccc2)cc1 is invalid
21:37:14 <WARN> "default" filter: O=C(O)c1ccc(/C2=c3\cc/c4n3[Zn]n3c(ccc3/C(c3ccccc3)=C3/C=CC2=N3)/C(c2ccccc2)=C2/C=CC(=N2)/C=4c2ccccc2)cc1 is invalid
21:37:14 <WARN> "default" filter: O=C(O)c1ccc(C#C/C2=C3\C=CC(=N3)/C(c3ccccc3)=c3/cc/c4n3[Zn]n3c2ccc3/C(c2ccccc2)=C2/C=CC(=N2)/C=4N(c2ccccc2)c2ccccc2)cc1 is invalid
21:37:14 <WARN> "default" filter: O=C(O)c1ccc(C#C/C2=C3\C=CC(=N3)/C(c3ccccc3)=c3/cc/c4n3[Zn]n3c2ccc3/C(c2ccccc2)=C2/C=CC(=N2)/C=4N(c2ccccc2)c2ccccc2)cc1O is invalid
21:37:14 <WARN> "default" filter: O=C(O)c1ccc(C#C/C2=c3\cc/c4n3[Zn]n3c(ccc3/C(N(c3ccccc3)c3ccccc3)=C3/C=CC(=N3)/C=4c3ccccc3)/C(c3ccccc3)=C3/C=CC2=N3)cc1 is invalid
21:37:14 <WARN> "default" filter: O=C(O)c1ccc(C#C/C2=c3\cc/c4n3[Zn]n3c(ccc3/C(N(c3ccccc3)c3ccccc3)=C3/C=CC(=N3)/C=4c3ccccc3)/C(c3ccccc3)=C3/C=CC2=N3)cc1O is invalid
21:37:14 <WARN> "default" filter: O=C(O)c1ccc(C#CC2=c3ccc4n3[Zn]35n6c2ccc6C(c2ccc(N(c6ccccc6)c6ccccc6)cc2)=c2ccc(n23)=C(c2ccc(N(c3ccccc3)c3ccccc3)cc2)c2ccc(n25)C=4c2ccc(N(c3ccccc3)c3ccccc3)cc2)cc1 is invalid
21:37:14 <WARN> "default" filter: O=C(O)c1ccc(C2=C(/C=C/c3[se]c4ccccc4[n+]3CCCCS(=O)(=O)[O-])CCC/C2=C\C=C2/[Se]c3ccccc3N2CCCCS(=O)(=O)[O-])cc1 is invalid
21:37:14 <WARN> "default" filter: O=C(O)c1ccc2c(c1)/N=C/c1cc(N(c3ccccc3)c3ccccc3)ccc1O[Zn]Oc1ccc(N(c3ccccc3)c3ccccc3)cc1/C=N/2 is invalid
21:37:14 <WARN> "default" filter: O=C(O)c1cccc(/C2=C3\C=CC(=N3)/C(c3ccc(N(c4ccccc4)c4ccccc4)cc3)=c3/cc/c4n3[Zn]n3c2ccc3/C(c2ccc(N(c3ccccc3)c3ccccc3)cc2)=C2/C=CC(=N2)/C=4c2cccc(C(O)O)c2)c1 is invalid
21:37:14 <WARN> "default" filter: O=C(O)c1cccc(/C2=C3\C=CC(=N3)/C(c3ccc(N(c4ccccc4)c4ccccc4)cc3)=c3/cc/c4n3[Zn]n3c2ccc3/C(c2cccc(C(=O)O)c2)=C2/C=CC(=N2)/C=4c2cccc(C(=O)O)c2)c1 is invalid
21:37:15 <WARN> "default" filter: O=C(O[Na])c1ccccc1-c1c2cc(Br)c(=O)cc-2oc2c([Hg]O)c(O[Na])c(Br)cc12 is invalid
21:37:15 <WARN> "default" filter: O=C([O-])c1c(Cl)c(Cl)c(Cl)c(Cl)c1-c1c2cc(I)c(=O)c(I)c-2oc2c(I)c([O-])c(I)cc12 is invalid
21:37:15 <WARN> "default" filter: O=C([O-])c1ccccc1-c1c2cc(I)c(=O)c(I)c-2oc2c(I)c([O-])c(I)cc12 is invalid
21:37:15 <WARN> "default" filter: O=C(c1ccc(C(=C(c2ccc(C(=O)c3ccc(-n4c5ccccc5c5ccccc54)cc3)cc2)c2ccc(C(=O)c3ccc(-n4c5ccccc5c5ccccc54)cc3)cc2)c2ccccc2)cc1)c1ccc(-n2c3ccccc3c3ccccc32)cc1 is invalid
21:37:15 <WARN> "default" filter: O=C(c1ccc(N2c3ccccc3[Si](c3ccccc3)(c3ccccc3)c3ccccc32)cc1)c1ccc(N2c3ccccc3[Si](c3ccccc3)(c3ccccc3)c3ccccc32)cc1 is invalid
21:37:15 <WARN> "default" filter: O=C1C2=C(O[B-](F)(F)[n+]3c2ccc2ccccc23)c2ccc(N3CCOCC3)c3cccc1c23 is invalid
21:37:15 <WARN> "default" filter: O=C1C2=C(O[B-](F)(F)[n+]3c2ccc2ccccc23)c2cccc3c(N4CCOCC4)ccc1c23 is invalid
21:37:15 <WARN> "default" filter: O=C1O[B-]2(OC1=O)OC(c1ccc3ccccc3c1)=CC(c1ccc3ccccc3c1)=[O+]2 is invalid
21:37:15 <WARN> "default" filter: O=C1O[B-]2(OC1=O)OC(c1ccccc1)=CC(c1ccc3ccccc3c1)=[O+]2 is invalid
21:37:15 <WARN> "default" filter: O=C1O[B-]2(OC1=O)OC(c1ccccc1)=CC(c1ccccc1)=[O+]2 is invalid
21:37:15 <WARN> "default" filter: O=C1c2cc3ccccc3cc2C2=Nc3ccc4ccccc4[n+]3[B-](F)(F)N12 is invalid
21:37:15 <WARN> "default" filter: O=C1c2cc3ccccc3cc2C2=Nc3cccc[n+]3[B-](F)(F)N12 is invalid
21:37:15 <WARN> "default" filter: O=C1c2ccc(-c3ccc(N(c4ccc(-c5ccccc5)cc4)c4ccc(-c5ccccc5)cc4)cc3)cc2C(=O)c2ccc(-c3ccc(N(c4ccc(-c5ccccc5)cc4)c4ccc(-c5ccccc5)cc4)cc3)cc21 is invalid
21:37:15 <WARN> "default" filter: O=C1c2ccccc2C2=Cc3cc4c(cc3B(O)N12)OCO4 is invalid
21:37:15 <WARN> "default" filter: O=C1c2ccccc2C2=Cc3ccc4ccccc4[n+]3[B-](F)(F)N12 is invalid
21:37:15 <WARN> "default" filter: O=C1c2ccccc2C2=Cc3cccc[n+]3[B-](F)(F)N12 is invalid
21:37:15 <WARN> "default" filter: O=C1c2ccccc2C2=Nc3ccc4ccccc4[n+]3[B-](F)(F)N12 is invalid
21:37:15 <WARN> "default" filter: O=C1c2ccccc2C2=Nc3cccc[n+]3[B-](F)(F)N12 is invalid
21:37:15 <WARN> "default" filter: O=Cc1ccc(C2=C3C=c4c(oc5ccccc45)=[N+]3[B-](F)(F)n3c2cc2c4ccccc4oc23)cc1 is invalid
21:37:15 <WARN> "default" filter: O=Cc1ccc(C2=Cc3ccccc3P2(=O)c2ccccc2)cc1 is invalid
21:37:15 <WARN> "default" filter: O=P(c1c2ccccc2cc2ccccc12)(c1c2ccccc2cc2ccccc12)c1c2ccccc2cc2ccccc12 is invalid
21:37:15 <WARN> "default" filter: O=P(c1ccc(N2c3ccccc3Oc3ccccc32)cc1)(c1ccc(N2c3ccccc3Oc3ccccc32)cc1)c1ccc(N2c3ccccc3Oc3ccccc32)cc1 is invalid
21:37:15 <WARN> "default" filter: O=P(c1ccccc1)(c1ccc(N2c3ccccc3Oc3ccccc32)cc1)c1ccc(N2c3ccccc3Oc3ccccc32)cc1 is invalid
21:37:15 <WARN> "default" filter: O=P(c1ccccc1)(c1ccccc1)c1ccc(-c2nc3ccccc3n2-c2ccc(P(=O)(c3ccccc3)c3ccccc3)cc2)cc1 is invalid
21:37:15 <WARN> "default" filter: O=P(c1ccccc1)(c1ccccc1)c1ccc(-c2nc3ccccc3n2-c2cccc(P(=O)(c3ccccc3)c3ccccc3)c2)cc1 is invalid
21:37:15 <WARN> "default" filter: O=P(c1ccccc1)(c1ccccc1)c1ccc(-n2c(-c3ccccc3P(=O)(c3ccccc3)c3ccccc3)nc3ccccc32)cc1 is invalid
21:37:15 <WARN> "default" filter: O=P(c1ccccc1)(c1ccccc1)c1cccc(-c2nc3ccccc3n2-c2cccc(P(=O)(c3ccccc3)c3ccccc3)c2)c1 is invalid
21:37:15 <WARN> "default" filter: O=P(c1ccccc1)(c1ccccc1)c1cccc(-n2c(-c3ccccc3P(=O)(c3ccccc3)c3ccccc3)nc3ccccc32)c1 is invalid
21:37:15 <WARN> "default" filter: O=P(c1ccccc1)(c1ccccc1)n1c2ccccc2c2cc(-n3c4ccccc4c4cc(-n5c6ccccc6c6cc(-n7c8ccccc8c8ccccc87)ccc65)ccc43)ccc21 is invalid
21:37:15 <WARN> "default" filter: O=P(c1ccccc1)(c1ccccc1)n1c2ccccc2c2cc(-n3c4ccccc4c4ccccc43)ccc21 is invalid
21:37:15 <WARN> "default" filter: O=P1(c2ccccc2)C(c2cc(C(F)(F)F)cc(C(F)(F)F)c2)=Cc2c3ccc4cccc5ccc(c6cc(-c7ccc(N(c8ccccc8)c8ccccc8)cc7)n1c26)c3c45 is invalid
21:37:15 <WARN> "default" filter: O=P1(c2ccccc2)C(c2cc(C(F)(F)F)cc(C(F)(F)F)c2)=Cc2c3ccc4cccc5ccc(c6cc(-c7ccccc7)n1c26)c3c45 is invalid
21:37:15 <WARN> "default" filter: O=P1(c2ccccc2)C(c2ccc(C(F)(F)F)cc2)=Cc2cc3ccccc3cc21 is invalid
21:37:15 <WARN> "default" filter: O=P1(c2ccccc2)C(c2ccc(C(F)(F)F)cc2)=Cc2ccccc21 is invalid
21:37:15 <WARN> "default" filter: O=P1(c2ccccc2)C(c2ccc(C3=Cc4ccccc4P3(=O)c3ccccc3)cc2)=Cc2ccccc21 is invalid
21:37:15 <WARN> "default" filter: O=P1(c2ccccc2)C(c2ccc(N(c3ccccc3)c3ccccc3)cc2)=Cc2cc3ccccc3cc21 is invalid
21:37:15 <WARN> "default" filter: O=P1(c2ccccc2)C(c2ccc(N(c3ccccc3)c3ccccc3)cc2)=Cc2ccccc21 is invalid
21:37:15 <WARN> "default" filter: O=P1(c2ccccc2)C(c2ccccc2)=Cc2cc3ccccc3cc21 is invalid
21:37:15 <WARN> "default" filter: O=P1(c2ccccc2)C(c2ccccc2)=Cc2ccccc21 is invalid
21:37:15 <WARN> "default" filter: O=P1(c2ccccc2)C(c2cccs2)=C(c2cccs2)c2ccccc21 is invalid
21:37:15 <WARN> "default" filter: O=P1(c2ccccc2)C(c2cccs2)=Cc2ccccc21 is invalid
21:37:15 <WARN> "default" filter: O=P1(c2ccccc2)C(c2ccsc2)=C(c2ccsc2)c2ccccc21 is invalid
21:37:15 <WARN> "default" filter: O=P1(c2ccccc2)C2=C(c3ccccc31)[Si](c1ccccc1)(c1ccccc1)c1cc(N(c3ccccc3)c3ccccc3)ccc12 is invalid
21:37:15 <WARN> "default" filter: O=P1(c2ccccc2)C2=CC(=[N+]3CCCC3)C=CC2=C(c2ccccc2C(F)(F)F)c2ccc(N3CCCC3)cc21 is invalid
21:37:15 <WARN> "default" filter: O=P1(c2ccccc2)c2cc(N3c4ccccc4Sc4ccccc43)ccc2-c2ccc(N3c4ccccc4Sc4ccccc43)cc21 is invalid
21:37:15 <WARN> "default" filter: O=P1(c2ccccc2)c2ccc(N3c4ccccc4Oc4ccccc43)cc2-c2cc(N3c4ccccc4Oc4ccccc43)ccc21 is invalid
21:37:15 <WARN> "default" filter: O=P1(c2ccccc2)c2ccc(N3c4ccccc4Sc4ccccc43)cc2-c2cc(N3c4ccccc4Sc4ccccc43)ccc21 is invalid
21:37:15 <WARN> "default" filter: O=P1(c2ccccc2)c2cccc3c4c5ccccc5c5ccccc5c4c4ccc1n4c23 is invalid
21:37:15 <WARN> "default" filter: O=P1(c2ccccc2)c2cccc3c4ccccc4c4ccc1n4c23 is invalid
21:37:15 <WARN> "default" filter: O=P1(c2ccccc2)c2cccc3ccc4ccc1n4c23 is invalid
21:37:15 <WARN> "default" filter: O=P1(c2ccccc2)c2cccc3cccc(c23)-c2cccc3cccc1c23 is invalid
21:37:15 <WARN> "default" filter: O=P1(c2ccccc2)c2ccccc2-c2sc3ccccc3c21 is invalid
21:37:15 <WARN> "default" filter: O=P1(c2ccccc2)c2ccccc2-n2cccc21 is invalid
21:37:15 <WARN> "default" filter: O=P1(c2ccccc2)c2ccccc2N(c2ccccc2)c2ccccc21 is invalid
21:37:15 <WARN> "default" filter: O=P12n3c4c5ccccc5c3/N=C3\N=C(/N=c5/c6ccccc6c(n51)=c1c5ccccc5c(n12)=N4)c1ccccc13 is invalid
21:37:15 <WARN> "default" filter: O=S(=O)(O)c1ccc(Oc2cccc3c2C2=N/C3=N\c3c4c(Oc5ccc(S(=O)(=O)O)cc5)cccc4c4n3[Zn]n3/c(c5cccc(Oc6ccc(S(=O)(=O)O)cc6)c5/c3=N/C3=N/C(=N\4)c4c(Oc5ccc(S(=O)(=O)O)cc5)cccc43)=N\2)cc1 is invalid
21:37:15 <WARN> "default" filter: O=S(=O)([O-])CCCOc1ccc(C2=[N+]3C(=Nc4c(-c5ccccc5)cc(-c5ccc(OCc6cn([C@@H]7O[C@H](CO)[C@@H](O)[C@@H](O)[C@H]7O)nn6)cc5)n4[B-]3(F)F)C(c3ccccc3)=C2)cc1 is invalid
21:37:15 <WARN> "default" filter: O=S(=O)([O-])CCCOc1ccc(C2=[N+]3C(=Nc4c(-c5ccccc5)cc(-c5ccc(OCc6cn([C@H]7[C@H](O)[C@H](O)[C@@H](CO)O[C@H]7O)nn6)cc5)n4[B-]3(F)F)C(c3ccccc3)=C2)cc1 is invalid
21:37:15 <WARN> "default" filter: O=S(=O)(c1ccc(-c2ccc(-c3nc4c5ccccc5c5ccccc5c4n3-c3ccccc3)cc2)cc1)c1ccc(-c2ccc(-c3nc4c5ccccc5c5ccccc5c4n3-c3ccccc3)cc2)cc1 is invalid
21:37:15 <WARN> "default" filter: O=S(=O)(c1ccc(N2c3ccccc3[Si](c3ccccc3)(c3ccccc3)c3ccccc32)cc1)c1ccc(N2c3ccccc3[Si](c3ccccc3)(c3ccccc3)c3ccccc32)cc1 is invalid
21:37:15 <WARN> "default" filter: O=S1(=O)c2ccccc2-c2c1c1ccccc1p2-c1ccccc1 is invalid
21:37:15 <WARN> "default" filter: O=[N+]([O-])c1cc(Cl)ccc1-c1cc2n(c1)[B-](F)(F)[N+]1=CC=CC1=C2c1ccccc1 is invalid
21:37:15 <WARN> "default" filter: O=[N+]([O-])c1cc(Cl)ccc1C1=CC2=C(c3ccccc3)c3cc(-c4ccc(Cl)cc4[N+](=O)[O-])cn3[B-](F)(F)[N+]2=C1 is invalid
21:37:15 <WARN> "default" filter: O=[N+]([O-])c1ccc(/C2=C3/N=C(C(c4ccccc4)=C3c3ccccc3)/C(c3ccc([N+](=O)[O-])cc3)=c3\[nH]/c(c(-c4ccccc4)c3-c3ccccc3)=C(/c3ccc([N+](=O)[O-])cc3)C3=N/C(=C(/c4ccc([N+](=O)[O-])cc4)c4[nH]c2c(-c2ccccc2)c4-c2ccccc2)C(c2ccccc2)=C3c2ccccc2)cc1 is invalid
21:37:15 <WARN> "default" filter: O=[N+]([O-])c1ccc(C2=C3C=CC(N4CCOCC4)=[N+]3[B-](F)(F)n3cccc32)cc1 is invalid
21:37:15 <WARN> "default" filter: O=[N+]([O-])c1ccc(C2=C3C=CC=[N+]3[B-](F)(F)n3c2ccc3N2CCOCC2)cc1 is invalid
21:37:15 <WARN> "default" filter: O=[N+]([O-])c1ccc([N+]2=CC3=C(O[B-]2(F)F)c2ccccc2SC3)cc1 is invalid
21:37:15 <WARN> "default" filter: O=[N+]([O-])c1ccc([N+]2=Cc3ccc4ccccc4c3O[B-]2(F)F)cc1 is invalid
21:37:15 <WARN> "default" filter: O=[N+]([O-])c1ccc([N+]2=Cc3cccn3[B-]2(c2ccccc2)c2ccccc2)cc1 is invalid
21:37:15 <WARN> "default" filter: O=[N+]([O-])c1ccc2c(c1)-c1c3c(c4c([n+]1[B-](F)(F)O2)CCc1ccccc1-4)CCc1ccccc1-3 is invalid
21:37:15 <WARN> "default" filter: O=[N+]([O-])c1ccc2c(ccc3[n+]2[B-](F)(F)n2c-3cc3c4ccccc4c4ccccc4c32)c1 is invalid
21:37:15 <WARN> "default" filter: O=[N+]([O-])c1cccc2c1ccc1[n+]2[B-](F)(F)n2c-1cc1c3ccccc3c3ccccc3c12 is invalid
21:37:15 <WARN> "default" filter: O=[N+]([O-])c1ccccc1C1=CC2=C(c3ccccc3)c3cc(-c4ccccc4[N+](=O)[O-])cn3[B-](F)(F)[N+]2=C1 is invalid
21:37:15 <WARN> "default" filter: O=c1c2cc(Br)ccc2nc2n1[B-](F)(F)[n+]1ccccc1-2 is invalid
21:37:15 <WARN> "default" filter: O=c1c2cc(Cl)ccc2nc2n1[B-](F)(F)[n+]1ccccc1-2 is invalid
21:37:15 <WARN> "default" filter: O=c1c2cc(F)ccc2nc2n1[B-](F)(F)[n+]1ccccc1-2 is invalid
21:37:15 <WARN> "default" filter: O=c1c2cc(I)ccc2nc2n1[B-](F)(F)[n+]1ccccc1-2 is invalid
21:37:15 <WARN> "default" filter: O=c1c2ccccc2c2c(C#C[Si](c3ccccc3)(c3ccccc3)c3ccccc3)c3c(=O)c4ccccc4c3c(C#C[Si](c3ccccc3)(c3ccccc3)c3ccccc3)c12 is invalid
21:37:15 <WARN> "default" filter: O=c1c2ccccc2nc2n1[B-](F)(F)[n+]1ccccc1-2 is invalid
21:37:15 <WARN> "default" filter: O=c1cc(COc2ccc(I)cc2)c2c(ccc3ccccc32)o1 is invalid
21:37:15 <WARN> "default" filter: OB(O)c1ccc(-c2ccc(N(c3ccccc3)c3ccccc3)cc2)cc1 is invalid
21:37:15 <WARN> "default" filter: OCCSc1cccc2[n+]1[B-](F)(F)n1c(c3cccc4cccc1c43)=N2 is invalid
21:37:15 <WARN> "default" filter: O[Si](c1c2ccccc2cc2ccccc12)(c1c2ccccc2cc2ccccc12)c1c2ccccc2cc2ccccc12 is invalid
21:37:15 <WARN> "default" filter: Oc1ccc(/C2=C3\C=CC(=N3)/C(c3ccc(O)c(O)c3)=c3/cc/c4n3[Zn]n3c2ccc3/C(c2ccc(O)c(O)c2)=C2/C=CC(=N2)/C=4c2ccc(O)c(O)c2)cc1O is invalid
21:37:15 <WARN> "default" filter: Oc1ccc(/C2=C3\C=CC(=N3)/C(c3ccc(O)cc3O)=c3/cc/c4n3[Zn]n3c2ccc3/C(c2ccc(O)cc2O)=C2/C=CC(=N2)/C=4c2ccc(O)cc2O)c(O)c1 is invalid
21:37:15 <WARN> "default" filter: Oc1ccc(C2=N[N+]3=Cc4c(ccc5ccccc45)O[B-]3(c3ccc([B-]45OC(c6ccc(O)cc6)=N[N+]4=Cc4c(ccc6ccccc46)O5)cc3)O2)cc1 is invalid
21:37:15 <WARN> "default" filter: Oc1ccc(O)c(/C2=C3\C=CC(=N3)/C(c3cc(O)ccc3O)=c3/cc/c4n3[Zn]n3c2ccc3/C(c2cc(O)ccc2O)=C2/C=CC(=N2)/C=4c2cc(O)ccc2O)c1 is invalid
21:37:15 <WARN> "default" filter: Oc1cccc(/C2=C3\C=CC(=N3)/C(c3cccc(O)c3O)=c3/cc/c4n3[Zn]n3c2ccc3/C(c2cccc(O)c2O)=C2/C=CC(=N2)/C=4c2cccc(O)c2O)c1O is invalid
21:37:15 <WARN> "default" filter: S=P1(c2ccccc2)C(c2ccccc2)=Cc2cc3ccccc3cc21 is invalid
21:37:15 <WARN> "default" filter: S=P1(c2ccccc2)c2cccc3c4c5ccccc5c5ccccc5c4c4ccc1n4c23 is invalid
21:37:15 <WARN> "default" filter: S=P1(c2ccccc2)c2cccc3ccc4ccc1n4c23 is invalid
21:37:15 <WARN> "default" filter: [BH3-][P+]1(c2ccccc2)c2ccccc2-c2sc3ccccc3c21 is invalid
21:37:15 <WARN> "default" filter: [C-]#[N+]/C(=C/c1ccc(N(c2ccc(-c3cccc(N(C)C)c3)cc2)c2ccc(-c3nc4c(-c5cccc(OC)c5)ccc(-c5cccc(OC)c5)c4[nH]3)cc2)cc1)C(=O)O is invalid
21:37:15 <WARN> "default" filter: [C-]#[N+]/C(=C/c1ccc(N(c2ccc(-c3cccc(OC)c3)cc2)c2ccc(-c3nc4c(-c5cccc(OC)c5)ccc(-c5cccc(OC)c5)c4[nH]3)cc2)cc1)C(=O)O is invalid
21:37:15 <WARN> "default" filter: [C-]#[N+]/C(=C/c1ccc(N(c2ccc(Br)cc2)c2ccc(-c3nc4c(-c5cccc(OC)c5)ccc(-c5cccc(OC)c5)c4[nH]3)cc2)cc1)C(=O)O is invalid
21:37:15 <WARN> "default" filter: [C-]#[N+]c1ccc(-c2ccc(N(C)C)cc2)cc1 is invalid
21:37:15 <WARN> "default" filter: [C-]#[N+]c1ccc(-c2ccc(N)cc2)cc1 is invalid
21:37:15 <WARN> "default" filter: [C-]#[N+]c1ccc(-c2ccc(NC)cc2)cc1 is invalid
21:37:15 <WARN> "default" filter: [C-]#[N+]c1cccc2c(N)cccc12 is invalid
21:37:15 <WARN> "default" filter: [N-]=[N+]=NCCOc1ccc(/C=C/c2ccc3n2[B-](F)(F)[n+]2c4n(c5ccccc52)[B-](F)(F)[N+]2=CC=CC2=C34)cc1 is invalid
21:37:15 <WARN> "default" filter: [NH2+]=C1c2cccn2[B-](F)(F)n2cccc21 is invalid
21:37:16 <WARN> "default" filter: [N]=[C]/C(=C\c1ccc(OCc2cc(OCc3ccccc3)cc(OCc3ccccc3)c2)cc1)c1ccc(/C2=C3\C=CC(=N3)/C(c3ccc(C(=O)O)cc3)=c3/cc/c4n3[Zn]n3c2ccc3/C(c2ccc(/C([C]=[N])=C/c3ccc(OCc5cc(OCc6ccccc6)cc(OCc6ccccc6)c5)cc3)cc2)=C2/C=CC(=N2)/C=4c2ccc(/C([C]=[N])=C/c3cccc(OCc4cc(OCc5ccccc5)cc(OCc5ccccc5)c4)c3)cc2)cc1 is invalid
21:37:16 <WARN> "default" filter: c12c3c4c5c1c1c6c7c2c2c8c3c3c9c4c4c%10c5c5c1c1c6c6c%11c%12c%13c%14c%15c%16c%17c%14c%14c%18c%13c%11c1c1c5c%10c5c(c%14c%10c%17c%11c%13c%16c%14c%16c%15c%12c%12c%16c(c2c7c%126)c2c8c3c(c%13c%142)c2c9c4c5c%10c%112)c%181 is invalid
21:37:16 <WARN> "default" filter: c1cc2c3c(c1)-c1ccc4c5c(ccc(c15)B3c1ccc3c5c(ccc-2c15)CC3)CC4 is invalid
21:37:16 <WARN> "default" filter: c1cc2c3c(c1)-c1ccc4ccccc4c1NB3Nc1c-2ccc2ccccc12 is invalid
21:37:16 <WARN> "default" filter: c1cc2c3c(c1)-c1cccc4ccn(c14)B3n1ccc3cccc-2c31 is invalid
21:37:16 <WARN> "default" filter: c1cc2c3c(c1)ccc1[n+]3[B-]3(Oc4cccc5ccc6[n+](c45)[B-](O2)(O3)n2c-6cc3c4ccccc4c4ccccc4c32)n2c-1cc1c3ccccc3c3ccccc3c12 is invalid
21:37:16 <WARN> "default" filter: c1cc2c3c(cccc3c1)-c1c-2c2c3ccccc3c3ccc4c5c6c(c7c8ccccc8c8ccc9c%10c%11c(c%12c%13ccccc%13c%13ccc%14c1c1c2c3c4c2c1c1c%14c%13c%12c%10c1c1c9c8c7c5c21)-c1cccc2cccc-%11c12)-c1cccc2cccc-6c12 is invalid
21:37:16 <WARN> "default" filter: c1cc2ccc1-c1ccc(cc1)-c1ccc([se]1)-c1ccc(cc1)-c1ccc(cc1)-c1ccc([se]1)-c1ccc(cc1)-c1ccc(cc1)-c1ccc-2[se]1 is invalid
21:37:16 <WARN> "default" filter: c1cc2ccc3[se]c4ccc5cccc6c(c1)c2c3c4c56 is invalid
21:37:16 <WARN> "default" filter: c1cc2ccc3ccc(OP4(Oc5ccc6ccc7cccc8ccc5c6c78)=NP(Oc5ccc6ccc7cccc8ccc5c6c78)(Oc5ccc6ccc7cccc8ccc5c6c78)=NP(Oc5ccc6ccc7cccc8ccc5c6c78)(Oc5ccc6ccc7cccc8ccc5c6c78)=N4)c4ccc(c1)c2c34 is invalid
21:37:16 <WARN> "default" filter: c1ccc(-c2cc(-c3ccc(N4c5ccccc5C5(c6ccccc64)c4ccccc4N(c4ccc(-c6cc(-c7ccccc7)nc(-c7ccccc7)n6)cc4)c4ccccc45)cc3)nc(-c3ccccc3)n2)cc1 is invalid
21:37:16 <WARN> "default" filter: c1ccc(-c2cc(-c3ccccc3)cc(-c3ccc4c(c3)C3(c5cc(-c6cc(-c7ccccc7)cc(-c7ccccc7)c6)ccc5-4)c4ccccc4-c4c3c3c5ccccc5ccc3c3ccccc43)c2)cc1 is invalid
21:37:16 <WARN> "default" filter: c1ccc(-c2cc(-c3ccccc3)cc(-c3ccc4c(c3)C3(c5ccccc5-4)c4ccccc4-c4c3c3c5ccccc5c(-c5cc(-c6ccccc6)cc(-c6ccccc6)c5)cc3c3ccccc43)c2)cc1 is invalid
21:37:17 <WARN> "default" filter: c1ccc(-c2cc3cc4cc(-c5ccccc5)c5cccc6c5c4c4c3c3c(cccc23)NB4N6)cc1 is invalid
21:37:17 <WARN> "default" filter: c1ccc(-c2cc3cc4ccccc4cc3p2-c2ccccc2)cc1 is invalid
21:37:17 <WARN> "default" filter: c1ccc(-c2cc3cccc4cc(-c5ccccc5)c5cc(-c6cc7[b-]8c(c6)c(-c6ccccc6)cc6cccc(cc7-c7ccccc7)[n+]86)cc2[b-]5[n+]34)cc1 is invalid
21:37:17 <WARN> "default" filter: c1ccc(-c2cc3cccc[n+]3[b-]3c(-c4cccc5[b-]4[n+]4ccccc4cc5-c4ccccc4)cccc32)cc1 is invalid
21:37:17 <WARN> "default" filter: c1ccc(-c2cc3ccccc3p2-c2ccccc2)cc1 is invalid
21:37:17 <WARN> "default" filter: c1ccc(-c2ccc(-c3nc(-c4ccccc4)c(N(c4ccccc4)c4ccccc4)[se]3)cc2)cc1 is invalid
21:37:17 <WARN> "default" filter: c1ccc(-c2ccc(-c3nc(-n4c5ccccc5c5ccc6c7ccccc7n(-c7ccccc7)c6c54)nc(-n4c5ccccc5c5ccc6c7ccccc7n(-c7ccccc7)c6c54)n3)cc2)cc1 is invalid
21:37:17 <WARN> "default" filter: c1ccc(-c2ccc3c(c2)c2cc(-c4ccccc4)ccc2n3-c2ccc3c(c2)c2cc(-n4c5ccc(-c6ccccc6)cc5c5cc(-c6ccccc6)ccc54)ccc2n3-c2ccc(-c3nc(-c4ccccc4)nc(-c4ccccc4)n3)cc2)cc1 is invalid
21:37:17 <WARN> "default" filter: c1ccc(-c2cccc(N3c4cc(-c5ccccc5)ccc4B4c5ccc(N(c6ccccc6)c6ccccc6)cc5N(c5ccccc5)c5cccc3c54)c2)cc1 is invalid
21:37:17 <WARN> "default" filter: c1ccc(-c2nc(-c3ccc(N4c5ccccc5C(c5ccccc5)(c5ccccc5)c5ccccc54)cc3)cc(-c3ccc(N4c5ccccc5C(c5ccccc5)(c5ccccc5)c5ccccc54)cc3)n2)cc1 is invalid
21:37:17 <WARN> "default" filter: c1ccc(-c2nc(-c3ccccc3)c(N(c3ccccc3)c3ccccc3)[se]2)cc1 is invalid
21:37:17 <WARN> "default" filter: c1ccc(-c2nc(-c3ccccc3)nc(-c3ccc(N4c5ccccc5C5(c6ccccc64)c4ccccc4N(c4ccc(-c6nc(-c7ccccc7)nc(-c7ccccc7)n6)cc4)c4ccccc45)cc3)n2)cc1 is invalid
21:37:17 <WARN> "default" filter: c1ccc(-c2nc(-c3ccccc3)nc(-c3ccc(N4c5ccccc5[Si](c5ccccc5)(c5ccccc5)c5ccccc54)cc3)n2)cc1 is invalid
21:37:17 <WARN> "default" filter: c1ccc(-c2nc(-c3ccccn3)[se]c2N(c2ccccc2)c2ccccc2)cc1 is invalid
21:37:17 <WARN> "default" filter: c1ccc(-c2pc3ccccc3s2)cc1 is invalid
21:37:17 <WARN> "default" filter: c1ccc(-n2c(-c3ccc(-c4ccc5c(c4)C4(c6ccccc6-5)c5ccccc5-c5ccc(-c6ccc(-c7nc8ccccc8n7-c7ccccc7)cc6)c6cccc4c56)cc3)nc3ccccc32)cc1 is invalid
21:37:17 <WARN> "default" filter: c1ccc(-n2c(-c3ccc(-c4ccc5c(c4)C4(c6ccccc6-c6ccccc64)c4cc(-c6ccc(-c7nc8ccccc8n7-c7ccccc7)cc6)c6ccccc6c4-5)cc3)nc3ccccc32)cc1 is invalid
21:37:17 <WARN> "default" filter: c1ccc(-n2c(-c3ccc(N(c4ccc(-c5ccc(N(c6ccc(-c7nc8c9ccccc9c9ccccc9c8n7-c7ccccc7)cc6)c6ccc(-c7nc8c9ccccc9c9ccccc9c8n7-c7ccccc7)cc6)cc5)cc4)c4ccc(-c5nc6c7ccccc7c7ccccc7c6n5-c5ccccc5)cc4)cc3)nc3c4ccccc4c4ccccc4c32)cc1 is invalid
21:37:17 <WARN> "default" filter: c1ccc(-n2c3ccccc3c3cc([Si](c4ccccc4)(c4ccccc4)c4ccc5c(c4)c4ccccc4n5-c4ccccc4)ccc32)cc1 is invalid
21:37:17 <WARN> "default" filter: c1ccc(-p2c3ccccc3c3sc4ccccc4c32)cc1 is invalid
21:37:17 <WARN> "default" filter: c1ccc(/C(=C(\c2ccccc2)c2cc(-c3ccc(-c4ccccc4)cc3)ccc2-c2ccc(-c3ccccc3)cc2)c2cc(-c3ccc(-c4ccccc4)cc3)ccc2-c2ccc(-c3ccccc3)cc2)cc1 is invalid
21:37:17 <WARN> "default" filter: c1ccc(B2N(c3ccccc3)C(c3ccccc3)=C(c3ccccc3)N2c2ccccc2)cc1 is invalid
21:37:17 <WARN> "default" filter: c1ccc(B2Nc3cc4c(cc3-c3occc32)NB(c2ccccc2)c2ccoc2-4)cc1 is invalid
21:37:17 <WARN> "default" filter: c1ccc(B2Nc3cc4c(cc3-c3sc5ccccc5c32)NB(c2ccccc2)c2c-4sc3ccccc23)cc1 is invalid
21:37:17 <WARN> "default" filter: c1ccc(B2Nc3cc4c(cc3-c3sccc32)NB(c2ccccc2)c2ccsc2-4)cc1 is invalid
21:37:17 <WARN> "default" filter: c1ccc(B2Nc3cccc4c3-n3c2ccc3B(c2ccccc2)N4)cc1 is invalid
21:37:17 <WARN> "default" filter: c1ccc(B2Nc3ccccc3-c3ccccc32)cc1 is invalid
21:37:17 <WARN> "default" filter: c1ccc(C(=C(c2ccccc2)c2ccc(-c3ccc(-c4nc5c(-c6ccc(-c7ccc(C(=C(c8ccccc8)c8ccccc8)c8ccccc8)cc7)cc6)sc(-c6ccc(-c7ccc(C(=C(c8ccccc8)c8ccccc8)c8ccccc8)cc7)cc6)c5nc4-c4ccc(-c5ccc(C(=C(c6ccccc6)c6ccccc6)c6ccccc6)cc5)cc4)cc3)cc2)c2ccccc2)cc1 is invalid
21:37:17 <WARN> "default" filter: c1ccc(C(=C(c2ccccc2)c2ccc(-c3nc4c(-c5ccc(C(=C(c6ccccc6)c6ccccc6)c6ccccc6)cc5)sc(-c5ccc(C(=C(c6ccccc6)c6ccccc6)c6ccccc6)cc5)c4nc3-c3ccc(C(=C(c4ccccc4)c4ccccc4)c4ccccc4)cc3)cc2)c2ccccc2)cc1 is invalid
21:37:17 <WARN> "default" filter: c1ccc(C2=C(c3ccccc3)[Si](c3ccccc3)(c3ccccc3)c3ccccc32)cc1 is invalid
21:37:17 <WARN> "default" filter: c1ccc(C2=C(c3ccccc3)c3cccc4c3c(cc3nc5cc(-c6ccc(N(c7ccccc7)c7ccccc7)cc6)c(-c6ccc(N(c7ccccc7)c7ccccc7)cc6)cc5nc34)O2)cc1 is invalid
21:37:17 <WARN> "default" filter: c1ccc(C2=C(c3ccccn3)[Si](c3ccccc3)(c3ccccc3)c3ccccc32)cc1 is invalid
21:37:17 <WARN> "default" filter: c1ccc(C2=C3C4=C(C5=[N+]3[B-]3(Oc6ccccc65)Oc5ccccc5-c5c6c(c2n53)C2CCC6CC2)C2CCC4CC2)cc1 is invalid
21:37:17 <WARN> "default" filter: c1ccc(C2=C3c4ccccc4C4=[N+]3[B-]3(Oc5ccccc54)Oc4ccccc4-c4c5ccccc5c2n43)cc1 is invalid
21:37:17 <WARN> "default" filter: c1ccc(C2=Nc3cccc4[n+]3[B-](c3ccccc3)(N2)NC(c2ccccc2)=N4)cc1 is invalid
21:37:17 <WARN> "default" filter: c1ccc(CO[Si]23n4c5c6ccccc6c4/N=C4\N=C(/N=c6/c7ccccc7c(n62)=c2c6ccccc6c(n23)=N5)c2ccccc24)cc1 is invalid
21:37:17 <WARN> "default" filter: c1ccc(N(c2ccccc2)c2ccc(-c3ccc(-c4ccc(-c5ccc([P+](c6ccccc6)(c6ccccc6)c6ccccc6)cc5)cc4)cc3)cc2)cc1 is invalid
21:37:17 <WARN> "default" filter: c1ccc(N(c2ccccc2)c2ccc(-c3ccc(-c4ccc([P+](c5ccccc5)(c5ccccc5)c5ccccc5)cc4)cc3)cc2)cc1 is invalid
21:37:17 <WARN> "default" filter: c1ccc(N(c2ccccc2)c2ccc(-c3ccc([P+](c4ccccc4)(c4ccccc4)c4ccccc4)cc3)cc2)cc1 is invalid
21:37:17 <WARN> "default" filter: c1ccc(N(c2ccccc2)c2ccc([P+](c3ccccc3)(c3ccccc3)c3ccccc3)c3ccccc23)cc1 is invalid
21:37:17 <WARN> "default" filter: c1ccc(N(c2ccccc2)c2ccc([P+](c3ccccc3)(c3ccccc3)c3ccccc3)cc2)cc1 is invalid
21:37:17 <WARN> "default" filter: c1ccc(N2c3ccc4ccccc4c3-c3c4ccccc4cc[n+]3[B-]2(c2ccccc2)c2ccccc2)cc1 is invalid
21:37:17 <WARN> "default" filter: c1ccc(N2c3ccc4ccccc4c3-c3c4ccccc4nc[n+]3[B-]2(c2ccccc2)c2ccccc2)cc1 is invalid
21:37:17 <WARN> "default" filter: c1ccc(N2c3ccccc3B3c4ccccc4N(c4ccccc4)c4cccc2c43)cc1 is invalid
21:37:17 <WARN> "default" filter: c1ccc([B-]2(c3ccccc3)Oc3ccc4ccccc4c3-c3c4ccccc4cc[n+]32)cc1 is invalid
21:37:17 <WARN> "default" filter: c1ccc([B-]2(c3ccccc3)Oc3ccc4ccccc4c3-c3c4ccccc4cn[n+]32)cc1 is invalid
21:37:17 <WARN> "default" filter: c1ccc([B-]2(c3ccccc3)Oc3ccc4ccccc4c3-c3c4ccccc4nc[n+]32)cc1 is invalid
21:37:17 <WARN> "default" filter: c1ccc([B-]23NC(C4CCCCC4)=Nc4cccc([n+]42)N=C(C2CCCCC2)N3)cc1 is invalid
21:37:17 <WARN> "default" filter: c1ccc([B-]23Oc4ccccc4-c4c5[n+]6c(c([n+]42)-c2ccccc2O3)-c2ccccc2O[B-]6(c2ccccc2)Oc2ccccc2-5)cc1 is invalid
21:37:17 <WARN> "default" filter: c1ccc([P+](c2ccccc2)(c2ccccc2)c2ccc(-c3ccc(-n4c5ccccc5c5ccccc54)cc3)cc2)cc1 is invalid
21:37:17 <WARN> "default" filter: c1ccc([Si]2(c3ccccc3)c3ccccc3-c3cc4c(cc32)-c2ccccc2[Si]4(c2ccccc2)c2ccccc2)cc1 is invalid
21:37:17 <WARN> "default" filter: c1ccc2c(-n3c(-c4ccc(-c5ccc(-c6nc7c8ccccc8c8ccccc8c7n6-c6cccc7ccccc67)c6ccccc56)c5ccccc45)nc4c5ccccc5c5ccccc5c43)cccc2c1 is invalid
21:37:17 <WARN> "default" filter: c1ccc2c(P(c3c4ccccc4cc4ccccc34)c3c4ccccc4cc4ccccc34)c3ccccc3cc2c1 is invalid
21:37:17 <WARN> "default" filter: c1ccc2c([SiH](c3c4ccccc4cc4ccccc34)c3c4ccccc4cc4ccccc34)c3ccccc3cc2c1 is invalid
21:37:17 <WARN> "default" filter: c1ccc2c(c1)-c1cccc3c1B1N2c2ccccc2N1c1ccccc1-3 is invalid
21:37:17 <WARN> "default" filter: c1ccc2c(c1)-c1ccccc1N1B3c4c(cccc4-c4ccccc41)-c1ccccc1N32 is invalid
21:37:17 <WARN> "default" filter: c1ccc2c(c1)-c1ccccc1[Si]21c2ccccc2-c2cc3c(cc21)-c1ccccc1[Si]31c2ccccc2-c2ccccc21 is invalid
21:37:17 <WARN> "default" filter: c1ccc2c(c1)B1c3ccccc3-c3ccc4c5c3N1C1=C2c2ccccc2B(c2ccccc2-4)N15 is invalid
21:37:17 <WARN> "default" filter: c1ccc2c(c1)NB1Nc3ccccc3-c3cccc-2c31 is invalid
21:37:17 <WARN> "default" filter: c1ccc2c(c1)OB1Oc3ccccc3-c3c1c-2c1c2c3-c3ccccc3OB2Oc2ccccc2-1 is invalid
21:37:17 <WARN> "default" filter: c1ccc2c(c1)OP1(=NP(Oc3ccc4ccc5cccc6ccc3c4c56)(Oc3ccc4ccc5cccc6ccc3c4c56)=NP(Oc3ccc4ccc5cccc6ccc3c4c56)(Oc3ccc4ccc5cccc6ccc3c4c56)=N1)Oc1ccccc1-2 is invalid
21:37:17 <WARN> "default" filter: c1ccc2c(c1)OP1(=NP3(=NP(Oc4ccc5ccc6cccc7ccc4c5c67)(Oc4ccc5ccc6cccc7ccc4c5c67)=N1)Oc1ccccc1-c1ccccc1O3)Oc1ccccc1-2 is invalid
21:37:17 <WARN> "default" filter: c1ccc2c(c1)c1ccccc1n2-c1ccc(-c2ccc(-c3ccc(-n4c5ccccc5c5ccccc54)nc3-n3c4ccccc4c4ccccc43)nn2)c(-n2c3ccccc3c3ccccc32)n1 is invalid
21:37:17 <INFO> Read 7539 input SMILES from /home/User20/reinvent/train.smi
21:37:17 <WARN> "default" filter: B1C=Cc2cc3ccccc3cc2N1 is invalid
21:37:17 <WARN> "default" filter: C(#Cc1ccc(-n2c3ccccc3c3ccccc32)cc1)c1ccc(-c2nc(-c3ccc(C#Cc4ccc(-n5c6ccccc6c6ccccc65)cc4)cc3)nc(-c3ccc(C#Cc4ccc(-n5c6ccccc6c6ccccc65)cc4)cc3)n2)cc1 is invalid
21:37:17 <WARN> "default" filter: C(#Cc1cccc2cc(-c3ccccc3)c3cc(-c4cc[b-]5c(c4)c(-c4ccccc4)cc4cccc(C#Cc6ccccc6)[n+]54)cc[b-]3[n+]12)c1ccccc1 is invalid
21:37:17 <WARN> "default" filter: C(=C/c1nc2ccccc2o1)\c1ccc(Cn2cc(COc3cc(Cn4cc(-c5ccc(N(c6ccc(-c7cn(Cc8cc(OCc9cn(Cc%10ccc(/C=C/c%11nc%12ccccc%12o%11)cc%10)nn9)cc(OCc9cn(Cc%10ccc(/C=C/c%11nc%12ccccc%12o%11)cc%10)nn9)c8)nn7)cc6)c6ccc(-c7cn(Cc8cc(OCc9cn(Cc%10ccc(/C=C/c%11nc%12ccccc%12o%11)cc%10)nn9)cc(OCc9cn(Cc%10ccc(/C=C/c%11nc%12ccccc%12o%11)cc%10)nn9)c8)nn7)cc6)cc5)nn4)cc(OCc4cn(Cc5ccc(/C=C/c6nc7ccccc7o6)cc5)nn4)c3)nn2)cc1 is invalid
21:37:17 <WARN> "default" filter: C(=C/c1nc2ccccc2s1)\c1ccc(Cn2cc(COc3cc(Cn4cc(-c5ccc(N(c6ccc(-c7cn(Cc8cc(OCc9cn(Cc%10ccc(/C=C/c%11nc%12ccccc%12s%11)cc%10)nn9)cc(OCc9cn(Cc%10ccc(/C=C/c%11nc%12ccccc%12s%11)cc%10)nn9)c8)nn7)cc6)c6ccc(-c7cn(Cc8cc(OCc9cn(Cc%10ccc(/C=C/c%11nc%12ccccc%12s%11)cc%10)nn9)cc(OCc9cn(Cc%10ccc(/C=C/c%11nc%12ccccc%12s%11)cc%10)nn9)c8)nn7)cc6)cc5)nn4)cc(OCc4cn(Cc5ccc(/C=C/c6nc7ccccc7s6)cc5)nn4)c3)nn2)cc1 is invalid
21:37:17 <WARN> "default" filter: C1=C2B(Nc3ccccc31)c1cc(N(c3ccccc3)c3ccccc3)ccc1C(c1ccccc1)=C2c1ccccc1 is invalid
21:37:17 <WARN> "default" filter: C1=CB2C=Cc3cc4ccccc4cc3N2C=C1 is invalid
21:37:17 <WARN> "default" filter: C1=CN2B(C=Cc3c2ccc2ccccc32)C(c2ccccc2)=C1 is invalid
21:37:17 <WARN> "default" filter: C1=Cc2ccc3c4c2N(CCN4B(c2ccccc2)C(c2ccccc2)=C3)B1c1ccccc1 is invalid
21:37:17 <WARN> "default" filter: C=CC(=CC=CN(c1ccc(-c2ccc(C=C3C(=O)N(c4ccccc4)N=C3C(=O)O)s2)cc1)c1ccc(-c2ccc(C=C3C(=O)N(c4ccccc4)N=C3C(=O)O)s2)cc1)c1ccc(C=C2C(=O)N(c3ccccc3)N=C2C(=O)O)s1 is invalid
21:37:17 <WARN> "default" filter: CC(=O)OC[C@H]1O[C@@H]([C@@H]2C=C(I)C(=S)NC2=O)[C@H](OC(C)=O)[C@@H]1OC(C)=O is invalid
21:37:17 <WARN> "default" filter: CC(C)(C)c1cc(/C2=C3\C=C(C=CC(=O)O)C(=N3)/C=c3/c(C=CC(=O)O)c/c4n3[Zn]n3c2cc(/C=C/C(=O)O)c3/C=C2\N=C(C=C2/C=C/C(=O)O)/C=4c2cc(C(C)(C)C)cc(C(C)(C)C)c2)cc(C(C)(C)C)c1 is invalid
21:37:17 <WARN> "default" filter: CC(C)(C)c1cc(/C2=C3\C=CC(=N3)/C(C#Cc3ccc4c5c(cccc35)CC4)=c3/cc/c4n3[Zn]n3c(ccc32)/C(C#Cc2ccc(C(=O)O)cc2)=C2/C=CC(=N2)/C=4c2cc(C(C)(C)C)cc(C(C)(C)C)c2)cc(C(C)(C)C)c1 is invalid
21:37:17 <WARN> "default" filter: CC(C)(C)c1ccc(C2=C(c3ccc(-n4c5ccc(C(C)(C)C)cc5c5cc(C(C)(C)C)ccc54)cc3)S(=O)(=O)c3c2sc(-c2ccc(-n4c5ccc(C(C)(C)C)cc5c5cc(C(C)(C)C)ccc54)cc2)c3-c2ccc(C(C)(C)C)cc2)cc1 is invalid
21:37:17 <WARN> "default" filter: CC(C)(C)c1ccc(C2=c3sc4ccccc4c3=[N+]3C2=Nc2c(-c4ccc(C(C)(C)C)cc4)c4sc5ccccc5c4n2[B-]3(F)F)cc1 is invalid
21:37:17 <WARN> "default" filter: CC(C)(C)c1ccc(N(c2ccc(N(/C3=c4\cc/c5n4[Zn]n4c(ccc4/C(c4cc(C(C)(C)C)cc(C(C)(C)C)c4)=C4/C=CC3=N4)/C(C#Cc3ccc(C(=O)O)cn3)=C3/C=CC(=N3)/C=5c3cc(C(C)(C)C)cc(C(C)(C)C)c3)c3ccc(N(c4ccc(C(C)(C)C)cc4)c4ccc(C(C)(C)C)cc4)cc3)cc2)c2ccc(C(C)(C)C)cc2)cc1 is invalid
21:37:17 <WARN> "default" filter: CC(C)(C)c1ccc(Oc2cc3c4c(cc(Oc5ccc(C(C)(C)C)cc5)c5c6ccc(Oc7ccc(C(=O)O)cc7)c7cccc(c2c45)c76)C(=O)N(c2cc(C(C)(C)C)ccc2C(C)(C)C)C3=O)cc1 is invalid
21:37:17 <WARN> "default" filter: CC(C)(C)c1ccc2c(c1)c1cc(C(C)(C)C)ccc1n2-c1cc[n+]2c(c1)-c1ccccc1O[B-]2(F)F is invalid
21:37:17 <WARN> "default" filter: CC(C)(C)c1ccc2c(c1)c1cc(C(C)(C)C)ccc1n2-c1ccc(-c2ccc3c(c2)C(=O)c2ccc(-c4ccc(-n5c6ccc(C(C)(C)C)cc6c6cc(C(C)(C)C)ccc65)cc4)cc2C3=O)cc1 is invalid
21:37:17 <WARN> "default" filter: CC(C)(C)c1ccc2c(c1)c1cc(C(C)(C)C)ccc1n2-c1ccc(-c2nc(-c3ccc(P(=O)(c4ccccc4)c4ccccc4)cc3)nc(-c3ccc(P(=O)(c4ccccc4)c4ccccc4)cc3)n2)cc1 is invalid
21:37:17 <WARN> "default" filter: CC(C)(C)c1ccc2c(c1)c1cc(C(C)(C)C)ccc1n2-c1ccc2c(c1)c1cc(-n3c4ccc(C(C)(C)C)cc4c4cc(C(C)(C)C)ccc43)ccc1n2-c1ccc(/C=C(\C#N)c2ccc(-c3ccc(C=C(C#N)C(=O)O)s3)s2)cc1 is invalid
21:37:17 <WARN> "default" filter: CC(C)(C)c1ccc2c(c1)c1cc(C(C)(C)C)ccc1n2-c1ccccc1-c1nc(-c2ccccc2-n2c3ccc(C(C)(C)C)cc3c3cc(C(C)(C)C)ccc32)nc(-c2ccccc2P(=O)(c2ccccc2)c2ccccc2)n1 is invalid
21:37:17 <WARN> "default" filter: CC(C)(C)c1ccc2c(c1)sc1[n+]2[B-](F)(F)n2c(c3cccc4c(Br)ccc2c43)=N1 is invalid
21:37:17 <WARN> "default" filter: CC(C)(C)c1ccc2c(c1)sc1[n+]2[B-](F)(F)n2c(c3cccc4cccc2c43)=N1 is invalid
21:37:17 <WARN> "default" filter: CC(C)[Si](C#Cc1c2cc3ccccc3cc2c(C#C[Si](C(C)C)(C(C)C)C(C)C)c2nc3c(ccc4cc5ccccc5cc43)nc12)(C(C)C)C(C)C is invalid
21:37:17 <WARN> "default" filter: CC(C)[Si](C#Cc1c2cc3ccccc3cc2c(C#C[Si](C(C)C)(C(C)C)C(C)C)c2nc3c(nc12)C1c2ccccc2C3c2ccccc21)(C(C)C)C(C)C is invalid
21:37:17 <WARN> "default" filter: CC(C)[Si](C#Cc1c2nc3ccccc3nc2c(C#C[Si](C(C)C)(C(C)C)C(C)C)c2nc3c4ccccc4c(=O)c4ccccc4c3nc12)(C(C)C)C(C)C is invalid
21:37:17 <WARN> "default" filter: CC(C)[Si](C#Cc1c2nsnc2c(C#C[Si](C(C)C)(C(C)C)C(C)C)c2nc3c(ccc4ccccc43)nc12)(C(C)C)C(C)C is invalid
21:37:17 <WARN> "default" filter: CC(C)[Si](C#Cc1c2nsnc2c(C#C[Si](C(C)C)(C(C)C)C(C)C)c2nc3c(nc12)Cc1ccccc1-3)(C(C)C)C(C)C is invalid
21:37:17 <WARN> "default" filter: CC(C)[Si](C#Cc1ccc(C#C[Si](C(C)C)(C(C)C)C(C)C)c2nc3c4ccccc4c(=O)c4ccccc4c3nc12)(C(C)C)C(C)C is invalid
21:37:18 <WARN> "default" filter: CC(C)c1cc(C(C)C)c(B2c3ccccc3Oc3cc(N4c5ccccc5C5(c6ccccc6-c6ccccc65)c5ccccc54)ccc32)c(C(C)C)c1 is invalid
21:37:18 <WARN> "default" filter: CC(C)c1cccc(C(C)C)c1N1C(=O)c2ccc3c(-c4ccc(C(=O)O)cc4)c4c5ccc6c7c(ccc(c(-c8ccc(C(=O)O)cc8)c4c4ccc(c2c34)C1=O)c75)C(=O)N(c1c(C(C)C)cccc1C(C)C)C6=O is invalid
21:37:18 <WARN> "default" filter: CC(C)c1cccc(C(C)C)c1N1C(=O)c2ccc3c(-c4ccccc4)c4c5ccc6c7c(ccc(c(-c8ccccc8)c4c4ccc(c2c34)C1=O)c75)C(=O)N(c1c(C(C)C)cccc1C(C)C)C6=O is invalid
21:37:18 <WARN> "default" filter: CC1(C)OB(c2cc3ccc4cccc5ccc(c2)c3c45)OC1(C)C is invalid
21:37:18 <WARN> "default" filter: CC1(C)c2cc(/C=C/c3nc(/C=C/c4ccc5c(c4)C(C)(C)c4cc(N(c6ccccc6)c6ccc7ccccc7c6)ccc4-5)nc(/C=C/c4ccc5c(c4)C(C)(C)c4cc(N(c6ccccc6)c6ccc7ccccc7c6)ccc4-5)n3)ccc2-c2ccc(N(c3ccccc3)c3ccc4ccccc4c3)cc21 is invalid
21:37:18 <WARN> "default" filter: CC1=C(/C=C/c2ccccc2)C(C)=[N+]2C1=C(c1ccccc1)c1c(C)c(/C=C/c3ccccc3)c(C)n1[B-]2(F)F is invalid
21:37:18 <WARN> "default" filter: CC1=C(C#Cc2ccc(B(c3c(C)cc(C)cc3C)c3c(C)cc(C)cc3C)cc2)C(C)=[N+]2C1=C(c1ccccc1)c1c(C)c(C#Cc3ccc(B(c4c(C)cc(C)cc4C)c4c(C)cc(C)cc4C)cc3)c(C)n1[B-]2(F)F is invalid
21:37:18 <WARN> "default" filter: CC1=C(c2ccc(N(c3ccccc3)c3ccccc3)cc2)C(C)=[N+]2C1C(c1ccccc1)c1c(C)c(C=C(C#N)C(=O)O)c(C)n1[B-]2(F)F is invalid
21:37:18 <WARN> "default" filter: CC1=C(c2ccccc2)C2=Cc3c(-c4ccccc4)c(C)c(C)n3[B-](F)(F)[N+]2=C1C is invalid
21:37:18 <WARN> "default" filter: CC1=C2c3ccccc3C(C)=[N+]2[B-](F)(F)n2c(C)c3cc4c(-c5ccccc5)c5c(c(-c6ccccc6)c4cc3c21)-c1cccc2cccc-5c12 is invalid
21:37:18 <WARN> "default" filter: CC1=CB(O)N2B(c3ccccc3)C=C(C)c3cccc1c32 is invalid
21:37:18 <WARN> "default" filter: CC1=CC(/C=C/c2c3ccccc3c(C)c3ccccc23)=[N+]2C1=C(c1ccccc1)c1c(C)cc(/C=C/c3c4ccccc4c(C)c4ccccc34)n1[B-]2(F)F is invalid
21:37:18 <WARN> "default" filter: CC1=CC(/C=C/c2ccc(N3c4ccccc4CCc4ccccc43)cc2)=[N+]2C1=C(c1ccc(C(=O)O)cc1)c1c(C)cc(/C=C/c3ccc(N4c5ccccc5CCc5ccccc54)cc3)n1[B-]2(F)F is invalid
21:37:18 <WARN> "default" filter: CC1=CC(C)=[N+]2C1=C(c1ccc(I)cc1)c1c(C)cc(C)n1[B-]21OCCO1 is invalid
21:37:18 <WARN> "default" filter: CC1=CC(C)=[N+]2C1=C(c1ccc(N3CCCCC3)cc1)c1c(C)cc(C)n1[B-]2(F)F is invalid
21:37:18 <WARN> "default" filter: CC1=CC(C)=[N+]2C1=C(c1ccc(N3CCOCC3)cc1)c1c(C)cc(C)n1[B-]2(F)F is invalid
21:37:18 <WARN> "default" filter: CC1=CC(c2ccc(N(C)C)cc2)=[N+]2C1=Nc1c(C)cc(-c3ccc(N(C)C)cc3)n1[B-]2(F)F is invalid
21:37:18 <WARN> "default" filter: CC1=[N+]2C(=C(c3ccc(N4CCCCC4)cc3)c3ccc(C)n3[B-]2(F)F)C=C1 is invalid
21:37:18 <WARN> "default" filter: CC1=[N+]2C(=C(c3ccc(N4CCOCC4)cc3)c3ccc(C)n3[B-]2(F)F)C=C1 is invalid
21:37:18 <WARN> "default" filter: CC1=[N+]2C(=C(c3ccccc3)c3c4c5ccccc5c5ccccc5c4c(C)n3[B-]2(F)F)c2c1c1ccccc1c1ccccc21 is invalid
21:37:18 <WARN> "default" filter: CC1=[N+]2C(=Cc3c4ccccc4c(C)n3[B-]2(F)F)c2cc3c(cc21)C(C)=[N+]1C3=Cc2c3ccccc3c(C)n2[B-]1(F)F is invalid
21:37:18 <WARN> "default" filter: CC1=[O+][B-]2(OC(=O)C(=O)O2)OC(c2c3ccccc3cc3ccccc23)=C1 is invalid
21:37:18 <WARN> "default" filter: CC1=c2c3c4cccc5cccc(c=3c(C)[n+]2[B-](F)(F)n2c(C)c3c(c21)-c1cccc2cccc-3c12)c54 is invalid
21:37:18 <WARN> "default" filter: CCB1c2ccccc2Nc2ccccc21 is invalid
21:37:18 <WARN> "default" filter: CCC1(CC)c2cc(-c3ccc(N(c4ccc(-c5ccc6c(c5)C(CC)(CC)c5cc(N7c8ccccc8C(C)(C)c8ccccc87)ccc5-6)cc4)c4ccc(-c5ccc6c(c5)C(CC)(CC)c5cc(N7c8ccccc8C(C)(C)c8ccccc87)ccc5-6)cc4)cc3)ccc2-c2ccc(N3c4ccccc4C(C)(C)c4ccccc43)cc21 is invalid
21:37:18 <WARN> "default" filter: CCC1=C(C)C2=C(c3c(C)cc(C)nc3-c3cccs3)c3c(C)c(CC)c(C)n3[B-](F)(F)[N+]2=C1C is invalid
21:37:18 <WARN> "default" filter: CCC1=C(C)C2=Cc3c4ccccc4c4n3[B-](c3cc[n+](C)cc3)(Oc3ccccc3-4)[N+]2=C1C=Cc1ccc(OC)cc1 is invalid
21:37:18 <WARN> "default" filter: CCC1=C(C)C2=Cc3ccccc3B(O)N2C1=O is invalid
21:37:18 <WARN> "default" filter: CCCC1(CCC)c2ccccc2-c2c1c1c(c3c2C(CCC)(CCC)c2cc(N(c4ccc(-c5ccc(/C=C(\C#N)C(=O)O)s5)cc4)c4ccc5c(c4)C(CCC)(CCC)c4c6c(c7c(c4-5)C(CCC)(CCC)c4ccccc4-7)Cc4ccccc4-6)ccc2-3)Cc2ccccc2-1 is invalid
21:37:18 <WARN> "default" filter: CCCC1(CCC)c2ccccc2-c2c1c1c(c3c2C(CCC)(CCC)c2cc(N(c4ccc(OC)cc4)c4ccc(-c5sc(-c6ccc(/C=C(\C#N)C(=O)O)cc6)c6c5OCCO6)cc4)ccc2-3)C(CCC)(CCC)c2ccccc2-1 is invalid
21:37:18 <WARN> "default" filter: CCCC1(CCC)c2ccccc2-c2c1c1c(c3c2C(CCC)(CCC)c2cc(N(c4ccc(OC)cc4)c4ccc(-c5sc(C=C(C#N)C(=O)O)c6c5OCCO6)cc4)ccc2-3)C(CCC)(CCC)c2ccccc2-1 is invalid
21:37:18 <WARN> "default" filter: CCCCC(CC)COc1cc2c(cc1OCC(CC)CCCC)c1c3sc(-c4ccc(-c5ccc6c(c5)c5ccccc5n6CC(CC)CCCC)c5nsnc45)cc3sc1c1sc3cc(/C=C(\C#N)C(=O)O)sc3c21 is invalid
21:37:18 <WARN> "default" filter: CCCCC(CC)COc1ccc(-c2cc3c4c5c2cccc5c2cccc5c(-c6ccc(-c7ccc(-c8ccc(/C=c9/sc(=C(C#N)C#N)[nH]c9=O)s8)c8nc(-c9ccccc9)c(-c9ccccc9)nc78)s6)cc(c4c52)n3CC(CC)CCCC)cc1 is invalid
21:37:18 <WARN> "default" filter: CCCCC(CC)C[Ge]1(CC(CC)CCCC)c2cc(-c3ccc(N(c4ccccc4)c4ccccc4)cc3)sc2-c2sc(-c3cnc(-c4ccc(-c5ccncc5)s4)c4nsnc34)cc21 is invalid
21:37:18 <WARN> "default" filter: CCCCC(CC)Cn1c2cc(-c3ccc(/C=c4\sc(=C(C#N)C#N)[nH]c4=O)s3)ccc2c2nc3c(-c4ccc(N(c5ccccc5)c5ccccc5)cc4)ccc(-c4ccc(N(c5ccccc5)c5ccccc5)cc4)c3nc21 is invalid
21:37:18 <WARN> "default" filter: CCCCC(CC)Cn1c2ccccc2c2c(-c3ccc(-c4ccc(/C=C(/C#N)C(=O)O)s4)cc3)c3c(c(-c4ccc(-c5cc(OC)c(OC)c(OC)c5)cc4)c21)c1ccccc1n3CC(CC)CCCC is invalid
21:37:18 <WARN> "default" filter: CCCCC1(CCCC)c2ccccc2-c2ccc(-n3c4ccsc4c4sc(-c5cc6c(s5)c5sc(-c7cc8c(s7)c7sc(/C=C(\C#N)C(=O)O)cc7n8-c7ccc8c(c7)C(CCCC)(CCCC)c7ccccc7-8)cc5n6-c5ccc6c(c5)C(CCCC)(CCCC)c5ccccc5-6)cc43)cc21 is invalid
21:37:18 <WARN> "default" filter: CCCCCC(CC)N1C(=O)C2=C(c3ccc(-c4ccc(/C=C(\C#N)C(=O)O)s4)cc3)N(C(CC)CCCCC)C(=O)C2=C1c1ccc(-c2ccc3c4c(-c5ccccc5)c5c(c(-c6ccccc6)c4n(C(CC)CCCCC)c3c2)c2ccccc2n5C(CC)CCCCC)cc1 is invalid
21:37:18 <WARN> "default" filter: CCCCCC/C=C/c1cc(N(c2ccc3c(c2)C(CCCCCC)(CCCCCC)c2c4c(c5c(c2-3)C(CCCCCC)(CCCCCC)c2ccccc2-5)C(CCCCCC)(CCCCCC)c2ccccc2-4)c2ccc3c4ccccc4n(CCCCCC)c3c2)ccc1-c1cc2c(s1)c1sc(C=C(C#N)C(=O)O)cc1n2CCCCCC is invalid
21:37:18 <WARN> "default" filter: CCCCCC1=C2C(C)=C(c3ccc4c(c3)Sc3ccccc3N4CCC)C(C)=[N+]2[B-](F)(F)n2c(C)c(/C=C(\C#N)C(=O)O)c(C)c21 is invalid
21:37:18 <WARN> "default" filter: CCCCCCC(CCCC)COc1ccc(N(c2ccc(OCC(CCCC)CCCCCC)cc2)c2ccc3c4ccc(C#Cc5ccc(C(=O)O)cc5)c5cccc(c6cccc2c63)c54)cc1 is invalid
21:37:18 <WARN> "default" filter: CCCCCCC(CCCC)COc1ccc(N(c2ccc(OCC(CCCC)CCCCCC)cc2)c2ccc3c4ccc(C#Cc5ccc(C=C(C#N)C(=O)O)cc5)c5cccc(c6cccc2c63)c54)cc1 is invalid
21:37:18 <WARN> "default" filter: CCCCCCC(CCCCCC)N1C(=O)c2cc(Oc3ccc(C(C)(C)C)cc3)c3c4c(Oc5ccc(C(C)(C)C)cc5)cc5c(=O)n6c7cc(OC)c(OC)cc7nc6c6cc(Oc7ccc(C(C)(C)C)cc7)c(c7c(Oc8ccc(C(C)(C)C)cc8)cc(c2c37)C1=O)c4c56 is invalid
21:37:18 <WARN> "default" filter: CCCCCCC1(CCCCCC)c2cc(-c3ccc(-c4ccc(-c5ccc(-c6ccc7c(c6)C(CCCCCC)(CCCCCC)c6cc(-n8c9ccccc9c9ccccc98)ccc6-7)s5)c5nsnc45)s3)ccc2-c2ccc(-n3c4ccccc4c4ccccc43)cc21 is invalid
21:37:18 <WARN> "default" filter: CCCCCCC1(CCCCCC)c2cc(-c3ccc(N(c4ccc(-c5ccc(-c6ccc(/C=C(\C#N)C(=O)O)s6)s5)cc4)c4ccc(-c5ccc6c(c5)C(CCCCCC)(CCCCCC)c5cc(-n7c8ccc(C(C)(C)C)cc8c8cc(C(C)(C)C)ccc87)ccc5-6)s4)s3)ccc2-c2ccc(-n3c4ccc(C(C)(C)C)cc4c4cc(C(C)(C)C)ccc43)cc21 is invalid
21:37:18 <WARN> "default" filter: CCCCCCC1(CCCCCC)c2cc(-c3nc(-c4ccc5c(c4)C(CCCCCC)(CCCCCC)c4cc(-n6c7ccc(C(C)(C)C)cc7c7cc(C(C)(C)C)ccc76)ccc4-5)nc(-c4ccc5c(c4)C(CCCCCC)(CCCCCC)c4cc(-n6c7ccc(C(C)(C)C)cc7c7cc(C(C)(C)C)ccc76)ccc4-5)n3)ccc2-c2ccc(-n3c4ccc(C(C)(C)C)cc4c4cc(C(C)(C)C)ccc43)cc21 is invalid
21:37:18 <WARN> "default" filter: CCCCCCC1(CCCCCC)c2cc(-c3nc4cc5c(cc4nc3-c3ccc4c(c3)C(CCCCCC)(CCCCCC)c3cc(N(c6ccccc6)c6ccccc6)ccc3-4)C(CCCCCC)(CCCCCC)c3cc(-c4ccc(/C=C(\C#N)C(=O)O)s4)ccc3-5)ccc2-c2ccc(N(c3ccccc3)c3ccccc3)cc21 is invalid
21:37:18 <WARN> "default" filter: CCCCCCC1(CCCCCC)c2ccccc2-c2c1c1c(c3c2C(CCCCCC)(CCCCCC)c2cc(N(c4ccc(OC)cc4)c4ccc(-c5sc(C=C(C#N)C(=O)O)c6c5OCCO6)cc4)ccc2-3)C(CCCCCC)(CCCCCC)c2ccccc2-1 is invalid
21:37:18 <WARN> "default" filter: CCCCCCCCC(CCCCCCCC)n1c2ccc(-c3sc(-c4ccc(/C=C(/C#N)C(=O)O)s4)cc3CCCCCC)cc2c2cc(-c3sc(-c4ccc(/C=C(/C#N)C(=O)O)s4)cc3CCCCCC)ccc21 is invalid
21:37:18 <WARN> "default" filter: CCCCCCCCC(CCCCCCCC)n1c2ccc(-c3sc(-c4ccc(/C=C(\C#N)C(=O)O)s4)cc3CCCCCC)cc2c2cc(-c3sc(-c4ccc(/C=C(\C#N)C(=O)O)s4)cc3CCCCCC)ccc21 is invalid
21:37:18 <WARN> "default" filter: CCCCCCCCC1(CCCCCCCC)c2cc(-c3ccc(C(F)(F)F)cc3)ccc2-c2ccc(N(c3ccc(-n4c5ccccc5c5ccccc54)cc3)c3ccc4c(c3)C(CCCCCCCC)(CCCCCCCC)c3cc(-c5ccc(C(F)(F)F)cc5)ccc3-4)cc21 is invalid
21:37:18 <WARN> "default" filter: CCCCCCCCC1(CCCCCCCC)c2cc(C#C[Pt](C#Cc3ccc(N(c4ccccc4)c4ccccc4)cc3)([P](CC)(CC)CC)[P](CC)(CC)CC)ccc2-c2ccc(/C=C(\C#N)C(=O)O)cc21 is invalid
21:37:18 <WARN> "default" filter: CCCCCCCCC1(CCCCCCCC)c2ccccc2-c2ccc(/C=C/C3=[N+]4C(=C5c6ccc(/C=C/c7ccc8c(c7)C(CCCCCCCC)(CCCCCCCC)c7ccccc7-8)n6[B-](F)(F)[n+]6c5n(c5ccccc56)[B-]4(F)F)C=C3)cc21 is invalid
21:37:18 <WARN> "default" filter: CCCCCCCCC1(CCCCCCCC)c2ccccc2-c2ccc(C#Cc3ccc(C#Cc4ccc5c(c4)C(CCCCCCCC)(CCCCCCCC)c4ccccc4-5)c4nsnc34)cc21 is invalid
21:37:18 <WARN> "default" filter: CCCCCCCCCC1(CCCCCCCC)c2cc(/C=C(/C#N)C(=O)O)sc2-c2sc(-c3ccc(-c4ccc5c(c4)C4CCCC4N5c4ccc5c(c4)c4ccccc4n5CCCCCC)c4nsnc34)cc21 is invalid
21:37:18 <WARN> "default" filter: CCCCCCCCCCC1(CCCCCCCC)C(=CC2=C([O-])C(=CC3=[N+](CCCCCC)c4ccccc4C3(CCCCCCCC)CCCCCCCCCC)C2=O)N(CCCCCC)c2ccc(C(=O)O)cc21 is invalid
21:37:18 <WARN> "default" filter: CCCCCCCCCCCCCCCCCCOc1ccc(C#Cc2cc3nc4c(OCCCCCCCCCCCC)cc5c6cc(OCCCCCCCCCCCC)c(OCCCCCCCCCCCC)cc6c6cc(OCCCCCCCCCCCC)c(OCCCCCCCCCCCC)cc6c5c4nc3cc2C#Cc2ccc(OCCCCCCCCCCCCCCCCCC)cc2)cc1 is invalid
21:37:18 <WARN> "default" filter: CCCCCCCCCCCCCCCCOc1cc(C#Cc2ccc3ccccc3c2-c2c(C#Cc3cc(OCCCCCCCCCCCCCCCC)c(C#Cc4ccc(C=C(C#N)C#N)cc4)cc3OCCCCCCCCCCCCCCCC)ccc3ccccc23)c(OCCCCCCCCCCCCCCCC)cc1C#Cc1ccc(C=C(C#N)C#N)cc1 is invalid
21:37:18 <WARN> "default" filter: CCCCCCCCCCCCCCOc1ccc(C#Cc2cc3nc4c(OCCCCCCCCCCCC)cc5c6cc(OCCCCCCCCCCCC)c(OCCCCCCCCCCCC)cc6c6cc(OCCCCCCCCCCCC)c(OCCCCCCCCCCCC)cc6c5c4nc3cc2C#Cc2ccc(OCCCCCCCCCCCCCC)cc2)cc1 is invalid
21:37:18 <WARN> "default" filter: CCCCCCCCCCCCN1c2ccccc2Sc2cc(-c3ccc(-c4ccc5c(c4)Sc4cc(/C=C(\C#N)C(=O)O)ccc4N5CCCCCCCCCCCC)c4nn(CCCCCCCC)nc34)ccc21 is invalid
21:37:18 <WARN> "default" filter: CCCCCCCCCCCCOc1cc(OCCCCCCCCCCCC)cc(/C2=C3\C=CC(=N3)/C(C#Cc3ccc(N(C)C)cc3)=c3/cc/c4n3[Zn]n3c(ccc32)/C(C#Cc2ccc(-c3ccc(C(=O)O)cc3)s2)=C2/C=CC(=N2)/C=4c2c(OCCCCCCCCCCCC)cccc2OCCCCCCCCCCCC)c1 is invalid
21:37:18 <WARN> "default" filter: CCCCCCCCCCCCOc1cc2c3cc(OCCCCCCCCCCCC)c(OCCCCCCCCCCCC)cc3c3c(cc(OCCCCCCCCCCCC)c4nc5cc(C#Cc6ccc(CCCCCCCCCC)cc6)c(C#Cc6ccc(CCCCCCCCCC)cc6)cc5nc43)c2cc1OCCCCCCCCCCCC is invalid
21:37:18 <WARN> "default" filter: CCCCCCCCCCCCOc1cc2c3cc(OCCCCCCCCCCCC)c(OCCCCCCCCCCCC)cc3c3c(cc(OCCCCCCCCCCCC)c4nc5cc(C#Cc6ccc(OCCC(C)CCCC(C)C)cc6)c(C#Cc6ccc(OCCC(C)CCCC(C)C)cc6)cc5nc43)c2cc1OCCCCCCCCCCCC is invalid
21:37:18 <WARN> "default" filter: CCCCCCCCCCCCOc1cc2c3cc(OCCCCCCCCCCCC)c(OCCCCCCCCCCCC)cc3c3c(cc(OCCCCCCCCCCCC)c4nc5cc(C#Cc6ccc(OCCCC)cc6)c(C#Cc6ccc(OCCCC)cc6)cc5nc43)c2cc1OCCCCCCCCCCCC is invalid
21:37:18 <WARN> "default" filter: CCCCCCCCCCCCOc1cc2c3cc(OCCCCCCCCCCCC)c(OCCCCCCCCCCCC)cc3c3c(cc(OCCCCCCCCCCCC)c4nc5cc(C#Cc6ccc(OCCCCCCCC)cc6)c(C#Cc6ccc(OCCCCCCCC)cc6)cc5nc43)c2cc1OCCCCCCCCCCCC is invalid
21:37:18 <WARN> "default" filter: CCCCCCCCCCCCOc1ccc(C#CC(C#Cc2ccc(OCCCCCCCCCCCC)cc2)=Cc2ccc(C=C(C#Cc3ccc(OCCCCCCCCCCCC)cc3)C#Cc3ccc(OCCCCCCCCCCCC)cc3)cc2)cc1 is invalid
21:37:18 <WARN> "default" filter: CCCCCCCCCCCCOc1ccc(C2=c3sc4ccccc4c3=[N+]3C2=Nc2c(-c4ccc(OCCCCCCCCCCCC)cc4)c4sc5ccccc5c4n2[B-]3(F)F)cc1 is invalid
21:37:18 <WARN> "default" filter: CCCCCCCCCCCCOc1cccc(OCCCCCCCCCCCC)c1/C1=C2\C=CC(=N2)/C(C#Cc2ccc(C(=O)O)cc2)=c2/cc/c3n2[Zn]n2c(ccc21)/C(C#Cc1ccc(N(C)C)cc1)=C1/C=CC(=N1)/C=3c1c(OCCCCCCCCCCCC)cccc1OCCCCCCCCCCCC is invalid
21:37:18 <WARN> "default" filter: CCCCCCCCCCCCOc1cccc(OCCCCCCCCCCCC)c1/C1=C2\C=CC(=N2)/C(C#Cc2ccc(C(=O)O)cc2)=c2/cc/c3n2[Zn]n2c(ccc21)/C(C#Cc1ccc(N(CCCCCCCC)CCCCCCCC)cc1)=C1/C=CC(=N1)/C=3c1c(OCCCCCCCCCCCC)cccc1OCCCCCCCCCCCC is invalid
21:37:18 <WARN> "default" filter: CCCCCCCCCCCCOc1cccc(OCCCCCCCCCCCC)c1/C1=C2\C=CC(=N2)/C(C#Cc2ccc(N(C)C)cc2)=c2/cc/c3n2[Zn]n2c(ccc21)/C(C#Cc1ccc(C(=O)O)cc1)=C1/C=CC(=N1)/C=3c1c(OCCCCCCCCCCCC)cccc1OCCCCCCCCCCCC is invalid
21:37:18 <WARN> "default" filter: CCCCCCCCCCCCn1c2ccccc2c2cc(-c3nc4ccc(-c5ccc(C=C(C#N)C(=O)O)s5)cc4nc3-c3ccc4c(c3)c3ccccc3n4CCCCCCCCCCCC)ccc21 is invalid
21:37:18 <WARN> "default" filter: CCCCCCCCCCOc1cc(OCCCCCCCCCC)cc(C2=C3C(/C=C/c4ccc(OC)cc4)=CC(/C=C/c4ccc(OC)cc4)=[N+]3[B-](F)(F)n3c(/C=C/c4ccc(OC)cc4)cc(C=Cc4ccc(OC)cc4)c32)c1 is invalid
21:37:18 <WARN> "default" filter: CCCCCCCCCC[C@@]1(CCCCCCCC)C(/C=C2/C(=O)C(/C=C3/N(C)c4ccc5cc(C(=O)O)ccc5c4C3(C)C)=C2[O-])=[N+](C)c2cc3c(cc21)-c1ccccc1C3(CCCCCCCC)CCCCCCCC is invalid
21:37:18 <WARN> "default" filter: CCCCCCCCCC[C@@]1(CCCCCCCC)C(/C=C2/C(=O)C(/C=C3/N(C)c4ccc5cc(C(=O)O)ccc5c4C3(C)C)=C2[O-])=[N+](CCCCCC)c2cc3c(cc21)-c1ccccc1C3(CCCCCCCC)CCCCCCCC is invalid
21:37:18 <WARN> "default" filter: CCCCCCCCCC[C@]1(CCCCCCCC)C(/C=C2/C(=O)C(/C=C3/N(C)c4ccc5cc(C(=O)O)ccc5c4C3(C)C)=C2[O-])=[N+](C)c2cc3c(cc21)-c1ccccc1C3(CCCCCCCC)CCCCCCCC is invalid
21:37:18 <WARN> "default" filter: CCCCCCCCCC[C@]1(CCCCCCCC)C(/C=C2/C(=O)C(/C=C3\N(C)c4ccc5cc(C(=O)O)ccc5c4C3(C)C)=C2[O-])=[N+](CCCCCC)c2cc3c(cc21)-c1ccccc1C3(CCCCCCCC)CCCCCCCC is invalid
21:37:18 <WARN> "default" filter: CCCCCCCCCCc1ccc(-c2nc3c(-c4ccc(-c5ccc(N(c6ccccc6)c6ccccc6)cc5)s4)ccc(-c4ccc(/C=C(\C#N)C(=O)O)s4)c3nc2-c2ccc(CCCCCCCC)s2)s1 is invalid
21:37:18 <WARN> "default" filter: CCCCCCCCC[C@@]1(CCCCCCCC)c2cc(/C=C(\C#N)C(=O)O)sc2-c2sc(-c3ccc(-c4ccc5c(c4)[C@H]4CCC[C@H]4N5c4ccc5c(c4)c4ccccc4n5CCCCCC)c4nsnc34)cc21 is invalid
21:37:18 <WARN> "default" filter: CCCCCCCCN(CCCCCCCC)c1ccc(C#C/C2=C3\C=CC(=N3)/C(c3cc(C(C)(C)C)cc(C(C)(C)C)c3)=c3/cc/c4n3[Zn]n3c2ccc3/C(c2cc(C(C)(C)C)cc(C(C)(C)C)c2)=C2/C=CC(=N2)/C=4C#Cc2ccc(C(=O)O)cc2)cc1 is invalid
21:37:18 <WARN> "default" filter: CCCCCCCCN1C(=CC2=C([O-])C(=CC3=[N+](C)c4c(ccc5c6c(ccc45)C(C)(C)C(C=C4C(=O)C(C=C5N(CC)c7ccc8ccccc8c7C5(C)C)=C4[O-])=[N+]6C)C3(C)C)C2=O)C(C)(C)c2cc(C(=O)O)ccc21 is invalid
21:37:18 <WARN> "default" filter: CCCCCCCCN1C(=O)C2=C(c3ccc(-c4sc(-c5ccc(N(c6ccc7c(c6)C(CCCCCC)(CCCCCC)c6ccccc6-7)c6ccc7c(c6)C(CCCCCC)(CCCCCC)c6ccccc6-7)cc5)c5c4OCCO5)s3)N(CCCCCCCC)C(=O)C2=C1c1ccc(-c2ccc(/C=C(/C#N)C(=O)O)s2)s1 is invalid
21:37:18 <WARN> "default" filter: CCCCCCCCN1C(=O)c2cc(Oc3ccc(C(C)(C)C)cc3)c3c4c(Oc5ccc(C(C)(C)C)cc5)cc5c(=O)n6c7cc(C(=O)O)ccc7nc6c6cc(Oc7ccc(C(C)(C)C)cc7)c(c7c(Oc8ccc(C(C)(C)C)cc8)cc(c2c37)C1=O)c4c56 is invalid
21:37:18 <WARN> "default" filter: CCCCCCCCOc1c(OCCCCCCCC)c(-c2ccc(/C=C(\C#N)C(=O)O)s2)c2nc3c4ccccc4c4ccccc4c3nc2c1-c1ccc2c(c1)C1CCCC1N2c1ccc(C)cc1 is invalid
21:37:18 <WARN> "default" filter: CCCCCCCCOc1c(OCCCCCCCC)c(-c2ccc(/C=C(\C#N)C(=O)O)s2)c2nc3c4ccccc4c4ccccc4c3nc2c1-c1ccc2c(c1)[C@H]1CCC[C@H]1N2c1ccc(C)cc1 is invalid
21:37:18 <WARN> "default" filter: CCCCCCCCOc1cc(C)cc(OCCCCCCCC)c1-n1c2cc(C#Cc3ccc(N(c4ccc(OCCCCCC)cc4)c4ccc(OCCCCCC)cc4)cc3)c3cccc4c5cccc6c(C#Cc7ccc(-c8ccc(C(=O)O)cc8)c8nsnc78)cc1c(c65)c2c34 is invalid
21:37:18 <WARN> "default" filter: CCCCCCCCOc1ccc(-c2c(-c3c(-c4ccc(OCCCCCCCC)cc4)n(CCCCCCCC)c4cc(-c5ccc(C=C(C#N)C(=O)O)s5)ccc34)c3cc(-c4ccc(C=C(C#N)C(=O)O)s4)ccc3n2CCCCCCCC)cc1 is invalid
21:37:18 <WARN> "default" filter: CCCCCCCCOc1ccc(-c2c(-c3c(-c4ccc(OCCCCCCCC)cc4)n(CCCCCCCC)c4ccc(-c5ccc(-c6ccc(/C=C(/C#N)C(=O)O)s6)s5)cc34)c3cc(-c4ccc(-c5ccc(/C=C(/C#N)C(=O)O)s5)s4)ccc3n2CCCCCCCC)cc1 is invalid
21:37:18 <WARN> "default" filter: CCCCCCCCOc1ccc(-c2ccc(N(c3ccc(-c4cc5c(s4)-c4cc6c(cc4C5(c4ccc(CCCCCC)cc4)c4ccc(CCCCCC)cc4)-c4sc(-c5ccc(-c7ccc(C(=O)O)cc7)c7nonc57)cc4C6(c4ccc(CCCCCC)cc4)c4ccc(CCCCCC)cc4)cc3)c3ccc(-c4ccc(OCCCCCCCC)cc4OCCCCCCCC)cc3)cc2)c(COCCCCCCC)c1 is invalid
21:37:18 <WARN> "default" filter: CCCCCCCCOc1ccc(-c2ccc(N(c3ccc(-c4cc5c(s4)-c4cc6c(cc4C5(c4ccc(CCCCCC)cc4)c4ccc(CCCCCC)cc4)-c4sc(-c5ccc(-c7ccc(C(=O)O)cc7)c7nonc57)cc4C6(c4ccc(CCCCCC)cc4)c4ccc(CCCCCC)cc4)cc3)c3ccc(-c4ccc(OCCCCCCCC)cc4OCCCCCCCC)cc3)cc2)c(OCCCCCCCC)c1 is invalid
21:37:18 <WARN> "default" filter: CCCCCCCCOc1ccc(-c2ccc(N(c3ccc4c(c3)C(C)(C)c3cc(-c5cnc(-c6cc7c(s6)-c6sc(/C=C(\C#N)C(=O)O)cc6C7(CC(CC)CCCC)CC(CC)CCCC)c6nc(-c7ccccc7)c(-c7ccccc7)nc56)sc3-4)c3ccc(-c4ccc(OCCCCCCCC)cc4OCCCCCCCC)cc3-c3ccc(OCCCCCCCC)cc3OCCCCCCCC)cc2)c(OCCCCCCCC)c1 is invalid
21:37:18 <WARN> "default" filter: CCCCCCCCOc1ccc(-n2c(-c3ccc(C(=C(c4ccccc4)c4ccccc4)c4ccccc4)cc3)cc3c2cc(-c2ccc(-c4ccc(C=Cc5ccc(-c6ccc(C=C(C#N)C(=O)O)s6)c6cscc56)s4)cc2)n3-c2ccc(OCCCCCCCC)cc2)cc1 is invalid
21:37:18 <WARN> "default" filter: CCCCCCCCOc1ccc(C2(c3ccc(OCCCCCCCC)cc3)c3cc4c5cc6c(cc5n(CCCCCCCC)c4cc3-c3sccc32)-c2sc(-c3cnc(-c4ccc(C(=O)O)cc4)c4nsnc34)cc2C6(c2ccc(OCCCCCCCC)cc2)c2ccc(OCCCCCCCC)cc2)cc1 is invalid
21:37:18 <WARN> "default" filter: CCCCCCCCOc1ccc(C2=C3C(C)=C(C#Cc4ccc(B(c5c(C)cc(C)cc5C)c5c(C)cc(C)cc5C)cc4)C(C)=[N+]3[B-](F)(F)n3c(C)c(C#Cc4ccc(B(c5c(C)cc(C)cc5C)c5c(C)cc(C)cc5C)cc4)c(C)c32)cc1 is invalid
21:37:18 <WARN> "default" filter: CCCCCCCCOc1ccc(N(c2ccc(-c3ccc(N(c4ccccc4)c4ccc(-c5ccc6c(c5)Sc5cc(-c7ccc(/C=C(\C#N)C(=O)O)s7)ccc5N6CCCCCCCC)cc4)cc3)cc2)c2ccc(-c3ccc(/C=C(\C#N)C(=O)O)s3)cc2)cc1 is invalid
21:37:18 <WARN> "default" filter: CCCCCCCCOc1ccc(N(c2ccc(OCCCCCCCC)cc2)c2ccc(-c3cc(CC(CC)CCCC)c(-c4sc(-c5sc(C(=O)O)cc5CC(CC)CCCC)c5nccnc45)s3)cc2)cc1 is invalid
21:37:18 <WARN> "default" filter: CCCCCCCCOc1ccc(N(c2ccc(OCCCCCCCC)cc2)c2ccc(-c3cc(CCCCCC)c(-c4sc(-c5sc(C=C(C#N)C(=O)O)cc5CCCCCC)c5nccnc45)s3)cc2)cc1 is invalid
21:37:18 <WARN> "default" filter: CCCCCCCCOc1ccc(N(c2ccc(OCCCCCCCC)cc2)c2ccc(-c3ncc(-c4ccc(/C=C(/C#N)C(=O)O)s4)c4nc(-c5ccccc5)c(-c5ccccc5)nc34)cc2)cc1 is invalid
21:37:18 <WARN> "default" filter: CCCCCCCCOc1ccc(N(c2ccc(OCCCCCCCC)cc2)c2ccc(-c3ncc(-c4ccc(C=C(C#N)C(=O)O)s4)c4nc(-c5ccc(OC)cc5)c(-c5ccc(OC)cc5)nc34)cc2)cc1 is invalid
21:37:18 <WARN> "default" filter: CCCCCCCCOc1cccc(OCCCCCCCC)c1/C1=C2\C=CC(=N2)/C(C#Cc2ccc(C(=O)O)cc2)=c2/cc/c3n2[Zn]n2c(ccc21)/C(C#Cc1ccc(N(CCCC)CCCC)cc1)=C1/C=CC(=N1)/C=3c1c(OCCCCCCCC)cccc1OCCCCCCCC is invalid
21:37:18 <WARN> "default" filter: CCCCCCCCOc1cccc(OCCCCCCCC)c1/C1=C2\C=CC(=N2)/C(C#Cc2ccc(N(CCCC)CCCC)cc2)=c2/cc/c3n2[Zn]n2c(ccc21)/C(C#Cc1ccc(C(=O)O)cc1)=C1/C=CC(=N1)/C=3c1c(OCCCCCCCC)cccc1OCCCCCCCC is invalid
21:37:18 <WARN> "default" filter: CCCCCCCCOc1cccc(OCCCCCCCC)c1/C1=C2\C=CC(=N2)/C(C#Cc2ccc3cc(-c4ccc(OCCCCCC)cc4OCCCCCC)c4ccc5c(-c6ccc(OCCCCCC)cc6OCCCCCC)cc2c3n45)=c2/cc/c3n2[Zn]n2c(ccc21)/C(C#Cc1ccc(C(=O)O)cc1)=C1/C=CC(=N1)/C=3c1c(OCCCCCCCC)cccc1OCCCCCCCC is invalid
21:37:18 <WARN> "default" filter: CCCCCCCCOc1cccc(OCCCCCCCC)c1C1=C2C(C)=C(C#Cc3ccc(C(=O)O)cc3)C(/C=C/c3ccc(CCCCCC)s3)=[N+]2[B-](C#CCOCCOC)(C#CCOCCOC)n2c(/C=C/c3ccc(CCCCCC)s3)c(-c3ccc(N(c4ccc(CCCCCC)cc4)c4ccc(CCCCCC)cc4)cc3)c(C)c21 is invalid
21:37:18 <WARN> "default" filter: CCCCCCCCOc1cccc(OCCCCCCCC)c1C1=C2C(C)=C(C#Cc3ccc(C(=O)O)cc3)C(C)=[N+]2[B-](C#CCOCCOC)(C#CCOCCOC)n2c(C)c(-c3ccc(N(c4ccc(CCCCCC)cc4)c4ccc(CCCCCC)cc4)cc3)c(C)c21 is invalid
21:37:18 <WARN> "default" filter: CCCCCCCC[N+]1=C(/C=C2/C(=O)C(c3ccc(-c4ccc(-c5ccc(N(c6ccc7c(c6)C(C)(C)c6cc(OCCCCCC)ccc6-7)c6ccc7c(c6)C(C)(C)c6cc(OCCCCCC)ccc6-7)cc5)s4)n3C)=C2[O-])C(C)(C)c2cc(C(=O)O)ccc21 is invalid
21:37:18 <WARN> "default" filter: CCCCCCCC[N+]1=C(/C=C2/C(=O)C(c3ccc(-c4ccc(-c5ccc(N(c6ccc7c(c6)C(C)(C)c6ccccc6-7)c6ccc7c(c6)C(C)(C)c6ccccc6-7)cc5)s4)n3C)=C2[O-])C(C)(C)c2cc(C(=O)O)ccc21 is invalid
21:37:18 <WARN> "default" filter: CCCCCCCCc1ccc2c(c1)-c1ccc(N(c3ccc(-c4ccc(-c5ccc(C6=C([O-])/C(=C\C7=[N+](CCCCCCCC)c8ccc(C(=O)O)cc8C7(C)C)C6=O)n5C)s4)cc3)c3ccc4c(c3)C(C)(C)c3cc(CCCCCCCC)ccc3-4)cc1C2(C)C is invalid
21:37:18 <WARN> "default" filter: CCCCCCCCn1c2c(c3ccccc31)-c1c(c3ccccc3n1CCCCCCCC)-c1c(c3cc(-c4ccc(/C=C(\C#N)C(=O)O)s4)ccc3n1CCCCCCCC)-c1c-2c2ccccc2n1CCCCCCCC is invalid
21:37:18 <WARN> "default" filter: CCCCCCCN1/C(=C/C2=C([O-])/C(=C\C3=[N+](CCCCCCC)c4ccc(C5=C([O-])/C(=C\C6=[N+](CCCC)c7ccc(C(=O)O)cc7C6(C)C)C5=O)cc4C3(C)C)C2=O)C(C)(C)c2cc(C3=C([O-])C(=Cc4sc5ccccc5[n+]4CCCC)C3=O)ccc21 is invalid
21:37:18 <WARN> "default" filter: CCCCCCN(CCCCCC)c1ccc(C#Cc2ccc(/C=C/c3ccc(-c4ccc(/C=C/c5ccc(C#Cc6ccc(N(CCCCCC)CCCCCC)cc6)cc5)cc4)cc3)cc2)cc1 is invalid
21:37:18 <WARN> "default" filter: CCCCCCN1C(=O)C2=C(c3ccc(-c4ccc(/C=C(\C#N)C(=O)O)s4)cc3)N(CCCCCC)C(=O)C2=C1c1ccc(-c2ccc(N(c3ccc(C(C)(C)C)cc3)c3ccc(C(C)(C)C)cc3)cc2)cc1 is invalid
21:37:18 <WARN> "default" filter: CCCCCCN1c2ccc(/C=C(\C#N)C(=O)O)cc2Sc2cc(-c3ccc(C=C(c4ccc(-n5c6ccccc6c6ccccc65)cc4)c4ccc(-n5c6ccccc6c6ccccc65)cc4)cc3)ccc21 is invalid
21:37:18 <WARN> "default" filter: CCCCCCN1c2ccc(C#Cc3ccc4c5ccc(C#Cc6ccc7c(c6)Sc6cc(/C=C(/C#N)C(=O)O)ccc6N7CCCCCC)cc5n(CCCC)c4c3)cc2Sc2cc(/C=C(/C#N)C(=O)O)ccc21 is invalid
21:37:18 <WARN> "default" filter: CCCCCCN1c2ccc(C=C(C#N)C(=O)O)cc2Sc2cc(-c3ccc(C=C(c4ccc(-n5c6ccccc6c6ccccc65)cc4)c4ccc(-n5c6ccccc6c6ccccc65)cc4)cc3)ccc21 is invalid
21:37:18 <WARN> "default" filter: CCCCCCN1c2ccc(C=C(C#N)C(=O)O)cc2Sc2cc(-c3ccc(N(c4ccc5c(c4)C(CCC)(CCC)c4ccccc4-5)c4ccc5c(c4)C(CCC)(CCC)c4ccccc4-5)cc3)ccc21 is invalid
21:37:18 <WARN> "default" filter: CCCCCCN1c2ccc(C=C(C#N)C(=O)O)cc2Sc2cc(-c3ccc4[n+](c3)[B-](F)(F)N3C=CC=CC3=C4C#N)ccc21 is invalid
21:37:18 <WARN> "default" filter: CCCCCCN1c2ccc(C=CCc3ccc4c(c3)Sc3cc(/C=C(\C#N)C(=O)O)ccc3N4CCCCCC)cc2Sc2cc(CC=Cc3ccc(N(c4ccc5c(c4)C(C)(C)c4ccccc4-5)c4ccc5c(c4)C(C)(C)c4ccccc4-5)cc3)ccc21 is invalid
21:37:18 <WARN> "default" filter: CCCCCCN1c2ccccc2Sc2cc(/C=C/c3cc(-c4ccc(/C=C(\C#N)C(=O)O)s4)c(/C=C/c4ccc5c(c4)Sc4ccccc4N5CCCCCC)cc3-c3ccc(/C=C(\C#N)C(=O)O)s3)ccc21 is invalid
21:37:18 <WARN> "default" filter: CCCCCCN1c2ccccc2Sc2cc(C3=C(C)C4=C(CCCCC)c5c(C)c(/C=C(\C#N)C(=O)O)c(C)n5[B-](F)(F)[N+]4=C3C)ccc21 is invalid
21:37:18 <WARN> "default" filter: CCCCCCOc1cc(/C=C/c2cc(OCCCCCC)c(/C=C/c3cc(OCCCCCC)c(/C=C4\C(=O)c5ccccc5C4=C(C#N)C#N)cc3OCCCCCC)cc2OCCCCCC)c(OCCCCCC)cc1/C=C1\C(=O)c2ccccc2C1=C(C#N)C#N is invalid
21:37:18 <WARN> "default" filter: CCCCCCOc1cc(/C=C/c2cc3ccc2CCc2ccc(c(/C=C/c4cc(OCCCCCC)c(/C=C(\C#N)C(=O)O)cc4OCCCCCC)c2)CC3)c(OCCCCCC)cc1/C=C/c1ccc(N(c2ccccc2)c2ccccc2)cc1 is invalid
21:37:18 <WARN> "default" filter: CCCCCCOc1cc(/C=C/c2cc3ccc2CCc2ccc(c(/C=C/c4cc(OCCCCCC)c(/C=C/c5ccc(N(c6ccccc6)c6ccccc6)cc5)cc4OCCCCCC)c2)CC3)c(OCCCCCC)cc1C=C(C#N)C(=O)O is invalid
21:37:18 <WARN> "default" filter: CCCCCCOc1cc(OCCCCCC)cc(-n2c3cc(C4=C5C(C)=CC(C)=[N+]5[B-](F)(F)n5c(C)cc(C)c54)sc3c3sc(-c4cc5c(s4)c4sc(/C=C(\C#N)C(=O)O)cc4n5-c4ccc(OCCCCCC)cc4OCCCCCC)cc32)c1 is invalid
21:37:18 <WARN> "default" filter: CCCCCCOc1cc2c(cc1N(c1ccc(-c3cc4c(s3)c3sccc3n4-c3ccccc3OCCCCCC)cc1)c1ccc(-c3cc4c(s3)c3sc(/C=C(\C#N)C(=O)O)cc3n4-c3ccccc3OCCCCCC)cc1)c1ccccc1n2CCCCCC is invalid
21:37:18 <WARN> "default" filter: CCCCCCOc1ccc(-c2ccc(N(c3ccc(-c4ccc(OCCCCCC)cc4OCCCCCC)cc3)c3ccc4c(c3)sc3cc(-c5ccc(-c6ccc(C=C(C#N)C(=O)O)cc6)c6nsnc56)sc34)cc2)c(OCCCCCC)c1 is invalid
21:37:18 <WARN> "default" filter: CCCCCCOc1ccc(-c2ccc(N3c4ccc(-c5ccc(-c6ccc(/C=C(\C#N)C(=O)O)s6)c6nc(-c7ccccc7)c(-c7ccccc7)nc56)cc4C4CCCC43)cc2)c(OCCCCCC)c1 is invalid
21:37:18 <WARN> "default" filter: CCCCCCOc1ccc(-c2ccc(N3c4ccc(-c5ccc(-c6ccc(/C=C(\C#N)C(=O)O)s6)c6nc(-c7ccccc7)c(-c7ccccc7)nc56)cc4[C@@H]4CCC[C@@H]43)cc2)c(OCCCCCC)c1 is invalid
21:37:18 <WARN> "default" filter: CCCCCCOc1ccc(N(c2ccc(-c3ccc(-c4ccc(/C=C(\C#N)C(=O)O)s4)s3)cc2)c2ccc(N(c3ccc(OCCCCCC)cc3)c3ccc(-c4ccc(-c5ccc(/C=C(\C#N)C(=O)O)s5)s4)cc3)cc2)cc1 is invalid
21:37:18 <WARN> "default" filter: CCCCCCOc1ccc(N(c2ccc(/C=C/c3ccc(N(c4ccc(OCCCCCC)cc4)c4ccc(-c5ccc(/C=C(\C#N)C(=O)O)cc5)cc4)cc3)cc2)c2ccc(-c3ccc(/C=C(/C#N)C(=O)O)cc3)cc2)cc1 is invalid
21:37:18 <WARN> "default" filter: CCCCCCOc1ccc(N(c2ccc(OCCCCCC)cc2)c2ccc(-c3cc4c(s3)-c3sc(-c5cc(C(=O)O)cc(-c6cc(C(=O)O)cc(-c7cc8c(s7)-c7sc(-c9ccc(N(c%10ccc(OCCCCCC)cc%10)c%10ccc(OCCCCCC)cc%10)cc9)cc7C8(CCCCCC)CCCCCC)n6)n5)cc3C4(CCCCCC)CCCCCC)cc2)cc1 is invalid
21:37:18 <WARN> "default" filter: CCCCCCOc1ccc(N(c2ccc(OCCCCCC)cc2)c2ccc(-c3cc4c(s3)-c3sc(-c5ccc(C(=O)O)c(-c6ccc(C(=O)O)c(-c7cc8c(s7)-c7sc(-c9ccc(N(c%10ccc(OCCCCCC)cc%10)c%10ccc(OCCCCCC)cc%10)cc9)cc7C8(CCCCCC)CCCCCC)n6)n5)cc3C4(CCCCCC)CCCCCC)cc2)cc1 is invalid
21:37:18 <WARN> "default" filter: CCCCCCOc1ccc(N(c2ccc(OCCCCCC)cc2)c2ccc(-c3cc4c(s3)-c3sc(-c5cnc(-c6ccc(-c7ccncc7)s6)c6nsnc56)cc3[Ge]4(CC(CC)CCCC)CC(CC)CCCC)cc2)cc1 is invalid
21:37:18 <WARN> "default" filter: CCCCCCOc1ccc(N(c2ccc(OCCCCCC)cc2)c2ccc(-c3cc4c(s3)-c3sc5c6c(sc5c3C4(c3ccc(CCCCCC)cc3)c3ccc(CCCCCC)cc3)-c3sc(C=C(C#N)C(=O)O)cc3C6(c3ccc(CCCCCC)cc3)c3ccc(CCCCCC)cc3)cc2)cc1 is invalid
21:37:18 <WARN> "default" filter: CCCCCCOc1ccc(N(c2ccc(OCCCCCC)cc2)c2ccc(-c3ccc(-c4cc5c(s4)-c4sc(C=C(C#N)C(=O)O)cc4C5(CCCCCC)CCCCCC)c4nsnc34)cc2)cc1 is invalid
21:37:18 <WARN> "default" filter: CCCCCCOc1ccc(N(c2ccc(OCCCCCC)cc2)c2ccc(-c3ccc(-c4cc5c6nc(CCCCC)c(CCCCC)nc6c6cc(/C=C(\C#N)C(=O)O)sc6c5s4)c4nsnc34)cc2)cc1 is invalid
21:37:18 <WARN> "default" filter: CCCCCCOc1ccc(N(c2ccc(OCCCCCC)cc2)c2ccc(-c3ccc4c(c3)S(=O)(=O)c3cc(-c5cc6sc(/C=C(\C#N)C(=O)O)cc6s5)ccc3N4CCCCCC)cc2)cc1 is invalid
21:37:18 <WARN> "default" filter: CCCCCCOc1ccc(N(c2ccc(OCCCCCC)cc2)c2ccc(-c3sc(-c4ccc(N(c5ccc(OCCCCCC)cc5)c5ccc(OCCCCCC)cc5)cc4)c4nc(-c5ccc(C(=O)OC)cc5)c(-c5ccc(C(=O)OC)cc5)nc34)cc2)cc1 is invalid
21:37:18 <WARN> "default" filter: CCCCCCOc1ccc(N(c2ccc(OCCCCCC)cc2)c2ccc(-c3sc(-c4ccc(N(c5ccc(OCCCCCC)cc5)c5ccc(OCCCCCC)cc5)cc4)c4nc(-c5ccc(OC)cc5)c(-c5ccc(OC)cc5)nc34)cc2)cc1 is invalid
21:37:18 <WARN> "default" filter: CCCCCCOc1ccc(N(c2ccc(OCCCCCC)cc2)c2ccc(-c3sc(-c4ccc(N(c5ccc(OCCCCCC)cc5)c5ccc(OCCCCCC)cc5)cc4)c4nc(-c5ccccc5)c(-c5ccccc5)nc34)cc2)cc1 is invalid
21:37:18 <WARN> "default" filter: CCCCCCOc1ccc(N(c2ccc(OCCCCCC)cc2)c2ccc(-c3sc(-c4ccc5c6sc7c8sc(/C=C(\C#N)C(=O)O)cc8n(CCCCCC)c7c6n(CCCCCC)c5c4)cc3CCCCCC)cc2)cc1 is invalid
21:37:18 <WARN> "default" filter: CCCCCCOc1ccc(N(c2ccc(OCCCCCC)cc2)c2ccc(-c3sc(-c4ccc5c6sc7c8sc(C=C(C#N)C(=O)O)cc8n(CCCCCC)c7c6n(CCCCCC)c5c4)cc3CCCCCC)cc2)cc1 is invalid
21:37:18 <WARN> "default" filter: CCCCCCOc1ccc(N(c2ccc(OCCCCCC)cc2)c2ccc(-c3sc4c(sc5c6sc(/C=C(\C#N)C(=O)O)cc6n(-c6ccc(OCCCCCC)cc6)c45)c3CCCCCC)cc2)cc1 is invalid
21:37:18 <WARN> "default" filter: CCCCCCOc1ccc(N(c2ccc(OCCCCCC)cc2)c2ccc(C3=C4C(=O)N(C[C@@H](CC)CCCC)C(c5ccc(-c6ccc(/C=C(\C#N)C(=O)O)s6)s5)=C4C(=O)N3C[C@H](CC)CCCC)cc2)cc1 is invalid
21:37:18 <WARN> "default" filter: CCCCCCOc1ccc(N(c2ccc(OCCCCCC)cc2)c2ccc(C3SC4C(SC5C6SC7C(CCCCCC)C(/C=C(\C#N)C(=O)O)SC7C6N(c6ccc(OCCCCCC)cc6)C45)C3CCCCCC)cc2)cc1 is invalid
21:37:18 <WARN> "default" filter: CCCCCCOc1ccc(N2c3ccc(/C=C(\C#N)C(=O)O)cc3Sc3cc(-c4cc5c(s4)-c4sc(-c6ccc7ccc8cccc9ccc6c7c89)cc4-c4c6cccc4OCCCCCCCCOc4cccc(c4-5)OCCCCCCCCO6)ccc32)cc1 is invalid
21:37:18 <WARN> "default" filter: CCCCCCOc1cccc(OCCCCCC)c1/C1=C2\C=CC(=N2)C(/C=C/C(=O)O)=c2/cc/c3n2[Zn]n2c(ccc21)/C=C1/C=CC(=N1)/C=3c1c(OCCCCCC)cccc1OCCCCCC is invalid
21:37:18 <WARN> "default" filter: CCCCCCc1c(/C=C(/C#N)C(=O)O)sc2c(CCCCCC)c(/C=C/c3sc4c(CCCCCC)c(-c5ccc(N(c6ccc7c(c6)C(C)(C)c6ccccc6-7)c6ccc7c(c6)C(C)(C)c6ccccc6-7)cc5)sc4c3CCCCCC)sc12 is invalid
21:37:18 <WARN> "default" filter: CCCCCCc1c(C#C/C2=c3\cc/c4n3[Zn]n3c(ccc3/C(c3ccc(N(c5ccccc5)c5ccccc5)cc3)=C3/C=CC(=N3)/C=4c3ccc(N(c4ccccc4)c4ccccc4)cc3)/C(c3ccc(N(c4ccccc4)c4ccccc4)cc3)=C3/C=CC2=N3)sc(/C=C/c2sc(/C=C(\C#N)C(=O)O)c(CCCCCC)c2CCCCCC)c1CCCCCC is invalid
21:37:18 <WARN> "default" filter: CCCCCCc1cc(-c2ccc(-c3cc(CCCCCC)c(-c4ccc(/C=C(/C#N)C(=O)O)s4)s3)c3nc(-c4ccccc4)c(-c4ccccc4)nc23)sc1-c1ccc2c(c1)N(c1ccc(C)cc1)C1CCCC21 is invalid
21:37:18 <WARN> "default" filter: CCCCCCc1cc(-c2ccc(-c3cc(CCCCCC)c(-c4ccc5c(c4)N(c4ccc(C)cc4)C4CCCC54)s3)c3nc(-c4ccccc4)c(-c4ccccc4)nc23)sc1/C=C(/C#N)C(=O)O is invalid
21:37:18 <WARN> "default" filter: CCCCCCc1cc(-c2ccc3c(c2)Sc2cc(-c4cc(CCCCCC)c(/C=C(\C#N)C(=O)O)s4)ccc2N3c2ccc(/C(=C/c3ccccc3)c3ccccc3)cc2)sc1/C=C(\C#N)C(=O)O is invalid
21:37:18 <WARN> "default" filter: CCCCCCc1cc(-c2ccc3c[n+](CC(=O)O)ccc3c2)sc1-c1ccc(N(c2ccc(-c3ccc(OCCCC)cc3OCCCC)cc2)c2ccc(-c3ccc(OCCCC)cc3OCCCC)cc2)cc1 is invalid
21:37:18 <WARN> "default" filter: CCCCCCc1cc(-c2sc(-c3ccc(/C=C(\C#N)C(=O)O)c4nc(-c5ccccc5)c(-c5ccccc5)nc34)cc2CCCCCC)sc1-c1ccc(N(c2ccccc2)c2ccccc2)cc1 is invalid
21:37:18 <WARN> "default" filter: CCCCCCc1cc(-c2sc(-c3sc(-c4cc(CCCCCC)c(-c5cc(CCCCCC)c(-c6ccc7c(=O)n8c9ccccc9nc8c8cccc6c78)s5)s4)c(CCCCCC)c3CCCCCC)cc2CCCCCC)sc1-c1ccc(N(c2ccc(C(=O)O)cc2)c2ccc(C(=O)O)cc2)cc1 is invalid
21:37:18 <WARN> "default" filter: CCCCCCc1cc(C=C(C#N)C(=O)O)sc1-c1ccc(-c2sc(-c3ccc(-n4c5ccc(-c6ccc(C=Cc7ccc(N(c8ccccc8)c8ccccc8)cc7)cc6)cc5c5cc(-c6ccc(C=Cc7ccc(N(c8ccccc8)c8ccccc8)cc7)cc6)ccc54)cc3)cc2CCCCCC)c2nsnc12 is invalid
21:37:18 <WARN> "default" filter: CCCCCCc1cc2c(s1)-c1ccccc1N1B2c2cc(CCCCCC)sc2-c2cc3c(cc21)-c1sc(CCCCCC)cc1B1c2cc(CCCCCC)sc2-c2cc4c(cc2N13)-c1sc(CCCCCC)cc1B1c2cc(CCCCCC)sc2-c2ccccc2N14 is invalid
21:37:18 <WARN> "default" filter: CCCCCCc1ccc(-n2c3[n+](c4c5ccccc5c5ccccc5c42)[B-](C)(C)c2cc(N(c4ccccc4)c4ccccc4)ccc2-3)cc1 is invalid
21:37:18 <WARN> "default" filter: CCCCCCc1ccc(-n2c3[n+](c4c5ccccc5c5ccccc5c42)[B-](C)(C)c2ccccc2-3)cc1 is invalid
21:37:18 <WARN> "default" filter: CCCCCCc1ccc(/C=C/C2=[N+]3C(=C(c4ccc(/C=C(\C#N)C(=O)O)cc4)c4c(C)cc(/C=C/c5ccc(CCCCCC)s5)n4[B-]3(C#CCOCCOC)C#CCOCCOC)C(C)=C2)s1 is invalid
21:37:18 <WARN> "default" filter: CCCCCCc1ccc(/C=C/C2=[N+]3C(=C(c4ccc(C(=O)O)cc4)c4c(C)cc(/C=C/c5ccc(CCCCCC)s5)n4[B-]3(C#CCOCCOC)C#CCOCCOC)C(C)=C2)s1 is invalid
21:37:18 <WARN> "default" filter: CCCCCCc1ccc(/C=C/C2=[N+]3C(=C(c4ccc(C(=O)O)cc4)c4c(C)cc(/C=C/c5ccc(CCCCCC)s5)n4[B-]3(F)F)C(C)=C2)s1 is invalid
21:37:18 <WARN> "default" filter: CCCCCCc1ccc(C2(c3ccc(CCCCCC)cc3)c3cc(N(c4ccccc4)c4ccccc4)ccc3-c3sc(-c4cc5c(s4)/C(=C4\C(=O)N(CC(CC)CCCC)c6cc(-c7ccc(/C=C(\C#N)C(=O)O)cc7)ccc64)C(=O)N5CC(CC)CCCC)cc32)cc1 is invalid
21:37:18 <WARN> "default" filter: CCCCCCc1ccc(N(/C2=c3\cc/c4n3[Zn]n3c(ccc3/C(N(c3cccc(CCCCCC)c3)c3cccc(CCCCCC)c3)=C3/C=CC(=N3)/C=4C#Cc3ccc(C(=O)O)cc3)/C(c3cc(C(C)(C)C)cc(C(C)(C)C)c3)=C3/C=CC2=N3)c2ccc(CCCCCC)cc2)cc1 is invalid
21:37:18 <WARN> "default" filter: CCCCCCc1ccc2c3c(ccc2c1)O[B-](F)(F)[N+](c1ccc([N+]2=Cc4c(ccc5cc(CCCCCC)ccc45)O[B-]2(F)F)cc1)=C3 is invalid
21:37:18 <WARN> "default" filter: CCCCCCc1ccsc1-c1cc2c3cc(-c4sccc4CCCCCC)c4nc(C(F)(F)C(F)(F)C(F)(F)F)nc5c(-c6sccc6CCCCCC)cc(c6cc(-c7sccc7CCCCCC)c7nc(C(F)(F)C(F)(F)C(F)(F)F)nc1c7c26)c3c45 is invalid
21:37:18 <WARN> "default" filter: CCCCCCc1csc(/C=C/c2sc(/C=C/c3sc(/C=C/c4sc(/C=C(\C#N)C(=O)O)c(CCCCCC)c4CCCCCC)c(CCCCCC)c3CCCCCC)c(CCCCCC)c2CCCCCC)c1CCCCCC is invalid
21:37:18 <WARN> "default" filter: CCCCCCc1csc(/C=C/c2sc(/C=C/c3sc(C=Cc4sc(/C=C(/C#N)C(=O)O)c(CCCCCC)c4CCCCCC)c(CCCCCC)c3CCCCCC)c(CCCCCC)c2CCCCCC)c1CCCCCC is invalid
21:37:18 <WARN> "default" filter: CCCCCCn1c2ccccc2c2ccc(N(c3ccc(-c4cc5c(s4)c4sc(C=C(C#N)C(=O)O)cc4n5CCCCCC)cc3)c3ccc4c(c3)C(CCCCCC)(CCCCCC)c3c5c(c6c(c3-4)C(CCCCCC)(CCCCCC)c3ccccc3-6)C(CCCCCC)(CCCCCC)c3ccccc3-5)cc21 is invalid
21:37:18 <WARN> "default" filter: CCCCCc1c(/C=C(\C#N)C(=O)O)sc2c1sc1c3sc4c(CCCCC)c(-c5ccc(-c6ccc7c(c6)c6ccccc6n7CC(CC)CCCC)c6nsnc56)sc4c3c3nc4ccccc4nc3c21 is invalid
21:37:19 <WARN> "default" filter: CCCCN(CCCC)c1ccc2c(c1)C#CC#Cc1cc(C(F)(F)F)ccc1C#Cc1cc(c3cc1C#Cc1ccc(C(F)(F)F)cc1C#CC#Cc1cc(N(CCCC)CCCC)ccc1C#C3)C#C2 is invalid
21:37:19 <WARN> "default" filter: CCCCN(CCCC)c1ccc2c(c1)C#CC#Cc1cc(C(F)(F)F)ccc1C#Cc1cc(c3cc1C#Cc1ccc(N(CCCC)CCCC)cc1C#CC#Cc1cc(C(F)(F)F)ccc1C#C3)C#C2 is invalid
21:37:19 <WARN> "default" filter: CCCCN(CCCC)c1ccc2c(c1)C#CC#Cc1cc(N(CCCC)CCCC)ccc1C#Cc1cc(c3cc1C#Cc1ccc(C(F)(F)F)cc1C#CC#Cc1cc(C(F)(F)F)ccc1C#C3)C#C2 is invalid
21:37:19 <WARN> "default" filter: CCCCO/C1=C2\C=CC(=N2)/C(c2ccccc2)=c2/cc/c3n2[Zn]n2c(ccc21)/C(c1ccccc1)=C1/C=CC(=N1)C=3\C=C(/C#N)C(=O)O is invalid
21:37:19 <WARN> "default" filter: CCCCO/C1=C2\C=CC(=N2)/C(c2ccccc2)=c2/cc/c3n2[Zn]n2c(ccc21)/C(c1ccccc1)=C1/C=CC(=N1)C=3\C=C\C(=O)O is invalid
21:37:19 <WARN> "default" filter: CCCCO/C1=C2\C=CC(=N2)/C(c2ccccc2)=c2/cc/c3n2[Zn]n2c(ccc21)/C(c1ccccc1)=C1/C=CC(=N1)C=3\C=C\C=C(/C#N)C(=O)O is invalid
21:37:19 <WARN> "default" filter: CCCCOc1ccc(-c2ccc(N(c3ccc(-c4ccc5c(c4)Oc4cc(/C=C(\C#N)C(=O)O)ccc4N5CC(CC)CCCC)cc3)c3ccc(-c4ccc(OCCCC)cc4OCCCC)cc3)cc2)c(OCCCC)c1 is invalid
21:37:19 <WARN> "default" filter: CCCCOc1ccc(/C=C/C2=[N+]3C(=C(c4ccc(I)cc4)c4c(/C=C/c5ccc(N(C)C)cc5)cc(/C=C/c5ccc(OC)cc5)n4[B-]3(F)F)C(/C=C/c3ccc(OCCOCCOC)cc3)=C2)cc1 is invalid
21:37:19 <WARN> "default" filter: CCCCOc1cccc(OCCCC)c1/C1=C2\C=CC(=N2)/C(C#Cc2ccc(C(=O)O)cc2)=c2/cc/c3n2[Zn]n2c(ccc21)/C(C#Cc1ccc(N(C)C)cc1)=C1/C=CC(=N1)/C=3c1c(OCCCC)cccc1OCCCC is invalid
21:37:19 <WARN> "default" filter: CCCCSC1=C(SCCCC)SC(=C(C(=C2SC(SCCCC)=C(SCCCC)S2)c2ccc(-c3ccc(-c4ccc(/C=C(\C#N)C(=O)O)cc4)s3)cc2)c2ccc(-c3ccc(-c4ccc(/C=C(/C#N)C(=O)O)cc4)s3)cc2)S1 is invalid
21:37:19 <WARN> "default" filter: CCCCSC1=C(SCCCC)SC(=C(C(=C2SC(SCCCC)=C(SCCCC)S2)c2ccc(-c3ccc(-c4ccc(/C=C(\C#N)C(=O)O)cc4)s3)cc2)c2ccc(-c3ccc(-c4ccc(/C=C(\C#N)C(=O)O)cc4)s3)cc2)S1 is invalid
21:37:19 <WARN> "default" filter: CCCC[C@@H](CC)Cn1c2cc(-c3ccc(/C=c4\sc(=C(C#N)C#N)[nH]c4=O)s3)ccc2c2nc3c(-c4ccc(N(c5ccccc5)c5ccccc5)cc4)ccc(-c4ccc(N(c5ccccc5)c5ccccc5)cc4)c3nc21 is invalid
21:37:19 <WARN> "default" filter: CCCC[C@H](CC)COc1ccc(-c2cc3c4c5c2cccc5c2cccc5c(-c6ccc(-c7ccc(-c8ccc(/C=c9\sc(=C(C#N)C#N)[nH]c9=O)s8)c8nc(-c9ccccc9)c(-c9ccccc9)nc78)s6)cc(c4c52)n3C[C@@H](CC)CCCC)cc1 is invalid
21:37:19 <WARN> "default" filter: CCCCc1cc2c3c(c1)-c1ccccc1B(c1c(C)cc(C)cc1C)N3B(c1c(C)cc(C)cc1C)c1ccccc1-2 is invalid
21:37:19 <WARN> "default" filter: CCCNc1ccc([N+](=O)[O-])c2n[se]nc12 is invalid
21:37:19 <WARN> "default" filter: CCCOc1c2cc(C(C)(C)C)cc1Cc1cc(C(C)(C)C)cc(c1OCCC)Cc1cc(C(C)(C)C)cc(c1OCCCCC(=O)COc1cc(/C=C(/C#N)C(=O)O)sc1-c1ccc(N(c3ccccc3)c3ccccc3)cc1)Cc1cc(C(C)(C)C)cc(c1OCCC)C2 is invalid
21:37:19 <WARN> "default" filter: CCCOc1cc2c(C(C)(C)C)c(c1)Cc1cc(OCCCCC(=O)OCc3cc(/C=C(\C#N)C(=O)O)sc3C=C3C=C(c4ccccc4)OC(c4ccccc4)=C3)cc(c1C(C)(C)C)Cc1cc(OCCC)cc(c1C(C)(C)C)Cc1cc(OCCCCC(=O)OCc3cc(C=C(C#N)C(=O)O)sc3C=C3C=C(c4ccccc4)OC(c4ccccc4)=C3)cc(c1C(C)(C)C)C2 is invalid
21:37:19 <WARN> "default" filter: CCN(CC)c1ccc(C(=C(c2ccccc2)c2ccc(B(c3c(C)cc(C)cc3C)c3c(C)cc(C)cc3C)cc2)c2ccc(N(CC)CC)cc2)cc1 is invalid
21:37:19 <WARN> "default" filter: CCN(CC)c1ccc2cc(/C=C/C3=C4CC/C(=C\c5cc6ccc(N(CC)CC)cc6oc5=O)C4=[O+][B-](F)(F)O3)c(=O)oc2c1 is invalid
21:37:19 <WARN> "default" filter: CCN1c2ccc(C3=CC(c4ccccc4)=[O+][B-](F)(F)O3)cc2Sc2cc(C3=CC(c4ccccc4)=[O+][B-](F)(F)O3)ccc21 is invalid
21:37:19 <WARN> "default" filter: CCOC(=O)COc1ccc(/C=C/C2=C3c4ccccc4C(c4[nH]c(C)cc4C)=[N+]3[B-](F)(F)n3c(C)cc(C)c32)cc1 is invalid
21:37:19 <WARN> "default" filter: CCOC(=O)COc1ccc(/C=C/C2=C3c4ccccc4C(c4ccc[nH]4)=[N+]3[B-](F)(F)n3ccc(C)c32)cc1 is invalid
21:37:19 <WARN> "default" filter: CCOC(=O)c1c2c(c3n1Cn1c(C(=O)OCC)c4c(c1-3)-c1ccc3c5c(ccc-4c15)C(=O)N(c1c(C(C)C)cccc1C(C)C)C3=O)-c1ccc3c4c(ccc-2c14)C(=O)N(c1c(C(C)C)cccc1C(C)C)C3=O is invalid
21:37:19 <WARN> "default" filter: CCOP1(=O)c2c(cc3c4c2CCCN4CCC3)C(c2ccccc2C)=c2cc3c4c(c21)CCC[N+]=4CCC3 is invalid
21:37:19 <WARN> "default" filter: CCO[Si](OCC)(OCC)c1ccc2oc(-c3cc4ccc(N(CC)CC)cc4oc3=O)nc2c1 is invalid
21:37:19 <WARN> "default" filter: CC[B-]1(CC)c2cccc3cc4ccccc4c(c23)-c2cccc(C)[n+]21 is invalid
21:37:19 <WARN> "default" filter: CC[C@H](C)COc1ccc(C2=C3C(C)=C(c4ccc5ccc6cccc7ccc4c5c67)C(C)=[N+]3[B-](F)(F)n3c(C)c(-c4ccc5ccc6cccc7ccc4c5c67)c(C)c32)cc1 is invalid
21:37:19 <WARN> "default" filter: CCc1c(C)c2n(c1C)[B-](F)(F)[N+]1=C(C=C3c4ccccc4-c4ccccc43)C=CC1=C2C is invalid
21:37:19 <WARN> "default" filter: CCn1c2ccc(N(c3ccc4c(c3)C(CC)(CC)c3cc(-c5ccc(/C=C(\C#N)C(=O)O)s5)ccc3-4)c3ccc4c(c3)C(CC)(CC)c3cc(-c5ccc(/C=C(\C#N)C(=O)O)s5)ccc3-4)cc2c2ccc(-c3ccc(/C=C(\C#N)C(=O)O)s3)cc21 is invalid
21:37:19 <WARN> "default" filter: CN(C)c1ccc(/C=C/c2cc[n+](CCCOCC(COCCC[n+]3ccc(/C=C/c4ccc(N(C)C)cc4)cc3)(COCCC[n+]3ccc(/C=C/c4ccc(N(C)C)cc4)cc3)COCCC[n+]3ccc(/C=C/c4ccc(N(C)C)cc4)cc3)cc2)cc1 is invalid
21:37:19 <WARN> "default" filter: CN(C)c1ccc(C#C/C2=C3\C=CC(=N3)/C(c3cc(C(C)(C)C)cc(C(C)(C)C)c3)=c3/cc/c4n3[Zn]n3c2ccc3/C(c2cc(C(C)(C)C)cc(C(C)(C)C)c2)=C2/C=CC(=N2)/C=4C#Cc2ccc(C(=O)O)cc2)cc1 is invalid
21:37:19 <WARN> "default" filter: CN(C)c1ccc(C#C/C2=C3\C=CC(=N3)/C(c3ccccc3)=c3/cc/c4n3[Zn]n3c2ccc3/C(c2ccccc2)=C2/C=CC(=N2)/C=4C#Cc2ccc(C(=O)O)cc2)cc1 is invalid
21:37:19 <WARN> "default" filter: CN(C)c1ccc(C2=Nc3sc4c(F)c(F)c(F)c(F)c4[n+]3[B-](F)(F)O2)cc1 is invalid
21:37:19 <WARN> "default" filter: CN(C)c1ccc(C2=Nc3sc4cc(-c5ccc(C#N)cc5)ccc4[n+]3[B-](F)(F)O2)cc1 is invalid
21:37:19 <WARN> "default" filter: CN(C)c1ccc(C2=Nc3sc4cc(-c5ccc(C(F)(F)F)cc5)ccc4[n+]3[B-](F)(F)O2)cc1 is invalid
21:37:19 <WARN> "default" filter: CN(C)c1ccc(C2=Nc3sc4cc(-c5ccc(N(C)C)cc5)ccc4[n+]3[B-](F)(F)O2)cc1 is invalid
21:37:19 <WARN> "default" filter: CN(C)c1ccc(C2=Nc3sc4cc(-c5ccccc5)ccc4[n+]3[B-](F)(F)O2)cc1 is invalid
21:37:19 <WARN> "default" filter: CN(C)c1ccc(C2=Nc3sc4cc(Br)ccc4[n+]3[B-](F)(F)O2)cc1 is invalid
21:37:19 <WARN> "default" filter: CN(C)c1ccc(C2=Nc3sc4cc(C(F)(F)F)ccc4[n+]3[B-](F)(F)O2)cc1 is invalid
21:37:19 <WARN> "default" filter: CN(C)c1ccc(C2=Nc3sc4cc(Cl)ccc4[n+]3[B-](F)(F)O2)cc1 is invalid
21:37:19 <WARN> "default" filter: CN(C)c1ccc(C2=Nc3sc4cc(F)ccc4[n+]3[B-](F)(F)O2)cc1 is invalid
21:37:19 <WARN> "default" filter: CN(C)c1ccc(C2=Nc3sc4ccccc4[n+]3[B-](F)(F)O2)cc1 is invalid
21:37:19 <WARN> "default" filter: CN(C)c1ccc2c(-c3ccccc3)c3ccc(=[N+](C)C)cc-3[se]c2c1 is invalid
21:37:19 <WARN> "default" filter: CN(C)c1ccc2c(c1)[Si](C)(C)C1=CC(=[N+](C)C)C=CC1=C2C#Cc1ccccc1 is invalid
21:37:19 <WARN> "default" filter: CN(C)c1ccc2c(c1)[Sn](C)(C)C1=CC(=[N+](C)C)C=CC1=C2 is invalid
21:37:19 <WARN> "default" filter: CN(CCO[Si](C)(C)C(C)(C)C)c1ccc(-c2ccc(/C=C(\C#N)C(=O)O)c3nsnc23)cc1 is invalid
21:37:19 <WARN> "default" filter: CN(CCO[Si](C)(C)C(C)(C)C)c1ccc(-c2ccc(C=C(C#N)C(=O)O)c3nsnc23)cc1 is invalid
21:37:19 <WARN> "default" filter: CN1C(=CC2=C([S-])C(=CC3=[N+](C)c4ccccc4C3(C)C)C2=O)C(C)(C)c2ccccc21 is invalid
21:37:19 <WARN> "default" filter: COC(=O)c1ccc(-c2ccc(/C=C/c3cc(C)c4n3[B-](F)(F)[N+]3=CC=CC3=C4)cc2)cc1 is invalid
21:37:19 <WARN> "default" filter: COC(=O)c1ccc(C2=C3C=c4sccc4=[N+]3[B-](F)(F)n3c2cc2sccc23)cc1 is invalid
21:37:19 <WARN> "default" filter: COCCOCCN1C(=O)C2=C(c3ccc(/C=C/c4ccc(N(c5ccccc5)c5ccccc5)cc4)cc3)N(CCOCCOC)C(=O)C2=C1c1ccc(/C=C/c2ccc(N(c3ccccc3)c3ccccc3)cc2)cc1 is invalid
21:37:19 <WARN> "default" filter: COc1cc(/C=C/C2=CC(/C=C/c3ccc(O)c(OC)c3)=[O+][B-]3(OC(=O)C(CC(=O)O)(CC(=O)O)O3)O2)ccc1O is invalid
21:37:19 <WARN> "default" filter: COc1cc(N2CCOCCOCCN(c3cc(OC)c(NC(=O)c4ccc(-c5c6cc(Cl)c(=O)cc-6oc6cc([O-])c(Cl)cc56)c(C(=O)[O-])c4)cc3OC)CCOCC2)c(OC)cc1NC(=O)c1ccc(-c2c3cc(Cl)c(=O)cc-3oc3cc([O-])c(Cl)cc23)c(C(=O)[O-])c1 is invalid
21:37:19 <WARN> "default" filter: COc1cc2c(cc1-c1ccc(N(c3ccccc3)c3ccccc3)cc1)Cc1c3c(c4c(c1-2)-c1cc(OC)c(-c2ccc(N(c5ccccc5)c5ccccc5)cc2)cc1C4)C(=O)N(CCC(C)C)C3=O is invalid
21:37:19 <WARN> "default" filter: COc1cc2c3c4c(c5ccc(C(C)(C)C)cc5c5c(OC)c(OC)c(OC)c(c2c(OC)c1OC)c45)=[N+]1C3=Nc2c3c4cc(OC)c(OC)c(OC)c4c4c(OC)c(OC)c(OC)c5c6cc(C(C)(C)C)ccc6c(c3c54)n2[B-]1(F)F is invalid
21:37:19 <WARN> "default" filter: COc1cc2c3c4c(c5ccc(C(C)(C)C)cc5c5c(OC)cc(OC)c(c2c(OC)c1OC)c45)=[N+]1C3=Nc2c3c4cc(OC)c(OC)c(OC)c4c4c(OC)cc(OC)c5c6cc(C(C)(C)C)ccc6c(c3c54)n2[B-]1(F)F is invalid
21:37:19 <WARN> "default" filter: COc1cc2c3c4c(c5ccc(C(C)(C)C)cc5c5cc(C(C)(C)C)cc(c2c(OC)c1OC)c45)=[N+]1C3=Nc2c3c4cc(OC)c(OC)c(OC)c4c4cc(C(C)(C)C)cc5c6cc(C(C)(C)C)ccc6c(c3c54)n2[B-]1(F)F is invalid
21:37:19 <WARN> "default" filter: COc1cc2cc(-c3ccc(C(=O)OCOC(C)=O)cc3C(=O)OCOC(C)=O)oc2cc1N1CCOCCOCCN(c2cc3oc(-c4ccc(C(=O)OCOC(C)=O)cc4C(=O)OCOC(C)=O)cc3cc2OC)CCOCCOCC1 is invalid
21:37:19 <WARN> "default" filter: COc1ccc(-c2ccc(/C=C/c3cc(C)c4n3[B-](F)(F)[N+]3=CC=CC3=C4)o2)cc1Cl is invalid
21:37:19 <WARN> "default" filter: COc1ccc(-c2ccc3c(c2)sc2[n+]3[B-](F)(F)OC(c3ccc(N(C)C)cc3)=N2)cc1 is invalid
21:37:19 <WARN> "default" filter: COc1ccc(/C=C/C2=CC(/C=C/c3ccc(OC)cc3)=[N+]3C2=C(c2ccc(-c4ccc5ccccc5n4)s2)c2c(/C=C/c4ccc(OC)cc4)cc(/C=C/c4ccc(OC)cc4)n2[B-]3(F)F)cc1 is invalid
21:37:19 <WARN> "default" filter: COc1ccc(C2=C3C(/C=C/c4cc(OC)c(OC)c(OC)c4)=C(C=O)C(/C=C/c4cc(OC)c(OC)c(OC)c4)=[N+]3[B-](F)(F)n3c(/C=C/c4cc(OC)c(OC)c(OC)c4)c(C=O)c(C=Cc4cc(OC)c(OC)c(OC)c4)c32)cc1 is invalid
21:37:19 <WARN> "default" filter: COc1ccc(C2=C3C=C(c4cc(OC)c(OC)cc4[N+](=O)[O-])C=[N+]3[B-](F)(F)n3cccc32)cc1 is invalid
21:37:19 <WARN> "default" filter: COc1ccc(C2=[N+]3C(=Nc4c(-c5ccccc5-c5ccc(C(C)(C)C)cc5)cc(-c5ccc(OC)cc5)n4[B-]3(F)F)c3c2c2cc(C(C)(C)C)ccc2c2ccccc32)cc1 is invalid
21:37:19 <WARN> "default" filter: COc1ccc(C2=[N+]3C(=Nc4c(C)cc(-c5ccc(OC)cc5)n4[B-]3(F)F)C(C)=C2)cc1 is invalid
21:37:19 <WARN> "default" filter: COc1ccc(C2=[O+][B-](F)(F)OC(c3ccc4c(c3)Cc3ccccc3-4)=C2)cc1 is invalid
21:37:19 <WARN> "default" filter: COc1ccc(N(c2ccc(OC)cc2)c2cc3ccc4cc(B(c5c(C)cc(C)cc5C)c5c(C)cc(C)cc5C)cc5ccc(c2)c3c45)cc1 is invalid
21:37:19 <WARN> "default" filter: COc1ccc(Oc2cccc(/C=C/c3cc(C)c4n3[B-](F)(F)[N+]3=CC=CC3=C4)c2)cc1 is invalid
21:37:19 <WARN> "default" filter: COc1ccc([N+](=O)[O-])c(C2=CC3=C(c4ccccc4)c4cccn4[B-](F)(F)[N+]3=C2)c1 is invalid
21:37:19 <WARN> "default" filter: COc1ccc2c(c1)CCC1=C(C#Cc3cc4ccccc4c4ccccc34)O[B-](F)(F)[O+]=C12 is invalid
21:37:19 <WARN> "default" filter: COc1ccc2c(c1)c1cc(OC)ccc1n2-c1ccc2c(c1)c1cc(-n3c4ccc(OC)cc4c4cc(OC)ccc43)ccc1n2-c1ccc(/C=C(\C#N)c2ccc(-c3ccc(C=C(C#N)C(=O)O)s3)s2)cc1 is invalid
21:37:19 <WARN> "default" filter: COc1ccc2c(c1)sc1[n+]2[B-](F)(F)OC(c2ccc(N(C)C)cc2)=N1 is invalid
21:37:19 <WARN> "default" filter: COc1cccc(OC)c1C1=CC2=C(c3ccccc3)c3cccn3[B-](F)(F)[N+]2=C1 is invalid
21:37:19 <WARN> "default" filter: C[P+](c1ccccc1)(c1ccccc1)c1ccc(C#Cc2ccc(N(c3ccccc3)c3ccccc3)cc2)c2ccccc12 is invalid
21:37:19 <WARN> "default" filter: C[Si]1(C)C2=C(c3cc4c(cc31)C1=C(c3ccccc3S1(=O)=O)[Si]4(C)C)S(=O)(=O)c1ccccc12 is invalid
21:37:19 <WARN> "default" filter: C[Si]1(C)O[Si](C)(C)c2cc3nc4ccc(Cl)cc4c(-c4ccccc4)c3cc2[Si](C)(C)O1 is invalid
21:37:19 <WARN> "default" filter: C[Si]1(C)O[Si](C)(C)c2cc3nc4ccc([N+](=O)[O-])cc4c(-c4ccccc4)c3cc2[Si](C)(C)O1 is invalid
21:37:19 <WARN> "default" filter: C[Si]1(C)O[Si](C)(C)c2cc3nc4ccccc4c(-c4ccccc4)c3cc2[Si](C)(C)O1 is invalid
21:37:19 <WARN> "default" filter: C[Si]1(C)c2cc(C#Cc3ccccc3)ccc2C=Cc2ccc(C#Cc3ccccc3)cc21 is invalid
21:37:19 <WARN> "default" filter: Cc1c2oc3c(C)c(N)cc(C(=O)NC4OC(=O)C(C(C)C)N(C)C(=O)CN(C)C(=O)C5CCCN5C(=O)C(C(C)C)NC4=O)c3nc-2c(C(=O)NC2OC(=O)C(C(C)C)N(C)C(=O)CN(C)C(=O)C3CCCN3C(=O)C(C(C)C)NC2=O)c(N)c1=O is invalid
21:37:19 <WARN> "default" filter: Cc1cc(/C=C/c2ccc(-c3ccc(Br)cc3)o2)n2c1C=C1C=CC=[N+]1[B-]2(F)F is invalid
21:37:19 <WARN> "default" filter: Cc1cc(/C=C/c2ccc(-c3ccc(Cl)cc3)o2)n2c1C=C1C=CC=[N+]1[B-]2(F)F is invalid
21:37:19 <WARN> "default" filter: Cc1cc(/C=C/c2ccc(-c3ccc([N+](=O)[O-])cc3)o2)n2c1C=C1C=CC=[N+]1[B-]2(F)F is invalid
21:37:19 <WARN> "default" filter: Cc1cc(/C=C/c2ccc(-c3cccc(C(=O)O)c3)cc2)n2c1C=C1C=CC=[N+]1[B-]2(F)F is invalid
21:37:19 <WARN> "default" filter: Cc1cc(/C=C/c2ccc(-c3cccc(Cl)c3)o2)n2c1C=C1C=CC=[N+]1[B-]2(F)F is invalid
21:37:19 <WARN> "default" filter: Cc1cc(/C=C/c2ccc(-c3ccccc3)c(F)c2)n2c1C=C1C=CC=[N+]1[B-]2(F)F is invalid
21:37:19 <WARN> "default" filter: Cc1cc(/C=C/c2ccc(-c3ccccc3)cc2)n2c1C=C1C=CC=[N+]1[B-]2(F)F is invalid
21:37:19 <WARN> "default" filter: Cc1cc(/C=C/c2ccc(-c3ccccc3)o2)n2c1C=C1C=CC=[N+]1[B-]2(F)F is invalid
21:37:19 <WARN> "default" filter: Cc1cc(/C=C/c2ccc(-c3ccccc3Cl)o2)n2c1C=C1C=CC=[N+]1[B-]2(F)F is invalid
21:37:19 <WARN> "default" filter: Cc1cc(/C=C/c2ccc(-c3cncnc3)cc2)n2c1C=C1C=CC=[N+]1[B-]2(F)F is invalid
21:37:19 <WARN> "default" filter: Cc1cc(/C=C/c2ccc(F)c(Oc3ccccc3)c2)n2c1C=C1C=CC=[N+]1[B-]2(F)F is invalid
21:37:19 <WARN> "default" filter: Cc1cc(/C=C/c2ccc(OCc3ccc(Br)cc3)cc2)n2c1C=C1C=CC=[N+]1[B-]2(F)F is invalid
21:37:19 <WARN> "default" filter: Cc1cc(/C=C/c2ccc(OCc3ccc(F)cc3)cc2)n2c1C=C1C=CC=[N+]1[B-]2(F)F is invalid
21:37:19 <WARN> "default" filter: Cc1cc(/C=C/c2ccc(OCc3ccccc3)cc2)n2c1C=C1C=CC=[N+]1[B-]2(F)F is invalid
21:37:19 <WARN> "default" filter: Cc1cc(/C=C/c2ccc3c(c2)OC(F)(F)O3)n2c1C=C1C=CC=[N+]1[B-]2(F)F is invalid
21:37:19 <WARN> "default" filter: Cc1cc(/C=C/c2ccc3c(c2)OCO3)n2c1C=C1C=CC=[N+]1[B-]2(F)F is invalid
21:37:19 <WARN> "default" filter: Cc1cc(/C=C/c2cccc(Oc3cc(Cl)cc(Cl)c3)c2)n2c1C=C1C=CC=[N+]1[B-]2(F)F is invalid
21:37:19 <WARN> "default" filter: Cc1cc(/C=C/c2cccc(Oc3ccc(C(C)(C)C)cc3)c2)n2c1C=C1C=CC=[N+]1[B-]2(F)F is invalid
21:37:19 <WARN> "default" filter: Cc1cc(/C=C/c2cccc(Oc3ccc(Cl)c(Cl)c3)c2)n2c1C=C1C=CC=[N+]1[B-]2(F)F is invalid
21:37:19 <WARN> "default" filter: Cc1cc(/C=C/c2cccc(Oc3ccccc3)c2)n2c1C=C1C=CC=[N+]1[B-]2(F)F is invalid
21:37:19 <WARN> "default" filter: Cc1cc(C)c(B(c2c(C)cc(C)cc2C)c2cc3cccc4c(B(c5c(C)cc(C)cc5C)c5c(C)cc(C)cc5C)cc5cccc2c5c34)c(C)c1 is invalid
21:37:19 <WARN> "default" filter: Cc1cc(C)c(B(c2c(C)cc(C)cc2C)c2ccc3ccc4cccc5ccc2c3c45)c(C)c1 is invalid
21:37:19 <WARN> "default" filter: Cc1cc(C)c(B2c3cc(C(C)(C)C)cc4c5ccccc5c5c6ccccc6c6cc(C(C)(C)C)cc2c6c5c34)c(C)c1 is invalid
21:37:19 <WARN> "default" filter: Cc1cc(C)c(C2=C3C=CC=[N+]3[B-]3(F)Oc4cc(O)cc5c6ccc(C)cc6c6cc2n3c6c45)c(C)c1 is invalid
21:37:19 <WARN> "default" filter: Cc1cc(C)c([B-]2(c3c(C)cc(C)cc3C)[O+]=P(c3ccccc3)(c3ccccc3)c3cc(C#Cc4ccccc4)sc3-c3sc(C#Cc4ccccc4)cc32)c(C)c1 is invalid
21:37:19 <WARN> "default" filter: Cc1ccc(-c2c3nc(c(-c4ccc(C)cc4)c4ccc([nH]4)c(-c4ccc(OC(=O)C(C)c5cccc(C(=O)c6ccccc6)c5)cc4)c4nc(c(-c5ccc(C)cc5)c5ccc2[nH]5)C=C4)C=C3)cc1 is invalid
21:37:19 <WARN> "default" filter: Cc1ccc(/C2=C3\C=CC(=N3)/C(c3ccc(C(=O)O)cc3)=c3/cc/c4n3[Zn]n3c2ccc3/C(c2ccc(C)cc2)=C2\N=C(/C=4c3ccc(C)cc3)c3c(-c4c(Cl)cccc4Cl)noc32)cc1 is invalid
21:37:19 <WARN> "default" filter: Cc1ccc(/C2=C3\C=CC(=N3)/C(c3ccc(C)cc3)=c3/cc/c4n3[Zn]n3c2ccc3/C(c2ccc(C)cc2)=C2\N=C(/C=4c3ccc(C(=O)O)cc3)c3c(-c4c(Cl)cccc4Cl)noc32)cc1 is invalid
21:37:19 <WARN> "default" filter: Cc1ccc(C2=C3C=CC(N4CCCC4)=[N+]3[B-](F)(F)n3cccc32)cc1 is invalid
21:37:19 <WARN> "default" filter: Cc1ccc(C2=C3C=CC(N4CCOCC4)=[N+]3[B-](F)(F)n3c2ccc3-n2cccn2)cc1 is invalid
21:37:19 <WARN> "default" filter: Cc1ccc(C2=C3C=CC(Oc4ccccc4)=[N+]3[B-](F)(F)n3c(Oc4ccccc4)ccc32)cc1 is invalid
21:37:19 <WARN> "default" filter: Cc1ccc(C2=C3C=CC(n4cccn4)=[N+]3[B-](F)(F)n3c2ccc3N2CCOCC2)cc1 is invalid
21:37:19 <WARN> "default" filter: Cc1ccc(C2=C3C=CC=[N+]3[B-](F)(F)n3c2ccc3N(C)Cc2ccccc2)cc1 is invalid
21:37:19 <WARN> "default" filter: Cc1ccc(N(c2ccc(/C=C/C=C3\SC(=S)N(CC(=O)O)C3=O)cc2)c2cc(C)c3c(c2)CN2CN3Cc3cc(N(c4ccc(/C=C/C=C5\SC(=S)N(CC(=O)O)C5=O)cc4)c4ccc(C)c(C)c4)cc(C)c32)cc1C is invalid
21:37:19 <WARN> "default" filter: Cc1ccc(N(c2ccc(/C=C\C=C\C=C3/SC(=S)N(CC(=O)O)C3=O)cc2)c2cc(C)c3c(c2)CN2CN3Cc3cc(N(c4ccc(/C=C\C=C\C=C5/SC(=S)N(CC(=O)O)C5=O)cc4)c4ccc(C)c(C)c4)cc(C)c32)cc1C is invalid
21:37:19 <WARN> "default" filter: Cc1ccc(N2c3ccc(/C4=C5\C=CC(=N5)/C(c5cc(C(C)(C)C)cc(C(C)(C)C)c5)=c5/cc/c6n5[Zn]n5c(ccc54)/C(c4cc(C(C)(C)C)cc(C(C)(C)C)c4)=C4/C=CC(=N4)/C=6C#Cc4ccc(C(=O)O)cc4)cc3C3CCCC32)cc1 is invalid
21:37:19 <WARN> "default" filter: Cc1ccc2c(c1)C1(c3ccccc3-c3ccccc31)c1cc(C)ccc1N2c1ccc2c(c1)Oc1ccccc1P2(=O)c1ccccc1 is invalid
21:37:19 <WARN> "default" filter: Cc1ccc2nc3cc4c(cc3c(-c3ccccc3)c2c1)[Si](C)(C)O[Si](C)(C)O[Si]4(C)C is invalid
21:37:19 <WARN> "default" filter: Cc1ccccc1C1=C2C=CC(=[N+](C)C)C=C2[Te](=O)c2cc(N(C)C)ccc21 is invalid
21:37:19 <WARN> "default" filter: Cc1ccccc1C1=C2C=CC(=[N+]3CCC3)C=C2P(=O)(c2ccccc2)c2cc(N3CCC3)ccc21 is invalid
21:37:19 <WARN> "default" filter: Cc1ccccc1C1=c2cc3c4c(c2P(=O)([O-])c2c1cc1c5c2CCCN5CCC1)CCC[N+]=4CCC3 is invalid
21:37:19 <WARN> "default" filter: Cc1ccsc1-c1cc2c3cc(-c4sccc4C)c4nc(C(F)(F)C(F)(F)C(F)(F)F)nc5c(-c6sccc6C)cc(c6cc(-c7sccc7C)c7nc(C(F)(F)C(F)(F)C(F)(F)F)nc1c7c26)c3c45 is invalid
21:37:19 <WARN> "default" filter: ClB1c2ccccc2Nc2ccccc21 is invalid
21:37:19 <WARN> "default" filter: ClP1(Cl)=NP(Cl)(Cl)=NP(Cl)(Oc2ccc3ccc4cccc5ccc2c3c45)=N1 is invalid
21:37:20 <WARN> "default" filter: FC(F)(F)c1ccccc1B1c2ccccc2N(c2ccccc2)c2ccccc21 is invalid
21:37:20 <WARN> "default" filter: F[B-]1(F)C2=C(C=c3c4cccc5cccc(c54)n31)c1cccc3ccc[n+]2c13 is invalid
21:37:20 <WARN> "default" filter: F[B-]1(F)N2C=CC=CC2=Nc2cccc[n+]21 is invalid
21:37:20 <WARN> "default" filter: F[B-]1(F)OC(C#Cc2ccccc2)=CC(c2ccccc2)=[O+]1 is invalid
21:37:20 <WARN> "default" filter: F[B-]1(F)OC(c2ccc3c(c2)Cc2ccccc2-3)=CC(c2ccccc2)=[O+]1 is invalid
21:37:20 <WARN> "default" filter: F[B-]1(F)Oc2c(ccc3c4c(ccc23)C=[N+](c2ccccc2)[B-](F)(F)O4)C=[N+]1c1ccccc1 is invalid
21:37:20 <WARN> "default" filter: F[B-]1(F)Oc2ccccc2-c2cc(-n3c4ccccc4c4ccccc43)cc[n+]21 is invalid
21:37:20 <WARN> "default" filter: F[B-]1(F)n2c(Oc3ccccc3)c(Cl)c(Br)c2C(Oc2ccccc2)=C2C(Br)=C(Cl)C(Oc3ccccc3)=[N+]21 is invalid
21:37:20 <WARN> "default" filter: F[B-]1(F)n2c(c3cccc4cccc2c43)=Nc2sc3ccccc3[n+]21 is invalid
21:37:20 <WARN> "default" filter: F[Si-](F)(c1ccccc1)(c1ccccc1)c1cc2ccccc2c2ccccc12 is invalid
21:37:20 <WARN> "default" filter: Fc1c(F)c(F)c(C2=CC3=C(c4ccccc4)c4cccn4[B-](F)(F)[N+]3=C2)c(F)c1F is invalid
21:37:20 <WARN> "default" filter: Fc1cccc(F)c1C1=CC2=C(c3ccccc3)c3cccn3[B-](F)(F)[N+]2=C1 is invalid
21:37:20 <WARN> "default" filter: N#C/C(=C\c1cc(-c2ccc(N(c3ccccc3)c3ccccc3)cc2)c(-c2cc(-c3ccc(N(c4ccccc4)c4ccccc4)cc3)c(-c3ccc(N(c4ccccc4)c4ccccc4)cc3)s2)s1)C(=O)O is invalid
21:37:20 <WARN> "default" filter: N#C/C(=C\c1cc(/C=C(\C#N)c2ccc(C(F)(F)F)cc2)c(-c2ccc(N(c3ccccc3)c3ccccc3)cc2)cc1-c1ccc(N(c2ccccc2)c2ccccc2)cc1)c1ccc(C(F)(F)F)cc1 is invalid
21:37:20 <WARN> "default" filter: N#C/C(=C\c1ccc(-c2ccc(-c3ccc(N(c4ccc(/C=C/Cc5cc6ccc5CCCc5ccc(cc5)CCC6)cc4)c4ccc(/C=C/Cc5cc6ccc5CCCc5ccc(cc5)CCC6)cc4)cc3)s2)s1)C(=O)O is invalid
21:37:20 <WARN> "default" filter: N#C/C(=C\c1ccc(C#CC2=CC3=N/C2=C(/c2ccccc2OC2CCCCC2)c2ccc4n2[Zn]n2/c(cc/c2=C/3c2ccccc2OC2CCCCC2)=C(/c2ccccc2OC2CCCCC2)C2=N/C(=C\4c3ccccc3OC3CCCCC3)C=C2)cc1)C(=O)O is invalid
21:37:20 <WARN> "default" filter: N#CC(=Cc1ccc(-c2ccc(-c3ccc(-c4ccc(-n5c6ccc(-c7ccc(C=Cc8ccc(N(c9ccccc9)c9ccccc9)cc8)cc7)cc6c6cc(-c7ccc(C=Cc8ccc(N(c9ccccc9)c9ccccc9)cc8)cc7)ccc65)cc4)s3)c3nsnc23)s1)C(=O)O is invalid
21:37:20 <WARN> "default" filter: N#CC(=Cc1ccc(-c2ccc3c4c(cccc24)-c2c-3c(-c3ccc(N(c4ccccc4)c4ccccc4)cc3)c3ccccc3c2-c2ccc(N(c3ccccc3)c3ccccc3)cc2)s1)C(=O)O is invalid
21:37:20 <WARN> "default" filter: N#CC1=CC(c2ccccc2)=CC(C#N)=P1(c1ccccc1)c1ccccc1 is invalid
21:37:20 <WARN> "default" filter: N#CC1=c2c3cccc4c(Br)ccc(c43)n2[B-](F)(F)[n+]2ccccc21 is invalid
21:37:20 <WARN> "default" filter: N#CC1=c2c3cccc4cccc(c43)n2[B-](F)(F)[n+]2ccccc21 is invalid
21:37:20 <WARN> "default" filter: O=C(O)c1ccc(/C2=c3\cc/c4n3[Zn]n3c(ccc3/C(c3ccc(OCc5cc(OCc6ccccc6)cc(OCc6ccccc6)c5)cc3)=C3/C=CC2=N3)/C(c2ccc(OCc3cc(OCc5ccccc5)cc(OCc5ccccc5)c3)cc2)=C2/C=CC(=N2)/C=4c2ccc(OCc3cc(OCc4ccccc4)cc(OCc4ccccc4)c3)cc2)cc1 is invalid
21:37:20 <WARN> "default" filter: O=C(O)c1ccc(N=NC2=CC=C3N=[N+](c4ccc(C(=O)O)cc4)[B-](F)(F)C23)cc1 is invalid
21:37:20 <WARN> "default" filter: O=C1C=CC2=Cc3ccccc3B(O)N12 is invalid
21:37:20 <WARN> "default" filter: O=C1OC(=O)C2=C1[Se][C@]13C2=C[C@H](c2ccccc21)c1ccccc13 is invalid
21:37:20 <WARN> "default" filter: O=C1c2ccccc2C2=Cc3ccccc3B(O)N12 is invalid
21:37:20 <WARN> "default" filter: O=P(c1ccccc1)(c1ccccc1)c1ccc(-n2c(-c3cccc(P(=O)(c4ccccc4)c4ccccc4)c3)nc3ccccc32)cc1 is invalid
21:37:20 <WARN> "default" filter: O=P1(c2ccccc2)C2=CC(=[N+]3CCC3)C=CC2=C(c2ccccc2C(F)(F)F)c2ccc(N3CCC3)cc21 is invalid
21:37:20 <WARN> "default" filter: O=P1(c2ccccc2)c2cc(N3c4ccccc4Oc4ccccc43)ccc2-c2ccc(N3c4ccccc4Oc4ccccc43)cc21 is invalid
21:37:20 <WARN> "default" filter: O=S1(=O)C2=C(c3ccc(-c4ccc(N(c5ccccc5)c5ccccc5)cc4)cc31)C1(C3=C(c4ccccc41)S(=O)(=O)c1cc(-c4ccc(N(c5ccccc5)c5ccccc5)cc4)ccc13)c1ccccc12 is invalid
21:37:20 <WARN> "default" filter: O=[N+]([O-])c1cc(Cl)ccc1C1=CC2=C(c3ccccc3)c3cccn3[B-](F)(F)[N+]2=C1 is invalid
21:37:20 <WARN> "default" filter: O=[N+]([O-])c1ccccc1C1=CC2=C(c3ccccc3)c3cccn3[B-](F)(F)[N+]2=C1 is invalid
21:37:20 <WARN> "default" filter: O=c1c2ccccc2c2nc3cc4c(C#C[Si](C5CCCCC5)(C5CCCCC5)C5CCCCC5)c5cc6nc7c8ccccc8c(=O)c8ccccc8c7nc6cc5c(C#C[Si](C5CCCCC5)(C5CCCCC5)C5CCCCC5)c4cc3nc2c2ccccc12 is invalid
21:37:20 <WARN> "default" filter: OB1c2ccccc2Nc2ccccc21 is invalid
21:37:20 <WARN> "default" filter: O[Si](O)(c1ccc(N=Nc2ccccc2)cc1)c1ccc(N=Nc2ccccc2)cc1 is invalid
21:37:20 <WARN> "default" filter: Oc1ccc(N=NC2=CC=C3N=[N+](c4ccc(O)cc4)[B-](F)(F)C23)cc1 is invalid
21:37:20 <WARN> "default" filter: Oc1ccccc1N=NC1=CC=C2N=[N+](c3ccccc3O)[B-](F)(F)C12 is invalid
21:37:20 <WARN> "default" filter: c1cc2c3c4c5c(cccc5cc3c1)-c1cccn1B4n1cccc1-2 is invalid
21:37:20 <WARN> "default" filter: c1ccc(-c2cc3cccc[n+]3[b-]3ccc(-c4cc[b-]5c(c4)c(-c4ccccc4)cc4cccc[n+]54)cc32)cc1 is invalid
21:37:20 <WARN> "default" filter: c1ccc(-c2nc(-c3ccccc3)nc(-c3ccc(-c4ccc(N5c6ccccc6[Si](c6ccccc6)(c6ccccc6)c6ccccc65)cc4)cc3)n2)cc1 is invalid
21:37:20 <WARN> "default" filter: c1ccc(-n2c(-c3ccc([Si](c4ccc(-c5nc6ccccc6n5-c5ccccc5)cc4)(c4ccc(-c5nc6ccccc6n5-c5ccccc5)cc4)c4ccc(-c5nc6ccccc6n5-c5ccccc5)cc4)cc3)nc3ccccc32)cc1 is invalid
21:37:20 <WARN> "default" filter: c1ccc(-p2c(-c3cccs3)cc3ccccc32)cc1 is invalid
21:37:20 <WARN> "default" filter: c1ccc(N(c2ccccc2)c2cc3c4c(c2)N(c2ccccc2)c2cc5c(cc2B4c2ccccc2N3c2ccccc2)B2c3ccccc3N(c3ccccc3)c3cc(N(c4ccccc4)c4ccccc4)cc(c32)N5c2ccccc2)cc1 is invalid
21:37:20 <WARN> "default" filter: c1ccc2c(B(c3c4ccccc4cc4ccccc34)c3c4ccccc4cc4ccccc34)c3ccccc3cc2c1 is invalid
21:37:20 <INFO> Read 955 validation SMILES from /home/User20/reinvent/val.smi
21:37:32 <INFO> Sampled SMILES n1oc2-c3c(cc(cc3NC(=O)c3ccc(C)cc3)C(n21)c1ccc(cc1)F)Cl failed to sanitize.
21:37:32 <INFO> Sampled SMILES c12cccc3c1c1c(n(C)n2c2ccccc32)ccc1 failed to sanitize.
21:37:32 <INFO> Sampled SMILES c1(c2c(nsn2)c(-c2ccc(C=C(C#N)C(O)=O)s2)c2nsc(c12)-c1ccc(N(c2ccccc2)c2ccccc2)cc1)N(c1ccccc1)c1ccccc1 failed to sanitize.
21:37:32 <INFO> Sampled SMILES Cc1ccc(cc1)-c1c2cc(cc3n(C)ncc3c2nc2c1Cn1c-2cc(c(c1-c1ccc(cc1)C)C)C)=O failed to sanitize.
21:37:32 <INFO> Sampled SMILES c1cccc(c1)C1OC(=O)C(C=1c1ccccc1)=c1cc2c(cc(cc2)C(=O)OC)oc1=O failed to sanitize.
21:37:32 <INFO> Sampled SMILES c12ccc3c4c2c(C(N(CCCCCC(O)=O)C4=O)=O)ccc1ccc3 failed to sanitize.
21:37:32 <INFO> Sampled SMILES O(CC)c1ccc(N(c2ccc(cc2)OCC)c2cc(cc(C)c2)C)c2c1cc1-c(ccc(c1)-c1ccc(cc1)C)c(C(OCC)=O)n2 failed to sanitize.
21:37:32 <INFO> Sampled SMILES c1c(-c2c(c(n(CCCCCC)c3c2cc(c(n3)C(C)(C)C)C#N)-c2ccc(cc2)OC)-c2ccc(C(OCC)=O)cc2)c2ccc(cc-2c(c1)C#C)C#Cc1ccc(C(OC)=O)cc1 failed to sanitize.
21:37:32 <INFO> Sampled SMILES C(=O)(NC(CCCOc1c(CCCCCCCCCC)ccc2c1ccc1c(-c3ccc(o3)C=C(C(O)=O)C#N)cncc1c2)C(=O)O)C(C(=O)O)CCCCCCCC failed to sanitize.
21:37:32 <INFO> Sampled SMILES C(C)NC(=O)c1c(-c2ccccc2)c2c3n(ccc3c1)ccn2 failed to sanitize.
21:37:32 <INFO> Sampled SMILES C(C(C)C)(c1cc(C(c2c3ccc(N4c5ccccc5CCc5ccccc54)c4ccccc4c3ccc2)=O)cc(c1)C(=O)OC)=O failed to sanitize.
21:37:32 <INFO> Sampled SMILES c1csc2c3n(CCCCCC)c4c(c3[nH]c12)c1c2n3CCCc5c3c(ccc5)c2ccc1C=4C=Cc1ccc(s1)C#N failed to sanitize.
21:37:32 <INFO> Sampled SMILES n1c(c2c3cc4c(c(-c5ccc(s5)C(=CC=CC)CCC)c3nc(CCC)c2c1CCC)c1ccccc1c1cc2c(cc14)c1ccccc1c1ccccc12)CCC failed to sanitize.
21:37:32 <INFO> Sampled SMILES c1c(=Cc2sc(=S)n(c2O)C)cc(c2c1=NC(C=2c1ccccc1)=O)=C1Sc2c(ccc(c2)-c2ccccc2)O1 failed to sanitize.
21:37:32 <INFO> Sampled SMILES c1(N(C)C)ccc(cc1)C(CSc1ccc(C2=C(C(=c3c(C(=O)O)c4OCC(C)(c4cc3C2)C)C#N)c2c(sc(c2)CC(C(O)=O)C#N)CC(CC)CCCC)s1)=O failed to sanitize.
21:37:32 <INFO> Sampled SMILES [nH]1c2cccc3c2c(S2(N(C(C2=O)(C)C)CCCCCCCCCCC)N(CCCCCCCCCCCC)c2ccc(CCCCCCCCCC)cc2)cc1c([nH]3)=O failed to sanitize.
21:37:32 <INFO> Sampled SMILES C(#N)c1c2c3cnc4CCc(cc-2c4c31)-c1ccc(cc1)N(c1ccccc1)c1ccccc1 failed to sanitize.
21:37:32 <INFO> Sampled SMILES S1C(=Cc2ccc3c4c2ccc2cccc(N(c5ccccc5)c5cccc(C6CCCCC6)c5)c4c23)S1 failed to sanitize.
21:37:32 <INFO> Sampled SMILES c12n(c3c(c1c(-c1cc4c(cc1C)N(c1ccc(-c5c6c(nsn6)c(-c6ccc(s6)C=C(C#N)C(O)=O)c5)ccc1)CCCC4)sc1c2n2c(n1)cccc2)cccc3)CC(CC)CCCC failed to sanitize.
21:37:32 <INFO> Sampled SMILES C(CCc1c(c2ccc3c4c(ccc3)c(CCCCCC)c(-c3ccc(s3)CCCCCC)c4n2c1-c1ccc(cc1)-c1c(C=C(C#N)C(=O)O)cccc1)CCCC)C failed to sanitize.
21:37:32 <INFO> Sampled SMILES c12c(n3c(c(-c4ccc(Cl)cc4)c1CCCC)n(c(=O)c3)-c1ccccc1)ccc(c2)-c1ccccc1 failed to sanitize.
21:37:32 <INFO> Sampled SMILES c1ccc(-c2cc3N(C(C)(C)c4cccc5cccc(-c2cc3)-c2cccc(c2)O5)cc4)cc1 failed to sanitize.
21:37:32 <INFO> Sampled SMILES C(=C(C(O)=O)C#N)c1cn2-c3ccccc3Sc3cccc(c32)c1 failed to sanitize.
21:37:32 <INFO> Sampled SMILES c1cc2-c(oc3ccccc3c2-c2ccccc2C(=O)C=C(C(O)=O)CC)cc1 failed to sanitize.
21:37:32 <INFO> Sampled SMILES c12c3C[C@]4(Cc1cc1N(C(C=C(C)c1c2)(C)C)C3=O)C=C(C)c1c4cccc1 failed to sanitize.
21:37:32 <INFO> Sampled SMILES c1cccc2oc3cc(c(C=Nc4ccccc4)c(c3cc12)C(OCC)=O)O failed to sanitize.
21:37:32 <INFO> Sampled SMILES C=C1c2c3cc4c(cccc4)c4c3c(cc2)ccc4C1 failed to sanitize.
21:37:32 <INFO> Sampled SMILES c1cc(N(c2ccc(cc2)OC)c2ccc(-c3cc4C5C=Cc6c(O6)c(c(c6c5=C4)-c4ccccc4)cc6)ccc3cc2)ccc1 failed to sanitize.
21:37:32 <INFO> Sampled SMILES c12c3n(-c4ccc(CCCCCCCCCCCC)cc4CCCCCCCCCCCC)c4C=CC(C)(C)c5c(C#Cc6cccc(-c7c(C(C)C)onc7C)c6)n(C)c5c4sc3ccc1cccc2 failed to sanitize.
21:37:32 <INFO> Sampled SMILES C(C=C)N(c1cc2ccc3c4c2c(ccc4cc3)c1)c1ccc(cc1)-c1cc2c(-c3sc(C=C(C#N)C(O)=O)cc3)c3c(nc2c2ncccc12)cccc3 failed to sanitize.
21:37:32 <INFO> Sampled SMILES c12nc(C=O)cc(-c3ccc(s3)Cl)n1nc(C=Cc1ccc(cc1)N(Cc1c(Cl)c(c(C#N)c3sncc13)CCCCCCCC)C=C1CCC3(N(c4ccccc4)C1=CC3c1ccccc1)c1sccc1)cc2 failed to sanitize.
21:37:32 <INFO> Sampled SMILES c12sc3c(cccc3)c(=Cc3[n+](CC)c4cc5c(cc4CCC3)sc-2c5)=C(C(O)=O)C1 failed to sanitize.
21:37:32 <INFO> Sampled SMILES c1ccc2c(n3c(nc2)c2c4c5c(cccc5c5ccccc54)cc2c3=O)c1 failed to sanitize.
21:37:32 <INFO> Sampled SMILES c12cc3C(C)(c4ccccc4N(c3cc2oc2cc(ccc1-2)CCCCCCCC)c1ccc(cc1)-c1ccc(c2N(c3cc4c(n(CC)c5ccccc54)c3)cccc21)CCCCCCCC)C failed to sanitize.
21:37:32 <INFO> Sampled SMILES c1(ccc(cc1)N(c1ccccc1)c1ccc(C=Cc2ccc(s2)C=C2S(c3ccccc3N2c2ccc(C)cc2)(=O)=O)c1)C=C(C=C1C(C=C(S1)C=C1Sc2ccccc2N1CC(CC)CCCC)=O)C failed to sanitize.
21:37:32 <INFO> Sampled SMILES CCCCOc1cc2C(=O)C(=O)N(C2=O)c2ccc(cc2)-c2c3c4cccc5c4c(c(C#N)c3c3C(CC(C)(C)Oc3c2O5)(C)C)oc2ccccc12 failed to sanitize.
21:37:32 <INFO> Sampled SMILES c1cc(N(c2ccc3c4cc(-c5ccc(-c6ccc(cc6)O)cc5)ccc4sc3-c3c2cccc3)CCO)cc2Cc3c(ccc(c3)-c3ccc(-c4ccc(cc4)OC)n3CCCC)-c21 failed to sanitize.
21:37:32 <INFO> Sampled SMILES c12c3ccc4c5c2c(ccc5c([N+]#[C-])cc2c4c4c3cccc4C(=O)N(c3ccccc3C(C)(C)C)C2)cc1 failed to sanitize.
21:37:32 <INFO> Sampled SMILES c1c2c(cc3oc(=O)c(c(C)c3C)C)oc2c(C)c2CCCOc21 failed to sanitize.
21:37:32 <INFO> Sampled SMILES C(C)(c1[nH]c(-c2ccc(cc2)C(c2ccccc2)C2CCCCC2)c(C=C)c2ccccc21)=C failed to sanitize.
21:37:32 <INFO> Sampled SMILES C1C(=Cc2ccccc2)n2c(c3c(nc2=S)cccc3)=CC=1 failed to sanitize.
21:37:32 <INFO> Sampled SMILES C12C(c3cc4n(c(CC)n(CCCC)c4cc3)CCCC)=CC=C3C2C(C(c2c(C=1)cc1ccccn12)(CC)CC)N(CC3)CC failed to sanitize.
21:37:32 <INFO> Sampled SMILES N#CC(C(=O)O)=Cc1sc2c(c1)c1c(c(-c3sc4c(c3)[nH]c(n4)C=Cc3ccc(s3)C=C(C#N)c3ccc(SC)cc3)s2)nsn1 failed to sanitize.
21:37:32 <INFO> Sampled SMILES c1c(N(c2ccccc2)c2ccc(cc2)-c2sc(C=C(C#N)C(O)=O)cc2)ccc2c(oc(n2CCCCCCCC)=O)c1 failed to sanitize.
21:37:32 <INFO> Sampled SMILES c1cc(c(cc1)N1c2c(CCc3c1cc(OC)cc3)c(CCCCCCCC)c1c(cc3c(c1)-c1ccccc1CC3)n2CCCCCC)C failed to sanitize.
21:37:32 <INFO> Sampled SMILES c12c3cccc2c2c(ccc(CCCCCCCC)c2c1)cc3 failed to sanitize.
21:37:32 <INFO> Sampled SMILES c1c2c3cccc4cccc(N(c3cc1)c1ccc(cc1)C)c24 failed to sanitize.
21:37:32 <INFO> Sampled SMILES O(C)c1c(cc2c3C4(c5c(c(c(OC)cc5O)C)OC(=O)C4O)C4C(CCC2(C)C4C1Oc1c(C)c2c(C(=O)OC)coc2c(OC)c1)=O)OCO3 failed to sanitize.
21:37:32 <INFO> Sampled SMILES c1c2c3c(c(cc2)Nc2c(cccc2)C(=O)O)c[nH]c3cc1 failed to sanitize.
21:37:32 <INFO> Sampled SMILES C1(Cl)CC2(C(C(=O)N(C)C=2c2ccccc2)C1c1ccccc1)c1ccccc1 failed to sanitize.
21:37:32 <INFO> Sampled SMILES c1([nH]c(=O)c2[nH]c3c(Cn4c(=O)c(cc(c4-c4ccc(-c5csc(C)n5)c4CCCN)O)O)c(=O)c1c32)O failed to sanitize.
21:37:32 <INFO> Sampled SMILES c1c(c(-c2nc3=C(S(=O)(c3s2)=C=S)c2c(O)cccc2)ccc1)CC(=O)O failed to sanitize.
21:37:32 <INFO> Sampled SMILES c12c3ccccc3n3c2c(c2cccc(OC)c12)cc3 failed to sanitize.
21:37:32 <INFO> Sampled SMILES c1cc2-c3c(N(c2cc1)c1c2c(C(c4ccccc4N2c2ccccc2)(C)C)cc(C=C(C(O)=O)C#N)s1)cc(c(F)c3)F failed to sanitize.
21:37:32 <INFO> Sampled SMILES Cc1ccc2c(c3c(c4c2cc2ccc(cc2c4)S)c2c4c(n3)cc3c(c4)ccc(C)c3)cc(c2c1)C failed to sanitize.
21:37:32 <INFO> Sampled SMILES c1cc2c(oc3c(c2-c2ccncc2)c(C)c(C)c(o3)=O)cc1 failed to sanitize.
21:37:32 <INFO> Sampled SMILES C(CCCCOc1cc(c(-c2c3oc4cc(oc4c3cc3c2[C@@H](Cc2c-3cccc2)c2ccc(cc2)C)=O)c(C)c1)C)C failed to sanitize.
21:37:32 <INFO> Sampled SMILES c12OCCOc1c(c(-c1c3c(c(CC(OC(C)c4ccccc4)=O)c(CC(C)C)c4c1CSc1cc(ccc41)C(F)(F)F)ccc(c3)C(C)(C)C)s2)C(C)(C)C failed to sanitize.
21:37:32 <INFO> Sampled SMILES Nc1cc2c(cc1)cc1-c3cc(c4ccc(=NC)c(c-4c3CCc2c1)N)C failed to sanitize.
21:37:32 <INFO> Sampled SMILES CC12[C@H]3C(=C4[C@](C(=C(C(=O)C=4)N(C)C)c4ccccc4)(CC3=O)C)CC1Cc1c(cc3c(cc(cc3)N(CC)CC)c1)N2 failed to sanitize.
21:37:32 <INFO> Sampled SMILES c1c(-c2ccc(OC)cc2)c2c(c3ccccc31)oc1-c(c2)cc2ccccc2c1=O failed to sanitize.
21:37:32 <INFO> Sampled SMILES c1c2=CC3C(=CC=CC=3)c2ccc1=IC(=O)O failed to sanitize.
21:37:32 <INFO> Sampled SMILES n1c(c2CCCc2n1-c1ccccc1)-c1cc(-c2ccc(C)cc2)nc2nc3c(cccc3)n3c2c1c3 failed to sanitize.
21:37:32 <INFO> Sampled SMILES c12=NC(c3ccc(N(C)C)cc3)=NC(c1cccc2)c1ccc(cc1)Br failed to sanitize.
21:37:32 <INFO> Sampled SMILES c1cc2ccc3N(C(CC=C(C)C)C(C)(Oc3c2)c2c3cccc4c3c(cc2)c2c(c4)cccc2)c1 failed to sanitize.
21:37:32 <INFO> Sampled SMILES C(c1ccc(O)cc1)=Cc1c2ccc(c3c4c5c6c(cccc6-c3ccc1c25)cc4)C=O failed to sanitize.
21:37:32 <INFO> Sampled SMILES c1cccc(-c2cc3c(cc2)Oc2cc(N(c4ccccc4)c4ccccc4)ccc2C3C)s1 failed to sanitize.
21:37:32 <INFO> Sampled SMILES O=S(C)(N1CCCc2c1ccc1c2oc2c(ccc(c2)N(CC)CC)c1-c1ccc(C([O-])=O)cc1)=O failed to sanitize.
21:37:32 <INFO> Sampled SMILES c12ccccc2nc2c(=O)n(c(=O)sc-21)CCCCCC failed to sanitize.
21:37:32 <INFO> Sampled SMILES O(c1ccc(-c2ccc(-c3c4-c(c5ccc(N)cc5c(c4cc#c3)C(C)(C)C)=N)cc2)cc1)C failed to sanitize.
21:37:32 <INFO> Sampled SMILES c1(ccc2c(CCc3cc(sc-23)C(=O)CCCCCCC)s1)/C=C1\C(=O)c2cc(ccc2S1)OC failed to sanitize.
21:37:32 <INFO> Sampled SMILES O=C(N)c1cc(-c2ccc3OCCCc3c2)c2sc(-c3cc(N(c4ccccc4)c4ccccc4)ccc3)nc12 failed to sanitize.
21:37:32 <INFO> Sampled SMILES O1c2c(cc3c(oc4-c(c3-c3ccccc3)cc(c(c4)OC)=S)c2OC)OC1 failed to sanitize.
21:37:32 <INFO> Sampled SMILES n1c2c(sc3-c4sc(cc4C(=Cc4sc5CCCCc5[n+]4CCCCCC)CCCCCC)c4c1ccc(N(c1ccc(cc1)OCCCCCC)c1ccc(C)cc1)c4cc2)ccs3 failed to sanitize.
21:37:32 <INFO> Sampled SMILES c12Oc3cc(ccc3C(c3ccccc3NC(c3ccc(-n4c5ccc(cc5c5c4ccc(c5)-c4sc(-c5ccccc5)cc4)cc2)OCc2ccccc2)=Nc3ccc1)=O)O failed to sanitize.
21:37:32 <INFO> Sampled SMILES C(=O)(c1c2NC(CC(c3ccc(cc3)N(CC)CC)c2c(=O)o1)c1ccccc1)O failed to sanitize.
21:37:32 <INFO> Sampled SMILES c12n(-c3ccc(Cl)cc3)c3OC(Oc1cccc2)(c1ccc(cc1)Cl)c1c-3ccc(-c2sccc2)c1 failed to sanitize.
21:37:32 <INFO> Sampled SMILES c1cc(ccc1N1C(=O)c2ccc3c4c2c(C1)ccc4ccc3)N1c2c(C=Cc3ccccc13)cccc2 failed to sanitize.
21:37:32 <INFO> Sampled SMILES s1c(ccc1C=C(C#N)C(O)=O)-c1sc(c2c1NOCCCCCCC)c1n(CCCCCC)c3c(cccc3)n12 failed to sanitize.
21:37:32 <INFO> Sampled SMILES c1cc(c2c(oc3cc(ccc-3c2-c2cc(OCCN(C)C)c(C(=O)O)cc2)=O)c1)=[N+](CC)CC failed to sanitize.
21:37:32 <INFO> Sampled SMILES N(c1ccccc1)(c1ccc(-c2nc3c(o2)ccc(-c2ccc(cc2)[NH+](C)=O)n3O)cc1)c1ccccc1 failed to sanitize.
21:37:32 <INFO> Sampled SMILES C(C(c1c(cc(cc1C#N)N1C2CCCC2Cc2cc3N=C4C(N=c5c(ccc(N6CCCCC6)c5)N4C3=O)=Cc12)N1CCC(C)CC1)O)=CC1C(C)(C)c2c(cccc2)C=1O failed to sanitize.
21:37:32 <INFO> Sampled SMILES c1(-n2cc3c(c(-c4ccc(cc4)N(C)C)c2)cc(cc3)-c2ccc(CCCCCC)s2)ccc(cc1)N(c1ccc(OCCCCCC)cc1)c1ccc(cc1)OC failed to sanitize.
21:37:32 <INFO> Sampled SMILES c1ccc(cc1)-c1nc(-c2ccccc2)nc(-c2c3c4c(cccc4-n4c5c6c(cccc6cc5)c5c4cccc5)oc3ccc2)n1 failed to sanitize.
21:37:32 <INFO> Sampled SMILES C(#N)c1c(=Nc2c(cccc2)C#N)c2ccccc2o1 failed to sanitize.
21:37:32 <INFO> Sampled SMILES c12CCc3c2c(-c2ccccc-32)c2c3ccccc3n(c2c1-c1ccccc1)-c1cc(C)c(C)cc1 failed to sanitize.
21:37:32 <INFO> Sampled SMILES c1c2c(C(c3ccccc3)=c3c=2c(-c2ccccc2)ccc3)cc2-c3ccccc3-c3c(-c12)cccc3 failed to sanitize.
21:37:32 <INFO> Sampled SMILES Brc1ncc2c(-c3c(O)cccc3)c3c(cc(O)cc3)n(C)c-2c1 failed to sanitize.
21:37:32 <INFO> Sampled SMILES c12c3c(=C(c4ccncc4)C=2c2cccc4c2c1c1ccccc1o4)cccc3 failed to sanitize.
21:37:32 <INFO> Sampled SMILES c12ccccc1-c1c(C32c2c(-c4ccccc34)c(ccc2)-c2nc(C=Cc3ccc4c(c3)cccc4)cc3nc(-c4ccc(-c5[nH]c6ccccc6n5)s4)c(-c4ccco4)nn23)cccc1 failed to sanitize.
21:37:32 <INFO> Sampled SMILES Fc1cc(cc2c3c4c(c(Br)c(c5c4cccc5=C(C#N)C#N)=c3ccc12)Cl)F failed to sanitize.
21:37:32 <INFO> Sampled SMILES c12c(OCCO1)c1c(n(CCCCCCCC)c3c(sc(-c4cc5c(cc4)Sc4c(ccc6c4cccc6)C5=O)c3)s1)n2 failed to sanitize.
21:37:32 <INFO> Sampled SMILES C1C(=C(Oc2c3c1c1C(c4c5oc6cc(ccc6[n+]5CCc4cc1cc(o2)c3)OC)=O)c1ccc(o1)C)C failed to sanitize.
21:37:32 <INFO> Sampled SMILES O=C(c1cc2nc3c(c(-c4ccccc4)n2)cccc3c1)NCCC(=O)OCC failed to sanitize.
21:37:32 <INFO> Sampled SMILES c1ccc2c(ccc(c2)-c2ccc(-c3c4ccccc4c4nc5c(n4c4c3scc4)cccc5)c3nsnc32)c1 failed to sanitize.
21:37:32 <INFO> Sampled SMILES c1c(ccc(N(c2ccc(C=Cc3ccc4c(sc5cc(=O)c6oc(oc6c6c4nn6CC)=O)cc5)c4cc(cc(c24)c3)C=C)CCCC)c1)C=C(C(O)=O)C#N failed to sanitize.
21:37:32 <INFO> Sampled SMILES N#CCn1c(c2c3c(c(=O)oc2c1-c1ccc(C)cc1)CC(OCC)CO3)=O failed to sanitize.
21:37:32 <INFO> Sampled SMILES c12c(c(c3n2c(SCC=C)c2nc4c(nsn4)c(-c4cc(C)sc4C)c2c31)=O)-c1ccc(C)cc1 failed to sanitize.
21:37:32 <INFO> Sampled SMILES c1cc2oc3cc(N(C)C)ccc3c(c-2cc1)-c1c(S(=O)([O-])=O)cc(NC(=C)SC2CCCCC2)cc1 failed to sanitize.
21:37:32 <INFO> Sampled SMILES c12c3-c4ccccc4C(C)(C)c3cc3ccc4c(c31)c(-c1c(O4)cc(C(C)(C)C)cc1C2(C)C)cc1oc2c(c1-c1c3ccccc3cc3ccccc13)cccc2 failed to sanitize.
21:37:32 <INFO> Sampled SMILES C1C(=C(c2cc(n3c(cc4ccccc4c32)C(=O)C)=O)Sc2c1ccc(c2)Br)c1ccc(cc1)Cl failed to sanitize.
21:37:32 <INFO> Sampled SMILES [n+]1(c(n(CC(=C(S(=O)(c2ccc(cc2)[N+](=O)[O-])=O)C#N)N(CC)CC)c(C(OCC)=O)n1C)=S)CC failed to sanitize.
21:37:32 <INFO> Sampled SMILES c1c(ccc2ccc3c4c2c1ccc4ccc3)N(c1ccccc1)c1ccccc1 failed to sanitize.
21:37:32 <INFO> Sampled SMILES c1c2CCCc3cc(n[nH]c3C=Cc2ccc1C1CCCCC1)=Nc1ccc(cc1)OC failed to sanitize.
21:37:32 <INFO> Sampled SMILES c1c(sc(c1)-c1c(F)cc(-c2cc3n(c4ccc(-c5ccc(s5)C5NC(c6cccc7c6c5=NC(=C7C#N)SC(N=3)=O)=N4)c3[nH]c4ccccc4c3c2)OC)s1)CC(OC)=O failed to sanitize.
21:37:32 <INFO> Sampled SMILES C1(SC(=Cc2c(=O)n3c(n2CC(=O)O)ccc(Cl)c3)C(=O)N1CCCC)=S failed to sanitize.
21:37:32 <INFO> Sampled SMILES C(OC(C)=O)CCN1C(c2ccc3c4c2c(C1=O)cc(c4c(c1c3cc2c3c1cccc3ccc2)C(OC)=O)C(OC)=O)c1cc2C(=O)OC(c3ccccc3)c3c2c2c(C(=O)OC(c2c1)=O)cc3 failed to sanitize.
21:37:32 <INFO> Sampled SMILES c1ccccc1N(c1c2c3c4c(ccc3ccc2c(-c2cc(oc2C)-c2sc(F)cc2)c1)cc(C(=O)OC)cc4)c1ccccc1 failed to sanitize.
21:37:32 <INFO> Sampled SMILES O=C(c1cc(-c2n(c3c(n2)ccc(c3)C(=O)c2ccccc2)-c2ccc(CC)cc2)c(=O)o1)O failed to sanitize.
21:37:32 <INFO> Sampled SMILES c1cc(cc2ccc3=c(cc2=1)ccc(-c1ccc(cc1)OC)o3)=O failed to sanitize.
21:37:32 <INFO> Sampled SMILES c12cccc3c(cc(nc1c1ccccc1n2)C=C1C(OC(=O)C1=C1C=C(OC)C(=O)C(=C1)C)=O)cc3 failed to sanitize.
21:37:32 <INFO> Sampled SMILES c1c2c(-c3c(C2(C)C)cccc3)cc(c1)-n1c2c(c3c1cccc3)ccc(c2)-c1sc2c(n(-c3ccccc3)c3c(cccc3)n2)c1 failed to sanitize.
21:37:32 <INFO> Sampled SMILES c1cc2c3c(c1)oc1c(-c4ccc(OC)cc4)c4c(ccc(OC)c4)c(c1c3)c1ccc(OC)c(c21)C failed to sanitize.
21:37:32 <INFO> Sampled SMILES c1c(-c2c(=S)n[nH]n2)ccc(c1)OCCCC(=O)O failed to sanitize.
21:37:32 <INFO> Sampled SMILES c1c(=Cc2cccc(c2)[N+]([O-])=O)c(=Cc2ccc(cc2)N(CC)CC)sc1=Cc1ccc(CCC(O)=O)cc1 failed to sanitize.
21:37:32 <INFO> Sampled SMILES C(c1cc(ccc1OCCC)C1c2c(c3c4CCCCN4CCCc3c3CCCN(CC)c23)C(C1)C=C)=CC=C1C(CC)(C)c2cc(C(O)=O)ccc2N1CC failed to sanitize.
21:37:32 <INFO> Sampled SMILES c1c(ccc(C(=O)O)c1)N(c1ccc(cc1)OCCCCCC)c1ccc(cc1)-c1ccc2-c3ccc(ccc3-c3c2c1c(-c1ccc(cc1)N(c1ccc(C(O)=O)cc1)c1ccc(C(=O)O)cc1)cc3)C failed to sanitize.
21:37:32 <INFO> Sampled SMILES C(CCCCC)CCCc1cc[n+]2c(C=CC=CC=C3C(CCCCCC)=CC4C(CCC4C=3)(C)C)n(c3c(c2c1)cccc3)CCCCCCCC failed to sanitize.
21:37:32 <INFO> Sampled SMILES c1n2c(c3c(c(sc3C#N)C#Cc3cccs3)c(=C(O)OCC)c2=O)ccc1 failed to sanitize.
21:37:32 <INFO> Sampled SMILES c12c(c3c(cc1)cc(=C(C#N)C#N)[nH]3)cc(-c1ccc(cc1)C=C(C#N)C(O)=O)cc2 failed to sanitize.
21:37:32 <INFO> Sampled SMILES c1ccc(c(C=C(C#N)C(=O)O)n1-c1ccc(cc1)S(=O)(=O)[O-])=O failed to sanitize.
21:37:32 <INFO> Sampled SMILES c12c3c4c(cc2)cccc4ccc3c2c3cccc4c3c(c(cc4)C#N)nc2c1 failed to sanitize.
21:37:32 <INFO> Sampled SMILES C(C)(C)(C(ON1C(=O)c2cccc3c4ccc(C#N)cc4c4c3c2c(cc4C1=O)-n1c2ccccc2c2c1cc1c3ccccc3c3c(c1c2)C(C)(c1ccccc-31)C)=O)C failed to sanitize.
21:37:32 <INFO> Sampled SMILES O(C)c1ccc2c3cccc[n+]3c(c3ccoc3c2c1)C failed to sanitize.
21:37:32 <INFO> Sampled SMILES c1c(C)c2c(oc3-c(c2-c2ccccc2C([O-])=O)cc(=[N+]2CCCC2)cc-3)cc1CNc1cccc2c1cccc2 failed to sanitize.
21:37:32 <INFO> Sampled SMILES N1(c2ccc3c(cccc3)c2C#C[C@@H]2C(=C(C#N)C#N)c3c4C2C2C(c5c(cccc5)Sc2c(C#N)c4)=C(c2ccc(F)cc2)C3)CCCCC1 failed to sanitize.
21:37:32 <INFO> Sampled SMILES c12c(=O)n(c(-c3nc4cc(sc4c4c3sc(-c3ccc(cc3)-c3sc(cc3CCCCCCCC)C=C(C#N)C(O)=O)c4)c3ccccc13)CCCCCCCC)ccc2-c1ccc(C(C)(C)C)cc1 failed to sanitize.
21:37:32 <INFO> Sampled SMILES c12ccc3c4c1c(ccc3cc4)ccc2 failed to sanitize.
21:37:32 <INFO> Sampled SMILES c12cc(O)cc3oc-2c2cccc4c2c(c31)ccc4 failed to sanitize.
21:37:32 <INFO> Sampled SMILES c1(c2oc(=O)c2ccc2c1c(c1ccc(Br)cc1c2-c1ccccc1)Br)OC failed to sanitize.
21:37:32 <INFO> Sampled SMILES C(CC(=O)O)Cc1c2cccc3c(N(c4ccccc4)C=C3c3ccc(cc3)OC)c2no1 failed to sanitize.
21:37:32 <INFO> Sampled SMILES c1(=Cc2ccc(N(CCCCCC)CCCCCC)cc2)c(=c2sc(c3nc(-c4ccc(C=O)cc4)sc3=2)=O)n(CCCCCC)c2c1nn(n2-c1ccc(C=C(C(=O)O)C#N)cc1OCCCCCC)CCCCCC failed to sanitize.
21:37:32 <INFO> Sampled SMILES c1c(C#Cc2ccc3c(-c4ccc(N(C)c5ccc(cc5)OC)cc4)c4Oc5c(C(c4cc3O2)=O)cc(C#Cc2ccc(cc2)C(F)(C)F)cc5)ccc(C=C(C#N)C(=O)O)c1 failed to sanitize.
21:37:32 <INFO> Sampled SMILES c12c3c4c(cc2)c(-c2c5cccc6cccc(C)c65)cc5ccc6c(cc5c34)c1c(C(C(N6)CC1CCCCC1)=O)cc2 failed to sanitize.
21:37:32 <INFO> Sampled SMILES c1cccc2n(-c3ccc(C=C(c4ccc(OC)cc4)c4ccc(cc4)-c4ccc(OC)cc4)c(-c4ccc(cc4)N(C)C)c(-c4ccccc4)n3)c3c(c12)cc(c(c3)OC)OC failed to sanitize.
21:37:32 <INFO> Sampled SMILES C1(=Cc2c(-c3c1cccc3)cc1C3C(C(N=1)=O)OC(c1c3cccc1)=O)n2C failed to sanitize.
21:37:32 <INFO> Sampled SMILES c12oc3c(ccc(c3)N(c3ccccc3)c3ccc4C(c5cc(S(=O)([O-])=[O-])ccc5C(C)(c4c3)C)(C)C)c1ccc(c2)N(C)C failed to sanitize.
21:37:32 <INFO> Sampled SMILES c12nn(-c3ccccc3)nc2c(c(s1)C(OCC)=O)C=Cc1sc(C#Cc2ccc(OC)cc2)c2c1nsn2 failed to sanitize.
21:37:32 <INFO> Sampled SMILES c12c(c(-c3ccc(cc3)OC)cc3c1c(c(O)cc3)sc2-c1ccc(OC)cc1)OC failed to sanitize.
21:37:32 <INFO> Sampled SMILES c12c3c4ccc5c3c(ccc5C35CCC(c34)c3ccccc35)c1cc(cc2)C(=O)c1ccc(N(c2ccccc2)c2ccccc2)cc1 failed to sanitize.
21:37:32 <INFO> Sampled SMILES C1N(Cc2c(ccc(-n3c4c(c5n(-c6ccc(C=O)cc6)c6c5cccc6)ccc5c4c4ccccc4s5)nc23)C1)c1ccc(C)cc1 failed to sanitize.
21:37:32 <INFO> Sampled SMILES c1(cc(c(-c2c3OCCOc3c3c4c5c(c(F)ccc5n3CCCC)sc3c4nc4cc(-c5ccc(s5)CC(F)(F)F)sc4n32)cc1)F)Br failed to sanitize.
21:37:32 <INFO> Sampled SMILES c1(-c2c3CN(c4c5c(ccc4)C(=O)N(C(=O)c5cccc2)C)CCCn3c2cccc(OC)c2=O)cc(C#N)c(OC)cc1 failed to sanitize.
21:37:32 <INFO> Sampled SMILES c1c(OC)ccc(c1)N(c1ccc(cc1)OC)c1ccc(-c2sc(c3C4C(C(=c32)c2ccc(OC)cc2)C(=O)OCCO4)c2ccc([N+](=O)[O-])cc2)cc1 failed to sanitize.
21:37:32 <INFO> Sampled SMILES c1ccc2c(cc(C=C(C(=O)O)C#N)cc3c2n(CCCC)c2c4cccc5c4c4c(cccc4c35)C=C2)c1 failed to sanitize.
21:37:32 <INFO> Sampled SMILES c1c2c3c4c(c(C)cc3)cccc4c3c4c(c(cc(C)c4)C)ccc(c32)cc1 failed to sanitize.
21:37:32 <INFO> Sampled SMILES c1(c2c3c(C(OCC=C(C)C)=O)cc4C(c3ccc4=C(c3ccccc3)C2(C)C)(CC)CC)cc1 failed to sanitize.
21:37:32 <INFO> Sampled SMILES c12cc(c(cc2oc2c3cccc(c3ccc2c1-c1cccc2c1cccc2)-c1ccccc1)-c1ccccc1)C failed to sanitize.
21:37:32 <INFO> Sampled SMILES C(Cc1c2n(c(N)c(C#N)c(=C3C=CC(=C(C3=N)SCCCCCCCC)C#Cc3ccc(N)cc3)n2)nn1CCCCCCCC)CCCCCCCC failed to sanitize.
21:37:32 <INFO> Sampled SMILES Cc1cccc(-c2n(CCCCCCCCCCCC)c3cc4[n+](CCCCCC)c(c(-c5ccccc5)c4cc3-c3ccccc3)c2)c1C failed to sanitize.
21:37:32 <INFO> Sampled SMILES c12ccccc2C(=O)c2c(-c3cc4oc-4cc3)c3n(ccc3)c21 failed to sanitize.
21:37:32 <INFO> Sampled SMILES s1c2n(c3c(cccc3)cc2)c2ccccc12 failed to sanitize.
21:37:32 <INFO> Sampled SMILES n1(ncc(-c2cc3c4c(c5cc(sc5c4ccc3)CC(CCCC)CCCCCC)nc2-c2ccc(CC(CC)CCCC)s2)c1)CCCCCCC failed to sanitize.
21:37:32 <INFO> Sampled SMILES [C@@]12(O)[C@H](C3C(C(=C(C)NC=3CS1)C)C(=O)OCC)=CC(=O)O2 failed to sanitize.
21:37:32 <INFO> Sampled SMILES c1cc(ccc1Cl)-c1c2c(cc(N(C)C)cc2)oc2cc(=[N+](C)C)ccc-12 failed to sanitize.
21:37:32 <INFO> Sampled SMILES c1c(cccc1)-c1c([n+]2c(Oc3c(c(c(OC)c(C(C)(C)C)c3)C(C)(C)C)OC)c3cc(c(cc3c2-c2ccccc2)C(C)(C)C)c2c1nccc2)-c1c(cccc1)OC failed to sanitize.
21:37:32 <INFO> Sampled SMILES c1cc2c(ccc3c2c2c(cc3)cccc2)c1 failed to sanitize.
21:37:32 <INFO> Sampled SMILES c1cccc(c1)-c1c2cccc3c2c(cc1)ccc3 failed to sanitize.
21:37:32 <INFO> Sampled SMILES c1c2nc3c4c(c2oc1C(C)C)cccc4c(-c1ccccc1)c1ccccc13 failed to sanitize.
21:37:32 <INFO> Sampled SMILES O=c1c(c(=O)c1N1CC(CC1)c1ccccc1)OC failed to sanitize.
21:37:32 <INFO> Sampled SMILES c12c3cC(c4c(cccc4)-c3c(o1)-c1cc3ccccc3cc1)cc2 failed to sanitize.
21:37:32 <INFO> Sampled SMILES n1c2c(non2)c(OC)c2nc(C#N)c(C#N)c(n12)N failed to sanitize.
21:37:32 <INFO> Sampled SMILES c1(Cc2c3c(c4c2cccc4)cccc3)cc2c(cc1)cc(cc2)C=Cc1cc2c(-c3ccccc3C2)cc1 failed to sanitize.
21:37:32 <INFO> Sampled SMILES c1(c(NC2CCCC2)n(c2ccccc2c1-c1ccccc1F)Cc1ccc(cc1)C)=O failed to sanitize.
21:37:32 <INFO> Sampled SMILES c1c(C=C(c2oc(nn2)-c2c(oc3c4ccccc4ccc32)=O)C#N)cccc1 failed to sanitize.
21:37:32 <INFO> Sampled SMILES C1C(CCN2CCCCC2)CC2=C(NC(C(=C)C)=C)C=CC3N(C)C(c4cccc5cccc6c5c4C(=C6)C32)=1 failed to sanitize.
21:37:32 <INFO> Sampled SMILES c1cc(S(=O)(N=C(C(C(c2ccccc2)=O)C(OCC)=O)=Cc2ccc(N(C)C)cc2)=O)ccc1C failed to sanitize.
21:37:32 <INFO> Sampled SMILES c1cc(N(c2ccc(C=C3C(c4ccccc4C3)(C)C)cc2)c2ccccc2)ccc1C=Cc1ccc(cc1)C=CC1C=C2C(C3(C(C=C2)=NN=3)CCCCCCCC)CC1 failed to sanitize.
21:37:32 <INFO> Sampled SMILES c1c2c(ccc1N(CC)CC)Oc1c(C=C3C=C(C(C)(C)C)OC3=O)ccc3cc(C(C)(c4ccccc4)C)ccc-2c31 failed to sanitize.
21:37:32 <INFO> Sampled SMILES C1N(c2ccc(-c3c4c(Cc5ccccc5)cccc4cc3)cc2)CCN(C)C1 failed to sanitize.
21:37:32 <INFO> Sampled SMILES c1c(c(-c2c3c(c4ccc5c6c7c(c4cc7)-c4ccccc4-c4cccc(c46)cc5)c4ccccc4c3cc(N(C)C)c2)c(C(F)(F)F)cc1)C(=O)O failed to sanitize.
21:37:32 <INFO> Sampled SMILES N1(c2c3c4CCCCc4c(C#Cc4ccccc4)nc3-c3c(cccc3)N(CC)C2(CC)CC)CCCCC1 failed to sanitize.
21:37:32 <INFO> Sampled SMILES c12cccc3c2c(ccc3C(=O)c2c3c(ccc2)c2c(s3)cccc2)ccc1 failed to sanitize.
21:37:32 <INFO> Sampled SMILES c12c(c3c(cc2)=C2C=CC(C(=O)C=2c2cc4c(cc2)c(OCCCCCCCC)c2ccc(c5ccc(N1C)c2)CCCCCCCC)(C=C4)C5)C(=O)N(CCCCCCCC)C3=O failed to sanitize.
21:37:32 <INFO> Sampled SMILES c1(Cl)cc(c2NCCCn12)=O failed to sanitize.
21:37:32 <INFO> Sampled SMILES c1cc(O)ccc1-c1oc2cc(c(OC3C(C(C(C(C)O3)O)OC3C(O)C(C(O)CO3)O)O)c(O)c2c(c1)C)O failed to sanitize.
21:37:32 <INFO> Sampled SMILES Oc1n(c(=Cc2ccc3[nH]ccc3c2)c([nH]1)=O)C1OC(C(O)C1)CO failed to sanitize.
21:37:32 <INFO> Sampled SMILES c1ccc2cc3cc4c(cc(=O)o4)cc3nc2c1 failed to sanitize.
21:37:32 <INFO> Sampled SMILES c12ccc(cc2sc([n+]1C)-c1ccc(-c2c(c(-c3ccc(C=C(c4ccccc4)c4ccccc4)cc3)c3nsnc23)C)c(-c2ccc(Cl)cc2)c1)C=C(c1ccc(C(F)(F)F)cc1)c1ccc(Cl)cc1 failed to sanitize.
21:37:32 <INFO> Sampled SMILES C(OC(=O)c1cc2c3c(N(CCCC)c2c1C(OCC)=O)ccc(c3)Br)C failed to sanitize.
21:37:32 <INFO> Sampled SMILES C(O)(=O)c1c2c3c(c(-c4ccc(c(Cl)c4)O)c4c2c(cc1)cc(F)c4)C(=O)C(=CCl)C3=O failed to sanitize.
21:37:32 <INFO> Sampled SMILES c1c(-c2nc3c4c(c(cc3)-c3ccc(cc3)-n3c5c(cccc5)c5c3cccc5)sc3ccccc4c32)cccc1 failed to sanitize.
21:37:32 <INFO> Sampled SMILES c1c2n(c3n1c1ccccc1c3-c1ccccc1)c(nn2)CCC failed to sanitize.
21:37:32 <INFO> Sampled SMILES CCCCc1c(c(-c2n(CCCC)c3c(c2)cc(s3)C=C(C(O)=O)C#N)sc(-c2sccc2)c1)CCC failed to sanitize.
21:37:32 <INFO> Sampled SMILES c1cc(ccc1)N(c1ccccc1)c1ccc(cc1)-c1c(C#N)c2c3c(n4c5c2cccc5c(=O)c(C#N)c4-c2ccc(N(c4ccccc4)c4ccccc4)cc2)ccc3c1 failed to sanitize.
21:37:32 <INFO> Sampled SMILES c12nnn(-c3cc4oc(=O)c(C)c4cc3)c2cccc1 failed to sanitize.
21:37:32 <INFO> Sampled SMILES C(n1c2ccccc2c2cc(=C(C#N)C#N)cc(c21)=C(C#N)C#N)c1ccc(cc1)N(CC)CC failed to sanitize.
21:37:32 <INFO> Sampled SMILES s1/c(=C\c2ccccc2)nc(C)c1S(=O)(=O)O failed to sanitize.
21:37:32 <INFO> Sampled SMILES c1ccc2c3c(c4ccc(c(c4o2)N=[N+]=[N-])C=Cc2ccc(cc2)SC)ccc(=O)c31 failed to sanitize.
21:37:32 <INFO> Sampled SMILES c12c(ccc(-c3c4nonc4c(c4c5ccccn5c(n4)-c4ccccc4)c3-c3ccccc3)c2cccc1)-c1ccc(cc1)Br failed to sanitize.
21:37:32 <INFO> Sampled SMILES c12cccc3cccc4ccc(c1c43)ccc2 failed to sanitize.
21:37:32 <INFO> Sampled SMILES c1c(cc2C(C)(C)c3cc(N(c4ccc(cc4)OC)c4ccccc4)cccc3-c2c1)N(c1ccc(OC)cc1)c1ccc(cc1)C(C)(C)C failed to sanitize.
21:37:32 <INFO> Sampled SMILES c1ccc(c2c1non2)NC(c1c(ccc(c1)Cl)-[n+]1cccc(-c2ccc3c(c2)c2c4ccccc4c4c(c2c3)cccc4)[nH]1)=O failed to sanitize.
21:37:32 <INFO> Sampled SMILES c1c2c(ccc1)cccc2C(O)=C1C=C(C(c2ccccc2)=CC1=c1c(=O)n(c(cc1)C(=O)O)c1ccccc1)c1ccccc1 failed to sanitize.
21:37:32 <INFO> Sampled SMILES C1(=Cc2sc3c4c(nc(s4)/C=C/c4ccn5ccnc5c(-c5ccccc5)n4)c2C(CC(C)(C)C)CC3)C(C)(c2ccccc2N1CC)C failed to sanitize.
21:37:32 <INFO> Sampled SMILES c12c3c(c4OC(=C([N+]=[C-]4)c4n(-c5ccccc5C)c(nn4)-c4ccc(C)cc4)c1ccc(c2)-c1ccccc1)c1ccccc1cc3 failed to sanitize.
21:37:32 <INFO> Sampled SMILES c12cc3N(c4c(C(C)(C)c3cc(-c3ccccc3)c1)cccc4)c1ccccc1-c1c2cccc1 failed to sanitize.
21:37:32 <INFO> Sampled SMILES c1(c2c(c(C(OCC)=O)c(-c3sccc3)c(-c3ccccc3)n2)s2ncc(c(-c3ccccc3)c21)-c1ccc(cc1)C)-c1ccccc1 failed to sanitize.
21:37:32 <INFO> Sampled SMILES c1ccccc1N(c1ccccc1)c1ccc(-c2ccc(-c3c4nsnc4c(c(-c4ccc(s4)C=C(C(O)=O)C#N)CCCCCC)n3)cc2)cc1 failed to sanitize.
21:37:32 <INFO> Sampled SMILES c1(-c2ccc(Cl)cc2)c(c(-c2ccc(cc2)Cl)c2-c3cccc4ccc5c(c4nc(-c4ccc(cc4)C)c3-c2s1)cc5-c1ccccc1)-c1ccc(-c2ccccn2)cc1 failed to sanitize.
21:37:32 <INFO> Sampled SMILES c1ccc(cc1)NC(=O)c1cc(-c2ccc(C(O)=O)cc2)c2c3c(ccc2)c(cc2c3c1ccc2C(=O)O)C(N(CCCC)CCCC)=O failed to sanitize.
21:37:32 <INFO> Sampled SMILES Fc1c(cc(cc1)C#Cc1ccc2c3c(c4c(c21)cc(cc4)C#CC#Cc1ccc(C(F)(F)F)cc1)cccc3)C(c1ccccc1)=O failed to sanitize.
21:37:32 <INFO> Sampled SMILES C(C)c1ccc2c(c3cc(N)cc4c3n2c(C)c(c4)CC)c1 failed to sanitize.
21:37:32 <INFO> Sampled SMILES c1(C(=Cc2oc3ccc(OC(c4ccccc4)=O)cc3[o+]c2-c2ccc(OC)cc2)NC(c2ccccc2)=O)c(cccc1)Cl failed to sanitize.
21:37:32 <INFO> Sampled SMILES c1c(-c2[nH]c(c(-c3ccccc3)c(n2)-c2ccccc2)=O)ccc2c1c1-c(o2)cc(=[NH2+])cc1 failed to sanitize.
21:37:32 <INFO> Sampled SMILES c1cc(C(=O)O)c2oc3cc(=[N+](CCCCCC(=O)NNC(=O)c4ccc(cc4)NC)C)ccc3c(=CC3CCCC4SC(C=C43)c3c(cccc3C(F)(F)F)C(F)(F)F)c2c1 failed to sanitize.
21:37:32 <INFO> Sampled SMILES N(C(=O)C(C#N)=Cc1sc(-c2cc(C)c(s2)-c2sc(cc2)-c2n(CCCCCCCC)c3ccccc3n2)s1)CCCCCCCCC failed to sanitize.
21:37:32 <INFO> Sampled SMILES C(CCCCCn1c2ccccc2c2c1cccc2N1C2C3C4(CC5CCC5N2c2c1ccc1ccn5c(C=Cc6ccccc6)c2c2ccccc5c2c14)CC3)CC failed to sanitize.
21:37:32 <INFO> Sampled SMILES C(=O)(N(C)C)CN1C(SC(C1=O)=Cc1c2cc(N(CC)CC)ccc2n(c1)CC)=c1c(=O)n2c(s2)nc1C=C1N(c2ccccc2S1)CC failed to sanitize.
21:37:32 <INFO> Sampled SMILES c1ccc(-c2c3ccc4c5ccc(N)cc5c(c5c4c3c3c([nH]5)n(C)c4c3c2cc(N2CC(C2)OC)c4)OC)c(c1)C=O failed to sanitize.
21:37:32 <INFO> Sampled SMILES c1cc(c(N(c2cc3c4cc(-c5nc(C)c(C)s5)ncc4c2nc(-c2c(OC)cc(c(c2)C#N)OC)n3)CCCCCC)nc1OC)C failed to sanitize.
21:37:32 <INFO> Sampled SMILES c1c2c3cc(ccc3cc[n+]2Cc2c3ccccc3c(c3cccc1c32)C#Cc1ccc([N+]([O-])=O)cc1)C#Cc1ccccc1 failed to sanitize.
21:37:32 <INFO> Sampled SMILES c1ccccc1N(c1ccccc1)c1ccc(cc1)C=Cc1n(Cc2ccccc2)c(=C(C#N)C(=O)OC)n(CCCC)c1=O failed to sanitize.
21:37:32 <INFO> Sampled SMILES c1cc(ccc1-c1c2N)c3-c(nc(c4c3-c3c(cccc3)Cc4cc3cccn3)c3ccccc13)-c1c(cccc1)O2 failed to sanitize.
21:37:32 <INFO> Sampled SMILES CC(c1c2c(c(c3c(nccc3)n1)N(CC)CCC)ccc(N(CC)CC)c2)=O failed to sanitize.
21:37:32 <INFO> Sampled SMILES c1cc(N(c2ccccc2)c2ccccc2)ccc1C=Cc1nc2ccc3c4n(c5c(cccc5)c4)c(c4c3c2c(c1)cc4)=O failed to sanitize.
21:37:32 <INFO> Sampled SMILES c12c(cccc1)ccc1cc3sc(-c4cc5c(C=Cc6cccccc6)ccc5cc4)cc3n12 failed to sanitize.
21:37:32 <INFO> Sampled SMILES C1(=Cc2nc3c(scc3)c(=C(C#N)C#N)c2)c2c(C=CC1(C)C)c(cc(c2)C(C)(C)C)C(C)(C)C failed to sanitize.
21:37:32 <INFO> Sampled SMILES c1c(O)ccc2C(NC(C(=O)c3c2c1ccc3)=O)=O failed to sanitize.
21:37:32 <INFO> Sampled SMILES n1(-c2ccccc2)c2c(N(c3ccccc3)c3ccccc3)c3c(c4ccccc4c4c3cccc4)n(C)c2c2ccccc21 failed to sanitize.
21:37:32 <INFO> Sampled SMILES O(C)c1c(OC)c(OC)c2c3c(c4c(cc1OC)C(=O)N(C4)C)cccc3C=CC=c12cc(C)c(c1)C failed to sanitize.
21:37:32 <INFO> Sampled SMILES c1(ccc(cc1)Cn1c2c(c3c1cc(C)cc3)cccc2)cc1ccc(OC)cc1 failed to sanitize.
21:37:32 <INFO> Sampled SMILES CC1=C(C#N)C(c2c(c1N(C)C)ccc(N(C)C)c2)=O failed to sanitize.
21:37:32 <INFO> Sampled SMILES [nH]1nc(-c2ccc(N(C)C)cc2)n2c(nncc12)-c1ccccc1 failed to sanitize.
21:37:32 <INFO> Sampled SMILES C(CCCCC)c1c(OCCCCCC)cc2-c3c(cc(C=O)s3)C(N3CCc(c32)c1)=S failed to sanitize.
21:37:32 <INFO> Sampled SMILES c1(=O)oc2c(cccc2)c2ccc(=[N+](C)C)cc21 failed to sanitize.
21:37:32 <INFO> Sampled SMILES c1c2c(cc(c1)OC)c1c(c3oc(cc(c3c(=[NH2+])[nH]1)-c1ccccc1)c(C(O)C)n2)-c1ccc(cc1)OC failed to sanitize.
21:37:32 <INFO> Sampled SMILES c1ccc2n(c3ccc(-c4ccc(-c5ccc(c6c5nsn6)-c5ccc(C=C(C#N)C(O)=O)cc5)s4)cc3C2(CCCC)CCCC)c1 failed to sanitize.
21:37:32 <INFO> Sampled SMILES c1cccc(COC([C@@H]2C(C)(C)COC(O2)c2c(C(=O)OC)c(cc(CC3OC(C(OC(c4ccccc4)=O)CO3)C2OCc2ccccc2)-c2ccccc2)C)=O)c1 failed to sanitize.
21:37:32 <INFO> Sampled SMILES C(#N)C(C(=O)O)=Cc1ccc(-c2sc(-c3ccc(-c4sc(c(-c5ccc(s5)-n5c6ccccc6c6ccccc65)cc4)CCCC)s3)s2)cc1 failed to sanitize.
21:37:32 <INFO> Sampled SMILES c12c3ccnc3c3c(c4c1c(c1c2cccc1)ccc1c4c2c(cc1)cccc2)cccc3 failed to sanitize.
21:37:32 <INFO> Sampled SMILES c1(Cc2cc(sc3ncn(-c4ccc(C)cc4)c2=O)n3)ccccc1 failed to sanitize.
21:37:32 <INFO> Sampled SMILES c1ccc2c3c(c4c(CCCN4C)c3cc(OC)c2c1OC)OC failed to sanitize.
21:37:32 <INFO> Sampled SMILES c1csc(-c2c3nsnc3c(c(n2)-c2ccc3N(C)C(=O)C)c4ccccc4cc3c2)c1 failed to sanitize.
21:37:32 <INFO> Sampled SMILES c1c(F)c(C=c2sc(=C(C#N)S(=O)(c3ccc(s3)C)=O)=C(Sc3cc(C(C)(C)C)c(C(C)(C)C)c(c3)CCC=C(C)C)c2)ccc1C(=O)OCC failed to sanitize.
21:37:32 <INFO> Sampled SMILES O1C(=O)c2ccccc2C1N1C(C2=C3C(=C4c5c(C(c6c4c2c(C#Cc2ccccc2)c31)cccc6)C(O5)=O)c1ccccc1)=O failed to sanitize.
21:37:32 <INFO> Sampled SMILES c1cc2oc3cc(N(CC)CC)ccc3c(c-2cc1)-c1cc(S([O-])(=O)=O)cc(c1)C([O-])=O failed to sanitize.
21:37:32 <INFO> Sampled SMILES OC(=O)C=Cc1c(-c2ccc(-c3n(cc(c3C(O)=O)-c3cc4ccccc4cc3)CCCCCC)c(C(=O)O)c2)ccc2NS(=O)(=O)c3ccccc3N=c21 failed to sanitize.
21:37:32 <INFO> Sampled SMILES n1cnc(N)c2c1n(c1c3C(c4c(ccc(N)c4)C)=C(NCc13)c1ccccc1C2=O)-c1ccc(C)cc1 failed to sanitize.
21:37:32 <INFO> Sampled SMILES c1c2cc(C=C3SC(SCCCCC)=C(SC3=O)SCCCC)sc(c2ccc1)-c1cc2c(cc1)N(CCCCCC)c1ccccc1S2 failed to sanitize.
21:37:32 <INFO> Sampled SMILES c1c(cc2c3ccc(c4Oc(c1)c(c2=O)c34)NCC(=O)O)C(OC)OC failed to sanitize.
21:37:32 <INFO> Sampled SMILES c12oc3-c(oc-1cc(c2C)-c1ccccc1OC)cc(=[NH2+])cc3-c1ccc(C([O-])=O)cc1 failed to sanitize.
21:37:32 <INFO> Sampled SMILES c12C=Cc3ccc(c4c3c1c(c(cc2-c1ccccc1)-n1c2ccccc2c2c1cccc2)oc(=O)c4C#Cc1ccccc1)C#Cc1ccccc1 failed to sanitize.
21:37:32 <INFO> Sampled SMILES c12-c3nc(C#Cc4ccc(s4)N(c4ccc(cc4)OC)c4ccc(OC)cc4)nc(c3C#c1c1Cc3cc(c(cc3Oc2c2cc(Cl)ccc2n1)C#N)OC)OC failed to sanitize.
21:37:32 <INFO> Sampled SMILES c1c2c(c3ccc(N(C)C)cc3[o+]c2cc2N(CCC)C(C=C(C)c12)(C)C)-c1c2c3c(cc1)c1c4c(c(cc1N(C)Cc1ccccc1)-c1cc(C)ccc1)ccc(c42)ccc3 failed to sanitize.
21:37:32 <INFO> Sampled SMILES c1(c2c3c4c(ccc3)cccc4cc2cc2c1ccc[n+]2C)C(=O)O failed to sanitize.
21:37:32 <INFO> Sampled SMILES c1(C)c(sc2c1c(c1c(=C3SC(=C(S3)C#N)SC=1)n2[B-])SCCCC)C#Cc1sc(C=C(C#N)C(=O)O)cc1 failed to sanitize.
21:37:32 <INFO> Sampled SMILES c1cc2c3c4c(cccc4c1)c[n+]1c3c(c(c2C=Cc2ccccc2)Cc2ccccc2)[nH]cn1 failed to sanitize.
21:37:32 <INFO> Sampled SMILES c1c2c3c(cccc3cc1)c1cc3c(n(-c4c5N(c6ccccc6)(C(=c5ccc4)C=C)c4ccc(-c5ccc6n(CCCC)c7c6cccc7)cc5)nc5ccccc45)ccc3c1cc2 failed to sanitize.
21:37:49 <INFO> Sampled SMILES c12c3c4c5c6c1c(cc1c(C(N(CCCCCCCCCCCCCCCCCCCCCCCCCCCCCC)C(=O)c(c6c4ccc3)C(C)C)=O)c(c3c-5c1c(cc3)cc2)-c1ccc(C(C)(C)C)cc1)C(=O)O failed to sanitize.
21:37:49 <INFO> Sampled SMILES c1ccc2c3ccccc3c(c3ccc(c4nc3c2c(c41)-c1c(cccc1)C)-c1ccco1)-c1ncccc1 failed to sanitize.
21:37:49 <INFO> Sampled SMILES c1ccc(N(c2ccc(C=Cc3c(=C(C#N)C(=O)O)cccc3)cc2)c2ccccc2)cc1 failed to sanitize.
21:37:49 <INFO> Sampled SMILES C(COc1ccc(cc1)N1c2c(C(=Cc3ccc4Sc5ccccc5N(CCCCCC)c14)cccc3)cccc2)CCCCC failed to sanitize.
21:37:49 <INFO> Sampled SMILES c1(C=C(C#N)C(O)=O)ccc(N2c3c(cccc3)C(C)(C)c3c2cccc3)c2c1Oc1c(c(c3c(c1)c1c(-c4c(C1(C)C)cccc4)ccc3)N(c1ccccc1)c1ccccc1)N2CC failed to sanitize.
21:37:49 <INFO> Sampled SMILES c1c2c(c3c4c(cccc14)ccc3)oc1c2c(C)cc(N(c2ccccc2)c2ccccc2)n1 failed to sanitize.
21:37:49 <INFO> Sampled SMILES OS(=O)(=O)c1ccc(-c2cc3c4N(CCCc4c2=C2CC(NC(C2(C)C)=O)=O)CCC3)cc1 failed to sanitize.
21:37:49 <INFO> Sampled SMILES c1c(CCCCCC)cc2Oc3c4-c5c(CCc6cc(sc6-c5cc(c3C3CCCCC3)c2)C=C(C(=O)O)C#N)ccc(c41)N1CCCCC1 failed to sanitize.
21:37:49 <INFO> Sampled SMILES c12c(cccc2)C2(c3c(nc(-c4ccccc4)c(n31)-c1ccccc1)-c1ccc(C)cc1)c1c(cccc1)C2(OC)c1ccc(cc1)-c1ccc(cc1)C=C(C(O)=O)C#N failed to sanitize.
21:37:49 <INFO> Sampled SMILES c1(O)c(c(oc1=O)-c1ccc(CC)cc1)C=CC(=O)c1ccc(Cl)cc1 failed to sanitize.
21:37:49 <INFO> Sampled SMILES c12c3oc(-c4ccc(s4)C=C(C(O)=O)C#N)nc3c(c1cccc2)-c1ccc(C=C(C#N)C(O)=O)s1 failed to sanitize.
21:37:49 <INFO> Sampled SMILES c12ccccc1ccc1oc(-c3ccc(cc3)OC)c(C#N)c(c12)-c1ccc(OC)cc1 failed to sanitize.
21:37:49 <INFO> Sampled SMILES s1c(-c2ccc3n(CC)c4ccccc4c3c2)cc2C3C(C(N(CC)CC)=c12)C=C(c1ccc(cc1)C(O)=O)C3 failed to sanitize.
21:37:49 <INFO> Sampled SMILES c1c2c3c([n+](cc4c5-c6c(C(c54)(CC)CC)cc4C(C(C)(CC)C(=O)[N+](CCC)(c6cc4)CCC)(CC)CC)c3)ccc2ccc1 failed to sanitize.
21:37:49 <INFO> Sampled SMILES c12[n+](cc(-c3ccc4c(c5cc([O-])ccc5oc4c3)=[O-])c(-c3ccccc3)c2-c2ccc(cc2)C(C)(C)C)ccc(c1)-c1ccccc1 failed to sanitize.
21:37:49 <INFO> Sampled SMILES C(C#N)(C)c1n2c3c(cccc3)c3c2c(cc1)c1c(c3-c2ccc(C)cc2)C2C(C(O1)(C)C)COC(C=C)=N2 failed to sanitize.
21:37:49 <INFO> Sampled SMILES C(C(CCCC)CC)(=c1sc2ccc3cccc4ccc1c4c32)C#N failed to sanitize.
21:37:49 <INFO> Sampled SMILES C(C)CCCCCCOc1ccc(cc1)-c1cc2cc3c(c(oc3cc2oc1=O)-c1ccc(cc1)N(CCCCCCCC)CCCCCCCC)=C(C#N)C(=O)O failed to sanitize.
21:37:49 <INFO> Sampled SMILES c1c2c(c3c(ccc4c3c3ccc(c5c3c4c(cc5)c3cc4c(O)c(OC)ccc4c3)o1)OC)cc1c(c2OC)cccc1 failed to sanitize.
21:37:49 <INFO> Sampled SMILES c1c(sc(-c2ccncc2)c1)-c1cc(=CN=c2n(c(NC(=O)C(C)C)c([nH]2)=C(C(OC)=O)C=C(C)C(O)=O)C)cs1 failed to sanitize.
21:37:49 <INFO> Sampled SMILES c1cc(c2cccc3ccc4nc5ccccc5c(c41)c23)OC failed to sanitize.
21:37:49 <INFO> Sampled SMILES [N+](=O)([O-])c1c(-c2ccc(C#N)cc2)oc2c3c(c(cc21)C#n1c2ccccc2c2ccccc12)cccc3 failed to sanitize.
21:37:49 <INFO> Sampled SMILES c1(=Cc2ccc(cc2)N(CC)CC)c(=c2n(c(-c3ccc(N(CC)CC)cc3)c(C=Cc3ccc(cc3)N(CC)CC)c2)CCCCCC)oc2c(cccc2)c1=O failed to sanitize.
21:37:49 <INFO> Sampled SMILES c1c(c2c(cccc2)c(c2cccc(OCc3ccncc3)c21)=C)=[N+]=Cc1c(nc2n1cccc2)-c1ccc2n(c(c3c(c2c1)cccc3)=O)C failed to sanitize.
21:37:49 <INFO> Sampled SMILES c1cc2c(cc3c(Cc4ccccc4)c4-c(c3-c3ccc(C)cc3)c3ccc(cc3cc4)C)cc2cc1 failed to sanitize.
21:37:49 <INFO> Sampled SMILES C1(=O)NC(C)=C(C(O)=O)C(c2cc(-c3ccc(C#Cc4c5Sc6ccccc6N5c5ccccc5Oc4cc3)cc3OCCOc32)C)N1 failed to sanitize.
21:37:49 <INFO> Sampled SMILES c1c(c(c(c2C3OC4C5C(C(=O)N(C5=O)C)C(O)=c3c(c21)c1cc2c(c3c(c5ccccc5c(c34)=O)c3c2c2ccccc2cc3)cc1)OC)OC)OC failed to sanitize.
21:37:49 <INFO> Sampled SMILES c1(c2c3c(c(N(c4ccccc4)c4ccccc4)ccc3C(C1)(C)C)cc(-c1ccc(cc1)C=C(C#N)C(O)=O)c2)CCCCCC failed to sanitize.
21:37:49 <INFO> Sampled SMILES O(c1cc2c(cc1)c(c1c3c4c(c(cc32)OC)c(OC)c2c(OC)c3cc(OC)c(OC)c5ccc(c35)c3c(c(c5ccccc5c4o3)OC)c3cc(OC)c(OC)c(c(c1)c3-2)Br)=O)C failed to sanitize.
21:37:49 <INFO> Sampled SMILES c1(ccc2n(CC)c3ccc(cc3c2c1)N(c1ccc(-c2oc(cc2)C=C2SC(=C(SCCCCCC)S2)SCCCCCC)cc1)c1ccc(cc1)OCCCCCC)=S failed to sanitize.
21:37:49 <INFO> Sampled SMILES C[N+]1=C(c2sc3C(C)(c4c(sc(-c5cc6C(C)(c7c(C6(C)C)cccc7)c5)C4(CC(CCCCCC)(C)C)c3c2C1(C)C)CCCCCCCC)C)CCCCCCCCC failed to sanitize.
21:37:49 <INFO> Sampled SMILES c1cc2cccc3cc(OCCN(C)C)c4ccc5c6c(c1c(c5)cc4)cc(=O)oc6=C23 failed to sanitize.
21:37:49 <INFO> Sampled SMILES C(c1c2c(ccc3c2c(c2cc(C)c(cc21)C)c(cc3-c1ccc(C)cc1)-c1ccc(C(C)(C)C)cc1)OCC(C)CCCC)(=O)Oc1cc(C)cc(c1)C failed to sanitize.
21:37:49 <INFO> Sampled SMILES c1c(cccc1)-c1c2c3c(cc1)c1c(cc(C(=O)OC)c1)c1cccc(Cl)c41c(oc1c(c(N(CC)CC)cc(C(F)(F)Cl)c1n3)c42)=O failed to sanitize.
21:37:49 <INFO> Sampled SMILES c12c(c(-c3c4c5c(ccc4)n(-c4ccc(cc4)-n4c6c(cccc6)c6c4cccn6)c4c3cccc4)ccc5-c3ccc(-c4ccccc4)cc3)ccc2NC(=O)CC1 failed to sanitize.
21:37:49 <INFO> Sampled SMILES c1ccccc1C(=C(n1c2ccccc2c2c1c(-c1nc3c(ccc(c3)C(C)(C)C)n(c1-c1ccccc1)-c1ccccc1)nc1ccccc12)C#N)c1ccc(cc1)C(C)(C)C failed to sanitize.
21:37:49 <INFO> Sampled SMILES c12c3c4c(cc2N(CCCCCC)C1=O)cccc4ccc3P(=O)(O)O failed to sanitize.
21:37:49 <INFO> Sampled SMILES C(CCc1cc2n(c3C(=O)N(C(c4cccc1c4c3)=O)CCCCCCCC)cc2)=C(C(=O)O)C#N failed to sanitize.
21:37:49 <INFO> Sampled SMILES c1(c(cc2c(c3[nH]c4c(c3cc2)[nH]c(C(OCC)OC)cc4c1)C(OCC)=O)OC)OC failed to sanitize.
21:37:49 <INFO> Sampled SMILES c1c(=[N+])ccc2N(CCCCCC)c21 failed to sanitize.
21:37:49 <INFO> Sampled SMILES c1c2-c3c(ccc(c3)-c3cc(-c4nc5c(c6ccccc64)ccc5)nc(n3)-c3cccc4ccccc43)C(C)(c2cc(c1)C)C failed to sanitize.
21:37:49 <INFO> Sampled SMILES C(C#Cc1c([NH+]([O-])[O-])c2c(=CCC3C4C(N(CCCC#CCO)C(C4CC(C3(C(=O)O)C(O)=O)c3ccccc3)=O)=CC(c3ccccc3)C2=[N+]([O-])O)cc1)O failed to sanitize.
21:37:49 <INFO> Sampled SMILES c1c2cccc(c2n(O)c(-c2ccc(-c3nc4c(s3)cccc4)c3c2OCCO3)c1)=O failed to sanitize.
21:37:49 <INFO> Sampled SMILES C1(N=C2N(C1)c1c(N=2)cccc1C)c1ccc(cc1)OC failed to sanitize.
21:37:49 <INFO> Sampled SMILES c1c(N(c2ccccc2)c2ccccc2)ccc(-c2c3cc([N+]([O-])=O)c(=O)cc3n(CCCCCCCC(=O)O)c2)c1 failed to sanitize.
21:37:49 <INFO> Sampled SMILES c12-c(cc(n2C)=O)c(c2c(oc-1c2)=[NH2+])-c1ccc(F)cc1 failed to sanitize.
21:37:49 <INFO> Sampled SMILES c1(NCCCN)c(=O)c1=O failed to sanitize.
21:37:49 <INFO> Sampled SMILES c1c2c3n(c4ccccc4n3-c3cc4c(n(-c5ccc(cc5)C=C(C#N)C(O)=O)c5ccccc45)cc3)c3ccccc3c2ccc1 failed to sanitize.
21:37:49 <INFO> Sampled SMILES c1(ccc(-c2sc(c3n(CC(CCCC)CC)c4ccccc4c3c2)-c2ccc(C=O)cc2)cc1)N(c1ccccc1)c1ccccc1 failed to sanitize.
21:37:49 <INFO> Sampled SMILES C1C(C=C2c3cccc4OCCc2c34)c2c(ccc(c2OC)C(C)C)C=1C=C1C(c2ccccc2C1=O)=O failed to sanitize.
21:37:49 <INFO> Sampled SMILES c12ccccc2c2c(oc3c(-n4c5ccccc5c5ccccc45)scc3-2)n1 failed to sanitize.
21:37:49 <INFO> Sampled SMILES S1C(c2nccc(c2)C)=c2c3c(c1=NS(=O)(=O)c1ccc(C)cc1)ccc1cccc(cc1)c3ccc2 failed to sanitize.
21:37:49 <INFO> Sampled SMILES c1c2c3c(cccc3ccc2sc1C=C(C(O)=O)C#N)-c1ccc(-c2cc3oc4-c(nc3c3ccccc32)ccc(c4)C(=O)O)cc1 failed to sanitize.
21:37:49 <INFO> Sampled SMILES c12c(cccc1)c1ccc(cc1c1ccccc21)-c1n(-c2ccccc2)cc2-c1ccc2 failed to sanitize.
21:37:49 <INFO> Sampled SMILES C(c1c[nH]c2ccccc12)=c1c2n(CC)c([nH]c2cc(-c2ccccc2)c1)=O failed to sanitize.
21:37:49 <INFO> Sampled SMILES c12c3c4c(ccc3)cc3c(c4cccc3)c3c1c(c(-c1cc4C(C)(C)c5c(cccc5)-c4ccc1)cc3)ccc2 failed to sanitize.
21:37:49 <INFO> Sampled SMILES c1c(OC)cc2C(c3cc4c(cc3OC)ccc3c4OC(C)(c4cc5c(cc(c6c5nc(cc6)OC)OCCOCCOC)c4)c3c2c1)=O failed to sanitize.
21:37:49 <INFO> Sampled SMILES c1c2oc3c(cc4-c5ccc(cc5C5(c4c3)c3cc(-c4ccc(C(O)=O)cc4)ccc3N5CC)C)cc2c(C#N)c2ccccc21 failed to sanitize.
21:37:49 <INFO> Sampled SMILES Cn1c(sc(O)c1=Cc1[nH]c(c(c1C)C)C=C1C(=O)NC(=O)NC1=O)=O failed to sanitize.
21:37:49 <INFO> Sampled SMILES c1cc2c(C3c4c(cccc4)C2c2ccc(-c4c5OC(c6ccccc6)(c6ccccc6)O5)ccc4cc32)c2ccccc12 failed to sanitize.
21:37:49 <INFO> Sampled SMILES c1c(-c2c(sc3c(sc(-c4ccc(s4)C=C(C(=O)O)C#N)c3)c2)-c2ccc(cc2)N(c2ccccc2)c2ccccc2)cccc1 failed to sanitize.
21:37:49 <INFO> Sampled SMILES c1cc2c(c3c(cc(o3)C(=O)C)c1)nc(-c1ccc(CO)o1)[nH]2 failed to sanitize.
21:37:49 <INFO> Sampled SMILES c12sc(N(CCCC)CCCC)sc1c(=O)n(CCCC)c1c2cc(CCCC)s1 failed to sanitize.
21:37:49 <INFO> Sampled SMILES c12n(cccc1)c(=O)c(C(Nc1ccc(N(CC)CC)cc1C)=O)c2C(OC)=O failed to sanitize.
21:37:49 <INFO> Sampled SMILES c1c(C)c2[nH]c(c(c2c(C)c2oc3c(c21)cccc3)C)-c1c(oc2c(c1)ccc(c2)O)=O failed to sanitize.
21:37:49 <INFO> Sampled SMILES c12-c(oc3c4CCCCc4nc3n2C)cc2c(c3c(oc2-1)cc(cc3)N)=O failed to sanitize.
21:37:49 <INFO> Sampled SMILES n12c(csc1cc(C(CCCCCC)=O)c2-c1ccccc1OC)=O failed to sanitize.
21:37:49 <INFO> Sampled SMILES CC(C)(c1cc2c3cc(C)c4ccc(=C5C=CC(C(C)(C)C)=C5)cc4c3c3nc4ccccc4c(c(c(C#C)c2)-c2cc(C(C)(C)C)cc(C(C)(C)C)c2)c(=C)oc31)C failed to sanitize.
21:37:49 <INFO> Sampled SMILES o1c2c(c3c4c(oc5cc(-c6nc(nc(-c7ccccc7)n6)-c6ccccc6)cc(c5nc21)-c1ccccc1)cccc4c1ccccc31)C failed to sanitize.
21:37:49 <INFO> Sampled SMILES c1(ccc(c(F)c1F)-c1ccc2c(cc(c(=C3C(=O)N(CC=C)C(S3)=S)c2-c2ccc(cc2)N(C)C)-c2ccccc2)c1)F failed to sanitize.
21:37:49 <INFO> Sampled SMILES c12c3CCc4c(C=CC5CCCC6(c7nc8ccccc8nc-6n7)C5=Cc1ccc2cccc4)c3 failed to sanitize.
21:37:49 <INFO> Sampled SMILES c1c(O)cc2c3c1ccc1CCCc3c11c(cc(c1)C(C)(C)C)c2 failed to sanitize.
21:37:49 <INFO> Sampled SMILES C(C(=O)O)(C#N)=Cc1sc(cc1)-c1ccc2N(c3c(c4Sc5cc(C#Cc6c(CCCC)cc(s6)C=C6SC(SCCCCCC)=N6)ccc5Sc4cc3)c3c2scc3CCCCCC)c1 failed to sanitize.
21:37:49 <INFO> Sampled SMILES c1cc2c3sc4n(CCCCC)c5cc(ccc5[n+]4cc3ccc2cc1N(CCCC)CCCC)-c1c(sc(c1)C=C(C#N)C(O)=O)CCCCC failed to sanitize.
21:37:49 <INFO> Sampled SMILES C(n1c2C(=C(C(OCC)=O)C(C(=c2c2cc(sc21)C(=O)c1ccc(cc1)C)c1ccccc1)C(=O)OCC)OCC)C failed to sanitize.
21:37:49 <INFO> Sampled SMILES c12cc(S(=O)(=O)[O-])ccc2-c2ccc(S(=O)(O)=O)cc2-c2cc3C(C)(c4c-2cccc4)NC(=C3c1)c1ccc(cc1)S(=O)(=O)O failed to sanitize.
21:37:49 <INFO> Sampled SMILES c12c3c4c5c(ccc4ccc3)ccc(c3c(c1cccc2)c1c5c3cccc1cc1cc2ccccc2c1)C#Cc1ccccc1N=Cc1ccc(N(CC)CC)cc1 failed to sanitize.
21:37:49 <INFO> Sampled SMILES c1cccc(-c2ccc3c4c2cccc4c2c(c3)cccc2)c1 failed to sanitize.
21:37:49 <INFO> Sampled SMILES Brc1ccc(Oc2c(cc3c4c(C(N(CCCCCCCC)C4=O)=O)c2Oc2ccc(C4=CC5C(CCCC5)O4)cc2C3=O)-c2sc(c(n2)CCCCCCCCC)-c2cc(F)c(F)c(F)c2)cc1 failed to sanitize.
21:37:49 <INFO> Sampled SMILES c1cc2c(sc(-c3cc4c5c6c(ccc6c4ccc3)ccc(C(C)C)c5)c2)cc1 failed to sanitize.
21:37:49 <INFO> Sampled SMILES c1cc(cc2c3n4c5c(n(c4c(c4=N3CC(C)CC4)CCCCCCCCC)c21)c(c1c(C(=O)CC(N15)(CC)CC)=O)c1cc(sc1CCCCCCCC)C(=O)O)F failed to sanitize.
21:37:49 <INFO> Sampled SMILES c1(C)ccc(-c2c3oc4ncccc4c(c3c3-c(cc(c1Cl)=O)ncn3)cc2)C failed to sanitize.
21:37:49 <INFO> Sampled SMILES Oc1cc(c(O)cc1)C1N(C(C(=O)S1)=Cc1ccc(-c2ccc(cc2)N=Nc2ccc(N(C)C)cc2)s1)=O failed to sanitize.
21:37:49 <INFO> Sampled SMILES OC(c1c2n(c3c(c2)cc(c2c3nccc2)-c2ccc3C(N(C)C(C)(c4ccc(-n2c2ccccc24)C)c3)=O)cc1)=O failed to sanitize.
21:37:49 <INFO> Sampled SMILES c1(=Br)oc2c(c(C(C)(C)C)c(c(C(C)(C)C)c2)C)[o+]1 failed to sanitize.
21:37:49 <INFO> Sampled SMILES O=[N+](c1c(SCC)cc2c(cc3c(n4c(=O)c5c(cccc5)c5c4cccc5)c([nH]c3c2)=O)c1)[O-] failed to sanitize.
21:37:49 <INFO> Sampled SMILES c1cccc2nc3c4c(c5c(n3C1)c2ccc5-c1ccc(C#N)cc1F)cccc4 failed to sanitize.
21:37:49 <INFO> Sampled SMILES c1c2c3ccc(N(c4ccc5c(c(c6c(c7sccc7c(c6)C=C(C#N)C#N)s5)CCCCCC)-c5cc6C(CC(CCCC)(c6cc5)CC)(C)C)c4cc3)cc2ccc1N1C2C(CCC2)c2ccccc21 failed to sanitize.
21:37:49 <INFO> Sampled SMILES c1c2sc3c(c2ccc1C=CC)ccc(-c1cc2c4c(cccc4c4c(cc(-c5sc(cc5)C=C(C#N)C(O)=O)cc4)n2)c1)c3 failed to sanitize.
21:37:49 <INFO> Sampled SMILES c1cc(-c2ccc(-c3ccc(cc3)N(c3ccc(-c4cc(c(s4)-c4ccc(C=C(C(O)=O)C#N)c5C(C)(c6ccccc6-c5c4)C)-c4ccccc4)cc3)c3ccccc3)cc2)c2nsnc2c1 failed to sanitize.
21:37:49 <INFO> Sampled SMILES c1cc(C=C(C#N)C(O)=O)ccc1-c1ccc(N(c2cc3C(C)(C)c4c(ccc(c4)-c4sc(cc4)C=C(C(O)=O)C#N)c3-c2c2ccccc2)c2ccc(-c3ccc(cc3)C(=O)O)cc2)cc1 failed to sanitize.
21:37:49 <INFO> Sampled SMILES o1c2cc(ccc2c(c2c(cc(N)cc1)c2-c1ccc(cc1C(O)=O)S([O-])(=O)=O)=O)S(=O)(=O)[O-] failed to sanitize.
21:37:49 <INFO> Sampled SMILES C1(CCc2c3c4c5c6c(ccc4cc2N(c2ccccc2)c2ccccc26)ccc5ccc31)(C)C failed to sanitize.
21:37:49 <INFO> Sampled SMILES O(c1c(F)cc2c(c(c(-c3c(c4cc(ccc4s3)F)OC)c3n(ccc(=O)c3c2)-c2c(F)cccc2)F)c1OC)C failed to sanitize.
21:37:49 <INFO> Sampled SMILES OC(=O)c1c(-c2c3-c(oc4cc(NCC)ccc42)cc(=[NH2+])cc3)cc2ccc(O)cc2o1 failed to sanitize.
21:37:49 <INFO> Sampled SMILES c12ccccc2c2c(cccc2)n1-c1cc(c(c(C=CC=Cc2cc3c(c4ccc(cc4n3CC)C=C(C(O)=O)C#N)cc2)s1)=O)OC failed to sanitize.
21:37:49 <INFO> Sampled SMILES O(C(c1c2n3c(ccc3)nc2c(=NC(C)(C)C)oc1-c1ccccc1)=O)C failed to sanitize.
21:37:49 <INFO> Sampled SMILES c1(-c2ccc(-c3sc(-c4ccc(C=C(C(O)=O)C#N)s4)c(OCCCCCC)c3)c(-c3ccc(OCCCCCC)cc3)s2)ccc(cc1)N(C)C failed to sanitize.
21:37:49 <INFO> Sampled SMILES c1(C)cccc2c1sc1c(-c3[n+](CC)ccnc3)c(OCc3c(cccc3)Cl)c(c2)-c2ccccc21 failed to sanitize.
21:37:49 <INFO> Sampled SMILES c1c(ccc2c1c1=[N+](CCO)CC(C)(n1c2)C)N1C2CCCC2c2cc3c(cc12)C(C)=CC(C)(C)[N+]3=C failed to sanitize.
21:37:49 <INFO> Sampled SMILES CC(c1ccc(cc1)-c1oc(c2c1c1cccc3NC(C)(Oc(c1o3)c2)c1ccccc1)=O)(C)C failed to sanitize.
21:37:49 <INFO> Sampled SMILES c12ccc3c(c2cc(OC)cc1)oc1ncnc1N=3 failed to sanitize.
21:37:49 <INFO> Sampled SMILES C12C(c3c(-c4ccc(cc4)C#N)c(sc3S2)C2=CC(C(c3ccc(s3)C=C(C#N)C(O)=O)=C(C(O)=O)C=2)=O)CCC1 failed to sanitize.
21:37:49 <INFO> Sampled SMILES c1c(-c2cc3c(-c4ccc(cc4C3)CCCCCC)c(C=C(S(=O)(=O)[O-])C)c3C4CCCC4N(c23)CC)ccc(N(c2ccccc2)c2ccccc2)c1 failed to sanitize.
21:37:49 <INFO> Sampled SMILES c1c(C(C)(C)C)ccc2c1c(c(c1n3c(c(-c4ccc(C)cc4)c4c(nc(cc4)C)c4cc(cc(c43)-c3cc(C(F)(F)F)ccc3)C(F)(F)F)nc12)-c1ccc(C(F)(F)F)cc1)C(F) failed to sanitize.
21:37:49 <INFO> Sampled SMILES c1c2nc(n(CCCCCCC)c2ccc1)-c1ccc(-c2[nH]c3c(c4c5c(n(c4c3)CCCCCCCC)ccc(c5)C=C(C(=O)O)C#N)n2)cc1 failed to sanitize.
21:37:49 <INFO> Sampled SMILES CC[N+]1(N=C(C=C2c3cc(cc4OC5(Oc6cc(OC)c(cc6C=C5C=CC42)OC)C)C=3CCC(=O)O)C(=Nc2ccc(cc2)C)N=1)CC failed to sanitize.
21:37:49 <INFO> Sampled SMILES c12ccc(OCC3CCC3)cc1nc1c3c(cc4c(c3)Cc3c-4cccc3)nn1c2=O failed to sanitize.
21:37:49 <INFO> Sampled SMILES c1c(-c2ccc(-c3c4c(n(n3)CCCCCC)nc3c(n4CCCC)nc(CCCCCC)nc3)c3nsnc32)sc(c1)C(=O)O failed to sanitize.
21:37:49 <INFO> Sampled SMILES c1cc(C)ccc1N(c1ccc(-c2sc3c4n(c5ccccc5c4c4sccc34)c2)cc1)c1ccc(C)cc1 failed to sanitize.
21:37:49 <INFO> Sampled SMILES N#Cc1c(cc(c(OCCCC)c1)OCCCC)-c1nnc(-c2ccc(cc2OCCCC)OCCCC)n(CCCC)n1 failed to sanitize.
21:37:49 <INFO> Sampled SMILES c1c(-c2cc3c(c4cccc5n4c(c4ccccc4n53)cc2)cc2ccccc2)cccc1 failed to sanitize.
21:37:49 <INFO> Sampled SMILES c1c2c(ccc3ccc4cccc(cc1)c4c23)OC failed to sanitize.
21:37:49 <INFO> Sampled SMILES N#CC(=Cc1sc(-c2ccc(-c3c4cc(ccc4n(c3)C)c3sc(cc3)-c3ccc(s3)C=C(C#N)C#N)c(F)c2)s1)C(O)=O failed to sanitize.
21:37:49 <INFO> Sampled SMILES C(#N)c1ccc(-c2c3-c(cc(=[N+]4CCCCC4)cc3)c3c(n(C)c4ccccc43)n2)ccc1 failed to sanitize.
21:37:49 <INFO> Sampled SMILES c1cccc(C=Cc2c3cccc4-c5c(Oc(c2)c53)ccc(c4)C=Cc2ccccc2)c1 failed to sanitize.
21:37:49 <INFO> Sampled SMILES c1c(ccc(C2C=C(c3ccc(cc3)C)C=C(c2c2ccc(-c3ccc(-c4cccs4)s3)s2)c2ccc(cc2)C(=O)C)c1)C=C(C(=O)O)C(=O)O failed to sanitize.
21:37:49 <INFO> Sampled SMILES c12ccc3ccc4c(c3c2c2c3ccccc3c3c2c2ccccc2c2c3cccc2)ccc2c4c1c(C(=O)OC)cc2 failed to sanitize.
21:37:49 <INFO> Sampled SMILES c12c3cccc3c3ccccc3c1c(-c1ccc(-c3c4-c5c(cccc5)C(c4ccc3)(CC)CC)cc1)c1ccccc1c2 failed to sanitize.
21:37:49 <INFO> Sampled SMILES c1(c(C)c2cc(cc3CC(n(c3-c2[nH]1)c1ccccc1)-c1ccc2c(c1)cccc2)C#N)C failed to sanitize.
21:37:49 <INFO> Sampled SMILES c1c(ccc(N(c2ccccc2)c2ccccc2)c1)N1c2ccc(cc2Sc2cc(-c3c(-c4ccc(C)cc4)c4c(nc3C(C)(C)C)sc(-c3ccc(cc3)C(=O)O)c4)ccc12)N(c1ccc(C)cc1)c failed to sanitize.
21:37:49 <INFO> Sampled SMILES c1(ccc(cc1)-c1nc2cc3c4cccc5c4c4c(ccc(c4)Oc4ccccc4)c(-c4ccc(C(C)(C)C)cc4)c5cc3c(c2[o+]c1-c1ccccc1)-c1ccccc1)OC failed to sanitize.
21:37:49 <INFO> Sampled SMILES c12oc3c(c4-c(c(C)c(F)c(n4)=[N+](C)CCCC)cc-3c2cc(cc1)N(CC)CC)C failed to sanitize.
21:37:49 <INFO> Sampled SMILES C1N(C(c2c(nc3ccc(cn3c12)Cl)C)=O)Cc1ccc(C#N)cc1 failed to sanitize.
21:37:49 <INFO> Sampled SMILES o1c2c3c4c(ccc31)cc(-c1ccccc1)cc4cc2 failed to sanitize.
21:37:49 <INFO> Sampled SMILES C(c1cc2ccc(c3ccc(n21)c3N)-c1ccc(N)c(N)c1)=Cc1cc(ccc1)C failed to sanitize.
21:37:49 <INFO> Sampled SMILES c1(N(CCC)CCC)ccc2c(oc3c(cc(cc3)N(CC)CC)c2-c2c(ccc3cc(ccc32)N(CCCC)CCCC)O)c1 failed to sanitize.
21:37:49 <INFO> Sampled SMILES C(C)CCCCN1C(c2n(C)c3[n+](c4c2cccc4)c2c(n3C)cccc2)=NC2C(N(C(=C21)C)CCCCCC)=O failed to sanitize.
21:37:49 <INFO> Sampled SMILES c1(CCCN2C(=O)c3c4n(c5cc2ccc5c3)CCc4cc2ccccc2-n2c(c3c4CCCCc4c(n3[nH]2)C(NC)=O)=O)cccc(O)c1 failed to sanitize.
21:37:49 <INFO> Sampled SMILES c1(ccc(cc1)-c1[nH]2ncc(c(c2cc1)=O)N)C failed to sanitize.
21:37:49 <INFO> Sampled SMILES c12cc(C)oc2c2oc(-c3ccc(cc3F)F)c(c(c2c(o1)=O)-c1ccc(OC)cc1)C failed to sanitize.
21:37:49 <INFO> Sampled SMILES c12N3CCCCCN(C(=O)c3c1ccc(C#Cc1c3ccccc3c(-c3ccc4c(C(c5ccccc5-4)(C)C)c3)cc1)c2)CCCC failed to sanitize.
21:37:49 <INFO> Sampled SMILES c12ccc3-c4c(c5oc6c(c(=[N+](CC)CC)ccc6c5cc4)-n4c5ccccc5c5c4ccc(c5)CC)C(c3c1cccc2)(CCC)CC failed to sanitize.
21:37:49 <INFO> Sampled SMILES C(C)OC(=O)c1c(C)n2c3ccc(cc3c(c2c1)C(=O)OCC)-c1ccc(cc1)N(c1ccccc1)c1ccccc1 failed to sanitize.
21:37:49 <INFO> Sampled SMILES c1(N=Nc2ccc(c(c2)C#N)OC)ccc2c3c1cccc3ccc2 failed to sanitize.
21:37:49 <INFO> Sampled SMILES N(c1c2cccc3c4ccc([N+]#[C-])c5c4c(cc(c5-c4c(C(F)(F)F)cccc4C)C(=C(C#Cc4ccccc4)C#C)C#C)cc1=C(C#N)C32)=C(C#CC(C)(C)C)C(C)(C)C failed to sanitize.
21:37:49 <INFO> Sampled SMILES c12c3c(cccn3)c3c4c(c5ccc(c6ccc3c1c(c(-c1cc(cc(C)c1)C(F)(F)F)cc2-c1ccc(F)cc1)-c1ccc(cc1)F)c64)ccc5 failed to sanitize.
21:37:49 <INFO> Sampled SMILES CC(C)(c1cc(cc(C(C)(C)C)c1)-c1c2c3c4C(c5c(cc(cc5)C(C)(C)C)Oc4cc(-c4cc5c6c7cc(ccc7ccc6c6ccc(c64)cc3)Br)cc-5c1)(C)C)cc(C(C)(C)C)c2 failed to sanitize.
21:37:49 <INFO> Sampled SMILES c1ccc2c(c1)sc1C=Cc3c(C(n12)=O)cnc(n3)-c1ccccc1 failed to sanitize.
21:37:49 <INFO> Sampled SMILES N(c1c2ccc3cccc4ccc(c5c3c2c4cc5)c1)(CCCC)CCCC failed to sanitize.
21:37:49 <INFO> Sampled SMILES C(=C1C(N(CC(=O)O)C(S1)=S)=O)c1c2c3c(cc1)cccc3ccc2 failed to sanitize.
21:37:49 <INFO> Sampled SMILES c1cc(ccc1N(C)C)C=CC(=Cc1sc(cc1)-c1ccc2c3c4n(c5ccccc5c4ccc3ccc21)CC(CC)CCCC)CC(CCCC)CC failed to sanitize.
21:37:49 <INFO> Sampled SMILES c1(C(O)=O)cc2c(c(c3n2c2c(cccc2)c3-c2cc(-c3ccc(N(c4ccccc4)c4ccccc4)cc3)ccc2S(O)(=O)=O)-c2ccccc2)cc1 failed to sanitize.
21:37:49 <INFO> Sampled SMILES Brc1c(c(c2c(c3c(c4c5c(cc(Br)c5ccc4)cc3)[nH]2)c1Br)Br)-c1ccc(Br)cc1 failed to sanitize.
21:37:49 <INFO> Sampled SMILES c12c3c(c4c(c5-c([nH]c4cc3)c1C(=CC(OC)=O)CO2)n(CC)c1ccccc15)O failed to sanitize.
21:37:49 <INFO> Sampled SMILES c1(c(cc2c(c3c(c4ncc(-c5ccccc5)c(-c5ccccc5)c4c(-c4ccccc4)c4ccccc43)n2-c2ccccc2)c1)-c1ccccc1)-c1ccccc1 failed to sanitize.
21:37:49 <INFO> Sampled SMILES c1cc(ccc1-c1c2c(sc(c2)-c2ccc(cc2)N(c2ccccc2)c2ccccc2)sc1-c1sc(-c2ccc(C=C(C#N)C(=O)O)s2)c2c1nsn2)OC failed to sanitize.
21:37:49 <INFO> Sampled SMILES c1(ccc2n(-c3ccc(C=C(C(=O)O)C#N)s3)c(c3ccc4c5c(cc1c2c35)ccc4)=O)-c1ccc(C=O)cc1 failed to sanitize.
21:37:49 <INFO> Sampled SMILES c1cc(ccc1C(O)=O)-n1c2-c3ccccc3C(c2c2-c(cc(cc1)=[NH2+])c(c2-c1ccc(cc1)N)-c1ccccc1)=O failed to sanitize.
21:37:49 <INFO> Sampled SMILES c1cc(C)oc1-c1c2ccc3c4c2c(c(c1)OCC(C)C)ccc4oc1c3cccc1 failed to sanitize.
21:37:49 <INFO> Sampled SMILES c1c(=O)c(cc2c3c1OCCCn3c2)OCC failed to sanitize.
21:37:49 <INFO> Sampled SMILES c1c(-c2cc(F)c(F)cc2)n(C)c2c1cc1c(c2)[o+]c(-c2ccc(cc2)F)c1-c1cccc(OC)c1 failed to sanitize.
21:37:49 <INFO> Sampled SMILES c1(-c2c3nc(c(n3c3c2cccc3)-c2c(OC)cc3ccccc3c2)-c2ccc(cc2)C)ccc(C)cc1 failed to sanitize.
21:37:49 <INFO> Sampled SMILES C1(=C(c2ccccc2)[O-])SC2N(C=1C)C1=C(CC(C)(C2)C)C(CCC1)=Cc1ccc(cc1)[N+](=O)[O-] failed to sanitize.
21:37:49 <INFO> Sampled SMILES c1cc2c3c(cc4ccc(cc4c3c1)N(CCCC)CCCC)c1c(NC(C)(C=C(CC)C(=O)OC)c3c-1c1ccccc1cc3)c2 failed to sanitize.
21:37:49 <INFO> Sampled SMILES c1(-c2sc3c(sc(c3-c3c4sc(-c5sc(-c6ccc(cc6)C=C(C(O)=O)C#N)cc5OCC(CCCC)CC)c5c4nsn3)cc5)c2)ccc2-c3c(C(c2c1)(C)C)cccc3 failed to sanitize.
21:37:49 <INFO> Sampled SMILES n1c(-c2cc3c(cc2)c2c(cccc2)n3-c2ccc(C=Cc3ccc(-c4cc(Cn5c6ccccc6nc5-c5ccccc5)cc4)cc3)cc2)sc2c3c(c(sc12)-c1cccs1)-c1c(C3=O)cccc1 failed to sanitize.
21:37:49 <INFO> Sampled SMILES c1c2c([nH]n1)c1nc3c(nc-1c1c(c(ccc1)OCCC)c1c(c(=O)ncc1)cc3)n2CCCC failed to sanitize.
21:37:49 <INFO> Sampled SMILES c1cc2c(cc3c(c2cc1)c1cc(O)ccc1c1c3c2c3c4c(C(c5cc6c(cc-23)c(O)cc2ccccc62)(c54)C)c(c1)O)O failed to sanitize.
21:37:49 <INFO> Sampled SMILES c1cc2c3c4c(cc2)Oc2c(cc(C(C)(C)C)cc2)Oc4ccc3c1 failed to sanitize.
21:37:49 <INFO> Sampled SMILES c12cccc(c1sc(n2)-c1cccc(-c2cc3S(c4sc(-c5ccc(N(c6ccccc6)c6cccc7sc8ccccc8c76)cc5)(c5ccccc5)c4cc3)cc2)c1)-n1c2c(c3ccccc13)cccc2 failed to sanitize.
21:37:49 <INFO> Sampled SMILES c1cc2c(cc1N1CCCCC1)c1nc(-c3cc(c4sc(cc4c3)C=C(C#N)C#N)N(Cc3ccccn3)CCCCCC)n1cc2C#N failed to sanitize.
21:37:49 <INFO> Sampled SMILES c1(N(c2ccc(cc2)C2S(=O)(c3ccc4c(c3C2(C)C)c(C=Cc2ccc3N(C5C(C)(c3c2)CC5)c2ccccc2Sc2ccccc2)cc4)=O)c2ccccc2)ccccc1 failed to sanitize.
21:37:49 <INFO> Sampled SMILES O=c1c2ccc3c(cc(=[NH2+])cc4ccc(c5-c1c-3c52)ccc(O)c-4c1ccc(cc1)S([O-])(=O)=O)=[N+](CC)CC failed to sanitize.
21:37:49 <INFO> Sampled SMILES [O-][n+]1c(-c2c3oc4ccc5c6c4c(c5c(c3c3c(cccc3c2)OC)OC)c(=O)n(C(CCCCOC)C(=O)OC)c6=O)cc(F)cc1F failed to sanitize.
21:37:49 <INFO> Sampled SMILES C(=C1SC(=S)SC1=O)c1cc(c2nsnc2c1)-c1ccccc1[n+]1c2c(cccc2)ccc1=O failed to sanitize.
21:37:49 <INFO> Sampled SMILES c1c(-c2nc3n(CCCC)c(n(C)c(c3n2)=O)=O)cccc1 failed to sanitize.
21:37:49 <INFO> Sampled SMILES c1(-c2ccc(s2)C)c2c3c(ccc2)cccc3c(c1C(C)C)-c1c2c(cccc2)c(c2ccccc21)C=C1C(=O)NC(=O)NC1=O failed to sanitize.
21:37:49 <INFO> Sampled SMILES c1c2n3c(c1C(OC)=O)cc(c(c3ccc2)-c1ccc(OC)cc1)C(=O)O failed to sanitize.
21:37:49 <INFO> Sampled SMILES c12-cccc(cc2)c2cccc3c2n1[n+](c3Cc1ccccc1)Cc1cc(cc(F)c1)F failed to sanitize.
21:37:49 <INFO> Sampled SMILES c12C(C)(C)C3=C([n+]4ccccc4Oc3c1C(C)(C)C)c1cccc3c1N(c1cc(oc1C=C3)-c1ccc(C=C(C#C)C(=O)O)s1)C2=O failed to sanitize.
21:37:49 <INFO> Sampled SMILES c12c3cccc4c3c3c(c2c(ccc1C=C3C=CC(=O)O)ccc4)C=O failed to sanitize.
21:37:49 <INFO> Sampled SMILES CC1(C)c2ccccc2N(CCCC(=O)O)C1=CC=c1c2oc3cc(=O)c-1c-2c(-c1ccccc1Cl)c1cc(c(cc-2cc(cc2c13)F)O)Cl failed to sanitize.
21:37:49 <INFO> Sampled SMILES c12c3cc(ccc3cc3c2c2c4c(cc5c6c(c4cc3)cccc6cc5)Cc2cc1)OC failed to sanitize.
21:37:49 <INFO> Sampled SMILES O1C(c2c(-c3cc(C(C#N)(C)C)cs3)sc(c2C1(C)C)-c1c2ccc(c3ccc4c(c1[o+]c(c4)c32)-c1ccc(cc1)N1CCCCC1)-c1ccccc1)(C)C failed to sanitize.
21:37:49 <INFO> Sampled SMILES O1c2cc(N(CC)CC)ccc2NC(c2c3ccccc3c3n2ccc3)=C1 failed to sanitize.
21:37:49 <INFO> Sampled SMILES c1c(C(C)(C)C)ccc(-c2cc3ccc4cccc5c4c3c(c3cc(-c4ccc(OC)cc4)ccc32)cc5)c1 failed to sanitize.
21:37:49 <INFO> Sampled SMILES c1c2c(ccc1)c(=O)c1c(n(CCCC)c(CCCC)[nH]1)c2=C(C(O)=O)C#N failed to sanitize.
21:37:49 <INFO> Sampled SMILES c12N(c3ccc4c5c(sc4c3N(c3ccc(cc3)C)c1ccc2)cccc5)c1ccc(OCCCCCC)cc1 failed to sanitize.
21:37:49 <INFO> Sampled SMILES N(c1cc2N(c3ccccc3)c3c(Sc2cc1C#Cc1ccc(-n2c4c(c5cc(C(C)(C)C)ccc54)cc(C(C)(C)C)c2)cc1)cccc3)(c1ccccc1)c1ccccc1 failed to sanitize.
21:37:49 <INFO> Sampled SMILES c1(-c2n3c(nc(c3)-c3c(OC)ccc(c3)F)cs2)ccc(Br)cc1 failed to sanitize.
21:37:49 <INFO> Sampled SMILES C(CCCCCCCN1C(=O)C2C3CC(CC3)C2C=1Nc1c(O)cccc1)=Cc1ccccc1 failed to sanitize.
21:37:49 <INFO> Sampled SMILES CCNC(=O)c1ccc(-n2c(c(ncc2)=O)-c2ccc(cc2)F)cc1 failed to sanitize.
21:37:49 <INFO> Sampled SMILES c1cccc2cccc(-c3ccc4N5c6c(cc([N+]([O-])=O)cc6C4(C)C)C(O5)=O)cc3Sc21 failed to sanitize.
21:37:49 <INFO> Sampled SMILES c12ccccc1c1Cc3c-2c2-c4cccc5cccc(c54)c(c32)c1 failed to sanitize.
21:37:49 <INFO> Sampled SMILES c1c2cccc3C(C(=Cc4cc5C6C(C(=O)N(C6=O)CC(CC)CCCC)C(c6ccc5cc4)=C(c4ccc(cc6)OC)c2cc1)C41c2c(cccc2)-c2ccccc12)(C)C(=O)O3 failed to sanitize.
21:37:49 <INFO> Sampled SMILES c1c2c(cc3Cc4c(c5-c6c(cc(C(F)(F)F)cc6)C(C)(c5c4)C)-n3c2ccc1C)C failed to sanitize.
21:37:49 <INFO> Sampled SMILES c1c2ccc3c4c2c(cc1)ccc4c(N(c1ccc(OCCCCCC)cc1)c1ccc(OCCCCCC)cc1)cc3-c1sc(c2c1=C(c1ccc(OCCCCCC)cc1)C=C2C#Cc1ccc(cc1)CCCCCC)OCCCCCC failed to sanitize.
21:37:49 <INFO> Sampled SMILES c12cc3c4c(ccc5cccc(C=c3c2ccc(c1)C=CC1C(=CC(C=Cc2ccccc2)=CC=1)C(=CC)C=Cc1ccccc1)c5cc4)=Cc1ccccc1 failed to sanitize.
21:37:49 <INFO> Sampled SMILES s1c(=C(c2ccccc2)C)c(-c2ccccc2)cc1OC failed to sanitize.
21:37:49 <INFO> Sampled SMILES C(c1cc([nH]c1O)=O)(OC)=O failed to sanitize.
21:37:49 <INFO> Sampled SMILES c12ccccc1c(-c1c(C(OCC)=O)c(-c3ccccc3)c(-c3c4c(ccc3OC)c3CCCOc3c(C)c4OC)c(o1)-c1ccc(OC)cc1)cc(c2OC)C(C)(C)C failed to sanitize.
21:37:49 <INFO> Sampled SMILES c1(O)c2c3N4C(C=CC(c2ccc1)(C)C)C(C4=c1c(c2c(OC(O1)=O)cc(=O)o2)=O)c1c3cc2CCCN3CCCc(c23)c1 failed to sanitize.
21:37:49 <INFO> Sampled SMILES c12ccccc1nc1N(C(CCN(c12)C(C)C)(C)C)c1ccccc1 failed to sanitize.
21:37:49 <INFO> Sampled SMILES C1c2c3c4c5c(c(c(c4nc2ccc1)-c1ccccc1)[O-])cccc5c1c3cc(C)cn1 failed to sanitize.
21:37:49 <INFO> Sampled SMILES c1cc(-c2ccc3OC(Oc3c2)(c2ccccc2)c2ccccc2)cc2c3cc4c5c(cc6ccccc6c5cc4s3)c(nc12)-c1ccc(F)cc1 failed to sanitize.
21:37:49 <INFO> Sampled SMILES c1cc(ccc1-c1ccc2c3c1ccc1c(C)cc(C(C)(C)C)c(c4ccc(c1)c(c2)c43)-c1ccc(cc1)C(F)(F)F)C(C)(C)C failed to sanitize.
21:37:49 <INFO> Sampled SMILES c12nc(-n3c4ccccc4c4c3cccc4)c(n3c4c5ccccc5c5cccc(C1=c4n(c25)c1ccccc1)c3)=O failed to sanitize.
21:37:49 <INFO> Sampled SMILES c12cc(-c3ccc(c3)N(c3ccc(cc3)C)c3ccc(cc3)C)ccc1c1c(n2CCCC)ccc(c1)C=C(c1ccc(cc1)C)c1ccc(cc1)C=C1C(=O)N(C(C(=O)N)C1=O)CCCCCC failed to sanitize.
21:37:49 <INFO> Sampled SMILES c12c3c(nc4cc(c(OC)cc4n3c(=O)c3ccc1c4c3cccc4)OCCBr)ccc2 failed to sanitize.
21:37:49 <INFO> Sampled SMILES c1cc2C3(c4ccccc4[N+](=C3C=C3N(c4ccc5ccccc5c4O3)CCCC)[O-])C(C=Cc2c2cnc(n21)-c1ccc(s1)C1C(C(=O)OCC)=C([N+](=O)[O-])=C([O-])C(=C1)N1CCCCC1)(F)F failed to sanitize.
21:37:49 <INFO> Sampled SMILES c1c2n3c4ccccc4c4c(c3ccc2cc(OC)c1)nc(C#N)c(-c1ccc(OC)cc1)n4 failed to sanitize.
21:37:49 <INFO> Sampled SMILES C(Cc1cc2c(cc1)C(=c1c3c4c(cc1)C(=O)C(=CC4=Nc1c(C3(C)C)cc(-c3cc[n+](Cc4ccc5c(n(c6c5ccc(c5)[N+]([O-])=O)c5c6)CC)ccc4C3=O)cc1)[O-])S2)C(=O)[O-] failed to sanitize.
21:37:49 <INFO> Sampled SMILES C(C)CCCC(C)N1CC(c2nc(-c3cccc4c3oc3c4cc(C)cc3)cc3C(N(C(c4c3c2c1cc4)=O)c1ccc(C)c(c1)C)=O)=O failed to sanitize.
21:37:49 <INFO> Sampled SMILES c1c2c3c(c(-c4ccc(N(c5ccc(-c6ccccc6)s5)c5c6ccccc6ccc5)cc4)cc2)ccc2cccc1c23 failed to sanitize.
21:37:49 <INFO> Sampled SMILES c1c2C=Cc3cc(C=C4C(N(C(S4)=S)CC(=O)O)=O)ccc4c(C(=O)O)c5c(n(c2sc5)c1CCCCCC)c43 failed to sanitize.
21:37:49 <INFO> Sampled SMILES c1(-c2cccs2)c2c(n[nH]1)nc(c(o2)-c1ccc(cc1)C)=O failed to sanitize.
21:37:49 <INFO> Sampled SMILES c1c2c3c(oc2ccc1)c1n(c2c(c4c(cc2)cccc4)c(c1c1c3c(ccc1)-c1ccccc1)-c1ccccc1)-c1ccccc1 failed to sanitize.
21:37:49 <INFO> Sampled SMILES c1(cc(c(-c2n3ncc(-c4ccc(C(=O)OC)cc4)c3nc2-c2ccc(cc2)C2OCCO2)cc1)C(=O)OC)N failed to sanitize.
21:37:49 <INFO> Sampled SMILES C(CCCCCCCOc1ccc(-c2cc(c(s2)-c2sc(-c3c(cc(cc3)-c3nc4c5CCCCc5c(-c5ccccc5)c(-c5ccccc5)n4)s3)-c3ccc(cc3)OCCCCCCCC)nc2)c2c1nsn2)C failed to sanitize.
21:37:49 <INFO> Sampled SMILES c1c2c(ccc(C(C)(C)C)c2)cc1-c1ccc(o1)-c1c2c(nsn2)c(cc1)-c1ccc(cc1)OCC(CCCC)CC failed to sanitize.
21:37:49 <INFO> Sampled SMILES Cc1c2cc(CC(=O)OCC)cc3c2n(c1)C(c1c2c(c4C(=O)N(CCOC)C(c4c-23)=O)c(c(c1Br)C(C)=O)N)=O failed to sanitize.
21:37:49 <INFO> Sampled SMILES c12c3ccccc3c3c4c(c5c6sc(CC(CC(C)(C)C)(C)C)cc6sc(c5)c4c1cc(s2)C(C)(C)C)sc(C=C(C#N)C(=O)O)c3 failed to sanitize.
21:37:49 <INFO> Sampled SMILES c1cccc2c3c4c(c(-c5c6cc7c(cc8ccccc8c7)ccc6c5)ccc14)ccc3c(N(c1ccc(C)cc1)c1ccc(CCCCCC)cc1)cc2 failed to sanitize.
21:37:49 <INFO> Sampled SMILES c1(=O)c2c3c(c([nH]c2c(cc1)N1C[C@H](C)N(C(C)C1)C)=O)oc(c(C#N)c3C)=O failed to sanitize.
21:37:49 <INFO> Sampled SMILES c1cc(OC)ccc1N(c1ccc(-c2ccc(=C(C#N)C(O)=O)cc2)cc1)c1ccc(cc1)OC failed to sanitize.
21:37:49 <INFO> Sampled SMILES c1cc(ccc1)N(c1ccc(-c2ccc(-n3c4ccccc4c4ccccc43)cc2-c2nn3c(-c4cccc(c4)C)nc(c3c2C)C)cc1)c1ccccc1 failed to sanitize.
21:37:49 <INFO> Sampled SMILES c1(N=Cc2cc3c(N(CC)C4COC(C4)(C)C)ccc3oc2=O)ccc(C)cc1OCCOCCOCCOC failed to sanitize.
21:37:49 <INFO> Sampled SMILES CC1(C)C(C=CC=CCCCC(O)=O)=CC=C2C(C)(C)c3cc(S(=O)([O-])=O)ccc3[N+](Cl)(C=12)C failed to sanitize.
21:37:49 <INFO> Sampled SMILES C1C(OCC)C(=CC=1n1c(c2cc3c4c(n(CCCC)c-3c2c1)ccc(c4)OC)=O)C#N failed to sanitize.
21:37:49 <INFO> Sampled SMILES C1(C2C(CC(c3cc(OC)c(cc3)OC)CC=2Nc2c(ccc(c2)C(OC)=O)C=1C#N)c1ccc(cc1)[N+](=O)[O-])=O failed to sanitize.
21:37:49 <INFO> Sampled SMILES C(CCCCCC)c1oc2cccc3c2c1ccc3 failed to sanitize.
21:37:50 <INFO> Sampled SMILES c12sc3c4cc(cc5c4nc4c(c5[nH]c(c(cc1)c4)-c1ccccc1)c(c(c3=O)-c1ccc(N(c3ccccc3)c3ccccc3)cc1)-c1ccco1)s2 failed to sanitize.
21:37:50 <INFO> Sampled SMILES c12c(cccc2)oc2ccc(cc21)-c1nc(-c2ccc(-c3cc4c5c6n(c7ccccc7c6ccc5cc4)C4CCCC4)ccc3cc2)nc(n1)-c1ccccc1 failed to sanitize.
21:37:50 <INFO> Sampled SMILES c12c(c3ncccc3c3=C(c4ccc(cc4)OC)C=Cc32)cccc1 failed to sanitize.
21:37:50 <INFO> Sampled SMILES C(#Cc1ccc(C#Cc2nc3n(c4ccccc4nc23)-c2ccc(OCCCCCC)cc2)cc1)CCCCCC failed to sanitize.
21:37:50 <INFO> Sampled SMILES O=c1c2c3c4c5c(c(c3ccc2ccc1)c(cc5Oc1ccc(cc1)C)=O)cccc4 failed to sanitize.
21:37:50 <INFO> Sampled SMILES C1CCc2c(-c3cc4c5c3cccc5ccc4)c3cccc4C=Cc(c(c2)cc4)c31 failed to sanitize.
21:37:50 <INFO> Sampled SMILES O=c1/c(cc2=c1cccc2)=C(/C(O)=O)C(c1c(c(c(c(F)c1F)F)F)F)=O failed to sanitize.
21:37:50 <INFO> Sampled SMILES C(CCCCC)c1ccc(cc1)-c1c2-c(cc(C(CC)(C)C)cc2)oc(C)c1=[NH2+] failed to sanitize.
21:37:50 <INFO> Sampled SMILES C(C1C(C(OC)=C(c2cc(ccc2)C(F)=O)[n+]2cc(C)ccc2=1)CNC(=O)OC(C)(C)C)#N failed to sanitize.
21:37:50 <INFO> Sampled SMILES O1c2c(c(c3c(c2CCC1)C1c2cc(c(OC)cc2C=CN1C(=O)OCC)C=3)C)C failed to sanitize.
21:37:50 <INFO> Sampled SMILES c1cc2C(NC(=O)c3c2c2cc(C(N)=O)ccc2n(CCC(C)C)c3c1)=O failed to sanitize.
21:37:50 <INFO> Sampled SMILES c1cc2c(cc1)oc1c(-c3ccc([N+]([O-])=O)cc3)c(c(c3c4cc5c(cc4oc3-c3ccc(cc3)[O-])cc-5c12)OC)-c1c(cc(cc1C)C)C failed to sanitize.
21:37:50 <INFO> Sampled SMILES c1cc(-c2cc(C)c3c(cc(-c4ccc(Cl)cc4)c4c3n2CC(CC4)CCCCC)N(CCCC)CCCC)ccc1-c1ccc(OC)cc1 failed to sanitize.
21:37:50 <INFO> Sampled SMILES c1c2c(-c3ccc(OC)cc3)oc(C=Cc3ccc(OC)cc3)nc2ccc1 failed to sanitize.
21:37:50 <INFO> Sampled SMILES c1cc(cc2c(C(=O)C)c3n(c12)c1c(c3)cccc1)F failed to sanitize.
21:37:50 <INFO> Sampled SMILES c1cc2c(N(CCCC)c3c(cc4c5c3C(C)(C5=C(S4)CCCCCCCCCCCC)C=CC(C([O-])=O)(C)C)=C2C)cc1 failed to sanitize.
21:37:50 <INFO> Sampled SMILES c1cc2c(cc1)oc1cc3n(-c4cc(-c5ccc6n(c7c(c8ccccc8c7c7c6cccc7)=O)cc5)c5c4cccc5)ccc3c21 failed to sanitize.
21:37:50 <INFO> Sampled SMILES N(c1c2cccc3c2c(c(c1)NCC)ccc3NCC)(CC)CC failed to sanitize.
21:37:50 <INFO> Sampled SMILES c1cccc(C2(CCCCCC)C=Cc3c2cc(cc3)Oc2ccc3c4c5c(cccc52)ccc2c4c3ccc2)c1 failed to sanitize.
21:37:50 <INFO> Sampled SMILES c1c2c(cc3ccc4c5c3c2ccc5ccc4)cc1 failed to sanitize.
21:37:50 <INFO> Sampled SMILES c1ccc2c3c4c5c(c5ccc3)ccc3c4c(c(-c4ccc(cc4)OC)c4c5cc(OC)ccc5nc3cc4)c2c1 failed to sanitize.
21:37:50 <INFO> Sampled SMILES O=C(C)C1(C)CCc2c3c(cc(OCC(OC)=O)cc3)oc2C(C)(C)C=1C#Cc1ccc(-c2ccc(C(=O)C)cc2)cc1 failed to sanitize.
21:37:50 <INFO> Sampled SMILES c1c2c3c([n+](ccc3c(c1)C)C)ccc2 failed to sanitize.
21:37:50 <INFO> Sampled SMILES c12cc3cc4c(oc5c4n(c(c5C)C)CC(CCCC)CC)cc3c(c2c2c3c(c(cc2c(C#N)c1C#CC(CCCCCC)CCCCCCC)C=C(C#N)C(=O)O)c1n(c3=O)CC(CCCCCCCC)CC1)=O failed to sanitize.
21:37:50 <INFO> Sampled SMILES n1(C)c(nc(-c2c3ccc(cc3oc3cc(=[NH2+])ccc-3c2-c2cc(c(O)c(C)c2)C)-c2cc(cc(c2)O)O)c2c1cc(N)cc2)=[NH2+] failed to sanitize.
21:37:50 <INFO> Sampled SMILES c1cc2-c3ccc(cc3CCc2cc1-c1sc(-c2sc3cc(sc3n2)CCCCCC)s1)C=C(C#N)C#N failed to sanitize.
21:37:50 <INFO> Sampled SMILES C(c1c2c3c(c4c(c2OC)cccc4)nc(C=Cc2ccc(OC)cc2)n3c(c1)-c1ccccc1)=C(C(=O)O)C#N failed to sanitize.
21:37:50 <INFO> Sampled SMILES c12c3C4c5ccccc5C(c1ccc3)=Cc1ccc(-c3cscc3)cc1c42 failed to sanitize.
21:37:50 <INFO> Sampled SMILES c1c2c(ccc1)oc1cc(ccc-21)=Nc1ccc([N+]2(c3ccccc3C=O)c3cc4c(cc3N2C)cccc4)cc1 failed to sanitize.
21:37:50 <INFO> Sampled SMILES n1c2c3n(c1NCCN1CCCS1(=O)=O)cccc3c(-c1ccccc1)cc2 failed to sanitize.
21:37:50 <INFO> Sampled SMILES CCCCCC[N+]1=c2cc3c(cc2CCC1)N1c2c(C=C1C=C3)ccc(C(O)=O)c2 failed to sanitize.
21:37:50 <INFO> Sampled SMILES C(Cc1c2c(cc(C(C)(C)C)cc2)oc2cc(N(CC)CC)ccc-21)=C(C#N)C(O)=O failed to sanitize.
21:37:50 <INFO> Sampled SMILES Cn1c(c2c(c1O)cc(c(c2O)-c1ccc(cc1)OC)O)=O failed to sanitize.
21:37:50 <INFO> Sampled SMILES c12c(c3-c(cc(=[N+](C)C)cc3)[o+]1C)cccc2C failed to sanitize.
21:37:50 <INFO> Sampled SMILES c1(-c2c3C(c4c(-c3nc3cc(OC)c(OC)cc32)ccc4-c2cc(c(cc2)OC)OC)=O)ccno1 failed to sanitize.
21:37:50 <INFO> Sampled SMILES c1c2c(cc3c(c4c5c(ccc(c5)Cl)oc4c3)c2)ccc1 failed to sanitize.
21:37:50 <INFO> Sampled SMILES O=C(c1cc2c(n(C(C)C(O)=O)c(=O)c(c3c2cccc3)C=Nc2ccc(N(c3ccccc3)c3ccccc3)cc2)cc1N(C)C)NCCCC failed to sanitize.
21:37:50 <INFO> Sampled SMILES C(CCCCN1c2c(Sc3c1cc(C=Cc1n(c1=O)-c1ccccc1)ccc3)cccc2)CCCC failed to sanitize.
21:37:50 <INFO> Sampled SMILES c1(ccccc1)N(c1c2cccc3C(c4ccccc4-n(c3-c2cc(CO)c1)c1ccccc1)=O)c1ccccc1 failed to sanitize.
21:37:50 <INFO> Sampled SMILES c1cc2c(-c3c4c-2ccc2c4c(c4c(C(=O)NC4=O)c23)C(N(CCCC)CCCC)=O)cc1 failed to sanitize.
21:37:50 <INFO> Sampled SMILES c12c3cccc2C(=O)N(CCCCCC)C(c2c1c(c1c4c5c(c(c(Cl)c6c4c2c(cc6)cc5cc1)C(=O)C(C)(C)C)Cl)cc3)=O failed to sanitize.
21:37:50 <INFO> Sampled SMILES c1cc(-c2cc(C(=O)OCC)c3c(sc(c3=O)NC(C)(C)C)s2)ncc1 failed to sanitize.
21:37:50 <INFO> Sampled SMILES CCCCCCCCc1ccc2c(c1)n(c1cc(ccc-21)=C(C#N)C#N)-c1ccc(C=C2C(=O)N(CC(CO)O)C(=S)S2)cc1 failed to sanitize.
21:37:50 <INFO> Sampled SMILES C(CCCC)n1c2c(c3c1c1c4cc(ccc4n1CCCC)C=C(C#N)C(=O)O)cccc3ccc2 failed to sanitize.
21:37:50 <INFO> Sampled SMILES o1c2cc(C)c(c3oc(cc(cc1-c1ccc(cc1)Cl)cc2C(OCC)=O)=NCCOC(CCCN(c1ccc(cc1)[N+]([O-])=O)C)=O)cc3 failed to sanitize.
21:37:50 <INFO> Sampled SMILES c1cc2c(c(c1)C#N)-c1c(oc3-c(cc(=[NH2+])cc3)c2-c2ccc(cc2)C(=O)[O-])cc1 failed to sanitize.
21:37:50 <INFO> Sampled SMILES C(c1c2cc(OC)c(cc2oc2cc(ccc21)OC)OC)=O failed to sanitize.
21:37:50 <INFO> Sampled SMILES C(c1c2c[nH]c3cccc(OCC)c32)c2c1cc(OC)cc2 failed to sanitize.
21:37:50 <INFO> Sampled SMILES C(OC)c1c2c(c(cc3c(c4c(c(=O)o3)cc3cccc[n+]3c4)o2)=O)cc2c1C(=O)c1c3c(c(OC)cc-21)c(cc(c3)N(CC)CC)OCC failed to sanitize.
21:37:50 <INFO> Sampled SMILES c1ccc2C(=O)N(C(c3cccc1n23)=O)Cc1cccc(OC)c1OC failed to sanitize.
21:37:50 <INFO> Sampled SMILES c1c2c(ccc1)c([s+][n-]1-c3c(nccc3)-c1n2)O failed to sanitize.
21:37:50 <INFO> Sampled SMILES c1c2n(-c3ccc(C)cc3)c3ccccc3c(-c3ccc(-c4ccc(cc4)N(c4ccccc4)c4ccccc4)cc3)c2ccc1 failed to sanitize.
21:37:50 <INFO> Sampled SMILES o1c2cc(N(CC)CC)ccc2c(c2-c(cc(=[NH2+])cc2)c1-c1ccc(F)cc1)-c1ccc(cc1)Cl failed to sanitize.
21:37:50 <INFO> Sampled SMILES c1cccc2nc3cc(c(CC(=O)OC)cc3[nH]c21)F failed to sanitize.
21:37:50 <INFO> Sampled SMILES Cc1ccc(cc1)-c1cc2c(c3ccc(C#N)cc31)n[nH]2 failed to sanitize.
21:37:50 <INFO> Sampled SMILES c12c(cc3c4c(c5cc6c(cc4nc3c2)OCc6ccc5)C)cccc1 failed to sanitize.
21:37:50 <INFO> Sampled SMILES c12c3[n+]4c5cc(OC)ccc5c(-c5cc(OC)c(OC)cc5)c5c(Oc4c(c(c3-c1cc(cc2)OC)OC)cccc5)cccc#C failed to sanitize.
21:37:50 <INFO> Sampled SMILES c1cc(ccc1)N(c1cc2c(C3C4=C(c5c(cccc5)C3(C)C2(C)C2C(C)(C)C(C=42)=O)C2C(C(=CC=C2)[N+](=O)[O-])=[N+]([O-])[O-])cc1)c1ccccc1 failed to sanitize.
21:37:50 <INFO> Sampled SMILES O=c1c(/C=C2/C=Nc3ccccc32)[nH]c2ccccc21 failed to sanitize.
21:37:50 <INFO> Sampled SMILES c12ccc(c-2c(-c2ccccc2C(O)=O)cc(C#N)c2c1cc1c(n(c3cc(c(cc31)N(CCCC)CCCC)F)CCCC)c2)=[NH2+] failed to sanitize.
21:37:50 <INFO> Sampled SMILES s1c(=Cc2ccc(cc2)N(CCO)C)c(=O)n2c1c(C)ccc2 failed to sanitize.
21:37:50 <INFO> Sampled SMILES c1c2c3c4c(c5c2c(cc1)n1c2ccccc2c2cccc2c5c1)c(cc(C)c4ccc3)-c1ccccc1 failed to sanitize.
21:37:50 <INFO> Sampled SMILES c12cccc3c1n(CCCCOc1ccc4C(CCOc4c1)OC(=O)c1ccc(cc1)NC(c1cc(C)nc1C)=O)c(oc3c2)=C failed to sanitize.
21:37:50 <INFO> Sampled SMILES c1(-c2c3ccccc3c(-c3ccc4ccccc4c3)c3C4C(c5cccc2o4)c2cc(-c4ccc(C)cc4)cc[n+]25)cc(C)c(C)s3c(c1)-c1ccc(cc1)N(c1ccccc1)c1ccccc1 failed to sanitize.
21:38:06 <INFO> Sampled SMILES c1(cccc(c1-c1c2-c(oc3cc(ccc31)N(C)C)cc([O-])c(c2)C(NCCCCCC(=O)O)=O)F)F failed to sanitize.
21:38:06 <INFO> Sampled SMILES c1cc(C(O)=O)ccc1-c1c2c3c(c(cc2C(c2c-3c(c1)C(=O)O)nc1c2cccc1)=O)N failed to sanitize.
21:38:06 <INFO> Sampled SMILES c1c2c(OC(c3oc4c(c3-c3cc(c(c(c3)OC)OC)OC)cccc4)=CC(=C(c3ccc(cc3)OC)c3ccc(cc3)OC)c3ccc(cc3)OC)oc(c2)cc1OC failed to sanitize.
21:38:06 <INFO> Sampled SMILES c12cccc3c(ccc(c13)c(c(C#N)c2)C(O)=O)C(O)=O failed to sanitize.
21:38:06 <INFO> Sampled SMILES c1c(N(c2ccccc2)c2ccccc2)cc2c(n(c3c2nc2c4c(cccc4)n2c3-c2ccc(s2)-c2c(CCCCCC)cc(s2)C=C(c2ccc(C=C(C(=O)O)C#N)s2)CCCCCCC)CCCCCC)c1 failed to sanitize.
21:38:06 <INFO> Sampled SMILES n1c2c(ccc3c2ccc2c3n(CCCCCC)c(-c3cc4c5c6c(ccs6)ccc5c5cccc(c35)c(OCCCCCCCC)c4)c2cc1)N(c1ccccc1)c1ccccc1 failed to sanitize.
21:38:06 <INFO> Sampled SMILES c12n(c(c(CC)c(C)n2)=O)nc(-c2ncccc2)c1 failed to sanitize.
21:38:06 <INFO> Sampled SMILES c1ccccc1N(c1ccc(C=Cc2ccc(cc2)N(c2ccc(C=C3C(N(C(=S)NC3=O)C)=O)cc2)c2ccc3c(C4CCCC4N3c3ccc(cc3)C=C3C(=O)N(C(S3)=S)CC(O)=O)c2)cc1)c failed to sanitize.
21:38:06 <INFO> Sampled SMILES c1c(c(=O)c(=O)c1-c1ccc(N(C)C)cc1)C failed to sanitize.
21:38:06 <INFO> Sampled SMILES c1c2c(ccc1)c(-c1ccc(-c3ccc(s3)C=C(C#N)C(O)=O)cc1)c1-c(oc3cc(ccc3c1-2)O)-c1ccc(OCCCCCC)cc1 failed to sanitize.
21:38:06 <INFO> Sampled SMILES C(#N)C(C#N)=c1sc(sc1=c1sc(c(=Cc2ccc(N(c3ccccc3)c3ccccc3)s2)c1Oc1ccccc1)-c1ccc(N2C(c3cc(OC)ccc3C2=C(C#N)C(=O)O)=C(C#N)C#N)s1)=O failed to sanitize.
21:38:06 <INFO> Sampled SMILES c12c(=O)n(c(nc-2n(CCC)c(=O)[nH]c1=O)=O)C failed to sanitize.
21:38:06 <INFO> Sampled SMILES [n+]1(c(C=C2Sc3ccccc3S2)c2CCc3cc(ccc3-c2c1-c1ccc(cc1)-n1c2ccc(cc2c2ccccc12)OC)OC)-c1ccccc1 failed to sanitize.
21:38:06 <INFO> Sampled SMILES c1cc2c(cc1)oc(=O)c1C=CC3=CC4(CCCC(C4=O)(C)C)c1c23 failed to sanitize.
21:38:06 <INFO> Sampled SMILES c1(c2n(c3c(ccc(N(CC)CC)c3)c2)c(c1-c1ccc(cc1)N(C)C)-c1ccc(N(C)C)cc1)C(=O)C failed to sanitize.
21:38:06 <INFO> Sampled SMILES N(c1ccc2c3c1CC1C4(n5c-3c(c3c5cccc3)C31C(C(=O)N(CCCCCC(=O)O)C3=O)=C(C=CC(=C4)C#N)C)C(OC)=O)ccc2 failed to sanitize.
21:38:06 <INFO> Sampled SMILES c1c(ccc(c1)Cl)N(c1ccc(cc1)C#Cc1cc2Sc3c(ccc(c3)C#Cc3cc4ccc(N(CC)CC)cc4nc3)nc2cc1)c1ccc(cc1)OC failed to sanitize.
21:38:06 <INFO> Sampled SMILES c1c(cccc1)N(c1cc2c(c(C#Cc3ccc(N(c4ccccc4)c4ccccc4)cc3)c3nsnc23)cc1)c1ccccc1 failed to sanitize.
21:38:06 <INFO> Sampled SMILES c1c(Cl)ccc(c1)-c1c2ccc(c3C(=CC(C)(C)n(c4c3c2c2c(c4Cl)n(nc(-c3ccccc3)c12)-c1ccccc1)C)CC)Cl failed to sanitize.
21:38:06 <INFO> Sampled SMILES c1ccc2c(c1)C=C(c1cc3c(nc4[nH]c(-c5ccccc5)nc4n3)c(oc1-c1cccc(c1)OC)=O)CO2 failed to sanitize.
21:38:06 <INFO> Sampled SMILES C(CCC(=O)NC(CCCCCN1c2c(cc3c4c(C(C)(c5ccccc5-4)C)c(=O)n(CCCCCCCC)c3c2)C(C)(C)C1)=c1c2nc(-c3ccccc3)c(-c3ccccc3)nc2[nH]c1-c1ccccc1)CC failed to sanitize.
21:38:06 <INFO> Sampled SMILES c12c(cccc1)n(C)c1-c(s2)c(-c2nn(Cc3ccccc3)nn2)c2c1cccc2 failed to sanitize.
21:38:06 <INFO> Sampled SMILES c1c(C(C)C)cc2c(oc(-c3ccc(C(OC)=O)cc3)c3CCCCc32)c1 failed to sanitize.
21:38:06 <INFO> Sampled SMILES c12n(CCCCCC)c3c(c2sc(c1)-c1cc2c4c(C(c5ccc(cc5)OCCCCCC)(c5ccc(OCCCCCC)cc5)O2)c4cc(-c2ccc4Sc5c(cccc5)Sc4c2)c1)ccc3 failed to sanitize.
21:38:06 <INFO> Sampled SMILES C(N1Cc2cc(Br)c(c3OC1=C(C2=O)C(C3)=O)OC)C1OCCC1 failed to sanitize.
21:38:06 <INFO> Sampled SMILES c12c(ccc3c(-c4ccc(cc4)C(C)(C)C)c4-c(cc(=[NH2+])cc4)oc13)nc1ccc(cc1o2)F failed to sanitize.
21:38:06 <INFO> Sampled SMILES C1(C(C=C(C(=O)O)C=C2C3C(C4(C)C(=CC5=CC(C)(CC(C)=C54)C)C3(C)C)CCC(Br)C=2)=O)CCCC=1 failed to sanitize.
21:38:06 <INFO> Sampled SMILES c1(N(c2ccccc2)c2ccc(C=Cc3ccc(C=C4C(c5cc(C=Cc6cc7n(c8ccccc8c7c6)CCCC)ccc5)=c5c(=C4O)cccc5)cc3)cc2)ccccc1 failed to sanitize.
21:38:06 <INFO> Sampled SMILES c1cc2cccc3ccc4c5c(c(ccc5c21)cc4)c(n3)-c1ccccc1 failed to sanitize.
21:38:06 <INFO> Sampled SMILES c1c2c3c(cccc3cc1)c1c3c4c(c5c(noc5c(c32)c1=O)=O)cccc4 failed to sanitize.
21:38:06 <INFO> Sampled SMILES c1c(cccc1)N(c1ccccc1)c1ccc(cc1)-c1c2c(OCCO2)c(s1)C=C(C(O)=O)C#Cc1c2c(nsn2)c(c2c1nn(n2)CCCCCCCC)-c1ccc(s1)C=C(C(O)=O)C#N failed to sanitize.
21:38:06 <INFO> Sampled SMILES c1ccc2c(c1-c1c(C(OCC)=O)c(oc3cc(=O)c(cc1-3)-c1ccc(cc1)C(C)(C)C)=O)nccc2 failed to sanitize.
21:38:06 <INFO> Sampled SMILES S(=O)(C1CCCCC1)=CC=C1C(CCCCCCCC)(CCCCCCCC)c2sc(-c3c4c(cccc4c(C#Cc4cccs4)c4c3nn(CCCCCCCC)n4)cc3CCCCCc3c2)C1=O failed to sanitize.
21:38:06 <INFO> Sampled SMILES c1ccc2c(c1)cc(c1c2c2c3c(ccc2cc1)ccc3)C failed to sanitize.
21:38:06 <INFO> Sampled SMILES c1cccc(C2=c3c(c4ccc5=[N+](CCCc5c4=O)CC3)-c3ccc(cc3C2=O)N(C)C)c1 failed to sanitize.
21:38:06 <INFO> Sampled SMILES C(C(=O)c1c2c(c(N)c(c3c4c5c(cccc5c(=O)c24)ccc3)cc1)OCC(CCCC)CC)C(=O)O failed to sanitize.
21:38:06 <INFO> Sampled SMILES c1(C#N)ccc(-c2ccc3N(c4c5SC6(CC(CC(C)c6c4s3)c2cc1)c1c5cccc1)c1cc2C(CC(C)(c2cc1)C)(C)C)CCCCCCCC failed to sanitize.
21:38:06 <INFO> Sampled SMILES c12cc(-c3c(-c4ccc(C(O)=O)cc4)c4c5c6c(cc4)c4cc(C(C)(C)C)ccc4c6cc3C5=O)ccc2c2cc(ccc2c2ccc(cc12)C(C)(C)C)C(C)(C)C failed to sanitize.
21:38:06 <INFO> Sampled SMILES N(CC1(CC)CCCC1)c1ccc2c(c1)oc1cc(ccc1-2)=[NH2+] failed to sanitize.
21:38:06 <INFO> Sampled SMILES n1c(c(N)c(n1C)=O)C(=O)c1ccccc1 failed to sanitize.
21:38:06 <INFO> Sampled SMILES s1nc(-c2ccc3ccccc3c2)c2n1n(-c1ccccc1)c1c2ccc(-c2c3ccccc3ccc2)c1 failed to sanitize.
21:38:06 <INFO> Sampled SMILES N12c3c(cc4c(c3)n(CC)c3c4scc3)n(CCCCC)c1cccc2 failed to sanitize.
21:38:06 <INFO> Sampled SMILES c1(C=Cc2cc3c4nc5c(n4c4ccc(cc4c2cc(C)c3)OC)cc(N(c2ccc(OC)cc2)c2ccc(cc2)OC)cc5)ccc(cc1)OC failed to sanitize.
21:38:06 <INFO> Sampled SMILES c1nc(ccc1)-c1cc(cc2c1nc(-c1ccc(-c3nnc4c5c(cccc5)c5c(cccc5)c4n3-c3ccccc3)cc1)n2CCCCCCCC)-c1cccc(-c2ccccc2O)c1 failed to sanitize.
21:38:06 <INFO> Sampled SMILES c1(-c2ccc(-c3sc(Cc4ccc(cc4)-c4cc5CC(CCCCCCCC)c5cc5c4cc(s5)-c4ccc(C=C(C(=O)O)C#N)s4)cc3)cc2)sc(cc1)-c1ccc(s1)-c1ccc(s1)C=C(C#N)C failed to sanitize.
21:38:06 <INFO> Sampled SMILES c12c(c(n(c1-c1ccc(F)cc1)C)=N)cccc2 failed to sanitize.
21:38:06 <INFO> Sampled SMILES C(#N)c1c(=O)n(c(=O)cc1C#N)C failed to sanitize.
21:38:06 <INFO> Sampled SMILES c1ccc2c(c(ccc2c1C(OC)=O)C=O)-c1cc2C=Cc3ccc(-c4cn(c(c5C(=O)NCc5c4)=O)-c4ccccc4)cc3C(=O)c2cc1 failed to sanitize.
21:38:06 <INFO> Sampled SMILES C(=C(C#N)C(O)=O)c1ccc(-c2c(cc3c(=O)c4C(C)(C)CCN(C)c4cc-3n2)OC)cc1 failed to sanitize.
21:38:06 <INFO> Sampled SMILES c1c(ccc(c1)C1CC2Oc3c(cccc3)N=2C(c2ccc(O)cc2)=C1)Cl failed to sanitize.
21:38:06 <INFO> Sampled SMILES N(CC)(c1cccc2c1c1cc3c(oc4cc(=[N+]5CCN(CC5)C(=O)OC(C)(C)C)ccc-34)cc1o2)CC failed to sanitize.
21:38:06 <INFO> Sampled SMILES c1cc2-c(cc1)c2-c1c2c(ccc1)cccc2 failed to sanitize.
21:38:06 <INFO> Sampled SMILES c1cc(N2c3c(CC2)cccc3)cc2c1c1cc(c(OC)cc-1o2)=[NH2+] failed to sanitize.
21:38:06 <INFO> Sampled SMILES C(CN(c1ncnc2c1c1c3c(c2)c(c4-c(c1-c1ccccc1)cccc4oc3-c1ccccc1)-c1ccc([N+](=O)[O-])cc1)CC(C)C)(C)C failed to sanitize.
21:38:06 <INFO> Sampled SMILES O(C)c1cc2cc3c(c4cc(c(OC)cc4c2cc1)OC)oc(c1ccc(cc13)OC)=O failed to sanitize.
21:38:06 <INFO> Sampled SMILES c1(-c2ccccc2)c2c3c4c(cc(C)c3c1)c(cc(c4c1c(c3ccccc3)c3c(c1n2)cccc3)-c1ccccc1)-c1ccccc1 failed to sanitize.
21:38:06 <INFO> Sampled SMILES CCCCCCCCN1c2c(cc(C=CC(=O)O)cc2)S(C=1CCCCCCCC)(=O)=O failed to sanitize.
21:38:06 <INFO> Sampled SMILES c1(N(CC)CC)cc2c(c(-c3c(cc([N+](=O)[O-])cc3)[N+](=O)[O-])[o+]c3-c(c2-c2ccccc2C(=O)O)cc(c(Cl)c3)Cl)cc1 failed to sanitize.
21:38:06 <INFO> Sampled SMILES C(CCCN1C(c2c3c(C1=O)ccc(c3ccc2)C#N)=O)CCCN1c2c(Sc3c1ccc(c3)-c1ccc(c(C=O)c1)C=O)cc(C=O)c2 failed to sanitize.
21:38:06 <INFO> Sampled SMILES O=c1n2n(c(NC=O)c(c2)-c2ccccc2)c2c1cc(cc2)N(C)C failed to sanitize.
21:38:06 <INFO> Sampled SMILES C(C(=O)O)(C#N)=c1sc(c(c1=Cc1sc(N(c2ccccc2)c2ccccc2)s1)-c1ccc(cc1)N1c2ccccc2Sc2ccccc12)c1scc(n1)CC(O)=O failed to sanitize.
21:38:06 <INFO> Sampled SMILES c12c(cccc1)nc1c3c4c(nc(cc4cc1)C(=O)O)cc(c3c2)[N+](=O)[O-] failed to sanitize.
21:38:06 <INFO> Sampled SMILES c12ccc3cccc4ccc(c(C2=O)c1)c3c4 failed to sanitize.
21:38:06 <INFO> Sampled SMILES O=C(O)C(C#N)=Cc1c(CCCCCC)cc(-c2c3ccc4cc5C(CCC(C)(c5cc4c3s2)C)(C)C)s1 failed to sanitize.
21:38:06 <INFO> Sampled SMILES c12C=C3NC(=O)C4N(C(=O)c5cc(=O)c-2c(c5=C(C(c1c43)=O)Br)C(OC)=O)Br failed to sanitize.
21:38:06 <INFO> Sampled SMILES n1c2ccc3c(cccc3)c2n2c1c(c1ncn(c(=O)c21)C)C failed to sanitize.
21:38:06 <INFO> Sampled SMILES C1N(CCCC1)c1c2c3c(ccc2)[o+]c(cc3C(CC)C1)CC(C)C failed to sanitize.
21:38:06 <INFO> Sampled SMILES c1cc(-n2[n+](-c3ccccc3)c(c(-c3cccc(c3)O)n2)C=CC=c2c(=O)oc3c4ccccc4oc(=O)c3c2)c(C(=O)O)cc1 failed to sanitize.
21:38:06 <INFO> Sampled SMILES C(C(C(=O)O)=Cc1sc(-c2ccc(-c3ccc(c4n3c3ccccc3n4)C=C(C(=O)O)C#N)cc2)s1)(O)=O failed to sanitize.
21:38:06 <INFO> Sampled SMILES C1CCCCC1N1c2c(C3N(C4c5ccccc5SC4=1)c1c(c4[nH]c5ccccc5c4ccc1)OC(C3)(C)C)cccc2 failed to sanitize.
21:38:06 <INFO> Sampled SMILES n1(CC#C)c2c(c(N3CCCCC3)c3cc4=[N+](CCC5)c(c(ccc5)c5c4ccc3)c5-c2=O)c2c1cccc2 failed to sanitize.
21:38:06 <INFO> Sampled SMILES [N+](c1c(cccc1)OCCCN1C(=C2C(=O)c3c(OC2(C=1)C(OCC)=O)cccc3)c1ccccc1)([O-])=O failed to sanitize.
21:38:06 <INFO> Sampled SMILES C1C=CC(=C=[N+]=C2SC(=C3SC(SCCCCCC)=C(S3)SCCCCCC)SC=2)SC=1SCCCCCC failed to sanitize.
21:38:06 <INFO> Sampled SMILES c12C3c4c(cccc4C2(c2c(cc(-c4ccc(C(F)(F)F)cc4)cc2)-c1cc(c3F)-c1ccc(-c2ccc(-c3ccc(ccc3)C(=O)O)s2)c(c1C(F)(F)F)C(F)(F)F)F)F failed to sanitize.
21:38:06 <INFO> Sampled SMILES c1cc(-n2c(=O)cc3c(c2=O)cccc3)ccc1C(NCCCCCC(=O)O)=O failed to sanitize.
21:38:06 <INFO> Sampled SMILES c1cccc2nc(-c3ccc(-c4sc(C=c5sc(n(c5=C)CC(O)=O)=O)[nH]4)cc3)sc12 failed to sanitize.
21:38:06 <INFO> Sampled SMILES O=[N+](c1c(C=Cc2c3ccc(NCC)cc3oc3cc(ccc3-2)=[NH2+])ccc(c1)F)[O-] failed to sanitize.
21:38:06 <INFO> Sampled SMILES c1c2cccc3oc(N(c4ccc(cc4)C(O)=O)c4c(C(=O)O)cccc4C(O)=O)[n+](CCCCC)c3c2ccc1 failed to sanitize.
21:38:06 <INFO> Sampled SMILES C1COc2c(cc(-c3nc(sc3CCCCC)-c3cc4c(OCCCCCC)c(C=c5sc(n(c5=CC4=O)-c4cc5CCCc5cc4)=O)cc3)cc2)O1 failed to sanitize.
21:38:06 <INFO> Sampled SMILES N1(c2c(cccc2)C2C1C(C=c1c=2cc2C(C)(C)CC[N+]=c2c1)(C)C)CC(CO)O failed to sanitize.
21:38:06 <INFO> Sampled SMILES c1cc(N(C)C)cc2C3Oc4c(cc5N(CC)C(C)(C=C(c5c4)C)C)C4(c13)c1c(cccc1)N(CCCCCCCCCCCC)C4C=2 failed to sanitize.
21:38:06 <INFO> Sampled SMILES c1cc(cc2c3c(c4nc(C)cc(-c5ccc(cc5)OC)n4)n(c3ccc12)CCCCCC)OC failed to sanitize.
21:38:06 <INFO> Sampled SMILES C(CCCC)CCc1ccc(-c2c3cc4c(nccc4n3CC)cc2)s1 failed to sanitize.
21:38:07 <INFO> Sampled SMILES c12ccc(cc1c1c3c(cccc3ccc1)c2)-c1c2c(cccc2)ccc1 failed to sanitize.
21:38:07 <INFO> Sampled SMILES c1cccc(c1)C(c1ccccc1)=CC1Oc2nc(CC(=O)c3ncc(s3)C)c(n2CC1)=O failed to sanitize.
21:38:07 <INFO> Sampled SMILES C(CN1C(=O)c2c(C1=O)cccc2)CCN1C(c2c3c(cc(C(=O)OCC)cc3c3cc(C(=O)C)ccc32)C1=O)=O failed to sanitize.
21:38:07 <INFO> Sampled SMILES c1c2c(c3ccccc3n2c2c3c(ccc2)c2c(C(=C2)CCC)c(OCCCC)cc3)c1 failed to sanitize.
21:38:07 <INFO> Sampled SMILES c1cc(ccc1-c1c2ccc(c(c-2oc2c(Cl)ccc(c12)C)Br)Br)N failed to sanitize.
21:38:07 <INFO> Sampled SMILES c1c2n(-c3ccc(cc3)C(C)(C)C)c3c(c2cc(-c2c(-c4ccc(C(C)(C)C)cc4)nn(-c4ccc(cc4)C(C)(C)C)n2)cc1)ccc(-c1ccccc1C(C)(C)C)c3 failed to sanitize.
21:38:07 <INFO> Sampled SMILES c1c2c(cccc2ccc1)N(c1ccc(-c2cc3-c4c(cccc4)C(c3cc2)(CCCC)CCCC)s1)c1c2c(c(-c3sc(C=C(C#N)C(=O)O)cc3)c1)sc(c2)CCCCCC failed to sanitize.
21:38:07 <INFO> Sampled SMILES N1c2c(ccc(c2)C(C2=c3c(cc4c(c3)C=C(C)CC4)-c3c(O2)cccc3Oc2ncccc2)=N)CCC1 failed to sanitize.
21:38:07 <INFO> Sampled SMILES Brc1ccc2c(=c3c(=CO2)cccc3)c1 failed to sanitize.
21:38:07 <INFO> Sampled SMILES c1c2c3c(ccc4c3c(c(c3nc5c([nH]3)cccc5)c4O)N)c3ccc4c(c(c(c1)c2c3)cc4)CC(CC)CCCC failed to sanitize.
21:38:07 <INFO> Sampled SMILES c12Sc3c(Cc1cc(-c1ccc4-c5c(C6(c4c1)c1cc4SC(=CC(=C(C#N)C(=O)O)N(CCC)CCCS(=O)(=O)[O-])C=C6c4c1)cccc5)cc2)cccc3 failed to sanitize.
21:38:07 <INFO> Sampled SMILES s1c2Cc3c(C(=O)OC)cccc3c3c2c2c(c4c3Cc3cc(ccc3-c24)C)c1 failed to sanitize.
21:38:07 <INFO> Sampled SMILES c1(-n2c3ccccc3c3c2ccc(-c2ccc(-c4nn(-c5ccc(cc5)-c5nc(cc(n5)-c5ccccc5)-c5ccccc5)c(n4)-c4ccccc4)s2)cc3)ccccc1 failed to sanitize.
21:38:07 <INFO> Sampled SMILES C1(Nc2c3c4n5c(cccc5c(c(c41)c(c1c2cc(c2c3ccc3c2c(c1=O)=O)c1ncccc13)O)OC)=O)=O failed to sanitize.
21:38:07 <INFO> Sampled SMILES c1cc(-c2ccc3c4c2ccc(c4ccc3)-c2ccc(cc2)-c2ccc(C=C(C(O)=O)C#N)o2)ccc1CC(O)=O failed to sanitize.
21:38:07 <INFO> Sampled SMILES Brc1cc2c(cc1N)c(-c1ccccc1)c1ccc(Br)cc1[nH]2 failed to sanitize.
21:38:07 <INFO> Sampled SMILES c1ccc2Sc3cc(N(c4cc5Sc6ccccc6N(C5)c5ccc6C(C)(C)c7ccccc7-c6c5)ccc4c4nc(ccc4-c3cc21)C(C)(C)C)C failed to sanitize.
21:38:07 <INFO> Sampled SMILES s1c(-c2ccc(OC)cc2)cc2n1c(c(-c1ccc(cc1)C(C)(C)C)c(CC(C)(C)C)c2)-c1ccc(OC)cc1 failed to sanitize.
21:38:07 <INFO> Sampled SMILES O=C(NC1CCCCC1)c1c2-c(c(ccc3c2-c2ccccc2C3=O)-c2ccccc2)ccc1[O-] failed to sanitize.
21:38:07 <INFO> Sampled SMILES c1(ccccc1)C1c2c(scc2)C2=[N+]([O-])C(=c3c=2cc2c(OCCO2)cc3=C(C#N)C(=O)OC)C=1 failed to sanitize.
21:38:07 <INFO> Sampled SMILES c1cc(C=Cc2cc(n3c(=O)n4c(n3)c(c(C)n4)-c3ccccc3)n2)ccc1 failed to sanitize.
21:38:07 <INFO> Sampled SMILES c1cc(ccc1)C1(c2ccccc2)c2c(-c3n1c1c(-c4ccc([N+]([O-])=O)cc4)nc(cc1c1ccccc13)-c1ccc(C=C(C(=O)O)C#N)s1)cccc2 failed to sanitize.
21:38:07 <INFO> Sampled SMILES c12c(-c3ccccc3)c3c(-c4c(c5c(cccc5)o4)C3(CC)CC)c(-c3ccccc3)[n+](-c3ccccc3)c1CCCC2 failed to sanitize.
21:38:07 <INFO> Sampled SMILES c1cc(-c2ccc3c4c2CCCc4c2C(=O)N(CCCN(C)C)C(c3cc2)=O)cc2c1c1cc(ccc1n2-c1ccc(cc1)C1=NC(C(O1)(C)C)C)OC failed to sanitize.
21:38:07 <INFO> Sampled SMILES C(C(CC)=Cc1ccc2c3c1cccc3c1c(c2)cccc1)C failed to sanitize.
21:38:07 <INFO> Sampled SMILES C(CCCCCC(=O)Oc1cc2oc3c(c(-c4ccc(cc4)O)c4c5cc(O)c(N)cc5oc-4c3)c(c-2cc1)-c1ccc(F)c(c1)C)CC failed to sanitize.
21:38:07 <INFO> Sampled SMILES C(O)(c1oc(cc1)-c1c2c(c(cc(=O)o2)NCCNC(OC(C)(C)C)=O)c2c1cccc2)=O failed to sanitize.
21:38:07 <INFO> Sampled SMILES C(c1c2ccc3c4c(c(cc3)C(=O)O)ccc(c2cc4)c1)=O failed to sanitize.
21:38:07 <INFO> Sampled SMILES c1(C(c2ccccc2)=Cc2n(c3n2c2c(c4c(c5cccnc5[nH]4)n2)cc3)CCCC)ccccc1 failed to sanitize.
21:38:07 <INFO> Sampled SMILES C1(c2c3c4c(cc2)cccc4ccc3C=C1)=Cc1sc(cc1)C=C(OC(=O)[O-])C(O)=O failed to sanitize.
21:38:07 <INFO> Sampled SMILES O=C1c2cccc3c2c(C1=O)c(OCCCCCN1CCN(CC1)c1cc2c(cc1)N(C1C4C(c5ccccc5N4CCC1=2)(C)C)CC)cc3 failed to sanitize.
21:38:07 <INFO> Sampled SMILES C1(c2ccc(N(C)c3ccc(C)cc3)c3cccc(-c4ccc(C(C)(C)C)cc4)c(c32)nc1-c1ccc(C(C)(C)C)cc1)=O failed to sanitize.
21:38:07 <INFO> Sampled SMILES N#Cc1c2c3c(nc4c(c5c6c(ccc(c6)C#N)cc5c(-c5cc6CCC[N+]6N=c6c=5oc5ccc(cc56)C(=O)O)c4[n+]3[n-]c2)nc#c1)C#CC1CCCCC1 failed to sanitize.
21:38:07 <INFO> Sampled SMILES c12c3ccccc3c3[nH]c(nc1n(CCCC(=O)O)c2c3)CCCCC failed to sanitize.
21:38:07 <INFO> Sampled SMILES n1c[n+]2c(c(c(C#N)c(c2c([nH]1)[O-])-c1cc(-c2n(C)nc(C)c2)ccc1)C(=O)OC)N1CCCCC1 failed to sanitize.
21:38:07 <INFO> Sampled SMILES C(CO)=Cc1ccc2c(c1)C(C=Cc1cc3c(cc1)n(c1c3C=CC(C1)C=Cc1n2c1ccc1C(NC(=O)OC(C)(C)C)CCc1cc1SCCO1)CCC)=O failed to sanitize.
21:38:07 <INFO> Sampled SMILES c12c3c(ccc(-c4sc5c(sc6nc(n(-c7ccc(OCCCCCC)cc7)c6c5)CCCCCC)c4)c3)n(CCCCCC)c1cc(s2)C=C(C(=O)O)C#N failed to sanitize.
21:38:07 <INFO> Sampled SMILES c1sc(-c2ccc(-c3sc(c4c3OCC(CCCCCCCCCC)(C3CCCCC3)C(c3c(ccs3)C)=O)C=4)s2)cc1 failed to sanitize.
21:38:07 <INFO> Sampled SMILES O1C(C(=Cc2c1c(c1n3c2cccc3c2c1cccc2)S(=O)(=O)O)c1ccc(Oc2ccccc2)cc1)=O failed to sanitize.
21:38:07 <INFO> Sampled SMILES c1(ccc2c3c1ccc1c3c(-c3c1cc(C(N=C(N)N)=O)cc3)cc2)-c1cc2-c(cc(=[N+](C)C)cc2)oc1-c1ccc(cc1)C failed to sanitize.
21:38:07 <INFO> Sampled SMILES c1cccc2C3C(c4c2c1ccc4)(C=c1c(c2ccccc2c(=c13)=O)=O)c1ccccc1 failed to sanitize.
21:38:07 <INFO> Sampled SMILES n12c(c3CCc(n3)c2-c2ccc(cc2)OCCCC(=O)O)nc2c(n1)ccc(c2)C failed to sanitize.
21:38:07 <INFO> Sampled SMILES c1cc(Cl)ccc1C=C1C(O)=C(C=C2C(=O)c3ccccc3C2=O)C(n2c3c(n(c12)-c1ccc(Cl)cc1)cc(C(=O)[O-])cc3)=O failed to sanitize.
21:38:07 <INFO> Sampled SMILES c1c(c(C)ccc1)N(c1ccccc1)c1ccc(-c2sc(-c3sc(-c4ccc5c(c6sc(=C(C(O)=O)C#N)s6)cc5)c4c(=O)n(c3=O)CCCCCCCC)c3c2nsn3)cc1 failed to sanitize.
21:38:07 <INFO> Sampled SMILES c1ccc2c(c1)nc1-c(cc(=[N+](C)C)cc1)c2-c1ccc2ccccc2c1 failed to sanitize.
21:38:07 <INFO> Sampled SMILES c1(C(CC)CC)ccc2n(c3c(c2c1)cc(-c1ccc(-c2sc(C=C(C(O)=O)C#N)s2)cc1)cc3)CCCC failed to sanitize.
21:38:07 <INFO> Sampled SMILES Brc1cc2c(c3c(c4c(c2C#Cc2ccc(C(F)(F)F)cc2)cc(C(F)(F)F)cc4)nc2cc(Br)ccc3c2c#1)C(C#N)=Cc1ccc(N(CCCC)CCCC)cc1 failed to sanitize.
21:38:07 <INFO> Sampled SMILES C12C(=CC=C3C1C(C)(c1cc(ccc1[N+]=32)C(=O)[O-])C)C=CC=C1C(C)(c2c(N1CCCCCC(=O)O)ccc(S(=O)(=O)[O-])c2)C failed to sanitize.
21:38:07 <INFO> Sampled SMILES c1cc2-c(c(n3c2c1OCCC3(C)C)=O)-c1cccc(Cl)c1 failed to sanitize.
21:38:07 <INFO> Sampled SMILES c12c3ccc(N(C)C)cc3c3c(n1c1c(cc(cc1)C(F)(F)F)c(n2)-c1ccc(cc1)C(C)(C)C)ccc(c3)C(=O)OC failed to sanitize.
21:38:07 <INFO> Sampled SMILES c1c(-c2n(c(c3n(c(cc3c2)C=Cc2ccc(-c3[nH]c(c(C4=CC=CC4)c4CC(CC)(CC)c5c4c3ccc5)C=C(C#N)C#N)n2)CCCC)-c2ccccc2)-c2ccccc2)cccc1 failed to sanitize.
21:38:07 <INFO> Sampled SMILES C(#Cc1ccc(C=C(C#N)C(O)=O)cc1F)c1c2ccc3c4c(c(C#Cc5ccc(N(c6ccc(OCCCC)cc6)c6ccc(cc6)OCCCCCC)cc5)ccc23)ccc(N(CCCC)CCCC)c41 failed to sanitize.
21:38:07 <INFO> Sampled SMILES c1(-c2c3c(c(c4ccc5nc6CCCCc6n15)c2cc(c4)-c1ccccc1)c1cc(F)c(c(c1nc3-c1ccc(F)cc1)F)-c1ccc(C=C(C#N)C(=O)O)s1)c1ccncc1 failed to sanitize.
21:38:07 <INFO> Sampled SMILES C12(c3c(-c4c1c1c(cccc1)c1-c5c6c(ccc(N(c7ccccc7)c7ccc8c(c7)cccc8)(c7ccccc7)c6c5c1)C(CC)(CC)C4)cccc3)c1ccccc1-c1ccccc21 failed to sanitize.
21:38:07 <INFO> Sampled SMILES c12ccccc1[nH]c1C(N(CCCC)C3c4c(cccc4)CCc1c32)c1ccc(cc1)OC failed to sanitize.
21:38:07 <INFO> Sampled SMILES c1c(c2c(c(c1)C(c1ccc3c4c1c1c5c(ccc6ccccc64)ccc5ccc31)=O)c1c3c(cccc3cc2)c2cccc3c2c1ccc3)C(C)C failed to sanitize.
21:38:07 <INFO> Sampled SMILES CC(C)(C)c1ccc2c3c4c(cccc5cccc2c41)c1c5n3c2cc(ccc2c1)C(C)(C)C failed to sanitize.
21:38:07 <INFO> Sampled SMILES c1(n2ccncc2c2c(n(c(n(C)c12)=O)C)C)=O failed to sanitize.
21:38:07 <INFO> Sampled SMILES c12-c3nc4ccccc4nc3-c3cccc(cc2)c31 failed to sanitize.
21:38:07 <INFO> Sampled SMILES OC(C(=Cc1sc(cc1)-c1c(-c2ccc(-c3ccc(C(F)(F)F)cc3)cc2)c2cccc3-c(cc(-c4ccc(cc4)C(F)(F)F)c1)n23)c1ccc(cc1)C(F)(F)F)=O failed to sanitize.
21:38:07 <INFO> Sampled SMILES o1cc(c2ncccc21)Cn1c(=O)c2c(n(C)c3c2c(c(C)c(C)c13)C)=O failed to sanitize.
21:38:07 <INFO> Sampled SMILES CN(OC)c1ccc(cc1)-c1c2c(c(n(c3nc(-c4ccc(C#N)cc4)nc23)-c2ccccc2)=O)ccc1 failed to sanitize.
21:38:07 <INFO> Sampled SMILES n12C(=C(c3c(C(CCCCCCCC)=O)cccc3)N=c1n(c(=O)c(c2=O)C)C)C(=O)OC failed to sanitize.
21:38:07 <INFO> Sampled SMILES n1c2nc(n(-c3ccc(cc3)Br)c(c-2n(c1-c1ccc(cc1)Br)-c1ccc(cc1)Br)=O)C(C)NC(OC(C)(C)C)=O failed to sanitize.
21:38:07 <INFO> Sampled SMILES c12N(CCCCCC)c3c(Sc2cc(cc1)-c1cc2[n+](c(oc2cc1)=O)-c1ccc(cc1)C(O)=O)cc(cc3)-c1ccc(C(=O)O)s1 failed to sanitize.
21:38:07 <INFO> Sampled SMILES CC(C)(c1ccc(-c2c3nc(c4n3c(cc2-c2ccc(C(C)(C)C)cc2)ccc4)-c2ccc([N+](=O)[O-])cc2)cc1)C failed to sanitize.
21:38:07 <INFO> Sampled SMILES C(#N)C(C#N)=c1ccc(c2c1OC1=C(O2)C=C(c2ccc(N(c3ccc(C=C4C(=O)NC(NC4=O)=O)cc3)c3ccc(C#N)cc3)s2)SC=1)C(O)=O failed to sanitize.
21:38:07 <INFO> Sampled SMILES c1c(c(ccc1)F)Nc1c2c(c3c(F)ccc(N4CCCC4)c3n2)ncc1C#N failed to sanitize.
21:38:07 <INFO> Sampled SMILES c1cc2c(oc3ccccc23)cc1-c1sc(-c2ccc(-c3c(-c4ccc(-c5sc(C=C(C(O)=O)C#N)s5)c(c4)OCCCCCC)ccc4c3nsn4)cc2)cc1 failed to sanitize.
21:38:07 <INFO> Sampled SMILES c1c2c(sc3-c1ccc(c3)=[NH2+])oc1-c2ccc(c1)=O failed to sanitize.
21:38:07 <INFO> Sampled SMILES C1(O)C(C(n2c(=NC3CCCC3=2)c(cc1C#N)C#N)C)(C)C failed to sanitize.
21:38:07 <INFO> Sampled SMILES c1(ccccc1)-c1c2ncc3c4c2c(c(-c2ccccc2)c(-c2ccccc2)c4cc(c1)C(C)(C)C)ccc3 failed to sanitize.
21:38:07 <INFO> Sampled SMILES c1(n(C)c2nc(n(c3ccc(OC)cc23)CC(C)(C)O)n1)O failed to sanitize.
21:38:07 <INFO> Sampled SMILES O=c1n(cc2-c(c1)n1CCCN(c1n2)CC)=C1C=CC(=Nc2ccc(cc2)Br)CC1 failed to sanitize.
21:38:07 <INFO> Sampled SMILES c1c2-c3c(C(c2ccc1N(c1cc2C(C)(C)c4c(-c2cc1)cccc4)c1ccc(-c2sc(C=C(C#N)C(O)=O)cc2)cc1)(=O)=O)nc(-c1sc(cc1)-c1cccs1)s3 failed to sanitize.
21:38:07 <INFO> Sampled SMILES O=c1c2c(oc3cc(=S)ccc1-3)c(c1c(n2C)ccc(c1)F)CC failed to sanitize.
21:38:07 <INFO> Sampled SMILES c1cc(-c2nnc(-c3c(c(c(-n4c5c(c6sc7ccccc7c6c45)cccc3)C#N)-n3c4c(cc(cc4)C(C)(C)C)c4cc(C(C)(C)C)ccc34)o2)C(C)(C)C)ccc1C(C)(C)C failed to sanitize.
21:38:07 <INFO> Sampled SMILES O=C1c2c(cccc2C(N1CCCC(=O)CCCCCCn1cc(nn1)-c1ccccc1-c1n(C)nc(C(=O)Nc2ccc(cc2)C(O)=O)c1)=O)=O failed to sanitize.
21:38:07 <INFO> Sampled SMILES c1ccccc1-c1nn2c(=O)c3n(ccc3c2c(c1)N)C failed to sanitize.
21:38:07 <INFO> Sampled SMILES c1cccc2c3cc4c(cc3ccc21)oc(=O)c(-c1ccccc1C)cc4 failed to sanitize.
21:38:07 <INFO> Sampled SMILES c1cc(ccc1)-c1c(=O)c(-c2ccc(cc2)Cl)c(nn1-c1ccccc1)C=Cc1ccc(Cl)cc1 failed to sanitize.
21:38:07 <INFO> Sampled SMILES c12cccc3c(ccc(c4c1ccc(c4)S(c1ccc(cc1)C(F)(F)F)(=O)=O)c1c2c3ccc1)N(CC(CC)CCCC)c1ccc(cc1)C(C)(C)C failed to sanitize.
21:38:07 <INFO> Sampled SMILES c1c2ccc(c3c2c(c2c1c(ccc2)C(C)(C)C)ccc3)C(C=Cc1ccccc1OC(C)C)=O failed to sanitize.
21:38:07 <INFO> Sampled SMILES c1(c(cc2c(c3c(c(c2cc1)-c1cccc(N)c1)[nH]c1ccc(O)cc13)N)F)C failed to sanitize.
21:38:07 <INFO> Sampled SMILES c1cc(-c2cc3c(c4c(nc(o4)-c4ccccc4)c(n4c3c2ccc4)=O)-c2ccccc2)ccc1 failed to sanitize.
21:38:07 <INFO> Sampled SMILES c1c(N(c2ccccc2)c2ccccc2)ccc(C=Cc2ccc(-c3c(C=C(C(O)=O)C#N)sc(-c4ccc(s3)-c5ccc(-c3sc(-c6ccc(OCCCCCC)cc6)cc5)cc34)CCCCCC)s2)c1 failed to sanitize.
21:38:07 <INFO> Sampled SMILES c12cc(F)c(N(CC)CCCN(C)C)cc1c(c(cn2CCCCCCCCCCCSSCCCCCCCCCC)C(=CC=C(C=CC1=[N+](CCS1)CCCS(=O)(=O)[O-])CC)C#N)=[O-] failed to sanitize.
21:38:07 <INFO> Sampled SMILES c1(ccc(C(C)(C)C)cc1)-c1cc2Sc3ccccc3N(CCCCCC)c3c2c(c(-c2c4sc5c(c4s2)cc(s5)-c2sc(C=C(C(O)=O)C#N)cc2)cc3)c1 failed to sanitize.
21:38:07 <INFO> Sampled SMILES OC(=O)C(C#N)=Cc1ccc(cc1)-n1c2-c3c(C4(c2c1-c1ccccc1)c1c(-c2c4cccc1)cccc2)ccc(-c1ccc(cc1)OC)c3 failed to sanitize.
21:38:07 <INFO> Sampled SMILES c1c(C#CC#Cc2ccc3Sc4cc(ccc4N4c5ccccc5C(C)(c5c4cccc3)C)ccc52)cc2Sc3c(cccc3)N(c2c1)c1ccccc1 failed to sanitize.
21:38:07 <INFO> Sampled SMILES c1cc(-c2c3ccc(c4oc(-c5ccccc5)c(c43)cc2C=CC=C(C(O)=O)C#N)-c2ccc(cc2)N(c2ccccc2)c2ccccc2)ccc1-c1ccccc1 failed to sanitize.
21:38:07 <INFO> Sampled SMILES c12oc3c(ccc(c3c(c1ccc(N)c2)=[N+](C)C)OC)-c1c2c3c4c(ccc3ccc1)ccc(c4cc2)C(=O)O failed to sanitize.
21:38:07 <INFO> Sampled SMILES c1(n(c(=O)c2c(c1-c1ccc(OC)cc1)oc1c(n3c(C)c(C)c(nc13)C)=O)n2)C failed to sanitize.
21:38:07 <INFO> Sampled SMILES c1cc2c(c3ccc4OC(C5N(c6c(S5)cccc6)c5ccc(cc5)-c5ccc(s5)C=C(C#N)C#N)cc4-c31)cccc2 failed to sanitize.
21:38:07 <INFO> Sampled SMILES c1(=Cc2ccc3N(C(C)(CC(c3c2)C)C)Cc2ccccc2)oc2ccc(cc2c1)-c1ccncc1 failed to sanitize.
21:38:07 <INFO> Sampled SMILES c12c(N=c3c=1cc1CCc4oc5c(c4c3C=Cc21)ccc1c5c(oc1=O)-c1ccccc1C(OCC)=O)C failed to sanitize.
21:38:07 <INFO> Sampled SMILES c12c(NS(N=1)(=O)=O)ccc(-c1cc(-n3c4ccc(cc4c4ccccc34)-c3cc4c(C(c5ccccc-15)(C)C)ccc4cc3)C)c2 failed to sanitize.
21:38:07 <INFO> Sampled SMILES c1ccc2c(n(CCCCCCCC)c3cc(-c4ccc(cc4)C=C(c4cc5c(c6nc7ccccc7n6)c(nc5cc4)-c4ccc(cc4)C=Cc4ccc(N(c5ccccc5)c5ccccc5)cc4)C#N)ccc23)c1 failed to sanitize.
21:38:07 <INFO> Sampled SMILES C(c1oc2c(c(ccc2c(c1)=O)-c1cc(cc2c1COC2=O)F)=O)(OC)=O failed to sanitize.
21:38:07 <INFO> Sampled SMILES c1c2c(c3c4c1c(=O)n1c(=O)c5cccc(c5c5c4c1c(cc5)c(c3c(=O)[nH]2)C)=O)C(OCC)=O failed to sanitize.
21:38:07 <INFO> Sampled SMILES c1cc(N(c2ccccc2)c2ccc(cc2)-c2sc(-c3sc(cc3)-c3sc4c5c(cccc5)c5sc(c(c5c4)-c4ccc(cc4)C=C(C(=O)O)C#N)C3)cc2)ccc1 failed to sanitize.
21:38:07 <INFO> Sampled SMILES c1cc(-c2c3c(oc4c(=O)c32)ccc2c4ccc(N(CCCCCCN)CCCCCC(=O)O)c2)cc(c1)C=C(C([O-])=O)C#N failed to sanitize.
21:38:07 <INFO> Sampled SMILES N#CC(=c1c(cc2oc3c(c2c1)cc1c(cccc1)c3)-c1ccc(N(c2ccccc2)c2ccccc2)cc1)C failed to sanitize.
21:38:07 <INFO> Sampled SMILES c1c2c3c(cccc3c3c(cccc3)c2cc1OC)OC failed to sanitize.
21:38:07 <INFO> Sampled SMILES c1cc(-c2n3c(c(cn3)-c3ccc(cc3)C(=O)O)c3ccccc32)ccc1OCCCCCC failed to sanitize.
21:38:07 <INFO> Sampled SMILES O=C([C@@H]1C[C@H]2CCCCCN2c2c(C1)cc1c(c2)C(C)=CC(C)(C)[N+]=1C)O failed to sanitize.
21:38:07 <INFO> Sampled SMILES CCCCCCCn1c2c(nc3c(n2)c2c4ccccc4n(c2c3CCCCCCCCCC)-c2ccc(C=C(C(O)=O)C#N)cc2)nc1-c1c(OCCCCCC)cc(cc1)C(O)=O failed to sanitize.
21:38:07 <INFO> Sampled SMILES C(OC(c1c2-c(cc(=[NH2+])cc2)c2ccc(cc-2oc1-c1ccccc1C(O)=O)N(C)C)=O)C failed to sanitize.
21:38:07 <INFO> Sampled SMILES c12ccccc1N(c1ccc(C=Cc3ccc(-c4cc(OCC)c(C=Cc5sc(-c6ccc([N+]([O-])=O)cc6)nc5c5sc(cc5)c4)cc3)OCCCCCCC)cc1)CC2 failed to sanitize.
21:38:07 <INFO> Sampled SMILES c1c2n(nc(c1)C(OC)=O)c(c1ccccc2c1=O)=O failed to sanitize.
21:38:07 <INFO> Sampled SMILES C([N+]1c2ccccc2C(C)=C1C=CC1=CC(c2c(cccc2)[N+]1=C1C=C2CCCC(C=C3SC(N(C)C3=O)=O)=C2C=1)(C)C)C failed to sanitize.
21:38:07 <INFO> Sampled SMILES C123c4ccccc4-c4n(c5ccc6n(c7c(cccc7)c6c5c4c3C2(CC)CCCC1(C)C)-c1ccc2c3c(n4c2c1c1c4cccc1)cccc3)CCCC failed to sanitize.
21:38:07 <INFO> Sampled SMILES C(CO)N1C(=O)c2c(c3cc(N)ccc3c2C1=O)-c1nc(C)nc(C)n1 failed to sanitize.
21:38:07 <INFO> Sampled SMILES c1cccc2c(oc3[n+](CC(C)C)c4c(ccc(c4)Cl)c-31)cc2 failed to sanitize.
21:38:07 <INFO> Sampled SMILES c12ccccc2n(c2c3c(c4c(n(CCCC)c5c4ccc4c6CCC[N+](c6c4)(CCCC)CCCC)ccc5s3)c(CCCC)n(CCCC)c12)CCCC failed to sanitize.
21:38:07 <INFO> Sampled SMILES c1c(ccc(-c2c(c(c(n2CCCCCCCCCCCC)=O)C=C(c2sc(C(C)=O)cc2)c2cc(-c3ccc(C(=O)O)cc3)ccc2N=Cc2c(c(C([O-])=O)ccc2)-c2c3c(ccc2)cccc3)O)c1)Cl failed to sanitize.
21:38:07 <INFO> Sampled SMILES c1n(-c2ccc3c(-c4ccccc4)c4cc(-c5ccccc5)n(c4cc3C=C2)-c2ccc(C(C)(C)C)cc2)ccc1 failed to sanitize.
21:38:07 <INFO> Sampled SMILES c1c2ccc3c4c(ccc(c41)cc2-c1ccc(s1)C=C(C#N)C(=O)O)nc(c(c3)-c1sc(-c2ccc(cc2)N(c2ccccc2)c2ccccc2)nc1-c1ccc(N(c2ccccc2)c2ccccc2)cc1) failed to sanitize.
21:38:07 <INFO> Sampled SMILES COc1c(cc2CCCc2c1)-c1ccc(-c2ccc3c(c(-c4cc5Cc6c(Cc5c4)cccc6)cc(c3OC)OC)c2)[nH]1 failed to sanitize.
21:38:07 <INFO> Sampled SMILES CCCCC1C(c2c(cc(c3c2Oc2c(C3=O)cc3c(ccc(N(C)C)c3)[n+]2CC)OCC)=[N+]1CCCC)OC failed to sanitize.
21:38:07 <INFO> Sampled SMILES C1(=O)c2c(nc(-c3ccc(N(c4ccc(cc4)C)c4ccc(C)cc4)cc3)nc2-c2ccc(C)cc2)-c2ccc(C=C(c3ccccc3)C3c4ccccc4-c4ccccc43)cc2C=1c1ccccc1 failed to sanitize.
21:38:07 <INFO> Sampled SMILES c12-c3ccc4c5c3c(ccc5c3c1c(ccc3)ccc2)cc1c4cc2c(cccc2)c1 failed to sanitize.
21:38:07 <INFO> Sampled SMILES c1c(N2c3c(oc4c(cc(cc4C3CC2)C(C)(C)C)cc1)=S)C(=O)O failed to sanitize.
21:38:07 <INFO> Sampled SMILES c1c2c(=O)sc(C(=O)OC)c2ccc1 failed to sanitize.
21:38:07 <INFO> Sampled SMILES CCn1c2c(cc(c(OC)c2)N(C)C)c(C(OCC)=O)c1=N failed to sanitize.
21:38:07 <INFO> Sampled SMILES O1c2c(-c3c(cc4c5c(oc14)c(c1c(cccc1)c1ncccc15)-c1n(c4c(cccc4)n1)C)c3)cccc2 failed to sanitize.
21:38:07 <INFO> Sampled SMILES [nH]1c2c(ccc(c2)N(C)C)c2cc(ccc-21)=[NH2+] failed to sanitize.
21:38:07 <INFO> Sampled SMILES Oc1ccc2c3c1C(=C1C(=O)C(c4c5c(n(CCCCCC(=O)O)c4c4c(=O)n(c1=O)C)cccc4)=C3O)C5CCC2 failed to sanitize.
21:38:07 <INFO> Sampled SMILES C(CC)CCCCCCCc1ccc2c(c1)c1ccc(c1cc2)C#Cc1ccc2S(=O)(c3ccccc3-c2c1)=O failed to sanitize.
21:38:07 <INFO> Sampled SMILES N1(C(=O)NC2C(c3ccc(Cl)cc3)SCC2C1=O)Cc1cn2c3c(cc(cc3cc2)Cl)c1 failed to sanitize.
21:38:07 <INFO> Sampled SMILES C1CCCCc2c(oc3c(c(cc(c3c12)OC)-c1c2c(cccc2)ccc1)-c1cc2ccccc2cc1)-c1ccc(OC)cc1 failed to sanitize.
21:38:07 <INFO> Sampled SMILES c1cc(ccc1C=Cc1c(c(c1=O)=O)=Cc1ccc(cc1)N(C)C)N(CC)CC failed to sanitize.
21:38:07 <INFO> Sampled SMILES c1(-c2nc3c4c(cccc4)nn3c2-c2ccc(OC)cc2OC)ccccc1 failed to sanitize.
21:38:07 <INFO> Sampled SMILES c12c3c(ccc4c3c3c(c1ccc2)ccc1c(oc(c14)-c1c(cccc1C#N)C#N)cc3)-c1sc(cc1)C=C(C#N)C(=O)O failed to sanitize.
21:38:07 <INFO> Sampled SMILES c12oc3c(c(-c4c5CCC(=O)N(c4ccc5)C)c2C=CC(O1)(C)C)ccc1c3ccc(c1)N(C)C failed to sanitize.
21:38:07 <INFO> Sampled SMILES c1c2c(c(=O)c3c(o2)ccc2c3oc3-c(c4c(cccc4)n3C)c2=S)ccc1 failed to sanitize.
21:38:07 <INFO> Sampled SMILES c1ccc2c3c(cc(cc3)C(C)(C)C)n(-c3c4CCCc5c(sc(c54)c(cc3C(C)(C)C)C(C)(C)C)C(C)(C)C)c2c1 failed to sanitize.
21:38:07 <INFO> Sampled SMILES c1c2cc3c(cc2c2cc4cc5c(c6sc(C=C(C(O)=O)C#N)c5c4)C(CCCCCC)(c6ccc4ccc42)CCCCCCCC)n1c1c(c3=O)ccc(c1)OCCCCCCC failed to sanitize.
21:38:07 <INFO> Sampled SMILES c1(C(=O)c2cc3c4c(c2)C(NC4=O)=O)ccc(Cl)cc3ccc1 failed to sanitize.
21:38:07 <INFO> Sampled SMILES c1(ccc(-c2ccc3c(nsn3)c2)s1)-c1sc(cc1)C1C(F)=C(SC(=C1C(=O)O)C#N)n1c2ccccc2c2cc3c4N(CCC3)c3ccccc3Oc4cc21 failed to sanitize.
21:38:07 <INFO> Sampled SMILES c1cc(-c2ccc(cc2)N(C)C)cc2n1c(-c1c(cccc1)C(=O)O)c1c(-c3c(cccc3)C1=O)n2 failed to sanitize.
21:38:07 <INFO> Sampled SMILES C(CCCCCCC1(c2cc(N(c3ccc(cc3)-c3ccc(-n4c5c(cc(cc5)C)c5ccccc45)cc3)cc2)c2ccccc21)CCCCCCCCCCCCCC)C failed to sanitize.
21:38:07 <INFO> Sampled SMILES c1(sc(cc1)-c1ccc2N(C3C4CCC(c5cc6c(n(CCCCCC)c6=O)ccc(c45)-c32)(C)C)c2ccc3c(C(CCCCCC)(CCCCCC)c4ccccc4-3)c21)C=C(C#N)C(=O)O failed to sanitize.
21:38:07 <INFO> Sampled SMILES c1c([C@H](C#N)=Cc2ccc(cc2)O)ccc(C)c1 failed to sanitize.
21:38:07 <INFO> Sampled SMILES CCN(CC)c1ccc(c(NC(=O)CCC)c1)Cn1c2c(cccc2)c2c1c(nc1c(CC)c(c(C)c(c21)C)=C(C#N)C#N)-c1ccco1 failed to sanitize.
21:38:07 <INFO> Sampled SMILES C1(=O)C(C(=CC=C1)c1ccccc1)=C1C=c2c3ccccc3ccc2N=C1OCC failed to sanitize.
21:38:07 <INFO> Sampled SMILES n1(C)c(nc2c1n(c1-c(n2)c([nH]c1)=O)CC)=O failed to sanitize.
21:38:07 <INFO> Sampled SMILES c1(-c2c3nc(-c4sc(c(CCCCCC)c4)-c4ccc(-c5ccc(s5)C=C(C(=O)O)C#N)s4)ccc3nn(-c3ccccc3)n2)ccc(C#N)cc1 failed to sanitize.
21:38:07 <INFO> Sampled SMILES C(N(c1ccc2c3c1c1c(n3c3c(n1)ccc(c3)C(=O)C)cc2)CCCC)CCC failed to sanitize.
21:38:07 <INFO> Sampled SMILES c12cc(cc3N(C(c(c32)ccc1)=O)CCCC(O)=O)S([O-])(=O)=Cl failed to sanitize.
21:38:07 <INFO> Sampled SMILES C(c1c(c(c(n1C)=O)-c1sc2c(sc(n2)-c2ccccn2)n1)-c1ccccc1)#N failed to sanitize.
21:38:07 <INFO> Sampled SMILES c1cc2c3nc4ccc5oc(=O)ccc5c4c4cc(cc(c4c3c(cc2cc1)cc(c1)C(C)(C)C)nc2c1cccc2)OC failed to sanitize.
21:38:07 <INFO> Sampled SMILES n1(-c2c(C)c(-c3c(c(C)cc(-n4c5c(cc(cc5)C)c(c4)C)c3-c3ccc(C)c4nsnc43)C)cc2)c2c(cccc2)c(C=C)c1 failed to sanitize.
21:38:07 <INFO> Sampled SMILES c1cc(C#Cc2c(C#Cc3cc4c5c(n(CCCCCCCC)c5c3)cccc4C#Cc3ccc(N(C)C)cc3)ccc(C#Cc3ccc(N(c4ccccc4)c4ccccc4)cc3)c2)ccc1N(CCCCCCCC)CCCCCCCC failed to sanitize.
21:38:07 <INFO> Sampled SMILES O(c1ccc(cc1)C=C(c1sc(nc1-c1ccc(cc1)N(c1ccccc1)c1ccccc1)(C#N)c1ccccc1)C(=O)OC)CC(O)=O failed to sanitize.
21:38:07 <INFO> Sampled SMILES N#CCCN(c1c(C)cc(cc1)C=c1c(=O)c(=Cc2ccc([N+]([O-])=O)cc2)c(n1C)C#N)C failed to sanitize.
21:38:07 <INFO> Sampled SMILES c12c3c4c(cccc4cc1)c(-c1c(cc(cc1)C=C(C(O)=O)C#N)-c1sc(cc1)C=C(C#N)C(O)=O)cc3CCc1ccccc1-2 failed to sanitize.
21:38:07 <INFO> Sampled SMILES c12nc3c4c(cccc4)[nH]cc3c3c1c(ccc3)C=Cc1ccccc-21 failed to sanitize.
21:38:07 <INFO> Sampled SMILES c1cc(cc(c1O)O)-c1[o+]c2cc(cc(cc-2c2c1Cc1cccc(=[NH2+])c1-2)-c1cc(F)cc(C(=O)[O-])c1)SC failed to sanitize.
21:38:07 <INFO> Sampled SMILES c1c2c(C=Cc3cc4c5[n+]6C(c7ccc(cc7-c6ccc5C=Cc4cc3)OC)OC)ccc3cccc(c23)cc1 failed to sanitize.
21:38:07 <INFO> Sampled SMILES c12c(cc3c(c1c1c(-c4ccc(c(C)c4)C)nc4cc(ccc4[n+]1c2-c1ccc(cc1)C)F)cccc3)F failed to sanitize.
21:38:07 <INFO> Sampled SMILES C(=NC(=CC(OC)=O)C)=c1cc2-c(oc3cc(ccc3c2C(=O)N(CCOC(=O)c2cc(ccc2)Nc2nccc3c2cccc3)[O-])N(C)C)cc1 failed to sanitize.
21:38:07 <INFO> Sampled SMILES c12c(-c3c(C2)c2c(cc(cc2)N2CCCCC2)c2n3c(C)cc(C(O)=O)c2=O)cccc1 failed to sanitize.
21:38:07 <INFO> Sampled SMILES O1c2cc3C4C(CCC4)Nc3cc3cc(S(=O)(N4CCCCC4)=O)cc1c23 failed to sanitize.
21:38:07 <INFO> Sampled SMILES O=c1c(-c2ccccc2)oc(c(CC=Cc2ccc(cc2)OC)c1)C failed to sanitize.
21:38:07 <INFO> Sampled SMILES c1c(cc(c2c1-c1nc(oc1C(C)(C)C2)=O)N1CCC1=C=O)C(=O)OC failed to sanitize.
21:38:07 <INFO> Sampled SMILES c1c2c(c(cc1-c1c(-c3ccccc3O)c(c3c(c(-c4ccccc4)c(c(c3c1-c1ccccc1)-c1ccccc1)O)O)=O)OC)cccc2 failed to sanitize.
21:38:07 <INFO> Sampled SMILES Clc1c2c(n3ccc(cc13)C)ccc(c2)=S failed to sanitize.
21:38:07 <INFO> Sampled SMILES C1(=O)c2cccc3c2c(ccc3C(=O)O)C(=O)c2cc3c(cccc3c12)C([O-])=O failed to sanitize.
21:38:07 <INFO> Sampled SMILES c1c2c(c3c(C4CCCC4N3c3ccc(-c4sc5c(c4)C(C)(c4cc(sc4-5)-c4sc(cc4)C(=O)O)C)ccc3)s2)c2c(nsn2)c1 failed to sanitize.
21:38:07 <INFO> Sampled SMILES c12c3c(c4c(-c5c(C4(CC)CC)cc4c6c([nH]c4cc5)cccc6)c1cc1N(C(C=c2c1)=O)CCCC)c1c(n3CCCC)nc2c(c1)c(c1cc(sc1c2NCCCC)C=C(C(O)=O)C#N)CCCCC failed to sanitize.
21:38:07 <INFO> Sampled SMILES c1cc(-c2ccc(s2)C=C(C#N)C(=O)O)cc(c1)-c1c2-c(n(c1=O)C)cc(c([N+](=O)[O-])c2)CF failed to sanitize.
21:38:07 <INFO> Sampled SMILES c1c2c(cc(c1)OC)cc1ccc(=[NH2+])c(c1c2)OC failed to sanitize.
21:38:07 <INFO> Sampled SMILES N1c2cc(C(=O)COC(=O)CCc3ccccc3)ccc2C2=C(NC1=O)C(C=C(C=2)C)(C)C failed to sanitize.
21:38:07 <INFO> Sampled SMILES c1c2cc3c4cc5c6c7c4ccc(c7ccc3cc(c6cc2)cc5)c1 failed to sanitize.
21:38:07 <INFO> Sampled SMILES c1(C)cc2c(cc1C)oc1-c(c2-c2c(C)cc(C)cc2C)cc2c3c1cccc3c1cc(C(C)(C)C)cc(c1o2)=[NH2+] failed to sanitize.
21:38:07 <INFO> Sampled SMILES c1ccc(cc1)N(c1ccc(-c2ccc(s2)-c2n3c(c(-c4ccc(cc4)CCCC)c4c2cc(C(=O)CCCC)s4)sc3C(O)=O)cc1)c1ccccc1 failed to sanitize.
21:38:07 <INFO> Sampled SMILES c1c(scc1)-c1c(c2c(cc(=C(c3cccs3)C#N)s2)nc1-c1c(c(c(c(c1F)F)F)F)F)C failed to sanitize.
21:38:07 <INFO> Sampled SMILES c12-c(c3c(c(-c4ccc(OC)cc4)c1[n+]1Cc4c(c(cc(c14)c1-c2cccc1)C(C)C)C)c(-c1ccccc1)c1ccccc1[o+]3)C(=O)NCCN failed to sanitize.
21:38:24 <INFO> Sampled SMILES c1(C=c2c3c(CCc4cc(ccc-42)OC)c(c2c(sc(c2)C)c3)=O)ccc(cc1)N(C)C failed to sanitize.
21:38:24 <INFO> Sampled SMILES o1c(=Cc2ccc(cc2)N(C)C)c(C#N)c2cc(ccc12)Cl failed to sanitize.
21:38:24 <INFO> Sampled SMILES Clc1cc2c(cc1N(CC)CC)nc1c(o2)cc(N)cc1 failed to sanitize.
21:38:24 <INFO> Sampled SMILES c12C(=O)c3c4c(cccc4c4cccc1c42)ccc3 failed to sanitize.
21:38:24 <INFO> Sampled SMILES c12c(sc(c1)-c1ccc3Sc4c(N(CCCC)c3c1)ccc(OCCCC)c4)C(CCC)(CCC)c1c-2sc(-c2c3c(OCCO3)c(c3n2c2c3ccs2)CC(C)C)c1 failed to sanitize.
21:38:24 <INFO> Sampled SMILES c1c(F)c(c2c3c(c(n(c3-c3cccc(c3)F)-c3ccc(cc3)C)=O)CCN(C)c21)F failed to sanitize.
21:38:24 <INFO> Sampled SMILES c1(c(cc2-c3nc4c5ccc(OC)cc5[nH]c4C(C)(c3c3CCN(C)Cc3c2c1)C)OC)OC failed to sanitize.
21:38:24 <INFO> Sampled SMILES c1(ccccc1)-c1c2c3c4c(cccc4c1)ccc3c(cc2)-c1c2-c(cc(=[N+](CC)CC)cc2)c(oc1)-c1ccccc1 failed to sanitize.
21:38:24 <INFO> Sampled SMILES c1c2c3c(c4c5N=C6N(CCC5)CCC6(C)c4cc3)n(C)c2cc2c1C(C)=CC(C)(C)N2CC failed to sanitize.
21:38:24 <INFO> Sampled SMILES c1c(OC)cc2c(c(c3ccn4c3c2c2C(C)(C)CCC(c2c4)(C)C)C(O)=O)c1 failed to sanitize.
21:38:24 <INFO> Sampled SMILES Oc1c(ccc2c1c[n+]1Cc3cc4OC5CC(C)(C)N(CCN6c7c(C6(C)C)cccc7)C(N(C)c5cc4C(c(c31)c2)(C)C)=O)C(=O)NCCCS([O-])(=O)=O failed to sanitize.
21:38:24 <INFO> Sampled SMILES c1cc2c(cc1C=C)ccc1c2[nH]c1cc1ccccc1 failed to sanitize.
21:38:24 <INFO> Sampled SMILES C(CC)n1c2c(sc(c2)-c2c(oc3c(ccc(c3)N(CC)CC)c2)=O)c(=[NH2+])c1N failed to sanitize.
21:38:24 <INFO> Sampled SMILES c12ccccc2c2c(c3c(oc(c3)-c3ccc(C(=O)O)cc3)c1)cc1c(=O)n(C)c(c1c2)=O failed to sanitize.
21:38:24 <INFO> Sampled SMILES c1c(C=c2c3cc(ccc3c(=Cc3sc4c5c(c3)c[n+](CCCS([O-])(=O)=O)cc5)c(oc4c2)=[NH2+])-c2ccccc2C(O)=O)ccc(N(CCCC)CCCC)c1 failed to sanitize.
21:38:24 <INFO> Sampled SMILES c1c2c(cc(cc2)OC)c(c2ccc(=O)cc-21)-c1cc2c3ccccc3ccc2oc1=O failed to sanitize.
21:38:24 <INFO> Sampled SMILES S(C)(c1cc2c(C)c(c3-c(cc(c(c3)C)=[NH2+])c2cc1)-c1c(C(O)=O)cccc1)(=O)=O failed to sanitize.
21:38:24 <INFO> Sampled SMILES c1cc(cc2c3cccc(-c4cc5c6ccccc6[nH]c5cc4)n3c3ccc(C#N)cc3c12)C(C#N)=Cc1ccc2c(n(C)c3ccccc32)c1 failed to sanitize.
21:38:24 <INFO> Sampled SMILES S1=C(C(CC)=C(c2ccccc2)c2c1cccc2)=Cc1ccc(N(C)C)cc1 failed to sanitize.
21:38:24 <INFO> Sampled SMILES c1(c2c(oc3-c1ccc(=[N+]1CCCCC1)c3)=C(c1ccccc1C(=O)[O-])c1c(c3c(C)c(ccc3cc1-2)C)C)[O-] failed to sanitize.
21:38:24 <INFO> Sampled SMILES N(CCN1C(NCC1=O)=O)S(=c=n1c2c(cc(cc2)N(CCCC)CCCC)n(CCCC)c2cc(N(CCC(C)C)CCC(C)C)ccc12)(C)C failed to sanitize.
21:38:24 <INFO> Sampled SMILES c1ccccc1N(c1ccc(cc1)-c1n(c2-c(cc(cc2)=[NH2+])n1)-c1ccc(C)cc1)[O-] failed to sanitize.
21:38:24 <INFO> Sampled SMILES c1c2c(cc3c1c1c4c(CCCCCCCCCCCC)c5ccccc5n(CCCCCCCCCCCC)c4c4nc5ccccc5n14)c1c4c3ccc(C=C(C(OCC)=O)C(O)=O)c4ccc1cc2 failed to sanitize.
21:38:24 <INFO> Sampled SMILES c12c(C#Cc3c4c5c(ccc6c5c(c(C(C)(C)C)c4)ncn6)ccc3F)cccc2c2c3c(ccc4OC(c5ccccc5)c5cccc(c53)c41)nc(C(C)(C)C)n2 failed to sanitize.
21:38:24 <INFO> Sampled SMILES C(C1(CC)c2cc(ccc2-c2cccc3cccc1c23)OC)=CC=CC1N(c2ccccc2C2(Oc3ccccc3C1=2)C)CC failed to sanitize.
21:38:24 <INFO> Sampled SMILES c1cc(ccc1C#N)N(c1ccc(-c2c3c(c4c(n3C3CCCC3)ccc(c4)-c3ccc(C=C(c4ccc(cc4)C#N)C#N)cc3)nc2C#N)cc1)c1ccc(cc1)C(F)(F)F failed to sanitize.
21:38:24 <INFO> Sampled SMILES c1cccc(N(c2ccccc2)c2c3ccc4c(c5c(c6oc7c(c6N(C)C)cccc7)c6c5c5c(cccc5)cc6)c4c(C(=O)c3ccc2)=O)c1 failed to sanitize.
21:38:24 <INFO> Sampled SMILES C1(N(CC(N1)=O)CCCCN1C(=O)C2=C(C3c4cc(C#N)c(c5n4cc(C)n5)C=2SC=3C)C1=O)=O failed to sanitize.
21:38:24 <INFO> Sampled SMILES c1c(cc2c(c3c4c(c2OC)ccc2ccc(c(c34)c(c2c1)=O)OC)-c1c(cccc1)C(OC)=O)OC failed to sanitize.
21:38:24 <INFO> Sampled SMILES c12-c3c(OC(C=C4C=C(CC(C)(C)C4)C)=C(C4(CC(CC(C)(C4)C)C)O2)C(OC)=O)cc(C)cc3C(C)(C)c1cc(Cl)c1NC(C=C1C)(C)C failed to sanitize.
21:38:24 <INFO> Sampled SMILES c1c2c(-c3c(C24c2ccccc2c2ccc5c6ccccc6oc5c2n4)cc(-c2nc(nc(n2)-c2ccccc2)-c2ccccc2)cc3)ccc1 failed to sanitize.
21:38:24 <INFO> Sampled SMILES S(c1ccc2C3Oc4c(C(C3CC=C2c1c1ccccc14)c1ccccc1)-c1ccccc1)(=O)(=O)c1ccccc1 failed to sanitize.
21:38:24 <INFO> Sampled SMILES c1(ccc(cc1)N(C)C)-c1c2c(c3oc4c(c3c1)cc1c(cccc1)c4)oc1cc(ccc1c2-c1ccccc1)N(C)C failed to sanitize.
21:38:24 <INFO> Sampled SMILES c1cc2c3ccc(cc3c(c3cc(F)cc4c1c(c2c3-c1ccc(F)cc1)cc4)-c1ccc(F)cc1)F failed to sanitize.
21:38:24 <INFO> Sampled SMILES c1(ccc(cc1)N(C)CCO)-c1nc2c([nH]1)c1c(nc(n1CCCC)nc1ccc(cc1c2=O)N(CCCC)CCCC)-c1nnn(CCCCCC)n1 failed to sanitize.
21:38:24 <INFO> Sampled SMILES c1c2c3c(oc2c(N2C4C(c5cc6c(N(c7ccccc7)c7ccccc76)ccc5-4)(CC2)c2ccccc2)cc1)cccc3 failed to sanitize.
21:38:24 <INFO> Sampled SMILES C(C1(CCCCCCCC)c2c(-c3ccc(-c4ccc5c(c6ccc(C=C(C(=O)O)C#N)cc6n5)c4)cc3)n(CCCCCCCC)c3cccc4c3n2c2ccccc24)CCCC1 failed to sanitize.
21:38:24 <INFO> Sampled SMILES c1cc2-c3c2c(cc2N(C)C(C)(C)c4c(C=C(C(O)=O)C#N)c(c5c(C=CC5C(C)(C)C)n4)Cc2c3)c1 failed to sanitize.
21:38:24 <INFO> Sampled SMILES c1(n(c(c2n(c(N3CCCC3)cc2n1)C)=O)C)=O failed to sanitize.
21:38:24 <INFO> Sampled SMILES c1cccc2cc(c3c(-c4c(cccc4)-c4ccccc4-3)c21)N(CCNc1ccc(C=CC(=O)c2ccncc2)cc1)c1ccc(cc1)C=c1c2c(cc(C=C(C#N)C(O)=O)o2)ccc1NC failed to sanitize.
21:38:24 <INFO> Sampled SMILES c1cc(-c2sc(cc2)-c2cc3C4C(=O)N(c3cc2)c2ccc(cc2)C=C4)cc2c(-c3c(cccc3)C2(C)C)c1 failed to sanitize.
21:38:24 <INFO> Sampled SMILES n1c2c(c3c4c(oc3c3n(c5c(cccc5)c12)C)cc(OC)cc4nc3)C failed to sanitize.
21:38:24 <INFO> Sampled SMILES c12c(C(c3ccccc3-1)=O)cc(F)c(-c1nc3sc(nc3n1)-c1ccc(OC)cc1)c2 failed to sanitize.
21:38:24 <INFO> Sampled SMILES c1ccccc1N(C)c1c2C(=O)N(C(c3ccc(c1)c1c3c2ccc1)=O)Cc1ccccc1 failed to sanitize.
21:38:24 <INFO> Sampled SMILES c1cccc2-c3c(C(C)(C)c12)c(-c1nc(-c2ccc(cc2)C#N)nc(-c2ncccc2)n1)cc(-n1c2c(c4ccccc14)cccc2)cc3 failed to sanitize.
21:38:24 <INFO> Sampled SMILES c1ccc2oc3-c(ccc(=[NH2+])c3)oc-2c1 failed to sanitize.
21:38:24 <INFO> Sampled SMILES c12c(ccc(-c3ccc4C5C(N4c3cc1)CCCC5)c1nc(-c3cccs3)c(n1)C#N)cc2 failed to sanitize.
21:38:24 <INFO> Sampled SMILES c12cc3c(cc1C(CO2)C(C)(C(=O)O)C)-c1c(c2CCc4c(-c2[nH]1)c1C2CCCCCc2[nH]c1C4)C3(C)C failed to sanitize.
21:38:24 <INFO> Sampled SMILES c1(cc(OC)c(cc1)OC)-c1c2C(c3cccc(c3)Br)=C(C)c3n2c(c2ccccc2c3=O)c1 failed to sanitize.
21:38:24 <INFO> Sampled SMILES c12Sc3cc(-c4cc5c(-c6c(C5(C)C)cc(cc6)-c5sc(cc5)C=C5SC(N(C5=O)CC(O)=O)=S)ccc4)ccc3C(c2cccc1)(C)C failed to sanitize.
21:38:24 <INFO> Sampled SMILES n1n(-c2ccc(SC)cc2)c2c(ccc(=O)c2)c1 failed to sanitize.
21:38:24 <INFO> Sampled SMILES c12c(N3CC(CC3=C1C=C(c1c(c(c(Cl)c(Cl)c1Cl)Cl)[N+]([O-])=O)C=2)c1c(Cl)cccc1F)C([O-])=O failed to sanitize.
21:38:24 <INFO> Sampled SMILES C(c1c2c(c(-c3ccccc3)c3c(c2-c2ccccc2)cccc3)c2oc3c(ccc(O)c3)c(c-2c1)=[o+])c1ccccc1 failed to sanitize.
21:38:24 <INFO> Sampled SMILES c1cc(F)ccc1C(Nc1ccc(cc1)CC1C(O)C(C(n2c3c(nc2)c(-n2c4c(c(ccc4)C(C)=O)nc2)nn3)O1)O)=O failed to sanitize.
21:38:24 <INFO> Sampled SMILES c1c(-c2cc[n+](O)cc2)cc2C(C)(C)CC[N+](C)=c2c1 failed to sanitize.
21:38:24 <INFO> Sampled SMILES c1cc(-c2ccc(-c3ccc(-c4nc(ccc4)-n4c5ccccc5c5c4cccc5)c3)cc2)sc1-c1sc(-c2sc(cc2)C=C(C#N)C(=O)O)cc1 failed to sanitize.
21:38:24 <INFO> Sampled SMILES c1(C#N)nccc(-c2ccc3C4=C(C(C)(CC(O)(C4(C)C)C)c4nc(c(-c5ccccc5)[nH]4)-c4ccccc4)C(=O)n3c2)c1 failed to sanitize.
21:38:24 <INFO> Sampled SMILES C1C(=O)C=C2C3(Oc4c(C)cc(cc4C(C)(C=3C1)C)OCCCC(O)=O)Nc1ccc(C(O)=O)cc1C2(C)C failed to sanitize.
21:38:24 <INFO> Sampled SMILES c12c3c(cccc3)c3c(n(c4ccccc43)CC)c1c(=O)c1ccc(cc1n2CCC)=[N+](CC)CC failed to sanitize.
21:38:24 <INFO> Sampled SMILES COc1cc2c(c(=Cc3c([nH]c(=O)n3CCCC)=O)c(=O)o2)cc1 failed to sanitize.
21:38:24 <INFO> Sampled SMILES c1c(Oc2c(C)c(c3nn(C)c(c3c2F)C)C)c(C=O)c(c1C=O)O failed to sanitize.
21:38:24 <INFO> Sampled SMILES c1(-c2ccccc2)c2ccc3c(c2oc2nn(C)cc1-2)c(-c1cccs1)cc(-c1sccc1)n3 failed to sanitize.
21:38:24 <INFO> Sampled SMILES c1c2c(cc(c1)N(CC)CC)cc1=c(o2)ncn1 failed to sanitize.
21:38:24 <INFO> Sampled SMILES c1cc(cc2c3ccc4c5c3c(c21)ccc5ccc4)C(Oc1ccc(C=C2SC(=O)NC2=O)cc1)=O failed to sanitize.
21:38:24 <INFO> Sampled SMILES C(NC(c1sc(-c2ccc(s2)-c2n3c(c(C)c(C)n3)c(-c3ccc(cc3)C(O)=O)n2)cc1CCCCC)=O)CCC failed to sanitize.
21:38:24 <INFO> Sampled SMILES O1c2c3c(ccc2C(=C(c2ccc(cc2)OCC(CC)CCCCC)c1c1sc(cc1)CC(CC)CCCC)-c1cc2c(nc4c(scc4)c2O)cc1OCC(CC)CCCC)sc(c3)C=C(C(=O)O)C#N failed to sanitize.
21:38:24 <INFO> Sampled SMILES c1(=[N+]#C)n2ccccc2c(c1-c1ccc(cc1)C)-c1ccccc1 failed to sanitize.
21:38:24 <INFO> Sampled SMILES N(CC)=c1cc2oc3-c(ccc(-c4ccc(N5CCCCC5)cc4)c3)cc2oc1-c1cc(OC)c(OC)c(c1)OC failed to sanitize.
21:38:24 <INFO> Sampled SMILES COc1ccc(cc1)-c1c2ccc(cn2c(=Cc2ccc(C(=O)OC)cc2)n1)C(OC)=O failed to sanitize.
21:38:24 <INFO> Sampled SMILES O=C1c2ccccc2C(=O)c2cc3c4N(C1)CCCc4cc3c2C1C(C=c2c=1c(c1c(cccc1)c2=[NH2+])[O-])=O failed to sanitize.
21:38:24 <INFO> Sampled SMILES Fc1c(F)cc(-c2c(c(F)c(F)c(c2F)F)F)c2c1c1c(C(C(F)(c1cc2)F)(F)F)F failed to sanitize.
21:38:24 <INFO> Sampled SMILES O=S(c1ccc(C)cc1)(=O)Nc1c(ccc(C2c3c(-c4ccc(C#N)cc4)ccc4N=C5=C(C=CC6(c7c(-c8ccc(cc8c65)ccc4)C=3)C=C(C(=O)O)S7)C2)c1)N(CC)CC failed to sanitize.
21:38:24 <INFO> Sampled SMILES c1cccc(-c2c3c(oc4cc(=S)ccc-24)cc(N2CCCCC2)cc3)c1 failed to sanitize.
21:38:24 <INFO> Sampled SMILES C(CCCCC)Oc1c(cc(-c2cc3c4cccc5c4c(c3nc2)cc(CC(CC)CCCC)cc5)cc1)C=C(C#N)C(=O)O failed to sanitize.
21:38:24 <INFO> Sampled SMILES c1c(cc2c(OCCO2)c1)-c1c2-c([nH]c3c1cccc3)cc(-c1sccc1)c(C#N)c2-c1ccccc1 failed to sanitize.
21:38:24 <INFO> Sampled SMILES O1c2c3n(CCC2)c(=O)c2c(cc(cc2)OC)c3cc1 failed to sanitize.
21:38:24 <INFO> Sampled SMILES c12ccc3cc(cc4[o+]c5c(ccc(S)c(Cc6ccccc6C[n+]6c(cc(cc6)C=N)cc5)=S)cc2c3-c4ccc1)-c1c(cccc1C#N)C#N failed to sanitize.
21:38:24 <INFO> Sampled SMILES c1(O)ccc(N=Nc2cc(c(-c3ccc4N(CCCCCC)c5c(cccc5)C4(C)C)c3cc2)OC)cc1 failed to sanitize.
21:38:24 <INFO> Sampled SMILES N(c1ccccc1)(c1ccccc1)c1ccc(C2N(C)C(=O)C3=C(=P([O-])(C(C=2OCCCC)(CCC)OCC)C=3)c2c3ccccc3ccc2)cc1 failed to sanitize.
21:38:24 <INFO> Sampled SMILES c1c2c(c3c(c1)c(=O)c1c(cccc1c3N)-c1ccc(N(C)C)cc1)-c1ccccc1C2 failed to sanitize.
21:38:24 <INFO> Sampled SMILES CCCc1c(-c2nc3ncccn3n2)c(CC)n2c(cccc2)c1=O failed to sanitize.
21:38:24 <INFO> Sampled SMILES c1c(ccc(-c2cc3CCN4CCCc(c(C#Cc5ccc(cc5)C(C)(C)C)c3)c42)c1)OC failed to sanitize.
21:38:24 <INFO> Sampled SMILES o1c2c(cccc2)c(-c2ccc(cc2)O)c2c1cc(cc2)N failed to sanitize.
21:38:24 <INFO> Sampled SMILES c1cc2c3C(=O)c4cc(S(=O)(=O)[O-])ccc4-c3cc(c(-n3c4ccc(Br)cc4c4c3ccc(c4)Br)c2cc1)Cl failed to sanitize.
21:38:24 <INFO> Sampled SMILES O=S(=O)([O-])c1c2ccc3c4c(c(C#N)ccc4C(CC)(CC)CC)cc3c2n(CC)c1 failed to sanitize.
21:38:24 <INFO> Sampled SMILES c1cccc2c1oc1cc(ccc1c2-c1c(C(=O)O)cccc1)N failed to sanitize.
21:38:24 <INFO> Sampled SMILES c12c3C(c1cc(cc2)OC)=C1C(C=Cc2c(c(C=C4C(=O)c5c(ccc(c5)C(=O)O)C=C4C)[nH]c21)O3)(C)C failed to sanitize.
21:38:24 <INFO> Sampled SMILES c1cc2c(cc1)c1c(c3c4c(cccc4)c4cc(sc4c3)-c3ccc(OCCCCCCCCCC)cc3)c(-c3ccc(C=C(C(O)=O)C#N)cc3)n2-c2ccccc2C1 failed to sanitize.
21:38:24 <INFO> Sampled SMILES c12c3c4c5c6c7c(C(c6c5ccc4ccc3)(C)c2ccc1)cccc7 failed to sanitize.
21:38:24 <INFO> Sampled SMILES c1(c2n(-c3c(cc(Br)cc3C)Br)c3ccc(Br)cc3c(c2nc1C(OCC)=O)C(OCC)=O)=O failed to sanitize.
21:38:24 <WARN> Sanitized SMILES CC1=CC2=c3ccc4[nH]c(C(C)(C)C)cc4c3NC(C)(C)C2=N1 found to be invalid.
21:38:24 <INFO> Sampled SMILES c1cc(C=C2Sc3ccccc3=N2)ccc1 failed to sanitize.
21:38:24 <INFO> Sampled SMILES c12N(c3[n+](c4c(cccc4)n3)CC3(c2cc(C=O)cc1)c1c(O3)cccc1)c1ccccc1 failed to sanitize.
21:38:24 <INFO> Sampled SMILES c1(ccc(cc1)OC)-c1ccc2-c3c(c4c(cc(OC)cc4)c4nc(C)c(-c5ccccc5)nc4c3-c3ccc(cc3)OC)-c2c1 failed to sanitize.
21:38:24 <INFO> Sampled SMILES C1C[N+]2CCCc3[nH]c(-c4ccccc4)c4c(C=1C=23)ccc4 failed to sanitize.
21:38:24 <INFO> Sampled SMILES c1c2C(N(C(=O)c3c2c2c(C(c4c5c(cc(c4Oc2c3-c2ccc(OC)cc2)OC)OC)(OC)OC5)C)C)ccc1 failed to sanitize.
21:38:24 <INFO> Sampled SMILES O=C1c2c3c(c(Cl)cc(c2-c2c1c(c(c(c2Cl)Cl)Cl)Cl)Cl)cc(Cl)c(Cl)c3 failed to sanitize.
21:38:24 <INFO> Sampled SMILES c1cc(N(c2ccccc2)c2ccc(-c3sc(-c4sc(c5OC(=Cc6cc(sc6-c5c4)C)C=C(C(O)=O)C#N)CCCCCC)c3)cc2)ccc1 failed to sanitize.
21:38:24 <INFO> Sampled SMILES c1cc(ccc1C(F)(F)F)-c1c2nc(c(c3c2ccc2c3c1c(-c1ccc(F)cc1)c(c2-c1ccc(F)cc1)-c1ccc(F)cc1)-c1ccc(F)cc1)C#Cc1ccc(cc1)F failed to sanitize.
21:38:24 <INFO> Sampled SMILES c1c(C=C2C(N(CC(=O)O)C(=S)S2)=O)ccc(c1)C=c1c(=O)n2c(=NC(C)=C(C(OC)=O)C2c2cc(ccc2)OC)c1 failed to sanitize.
21:38:24 <INFO> Sampled SMILES c1ccc(cc1)-c1c2c(c3c4c(cc(n3)-c3ccccc3)cccc4c2cc2ccccc12)-c1ccccc1 failed to sanitize.
21:38:24 <INFO> Sampled SMILES c1cc(ccc1)-c1c2c(oc3-c1cc(cc3)=[NH2+])cc(N(CC)CC)cc2 failed to sanitize.
21:38:24 <INFO> Sampled SMILES c1c(c2cccc1cc2)-c1c(oc2cc(ccc2c1)OC)=O failed to sanitize.
21:38:24 <INFO> Sampled SMILES n1(CCCCCCCC)c2c(ccc(c2)-c2ccc(s2)C=C(C#N)C(=O)O)c2c1c1n(c3c(c1c1n2cccc1)nc1ccccc31)CCCCCCCC failed to sanitize.
21:38:24 <INFO> Sampled SMILES c1cccc2c1c1c(ccc3[nH]c(CCc4sc(cc4)C=O)c(c3c1)CCCCCCC)cc2 failed to sanitize.
21:38:24 <INFO> Sampled SMILES C(CCC)n1c(c2c3c1c1c4c5c6c(c2cc5C(C)(c2cc(F)cc(c46)c31)CCCCCCCCCC)cc1C(N(CCCCCCCCCCCC)C(c1cc2)=O)=O)=O failed to sanitize.
21:38:24 <INFO> Sampled SMILES c1cc2-c(cc1C)c1c3c(cc(cc1c2)-c1ccccc1)ccc3 failed to sanitize.
21:38:24 <INFO> Sampled SMILES c1cc(ccc1)C#Cc1c2ccc(c3c2c(cc1)c(cc3C#Cc1ccccc1)C#Cc1ccc(cc1)C=C(C(=O)O)C#N)N(c1ccccc1)CC#C failed to sanitize.
21:38:24 <INFO> Sampled SMILES c12ccc(cc2oc(n1)-c1ccc(F)cc1)=C failed to sanitize.
21:38:24 <INFO> Sampled SMILES c1cc(ccc1)N(c1ccc(-c2ccc(s2)-c2cc3C4C(C(N(c5ccc(cc5)OC)c4c3)=O)C3C=CC(C2=3)=O)cc1)c1ccccc1 failed to sanitize.
21:38:24 <INFO> Sampled SMILES CCCCCCC(Cn1c2C(c3c(-c2c2CCc(n2)c2c(c4-c5ccc(cc5)C(C)(C)C)nccn4c12)(CCC3)CC(CC)CCCC)c1ccccc1)(CCCCCC)CCCCCC failed to sanitize.
21:38:24 <INFO> Sampled SMILES s1c(-c2c3c(oc4c2ccc(C)c4)cc(cc3)N(CC)CC)cc(c1)=C(C#N)C#N failed to sanitize.
21:38:24 <INFO> Sampled SMILES c1cccc2-c3c(cccc3)C3(c4c5n(c6c(c5cc3)cccc6)c3ccccc43)c21 failed to sanitize.
21:38:24 <INFO> Sampled SMILES c1c2c(C(=O)C(=Cc3sc(cc3)-c3c4c5c(cccc5)oc4cc3)O2)ccc1 failed to sanitize.
21:38:24 <INFO> Sampled SMILES c1ccc2c3ccc(-c4ccc5c6sc7ccc(N(c8ccc(C)cc8)c8ccc(C)cc8)cc7sc6c5s4)cc3n(c2c1)CC failed to sanitize.
21:38:24 <INFO> Sampled SMILES c1c2-c(cc(c1)=[N+](CC)CC)c1C(c3c(-c1s2)nc1c(c3)cccc1)(CC)CC failed to sanitize.
21:38:24 <INFO> Sampled SMILES c1(F)c2cc(c(F)c3nc(c(c4c3c2c(c(c1F)F)c(N1CCOCC1)c(-c1cc(F)c(F)c(c1)F)cc4)CCCCCCCCCCCC)F)F failed to sanitize.
21:38:24 <INFO> Sampled SMILES c1sc(C2=C(C(=O)N3CCc4c3c2ccc4)C#Cc2cc(C(=C(C#N)C#N)N)c(C=C(C#N)C(=O)O)cc2)ccc1 failed to sanitize.
21:38:24 <INFO> Sampled SMILES c1cccc2c3cc4c(cc3[n+](C)c12)cccc4 failed to sanitize.
21:38:24 <INFO> Sampled SMILES c1(=Cc2sc(cc2)-c2cc3n(CCCC)c4c(c3s2)cccc4)cc(-c2ccc3c(C(c4c-3ccc(C=C(C#N)C(=O)O)c4)(CCC)CCC)c2)n(n1)CCCC failed to sanitize.
21:38:24 <INFO> Sampled SMILES c12c(n(-c3c(c(C#N)c(c(c3-c3ccccc3)C#N)-c3ccc(cc3)-n3c4ccccc4c4ccccc34)C#N)-c3ccccc3)nc3c2cccc3OCC1 failed to sanitize.
21:38:24 <INFO> Sampled SMILES C1N(c2cc(=NCC)c(c(=C3C(=CC=C(N4Cc5ccccc5CC4)C=C3)[O-])cc2)C#N)CCOC1 failed to sanitize.
21:38:24 <INFO> Sampled SMILES C1(C(=C(Oc2c3c4c(c(Cl)cc3C(C=12)=O)ccc1c4cccc1)c1ccc(cc1)OC)OC)=O failed to sanitize.
21:38:24 <INFO> Sampled SMILES C1(N(C(C2=C(c3sc(-c4sc(c(CCCCCC)c4)-c4sc(-c5sc(C)cc5OCCCCCC)cc4)cc3N(CCC(C)C)C21)(C(CCCCCC)CCCCCC)C#N)C)=O)=O failed to sanitize.
21:38:24 <INFO> Sampled SMILES c12oc3cc(=[N+]4CCCCCC4)c-2c(c2ccc(N(CC)CC)cc2n1CC)CCC3 failed to sanitize.
21:38:24 <INFO> Sampled SMILES Fc1ccc(cc1)-c1c2ccc3c4-c5c(cc(cc5)C(C)(C)C)C(c4cc3c2c2c(c1C)Sc1cc(C(C)(C)C)ccc1-c1cc(C(C)(C)C)cc(-c3ccc(cc3)O)c1-2)(C)C failed to sanitize.
21:38:24 <INFO> Sampled SMILES c1cc2ccc3cc[n+](c4ccc(cc1)c2c43)C=Cc1ccc(cc1)N(C)C failed to sanitize.
21:38:24 <INFO> Sampled SMILES c1c(cc2c(c1)oc1c(-c3ccc(cc3)C)c3ccccc3c3CCCc1c32)C failed to sanitize.
21:38:24 <INFO> Sampled SMILES c1cc(C(C)C)cc2c1[o+]c1c(c(c(cc1-2)C)C(C)C)-c1c(cc(cc1C(O)=O)C(=O)O)N(CCC(C)C)CCC(C)C failed to sanitize.
21:38:24 <INFO> Sampled SMILES N1(C(c2c3c(cc4c(c2)cccc4)Oc2c4c5nc(oc5ccc4ccc13)-c1ccccc1)c1ccccc1-2)CCCC failed to sanitize.
21:38:24 <INFO> Sampled SMILES c1c(cccc1)-c1c2C(=O)c3ccccc3-c2oc2cc(NC(C)(C)C)ccc12 failed to sanitize.
21:38:24 <INFO> Sampled SMILES C(c1cccs1)=c1/c(n2c(=NC3=C(CCc21)C(CC)=C(C(OCC)=O)C3c1ccccc1)-c1c(cccc1)OC)=O failed to sanitize.
21:38:24 <INFO> Sampled SMILES n1c2c(nccc2)n(c2ccc(cc21)-c1ccc(C=C(C(=O)O)C#N)cc1)-c1ccccc1 failed to sanitize.
21:38:24 <INFO> Sampled SMILES n1c2c3c(c1)C=[N+](Cc3ccc2)c1ccccc1 failed to sanitize.
21:38:24 <INFO> Sampled SMILES N(c1ccc2N(c3ccccc3)C3C4CCC(c5c4ccc(N(c4ccccc4)c4ccccc4)c5)c(c32)c1)(C)C failed to sanitize.
21:38:24 <INFO> Sampled SMILES O=c1c2cnn(-c3ccccc3)c2c(oc1-c1ccc(Br)cc1)=O failed to sanitize.
21:38:24 <INFO> Sampled SMILES n12nc(c(c3c1c(sc3-c1c(cc(cc1F)OC)OC)cc(-c1ccc3c(OCO3)c1)n2)OC)-c1ccc(F)cc1 failed to sanitize.
21:38:24 <INFO> Sampled SMILES c12cc(-c3cc(Cl)c(s3)C)c3n4c2c(c(cc4cc2c(c(Cl)c4cc(Cl)ccc4c2)c1c3)Cl)=O failed to sanitize.
21:38:24 <INFO> Sampled SMILES c12C(N(CCCS(=O)([O-])=O)C(=O)c3c1c(n(C(C(=O)O)CC)c1ccc(C(=O)O)cc12)=O)ccc(c3)N(CCCC(O)=O)CC(O)=O failed to sanitize.
21:38:24 <INFO> Sampled SMILES c1c(N(c2ccc(c(c2)OC)-c2c3c(c(c4c2OCCO4)-c2sc4nc(c5c(nn(-c6ccc(OC)cc6)n5)n4)nc2cc3OC)OC)CC)cccc1 failed to sanitize.
21:38:24 <INFO> Sampled SMILES O1C(=Cc2ccc3n(C)c4cc5sc(c5cc4cc3c2OC)=C(C#N)C(O)=O)C2C(=O)N(C(C=C(C)C=Cc3ccc(-c4ccc(OC)cc4)cc3)=C2C1)CCO failed to sanitize.
21:38:24 <INFO> Sampled SMILES c1c2-c(ccc(=[N+](C)C)c2)c(-c2ccccc2C(O)=O)c2-c(cc([N+](=O)[O-])cc2)o1 failed to sanitize.
21:38:24 <INFO> Sampled SMILES c1(=Cc2sc(n(CC(C)C)c2=O)=NS(c2ccc(cc2)C)(=O)=O)n(c2c(c1)cccc2)CC failed to sanitize.
21:38:24 <INFO> Sampled SMILES c1(C)cc2c(cc1)-c1n(c(c3COC(=O)c(c31)cc2)=O)C failed to sanitize.
21:38:24 <INFO> Sampled SMILES c12sc(n1c1c(c(c2)-c2ccc(OC)cc2)cc2C(N(CCCCCCCC)C(=O)c2c1-c1ccc(cc1)C)=S)-c1ccc(-c2ccc(C=C(C(O)=O)C#N)s2)s1 failed to sanitize.
21:38:24 <INFO> Sampled SMILES c12cc3=[N+](C(C)(C)C=C(c3c(=[NH2+])c1)c1ccc(C(O)=O)cc1)c(c1CCCN=c12)cc1CCCCCn1c1ccc2NC(C=C(c2c1)C)(C)C failed to sanitize.
21:38:24 <INFO> Sampled SMILES c12c3c4c(c5cccc6cccc(c56)cc2)cccc4c(c3ccc1)-c1ccccc1 failed to sanitize.
21:38:24 <INFO> Sampled SMILES c1cccc2-n3c4c(cccc4c4cc(C#Cc5ccc(-c6nc(nc(-c7ccccc7)n6)-c6ccccc6)ccc53)cc4)C(c12)(C)C failed to sanitize.
21:38:24 <INFO> Sampled SMILES c1ccc2c(c(ccc2c1)N)C=c1c([nH]c(=Cc2ccccc2)c(CCCC)c1=Cc1c(OC)cccc1)=O failed to sanitize.
21:38:24 <INFO> Sampled SMILES c1ccccc1N(c1ccc(cc1)-c1ccc2c(C(=O)C(=CC=C3CCCC(=C3SCc3ccccc3)\C=C\C=c3/c(=O)n4c(=C(C(=O)OC)C(=O)N4CC)c3OCC)C2=O)c1)c1ccccc1 failed to sanitize.
21:38:24 <INFO> Sampled SMILES O=c1c(-c2cc(c(c(C)c2)OC)C)cc2c3c(oc(c3oc3-c2c1)c(c(C(OCC)=O)c3-c1ccc(C)cc1)C)-c1ccc(cc1C)C failed to sanitize.
21:38:24 <INFO> Sampled SMILES C(CCCCC)N1C(c2c3c(C1=O)cc1c4c(c(c3)C(O)=O)ccc(c4c(-c3ccc(cc3)OCCCCCC)c3c(c21)cccc3)OCCCCCC)=O failed to sanitize.
21:38:24 <INFO> Sampled SMILES c12n(CC)c(-c3ccc(-c4cc5c(Sc6c(N5CCCCCC)cccc6)ccc4OCCCCCC)cc3)nc1c1ccccc1c1c2cccc1 failed to sanitize.
21:38:24 <INFO> Sampled SMILES O=C(N1Cc2c(c(OCCCN)c(=O)n2CC1)-c1c(Cl)cccc1)c1ccccc1 failed to sanitize.
21:38:24 <INFO> Sampled SMILES c1ccn2c3c(n(c(-c4ccccc4O)n3)-c3ccc(Cl)cc3)c3ccccc3c2c1 failed to sanitize.
21:38:24 <INFO> Sampled SMILES c12c3ccc(c1ccc1cc(c(N(C)C)cc(cc2cc1)C)F)oc(=N)c3 failed to sanitize.
21:38:24 <INFO> Sampled SMILES c1cc(C(C)(C)C)cc2c1=C(c1ccccc1)c1c(=O)oc3cc(N(C)C)ccc3c1=C2 failed to sanitize.
21:38:24 <INFO> Sampled SMILES c1cnc(-c2ccc(C=c3c(OC)cc([nH]3)C=Cc3ccc(O)cc3)cc2)o1 failed to sanitize.
21:38:24 <INFO> Sampled SMILES C1C(N(c2cc3c(cc2S1)c1OC2C=C(c4ccccc4)CC(C=Cc4ccncc4)(c2cc1N(CCCC)CCCC)C=3)CC)(C)C failed to sanitize.
21:38:24 <INFO> Sampled SMILES c12c3cc(cc2C2(C4=CC5C(c6c4c(c4cccc(c24)cc3OC)ccc(c6)N2C3C(C=C5c4ccccc4OC32)(C)C)C)c2ccccc12)OC failed to sanitize.
21:38:24 <INFO> Sampled SMILES c1(C=C(C(O)=O)C#N)ccc(-c2cc3sc(-c4sc(-c5sc(c6c5n(c5CC(CCCCCC)c5c6)c2)CCCCCCCCCCN4)=S)cc3)s1 failed to sanitize.
21:38:24 <INFO> Sampled SMILES c1cc2-c(oc3[n+](c2-c2ccc(cc2)C)ccc(C)c3)cc1 failed to sanitize.
21:38:24 <INFO> Sampled SMILES c1c2c3-c4c(C(C)(C)c3cc1)c1c3c(cccc3ccc1)c4[C@@H](c1ccccc1)CC2 failed to sanitize.
21:38:24 <INFO> Sampled SMILES N#CC(=Cc1ccc(-c2ccc(-c3ccc4sc(C=C(C#N)C(=O)O)cc4s3)c3c2nc(c(-c2ccccc2)n3)-c2ccccc2)cc1)C(=O)O failed to sanitize.
21:38:24 <INFO> Sampled SMILES c1ccccc1C1C(=C(n2c(=C1)c(C#N)c(-c1cccs1)n2)C#N)C#N failed to sanitize.
21:38:25 <INFO> Sampled SMILES c1c(c2c3=Nc4ccc(C(=O)C)cc4C(c3c3c2c2c4c(c31)c(N(C)C)cc(-c1c(C(N(CCCC)CCCC)=O)cc(cc1)C)c4ccc2)=O)OCCCC failed to sanitize.
21:38:25 <INFO> Sampled SMILES C(c1cc2c3c(c(C#Cc4ccc(N(c5ccc(cc5)C#N)c5ccc(cc5)C#N)ccc4cc2)ccc3N(CCCC)CCCC)c1)=C(C#N)C(O)=O failed to sanitize.
21:38:25 <INFO> Sampled SMILES CNc1c(C)cc2c([o+]c3-c(c2-c2ccc(cc2)N2CCCCC2)ccc(N)c3=N)c1 failed to sanitize.
21:38:25 <INFO> Sampled SMILES c1ccc(C2N(C(=O)C3=C(C)N(C(C2=3)=O)C)c2ccc(C)cc2)cc1 failed to sanitize.
21:38:25 <INFO> Sampled SMILES c1(c(=O)c(c1=O)N)N failed to sanitize.
21:38:25 <INFO> Sampled SMILES c1(-c2ccc(-n3c4ccccc4c4c3cccc4)cc2)c2c(c3nccnc3c3ncccc32)oc2ccccc21 failed to sanitize.
21:38:25 <INFO> Sampled SMILES c1(N(c2ccc(-c3c4c5c(n(CCCCCC)c5cc3)ccc(c4)C=O)cc2)c2ccc(cc2)OCCCCCC)ccc(c2ccccc12)OCCCCCC failed to sanitize.
21:38:25 <INFO> Sampled SMILES c1(ccc2c3c(c4c(c12)cc(cc4)C#Cc1cnc(-c2nc(cc(c2)C#N)C#N)cc1)cccc3)C#Cc1cc(C#N)c(cc1C#N)C#N failed to sanitize.
21:38:25 <INFO> Sampled SMILES C1(CCC1)c1c2c(cc(C(C)C)cc2)oc2c1c1oc3cc(oc1c3c2)=[NH2+] failed to sanitize.
21:38:25 <INFO> Sampled SMILES c12Oc3c(ccc4n(CCCCCCCC)c5c(cccc5)c34)C(c2c2c([nH]1)c(-c1cc(CCCCCCCC)c(C=C(C(O)=O)C#N)s1)s2)(CCCCCCCC)CCCCCCCC failed to sanitize.
21:38:25 <INFO> Sampled SMILES C(F)(c1ccc2c(=O)c3c4c(c5cc6c(cc5c2=O)ccc(c6)Br)ccc(Br)c4c(c=1c3=O)=O)(F)F failed to sanitize.
21:38:25 <INFO> Sampled SMILES c12c3n(C)c(n(C)c3c(c(-c3ccc(OC)cc3)c1)C#N)=NS(=O)(=O)C=2C failed to sanitize.
21:38:25 <INFO> Sampled SMILES c1c2N(CCCCCC)c3c(Sc4cc(ccc43)-c3ccc(c(C=Cc4ccc(-c5ccc(S(c6ccccc6)(CCCC)c4ccc5)(=O)=O)c3)OC)OC)cc2ccc1 failed to sanitize.
21:38:25 <INFO> Sampled SMILES c12c3ccccc3c3n(c1cnc2)c[nH]n3 failed to sanitize.
21:38:25 <INFO> Sampled SMILES c1c(-c2c3=NC(=c3oc2=C2N=c3ccc(=C(O)c4ccc(F)cc4)cc3=C2c2ccccc2)c2ccccc2)ccc(C)c1 failed to sanitize.
21:38:25 <INFO> Sampled SMILES C(#N)C(c1scc(n1)-c1ccc(cc1)[N+]([O-])=O)=Cc1ccc2n1c1c([n+]2[O-])cccc1 failed to sanitize.
21:38:25 <INFO> Sampled SMILES O(C)c1cc(OC)cc(c1)-c1c2c(C(=O)C3=C(Cc4cc5Oc6c(cccc6)NC5=O)c5cccc(c5O2)C(=O)c4c(O)cc3)ccc1O failed to sanitize.
21:38:25 <INFO> Sampled SMILES C1(C)(c2sc(nc2-c2ccc(F)cc2N1C)=[N+](C)C)C failed to sanitize.
21:38:25 <INFO> Sampled SMILES O=c1oc2c(ccc3c2c2c(c3)oc(c3C(N(CCNC(=O)O)Cc(c23)c1Cl)=O)=O)-c1ccccc1C(OC)=O failed to sanitize.
21:38:25 <INFO> Sampled SMILES c1cc(ccc1C(C)(C)C)-c1c2-c(oc3c1n(cc3)C(c1ccc(C(F)(F)F)cc1)=O)cc(N(CC)C)cc2 failed to sanitize.
21:38:25 <INFO> Sampled SMILES c1(-c2c3c(oc4cc(=[N+]5CCCCC5)ccc-24)c(c2ccccc23)N2CCCCC2)ccccc1 failed to sanitize.
21:38:25 <INFO> Sampled SMILES c1ccc2nn(N)[n+](c2c1)=N failed to sanitize.
21:38:25 <INFO> Sampled SMILES c1(-n2c3ccc4cc5cc6cc7c8c(cccc8)c(C)cc7cc6c5cc5c4c3c3c(C(C(=O)N35)(C)C)c2)ccc(cc1)C failed to sanitize.
21:38:25 <INFO> Sampled SMILES c12c(c3ccc(-c4ccc(cc4)N(c4ccccc4)c4ccccc4)c4cccc(c34)c2ccc(N(c2ccccc2)c2ccccc2)c1)C=C(C#N)C(=O)O failed to sanitize.
21:38:25 <INFO> Sampled SMILES c1c(cccc1)-c1c(c(n2c(c(cn21)C=Cc1nc2ccccc2nc1)C)=O)C#N failed to sanitize.
21:38:25 <INFO> Sampled SMILES c1cc2OC(=C(C=CC(c3ccccc3)=Cc3ccc(OC)cc3)C=c2cc1)Cl failed to sanitize.
21:38:25 <INFO> Sampled SMILES c1c(-c2cc3c(c4c5c3c2ccc5C(N(c2ccc(-c3sc(-c5ccc(cc5)N(c5ccccc5)c5ccccc5)cc3)c3c2cccc3)C4=O)=O)C(C)(C)C)sc(c1)C=C(C(O)=O)C#N failed to sanitize.
21:38:25 <INFO> Sampled SMILES c12ccccc1c(-c1c(cc(cc1)C(C)(C)C)C(C)(C)C)n1c(cc(-c3ccccc3)c3ccccc31)n2 failed to sanitize.
21:38:25 <INFO> Sampled SMILES C(c1ccc([N+]([O-])=O)cc1)(=O)Oc1c(=O)c1=O failed to sanitize.
21:38:25 <INFO> Sampled SMILES C1(CCC2CCC(C)CC2Cl)CCC(N2C3CCCC3c3c2ccc(-c2c4c(-c5c(C4)cccc5)cccc2)c3)CC1 failed to sanitize.
21:38:25 <INFO> Sampled SMILES C1(c2ccc(Cl)cc2)=c2cc3c(cc2OC1=Nc1c(cccc1)Cl)oc1cc(N(CC)CC)ccc1c3 failed to sanitize.
21:38:25 <INFO> Sampled SMILES CC1(c2cc(c3c4c2[n+]2c1c(c(c(c2ccc3)-c1ccc(cc1C(C)C)C(F)(F)F)cc4)C)C)C failed to sanitize.
21:38:25 <INFO> Sampled SMILES c1c(-c2c3ccc(C)cc-3oc3cc(N(C)C)ccc23)cc[n+](c1)C failed to sanitize.
21:38:25 <INFO> Sampled SMILES o1c2c(cc(-c3c4c(oc5cc(ccc-45)=O)cc(cc3)N(CC)CC)c1=O)ccc(c2)N(CC)CC failed to sanitize.
21:38:25 <INFO> Sampled SMILES N(CCCN(C)C)(C(OC(C)(C)C)=O)Cn1c2c(c3cc(=[NH2+])ccc13)cc(cc2)Br failed to sanitize.
21:38:25 <INFO> Sampled SMILES c1cnccc1-c1n(C(F)F)c2-c3c(c4cnccc4n3C)-c3c2c(c1)ccc3 failed to sanitize.
21:38:25 <INFO> Sampled SMILES c1c(ccc(c1)Cl)N1C2C(CC=1)C(=O)N(C)C2=O failed to sanitize.
21:38:25 <INFO> Sampled SMILES C(CCC[N+]1c2ccc(cc2CC1=C1C(=O)C(=c2cc-2=C(c2ccc(N3CCOCC3)cc2)c2nnn(Cc3ccccc3)n2)C1=O)C(O)=O)CC failed to sanitize.
21:38:25 <INFO> Sampled SMILES c1(-c2c(C)oc(C(=C3c4cc(c(cc4=[N+](CC3)[O-])F)F)C)c2)ccc(N(C)C)cc1 failed to sanitize.
21:38:25 <INFO> Sampled SMILES c1c2c(=C(c3c(cc(N(CC)CC)cc3OC)C=2OCC)=C(C#N)C(=O)OC)ccc1 failed to sanitize.
21:38:25 <INFO> Sampled SMILES c12ccccc1c1ccccc1n2-c1cc2c(n(-c3ncc4c(c3)ccc3c5n(c6ccccc6c53)cn4)c3ccccc32)cc1 failed to sanitize.
21:38:25 <INFO> Sampled SMILES c1c(c2nc3C=C4CCCN4C(c3[nH]c2cc1)=O)Cl failed to sanitize.
21:38:25 <INFO> Sampled SMILES C1Cc2cccc3c2c(C1)c1c2c(cc(OC)cc2)c2OC(=C(c4c1c(c2c3)ccc4)C(C)C)C=Cc1ccccc1 failed to sanitize.
21:38:25 <INFO> Sampled SMILES c12c(c(=O)oc3c1c(CC(OCC)=O)c(C(=O)OCC)cc3)ccc2 failed to sanitize.
21:38:25 <INFO> Sampled SMILES C(c1c2ccc(cc2oc2C(N(Cc21)CC1OCCC1)=O)O)(=O)OC failed to sanitize.
21:38:25 <INFO> Sampled SMILES c12C(=O)N(C(c3cccn31)c1cc(OC)c(c(c1)OC)OC)Cc1ccccc12 failed to sanitize.
21:38:25 <INFO> Sampled SMILES c1(C#N)c(cc(cc1)-c1c2-c(oc3cc(N4CCCCC4)cc(c13)F)=n1c3c(cccc3)c(c1cc2)C)-c1ccccc1C#N failed to sanitize.
21:38:25 <INFO> Sampled SMILES c12ccccn1c1c(nc2=O)ccc(c1)C(C)(C)C failed to sanitize.
21:38:25 <INFO> Sampled SMILES N#CC(c1sc(C#Cc2ccc(OC)cc2)c(C#Cc2ccccc2)c1)#Cc1ccc(N(C)C)cc1 failed to sanitize.
21:38:25 <INFO> Sampled SMILES n1n(-c2ccccc2)cc(-c2cc(C=Cc3ncccc3)cc(C#N)c2)c2c1cccc2 failed to sanitize.
21:38:25 <INFO> Sampled SMILES C(#Cc1c(C=C(C#N)C(O)=O)cc(-c2ccc3c(n(CCCC)c4ccccc43)c2)cc1)c1cc2c3cccc4c3c(c3c2ccc2c3c3c(cc2)C(=O)N(C3=O)CC(CC)CCCC)c4n1CC(CC)C failed to sanitize.
21:38:25 <INFO> Sampled SMILES c12c(c3c(c4ncnc1c42)c(c(C#N)c3-c1ccc(cc1)N1CCCCC1)-c1ccc(N(c2ccccc2)c2ccccc2)cc1)C#N failed to sanitize.
21:38:25 <INFO> Sampled SMILES O(c1cc2c(-c3n(c(n3)-c3ccc(cc3)N(C)C)C3CCCCCC3)c3c(cc(cc3)OC)c(-c3ccccc3)c2cc1)C failed to sanitize.
21:38:25 <INFO> Sampled SMILES c12c(C#N)ccc3ccc4cc(cc(c5c4c3c(cc1)cc5)c2)OC failed to sanitize.
21:38:25 <INFO> Sampled SMILES c1c(c2c(cc(N(C)C)ccc2o1)N)=[NH2+] failed to sanitize.
21:38:25 <INFO> Sampled SMILES c12c(Oc3c(N2c2cc(S(F)(F)(F)(F)F)cc4ccc5c(c6c(o4)cccc6)c2)cccc5ccc3)cccc1 failed to sanitize.
21:38:25 <INFO> Sampled SMILES C1(=Cc2c3ccc(cc3cc3c2OCCO3)C=CC2=[N+](CCCC)c3ccc(-c4ccc(N(c5ccccc5)c5ccccc5)cc4)sc3C2(CCC)C1)C(O)=O failed to sanitize.
21:38:25 <INFO> Sampled SMILES s1c2c3sc4c(=O)n(CCCN(C)C)c(-c5ccc(Cl)cc5)c(c5nc6ncccc6c5n4)c3oc2cc1N(CC)CC failed to sanitize.
21:38:25 <INFO> Sampled SMILES c1ccc(-c2nc3n(cc(C[n+]4c(C)c(-c5ccc6c(c7sccc7n6)cc5)[n+](C)c4)cc3)c(n2)C)cc1 failed to sanitize.
21:38:25 <INFO> Sampled SMILES c12c(c3n(CCCC)c4ccc5c6c4c(c3c3c2ccc(c1)-c1ccc(CCC)cc1)cccc6c5ccc3)N(c1ccccc1)c1ccccc1 failed to sanitize.
21:38:25 <INFO> Sampled SMILES O=c1c2-c(c(c3ccc(N(C)C)cc3o2)C)cc2c(c1C)c(c(C)c(O)c2)-c1cc(cc(c1)C)C failed to sanitize.
21:38:25 <INFO> Sampled SMILES O(C)c1cc(-c2c3ccc(=[NH2+])cc-3nn2C)ccc1O failed to sanitize.
21:38:25 <INFO> Sampled SMILES [nH]1c(=O)c2c(N)c3c(nc2cc1)c1c(c3-c2ccccc2)cc2ccccc2c1 failed to sanitize.
21:38:25 <INFO> Sampled SMILES N(c1ccc(N(CC)CC)cc1)(c1ccc(C=Cc2ccc(=C3C=CC(=[N+]3CC)C=C(C)C)cc2)cc1)c1c(C)cc(cc1C)N=C=C=C=C=C=C failed to sanitize.
21:38:25 <INFO> Sampled SMILES c1cc(ccc1)N1C(=O)c2cc(c3c4c2c2c(cccc2c1O)C(=O)N(c4ccc3)CCCCCCCCCCCC)C(=O)O failed to sanitize.
21:38:25 <INFO> Sampled SMILES O=S(=O)(CCCCN1c2c(C(C)(C)Oc3cc(sc23)C=C(C(O)=O)C#N)ccc1)C failed to sanitize.
21:38:25 <INFO> Sampled SMILES C(n1c(c2c3c(CN(CC3)CC)c(=O)sc2c1C)=O)C failed to sanitize.
21:38:25 <INFO> Sampled SMILES n1c2c(nc(n3c2ncn3)N)sc1=NC failed to sanitize.
21:38:25 <INFO> Sampled SMILES Oc1c(C(C)=O)c2OC3(c4c5-c6c(c(O)c(OC)cc6OC)C(C=C5c(c32)c(O)c1)=O)c1cc2c(nc(cc2)C)c(c1C=C4)O failed to sanitize.
21:38:25 <INFO> Sampled SMILES C1CC(N(C1)C(OC(C)(C)C)=O)CN1C(c2c3c(C1=O)cc(c1ccc(c2c13)F)F)=O failed to sanitize.
21:38:25 <INFO> Sampled SMILES [nH]1c(=O)c(c(n1-c1ccc(CCCC)cc1)=S)C=C1C=COc2ccccc2O1 failed to sanitize.
21:38:25 <INFO> Sampled SMILES c1c2c(-c3ccc(cc3)-c3[n+](ccc(C)c3)C)ccc3c2c2c(cc3)ccc3c2c1ccc3 failed to sanitize.
21:38:25 <INFO> Sampled SMILES C1[C@@H]2C(n3c(-c4c(cccc4F)F)nc3CN2Cc2c(c(ccc2)F)C)C1 failed to sanitize.
21:38:25 <INFO> Sampled SMILES c1c2c(nc3c4c(nn(CCCCCCC)n34)c3ccccc32)ccc1 failed to sanitize.
21:38:25 <INFO> Sampled SMILES c1cc2N3c4c(cc(-c5ccc(s5)C=C(C(=O)O)C#N)cc4C)Cc4c3c(c2cc1)cccc4 failed to sanitize.
21:38:25 <INFO> Sampled SMILES c12cc3c(cc2cc2-c(cc(=[NH2+])cc2)oc1)oc(c(-c1cc(OCC(=O)NCCCCCC(=O)CCCC)ccc1)c3)=O failed to sanitize.
21:38:25 <INFO> Sampled SMILES CCCCCCn1c2ccc(cc2c(-c2ccccc2C=C(c2n(CCCCCC)c3c(c2)c2cc(sc2cc3)C=O)CCCC)c2ccc(-c3c(CCCC)cc(C=C(C#N)C(=O)O)cc3)cc12)CCCC failed to sanitize.
21:38:25 <INFO> Sampled SMILES c12ccc(c3C(=C(CCc(c23)c(N(C)C)c2c1nc1ccc(S([O-])(=O)=O)cc1c2)C(=O)NC(C)(C)C)C)=[N+](CC)CC failed to sanitize.
21:38:25 <INFO> Sampled SMILES c1(c2n3ccoc3c(C#N)c(c2c(cc1C)N)-c1ccccc1)=O failed to sanitize.
21:38:25 <INFO> Sampled SMILES c12c(cc(c(N(CC)CC)o2)=[N+]2CCCC2)OCCO1 failed to sanitize.
21:38:25 <INFO> Sampled SMILES c1cccc(-c2c3c4c(ccc5c4c(cc3)ccc5)c(c3cccc2c3Nc2ccccc2)C(C)=O)c1 failed to sanitize.
21:38:25 <INFO> Sampled SMILES n1(-c2ccc(cc2C#C)C#N)c2c(c3c1cc(-c1ccc(C#N)cc1)c(c1ccccc31)-n1c3c(cccc3)cc1)cccc2 failed to sanitize.
21:38:25 <INFO> Sampled SMILES CN(c1ccc(C=Cc2c3ccc(N(C)C)cc3oc3cc(ccc3-2)=[N+](C)C)cc1)C failed to sanitize.
21:38:25 <INFO> Sampled SMILES C(n1c(c2c(c1C)cccc2)=O)(C(=O)O)CC failed to sanitize.
21:38:25 <INFO> Sampled SMILES c1cc2c3c(c4cc(OC)ccc4c2cc1)c1nc2-c(cc(cc2)=[NH2+])nc1c1c3C(N(C1)C(C)C)=O failed to sanitize.
21:38:25 <INFO> Sampled SMILES C(CCOc1ccc2c3c4c(c5c2n1c(c1ccc(c2c(=O)n1n2c(c3CCC)=O)-c1ccc(cc1)CCCCCC)=O)cc5)CCCC4 failed to sanitize.
21:38:25 <INFO> Sampled SMILES CC(C(=O)OCCn1c(c2cc(c(nc2c1C)-c1nc(ccc1)C)N(C)C)=O)(C)C failed to sanitize.
21:38:25 <INFO> Sampled SMILES c1c2-c(oc3cc(N(CCCN(C)C)CC)ccc3c2-c2cccc(C)c2)cc(c1=O)-c1nc2c(o1)cc(cc2)N(CC)CC failed to sanitize.
21:38:25 <INFO> Sampled SMILES O=c1c(C#N)c(-c2ccc(-c3c(C#N)c(N4CCCCC4)nc(n3)-c3ccccc3)c(Cl)c2)c(-c2ccccc2)[nH]1 failed to sanitize.
21:38:25 <INFO> Sampled SMILES c12c(cccc1)c(Nc1ccc3c(c1)cccc3)ccc2-c1c2c(cc(cc2)N2CCCCC2)oc2cc(ccc21)N(c1ccccc1)c1cccc2c1cccc2 failed to sanitize.
21:38:25 <INFO> Sampled SMILES c1c(ccc2c1oc1-c(c2-c2ccc(cc2C(O)=O)C(=O)OCC(OCCCCCCCCC)=O)c2c(cc1)cc(cc2)N)OCC(CCCC)CC failed to sanitize.
21:38:25 <INFO> Sampled SMILES c1c(ccc(c1)N(CC)CC)-c1c(c(n2cc(cc2n1)C)=O)C=Cc1ccc(Br)cc1 failed to sanitize.
21:38:25 <INFO> Sampled SMILES C1(=C(c2oc3c4ccc(C)cc4[n+]4c(ccc(C(C)(C)C)c4)[n+]3c2)N2CCCc3cccc([o+]321)[O-])C=Cc1ccccc1 failed to sanitize.
21:38:25 <INFO> Sampled SMILES c1cc(ccc1C=c1n2c(c(CCC)c(CC)c2=O)sc1=C(C#N)C#N)F failed to sanitize.
21:38:25 <INFO> Sampled SMILES c1cc(oc1-c1ccc(cc1)[N+](=O)[O-])C=c1oc(c2c(c3ccccc3cc21)=Cc1ccc(OC)cc1)=O failed to sanitize.
21:38:25 <INFO> Sampled SMILES c1cc(c2c3c1cccc3ccc2)[N+]([O-])=O failed to sanitize.
21:38:25 <INFO> Sampled SMILES c1ccc2-c(c1)oc1c(c2-c2ccccc2C(OC)=O)cccc1 failed to sanitize.
21:38:25 <INFO> Sampled SMILES [O-][N+](=O)c1ccc(-c2c3c(oc4cc(=[NH2+])ccc-24)c(N(C)C)ccc3)cc1 failed to sanitize.
21:38:25 <INFO> Sampled SMILES c12cc(C(C)(C)C)cc(c2c2c3c(cccc3c1)ccc2)OC failed to sanitize.
21:38:25 <INFO> Sampled SMILES c1c2c(-c3c(C2(CC)CC)cc(cc3)C=C2C(C)=c3c(c(C#N)c([nH]3)=CC3=Cc4ccccc4S3(=O)=O)=[N+]2CC)ccc1 failed to sanitize.
21:38:25 <INFO> Sampled SMILES C1(N(C)n2c(C=1)c(c1cc(nn1c2)-c1ccc(OC)cc1)-c1ncccc1)c1ccc(cc1)Cl failed to sanitize.
21:38:25 <INFO> Sampled SMILES C1(OC(c2c(c(c3oc(c(-c4cc5c(oc6ccccc6[o+]5)c(Cl)c4)c3c2)C(C)C)C(C)C)O1)=O)=O failed to sanitize.
21:38:25 <INFO> Sampled SMILES c12cc(ccc1nc(CN1CCN(CC1)Cc1cc3OCOc3cc1)[nH]2)C=C1c2ccc(cc2C2=CC(C)(C)NC(CC(C)(C)C)C2=1)OC failed to sanitize.
21:38:25 <INFO> Sampled SMILES c1(-c2sc(cc2)-c2sc(-c3cc(cc(c3)C)C)c3nsnc32)nc(nc(C(C)(C)C)n1)-c1ccc(cc1)C(C)(C)C failed to sanitize.
21:38:25 <INFO> Sampled SMILES c1ccc2n(CCCCCC)c3ccc(-c4[n+](CCCCCC)c5c(cc(C=C(C([O-])=O)[N+]#[C-])sc5c4)=S)cc3c2c1 failed to sanitize.
21:38:25 <INFO> Sampled SMILES c1cccc2c1C(c1nc3ccc(cc3oc-21)N)=N failed to sanitize.
21:38:25 <INFO> Sampled SMILES c1(=O)n(cc(c(=O)n1C)Br)Cc1cc2-c3nc(COc4ccc(Cl)cc4C)sc3-c3c(C4(CCCC4)[n+]2cc2ccccc12)c(-c1c2c(ccc1)cccc2)c1ccccc31 failed to sanitize.
21:38:25 <INFO> Sampled SMILES c1(ccc(-c2sc3c(n2)ccc(-n2c4c5c6c(cc2c4=O)COC(=O)c6cc5)cc3)cc1)-c1ccc(cc1)OC1OCCCC1 failed to sanitize.
21:38:25 <INFO> Sampled SMILES C(C(Nc1c(ccc(OC)c1)-c1c2c(oc3cc(ccc31)N)cc(Br)c(c2)=O)=O)c1c2c([nH]c1)cc(cc2)Br failed to sanitize.
21:38:25 <INFO> Sampled SMILES c1c(-c2ccc(N(C)C)cc2)oc2c(-c3cccc(C#N)c3)ncnc2c1 failed to sanitize.
21:38:25 <INFO> Sampled SMILES c12cc3c(cc(N)c(C)n3)c3c1c1c(cc2)ccc(C(Nc2ccccc2)=O)c3ccc1 failed to sanitize.
21:38:25 <INFO> Sampled SMILES c1cc(-c2c3c(c(C=C(C(O)=O)C#N)c2-c2ccccc2)cccc3)ccc1N(c1ccccc1)c1ccccc1 failed to sanitize.
21:38:25 <INFO> Sampled SMILES C1CCN(C1)c1cc2cc3=[N+](C(c4ccc5c(c4N3CCC5)c2cc1)(C)C)CC failed to sanitize.
21:38:25 <INFO> Sampled SMILES c12c3c4c(c5c2c(ccc5)ccc4c(C#Cc2cc(c(cc2C#N)C#N)C#N)cc1)ccc3 failed to sanitize.
21:38:25 <INFO> Sampled SMILES c1cc2-c3c(cccc3)C(C)(c2c2c1n(C(C)(C)C)c(=O)n2)C failed to sanitize.
21:38:25 <INFO> Sampled SMILES c1(oc2c(n3c1c(CC)ccc3c(-c1ccccc1)cc2)=O)=O failed to sanitize.
21:38:25 <INFO> Sampled SMILES C1(=NC(c2ccc(cc2)-c2ccc(cc2)C(F)(F)F)=c2ccc(cc2O1)-c1ccc(cc1)OCCCCCC)c1ccc(cc1)OC(CCCCCCC)=O failed to sanitize.
21:38:25 <INFO> Sampled SMILES C(=C(C#N)C(=O)O)c1ccc(N(c2ccccc2)c2ccc(cc2)C=c2c(oc3c(cccc3c2)C(F)(F)F)=O)cc1 failed to sanitize.
21:38:25 <INFO> Sampled SMILES O(c1c2c3c4CCCc4c(oc3c(OC)c(c2C=CC(C)(O1)C)OC)=O)CC failed to sanitize.
21:38:25 <INFO> Sampled SMILES C(C)(C)(C)c1ccc(-c2c3c(c4[n+]5c2c(c2cccc(c52)c(-c2ccccc2)c2c4cccc2)ccc3)-c2ccccc2)cc1 failed to sanitize.
21:38:25 <INFO> Sampled SMILES c1c2cc3c4c(ccc(c1)c4ccn2)ccc3NCC failed to sanitize.
21:38:25 <INFO> Sampled SMILES c1(ccc(N2c3c(C(C)(C2(C)C)C)c2n(C(CC)=CC2c2ccc(cc2)N(c2ccccc2)c2ccc(cc2)C)c(c3C=CC=C2N(CC(CCCC)CC)c3c(cccc3)N2CCCC)CCCC)cc1)C(C) failed to sanitize.
21:38:25 <INFO> Sampled SMILES c1c(N(C)C)ccc(C=c2c3ccc(=Cc4ccc([N+](=O)[O-])cc4)oc3cc3C(=c4ccc5c(NC=C(C5=O)C)c4Nc32)c2ccccc2)c1 failed to sanitize.
21:38:25 <INFO> Sampled SMILES s1c(C=Cc2ccc(s2)C=C(C#N)C(=O)O)ccc1-c1cc2C3C(CC(c4c5c(c(N(c6ccccc6)c6ccccc6)ccc5)c1)cccc43)(CC2)C failed to sanitize.
21:38:25 <INFO> Sampled SMILES c1cc2c(oc3c(c2cc1C)ccc(c3)=[N+](CC)CC)=[N+](C)C failed to sanitize.
21:38:25 <INFO> Sampled SMILES c1c2n(-c3ccc4c(c3)c(C)c3c(o4)ccc(-n4c5ccccc5c5ccccc45)c3)c3ccccc3c2ccc1 failed to sanitize.
21:38:25 <INFO> Sampled SMILES C(c1c2c(ccc(c2)OC)c2c(o1)c(c(cc2C)C)O)=O failed to sanitize.
21:38:25 <INFO> Sampled SMILES N1C(=O)C(C(=O)N2C=1c1ccccn1C2=O)=Cc1ccc(s1)C=C1C(C=Cc2cc(N(C)C)ccc2O1)=O failed to sanitize.
21:38:25 <INFO> Sampled SMILES FC(F)(F)C1=NN(c2ccc(cc2)S(=O)(=O)O)C(C2CC3C(NN(c4ccc5-c6ccc([N+](=O)[O-])c6N(Cc6cc(OCCCC(=O)O)ccc65)C(=O)c4c3)C=CC=21)=O)NC(OC)=O failed to sanitize.
21:38:25 <INFO> Sampled SMILES c12cccc3ccc4c5c(sc4c(=O)c(c(c3cc1)-c1c(cccc1)C(=O)C)ccc1c3c(ccc1)nc(C(C#C)=C3)c3c5cccc3)c2 failed to sanitize.
21:38:25 <INFO> Sampled SMILES C(n1cc2c3c(cc(n31)=O)-c1n(c3ccccc3c1-c1ccc(C)cc1)C2)(C)C failed to sanitize.
21:38:25 <INFO> Sampled SMILES c1c(N(CC)CC)ccc2c(c(O)c3c(cc2c1)c(cc(c3)-c1ccc(OC)cc1)=S)-c1ccc(N(CC)CC)cc1 failed to sanitize.
21:38:25 <INFO> Sampled SMILES c1ccc2c(c1)c(C=c1c([nH]c(s1)=O)=c1sc(=Cc3ccc(cc3)N(C)C)c3c1=NC(N3C)=O)ccc2 failed to sanitize.
21:38:41 <INFO> Sampled SMILES c12c(oc3c4c([n+](CCCCCC(=O)NCCCCCN(CC)CC)ccc3c3cc(ccc-23)-c2ccco2)ccc[n+]4CC)ccc1 failed to sanitize.
21:38:41 <INFO> Sampled SMILES CCN(c1cc2oc3-c(oc4cc(=[N+]5CCN(CC5)C(CCOC(COC)C)=O)cc(cc2-4)c2ccc4cc(cc5c4-c4c(cc(cc4)C(=O)O)C5)c2c3)c1)CC failed to sanitize.
21:38:41 <INFO> Sampled SMILES O(C(=O)c1cc(C(=O)OCC)c2CSC(c2[nH]1)c1ccc(C#N)cc1)CC failed to sanitize.
21:38:41 <INFO> Sampled SMILES C12=C(C(c3cc4ccccc4cc3O)C3C(=O)CC(c4ccc(OC)cc4)CC=31)CCCC=2 failed to sanitize.
21:38:41 <INFO> Sampled SMILES C(CC#N)=Cc1ccc2c(c1)c1cc(C#Cc3ccc(cc3)-c3sc4c(c(cc(CCCCCC)c4)CCCCCC)s3)c(C=C(C(O)=O)C#N)cc1[nH]2 failed to sanitize.
21:38:41 <INFO> Sampled SMILES O1c2c(C=CC1=O)c(c1Cc(ccc(c1)c2)=[NH2+])-c1ccccc1C(=O)O failed to sanitize.
21:38:41 <INFO> Sampled SMILES c1cc(cc(C=O)c1O)-c1c2cc(cc(c3c(c(N)cc4NC(c2c43)=O)O)cc1)N failed to sanitize.
21:38:41 <INFO> Sampled SMILES c1(c2c3c(ccc2)ccc2C(=O)N(CCCCCCCC)C(c(c32)cc1)=O)=O failed to sanitize.
21:38:41 <INFO> Sampled SMILES Oc1c2oc(cc(=O)c2c(O)cc1)=O failed to sanitize.
21:38:41 <INFO> Sampled SMILES C(=c1sc(c(n1CCC(O)=O)=O)=c1sc(c(s1)=Cc1c([nH]c(n1-c1ccc(OC)cc1)=O)=O)=O)=C(C#N)C#N failed to sanitize.
21:38:41 <INFO> Sampled SMILES CCN(CC)c1ccc2c(c1)oc(=[N+]1CCCCC1)c-2 failed to sanitize.
21:38:41 <INFO> Sampled SMILES c1c2c(ccc3c2c2cc4c(cc5CCc6cc(ccc6-c5c4)CCCCCC)cc2cc3)cc1 failed to sanitize.
21:38:41 <INFO> Sampled SMILES c1ccccc1N(c1ccccc1)c1ccc2Sc3c4N(CCC(C)(c4c2)C)C(CCCCC)(c31)CCCCCC failed to sanitize.
21:38:41 <INFO> Sampled SMILES c1cc2c(-c3ccc4c5c6c(cccc6c4c3)sc3-c4c(ccc(c4)C#N)C(c35)(CC)CC)c3c(cc(cc3)-c3cc4c5c(CCCC5)n(CC)c4c4c3cccc4)cc2cc1 failed to sanitize.
21:38:41 <INFO> Sampled SMILES c1cccc(-c2c3nc(c4cccc5nc(cc(c35)c42)-c2ccccc2)-c2ccccc2)c1 failed to sanitize.
21:38:41 <INFO> Sampled SMILES O=c1c2ccc(cc2oc2-c1ccc(=[NH2+])c2)NCC failed to sanitize.
21:38:41 <INFO> Sampled SMILES c1c2N(CCCCCC)c3ccccc3C3(c2ccc1)c1c(-c2ccc(Br)cc21)cc(-c1sc(-c2ccc(cc2)Br)cc1)c3 failed to sanitize.
21:38:41 <INFO> Sampled SMILES C(CCCN1c2ccc(-c3cc(CCCCCC)c(-c4sc(C=C(C(O)=O)C#N)cc4OCCCCCC)c-3cc2)-c2c1cccc2)CCCCC failed to sanitize.
21:38:41 <INFO> Sampled SMILES c12ccccc1cc1c(n2)ccc2n(c3ccc(-c4ccc5-c6c(C7(c8ccccc8S7(=O)c7c6cccc7)c5ccc4)OC)ccc23)c1 failed to sanitize.
21:38:41 <INFO> Sampled SMILES c1cc2C(c3c4c(cc(s3)C=C3C(=O)N(C(=S)S3)CC(O)=O)ccc3-c(c(c34)c2)cc1)(C)C failed to sanitize.
21:38:41 <INFO> Sampled SMILES CN(c1cc2n(CCCCCC(O)=O)c3c(c4c(cc(cc4)N(CCCS(=O)([O-])=O)CCCC)cc3)c(S(=O)(=O)O)c2cc1)CCCC failed to sanitize.
21:38:41 <INFO> Sampled SMILES c1cc(-c2c(-c3ccc(N(C)C)cc3)c3=c1cccc3)cccc2 failed to sanitize.
21:38:41 <INFO> Sampled SMILES C(#N)C(C#N)=Cc1sc(-c2ccc(s2)C2=c3cc4C(C)(C)C(C=Cc4c4C(C)=C(C(c43)=C(C2(C#N)C#N)CC)C#N)=Cc2ccc(s2)C=C(C#N)C(=O)O)cc1 failed to sanitize.
21:38:41 <INFO> Sampled SMILES C(=O)(O)C(=Cc1ccc2C(=S)N(c3ccc(-c4sc(-c5ccccc5)cc4)cc3)C3=Nc2c2n(CCCCCC)c(=O)ccc21)C(OC3)=O failed to sanitize.
21:38:41 <INFO> Sampled SMILES c12c3c4c(c5cc(C)cc(c5c3cc(c(c2C(=O)NC1=O)-c1ccccc1)C(OCC)=O)C(c1ccccc1)=O)C4=O failed to sanitize.
21:38:41 <INFO> Sampled SMILES c12c3c(ccc1c1c4c5c6c(C(N(C(c6ccc54)=O)CCCCCC)=O)ccc21)c1c2c4c(c(c(C#Cc5ccccc5)c12)ccc4)c3 failed to sanitize.
21:38:41 <INFO> Sampled SMILES c1c(cn2c3C(N(Cc3cnc2c1)c1ccc(cc1)OC)=O)Br failed to sanitize.
21:38:41 <INFO> Sampled SMILES CCCCCC[N+]1=c2c(cc3c(cc(cc3)OC)c2)-c2ccc3c(c2C1(C)C)C(=O)c1c(F)ccc(c1-3)F failed to sanitize.
21:38:41 <INFO> Sampled SMILES c1c(N(C)C)cc2oc(=Nc3sc(nc3C3C=CC(=CC3)Cl)=NC(C)(C)C)ccc2c1 failed to sanitize.
21:38:41 <INFO> Sampled SMILES CC1(CC(c2c3N1C1CCCC1c1cc(-c4cc5c(Oc6c7c(ccc5)C(N(CCCCCC)C7=O)=O)ccc46)ccc-23)c2c(cccc2)-c2c1cccc2)COCCCCCCCC failed to sanitize.
21:38:41 <INFO> Sampled SMILES C(Cc1c2c(c(c3c1cc1c(c3)CCc3c-1cc1c(cccc1)c3)CCCC)[o+]c1cc(CCC)c(CCC)cc21)C failed to sanitize.
21:38:41 <INFO> Sampled SMILES c12-c(sc3c(ccc(N4CCOCC4)c3)o2)c2ccc(cc2c1-c1cccc(C)c1)N(C)C failed to sanitize.
21:38:41 <INFO> Sampled SMILES c12c3c4c5c6c(ccc5c(-c5cccc7sc8ccccc8c75)ccc2c4c(OC)cc1)cccc6c(SC)c3 failed to sanitize.
21:38:41 <INFO> Sampled SMILES c1c(cc(-c2c3ccc(N(C)C)cc3oc3cc(=[NH2+])ccc-23)c(c1)OC)S([O-])(=O)=O failed to sanitize.
21:38:41 <INFO> Sampled SMILES c1ccc2c(-c3[n+]4c5-c6c(C54c2c1C)cccc6c1c3cc(cc1)C(C)(C)C)ccc1C(c2cc(C(C)(C)C)ccc2C1(C)C)(C)C failed to sanitize.
21:38:41 <INFO> Sampled SMILES c1c(N(c2c(-c3ccccc3)cc(-c3c4cccc5C(c6ccccc6-c54)(c4ccccc4)c4ccccc34)cc2)c2ccccc2)cccc1 failed to sanitize.
21:38:41 <INFO> Sampled SMILES c12-c3c(C4CCCC4N2c2cc4c5c(c6ccccc64)CCCC5N4c2ccc2c4c(n(CCCC)c2=O)cc(c2ccccc23)CCCC)CCC1 failed to sanitize.
21:38:41 <INFO> Sampled SMILES c12c3c(ccc2)C(=O)N(C(c(c31)cc1-c2c(cc(cc2)-c2sc(C=C(C(=O)O)C#N)c(c2)CCCCCC)C1(CCCCCC)CCCCCC)=O)CCCCCC failed to sanitize.
21:38:41 <INFO> Sampled SMILES C1c2c3c(c4[o+]c5cc(ccc5c(c4cc2)-c2cc(cc(C(C)(C)C)c2)C(C)(C)C)-c2ccc(cc2)C(C)(C)C)CCCN3CC=1 failed to sanitize.
21:38:41 <INFO> Sampled SMILES c1cc(ccc1[N+](=O)[O-])C(c1c2ccc(cc2oc2cc(ccc21)[O-])[N+](=O)[O-])=O failed to sanitize.
21:38:41 <INFO> Sampled SMILES c12cc(-c3sccc3C)sc1cc(-c1ccc(N(c3ccc(cc3)OC)c3ccc(cc3)OC)s1)sc2CCCC failed to sanitize.
21:38:41 <INFO> Sampled SMILES c1(c2oc3c(c4nc(-c5ccc(cc5)-c5ccccc5)n(-c5ccccc5)c4ccc3n2c2ccccc2c1)-c1ccccc1)-c1ccccc1 failed to sanitize.
21:38:41 <INFO> Sampled SMILES c12c(=O)n(C)c(nc-1n(CCCN(C)C)c(c1c2ccc(NC)c1)=O)=O failed to sanitize.
21:38:41 <INFO> Sampled SMILES c1c(N(c2ccc(cc2)-c2cc3c(cc2)c(CCC)c2c([nH]3)cc(cc2)C=C(C#Cc2cccs2)C(=O)O)c2ccccc2)cccc1 failed to sanitize.
21:38:41 <INFO> Sampled SMILES c1(COC)ccc(-c2c(CCCCCC)cc(-c3cc4n5c(c(c4c3)-c3c(CCCCCC)cc(C)cc3CCCCCC)cc(C=C(C#N)C(=O)O)cc5)s2)s1 failed to sanitize.
21:38:41 <INFO> Sampled SMILES c12c3ccc(-c4ccc(N(c5ccc(cc5)-c5sc(C=C(C(=O)O)C#N)cc5)c5ccc6OC(C)(C)c6c5)ccc4O)cc3ccc2N(CCC1)c1ccccc1 failed to sanitize.
21:38:41 <INFO> Sampled SMILES c12c(c3c4c5c2c(o4)ccc5c(-c2ccccc2)c2=CC=Cc(cc3)c2)cc(-c2ccccc2)cc1 failed to sanitize.
21:38:41 <INFO> Sampled SMILES c1cc(-c2ccc(=NC#N)o2)sc1C=C1C(=O)NC(NC1=O)=S failed to sanitize.
21:38:41 <INFO> Sampled SMILES O=C(OCC)C(C#N)=Cc1sc(cc1)-c1cc2sc3cc(c4n(CCCC)c3ccc2c4c1)OCCCCCC failed to sanitize.
21:38:41 <INFO> Sampled SMILES C1COCCC1n1c(cc2c3c(oc12)c(c1n3CCC1)-c1ccc(F)cc1)=O failed to sanitize.
21:38:41 <INFO> Sampled SMILES C1CC2N(C)C(C=Cc3cc(N(c4ccccc4)c4ccccc4)ccc32)=CC=1c1cc2c3c(Oc4c(C5C(CCC5)=CC=4c3cc1)c1c3c(n(c1=O)CCC)cccc3)cc2 failed to sanitize.
21:38:41 <INFO> Sampled SMILES C(CC)CCCCC(=O)Oc1c2cc3c4c(c3cc2OCCCCCC)cc(cc4cc1)OCC(CCCC)CC failed to sanitize.
21:38:41 <INFO> Sampled SMILES c1(=O)c2cccc3c2c2c(nc4c(cc(F)cc4c(c2o3)F)=[c+]2Nc3c(F)c(F)c(c(F)c3C(c3cc4c(cc3)N(CC)c3c(cccc3)C(C)=4(C)C)=O)c(c21)N)[O-] failed to sanitize.
21:38:41 <INFO> Sampled SMILES c1cc(Cl)ccc1-c1c2nscc2c2c(-c3ccc(Cl)cc3)c3ccc(cc3c(Br)n2c1=O)Cl failed to sanitize.
21:38:41 <INFO> Sampled SMILES c1cccc2c3cc4oc5cc(ccc5c4cc3c3nc4c5nc(ccc5ccc4c(c13)CCCC)CCCC)s2 failed to sanitize.
21:38:41 <INFO> Sampled SMILES c1c2c(c3c(cc4n(c5c(cc(cc5)-c5nc6c7ccccc7sc6nc45)CC(C)C)c3oc2cc(N(CC)CC)c1)C=O)=O failed to sanitize.
21:38:41 <INFO> Sampled SMILES c1ccccc1C1(c2ccccc2-c2c1c1c(c3c4c5c(c3)C(CCN5CCC4)(C)C)c(n(c1[nH]c2C(C)(C)C)-c1ccccc1)=O)C failed to sanitize.
21:38:41 <INFO> Sampled SMILES c1(-c2c(-c3cc(-c4n(cc(n4)-c4ccc(cc4)N(C)C)-c4ccccc4)cc(C(=O)c4ccc5c(c4)C(C)(C)c4c-5cccc4)cc3)n(C(C)C)c3ccccc32)ccccc1 failed to sanitize.
21:38:41 <INFO> Sampled SMILES N(=C(c1ccc2c3c4c(cccc14)ccc3ccc2)C(=Cc1ccccc1)OC)C(OC(C)(C)C)=O failed to sanitize.
21:38:41 <INFO> Sampled SMILES c1cc2cc3c(cc2cc1)c1oc(c(-c2ccccc2)c(c1cc3)C=CC(CCCCCCCCC)=O)C=CC1C(C)(C)c2ccccc2[N+]=1C failed to sanitize.
21:38:41 <INFO> Sampled SMILES c1c2c(cccc2)c2c(c3cc4c(c(oc4cc3OC)=O)C(=O)OC)c(cc2c1)OC failed to sanitize.
21:38:41 <INFO> Sampled SMILES c1([n+](c2ccc3c(cccc3)o2)c(n1)C=Cc1ccccc1)-c1ccccc1 failed to sanitize.
21:38:41 <INFO> Sampled SMILES c1c2n(c(oc2cc(NC(CN(C)C)=O)c1)=O)=O failed to sanitize.
21:38:41 <INFO> Sampled SMILES c12c3cc4ccccc4c(c3ccc2=c2c(cccc2)=C(c2ccc3c(C4CCCC4N3c3cc4ccc5c6c4c(ccc6CCCCCCCC)ccc5c3)c2)N1CCCCCC)CCCCCC failed to sanitize.
21:38:41 <INFO> Sampled SMILES c1c(ccc2ccc3ccc4n(CC)c5ccc(N(c6ccc(cc6)OCCCC)c6ccc(cc6)Cl)cc5c4c3c12)=[N+]1C(c2ccc(cc2)C(OCCCC)C1)=O failed to sanitize.
21:38:41 <INFO> Sampled SMILES c1c2c(oc3c(n2)ccc(C(C)=O)c3)cc(c1)N(C)C failed to sanitize.
21:38:41 <INFO> Sampled SMILES c1cccc(N(c2ccc3c(c4ccccc4n3CCCC)c2)c2ccc3c(C(c4c(-c5c6C(C)(c7c(-c6cc5)cccc7)C)cccc4)(CC)CC3)c2)c1 failed to sanitize.
21:38:41 <INFO> Sampled SMILES C(c1ccc(-c2c3ccc4c5[nH]c(ccc5-c3cc(=[N+](CC)CC)c2)oc2c4c(cc(c2)OC)OC)cc1F)OCCN(C)C failed to sanitize.
21:38:41 <INFO> Sampled SMILES C(n1c2c3cc(s3)c3c(ccs3)c2c2c1ccc(c2)C=C(C#N)C(O)=O)CCCC failed to sanitize.
21:38:41 <INFO> Sampled SMILES c1(ccccc1)-c1c2c(c(-c3ccccc3)c3c4c(c5c(c31)cccc5)=CC(n1c3ccccc3c3ccccc31)C(=C4c1ccccc1)C)cccc2 failed to sanitize.
21:38:41 <INFO> Sampled SMILES c1c(cc2oc3-c(cc(cc3)=[N+]3CCCCC3)c(-c3ccccc3C(=O)NCC)c2c1)C failed to sanitize.
21:38:41 <INFO> Sampled SMILES c12-c3c4c(NC(=O)c1ccc4)ccc3C1C(N2c2ccc(C)cc2)CCC1 failed to sanitize.
21:38:41 <INFO> Sampled SMILES C(c1c2C=C(c3ccc(N(c4ccccc4)c4ccccc4)cc3)c3c(-c4ccc(cc4)C=C(C(=O)O)C#N)c4c(cccc4)c(-c4ccccc4)c3-2)c(c1-c1c(cccc1)C)-c1ccccc1 failed to sanitize.
21:38:41 <INFO> Sampled SMILES c1cc2c3c(c1-c1c4c(c(-[n+]5ccccc5)ccc4)ccc1N(C)C)cccc3c(cc2)N failed to sanitize.
21:38:41 <INFO> Sampled SMILES C(Cn1c2c(=C(c3ccc(cc3)C)C3=C2c2ccc(cc2CC3)OC)c2c1cc(c(OC)c2)OC)=C(C#N)C(OCC)=O failed to sanitize.
21:38:41 <INFO> Sampled SMILES c1c(ccc(C)c1)-c1c2ccc(=[NH+]c3ccccc3)c(-c3ccccc3)cc2oc(c1C(OCC)=O)C(F)(F)F failed to sanitize.
21:38:41 <INFO> Sampled SMILES O=c1n2n(CC=C)c(=O)cc2C2C(C3=CCCC=C3C=C2)n11c2c(cccc2)c2c1cccc2 failed to sanitize.
21:38:41 <INFO> Sampled SMILES c1(N(c2ccccc2)c2ccc(-c3sc(-c4ccc(C=C(C(O)=O)C#N)cc4)c4nsnc34)cc2)ccccc1 failed to sanitize.
21:38:41 <INFO> Sampled SMILES c1ccccc1C=Cc1c2cccc3c2c(cc1)ccc3 failed to sanitize.
21:38:41 <INFO> Sampled SMILES CC(NC(NC(C(OCc1ccco1)=O)Cc1ccc(cc1)-n1ncc(C(=O)C)c(c1C(=O)OCC)-c1cccc(F)c1)=O)=O failed to sanitize.
21:38:41 <INFO> Sampled SMILES o1c2c(n(-c3ccc4c(c5c(n4-c4cc(-c6nc(nc(n6)-c6ccccc6)-c6ccccc6)ccc4)cccc5)c3)c1)cccc2 failed to sanitize.
21:38:41 <INFO> Sampled SMILES C(C)CCCCN1c2c(OC1=c1c3ccccc3c(o1)C(O)=O)c(-c1oc(cc1)-c1ccc(OCCCCCC)cc1)c(OC)cc2C(=O)OCCCC failed to sanitize.
21:38:41 <INFO> Sampled SMILES c1ccc(N(c2ccccc2)c2ccc3c4c5oc(nc5c5c(cccc5)n4C(C)(C)C)c3c2)cc1 failed to sanitize.
21:38:41 <INFO> Sampled SMILES C(CC)CCCc1c(sc(-c2cc3c(s2)c(-c2cc4C(C)(C)c5ccccc5-c4cc2)cc(-c2c4c(c(cc2)C)c2c(n4CCCC)nc4ccccc4n23)(C)C)c1)C(C)(C)C failed to sanitize.
21:38:41 <INFO> Sampled SMILES c12n3C(=C(C#N)C#N)c4ccc(cc4-c3c1CCCc2cc1ccccc1c1ccccc1)C(C)(C)C failed to sanitize.
21:38:41 <INFO> Sampled SMILES c12nc(C)sc2c2c(c(nc(-c3c([nH]c4n(c(n(C)c4n3)=O)=O)C)n2)n1)N failed to sanitize.
21:38:41 <INFO> Sampled SMILES c1(ccc(cc1)-c1cc(c2c(oc3cc(N)c(C)cc3c2)c1)C(=O)OCC)=O failed to sanitize.
21:38:41 <INFO> Sampled SMILES c12ccccc1n(-c1ccc(cc1)C1N(CCCC)C(=O)C3C=1C(n1c3=NC(C)=C(C(C)=O)C=1)=O)cn2 failed to sanitize.
21:38:41 <INFO> Sampled SMILES c1cc(-c2n3n(ccc3=CC#N)nc2)ccc1C(C)=O failed to sanitize.
21:38:41 <INFO> Sampled SMILES c12cc(c3c(c1oc1cc(N)c(N)cc1c2-c1ccccc1[N+](=O)[O-])ccc(N)c3)NCCN failed to sanitize.
21:38:41 <INFO> Sampled SMILES c1(-c2[nH]c3c(n2)c(C)c(C)cc3)ccc2c(c1)c(C)c1C=CC(C)([N+](=c1n2)C)C failed to sanitize.
21:38:42 <INFO> Sampled SMILES c1(N(C)C)ccc(cc1)C=Cc1ccc(cc1)-c1n(c2c(n3cccc3c(C=Cc3ccccc3)c2=O)c1)CCCC failed to sanitize.
21:38:42 <INFO> Sampled SMILES Oc1ccc(-c2ccc3c4c2c2c5c6c(c4cc4C(N(c4c3)c3c(C)cccc3)=O)CCCc(cc6)c25)cc1 failed to sanitize.
21:38:42 <INFO> Sampled SMILES c12oc3ccccc3c(c-1cc(=[NH2+])cc2)NCC failed to sanitize.
21:38:42 <INFO> Sampled SMILES c1c2c3c4ccccc4c4c(c3cc[n+]2C)cc(Br)cc4cc1 failed to sanitize.
21:38:42 <INFO> Sampled SMILES C(C)(C)(C)c1c(c(cc(c1)C(C)(C)C)C1=C2C(C(=O)c3cc(cc(C(c4cc(cc(C(=O)O)c4)=O)=O)c32)OCC1)=O)O failed to sanitize.
21:38:42 <INFO> Sampled SMILES c12c(cc3c(c4ccc5c(cccc5)c4[o+]c31)C)oc(-c1ccccc1)c2 failed to sanitize.
21:38:42 <INFO> Sampled SMILES c1(N(c2ccccc2)c2ccccc2)ccc(-c2cc3c(C4C(C3c3sc(-c5cc6c(n(-c7ccc(OCCCCCC)cc7)cc6)cc5)CC3)CCC4)cc2)cc1 failed to sanitize.
21:38:42 <INFO> Sampled SMILES c1c2[nH]c(-c3ccc(cc3)C)c3ccc4oc(c(c4c32)cc1)C=NC failed to sanitize.
21:38:42 <INFO> Sampled SMILES C(CCc1c2cccc3c2c(c(cc3)C(=O)O)cc1)CCC failed to sanitize.
21:38:42 <INFO> Sampled SMILES c1(-c2cc(-c3ccc(C)cc3)c3c(c2)c(-c2ccc(C=C(C(O)=O)C#N)s2)nc(-c2ccc(N(c4ccc(cc4)C)c4ccc(cc4)C)cc2)n3-c2ccc(OCCCC)cc2)ccc(cc1)OCCC failed to sanitize.
21:38:42 <INFO> Sampled SMILES O=[N+](c1cc(c(C#Cc2ccc3c4c2c2c(cccc2c4C(=O)N(C)C)c(C#Cc2ccc(cc2)[N+](=O)[O-])c3)cc1OC)OC)[O-] failed to sanitize.
21:38:42 <INFO> Sampled SMILES c1(ccc2c3c(c4cc(cc5c4n3c3c(c4ccccc4[n+]3C)c5)3c(c(ccc3)OC)c2c1)-c1ccccc1)OC failed to sanitize.
21:38:42 <INFO> Sampled SMILES C(C)(C)NS(=O)(=O)c1ccc(C#Cc2c3ccc4cc(cc5oc(cc3)c(-n4[nH]c(c3)c(C(OCC)OCC)c(OCC(OCC)=O)c3C(OCC)=O)c5cc2)F)cc1 failed to sanitize.
21:38:42 <INFO> Sampled SMILES c12c3c(C(N(C3=O)CCCCCC)=O)c3c(c4ccc5nc6ccccc6c(c5c4)-c4ccc(s4)CCCCCC)c(-c4ccccc4)c(C#Cc4sccc4)c3c1Oc1ccccc1C2=O failed to sanitize.
21:38:42 <INFO> Sampled SMILES CCCCCCCCn1c2cccc3ccc(c4c(c2c2cc(ccc12)OCCCCCC)cc4)c3cc1cc(OCCCCCC)c(cc1=O)CCCCCC failed to sanitize.
21:38:42 <INFO> Sampled SMILES C1(C(=O)C(C(C)=CC=Cc2cc3c(cc2)n(c2ccccc32)C)=C(C(=O)C=1C#C)O)=O failed to sanitize.
21:38:42 <INFO> Sampled SMILES c1(cc2c(nc3c(c(-c4ccccc4)c2-c2ccc(C)cc2)-c2ccsc2C#CC3)cc1)N failed to sanitize.
21:38:42 <INFO> Sampled SMILES c1c(cc2-c(c1)oc1cc(ccc1c2-c1ccc(N(C)C)cc1)N1CCCCC1)=[NH2+] failed to sanitize.
21:38:42 <INFO> Sampled SMILES c1c2ccc(cc2ccc1)-c1c2c(c3c(ccc(Br)c3)nc2n2CCCc2n1)N failed to sanitize.
21:38:42 <INFO> Sampled SMILES C(N(C)C)CN(c1cc2oc3-c(c(CC)c2c2c1ccc(c2)N(C)C)cc(=[N+](C)C)cc3)C(C)=O failed to sanitize.
21:38:42 <INFO> Sampled SMILES N1(C(c2c(C1=O)c1c(ccc3c1c(cc3)N(C)C)cc2)=O)C(CCCCCC)CCCCCC failed to sanitize.
21:38:42 <INFO> Sampled SMILES C(=c1cc2c3c(c1)=c1ccccc1=c3ccc2)(c1nnn(c1C#N)CC(CC)=C=C(C)C(O)=O)[O-] failed to sanitize.
21:38:42 <INFO> Sampled SMILES C(c1c2c(=NOC(C)(C)N=2)o[n-]1)#N failed to sanitize.
21:38:42 <INFO> Sampled SMILES c1c2C(c3ccccc3C34c2c(Oc2ccccc23)cccc4c1-c1ccc(cc1)[N+]([O-])=O)=O failed to sanitize.
21:38:42 <INFO> Sampled SMILES c1cc(ccc1)C1c2c(c3c4N(c5ccccc5S4)CCCc3s2)C(=CC=1C=Cc1ccccc1)OC failed to sanitize.
21:38:42 <INFO> Sampled SMILES c12ccc(s2)c2sc(cc2c1-c1sc2c(c1)-c1c(cc(s1)C=C(C(O)=O)C#N)C2(CCCCCCCC)CCCCCCCC)N(c1ccccc1)c1ccccc1 failed to sanitize.
21:38:42 <INFO> Sampled SMILES C1CCN(C1c1cc2OCOc2cc1)c1ccc2c(OC)cc(C=CC=CC3C(C)(c4c(c5ccccc5cc4)[N+]=3CC)C)cc2o1 failed to sanitize.
21:38:42 <INFO> Sampled SMILES CC1C(C=C(C=C(C(F)(F)F)C(F)(F)F)C=1C=CC(CC)=c1oc2cc(N(C)C)ccc2c=1)C failed to sanitize.
21:38:42 <INFO> Sampled SMILES C(CCCCC)CCN1c2c(Sc3c1ccc(-n1c4c(c5cc6cc7c(cc6oc5=O)N(CCCC7(C)C)C)ccc41)cc3)nc1c(n2)cc(c(Br)c1)Br failed to sanitize.
21:38:42 <INFO> Sampled SMILES C1COCCN1c1ccc2cc3-c(cc(=[NH+]CC)c4cc(NCC)ccc4n3)oc-2c1 failed to sanitize.
21:38:42 <INFO> Sampled SMILES c12c3c(C(N(C1=O)CCCCCCCCBr)=O)c1ccc(=O)ccc-3c(C)c1cc2 failed to sanitize.
21:38:42 <INFO> Sampled SMILES c12cccc3c4c(c(C#Cc5ccc6c(c7c(ccc(c7)OC)c6)c(C#Cc6ccncc6)c5OC5=C(C(OC5=O)=O)C#O)c(cc1)c23)cccc4 failed to sanitize.
21:38:42 <INFO> Sampled SMILES C(CC)CCC[N+]1=c2c3c4c(ccc5C(=[N+](CCCCCC)c3cc4)CCC5)oc2=[N+](CCCC)C1=O failed to sanitize.
21:38:42 <INFO> Sampled SMILES c12n(c3c(nc(s3)-c3ccc(cn3)-c3cc4c(c5C6C(N(c7ccc(C=C(C(=O)O)C#N)c7)c5cc4O3)cccc6)OC)c2cccc1)CC failed to sanitize.
21:38:42 <INFO> Sampled SMILES c12ccc(N(CC)CC)cc1Sc1cc(N(CC)CC)ccc1-c1[n+]2c(c2c3c(N4CCCC1CC4)c=32)Oc1ccccc1 failed to sanitize.
21:38:42 <INFO> Sampled SMILES n1c2c3c(c4c(n3CCCCCCCCCC)=c3oc5c(n3)c3c6c(c5=O)ccc(c6ccc3c4)-c3ccccc3)oc3csc(c32)cc1 failed to sanitize.
21:38:42 <INFO> Sampled SMILES c1c(F)cc2c3c(C(CC(=O)O)CN3CCC2)c1 failed to sanitize.
21:38:42 <INFO> Sampled SMILES c1(=O)c(-c2cc3c4cc(C(C)(C)C)cc5ccc(c6c5c4c4c(ccc(c3)c64)cc2)c2ccc(cc2)O)cc(-c2ccc(cc2)C(C)(C)C)[nH]1 failed to sanitize.
21:38:42 <INFO> Sampled SMILES CC(C)(C)c1cc(C=Cc2cc[n+](CCCS(=O)(=O)[O-])cc2)c(C(CC)C(CC)(C)C)cc1C=c1c2c(cc(cc2)C(C)(C)C=Cc2c3cccc4c3cc(C[n+]3cnc(C(C)(C)C)cc3)cc24)n1C failed to sanitize.
21:38:42 <INFO> Sampled SMILES S(=O)(CCCC1(C=Cc2cc3c([o+]c2C2CCCCC2)cc2N(CCCS(O)(=O)=O)c4ccc(C(C)(C)C)cc4Nc2c(C#Cc2ccc(cc2)C(O)=O)c1)N3CCCCS(=O)([O-])=O)(=O)O failed to sanitize.
21:38:42 <INFO> Sampled SMILES n1n2c(C(C)C)c(c(C(C)=O)cc2c2ccc(N3CCN(CC3)CC)cc2c1=O)C(NC(C)(C)C)=O failed to sanitize.
21:38:42 <INFO> Sampled SMILES c1ccccc1-c1cc(oc2c3c4NCCc4cc3[o+]c(C(C)(C)C)c12)=O failed to sanitize.
21:38:42 <INFO> Sampled SMILES C(=O)(O)C(=Cc1sc2c3sc(-c4ccc(-n5c6c(c(-c7sccc7)cc5)cccc6)c4)sc3ccc2c1)C(=O)O failed to sanitize.
21:38:42 <INFO> Sampled SMILES o1c2cc(NCC)cccc-2c(c(c1=O)NCC)C(=O)[O-] failed to sanitize.
21:38:42 <INFO> Sampled SMILES Cc1c2c(-c3cc(ccc3)C(F)(F)F)nn(-c3ccc(cc3)OC)c2nc2n1nc(c(c2C(=O)OCC)-c1oc(C=C(C(O)=O)C#N)cc1)-c1ccccc1 failed to sanitize.
21:38:42 <INFO> Sampled SMILES c1c(cccc1)-c1c(C)c2-c(c(-c3cc4ccc(cc4cc3)OC)c3ccc(N(C)C)cc3o2)c2cc(sc21)C(O)=O failed to sanitize.
21:38:42 <INFO> Sampled SMILES c1cc2c3cccc4c5ccc6c(c53)c(ccc6cc4)c2cc1 failed to sanitize.
21:38:42 <INFO> Sampled SMILES c1c2c3cc4cc5c6c(n(nc6c(=O)c5c4c3cc(-c3cccs3)c2)C)cccc1 failed to sanitize.
21:38:42 <INFO> Sampled SMILES CCCCCCc1ccc2c(C3c4c5c6C23C(CC(C6=O)CC4)c5cc2c3c(nsn3)c(Br)c3c2nc(C=C(CCC)C#C)n3CCCCC)c1 failed to sanitize.
21:38:42 <INFO> Sampled SMILES c1c(Cl)ccc(N2c3c(cc(cc3)S(=O)(=O)O)C(CCCC(=O)O)(C)C2=CC=CC2C(C)(c3c(ccc4cccc=34C)[N+]=2C)C)c1 failed to sanitize.
21:38:42 <INFO> Sampled SMILES c1ccc2c(c[o+]c(-c3ccccc3)c2c1)-c1ccc(-c2c3c(oc4cc(ccc42)N(CC)CC)cc(cc3)N)cc1 failed to sanitize.
21:38:42 <WARN> Sanitized SMILES COC(=O)c1nc2n(c3c(Cl)c([nH]1)c3Cl)C1=C(c3nc(C(=O)[O-])c4c(c3=C1)C(=O)n1c-4cc(N(C)CCO)cc1=O)C(C)(C)N=2 found to be invalid.
21:38:42 <INFO> Sampled SMILES c1c(ccc(c1)C(=O)O)-c1sc2c(n1)c1CCCc3cccc(c3oc1-c1sc(N(c3ccccc3)c3cccc4ccccc43)cc1)c2 failed to sanitize.
21:38:42 <INFO> Sampled SMILES c1(-c2ccc3n(CCCCCC)c4ccccc4c3c2)ccc(c2c1nc(-c1c3ccccc3ccc1)c1-c(n2)c2c(cc1)cc(cc2)-c1ccc(cc1)OCCCCCC)OCCCCCC failed to sanitize.
21:38:42 <INFO> Sampled SMILES CC(C)(c1cc2c3c(nc4cc(ccc4c3nc2c(-c2cc3c(OCCO3)cc2)c1)-c1cn(nc1-c1c(cc(cc1)OC)OC)CC(CCCCCCC)CCCCCCCCC)C(C)(C)C)C failed to sanitize.
21:38:42 <INFO> Sampled SMILES C(C)(C)(C)c1cc2c3c4c(ccc3oc2cc1)n(-c1c(-n2c5c(cccc5)c3ccccc32)cc(C#N)cc1)ccc4 failed to sanitize.
21:38:42 <INFO> Sampled SMILES C(CC)n1c(c2n3c(c4c(oc(-c5ccc(F)cc5)c4-c4ccc(C)cc4)c3)n2c1C)=O failed to sanitize.
21:38:42 <INFO> Sampled SMILES c1(c2c(cc(cc2)NCCC(C)C)nc2c1cccc2)=Cc1ccc(cc1)F failed to sanitize.
21:38:42 <INFO> Sampled SMILES c1c2c(oc(=O)c(-c3ccccc3)c2ccc1OC)=O failed to sanitize.
21:38:42 <INFO> Sampled SMILES n1c2ncn(c(c-2n(C)c2c1=c1c3c(cccc3c3cc(c(c(C)c3cc21)N)C)C)=O)C failed to sanitize.
21:38:42 <INFO> Sampled SMILES O=c1n2c(scc2C)c2cc3c(n(CCCCC)c4cc(c(cc43)CCCCC)CCCCC)cc12 failed to sanitize.
21:38:42 <INFO> Sampled SMILES c1c(cccc1)-c1c2cccc3c(-c4ccccc4)c([n+]2c(-c2ccc(cc2)O)c3-c2ccc(OC)cc2)cc1C(C)(C)C failed to sanitize.
21:38:42 <INFO> Sampled SMILES c1ccccc1-c1c(N2CCCCC2)cc2cc3c4c5c(C(N(C5=O)CCCCCC)=O)ccc5c4c(cc3)c(cc3c5c1c(c(c3)C(=O)C)-c1ccccc1)c2 failed to sanitize.
21:38:42 <INFO> Sampled SMILES c1c(cccc1NC(=O)c1cc(-c2c3ccccc3c3c4ccccc4cn(CC)c3c2)on1)OC failed to sanitize.
21:38:42 <INFO> Sampled SMILES c1(c(-c2nc3ccccc3c3c2c2c(s3)cccc2)c(oc2ccccc12)-c1ccccc1)-c1ccccc1 failed to sanitize.
21:38:42 <INFO> Sampled SMILES c1cccc(-c2c(-c3ccccc3)c3c(cc(O)c(O)c3)[o+]c3ccc(cc32)Cl)c1 failed to sanitize.
21:38:42 <INFO> Sampled SMILES C(CN1c2c(-c3c(Oc4ccccc42)cccc3)ccc1)C(C(C)(C)C)=O failed to sanitize.
21:38:42 <INFO> Sampled SMILES c12c(-c3ccc(cc3)OC)ccc3c1c1c(ccc4CCc(cc1)c43)cc2 failed to sanitize.
21:38:42 <INFO> Sampled SMILES c1c2c(c3c(c([nH]2)-c2ccc(cc2)OC)cnc(c3)-c2ccc(cc2)C)cc(OC)c1 failed to sanitize.
21:38:42 <INFO> Sampled SMILES N(c1ccc(C=Cc2ccc(C=Cc3c(n(c(=O)n3C)-c3ccccc3)=S)cc2)cc1)(c1ccc(C=Cc2ccccc2)cc1)c1ccccc1 failed to sanitize.
21:38:42 <INFO> Sampled SMILES c1ccccc1-c1cc2c3c(ccc4sc(N)c(c5nc(c(c6c5c(o4)ccc6)C=Cc4ccccc4)-c4ccccc4)c2s1)-c1c3cccc1 failed to sanitize.
21:38:42 <INFO> Sampled SMILES C1(C)(C)Cc2ccc(cc2N(c2c3c(ccc2)cccc3)C2C=1C=CC=C2)C=C1C(=O)NC(NC1=O)=O failed to sanitize.
21:38:42 <INFO> Sampled SMILES c1ccc2c(nc3n(-c4cc(ccn4)C(C)(C)C)c4c(cc(cc4c3=O)C(C)(C)C)C(C)(C)C)cc2c1 failed to sanitize.
21:38:42 <INFO> Sampled SMILES c12cc(=[NH2+])ccc-2oc2cc(N(C)C)ccc2c2-c1cc(c(c2)N)C failed to sanitize.
21:38:42 <INFO> Sampled SMILES n1(-c2c(-c3ccc(cc3)N(c3ccc(-c4ccc(C(F)(F)F)cc4)cc3)c3ccc(cc3)-c3sc(-c4ccc(cc4)C(O)=O)cc3)c3c(cccc3)c3c2nccc3)ccccc1 failed to sanitize.
21:38:42 <INFO> Sampled SMILES O=c1c2ccc(cc2oc2cc(=O)c(cc-21)N)S(=O)(O)=O failed to sanitize.
21:38:42 <INFO> Sampled SMILES c12cc3C(C(=C(CCC=C(C)C)C=3c3[n+]4c5c(c(c(-c6ccccc6)c4-c1cccc2)-c1ccccc1)cccc5c(-c1sccc1)cc3)(C)C)CC failed to sanitize.
21:38:42 <INFO> Sampled SMILES c1ccc2oc3c(cnc4ccccc43)c(-c3ccc(OC)cc3)c2c1 failed to sanitize.
21:38:42 <INFO> Sampled SMILES Cc1ccc(-c2c3ccc(c4c3c(c3cc(c2c34)C)-c2ccc(cc2)C)C(OC)=O)cc1 failed to sanitize.
21:38:42 <INFO> Sampled SMILES c1c(-c2ccc(cc2)C#N)nn2CCN(Cc12)CCCN1C(=O)C2CCCCC2N=1 failed to sanitize.
21:38:42 <INFO> Sampled SMILES c1c2c(c3cc(OC)ccc3c3ccc(c4ccc1c2c43)OC)OC failed to sanitize.
21:38:42 <INFO> Sampled SMILES c1c(ccc(C=Cc2ccc(N(C)C)cc2)c1)N(c1ccc(cc1)C=CC1CC(CC(=O)ON=c2cc3-c(oc4cc(ccc4n3)N(C)C)n2CCCC)(CC)S(=O)(C=1SC)=O)CCCS([O-])(=O)=O failed to sanitize.
21:38:42 <INFO> Sampled SMILES c1cc2cccc3c(-c4c5ccc6c7c(ccc(c76)c(-c6ccc(cc6)C)c4)cccc5)ccc(C#N)c1c23 failed to sanitize.
21:38:42 <INFO> Sampled SMILES CCCCCCn1c2ccc(cc2c2c1cccc2)-c1oc(-c2ccc(-c3sc4c(C(c5ccc(N(c6ccccc6)c6ccccc6)c5)cc4)(CC)CC3)c2)cc1 failed to sanitize.
21:38:42 <INFO> Sampled SMILES c1c2c(ccc3c2c2c(c3-c3n(C)c4cc(C=C(C(OC)=O)C#N)ccc43)nsn2)ccc1 failed to sanitize.
21:38:42 <INFO> Sampled SMILES C(Cn1c2c(c(-c3oc4c(cc(cc4)CCCCCC)c3)c3c1c1c(s3)cc(cc1)-c1ccc(C=C(C#N)C(=O)O)s1)c1c(n2CCCCCC)cccc1)CCC failed to sanitize.
21:38:42 <INFO> Sampled SMILES c1ccc2C3C(N(c2c1)c1ccc(cc1)C(C)(C)C)c1c2c(ccc1)c(-c1ccc(C(C)(C)C)cc1)c1ccc(C=CC(=O)O)c1c32 failed to sanitize.
21:38:42 <INFO> Sampled SMILES c12c3cc4ccccc4c1oc(=O)c1cc(c4c(=O)oc(cc1)cc2)c4c3 failed to sanitize.
21:38:42 <INFO> Sampled SMILES c1cc2c(nn(-c3c4c5c6c(C(c4cc5)=O)cccc6ccc3)c2)cc1 failed to sanitize.
21:38:42 <INFO> Sampled SMILES c1cc(sc1C=C(C(O)=O)C#N)C1=C2C(S(=O)(=O)=O)=CC(=C2CC1=NS(=O)(=O)[O-])c1ccc(-c2cccs2)s1 failed to sanitize.
21:38:42 <INFO> Sampled SMILES c12c(c(nc(-c3ccc4C(N(C(c4c3)=O)CC(CC)CCCC)=O)n2CCCC)-c2ccc3N(c4ccc(C#N)cc4)C4C(CC(CC4)C)C3C(Nc2ccc1)=O)-c1ccc(s1)C=C(C(=O)O)C#N failed to sanitize.
21:38:42 <INFO> Sampled SMILES c12c3c4c5c(cccc5cc2CCCCC)c2oc5c(ccc(c5c4c(c4c2ccc(c4)c(c3)C(CCCCC)=O)-c2ccc3c4c(cc(CCCCCC)c32)c1)ccc4)-c1ccc(CCCCCC)cc1 failed to sanitize.
21:38:42 <INFO> Sampled SMILES c1(-c2cccc3ccccc32)c2c3c4c(c(-c5ccccc5)c(c5c4c(c2cc1)ccc5)-c1ccccc1)c(cc3)-c1ccccc1 failed to sanitize.
21:38:42 <INFO> Sampled SMILES C(CCCCC)n1c2c(ccs2)c(c2c(=O)n(CCCCCC)c(=O)c(C=CC(OC)=O)c12)=O failed to sanitize.
21:38:42 <INFO> Sampled SMILES CC(C)(C)c1ccc2c(c1)N(c1ccc(C(C)(C)C)cc1)c1cc3c(cc4c5c6c(ccc5cc1)ccc6ccc43)c2 failed to sanitize.
21:38:42 <INFO> Sampled SMILES c1c(ccc(C#Cc2c3cc4c5N(c6ccccc3C(c6ccc4)(C)C)c3c(cc(C(C)(C)C)cc3)s5)cc2c1)S(c1ccccc1)(=O)=O failed to sanitize.
21:38:42 <INFO> Sampled SMILES c1(-c2ccc(-c3nn(CCCCCCCC)nn3)cc2)cc(-c2nc3c4c(cccc4)c4ccccc4c3n2-c2ccc(cc2)CCCC)s1 failed to sanitize.
21:38:42 <INFO> Sampled SMILES c1c(N(c2ccc3c4ccc(C=C(C#N)C(O)=O)cc4ccc32)c2ccccc2)cccc1 failed to sanitize.
21:38:42 <INFO> Sampled SMILES c1c2c3c4c(c(ccc4ccc3c(OC)c3C(N(CCCCCCCCCCCC)C(c13)=O)=O)OC)cc2 failed to sanitize.
21:38:42 <INFO> Sampled SMILES n1nc2c3cc4c(=O)c5oc(cc5nc4-c3c(C(OC3CCC(C(C)(C)C3)C)=O)cc3CCCCc13)C=C2 failed to sanitize.
21:38:42 <INFO> Sampled SMILES [n+]1(cc2c3cc(ccc3ccc2c1)OC)C failed to sanitize.
21:38:42 <INFO> Sampled SMILES c1cc2c(oc3-c(c2-c2c(cccc2)C(=O)O)cc2=[N+](CCC(C)(C)c2c3)C)cc1 failed to sanitize.
21:38:42 <INFO> Sampled SMILES c1ccc2cccc3n2c2ccccc2c13 failed to sanitize.
21:38:42 <INFO> Sampled SMILES c1ccc2c3c1c1ccc4c5c(ccc(c5c3ccc2)c14)-c1ccccc1 failed to sanitize.
21:38:42 <INFO> Sampled SMILES N(C(=Cc1ccc(cn1)-c1cc2n(CCCCCC)c3c(cc4c(=S(c5ccccc-5c4cc3)=O)C=C(C#N)C#N)c2s1)C#N)(C)C failed to sanitize.
21:38:42 <INFO> Sampled SMILES c12cccc3c2c(c(cc3)C)c2cc3ccccc3cc2c1 failed to sanitize.
21:38:42 <INFO> Sampled SMILES CC1(Cc2c3c(n(c(-c4ccc(N(C)C)cc4)n3)c3CCN(c32)CC)C(OCC)=O)CCCCC1 failed to sanitize.
21:38:42 <INFO> Sampled SMILES C(=O)(Nc1ccc(cc1)C(C=Cc1ccc(N(CCO)C)cc1)=O)c1ccc2C=Cc(c2O)c1 failed to sanitize.
21:38:42 <INFO> Sampled SMILES s1c(ccc1-c1sc(-c2ccc3-c4c(C5Cc3c2)ccc(N(CCCCCCCC)CCCCCCCC)c5)ccc1C=C(C(=O)O)C#N)C=C(c1ccccc1)C4 failed to sanitize.
21:38:42 <INFO> Sampled SMILES c12c3ccccc3c3ccc(-c4sc(c(CCCCCCCC)c4)C=C(C#N)C(O)=O)cc3c2n2c(c(CCCCCCCC)n2)nc1 failed to sanitize.
21:38:42 <INFO> Sampled SMILES n1c2c(ccc(c2)-c2ccncc2)nc2-c3ccccc3-c3c2c1ccc3 failed to sanitize.
21:38:42 <INFO> Sampled SMILES OC(C(=Cc1ccc(cc1)N(c1ccc(cc1)-c1c2oc3cc(ccc3c(c2ccc1)-c1ccccc1)-c1ccccc1)c1ccc(C=C(C(=O)O)C#N)cc1)C#N)=O failed to sanitize.
21:38:42 <INFO> Sampled SMILES O(c1ccc(cc1)C=C1C(SC(=S)=C1C=C1Sc2ccccc2N1C)=O)C failed to sanitize.
21:38:42 <INFO> Sampled SMILES c1(-c2ccc(-c3sc(N(c4ccccc4)c4cccc5C(c6ccccc6-c45)(C)C)c4oc5ccccc5c4n3)cc2)ccccc1 failed to sanitize.
21:38:42 <INFO> Sampled SMILES C1(C=c2c(O1)cc1c(=c3c(c(c4=Cc(ccc4)c3CCCNC(=O)OC(C)(C)C)F)NC(C)(C)C=1)c2)(C)C failed to sanitize.
21:38:42 <INFO> Sampled SMILES c1(c2c3c(c(cc2)C(C)(C)C)sc(-c2ccccc2)c3c(-c2ccccc2)c1-c1ccccc1)-c1ccccc1 failed to sanitize.
21:38:42 <INFO> Sampled SMILES N(c1ccc2c(c1)oc1-c(nc2-c2ccccc2)ccc(=[NH2+])c1)(CCCC)CCCC failed to sanitize.
21:38:42 <INFO> Sampled SMILES c1c(cc(Cl)c(c1)C1CCC(=CC=1)c1ccc(c(C#C)c1)N1C2C(CC1)OCCO2)-c1c2ccc3c(-c4ccccc4C#N)c4ccc(N(CC)CC)cc4oc3c2oc2-c1ccc(c2)=[NH2+] failed to sanitize.
21:38:42 <INFO> Sampled SMILES c1cc(ccc1C(=C(C#N)C#N)C#N)-c1nc2c3ccccc3c3nc(cc(C(=C3)c3ccccc3)c3nc(-c4ccccc4)c(-c4ccccc4)n3)c2nc1 failed to sanitize.
21:38:42 <INFO> Sampled SMILES c1(C)cc(c(s1)-c1ccc(s1)-c1ccc(s1)-c1sccc1OC)-c1ccc(N2c3c(Sc2cccc3)c2ccccc2)cc1 failed to sanitize.
21:38:42 <INFO> Sampled SMILES c12c3c(cccc3)c3c([n+]1c(-c1ccccc1)cc1c2c2c-1[n+](C)ccc2ccc3)CCC failed to sanitize.
21:38:42 <INFO> Sampled SMILES Oc1c(-c2nc(-c3cc4c(cc3)c(c3ccccc3o4)-c3c(cccc3O)O)ccc2)cc(c(O)c1)C(C)C failed to sanitize.
21:38:42 <INFO> Sampled SMILES c1c2N(C)C(C)(C(C)(C)c2cc2c(=C3SC(=C(S3)SC)SC)c3Sc4c(c(ccc4)CC)Cl)ccc4c3c(c12)ccc4 failed to sanitize.
21:38:42 <INFO> Sampled SMILES c12oc3c(c(-c4ccccc4C(O)=O)c4c(cc(cc4)N)c3)[o+]c-1cc(cc2)=[NH2+] failed to sanitize.
21:38:42 <INFO> Sampled SMILES C(CC1(CCCCCCCC)c2cc(-c3ccc4c5c(cc(cc5c3-c3ccc(C=C(C(O)=O)C#N)cc34)[N+]([O-])=O)-c3cc4c5c(n(c4cc3)CCCCCC)cccc5)ccc2N(CCCCCC)C1=O)CCCC failed to sanitize.
21:38:42 <INFO> Sampled SMILES N#Cc1ccc(cc1)N(c1ccc(-c2c3c4c(ccc3)ccc3c4c2ccc3)cc1)c1ccc(-c2cc3c(cccc3)oc2=O)cc1 failed to sanitize.
21:38:42 <INFO> Sampled SMILES N(CC(C)C)c1c2Cc3c(-c4c5ncccn5nc4)cc(n3C(c3ccccc3)c2cc2c1-c1ccc(N3CCCCC3)cc1C2(C)C)=O failed to sanitize.
21:38:42 <INFO> Sampled SMILES c1(ccc(-c2c(c3c(c4nc[nH]c4cc2)nn3-c2ccc(C)cc2)C#N)cc1)OC failed to sanitize.
21:38:42 <INFO> Sampled SMILES c1cc(-c2c(-c3ccccc3)c3c(c4cc(-c5ccc6-c7c(cccc7)C(c6c5)(C)C)ccc4n3)s2)ccc1C(F)(F)F failed to sanitize.
21:38:42 <INFO> Sampled SMILES c1cc2cccc3c2c2c([n+]4cc(ccc4c3)CO)cccc21 failed to sanitize.
21:38:42 <INFO> Sampled SMILES c12c3C(CC(O)(c1ccc1cc(c(C)cc12)N)CC)CCC3 failed to sanitize.
21:38:42 <INFO> Sampled SMILES c1cc(-c2cc([n+]3c([nH]2)ccc(c3)-c2ccc(C(=O)OCC)cc2)[O-])ccc1 failed to sanitize.
21:38:42 <INFO> Sampled SMILES c1cc(N(c2ccc(-c3sc4c5sc(cc5c5sc(c(CCCC)c54)-c4sc(CCCC)c(-c5ccc(OCCCC)cc5)c4)s3)cc2)c2ccc(cc2)OCCCC)ccc1OCCCC failed to sanitize.
21:38:42 <INFO> Sampled SMILES c1cccc(CC(N)=O)c1-c1c2ccc3c(c2[nH]c2c1CCCC=C2)ccc(O)c3 failed to sanitize.
21:38:42 <INFO> Sampled SMILES c1(c2c(c3c(cc4c5c3c(c3c(cccc3)c5)ccc4)c3cc4ccccc4c(OC)c32)ccc1)OC failed to sanitize.
21:38:42 <INFO> Sampled SMILES c1c(=Cc2c3c(ncc2)cccc3)c(=C(C#N)C#N)n(C)c1=C(C#N)C#N failed to sanitize.
21:38:42 <INFO> Sampled SMILES N1(CCCCC1)c1c2c(oc3-c1ccc(c3)=[NH2+])cc(c1cccc[nH]12)=C failed to sanitize.
21:38:42 <INFO> Sampled SMILES C1(F)(C(=C(C(c2cc(c(-c3ccc(-c4sc(cc4)-c4ccc(C=C(C(O)=O)C#N)s4)s3)CCCCCC)cc21)(CCCCCCCC)CCCCCCCC)CCCCCCCC)c1ccccc1)F failed to sanitize.
21:38:42 <INFO> Sampled SMILES c1c2c(cc3-c4ccc(-c5cc6c(Sc7cc(ccc7C7(CCCC7)c6c5)C(C)(C)C)cc5C(C)(C)c6ccccc6-5)cc4C(C)(C)c31)cccc2 failed to sanitize.
21:38:42 <INFO> Sampled SMILES c1cc2n(c(c3CN(C(=O)c4ccc(C=O)cc4OC)Cc4cc5cccc6c5c(c4c3)n(c6=O)CCCC)Cc2cc1)CCCC failed to sanitize.
21:38:42 <INFO> Sampled SMILES c12c(nsn1)c(-c1ccc(cc1)C=O)sc2-c1ccc(-c2ccc(C=C(C#N)C(O)=O)s2)c2nn(nc12)CCCCCC failed to sanitize.
21:38:42 <INFO> Sampled SMILES c1c(C2Oc3cc4c(C(=C(OC)C(C=4CCC)=O)C)cc3C(=C2)C=O)cc(c(OC)c1)OC failed to sanitize.
21:38:42 <INFO> Sampled SMILES n12c3c(cccc3)c(c2c2cccc(c2c1)OC)C failed to sanitize.
21:38:42 <INFO> Sampled SMILES c1cccc2c(C#Cc3ccc(C#N)cc3)c3ccn4c5c(c(nc4c3CCC1)c2)cc(c5)-c1cccs1 failed to sanitize.
21:38:42 <INFO> Sampled SMILES O=c1c2cc3c(oc(=O)c3cc2oc2c1cccc2)-c1c(c2CCCC(=O)c2s1)OC failed to sanitize.
21:38:42 <INFO> Sampled SMILES Cn1c(=O)c2c(-c3cc4CN(CCCCCC)C(c5c4c2ccc5)=O)c2c4c(C(=O)N(C(CCCCCC)CCCCCC)C2=O)ccc4c3c1C(=O)NCCCCCC failed to sanitize.
21:38:42 <INFO> Sampled SMILES c12n(-c3cc4c(cc3)-c3ccccc3C34c4ccccc4-c4c5c3ccc5ccc4)c3ccccc3c2cccc1 failed to sanitize.
21:38:42 <INFO> Sampled SMILES c1(-c2ccc(-c3oc(cc3)C=C(C#N)C(=O)O)cc2)sc(-c2sc(c(c2)CCCCCC)-c2ccc3c(C4CCCC4N3c3cc4C(C)(C(c4cc3)C)C)c2)c2c1nn(CCCCCC)n2 failed to sanitize.
21:38:42 <INFO> Sampled SMILES O(c1c2nc(-c3ccc(cc3)N(C)C)c(C)n=2cc(c1)C)C failed to sanitize.
21:38:42 <INFO> Sampled SMILES C(c1c2c(ccc(c2)C(C)=O)oc2cc(ccc21)O)=O failed to sanitize.
21:38:42 <INFO> Sampled SMILES C(#N)C(=C1c2c(-c3ccc(-c4sc(-c5cc(nc(-c6ccc(cc6)C(O)=O)c5)c5OCCO5)-c5ccc(cc5)N(CC)CC)ccc43)ccc(c2-c2cc3ccccc3cc12)C#N)C(=O)O failed to sanitize.
21:38:42 <INFO> Sampled SMILES N12CCCc3cc4[o+]c(cc(C)c4cc2c2c(cc1c3)c(n(c2=O)CC)=O)CC failed to sanitize.
21:38:42 <INFO> Sampled SMILES c1(C=C(C(O)=O)C#N)ccc(-c2ccc3-c4c(C5CCC(C53)C4)c2)oc1=O failed to sanitize.
21:38:42 <INFO> Sampled SMILES c1cc(C(=O)Nc2ccc(C(C)=O)cc2)cc2n1c(NCC(C)C)cc(n2)C(OC)=O failed to sanitize.
21:38:42 <INFO> Sampled SMILES c1c(Cl)c(cc2c(OC(=Cc3ccc(C)cc3)C2=O)c1)Cl failed to sanitize.
21:38:42 <INFO> Sampled SMILES CC(C)(c1ccc2n(c3cc(ccc3c2c1)-c1cc2c3c(n(CCCC)c(c3cc1)-c1sc(c3CCCCc13)C=C(C(O)=O)C#N)cccc2)CCCCCC)C failed to sanitize.
21:38:42 <INFO> Sampled SMILES O=C(O)C(=Cc1sc(-c2ccnc3c2cc(-c2ccc(N4CCN(CC4)CC)cc2)[nH]3)[nH]1)c1ccc(cc1)S(F)(F)(F)(F)F failed to sanitize.
21:38:42 <INFO> Sampled SMILES CC(c1ccc2c(ccc(c2)=C([n+]2ccc(cc2)C(O)=O)C=Cc2ccc(C(O)=O)cc2)c1)=O failed to sanitize.
21:38:42 <INFO> Sampled SMILES c1c2c(ccc1)n1c(c(c2=O)C#N)ccc1 failed to sanitize.
21:38:42 <INFO> Sampled SMILES c1(nc(-c2cc(Br)cs2)ccn1Cc1ccc(OC)cc1)-c1ccc(cc1)Br failed to sanitize.
21:38:42 <INFO> Sampled SMILES c1c(N(C)C)ccc(c1)-c1c2n(c(n1)-c1ccc(C)cc1)c1c(c2-c2ccc(C)cc2)cc(cc1)F failed to sanitize.
21:38:42 <INFO> Sampled SMILES c1(c(c(nc2ccc(-c3ccc(cc3)C(F)(F)F)cn21)C=CC(=O)OCC)=O)-c1ccccc1 failed to sanitize.
21:38:42 <INFO> Sampled SMILES c1cc(C2=NN3c4ccc(cc4C4CCCC34)-c3ccc(C=O)o3)ccc2ccc1 failed to sanitize.
21:38:42 <INFO> Sampled SMILES c1c2c3c4c(cc(C#N)cc4cc1)c1cccc4c1c3c(cc4C#N)cc2 failed to sanitize.
21:38:42 <INFO> Sampled SMILES c1cc2ccc3Sc4c5c(cccc5)ccc4N3c2cc1C=Cc1ccncc1 failed to sanitize.
21:38:42 <INFO> Sampled SMILES c1(C)c(c(C)c2c(c3cc4c(cc3nc12)CCC4)C(OCC)=O)C failed to sanitize.
21:38:42 <INFO> Sampled SMILES c12c(cc3-c4c(c5c6c4CCCN6c4c(ccc(c4)C(=O)OC)C5)C=Cc3c1)nc1c(c2CCCNC(OC(C)(C)C)=O)ccc(Br)c1 failed to sanitize.
21:38:42 <INFO> Sampled SMILES c1(NC(=O)C(CC)(C)C)ccc(cc1)-c1sc2c(c3sc(-c4ccc(N(c5ccc(OCCCCCC)cc5)c5ccc(cc5)OCCCCCC)cc4)cc3n2)c1 failed to sanitize.
21:38:42 <INFO> Sampled SMILES c12cccc3c(N4C(CC(C4=O)Nc4ccc(C=C5SC(=S)N(C5=O)CC(O)=O)cc4)=O)cccc3c1oc(-c1ccc(cc1)-c1ccc(C=O)cc1)c2 failed to sanitize.
21:38:42 <INFO> Sampled SMILES C(CCCC)N1C(c2c(c(n3c(c(c(CCCCCC)n3c2)CCCC)=O)=O)C1=O)=O failed to sanitize.
21:38:42 <INFO> Sampled SMILES c1ccc2C(=O)C(=Cc3ccc4N(CCCCCC)c5ccc(-c6ccc(cc6)C(F)(F)F)cc5c5c4c4c(cc4)cc(N(c4ccccc4)c4ccccc4)cc5)Sc3c2c1 failed to sanitize.
21:38:48 <INFO> Best validation loss (38.139) was at epoch 4
21:38:48 <INFO> Peak main memory usage: 1364.734 MiB
21:38:48 <INFO> Peak reserved GPU memory usage: 2362.000 MiB
21:38:48 <INFO> Finished REINVENT on 2026-07-27
