smiles,set,dim1,dim2
O=S(=O)(O)CCS,chembl,-19.207058,24.095139
O=C(Nc1ccc(Cl)c(Cl)c1)c1cc(Cl)cc(Cl)c1O,chembl,-44.84633,1.3600402
Nc1nc(NC2CC2)c2ncn([C@H]3C=C[C@@H](CO)C3)c2n1,chembl,-37.18046,45.74351
Cc1ccc(-c2ccc(C)cn2)nc1,chembl,-19.003223,-10.950779
CCN1CCN(Cc2ccc(Nc3ncc(F)c(-c4cc(F)c5nc(C)n(C(C)C)c5c4)n3)nc2)CC1,chembl,-27.070086,-3.0356357
C[C@]12CC[C@H](O)CC1=CC[C@@H]1[C@@H]2CC[C@]2(C)C(c3cccnc3)=CC[C@@H]12,chembl,-21.494534,60.649685
CC(=O)O[C@H]1CC[C@@]2(C)C(=CC[C@@H]3[C@@H]2CC[C@]2(C)C(c4cccnc4)=CC[C@@H]32)C1,chembl,-21.513933,60.641663
CCCS(=O)(=O)N[C@H]1C[C@@H](N(C)c2ncnc3[nH]ccc23)C1,chembl,-50.059,23.201296
CC#CC(=O)N1CCC[C@H]1c1nc(-c2ccc(C(=O)Nc3ccccn3)cc2)c2c(N)nccn12,chembl,-50.36749,20.04657
CC(=O)NCCCS(=O)(=O)O,chembl,-20.39588,24.814596
C[C@H]1O[C@H](O[C@H]2[C@H](O)[C@@H](O)[C@@H](O[C@H]3[C@H](O)[C@@H](O)C(O)O[C@@H]3CO)O[C@@H]2CO)[C@H](O)[C@@H](O)[C@@H]1N[C@H]1C=C(CO)[C@@H](O)[C@H](O)[C@H]1O,chembl,-29.921682,47.086815
CCCC(=O)Nc1ccc(OCC(O)CNC(C)C)c(C(C)=O)c1,chembl,-28.234259,18.906717
Cn1c(=O)c2c(ncn2CC(=O)O)n(C)c1=O,chembl,-15.458882,32.225483
COc1ccc2c(c1)c(CC(=O)OCC(=O)O)c(C)n2C(=O)c1ccc(Cl)cc1,chembl,-44.893116,-22.712168
CC(=O)CC(c1ccc([N+](=O)[O-])cc1)c1c(O)c2ccccc2oc1=O,chembl,-0.0813513,19.805857
CC(=O)Nc1ccc(O)cc1,chembl,-22.972376,22.642193
CC(=O)Nc1ccccc1,chembl,-31.219429,10.18911
CC(=O)Nc1nnc(S(N)(=O)=O)s1,chembl,-21.134583,22.618408
CC(=O)c1ccc(S(=O)(=O)NC(=O)NC2CCCCC2)cc1,chembl,-38.01904,36.318188
CC(=O)c1ccc2c(c1)N(CCCN1CCN(CCO)CC1)c1ccccc1S2,chembl,8.686109,34.180668
CC(=O)Nc1c(I)cc(I)c(C(=O)O)c1I,chembl,-23.884735,23.531809
CC(=O)N[C@@H](CS)C(=O)O,chembl,-24.285204,26.039528
CC(=O)O[C@H]1C[C@H](O[C@H]2[C@@H](O)C[C@H](O[C@H]3[C@@H](O)C[C@H](O[C@H]4CC[C@@]5(C)[C@H](CC[C@@H]6[C@@H]5CC[C@]5(C)[C@@H](C7=CC(=O)OC7)CC[C@]65O)C4)O[C@@H]3C)O[C@@H]2C)O[C@H](C)[C@H]1O,chembl,-27.337864,56.268963
Cc1cnc(C(=O)O)c[n+]1[O-],chembl,-20.941195,21.252522
COc1cc(C)c(/C=C/C(C)=C/C=C/C(C)=C/C(=O)O)c(C)c1C,chembl,-42.625305,8.39931
Cc1n[nH]c(C)c1CCCOc1cc(C(=O)O)ccc1F,chembl,-11.481552,27.908386
Nc1c2ccccc2nc2ccccc12,chembl,-9.47611,-21.775023
Cc1ccc(/C(=C\CN2CCCC2)c2cccc(/C=C/C(=O)O)n2)cc1,chembl,-8.279896,8.366175
Nc1nc2c(ncn2COCCO)c(=O)[nH]1,chembl,-37.18035,42.99225
C=C(F)C(=O)N1CCN(c2nc(OC[C@@H]3CCCN3C)nc3c2CCN(c2cccc4cccc(Cl)c24)C3)C[C@@H]1CC#N,chembl,-53.344902,17.96704
COc1ccc(-c2ccc3cc(C(=O)O)ccc3c2)cc1C12CC3CC(CC(C3)C1)C2,chembl,-38.076317,4.809736
CC(C)(C)C(=O)OCOP(=O)(COCCn1cnc2c(N)ncnc21)OCOC(=O)C(C)(C)C,chembl,-38.72213,41.940395
Nc1ncnc2c1ncn2[C@@H]1O[C@H](CO)[C@@H](O)[C@H]1O,chembl,-36.373875,47.04328
Nc1ncnc2c1ncn2[C@@H]1O[C@H](COP(=O)(O)O)[C@@H](O)[C@H]1O,chembl,-36.567673,46.70486
CN(C)C/C=C/C(=O)Nc1cc2c(Nc3ccc(F)c(Cl)c3)ncnc2cc1O[C@H]1CCOC1,chembl,-57.580376,9.864614
COc1ccc2cccc(CCNC(C)=O)c2c1,chembl,-40.939194,-27.914396
C[C@H](N)C(=O)N[C@@H](C)C(=O)N[C@H]1[C@@H]2CN(c3nc4c(cc3F)c(=O)c(C(=O)O)cn4-c3ccc(F)cc3F)C[C@@H]21,chembl,-57.20266,29.791368
CCCSc1ccc2[nH]c(NC(=O)OC)nc2c1,chembl,-39.045006,7.399493
CC(C)(C)NCC(O)c1ccc(O)c(CO)c1,chembl,-20.6015,16.247171
CN1CCC(=C2c3ccccc3CCn3c(C=O)cnc32)CC1,chembl,-7.835439,4.8694434
C=CCOc1ccc(CC(=O)O)cc1Cl,chembl,-44.138393,4.8891563
CCC(=O)OCC(=O)[C@@]1(OC(=O)CC)[C@H](C)C[C@H]2[C@H]3[C@H]([C@@H](O)C[C@@]21C)[C@@]1(C)C=CC(=O)C=C1C[C@H]3Cl,chembl,-28.26545,73.205826
CCc1cc2c(cc1N1CCC(N3CCOCC3)CC1)C(C)(C)c1[nH]c3cc(C#N)ccc3c1C2=O,chembl,-7.449066,12.106597
NCCCC(O)(P(=O)(O)O)P(=O)(O)O,chembl,-18.810041,23.428974
C=C1/C(=C\C=C2/CCC[C@]3(C)[C@@H]([C@H](C)CCCC(C)C)CC[C@@H]23)C[C@@H](O)C[C@@H]1O,chembl,-20.885595,54.76956
CCC(=O)N(c1ccccc1)C1(COC)CCN(CCn2nnn(CC)c2=O)CC1,chembl,-39.09139,20.464718
COc1cc2nc(N(C)CCCNC(=O)C3CCCO3)nc(N)c2cc1OC,chembl,-60.35406,12.756896
COCCCOc1cc(C[C@@H](C[C@H](N)[C@@H](O)C[C@H](C(=O)NCC(C)(C)C(N)=O)C(C)C)C(C)C)ccc1OC,chembl,-45.144093,9.385233
CC1=C(/C=C/C(C)=C\C=C\C(C)=C\C(=O)O)C(C)(C)CCC1,chembl,-21.576916,45.515602
Oc1ncnc2[nH]ncc12,chembl,-24.985338,-8.943733
C=CCNc1nc(NCC=C)nc(N2CCN(C(c3ccc(F)cc3)c3ccc(F)cc3)CC2)n1,chembl,-26.182116,-3.1087809
CN(C)CCc1c[nH]c2ccc(CS(=O)(=O)N3CCCC3)cc12,chembl,-21.409235,40.831722
Cn1c(=O)cc(N2CCC[C@@H](N)C2)n(Cc2ccccc2C#N)c1=O,chembl,-7.452435,11.523474
Cc1[nH]cnc1CN1CCc2c(c3ccccc3n2C)C1=O,chembl,-6.0838795,8.977036
Cc1nc(NC(=O)N2CCC[C@H]2C(N)=O)sc1-c1ccnc(C(C)(C)C(F)(F)F)c1,chembl,-52.59313,22.410654
CCCN(CCC)C(=O)Cc1c(-c2ccc(Cl)cc2)nc2ccc(Cl)cn12,chembl,-53.851486,-6.680926
Cc1nnc2n1-c1ccc(Cl)cc1C(c1ccccc1)=NC2,chembl,-46.814102,-8.740167
CCCCC[C@H](O)/C=C/[C@H]1[C@H](O)CC(=O)[C@@H]1CCCCCCC(=O)O,chembl,-14.578988,46.82825
CN(C)c1nc(N(C)C)nc(N(C)C)n1,chembl,10.4261,-20.024069
C[C@H]1CN(C[C@H](Cc2ccccc2)C(=O)NCC(=O)O)CC[C@@]1(C)c1cccc(O)c1,chembl,-37.029747,26.63928
NC12CC3CC(CC(C3)C1)C2,chembl,-25.850433,43.98399
COC(c1ccccc1)(c1ccccc1)[C@H](Oc1nc(C)cc(C)n1)C(=O)O,chembl,-36.038807,7.8436823
CC(=O)OCC(=O)[C@@]12OC3(CCCC3)O[C@@H]1C[C@H]1[C@@H]3CCC4=CC(=O)C=C[C@]4(C)[C@@]3(F)[C@@H](O)C[C@@]12C,chembl,-27.52543,71.689964
CC1(C)S[C@@H]2[C@H](/N=C/N3CCCCCC3)C(=O)N2[C@H]1C(=O)O,chembl,-31.058989,39.05821
CC(C)(C)C(=O)OCOC(=O)[C@@H]1N2C(=O)[C@@H](/N=C/N3CCCCCC3)[C@H]2SC1(C)C,chembl,-31.04724,39.267113
Cc1cccc(C)c1N(CC(=O)Nc1ccc(-c2ncon2)cc1)C(=O)C1CCS(=O)(=O)CC1,chembl,-49.80403,19.723211
NCCCNCCSP(=O)(O)O,chembl,-19.398308,23.757841
NCC[C@H](O)C(=O)N[C@@H]1C[C@H](N)[C@@H](O[C@H]2O[C@H](CN)[C@@H](O)[C@H](O)[C@H]2O)[C@H](O)[C@H]1O[C@H]1O[C@H](CO)[C@@H](O)[C@H](N)[C@H]1O,chembl,-29.771269,47.830727
N=C(N)NC(=O)c1nc(Cl)c(N)nc1N,chembl,-20.434107,21.807308
O=C(O)CCCCCCNC1c2ccccc2CCc2ccccc21,chembl,-36.13995,21.057734
NCCCCCC(=O)O,chembl,-26.248302,28.062721
CCC1(c2ccc(N)cc2)CCC(=O)NC1=O,chembl,-18.356016,38.388077
Nc1ccc(C(=O)NCC(=O)O)cc1,chembl,-23.065153,20.395712
NCC(=O)CCC(=O)O,chembl,-26.20521,27.607279
Cn1c(=O)c2[nH]cnc2n(C)c1=O,chembl,-14.255168,33.851864
Cc1c(N(C)C)c(=O)n(-c2ccccc2)n1C,chembl,-10.9380455,9.4812155
NC1=NCC(c2ccccc2)O1,chembl,-11.409457,2.4091718
Nc1ccc(C(=O)O)c(O)c1,chembl,-25.479517,20.963264
CCCCc1oc2ccccc2c1C(=O)c1cc(I)c(OCCN(CC)CC)c(I)c1,chembl,-5.6797166,28.444288
CCN1CCCC1CNC(=O)c1cc(S(=O)(=O)CC)c(N)cc1OC,chembl,-61.515915,13.031489
CN(C)CCC=C1c2ccccc2CCc2ccccc21,chembl,-16.335466,5.313071
CC(C)c1ccc2oc3nc(N)c(C(=O)O)cc3c(=O)c2c1,chembl,-32.16983,-29.632303
CCOC(=O)C1=C(COCCN)NC(C)=C(C(=O)OC)C1c1ccccc1Cl,chembl,-41.716454,12.480985
CCC1(CCC(C)C)C(=O)NC(=O)NC1=O,chembl,-16.540018,39.49729
CCN(CC)Cc1cc(Nc2ccnc3cc(Cl)ccc23)ccc1O,chembl,-52.267193,-2.106471
COc1cc(C(=O)OC(COCCC(C)C)CN2CCOCC2)cc(OC)c1OC,chembl,-62.58051,11.382063
CCC(C)(C)c1ccc(CC(C)CN2C[C@@H](C)O[C@@H](C)C2)cc1,chembl,-32.814774,25.187141
Clc1ccc2c(c1)C(N1CCNCC1)=Nc1ccccc1O2,chembl,-45.82662,-5.9447823
CC1(C)S[C@@H]2[C@H](NC(=O)[C@H](N)c3ccc(O)cc3)C(=O)N2[C@H]1C(=O)O,chembl,-52.720993,45.32508
CC(N)Cc1ccccc1,chembl,-21.756731,9.330094
O=C(O)CCCCC(=O)O,chembl,-26.10211,28.046555
NC(CC(=O)O)C(=O)O,chembl,-25.989853,26.469225
C[C@H](N)Cc1ccccc1,chembl,-21.75754,9.32997
C[C@@H]1[C@H](O)[C@@H](C)/C=C/C=C/C=C/C=C/C=C/C=C/C=C/[C@H](O[C@@H]2O[C@H](C)[C@@H](O)[C@H](N)[C@@H]2O)C[C@@H]2O[C@](O)(C[C@@H](O)C[C@@H](O)[C@H](O)CC[C@@H](O)C[C@@H](O)CC(=O)O[C@H]1C)C[C@H](O)[C@H]2C(=O)O,chembl,-28.819736,52.07744
CC1(C)S[C@@H]2[C@H](NC(=O)[C@H](N)c3ccccc3)C(=O)N2[C@H]1C(=O)O,chembl,-52.677013,44.663845
CC(C)CN(C[C@@H](O)[C@H](Cc1ccccc1)NC(=O)O[C@H]1CCOC1)S(=O)(=O)c1ccc(N)cc1,chembl,-37.332737,29.276487
COc1cc(NS(C)(=O)=O)ccc1Nc1c2ccccc2nc2ccccc12,chembl,-31.9741,-15.288133
CC(=O)O[C@]1(C(C)=O)CCC2[C@@H]3C[C@H](C)C4=CCCC[C@]4(C)[C@H]3CC[C@@]21C,chembl,-22.120115,64.6122
Cc1cc2ncc(C(=O)NCC(C)(C)NCC(=O)N3CCC[C@H]3C#N)cn2n1,chembl,-51.793587,22.280252
O=C1CN2Cc3c(ccc(Cl)c3Cl)N=C2N1,chembl,-43.010906,-4.677997
CC(C)(C#N)c1cc(Cn2cncn2)cc(C(C)(C)C#N)c1,chembl,-13.464246,16.296118
CCOC(=O)C1(c2ccccc2)CCN(CCc2ccc(N)cc2)CC1,chembl,-39.5915,19.873287
COc1ccc(C2C(=O)c3ccccc3C2=O)cc1,chembl,-38.05314,-23.57768
c1ccc(CN(CC2=NCCN2)c2ccccc2)cc1,chembl,-18.59772,6.6388144
O=C(OCCN1CCN(c2cccc(C(F)(F)F)c2)CC1)c1ccccc1Nc1ccnc2cc(C(F)(F)F)ccc12,chembl,-47.661346,17.134356
CNC(=O)c1ccc(N2C(=S)N(c3cnc(C#N)c(C(F)(F)F)c3)C(=O)C23CCC3)cc1F,chembl,-59.23104,22.784306
COc1ccc(-n2nc(C(N)=O)c3c2C(=O)N(c2ccc(N4CCCCC4=O)cc2)CC3)cc1,chembl,-62.92158,3.1743631
CN1CCc2cccc3c2[C@H]1Cc1ccc(O)c(O)c1-3,chembl,-15.396168,54.675133
Nc1cc(Cl)c(N=C2NCCN2)c(Cl)c1,chembl,-41.501923,-2.6671588
CCOc1cc([C@@H](CS(C)(=O)=O)N2C(=O)c3cccc(NC(C)=O)c3C2=O)ccc1OC,chembl,-46.172363,10.434102
C[C@@H](O[C@H]1OCCN(Cc2n[nH]c(=O)[nH]2)[C@H]1c1ccc(F)cc1)c1cc(C(F)(F)F)cc(C(F)(F)F)c1,chembl,-58.529778,25.327206
C=CCC1(C(C)C)C(=O)NC(=O)NC1=O,chembl,-16.894762,39.66767
NS(=O)(=O)Nc1ncnc(OCCOc2ncc(Br)cn2)c1-c1ccc(Br)cc1,chembl,-31.22704,-6.363874
Oc1ccc(CCCCNC[C@H](O)c2ccc(O)c(O)c2)cc1,chembl,-22.989891,16.444141
COc1ccc(C[C@@H](C)NC[C@H](O)c2ccc(O)c(NC=O)c2)cc1,chembl,-39.297394,-28.276236
CC1CNc2c(cccc2S(=O)(=O)N[C@@H](CCCNC(=N)N)C(=O)N2CC[C@@H](C)C[C@@H]2C(=O)O)C1,chembl,-38.34514,28.933584
N=C(N)NCCC[C@H](N)C(=O)O,chembl,-26.424,26.291578
[O-][n+]1cccc(/C(Cl)=N/OC[C@H](O)CN2CCCCC2)c1,chembl,-30.788506,32.185074
O=C1CCc2ccc(OCCCCN3CCN(c4cccc(Cl)c4Cl)CC3)cc2N1,chembl,-2.7903013,33.682125
CCCCCCCCCCCC(=O)OCN1C(=O)CCc2ccc(OCCCCN3CCN(c4cccc(Cl)c4Cl)CC3)cc21,chembl,-2.9294636,33.3959
NC(=O)C[S@@+]([O-])C(c1ccccc1)c1ccccc1,chembl,-31.25241,13.435254
CO[C@H]1O[C@@H]2O[C@@]3(C)CC[C@H]4[C@H](C)CC[C@@H]([C@H]1C)[C@@]24OO3,chembl,-22.890148,59.023346
C[C@H]1[C@@H](O)O[C@@H]2O[C@@]3(C)CC[C@H]4[C@H](C)CC[C@@H]1[C@@]24OO3,chembl,-22.903793,59.077568
C[C@H]1[C@H](OC(=O)CCC(=O)O)O[C@@H]2O[C@@]3(C)CC[C@H]4[C@H](C)CC[C@@H]1[C@@]24OO3,chembl,-24.199825,57.535816
CCCNC(C)C(=O)Nc1c(C)csc1C(=O)OC,chembl,-21.402393,28.54175
O=C(Nc1ccc(OC(F)(F)Cl)cc1)c1cnc(N2CC[C@@H](O)C2)c(-c2cc[nH]n2)c1,chembl,-55.08064,19.571678
O=C1O[C@H]([C@@H](O)CO)C(O)=C1O,chembl,-30.397123,44.379345
CN1CC2c3ccccc3Oc3ccc(Cl)cc3C2C1,chembl,-45.418808,-5.2283945
CC(=O)Oc1ccccc1C(=O)O,chembl,-31.567062,9.660861
COc1ccc(CCN2CCC(Nc3nc4ccccc4n3Cc3ccc(F)cc3)CC2)cc1,chembl,-59.535763,-2.934877
C=C[C@@H]1C[C@]1(NC(=O)[C@@H]1C[C@@H](Oc2ncc(OC)c3ccc(Cl)cc23)CN1C(=O)[C@@H](NC(=O)OC(C)(C)C)C(C)(C)C)C(=O)NS(=O)(=O)C1CC1,chembl,-56.37527,10.899237
O=C(O)c1cccc(-c2noc(-c3ccccc3F)n2)c1,chembl,-32.200428,5.122717
COC(=O)N[C@H](C(=O)N[C@@H](Cc1ccccc1)[C@@H](O)CN(Cc1ccc(-c2ccccn2)cc1)NC(=O)[C@@H](NC(=O)OC)C(C)(C)C)C(C)(C)C,chembl,-34.031467,16.779753
CC(C)NCC(O)COc1ccc(CC(N)=O)cc1,chembl,-6.87806,37.073845
C[C@@H]1[C@H](c2c(F)ccc(F)c2F)C[C@H](NC(=O)c2cnc3c(c2)C[C@@]2(C3)C(=O)Nc3ncccc32)C(=O)N1CC(F)(F)F,chembl,-52.973495,25.292475
CNCC[C@@H](Oc1ccccc1C)c1ccccc1,chembl,-22.796635,11.142533
CC(C)c1c(C(=O)Nc2ccccc2)c(-c2ccccc2)c(-c2ccc(F)cc2)n1CC[C@@H](O)C[C@@H](O)CC(=O)O,chembl,-43.863182,17.374784
CCOc1ccc(C[C@H]2NC(=O)CCSSC[C@@H](C(=O)N3CCC[C@H]3C(=O)N[C@@H](CCCN)C(=O)NCC(N)=O)NC(=O)[C@H](CC(N)=O)NC(=O)[C@H]([C@@H](C)O)NC(=O)[C@H]([C@@H](C)CC)NC2=O)cc1,chembl,-6.245427,39.949467
O=C1C(O)=C([C@H]2CC[C@H](c3ccc(Cl)cc3)CC2)C(=O)c2ccccc21,chembl,-43.39993,-7.08174
CN1[C@@H]2CC[C@H]1C[C@@H](OC(=O)C(CO)c1ccccc1)C2,chembl,-40.27407,24.78835
Cc1ccc(NC(=O)[C@H]2CCCN(C(=O)c3c(C)cccc3F)[C@H]2c2ccc(NC3CCCC3)cc2)cc1C(F)(F)F,chembl,-54.526493,25.81145
COc1ccc(CNc2nc(N3CCC[C@H]3CO)ncc2C(=O)NCc2ncccn2)cc1Cl,chembl,-58.395752,10.978717
Cn1cc(-c2cc3c(N4CCN(c5ncc([C@@](C)(N)c6ccc(F)cc6)cn5)CC4)ncnn3c2)cn1,chembl,-26.122953,-4.2884474
O=C(Nc1nc(-c2cc(Cl)cs2)c(N2CCN(C3CCCCC3)CC2)s1)c1cnc(N2CCC(C(=O)O)CC2)c(Cl)c1,chembl,-54.337128,16.46662
NC(=O)[C@@H]1CC[C@@H]2CN1C(=O)N2OS(=O)(=O)O,chembl,-33.04865,39.571194
COc1ccc(C(=O)CC(=O)c2ccc(C(C)(C)C)cc2)cc1,chembl,-40.73565,-24.153555
CNC(=O)c1ccccc1Sc1ccc2c(/C=C/c3ccccn3)n[nH]c2c1,chembl,-36.10995,5.8158145
Nc1ncn([C@@H]2O[C@H](CO)[C@@H](O)[C@H]2O)c(=O)n1,chembl,-36.06774,46.24374
CC(=O)OC[C@H]1O[C@@H](n2ncc(=O)[nH]c2=O)[C@H](OC(C)=O)[C@@H]1OC(C)=O,chembl,-33.44273,43.11558
CN1CCC(=C2c3ccccc3CCc3cccnc32)CC1,chembl,-7.9682393,4.9260993
Cn1cnc([N+](=O)[O-])c1Sc1ncnc2[nH]cnc12,chembl,0.030534962,22.815535
O=C(O)CCCCCCCC(=O)O,chembl,-26.130152,28.194523
CN1CCCC(n2nc(Cc3ccc(Cl)cc3)c3ccccc3c2=O)CC1,chembl,-47.242558,-4.3945227
CCOc1nc2cccc(C(=O)OCc3oc(=O)oc3C)c2n1Cc1ccc(-c2ccccc2-c2noc(=O)[nH]2)cc1,chembl,-42.035797,14.781178
CC[C@H]1OC(=O)[C@H](C)[C@@H](O[C@H]2C[C@@](C)(OC)[C@@H](O)[C@H](C)O2)[C@H](C)[C@@H](O[C@@H]2O[C@H](C)C[C@H](N(C)C)[C@H]2O)[C@](C)(O)C[C@@H](C)CN(C)[C@H](C)[C@@H](O)[C@]1(C)O,chembl,-29.087358,54.118202
CC1(C)S[C@@H]2[C@H](NC(=O)[C@H](NC(=O)N3CCNC3=O)c3ccccc3)C(=O)N2[C@H]1C(=O)O,chembl,-52.215317,44.14749
C[C@H]1[C@H](NC(=O)/C(=N\OC(C)(C)C(=O)O)c2csc(N)n2)C(=O)N1S(=O)(=O)O,chembl,-57.153214,47.856304
CCOC(=O)OC(C)OC(=O)[C@@H]1N2C(=O)[C@@H](NC(=O)[C@H](N)c3ccccc3)[C@H]2SC1(C)C,chembl,-53.209137,44.136948
NCC(CC(=O)O)c1ccc(Cl)cc1,chembl,-46.11406,0.7789908
COC(=O)OCOc1c2n(ccc1=O)N([C@@H]1c3ccccc3SCc3c1ccc(F)c3F)[C@@H]1COCCN1C2=O,chembl,-42.523777,26.968016
O=C(O)CCNC(=O)c1ccc(/N=N/c2ccc(O)c(C(=O)O)c2)cc1,chembl,-24.35917,20.897655
CCC1(c2ccccc2)C(=O)NC(=O)NC1=O,chembl,-13.904024,7.765873
CCC1(CC)C(=O)NC(=O)NC1=O,chembl,-17.343002,38.424377
CCS(=O)(=O)N1CC(CC#N)(n2cc(-c3ncnc4[nH]ccc34)cn2)C1,chembl,-50.309334,22.76875
Cc1c(-c2ccc(O)cc2)n(Cc2ccc(OCCN3CCCCCC3)cc2)c2ccc(O)cc12,chembl,-5.692282,32.735832
CCOC(=O)C(C)(CC)Oc1ccc(Cc2ccc(Cl)cc2)cc1,chembl,-48.105408,4.95075
CCC(=O)OCC(=O)[C@@]1(OC(=O)CC)[C@@H](C)C[C@H]2[C@@H]3CCC4=CC(=O)C=C[C@]4(C)[C@@]3(Cl)[C@@H](O)C[C@@]21C,chembl,-28.036228,73.165596
COc1nc2ccc(Br)cc2cc1[C@@H](c1ccccc1)[C@@](O)(CCN(C)C)c1cccc2ccccc12,chembl,-11.592985,-30.19755
O=C(/C=C/c1cccc(S(=O)(=O)Nc2ccccc2)c1)NO,chembl,-28.672644,5.1086993
CC(C)NC(=O)COc1cccc(-c2nc(Nc3ccc4[nH]ncc4c3)c3ccccc3n2)c1,chembl,-36.725266,6.9240284
CS(=O)(=O)c1ccc(Oc2cc(F)cc(C#N)c2)c2c1[C@H](O)[C@H](F)[C@@H]2F,chembl,6.5357904,-5.793501
CC(C)(CCCCCC(O)CCCCCC(C)(C)C(=O)O)C(=O)O,chembl,-24.27635,26.88956
CCOC(=O)[C@H](CCc1ccccc1)N[C@H]1CCc2ccccc2N(CC(=O)O)C1=O,chembl,-37.787956,24.490387
Cn1c(CCCC(=O)O)nc2cc(N(CCCl)CCCl)ccc21,chembl,-24.452923,30.340029
O=C(O)COc1nn(Cc2ccccc2)c2ccccc12,chembl,-36.669785,13.636205
NS(=O)(=O)c1cc2c(cc1C(F)(F)F)NC(Cc1ccccc1)NS2(=O)=O,chembl,-38.938778,-1.5494928
CC(Cc1cccc(C(F)(F)F)c1)NCCOC(=O)c1ccccc1,chembl,-31.680098,17.449213
CC(=O)Nc1ccc(OC(=O)c2ccccc2OC(C)=O)cc1,chembl,-32.50961,9.400809
CC(C(=O)O)c1ccc2oc(-c3ccc(Cl)cc3)nc2c1,chembl,-46.68521,-14.631046
CCCCOc1cc(C(=O)OCCN(CC)CC)ccc1N,chembl,-9.933746,27.581308
O=C(CCCN1CCC(n2c(=O)[nH]c3ccccc32)CC1)c1ccc(F)cc1,chembl,-52.66535,31.315565
O=C(O)c1ccc(NC(=O)[C@H](Cc2ccc(O)cc2)NC(=O)c2ccccc2)cc1,chembl,-31.86838,11.43765
CCc1oc2ccccc2c1C(=O)c1ccc(O)cc1,chembl,-29.907938,-25.549414
CCc1oc2ccccc2c1C(=O)c1cc(Br)c(O)c(Br)c1,chembl,-29.924545,-25.606838
COc1ccc2c3c1O[C@H]1C[C@@H](OC(=O)c4ccccc4)C=C[C@@]31CCN(C)C2,chembl,-66.96537,10.171321
COc1ccc2c3c1O[C@H]1C(OC(=O)c4ccccc4)=CC[C@@H]4[C@@H](C2)N(C)CC[C@@]341,chembl,-66.89693,10.250318
CCc1oc2ccccc2c1C(=O)c1cc(I)c(O)c(I)c1,chembl,-29.924067,-25.622072
O=C(Cn1ccnc1[N+](=O)[O-])NCc1ccccc1,chembl,-1.2656169,20.681992
CCCCNc1ccc(C(=O)OCCOCCOCCOCCOCCOCCOCCOCCOCCOC)cc1,chembl,-8.484302,27.960875
O=C(OOC(=O)c1ccccc1)c1ccccc1,chembl,-30.540981,10.786972
C[C@@H](Cc1ccccc1)N(C)Cc1ccccc1,chembl,-20.99408,8.847913
CCN(CC)C(=O)C1CN2CCc3cc(OC)c(OC)cc3C2CC1OC(C)=O,chembl,-63.13262,11.3470125
NS(=O)(=O)c1cc2c(cc1Cl)N=C(CSCc1ccccc1)NS2(=O)=O,chembl,-39.61297,-1.4948564
CN1[C@@H]2CC[C@H]1C[C@@H](OC(c1ccccc1)c1ccccc1)C2,chembl,-11.171819,5.8179874
CN(C)CCCOc1nn(Cc2ccccc2)c2ccccc12,chembl,-20.354198,5.7165613
O=C(OCc1ccccc1)c1ccccc1,chembl,-31.915394,13.051012
O=C(O)CCCN1CCC(O[C@@H](c2ccc(Cl)cc2)c2ccccn2)CC1,chembl,-51.081455,3.6055603
CC(C)COCC(CN(Cc1ccccc1)c1ccccc1)N1CCCC1,chembl,-18.357386,9.511698
N#Cc1cccc([C@@H](NCC2CC2)c2ccc(F)c(NC(=O)c3cc(C(F)(F)F)nn3-c3cccc(CN)c3)c2)c1,chembl,-58.925983,22.599504
N[C@@H]1CCCCN(c2c(F)cc3c(=O)c(C(=O)O)cn(C4CC4)c3c2Cl)C1,chembl,-57.694565,30.817242
CC1=C(/C=C/C(C)=C/C=C/C(C)=C/C=C/C=C(C)/C=C/C=C(C)/C=C/C2=C(C)CCCC2(C)C)C(C)(C)CCC1,chembl,-21.700434,45.567616
CNCCc1ccccn1,chembl,-22.302622,7.036771
C[C@H]1C[C@H]2[C@@H]3CCC4=CC(=O)C=C[C@]4(C)[C@@]3(F)[C@@H](O)C[C@]2(C)[C@@]1(O)C(=O)CO,chembl,-28.041302,71.33254
CC(=O)OCC(=O)[C@@]1(O)[C@@H](C)C[C@H]2[C@@H]3CCC4=CC(=O)C=C[C@]4(C)[C@@]3(F)[C@@H](O)C[C@@]21C,chembl,-27.887888,72.16198
C[C@H]1C[C@H]2[C@@H]3CCC4=CC(=O)C=C[C@]4(C)[C@@]3(F)[C@@H](O)C[C@]2(C)[C@@]1(OC(=O)c1ccccc1)C(=O)CO,chembl,-28.6757,73.840675
CCC(=O)OCC(=O)[C@@]1(OC(=O)CC)[C@@H](C)C[C@H]2[C@@H]3CCC4=CC(=O)C=C[C@]4(C)[C@@]3(F)[C@@H](O)C[C@@]21C,chembl,-27.84881,72.94
C[C@H]1C[C@H]2[C@@H]3CCC4=CC(=O)C=C[C@]4(C)[C@@]3(F)[C@@H](O)C[C@]2(C)[C@@]1(O)C(=O)COP(=O)(O)O,chembl,-28.018398,71.90391
CCCCC(=O)O[C@]1(C(=O)CO)[C@@H](C)C[C@H]2[C@@H]3CCC4=CC(=O)C=C[C@]4(C)[C@@]3(F)[C@@H](O)C[C@@]21C,chembl,-27.308317,73.3354
CC(C)NCC(O)COc1ccc(CCOCC2CC2)cc1,chembl,-6.4676356,37.61769
C/N=C(\NC)NCc1ccccc1,chembl,-23.358255,8.84884
COc1ccc(NC(=O)c2ccc(C(=N)N(C)C)cc2)c(C(=O)Nc2ccc(Cl)cn2)c1,chembl,-54.927235,10.325768
OC[C@H]1O[C@@H](c2ccc(Cl)c(Cc3ccc(OCCOC4CC4)cc3)c2)[C@H](O)[C@@H](O)[C@@H]1O,chembl,-43.573883,43.274784
C=C(c1ccc(C(=O)O)cc1)c1cc2c(cc1C)C(C)(C)CCC2(C)C,chembl,-25.537844,18.359388
CC(O)(CS(=O)(=O)c1ccc(F)cc1)C(=O)Nc1ccc(C#N)c(C(F)(F)F)c1,chembl,-10.462698,16.839546
O=C(NCc1c(F)cc(F)cc1F)c1cn2c(c(O)c1=O)C(=O)N1[C@H]3CC[C@H](C3)O[C@@H]1C2,chembl,-56.62321,27.419226
c1ccc(-c2ccc(C(c3ccccc3)n3ccnc3)cc2)cc1,chembl,-9.983039,-10.178257
CCOCCn1c(C2CCN(CCc3ccc(C(C)(C)C(=O)O)cc3)CC2)nc2ccccc21,chembl,-40.530556,21.249315
CCNC(=O)CCC/C=C\C[C@@H]1[C@@H](/C=C/[C@@H](O)CCc2ccccc2)[C@H](O)C[C@@H]1O,chembl,-36.034046,25.475767
Cn1cnc2c(F)c(Nc3ccc(Br)cc3F)c(C(=O)NOCCO)cc21,chembl,-51.398983,12.748421
C=CCC1=C(C)C(OC(=O)[C@@H]2[C@@H](C=C(C)C)C2(C)C)CC1=O,chembl,-26.223083,53.57014
O=C(O)CCCC[C@@H]1SC[C@@H]2NC(=O)N[C@@H]21,chembl,-29.738533,36.446754
OC(CCN1CCCCC1)(c1ccccc1)C1CC2C=CC1C2,chembl,-42.240314,21.331404
CC(=O)Oc1ccc(C(c2ccc(OC(C)=O)cc2)c2ccccn2)cc1,chembl,-26.21489,9.788684
CC(C)NCC(O)COc1ccc(COCCOC(C)C)cc1,chembl,-6.6430583,37.16557
Oc1c(Cl)cc(Cl)cc1Sc1cc(Cl)cc(Cl)c1O,chembl,-44.0297,-1.1957754
Cc1ccc(C(=O)Oc2ccc(C(O)CNC(C)(C)C)cc2OC(=O)c2ccc(C)cc2)cc1,chembl,-28.618715,19.551533
CCN1CCN(c2cc(-c3ccc(F)cc3)c3c(n2)CCCCCC3)CC1,chembl,-26.95031,-2.4850059
CC(C)(C)NC(=O)N[C@H](C(=O)N1C[C@H]2[C@@H]([C@H]1C(=O)NC(CC1CCC1)C(=O)C(N)=O)C2(C)C)C(C)(C)C,chembl,-29.228401,34.244904
CC(C)C[C@H](NC(=O)[C@H](Cc1ccccc1)NC(=O)c1cnccn1)B(O)O,chembl,-34.998623,16.665728
CC(C)C[C@H](NC(=O)[C@H](Cc1ccccc1)NC(=O)c1cnccn1)B1O[C@H]([C@H](O)CO)[C@@H]([C@H](O)CO)O1,chembl,-35.112267,16.761375
COc1ccccc1Oc1c(NS(=O)(=O)c2ccc(C(C)(C)C)cc2)nc(-c2ncccn2)nc1OCCO,chembl,-35.331997,-7.121159
COc1cc(Nc2c(C#N)cnc3cc(OCCCN4CCN(C)CC4)c(OC)cc23)c(Cl)cc1Cl,chembl,-59.962868,8.719462
CC(=O)[C@H]1CC[C@H]2[C@@H]3CC[C@H]4C[C@H](O)CC[C@]4(C)[C@H]3CC[C@]12C,chembl,-23.458498,61.110386
O=c1ccc2ccc(OCCCCN3CCN(c4cccc5sccc45)CC3)cc2[nH]1,chembl,-2.797556,33.814304
COc1cc(N2CCC(N3CCN(C)CC3)CC2)ccc1Nc1ncc(Cl)c(Nc2ccccc2P(C)(C)=O)n1,chembl,-58.665936,11.075388
CCOc1ccc(Nc2ccc(/C(=C3C=C/C(=[N+](/CC)Cc4cccc(S(=O)(=O)[O-])c4)C=C/3C)c3ccc(N(CC)Cc4cccc(S(=O)(=O)O)c4)cc3C)cc2)cc1,chembl,-3.6792586,26.521288
Brc1c(NC2=NCCN2)ccc2nccnc12,chembl,-25.291912,-8.521401
O=C(O)[C@H](O)[C@@H](O)C(=O)O,chembl,-25.406693,25.209116
CCCCCCCCCCCCCCCCOCCCOP(=O)(O)CO[C@H](CO)Cn1ccc(N)nc1=O,chembl,-9.999886,32.013004
CCN[C@H]1CN(CCCOC)S(=O)(=O)c2sc(S(N)(=O)=O)cc21,chembl,-59.802124,15.558007
CCC[C@@H]1CC(=O)N([C@@H](CC)C(N)=O)C1,chembl,-26.965473,35.169247
O=C1CN=C(c2ccccn2)c2cc(Br)ccc2N1,chembl,-18.768381,-3.527928
Nc1c(CC(=O)O)cccc1C(=O)c1ccc(Br)cc1,chembl,-29.994102,12.3625965
CN(Cc1cc(Br)cc(Br)c1N)C1CCCCC1,chembl,-24.656858,40.919476
CC(C)C(Br)C(=O)NC(N)=O,chembl,-22.571493,25.42625
CC(C)C[C@H]1C(=O)N2CCC[C@H]2[C@]2(O)O[C@](NC(=O)[C@@H]3C=C4c5cccc6[nH]c(Br)c(c56)C[C@H]4N(C)C3)(C(C)C)C(=O)N12,chembl,-44.302868,33.32574
CN(C)CCOC(c1ccccc1)c1ccc(Br)cc1,chembl,-20.220108,8.533768
O=C(CCCN1CCC(O)(c2ccc(Br)cc2)CC1)c1ccc(F)cc1,chembl,-53.012592,33.0121
CN(C)CCC(c1ccc(Br)cc1)c1ccccn1,chembl,-21.232286,6.61167
Cc1nnc2n1-c1sc(Br)cc1C(c1ccccc1Cl)=NC2,chembl,-46.79969,-7.079484
Oc1c(Br)cc(Br)c2cccnc12,chembl,-30.157425,-12.499037
CCOc1ccc(NC(=O)CC(C)O)cc1,chembl,-7.013383,35.727573
CC(C)(C)c1ccc(CN2CCN(C(c3ccccc3)c3ccc(Cl)cc3)CC2)cc1,chembl,-52.52579,4.1967955
CCCC1O[C@@H]2C[C@H]3[C@@H]4CCC5=CC(=O)C=C[C@]5(C)[C@H]4[C@@H](O)C[C@]3(C)[C@]2(C(=O)CO)O1,chembl,-27.547209,69.74843
CCCCOc1ccc(CC(=O)NO)cc1,chembl,-5.9399357,35.22588
COc1cc(OC)c(C(=O)CCCN2CCCC2)c(OC)c1,chembl,-62.32446,11.701627
CCCCNC(=N)NC(=N)N,chembl,18.664396,13.589239
CCCCNc1cc(C(=O)O)cc(S(N)(=O)=O)c1Oc1ccccc1,chembl,-8.58172,26.795286
CCCC(=O)Nc1c(I)cc(I)c(/C=C(\CC)C(=O)O)c1I,chembl,-23.55463,28.013098
CCCCN1CCCCC1C(=O)Nc1c(C)cccc1C,chembl,-41.399933,31.583727
CO[C@@]12CC[C@@]3(C[C@@H]1[C@](C)(O)C(C)(C)C)[C@H]1Cc4ccc(O)c5c4[C@@]3(CCN1CC1CC1)[C@H]2O5,chembl,-13.571644,54.804306
CC(NC(C)(C)C)C(=O)c1cccc(Cl)c1,chembl,-45.816795,2.024639
O=C1CC2(CCCC2)CC(=O)N1CCCCN1CCN(c2ncccn2)CC1,chembl,-13.259316,37.47363
CS(=O)(=O)OCCCCOS(C)(=O)=O,chembl,-18.65521,25.869642
CCC(C)C1(CC)C(=O)NC(=O)NC1=O,chembl,-16.723663,39.34033
C=CCC1(CC(C)C)C(=O)NC(=O)NC1=O,chembl,-16.835087,39.838852
CCCCOC(=O)c1ccc(N)cc1,chembl,-9.669359,27.187763
O=[N+]([O-])c1cc([N+](=O)[O-])c(O)c([N+](=O)[O-])c1,chembl,3.937741,20.057093
CN(Cc1ccc(C(C)(C)C)cc1)Cc1cccc2ccccc12,chembl,-13.999501,-30.159689
Clc1ccc(CCC(Cn2ccnc2)Sc2c(Cl)cccc2Cl)cc1,chembl,-50.569813,-3.5014381
Oc1ccc2c(c1)[C@@]13CCCC[C@@]1(O)[C@@H](C2)N(CC1CCC1)CC3,chembl,-15.933656,55.97565
CC(CC1c2ccccc2CCc2ccccc21)CN(C)C,chembl,-15.831931,6.000309
CO[C@H]1C(=O)[C@]2(C)[C@@H](OC)C[C@H]3OC[C@@]3(OC(C)=O)[C@H]2[C@H](OC(=O)c2ccccc2)[C@]2(O)C[C@H](OC(=O)[C@H](O)[C@@H](NC(=O)OC(C)(C)C)c3ccccc3)C(C)=C1C2(C)C,chembl,-47.444466,37.18866
C=CCN1C[C@H](C(=O)N(CCCN(C)C)C(=O)NCC)C[C@@H]2c3cccc4[nH]cc(c34)C[C@H]21,chembl,-42.01322,32.94422
C[C@H]1CO[C@@H]2Cn3cc(C(=O)NCc4ccc(F)cc4F)c(=O)c(O)c3C(=O)N12,chembl,-56.69052,27.339525
COc1cc2nccc(Oc3ccc(NC(=O)C4(C(=O)Nc5ccc(F)cc5)CC4)cc3)c2cc1OC,chembl,-56.116425,9.489885
Cn1c(=O)c2c(ncn2C)n(C)c1=O,chembl,-14.592716,33.486042
C=C1CC[C@H](O)C/C1=C/C=C1\CCC[C@]2(C)[C@@H]([C@H](C)CCCC(C)(C)O)CC[C@@H]12,chembl,-20.822336,54.524075
C=C1/C(=C\C=C2/CCC[C@]3(C)[C@@H]([C@H](C)/C=C/[C@@H](O)C4CC4)CC[C@@H]23)C[C@@H](O)C[C@@H]1O,chembl,-20.813414,54.855812
C=C1/C(=C\C=C2/CCC[C@]3(C)[C@@H]([C@H](C)CCCC(C)(C)O)CC[C@@H]23)C[C@@H](O)C[C@@H]1O,chembl,-20.843012,54.52809
Cc1ccc([C@@H]2O[C@H](CO)[C@@H](O)[C@H](O)[C@H]2O)cc1Cc1ccc(-c2ccc(F)cc2)s1,chembl,-40.81565,48.34313
CCOc1nc2cccc(C(=O)OC(C)OC(=O)OC3CCCCC3)c2n1Cc1ccc(-c2ccccc2-c2nn[nH]n2)cc1,chembl,-42.352104,15.363741
CSCCNc1nc(SCCC(F)(F)F)nc2c1ncn2[C@@H]1O[C@H](COP(=O)(O)OP(=O)(O)C(Cl)(Cl)P(=O)(O)O)[C@@H](O)[C@H]1O,chembl,-37.923878,46.370937
C=C(C)[C@@H]1CCC(C)=C[C@H]1c1c(O)cc(CCCCC)cc1O,chembl,17.553242,15.503714
C[C@]12CCC(=O)C=C1C=C[C@@H]1[C@@H]2CC[C@@]2(C)[C@H]1CC[C@@]21CCC(=O)O1,chembl,-24.34257,63.512997
C[C@@]12C(=O)OC(=O)[C@]1(C)[C@H]1CC[C@@H]2O1,chembl,-25.326195,46.11353
CCCCCOC(=O)Nc1nc(=O)n([C@@H]2O[C@H](C)[C@@H](O)[C@H]2O)cc1F,chembl,-14.272227,42.953423
NC1(C(=O)N[C@@H](CCO)c2ccc(Cl)cc2)CCN(c2nc[nH]c3nccc2-3)CC1,chembl,-54.690994,14.955164
CNC(=O)c1ccc(-c2cnc3ncc(Cc4ccc5ncccc5c4)n3n2)cc1F,chembl,-49.88469,13.380395
N=C1NCCC([C@@H]2NC(=O)/C(=C/NC(N)=O)NC(=O)[C@H](CNC(=O)CC(N)CCCN)NC(=O)[C@H](CO)NC(=O)[C@@H](N)CNC2=O)N1,chembl,-34.7494,40.21557
COc1cc(CNC(=O)CCCC/C=C/C(C)C)ccc1O,chembl,-45.181118,9.041232
C[C@H](CS)C(=O)N1CCC[C@H]1C(=O)O,chembl,-28.732306,34.79876
NC(=O)N1c2ccccc2C=Cc2ccccc21,chembl,-28.666264,10.059282
CNC(=O)Oc1cccc2ccccc12,chembl,-23.700094,-23.093649
CC1(C)S[C@@H]2[C@H](NC(=O)C(C(=O)O)c3ccccc3)C(=O)N2[C@H]1C(=O)O,chembl,-52.46588,44.52107
CC1(C)S[C@@H]2[C@H](NC(=O)C(C(=O)Oc3ccc4c(c3)CCC4)c3ccccc3)C(=O)N2[C@H]1C(=O)O,chembl,-52.17689,43.591797
CC1(C)[C@@H](OC(=O)CCC(=O)O)CC[C@]2(C)[C@H]3C(=O)C=C4[C@@H]5C[C@@](C)(C(=O)O)CC[C@]5(C)CC[C@@]4(C)[C@]3(C)CC[C@@H]12,chembl,-24.316433,57.99533
CCN(CC)CCOCCOC(=O)C1(c2ccccc2)CCCC1,chembl,-37.09188,19.811676
CC[C@H](C)[C@@H]1NC(=O)[C@H](Cc2ccc(OC)cc2)NC(=O)CCCSC[C@@H](C(=O)N2CCC[C@H]2C(=O)N[C@@H](CC(C)C)C(=O)NCC(N)=O)NC(=O)[C@H](CC(N)=O)NC(=O)[C@H](CCC(N)=O)NC1=O,chembl,-6.2403436,40.03346
C[C@@](Cc1ccc(O)c(O)c1)(NN)C(=O)O,chembl,-29.184546,21.731598
CCOC(=O)n1ccn(C)c1=S,chembl,-20.336027,31.003897
CN(C)CCOC(c1ccc(Cl)cc1)c1ccccn1,chembl,-22.838085,5.435809
CCCCC[C@](C)(O)/C=C/[C@@H]1[C@@H](C/C=C\CCCC(=O)O)[C@@H](O)C[C@H]1O,chembl,-14.102685,47.16604
CC(C)C[C@H](NC(=O)[C@H](CCc1ccccc1)NC(=O)CN1CCOCC1)C(=O)N[C@@H](Cc1ccccc1)C(=O)N[C@@H](CC(C)C)C(=O)[C@@]1(C)CO1,chembl,-36.599297,26.536676
NC(=O)N[C@@H](CCC(=O)O)C(=O)O,chembl,-26.83069,26.43692
CN(C)C(=O)N[C@H]1CC[C@H](CCN2CCN(c3cccc(Cl)c3Cl)CC2)CC1,chembl,-53.037296,17.487198
CCCC(C)(COC(N)=O)COC(=O)NC(C)C,chembl,-20.919949,27.634987
O=NN(CCCl)C(=O)NCCCl,chembl,-20.767973,24.087263
CCC(=O)c1ccc2c(c1)N(CCCN1CCN(CCO)CC1)c1ccccc1S2,chembl,8.690636,34.197575
CC(C(=O)O)c1ccc2c(c1)[nH]c1ccc(Cl)cc12,chembl,-46.16406,0.817055
CC(C)(C)NCC(O)COc1cccc2c1CCC(=O)N2,chembl,-32.660927,21.845966
COc1ccccc1OCCNCC(O)COc1cccc2[nH]c3ccccc3c12,chembl,-25.456076,11.767052
O=C1N[C@H](O)CCN1[C@@H]1O[C@H](CO)[C@@H](O)C1(F)F,chembl,-32.98579,45.64099
N[C@@H](C(=O)N[C@@H]1C(=O)N2C(C(=O)O)=C(Cl)CS[C@H]12)c1ccccc1,chembl,-54.68144,45.4394
CC1=C(C(=O)O)N2C(=O)[C@@H](NC(=O)[C@H](N)c3ccc(O)cc3)[C@H]2SC1,chembl,-53.819893,46.2273
Cn1nnnc1SCC1=C(C(=O)O)N2C(=O)[C@@H](NC(=O)[C@H](O)c3ccccc3)[C@H]2SC1,chembl,-54.768703,46.494034
Cn1nnnc1SCC1=C(C(=O)O)N2C(=O)[C@@H](NC(=O)[C@H](OC=O)c3ccccc3)[C@H]2SC1,chembl,-54.900463,46.628113
Cc1nnc(SCC2=C(C(=O)O)N3C(=O)[C@@H](NC(=O)Cn4cnnn4)[C@H]3SC2)s1,chembl,-54.87113,47.602177
C=CC1=C(C(=O)O)N2C(=O)[C@@H](NC(=O)/C(=N\O)c3csc(N)n3)[C@H]2SC1,chembl,-56.32489,47.829906
CO/N=C(\C(=O)N[C@@H]1C(=O)N2C(C(=O)OCOC(=O)C(C)(C)C)=C(/C=C\c3scnc3C)CS[C@H]12)c1csc(N)n1,chembl,-56.442047,49.44868
CO/N=C(\C(=O)N[C@@H]1C(=O)N2C(C(=O)[O-])=C(C[N+]3(C)CCCC3)CS[C@H]12)c1csc(N)n1,chembl,-56.19869,48.971016
CC(C)(O/N=C(\C(=O)N[C@@H]1C(=O)N2C(C(=O)[O-])=C(C[N+]3(CCNC(=O)c4ccc(O)c(O)c4Cl)CCCC3)CS[C@H]12)c1csc(N)n1)C(=O)O,chembl,-57.008675,49.03327
C=CC1=C(C(=O)O)N2C(=O)[C@@H](NC(=O)/C(=N\OCC(=O)O)c3csc(N)n3)[C@H]2SC1,chembl,-56.251213,48.11186
CO/N=C(\C(=O)N[C@@H]1C(=O)N2C(C(=O)O)=C(CSc3nnnn3C)CS[C@H]12)c1csc(N)n1,chembl,-56.43585,48.738674
CO[C@@]1(NC(=O)CSCC#N)C(=O)N2C(C(=O)O)=C(CSc3nnnn3C)CS[C@@H]21,chembl,-52.929512,48.120956
O=C(O)C1=C(CSc2nnnn2CS(=O)(=O)O)CS[C@@H]2[C@H](NC(=O)[C@H](O)c3ccccc3)C(=O)N12,chembl,-54.99299,46.243027
CCN1CCN(C(=O)N[C@@H](C(=O)N[C@@H]2C(=O)N3C(C(=O)O)=C(CSc4nnnn4C)CS[C@H]23)c2ccc(O)cc2)C(=O)C1=O,chembl,-54.214252,47.093887
NCc1ccccc1CC(=O)N[C@@H]1C(=O)N2C(C(=O)O)=C(CSc3nnnn3CC(=O)O)CS[C@H]12,chembl,-55.16172,46.759666
CO/N=C(\C(=O)N[C@@H]1C(=O)N2C(C(=O)O)=C(COC(C)=O)CS[C@H]12)c1csc(N)n1,chembl,-56.192513,48.668407
CO[C@@]1(NC(=O)C2SC(=C(C(N)=O)C(=O)O)S2)C(=O)N2C(C(=O)O)=C(CSc3nnnn3C)CS[C@@H]21,chembl,-53.058693,47.996475
CN(C)CCn1nnnc1SCC1=C(C(=O)O)N2C(=O)[C@@H](NC(=O)Cc3csc(N)n3)[C@H]2SC1,chembl,-56.008938,47.934048
CO[C@@]1(NC(=O)Cc2cccs2)C(=O)N2C(C(=O)O)=C(COC(N)=O)CS[C@@H]21,chembl,-53.42,47.844765
Cc1cc(O)c(C(=O)N[C@@H](C(=O)N[C@@H]2C(=O)N3C(C(=O)O)=C(CSc4nnnn4C)CS[C@H]23)c2ccc(O)cc2)cn1,chembl,-53.843315,46.942142
CO/N=C(\C(=O)N[C@@H]1C(=O)N2C(C(=O)[O-])=C(C[n+]3cccc4c3CCC4)CS[C@H]12)c1csc(N)n1,chembl,-56.081966,49.207355
COCC1=C(C(=O)O)N2C(=O)[C@@H](NC(=O)/C(=N\OC)c3csc(N)n3)[C@H]2SC1,chembl,-56.263893,48.61809
COCC1=C(C(=O)OC(C)OC(=O)OC(C)C)N2C(=O)[C@@H](NC(=O)/C(=N\OC)c3csc(N)n3)[C@H]2SC1,chembl,-56.03908,48.981903
C/C=C/C1=C(C(=O)O)N2C(=O)[C@@H](NC(=O)[C@H](N)c3ccc(O)cc3)[C@H]2SC1,chembl,-53.766556,46.184605
CCO/N=C(\C(=O)N[C@@H]1C(=O)N2C(C(=O)[O-])=C(Sc3nc(-c4cc[n+](C)cc4)cs3)CS[C@H]12)c1nsc(NP(=O)(O)O)n1,chembl,-55.53434,49.131676
CC(C)(O/N=C(\C(=O)N[C@@H]1C(=O)N2C(C(=O)[O-])=C(C[n+]3ccccc3)CS[C@H]12)c1csc(N)n1)C(=O)O,chembl,-56.78166,48.69239
Nc1nc(/C(=C/CC(=O)O)C(=O)N[C@@H]2C(=O)N3C(C(=O)O)=CCS[C@H]23)cs1,chembl,-56.328045,47.681305
CO/N=C(\C(=O)N[C@@H]1C(=O)N2C(C(=O)O)=CCS[C@H]12)c1csc(N)n1,chembl,-56.343616,48.278507
Cc1oc(=O)oc1COC(=O)N1CC[C@@H](N2CC/C(=C\C3=C(C(=O)O)N4C(=O)[C@@H](NC(=O)/C(=N/O)c5nsc(N)n5)[C@H]4SC3)C2=O)C1,chembl,-55.35283,48.499958
Cn1c(N)c(NC(=O)NCCN)c[n+]1CC1=C(C(=O)O)N2C(=O)[C@@H](NC(=O)/C(=N\OC(C)(C)C(=O)[O-])c3nsc(N)n3)[C@H]2SC1,chembl,-56.984394,48.691006
CO/N=C(\C(=O)N[C@@H]1C(=O)N2C(C(=O)O)=C(CSc3nc(=O)c(O)nn3C)CS[C@H]12)c1csc(N)n1,chembl,-56.404476,48.709274
CO/N=C(\C(=O)N[C@@H]1C(=O)N2C(C(=O)O)=C(COC(N)=O)CS[C@H]12)c1ccco1,chembl,-54.632576,48.17282
CO/N=C(\C(=O)N[C@@H]1C(=O)N2C(C(=O)OC(C)OC(C)=O)=C(COC(N)=O)CS[C@H]12)c1ccco1,chembl,-54.490055,48.315746
Cc1ccc(-c2cc(C(F)(F)F)nn2-c2ccc(S(N)(=O)=O)cc2)cc1,chembl,-28.103811,-7.1614223
CCN(CC)C(=O)Nc1ccc(OCC(O)CNC(C)(C)C)c(C(C)=O)c1,chembl,-28.306871,19.073864
NC(=O)O[C@@H](Cn1ncnn1)c1ccccc1Cl,chembl,-45.150352,3.5486681
CC1=C(C(=O)O)N2C(=O)[C@@H](NC(=O)[C@H](N)c3ccccc3)[C@H]2SC1,chembl,-54.21506,45.86934
CC(=O)OCC1=C(C(=O)O)N2C(=O)[C@@H](NC(=O)[C@H](N)c3ccccc3)[C@H]2SC1,chembl,-54.479107,46.298763
O=C(Cc1cccs1)N[C@@H]1C(=O)N2C(C(=O)[O-])=C(C[n+]3ccccc3)CS[C@H]12,chembl,-54.712116,47.181007
CC(=O)OCC1=C(C(=O)O)N2C(=O)[C@@H](NC(=O)Cc3cccs3)[C@H]2SC1,chembl,-54.347412,47.54646
CC(=O)OCC1=C(C(=O)O)N2C(=O)[C@@H](NC(=O)CSc3ccncc3)[C@H]2SC1,chembl,-54.414116,47.54142
CC1=C(C(=O)O)N2C(=O)[C@@H](NC(=O)[C@H](N)C3=CCC=CC3)[C@H]2SC1,chembl,-53.850212,46.27005
Cc1cc(Nc2ncc(Cl)c(Nc3ccccc3S(=O)(=O)C(C)C)n2)c(OC(C)C)cc1C1CCNCC1,chembl,-54.40515,7.0915713
COCc1c(C(C)C)nc(C(C)C)c(/C=C/[C@@H](O)C[C@@H](O)CC(=O)O)c1-c1ccc(F)cc1,chembl,-44.721096,17.330034
O=C(O)COCCN1CCN(C(c2ccccc2)c2ccc(Cl)cc2)CC1,chembl,-51.17847,3.5027144
CCCCCCCCCCCCCCCCO,chembl,19.348558,14.124951
CC1OC2(CS1)CN1CCC2CC1,chembl,-24.665262,43.856075
C[C@H](CCC(=O)O)[C@H]1CC[C@H]2[C@@H]3[C@H](O)C[C@@H]4C[C@H](O)CC[C@]4(C)[C@H]3CC[C@]12C,chembl,-22.807152,55.928364
CN(C)CCC(O)(c1ccccc1)c1ccccc1Cl,chembl,-24.346748,5.6591206
OC(O)C(Cl)(Cl)Cl,chembl,-15.7167225,23.740091
O=C(O)CCCc1ccc(N(CCCl)CCCl)cc1,chembl,-29.784628,25.04472
O=C(N[C@H](CO)[C@H](O)c1ccc([N+](=O)[O-])cc1)C(Cl)Cl,chembl,3.874005,21.271227
O=C(O)CCC(=O)OC[C@@H](NC(=O)C(Cl)Cl)[C@H](O)c1ccc([N+](=O)[O-])cc1,chembl,3.773292,21.36079
CNC1=Nc2ccc(Cl)cc2C(c2ccccc2)=[N+]([O-])C1,chembl,-47.129482,-9.255419
N=C(NCCCCCCNC(=N)NC(=N)Nc1ccc(Cl)cc1)NC(=N)Nc1ccc(Cl)cc1,chembl,-44.5202,0.28506348
CC(=O)O[C@]1(C(C)=O)CC[C@H]2[C@@H]3C=C(Cl)C4=CC(=O)CC[C@]4(C)[C@H]3CC[C@@]21C,chembl,-22.69729,65.62411
CN1C(=O)CCS(=O)(=O)C1c1ccc(Cl)cc1,chembl,-43.368095,-4.556467
ClCCN(CCCl)c1ccc2ccccc2c1,chembl,-12.03445,-19.905071
CCN(CC)CCOC(=O)c1ccc(N)cc1Cl,chembl,-46.299274,6.5856833
CCN(CC)CCCC(C)Nc1ccnc2cc(Cl)ccc12,chembl,-52.504883,-2.0770013
NS(=O)(=O)c1cc2c(cc1Cl)N=CNS2(=O)=O,chembl,-40.646297,-2.63118
COc1ccc(C(Cl)=C(c2ccc(OC)cc2)c2ccc(OC)cc2)cc1,chembl,-26.860905,-40.094112
Oc1c(Cl)cc(Cl)c2cccnc12,chembl,-30.341463,-12.272639
NC(=O)OCC(O)COc1ccc(Cl)cc1,chembl,-46.93344,3.7250862
CN(C)CCC(c1ccc(Cl)cc1)c1ccccn1,chembl,-22.768764,5.4807696
CN(C)CCOC(C)(c1ccccc1)c1ccc(Cl)cc1,chembl,-24.298338,5.698439
CC(C)(N)Cc1ccc(Cl)cc1,chembl,-47.34524,-1.4267626
CN(C)CCCN1c2ccccc2Sc2ccc(Cl)cc21,chembl,7.5315595,32.697285
CCCNC(=O)NS(=O)(=O)c1ccc(Cl)cc1,chembl,-42.3539,1.096637
CN(C)CC/C=C1/c2ccccc2Sc2ccc(Cl)cc21,chembl,-25.03463,4.6780286
CN(C)[C@@H]1C(O)=C(C(N)=O)C(=O)[C@@]2(O)C(O)=C3C(=O)c4c(O)ccc(Cl)c4[C@@](C)(O)[C@H]3C[C@@H]12,chembl,-36.756817,55.965263
NS(=O)(=O)c1cc(C2(O)NC(=O)c3ccccc32)ccc1Cl,chembl,-41.870712,-7.920037
O=c1[nH]c2cc(Cl)ccc2o1,chembl,-41.900864,-4.187301
C=C1CC[C@H](O)C/C1=C/C=C1\CCC[C@]2(C)[C@@H]([C@H](C)CCCC(C)C)CC[C@@H]12,chembl,-20.861532,54.77448
C[C@H](CCC(=O)O)[C@H]1CC[C@H]2[C@@H]3[C@H](O)C[C@@H]4C[C@H](O)CC[C@]4(C)[C@H]3C[C@H](O)[C@]12C,chembl,-22.827986,55.93718
Oc1cc(O)c2c(c1)O[C@H](c1ccc(O)c(O)c1)[C@@H](O)C2,chembl,-41.73286,17.190334
CC(C)C(=O)OCC(=O)[C@@]12O[C@H](C3CCCCC3)O[C@@H]1C[C@H]1[C@@H]3CCC4=CC(=O)C=C[C@]4(C)[C@H]3[C@@H](O)C[C@@]12C,chembl,-26.848574,70.54328
Cc1cc(C2CCCCC2)n(O)c(=O)c1,chembl,-20.788815,36.14696
Nc1ccn(C[C@@H](CO)OCP(=O)(O)O)c(=O)n1,chembl,-37.722126,43.219868
CC1(C)C[C@@H]1C(=O)N/C(=C\CCCCSC[C@H](N)C(=O)O)C(=O)O,chembl,-28.89902,33.339115
CCOC(=O)[C@H](CCc1ccccc1)N[C@H]1CCCN2CCC[C@@H](C(=O)O)N2C1=O,chembl,-37.74239,24.829784
O=C1CCc2cc(OCCCCc3nnnn3C3CCCCC3)ccc2N1,chembl,-3.157682,34.78721
CN/C(=N\CCSCc1nc[nH]c1C)NC#N,chembl,-13.030917,18.419569
C[C@@H](NCCCc1cccc(C(F)(F)F)c1)c1cccc2ccccc12,chembl,-21.993156,-19.018213
O=C(O)c1cc(-c2ccccc2)nc2ccccc12,chembl,-23.868114,-20.868176
COc1cc(/C=C/C(=O)N2CCN(CC(=O)N3CCCC3)CC2)cc(OC)c1OC,chembl,-62.219757,11.82776
C(=C\c1ccccc1)/CN1CCN(C(c2ccccc2)c2ccccc2)CC1,chembl,-4.5868807,-1.0997479
CCn1nc(C(=O)O)c(=O)c2cc3c(cc21)OCO3,chembl,-20.745441,33.37792
CC(C)(Oc1ccc(C2CC2(Cl)Cl)cc1)C(=O)O,chembl,-35.00859,33.89641
O=C(O)c1cn(C2CC2)c2cc(N3CCNCC3)c(F)cc2c1=O,chembl,-57.31573,31.211481
COc1cc(N)c(Cl)cc1C(=O)NC1CCN(CCCOc2ccc(F)cc2)CC1OC,chembl,-59.06791,9.682408
CN(C)CCCC1(c2ccc(F)cc2)OCc2cc(C#N)ccc21,chembl,9.387714,-7.2139153
O=C(O)CC(O)(CC(=O)O)C(=O)O,chembl,-25.861012,27.620897
Nc1nc(Cl)nc2c1ncn2[C@H]1C[C@H](O)[C@@H](CO)O1,chembl,-36.19519,47.387646
CC[C@H]1OC(=O)[C@H](C)[C@@H](O[C@H]2C[C@@](C)(OC)[C@@H](O)[C@H](C)O2)[C@H](C)[C@@H](O[C@@H]2O[C@H](C)C[C@H](N(C)C)[C@H]2O)[C@](C)(OC)C[C@@H](C)C(=O)[C@H](C)[C@@H](O)[C@]1(C)O,chembl,-28.780888,54.18282
CCC(=O)O[C@]1(C(=O)CO)CC[C@H]2[C@@H]3CCC4=CC(=O)CC[C@]4(C)[C@H]3CC[C@@]21C,chembl,-23.942678,68.36533
O=C(O)[C@H]1/C(=C/CO)O[C@@H]2CC(=O)N21,chembl,-29.961777,41.255665
CN1CCC[C@@H]1CCO[C@](C)(c1ccccc1)c1ccc(Cl)cc1,chembl,-52.44451,4.2259235
CCCC(=O)OCOC(=O)C1=C(C)NC(C)=C(C(=O)OC)C1c1cccc(Cl)c1Cl,chembl,-41.849808,12.36678
CCC[C@@H]1C[C@@H](C(=O)N[C@@H]([C@H]2O[C@H](SC)[C@H](O)[C@@H](O)[C@H]2O)[C@H](C)Cl)N(C)C1,chembl,-18.387697,47.30136
CCCCCCCCCCCCCCCC(=O)O[C@@H]1[C@@H](O)[C@@H](O)[C@@H]([C@H](NC(=O)[C@@H]2C[C@@H](CCC)CN2C)[C@H](C)Cl)O[C@@H]1SC,chembl,-17.921114,47.207386
CCC[C@@H]1C[C@@H](C(=O)N[C@@H]([C@H]2O[C@H](SC)[C@H](OP(=O)(O)O)[C@@H](O)[C@H]2O)[C@H](C)Cl)N(C)C1,chembl,-18.385265,47.311207
Oc1c(I)cc(Cl)c2cccnc12,chembl,-30.343586,-12.266469
CN1C(=O)CC(=O)N(c2ccccc2)c2cc(Cl)ccc21,chembl,-45.518867,-8.354904
CC(Cc1ccccc1)NCc1ccccc1Cl,chembl,-21.737879,9.929878
CCC(=O)O[C@]1(C(=O)CCl)[C@@H](C)C[C@H]2[C@@H]3CCC4=CC(=O)C=C[C@]4(C)[C@@]3(F)[C@@H](O)C[C@@]21C,chembl,-28.018267,73.034004
CCCC(=O)O[C@]1(C(=O)CCl)[C@H](C)C[C@@H]2[C@@H]3CCC4=CC(=O)C=C[C@]4(C)[C@]3(F)C(=O)C[C@@]21C,chembl,-27.581375,73.616516
CC(CN(C)C)C(C)(O)Cc1ccc(Cl)cc1,chembl,-47.223164,-1.344032
C[C@@H]1C[C@H]2[C@@H]3C[C@H](F)C4=CC(=O)C=C[C@]4(C)[C@@]3(Cl)[C@@H](O)C[C@]2(C)[C@H]1C(=O)COC(=O)C(C)(C)C,chembl,-30.126024,71.91876
Nc1nc(Cl)nc2c1ncn2[C@@H]1O[C@H](CO)[C@@H](O)[C@@H]1F,chembl,-36.55921,47.201694
CC(C)/N=c1\cc2n(-c3ccc(Cl)cc3)c3ccccc3nc-2cc1Nc1ccc(Cl)cc1,chembl,-49.480213,-10.669384
CCOC(=O)C(C)(C)Oc1ccc(Cl)cc1,chembl,-48.01815,5.0200243
CCOC(=O)NC(C)(C)Cc1ccc(Cl)cc1,chembl,-47.98114,5.1474924
CN(C)CCCC1c2ccccc2Nc2ccc(Cl)cc21,chembl,-24.944365,4.805729
COc1ccc2c(C(=O)c3ccc(Cl)cc3)c(C)n(CC(=O)O)c2c1,chembl,-44.90841,-22.722218
Cc1ncsc1CCCl,chembl,-14.322347,18.604954
CCN(CC)CCOc1ccc(C(=C(Cl)c2ccccc2)c2ccccc2)cc1,chembl,-6.0374813,24.544518
CN(C)CCCN1c2ccccc2CCc2ccc(Cl)cc21,chembl,6.4295025,32.10711
O=C1CN=C(c2ccccc2Cl)c2cc([N+](=O)[O-])ccc2N1,chembl,2.346848,16.034122
Clc1cccc(Cl)c1NC1=NCCN1,chembl,-39.76129,-6.243302
COC(=O)[C@H](c1ccccc1Cl)N1CCc2sccc2C1,chembl,-43.109135,26.400309
O=C(O)C1N=C(c2ccccc2)c2cc(Cl)ccc2NC1=O,chembl,-43.32536,-8.348389
CCc1cc2c(s1)N(C)C(=O)CN=C2c1ccccc1Cl,chembl,-46.801563,-6.7913494
Clc1ccccc1C(c1ccccc1)(c1ccccc1)n1ccnc1,chembl,-45.668945,-3.1575153
Cc1onc(-c2ccccc2Cl)c1C(=O)N[C@@H]1C(=O)N2[C@@H]1SC(C)(C)[C@@H]2C(=O)O,chembl,-50.54521,44.34258
CN1CCN(C2=Nc3cc(Cl)ccc3Nc3ccccc32)CC1,chembl,-46.11404,-6.1213655
CC(C)c1nc(CN(C)C(=O)N[C@@H](CCN2CCOCC2)C(=O)N[C@H](CC[C@H](Cc2ccccc2)NC(=O)OCc2cncs2)Cc2ccccc2)cs1,chembl,-36.75896,22.67837
O=C(c1ccc(F)c(F)c1Nc1ccc(I)cc1F)N1CC(O)([C@@H]2CCCCN2)C1,chembl,-55.410477,26.699337
COC(=O)[C@H]1[C@@H](OC(=O)c2ccccc2)C[C@@H]2CC[C@H]1N2C,chembl,-41.22266,25.34013
COc1ccc2c3c1O[C@H]1[C@@H](O)C=C[C@H]4[C@@H](C2)N(C)CC[C@@]341,chembl,-66.04264,10.910506
COc1cc2c(c(OC)c1OC)-c1ccc(OC)c(=O)cc1[C@@H](NC(C)=O)CC2,chembl,-63.91092,12.539089
CCCCCCCCCCCCCCCC(=O)OC[C@H](COP(=O)([O-])OCC[N+](C)(C)C)OC(=O)CCCCCCCCCCCCCCC,chembl,-11.990651,44.91102
Cc1nc2c([nH]1)-c1ccccc1N(C(=O)c1ccc(NC(=O)c3ccccc3-c3ccccc3)cc1)CC2,chembl,-48.056927,19.312893
COc1c(OCCCN2CCOCC2)ccc2c1N=C(NC(=O)c1cnc(N)nc1)N1CCN=C21,chembl,-60.562145,11.4217415
CC(=O)OCC(=O)[C@@]1(O)CC[C@H]2[C@@H]3CCC4=CC(=O)CC[C@]4(C)[C@H]3C(=O)C[C@@]21C,chembl,-24.445684,68.47131
CC(=O)OCC(=O)[C@@]1(O)[C@H](C)C[C@H]2[C@@H]3C=C(C)C4=Cc5c(cnn5-c5ccccc5)C[C@]4(C)[C@H]3[C@@H](O)C[C@@]21C,chembl,-28.80913,66.125015
O=c1ccc2ccccc2o1,chembl,-27.637873,-28.950842
CNC(=O)c1nnc(NC(=O)C2CC2)cc1Nc1cccc(-c2ncn(C)n2)c1OC,chembl,-51.544735,14.731749
C#CCN(c1nc(-c2cc(C)c(OC)cc2Cl)c(C)s1)[C@@H](CC1CC1)c1ccc(C)c(F)c1,chembl,-55.791183,-0.10100574
N#Cc1ccc(Oc2ccc3c(c2)COB3O)cc1,chembl,6.310706,-6.540614
C[C@@H](Oc1cc(-c2cnn(C3CCNCC3)c2)cnc1N)c1c(Cl)ccc(F)c1Cl,chembl,-55.76086,0.03780309
O=C(O)c1cc(=O)c2c(OCC(O)COc3cccc4oc(C(=O)O)cc(=O)c34)cccc2o1,chembl,-25.935509,13.677439
CC1(C)S[C@@H]2[C@H](NC(=O)C3(N)CCCCC3)C(=O)N2[C@H]1C(=O)O,chembl,-52.382225,45.555923
CC1CC(OC(=O)C(O)c2ccccc2)CC(C)(C)C1,chembl,-40.60205,25.29994
CN1CCN(C(c2ccccc2)c2ccccc2)CC1,chembl,-10.571461,5.650838
CCC1(C2=CCCCC2)C(=O)NC(=O)NC1=O,chembl,-18.434057,38.24927
CN(C)CCC=C1c2ccccc2C=Cc2ccccc21,chembl,-16.47331,5.3267307
CC(=O)Oc1ccc(C(=C2CCCCC2)c2ccc(OC(C)=O)cc2)cc1,chembl,-6.278494,31.632372
CN(C)CCOC(=O)C(c1ccccc1)C1(O)CCCC1,chembl,-36.49335,19.623297
O=P1(N(CCCl)CCCl)NCCCO1,chembl,-24.035599,38.963367
NS(=O)(=O)c1cc2c(cc1Cl)NC(C1CC3C=CC1C3)NS2(=O)=O,chembl,-40.691357,-2.4652848
OC(CCN1CCCCC1)(c1ccccc1)C1CCCC1,chembl,-42.24585,21.349634
CN1CCC(=C2c3ccccc3C=Cc3ccccc32)CC1,chembl,-8.074647,4.1811643
N[C@@H](CS)C(=O)O,chembl,-25.893475,26.292381
Nc1ccn([C@@H]2O[C@H](CO)[C@@H](O)[C@@H]2O)c(=O)n1,chembl,-35.742325,45.910664
CCCCCCOC(=O)NC(=N)c1ccc(NCc2nc3cc(C(=O)N(CCC(=O)OCC)c4ccccn4)ccc3n2C)cc1,chembl,-6.718043,28.665995
CC(C)(C)c1nc(-c2cccc(NS(=O)(=O)c3c(F)cccc3F)c2F)c(-c2ccnc(N)n2)s1,chembl,-36.097534,-0.45220748
CN(C)/N=N/c1[nH]cnc1C(N)=O,chembl,-19.827879,20.921377
COC(=O)N[C@H](C(=O)N1CCC[C@H]1c1ncc(-c2ccc(-c3ccc(-c4cnc([C@@H]5CCCN5C(=O)[C@@H](NC(=O)OC)C(C)C)[nH]4)cc3)cc2)[nH]1)C(C)C,chembl,-50.43892,25.190208
COc1cc2ncnc(Nc3ccc(F)c(Cl)c3)c2cc1NC(=O)/C=C/CN1CCCCC1,chembl,-58.088593,9.981839
CCN(CC)CCS(=O)(=O)[C@@H]1CCN2C(=O)c3coc(n3)CC(=O)C[C@H](O)/C=C(C)/C=C/CNC(=O)/C=C/[C@@H](C)[C@@H](C(C)C)OC(=O)[C@@H]12,chembl,-26.54156,50.690186
C#C[C@]1(O)CC[C@H]2[C@@H]3CCC4=Cc5oncc5C[C@]4(C)[C@H]3CC[C@@]21C,chembl,-21.956827,61.860676
CC(=O)c1nn(CC(=O)N2C[C@H](F)C[C@H]2C(=O)Nc2cccc(Br)n2)c2ccc(-c3cnc(C)nc3)cc12,chembl,-53.767952,22.944408
O=C1c2cccc(O)c2C(=O)c2c(O)cccc21,chembl,-16.865679,-0.36272758
O=C1CN(/N=C/c2ccc(-c3ccc([N+](=O)[O-])cc3)o2)C(=O)N1,chembl,3.778416,23.737041
CCOc1ccc(Cc2cc([C@@H]3O[C@H](CO)[C@@H](O)[C@H](O)[C@H]3O)ccc2Cl)cc1,chembl,-43.597248,43.240532
Cc1ccccc1N1CCN(CCc2nnc3n2CCCC3)CC1,chembl,-7.814692,6.3820963
O=C(O)CNC(=O)C1C(=O)N(C2CCCCC2)C(=O)N(C2CCCCC2)C1=O,chembl,-29.683538,35.940678
Nc1ccc(S(=O)(=O)c2ccc(N)cc2)cc1,chembl,-33.43045,-2.8987594
COc1ccc(-n2nccn2)c(C(=O)N2CCC[C@@]2(C)c2nc3c(C)c(Cl)ccc3[nH]2)c1,chembl,-62.275288,1.875235
NC(=O)C(c1ccccc1)(c1ccccc1)[C@@H]1CCN(CCc2ccc3c(c2)CCO3)C1,chembl,-41.624157,21.85808
CC(O)c1cc(C(=O)N[C@@H](C)Cn2ccc(-c3ccc(C#N)c(Cl)c3)n2)n[nH]1,chembl,-1.8641526,10.776277
CC(C)CN(C[C@@H](O)[C@H](Cc1ccccc1)NC(=O)O[C@H]1CO[C@H]2OCC[C@H]21)S(=O)(=O)c1ccc(N)cc1,chembl,-37.333305,29.277643
COc1c(-c2ccc3cc(NS(C)(=O)=O)ccc3c2)cc(-n2ccc(=O)[nH]c2=O)cc1C(C)(C)C,chembl,-39.47506,-24.289402
Cc1nc(Nc2ncc(C(=O)Nc3c(C)cccc3Cl)s2)cc(N2CCN(CCO)CC2)n1,chembl,-52.176044,18.525942
COc1cccc2c1C(=O)c1c(O)c3c(c(O)c1C2=O)C[C@@](O)(C(C)=O)C[C@@H]3O[C@H]1C[C@H](N)[C@H](O)[C@H](C)O1,chembl,-32.87366,55.086647
N=C(N)N1CCc2ccccc2C1,chembl,-9.948547,2.658151
Nc1ncn([C@H]2C[C@H](O)[C@@H](CO)O2)c(=O)n1,chembl,-35.717594,46.30331
O=C(O)c1ccc(-n2nc(-c3ccccc3O)nc2-c2ccccc2O)cc1,chembl,-30.946949,4.6215787
Cc1c(O)c(=O)ccn1C,chembl,-16.917141,33.877792
CC(=O)N(O)CCCCCNC(=O)CCC(=O)N(O)CCCCCNC(=O)CCC(=O)N(O)CCCCCN,chembl,-20.500883,24.848503
CC(=O)OCC(=O)[C@@]12N=C(C)O[C@@H]1C[C@H]1[C@@H]3CCC4=CC(=O)C=C[C@]4(C)[C@H]3[C@@H](O)C[C@@]12C,chembl,-26.492428,70.72039
Nc1nc(-n2cc(C(=O)O)c(=O)c3cc(F)c(N4CC(O)C4)c(Cl)c32)c(F)cc1F,chembl,-57.410183,30.20944
C[C@]1(COc2ccc(N3CCC(Oc4ccc(OC(F)(F)F)cc4)CC3)cc2)Cn2cc([N+](=O)[O-])nc2O1,chembl,-0.11997594,25.37693
CC(C)Nc1cccnc1N1CCN(C(=O)c2cc3cc(NS(C)(=O)=O)ccc3[nH]2)CC1,chembl,-51.71941,20.504284
CN(C)[C@@H]1C(O)=C(C(N)=O)C(=O)[C@@]2(O)C(O)=C3C(=O)c4c(O)ccc(Cl)c4[C@@H](O)[C@H]3C[C@@H]12,chembl,-36.76998,55.800117
C[C@H](CCC(=O)O)[C@H]1CC[C@H]2[C@@H]3CC[C@@H]4C[C@H](O)CC[C@]4(C)[C@H]3C[C@H](O)[C@]12C,chembl,-22.850855,55.987602
COC(=O)[C@H]1[C@H]2C[C@@H]3c4[nH]c5ccccc5c4CCN3C[C@H]2C[C@@H](OC(=O)c2cc(OC)c(OC)c(OC)c2)[C@@H]1OC,chembl,-64.658,16.800812
FC(F)OC(F)C(F)(F)F,chembl,-14.109992,24.046247
CNCCCN1c2ccccc2CCc2ccccc21,chembl,9.1479645,30.782362
C[C@H]1O[C@@H](O[C@H]2CC[C@@]3(C)[C@H](CC[C@@H]4[C@@H]3C[C@@H](O)[C@]3(C)[C@@H](C5=CC(=O)OC5)CC[C@]43O)C2)C[C@H](O)[C@@H]1O[C@H]1C[C@H](O)[C@H](O[C@H]2C[C@H](O)[C@H](O[C@@H]3O[C@H](CO)[C@@H](O)[C@H](O)[C@H]3O)[C@@H](C)O2)[C@@H](C)O1,chembl,-27.62048,55.77787
Clc1ccc2c(c1)CCc1cccnc1C2=C1CCNCC1,chembl,-45.328896,-5.987564
C#C[C@]1(O)CC[C@H]2[C@@H]3CCC4=CCCC[C@@H]4[C@H]3C(=C)C[C@@]21CC,chembl,-20.926056,62.434036
CC1(C)O[C@@H]2C[C@H]3[C@@H]4CCC5=CC(=O)C=C[C@]5(C)[C@H]4[C@@H](O)C[C@]3(C)[C@]2(C(=O)CO)O1,chembl,-27.715464,69.80895
C[C@@H]1C[C@H]2[C@@H]3CCC4=CC(=O)C=C[C@]4(C)[C@@]3(F)[C@@H](O)C[C@]2(C)[C@H]1C(=O)CO,chembl,-28.234726,70.728645
CC(=O)OCC(=O)[C@H]1CC[C@H]2[C@@H]3CCC4=CC(=O)CC[C@]4(C)[C@H]3CC[C@]12C,chembl,-23.846216,67.611626
CC(C)(C)C(=O)OCC(=O)[C@H]1CC[C@H]2[C@@H]3CCC4=CC(=O)CC[C@]4(C)[C@H]3CC[C@]12C,chembl,-23.739386,67.275276
CN(C)CC(c1ccc(O)cc1)C1(O)CCCCC1,chembl,-17.765192,19.835564
C[C@@H]1C[C@H]2[C@@H]3CCC4=CC(=O)C=C[C@]4(C)[C@@]3(F)[C@@H](O)C[C@]2(C)[C@@]1(O)C(=O)CO,chembl,-28.041327,71.33256
CC(=O)OCC(=O)[C@@]1(O)[C@H](C)C[C@H]2[C@@H]3CCC4=CC(=O)C=C[C@]4(C)[C@@]3(F)[C@@H](O)C[C@@]21C,chembl,-27.887888,72.16198
C[C@@H]1C[C@H]2[C@@H]3CCC4=CC(=O)C=C[C@]4(C)[C@@]3(F)[C@@H](O)C[C@]2(C)[C@@]1(O)C(=O)COP(=O)(O)O,chembl,-28.018398,71.90391
CN(C)CC[C@@H](c1ccc(Br)cc1)c1ccccn1,chembl,-21.232126,6.6117268
CN(C)CC[C@@H](c1ccc(Cl)cc1)c1ccccn1,chembl,-22.768764,5.4807696
CCN[C@@H](C)Cc1cccc(C(F)(F)F)c1,chembl,-20.312757,12.617218
CC(C)Cc1ccc([C@H](C)C(=O)O)cc1,chembl,-27.99218,23.842602
C[C@H](C(=O)O)c1cccc(C(=O)c2ccccc2)c1,chembl,-27.79054,12.669239
Cc1c(OCC(F)(F)F)ccnc1C[S@@+]([O-])c1nc2ccccc2[nH]1,chembl,-33.390987,-11.199438
Cc1cccc([C@H](C)c2c[nH]cn2)c1C,chembl,-23.607773,12.675479
COC(=O)[C@H](c1ccccc1)[C@H]1CCCCN1,chembl,-40.93511,25.783945
CC(C)(CO)[C@@H](O)C(=O)NCCCO,chembl,-22.825787,26.525724
C[C@@H](CN1CC(=O)NC(=O)C1)N1CC(=O)NC(=O)C1,chembl,-17.466843,39.279358
O=C(O)[C@@H](O)[C@@H](O)[C@H](O)[C@@H](O)C(=O)O,chembl,-25.407276,25.214586
COc1ccc2c(c1)[C@]13CCCC[C@@H]1[C@H](C2)N(C)CC3,chembl,-43.250744,38.233696
C[C@@H](CC(C(=O)N1CCCC1)(c1ccccc1)c1ccccc1)N1CCOCC1,chembl,-40.26991,23.136812
OC[C@H]1OC(O)[C@H](O)[C@@H](O)[C@@H]1O,chembl,-30.242437,45.92801
N[C@H](Cc1cc(I)c(Oc2cc(I)c(O)c(I)c2)c(I)c1)C(=O)O,chembl,-27.536255,22.43042
C[C@@]12CCCCC[C@@H](Cc3ccc(O)cc31)[C@@H]2N,chembl,-16.212439,56.34711
CCN(CC)CCOc1ccc2nc(N(C)C)sc2c1,chembl,-5.9603076,17.089254
CC(=O)Nc1c(I)c(NC(C)=O)c(I)c(C(=O)O)c1I,chembl,-23.783283,24.27801
CN1C(=O)CN=C(c2ccccc2)c2cc(Cl)ccc21,chembl,-46.078606,-8.536475
CC1=Nc2ccc(Cl)cc2S(=O)(=O)N1,chembl,-41.705902,-4.6668444
CN(C)CCN1C(=O)c2ccccc2N(C)c2ccccc21,chembl,-11.028889,10.256909
O=C(Nc1ccc(Br)cc1)c1cc(Br)ccc1O,chembl,-23.20043,22.13081
CCCCOc1cc(C(=O)NCCN(CC)CC)c2ccccc2n1,chembl,-6.350967,28.52441
CC(C)(C)c1ccc2c(S(=O)(=O)O)c(C(C)(C)C)ccc2c1,chembl,-6.9842763,-44.553368
NS(=O)(=O)c1cc(Cl)c(Cl)c(S(N)(=O)=O)c1,chembl,-40.66935,-2.4187524
O=C(O)Cc1ccccc1Nc1c(Cl)cccc1Cl,chembl,-43.25484,2.5421915
Cc1onc(-c2c(Cl)cccc2Cl)c1C(=O)N[C@@H]1C(=O)N2[C@@H]1SC(C)(C)[C@@H]2C(=O)O,chembl,-50.55373,44.380836
O=c1oc2ccccc2c(O)c1Cc1c(O)c2ccccc2oc1=O,chembl,-29.664064,-26.931227
CCN(CC)CCOC(=O)C1(C2CCCCC2)CCCCC1,chembl,-27.343729,38.86597
O=c1[nH]cnc2c1ncn2[C@H]1CC[C@@H](CO)O1,chembl,-35.68608,44.555195
C/C=C(/C(=C/C)c1ccc(O)cc1)c1ccc(O)cc1,chembl,-16.794403,19.006298
C[C@]12CCC3=C4CCC(=O)C=C4CC[C@H]3[C@@H]1CC[C@@]2(O)CC#N,chembl,-22.44808,62.923027
CCN(CC)C(=O)N1CCN(C)CC1,chembl,-26.14656,36.034126
CCN(CC)C(C)C(=O)c1ccccc1,chembl,-31.521494,16.223148
CC/C(=C(/CC)c1ccc(O)cc1)c1ccc(O)cc1,chembl,-16.716715,19.043058
CC/C(=C(/CC)c1ccc(OP(=O)(O)O)cc1)c1ccc(OP(=O)(O)O)cc1,chembl,-11.025658,26.03989
CC(C)C[C@@H](NC(=O)[C@@H](Cc1ccccc1)NC(=O)[C@H](N)Cc1ccccc1)C(=O)N[C@H](CCCCN)C(=O)N1CCC(N)(C(=O)O)CC1,chembl,-36.922775,26.46532
CN(C)CC(C)(C)OC(=O)C(O)(c1ccccc1)c1ccccc1,chembl,-32.823257,17.456047
N#CC(CCN1CCC(C(=O)O)(c2ccccc2)CC1)(c1ccccc1)c1ccccc1,chembl,-41.113964,19.80092
CC(=O)OCC(=O)[C@@]1(OC(C)=O)[C@@H](C)C[C@H]2[C@@H]3C[C@H](F)C4=CC(=O)C=C[C@]4(C)[C@@]3(F)[C@@H](O)C[C@@]21C,chembl,-29.06246,72.12211
O=C(O)c1cc(-c2ccc(F)cc2F)ccc1O,chembl,-23.39394,-2.1341221
CCCC(=O)O[C@]1(C(=O)COC(C)=O)CC[C@H]2[C@@H]3C[C@H](F)C4=CC(=O)C=C[C@]4(C)[C@@]3(F)[C@@H](O)C[C@@]21C,chembl,-26.962523,72.648796
C[C@H]1O[C@@H](O[C@H]2[C@@H](O)C[C@H](O[C@H]3[C@@H](O)C[C@H](O[C@H]4CC[C@@]5(C)[C@H](CC[C@@H]6[C@@H]5CC[C@]5(C)[C@@H](C7=CC(=O)OC7)CC[C@]65O)C4)O[C@@H]3C)O[C@@H]2C)C[C@H](O)[C@@H]1O,chembl,-27.342455,56.22956
C[C@H]1O[C@@H](O[C@H]2[C@@H](O)C[C@H](O[C@H]3[C@@H](O)C[C@H](O[C@H]4CC[C@@]5(C)[C@H](CC[C@@H]6[C@@H]5C[C@@H](O)[C@]5(C)[C@@H](C7=CC(=O)OC7)CC[C@]65O)C4)O[C@@H]3C)O[C@@H]2C)C[C@H](O)[C@@H]1O,chembl,-27.368753,56.112385
COc1ccc2c3c1O[C@H]1[C@@H](O)CC[C@H]4[C@@H](C2)N(C)CC[C@@]341,chembl,-66.04759,10.925646
CN1C[C@H](C(=O)N[C@]2(C)O[C@@]3(O)[C@@H]4CCCN4C(=O)[C@H](Cc4ccccc4)N3C2=O)C[C@@H]2c3cccc4[nH]cc(c34)C[C@H]21,chembl,-44.605686,33.503628
CN[C@@H]1[C@H](O[C@H]2[C@H](O[C@H]3[C@H](O)[C@@H](O)[C@H](NC(=N)N)[C@@H](O)[C@@H]3NC(=N)N)O[C@@H](C)[C@]2(O)CO)O[C@@H](CO)[C@H](O)[C@H]1O,chembl,-29.84625,47.37734
CC(C)[C@@H](C)/C=C/[C@@H](C)[C@H]1CC[C@H]2/C(=C/C=C3\C[C@@H](O)CC[C@@H]3C)CCC[C@]12C,chembl,-20.481314,55.09259
C[C@H](CCc1ccccc1)NC[C@H](O)c1ccc(O)c(C(N)=O)c1,chembl,-29.54932,16.389668
COc1ccc([C@@H]2Sc3ccccc3N(CCN(C)C)C(=O)[C@@H]2OC(C)=O)cc1,chembl,11.393382,30.145206
Cn1c(=O)c2[nH]c(Cl)nc2n(C)c1=O,chembl,-13.766679,33.908424
COC(=O)/C=C/C(=O)OC,chembl,-21.507778,26.395668
CCCCC[C@H](O)/C=C/[C@@H]1[C@@H](C/C=C\CCCC(=O)O)[C@@H](O)C[C@H]1O,chembl,-14.6704235,46.946846
CCCCC[C@H](O)/C=C/[C@H]1[C@H](O)CC(=O)[C@@H]1C/C=C\CCCC(=O)O,chembl,-14.602841,46.83502
COc1ccc(-c2cc(=O)c3c(O)cc(O[C@@H]4O[C@H](CO[C@@H]5O[C@@H](C)[C@H](O)[C@@H](O)[C@H]5O)[C@@H](O)[C@H](O)[C@H]4O)cc3o2)cc1O,chembl,-64.03455,-2.4572763
CN(C)CCOC(c1ccccc1)c1ccccc1,chembl,-20.195248,8.5759945
OC(CCCN1CCCCC1)(c1ccccc1)c1ccccc1,chembl,-42.205036,21.210384
CCOC(=O)C1(c2ccccc2)CCN(CCC(C#N)(c2ccccc2)c2ccccc2)CC1,chembl,-40.64258,19.677958
CN1CCC(OC(c2ccccc2)c2ccccc2)CC1,chembl,-10.944258,5.738898
CNCC(O)c1ccc(OC(=O)C(C)(C)C)c(OC(=O)C(C)(C)C)c1,chembl,-28.51142,19.35577
OCCN(CCO)c1nc(N2CCCCC2)c2nc(N(CCO)CCO)nc(N3CCCCC3)c2n1,chembl,-25.565264,38.685978
O=c1ccn([C@@H]2O[C@H](COP(=O)(O)OP(=O)(O)OP(=O)(O)OP(=O)(O)OC[C@H]3O[C@@H](n4ccc(=O)[nH]c4=O)[C@H](O)[C@@H]3O)[C@@H](O)[C@H]2O)c(=O)[nH]1,chembl,-33.609837,44.118694
CC[C@H]1OC(=O)[C@H](C)[C@@H](O[C@H]2C[C@@](C)(OC)[C@@H](O)[C@H](C)O2)[C@H](C)[C@@H](O[C@@H]2O[C@H](C)C[C@H](N(C)C)[C@H]2O)[C@](C)(O)C[C@@H](C)[C@@H]2N[C@@H](COCCOC)O[C@H]([C@H]2C)[C@]1(C)O,chembl,-28.929132,54.20244
COC(=O)/C=C/C(=O)OCCN1C(=O)CCC1=O,chembl,-24.891685,33.55874
CC(C)N(CCC(C(N)=O)(c1ccccc1)c1ccccn1)C(C)C,chembl,-33.588066,16.710772
CCN(CC)C(=S)SSC(=S)N(CC)CC,chembl,-15.648521,20.978851
O=S(=O)(O)c1cc(O)ccc1O,chembl,-25.491798,20.19846
CC(CCc1ccc(O)cc1)NCCc1ccc(O)c(O)c1,chembl,-22.48379,16.368212
CC(=O)O[C@@]12CO[C@@H]1C[C@H](O)[C@@]1(C)C(=O)[C@H](O)C3=C(C)[C@@H](OC(=O)[C@H](O)[C@@H](NC(=O)OC(C)(C)C)c4ccccc4)C[C@@](O)([C@@H](OC(=O)c4ccccc4)[C@H]21)C3(C)C,chembl,-47.442875,37.19354
CCCCCCCCCCCCCCCCCCCCCCO,chembl,19.348587,14.12503
CCCCC(CC)COC(=O)CC(C(=O)OCC(CC)CCCC)S(=O)(=O)O,chembl,-9.867822,45.506855
CN(CCOc1ccc(NS(C)(=O)=O)cc1)CCc1ccc(NS(C)(=O)=O)cc1,chembl,-6.0143757,36.33941
O=C(O[C@@H]1C[C@@H]2C[C@H]3C[C@H](C1)N2CC3=O)c1c[nH]c2ccccc12,chembl,-45.761456,28.610798
C[C@@H]1CCO[C@H]2Cn3cc(C(=O)NCc4ccc(F)cc4F)c(=O)c(O)c3C(=O)N12,chembl,-56.647293,27.328505
O=c1[nH]c2ccccc2n1CCCN1CCC(n2c(=O)[nH]c3cc(Cl)ccc32)CC1,chembl,-47.077553,-4.772079
COc1cc2c(cc1OC)C(=O)C(CC1CCN(Cc3ccccc3)CC1)C2,chembl,-63.894794,9.155583
NCCc1ccc(O)c(O)c1,chembl,-23.453596,16.416513
Cn1c(Cn2ccc(C(F)(F)F)c(Oc3cc(Cl)cc(C#N)c3)c2=O)n[nH]c1=O,chembl,-2.256375,10.331556
C[C@@H](O)[C@H]1C(=O)N2C(C(=O)O)=C(S[C@@H]3CN[C@H](CNS(N)(=O)=O)C3)[C@H](C)[C@H]12,chembl,-31.725513,34.89886
CCN[C@H]1C[C@H](C)S(=O)(=O)c2sc(S(N)(=O)=O)cc21,chembl,-59.71578,15.667089
CN(C)CC/C=C1\c2ccccc2CSc2ccccc21,chembl,-16.401587,5.3389316
CCN1CC(CCN2CCOCC2)C(c2ccccc2)(c2ccccc2)C1=O,chembl,-12.600095,6.88221
COc1cc2nc(N3CCN(C(=O)C4COc5ccccc5O4)CC3)nc(N)c2cc1OC,chembl,-59.518246,12.317746
CN(C)CCC=C1c2ccccc2COc2ccccc21,chembl,-16.55457,5.255181
C=C1/C(=C\C=C2/CCC[C@]3(C)[C@@H]([C@H](C)/C=C/[C@H](C)C(C)C)CC[C@@H]23)C[C@@H](O)C[C@@H]1O,chembl,-20.605127,54.9942
COc1cccc2c1C(=O)c1c(O)c3c(c(O)c1C2=O)C[C@@](O)(C(=O)CO)C[C@@H]3O[C@H]1C[C@H](N)[C@H](O)[C@H](C)O1,chembl,-32.803314,55.125122
C[C@H]1c2cccc(O)c2C(=O)C2=C(O)[C@]3(O)C(=O)C(C(N)=O)=C(O)[C@@H](N(C)C)[C@@H]3[C@@H](O)[C@@H]21,chembl,-36.869644,56.460564
CN(C)CCOC(C)(c1ccccc1)c1ccccn1,chembl,-20.627419,6.5994573
CCC(=O)O[C@H]1CC[C@H]2[C@@H]3CC[C@H]4CC(=O)[C@H](C)C[C@]4(C)[C@H]3CC[C@]12C,chembl,-24.04914,60.031208
CCCCCc1cc(O)c2c(c1)OC(C)(C)[C@@H]1CCC(C)=C[C@@H]21,chembl,17.328508,15.455136
CCCCc1oc2ccc(NS(C)(=O)=O)cc2c1C(=O)c1ccc(OCCCN(CCCC)CCCC)cc1,chembl,-4.5462475,28.682714
O=C(CCCN1CC=C(n2c(=O)[nH]c3ccccc32)CC1)c1ccc(F)cc1,chembl,-52.68587,31.293938
C[C@]12CCC(=O)C=C1[C@@H]1C[C@@H]1[C@H]1[C@@H]3[C@@H]4C[C@@H]4[C@@]4(CCC(=O)O4)[C@@]3(C)CC[C@@H]12,chembl,-24.310694,63.506836
N[C@H](C(=O)O)[C@H](O)c1ccc(O)c(O)c1,chembl,-25.99578,21.986517
CNCC[C@H](Oc1cccc2ccccc12)c1cccs1,chembl,-25.591908,-19.27022
CC1=C[C@@H]2CN(C(=O)N2OS(=O)(=O)O)[C@@H]1C(N)=O,chembl,-33.047092,39.75688
C[C@]12C=CC(=O)N[C@@H]1CC[C@@H]1[C@@H]2CC[C@]2(C)[C@@H](C(=O)Nc3cc(C(F)(F)F)ccc3C(F)(F)F)CC[C@@H]12,chembl,-25.728497,61.868435
C[C@H](Nc1ncnc2nc[nH]c12)c1cc2cccc(Cl)c2c(=O)n1-c1ccccc1,chembl,-36.753323,-10.769966
CCCCOc1ccc(C(=O)CCN2CCCCC2)cc1,chembl,-5.117009,31.981424
CC(=O)[C@H]1CC[C@H]2[C@@H]3C=CC4=CC(=O)CC[C@@]4(C)[C@@H]3CC[C@]12C,chembl,-23.366474,64.104256
Cn1c(=O)c2c(ncn2CC(O)CO)n(C)c1=O,chembl,-15.312085,32.79528
CC(C)(C)c1ccc(C(=O)CCCN2CCC(OC(c3ccccc3)c3ccccc3)CC2)cc1,chembl,-40.745026,22.49002
NC(N)=Nc1nc(CSCCN/C=N/S(=O)(=O)c2ccc(Br)cc2)cs1,chembl,-31.53982,-2.7057607
CC1(C)C2CCC1(CS(=O)(=O)O)C(=O)C2=Cc1ccc(C=C2C(=O)C3(CS(=O)(=O)O)CCC2C3(C)C)cc1,chembl,-24.630074,47.539585
Clc1ccc(COC(Cn2ccnc2)c2ccc(Cl)cc2Cl)cc1,chembl,-50.476,-3.2458813
CC1=NN(c2ccccc2)C(=O)C1,chembl,-11.124153,8.978253
CN1CCc2nc(C(=O)N[C@@H]3C[C@@H](C(=O)N(C)C)CC[C@@H]3NC(=O)C(=O)Nc3ccc(Cl)cn3)sc2C1,chembl,-54.14961,16.418493
O=C1Nc2ccc(Cl)cc2[C@@](C#CC2CC2)(C(F)(F)F)O1,chembl,-42.735558,-3.006727
C=C1CCN([C@H](C)[C@](O)(Cn2cncn2)c2ccc(F)cc2F)CC1,chembl,-26.919325,-3.7753344
NCCCC(N)(C(=O)O)C(F)F,chembl,-25.637815,27.120518
CCNCCc1ccc(CN(CC)c2cc(OC)ccc2[C@@H]2CCc3cc(O)ccc3C2)cc1,chembl,-43.712082,38.834026
CSc1ccc(C(=O)/C=C/c2cc(C)c(OC(C)(C)C(=O)O)c(C)c2)cc1,chembl,-24.031147,18.58335
COc1cccc(-c2c(C)n(Cc3c(F)cccc3C(F)(F)F)c(=O)n(C[C@H](NCCCC(=O)O)c3ccccc3)c2=O)c1F,chembl,-48.03854,10.252702
COC(=O)N[C@H](C(=O)N1CCC[C@H]1c1nc(-c2ccc3c(c2)O[C@@H](c2ccccc2)n2c-3cc3cc(-c4c[nH]c([C@@H]5CCCN5C(=O)[C@@H](NC(=O)OC)C(C)C)n4)ccc32)c[nH]1)C(C)C,chembl,-50.22137,27.468401
CN1CCC[C@@H]1Cc1c[nH]c2ccc(CCS(=O)(=O)c3ccccc3)cc12,chembl,-21.771471,41.36826
Cc1nn(C)cc1S(=O)(=O)NC(=O)c1ccc(-n2ccc(OCC(C)(C)C(F)(F)F)n2)nc1N1C[C@@H](C)CC1(C)C,chembl,-52.98778,23.474842
CCCCCCCC(=O)N[C@H](CN1CCCC1)[C@H](O)c1ccc2c(c1)OCCO2,chembl,-16.524746,45.344433
CC1=NN(c2ccc(C)c(C)c2)C(=O)/C1=N\Nc1cccc(-c2cccc(C(=O)O)c2)c1O,chembl,-31.565742,4.437444
COc1ccc(CN(C(=O)[C@@H](N)Cc2c(C)cc(C(N)=O)cc2C)[C@@H](C)c2ncc(-c3ccccc3)[nH]2)cc1C(=O)O,chembl,-39.07128,5.4343596
COc1cc2c(cc1Cc1cccc(Cl)c1F)c(=O)c(C(=O)O)cn2[C@H](CO)C(C)C,chembl,-48.771652,9.559369
CCOCCn1c(N2CCCN(C)CC2)nc2ccccc21,chembl,-7.158735,6.5249796
CC[C@H]1CN2CCc3cc(OC)c(OC)cc3[C@@H]2C[C@@H]1C[C@H]1NCCc2cc(OC)c(OC)cc21,chembl,-63.289146,10.433698
OC[C@H]1O[C@@H](c2ccc(Cl)c(Cc3ccc(O[C@H]4CCOC4)cc3)c2)[C@H](O)[C@@H](O)[C@@H]1O,chembl,-43.54297,43.305508
Nc1nc(=O)n([C@@H]2CS[C@H](CO)O2)cc1F,chembl,-35.839474,45.563442
CCOC(=O)[C@H](CCc1ccccc1)N[C@@H](C)C(=O)N1CCC[C@H]1C(=O)O,chembl,-37.620815,24.92861
C[C@H](N[C@@H](CCc1ccccc1)C(=O)O)C(=O)N1CCC[C@H]1C(=O)O,chembl,-37.50098,26.117577
CC(C)(O)CNc1nc(Nc2ccnc(C(F)(F)F)c2)nc(-c2cccc(C(F)(F)F)n2)n1,chembl,-36.475613,-0.06551111
COc1ccc(C(=O)Nc2ccccc2CCC2CCCCN2C)cc1,chembl,-41.759758,28.452473
COC(=O)N[C@@H](C)CNc1nccc(-c2cn(C(C)C)nc2-c2cc(Cl)cc(NS(C)(=O)=O)c2F)n1,chembl,-51.20297,11.926211
FC(F)OC(F)(F)C(F)Cl,chembl,-14.081218,24.093203
Cn1cc[n+](C[C@@]2(C)[C@H](C(=O)[O-])N3C(=O)C[C@H]3S2(=O)=O)n1,chembl,-30.956966,38.239426
CCn1cc(C(=O)O)c(=O)c2cc(F)c(N3CCNCC3)nc21,chembl,-56.517536,30.712679
CSc1ccc(C(=O)c2[nH]c(=O)[nH]c2C)cc1,chembl,-17.453068,28.636034
C[C@@H]1CN(C(=O)c2ccc(NC(=O)c3cc(O[C@H](C)c4c(Cl)ccc(F)c4Cl)c(N)nn3)cc2)C[C@H](C)N1,chembl,-54.244644,13.08747
COc1cc2c(cc1OC)-c1c/c(=N\c3c(C)cc(C)cc3C)n(CCNC(N)=O)c(=O)n1CC2,chembl,-62.949112,12.561935
CCN(CC)C(=O)/C(C#N)=C/c1cc(O)c(O)c([N+](=O)[O-])c1,chembl,7.787452,18.15155
C=C1[C@H](CO)[C@@H](O)C[C@@H]1n1cnc2c(=O)[nH]c(N)nc21,chembl,-35.795372,44.81328
CN1CCN(c2ccc(C(=O)Nc3n[nH]c4ccc(Cc5cc(F)cc(F)c5)cc34)c(NC3CCOCC3)c2)CC1,chembl,-55.258045,28.19368
CNC(=O)c1ccc(N2C(=S)N(c3ccc(C#N)c(C(F)(F)F)c3)C(=O)C2(C)C)cc1F,chembl,-59.333008,22.801624
CC(/C=C1\SC(=S)N(CC(=O)O)C1=O)=C\c1ccccc1,chembl,24.131977,46.097015
CN[C@@H](C)[C@H](O)c1ccccc1,chembl,-23.280096,10.501342
NC1=NCC2c3ccccc3Cc3ccccc3N12,chembl,-10.993507,3.5188408
CNC[C@H](O)c1ccc(O)c(O)c1,chembl,-21.577059,15.678485
COc1cccc2c1C(=O)c1c(O)c3c(c(O)c1C2=O)C[C@@](O)(C(=O)CO)C[C@@H]3O[C@H]1C[C@H](N)[C@@H](O)[C@H](C)O1,chembl,-32.803314,55.125122
COC(=O)[C@@H]1CC2=CC(=O)CC[C@]2(C)[C@@]23O[C@@H]2C[C@@]2(C)[C@@H](CC[C@@]24CCC(=O)O4)[C@H]13,chembl,-23.634863,65.20246
CCCCC[C@H](O)/C=C/[C@@H]1[C@H]2C/C(=C/CCCC(=O)O)O[C@H]2C[C@H]1O,chembl,-14.661449,46.948082
CCCCc1ncc(/C=C(\Cc2cccs2)C(=O)O)n1Cc1ccc(C(=O)O)cc1,chembl,-21.084864,34.164375
N=C(N)NCCCC[C@@H]1NC(=O)CCSSC[C@@H](C(N)=O)NC(=O)[C@@H]2CCCN2C(=O)[C@H](Cc2c[nH]c3ccccc23)NC(=O)[C@H](CC(=O)O)NC(=O)CNC1=O,chembl,-46.764595,27.782713
CN(C)[C@@H]1C(O)=C(C(N)=O)C(=O)[C@@]2(O)C(O)=C3C(=O)c4c(O)c(NC(=O)CN5CCCC5)cc(F)c4C[C@H]3C[C@@H]12,chembl,-38.25265,54.754993
COc1cc(OC)cc(N(CCNC(C)C)c2ccc3ncc(-c4cnn(C)c4)nc3c2)c1,chembl,-59.874863,1.2845654
O=C(O)CSCC(=O)NC1CCSC1=O,chembl,-29.899559,36.01497
C=C1CC[C@H](O)C/C1=C/C=C1\CCC[C@]2(C)[C@@H]([C@H](C)/C=C/[C@H](C)C(C)C)CC[C@@H]12,chembl,-20.466846,55.085022
CC(C)[C@@]1(NC(=O)[C@@H]2C[C@@H]3c4cccc5[nH]cc(c45)C[C@H]3N(C)C2)O[C@@]2(O)[C@@H]3CCCN3C(=O)[C@H](Cc3ccccc3)N2C1=O,chembl,-44.581886,33.483227
CN1C[C@H](C(=O)N[C@]2(C)O[C@@]3(O)[C@@H]4CCCN4C(=O)[C@H](Cc4ccccc4)N3C2=O)C=C2c3cccc4[nH]cc(c34)C[C@H]21,chembl,-44.551815,33.473145
C=C1C[C@@H]2CC[C@@]34C[C@H]5O[C@H]6[C@@H](O3)[C@H]3O[C@H](CC[C@@H]3O[C@H]6[C@H]5O4)CC(=O)C[C@@H]3[C@@H](OC)[C@@H](C[C@H](O)CN)O[C@H]3C[C@H]3O[C@@H](CC[C@@H]1O2)C[C@@H](C)C3=C,chembl,-27.967087,52.36013
C#Cc1cccc(Nc2ncnc3cc(OCCOC)c(OCCOC)cc23)c1,chembl,-33.381844,-14.297556
C[C@@H](O)[C@H]1C(=O)N2C(C(=O)O)=C(S[C@@H]3CN[C@H](C(=O)Nc4cccc(C(=O)O)c4)C3)[C@H](C)[C@H]12,chembl,-32.51749,34.729897
CCOc1ccc(Cc2cc([C@]34OC[C@](CO)(O3)[C@@H](O)[C@H](O)[C@H]4O)ccc2Cl)cc1,chembl,-43.682583,43.114193
CC[C@H]1OC(=O)[C@H](C)[C@@H](O[C@H]2C[C@@](C)(OC)[C@@H](O)[C@H](C)O2)[C@H](C)[C@@H](O[C@@H]2O[C@H](C)C[C@H](N(C)C)[C@H]2O)[C@](C)(O)C[C@@H](C)C(=O)[C@H](C)[C@@H](O)[C@]1(C)O,chembl,-28.780848,54.204983
CCC(=O)O[C@H]1[C@H](O[C@@H]2[C@@H](C)[C@H](O[C@H]3C[C@@](C)(OC)[C@@H](O)[C@H](C)O3)[C@@H](C)C(=O)O[C@H](CC)[C@@](C)(O)[C@H](O)[C@@H](C)C(=O)[C@H](C)C[C@@]2(C)O)O[C@H](C)C[C@@H]1N(C)C,chembl,-28.69953,54.241135
CCOC(=O)CCC(=O)O[C@H]1[C@H](O[C@@H]2[C@@H](C)[C@H](O[C@H]3C[C@@](C)(OC)[C@@H](O)[C@H](C)O3)[C@@H](C)C(=O)O[C@H](CC)[C@@](C)(O)[C@H](O)[C@@H](C)C(=O)[C@H](C)C[C@@]2(C)O)O[C@H](C)C[C@@H]1N(C)C,chembl,-28.61598,54.370785
CN(C)CCC[C@@]1(c2ccc(F)cc2)OCc2cc(C#N)ccc21,chembl,9.387714,-7.2139153
C[C@H](C(=O)O)c1ccc(-c2ccccc2)c(F)c1,chembl,-22.907902,-1.4687246
CN[C@]1(c2ccccc2Cl)CCCCC1=O,chembl,-14.707674,3.3695943
NC(=O)N1c2ccccc2C[C@H](O)c2ccccc21,chembl,-43.399414,24.739525
CC(=O)O[C@H]1Cc2ccccc2N(C(N)=O)c2ccccc21,chembl,-43.24498,24.855799
COC(=O)CCc1ccc(OCC(O)CNC(C)C)cc1,chembl,-6.8425927,37.127174
COc1ccc2[nH]c([S@@+]([O-])Cc3ncc(C)c(OC)c3C)nc2c1,chembl,-43.798424,-19.066055
Clc1ccc2c(c1)C(c1ccccc1)=NCc1nncn1-2,chembl,-46.645645,-8.839593
C[C@]12CC[C@@H]3c4ccc(O)cc4CC[C@H]3[C@@H]1[C@@H](O)[C@@H](O)[C@@H]2O,chembl,-18.162518,60.854164
C[C@]12CC[C@@H]3c4ccc(O)cc4CC[C@H]3[C@@H]1CC[C@@H]2O,chembl,-18.16593,60.987713
CC(=O)Oc1ccc2c(c1)CC[C@@H]1[C@@H]2CC[C@]2(C)[C@@H](O)CC[C@@H]12,chembl,-18.224829,62.401123
C[C@]12CC[C@@H]3c4ccc(O)cc4CC[C@H]3[C@@H]1CC[C@@H]2OC(=O)CCC1CCCC1,chembl,-17.477837,62.089
CCCCC(=O)O[C@H]1CC[C@H]2[C@@H]3CCc4cc(O)ccc4[C@H]3CC[C@]12C,chembl,-17.271912,62.233475
C[C@]12CC[C@@H]3c4ccc(OC(=O)N(CCCl)CCCl)cc4CC[C@H]3[C@@H]1CC[C@@H]2OP(=O)(O)O,chembl,-18.071236,62.480118
C[C@]12CC[C@@H]3c4ccc(O)cc4CC[C@H]3[C@@H]1C[C@@H](O)[C@@H]2O,chembl,-18.210505,60.95363
C[C@]12CC[C@@H]3c4ccc(O)cc4CC[C@H]3[C@@H]1CCC2=O,chembl,-18.444738,61.32256
C[C@]12CC[C@@H]3c4ccc(OS(=O)(=O)O)cc4CC[C@H]3[C@@H]1CCC2=O,chembl,-18.4557,62.455917
CN1CCN(C(=O)O[C@H]2c3nccnc3C(=O)N2c2ccc(Cl)cn2)CC1,chembl,-53.920677,16.050365
C=C(CC)C(=O)c1ccc(OCC(=O)O)c(Cl)c1Cl,chembl,-44.196556,5.2132664
CC[C@@H](CO)NCCN[C@@H](CC)CO,chembl,-17.658104,24.69545
CCCCCCCC/C=C\CCCCCCCC(=O)O,chembl,-12.213462,44.122402
C#CC(O)(/C=C/Cl)CC,chembl,-15.643506,20.789345
C#CC1(OC(N)=O)CCCCC1,chembl,-28.047934,37.56791
C#C[C@]1(O)CC[C@H]2[C@@H]3CCc4cc(O)ccc4[C@H]3CC[C@@]21C,chembl,-18.390177,61.08391
CCc1cc(C(N)=S)ccn1,chembl,-15.612092,17.894308
CCN(CC)C(C)CN1c2ccccc2Sc2ccccc21,chembl,11.310125,32.154724
CCC1(C)CC(=O)NC1=O,chembl,-17.807167,38.385586
CCN1C(=O)NC(c2ccccc2)C1=O,chembl,-13.069917,7.8090014
CCOc1ccc2nc(S(N)(=O)=O)sc2c1,chembl,-5.97901,17.085014
CC[C@]1(O)CC[C@H]2[C@@H]3CCC4=CCCC[C@@H]4[C@H]3CC[C@@]21C,chembl,-20.752123,62.332584
C#C[C@]1(OC(C)=O)CC[C@H]2[C@@H]3CCC4=C[C@@H](OC(C)=O)CC[C@@H]4[C@H]3CC[C@@]21C,chembl,-22.373974,63.999672
CCCN(CC)C(CC)C(=O)Nc1c(C)cccc1C,chembl,-27.429537,16.054829
CC(O)(P(=O)(O)O)P(=O)(O)O,chembl,-17.330399,22.020887
CCc1cccc2c3c([nH]c12)C(CC)(CC(=O)O)OCC3,chembl,-26.204842,31.549236
CCOC(=O)c1cncn1[C@H](C)c1ccccc1,chembl,-38.91663,14.249794
C#C[C@]1(O)CC[C@H]2[C@@H]3CCC4=CC(=O)CC[C@@H]4[C@H]3C(=C)C[C@@]21CC,chembl,-21.668575,63.213383
COc1cc([C@@H]2c3cc4c(cc3[C@@H](O[C@@H]3O[C@@H]5CO[C@@H](C)O[C@H]5[C@H](O)[C@H]3O)[C@H]3COC(=O)[C@H]23)OCO4)cc(OC)c1O,chembl,-66.61741,13.386719
COc1cc([C@@H]2c3cc4c(cc3[C@@H](O[C@@H]3O[C@@H]5CO[C@@H](C)O[C@H]5[C@H](O)[C@H]3O)[C@H]3COC(=O)[C@H]23)OCO4)cc(OC)c1OP(=O)(O)O,chembl,-66.57443,13.360668
Cc1ccc(-c2ncc(Cl)cc2-c2ccc(S(C)(=O)=O)cc2)cn1,chembl,-41.24492,-4.860636
O=C(O)C[C@H]1CCc2c1[nH]c1ccc(OCc3ccc(C4CCCC4)c(C(F)(F)F)c3)cc21,chembl,-56.366714,20.556974
Cc1cc(C#N)cc(C)c1Oc1nc(Nc2ccc(C#N)cc2)nc(N)c1Br,chembl,7.5867286,-4.6704426
CCOC(=O)/C=C(C)/C=C/C=C(C)/C=C/c1c(C)cc(OC)c(C)c1C,chembl,-42.697414,8.565716
Cc1cc(-c2ccc(/N=N/c3ccc4c(S(=O)(=O)O)cc(S(=O)(=O)O)c(N)c4c3O)c(C)c2)ccc1/N=N/c1ccc2c(S(=O)(=O)O)cc(S(=O)(=O)O)c(N)c2c1O,chembl,-29.001413,-8.780971
CO[C@H]1C[C@@H]2CC[C@@H](C)[C@@](O)(O2)C(=O)C(=O)N2CCCC[C@H]2C(=O)O[C@H]([C@H](C)C[C@@H]2CC[C@@H](OCCO)[C@H](OC)C2)CC(=O)[C@H](C)/C=C(\C)[C@@H](O)[C@@H](OC)C(=O)[C@H](C)C[C@H](C)/C=C/C=C/C=C/1C,chembl,-26.450754,51.497036
CC(C)(C)OC[C@@H]1C(=O)NCCN1C(=O)C[C@H](N)Cc1cc(F)c(F)cc1F,chembl,-56.87192,24.782415
C=C1C[C@@H]2[C@H](CC[C@]3(C)C(=O)CC[C@@H]23)[C@@]2(C)C=CC(=O)C=C12,chembl,-24.980093,63.810062
O=C(c1cc(O)c(O)c(O)c1)c1ccc(O)c(O)c1O,chembl,-24.927366,20.354
O=C1[C@H](CC[C@H](O)c2ccc(F)cc2)[C@@H](c2ccc(O)cc2)N1c1ccc(F)cc1,chembl,-57.381527,27.926268
CCOC(=O)Nc1ccc(NCc2ccc(F)cc2)cc1N,chembl,-47.243347,13.48281
CC(=O)OCC(CCn1cnc2cnc(N)nc21)COC(C)=O,chembl,-38.36703,42.090942
NC(N)=Nc1nc(CSCC/C(N)=N/S(N)(=O)=O)cs1,chembl,-31.430294,-2.6434128
NC(=O)c1nc(F)cnc1O,chembl,-20.282663,20.906288
Cc1nc(-c2ccc(OCC(C)C)c(C#N)c2)sc1C(=O)O,chembl,-10.145694,20.719784
Cc1cnc(Nc2ccc(OCCN3CCCC3)cc2)nc1Nc1cccc(S(=O)(=O)NC(C)(C)C)c1,chembl,-52.161144,20.098116
NC(=O)OCC(COC(N)=O)c1ccccc1,chembl,-31.648733,13.80632
O=C(O)Cc1ccc(-c2ccccc2)cc1,chembl,-32.453026,12.513337
CCOC(=O)C1=C(C)NC(C)=C(C(=O)OC)C1c1cccc(Cl)c1Cl,chembl,-41.81995,12.403301
O=C(O)Cc1ccccc1Oc1ccc(Cl)cc1Cl,chembl,-44.296978,4.3456655
O=C(O)Cc1csc(-c2ccc(Cl)cc2)n1,chembl,-48.135315,0.0484442
CCNC(C)Cc1cccc(C(F)(F)F)c1,chembl,-20.312757,12.617218
CC(C)OC(=O)C(C)(C)Oc1ccc(C(=O)c2ccc(Cl)cc2)cc1,chembl,-47.45612,3.6082041
CC(C)(Oc1ccc(C(=O)c2ccc(Cl)cc2)cc1)C(=O)O,chembl,-47.534195,3.643133
Oc1ccc(C2CNCCc3c2cc(O)c(O)c3Cl)cc1,chembl,-43.087547,-2.287241
CC(C(=O)O)c1cccc(Oc2ccccc2)c1,chembl,-27.714977,12.840025
CC(Cc1ccc(O)cc1)NCC(O)c1cc(O)cc(O)c1,chembl,-22.039248,16.237623
CC(Cc1ccccc1)NCCC#N,chembl,-22.298876,9.563366
O=C1NCC2(CCN(CCc3ccccc3)CC2)O1,chembl,-13.022704,7.117953
CCC(=O)N(c1ccccc1)C1CCN(CCc2ccccc2)CC1,chembl,-39.6115,20.859627
Clc1ccc(C(Cn2ccnc2)OCc2ccc(Sc3ccccc3)cc2)c(Cl)c1,chembl,-50.54325,-3.538737
CC(C)=CCC1C(=O)N(c2ccccc2)N(c2ccccc2)C1=O,chembl,-12.300526,8.38933
CC(C)C(=O)Oc1ccc(CO)cc1[C@H](CCN(C(C)C)C(C)C)c1ccccc1,chembl,-32.358387,15.840298
CSc1ccc(OCc2ncc([N+](=O)[O-])n2C)cc1,chembl,-0.35322192,23.371435
CC(C)(C(=O)O)c1ccc(C(O)CCCN2CCC(C(O)(c3ccccc3)c3ccccc3)CC2)cc1,chembl,-40.741554,22.666327
Cc1nsc(-c2nnc3n2CCN(C(=O)c2ccc(F)cc2)[C@@H]3C)n1,chembl,-53.91584,26.987825
O=C(Nc1nc2cccc(-c3ccc(CN4CCS(=O)(=O)CC4)cc3)n2n1)C1CC1,chembl,-49.42966,20.328867
N#Cc1c(N2C[C@@H]3NCCO[C@H]3C2)c(F)cc2c(=O)c(C(=O)O)cn(C3CC3)c12,chembl,-57.921307,31.756824
CC(C)(C)NC(=O)[C@H]1CC[C@H]2[C@@H]3CC[C@H]4NC(=O)C=C[C@]4(C)[C@H]3CC[C@]12C,chembl,-25.487423,61.959442
CCOc1ncc(C)c2c1[C@H](c1ccc(C#N)cc1OC)C(C(N)=O)=C(C)N2,chembl,-8.805656,23.05448
CCCCCCCCc1ccc(CCC(N)(CO)CO)cc1,chembl,18.813608,15.812841
O=C(COc1ccc(Cl)cc1)N1CCN(Cc2ccc3c(c2)OCO3)CC1,chembl,-44.14848,42.526268
Cc1c(-c2ccccc2)oc2c(C(=O)OCCN3CCCCC3)cccc2c1=O,chembl,-39.79119,18.722122
O=C(NCC1CCCCN1)c1cc(OCC(F)(F)F)ccc1OCC(F)(F)F,chembl,-56.215305,20.437643
O=c1[nH]c2ccccc2n1CCN1CCN(c2cccc(C(F)(F)F)c2)CC1,chembl,-51.76478,31.10054
CNc1ccc(/C=C/c2ccc(OCCOCCOCCF)cc2)cc1,chembl,0.061479088,-0.14144711
CNc1ccc(/C=C/c2ccc(OCCOCCOCCF)nc2)cc1,chembl,-0.0893979,-0.25106114
Fc1ccc(-c2ccc3c(c2)[nH]c2ccncc23)cn1,chembl,-24.79201,-7.4488664
Cn1cc([S+](C)[O-])c(=O)c2ccc(F)cc21,chembl,-61.028515,28.477459
O=c1[nH]c(=O)n([C@H]2C[C@H](O)[C@@H](CO)O2)cc1F,chembl,-33.31177,45.693573
N[C@]1(C(=O)O)C[C@@H](F)C1,chembl,-28.857172,37.472546
OC(Cn1cncn1)(Cn1cncn1)c1ccc(F)cc1F,chembl,-26.900337,-4.385557
Nc1nc(=O)[nH]cc1F,chembl,-23.207283,-7.362047
Nc1nc(F)nc2c1ncn2[C@@H]1O[C@H](COP(=O)(O)O)[C@@H](O)[C@@H]1O,chembl,-36.945152,46.529694
OC[C@H]1OC(O)[C@H](F)[C@@H](O)[C@@H]1O,chembl,-30.245506,45.898724
CC(=O)OCC(=O)[C@@]1(O)CC[C@H]2[C@@H]3CCC4=CC(=O)CC[C@]4(C)[C@@]3(F)[C@@H](O)C[C@@]21C,chembl,-25.233614,69.53671
O=C1c2ccccc2C(=O)C1c1ccc(F)cc1,chembl,-16.55878,-2.7404196
CCOC(=O)c1ncn2c1CN(C)C(=O)c1cc(F)ccc1-2,chembl,-45.144096,14.242736
C[C@@H]1C[C@H]2[C@@H]3C[C@H](F)C4=CC(=O)C=C[C@]4(C)[C@@]3(F)[C@@H](O)C[C@]2(C)[C@@]1(O)C(=O)COC(=O)C(C)(C)C,chembl,-29.597775,72.11237
FC(F)(F)c1cccc(C2CNCCO2)c1,chembl,-8.100627,1.0179259
CC1(C)O[C@@H]2C[C@H]3[C@@H]4C[C@H](F)C5=CC(=O)C=C[C@]5(C)[C@H]4[C@@H](O)C[C@]3(C)[C@]2(C(=O)CO)O1,chembl,-28.986944,69.75282
CN1C(=O)CN=C(c2ccccc2F)c2cc([N+](=O)[O-])ccc21,chembl,2.0943232,16.266407
CC1(C)O[C@@H]2C[C@H]3[C@@H]4C[C@H](F)C5=CC(=O)C=C[C@]5(C)[C@@]4(F)[C@@H](O)C[C@]3(C)[C@]2(C(=O)CO)O1,chembl,-29.437773,70.58349
CC(=O)OCC(=O)[C@@]12OC(C)(C)O[C@@H]1C[C@H]1[C@@H]3C[C@H](F)C4=CC(=O)C=C[C@]4(C)[C@@]3(F)[C@@H](O)C[C@@]12C,chembl,-29.457499,71.64747
C[C@@H]1C[C@H]2[C@@H]3C[C@H](F)C4=CC(=O)C=C[C@]4(C)[C@H]3[C@@H](O)C[C@]2(C)[C@H]1C(=O)CO,chembl,-29.036718,69.84
O=C1OC2(c3ccc(O)cc3Oc3cc(O)ccc32)c2ccccc21,chembl,-16.386806,0.8840552
N[C@@H](Cc1cc(O)c(O)cc1F)C(=O)O,chembl,-26.569271,22.928335
C[C@]12CC[C@@H]3c4ccc(O)cc4CC[C@H]3[C@@H]1C[C@@H](F)[C@@H]2O,chembl,-18.156393,60.89552
CC(=O)[C@@]1(O)CC[C@H]2[C@@H]3C[C@H](C)C4=CC(=O)C=C[C@]4(C)[C@@]3(F)[C@@H](O)C[C@@]21C,chembl,-28.932932,70.42643
CC(=O)O[C@]1(C(C)=O)CC[C@H]2[C@@H]3C[C@H](C)C4=CC(=O)C=C[C@]4(C)[C@@]3(F)[C@@H](O)C[C@@]21C,chembl,-29.20083,70.88232
O=c1[nH]cc(F)c(=O)[nH]1,chembl,-23.163517,-7.054709
CNCCC(Oc1ccc(C(F)(F)F)cc1)c1ccccc1,chembl,-20.95507,11.191851
C[C@]1(O)CC[C@H]2[C@@H]3CCC4=CC(=O)CC[C@]4(C)[C@@]3(F)[C@@H](O)C[C@@]21C,chembl,-24.774504,64.78687
OCCN1CCN(CCCN2c3ccccc3Sc3ccc(C(F)(F)F)cc32)CC1,chembl,9.810208,34.223927
CCCCCCCCCC(=O)OCCN1CCN(CCCN2c3ccccc3Sc3ccc(C(F)(F)F)cc32)CC1,chembl,9.46554,35.557877
CCCCCCC(=O)OCCN1CCN(CCCN2c3ccccc3Sc3ccc(C(F)(F)F)cc32)CC1,chembl,9.46554,35.557877
CCOC(=O)Nc1ccc(NCc2ccc(F)cc2)nc1N,chembl,-47.272774,13.539516
C[C@]12C=CC(=O)C=C1[C@@H](F)C[C@@H]1[C@@H]2[C@@H](O)C[C@@]2(C)[C@H]1CC[C@]2(O)C(=O)CO,chembl,-28.04959,69.9055
CC1(C)O[C@@H]2C[C@H]3[C@@H]4C[C@H](F)C5=CC(=O)CC[C@]5(C)[C@H]4[C@@H](O)C[C@]3(C)[C@]2(C(=O)CO)O1,chembl,-28.811516,69.207954
CCN(CC)CCN1C(=O)CN=C(c2ccccc2F)c2cc(Cl)ccc21,chembl,-47.267323,-7.519169
CC(C(=O)O)c1ccc(-c2ccccc2)c(F)c1,chembl,-22.908022,-1.4686911
CC(C)(C)n1ncc(OCc2ccc(COCCF)cc2)c(Cl)c1=O,chembl,-18.984526,18.325834
O=C1NCN(c2ccccc2)C12CCN(CCCC(c1ccc(F)cc1)c1ccc(F)cc1)CC2,chembl,-51.586987,31.136606
CC(C)C(=O)Nc1ccc([N+](=O)[O-])c(C(F)(F)F)c1,chembl,4.6917334,21.669243
CNc1ccc(-c2nc3ccc(O)cc3s2)cc1F,chembl,-6.8197575,-15.192013
C[C@@H]1C[C@H]2[C@@H]3C[C@H](F)C4=CC(=O)C=C[C@]4(C)[C@@]3(F)[C@@H](O)C[C@]2(C)[C@@]1(OC(=O)c1ccco1)C(=O)SCF,chembl,-29.742012,72.71302
CCC(=O)O[C@]1(C(=O)SCF)[C@H](C)C[C@H]2[C@@H]3C[C@H](F)C4=CC(=O)C=C[C@]4(C)[C@@]3(F)[C@@H](O)C[C@@]21C,chembl,-29.042334,72.75189
Fc1ccc(C(c2ccccc2)(c2ccccc2F)n2ccnc2)cc1,chembl,-6.612317,-9.068334
CC(C)n1c(/C=C/C(O)CC(O)CC(=O)O)c(-c2ccc(F)cc2)c2ccccc21,chembl,-44.091774,17.383188
COCCCC/C(=N\OCCN)c1ccc(C(F)(F)F)cc1,chembl,-12.338215,25.129824
Nc1nc(=O)c2nc(CNc3ccc(C(=O)N[C@@H](CCC(=O)O)C(=O)O)cc3)cnc2[nH]1,chembl,-30.959879,27.997547
COc1ccc(CC(C)NCC(O)c2ccc(O)c(NC=O)c2)cc1,chembl,-39.297436,-28.276205
O=c1[nH]cnc2c([C@@H]3N[C@H](CO)[C@@H](O)[C@H]3O)c[nH]c12,chembl,-35.643784,44.064907
CC(C)CN(C[C@@H](OP(=O)(O)O)[C@H](Cc1ccccc1)NC(=O)O[C@H]1CCOC1)S(=O)(=O)c1ccc(N)cc1,chembl,-37.3244,29.289946
C[C@@H](O[C@H]1OCCN(Cc2nn(P(=O)(O)O)c(=O)[nH]2)[C@H]1c1ccc(F)cc1)c1cc(C(F)(F)F)cc(C(F)(F)F)c1,chembl,-58.475124,25.309214
C[C@@](Cc1ccc(OP(=O)(O)O)c(O)c1)(NN)C(=O)O,chembl,-29.194168,21.498577
O=C(O)P(=O)(O)O,chembl,-25.10916,24.73891
Nc1nc(=O)c2c([nH]1)N[C@@H]1O[C@@H]3COP(=O)(O)O[C@@H]3C(O)(O)[C@@H]1N2,chembl,-35.19528,42.591816
C[C@@H]1O[C@@H]1P(=O)(O)O,chembl,-27.386768,43.79308
CCC(=O)O[C@@H](O[P@](=O)(CCCCc1ccccc1)CC(=O)N1C[C@H](C2CCCCC2)C[C@H]1C(=O)O)C(C)C,chembl,-37.317955,25.279253
N[C@@H](Cc1ccc(OP(=O)(O)O)c(O)c1)C(=O)O,chembl,-27.954557,22.320868
Cc1ccccc1-c1cc(N2CC[N+](C)(COP(=O)([O-])O)CC2)ncc1N(C)C(=O)C(C)(C)c1cc(C(F)(F)F)cc(C(F)(F)F)c1,chembl,-47.379227,16.938185
O=C1NC(c2ccccc2)(c2ccccc2)C(=O)N1COP(=O)(O)O,chembl,-13.279786,8.365254
CC(C)c1cccc(C(C)C)c1OCOP(=O)(O)O,chembl,-24.591768,13.125284
COc1cc(Nc2ncc(F)c(Nc3ccc4c(n3)N(COP(=O)(O)O)C(=O)C(C)(C)O4)n2)cc(OC)c1OC,chembl,-56.2027,9.193044
COc1cnc(-n2cnc(C)n2)c2c1c(C(=O)C(=O)N1CCN(C(=O)c3ccccc3)CC1)cn2COP(=O)(O)O,chembl,-46.941395,10.698791
CN[C@@H]1CCc2[nH]c3ccc(C(N)=O)cc3c2C1,chembl,-34.570374,35.77912
CNC(=O)c1c(C)oc2cc(Oc3ncnc4cc(OC)c(OC)cc34)ccc12,chembl,-46.702576,-26.07283
C[C@]12CC[C@@H]3c4ccc(O)cc4C[C@@H](CCCCCCCCC[S+]([O-])CCCC(F)(F)C(F)(F)F)[C@H]3[C@@H]1CC[C@@H]2O,chembl,-17.72231,60.663097
O=C1OCCN1/N=C/c1ccc([N+](=O)[O-])o1,chembl,3.127993,23.475218
NS(=O)(=O)c1cc(C(=O)O)c(NCc2ccco2)cc1Cl,chembl,-42.58045,2.2374604
CC(=O)O[C@H]1C[C@@]2(C)[C@@H](C[C@@H](O)[C@H]3[C@@]4(C)CC[C@@H](O)[C@@H](C)[C@@H]4CC[C@@]32C)/C1=C(\CCC=C(C)C)C(=O)O,chembl,-24.258835,57.84468
C=CC(=O)N1CC[C@H](n2nc(C#Cc3cc(OC)cc(OC)c3)c3c(N)ncnc32)C1,chembl,-60.41555,3.2470815
NCC1(CC(=O)O)CCCCC1,chembl,-28.434582,36.94847
CC(OC(=O)NCC1(CC(=O)O)CCCCC1)OC(=O)C(C)C,chembl,-28.695541,33.130386
COc1ccc2c3c1O[C@H]1C[C@@H](O)C=C[C@@]31CCN(C)C2,chembl,-66.04762,10.8937025
CC(=O)[C@H]1CC[C@H]2[C@@H]3CC[C@H]4C[C@](C)(O)CC[C@]4(C)[C@H]3CC[C@]12C,chembl,-23.429153,61.242077
Nc1nc2c(ncn2COC(CO)CO)c(=O)[nH]1,chembl,-37.36312,42.863075
C[C@H]1NCc2cc(-c3ccc4c(=O)c(C(=O)O)cn(C5CC5)c4c3OC(F)F)ccc21,chembl,-56.845047,32.76994
COc1c(N2CCNC(C)C2)c(F)cc2c(=O)c(C(=O)O)cn(C3CC3)c12,chembl,-57.11143,31.808205
COc1cc(C(C)C)c(Oc2cnc(N)nc2N)cc1S(N)(=O)=O,chembl,-35.94011,-14.47655
COc1cc2ncnc(Nc3ccc(F)c(Cl)c3)c2cc1OCCCN1CCOCC1,chembl,-58.566387,9.485181
Nc1ccn([C@@H]2O[C@H](CO)[C@@H](O)C2(F)F)c(=O)n1,chembl,-35.644855,45.843033
CCCCC(C)(C)[C@H](O)/C=C/[C@H]1[C@H](O)CC(=O)[C@@H]1CCCC/C=C/C(=O)OC,chembl,-14.257264,45.400566
Cc1ccc(C)c(OCCCC(C)(C)C(=O)O)c1,chembl,-29.931515,19.623404
CO/N=C1\CN(c2nc3c(cc2F)c(=O)c(C(=O)O)cn3C2CC2)CC1CN,chembl,-56.936184,30.354506
CC1(C)CC(=O)N(CCCCN2CCN(c3ncccn3)CC2)C(=O)C1,chembl,-13.283226,37.440197
CCc1nc(C(N)=O)c(Nc2ccc(N3CCC(N4CCN(C)CC4)CC3)c(OC)c2)nc1NC1CCOCC1,chembl,-60.242607,12.425927
CCN(CC)Cc1ccc2cc(COC(=O)Nc3ccc(C(=O)NO)cc3)ccc2c1,chembl,-37.490055,9.418027
O=C(OCC(O)CO)c1ccccc1Nc1ccnc2cc(Cl)ccc12,chembl,-45.302254,4.115337
CN1CC[C@@H](NC(=O)Nc2ccc(C#N)cc2)C[C@@H]1c1nc2ccccc2[nH]1,chembl,-49.676434,22.087082
CC(C)(C)[C@@H]1NC(=O)O[C@@H]2CCC[C@H]2OC/C=C/C(F)(F)c2nc3ccccc3nc2O[C@@H]2C[C@@H](C(=O)N[C@]3(C(=O)NS(=O)(=O)C4(C)CC4)C[C@H]3C(F)F)N(C2)C1=O,chembl,-48.95958,26.43363
Cc1ccc(S(=O)(=O)NC(=O)N[C@H]2[C@H]3CC[C@@](C)([C@H]2O)C3(C)C)cc1,chembl,-37.854156,36.825584
Cc1ccc(S(=O)(=O)NC(=O)NN2CC3CCCC3C2)cc1,chembl,-37.893078,36.472954
CCC1=C(C)CN(C(=O)NCCc2ccc(S(=O)(=O)NC(=O)N[C@H]3CC[C@H](C)CC3)cc2)C1=O,chembl,-39.06561,36.39513
Cc1cnc(C(=O)NCCc2ccc(S(=O)(=O)NC(=O)NC3CCCCC3)cc2)cn1,chembl,-39.110832,36.4345
O=C1O[C@H](CO)[C@@H](O)[C@H](O)[C@H]1O,chembl,-30.69816,45.029213
N[C@H]1C(O)O[C@H](CO)[C@@H](O)[C@@H]1O,chembl,-30.343822,46.091743
NC(=O)CC[C@H](N)C(=O)O,chembl,-26.017548,26.388111
CCC1(c2ccccc2)CCC(=O)NC1=O,chembl,-14.032888,7.6595
COc1ccc(Cl)cc1C(=O)NCCc1ccc(S(=O)(=O)NC(=O)NC2CCCCC2)cc1,chembl,-61.7411,13.679661
O=C(CCCc1ccccc1)OCC(COC(=O)CCCc1ccccc1)OC(=O)CCCc1ccccc1,chembl,-32.115185,14.193187
CC(I)C1OCC(CO)O1,chembl,-27.903515,44.340332
O=C([C@@H]1C[C@H](N2CCN(c3ncccn3)CC2)CN1)N1CCC(F)(F)C1,chembl,-51.280865,24.430443
O=C(O)CCc1ccc(O)c(CN(CCN(CC(=O)O)Cc2cc(CCC(=O)NCCCCCC(=O)NCCCC[C@H](NC(=O)N[C@@H](CCC(=O)O)C(=O)O)C(=O)O)ccc2O)CC(=O)O)c1,chembl,-28.963835,23.944103
CN1C2CCCC1CC(NC(=O)c1nn(C)c3ccccc13)C2,chembl,-45.14165,27.202572
C=C[C@@H]1C[C@]1(NC(=O)[C@@H]1C[C@@H]2CN1C(=O)[C@H](C(C)(C)C)NC(=O)O[C@@H]1C[C@H]1CCCCCc1nc3ccc(OC)cc3nc1O2)C(=O)NS(=O)(=O)C1CC1,chembl,-59.68826,18.84082
Cc1c(F)c(N2CCNC(C)C2)cc2c1c(=O)c(C(=O)O)cn2C1CC1,chembl,-57.056957,31.456163
COC1=CC(=O)C[C@@H](C)[C@]12Oc1c(Cl)c(OC)cc(OC)c1C2=O,chembl,-65.80224,12.80853
COc1ccccc1OCC(O)CO,chembl,-45.458256,10.48326
N=C(N)N/N=C/c1c(Cl)cccc1Cl,chembl,-43.239777,1.3189608
N=C(N)NCC1COC2(CCCCC2)O1,chembl,-26.957087,44.68649
N=C(N)NCCN1CCCCCCC1,chembl,-25.107513,37.738636
N=C(N)NC(=O)Cc1c(Cl)cccc1Cl,chembl,-43.238094,1.9466263
O=C1CN=C(c2ccccc2)c2cc(Cl)ccc2N1CC(F)(F)F,chembl,-46.275867,-8.586875
CC1(C)O[C@@H]2C[C@H]3[C@@H]4CCC5=CC(=O)CC[C@]5(C)[C@@]4(F)[C@@H](O)C[C@]3(C)[C@]2(C(=O)CCl)O1,chembl,-28.584871,69.30817
CCC(=O)O[C@]1(C(=O)CCl)[C@@H](C)C[C@H]2[C@@H]3C[C@H](F)C4=CC(=O)C=C[C@]4(C)[C@@]3(F)[C@@H](O)C[C@@]21C,chembl,-28.888266,72.87817
CCCCN(CCCC)CCC(O)c1cc2c(Cl)cc(Cl)cc2c2cc(C(F)(F)F)ccc12,chembl,1.2433861,9.563437
O=C(CCCN1CCC(O)(c2ccc(Cl)cc2)CC1)c1ccc(F)cc1,chembl,-53.01252,33.486183
CCCCCCCCCC(=O)OC1(c2ccc(Cl)cc2)CCN(CCCC(=O)c2ccc(F)cc2)CC1,chembl,-53.00096,33.71778
Clc1cc(Cl)c(OCC#CI)cc1Cl,chembl,-43.853516,-1.0652307
FC(F)(F)C(Cl)Br,chembl,-14.176024,23.796793
CCC1(C2=CCCCCC2)C(=O)NC(=O)NC1=O,chembl,-18.47673,38.23679
CC1(C)S[C@@H]2[C@H](N3C(=O)[C@@H](c4ccccc4)NC3(C)C)C(=O)N2[C@H]1C(=O)O,chembl,-51.58842,43.716057
Oc1c(Cl)cc(Cl)c(Cl)c1Cc1c(O)c(Cl)cc(Cl)c1Cl,chembl,-44.040916,-1.1001024
N=C(N)c1ccc(OCCCCCCOc2ccc(C(=N)N)cc2)cc1,chembl,-5.991765,25.841173
CCCCCCOC(=O)CCC(=O)CN,chembl,-12.01007,44.81442
CC[C@H](c1ccc(O)cc1)[C@@H](CC)c1ccc(O)cc1,chembl,-17.052984,19.135456
CCCCC(CC)CN1CN(CC(CC)CCCC)CC(C)(N)C1,chembl,-10.084004,45.582474
CN1C(=O)NC(=O)C(C)(C2=CCCCC2)C1=O,chembl,-18.427662,37.46541
CC(CNC1CCCCC1)OC(=O)c1ccccc1,chembl,-40.271797,25.610937
CCCCCCc1ccc(O)cc1O,chembl,18.635828,15.9809885
CN1[C@@H]2CC[C@H]1C[C@@H](OC(=O)C(O)c1ccccc1)C2,chembl,-40.607494,24.988699
NNc1nncc2ccccc12,chembl,-9.572365,-21.714405
NS(=O)(=O)c1cc2c(cc1Cl)NCNS2(=O)=O,chembl,-40.608463,-2.5769634
COc1ccc2c3c1O[C@H]1C(=O)CC[C@H]4[C@@H](C2)N(C)CC[C@]314,chembl,-65.786026,10.902765
CCN(CC)CC(=O)OCC(=O)[C@@]1(O)CC[C@H]2[C@@H]3CCC4=CC(=O)CC[C@]4(C)[C@H]3[C@@H](O)C[C@@]21C,chembl,-24.398605,69.42055
C[C@]12CCC(=O)C=C1CC[C@@H]1[C@@H]2[C@@H](O)C[C@@]2(C)[C@H]1CC[C@]2(O)C(=O)CO,chembl,-25.569613,68.73722
CC(=O)OCC(=O)[C@@]1(O)CC[C@H]2[C@@H]3CCC4=CC(=O)CC[C@]4(C)[C@H]3[C@@H](O)C[C@@]21C,chembl,-24.866047,69.12316
CCCC(=O)O[C@]1(C(=O)CO)CC[C@H]2[C@@H]3CCC4=CC(=O)CC[C@]4(C)[C@H]3[C@@H](O)C[C@@]21C,chembl,-23.722399,69.043144
C[C@]12CCC(=O)C=C1CC[C@@H]1[C@@H]2[C@@H](O)C[C@@]2(C)[C@H]1CC[C@]2(O)C(=O)COC(=O)CCC1CCCC1,chembl,-24.610046,68.96425
C[C@]12CCC(=O)C=C1CC[C@@H]1[C@@H]2[C@@H](O)C[C@@]2(C)[C@H]1CC[C@]2(O)C(=O)COC(=O)CCC(=O)O,chembl,-24.72143,69.312065
C[C@]12CCC(=O)C=C1CC[C@@H]1[C@@H]2[C@@H](O)C[C@@]2(C)[C@H]1CC[C@]2(O)C(=O)COP(=O)(O)O,chembl,-24.88862,68.81887
CCCC(=O)O[C@]1(C(=O)COC(=O)CC)CC[C@H]2[C@@H]3CCC4=CC(=O)CC[C@]4(C)[C@H]3[C@@H](O)C[C@@]21C,chembl,-23.78795,69.17386
CCCCC(=O)O[C@]1(C(=O)CO)CC[C@H]2[C@@H]3CCC4=CC(=O)CC[C@]4(C)[C@H]3[C@@H](O)C[C@@]21C,chembl,-23.02779,69.21463
NS(=O)(=O)c1cc2c(cc1C(F)(F)F)NCNS2(=O)=O,chembl,-39.1497,-1.998744
CN1CC[C@]23c4c5ccc(O)c4O[C@H]2C(=O)CC[C@H]3[C@H]1C5,chembl,-14.328241,55.652035
CC(N)Cc1ccc(O)cc1,chembl,-22.723322,15.73167
CCN(CCO)CCCC(C)Nc1ccnc2cc(Cl)ccc12,chembl,-52.45434,-2.0437539
CCCCCC(=O)O[C@]1(C(C)=O)CC[C@H]2[C@@H]3CCC4=CC(=O)CC[C@]4(C)[C@H]3CC[C@@]21C,chembl,-22.406801,69.07727
N=C(N)c1ccc(/C=C/c2ccc(C(=N)N)cc2O)cc1,chembl,-3.3072414,1.1778822
OCCOCCN1CCN(C(c2ccccc2)c2ccc(Cl)cc2)CC1,chembl,-51.321373,3.2593837
O=C(O)c1cc2ccccc2c(Cc2c(O)c(C(=O)O)cc3ccccc23)c1O,chembl,-22.990038,-21.368366
CCCCCN(C)CCC(O)(P(=O)(O)O)P(=O)(O)O,chembl,19.446722,13.708553
CC(C)[C@@H](C)[C@@]1(C)CC[C@]2(C)[C@H]3CC[C@@H]4[C@@]5(COC[C@@]4(C)[C@@H](OC[C@](C)(N)C(C)(C)C)[C@H](n4ncnc4-c4ccncc4)C5)C3=CC[C@@]2(C)[C@@H]1C(=O)O,chembl,-32.92199,36.692425
C=CC(=O)N1CCC[C@@H](n2nc(-c3ccc(Oc4ccccc4)cc3)c3c(N)ncnc32)C1,chembl,-45.4737,22.256443
CC(C)C(=O)c1c(C(C)C)nn2ccccc12,chembl,-27.82822,10.111101
CC(C)Cc1ccc(CC(=O)O)cc1,chembl,-28.049643,23.823765
CC(C)Cc1ccc(C(C)C(=O)O)cc1,chembl,-27.99218,23.842602
CCCCCCCN(CC)CCCC(O)c1ccc(NS(C)(=O)=O)cc1,chembl,18.137632,12.887305
CC/C=C\C/C=C\C/C=C\C/C=C\C/C=C\CCCC(=O)OCC,chembl,-21.3547,29.658798
CC(=O)[C@]1(O)Cc2c(O)c3c(c(O)c2[C@@H](O[C@H]2C[C@H](N)[C@H](O)[C@H](C)O2)C1)C(=O)c1ccccc1C3=O,chembl,-33.06751,54.85553
COC1=C(OC)C(=O)C(CCCCCCCCCCO)=C(C)C1=O,chembl,-18.577818,26.859226
CC[C@H](Nc1ncnc2[nH]cnc12)c1nc2cccc(F)c2c(=O)n1-c1ccccc1,chembl,-36.748734,-10.621043
O=c1[nH]c(=O)n([C@H]2C[C@H](O)[C@@H](CO)O2)cc1I,chembl,-33.37498,45.4927
O=P1(NCCCl)OCCCN1CCCl,chembl,-24.847563,37.76276
COc1cc(C(C)=O)ccc1OCCCN1CCC(c2noc3cc(F)ccc23)CC1,chembl,-60.324512,9.836983
CC#CCC(C)[C@H](O)/C=C/[C@@H]1[C@H]2C/C(=C/CCCC(=O)O)C[C@H]2C[C@H]1O,chembl,-15.604477,47.333973
Cc1ccc(NC(=O)c2ccc(CN3CCN(C)CC3)cc2)cc1Nc1nccc(-c2cccnc2)n1,chembl,-51.12488,18.31683
CCOC(=O)[C@H](CCc1ccccc1)N[C@@H](C)C(=O)N1C(=O)N(C)C[C@H]1C(=O)O,chembl,-37.547253,24.5827
C[C@@H](O)[C@H]1C(=O)N2C(C(=O)O)=C(SCCNC=N)C[C@H]12,chembl,-31.451742,34.889065
CN(C)CCCN1c2ccccc2CCc2ccccc21,chembl,9.070811,30.698896
CC(C)Cn1cnc2c(N)nc3ccccc3c21,chembl,-8.6680565,-21.820326
Nc1cc(-c2ccncc2)c[nH]c1=O,chembl,-23.44599,-8.319807
C[C@H](Nc1ccc2c(c1)OCCn1cc(N3C(=O)OC[C@H]3C(F)F)nc1-2)C(N)=O,chembl,-56.43244,26.317083
CCc1cc2c(cc1CC)CC(NC[C@H](O)c1ccc(O)c3[nH]c(=O)ccc13)C2,chembl,-34.517696,35.803165
c1ccc2c(CCC3CCNCC3)c[nH]c2c1,chembl,-12.981578,3.3531415
CC1Cc2ccccc2N1NC(=O)c1ccc(Cl)c(S(N)(=O)=O)c1,chembl,-46.077976,20.036476
CC(C)NCCCC1(C(N)=O)c2ccccc2-c2ccccc21,chembl,-14.784886,0.29094562
O=C1/C(=C2\Nc3ccc(S(=O)(=O)O)cc3C2=O)Nc2ccc(S(=O)(=O)O)cc21,chembl,-37.71391,-2.7432303
CC(C)(C)NC(=O)[C@@H]1CN(Cc2cccnc2)CCN1C[C@@H](O)C[C@@H](Cc1ccccc1)C(=O)N[C@H]1c2ccccc2C[C@H]1O,chembl,-38.404392,27.020685
CC1(C)C(/C=C/C=C/C=C/C=C2\N(CCCCS(=O)(=O)O)c3ccc4ccccc4c3C2(C)C)=[N+](CCCCS(=O)(=O)[O-])c2ccc3ccccc3c21,chembl,6.285853,47.10505
COc1ccc2c(c1)c(CC(=O)O)c(C)n2C(=O)c1ccc(Cl)cc1,chembl,-44.90278,-22.716442
CC(C(=O)O)c1ccc(N2Cc3ccccc3C2=O)cc1,chembl,-23.266302,2.8315635
O=C(NC1CCN(CCc2c[nH]c3ccccc23)CC1)c1ccccc1,chembl,-46.617138,27.82785
CCN1CCN(c2ccc(Nc3cc(N(C)C(=O)Nc4c(Cl)c(OC)cc(OC)c4Cl)ncn3)cc2)CC1,chembl,-58.432316,10.55954
C/C=C(/C)C(=O)O[C@H]1C(C)=C[C@]23C(=O)[C@@H](C=C(CO)[C@@H](O)[C@]12O)[C@H]1[C@@H](C[C@H]3C)C1(C)C,chembl,-26.302158,53.84089
N=C(N)NCc1cccc(I)c1,chembl,-23.489069,14.963302
CC(=O)N(CC(C)C(=O)O)c1c(I)cc(I)c(N)c1I,chembl,-26.80249,24.887857
CC(=O)NCc1c(I)c(NC(C)=O)c(I)c(C(=O)O)c1I,chembl,-23.601358,24.753614
O=C(O)CNC(=O)c1ccccc1I,chembl,-31.249325,11.399454
CC(C)NC(C)Cc1ccc(I)cc1,chembl,-22.194647,16.943844
COC(=O)[C@H]1[C@@H](c2ccc(I)cc2)C[C@@H]2CC[C@H]1N2CCCF,chembl,-42.07643,29.416035
CC(=O)N(CC(O)CO)c1c(I)c(C(=O)NCC(O)CO)c(I)c(C(=O)NCC(O)CO)c1I,chembl,-22.118961,24.828188
CN(C(=O)CO)c1c(I)c(C(=O)NCC(O)CO)c(I)c(C(=O)NCC(O)CO)c1I,chembl,-22.027285,24.82121
C[C@H](O)C(=O)Nc1c(I)c(C(=O)NC(CO)CO)c(I)c(C(=O)NC(CO)CO)c1I,chembl,-22.32586,25.023226
CCC(Cc1c(I)cc(I)c(N)c1I)C(=O)O,chembl,-26.758774,24.979689
CCOC(=O)CCCCCCCCC(C)c1ccc(I)cc1,chembl,-21.315336,29.371767
COCC(=O)Nc1c(I)c(C(=O)NCC(O)CO)c(I)c(C(=O)N(C)CC(O)CO)c1I,chembl,-21.959805,24.88661
CNC(=O)c1c(I)c(NC(C)=O)c(I)c(C(=O)O)c1I,chembl,-23.679153,24.200241
O=C(NCC(O)CO)c1c(I)c(C(=O)NCC(O)CO)c(I)c(N(CCO)C(=O)CO)c1I,chembl,-21.996716,24.576847
CC(=O)N(CC(O)CO)c1c(I)c(C(=O)NCCO)c(I)c(C(=O)NCC(O)CO)c1I,chembl,-22.108816,24.78796
CC(=O)Nc1c(I)c(C(=O)O)c(I)c(C(=O)NCCO)c1I,chembl,-23.288874,24.614977
CN(C)/C=N/c1c(I)cc(I)c(CCC(=O)O)c1I,chembl,-24.748734,29.175522
OC[C@H]1O[C@@H](c2ccc(F)c(Cc3cc4ccccc4s3)c2)[C@H](O)[C@@H](O)[C@@H]1O,chembl,-40.715393,48.306248
CN(C)CCCn1c2c(c3ccccc31)CCCCCC2,chembl,-4.464027,8.222018
CC(C)NNC(=O)c1ccncc1,chembl,-21.249071,20.104502
CCO[C@H]1CCN(Cc2c(OC)cc(C)c3[nH]ccc23)[C@H](c2ccc(C(=O)O)cc2)C1,chembl,-63.71576,14.984836
CCCCC1=NC2(CCCC2)C(=O)N1Cc1ccc(-c2ccccc2-c2nnn[nH]2)cc1,chembl,15.418514,23.971958
CCc1c2c(nc3ccc(OC(=O)N4CCC(N5CCCCC5)CC4)cc13)-c1cc3c(c(=O)n1C2)COC(=O)[C@]3(O)CC,chembl,-22.010384,49.26315
CC(C)Nc1ncccn1,chembl,-22.51544,7.0758595
Cc1cc(C(=O)NNCc2ccccc2)no1,chembl,-32.79352,10.859285
Clc1ccc(C(Cn2ccnc2)OCc2c(Cl)cccc2Cl)c(Cl)c1,chembl,-50.519764,-3.2074323
CCC(NC(C)C)C(O)c1ccc(O)c(O)c1,chembl,-21.391628,15.741595
FC(F)OC(Cl)C(F)(F)F,chembl,-14.136424,24.094164
CC(C)OP(=O)(F)OC(C)C,chembl,-14.971929,24.739483
CNC(C)CCC=C(C)C,chembl,-17.685848,24.978172
O=C(O)[C@@H](O)[C@H](O)[C@H](O)[C@@H](O)C(=O)O,chembl,-25.407423,25.214397
NNC(=O)c1ccncc1,chembl,-20.841467,20.21312
CC(C)NCC(O)c1ccc(O)c(O)c1,chembl,-21.500051,15.802931
O[C@@H]1CO[C@H]2[C@@H]1OC[C@@H]2O,chembl,-27.238863,43.911785
O=[N+]([O-])O[C@H]1CO[C@H]2[C@@H]1OC[C@H]2O[N+](=O)[O-],chembl,1.9186994,24.093908
O=[N+]([O-])O[C@@H]1CO[C@H]2[C@@H]1OC[C@@H]2O,chembl,1.859213,24.223894
CCN(CC)c1ccc(C(=C2C=CC(=[N+](CC)CC)C=C2)c2cc(S(=O)(=O)[O-])ccc2S(=O)(=O)O)cc1,chembl,18.28821,-53.13035
CC1=C(/C=C/C(C)=C/C=C/C(C)=C\C(=O)O)C(C)(C)CCC1,chembl,-21.57699,45.515507
Cc1cc(NC(=O)C2=C(O)c3ccccc3S(=O)(=O)N2C)no1,chembl,-34.92221,3.730868
COC(=O)C1=C(C)NC(C)=C(C(=O)OC(C)C)C1c1cccc2nonc12,chembl,-40.555885,15.745151
CCn1c(=O)c2c(nc(/C=C/c3ccc(OC)c(OC)c3)n2C)n(CC)c1=O,chembl,-9.159378,33.82071
CCC(C)n1ncn(-c2ccc(N3CCN(c4ccc(OCC5COC(Cn6cncn6)(c6ccc(Cl)cc6Cl)O5)cc4)CC3)cc2)c1=O,chembl,-55.668167,2.880937
COc1cc2c(cc1OC)CC(=O)N(CCCN(C)C[C@H]1Cc3cc(OC)c(OC)cc31)CC2,chembl,-63.573868,10.903303
CC(C)(C)c1cc(C(C)(C)C)c(NC(=O)c2c[nH]c3ccccc3c2=O)cc1O,chembl,-35.14634,12.793452
N#Cc1ccnc(N2C(=O)CC[C@H]2C(=O)N(c2cncc(F)c2)[C@H](C(=O)NC2CC(F)(F)C2)c2ccccc2Cl)c1,chembl,-58.76097,22.324574
C/C(=C\c1csc(C)n1)[C@@H]1C[C@@H]2O[C@]2(C)CCC[C@H](C)[C@H](O)[C@@H](C)C(=O)C(C)(C)[C@@H](O)CC(=O)N1,chembl,-25.621878,48.872417
CC(C)C[C@H](NC(=O)CNC(=O)c1cc(Cl)ccc1Cl)B1OC(=O)C(CC(=O)O)(CC(=O)O)O1,chembl,-46.40266,0.9241292
NC[C@H]1O[C@H](O[C@H]2[C@H](O)[C@@H](O[C@H]3O[C@H](CO)[C@@H](O)[C@H](N)[C@H]3O)[C@H](N)C[C@@H]2N)[C@H](O)[C@@H](O)[C@@H]1O,chembl,-30.508972,46.7341
CNC1(c2ccccc2Cl)CCCCC1=O,chembl,-14.707524,3.369812
O=C(c1ccc(F)cc1)C1CCN(CCn2c(=O)[nH]c3ccccc3c2=O)CC1,chembl,-52.73832,31.064146
CC1=CC(=O)N2CC(=O)N(C)c3ccc(Cl)cc3C2(c2ccccc2)O1,chembl,-45.204395,-8.190711
CC(=O)N1CCN(c2ccc(OCC3COC(Cn4ccnc4)(c4ccc(Cl)cc4Cl)O3)cc2)CC1,chembl,-55.717037,3.0914626
CC(C(=O)O)c1cccc(C(=O)c2ccccc2)c1,chembl,-27.79035,12.669138
O=C(c1ccccc1)c1ccc2n1CCC2C(=O)O,chembl,-43.80268,24.320435
CN1CCC(=C2c3ccccc3CC(=O)c3sccc32)CC1,chembl,-8.058112,4.101011
CC(CCc1ccccc1)NCC(O)c1ccc(O)c(C(N)=O)c1,chembl,-29.549227,16.389784
COC[C@@H](NC(C)=O)C(=O)NCc1ccccc1,chembl,-33.038258,15.303473
OC[C@@H](O)[C@@H](O[C@@H]1O[C@H](CO)[C@H](O)[C@H](O)[C@H]1O)[C@H](O)[C@@H](O)CO,chembl,-30.17153,46.371105
OC[C@H]1O[C@@H](O[C@@H]2[C@@H](CO)O[C@](O)(CO)[C@H]2O)[C@H](O)[C@@H](O)[C@H]1O,chembl,-30.232855,46.46403
Nc1ccn([C@@H]2CS[C@H](CO)O2)c(=O)n1,chembl,-35.883713,45.393517
Nc1nnc(-c2cccc(Cl)c2Cl)c(N)n1,chembl,-18.533325,-17.519247
CC1(C)OC[C@@H](COC(=O)CCc2ccc(OC[C@@H](O)CNCCNC(=O)N3CCOCC3)cc2)O1,chembl,-6.5462456,38.164776
CCCCCCCC(=O)OC[C@@H](O)[C@@H](OC)[C@@H]1OC(C(=O)O)=C[C@H](NC(=N)N)[C@H]1NC(C)=O,chembl,-13.233781,45.23099
Cc1c(OCC(F)(F)F)ccnc1C[S+]([O-])c1nc2ccccc2[nH]1,chembl,-33.390987,-11.199438
CS(=O)(=O)CCNCc1ccc(-c2ccc3ncnc(Nc4ccc(OCc5cccc(F)c5)c(Cl)c4)c3c2)o1,chembl,-52.116035,7.7821956
CS(=O)(=O)c1cc(F)cc2c3c(n(Cc4ccc(Cl)cc4)c12)[C@@H](CC(=O)O)CC3,chembl,-49.5164,1.8414192
O=C(Nc1cnn2ccc(N3CCC[C@@H]3c3cc(F)ccc3F)nc12)N1CC[C@H](O)C1,chembl,-55.123714,25.998365
CN1CCC(C(=O)c2cccc(NC(=O)c3c(F)cc(F)cc3F)n2)CC1,chembl,-54.658306,25.747124
Oc1ccc2c(c1)CC[C@H](c1ccccc1)[C@@H]2c1ccc(OCCN2CCCC2)cc1,chembl,-1.3180208,34.239334
CC(C)OC(=O)CCC/C=C\C[C@@H]1[C@@H](CC[C@@H](O)CCc2ccccc2)[C@H](O)C[C@@H]1O,chembl,-35.849648,25.27571
O=C(CCC/C=C\C[C@@H]1[C@@H](CC[C@@H](O)CCc2ccccc2)[C@H](O)C[C@@H]1O)OCCCCO[N+](=O)[O-],chembl,-35.280556,25.065598
C=CC(=O)Nc1cc(Nc2nccc(-n3cc(CN(C)C)c(-c4ccccc4)n3)n2)c(OC)cc1N1CCOCC1,chembl,-58.773903,11.977853
COC(=O)N[C@H](C(=O)N1CC2(CC2)C[C@H]1c1nc(-c2ccc3c(c2)C(F)(F)c2cc(-c4ccc5[nH]c([C@@H]6[C@H]7CC[C@H](C7)N6C(=O)[C@@H](NC(=O)OC)C(C)C)nc5c4)ccc2-3)c[nH]1)C(C)C,chembl,-50.538464,27.349081
C=C[C@]1(C)C[C@@H](OC(=O)CS[C@@H]2CC[C@@H](N)C[C@H]2O)[C@]2(C)[C@H](C)CC[C@]3(CCC(=O)[C@H]32)[C@@H](C)[C@@H]1O,chembl,-26.241255,53.97862
Cc1oncc1C(=O)Nc1ccc(C(F)(F)F)cc1,chembl,-11.460877,17.294893
Cc1ncc(OC[C@@]2(c3cccc(F)c3)C[C@H]2C(=O)Nc2ccc(F)cn2)c(C)n1,chembl,-54.29856,23.215544
CC(C)(C#Cc1ccc(-c2ccc(Cl)c3c(NS(C)(=O)=O)nn(CC(F)(F)F)c23)c([C@H](Cc2cc(F)cc(F)c2)NC(=O)Cn2nc(C(F)(F)F)c3c2C(F)(F)[C@@H]2C[C@H]32)n1)S(C)(=O)=O,chembl,-57.41457,23.502537
Nc1cccc2c1CN(C1CCC(=O)NC1=O)C2=O,chembl,-19.841349,-0.97241694
CCC(=O)N1CC[C@H](Nc2ncnc3c2CN(c2cnc(OC)c(C(F)(F)F)c2)CC3)C1,chembl,-55.849583,22.64173
COc1cc2nccc(Oc3ccc(NC(=O)NC4CC4)c(Cl)c3)c2cc1C(N)=O,chembl,-55.987663,10.360069
O=C(O)CSc1nnc(Br)n1-c1ccc(C2CC2)c2ccccc12,chembl,-44.63151,25.089228
COc1cccc(N2CCN(C3=Nc4c(F)cccc4[C@H](CC(=O)O)N3c3cc(C(F)(F)F)ccc3OC)CC2)c1,chembl,-56.34595,22.00043
N#Cc1ccc(C(c2ccc(C#N)cc2)n2cncn2)cc1,chembl,5.1571255,-6.748548
Nc1nc(=O)c2c([nH]1)NCC(CNc1ccc(C(=O)N[C@@H](CCC(=O)O)C(=O)O)cc1)N2C=O,chembl,-31.504892,28.668118
CC(=O)N[C@@H](CC(C)C)C(=O)O,chembl,-24.41688,26.195827
CC(C)(C)NC[C@H](O)c1ccc(O)c(CO)c1,chembl,-20.601986,16.247158
C=CCN1CC[C@]23CCCC[C@H]2[C@H]1Cc1ccc(O)cc13,chembl,-15.972966,56.0863
C[C@@H](N)Cc1ccccc1,chembl,-21.757566,9.329876
c1ccc([C@H]2CN3CCSC3=N2)cc1,chembl,-10.235677,4.1054797
CCOC(=O)C1=C(COCCN)NC(C)=C(C(=O)OC)[C@@H]1c1ccccc1Cl,chembl,-41.717163,12.480955
CC[C@@H](C(N)=O)N1CCCC1=O,chembl,-26.604166,35.7157
CC(C)NC[C@H](O)COc1ccc(CCOCC2CC2)cc1,chembl,-6.467655,37.61751
CC(C)(C)NC[C@H](O)COc1cccc2c1CCCC2=O,chembl,-32.707615,21.930897
CCCCN1CCCC[C@H]1C(=O)Nc1c(C)cccc1C,chembl,-41.39988,31.58381
C[C@@H]1CN([C@H]2CC[C@](C#N)(c3ccc(F)cc3)CC2)CC[C@]1(C(=O)O)c1ccccc1,chembl,-42.38149,23.992458
C[N+](C)(C)C[C@H](O)CC(=O)[O-],chembl,-20.187143,25.677351
O=C(O)COCCN1CCN([C@H](c2ccccc2)c2ccc(Cl)cc2)CC1,chembl,-51.17847,3.5027144
N[C@@H](Cc1ccc(O)c(O)c1)C(=O)O,chembl,-27.929344,22.75345
C[C@H]1COc2c(N3CCN(C)CC3)c(F)cc3c(=O)c(C(=O)O)cn1c23,chembl,-57.777622,31.30931
CC(=O)N1CCN(c2ccc(OC[C@@H]3CO[C@@](Cn4ccnc4)(c4ccc(Cl)cc4Cl)O3)cc2)CC1,chembl,-55.716896,3.091448
Nc1nc(=O)c2c([nH]1)NC[C@H](CNc1ccc(C(=O)N[C@@H](CCC(=O)O)C(=O)O)cc1)N2C=O,chembl,-31.504892,28.668118
CN1c2c([nH]c(N)nc2=O)NC[C@@H]1CNc1ccc(C(=O)N[C@@H](CCC(=O)O)C(=O)O)cc1,chembl,-31.521126,28.6818
COc1ccc2c(c1)N(C[C@H](C)CN(C)C)c1ccccc1S2,chembl,11.304651,30.880198
CC[C@H](OC(C)=O)C(C[C@H](C)N(C)C)(c1ccccc1)c1ccccc1,chembl,-32.555588,17.119896
CCN(CC)C(=O)[C@@]1(c2ccccc2)C[C@H]1CN,chembl,-36.945023,20.172554
C[C@H](N)[C@H](O)c1ccc(O)c(O)c1,chembl,-21.71051,15.193107
C#C[C@]1(O)CC[C@H]2[C@@H]3CCC4=CC(=O)CC[C@@H]4[C@H]3CC[C@@]21CC,chembl,-21.717094,63.24721
CCC(=O)O[C@@](Cc1ccccc1)(c1ccccc1)[C@@H](C)CN(C)C,chembl,-32.648006,17.082846
CN1CC[C@]23CCCC[C@H]2[C@H]1Cc1ccc(O)cc13,chembl,-15.999145,56.057888
N[C@@H](Cc1cc(I)c(Oc2cc(I)c(O)c(I)c2)c(I)c1)C(=O)O,chembl,-27.535774,22.430542
CCN(CC)CC(=O)Nc1c(C)cccc1C,chembl,-27.415907,16.043703
CS(=O)(=O)c1cccc(C[C@H](NC(=O)c2c(Cl)cc3c(c2Cl)CCN(C(=O)c2ccc4ccoc4c2)C3)C(=O)O)c1,chembl,-49.17539,18.204376
CC#CCn1c(N2CCC[C@@H](N)C2)nc2c1c(=O)n(Cc1nc(C)c3ccccc3n1)c(=O)n2C,chembl,-6.411081,8.783603
CCC[C@@H]1C[C@@H](C(=O)N[C@@H]([C@H]2O[C@H](SC)[C@H](O)[C@@H](O)[C@H]2O)[C@@H](C)O)N(C)C1,chembl,-18.387945,47.297382
Cl[C@H]1[C@H](Cl)[C@@H](Cl)[C@@H](Cl)[C@H](Cl)[C@H]1Cl,chembl,-15.096191,22.650469
CC(=O)NC[C@H]1CN(c2ccc(N3CCOCC3)c(F)c2)C(=O)O1,chembl,-55.362118,28.226274
COc1cc(F)c(-n2c(=O)[nH]c3csc(C(=O)O)c3c2=O)cc1OCc1c(OC)ccc(F)c1F,chembl,-48.937885,9.579926
N[C@@H](Cc1cc(I)c(Oc2ccc(O)c(I)c2)c(I)c1)C(=O)O,chembl,-27.537252,22.329334
C[C@@H](Cc1ccccc1)NC(=O)[C@@H](N)CCCCN,chembl,-30.980707,15.374225
NCCCC[C@H](N[C@@H](CCc1ccccc1)C(=O)O)C(=O)N1CCC[C@H]1C(=O)O,chembl,-37.59057,26.315153
N#Cc1cc(NC(=O)C(=O)O)c(Cl)c(NC(=O)C(=O)O)c1,chembl,-10.164679,19.339115
CN(CCCN1c2ccccc2CCc2ccccc21)CC(=O)c1ccc(Cl)cc1,chembl,6.139194,32.075764
CC(Oc1c(Cl)cccc1Cl)C1=NCCN1,chembl,-39.777138,-6.2132297
CCn1cc(C(=O)O)c(=O)c2cc(F)c(N3CCNC(C)C3)c(F)c21,chembl,-56.713963,31.050943
O=C(NC1CCN(CCCCC2(C(=O)NCC(F)(F)F)c3ccccc3-c3ccccc32)CC1)c1ccccc1-c1ccc(C(F)(F)F)cc1,chembl,-42.41388,19.928543
O=NN(CCCl)C(=O)NC1CCCCC1,chembl,-27.80276,38.178513
NC(=O)N1CCC(CC(=O)N2CCC([C@H]3c4ncc(Br)cc4CCc4cc(Cl)cc(Br)c43)CC2)CC1,chembl,-54.50224,15.149558
CN(C)C(=O)C(CCN1CCC(O)(c2ccc(Cl)cc2)CC1)(c1ccccc1)c1ccccc1,chembl,-51.533733,4.141407
Cc1cccc(C)c1OCC(=O)N[C@@H](Cc1ccccc1)[C@@H](O)C[C@H](Cc1ccccc1)NC(=O)[C@H](C(C)C)N1CCCNC1=O,chembl,-38.246483,25.015083
N[C@@H](C(=O)N[C@@H]1C(=O)N2C(C(=O)O)=C(Cl)CC[C@H]12)c1ccccc1,chembl,-54.748158,45.03757
CCOC(=O)N1CCC(=C2c3ccc(Cl)cc3CCc3cccnc32)CC1,chembl,-48.869102,-5.496592
O=C1Nc2ccc(Cl)cc2C(c2ccccc2Cl)=NC1O,chembl,-42.831562,-7.8774743
C[C@H]1CNCCc2ccc(Cl)cc21,chembl,-43.025337,-2.9156613
C[C@H]1Oc2cc(cnc2N)-c2c(nn(C)c2C#N)CN(C)C(=O)c2ccc(F)cc21,chembl,-61.023056,26.223236
CN1C(=O)C(O)N=C(c2ccccc2Cl)c2cc(Cl)ccc21,chembl,-45.718525,-7.7263126
CCCCc1nc(Cl)c(CO)n1Cc1ccc(-c2ccccc2-c2nnn[nH]2)cc1,chembl,15.22467,23.923588
CCOC(=O)O[C@]1(C(=O)OCCl)CC[C@H]2[C@@H]3CCC4=CC(=O)C=C[C@]4(C)[C@H]3[C@@H](O)C[C@@]21C,chembl,-25.1439,71.143265
Cc1cc(C2=NO[C@@](c3cc(Cl)c(Cl)c(Cl)c3)(C(F)(F)F)C2)sc1C(=O)NCC(=O)NCC(F)(F)F,chembl,-52.38666,10.281429
CC[C@H](C)C(=O)O[C@H]1C[C@@H](C)C=C2C=C[C@H](C)[C@H](CC[C@@H]3C[C@@H](O)CC(=O)O3)[C@H]21,chembl,-28.518198,50.44991
CN1CCN(C2=Nc3ccccc3Oc3ccc(Cl)cc32)CC1,chembl,-46.014156,-5.998274
CC(C(=O)O)c1ccc(CC2CCCC2=O)cc1,chembl,-29.854177,34.341366
CCCCC(F)(F)[C@@]1(O)CC[C@H]2[C@@H](CC(=O)[C@@H]2CCCCCCC(=O)O)O1,chembl,-14.026762,47.59589
N#C/C(=C1/SC[C@@H](c2ccc(Cl)cc2Cl)S1)n1ccnc1,chembl,-49.520428,-2.6080713
Cc1ccc(NC(=O)C2(c3ccc4c(c3)OC(F)(F)O4)CC2)nc1-c1cccc(C(=O)O)c1,chembl,-32.574093,5.0797257
CN1CCN2c3c(cccc31)[C@@H]1CN(CCCC(=O)c3ccc(F)cc3)CC[C@@H]12,chembl,-52.98558,32.585384
CCCCN(CCCC)CC(O)c1cc(Cl)cc2c1-c1ccc(Cl)cc1/C2=C/c1ccc(Cl)cc1,chembl,-52.153896,-1.0957206
Cc1ccc(Nc2c(F)cccc2Cl)c(CC(=O)O)c1,chembl,-42.167816,3.609027
O=C1[C@@H]2[C@H]3CC[C@H](C3)[C@@H]2C(=O)N1C[C@@H]1CCCC[C@H]1CN1CCN(c2nsc3ccccc23)CC1,chembl,-45.742985,25.862095
COc1ccc2[nH]c3c(c2c1)CCN[C@]31CS[C@@H]2c3c(OC(C)=O)c(C)c4c(c3[C@H](COC1=O)N1[C@@H]2[C@H]2c3c(cc(C)c(OC)c3O)C[C@@H]([C@@H]1O)N2C)OCO4,chembl,-65.564735,14.83425
CCCCCCO[C@@H](C)c1cccc(-c2csc(NC(=O)c3cc(Cl)c(/C=C(\C)C(=O)O)c(Cl)c3)n2)c1OC,chembl,-7.4014874,28.05064
CN(C)[C@@H]1C(O)=C(C(=O)NCNCCCC[C@H](N)C(=O)O)C(=O)[C@@]2(O)C(O)=C3C(=O)c4c(O)cccc4[C@@](C)(O)[C@H]3C[C@@H]12,chembl,-37.447323,56.730675
C#C[C@]1(O)CC[C@H]2[C@@H]3CCC4=CCCC[C@@H]4[C@H]3CC[C@@]21C,chembl,-21.376055,62.066864
CC(C)(N)C(=O)N[C@H](Cc1c[nH]c2ccccc12)C(=O)N[C@H](Cc1c[nH]c2ccccc12)NC=O,chembl,-34.67515,13.275838
CCCNS(=O)(=O)Nc1ncnc(OCCOc2ncc(Br)cn2)c1-c1ccc(Br)cc1,chembl,-31.209173,-6.3829722
NCc1ccc(S(N)(=O)=O)cc1,chembl,-33.297714,-2.5904045
CCOC(=O)CC(SP(=S)(OC)OC)C(=O)OCC,chembl,-21.203249,29.403114
OC[C@@H](O)[C@@H](O)[C@H](O)[C@H](O)CO,chembl,-17.266478,24.030577
CNCCCC12CCC(c3ccccc31)c1ccccc12,chembl,-14.23885,4.981255
Cc1nnc(C(C)C)n1[C@H]1C[C@H]2CC[C@@H](C1)N2CC[C@H](NC(=O)C1CCC(F)(F)CC1)c1ccccc1,chembl,-39.705475,25.927668
CC(C)Nc1nc2cc(Cl)c(Cl)cc2n1[C@H]1O[C@@H](CO)[C@H](O)[C@@H]1O,chembl,-38.633316,46.513027
C[C@H](Cc1ccc(O)c(O)c1)[C@@H](C)Cc1ccc(O)c(O)c1,chembl,-22.273743,15.983688
CC(C)n1c(=O)cc(N[C@@H](C)c2ccccc2)[nH]c1=O,chembl,-12.434715,9.682078
NCCCCN(Cc1nc2ccccc2[nH]1)[C@H]1CCCc2cccnc21,chembl,-12.644723,3.9047701
OC1(c2ccc(Cl)cc2)c2ccccc2C2=NCCN21,chembl,-44.947247,-6.5358996
CC(NN)c1ccccc1,chembl,-22.7748,10.261382
COC(=O)Nc1nc2cc(C(=O)c3ccccc3)ccc2[nH]1,chembl,-35.170784,7.1204376
CCN(CCCCOC(=O)c1ccc(OC)c(OC)c1)C(C)Cc1ccc(OC)cc1,chembl,-44.299263,7.5379014
CCC(C)C(C)(COC(N)=O)COC(N)=O,chembl,-20.80875,27.682587
CNC1(C)C2CCC(C2)C1(C)C,chembl,-25.13572,44.23835
CN(CCCl)CCCl,chembl,-16.029428,21.153631
Cc1cccc(CN2CCN(C(c3ccccc3)c3ccc(Cl)cc3)CC2)c1,chembl,-51.47511,2.4797628
C=C1c2c(Cl)ccc(O)c2C(=O)C2=C(O)[C@]3(O)C(=O)C(C(N)=O)=C(O)[C@@H](N(C)C)[C@@H]3[C@@H](O)[C@H]12,chembl,-36.710922,55.855087
Cc1ccc(Cl)c(Nc2ccccc2C(=O)O)c1Cl,chembl,-31.434914,9.010984
CN1CCN=C(c2ccccc2)c2cc(Cl)ccc21,chembl,-46.614746,-8.637951
CN(C)CC(Oc1ccccc1)Oc1ccccc1,chembl,-20.125978,8.693872
CC(=O)[C@@]1(C)CC[C@H]2[C@@H]3C=C(C)C4=CC(=O)CC[C@]4(C)[C@H]3CC[C@@]21C,chembl,-23.119028,64.360596
CC(=O)O[C@]1(C(C)=O)CC[C@H]2[C@@H]3C[C@H](C)C4=CC(=O)CC[C@]4(C)[C@H]3CC[C@@]21C,chembl,-23.005545,65.55937
CC(=O)[C@H]1CC[C@H]2[C@@H]3C[C@H](C)C4=CC(=O)CC[C@]4(C)[C@H]3[C@@H](O)C[C@]12C,chembl,-23.61921,64.80309
Cc1cccc(Nc2ccccc2C(=O)O)c1C,chembl,-31.363886,9.249993
CC(Cc1ccccc1)NCCCCl,chembl,-21.69979,9.960987
OC(c1cc(C(F)(F)F)nc2c(C(F)(F)F)cccc12)C1CCCCN1,chembl,-8.177065,-29.554533
CN(CC1(C)CCCO1)S(=O)(=O)c1ccc(Cl)c(S(N)(=O)=O)c1,chembl,-40.799267,-1.7710315
CC(=O)O[C@]1(C(C)=O)CC[C@H]2[C@@H]3C=C(C)C4=CC(=O)CC[C@]4(C)[C@H]3CC[C@@]21C,chembl,-22.818897,65.316284
CNC[C@H](O)[C@@H](O)[C@H](O)[C@H](O)CO,chembl,-17.66946,24.570324
CC(=O)Nc1c(I)c(C(=O)O)c(I)c(N(C)C(C)=O)c1I,chembl,-23.670921,24.255873
N=C(N)c1ccc(CNC(=O)[C@@H]2CCN2C(=O)[C@H](NCC(=O)O)C2CCCCC2)cc1,chembl,-35.576427,31.004068
COc1ccc2[nH]cc(CCNC(C)=O)c2c1,chembl,-39.43297,-27.04969
Cc1cnc(NC(=O)C2=C(O)c3ccccc3S(=O)(=O)N2C)s1,chembl,-34.948524,3.7306104
N[C@@H](Cc1ccc(N(CCCl)CCCl)cc1)C(=O)O,chembl,-29.822643,24.971685
CCOC(=O)[C@H](Cc1ccc(F)cc1)NC(=O)[C@@H](N)Cc1ccc(N(CCCl)CCCl)cc1,chembl,-30.621494,24.59106
CC12CC3CC(C)(C1)CC(N)(C3)C2,chembl,-25.59929,44.051697
Cc1cc(OP(=O)(O)O)c2ccccc2c1OP(=O)(O)O,chembl,-30.370321,-13.983635
CC1=CC(=O)c2ccccc2C1=O,chembl,-15.906938,-1.0815954
CC1CCC(C(C)C)C(O)C1,chembl,-26.224174,43.542946
CN1CCCC(CN2c3ccccc3Sc3ccccc32)C1,chembl,9.374702,32.204525
CCOC(=O)C1(c2ccccc2)CCN(C)CC1,chembl,-39.718803,19.698715
Cc1ccccc1OCC(O)CO,chembl,-23.901321,11.792634
CNC(C)(C)Cc1ccccc1,chembl,-22.70577,8.708779
CCC1(c2ccccc2)NC(=O)N(C)C1=O,chembl,-13.436105,7.97155
CCC1(c2ccccc2)C(=O)NC(=O)N(C)C1=O,chembl,-13.451306,7.963927
Cc1cccc(C)c1NC(=O)C1CCCCN1C,chembl,-41.4546,31.341528
C[C@H]1C[C@H]2[C@@H]3CCC4=CC(=O)C=C[C@]4(C)[C@H]3C(=O)C[C@]2(C)[C@@]1(O)C(=O)CO,chembl,-27.273905,69.38857
CCCC(C)(COC(N)=O)COC(N)=O,chembl,-20.662022,27.711906
CCC1(c2cccc(O)c2)CCCCN(C)C1,chembl,-15.990806,55.251503
COc1ccc(O)cc1,chembl,-26.821072,-39.86438
S=c1[nH]cnc2nc[nH]c12,chembl,-24.503664,-8.593258
Sc1ncnc2nc[nH]c12,chembl,-24.551592,-8.626888
C[C@@H](O)[C@H]1C(=O)N2C(C(=O)O)=C(S[C@@H]3CN[C@H](C(=O)N(C)C)C3)[C@H](C)[C@H]12,chembl,-31.858696,34.918037
Nc1ccc(O)c(C(=O)O)c1,chembl,-25.465025,20.980175
CN1CCCCC1CCN1c2ccccc2Sc2ccc([S+](C)[O-])cc21,chembl,9.261268,32.583187
C[C@H]1CC(=O)C[C@@H]2CC[C@H]3[C@@H]4CC[C@H](O)[C@@]4(C)CC[C@@H]3[C@]21C,chembl,-23.486113,61.747116
C#C[C@]1(O)CC[C@H]2[C@@H]3CCc4cc(OC)ccc4[C@H]3CC[C@@]21C,chembl,-18.637524,62.551807
O=C(Nc1ccccc1)c1cc(Br)cc(Br)c1O,chembl,-30.710144,9.67203
Cc1c(N(C)CS(=O)(=O)O)c(=O)n(-c2ccccc2)n1C,chembl,-11.049661,9.691456
CC(C)NCC(O)c1cc(O)cc(O)c1,chembl,-21.431274,15.858335
C[C@H](N)[C@H](O)c1cccc(O)c1,chembl,-22.596193,14.317686
Cc1cc(C)cc(OCC2CNC(=O)O2)c1,chembl,-18.840624,35.631504
CN(C)C(=N)NC(=N)N,chembl,-16.93125,22.647512
C=C1c2cccc(O)c2C(=O)C2=C(O)[C@]3(O)C(=O)C(C(N)=O)=C(O)[C@@H](N(C)C)[C@@H]3[C@@H](O)[C@H]12,chembl,-36.771564,56.61602
CCC(=O)C(CC(C)N(C)C)(c1ccccc1)c1ccccc1,chembl,-32.445957,16.970783
CN[C@@H](C)Cc1ccccc1,chembl,-21.959446,9.783824
C[C@]12C=CC(=O)C=C1CC[C@@H]1[C@@H]2CC[C@@]2(C)[C@H]1CC[C@]2(C)O,chembl,-24.918318,64.55832
CN(C)CCN(Cc1cccs1)c1ccccn1,chembl,-20.176815,6.274594
Cc1ccccc1-n1c(C)nc2ccccc2c1=O,chembl,-5.648369,-25.696167
CCC1(CC)C(=O)NC(=O)N(C)C1=O,chembl,-17.077374,37.84833
CC(=O)/N=c1/sc(S(N)(=O)=O)nn1C,chembl,-15.580386,30.876015
CN1CCC(CN2c3ccccc3Sc3ccccc32)C1,chembl,9.454961,32.25249
C1N2CN3CN1CN(C2)C3,chembl,-15.343737,23.091326
O=C(O)CNC(=O)c1ccccc1,chembl,-31.288807,11.39834
COc1cccc(OC)c1C(=O)N[C@@H]1C(=O)N2[C@@H]1SC(C)(C)[C@@H]2C(=O)O,chembl,-51.594643,45.29675
CN1CCCC(CC2c3ccccc3Sc3ccccc32)C1,chembl,9.177448,31.77599
COc1ccccc1OCC(O)COC(N)=O,chembl,-45.6477,10.414322
C=CCC1(C(C)C#CCC)C(=O)NC(=O)N(C)C1=O,chembl,-16.463568,38.859497
COc1cc2c(cc1OC)C(CCc1ccc(Cl)cc1)N(C)CC2,chembl,-63.076164,9.444854
CN(Cc1cnc2nc(N)nc(N)c2n1)c1ccc(C(=O)N[C@@H](CCC(=O)O)C(=O)O)cc1,chembl,-30.239046,27.714806
COc1ccc(OC)c(C(O)C(C)N)c1,chembl,-39.493866,-26.148329
COc1c2occc2cc2ccc(=O)oc12,chembl,-30.875021,-34.379616
COC(F)(F)C(Cl)Cl,chembl,-14.228064,24.475712
CN1C(=O)CC(C)(c2ccccc2)C1=O,chembl,-12.135078,7.380025
CN1C(CCl)Nc2cc(Cl)c(S(N)(=O)=O)cc2S1(=O)=O,chembl,-40.05236,-3.1471336
COC(=O)CCC(=O)CN,chembl,-21.050251,26.32703
COC(=O)c1ccccc1O,chembl,-32.541122,9.434866
C[C@](N)(Cc1ccc(O)c(O)c1)C(=O)O,chembl,-29.2381,21.788298
CCOC(=O)[C@@](C)(N)Cc1ccc(O)c(O)c1,chembl,-29.662752,21.539703
CC[C@@H](CO)NC(=O)[C@@H]1C=C2c3cccc4[nH]cc(c34)C[C@H]2N(C)C1,chembl,-43.296467,32.48883
COC(=O)C(c1ccccc1)C1CCCCN1,chembl,-40.93511,25.783945
C[C@H]1C[C@@H]2[C@H]([C@@H](O)C[C@@]3(C)[C@H]2CC[C@]3(O)C(=O)CO)[C@@]2(C)C=CC(=O)C=C12,chembl,-27.261362,69.61448
CC(=O)OCC(=O)[C@@]1(O)CC[C@H]2[C@@H]3C[C@H](C)C4=CC(=O)C=C[C@]4(C)[C@H]3[C@@H](O)C[C@@]21C,chembl,-26.097181,70.12991
C[C@H]1C[C@@H]2[C@H]([C@@H](O)C[C@@]3(C)[C@H]2CC[C@]3(O)C(=O)COC(=O)CCC(=O)O)[C@@]2(C)C=CC(=O)C=C12,chembl,-25.61929,69.89009
CC(CN(C)C)CN1c2ccccc2Sc2ccccc21,chembl,11.171561,32.01759
C[C@]12CCC(=O)C=C1CC[C@@H]1[C@@H]2CC[C@@]2(C)[C@H]1CC[C@]2(C)O,chembl,-23.956913,64.261955
CCC1(CC)C(=O)NCC(C)C1=O,chembl,-18.030317,38.452034
CC[C@@H](CO)NC(=O)[C@@H]1C=C2c3cccc4c3c(cn4C)C[C@H]2N(C)C1,chembl,-43.249187,32.390617
CC(=O)Oc1c(C)cc(OCC(O)CNC(C)C)c(C)c1C,chembl,-28.811079,19.01913
CCN(CC)CCNC(=O)c1cc(Cl)c(N)cc1OC,chembl,-46.270714,6.893196
Cc1ccccc1N1C(=O)c2cc(S(N)(=O)=O)c(Cl)cc2NC1C,chembl,-39.749096,-3.7851183
COCCc1ccc(OCC(O)CNC(C)C)cc1,chembl,-6.6397276,37.178616
CC(=O)Nc1c(I)c(C(=O)N[C@H]2C(O)O[C@H](CO)[C@@H](O)[C@@H]2O)c(I)c(N(C)C(C)=O)c1I,chembl,-30.253061,48.17806
Cc1ncc([N+](=O)[O-])n1CCO,chembl,-0.25333706,22.87522
CC(C)(C(=O)c1cccnc1)c1cccnc1,chembl,-20.724707,19.484915
C[C@](N)(Cc1ccc(O)cc1)C(=O)O,chembl,-29.21483,21.939203
Cc1cccc(C)c1OCC(C)N,chembl,-23.942291,12.682062
CC1(C)S[C@@H]2[C@H](NC(=O)[C@H](NC(=O)N3CCN(S(C)(=O)=O)C3=O)c3ccccc3)C(=O)N2[C@H]1C(=O)O,chembl,-52.265022,44.15324
CN1CCN2c3ccccc3Cc3ccccc3C2C1,chembl,-9.492684,5.0344086
COCC(=O)O[C@]1(CCN(C)CCCc2nc3ccccc3[nH]2)CCc2cc(F)ccc2[C@@H]1C(C)C,chembl,-54.735218,23.707932
Clc1ccc(COC(Cn2ccnc2)c2ccc(Cl)cc2Cl)c(Cl)c1,chembl,-50.423676,-3.1179953
Cc1ncc2n1-c1ccc(Cl)cc1C(c1ccccc1F)=NC2,chembl,-47.578472,-7.557143
COc1ccc(OC)c(C(O)CNC(=O)CN)c1,chembl,-39.77553,-26.209635
CO[C@@H]1[C@H](N(C)C(=O)c2ccccc2)C[C@H]2O[C@]1(C)n1c3ccccc3c3c4c(c5c6ccccc6n2c5c31)C(=O)NC4,chembl,-45.47598,28.852499
CC#C[C@]1(O)CC[C@H]2[C@@H]3CCC4=CC(=O)CCC4=C3[C@@H](c3ccc(N(C)C)cc3)C[C@@]21C,chembl,-20.298716,66.00011
OC[C@H]1NC[C@H](O)[C@@H](O)[C@H]1O,chembl,-28.81752,44.898968
OCCN1C[C@H](O)[C@@H](O)[C@H](O)[C@H]1CO,chembl,-28.926472,44.407486
CCCCN1C[C@H](O)[C@@H](O)[C@H](O)[C@H]1CO,chembl,-28.952757,43.992355
CCN(CC)C(=O)C1(c2ccccc2)CC1CN,chembl,-36.945145,20.172882
Cc1[nH]c(=O)c(C#N)cc1-c1ccncc1,chembl,2.4667473,-6.467543
CCCCCCCCCCCCCCCCOP(=O)([O-])OCC[N+](C)(C)C,chembl,21.069878,13.685831
Cc1cc(-c2ccccc2)nnc1NCCN1CCOCC1,chembl,-10.077516,6.3136683
CN(C)c1ccc(O)c2c1C[C@H]1C[C@H]3[C@H](N(C)C)C(O)=C(C(N)=O)C(=O)[C@@]3(O)C(O)=C1C2=O,chembl,-37.20272,55.754654
O=P(O)(O)C(O)(Cc1cnc2ccccn12)P(=O)(O)O,chembl,-19.668736,18.777134
Nc1cc(N2CCCCC2)nc(N)[n+]1[O-],chembl,-26.191765,-0.2172769
Nc1nc(CC(=O)Nc2ccc(CCNC[C@H](O)c3ccccc3)cc2)cs1,chembl,-30.201267,13.789536
CN1CCN2c3ncccc3Cc3ccccc3C2C1,chembl,-8.779475,5.3705425
CCCCC(C)(O)C/C=C/[C@H]1[C@H](O)CC(=O)[C@@H]1CCCCCCC(=O)OC,chembl,-14.2769,45.346737
O=C(c1ccc(NS(=O)(=O)c2cccc3cccnc23)cc1)N1CCN(CC2CC2)CC1,chembl,-50.4981,19.783773
CO[C@@]12[C@H](COC(N)=O)C3=C(C(=O)C(C)=C(N)C3=O)N1C[C@@H]1N[C@@H]12,chembl,-33.01605,41.187218
Clc1ccc(C(c2ccccc2Cl)C(Cl)Cl)cc1,chembl,-45.244812,-2.4350734
O=C1c2c(O)ccc(O)c2C(=O)c2c(NCCNCCO)ccc(NCCNCCO)c21,chembl,-19.913157,23.321995
CN(c1nccc(=O)[nH]1)C1CCN(c2nc3ccccc3n2Cc2ccc(F)cc2)CC1,chembl,-52.783337,29.799358
C=CC(=O)Nc1cc(Nc2ncc(C(=O)OC(C)C)c(-c3cn(C)c4ccccc34)n2)c(OC)cc1N(C)CCN(C)C,chembl,-56.501778,6.7136407
O=C(NCCN1CCOCC1)c1ccc(Cl)cc1,chembl,-52.284054,16.64995
NC(=O)C[S+]([O-])C(c1ccccc1)c1ccccc1,chembl,-31.252457,13.435198
CCOC(=O)[C@H](CCc1ccccc1)N[C@@H](C)C(=O)N1Cc2cc(OC)c(OC)cc2C[C@H]1C(=O)O,chembl,-37.205482,24.001387
COc1ccc(-c2noc(CC(=O)O)c2-c2ccc(OC)cc2)cc1,chembl,-23.969664,-42.63678
CCc1c(C)[nH]c2c1C(=O)C(CN1CCOCC1)CC2,chembl,-19.640108,37.66352
CCOC(=O)[N-]c1c[n+](N2CCOCC2)no1,chembl,-23.541836,33.22497
N#CCNC(=O)c1ccc(-c2ccnc(Nc3ccc(N4CCOCC4)cc3)n2)cc1,chembl,-50.596527,20.178867
C[C@@H]1C[C@H]2[C@@H]3CCC4=CC(=O)C=C[C@]4(C)[C@@]3(Cl)[C@@H](O)C[C@]2(C)[C@@]1(OC(=O)c1ccco1)C(=O)CCl,chembl,-29.271395,73.215096
CC[C@@]1([C@@H]2O[C@@H]([C@H]3O[C@@](O)(CO)[C@H](C)C[C@@H]3C)C[C@@H]2C)CC[C@H]([C@]2(C)CC[C@]3(C[C@H](O)[C@@H](C)[C@@H]([C@@H](C)[C@@H](OC)[C@H](C)C(=O)O)O3)O2)O1,chembl,-25.841768,54.921608
Oc1ccc(OCc2ccccc2)cc1,chembl,-19.589535,10.427159
COC(=O)/C=C/C(=O)O,chembl,-21.718271,26.421303
CC(C)(O)c1ccccc1CC[C@@H](SCC1(CC(=O)O)CC1)c1cccc(/C=C/c2ccc3ccc(Cl)cc3n2)c1,chembl,-46.989822,2.099813
CCOC(=O)Nc1ccc2c(c1)N(C(=O)CCN1CCOCC1)c1ccccc1S2,chembl,8.266146,34.578182
CN1CC[C@]23c4c5ccc(O)c4O[C@H]2[C@@H](O)C=C[C@H]3[C@H]1C5,chembl,-14.493172,55.078224
CO[C@@]1(NC(=O)C(C(=O)O)c2ccc(O)cc2)C(=O)N2C(C(=O)O)=C(CSc3nnnn3C)CO[C@@H]21,chembl,-52.78266,47.816795
CO/N=C1\C[C@]2(C[C@@H]3C[C@@H](C/C=C(\C)C[C@@H](C)/C=C/C=C4\CO[C@@H]5[C@H](O)C(C)=C[C@@H](C(=O)O3)[C@]45O)O2)O[C@H](/C(C)=C/C(C)C)[C@H]1C,chembl,-27.86064,52.52193
COc1c(N2C[C@@H]3CCCN[C@@H]3C2)c(F)cc2c(=O)c(C(=O)O)cn(C3CC3)c12,chembl,-57.095417,31.886501
CC(=O)Oc1cc(C(C)C)c(OCCN(C)C)cc1C,chembl,-29.153927,18.95793
COc1nc(C)nc(Cl)c1NC1=NCCN1,chembl,-39.634846,-6.548123
Cc1ccccc1C(=O)Nc1ccc(C(=O)N2CCCC(N(C)C)c3ccccc32)cc1,chembl,-47.191025,19.882465
C/C(=C\C(=O)OCCCCCCCCC(=O)O)C[C@@H]1OC[C@H](C[C@@H]2O[C@H]2[C@@H](C)[C@H](C)O)[C@@H](O)[C@H]1O,chembl,-15.345719,47.238113
CC(c1ccc(Cl)c(Cl)c1)N1N=C(N)CC1=O,chembl,-43.135853,-4.3250394
COc1c(C)c2c(c(O)c1C/C=C(\C)CCC(=O)OCCN1CCOCC1)C(=O)OC2,chembl,-24.872122,32.954697
COc1c(C)c2c(c(O)c1C/C=C(\C)CCC(=O)O)C(=O)OC2,chembl,-25.065018,32.633274
CCCCCCC(C)(C)c1cc(O)c2c(c1)OC(C)(C)C1CCC(=O)CC21,chembl,-13.608246,48.994427
COc1ccc2cc(CCC(C)=O)ccc2c1,chembl,-40.87347,-27.109976
CC(C)(C)NCC(O)COc1cccc2c1CC(O)C(O)C2,chembl,-32.751835,22.27364
CCOc1ccc2ccccc2c1C(=O)N[C@@H]1C(=O)N2[C@@H]1SC(C)(C)[C@@H]2C(=O)O,chembl,-53.27567,43.311386
NC(=O)N/N=C1\C=Cc2ccccc2C1=O,chembl,-16.835394,-0.3694081
CN(C/C=C/c1ccccc1)Cc1cccc2ccccc12,chembl,-14.21498,-29.609411
COc1ccccc1N1CCN(CC(O)COc2cccc3ccccc23)CC1,chembl,-25.979485,-18.996552
Oc1ccc2c3c1O[C@H]1[C@@H](O)CC[C@@]4(O)[C@@H](C2)N(CC2CCC2)CC[C@]314,chembl,-14.044629,55.24857
CC(C)(NC(=O)C1=C(O)[C@@H]2Oc3c(O)ccc4c3[C@@]23CCN(CC2CC2)[C@H](C4)[C@]3(O)C1)c1nc(-c2ccccc2)no1,chembl,-12.738245,54.855618
CN(C(=O)/C=C/c1ccoc1)[C@@H]1CC[C@@]2(O)[C@H]3Cc4ccc(O)c5c4[C@@]2(CCN3CC2CC2)[C@H]1O5,chembl,-13.315611,55.546505
CCn1cc(C(=O)O)c(=O)c2ccc(C)nc21,chembl,-21.12659,32.603077
C=C1CC[C@@]2(O)[C@H]3Cc4ccc(O)c5c4[C@@]2(CCN3CC2CC2)[C@H]1O5,chembl,-14.03167,55.276417
C=CCN1CC[C@]23c4c5ccc(O)c4O[C@H]2[C@@H](OCCOCCOCCOCCOCCOCCOCCOC)CC[C@@]3(O)[C@H]1C5,chembl,-13.765689,54.797626
C=CCN1CC[C@]23c4c5ccc(O)c4O[C@H]2C(=O)CC[C@@]3(O)[C@H]1C5,chembl,-13.898389,55.58291
O=C1CC[C@@]2(O)[C@H]3Cc4ccc(O)c5c4[C@@]2(CCN3CC2CC2)[C@H]1O5,chembl,-13.97056,55.578995
CCCCCCCCCC(=O)O[C@H]1CC[C@H]2[C@@H]3CCC4=CC(=O)CC[C@@H]4[C@H]3CC[C@]12C,chembl,-21.78032,68.96545
C[C@]12CC[C@H]3[C@@H](CCC4=CC(=O)CC[C@@H]43)[C@@H]1CC[C@@H]2OC(=O)CCc1ccccc1,chembl,-22.351969,67.03358
c1ccc2c(CC3=NCCN3)cccc2c1,chembl,-12.0286455,-25.217337
COc1ccc2cc([C@H](C)C(=O)O)ccc2c1,chembl,-41.018475,-26.704302
CNS(=O)(=O)CCc1ccc2[nH]cc(C3CCN(C)CC3)c2c1,chembl,-21.720556,41.243404
C[C@@H]1C/C=C/C=C/C=C/C=C/[C@H](O[C@@H]2O[C@H](C)[C@@H](O)[C@H](N)[C@@H]2O)C[C@@H]2O[C@](O)(C[C@@H](O)C[C@H]3O[C@@H]3/C=C/C(=O)O1)C[C@H](O)[C@H]2C(=O)O,chembl,-28.840559,52.12863
CC(C)[C@H]1CC[C@H](C(=O)N[C@H](Cc2ccccc2)C(=O)O)CC1,chembl,-37.29964,26.190191
OC(CNCC(O)C1CCc2cc(F)ccc2O1)C1CCc2cc(F)ccc2O1,chembl,-58.364166,26.855637
CCCc1c2oc(C(=O)O)cc(=O)c2cc2c(=O)cc(C(=O)O)n(CC)c12,chembl,-20.659082,33.495853
CCc1nn(CCCN2CCN(c3cccc(Cl)c3)CC2)c(=O)n1CCOc1ccccc1,chembl,-2.7054005,33.437744
CN1CCOC(c2ccccc2)c2ccccc2C1,chembl,-10.451216,5.1399884
COc1nc(N)nc2c1ncn2[C@@H]1O[C@H](CO)[C@@H](O)[C@@H]1O,chembl,-36.94526,47.151634
Cc1c(O)cccc1C(=O)N[C@@H](CSc1ccccc1)[C@H](O)CN1C[C@H]2CCCC[C@H]2C[C@H]1C(=O)NC(C)(C)C,chembl,-38.81261,27.317732
NC(=O)Cc1cccc(C(=O)c2ccccc2)c1N,chembl,-30.223265,12.178629
CCOc1cc2ncc(C#N)c(Nc3ccc(OCc4ccccn4)c(Cl)c3)c2cc1NC(=O)/C=C/CN(C)C,chembl,-45.78432,4.9520073
Cc1ccc(C(=O)OCc2ccc([C@@H](CN)C(=O)Nc3ccc4cnccc4c3)cc2)c(C)c1,chembl,-38.110905,8.824134
CCN[C@@H]1C[C@H](N)[C@@H](O[C@H]2OC(CN)=CC[C@H]2N)[C@H](O)[C@H]1O[C@H]1OC[C@](C)(O)[C@H](NC)[C@H]1O,chembl,-28.6234,47.27307
Cc1ccccc1-c1cc(N2CCN(C)CC2)ncc1N(C)C(=O)C(C)(C)c1cc(C(F)(F)F)cc(C(F)(F)F)c1,chembl,-47.35198,16.923916
Cc1ccnc2c1NC(=O)c1cccnc1N2C1CC1,chembl,-13.859847,35.748936
O=C(O)c1cccnc1,chembl,-21.218758,19.650259
NC(=O)c1cccnc1,chembl,-20.869722,19.884212
O=C(CCNNC(=O)c1ccncc1)NCc1ccccc1,chembl,-32.027622,11.627543
COC(=O)C1=C(C)NC(C)=C(C(=O)OCCN(C)Cc2ccccc2)C1c1cccc([N+](=O)[O-])c1,chembl,-3.4901443,19.142368
CO[C@]12C[C@@H](COC(=O)c3cncc(Br)c3)CN(C)[C@@H]1Cc1cn(C)c3cccc2c13,chembl,-43.91865,31.506454
O=C(Nc1ccc([N+](=O)[O-])cc1Cl)c1cc(Cl)ccc1O,chembl,3.6469975,20.258682
O=C(NCCO[N+](=O)[O-])c1cccnc1,chembl,-1.7604381,20.6955
CN1CCC[C@H]1c1cccnc1,chembl,-8.855837,5.501651
COC(=O)C1=C(C)NC(C)=C(C(=O)OC)C1c1ccccc1[N+](=O)[O-],chembl,-3.209059,19.216825
CC1CS(=O)(=O)CCN1/N=C/c1ccc([N+](=O)[O-])o1,chembl,2.9202702,23.34875
Cc1cn(-c2cc(NC(=O)c3ccc(C)c(Nc4nccc(-c5cccnc5)n4)c3)cc(C(F)(F)F)c2)cn1,chembl,-50.54175,17.057215
CC1(C)NC(=O)N(c2ccc([N+](=O)[O-])c(C(F)(F)F)c2)C1=O,chembl,3.300142,25.425682
CS(=O)(=O)Nc1ccc([N+](=O)[O-])cc1Oc1ccccc1,chembl,1.9420115,17.841148
COCCOC(=O)C1=C(C)NC(C)=C(C(=O)OC(C)C)C1c1cccc([N+](=O)[O-])c1,chembl,-3.4004436,19.16307
COC(=O)c1ccc2c(c1)NC(=O)/C2=C(\Nc1ccc(N(C)C(=O)CN2CCN(C)CC2)cc1)c1ccccc1,chembl,-38.671013,21.530634
NC(=O)c1cccc2cn(-c3ccc([C@@H]4CCCNC4)cc3)nc12,chembl,-48.342968,23.153578
CC(C)(C)[C@H](NC(=O)C(F)(F)F)C(=O)N1C[C@H]2[C@@H]([C@H]1C(=O)N[C@H](C#N)C[C@@H]1CCNC1=O)C2(C)C,chembl,-26.406347,60.4215
CCC[C@H](N[C@H]1CCc2cc(F)cc(F)c2C1)C(=O)Nc1cn(C(C)(C)CNCC(C)(C)C)cn1,chembl,-55.674908,23.564669
COC(=O)C1=C(C)NC(C)=C(C(=O)OCC(C)C)C1c1ccccc1[N+](=O)[O-],chembl,-3.2778645,19.20129
CC(=O)Oc1ccccc1C(=O)Nc1ncc([N+](=O)[O-])s1,chembl,-1.9238309,20.611982
O=C1CCCC(=O)C1C(=O)c1ccc(C(F)(F)F)cc1[N+](=O)[O-],chembl,4.834134,22.454998
O=C1CN=C(c2ccccc2)c2cc([N+](=O)[O-])ccc2N1,chembl,2.541189,16.20304
Cc1nc([N+](=O)[O-])cn1-c1ccc([N+](=O)[O-])cc1,chembl,2.2451727,20.908855
O=C1CN(/N=C/c2ccc([N+](=O)[O-])o2)C(=O)N1,chembl,3.40431,23.713497
NC(=O)N/N=C/c1ccc([N+](=O)[O-])o1,chembl,2.5551817,22.20743
O=[N+]([O-])OCC(CO[N+](=O)[O-])O[N+](=O)[O-],chembl,1.636519,23.183268
O=[N+]([O-])c1ccc(O)c2ncccc12,chembl,0.36738807,21.348516
CNC(=C[N+](=O)[O-])NCCSCc1csc(CN(C)C)n1,chembl,0.9638907,22.171576
CC(=O)[C@@]1(O)CC[C@H]2[C@@H]3C=C(C)C4=CC(=O)CC[C@@H]4[C@H]3CC[C@@]21C,chembl,-23.178762,64.32884
CC(=O)O[C@]1(C(C)=O)CC[C@H]2[C@@H]3C=C(C)C4=CC(=O)CC[C@@H]4[C@H]3CC[C@@]21C,chembl,-22.791004,65.26236
CN1Cc2c(N)cccc2C(c2ccccc2)C1,chembl,-10.800693,4.65155
CCCCCCCCCc1ccc(OCCOCCOCCOCCOCCOCCOCCOCCOCCO)cc1,chembl,24.969086,13.632754
C#C[C@]1(O)CC[C@H]2[C@@H]3CCC4=C/C(=N/O)CC[C@@H]4[C@H]3CC[C@@]21CC,chembl,-21.023357,62.52061
NC[C@H](O)c1ccc(O)c(O)c1,chembl,-21.827839,15.280277
C#C[C@]1(O)CC[C@H]2[C@@H]3CCC4=CC(=O)CC[C@@H]4[C@H]3CC[C@@]21C,chembl,-22.947071,63.48459
C#C[C@]1(OC(C)=O)CC[C@H]2[C@@H]3CCC4=CC(=O)CC[C@@H]4[C@H]3CC[C@@]21C,chembl,-22.700422,64.69506
C#C[C@]1(O)CC[C@H]2[C@@H]3CCC4=C(CCC(=O)C4)[C@H]3CC[C@@]21C,chembl,-23.11907,62.79696
CCn1cc(C(=O)O)c(=O)c2cc(F)c(N3CCNCC3)cc21,chembl,-56.56313,30.99486
C#C[C@]1(OC(C)=O)CC[C@H]2[C@@H]3CCC4=C/C(=N/O)CC[C@@H]4[C@H]3CC[C@@]21CC,chembl,-21.357916,63.404118
C#CC1(O)CC[C@H]2[C@@H]3CCC4=CC(=O)CC[C@@H]4[C@H]3CC[C@@]21CC,chembl,-21.717094,63.24721
CNCCC=C1c2ccccc2CCc2ccccc21,chembl,-15.952439,5.1179724
COc1ccc2c(c1OC)C(=O)O[C@@H]2[C@H]1c2c(cc3c(c2OC)OCO3)CCN1C,chembl,-65.26121,10.8091955
CO[C@@H]1[C@@H](OC(N)=O)[C@@H](O)[C@H](Oc2ccc3c(O)c(NC(=O)c4ccc(O)c(CC=C(C)C)c4)c(=O)oc3c2C)OC1(C)C,chembl,-67.85694,13.94719
CNC(=S)NCO,chembl,-17.505484,23.65144
CC[C@H]1[C@@H](O)[C@@H]2[C@H](CC[C@]3(C)[C@@H]([C@H](C)CCC(=O)O)CC[C@@H]23)[C@@]2(C)CC[C@@H](O)C[C@@H]12,chembl,-22.865799,55.954426
CCCCC(CC)COC(=O)C=Cc1ccc(OC)cc1,chembl,-6.8199606,46.460724
CCCCC(CC)COC(=O)C(C#N)=C(c1ccccc1)c1ccccc1,chembl,-8.540551,44.838863
CCCCC1(CCCC)CN(c2ccccc2)c2cc(SC)c(OCC(=O)N[C@@H](C(=O)N[C@@H](CC)C(=O)O)c3ccc(O)cc3)cc2S(=O)(=O)N1,chembl,-10.097,41.980095
CC1COc2c(N3CCN(C)CC3)c(F)cc3c(=O)c(C(=O)O)cn1c23,chembl,-57.777622,31.30931
Cc1cc2c(s1)Nc1ccccc1N=C2N1CCN(C)CC1,chembl,-7.0694275,4.1371655
O=C(c1cc(Cc2n[nH]c(=O)c3ccccc23)ccc1F)N1CCN(C(=O)C2CC2)CC1,chembl,-52.872074,30.004116
COc1ccsc1CNCC[C@@]1(c2ccccn2)CCOC2(CCCC2)C1,chembl,-33.55655,-15.515021
CCCc1nc(C(C)(C)O)c(C(=O)OCc2oc(=O)oc2C)n1Cc1ccc(-c2ccccc2-c2nnn[nH]2)cc1,chembl,-42.000893,14.725647
C=CC(=O)Nc1cccc(Oc2nc(Nc3ccc(N4CCN(C)CC4)cc3)nc3ccsc23)c1,chembl,-52.324745,19.321434
COc1ccc(CC(C)(C)NC[C@H](O)c2cc(O)cc3c2OCC(=O)N3)cc1,chembl,-39.357697,-27.826786
CN(C)CC/C=C1/c2ccccc2COc2ccc(CC(=O)O)cc21,chembl,-17.556524,5.0676303
O=C(O)c1cc(/N=N/c2ccc(O)c(C(=O)O)c2)ccc1O,chembl,-25.096985,20.85261
C[C@H](Nc1ccc(C#N)n(C)c1=O)c1cc2cc(Cl)ccc2[nH]c1=O,chembl,-1.9426277,10.410354
COC(=O)C[C@](O)(CCCC(C)(C)O)C(=O)O[C@@H]1C(OC)=C[C@]23CCCN2CCc2cc4c(cc2[C@H]13)OCO4,chembl,-61.078346,13.883241
CN(C)c1cc(CNCC(C)(C)C)c(O)c2c1C[C@H]1C[C@H]3[C@H](N(C)C)C(O)=C(C(N)=O)C(=O)[C@@]3(O)C(O)=C1C2=O,chembl,-37.764896,55.231995
CS(=O)(=O)n1cc2c(n1)CN([C@H]1CO[C@H](c3cc(F)ccc3F)[C@@H](N)C1)C2,chembl,-59.798767,27.355165
CC1(C)CC[C@]2(NC(=O)C(C)(F)F)CC[C@]3(C)[C@H](C(=O)C=C4[C@@]5(C)C=C(C#N)C(=O)C(C)(C)[C@@H]5CC[C@]43C)[C@@H]2C1,chembl,-25.96161,60.744194
COC(=O)N[C@H](C(=O)N1CCC[C@H]1C(=O)Nc1ccc([C@@H]2CC[C@@H](c3ccc(NC(=O)[C@@H]4CCCN4C(=O)[C@@H](NC(=O)OC)C(C)C)cc3)N2c2ccc(C(C)(C)C)cc2)cc1)C(C)C,chembl,-48.693794,29.4844
CC/C=C\C/C=C\C/C=C\C/C=C\C/C=C\C/C=C\CCC(=O)OCC,chembl,-21.337404,29.663425
CC/C=C\C/C=C\C/C=C\C/C=C\C/C=C\C/C=C\CCC(=O)O,chembl,-25.56422,28.482212
COc1ccc2[nH]c([S+]([O-])Cc3ncc(C)c(OC)c3C)nc2c1,chembl,-43.798603,-19.06604
CC(C)OC(=O)CNc1cccc(CN(Cc2ccc(-n3cccn3)cc2)S(=O)(=O)c2cccnc2)n1,chembl,-36.418007,15.74069
Cc1nccn1CC1CCc2c(c3ccccc3n2C)C1=O,chembl,-6.0857205,8.978477
Cc1c(Cl)c(C)[n+]([O-])c(Cl)c1-c1noc(-c2cc(O)c(O)c([N+](=O)[O-])c2)n1,chembl,2.834942,19.977373
CCCCCCCCCCC[C@@H](C[C@@H]1OC(=O)[C@H]1CCCCCC)OC(=O)[C@H](CC(C)C)NC=O,chembl,-13.9927635,45.75389
Cc1ncc([N+](=O)[O-])n1CC(O)CCl,chembl,-0.27011624,22.681482
Cc1ccccc1C(OCCN(C)C)c1ccccc1,chembl,-20.14595,8.718191
CCOC(=O)C1=C[C@@H](OC(CC)CC)[C@H](NC(C)=O)[C@@H](N)C1,chembl,-26.669273,34.014805
N#Cc1ccc([C@H]2CCc3cncn32)c(F)c1,chembl,4.9203463,-4.965144
C=CC(=O)Nc1cc(Nc2nccc(-c3cn(C)c4ccccc34)n2)c(OC)cc1N(C)CCN(C)C,chembl,-56.500595,6.725418
OCCOc1ccc(/C(=C(/CCCl)c2ccccc2)c2ccccc2)cc1,chembl,-6.029275,24.628761
O[C@@](Cn1cnnn1)(c1ccc(F)cc1F)C(F)(F)c1ccc(-c2ccc(OCC(F)(F)F)cc2)cn1,chembl,-27.02215,-4.93006
Cc1onc(-c2ccccc2)c1C(=O)N[C@@H]1C(=O)N2[C@@H]1SC(C)(C)[C@@H]2C(=O)O,chembl,-50.75729,44.35457
CC(C)NCC1CCc2cc(CO)c([N+](=O)[O-])cc2N1,chembl,1.7810858,25.948341
C[C@]12COC(=O)C[C@@H]1CC[C@@H]1[C@@H]2CC[C@@]2(C)[C@H]1CC[C@]2(C)O,chembl,-23.56698,62.098175
O=C(O)CCc1nc(-c2ccccc2)c(-c2ccccc2)o1,chembl,-32.346016,6.948579
O=C1Nc2ccc(Cl)cc2C(c2ccccc2)=NC1O,chembl,-43.343178,-8.327503
NC(=O)N1c2ccccc2CC(=O)c2ccccc21,chembl,-19.490181,0.738354
CCN(CC)CCOCCOC(=O)C(CC)(CC)c1ccccc1,chembl,-32.825905,17.623224
Clc1ccc(CO/N=C(\Cn2ccnc2)c2ccc(Cl)cc2Cl)c(Cl)c1,chembl,-49.99601,-2.767288
N[C@@H](CCC(=O)N[C@@H](CSSC[C@H](NC(=O)CC[C@H](N)C(=O)O)C(=O)NCC(=O)O)C(=O)NCC(=O)O)C(=O)O,chembl,-27.073217,26.251251
C=CCOc1ccccc1OCC(O)CNC(C)C,chembl,-24.332407,11.658123
COc1ccc(C(=O)c2ccccc2)c(O)c1,chembl,-41.106625,-25.881971
CCN(CC)CC#CCOC(=O)C(O)(c1ccccc1)C1CCCCC1,chembl,-37.524357,20.07806
COc1ccc2c3c1O[C@H]1C(=O)CC[C@@]4(O)[C@@H](C2)N(C)CC[C@]314,chembl,-66.0305,10.83222
Cc1cc(C(C)(C)C)c(O)c(C)c1CC1=NCCN1,chembl,-13.569102,15.875083
C[C@]12C/C(=C/O)C(=O)C[C@@H]1CC[C@@H]1[C@@H]2CC[C@@]2(C)[C@H]1CC[C@]2(C)O,chembl,-23.412367,62.075253
CN1CC[C@]23c4c5ccc(O)c4O[C@H]2C(=O)CC[C@@]3(O)[C@H]1C5,chembl,-14.041345,55.55949
COc1cc2[nH]c(C)c(CCN3CCN(c4ccccc4)CC3)c2cc1OC,chembl,-63.83113,9.052335
CCCCC1C(=O)N(c2ccccc2)N(c2ccc(O)cc2)C1=O,chembl,14.846692,21.533966
CN1CCCN=C1COC(=O)C(O)(c1ccccc1)C1CCCCC1,chembl,-40.491547,21.33152
CC(=O)Oc1ccc(C2(c3ccc(OC(C)=O)cc3)C(=O)Nc3ccccc32)cc1,chembl,-16.858229,3.0260594
O=C1Nc2ccccc2C1(c1ccc(O)cc1)c1ccc(O)cc1,chembl,-16.158236,1.8042766
CN(C)[C@@H]1C(O)=C(C(N)=O)C(=O)[C@@]2(O)C(O)=C3C(=O)c4c(O)cccc4[C@@](C)(O)[C@H]3[C@H](O)[C@@H]12,chembl,-36.92339,56.550335
O=C(O)/C=C/c1ccc(Cn2ccnc2)cc1,chembl,-4.1231728,1.9767104
CC(C)Oc1ccc(-c2nc(-c3cccc4c3CC[C@@H]4NCCO)no2)cc1C#N,chembl,-61.529083,5.852148
CNc1ncc(-c2ccc3c(=O)c(C(=O)O)cn(C4CC4)c3c2C)cc1C,chembl,-56.737087,33.069115
CC(=O)O[C@H]1C(=O)[C@@]2(C)[C@H]([C@H](OC(=O)c3ccccc3)[C@]3(O)C[C@H](OC(=O)[C@H](O)[C@@H](NC(=O)c4ccccc4)c4ccccc4)C(C)=C1C3(C)C)[C@]1(OC(C)=O)CO[C@@H]1C[C@@H]2O,chembl,-47.438873,37.1906
C1=N/C2=N/c3ccc(OCCN4CCCC4)c(c3)COC/C=C/COCc3cccc(c3)C(=C1)N2,chembl,-1.5397736,32.57818
C1=C/COCc2cc(ccc2OCCN2CCCC2)Nc2nccc(n2)-c2cccc(c2)COC/1,chembl,-1.5501493,32.57318
CC(=O)c1c(C)c2cnc(Nc3ccc(N4CCNCC4)cn3)nc2n(C2CCCC2)c1=O,chembl,-48.78901,24.212257
Cc1nc2n(c(=O)c1CCN1CCC(c3noc4cc(F)ccc34)CC1)CCCC2O,chembl,-60.58475,31.045336
CCCCCCCCCCCCCCCC(=O)OC1CCCn2c1nc(C)c(CCN1CCC(c3noc4cc(F)ccc34)CC1)c2=O,chembl,-60.675938,31.188416
O=C1c2cccc3c2[C@H](CCC3)CN1[C@@H]1CN2CCC1CC2,chembl,-20.356186,-1.3134049
CC1(C)CCC(C)(C)c2cc(Cn3cccn3)c(/C=C/c3ccc(C(=O)O)cc3)cc21,chembl,-3.0376277,46.540813
NCCC(O)(P(=O)(O)O)P(=O)(O)O,chembl,-19.12312,23.477245
Cc1[nH]c2ccccc2c1CCNCc1ccc(/C=C/C(=O)NO)cc1,chembl,-34.448803,12.699798
COc1ccnc(C[S+]([O-])c2nc3cc(OC(F)F)ccc3[nH]2)c1OC,chembl,-43.861904,-18.797194
CC(C)(CO)[C@@H](O)C(=O)NCCC(=O)O,chembl,-23.399017,26.537184
CC1OC(C)OC(C)O1,chembl,-27.018324,43.68895
CCC1(C)OC(=O)N(C)C1=O,chembl,-16.970667,36.856598
CC(=O)OCC(=O)[C@@]1(O)[C@H](C)C[C@H]2[C@@H]3C[C@H](F)C4=CC(=O)C=C[C@]4(C)[C@H]3[C@@H](O)C[C@@]21C,chembl,-28.902056,71.52793
CCC(=O)NS(=O)(=O)c1ccc(-c2c(-c3ccccc3)noc2C)cc1,chembl,-19.730757,-6.7364526
C#CCN(C)Cc1ccccc1,chembl,-20.52583,8.116568
C[C@H](/C=C/[C@H](C)C(C)(C)O)[C@H]1CC[C@H]2/C(=C/C=C3C[C@@H](O)C[C@H](O)C3)CCC[C@]12C,chembl,-20.766275,54.585625
Cc1cnc(C(=O)N[C@H]2CCCCC/C=C\[C@@H]3C[C@@]3(C(=O)NS(=O)(=O)C3CC3)NC(=O)[C@@H]3C[C@@H](Oc4nc5ccccc5c5ccccc45)CN3C2=O)cn1,chembl,-48.743816,26.016693
NC[C@@H]1O[C@H](O[C@H]2[C@@H](O)[C@H](O[C@@H]3[C@@H](O)[C@H](N)C[C@H](N)[C@H]3O[C@H]3O[C@H](CO)[C@@H](O)[C@H](O)[C@H]3N)O[C@@H]2CO)[C@H](N)[C@@H](O)[C@@H]1O,chembl,-30.494831,46.729538
Fc1ccc([C@@H]2CCNC[C@H]2COc2ccc3c(c2)OCO3)cc1,chembl,-58.847557,26.645325
Cc1ccc(Nc2nccc(N(C)c3ccc4c(C)n(C)nc4c3)n2)cc1S(N)(=O)=O,chembl,-33.407146,-7.4124227
NC(=O)c1cnc2[nH]ccc2c1N[C@@H]1[C@@H]2CC3C[C@H]1C[C@@](O)(C3)C2,chembl,-50.57342,24.267208
CC[C@@H](Oc1cccc(CN(CCCOc2ccc(OC)cc2)c2nc3ccccc3o2)c1)C(=O)O,chembl,-45.242256,-25.121153
Nc1nc2[nH]cc(CCc3ccc(C(=O)N[C@@H](CCC(=O)O)C(=O)O)cc3)c2c(=O)[nH]1,chembl,-31.466902,27.586416
Nc1nc(=O)c2c(CCc3ccc(C(=O)N[C@@H](CCC(=O)O)C(=O)O)cc3)c[nH]c2[nH]1,chembl,-31.460379,27.588484
CCN1C(=O)N(c2c(F)c(OC)cc(OC)c2F)Cc2cnc3[nH]c(CN4CCOCC4)cc3c21,chembl,-61.09913,9.524727
Cc1cccn2c(=O)c(-c3nnn[nH]3)cnc12,chembl,-14.010935,34.90985
NC1=NC(=O)C(c2ccccc2)O1,chembl,-11.991619,1.9759206
CC(C)(C)NC[C@H](O)COc1ccccc1C1CCCC1,chembl,-32.84276,22.312449
Nc1nc(O)c2ncn(CCC(CO)CO)c2n1,chembl,-38.223003,43.473785
CC(C)(S)[C@@H](N)C(=O)O,chembl,-24.88093,25.716518
CC1(C)S[C@@H]2[C@H](NC(=O)Cc3ccccc3)C(=O)N2[C@H]1C(=O)O,chembl,-52.448044,44.188805
CC1(C)S[C@@H]2[C@H](NC(=O)COc3ccccc3)C(=O)N2[C@H]1C(=O)O,chembl,-52.77077,43.85005
CSCC[C@H](NC(=O)[C@H](Cc1c[nH]c2ccccc12)NC(=O)CCNC(=O)OC(C)(C)C)C(=O)N[C@@H](CC(=O)O)C(=O)N[C@@H](Cc1ccccc1)C(N)=O,chembl,-34.751415,13.738274
N=C(N)c1ccc(OCCCCCOc2ccc(C(=N)N)cc2)cc1,chembl,-5.992117,25.841679
CC(C)=CCN1CCC2(C)c3cc(O)ccc3CC1C2C,chembl,-16.00813,56.098896
O=C(O)CN(CCN(CC(=O)O)CC(=O)O)CCN(CC(=O)O)CC(=O)O,chembl,-26.087461,27.964628
CCCC(C)C1(CC)C(=O)NC(=O)NC1=O,chembl,-16.482866,39.45445
OC[C@H]1O[C@@H](n2cnc3c2N=CNC[C@H]3O)C[C@@H]1O,chembl,-35.635353,47.04033
CC(=O)CCCCn1c(=O)c2c(ncn2C)n(C)c1=O,chembl,-15.280751,32.198975
CCC(CC)[C@H](NC(C)=O)[C@@H]1[C@H](O)[C@@H](C(=O)O)C[C@H]1NC(=N)N,chembl,-28.091143,32.268307
N#Cc1ccccc1-c1cc(-c2ccccn2)cn(-c2ccccc2)c1=O,chembl,2.35559,-7.203549
FC(F)(F)C(F)(F)C(F)(F)C(F)(F)C(F)(F)F,chembl,-14.007551,23.28992
FC(F)(F)C(F)(F)C(F)(F)C(F)(F)C(F)(F)C(F)(F)F,chembl,-14.007967,23.289484
FC(F)(F)C(F)(F)C(F)(F)C(F)(F)C(F)(F)C(F)(F)C(F)(F)C(F)(F)Br,chembl,-13.933266,23.260221
CCCCCCCCC(F)(F)C(F)(F)C(F)(F)C(F)(F)C(F)(F)C(F)(F)F,chembl,19.643755,14.160128
FC(F)(F)C(F)(F)C(F)(F)F,chembl,-14.018776,23.280807
CCCN1C[C@H](CSC)C[C@@H]2c3cccc4[nH]cc(c34)C[C@H]21,chembl,-41.809326,33.25349
C1CCC(C(CC2CCCCN2)C2CCCCC2)CC1,chembl,-25.59285,40.33286
N#Cc1ccc2c(c1)N(CCCN1CCC(O)CC1)c1ccccc1S2,chembl,8.939906,32.890434
CCC[C@H](N[C@@H](C)C(=O)N1[C@H](C(=O)O)C[C@@H]2CCCC[C@@H]21)C(=O)OCC,chembl,-27.835333,33.843723
CC1(C)C(C=C(Cl)Cl)C1C(=O)OCc1cccc(Oc2ccccc2)c1,chembl,-34.462967,20.071901
OCCN1CCN(CCCN2c3ccccc3Sc3ccc(Cl)cc32)CC1,chembl,7.734861,33.163654
FC(F)(F)c1ccc(CNc2ccc(Cc3c[nH]c4ncc(Cl)cc34)cn2)cn1,chembl,-40.199966,-0.14243579
NC(=O)NC(=O)Cc1ccccc1,chembl,-31.304504,12.489109
CCOc1ccc(NC(C)=O)cc1,chembl,-6.923974,35.535053
Nc1ccc(/N=N/c2ccccc2)c(N)n1,chembl,-9.35444,-14.581901
C[C@H]1[C@H](c2ccccc2)OCCN1C,chembl,-10.581225,5.15437
NNCCc1ccccc1,chembl,-23.49171,8.772761
N=C(N)NC(=N)NCCc1ccccc1,chembl,-23.710108,8.841289
NC(=O)NNc1ccccc1,chembl,-30.629793,10.471202
O=C1c2ccccc2C(=O)C1c1ccccc1,chembl,-15.358988,-0.14061882
CN(C)CCC(c1ccccc1)c1ccccn1,chembl,-21.216187,6.6322956
CC1NCCOC1c1ccccc1,chembl,-11.060073,4.832427
O=C1OC(c2ccc(O)cc2)(c2ccc(O)cc2)c2ccccc21,chembl,-16.314411,0.89838743
CC(C)=CC1C(C(=O)OCc2cccc(Oc3ccccc3)c2)C1(C)C,chembl,-34.45758,20.077248
CC(COc1ccccc1)N(CCCl)Cc1ccccc1,chembl,-20.158308,9.5949955
CC(COc1ccccc1)NN,chembl,-20.813757,10.218004
CCC(c1ccccc1)c1c(O)c2ccccc2oc1=O,chembl,-30.062471,-26.554976
CN1C(=O)CC(c2ccccc2)C1=O,chembl,-11.925185,7.256448
CC(C)(N)Cc1ccccc1,chembl,-22.651648,8.555724
Cc1ccc(N(CC2=NCCN2)c2cccc(O)c2)cc1,chembl,-17.402626,12.75018
Nc1ccc(C(=O)Oc2ccccc2)c(O)c1,chembl,-29.418705,10.958174
O=C(O)CCCc1ccccc1,chembl,-32.12039,13.278712
CCCCC1C(=O)N(c2ccccc2)N(c2ccccc2)C1=O,chembl,14.889026,21.540005
CNC[C@H](O)c1cccc(O)c1,chembl,-22.65495,14.657704
CC(N)C(O)c1ccccc1,chembl,-22.997557,10.4247265
O=C1NC(=O)C(c2ccccc2)(c2ccccc2)N1,chembl,-15.112608,1.8757071
CN1CC[C@]23c4c5ccc(OCCN6CCOCC6)c4O[C@H]2[C@@H](O)C=C[C@H]3[C@H]1C5,chembl,-13.796044,53.875153
O=C(O)c1ccccc1C(=O)Nc1ccc(S(=O)(=O)Nc2nccs2)cc1,chembl,-34.79553,1.9608955
CNC(=O)Oc1ccc2c(c1)[C@]1(C)CCN(C)[C@@H]1N2C,chembl,-42.600033,37.625504
CC1=C(C/C=C(\C)CCC[C@H](C)CCC[C@H](C)CCCC(C)C)C(=O)c2ccccc2C1=O,chembl,-15.875488,-0.6348495
O=S(=O)(O)Oc1ccc(C(c2ccc(OS(=O)(=O)O)cc2)c2ccccn2)cc1,chembl,-26.14996,9.740134
COc1ccc(C(=O)NCc2cccnc2)cc1C(=O)NCc1cccnc1,chembl,-46.591614,9.105566
O=C(O)CC[C@H](NC(=O)N[C@@H](CCCCNC(=O)c1ccc(F)nc1)C(=O)O)C(=O)O,chembl,-29.77857,27.53909
C/C(=N\O)c1ccc(OCC(=O)N2CCCCC2)cc1,chembl,-5.88672,31.88578
CC[C@@H]1C(=O)OC[C@@H]1Cc1cncn1C,chembl,-16.735954,36.05656
CC(C)COc1ccc(CNC(=O)N(Cc2ccc(F)cc2)C2CCN(C)CC2)cc1,chembl,-6.7227225,38.360786
CC[C@@H]1/C=C(\C)C[C@H](C)C[C@H](OC)[C@H]2O[C@@](O)(C(=O)C(=O)N3CCCC[C@H]3C(=O)O[C@H](/C(C)=C/[C@@H]3CC[C@H](Cl)[C@H](OC)C3)[C@H](C)[C@@H](O)CC1=O)[C@H](C)C[C@@H]2OC,chembl,-26.530968,51.424194
O=c1[nH]c2ccccc2n1C1CCN(CCCC(c2ccc(F)cc2)c2ccc(F)cc2)CC1,chembl,-51.712696,31.12528
CC(N/C(=N\C#N)Nc1ccncc1)C(C)(C)C,chembl,-12.661435,18.081848
CC(C)NCC(O)COc1cccc2[nH]ccc12,chembl,-25.182085,11.973976
CCc1ccc(CCOc2ccc(CC3SC(=O)NC3=O)cc2)nc1,chembl,-3.692396,36.074856
NC(=O)C1CCN(CCCN2c3ccccc3Sc3ccc(Cl)cc32)CC1,chembl,7.7022777,33.32073
CC(=O)c1ccc2c(c1)N(CCCN1CCC(CCO)CC1)c1ccccc1S2,chembl,8.7284565,34.179893
CCN1CCN(C(=O)N[C@@H](C(=O)N[C@@H]2C(=O)N3[C@@H]2SC(C)(C)[C@@H]3C(=O)O)c2ccccc2)C(=O)C1=O,chembl,-52.513683,44.111988
CCN1CCCC(OC(=O)C(c2ccccc2)c2ccccc2)C1,chembl,-39.59,24.320034
CCCCOCCOCCOCc1cc2c(cc1CCC)OCO2,chembl,17.943346,15.534794
O=C(CCBr)N1CCN(C(=O)CCBr)CC1,chembl,-26.528414,36.77325
CCCCCCCCCCCCCCCC(=O)OCCC1CCN(CCCN2c3ccccc3Sc3ccc(S(=O)(=O)N(C)C)cc32)CC1,chembl,9.371722,35.613464
NC(=O)CN1CCCC1=O,chembl,-26.46466,36.828182
CC(C)(C)NCC(O)c1ccc(O)c(CO)n1,chembl,-20.062658,16.559092
CN1CCN(CC(=O)N2c3ccccc3C(=O)Nc3cccnc32)CC1,chembl,-13.15987,37.42933
NS(=O)(=O)c1cc(C(=O)O)cc(N2CCCC2)c1Oc1ccccc1,chembl,-43.764366,23.534561
Cc1ccc(=O)n(-c2ccccc2)c1,chembl,-11.15535,9.049087
CN1C(C(=O)Nc2ccccn2)=C(O)c2ccccc2S1(=O)=O,chembl,-34.947372,3.715184
CC(C(=O)O)c1ccc(N2CC=CC2)c(Cl)c1,chembl,-48.653122,1.6619936
COc1ccc(F)cc1C(=O)NCc1ccc(-c2nn([C@@H](C)C(F)(F)F)c(N)c2C(N)=O)cc1,chembl,-48.156525,12.581301
O=C(O)C[C@H](O)C[C@H](O)/C=C/c1c(C2CC2)nc2ccccc2c1-c1ccc(F)cc1,chembl,-44.3227,17.393784
Clc1ccc(CCCOCCCN2CCCCC2)cc1,chembl,-53.083298,1.8782771
CC(C)(C)C(=O)OCOC(=O)[C@@H]1N2C(=O)[C@@H](NC(=O)[C@H](N)c3ccccc3)[C@H]2SC1(C)C,chembl,-53.15784,44.296146
NCCNc1ccc(NCCN)c2c1C(=O)c1ccncc1C2=O,chembl,-29.837612,-5.0154138
CN[C@@H]1[C@@H](O)[C@@H](O[C@@H]2[C@@H](O)[C@H](O[C@H]3OC(CNCCO)=CC[C@H]3N)[C@@H](N)C[C@H]2NC(=O)[C@@H](O)CCN)OC[C@]1(C)O,chembl,-29.078901,48.288525
c1cc(CN2CCCNCCNCCCNCC2)ccc1CN1CCCNCCNCCCNCC1,chembl,-22.835236,39.076336
COc1cc([C@@H]2c3cc4c(cc3[C@H](O)[C@H]3COC(=O)[C@H]23)OCO4)cc(OC)c1OC,chembl,-66.10162,13.063635
CCCCCCNC(=N)NC(=N)N,chembl,18.711063,13.596763
CN1C(CSCC(F)(F)F)Nc2cc(Cl)c(S(N)(=O)=O)cc2S1(=O)=O,chembl,-39.92337,-3.1394114
Nc1cccc2c1C(=O)N(C1CCC(=O)NC1=O)C2=O,chembl,-19.772705,-0.9267056
Cc1ccc(C(=O)Nc2ccc(CN3CCN(C)CC3)c(C(F)(F)F)c2)cc1C#Cc1cnc2cccnn12,chembl,-51.086193,18.218985
CCC/N=C1\S/C(=C\c2ccc(OC[C@H](O)CO)c(Cl)c2)C(=O)N1c1ccccc1C,chembl,14.518037,33.788242
CC[C@@H]([C@H](C)O)n1ncn(-c2ccc(N3CCN(c4ccc(OC[C@@H]5CO[C@@](Cn6cncn6)(c6ccc(F)cc6F)C5)cc4)CC3)cc2)c1=O,chembl,-59.14341,25.188927
CC(=O)Nc1ccc(OCC(O)CNC(C)C)cc1,chembl,-7.0516734,36.0345
C#CCC(Cc1cnc2nc(N)nc(N)c2n1)c1ccc(C(=O)N[C@@H](CCC(=O)O)C(=O)O)cc1,chembl,-30.252611,27.723412
CO[C@]1(C(=O)N[C@@H](C)c2ccc(-n3cc(F)cn3)nc2)CC[C@H](c2nc(C)cc(Nc3cc(C)[nH]n3)n2)CC1,chembl,-54.69913,23.617933
CCCN[C@H]1CCc2nc(N)sc2C1,chembl,-26.59021,41.67959
CCCCOc1ccc(OCCCN2CCOCC2)cc1,chembl,-4.6927776,32.023766
O=C(Nc1cccc2c(=O)cc(-c3nnn[nH]3)oc12)c1ccc(OCCCCc2ccccc2)cc1,chembl,-4.80471,29.55088
C[C@]12CC[C@H](O)CC1=CC[C@@H]1[C@@H]2CC[C@]2(C)C(=O)CC[C@@H]12,chembl,-23.932474,62.700455
CC(=O)Oc1cc2c(s1)CCN(C(C(=O)C1CC1)c1ccccc1F)C2,chembl,-43.14599,26.409845
CC[C@H](C)C(=O)O[C@H]1C[C@H](O)C=C2C=C[C@H](C)[C@H](CC[C@@H](O)C[C@@H](O)CC(=O)O)[C@H]21,chembl,-27.663977,33.30517
O=C1CN=C(c2ccccc2)c2cc(Cl)ccc2N1CC1CC1,chembl,-46.02163,-8.806643
O=C(C1CCCCC1)N1CC(=O)N2CCc3ccccc3C2C1,chembl,-44.09803,24.739515
COc1cc2nc(N3CCN(C(=O)c4ccco4)CC3)nc(N)c2cc1OC,chembl,-59.537914,12.336964
CCOC(=O)O[C@]1(C(=O)COC(=O)CC)CC[C@H]2[C@@H]3CCC4=CC(=O)C=C[C@]4(C)[C@H]3[C@@H](O)C[C@@]21C,chembl,-25.169926,71.091194
C[C@]12C=CC(=O)C=C1CC[C@@H]1[C@@H]2[C@@H](O)C[C@@]2(C)[C@H]1CC[C@]2(O)C(=O)CO,chembl,-26.693405,69.60504
CC(=O)OCC(=O)[C@@]1(O)CC[C@H]2[C@@H]3CCC4=CC(=O)C=C[C@]4(C)[C@H]3[C@@H](O)C[C@@]21C,chembl,-25.802864,70.19244
C[C@]12C=CC(=O)C=C1CC[C@@H]1[C@@H]2[C@@H](O)C[C@@]2(C)[C@H]1CC[C@]2(O)C(=O)COP(=O)(O)O,chembl,-26.05537,69.891075
CC(C)(C)CC(=O)OCC(=O)[C@@]1(O)CC[C@H]2[C@@H]3CCC4=CC(=O)C=C[C@]4(C)[C@H]3[C@@H](O)C[C@@]21C,chembl,-25.632658,70.566345
C[C@]12C=CC(=O)C=C1CC[C@@H]1[C@@H]2C(=O)C[C@@]2(C)[C@H]1CC[C@]2(O)C(=O)CO,chembl,-26.604696,69.075745
CC(C)C[C@H](CN)CC(=O)O,chembl,-25.287756,26.412153
CC(Cc1ccccc1)NCCC(c1ccccc1)c1ccccc1,chembl,-21.922205,10.015912
O=[N+]([O-])c1cn2c(n1)OC[C@@H](OCc1ccc(OC(F)(F)F)cc1)C2,chembl,-0.08755579,25.305183
CCCNC(C)C(=O)Nc1ccccc1C,chembl,-27.568823,15.980646
COc1cc(NC(C)CCCN)c2ncccc2c1,chembl,-44.288147,-17.914482
CCC1(c2ccccc2)C(=O)NCNC1=O,chembl,-13.930199,7.7328176
CCCN(CCC)S(=O)(=O)c1ccc(C(=O)O)cc1,chembl,-9.566054,26.09289
CC(C)(Sc1cc(C(C)(C)C)c(O)c(C(C)(C)C)c1)Sc1cc(C(C)(C)C)c(O)c(C(C)(C)C)c1,chembl,-17.181566,20.872063
CCN(CC)CCNC(=O)c1ccc(N)cc1,chembl,-9.946594,26.090395
CCN(CC)CCOC(=O)c1ccc(N)cc1,chembl,-10.175671,26.711246
CNNCc1ccc(C(=O)NC(C)C)cc1,chembl,-27.733528,20.515406
CN1CCN(CCCN2c3ccccc3Sc3ccc(Cl)cc32)CC1,chembl,7.766245,33.04628
OC(CCN1CCCC1)(c1ccccc1)C1CCCCC1,chembl,-42.24578,21.349457
CC(=O)[C@H]1CC[C@H]2[C@@H]3CCC4=CC(=O)CC[C@]4(C)[C@H]3CC[C@]12C,chembl,-23.581884,64.51511
CCCN(CCC)C(=O)C(CCC(=O)O)NC(=O)c1ccccc1,chembl,-31.242765,16.253359
CC(C)NC(=N)NC(=N)Nc1ccc(Cl)cc1,chembl,-44.651657,0.21404788
CN(C)CCCN1c2ccccc2Sc2ccccc21,chembl,10.869122,32.174812
CC(CN1c2ccccc2Sc2ccccc21)N(C)C,chembl,11.190865,32.069626
CC(C)NCC(O)c1ccc2ccccc2c1,chembl,-21.232069,14.1379175
CCCNCC(O)COc1ccccc1C(=O)CCc1ccccc1,chembl,-32.803757,15.337386
CCCOC(=O)Cc1ccc(OCC(=O)N(CC)CC)c(OC)c1,chembl,-44.048748,7.8075976
CCCOc1ccc(C(=O)OCCN(CC)CC)cc1N,chembl,-10.210176,27.501663
CCC(=O)c1ccc2c(c1)N(CC(C)N(C)C)c1ccccc1S2,chembl,11.055299,32.975704
CCCOC(C(=O)OC1CCN(C)CC1)(c1ccccc1)c1ccccc1,chembl,-40.53814,21.319056
CC(C)c1cccc(C(C)C)c1O,chembl,-22.75499,14.01759
CCCOc1cc(N)ccc1C(=O)OCCN(CC)CC,chembl,-10.212845,27.624899
CCC(=O)O[C@](Cc1ccccc1)(c1ccccc1)[C@H](C)CN(C)C,chembl,-32.648373,17.082819
CC(C)NCC(O)COc1cccc2ccccc12,chembl,-25.686308,-19.192457
CNC(C)CC1CCCCC1,chembl,-25.924019,42.29177
CCCOC(=O)Cn1cc(I)c(=O)c(I)c1,chembl,-19.953907,31.23692
CCCc1cc(=O)[nH]c(=S)[nH]1,chembl,-17.306034,38.014473
Cc1c(C(C)C)c(=O)n(-c2ccccc2)n1C,chembl,-11.393516,9.170489
CN(C)CCCN1c2ccccc2Sc2cccnc21,chembl,10.941666,32.13247
NC(=O)[C@@H]1CCCN1C(=O)[C@H](Cc1c[nH]cn1)NC(=O)[C@@H]1CCC(=O)N1,chembl,-50.47487,24.943222
CC(Cc1ccc2c(c1)OCO2)NCC(O)c1ccc(O)c(O)c1,chembl,-21.736698,16.492182
CNCCCC1c2ccccc2C=Cc2ccccc21,chembl,-14.656315,5.027345
C=CCC1(CC(C)O)C(=O)NC(=O)NC1=O,chembl,-16.818447,40.058395
COCCCN1CCC(NC(=O)c2cc(Cl)c(N)c3c2OCC3)CC1,chembl,-60.679935,14.250784
CN[C@@H](C)[C@@H](O)c1ccccc1,chembl,-23.279867,10.5014
CN1CCCN=C1/C=C/c1cccs1,chembl,-5.9825845,4.9578204
NC(=O)c1cnccn1,chembl,-20.378218,20.814165
Cc1ncc(CO)c(CO)c1O,chembl,-14.767918,18.435265
COc1ccc(CN(CCN(C)C)c2ccccn2)cc1,chembl,-18.699715,8.33676
CCc1nc(N)nc(N)c1-c1ccc(Cl)cc1,chembl,-47.95364,-1.8590268
[O-][n+]1ccccc1S,chembl,-9.735376,-1.6040457
Cc1ncc(CSSCc2cnc(C)c(O)c2CO)c(CO)c1O,chembl,-14.749504,18.434528
CCCC(C(=O)c1ccc(C)cc1)N1CCCC1,chembl,-23.968307,35.211006
Fc1ccccc1C1=NCC(=S)N(CC(F)(F)F)c2ccc(Cl)cc21,chembl,-47.511948,-7.6010294
OCCOCCN1CCN(C2=Nc3ccccc3Sc3ccccc32)CC1,chembl,7.745721,30.139057
CCN(CC)CCCC(C)Nc1c2ccc(Cl)cc2nc2ccc(OC)cc12,chembl,-53.058426,-2.2292519
CCCN1CC(NS(=O)(=O)N(CC)CC)CC2Cc3c(O)cccc3CC21,chembl,-41.741768,32.713993
CCOC(=O)[C@H](CCc1ccccc1)N[C@@H](C)C(=O)N1Cc2ccccc2C[C@H]1C(=O)O,chembl,-37.48513,24.703533
C#C[C@]1(O)CC[C@H]2[C@@H]3CCc4cc(OC5CCCC5)ccc4[C@H]3CC[C@@]21C,chembl,-18.552149,62.309376
CCC1NC(=O)c2cc(S(N)(=O)=O)c(Cl)cc2N1,chembl,-40.08979,-3.1464186
C=C[C@H]1CN2CC[C@H]1C[C@@H]2[C@@H](O)c1ccnc2ccc(OC)cc12,chembl,-60.280437,2.2570174
C=C[C@H]1CN2CC[C@H]1C[C@H]2[C@H](O)c1ccnc2ccc(OC)cc12,chembl,-60.280437,2.2570174
CC(C)(C)c1cc(NC(=O)Nc2ccc(-c3cn4c(n3)sc3cc(OCCN5CCOCC5)ccc34)cc2)no1,chembl,-52.680656,19.86794
COCCCOc1ccnc(C[S+]([O-])c2nc3ccccc3[nH]2)c1C,chembl,-33.403248,-11.216511
CC(=O)SCC(Cc1ccccc1)C(=O)NCC(=O)OCc1ccccc1,chembl,-32.941902,15.905959
O=C(c1ccc(OCCN2CCCCC2)cc1)c1c(-c2ccc(O)cc2)sc2cc(O)ccc12,chembl,-5.7468376,32.515003
Cc1nnc(C(=O)NC(C)(C)c2nc(C(=O)NCc3ccc(F)cc3)c(O)c(=O)n2C)o1,chembl,-47.306763,13.963052
Cc1nc(=O)c2cc(CN(C)c3ccc(C(=O)N[C@@H](CCC(=O)O)C(=O)O)s3)ccc2[nH]1,chembl,-31.740986,27.411324
O=C(O)CCn1c2c(c3ccccc31)C[C@H](NS(=O)(=O)c1ccc(F)cc1)CC2,chembl,-44.70055,26.91654
CCC(=O)NCC[C@@H]1CCc2ccc3c(c21)CCO3,chembl,-38.705875,32.89444
CCOC(=O)[C@H](CCc1ccccc1)N[C@@H](C)C(=O)N1[C@H](C(=O)O)C[C@@H]2CCC[C@@H]21,chembl,-37.64803,24.97612
Cn1cc(C(=O)[C@@H]2CCc3[nH]cnc3C2)c2ccccc21,chembl,-45.342304,27.330118
N#Cc1c(N(CC(=O)O)CC(=O)O)sc(C(=O)O)c1CC(=O)O,chembl,-27.041035,28.423435
CNC(=C[N+](=O)[O-])NCCSCc1ccc(CN(C)C)o1,chembl,1.3769094,22.174316
COc1ccccc1OCC(O)CN1CCN(CC(=O)Nc2c(C)cccc2C)CC1,chembl,-46.431362,10.814355
C#CCN[C@@H]1CCc2ccccc21,chembl,-14.125241,4.937014
CCOc1ccccc1OC(c1ccccc1)C1CNCCO1,chembl,-16.733044,8.883676
CNC(=O)c1cnn(-c2nc(N)c3ncn([C@@H]4O[C@H](CO)[C@@H](O)[C@H]4O)c3n2)c1,chembl,-36.846962,46.540146
CNC(=O)c1cc(Oc2ccc(NC(=O)Nc3ccc(Cl)c(C(F)(F)F)c3)c(F)c2)ccn1,chembl,-53.867943,11.033972
O=C(NC1CCNCC1)[C@@H]1CC[C@@H]2CN1C(=O)N2OS(=O)(=O)O,chembl,-33.147263,39.586697
CONC(=O)Nc1ccc(-c2sc3c(c2CN(C)C)c(=O)n(-c2ccc(OC)nn2)c(=O)n3Cc2c(F)cccc2F)cc1,chembl,-49.11661,13.9224
CCC(CC)COC(=O)[C@H](C)N[P@](=O)(OC[C@H]1O[C@@](C#N)(c2ccc3c(N)ncnn23)[C@H](O)[C@@H]1O)Oc1ccccc1,chembl,-36.620014,17.29351
CCC(=O)N(c1ccccc1)C1(C(=O)OC)CCN(CCC(=O)OC)CC1,chembl,-39.114132,20.465874
COC(=O)CC[C@@H]1N=C(c2ccccn2)c2cc(Br)ccc2-n2c(C)cnc21,chembl,-51.246433,14.537595
CCN1CCC[C@H]1CNC(=O)c1c(OC)ccc(Br)c1OC,chembl,-61.777634,12.523517
CCOc1cc(CC(=O)N[C@@H](CC(C)C)c2ccccc2N2CCCCC2)ccc1C(=O)O,chembl,-38.65677,23.90928
C[C@H]1CNC(=O)c2cnn3ccc(nc23)N[C@H](C)c2cc(F)ccc2O1,chembl,-60.004147,27.516481
COC(=O)[C@H]1[C@H]2C[C@@H]3c4[nH]c5cc(OC)ccc5c4CCN3C[C@H]2C[C@@H](OC(=O)/C=C/c2cc(OC)c(OC)c(OC)c2)[C@@H]1OC,chembl,-64.59812,15.836603
COC(=O)[C@H]1[C@H]2C[C@@H]3c4[nH]c5cc(OC)ccc5c4CCN3C[C@H]2C[C@@H](OC(=O)c2cc(OC)c(OC)c(OC)c2)[C@@H]1OC,chembl,-64.58754,15.859954
CC(C)c1cc(Oc2c(Cl)cc(-n3nc(C#N)c(=O)[nH]c3=O)cc2Cl)n[nH]c1=O,chembl,-1.9181592,10.332763
C=C[C@]1(C)C[C@@H](OC(=O)CS[C@@H]2C[C@H]3CC[C@@H](C2)N3C)[C@]2(C)[C@H](C)CC[C@]3(CCC(=O)[C@H]32)[C@@H](C)[C@@H]1O,chembl,-26.08252,53.83524
CC1=C(/C=C/C(C)=C/C=C/C(C)=C/CO)C(C)(C)CCC1,chembl,-21.724445,45.59791
CN(CCN1CCC(OC(=O)Nc2ccccc2-c2ccccc2)CC1)C(=O)c1ccc(CN2CCC(C(N)=O)CC2)cc1,chembl,-38.930923,22.049383
CCN(C(=O)c1cc(F)ccc1Oc1cncnc1N1CC2(CCN(C[C@H]3CC[C@H](NS(=O)(=O)CC)CC3)CC2)C1)C(C)C,chembl,-55.49125,23.183203
NC(=O)c1ncn([C@@H]2O[C@H](CO)[C@@H](O)[C@H]2O)n1,chembl,-36.328423,46.418823
CN(C)C(=O)c1cc2cnc(Nc3ccc(N4CCNCC4)cn3)nc2n1C1CCCC1,chembl,-48.82699,24.048159
Cc1cc2nc3c(=O)[nH]c(=O)nc-3n(C[C@H](O)[C@H](O)[C@H](O)CO)c2cc1C,chembl,-12.137831,34.937717
Cc1cc2nc3c(=O)[nH]c(=O)nc-3n(C[C@H](O)[C@H](O)[C@H](O)COP(=O)(O)O)c2cc1C,chembl,-12.135998,34.971367
CO[C@H]1/C=C/O[C@@]2(C)Oc3c(C)c(O)c4c(c3C2=O)C2=NC3(CCN(CC(C)C)CC3)NC2=C(NC(=O)/C(C)=C\C=C\[C@H](C)[C@H](O)[C@@H](C)[C@@H](O)[C@@H](C)[C@H](OC(C)=O)[C@@H]1C)C4=O,chembl,-24.971209,51.55322
CO[C@H]1/C=C/O[C@@]2(C)Oc3c(C)c(O)c4c(O)c(c(/C=N/N5CCN(C)CC5)c(O)c4c3C2=O)NC(=O)/C(C)=C\C=C\[C@H](C)[C@H](O)[C@@H](C)[C@@H](O)[C@@H](C)[C@H](OC(C)=O)[C@@H]1C,chembl,-24.843714,51.59339
CO[C@H]1/C=C/O[C@@]2(C)Oc3c(C)c(O)c4c(O)c(cc(O)c4c3C2=O)NC(=O)/C(C)=C\C=C\[C@H](C)[C@H](O)[C@@H](C)[C@@H](O)[C@@H](C)[C@H](OC(C)=O)[C@@H]1C,chembl,-24.536564,51.562325
CO[C@H]1/C=C/O[C@@]2(C)Oc3c(C)c(O)c4c(O)c(c(/C=N/N5CCN(C6CCCC6)CC5)c(O)c4c3C2=O)NC(=O)/C(C)=C\C=C\[C@H](C)[C@H](O)[C@@H](C)[C@@H](O)[C@@H](C)[C@H](OC(C)=O)[C@@H]1C,chembl,-24.889523,51.601406
CO[C@H]1/C=C/O[C@@]2(C)Oc3c(C)c(O)c4c(O)c(c5c(nc6cc(C)ccn65)c4c3C2=O)NC(=O)/C(C)=C\C=C\[C@H](C)[C@H](O)[C@@H](C)[C@@H](O)[C@@H](C)[C@H](OC(C)=O)[C@@H]1C,chembl,-24.466053,51.53762
C1COC(NC(C2CC2)C2CC2)=N1,chembl,-26.431877,42.744507
Cc1cc(/C=C/C#N)cc(C)c1Nc1ccnc(Nc2ccc(C#N)cc2)n1,chembl,8.045153,-4.759292
Nc1nc2ccc(OC(F)(F)F)cc2s1,chembl,-6.269461,-14.582109
CC(N)C12CC3CC(CC(C3)C1)C2,chembl,-25.825233,43.570618
N[C@@H]1c2cccnc2[C@H](OC(=O)N2CCC(n3c(=O)[nH]c4ncccc43)CC2)CC[C@H]1c1cccc(F)c1F,chembl,-52.03711,24.505512
CCC(=O)[C@@]1(C)[C@H](C)C[C@H]2[C@@H]3CCC4=CC(=O)C=C[C@]4(C)[C@H]3[C@@H](O)C[C@@]21C,chembl,-27.087442,69.910774
Cc1c(C(=O)NN2CCCCC2)nn(-c2ccc(Cl)cc2Cl)c1-c1ccc(Cl)cc1,chembl,-50.345707,0.42601907
COC(=O)N(C)c1c(N)nc(-c2nn(Cc3ccccc3F)c3ncccc23)nc1N,chembl,-49.62726,12.936959
CCn1c(=O)c(-c2cc(NC(=O)Nc3ccccc3)c(F)cc2Br)cc2cnc(NC)cc21,chembl,-50.390327,13.405686
Cc1cn2nc(-c3cc(=O)n4cc(N5CCNC6(CC6)C5)ccc4n3)cc(C)c2n1,chembl,-47.684433,24.226683
O=P(O)(O)C(O)(Cc1cccnc1)P(=O)(O)O,chembl,-19.645336,18.884521
Cc1nc2n(c(=O)c1CCN1CCC(c3noc4cc(F)ccc34)CC1)CCCC2,chembl,-60.612457,31.046461
C=CC(=O)N1C[C@H](Nc2ncnc3[nH]ccc23)CC[C@@H]1C,chembl,-50.570454,24.330658
CC(NCCc1ccc(O)cc1)C(O)c1ccc(O)cc1,chembl,-22.426538,16.528421
CC(C)c1nc(CN(C)C(=O)N[C@H](C(=O)N[C@@H](Cc2ccccc2)C[C@H](O)[C@H](Cc2ccccc2)NC(=O)OCc2cncs2)C(C)C)cs1,chembl,-35.06792,17.022974
O=C(NC[C@H]1CN(c2ccc(N3CCOCC3=O)cc2)C(=O)O1)c1ccc(Cl)s1,chembl,-55.01031,28.464617
CCN(C)C(=O)Oc1cccc([C@H](C)N(C)C)c1,chembl,-24.737673,14.124799
CN(C)CCc1c[nH]c2ccc(Cn3cncn3)cc12,chembl,-21.243338,40.569862
CS(=O)(=O)c1ccc(C2=C(c3ccccc3)C(=O)OC2)cc1,chembl,-19.334776,-7.298817
O=C(Nc1c(Cl)cncc1Cl)c1ccc(OC(F)F)c(OCC2CC2)c1,chembl,-54.209595,13.275877
C[C@@H](OC[C@@]1(c2ccccc2)CC[C@]2(CCC(=O)N2)CN1)c1cc(C(F)(F)F)cc(C(F)(F)F)c1,chembl,-14.707069,8.343212
C/C=C1\NC(=O)[C@H]2CSSCC/C=C/[C@H](CC(=O)N[C@H](C(C)C)C(=O)N2)OC(=O)[C@H](C(C)C)NC1=O,chembl,-18.036139,40.710987
CCCN(CCC)CCc1cccc2c1CC(=O)N2,chembl,-19.109093,39.092365
CCCN1CCCC[C@H]1C(=O)Nc1c(C)cccc1C,chembl,-41.421978,31.530024
O=C(O)c1c(Cl)c(Cl)c(Cl)c(Cl)c1-c1c2cc(I)c(=O)c(I)c-2oc2c(I)c(O)c(I)cc12,chembl,-39.753212,-33.44458
CN(CCOc1ccc(CC2SC(=O)NC2=O)cc1)c1ccccn1,chembl,-3.6855245,36.12015
CC(C)c1nc(N(C)S(C)(=O)=O)nc(-c2ccc(F)cc2)c1/C=C/[C@@H](O)C[C@@H](O)CC(=O)O,chembl,-44.771767,17.337778
CCCN(CCc1cccs1)[C@H]1CCc2c(O)cccc2C1,chembl,-39.879333,33.293316
Cc1nc(C(=O)NCC(=O)O)c(O)c2ccc(Oc3ccccc3)cc12,chembl,-37.524925,7.5511274
CNCc1ccc(-c2[nH]c3cc(F)cc4c3c2CCNC4=O)cc1,chembl,-33.571354,32.46991
CC1(C)[C@@H]2CC[C@@]1(CS(=O)(=O)O)C(=O)C2,chembl,-25.04905,47.383255
NC(=O)c1cn(Cc2c(F)cccc2F)nn1,chembl,-48.52664,14.860668
Cc1cncc(CN2CCC(=C3c4ccc(Cl)cc4CCc4cccnc43)CC2)c1,chembl,-48.607723,-5.6292605
N#CC[C@H](C1CCCC1)n1cc(-c2ncnc3[nH]ccc23)cn1,chembl,-50.446743,22.717743
CCOC(=O)[C@H](C)C[C@@H](Cc1ccc(-c2ccccc2)cc1)NC(=O)CCC(=O)O,chembl,-33.2743,15.070953
C[C@H](NCc1ccc(OCc2cccc(F)c2)cc1)C(N)=O,chembl,-7.5529723,37.382378
O=C(O)c1ccccc1O,chembl,-30.057394,10.296704
OCc1cc(C(O)CNCCCCCCOCCCCc2ccccc2)ccc1O,chembl,-24.592506,15.884606
NC(=O)c1ccc2c(c1O)[C@]13CCN(CC4CC4)[C@H](C2)[C@]1(O)CCC(=O)C3,chembl,-14.321508,55.988148
C[C@H](O)[C@H](O)[C@H]1CNc2nc(N)[nH]c(=O)c2N1,chembl,-35.23684,41.892517
C[C@H](O)[C@H](O)[C@H]1CNc2[nH]c(N)nc(=O)c2N1,chembl,-35.24372,41.94923
CC(C)(C)NC(=O)[C@@H]1C[C@@H]2CCCC[C@@H]2CN1C[C@@H](O)[C@H](Cc1ccccc1)NC(=O)[C@H](CC(N)=O)NC(=O)c1ccc2ccccc2n1,chembl,-38.35901,27.317
CNCC(=O)N[C@@H](CCCNC(=N)N)C(=O)N[C@H](C(=O)N[C@@H](Cc1ccc(O)cc1)C(=O)N[C@H](C(=O)N[C@@H](Cc1cnc[nH]1)C(=O)N1CCC[C@H]1C(=O)N[C@@H](C)C(=O)O)C(C)C)C(C)C,chembl,-37.14107,27.436022
CON(C)Cc1ccc(O)c2c1C[C@H]1C[C@H]3[C@H](N(C)C)C(O)=C(C(N)=O)C(=O)[C@@]3(O)C(O)=C1C2=O,chembl,-37.354286,55.561253
N#C[C@@H]1C[C@@H]2C[C@@H]2N1C(=O)[C@@H](N)C12CC3CC(CC(O)(C3)C1)C2,chembl,-28.872677,39.083027
CN1[C@@H]2C[C@@H](OC(=O)[C@H](CO)c3ccccc3)C[C@H]1[C@@H]1O[C@@H]12,chembl,-40.343563,24.675104
Cc1ncc([N+](=O)[O-])n1CC(C)O,chembl,-0.2785055,22.699678
C=CCC1(C(C)CCC)C(=O)NC(=O)NC1=O,chembl,-16.40217,39.6651
C=C1C[C@H]2[C@@H]3CCC4=CC(=O)CC[C@@H]4[C@H]3CC[C@]2(C)[C@@]1(OC(C)=O)C(C)=O,chembl,-22.881271,64.82544
CCO[C@H](COc1ccc(C(F)(F)F)cc1)CSc1ccc(OCC(=O)O)c(C)c1,chembl,-30.167757,19.635986
C#CCN(C)[C@H](C)Cc1ccccc1,chembl,-20.971855,8.74429
C[Se]CC[C@H](N)C(=O)O,chembl,-25.481636,26.416271
CC(C)N(CCCCOCC(=O)NS(C)(=O)=O)c1cnc(-c2ccccc2)c(-c2ccccc2)n1,chembl,-34.834476,16.348537
O=C(/C=C\n1cnc(-c2cc(C(F)(F)F)cc(C(F)(F)F)c2)n1)NNc1cnccn1,chembl,-50.35739,16.652132
COc1ccc(CN2C3CC2CN(c2ccc(-c4cc(OCC(C)(C)O)cn5ncc(C#N)c45)cn2)C3)cn1,chembl,-61.736534,6.005178
Cn1cnc2c(F)c(Nc3ccc(Br)cc3Cl)c(C(=O)NOCCO)cc21,chembl,-51.510605,12.599691
CC1=C(C)C(=O)C(C(CCCCCC(=O)O)c2ccccc2)=C(C)C1=O,chembl,-30.366278,15.354818
Clc1ccc(C(Cn2ccnc2)OCc2csc3c(Cl)cccc23)c(Cl)c1,chembl,-50.79995,-3.0598576
O=C1NCCN1CCN1CCC(c2cn(-c3ccc(F)cc3)c3ccc(Cl)cc23)CC1,chembl,-59.49225,29.7412
CN[C@H]1CC[C@@H](c2ccc(Cl)c(Cl)c2)c2ccccc21,chembl,-44.750378,-4.4509006
FCOC(C(F)(F)F)C(F)(F)F,chembl,-13.954099,24.328884
CC(C)CC(N(C)C)C1(c2ccc(Cl)cc2)CCC1,chembl,-46.818085,-1.3655022
CCCc1nn(C)c2c(=O)[nH]c(-c3cc(S(=O)(=O)N4CCN(C)CC4)ccc3OCC)nc12,chembl,-10.881506,37.187725
C[C@H](Cc1cc2c(c(C(N)=O)c1)N(CCCO)CC2)NCCOc1ccccc1OCC(F)(F)F,chembl,-34.762222,22.10145
COc1ccc2c(O[C@@H]3C[C@H]4C(=O)N[C@]5(C(=O)NS(=O)(=O)C6CC6)C[C@H]5/C=C\CCCCN(C)C(=O)[C@@H]4C3)cc(-c3nc(C(C)C)cs3)nc2c1C,chembl,-59.448727,13.534094
CCC(C)(C)C(=O)O[C@H]1C[C@@H](C)C=C2C=C[C@H](C)[C@H](CC[C@@H]3C[C@@H](O)CC(=O)O3)[C@H]21,chembl,-28.500265,50.510212
CCc1cc(/C(C)=N/OCc2ccc(C3CCCCC3)c(C(F)(F)F)c2)ccc1CN1CC(C(=O)O)C1,chembl,-56.605515,21.186565
CO[C@H]1C[C@@H]2CC[C@@H](C)[C@@](O)(O2)C(=O)C(=O)N2CCCC[C@H]2C(=O)O[C@H]([C@H](C)C[C@@H]2CC[C@@H](O)[C@H](OC)C2)CC(=O)[C@H](C)/C=C(\C)[C@@H](O)[C@@H](OC)C(=O)[C@H](C)C[C@H](C)/C=C/C=C/C=C/1C,chembl,-26.44373,51.50626
N[C@@H](CC(=O)N1CCn2c(nnc2C(F)(F)F)C1)Cc1cc(F)c(F)cc1F,chembl,-56.53539,24.86681
Cc1cc2c(cc1CC(=O)c1sccc1S(=O)(=O)Nc1onc(C)c1Cl)OCO2,chembl,-52.27054,10.14357
CC(C)OC(=O)[C@H](C)N[P@](=O)(OC[C@H]1O[C@@H](n2ccc(=O)[nH]c2=O)[C@](C)(F)[C@@H]1O)Oc1ccccc1,chembl,-40.59428,27.575502
O=C(O[C@H]1CN2CCC1CC2)N1CCc2ccccc2[C@@H]1c1ccccc1,chembl,-43.966263,24.719522
NC(=O)OC[C@H](N)Cc1ccccc1,chembl,-31.89324,14.013604
Cc1c(C(=O)Nc2ccc(N3C[C@@H](C)O[C@@H](C)C3)nc2)cccc1-c1ccc(OC(F)(F)F)cc1,chembl,-53.921246,20.837927
CNC(=O)c1cc(Oc2ccc(NC(=O)Nc3ccc(Cl)c(C(F)(F)F)c3)cc2)ccn1,chembl,-53.903774,11.019493
OC[C@@H](O)[C@@H](O)[C@H](O)[C@@H](O)CO,chembl,-17.266436,24.029797
O=c1[nH]c(=O)n([C@@H]2O[C@H](CO)[C@@H](O)[C@@H]2O)cc1/C=C/Br,chembl,-33.443382,45.24817
CCOc1ccc(Cc2cc([C@@H]3O[C@H](SC)[C@@H](O)[C@H](O)[C@H]3O)ccc2Cl)cc1,chembl,-43.63234,43.192295
CC(C)NCC(O)c1ccc(NS(C)(=O)=O)cc1,chembl,-21.873405,17.95339
C=CC(=O)N1CCN(c2nc(=O)n(-c3c(C)ccnc3C(C)C)c3nc(-c4c(O)cccc4F)c(F)cc23)[C@@H](C)C1,chembl,-54.248825,24.248835
C[C@@H]1CN(c2c(F)c(N)c3c(=O)c(C(=O)O)cn(C4CC4)c3c2F)C[C@H](C)N1,chembl,-56.881153,31.47622
CCCCC1=NC2(CCCC2)C(=O)N1Cc1ccc(-c2ccccc2S(=O)(=O)Nc2noc(C)c2C)c(COCC)c1,chembl,16.056488,23.91009
C1CCN2C[C@@H]3C[C@@H](CN4CCCC[C@@H]34)[C@H]2C1,chembl,-25.124575,40.02048
CN[C@@H]1[C@H](O)[C@H](NC)[C@H]2O[C@@]3(O)C(=O)C[C@@H](C)O[C@H]3O[C@@H]2[C@H]1O,chembl,-25.613167,46.914993
CC[C@H]1CCC[C@H](O[C@H]2CC[C@H](N(C)C)[C@@H](C)O2)[C@@H](C)C(=O)C2=C[C@@H]3[C@@H](C=C(C)[C@@H]4C[C@@H](O[C@@H]5O[C@@H](C)[C@H](OC)[C@@H](OC)[C@H]5OC)C[C@@H]34)[C@@H]2CC(=O)O1,chembl,-27.863365,50.882736
CCOC(=O)[C@H](CCc1ccccc1)N[C@@H](C)C(=O)N1CC2(C[C@H]1C(=O)O)SCCS2,chembl,-37.460766,24.63125
CC(=O)S[C@@H]1CC2=CC(=O)CC[C@]2(C)[C@H]2CC[C@@]3(C)[C@@H](CC[C@@]34CCC(=O)O4)[C@H]12,chembl,-23.553598,64.02517
C[C@]12Cc3c[nH]nc3C[C@@H]1CC[C@@H]1[C@@H]2CC[C@@]2(C)[C@H]1CC[C@]2(C)O,chembl,-22.313023,61.56502
Cc1cn([C@H]2C=C[C@@H](CO)O2)c(=O)[nH]c1=O,chembl,-32.77026,44.340237
CC(C)(C)C(O)/C=C/c1ccc2c(c1)OCO2,chembl,-2.2435133,2.3340821
CN[C@@H]1[C@H](O[C@H]2[C@H](O[C@H]3[C@H](O)[C@@H](O)[C@H](N=C(N)N)[C@@H](O)[C@@H]3N=C(N)N)O[C@@H](C)[C@]2(O)C=O)O[C@@H](CO)[C@H](O)[C@H]1O,chembl,-29.856512,47.516235
CN(N=O)C(=O)N[C@@H](C=O)[C@@H](O)[C@H](O)[C@H](O)CO,chembl,-21.802317,25.071024
O=C(O)[C@@H](S)[C@@H](S)C(=O)O,chembl,-25.335627,25.22096
CCC(=O)N(c1ccccc1)C1(COC)CCN(CCc2cccs2)CC1,chembl,-39.05085,20.41565
CC1(C)[C@H](C(=O)O)N2C(=O)C[C@H]2S1(=O)=O,chembl,-30.94755,38.155884
Clc1ccc(CSC(Cn2ccnc2)c2ccc(Cl)cc2Cl)cc1,chembl,-50.447994,-3.2671924
Nc1ccc(S(=O)(=O)NC(=O)c2ccccc2)cc1,chembl,-34.004597,-1.5745748
NC(=O)NS(=O)(=O)c1ccc(N)cc1,chembl,-34.088608,-2.9617763
CC(=O)NS(=O)(=O)c1ccc(N)cc1,chembl,-34.231693,-3.0756853
CCn1ccc(NS(=O)(=O)c2ccc(N)cc2)nc1=O,chembl,-33.506893,-5.011659
Nc1ccc(S(=O)(=O)Nc2ncccn2)cc1,chembl,-33.21478,-4.5716267
CC(C)=CC(=O)NS(=O)(=O)c1ccc(N)cc1,chembl,-34.268658,-3.0242324
COc1cc(NS(=O)(=O)c2ccc(N)cc2)nc(OC)n1,chembl,-34.51331,-5.650193
COc1ncnc(NS(=O)(=O)c2ccc(N)cc2)c1OC,chembl,-34.43012,-5.8514633
N=C(N)NS(=O)(=O)c1ccc(N)cc1,chembl,-33.933792,-3.037119
COc1nccnc1NS(=O)(=O)c1ccc(N)cc1,chembl,-34.380085,-5.8230467
Cc1ccnc(NS(=O)(=O)c2ccc(N)cc2)n1,chembl,-33.913086,-4.9062705
COc1cnc(NS(=O)(=O)c2ccc(N)cc2)nc1,chembl,-34.45656,-5.9665947
Cc1cc(C)nc(NS(=O)(=O)c2ccc(N)cc2)n1,chembl,-34.20405,-4.828336
Cc1nnc(NS(=O)(=O)c2ccc(N)cc2)s1,chembl,-34.232937,-4.4031444
Cc1cc(NS(=O)(=O)c2ccc(N)cc2)no1,chembl,-34.450665,-4.5607204
COc1ccc(NS(=O)(=O)c2ccc(N)cc2)nn1,chembl,-34.440144,-5.748497
Nc1ccc(S(N)(=O)=O)cc1,chembl,-33.474667,-2.9397304
Nc1ccc(S(=O)(=O)Nc2ccnn2-c2ccccc2)cc1,chembl,-32.655388,-4.452702
Nc1ccc(S(=O)(=O)Nc2ccccn2)cc1,chembl,-33.076725,-4.5846014
O=C(O)c1cc(/N=N/c2ccc(S(=O)(=O)Nc3ccccn3)cc2)ccc1O,chembl,-30.154789,7.956827
Nc1ccc(S(=O)(=O)Nc2nccs2)cc1,chembl,-33.375443,-4.3698792
O=C1C(CC[S+]([O-])c2ccccc2)C(=O)N(c2ccccc2)N1c1ccccc1,chembl,-12.167103,8.302683
Cc1cc(NS(=O)(=O)c2ccc(N)cc2)nc(C)n1,chembl,-34.300285,-4.816351
Cc1noc(NS(=O)(=O)c2ccc(N)cc2)c1C,chembl,-34.35707,-4.4608307
CC(=O)N(c1onc(C)c1C)S(=O)(=O)c1ccc(N)cc1,chembl,-34.67387,-3.821171
O=S(O)CNc1ccc(S(=O)(=O)c2ccc(NCS(=O)O)cc2)cc1,chembl,-34.54224,-2.4232416
S1SSSSSSS1,chembl,-15.172546,22.574772
FS(F)(F)(F)(F)F,chembl,-14.620428,22.87303
CC1=C(CC(=O)O)c2cc(F)ccc2/C1=C\c1ccc([S+](C)[O-])cc1,chembl,-32.509556,31.374784
CCCCCCCCNC(C)C(O)c1ccc(SC(C)C)cc1,chembl,18.302807,13.133111
CCC(CC)C(=O)OCOC(=O)C1=C(S[C@H]2CC[S+]([O-])C2)S[C@@H]2[C@@H]([C@@H](C)O)C(=O)N12,chembl,-27.054754,34.6998
CCN1CCCC1CNC(=O)c1cc(S(N)(=O)=O)ccc1OC,chembl,-61.578075,13.117485
NS(=O)(=O)c1ccc(N2CCCCS2(=O)=O)cc1,chembl,-32.657887,-1.8289486
CNS(=O)(=O)Cc1ccc2[nH]cc(CCN(C)C)c2c1,chembl,-21.227186,40.681816
CCN(CC)CCNC(=O)c1c(C)[nH]c(/C=C2\C(=O)Nc3ccc(F)cc32)c1C,chembl,-32.776585,31.668186
CC(C(=O)O)c1ccc(C(=O)c2cccs2)cc1,chembl,-27.96927,11.906486
Cc1ccc(-n2nccn2)c(C(=O)N2CCN(c3nc4cc(Cl)ccc4o3)CC[C@H]2C)c1,chembl,-50.4088,0.42509213
CCCCC1(COC(=O)CCC(=O)O)C(=O)N(c2ccccc2)N(c2ccccc2)C1=O,chembl,-10.3037195,42.337696
C=C1/C(=C\C=C2/CCC[C@]3(C)[C@@H]([C@H](C)CC[C@@H](O)C(C)C)CC[C@@H]23)C[C@@H](O)C[C@@H]1O,chembl,-20.84751,54.798546
Nc1c2c(nc3ccccc13)CCCC2,chembl,-9.694099,-21.807533
C=CC[C@@H]1/C=C(\C)C[C@H](C)C[C@H](OC)[C@H]2O[C@@](O)(C(=O)C(=O)N3CCCC[C@H]3C(=O)O[C@H](/C(C)=C/[C@@H]3CC[C@@H](O)[C@H](OC)C3)[C@H](C)[C@@H](O)CC1=O)[C@H](C)C[C@@H]2OC,chembl,-26.506313,51.4444
CN1CC(=O)N2[C@H](c3ccc4c(c3)OCO4)c3[nH]c4ccccc4c3C[C@@H]2C1=O,chembl,-46.153168,29.378017
O=C(O)c1ccc2nc(-c3cc(Cl)cc(Cl)c3)oc2c1,chembl,-46.54628,-14.651758
COc1cc(C)c2c(Oc3cccc(C(F)(F)F)c3)c(OC)cc(NC(C)CCCN)c2n1,chembl,-44.381386,-17.729424
CC(C)OC(=O)CCC/C=C\C[C@@H]1[C@@H](/C=C/C(F)(F)COc2ccccc2)[C@H](O)C[C@@H]1O,chembl,-34.830353,24.171272
C=Cc1c(C)c2cc3nc(c(CC(=O)N[C@@H](CC(=O)O)C(=O)O)c4[nH]c(cc5nc(cc1[nH]2)C(C)=C5CC)c(C)c4C(=O)O)[C@@H](CCC(=O)O)[C@@H]3C,chembl,-29.585476,30.125898
Cn1ncnc1[C@H]1c2n[nH]c(=O)c3cc(F)cc(c23)N[C@@H]1c1ccc(F)cc1,chembl,-60.907364,28.391787
C=CCC1(C(C)CC)C(=O)NC(=O)NC1=O,chembl,-16.628416,39.56435
CC1(C)CCC(C)(C)c2cc(NC(=O)c3ccc(C(=O)O)cc3)ccc21,chembl,-25.598728,18.347342
CC/C(=C(\c1ccccc1)c1ccc(OCCN(C)C)cc1)c1ccccc1,chembl,-6.0339365,24.541481
CCOc1ccccc1OCCN[C@H](C)Cc1ccc(OC)c(S(N)(=O)=O)c1,chembl,-45.197662,9.8011465
CC[C@@H](c1cccc(O)c1)[C@@H](C)CN(C)C,chembl,-23.08894,14.081021
CC(C)c1c(O)cc(/C=C/c2ccccc2)cc1O,chembl,-3.7291813,-1.6483264
CCC(=O)NC[C@@H]1C[C@H]1c1cccc2c1CCO2,chembl,-38.88917,32.70817
O=S1(=O)CCN(CN2CCS(=O)(=O)NC2)CN1,chembl,-24.15722,38.310486
C[C@H](CCC(=O)NCCS(=O)(=O)O)[C@H]1CC[C@H]2[C@@H]3[C@@H](O)C[C@@H]4C[C@H](O)CC[C@]4(C)[C@H]3CC[C@]12C,chembl,-22.501562,55.66332
OB1OCc2cc(F)ccc21,chembl,-24.2019,-4.498046
CCOC(=O)c1ccc(C#Cc2ccc3c(c2)C(C)(C)CCS3)nc1,chembl,-9.234023,23.252062
CCN(c1cc(-c2ccc(CN3CCOCC3)cc2)cc(C(=O)NCc2c(C)cc(C)[nH]c2=O)c1C)C1CCOCC1,chembl,-37.50311,33.746284
C[C@]1(Cn2ccnn2)[C@H](C(=O)O)N2C(=O)C[C@H]2S1(=O)=O,chembl,-31.014494,38.19045
O=C(NN1C(=O)[C@@H]2[C@@H]3C=C[C@@H]([C@H]4C[C@@H]34)[C@@H]2C1=O)c1ccc(C(F)(F)F)cc1,chembl,-49.410923,30.49547
Cn1nnc(-c2ccc(-c3ccc(N4C[C@H](CO)OC4=O)cc3F)cn2)n1,chembl,-60.879448,25.919989
Cn1nnc(-c2ccc(-c3ccc(N4C[C@H](COP(=O)(O)O)OC4=O)cc3F)cn2)n1,chembl,-60.850517,25.893488
O=c1[nH]c(=O)n(C2CCCO2)cc1F,chembl,-59.439175,28.273462
CCCCCNC(=N)N/N=C/c1c[nH]c2ccc(OC)cc12,chembl,-38.741165,-27.090685
CCC[C@H](NC(=O)[C@@H]1[C@H]2CCC[C@H]2CN1C(=O)[C@@H](NC(=O)[C@@H](NC(=O)c1cnccn1)C1CCCCC1)C(C)(C)C)C(=O)C(=O)NC1CC1,chembl,-50.97389,25.613474
Cc1cn([C@@H]2C[C@@H](O)[C@H](CO)O2)c(=O)[nH]c1=O,chembl,-32.871117,44.767612
CC[C@H]1OC(=O)[C@H](C)C(=O)[C@H](C)[C@@H](O[C@@H]2O[C@H](C)C[C@H](N(C)C)[C@H]2O)[C@](C)(OC)C[C@@H](C)C(=O)[C@H](C)[C@H]2N(CCCCn3cnc(-c4cccnc4)c3)C(=O)O[C@]12C,chembl,-29.759504,54.01332
CCCc1nc2c(C)cc(-c3nc4ccccc4n3C)cc2n1Cc1ccc(-c2ccccc2C(=O)O)cc1,chembl,-38.549313,11.40908
Cc1ccn(-c2cc(Cl)ccc2[C@@H](Oc2cc(-c3ccc(C[C@H](N)C(=O)O)cc3)nc(N)n2)C(F)(F)F)n1,chembl,-52.86964,-7.167133
CCOC(=O)[C@@H](N)Cc1ccc(-c2cc(O[C@H](c3ccc(Cl)cc3-n3ccc(C)n3)C(F)(F)F)nc(N)n2)cc1,chembl,-52.95631,-7.1630654
CC1CN(c2cc3c(cc2F)c(=O)c(C(=O)O)cn3-c2ccc(F)cc2F)CCN1,chembl,-57.26287,31.13946
CN1C(=O)C(O)N=C(c2ccccc2)c2cc(Cl)ccc21,chembl,-45.7656,-8.490983
Oc1cccc(-c2c3nc(c(-c4cccc(O)c4)c4ccc([nH]4)c(-c4cccc(O)c4)c4nc(c(-c5cccc(O)c5)c5ccc2[nH]5)CC4)C=C3)c1,chembl,-11.851307,-13.916658
Cn1nnc2c(C(N)=O)ncn2c1=O,chembl,-15.33887,31.651735
Cc1cc(N2CCN([C@@H]3CN[C@H](C(=O)N4CCSC4)C3)CC2)n(-c2ccccc2)n1,chembl,-46.741245,24.48318
COc1cc([C@@H]2c3cc4c(cc3[C@@H](O[C@@H]3O[C@@H]5CO[C@@H](c6cccs6)O[C@H]5[C@H](O)[C@H]3O)[C@H]3COC(=O)[C@H]23)OCO4)cc(OC)c1O,chembl,-66.64781,13.413891
CC(C)OC(=O)[C@H](C)N[P@](=O)(CO[C@H](C)Cn1cnc2c(N)ncnc21)Oc1ccccc1,chembl,-36.32064,16.832802
CC(C)OC(=O)OCOP(=O)(CO[C@H](C)Cn1cnc2c(N)ncnc21)OCOC(=O)OC(C)C,chembl,-38.41655,42.10556
CN1CCC(COc2cnc(-c3cccc(Cn4nc(-c5cccc(C#N)c5)ccc4=O)c3)nc2)CC1,chembl,-6.357145,11.513794
COc1cc2nc(N3CCN(C(=O)C4CCCO4)CC3)nc(N)c2cc1OC,chembl,-59.828583,12.54805
CN(C/C=C/C#CC(C)(C)C)Cc1cccc2ccccc12,chembl,-14.096651,-29.733498
CC(C)(C)NCC(O)c1cc(O)cc(O)c1,chembl,-20.599213,16.257147
CC(C)N1CCN(c2ccc(OCC3COC(Cn4cncn4)(c4ccc(Cl)cc4Cl)O3)cc2)CC1,chembl,-55.6632,2.8795583
CC(C)(C)c1ccc(C(O)CCCN2CCC(C(O)(c3ccccc3)c3ccccc3)CC2)cc1,chembl,-40.83107,22.64571
C/C(O)=C(\C#N)C(=O)Nc1ccc(C(F)(F)F)cc1,chembl,-11.35763,17.3106
CC(CC(c1ccccc1)c1ccccc1)NC(C)(C)C,chembl,-21.982962,10.484883
CC(C)(C)NCC(O)COc1cccc2c1SCCC2,chembl,-32.722622,22.34455
C[C@]12C=CC(=O)C=C1CC[C@@H]1[C@@H]2CC[C@]2(C)OC(=O)CC[C@@H]12,chembl,-25.076416,64.06993
C[C@]12CC[C@H]3[C@@H](CCC4=CC(=O)CC[C@@]43C)[C@@H]1CC[C@@H]2O,chembl,-24.016642,64.23578
C[C@]12CC[C@H]3[C@@H](CCC4=CC(=O)CC[C@@]43C)[C@@H]1CC[C@@H]2OC(=O)CCC1CCCC1,chembl,-23.40544,67.23807
CCCCCCC(=O)O[C@H]1CC[C@H]2[C@@H]3CCC4=CC(=O)CC[C@]4(C)[C@H]3CC[C@]12C,chembl,-21.89804,69.01147
CCC(=O)O[C@H]1CC[C@H]2[C@@H]3CCC4=CC(=O)CC[C@]4(C)[C@H]3CC[C@]12C,chembl,-23.460756,67.64519
CCCCCCCCCCC(=O)O[C@H]1CC[C@H]2[C@@H]3CCC4=CC(=O)CC[C@]4(C)[C@H]3CC[C@]12C,chembl,-21.898043,69.01152
COc1cc2c(cc1OC)C1CC(=O)C(CC(C)C)CN1CC2,chembl,-63.402645,10.9311495
CCCCNc1ccc(C(=O)OCCN(C)C)cc1,chembl,-8.50899,27.945784
CN(C)[C@@H]1C(O)=C(C(N)=O)C(=O)[C@@]2(O)C(O)=C3C(=O)c4c(O)cccc4[C@@](C)(O)[C@H]3C[C@@H]12,chembl,-37.00118,56.491627
CCCCC(CC)CCC(CC(C)C)OS(=O)(=O)O,chembl,-9.917577,45.532005
c1ccc2c(c1)CCCC2C1=NCCN1,chembl,-12.60263,3.8512876
CC(C)=CC1C(C(=O)OCN2C(=O)C3=C(CCCC3)C2=O)C1(C)C,chembl,-26.028473,53.439068
CN1C(=O)CN=C(C2=CCCCC2)c2cc(Cl)ccc21,chembl,-45.69266,-6.9966526
CC(C)(CO)c1cc2cc(NC(=O)C3(c4ccc5c(c4)OC(F)(F)O5)CC3)c(F)cc2n1C[C@@H](O)CO,chembl,-56.643738,26.514736
O=C1CCC(N2C(=O)c3ccccc3C2=O)C(=O)N1,chembl,-19.65902,-0.83766013
CN1CCC(N(Cc2cccs2)c2ccccc2)CC1,chembl,-10.183306,5.2151656
Cn1c(=O)c2nc[nH]c2n(C)c1=O,chembl,-14.292327,33.842377
c1ccc2[nH]c(-c3cscn3)nc2c1,chembl,-8.55597,-15.429628
C=CCC1(C(C)CCC)C(=O)NC(=S)NC1=O,chembl,-16.339075,39.732807
CCSc1ccc2c(c1)N(CCCN1CCN(C)CC1)c1ccccc1S2,chembl,9.175359,33.141228
Nc1nc2[nH]cnc2c(=S)[nH]1,chembl,-23.92558,-9.116537
CCCC(C)C1(CC)C(=O)NC(=S)NC1=O,chembl,-16.404163,39.544514
CSc1ccc2c(c1)N(CCC1CCCCN1C)c1ccccc1S2,chembl,9.274006,32.591915
S=P(N1CC1)(N1CC1)N1CC1,chembl,-24.400055,38.413975
CN1CCN(CC/C=C2/c3ccccc3Sc3ccc(S(=O)(=O)N(C)C)cc32)CC1,chembl,7.7203074,30.04996
Cc1ccsc1C(=CCCN1CCC[C@@H](C(=O)O)C1)c1sccc1C,chembl,-28.274487,35.3477
CC(C(=O)O)c1ccc(C(=O)c2ccccc2)s1,chembl,-27.976706,11.769197
C#C[C@]1(O)CC[C@H]2[C@@H]3[C@H](C)CC4=C(CCC(=O)C4)[C@H]3CC[C@@]21C,chembl,-23.235588,62.58164
CCCSc1nc(N[C@@H]2C[C@H]2c2ccc(F)c(F)c2)c2nnn([C@@H]3C[C@H](OCCO)[C@@H](O)[C@H]3O)c2n1,chembl,-38.316975,46.203823
CC1(C)S[C@@H]2[C@H](NC(=O)[C@H](C(=O)O)c3ccsc3)C(=O)N2[C@H]1C(=O)O,chembl,-52.528774,45.16994
Clc1ccccc1CN1CCc2sccc2C1,chembl,-9.6475725,2.783385
O=C(O)COc1ccc(C(=O)c2cccs2)c(Cl)c1Cl,chembl,-44.12413,5.1804166
CN(C)c1cc(NC(=O)CNC(C)(C)C)c(O)c2c1C[C@H]1C[C@H]3[C@H](N(C)C)C(O)=C(C(N)=O)C(=O)[C@@]3(O)C(O)=C1C2=O,chembl,-37.789593,55.217377
Cc1cc(Br)c(O)c2ncccc12,chembl,-30.192148,-12.83214
O=P(O)(O)C(Sc1ccc(Cl)cc1)P(=O)(O)O,chembl,-45.0291,-0.3542494
CC(C)(C)NC[C@H](O)COc1nsnc1N1CCOCC1,chembl,-32.64763,22.896154
CCS(=O)(=O)CCn1c([N+](=O)[O-])cnc1C,chembl,-0.19579665,23.001661
Clc1ccc(C(Cn2ccnc2)OCc2ccsc2Cl)c(Cl)c1,chembl,-50.416363,-2.9992921
CC(S)C(=O)NCC(=O)O,chembl,-24.348406,26.17632
N=C1CCCN1Cc1[nH]c(=O)[nH]c(=O)c1Cl,chembl,-23.173893,38.1959
CCC[C@@]1(CCc2ccccc2)CC(O)=C([C@H](CC)c2cccc(NS(=O)(=O)c3ccc(C(F)(F)F)cn3)c2)C(=O)O1,chembl,-19.940742,12.619582
CC#CC(=O)N1CC[C@@H](n2c(=O)n(-c3ccc(Oc4ccccc4)cc3)c3c(N)ncnc32)C1,chembl,-45.517567,22.510586
O=C(Cc1ccc(-c2ccc(OCCN3CCOCC3)cc2)cn1)NCc1ccccc1,chembl,-45.224335,21.721052
CCCCS(=O)(=O)N[C@@H](Cc1ccc(OCCCCC2CCNCC2)cc1)C(=O)O,chembl,-5.761787,35.29978
Sc1ncnc2[nH]ncc12,chembl,-24.828272,-8.8789625
COc1cc2nccc(Oc3ccc(NC(=O)Nc4cc(C)on4)c(Cl)c3)c2cc1OC,chembl,-55.74322,10.2042265
Clc1ccc2nsnc2c1NC1=NCCN1,chembl,-38.993614,-6.241951
NC[C@H]1O[C@H](O[C@H]2[C@H](O)[C@@H](O[C@H]3O[C@H](CO)[C@@H](O)[C@H](N)[C@H]3O)[C@H](N)C[C@@H]2N)[C@H](N)C[C@@H]1O,chembl,-30.51715,46.72552
Cc1cccc(C)c1NC(=O)C(C)N,chembl,-27.076633,15.448135
CC(=O)Oc1c(C)c(C)c2c(c1C)CCC(C)(CCC[C@H](C)CCC[C@H](C)CCCC(C)C)O2,chembl,-22.237423,47.114548
C[C@@H]1CCN(C(=O)CC#N)C[C@@H]1N(C)c1ncnc2[nH]ccc12,chembl,-50.490295,22.864756
CCc1ccc(Cc2ccc3c(c2)[C@]2(OC3)O[C@H](CO)[C@@H](O)[C@H](O)[C@H]2O)cc1,chembl,-27.984018,46.545002
Cc1ccc(S(=O)(=O)NC(=O)NN2CCCCCC2)cc1,chembl,-37.75544,36.36118
c1ccc(CC2=NCCN2)cc1,chembl,-18.621412,6.6442103
CCCCNC(=O)NS(=O)(=O)c1ccc(C)cc1,chembl,-33.91532,29.163132
Cc1ccc(C(=O)c2cc(O)c(O)c([N+](=O)[O-])c2)cc1,chembl,2.7140193,19.717964
Cc1ccc(C(=O)c2ccc(CC(=O)O)n2C)cc1,chembl,-18.667568,29.564575
Cc1cccc(N2CC(CO)OC2=O)c1,chembl,-31.440374,42.311928
COc1ccc2c(C(=S)N(C)CC(=O)O)cccc2c1C(F)(F)F,chembl,-48.203815,8.988012
Cc1ccc(O)c([C@H](CCN(C(C)C)C(C)C)c2ccccc2)c1,chembl,-22.470383,11.711411
Cc1ccccc1C(=O)Nc1ccc(C(=O)N2CCCC(O)c3cc(Cl)ccc32)c(C)c1,chembl,-47.0949,19.862257
CC1(C)O[C@@H]2[C@@H](CO[C@@]3(COS(N)(=O)=O)OC(C)(C)O[C@@H]23)O1,chembl,-26.469358,46.397926
CC[C@@]1(O)C(=O)OCc2c1cc1n(c2=O)Cc2cc3c(CN(C)C)c(O)ccc3nc2-1,chembl,-21.949062,49.230934
CN(C)CCOc1ccc(/C(=C(/CCCl)c2ccccc2)c2ccccc2)cc1,chembl,-6.0329466,24.537994
Cc1cccc(Nc2ccncc2S(=O)(=O)NC(=O)NC(C)C)c1,chembl,-26.920353,15.191038
C[C@@H](NC(=O)c1ncnc(N)c1Cl)c1ncc(C(=O)Nc2cc(C(F)(F)F)c(Cl)cn2)s1,chembl,-52.75184,10.67064
COc1cc2c(cc1O)CCN[C@]21CS[C@@H]2c3c(OC(C)=O)c(C)c4c(c3[C@H](COC1=O)N1[C@@H]2[C@H]2c3c(cc(C)c(OC)c3O)C[C@@H]([C@@H]1O)N2C)OCO4,chembl,-65.66359,14.598345
COc1cccc(C2(O)CCCCC2CN(C)C)c1,chembl,-43.538418,38.61535
CC(=O)Nc1cccc(-n2c(=O)n(C3CC3)c(=O)c3c(Nc4ccc(I)cc4F)n(C)c(=O)c(C)c32)c1,chembl,-54.58565,25.883991
CCOC(=O)[C@H](CCc1ccccc1)N[C@@H](C)C(=O)N1[C@H](C(=O)O)C[C@H]2CCCC[C@@H]21,chembl,-37.637024,24.976923
NC[C@H]1CC[C@H](C(=O)O)CC1,chembl,-28.706717,37.144165
N[C@@H]1C[C@H]1c1ccccc1,chembl,-11.251775,2.2962592
CC(C)OC(=O)CCC/C=C\C[C@@H]1[C@@H](/C=C/[C@@H](O)COc2cccc(C(F)(F)F)c2)[C@H](O)C[C@@H]1O,chembl,-34.673573,24.06132
O=c1n(CCCN2CCN(c3cccc(Cl)c3)CC2)nc2ccccn12,chembl,-46.966724,-5.661794
Cn1c(=O)cc(N2CCC[C@@H](N)C2)n(Cc2cc(F)ccc2C#N)c1=O,chembl,-7.416384,11.510862
CS(=O)(=O)OC[C@H](O)[C@@H](O)COS(C)(=O)=O,chembl,-19.335821,25.569216
CCCCC[C@H](O)CC[C@@H]1[C@H]2Cc3cccc(OCC(=O)O)c3C[C@H]2C[C@H]1O,chembl,-13.510803,46.3326
CC1=C(/C=C/C(C)=C/C=C/C(C)=C/C(=O)O)C(C)(C)CCC1,chembl,-21.57687,45.515545
CC(=O)Oc1ccc(C2(c3ccc(OC(C)=O)cc3)C(=O)N(C(C)=O)c3ccccc32)cc1,chembl,-16.876852,3.1184788
C[C@]12C=CC(=O)C=C1CC[C@H]1[C@@H]3C[C@@H](O)[C@](O)(C(=O)CO)[C@@]3(C)C[C@H](O)[C@@]12F,chembl,-28.033127,71.190636
CC1(C)O[C@@H]2C[C@H]3[C@@H]4CCC5=CC(=O)C=C[C@]5(C)[C@@]4(F)[C@@H](O)C[C@]3(C)[C@]2(C(=O)CO)O1,chembl,-28.327072,70.699905
CC(=O)OCC(=O)[C@@]1(O)[C@H](OC(C)=O)C[C@H]2[C@@H]3CCC4=CC(=O)C=C[C@]4(C)[C@@]3(F)[C@@H](O)C[C@@]21C,chembl,-27.762217,72.147675
CC(C)(C)CC(=O)OCC(=O)[C@@]12OC(C)(C)O[C@@H]1C[C@H]1[C@@H]3CCC4=CC(=O)C=C[C@]4(C)[C@@]3(F)[C@@H](O)C[C@@]12C,chembl,-28.798956,72.01098
Nc1nc(N)c2nc(-c3ccccc3)c(N)nc2n1,chembl,-9.703002,-13.948293
Cc1nnc2n1-c1ccc(Cl)cc1C(c1ccccc1Cl)=NC2,chembl,-46.77486,-7.3546114
O=C(Nc1ccc(Br)cc1)c1cc(Br)cc(Br)c1O,chembl,-23.189585,22.142494
NS(=O)(=O)c1cc2c(cc1Cl)NC(C(Cl)Cl)NS2(=O)=O,chembl,-40.589554,-2.6194208
CSc1nc2cc(Cl)c(Oc3cccc(Cl)c3Cl)cc2[nH]1,chembl,-39.998196,-6.3042474
O=P(O)(O)OCC(Cl)(Cl)Cl,chembl,-18.486513,22.956062
Oc1cc(Cl)ccc1Oc1ccc(Cl)cc1Cl,chembl,-44.076584,-1.1166985
NCCNCCNCCN,chembl,-17.07956,23.197962
CC(C)(C)c1cc(-c2cc(-c3ccc(C(=O)O)cc3)ccc2OCCO)ccc1N1CCCC1,chembl,-7.8870554,14.970231
CN1CCN(CCCN2c3ccccc3Sc3ccc(C(F)(F)F)cc32)CC1,chembl,9.882371,34.172718
O=C(CCCN1CCC(O)(c2cccc(C(F)(F)F)c2)CC1)c1ccc(F)cc1,chembl,-53.008644,32.776596
CN(C)CCCN1c2ccccc2Sc2ccc(C(F)(F)F)cc21,chembl,10.250967,33.987793
O=c1[nH]c(=O)n([C@H]2C[C@H](O)[C@@H](CO)O2)cc1C(F)(F)F,chembl,-33.324787,45.72657
CCCCCCC(=O)OCC(COC(=O)CCCCCC)OC(=O)CCCCCC,chembl,-12.000983,44.913845
OC(CCN1CCCCC1)(c1ccccc1)C1CCCCC1,chembl,-42.246033,21.349464
CN1CCN(c2ccc(Nc3ncc4cc5n(c4n3)C3(CCCCC3)CNC5=O)nc2)CC1,chembl,-48.139664,24.139294
C[C@]12CC[C@H]3[C@@H](CC[C@@]45O[C@@H]4C(O)=C(C#N)C[C@]35C)[C@@H]1CC[C@@H]2O,chembl,-22.738197,60.833324
COc1ccc(CN2CCNCC2)c(OC)c1OC,chembl,-63.184406,9.815043
CN1C(=O)OC(C)(C)C1=O,chembl,-17.145536,36.63669
COc1cc(C(=O)NCc2ccc(OCCN(C)C)cc2)cc(OC)c1OC,chembl,-44.367218,7.6182466
COc1cc(Cc2cnc(N)nc2N)cc(OC)c1OC,chembl,-35.83494,-14.914602
COc1cc(NCc2ccc3nc(N)nc(N)c3c2C)cc(OC)c1OC,chembl,-35.818317,-14.95957
O=C(O)[C@H]1O[C@H](O)[C@H](O)[C@@H](O)[C@@H]1O,chembl,-29.511776,41.765884
CC(CN(C)C)CN1c2ccccc2CCc2ccccc21,chembl,9.380689,30.236189
Cc1cc2cc3c(C)cc(=O)oc3c(C)c2o1,chembl,-31.070183,-29.81142
CCN(CC)CCOc1ccc(C(O)(Cc2ccc(Cl)cc2)c2ccc(C)cc2)cc1,chembl,-48.54893,4.8529973
CN(C)CCN(Cc1ccccc1)c1ccccn1,chembl,-20.321705,6.7434196
Cc1ccc(/C(=C\CN2CCCC2)c2ccccn2)cc1,chembl,-8.25606,8.16494
O=[Si](O)O[Si](O)(O)O[Si](=O)O,chembl,-18.376026,22.080128
CCOc1c(N)c2c(c(OCC)c1OCC)C(C1c3c(cc4c(c3OC)OCO4)CCN1C)OC2=O,chembl,-64.479774,10.818382
C[C@@]1(C(=O)N[C@@H](CCC(=O)O)C(=O)O)CCCN1C(=O)CN,chembl,-29.016157,33.639835
Cc1c(C)c2c(c(C)c1O)CCC(C)(COc1ccc(CC3SC(=O)NC3=O)cc1)O2,chembl,-3.6699164,36.117474
CO[C@H]1C[C@H](O[C@H]2[C@H](C)[C@@H](O[C@@H]3O[C@H](C)C[C@H](N(C)C)[C@H]3OC(C)=O)[C@@H](C)C[C@@]3(CO3)C(=O)[C@H](C)[C@@H](OC(C)=O)[C@@H](C)[C@@H](C)OC(=O)[C@@H]2C)O[C@@H](C)[C@@H]1OC(C)=O,chembl,-28.391731,53.239014
NC(CO)(CO)CO,chembl,-17.675167,23.185513
CCN(Cc1ccncc1)C(=O)C(CO)c1ccccc1,chembl,-31.761976,16.294516
CN1[C@@H]2CC[C@H]1C[C@@H](OC(=O)c1c[nH]c3ccccc13)C2,chembl,-45.624855,28.440262
N[C@@H]1[C@H]2CN(c3nc4c(cc3F)c(=O)c(C(=O)O)cn4-c3ccc(F)cc3F)C[C@@H]12,chembl,-57.28326,30.15825
C[C@@H]1O[C@@H](OC[C@H]2O[C@@H](Oc3c(-c4ccc(OCCO)c(OCCO)c4)oc4cc(OCCO)cc(O)c4c3=O)[C@H](O)[C@@H](O)[C@@H]2O)[C@H](O)[C@H](O)[C@H]1O,chembl,-64.03634,-2.4608371
Cc1cc(-c2ccc(/N=N/c3c(S(=O)(=O)O)cc4cc(S(=O)(=O)O)cc(N)c4c3O)c(C)c2)ccc1/N=N/c1c(S(=O)(=O)O)cc2cc(S(=O)(=O)O)cc(N)c2c1O,chembl,-29.011429,-8.7445135
N[C@@H](Cc1c[nH]c2ccccc12)C(=O)O,chembl,-33.468975,13.280059
Cc1cc(Nc2ncnc3ccc(NC4=NC(C)(C)CO4)cc23)ccc1Oc1ccn2ncnc2c1,chembl,-33.359528,-14.088613
CCCC(=O)Nc1c(I)cc(I)c(CC(CC)C(=O)O)c1I,chembl,-23.622663,27.836649
N[C@@H](Cc1ccc(O)cc1)C(=O)O,chembl,-28.110487,23.094473
C[C@@H]1[C@H](c2ccccc2)C[C@H](NC(=O)c2cnc3c(c2)C[C@@]2(C3)C(=O)Nc3ncccc32)C(=O)N1CC(F)(F)F,chembl,-52.88778,25.366682
CC(=O)[C@@]1(O)CC[C@H]2[C@@H]3CCC4=CC(=O)CCC4=C3[C@@H](c3ccc(N(C)C)cc3)C[C@@]21C,chembl,-20.310232,66.028046
CC(=O)O[C@]1(C(C)=O)CC[C@H]2[C@@H]3CCC4=CC(=O)CCC4=C3[C@@H](c3ccc(N(C)C)cc3)C[C@@]21C,chembl,-20.326471,66.04634
CC(C)Oc1ccc(-c2nn([C@@H](C)c3oc4ccc(F)cc4c(=O)c3-c3cccc(F)c3)c3ncnc(N)c23)cc1F,chembl,-52.72819,7.4756227
CCCCCCCC(=O)CC[C@@H]1[C@@H](C/C=C\CCCC(=O)OC(C)C)[C@@H](O)C[C@H]1O,chembl,-13.90038,46.138493
CC[C@@H]1CN(C(=O)NCC(F)(F)F)C[C@@H]1c1cnc2cnc3[nH]ccc3n12,chembl,-52.45216,23.823746
Oc1ncc(N(CCCl)CCCl)c(O)n1,chembl,-15.192542,18.46445
CC(=O)OC[C@H]1O[C@@H](n2ccc(=O)[nH]c2=O)[C@H](OC(C)=O)[C@@H]1OC(C)=O,chembl,-33.339035,43.298393
C[C@H](CCC(=O)O)[C@H]1CC[C@H]2[C@@H]3[C@@H](O)C[C@@H]4C[C@H](O)CC[C@]4(C)[C@H]3CC[C@]12C,chembl,-22.807152,55.928364
O=C(O)C[C@@H]1CC[C@H](NC(=O)Cc2cccs2)B(O)O1,chembl,-30.469595,35.824566
O=C(O)CNC(=O)c1ncc(-c2cccc(Cl)c2)cc1O,chembl,-43.65595,2.7501984
CC(C)[C@H](N)C(=O)OCCOCn1cnc2c(=O)nc(N)[nH]c21,chembl,-37.529724,42.30103
COc1cc2c(cc1OC)[C@H]1C[C@@H](OC(=O)[C@@H](N)C(C)C)[C@H](CC(C)C)CN1CC2,chembl,-63.02974,11.3193035
Cc1onc(-c2ccccc2)c1-c1ccc(S(N)(=O)=O)cc1,chembl,-19.545868,-6.9436398
CC(C)[C@H](N)C(=O)OCC(CO)OCn1cnc2c(=O)[nH]c(N)nc21,chembl,-37.58556,42.352913
CC(C)[C@H](N)C(=O)OCC(CO)OCn1cnc2c(=O)nc(N)[nH]c21,chembl,-37.60187,42.322304
CCCC(CCC)C(=O)O,chembl,-24.704432,26.993032
CCCCC(=O)OCC(=O)[C@]1(O)Cc2c(O)c3c(c(O)c2[C@@H](O[C@H]2C[C@H](NC(=O)C(F)(F)F)[C@H](O)[C@H](C)O2)C1)C(=O)c1c(OC)cccc1C3=O,chembl,-32.633175,55.26795
CCCCC(=O)N(Cc1ccc(-c2ccccc2-c2nnn[nH]2)cc1)[C@H](C(=O)O)C(C)C,chembl,14.832327,23.958244
C[C@@H]1C[C@H]2[C@@H]3CCC4=CC(=O)C=C[C@]4(C)C3=CC[C@]2(C)[C@@]1(O)C(=O)CO,chembl,-27.422712,68.88641
COc1cc2/c(=N/c3ccc(Br)cc3F)nc[nH]c2cc1OCC1CCN(C)CC1,chembl,-61.29813,9.303247
CC1(C)C[C@@H]2CCCNc3cccc(n3)S(=O)(=O)NC(=O)c3ccc(-n4ccc(OCCC5C6(CC6)C56CC6)n4)nc3N1C2,chembl,-13.625525,36.559925
CCCc1nc(C)c2c(=O)nc(-c3cc(S(=O)(=O)N4CCN(CC)CC4)ccc3OCC)[nH]n12,chembl,-10.813835,37.272717
CCCc1nc(C)c2c(O)nc(-c3cc(S(=O)(=O)N4CCN(CC)CC4)ccc3OCC)nn12,chembl,-10.757111,37.340343
c1cnc2cc3c(cc2n1)[C@@H]1CNC[C@H]3C1,chembl,-25.075947,-8.375304
COC[C@H]1C[C@@H](c2nc(-c3ccc4c(c3)COc3cc5c(ccc6nc([C@@H]7CC[C@H](C)N7C(=O)[C@@H](NC(=O)OC)C(C)C)[nH]c65)cc3-4)c[nH]2)N(C(=O)[C@H](NC(=O)OC)c2ccccc2)C1,chembl,-50.24067,27.49847
CCCS(=O)(=O)Nc1ccc(F)c(C(=O)c2c[nH]c3ncc(-c4ccc(Cl)cc4)cc23)c1F,chembl,-51.614506,7.8753443
CC1(C)CCC(CN2CCN(c3ccc(C(=O)NS(=O)(=O)c4ccc(NCC5CCOCC5)c([N+](=O)[O-])c4)c(Oc4cnc5[nH]ccc5c4)c3)CC2)=C(c2ccc(Cl)cc2)C1,chembl,-56.06848,3.841594
COc1ccc(C(CN(C)C)C2(O)CCCCC2)cc1,chembl,-37.329018,-28.694813
C=CCN1CCCC1CNC(=O)c1cc(S(N)(=O)=O)cc(OC)c1OC,chembl,-61.557285,13.022231
COc1ccc(CCN(C)CCCC(C#N)(c2ccc(OC)c(OC)c2)C(C)C)cc1OC,chembl,-62.669373,7.8197575
COC(=O)Nc1c(N)nc(-c2nn(Cc3ccccc3F)c3ncc(F)cc23)nc1N,chembl,-49.754955,13.003524
COc1ccc(CCO[C@@H]2CCCC[C@H]2N2CC[C@@H](O)C2)cc1OC,chembl,-63.045048,10.038507
O=C(Nc1ccc(C[C@@H]2CC[C@H]([C@H](O)c3ccccc3)N2)cc1)[C@@H]1CCc2nccc(=O)n21,chembl,-38.29264,26.528559
Nc1ncnc2c1ncn2[C@@H]1O[C@H](CO)[C@@H](O)[C@@H]1O,chembl,-36.373875,47.04328
C=CC(N)CCC(=O)O,chembl,-26.265385,26.778076
OCc1cc([C@@H](O)CNCCCCCCOCCOCc2c(Cl)cccc2Cl)ccc1O,chembl,-24.002766,15.245731
N#Cc1ccc2[nH]cc(CCCCN3CCN(c4ccc5oc(C(N)=O)cc5c4)CC3)c2c1,chembl,-7.4707084,12.412134
N#C[C@@H]1CCCN1C(=O)CNC12CC3CC(CC(O)(C3)C1)C2,chembl,-28.829828,39.080807
CCOc1ccccc1OCC1CNCCO1,chembl,-16.666313,8.849217
CC/C=C(\C)C1(CC)C(=O)NC(=O)NC1=O,chembl,-17.204466,38.662033
CC[C@]1(O)C[C@@H]2CN(CCc3c([nH]c4ccccc34)[C@@](C(=O)OC)(c3cc4c(cc3OC)N(C)[C@H]3[C@@](O)(C(=O)OC)[C@H](OC(C)=O)[C@]5(CC)C=CCN6CC[C@]43[C@@H]65)C2)C1,chembl,-64.827034,17.636234
CC[C@]12CCCN3CCc4c(n(c5ccccc45)[C@@](O)(C(=O)OC)C1)[C@@H]32,chembl,-43.694664,28.57959
CC[C@]1(O)C[C@H]2CN(CCc3c([nH]c4ccccc34)[C@@](C(=O)OC)(c3cc4c(cc3OC)N(C=O)[C@H]3[C@@](O)(C(=O)OC)[C@H](OC(C)=O)[C@]5(CC)C=CCN6CC[C@]43[C@@H]65)C2)C1,chembl,-64.82139,17.608913
CC[C@]1(O)C[C@@H]2CN(CCc3c([nH]c4ccccc34)[C@@](C(=O)OC)(c3cc4c(cc3OC)N(C)[C@H]3[C@@](O)(C(N)=O)[C@H](O)[C@]5(CC)C=CCN6CC[C@]43[C@@H]65)C2)C1,chembl,-64.82963,17.642408
CC[C@]12C=CCN3CC[C@@]4(c5cc([C@@]6(C(=O)OC)C[C@@H]7C[C@@H](C(C)(F)F)CN(Cc8c6[nH]c6ccccc86)C7)c(OC)cc5N(C)[C@H]4[C@@](O)(C(=O)OC)[C@@H]1OC(C)=O)[C@@H]32,chembl,-64.84004,17.750797
CCC1=C[C@@H]2CN(C1)Cc1c([nH]c3ccccc13)[C@@](C(=O)OC)(c1cc3c(cc1OC)N(C)[C@H]1[C@@](O)(C(=O)OC)[C@H](OC(C)=O)[C@]4(CC)C=CCN5CC[C@]31[C@@H]54)C2,chembl,-64.82319,17.614742
CCOC(=O)C1=C[C@]2(CC)CCCN3CCc4c(n1c1ccccc41)[C@@H]32,chembl,-43.66078,28.603601
NCCC[C@H](N)CC(=O)N[C@H]1CNC(=O)[C@H]([C@H]2C[C@H](O)NC(N)=N2)NC(=O)/C(=C/NC(N)=O)NC(=O)[C@H](CO)NC(=O)[C@H](CO)NC1=O,chembl,-34.799976,40.288956
CS(=O)(=O)c1ccc(C(=O)Nc2ccc(Cl)c(-c3ccccn3)c2)c(Cl)c1,chembl,-34.930523,1.9738218
CCCCCCCCCCCCCCCC(=O)OC/C=C(C)/C=C/C=C(C)/C=C/C1=C(C)CCCC1(C)C,chembl,-12.478651,46.035587
OCC(CO)N[C@H]1C[C@](O)(CO)[C@@H](O)[C@H](O)[C@H]1O,chembl,-28.20007,44.938625
CNCc1cc(-c2ccccc2F)n(S(=O)(=O)c2cccnc2)c1,chembl,-29.887102,-4.253454
CCOC(=O)N[C@@H]1CC[C@@H]2[C@@H](C1)C[C@H]1C(=O)O[C@H](C)[C@H]1[C@H]2/C=C/c1ccc(-c2cccc(F)c2)cn1,chembl,-54.119713,22.81304
C[C@@H](Nc1nc(N[C@H](C)C(F)(F)F)nc(-c2cccc(Cl)n2)n1)C(F)(F)F,chembl,-36.713478,-0.08044496
C[C@@H](c1ncncc1F)[C@](O)(Cn1cncn1)c1ccc(F)cc1F,chembl,-26.97312,-4.2082515
O=C(CCCCCCC(=O)Nc1ccccc1)NO,chembl,-31.181934,11.162401
Cc1ccc(Sc2ccccc2N2CCNCC2)c(C)c1,chembl,-6.384342,3.3708305
CC(C)n1nccc1-c1ncccc1COc1cccc(O)c1C=O,chembl,-24.850365,13.121286
CC[C@@H]1[C@@H]2CN(C(=O)[C@H](C(C)(C)C)NC(=O)O[C@@H]3C[C@H]3CCCCC(F)(F)c3nc4ccc(OC)cc4nc3O2)[C@@H]1C(=O)N[C@]1(C(=O)NS(=O)(=O)C2(C)CC2)C[C@H]1C(C)C,chembl,-59.67739,18.883204
CC(=O)CC(c1ccccc1)c1c(O)c2ccccc2oc1=O,chembl,-30.089266,-26.50347
CCCCCCOc1nsnc1C1=CCCN(C)C1,chembl,22.700981,13.88974
CN(CCO)CC(O)Cn1cnc2c1c(=O)n(C)c(=O)n2C,chembl,-15.360097,32.813545
CCOC(Nc1ccc(C(=O)O)cc1)C(=O)c1ccc(-c2ccccc2)cc1,chembl,-33.84548,10.951202
CCOC(=O)CN[C@@H](C(=O)N1CC[C@H]1C(=O)NCc1ccc(/C(N)=N\O)cc1)C1CCCCC1,chembl,-35.63232,31.178997
Cc1cc(C(C)(C)C)cc(C)c1CC1=NCCN1,chembl,-13.533558,15.888877
O=C[C@H](O)[C@@H](O)[C@H](O)CO,chembl,-17.56723,24.229939
COc1cc(C(=O)NS(=O)(=O)c2ccccc2C)ccc1Cc1cn(C)c2ccc(NC(=O)OC3CCCC3)cc12,chembl,-61.878475,15.417442
Nc1ccn([C@H]2CC[C@@H](CO)O2)c(=O)n1,chembl,-35.944138,45.260098
CCN(C(C)=O)c1cccc(-c2ccnc3c(C#N)cnn23)c1,chembl,4.846365,-9.946501
CC(=O)N[C@H]1[C@H]([C@H](O)[C@H](O)CO)OC(C(=O)O)=C[C@@H]1NC(=N)N,chembl,-28.01036,31.785387
C=CC(=O)N1CCC([C@@H]2CCNc3c(C(N)=O)c(-c4ccc(Oc5ccccc5)cc4)nn32)CC1,chembl,-45.497925,22.256292
Cc1cc(C[C@@H](NC(=O)N2CCC(c3cc4ccccc4[nH]c3=O)CC2)C(=O)N2CCN(C3CCN(C)CC3)CC2)cc2cn[nH]c12,chembl,-47.535995,25.6673
Cc1cn([C@H]2C[C@H](N=[N+]=[N-])[C@@H](CO)O2)c(=O)[nH]c1=O,chembl,-32.805325,44.570747
CC(c1cc2ccccc2s1)N(O)C(N)=O,chembl,-27.66129,11.460412
CN(C)C/C=C(/c1ccc(Br)cc1)c1cccnc1,chembl,-16.987654,17.95255
COC(CN1CCN(CC(O)C(OC)c2ccccc2)CC1)c1ccccc1,chembl,-17.99743,9.69545
O=C1Cc2cc(CCN3CCN(c4nsc5ccccc45)CC3)c(Cl)cc2N1,chembl,-47.075928,-4.77897
O=P(O)(O)C(O)(Cn1ccnc1)P(=O)(O)O,chembl,-19.170282,19.730694
CN(C)CCc1c[nH]c2ccc(C[C@H]3COC(=O)N3)cc12,chembl,-21.214285,40.674507
Cc1ccc(-c2nc3ccc(C)cn3c2CC(=O)N(C)C)cc1,chembl,-16.416433,-12.665929
Cc1cc(CC(=O)O)n(C)c1C(=O)c1ccc(Cl)cc1,chembl,-48.927696,1.2329316
NS(=O)(=O)Cc1noc2ccccc12,chembl,-7.568167,-22.56617
CN1CCN(C(=O)OC2c3nccnc3C(=O)N2c2ccc(Cl)cn2)CC1,chembl,-53.920498,16.050331
C[C@@]1(O)CC[C@H]2[C@H](CC[C@@H]3[C@@H]2CC[C@]2(C)[C@@H](C(=O)Cn4cc(C#N)cn4)CC[C@@H]32)C1,chembl,-25.314547,60.553967
B1C=Cc2ccc3ccccc3c2N1,chromophore,-12.955689,-23.72274
BrC1=CC=CN2B1C=Cc1c2ccc2ccccc12,chromophore,-11.74346,-23.648552
Brc1ccc(-c2nc(-c3ccc(-c4nc(-c5ccc(Br)cc5)c(-c5ccc(Br)cc5)[nH]4)cc3)[nH]c2-c2ccc(Br)cc2)cc1,chromophore,-11.679667,-13.059795
Brc1ccc(-c2nnc3ccccn23)cc1,chromophore,-10.485033,-10.241222
Brc1ccc(/C=C/N(c2ccccc2)c2ccccc2)cc1,chromophore,30.88631,-18.968452
Brc1ccc(C2=C(c3ccc(Br)cc3)c3ccc4c5c(ccc(c35)O2)OC(c2ccc(Br)cc2)=C4c2ccc(Br)cc2)cc1,chromophore,-16.684557,-6.8785095
Brc1ccc(N(c2ccc(/C=C/c3ccncn3)cc2)c2ccc(/C=C/c3ccncn3)cc2)cc1,chromophore,31.271105,-21.48563
Brc1ccc2c(c1)C=C1B(N2)OB2Nc3ccc(Br)cc3C=C2C(c2ccccc2)=C1c1ccccc1,chromophore,-11.715459,-7.304753
Brc1ccc2cc3c4ccccc4nc(-c4ccco4)c3n2c1,chromophore,-8.579192,-23.398846
C#C/C(=C\c1ccc(-c2ccc3c(c2)C(CCCCCC)(CCCCCC)c2c4c(c5c(c2-3)C(CCCCCC)(CCCCCC)c2cc(-c3ccc(C=C(C#N)C(=O)O)s3)ccc2-5)C(CCCCCC)(CCCCCC)c2cc(-c3ccc(N(c5ccc(OC)cc5)c5ccc(OC)cc5)cc3)ccc2-4)s1)C(=O)O,chromophore,80.06126,20.468113
C#CCN1C(=O)/C(=C/c2cc(OC(C)C)ccc2OC(C)C)N=C1C,chromophore,-17.219011,32.13024
C#CCN1CCN(c2c(F)cc3c(c2F)OC2=C(/C=C/C4=[N+](C)c5ccccc5C4(C)C)CCCC2=C3)CC1,chromophore,3.7103212,42.626785
C#CCNC1=C2C(C)=CC(C)=[N+]2[B-](F)(F)n2c(C)cc(C)c21,chromophore,-41.914864,-62.99765
C#CCNC1=C2C=CC=[N+]2[B-](F)(F)n2cccc21,chromophore,-37.07972,-54.083645
C#CCOc1ccc(/C=C/C2=[N+]3C(=C(c4ccc(N(C)C)cc4)c4c(C)cc(C)n4[B-]3(F)F)C(C)=C2)cc1,chromophore,-46.05415,-65.88969
C#CCOc1ccc(/C=C/C2=[N+]3C(=C(c4ccc(N(C)CC)cc4)c4c(C)cc(C)n4[B-]3(F)F)C(C)=C2)cc1,chromophore,-46.165707,-66.08849
C#CCOc1ccc(/C=C/C2=[N+]3C(=C(c4ccc(N(CC)CC)cc4)c4c(C)cc(/C=C/c5ccc(OCC(=O)OC)cc5)n4[B-]3(F)F)C(C)=C2)cc1,chromophore,-46.78823,-66.03768
C#CCOc1ccc(/C=C/C2=[N+]3C(=C(c4ccc(N(CC)CC)cc4)c4c(C)cc(C)n4[B-]3(F)F)C(C)=C2)cc1,chromophore,-46.470997,-66.04869
C#CCOc1ccc(/C=C/C2=[N+]3C(=C(c4ccccc4)c4c(C)cc(C)n4[B-]3(F)F)C(C)=C2)cc1,chromophore,-45.13227,-66.668335
C#CCn1c2ccccc2c2cc(/C=C/C3=[N+]4C(=C(c5ccc(I)cc5)c5c(C)cc(/C=C/c6ccc7c(c6)c6ccccc6n7CC#C)n5[B-]4(F)F)C(C)=C3)ccc21,chromophore,-46.82077,-62.544495
C#CCn1c2ccccc2c2cc(/C=C/c3c(Cl)c(C)c4n3[B-](F)(F)[N+]3=C(C)C(Cl)=C(C)C3=C4c3ccc(I)cc3)ccc21,chromophore,-46.867695,-62.206364
C#CCn1c2ccccc2c2cc(/C=C/c3cc(C)c4n3[B-](F)(F)[N+]3=C(C)C=C(C)C3=C4c3ccc(I)cc3)ccc21,chromophore,-46.822033,-62.516747
C#CCn1c2ccccc2c2cc(C(=O)OC)nc(-c3nc4c(C)cc(C)cc4[nH]3)c21,chromophore,-61.392323,-9.143037
C#Cc1ccc(-c2c3nc(c(-c4ccc(C#C)cc4)c4ccc([nH]4)c(-c4cc(C(C)(C)C)cc(C(C)(C)C)c4)c4cc(c(-c5cc(C(C)(C)C)cc(C(C)(C)C)c5)c5ccc2[nH]5)C=N4)C=C3)cc1,chromophore,-8.99453,-41.163586
C#Cc1ccc2c(C)cc(=O)oc2c1,chromophore,-31.130133,-30.106354
C#Cc1ccc2cc(/C=C/C(=O)OCC)c(=O)oc2c1,chromophore,-33.34842,-25.064415
C#Cc1ccc2cc(N(C)C)ccc2c1,chromophore,11.771984,-19.719746
C#Cc1ccc2ccc3cccc4ccc1c2c34,chromophore,-17.522753,-24.341639
C#Cc1cccc2ccccc12,chromophore,-14.592574,-24.403847
C#Cn1c(-c2cc(-c3nc4ccccc4n3C#C)cc(-c3nc4ccccc4n3C#C)c2)nc2ccccc21,chromophore,-3.4523368,-25.201931
C(#Cc1c(C#Cc2cccs2)c(C#Cc2cccs2)c(C#Cc2cccs2)c(C#Cc2cccs2)c1C#Cc1cccs1)c1cccs1,chromophore,-3.4055088,-14.229164
C(#Cc1cc(C#Cc2cccs2)c(C#Cc2cccs2)c(C#Cc2cccs2)c1C#Cc1cccs1)c1cccs1,chromophore,-3.2783704,-14.119155
C(#Cc1cc2ccc3cc(C#Cc4ccccc4)cc4ccc(c1)c2c34)c1ccccc1,chromophore,-11.779249,-27.574104
C(#Cc1cc2ccc3cccc4ccc(c1)c2c34)c1ccccc1,chromophore,-11.909576,-27.55609
C(#Cc1ccc(N(c2ccc(C#Cc3ccc(-c4cc(-c5ccccc5)nc(-c5ccccc5)c4)cc3)cc2)c2ccc(C#Cc3ccc(-c4cc(-c5ccccc5)nc(-c5ccccc5)c4)cc3)cc2)cc1)c1ccc(-c2cc(-c3ccccc3)nc(-c3ccccc3)c2)cc1,chromophore,21.59597,-32.399685
C(#Cc1ccc2ncsc2c1)c1ccc(N(c2ccc(C#Cc3ccc4ncsc4c3)cc2)c2ccc(C#Cc3ccc4ncsc4c3)cc2)cc1,chromophore,19.876276,-31.864037
C(#Cc1ccccc1)C(C#Cc1ccccc1)=Cc1ccc2cc(C=C(C#Cc3ccccc3)C#Cc3ccccc3)ccc2c1,chromophore,47.08615,-9.18654
C(#Cc1ccccc1)C(C#Cc1ccccc1)=c1c2ccccc2c(=C(C#Cc2ccccc2)C#Cc2ccccc2)c2ccccc12,chromophore,2.7091205,-13.6051
C(#Cc1ccccc1)C1=CC=CN2B1C=Cc1c2ccc2ccccc12,chromophore,-11.467455,-24.049889
C(#Cc1ccccc1C#Cc1ccccc1)c1ccccc1,chromophore,2.906224,-13.736267
C(#Cc1cccs1)c1ncc(-c2ccccc2)o1,chromophore,-9.196033,-12.694765
C(#Cc1ccncc1)C(C#Cc1ccncc1)=Cc1ccc(C=C(C#Cc2ccncc2)C#Cc2ccncc2)cc1,chromophore,49.701385,-9.638471
C(#Cc1nc(C#Cc2cccs2)c(C#Cc2cccs2)c(C#Cc2cccs2)c1C#Cc1cccs1)c1cccs1,chromophore,-4.0016723,-14.475501
C(#Cc1nc2ccccc2s1)c1ccc(N(c2ccc(C#Cc3nc4ccccc4s3)cc2)c2ccc(C#Cc3nc4ccccc4s3)cc2)cc1,chromophore,20.021002,-32.039845
C(#Cc1nc2ccccc2s1)c1ccc(N(c2ccccc2)c2ccccc2)cc1,chromophore,20.098896,-32.00463
C(#Cc1ncc(-c2ccccc2)o1)c1ccco1,chromophore,-9.320535,-12.743288
C(#Cc1nccnc1C#Cc1ccccc1)c1ccccc1,chromophore,2.8277075,-13.519178
C(/C=C/Nc1ccccc1)=[NH+]c1ccccc1,chromophore,-8.872317,-2.5429242
C(/C=C/c1ccc2ncnc(Nc3ccccc3)c2c1)=C\c1ccccc1,chromophore,-2.2235458,-3.045698
C(/C=C/c1ccccc1)=C\c1ccccc1,chromophore,-3.749176,-2.1077635
C(=C(c1ccccc1)c1ccccc1)c1ccc(-c2cc(-c3ccc(C=C(c4ccccc4)c4ccccc4)cc3)c(-c3ccc(C=C(c4ccccc4)c4ccccc4)cc3)cc2-c2ccc(C=C(c3ccccc3)c3ccccc3)cc2)cc1,chromophore,-5.644903,-3.1952987
C(=C(c1ccccc1)c1ccccc1)c1ccc(-c2cc(-c3ccc(C=C(c4ccccc4)c4ccccc4)cc3)cc(-c3ccc(C=C(c4ccccc4)c4ccccc4)cc3)c2)cc1,chromophore,-5.568826,-3.1762486
C(=C(c1ccccc1)c1ccccc1)c1ccc(C=C(c2ccccc2)c2ccccc2)cc1,chromophore,-5.035585,-2.82473
C(=C(c1nnn[nH]1)c1nnn[nH]1)c1ccc(N(c2ccccc2)c2ccc(C=C(c3nnn[nH]3)c3nnn[nH]3)cc2)cc1,chromophore,37.098812,-21.240705
C(=C(c1nnn[nH]1)c1nnn[nH]1)c1ccc(N(c2ccccc2)c2ccccc2)cc1,chromophore,37.098896,-21.240747
C(=C\c1c2ccccc2cc2ccccc12)/c1c2ccccc2cc2ccccc12,chromophore,-12.512273,-22.62477
C(=C\c1cc(-c2ccccc2)c(/C=C/c2ccc(N(c3ccccc3)c3ccccc3)cc2)cc1-c1ccccc1)/c1ccc(N(c2ccccc2)c2ccccc2)cc1,chromophore,33.302956,-21.098667
C(=C\c1cc(/C=C/c2ccc(-n3c4ccccc4c4ccccc43)cc2)cc(/C=C/c2ccc(-n3c4ccccc4c4ccccc43)cc2)c1)/c1ccc(-n2c3ccccc3c3ccccc32)cc1,chromophore,6.179244,-32.31829
C(=C\c1cc(/C=C/c2ccccc2)nc(/C=C/c2ccccc2)n1)/c1ccccc1,chromophore,-2.4539807,-2.735837
C(=C\c1ccc(-c2ccncc2)cc1)/c1ccc(-c2ccncc2)cc1,chromophore,-0.45840028,1.4393793
C(=C\c1ccc(-c2nc3c4cccnc4c4ncccc4c3[nH]2)cc1)/c1ccncc1,chromophore,-0.3366126,-3.8834171
C(=C\c1ccc(-n2c3ccccc3c3ccccc32)cc1)/c1ccc(-c2ccc(/C=C/c3ccc(-n4c5ccccc5c5ccccc54)cc3)cc2)cc1,chromophore,5.8383884,-32.449936
C(=C\c1ccc(N(c2ccccc2)c2ccccc2)cc1)/c1ccc(-c2ccc(/C=C/c3ccc(N(c4ccccc4)c4ccccc4)cc3)cc2)cc1,chromophore,33.181538,-20.979715
C(=C\c1ccc(N2CCOCC2)c2nsnc12)/c1ccncc1,chromophore,-3.3697112,4.476467
C(=C\c1ccc2ccccc2[nH+]1)/c1ccc(N(c2ccccc2)c2ccccc2)cc1,chromophore,32.038506,-20.272001
C(=C\c1ccccc1)/c1ccccc1,chromophore,-3.591546,-2.1009943
C(=C\c1ccccc1/C=C/c1c2ccccc2cc2ccccc12)/c1ccncc1,chromophore,-2.0334878,-3.7969959
C(=C\c1ccncn1)/c1ccc(N(c2ccccc2)c2ccc(/C=C/c3ccncn3)cc2)cc1,chromophore,31.982714,-21.50517
C(=C\c1cnc2ccccc2n1)/c1ccc(N2CCCCC2)cc1,chromophore,-2.6408534,5.1671886
C(=C\c1cnccn1)/c1ccc(N(c2ccccc2)c2ccc(/C=C/c3cnccn3)cc2)cc1,chromophore,32.004192,-21.602613
C(=C\c1cnccn1)/c1ccc(N(c2ccccc2)c2ccccc2)cc1,chromophore,32.004135,-21.60265
C(=C\c1nc(/C=C/c2ccc(-n3c4ccccc4c4ccccc43)cc2)nc(/C=C/c2ccc(-n3c4ccccc4c4ccccc43)cc2)n1)/c1ccc(-n2c3ccccc3c3ccccc32)cc1,chromophore,6.1251855,-32.133446
C(=C\c1nc2c3ccccc3c3ccccc3c2o1)/c1ccccc1,chromophore,-2.1088684,-3.835262
C(=C\c1nc2ccccc2[nH]1)/c1ccc(-c2nc3c4cccnc4c4ncccc4c3[nH]2)cc1,chromophore,-0.29649404,-3.9108224
C(=C\c1nc2ccccc2o1)/c1ccc(Cn2cc(-c3ccc(N(c4ccc(-c5cn(Cc6ccc(/C=C/c7nc8ccccc8o7)cc6)nn5)cc4)c4ccc(-c5cn(Cc6ccc(/C=C/c7nc8ccccc8o7)cc6)nn5)cc4)cc3)nn2)cc1,chromophore,30.5391,-24.813507
C(=C\c1nc2ccccc2o1)/c1ccc(Cn2cc(-c3ccc(N(c4ccccc4)c4ccc(-c5cn(Cc6ccc(/C=C/c7nc8ccccc8o7)cc6)nn5)cc4)cc3)nn2)cc1,chromophore,30.567602,-24.804934
C(=C\c1nc2ccccc2o1)/c1ccc(Cn2cc(COc3cc(Cn4cc(-c5ccc(N(c6ccccc6)c6ccc(-c7cn(Cc8cc(OCc9cn(Cc%10ccc(/C=C/c%11nc%12ccccc%12o%11)cc%10)nn9)cc(OCc9cnnn9Cc9ccc(/C=C/c%10nc%11ccccc%11o%10)cc9)c8)nn7)cc6)cc5)nn4)cc(OCc4cnnn4Cc4ccc(/C=C/c5nc6ccccc6o5)cc4)c3)nn2)cc1,chromophore,30.362879,-25.026264
C(=C\c1nc2ccccc2s1)/c1ccc(Cn2cc(-c3ccc(N(c4ccccc4)c4ccc(-c5cn(Cc6ccc(/C=C/c7nc8ccccc8s7)cc6)nn5)cc4)cc3)nn2)cc1,chromophore,31.203444,-24.492739
C(=C\c1ncc(-c2ccc(OCc3ccccc3)c(OCc3ccccc3)c2)o1)/c1cccc(N2CCN(c3ccccc3)CC2)c1,chromophore,-33.31706,-19.68205
C(=C1c2ccccc2-c2ccccc21)c1ccc(C=C2c3ccccc3-c3ccccc32)cc1,chromophore,-7.171511,-2.9698112
C(=CC=Cc1ccccc1)C=Cc1ccccc1,chromophore,-3.7430544,-2.1070685
C(S/C=C/c1ccc(/C=C/SC=C(c2ccccc2)c2ccccc2)cc1)=C(c1ccccc1)c1ccccc1,chromophore,-4.30737,-2.398605
C(S/C=C/c1ccc(/C=C/SC=C2CCCC2)cc1)=C1CCCC1,chromophore,-1.6092663,3.0327964
C(S/C=C/c1ccc(/C=C/SC=C2CCCCC2)cc1)=C1CCCCC1,chromophore,-1.6091939,3.0647135
C(S/C=C/c1ccc(/C=C/SC=C2CCCCCCC2)cc1)=C1CCCCCCC1,chromophore,-1.6091939,3.0647135
C(/c1ccccc1)=c1/o/c(=C\c2ccc(N3CCCC3)cc2)c2ccccc12,chromophore,-0.22968605,6.5053716
C(/c1ccccc1)=c1/o/c(=C\c2ccc(N3CCOCC3)cc2)c2ccccc12,chromophore,-0.22991066,6.5163817
C/C(=C\c1ccc(C)cc1)c1nc2ccccc2o1,chromophore,0.92427754,-20.116615
C/C(=C\c1ccc(Cl)cc1)c1nc2ccccc2o1,chromophore,0.9386296,-20.13598
C/C(=C\c1ccccc1)c1nc2ccccc2o1,chromophore,0.9216189,-20.113577
C/C=C/C(=O)Nc1ccc(C(=O)/C=C/c2ccc(N(C)CCO)cc2)cc1,chromophore,-64.82654,-29.726582
C/C=C/C1=NC(=C\c2ccc(O)cc2)/C(=O)N1C,chromophore,-13.378832,31.973515
C/C=C/c1ccc(OC)cc1,chromophore,-24.787548,-38.3904
C/N=N/C,chromophore,-15.640669,22.368656
C1#Cc2ccccc2OCc2cccc(c2)COc2ccccc21,chromophore,-10.057084,0.40995622
C1#Cc2ccccc2OCc2ccccc2COc2ccccc21,chromophore,-10.277616,0.63287973
C1=C(c2ccc(-c3cccs3)s2)CCC1,chromophore,-1.6401212,-14.154397
C1=C(c2ccccc2)C(c2ccccc2)=CC1c1ccccc1,chromophore,-10.457019,-6.986295
C1=C(c2ccccc2)C=C(c2ccccc2)/C1=C/C1CCCCC1,chromophore,-9.835095,-5.1838346
C1=C(c2ccccc2)[Si](c2ccccc2)(c2ccccc2)c2ccccc21,chromophore,-10.351241,-6.7649007
C1=C/C2=C(\c3ccccc3)c3c[nH]c(c3)/C(c3ccccc3)=C3/C=CC(=N3)/C(c3ccccc3)=c3/cc/c([nH]3)=C(\c3ccccc3)C1=N2,chromophore,-11.459248,-8.063943
C1=C2B(Nc3ccc(-c4ccc5ccc6cccc7ccc4c5c67)cc31)c1cc(-c3ccc4ccc5cccc6ccc3c4c56)ccc1C(c1ccccc1)=C2c1ccccc1,chromophore,-15.217741,-19.419125
C1=C2B(Nc3ccccc31)c1cc(-c3ccc4c(c3)C=C3B(N4)c4cc(-c5ccc6c(c5)B5Nc7ccccc7C=C5C(c5ccccc5)=C6c5ccccc5)ccc4C(c4ccccc4)=C3c3ccccc3)ccc1C(c1ccccc1)=C2c1ccccc1,chromophore,-12.661612,-6.5393586
C1=C2B(Nc3ccccc31)c1ccccc1C(c1ccccc1)=C2c1ccccc1,chromophore,-12.361716,-6.4807057
C1=C2B(OB3C(=Cc4ccccc4N3c3ccccc3)C(c3ccccc3)=C2c2ccccc2)N(c2ccccc2)c2ccccc21,chromophore,-9.7206,-7.7710247
C1=C2c3cc4ccccc4cc3C3=[N+]2[B-]2(Oc4ccccc43)Oc3ccccc3-c3c4cc5ccccc5cc4c1n32,chromophore,-43.25938,-55.840572
C1=CB2C=Cc3ccccc3N2C=C1,chromophore,-9.289799,-5.9284005
C1=CC2=CC=CC3C=c4c(cc5cccc6cccc4c65)C(=C1)C23,chromophore,-16.814472,-23.438148
C1=CCC2C=c3ccccc3=C(c3oc4cccc5[n+]4c3-c3ccccc3-5)C2=C1,chromophore,-11.351931,-0.5028107
C1=CN2B(C=Cc3ccccc32)C(N2CCOCC2)=C1,chromophore,-9.966584,3.8509636
C1=Cc2c(ccc3ccccc23)NB1c1ccccc1,chromophore,-12.595976,-23.591063
C1=Cc2ccccc2C(=Cc2ccc(-c3cc(-c4ccc(C=C5c6ccccc6C=Cc6ccccc65)cc4)cc(-c4ccc(C=C5c6ccccc6C=Cc6ccccc65)cc4)c3)cc2)c2ccccc21,chromophore,-7.0185804,-3.21838
C1=[N+](c2ccccc2)[B-](c2ccccc2)(c2ccccc2)n2cccc21,chromophore,-8.523906,-6.508259
C1CCN2CCCn3c2c(c2c3=NCCN=2)C1,chromophore,-25.962784,0.7246503
C=C(C)C(CN1C(=O)c2cccc3c2c(cc2nc(C)oc23)C1=O)OO,chromophore,-26.225706,-26.297958
C=C(C)C(CN1C(=O)c2cccc3cccc(c23)C1=O)OO,chromophore,-25.88615,-25.522203
C=C(c1ccccc1)c1nn(-c2ccccc2)nc1-c1ccccc1,chromophore,-9.260137,-9.694179
C=C1Cn2c3ccccc3c3cc(C(=O)OC)nc(c32)-c2nc3ccccc3n21,chromophore,-61.008835,-10.045084
C=CB1C=Cc2ccc3ccccc3c2N1,chromophore,-12.569216,-23.493267
C=CC1CN2CCC1CC2[C@H](O)c1ccnc2ccc(OC)cc12,chromophore,-60.280437,2.2570174
C=CCN(CC=C)c1ccc(-c2cc(-c3ccc(N(CC=C)CC=C)cc3)cc(-c3ccc(N(CC=C)CC=C)cc3)c2)cc1,chromophore,12.704524,-21.7839
C=CCNC1=C2C=CC=[N+]2[B-](F)(F)n2cccc21,chromophore,-37.07311,-54.04805
C=CCOc1ccc(-c2nc3cc(C(NC(=O)OC(C)(C)C)C(=O)OC)ccc3o2)cc1,chromophore,-49.571644,-23.255558
C=CC[C@H](/C=C(/C=C/c1cc(C)c2n1[B-](F)(F)[N+]1=CC=CC1=C2)CC)CC,chromophore,-89.516785,-12.657006
C=CCn1c(=O)c2c(nc(/C=C/C(=O)OCCCC)n2C)n(C)c1=O,chromophore,-11.1058035,31.347084
C=CCn1c2ccccc2c2cc(C(=O)OC)nc(-c3nc4ccccc4s3)c21,chromophore,-60.401184,-9.688884
C=C[C@H]1CN2CC[C@H]1C[C@H]2[C@H](O)c1ccnc2ccc(OC)cc12,chromophore,-60.280437,2.2570174
C=C[Si]1(C)c2ccccc2-c2cc3c(cc21)-c1ccccc1[Si]3(C)C=C,chromophore,-12.592885,-2.3180861
C=Cc1c(C)c2cc3nc(c4c5[nH]c(cc6nc(cc1[nH]2)C(C)=C6CC)c(C)c5C(=O)C4)[C@@H](CCC(=O)OC)[C@@H]3C,chromophore,-29.58771,30.344374
C=Cc1cc2ccc(N(CC)CC)cc2oc1=O,chromophore,17.121548,-58.25803
C=Cc1cc2ccccc2oc1=O,chromophore,-27.726376,-28.94489
C=Cc1ccc(OC)cc1,chromophore,-25.228819,-38.83508
C=Cc1cccc(OC)c1,chromophore,-25.460617,-39.45021
C=c1c2c(-c3ccc(-n4c5ccccc5c5ccccc54)cc3)n(CC)c(=C)c2c(-c2ccc(-c3ccc(C=C(C#N)C(=O)O)s3)cc2)n1CC,chromophore,53.87016,25.54641
C=c1c2c(-c3ccc(N(c4ccccc4)c4ccccc4)cc3)n(CC)c(=C)c2c(-c2ccc(-c3ccc(C=C(C#N)C(=O)O)s3)cc2)n1CC,chromophore,62.64529,13.425667
CB1C=Cc2ccc3ccccc3c2N1,chromophore,-12.456346,-23.647636
CB1C=Cc2ccc3ccccc3c2N1c1ccccc1,chromophore,-11.945432,-23.797493
CC#CCCCCC,chromophore,19.490742,14.225301
CC(=O)NC(Cc1ccc(O)cc1)C(=O)O[Si]1(OC(=O)C(Cc2ccc(O)cc2)NC(C)=O)n2c3c4ccccc4c2/N=C2N=C(/N=c4/c5ccccc5/c(n41)=N/C1=NC(=N\3)/c3ccccc31)c1ccccc1\2,chromophore,-34.39332,15.076235
CC(=O)Nc1cc2ccc3cccc4ccc(c1)c2c34,chromophore,-21.711239,-24.333178
CC(=O)Nc1ccc(C(=O)Nc2ccc(C(=O)/C=C/c3ccc(N(C)CCO)cc3)cc2)cc1,chromophore,-64.92008,-29.888842
CC(=O)Nc1ccc(C2=C/C(=C\c3ccc(C#N)cc3)C(=O)N2)cc1,chromophore,10.770983,-4.6427693
CC(=O)Nc1ccc(C2=C/C(=C\c3ccc([N+](=O)[O-])cc3)C(=O)O2)cc1,chromophore,6.251119,23.67516
CC(=O)Nc1ccc(C2=N/C(=C\c3ccc(C#N)cc3)C(=O)O2)cc1,chromophore,10.746773,-4.6713123
CC(=O)OCC(=O)Nc1ccc(C(=O)/C=C/c2ccc(N(C)CCO)cc2)cc1,chromophore,-64.6468,-29.442936
CC(=O)OCCN1C(=O)c2cccc3c(Oc4ccc(C#N)cc4)ccc(c23)C1=O,chromophore,19.563414,31.063774
CC(=O)OCCN1C(=O)c2cccc3c(Oc4ccccc4C)ccc(c23)C1=O,chromophore,19.711393,30.917044
CC(=O)OC[C@@H]1O[C@H](N2C=CC3=Nc4nc(C)[n+](C)cc4CN3C2=O)[C@@H](O)[C@H]1O,chromophore,-33.372005,43.028996
CC(=O)O[B-]1(OC(C)=O)OC(/C=C/c2ccc(C)cc2)=CC(/C=C/c2ccc(C)cc2)=[O+]1,chromophore,-39.537514,-12.361608
CC(=O)O[B-]1(OC(C)=O)OC(/C=C/c2cccc3ccccc23)=CC(/C=C/c2cccc3ccccc23)=[O+]1,chromophore,-24.466122,-22.89688
CC(=O)Oc1ccc(/C=C/c2nc3c(c(=O)n(C)c(=O)n3C)n2C)cc1,chromophore,-13.449274,30.627172
CC(=O)Oc1ccccc1C(=O)Nc1ccc(C(=O)/C=C/c2ccc(N(C)CCO)cc2)cc1,chromophore,-63.607758,-29.802784
CC(=O)[B-]1(C(C)=O)OC(c2ccccc2)=CC(c2ccccc2)=[O+]1,chromophore,-31.996016,7.989343
CC(=O)c1c(N[C@@H](CC(C)C)C(=O)O)c2ccc(N(C)C)cc2oc1=O,chromophore,14.493252,-26.349245
CC(=O)c1c(N[C@H](C(=O)O)C(C)C)c2ccc(N(C)C)cc2oc1=O,chromophore,14.471533,-26.222723
CC(=O)c1c2c(cc3cc(N(C)C)ccc13)CCC2,chromophore,16.86608,-22.079811
CC(=O)c1c2c(cc3ccc(NCc4ccccc4)cc13)CCC2,chromophore,-34.000526,9.242997
CC(=O)c1c2ccccc2n2c(-c3ccc(C)cc3)c(-c3ccc(C)cc3)c(-c3ccc(C)cc3)c(-c3ccc(C)cc3)c12,chromophore,-5.171273,-31.530067
CC(=O)c1cc2c(cc1F)NC(C)(C)CC2=O,chromophore,-32.965195,31.918983
CC(=O)c1cc2cc3c4c(c2oc1=O)CCCN4CCC3,chromophore,-28.836407,1.652731
CC(=O)c1ccc(-c2c(-c3ccc(C(C)=O)cc3)c3cc(C(C)(C)C)cc4c(-c5ccc(C(C)=O)cc5)c(-c5ccc(C(C)=O)cc5)c5cccc2c5[n+]34)cc1,chromophore,-6.4018416,-41.85391
CC(=O)c1ccc(-c2c3cc(N(C)C)ccc3nn2C)o1,chromophore,16.38035,-24.362206
CC(=O)c1ccc(-c2c3cc([N+](=O)[O-])ccc3nn2C)s1,chromophore,1.5994315,20.650433
CC(=O)c1ccc(-c2c3ccccc3nn2C)o1,chromophore,-28.316116,-23.313913
CC(=O)c1ccc(-c2cc(C)[o+]c(C)c2)cc1,chromophore,-24.356367,19.247372
CC(=O)c1ccc(-c2cnc3nn4ccccc4c3n2)cc1,chromophore,-35.618256,9.2112875
CC(=O)c1ccc(/C=C/C=C/C2=NC3C(=O)NC(N)=NC3N2[C@H]2C[C@H](O)[C@@H](CO)O2)cc1,chromophore,-33.57602,48.137344
CC(=O)c1ccc(/C=C/N(c2ccccc2)c2ccccc2)cc1,chromophore,24.589039,-19.14164
CC(=O)c1ccc(/N=N/c2ccc(Nc3ccccc3)cc2)cc1,chromophore,-31.269457,10.547339
CC(=O)c1ccc(C#Cc2ccc(-c3cc(N(C)C)c4ccccc4c3)cc2)cc1,chromophore,7.989031,-17.508888
CC(=O)c1ccc(O)c(O)c1,chromophore,-24.56176,19.856777
CC(=O)c1ccc2c(-c3ccc(Br)cc3)c3c(n2c1)C(=O)N(CCNC(=O)OC(C)(C)C)C3,chromophore,-77.54691,1.4726799
CC(=O)c1ccc2c(c1)C(C)(C)c1cc(N(C)CC#Cc3cn([C@H]4C[C@H](O)[C@@H](CO)O4)c(=O)nc3N)ccc1-2,chromophore,-35.336452,49.47789
CC(=O)c1ccc2ccc3c(NCCC(=O)NCCCCCCc4nc5c(=O)[nH]c(N)nc5n4[C@H]4C[C@H](O)[C@@H](CO)O4)ccc4ccc1c2c43,chromophore,-34.88109,45.418537
CC(=O)c1ccc2nn(C)c(-c3ccc(C(C)=O)o3)c2c1,chromophore,-28.701433,-23.156221
CC(=O)c1ccc2nn(C)c(-c3ccc(C=O)s3)c2c1,chromophore,-14.282136,28.51162
CC(=O)c1ccn2c3c(c(-c4ccc(Br)cc4)c2c1)CN(CCNC(=O)OC(C)(C)C)C3=O,chromophore,-77.597206,1.3310107
CC(=O)c1ccn2c3c(c(-c4ccc(C#N)cc4)c2c1)CN(CCCNC(=O)OC(C)(C)C)C3=O,chromophore,-78.15244,0.4094552
CC(=O)c1ccn2c3c(c(-c4ccc(C(F)(F)F)cc4)c2c1)CN(CCCNC(=O)OC(C)(C)C)C3=O,chromophore,-77.68937,1.2046682
CC(=O)c1ccn2c3c(c(-c4ccc(C)cc4)c2c1)CN(CCCNC(=O)OC(C)(C)C)C3=O,chromophore,-78.15162,1.2930833
CC(=O)c1ccn2c3c(c(-c4ccc(C)cc4)c2c1)CN(CCNC(=O)OC(C)(C)C)C3=O,chromophore,-78.17803,1.3242519
CC(=O)c1ccn2c3c(c(-c4ccc(F)cc4)c2c1)CN(CCCNC(=O)OC(C)(C)C)C3=O,chromophore,-77.880066,1.220634
CC(=O)c1ccn2c3c(c(-c4ccc(N(C)C)cc4)c2c1)CN(C(C)CO)C3=O,chromophore,-72.80736,1.6593708
CC(=O)c1ccn2c3c(c(-c4cccc(Br)c4)c2c1)CN(CCNC(=O)OC(C)(C)C)C3=O,chromophore,-77.19835,1.3124524
CC(=O)c1ccn2c3c(c(-c4cccc(C#N)c4)c2c1)CN(CCNC(=O)OC(C)(C)C)C3=O,chromophore,-78.06215,0.34987366
CC(=O)c1ccn2c3c(c(-c4cccc(N(C)C)c4)c2c1)CN(CCNC(=O)OC(C)(C)C)C3=O,chromophore,-76.759186,1.3724955
CC(=O)c1ccn2c3c(c(-c4ccccc4N(C)C)c2c1)CN(CCNC(=O)OC(C)(C)C)C3=O,chromophore,-76.68355,1.4797399
CC(=O)c1ccn2c3c(c(/C=C/c4cc[n+](C)cc4)c2c1)CN(C)C3=O,chromophore,-13.112141,30.43513
CC(=O)c1nc(-c2ccc(C)cc2)oc1C,chromophore,-16.428856,-12.69347
CC(=O)c1nc(-c2ccc(N(C)C)cc2)oc1C,chromophore,12.519379,-23.400131
CC(=O)n1cc(/C=C/c2ccc([N+](=O)[O-])cc2)c2ccccc21,chromophore,5.6705804,16.664665
CC(C)(C(=O)c1ccc(N2c3ccccc3Oc3ccccc32)cc1)C(=O)c1ccc(N2c3ccccc3Oc3ccccc32)cc1,chromophore,5.6009717,6.997216
CC(C)(C)/C=C/C1=[N+]2C(=C(c3c4ccccc4cc4ccccc34)c3ccc(/C=C/C(C)(C)C)n3[B-]2(F)F)C=C1,chromophore,-44.235218,-58.350876
CC(C)(C)C#Cc1cc2c(C#CC(C)(C)C)c(C#CC(C)(C)C)c3cc(C#CC(C)(C)C)cc4c(C#CC(C)(C)C)c(C#CC(C)(C)C)c(c1)c2c34,chromophore,5.4956307,-15.19419
CC(C)(C)C1=CC(=C(c2ccc(C=O)s2)c2ccc(C=C(C#N)C(=O)O)s2)C=C(C(C)(C)C)O1,chromophore,49.7169,22.289354
CC(C)(C)C1=CC(=C(c2cccs2)c2ccc(C=C(C#N)C(=O)O)s2)C=C(C(C)(C)C)O1,chromophore,49.731255,22.22568
CC(C)(C)C1=CC(=Cc2ccc(C=C(C#N)C(=O)O)s2)C=C(C(C)(C)C)O1,chromophore,49.704967,22.299204
CC(C)(C)C1=CC(=Cc2ncc(C=C(C#N)C(=O)O)s2)C=C(C(C)(C)C)O1,chromophore,49.625786,22.04648
CC(C)(C)C1=CC2=C3C(=CC=C4C=CC(c5cc6c7cc(-c8ccc9ccc%10cc(C(C)(C)C)cc%11ccc8c9c%10%11)ccc7c(-c7ccc8ccc9cc(C(C)(C)C)cc%10ccc7c8c9%10)cc6c6cc(-c7ccc8ccc9cc(C(C)(C)C)cc%10ccc7c8c9%10)ccc56)=C(C=C2)C43)C1,chromophore,-8.378962,-42.599342
CC(C)(C)C1CC(/C=C(\C#N)C(=O)O)=C2OC(c3ccccc3)=CC(c3ccccc3)=C2C1,chromophore,49.660015,19.327156
CC(C)(C)C1CC(/C=C/C=C(\C#N)C(=O)O)=C2OC(c3ccccc3)=CC(c3ccccc3)=C2C1,chromophore,49.613403,19.380209
CC(C)(C)C1CC(/C=C/C=C(\C#N)C(=O)O)=C2SC(c3ccccc3)=CC(c3ccccc3)=C2C1,chromophore,49.59558,19.477394
CC(C)(C)C1CCC(=CS/C=C/c2ccc(-c3ccc(/C=C/SC=C4CCC(C(C)(C)C)CC4)cc3)cc2)CC1,chromophore,-1.3830814,2.6730537
CC(C)(C)C1CCC(=CS/C=C/c2ccc(/C=C/SC=C3CCC(C(C)(C)C)CC3)cc2)CC1,chromophore,-1.6103451,2.7444053
CC(C)(C)C1Nc2c(Cl)cc(Cl)cc2C(=O)N1Cc1ccccc1,chromophore,-44.288597,-9.081714
CC(C)(C)C1Nc2ccccc2C(=O)N1Cc1ccccc1,chromophore,-14.17488,8.8882475
CC(C)(C)CC(C)(C)c1ccc(N(c2ccc(C(C)(C)CC(C)(C)C)cc2)c2ccc3c4c(Sc5ccccc5)cc5c6c(cc(Sc7ccccc7)c(c7cccc2c73)c64)C(=O)OC5=O)cc1,chromophore,-7.0623612,-49.769356
CC(C)(C)CC(C)(C)c1ccc(Oc2cc3c(cc2Oc2ccc(C(C)(C)CC(C)(C)C)cc2)/C2=N/c4c5cc(Oc6ccc(C(C)(C)CC(C)(C)C)cc6)c(Oc6ccc(C(C)(C)CC(C)(C)C)cc6)cc5c5[n]4[Zn][n]4/c(c6cc(Oc7ccc(C(C)(C)CC(C)(C)C)cc7)c(Oc7ccc(C(C)(C)CC(C)(C)C)cc7)cc6/c4=N/C3=N2)=N\C2=NC(=N\5)/c3ccc(-c4ccc(C(=O)O)cc4)cc32)cc1,chromophore,-7.866311,14.952478
CC(C)(C)CC(C)(C)c1ccc(Oc2cc3c4c(cc(Oc5ccc(C(C)(C)CC(C)(C)C)cc5)c5c6ccc(N(c7ccccc7)c7ccccc7)c7cccc(c2c45)c76)C(=O)OC3=O)cc1,chromophore,-7.0445814,-49.604893
CC(C)(C)CC(C)(C)c1ccc(Oc2cc3c4c(ccc5c6c(Oc7ccc(C(C)(C)CC(C)(C)C)cc7)cc7c8c(ccc(c2c45)c86)C(=O)N(C2CCCCC2)C7=O)C(=O)OC3=O)cc1,chromophore,-6.9136667,-48.717842
CC(C)(C)N1C(=O)c2c(cc3ccc4cccc5ccc2c3c45)C1O,chromophore,-19.864948,-26.065882
CC(C)(C)NC(=O)C(OC(=O)c1ccccc1)C1=CC2=C(c3ccccc3)c3cccn3[B-](F)(F)[N+]2=C1,chromophore,-33.559353,-67.99645
CC(C)(C)NC(=O)C(OC(=O)c1ccccc1)C1=CC2=C(c3cccs3)c3cccn3[B-](F)(F)[N+]2=C1,chromophore,-34.067566,-68.06821
CC(C)(C)NC(=O)C(OC(=O)c1ccccc1)c1ccc(C2=C3C=CC=[N+]3[B-](F)(F)n3cccc32)s1,chromophore,-33.98174,-68.058655
CC(C)(C)NC(=O)C(OC(=O)c1ccccc1)c1cccc(C2=C3C=CC(c4ccc([N+](=O)[O-])cc4)=[N+]3[B-](F)(F)n3cccc32)c1,chromophore,-33.284954,-68.45833
CC(C)(C)NC(=O)C(c1ccc(C2=C3C=CC=[N+]3[B-](F)(F)n3cccc32)cc1)N(Cc1ccccc1)C(=O)c1ccccc1,chromophore,-33.289154,-67.78435
CC(C)(C)NC(=O)c1ccc(-c2ccc(N3c4ccccc4Oc4ccccc43)cc2)c2ccc3c4ccc(F)cc4c4cc(F)ccc4c3c12,chromophore,-1.7414992,-6.9613585
CC(C)(C)NC(=O)c1ccc(-c2ccccc2)c2ccc3c4ccccc4c4ccccc4c3c12,chromophore,-29.712328,-19.377506
CC(C)(C)NC(=O)c1ccc(C(=O)NC(C)(C)C)c2c1c1c3ccc(Cl)cc3c3cc(Cl)ccc3c1c1c3ccc(Cl)cc3c3cc(Cl)ccc3c21,chromophore,-45.348156,1.6155709
CC(C)(C)NC(=O)c1ccc2ccc3cccc4c3c2c1c1c2ccccc2c2ccccc2c41,chromophore,-21.693056,-25.043327
CC(C)(C)Nc1c(-c2cc(-c3ccc(Cl)cc3)n(-c3ccccc3)n2)nc2c(Cl)cc(Cl)cn12,chromophore,-49.9638,-9.622962
CC(C)(C)Nc1cc2oc3cc(NC(C)(C)C)c(F)cc3c(=O)c2cc1F,chromophore,-33.274372,-30.955957
CC(C)(C)OC(=O)COc1ccc2c(c1)oc(=O)c1c(=O)oc3ccccc3c12,chromophore,-30.891918,-26.273163
CC(C)(C)OC(=O)N1CCN(c2ccc3c(-c4ccc(I)cc4)c4ccc(=[N+]5CCN(C(=O)OC(C)(C)C)CC5)cc-4oc3c2)CC1,chromophore,-1.2686411,-73.415215
CC(C)(C)OC(=O)NC(C(=O)OCc1ccc2c3cccc4cccc(c5cccc1c52)c43)c1c[nH]c2ccccc12,chromophore,-23.191908,-25.626148
CC(C)(C)OC(=O)NCC(=O)OCc1ccc2c3cccc4cccc(c5cccc1c52)c43,chromophore,-22.984343,-25.650078
CC(C)(C)OC(=O)NCCCC(=O)OCc1ccc2c3cccc4cccc(c5cccc1c52)c43,chromophore,-23.037476,-25.655457
CC(C)(C)OC(=O)NCCCN1Cc2c(-c3ccc(C#N)cc3)c3ccc4oc(-c5ccccc5)cc4n3c2C1=O,chromophore,-77.5165,-0.32675844
CC(C)(C)OC(=O)NCCCN1Cc2c(-c3ccccc3)c3ccc4oc(-c5ccccc5)cc4n3c2C1=O,chromophore,-76.641335,0.19407734
CC(C)(C)OC(=O)NCCCN1Cc2cc3ccc4occc4n3c2C1=O,chromophore,-76.237785,0.82329196
CC(C)(C)OC(=O)N[C@@H](CCn1cc(COc2ccc(-c3cc(-c4ccccc4)c4n3[B-](F)(F)[N+]3=C(c5ccc(OCCCS(=O)(=O)[O-])cc5)C=C(c5ccccc5)C3=N4)cc2)nn1)C(=O)O,chromophore,-32.33968,-68.03064
CC(C)(C)OC(=O)c1c(C=Cc2ccccc2)oc(NC2CCCCC2)c1C(=O)OC(C)(C)C,chromophore,-41.383724,26.58055
CC(C)(C)OC(=O)c1ccc(OCCCCCCn2c(/C=C/c3ccc(N(c4ccccc4)c4ccccc4)cc3)ccc2/C=C(\C#N)C(=O)O)cc1,chromophore,68.5585,20.396564
CC(C)(C)[N+](=O)[O-],chromophore,1.6773226,23.234571
CC(C)(C)[Si](C)(C)OCc1cc(C=C(C#N)C(=O)O)sc1-c1ccc(N(c2ccccc2)c2ccccc2)cc1,chromophore,58.761448,17.125973
CC(C)(C)[Si](C)(C)c1ccc([Si](C)(C)C(C)(C)C)c2ccccc12,chromophore,-8.984667,-25.545748
CC(C)(C)[Si](C)(C)c1cccc2ccccc12,chromophore,-9.847486,-25.49739
CC(C)(C)c1cc(-c2c3cccc4c5cccc6c(-c7cc(C(C)(C)C)cc(C(C)(C)C)c7)c7cccc8c9cccc2c9c(c34)c(c65)c78)cc(C(C)(C)C)c1,chromophore,-6.0074186,-42.196865
CC(C)(C)c1cc(-c2c3nc(cc4[nH]c(cc4/C=C/C(=O)O)c(-c4cc(C(C)(C)C)cc(C(C)(C)C)c4)c4nc(cc5[nH]c2cc5C=CC(=O)O)C(C=CC(=O)O)=C4)C(/C=C/C(=O)O)=C3)cc(C(C)(C)C)c1,chromophore,-12.728605,15.088019
CC(C)(C)c1cc(/C2=C3\C=CC(=N3)/C(C#CC#N)=c3/cc/c4[n]3[Zn][n]3c(ccc32)/C(C#Cc2ccc(C(=O)O)cc2)=C2/C=CC(=N2)/C=4c2cc(C(C)(C)C)cc(C(C)(C)C)c2)cc(C(C)(C)C)c1,chromophore,13.165991,74.05539
CC(C)(C)c1cc(/C2=C3\C=CC(=N3)/C(C#C[N+](=O)[O-])=c3/cc/c4[n]3[Zn][n]3c(ccc32)/C(C#Cc2ccc(C(=O)O)cc2)=C2/C=CC(=N2)/C=4c2cc(C(C)(C)C)cc(C(C)(C)C)c2)cc(C(C)(C)C)c1,chromophore,13.060184,73.95764
CC(C)(C)c1cc(/C2=C3\C=CC(=N3)/C(C#Cc3c4cc5ccccc5cc4c(C#Cc4ccc(C(=O)O)cc4)c4cc5ccccc5cc34)=c3/cc/c4[n]3[Zn][n]3c2ccc3/C(c2cc(C(C)(C)C)cc(C(C)(C)C)c2)=C2/C=CC(=N2)/C=4c2cc(C(C)(C)C)cc(C(C)(C)C)c2)cc(C(C)(C)C)c1,chromophore,12.820181,74.37803
CC(C)(C)c1cc(/C2=C3\C=CC(=N3)/C(C#Cc3c4ccccc4c(C#Cc4ccc(C(=O)O)cc4)c4cc5ccccc5cc34)=c3/cc/c4[n]3[Zn][n]3c2ccc3/C(c2cc(C(C)(C)C)cc(C(C)(C)C)c2)=C2/C=CC(=N2)/C=4c2cc(C(C)(C)C)cc(C(C)(C)C)c2)cc(C(C)(C)C)c1,chromophore,12.730429,74.435646
CC(C)(C)c1cc(/C2=C3\C=CC(=N3)/C(C#Cc3c4ccccc4c(C#Cc4ccc(C(=O)O)cc4)c4ccccc34)=c3/cc/c4[n]3[Zn][n]3c2ccc3/C(c2cc(C(C)(C)C)cc(C(C)(C)C)c2)=C2/C=CC(=N2)/C=4c2cc(C(C)(C)C)cc(C(C)(C)C)c2)cc(C(C)(C)C)c1,chromophore,12.88364,74.375
CC(C)(C)c1cc(/C2=C3\C=CC(=N3)/C(C#Cc3ccc(C#Cc4ccc(C(=O)O)cc4)c4ccccc34)=c3/cc/c4[n]3[Zn][n]3c2ccc3/C(c2cc(C(C)(C)C)cc(C(C)(C)C)c2)=C2/C=CC(=N2)/C=4c2cc(C(C)(C)C)cc(C(C)(C)C)c2)cc(C(C)(C)C)c1,chromophore,12.851905,74.36815
CC(C)(C)c1cc(/C2=C3\C=CC(=N3)/C(C#Cc3cncnc3)=c3/cc/c4[n]3[Zn][n]3c(ccc32)/C(C#Cc2ccc(C(=O)O)cc2)=C2/C=CC(=N2)/C=4c2cc(C(C)(C)C)cc(C(C)(C)C)c2)cc(C(C)(C)C)c1,chromophore,13.208391,74.04561
CC(C)(C)c1cc(/C2=C3\C=CC(=N3)/C=c3/cc/c4[n]3[Zn][n]3c(ccc32)/C(C#Cc2ccc(C(=O)O)cc2)=C2/C=CC(=N2)/C=4c2cc(C(C)(C)C)cc(C(C)(C)C)c2)cc(C(C)(C)C)c1,chromophore,13.233563,73.963394
CC(C)(C)c1cc(/C2=c3\cc/c4[n]3[Zn][N]3C(C=CC3/C(c3ccc(C(=O)O)cc3)=C3/C=CC(=N3)/N=4)/N=C3/C=CC2=N3)cc(C(C)(C)C)c1,chromophore,14.304001,72.36997
CC(C)(C)c1cc(/C=C/C=C/C=C2\N(CCCS(=O)(=O)[O-])c3ccc(S(=O)(=O)[O-])cc3C2(C)CCCC(=O)O)c2ccc(N(CCCS(=O)(=O)[O-])CCCS(=O)(=O)[O-])cc2[o+]1,chromophore,6.0688477,52.095707
CC(C)(C)c1cc(/C=C/C=C2\N(CCCCCC(=O)O)c3ccc(S(=O)(=O)[O-])cc3C2(C)C)c2cc3c4c(c2[o+]1)CCCN4CCC3,chromophore,5.543501,50.86854
CC(C)(C)c1cc(/C=C/C=C2\N(CCCS(=O)(=O)[O-])c3ccc(S(=O)(=O)O)cc3C2(C)CCCC(=O)O)c2cc3c4c(c2[o+]1)CCCN4CCC3,chromophore,5.4976997,50.971046
CC(C)(C)c1cc(/C=C/C=C2\N(CCC[SH](=O)([O-])O)c3ccc(S(=O)(=O)[O-])cc3C2(C)CCCC(=O)O)c2ccc(N(CCCS(=O)(=O)[O-])CCCS(=O)(=O)[O-])cc2[o+]1,chromophore,6.0779033,52.095127
CC(C)(C)c1cc(/C=C/C=C2\N(CCCS(=O)(=O)[O-])c3ccc(S(=O)(=O)[O-])cc3C2(C)CCCC(=O)O)c2ccc(N(CCCS(=O)(=O)[O-])CCCS(=O)(=O)[O-])cc2[o+]1,chromophore,6.0700946,52.098564
CC(C)(C)c1cc(/C=C/CC/C=C2\N(CCCS(=O)(=O)[O-])c3ccc(S(=O)(=O)[O-])cc3C2(C)CCCC(=O)O)c2cc3c4c(c2[o+]1)CCCN4CCC3,chromophore,5.489275,50.952003
CC(C)(C)c1cc(C(C)(C)C)c(-c2nnc(-c3ccc(-n4c5ccccc5c5ccccc54)cc3)o2)c(C(C)(C)C)c1,chromophore,0.30902895,-41.24925
CC(C)(C)c1cc2c(-c3ccc(N(c4ccccc4)c4ccccc4)cc3)c(-c3ccc(N(c4ccccc4)c4ccccc4)cc3)c3cccc4c(-c5ccc(N(c6ccccc6)c6ccccc6)cc5)c(-c5ccc(N(c6ccccc6)c6ccccc6)cc5)c(c1)[n+]2c34,chromophore,19.626865,-36.056137
CC(C)(C)c1cc2c(-c3cccc4ccccc34)c(-c3cccc4ccccc34)c3cccc4c(-c5cccc6ccccc56)c(-c5cccc6ccccc56)c(c1)[n+]2c34,chromophore,-6.955006,-42.623363
CC(C)(C)c1cc2c(-c3ccccc3)c(-c3ccccc3)c3cccc4c(-c5ccccc5)c(-c5ccccc5)c(c1)[n+]2c34,chromophore,-5.960027,-41.392178
CC(C)(C)c1cc2c(c(C(C)(C)C)c1)O[B-](F)(F)[n+]1c-2nc(-c2ccccc2)c2cc(Cl)ccc21,chromophore,-6.933839,-37.994995
CC(C)(C)c1cc2c3cc(C(C)(C)C)c(-c4cc5cc6c7cccc8cccc(c9cc(C(C)(C)C)cc(c5cc4C(C)(C)C)c96)c87)cc3cc3c4cccc5cccc(c(c1)c23)c54,chromophore,-7.005308,-42.85687
CC(C)(C)c1cc2ccc3c(-c4ccc(N(c5ccccc5)c5ccccc5)cc4)ccc4c5nc6cc(C#N)c(C#N)cc6nc5c(c1)c2c34,chromophore,20.955776,-34.75982
CC(C)(C)c1cc2ccc3cc(C(C)(C)C)cc4c3c2c(c1)c(=O)n1c4nc2c3cc(C(C)(C)C)cc4ccc5cc(C(C)(C)C)cc(c5c43)c21,chromophore,-6.898619,-46.431023
CC(C)(C)c1cc2ccc3cc(C(C)(C)C)cc4c3c2c(c1)c(=O)n1c4nc2c3ccccc3c3ccccc3c21,chromophore,-6.9272695,-46.520405
CC(C)(C)c1ccc(-[n+]2nc3c(-c4ccc(Oc5ccccc5)cc4)cc(C(C)(C)C)cc3c3ccc(Oc4ccccc4)cc32)cc1,chromophore,-5.0176306,-43.00317
CC(C)(C)c1ccc(-[n+]2nc3ccccc3c3ccccc32)cc1,chromophore,-5.3102884,-43.91013
CC(C)(C)c1ccc(-c2c(-c3ccc(-n4c5ccccc5c5ccccc54)cc3)cc(-c3ccc(-n4c5ccccc5c5ccccc54)cc3)c(-c3ccc(C(C)(C)C)cc3)c2-c2ccc(C(C)(C)C)cc2)cc1,chromophore,-0.039071638,-41.91165
CC(C)(C)c1ccc(-c2c(-c3ccc(C(C)(C)C)cc3)c3cc(C(C)(C)C)cc4c(-c5ccc(C(C)(C)C)cc5)c(-c5ccc(C(C)(C)C)cc5)c5cccc2c5[n+]34)cc1,chromophore,-6.0578403,-41.925903
CC(C)(C)c1ccc(-c2c(-c3ccc(N(c4ccccc4)c4ccccc4)cc3)c(C#N)c(-c3ccc(N(c4ccccc4)c4ccccc4)cc3)c(-c3ccc(C(C)(C)C)cc3)c2-c2ccc(C(C)(C)C)cc2)cc1,chromophore,20.207842,-34.811806
CC(C)(C)c1ccc(-c2c3cccc4c(-c5ccccc5)cc5c(-c6ccc(C(C)(C)C)cc6)c6cccc7c(-c8ccccc8)cc2c(c76)c5c43)cc1,chromophore,-5.7439146,-41.31277
CC(C)(C)c1ccc(-c2cc(-c3ccc(-c4cc(-c5ccc(C(C)(C)C)cc5)c(C(=O)N5CCOCC5)s4)s3)sc2C(=O)N2CCOCC2)cc1,chromophore,1.5028355,-17.772158
CC(C)(C)c1ccc(-c2cc3c(-c4ccc(C(C)(C)C)cc4)c4cccc5c(-c6ccc(C(C)(C)C)cc6)cc6c(-c7ccc(C(C)(C)C)cc7)c7cccc2c7c3c6c54)cc1,chromophore,-5.8078094,-41.823574
CC(C)(C)c1ccc(-c2cc3c4c(c2)CCc2cc(-c5ccc(C(C)(C)C)cc5)cc(c2-4)CC3)cc1,chromophore,-8.186402,-41.006424
CC(C)(C)c1ccc(-c2ccc(N(c3ccc(/C=C/c4ccc(-c5ccc(/C=C(/C#N)C(=O)O)s5)s4)cc3)c3ccc(-c4ccc(C(C)(C)C)cc4)cc3)cc2)cc1,chromophore,57.686245,10.533171
CC(C)(C)c1ccc(-c2ccc(N(c3ccc(/C=C/c4ccc(/C=C(/C#N)C(=O)O)o4)cc3)c3ccc(-c4ccc(C(C)(C)C)cc4)cc3)cc2)cc1,chromophore,56.877556,11.466066
CC(C)(C)c1ccc(-c2ccc(N(c3ccc(/C=C/c4sc(/C=C(/C#N)C(=O)O)c5c4OCCO5)cc3)c3ccc(-c4ccc(C(C)(C)C)cc4)cc3)cc2)cc1,chromophore,57.066254,11.438959
CC(C)(C)c1ccc(-c2nc(-c3ccc(-n4c5ccccc5c5c6oc7ccccc7c6ccc54)cc3)nc(-c3ccc(C(C)(C)C)cc3)n2)cc1,chromophore,0.6337503,-41.317825
CC(C)(C)c1ccc(-c2nc(-c3ccc(C(C)(C)C)cc3)nc(-c3cc(C#N)c(-n4c5ccccc5c5c6oc7ccccc7c6ccc54)c(C#N)c3)n2)cc1,chromophore,0.73760283,-40.49257
CC(C)(C)c1ccc(-c2nc(-c3ccc(C(C)(C)C)cc3)nc(-c3ccc(-n4c5ccccc5c5c6oc7ccccc7c6ccc54)c(C#N)c3)n2)cc1,chromophore,0.7553509,-40.488293
CC(C)(C)c1ccc(-c2nnc(-c3c(-n4c5ccccc5c5ccccc54)c(-n4c5ccccc5c5ccccc54)c(-c4nnc(-c5ccc(C(C)(C)C)cc5)o4)c(-n4c5ccccc5c5ccccc54)c3-n3c4ccccc4c4ccccc43)o2)cc1,chromophore,-0.015922347,-40.87767
CC(C)(C)c1ccc(-c2nnc(-c3c(-n4c5ccccc5c5ccccc54)c(-n4c5ccccc5c5ccccc54)c(-n4c5ccccc5c5ccccc54)c(-n4c5ccccc5c5ccccc54)c3-n3c4ccccc4c4ccccc43)o2)cc1,chromophore,-0.018958066,-40.87508
CC(C)(C)c1ccc(-c2oc3c4oc(-c5ccc(C(C)(C)C)cc5)c(-c5ccc(C(C)(C)C)cc5)c5cccc(c6cccc(c2-c2ccc(C(C)(C)C)cc2)c63)c54)cc1,chromophore,-5.3619137,-41.756977
CC(C)(C)c1ccc(-n2c(-c3ccc(-c4cc(-c5ccccc5)c5c6ccccc6c6ccccc6c5c4-c4ccccc4)cc3)nc3c4ccccc4c4ccccc4c32)cc1,chromophore,-1.0840164,-42.11582
CC(C)(C)c1ccc(-n2c(-c3ccc(-c4ccc(N(c5ccccc5)c5ccccc5)cc4)cc3)nc3c4ccccc4c4ccccc4c32)cc1,chromophore,7.764815,-43.244457
CC(C)(C)c1ccc(-n2c(-c3ccc(-c4ccc(N(c5ccccc5)c5ccccc5)cc4)s3)nc3c4ccccc4c4ccccc4c32)cc1,chromophore,7.84261,-43.47755
CC(C)(C)c1ccc(-n2c(-c3ccc(N(c4ccc(-c5ccc(N(c6ccc(-c7nc8c9ccccc9c9ccccc9c8n7-c7ccc(C(C)(C)C)cc7)cc6)c6ccc(-c7nc8c9ccccc9c9ccccc9c8n7-c7ccc(C(C)(C)C)cc7)cc6)cc5)cc4)c4ccc(-c5nc6c7ccccc7c7ccccc7c6n5-c5ccc(C(C)(C)C)cc5)cc4)cc3)nc3c4ccccc4c4ccccc4c32)cc1,chromophore,7.6924505,-43.19094
CC(C)(C)c1ccc(/C2=C3\C=CC(=N3)/C(c3ccc(C(C)(C)C)cc3)=c3/cc/c4[n]3[Zn][n]3c2ccc3/C(c2ccc(C(C)(C)C)cc2)=C2N=C(C=C\2/C=C(\C#N)C(=O)O)/C=4c2ccc(C(C)(C)C)cc2)cc1,chromophore,17.778429,72.28474
CC(C)(C)c1ccc(/C=C/c2ccc(N(c3ccc(/C=C/c4ccc(C(C)(C)C)cc4)cc3)c3ccc(-c4nc5ccccc5nc4-c4ccc(N(c5ccc(/C=C/c6ccc(C(C)(C)C)cc6)cc5)c5ccc(/C=C/c6ccc(C(C)(C)C)cc6)cc5)cc4)cc3)cc2)cc1,chromophore,30.533072,-23.330675
CC(C)(C)c1ccc(C(C)(C)C)c(N2C(=O)c3cccc4c(-c5ccc(-c6ccc([N+](=O)[O-])cc6)s5)ccc(c34)C2=O)c1,chromophore,-4.9158998,-39.78162
CC(C)(C)c1ccc(C(C)(C)C)c(N2C(=O)c3cccc4c(-c5ccc(-c6ccccc6)s5)ccc(c34)C2=O)c1,chromophore,-5.009878,-39.943695
CC(C)(C)c1ccc(C2=C(c3ccc(C(C)(C)C)cc3)[Si](c3ccccc3)(c3ccccc3)c3ccccc32)cc1,chromophore,-7.447911,-39.431313
CC(C)(C)c1ccc(C2=CC(c3ccccc3)=[N+]3C2=Nc2c(-c4ccc(C(C)(C)C)cc4)cc(-c4ccccc4)n2[B-]3(F)F)cc1,chromophore,-33.50986,-57.115833
CC(C)(C)c1ccc(C2=Cc3cc4c(cc3P2(=O)c2ccccc2)C=C(c2ccc(C(C)(C)C)cc2)P4(=O)c2ccccc2)cc1,chromophore,-7.439465,-39.561714
CC(C)(C)c1ccc(C2=[N+]3C(=C(c4ccc(N(c5ccc(C6=C7C=CC(c8ccc(C(C)(C)C)cc8)=[N+]7[B-](F)(F)n7c6ccc7-c6ccc(C(C)(C)C)cc6)cc5)c5ccc(-c6ccc(C(=O)O)cc6)cc5)cc4)c4ccc(-c5ccc(C(C)(C)C)cc5)n4[B-]3(F)F)C=C2)cc1,chromophore,-35.49184,-70.48926
CC(C)(C)c1ccc(C2=c3sc(-c4ccc(C(C)(C)C)cc4)c(-c4ccc(C(C)(C)C)cc4)c3=[N+]3C2=Nc2c(-c4ccc(C(C)(C)C)cc4)c4sc(-c5ccc(C(C)(C)C)cc5)c(-c5ccc(C(C)(C)C)cc5)c4n2[B-]3(F)F)cc1,chromophore,-33.204227,-56.265358
CC(C)(C)c1ccc(C2=c3sc(-c4ccc(C(C)(C)C)cc4)cc3=[N+]3C2=Nc2c(-c4ccc(C(C)(C)C)cc4)c4sc(-c5ccc(C(C)(C)C)cc5)cc4n2[B-]3(F)F)cc1,chromophore,-33.19699,-56.238518
CC(C)(C)c1ccc(N(/C2=C3\C=CC(=N3)/C(c3cc(C(C)(C)C)cc(C(C)(C)C)c3)=c3/cc(/C=C/C=C/C(=O)O)/c4[n]3[Zn][n]3c(ccc32)/C(c2cc(C(C)(C)C)cc(C(C)(C)C)c2)=C2C=C(/C=C/C=C/C(=O)O)C(=N/2)/C=4)c2ccc(C(C)(C)C)cc2)cc1,chromophore,13.895419,72.49924
CC(C)(C)c1ccc(N(/C2=C3\C=CC(=N3)/C(c3cc(C(C)(C)C)cc(C(C)(C)C)c3)=c3/cc/c4[n]3[Zn][n]3c(ccc32)/C(c2cc(C(C)(C)C)cc(C(C)(C)C)c2)=C2C=C(/C=C/C=C/C(=O)O)C(=N/2)/C=4)c2ccc(C(C)(C)C)cc2)cc1,chromophore,13.893674,72.5581
CC(C)(C)c1ccc(N(/C2=c3\cc/c4[n]3[Zn][n]3c(ccc3/C(c3cc(C(C)(C)C)cc(C(C)(C)C)c3)=C3/C=CC2=N3)/C(C#Cc2ccc(C(=O)O)cc2)=C2/C=CC(=N2)/C=4c2cc(C(C)(C)C)cc(C(C)(C)C)c2)c2ccc(C(C)(C)C)cc2)cc1,chromophore,13.526836,74.11874
CC(C)(C)c1ccc(N(/C2=c3\cc/c4[n]3[Zn][n]3c(ccc3/C(c3cc(C(C)(C)C)cc(C(C)(C)C)c3)=C3/C=CC2=N3)/C=C2N=C(C=C\2/C=C/C(=O)O)/C=4c2cc(C(C)(C)C)cc(C(C)(C)C)c2)c2ccc(C(C)(C)C)cc2)cc1,chromophore,13.868566,72.56099
CC(C)(C)c1ccc(N(/C2=c3\cc/c4[n]3[Zn][n]3c(ccc3/C(c3cc(C(C)(C)C)cc(C(C)(C)C)c3)=C3/C=CC2=N3)/C=C2N=C(C=C\2/C=C/C=C/C(=O)O)/C=4c2cc(C(C)(C)C)cc(C(C)(C)C)c2)c2ccc(C(C)(C)C)cc2)cc1,chromophore,13.864509,72.54703
CC(C)(C)c1ccc(N(c2ccc(-c3ccc(C4=[O+][B-](F)(F)OC(c5ccc(C(=O)O)cc5)=C4)cc3)cc2)c2ccc(C(C)(C)C)cc2)cc1,chromophore,-8.226351,-53.477432
CC(C)(C)c1ccc(N(c2ccc(-c3nnc(-c4ccc(-c5ccc(C=C(C(=O)O)c6ccccc6)s5)s4)s3)cc2)c2ccc(C(C)(C)C)cc2)cc1,chromophore,74.21612,-24.053373
CC(C)(C)c1ccc(N(c2ccc(/C=C(\C#N)C(=O)O)cc2)c2ccc(C(C)(C)C)cc2)cc1,chromophore,56.36429,11.529058
CC(C)(C)c1ccc(N(c2ccc(C(C)(C)C)cc2)c2ccc3c(c2)/C=N/c2ccc(C(=O)O)cc2/N=C/c2cc(N(c4ccc(C(C)(C)C)cc4)c4ccc(C(C)(C)C)cc4)ccc2[O][Zn][O]3)cc1,chromophore,-8.194299,-53.444405
CC(C)(C)c1ccc(N(c2ccccc2)c2ccc3ccc4c(N(c5ccccc5)c5ccc(C(C)(C)C)cc5)ccc5ccc2c3c54)cc1,chromophore,19.181278,-36.2235
CC(C)(C)c1ccc(N2c3ccc(C(C)(C)C)cc3B3c4cc(C(C)(C)C)ccc4N(c4ccc(C(C)(C)C)cc4)c4cc(-n5c6ccc(C(C)(C)C)cc6c6cc(C(C)(C)C)ccc65)cc2c43)cc1,chromophore,-0.7995037,-45.202145
CC(C)(C)c1ccc(Oc2cc3c4c(cc(Oc5ccc(C(C)(C)C)cc5)c5c6ccc(C#Cc7cc(C(=O)O)nc(C(=O)O)c7)c7cccc(c2c45)c76)C(=O)N(c2cc(C(C)(C)C)ccc2C(C)(C)C)C3=O)cc1,chromophore,-5.167009,-48.42731
CC(C)(C)c1ccc(Oc2cc3c4c(cc(Oc5cccc(C(C)(C)C)c5)c5c6cccc7c(C#Cc8cc(C(=O)O)nc(C(=O)O)c8)ccc(c2c45)c76)C(=O)N(c2cc(C(C)(C)C)ccc2C(C)(C)C)C3=O)cc1,chromophore,-5.163099,-48.423023
CC(C)(C)c1ccc(Oc2cc3c4c(cc(Oc5cccc(C(C)(C)C)c5)c5c6cccc7c(C#Cc8ccc(P(=O)(O)O)cc8)ccc(c2c45)c76)C(=O)N(c2cc(C(C)(C)C)ccc2C(C)(C)C)C3=O)cc1,chromophore,-5.283248,-48.539024
CC(C)(C)c1ccc(Oc2cc3c4c(ccc5c6c(Oc7ccc(C(C)(C)C)cc7)cc7c8c(ccc(c2c45)c86)C(=O)OC7=O)C(=O)OC3=O)cc1,chromophore,-6.8565855,-48.686237
CC(C)(C)c1ccc(Oc2ccc3c4c(Oc5ccc(C(C)(C)C)cc5)cc5c6c(cc(Oc7ccc(C(C)(C)C)cc7)c(c7cccc2c73)c46)c(=O)n2c3ccc(C(=O)O)cc3nc52)cc1,chromophore,-4.8985157,-47.982452
CC(C)(C)c1ccc2[nH]c3c(-c4ccc(N(c5ccc(C=c6sc(=C(C#N)C#N)[nH]c6=O)cc5)c5ccc(-c6cc(C(C)(C)C)cc7c6[nH]c6ccc(C(C)(C)C)cc67)cc5)cc4)cc(C(C)(C)C)cc3c2c1,chromophore,40.061356,-22.956266
CC(C)(C)c1ccc2c(N(c3ccccc3)c3cccc4ccccc34)c3cc(C(C)(C)C)ccc3c(-c3ccc(-c4ccc(/C=C(\C#N)C(=O)O)s4)s3)c2c1,chromophore,60.384087,11.757466
CC(C)(C)c1ccc2c(c1)C1=NC/2=N\c2c3cc(C(C)(C)C)ccc3c3[n]2[Zn][n]2/c(c4ccc(C(C)(C)C)cc4/c2=N/C2=NC(=N\3)/c3cc(O)c(O)cc32)=N\1,chromophore,-5.1040645,-45.466267
CC(C)(C)c1ccc2c(c1)C1=NC2=Nc2c3ccc(C(C)(C)C)cc3c3[n]2[Zn][n]2c(c4ccc(C(C)(C)C)cc4c2=N1)=NC1=NC(=N3)c2cc3cc(C(=O)O)ccc3cc21,chromophore,-4.4012704,-46.489964
CC(C)(C)c1ccc2c(c1)C1=Nc3c4cc(C(C)(C)C)ccc4c4[n]3[Zn][n]3c(c5ccc(C(C)(C)C)cc5c3=NC3=NC(=N4)c4ccc(C(=O)O)cc43)=NC2=N1,chromophore,-4.3967,-46.41967
CC(C)(C)c1ccc2c(c1)Cc1cc(C(C)(C)C)ccc1-2,chromophore,-8.117457,-41.55264
CC(C)(C)c1ccc2c(c1)Sc1cc(C(C)(C)C)ccc1N2c1ccc2c(ccc3nc4ccc5cc(N6c7ccc(C(C)(C)C)cc7Sc7cc(C(C)(C)C)ccc76)ccc5c4nc32)c1,chromophore,1.8136739,-44.971054
CC(C)(C)c1ccc2c(c1)[nH]c1c3[nH]c4cc(C(C)(C)C)ccc4c3c3nsnc3c21,chromophore,-5.5263104,-44.65403
CC(C)(C)c1ccc2c(c1)c(-c1ccccc1)c(-c1ccccc1)[n+]1c3ccccc3c(-c3ccccc3)c(-c3ccccc3)c21,chromophore,-5.849097,-41.235966
CC(C)(C)c1ccc2c(c1)c1cc(C(C)(C)C)cc3c1n2-c1cc(-c2ccc(F)cc2)cc2c1B3c1cc(C(C)(C)C)cc3c4cc(C(C)(C)C)ccc4n-2c13,chromophore,-1.9184816,-43.649403
CC(C)(C)c1ccc2c(c1)c1cc(C(C)(C)C)cc3c1n2-c1cc(-c2cccc(F)c2)cc2c1B3c1cc(C(C)(C)C)cc3c4cc(C(C)(C)C)ccc4n-2c13,chromophore,-1.8006761,-43.68948
CC(C)(C)c1ccc2c(c1)c1cc(C(C)(C)C)cc3c1n2-c1cc(-c2ccccc2F)cc2c1B3c1cc(C(C)(C)C)cc3c4cc(C(C)(C)C)ccc4n-2c13,chromophore,-1.5501261,-43.637524
CC(C)(C)c1ccc2c(c1)c1cc(C(C)(C)C)cc3c4ccc(-c5ccc(-c6ccc(/C=C(\C#N)C(=O)O)s6)s5)cc4n2c13,chromophore,53.41588,22.636152
CC(C)(C)c1ccc2c(c1)c1cc(C(C)(C)C)ccc1n2-c1cc(-n2c3ccc(C(C)(C)C)cc3c3cc(C(C)(C)C)ccc32)c(-n2c3ccc(C(C)(C)C)cc3c3cc(C(C)(C)C)ccc32)c(C#N)c1-n1c2ccc(C(C)(C)C)cc2c2cc(C(C)(C)C)ccc21,chromophore,-0.91237926,-46.23409
CC(C)(C)c1ccc2c(c1)c1cc(C(C)(C)C)ccc1n2-c1cc(C(=O)c2cccnc2)cc(-n2c3ccc(C(C)(C)C)cc3c3cc(C(C)(C)C)ccc32)c1,chromophore,-2.098732,-45.378117
CC(C)(C)c1ccc2c(c1)c1cc(C(C)(C)C)ccc1n2-c1cc(N2c3ccccc3C(c3ccccc3)(c3ccccc3)c3ccccc32)cc(-n2c3ccc(C(C)(C)C)cc3c3cc(C(C)(C)C)ccc32)c1C#N,chromophore,-0.36545372,-46.076317
CC(C)(C)c1ccc2c(c1)c1cc(C(C)(C)C)ccc1n2-c1ccc(-c2ccc(-c3cc4c(s3)-c3sc(/C=C(\C#N)C(=O)O)cc3C4(C)C)s2)s1,chromophore,52.606567,22.462486
CC(C)(C)c1ccc2c(c1)c1cc(C(C)(C)C)ccc1n2-c1ccc(-c2ccc(/C=C(/C#N)C(=O)O)s2)cc1,chromophore,53.59399,22.494305
CC(C)(C)c1ccc2c(c1)c1cc(C(C)(C)C)ccc1n2-c1ccc(-c2ccc3c(c2)C2(c4cc(-c5ccc(-n6c7ccc(C(C)(C)C)cc7c7cc(C(C)(C)C)ccc76)cc5)ccc4-3)c3ccccc3S(=O)(=O)c3ccccc32)cc1,chromophore,1.9007555,-42.757683
CC(C)(C)c1ccc2c(c1)c1cc(C(C)(C)C)ccc1n2-c1ccc(-c2cccs2)s1,chromophore,-3.501085,-44.500343
CC(C)(C)c1ccc2c(c1)c1cc(C(C)(C)C)ccc1n2-c1ccc(-c2nc(-c3ccc(-n4c5ccc(C(C)(C)C)cc5c5cc(C(C)(C)C)ccc54)cc3)nc(-c3ccc(P(=O)(c4ccccc4)c4ccccc4)cc3)n2)cc1,chromophore,-0.20886104,-43.108578
CC(C)(C)c1ccc2c(c1)c1cc(C(C)(C)C)ccc1n2-c1ccc(-c2nc(-c3ccccc3)nc(-c3ccccc3)n2)c2c1c1ccccc1n2-c1ccccc1,chromophore,-0.33103526,-42.938545
CC(C)(C)c1ccc2c(c1)c1cc(C(C)(C)C)ccc1n2-c1ccc(/C=C(\C#N)C(=O)O)cc1,chromophore,52.686512,21.39204
CC(C)(C)c1ccc2c(c1)c1cc(C(C)(C)C)ccc1n2-c1ccc(/C=C/c2ccc(/C=C(\C#N)C(=O)O)s2)cc1,chromophore,52.744694,21.704147
CC(C)(C)c1ccc2c(c1)c1cc(C(C)(C)C)ccc1n2-c1ccc(C#Cc2ccc(C#Cc3ccc(C=C(C#N)C#N)cc3)cc2)cc1,chromophore,44.449596,-13.628077
CC(C)(C)c1ccc2c(c1)c1cc(C(C)(C)C)ccc1n2-c1ccc(C(=C(C#N)C#N)c2ccc(-n3c4ccc(C(C)(C)C)cc4c4cc(C(C)(C)C)ccc43)cc2)cc1,chromophore,-0.975424,-45.972725
CC(C)(C)c1ccc2c(c1)c1cc(C(C)(C)C)ccc1n2-c1ccc(C(=O)c2ccc(-n3c4ccc(C(C)(C)C)cc4c4cc(C(C)(C)C)ccc43)nc2)cn1,chromophore,-2.3158212,-45.515423
CC(C)(C)c1ccc2c(c1)c1cc(C(C)(C)C)ccc1n2-c1ccc(C=Cc2ccc(C=C(C#N)C(=O)O)s2)cc1,chromophore,52.74619,21.703215
CC(C)(C)c1ccc2c(c1)c1cc(C(C)(C)C)ccc1n2-c1ccc(N(c2ccc(-c3ccc(-c4ccc(-c5ccc(/C=C(/C#N)C(=O)O)s5)s4)s3)cc2)c2ccc(-n3c4ccc(C(C)(C)C)cc4c4cc(C(C)(C)C)ccc43)cc2)cc1,chromophore,54.530502,22.086721
CC(C)(C)c1ccc2c(c1)c1cc(C(C)(C)C)ccc1n2-c1ccc(N(c2ccc(-c3ccc(-c4ccc(-c5ccc(N(c6ccc(-n7c8ccc(C(C)(C)C)cc8c8cc(C(C)(C)C)ccc87)cc6)c6ccc(-n7c8ccc(C(C)(C)C)cc8c8cc(C(C)(C)C)ccc87)cc6)cc5)s4)s3)cc2)c2ccc(-n3c4ccc(C(C)(C)C)cc4c4cc(C(C)(C)C)ccc43)cc2)cc1,chromophore,5.9603357,-43.957363
CC(C)(C)c1ccc2c(c1)c1cc(C(C)(C)C)ccc1n2-c1ccc(N(c2ccc(-c3ccc(-c4ccc(/C=C(\C#N)C(=O)O)s4)s3)cc2)c2ccc(-n3c4ccc(C(C)(C)C)cc4c4cc(C(C)(C)C)ccc43)cc2)cc1,chromophore,54.530502,22.086721
CC(C)(C)c1ccc2c(c1)c1cc(C(C)(C)C)ccc1n2-c1ccc(N(c2ccc(-c3ccc(/C=C(\C#N)C(=O)O)s3)cc2)c2ccc(-n3c4ccc(C(C)(C)C)cc4c4cc(C(C)(C)C)ccc43)cc2)cc1,chromophore,54.519356,22.09212
CC(C)(C)c1ccc2c(c1)c1cc(C(C)(C)C)ccc1n2-c1ccc(N(c2ccc(-c3ccc(N(c4ccc(-n5c6ccc(C(C)(C)C)cc6c6cc(C(C)(C)C)ccc65)cc4)c4ccc(-n5c6ccc(C(C)(C)C)cc6c6cc(C(C)(C)C)ccc65)cc4)cc3)cc2)c2ccc(-n3c4ccc(C(C)(C)C)cc4c4cc(C(C)(C)C)ccc43)cc2)cc1,chromophore,5.750454,-43.894787
CC(C)(C)c1ccc2c(c1)c1cc(C(C)(C)C)ccc1n2-c1ccc(N(c2ccc(-c3ccc4c(c3)C(C)(C)c3cc(-c5ccc(N(c6ccc(-n7c8ccc(C(C)(C)C)cc8c8cc(C(C)(C)C)ccc87)cc6)c6ccc(-n7c8ccc(C(C)(C)C)cc8c8cc(C(C)(C)C)ccc87)cc6)cc5)ccc3-4)cc2)c2ccc(-n3c4ccc(C(C)(C)C)cc4c4cc(C(C)(C)C)ccc43)cc2)cc1,chromophore,5.4016743,-43.825794
CC(C)(C)c1ccc2c(c1)c1cc(C(C)(C)C)ccc1n2-c1ccc(S(=O)(=O)c2cccc(S(=O)(=O)c3ccc(-n4c5ccc(C(C)(C)C)cc5c5cc(C(C)(C)C)ccc54)cc3)c2)cc1,chromophore,-1.0044079,-44.841446
CC(C)(C)c1ccc2c(c1)c1cc(C(C)(C)C)ccc1n2-c1ccc2c(c1)C(=O)c1ccc(-n3c4ccc(C(C)(C)C)cc4c4cc(C(C)(C)C)ccc43)cc1C2=O,chromophore,-1.0091839,-44.876877
CC(C)(C)c1ccc2c(c1)c1cc(C(C)(C)C)ccc1n2-c1ccc2c(c1)c1cc(-n3c4ccc(C(C)(C)C)cc4c4cc(C(C)(C)C)ccc43)ccc1n2-c1ccc(-c2ccc(/C=C(/C#N)C(=O)O)s2)s1,chromophore,53.18795,22.388802
CC(C)(C)c1ccc2c(c1)c1cc(C(C)(C)C)ccc1n2-c1cccc(-c2nc(-c3cccc(P(=O)(c4ccccc4)c4ccccc4)c3)nc(-c3cccc(P(=O)(c4ccccc4)c4ccccc4)c3)n2)c1,chromophore,-0.28688788,-43.236973
CC(C)(C)c1ccc2c(c1)c1cc(C(C)(C)C)ccc1n2-c1cccc(C(=O)c2cccc(-n3c4ccc(C(C)(C)C)cc4c4cc(C(C)(C)C)ccc43)n2)n1,chromophore,-2.3247495,-45.313774
CC(C)(C)c1ccc2c(c1)c1cc(C(C)(C)C)ccc1n2-c1cccc2c1Oc1c(-c3nc(-c4ccccc4)nc(-c4ccccc4)n3)cccc1C2(C)C,chromophore,0.63337076,-43.51913
CC(C)(C)c1ccc2c(c1)c1cc(C(C)(C)C)ccc1n2-c1ccccc1-c1nc(-c2ccccc2P(=O)(c2ccccc2)c2ccccc2)nc(-c2ccccc2P(=O)(c2ccccc2)c2ccccc2)n1,chromophore,-0.6071529,-43.666008
CC(C)(C)c1ccc2c(c1)c1cc3c4cc(C(C)(C)C)ccc4c4c5c6ccc(C(C)(C)C)cc6c6cc7c8cc(C(C)(C)C)ccc8c8c2c1c(c34)c(c78)c65,chromophore,-6.237094,-44.366993
CC(C)(C)c1ccc2c(c1)c1ncncc1c1c3ccccc3sc21,chromophore,-5.180737,-44.370613
CC(C)(C)c1ccc2c(c1)oc1nc3oc4ccc(-n5c6ccccc6c6ccccc65)cc4c3cc12,chromophore,0.9387984,-41.774796
CC(C)(C)c1ccc2ccc3c(C(C)(C)C)ccc4ccc1c2c43,chromophore,-8.112236,-43.587227
CC(C)(C)c1ccc2oc(-c3ccc(-c4nc5cc(C(C)(C)C)ccc5o4)s3)nc2c1,chromophore,-6.3107996,-45.278427
CC(C)(C)c1ccc2oc3nc4oc5ccc(-n6c7ccccc7c7cc(-n8c9ccccc9c9ccccc98)ccc76)cc5c4cc3c2c1,chromophore,0.92909545,-41.805782
CC(C)(C)c1ccc2oc3nc4oc5ccc(-n6c7ccccc7c7ccccc76)cc5c4cc3c2c1,chromophore,0.9310703,-41.82415
CC(C)(C)c1ccc2oc3nc4oc5ccc(N6c7ccccc7Oc7ccccc76)cc5c4cc3c2c1,chromophore,1.7084916,-44.42788
CC(C)(C)c1ccc2oc3nc4oc5ccc(N6c7ccccc7Sc7ccccc76)cc5c4cc3c2c1,chromophore,1.808122,-44.64327
CC(C)(C)c1cccc(-[n+]2nc3cc(C(C)(C)C)ccc3c3cc(Br)ccc32)c1,chromophore,-5.8970294,-43.9712
CC(C)(C)c1cccc(-[n+]2nc3cc(C(C)(C)C)ccc3c3ccc(C(C)(C)C)cc32)c1,chromophore,-5.9249883,-44.02853
CC(C)(C)c1cccc(-[n+]2nc3cc(C(C)(C)C)ccc3c3ccc(Oc4ccccc4)cc32)c1,chromophore,-5.3486934,-43.45017
CC(C)(C)c1ccccc1N(c1ccccc1)c1ccc(S(=O)(=O)c2ccc(S(=O)(=O)c3ccc(N(c4ccccc4)c4ccccc4C(C)(C)C)cc3)cc2)cc1,chromophore,26.160969,-31.608301
CC(C)=C(C)C,chromophore,-16.276363,22.491364
CC(C)=CCN1C(=O)c2cccc3c2c(cc2nc(C)oc23)C1=O,chromophore,-26.265884,-26.420034
CC(C)=[N+]1N=C2C=CC(Br)=CN2[B-]1(F)F,chromophore,-36.404633,-53.4536
CC(C)C1=c2c(c3[nH]cc(C(C)C)c3c3ccccc23)=[N+]2C1=Cc1c(C(C)C)c3c4ccccc4c4c(C(C)C)c[nH]c4c3n1[B-]2(F)F,chromophore,-41.655098,-56.082745
CC(C)CCCC(C)CCOc1cc(C#Cc2c3ccccc3c(C#Cc3ccc(C#Cc4cccc(C(=O)O)c4)cc3C#N)c3ccccc23)c(OCCC(C)CCCC(C)C)cc1C#Cc1ccc(N(c2ccccc2)c2ccccc2)cc1,chromophore,34.111122,13.004324
CC(C)CCCCN1CCc2c1ccc1c3c(ccc21)CCCC3=O,chromophore,-13.527482,40.201565
CC(C)CCCN1c2ccccc2CCc2ccccc21,chromophore,9.284825,30.638165
CC(C)CCC[C@@H](C)[C@H]1CC[C@H]2[C@@H]3CC=C4C[C@@H](OC(=O)Oc5cc(/C=C/c6ccc(N(C)C)cc6)ccc5[N+](=O)[O-])CC[C@]4(C)[C@H]3CC[C@]12C,chromophore,2.1278815,35.856934
CC(C)CCOc1cc(/C=C(\C#N)C(=O)O)c(OCCC(C)C)cc1/C=C/c1ccc(N(c2ccc3c(c2)-c2ccccc2C3(C)C)c2ccc3c(c2)-c2ccccc2C3(C)C)cc1,chromophore,69.569435,15.469896
CC(C)CCOc1cc(/C=C/c2cc(OCCC(C)C)c(/C=C/c3ccc(N(c4ccc5c(c4)C(C)(C)c4ccccc4-5)c4ccc5c(c4)C(C)(C)c4ccccc4-5)cc3)cc2OCCC(C)C)c(OCCC(C)C)cc1C=C(C#N)C(=O)O,chromophore,69.6002,15.462832
CC(C)CCOc1ccc(N2c3ccccc3Sc3cc(/C=C/c4cc5nc(C(=O)O)c(C(=O)O)nc5cc4/C=C/c4ccc5c(c4)Sc4ccccc4N5c4ccc(OCCC(C)C)cc4)ccc32)cc1,chromophore,34.84401,34.03833
CC(C)CCOc1ccc(N2c3ccccc3Sc3cc(/C=C/c4ccc(/C=C/c5ccc6c(c5)Sc5ccccc5N6c5ccc(OCCC(C)C)cc5)c5nc(C(=O)O)c(C(=O)O)nc45)ccc32)cc1,chromophore,34.83996,34.040546
CC(C)CCOc1ccc(N2c3ccccc3Sc3cc(/C=C/c4ccc5c(c4)Sc4cc(/C=C/c6ccc7c(c6)Sc6cc(/C=C/c8nc9cc(C(=O)O)c(C(=O)O)cc9nc8/C=C/c8ccc9c(c8)Sc8cc(/C=C/c%10ccc%11c(c%10)Sc%10cc(/C=C/c%12ccc%13c(c%12)Sc%12ccccc%12N%13c%12ccc(OCCC(C)C)cc%12)ccc%10N%11c%10ccc(OCCC(C)C)cc%10)ccc8N9c8ccc(OCCC(C)C)cc8)ccc6N7c6ccc(OCCC(C)C)cc6)ccc4N5c4ccc(OCCC(C)C)cc4)ccc32)cc1,chromophore,34.831745,34.042847
CC(C)CCOc1ccc(N2c3ccccc3Sc3cc(/C=C/c4ccc5c(c4)Sc4cc(/C=C/c6nc7cc(C(=O)O)c(C(=O)O)cc7nc6/C=C/c6ccc7c(c6)Sc6cc(/C=C/c8ccc9c(c8)Sc8ccccc8N9c8ccc(OCCC(C)C)cc8)ccc6N7c6ccc(OCCC(C)C)cc6)ccc4N5c4ccc(OCCC(C)C)cc4)ccc32)cc1,chromophore,34.831745,34.042847
CC(C)CCOc1ccc(N2c3ccccc3Sc3cc(/C=C/c4nc5cc(-c6ccc(C(=O)O)s6)c(-c6ccc(C(=O)O)s6)cc5nc4/C=C/c4ccc5c(c4)Sc4ccccc4N5c4ccc(OCCC(C)C)cc4)ccc32)cc1,chromophore,34.852116,34.059914
CC(C)[Si](C#Cc1c2cc3ccccc3cc2c(C#C[Si](C(C)C)(C(C)C)C(C)C)c2nc3c(nc12)Cc1ccccc1-3)(C(C)C)C(C)C,chromophore,-9.227547,-29.760057
CC(C)[Si](C#Cc1c2cc3ccccc3cc2c(C#C[Si](C)(C)C)c2cc3ccccc3cc12)(C(C)C)C(C)C,chromophore,-10.115226,-28.376928
CC(C)[Si](C#Cc1c2cc3ccccc3cc2c(C#Cc2ccccc2)c2cc3ccccc3cc12)(C(C)C)C(C)C,chromophore,-10.436322,-28.579256
CC(C)[Si](C#Cc1c2ccc(C(C)(C)C)cc2c(C#C[Si](C(C)C)(C(C)C)C(C)C)c2ccc(C(C)(C)C)cc12)(C(C)C)C(C)C,chromophore,-6.069734,-44.677765
CC(C)[Si](C#Cc1c2ccccc2c(C#C[Si](C(C)C)(C(C)C)C(C)C)c2nc3c4ccccc4c(=O)c4ccccc4c3nc12)(C(C)C)C(C)C,chromophore,-8.843032,-27.062643
CC(C)[Si](C#Cc1c2nc3ccccc3nc2c(C#C[Si](C(C)C)(C(C)C)C(C)C)c2nc3c(ccc4ccccc43)nc12)(C(C)C)C(C)C,chromophore,-9.461774,-27.52051
CC(C)[Si](C#Cc1cc2c(C#C[Si](C(C)C)(C(C)C)C(C)C)c(C#C[Si](C(C)C)(C(C)C)C(C)C)c3cc(C#C[Si](C(C)C)(C(C)C)C(C)C)cc4c(C#C[Si](C(C)C)(C(C)C)C(C)C)c(C#C[Si](C(C)C)(C(C)C)C(C)C)c(c1)c2c34)(C(C)C)C(C)C,chromophore,5.602887,-15.203776
CC(C)[Si](C#Cc1ccc(C#C[Si](C(C)C)(C(C)C)C(C)C)c2nc3c(ccc4ccccc43)nc12)(C(C)C)C(C)C,chromophore,-9.478211,-27.537224
CC(C)[Si](C#Cc1ccc(C#C[Si](C(C)C)(C(C)C)C(C)C)c2nc3c(nc12)Cc1ccccc1-3)(C(C)C)C(C)C,chromophore,-9.19048,-29.833206
CC(C)[Si](C#Cc1ccc(C#Cc2c3cc4ccccc4cc3c(C#C[Si](C(C)C)(C(C)C)C(C)C)c3cc4ccccc4cc23)cc1)(C(C)C)C(C)C,chromophore,-10.430916,-28.614334
CC(C)[Si](c1cc(/C=C(/C#N)C(=O)O)c(-c2cc3c(s2)-c2sc(-c4sc([Si](C(C)C)(C(C)C)C(C)C)cc4/C=C(\C#N)C(=O)O)cc2C32c3ccc(-c4ccc(C(C)(C)C)cc4)cc3-c3cc(-c4ccc(C(C)(C)C)cc4)ccc32)s1)(C(C)C)C(C)C,chromophore,50.00539,21.539114
CC(C)[Si]1(C(C)C)c2cc(C=O)ccc2-c2ccc(N(c3ccccc3)c3ccccc3)cc21,chromophore,27.621344,-29.246336
CC(C)c1cc(C(C)C)c(B2c3cc(N4c5ccccc5Oc5ccccc54)ccc3N(c3ccccc3)c3ccc(N4c5ccccc5Oc5ccccc54)cc32)c(C(C)C)c1,chromophore,5.7180953,5.9910593
CC(C)c1ccc(-c2cc3c(o2)=CC2=Cc4cc5oc(-c6ccc(C(C)C)cc6)cc5n4[B-](F)(F)[N+]=32)cc1,chromophore,-39.311234,-64.31715
CC(C)c1ccc(-c2nc(-c3ccccc3)c3ccccn23)cc1,chromophore,-10.439917,-11.331637
CC(C)c1ccc2ccc3c(C(C)C)cc(C=O)c4ccc1c2c43,chromophore,-20.577112,-14.978194
CC(C)c1ccc2ccc3cccc4ccc1c2c34,chromophore,-18.121948,-23.95658
CC(C)c1cccc(C(C)C)c1-n1c(-c2ccc(-c3ccc(/C=C(\C#N)C(=O)O)cc3)s2)ccc1-c1ccc(-c2ccc(N(c3ccccc3)c3ccccc3)cc2)s1,chromophore,59.225647,14.16206
CC(C)c1cccc(C(C)C)c1-n1c(-c2ccc(-c3ccc(N(c4ccccc4)c4ccccc4)cc3)s2)cc(/C=C(\C#N)C(=O)O)c1-c1ccc(-c2ccc(N(c3ccccc3)c3ccccc3)cc2)s1,chromophore,60.20345,14.722762
CC(C)c1cccc(C(C)C)c1-n1c(=O)c2cc3nc(-c4ccccc4)c4cc5c(=O)n(-c6c(C(C)C)cccc6C(C)C)c(=O)c6cc7c(-c8ccccc8)nc8cc(c1=O)c2c1c3c4c(c56)c7c81,chromophore,-36.40062,-11.108992
CC(C)c1cccc(C(C)C)c1-n1c(=O)c2ccc3c4ccc5c(=O)n(-c6c(C(C)C)cccc6C(C)C)c(=O)c6cc7c(-c8ccccn8)nc8cc(c1=O)c2c3c8c7c4c56,chromophore,-36.433678,-11.078291
CC(C)c1cccc(C(C)C)c1N1B(c2ccc(B3N(c4c(C(C)C)cccc4C(C)C)C(c4ccc(C(F)(F)F)cc4)=C(c4ccc(C(F)(F)F)cc4)N3c3c(C(C)C)cccc3C(C)C)cc2)N(c2c(C(C)C)cccc2C(C)C)C(c2ccc(C(F)(F)F)cc2)=C1c1ccc(C(F)(F)F)cc1,chromophore,-3.4963248,-8.837375
CC(C)c1cccc(C(C)C)c1N1C(=O)c2cccc3c(Oc4ccc(C(C)(C)C)cc4)ccc(c23)C1=O,chromophore,-6.665384,-48.628487
CC(C)c1cccc(C(C)C)c1N1C(=O)c2cccc3c(Oc4ccc(Cl)cc4)ccc(c23)C1=O,chromophore,-29.483173,-16.864614
CC(CO)N1Cc2c(-c3ccc(N(C)C)cc3)c3cc(C#N)ccn3c2C1=O,chromophore,-72.737335,1.5697066
CC(CO)N1Cc2c(-c3ccc(N(C)C)cc3)c3ccccn3c2C1=O,chromophore,-72.729256,1.5997123
CC(CO)N1Cc2c(-c3ccccc3)c3cc(C#N)ccn3c2C1=O,chromophore,-71.66752,0.22439232
CC(CO)N1Cc2c(-c3ccccc3)c3ccccn3c2C1=O,chromophore,-71.66634,0.23344456
CC(NC(=O)OC(C)(C)C)C(=O)OCc1ccc2c3cccc4cccc(c5cccc1c52)c43,chromophore,-23.08413,-25.630087
CC(c1ccc(OCCCCCCN2c3ccccc3Sc3cc(/C=C(/C#N)C(=O)O)ccc32)cc1)(c1ccc(OCCCCCCN2c3ccccc3Sc3cc(/C=C(/C#N)C(=O)O)ccc32)cc1)c1ccc(OCCCCCCN2c3ccccc3Sc3cc(/C=C(\C#N)C(=O)O)ccc32)cc1,chromophore,45.93353,37.00041
CC\C=C/C=C/C=C/C=C\CCCCCCCC(=O)O,chromophore,-25.79973,28.741837
CC/[NH+]=c1/cc2oc3c(ccc4cc(O)ccc43)c(-c3ccccc3C(=O)O)c-2cc1C,chromophore,-39.565372,-36.429493
CC1(C)C(/C=C/C2=C(Cl)C(=C/C=C3/N(CCCCS(=O)(=O)[O-])c4ccc5ccccc5c4C3(C)C)/CCC2)=[N+](CCCCS(=O)(=O)[O-])c2ccc3ccccc3c21,chromophore,6.318216,47.09692
CC1(C)C(/C=C/C2=C(Cl)C(=C/C=C3/N(CCCS(=O)(=O)[O-])c4ccccc4C3(C)C)/CCC2)=[N+](CCCS(=O)(=O)[O-])c2ccccc21,chromophore,6.5709586,47.54059
CC1(C)C(/C=C/C2=C(Cl)C(=C/C=C3/N(Cc4ccc(F)cc4)c4ccccc4C3(C)C)/CCC2)=[N+](Cc2ccc(F)cc2)c2ccccc21,chromophore,6.2697945,44.3504
CC1(C)C(/C=C/C2=C(Cl)C(=C/C=C3/N(Cc4ccccc4)c4ccccc4C3(C)C)/CCC2)=[N+](Cc2ccccc2)c2ccccc21,chromophore,6.4437246,44.479267
CC1(C)C(/C=C/C2=C(c3ccc(C(=O)O)cc3)C(=C/C=C3/N(CCCCS(=O)(=O)[O-])c4ccc5ccccc5c4C3(C)C)/CCC2)=[N+](CCCCS(=O)(=O)[O-])c2ccc3ccccc3c21,chromophore,7.5039997,47.550896
CC1(C)C(/C=C/C2=C(c3ccc(C(=O)O)cc3)C(=C/C=C3/N(CCCCS(=O)(=O)[O-])c4ccccc4C3(C)C)/CC2)=[N+](CCCCS(=O)(=O)[O-])c2ccccc21,chromophore,7.864602,47.98867
CC1(C)C(/C=C/C2=C(c3ccc(C(=O)O)cc3)C(=C/C=C3/N(CCCCS(=O)(=O)[O-])c4ccccc4C3(C)C)/CCC2)=[N+](CCCCS(=O)(=O)[O-])c2ccccc21,chromophore,7.8580756,47.990616
CC1(C)C(/C=C/C=C/C=C/C=C2/N(CCCCS(=O)(=O)[O-])c3ccc4ccccc4c3C2(C)C)=[N+](CCCCS(=O)(=O)[O-])c2ccc3ccccc3c21,chromophore,6.2366567,47.016014
CC1(C)C(/C=C/C=C/C=C/C=C2\N(CCCCS(=O)(=O)[O-])c3ccc4ccccc4c3C2(C)C)=[N+](CCCCS(=O)(=O)[O-])c2ccc3ccccc3c21,chromophore,6.2366567,47.016014
CC1(C)C(/C=C/c2cc3ccc(O)cc3oc2=O)=[N+](CCCS(=O)(=O)[O-])c2ccc3c(S(=O)(=O)O)cc(S(=O)(=O)O)cc3c21,chromophore,3.6365829,48.29721
CC1(C)C(/C=C2\C(=O)C(/C=C3/N(Cc4ccc(C(=O)O)cc4)c4ccccc4C3(C)C)=C2[O-])=[N+](Cc2ccc(C(=O)O)cc2)c2ccccc21,chromophore,8.28332,45.048615
CC1(C)C(=CC2=C([O-])C(=O)C2=C(C#N)C#N)N(CCC(=O)O)c2ccc3ccccc3c21,chromophore,7.2607074,46.245453
CC1(C)C(=O)C=Cc2ccc(N)cc21,chromophore,-14.812311,13.336577
CC1(C)C(=O)C=Cc2ccc(N3CCC3)cc21,chromophore,-1.1861082,39.70811
CC1(C)C(=O)C=Cc2ccc(O)cc21,chromophore,-14.890336,13.462277
CC1(C)C(c2ccc(/C=C(\C#N)C(=O)O)cc2)=Nc2ccc(N(c3ccccc3)c3ccccc3)cc21,chromophore,54.73239,13.517202
CC1(C)C(c2ccc(/C=C(\C#N)C(=O)O)o2)=Nc2ccc(N(c3ccccc3)c3ccccc3)cc21,chromophore,53.446754,14.205952
CC1(C)C/C(=C(/C#N)C(=O)O)C[C@@H](/C=C/c2ccc(N(c3ccccc3)c3ccccc3)cc2)C1,chromophore,38.834377,-17.413603
CC1(C)C2=C(Cl)C(=O)C(Cl)=CC2=Nc2ccc(O)cc21,chromophore,-14.865922,13.405304
CC1(C)C2=C(c3ccccc31)S(=O)(=O)c1ccccc12,chromophore,-13.994914,-0.18284659
CC1(C)C2=C3C=C4C5=[N+](CCC4OC3CCN2c2ccc(CC(=O)NCCCCCCO)cc21)c1ccc(S(=O)(=O)[O-])cc1C5(C)C,chromophore,-39.57105,36.591846
CC1(C)C2=CC(=[NH2+])C=CC2=C(c2ccccc2C(=O)[O-])c2ccc(N)cc21,chromophore,-14.00681,-0.09350732
CC1(C)C=C(CS(=O)(=O)O)c2cc3cc(C(=O)NCCCCCC(=O)O)c(=O)oc3cc2N1CCCS(=O)(=O)O,chromophore,2.9806483,49.311737
CC1(C)CC(/C=C/c2ccc(N(c3ccc(-n4c5ccccc5c5ccccc54)cc3)c3ccc(-n4c5ccccc5c5ccccc54)cc3)cc2)=CC(=C(\C#N)C(=O)O)/C1,chromophore,50.870686,9.034425
CC1(C)CC(/C=C/c2ccc(N(c3ccccc3)c3ccccc3)cc2)=CC(=C(/C#N)C(=O)O)/C1,chromophore,38.76592,-17.450209
CC1(C)CC(/C=C/c2ccc(N3CCOCCOCCOCCOCC3)cc2)=CC(=C(C#N)C#N)C1,chromophore,-0.48106077,4.8288836
CC1(C)CC(/C=C/c2cn(-c3ccccc3)nc2-c2ccc([N+](=O)[O-])cc2)=CC(=C(C#N)C#N)C1,chromophore,8.114956,14.576467
CC1(C)CC(/C=C/c2cn(-c3ccccc3)nc2-c2ccccc2)=CC(=C(C#N)C#N)C1,chromophore,8.062283,13.630623
CC1(C)CC(/N=C/c2ccc3ccc4cccc5ccc2c3c45)CC(C)(C)N1[O],chromophore,-18.153582,-25.902693
CC1(C)CC(=O)c2ccc(F)cc2N1,chromophore,-33.08831,31.994678
CC1(C)CCN2CCC(C)(C)c3c2c1cc1cc(-c2ccc(-c4ccc(C(=O)O)cc4)cc2)c(=O)oc31,chromophore,-31.86807,2.4675431
CC1(C)CCN2CCC(C)(C)c3c2c1cc1cc(-c2ccc(-c4sc(/C=C(\C#N)C(=O)O)c5c4OCCO5)s2)c(=O)oc31,chromophore,46.996887,22.221367
CC1(C)CCN2CCC(C)(C)c3c2c1cc1cc(-c2ccccc2-c2ccc(C(=O)O)cc2)c(=O)oc31,chromophore,-31.84276,2.4875033
CC1(C)CCN2CCC(C)(C)c3c2c1cc1cc(/C=C(\C#N)c2ccc(-c4ccc(/C=C(/C#N)C(=O)O)s4)s2)c(=O)oc31,chromophore,47.09936,22.452496
CC1(C)CCN2CCC(C)(C)c3c2c1cc1cc(/C=C/C=C/C=C(/C#N)C(=O)O)c(=O)oc31,chromophore,46.895016,22.00046
CC1(C)CC[N+]2=c3c(cc4c(c31)Oc1cc3c(cc1C=4c1ccccc1C(=O)O)C(c1ccccc1C(=O)O)=c1cc4c5c(c1O3)C(C)(C)CC[N+]=5CCC4)CCC2,chromophore,-20.986547,2.4122949
CC1(C)Cc2c(c3ccccc3c3nc4c(nc23)c2c(c3ccccc34)OC(C)(C)C2)O1,chromophore,-8.76699,-24.836588
CC1(C)Nc2cc(Cl)ccc2-c2[nH]c3ccccc3c(=O)c21,chromophore,-41.51341,-8.643958
CC1(C)Nc2ccccc2-c2[nH]c3ccccc3c(=O)c21,chromophore,-20.278236,-2.8782315
CC1(C)OB(c2cc3ccc4cc(B5OC(C)(C)C(C)(C)O5)cc5ccc(c2)c3c45)OC1(C)C,chromophore,-20.11213,-13.925446
CC1(C)OB(c2ccc3c(c2)B2Nc4ccccc4C=C2C(c2ccccc2)=C3c2ccccc2)OC1(C)C,chromophore,-13.237169,-6.7624183
CC1(C)OC(=C(C#N)C#N)C(C#N)=C1/C=C/c1ccc(-n2c3ccc(C(C)(C)C)cc3c3cc(C(C)(C)C)ccc32)cc1,chromophore,0.9851601,-47.47379
CC1(C)OC(=C(C#N)C#N)C(S(=O)(=O)c2ccccc2)=C1/C=C/c1ccc(-n2c3ccc(C(C)(C)C)cc3c3cc(C(C)(C)C)ccc32)cc1,chromophore,1.0354902,-47.48966
CC1(C)OC(=C(C#N)C#N)C(Sc2ccccc2)=C1/C=C/c1ccc(-n2c3ccc(C(C)(C)C)cc3c3cc(C(C)(C)C)ccc32)cc1,chromophore,1.0183436,-47.474575
CC1(C)Oc2c(c3nc4ccccc4nc3c3ccccc23)CC1Br,chromophore,-8.658274,-24.839233
CC1(C)c2cc(/C=C(\C#N)C(=O)O)sc2-c2sc(-c3ccc(-c4ccc(N(c5ccccc5)c5ccccc5)cc4)s3)cc21,chromophore,61.031708,15.83325
CC1(C)c2cc(C=C(C#N)C(=O)O)ccc2-c2ccc(-c3ccc(-c4ccc(-c5ccc(N(c6ccccc6)c6ccccc6)cc5)s4)s3)cc21,chromophore,72.16962,12.560461
CC1(C)c2cc(C=C(C#N)C(=O)O)ccc2-c2ccc(-c3ccc(-c4sc(-c5ccc(N(c6ccccc6)c6ccccc6)cc5)c5c4OCCO5)s3)cc21,chromophore,71.55601,12.455513
CC1(C)c2cc(C=O)ccc2-c2ccc(N3CCCC3)cc21,chromophore,-1.1099582,39.677803
CC1(C)c2cc(C=O)ccc2-c2ccc(N3CCCCC3)cc21,chromophore,-1.1086395,39.67666
CC1(C)c2ccccc2-c2cc3c4ccccc4n(-c4ccc(-c5nc(-c6ccccc6)nc(-c6ccccc6)n5)cc4)c3cc21,chromophore,3.6763422,-37.46761
CC1(C)c2ccccc2-c2ccc(-c3ccc4c(c3)Sc3cc(-c5ccc(C#Cc6ccc(C(=O)O)cc6)s5)ccc3N4c3ccc4c(c3)C(C)(C)c3ccccc3-4)cc21,chromophore,8.928397,7.025093
CC1(C)c2ccccc2-c2ccc(-n3c4ccccc4c4cc(-c5ccc(-c6ccc(/C=C(\C#N)C(=O)O)s6)s5)ccc43)cc21,chromophore,54.956768,27.169682
CC1(C)c2ccccc2-c2ccc(-n3c4ccccc4c4cc(-c5ccc(-c6ccc(/C=C7\SC(=S)N(CC(=O)O)C7=O)s6)s5)ccc43)cc21,chromophore,31.180325,41.827785
CC1(C)c2ccccc2-c2ccc(-n3c4ccccc4c4cc(-c5ccc(-c6ccc(C=C(C#N)C(=O)O)s6)s5)ccc43)cc21,chromophore,54.956467,27.169641
CC1(C)c2ccccc2-c2ccc(-n3c4ccccc4c4cc(-c5ccc(-c6ccc(C=C7SC(=S)N(CC(=O)O)C7=O)s6)s5)ccc43)cc21,chromophore,31.180325,41.827785
CC1(C)c2ccccc2-c2ccc(-n3c4ccccc4c4cc(-c5ccc(/C=C/c6ccc(/C=C(\C#N)C(=O)O)s6)s5)ccc43)cc21,chromophore,54.97582,27.156855
CC1(C)c2ccccc2-c2ccc(-n3c4ccccc4c4cc(-c5ccc(C=C6SC(=S)N(CC(=O)O)C6=O)s5)ccc43)cc21,chromophore,31.17823,41.829353
CC1(C)c2ccccc2-c2ccc(-n3c4ccccc4c4cc(-c5ccc(C=Cc6ccc(C=C(C#N)C(=O)O)s6)s5)ccc43)cc21,chromophore,54.975708,27.15716
CC1(C)c2ccccc2-c2ccc(C3c4ccc(-c5ccc(-c6ccc(C=C(C#N)C(=O)O)s6)s5)c5c4C(CCC5)N3c3ccccc3)cc21,chromophore,47.878216,26.083265
CC1(C)c2ccccc2-c2ccc(N(c3ccc(-c4cc5c(s4)-c4sc(C=C(C#N)C(=O)O)cc4[Si]5(C)C)cc3)c3ccc4c(c3)C(C)(C)c3ccccc3-4)cc21,chromophore,71.99082,11.8004265
CC1(C)c2ccccc2-c2ccc(N(c3ccc(-c4cc5c(s4)-c4sc(C=C(C#N)C(=O)O)cc4[Si]5(C)c4ccccc4)cc3)c3ccc4c(c3)C(C)(C)c3ccccc3-4)cc21,chromophore,71.98266,11.807765
CC1(C)c2ccccc2-c2ccc(N(c3ccc(-c4cc5sc(/C=C(\C#N)C(=O)O)cc5s4)cc3)c3ccc4c(c3)C(C)(C)c3ccccc3-4)cc21,chromophore,72.02714,11.801434
CC1(C)c2ccccc2-c2ccc(N(c3ccc(-c4ccc(-c5c(F)c(F)c(-c6ccc(/C=C(\C#N)C(=O)O)s6)c6nsnc56)s4)cc3)c3ccc4c(c3)C(C)(C)c3ccccc3-4)cc21,chromophore,73.99924,10.713441
CC1(C)c2ccccc2-c2ccc(N(c3ccc(-c4ccc(-c5c(F)cc(-c6ccc(/C=C(\C#N)C(=O)O)s6)c6nsnc56)s4)cc3)c3ccc4c(c3)C(C)(C)c3ccccc3-4)cc21,chromophore,73.98937,10.6833
CC1(C)c2ccccc2-c2ccc(N(c3ccc(-c4ccccc4)cc3)c3ccc(-c4cc5ccccc5c5c4oc4ccccc45)cc3)cc21,chromophore,24.607367,-28.420713
CC1(C)c2ccccc2-c2ccc(N(c3ccc(-c4ccccc4)cc3)c3ccc(-c4ccc(-c5ccc(/C=C(\C#N)C(=O)O)s5)c5nsnc45)cc3)cc21,chromophore,74.13441,10.733678
CC1(C)c2ccccc2-c2ccc(N(c3ccc(-c4sc(-c5sc(C=C(C#N)C(=O)O)c6c5OCCO6)c5c4OCCO5)cc3)c3ccc4c(c3)C(C)(C)c3ccccc3-4)cc21,chromophore,71.010284,12.054063
CC1(C)c2ccccc2-c2ccc(N(c3ccc(-c4sc(C=C(C#N)C(=O)O)c5c4C4C=CC5CC4)cc3)c3ccc4c(c3)C(C)(C)c3ccccc3-4)cc21,chromophore,71.28287,11.993235
CC1(C)c2ccccc2-c2ccc(N(c3ccc(/C=N/N(c4ccccc4)c4ccc(/C=C5\SC(=S)N(CC(=O)O)C5=O)cc4)cc3)c3ccc4c(c3)C(C)(C)c3ccccc3-4)cc21,chromophore,24.565203,44.097816
CC1(C)c2ccccc2-c2ccc(N(c3ccc(C=C(C#N)C(=O)O)cc3)c3ccc4c(c3)C(C)(C)c3ccccc3-4)cc21,chromophore,70.76445,15.10449
CC1(C)c2ccccc2-c2ccc(N(c3ccc4c(c3)C(C)(C)c3ccccc3-4)c3ccc4cc(/C=C/c5ccc(/C=C(/C#N)C(=O)O)s5)oc4c3)cc21,chromophore,73.19214,9.248254
CC1(C)c2ccccc2-c2ccc(N3c4ccc(-c5ccc(/C=C6\C(=O)c7ccc(C(=O)O)cc7C6=O)s5)cc4C4CCCC43)cc21,chromophore,34.662037,47.78571
CC1(C)c2ccccc2-c2sc3ccccc3c21,chromophore,-2.871393,-18.770477
CC1(C)c2ccccc2N(c2cc(C#N)c(C#N)cc2N2c3ccccc3C(C)(C)c3ccccc32)c2ccccc21,chromophore,6.981733,2.5446246
CC1(C)c2ccccc2N(c2ccc(-c3cc(-c4ccccc4)nc(-c4ccccc4)n3)cc2)c2ccccc21,chromophore,10.134901,3.6866903
CC1(C)c2ccccc2N(c2ccc(-c3cc(C#N)c(C#N)cc3-c3ccc(N4c5ccccc5C(C)(C)c5ccccc54)cc3)cc2)c2ccccc21,chromophore,7.8272543,2.7995028
CC1(C)c2ccccc2N(c2ccc(-c3ccc(C#N)c(C#N)n3)cc2)c2ccccc21,chromophore,8.380861,2.7502408
CC1(C)c2ccccc2N(c2ccc(-c3n[n+]4c(o3)-c3ccccc3O[B-]4(F)F)cc2)c2ccccc21,chromophore,8.783218,4.3435726
CC1(C)c2ccccc2N(c2ccc(-c3nc(-c4ccccn4)n(-c4ccccc4)n3)cc2)c2ccccc21,chromophore,9.712181,3.6739542
CC1(C)c2ccccc2N(c2ccc(-c3nc([C@]45CC6CC(C[C@@H](C6)C4)C5)nc([C@]45C[C@H]6C[C@@H](C[C@H](C6)C4)C5)n3)cc2)c2ccccc21,chromophore,9.519052,3.7318425
CC1(C)c2ccccc2N(c2ccc(-c3ncc(C#N)cn3)cc2)c2ccccc21,chromophore,8.255576,2.8552938
CC1(C)c2ccccc2N(c2ccc(-c3nnc(-c4ccc(-n5c6ccccc6c6ccccc65)cc4)o3)cc2)c2ccccc21,chromophore,5.1342707,-38.151188
CC1(C)c2ccccc2N(c2ccc(-c3nnc(-c4ccccc4O)o3)cc2)c2ccccc21,chromophore,8.746892,4.1671224
CC1(C)c2ccccc2N(c2ccc(C(=CC#N)c3ccc(N4c5ccccc5C(C)(C)c5ccccc54)cc3)cc2)c2ccccc21,chromophore,7.501688,3.545373
CC1(C)c2ccccc2N(c2ccc3c(c2)-c2cc(N4c5ccccc5C(C)(C)c5ccccc54)ccc2P3(=O)c2ccccc2)c2ccccc21,chromophore,7.703835,5.8381906
CC1(C)c2ccccc2N(c2ccc3c(c2)S(=O)(=O)c2cc(N4c5ccccc5C(C)(C)c5ccccc54)ccc2C3(C)C)c2ccccc21,chromophore,7.767752,5.618521
CC1(C)c2ccccc2N(c2ccc3c(c2)c2cc(N4c5ccccc5C(C)(C)c5ccccc54)cc4c5ccccc5n3c42)c2ccccc21,chromophore,10.684831,6.329136
CC1(C)c2ccccc2N(c2ccc3c(c2)c2cc(N4c5ccccc5C(C)(C)c5ccccc54)ccc2c2nc4ccccc4nc32)c2ccccc21,chromophore,9.950188,5.7213726
CC1(C)c2ccccc2N(c2ccc3c(ccc4nc5ccc6cc(N7c8ccccc8C(C)(C)c8ccccc87)ccc6c5nc43)c2)c2ccccc21,chromophore,9.941003,5.7111883
CC1(C)c2ccccc2N(c2ccc3nc4c5ccc(N6c7ccccc7C(C)(C)c7ccccc76)cc5c5cc(N6c7ccccc7C(C)(C)c7ccccc76)ccc5c4nc3c2)c2ccccc21,chromophore,9.980684,5.7459807
CC1(C)c2ccccc2N(c2cccc(S(=O)(=O)c3cccc(N4c5ccccc5C(C)(C)c5ccccc54)c3)c2)c2ccccc21,chromophore,7.7451754,5.4145546
CC1(C)c2ccccc2N(c2ccccc2)c2ccc(-c3ccc(/C=C(\C#N)C(=O)O)s3)cc21,chromophore,50.11986,27.153536
CC1(CCCCC(=O)NCCCCCCO)C(/C=C/C=C/C=C2/N(CCCS(=O)(=O)[O-])c3ccc(S(=O)(=O)[O-])cc3C2(C)C)=[N+](CCCS(=O)(=O)[O-])c2ccc(S(=O)(=O)[O-])cc21,chromophore,5.9767237,49.71477
CC1=C(C)SC(=Cc2sc(C=C(C#N)C(=O)O)cc2CO[Si](C)(C)C(C)(C)C)S1,chromophore,49.52098,21.987862
CC1=C(Cc2ccccc2)C(C)=[N+]2C1=C(C)c1c(C)c(-c3csc(N4CCOCC4)n3)c(C)n1[B-]2(F)F,chromophore,-38.420673,-60.2932
CC1=C(Cl)C(/C=C/c2ccc3c(c2)c2ccccc2n3Cc2cn(CCC[P+](c3ccccc3)(c3ccccc3)c3ccccc3)nn2)=[N+]2C1=C(c1ccc(I)cc1)c1c(C)c(Cl)c(C)n1[B-]2(F)F,chromophore,-46.898754,-62.05152
CC1=C(I)C(C)=[N+]2C1=C(c1c(-c3ccccn3)nc3ccccn13)c1c(C)cc(C)n1[B-]2(F)F,chromophore,-41.346645,-60.192
CC1=C(c2ccc(N(c3ccccc3)c3ccccc3)cc2)C(C)=[N+]2C1=C(c1c(-c3ccccn3)nc3ccccn13)c1c(C)c(-c3ccc(N(c4ccccc4)c4ccccc4)cc3)c(C)n1[B-]2(F)F,chromophore,-39.795506,-59.819824
CC1=C(c2ccccc2)C(C)=[N+]2C1=C(c1c(-c3ccccn3)nc3ccccn13)c1c(C)c(-c3ccccc3)c(C)n1[B-]2(F)F,chromophore,-39.95092,-59.832195
CC1=C(c2ccccc2)C(C)=[N+]2C1=C(c1c(-c3ccccn3)nc3ccccn13)c1c(C)cc(C)n1[B-]2(F)F,chromophore,-40.867817,-60.058804
CC1=C(c2cccs2)C2=Cc3c(-c4cccs4)c(C)c(C)n3[B-](F)(F)[N+]2=C1C,chromophore,-35.68493,-56.096466
CC1=C2C=CC(=[N+](C)C)C=C2C(C)(C)c2cc(N(C)C)ccc21,chromophore,14.456794,-19.944948
CC1=C2C=CC(c3ccccc3)=[N+]2[B-](F)(F)n2c1ccc2-c1ccccc1,chromophore,-36.938595,-60.588787
CC1=CC(/C=C/c2ccc(C)cc2)=[N+]2C1=C(c1ccccc1)c1c(C)cc(/C=C/c3ccc(C)cc3)n1[B-]2(F)F,chromophore,-44.142715,-66.43366
CC1=CC(/C=C/c2ccc(OCCCN=[N+]=[N-])cc2)=[N+]2C1=C(c1ccc(N(C)C)cc1)c1c(C)cc(C)n1[B-]2(F)F,chromophore,-46.1218,-65.944405
CC1=CC(/C=C/c2ccc(OCCCN=[N+]=[N-])cc2)=[N+]2C1=C(c1ccc(N3CCCCC3)cc1)c1c(C)cc(C)n1[B-]2(F)F,chromophore,-46.527603,-67.344696
CC1=CC(/C=C/c2ccc(OCCN3CCCCC3)cc2)=[N+]2C1=C(c1ccc(OCCN3CCCCC3)cc1)c1c(C)cc(/C=C/c3ccc(OCCN4CCCCC4)cc3)n1[B-]2(F)F,chromophore,-46.440205,-67.34762
CC1=CC(/C=C/c2ccc(OCCN3CCOCC3)cc2)=[N+]2C1=C(c1ccc(OCCN3CCCCC3)cc1)c1c(C)cc(/C=C/c3ccc(OCCN4CCOCC4)cc3)n1[B-]2(F)F,chromophore,-46.460304,-67.366295
CC1=CC(/C=C/c2ccc([N+](C)(C)C)cc2)=[N+]2C1=C(c1ccc(C#CCO[C@@H]3O[C@H](CO)[C@@H](O)C(O)[C@H]3O)cc1)c1c(C)cc(/C=C/c3ccc([N+](C)(C)C)cc3)n1[B-]2(F)F,chromophore,-45.396675,-66.50833
CC1=CC(/C=C/c2ccc3ccc4cccc5ccc2c3c45)=[N+]2C1=C(c1ccccc1)c1c(C)cc(/C=C/c3ccc4ccc5cccc6ccc3c4c56)n1[B-]2(F)F,chromophore,-44.935753,-59.193493
CC1=CC(/C=C/c2ccccc2)=[N+]2C1=C(c1ccccc1)c1c(C)cc(/C=C/c3ccccc3)n1[B-]2(F)F,chromophore,-44.17248,-66.40267
CC1=CC(=[N+]2CCC2)C=C2C1=Nc1c(C)cc(N3CCC3)cc1[Si]2(C)C,chromophore,-25.65804,0.13582353
CC1=CC(C)(C)N(CCCS(=O)(=O)[O-])c2cc3oc(=O)c(C(=O)NCCCCCC(=O)O)cc3cc21,chromophore,2.9969652,49.315933
CC1=CC(C)(C)Nc2ccc3c(-c4cc(C)cc(C)c4)c4ccc(=[NH2+])cc-4oc3c21,chromophore,-1.4859734,-65.264015
CC1=CC(C)(C)Nc2ccc3c(-c4cc(F)c(F)c(F)c4)c4ccc(=[NH2+])cc-4n(C)c3c21,chromophore,-2.0955415,-63.074818
CC1=CC(C)(C)Nc2ccc3c(-c4ccc(C)cc4)c4ccc(=[NH2+])cc-4n(C)c3c21,chromophore,-1.9876108,-63.104427
CC1=CC(C)(C)Nc2ccc3c(-c4ccc(F)c(Cl)c4)c4ccc(=[NH2+])cc-4n(C)c3c21,chromophore,-2.1542215,-62.874817
CC1=CC(C)(C)Nc2ccc3c(-c4ccc(Oc5ccccc5)cc4)c4ccc(=[NH2+])cc-4n(C)c3c21,chromophore,-1.6351459,-63.47061
CC1=CC(C)(C)Nc2ccc3c(-c4ccc(Oc5ccccc5)cc4)c4ccc(=[NH2+])cc-4oc3c21,chromophore,-1.8993535,-65.394135
CC1=CC(C)(C)Nc2ccc3c(-c4ccc5c(c4)OCO5)c4ccc(=[NH2+])cc-4n(C)c3c21,chromophore,-2.0877073,-63.465145
CC1=CC(C)(C)Nc2ccc3c(-c4ccc5ccccc5c4)c4ccc(=[NH2+])cc-4oc3c21,chromophore,-1.7026045,-65.82485
CC1=CC(C)(C)Nc2ccc3c(-c4cccc(CN5CCOCC5)c4)c4ccc(=[NH2+])cc-4n(C)c3c21,chromophore,-2.3387506,-63.606785
CC1=CC(C)(C)Nc2ccc3c(-c4cccc(Cl)c4)c4ccc(=[NH2+])cc-4oc3c21,chromophore,-1.3264968,-65.207855
CC1=CC(C)(C)Nc2ccc3c(-c4cccc(F)c4)c4ccc(=[NH2+])cc-4n(C)c3c21,chromophore,-2.123993,-63.21528
CC1=CC(C)(C)Nc2ccc3c(-c4cccc(F)c4)c4ccc(=[NH2+])cc-4oc3c21,chromophore,-1.4382901,-64.97384
CC1=CC(C)=[N+]2C1=C(C1=C(C)C3=C(C)c4c(C)cc(C)n4[B-](F)(F)[N+]3=C1C)c1c(C)cc(C)n1[B-]2(F)F,chromophore,-42.02748,-62.762127
CC1=CC(C)=[N+]2C1=C(c1c(-c3ccccn3)nc3ccccn13)c1c(C)cc(C)n1[B-]2(F)F,chromophore,-41.43683,-60.23346
CC1=CC(C)=[N+]2C1=C(c1c(F)c(F)c(NCCCCCCNP(=O)(OC(C)C)OC(C)C)c(F)c1F)c1c(C)cc(C)n1[B-]2(F)F,chromophore,-42.532536,-63.40309
CC1=CC(C)=[N+]2C1=C(c1c(F)c(F)c(NCCNP(=O)(OC(C)C)OC(C)C)c(F)c1F)c1c(C)cc(C)n1[B-]2(F)F,chromophore,-42.48892,-63.37922
CC1=CC(C)=[N+]2C1=C(c1c3ccccc3c(C)c3ccccc13)c1c(C)cc(C)n1[B-]2(F)F,chromophore,-42.6538,-60.276497
CC1=CC(C)=[N+]2C1=C(c1ccc(C(=O)O)cc1)c1c(C)cc(C)n1[B-]2(F)F,chromophore,-42.298916,-64.37608
CC1=CC(C)=[N+]2C1=C(c1ccc(I)cc1)c1c(C)cc(C)n1[B-]2(OCc1ccccc1)OCc1ccccc1,chromophore,-42.648247,-61.584946
CC1=CC(C)=[N+]2C1=C(c1ccc(I)cc1)c1c(C)cc(C)n1[B-]2(Oc1ccc(Cl)cc1)Oc1ccc(Cl)cc1,chromophore,-43.321896,-62.303307
CC1=CC(C)=[N+]2C1=C(c1ccc(I)cc1)c1c(C)cc(C)n1[B-]2(Oc1ccc([N+](=O)[O-])cc1)Oc1ccc([N+](=O)[O-])cc1,chromophore,-32.536484,-62.507935
CC1=CC(C)=[N+]2C1=C(c1ccc(I)cc1)c1c(C)cc(C)n1[B-]21Oc2ccc3ccccc3c2-c2c(ccc3ccccc23)O1,chromophore,-43.511925,-60.68156
CC1=CC(C)=[N+]2C1=C(c1ccc(I)cc1)c1c(C)cc(C)n1[B-]21Oc2ccccc2O1,chromophore,-43.05531,-61.24872
CC1=CC(C)=[N+]2C1=C(c1ccc(N(C)C)cc1)c1c(C)cc(/C=C/c3ccc(N(C)C)cc3)n1[B-]2(F)F,chromophore,-45.318733,-65.19202
CC1=CC(C)=[N+]2C1=C(c1ccc(N(C)C)cc1)c1c(C)cc(C)n1[B-]2(F)F,chromophore,-44.581482,-64.3171
CC1=CC(C)=[N+]2C1=C(c1ccc3cccnc3n1)c1c(C)cc(C)n1[B-]2(F)F,chromophore,-41.59389,-60.367325
CC1=CC(C)=[N+]2C1=C(c1ccccc1)c1c(C)c(-c3cccs3)c(C)n1[B-]2(F)F,chromophore,-36.999847,-58.314957
CC1=CC(C)=[N+]2C1=C(c1ccccc1)c1c(C)cc(C)n1[B-]2(F)F,chromophore,-42.349865,-61.030228
CC1=CC(C)=[N+]2C1=Cc1c(C)c(C3=C(C)C4=Cc5c(C)cc(C)n5[B-](F)(F)[N+]4=C3C)c(C)n1[B-]2(F)F,chromophore,-41.381237,-63.067703
CC1=CC(C)=[N+]2C1=Cc1c3ccccc3c(C#Cc3ccc(F)cc3)n1[B-]2(F)F,chromophore,-41.392937,-56.63772
CC1=CC(C)=[N+]2C1=Cc1ccc(/C=C/c3ccc(Br)cc3)n1[B-]2(F)F,chromophore,-41.075493,-66.28699
CC1=CC(C)=[N+]2C1=Cc1ccc(/C=C/c3ccc(CCl)cc3)n1[B-]2(F)F,chromophore,-41.123604,-66.277596
CC1=CC(C)=[N+]2C1=Cc1ccc(CCC(=O)O)n1[B-]2(F)F,chromophore,-40.912193,-64.3353
CC1=CC(C)=[N+]2C1=Cc1cccn1[B-]2(F)F,chromophore,-39.83704,-62.565937
CC1=CC(C)=[N+]2C1C(c1ccc(/N=C/c3ccc(O)c(O)c3)cc1)c1c(C)cc(C)n1[B-]2(F)F,chromophore,-40.21776,-65.57026
CC1=CC(c2ccc3ccccc3c2)=[O+][B-]2(OC(=O)C(=O)O2)O1,chromophore,-24.305132,-30.687819
CC1=CS[C@]2(C)C1=C1C(=C3C(C)=C(c4ccc(-c5nc(-c6ccccc6)c(-c6ccccc6)[nH]5)cc4)S[C@]32C)C(F)(F)C(F)(F)C1(F)F,chromophore,-12.986195,-12.357133
CC1=N/C(=C\c2cc(N(C)C)ccc2C#N)C(=O)N1C,chromophore,11.959887,-15.39183
CC1=N/C(=C\c2ccncc2)C(=O)N1C,chromophore,-13.605213,32.427574
CC1=[N+]2C(=C(NC(C)c3ccccc3)c3ccc(C)n3[B-]2(F)F)C=C1c1cc2n(c1)[B-](F)(F)[N+]1=CC=CC1=C2c1c(C)cc(C)cc1C,chromophore,-35.190075,-62.773754
CC1=[N+]2C(=C(Oc3ccc4c(c3)CC[C@@H]3[C@@H]4CC[C@]4(C)C(=O)CC[C@@H]34)c3ccc(C)n3[B-]2(F)F)C=C1c1cc2n(c1)[B-](F)(F)[N+]1=CC=CC1=C2c1c(C)cc(C)cc1C,chromophore,-34.816597,-63.69276
CC1=[N+]2C(=C(c3c4ccccc4cc4ccccc34)c3ccc(/C=C/C(C)(C)C)n3[B-]2(F)F)C=C1,chromophore,-44.2199,-58.318253
CC1=[N+]2C(=C(c3ccc(-c4c5ccccc5c(-c5ccccc5)c5ccccc45)cc3)c3ccc(C)n3[B-]2(F)F)C=C1,chromophore,-36.95121,-60.986633
CC1=[N+]2C(=C(c3ccc(C(=C(c4ccccc4)c4ccccc4)c4ccccc4)cc3)c3ccc(/C=C/c4ccc(C(=C(c5ccccc5)c5ccccc5)c5ccccc5)cc4)n3[B-]2(F)F)C=C1,chromophore,-42.879196,-67.24182
CC1=[N+]2C(=C(c3ccc(C(=C(c4ccccc4)c4ccccc4)c4ccccc4)cc3)c3ccc(C)n3[B-]2(F)F)C=C1,chromophore,-37.10261,-61.48592
CC1=[N+]2C(=C(c3ccc(C(OC(=O)c4ccccc4)C(=O)NC(C)(C)C)cc3)c3cc(Br)c(C)n3[B-]2(F)F)C=C1Br,chromophore,-33.60959,-68.03513
CC1=[N+]2C(=C(c3ccc(C(OC(=O)c4ccccc4)C(=O)NC(C)(C)C)s3)c3ccc(C)n3[B-]2(F)F)C=C1,chromophore,-34.1001,-68.08178
CC1=[N+]2C(=C(c3ccc(N(c4ccccc4)c4ccccc4)cc3)c3ccc(C)n3[B-]2(F)F)C=C1c1cc2n(c1)[B-](F)(F)[N+]1=CC=CC1=C2c1c(C)cc(C)cc1C,chromophore,-35.349823,-62.362244
CC1=[N+]2C(=C(c3ccc4c(c3)Cc3ccccc3-4)c3ccc(C)n3[B-]2(F)F)C=C1c1cc2n(c1)[B-](F)(F)[N+]1=CC=CC1=C2c1c(C)cc(C)cc1C,chromophore,-34.99954,-63.066513
CC1=[N+]2C(=C(c3ccccc3)c3c4c(c(C)n3[B-]2(F)F)CCc2ccccc2-4)C2=C1CCc1ccccc12,chromophore,-38.448017,-58.42883
CC1=[N+]2C(=C(c3ccccc3)c3c4ccccc4c(C)n3[B-]2(F)F)c2ccccc21,chromophore,-38.520844,-58.00944
CC1=[N+]2C(=C(c3ccccc3)c3ccc(/C=C/c4ccc(C(=C(c5ccccc5)c5ccccc5)c5ccccc5)cc4)n3[B-]2(F)F)C=C1,chromophore,-42.90111,-67.27183
CC1=[N+]2C(=C(c3ccccc3)c3ccc(C)n3[B-]2(F)F)C=C1,chromophore,-36.894306,-60.826576
CC1=[N+]2C(=C(c3ccccc3C)c3ccc(C)n3[B-]2(F)F)C=C1c1cc2n(c1)[B-](F)(F)[N+]1=CC=CC1=C2c1c(C)cc(C)cc1C,chromophore,-35.13909,-63.020508
CC1=[N+]2C(=Cc3c4c(cn3[B-]2(F)F)-c2nc-4c(-c3ccccc3)c3ccc([nH]3)c(-c3ccccc3)c3nc(c(-c4ccccc4)c4ccc([nH]4)c2-c2ccccc2)C=C3)C(C)C1,chromophore,-38.48991,-59.18779
CC1=c2c3c4cccc5cccc(c=3c(C)[n+]2[B-](F)(F)n2c(C)c3cc6c(-c7ccccc7)c7c(c(-c8ccccc8)c6cc3c21)-c1cccc2cccc-7c12)c54,chromophore,-45.048374,-57.46804
CC1=c2cc3c(C)c4n(c3cc2=[N+]2C1=Cc1c3ccccc3c(C)n1[B-]2(F)F)[B-](F)(F)[N+]1=C(C)c2ccccc2C1=C4,chromophore,-41.77853,-57.55577
CC1=c2cc3c(cc2=[N+]2C1=Cc1c4ccccc4c(C)n1[B-]2(F)F)C1=Cc2c4ccccc4c(C)n2[B-](F)(F)[N+]1=C3C,chromophore,-41.793762,-57.42897
CC1CC(C)(C)N(C)c2ccc(-c3cc4sc5cc(/C=C(\C#N)C(=O)O)sc5c4s3)cc21,chromophore,48.051037,24.888426
CC1CC(C)(C)N(C)c2ccc(-c3ccc(-c4ccc(-c5ccc(C=C(C#N)C(=O)O)s5)s4)s3)cc21,chromophore,48.374466,25.30303
CC1CC(C)(C)N(C)c2ccc(-c3ccc(C=C(C#N)C(=O)O)s3)cc21,chromophore,48.347042,25.25552
CC1CC(C)(C)N(C)c2ccc(/C=C/C3=CC(=C(\C#N)C(=O)O)/c4ccccc4O3)cc21,chromophore,-2.035259,45.297237
CC1CC(C)(C)N(C)c2ccc(/C=C/c3cc[n+](CC(=O)O)cc3)cc21,chromophore,-2.988024,46.498363
CC1CC(C)(C)N(C)c2ccc(C=Cc3ccc(-c4ccc(-c5ccc(C=C(C#N)C(=O)O)s5)s4)s3)cc21,chromophore,46.950294,25.348488
CC1CC(C)(C)N(C)c2ccc(C=Cc3ccc(C=C(C#N)C(=O)O)s3)cc21,chromophore,46.72029,25.306301
CC1CC(C)CN(c2c(F)cc3c(c2F)OC2=C(/C=C/C4=[N+](C)c5ccccc5C4(C)C)CCCC2=C3)C1,chromophore,3.688958,42.615685
CC1CC=C(c2ccc(-c3ccc(C=O)s3)s2)CC1,chromophore,-1.0704116,-13.557107
CC1CC=C(c2ccc(-c3cccs3)s2)CC1,chromophore,-1.4573125,-14.005783
CC1CCC(=CS/C=C/c2ccc(/C=C/SC=C3CCC(C)CC3)cc2)CC1,chromophore,-1.5941918,2.8835993
CC1Cc2ccccc2N1c1ccc(N(c2ccc(/C=C(/C#N)C(=O)O)cc2)c2ccc(N3c4ccccc4CC3C)cc2)cc1,chromophore,52.09859,11.093751
CC1N=c2c(cc3c(c2S(=O)(=O)O)Oc2c(cc4c(c2S(=O)(=O)O)NC(C)C4(C)C)C=3c2ccc(C(=O)O)cc2)C1(C)C,chromophore,-25.732172,17.72832
CC1(C)Cc2nc1c(-c1ccccc1)c1ccc(cc3nc(c(-c4ccccc4)c4ccc([nH]4)c2C#Cc2ccc(C(=O)O)cc2)C(C)(C)C3)[nH]1,chromophore,-33.56681,5.090372
CCC(=O)Nc1ccc(C(=O)/C=C/c2ccc(N(C)CCO)cc2)cc1,chromophore,-64.96182,-29.634756
CCC(C)(C)c1ccc(-c2ccc(-c3ccc(C(C)(C)CC)cc3)cc2)cc1,chromophore,-8.417577,-39.85128
CCC(C)(C)c1ccc(-c2ccc(-c3ccccc3)cc2)cc1,chromophore,-8.004515,-39.481388
CCC(CC)CCCCOc1ccc(-c2ccc3c(c2)Sc2cc(-c4ccc(C5=CC=C(/C=C(/C#N)C(=O)O)C5)c5nc(-c6ccccc6)c(-c6ccccc6)nc45)ccc2N3CCCCC(CC)CC)cc1,chromophore,48.487362,41.03198
CCC(CC)CCCCOc1ccc(-c2ccc3c(c2)Sc2cc(-c4ccc(C5=CC=C(/C=C(\C#N)C(=O)O)C5)c5nc(-c6ccccc6)c(-c6ccccc6)nc45)ccc2N3CCCCC(CC)CC)cc1,chromophore,48.487362,41.03198
CCC(CC)CCCCOc1ccc2ccccc2c1-c1c(OCCCCC(CC)CC)ccc2cc(-c3ccc(-c4ccc5c(c4)Sc4cc(-c6ccc(C7=CC=C(/C=C(/C#N)C(=O)O)C7)c7nc(-c8ccccc8)c(-c8ccccc8)nc67)ccc4N5CCCCC(CC)CC)cc3)ccc12,chromophore,48.63191,41.13525
CCC(CC)CCCCOc1ccc2ccccc2c1-c1c(OCCCCC(CC)CC)ccc2cc(-c3ccc(-c4ccc5c(c4)Sc4cc(-c6ccc(C7=CC=C(/C=C(\C#N)C(=O)O)C7)c7nc(-c8ccccc8)c(-c8ccccc8)nc67)ccc4N5CCCCC(CC)CC)cc3)ccc12,chromophore,48.63191,41.13525
CCC(CC)COC1=CC2=C3c4cc(OCC(CC)CC)c(-c5ccccc5)n4[B-](F)(F)[n+]4nnn(c43)[B-](F)(F)[N+]2=C1c1ccccc1,chromophore,-38.994457,-60.625984
CCC(CC)n1c2ccccc2c2cc3c(cc21)c1ccccc1n3C(CC)CC,chromophore,-1.0588139,-30.61971
CCC/N=C/c1cc2ccc(N(C)C)cc2cc1OC,chromophore,11.613446,-19.019615
CCC1(C)C(=O)c2cc3[nH]c(cc4nc(c5c6[nH]c(cc1n2)c(C)c6C(=O)C5)C(CCC(=O)OC)=C4C)c(C)c3/C=C/C(=O)O,chromophore,-29.572628,30.37003
CCC1(CC)c2cc(-c3ccc(-c4ccc(/C=C(/C#N)C(=O)O)s4)s3)ccc2-c2ccc(N(c3ccccc3)c3ccc(C=C4c5ccccc5-c5ccccc54)cc3)cc21,chromophore,74.59658,12.397644
CCC1(CC)c2cc(-c3ccc(-c4ccc(/C=C(\C#N)C(=O)O)n4C)s3)ccc2-c2ccc(N(c3ccccc3)c3ccccc3)cc21,chromophore,74.49197,12.847972
CCC1(CC)c2cc(-c3ccc(-c4ccc(/C=C(\C#N)C(=O)O)s4)s3)ccc2-c2ccc(N(c3ccc(C=C4c5ccccc5-c5ccccc54)cc3)c3ccc(C=C4c5ccccc5-c5ccccc54)cc3)cc21,chromophore,74.60574,12.365176
CCC1(CC)c2cc(-c3ccc(-c4ccc(/C=C(\C#N)C(=O)O)s4)s3)ccc2-c2ccc(N(c3ccccc3)c3ccc(C=C4c5ccccc5-c5ccccc54)cc3)cc21,chromophore,74.59658,12.397644
CCC1(CC)c2cc(-c3ccc(-c4ccc(/C=C(\C#N)C(=O)O)s4)s3)ccc2-c2ccc(N(c3ccccc3)c3ccc4c(c3)C(CC)(CC)c3cc(N(c5ccccc5)c5ccc6c(c5)C(CC)(CC)c5cc(-c7ccc(-c8ccc(/C=C(\C#N)C(=O)O)s8)s7)ccc5-6)ccc3-4)cc21,chromophore,75.206894,12.478149
CCC1(CC)c2cc(-c3ccc(-c4ccc(/C=C(\C#N)C(=O)O)s4)s3)ccc2-c2ccc(N(c3ccccc3)c3ccc4c(c3)C(CC)(CC)c3cc(N(c5ccccc5)c5ccccc5)ccc3-4)cc21,chromophore,75.206894,12.478149
CCC1(CC)c2cc(-c3ccc(-c4ccc(/C=C(\C#N)C(=O)O)s4)s3)ccc2-c2ccc(N3c4ccccc4Sc4ccccc43)cc21,chromophore,51.83715,30.43379
CCC1(CC)c2cc(-c3ccc(-c4ccccc4)cc3-c3ccccc3)ccc2-c2nc3c(nc21)-c1ccc(-c2ccc(-c4ccccc4)cc2-c2ccccc2)cc1C3(CC)CC,chromophore,14.160662,1.861861
CCC1(CC)c2cc(-c3ccc(/C=C(\C#N)C(=O)O)s3)ccc2-c2c1c1c(c3c2C(CC)(CC)c2cc(N(c4ccccc4)c4ccccc4)ccc2-3)C(CC)(CC)c2cc(N(c3ccccc3)c3ccccc3)ccc2-1,chromophore,75.381966,12.601669
CCC1(CC)c2cc(-c3ccc(/C=C(\C#N)C(=O)O)s3)ccc2-c2ccc(-c3ccc(-c4ccc5c(c4)C(CC)(CC)c4cc(N(c6ccccc6)c6cccc7ccccc67)ccc4-5)s3)cc21,chromophore,75.983665,12.018902
CCC1(CC)c2cc(-c3ccc(/C=C(\C#N)C(=O)O)s3)ccc2-c2ccc(N(c3ccccc3)c3ccc(C=C4c5ccccc5-c5ccccc54)cc3)cc21,chromophore,74.55987,12.430694
CCC1(CC)c2cc(-c3ccc(/C=C(\C#N)C(=O)O)s3)ccc2-c2ccc(N(c3ccccc3)c3ccc4c(c3)C(CC)(CC)c3cc(N(c5ccccc5)c5ccc6c(c5)C(CC)(CC)c5cc(-c7ccc(/C=C(\C#N)C(=O)O)s7)ccc5-6)ccc3-4)cc21,chromophore,75.14566,12.490294
CCC1(CC)c2cc(-c3ccc(N(c4ccccc4)c4ccccc4)cc3)ccc2-c2ccc(-c3ccc(/C=C(/C#N)C(=O)O)s3)cc21,chromophore,75.21855,12.6064415
CCC1(CC)c2cc(-c3ccc4c(c3)C(CC)(CC)c3cc(C(C)(C)C)ccc3-4)ccc2-c2ccc(-c3ccc4c(c3)C(CC)(CC)c3cc(C(C)(C)C)ccc3-4)cc21,chromophore,14.857639,0.41824645
CCC1(CC)c2cc(-c3cccs3)ccc2-c2c1c1c(c3c2C(CC)(CC)c2cc(-c4cccs4)ccc2-3)C(CC)(CC)c2cc(-c3cccs3)ccc2-1,chromophore,15.66414,0.6039559
CCC1(CC)c2cc(/C=C(\C#N)C(=O)O)ccc2-c2ccc(N(c3ccccc3)c3cccc4ccccc34)cc21,chromophore,71.20042,15.40762
CCC1(CC)c2cc(/C=C(\C#N)C(=O)O)sc2-c2sc(-c3sc(-c4ccc(N(c5ccccc5)c5ccccc5)cc4)c4c3OCCO4)cc21,chromophore,58.32136,17.510447
CCC1(CC)c2cc(/C=C(\C#N)c3ccc(C=C(C#N)C(=O)O)s3)ccc2-c2ccc(N(c3ccccc3)c3ccccc3)cc21,chromophore,73.1912,13.397291
CCC1(CC)c2cc(/C=C/c3cc(Br)c(/C=C/c4ccc5c(c4)C(CC)(CC)c4cc(N6c7ccccc7Sc7ccccc76)ccc4-5)cc3Br)ccc2-c2ccc(N3c4ccccc4Sc4ccccc43)cc21,chromophore,9.628487,8.857696
CCC1(CC)c2cc(/C=C/c3ccc(C=C(C#N)C(=O)O)o3)ccc2-c2ccc(N(c3ccccc3)c3ccccc3)cc21,chromophore,70.60745,15.393802
CCC1(CC)c2cc(B(c3c(C)cc(C)cc3C)c3c(C)cc(C)cc3C)ccc2-c2ccc(N(c3ccccc3)c3ccccc3)cc21,chromophore,25.526655,-28.751589
CCC1(CC)c2cc(C#Cc3ccc(/C=C(\C#N)C(=O)O)s3)ccc2-c2ccc(N(c3ccccc3)c3ccccc3)cc21,chromophore,73.2744,13.117413
CCC1(CC)c2cc(C=C(C#N)C#N)ccc2-c2ccc(N(C)C)cc21,chromophore,51.16694,-15.790182
CCC1(CC)c2cc(C=O)ccc2-c2ccc(N(C)C)cc21,chromophore,15.025486,-20.996353
CCC1(CC)c2cc(N(C)C)ccc2-c2ccc(C(F)(F)F)cc21,chromophore,15.107354,-21.21072
CCC1(CC)c2cc(N(c3ccccc3)c3cccc4ccccc34)ccc2-c2ccc(N(c3ccc(/C=C(\C#N)C(=O)O)cc3)c3cccc4ccccc34)cc21,chromophore,71.2004,15.410557
CCC1(CC)c2cc(N(c3ccccc3)c3ccccc3)ccc2-c2c1c1c(c3c2C(CC)(CC)c2cc(N(c4ccccc4)c4ccccc4)ccc2-3)C(CC)(CC)c2cc(N(c3ccccc3)c3ccccc3)ccc2-1,chromophore,25.398762,-28.659986
CCC1(CC)c2ccc(N(c3ccccc3)c3ccc4c(c3)C(CC)(CC)c3cc(-c5ccc(/C=C(/C#N)C(=O)O)s5)ccc3-4)cc2-c2ccc(C(c3ccccc3)c3ccccc3)cc21,chromophore,75.18789,12.817596
CCC1(CC)c2ccc(N(c3ccccc3)c3ccccc3)cc2-c2c1c1c(c3c2C(CC)(CC)c2cc(N(c4ccccc4)c4ccccc4)ccc2-3)C(CC)(CC)c2ccc(-c3ccc(/C=C(\C#N)C(=O)O)s3)cc2-1,chromophore,75.345085,12.644647
CCC1(CC)c2ccc(N(c3ccccc3)c3ccccc3)cc2-c2c1c1c(c3c2C(CC)(CC)c2cc(N(c4ccccc4)c4ccccc4)ccc2-3)C(CC)(CC)c2ccc(C=C(C#N)C(=O)O)cc2-1,chromophore,70.94984,15.405339
CCC1(CC)c2ccccc2-c2c1c1c(c3c2C(CC)(CC)c2cc(B(c4c(C)cc(C)cc4C)c4c(C)cc(C)cc4C)ccc2-3)C(CC)(CC)c2ccccc2-1,chromophore,16.029913,1.3077394
CCC1(CC)c2ccccc2-c2ccc(N(c3ccc(-c4ccc(-c5ccc(/C=C(\C#N)C(=O)O)s5)c5nc(-c6ccccc6)c(-c6ccccc6)nc45)cc3)c3ccc4c(c3)C(CC)(CC)c3ccccc3-4)cc21,chromophore,74.946075,11.068401
CCC1(CC)c2ccccc2-c2ccc(N(c3ccc4c(c3)C(CC)(CC)c3ccccc3-4)c3ccc4c(c3)C(CC)(CC)c3cc(-c5ccc(/C=C(\C#N)C(=O)O)s5)ccc3-4)cc21,chromophore,75.19288,12.388463
CCC1(CC)c2ccccc2-c2ccc(N3c4ccccc4Sc4ccc(/C=C5/SC(=S)N(CC(=O)O)C5=O)cc43)cc21,chromophore,25.786068,45.701008
CCC1(CC)c2ccccc2-n2c3ccc(-c4ccc(-c5ccc(-c6ccc(C=C(C#N)C(=O)O)s6)s5)s4)cc3c3cccc1c32,chromophore,53.781586,27.181171
CCC1(CC)c2ccccc2-n2c3ccc(-c4ccc(-c5ccc(C=C(C#N)C(=O)O)s5)s4)cc3c3cccc1c32,chromophore,53.781696,27.181385
CCC1(CC)c2ccccc2-n2c3ccc(-c4ccc(/C=C(\C#N)C(=O)O)s4)cc3c3cccc1c32,chromophore,53.780647,27.168133
CCC12C(=C3C(=C4c5ccc(-c6ccc(C(C)=O)cc6)cc5S(=O)(=O)C41CC)C(F)(F)C(F)(F)C3(F)F)c1ccc(-c3ccc(C(C)=O)cc3)cc1S2(=O)=O,chromophore,-9.936247,14.413515
CCC12C(=C3C(=C4c5ccc(-c6ccc(C)s6)cc5S(=O)(=O)C41CC)C(F)(F)C(F)(F)C3(F)F)c1ccc(-c3ccc(C)s3)cc1S2(=O)=O,chromophore,15.479791,8.08882
CCC12C(=C3C(=C4c5ccc(-c6ccc(CO)cc6)cc5S(=O)(=O)C41CC)C(F)(F)C(F)(F)C3(F)F)c1ccc(-c3ccc(CO)cc3)cc1S2(=O)=O,chromophore,-9.929866,14.391891
CCC1=C(C)C(=O)n2c1cc1[nH]c(C(=O)OC(C)(C)C)c(C)c1c2=O,chromophore,-19.23807,31.08913
CCC1=C(C)C(=O)n2c1cc1c(C)c(CC(=O)O)c(C)n1c2=O,chromophore,-19.609447,32.40855
CCC1=C(C)C(=O)n2c1cc1c(C)c(CC(=O)OC)c(C)n1c2=O,chromophore,-19.27912,31.633799
CCC1=C(C)C(=O)n2c1cc1c(CCC(=O)O)c(C)c(C)n1c2=O,chromophore,-19.632744,32.440514
CCC1=C(C)C(=O)n2c1cc1c(CCC(=O)OC)c(C)c(C)n1c2=O,chromophore,-19.309324,31.681341
CCC1=C(C)C(=O)n2c1cc1c(c(C)c(C(=O)OCC(C)C)n1CC(C)C)c2=O,chromophore,-19.053656,31.676903
CCC1=C(C)C2=C(/C=C/Sc3ccccc3)c3c(C)c(CC)c(C)n3[B-](F)(F)[N+]2=C1C,chromophore,-40.176502,-61.85903
CCC1=C(C)C2=C(/C=C/c3ccc([N+](=O)[O-])cc3)c3c(C)c(CC)c(C)n3[B-](F)(F)[N+]2=C1C,chromophore,-41.106083,-66.2632
CCC1=C(C)C2=C(C)c3c(C)c(CC)c(C)n3[B-](F)(F)[N+]2=C1C,chromophore,-40.711582,-63.15679
CCC1=C(C)C2=C(C)c3c(I)c(I)cn3[B-](F)(F)[N+]2=C1C,chromophore,-40.54126,-63.081673
CCC1=C(C)C2=C(c3cc(C(=O)Cl)cc(C(=O)Cl)c3)c3c(C)c(CC)c(C)n3[B-](F)(F)[N+]2=C1C,chromophore,-41.286636,-64.20165
CCC1=C(C)C2=C(c3cc(C4=C5C(C)=C(CC)C(C)=[N+]5[B-](F)(F)n5c(C)c(CC)c(C)c54)cc(C4=C5C(C)=C(CC)C(C)=[N+]5[B-](F)(F)n5c(C)c(CC)c(C)c54)c3)c3c(C)c(CC)c(C)n3[B-](F)(F)[N+]2=C1C,chromophore,-41.158627,-63.338867
CCC1=C(C)C2=C(c3ccc(-c4ccc(N(c5ccc(-c6ccc(C(=O)O)cc6)cc5)c5ccc(-c6ccc(C7=C8C(C)=C(CC)C(C)=[N+]8[B-](F)(F)n8c(C)c(CC)c(C)c87)s6)cc5)cc4)s3)c3c(C)c(CC)c(C)n3[B-](F)(F)[N+]2=C1C,chromophore,-36.61738,-70.818146
CCC1=C(C)C2=C(c3ccc(C(=O)O)cc3)C3=C(C)C(CC)C(/C=C/c4ccc(OCCOCCOC)cc4)=[N+]3[B-](C#COCCOC)(C#COCCOC)N2C1/C=C/c1ccc(OCCOCCOC)cc1,chromophore,-52.206665,-63.809917
CCC1=C(C)C2=C(c3ccc(C(=O)O)cc3)C3=C(C)C(CC)C(C)=[N+]3[B-](C#COCCOC)(C#COCCOC)N2C1/C=C/c1ccc(OCCOCCOC)cc1,chromophore,-52.219086,-63.79914
CCC1=C(C)C2=C(c3ccc(C(=O)O)cc3)C3=C(C)C(CC)C(C)=[N+]3[B-](C#COCCOC)(C#COCCOC)N2C1C,chromophore,-52.24763,-63.77139
CCC1=C(C)C2=Cc3c(I)c(I)c(I)n3[B-](F)(F)[N+]2=C1C,chromophore,-40.67677,-63.12049
CCC1=C(C)C2=Cc3c4ccccc4c4n3[B-](c3cc[n+](C)cc3)(Oc3ccccc3-4)[N+]2=C1C,chromophore,-42.64952,-56.910625
CCC1=C(C)C2=Cc3c4ccccc4c4n3[B-](c3ccc5cc6ccccc6cc5c3)(Oc3ccccc3-4)[N+]2=C1C,chromophore,-43.18588,-56.406803
CCC1=C(C)C2=Cc3c4ccccc4c4n3[B-](c3ccncc3)(Oc3ccccc3-4)[N+]2=C1C=Cc1ccc(OC)cc1,chromophore,-24.064682,-36.365658
CCC1=C(C)C2=Cc3cc(I)c(I)n3[B-](F)(F)[N+]2=C1C,chromophore,-40.89259,-63.249832
CCC1=C(C)C2=Cc3cc(I)cn3[B-](F)(F)[N+]2=C1C,chromophore,-40.768795,-63.206066
CCC1=C(C)C2=Cc3cc4c(cc3B(O)N2C1=O)OCO4,chromophore,-19.091072,34.342724
CCC1=C(C)C2=Cc3cccn3[B-](F)(F)[N+]2=C1C,chromophore,-40.171486,-62.595306
CCC1=C(C)C2=Cc3cscc3B(O)N2C1=O,chromophore,-18.317814,33.63525
CCC1=C(C)C2C(c3ccc(-c4ccc(-c5nc6c7ccccc7c7ccccc7c6n5-c5ccc(C(C)(C)C)cc5)cc4)cc3)c3c(C)c(CC)c(C)n3[B-](F)(F)[N+]2=C1C,chromophore,7.3478775,-42.56217
CCC1=C(C2=C(C3=C(CC)S(=O)(=O)c4cc(-c5ccc(C(C)=O)s5)ccc43)C(F)(F)C(F)(F)C2(F)F)c2ccc(-c3ccc(C(C)=O)s3)cc2S1(=O)=O,chromophore,15.589687,8.27394
CCC1=C(C2=C(C3=C(CC)S(=O)(=O)c4cc(-c5ccc(C)s5)ccc43)C(F)(F)C(F)(F)C2(F)F)c2ccc(-c3ccc(C)s3)cc2S1(=O)=O,chromophore,15.492055,8.108043
CCC1=C(C2=C(C3=C(CC)S(=O)(=O)c4cc(-c5ccccc5)ccc43)C(F)(F)C(F)(F)C2(F)F)c2ccc(-c3ccccc3)cc2S1(=O)=O,chromophore,-12.981223,-5.398613
CCC1=[N+]2C(=C3c4c(Br)c(Br)c(CC)n4[B-](F)(F)[n+]4c3n(c3ccccc34)[B-]2(F)F)C=C1Br,chromophore,-40.084747,-61.886684
CCC1=[N+]2C(=C3c4cc(I)c(CC)n4[B-](F)(F)[n+]4c3n(c3ccccc34)[B-]2(F)F)C=C1I,chromophore,-39.938248,-61.839325
CCCC(=O)c1c2c(c(C(=O)CCC)c3c1OC(CC(=O)OC)(C(=O)O)O3)OCO2,chromophore,-25.74686,31.839035
CCCC(=O)c1c2c(c(C(=O)CCC)c3c1OC(CC(=O)OC)(C(=O)OC)O3)OCO2,chromophore,-25.728233,31.84824
CCCC1(CCC)COc2c(/C=C(\C#N)C(=O)O)sc(-c3sc(-c4ccc(N(c5ccccc5)c5ccccc5)cc4)c4c3OCC(CCC)(CCC)CO4)c2OC1,chromophore,57.69931,17.399517
CCCC1(CCC)c2cc(-c3ccc(OC)cc3)ccc2-c2ccc(-c3ccc4c(c3)C(CCC)(CCC)c3cc(-c5ccc(OC)cc5)ccc3-4)cc21,chromophore,-27.662363,-48.21488
CCCC1(CCC)c2cc(-c3ccc4c(c3)C(CCC)(CCC)c3cc(-c5ccc6c(c5)C(CCC)(CCC)c5cc(C(C)(C)CC)ccc5-6)ccc3-4)ccc2-c2ccc(-c3ccc4c(c3)C(CCC)(CCC)c3cc(C(C)(C)CC)ccc3-4)cc21,chromophore,14.959977,0.5567708
CCCC1(CCC)c2cc(-c3ccco3)ccc2-c2ccc(-c3ccco3)cc21,chromophore,15.536237,1.559537
CCCC1(CCC)c2cc(-c3nc(-c4ccc5c(c4)C(CCC)(CCC)c4cc(-c6ccc(/C=C(/C#N)C(=O)O)s6)ccc4-5)nc(-c4ccc5c(c4)C(CCC)(CCC)c4cc(N(c6ccccc6)c6ccccc6)ccc4-5)n3)ccc2-c2ccc(-c3ccc(/C=C(/C#N)C(=O)O)s3)cc21,chromophore,75.33815,11.729343
CCCC1(CCC)c2cc(-c3nc(-c4ccc5c(c4)C(CCC)(CCC)c4cc(N(c6ccccc6)c6ccccc6)ccc4-5)nc(-c4ccc5c(c4)C(CCC)(CCC)c4cc(N(c6ccccc6)c6ccccc6)ccc4-5)n3)ccc2-c2ccc(-c3ccc(/C=C(\C#N)C(=O)O)s3)cc21,chromophore,75.33815,11.729359
CCCC1(CCC)c2cc(C#N)ccc2-c2ccc(C#N)cc21,chromophore,17.567,0.55966926
CCCC1(CCC)c2cc(C=C(C#Cc3ccccc3)C#Cc3ccccc3)ccc2-c2ccc(C=C(C#Cc3ccccc3)C#Cc3ccccc3)cc21,chromophore,18.018433,1.783158
CCCC1(CCC)c2ccccc2-c2c1c1c(c3c2C(CCC)(CCC)c2cc(N(c4ccc(-c5sc(/C=C(\C#N)C(=O)O)c6c5OCCO6)cc4)c4ccc5c(c4)C(CCC)(CCC)c4c6c(c7c(c4-5)C(CCC)(CCC)c4ccccc4-7)Cc4ccccc4-6)ccc2-3)Cc2ccccc2-1,chromophore,70.64762,12.113678
CCCC1(CCC)c2ccccc2-c2c1c1c(c3c2C(CCC)(CCC)c2ccc(N(c4ccc(OC)cc4)c4ccc(-c5sc(/C=C(\C#N)C(=O)O)c6c5OCCO6)cc4)cc2-3)C(CCC)(CCC)c2ccc(N(c3ccc(OC)cc3)c3ccc(-c4sc(/C=C(\C#N)C(=O)O)c5c4OCCO5)cc3)cc2-1,chromophore,70.18553,12.075978
CCCC1(CCC)c2ccccc2-c2ccc(-c3ccc(C(C)(C)C)cc3)cc21,chromophore,14.909209,0.6436636
CCCC1(CCC)c2ccccc2-c2ccc(-c3ccc(OC)cc3)cc21,chromophore,-27.57995,-48.24918
CCCC1(CCC)c2ccccc2-c2ccc(-c3ccc4c(c3)C(CCC)(CCC)c3cc(-c5ccc6c(c5)C(CCC)(CCC)c5cc(-c7ccc8c(c7)C(CCC)(CCC)c7ccccc7-8)ccc5-6)ccc3-4)cc21,chromophore,15.525388,1.733872
CCCC1(CCC)c2ccccc2-c2ccc(-c3ccc4c(c3)C(CCC)(CCC)c3cc(-c5ccc6c(c5)C(CCC)(CCC)c5ccccc5-6)ccc3-4)cc21,chromophore,15.525388,1.733872
CCCCC#Cc1cccc2cc(CCCC)c3cc(-c4cc[b-]5c(c4)c(CCCC)cc4cccc(C#CCCCC)[n+]54)cc[b-]3[n+]12,chromophore,19.760283,16.758556
CCCCC(CC)CC1(CC(CC)CCCC)c2cc(-c3ccc(C=C(C#N)C(=O)O)s3)ccc2-c2cc3c(cc21)-c1ccc(N(c2ccccc2)c2ccccc2)cc1C3(CC(CC)CCCC)CC(CC)CCCC,chromophore,75.57563,13.653994
CCCCC(CC)CC1(CC(CC)CCCC)c2cc(-c3ccc(C=C(C#N)C(=O)O)s3)sc2-c2sc(-c3cnc(-c4ccc5c(c4)C4CCCC4N5c4ccc(C)cc4)c4nsnc34)cc21,chromophore,42.24555,50.29347
CCCCC(CC)CN(CC(CC)CCCC)c1ccc(-c2ccc(-c3ccc(C=C(C#N)C(=O)O)o3)c3nc4c(nc23)-c2ccccc2C2(c3ccccc3-c3ccccc32)c2ccccc2-4)cc1,chromophore,68.92073,22.982948
CCCCC(CC)CN1C(=O)/C(=C2/C(=O)N(CC(CC)CCCC)c3cc(-c4ccc(/C=C(\C#N)C(=O)O)s4)ccc32)c2ccc(-c3ccc4c(c3)C3CCCC3N4c3ccc(C)cc3)cc21,chromophore,42.308903,49.68342
CCCCC(CC)CN1C(=O)/C(=C2/C(=O)N(CC(CC)CCCC)c3cc(-c4ccc5c(c4)C4CCCC4N5c4ccc(C)cc4)ccc32)c2ccc(-c3ccc(/C=C(\C#N)C(=O)O)cc3)cc21,chromophore,42.288372,49.16874
CCCCC(CC)CN1C(=O)C2=C(c3ccc(-c4ccc(C5=C6C(C)=CC(C)=[N+]6[B-](F)(F)n6c(C)cc(C)c65)cc4)s3)N(CC(CC)CCCC)C(=O)C2=C1c1ccc(-c2ccc(C3=C4C(C)=CC(C)=[N+]4[B-](F)(F)n4c(C)cc(C)c43)cc2)s1,chromophore,-43.39857,-63.217236
CCCCC(CC)CN1C(=O)C2=C(c3ccc(-c4ccc(C=C(C#N)C(=O)O)s4)cn3)N(CC(CC)CCCC)C(=O)C2=C1c1ccc(-c2ccc(N(c3ccc(OC)cc3)c3ccc(OC)cc3)cc2)cn1,chromophore,76.098976,35.019997
CCCCC(CC)CN1C(=O)C2=C(c3ccc(-c4ccc(C=C(C#N)C(=O)O)s4)cn3)N(CC(CC)CCCC)C(=O)C2=C1c1ccc(-c2ccc(N(c3ccccc3)c3ccccc3)cc2)cn1,chromophore,74.75047,35.352703
CCCCC(CC)CN1C(=O)C2=C(c3ccc(-c4ccc(C=C(C#N)C(=O)O)s4)s3)N(CC(CC)CCCC)C(=O)C2=C1c1ccc(-c2ccc(N(c3ccc(C)cc3)c3ccc(C)cc3)cc2)s1,chromophore,74.90153,35.25736
CCCCC(CC)CN1C(=O)c2c(-c3ccc(C=C(C#N)C(=O)O)s3)sc(-c3ccc(-c4ccc(N(c5ccccc5)c5ccccc5)cc4)s3)c2C1=O,chromophore,74.677986,35.267166
CCCCC(CC)CN1C(=O)c2cc(Oc3ccc(C(C)(C)C)cc3)c3c4c(Cl)cc5c6c(cc(Cl)c(c7c(Oc8ccc(C(C)(C)C)cc8)cc(c2c37)C1=O)c64)C(=O)N(c1c(C(C)C)cccc1C(C)C)C5=O,chromophore,0.8403298,11.486159
CCCCC(CC)CN1C(=O)c2ccc3c4c(-c5ccc(-n6c7ccccc7c7ccccc76)cc5)cc5c6c(cc(-c7ccc(-n8c9ccccc9c9ccccc98)cc7)c(c7ccc(c2c37)C1=O)c64)C(=O)N(CC(CC)CCCC)C5=O,chromophore,27.985802,27.567497
CCCCC(CC)CN1C(=O)c2ccc3c4c(-c5ccc6c(c5)c5ccccc5n6-c5ccccc5)cc5c6c(cc(-c7ccc8c(c7)c7ccccc7n8-c7ccccc7)c(c7ccc(c2c37)C1=O)c64)C(=O)N(CC(CC)CCCC)C5=O,chromophore,27.96718,27.530478
CCCCC(CC)CN1C(=O)c2ccc3c4c(-c5ccc6c(c5)c5ccccc5n6-c5ccccc5)cc5c6c(ccc(c7c(-c8ccc9c(c8)c8ccccc8n9-c8ccccc8)cc(c2c37)C1=O)c64)C(=O)N(CC(CC)CCCC)C5=O,chromophore,27.96973,27.529373
CCCCC(CC)CN1C(=O)c2ccc3c4c(-c5ccc6c7ccccc7n(-c7ccccc7)c6c5)cc5c6c(cc(-c7ccc8c9ccccc9n(-c9ccccc9)c8c7)c(c7ccc(c2c37)C1=O)c64)C(=O)N(CC(CC)CCCC)C5=O,chromophore,27.955431,27.53878
CCCCC(CC)CN1c2ccc(-c3ccc4c(c3)c3nc5ccccc5nc3n4CC(CC)CCCC)cc2Sc2cc(-c3ccc(/C=C(\C#N)C(=O)O)s3)ccc21,chromophore,58.056496,38.65653
CCCCC(CC)CN1c2ccc(-c3ccc4c5nc6ccccc6nc5n(CC(CC)CCCC)c4c3)cc2Sc2ccc(-c3ccc(C=C(C#N)C(=O)O)s3)cc21,chromophore,57.986385,38.66796
CCCCC(CC)CN1c2ccc(/C=C(\C#N)C(=O)O)cc2N(CC(CC)CCCC)c2ccc(/C=C(\C#N)C(=O)O)cc21,chromophore,42.70333,36.171124
CCCCC(CC)CN1c2ccc(/C=C/C(=O)O)cc2Sc2cc(/C=C/C3=CC(=C(C#N)C#N)C=C(/C=C/c4ccc5c(c4)Sc4cc(/C=C/C(=O)O)ccc4N5CC(CC)CCCC)O3)ccc21,chromophore,41.59287,36.211098
CCCCC(CC)CN1c2ccc(/C=C/C(=O)O)cc2Sc2cc(/C=C/C3=CC(=C4C(=O)N(CC)C(=S)N(CC)C4=O)C=C(/C=C/c4ccc5c(c4)Sc4cc(/C=C/C(=O)O)ccc4N5CC(CC)CCCC)O3)ccc21,chromophore,41.427464,36.24089
CCCCC(CC)CN1c2ccc(/C=C\C3=CC(=C(C#N)C#N)C=C(/C=C/c4ccc5c(c4)Sc4cc(/C=N\C(=O)O)ccc4N5CC(CC)CCCC)O3)cc2Sc2cc(/C=C/C(=O)O)ccc21,chromophore,41.590702,36.21125
CCCCC(CC)COC(=O)/C=C/c1ccc(OC)c(OC)c1OC,chromophore,-7.5626364,46.615986
CCCCC(CC)COC(=O)/C=C/c1ccccc1OC,chromophore,-7.631147,46.672573
CCCCC(CC)COC(=O)/C=C\c1c(OC)ccc(OC)c1OC,chromophore,-7.51789,46.614025
CCCCC(CC)COC(=O)/C=C\c1ccc(OC)c(OC)c1OC,chromophore,-7.5626364,46.615986
CCCCC(CC)COC(=O)/C=C\c1ccccc1OC,chromophore,-7.631147,46.672573
CCCCC(CC)COc1c(OCC(CC)CCCC)c2c3sc(-c4ccc(-c5ccc6c(c5)c5ccccc5n6CC(CC)CCCC)c5nc(-c6ccc(C)s6)c(-c6csc(C)c6)nc45)cc3sc2c2sc3cc(/C=C(/C#N)C(=O)O)sc3c12,chromophore,60.199802,39.603107
CCCCC(CC)COc1c(OCC(CC)CCCC)c2c3sc(-c4ccc5c(c4)c4ccc(-c6cc7sc8c9sc%10cc(/C=C(/C#N)C(=O)O)sc%10c9c(OCC(CC)CCCC)c(OCC(CC)CCCC)c8c7s6)cc4n5CC(CC)CCCC)cc3sc2c2sc3cc(/C=C(/C#N)C(=O)O)sc3c12,chromophore,60.063747,38.97376
CCCCC(CC)COc1c(OCC(CC)CCCC)c2c3sc(-c4ccc5c(c4)c4ccccc4n5CC(CC)CCCC)cc3sc2c2sc3cc(/C=C(/C#N)C(=O)O)sc3c12,chromophore,60.165356,38.932568
CCCCC(CC)COc1cc(OCC(CC)CCCC)c2c#cc3ccc4c(c3)c3cc(c#cc5cc(c#cc6ccc7c(c6)c6cc(c#cc1c2)ccc6n7CC(CC)CCCC)c(C(CCCC)OCCC)cc5C(CCCC)OCCC)ccc3n4CC(CC)CCCC,chromophore,25.00993,8.817284
CCCCC(CC)COc1ccc(-c2cc3ccc(C=Cc4ccc(C(=O)O)cc4)c4cc(-c5ccc(OCC(CC)CCCC)cc5)c5ccc2n5c34)cc1,chromophore,-5.996985,46.317562
CCCCC(CC)COc1ccc(-c2ccc(C(=Cc3ccc(N4c5ccc(-c6cnc(-c7sc(/C=C(\C#N)C(=O)O)c8c7OCCO8)c7nc(-c8ccccc8)c(-c8ccccc8)nc67)cc5C5CCCC54)cc3)c3ccc(-c4ccc(OCC(CC)CCCC)cc4OCC(CC)CCCC)cc3)cc2)c(OCC(CC)CCCC)c1,chromophore,43.362038,49.682728
CCCCC(CC)COc1ccc(-n2c3ccccc3c3cc(-c4ccc(-c5ccc(C=C(C#N)C(=O)O)s5)c5nsnc45)ccc32)cc1,chromophore,59.795067,41.016636
CCCCC(CC)COc1ccc(-n2c3ccccc3c3ccc(-c4ccc(-c5ccc(C=C(C#N)C(=O)O)s5)c5nsnc45)cc32)cc1,chromophore,59.787643,40.99644
CCCCC(CC)COc1ccc(N(c2ccc(OCC(CC)CCCC)cc2)c2ccc(-c3cc4c(s3)-c3sc(C=C(C#N)c5ccc(C(=O)O)cc5)cc3[Si]4(CC(CC)CCCC)CC(CC)CCCC)cc2)cc1,chromophore,77.797676,32.301525
CCCCC(CC)COc1ccc(N(c2ccc(OCC(CC)CCCC)cc2)c2ccc(-c3ccc(-c4sc(-c5ccc(-c6ccc(/C=C(\C#N)C(=O)O)cc6)s5)c5c4C(=O)N(CC(CC)CCCC)C5=O)s3)cc2)cc1,chromophore,77.12256,33.2616
CCCCC(CC)COc1ccc2nc(-c3ccc(-c4cccs4)s3)sc2c1,chromophore,26.029442,16.317524
CCCCC(CC)[CH2][Ge]1([CH2]C(CC)CCCC)[c]2cc(-c3ccc(N(c4ccccc4)c4ccccc4)cc3)sc2-c2sc(-c3cnc(-c4ccc(C(=O)O)s4)c4nsnc34)c[c]21,chromophore,41.507267,-0.014799178
CCCCC(CC)Cc1cc(-c2sc(-c3sc(-c4ccc(N(c5ccccc5)c5ccccc5)cc4)cc3CC(CC)CCCC)cc2CC(CC)CCCC)sc1/C=C(\C#N)C(=O)O,chromophore,72.527145,35.493057
CCCCC(CC)Cc1cc(C)sc1-c1nc2c3cc(-c4ccc(/C=C(\C#N)C(=O)O)s4)sc3c3sc(-c4ccc(-c5ccc(N(c6ccccc6)c6ccccc6)cc5)s4)cc3c2nc1-c1sc(C)cc1CC(CC)CCCC,chromophore,73.74978,35.890198
CCCCC(CC)Cc1cc(C)sc1-c1nc2c3cc(/C=C(\C#N)C(=O)O)sc3c3sc(-c4ccc(-c5ccc(N(c6ccccc6)c6ccccc6)cc5)s4)cc3c2nc1-c1sc(C)cc1CC(CC)CCCC,chromophore,73.413895,35.777966
CCCCC(CC)Cc1cc(C)sc1-c1nc2c3cc(/C=C(\C#N)C(=O)O)sc3c3sc(-c4ccc(N(c5ccccc5)c5ccccc5)cc4)cc3c2nc1-c1sc(C)cc1CC(CC)CCCC,chromophore,73.10414,35.67932
CCCCC(CC)Cn1c2c3ccc(-c4ccc5c6ccccc6n(CC)c5c4)cc3sc2c2sc3cc(-c4ccc(/C=C(\C#N)C(=O)O)s4)ccc3c21,chromophore,59.256718,38.412724
CCCCC(CC)Cn1c2cc(-c3ccc(/C=C(\C#N)C(=O)O)s3)ccc2c2nc3c(-c4ccc(N(c5ccccc5)c5ccccc5)cc4)ccc(-c4ccc(N(c5ccccc5)c5ccccc5)cc4)c3nc21,chromophore,74.13659,36.739033
CCCCC(CC)Cn1c2cc(-c3ccc(/C=c4\sc(=C(C#N)C#N)[nH]c4=O)o3)ccc2c2nc3c(-c4ccc(N(c5ccccc5)c5ccccc5)cc4)ccc(-c4ccc(N(c5ccccc5)c5ccccc5)cc4)c3nc21,chromophore,41.026627,-2.4770825
CCCCC(CC)Cn1c2cc(-c3ccc(C=C(C#N)C(=O)O)s3)ccc2c2nc3ccccc3nc21,chromophore,58.890766,38.48944
CCCCC(CC)Cn1c2cc(-c3ccc(N(c4ccc(OC)cc4)c4ccc(OC)cc4)cc3)c3cccc4c5cccc6c(-c7ccc(-c8ccc(/C=C(\C#N)C(=O)O)s8)s7)cc1c(c65)c2c34,chromophore,76.30049,35.25523
CCCCC(CC)Cn1c2cc(-c3ccc(N(c4ccccc4)c4ccccc4)cc3)c(C#N)cc2c2cc(C#N)c(-c3ccc(N(c4ccccc4)c4ccccc4)cc3)cc21,chromophore,40.62912,-2.6235883
CCCCC(CC)Cn1c2cc(C#N)c(-c3ccc(N(c4ccccc4)c4ccccc4)cc3)cc2c2cc(-c3ccc(N(c4ccccc4)c4ccccc4)cc3)c(C#N)cc21,chromophore,40.626827,-2.621491
CCCCC(CC)Cn1c2cc(C#N)ccc2c2ccc(C#Cc3cc(C#Cc4ccc5c6ccc(C#N)cc6n(CC(CC)CCCC)c5c4)c4ccc5c(C#Cc6ccc7c8ccc(C#N)cc8n(CC(CC)CCCC)c7c6)cc(C#Cc6ccc7c8ccc(C#N)cc8n(CC(CC)CCCC)c7c6)c6ccc3c4c65)cc21,chromophore,25.705595,7.479523
CCCCC(CC)Cn1c2cc(C#N)ccc2c2ccc(C#Cc3ccc4ccc5c(C#Cc6ccc7c8ccc(C#N)cc8n(CC(CC)CCCC)c7c6)ccc6ccc3c4c65)cc21,chromophore,25.735455,7.4080143
CCCCC(CC)Cn1c2cc(C#N)ccc2c2ccc(C#Cc3ccc4ccc5ccc(C#Cc6ccc7c8ccc(C#N)cc8n(CC(CC)CCCC)c7c6)c6ccc3c4c56)cc21,chromophore,25.735455,7.4080143
CCCCC(CC)Cn1c2ccc(-c3ccc4c(c3)c3nc5ccccc5nc3n4CC(CC)CCCC)cc2c2cc(-c3ccc(/C=C(/C#N)C(=O)O)o3)ccc21,chromophore,60.902843,39.568947
CCCCC(CC)Cn1c2ccccc2c2cc(-c3ccc4c(c3)-c3cc(-c5ccc6c(c5)c5ccccc5n6CC(CC)CCCC)ccc3S4(=O)=O)ccc21,chromophore,28.315378,27.345285
CCCCC(CC)Cn1c2ccccc2c2ccc3c4cc(-c5ccc(-c6ccc(-c7ccc(/C=C(\C#N)C(=O)O)s7)s6)s5)ccc4n(CC(CC)CCCC)c3c21,chromophore,59.188534,38.316517
CCCCC(CC)Cn1nc2c(-c3ccc(N(c4ccccc4)c4ccccc4)cc3)ccc(-c3ccc(C=C(C#N)C(=O)O)o3)c2n1,chromophore,68.92646,23.147148
CCCCC(CC)Cn1nc2c3cc(-c4ccc(N(c5ccccc5)c5ccccc5)cc4)sc3c3sc(-c4ccc(/C=C(/C#N)C(=O)O)s4)cc3c2n1,chromophore,73.963905,35.815826
CCCCC(CC)Cn1nc2c3cc(-c4ccc5c6ccccc6n(CC(CC)CCCC)c5c4)sc3c3sc(-c4ccc(/C=C(/C#N)C(=O)O)s4)cc3c2n1,chromophore,59.3508,38.564205
CCCCC(CC)Cn1nc2c3cc(/C=C(\C#N)C(=O)O)sc3c3sc(-c4ccc(N(c5ccccc5)c5ccccc5)cc4)cc3c2n1,chromophore,73.20929,35.66079
CCCCC1(CCCC)CC(=CC=C(C)c2ccc(C=C(C#N)C(=O)O)s2)c2ccc(N(c3ccc4c(c3)C(CCCC)(CCCC)c3cc(-c5ccc(C=C(C#N)C(=O)O)s5)ccc3-4)c3ccc4c(c3)c3ccccc3n4CC)cc21,chromophore,77.30645,13.379942
CCCCC1(CCCC)c2cc(-c3cc4c(s3)c3sc(/C=C(/C#N)C(=O)O)cc3n4-c3ccc4c(c3)C(CCCC)(CCCC)c3ccccc3-4)ccc2-c2ccc(N(c3ccccc3)c3ccccc3)cc21,chromophore,77.2098,16.744347
CCCCC1(CCCC)c2cc(-c3ccc(/C=C(\C#N)C(=O)O)s3)ccc2-c2ccc(N3c4ccccc4Sc4cc(C=C5c6ccccc6-c6ccccc65)ccc43)cc21,chromophore,51.861595,30.571182
CCCCC1(CCCC)c2cc(C#Cc3ccc(C=C4c5ccccc5-c5ccccc54)cc3)ccc2-c2ccc(C#Cc3ccc(C=C4c5ccccc5-c5ccccc54)cc3)cc21,chromophore,17.950459,1.7329853
CCCCC1(CCCC)c2ccccc2-c2ccc(-n3c4cc(/C=C(/C#N)C(=O)O)sc4c4sc(-c5ccc(N(c6ccccc6)c6ccccc6)cc5)cc43)cc21,chromophore,77.27602,16.736372
CCCCC1(CCCC)c2ccccc2-c2ccc(-n3c4cc(/C=C(\C#N)C(=O)O)sc4c4sc(-c5ccc6c7c(cccc57)C(=O)N(c5ccc7c(c5)c5ccccc5n7CC)C6=O)cc43)cc21,chromophore,56.51338,30.341784
CCCCC1(CCCC)c2ccccc2-c2ccc(-n3c4ccsc4c4sc(-c5ccc(-c6ccc(/C=C(\C#N)C(=O)O)s6)s5)cc43)cc21,chromophore,56.331337,30.741228
CCCCC1(c2ccccc2)Nc2c(-c3ccc(N(c4ccccc4)c4ccccc4)cc3)ccc(-c3ccc(N(c4ccccc4)c4ccccc4)cc3)c2N=C1c1ccccc1,chromophore,31.733385,-4.5007358
CCCCC1C(=O)c2cc(Oc3ccc(C(C)(C)C)cc3)c3c4c(Oc5ccc(C(C)(C)C)cc5)cc5c6c(cc(Oc7ccc(C(C)(C)C)cc7)c(c7c(Oc8ccc(C(C)(C)C)cc8)cc(c2c37)C1=O)c64)C1=C(C5=O)c2ccc3ccccc3[n+]2[B-](F)(F)O1,chromophore,-7.5863185,-48.44019
CCCCCC(CC)C1(C(CC)CCCCC)c2ccccc2-c2ccc(C#Cc3cc(C#Cc4ccc5c(c4)C(C(CC)CCCCC)(C(CC)CCCCC)c4ccccc4-5)c4ccc5c(C#Cc6ccc7c(c6)C(C(CC)CCCCC)(C(CC)CCCCC)c6ccccc6-7)cc(C#Cc6ccc7c(c6)C(C(CC)CCCCC)(C(CC)CCCCC)c6ccccc6-7)c6ccc3c4c65)cc21,chromophore,18.150833,1.658392
CCCCCC(CC)n1c2ccc(OC)cc2c2cc(-c3ccc(C=C(C#N)C(=O)O)o3)c3ccccc3c21,chromophore,61.131355,31.026875
CCCCCC/C=C/c1cc(N(c2ccc(OC)cc2)c2ccc(OC)cc2)ccc1-c1cc2c(s1)c1sc(C=C(C#N)C(=O)O)cc1n2CCCCCC,chromophore,73.94807,29.411293
CCCCCC1(CCCCC)c2cc(-c3ccc(/C=C(/C#N)C(=O)O)cc3)ccc2-c2ccc(-c3ccc4c(c3)C3CCCC3N4c3ccc(C)cc3)cc21,chromophore,41.261444,49.112762
CCCCCC1=C2C(C)=C(c3ccc4c(c3)Sc3ccccc3N4CCCCCCN3c4ccccc4Sc4cc(C5=C(C)C6=C(CCCCC)c7c(C)c(-c8ccc(/C=C(\C#N)C(=O)O)s8)c(C)n7[B-](F)(F)[N+]6=C5C)ccc43)C(C)=[N+]2[B-](F)(F)n2c(C)c(/C=C(\C#N)C(=O)O)c(C)c21,chromophore,51.342747,37.26044
CCCCCC1=C2C(C)=C(c3ccc4c(c3)c3ccccc3n4-c3ccc(OC)cc3)C(C)=[N+]2[B-](F)(F)n2c(C)c(C=C(C#N)C(=O)O)c(C)c21,chromophore,63.0539,29.963339
CCCCCC1c2c(C)c(-c3ccc(C=C4SC(=S)N(CC(=O)O)C4=O)o3)c(C)n2[B-](F)(F)[N+]2=C(C)C(c3ccc4c(c3)Sc3ccccc3N4CCC)=C(C)C12,chromophore,25.224989,47.189087
CCCCCC1c2c(C)c(C=C(C#N)C(=O)O)c(C)n2[B-](F)(F)[N+]2=C(C)C(c3ccc(N(c4ccccc4)c4ccccc4)cc3)=C(C)C12,chromophore,66.33474,24.481035
CCCCCCC(CCCC)COc1ccc(N(c2ccc(OCC(CCCC)CCCCCC)cc2)c2ccc3c4ccc(C#Cc5ccc(C=C(C#N)C(=O)O)s5)c5cccc(c6cccc2c63)c54)cc1,chromophore,77.332924,31.324514
CCCCCCC(CCCCCC)N1C(=O)c2cccc3c(-c4ccc([Si](C)(C)C)cc4)ccc(c23)C1=O,chromophore,21.62289,26.092073
CCCCCCC1(CCCCCC)COc2c(/C=C(\C#N)C(=O)O)sc(-c3sc(-c4ccc(N(c5ccccc5)c5ccccc5)cc4)c4c3OCC(CCCCCC)(CCCCCC)CO4)c2OC1,chromophore,67.021706,29.426226
CCCCCCC1(CCCCCC)c2cc(-c3cc4c(s3)c3sc(/C=C(/C#N)C(=O)O)cc3n4-c3ccc(N(c4ccc(C)cc4)c4ccc(C)cc4)cc3)ccc2-c2ccc(-c3cc4c(s3)c3sc(/C=C(\C#N)C(=O)O)cc3n4-c3ccc(N(c4ccc(C)cc4)c4ccc(C)cc4)cc3)cc21,chromophore,76.78127,17.35719
CCCCCCC1(CCCCCC)c2cc(-c3cc4c(s3)c3sc(/C=C(\C#N)C(=O)O)cc3n4-c3ccc(N(c4ccc(C)cc4)c4ccc(C)cc4)cc3)ccc2-c2ccc(-c3cc4c(s3)c3sc(/C=C(\C#N)C(=O)O)cc3n4-c3ccc(N(c4ccc(C)cc4)c4ccc(C)cc4)cc3)cc21,chromophore,76.78127,17.35719
CCCCCCC1(CCCCCC)c2cc(-c3cc4c(s3)c3sc(/C=C(\C#N)C(=O)O)cc3n4-c3ccc(OC)cc3)ccc2-c2ccc(-c3cc4c(s3)c3sc(/C=C(\C#N)C(=O)O)cc3n4-c3ccc(OC)cc3)cc21,chromophore,77.22301,18.521484
CCCCCCC1(CCCCCC)c2cc(-c3ccc(-c4ccc(/C=C(\C#N)C(=O)O)s4)s3)ccc2-c2ccc(-c3ccc(-c4ccc(/C=C(\C#N)C(=O)O)s4)s3)cc21,chromophore,56.424446,31.760948
CCCCCCC1(CCCCCC)c2cc(-c3ccc(/C=C/C4=CC(=C(C#N)C#N)C=C(/C=C/c5ccc(-c6ccc(C=C(C#N)C(=O)O)s6)s5)O4)cc3)ccc2-c2ccc(-n3c4ccc(C(C)(C)C)cc4c4cc(C(C)(C)C)ccc43)cc21,chromophore,54.898296,30.323
CCCCCCC1(CCCCCC)c2cc(-c3ccc(N(c4ccccc4)c4ccccc4)cc3)ccc2-c2c1c1c(c3c2C(CCCCCC)(CCCCCC)c2cc(-c4ccc(/C=C(\C#N)C(=O)O)s4)ccc2-3)C(CCCCCC)(CCCCCC)c2cc(-c3ccc(N(c4ccccc4)c4ccccc4)cc3)ccc2-1,chromophore,76.34836,14.604152
CCCCCCC1(CCCCCC)c2cc(-c3ccc(N(c4ccccc4)c4ccccc4)cc3)ccc2-c2c1c1c(c3c2C(CCCCCC)(CCCCCC)c2cc(-c4ccc(/C=C5\ON(CC(=O)O)C(=S)S5)s4)ccc2-3)C(CCCCCC)(CCCCCC)c2cc(-c3ccc(N(c4ccccc4)c4ccccc4)cc3)ccc2-1,chromophore,29.690372,-3.9044557
CCCCCCC1(CCCCCC)c2cc(-c3nc(-c4ccc5c(c4)C(CCCCCC)(CCCCCC)c4cc(N6c7ccccc7Oc7ccccc76)ccc4-5)nc(-c4ccc5c(c4)C(CCCCCC)(CCCCCC)c4cc(N6c7ccccc7Oc7ccccc76)ccc4-5)n3)ccc2-c2ccc(N3c4ccccc4Oc4ccccc43)cc21,chromophore,14.779587,3.3492582
CCCCCCC1(CCCCCC)c2cc(-c3nc4cc5c(cc4nc3-c3ccc4c(c3)C(CCCCCC)(CCCCCC)c3cc(N(c6ccccc6)c6ccccc6)ccc3-4)C(CCCCCC)(CCCCCC)c3cc(-c4ccc(/C=C(\C#N)C(=O)O)cc4)ccc3-5)ccc2-c2ccc(N(c3ccccc3)c3ccccc3)cc21,chromophore,71.85079,17.343414
CCCCCCC1(CCCCCC)c2cc(/C=C(\C#N)c3ccc(-c4ccc(/C=C(/C#N)C(=O)O)s4)s3)ccc2-c2ccc(-n3c4ccc(C(C)(C)C)cc4c4cc(C(C)(C)C)ccc43)cc21,chromophore,54.92435,30.351955
CCCCCCC1(CCCCCC)c2cc(/C=C/c3ccc(N(c4ccc(-c5ccc(OCCCC)cc5OCCCC)cc4)c4ccc(-c5ccc(OCCCC)cc5OCCCC)cc4)cc3)sc2-c2sc(/C=C(\C#N)C(=O)O)cc21,chromophore,78.72775,29.236574
CCCCCCC1(CCCCCC)c2ccc(N(c3ccccc3)c3ccccc3)cc2-c2c1c1c(c3c2C(CCCCCC)(CCCCCC)c2cc(N(c4ccccc4)c4ccccc4)ccc2-3)C(CCCCCC)(CCCCCC)c2ccc(C=C(C#N)C(=O)O)cc2-1,chromophore,71.52539,17.209198
CCCCCCC1(CCCCCC)c2ccccc2-c2ccc(-c3ccc(-c4cc(-c5ccccn5)nc(-c5ccccn5)c4)cc3)cc21,chromophore,15.487198,2.7860162
CCCCCCC1(CCCCCC)c2ccccc2-c2ccc(-c3ccc4c(c3)-c3cc(-c5ccc6c(c5)C(CCCCCC)(CCCCCC)c5ccccc5-6)ccc3S4(=O)=O)cc21,chromophore,15.795786,2.6411388
CCCCCCC1(CCCCCC)c2ccccc2-c2ccc(-c3ccc4c(c3)S(=O)(=O)c3cc(-c5ccc6c(c5)C(CCCCCC)(CCCCCC)c5ccccc5-6)ccc3-4)cc21,chromophore,15.7998085,2.635072
CCCCCCC1(CCCCCC)c2ccccc2-c2ccc(N(c3ccc(-c4ccc(C=C(C#N)C(=O)O)o4)cc3)c3ccc4c(c3)C(CCCCCC)(CCCCCC)c3ccccc3-4)cc21,chromophore,72.23106,17.318417
CCCCCCC1(CCCCCC)c2ccsc2-c2sc(-c3cc4c(s3)-c3sc(/C=C(/C#N)C(=O)O)cc3C4(CCCCCC)CCCCCC)cc21,chromophore,64.46512,34.354694
CCCCCCC1=C2C(C)=C(c3ccc(-c4nc(-c5ccc(OC)cc5)c(-c5ccc(OC)cc5)n4CC)cc3)C(C)=[N+]2[B-](F)(F)n2c(C)c(C=C(C#N)C(=O)O)c(C)c21,chromophore,63.957592,30.189165
CCCCCCC1=C2C(C)=C(c3ccc(-c4nc(-c5ccc(OC)cc5)c(-c5ccc(OC)cc5)n4CC)s3)C(C)=[N+]2[B-](F)(F)n2c(C)c(C=C(C#N)C(=O)O)c(C)c21,chromophore,64.00904,30.226412
CCCCCCC1=CC(C=O)(/C=C(\C#N)C(=O)O)SC1=c1cc(CCCCCC)c(=C2C=C(CCCCCC)C(c3cc4ccc(N(c5ccc6c(c5)C(C)(C)c5ccccc5-6)c5ccc6c(c5)C(C)(C)c5ccccc5-6)cc4s3)S2)s1,chromophore,69.44868,34.833927
CCCCCCC1CC(C)(CCCCCC)N(C)c2ccc(-c3ccc(C=C(C#N)C(=O)O)s3)cc21,chromophore,55.91245,34.161
CCCCCCCC(CCCCCCC)N1C(=O)c2ccc3c4ccc5c6c(ccc(c7ccc(c2c37)C1=O)c64)C(=O)N(C(CCCCCCC)CCCCCCC)C5=O,chromophore,20.827185,26.539694
CCCCCCCCC(=O)c1ccc2c(c1)C(C)(C)c1cc(N(CC)CC)ccc1-2,chromophore,20.066767,6.057801
CCCCCCCCC(=O)c1ccc2cc3cc(N(C)C)ccc3cc2c1,chromophore,21.0897,6.994284
CCCCCCCCC(CCCCCC)Cn1c2c3ccc(-c4ccc(/C=C(\C#N)C(=O)O)s4)cc3sc2c2sc3cc(-c4ccc(/C=C(\C#N)C(=O)O)s4)ccc3c21,chromophore,58.884445,37.44009
CCCCCCCCC(CCCCCC)Cn1c2c3ccccc3sc2c2sc3cc(-c4ccc(/C=C(\C#N)C(=O)O)s4)ccc3c21,chromophore,58.946144,37.601665
CCCCCCCCC(CCCCCC)Cn1c2cc(-c3ccc(-c4ccc(C(=O)O)cc4)c4nsnc34)c3cccc4c5cccc6c(N(c7ccc(OCCCCCC)cc7)c7ccc(OCCCCCC)cc7)cc1c(c65)c2c34,chromophore,36.55611,13.7104845
CCCCCCCCC(CCCCCC)Cn1c2cc(C#Cc3ccc(C#Cc4ccc(C(=O)O)cc4)c4nsnc34)c3cccc4c5cccc6c(N(c7ccc(OCCCCC)cc7)c7ccc(OCCCCCC)cc7)cc1c(c65)c2c34,chromophore,36.178295,13.43118
CCCCCCCCC1(C=C2C(=O)NC(=O)NC2=O)C=CC(NC(=C2C(=O)NC(=O)NC2=O)c2ccccc2)=CC1,chromophore,2.101639,31.812862
CCCCCCCCC1(CCCCCCCC)c2cc(-c3ccc(C#N)cc3)ccc2-c2ccc(-c3ccc(C#N)cc3)cc21,chromophore,17.459839,0.76153916
CCCCCCCCC1(CCCCCCCC)c2cc(-c3ccc(C(=O)OC)cc3)ccc2-c2ccc(-c3ccc(C(=O)OC)cc3)cc21,chromophore,16.006487,3.5083325
CCCCCCCCC1(CCCCCCCC)c2cc(-c3ccc(N(c4ccc(C)cc4)c4ccc(-c5ccc(/C=C(\C#N)C(=O)O)s5)cc4)cc3)ccc2-c2ccc(-c3ccc(N(c4ccc(C)cc4)c4ccc(-c5ccc(/C=C(\C#N)C(=O)O)s5)cc4)cc3)cc21,chromophore,76.02529,15.513192
CCCCCCCCC1(CCCCCCCC)c2cc(-c3ccc(N(c4ccc(C)cc4)c4ccc(C)cc4)cc3)ccc2-c2ccc(-c3ccc(/C=C(\C#N)C(=O)O)s3)cc21,chromophore,76.0162,15.495001
CCCCCCCCC1(CCCCCCCC)c2cc(-c3ccccc3)ccc2-c2ccc(-c3ccccc3)cc21,chromophore,15.666514,2.6457496
CCCCCCCCC1(CCCCCCCC)c2cc(/C=C(/C#N)C(=O)O)sc2-c2sc(-c3ccc(-c4ccc5c(c4)[C@H]4CCC[C@H]4N5c4ccc(C)cc4)c4nc(-c5ccc(OC)cc5)c(-c5ccc(OC)cc5)nc34)cc21,chromophore,42.388058,50.988995
CCCCCCCCC1(CCCCCCCC)c2cc(C#CC#Cc3ccc(N(c4ccccc4)c4ccccc4)cc3)ccc2-c2ccc(C=C(C#N)C(=O)O)cc21,chromophore,71.43036,17.409206
CCCCCCCCC1(CCCCCCCC)c2cc(C#Cc3ccc(N(c4ccccc4)c4ccccc4)cc3)ccc2-c2ccc(C#Cc3ccc4c(c3)C(CCCCCCCC)(CCCCCCCC)c3cc(C=C(C#N)C(=O)O)ccc3-4)cc21,chromophore,71.41019,17.412643
CCCCCCCCC1(CCCCCCCC)c2cc(C#Cc3ccc(N(c4ccccc4)c4ccccc4)cc3)ccc2-c2ccc(C=O)cc21,chromophore,33.50687,-10.331267
CCCCCCCCC1(CCCCCCCC)c2cc(C=O)ccc2-c2ccc(/C=C/c3ccc(N(c4ccccc4)c4ccccc4)cc3)cc21,chromophore,33.51437,-11.019815
CCCCCCCCC1(CCCCCCCC)c2cc3c(cc2-c2sc(-c4ccc(/C=C5\SC(=S)N(CC)C5=O)c5nsnc45)cc21)C(CCCCCCCC)(CCCCCCCC)c1cc(-c2ccc(/C=C4\SC(=S)N(CC)C4=O)c4nsnc24)sc1-3,chromophore,19.273354,22.601194
CCCCCCCCC1(CCCCCCCC)c2ccccc2-c2ccc(-c3nnc(-c4ccc(-n5c6ccc(C(C)(C)C)cc6c6cc(C(C)(C)C)ccc65)cc4)o3)cc21,chromophore,3.588471,-41.977516
CCCCCCCCC1(CCCCCCCC)c2ccccc2-c2ccc(-c3nnc(-c4cccc(-n5c6ccc(C(C)(C)C)cc6c6cc(C(C)(C)C)ccc65)c4)o3)cc21,chromophore,3.5961864,-41.97404
CCCCCCCCC1(CCCCCCCC)c2ccsc2-c2sc(-c3ccc(-c4cc5c(s4)-c4sc(/C=C(\C#N)C(=O)O)cc4C5(C)C)c4nc(-c5ccccc5)c(-c5ccccc5)nc34)cc21,chromophore,65.41074,34.822144
CCCCCCCCCC(=O)Nc1ccc(C(=O)/C=C/c2ccc(N(C)CCO)cc2)cc1,chromophore,-66.82383,-29.155972
CCCCCCCCCCC(CCCCCCCC)CN1C(=O)C2=C(c3ccc(-c4sc(-c5ccc(N(c6ccccc6)c6ccccc6)cc5)c5c4OCCO5)s3)N(CC(CCCCCCCC)CCCCCCCCCC)C(=O)C2=C1c1ccc(-c2ccc(/C=C(/C#N)C(=O)O)s2)s1,chromophore,74.37735,34.55731
CCCCCCCCCCC1(CCCCCCCC)C(/C=C/c2ccc(N(c3ccccc3)c3ccccc3)cc2)=[N+](CCCCCC)c2ccc(C(=O)O)cc21,chromophore,33.561005,-14.760116
CCCCCCCCCCCCC#CC#CCCCCCCCCCNC(=O)c1ccc(/C2=C3\C=CC(=N3)/C(c3ccc(C(=O)NCCCCCCCCCC#CC#CCCCCCCCCCCCC)cc3)=c3/cc/c4[n]3[Zn][n]3c2ccc3/C(c2ccc(C(=O)O)cc2)=C2/C=CC(=N2)/C=4c2ccc(C(=O)NCCCCCCCCCC#CC#CCCCCCCCCCCCC)cc2)cc1,chromophore,16.27521,75.02963
CCCCCCCCCCCCC(CCCCCCCCCC)Cn1c2cc(/C=C/C=C/c3nc4ccccc4s3)c3cccc4c5cccc6c(/C=C/C=C/c7nc8ccccc8s7)cc1c(c65)c2c34,chromophore,25.939466,16.655258
CCCCCCCCCCCCC1(CCCCCCCCCCCC)c2cc(/C=C(\C#N)C(=O)O)sc2-c2sc(-c3sc(-c4ccc(N(c5ccc(-c6ccc(OCCCCCC)cc6OCCCCCC)cc5)c5ccc(-c6ccc(OCCCCCC)cc6OCCCCCC)cc5)cc4)c4c3OCCO4)cc21,chromophore,77.954384,29.213566
CCCCCCCCCCCCC1(CCCCCCCCCCCC)c2cc(/C=C(\C#N)C(=O)O)sc2-c2sc(-c3sc(-c4sc(-c5ccc(N(c6ccc(-c7ccc(OCCCCCC)cc7OCCCCCC)cc6)c6ccc(-c7ccc(OCCCCCC)cc7OCCCCCC)cc6)cc5)c5c4OCCO5)c4c3OCCO4)cc21,chromophore,77.950455,29.21438
CCCCCCCCCCCCCCCCCCN1\C(=C/C=C/C=C2\SC(=S)N(CC(=O)O)C2=O)Sc2ccccc21,chromophore,25.277346,46.924957
CCCCCCCCCCCCCCCCCCOC(=O)/C=C/C1=CC2=C(c3c(C)cc(C)cc3C)c3cc(/C=C/C(=O)OCCCCCCCCCCCCCCCCCC)cn3[B-](F)(F)[N+]2=C1,chromophore,-39.114445,-68.23666
CCCCCCCCCCCCCCCCCCOc1ccc([B-]23NC(c4ccccc4)=Nc4cccc([n+]42)N=C(c2ccccc2)N3)cc1,chromophore,27.118605,12.570614
CCCCCCCCCCCCCCCCN(C)c1ccc(/C=C/c2cc[n+](CCCS(=O)(=O)[O-])cc2)cc1,chromophore,27.879965,-12.115491
CCCCCCCCCCCCCCCCOc1cc(C#Cc2ccc3ccccc3c2)c(OCCCCCCCCCCCCCCCC)cc1C#Cc1ccc(C=C(C#N)C#N)cc1,chromophore,61.187225,-8.092271
CCCCCCCCCCCCCCCc1c(-c2ccc(N(c3ccccc3)c3ccccc3)cc2)sc2c1sc1c3sc(-c4ccc(C=C(C#N)C(=O)O)s4)c(CCCCCCCCCCCCCCC)c3sc21,chromophore,69.15158,29.451244
CCCCCCCCCCCCCCCc1c(C=C(C#N)C(=O)O)sc2c1sc1c3sc(-c4ccc(N(c5ccccc5)c5ccccc5)cc4)c(CCCCCCCCCCCCCCC)c3sc21,chromophore,69.39145,31.533207
CCCCCCCCCCCCCCn1c(-c2cc(-c3nc4ccc(C)cc4n3CCCCCCCCCCCCCC)cc(-c3nc4ccc(C)cc4n3CCCCCCCCCCCCCC)c2)nc2ccc(C)cc21,chromophore,24.38951,19.507868
CCCCCCCCCCCCCN1/C(=C\C2=C([O-])C(=Cc3cc(C(C)(C)C)[o+]c(C(C)(C)C)c3)C2=O)C(C)(C)c2cc(C(=O)O)ccc21,chromophore,11.154834,47.30652
CCCCCCCCCCCCCOc1ccc(N(c2ccc3c(c2)C(CCCC)(CCCC)c2cc(/C=C(\C#N)C(=O)O)ccc2-3)c2ccc3c(c2)C(CCCC)(CCCC)c2cc(/C=C(\C#N)C(=O)O)ccc2-3)cc1,chromophore,73.987564,21.483469
CCCCCCCCCCCCN(CCCCCCCCCCCC)c1ccc2c(c1)oc(=O)c1c(=O)oc3ccccc3c12,chromophore,11.87065,-56.638683
CCCCCCCCCCCCN1/C(=C/C2=C([O-])C(=C\C3=[N+](CC)c4ccccc4C3(C)C)/C2=O)C(C)(C)c2cc(-c3ccc(C=C(C#N)C(=O)O)s3)ccc21,chromophore,54.788063,44.132496
CCCCCCCCCCCCN1/C(=C\C2=C([O-])C(=C/C3=[N+](CC)c4ccccc4C3(C)C)/C2=O)C(C)(C)c2cc(-c3ccc(/C=C(/C#N)C(=O)O)s3)ccc21,chromophore,54.788063,44.132496
CCCCCCCCCCCCN1C(=O)c2c(c3ccc4cc(-c5ccc(C#N)cc5)c(OC)cc4c3c3c2ccc2cc(-c4ccc(C#N)cc4)c(OC)cc23)C1=O,chromophore,23.083889,30.590443
CCCCCCCCCCCCN1C(=O)c2c(c3ccc4cc(-c5ccc(F)cc5)c(OC)cc4c3c3c2ccc2cc(-c4ccc(F)cc4)c(OC)cc23)C1=O,chromophore,22.996773,30.462482
CCCCCCCCCCCCN1C(=O)c2c(c3ccc4cc(-c5ccc(N(C)C)cc5)c(OC)cc4c3c3c2ccc2cc(-c4ccc(N(C)C)cc4)c(OC)cc23)C1=O,chromophore,23.134945,30.618502
CCCCCCCCCCCCN1C(=O)c2c(c3ccc4cc(-c5ccc(OC)cc5)c(OC)cc4c3c3c2ccc2cc(-c4ccc(OC)cc4)c(OC)cc23)C1=O,chromophore,22.980497,30.47184
CCCCCCCCCCCCN1C(=O)c2c(c3ccc4cc(-c5ccccc5)c(OC)cc4c3c3c2ccc2cc(-c4ccccc4)c(OC)cc23)C1=O,chromophore,22.59745,30.291946
CCCCCCCCCCCCN1C(=O)c2c(c3ccc4cc(-c5cccs5)c(OC)cc4c3c3c2ccc2cc(-c4cccs4)c(OC)cc23)C1=O,chromophore,22.660803,29.737183
CCCCCCCCCCCCN1C(=O)c2ccc3c4c(-c5cccc([N+](=O)[O-])c5)cc5c6c(ccc(c7c(-c8cccc([N+](=O)[O-])c8)cc(c2c37)C1=O)c64)C(=O)N(CCCCCCCCCCCC)C5=O,chromophore,21.172386,27.632372
CCCCCCCCCCCCN1C(=O)c2ccc3c4c(-c5ccncc5)cc5c6c(ccc(c7c(-c8ccncc8)cc(c2c37)C1=O)c64)C(=O)N(CCCCCCCCCCCC)C5=O,chromophore,20.997105,26.991116
CCCCCCCCCCCCN1C(=O)c2ccc3c4ccc5c6c(ccc(c7ccc(c2c37)C1=O)c64)C(=O)OC5=O,chromophore,21.198849,26.91304
CCCCCCCCCCCCN1c2ccc(/C=C/c3ccc(N(c4ccccc4)c4ccccc4)cc3)cc2Oc2cc(/C=C(\C#N)C(=O)O)ccc21,chromophore,49.226704,33.570473
CCCCCCCCCCCCN1c2ccccc2Oc2cc(/C=C/c3ccc(/C=c4\s/c(=C5/SC(=S)N(CCCCCCCC)C5=O)n(CC(=O)O)c4=O)s3)ccc21,chromophore,25.435555,47.184025
CCCCCCCCCCCCOc1cc(/C2=C3\C=CC(=N3)/C(C#Cc3ccc(C(=O)O)cc3)=c3/cc/c4[n]3[Zn][n]3c(ccc32)/C=C2/C=CC(=N2)/C=4c2cc(OCCCCCCCCCCCC)c(OCCCCCCCCCCCC)c(OCCCCCCCCCCCC)c2)cc(OCCCCCCCCCCCC)c1OCCCCCCCCCCCC,chromophore,14.119414,76.97756
CCCCCCCCCCCCOc1cc(/C=C/c2ccc3c(c2)C(CC)(CC)c2cc(N4c5ccccc5Sc5ccccc54)ccc2-3)c(OCCCCCCCCCCCC)cc1/C=C/c1ccc2c(c1)C(CC)(CC)c1cc(N3c4ccccc4Sc4ccccc43)ccc1-2,chromophore,9.812178,9.003619
CCCCCCCCCCCCOc1cc(C#Cc2ccc(N(c3ccccc3)c3ccccc3)cc2)c(OCCCCCCCCCCCC)cc1C#Cc1ccc(C(=O)O)cc1,chromophore,34.410637,12.652418
CCCCCCCCCCCCOc1cc(C(=O)Nc2ccc(-c3ccc4c(c3)C(=O)c3cc(-c5ccc(NC(=O)c6cc(OCCCCCCCCCCCC)c(OCCCCCCCCCCCC)c(OCCCCCCCCCCCC)c6)cc5)ccc3-4)cc2)cc(OCCCCCCCCCCCC)c1OCCCCCCCCCCCC,chromophore,-1.8093508,29.132277
CCCCCCCCCCCCOc1cc(C(=O)Nc2ccc(-c3ccc4c(c3)C(=O)c3ccccc3-4)cc2)cc(OCCCCCCCCCCCC)c1OCCCCCCCCCCCC,chromophore,-1.8524264,29.141113
CCCCCCCCCCCCOc1cc(OCCCCCCCCCCCC)cc(/C2=C3\C=CC(=N3)/C(C#Cc3ccc(N(C)C)cc3)=c3/cc/c4[n]3[Zn][n]3c(ccc32)/C(C#Cc2ccc(-c3ccc(C(=O)O)cc3)c3nsnc23)=C2/C=CC(=N2)/C=4c2c(OCCCCCCCCCCCC)cccc2OCCCCCCCCCCCC)c1,chromophore,14.131655,78.28689
CCCCCCCCCCCCOc1cc(OCCCCCCCCCCCC)cc(C2=c3ccc4[n]3[Zn][n]3c(ccc3C(c3ccccc3OCCCCCCCCCCCC)=C3C=CC(=N3)C=4C#Cc3ccc(C(=O)O)cc3)C(C#Cc3c(OCCCCCC)cc(-n4c5ccccc5c5ccccc54)cc3OCCCCCC)=C3C=CC2=N3)c1,chromophore,13.612835,77.370255
CCCCCCCCCCCCOc1cc2c3c(ccc4c5c(OC6CCC(C(C)(C)C)CC6)cc6c7c(ccc(c1c34)c75)C(=O)N(C1CCCCC1)C6=O)C(=O)N(C1CCCCC1)C2=O,chromophore,19.728289,27.637426
CCCCCCCCCCCCOc1cc2cc(N(C)C)ccc2cc1C=C(C#N)C#N,chromophore,62.10301,-8.06827
CCCCCCCCCCCCOc1ccc(-c2nc3c(-c4cc5c(s4)-c4sc(/C=C(\C#N)C(=O)O)cc4[Si]5(CC(CC)CCCC)CC(CC)CCCC)cnc(-c4ccc5c(c4)C4CCCC4N5c4ccc(C)cc4)c3nc2-c2ccc(OCCCCCCCCCCCC)cc2)cc1,chromophore,42.86189,50.109356
CCCCCCCCCCCCOc1ccc(/C2=C3\C=CC(=N3)/C(c3ccc(C(=O)O)cc3)=c3/cc/c4[n]3[Zn][n]3c(ccc32)/C(C#Cc2ccc(N(CCCCCCCCCCCC)CCCCCCCCCCCC)cc2)=C2/C=CC(=N2)/C=4c2ccc(OCCCCCCCCCCCC)cc2)cc1,chromophore,14.241768,76.94688
CCCCCCCCCCCCOc1ccc(/C=N/c2ccc3[nH]c(OCCCCCC)nc3c2)c(O)c1,chromophore,24.761864,12.752799
CCCCCCCCCCCCOc1ccc(C#CC(C#Cc2ccc(OCCCCCCCCCCCC)cc2)=Cc2cc(C=C(C#Cc3ccc(OCCCCCCCCCCCC)cc3)C#Cc3ccc(OCCCCCCCCCCCC)cc3)cc(C=C(C#Cc3ccc(OCCCCCCCCCCCC)cc3)C#Cc3ccc(OCCCCCCCCCCCC)cc3)c2)cc1,chromophore,60.9942,-7.8148236
CCCCCCCCCCCCOc1ccc(C#Cc2ccc(C#Cc3ccc(OCCCCCCCCCCCC)c(OCCCCCCCCCCCC)c3)c3nc4c5ccccc5c5ccccc5c4nc23)cc1OCCCCCCCCCCCC,chromophore,30.152302,15.606806
CCCCCCCCCCCCOc1ccc(N(c2ccc(OCCCCCCCCCCCC)cc2)c2ccc(-c3ccc(-c4ccc(/C=C(\C#N)C(=O)O)s4)s3)cc2)cc1,chromophore,80.91753,23.759573
CCCCCCCCCCCCOc1cccc(OCCCCCCCCCCCC)c1/C1=C2\C=CC(=N2)/C(C#CC(=O)O)=c2/cc/c3[n]2[Zn][n]2c(ccc21)/C(C#Cc1ccc(N(C)C)cc1)=C1/C=CC(=N1)/C=3c1c(OCCCCCCCCCCCC)cccc1OCCCCCCCCCCCC,chromophore,14.871205,77.51912
CCCCCCCCCCCCOc1cccc(OCCCCCCCCCCCC)c1/C1=C2\C=CC(=N2)/C(C#Cc2c(OCCCCCCC)c(OCCCCCCC)c(-c3ccc(C(=O)O)cc3)c3nsnc23)=c2/cc/c3[n]2[Zn][n]2c(ccc21)/C(C#Cc1ccc2c(c1)Sc1cc(-c4ccc(OCCCCCC)cc4)ccc1N2CCCCCC)=C1/C=CC(=N1)/C=3c1c(OCCCCCCCCCCCC)cccc1OCCCCCCCCCCCC,chromophore,13.368177,78.87806
CCCCCCCCCCCCOc1cccc(OCCCCCCCCCCCC)c1/C1=C2\C=CC(=N2)/C(C#Cc2ccc(C(=O)O)cc2)=c2/cc/c3[n]2[Zn][n]2c(ccc21)/C(C#Cc1c2ccccc2c(C#CN(CCCCCCCC)CCCCCCCC)c2ccccc12)=C1/C=CC(=N1)/C=3c1c(OCCCCCCCCCCCC)cccc1OCCCCCCCCCCCC,chromophore,14.106095,77.357666
CCCCCCCCCCCCOc1cccc(OCCCCCCCCCCCC)c1/C1=C2\C=CC(=N2)/C(C#Cc2ccc(N(C)C)cc2)=c2/cc/c3[n]2[Zn][n]2c(ccc21)/C(C#Cc1c2ccccc2c(C#Cc2ccc(C(=O)O)cc2)c2ccccc12)=C1/C=CC(=N1)/C=3c1c(OCCCCCCCCCCCC)cccc1OCCCCCCCCCCCC,chromophore,14.305063,77.48323
CCCCCCCCCCCCOc1cccc(OCCCCCCCCCCCC)c1/C1=C2\C=CC(=N2)/C(C#Cc2ccc3ccc4cccc5ccc2c3c45)=c2/cc/c3[n]2[Zn][n]2c(ccc21)/C(C#Cc1c2ccccc2c(C#Cc2ccc(C(=O)O)cc2)c2ccccc12)=C1/C=CC(=N1)/C=3c1c(OCCCCCCCCCCCC)cccc1OCCCCCCCCCCCC,chromophore,13.654962,77.29583
CCCCCCCCCCCCOc1cccc(OCCCCCCCCCCCC)c1/C1=C2\C=CC(=N2)/C(N(c2ccc(CCCCCC)cc2)c2ccc(CCCCCC)cc2)=c2/cc/c3[n]2[Zn][n]2c(ccc21)/C(C#Cc1ccnc(C(=O)O)c1)=C1/C=CC(=N1)/C=3c1c(OCCCCCCCCCCCC)cccc1OCCCCCCCCCCCC,chromophore,15.383238,77.52178
CCCCCCCCCCCCOc1cccc(OCCCCCCCCCCCC)c1/C1=C2\C=CC(=N2)/C(N(c2ccc(CCCCCC)cc2)c2ccc(CCCCCC)cc2)=c2/cc/c3[n]2[Zn][n]2c(ccc21)/C(C#Cc1ccnc(O)c1)=C1/C=CC(=N1)/C=3c1c(OCCCCCCCCCCCC)cccc1OCCCCCCCCCCCC,chromophore,15.636985,77.608635
CCCCCCCCCCCC[C@@H](CCCCCCCCCC)CN1c2ccc(/C=C3/SC(=S)N(CC(=O)O)C3=O)cc2Sc2cc(N3c4ccccc4Sc4ccccc43)ccc21,chromophore,26.383099,46.752876
CCCCCCCCCCCC[C@@H](CCCCCCCCCC)CN1c2ccc(/C=C3\SC(=S)N(CC(=O)O)C3=O)cc2Sc2cc(N3CCCC3)ccc21,chromophore,26.582008,46.70053
CCCCCCCCCCCC[N+]1=C(/C=C2/C(=O)C(/C=C3\N(C)c4ccc(-c5ccc(/C=C(\C#N)C(=O)O)s5)cc4C3(C)C)=C2[O-])[C@@](CCCCCCCC)(CCCCCCCCCC)c2ccccc21,chromophore,54.76654,44.132294
CCCCCCCCCCCCc1cc(-c2ccc(-c3cc(CCCCCCCCCCCC)c(-c4ccc(N(c5ccccc5)c5ccc(/C=C(\C#N)C(=O)O)cc5)cc4)s3)c3nsnc23)sc1-c1ccc(N(c2ccccc2)c2ccc(/C=C(\C#N)C(=O)O)cc2)cc1,chromophore,72.18691,32.423866
CCCCCCCCCCCCc1cc(-c2ccc(N(c3ccccc3)c3ccccc3)cc2)sc1-c1cc2sc(/C=C(\C#N)C(=O)O)cc2s1,chromophore,68.93975,31.603704
CCCCCCCCCCCCc1cc(-c2ccc(N3c4ccccc4C4C5CCC(C5)C43)cc2)sc1-c1cc2sc(/C=C(/C#N)C(=O)O)cc2s1,chromophore,64.33156,36.196392
CCCCCCCCCCCCc1cc(-c2ccc(N3c4ccccc4C4C5CCC(C5)C43)cc2)sc1-c1ccc(/C=C2\SC(=S)N(CC(=O)O)C2=O)s1,chromophore,27.783562,42.767918
CCCCCCCCCCCCn1c(-c2cc(-c3nc4ccc(C)cc4n3CCCCCCCCCCCC)cc(-c3nc4ccc(C)cc4n3CCCCCCCCCCCC)c2)nc2ccc(C)cc21,chromophore,24.38951,19.507868
CCCCCCCCCCCCn1c(-c2ccc(/C=C(\C#N)C(=O)O)s2)cc2cc(-c3ccc(/C=C(\C#N)C(=O)O)s3)ccc21,chromophore,59.613514,33.210945
CCCCCCCCCCCCn1cccc1/C=C/c1ccc(OCCCC)c2c(/C=C/c3cccn3CCCCCCCCCCCC)ccc(OCCCC)c12,chromophore,22.780975,12.969961
CCCCCCCCCCN1/C(=C\C=C2/SC(=S)N(CC(=O)O)C2=O)Sc2ccccc21,chromophore,25.27402,46.95665
CCCCCCCCCCN1c2ccccc2Oc2cc(-c3nc4ccc(-c5ccc(C=C(C#N)C(=O)O)o5)cc4s3)ccc21,chromophore,50.466206,38.25609
CCCCCCCCCCN1c2ccccc2Oc2cc(-c3nc4ccc(-c5ccc(C=C(C#N)C(=O)O)s5)cc4s3)ccc21,chromophore,52.09497,36.776176
CCCCCCCCCCOc1cc(OCCCCCCCCCC)cc(C2=C3C(C)=CC(/C=C/c4ccc(OC)cc4)=[N+]3[B-](F)(F)n3c(/C=C/c4ccc(OC)cc4)cc(C=Cc4ccc(OC)cc4)c32)c1,chromophore,-45.82388,-68.457504
CCCCCCCCCCOc1ccc(C#Cc2ccc(C#Cc3ccc(OCCCCCCCCCC)c(OCCCCCCCCCC)c3)c3nc4c5ccccc5c5ccccc5c4nc23)cc1OCCCCCCCCCC,chromophore,30.15256,15.606588
CCCCCCCCCCOc1ccc2cc(C3=C4C(=O)N(CC(OCC)OCC)C(c5cc6ccc(OCCCCCCCCCC)cc6o5)=C4C(=O)N3CC(OCC)OCC)oc2c1,chromophore,28.878242,10.919225
CCCCCCCCCCSC1=C(SCCCCCCCCCC)SC(=Cc2ccc(N(c3ccccc3)c3ccc(/C=C(/C#N)C(=O)O)cc3)cc2)S1,chromophore,64.62255,22.983788
CCCCCCCCCC[C@@]1(CCCCCCCC)C(/C=C2/C(=O)C(/C=C3/N(C)c4ccc(-c5ccc(/C=C(\C#N)C(=O)O)s5)cc4C3(C)C)=C2[O-])=[N+](CCCCCC)c2ccccc21,chromophore,54.766567,44.13224
CCCCCCCCCC[C@@]1(CCCCCCCC)C(/C=C2/C(=O)C(/C=C3/N(C)c4ccc(C(=O)O)cc4C3(C)C)=C2[O-])=[N+](C)c2cc3c(cc21)-c1ccccc1C3(CCCCCCCC)CCCCCCCC,chromophore,11.611274,46.631847
CCCCCCCCCC[C@@]1(CCCCCCCC)C(/C=C2/C(=O)C(/C=C3/N(C)c4ccc(C(=O)O)cc4C3(C)C)=C2[O-])=[N+](CCCCCC)c2cc3c(cc21)-c1ccccc1C3(CCCCCCCC)CCCCCCCC,chromophore,11.60605,46.64144
CCCCCCCCCC[C@]1(CCCCCCCC)C(/C=C2/C(=O)C(/C=C3\N(C)c4ccc(-c5ccc(/C=C(\C#N)C(=O)O)cc5)cc4C3(C)C)=C2[O-])=[N+](CCCCCC)c2ccccc21,chromophore,54.40746,44.1711
CCCCCCCCCCc1cc(-c2cc(CCCCCCCCCC)c(-c3cccs3)s2)sc1-c1cccs1,chromophore,19.846664,18.811605
CCCCCCCCCCc1nc(-c2nc(CCCCCCCCC)c(-c3ccc(/C=C(\C#N)C(=O)O)s3)s2)sc1-c1ccc2c3ccccc3n(CCCC)c2c1,chromophore,59.63377,34.7174
CCCCCCCCCCn1c(-c2cc(-c3nc4ccc(C)cc4n3CCCCCCCCCC)cc(-c3nc4ccc(C)cc4n3CCCCCCCCCC)c2)nc2ccc(C)cc21,chromophore,24.389515,19.50773
CCCCCCCCCCn1c(C=C(C#N)C(=O)O)ccc1-c1ccc(-c2ccc(-c3ccc(N(c4ccc(OCCCCCC)cc4)c4ccc(OCCCCCC)cc4)cc3)s2)c2nsnc12,chromophore,82.14409,25.859524
CCCCCCCCCCn1cc(C2=C(c3cn(CCCCCCCCCC)c4ccccc34)C(=O)N(C)C2=O)c2ccccc21,chromophore,24.063026,24.935572
CCCCCCCCCN(/N=C/c1ccc(N(c2ccc(/C=C3\SC(=S)N(CC(=O)O)C3=O)cc2)c2ccc(CCCCCC)cc2)cc1)c1ccccc1,chromophore,25.951956,43.246548
CCCCCCCCCN(/N=C/c1ccc(N(c2ccc(C)cc2)c2ccc(/C=C3\SC(=S)N(CC(=O)O)C3=O)cc2)cc1)c1ccccc1,chromophore,25.678747,43.424232
CCCCCCCCCN(N=Cc1ccc(N(c2ccccc2)c2ccc(C=NN(CCCCCCCCC)c3ccc(C=C4SC(=S)N(CC(=O)O)C4=O)cc3)cc2)cc1)c1ccccc1,chromophore,25.781553,43.442097
CCCCCCCCCc1nc(-c2nc(CCCCCCCCC)c(-c3ccc(/C=C(\C#N)C(=O)O)s3)s2)sc1-c1ccc(N(c2ccccc2)c2ccccc2)cc1,chromophore,69.45121,28.984053
CCCCCCCCCn1c(-c2cc(-c3nc4ccccc4n3CCCCCCCCC)cc(-c3nc4ccccc4n3CCCCCCCCC)c2)nc2ccccc21,chromophore,24.500423,19.294214
CCCCCCCCN(CCCCCCCC)c1ccc(C2=C([O-])/C(=C/C3=[N+](CC(=O)O)c4ccccc4C3(C)C)C2=O)cc1,chromophore,12.380764,45.458614
CCCCCCCCN(CCCCCCCC)c1ccc2c3c1cccc3/c(=C/C1=C([O-])C(=C/C3=[N+](CCCCCCCC)c4ccc5cc(C(=O)O)ccc5c4C3(C)C)/C1=O)n2CCCCCC,chromophore,12.553956,48.03104
CCCCCCCCN(CCCCCCCC)c1ccc2c3ccc4c5c(ccc(c6cccc1c62)c53)C(=O)OC4=O,chromophore,21.158545,25.071522
CCCCCCCCN(c1ccccc1)c1ccc(C=C2C(=O)NC(=S)NC2=O)cc1,chromophore,30.188177,-10.454546
CCCCCCCCN1C(=CC2=C([O-])/C(=C\c3ccc4ccccc4[n+]3CC)C2=O)C(C)(C)c2ccc(C(=O)O)cc21,chromophore,11.695019,47.13846
CCCCCCCCN1C(=Cc2c(OCC)c(=O)c2=O)C(C)(C)c2cc(C(=O)O)ccc21,chromophore,11.18046,47.29065
CCCCCCCCN1C(=O)/C(=C2/C(=O)N(CCCCCCCC)c3cc(-c4ccc(/C=C(/C#N)C(=O)O)o4)ccc32)c2ccc(-c3ccc(N(c4ccc(OC)cc4)c4ccc(OC)cc4)cc3)cc21,chromophore,70.96399,21.950699
CCCCCCCCN1C(=O)/C(=C2/C(=O)N(CCCCCCCC)c3cc(-c4ccc(N(c5ccc(OC)cc5)c5ccc(OC)cc5)cc4)ccc32)c2ccc(-c3ccc(/C=C(\C#N)C(=O)O)cc3)cc21,chromophore,71.006546,21.92286
CCCCCCCCN1C(=O)/C(=c2\s/c(=c3/c(=Cc4ccc5c(c4)C4CCCC4N5c4ccc(C=C(c5ccccc5)c5ccccc5)cc4)sc(=O)n3CC(=O)O)c(=O)n2-c2ccccc2)SC1=S,chromophore,30.6544,46.926155
CCCCCCCCN1C(=O)C(=c2sc(=Cc3ccc4c(c3)C3CCCC3N4c3ccc(C=C(c4ccccc4)c4ccccc4)cc3)c(=O)n2CC(=O)O)SC1=S,chromophore,30.64616,46.941437
CCCCCCCCN1C(=O)C2=C(c3ccc(-c4ccc(N(c5ccc(OC)cc5)c5ccc(OC)cc5)cc4)cc3)N(CC(=O)O)C(=O)C2=C1c1ccc(-c2ccc(N(c3ccc(OC)cc3)c3ccc(OC)cc3)cc2)cc1,chromophore,34.112038,-1.9586533
CCCCCCCCN1C(=O)C2=C(c3ccc(-c4ccc(N(c5ccccc5)c5ccccc5)cc4)cc3)N(CC(=O)O)C(=O)C2=C1c1ccc(-c2ccc(N(c3ccccc3)c3ccccc3)cc2)cc1,chromophore,34.20321,-2.2248225
CCCCCCCCN1C(=O)C2=C(c3ccc(-c4sc(-c5ccc(N(c6ccc(C)cc6)c6ccc(C)cc6)cc5)c5c4OCCO5)cc3)N(CCCCCCCC)C(=O)C2=C1c1ccc(-c2ccc(/C=C(/C#N)C(=O)O)cc2)cc1,chromophore,66.788704,29.334648
CCCCCCCCN1C(=O)C2=C(c3ccc(-c4sc(-c5ccc(N(c6ccccc6)c6ccccc6)cc5)c5c4OCCO5)s3)N(CCCCCCCC)C(=O)C2=C1c1ccc(-c2ccc(/C=C(/C#N)C(=O)O)s2)s1,chromophore,68.214676,28.798725
CCCCCCCCN1C(=O)c2ccc3c4c(-c5ccc(N(c6ccccc6)c6ccccc6)cc5)cc5c6c(cc(-c7ccc(N(c8ccccc8)c8ccccc8)cc7)c(c7ccc(c2c37)C1=O)c64)C(=O)N(CCCCCCCC)C5=O,chromophore,24.782507,26.481829
CCCCCCCCN1C(=O)c2ccc3c4c(-c5ccc6c(c5)c5ccccc5n6-c5ccccc5)cc5c6c(ccc(c7c(-c8ccc9c(c8)c8ccccc8n9-c8ccccc8)cc(c2c37)C1=O)c64)C(=O)N(CCCCCCCC)C5=O,chromophore,26.645597,26.74162
CCCCCCCCN1C(=O)c2ccc3c4c(-c5ccc6c7ccccc7n(-c7ccccc7)c6c5)cc5c6c(cc(-c7ccc8c9ccccc9n(-c9ccccc9)c8c7)c(c7ccc(c2c37)C1=O)c64)C(=O)N(CCCCCCCC)C5=O,chromophore,26.57683,26.735378
CCCCCCCCN1C(=O)c2ccc3c4c(-c5ccc6c7ccccc7n(-c7ccccc7)c6c5)cc5c6c(ccc(c7c(-c8ccc9c%10ccccc%10n(-c%10ccccc%10)c9c8)cc(c2c37)C1=O)c64)C(=O)N(CCCCCCCC)C5=O,chromophore,26.576942,26.730463
CCCCCCCCN1C(=O)c2ccc3c4c(N5CCCCC5)cc5c6c(ccc(c7c(N8CCCCC8)cc(c2c37)C1=O)c64)C(=O)OC5=O,chromophore,20.689054,27.122927
CCCCCCCCN1c2ccc(-c3ccc4c(c3)C3(c5ccccc5-c5ccccc53)c3ccccc3-4)cc2Sc2cc(-c3ccc(-c4ccncc4)c4nsnc34)ccc21,chromophore,14.043771,28.566118
CCCCCCCCN1c2ccc(/C=C(\C#N)C(=O)O)cc2Sc2cc(-c3ccc(C4=C5C(=O)N(CC(CC)CCCC)C(c6ccc(-c7ccc(N(c8ccc(-c9ccc(CCCC)cc9)cc8)c8ccc(-c9ccc(CCCC)cc9)cc8)cc7)s6)=C5C(=O)N4CC(CC)CCCC)s3)ccc21,chromophore,52.452793,38.728928
CCCCCCCCN1c2ccc(C#Cc3ccc4ccc5cccc6ccc3c4c56)cc2Sc2cc(/C=C(\C#N)C(=O)O)ccc21,chromophore,45.891502,35.265045
CCCCCCCCN1c2ccc(C#Cc3ccc4ccc5cccc6ccc3c4c56)cc2Sc2cc(C=C(C#N)C#N)ccc21,chromophore,56.351055,-6.4006658
CCCCCCCCN1c2ccc(C=C(C#N)C(=O)O)cc2Sc2cc(-c3ccc(N(c4ccc(-c5ccc6c(c5)Sc5cc(C=C(C#N)C(=O)O)ccc5N6CCCCCCCC)cc4)c4ccc(C)cc4C)cc3)ccc21,chromophore,48.763943,36.059277
CCCCCCCCN1c2ccccc2Oc2cc(-c3ccc(/C=C(\C#N)C(=O)O)o3)ccc21,chromophore,50.21459,38.227272
CCCCCCCCN1c2ccccc2Oc2cc(/C=C(\C#N)C(=O)O)ccc21,chromophore,47.698654,35.53682
CCCCCCCCN1c2ccccc2Sc2cc(/C=C/c3ccc(-c4ccc(/C=C(/C#N)C(=O)O)s4)s3)ccc21,chromophore,47.821545,34.382713
CCCCCCCCN1c2ccccc2Sc2cc(/C=C/c3ccc(N(c4ccc(/C=C/c5ccc6c(c5)Sc5ccccc5N6CCCCCCCC)cc4)c4ccc(/C=C/c5ccc(/C=C/c6ccc(N(c7ccc(/C=C/c8ccc9c(c8)Sc8ccccc8N9CCCCCCCC)cc7)c7ccc(/C=C/c8ccc9c(c8)Sc8ccccc8N9CCCCCCCC)cc7)cc6)c6nsnc56)cc4)cc3)ccc21,chromophore,37.982716,0.35841736
CCCCCCCCOCc1cccc(OCCCCCCCC)c1/C1=C2\C=CC(=N2)/C(CCc2c(OCCCC)cc(C(=O)O)cc2OCCCC)=c2/cc/c3[n]2[Zn][n]2c1ccc2/C(N(c1ccc(C)cc1)c1ccc(C)cc1)=C1/C=CC(=N1)/C=3N(c1ccc(C)cc1)c1ccc(C)cc1,chromophore,15.926442,77.064285
CCCCCCCCOCc1cccc(OCCCCCCCC)c1/C1=C2\C=CC(=N2)/C(CCc2c(OCCCCCCCC)cc(C(=O)O)cc2OCCCCCCCC)=c2/cc/c3[n]2[Zn][n]2c1ccc2/C(N(c1ccc(C)cc1)c1ccc(C)cc1)=C1/C=CC(=N1)/C=3N(c1ccc(C)cc1)c1ccc(C)cc1,chromophore,15.93352,77.068375
CCCCCCCCOc1c(/C=C(/C#N)C(=O)O)sc(/C=N/N(c2ccccc2)c2ccccc2)c1OCCCCCCCC,chromophore,71.157326,24.856197
CCCCCCCCOc1c(/C=C/c2ccc(N(c3ccc(C)cc3)c3ccc(C)cc3)cc2)cc(-c2cc(CCCCCC)c(/C=C(\C#N)C(=O)O)s2)cc1/C=C/c1ccc(N(c2ccc(C)cc2)c2ccc(C)cc2)cc1,chromophore,70.50413,32.53097
CCCCCCCCOc1c(/C=C/c2ccc(N(c3ccc(C)cc3)c3ccc(C)cc3)cc2)cc(-c2ccc(C3=C4C(=O)N(CC(CC)CCCC)C(c5ccc(-c6ccc(C(=O)O)cc6)s5)=C4C(=O)N3CC(CC)CCCC)s2)cc1/C=C/c1ccc(N(c2ccc(C)cc2)c2ccc(C)cc2)cc1,chromophore,42.64703,9.733846
CCCCCCCCOc1c(OCCCCCCCC)c(-c2ccc(/C=C(/C#N)C(=O)O)o2)c2nsnc2c1-c1ccc(N(c2ccccc2)c2ccccc2)cc1,chromophore,70.66989,24.609154
CCCCCCCCOc1c(OCCCCCCCC)c(-c2ccc(N(c3ccccc3)c3ccccc3)s2)c2nsnc2c1-c1ccc(/C=C(/C#N)C(=O)O)o1,chromophore,70.805855,24.777649
CCCCCCCCOc1c2cccc3c(-c4ccc(/C=C(\C#N)C(=O)O)s4)cc4c(OCCCCCCCC)c5cccc6c(-c7ccc(/C=C(\C#N)C(=O)O)s7)cc1c(c65)c4c32,chromophore,62.838757,32.387234
CCCCCCCCOc1cc(/C=C/c2cc(OCCCCCCCC)c(/C=C/c3cc(OCCCCCCCC)c(/C=C/c4cc[n+](Cc5ccc(C)cc5)cc4)cc3OCCCCCCCC)cc2OCCCCCCCC)c(OCCCCCCCC)cc1/C=C/c1cc[n+](Cc2ccc(C)cc2)cc1,chromophore,22.426014,12.246255
CCCCCCCCOc1cc(C)cc(OCCCCCCCC)c1-n1c2cc(-c3ccc(N(c4ccc(OCCCCCC)cc4)c4ccc(OCCCCCC)cc4)cc3)c3cccc4c5cccc6c(-c7cc8c(s7)-c7sc(C=C(C#N)C(=O)O)cc7C8(CCCCCC)CCCCCC)cc1c(c65)c2c34,chromophore,80.343636,29.472633
CCCCCCCCOc1cc(C)cc(OCCCCCCCC)c1-n1c2cc(-c3ccc(N(c4ccc(OCCCCCC)cc4)c4ccc(OCCCCCC)cc4)cc3)c3cccc4c5cccc6c(-c7ccc(-c8cc9c(s8)-c8sc(C=C(C#N)C(=O)O)cc8C9(CCCCCC)CCCCCC)c8nsnc78)cc1c(c65)c2c34,chromophore,80.52516,29.350786
CCCCCCCCOc1cc(C)cc(OCCCCCCCC)c1-n1c2cc(C#Cc3ccc(N(c4ccc(OCCCCCC)cc4)c4ccc(OCCCCCC)cc4)cc3)c3cccc4c5cccc6c(C#Cc7cc8c(s7)-c7sc(C=C(C#N)C(=O)O)cc7C8(CCCCCC)CCCCCC)cc1c(c65)c2c34,chromophore,80.6366,29.738817
CCCCCCCCOc1cc(OCCCCCCCC)cc(/C2=C3\C=CC(=N3)/C(N(c3ccc4c(c3)C(CCCCCC)(CCCCCC)c3ccccc3-4)c3ccc4c(c3)C(CCCCCC)(CCCCCC)c3ccccc3-4)=c3/cc/c4[n]3[Zn][n]3c(ccc32)/C(C#Cc2ccc(C(=O)O)cc2)=C2/C=CC(=N2)/C=4c2cc(OCCCCCCCC)cc(OCCCCCCCC)c2)c1,chromophore,13.848551,78.03594
CCCCCCCCOc1ccc(-c2c3c4n(c(-c5ccc(OCCCCCCCC)cc5)c3c3n2[B-](F)(F)[n+]2c(sc5ccccc52)N=3)[B-](F)(F)[n+]2c(sc3ccccc32)N=4)cc1,chromophore,27.375923,12.675523
CCCCCCCCOc1ccc(-c2ccc(-n3c4ccc(-c5ccc(OCCCCCCCC)cc5)cc4c4cc(-c5ccc(-c6ccc(C(=O)O)cc6)c6nsnc56)ccc43)cc2)cc1,chromophore,37.038567,15.39243
CCCCCCCCOc1ccc(-c2ccc(N(c3ccc(-c4cc5c(s4)-c4cc6c(cc4C5(c4ccc(CCCCCC)cc4)c4ccc(CCCCCC)cc4)-c4sc(-c5c(F)c(F)c(-c7ccc(C(=O)O)cc7)c7nsnc57)cc4C6(c4ccc(CCCCCC)cc4)c4ccc(CCCCCC)cc4)cc3)c3ccc(-c4ccc(OCCCCCCCC)cc4OCCCCCCCC)cc3)cc2)c(COCCCCCCC)c1,chromophore,38.273,12.542607
CCCCCCCCOc1ccc(-c2ccc(N(c3ccc(-c4cc5c(s4)-c4cc6c(cc4C5(c4ccc(CCCCCC)cc4)c4ccc(CCCCCC)cc4)-c4sc(-c5ccc(-c7ccc(C(=O)O)cc7)c7nsnc57)cc4C6(c4ccc(CCCCCC)cc4)c4ccc(CCCCCC)cc4)cc3)c3ccc(-c4ccc(OCCCCCCCC)cc4OCCCCCCCC)cc3)cc2)c(COCCCCCCC)c1,chromophore,38.25766,12.534123
CCCCCCCCOc1ccc(-c2ccc(N(c3ccc4c(c3)C(C)(C)c3cc(-c5ccc(-c6cc7c(s6)-c6sc(/C=C(\C#N)C(=O)O)cc6C7(CC(CC)CCCC)CC(CC)CCCC)c6nc(-c7ccccc7)c(-c7ccccc7)nc56)sc3-4)c3ccc(-c4ccc(OCCCCCCCC)cc4OCCCCCCCC)cc3-c3ccc(OCCCCCCCC)cc3OCCCCCCCC)cc2)c(OCCCCCCCC)c1,chromophore,79.69751,30.372442
CCCCCCCCOc1ccc(-c2ccc(N(c3ccc4c(c3)C(C)(C)c3cc(-c5ccc(-c6ccc(C=C(C#N)C(=O)O)s6)c6nsnc56)sc3-4)c3ccc(-c4ccc(OCCCCCCCC)cc4OCCCCCCCC)cc3-c3ccc(OCCCCCCCC)cc3OCCCCCCCC)cc2)c(OCCCCCCCC)c1,chromophore,81.21891,28.384089
CCCCCCCCOc1ccc(-c2ccc3c(c2)C(C)(C)c2cc(-c4ccc(OCCCCCCCC)cc4)cc4c5cc(-c6ccc(-c7ccc(C(=O)O)cc7)c7nsnc67)ccc5n-3c24)cc1,chromophore,37.078392,15.379816
CCCCCCCCOc1ccc(-c2ccc3c(c2)c2cc(-c4ccc(OCCCCCCCC)cc4)cc4c2n3-c2ccc(-c3ccc(-c5ccc(C(=O)O)cc5)c5nsnc35)cc2C4(C)C)cc1,chromophore,37.078392,15.379816
CCCCCCCCOc1ccc(-n2c(-c3ccc(C(=C(c4ccccc4)c4ccccc4)c4ccccc4)cc3)cc3c2cc(-c2ccc(-c4ccc(C=Cc5ccc(-c6ccc(C=C(C#N)C(=O)O)cc6)c6cscc56)s4)cc2)n3-c2ccc(OCCCCCCCC)cc2)cc1,chromophore,83.22409,21.434496
CCCCCCCCOc1ccc(C#Cc2ccc(C#Cc3ccc(OCCCCCCCC)c(OCCCCCCCC)c3)c3nc4c5ccccc5c5ccccc5c4nc23)cc1OCCCCCCCC,chromophore,30.15256,15.606588
CCCCCCCCOc1ccc(C#Cc2ccc3c(c2)c2ccccc2n3CCCCCCCC)c(OCCCCCCCC)c1,chromophore,29.910473,16.357344
CCCCCCCCOc1ccc(C2(c3ccc(OCCCCCCCC)cc3)c3cc4c5cc6c(cc5n(CCCCCCCC)c4cc3-c3sccc32)-c2sc(-c3c(F)c(F)c(-c4ccc(C(=O)O)cc4)c4nsnc34)cc2C6(c2ccc(OCCCCCCCC)cc2)c2ccc(OCCCCCCCC)cc2)cc1,chromophore,37.197254,15.249932
CCCCCCCCOc1ccc(C2(c3ccc(OCCCCCCCC)cc3)c3cc4c5cc6c(cc5n(CCCCCCCC)c4cc3-c3sccc32)-c2sc(-c3ccc(-c4ccc(C(=O)O)cc4)c4nsnc34)cc2C6(c2ccc(OCCCCCCCC)cc2)c2ccc(OCCCCCCCC)cc2)cc1,chromophore,37.16732,15.249349
CCCCCCCCOc1ccc(N(c2ccc(-c3cc4c(s3)-c3cc5c(cc3C4(c3ccc(CCCCCC)cc3)c3ccc(CCCCCC)cc3)-c3sc(-c4ccc(-c6ccc(C(=O)O)cc6)c6nsnc46)cc3C5(c3ccc(CCCCCC)cc3)c3ccc(CCCCCC)cc3)cc2)c2ccc(OCCCCCCCC)cc2OCCCCCCCC)c(OCCCCCCCC)c1,chromophore,38.20725,12.506595
CCCCCCCCOc1ccc(N(c2ccc(-c3cc4c(s3)-c3cc5c(cc3C4(c3ccc(CCCCCC)cc3)c3ccc(CCCCCC)cc3)-c3sc(-c4ccc(-c6ccc(C(=O)O)cc6)cc4)cc3C5(c3ccc(CCCCCC)cc3)c3ccc(CCCCCC)cc3)cc2)c2ccc(OCCCCCCCC)cc2OCCCCCCCC)c(OCCCCCCCC)c1,chromophore,38.24081,12.282304
CCCCCCCCOc1ccc(N(c2ccc(/C=C/c3ccc(Nc4ncc(C=C(C#N)C(=O)O)cn4)cc3)cc2)c2ccc(OCCCCCCCC)cc2)cc1,chromophore,74.153984,22.618126
CCCCCCCCOc1ccc(N(c2ccc(C=c3sc(=C(C#N)C#N)[nH]c3=O)cc2)c2ccc(OCCCCCCCC)cc2)cc1,chromophore,43.09734,6.164289
CCCCCCCCOc1ccc(N(c2ccc(OCCCCCCCC)cc2)c2ccc(-c3cc4sc5c6sc7cc(/C=C(\C#N)C(=O)O)sc7c6c6cc(OCC(CC)CCCC)c(OCC(CC)CCCC)cc6c5c4s3)cc2)cc1,chromophore,77.87595,31.52336
CCCCCCCCOc1ccc(N(c2ccc(OCCCCCCCC)cc2)c2ccc(-c3ccc(-c4cc5sc6c7sc8cc(/C=C(\C#N)C(=O)O)sc8c7c7cc(OCC(CC)CCCC)c(OCC(CC)CCCC)cc7c6c5s4)c4nsnc34)cc2)cc1,chromophore,78.930595,31.072302
CCCCCCCCOc1ccc(N(c2ccc(OCCCCCCCC)cc2)c2ccc(-c3ccc(/C=C(\C#N)C(=O)O)s3)cc2)cc1,chromophore,80.79755,23.894794
CCCCCCCCOc1ccc(N(c2ccc(OCCCCCCCC)cc2)c2ccc(-c3ccc(C=c4sc(=C(C#N)C#N)[nH]c4=O)s3)cc2)cc1,chromophore,68.74853,-3.8085136
CCCCCCCCOc1ccc(N(c2ccc(OCCCCCCCC)cc2)c2ccc(-c3sc(-c4ccc(-c5sc(/C=C6\SC(=S)N(C(=O)O)C6=O)c6c5OCCO6)c5nccnc45)c4c3OCCO4)cc2)cc1,chromophore,26.669184,38.56547
CCCCCCCCOc1ccc(N(c2ccc(OCCCCCCCC)cc2)c2ccc(-c3sc(-c4ccc(/C=C(/C#N)C(=O)O)cc4)c4nccnc34)cc2)cc1,chromophore,75.798416,24.2207
CCCCCCCCOc1ccc(N(c2ccc(OCCCCCCCC)cc2)c2ccc3c(c2)-c2cc(N(c4ccc(OCCCCCCCC)cc4)c4ccc(OCCCCCCCC)cc4)ccc2C3=Cc2ccc(-c3ccc(C=C(C#N)C(=O)O)s3)s2)cc1,chromophore,79.292885,24.144003
CCCCCCCCOc1ccc(OCCCCCCCC)c(/C=C/C2=[N+]3C(=C4c5ccc(/C=C/c6cc(OCCCCCCCC)ccc6OCCCCCCCC)n5[B-](F)(F)[n+]5c4n(c4ccccc45)[B-]3(F)F)C=C2)c1,chromophore,-45.631332,-69.037575
CCCCCCCCOc1ccc2c3c(c4ccc(OCCCCCCCC)cc4c2c1)C(C)(C)c1ccccc1-3,chromophore,25.96631,12.141806
CCCCCCCCOc1cccc(OCCCCCCCC)c1/C1=C2\C=CC(=N2)/C(C#Cc2ccc(-c3ccc(C(=O)NN)cc3)c3nsnc23)=c2/cc/c3[n]2[Zn][n]2c(ccc21)/C(c1ccc2c(c1)Sc1cc(-c4ccc5c(c4)C4(c6ccccc6-c6ccccc64)c4ccccc4-5)ccc1N2CCCCCCCC)=C1/C=CC(=N1)/C=3c1c(OCCCCCCCC)cccc1OCCCCCCCC,chromophore,13.300605,79.21531
CCCCCCCCOc1cccc(OCCCCCCCC)c1/C1=C2\C=CC(=N2)/C(C#Cc2ccc(-c3ccc(C(=O)O)cc3)c3nsnc23)=c2/cc/c3[n]2[Zn][n]2c(ccc21)/C(c1ccc2c(c1)Sc1cc(-c4ccc5c(c4)C4(c6ccccc6-c6ccccc64)c4ccccc4-5)ccc1N2CCCCCCCC)=C1/C=CC(=N1)/C=3c1c(OCCCCCCCC)cccc1OCCCCCCCC,chromophore,13.317132,79.17229
CCCCCCCCOc1cccc(OCCCCCCCC)c1/C1=C2\C=CC(=N2)/C(C#Cc2ccc(/C=C(/O)C(=O)O)cc2)=c2/cc/c3[n]2[Zn][n]2c1ccc2/C(N(c1ccc(CCCCCC)cc1)c1ccc(CCCCCC)cc1)=C1/C=CC(=N1)/C=3c1c(OCCCCCCCC)cccc1OCCCCCCCC,chromophore,15.687747,77.69164
CCCCCCCCOc1cccc(OCCCCCCCC)c1/C1=C2\C=CC(=N2)/C(C#Cc2ccc(C(=O)O)c3nsnc23)=c2/cc/c3[n]2[Zn][n]2c1ccc2/C(N(c1ccc(CCCCCC)cc1)c1ccc(CCCCCC)cc1)=C1/C=CC(=N1)/C=3c1c(OCCCCCCCC)cccc1OCCCCCCCC,chromophore,15.346339,77.71685
CCCCCCCCOc1cccc(OCCCCCCCC)c1/C1=C2\C=CC(=N2)/C(C#Cc2ccc(C(=O)O)cc2)=c2/cc/c3[n]2[Zn][n]2c(ccc21)/C(C#CC1=CC=C(n2c4ccc(C(C)(C)C)cc4c4cc(C(C)(C)C)ccc42)CC1)=C1/C=CC(=N1)/C=3c1c(OCCCCCCCC)cccc1OCCCCCCCC,chromophore,13.3557005,76.58618
CCCCCCCCOc1cccc(OCCCCCCCC)c1/C1=C2\C=CC(=N2)/C(C#Cc2ccc(C(=O)O)cc2)=c2/cc/c3[n]2[Zn][n]2c(ccc21)/C(C#Cc1c2ccccc2c(N(c2ccc(OC)cc2)c2ccc(OC)cc2)c2ccccc12)=C1/C=CC(=N1)/C=3c1c(OCCCCCCCC)cccc1OCCCCCCCC,chromophore,14.319342,77.323
CCCCCCCCOc1cccc(OCCCCCCCC)c1/C1=C2\C=CC(=N2)/C(C#Cc2ccc(C(=O)O)s2)=c2/cc/c3[n]2[Zn][n]2c(ccc21)/C=C1/C=CC(=N1)/C=3c1c(OCCCCCCCC)cccc1OCCCCCCCC,chromophore,15.002441,77.77772
CCCCCCCCOc1cccc(OCCCCCCCC)c1/C1=C2\C=CC(=N2)/C(C#Cc2ccc(N(c3ccc(OC)cc3)c3ccc(OC)cc3)cc2)=c2/cc/c3[n]2[Zn][n]2c(ccc21)/C(C#Cc1ccc(/C=C(\C#N)C(=O)O)cc1)=C1/C=CC(=N1)/C=3c1c(OCCCCCCCC)cccc1OCCCCCCCC,chromophore,16.637087,77.95191
CCCCCCCCOc1cccc(OCCCCCCCC)c1/C1=C2\C=CC(=N2)/C(N(c2ccc(CCCCCC)cc2)c2ccc(CCCCCC)cc2)=c2/cc/c3[n]2[Zn][n]2c(ccc21)/C(C#Cc1ccc(-c2ccc(C(=O)O)cc2)c2nsnc12)=C1/C=CC(=N1)/C=3c1c(OCCCCCCCC)cccc1OCCCCCCCC,chromophore,14.71513,78.3531
CCCCCCCCOc1cccc(OCCCCCCCC)c1/C1=C2\C=CC(=N2)/C(N(c2ccc(CCCCCC)cc2)c2ccc(CCCCCC)cc2)=c2/cc/c3[n]2[Zn][n]2c(ccc21)/C(C#Cc1nc2cc(O)c(O)cc2s1)=C1/C=CC(=N1)/C=3c1c(OCCCCCCCC)cccc1OCCCCCCCC,chromophore,15.802646,77.69506
CCCCCCCCOc1cccc(OCCCCCCCC)c1/C1=C2\C=CC(=N2)/C(c2ccc(N(c3ccc(-c4ccc(CCCCCC)s4)cc3)c3ccc(-c4ccc(CCCCCC)s4)cc3)cc2)=c2/cc/c3[n]2[Zn][n]2c(ccc21)/C(C#Cc1ccc(C(=O)O)o1)=C1/C=CC(=N1)/C=3c1c(OCCCCCCCC)cccc1OCCCCCCCC,chromophore,15.634657,78.21736
CCCCCCCCOc1cccc(OCCCCCCCC)c1/C1=C2\C=CC(=N2)/C(c2ccc(N(c3ccc(-c4ccc(CCCCCC)s4)cc3)c3ccc(-c4ccc(CCCCCC)s4)cc3)cc2)=c2/cc/c3[n]2[Zn][n]2c(ccc21)/C(C#Cc1ccc(C(=O)O)s1)=C1/C=CC(=N1)/C=3c1c(OCCCCCCCC)cccc1OCCCCCCCC,chromophore,15.533054,78.2492
CCCCCCCCOc1ccccc1N1c2ccc(/C=c3\s/c(=C4/SC(=S)N(CCCCCCCC)C4=O)n(CC(=O)O)c3=O)cc2C2CCCC21,chromophore,30.640547,47.139095
CCCCCCCCSC1=C(SCCCCCCCC)SC(=Cc2ccc(-c3ccc(-c4ccc(/C=C(\C#N)C(=O)O)cc4)s3)cc2)S1,chromophore,65.65455,31.998661
CCCCCCCCSC1=C(SCCCCCCCC)SC(=Cc2ccc(-c3ccc4c(c3)Oc3cc(-c5ccc(/C=C(\C#N)C(=O)O)cc5)ccc3N4CCCC)cc2)S1,chromophore,48.423058,36.54994
CCCCCCCC[C@@]1(C=C2C(=O)NC(=O)NC2=O)C=CC(NC(=C2C(=O)NC(=O)NC2=O)c2ccccc2)=CC1,chromophore,2.101639,31.812862
CCCCCCCC[N+](C)(CCCn1cc(C(=O)c2ccc3c(c2)C(C)(C)c2cc(N(C)C)ccc2-3)nn1)CCCS(=O)(=O)[O-],chromophore,20.05772,6.0415645
CCCCCCCC[N+]1=C(/C=C/c2ccc(N(c3ccccc3)c3ccccc3)cc2)C(C)(C)c2cc(C(=O)O)ccc21,chromophore,33.5848,-14.835223
CCCCCCCC[N+]1=C(/C=C2\C(=O)C(/C=c3/c4cccc5c(C[C@H](CC)CCCC)ccc(c54)n3CCCCCC)=C2[O-])C(C)(C)c2c1ccc1cc(C(=O)O)ccc21,chromophore,12.629694,48.107185
CCCCCCCC[N+]1=C(/C=C2\C(=O)C(/C=c3/c4cccc5c(OCCCC)ccc(c54)n3CCCCCC)=C2[O-])C(C)(C)c2c1ccc1cc(C(=O)O)ccc21,chromophore,12.586851,48.07127
CCCCCCCC[N+]1=C(C=C2C(=O)C(/C=C3/N(CC)c4ccc(N(c5ccc(C)cc5)c5ccc(C)cc5)cc4C3(C)C)=C2[O-])C(C)(C)c2cc(C(=O)O)ccc21,chromophore,11.013755,47.233215
CCCCCCCC[Si]1(CCCCCCCC)c2cc(/C=C(\C#N)C(=O)O)sc2-c2sc(-c3ccc(-c4ccc(N(c5ccccc5)c5ccccc5)cc4)s3)cc21,chromophore,68.752266,30.387749
CCCCCCCC[Si]1(CCCCCCCC)c2cc(C#Cc3ccc(-n4c5ccccc5c5ccccc54)s3)sc2-c2sc(/C=C(\C#N)C(=O)O)cc21,chromophore,61.486763,35.03184
CCCCCCCC[n+]1ccc(-c2cc[n+](CCCCCCCC)cc2)cc1,chromophore,19.873802,14.730274
CCCCCCCCc1cc(-c2cc3c(s2)/C(=C2\C(=O)N(CC(CC)CCCC)c4cc(-c5ccc(/C=C(\C#N)C(=O)O)cc5)sc42)C(=O)N3CC(CC)CCCC)sc1-c1ccc(N(c2ccccc2)c2ccccc2)cc1,chromophore,71.73718,35.531284
CCCCCCCCc1cc(-c2cc3c(s2)/C(=C2\C(=O)N(CC(CC)CCCC)c4cc(-c5ccc(C=O)cc5)ccc42)C(=O)N3CC(CC)CCCC)sc1-c1ccc(N(c2ccccc2)c2ccccc2)cc1,chromophore,41.468296,-0.45936581
CCCCCCCCc1cc(-c2ccc(-c3cc(CCCCCCCC)c(-c4ccc(-c5ccc(N(c6ccc(CCCCCC)cc6)c6ccc(CCCCCC)cc6)cc5)s4)s3)c3nsnc23)sc1-c1ccc(-c2ccc(/C=C(\C#N)C(=O)O)cc2)s1,chromophore,72.27824,32.6419
CCCCCCCCc1cc(-c2ccc(-c3cc(CCCCCCCC)c(-c4ccc(-c5ccc(N(c6ccccc6)c6ccccc6)cc5)s4)s3)c3nsnc23)sc1-c1ccc(-c2ccc(/C=C(\C#N)C(=O)O)cc2)s1,chromophore,72.20576,32.54627
CCCCCCCCc1cc(-c2ccc(-c3ccc(/C=C(\C#N)C(=O)O)cc3)c3nsnc23)sc1-c1ccc(N(c2ccccc2)c2ccccc2)cc1,chromophore,72.23367,32.42942
CCCCCCCCc1cc(-c2sc(-c3ccc(-c4cc(CCCCCCCC)c(-c5ccc(-c6ccc(/C=C(\C#N)C(=O)O)cc6)s5)s4)c4nsnc34)cc2CCCCCCCC)sc1-c1ccc(N(c2ccccc2)c2ccccc2)cc1,chromophore,72.20059,32.54474
CCCCCCCCc1cc(/C=C(/C#N)C(=O)O)sc1-c1ccc(-c2sc(-c3ccc4c(c3)c3nc5ccccc5nc3n4CC(CC)CCCC)cc2CCCCCCCC)s1,chromophore,61.322037,38.490833
CCCCCCCCc1cc(/C=C(\C#N)C(=O)O)sc1-c1ccc(-c2sc(-c3cc4c5c(c3)cc(-c3ccc(OCCCCCC)cc3)n5-c3ccccc3S4)cc2CCCCCCCC)s1,chromophore,65.162636,36.486774
CCCCCCCCc1cc(C=C(C#N)C(=O)O)sc1-c1nc2sc(-c3ccc(-c4ccc(N(c5ccc(OCCCC)cc5)c5ccc(OCCCC)cc5)cc4)s3)nc2s1,chromophore,79.59489,26.55906
CCCCCCCCc1ccc(-c2c3cc(-c4cc(CCCCCCCC)c(-c5ccc(-c6sc(/C=C7\SC(SCC)=NC7=O)cc6CCCCCCCC)s5)s4)sc3c(-c3ccc(CCCCCCCC)s3)c3cc(-c4cc(CCCCCCCC)c(-c5ccc(-c6sc(/C=C7\SC(SCC)=NC7=O)cc6CCCCCCCC)s5)s4)sc23)s1,chromophore,19.89527,19.47058
CCCCCCCCc1ccc(-c2ccc(/C=C(\C#N)c3ccc(-c4cccc5cccc(-c6ccc(/C(C#N)=C/c7ccc(-c8ccc(CCCCCCCC)cc8)cc7)cc6)c45)cc3)cc2)cc1,chromophore,59.365406,-15.435791
CCCCCCCCc1ccc(-c2nc3c(-c4ccc(/C=C(/C#N)C(=O)O)cc4)ccc(-c4cc(CCCCCCCC)c(-c5ccc(N(c6ccccc6)c6ccccc6)cc5)s4)c3nc2-c2ccc(CCCCCCCC)s2)s1,chromophore,72.075165,32.434715
CCCCCCCCc1ccc(-n2c3c(c4c2c2c(n4-c4ccc(CCCCCCCC)cc4)-c4ccccc4NB2c2ccccc2)B(c2ccccc2)Nc2ccccc2-3)cc1,chromophore,15.512368,19.157372
CCCCCCCCc1ccc(-n2c3c4ccccc4nnc3c3c2c2nnc4ccccc4c2n3-c2ccc(CCCCCCCC)cc2)cc1,chromophore,15.607869,19.035177
CCCCCCCCc1ccc(/C2=C3\C=CC(=N3)/C(c3ccc(CCCCCCCC)cc3)=c3/cc/c4[n]3[Zn][n]3c2ccc3/C(c2ccc(CCCCCCCC)cc2)=C2C=C(/C=C/C=C(C(=O)O)C(=O)O)C(=N/2)C=4/c2ccc(CCCCCCCC)cc2)cc1,chromophore,17.003334,74.60703
CCCCCCCCc1ccc(C2(c3ccc(CCCCCCCC)cc3)c3cc4c(cc3-c3cc5c(cc32)-c2cc3c(cc2C5(c2ccc(CCCCCCCC)cc2)c2ccc(CCCCCCCC)cc2)-c2ccc(N(c5ccc(C)cc5)c5ccc(C)cc5)cc2C3(CCCCCCCC)CCCCCCCC)Cc2cc(/C=C(\C#N)C(=O)O)ccc2-4)cc1,chromophore,71.25628,18.248343
CCCCCCCCc1ccc(C2(c3ccc(CCCCCCCC)cc3)c3cc4c(cc3-c3cc5c(cc32)-c2cc3c(cc2C5(c2ccc(CCCCCCCC)cc2)c2ccc(CCCCCCCC)cc2)-c2ccc(N(c5ccc(N(C)C)cc5)c5ccc(N(C)C)cc5)cc2C3(CCCCCCCC)CCCCCCCC)Cc2cc(/C=C(\C#N)C(=O)O)ccc2-4)cc1,chromophore,71.24482,18.257685
CCCCCCCCc1cccc(CCCCCCCC)c1/C1=C2\C=CC(=N2)/C(N(c2ccc(CCCCCC)cc2)c2ccc(CCCCCC)cc2)=c2/cc/c3[n]2[Zn][n]2c(ccc21)/C(C#Cc1ccc(C(=O)O)c(O)c1)=C1/C=CC(=N1)/C=3c1c(CCCCCCCC)cccc1CCCCCCCC,chromophore,15.438956,76.99292
CCCCCCCCn1c(-c2ccc(C3=C(C)C4=C(CCCCC)c5c(C)c(C=C(C#N)C(=O)O)c(C)n5[B-](F)(F)[N+]4=C3C)cc2)nc2c3ccc(OC)cc3c3cc(OC)ccc3c21,chromophore,63.873917,30.171183
CCCCCCCCn1c(=C(C#N)C#N)s/c(=c2/c(=C\c3ccc(-c4ccc5c(c4)C4CCCC4N5c4ccc5c(c4)C(C)(C)c4ccccc4-5)s3)sc(=O)n2CC(=O)O)c1=O,chromophore,34.074547,47.38596
CCCCCCCCn1c(=C(C#N)C#N)s/c(=c2/c(=C\c3ccc(-c4ccc5c(c4)C4CCCC4N5c4ccc5c(c4)C(CCCC)(CCCC)c4ccccc4-5)s3)sc(=O)n2CCCCCCCC)c1=O,chromophore,34.055298,47.357784
CCCCCCCCn1c(=C(C#N)C#N)s/c(=c2/c(=Cc3ccc4c(c3)C3CCCC3N4c3ccc(C=C(c4ccccc4)c4ccccc4)cc3)sc(=O)n2CC(=O)O)c1=O,chromophore,31.924768,47.03643
CCCCCCCCn1c(=O)/c(=C/c2ccc(-c3ccc4c(c3)[C@H]3CCC[C@H]3N4c3ccc4c(c3)c3ccccc3n4CCCCC)s2)s/c1=C(/C#N)C(=O)O,chromophore,32.944782,47.13534
CCCCCCCCn1c(=O)/c(=C/c2ccc(N3c4ccccc4C4CCCC43)s2)s/c1=C(/C#N)C(=O)O,chromophore,32.451817,47.06482
CCCCCCCCn1c(=O)c2cc3c(C#Cc4ccc(N(c5ccccc5)c5ccccc5)cc4)c4cc5c(=O)n(CCCCCCCC)c(=O)c5cc4c(C#Cc4ccc(N(c5ccccc5)c5ccccc5)cc4)c3cc2c1=O,chromophore,34.476112,-3.707318
CCCCCCCCn1c2c(c3ccccc31)-c1c(c3ccccc3n1CCCCCCCC)-c1c(c3cc(-c4ccc(-c5ccc(/C=C(\C#N)C(=O)O)s5)s4)ccc3n1CCCCCCCC)-c1c-2c2ccccc2n1CCCCCCCC,chromophore,58.856995,33.92427
CCCCCCCCn1c2cc(-c3cccs3)ccc2c2ccc(-c3ccc(/C=C(\C#N)C(=O)O)cc3F)cc21,chromophore,59.539875,28.857367
CCCCCCCCn1c2cc(C=C(C#N)C(=O)O)sc2c2sc(-c3ccc(-c4ccc5c(c4)c4c(n5CCCCCC)-c5ccccc5C45c4ccccc4-c4ccccc45)c4nsnc34)cc21,chromophore,58.00062,31.762915
CCCCCCCCn1c2cc(C=C(C#N)C(=O)O)sc2c2sc(-c3ccc4c(c3)c3c(n4CCCCCC)-c4ccccc4C34c3ccccc3-c3ccccc34)cc21,chromophore,57.626015,31.905167
CCCCCCCCn1c2ccc(-c3ccc(N(c4ccccc4)c4ccccc4)cc3)cc2c(=O)c2cc3c(cc21)c(=O)c1cc(-c2ccc(C=C(C#N)C(=O)O)o2)ccc1n3CCCCCCCC,chromophore,63.99929,26.53415
CCCCCCCCn1c2ccc(/C=C/c3ccc(N(c4ccccc4)c4ccccc4)cc3)cc2c2cc3c(cc21)c1cc(/C=C/c2ccc(N(c4ccccc4)c4ccccc4)cc2)ccc1n3CCCCCCCC,chromophore,35.440598,-6.050707
CCCCCCCCn1c2ccc(C=C3SC(=S)N(CC(=O)O)C3=O)cc2c2cc(-c3ccc(C(C)(C)C)cc3)ccc21,chromophore,25.110626,49.007816
CCCCCCCCn1c2ccc(C=C3SC(=S)N(CC(=O)O)C3=O)cc2c2cc(-c3ccc(OC)cc3)ccc21,chromophore,24.704184,49.05005
CCCCCCCCn1c2ccc(C=Cc3ccc(N(c4ccccc4)c4ccccc4)cc3)cc2c(=O)c2cc3c(cc21)c(=O)c1cc(-c2ccc(C=C(C#N)C(=O)O)o2)ccc1n3CCCCCCCC,chromophore,63.22108,26.497307
CCCCCCCCn1c2ccccc2c2c(-c3ccc(OCC)cc3)c3c(c(-c4ccc(OCC)cc4)c21)c1cc(-c2ccc(/C=C(\C#N)C(=O)O)s2)ccc1n3CCCCCCCC,chromophore,58.452946,33.9721
CCCCCCCCn1c2ccccc2c2c(-c3ccccc3)cc3cc(-c4ccc(-c5ccc(/C=C(/C#N)C(=O)O)s5)s4)sc3c21,chromophore,59.189636,34.112507
CCCCCCCCn1c2ccccc2c2c1c1c3ccccc3n(CCCCCCCC)c1c1c3cc(-c4ccc(-c5ccc(C=C(C#N)C(=O)O)cc5)c5nsnc45)ccc3n(CCCCCCCC)c21,chromophore,58.8741,29.064888
CCCCCCCCn1c2ccccc2c2c1c1c3ccccc3n(CCCCCCCC)c1c1c3cc(C#Cc4ccc(-c5ccc(C(=O)O)cc5)c5nsnc45)ccc3n(CCCCCCCC)c21,chromophore,35.693707,16.481262
CCCCCCCCn1c2ccccc2c2c1c1c3ccccc3n(CCCCCCCC)c1c1c3cc(C#Cc4ccc(-c5ccc(C=C(C#N)C(=O)O)cc5)c5nsnc45)ccc3n(CCCCCCCC)c21,chromophore,58.816307,29.07414
CCCCCCCCn1c2ccccc2c2cc(-c3ccc(/C=C(\C#N)C(=O)O)cc3F)ccc21,chromophore,59.67187,28.454702
CCCCCCCCn1c2ccccc2c2cc(-c3sc(-c4nc(CCCCCC)c(-c5ccc(C=C(C#N)C(=O)O)s5)s4)nc3CCCCCC)ccc21,chromophore,59.64014,34.73562
CCCCCCCCn1c2ccccc2c2cc(C3=C(C)C4=C(CCCCC)c5c(C)c(C=C(C#N)C(=O)O)c(C)n5[B-](F)(F)[N+]4=C3C)ccc21,chromophore,62.75071,29.839478
CCCCCCCCn1c2ccccc2c2cc(N3c4ccccc4Sc4cc(/C=C5\SC(=S)N(CC(=O)O)C5=O)ccc43)ccc21,chromophore,25.697128,48.255306
CCCCCCCCn1c2ccccc2c2cc3c(cc21)c1cc(-c2cc(CCCCCC)c(-c4cc(CCCCCC)c(/C=C(\C#N)C(=O)O)s4)s2)ccc1n3CCCCCCCC,chromophore,60.93702,35.699265
CCCCCCCCn1c2ccccc2c2cc3c(cc21)c1cc(-c2cc(CCCCCC)c(-c4cc(CCCCCC)c(C=C(C#N)C(=O)O)s4)s2)ccc1n3CCCCCCCC,chromophore,60.93702,35.699265
CCCCCCCCn1c2ccccc2c2ccc(/C=C/c3ccc(N(c4ccc(/C=C/c5ccc6c7ccccc7n(CCCCCCCC)c6c5)cc4)c4ccc(/C=C(\C#N)C(=O)O)cc4)cc3)cc21,chromophore,62.04046,26.730062
CCCCCCCCn1c2ccccc2c2ccc(C3=C(C)C4=C(CCCCC)c5c(C)c(C=C(C#N)C(=O)O)c(C)n5[B-](F)(F)[N+]4=C3C)cc21,chromophore,62.764557,29.839054
CCCCCCCCn1nc2c(-c3ccc(/C=C(\C#N)C(=O)O)cc3)c3nc(-c4ccccc4)c(-c4ccccc4)nc3c(-c3ccc(-c4ccc(N(c5ccccc5)c5ccccc5)cc4)s3)c2n1,chromophore,69.685776,27.804033
CCCCCCCCn1nc2c(-c3ccc(/C=C(\C#N)C(=O)O)cc3)c3nc(-c4ccccc4)c(-c4ccccc4)nc3c(-c3ccc(N4c5ccccc5C5C6CCC(C6)C54)cc3)c2n1,chromophore,51.952538,40.987095
CCCCCCCCn1nc2c(-c3ccc(/C=C(\C#N)C(=O)O)s3)c3nc(-c4ccccc4)c(-c4ccccc4)nc3c(-c3ccc(-c4ccc(N(c5ccccc5)c5ccccc5)cc4)s3)c2n1,chromophore,69.68026,27.870043
CCCCCCCCn1nc2c(-c3ccc(N(c4ccccc4)c4ccccc4)cc3)c3nc(-c4ccccc4)c(-c4ccccc4)nc3c(-c3ccc(/C=C(\C#N)C(=O)O)s3)c2n1,chromophore,69.62524,27.77092
CCCCCCCCn1nc2c(-c3ccc(N(c4ccccc4)c4ccccc4)cc3)ccc(-c3ccc(C=C(C#N)C(=O)O)o3)c2n1,chromophore,69.26118,24.073595
CCCCCCCCn1nc2c(-c3ccc(N4c5ccccc5C5C6CCC(C6)C54)cc3)c3nc(-c4ccccc4)c(-c4ccccc4)nc3c(-c3ccc(/C=C(\C#N)C(=O)O)s3)c2n1,chromophore,52.016865,40.977497
CCCCCCCN1C(=CC2=C([O-])C(=Cc3sc4ccccc4[n+]3CCCCCCC)C2=C(C#N)C#N)Sc2ccccc21,chromophore,12.592515,39.11962
CCCCCCCn1/c(=C\C2=C([O-])C(=C/C3=[N+](CCCC)c4ccc(C(=O)O)cc4C3(C)C)/C2=O)c2cccc3cccc1c32,chromophore,12.477693,47.95861
CCCCCCCn1c2ccc(/C=C(\C#N)C(=O)O)cc2c2ccc(/C=C/c3ccc(N(c4ccc(/C=C/c5ccc6c7cc(/C=C(\C#N)C(=O)O)ccc7n(CCCCCCC)c6c5)cc4)c4ccc(/C=C/c5ccc6c7cc(/C=C(\C#N)C(=O)O)ccc7n(CCCCCCC)c6c5)cc4)cc3)cc21,chromophore,61.956944,26.647032
CCCCCCCn1c2ccc(C=C(C#N)C(=O)O)cc2c2ccc(/C=C/c3ccc(N(c4ccccc4)c4ccccc4)cc3)cc21,chromophore,62.1308,26.636005
CCCCCCCn1c2ccc(C=C(C#N)C(=O)O)cc2c2ccc(/C=C\c3ccc(N(c4ccccc4)c4ccc(/C=C/c5ccc6c7cc(C=C(C#N)C(=O)O)ccc7n(CCCCCCC)c6c5)cc4)cc3)cc21,chromophore,62.13088,26.636013
CCCCCCN(CCCCCC)c1cc2c(C#Cc3ccc(/C=C(/C#N)C(=O)O)cc3)c3oc(N(CCCCCC)CCCCCC)cc3c(C#Cc3ccccc3)c2o1,chromophore,62.263275,23.428104
CCCCCCN(CCCCCC)c1ccc(C#Cc2c(F)c(F)c(F)c(F)c2F)cc1,chromophore,23.860056,2.652553
CCCCCCN(CCCCCC)c1ccc(C#Cc2ccc(-c3ccc(C#Cc4ccc(N(CCCCCC)CCCCCC)cc4)cc3)cc2)cc1,chromophore,24.608614,2.410972
CCCCCCN(CCCCCC)c1ccc(C#Cc2ccc(C#Cc3ccc(-c4ccc(C#Cc5ccc(C#Cc6ccc(N(CCCCCC)CCCCCC)cc6)cc5)cc4)cc3)cc2)cc1,chromophore,24.608242,2.41065
CCCCCCN(CCCCCC)c1ccc(C#Cc2ccc(C#N)cc2)cc1,chromophore,24.114616,2.0593753
CCCCCCN(CCCCCC)c1ccc(C#Cc2ccc([N+](=O)[O-])cc2)cc1,chromophore,24.19359,4.2889895
CCCCCCN(CCCCCC)c1ccc(N(c2ccc(-c3cc4c(s3)c3sc(/C=C(\C#N)C(=O)O)cc3n4CCCCCC)cc2)c2ccc3c(c2)C(CCCCCC)(CCCCCC)c2c4c(c5c(c2-3)C(CCCCCC)(CCCCCC)c2ccccc2-5)C(CCCCCC)(CCCCCC)c2ccccc2-4)cc1,chromophore,78.4268,16.391994
CCCCCCN(CCCCCC)c1ccc2cc3cc(C(=O)CC)ccc3cc2c1,chromophore,21.116444,6.92947
CCCCCCN(c1ccc(/C=C(\C#N)c2ccc(-c3ccc(/C=C(/C#N)C(=O)O)cc3)cc2)cc1)c1ccc(/C=C(\C#N)c2ccc(-c3ccc(/C=C(/C#N)C(=O)O)cc3)cc2)cc1,chromophore,63.136154,22.586546
CCCCCCN(c1ccc(/C=N/Nc2ccc(C(=O)O)cc2)cc1)c1ccc(/C=C(\C#N)c2ccc(/C=N/Nc3ccc(C(=O)O)cc3)s2)cc1,chromophore,58.047737,-13.816063
CCCCCCN(c1ccc(C=C2C(=O)NC(=O)NC2=O)cc1)c1ccc(/C=C(\C#N)c2ccc(C=C3C(=O)NC(=O)NC3=O)s2)cc1,chromophore,58.149303,-13.6176195
CCCCCCN(c1ccccc1)c1ccc(/C=C2\SC(=S)N(CC(=O)O)C2=O)cc1,chromophore,25.96213,43.62012
CCCCCCN1B2c3c4c(cc(-c5ccccc5)c5cccc1c54)cc1cc(-c4ccccc4)c4cccc(c4c31)N2CCCCCC,chromophore,23.370312,25.140848
CCCCCCN1C(=CC2=C([O-])C(=CC3=[N+](CCCCCC)c4ccc(-c5cc6c(OCC(CC)CCCC)c7sc(C=C(C#N)C(=O)O)cc7c(OCC(CC)CCCC)c6s5)cc4C3(C)C)C2=O)C(C)(C)c2ccccc21,chromophore,55.042427,44.24099
CCCCCCN1C(=O)C(c2ccc(-n3c4ccccc4c4ccccc43)cc2)=C(c2ccc(-n3c4ccccc4c4ccccc43)cc2)C1=O,chromophore,26.535631,26.281216
CCCCCCN1C(=O)C2=C(c3ccc(N(c4ccc(C(C)(C)C)cc4)c4ccc(C(C)(C)C)cc4)cc3)N(CCCCCC)C(=O)C2=C1c1ccc(-c2ccc(/C=C(\C#N)C(=O)O)s2)cc1,chromophore,67.92592,28.436642
CCCCCCN1C(=O)c2cccc3c(-c4ccc(-c5cc(-c6ccc(C)cc6)n(-c6ccccc6)n5)s4)ccc(c23)C1=O,chromophore,23.777208,28.143393
CCCCCCN1C(=O)c2cccc3c(-c4ccc(-c5cc(-c6ccc(Cl)cc6)n(-c6ccccc6)n5)s4)ccc(c23)C1=O,chromophore,23.812376,28.176899
CCCCCCN1C(=O)c2cccc3c(-c4ccc(-c5cc(-c6cccc7ccccc67)nn5-c5ccccc5)s4)ccc(c23)C1=O,chromophore,23.458979,28.034597
CCCCCCN1C(=O)c2cccc3c(-c4ccc(-c5ccc6c7c(cccc57)C(=O)N(CCCCCC)C6=O)s4)ccc(c23)C1=O,chromophore,22.674957,28.032097
CCCCCCN1C(=O)c2cccc3c(-c4ccc(C=O)c(F)c4F)ccc(c23)C1=O,chromophore,22.243729,27.007874
CCCCCCN1C(=O)c2cccc3c(-c4ccc(OC)s4)ccc(c23)C1=O,chromophore,22.511602,28.308912
CCCCCCN1C(=O)c2cccc3c(Oc4ccc(C=O)cc4)ccc(c23)C1=O,chromophore,21.717215,28.45981
CCCCCCN1C(=O)c2cccc3c(Oc4cccc(Br)c4)ccc(c23)C1=O,chromophore,21.699404,28.45798
CCCCCCN1C(=O)c2cccc3c(Oc4ccccc4)ccc(c23)C1=O,chromophore,21.823402,28.446407
CCCCCCN1C(=O)c2cccc3cc(/N=C\c4ccc(N(c5ccccc5)c5ccccc5)cc4)cc(c23)C1=O,chromophore,23.890486,26.481909
CCCCCCN1C(=O)c2cccc3cc(/N=C\c4ccc(N5CCOCC5)cc4)cc(c23)C1=O,chromophore,23.341146,26.469576
CCCCCCN1C(=O)c2cccc3cc(/N=C\c4cnc5ccccc5c4)cc(c23)C1=O,chromophore,23.418894,26.578756
CCCCCCN1C2CC(/C=C(\C#N)C(=O)O)SC2C2C3NN(CC(CC)CCCC)NC3C3C4SC(c5ccc(N(c6ccccc6)c6ccccc6)cc5)CC4N(CCCCCC)C3C21,chromophore,66.33687,22.767305
CCCCCCN1NC2C(N1)C1C3SC(c4ccc(N(c5ccccc5)c5ccccc5)cc4)CC3N(CC(CC)CCCC)C1C1C2C2SC(/C=C(\C#N)C(=O)O)CC2N1CC(CC)CCCC,chromophore,66.333206,22.765596
CCCCCCN1NC2C(N1)C1C3SC(c4ccc(N(c5ccccc5)c5ccccc5)cc4)CC3N(CCCCCC)C1C1C2C2SC(/C=C(\C#N)C(=O)O)CC2N1CCCCCC,chromophore,65.9413,22.853321
CCCCCCN1c2ccc(-c3ccc(/C=C(\C#N)C(=O)O)cc3)cc2Sc2cc(-c3ccc(OC)cc3)ccc21,chromophore,48.37072,37.512592
CCCCCCN1c2ccc(-c3ccc(/C=C(\C#N)C(=O)O)s3)cc2Sc2cc(-c3ccc4ccc5cccc6ccc3c4c56)ccc21,chromophore,52.332554,34.894638
CCCCCCN1c2ccc(-c3ccc(/C=C(\C#N)C(=O)O)s3)cc2Sc2ccc(-c3ccc(OC)cc3)cc21,chromophore,50.99585,36.730255
CCCCCCN1c2ccc(-c3ccc(/C=C(\C#N)C(=O)O)s3)cc2Sc2ccc(-c3ccc4ccc5cccc6ccc3c4c56)cc21,chromophore,52.30912,34.9108
CCCCCCN1c2ccc(-c3ccc(N(c4ccccc4)c4cccc5ccccc45)cc3)cc2Sc2cc(-c3ccc(/C=C(\C#N)C(=O)O)s3)ccc21,chromophore,51.6425,34.76071
CCCCCCN1c2ccc(/C=C(\C#N)C(=O)O)cc2Sc2cc(-c3cc4c(s3)c3sccc3n4CCCCCC)ccc21,chromophore,49.06291,36.772163
CCCCCCN1c2ccc(/C=C(\C#N)C(=O)O)cc2Sc2cc(-c3ccc(-c4ccc(N(c5ccccc5)c5cccc6ccccc56)cc4)s3)ccc21,chromophore,51.324005,34.680386
CCCCCCN1c2ccc(/C=C(\C#N)C(=O)O)cc2Sc2cc(-c3ccc4c(c3)-c3ccccc3C4(CCCCCC)CCCCCC)ccc21,chromophore,48.689804,35.54178
CCCCCCN1c2ccc(/C=C(\C#N)C(=O)O)cc2Sc2cc(CC=Cc3ccc(N(c4ccc5c(c4)C(C)(C)c4ccccc4-5)c4ccc5c(c4)C(C)(C)c4ccccc4-5)cc3)ccc21,chromophore,49.522938,33.5802
CCCCCCN1c2ccc(/C=C3\SC(=S)N(CC(=O)O)C3=O)cc2Sc2cc(-n3c4ccc(-n5c6ccc(C(C)(C)C)cc6c6cc(C(C)(C)C)ccc65)cc4c4cc(-n5c6ccc(C(C)(C)C)cc6c6cc(C(C)(C)C)ccc65)ccc43)ccc21,chromophore,26.13323,48.788013
CCCCCCN1c2ccc(/C=C\c3ccc4c(c3)Sc3cc(/C=C(\C#N)C(=O)O)ccc3N4CCCCCC)cc2Sc2cc(/C=C/c3ccc(N(c4ccccc4)c4ccccc4)cc3)ccc21,chromophore,49.16899,33.840782
CCCCCCN1c2ccc(C#Cc3ccc(-c4ccc(C#Cc5ccc6c(c5)Sc5cc(/C=C(/C#N)C(=O)O)ccc5N6CCCCCC)cc4)cc3)cc2Sc2cc(/C=C(/C#N)C(=O)O)ccc21,chromophore,48.199787,36.54508
CCCCCCN1c2ccc(C#Cc3ccc4ccc5cccc6ccc3c4c56)cc2Sc2cc(/C=C(\C#N)C(=O)O)ccc21,chromophore,45.891502,35.265045
CCCCCCN1c2ccc(C#Cc3ccc4ccc5cccc6ccc3c4c56)cc2Sc2cc(C=C(C#N)C#N)ccc21,chromophore,56.351055,-6.4006658
CCCCCCN1c2ccc(C=C(C#N)C(=O)O)cc2Sc2cc(N(c3ccc(C(C)(C)c4ccccc4)cc3)c3ccc(C(C)(C)c4ccccc4)cc3)ccc21,chromophore,49.08578,34.04132
CCCCCCN1c2ccc(C=C3SC(=S)N(CC(=O)O)C3=O)cc2Sc2cc(-n3c4ccc(C(C)(C)C)cc4c4cc(C(C)(C)C)ccc43)ccc21,chromophore,26.13098,48.787395
CCCCCCN1c2ccc(C=C3SC(SC)=C(SC)S3)cc2Sc2cc(-c3ccc(/C=C(\C#N)C(=O)O)cc3)ccc21,chromophore,48.49217,36.483307
CCCCCCN1c2ccccc2Oc2cc(/C=C(\C#N)C(=O)O)ccc21,chromophore,47.69738,35.536846
CCCCCCN1c2ccccc2Sc2cc(-c3ccc(/C=C(\C#N)C(=O)O)cc3)ccc21,chromophore,48.61627,36.042583
CCCCCCN1c2ccccc2Sc2cc(-c3ccc(C=C(C#N)C(=O)O)s3)ccc21,chromophore,51.649166,36.47232
CCCCCCN1c2ccccc2Sc2cc(-c3ccc(N(c4ccc(-c5cc6c(s5)-c5sc(/C=C(\C#N)C(=O)O)cc5C6(CCCCCC)CCCCCC)cc4)c4ccc5c(c4)C(CCCCCC)(CCCCCC)c4c6c(c7c(c4-5)C(CCCCCC)(CCCCCC)c4ccccc4-7)C(CCCCCC)(CCCCCC)c4ccccc4-6)cc3)ccc21,chromophore,79.70008,16.113337
CCCCCCN1c2ccccc2Sc2cc(-c3ccc4c(c3)c3nc5cc(-c6ccc(/C=C(\C#N)C(=O)O)s6)ccc5nc3n4CC)ccc21,chromophore,52.082466,36.3481
CCCCCCN1c2ccccc2Sc2cc(C=Cc3ccc(N(c4ccccc4)c4ccc(-c5ccc(C=C(C#N)C(=O)O)s5)cc4)cc3)ccc21,chromophore,50.82454,34.438652
CCCCCCNC(=O)c1sc(-c2ccc(-c3cc(-c4ccc(C(C)(C)C)cc4)c(C(=O)NCCCCCC)s3)s2)cc1-c1ccc(C(C)(C)C)cc1,chromophore,16.488796,9.440892
CCCCCCNc1cccc2[n+]1[B-](F)(F)n1c(c3cccc4cccc1c43)=N2,chromophore,-44.912262,-52.85319
CCCCCCOc1c(OC)cc(/C2=c3\cc/c4[n]3[Zn][n]3c(ccc3/C(c3cc(OC)c(COCCCCC)c(OC)c3)=C3/C=CC(=N3)/C=4C#Cc3ccc(C=C(C(=O)O)C(=O)O)s3)/C(c3ccc4c(c3)C(CCCCCC)(CCCCCC)c3ccccc3-4)=C3/C=CC2=N3)cc1OC,chromophore,14.769431,79.09727
CCCCCCOc1c(OCCCCCC)c(-c2cc(CCCCCC)c(-c3ccc(N(c4ccc(C)cc4)c4ccc(C)cc4)cc3)s2)c2nc3c4ccccc4c4ccccc4c3nc2c1-c1cc(CCCCCC)c(/C=C(\C#N)C(=O)O)s1,chromophore,70.99052,31.233847
CCCCCCOc1c(OCCCCCC)c(-c2cc(CCCCCC)c(-c3ccc(N(c4ccccc4)c4ccccc4)cc3)s2)c2nc3c4ccccc4c4ccccc4c3nc2c1-c1cc(CCCCCC)c(/C=C(\C#N)C(=O)O)s1,chromophore,70.97154,31.150217
CCCCCCOc1c(OCCCCCC)c(-c2ccc(-c3ccc(N(c4ccc(OC)cc4)c4ccc(OC)cc4)cc3)s2)c2nsnc2c1-c1ccc(/C=C(\C#N)C(=O)O)s1,chromophore,81.72956,24.801756
CCCCCCOc1c(OCCCCCC)c(-c2ccc(-c3ccc(N(c4ccccc4)c4ccccc4)cc3)s2)c2nsnc2c1-c1ccc(/C=C(\C#N)C(=O)O)s1,chromophore,71.5204,27.160656
CCCCCCOc1c(OCCCCCC)c(-c2ccc(/C=C(\C#N)C(=O)O)s2)c2nsnc2c1-c1ccc(N(c2ccccc2)c2ccccc2)cc1,chromophore,71.44392,27.103817
CCCCCCOc1c(OCCCCCC)c2cc(-c3cc4c(s3)-c3sc(/C=C(\C#N)C(=O)O)cc3C4(CCCCCC)CCCCCC)sc2c2sc(-c3ccc(N(c4ccccc4)c4ccccc4)cc3)cc12,chromophore,76.45862,30.014786
CCCCCCOc1c(OCCCCCC)c2cc(-c3cc4c5nn([C@@H](CC)CCCCC)nc5c5cc(/C=C(/C#N)C(=O)O)sc5c4s3)sc2c2sc(-c3ccc(N(c4ccccc4)c4ccccc4)cc3)cc12,chromophore,75.670166,31.2689
CCCCCCOc1c2cc(-c3ccc(/C=C(\C#N)C(=O)O)s3)sc2c(OCCCCCC)c2cc(-c3ccc(N(c4ccccc4)c4cccc5ccccc45)cc3)sc12,chromophore,72.18416,27.643126
CCCCCCOc1c2cc(-c3ccc4c(c3)[C@H]3CCC[C@H]3N4c3ccc(C)cc3)sc2c(OCCCCCC)c2cc(-c3ccc(C=C(C#N)C(=O)O)cc3)sc12,chromophore,41.72898,48.539566
CCCCCCOc1c2ccc(N(c3ccc4c(c3)C(CC)(CC)c3ccccc3-4)c3ccc4c(c3)C(CC)(CC)c3ccccc3-4)cc2c(OCCCCCC)c2ccc(-c3ccc(C=C(C#N)C(=O)O)s3)cc12,chromophore,76.665886,14.572862
CCCCCCOc1c2ccc(N(c3ccccc3)c3ccccc3)cc2c(OCCCCCC)c2ccc(-c3ccc(C=C(C#N)C(=O)O)s3)cc12,chromophore,72.23474,27.499023
CCCCCCOc1c2ccccc2c(OCCCCCC)c2cc(N(c3ccccc3)c3ccc4c(c3)Sc3cc(/C=C(/C#N)C(=O)O)ccc3N4CCCCCC)ccc12,chromophore,49.14579,33.926453
CCCCCCOc1cc(-c2ccc3c(c2)N(CCCC)c2cc(/C=C(\C#N)C(=O)O)ccc2S3)ccc1C=C1SC(SCCCCCC)=C(SCCCCCC)S1,chromophore,47.795662,37.156723
CCCCCCOc1cc(-n2cc(-c3ccc(-c4ccc(-c5ccc(N(c6ccccc6)c6ccccc6)cc5)s4)s3)nn2)c(OCCCCCC)cc1C=C(C#N)C(=O)O,chromophore,72.058014,26.958834
CCCCCCOc1cc(-n2cc(-c3ccc(N(c4ccccc4)c4ccc(-c5cn(-c6cc(OCCCCCC)c(/C=C(/C#N)C(=O)O)cc6OCCCCCC)nn5)cc4)cc3)nn2)c(OCCCCCC)cc1/C=C(/C#N)C(=O)O,chromophore,72.15426,25.077345
CCCCCCOc1cc(-n2cc(-c3ccc(N(c4ccccc4)c4ccccc4)cc3)nn2)c(OCCCCCC)cc1/C=C(/C#N)C(=O)O,chromophore,72.154205,25.076471
CCCCCCOc1cc(-n2cc(-c3ccc(N(c4ccccc4)c4ccccc4)cc3)nn2)c(OCCCCCC)cc1C=C(C#N)C(=O)O,chromophore,72.154175,25.077003
CCCCCCOc1cc(/C=C/c2cc(OCCCCCC)c(/C=C/c3cc(OCCCCCC)c(C=C(C#N)C#N)cc3OCCCCCC)cc2OCCCCCC)c(OCCCCCC)cc1C=C(C#N)C#N,chromophore,61.69096,-8.741694
CCCCCCOc1cc(/C=C/c2cc(OCCCCCC)c(/C=C/c3cc(OCCCCCC)c(C=C4C(=C(C#N)C#N)c5ccccc5C4=C(C#N)C#N)cc3OCCCCCC)cc2OCCCCCC)c(OCCCCCC)cc1C=C1C(=C(C#N)C#N)c2ccccc2C1=C(C#N)C#N,chromophore,23.906265,11.277099
CCCCCCOc1cc(/C=C2\C(=O)c3ccccc3C2=C(C#N)C#N)c(OCCCCCC)cc1/C=C1\C(=O)c2ccccc2C1=C(C#N)C#N,chromophore,23.90016,11.222122
CCCCCCOc1cc(C=O)c(OCCCCCC)cc1C=O,chromophore,22.621796,12.857011
CCCCCCOc1cc(OCCCCCC)c2c(c1)C(C)(C)c1cc(N(c3ccc(-c4cc5c(s4)c4sc(C=C(C#N)C(=O)O)cc4n5C(CCCCCC)CCCCCC)cc3)c3ccc4c(c3)C(C)(C)c3cc(OCCCCCC)cc(OCCCCCC)c3-4)ccc1-2,chromophore,79.31542,29.517979
CCCCCCOc1cc(OCCCCCC)c2c(c1)C(C)(C)c1ccc(N(c3ccc(-c4cc5c(s4)-c4sc(/C=C(\C#N)C(=O)O)cc4C5(CCCCCC)CCCCCC)cc3)c3ccc4c(c3)C(C)(C)c3cc(OCCCCCC)cc(OCCCCCC)c3-4)cc1-2,chromophore,79.33848,29.51622
CCCCCCOc1cc(OCCCCCC)cc(-c2ccc(N3c4cc(-c5ccc(C6=C7C(=O)N(CC(CC)CCCC)C(c8ccc(-c9ccc(C=C(C#N)C(=O)O)o9)cc8)=C7C(=O)N6CC(CC)CCCC)s5)ccc4C4CCCC43)cc2)c1,chromophore,43.458935,48.859562
CCCCCCOc1ccc(-c2c3c4cc(-c5ccc(C#Cc6ccc(C(=O)O)cc6)c6nsnc56)ccc4n(CCCCCC)c3c(-c3ccc(OCCCCCC)c(OCCCCCC)c3)c3c4ccccc4n(CCCCCC)c23)cc1OCCCCCC,chromophore,35.724857,16.415827
CCCCCCOc1ccc(-c2c3ccc(-c4ccc(-c5ccc(-c6ccc(N(c7ccc(OCCCCCC)cc7)c7ccc(OCCCCCC)cc7)cc6)s5)s4)cc3c(-c3ccc(OCCCCCC)cc3)c3ccc(C=C(C#N)C(=O)O)cc23)cc1,chromophore,80.280334,25.43491
CCCCCCOc1ccc(-c2c3ccc(-c4ccc(-c5ccc(N(c6ccc(OCCCCCC)cc6)c6ccc(OCCCCCC)cc6)cc5)s4)cc3c(-c3ccc(OCCCCCC)cc3)c3ccc(-c4ccc(/C=C(/C#N)C(=O)O)s4)cc23)cc1,chromophore,79.93698,23.775263
CCCCCCOc1ccc(-c2c3ccc(-c4ccc(-c5ccc(N(c6ccc(OCCCCCC)cc6)c6ccc(OCCCCCC)cc6)cc5)s4)cc3c(-c3ccc(OCCCCCC)cc3)c3ccc(-c4ccc(C=C(C#N)C(=O)O)s4)cc23)cc1,chromophore,79.93698,23.775263
CCCCCCOc1ccc(-c2cc3c(s2)Sc2cc(/C=C(\C#N)C(=O)O)ccc2N3CCCCCC)cc1,chromophore,47.167282,37.9716
CCCCCCOc1ccc(-c2ccc(-c3c(CC(CC)CCCC)c4cc(-c5ccc(OCCCCCC)cc5OCCCCCC)ccn4c3/C=c3\s/c(=C4\SC(=S)N(CCCCCC)C4=O)n(CC(=O)O)c3=O)cc2)c(OCCCCCC)c1,chromophore,26.527802,38.012627
CCCCCCOc1ccc(-c2ccc(C(=Cc3ccc(N4c5ccc(-c6ccc(C7=C8C(=O)N(CC(CC)CCCC)C(c9ccc(-c%10ccc(C=C(C#N)C(=O)O)cc%10)cc9)=C8C(=O)N7CC(CC)CCCC)s6)cc5C5CCCC54)cc3)c3ccc(-c4ccc(OCCCCCC)cc4OCCCCCC)cc3)cc2)c(OCCCCCC)c1,chromophore,43.330948,49.1138
CCCCCCOc1ccc(-c2ccc(N(c3ccc(-c4cc5c(s4)c4sc(C=C(C#N)C(=O)O)cc4n5C(CCCCCC)CCCCCC)cc3)c3ccc(-c4ccc(OCCCCCC)cc4OCCCCCC)cc3)cc2)c(OCCCCCC)c1,chromophore,78.936554,28.942087
CCCCCCOc1ccc(-c2ccc(N(c3ccc(-c4ccc(OCCCCCC)cc4)cc3)c3ccc(-c4ccc(-c5ccc(/C=C(\C#N)C(=O)O)s5)s4)cc3)cc2)cc1,chromophore,80.91866,23.709658
CCCCCCOc1ccc(-c2ccc(N(c3ccc(-c4ccc(OCCCCCC)cc4)cc3)c3ccc(-c4sc(/C=C(\C#N)C(=O)O)c5c4OCCO5)cc3)cc2)cc1,chromophore,76.751015,28.228516
CCCCCCOc1ccc(-c2ccc(N(c3ccc(-c4ccc(OCCCCCC)cc4OCCCCCC)cc3)c3ccc(-c4sc(-c5sc(/C=C(\C#N)C(=O)O)c6c5OCCO6)c5c4OCCO5)cc3)cc2)c(OCCCCCC)c1,chromophore,77.30852,28.78379
CCCCCCOc1ccc(-c2ccc(N(c3ccc(-c4ccc(OCCCCCC)cc4OCCCCCC)cc3)c3ccc(-c4sc(/C=C(\C#N)C(=O)O)c5c4OCCO5)cc3)cc2)c(OCCCCCC)c1,chromophore,77.30823,28.774435
CCCCCCOc1ccc(-c2ccc(N(c3ccc(-c4ccc(OCCCCCC)cc4OCCCCCC)cc3)c3ccc4c(c3)sc3cc(-c5cc6sc(C=C(C#N)C(=O)O)cc6s5)sc34)cc2)c(OCCCCCC)c1,chromophore,78.86412,28.621517
CCCCCCOc1ccc(-c2ccc(N(c3ccc(-c4ccc(OCCCCCC)cc4OCCCCCC)cc3)c3ccc4c(c3)sc3cc(C=C(C#N)C(=O)O)sc34)cc2)c(OCCCCCC)c1,chromophore,78.82277,28.62942
CCCCCCOc1ccc(-c2ccc3c(c2)Sc2cc(/C=C/c4cc[n+](CC(=O)O)cc4)ccc2N3CCCCCC)c(OCCCCCC)c1,chromophore,46.992496,39.855324
CCCCCCOc1ccc(-c2ccc3c(c2)Sc2cc(/C=c4\s/c(=C(\C#N)C(=O)O)nc4-c4ccccc4)ccc2N3CCCCCC)c(OCCCCCC)c1,chromophore,47.06936,39.76919
CCCCCCOc1ccc(-c2ccc3c(c2)c2cc(-c4ccc(OCCCCCC)cc4)ccc2n3-c2ccc(-c3ccc(-c4ccc(C=C(C#N)C(=O)O)s4)s3)cc2)cc1,chromophore,83.15412,21.404255
CCCCCCOc1ccc(-c2ccc3c(c2)c2cc(-c4ccc(OCCCCCC)cc4OCCCCCC)ccc2n3-c2ccc3c(c2)C(C)(C)c2cc(-c4ccc(C=C(C#N)C(=O)O)s4)sc2-3)c(OCCCCCC)c1,chromophore,83.17737,21.279907
CCCCCCOc1ccc(-c2cnc(-c3nnc(-c4ccc(OCCCCCC)cc4)o3)o2)cc1,chromophore,27.291805,12.392187
CCCCCCOc1ccc(-c2nc3c(-c4ccc(C=C(C#N)C(=O)O)s4)ccc(-c4ccc(-c5ccc(N(c6ccccc6)c6ccccc6)cc5)s4)c3nc2-c2ccc(OCCCCCC)c(OCCCCCC)c2)cc1OCCCCCC,chromophore,71.68311,27.177792
CCCCCCOc1ccc(-c2nc3c(-c4ccc(N(c5ccc(OCCCCCC)cc5OCCCCCC)c5ccc(OCCCCCC)cc5OCCCCCC)cc4)ccc(-c4cc5c(s4)C(CCCCCC)(CCCCCC)c4cc(/C=C(\C#N)C(=O)O)sc4-5)c3nc2-c2ccc(OCCCCCC)cc2)cc1,chromophore,80.19006,28.68815
CCCCCCOc1ccc(-c2nc3c4cc(-c5ccc(N(c6ccc(OC)cc6)c6ccc(OC)cc6)cc5)sc4c4sc(-c5ccc(/C=C(\C#N)C(=O)O)o5)cc4c3nc2-c2ccc(OCCCCCC)cc2)cc1,chromophore,76.200165,26.724745
CCCCCCOc1ccc(-c2nc3c4cc(-c5ccc(N(c6ccccc6)c6ccccc6)cc5)sc4c4sc(-c5ccc(/C=C(\C#N)C(=O)O)o5)cc4c3nc2-c2ccc(OCCCCCC)cc2)cc1,chromophore,76.28066,26.729017
CCCCCCOc1ccc(-c2nc3c4cc(/C=C(\C#N)C(=O)O)sc4c4sc(-c5ccc(N(c6ccccc6)c6ccccc6)cc5)cc4c3nc2-c2ccc(OCCCCCC)cc2)cc1,chromophore,76.75048,26.738632
CCCCCCOc1ccc(-n2c3cc(/C=C(\C#N)C(=O)O)sc3c3sc(-c4ccc(C5=C6C(C)=CC(C)=[N+]6[B-](F)(F)n6c(C)cc(C)c65)cc4)cc32)c(OCCCCCC)c1,chromophore,80.87334,34.150963
CCCCCCOc1ccc(-n2c3cc(/C=C(\C#N)C(=O)O)sc3c3sc(C4=C5C(C)=CC(C)=[N+]5[B-](F)(F)n5c(C)cc(C)c54)cc32)c(OCCCCCC)c1,chromophore,80.87361,34.15487
CCCCCCOc1ccc(-n2c3ccsc3c3sc(-c4ccc5c(c4)Sc4cc(/C=C(\C#N)C(=O)O)ccc4N5CCCCCC)cc32)c(OCCCCCC)c1,chromophore,47.188522,37.951305
CCCCCCOc1ccc(-n2c3ccsc3c3sc(/C=C(\C#N)C(=O)O)cc32)c(OCCCCCC)c1,chromophore,77.61739,25.094925
CCCCCCOc1ccc(C#Cc2ccc(-c3ccc(-c4ccc(C#Cc5ccc(OCCCCCC)c(OCCCCCC)c5)s4)c4nsnc34)s2)cc1OCCCCCC,chromophore,30.42927,14.887398
CCCCCCOc1ccc(C#Cc2ccc(C#CC#Cc3ccc(C#Cc4ccc(OCCCCCC)c(OCCCCCC)c4)c4nsnc34)c3nsnc23)cc1OCCCCCC,chromophore,30.344011,15.053755
CCCCCCOc1ccc(C2=C(c3cc(OC)cc(OC)c3)C(c3ccc(OC)cc3)=[N+]3C2=Nc2c(-c4ccc(OCCCCCC)cc4)c(-c4cc(OC)cc(OC)c4)c(-c4ccc(OC)cc4)n2[B-]3(F)F)cc1,chromophore,-29.038769,-66.452576
CCCCCCOc1ccc(C2=c3c(c4ccc(OC)cc4c4c(OC)cc(OC)cc34)=[N+]3C2=Nc2c(-c4ccc(OCCCCCC)cc4)c4c5cc(OC)cc(OC)c5c5cc(OC)ccc5c4n2[B-]3(F)F)cc1,chromophore,-29.000391,-66.46985
CCCCCCOc1ccc(C2CC(c3ccc(-c4ccc(C=C(C#N)C(=O)O)s4)s3)=NN2c2ccc(-c3nc4ccc(C)cc4s3)cc2)cc1,chromophore,83.280106,23.36393
CCCCCCOc1ccc(N(c2ccc(-c3ccc(-c4ccc(/C=C(/C#N)C(=O)O)s4)s3)cc2)c2ccc3c(c2)C(CCCCCC)(CCCCCC)c2cc(N(c4ccc(OCCCCCC)cc4)c4ccc(-c5ccc(-c6ccc(/C=C(/C#N)C(=O)O)s6)s5)cc4)ccc2-3)cc1,chromophore,80.513756,21.521626
CCCCCCOc1ccc(N(c2ccc(-c3ccc(-c4ccc(/C=C(\C#N)C(=O)O)s4)s3)cc2)c2ccc3c(c2)C(CCCCCC)(CCCCCC)c2cc(N(c4ccc(OCCCCCC)cc4)c4ccc(-c5ccc(-c6ccc(/C=C(\C#N)C(=O)O)s6)s5)cc4)ccc2-3)cc1,chromophore,80.51366,21.521479
CCCCCCOc1ccc(N(c2ccc(-c3ccc(-c4ccc(/C=C(\C#N)C(=O)O)s4)s3)cc2)c2cccc(N(c3ccc(OCCCCCC)cc3)c3ccc(-c4ccc(-c5ccc(/C=C(\C#N)C(=O)O)s5)s4)cc3)c2)cc1,chromophore,80.422295,23.499273
CCCCCCOc1ccc(N(c2ccc(-c3ccc4c(c3)C(CCCCCC)(CCCCCC)c3c5c(c6c(c3-4)C(CCCCCC)(CCCCCC)c3ccccc3-6)C(CCCCCC)(CCCCCC)c3ccccc3-5)cc2)c2ccc(-c3cc4c(s3)c3sc(/C=C(\C#N)C(=O)O)cc3n4CCCCCC)cc2)cc1,chromophore,79.00849,17.285635
CCCCCCOc1ccc(N(c2ccc(/C=C/C3C/C(=C(\C#N)C(=O)O)CC(C)(C)C3)cc2)c2ccc(OCCCCCC)cc2)cc1,chromophore,44.088566,6.4304113
CCCCCCOc1ccc(N(c2ccc(/C=C/c3cc(OCCC)c(/C=C(\C#N)C(=O)O)cc3OCCC)cc2)c2ccc(OCCCCCC)cc2)cc1,chromophore,74.03677,22.540424
CCCCCCOc1ccc(N(c2ccc(/C=C/c3cc4c(s3)c3sc(/C=C(\C#N)C(=O)O)cc3n4-c3ccc(OCCCCCC)cc3)cc2)c2ccc(OCCCCCC)cc2)cc1,chromophore,76.792015,25.286764
CCCCCCOc1ccc(N(c2ccc(/C=C/c3cc4c(s3)c3sc(/C=C(\C#N)C(=O)O)cc3n4-c3ccc4c(c3)C(CCC)(CCC)c3c5c(c6c(c3-4)C(CCC)(CCC)c3ccccc3-6)C(CCC)(CCC)c3ccccc3-5)cc2)c2ccc(OCCCCCC)cc2)cc1,chromophore,82.29441,30.69807
CCCCCCOc1ccc(N(c2ccc(/C=C/c3ccc(/C=C(\CC#N)C(=O)O)s3)cc2)c2ccc(OCCCCCC)cc2)cc1,chromophore,44.26502,6.1600356
CCCCCCOc1ccc(N(c2ccc(/C=C/c3ccc(/C=C(\CC#N)C(=O)S)s3)cc2)c2ccc(OCCCCCC)cc2)cc1,chromophore,44.1819,6.1286497
CCCCCCOc1ccc(N(c2ccc(C#Cc3c4ccccc4c(C#CC#Cc4ccc(C(=O)O)cc4)c4ccccc34)cc2)c2ccc(OCCCCCC)cc2)cc1,chromophore,34.51205,12.228441
CCCCCCOc1ccc(N(c2ccc(C#Cc3c4ccccc4c(C#CC#Cc4ccc(C=C(C#N)C(=O)O)cc4)c4ccccc34)cc2)c2ccc(OCCCCCC)cc2)cc1,chromophore,75.38914,22.674374
CCCCCCOc1ccc(N(c2ccc(C#Cc3ccc(C#Cc4ccc(/C=C(\C#N)C(=O)O)s4)cc3)cc2)c2ccc(OCCCCCC)cc2)cc1,chromophore,78.34286,24.16115
CCCCCCOc1ccc(N(c2ccc(C3SC4C(SC5C6SC7C(CCCCCC)C(/C=C(\C#N)C(=O)O)SC7C6N(c6ccc(OCCCCCC)cc6)C45)C3CCCCCC)cc2)c2ccc3c(c2)C(CCCCCC)(CCCCCC)c2c4c(c5c(c2-3)C(CCCCCC)(CCCCCC)c2ccccc2-5)C(CCCCCC)(CCCCCC)c2ccccc2-4)cc1,chromophore,82.397934,30.763414
CCCCCCOc1ccc(N(c2ccc(C=C3C(=O)c4cc(C(=O)O)c(C(=O)O)cc4C3=O)cc2)c2ccc(OCCCCCC)cc2)cc1,chromophore,42.55217,6.808212
CCCCCCOc1ccc(N(c2ccc(C=CC(=C(C#N)C(=O)O)c3cc(OC)ccc3OC)cc2)c2ccc(OCCCCCC)cc2)cc1,chromophore,43.922977,6.8485274
CCCCCCOc1ccc(N(c2ccc(C=CC(=C(C#N)C(=O)O)c3cc(OCCC)ccc3OCCC)cc2)c2ccc(OCCCCCC)cc2)cc1,chromophore,43.813324,6.7227807
CCCCCCOc1ccc(N(c2ccc(C=CC(=C(C#N)C(=O)O)c3cc(OCCCCCC)ccc3OCCCCCC)cc2)c2ccc(OCCCCCC)cc2)cc1,chromophore,43.81039,6.72125
CCCCCCOc1ccc(N(c2ccc(OCCCCCC)cc2)c2cc(OCCCCCC)c(C#Cc3c(CCCCCC)cc(-c4ccc(C(=O)O)cc4)c4nsnc34)cc2OCCCCCC)cc1,chromophore,36.940685,12.539327
CCCCCCOc1ccc(N(c2ccc(OCCCCCC)cc2)c2cc(OCCCCCC)c(C#Cc3c(CCCCCC)cc(C#Cc4c(C)cc(C(=O)O)cc4C)c4nsnc34)cc2OCCCCCC)cc1,chromophore,36.531742,12.534982
CCCCCCOc1ccc(N(c2ccc(OCCCCCC)cc2)c2cc(OCCCCCC)c(C#Cc3c(CCCCCC)cc(C#Cc4ccc(C(=O)O)c(C#N)c4)c4nsnc34)cc2OCCCCCC)cc1,chromophore,36.36716,12.509194
CCCCCCOc1ccc(N(c2ccc(OCCCCCC)cc2)c2cc(OCCCCCC)c(C#Cc3c(CCCCCC)cc(C#Cc4ccc(C(=O)O)cc4)c4nsnc34)cc2OCCCCCC)cc1,chromophore,36.457695,12.60892
CCCCCCOc1ccc(N(c2ccc(OCCCCCC)cc2)c2cc(OCCCCCC)c(C#Cc3c(CCCCCC)cc(C#Cc4ccc(C(=O)O)cc4C)c4nsnc34)cc2OCCCCCC)cc1,chromophore,36.53504,12.565926
CCCCCCOc1ccc(N(c2ccc(OCCCCCC)cc2)c2cc3c(s2)-c2ccc(-c4ncc(/C=C(\C#N)C(=O)O)cn4)cc2C3(c2ccc(C)cc2)c2ccc(C)cc2)cc1,chromophore,79.83724,28.15837
CCCCCCOc1ccc(N(c2ccc(OCCCCCC)cc2)c2cc3c4cc(-c5cc6c(s5)c5sc(C=C(C#N)C(=O)O)cc5n6-c5cccc(OCCCCCC)c5)ccc4n(CCCCCC)c3cc2OCCCCCC)cc1,chromophore,78.407,25.97
CCCCCCOc1ccc(N(c2ccc(OCCCCCC)cc2)c2ccc(-c3c4ccccc4c(-c4ccc(/C=C(\C#N)C(=O)O)s4)c4nn(CCCCCC)nc34)cc2)cc1,chromophore,78.32289,22.816093
CCCCCCOc1ccc(N(c2ccc(OCCCCCC)cc2)c2ccc(-c3c4ccccc4c(-c4ccc(C=C(C#N)C(=O)O)cc4)c4nn(CCCCCC)nc34)cc2)cc1,chromophore,75.54492,23.022543
CCCCCCOc1ccc(N(c2ccc(OCCCCCC)cc2)c2ccc(-c3c4ccccc4c(-c4ccc(C=C(C#N)C(=O)O)s4)c4nn(CCCCCC)nc34)cc2)cc1,chromophore,78.323,22.816217
CCCCCCOc1ccc(N(c2ccc(OCCCCCC)cc2)c2ccc(-c3c4ccccc4c(-c4ccc(C=C(C#N)C(=O)O)s4)c4nsnc34)cc2)cc1,chromophore,78.31973,22.810783
CCCCCCOc1ccc(N(c2ccc(OCCCCCC)cc2)c2ccc(-c3c4ccccc4c(C#CC#Cc4ccc(C(=O)O)cc4)c4ccccc34)cc2)cc1,chromophore,34.514095,11.863116
CCCCCCOc1ccc(N(c2ccc(OCCCCCC)cc2)c2ccc(-c3c4ccccc4c(C#CC#Cc4ccc(C=C(C#N)C(=O)O)cc4)c4ccccc34)cc2)cc1,chromophore,75.47432,22.83078
CCCCCCOc1ccc(N(c2ccc(OCCCCCC)cc2)c2ccc(-c3cc(-c4cc(-c5ccc(N(c6ccc(OCCCCCC)cc6)c6ccc(OCCCCCC)cc6)cc5)sc4-c4ccc(/C=C(/C#N)C(=O)O)s4)c(-c4ccc(/C=C(/C#N)C(=O)O)s4)s3)cc2)cc1,chromophore,80.09297,24.583286
CCCCCCOc1ccc(N(c2ccc(OCCCCCC)cc2)c2ccc(-c3cc(-c4cc(-c5ccc(N(c6ccc(OCCCCCC)cc6)c6ccc(OCCCCCC)cc6)cc5)sc4-c4ccc(/C=C(\C#N)C(=O)O)s4)c(-c4ccc(/C=C(\C#N)C(=O)O)s4)s3)cc2)cc1,chromophore,80.09298,24.583273
CCCCCCOc1ccc(N(c2ccc(OCCCCCC)cc2)c2ccc(-c3cc(CCCCCC)c(-c4cc5c(s4)c4sc(-c6cc(CCCCCC)c(/C=C(/C#N)C(=O)O)s6)cc4n5-c4ccc(OCCCCCC)cc4)s3)cc2)cc1,chromophore,77.94512,27.321913
CCCCCCOc1ccc(N(c2ccc(OCCCCCC)cc2)c2ccc(-c3cc4c(s3)-c3sc(-c5ccc6cc(/C=C(/C#N)C(=O)O)c(Cl)nc6c5)cc3C4(CCCCCC)CCCCCC)cc2)cc1,chromophore,79.203545,27.59324
CCCCCCOc1ccc(N(c2ccc(OCCCCCC)cc2)c2ccc(-c3cc4c(s3)-c3sc(-c5ccc6cc(C(=O)O)c(=O)[nH]c6c5)cc3C4(CCCCCC)CCCCCC)cc2)cc1,chromophore,39.42609,8.450202
CCCCCCOc1ccc(N(c2ccc(OCCCCCC)cc2)c2ccc(-c3cc4c(s3)-c3sc(-c5ccc6cc(C(=O)O)c(Cl)nc6c5)cc3C4(CCCCCC)CCCCCC)cc2)cc1,chromophore,39.248444,8.627547
CCCCCCOc1ccc(N(c2ccc(OCCCCCC)cc2)c2ccc(-c3cc4c(s3)-c3sc(-c5ccc6cc(C=O)c(=O)[nH]c6c5)cc3C4(CCCCCC)CCCCCC)cc2)cc1,chromophore,39.500988,8.2139635
CCCCCCOc1ccc(N(c2ccc(OCCCCCC)cc2)c2ccc(-c3c[c]4c(s3)-c3sc(-c5cnc(-c6ccc(-c7ccncc7)cc6)c6nsnc56)c[c]3[Ge]4([CH2]C(CC)CCCC)[CH2]C(CC)CCCC)cc2)cc1,chromophore,36.90459,9.664989
CCCCCCOc1ccc(N(c2ccc(OCCCCCC)cc2)c2ccc(-c3c[c]4c(s3)-c3sc(/C=C(\C#N)C(=O)O)c[c]3[Ge]4([CH2]C(CC)CCCC)[CH2]C(CC)CCCC)cc2)cc1,chromophore,77.87608,31.600407
CCCCCCOc1ccc(N(c2ccc(OCCCCCC)cc2)c2ccc(-c3cc4c(s3)-c3sc(C=C(C#N)C(=O)O)cc3C4(CCCCCC)CCCCCC)cc2)cc1,chromophore,79.009186,27.711166
CCCCCCOc1ccc(N(c2ccc(OCCCCCC)cc2)c2ccc(-c3cc4c(s3)C(C)=C(c3sc(/C=C(/C#N)C(=O)O)c5c3OCCO5)S4(=O)=O)cc2)cc1,chromophore,76.91336,28.217289
CCCCCCOc1ccc(N(c2ccc(OCCCCCC)cc2)c2ccc(-c3cc4c(s3)c(OCCCCCC)c(OCCCCCC)c3sc(/C=C(\C#N)C(=O)O)cc34)cc2)cc1,chromophore,78.589806,26.720839
CCCCCCOc1ccc(N(c2ccc(OCCCCCC)cc2)c2ccc(-c3cc4c(s3)c(OCCCCCC)c(OCCCCCC)c3sc(/C=C(\C#N)C(=O)O)cc34)s2)cc1,chromophore,78.49906,24.961203
CCCCCCOc1ccc(N(c2ccc(OCCCCCC)cc2)c2ccc(-c3cc4c(s3)c3c5nsnc5c5c6sc(C#Cc7ccc(-c8ccc(C(=O)O)cc8)c8nsnc78)cc6n(CC(CC)CCCC)c5c3n4CC(CC)CCCC)cc2)cc1,chromophore,36.691956,13.71712
CCCCCCOc1ccc(N(c2ccc(OCCCCCC)cc2)c2ccc(-c3cc4c(s3)c3sc(/C=C(/C#N)C(=O)O)cc3n4CCCCCC)cc2)cc1,chromophore,78.61739,26.028273
CCCCCCOc1ccc(N(c2ccc(OCCCCCC)cc2)c2ccc(-c3cc4c(s3)c3sc(C=C(C#N)C(=O)O)cc3n4CCCCCC)c3nsnc23)cc1,chromophore,80.85295,27.207237
CCCCCCOc1ccc(N(c2ccc(OCCCCCC)cc2)c2ccc(-c3cc4c(s3)c3sc(C=C(C#N)C(=O)O)cc3n4CCCCCC)cc2)cc1,chromophore,78.61739,26.028273
CCCCCCOc1ccc(N(c2ccc(OCCCCCC)cc2)c2ccc(-c3cc4c(s3)c3sc5c(CCCCCC)c(/C=C(\C#N)C(=O)O)sc5c3n4-c3ccc(OCCCCCC)cc3)cc2)cc1,chromophore,78.0348,27.201658
CCCCCCOc1ccc(N(c2ccc(OCCCCCC)cc2)c2ccc(-c3cc4c(s3)c3sc5c6sc(C=C(C#N)C(=O)O)cc6n(-c6ccc(CCCCCC)cc6)c5c3n4-c3ccc(CCCCCC)cc3)cc2)cc1,chromophore,78.030685,27.216953
CCCCCCOc1ccc(N(c2ccc(OCCCCCC)cc2)c2ccc(-c3cc4c(s3)c3sc5c6sc(C=C(C#N)C(=O)O)cc6n(CCCCCC)c5c3n4CCCCCC)cc2)cc1,chromophore,78.61992,26.047781
CCCCCCOc1ccc(N(c2ccc(OCCCCCC)cc2)c2ccc(-c3cc4c(s3)c3scc(C=C(C#N)C(=O)O)c3n4CCCCCC)cc2)cc1,chromophore,78.59739,26.039902
CCCCCCOc1ccc(N(c2ccc(OCCCCCC)cc2)c2ccc(-c3ccc(-c4cc(-c5ccc(/C=C(/C#N)C(=O)O)cc5)c(-c5ccc(C=C(C#N)C(=O)O)cc5)s4)s3)cc2)cc1,chromophore,80.55394,25.798872
CCCCCCOc1ccc(N(c2ccc(OCCCCCC)cc2)c2ccc(-c3ccc(-c4cc(-c5nc6cccc(-c7ccc(-c8ccc(N(c9ccc(OCCCCCC)cc9)c9ccc(OCCCCCC)cc9)cc8)s7)c6nc5-c5ccc(/C=C(\C#N)C(=O)O)s5)cs4)s3)cc2)cc1,chromophore,82.608406,24.811386
CCCCCCOc1ccc(N(c2ccc(OCCCCCC)cc2)c2ccc(-c3ccc(-c4cc(CCCCCC)c(-c5ccc(/C=C(\C#N)C(=O)O)s5)s4)c4nsnc34)cc2)cc1,chromophore,81.82094,27.663733
CCCCCCOc1ccc(N(c2ccc(OCCCCCC)cc2)c2ccc(-c3ccc(-c4cc5c(s4)-c4sc(-c6ccc(C=C(C#N)C(=O)O)s6)cc4C5(CCCCCC)CCCCCC)s3)cc2)cc1,chromophore,80.62486,22.526028
CCCCCCOc1ccc(N(c2ccc(OCCCCCC)cc2)c2ccc(-c3ccc(-c4cc5c(s4)/C(=C/c4ccc(-c6ccc(/C=C(\C#N)C(=O)O)s6)s4)c4ccccc4-5)s3)cc2)cc1,chromophore,80.2007,23.056278
CCCCCCOc1ccc(N(c2ccc(OCCCCCC)cc2)c2ccc(-c3ccc(-c4cc5sc(-c6ccc(C=C(C#N)C(=O)O)s6)cc5s4)s3)cc2)cc1,chromophore,80.47218,23.854294
CCCCCCOc1ccc(N(c2ccc(OCCCCCC)cc2)c2ccc(-c3ccc(-c4ccc(-c5c(C)cc(/C=C/C(=O)O)cc5C)c5nsnc45)s3)cc2)cc1,chromophore,38.05488,10.554119
CCCCCCOc1ccc(N(c2ccc(OCCCCCC)cc2)c2ccc(-c3ccc(-c4ccc(-c5cc(CCCCCC)c(/C=C(\C#N)C(=O)O)s5)c5nsnc45)s3)cc2)cc1,chromophore,81.83499,27.388714
CCCCCCOc1ccc(N(c2ccc(OCCCCCC)cc2)c2ccc(-c3ccc(-c4ccc(-c5cc(CCCCCC)c(/C=C/C(=O)O)s5)c5nsnc45)s3)cc2)cc1,chromophore,38.00454,10.664616
CCCCCCOc1ccc(N(c2ccc(OCCCCCC)cc2)c2ccc(-c3ccc(-c4ccc(-c5ccc(-c6ccc(N(c7ccc(OCCCCCC)cc7)c7ccc(OCCCCCC)cc7)cc6)s5)c5nc(-c6ccc(/C=C(\C#N)C(=O)O)s6)c(-c6cccs6)nc45)s3)cc2)cc1,chromophore,82.53732,25.011862
CCCCCCOc1ccc(N(c2ccc(OCCCCCC)cc2)c2ccc(-c3ccc(-c4ccc(-c5ccc(-c6ccc(N(c7ccc(OCCCCCC)cc7)c7ccc(OCCCCCC)cc7)cc6)s5)c5nc(C(=O)O)c(C(=O)O)nc45)s3)cc2)cc1,chromophore,37.792896,10.327013
CCCCCCOc1ccc(N(c2ccc(OCCCCCC)cc2)c2ccc(-c3ccc(-c4ccc(-c5ccc(/C=C(\C#N)C(=O)O)s5)s4)s3)cc2)cc1,chromophore,80.91771,23.75906
CCCCCCOc1ccc(N(c2ccc(OCCCCCC)cc2)c2ccc(-c3ccc(-c4ccc(-c5ccc(C(=O)O)s5)c5nsnc45)s3)cc2)cc1,chromophore,37.891148,10.589926
CCCCCCOc1ccc(N(c2ccc(OCCCCCC)cc2)c2ccc(-c3ccc(-c4ccc(-c5ccc(C(C#N)=CC(=O)O)cc5)c5nsnc45)s3)cc2)cc1,chromophore,39.123505,11.358258
CCCCCCOc1ccc(N(c2ccc(OCCCCCC)cc2)c2ccc(-c3ccc(-c4ccc(-c5ccc(C=C(C#N)C(=O)O)s5)c5nsnc45)s3)cc2)cc1,chromophore,82.17449,25.600931
CCCCCCOc1ccc(N(c2ccc(OCCCCCC)cc2)c2ccc(-c3ccc(-c4ccc(-c5ccc(CC(=O)O)cc5)c5nsnc45)s3)cc2)cc1,chromophore,37.913826,10.6717205
CCCCCCOc1ccc(N(c2ccc(OCCCCCC)cc2)c2ccc(-c3ccc(-c4ccc(-c5sc(C=C(C#N)C(=O)O)cc5C5CCCCC5)c5nsnc45)s3)cc2)cc1,chromophore,82.08867,26.983257
CCCCCCOc1ccc(N(c2ccc(OCCCCCC)cc2)c2ccc(-c3ccc(-c4ccc(-c5sc(C=C(C#N)C(=O)O)cc5CCCCCC)c5nsnc45)s3)cc2)cc1,chromophore,81.80882,27.407263
CCCCCCOc1ccc(N(c2ccc(OCCCCCC)cc2)c2ccc(-c3ccc(-c4ccc(/C=C(\C#N)c5ccc(-c6ccc(C(=O)O)cc6)cc5)s4)c4nsnc34)cc2)cc1,chromophore,39.39736,11.485236
CCCCCCOc1ccc(N(c2ccc(OCCCCCC)cc2)c2ccc(-c3ccc(-c4ccc(C=C(C#N)C(=O)O)[se]4)[se]3)cc2)cc1,chromophore,75.18066,24.24051
CCCCCCOc1ccc(N(c2ccc(OCCCCCC)cc2)c2ccc(-c3ccc(-c4ccc(C=C(C#N)C(=O)O)o4)o3)cc2)cc1,chromophore,75.06502,24.77506
CCCCCCOc1ccc(N(c2ccc(OCCCCCC)cc2)c2ccc(-c3ccc(-c4ccc(N(c5ccc(OCCCCCC)cc5)c5ccc(OCCCCCC)cc5)cc4)c4nc5c6ccc(C(=O)O)nc6c6nc(C(=O)O)ccc6c5nc34)cc2)cc1,chromophore,35.32989,11.045928
CCCCCCOc1ccc(N(c2ccc(OCCCCCC)cc2)c2ccc(-c3ccc(-c4ccc5c(c4)C(CCCCCC)(CCCCCC)c4cc(-c6ccc(C=C(C#N)C(=O)O)s6)ccc4-5)s3)cc2)cc1,chromophore,80.50979,21.49308
CCCCCCOc1ccc(N(c2ccc(OCCCCCC)cc2)c2ccc(-c3ccc(-c4nc(-c5ccc(-c6ccc(/C=C(/C#N)C(=O)O)s6)cc5)c(-c5ccc(-c6ccc(/C=C(/C#N)C(=O)O)s6)cc5)n4CCCCCC)s3)cc2)cc1,chromophore,82.30865,24.003181
CCCCCCOc1ccc(N(c2ccc(OCCCCCC)cc2)c2ccc(-c3ccc(-c4nc(-c5ccc(-c6ccc(/C=C(\C#N)C(=O)O)s6)cc5)c(-c5ccc(-c6ccc(/C=C(\C#N)C(=O)O)s6)cc5)n4CCCCCC)s3)cc2)cc1,chromophore,82.30865,24.003181
CCCCCCOc1ccc(N(c2ccc(OCCCCCC)cc2)c2ccc(-c3ccc(-c4nc5c(-c6ccc(C=C(C#N)C(=O)O)s6)ccc(-c6ccc(C=C(C#N)C(=O)O)s6)c5n4CCCCCC)s3)cc2)cc1,chromophore,82.42667,24.64159
CCCCCCOc1ccc(N(c2ccc(OCCCCCC)cc2)c2ccc(-c3ccc(-c4nc5c6cc(-c7ccc(/C=C(\C#N)C(=O)O)s7)sc6c6sc(-c7ccc(/C=C(\C#N)C(=O)O)s7)cc6c5n4CCCCCC)s3)cc2)cc1,chromophore,82.32084,23.982183
CCCCCCOc1ccc(N(c2ccc(OCCCCCC)cc2)c2ccc(-c3ccc(-c4ncc(-c5ccc(-c6ccc(/C=C(\C#N)C(=O)O)cc6)s5)c5nsnc45)s3)cc2)cc1,chromophore,81.41747,26.108017
CCCCCCOc1ccc(N(c2ccc(OCCCCCC)cc2)c2ccc(-c3ccc(-c4ncc(-c5ccc(C=C(C#N)C(=O)O)s5)c5c4nc(CCC)n5C)s3)cc2)cc1,chromophore,82.32511,24.626902
CCCCCCOc1ccc(N(c2ccc(OCCCCCC)cc2)c2ccc(-c3ccc(/C=C(\C#N)C(=O)O)cc3)cc2)cc1,chromophore,75.281235,23.872492
CCCCCCOc1ccc(N(c2ccc(OCCCCCC)cc2)c2ccc(-c3ccc(/C=C/c4ccc(/C=C(\C#N)C(=O)O)n4CCCCCC)s3)cc2)cc1,chromophore,80.78808,24.29722
CCCCCCOc1ccc(N(c2ccc(OCCCCCC)cc2)c2ccc(-c3ccc(/C=C/c4ccc(/C=C(\C#N)C(=O)O)s4)s3)cc2)cc1,chromophore,80.809685,23.873104
CCCCCCOc1ccc(N(c2ccc(OCCCCCC)cc2)c2ccc(-c3ccc(C4=C5C(=O)N(CC(CC)CCCC)C(c6ccc(-c7ccc(C=C(C#N)C(=O)O)o7)cc6)=C5C(=O)N4CC(CC)CCCC)s3)cc2)cc1,chromophore,77.268585,33.045307
CCCCCCOc1ccc(N(c2ccc(OCCCCCC)cc2)c2ccc(-c3ccc(C=C(C#N)C(=O)O)[se]3)cc2)cc1,chromophore,75.18116,24.239166
CCCCCCOc1ccc(N(c2ccc(OCCCCCC)cc2)c2ccc(-c3ccc(C=C(C#N)C(=O)O)s3)cc2)cc1,chromophore,80.79745,23.89499
CCCCCCOc1ccc(N(c2ccc(OCCCCCC)cc2)c2ccc(-c3ccc(C=Cc4cc(CCCCCC)c(C=C(C#N)C(=O)O)s4)o3)cc2)cc1,chromophore,76.39679,27.428665
CCCCCCOc1ccc(N(c2ccc(OCCCCCC)cc2)c2ccc(-c3ccc4c(=O)n5c6ccc(C(=O)O)cc6nc5c5cccc3c45)cc2)cc1,chromophore,35.251606,11.358224
CCCCCCOc1ccc(N(c2ccc(OCCCCCC)cc2)c2ccc(-c3ccc4c5sc6c7sc(C=C(C#N)C(=O)O)cc7n(CCCCCC)c6c5n(CCCCCC)c4c3)cc2)cc1,chromophore,78.39332,25.899017
CCCCCCOc1ccc(N(c2ccc(OCCCCCC)cc2)c2ccc(-c3ncc(-c4ccc(C=C(C#N)C(=O)O)cc4)c4nsnc34)cc2)cc1,chromophore,76.070206,24.308903
CCCCCCOc1ccc(N(c2ccc(OCCCCCC)cc2)c2ccc(-c3sc(-c4cc5c6nc(CCCCC)c(CCCCC)nc6c6cc(/C=C(\C#N)C(=O)O)sc6c5s4)c4c3OCCO4)cc2)cc1,chromophore,76.85975,27.916054
CCCCCCOc1ccc(N(c2ccc(OCCCCCC)cc2)c2ccc(-c3sc(-c4ccc(-c5cc(CCCCCC)c(-c6ccc(/C=C(\C#N)C(=O)O)s6)s5)c5nsnc45)cc3CCCCCC)cc2)cc1,chromophore,81.804375,27.62961
CCCCCCOc1ccc(N(c2ccc(OCCCCCC)cc2)c2ccc(-c3sc(-c4ccc(N(c5ccc(OCCCCCC)cc5)c5ccc(OCCCCCC)cc5)cc4)c4nc(CC)c(CC)nc34)cc2)cc1,chromophore,35.551613,7.960838
CCCCCCOc1ccc(N(c2ccc(OCCCCCC)cc2)c2ccc(-c3sc(C4=C([O-])C(=CC5=[N+](CCCC)c6ccc(C(=O)O)cc6C5(C)C)C4=O)c4c3OCCO4)cc2)cc1,chromophore,40.34245,9.749246
CCCCCCOc1ccc(N(c2ccc(OCCCCCC)cc2)c2ccc(-n3c4cc(/C=C(\C#N)C(=O)O)sc4c4sc(-c5ccc6c(c5)C5CCCC5N6c5ccc6c(c5)C(CCC)(CCC)c5c7c(c8c(c5-6)C(CCC)(CCC)c5ccccc5-8)C(CCC)(CCC)c5ccccc5-7)cc43)cc2)cc1,chromophore,82.908325,31.076384
CCCCCCOc1ccc(N(c2ccc(OCCCCCC)cc2)c2ccc(C3=C4C(=O)N(CCCCCC)C(c5ccc(-c6ccc(/C=C(\C#N)C(=O)O)cc6)cc5)=C4C(=O)N3CCCCCC)cc2)cc1,chromophore,75.22898,23.699392
CCCCCCOc1ccc(N(c2ccc(OCCCCCC)cc2)c2ccc(C3SC4C(SC5C6SC7C(CCCCCC)C(/C=C(\C#N)C(=O)O)SC7C6N(c6ccc7c(c6)C(CCCCCC)(CCCCCC)c6c8c(c9c(c6-7)C(CCCCCC)(CCCCCC)c6ccccc6-9)C(CCCCCC)(CCCCCC)c6ccccc6-8)C45)C3CCCCCC)cc2)cc1,chromophore,82.401596,30.765308
CCCCCCOc1ccc(N2c3ccc(-c4cc5sc(/C=C(\C#N)C(=O)O)c(CCC)c5s4)cc3[C@@H]3CCC[C@@H]32)cc1,chromophore,41.8805,48.285477
CCCCCCOc1ccc(N2c3ccc(/C=C(\C#N)C(=O)O)cc3Sc3cc(-c4ccc(-c5cccs5)s4)ccc32)cc1,chromophore,46.40887,38.504276
CCCCCCOc1ccc(N2c3ccc(/C=C(\C#N)C(=O)O)cc3Sc3cc(-c4ccc(N(c5ccccc5)c5ccccc5)cc4)ccc32)cc1,chromophore,45.775143,38.711258
CCCCCCOc1ccc(N2c3ccccc3Oc3cc(/C=C(\C#N)C(=O)O)ccc32)cc1,chromophore,45.689007,38.515427
CCCCCCOc1ccc(N2c3ccccc3Sc3cc(-c4ccc(-c5ccc(/C=C(\C#N)C(=O)O)s5)c5nc(-c6ccc7c(c6)C(CCCCCC)(CCCCCC)c6cc(N(c8ccccc8)c8ccccc8)ccc6-7)c(-c6ccc7c(c6)C(CCCCCC)(CCCCCC)c6cc(N(c8ccccc8)c8ccccc8)ccc6-7)nc45)ccc32)cc1,chromophore,45.71443,40.98742
CCCCCCOc1ccc(N2c3ccccc3Sc3cc(-c4ccc(-c5ccc(/C=C(\C#N)C(=O)O)s5)c5nc(-c6ccccc6)c(-c6ccccc6)nc45)ccc32)cc1,chromophore,45.832897,40.819855
CCCCCCOc1ccc(N2c3ccccc3Sc3cc(-c4ccc5c(c4)Sc4cc(-c6ccc7c(c6)Sc6cc(/C=C(\C#N)C(=O)O)ccc6N7c6ccc(OCCCCCC)cc6)ccc4N5c4ccc(OCCCCCC)cc4)ccc32)cc1,chromophore,45.995937,38.569916
CCCCCCOc1ccc(N2c3ccccc3Sc3cc(-c4ccc5c(c4)Sc4cc(/C=C(\C#N)C(=O)O)ccc4N5c4ccc(OCCCCCC)cc4)ccc32)cc1,chromophore,45.99568,38.5699
CCCCCCSC1=C(SCCCCCC)SC(=C2Cc3cc4nc(C#Cc5ccc(C(=O)O)cc5)c(C#Cc5ccc(C(=O)O)cc5)nc4cc3C2)S1,chromophore,11.797261,24.021286
CCCCCCSC1=C(SCCCCCC)SC(=Cc2ccc(-c3ccc(-c4ccncc4)s3)cc2)S1,chromophore,31.529604,7.461633
CCCCCCSC1=C(SCCCCCC)SC(=Cc2ccc(-c3ccc(C4=C5C(=O)N(CC(CC)CCCC)C(c6ccc(-c7ccc(C=C(C#N)C#N)s7)s6)=C5C(=O)N4CC(CC)CCCC)s3)s2)S1,chromophore,66.81684,-12.337315
CCCCCCSC1=C(SCCCCCC)SC(=Cc2ccc(-c3ccc4c(c3)N(CCCC)c3cc(/C=C(\C#N)C(=O)O)ccc3S4)cc2)S1,chromophore,48.49259,36.50742
CCCCCCSC1=C(SCCCCCC)SC(=Cc2ccc3c(c2)N(CCCCCC)c2ccc(/C=C(\C#N)C(=O)O)cc2S3)S1,chromophore,48.094006,36.05497
CCCCCCSC1=C(SCCCCCC)SC(=c2c3ccccc3c(=C3SC(SCCCCCC)=C(SCCCCCC)S3)c3cc(C#Cc4ccc(/C=C(\C#N)C(=O)O)cc4)ccc23)S1,chromophore,62.171043,23.545845
CCCCCCSC1=C(SCCCCCC)SC(C2c3ccccc3C(C3SC(SCCCCCC)=C(SCCCCCC)S3)c3cc(-c4ccc(/C=C5/SC(=S)N(CC(=O)O)C5=O)s4)ccc32)S1,chromophore,27.594242,42.60109
CCCCCC[C@H](CCCC)Cc1cc(/C=C(\C#N)C(=O)O)sc1-c1cc2c3nonc3c3cc(-c4sc(-c5ccc6c(c5)C(CC)(CC)c5cc(N(c7ccccc7)c7ccccc7)ccc5-6)cc4C[C@@H](CCCC)CCCCCC)sc3c2s1,chromophore,70.4239,34.740562
CCCCCC[N+]1=C(/C=C/c2cc3c4c(c2)C(C)(C)c2cccc5c2N4c2c(cccc2C3(C)C)C5(C)C)C(C)(C)c2cc(C(=O)O)ccc21,chromophore,11.422826,47.149784
CCCCCC[N+]1=C(C=C2C(=O)C(c3ccc(N(c4ccc5c(c4)C(CCCCCC)(CCCCCC)c4ccccc4-5)c4ccc5c(c4)C(CCCCCC)(CCCCCC)c4ccccc4-5)cc3)=C2[O-])c2ccc(C(=O)O)c3cccc1c23,chromophore,29.047039,-5.4570317
CCCCCCc1c(-c2ccc(OC)cc2)c(-c2ccc(/C=C(\C#N)C(=O)O)s2)n2ccccc12,chromophore,60.752113,31.743143
CCCCCCc1c(-c2sc(-c3ccc(N(c4ccc5c(c4)C(C)(C)c4ccccc4-5)c4ccc5c(c4)C(C)(C)c4ccccc4-5)cc3)c3c2OCCO3)sc2cc(/C=C(\C#N)C(=O)O)sc12,chromophore,69.6091,34.438198
CCCCCCc1c(C=C2C=C(C(C)(C)C)OC(C(C)(C)C)=C2)sc(C=C(C#N)C(=O)O)c1CCCCCC,chromophore,64.32565,33.35466
CCCCCCc1c(C=Cc2ccc(N(c3ccccc3)c3ccccc3)cc2)sc(/C=C/c2sc(/C=C/c3sc(/C=C/c4sc(/C=C(\C#N)C(=O)O)c(CCCCCC)c4CCCCCC)c(CCCCCC)c3CCCCCC)c(CCCCCC)c2CCCCCC)c1CCCCCC,chromophore,64.658806,23.349546
CCCCCCc1cc(-c2cc(CCCCCC)c(-c3ccc(N(c4ccccc4)c4ccccc4)cc3)s2)sc1/C=C(\C#N)C(=O)O,chromophore,69.305534,31.91681
CCCCCCc1cc(-c2cc3c(-c4ccc(CC(CC)CCCC)s4)c4sc(-c5cc(CCCCCC)c(-c6cc(CCCCCC)c(-c7sc(/C=C(\C#N)C(=O)O)c8c7OCCO8)s6)s5)cc4c(-c4ccc(CC(CC)CCCC)s4)c3s2)sc1-c1cc(CCCCCC)c(-c2sc(/C=C(\C#N)C(=O)O)c3c2OCCO3)s1,chromophore,64.018456,38.028168
CCCCCCc1cc(-c2cc3c(-c4ccc(CC(CC)CCCC)s4)c4sccc4c(-c4ccc(CC(CC)CCCC)s4)c3s2)sc1-c1cc(CCCCCC)c(-c2sc(/C=C(\C#N)C(=O)O)c3c2OCCO3)s1,chromophore,64.03042,38.033005
CCCCCCc1cc(-c2cc3c4nn(CC(CC)CCCC)nc4c4cc(-c5cc6c(s5)c5ccccc5n6CC(CC)CCCC)sc4c3s2)sc1/C=C(/C#N)C(=O)O,chromophore,61.343796,38.602
CCCCCCc1cc(-c2cc3c4nn(C[C@@H](CC)CCCC)nc4c4cc(-c5cc6c(s5)c5ccccc5n6C[C@H](CC)CCCC)sc4c3s2)sc1/C=C(\C#N)C(=O)O,chromophore,61.343952,38.60196
CCCCCCc1cc(-c2cc3c4nn(C[C@@H](CC)CCCC)nc4c4cc(-c5ccc6c7ccccc7n(C[C@@H](CC)CCCC)c6c5)sc4c3s2)sc1/C=C(\C#N)C(=O)O,chromophore,61.168144,38.619984
CCCCCCc1cc(-c2cc3sc(-c4cc(CCCCCC)c(-c5ccc(N(c6ccccc6)c6ccccc6)cc5)s4)cc3s2)sc1C=C(C#N)C(=O)O,chromophore,69.28485,31.965816
CCCCCCc1cc(-c2ccc(-c3cc(CCCCCC)c(-c4ccc5c(c4)C4CCCC4N5c4ccc(C)cc4)s3)c3nsnc23)sc1/C=C(/C#N)C(=O)O,chromophore,41.915558,51.32086
CCCCCCc1cc(-c2ccc(-c3cc(CCCCCC)c(-c4ccc5c(c4)c4c6c(c7ccccc7n6CC(CC)CCCC)c6c(c7ccccc7n6CC(CC)CCCC)c4n5CC(CC)CCCC)s3)c3nsnc23)sc1/C=C(\C#N)C(=O)O,chromophore,61.688507,38.709248
CCCCCCc1cc(-c2ccc(-c3cc(CCCCCC)c(/C4=C5\C=CC(=N5)/C(c5ccc(C)cc5)=c5/cc/c6[n]5[Zn][n]5c(ccc54)/C(c4ccc(C)cc4)=C4/C=CC(=N4)/C=6c4ccc(C)cc4)s3)c3nsnc23)sc1/C=C(\C#N)C(=O)O,chromophore,19.525824,72.71616
CCCCCCc1cc(-c2ccc(-c3cc(CCCCCC)c(/C=C(\C#N)C(=O)O)s3)c3nsnc23)sc1/C=C/c1ccc(N(c2ccc(OC)cc2)c2ccc(OC)cc2)cc1,chromophore,73.06169,31.333134
CCCCCCc1cc(-c2ccc(-c3ccc4c(c3)C3CCCC3N4c3ccc(C)cc3)c3nc(-c4ccccc4)c(-c4ccccc4)nc23)sc1C=C(C#N)C(=O)O,chromophore,41.887997,51.192303
CCCCCCc1cc(-c2ccc(-c3ccc4c(c3)N(c3ccc(C)cc3)C3CCCC43)c3nsnc23)sc1-c1ccc(/C=C(\C#N)C(=O)O)s1,chromophore,41.91393,51.309845
CCCCCCc1cc(-c2ccc(-c3ccc4c(c3)Sc3ccccc3N4C[C@@H](CC)CCCC)c3nsnc23)sc1/C=C(\C#N)C(=O)O,chromophore,55.86173,39.324917
CCCCCCc1cc(-c2ccc(-c3ccc4c(c3)c3cccc5c3n4-c3ccccc3C5(CC)CC)c3nsnc23)sc1/C=C(\C#N)C(=O)O,chromophore,62.760548,36.998413
CCCCCCc1cc(-c2ccc(/C=C(\C#N)C(=O)O)s2)sc1-c1ccc(/C=C(/C#N)C(=O)O)s1,chromophore,63.645798,34.339985
CCCCCCc1cc(-c2ccc(/C=C(\C#N)C(=O)O)s2)sc1-c1cccs1,chromophore,63.718666,34.473568
CCCCCCc1cc(-c2ccc(N(c3ccc(-n4c5ccccc5c5ccccc54)cc3)c3ccc(-n4c5ccccc5c5ccccc54)cc3)cc2)sc1-c1cc(CCCCCC)c(-c2sc(C=C(C#N)C(=O)O)c3c2OCCO3)s1,chromophore,67.550156,33.316345
CCCCCCc1cc(-c2ccc(N(c3ccc4c(c3)OCCO4)c3ccc4c(c3)OCCO4)cc2)sc1-c1cc2sc(/C=C(\C#N)C(=O)O)cc2s1,chromophore,68.347275,32.00032
CCCCCCc1cc(-c2ccc(N(c3ccccc3)c3ccccc3)cc2)sc1-c1ccc(/C=C(\C#N)C(=O)O)s1,chromophore,68.90294,30.58944
CCCCCCc1cc(-c2ccc(N(c3ccccc3)c3ccccc3)cc2)sc1-c1ccc(/C=C2\SC(=S)N(CC(=O)O)C2=O)s1,chromophore,26.941366,41.780144
CCCCCCc1cc(-c2ccc3[n+](c2)[B-](F)(F)N2C=CC=CC2=C3C#N)sc1-c1ccc2c(c1)Sc1cc(/C=C(/C#N)C(=O)O)ccc1N2CCCCCC,chromophore,49.607376,37.25463
CCCCCCc1cc(-c2ccc3c(-c4ccc(C(C)(C)C)cc4)c4cc(-c5cc(OCCCCC)c(/C=C(\C#N)C(=O)O)s5)ccc4c(-c4ccc(C(C)(C)C)cc4)c3c2)sc1-c1ccc(N(c2ccccc2)c2ccccc2)cc1,chromophore,71.156555,30.735327
CCCCCCc1cc(-c2ccc3c(c2)C(=C(C#N)C#N)c2cc(-c4cc(CCCCCC)c(-c5ccc(N(c6ccc(C)cc6)c6ccc(C)cc6)cc5)s4)ccc2-3)sc1/C=C(\C#N)C(=O)O,chromophore,69.91974,32.81018
CCCCCCc1cc(-c2ccc3c(c2)C(=O)c2cc(-c4cc(CCCCCC)c(-c5ccc(N(c6ccc(C)cc6)c6ccc(C)cc6)cc5)s4)ccc2-3)sc1C=C(C#N)C(=O)O,chromophore,69.883705,32.79081
CCCCCCc1cc(-c2ccc3c(c2)C2(c4ccccc4-c4ccccc42)c2cc(-c4ccc(N(c5ccccc5)c5ccccc5)cc4)ccc2-3)sc1/C=C(/C#N)C(=O)O,chromophore,69.92194,34.327045
CCCCCCc1cc(-c2ccc3c(c2)C2CCCC2N3c2ccc3c(c2)C(C)(C)c2ccccc2-3)sc1/C=C1\C(=O)c2ccc(C(=O)O)cc2C1=O,chromophore,34.68643,47.591805
CCCCCCc1cc(-c2ccc3c(c2)C2CCCC2N3c2ccc3c(c2)C(C)(C)c2ccccc2-3)sc1C=C1C(=C(C#N)C#N)c2cc(C(=O)O)ccc2S1(=O)=O,chromophore,34.717537,47.537815
CCCCCCc1cc(-c2ccc3c(c2)Sc2cc(-c4cc(CCCCCC)c(/C=C(\C#N)C(=O)O)s4)ccc2N3C[C@@H](CC)CCCC)sc1/C=C(/C#N)C(=O)O,chromophore,55.822227,39.269417
CCCCCCc1cc(-c2ccc3c(c2)c2ccccc2n3CC)sc1-c1sc(-c2ccc(/C=C(\C#N)C(=O)O)s2)cc1CCCCCC,chromophore,60.296097,35.34618
CCCCCCc1cc(-c2ccc3c[n+](CC(=O)O)ccc3c2)sc1-c1ccc(N(c2ccc(OCCCC)cc2)c2ccc(OCCCC)cc2)cc1,chromophore,38.570843,8.912223
CCCCCCc1cc(-c2cnc(-c3ccc(N(c4ccccc4)c4ccccc4)cc3)c3nn(CCCCCC)nc23)sc1C=C(C#N)C(=O)O,chromophore,70.09779,31.027103
CCCCCCc1cc(-c2ncc(-c3ccc4c(c3)C3CCCC3N4c3ccc(C)cc3)c3nsnc23)sc1-c1ccc(C=c2sc(=C(C#N)C#N)[nH]c2=O)s1,chromophore,41.857285,51.73124
CCCCCCc1cc(-c2sc(-c3c(C)c4ccc(N(CC)CC)cc4oc3=O)cc2CCCCCC)sc1/C=C/c1ccc([Si](OCC)(OCC)OCC)s1,chromophore,12.948336,-56.286846
CCCCCCc1cc(-c2sc(-c3cc4c(s3)c3ccccc3n4CC)cc2CCCCCC)sc1C=C(C#N)C(=O)O,chromophore,61.839066,35.80281
CCCCCCc1cc(-c2sc(-c3sc(-c4sc(-c5ccc6c(c5)c5ccccc5n6CC)cc4CCCCCC)cc3CCCCCC)cc2CCCCCC)sc1/C=C(\C#N)C(=O)Cc1ccc([Si](OC)(OC)OC)cc1,chromophore,61.311714,36.260357
CCCCCCc1cc(-c2sc(-c3sc(-c4sc(-c5ccc6c(c5)c5ccccc5n6CC)cc4CCCCCC)cc3CCCCCC)cc2CCCCCC)sc1/C=C(\C#N)C(=O)Nc1ccc(C(=O)O)cc1,chromophore,61.234444,36.19998
CCCCCCc1cc(-c2sc(/C=C(/C#N)C(=O)O)cc2CCCCCC)sc1-c1ccc(N(c2ccc3c(c2)c2ccccc2n3-c2ccccc2)c2ccc3c(c2)c2ccccc2n3-c2ccccc2)cc1,chromophore,67.47436,33.35334
CCCCCCc1cc(-c2sc(/C=C3/SC(=S)N(CCC(=O)O)C3=O)cc2CCCCCC)sc1-c1ccc(N(c2ccc(OCCCC)cc2)c2ccc(OCCCC)cc2)cc1,chromophore,26.759039,39.067738
CCCCCCc1cc(-n2c3ccc(-c4ccc(N(c5ccccc5)c5ccccc5)cc4)cc3c3cc(-c4ccc(N(c5ccccc5)c5ccccc5)cc4)ccc32)sc1-c1cc(CCCCCC)c(-c2sc(C=C(C#N)C(=O)O)c3c2OCCO3)s1,chromophore,67.7414,33.113937
CCCCCCc1cc(/C=C(/C#N)C(=O)O)sc1-c1ccc2c(c1)C(c1ccccc1OC)=[N+]1C2=Cc2c3ccc(-c4sc(/C=C(\C#N)C(=O)O)cc4CCCCCC)cc3c(-c3ccccc3OC)n2[B-]1(F)F,chromophore,67.01817,37.588295
CCCCCCc1cc(/C=C(/C#N)C(=O)O)sc1-c1ccc2c(c1)C1=Cc3c4cc(-c5sc(/C=C(/C#N)C(=O)O)cc5CCCCCC)ccc4c(-c4ccccc4OC)n3[B-](F)(F)[N+]1=C2c1ccccc1OC,chromophore,67.01914,37.588757
CCCCCCc1cc(/C=C(/C#N)C(=O)O)sc1-c1ccc2c(c1)C1=Cc3c4cc(-c5sc(/C=C(\C#N)C(=O)O)cc5CCCCCC)ccc4c(-c4ccccc4OC)n3[B-](F)(F)[N+]1=C2c1ccccc1OC,chromophore,67.01914,37.588757
CCCCCCc1cc(/C=C(/C#N)C(=O)O)sc1-c1sc(-c2ccc(N(c3ccc4c(c3)n(CCCCCC)c(=S)n4CCCCCC)c3ccc4c(c3)n(CCCCCC)c(=S)n4CCCCCC)cc2)cc1CCCCCC,chromophore,67.759,31.04363
CCCCCCc1cc(/C=C(\C#N)C(=O)O)sc1-c1ccc(-c2sc(-c3ccc(N(c4ccccc4)c4ccccc4)cc3)cc2CCCCCC)s1,chromophore,68.871796,31.314499
CCCCCCc1cc(/C=C(\C#N)C(=O)O)sc1-c1ccc(-c2sc(-c3ccc4c(c3)c3ccc5c6ccccc6n(CC(CC)CCCC)c5c3n4CC(CC)CCCC)cc2CCCCCC)s1,chromophore,61.038265,38.243637
CCCCCCc1cc(/C=C(\C#N)C(=O)O)sc1-c1ccc(-c2sc(-c3ccc4c5ccccc5c5ccccc5c4c3)cc2CCCCCC)s1,chromophore,63.220837,35.83379
CCCCCCc1cc(/C=C(\C#N)C(=O)O)sc1-c1ccc(-c2sc(-c3ccc4ccc5cccc6ccc3c4c56)cc2CCCCCC)s1,chromophore,63.88208,35.20176
CCCCCCc1cc(/C=C(\C#N)C(=O)O)sc1-c1ccc(-c2sc(-c3ccc4sc5ccccc5c4c3)cc2CCCCCC)s1,chromophore,63.226036,35.86724
CCCCCCc1cc(/C=C(\C#N)C(=O)O)sc1-c1ccc(N(c2ccccc2)c2ccccc2)cc1,chromophore,69.2112,31.598345
CCCCCCc1cc(/C=C(\C#N)C(=O)O)sc1-c1ccc(N2c3ccc(cc3)/C=C\c3ccc(cc3)N(c3ccccc3)c3ccc(cc3)/C=C\c3ccc2cc3)cc1,chromophore,64.2718,35.93353
CCCCCCc1cc(/C=C(\C#N)C(=O)O)sc1-c1sc(-c2ccc(N(c3ccccc3)c3ccccc3)cc2)cc1CCCCCC,chromophore,68.97961,31.51137
CCCCCCc1cc(/C=C(\C#N)C(=O)O)sc1-c1sc(-c2ccc3c(c2)c2cc(C(C)(C)C)ccc2n3-c2ccc(C(C)(C)C)cc2)cc1CCCCCC,chromophore,62.879017,36.109646
CCCCCCc1cc(C=C(C#N)C(=O)O)sc1-c1ccc(-c2sc(-c3ccc(N(c4ccc5c(c4)C(C)(C)c4ccccc4-5)c4ccc5c(c4)C(C)(C)c4ccccc4-5)cc3)cc2CCCCCC)c2nsnc12,chromophore,69.9671,34.50832
CCCCCCc1cc(C=C(C#N)C(=O)O)sc1-c1ccc(-c2sc(-c3ccc(N(c4ccccc4)c4ccccc4)cc3)cc2CCCCCC)s1,chromophore,68.871796,31.314499
CCCCCCc1cc(C=C(C#N)C(=O)O)sc1-c1ccc(C=C2c3ccc(N(c4ccc(OC)cc4)c4ccc(OC)cc4)cc3-c3cc(N(c4ccc(OC)cc4)c4ccc(OC)cc4)ccc32)s1,chromophore,73.49628,29.860434
CCCCCCc1cc(C=C(C#N)C(=O)O)sc1-c1ccc(C=C2c3ccc(N(c4ccccc4)c4ccccc4)cc3-c3cc(N(c4ccccc4)c4ccccc4)ccc32)s1,chromophore,69.30907,30.463753
CCCCCCc1cc2c(=O)c3cc(CCCCCC)cc4c(=O)c5cc(CCCCCC)cc6c(=O)c(c1)c2n(c34)c65,chromophore,18.408363,19.316956
CCCCCCc1cc2c(s1)-c1ccccc1N1B2c2cc(CCCCCC)sc2-c2cc3c(cc21)-c1sc(CCCCCC)cc1B1c2cc(CCCCCC)sc2-c2ccccc2N13,chromophore,20.68453,18.084671
CCCCCCc1cc2c(s1)-c1sc(CCCCCC)cc1P(c1ccccc1)(c1ccccc1)=[O+][B-]2(c1c(C)cc(C)cc1C)c1c(C)cc(C)cc1C,chromophore,20.282032,17.73817
CCCCCCc1cc2sc(-c3ccc4c(c3)c3cc(-c5cc6sc(CCCCCC)cc6s5)ccc3n4-c3ccc4c(c3)C(CCCCCC)(CCCCCC)c3cc(/C=C(\C#N)c5ccc(-c6ccc(/C=C(\C#N)C(=O)O)s6)s5)ccc3-4)cc2s1,chromophore,55.030968,30.416914
CCCCCCc1cc2sc(/C=C/C3=[N+]4C(=C(c5ccc(C(=O)O)cc5)c5c(C)cc(/C=C/c6cc7sc(CCCCCC)cc7s6)n5[B-]4(C#CCOCCOC)C#CCOCCOC)C(C)=C3)cc2s1,chromophore,-50.6337,-66.23434
CCCCCCc1ccc(-c2cc3c4c(c2)C(c2ccc(C)cc2)(c2ccc(C)cc2)c2cc(-c5ccc(CCCCCC)s5)cc5c2N4c2c(cc(-c4ccc(/C=C(\C#N)C(=O)O)s4)cc2C5(c2ccc(C)cc2)c2ccc(C)cc2)C3(c2ccc(C)cc2)c2ccc(C)cc2)s1,chromophore,63.247486,33.8698
CCCCCCc1ccc(-c2ccc(-c3cc(-c4ccc(-c5ccc(CCCCCC)s5)s4)c4ccc5c(-c6ccc(-c7ccc(CCCCCC)s7)s6)cc(-c6ccc(-c7ccc(CCCCCC)s7)s6)c6ccc3c4c65)s2)s1,chromophore,19.999096,18.974348
CCCCCCc1ccc(-c2ccc(-c3ccc(N(c4ccc(/C=C(/C#N)C(=O)O)cc4)c4ccc(-c5ccc(-c6ccc(CCCCCC)s6)s5)cc4)cc3)s2)s1,chromophore,66.178375,31.687866
CCCCCCc1ccc(-c2ccc(-c3ccc(N(c4ccc(/C=C5/SC(=S)N(CC(=O)O)C5=O)cc4)c4ccc(-c5ccc(-c6ccc(CCCCCC)s6)s5)cc4)cc3)s2)s1,chromophore,26.851309,41.64537
CCCCCCc1ccc(-c2ccc(-c3ccc4c(c3)Sc3cc(/C=C(\C#N)C(=O)O)ccc3N4CCCCCC)s2)s1,chromophore,49.603405,36.81951
CCCCCCc1ccc(-c2ccc(N(c3ccc(-c4cc5sc(/C=C(/C#N)C(=O)O)cc5s4)cc3)c3ccc(-c4cc5sc(/C=C(\C#N)C(=O)O)cc5s4)cc3)cc2)s1,chromophore,68.06152,31.144533
CCCCCCc1ccc(-c2ccc3c(c2)Sc2cc(/C=C(\C#N)C(=O)O)ccc2N3CCCCCC)s1,chromophore,49.495247,36.811043
CCCCCCc1ccc(-c2ccc3c(c2)c2cc(-c4ccc(CCCCCC)s4)ccc2n3-c2ccc3c(c2)C(CCCCCC)(CCCCCC)c2cc(/C=C(\C#N)c4ccc(-c5ccc(/C=C(\C#N)C(=O)O)s5)s4)ccc2-3)s1,chromophore,54.99395,30.403683
CCCCCCc1ccc(-n2c3c4cccc(OC)c4nc(-c4ccc(OC)cc4)c3c3c2c2c(-c4ccc(OC)cc4)nc4c(OC)cccc4c2n3-c2ccc(CCCCCC)cc2)cc1,chromophore,-18.61301,-52.30811
CCCCCCc1ccc(/C2=c3/cc/c4[n]3[Zn][n]3c(ccc3/C(c3ccc(CCCCCC)s3)=C3/C=CC(=N3)\C=4c3ccc(CCCCCC)s3)/C(c3ccc(/C=C(\C#N)C(=O)O)s3)=C3/C=CC2=N3)s1,chromophore,19.279148,72.5486
CCCCCCc1ccc(/C=C/C2=[N+]3C(=C(c4ccc(C(=O)O)cc4)c4c(C)cc(C)n4[B-]3(C#CCOCCOC)C#CCOCCOC)C(C)=C2)s1,chromophore,-50.630753,-66.2318
CCCCCCc1ccc(/C=C/C2=[N+]3C(C(C)=C2)C(c2ccc(C(=O)O)cc2)c2c(C)cc(C)n2[B-]3(C#CCOCCOC)C#CCOCCOC)s1,chromophore,-50.70508,-66.24866
CCCCCCc1ccc(/C=C/c2ccc(CCCCCC)s2)s1,chromophore,20.6419,18.984621
CCCCCCc1ccc(C(=O)Nc2ccc(C(=O)/C=C/c3ccc(N(C)CCO)cc3)cc2)cc1,chromophore,-67.29991,-29.262323
CCCCCCc1ccc(C2(c3ccc(CCCCCC)cc3)c3cc(N(c4ccccc4)c4ccccc4)ccc3-c3sc(-c4ccc5c(c4)N(CC(CC)CCCC)C(=O)/C5=C4/C(=O)N(CC(CC)CCCC)c5cc(-c6ccc(C=C(C#N)C(=O)O)cc6)ccc54)cc32)cc1,chromophore,71.46753,35.513344
CCCCCCc1ccc(N(/C2=c3\cc/c4[n]3[Zn][n]3c(ccc3/C(N(c3cccc(CCCCCC)c3)c3cccc(CCCCCC)c3)=C3/C=CC(=N3)/C=4C#Cc3ccc(C(=O)O)cc3)/C(C#Cc3ccc(N(c4ccc(OC)cc4)c4cccc(OC)c4)cc3)=C3/C=CC2=N3)c2ccc(CCCCCC)cc2)cc1,chromophore,15.174842,76.54226
CCCCCCc1ccc(N(/C2=c3\cc/c4[n]3[Zn][n]3c(ccc3/C(c3cc(C(C)(C)C)cc(C(C)(C)C)c3)=C3/C=CC2=N3)/C(C#Cc2ccc(C(=O)O)cc2)=C2/C=CC(=N2)/C=4c2cc(C(C)(C)C)cc(C(C)(C)C)c2)c2ccc(CCCCCC)cc2)cc1,chromophore,13.926431,75.56634
CCCCCCc1ccc(N2c3ccc(-c4ccc(-c5ccc(/C=C(/C#N)C(=O)O)s5)s4)cc3Sc3cc(-c4ccc(-c5ccc(/C=C(\C#N)C(=O)O)s5)s4)ccc32)cc1,chromophore,54.14962,36.804886
CCCCCCc1ccc(N2c3ccc(-c4ccc(/C=C(/C#N)C(=O)O)s4)cc3Sc3cc(-c4ccc(/C=C(/C#N)C(=O)O)s4)ccc32)cc1,chromophore,54.147392,36.82516
CCCCCCc1ccc(N2c3ccc(-c4ccc(C=C(C#N)C(=O)O)s4)cc3Sc3cc(-c4ccc(C=C(C#N)C(=O)O)s4)ccc32)cc1,chromophore,54.147392,36.82516
CCCCCCc1ccc(N2c3ccc(-c4sc(C=C(C#N)C(=O)O)c5c4OCCO5)cc3Sc3cc(-c4sc(C=C(C#N)C(=O)O)c5c4OCCO5)ccc32)cc1,chromophore,54.771667,37.57287
CCCCCCc1ccc2c(c1)C(C)(C)c1cc(N(c3ccc(-c4sc(-c5cc6sc(/C=C(\C#N)C(=O)O)c(CCCCCC)c6s5)c5c4OCCO5)cc3)c3ccc4c(c3)C(C)(C)c3cc(CCCCCC)ccc3-4)ccc1-2,chromophore,69.51408,34.1745
CCCCCCc1ccsc1-c1ccc(-c2sc(C(=O)O)cc2CCCCCC)s1,chromophore,19.74947,18.977135
CCCCCCc1ccsc1-c1ccc2c(c1)C1=[N+]3C2=Cc2c4ccc(-c5sccc5CCCCCC)cc4c4n2[B-]3(Oc2ccccc21)Oc1ccccc1-4,chromophore,20.900492,17.871342
CCCCCCc1csc(-c2sc(-c3sc(-c4sc(-c5sc(-c6ccc(C=C(C#N)C(=O)O)s6)cc5CCCCCC)cc4CCCCCC)cc3CCCCCC)cc2CCCCCC)c1,chromophore,63.67231,34.408394
CCCCCCc1nc(-c2nc(CCCCCC)c(-c3ccc(-c4ccc(N(c5ccccc5)c5ccccc5)cc4)s3)s2)sc1-c1ccc(C=C(C#N)C(=O)O)s1,chromophore,69.55278,28.706493
CCCCCCc1nc2c(-c3ccc(/C=C(\C#N)C(=O)O)s3)c3nc(CCCCCC)c(CCCCCC)nc3c(-c3ccc(-c4ccc(N(c5ccccc5)c5ccccc5)cc4)s3)c2nc1CCCCCC,chromophore,69.62465,28.46523
CCCCCCn1c(=CC2=C([O-])C(=C[N+]3=C(CC)c4ccc(C(=O)O)cc4C3(C)C)C2=O)c2cccc3cccc1c32,chromophore,12.541055,47.972866
CCCCCCn1c(=O)c2c3sc4ccccc4sc3c3c(=O)n(CCCCCC)c(=O)c3c2c1=O,chromophore,22.78612,21.356113
CCCCCCn1c(=S)n(CCCCCC)c2cc(N(c3ccc(-c4cc(C)c(-c5sc(/C=C(/C#N)C(=O)O)cc5C)s4)cc3)c3ccc4c(c3)n(CCCCCC)c(=S)n4CCCCCC)ccc21,chromophore,67.46092,30.667788
CCCCCCn1c2c(c3cc(-c4ccc(/C=C(\C#N)C(=O)O)s4)ccc31)C(CC)(CC)c1ccccc1-2,chromophore,57.261536,32.29426
CCCCCCn1c2c(c3cc(-c4ccc(/C=C(\C#N)C(=O)O)s4)ccc31)C(CCCCCC)(CCCCCC)c1ccccc1-2,chromophore,57.246506,32.230473
CCCCCCn1c2c(c3cc(-c4ccc(/C=C5\SC(=S)N(CC(=O)O)C5=O)cc4)ccc31)C(CCCCCC)(CCCCCC)c1ccccc1-2,chromophore,24.589422,48.843662
CCCCCCn1c2c(c3cc(-c4ccc(/C=c5\sc(=C(C#N)C#N)[nH]c5=O)s4)ccc31)C(CCCCCC)(CCCCCC)c1ccccc1-2,chromophore,56.962498,32.623436
CCCCCCn1c2c(c3cc(C#Cc4ccc(/C=C(/C#N)C(=O)O)cc4)ccc31)C(CCCCCC)(CCCCCC)c1ccccc1-2,chromophore,60.894333,28.271502
CCCCCCn1c2cc(-c3ccc(-n4c(/C=C/c5ccc(N(c6ccccc6)c6ccccc6)cc5)ccc4/C=C(\C#N)C(=O)O)cc3)ccc2c2ccc(-c3ccc(-n4c(/C=C/c5ccc(N(c6ccccc6)c6ccccc6)cc5)ccc4/C=C(\C#N)C(=O)O)cc3)cc21,chromophore,62.84416,26.707836
CCCCCCn1c2cc(-c3ccc(N(c4ccccc4)c4ccccc4)cc3)ccc2c2sc3c4sc(/C=C(\C#N)C(=O)O)cc4n(CCCCCC)c3c21,chromophore,65.05415,27.229784
CCCCCCn1c2cc(-c3ccc(N(c4ccccc4)c4ccccc4)cc3)ccc2c2sc3c4sc(C=C(C#N)C(=O)O)cc4n(CCCCCC)c3c21,chromophore,65.054085,27.22903
CCCCCCn1c2cc(/C=C(/C#N)C(=O)O)sc2c2sc(-c3ccc4c(c3)C(CCCCCC)(CCCCCC)c3cc(-c5cc6c(s5)c5sc(/C=C(\C#N)C(=O)O)cc5n6CCCCCC)ccc3-4)cc21,chromophore,57.36547,31.651062
CCCCCCn1c2cc(/C=C(\C#N)C(=O)O)sc2c2sc(-c3ccc(N(c4ccc(N(c5ccccc5)c5ccccc5)cc4)c4ccc5c(c4)C(CCCCCC)(CCCCCC)c4c6c(c7c(c4-5)C(CCCCCC)(CCCCCC)c4ccccc4-7)C(CCCCCC)(CCCCCC)c4ccccc4-6)cc3)cc21,chromophore,78.429184,16.377974
CCCCCCn1c2cc(/C=C(\C#N)C(=O)O)sc2c2sc(-c3ccc(N(c4ccccc4)c4ccccc4)cc3)cc21,chromophore,65.57381,27.653675
CCCCCCn1c2cc(/C=C(\C#N)c3ccccc3)ccc2c2ccc(/C=C(\C#N)c3ccccc3)cc21,chromophore,35.38192,23.154758
CCCCCCn1c2cc(/C=C/c3cccs3)ccc2c2ccc(/C=C/c3cccs3)cc21,chromophore,30.079952,22.435669
CCCCCCn1c2cc(C=C(C#N)C(=O)O)ccc2c2ccc(-c3ccc(-n4c5ccc(C(C)(C)C)cc5c5cc(C(C)(C)C)ccc54)cc3)cc21,chromophore,59.75749,26.392185
CCCCCCn1c2cc(C=C(C#N)C(=O)O)ccc2c2ccc(-c3ccc(N(c4ccc(C(C)(C)C)cc4)c4ccc(C(C)(C)C)cc4)cc3)cc21,chromophore,60.89236,26.311346
CCCCCCn1c2cc(C=C(C#N)C(=O)O)ccc2c2ccc(-c3ccc4c(c3)c3cc(C(C)(C)C)ccc3n4-c3ccc(C(C)(C)C)cc3)cc21,chromophore,59.749897,26.382582
CCCCCCn1c2cc(C=C(C#N)C(=O)O)sc2c2sc(-c3ccc(N(c4ccc(OC)cc4)c4ccc(OC)cc4)cc3)cc21,chromophore,74.18702,29.182457
CCCCCCn1c2cc(C=O)sc2c2sc3c(sc4c5sc(C=O)cc5n(CCCCCC)c43)c21,chromophore,23.039173,20.85577
CCCCCCn1c2ccc(-c3ccc(/C=C(\C#N)C(=O)O)cc3)cc2c2cc(-c3ccc(/C=C(\C#N)C(=O)O)cc3)ccc21,chromophore,59.92728,27.80353
CCCCCCn1c2ccc(/C=C(/C#N)C(=O)O)cc2c2cc(-c3ccc(/C=C(/C#N)C(=O)O)cc3)ccc21,chromophore,59.926193,27.796686
CCCCCCn1c2ccc(C=C(C#N)C(=O)O)cc2c2cc(-c3ccc(C=C(c4ccc(-n5c6ccccc6c6ccccc65)cc4)c4ccc(-n5c6ccccc6c6ccccc65)cc4)cc3)ccc21,chromophore,59.382427,27.486904
CCCCCCn1c2ccc(C=C3C(=O)NC(=O)NC3=O)cc2c2cc(C=C3C(=O)NC(=O)NC3=O)ccc21,chromophore,31.688097,23.805845
CCCCCCn1c2ccccc2c2c(-c3ccccc3)c3c(c(-c4ccccc4)c21)c1cc(-c2ccc(-c4cc5c(s4)C=C(/C=C(/C#N)C(=O)O)C5)s2)ccc1n3CCCCCC,chromophore,58.905148,34.063007
CCCCCCn1c2ccccc2c2c(-c3ccccc3)c3c(c(-c4ccccc4)c21)c1cc(-c2ccc(-c4ccc(/C=C(/C#N)C(=O)O)s4)s2)ccc1n3CCCCCC,chromophore,58.81399,33.962776
CCCCCCn1c2ccccc2c2cc(-c3c(/C=C(\C#N)C(=O)O)sc(/C=C(\C#N)C(=O)O)c3-c3ccc4c(c3)c3ccccc3n4CCCCCC)ccc21,chromophore,60.14475,34.202854
CCCCCCn1c2ccccc2c2cc(-c3ccc(-c4ccc(/C=C(/C#N)C(=O)O)s4)s3)ccc21,chromophore,58.879547,33.90976
CCCCCCn1c2ccccc2c2cc(-c3ccc(/C=C(/C#N)C(=O)O)cc3)ccc21,chromophore,59.829987,27.8656
CCCCCCn1c2ccccc2c2cc(/C=C(/C#N)c3ccc(/C=C(\C#N)C(=O)O)s3)ccc21,chromophore,60.31142,29.339968
CCCCCCn1c2ccccc2c2cc(/C=C(/C#N)c3ccc(C=C4C(=O)NC(=O)NC4=O)s3)ccc21,chromophore,34.472633,23.341753
CCCCCCn1c2ccccc2c2cc(/C=C/c3ccc(C=C(C#N)C(=O)O)cc3)ccc21,chromophore,60.737923,27.738504
CCCCCCn1c2ccccc2c2cc(C#Cc3ccc(N(c4ccc(C#Cc5ccc6c(c5)c5ccccc5n6CCCCCC)cc4)c4ccc(C=C(C#N)C(=O)O)cc4)cc3)ccc21,chromophore,61.69395,27.125378
CCCCCCn1c2ccccc2c2cc(N(c3ccc(-c4ccc5c(c4)C(CCCCCC)(CCCCCC)c4c6c(c7c(c4-5)C(CCCCCC)(CCCCCC)c4ccccc4-7)C(CCCCCC)(CCCCCC)c4ccccc4-6)cc3)c3ccc(-c4cc5c(s4)c4sc(/C=C(\C#N)C(=O)O)cc4n5CCCCCC)c(C(=O)OC)c3)ccc21,chromophore,78.51479,15.992067
CCCCCCn1c2ccccc2c2cc(N(c3ccc(-c4ccc5c(c4)C(CCCCCC)(CCCCCC)c4c6c(c7c(c4-5)C(CCCCCC)(CCCCCC)c4ccccc4-7)C(CCCCCC)(CCCCCC)c4ccccc4-6)cc3)c3ccc(-c4cc5c(s4)c4sc(/C=C(\C#N)C(=O)O)cc4n5CCCCCC)cc3)ccc21,chromophore,78.48101,16.04612
CCCCCCn1c2ccsc2c2sc(-c3ccc(N(c4ccc(-c5cc6c(s5)c5sc(/C=C(\C#N)C(=O)O)cc5n6CCCCCC)cc4)c4ccc5c(c4)C(CCCCCC)(CCCCCC)c4c6c(c7c(c4-5)C(CCCCCC)(CCCCCC)c4ccccc4-7)C(CCCCCC)(CCCCCC)c4ccccc4-6)cc3)cc21,chromophore,78.454475,16.409742
CCCCCCn1c2ccsc2c2sc3c(sc4c5sccc5n(CCCCCC)c43)c21,chromophore,22.877775,20.772038
CCCCCCn1cc(/C=C(/C#N)c2ccc(/C=N/c3ccc(C(=O)O)cc3)s2)c2cc(OC)ccc21,chromophore,36.618305,23.533096
CCCCCCn1cc(/C=C(/C#N)c2ccc(/C=N/c3ccc(C(=O)O)cc3)s2)c2cc([N+](=O)[O-])ccc21,chromophore,37.21702,23.783136
CCCCCCn1cc(/C=C(/C#N)c2ccc(/C=N/c3ccc(C(=O)O)cc3)s2)c2ccccc21,chromophore,36.386898,23.480314
CCCCCCn1cc(/C=C(/C#N)c2ccc(C=C(C#N)C(=O)O)s2)c2cc(OC)ccc21,chromophore,60.94432,31.260122
CCCCCCn1cc(C=C(C#N)c2ccc(C=C(C#N)C(=O)O)s2)c2cc([N+](=O)[O-])ccc21,chromophore,37.503227,23.891068
CCCCCCn1cc(C=C2C(=O)NC(=O)NC2=O)c2cc(-c3ccc(N(c4ccccc4)c4ccccc4)cc3)ccc21,chromophore,35.73248,-4.2100186
CCCCCCn1nc2c(-c3ccc(N(c4ccccc4)c4ccccc4)cc3)cnc(-c3ccc(C=C(C#N)C(=O)O)o3)c2n1,chromophore,69.41272,24.12484
CCCCCOc1cc2oc(=O)c3c4ccc(N(c5ccc(C)cc5)c5ccc(C)cc5)cc4c4ccc5cccc6c(c1)c2c3c4c56,chromophore,28.976288,9.636248
CCCCCOc1cc2oc(=O)c3c4ccc(O)cc4c4ccc5cccc6c(c1)c2c3c4c56,chromophore,28.932259,9.678552
CCCCC[C@H](CC)N1c2ccc(-c3ccc(N4c5ccccc5Sc5ccccc54)cc3)cc2Oc2cc(-c3ccc(/C=C(/C#N)C(=O)O)s3)ccc21,chromophore,53.572334,36.750046
CCCCCc1c(/C=C(\C#N)C(=O)O)sc2c1sc1c3sc4c(CCCCC)c(-c5ccc6c(c5)c5ccccc5n6CC(CC)CCCC)sc4c3c3nccnc3c21,chromophore,60.88365,38.94449
CCCCCc1c(C(=O)c2ccc3c4c(cccc24)-c2cccc4c2C3CC=C4)c2ccc3cccc4c5cccc6ccc1c(c65)c2c34,chromophore,-20.817308,-22.950743
CCCCCc1c(CCCCC)c2cc3ccccc3n2c2nc3ccccc3cc12,chromophore,24.509554,18.46633
CCCCCc1ccc(C#Cc2cc(C#Cc3ccc(CCCCC)cc3)c3ccc4c(C(=O)c5ccccc5)cc(C#Cc5ccc(CCCCC)cc5)c5ccc2c3c54)cc1,chromophore,11.627375,23.845089
CCCCCc1ccc(C(=O)Nc2ccc(C(=O)/C=C/c3ccc(N(C)CCO)cc3)cc2)cc1,chromophore,-67.25545,-29.2895
CCCCCc1nc2c3cc(/C=C(\C#N)C(=O)O)sc3c3sc(-c4ccc(-c5ccc6c(c5)C5CCCC5N6c5ccc(C)cc5)c5nsnc45)cc3c2nc1CCCCC,chromophore,41.887005,51.107155
CCCCCc1nc2c3cc(/C=C(\C#N)C(=O)O)sc3c3sc(-c4ccc(N(c5ccccc5)c5ccccc5)cc4)cc3c2nc1CCCCC,chromophore,69.71178,31.016972
CCCCCn1c2ccc(/C=C(\C#N)C(=O)O)cc2c2cc(/C=C(\C#N)c3ccc(/C=C(/C#N)C(=O)O)s3)ccc21,chromophore,60.30338,29.357025
CCCCCn1c2ccc(/C=C/C(=O)O)cc2c2cc(/C=C(\C#N)c3ccc(/C=C/C(=O)O)s3)ccc21,chromophore,35.277542,23.285072
CCCCN(CCCC)c1cc(OC)c(/C=C/c2ccnc(-c3cc(C)ccn3)c2)cc1OC,chromophore,21.60651,10.71669
CCCCN(CCCC)c1ccc(-c2c([O-])[c+](-c3ccc(N(C)CCOC(=O)CCC(=O)Oc4ccc5c(=C(C#N)C#N)c6cc(O)ccc6c(=C(C#N)C#N)c5c4)cc3)[c+]2[O-])cc1,chromophore,26.61533,3.2628927
CCCCN(CCCC)c1ccc(/C=C/c2ccc3c(c2)CCc2cc(/C=C/c4ccc(N(CCCC)CCCC)cc4)ccc2-3)cc1,chromophore,27.387007,-12.291536
CCCCN(CCCC)c1ccc(/C=C/c2ccc3nc(/C=C/c4nc5ccc(/C=C/c6ccc(N(CCCC)CCCC)cc6)cc5n(CCC)c4=O)c(=O)n(CCC)c3c2)cc1,chromophore,26.853006,-11.064168
CCCCN(CCCC)c1ccc(C#Cc2cc(C#Cc3c(F)c(F)c(F)c(F)c3F)c(C#Cc3c(F)c(F)c(F)c(F)c3F)cc2C#Cc2ccc(N(CCCC)CCCC)cc2)cc1,chromophore,23.645586,2.572202
CCCCN(CCCC)c1ccc(C#Cc2cc(C#Cc3c(F)c(F)c(F)c(F)c3F)c(C#Cc3ccc(N(CCCC)CCCC)cc3)cc2C#Cc2c(F)c(F)c(F)c(F)c2F)cc1,chromophore,23.645592,2.5720649
CCCCN(CCCC)c1ccc(C#Cc2cc(C#Cc3cc(C(F)(F)F)cc(C(F)(F)F)c3)c(C#Cc3cc(C(F)(F)F)cc(C(F)(F)F)c3)cc2C#Cc2ccc(N(CCCC)CCCC)cc2)cc1,chromophore,23.197506,2.6911876
CCCCN(CCCC)c1ccc(C#Cc2cc(C#Cc3ccc(C(F)(F)F)cc3)c(C#Cc3ccc(C(F)(F)F)cc3)cc2C#Cc2ccc(N(CCCC)CCCC)cc2)cc1,chromophore,23.08868,2.730411
CCCCN(CCCC)c1ccc(C#Cc2cc(C#Cc3ccc(C(F)(F)F)cc3)c(C#Cc3ccc(N(CCCC)CCCC)cc3)cc2C#Cc2ccc(C(F)(F)F)cc2)cc1,chromophore,23.089098,2.7308314
CCCCN(CCCC)c1ccc(C#Cc2cc(C#Cc3ccc(N(CCCC)CCCC)cc3)c(C#Cc3c(F)c(F)c(F)c(F)c3F)cc2C#Cc2c(F)c(F)c(F)c(F)c2F)cc1,chromophore,23.645586,2.572202
CCCCN(CCCC)c1ccc(C#Cc2cc(C#Cc3ccc(N(CCCC)CCCC)cc3)c(C#Cc3ccc(C#N)cc3)cc2C#Cc2ccc(C#N)cc2)cc1,chromophore,23.975763,1.9845003
CCCCN(CCCC)c1ccc(C#Cc2cc(C#Cc3ccc(N(CCCC)CCCC)cc3)c(C#Cc3ccc(C(F)(F)F)cc3)cc2C#Cc2ccc(C(F)(F)F)cc2)cc1,chromophore,23.08897,2.7305894
CCCCN(CCCC)c1ccc(C#Cc2cc(C#Cc3ccc([N+](=O)[O-])cc3)c(C#Cc3ccc([N+](=O)[O-])cc3)cc2C#Cc2ccc(N(CCCC)CCCC)cc2)cc1,chromophore,24.18319,4.283044
CCCCN(CCCC)c1ccc2c#cc3cc4c#cc5ccc(C(F)(F)F)cc5c#cc#cc5cc(C(F)(F)F)ccc5c#cc4cc3c#cc3ccc(N(CCCC)CCCC)cc3c#cc#cc2c1,chromophore,22.130962,3.4427693
CCCCN(CCCC)c1ccc2c#cc3cc4c#cc5ccc(C(F)(F)F)cc5c#cc#cc5cc(N(CCCC)CCCC)ccc5c#cc4cc3c#cc3ccc(C(F)(F)F)cc3c#cc#cc2c1,chromophore,22.130962,3.4427693
CCCCN(CCCC)c1ccc2c(-c3ccc(F)c(C)c3)c3ccc(=[NH2+])cc-3oc2c1,chromophore,3.9566693,-66.558525
CCCCN(CCCC)c1ccc2c(-c3ccc(F)cc3)c3ccc(=[NH2+])cc-3oc2c1,chromophore,3.858583,-66.52354
CCCCN(CCCC)c1ccc2c(-c3ccc(OC)cc3)c3ccc(=[NH2+])cc-3oc2c1,chromophore,3.9766767,-64.82602
CCCCN(CCCC)c1ccc2c(-c3ccc(Oc4ccccc4)cc3)c3ccc(=[NH2+])cc-3oc2c1,chromophore,3.6963484,-65.474464
CCCCN(CCCC)c1ccc2c(-c3ccc(SC)cc3)c3ccc(=[NH2+])cc-3oc2c1,chromophore,3.873193,-66.396614
CCCCN(CCCC)c1ccc2c(-c3ccc4cc(OC)ccc4c3)c3ccc(=[NH2+])cc-3oc2c1,chromophore,3.9250078,-64.79467
CCCCN(CCCC)c1ccc2c(c1)oc1c3oc(-c4ccc(C#N)cc4)nc3c3c(c4ccccc4n3C(=O)O)c21,chromophore,9.540497,-55.20525
CCCCN(CCCC)c1ccc2c(c1)oc1c3oc(-c4ccc(C(=O)O)cc4)nc3c3[nH]c4ccccc4c3c21,chromophore,10.104252,-55.81384
CCCCN(CCCC)c1ccc2c(c1)oc1c3oc(-c4ccc(C(=O)O)cc4)nc3c3c(c4ccccc4n3CCC(=O)O)c21,chromophore,9.903456,-55.62834
CCCCN(CCCC)c1ccc2c(c1)oc1c3oc(-c4ccnc(-c5cc(C(=O)O)ccn5)c4)nc3c3[nH]c4ccccc4c3c21,chromophore,10.158816,-55.85877
CCCCN(CCCC)c1ccc2c3ccc4c5c(ccc(c6cccc1c62)c53)C(=O)OC4=O,chromophore,21.144258,25.031246
CCCCN(CCCC)c1ccc2nc3c4ccccc4c(=O)c(-c4ccccc4)c-3oc2c1,chromophore,11.1518345,-56.2917
CCCCN1\C(=C/C=C/C=C/C2=[N+](CCCC)c3ccc4cc(Br)ccc4c3C2(C)C)C(C)(C)c2c1ccc1cc(Br)ccc21,chromophore,5.3167133,47.28208
CCCCN1/C(=C\c2c(-c3ccc(N(C)C)cc3)c(=O)c2=O)C=Cc2ccccc21,chromophore,22.36867,-1.9071319
CCCCN1C(=O)C(=C/C=C/C=C/C=C2N(CCCC)c3ccccc3N2CCCC)C(=O)N(CCCC)C1=S,chromophore,14.936867,31.104412
CCCCN1C(=O)C2=C(c3ccc(-c4ccc(/C=C(\C#N)C(=O)O)o4)cc3)N(CCCC)C(=O)C2=C1c1ccc(-c2ccc(N(c3ccccc3)c3ccccc3)cc2)cc1,chromophore,68.75433,24.01917
CCCCN1C(=O)C2=C(c3ccc(-c4ccc(/C=C(\C#N)C(=O)O)s4)s3)N(CCCC)C(=O)C2=C1c1ccc(-c2ccc(N(c3ccc(OC)cc3)c3ccc(OC)cc3)cc2)cc1,chromophore,67.3582,12.160872
CCCCN1C(=O)C2=C(c3ccc(-c4ccc(N(c5ccc(OC)cc5)c5ccc(OC)cc5)cc4)s3)N(CCCC)C(=O)C2=C1c1ccc(-c2ccc(/C=C(\C#N)C(=O)O)s2)cc1,chromophore,67.352715,12.144017
CCCCN1C(=O)C2=C(c3ccc(-c4ccccc4)cc3)NC(=O)C2=C1c1ccc(-c2ccccc2)cc1,chromophore,15.816794,26.693577
CCCCN1C(=O)C2=C(c3ccc(Br)cc3)NC(=O)C2=C1c1ccc(Br)cc1,chromophore,15.8738985,26.660227
CCCCN1C(=O)c2cc(Oc3ccc(C(C)(C)C)cc3)c3c4c(Oc5ccc(C(C)(C)C)cc5)cc5c(=O)[nH]/c(=C\c6ccc7ccccc7n6)c6cc(Oc7ccc(C(C)(C)C)cc7)c(c7c(Oc8ccc(C(C)(C)C)cc8)cc(c2c37)C1=O)c4c56,chromophore,-7.4975953,-47.229527
CCCCN1C(=O)c2ccc3c4ccc5c6c(ccc(c7ccc(c2c37)C1=O)c64)C(=O)N(CCCC)C5=O,chromophore,20.888277,26.818787
CCCCN1C(=O)c2cccc3c(Oc4cc(CO)cc(Oc5ccc6c7c(cccc57)C(=O)N(CCCC)C6=O)c4)ccc(c23)C1=O,chromophore,21.490084,28.723675
CCCCN1C(=O)c2cccc3c(Oc4cc(COc5ccc(N6C(=O)c7cccc8c(NCCN(C)C)ccc(c78)C6=O)cc5)cc(Oc5ccc6c7c(cccc57)C(=O)N(CCCC)C6=O)c4)ccc(c23)C1=O,chromophore,21.290785,28.879938
CCCCN1C(=O)c2cccc3c([O-])c(/C=C/c4sc5ccccc5[n+]4CC)cc(c23)C1=O,chromophore,22.511253,27.161943
CCCCN1NC2C(N1)C(c1ccc(/C=C(\C#N)C(=O)O)cc1)C1N[NH+](CCCC)[N-]C1C2c1ccc(N(c2ccccc2)c2ccccc2)cc1,chromophore,65.02527,22.86962
CCCCN1NC2C(N1)C(c1ccc(N(c3ccccc3)c3ccccc3)cc1)C1NSNC1C2c1ccc(/C=C(\C#N)C(=O)O)cc1,chromophore,65.02424,22.863876
CCCCN1c2ccc(-c3ccc(-c4ccc(/C=C(\C#N)C(=O)O)cc4)c4nsnc34)cc2Sc2cc(N(c3ccccc3)c3ccccc3)ccc21,chromophore,49.645763,34.692955
CCCCN1c2ccc(-c3ccc(-c4ccc(/C=C(\C#N)C(=O)O)cc4)s3)cc2Sc2cc(-c3nc4ccccc4n3-c3ccccc3)ccc21,chromophore,50.373016,35.889565
CCCCN1c2ccc(-c3ccc(/C=C(/C#N)C(=O)O)cc3)cc2Sc2cc(-c3nc4ccccc4n3-c3ccccc3)ccc21,chromophore,49.686275,35.80408
CCCCN1c2ccc(-c3ccc(/C=C(\C#N)C(=O)O)s3)cc2Sc2cc(-c3nc4ccccc4n3-c3ccccc3)ccc21,chromophore,52.002644,36.408596
CCCCN1c2ccc(-c3ccc(C=O)cc3)cc2Oc2cc(-c3ccc(C=O)cc3)ccc21,chromophore,15.57251,27.462332
CCCCN1c2ccc(/C=C(\C#N)C(=O)O)cc2Oc2cc(/C=C(\C#N)C(=O)O)ccc21,chromophore,47.549213,35.64594
CCCCN1c2ccc(/C=C/c3ccc(/C=C(\C#N)C(=O)O)s3)cc2Sc2ccc(SC)cc21,chromophore,47.64291,34.51613
CCCCN1c2ccc(/C=C3\SC(=S)N(CC(=O)O)C3=O)cc2Sc2cc(-n3c4ccc(-n5c6ccc(C(C)(C)C)cc6c6cc(C(C)(C)C)ccc65)cc4c4cc(-n5c6ccc(C(C)(C)C)cc6c6cc(C(C)(C)C)ccc65)ccc43)ccc21,chromophore,26.131777,48.778763
CCCCN1c2ccc(C=C3SC(=S)N(CC(=O)O)C3=O)cc2Sc2cc(-n3c4ccc(C(C)(C)C)cc4c4cc(C(C)(C)C)ccc43)ccc21,chromophore,26.128714,48.777164
CCCCN1c2ccccc2B(c2ccccc2C(F)(F)F)c2ccccc21,chromophore,13.649592,31.322191
CCCCN1c2ccccc2Sc2cc(-c3nc4c(-c5ccc(/C=C(\C#N)C(=O)O)cc5)ccc(-c5ccc(/C=C(\C#N)C(=O)O)cc5)c4n3CCCC)ccc21,chromophore,49.452553,35.445026
CCCCN1c2ccccc2Sc2cc(/C=C/c3ccc(/C=C(\C#N)C(=O)O)s3)ccc21,chromophore,47.623554,34.33514
CCCCN1c2ccccc2Sc2cc(C=Cc3ccc(C=C(C#N)C(=O)O)s3)ccc21,chromophore,47.623554,34.33514
CCCCNC(=O)c1ccc2ccc3c(N4CCCCC4)ccc4ccc1c2c43,chromophore,-18.443855,43.538326
CCCCOC(=O)/C(C#N)=C1\C(=O)C([O-])=C1C=C1N(C)c2ccccc2C1(C)C,chromophore,10.479526,42.73994
CCCCOC(=O)/C=C/c1c(C(=O)OC)cc2ccccn12,chromophore,-9.987172,42.8711
CCCCOC(=O)/C=C/c1nc2c(c(=O)n(C)c(=O)n2C)n1CCCC,chromophore,-11.0959635,31.353264
CCCCOC(=O)/C=C/c1nc2c(c(=O)n(CCCC)c(=O)n2C)n1C,chromophore,-11.100329,31.347725
CCCCOC(=O)c1cc(Oc2ccc(OC)cc2)c2c3c(Cl)cc4c5c(cc(Cl)c(c6c(Oc7ccc(OC)cc7)cc(C(=O)OCCCC)c1c26)c53)C(=O)N(c1c(C(C)C)cccc1C(C)C)C4=O,chromophore,-42.967216,-21.99327
CCCCOC(=O)c1ccccc1-c1c2ccc(=[N+](CC)CC)cc-2oc2cc(N(CC)CC)ccc12,chromophore,7.9051414,-63.05768
CCCCOc1c(C#N)cc2cc(C#N)c(OCCCC)c3c4c(OCCCC)c(C#N)cc5cc(C#N)c(OCCCC)c(c1c23)c54,chromophore,25.449846,11.010002
CCCCOc1c(C=C2N(C)c3ccccc3C2(C)C)c(=O)c1=O,chromophore,10.282749,42.633804
CCCCOc1c(C=C2Sc3ccccc3N2C)c(=O)c1=O,chromophore,14.640326,31.335331
CCCCOc1c2cc(-c3ccc(-c4ccc(-c5ccc(/C=C(\C#N)C(=O)O)s5)s4)s3)cc1Cc1cc(-c3ccc(-c4ccc(-c5ccc(/C=C(\C#N)C(=O)O)s5)s4)s3)cc(c1OCCCC)Cc1cc(-c3ccc(-c4ccc(-c5ccc(/C=C(\C#N)C(=O)O)s5)s4)s3)cc(c1OCCCC)Cc1cc(-c3ccc(-c4ccc(-c5ccc(/C=C(\C#N)C(=O)O)s5)s4)s3)cc(c1OCCCC)C2,chromophore,62.62964,32.49001
CCCCOc1cc(/C=C/c2cc(OC)c(N3CCCC3)cc2OC)c(OCCCC)cc1/C=C/c1ccnc(-c2cc(C)ccn2)c1,chromophore,21.576931,10.724739
CCCCOc1cc(/C=C/c2ccnc(-c3cc(C)ccn3)c2)c(OCCCC)cc1/C=C/c1ccc(N(CCCC)CCCC)cc1,chromophore,21.663307,10.656556
CCCCOc1ccc(-c2cc(-c3ccc(OCCCC)cc3)c3ccc4c(-c5ccc(OCCCC)cc5)cc(-c5ccc(OCCCC)cc5)c5ccc2c3c54)cc1,chromophore,26.336147,12.093387
CCCCOc1ccc(-c2ccc(C=C(C#N)C(=O)O)s2)c(OCCCC)c1,chromophore,62.85621,32.274483
CCCCOc1ccc(-c2ccc(N(c3ccc(-c4ccc(-c5ccc(-c6ccc(-c7ccncc7)s6)c6nsnc56)s4)cc3)c3ccc(-c4ccc(OCCCC)cc4OCCCC)cc3)cc2)c(OCCCC)c1,chromophore,37.177563,9.760585
CCCCOc1ccc(-c2ccc(N(c3ccc(-c4ccc(OCCCC)cc4OCCCC)cc3)c3ccc(-c4ccc(-c5ccc(/C=C(\C#N)C(=O)O)o5)c5nsnc45)cc3)cc2)c(OCCCC)c1,chromophore,75.31572,26.331068
CCCCOc1ccc(-c2sc(/C=C3/SC(=O)N(CC(=O)O)C3=S)c3c2OCCO3)c(OCCCC)c1,chromophore,26.402575,38.13607
CCCCOc1ccc(/C2=C3\C=CC(=N3)/C(c3ccccc3)=c3/cc/c4[n]3[Zn][n]3c2ccc3/C(c2ccccc2)=C2/C=CC(=N2)/C=4C=CC(=O)O)cc1,chromophore,16.637907,74.667984
CCCCOc1ccc(/C=C/c2cc(C)c3n2[B-](F)(F)[N+]2=CC=CC2=C3)cc1,chromophore,-90.2421,-19.23008
CCCCOc1ccc(C(=O)Nc2ccc(C(=O)/C=C/c3ccc(N(C)CCO)cc3)cc2)cc1,chromophore,-66.80736,-28.369667
CCCCOc1ccc(N(c2ccc(OCCCC)cc2)c2ccc(-c3ccc(/C=C(\C#N)C(=O)O)s3)cc2)cc1,chromophore,81.01982,23.590816
CCCCOc1ccc(N(c2ccc(OCCCC)cc2)c2ccc(-c3ccc(C=C(C#N)C(=O)O)s3)cc2)cc1,chromophore,81.01947,23.590725
CCCCOc1ccc(N(c2ccc(OCCCC)cc2)c2ccc(-c3ccc4c(c3)C3(OCCO3)C3(OCCO3)c3cc(-c5ccc(/C=C(\C#N)C(=O)O)s5)ccc3-4)cc2)cc1,chromophore,80.56301,21.529367
CCCCOc1ccc(N(c2ccc(OCCCC)cc2)c2ccc3nc(/C=C(/C#N)C(=O)O)ccc3c2)cc1,chromophore,73.780846,23.7653
CCCCOc1ccc(N(c2ccc(OCCCC)cc2)c2ccc3nc(/C=C(\C#N)C(=O)O)ccc3c2)cc1,chromophore,73.780846,23.7653
CCCCOc1ccc(N(c2ccc(OCCCC)cc2)c2ccc3nc(/C=C(\C#N)C(=O)O)ncc3c2)cc1,chromophore,73.79094,23.77905
CCCCOc1ccc2cc(-c3ccc(C)cc3)c(=O)oc2c1,chromophore,28.823818,10.959456
CCCCOc1cccc(OCCCC)c1-c1cc(-c2ccc3c(c2)c2ccccc2n3CC)sc1-c1sc(-c2ccc(/C=C(\C#N)C(=O)O)s2)cc1-c1c(OCCCC)cccc1OCCCC,chromophore,58.073433,34.157955
CCCCSC1=C(SCCCC)SC(=C(C(=C2SC(SCCCC)=C(SCCCC)S2)c2ccc(-c3ccc(C=C(C#N)C(=O)O)s3)cc2)c2ccc(-c3ccc(C=C(C#N)C(=O)O)s3)cc2)S1,chromophore,62.019653,32.919308
CCCCSC1=C(SCCCC)SC(=Cc2ccc(-c3ccc(/C=C(\C#N)C(=O)O)s3)s2)S1,chromophore,62.452625,33.070084
CCCC[C@@H](CC)CN1C(=O)/C(=C2/C(=O)N(C[C@H](CC)CCCC)c3cc(-c4ccc5c(c4)[C@@H]4CCC[C@@H]4N5c4ccc(C)cc4)ccc32)c2ccc(-c3ccc(/C=C(\C#N)C(=O)O)cc3)cc21,chromophore,42.288372,49.16874
CCCC[C@@H](CC)Cn1c2cc(-c3ccc(/C=C(\C#N)C(=O)O)s3)ccc2c2nc3c(-c4ccc(N(c5ccccc5)c5ccccc5)cc4)ccc(-c4ccc(N(c5ccccc5)c5ccccc5)cc4)c3nc21,chromophore,74.136,36.738865
CCCC[C@H](C)Cc1ccc(-c2ccc(-c3cc4c(cc(-c5ccc(-c6ccc(C=C(C#N)C(=O)O)s6)cc5)n4-c4ccc(OC[C@@H](CC)CCCC)cc4)n3-c3ccc(OC[C@@H](CC)CCCC)cc3)cc2)cc1,chromophore,58.4527,41.37366
CCCC[C@H](CC)CN1c2ccc(/C=C3\SC(=S)N(CC(=O)O)C3=O)cc2Sc2cc(/C=C3/SC(=S)N(CC(=O)O)C3=O)ccc21,chromophore,26.43658,46.65846
CCCC[C@H](CC)COc1ccc(-c2cc3c4c5c2cccc5c2cccc5c(-c6ccc(-c7ccc(-c8ccc(/C=C(\C#N)C(=O)O)s8)c8nc(-c9ccccc9)c(-c9ccccc9)nc78)s6)cc(c4c52)n3C[C@@H](CC)CCCC)cc1,chromophore,59.811462,40.696903
CCCC[C@H](CC)COc1ccc(-n2c(-c3ccc(-c4ccc(C=C(C#N)C(=O)O)cc4)cc3)cc3c2cc(-c2ccc(-c4ccc(C[C@@H](CC)CCCC)cc4)cc2)n3-c2ccc(OC[C@@H](CC)CCCC)cc2)cc1,chromophore,58.275692,41.51599
CCCC[C@H](CC)COc1ccc(N(c2ccc(OC[C@@H](CC)CCCC)cc2)c2ccc(-c3ccc(-c4ccc(-c5ccc(/C=C(\C#N)C(=O)O)s5)c5nsnc45)s3)cc2)cc1,chromophore,76.91187,34.716427
CCCC[C@@H](CC)C[C@]1(C[C@@H](CC)CCCC)c2cc(-c3ccc(/C=C(\C#N)C(=O)O)s3)sc2-c2sc(-c3cnc(-c4ccc5c(c4)[C@H]4CCC[C@H]4N5c4ccc(C)cc4)c4nsnc34)cc21,chromophore,42.245373,50.29355
CCCC[C@H](CC)Cc1cc(-c2sc(-c3sc(-c4ccc5c(c4)c4ccccc4n5CC)cc3C[C@@H](CC)CCCC)cc2C[C@@H](CC)CCCC)sc1/C=C(\C#N)C(=O)O,chromophore,60.695415,38.480576
CCCC[N+]1=C(/C=C2/C(=O)C(O)=C2[O-])C(C)(C)c2c1ccc(-c1ccccc1)c2-c1ccccc1,chromophore,12.2968,45.498425
CCCC[N+]1=C(C=C2C(=O)C(C=C3C=C(c4ccccc4)Sc4ccccc43)=C2[O-])C(C)(C)c2cc(C(=O)O)ccc21,chromophore,11.872717,46.211643
CCCCc1c(CCCC)c2cc(C(C)(C)C)cc3c(CCCC)c(CCCC)c4cccc1c4[n+]23,chromophore,-8.215273,-44.652256
CCCCc1c2ccccc2c(-c2ccc(-c3nc4cc(CC(NC(=O)OC(C)(C)C)C(=O)OC)ccc4o3)cc2)c2ccccc12,chromophore,-50.594677,-22.919998
CCCCc1cc(-c2cccc(COC)c2)oc1-c1cccc(-c2oc(-c3cccc(COC)c3)cc2CCCC)c1,chromophore,17.455067,16.948486
CCCCc1cc(-c2cccc(COC)c2)oc1-c1cccc(COC)c1,chromophore,17.455147,16.94885
CCCCc1cc(C(=O)CCC)c2ccc3c(CCCC)cc(N4CCCCC4)c4ccc1c2c34,chromophore,-18.393612,43.55487
CCCCc1cc(C=O)c2ccc3c(CCCC)cc(CCCC)c4ccc1c2c34,chromophore,18.15836,19.211657
CCCCc1cc2cccc[n+]2[b-]2c(-c3cccc4[b-]3[n+]3ccccc3cc4CCCC)cccc21,chromophore,19.815079,16.874355
CCCCc1cc2cccc[n+]2[b-]2ccc(-c3cc[b-]4c(c3)c(CCCC)cc3cccc[n+]43)cc21,chromophore,19.950212,16.824556
CCCCc1ccc(-n2c(-c3ccc(-c4ccc(C=C(C#N)C(=O)O)s4)s3)nc3c4ccccc4c4ccccc4c32)cc1,chromophore,62.023773,33.91465
CCCCc1ccc(-n2c(-c3ccc4c(c3)Sc3cc(C=C(C#N)C(=O)O)ccc3N4CC)nc(-c3ccc(OC)cc3)c2-c2ccc(OC)cc2)cc1,chromophore,48.527924,38.14651
CCCCc1ccc(-n2c3c(c4c2c2c(n4-c4ccc(CCCC)cc4)-c4cc(F)ccc4NB2c2ccccc2)B(c2ccccc2)Nc2ccc(F)cc2-3)cc1,chromophore,15.4461155,19.113096
CCCCc1ccc(-n2c3c4cc(F)ccc4nc(-c4ccc(OC)cc4)c3c3c2c2c(-c4ccc(OC)cc4)nc4ccc(F)cc4c2n3-c2ccc(CCCC)cc2)cc1,chromophore,-18.447796,-52.330296
CCCCc1ccc(-n2c3c4cc(F)ccc4nnc3c3c2c2nnc4ccc(F)cc4c2n3-c2ccc(CCCC)cc2)cc1,chromophore,15.547744,18.97591
CCCCc1ccc(/C2=C3\C=CC(=N3)/C(c3ccc(CCCC)cc3)=c3/cc/c4[n]3[Zn][n]3c2ccc3/C(c2ccc(CCCC)cc2)=C2C=C(/C=C/C=C(C(=O)O)C(=O)O)C(=N/2)C=4/c2ccc(CCCC)cc2)cc1,chromophore,16.95364,74.45724
CCCCc1ccc(C(=O)Nc2ccc(C(=O)/C=C/c3ccc(N(C)CCO)cc3)cc2)cc1,chromophore,-67.124374,-29.340925
CCCCc1ccc2ccc3c(CCCC)cc(C(=O)CCC)c4ccc1c2c34,chromophore,17.849806,19.475445
CCCCc1ccc2ccc3c(CCCC)cc(C=O)c4ccc1c2c43,chromophore,17.9869,19.376698
CCCCn1c(-c2ccc(-c3ccc(/C=C(/C#N)C(=O)O)s3)s2)nc2c(-c3ccc(N(c4ccccc4)c4ccccc4)cc3)ccc(-c3ccc(N(c4ccccc4)c4ccccc4)cc3)c21,chromophore,68.78024,26.49224
CCCCn1c(-c2ccc(-c3ccc(/C=C(\C#N)C(=O)O)s3)cc2)nc2c(-c3cccs3)sc(-c3cccs3)c21,chromophore,61.392944,32.991222
CCCCn1c(-c2ccc(-c3ccc(C=O)s3)s2)nc2c3cccnc3c3ncccc3c21,chromophore,26.048487,18.095776
CCCCn1c(-c2ccc(-c3nnc(-c4ccc(-c5nc6c7ccccc7c7ccccc7c6n5CCCC)cc4)o3)cc2)nc2c3ccccc3c3ccccc3c21,chromophore,26.152782,18.660252
CCCCn1c(-c2ccc(-c3nnc(-c4cccs4)o3)cc2)nc2c3ccccc3c3ccccc3c21,chromophore,26.155643,18.542404
CCCCn1c(-c2ccc(N(c3ccccc3)c3ccccc3)cc2)nc2c(-c3ccc(-c4ccc(/C=C(/C#N)C(=O)O)s4)s3)ccc(-c3ccc(-c4ccc(/C=C(\C#N)C(=O)O)s4)s3)c21,chromophore,68.79202,26.520966
CCCCn1c(-c2ccc(N(c3ccccc3)c3ccccc3)cc2)nc2c(-c3ccc(/C=C(\C#N)C(=O)O)cc3)ccc(-c3ccc(/C=C(\C#N)C(=O)O)cc3)c21,chromophore,68.15139,25.176004
CCCCn1c(-c2ccc(N(c3ccccc3)c3ccccc3)cc2)nc2c(-c3ccc(/C=C(\C#N)C(=O)O)s3)ccc(-c3ccc(/C=C(\C#N)C(=O)O)s3)c21,chromophore,68.767784,26.484047
CCCCn1c(-c2ccc3c(c2)C(CC)(CC)c2cc(-c4ccc(-c5ccc(/C=C(\C#N)C(=O)O)s5)s4)ccc2-3)nc2c3cccc4ccc5cccc(c5c43)c21,chromophore,56.12629,32.794113
CCCCn1c(-c2cccs2)nc2c3cccnc3c3ncccc3c21,chromophore,26.058744,18.143335
CCCCn1c(/C=C/c2ccc(/C=C(\C#N)C(=O)O)n2-c2ccc(-c3ccc(N(c4ccccc4)c4ccccc4)cc3)cc2)cc2cc(-c3ccc(N(c4ccccc4)c4ccccc4)cc3)ccc21,chromophore,63.805218,26.798063
CCCCn1c(/C=C/c2ccccc2)nc2c(N(C)C)nc(N(C)C)nc21,chromophore,23.291588,-11.247862
CCCCn1c(=O)c2cc3ccc4cccc5ccc(c2c1=O)c3c45,chromophore,24.09892,23.26078
CCCCn1c2c(-c3ccc(N(c4ccccc4)c4ccccc4)cc3)cc(C#N)cc2c2cc(C#N)cc(-c3ccc(N(c4ccccc4)c4ccccc4)cc3)c21,chromophore,34.557396,-3.7159643
CCCCn1c2cc(-c3ccc(-c4ccc(-c5ccc(C=O)s5)s4)s3)ccc2c2ccc(N(c3ccccc3)c3ccccc3)cc21,chromophore,37.443207,-4.542001
CCCCn1c2cc(-c3ccc(-c4ccc(/C=C(\C#N)C(=O)O)s4)s3)ccc2c2ccc(N(c3ccc(-c4ccc5c(c4)C(CC)(CC)c4ccccc4-5)cc3)c3ccc(-c4ccc5c(c4)C(CC)(CC)c4ccccc4-5)cc3)cc21,chromophore,77.1948,13.599491
CCCCn1c2cc(-c3ccc(-c4ccc(C=O)cc4)s3)ccc2c2ccc(N(c3ccccc3)c3ccccc3)cc21,chromophore,37.417202,-4.5716834
CCCCn1c2cc(-c3ccc(/C=C(\C#N)C(=O)O)s3)ccc2c2ccc(N(c3ccc(-c4ccc5c(c4)C(CC)(CC)c4ccccc4-5)cc3)c3ccc(-c4ccc5c(c4)C(CC)(CC)c4ccccc4-5)cc3)cc21,chromophore,77.20659,13.617515
CCCCn1c2cc(-c3ccc(/C=C(\C#N)C(=O)O)s3)ccc2c2ccc(N(c3ccccc3)c3ccc4c(c3)C(CCC)(CCC)c3ccccc3-4)cc21,chromophore,77.16887,13.64245
CCCCn1c2cc(-c3ccc(/C=C(\C#N)C(=O)O)s3)ccc2c2ccc(N(c3ccccc3)c3ccccc3)cc21,chromophore,65.95469,26.669882
CCCCn1c2cc(-c3ccc(C4=C5C=CC(c6ccc(-c7ccncc7)s6)=[N+]5[B-](F)(F)n5c4ccc5-c4ccc(-c5ccncc5)s4)s3)ccc2c2ccc(N(c3ccccc3)c3ccccc3)cc21,chromophore,39.27145,-5.4621024
CCCCn1c2cc(-c3ccc(C4=[N+]5C(=C(c6ccc(/C=C(\C#N)c7ccncc7)s6)c6ccc(-c7ccc(-c8ccc9c%10ccc(N(c%11ccccc%11)c%11ccccc%11)cc%10n(CCCC)c9c8)s7)n6[B-]5(F)F)C=C4)s3)ccc2c2ccc(N(c3ccccc3)c3ccccc3)cc21,chromophore,39.441925,-5.5316014
CCCCn1c2cc(-c3ccc(C4=[N+]5C(C=C4)C(c4ccc(/C=C(\C#N)C(=O)O)s4)c4ccc(-c6ccc(-c7ccc8c9ccc(N(c%10ccccc%10)c%10ccccc%10)cc9n(CCCC)c8c7)s6)n4[B-]5(F)F)s3)ccc2c2ccc(N(c3ccccc3)c3ccccc3)cc21,chromophore,66.096725,26.529846
CCCCn1c2cc(-c3ccc(C=O)cc3)ccc2c2ccc(N(c3ccccc3)c3ccccc3)cc21,chromophore,36.059757,-4.6801877
CCCCn1c2cc(-c3ccc(O)c(O)c3)ccc2c2ccc(N(c3ccccc3)c3ccccc3)cc21,chromophore,36.161694,-4.3773575
CCCCn1c2cc(-c3cccs3)ccc2c2ccc(N(c3ccccc3)c3ccccc3)cc21,chromophore,37.0067,-4.4244146
CCCCn1c2ccc(-c3ccc(-c4ccc(C(=O)O)cc4)s3)cc2c2cc(-c3ccc(-c4ccc(C(=O)O)cc4)s3)ccc21,chromophore,25.74093,20.688759
CCCCn1c2ccc(-c3ccc(C(F)(F)F)cc3)cc2c2ccc3c4cc(-c5ccc(C(F)(F)F)cc5)ccc4n(CCCC)c3c21,chromophore,26.878141,22.110115
CCCCn1c2ccc(-c3ccc(OC)cc3)cc2c2cc(-c3ccc(/C=C(\C#N)C(=O)O)s3)ccc21,chromophore,59.699112,31.902767
CCCCn1c2ccc(-c3ccc4ccccc4c3)cc2c2ccc3c4cc(-c5ccc6ccccc6c5)ccc4n(CCCC)c3c21,chromophore,27.766766,21.277369
CCCCn1c2ccc(-c3cccc(F)c3)cc2c2ccc3c4cc(-c5cccc(F)c5)ccc4n(CCCC)c3c21,chromophore,27.142937,21.658424
CCCCn1c2ccc(-c3ccccc3)cc2c2ccc3c4cc(-c5ccccc5)ccc4n(CCCC)c3c21,chromophore,27.372044,21.350096
CCCCn1c2ccc(/C=C(\C#N)C(=O)O)cc2c2cc(-c3ccc(-c4ccc(OC)cc4)s3)ccc21,chromophore,59.667446,31.799719
CCCCn1c2ccc(/C=C(\C#N)c3ccc([N+](=O)[O-])cc3)cc2c2cc(Cn3c(-c4ccc5c(c4)c4ccccc4n5CCCC)nc4ccccc43)ccc21,chromophore,46.84047,2.8722115
CCCCn1c2ccc(/C=C3\SC(=O)NC3=O)cc2c2cc(/C=C3\SC(=O)NC3=O)ccc21,chromophore,31.764297,23.723236
CCCCn1c2ccc(C#Cc3ccc(/C=C(\C#N)C(=O)O)cc3)cc2c2nc3ccccc3nc21,chromophore,60.9342,27.94344
CCCCn1c2ccc(C=C3SC(=O)NC3=O)cc2c2cc(C=C3SC(=O)NC3=O)ccc21,chromophore,31.764297,23.723276
CCCCn1c2ccc(N(c3ccccc3)c3ccc(OC)cc3)cc2c2cc(N(c3ccc(/C=C(\C#N)C(=O)O)cc3)c3ccc(OC)cc3)ccc21,chromophore,62.34364,25.928345
CCCCn1c2ccc3ccc4ccccc4c3c2c2c3c(ccc4ccccc43)ccc21,chromophore,25.080227,22.5257
CCCCn1c2ccccc2c(=O)c2cc3c(cc21)c(=O)c1cc(-c2ccc(C=C(C#N)C(=O)O)s2)ccc1n3CCCC,chromophore,58.842957,33.791595
CCCCn1c2ccccc2c2cc(-c3ccc(-c4cc5c(s4)c4sc(/C=C(\C#N)C(=O)O)cc4n5-c4ccc5c(c4)C(CCCC)(CCCC)c4ccccc4-5)s3)ccc21,chromophore,56.51383,30.457405
CCCCn1c2ccccc2c2cc(-c3ccc4c(c3)c3cc(-c5sc(/C=C(\C#N)C(=O)O)c6c5OCCO6)ccc3n4CCCC)ccc21,chromophore,60.416416,34.53723
CCCCn1c2ccccc2c2cc(/C=C/c3ccc(/C=C/c4ccncc4)c4nsnc34)ccc21,chromophore,30.112404,22.160217
CCCCn1c2ccccc2c2cc(C#Cc3ccc4ccc5cccc6ccc3c4c56)ccc21,chromophore,28.988815,18.984386
CCCCn1c2ccccc2c2cc(C=C3C(=O)NC(=O)NC3=O)ccc21,chromophore,31.979021,23.439188
CCCCn1c2ccccc2c2ccc(C#Cc3ccc4ccc5cccc6ccc3c4c56)cc21,chromophore,28.990614,18.977453
CCCCn1c2ccccc2c2ccc3c4cc(-c5ccc(C(F)(F)F)cc5)ccc4n(CCCC)c3c21,chromophore,27.063137,21.99754
CCCCn1c2ccccc2c2ccc3c4cc(-c5ccc6ccccc6c5)ccc4n(CCCC)c3c21,chromophore,27.796518,21.274323
CCCCn1c2ccccc2c2ccc3c4cc(-c5cccc(F)c5)ccc4n(CCCC)c3c21,chromophore,27.24989,21.645052
CCCN(/N=C/c1ccc(N(c2ccc(C)cc2)c2ccc(C)cc2)cc1)c1ccc(/C=C2\SC(=S)N(CC(=O)O)C2=O)cc1,chromophore,24.985199,43.63047
CCCN(CCC)C(=O)CNc1c(-c2ccc(C)cc2O)nc2cc(C(=O)OC)ccn12,chromophore,-52.412983,-15.0352745
CCCN(CCC)C(=O)CNc1c(-c2ccc(C)o2)nc2cc(C(=O)OC)ccn12,chromophore,-52.438942,-15.12888
CCCN(CCC)C(=O)CNc1c(-c2ccc(Cl)cc2)nc2cc(C(=O)OC)ccn12,chromophore,-53.898193,-6.787458
CCCN(CCC)C(=O)CNc1c(/C=C/c2ccc(OC)cc2)nc2cc(C(=O)OC)ccn12,chromophore,-45.087143,-30.314722
CCCN(CCC)c1ccc(-c2c3c(n4ccc(C(=O)OC)cc24)C(=O)N(CCNC(=O)OC(C)(C)C)C3)cc1,chromophore,-77.17684,0.8587237
CCCN(CCC)c1ccc(-c2c3c(n4ccc(C(C)=O)cc24)C(=O)N(CCNC(=O)OC(C)(C)C)C3)cc1,chromophore,-77.19559,0.80917233
CCCN(CCC)c1ccc(-c2nc3c4ccc(OCc5ccccc5)cc4c4cccc2n43)cc1,chromophore,9.791358,-38.80388
CCCN(N=Cc1ccc(N(c2ccccc2)c2ccc(C)cc2)cc1)c1ccc(C=C2SC(=S)N(CC(=O)O)C2=O)cc1,chromophore,25.052929,43.523575
CCCN1/C(=C/C=C(/C=C/C2=[N+](CCC)c3ccccc3C2(C)C)c2ccc([N+](=O)[O-])cc2)C(C)(C)c2ccccc21,chromophore,9.462996,44.9306
CCCN1/C(=C/C=C(/C=C/c2sc3ccccc3[n+]2CCC)c2ccc([N+](=O)[O-])cc2)C(C)(C)c2ccccc21,chromophore,9.489008,44.913723
CCCN1c2ccc(C3=C4C=CC=[N+]4[B-](F)(F)n4cccc43)cc2Sc2cc(C3=C4C=CC=[N+]4[B-](F)(F)n4cccc43)ccc21,chromophore,-38.1096,-48.72216
CCCN1c2ccccc2Sc2cc(C#CC3=C4C=CC=[N+]4[B-](F)(F)n4cccc43)ccc21,chromophore,-38.115143,-48.669655
CCCN1c2ccccc2Sc2cc(C3=C4C=CC=[N+]4[B-](F)(F)n4cccc43)ccc21,chromophore,-38.110626,-48.700253
CCCNc1ccc(C)c2c1=NC(C)(C)N=2,chromophore,-14.076276,19.462917
CCCNc1ccc([N+](=O)[O-])c2n[nH]nc12,chromophore,0.68808275,22.3746
CCCOC1Cc2cc(/C=N/N(c3ccccc3)c3ccc(C=C4SC(=S)N(CC(=O)O)C4=O)cc3)ccc2N(c2ccccc2)C1,chromophore,25.024885,44.577717
CCCOc1cc2c(C(C)(C)C)c(c1)Cc1cc(OCCCCC(=O)OCc3cc(-c4ccc(-c5ccc(/C=C(\C#N)C(=O)O)cc5)c5nsnc45)sc3-c3ccc(N(c4ccccc4)c4ccccc4)cc3)cc(c1C(C)(C)C)Cc1cc(OCCC)cc(c1C(C)(C)C)Cc1cc(OCCCCC(=O)OCc3cc(-c4ccc(-c5ccc(/C=C(\C#N)C(=O)O)cc5)c5nsnc45)sc3-c3ccc(N(c4ccccc4)c4ccccc4)cc3)cc(c1C(C)(C)C)C2,chromophore,73.36214,32.118027
CCCOc1cc2c(C(C)(C)C)c(c1)Cc1cc(OCCCCC(=O)OCc3cc(-c4ccc(/C=C(\C#N)C(=O)O)s4)sc3-c3ccc(N(c4ccccc4)c4ccccc4)cc3)cc(c1C(C)(C)C)Cc1cc(OCCC)cc(c1C(C)(C)C)Cc1cc(OCCCCC(=O)OCc3cc(-c4ccc(C=C(C#N)C(=O)O)s4)sc3-c3ccc(N(c4ccccc4)c4ccccc4)cc3)cc(c1C(C)(C)C)C2,chromophore,73.65745,27.347399
CCCOc1cc2c(C(C)(C)C)c(c1)Cc1cc(OCCCCC(=O)OCc3cc(/C=C(\C#N)C(=O)O)sc3-c3ccc(N(c4ccccc4)c4ccccc4)cc3)cc(c1C(C)(C)C)Cc1cc(OCCC)cc(c1C(C)(C)C)Cc1cc(OCCCCC(=O)OCc3cc(C=C(C#N)C(=O)O)sc3-c3ccc(N(c4ccccc4)c4ccccc4)cc3)cc(c1C(C)(C)C)C2,chromophore,73.71215,27.36085
CCCOc1ccc(/C=C/c2cc(C)c3n2[B-](F)(F)[N+]2=CC=CC2=C3)cc1,chromophore,-90.18161,-19.134184
CCCSC1=[N+]2C(=C(c3ccccc3)c3ccc(SCCC)n3[B-]2(F)F)C=C1,chromophore,-36.736435,-60.506752
CCCSC1=[N+]2C(=C(c3ccccc3)c3ccc(SCCC)n3[B-]2(F)F)C=C1SC#N,chromophore,-36.520535,-60.310265
CCC[Si](CCC)(CCC)c1cc2ccc3cccc4ccc(c1C(=O)NC(C)(C)C)c2c34,chromophore,-21.754112,-25.984533
CCCc1c(/C=C(\C#N)C(=O)O)sc2cc(-c3ccc4c(c3)C3CCCC3N4c3ccc4c(c3)C(CCC)(CCC)c3c5c(c6c(c3-4)C(CCC)(CCC)c3ccccc3-6)C(CCC)(CCC)c3ccccc3-5)sc12,chromophore,38.555317,47.098766
CCCc1c(/C=C(\C#N)C(=O)O)sc2cc(-c3ccc4c(c3)[C@@H]3CCC[C@@H]3N4c3ccc(OC(C)(C)C)cc3)sc12,chromophore,41.376534,48.319103
CCCc1c(/C=C(\C#N)C(=O)O)sc2cc(-c3ccc4c(c3)[C@@H]3CCC[C@@H]3N4c3ccc4c(c3)C(CCC)(CCC)c3c5c(c6c(c3-4)C(CCC)(CCC)c3ccccc3-6)C(CCC)(CCC)c3ccccc3-5)sc12,chromophore,38.555317,47.098766
CCCc1cc2c(s1)-c1cc3c(cc1NB2c1ccccc1)-c1sc(CCC)cc1B(c1ccccc1)N3,chromophore,20.159576,17.554113
CCCc1cc2c3[o+]c(CCC)c(CCC)c4cccc(c5cccc(c1CCC)c52)c43,chromophore,18.093763,18.11166
CCCc1cc2c3c(NC)ncnc3cc(CCC)n2n1,chromophore,-15.20797,17.131317
CCCc1cc2ncnc(NC)c2c2cc(C3CCCCC3)nn12,chromophore,-15.2134075,16.955019
CCCc1ccc(-c2c3ccc(=[NH2+])cc-3oc3cc(N)ccc23)cc1,chromophore,-0.2070414,-68.52016
CCCc1ccc(-c2c3ccc(=[NH2+])cc-3oc3cc(N4CCCCC4)ccc23)cc1,chromophore,-0.036425143,-70.4192
CCCc1ccc(C#Cc2cc(C#Cc3ccc(CCC)cc3)c3ccc4c(C#Cc5ccc(CCC)cc5)cc(C#Cc5ccc(CCC)cc5)c5ccc2c3c54)cc1,chromophore,7.3075485,-15.188433
CCCc1ccc(C#Cc2cc(C#Cc3ccc(CCC)cc3)c3ccc4c(C#Cc5ccc(N(C)C)cc5)cc(C#Cc5ccc(CCC)cc5)c5ccc2c3c54)cc1,chromophore,8.22373,-15.465853
CCCn1c(=O)c(/C=C/c2nc3ccc(C)cc3n(CCC)c2=O)nc2ccc(C)cc21,chromophore,-11.73693,33.733295
CCCn1c2cccc3oc4cccc5c4[c+](c32)c2c1cccc2n5CCC,chromophore,3.3404899,0.6371617
CCN(CC)C(=O)c1ccc2ccc3c(N4CCCCC4)ccc4ccc1c2c43,chromophore,-18.490126,43.507706
CCN(CC)c1cc2oc(=O)cc(C)c2cc1C,chromophore,16.713772,-56.552795
CCN(CC)c1ccc(-c2c3c(n4c2ccc2oc(-c5ccc(C#N)cc5)cc24)C(=O)N(CCCNC(=O)OC(C)(C)C)C3)cc1,chromophore,-77.27487,-0.46340126
CCN(CC)c1ccc(-c2c3c(n4c2ccc2oc(-c5ccccc5)cc24)C(=O)N(CCCNC(=O)OC(C)(C)C)C3)cc1,chromophore,-76.70565,-0.3015863
CCN(CC)c1ccc(-c2c3c(n4ccc(C(C)=O)cc24)C(=O)N(CCCNC(=O)OC(C)(C)C)C3)cc1,chromophore,-77.15607,0.61128885
CCN(CC)c1ccc(-c2cc3c(ccc4c(-c5ccccc5)c5c(n43)C(=O)N(CCCNC(=O)OC(C)(C)C)C5)o2)cc1,chromophore,-76.70565,-0.3015863
CCN(CC)c1ccc(-c2cc3c(s2)=CC2=C(c4ccc(C(=O)O)cc4)c4cc5sc(-c6ccc(N(CC)CC)cc6)cc5n4[B-](F)(F)[N+]=32)cc1,chromophore,-36.647877,-70.83803
CCN(CC)c1ccc(-c2cc3c(s2)c(C(=O)OC)cc(=O)n3C)cc1,chromophore,10.727878,-30.03854
CCN(CC)c1ccc(-c2ccc(-c3nc(N4CCOCC4)c4ccccc4n3)s2)cc1,chromophore,22.021986,-46.116158
CCN(CC)c1ccc(-c2ccc(-c3nc4ccccc4c(=O)[nH]3)s2)cc1,chromophore,21.966394,-46.220783
CCN(CC)c1ccc(-c2nc(Oc3ccc(-c4nc5ccc(Cl)cc5o4)cc3)nc(Oc3ccc(-c4nc5ccc(Cl)cc5o4)cc3)n2)cc1,chromophore,14.656131,-55.65013
CCN(CC)c1ccc(-c2nc3c(c4c2-c2ccc(C#N)cc2CC4)-c2ccc(C#N)cc2CC3)cc1,chromophore,12.8980255,-13.739725
CCN(CC)c1ccc(-c2nc3c4ccccc4n(C)c3nc2-c2ccc(B(c3c(C)cc(C)cc3C)c3c(C)cc(C)cc3C)cc2)cc1,chromophore,16.601812,-43.91427
CCN(CC)c1ccc(-c2nc3c4ccccc4n(C)c3nc2-c2ccc([B-](F)(c3c(C)cc(C)cc3C)c3c(C)cc(C)cc3C)cc2)cc1,chromophore,16.62912,-43.9135
CCN(CC)c1ccc(-c2oc3ccccc3c(=O)c2OC)cc1,chromophore,14.62801,-59.655876
CCN(CC)c1ccc(/C=C/c2sc3c4ccccc4ccc3[n+]2CCCS(=O)(=O)[O-])c(O)c1,chromophore,17.564709,-50.18264
CCN(CC)c1ccc(/C=C2\CC/C(=C\c3ccc(N(c4ccc(/C=C5\CC/C(=C\c6ccc(N(CC)CC)cc6)C5=C(C#N)C#N)cc4)c4ccc(/C=C5\CC/C(=C\c6ccc(N(CC)CC)cc6)C5=C(C#N)C#N)cc4)cc3)C2=C(C#N)C#N)cc1,chromophore,49.20739,-36.95695
CCN(CC)c1ccc(/C=N/CC/N=C/c2ccc(N(CC)CC)cc2O)c(O)c1,chromophore,19.562862,-51.491215
CCN(CC)c1ccc(/C=N/Nc2ccc(C#N)cc2)c(O)c1,chromophore,21.495975,-54.317165
CCN(CC)c1ccc(/C=N/c2cc3ccccc3cc2/N=C/c2ccc(N(CC)CC)cc2O)c(O)c1,chromophore,19.268257,-50.552414
CCN(CC)c1ccc(/N=N/c2nc3ccc(Br)cc3s2)cc1,chromophore,20.199663,-50.857323
CCN(CC)c1ccc(/N=N/c2nc3ccc([N+](=O)[O-])cc3s2)cc1,chromophore,21.7034,-6.968405
CCN(CC)c1ccc(/N=N\c2ccc3c4c(cccc24)C(=O)OC3=O)c(C)c1,chromophore,15.899777,-56.518562
CCN(CC)c1ccc(C(=C(c2ccc(Br)cc2)c2ccc(-c3ccc(/C=C(/C#N)C(=O)O)s3)cc2)c2ccc(N(CC)CC)cc2)cc1,chromophore,63.407192,12.000633
CCN(CC)c1ccc(C2=C3C(C)=CC(/C=C/c4ccc(OCC(=O)OC)cc4)=[N+]3[B-](F)(F)n3c(C)cc(C)c32)cc1,chromophore,-46.72945,-66.043175
CCN(CC)c1ccc(C2=C3C(C)=CC(C)=[N+]3[B-](F)(F)n3c(C)cc(C)c32)cc1,chromophore,-44.027653,-63.970856
CCN(CC)c1ccc(C=CC(=O)O)cc1,chromophore,28.044462,-15.258347
CCN(CC)c1ccc(C=Cc2nc3nc4ccccc4nc3s2)cc1,chromophore,25.874369,-14.653524
CCN(CC)c1ccc2c(-c3ccc(C(=O)NCCCCCC(=O)O)cc3C(=O)O)c3ccc(N(CC)CCCS(=O)(=O)O)cc3[o+]c2c1,chromophore,-3.1183248,14.59952
CCN(CC)c1ccc2c(-c3ccc(C(=O)NCCCCCC(=O)O)cc3S(=O)(=O)O)c3ccc(N(CC)CC)cc3[o+]c2c1,chromophore,-3.1237152,14.604428
CCN(CC)c1ccc2c(-c3ccc(S(=O)(=O)O)cc3S(=O)(=O)[O-])c3ccc(=[N+](CC)CC)cc-3oc2c1,chromophore,7.96755,-63.74969
CCN(CC)c1ccc2c(-c3ccc4cc(OC)ccc4c3)c3ccc(=[NH2+])cc-3[nH]c2c1,chromophore,3.9308672,-61.93072
CCN(CC)c1ccc2c(-c3ccc4ccccc4c3)c3ccc(=[NH2+])cc-3[nH]c2c1,chromophore,3.9796526,-61.872227
CCN(CC)c1ccc2c(-c3cccc(OC)c3)c3ccc(=[NH2+])cc-3[nH]c2c1,chromophore,3.927078,-61.95754
CCN(CC)c1ccc2c(-c3cccc(S(=O)(=O)[O-])c3)c(C)c(CC/C=C3/N(CCCCCC(=O)O)c4ccc(S(=O)(=O)[O-])cc4C3(C)C)[o+]c2c1,chromophore,5.7308164,52.686497
CCN(CC)c1ccc2c(-c3ccccc3C(=O)O)c3c([o+]c2c1)/C(=C/Nc1ccccc1)CCC3,chromophore,13.17153,-51.528072
CCN(CC)c1ccc2c(-c3ccccc3C(=O)O)c3c([o+]c2c1)/C(=C/c1ccc(O)c(Cl)c1)CCC3,chromophore,13.129956,-51.472054
CCN(CC)c1ccc2c(-c3ccccc3C(=O)O)c3c([o+]c2c1)/C(=C/c1ccc(O)cc1)CCC3,chromophore,13.145534,-51.510635
CCN(CC)c1ccc2c(-c3ccccc3C(=O)O)c3ccc(=[N+](CC)CC)cc-3oc2c1,chromophore,7.9726315,-63.080555
CCN(CC)c1ccc2c(-c3ccccc3C(=O)[O-])c3ccc(=[N+](CC)CC)cc-3oc2c1,chromophore,7.9436646,-63.162083
CCN(CC)c1ccc2c(/C=C/C=C/C=C3\N(CCCCCC(=O)O)c4ccc(S(=O)(=O)[O-])cc4C3(C)C)cc(C(C)(C)C)[o+]c2c1,chromophore,6.186804,52.298935
CCN(CC)c1ccc2c(/C=C/C=C3\N(CCCCCS(=O)(=O)O)c4ccc(S(=O)(=O)[O-])cc4C3(C)CCCC(=O)O)cc(C(C)(C)C)[o+]c2c1,chromophore,6.195972,52.372486
CCN(CC)c1ccc2c(C#N)c(/C=C(\C#N)c3nc4ccccc4o3)c(=O)oc2c1,chromophore,20.304087,-59.491875
CCN(CC)c1ccc2c(C(=O)ON3C(=O)C=CC3=O)cc(=O)oc2c1,chromophore,16.97563,-56.637585
CCN(CC)c1ccc2c(C(C)(C)C)cc(/C=C/C=C/C=C3/N(CCCCCC(=O)O)c4ccc(S(=O)(=O)[O-])cc4C3(C)C)[o+]c2c1,chromophore,6.1861734,52.27147
CCN(CC)c1ccc2c(C(C)(C)C)cc(/C=C/C=C/C=C3/N(CCCS(=O)(=O)[O-])c4ccc(S(=O)(=O)[O-])cc4C3(C)CCCC(=O)O)[o+]c2c1,chromophore,6.1423807,52.347347
CCN(CC)c1ccc2c(C(F)(F)F)cc(=O)oc2c1,chromophore,16.641405,-57.0917
CCN(CC)c1ccc2c(c1)C(C)(C)C(=O)C=C2,chromophore,19.471973,-53.28977
CCN(CC)c1ccc2c(c1)C(C)(C)c1cc(C=O)ccc1-2,chromophore,19.605274,-53.301376
CCN(CC)c1ccc2c(c1)Cc1c-2[o+]c2c(c1-c1ccccc1OC)Cc1cc(N(CC)CC)ccc1-2,chromophore,23.906042,-52.792385
CCN(CC)c1ccc2c(c1)O/C(=C/C=C1/C(=O)N(CCCCCC(=O)O)C(=O)N(CCCS(=O)(=O)O)C1=O)C=C2c1cc(S(=O)(=O)O)c(OC)cc1C,chromophore,3.7064996,54.13547
CCN(CC)c1ccc2c(c1)O/C(=C/C=C1/C(=O)N(CCCCCC(=O)O)C(=O)N(CCCS(=O)(=O)[O-])C1=O)C=C2C(C)(C)C,chromophore,3.7666533,54.080406
CCN(CC)c1ccc2c(c1)O/C(=C/CC1C(=O)N(CCCCCC(=O)O)C(=O)N(CCCS(=O)(=O)O)C1=O)C(C)=C2c1cccc(C(=O)O)c1,chromophore,3.7213392,54.10778
CCN(CC)c1ccc2c(c1)O\C(=C/C=C/C=c1\cc3c(oc1=O)=CC(=[N+](CC)CC)C=C3)C=C2c1ccccc1C(=O)O,chromophore,13.396022,-52.935654
CCN(CC)c1ccc2c(c1)O/C(=C\C=c1/cc3c(oc1=O)=CC(=[N+](CC)CC)C=C3)C=C2c1ccccc1C(=O)O,chromophore,13.393668,-52.934296
CCN(CC)c1ccc2c(c1)OC(=C1C=CC(=[N+](CC)CC)C=C1)C=C2c1ccccc1C(=O)O,chromophore,13.369661,-52.8067
CCN(CC)c1ccc2c(c1)OC1=C(/C=C/C3=[N+](CC)c4ccccc4C3(C)C)CCCC1=C2c1ccccc1C(=O)O,chromophore,1.7896761,42.643272
CCN(CC)c1ccc2c(c1)Oc1c3c4c(cc1=C2c1ccccc1C(=O)[O-])CCC[N+]=4CCC3,chromophore,13.124565,-52.434162
CCN(CC)c1ccc2c(c1)oc(=O)c1c(=O)oc3c(C)c4oc(=O)c5c(=O)oc6cc(N(CC)CC)ccc6c5c4cc3c12,chromophore,16.56811,-57.005573
CCN(CC)c1ccc2c(c1)oc(=O)c1c(=O)oc3cc(Br)ccc3c12,chromophore,16.570463,-57.08255
CCN(CC)c1ccc2cc(-c3cc(SC)c(C#N)c(=O)o3)c(=O)oc2c1,chromophore,18.920105,-58.373253
CCN(CC)c1ccc2cc(-c3ccc(-c4ccc5c6ccccc6c6c7cc(-c8ccc(-c9cc%10ccc(N(CC)CC)cc%10oc9=O)cc8)ccc7c7ccccc7c6c5c4)cc3)c(=O)oc2c1,chromophore,15.873207,-58.976143
CCN(CC)c1ccc2cc(-c3ccc(-c4ccc5ccc6c(-c7ccc(-c8cc9ccc(N(CC)CC)cc9oc8=O)cc7)ccc7ccc4c5c76)cc3)c(=O)oc2c1,chromophore,16.010881,-58.840595
CCN(CC)c1ccc2cc(-c3ccc(S(C)(=O)=O)cc3)oc(=O)c2c1,chromophore,15.873636,-58.23712
CCN(CC)c1ccc2cc(-c3ccc4ccc(N(CC)CC)cc4[o+]3)c(=O)oc2c1,chromophore,17.016863,-58.430016
CCN(CC)c1ccc2cc(-c3cn4cc(OC)ccc4n3)c(=O)oc2c1,chromophore,15.891811,-60.757687
CCN(CC)c1ccc2cc(-c3cn4cc5ccccc5cc4n3)c(=O)oc2c1,chromophore,17.263676,-59.77555
CCN(CC)c1ccc2cc(-c3cn4ccccc4n3)c(=O)oc2c1,chromophore,17.31121,-59.732555
CCN(CC)c1ccc2cc(-c3csc(N)c3C#N)c(=O)oc2c1,chromophore,19.044487,-58.414646
CCN(CC)c1ccc2cc(-c3csc(NC(C)=O)c3C#N)c(=O)oc2c1,chromophore,19.403568,-58.322163
CCN(CC)c1ccc2cc(-c3nc4c5ccccc5c5ccccc5c4n3-c3ccc(C(C)(C)C)cc3)c(=O)oc2c1,chromophore,17.139278,-60.48715
CCN(CC)c1ccc2cc(-c3nc4cc(C(=O)Nc5ccc(C)cc5[N+](=O)[O-])ccc4o3)c(=O)oc2c1,chromophore,18.763903,-60.613403
CCN(CC)c1ccc2cc(-c3nc4cc(C(=O)Nc5cccc(C)c5)ccc4o3)c(=O)oc2c1,chromophore,18.730766,-60.73152
CCN(CC)c1ccc2cc(-c3nc4cc(C(=O)Nc5cccc(OC)c5)ccc4o3)c(=O)oc2c1,chromophore,18.704252,-61.46246
CCN(CC)c1ccc2cc(-c3nc4cc(C(=O)Nc5ccccc5)ccc4o3)c(=O)oc2c1,chromophore,18.719246,-60.67097
CCN(CC)c1ccc2cc(-c3nc4ccccc4n3C)c(=O)oc2c1,chromophore,17.30901,-59.901955
CCN(CC)c1ccc2cc(/C=C(\C#N)c3nc4ccccc4o3)c(=O)oc2c1,chromophore,20.327621,-59.53687
CCN(CC)c1ccc2cc(/C=C(\C#N)c3nc4ccccc4s3)c(=O)oc2c1,chromophore,20.40439,-59.61767
CCN(CC)c1ccc2cc(/C=C/C(=C(C#N)C#N)c3ccc(N(c4ccccc4)c4ccccc4)cc3)c(=O)oc2c1,chromophore,20.478405,-59.228817
CCN(CC)c1ccc2cc(/C=C/c3ccc(N(c4ccc(/C=C(/C#N)C(=O)O)cc4)c4ccc(/C=C/c5cc6ccc(N(CC)CC)cc6oc5=O)cc4)cc3)c(=O)oc2c1,chromophore,47.462418,-40.166473
CCN(CC)c1ccc2cc(C#N)/c(=N\C(=O)c3ccc(C)cc3)oc2c1,chromophore,19.971819,-58.30609
CCN(CC)c1ccc2cc(C#N)/c(=N\C(=O)c3ccc(F)cc3)oc2c1,chromophore,19.93615,-58.386345
CCN(CC)c1ccc2cc(C#N)/c(=N\C(=O)c3ccccc3)oc2c1,chromophore,20.078522,-58.717793
CCN(CC)c1ccc2cc(C#N)c(=O)oc2c1,chromophore,18.99835,-58.34175
CCN(CC)c1ccc2cc(C(=O)NN)c(=O)oc2c1,chromophore,17.783886,-58.623287
CCN(CC)c1ccc2cc(C(=O)O)c(=O)oc2c1,chromophore,17.612333,-58.38632
CCN(CC)c1ccc2cc3c([o+]c2c1)/C(=C/Nc1ccccc1)CCC3,chromophore,18.3665,-49.828842
CCN(CC)c1ccc2cc3cc(-c4ccc(C#N)cc4)n(CCCC(=O)OCc4ccccc4)c(=O)n3c2c1,chromophore,15.029216,-49.121037
CCN(CC)c1ccc2cc3cc(-c4ccc(S(C)(=O)=O)cc4)n(CCCC(=O)OCc4ccccc4)c(=O)n3c2c1,chromophore,15.116416,-49.24903
CCN(CC)c1ccc2cc3ccc(=[N+](CC)CC)cc-3oc2c1,chromophore,15.593049,-57.92007
CCN(CC)c1ccc2ccc(=O)oc2c1,chromophore,16.97396,-58.119606
CCN(CC)c1ccc2nc(/C=C(\C#N)C(=O)O)ccc2c1,chromophore,47.513367,-40.087944
CCN(CC)c1ccc2nc3c4ccccc4c(=[NH2+])cc-3oc2c1,chromophore,14.905739,-57.217068
CCN(CC)c1nc(-c2ccc(C)cc2)c(-c2ccc([N+](=O)[O-])s2)s1,chromophore,18.683586,-5.200842
CCN(CC)c1nc(-c2ccccc2)c(-c2ccc([N+](=O)[O-])o2)s1,chromophore,18.376896,-6.6583624
CCN(CC)c1nc(-c2ccccc2)c(-c2ccc([N+](=O)[O-])s2)s1,chromophore,18.448996,-6.502013
CCN(CCC(=O)O)c1ccc(/C=C/C2=[N+](C)C3=C(C4C=CC=CC4C=C3)C2(C)C)cc1,chromophore,28.004501,-15.497926
CCN(CCCCCC(=O)O)c1ccc2cc(-c3cc[n+](CCCS(=O)(=O)[O-])cc3)c(=O)oc2c1,chromophore,13.669042,-58.38398
CCN(CCCCCC(=O)O)c1ccc2cc(C(=O)NCCS(=O)(=O)[O-])c(=O)oc2c1,chromophore,13.629002,-58.37377
CCN(CCCN(C)C)c1ccc2c(-c3ccc(-c4ccccc4)cc3)c3ccc(=[NH2+])cc-3oc2c1,chromophore,3.6993668,-65.88091
CCN(CCCN(C)C)c1ccc2c(-c3ccc(C)cc3)c3ccc(=[NH2+])cc-3oc2c1,chromophore,4.3767977,-66.50028
CCN(CCCN(C)C)c1ccc2c(-c3ccc(F)c(C)c3)c3ccc(=[NH2+])cc-3oc2c1,chromophore,4.219083,-66.441086
CCN(CCCN(C)C)c1ccc2c(-c3ccc(OC)cc3)c3ccc(=[NH2+])cc-3oc2c1,chromophore,4.071154,-64.78926
CCN(CCCN(C)C)c1ccc2c(-c3ccc4ccccc4c3)c3ccc(=[NH2+])cc-3oc2c1,chromophore,3.4992206,-65.75785
CCN(CCCN(C)C)c1ccc2c(-c3cccc(OC)c3)c3ccc(=[NH2+])cc-3oc2c1,chromophore,4.1903977,-64.832146
CCN(CCCN(C)C)c1ccc2c(-c3ccccc3)c3ccc(=[NH2+])cc-3oc2c1,chromophore,3.700344,-65.83487
CCN(CCCS(=O)(=O)O)c1ccc2c(/C=C/C=C3\N(CCCCCS(=O)(=O)O)c4ccc(S(=O)(=O)[O-])cc4C3(C)CCCC(=O)O)cc(C(C)(C)C)[o+]c2c1,chromophore,6.2114353,52.36386
CCN(CCCS(=O)(=O)[O-])c1ccc2c(-c3ccc(C(=O)NCCCCCC(=O)O)cc3C(=O)O)c3ccc(N(CC)CCCS(=O)(=O)O)cc3[o+]c2c1,chromophore,-3.1347117,14.598702
CCN(CCCS(=O)(=O)[O-])c1ccc2c(-c3ccc(C(=O)NCCCCCC(=O)O)cc3C(=O)O)c3ccc(N(CC)CCCS(=O)(=O)[O-])cc3[o+]c2c1,chromophore,-3.136149,14.600828
CCN(CCCS(=O)(=O)[O-])c1ccc2c(/C=C/C=C3\N(CCCCCC(=O)O)c4ccc(S(=O)(=O)[O-])cc4C3(C)C)cc(C(C)(C)C)[o+]c2c1,chromophore,6.207658,52.327408
CCN1/C(=C/C=C/C=C/C2=[N+](CC)c3ccc4ccccc4c3C2(C)C)C(C)(C)c2cc(C(=O)O)ccc21,chromophore,7.241461,46.606197
CCN1/C(=C/C=C/C=C2\CCCc3c2[o+]c2cc4c(cc2c3C2=C(C(=O)N(C)CCCC(=O)O)C=CCC2)C(CS(=O)(=O)[O-])=CC(C)(C)N4CC)C(C)(C)c2c1ccc1c(S(=O)(=O)[O-])cc(S(=O)(=O)[O-])cc21,chromophore,5.2710466,51.590538
CCN1\C(=C/C=C/C=C/C=C/c2oc3ccccc3[n+]2CC)Oc2ccccc21,chromophore,3.31833,4.2549887
CCN1/C(=C\c2c(-c3ccc(N(C)C)cc3)c(=O)c2=O)C=Cc2ccccc21,chromophore,22.28617,-2.0133812
CCN1C(=C/C(C)=c2\s/c(=C3\SC(=S)N(CC(=O)O)C3=O)n(CC(=O)O)c2=O)Sc2ccccc21,chromophore,24.583017,46.489002
CCN1C(=O)/C(=C/C=C2/Sc3ccccc3N2CC(=O)O)SC1=S,chromophore,24.534191,46.374554
CCN1C(=O)/C(=c2\c(=Cc3ccc4c(c3)C3CCCC3N4c3ccc(CO)cc3)sc(=O)n2CC(=O)O)SC1=S,chromophore,29.954765,46.63285
CCN1C(=O)/C(=c2\c(=Cc3ccc4c(c3)C3CCCC3N4c3ccc(CO)cc3)sc(=O)n2CCCC(=O)O)SC1=S,chromophore,30.028307,46.693207
CCN1C(=O)/C(=c2\s/c(=C\c3ccc4c(c3)C3CCCC3N4c3ccc(C=C(c4ccccc4)c4ccccc4)cc3)c(=O)n2CC(=O)O)SC1=S,chromophore,30.117897,46.644424
CCN1C(=O)/C(=c2\s/c(=C\c3ccc4cc(OC)ccc4c3-c3c(O)ccc4ccccc34)c(=O)n2CCC(=O)O)SC1=S,chromophore,22.191738,47.72804
CCN1C(=O)/C(=c2\s/c(=C\c3ccc4cc([N+](=O)[O-])ccc4c3-c3cccc4ccccc34)c(=O)n2CCC(=O)O)SC1=S,chromophore,21.9678,47.716206
CCN1C(=O)/C(=c2\s/c(=C\c3ccc4ccccc4c3-c3c(OC(C)C)ccc4ccccc34)c(=O)n2CCC(=O)O)SC1=S,chromophore,22.2949,47.624313
CCN1C(=O)/C(=c2\s/c(=C\c3ccc4sc(-c5ccc6c(c5)CCN6c5ccc(C=C(c6ccccc6)c6ccccc6)cc5)nc4c3)c(=O)n2CC(=O)O)SC1=S,chromophore,28.033752,46.061268
CCN1C(=O)C(=c2sc(=Cc3ccc4c(c3)C3CCCC3N4c3ccc(C=C(c4ccccc4)c4ccccc4)cc3)c(=O)n2CC(=O)O)SC1=S,chromophore,30.117897,46.644424
CCN1CCN(CC)c2cc3c(cc21)Oc1cc2c(cc1=C3c1ccccc1C(=O)[O-])N(CC)CC[N+]=2CC,chromophore,-21.044659,1.7847542
CCN1CCN(c2c(F)cc3c(c2F)OC2=C(/C=C/C4=[N+](C)c5ccccc5C4(C)C)CCCC2=C3)CC1,chromophore,3.7145813,42.634655
CCN1CCN(c2ccc(/N=N/c3cc(C(F)(F)F)cc(C(F)(F)F)c3)cc2)CC1,chromophore,-28.462944,-1.6676977
CCN1CCN(c2ccc(/N=N/c3ccc(C(=O)OC)cc3)cc2)CC1,chromophore,-35.695156,31.68768
CCN1CCc2cc3c(cc21)C(C)(C)c1cc2c(cc1=C3)C(C)=CC(C)(C)[N+]=2CC,chromophore,-2.0565612,41.274475
CCN1CCc2cc3c(cc21)C(C)(C)c1cc2c(cc1=C3)CCC[N+]=2CC,chromophore,-2.0499806,41.275085
CCN1O/C(=c2\c(=Cc3ccc(-c4ccc5c(c4)C4CCCC4N5c4ccc(N(c5ccccc5)c5ccccc5)cc4)cc3)sc(=O)n2CC(=O)O)SC1=S,chromophore,29.72241,46.320965
CCN1c2cc3[o+]c(C(C)(C)C)cc(/C=C/C=C4\N(CCCCCC(=O)O)c5ccc(S(=O)(=O)O)cc5C4(C)C)c3cc2C(C)=CC1(C)C,chromophore,5.827604,50.876812
CCN1c2ccc(/C=C(\C#N)c3ccccc3)cc2Sc2cc(/C=C(\C#N)c3ccccc3)ccc21,chromophore,37.583416,32.48378
CCN1c2ccc(/C=C3\SC(=S)N(CC(=O)O)C3=O)cc2CCc2cc(/C=C3\SC(=S)N(CC(=O)O)C3=O)ccc21,chromophore,24.529299,45.762814
CCN1c2ccc(/C=C3\SC(=S)N(CC(=O)O)C3=O)cc2Sc2cc(/C=C3\SC(=S)N(CC(=O)O)C3=O)ccc21,chromophore,24.879791,45.945732
CCN1c2ccc(/C=N/Nc3ccccn3)cc2Sc2cc(-c3ccc(C#N)cc3)ccc21,chromophore,13.025843,33.14737
CCN1c2ccc(/C=N/Nc3ccccn3)cc2Sc2cc(/C=N/Nc3ccccn3)ccc21,chromophore,12.779357,33.046307
CCN1c2ccc(C=C3SC(=S)N(CC(=O)O)C3=O)cc2Sc2cc(C=C3SC(=S)N(CC(=O)O)C3=O)ccc21,chromophore,24.879791,45.945732
CCN1c2ccccc2Sc2cc(/C=C(\C#N)c3ccccc3)ccc21,chromophore,37.548286,32.503124
CCN1c2ccccc2Sc2cc(/C=C/c3sc(/C=C(\C#N)C(=O)O)c4c3OCCO4)ccc21,chromophore,46.493652,33.151432
CCNc1cc2c(cc1C)C(/C=C1/N(CC)c3ccccc3C1(C)C)=C1CCCC(/C=C/C3=[N+](CC)c4ccc5ccccc5c4C3(C)C)=C1O2,chromophore,6.0305514,46.069862
CCNc1cc2c(cc1C)C(c1ccccc1C(=O)O)=C1CCCC(/C=C/C3=[N+](C)c4ccccc4C3(C)C)=C1O2,chromophore,2.1013422,42.740673
CCNc1cc2oc(=O)c3c(=O)oc4ccccc4c3c2cc1C,chromophore,-30.423536,-28.160742
CCNc1cc2oc3c/c(=[NH+]/CC)c(C)cc-3c(-c3ccccc3C(=O)[O-])c2cc1C,chromophore,-39.60406,-36.54397
CCNc1ccc2c(-c3ccc(C)cc3)c3ccc(=[NH2+])cc-3oc2c1,chromophore,0.03762033,-67.62273
CCNc1ccc2c(-c3ccc(C4OCCCO4)cc3)c3ccc(=[NH2+])cc-3oc2c1,chromophore,-0.082069516,-68.777885
CCNc1ccc2c(-c3ccc(F)c(C)c3)c3ccc(=[NH2+])cc-3oc2c1,chromophore,-0.029073194,-67.332245
CCNc1ccc2c(-c3ccc(Oc4ccccc4)cc3)c3ccc(=[NH2+])cc-3oc2c1,chromophore,-1.0266694,-66.751495
CCNc1ccc2c(-c3ccc4ccccc4c3)c3ccc(=[NH2+])cc-3oc2c1,chromophore,-1.0963366,-66.79324
CCNc1ccc2c(-c3cccc(Cl)c3)c3ccc(=[NH2+])cc-3oc2c1,chromophore,-0.4839392,-66.79529
CCNc1ccc2c(-c3cccc(F)c3)c3ccc(=[NH2+])cc-3oc2c1,chromophore,-0.32777518,-66.86309
CCOC(=O)/C(=C/c1ccc(N(c2ccc(N3c4ccccc4Sc4ccccc43)cc2)c2ccc(N3c4ccccc4Sc4ccccc43)cc2)cc1)c1nnn[nH]1,chromophore,39.784073,-20.292234
CCOC(=O)/C(=C/c1ccc(N(c2ccccc2)c2ccccc2)cc1)c1nnn[nH]1,chromophore,39.17796,-20.014406
CCOC(=O)/C(C#N)=C(\C=C\c1ccc(N(c2ccccc2)c2ccc(/C=C/C(=C(/C#N)C(=O)OCC)c3ccccc3)cc2)cc1)c1ccccc1,chromophore,39.516163,-18.32712
CCOC(=O)/C(C#N)=C(\C=C\c1ccc(N(c2ccccc2)c2ccccc2)cc1)c1ccccc1,chromophore,39.516052,-18.326935
CCOC(=O)/C(C#N)=C\c1ccc2c(c1)c1ccccc1n2-c1ccc(C)cc1,chromophore,52.721565,19.690489
CCOC(=O)/C(C)=C/C1=C(c2ccc(C)cc2)C2=Nc3c(-c4ccc(C)cc4)c(-c4ccc(OC)cc4)c(-c4ccc(C)cc4)n3[B-](F)(F)[N+]2=C1c1ccc(C)cc1,chromophore,-32.27863,-65.20906
CCOC(=O)/C=C/C1=C(c2ccc(C)cc2)C2=Nc3c(-c4ccc(C)cc4)cc(-c4ccc(C)cc4)n3[B-](F)(F)[N+]2=C1c1ccc(C)cc1,chromophore,-37.842762,-66.145775
CCOC(=O)/C=C/c1cc2ccc(O)cc2oc1=O,chromophore,-33.37383,-25.056686
CCOC(=O)/C=C/c1ccc(-c2ccc(/C=C/C(=O)OCC)c(N(C)C)c2)cc1N(C)C,chromophore,-22.707903,30.003126
CCOC(=O)/C=C/c1ccc(N(C)C)cc1,chromophore,21.971914,-18.109247
CCOC(=O)/N=c1/oc2c(OC)cccc2cc1C#N,chromophore,-33.848198,-23.065886
CCOC(=O)C(=Cc1ccc(N(c2ccccc2)c2ccc(C=C(C(=O)OCC)c3nnn[nH]3)cc2)cc1)c1nnn[nH]1,chromophore,39.17796,-20.014406
CCOC(=O)C(C(=O)OCC)C1=[N+]2C(=C(c3ccc(C)cc3)c3ccc(Cl)n3[B-]2(F)F)C=C1,chromophore,-37.6964,-65.73809
CCOC(=O)C1(O)c2cc3ccc4cccc5ccc(c2C(=O)N1C(C)(C)C)c3c45,chromophore,-21.484806,-26.512447
CCOC(=O)C1=C(C(=O)OCC)C2(c3ccccc3-c3ccccc32)[C@@H](c2ccc(Cl)cc2)C=C2c3cc(OC)c(OC)cc3CCN21,chromophore,-67.76703,8.134676
CCOC(=O)C1=C(N)n2c(=O)c3ccccc3c(=O)n2C1c1ccc([N+](=O)[O-])cc1,chromophore,-2.874799,19.215162
CCOC(=O)C1=CN(c2ccccc2)C=C(C(=O)OCC)C1,chromophore,-39.249527,14.459398
CCOC(=O)C1=CN(c2ccccc2)C=C(C(=O)OCC)C1c1ccccc1,chromophore,-39.282623,14.362692
CCOC(=O)C1c2cc(OC)c(OC)cc2C(=O)N1c1ccc(OC)c(OC)c1,chromophore,-43.477333,9.981882
CCOC(=O)C1c2ccccc2C(=O)N1c1ccc(OC)cc1,chromophore,-41.571163,-22.258402
CCOC(=O)CCCn1c(C(=O)OC)c(C)c2c(=O)n3c(cc21)C(CC)=C(C)C3=O,chromophore,-19.147535,31.671724
CCOC(=O)CC[N+]1=c2cc3c(cc2CCC1)=Cc1c(c2ccc(N(C)C)cc2oc1=O)O3,chromophore,15.091368,-25.612759
CCOC(=O)CN1C(=O)C2=C(c3ccc(C#N)cc3)N(CC(=O)OCC)C(=O)C2=C1c1ccc(C#N)cc1,chromophore,-8.340469,20.47665
CCOC(=O)CN1C(=O)C2=C(c3ccc(C#N)cc3)N(CC(=O)OCC)C(=O)C2=C1c1ccccc1,chromophore,-8.2375345,20.433933
CCOC(=O)CNc1c(-c2cc(-c3ccc(Cl)cc3)n(C)n2)nc2ccc(Cl)cn12,chromophore,-53.738323,-6.880914
CCOC(=O)CNc1c(-c2cc(-c3ccc(F)cc3)n(-c3ccccc3)n2)nc2ccc(Cl)cn12,chromophore,-53.51973,-7.234666
CCOC(=O)COc1ccc(/C=C/C2=C3c4ccccc4C(c4[nH]c(C)cc4C)=[N+]3[B-](F)(F)n3c(/C=C/c4ccc(OCC(=O)OCC)cc4)cc(C)c32)cc1,chromophore,-41.94438,-69.383255
CCOC(=O)COc1ccc(/C=C/C2=[N+]3C(=Cc4c5ccccc5c(-c5[nH]c(C)cc5C)n4[B-]3(F)F)C(C)=C2)cc1,chromophore,-41.95406,-69.38169
CCOC(=O)CSc1nc(-c2ccc(OC)cc2)c(C)c(C#N)c1C#N,chromophore,-26.207514,-43.03773
CCOC(=O)CSc1nc(C)c(CC)c(C#N)c1C#N,chromophore,-9.7263775,21.867424
CCOC(=O)CSc1nc2c(c(C#N)c1C#N)CCCCCC2,chromophore,-9.70219,21.936821
CCOC(=O)c1[nH]c(C)c(/C=C/C2=[N+]3C(=C(c4cc(OC)cc(OC)c4)c4c(C)c(I)c(/C=C/c5c(C)[nH]c(C(=O)OCC)c5C)n4[B-]3(F)F)C(C)=C2I)c1C,chromophore,-37.323948,-67.54818
CCOC(=O)c1[nH]c(C)c(/C=C/c2c(I)c(C)c3n2[B-](F)(F)[N+]2=C(C)C(I)=C(C)C2=C3c2cc(OC)cc(OC)c2)c1C,chromophore,-37.320477,-67.54524
CCOC(=O)c1c(-c2c(Cl)c3cc(C)ccc3oc2=O)nn(-c2ccccc2)c1C(=O)OCC,chromophore,-55.09738,-16.877022
CCOC(=O)c1c(-c2c(Cl)c3ccccc3oc2=O)nn(-c2ccc(Br)cc2)c1C(=O)OCC,chromophore,-55.17424,-16.922447
CCOC(=O)c1c(-c2c(Cl)c3ccccc3oc2=O)nn(-c2ccc(OC)cc2)c1C(=O)OCC,chromophore,-55.00448,-17.271517
CCOC(=O)c1c(-c2c(Cl)c3ccccc3oc2=O)nn(-c2ccccc2)c1C(=O)OCC,chromophore,-55.16266,-16.906092
CCOC(=O)c1c(-c2cc3cc(OC)ccc3oc2=O)nn(-c2cccc(C)c2)c1C(=O)OCC,chromophore,-53.541843,-18.017075
CCOC(=O)c1c(-c2cc3cc4c(cc3oc2=O)OC(C)(C)CC4)nn(-c2cccc(Cl)c2)c1C(=O)OCC,chromophore,-53.832706,-16.879543
CCOC(=O)c1c(-c2cc3cc4c(cc3oc2=O)OC(C)(C)CC4)nn(-c2ccccc2)c1C(=O)OCC,chromophore,-53.798992,-16.98091
CCOC(=O)c1c(-c2cc3ccc(OC)cc3oc2=O)nn(-c2cccc(C)c2)c1C(=O)OCC,chromophore,-53.535217,-18.023478
CCOC(=O)c1c(-c2cc3ccc(OCC=C(C)C)cc3oc2=O)nn(-c2cccc(C)c2)c1C(=O)OCC,chromophore,-53.515953,-17.819357
CCOC(=O)c1c(-c2cc3ccccc3oc2=O)nn(-c2ccc(OC)cc2)c1C(=O)OCC,chromophore,-53.60068,-18.047007
CCOC(=O)c1c(C(=O)OC)c(-c2cc3cc(OC)ccc3oc2=O)nn1-c1ccccc1,chromophore,-53.5812,-18.033228
CCOC(=O)c1c2c3c(ccc(Br)c3c3cc4c(cc13)[Si](C)(C)O[Si]4(C)C)N(C)C2=O,chromophore,-44.558636,13.873492
CCOC(=O)c1c2c3c(ccc(C)c3c3cc4c(cc13)[Si](C)(C)O[Si]4(C)C)N(C)C2=O,chromophore,-44.557816,13.876275
CCOC(=O)c1c2c3c(ccc(F)c3c3cc4c(cc13)[Si](C)(C)O[Si]4(C)C)N(C)C2=O,chromophore,-44.706177,13.910931
CCOC(=O)c1c2c3c(ccc(F)c3c3cc4ccccc4cc13)N(C)C2=O,chromophore,-44.316452,13.550797
CCOC(=O)c1c2c3c(ccc([N+](=O)[O-])c3c3cc4ccccc4cc13)N(C)C2=O,chromophore,-44.05522,13.334573
CCOC(=O)c1cc(C#Cc2ccc3cc(N4CCC4)ccc3c2)c(C(=O)OCC)cc1C#Cc1ccccc1,chromophore,-6.1193814,21.22781
CCOC(=O)c1cc(C#Cc2ccc3ccccc3c2)c(C(=O)OCC)cc1C#Cc1ccccc1,chromophore,-6.1139283,21.216602
CCOC(=O)c1cc(C(=O)NCc2ccccc2)c2ccc(N(C)C)cc2n1,chromophore,-39.406273,9.484053
CCOC(=O)c1cc(C(=O)OCC)c2c(C)ccc(O)c2n1,chromophore,-40.056892,8.40529
CCOC(=O)c1cc(C(=O)OCC)c2c(C)ccc(OC(=O)OC(C)(C)C)c2n1,chromophore,-40.271614,8.283604
CCOC(=O)c1cc(C(=O)OCC)c2cc(C)ccc2n1,chromophore,-39.81662,8.383959
CCOC(=O)c1cc(C(=O)OCC)c2cc(NC)ccc2n1,chromophore,-39.326866,8.137049
CCOC(=O)c1cc(C(=O)OCC)c2cc(O)ccc2n1,chromophore,-39.816124,8.385267
CCOC(=O)c1cc(C(=O)OCC)c2cc(OC)ccc2n1,chromophore,-43.946674,-25.385828
CCOC(=O)c1cc(C(=O)OCC)c2ccc(O)cc2n1,chromophore,-39.929535,8.423078
CCOC(=O)c1cc(C(=O)OCC)c2cccc(O)c2n1,chromophore,-40.147293,8.945192
CCOC(=O)c1cc(C(=O)OCC)c2cccc(OCc3ccccc3)c2n1,chromophore,-39.972027,9.255022
CCOC(=O)c1cc(C)n2nc(-c3ccccc3)ccc12,chromophore,-38.168217,11.504566
CCOC(=O)c1cc(N2CCC2)c(C(=O)OCC)cc1N1CCC1,chromophore,-23.490051,33.855453
CCOC(=O)c1cc2c3ccccc3n(C)c2c(-c2nc3ccccc3[nH]2)n1,chromophore,-61.443405,-8.894638
CCOC(=O)c1cc2c3ccccc3n(CC)c2c(-c2nc3ccccc3[nH]2)n1,chromophore,-61.412045,-8.852349
CCOC(=O)c1cc2c3ccccc3n(Cc3ccccc3)c2c(-c2nc3ccccc3[nH]2)n1,chromophore,-61.48054,-8.804595
CCOC(=O)c1cc2cc3c4c(c2oc1=O)CCCN4CCC3,chromophore,-23.518785,33.910027
CCOC(=O)c1cc2ccc3ccccc3c2c(C(=O)OCC)c1N,chromophore,-40.40747,9.432817
CCOC(=O)c1ccc(-c2c3cc(OC)ccc3nn2C)o1,chromophore,-44.31839,-26.667665
CCOC(=O)c1ccc(/C=C/C2=[N+]3C(=C(c4ccccc4)c4ccc(/C=C/c5ccc(C(=O)OCC)o5)n4[B-]3(F)F)C=C2)o1,chromophore,-38.488205,-66.7785
CCOC(=O)c1ccc(C2=C(c3ccccc3)c3oc4ccccc4[n+]3[B-](F)(F)O2)cc1,chromophore,-36.961327,10.929472
CCOC(=O)c1ccc(C2=Cc3cc4ccccc4cc3P2(=O)c2ccccc2)cc1,chromophore,-37.388134,10.694214
CCOC(=O)c1ccc(C2CC(c3cccc4ccccc34)=NN2c2ccc(C)cc2)cc1,chromophore,-40.724407,10.57897
CCOC(=O)c1ccc(N)cc1,chromophore,-10.37523,26.690504
CCOC(=O)c1ccc2c(c1)c1ccccc1c1nc3ccccc3n21,chromophore,-60.72212,-8.811961
CCOC(=O)c1ccccc1-c1c2ccc(=O)cc-2oc2cc(OC(=O)[C@H](CO[Si](C)(C)C(C)(C)C)NC(=O)OC(C)(C)C)ccc12,chromophore,-40.123074,-37.123
CCOC(=O)c1ccccc1-c1c2ccc(=[N+](CC)CC)cc-2oc2c1c(=O)oc1cc3c(cc12)CCCN3C,chromophore,-42.0491,-37.161167
CCOC(=O)c1nn(-c2ccc(N(c3ccccc3)c3ccccc3)cc2)nc1-c1ccccc1,chromophore,32.37303,-32.885475
CCOC(=O)c1sc2nc(C)c(CC)c(C#N)c2c1N,chromophore,-9.773518,21.82713
CCOC(CN1C(=O)C2=C(c3cccs3)N(CC(OCC)OCC)C(=O)C2=C1c1cccs1)OCC,chromophore,-18.18788,33.624428
CCO[B-]1(OCC)n2c(C)cc(C)c2C(c2ccc(I)cc2)=C2C(C)=CC(C)=[N+]21,chromophore,-42.890415,-62.540657
CCO[Si](OCC)(OCC)c1ccc(-c2ccc(-c3ccc(N(c4ccc5c(c4)C(C)(C)c4ccccc4-5)c4ccc5c(c4)C(C)(C)c4ccccc4-5)cc3)s2)s1,chromophore,34.36094,-39.522686
CCO[Si](OCC)(c1ccccc1)c1ccc(N=Nc2ccc(N(C)C)cc2)cc1,chromophore,-19.53256,7.492709
CCO[Si](OCC)(c1ccccc1)c1ccc(N=Nc2ccccc2)cc1,chromophore,-19.29512,7.771119
CCOc1c(/C=C/c2cc(C)c3n2[B-](F)(F)[N+]2=CC=CC2=C3)cccc1OC,chromophore,-85.73623,-18.610132
CCOc1cc(/C=C/c2cc(C)c3n2[B-](F)(F)[N+]2=CC=CC2=C3)ccc1OC,chromophore,-86.92963,-19.037603
CCOc1cc2c(cc1/C=C/C1=CC(=C(C#N)C#N)CC(C)(C)C1)c1ccccc1n2CC,chromophore,25.521427,-4.8072634
CCOc1ccc(/C=C/c2cc(C)c3n2[B-](F)(F)[N+]2=CC=CC2=C3)c(OCC)c1,chromophore,-89.1573,-18.804518
CCOc1ccc(/C=C/c2cc(C)c3n2[B-](F)(F)[N+]2=CC=CC2=C3)cc1,chromophore,-90.08322,-18.94835
CCOc1ccc(N(c2ccc(OCC)cc2)c2ccc(-c3ccc(-c4ccc5c(c4)sc4c[n+](CCCS(=O)(=O)[O-])ccc45)s3)cc2)cc1,chromophore,34.686974,4.9682856
CCOc1ccc(N(c2ccc(OCC)cc2)c2ccc(-c3ccc(-c4ccc5c(c4)sc4cnccc45)s3)cc2)cc1,chromophore,34.792328,5.033925
CCOc1ccc2c(-c3nc(-c4cccc(C)c4)no3)cc(=O)oc2c1,chromophore,-29.25013,-33.498047
CCOc1ccc2c(-c3nc(-c4ccccc4Cl)no3)cc(=O)oc2c1,chromophore,-29.041319,-32.969685
CCOc1ccc2c(-c3nc(-c4ccccc4F)no3)cc(=O)oc2c1,chromophore,-29.042942,-33.003372
CCOc1ccc2ccccc2c1C(=O)Nc1ccc(C(=O)/C=C/c2ccc(N(C)CCO)cc2)cc1,chromophore,-62.77346,-28.923672
CCOc1ccccc1-c1ccc(=O)n(-c2ccc(N(C)C)cc2)n1,chromophore,-11.549295,11.495621
CCSSCC,chromophore,-15.444189,21.158564
CCSc1c2ccc(=[N+](CC)CC)cc-2oc2cc(N(CC)CC)ccc12,chromophore,15.212949,-56.88649
CC[C@H](C)COc1ccc(C2=C3C(C)=CC(C)=[N+]3[B-](F)(F)n3c(C)cc(C)c32)cc1,chromophore,-43.247784,-63.060627
CC[C@H](C)[C@H](Nc1c(C(C)=O)c(=O)oc2cc(N(C)C)ccc12)C(=O)O,chromophore,14.512942,-26.316448
CC[N+](CC)=c1ccc2c(-c3ccccc3C(=O)O)c3c(=O)oc4cc5c(cc4c3oc-2c1)CCCN5C,chromophore,-42.019756,-37.134613
CC[N+](CC)=c1ccc2c(-c3ccccc3C(=O)O)c3cc4c(-c5ccccc5C(=O)O)c5ccc(=[N+](CC)CC)cc-5oc4cc3oc-2c1,chromophore,-39.600292,-36.24611
CC[N+](CC)=c1ccc2c(C(F)(F)F)c3c(oc-2c1)-c1ccc(N(C)C)cc1CC3,chromophore,14.618405,-22.569695
CC[N+](CC)=c1ccc2c(C(F)(F)F)c3oc4cc(N)ccc4c3oc-2c1,chromophore,-35.60436,-33.079376
CC[N+](CC)=c1ccc2cc3c(=O)oc4cc5c(cc4c3oc-2c1)CCCN5C,chromophore,-28.497278,1.7120386
CC[N+](CC)=c1ccc2cc3c(oc-2c1)-c1ccc(N(C)C)cc1CC3,chromophore,14.361019,-22.698141
CC[N+]1(CC)CN2C(=N1)C(C(=O)O)=Cc1c2ccc2ccccc12,chromophore,-22.40975,-21.069643
CC[N+]1(CC)CN2C(=N1)C(C(=O)O)=Cc1cc(C)c(C)cc12,chromophore,-21.875319,32.865036
CC[N+]1(CC)CN2C(=N1)C(C(=O)O)=Cc1cc(C)ccc12,chromophore,-21.919554,32.781822
CC[N+]1(CC)CN2C(=N1)C(C(=O)O)=Cc1cc(Cl)ccc12,chromophore,-49.130455,1.142571
CC[N+]1(CC)CN2C(=N1)C(C(=O)O)=Cc1cc(OC)ccc12,chromophore,-42.96963,-24.806107
CC[N+]1(CC)CN2C(=N1)C(C(=O)O)=Cc1cc(Oc3ccccc3)ccc12,chromophore,-38.193077,17.932165
CC[N+]1(CC)CN2C(=N1)C(C(=O)O)=Cc1cc(SC)ccc12,chromophore,-21.87424,32.916733
CC[N+]1(CC)CN2C(=N1)C(C(=O)O)=Cc1ccc(Cl)cc12,chromophore,-49.08206,1.1588002
CC[N+]1(CC)CN2C(=N1)C(C(=O)O)=Cc1ccc(OC)cc12,chromophore,-42.96178,-24.80546
CC[N+]1(CC)CN2C(C)=CC(C)=C(C(=O)O)C2=N1,chromophore,-21.562592,32.817932
CC[N+]1=C(/C=C/C=C/C=C/C=C2/N(CCCCCC(=O)O)c3ccccc3C2(C)C)C(C)(C)c2cc(S(=O)(=O)[O-])ccc21,chromophore,6.4411674,49.413006
CC[N+]1=C(/C=C2/C(=O)C(c3ccc(-n4c5ccc(C(C)(C)C)cc5c5cc(C(C)(C)C)ccc54)s3)=C2[O-])Cc2cc(C(=O)O)ccc21,chromophore,3.1011903,10.98437
CC[N+]1=C(/C=C2/C(=O)C(c3ccc(-n4c5ccccc5c5ccccc54)s3)=C2[O-])Cc2cc(C(=O)O)ccc21,chromophore,3.1025708,10.982907
CC[N+]1=C(C=CC=CC=C2N(CCCCCC(=O)ON3C(=O)CCC3=O)c3ccc(S(=O)(=O)O)cc3C2(C)C)C(C)(C)c2cc(S(=O)(=O)[O-])ccc21,chromophore,5.901356,49.716015
CC[N+]1=c2cc3c(cc2C(C)=CC1(C)C)=Nc1cc2c(cc1O3)N(CCCC(=O)O)CCC2,chromophore,-22.418686,33.380978
CC[NH+](CC)c1ccc(-c2nc3c(nc2-c2ccc(B(c4c(C)cc(C)cc4C)c4c(C)cc(C)cc4C)cc2)c2ccccc2n3C)cc1,chromophore,-1.6785195,-24.347994
CC[P](CC)(CC)[Pt]([C]#Cc1cc(C#Cc2ccc(N(C)C)cc2)cc(C#Cc2ccc3c(c2)C(C)(C)c2ccccc2-3)c1)([C]#Cc1ccc(/C=C(/C#N)C(=O)O)s1)[P](CC)(CC)CC,chromophore,71.16392,9.838157
CC[P](CC)(CC)[Pt]([C]#Cc1cc(C#Cc2ccc(N(C)C)cc2)cc(C#Cc2ccc3c(c2)C(C)(C)c2ccccc2-3)c1)([C]#Cc1ccc(C#C/C=C(/C#N)C(=O)O)s1)[P](CC)(CC)CC,chromophore,71.099045,9.828529
CC[P](CC)(CC)[Pt]([C]#Cc1cc(C#Cc2ccc(N(C)C)cc2)cc(C#Cc2ccc3c(c2)C(C)(C)c2ccccc2-3)c1)([C]#Cc1sc(/C=C(/C#N)C(=O)O)c2c1OCCO2)[P](CC)(CC)CC,chromophore,71.06579,9.865747
CC[P](CC)(CC)[Pt]([C]#Cc1ccc(N(c2ccccc2)c2ccccc2)cc1)([C]#Cc1ccc(/C=C(/C#N)C(=O)O)s1)[P](CC)(CC)CC,chromophore,59.131428,11.144542
CC[Si](C)(C)c1cc2ccc3cccc4ccc(c1C(=O)NC(C)(C)C)c2c34,chromophore,-21.725819,-25.984379
CC[Si](CC)(CC)c1cc2ccc3cccc4ccc(c1C(=O)NC(C)(C)C)c2c34,chromophore,-21.713064,-25.935497
CC[n+]1c(-c2ccccc2)c2cc(-n3cccc3)ccc2c2ccc(-n3cccc3)cc21,chromophore,-6.552109,-5.5897813
CC[n+]1c(-c2ccccc2)c2cc(-n3cccc3)ccc2c2ccc(N)cc21,chromophore,-6.582285,-5.574857
CC[n+]1c(-c2ccccc2)c2cc(N)ccc2c2ccc(NC(N)=O)cc21,chromophore,-27.153906,7.1409225
CC[n+]1c(-c2ccccc2)c2cc(N)ccc2c2ccc(NC(N)=[NH2+])cc21,chromophore,-27.022688,7.0549884
CC[n+]1c(-c2ccccc2)c2cc(NC(N)=O)ccc2c2ccc(N)cc21,chromophore,-27.153187,7.1411233
CC[n+]1c(-c2ccccc2)c2cc(NC(N)=O)ccc2c2ccc(NC(N)=O)cc21,chromophore,-27.202482,7.176147
CC[n+]1c(-c2ccccc2)c2cc(NC(N)=[NH2+])ccc2c2ccc(N)cc21,chromophore,-27.022478,7.0555077
CC[n+]1ccc(/C=C/c2cc3cccc4ccc5cccc2c5c43)cc1,chromophore,-17.933136,-28.011343
CC[n+]1ccc(/C=C/c2ccc3ccc4cccc5ccc2c3c45)cc1,chromophore,-17.93168,-28.011204
CC[n+]1nc2cc3c4c(c2c2cc(F)ccc21)CCCN4CCC3,chromophore,-26.979029,-2.164173
CC[n+]1nc2cc3c4c(c2c2ccccc21)CCCN4CCC3,chromophore,-7.035938,6.4783154
CCc1c(C)[nH]c(C2=[N+]3C(=Cc4c(C)cc(C)n4[B-]3(F)F)c3ccccc32)c1C,chromophore,-41.052586,-58.3056
CCc1c(C)c2n(c1C)[B-](F)(F)[N+]1=C(C=C3C=Cc4ccccc43)C=CC1=C2C,chromophore,-40.32184,-61.384403
CCc1c(C)c2n(c1C)[B-](F)(F)[N+]1=C(c3ccc[nH]3)c3ccccc3C1=C2C,chromophore,-40.377655,-61.177658
CCc1c(CC)c(CC)n2c(c1CC)c(C=O)c1ccccc12,chromophore,-1.3253299,-30.264067
CCc1ccc(-c2c(-c3ccc(OC)cc3)[o+]c3c(-c4ccc(OC)cc4)c(-c4ccc(OC)cc4)c4cccc5ccc2c3c54)cc1,chromophore,-23.845476,-48.6054
CCc1ccc(-c2nc(-c3ccc(-n4c5ccccc5c5ccccc54)cc3)cc(-c3ccc(-n4c5ccccc5c5ccccc54)cc3)n2)cc1,chromophore,1.7411338,-35.84145
CCc1ccc(-n2c3ccccc3c3cc4c(cc32)c2ccccc2n4-c2ccc(CC)cc2)cc1,chromophore,0.0437037,-31.575256
CCc1ccc(-n2c3ccccc3c3cc4c(cc32)c2ccccc2n4-c2ccc(CC)s2)s1,chromophore,-0.8770577,-30.87032
CCc1ccc(/C=N/c2cc(C(C)C)c(O)cc2C)cc1,chromophore,-18.956804,15.068562
CCc1cccc(CC)c1-c1c2ccccc2c(-c2c(CC)cccc2CC)c2cc3ccccc3cc12,chromophore,-13.127855,-25.712383
CCc1cccc(CC)c1-c1c2ccccc2c(C#Cc2ccccc2)c2cc3ccccc3cc12,chromophore,-11.578095,-27.876432
CCc1ccccc1C1=c2cc3cc4c5c(c3cc2C2(c3ccccc3Oc3ccccc32)c2cc3c6c7c(cc3cc21)CCCN7CCC6)CCC[N+]=5CCC4,chromophore,-22.195744,0.880564
CCc1s[c+](N2CCCCC2)sc1-c1cc(C)cc(I)c1[O-],chromophore,-22.949827,35.232376
CCn1c(-c2cc(-c3nc(-c4ccc5c(c4)C(CC)(CC)c4ccccc4-5)c(-c4ccc5c(c4)C(CC)(CC)c4ccccc4-5)n3CC)c3c(c2)C(CC)(CC)c2cc(-c4ccc(-c5ccc(/C=C(\C#N)C(=O)O)s5)s4)ccc2-3)nc(-c2ccc3c(c2)C(CC)(CC)c2ccccc2-3)c1-c1ccc2c(c1)C(CC)(CC)c1ccccc1-2,chromophore,75.877365,10.893235
CCn1c(-c2ccc(-c3ccc(-c4ccc(-c5n(CC)c6ccccc6[n+]5CC)cc4)cc3)cc2)[n+](CC)c2ccccc21,chromophore,-11.562968,-9.927334
CCn1c(-c2ccc(-c3ccc4c(c3)C3(c5ccccc5-c5ccccc53)c3ccccc3-4)cc2)c(-c2ccc3ccccc3c2)c(-c2ccc3ccccc3c2)c1-c1ccc(-c2ccc3c(c2)C2(c4ccccc4-c4ccccc42)c2ccccc2-3)cc1,chromophore,14.682139,1.6399189
CCn1c(-c2ccc(/C=C(\C#N)C(=O)O)s2)nc(-c2ccc3c(c2)C(CC)(CC)c2cc(N(c4ccccc4)c4ccccc4)ccc2-3)c1-c1ccc2c(c1)C(CC)(CC)c1cc(N(c3ccccc3)c3ccccc3)ccc1-2,chromophore,75.21696,11.36234
CCn1c(=O)c2c(nc(/C=C/c3ccc(OC)c(OC)c3)n2C)n(CC)c1=O,chromophore,-9.159378,33.82071
CCn1c2ccc(-c3ccc(C=C(c4ccc(N(C)C)cc4)c4ccc(N(C)C)cc4)cc3)cc2c2cc(-c3ccc(/C=C(\C#N)C(=O)O)s3)ccc21,chromophore,58.573006,21.44722
CCn1c2ccc(-c3ccc(N(c4ccccc4)c4ccccc4)cc3)cc2c2nc3cc(-c4ccc(/C=C(\C#N)C(=O)O)cc4)ccc3nc21,chromophore,54.802437,14.029859
CCn1c2ccc(/C=C(/C#N)C(=O)O)cc2c2ccc(-c3ccc(-c4ccc(-c5ccc(C=C(c6ccc(N(C)C)cc6)c6ccc(N(C)C)cc6)cc5)s4)s3)cc21,chromophore,58.57677,21.436722
CCn1c2ccc(/C=C/c3ccc4c(c3)c3cc(-c5nc6ccccc6s5)ccc3n4CC)cc2c2cc(-c3nc4ccccc4s3)ccc21,chromophore,0.925923,-23.273815
CCn1c2ccccc2c2c(N(c3ccccc3)c3ccccc3)cccc21,chromophore,18.879763,-38.82082
CCn1c2ccccc2c2c1c1c3ccccc3n(CC)c1c1c3cc(-c4ccc(/C=C(\C#N)C(=O)O)cc4)ccc3n(CC)c21,chromophore,58.609898,26.773245
CCn1c2ccccc2c2c1c1c3ccccc3n(CC)c1c1c3cc(-c4ccc(/C=C(\C#N)C(=O)O)s4)ccc3n(CC)c21,chromophore,53.338764,26.436064
CCn1c2ccccc2c2cc(-c3cc(-c4c(OC)cccc4OC)c(-c4sc(-c5ccc(/C=C(\C#N)C(=O)O)s5)cc4-c4c(OC)cccc4OC)s3)ccc21,chromophore,53.77543,28.297358
CCn1c2ccccc2c2cc(-c3cc(-c4ccc5c(c4)c4ccccc4n5CC)nc(-c4ccccc4)n3)ccc21,chromophore,1.2128035,-23.959496
CCn1c2ccccc2c2cc(-c3cc(-c4ccc5c(c4)c4ccccc4n5CC)nc(N4CCCCC4)n3)ccc21,chromophore,1.4789028,-24.086
CCn1c2ccccc2c2cc(-c3cc(-c4ccc5c(c4)c4ccccc4n5CC)ncn3)ccc21,chromophore,1.2371129,-23.971825
CCn1c2ccccc2c2cc(-c3ccc(C=C4C(=O)NC(=O)NC4=O)cc3)ccc21,chromophore,32.26839,23.25594
CCn1c2ccccc2c2cc(/C=C(\C#N)c3ccccc3)ccc21,chromophore,25.648743,-4.4134083
CCn1c2ccccc2c2cc(/C=C/C(=O)c3ccc4c(c3)c3cc(C(=O)/C=C/c5ccc6c(c5)c5ccccc5n6CC)ccc3n4CC)ccc21,chromophore,25.42026,-4.0554647
CCn1c2ccccc2c2cc(/C=C/C3=C(C#N)C(=C(C#N)C#N)OC3(C)C)ccc21,chromophore,25.559301,-4.6302223
CCn1c2ccccc2c2cc(/C=C/C3=C(S(=O)(=O)c4ccccc4)C(=C(C#N)C#N)OC3(C)C)ccc21,chromophore,25.565943,-4.610401
CCn1c2ccccc2c2cc(/C=C/c3cc(C)c4n3[B-](F)(F)[N+]3=C(/C=C/c5ccc6c7ccccc7n(CC)c6c5)C=C(C)C3=C4c3ccc(C(=O)O)cc3)ccc21,chromophore,-46.864197,-62.680836
CCn1c2ccccc2c2cc(/C=C3\SC(=S)N(CC(=O)O)C3=O)c(OC)cc21,chromophore,23.518566,48.016064
CCn1c2ccccc2c2cc(C#Cc3cc(C#Cc4ccc5c(c4)c4ccccc4n5CC)nc(N4CCCCC4)n3)ccc21,chromophore,2.1647432,-24.773834
CCn1c2ccccc2c2cc(C#Cc3cc(C#Cc4ccc5c(c4)c4ccccc4n5CC)nc(S(C)(=O)=O)n3)ccc21,chromophore,2.3174696,-25.04457
CCn1c2ccccc2c2cc(C(=O)OC)nc(-c3nc4ccccc4s3)c21,chromophore,-60.41719,-9.597641
CCn1c2ccccc2c2cc(N(c3ccc4c(c3)C(CC)(CC)c3ccccc3-4)c3ccc4c(c3)C(CC)(CC)c3cc(-c5ccc(/C=C(\C#N)C(=O)O)s5)ccc3-4)ccc21,chromophore,77.08648,12.990179
CCn1c2ccccc2c2cc(N3c4ccccc4Sc4cc(/C=C(/C#N)C(=O)O)ccc43)ccc21,chromophore,47.32563,31.955038
CCn1c2ccccc2c2cc(N3c4ccccc4Sc4cc(/C=C(\C#N)C(=O)O)ccc43)ccc21,chromophore,47.3257,31.954964
CCn1c2ccccc2c2ccc(-c3ccc(OC)cc3)cc21,chromophore,-18.716528,-49.370987
CCn1c2ccccc2c2ccc(C3CC4C(=C5SC(c6ccc(C=C(C#N)C(=O)O)s6)CC5C5C6CCCC5OCCCCCCOC5CCCC(OCCCCCCO6)C54)S3)cc21,chromophore,52.268627,26.303337
CCn1c2ccccc2c2cccc(N(c3ccccc3)c3ccccc3)c21,chromophore,18.803545,-38.84438
CCn1c2ccccc2oc2c(C#N)c3oc4ccccc4oc3c(C#N)c21,chromophore,3.8306777,-0.013310215
CCn1c2ccccc2sc2c(C#N)c3oc4ccccc4oc3c(C#N)c21,chromophore,3.8542128,-0.016072556
CCn1ncc2c3c(C#N)c4c5ccccc5n(C)c4nc3ccc21,chromophore,1.9675541,-26.23753
CCn1ncc2c3c(C#N)c4c5ccccc5n(CC)c4nc3ccc21,chromophore,1.977053,-26.225082
CI,chromophore,-15.5856695,22.376554
CN(C)C#Cc1ccc(C2=C3C(=O)N(Cc4ccccc4)C(c4ccc(C(=O)O)cc4)=C3C(=O)N2Cc2ccccc2)cc1,chromophore,-33.561436,11.627297
CN(C)C(=O)/C=C/c1nc2c(c(=O)n(C)c(=O)n2C)n1C,chromophore,-14.077603,30.796917
CN(C)C1=C2C=CC=[N+]2[B-](F)(F)n2cccc21,chromophore,-37.047405,-53.90818
CN(C)C1=Nc2cccc3cccc1c23,chromophore,10.140385,-21.034416
CN(C)CCCN1c2ccccc2CCc2ccc(Cl)cc21,chromophore,6.4295025,32.10711
CN(C)CCN(Cc1c2ccccc2c(CN(CCN(C)C)c2ccc([N+](=O)[O-])cc2[N+](=O)[O-])c2ccccc12)c1ccc([N+](=O)[O-])cc1[N+](=O)[O-],chromophore,0.8609316,18.031305
CN(C)CCN(Cc1c2ccccc2cc2ccccc12)c1ccc([N+](=O)[O-])cc1[N+](=O)[O-],chromophore,0.79249954,18.017473
CN(C)CCN(Cc1c2ccccc2cc2ccccc12)c1ccc([N+](=O)[O-])cn1,chromophore,0.7430887,18.0439
CN(C)CCNCc1c2ccccc2cc2ccccc12,chromophore,-12.583541,-25.3909
CN(C)c1cc(C#N)c(N(C)C)c(C#N)c1,chromophore,10.813779,-14.723305
CN(C)c1cc2oc3cc(=[N+](C)C)c(-c4ccccc4)cc-3c(-c3ccccc3C(=O)[O-])c2cc1-c1ccccc1,chromophore,-39.183926,-36.058666
CN(C)c1ccc(-c2c3c([o+]c4c2Cc2cc(N)ccc2-4)-c2ccc(N)cc2C3)cc1,chromophore,13.76159,-21.103664
CN(C)c1ccc(-c2c3ccc(=[NH2+])cc-3oc3cc(N)ccc23)cc1,chromophore,1.5959433,-67.65688
CN(C)c1ccc(-c2cc(-c3ccc(C(F)(F)F)cc3)nn2C)cc1,chromophore,7.9247823,-20.807362
CN(C)c1ccc(-c2cc3c(ccc4c([N+](=O)[O-])cccc43)c(=O)o2)cc1,chromophore,12.412864,-24.841665
CN(C)c1ccc(-c2cc[n+](C)cc2)s1,chromophore,-0.91172296,-15.219091
CN(C)c1ccc(-c2ccc(-c3cc(-c4ccccc4)c(-c4ccccc4)c(-c4ccccc4)c3-c3ccccc3)nc2)cc1,chromophore,9.387088,-23.298412
CN(C)c1ccc(-c2ccc(-c3cc(-c4ccccc4)c(-c4ccccc4)c(-c4ccccc4)c3-c3ccccc3)s2)cc1,chromophore,13.889529,-29.298649
CN(C)c1ccc(-c2ccc(-c3nc(C#N)c(C#N)n3C)cc2)cc1,chromophore,12.535708,-15.30568
CN(C)c1ccc(-c2ccc(-c3ncc4ccccn34)cc2)cc1,chromophore,8.9875,-22.49869
CN(C)c1ccc(-c2ccc(N(c3ccccc3)c3ccc(-c4ccc(C=C(C#N)C(=O)O)s4)cc3)cc2)cc1,chromophore,62.570694,13.193223
CN(C)c1ccc(-c2ccc3n2[B-](F)(F)[N+]2=C(c4ccccc4)C=CC2=C3C(F)(F)F)cc1,chromophore,-30.969387,-56.940926
CN(C)c1ccc(-c2ccnc3nc(-c4cc(C(F)(F)F)cc(C(F)(F)F)c4)nn23)cc1,chromophore,7.9649186,-20.856848
CN(C)c1ccc(-c2nc(-c3ccc(N(C)C)cc3)c3ccccc3n2)cc1,chromophore,8.400374,-22.89117
CN(C)c1ccc(-c2nc(C#N)c(C#N)n2C)cc1,chromophore,12.521441,-15.300107
CN(C)c1ccc(-c2nc3c(c4c2-c2ccc(C#N)cc2CC4)-c2ccc(C#N)cc2CC3)cc1,chromophore,12.646876,-14.432242
CN(C)c1ccc(-c2nc3ccccc3n2-c2ccccc2)cc1,chromophore,7.755487,-22.56909
CN(C)c1ccc(-c2nc3nc4ccccc4nc3n2-c2ccc(C(C)(C)C)cc2)cc1,chromophore,7.2550144,-22.060892
CN(C)c1ccc(-c2sc(-c3ccc(/C=C(\C#N)C(=O)O)cc3)c3c2OCCO3)cc1,chromophore,56.158775,15.177989
CN(C)c1ccc(-n2c3ccccc3c3cc(/C=C/C(=O)O)ccc32)cc1,chromophore,6.8965373,-33.23989
CN(C)c1ccc(/C=C/C(=O)c2ccc(Cl)cc2)cc1,chromophore,20.904346,-19.38301
CN(C)c1ccc(/C=C/C(=O)c2ccccc2)cc1,chromophore,21.180481,-18.867556
CN(C)c1ccc(/C=C/C=C/C2=NC3C(=O)NC(N)=NC3N2[C@H]2C[C@H](O)[C@@H](CO)O2)cc1,chromophore,-33.566696,48.3031
CN(C)c1ccc(/C=C/C=C/c2ccc(C#N)cc2)cc1,chromophore,15.774958,-12.699702
CN(C)c1ccc(/C=C/C=C/c2nc3ccccc3o2)cc1,chromophore,20.125849,-14.506104
CN(C)c1ccc(/C=C/C=N/N=C/c2ccc3ccc4cccc5ccc2c3c45)cc1,chromophore,20.971754,-15.991951
CN(C)c1ccc(/C=C/c2cc(/C=C/c3ccc(N(C)C)cc3)nc(/C=C/c3ccc(C(F)(F)F)cc3)n2)cc1,chromophore,21.727167,-14.886718
CN(C)c1ccc(/C=C/c2cc(/C=C/c3ccc(N(C)C)cc3)nc(/C=C/c3ccc(N(C)C)cc3)n2)cc1,chromophore,21.350159,-14.50937
CN(C)c1ccc(/C=C/c2cc3ccccc3c[n+]2C)cc1,chromophore,21.234972,-15.076678
CN(C)c1ccc(/C=C/c2cc[n+](C)cc2)cc1,chromophore,21.920176,-14.016474
CN(C)c1ccc(/C=C/c2cc[n+](CCCCC[n+]3ccc(/C=C/c4ccc(N(C)C)cc4)cc3)cc2)cc1,chromophore,22.386332,-14.0262985
CN(C)c1ccc(/C=C/c2cc[n+](CCCS(=O)(=O)[O-])c3ccccc23)cc1,chromophore,22.801952,-14.443353
CN(C)c1ccc(/C=C/c2cc[n+](CCC[n+]3ccc(/C=C/c4ccc(N(C)C)cc4)cc3)cc2)cc1,chromophore,22.294168,-14.047896
CN(C)c1ccc(/C=C/c2ccc(-c3ccc(/C=C/c4ccc(N(C)C)cc4)s3)s2)cc1,chromophore,22.336819,-13.356946
CN(C)c1ccc(/C=C/c2ccc(-c3nc(C#N)c(C#N)n3C)cc2)cc1,chromophore,16.230986,-13.796453
CN(C)c1ccc(/C=C/c2ccc(-c3nnc(-c4ccc(-c5cc6ccccc6s5)cc4)o3)cc2)cc1,chromophore,19.58204,-14.738392
CN(C)c1ccc(/C=C/c2ccc(C#N)cc2)cc1,chromophore,15.786863,-12.711354
CN(C)c1ccc(/C=C/c2cccnn2)cc1,chromophore,21.254007,-14.209847
CN(C)c1ccc(/C=C/c2ccnc(/C=C/c3ccc(N(C)C)cc3)n2)cc1,chromophore,21.220205,-14.246814
CN(C)c1ccc(/C=C/c2cnc(-c3ccncc3)o2)cc1,chromophore,20.880064,-13.8821125
CN(C)c1ccc(/C=C/c2cnc(C#Cc3ccc(C#N)cc3)o2)cc1,chromophore,15.65787,-12.740289
CN(C)c1ccc(/C=C/c2cnc3ccccc3n2)cc1,chromophore,20.73832,-14.443591
CN(C)c1ccc(/C=C/c2cnccn2)cc1,chromophore,21.289242,-14.085978
CN(C)c1ccc(/C=C/c2nc(/C=C/c3ccc(N(c4ccccc4)c4ccccc4)cc3)cc(/C=C/c3ccc(N(c4ccccc4)c4ccccc4)cc3)n2)cc1,chromophore,30.73446,-20.908794
CN(C)c1ccc(/C=C/c2nc3ccc(N(C)C)cc3oc2=O)cc1,chromophore,20.068304,-14.024791
CN(C)c1ccc(/C=C/c2ncccn2)cc1,chromophore,21.209967,-14.19386
CN(C)c1ccc(/C=C/c2ncnc3ccccc23)cc1,chromophore,20.632507,-14.688728
CN(C)c1ccc(/C=c2\o/c(=C\c3ccc(C(F)(F)F)cc3)c3ccccc23)cc1,chromophore,18.223722,-16.374554
CN(C)c1ccc(/C=c2\o/c(=C\c3ccccc3Cl)c3ccccc23)cc1,chromophore,18.20705,-16.383694
CN(C)c1ccc(C#C/C2=C3\C=CC(=N3)/C(c3cc(C(C)(C)C)cc(C(C)(C)C)c3)=c3/cc4c5ccc6c7ccc8c9c(ccc(c%10ccc(c%11c4[n]3[Ni][n]3c2ccc3/C(c2cc(C(C)(C)C)cc(C(C)(C)C)c2)=C2/C=CC%11=N2)c5c%106)c97)C(=O)OC8=O)cc1,chromophore,12.55301,72.08846
CN(C)c1ccc(C#Cc2cc(C#Cc3ccc(C(F)(F)F)cc3)c3ccc4c(C#Cc5ccc(C(F)(F)F)cc5)cc(C#Cc5ccc(N(C)C)cc5)c5ccc2c3c54)cc1,chromophore,8.83895,-15.721354
CN(C)c1ccc(C#Cc2cc(C#Cc3ccc(N(C)C)cc3)c3ccc4c(C#Cc5ccc(N(C)C)cc5)cc(C#Cc5ccc(N(C)C)cc5)c5ccc2c3c54)cc1,chromophore,9.013564,-15.778623
CN(C)c1ccc(C#Cc2cc3c(cc2C#Cc2ccc(N(C)C)cc2)/C2=C(\c4cc(C(C)(C)C)cc(C(C)(C)C)c4)c4ccc5[n]4[Zn][n]4/c(cc/c4=C(\c4cc(C(C)(C)C)cc(C(C)(C)C)c4)C4=N/C(=C\5c5cc(C(C)(C)C)cc(C(C)(C)C)c5)c5cc(/C=C/C(=O)O)c(/C=C/C(=O)O)cc54)=C(/c4cc(C(C)(C)C)cc(C(C)(C)C)c4)C3=N2)cc1,chromophore,12.815736,72.256065
CN(C)c1ccc(C#Cc2ccc(-c3ccc(/C=C(\C#N)C(=O)O)s3)s2)cc1,chromophore,60.540142,9.264533
CN(C)c1ccc(C#Cc2ccc(/C=C(\C#N)C(=O)O)s2)cc1,chromophore,60.502033,9.245659
CN(C)c1ccc(C#Cc2ccc(C#Cc3cc(C#N)ccc3C#N)cc2C#N)cc1,chromophore,9.924507,-15.19865
CN(C)c1ccc(C#Cc2ccc(C#Cc3ccc(C#Cc4ccccc4C#N)cc3C#N)cc2C#N)cc1,chromophore,9.892388,-15.304702
CN(C)c1ccc(C#Cc2ccc(C#Cc3ccccc3C#N)cc2C#N)cc1,chromophore,9.892356,-15.304649
CN(C)c1ccc(C#Cc2ccc(C#N)cc2)cc1,chromophore,10.1057625,-15.284274
CN(C)c1ccc(C#Cc2ccc3c(N(C)C)cc(-c4ccccc4)cc3c2)cc1,chromophore,9.097003,-17.191275
CN(C)c1ccc(C#Cc2ccccc2)cc1,chromophore,9.6336155,-16.522118
CN(C)c1ccc(C(=C2C=C(C(C)(C)C)C(=O)C(C(C)(C)C)=C2)c2ccc(C(=O)O)cc2)cc1,chromophore,19.404593,-20.16853
CN(C)c1ccc(C(=Cc2ccc(-c3ccc(-c4ccc(N(c5ccccc5)c5ccc(C=C(C#N)C(=O)O)cc5)cc4)s3)cc2)c2ccc(N(C)C)cc2)cc1,chromophore,58.484123,13.812609
CN(C)c1ccc(C(=Cc2ccc(-c3ccc(/C=C4\SC(=S)N(CC(=O)O)C4=O)cc3)cc2)c2ccc(N(C)C)cc2)cc1,chromophore,23.395142,44.540836
CN(C)c1ccc(C(=Cc2ccc(/C=C/c3ccc(C#N)cc3)cc2)c2ccc(N(C)C)cc2)cc1,chromophore,15.768825,-12.723285
CN(C)c1ccc(C(=O)Nc2ccc(F)cc2)cc1,chromophore,-57.483295,-26.154282
CN(C)c1ccc(C(=O)Nc2ccccc2)cc1,chromophore,-58.099136,-25.81228
CN(C)c1ccc(C(C=C(C#N)C#N)=C(C#N)C#N)cc1,chromophore,14.649594,-14.927605
CN(C)c1ccc(C2=C(C#N)C(NCCN)=NC23C(C#N)=C(N)Oc2ccccc23)cc1,chromophore,6.38357,-18.930655
CN(C)c1ccc(C2=C(c3ccccc3)c3oc4ccccc4[n+]3[B-](F)(F)O2)cc1,chromophore,8.455647,-25.186724
CN(C)c1ccc(C2=CC(c3ccccc3)=[N+]3C2=Nc2c(-c4ccc(N(C)C)cc4)cc(-c4ccccc4)n2[B-]3(F)F)cc1,chromophore,-30.932241,-56.913742
CN(C)c1ccc(C2=Cc3c4ccccc4cc[n+]3[B-](F)(F)O2)cc1,chromophore,7.799088,-24.989084
CN(C)c1ccc(C2=Nc3scc(-c4ccc([N+](=O)[O-])cc4)[n+]3[B-](F)(F)O2)cc1,chromophore,11.841794,-25.764914
CN(C)c1ccc(C2=Nc3scc(-c4ccccc4)[n+]3[B-](F)(F)O2)cc1,chromophore,8.486521,-25.02361
CN(C)c1ccc(C2=[N+]3C(=Nc4c(-c5ccc(O)cc5)cc(-c5ccc(N(C)C)cc5)n4[B-]3(F)F)C(c3ccc(O)cc3)=C2)cc1,chromophore,-30.889063,-56.894794
CN(C)c1ccc(C2=[N+]3C(=Nc4c5ccccc5c(-c5ccc(N(C)C)cc5)n4[B-]3(F)F)c3ccccc32)cc1,chromophore,-30.941193,-56.820637
CN(C)c1ccc(C=CC(=O)c2ccccc2)cc1,chromophore,21.180481,-18.867556
CN(C)c1ccc(C=Nc2ccc(C(=O)O)cc2)cc1,chromophore,19.785385,-19.909517
CN(C)c1ccc2c(-c3cc(C(=O)[O-])ccc3C(=O)[O-])c3ccc(=[N+](C)C)cc-3oc2c1,chromophore,-7.362648,-64.77241
CN(C)c1ccc2c(-c3cc4ccccc4c4ccccc34)c3ccc(=[NH2+])cc-3oc2c1,chromophore,1.5913805,-66.66065
CN(C)c1ccc2c(-c3ccc(-c4ccccc4)cc3)c3ccc(=[NH2+])cc-3n(C)c2c1,chromophore,-1.0110848,-60.736324
CN(C)c1ccc2c(-c3ccc(-c4ccccc4)cc3)c3ccc(=[NH2+])cc-3oc2c1,chromophore,1.7910142,-67.19633
CN(C)c1ccc2c(-c3ccc(Br)cc3)c3ccc(=[N+](C)C)cc-3oc2c1,chromophore,1.8825011,-67.46185
CN(C)c1ccc2c(-c3ccc(C(=O)O)cc3C(=O)[O-])c3ccc(=[N+](C)C)cc-3oc2c1,chromophore,-7.437758,-64.76831
CN(C)c1ccc2c(-c3ccc(C(=O)[O-])cc3C(=O)[O-])c3ccc(=[N+](C)C)cc-3oc2c1,chromophore,-7.3606625,-64.772705
CN(C)c1ccc2c(-c3ccc(C(C)(C)C)cc3)c3ccc(=[NH2+])cc-3n(C)c2c1,chromophore,-1.4098893,-60.548546
CN(C)c1ccc2c(-c3ccc(CN4CCC5(CC4)OCCO5)cc3)c3ccc(=[NH2+])cc-3oc2c1,chromophore,1.401884,-69.220955
CN(C)c1ccc2c(-c3ccc(CN4CCCCC4)cc3)c3ccc(=[NH2+])cc-3oc2c1,chromophore,1.3406305,-69.32184
CN(C)c1ccc2c(-c3ccc(F)c(Cl)c3)c3ccc(=[NH2+])cc-3n(C)c2c1,chromophore,-1.6573865,-61.155136
CN(C)c1ccc2c(-c3ccc(F)cc3)c3ccc(=[NH2+])cc-3n(C)c2c1,chromophore,-1.5477723,-61.109722
CN(C)c1ccc2c(-c3ccc(F)cc3)c3ccc(=[NH2+])cc-3oc2c1,chromophore,2.1502218,-67.6049
CN(C)c1ccc2c(-c3ccc(N=C=S)cc3C(=O)[O-])c3ccc(=[N+](C)C)cc-3oc2c1,chromophore,-7.2792754,-64.77422
CN(C)c1ccc2c(-c3ccc4c(c3)OCO4)c3ccc(=[NH2+])cc-3oc2c1,chromophore,1.703804,-67.68976
CN(C)c1ccc2c(-c3ccc4ccccc4c3)c3ccc(=[NH2+])cc-3n(C)c2c1,chromophore,-0.74161065,-60.741127
CN(C)c1ccc2c(-c3ccccc3C(=O)[O-])c3ccc(=[N+](C)C)cc-3oc2c1,chromophore,-7.131027,-64.77136
CN(C)c1ccc2c(c1)-c1ccccc1C2=O,chromophore,13.437602,-18.919886
CN(C)c1ccc2c(c1)C(=O)NC2=O,chromophore,13.6252775,-19.82414
CN(C)c1ccc2c(c1)C(C)(C)C1=CC(=[N+](C)C)C=CC1=C2c1c(Cl)c(Cl)c(Cl)c(Cl)c1C(=O)[O-],chromophore,14.744952,-19.998074
CN(C)c1ccc2c(c1)C(C)(C)c1cc(C=C(C#N)C#N)ccc1-2,chromophore,51.167328,-15.785152
CN(C)c1ccc2c(c1)OC(c1ccccc1)=C/C2=C\C=C1/CCCC(/C=C/c2cc(-c3ccccc3)[o+]c3cc(N(C)C)ccc23)=C1Cl,chromophore,9.515948,-18.505129
CN(C)c1ccc2c(c1)P(=O)(c1ccccc1)C1=CC(=[N+]3CCCC3)C=CC1=C2c1ccccc1C(F)(F)F,chromophore,14.103619,-18.148247
CN(C)c1ccc2c(c1)c(-c1ccccc1)c(-c1ccccc1)[n+]1c3ccccc3c(-c3ccccc3)c(-c3ccccc3)c21,chromophore,9.335573,-18.222727
CN(C)c1ccc2c(c1)c1cccc3c(-c4ccccc4)nc2n31,chromophore,7.7441225,-22.720474
CN(C)c1ccc2c(ccc3c(-c4ccccc4C(=O)[O-])c4ccc(=[NH2+])cc-4oc32)c1,chromophore,-6.9684944,-64.79061
CN(C)c1ccc2c3ccc4c5c(ccc(c6cccc1c62)c53)C(=O)OC4=O,chromophore,11.247792,-24.02647
CN(C)c1ccc2cc(C#Cc3cn([C@H]4C[C@H](O)[C@@H](CO)O4)c4ncnc(N)c34)ccc2c1,chromophore,-36.549454,49.578876
CN(C)c1ccc2cc(C(=O)CBr)ccc2c1,chromophore,18.460674,-20.42569
CN(C)c1ccc2cc3c(cc2c1)C(=O)CC3,chromophore,12.748272,-19.992952
CN(C)c1ccc2cc3c(cc2c1)OCCN=C3,chromophore,11.932523,-20.421398
CN(C)c1ccc2cc3ccc(=[N+](C)C)cc-3oc2c1,chromophore,13.345954,-23.558065
CN(C)c1ccc2cc3ccc(N(C)C)cc3nc2c1,chromophore,11.677261,-20.285486
CN(C)c1ccc2nc(-c3ccc(C(=O)OC[C@H](NC(=O)OC(C)(C)C)C(=O)OCc4ccccc4)cc3)sc2c1,chromophore,-33.185326,18.671003
CN(C)c1ccc2nn(C)c(-c3ccc(C=C(C#N)C#N)o3)c2c1,chromophore,17.503351,-24.533348
CN(C)c1ccc2nn(C)c(-c3ccc(C=C(C#N)C#N)s3)c2c1,chromophore,61.722965,-37.005997
CN(C)c1ccc2nn(C)c(-c3ccc(C=O)o3)c2c1,chromophore,16.442806,-24.435764
CN(C)c1cccc(C#N)c1,chromophore,10.623342,-14.779948
CN(C)c1cccc2c(S(=O)(=O)NCCN)cccc12,chromophore,-31.842121,-8.891409
CN(C)c1cccc2c(S(=O)(=O)NN)cccc12,chromophore,-31.810818,-8.88156
CN(C)c1cccc2c1-c1ccccc1C2=O,chromophore,-15.266068,-1.7565874
CN(C)c1cccc2c1C(=O)c1ccccc1C2=O,chromophore,-15.28064,-1.7319114
CN(C)c1cccc2c1ccc1c(=O)oc(-c3ccc(C(F)(F)F)cc3)cc12,chromophore,-3.577312,-40.600536
CN(C)c1nc(-c2ccc(/C=C(\C#N)C(=O)O)cc2)nc(-c2ccc(N(c3ccccc3)c3ccccc3)cc2)n1,chromophore,54.57954,13.250267
CN(C)c1nc(-c2ccccc2)c(-c2ccc([N+](=O)[O-])o2)s1,chromophore,18.297173,-6.8412375
CN(C)c1nc(N(C)C)c2nc(/C=C/c3ccccc3)n(C)c2n1,chromophore,22.99608,-11.441968
CN(C)c1nc(N)c2nc(C#N)n(Cc3ccccc3)c2n1,chromophore,1.1028973,-11.2451935
CN(CCCC(=O)O)C(=O)c1ccccc1-c1c2ccc(NCCCS(=O)(=O)O)cc2[o+]c2cc(NCCCS(=O)(=O)O)ccc12,chromophore,-4.4762936,14.429375
CN(CCCC(=O)O)C(=O)c1ccccc1-c1c2ccc(NCCCS(=O)(=O)[O-])cc2[o+]c2cc(NCCCS(=O)(=O)O)ccc12,chromophore,-4.4543853,14.431129
CN(CCCC(=O)O)C(=O)c1ccccc1-c1c2ccc(NCCCS(=O)(=O)[O-])cc2[o+]c2cc(NCCCS(=O)(=O)[O-])ccc12,chromophore,-4.462486,14.428785
CN(CCCC(=O)[O-])C(=O)c1ccccc1-c1c2cc/c(=[NH+]\CC(F)(F)F)c(S(=O)(=O)O)c-2oc2c(S(=O)(=O)O)c(NCC(F)(F)F)ccc12,chromophore,-39.47236,-39.63428
CN(CCCC(=O)[O-])C(=O)c1ccccc1-c1c2ccc(=[N+](C)C)cc-2sc2cc(N(C)C)ccc12,chromophore,-39.488255,-40.18785
CN(CCCC(=O)[O-])C(=O)c1ccccc1-c1c2ccc(=[NH2+])c(S(=O)(=O)O)c-2oc2c(S(=O)(=O)O)c(N)ccc12,chromophore,-39.46608,-39.65989
CN(CCCCCC(=O)O)c1ccc([N+](=O)[O-])c2nonc12,chromophore,-1.94261,22.950289
CN(CCCCCC(=O)ON1C(=O)C=CC1=O)c1ccc([N+](=O)[O-])c2nonc12,chromophore,-1.8487848,22.930359
CN(CCO)c1ccc(/C=C/C(=O)c2ccc(NC(=O)/C=C/c3ccccc3)cc2)cc1,chromophore,-63.17674,-29.923561
CN(CCO)c1ccc(/C=C/C(=O)c2ccc(NC(=O)C(C)(C)C)cc2)cc1,chromophore,-64.96488,-29.675003
CN(CCO)c1ccc(/C=C/C(=O)c2ccc(NC(=O)C3CCC3)cc2)cc1,chromophore,-65.32682,-28.679602
CN(CCO)c1ccc(/C=C/C(=O)c2ccc(NC(=O)CCC3CCCC3)cc2)cc1,chromophore,-65.36239,-28.65174
CN(CCO)c1ccc(/C=C/C(=O)c2ccc(NC(=O)Cc3ccc(F)cc3)cc2)cc1,chromophore,-65.8967,-31.304161
CN(CCO)c1ccc(/C=C/C(=O)c2ccc(NC(=O)Cc3ccccc3)cc2)cc1,chromophore,-63.056217,-29.929056
CN(CCO)c1ccc(/C=C/C(=O)c2ccc(NC(=O)N3CCOCC3)cc2)cc1,chromophore,-65.53789,-28.564716
CN(CCO)c1ccc(/C=C/C(=O)c2ccc(NC(=O)c3c(C(F)(F)F)ccc(Cl)c3F)cc2)cc1,chromophore,-64.849884,-32.44923
CN(CCO)c1ccc(/C=C/C(=O)c2ccc(NC(=O)c3c(F)c(F)c(Cl)c(F)c3F)cc2)cc1,chromophore,-64.514755,-31.893425
CN(CCO)c1ccc(/C=C/C(=O)c2ccc(NC(=O)c3c(F)c(F)c(F)c(F)c3Br)cc2)cc1,chromophore,-65.23912,-31.059227
CN(CCO)c1ccc(/C=C/C(=O)c2ccc(NC(=O)c3c(F)c(F)c(F)c(F)c3F)cc2)cc1,chromophore,-65.221306,-31.023022
CN(CCO)c1ccc(/C=C/C(=O)c2ccc(NC(=O)c3c(F)ccc(Cl)c3F)cc2)cc1,chromophore,-64.35589,-32.303417
CN(CCO)c1ccc(/C=C/C(=O)c2ccc(NC(=O)c3c(F)cccc3C(F)(F)F)cc2)cc1,chromophore,-65.50102,-32.013943
CN(CCO)c1ccc(/C=C/C(=O)c2ccc(NC(=O)c3cc(C(F)(F)F)cc(Cl)c3F)cc2)cc1,chromophore,-65.12587,-32.7343
CN(CCO)c1ccc(/C=C/C(=O)c2ccc(NC(=O)c3cc(Cl)cc(Cl)c3)cc2)cc1,chromophore,-63.726227,-31.88064
CN(CCO)c1ccc(/C=C/C(=O)c2ccc(NC(=O)c3cc(F)cc(C(F)(F)F)c3)cc2)cc1,chromophore,-65.708824,-32.302402
CN(CCO)c1ccc(/C=C/C(=O)c2ccc(NC(=O)c3cc(I)ccc3F)cc2)cc1,chromophore,-65.14317,-31.51271
CN(CCO)c1ccc(/C=C/C(=O)c2ccc(NC(=O)c3ccc(-c4cc(Cl)ccc4Cl)o3)cc2)cc1,chromophore,-63.375385,-32.68207
CN(CCO)c1ccc(/C=C/C(=O)c2ccc(NC(=O)c3ccc(-c4cc([N+](=O)[O-])ccc4Cl)o3)cc2)cc1,chromophore,-68.17975,-31.661703
CN(CCO)c1ccc(/C=C/C(=O)c2ccc(NC(=O)c3ccc(-c4ccc(Cl)c([N+](=O)[O-])c4)o3)cc2)cc1,chromophore,-68.1781,-31.741907
CN(CCO)c1ccc(/C=C/C(=O)c2ccc(NC(=O)c3ccc(-c4ccc(F)cc4)o3)cc2)cc1,chromophore,-66.50716,-31.336689
CN(CCO)c1ccc(/C=C/C(=O)c2ccc(NC(=O)c3ccc(-c4ccccc4)cc3)cc2)cc1,chromophore,-62.879757,-29.669512
CN(CCO)c1ccc(/C=C/C(=O)c2ccc(NC(=O)c3ccc(-c4ccccc4[N+](=O)[O-])o3)cc2)cc1,chromophore,-68.090225,-31.139746
CN(CCO)c1ccc(/C=C/C(=O)c2ccc(NC(=O)c3ccc(Br)cc3F)cc2)cc1,chromophore,-65.34769,-31.350393
CN(CCO)c1ccc(/C=C/C(=O)c2ccc(NC(=O)c3ccc(C(F)(F)F)cc3)cc2)cc1,chromophore,-65.868645,-32.164833
CN(CCO)c1ccc(/C=C/C(=O)c2ccc(NC(=O)c3ccc([N+](=O)[O-])cc3)cc2)cc1,chromophore,-67.96855,-31.418365
CN(CCO)c1ccc(/C=C/C(=O)c2ccc(NC(=O)c3ccc([N+](=O)[O-])cc3Cl)cc2)cc1,chromophore,-68.07794,-31.696808
CN(CCO)c1ccc(/C=C/C(=O)c2ccc(NC(=O)c3ccc([N+](=O)[O-])o3)cc2)cc1,chromophore,-67.91804,-31.23038
CN(CCO)c1ccc(/C=C/C(=O)c2ccc(NC(=O)c3cccc(C(F)(F)F)c3F)cc2)cc1,chromophore,-65.46806,-32.002647
CN(CCO)c1ccc(/C=C/C(=O)c2ccc(NC(=O)c3cccc(Cl)c3F)cc2)cc1,chromophore,-64.24668,-32.006557
CN(CCO)c1ccc(/C=C/C(=O)c2ccc(NC(=O)c3cccc(F)c3F)cc2)cc1,chromophore,-64.950745,-31.478924
CN(CCO)c1ccc(/C=C/C(=O)c2ccc(NC(=O)c3ccccc3Br)cc2)cc1,chromophore,-63.667328,-30.056053
CN(CCO)c1ccc(/C=C/C(=O)c2ccc(NC(=O)c3ccccc3Cl)cc2)cc1,chromophore,-63.241592,-30.97779
CN(CCO)c1ccc(/C=C/C(=O)c2ccc(NC(=O)c3ccccc3F)cc2)cc1,chromophore,-64.47012,-31.076614
CN(CCO)c1ccc(/C=C/C(=O)c2ccc(NC(=O)c3ccccc3I)cc2)cc1,chromophore,-63.66896,-30.051395
CN(CCO)c1ccc(/C=C/C(=O)c2ccc(NC(=O)c3cccnc3Cl)cc2)cc1,chromophore,-63.455437,-31.25315
CN(CCO)c1ccc(/C=C/C(=O)c2ccc(NC(=O)c3cncc(Br)c3)cc2)cc1,chromophore,-65.41211,-30.196161
CN(CCO)c1ccc(/C=C/C(=O)c2ccc(NC(=O)c3sc4cc(F)ccc4c3Cl)cc2)cc1,chromophore,-64.663376,-33.061714
CN(CCO)c1ccc(/C=C/C(=O)c2ccc(NC(=O)c3sc4ccccc4c3Cl)cc2)cc1,chromophore,-62.73725,-31.061298
CN(CCO)c1ccc(/C=C/C2=C(C#N)C(C(C#N)C#N)OC2(C)C)cc1,chromophore,16.207994,-12.066253
CN(CCO[Si](C)(C)C(C)(C)C)c1ccc(-c2ccc(/C=C(\C#N)C(=O)O)s2)cc1,chromophore,63.325687,11.964634
CN(CCO[Si](C)(C)C(C)(C)C)c1ccc(/C=C/c2ccc(C=C(C#N)C(=O)O)s2)cc1,chromophore,57.618668,9.39327
CN(c1ccccc1)c1c([O-])/c(=[N+](\C)c2ccccc2)c1=O,chromophore,-10.179733,9.329206
CN(c1ccccc1)c1ccc(-c2ccc(-c3ccc(N(C)c4ccccc4)cc3)c3nc(-c4ccccc4)c(-c4ccccc4)nc23)cc1,chromophore,9.437425,-23.516104
CN1/C(=C/C2=C([O-])C(=O)C2=C2C(=O)NC(=O)NC2=O)C(C)(C)c2ccccc21,chromophore,8.780819,43.427814
CN1/C(=C/C=C(/C=C/C2=[N+](C)c3ccccc3C2(C)C)c2cccc(C(F)(F)F)c2)C(C)(C)c2ccccc21,chromophore,7.226944,43.32531
CN1/C(=C/C=C(/C=C/C2=[N+](C)c3ccccc3C2(C)C)c2ccccc2)C(C)(C)c2ccccc21,chromophore,7.6079793,43.378635
CN1/C(=C/C=C(/C=C/c2sc3ccccc3[n+]2C)c2cc(F)cc(F)c2)Sc2ccccc21,chromophore,12.26146,37.283222
CN1/C(=C/C=C(/C=C/c2sc3ccccc3[n+]2C)c2ccc(C(F)(F)F)cc2)Sc2ccccc21,chromophore,12.230639,37.217175
CN1/C(=C/C=C(/C=C/c2sc3ccccc3[n+]2C)c2ccc(F)cc2)Sc2ccccc21,chromophore,12.2636595,37.279613
CN1/C(=C/C=C(/C=C/c2sc3ccccc3[n+]2C)c2ccccc2)Sc2ccccc21,chromophore,12.269782,37.274715
CN1/C(=C/C=C/C2=[N+](C)c3c(F)c(F)c4c(F)c(F)c(F)c(F)c4c3C2(C)C)C(C)(C)c2c1c(F)c(F)c1c(F)c(F)c(F)c(F)c21,chromophore,5.7225895,41.764957
CN1/C(=C/C=C/C2=[N+](C)c3ccc4ccccc4c3C2(C)C)C(C)(C)c2c1ccc1ccccc21,chromophore,6.2319436,46.31198
CN1/C(=C/C=N/c2sc3ccccc3[n+]2C)C(C)(C)c2ccccc21,chromophore,7.8890066,42.74219
CN1/C(=C\C2=[N+](C)c3ccccc3C2(C)C)C(C)(C)c2cc(CC(=O)O)ccc21,chromophore,7.7731237,44.591564
CN1B(c2c(F)c(F)c(F)c(F)c2F)c2cc3c(cc2-c2ccccc21)B(c1c(F)c(F)c(F)c(F)c1F)N(C)c1ccccc1-3,chromophore,-10.636663,-2.9160404
CN1B(c2c(F)c(F)c(F)c(F)c2F)c2ccccc2-c2ccccc21,chromophore,-10.643469,-2.8784256
CN1C(=CC2=C([O-])C(=CC3=[N+](C)c4ccccc4C3(C)C)C2=C2C(=O)NC(=O)NC2=O)C(C)(C)c2ccccc21,chromophore,8.731568,43.486916
CN1C(=CC2=C([O-])C(=CC3=[N+](C)c4ccccc4C3(C)C)C2=NC#N)C(C)(C)c2ccccc21,chromophore,8.191701,43.193455
CN1C(=CC2=C([O-])C(=Cc3oc(-c4ccc(-c5ccccc5)cc4)c[n+]3C)C2=O)C(C)(C)c2ccccc21,chromophore,8.968858,43.66789
CN1C(=CC2=C([O-])C(=Cc3oc4ccccc4[n+]3C)C2=C(C#N)C#N)Sc2ccccc21,chromophore,12.667759,38.492165
CN1C(=CC2=C([O-])C(=Cc3sc4ccccc4[n+]3C)C2=C(C#N)C#N)Sc2ccccc21,chromophore,12.633642,38.455143
CN1C(=CC=Cc2nc3nc4ccccc4nc3s2)C(C)(C)c2ccccc21,chromophore,7.7760515,42.636005
CN1C(=Cc2c([S-])c(=O)c2=O)C(C)(C)c2ccccc21,chromophore,8.597591,43.327995
CN1CCCc2cc(C3=Cc4cccc[n+]4[B-](F)(F)O3)ccc21,chromophore,-41.67429,-43.875633
CN1CCCc2cc3c(cc21)Oc1cc2c(cc1=N3)OCC[N+]=2C,chromophore,-26.47919,1.5065058
CN1CCN(CCCN2c3ccccc3Sc3ccc(C(F)(F)F)cc32)CC1,chromophore,9.882371,34.172718
CN1CCN(c2cccc(/C=C/c3ncc(-c4ccc(OCc5ccccc5)c(OCc5ccccc5)c4)o3)c2)CC1,chromophore,-33.2959,-19.689169
CN1c2cc3c(cc2-c2sccc2C1(C)C)C(c1c(Cl)c(Cl)c(Cl)c(Cl)c1C(=O)[O-])=c1cc2c(cc1O3)=[N+](C)C(C)(C)c1ccsc1-2,chromophore,-20.268658,3.30653
CN1c2cc3c(cc2-c2sccc2C1(C)C)C(c1ccccc1C(=O)[O-])=c1cc2c(cc1O3)=[N+](C)C(C)(C)c1ccsc1-2,chromophore,-20.356155,3.1243992
CNC(=O)[C@H](C)NC(=O)c1cccc2c1C#Cc1c(N)cccc1OCCCO2,chromophore,-38.747578,31.613506
CNC(=O)[C@H](C)NC(=O)c1cccc2c1C#Cc1c(NC(=O)[C@@H](NC(C)=O)C(C)C)cccc1OCCCO2,chromophore,-38.746174,31.590818
CNC1=C2C=CC=[N+]2[B-](F)(F)n2cccc21,chromophore,-37.057175,-54.024025
CNCCCC1c2ccccc2C=Cc2ccccc21,chromophore,-14.656334,5.027278
CNCCCN1c2ccccc2CCc2ccccc21,chromophore,9.147983,30.78237
CNc1ccc2c(c1)-c1ccccc1C2=O,chromophore,-16.104671,-1.6618361
CNc1cccc2c1-c1ccccc1C2=O,chromophore,-15.870546,-1.5092636
CNc1ncc2nc(C(=O)OC)n(Cc3ccccc3)c2n1,chromophore,-37.18648,15.484609
COC(=O)/C(C#N)=c1\s/c(=c2/s/c(=C(/C#N)C(=O)OC)c3cc(-c4ccc(C(F)(F)F)cc4)sc23)c2sc(-c3ccc(C(F)(F)F)cc3)cc12,chromophore,-8.357448,17.386412
COC(=O)/C(C#N)=c1\s/c(=c2/s/c(=C(/C#N)C(=O)OC)c3cc(-c4ccc(F)cc4)sc23)c2sc(-c3ccc(F)cc3)cc12,chromophore,-8.348287,17.389662
COC(=O)/C=C/C1=CC2=C(c3c(C)cc(C)cc3C)c3cccn3[B-](F)(F)[N+]2=C1,chromophore,-38.990242,-67.64002
COC(=O)/C=C/C=C/C1=[N+]2C(=C(c3c(C)cc(C)cc3C)c3ccc(/C=C/C=C/C(=O)OC)n3[B-]2(F)F)C=C1,chromophore,-38.99914,-67.66058
COC(=O)/C=C/c1nc2c(c(=O)n(C)c(=O)n2C)n1C,chromophore,-14.0114355,30.688982
COC(=O)/C=C/c1sc(-c2ccc(N(C)C)cc2)c(-c2ccc(OC)cc2)c1O,chromophore,10.628744,-27.691383
COC(=O)/C=C/c1sc(-c2ccc(N(C)C)cc2)c(-c2cccnc2)c1N,chromophore,10.664747,-27.568844
COC(=O)C(C)(C)C1Oc2ccc(Br)cc2C(=O)/C1=C\NS(=O)(=O)c1ccc(C)cc1,chromophore,-32.375717,0.049839575
COC(=O)C(C)(C)C1Oc2ccc(OC)cc2C(=O)/C1=C\O,chromophore,-39.87305,-24.779497
COC(=O)C(Cc1ccc2oc(-c3c4ccccc4cc4ccccc34)nc2c1)NC(=O)OC(C)(C)C,chromophore,-50.428352,-22.97415
COC(=O)C(Cc1ccc2oc(-c3ccc(-n4c5ccccc5c5ccccc54)cc3)nc2c1)NC(=O)OC(C)(C)C,chromophore,4.5789914,-47.68874
COC(=O)C(Cc1ccc2oc(-c3ccc(Nc4ccccc4)cc3)nc2c1)NC(=O)OC(C)(C)C,chromophore,-50.153717,-22.88534
COC(=O)C(Cc1ccc2oc(-c3ccc4c(c3)c3ccccc3n4-c3ccccc3)nc2c1)NC(=O)OC(C)(C)C,chromophore,4.5781126,-47.684795
COC(=O)C(Cc1ccc2oc(-c3ccncc3)nc2c1)NC(=O)OC(C)(C)C,chromophore,-49.899117,-22.918137
COC(=O)C(NC(=O)OC(C)(C)C)c1ccc2oc(-c3cc(C(F)(F)F)cc(C(F)(F)F)c3)nc2c1,chromophore,-49.56718,-23.227638
COC(=O)C(NC(=O)OC(C)(C)C)c1ccc2oc(-c3cc(OC)ccc3OC)nc2c1,chromophore,-49.230286,-23.699816
COC(=O)C(NC(=O)OC(C)(C)C)c1ccc2oc(-c3ccc(N(C)C)cc3OC)nc2c1,chromophore,-49.024487,-23.933233
COC(=O)C(NC(=O)OC(C)(C)C)c1ccc2oc(-c3ccc(OC(=O)c4ccccc4)cc3OC(=O)c3ccccc3)nc2c1,chromophore,-49.39774,-23.615921
COC(=O)C1=C(C(=O)OC)C2(c3ccccc3-c3c(C(=O)OC)cccc32)[C@@H](c2ccc(Cl)cc2)C=C2c3cc(OC)c(OC)cc3CCN21,chromophore,-67.758865,8.220016
COC(=O)C1=C(C(=O)OC)C2(c3ccccc3-c3ccccc32)[C@@H](c2ccc(C)cc2)C=C2c3cc(OC)c(OC)cc3CCN21,chromophore,-67.58514,8.457311
COC(=O)C1=C(C(=O)OC)C2(c3ccccc3-c3ccccc32)[C@@H](c2ccccc2)C=C2c3cc(OC)c(OC)cc3CCN21,chromophore,-67.58232,8.585716
COC(=O)C1=C(C(=O)OC)C2=C[C@H]3c4ccccc4[C@]2(S1)c1ccccc13,chromophore,-32.739697,9.347966
COC(=O)CCC(NC(=O)CCNc1cccc2ccccc12)C(=O)OC,chromophore,-23.690725,-23.429892
COC(=O)CCC1=CC(C#Cc2cccs2)=[N+]2C1=Cc1c(CCC(=O)OC)cc(C#Cc3cccs3)n1[B-]2(F)F,chromophore,-35.8739,-67.720436
COC(=O)CNc1c(/C=C/c2ccc(OC)cc2)nc2cc(C(=O)OC)ccn12,chromophore,-45.08745,-30.328033
COC(=O)COc1ccc(/C=C/C2=[N+]3C(=C(c4ccc(N(C)C)cc4)c4c(C)cc(C)n4[B-]3(F)F)C(C)=C2)cc1,chromophore,-46.30572,-65.91715
COC(=O)COc1ccc(/C=C/C2=[N+]3C(=C(c4ccc(N5CCCCC5)cc4)c4c(C)cc(C)n4[B-]3(F)F)C(C)=C2)cc1,chromophore,-46.620975,-67.300446
COC(=O)C[C@H](NC(=O)[C@H](Cc1c[nH]c2ccccc12)NC(=O)OC(C)(C)C)C(=O)OC,chromophore,-34.769283,13.547177
COC(=O)[C@@H]1C(=O)Oc2ccccc2[C@H]1c1c[nH]c2ccccc12,chromophore,-45.689747,28.882055
COC(=O)c1[nH]c(-c2ccc(OC)cc2)c2nnc3ccc(OC)cc3c12,chromophore,-22.625776,-41.583916
COC(=O)c1[nH]c(-c2ccccc2)c2nnc3ccc(OC)cc3c12,chromophore,-22.462042,-41.444954
COC(=O)c1[nH]c(-c2ccccc2)c2nnc3ccsc3c12,chromophore,-34.261486,6.5960627
COC(=O)c1c(-c2cc3ccccc3oc2=O)nn(-c2ccc(Br)cc2)c1C(=O)OC,chromophore,-52.507843,-17.68179
COC(=O)c1c(-c2cc3ccccc3oc2=O)nn(-c2cccc(C)c2)c1C(=O)OC,chromophore,-52.612583,-17.687048
COC(=O)c1c(-c2cc3ccccc3oc2=O)nn(-c2cccc(F)c2)c1C(=O)OC,chromophore,-52.40967,-17.698833
COC(=O)c1c(C(=O)OC)c2ccc(-c3ccccc3)nn2c1C,chromophore,-34.448116,7.88043
COC(=O)c1c(C(=O)OC)c2ccc(C)nn2c1C,chromophore,-35.387146,10.63126
COC(=O)c1c2c(cc3ccc(N(C)C)cc13)CCC2,chromophore,16.923378,-22.059307
COC(=O)c1c2ccccc2nc2ccccc12,chromophore,-24.860258,-21.925373
COC(=O)c1cc(/C=C/c2ccc(F)cc2)n2ccc3ccccc3c12,chromophore,-26.014166,-21.778568
COC(=O)c1cc(/C=C/c2ccccc2)n2ccc3ccccc3c12,chromophore,-25.928791,-21.81221
COC(=O)c1cc(=O)n(C)c2cc(-c3ccc(OC)cc3)sc12,chromophore,-18.40223,-40.864235
COC(=O)c1cc(=O)n(C)c2cc(-c3cccc(N(C)C)c3)sc12,chromophore,10.702413,-29.837118
COC(=O)c1cc(=O)n(C)c2cc(-c3ccccc3OC)sc12,chromophore,-39.254917,-20.904385
COC(=O)c1cc(N2CCC2)ccc1N1CCC1,chromophore,-47.530285,31.862318
COC(=O)c1cc(OC)cc(OC)c1/C=C/c1cc(C)c2n1[B-](F)(F)[N+]1=CC=CC1=C2,chromophore,-86.23951,-16.880173
COC(=O)c1cc(OC)ccc1OC,chromophore,-40.109055,-25.724838
COC(=O)c1cc(OCCCCCCn2c(/C=C/c3ccc(N(c4ccccc4)c4ccccc4)cc3)ccc2/C=C(\C#N)C(=O)O)cc(OCCCCCCn2c(/C=C/c3ccc(N(c4ccccc4)c4ccccc4)cc3)ccc2/C=C(\C#N)C(=O)O)c1,chromophore,68.53575,20.411179
COC(=O)c1cc2c3c([n+]4c(-c5ccccc5)c(-c5ccccc5)c5ccccc5c4c(-c4ccccc4)c3c1)OC(c1ccccc1)=C2c1ccccc1,chromophore,-30.345045,-20.948814
COC(=O)c1cc2c3ccccc3n(C)c2c(-c2nc3cc(Br)ccc3[nH]2)n1,chromophore,-61.469967,-9.763421
COC(=O)c1cc2c3ccccc3n(C)c2c(-c2nc3cc(Cl)ccc3[nH]2)n1,chromophore,-61.67919,-9.761205
COC(=O)c1cc2c3ccccc3n(C)c2c(-c2nc3cc(F)ccc3[nH]2)n1,chromophore,-61.63896,-9.925881
COC(=O)c1cc2c3ccccc3n(C)c2c(-c2nc3ccccc3o2)n1,chromophore,-60.83124,-10.429796
COC(=O)c1cc2c3ccccc3n(Cc3ccccc3)c2c(-c2nc3ccccc3[nH]2)n1,chromophore,-61.417484,-9.309691
COC(=O)c1cc2c3ccccc3n(Cc3ccccc3)c2c(-c2nc3ccccc3s2)n1,chromophore,-60.40586,-9.611213
COC(=O)c1ccc(-c2cn3ccc[n+]3[n-]2)cc1,chromophore,-34.977005,10.160276
COC(=O)c1ccc(/C=C/N(c2ccccc2)c2ccccc2)cc1,chromophore,24.578096,-19.175962
COC(=O)c1ccc(/C=C/c2ccc3n2[B-](F)(F)[N+]2=C(C)C=C(C)C2=C3)cc1,chromophore,-40.30887,-67.452835
COC(=O)c1ccc(/C=C2\C=C(c3ccc(OC)c(OC)c3)NC2=O)cc1,chromophore,-41.01397,-16.33132
COC(=O)c1ccc(/C=C2\C=C(c3ccc(OC)c(OC)c3)OC2=O)cc1,chromophore,-40.978897,-16.190044
COC(=O)c1ccc(/C=C2\C=C(c3ccc([N+](=O)[O-])cc3)OC2=O)cc1,chromophore,6.332221,23.79974
COC(=O)c1ccc(/C=C2\C=C(c3ccccc3)OC2=O)cc1,chromophore,-41.48703,-14.863731
COC(=O)c1ccc(/C=C2\N=C(c3ccc(OC)c(OC)c3)NC2=O)cc1,chromophore,-41.01289,-16.263407
COC(=O)c1ccc(/C=C2\N=C(c3ccc(OC)c(OC)c3)OC2=O)cc1,chromophore,-40.97752,-16.17523
COC(=O)c1ccc(/C=C2\N=C(c3ccc([N+](=O)[O-])cc3)NC2=O)cc1,chromophore,6.3576317,23.860933
COC(=O)c1ccc(/C=C2\N=C(c3ccccc3)NC2=O)cc1,chromophore,-41.50304,-14.815898
COC(=O)c1ccc(O)c(-c2[nH]c(=O)n3c2-c2ccccc2C3=O)c1,chromophore,-18.576242,1.5941203
COC(=O)c1ccc2c(c1)c(-c1ccccc1)c(-c1ccccc1)[n+]1c3ccccc3c(-c3ccccc3)c(-c3ccccc3)c21,chromophore,-30.561611,-21.072712
COC(=O)c1ccc2c(c1)c(-c1ccccc1)c(-c1ccccc1)c1c3ccc(OC)cc3c(-c3ccccc3)c(-c3ccccc3)[n+]21,chromophore,-30.860596,-21.205574
COC(=O)c1ccc2oc3c(-c4ccccc4)c4c5ccccc5n(C)c4cc3c2c1,chromophore,-30.284847,-21.361866
COC(=O)c1cccc2c1C#Cc1c(N)cccc1OCCCO2,chromophore,-38.8151,31.67697
COC(=O)c1ccccc1-c1c2ccc(=[N+](C)C)cc-2oc2c1ccc1cccc(O)c12,chromophore,-37.743443,-37.655594
COC(=O)c1ccccc1-c1c2ccc(=[NH2+])cc-2oc2c1ccc1cccc(O)c12,chromophore,-37.72431,-37.683422
COC(=O)c1ccccc1-c1c2ccc(=[NH2+])cc-2oc2c1ccc1cccc(OC)c12,chromophore,-37.67014,-37.759365
COC(=O)c1ccccc1C1=c2cc3c4c(c2Oc2c1ccc1cccc(N)c21)CCC[N+]=4CCC3,chromophore,-50.237617,-28.590324
COC(=O)c1ccccc1C1=c2cc3c4c(c2Oc2c1ccc1cccc(OC)c21)CCC[N+]=4CCC3,chromophore,-50.2426,-28.586237
COC(=O)c1ccn2c(N)c(-c3ccc(OC)cc3)nc2c1,chromophore,-23.443024,-41.813953
COC(=O)c1ccn2c(NC(C)C)c(/C=C/c3ccc(OC)cc3)nc2c1,chromophore,-45.10337,-30.345158
COC(=O)c1ccn2c(NC3CCCCC3)c(-c3ccc(S(=O)(=O)O)o3)nc2c1,chromophore,-57.325104,16.384777
COC(=O)c1ccn2c(NC3CCCCC3)c(/C=C/c3ccc(OC)cc3)nc2c1,chromophore,-45.140526,-30.359247
COC(=O)c1ccn2c(NC3CCCCC3)c(/C=C/c3ccco3)nc2c1,chromophore,-57.303288,16.39522
COC(=O)c1ccn2c(NCc3ccccc3)c(/C=C/c3ccc(OC)cc3)nc2c1,chromophore,-45.02574,-30.286062
COC(=O)c1ccn2c(Nc3ccc(F)cc3)c(/C=C/c3ccc(OC)cc3)nc2c1,chromophore,-45.139473,-30.38622
COC(=O)c1ccn2c3c(c(-c4ccc(Br)cc4)c2c1)CN(CCNC(=O)OC(C)(C)C)C3=O,chromophore,-77.579605,1.4809766
COC(=O)c1ccn2c3c(c(-c4ccc(C)cc4)c2c1)CN(CCNC(=O)OC(C)(C)C)C3=O,chromophore,-78.167625,1.4499664
COC(=O)c1ccn2cc(-c3ccc(OC)cc3)nc2c1,chromophore,-23.405582,-41.829475
COC(=O)c1nc(-c2ccc(OC)cc2)oc1C,chromophore,-23.972221,-42.446472
COC(=O)c1nc(-c2cccc3ccccc23)oc1C,chromophore,-25.130823,-22.926731
COC(=O)c1nc(-c2ccccc2)oc1C,chromophore,-32.915924,7.0048575
COC(=O)c1nc2c(N)nc(N(C)C)nc2n1Cc1ccccc1,chromophore,-37.465206,15.713988
COC(=O)c1nc2cnc(N)nc2n1Cc1ccccc1,chromophore,-37.248447,15.563604
COC(=O)c1oc(/C=C/c2ccc3n2[B-](F)(F)[N+]2=C(C)C=C(C)C2=C3)nc1C,chromophore,-39.994236,-67.47482
COC1=C/C(=C\C=C2C=CN(Cc3ccc(Br)cc3)C=C2)C=CC1=O,chromophore,-15.773367,34.86218
COC1=[N+]2C(=C(c3ccc(C)cc3)c3ccc(OC)n3[B-]2(F)F)C=C1,chromophore,-36.926678,-63.78604
COC1=[N+]2C(=C(c3ccccc3)c3ccc(OC)n3[B-]2(F)F)C=C1,chromophore,-35.688526,-60.66551
COC1=[N+]2C(=C(c3ccccc3)c3ccc(OC)n3[B-]2(F)F)C=C1SC#N,chromophore,-35.60175,-60.5409
COC1CCC2/C3=C4\CC/C5=C(\C6C(C)CC(C)CC6C)C6=N/C(=C(/C7CCC(C(=O)O)CC7)C7CCC(/C(C8C(C)CC(C)CC8C)=C8/C=C(C3=N8)C3CCCC1C32)[N]7[Zn][N]45)C=C6,chromophore,-33.022232,37.958508
COCC(=O)Nc1ccc(C(=O)/C=C/c2ccc(N(C)CCO)cc2)cc1,chromophore,-64.60979,-29.297132
COCC1COc2c(C=C(C#N)C(=O)O)sc(-c3ccc(N(c4ccccc4)c4ccccc4)cc3)c2O1,chromophore,57.49074,17.62552
COCCC1=Cc2nc1ccc1[nH]c(c3nc(ccc4[nH]c2cc4CCOC)C(CCOC)=C3)c2c(C(=O)OC)c(C(=O)O)ccc12,chromophore,-39.032063,7.388284
COCCC1=Cc2nc1ccc1[nH]c(cc1CCOC)c1nc(c(N3C(=O)CCCC3=O)cc3[nH]c2cc3CCOC)C(CCOC)=C1,chromophore,-11.428593,36.387512
COCCN(CCOC)c1ccc(/C=C/c2sc3c4nc(C)sc4ccc3[n+]2C)cc1,chromophore,24.778791,-14.361749
COCCN1C(=O)/C(=C/c2cccc(N(C)C)c2)N=C1C,chromophore,-10.78995,11.925781
COCCOCCN1C(=O)C2=C(c3ccc(I)cc3)N(CCOCCOC)C(=O)C2=C1c1ccc(I)cc1,chromophore,-15.459621,34.710667
COCCOCCOC1=NC2(C(C#N)=C(N)Oc3ccccc32)C(c2ccc(N(C)C)cc2)=C1C#N,chromophore,6.383592,-18.937128
COCCOCCOCCN1C(=O)C2=C(c3ccncc3)NC(=O)C2=C1c1ccncc1,chromophore,-15.19129,34.566456
COCCOCCOCCOCC(COCCOCCOCCOC)Oc1cc(/C=C/c2ccc(/C=C(\C#N)c3ccccc3)cc2)c(OC(COCCOCCOCCOC)COCCOCCOCCOC)cc1/C=C/c1ccc(/C=C(\C#N)c2ccccc2)cc1,chromophore,13.958513,-7.219012
COCCOCCOCCOCC(COCCOCCOCCOC)Oc1cc(/C=C/c2ccc(/C=C/[N+](=O)[O-])cc2)c(OC(COCCOCCOCCOC)COCCOCCOCCOC)cc1/C=C/c1ccc(/C=C/[N+](=O)[O-])cc1,chromophore,4.9233203,13.408061
COCCOCCOCCOCCOc1cc(C=O)c(OCCOCCOCCOCCOC)cc1C=O,chromophore,-39.777493,2.163424
COCC[N+]1=C(/C=C/C=C/C=C2/N(CCCCCC(=O)O)c3ccc(S(=O)(=O)O)cc3C2(C)CCCS(=O)(=O)O)C(C)(C)C2CC(S(=O)(=O)O)=CC=C21,chromophore,5.7520905,50.06025
COC[C@@H]1COc2c(-c3ccc(N(c4ccccc4)c4ccccc4)cc3)sc(/C=C(\C#N)C(=O)O)c2O1,chromophore,57.483303,17.60088
COC[C@@H]1COc2c(/C=C(\C#N)C(=O)O)sc(-c3ccc(N(c4ccccc4)c4ccccc4)cc3)c2O1,chromophore,57.490704,17.625488
COOCc1noc(-c2ccccc2)c1Cl,chromophore,-17.53358,-4.7940245
CO[B-]1(OC)N2C=C(I)C=CC2=N[N+]1=C(C)C,chromophore,-18.047556,21.2502
COc1c(-c2c(OC)c3cccc4ccc5oc(=O)cc2c5c43)c2cc(=O)oc3ccc4cccc1c4c32,chromophore,-24.316156,-28.340853
COc1c(/C=C(/C#N)C(=O)O)sc(/C=N/N(c2ccccc2)c2ccccc2)c1OC,chromophore,53.29909,16.139585
COc1c(/C=C2\SC(=S)N(CC(=O)O)C2=O)cc2c3c1CCCN3CCC2,chromophore,23.517284,46.081753
COc1c(/C=N/Nc2ccc(C#N)cc2)ccc2ccccc12,chromophore,-12.303307,-28.990068
COc1c(Br)cc(Br)cc1/C=C/c1cc(C)c2n1[B-](F)(F)[N+]1=CC=CC1=C2,chromophore,-86.86638,-17.389265
COc1c(C(C)=O)c(=O)oc2cc(N(C)C)ccc12,chromophore,14.5522585,-25.288486
COc1c(C)cc(-c2c3ccc(=[NH2+])cc-3n(C)c3cc(N(C)C)ccc23)cc1C,chromophore,-0.89674556,-61.198414
COc1c(C)cc(-c2c3ccc(=[NH2+])cc-3oc3c4c(ccc23)NC(C)(C)C=C4C)cc1C,chromophore,-1.9108615,-65.22632
COc1c(C)cc(-c2c3ccc(=[NH2+])cc-3oc3cc(N4CCCCC4)ccc23)cc1C,chromophore,-0.80464345,-71.24266
COc1c(C=Cc2ccc(-n3c4ccccc4c4ccccc43)cc2)cc(-c2ccc(/C=C(/C#N)C(=O)O)s2)cc1C=Cc1ccc(-n2c3ccccc3c3ccccc32)cc1,chromophore,54.030697,24.558819
COc1c2ccccc2c(OC)c2c(C#C[Si](C(C)C)(C(C)C)C(C)C)c3cc4ccccc4cc3c(C#C[Si](C(C)C)(C(C)C)C(C)C)c12,chromophore,-11.038538,-29.699217
COc1c2ccccc2c(OC)c2c1c1c(C)ccc(OC)c1n2C,chromophore,-12.038803,-33.34917
COc1c2ccccc2c(OC)c2c1c1cc(F)ccc1n2C,chromophore,-11.785284,-32.9039
COc1c2ccccc2c(OC)c2c1c1ccc(C)cc1n2C,chromophore,-11.883459,-33.302166
COc1cc(-c2ncc(-c3ccncc3)o2)cc(OC)c1OC,chromophore,-35.02971,-16.816729
COc1cc(/C2=C3\C=CC(=N3)/C(c3cc(OC)c(OC)c(OC)c3)=c3/cc/c4[n]3[Zn][n]3c2ccc3/C(c2ccc(C(=O)O)cc2)=C2/C=CC(=N2)/C=4c2cc(OC)c(OC)c(OC)c2)cc(OC)c1OC,chromophore,15.307354,72.87439
COc1cc(/C=C/C(=O)CC(=O)/C=C/c2ccc(O)c(OC)c2)ccc1O,chromophore,-38.846687,-17.563835
COc1cc(/C=C/C2=CC(/C=C/c3ccc(O)c(OC)c3)=[O+][B-](F)(F)O2)ccc1O,chromophore,-38.399117,-17.029362
COc1cc(/C=C/C2=CC(/C=C/c3ccc(OS(=O)(=O)c4ccc(C)cc4)c(OC)c3)=[O+][B-](F)(F)O2)ccc1OS(=O)(=O)c1ccc(C)cc1,chromophore,-38.350075,-15.917643
COc1cc(/C=C/C2=[O+][B-](F)(F)OC(/C=C/c3ccc(OS(=O)(=O)c4ccc(C)cc4)c(OC)c3)=C2)ccc1O,chromophore,-38.367924,-15.94091
COc1cc(/C=C/CO)ccc1O,chromophore,-38.662,-17.481123
COc1cc(/C=C/c2cc(C)c3n2[B-](F)(F)[N+]2=CC=CC2=C3)c(Br)c(Br)c1O,chromophore,-86.32502,-17.558033
COc1cc(/C=C/c2cc(C)c3n2[B-](F)(F)[N+]2=CC=CC2=C3)cc(Br)c1OC,chromophore,-86.70888,-18.249334
COc1cc(/C=C/c2cc(C)c3n2[B-](F)(F)[N+]2=CC=CC2=C3)cc(I)c1O,chromophore,-86.725334,-17.999805
COc1cc(/C=C/c2cc(C)c3n2[B-](F)(F)[N+]2=CC=CC2=C3)cc(OC)c1,chromophore,-87.72333,-17.712992
COc1cc(/C=C/c2cc(C)c3n2[B-](F)(F)[N+]2=CC=CC2=C3)cc(OC)c1OC,chromophore,-86.72123,-18.251348
COc1cc(/C=C/c2ccc(N(c3ccc(/C=C/c4cc(OC)cc(OC)c4)cc3)c3ccc(/C=C(\C#N)C(=O)O)cc3)cc2)cc(OC)c1,chromophore,58.62135,6.773783
COc1cc(/C=C/c2nc3ccccc3o2)c(OC)cc1/C=C/c1nc(C)nc(/C=C/c2cc(OC)c(/C=C/c3nc4ccccc4o3)cc2OC)n1,chromophore,-35.250328,-17.977404
COc1cc(/C=C2/SC(=O)NC2=O)cc(OC)c1O,chromophore,-40.002853,-17.191227
COc1cc(Br)cc(/C=C/c2cc(C)c3n2[B-](F)(F)[N+]2=CC=CC2=C3)c1OC,chromophore,-86.401276,-17.786095
COc1cc(C#Cc2ccccc2)c(C#Cc2ccccc2)cc1OC,chromophore,3.3846323,-14.662565
COc1cc(C)c(-c2cc(-c3c(C)cc(OC)cc3C)c3ccc4c(-c5c(C)cc(OC)cc5C)cc(-c5c(C)cc(OC)cc5C)c5ccc2c3c54)c(C)c1,chromophore,-30.942448,-38.37719
COc1cc(C2=C(c3ccc(C(C)(C)C)cc3)C(c3ccc(C(C)(C)C)cc3)=[N+]3C2=Nc2c(-c4cc(OC)c(OC)c(OC)c4)c(-c4ccc(C(C)(C)C)cc4)c(-c4ccc(C(C)(C)C)cc4)n2[B-]3(F)F)cc(OC)c1OC,chromophore,-27.29719,-64.44909
COc1cc(C2=CC(c3ccccc3)=C(c3ccccc3)C2)cc(OC)c1OC,chromophore,-16.318743,-36.15266
COc1cc(C2=c3c(c4ccc(C(C)(C)C)cc4c4cc(C(C)(C)C)ccc34)=[N+]3C2=Nc2c(-c4cc(OC)c(OC)c(OC)c4)c4c5ccc(C(C)(C)C)cc5c5cc(C(C)(C)C)ccc5c4n2[B-]3(F)F)cc(OC)c1OC,chromophore,-27.111235,-64.45561
COc1cc(C=C(C#N)C(=O)O)c(OC)cc1C=Cc1cc(OC)c(N(c2ccccc2)c2ccccc2)cc1OC,chromophore,53.14224,15.5092
COc1cc(C=O)cc(-c2[nH]c(=O)n3c2-c2ccccc2C3=O)c1O,chromophore,-38.637688,-21.96474
COc1cc(F)c(/C=C/c2cc(C)c3n2[B-](F)(F)[N+]2=CC=CC2=C3)cc1OC,chromophore,-86.31904,-17.820074
COc1cc(N(c2ccccc2)c2ccc(C=C(C#N)C#N)c(OC)c2)ccc1C=C(C#N)C#N,chromophore,48.58323,-28.382235
COc1cc(OC)c(/C=C/c2cc(C)c3n2[B-](F)(F)[N+]2=CC=CC2=C3)c(OC)c1,chromophore,-86.95523,-17.561714
COc1cc(OC)c(/C=C/c2cc(C)c3n2[B-](F)(F)[N+]2=CC=CC2=C3)cc1Br,chromophore,-86.33061,-17.71653
COc1cc(OC)c2c(c1)C(=O)c1cc(OC)cc(OC)c1-2,chromophore,-38.653973,-23.861967
COc1cc(OC)c2c(c1)C(=O)c1ccccc1-2,chromophore,-38.390995,-23.483086
COc1cc(OC)c2cc(C#N)c(=N)oc2c1,chromophore,-29.300262,-41.54877
COc1cc(OC)cc(-c2nnc(-c3ccc(-c4nnc(-c5cc(OC)cc(OC)c5)o4)cc3)o2)c1,chromophore,-24.395031,-44.032513
COc1cc(OC)cc(C2=C3C(C)=C(I)C(/C=C/c4c[nH]c5ccc([N+](=O)[O-])cc45)=[N+]3[B-](F)(F)n3c(/C=C/c4c[nH]c5ccc([N+](=O)[O-])cc45)c(I)c(C)c32)c1,chromophore,-32.171764,-62.58602
COc1cc(OC)cc(C2=C3C(C)=C(I)C(/C=C/c4c[nH]c5ccccc45)=[N+]3[B-](F)(F)n3c(/C=C/c4c[nH]c5ccccc45)c(I)c(C)c32)c1,chromophore,-31.55162,-63.60702
COc1cc(OC)cc(C2=[O+][B-](F)(F)OC(c3ccc4cc(OC)ccc4c3)=C2)c1,chromophore,-24.17727,-45.74105
COc1cc2c(-c3cc(C(=O)O)ccc3C(=O)O)c3cc(OC)c(=O)c(Cl)c-3oc2c(Cl)c1O,chromophore,-40.049107,-32.661118
COc1cc2c(=O)c(Cc3ccccc3)coc2cc1O,chromophore,-36.223896,-20.599106
COc1cc2c(c(OC)c1OC)c1cccc3cnc2n31,chromophore,-33.019684,-16.175083
COc1cc2c(cc1-c1ccc(C#N)cc1)Cc1c3c(c4c(c1-2)-c1cc(OC)c(-c2ccc(C#N)cc2)cc1C4)C(=O)N(CCC(C)C)C3=O,chromophore,-70.414116,1.8116484
COc1cc2c(cc1-c1ccc(C=O)cc1)Cc1c3c(c4c(c1-2)-c1cc(OC)c(-c2ccc(C=O)cc2)cc1C4)C(=O)N(CCC(C)C)C3=O,chromophore,-70.236435,2.3013794
COc1cc2c(cc1-c1ccc(Cl)cc1)Cc1c3c(c4c(c1-2)-c1cc(OC)c(-c2ccc(Cl)cc2)cc1C4)C(=O)N(CCC(C)C)C3=O,chromophore,-70.22705,2.3919594
COc1cc2c(cc1-c1ccc(F)cc1)Cc1c3c(c4c(c1-2)-c1cc(OC)c(-c2ccc(F)cc2)cc1C4)C(=O)N(CCC(C)C)C3=O,chromophore,-70.25018,2.326932
COc1cc2c(cc1-c1ccc(N(C)C)cc1)Cc1c3c(c4c(c1-2)-c1cc(OC)c(-c2ccc(N(C)C)cc2)cc1C4)C(=O)N(CCC(C)C)C3=O,chromophore,-70.766174,2.340626
COc1cc2c(cc1-c1cccs1)Cc1c3c(c4c(c1-2)-c1cc(OC)c(-c2cccs2)cc1C4)C(=O)N(CCC(C)C)C3=O,chromophore,-69.7323,2.0880527
COc1cc2c(cc1/C=C/C1=CC(=C(\C#N)C(=O)O)/c3ccccc3O1)C(C)CC(C)(C)N2C,chromophore,-2.0109918,45.249866
COc1cc2c(cc1OC)C1=C[C@H](c3ccc(C)cc3)C3(C(C#N)=C(C#N)N1CC2)c1cc(Br)ccc1-c1ccc(Br)cc13,chromophore,-66.63839,6.6116676
COc1cc2c(cc1OC)C1=C[C@H](c3ccc(C)cc3)C3(C(C#N)=C(C#N)N1CC2)c1cc(Cl)ccc1-c1ccc(Cl)cc13,chromophore,-66.71503,6.6094875
COc1cc2c(cc1OC)C1=C[C@H](c3ccc(C)cc3)C3(C(C#N)=C(C#N)N1CC2)c1ccccc1-c1ccccc13,chromophore,-66.712616,6.696409
COc1cc2c(cc1OC)C1=C[C@H](c3ccc(Cl)cc3)C3(C(C#N)=C(C#N)N1CC2)c1cc(Br)ccc1-c1ccc(Br)cc13,chromophore,-66.73776,6.625515
COc1cc2c(cc1OC)C1=C[C@H](c3ccccc3)C3(C(C#N)=C(C#N)N1CC2)c1cc(Cl)ccc1-c1ccc(Cl)cc13,chromophore,-66.814224,6.6995826
COc1cc2c(cc1OC)C1=C[C@H](c3ccccc3)C3(C(C(=O)O[C@@H]4C[C@H]5CC[C@@H]4C5)=C(C(=O)O[C@H]4C[C@@H]5CC[C@H]4C5)N1CC2)c1ccccc1-c1ccccc13,chromophore,-67.56798,8.626335
COc1cc2c3cc(OC)c(OC)cc3c3cc4c(C)cc(=O)oc4cc3c2cc1OC,chromophore,-31.573584,-33.95593
COc1cc2c3sc4ccccc4c3c3cncnc3c2c(OC)c1OC,chromophore,-32.93641,-16.4105
COc1cc2cc(/C=C/c3ccc(/C=C(\C#N)C(=O)O)cc3)c(=O)oc2cc1OC,chromophore,47.196365,14.240721
COc1cc2cc(/C=C/c3ccc(C=C(C#N)C(=O)O)cc3)c(=O)oc2cc1OC,chromophore,47.198986,14.240908
COc1cc2cc(C#Cc3ccc([N+](=O)[O-])cc3)c(C#Cc3ccc([N+](=O)[O-])cc3)cc2cc1OC,chromophore,7.5609903,21.593458
COc1ccc(-c2c(-c3ccc(OC)cc3)[n+]3c4ccccc4c(-c4ccc(OC)cc4)c(-c4ccc(OC)cc4)c3c3ccccc23)cc1,chromophore,-22.45204,-48.318954
COc1ccc(-c2c(-c3ccc(OC)cc3)c(-c3ccc(OC)cc3)n3c(c2-c2ccc(OC)cc2)c(C(C)=O)c2ccccc23)cc1,chromophore,-19.762793,-48.43134
COc1ccc(-c2c(-c3ccc(OC)cc3)c(-c3ccc(OC)cc3)n3c(c2-c2ccc(OC)cc2)c(C=O)c2cc(OC)ccc23)cc1,chromophore,-19.442636,-48.627586
COc1ccc(-c2c(-c3ccccc3)c3cc(-c4ccc5ccccc5c4)c(-c4ccc5c(c4)OCO5)nc3n2C)cc1,chromophore,-20.872662,-46.93744
COc1ccc(-c2c3c(n4cc(C(C)=O)ccc24)C(=O)N(CCNC(=O)OC(C)(C)C)C3)cc1,chromophore,-77.866165,2.3167956
COc1ccc(-c2c3c(n4cc(C)ccc24)C(=O)N(CCNC(=O)OC(C)(C)C)C3)cc1,chromophore,-78.05511,2.3743553
COc1ccc(-c2c3c(n4ccc(C(C)=O)cc24)C(=O)N(CCCNC(=O)OC(C)(C)C)C3)cc1,chromophore,-77.806046,2.1485462
COc1ccc(-c2c3c(n4ccc(C(C)=O)cc24)C(=O)N(CCNC(=O)OC(C)(C)C)C3)cc1,chromophore,-77.81604,2.1573288
COc1ccc(-c2c3c(n4cccc(C(C)=O)c24)C(=O)N(CCNC(=O)OC(C)(C)C)C3)cc1,chromophore,-77.836754,2.410273
COc1ccc(-c2c3cc(N(C)C)ccc3nn2C)o1,chromophore,16.364227,-24.555092
COc1ccc(-c2c3ccc(=[NH2+])cc-3n(C)c3cc(N(C)C)ccc23)cc1,chromophore,-0.24261521,-61.26587
COc1ccc(-c2c3ccc(=[NH2+])cc-3oc3c4c(ccc23)NC(C)(C)C=C4C)cc1,chromophore,-2.2315924,-65.18317
COc1ccc(-c2c3ccc(=[NH2+])cc-3oc3cc(N)ccc23)cc1OC,chromophore,-2.0103302,-68.45424
COc1ccc(-c2c3ccc(=[NH2+])cc-3oc3cc(N4CCCCC4)ccc23)cc1,chromophore,-1.1995564,-71.089806
COc1ccc(-c2c3ccc(=[NH2+])cc-3oc3cc(N4CCCCC4)ccc23)cc1OC,chromophore,-0.8378485,-71.37175
COc1ccc(-c2c3ccc([nH]3)c3nc(c(-c4ccc([N+](=O)[O-])cc4)c4ccc([nH]4)c4ccc([nH]4)c(-c4ccc(OC)cc4)c4ccc2o4)C=C3)cc1,chromophore,-24.44336,-43.261726
COc1ccc(-c2c3ccccc3c(-c3ccc(OC)cc3)c3cc4ccccc4cc23)cc1,chromophore,-22.214928,-47.74217
COc1ccc(-c2c3ccccc3c(C#Cc3ccccc3)c3ccccc23)cc1,chromophore,-22.490368,-48.48169
COc1ccc(-c2c3nc(cc4ccc([nH]4)c(-c4ccc(OC)c(OCCCC(=O)O)c4)c4nc(cc5ccc2[nH]5)C=C4)C=C3)cc1OCCCC(=O)O,chromophore,-38.90029,4.540395
COc1ccc(-c2c3nc(cc4ccc([nH]4)c(-c4ccc(OC)c(OCCCC(=O)O)c4)c4nc(cc5ccc2[nH]5)CC4)CC3)cc1OCCCC(=O)O,chromophore,-38.84114,4.519192
COc1ccc(-c2cc(-c3ccc(N(C)C)cc3)nc(-c3ccccc3)n2)cc1,chromophore,-20.982105,-44.949223
COc1ccc(-c2cc(C)nc(-c3ccc(-n4c5ccccc5c5ccccc54)cc3)n2)cc1,chromophore,-17.137442,-47.10749
COc1ccc(-c2cc3c(cc2OC)-c2c(c4c(c5c2-c2cc(OC)c(-c6ccc(OC)cc6)cc2C5)C(=O)N(CCC(C)C)C4=O)C3)cc1,chromophore,-70.25426,2.3027444
COc1ccc(-c2cc3c(ccc(=O)n3C)s2)cc1,chromophore,-18.541334,-41.086468
COc1ccc(-c2cc3c(ccc4sc(/C=C/c5cccs5)cc43)s2)cc1,chromophore,-19.1677,-41.889317
COc1ccc(-c2cc3c(ccc4sc5ccc6sc(-c7ccc(C#N)cc7)cc6c5c43)s2)cc1,chromophore,-28.278646,-43.224434
COc1ccc(-c2cc3c(ccc4sccc43)s2)cc1,chromophore,-19.255009,-41.927868
COc1ccc(-c2cc3c(o2)=CC2=Cc4cc5oc(-c6ccc(OC)cc6OC)cc5n4[B-](F)(F)[N+]=32)c(OC)c1,chromophore,-29.432983,-64.39956
COc1ccc(-c2cc3c(s2)-c2sc(-c4ccc(OC)cc4)cc2P(c2ccccc2)(c2ccccc2)=[O+][B-]3(c2c(C)cc(C)cc2C)c2c(C)cc(C)cc2C)cc1,chromophore,-18.983994,-42.390957
COc1ccc(-c2cc3c(s2)c(C(C)=O)cc(=O)n3C)cc1,chromophore,-18.418182,-40.89656
COc1ccc(-c2cc3ccccc3p2-c2ccccc2)cc1,chromophore,-21.925032,-46.454216
COc1ccc(-c2ccc(-c3ccc(C#N)cc3)cc2)cc1,chromophore,-28.130365,-43.437523
COc1ccc(-c2ccc(-c3ccc(OC)cc3)c3nc(-c4ccccc4)c(-c4ccccc4)nc23)cc1,chromophore,-20.66091,-45.992134
COc1ccc(-c2ccc(-c3ccccc3)cc2)cc1,chromophore,-22.195202,-45.66325
COc1ccc(-c2ccc(-c3nc4c5ccccc5c5ccccc5c4n3-c3ccccc3)c3nsnc23)cc1,chromophore,-18.069712,-46.42918
COc1ccc(-c2ccc(/C=C/c3cnc4ccccc4n3)cc2)cc1,chromophore,-22.81439,-38.227283
COc1ccc(-c2ccc(C(=O)NC(C)(C)C)c3c2ccc2c4ccccc4c4ccccc4c23)cc1,chromophore,-23.526564,-49.900597
COc1ccc(-c2ccc(OC)cc2)cc1,chromophore,-23.795616,-44.35444
COc1ccc(-c2ccc3c(c2)Sc2cc(-c4ccc(/C=C(\C#N)C(=O)O)o4)ccc2N3c2ccc(OC)cc2)cc1,chromophore,47.435036,29.72928
COc1ccc(-c2ccc3c(c2)[Si](C)(C)c2cc(-c4ccc(OC)cc4)ccc2C=C3)cc1,chromophore,-23.798018,-44.378307
COc1ccc(-c2ccc3c(c2)c2cc(-c4ccc(OC)cc4)ccc2n3-c2ccc(C(=O)c3ccc4sc5ccccc5c4c3)cn2)cc1,chromophore,-15.717167,-47.31438
COc1ccc(-c2ccc3c(c2)c2cc(-c4ccc(OC)cc4)ccc2n3-c2ccc(C(=O)c3ccc4sc5ccccc5c4c3)nc2)cc1,chromophore,-15.729891,-47.312645
COc1ccc(-c2ccc3ncnc(Nc4ccccc4)c3c2)cc1,chromophore,-21.829096,-46.48719
COc1ccc(-c2cccc3cnc(-c4ccc(C#N)cc4)n23)cc1,chromophore,-27.436478,-43.75597
COc1ccc(-c2ccnc3ncnn23)cc1OC,chromophore,-35.080757,-16.611635
COc1ccc(-c2cnc(-c3cc[n+](Cc4cccc(C(=O)ON5C(=O)CCC5=O)c4)cc3)o2)cc1S(=O)(=O)[O-],chromophore,-58.251884,13.002642
COc1ccc(-c2cnc(/C=C/c3ccc(C#N)cc3)o2)cc1OC,chromophore,12.265449,-3.6721125
COc1ccc(-c2cnc(/C=C/c3ccc(OC)c(OC)c3)o2)cc1,chromophore,-34.792473,-18.842953
COc1ccc(-c2cnc(/C=C/c3ccccc3)o2)cc1OC,chromophore,-34.737648,-18.795212
COc1ccc(-c2cnc(C#Cc3ccccc3)o2)cc1OC,chromophore,-34.639133,-17.451544
COc1ccc(-c2cnc3nn4ccccc4c3n2)cc1,chromophore,-19.64504,-45.36967
COc1ccc(-c2coc3cc(O)ccc3c2=O)cc1O,chromophore,-32.126316,-34.649006
COc1ccc(-c2csc(/C(C#N)=N\Nc3ccc(C#N)cc3)n2)cc1,chromophore,-27.756725,-43.501785
COc1ccc(-c2nc(-c3cc(Cl)sc3C)c(-c3cc(Cl)sc3C)[nH]2)cc1,chromophore,-21.493496,-42.684505
COc1ccc(-c2nc(-c3ccc(-c4nc(-c5ccc(OC)cc5)c(-c5ccc(OC)cc5)[nH]4)s3)[nH]c2-c2ccc(OC)cc2)cc1,chromophore,-21.256384,-42.721905
COc1ccc(-c2nc(-c3ccc(/C=C(\C#N)C(=O)O)s3)n(C)c2-c2ccc(OC)cc2)cc1,chromophore,65.78984,12.231778
COc1ccc(-c2nc(-c3ccc(C#N)cc3)[nH]c2-c2ccc(OC)cc2)cc1,chromophore,-27.41746,-43.558193
COc1ccc(-c2nc(-c3ccc(C(=O)O)cc3)[nH]c2-c2ccc(OC)cc2)cc1,chromophore,-22.59261,-41.976944
COc1ccc(-c2nc(-c3ccc(OC)cc3)c(-c3ccc(OC)cc3)[nH]2)cc1,chromophore,-21.71161,-42.910015
COc1ccc(-c2nc(-c3ccc(OC)cc3)n3ccccc23)cc1,chromophore,-19.556757,-45.441715
COc1ccc(-c2nc(-c3cccc(OC)c3)[nH]c2-c2ccc(OC)cc2)cc1,chromophore,-21.499674,-43.505386
COc1ccc(-c2nc(-c3ccccc3O)c(-c3ccccc3O)n2-c2ccc(C)cc2)cc1,chromophore,-18.51676,-45.653786
COc1ccc(-c2nc(/C(C#N)=C/c3ccc(Cl)cc3)sc2-c2ccc(OC)cc2)cc1,chromophore,11.721012,-34.01372
COc1ccc(-c2nc3c([nH]2)=C2C=C(Cl)S[C@@]2(C)[C@]2(C)SC(Cl)=CC=32)cc1,chromophore,-21.591255,-42.724033
COc1ccc(-c2nc3c4ccc(F)cc4c4cccc2n43)cc1,chromophore,-17.565582,-44.671947
COc1ccc(-c2nc3c4ccccc4c4cccc2n43)cc1,chromophore,-19.13394,-46.360195
COc1ccc(-c2nc3ncccc3o2)c(O)c1,chromophore,-29.153461,-37.74202
COc1ccc(-c2nc3ncccn3n2)cc1,chromophore,-19.955772,-44.99539
COc1ccc(-c2nnc3ccccn23)cc1,chromophore,-19.9179,-45.273155
COc1ccc(-c2oc(-c3ccc(OC)cc3)c3c2C=C(C=O)CC(C=O)=C3)cc1,chromophore,-24.22851,-44.0259
COc1ccc(-c2oc3c(c2Br)=[N+]2C(=C(C(F)(F)F)c4c(Br)c5oc(-c6ccc(OC)cc6)c(Br)c5n4[B-]2(F)F)C=3Br)cc1,chromophore,-30.178455,-64.56121
COc1ccc(-c2oc3cccc4c5c(-c6ccc(OC)cc6)c(=N)oc6cccc(c2c34)c65)cc1,chromophore,-23.08442,-47.95346
COc1ccc(-n2c(-c3ccc(-c4cncc5ccccc45)cc3)nc(-c3ccccc3)c2-c2ccccc2)cc1,chromophore,-18.410513,-46.390644
COc1ccc(-n2c(-c3ccc(-c4cncc5ccccc45)cc3)nc3c4ccccc4c4ccccc4c32)cc1,chromophore,-18.273716,-46.42181
COc1ccc(-n2c3ccccc3c3cc(N(c4ccc5c(c4)C(C)(C)C(c4ccc(/C=C(\C#N)C(=O)O)s4)=N5)c4ccc5c(c4)c4ccccc4n5-c4ccc(OC)cc4)ccc32)cc1,chromophore,55.91882,23.68778
COc1ccc(-n2cc3ccccc3c/c2=N/S(=O)(=O)c2ccc(C)cc2)cc1,chromophore,-49.473316,-35.52539
COc1ccc(-n2nc(C#N)c(N3CCCC3)n2)cc1,chromophore,-63.26003,4.3397374
COc1ccc(-n2nc(C#N)c(N3CCCC3)n2)cc1OC,chromophore,-63.28092,4.7203226
COc1ccc(-n2nc(C(=O)c3ccccc3)c(-c3ccccc3)n2)cc1,chromophore,-19.187546,-44.41676
COc1ccc(-n2ncc(-c3ccc(F)cc3)n2)cc1,chromophore,-17.60601,-44.357323
COc1ccc(/C(C#N)=C/c2ccc(N(c3ccc(/C=C(\C#N)c4ccc(OC)cc4)cc3)c3ccc(/C=C(\C#N)c4ccc(OC)cc4)cc3)cc2)cc1,chromophore,43.88151,-31.140427
COc1ccc(/C2=C3\C=CC(=N3)/C(c3ccc(OC)cc3)=c3/cc/c4[n]3[Zn][n]3c2ccc3/C(c2ccc(OC)cc2)=C2N=C(C=C\2/C=C(/C#N)C(=O)O)/C=4c2ccc(OC)cc2)cc1,chromophore,17.871897,72.354164
COc1ccc(/C=C(\C#N)c2nc(-c3ccc(OC)cc3)cs2)cc1,chromophore,11.778169,-34.303406
COc1ccc(/C=C/C(=O)c2ccccc2O)cc1OC,chromophore,-38.855465,-17.635141
COc1ccc(/C=C/C2=CC(/C=C/c3ccc(OC)cc3)=[O+][B-](F)(F)O2)cc1,chromophore,-24.719172,-37.653652
COc1ccc(/C=C/C2=CC(c3ccccc3)=[O+][B-](F)(F)O2)cc1,chromophore,-24.763,-36.77177
COc1ccc(/C=C/C2=[O+][B-](F)(F)OC(/C=C/c3ccc(OC)cc3)=C2c2ccccc2)cc1,chromophore,-24.776796,-36.74572
COc1ccc(/C=C/C=C/C2=NC3C(=O)NC(N)=NC3N2[C@H]2C[C@H](O)[C@@H](CO)O2)cc1,chromophore,-33.420856,48.237194
COc1ccc(/C=C/C=C/C=C/c2ccc([N+](=O)[O-])cc2)cc1,chromophore,5.301525,14.058705
COc1ccc(/C=C/C=C/c2ccc3ncnc(Nc4ccccc4)c3c2)cc1,chromophore,-22.787687,-37.264336
COc1ccc(/C=C/c2[nH+]ccc3ccccc23)cc1,chromophore,-23.326235,-37.50455
COc1ccc(/C=C/c2cc(/C=C/c3ccc(OC)cc3)nc(/C=C/c3ccc(OC)cc3)n2)cc1,chromophore,-24.061472,-38.171482
COc1ccc(/C=C/c2cc(C)c3n2[B-](F)(F)[N+]2=CC=CC2=C3)c(Cl)c1OC,chromophore,-86.25295,-18.302906
COc1ccc(/C=C/c2cc(C)c3n2[B-](F)(F)[N+]2=CC=CC2=C3)c(O)c1,chromophore,-87.66141,-16.897045
COc1ccc(/C=C/c2cc(C)c3n2[B-](F)(F)[N+]2=CC=CC2=C3)c(OC)c1,chromophore,-87.26677,-17.375488
COc1ccc(/C=C/c2cc(C)c3n2[B-](F)(F)[N+]2=CC=CC2=C3)c(OC)c1C,chromophore,-86.33352,-17.870007
COc1ccc(/C=C/c2cc(C)c3n2[B-](F)(F)[N+]2=CC=CC2=C3)cc1,chromophore,-88.223656,-17.91262
COc1ccc(/C=C/c2cc(C)c3n2[B-](F)(F)[N+]2=CC=CC2=C3)cc1Br,chromophore,-86.88364,-18.587206
COc1ccc(/C=C/c2cc(C)c3n2[B-](F)(F)[N+]2=CC=CC2=C3)cc1Cl,chromophore,-86.85983,-18.875048
COc1ccc(/C=C/c2cc(C)c3n2[B-](F)(F)[N+]2=CC=CC2=C3)cc1[N+](=O)[O-],chromophore,-85.68366,-15.65392
COc1ccc(/C=C/c2ccc(/C=C/c3cc[n+]4ccc(/C=C/c5ccc(/C=C/c6ccc(OC)cc6)cc5)cc4c3)cc2)cc1,chromophore,-24.59494,-38.13529
COc1ccc(/C=C/c2ccc3ccccc3[nH+]2)cc1,chromophore,-23.496052,-37.683594
COc1ccc(/C=C/c2ccc3ccccc3n2)cc1,chromophore,-23.263227,-37.794594
COc1ccc(/C=C/c2nc(-c3ccc(C)cc3)[nH]c2/C=C/c2ccc(OC)cc2)cc1,chromophore,-22.47483,-38.917004
COc1ccc(/C=C/c2nc(/C=C/c3ccc(N(C)C)cc3)cc(/C=C/c3ccc(N(C)C)cc3)n2)cc1,chromophore,22.734632,-16.41208
COc1ccc(/C=C/c2ncc(-c3ccccc3)o2)cc1OC,chromophore,-34.75816,-18.829958
COc1ccc(/C=C/c2nccc3ccccc23)cc1,chromophore,-23.045292,-37.57714
COc1ccc(/C=N/N=C/c2ccc(OC)cc2O)c(O)c1,chromophore,-26.894485,-39.158024
COc1ccc(/C=N/c2cc(C(C)C)c(O)cc2C)cc1,chromophore,-26.294882,-38.74824
COc1ccc(/C=c2\o/c(=C\c3ccc(N(C)C)cc3)c3ccccc23)cc1,chromophore,17.955746,-17.02313
COc1ccc(/C=c2\o/c(=C\c3ccccc3)c3ccccc23)cc1OC,chromophore,-35.941437,-19.347006
COc1ccc(C#Cc2c(C#Cc3ccc(OC)cc3)c(C#Cc3ccc(OC)cc3)c(C#Cc3ccc(OC)cc3)c(C#Cc3ccc(OC)cc3)c2C#Cc2ccc(OC)cc2)cc1,chromophore,-29.602343,-43.51787
COc1ccc(C#Cc2c3cc4ccccc4cc3c(C#Cc3ccc(OC)cc3)c3cc4ccccc4cc23)cc1,chromophore,-30.197254,-44.3388
COc1ccc(C#Cc2c3cc4ccccc4cc3c(C#Cc3ccc(OC)cc3)c3cc4sc(C)cc4cc23)cc1,chromophore,-30.29076,-44.41171
COc1ccc(C#Cc2cc(C#Cc3ccc(OC)cc3)c(C#Cc3ccc(OC)cc3)c(C#Cc3ccc(OC)cc3)c2C#Cc2ccc(OC)cc2)cc1,chromophore,-29.720306,-43.502605
COc1ccc(C#Cc2ccc(C#Cc3ccc(C#Cc4ccccc4C#N)cc3C#N)cc2C#N)cc1,chromophore,-30.061253,-43.413403
COc1ccc(C#Cc2ccc(C#Cc3ccc(P(=O)(c4ccc(C#Cc5ccc(C#Cc6ccc(OC)cc6)cc5)cc4)c4ccc(C#Cc5ccc(C#Cc6ccc(OC)cc6)cc5)cc4)cc3)cc2)cc1,chromophore,-29.572182,-43.491573
COc1ccc(C#Cc2ccc(C#N)cc2)cc1,chromophore,-29.359596,-43.367584
COc1ccc(C#Cc2ccc(C#N)cc2)cc1OC,chromophore,7.696048,-7.781881
COc1ccc(C#Cc2ccc(N(c3ccc(C#Cc4ccc(C=C(C#N)C(=O)O)cc4)cc3)c3ccc(C#Cc4ccc(/C=C(/C#N)C(=O)O)cc4)cc3)cc2)cc1,chromophore,59.420162,6.6105967
COc1ccc(C#Cc2ccc(N(c3ccc(C#Cc4ccc(C=C(C#N)C(=O)O)cc4)cc3)c3ccc(C#Cc4ccc(OC)cc4)cc3)cc2)cc1,chromophore,59.42091,6.6106744
COc1ccc(C#Cc2ccc3ccc(=O)oc3c2)cc1,chromophore,-30.010023,-36.97492
COc1ccc(C#Cc2nc(C#Cc3ccc(OC)cc3)c(C#Cc3ccc(OC)cc3)c(C#Cc3ccc(OC)cc3)c2C#Cc2ccc(OC)cc2)cc1,chromophore,-29.636173,-43.696182
COc1ccc(C#Cc2nc3ccccc3nc2-c2cn(C)c3ccccc23)cc1,chromophore,-30.224613,-45.352814
COc1ccc(C(=Cc2ccc(/C=C(\C#N)c3ccc([N+](=O)[O-])cc3)cc2)c2ccc(OC)cc2)cc1,chromophore,10.220971,17.557962
COc1ccc(C(=O)/C=C/c2ccc(N(C)C)cc2)cc1OC,chromophore,21.975622,-19.269445
COc1ccc(C(=O)/C=C2\C(=O)Nc3ccccc32)c(OC)c1,chromophore,-38.413963,-22.7229
COc1ccc(C(=O)/C=C2\C(=O)Nc3ccccc32)cc1,chromophore,-38.301647,-22.749023
COc1ccc(C(=O)Nc2ccc(C(=O)/C=C/c3ccc(N(C)CCO)cc3)cc2)cc1,chromophore,-64.21789,-27.12249
COc1ccc(C(=O)OCc2c(C)c(=O)n3c(=O)c(C)c(C)n23)cc1,chromophore,-41.93755,-23.964853
COc1ccc(C(=O)OCc2ccc3c4cccc5cccc(c6cccc2c63)c54)cc1,chromophore,-41.07815,-28.237398
COc1ccc(C(=O)[O-])c(O)c1,chromophore,-40.52933,-25.845987
COc1ccc(C)cc1C1=C2C=CC(=[N+](C)C)C=C2[Si](C)(C)c2cc(N(C)C)ccc21,chromophore,14.991078,-18.889347
COc1ccc(C2=C(Br)C(c3ccccc3)=[N+]3C2=Nc2c(-c4ccc(OC)cc4)c(Br)c(-c4ccccc4)n2[B-]3(F)F)cc1,chromophore,-29.979115,-63.068867
COc1ccc(C2=C(C)C3=C(c4c(-c5ccccn5)nc5ccccn45)c4c(C)c(-c5ccc(OC)cc5)c(C)n4[B-](F)(F)[N+]3=C2C)cc1,chromophore,-30.302458,-63.163868
COc1ccc(C2=C(c3ccc(C(F)(F)F)cc3)C3=Cc4ccccc4NB3OB3Nc4ccccc4C=C32)cc1,chromophore,-23.369854,-45.738518
COc1ccc(C2=C(c3ccc(C)cc3)C(c3ccccc3)=[N+]3C2=Nc2c(-c4ccc(OC)cc4)c(-c4ccc(C)cc4)c(-c4ccccc4)n2[B-]3(F)F)cc1,chromophore,-30.256357,-63.126877
COc1ccc(C2=C(c3ccc(OC)cc3)C(C)(C)c3c2ccc2ccccc32)cc1,chromophore,-24.35308,-48.49407
COc1ccc(C2=C(c3ccc(OC)cc3)C(C)(C)c3ccc4ccccc4c32)cc1,chromophore,-24.208775,-48.406338
COc1ccc(C2=C(c3ccc(OC)cc3)C(C)(C)c3ccccc32)cc1,chromophore,-25.851473,-48.030872
COc1ccc(C2=C(c3ccc(OC)cc3)N3C(=C(c4ccc(OC)cc4)c4cccc5c(-c6ccc(OC)cc6)c(-c6ccc(OC)cc6)[o+]c3c45)c3ccc(OC)cc32)cc1,chromophore,-24.883604,-48.386803
COc1ccc(C2=C(c3ccc(OC)cc3)c3cccc4c5c(cc(c34)O2)=NC2C=C(Br)C(Br)=CC2N=5)cc1,chromophore,-24.827242,-46.989143
COc1ccc(C2=C/C(=C\c3ccc(C#N)cc3)C(=O)N2)cc1OC,chromophore,11.808052,-3.456931
COc1ccc(C2=C/C(=C\c3ccccc3)C(=O)O2)cc1OC,chromophore,-36.089054,-19.297848
COc1ccc(C2=C3C(C)=CC(C)=[N+]3[B-](F)(F)n3c(C)cc(C)c32)cc1,chromophore,-31.081911,-64.402725
COc1ccc(C2=C3C=C(/C=C/C(=O)OC(C)(C)C)C=[N+]3[B-](F)(F)n3cccc32)cc1,chromophore,-31.491713,-65.66796
COc1ccc(C2=C3C=C(c4cc(OC)c(OC)cc4[N+](=O)[O-])C=[N+]3[B-](F)(F)n3cc(-c4cc(OC)c(OC)cc4[N+](=O)[O-])cc32)cc1,chromophore,-31.763147,-62.09424
COc1ccc(C2=C3C=CC(=[N+](C)C)C=C3[Si](C)(C)c3cc(N(C)C)ccc32)c(C)c1,chromophore,15.189339,-19.085054
COc1ccc(C2=C3C=CC(C)=[N+]3[B-](F)(F)n3c(C)ccc32)cc1,chromophore,-30.944326,-64.38965
COc1ccc(C2=C3C=c4c(oc5ccccc45)=[N+]3[B-](F)(F)n3c2cc2c4ccccc4oc23)cc1,chromophore,-30.42697,-64.17057
COc1ccc(C2=CC(c3ccccc3)=C(c3ccccc3)C2)c2ccccc12,chromophore,-16.385565,-36.36358
COc1ccc(C2=CC(c3ccccc3)=[N+]3C2=Nc2c(-c4ccc(OC)cc4)cc(-c4ccccc4)n2[B-]3(F)F)cc1,chromophore,-29.61728,-62.695293
COc1ccc(C2=Cc3c(-c4ccc(OC)cc4)cc[n+]4cccc(c34)O2)cc1,chromophore,-24.177088,-45.19094
COc1ccc(C2=Cc3c4ccccc4cc[n+]3[B-](F)(F)O2)cc1,chromophore,-23.835337,-46.591267
COc1ccc(C2=Cc3ccc4ccccc4[n+]3[B-](F)(F)O2)cc1,chromophore,-23.890425,-46.367996
COc1ccc(C2=Cc3ccccc3P2(=O)c2ccccc2)cc1,chromophore,-22.345541,-45.51714
COc1ccc(C2=Cc3ccccc3[Si]2(c2ccccc2)c2ccccc2)cc1,chromophore,-22.274593,-45.58868
COc1ccc(C2=N/C(=C\c3ccc(C#N)cc3)C(=O)N2)cc1OC,chromophore,11.828116,-3.4593074
COc1ccc(C2=Nc3cccc4[n+]3[B-](F)(O2)OC(c2ccc(OC)cc2)=N4)cc1,chromophore,-23.917276,-45.552235
COc1ccc(C2=[N+]3C(=C(c4ccc(C#N)cc4)c4cc(-c5cccs5)c(-c5ccc(OC)cc5)n4[B-]3(F)F)C=C2c2cccs2)cc1,chromophore,-29.986542,-61.622627
COc1ccc(C2=[N+]3C(=C(c4ccc(C(=O)OCc5ccccc5)cc4)c4cc(Cl)c(-c5ccc(OC)cc5)n4[B-]3(F)F)C=C2Cl)cc1,chromophore,-32.13402,-66.40288
COc1ccc(C2=[N+]3C(=Cc4c5ccc(OC)cc5c(-c5ccc(OC)cc5)n4[B-]3(F)F)c3ccc(OC)cc32)cc1,chromophore,-29.53058,-63.982117
COc1ccc(C2=[N+]3C(=Nc4c(-c5cc(OC)c(OC)c(OC)c5)c(Br)c(-c5ccc(OC)cc5)n4[B-]3(F)F)C(c3cc(OC)c(OC)c(OC)c3)=C2Br)cc1,chromophore,-29.872377,-64.054924
COc1ccc(C2=[N+]3C(=Nc4c(-c5cc(OC)c(OC)c(OC)c5Br)c(-c5ccc(C(C)(C)C)cc5)c(-c5ccc(OC)cc5)n4[B-]3(F)F)C(c3cc(OC)c(OC)c(OC)c3Br)=C2c2ccc(C(C)(C)C)cc2)cc1,chromophore,-27.50172,-64.35929
COc1ccc(C2=[N+]3C(=Nc4c(-c5ccccc5)c5c(n4[B-]3(F)F)-c3ccc(OC)cc3CC5)C(c3ccccc3)=C2)cc1,chromophore,-29.212444,-62.742065
COc1ccc(C2=[N+]3C(=Nc4c(-c5ccccc5)cc(-c5ccc(OC)cc5)n4[B-]3(F)F)C(c3ccccc3)=C2)cc1,chromophore,-29.61725,-62.69524
COc1ccc(C2=[N+]3C(=Nc4c5c6cc(OC)c(OC)c(OC)c6c6cc(C(C)(C)C)ccc6c5c(-c5ccc(OC)cc5)n4[B-]3(F)F)c3c2c2ccc(C(C)(C)C)cc2c2c(OC)c(OC)c(OC)cc32)cc1,chromophore,-27.248945,-64.34466
COc1ccc(C2=[N+]3C(=Nc4c5c6ccccc6c6ccc(C(C)(C)C)cc6c5c(-c5ccc(OC)cc5)n4[B-]3(F)F)c3c2c2cc(C(C)(C)C)ccc2c2ccccc32)cc1,chromophore,-27.234552,-64.20997
COc1ccc(CN(C(=O)c2ccccc2)C(C(=O)NC(C)(C)C)c2ccc(C3=C4C=CC=[N+]4[B-](F)(F)n4cccc43)cc2)cc1,chromophore,-32.756557,-67.295906
COc1ccc(N(/C2=c3\cc/c4[n]3[Zn][n]3c(ccc3/C(c3cc(C(C)(C)C)cc(C(C)(C)C)c3)=C3/C=CC2=N3)/C(C#Cc2ccc(C(=O)O)cc2)=C2/C=CC(=N2)/C=4c2cc(C(C)(C)C)cc(C(C)(C)C)c2)c2ccc(OC)cc2)cc1,chromophore,13.594125,74.582184
COc1ccc(N(c2ccc(-c3ccc(C=C(C#N)C(=O)O)o3)cc2)c2ccc(OC)c(OC)c2)cc1OC,chromophore,52.92491,14.959029
COc1ccc(N(c2ccc(/C=C/c3cc[n+](CC(=O)O)cc3)cc2)c2ccc(OC)cc2)cc1,chromophore,41.354656,-32.935825
COc1ccc(N(c2ccc(/C=C/c3ccc(/C=C(\C#N)c4ccncc4)cc3)cc2)c2ccc(OC)cc2)cc1,chromophore,43.887794,-31.332376
COc1ccc(N(c2ccc(/C=C/c3ccc(N(c4ccc(OC)cc4)c4ccc(-c5ccc(/C=C(/C#N)C(=O)O)s5)cc4)cc3)cc2)c2ccc(-c3ccc(/C=C(/C#N)C(=O)O)s3)cc2)cc1,chromophore,66.58642,11.116435
COc1ccc(N(c2ccc(C#C/C=C(/C#N)C(=O)O)cc2)c2ccc(OC)cc2)cc1,chromophore,59.74067,6.656361
COc1ccc(N(c2ccc(C#Cc3ccc(/C=C(\C#N)C(=O)O)s3)cc2)c2ccc(OC)cc2)cc1,chromophore,60.242622,6.945833
COc1ccc(N(c2ccc(C#Cc3ccc(N(c4ccc(C#Cc5ccc(C=C(C#N)C(=O)O)cc5)cc4)c4ccc(C#Cc5ccc(/C=C(/C#N)C(=O)O)cc5)cc4)cc3)cc2)c2ccc(OC)cc2)cc1,chromophore,59.42091,6.6106744
COc1ccc(N(c2ccc(C=C(c3ccccc3)c3ccccc3)cc2)c2ccc(C=C(c3ccccc3)c3ccccc3)cc2)cc1,chromophore,42.76567,-31.162865
COc1ccc(N(c2ccc(C=Cc3ccc(/C=C/c4ccc(N(c5ccc(OC)cc5)c5ccc(-c6ccc(/C=C(/C#N)C(=O)O)s6)cc5)cc4)cc3)cc2)c2ccc(-c3ccc(/C=C(/C#N)C(=O)O)s3)cc2)cc1,chromophore,66.58642,11.116435
COc1ccc(N(c2ccc(OC)cc2)c2c3ccccc3c(C#Cc3ccc(C(=O)O)cc3)c3ccccc23)cc1,chromophore,21.12271,-24.473572
COc1ccc(N(c2ccc(OC)cc2)c2ccc(-c3c(C)c4n(c3C)[B-]3(Oc5ccccc5O3)[N+]3=C(C)C(c5ccc(C=C(C#N)C(=O)O)s5)=C(C)C3=C4C)cc2)cc1,chromophore,66.502495,10.560865
COc1ccc(N(c2ccc(OC)cc2)c2ccc(-c3cc4sc(/C=C(\C#N)C(=O)O)cc4s3)cc2)cc1,chromophore,65.818985,11.534455
COc1ccc(N(c2ccc(OC)cc2)c2ccc(-c3ccc(-c4ccc(-c5ccc(-c6ccc(N(c7ccc(OC)cc7)c7ccc(OC)cc7)cc6)s5)c5nsnc45)s3)cc2)cc1,chromophore,33.316845,-44.708897
COc1ccc(N(c2ccc(OC)cc2)c2ccc(-c3ccc(-c4ccc(/C=C(\C#N)C(=O)O)s4)c4nsnc34)cc2)cc1,chromophore,65.47242,10.343578
COc1ccc(N(c2ccc(OC)cc2)c2ccc(-c3ccc(-c4ccc(/C=C(\C#N)C(=O)O)s4)cc3)cc2)cc1,chromophore,66.12502,11.370052
COc1ccc(N(c2ccc(OC)cc2)c2ccc(-c3ccc(-c4ccc(/C=C(\C#N)C(=O)O)s4)s3)cc2)cc1,chromophore,66.15374,11.337214
COc1ccc(N(c2ccc(OC)cc2)c2ccc(-c3ccc(-c4ccc(C=C(C#N)C(=O)O)s4)cc3)cc2)cc1,chromophore,66.125084,11.369952
COc1ccc(N(c2ccc(OC)cc2)c2ccc(-c3ccc(C=C(C#N)C#N)cc3)cc2)cc1,chromophore,46.088158,-31.079763
COc1ccc(N(c2ccc(OC)cc2)c2ccc(-c3ccc(C=C(C#N)C(=O)O)s3)cc2)cc1,chromophore,66.1144,11.354431
COc1ccc(N(c2ccc(OC)cc2)c2ccc(-c3nc4ccc(-c5ccc(C=C(C#N)C(=O)O)o5)cc4s3)cc2)cc1,chromophore,66.070045,13.033836
COc1ccc(N(c2ccc(OC)cc2)c2ccc(-c3nc4ccc(-c5ccc(C=C(C#N)C(=O)O)s5)cc4s3)cc2)cc1,chromophore,65.898994,11.938544
COc1ccc(N(c2ccc(OC)cc2)c2ccc(-c3sc(/C=C(/C#N)C(=O)O)c4c3OC[C@@]3(CO4)COc4c(/C=C(\C#N)C(=O)O)sc(-c5ccc(N(c6ccc(OC)cc6)c6ccc(OC)cc6)c6nsnc56)c4OC3)c3nsnc23)cc1,chromophore,65.06991,9.58143
COc1ccc(N(c2ccc(OC)cc2)c2ccc3c(c2)-c2cc(N(c4ccc(OC)cc4)c4ccc(OC)cc4)ccc2C3=Cc2ccc(-c3ccc(C=C(C#N)C(=O)O)s3)s2)cc1,chromophore,65.68517,10.833966
COc1ccc(N(c2ccc(OC)cc2)c2ccc3c4cccc5c(N(c6ccc(OC)cc6)c6ccc(OC)cc6)ccc(c6cccc2c63)c54)cc1,chromophore,30.430126,-47.913696
COc1ccc(N(c2ccccc2)c2cc3ccc4cc(N(c5ccccc5)c5ccc(OC)cc5)cc5ccc(c2)c3c45)cc1,chromophore,30.138197,-47.087463
COc1ccc(N2c3ccccc3CCc3cc(C=C(C#N)C(=O)O)ccc32)cc1,chromophore,46.41343,30.245565
COc1ccc(N2c3ccccc3Oc3cc(C(C#N)C(=O)O)ccc32)cc1,chromophore,4.094018,8.076573
COc1ccc(N2c3ccccc3Sc3cc(/C=C/c4nc5ccc(C(=O)O)cc5nc4/C=C/c4ccc5c(c4)Sc4ccccc4N5c4ccc(OC)cc4)ccc32)cc1,chromophore,34.38292,33.90105
COc1ccc(NC(=O)C(C(=O)Nc2ccc(OC)cc2)C(c2ccccc2O)c2c(C)[nH]c3ccccc23)cc1,chromophore,-37.43156,-25.355959
COc1ccc(O)c(-c2nc(C)c3n2CCCC3)c1,chromophore,-62.26006,2.1082263
COc1ccc(O)cc1C=O,chromophore,-38.908436,-18.610044
COc1ccc(OC)c(C(=O)Nc2ccc(C(=O)/C=C/c3ccc(N(C)CCO)cc3)cc2)c1,chromophore,-64.171906,-26.90091
COc1ccc(OC)c(C(C)=O)c1,chromophore,-40.158234,-25.710985
COc1ccc([C@@H](Nc2ccc(C)cc2)C2=C(O)C(=O)c3ccccc3C2=O)cc1,chromophore,-37.547215,-24.122425
COc1ccc([N+](=O)[O-])c(-c2cc3n(c2)[B-](F)(F)[N+]2=CC=CC2=C3c2ccccc2)c1,chromophore,-31.734552,-61.742874
COc1ccc([N+](=O)[O-])cc1/C=C/c1cc(C)c2n1[B-](F)(F)[N+]1=CC=CC1=C2,chromophore,-85.63759,-15.648565
COc1ccc([Si](C)(C)C)c2ccccc12,chromophore,-32.883926,-16.58171
COc1ccc2c(-c3nc(-c4cccc(C)c4)no3)cc(=O)oc2c1,chromophore,-29.544704,-34.64538
COc1ccc2c(CC(=O)O)cc(=O)oc2c1,chromophore,-31.203024,-36.217075
COc1ccc2c(COc3ccc(Cl)cc3/C=N/N=C/c3cc(Cl)ccc3OCc3cc(=O)oc4cc(OC)ccc34)cc(=O)oc2c1,chromophore,-31.83842,-36.225502
COc1ccc2c(c1)-c1nc(-c3ccccc3)c3ccccc3[n+]1[B-](F)(F)O2,chromophore,-21.082201,-47.21259
COc1ccc2c(c1)C(C)(C)c1c-2c2ccc(OC)cc2c2cc(OC)ccc12,chromophore,-26.017445,-49.05978
COc1ccc2c(c1)CCc1c(-c3ccccc3)c3n(c1-2)[B-](F)(F)[N+]1=c2ccc4ccccc4c2=C(c2ccccc2)C1=N3,chromophore,-28.792742,-62.599545
COc1ccc2c(c1)N(c1ccc(C)cc1)c1cc3c(cc1=N2)Oc1c(cc(C(C)(C)C)cc1C(C)(C)C)N=3,chromophore,-30.819641,-39.28448
COc1ccc2c(c1)SC1=Nc3sc4cc(OC)ccc4[n+]3CN12,chromophore,-28.910221,-39.794094
COc1ccc2c(c1)SCC1=C(c3ccccc3)C3=Nc4c(-c5ccccc5)c5c(n4[B-](F)(F)[N+]3=C12)-c1ccc(OC)cc1SC5,chromophore,-29.3011,-62.742287
COc1ccc2c(c1)Sc1cc(OC)ccc1N2c1ccc(-c2ccc(/C=C(\C#N)C(=O)O)s2)cc1,chromophore,47.918262,29.323534
COc1ccc2c(c1)[nH]c1c3cccc4c3c(cc21)C(=O)N(c1c(C)cccc1C)C4=O,chromophore,-32.260628,-38.62247
COc1ccc2c(c1)c(-c1ccc(C(C)(C)C)cc1)c(-c1ccc(C(C)(C)C)cc1)[n+]1c3ccccc3c(-c3ccc(C(C)(C)C)cc3)c(-c3ccc(C(C)(C)C)cc3)c21,chromophore,-22.637304,-49.521183
COc1ccc2c(c1)c(-c1ccccc1)c(-c1ccccc1)[n+]1c3cc4ccccc4cc3c(-c3ccccc3)c(-c3ccccc3)c21,chromophore,-21.669062,-49.58176
COc1ccc2c(c1)c(-c1ccccc1)c(-c1ccccc1)[n+]1c3ccc(C)cc3c(-c3ccccc3)c(-c3ccccc3)c21,chromophore,-21.616255,-49.809204
COc1ccc2c(c1)c(-c1ccccc1)c(-c1ccccc1)[n+]1c3ccc(Cl)cc3c(-c3ccccc3)c(-c3ccccc3)c21,chromophore,-21.749172,-50.585323
COc1ccc2c(c1)c(-c1ccccc1)c(-c1ccccc1)[n+]1c3ccc(F)cc3c(-c3ccccc3)c(-c3ccccc3)c21,chromophore,-21.586103,-49.896767
COc1ccc2c(c1)c(-c1ccccc1)c(-c1ccccc1)[n+]1c3ccccc3c(-c3ccccc3)c(-c3ccccc3)c21,chromophore,-21.618282,-49.587376
COc1ccc2c(c1)c(C#N)c(C#N)c1cc(OC)ccc12,chromophore,-29.322874,-41.989223
COc1ccc2c(c1)c(C=O)c1c(-c3ccccc3)c(-c3ccccc3)c(-c3ccccc3)c(-c3ccccc3)n12,chromophore,-20.045744,-48.80853
COc1ccc2c(c1)c1cc(OC)ccc1n2-c1ccc2c(c1)-c1cc(-n3c4ccc(OC)cc4c4cc(OC)ccc43)ccc1P2(=O)c1ccccc1,chromophore,-17.885044,-48.398277
COc1ccc2c(c1)oc1c(-c3ccccc3)c3c4ccccc4n(C)c3cc12,chromophore,-20.591143,-49.16818
COc1ccc2c3c(c4ccc(C(C)(C)C)cc4c2c1)=C(c1cc(OC)c(OC)c(OC)c1)C1=Nc2c(-c4cc(OC)c(OC)c(OC)c4)c4c5ccc(C(C)(C)C)cc5c5cc(OC)ccc5c4n2[B-](F)(F)[N+]=31,chromophore,-27.192144,-64.39386
COc1ccc2c3c(c4ccc(OC)cc4c2c1)C(C)(C)c1cc(-c2ccccc2)ccc1-3,chromophore,-25.871264,-48.681286
COc1ccc2c3c(cccc13)C(=O)N(C)C2=O,chromophore,-30.8605,-17.180525
COc1ccc2c3ccc(OC)cc3c3cc4c(C)cc(=O)oc4cc3c2c1,chromophore,-30.832644,-36.54385
COc1ccc2c3ccc(OC)cc3n(-c3ccc(-c4nnc(-c5c(C(C)C)cc(C(C)C)cc5C(C)C)o4)cc3)c2c1,chromophore,-17.172955,-48.025063
COc1ccc2c3cccc4c(OC)ccc(c5cccc1c52)c43,chromophore,-32.496544,-16.70923
COc1ccc2c3ccccc3n[n+](-c3ccccc3)c2c1,chromophore,-21.239439,-47.914078
COc1ccc2cc(-c3c4ccc(=[NH2+])cc-4n(C)c4c5c(ccc34)NC(C)(C)C=C5C)ccc2c1,chromophore,-1.1200781,-63.178032
COc1ccc2cc(-c3c4ccc(=[NH2+])cc-4n(C)c4cc(N(C)C)ccc34)ccc2c1,chromophore,-0.20439608,-61.269287
COc1ccc2cc(-c3c4ccc(=[NH2+])cc-4oc4cc5n(c34)CCCCCC=C5)ccc2c1,chromophore,-2.0260506,-70.648155
COc1ccc2cc(-c3cc(-c4ccccc4)c4n3[B-](F)(F)[N+]3=C5C=NC=CN5[B-](F)(F)[N+]3=C4)ccc2c1,chromophore,-29.339905,-62.300217
COc1ccc2cc(-c3cc4ccc(OC)cc4oc3=O)oc2c1,chromophore,-29.950233,-36.081287
COc1ccc2cc(-c3ccc(-c4cc5ccc(OC)cc5oc4=O)cc3)c(=O)oc2c1,chromophore,-29.713745,-36.11363
COc1ccc2cc(/C=C/C3=[O+][B-](F)(F)OC(/C=C/c4ccc5cc(OC)ccc5c4)=C3c3ccccc3)ccc2c1,chromophore,-24.821442,-36.728855
COc1ccc2cc(/C=C/c3cc[nH+]c4ccccc34)ccc2c1,chromophore,-23.304346,-37.411606
COc1ccc2cc(/C=C/c3ccc4ccccc4[nH+]3)ccc2c1,chromophore,-23.566458,-37.6551
COc1ccc2cc(/C=C/c3ccccc3)c(=O)oc2c1,chromophore,-26.542568,-36.29707
COc1ccc2cc3cccc[n+]3cc2c1,chromophore,-25.597816,-39.764328
COc1ccc2ccc([O-])cc2c1,chromophore,-25.964535,-39.68834
COc1ccc2ccc3oc(=O)c(C)nc3c2c1,chromophore,-30.036253,-36.041534
COc1ccc2nn(C)c(-c3ccc(C(C)=O)o3)c2c1,chromophore,-44.2623,-26.823956
COc1ccc2nn(C)c(-c3ccc(C=O)o3)c2c1,chromophore,-29.395775,-38.357937
COc1ccc2nn(C)c(-c3ccc(OC)o3)c2c1,chromophore,-29.37173,-38.39827
COc1ccc2oc(-c3cc4cc(OC)ccc4oc3=O)cc2c1,chromophore,-29.967733,-36.116238
COc1cccc(-c2c3ccc(=[NH2+])cc-3n(C)c3cc(N(C)C)ccc23)c1,chromophore,-0.2949799,-61.21972
COc1cccc(-c2c3ccc(=[NH2+])cc-3oc3c4c(ccc23)NC(C)(C)C=C4C)c1,chromophore,-2.14628,-65.25735
COc1cccc(-c2c3ccc(=[NH2+])cc-3oc3cc(N)ccc23)c1,chromophore,-2.4630618,-67.6326
COc1cccc(-c2c3ccc(=[NH2+])cc-3oc3cc(N4CCCCC4)ccc23)c1,chromophore,-1.2033516,-71.24916
COc1cccc(-c2coc3cc(O)ccc3c2=O)c1,chromophore,-31.180132,-35.335503
COc1cccc(-c2oc3cccc4[n+]3c2-c2ccccc2-4)c1,chromophore,-25.108965,-46.27079
COc1cccc(-n2c(-c3ccc(F)cc3)nc(C)c2C)c1,chromophore,-17.544733,-44.462
COc1cccc(/C=C/c2cc(C)c3n2[B-](F)(F)[N+]2=CC=CC2=C3)c1O,chromophore,-85.635895,-17.927145
COc1cccc(C=CC2=CC3=C4C=C(C=Cc5cccc(OC)c5)C=C[N]4[Ru]4([N]=C=S)([N]=C=S)([N]3C=C2)[N]2C=CC(C(=O)O)=CC2=C2C=C(C(=O)O)C=C[N]24)c1,chromophore,-42.16589,-26.744247
COc1cccc(F)c1/C=C/c1cc(C)c2n1[B-](F)(F)[N+]1=CC=CC1=C2,chromophore,-85.59117,-18.099503
COc1cccc(OC)c1-c1c2ccc(=[N+]3CCNCC3)cc-2oc2cc(N3CCNCC3)ccc12,chromophore,-1.1420876,-72.14584
COc1cccc(OC)c1-c1cc2n(c1)[B-](F)(F)[N+]1=CC=CC1=C2c1ccccc1,chromophore,-34.074642,-60.5435
COc1cccc(OC)c1C1=C2C=CC(=[N+](C)C)C=C2P(=O)(c2ccccc2)c2cc(N(C)C)ccc21,chromophore,14.892143,-17.66127
COc1cccc(OC)c1C1=C2C=CC(=[N+]3CCCC3)C=C2P(=O)(c2ccccc2)c2cc(N(C)C)ccc21,chromophore,14.847347,-17.640995
COc1cccc(OC)c1C1=CC2=C(c3ccccc3)c3cc(-c4c(F)c(F)c(F)c(F)c4F)cn3[B-](F)(F)[N+]2=C1,chromophore,-34.086285,-60.538654
COc1cccc2cc(C#N)c(=N)oc12,chromophore,-33.806553,-23.063131
COc1cccc2oc(-c3cc4c(OC)cccc4oc3=O)cc12,chromophore,-31.53528,-33.996414
COc1ccccc1-c1c2c(n3ccc(-c4ccccc4)cc13)C(=O)N(C(C)CO)C2,chromophore,-70.97572,0.46132317
COc1ccccc1-c1c2c(n3ccc(C#N)cc13)C(=O)N(C(C)CO)C2,chromophore,-70.94775,0.46369967
COc1ccccc1-c1c2c(n3ccc(C(C)=O)cc13)C(=O)N(C(C)CO)C2,chromophore,-70.89771,0.41890293
COc1ccccc1-c1nc(-c2ccccc2)c(-c2ccccc2)[nH]1,chromophore,-15.046765,-36.617764
COc1ccccc1-c1nc(-c2ccccc2)c2ccccn12,chromophore,-14.428046,-36.352882
COc1ccccc1/C=c1\o/c(=C\c2ccc(N(C)C)cc2)c2ccccc12,chromophore,17.988163,-16.915508
COc1ccccc1C1=C2C(C)=CC(C)=[N+]2[B-](F)(F)n2c(C)cc(C)c21,chromophore,-42.615547,-60.223915
COc1ccccc1C1=C2C=CC(=[N+](C)C)C=C2P(=O)(c2ccccc2)c2cc(N(C)C)ccc21,chromophore,14.8697405,-17.690346
COc1ccccc1C1=C2C=CC(=[N+]3CCCC3)C=C2P(=O)(c2ccccc2)c2cc(N(C)C)ccc21,chromophore,14.803821,-17.670053
COc1ccccc1C1=NC2c3cccc4cccc(c34)C2N1c1ccccc1,chromophore,-14.491369,-35.809135
COc1ccccc1C1=c2cc3cc4c5c(c3cc2C2(c3ccccc3Oc3ccccc32)c2cc3c6c7c(cc3cc21)CCCN7CCC6)CCC[N+]=5CCC4,chromophore,-22.317993,0.7949533
COc1ccccc1CC(=O)OCc1c(C)c(=O)n2c(=O)c(C)c(C)n12,chromophore,-43.527714,10.76166
COc1ccn2c3c(c(-c4ccc(Br)cc4)c2c1)CN(CCNC(=O)OC(C)(C)C)C3=O,chromophore,-77.68137,2.0242054
COc1ccn2c3c(c(-c4ccc(N(C)C)cc4)c2c1)CN(C(C)CO)C3=O,chromophore,-72.48524,1.810464
COc1coc2cc(-c3ccc(N(C)C)cc3)ccc2c1=O,chromophore,14.494955,-24.84631
COc1nc(-c2ccc(-c3ccc(C=C(C#N)C(=O)O)s3)s2)sc1-c1ccc(N(c2ccc(C)cc2)c2ccc(C)cc2)cc1,chromophore,64.77507,12.980253
COc1nc(Nc2ccc3ccc4cccc5ccc2c3c45)nc(OC)n1,chromophore,-17.187777,-25.871624
CS1(C)C(/C=C/C2=C(c3ccc(C(=O)O)cc3)C(=C/C=C3/N(CCCCS(=O)(=O)[O-])c4ccccc4S3(C)C)/CCC2)=[N+](CCCCS(=O)(=O)[O-])c2ccccc21,chromophore,7.901027,48.066425
CSC1=C(SC)SC(=Cc2ccc(N(c3ccc(C=C4SC(SC)=C(SC)S4)cc3)c3ccc(/C=C(\C#N)C(=O)O)cc3)cc2)S1,chromophore,55.180157,11.582609
CSC1=C2C=C(c3cc4n(c3)[B-](F)(F)[N+]3=CC=CC3=C4c3c(C)cc(C)cc3C)C(C)=[N+]2[B-](F)(F)n2c(C)ccc21,chromophore,-35.506393,-63.284996
CSc1ccc(-c2c3ccc(=[NH2+])cc-3oc3cc(N4CCCCC4)ccc23)cc1,chromophore,-0.53757024,-70.73737
CSc1ccc(/C=C/c2cnc3ccccc3n2)cc1,chromophore,-1.8375018,-2.796161
CSc1ccc(C#Cc2ccc(C#Cc3cc(C#N)ccc3C#N)cc2C#N)cc1,chromophore,7.041744,-7.724371
CSc1cccc(-n2cc3ccccc3c/c2=N/S(=O)(=O)c2ccc(C)cc2)c1,chromophore,-49.99854,-35.381435
CSc1ccccc1/C=C/c1cc(C)c2n1[B-](F)(F)[N+]1=CC=CC1=C2,chromophore,-90.187965,-14.986572
CSc1nccc(/C=C/c2ccc(N(c3ccccc3)c3ccc(/C=C/c4ccnc(SC)n4)cc3)cc2)n1,chromophore,31.620401,-21.596262
CSc1sc(C(=O)c2ccccc2)c2nn[nH]c(=O)c12,chromophore,-34.0937,6.532368
CSc1sc(C(C)=O)c2nn[nH]c(=O)c12,chromophore,-16.166914,28.33383
C[C@H]1CC(C)(C)N(C)c2ccc(-c3ccc(-c4ccc(/C=C(\C#N)C(=O)O)s4)s3)cc21,chromophore,48.374466,25.30303
C[C@H]1CC(C)(C)N(C)c2ccc(/C=C/c3ccc(/C=C(\C#N)P(=O)(O)O)s3)cc21,chromophore,46.24225,25.274084
C[C@H]1CC(C)(C)N(C)c2ccc(/C=C/c3ccc(/C=C/c4ccc(/C=C(\C#N)C(=O)O)s4)s3)cc21,chromophore,46.72029,25.306301
C[C@](c1ccc(OCCCCCCN2c3ccccc3Sc3cc(/C=C(/C#N)C(=O)O)ccc32)cc1)(c1ccc(OCCCCCCN2c3ccccc3Sc3cc(/C=C(\C#N)C(=O)O)ccc32)cc1)c1ccc(OCCCCCN2c3ccccc3Sc3cc(/C=C(\C#N)C(=O)O)ccc32)cc1,chromophore,45.93353,37.00041
C[C@]12SC(=O)C=C1c1nc(-c3ccc(Cl)cc3Cl)[nH]c1C1=CC(=O)S[C@@]12C,chromophore,-41.98446,-6.1510935
C[C@]12SC(=O)C=C1c1nc(-c3ccccc3)[nH]c1C1=CC(=O)S[C@@]12C,chromophore,-12.632501,-12.391793
C[N+](C)=C1c2cccn2[B-](F)(F)n2cccc21,chromophore,-37.17018,-52.834442
C[N+](C)=c1ccc2c(-c3c(Cl)c(Cl)c(Cl)c(Cl)c3C(=O)[O-])c3ccc4cc([O-])ccc4c3oc-2c1,chromophore,-37.541763,-35.414997
C[N+](C)=c1ccc2c(-c3c(F)c(F)c(F)c(F)c3C(=O)[O-])c3ccc4cc([O-])ccc4c3oc-2c1,chromophore,-37.459602,-35.285793
C[N+](C)=c1ccc2c(-c3ccccc3C(=O)[O-])c3ccc4cc(N)ccc4c3oc-2c1,chromophore,-38.11072,-36.432514
C[N+]1=C(/C=C/C2=C3Oc4c(cc(F)c(N5CCC(C(=O)O)CC5)c4F)C=C3CCC2)C(C)(C)c2ccccc21,chromophore,3.450442,42.610466
C[N+]1=C(/C=C/C2=C3Oc4c(cc5c6c4CCCN6CCC5)C(c4ccccc4C(=O)O)=C3CCC2)C(C)(C)c2ccccc21,chromophore,2.2212832,42.68017
C[N+]1=C(/C=C/c2ccc(N(c3ccccc3)c3ccccc3)cc2)C(C)(C)c2cc(C(=O)O)ccc21,chromophore,33.689014,-15.337355
C[N+]1=C(C=CC=CC=C2N(CCCCCC(=O)O)c3ccccc3C2(C)C)C(C)(C)c2ccccc21,chromophore,6.7918973,48.838604
C[N+]1=c2cc3c(cc2C(C)(C)CC1)=C(c1ccccc1C(=O)O)c1cc2c(cc1O3)Oc1cc3c(cc1=C2c1ccccc1C(=O)O)C(C)(C)CC[N+]=3C,chromophore,-20.85747,2.5471647
C[N+]1=c2ccc3c(c2C(C)(C)CC1)Oc1cc2c(cc1C=3c1ccccc1C(=O)O)C(c1ccccc1C(=O)O)=c1ccc3c(c1O2)C(C)(C)CC[N+]=3C,chromophore,-20.92043,2.5276673
C[NH+](C)c1c2ccccc2cc2ccccc12,chromophore,-12.620335,-24.352873
C[P+]1(c2ccccc2)c2ccccc2-c2sc3ccccc3c21,chromophore,-3.7664104,-19.088224
C[SiH](C)c1cccc2ccccc12,chromophore,-13.521411,-24.593575
C[Si](C)(C)C#C[Si](c1c2ccccc2cc2ccccc12)(c1c2ccccc2cc2ccccc12)c1c2ccccc2cc2ccccc12,chromophore,-9.983871,-24.685703
C[Si](C)(C)C#Cc1cc2ccc3cc(C#C[Si](C)(C)C)cc4ccc(c1)c2c34,chromophore,-19.909002,-14.107969
C[Si](C)(C)C#Cc1cccc2ccccc12,chromophore,-10.295993,-25.292593
C[Si](C)(C)O[Si]1(O[Si](C)(C)C)n2c3c4ccccc4c2/N=C2N=C(/N=c4/c5ccccc5/c(n41)=N/C1=NC(=N\3)/c3ccccc31)c1ccccc1\2,chromophore,-7.3831625,-25.05267
C[Si](C)(C)c1ccc(-c2ccc(-c3ccc(-c4ccc(-c5ccc([Si](C)(C)C)s5)s4)c4nsnc34)s2)s1,chromophore,-3.6966226,-15.901274
C[Si](C)(C)c1ccc(-c2nc3ccccc3n2-c2ccccc2)cc1,chromophore,-2.09233,-25.891506
C[Si](C)(C)c1ccc2ccc3c([Si](C)(C)C)cc(C=O)c4ccc1c2c43,chromophore,-20.546011,-14.917587
C[Si](C)(C)c1cccc2ccccc12,chromophore,-10.385698,-25.136492
C[Si](C)(C)c1sc([Si](C)(C)C)c2c1sc1ccsc12,chromophore,-3.5938773,-14.852836
C[Si](C)(c1c2ccccc2cc2ccccc12)[Si](C)(C)c1c2ccccc2cc2ccccc12,chromophore,-9.929066,-24.564772
C[Si]1(C)C(c2ccccc2)=Cc2ccccc21,chromophore,-10.285616,-6.689569
C[Si]1(C)C2=C(c3ccccc31)S(=O)(=O)c1cc3c(cc12)S(=O)(=O)C1=C3[Si](C)(C)c2ccccc21,chromophore,-13.318009,-2.037114
C[Si]1(C)O[Si](C)(C)c2cc3c(-c4ccccc4)c4cc(Cl)ccc4nc3cc21,chromophore,-47.53391,-9.69164
C[Si]1(C)O[Si](C)(C)c2cc3cc4cc5c(cc4cc3cc21)C(=O)c1cc2cc3cc4c(cc3cc2cc1C5=O)[Si](C)(C)O[Si]4(C)C,chromophore,-29.941547,-30.118828
C[Si]1(C)c2cc(-c3ccc(-c4cccs4)s3)ccc2C=Cc2ccc(-c3ccc(-c4cccs4)s3)cc21,chromophore,-1.3587226,-15.511362
C[Si]1(C)c2cc(/C=C(\C#N)C(=O)O)sc2-c2sc(-c3ccc(-c4ccc(N(c5ccccc5)c5ccccc5)cc4)s3)cc21,chromophore,60.793858,15.065271
C[Si]1(C)c2cc3c(cc2-c2sc4ccccc4c21)[Si](C)(C)c1c-3sc2ccccc12,chromophore,-3.7939699,-19.260551
C[Si]1(C)c2ccc(-c3ccc(-c4cccs4)s3)cc2C=Cc2cc(-c3ccc(-c4cccs4)s3)ccc21,chromophore,-1.3668792,-15.524507
C[Si]1(C)c2ccc(C#Cc3ccccc3)cc2C=Cc2cc(C#Cc3ccccc3)ccc21,chromophore,3.1482618,-14.460895
C[Si]1(c2ccccc2)C(c2ccc3c(c2)c2ccccc2n3-c2ccccc2)=C(c2ccccc2)C(c2ccccc2)=C1c1ccc2c(c1)c1ccccc1n2-c1ccccc1,chromophore,3.4891207,-34.57303
C[n+]1ccc(/C=C/c2ccc(N(c3ccccc3)c3ccc(/C=C/c4cc[n+](C)cn4)cc3)cc2)nc1,chromophore,31.891285,-21.231955
C[n+]1ccc(/C=C/c2ccc3cc(O)ccc3c2)cc1,chromophore,-2.8863685,0.68568736
C[n+]1ccc(/C=C/c2ccc3cc([O-])ccc3c2)cc1,chromophore,-2.7876596,0.5781365
C[n+]1ccc2c(ccc3c[n+](C)ccc32)c1,chromophore,-20.573809,-13.1479645
C[n+]1ccn(CCCCc2ccc3c(c2)c2ccccc2n3-c2cc(C#N)c(C#N)cc2F)c1,chromophore,2.5967467,-26.811277
C[n+]1ccnc(/C=C/c2ccc(N(c3ccccc3)c3ccc(/C=C/c4c[n+](C)ccn4)cc3)cc2)c1,chromophore,31.85683,-21.357607
Cc1c(-c2ccc(-c3ccc(/C=C(\C#N)C(=O)O)s3)s2)c(=O)oc2cc(N(c3ccc4c(c3)C(C)(C)c3ccccc3-4)c3ccc4c(c3)C(C)(C)c3ccccc3-4)ccc12,chromophore,73.26068,9.161407
Cc1c(-c2ccc(/C=C(\C#N)C(=O)O)s2)c(=O)oc2cc(N(c3ccc4c(c3)C(C)(C)c3ccccc3-4)c3ccc4c(c3)C(C)(C)c3ccccc3-4)ccc12,chromophore,73.24831,9.167658
Cc1c(-c2ccc(N3c4ccccc4C(C)(C)c4ccccc43)cc2)ncnc1-c1ccc(N2c3ccccc3C(C)(C)c3ccccc32)cc1,chromophore,9.298565,3.7637038
Cc1c(-c2ccccc2)c(-c2ccc(/C=C(\C#N)C(=O)O)s2)n2ccccc12,chromophore,51.399292,24.869926
Cc1c(-c2nc(-c3ccccc3)nc(-c3ccccc3)n2)ccc(-n2c3ccccc3c3cc4c(cc32)C2c3ccccc3C4c3ccccc32)c1C,chromophore,1.7209167,-37.30712
Cc1c(C(=O)c2c(F)cc(F)cc2F)c2ccc3cccc4c5cccc6ccc1c(c65)c2c34,chromophore,-20.571325,-25.131516
Cc1c(C(=O)c2ccc(C(F)(F)F)cc2)c2ccc3cccc4c5cccc6ccc1c(c65)c2c34,chromophore,-20.833708,-25.490198
Cc1c(C(=O)c2ccccc2Cl)c2ccc3cccc4c5cccc6ccc1c(c65)c2c34,chromophore,-20.80601,-24.650534
Cc1c(C)c(B(c2c(C)c(C)c(N3c4ccccc4Oc4ccccc43)c(C)c2C)c2c(C)c(C)c(N3c4ccccc4Oc4ccccc43)c(C)c2C)c(C)c(C)c1C#N,chromophore,5.1404457,2.9703329
Cc1c(C)c(C)c2c(c1C)COc1ccccc1C#Cc1ccccc1OC2,chromophore,-10.333611,0.7981567
Cc1c(C)c(N2c3ccccc3Oc3ccccc32)c(C)c(C)c1B(c1c(C)c(C)c(N2c3ccccc3Oc3ccccc32)c(C)c1C)c1c(C)c(C)c(N2c3ccccc3Oc3ccccc32)c(C)c1C,chromophore,4.307004,4.643347
Cc1c(C)c2cc3cc4ccccc4cc3n2c2nc3cc4ccccc4cc3cc12,chromophore,-4.3385053,-26.28781
Cc1c(C)c2cc3ccccc3n2c2nc3cc4ccccc4cc3cc12,chromophore,-4.309661,-26.293804
Cc1c(C)c2cc3ccccc3n2c2nc3ccccc3cc12,chromophore,-4.2792206,-26.247898
Cc1c(C)n2c(CN)c(C)c(=O)n2c1=O,chromophore,-17.392317,34.044636
Cc1c(C)n2c(COC(=O)CNC(=O)OC(C)(C)C)c(C)c(=O)n2c1=O,chromophore,-19.419918,30.490341
Cc1c(COC(=O)Cc2c[nH]c3ccccc23)n2c(OCC(=O)Cc3c[nH]c4ccccc34)c(C)c(=O)n2c1=O,chromophore,-39.9606,13.248539
Cc1c(COC(=O)c2ccc(I)cc2)n2c(OCC(=O)c3ccc(I)cc3)c(C)c(=O)n2c1=O,chromophore,-18.226095,29.938047
Cc1c(COC(=O)c2ccccc2)n2c(OCC(=O)c3ccccc3)c(C)c(=O)n2c1=O,chromophore,-39.4519,13.295273
Cc1c(COC(=O)c2ccccc2Br)n2c(OCC(=O)c3ccccc3Br)c(C)c(=O)n2c1=O,chromophore,-39.90147,13.118132
Cc1c(COC(=O)c2ccccc2Cl)n2c(OCC(=O)c3ccccc3Cl)c(C)c(=O)n2c1=O,chromophore,-40.008415,12.832742
Cc1c2cc3c(-c4ccccc4)c4c(c(-c5ccccc5)c3cc2c2n1[B-](F)(F)[n+]1c(C)c3cc5c(-c6ccccc6)c6c7cccc8cccc(c6c(-c6ccccc6)c5cc3c1=C2c1ccccc1)c87)-c1cccc2cccc-4c12,chromophore,-45.032455,-57.49795
Cc1c2ccc3c(C)[n+](C)ccc3c2cc[n+]1C,chromophore,-20.449566,-12.722057
Cc1cc(-c2c3ccc(=[NH2+])cc-3oc3cc(N)ccc23)ccc1F,chromophore,-0.58366764,-67.89657
Cc1cc(-c2ccc(-c3ccccc3)cc2)cc(C)[o+]1,chromophore,-13.1046505,-8.354346
Cc1cc(-c2ccc(-c3n(C)c4ccccc4[n+]3C)cc2)ccc1-c1ccc(-c2n(C)c3ccccc3[n+]2C)cc1,chromophore,-12.4358835,-9.610886
Cc1cc(-c2ccc(-n3c4ccccc4c4ccccc43)cc2)nc(-c2ccc(-c3ccccc3)cc2)n1,chromophore,2.1777267,-35.627945
Cc1cc(-c2ccc(N(c3ccccc3)c3ccccc3)cc2)ccc1-c1cnc(-c2cc(-c3ccc(N(c4ccccc4)c4ccccc4)cc3)ccc2O)o1,chromophore,24.212948,-37.163326
Cc1cc(-c2ccccc2)nc2c1ccc1nc(-c3ccccc3)cn12,chromophore,-13.033618,-14.333356
Cc1cc(-c2ccccc2C)cc(C)[o+]1,chromophore,-14.202358,-7.611835
Cc1cc(-c2nc(-c3ccccc3)nc(-c3ccccc3)n2)ccc1-c1ccc2c(c1)C1(c3ccccc3-c3ccccc31)c1ccccc1N2c1ccccc1,chromophore,10.841313,4.0782757
Cc1cc(-c2nnc(-c3c(C(C)C)cc(C(C)C)cc3C(C)C)o2)ccc1-n1c2ccccc2c2ccccc21,chromophore,-1.3688616,-35.16108
Cc1cc(-n2c3ccccc3c3cc4c(cc32)C2c3ccccc3C4c3ccccc32)c(C)cc1-c1nc(-c2ccccc2)nc(-c2ccccc2)n1,chromophore,1.7078135,-37.27042
Cc1cc(-n2c3ccccc3c3cc4c(cc32)C2c3ccccc3C4c3ccccc32)ccc1-c1nc(-c2ccccc2)nc(-c2ccccc2)n1,chromophore,1.9103019,-37.15114
Cc1cc(/C=C(/C#N)C(=O)O)c(-c2cc3cc4c5c(c3oc2=O)C(C)(C)CCN5CCC4(C)C)s1,chromophore,46.974773,22.119904
Cc1cc(/C=C/C=C/c2ccccc2)n2c1C=C1C=CC=[N+]1[B-]2(F)F,chromophore,-90.11672,-15.991617
Cc1cc(/C=C/OC(C)(C)C)n2c1C=C1C=CC=[N+]1[B-]2(F)F,chromophore,-88.749504,-15.025098
Cc1cc(/C=C/c2[nH]cnc2C)n2c1C=C1C=CC=[N+]1[B-]2(F)F,chromophore,-89.2842,-13.366944
Cc1cc(/C=C/c2c(Br)ccc3c2OCO3)n2c1C=C1C=CC=[N+]1[B-]2(F)F,chromophore,-91.12404,-14.05746
Cc1cc(/C=C/c2c(F)cccc2Cl)n2c1C=C1C=CC=[N+]1[B-]2(F)F,chromophore,-91.88905,-15.321327
Cc1cc(/C=C/c2c[nH]c3ccc(Br)cc23)n2c1C=C1C=CC=[N+]1[B-]2(F)F,chromophore,-89.471115,-13.556418
Cc1cc(/C=C/c2cc(C(C)(C)C)cc(C(C)(C)C)c2O)n2c1C=C1C=CC=[N+]1[B-]2(F)F,chromophore,-88.33295,-15.141044
Cc1cc(/C=C/c2cc(C(C)(C)C)ccc2O)n2c1C=C1C=CC=[N+]1[B-]2(F)F,chromophore,-88.290405,-15.151047
Cc1cc(/C=C/c2cc(C(F)(F)F)ccc2F)n2c1C=C1C=CC=[N+]1[B-]2(F)F,chromophore,-88.639755,-14.834386
Cc1cc(/C=C/c2cc(Cl)cc(Br)c2O)n2c1C=C1C=CC=[N+]1[B-]2(F)F,chromophore,-92.75,-14.761085
Cc1cc(/C=C/c2cc(Cl)cc(Cl)c2Cl)n2c1C=C1C=CC=[N+]1[B-]2(F)F,chromophore,-92.67069,-14.88155
Cc1cc(/C=C/c2cc(Cl)cc(Cl)c2O)n2c1C=C1C=CC=[N+]1[B-]2(F)F,chromophore,-92.79895,-14.797865
Cc1cc(/C=C/c2cc(Cl)ccc2O)n2c1C=C1C=CC=[N+]1[B-]2(F)F,chromophore,-92.80021,-14.840632
Cc1cc(/C=C/c2cc(F)ccc2Br)n2c1C=C1C=CC=[N+]1[B-]2(F)F,chromophore,-89.24594,-14.277817
Cc1cc(/C=C/c2cc(F)ccc2O)n2c1C=C1C=CC=[N+]1[B-]2(F)F,chromophore,-88.68731,-14.044358
Cc1cc(/C=C/c2cc(I)ccc2F)n2c1C=C1C=CC=[N+]1[B-]2(F)F,chromophore,-89.808975,-14.317245
Cc1cc(/C=C/c2cc(OC(F)(F)F)ccc2O)n2c1C=C1C=CC=[N+]1[B-]2(F)F,chromophore,-88.38176,-15.932914
Cc1cc(/C=C/c2ccc(B(O)O)cc2)n2c1C=C1C=CC=[N+]1[B-]2(F)F,chromophore,-90.969475,-16.88003
Cc1cc(/C=C/c2ccc(Br)cc2F)n2c1C=C1C=CC=[N+]1[B-]2(F)F,chromophore,-89.72424,-14.25485
Cc1cc(/C=C/c2ccc(Br)o2)n2c1C=C1C=CC=[N+]1[B-]2(F)F,chromophore,-91.196754,-13.797109
Cc1cc(/C=C/c2ccc(Br)s2)n2c1C=C1C=CC=[N+]1[B-]2(F)F,chromophore,-90.406654,-13.124707
Cc1cc(/C=C/c2ccc(C(=O)O)cc2O)n2c1C=C1C=CC=[N+]1[B-]2(F)F,chromophore,-88.13603,-13.321034
Cc1cc(/C=C/c2ccc(C(C)C)cc2)n2c1C=C1C=CC=[N+]1[B-]2(F)F,chromophore,-91.45005,-16.961813
Cc1cc(/C=C/c2ccc(C=O)s2)n2c1C=C1C=CC=[N+]1[B-]2(F)F,chromophore,-90.3956,-13.007697
Cc1cc(/C=C/c2ccc(CO)o2)n2c1C=C1C=CC=[N+]1[B-]2(F)F,chromophore,-91.52433,-13.480739
Cc1cc(/C=C/c2ccc(Cl)c(Cl)c2)n2c1C=C1C=CC=[N+]1[B-]2(F)F,chromophore,-91.77782,-16.521778
Cc1cc(/C=C/c2ccc(Cl)c(F)c2)n2c1C=C1C=CC=[N+]1[B-]2(F)F,chromophore,-91.785866,-16.523554
Cc1cc(/C=C/c2ccc(I)o2)n2c1C=C1C=CC=[N+]1[B-]2(F)F,chromophore,-91.240974,-13.757987
Cc1cc(/C=C/c2ccc(O)cc2)n2c1C=C1C=CC=[N+]1[B-]2(F)F,chromophore,-90.93548,-16.86811
Cc1cc(/C=C/c2ccc(OCCCN(C)C)cc2)n2c1C=C1C=CC=[N+]1[B-]2(F)F,chromophore,-90.2624,-19.192747
Cc1cc(/C=C/c2ccc(OCc3ccccc3)c(OCc3ccccc3)c2)n2c1C=C1C=CC=[N+]1[B-]2(F)F,chromophore,-89.34863,-17.793629
Cc1cc(/C=C/c2ccc(Oc3ccc(C=O)cc3)cc2)n2c1C=C1C=CC=[N+]1[B-]2(F)F,chromophore,-90.29503,-18.035223
Cc1cc(/C=C/c2ccc(Oc3ccccc3)cc2)n2c1C=C1C=CC=[N+]1[B-]2(F)F,chromophore,-90.10842,-17.679068
Cc1cc(/C=C/c2ccc(SC(F)(F)F)cc2)n2c1C=C1C=CC=[N+]1[B-]2(F)F,chromophore,-91.048904,-16.99696
Cc1cc(/C=C/c2ccc([N+](=O)[O-])c(O)c2)n2c1C=C1C=CC=[N+]1[B-]2(F)F,chromophore,-86.37492,-14.357559
Cc1cc(/C=C/c2ccc[nH]2)n2c1C=C1C=CC=[N+]1[B-]2(F)F,chromophore,-90.12611,-14.561091
Cc1cc(/C=C/c2cccc(B(O)O)c2)n2c1C=C1C=CC=[N+]1[B-]2(F)F,chromophore,-90.52831,-16.129858
Cc1cc(/C=C/c2cccc(C#N)c2)n2c1C=C1C=CC=[N+]1[B-]2(F)F,chromophore,-92.58137,-16.761364
Cc1cc(/C=C/c2cccc(C(C)(C)C)c2O)n2c1C=C1C=CC=[N+]1[B-]2(F)F,chromophore,-88.85757,-15.461863
Cc1cc(/C=C/c2cccc(Cl)c2Cl)n2c1C=C1C=CC=[N+]1[B-]2(F)F,chromophore,-91.93783,-15.219842
Cc1cc(/C=C/c2cccc(I)c2)n2c1C=C1C=CC=[N+]1[B-]2(F)F,chromophore,-90.688225,-15.998577
Cc1cc(/C=C/c2cccc(O)c2)n2c1C=C1C=CC=[N+]1[B-]2(F)F,chromophore,-90.27168,-16.30862
Cc1cc(/C=C/c2cccc(OC(F)(F)C(F)F)c2)n2c1C=C1C=CC=[N+]1[B-]2(F)F,chromophore,-90.047104,-16.598524
Cc1cc(/C=C/c2cccc([N+](=O)[O-])c2O)n2c1C=C1C=CC=[N+]1[B-]2(F)F,chromophore,-86.497665,-14.23522
Cc1cc(/C=C/c2cccc3c2OCO3)n2c1C=C1C=CC=[N+]1[B-]2(F)F,chromophore,-91.15912,-14.567328
Cc1cc(/C=C/c2ccccc2B(O)O)n2c1C=C1C=CC=[N+]1[B-]2(F)F,chromophore,-90.110344,-15.053937
Cc1cc(/C=C/c2ccccc2OCc2ccccc2)n2c1C=C1C=CC=[N+]1[B-]2(F)F,chromophore,-89.21728,-17.722149
Cc1cc(/C=C/c2ccco2)n2c1C=C1C=CC=[N+]1[B-]2(F)F,chromophore,-90.76821,-14.317371
Cc1cc(/C=C/c2cccs2)n2c1C=C1C=CC=[N+]1[B-]2(F)F,chromophore,-90.57852,-13.411661
Cc1cc(/C=C/c2ccsc2C=O)n2c1C=C1C=CC=[N+]1[B-]2(F)F,chromophore,-90.25901,-13.41707
Cc1cc(/C=C/c2ncc[nH]2)n2c1C=C1C=CC=[N+]1[B-]2(F)F,chromophore,-89.25332,-13.293234
Cc1cc(/N=C/c2cc(S(=O)(=O)[O][Na])ccc2O)c(/N=C/c2cc(S(=O)(=O)[O][Na])ccc2O)cc1C,chromophore,-17.077888,15.0655575
Cc1cc(=O)oc2c1cc(Br)c1occ(C)c12,chromophore,-31.209475,-29.783749
Cc1cc(=O)oc2cc(N)ccc12,chromophore,-31.338938,-30.03096
Cc1cc(=O)oc2cc(Oc3ccc4c(c3)-c3nc-4nc4[nH]c(nc5nc(nc6[nH]c(n3)c3ccc(Oc7ccc8c(C)cc(=O)oc8c7)cc63)-c3cc(Oc6ccc7c(C)cc(=O)oc7c6)ccc3-5)c3cc(Oc5ccc6c(C)cc(=O)oc6c5)ccc43)ccc12,chromophore,-29.513943,-33.91679
Cc1cc(=O)oc2cc3c(cc12)c1c2ccccc2c2ccccc2c1c1c2ccccc2c2ccccc2c31,chromophore,-30.746786,-28.411505
Cc1cc(=O)oc2cc3c4ccc(C(C)(C)C)cc4c4cc(C(C)(C)C)ccc4c3cc12,chromophore,-32.35819,-31.146286
Cc1cc(=O)oc2cc3c4ccccc4c4ccccc4c3cc12,chromophore,-30.745636,-28.405863
Cc1cc(=O)oc2ccc3ccc(O)cc3c12,chromophore,-31.122936,-29.584984
Cc1cc(Br)cn(Cn2cccc(C)c2=O)c1=N,chromophore,-16.902414,34.25523
Cc1cc(C#Cc2ccccc2)c2ccc3c(C#Cc4ccccc4)cc(C#Cc4ccccc4)c4ccc1c2c43,chromophore,3.0498989,-14.927614
Cc1cc(C(F)(F)F)nc2c1ccc1nc(-c3ccc(Cl)cc3)cn12,chromophore,-50.828247,-9.026305
Cc1cc(C)c(-c2nnc(-c3ccc(-n4c5ccccc5c5ccccc54)c(C)c3)o2)c(C)c1,chromophore,-1.3582857,-35.09551
Cc1cc(C)c(-c2nnc(-c3ccc(-n4c5ccccc5c5ccccc54)cc3)o2)c(C)c1,chromophore,-0.8507536,-35.298817
Cc1cc(C)c(/C2=C3\C=CC(=N3)/C(C#Cc3ccc(C(=O)O)cc3)=c3/cc/c4[n]3[Zn][n]3c2ccc3/C(N(c2ccc(C(C)(C)C)cc2)c2ccc(C(C)(C)C)cc2)=C2/C=CC(=N2)/C=4c2c(C)cc(C)cc2C)c(C)c1,chromophore,13.534017,73.85731
Cc1cc(C)c(/C2=C3\C=CC(=N3)/C(c3c(C)cc(C)cc3C)=c3/cc/c4[n]3[Zn][n]3c(ccc32)/C(c2ccc(/C=C/c3sc(/C=C/c5sc(/C=C(\C#N)C(=O)O)c6c5OCCO6)c5c3OCCO5)cc2)=C2/C=CC(=N2)/C=4c2c(C)cc(C)cc2C)c(C)c1,chromophore,18.198503,72.531876
Cc1cc(C)c(/C2=C3\C=CC(=N3)/C(c3c(C)cc(C)cc3C)=c3/cc/c4[n]3[Zn][n]3c(ccc32)/C(c2ccc(C(=O)O)cc2)=C2/C=CC(=N2)/C=4c2c(C)cc(C)cc2C)c(C)c1,chromophore,15.593186,72.93985
Cc1cc(C)c(/C2=C3\C=CC(=N3)/C(c3c(C)cc(C)cc3C)=c3/cc/c4[n]3[Zn][n]3c2ccc3/C(c2ccc(C(=O)O)c3ccccc23)=C2/C=CC(=N2)/C=4c2c(C)cc(C)cc2C)c(C)c1,chromophore,16.001627,72.64426
Cc1cc(C)c(/C=C/c2cc(C)c3n2[B-](F)(F)[N+]2=CC=CC2=C3)[nH]1,chromophore,-89.637955,-13.799783
Cc1cc(C)c(/C=C/c2cc(C)c3n2[B-](F)(F)[N+]2=CC=CC2=C3)cc1C,chromophore,-89.792206,-14.174699
Cc1cc(C)c(B(c2c(C)cc(C)cc2C)c2c(C)cc(N3c4ccccc4Oc4ccccc43)cc2C)c(C)c1,chromophore,4.826548,4.8625283
Cc1cc(C)c(B(c2cc(-c3c(C)cc(C)cc3C)sc2-c2sc(-c3c(C)cc(C)cc3C)cc2P(=O)(c2ccccc2)c2ccccc2)c2c(C)cc(C)cc2C)c(C)c1,chromophore,1.9781487,-15.857126
Cc1cc(C)c(B(c2cc(C#Cc3ccccc3)sc2-c2sc(C#Cc3ccccc3)cc2P(=O)(c2ccccc2)c2ccccc2)c2c(C)cc(C)cc2C)c(C)c1,chromophore,2.118682,-15.756363
Cc1cc(C)c(B(c2cc3c4c(c(B(c5c(C)cc(C)cc5C)c5c(C)cc(C)cc5C)cc5c4c2CCC5)CCC3)c2c(C)cc(C)cc2C)c(C)c1,chromophore,-25.020594,0.10271224
Cc1cc(C)c(B(c2cc3ccc4cccc5ccc(c2)c3c45)c2c(C)cc(C)cc2C)c(C)c1,chromophore,-19.579906,-21.150795
Cc1cc(C)c(B(c2ccc(-c3ccc(-c4nc5c6ccccc6c6ccccc6c5[nH]4)cc3)cc2)c2c(C)cc(C)cc2C)c(C)c1,chromophore,-14.280037,-13.929861
Cc1cc(C)c(B(c2ccc(-c3ccc4ccc5cccc6ccc3c4c56)cc2)c2c(C)cc(C)cc2C)c(C)c1,chromophore,-19.11391,-21.380291
Cc1cc(C)c(B(c2ccc(-c3nc4c5ccccc5c5ccccc5c4[nH]3)cc2)c2c(C)cc(C)cc2C)c(C)c1,chromophore,-14.280037,-13.929861
Cc1cc(C)c(B(c2ccc(N(c3ccccc3)c3ccccc3)cc2)c2c(C)cc(C)cc2C)c(C)c1,chromophore,26.887508,-32.35139
Cc1cc(C)c(B(c2ccc3c(c2)c2cc(B(c4c(C)cc(C)cc4C)c4c(C)cc(C)cc4C)ccc2n3-c2ccc(C(=C(c3ccccc3)c3ccccc3)c3ccccc3)cc2)c2c(C)cc(C)cc2C)c(C)c1,chromophore,-1.573121,-32.366035
Cc1cc(C)c(B(c2ccccc2-n2c3ccccc3c3ccccc32)c2c(C)cc(C)cc2C)c(C)c1,chromophore,-2.3639464,-31.991365
Cc1cc(C)c(B2N(c3c(C(C)C)cccc3C(C)C)C(c3ccccc3)=C(c3ccccc3)N2c2c(C(C)C)cccc2C(C)C)c(C)c1,chromophore,-14.823297,-8.312802
Cc1cc(C)c(B2Nc3cccc4c3-n3c2ccc3B(c2c(C)cc(C)cc2C)N4)c(C)c1,chromophore,-15.865377,-8.506409
Cc1cc(C)c(B2c3cc(C(C)(C)C)cc4ccc5ccc6cc(C(C)(C)C)cc2c6c5c34)c(C)c1,chromophore,-7.677875,-43.671276
Cc1cc(C)c(B2c3cc(C(C)(C)C)ccc3-c3cccc4cc(C(C)(C)C)cc2c34)c(C)c1,chromophore,-7.534025,-43.31225
Cc1cc(C)c(C)c(B(c2c(C)c(C)c(N3c4ccccc4Oc4ccccc43)c(C)c2C)c2c(C)c(C)c(N3c4ccccc4Oc4ccccc43)c(C)c2C)c1C,chromophore,4.498589,4.7509847
Cc1cc(C)c(C)c(B(c2c(C)c(C)cc(C)c2C)c2c(C)c(C)c(N3c4ccccc4Oc4ccccc43)c(C)c2C)c1C,chromophore,4.4986367,4.751017
Cc1cc(C)c(C2=C3C=C(/C=C/C(=O)OC(C)(C)C)C=[N+]3[B-](F)(F)n3cc(/C=C/C(=O)OC(C)(C)C)cc32)c(C)c1,chromophore,-39.053062,-67.74273
Cc1cc(C)c(C2=C3C=C(/C=C/C(=O)OCc4ccccc4)C=[N+]3[B-](F)(F)n3cc(/C=C/C(=O)OCc4ccccc4)cc32)c(C)c1,chromophore,-38.815495,-67.37735
Cc1cc(C)c(C2=C3C=CC(c4cccc5ccccc45)=[N+]3[B-](F)(F)n3c2ccc3-c2cccc3ccccc23)c(C)c1,chromophore,-44.290535,-57.541542
Cc1cc(C)c(C2=C3C=CC=[N+]3[B-]3(c4ccc5ccc6cccc7ccc4c5c67)Oc4cc(O)cc5c6ccc(C)cc6c6cc2n3c6c45)c(C)c1,chromophore,-45.72715,-56.625
Cc1cc(C)c(C2=[N+]3C(=Cc4c(C)cc(C)n4[B-]3(F)F)c3ccccc32)[nH]1,chromophore,-41.033363,-58.158756
Cc1cc(C)c(OP2(=O)c3cccc4cccc(c34)-c3cccc4cccc2c34)c(C)c1,chromophore,-19.7088,-21.011927
Cc1cc(C)c(Oc2cccc3c(/C4=c5\cc/c6[n]5[Zn][n]5c(ccc5/C(c5cc(C(C)(C)C)cc(C(C)(C)C)c5)=C5/C=CC4=N5)/C(C#Cc4ccc(C(=O)O)cc4)=C4/C=CC(=N4)/C=6c4cc(C(C)(C)C)cc(C(C)(C)C)c4)c4cccc(Oc5c(C)cc(C)cc5C)c4cc23)c(C)c1,chromophore,12.755474,74.638985
Cc1cc(C)c([B-]2(c3c(C)cc(C)cc3C)[O+]=P(c3ccccc3)(c3ccccc3)c3cc(-c4ccc(C(C)(C)C)cc4)sc3-c3sc(-c4ccc(C(C)(C)C)cc4)cc32)c(C)c1,chromophore,-6.776881,-39.82207
Cc1cc(C)cc(-c2c3ccc(=[NH2+])cc-3n(C)c3cc(N(C)C)ccc23)c1,chromophore,-1.248715,-61.12318
Cc1cc(C)cc(-c2c3ccc(=[NH2+])cc-3oc3cc(N)ccc23)c1,chromophore,-0.42174047,-67.87455
Cc1cc(C)cc(/C2=C3\C=CC(=N3)/C(c3cc(C)cc(C)c3)=c3/cc/c4[n]3[Zn][n]3c2ccc3/C(c2cc(C)cc(C)c2)=C2C=C(/C=C/C=C(C(=O)O)C(=O)O)C(=N/2)C=4/c2cc(C)cc(C)c2)c1,chromophore,16.287981,72.86257
Cc1cc(C)nc(N)n1,chromophore,-20.916334,-10.868988
Cc1cc(C2=Cc3cccc[n+]3[B-](F)(F)O2)ccc1N(C)C,chromophore,-21.441923,-32.136997
Cc1cc(C=C(C#N)C(=O)O)sc1-c1ccc(N(c2ccccc2)c2ccccc2)cc1,chromophore,59.45257,16.44075
Cc1cc(C=C(C#N)C(=O)O)sc1C=Cc1ccc(N(c2ccccc2)c2ccccc2)cc1,chromophore,55.490326,9.278383
Cc1cc(C=O)cc(C)c1-c1ccc(N(C)C)cc1,chromophore,13.3258095,-21.176119
Cc1cc(C=O)ccc1-c1ccc(N(C)C)cc1,chromophore,13.510776,-21.046667
Cc1cc(N(C)C)ccc1C1=C2C=CC(=[N+](C)C)C=C2[Si](C)(C)c2cc(N(C)C)ccc21,chromophore,14.239659,-19.572876
Cc1cc(N2c3ccccc3C3(c4ccccc4-c4ccccc43)c3ccccc32)c(C)cc1-c1nc(-c2ccccc2)nc(-c2ccccc2)n1,chromophore,10.950775,4.1413693
Cc1cc(O)c(C(=O)/C=C/c2ccc(Cl)cc2)c(=O)o1,chromophore,-39.856876,-11.949463
Cc1cc(O)c(C(=O)/C=C/c2ccc(Cl)cc2Cl)c(=O)o1,chromophore,-39.99093,-11.831593
Cc1cc(O)c(C(=O)/C=C/c2ccccc2)c(=O)o1,chromophore,-39.522316,-12.080339
Cc1cc(O)c(C(C)C)cc1/N=C/c1ccc([N+](=O)[O-])cc1,chromophore,4.367762,18.84849
Cc1cc(O)cc2occ(-c3ccc(O)cc3)c(=O)c12,chromophore,-33.465992,-28.444904
Cc1cc2c(-c3cc(Cl)c(Cl)cc3C(=O)N(C)CCCC(=O)O)c3cc(C)c(NCCCS(=O)(=O)O)cc3[o+]c2cc1NCCCS(=O)(=O)O,chromophore,-4.5651693,14.456567
Cc1cc2c(cc1C)NC(=O)CC(=O)N2,chromophore,-18.170061,36.025227
Cc1cc2c(cc1[N+](=O)[O-])NC(=O)CC(=O)N2,chromophore,2.9254045,25.334305
Cc1cc2c(ccc3c[n+](C)c(C)cc32)c[n+]1C,chromophore,-20.423767,-13.059634
Cc1cc2c(o1)=CC1=C(C(F)(F)F)c3cc4oc(C)cc4n3[B-](F)(F)[N+]=21,chromophore,-39.593334,-64.124115
Cc1cc2c(o1)=CC1=Cc3c(C)cc(C)n3[B-](F)(F)[N+]=21,chromophore,-39.683937,-64.158195
Cc1cc2c(o1)=CC1=Cc3cc4oc(C)cc4n3[B-](F)(F)[N+]=21,chromophore,-39.616398,-64.14888
Cc1cc2c3c(ccc4c3c1OC(c1ccccc1)=C4c1ccccc1)C(c1ccccc1)=C(c1ccccc1)O2,chromophore,-14.017885,-6.8772793
Cc1cc2c3ccccc3sc2c2[nH]c3ccccc3c12,chromophore,-4.6550064,-21.091852
Cc1cc2cc(C)c3c4ccccc4[nH]c3c2s1,chromophore,-4.7775345,-21.248005
Cc1cc2cc(N3c4ccccc4Oc4ccccc43)ccc2c(=O)o1,chromophore,5.1576104,5.6174827
Cc1cc2ccc(-c3cccc4cccc(-c5ccc6cc(C)c(=O)oc6c5)c34)cc2oc1=O,chromophore,-26.436022,-29.156849
Cc1cc2ccccc2c2[nH]c3ccccc3c12,chromophore,-4.9985824,-21.48801
Cc1cc2ccccc2c2c1c1ccccc1n2-c1ccccc1,chromophore,-2.1109293,-31.893127
Cc1cc2ccsc2c2[nH]c3ccccc3c12,chromophore,-4.791014,-21.261093
Cc1cc2nc3c(=O)[nH]c(=O)nc-3n(C)c2cc1C,chromophore,-12.430151,34.147545
Cc1cc2nc3c(=O)n(C)c(=O)nc-3n(C)c2cc1C,chromophore,-12.331904,33.964645
Cc1cc2nc3cc(C)c(N)cc3[n+](-c3ccccc3)c2cc1N,chromophore,-9.757667,-15.622232
Cc1ccc(-c2c(-c3ccc(C)cc3)c(-c3ccc(C)cc3)n3c(c2-c2ccc(C)cc2)c(C=O)c2ccccc23)cc1,chromophore,-5.140623,-31.526037
Cc1ccc(-c2c3ccc(=[NH2+])cc-3n(C)c3cc(N(C)C)ccc23)cc1,chromophore,-1.2867607,-61.133224
Cc1ccc(-c2c3ccc(=[NH2+])cc-3oc3cc(N)ccc23)cc1,chromophore,-0.30796936,-67.89754
Cc1ccc(-c2c3ccc(=[NH2+])cc-3oc3cc(N4CCCCC4)ccc23)cc1,chromophore,-0.4434271,-70.696075
Cc1ccc(-c2c3ccc(=[NH2+])cc-3oc3cc(O)ccc23)cc1,chromophore,-0.06057793,-67.71875
Cc1ccc(-c2c3nc(c(-c4ccc(C)cc4)c4ccc([nH]4)c(-c4ccco4)c4nc(c(-c5ccc(C)cc5)c5ccc2[nH]5)C=C4)C=C3)cc1,chromophore,-15.067272,-11.655864
Cc1ccc(-c2c3nc(c(-c4ccc(C)cc4)c4ccc(s4)c(-c4ccc(C)cc4)c4nc(c(-c5ccc(C)cc5)c5ccc2s5)C=C4)C=C3)cc1,chromophore,-15.395299,-11.615543
Cc1ccc(-c2c3nc(c(-c4ccc(C)cc4)c4ccc(s4)c(-c4ccco4)c4nc(c(-c5ccc(C)cc5)c5ccc2[nH]5)C=C4)C=C3)cc1,chromophore,-15.061813,-11.663736
Cc1ccc(-c2c3nc(c(-c4ccco4)c4ccc([nH]4)c(-c4ccco4)c4nc(c(-c5ccco5)c5ccc2s5)C=C4)C=C3)cc1,chromophore,-15.063767,-11.661661
Cc1ccc(-c2cc(-c3ccc(N(C)C)cc3)c3c(N)nc(N4CCCC4)c(C#N)c3n2)cc1,chromophore,12.746828,-14.776331
Cc1ccc(-c2cc(-c3ccccc3)c(C#N)c(=S)[nH]2)cc1,chromophore,-13.722458,-9.180252
Cc1ccc(-c2cc(C)[o+]c(C)c2)cc1,chromophore,-17.644201,-9.974036
Cc1ccc(-c2ccc(/C=C/c3ccc(C#N)cc3)cn2)nc1,chromophore,8.70637,-5.10488
Cc1ccc(-c2ccc(/C=C/c3ccc(F)cc3)cn2)nc1,chromophore,-0.45101085,-0.65684813
Cc1ccc(-c2ccc(/C=C/c3cccs3)cn2)nc1,chromophore,-0.51213455,-0.65250367
Cc1ccc(-c2ccc(C(=O)NC(C)(C)C)c3c2ccc2c4ccccc4c4ccccc4c23)cc1,chromophore,-29.675287,-19.349918
Cc1ccc(-c2ccccc2)cc1,chromophore,-13.917533,-9.271441
Cc1ccc(-c2ccnc3nc(-c4cc(C(F)(F)F)cc(C(F)(F)F)c4)nn23)cc1,chromophore,-17.465014,-11.755495
Cc1ccc(-c2ccnc3ncnn23)cc1,chromophore,-16.795214,-11.23194
Cc1ccc(-c2cnc3nn4ccccc4c3n2)cc1,chromophore,-13.582746,-10.999706
Cc1ccc(-c2nc(-c3ccc(C#N)cc3)[nH]c2-c2ccc(C)cc2)cc1,chromophore,3.61121,-6.8004465
Cc1ccc(-c2nc(-c3ccc(O)cc3)[nH]c2-c2ccc(C)cc2)cc1,chromophore,-15.362841,-12.277553
Cc1ccc(-c2nc(N(C)C)sc2-c2ccc([N+](=O)[O-])s2)cc1,chromophore,18.454874,-5.0572176
Cc1ccc(-c2nc(N(c3ccccc3)c3ccccc3)sc2-c2ccc([N+](=O)[O-])s2)cc1,chromophore,34.261017,-35.534428
Cc1ccc(-c2nc(N3CCOCC3)sc2-c2ccc([N+](=O)[O-])s2)cc1,chromophore,18.374128,-4.9622555
Cc1ccc(-c2nc3c([nH]2)C2=CC(=O)S[C@]2(C)[C@@]2(C)SC(=O)C=C32)cc1,chromophore,-14.915755,-12.314958
Cc1ccc(-c2nc3nccc(-c4cc(C(F)(F)F)cc(C(F)(F)F)c4)n3n2)cc1,chromophore,-17.463549,-11.754977
Cc1ccc(-c2nc3nccc(-c4ccc(C)cc4)n3n2)cc1,chromophore,-16.791603,-11.3943815
Cc1ccc(-c2nc3nccc(-c4ccc(N(C)C)cc4)n3n2)cc1,chromophore,8.723498,-21.721857
Cc1ccc(-c2nnc3ccccn23)cc1,chromophore,-13.770737,-10.687543
Cc1ccc(-c2oc3cccc4c5c(-c6ccc(C)cc6)/c(=N/S(=O)(=O)C(F)(F)F)oc6cccc(c2c34)c65)cc1,chromophore,-28.232496,-20.54665
Cc1ccc(-c2oc3cccc4c5c(-c6ccc(C)cc6)c(=N)oc6cccc(c2c34)c65)cc1,chromophore,-28.290268,-20.58767
Cc1ccc(-c2sc(/C(C#N)=C/c3ccc(C#N)cc3)nc2-c2ccc(Cl)cc2)cc1,chromophore,10.84703,-10.267781
Cc1ccc(-n2c(-c3ccc(C(F)(F)F)cc3)nc(-c3ccccc3O)c2-c2ccccc2O)cc1,chromophore,-6.7426934,-10.807856
Cc1ccc(-n2c(-c3ccccc3[NH-])[nH+]c3c4ccccc4c4ccccc4c32)cc1,chromophore,-3.0226564,-31.947935
Cc1ccc(-n2c3ccccc3c3cc(/C=C(\C#N)C(=O)O)ccc32)cc1,chromophore,52.587944,19.736046
Cc1ccc(-n2c3ccccc3c3cc(C=C(C#N)C#N)ccc32)cc1,chromophore,45.449657,-13.405393
Cc1ccc(/C2=C3N=C(C(c4ccccc4)=C/3c3ccccc3)/C(c3ccc(C)cc3)=c3\[nH]/c(c(-c4ccccc4)c3-c3ccccc3)=C(/c3ccc(C)cc3)C3=N/C(=C(/c4ccc(C)cc4)c4[nH]c2c(-c2ccccc2)c4-c2ccccc2)C(c2ccccc2)=C3c2ccccc2)cc1,chromophore,-14.141854,-9.931486
Cc1ccc(/C2=C3\C=CC(=N3)/C(c3ccc(C)cc3)=c3/cc/c4[n]3[Zn][n]3c2ccc3/C(c2ccc(C)cc2)=C2C=C(/C=C/C=C(C(=O)O)C(=O)O)C(=N/2)C=4/c2ccc(C)cc2)cc1,chromophore,16.556652,72.88385
Cc1ccc(/C2=C3\C=CC(=N3)/C(c3ccc(C)cc3)=c3/cc/c4[n]3[Zn][n]3c2ccc3/C(c2ccc(C)cc2)=C2/C=C(c3ccc(/C=C(\C#N)C(=O)O)o3)C(=N2)/C=4c2ccc(C)cc2)cc1,chromophore,17.905396,72.49386
Cc1ccc(/C2=C3\C=CC(=N3)/C(c3ccc(C)cc3)=c3/cc/c4[n]3[Zn][n]3c2ccc3/C(c2ccc(C)cc2)=C2/C=C(c3ccc(C=C(C(=O)O)C(=O)O)o3)C(=N2)/C=4c2ccc(C)cc2)cc1,chromophore,17.04083,72.743324
Cc1ccc(/C2=C3\C=CC(=N3)/C(c3ccc(C)cc3)=c3/cc/c4[n]3[Zn][n]3c2ccc3/C(c2ccc(C)cc2)=C2/C=CC(=N2)/C=4c2ccc(-c3ccc(/C=C(\C#N)C(=O)O)o3)cc2)cc1,chromophore,17.919312,72.49112
Cc1ccc(/C2=c3/cc/c4[n]3[Zn][n]3c(ccc3/C(c3ccc(/C=C(\C#N)C(=O)O)s3)=C3/C=CC2=N3)/C(c2ccc(C)s2)=C2/C=CC(=N2)\C=4c2ccc(C)s2)s1,chromophore,19.001625,72.46733
Cc1ccc(/C2=c3\cc/c(o3)=C(\c3ccc(C)cc3)c3ccc([nH]3)-c3ccc4n3[P-](=O)(=O)[N+]3=C(C=CC3=C4c3cccs3)c3ccc2[nH]3)cc1,chromophore,-15.535331,-10.116005
Cc1ccc(/C=C(\c2ccccc2)c2nc3ccccc3o2)cc1,chromophore,0.92910296,-20.108618
Cc1ccc(/C=C/c2cc(C)c3n2[B-](F)(F)[N+]2=CC=CC2=C3)c(C)c1,chromophore,-89.93931,-14.245212
Cc1ccc(/C=C/c2cc(C)c3n2[B-](F)(F)[N+]2=CC=CC2=C3)cc1F,chromophore,-91.04114,-16.79961
Cc1ccc(/C=C/c2cc(C)c3n2[B-](F)(F)[N+]2=CC=CC2=C3)cc1[N+](=O)[O-],chromophore,-86.337715,-14.417365
Cc1ccc(/C=C/c2cc(C)c3n2[B-](F)(F)[N+]2=CC=CC2=C3)s1,chromophore,-90.406944,-13.109761
Cc1ccc(/C=C/c2ccccc2-[n+]2cc([O-])on2)cc1,chromophore,-1.5519919,-1.7346935
Cc1ccc(/C=C/c2nc(-c3ccc(C)cc3)[nH]c2/C=C/c2ccc(C)cc2)cc1,chromophore,-0.36016443,-2.0130296
Cc1ccc(/C=C/c2nc(-c3cccc([N+](=O)[O-])c3)[nH]c2/C=C/c2ccc(C)cc2)cc1,chromophore,4.743812,15.375073
Cc1ccc(/C=C/c2nc(-c3ccccc3)[nH]c2/C=C/c2ccc(C)cc2)cc1,chromophore,-0.48118657,-2.0703418
Cc1ccc(/C=N/c2cc(C(C)C)c(O)cc2C)cc1,chromophore,-18.434057,14.888594
Cc1ccc(/N=C2/C3=c4[nH]c5ccccc5c4=[N+](c4ccc(C)cc4)[B-](F)(F)N3c3ccccc32)cc1,chromophore,-41.76835,-57.264935
Cc1ccc(/N=C2\N=C(N)c3cccc4cccc2c34)cc1,chromophore,-19.792425,-20.673904
Cc1ccc(C#Cc2c3cc4ccccc4cc3c(C#C[Si](C(C)C)(C(C)C)C(C)C)c3cc4ccccc4cc23)cc1,chromophore,-10.31754,-28.715979
Cc1ccc(C#Cc2ccc3ccc(=O)oc3c2)cc1,chromophore,-30.801313,-30.549126
Cc1ccc(C(=O)/C=C2\C(=O)Nc3ccccc32)cc1,chromophore,-18.003216,2.039849
Cc1ccc(C(=O)/C=C2\C(=O)Nc3ccccc32)cc1C,chromophore,-18.024137,1.9900192
Cc1ccc(C(=O)/N=c2\oc3cccc4c5c(-c6ccccc6)oc6cccc(c(c2-c2ccccc2)c34)c65)cc1,chromophore,-29.036915,-20.931664
Cc1ccc(C(=O)Nc2ccc(C(=O)/C=C/c3ccc(N(C)CCO)cc3)cc2)c(Cl)n1,chromophore,-63.713593,-31.40626
Cc1ccc(C(=O)Nc2ccc(C(=O)/C=C/c3ccc(N(C)CCO)cc3)cc2)cc1,chromophore,-64.65429,-30.21401
Cc1ccc(C(=O)Nc2ccc(C(=O)/C=C/c3ccc(N(C)CCO)cc3)cc2)cc1F,chromophore,-65.290955,-31.171764
Cc1ccc(C(=O)Nc2ccc(C(=O)/C=C/c3ccc(N(C)CCO)cc3)cc2)o1,chromophore,-65.67801,-29.958647
Cc1ccc(C(=O)OCc2c(C)c(=O)n3c(=O)c(C)c(C)n23)cc1,chromophore,-18.26133,29.82142
Cc1ccc(C(=O)[O-])c(O)c1,chromophore,-17.089922,15.059107
Cc1ccc(C(c2ccc(C)cc2)c2ccc(N3c4ccc(/C=C(\C#N)C(=O)O)cc4Sc4cc(-c5ccc(N(c6ccccc6)c6cccc7ccccc67)cc5)ccc43)cc2)cc1,chromophore,49.78706,12.43042
Cc1ccc(C)cc1,chromophore,-19.17667,-10.699626
Cc1ccc(C2(c3ccc(C)cc3)c3cc(-c4ccc(C=C(C#N)C(=O)O)s4)cc4c3N3c5c2cc(-c2ccc(C=C(C#N)C(=O)O)s2)cc5C(c2ccc(C)cc2)(c2ccc(C)cc2)c2cc(-c5ccc(C=C(C#N)C(=O)O)s5)cc(c23)C4(c2ccc(C)cc2)c2ccc(C)cc2)cc1,chromophore,49.29125,24.411901
Cc1ccc(C2(c3ccc(C)cc3)c3cccc4c3N3c5c2cccc5C(c2ccc(C)cc2)(c2ccc(C)cc2)c2cc(-c5ccc(/C=C(\C#N)C(=O)O)cc5)cc(c23)C4(c2ccc(C)cc2)c2ccc(C)cc2)cc1,chromophore,51.308983,17.248701
Cc1ccc(C2=C(c3ccc(C)cc3)C3=Cc4ccccc4NB3OB3Nc4ccccc4C=C32)cc1,chromophore,-14.927381,-9.412685
Cc1ccc(C2=C(c3ccc(C)cc3)c3cccc4c3c(cc3nc5ccccc5nc34)O2)cc1,chromophore,-15.412408,-15.501658
Cc1ccc(C2=C3C=C(I)C=[N+]3[B-](F)(F)n3cc(I)cc32)cc1,chromophore,-36.929058,-63.562294
Cc1ccc(C2=C3C=C(I)C=[N+]3[B-](F)(F)n3cccc32)cc1,chromophore,-36.895542,-63.28519
Cc1ccc(C2=C3C=CC(/C=C/c4ccccc4)=[N+]3[B-](F)(F)n3c(/C=C/c4ccccc4)ccc32)cc1,chromophore,-42.619003,-66.662735
Cc1ccc(C2=C3C=CC(/C=C/c4ccccc4)=[N+]3[B-](F)(F)n3c(Cl)ccc32)cc1,chromophore,-42.57269,-66.60342
Cc1ccc(C2=C3C=CC(Cl)=[N+]3[B-](F)(F)n3c(Cl)ccc32)cc1,chromophore,-37.2085,-63.633415
Cc1ccc(C2=C3C=CC(N(Cc4ccccc4)Cc4ccccc4)=[N+]3[B-](F)(F)n3cccc32)cc1,chromophore,-36.89522,-62.023697
Cc1ccc(C2=C3C=CC(N4CCOCC4)=[N+]3[B-](F)(F)n3c2ccc3-n2cnc3ccccc32)cc1,chromophore,-37.759914,-62.618717
Cc1ccc(C2=C3C=CC(Sc4ccccc4)=[N+]3[B-](F)(F)n3c(Sc4ccccc4)ccc32)cc1,chromophore,-37.00029,-62.12162
Cc1ccc(C2=C3C=CC([Te]c4ccccc4)=[N+]3[B-](F)(F)n3c([Te]c4ccccc4)ccc32)cc1,chromophore,-37.007317,-62.129837
Cc1ccc(C2=C3C=CC(n4cc(I)cn4)=[N+]3[B-](F)(F)n3c2ccc3-n2cc(I)cn2)cc1,chromophore,-37.26595,-63.41669
Cc1ccc(C2=C3C=CC(n4ncc5ccccc54)=[N+]3[B-](F)(F)n3c2ccc3-n2ncc3ccccc32)cc1,chromophore,-37.529957,-62.579063
Cc1ccc(C2=C3C=CC4=[N+]3[B-](F)(F)n3c2ccc3-c2ccc([nH]2)/C(c2ccc(C)cc2)=c2/cc/c(o2)=C(\c2ccc(C)cc2)c2ccc4[nH]2)cc1,chromophore,-37.249256,-63.584248
Cc1ccc(C2=C3C=CC=[N+]3[B-](F)(F)n3c2ccc3N2CCC(N3CCCCC3)CC2)cc1,chromophore,-36.205414,-64.362305
Cc1ccc(C2=C3C=CC=[N+]3[B-](F)(F)n3c2ccc3N2CCOCC2)cc1,chromophore,-36.2916,-64.27739
Cc1ccc(C2=C3C=CC=[N+]3[B-](F)(F)n3cccc32)cc1,chromophore,-36.60802,-63.35813
Cc1ccc(C2=Cc3ccc4ccccc4[n+]3[B-](F)(F)O2)cc1,chromophore,-21.531422,-32.05081
Cc1ccc(C2=Nc3cccc4[n+]3[B-](F)(O2)OC(c2ccc(C)cc2)=N4)cc1,chromophore,-15.634228,-10.005514
Cc1ccc(C2=[N+]3C(=Cc4c(C)cc(C)n4[B-]3(F)F)c3ccccc32)[nH]1,chromophore,-41.038464,-58.1513
Cc1ccc(C2=[N+]3C(=Cc4ccc(C)n4[B-]3(F)F)c3ccccc32)[nH]1,chromophore,-40.859985,-57.94704
Cc1ccc(C2C(C#N)=C(N)n3c(=O)c4ccccc4c(=O)n32)cc1,chromophore,0.5044998,-6.980949
Cc1ccc(F)c(C(=O)Nc2ccc(C(=O)/C=C/c3ccc(N(C)CCO)cc3)cc2)c1Cl,chromophore,-64.313515,-32.184586
Cc1ccc(N(/C2=c3/cc/c4[n]3[Zn][n]3c(ccc3/C(N(c3ccc(C)cc3)c3ccc(C)cc3)=C3/C=CC(=N3)\C=4c3ccc(C(=O)O)cc3)/C(c3c(C)cc(C)cc3C)=C3/C=CC2=N3)c2ccc(C)cc2)cc1,chromophore,15.23783,73.17641
Cc1ccc(N(C)C)cc1C1=C2C=CC(=[N+](C)C)C=C2[Si](C)(C)c2cc(N(C)C)ccc21,chromophore,14.23161,-19.583164
Cc1ccc(N(c2ccc(-c3ccc(C=C(C#N)C(=O)O)s3)cc2)c2ccc(-c3ccc(C=C(C#N)C(=O)O)s3)cc2)c(C)c1,chromophore,63.99984,13.410274
Cc1ccc(N(c2ccc(C)cc2)c2ccc(-c3c4ccccc4c(-c4ccc(N(c5ccc(C)cc5)c5ccc(C)cc5)cc4)c4nsnc34)cc2)cc1,chromophore,22.422272,-39.112408
Cc1ccc(N(c2ccc(C)cc2)c2ccc(-c3ccc(-c4ccc(/C=C(\C#N)C(=O)O)cc4)cc3)cc2)cc1,chromophore,55.84123,12.807944
Cc1ccc(N(c2ccc(C)cc2)c2ccc(-c3ccc(-c4ccc(/C=C(\C#N)c5ccc(C(=O)O)cc5)s4)s3)cc2)cc1,chromophore,76.51998,-24.674517
Cc1ccc(N(c2ccc(C)cc2)c2ccc(-c3ccc(-c4ccc(/C=C(\C#N)c5ccc(C(=O)O)cc5)s4)s3)s2)cc1,chromophore,76.53072,-24.66812
Cc1ccc(N(c2ccc(C)cc2)c2ccc(-c3ccc(-c4ccc(C#N)nc4)c4nccnc34)cc2)cc1,chromophore,22.065311,-39.526485
Cc1ccc(N(c2ccc(C)cc2)c2ccc(-c3ccc(-c4ccncc4)c4nsnc34)cc2)cc1,chromophore,22.183443,-39.44871
Cc1ccc(N(c2ccc(C)cc2)c2ccc(-c3ccc4c(c3)C(=O)c3cc(-c5ccc(-c6ccc(/C=C(\C#N)C(=O)O)s6)s5)ccc3-4)cc2)cc1,chromophore,64.17606,13.543107
Cc1ccc(N(c2ccc(C)cc2)c2ccc(-n3cc(SC#N)c4cc(-c5cc(C)c(/C=C(\C#N)C(=O)O)s5)ccc43)cc2)cc1,chromophore,59.694233,16.915596
Cc1ccc(N(c2ccc(C)cc2)c2ccc(/C=C/c3ccc(Nc4ncc(/C=C(\C#N)C(=O)O)cn4)c4nn(C)nc34)cc2)cc1,chromophore,56.331356,8.333997
Cc1ccc(N(c2ccc(C)cc2)c2ccc(C3=Cc4ccc(/C=C(/C#N)C(=O)O)cc4C3)cc2)cc1,chromophore,55.875137,12.8401
Cc1ccc(N(c2ccc(C)cc2)c2ccc(C=Cc3ccc(/C=C(\C#N)C(=O)O)s3)cc2)cc1,chromophore,56.543976,8.8346195
Cc1ccc(N(c2ccc(C)cc2)c2ccc(C=Cc3ccc(/C=C/c4ccc(C=C(C#N)C(=O)O)s4)s3)cc2)cc1,chromophore,56.543747,8.834494
Cc1ccc(N(c2ccc(C)cc2)c2ccc(C=Cc3sc(C=C(C#N)C(=O)O)c4c3OCCO4)cc2)cc1,chromophore,56.540787,9.004242
Cc1ccc(N(c2ccc(C)cc2)c2ccc3c(c2)C(c2ccc(C)cc2)(c2ccc(C)cc2)c2cc(-c4c(F)c(F)c(-c5ccc(C(=O)O)cc5)c5nsnc45)sc2-3)cc1,chromophore,24.488651,-24.717957
Cc1ccc(N(c2ccc(C)cc2)c2ccc3c(c2)C(c2ccc(C)cc2)(c2ccc(C)cc2)c2cc(-c4ccc(-c5ccc(C(=O)O)cc5)c5nsnc45)sc2-3)cc1,chromophore,24.49001,-24.719269
Cc1ccc(N(c2ccccc2)c2ccc(-c3ccc(-c4ccc(/C=C(\C#N)C(=O)O)s4)s3)cc2)cc1,chromophore,63.359005,13.505003
Cc1ccc(N/C=C/C=[NH+]c2ccc(C)cc2)cc1,chromophore,-19.200686,-10.541366
Cc1ccc(N2c3cc(-c4ccc(C=C5C(=O)NC(=S)NC5=O)s4)ccc3C3CCCC32)cc1,chromophore,35.029465,49.83489
Cc1ccc(N2c3ccc(-c4cc5sc6cc(C=C(C#N)C(=O)O)sc6c5s4)cc3C3CCCC32)cc1,chromophore,40.227665,49.046043
Cc1ccc(N2c3ccc(-c4ccc(-c5ccc(/C=C(/C#N)C(=O)O)s5)c5nc(-c6ccccc6)c(-c6ccccc6)nc45)cc3C3CCCC32)cc1,chromophore,40.715668,50.222607
Cc1ccc(N2c3ccc(-c4ccc(-c5ccc(/C=C(\C#N)C(=O)O)cc5)c5nc(-c6ccc(C)s6)c(-c6ccc(C)s6)nc45)cc3C3CCCC32)cc1,chromophore,40.144756,50.3121
Cc1ccc(N2c3ccc(-c4ccc(-c5ccc(/C=C(\C#N)C(=O)O)cc5)c5nccnc45)cc3C3CCCC32)cc1,chromophore,39.671307,50.28173
Cc1ccc(N2c3ccc(-c4ccc(-c5ccc(/C=C(\C#N)C(=O)O)cc5)c5nccnc45)cc3[C@@H]3CCC[C@@H]32)cc1,chromophore,39.671307,50.28173
Cc1ccc(N2c3ccc(-c4ccc(-c5ccc(/C=C(\C#N)C(=O)O)cc5)c5nsnc45)cc3[C@@H]3CCC[C@@H]32)cc1,chromophore,39.833042,50.446945
Cc1ccc(N2c3ccc(-c4ccc(-c5ccc(/C=C(\C#N)C(=O)O)s5)c5nc(-c6ccccc6)c(-c6ccccc6)nc45)cc3[C@@H]3CCC[C@@H]32)cc1,chromophore,40.715668,50.222607
Cc1ccc(N2c3ccc(-c4ccc(-c5ccc(/C=C(\C#N)C(=O)O)s5)c5nn(C)nc45)cc3C3CCCC32)cc1,chromophore,40.553516,49.927345
Cc1ccc(N2c3ccc(-c4ccc(-c5ccc(C=C(C#N)C(=O)O)s5)c5nc(-c6ccccc6)c(-c6ccccc6)nc45)cc3C3CCCC32)cc1,chromophore,40.715668,50.222607
Cc1ccc(N2c3ccc(-c4ccc(/C=C/c5ccc(C=C(C#N)C(=O)O)s5)s4)cc3[C@@H]3CCC[C@H]32)cc1,chromophore,40.161102,49.054474
Cc1ccc(N2c3ccc(-c4ccc(C#Cc5ccc(C(=O)O)cc5)c5nsnc45)cc3C3CCCC32)cc1,chromophore,37.99417,52.49472
Cc1ccc(N2c3ccc(-c4ccc(C#Cc5ccc(C(=O)O)cc5)c5nsnc45)cc3[C@@H]3CCC[C@@H]32)cc1,chromophore,37.99417,52.49472
Cc1ccc(N2c3ccc(-c4ccc(C=C5C(=O)NC(=O)NC5=O)s4)cc3C3CCCC32)cc1,chromophore,35.050163,49.830185
Cc1ccc(N2c3ccc(-c4sc(-c5ccc(/C=C(\C#N)C(=O)O)s5)c5c4OCCO5)cc3[C@@H]3CCC[C@@H]32)cc1,chromophore,40.223576,49.10697
Cc1ccc(N2c3ccc(/C=C/C4=CC(=C(\C#N)C(=O)O)/CCC4)cc3C3CCCC32)cc1,chromophore,38.641182,49.585655
Cc1ccc(N2c3ccc(/C=C/c4ccc(C=C(C#N)C(=O)O)s4)cc3[C@@H]3CCC[C@H]32)cc1,chromophore,39.20238,49.419167
Cc1ccc(N2c3ccc(/C=C/c4ccc(Nc5ncc(/C=C(\C#N)C(=O)O)cn5)c5nn(C)nc45)cc3C3CCCC32)cc1,chromophore,38.73218,50.02129
Cc1ccc(N2c3ccc(/C=C/c4ccc(Nc5ncc(/C=C(\C#N)C(=O)O)cn5)cc4)cc3C3CCCC32)cc1,chromophore,38.716774,49.96297
Cc1ccc(N2c3ccc(/C=C/c4ccc(Nc5ncc(/C=C(\C#N)C(=O)O)cn5)cc4C#N)cc3C3CCCC32)cc1,chromophore,38.690075,49.99721
Cc1ccc(N2c3ccc(C=C(C#N)C(=O)O)cc3[C@@H]3CCC[C@H]32)cc1,chromophore,38.94783,49.449673
Cc1ccc(N2c3ccc(C=Cc4ccc(C=C(C#N)C(=O)O)s4)cc3C3CCCC32)cc1,chromophore,39.20238,49.419167
Cc1ccc(N[C@@H](C2=C(O)C(=O)c3ccccc3C2=O)c2ccc(Br)cc2)cc1,chromophore,-16.53537,-1.246816
Cc1ccc(O)c(-c2[nH]c(=O)n3c2-c2ccccc2C3=O)c1,chromophore,-18.171764,0.7207939
Cc1ccc(O)c(-c2nc(C)c3n2CCCC3)c1,chromophore,-25.05395,-0.4468263
Cc1ccc(O)c(C(=O)[O-])c1,chromophore,-17.09976,15.067322
Cc1ccc(S(=O)(=O)/N=C/C2=Cc3c(-c4ccccc4)oc(-c4ccccc4)c3C=C(/C=N/S(=O)(=O)c3ccc(C)cc3)C2)cc1,chromophore,-19.368092,-7.070411
Cc1ccc(S(=O)(=O)/N=c2/cc3ccccc3cn2-c2ccc(Br)cc2)cc1,chromophore,-49.966324,-35.42334
Cc1ccc(S(=O)(=O)/N=c2/cc3ccccc3cn2-c2ccc(C)c(C)c2)cc1,chromophore,-49.98174,-35.40862
Cc1ccc(S(=O)(=O)/N=c2/cc3ccccc3cn2-c2ccc(CCC(=O)O)cc2)cc1,chromophore,-50.261856,-35.990326
Cc1ccc(S(=O)(=O)/N=c2/cc3ccccc3cn2-c2ccc(Cl)cc2)cc1,chromophore,-50.342846,-34.827183
Cc1ccc(S(=O)(=O)/N=c2/cc3ccccc3cn2-c2ccc(Cl)cc2C)cc1,chromophore,-50.37928,-34.76434
Cc1ccc(S(=O)(=O)/N=c2/cc3ccccc3cn2-c2ccc(I)cc2)cc1,chromophore,-49.981754,-35.422016
Cc1ccc(S(=O)(=O)/N=c2/cc3ccccc3cn2-c2cccc(Cl)c2)cc1,chromophore,-50.31635,-34.872086
Cc1ccc(S(=O)(=O)/N=c2/cc3ccccc3cn2-c2ccccn2)cc1,chromophore,-49.896873,-35.359894
Cc1ccc(S(=O)(=O)Nc2c(/C=C/c3ccccc3)sc(-c3ccc(N(C)C)s3)c2-c2cccnc2)cc1,chromophore,17.698862,-9.882087
Cc1ccc(S(=O)(=O)Nc2cc(-c3ccc(N(C)C)cc3)sc2/C=C/c2ccccc2)cc1,chromophore,17.730349,-9.927801
Cc1ccc2/c(=C/c3ccc(N(C)C)cc3)o/c(=C\c3ccccc3)c2c1,chromophore,18.159975,-16.171913
Cc1ccc2c(c1)C1(c3ccccc3-c3ccccc31)c1cc(C)ccc1N2c1ccc(-c2nc(-c3ccccc3)cc(-c3ccccc3)n2)cc1,chromophore,10.732696,4.033529
Cc1ccc2c(c1)C1(c3ccccc3-c3ccccc31)c1cc(C)ccc1N2c1ccc2c(c1)Sc1ccccc1P2(=O)c1ccccc1,chromophore,7.952489,6.8964233
Cc1ccc2c(c1)N(Cc1ccccc1)B1C(=C2)C(c2ccccc2)=C(c2ccccc2)c2ccccc21,chromophore,-13.809342,-7.7277794
Cc1ccc2c(c1)c1ccc(C(C)(C)C)cc1n[n+]2-c1cccc(C(C)(C)C)c1,chromophore,-6.366944,-43.86499
Cc1ccc2c(c1)n(C)c(-c1ccc(-c3ccc(-c4ccc(-c5n(C)c6cc(C)ccc6[n+]5C)cc4)cc3)cc1)[n+]2C,chromophore,-17.404846,-9.985025
Cc1ccc2c3ccc(C(C)(C)C)cc3n[n+](-c3cccc(C(C)(C)C)c3)c2c1,chromophore,-6.3375278,-43.87703
Cc1ccc2c3ccccc3c3cc4ccccc4n3c2c1,chromophore,-3.1213677,-31.275352
Cc1ccc2cc(C)ccc2c1,chromophore,-19.518213,-12.2101
Cc1ccc2cc3c(=O)n(C)c(=O)n(C)c3nc2c1,chromophore,-12.153605,33.854225
Cc1ccc2cc3c4ccc(-c5ccc(-c6ccc(/C=C(\C#N)C(=O)O)s6)s5)cc4c4ccccc4n3c2c1,chromophore,53.0049,25.863792
Cc1ccc2cc3cc(C)ncc3cc2c1,chromophore,-19.475746,-11.914168
Cc1ccc2ccc3c(C)ccc4ccc1c2c43,chromophore,-20.454855,-13.404875
Cc1ccc2ccc3cccc4ccc1c2c34,chromophore,-18.474419,-23.555698
Cc1ccc2ccccc2c1,chromophore,-19.175657,-12.714366
Cc1ccc2nc(-c3cc(-c4ccc(Cl)cc4)n(-c4ccccc4)n3)c(NC(C)(C)C)n2c1,chromophore,-50.024815,-9.58868
Cc1ccc2nc(-c3cccc4nc(C)[nH]c(=O)c34)[nH]c2c1,chromophore,-20.037642,-4.6911597
Cc1ccc2nc(/C=C/c3ccc(N(C)C)cc3)c(-c3ccccc3)nc2c1,chromophore,19.356586,-13.302165
Cc1ccc2nc3cc4c5c(cccc5c3nc2c1)C(c1ccccc1)=C(c1ccccc1)O4,chromophore,-15.504068,-15.402082
Cc1ccc2nnn(-c3c(C#N)c4c(N)ncnc4n3[C@H]3C[C@H](O)[C@@H](CO)O3)c2c1,chromophore,-36.515392,48.17918
Cc1cccc(-c2c3ccccc3cc3ccccc23)n1,chromophore,-11.013114,-25.505783
Cc1cccc(-c2cnc3ccc4ccccc4n23)c1,chromophore,-3.5089407,-24.807537
Cc1cccc(-c2coc3cc(O)ccc3c2=O)c1,chromophore,-32.163002,-28.307293
Cc1cccc(/C=C/c2cc(C)c3n2[B-](F)(F)[N+]2=CC=CC2=C3)c1C,chromophore,-90.57036,-15.091503
Cc1cccc(/C=C/c2cc(C)c3n2[B-](F)(F)[N+]2=CC=CC2=C3)n1,chromophore,-90.90893,-15.102215
Cc1cccc(C(=O)Nc2ccc(C(=O)/C=C/c3ccc(N(C)CCO)cc3)cc2)c1,chromophore,-64.212135,-30.33664
Cc1cccc(C(=O)Nc2ccc(C(=O)/C=C/c3ccc(N(C)CCO)cc3)cc2)c1C,chromophore,-64.15672,-30.303596
Cc1cccc(C)c1-c1cc2c(C)c3c4ccc5nc6c(ccc7c8c(C)c9cc(-c%10c(C)cccc%10C)c(-c%10c(C)cccc%10C)cc9c(C)c8c76)nc5c4c3c(C)c2cc1-c1c(C)cccc1C,chromophore,-11.130362,-25.93261
Cc1cccc(C)c1/C=C/c1cc(C)c2n1[B-](F)(F)[N+]1=CC=CC1=C2,chromophore,-90.67966,-15.196138
Cc1cccc(C)c1Nc1ccc(/C=C/c2ccccc2)cc1,chromophore,-2.898743,-1.6339823
Cc1cccc(C2=C(c3cccc(C)c3)C3=Cc4ccccc4NB3OB3Nc4ccccc4C=C32)c1,chromophore,-14.894248,-8.827404
Cc1cccc(N(c2ccc(/C=C/C=C/C=C3\SC(=S)N(CC(=O)O)C3=O)cc2)c2ccc(C)c(C)c2)c1,chromophore,24.476753,43.572395
Cc1cccc(N(c2ccccc2)c2ccc(-c3ccc(C=C(C#N)C(=O)O)cc3)cc2)c1,chromophore,55.567646,12.9653225
Cc1cccc2[n+]1[B-](c1ccccc1)(c1ccccc1)c1cccc3c4c5c(cccc5c-2c13)[B-](c1ccccc1)(c1ccccc1)[n+]1c(C)cccc1-4,chromophore,-7.234245,-21.097525
Cc1cccc2c3ccccc3n(-c3ccc(-c4c(-c5ccccc5)c(C#N)c(C#N)c(-c5ccccc5)c4-c4ccc(-n5c6ccccc6c6cccc(C)c65)cc4)cc3)c12,chromophore,2.4017217,-30.095629
Cc1cccc2nc(-c3cc(-c4ccc(Cl)cc4)n(-c4ccccc4)n3)c(NC(C)(C)C)n12,chromophore,-49.963684,-9.643776
Cc1cccc2nc(-c3ccc(-c4cc(=O)cc(-c5ccccc5)o4)cc3)c(NC3CCCCC3)n12,chromophore,-25.15926,-12.61513
Cc1ccccc1-c1c2ccc(=[N+]3CCN(C(=O)OC(C)(C)C)CC3)cc-2oc2cc(N3CCN(C(=O)OC(C)(C)C)CC3)ccc12,chromophore,-1.5481158,-73.61887
Cc1ccccc1-c1coc2cc(O)ccc2c1=O,chromophore,-31.523695,-28.273232
Cc1ccccc1/C=C/c1cc(C)c2n1[B-](F)(F)[N+]1=CC=CC1=C2,chromophore,-90.20649,-15.033047
Cc1ccccc1C1=C2C=CC(=[N+](C)C)C=[C]2[Ge]([CH3])([CH3])[c]2cc(N(C)C)ccc21,chromophore,14.127472,-19.146076
Cc1ccccc1C1=C2C=c3c(oc4c3ccc3ccccc34)=[N+]2[B-](F)(F)n2c1cc1c3ccc4ccccc4c3oc12,chromophore,-43.260887,-57.418602
Cc1ccccc1C1=C2C=c3c(oc4ccc(C(C)(C)C)cc34)=[N+]2[B-](F)(F)n2c1cc1c3cc(C(C)(C)C)ccc3oc12,chromophore,-42.885704,-57.976223
Cc1ccccc1C1=C2C=c3c(oc4ccccc34)=[N+]2[B-](F)(F)n2c1cc1c3ccccc3oc12,chromophore,-42.7477,-57.67968
Cc1ccccc1C1=c2cc3c(cc2[Si](C)(C)c2cc4c(cc21)CCCN4C)=[N+](C)CCC3,chromophore,-7.4919696,3.8388708
Cc1ccccc1C1=c2cc3c(cc2[Si](C)(C)c2cc4c(cc21)CCN4C)=[N+](C)CC3,chromophore,-7.485483,3.8184638
Cc1ccccc1CN(Cc1ccccc1C)c1nc(C#N)c(N(Cc2ccccc2C)Cc2ccccc2C)nc1C#N,chromophore,2.4163344,-10.2264805
Cc1ccccc1N(c1ccc(C(C)(C)C)cc1)c1ccc2ccc3c(N(c4ccc(C(C)(C)C)cc4)c4ccccc4C)ccc4ccc1c2c43,chromophore,19.062777,-36.263107
Cc1ccccc1N1c2sc3ccccc3c2Sc2sc3ccccc3c21,chromophore,-3.2458336,-20.711216
Cc1ccccc1Oc1ccc2c3c(cccc13)C(=O)N(CCO)C2=O,chromophore,19.759827,30.8375
Cc1ccccc1[B-]1(c2ccccc2C)n2nc(C(F)(F)F)cc2-c2c3ccccc3cc[n+]21,chromophore,-6.1767488,-28.083208
Cc1cccn2c1cc1c3ccccc3nc(-c3cccs3)c12,chromophore,-4.916459,-23.248228
Cc1ccn2c(NC(C)(C)C)c(-c3cc(-c4ccc(Cl)cc4)n(C)n3)nc2c1,chromophore,-50.615356,-9.289272
Cc1ccn2c3c(c(-c4ccc(C#N)cc4)c2c1)CN(CCNC(=O)OC(C)(C)C)C3=O,chromophore,-78.281746,0.40064162
Cc1ccnc(-c2cc(/C=C/c3ccc(N4CCCC4)cc3)ccn2)c1,chromophore,-2.8274422,4.9834485
Cc1cn(CCCn2cc(C)c(=O)[nH]c2=O)c(=O)nc1-n1cncn1,chromophore,-13.357668,34.290573
Cc1cn2cc(-c3ccc(C#N)cc3)[n-][n+]2c1,chromophore,4.4622264,-6.8508987
Cc1csc(C)c1C1=C(c2c(C)sc(-c3ccc(-c4nc(-c5ccccc5)c(-c5ccccc5)[nH]4)cc3)c2C)C(F)(F)C(F)(F)C1(F)F,chromophore,-13.062185,-12.358266
Cc1nc(-c2cc(N)ccc2O)n2c1CCCC2,chromophore,-25.141047,-0.500298
Cc1nc(-c2ccc(-n3c4ccccc4c4ccccc43)cc2)cc(-c2ccc(-n3c4ccccc4c4ccccc43)cc2)n1,chromophore,1.5964168,-35.716694
Cc1nc(-c2ccccc2O)n2c1CCCC2,chromophore,-7.613767,5.3146725
Cc1nc2c(-c3ccc(/C=C(\C#N)C(=O)O)s3)ccc(-c3ccc(N(c4ccccc4)c4ccccc4)cc3)c2s1,chromophore,64.03203,16.458138
Cc1nc2c(ccc3c2sc(/C=C/c2cc4c5c(c2)CCCN5CCC4)[n+]3C)s1,chromophore,-3.5735724,4.7853985
Cc1nc2c(ccc3c2sc(/C=C/c2ccc(N(CCO)CCO)cc2)[n+]3C)s1,chromophore,24.775747,-14.348928
Cc1nc2c(ccc3c2sc(/C=C/c2ccc(N4CCN(C)CC4)cc2)[n+]3C)s1,chromophore,-3.3716571,4.7464666
Cc1nc2c(ccc3ccc(N(C)C)cc32)oc1=O,chromophore,13.669985,-24.422386
Cc1nc2cc3c4c(cccc4c2o1)C(=O)OC3=O,chromophore,-26.37994,-26.873177
Cc1nc2ccc(/C=C/c3ccc(N(C)C)cc3)cc2nc1-c1ccccc1,chromophore,19.396557,-13.366717
Cc1nc2cccc(-c3nc4ccc([N+](=O)[O-])cc4[nH]3)c2c(=O)[nH]1,chromophore,2.5530334,15.060783
Cc1nc2cccc(-c3nc4ccccc4[nH]3)c2c(=O)[nH]1,chromophore,-20.01542,-4.6357594
Cc1nn(-c2ccccc2)c2c1c(=O)oc1ccc(-n3c4ccccc4c4cc(-n5c6ccccc6c6ccccc65)ccc43)cc12,chromophore,-1.1576664,-33.888775
Cc1nnc(-c2cc(-c3nnc(C)o3)c(-n3c4ccccc4c4ccccc43)cc2-n2c3ccccc3c3ccccc32)o1,chromophore,-1.6844866,-34.299232
Cc1oc(-c2ccccc2)nc1C(=O)O,chromophore,-32.604084,6.9111094
Cc1sc(/C=C/c2ccc(N(c3ccccc3)c3ccccc3)cc2)cc1C1=C(c2cc(C(=O)O)sc2C)CCC1,chromophore,34.221687,-18.29065
Cc1sc(Cl)cc1-c1nc(-c2ccc(Cl)cc2)[nH]c1-c1cc(Cl)sc1C,chromophore,-41.751163,-5.738815
ClP1(Cl)=N[P@@](Cl)(Oc2ccc3ccc4cccc5ccc2c3c45)=N[P@@](Cl)(Oc2ccc3ccc4cccc5ccc2c3c45)=N1,chromophore,-17.18062,-25.299974
Clc1cc(Cl)c([C](c2c(Cl)cc(Cl)cc2Cl)c2c(Cl)cc(-n3c4ccccc4c4ccccc43)cc2Cl)c(Cl)c1,chromophore,0.75492764,-31.064249
Clc1ccc(-c2cccc3cnc(-c4ccccc4)n23)cc1,chromophore,-47.821846,-11.046473
Clc1ccc(/C=C/N(c2ccccc2)c2ccccc2)cc1,chromophore,30.57267,-18.662266
Clc1ccc(C2=C(c3ccc(Cl)cc3)C3=Cc4ccccc4NB3OB3Nc4ccccc4C=C32)cc1,chromophore,-17.387568,-6.3654304
Clc1ccc(C2=C(c3ccc(Cl)cc3)c3ccc4c5c(ccc(c35)O2)OC(c2ccc(Cl)cc2)=C4c2ccc(Cl)cc2)cc1,chromophore,-17.153187,-6.559866
Clc1ccc2c(c1)c1ccccc1c1nc3ccccc3n21,chromophore,-3.8502135,-28.112295
Clc1ccc2cc3cccc[n+]3cc2c1,chromophore,-44.846165,-2.8316836
Clc1ccccc1N1c2sc3ccccc3c2Sc2sc3ccccc3c21,chromophore,-3.1155066,-20.691566
Cn1c(-c2ccc(-c3ccc(-c4ccc(-c5n(C)c6ccccc6[n+]5C)cc4)cc3)cc2)[n+](C)c2ccccc21,chromophore,-11.633612,-9.892795
Cn1c(=O)/c(=C/c2ccc(-c3ccc(N(c4ccccc4)c4ccccc4)cc3)s2)s/c1=C(\C#N)C(=O)O,chromophore,73.31415,-24.779835
Cn1c(=O)c(/N=N/c2ccc(Nc3ccc([N+](=O)[O-])cc3S(=O)(=O)O)cc2)c(O)c2ccccc21,chromophore,2.4108992,18.381287
Cn1c(=O)c2c(nc(/C=C/C(=O)OC(C)(C)C)n2C)n(C)c1=O,chromophore,-13.9811325,30.649267
Cn1c(=O)c2c(ncn2C)n(C)c1=O,chromophore,-14.5927105,33.48613
Cn1c2ccc(Br)cc2c2c(-c3ccccc3)c3oc4ccccc4c3cc21,chromophore,-6.398981,-33.72177
Cn1c2ccccc2[c+](-c2ccccc2)c2cc([N+](=O)[O-])ccc21,chromophore,2.529054,18.20509
Cn1c2ccccc2c2c(-c3ccc(C(F)(F)F)cc3)c3oc4ccccc4c3cc21,chromophore,-1.1634606,-40.151527
Cn1c2ccccc2c2c(-c3ccccc3)c3oc4ccc(Cl)cc4c3cc21,chromophore,-6.30481,-33.91795
Cn1c2nc(=O)[nH]c(=O)c-2nc2ccccc21,chromophore,-5.048592,-25.528744
Cn1cc(-c2nc3ccccc3nc2/C=C/N2CCCC2)c2ccccc21,chromophore,-5.4901366,6.494803
Cn1cc(-c2nc3ccccc3nc2C#Cc2ccc(C#N)cc2)c2ccccc21,chromophore,0.9462157,-26.665112
Cn1cc(-c2nc3ccccc3nc2C#Cc2ccccc2)c2ccccc21,chromophore,0.6438737,-26.568161
Cn1ccc(-c2nc3ccccc3nc2/C=C/N2CCCC2)c1,chromophore,-5.506929,6.419904
Cn1cccc1-c1cc(C#N)ccc1C#N,chromophore,5.7139616,-7.229471
Cn1nc(-c2ccc(C(F)(F)F)cc2)cc1-c1ccccc1,chromophore,-6.0247474,-9.557214
Cn1nc(-c2nc3c(Br)cccn3c2NC(C)(C)C)cc1-c1ccc(Cl)cc1,chromophore,-50.483044,-9.398289
Cn1nc(-c2nc3ccccn3c2NC(C)(C)C)cc1-c1ccc(Cl)cc1,chromophore,-50.3684,-9.515129
Cn1nc2ccc(C=O)cc2c1-c1ccc(CO)o1,chromophore,-12.745229,31.692513
Cn1nc2ccc([N+](=O)[O-])cc2c1-c1ccc(C=O)o1,chromophore,1.5867777,20.87333
Cn1nc2ccccc2c1-c1ccc(C=C(C#N)C#N)o1,chromophore,47.526543,-6.402952
Cn1nc2ccccc2c1-c1ccc(C=O)o1,chromophore,-28.15997,-23.372086
FC(F)(F)C(F)(F)C(F)(F)C1=NC2=C(Oc3ccccc3)C=C3c4cc(Oc5ccccc5)c5nc(C(F)(F)C(F)(F)C(F)(F)F)nc6c(Oc7ccccc7)cc(c4c56)=C4C=C(Oc5ccccc5)C(=N1)C2C34,chromophore,-4.7735734,-10.587894
FC(F)(F)C(F)(F)C(F)(F)C1=NC2=C(Sc3ccccc3)C=C3c4cc(Sc5ccccc5)c5nc(C(F)(F)C(F)(F)C(F)(F)F)nc6c(Sc7ccccc7)cc(c4c56)=C4C=C(Sc5ccccc5)C(=N1)C2C34,chromophore,-4.813622,-10.539863
FC(F)(F)C(F)(F)C(F)(F)C1=NC2=C(c3ccc(N(c4ccccc4)c4ccccc4)cc3)C=C3c4cc(-c5ccc(N(c6ccccc6)c6ccccc6)cc5)c5nc(C(F)(F)C(F)(F)C(F)(F)F)nc6c(-c7ccc(N(c8ccccc8)c8ccccc8)cc7)cc(c4c56)=C4C=C(c5ccc(N(c6ccccc6)c6ccccc6)cc5)C(=N1)C2C34,chromophore,26.464058,-37.381165
FC(F)(F)c1cc(-c2nc3nccc(-c4ccccc4)n3n2)cc(C(F)(F)F)c1,chromophore,-6.0950313,-9.677256
FC(F)(F)c1cc(-c2nnc3ccccn23)cc(C(F)(F)F)c1,chromophore,-6.1840944,-9.62178
FC(F)(F)c1cc2c3c([o+]c(-c4ccccc4)c(-c4ccccc4)c3c1)N1C(c3ccccc3)=C(c3ccccc3)c3ccccc3C1=C2c1ccccc1,chromophore,-6.14274,-7.671413
FC(F)(F)c1cc2n(n1)[B-]1(c3ccccc3Oc3ccccc31)[n+]1ccc3ccccc3c1-2,chromophore,-6.228915,-28.087448
FC(F)(F)c1ccc(-c2ccc(-c3nc4c5ccccc5c5ccccc5c4n3-c3ccccc3)c3nsnc23)cc1,chromophore,-1.5410684,-41.7124
FC(F)(F)c1ccc(-c2nnc(-c3cc(-c4nnc(-c5ccc(C(F)(F)F)cc5)o4)c(-n4c5ccccc5c5ccccc54)cc3-n3c4ccccc4c4ccccc43)o2)cc1,chromophore,-0.5914266,-40.30309
FC(F)(F)c1ccc(-c2pc3ccccc3s2)cc1,chromophore,-4.2690253,-8.197541
FC(F)(F)c1ccc(-n2c(-c3ccc(N(c4ccc(-c5ccc(N(c6ccc(-c7nc8c9ccccc9c9ccccc9c8n7-c7ccc(C(F)(F)F)cc7)cc6)c6ccc(-c7nc8c9ccccc9c9ccccc9c8n7-c7ccc(C(F)(F)F)cc7)cc6)cc5)cc4)c4ccc(-c5nc6c7ccccc7c7ccccc7c6n5-c5ccc(C(F)(F)F)cc5)cc4)cc3)nc3c4ccccc4c4ccccc4c32)cc1,chromophore,7.7913847,-43.11976
FC(F)(F)c1ccc(/C=C/c2nc3c(ccc4ccccc43)s2)cc1,chromophore,-2.2978501,-4.500402
FC(F)(F)c1ccc(/C=C2\C=C(c3ccccc3)C=C2c2ccccc2)cc1,chromophore,-4.248005,-7.084817
FC(F)(F)c1ccc(/N=N/c2cc3c4c(c2)CCCN4CCC3)cc1,chromophore,-28.418615,-1.56064
FC(F)(F)c1ccc(C2=C(c3ccc(C(F)(F)F)cc3)c3ccccc3B3Nc4ccccc4C=C32)cc1,chromophore,-4.497411,-8.032365
FC(F)(F)c1ccc(C2=CC3=c4cc(-c5ccc(C(F)(F)F)cc5)c5nc(C(F)(F)C(F)(F)C(F)(F)F)nc6c(-c7ccc(C(F)(F)F)cc7)cc(c4c65)C4=CC(c5ccc(C(F)(F)F)cc5)=C5N=C(C(F)(F)C(F)(F)C(F)(F)F)N=C2C5C43)cc1,chromophore,-4.35747,-10.137517
FC(F)(F)c1ccc(C2=Cc3ccccc3[Si]2(c2ccccc2)c2ccccc2)cc1,chromophore,-4.474972,-8.005563
FC(F)(F)c1ccc2c3ccccc3c3nc4ccccc4n3c2c1,chromophore,-5.2352424,-28.564566
FS(F)(F)(F)(F)c1ccc(-c2ccc(N(c3ccccc3)c3ccccc3)cc2)cc1,chromophore,26.097277,-34.29739
FS(F)(F)(F)(F)c1ccc(C#Cc2ccc(C#Cc3ccc(N(c4ccccc4)c4ccccc4)cc3)cc2)cc1,chromophore,20.878578,-30.914396
FS(F)(F)(F)(F)c1ccc(C#Cc2ccc(N(c3ccccc3)c3ccccc3)cc2)cc1,chromophore,20.878496,-30.914194
F[B-]1(F)N2C=C(Br)C=CC2=N/[N+]1=C/c1ccc(-c2cccs2)cc1,chromophore,-34.017033,-53.244377
F[B-]1(F)N2C=C(Br)C=CC2=N/[N+]1=C/c1cccs1,chromophore,-35.264206,-54.13447
F[B-]1(F)N2C=C(Cl)C=CC2=N/[N+]1=C/c1ccc(-c2cccs2)cc1,chromophore,-33.969013,-53.18767
F[B-]1(F)N2C=C(I)C=CC2=N/[N+]1=C/c1ccc(-c2cccs2)cc1,chromophore,-34.014164,-53.24232
F[B-]1(F)N2C=C(n3cc(-c4ccccc4)nn3)C=CC2=N/[N+]1=C/c1ccc(-c2cccs2)cc1,chromophore,-33.957554,-53.234905
F[B-]1(F)N2C=CC=CC2=N/[N+]1=C/c1ccc(-c2cccs2)cc1,chromophore,-34.011845,-53.236866
F[B-]1(F)N2C=CN=CC2=[N+]2[N+]1=Cc1c(-c3ccccc3)cc(-c3cccs3)n1[B-]2(F)F,chromophore,-35.663883,-57.225216
F[B-]1(F)OC(/C=C/c2ccccc2)=CC(c2ccccc2)=[O+]1,chromophore,-3.2053797,-2.6085956
F[B-]1(F)OC(c2ccc(N3CCCCC3)cc2)=Cc2cccc[n+]21,chromophore,-41.678497,-43.878338
F[B-]1(F)OC(c2cccc(Br)c2)=Cc2ccc3ccccc3[n+]21,chromophore,-21.715101,-31.185104
F[B-]1(F)OC(c2ccccc2)=Cc2ccc3ccccc3[n+]21,chromophore,-21.724476,-31.208672
F[B-]1(F)OC(c2ccccc2)=Nc2sc(-c3ccccc3)n[n+]21,chromophore,-8.387302,-12.672153
F[B-]1(F)Oc2ccccc2-c2c3c(c4c([n+]21)CCc1ccccc1-4)CCc1ccccc1-3,chromophore,-11.374403,-0.7492389
F[B-]1(F)Oc2ccccc2-c2cnc3ccccc3[n+]21,chromophore,-11.213141,-0.9639209
F[B-]1(F)Oc2ccccc2-c2n(-c3ccc(C(F)(F)F)cc3)c(-c3ccccc3)c(-c3ccccc3)[n+]21,chromophore,-5.7494907,-7.281641
F[B-]1(F)n2c(-c3ccccc3)cc(-c3ccccn3)c2N=C2C(c3ccccn3)=CC(c3ccccc3)=[N+]21,chromophore,-36.014225,-58.11885
F[B-]1(F)n2c(-c3ccccc3)cc(-c3cccs3)c2N=C2C(c3cccs3)=CC(c3ccccc3)=[N+]21,chromophore,-35.7097,-57.312782
F[B-]1(F)n2c(-c3ccccc3)cnc2-c2cccc[n+]21,chromophore,-37.943195,-59.51235
F[B-]1(F)n2c(-c3cccs3)cc(-c3ccccc3)c2N=C2C(c3ccccc3)=CC(c3cccs3)=[N+]21,chromophore,-35.690792,-57.310516
F[B-]1(F)n2c(-c3cccs3)cc(-c3cccs3)c2N=C2C(c3cccs3)=CC(c3cccs3)=[N+]21,chromophore,-35.361073,-56.46784
F[B-]1(F)n2c(/C=C/c3ccc(C(=C(c4ccccc4)c4ccccc4)c4ccccc4)cc3)ccc2C(c2ccc(C(=C(c3ccccc3)c3ccccc3)c3ccccc3)cc2)=C2C=CC(/C=C/c3ccc(C(=C(c4ccccc4)c4ccccc4)c4ccccc4)cc3)=[N+]21,chromophore,-42.92524,-67.383415
F[B-]1(F)n2c(/C=C/c3ccc(C(=C(c4ccccc4)c4ccccc4)c4ccccc4)cc3)ccc2C(c2ccccc2)=C2C=CC(/C=C/c3ccc(C(=C(c4ccccc4)c4ccccc4)c4ccccc4)cc3)=[N+]21,chromophore,-42.934483,-67.39501
F[B-]1(F)n2c(NCc3ccccc3)ccc2C(c2c(Cl)cccc2Cl)=C2C=CC(NCc3ccccc3)=[N+]21,chromophore,-36.203007,-60.221844
F[B-]1(F)n2c(c3cccc4cccc2c43)=Nc2ccc3ccccc3[n+]21,chromophore,-44.57049,-53.227688
F[B-]1(F)n2c(c3ccccc3c2-c2ccccc2)C(c2ccccc2)=C2c3ccccc3C(c3ccccc3)=[N+]21,chromophore,-38.33677,-57.43781
F[B-]1(F)n2c(c3ccccc3c2-c2ccccc2)C=C2c3ccccc3C(c3ccccc3)=[N+]21,chromophore,-38.322224,-57.23727
F[B-]1(F)n2c(c3ccccc3c2-c2ccccc2)N=C2c3ccccc3C(c3ccccc3)=[N+]21,chromophore,-38.071655,-57.218124
F[B-]1(F)n2c(cc(-c3cccs3)c2-c2ccccc2)C(c2ccccc2)=C2C=C(c3cccs3)C(c3ccccc3)=[N+]21,chromophore,-36.00107,-57.528316
F[B-]1(F)n2c(cc(Br)c2Br)C(c2ccccc2)=C2C=C(Br)C(Br)=[N+]21,chromophore,-36.182823,-59.241604
F[B-]1(F)n2c(cc(Br)c2Br)C(c2ccccc2)=C2C=C(Br)C(c3ccc[nH]3)=[N+]21,chromophore,-36.17153,-59.19716
F[B-]1(F)n2c(cc3c2-c2ccccc2CC3)C(c2ccc(I)cc2)=C2C=C3CCc4ccccc4C3=[N+]21,chromophore,-39.204018,-57.60734
F[B-]1(F)n2c(cc3c4ccccc4c4ccccc4c32)-c2ccc3ccccc3[n+]21,chromophore,-43.375473,-54.964226
F[B-]1(F)n2c(cc3ccc4ccccc4c32)C(c2ccc(I)cc2)=C2C=C3CCc4ccccc4C3=[N+]21,chromophore,-39.472805,-57.358353
F[B-]1(F)n2c(cc3sc4ccccc4c32)C(c2ccc(I)cc2)=C2C=c3sc4ccccc4c3=[N+]21,chromophore,-38.98263,-56.996464
F[B-]1(F)n2c(ccc2-c2cccs2)C(C(F)(F)F)=C2C=CC(c3cccs3)=[N+]21,chromophore,-35.131775,-56.076874
F[B-]1(F)n2c(ccc2-n2cccn2)C(c2cc(C(F)(F)F)cc(C(F)(F)F)c2)=C2C=CC(n3cccn3)=[N+]21,chromophore,-34.480644,-56.580433
F[B-]1(F)n2c(ccc2-n2cnc3ccccc32)C(c2cccs2)=C2C=CC(n3cnc4ccccc43)=[N+]21,chromophore,-35.39694,-56.16474
F[B-]1(F)n2c(nc(-c3ccccc3)c2-c2ccccc2)-c2cccc[n+]21,chromophore,-38.20723,-59.49156
F[B-]1(F)n2cccc2C(c2ccc(-c3c4ccccc4c(-c4ccccc4)c4ccccc34)cc2)=C2C=CC=[N+]21,chromophore,-35.044727,-59.372063
F[B-]1(F)n2cccc2C(c2ccccc2)=C2C=CC(c3cccc(OC4=[N+]5C(=C(c6ccccc6)c6cc(Br)c(-c7ccc[nH]7)n6[B-]5(F)F)C=C4Br)c3)=[N+]21,chromophore,-35.87223,-59.410294
F[B-]1(F)n2cccc2C2=[N+]1c1cccc3cccc(c13)N2,chromophore,-38.386787,-53.03666
F[B-]1(F)n2cccc2C=C2c3ccccc3C(c3ccc[nH]3)=[N+]21,chromophore,-39.834442,-55.250797
F[B-]12Oc3ccccc3-c3c4[n+]5c(c([n+]31)-c1ccccc1O2)-c1ccccc1O[B-]5(F)Oc1ccccc1-4,chromophore,-11.342576,-1.0004396
F[Si-](F)(c1c2ccccc2cc2ccccc12)(c1c2ccccc2cc2ccccc12)c1c2ccccc2cc2ccccc12,chromophore,-12.348465,-22.314518
F[Si-](F)(c1ccccc1)(c1ccccc1)c1c2ccccc2cc2ccccc12,chromophore,-12.064049,-22.18511
F[Si](c1ccccc1)(c1c2ccccc2cc2ccccc12)c1c2ccccc2cc2ccccc12,chromophore,-11.28441,-22.207018
F[Si](c1ccccc1)(c1ccccc1)c1c2ccccc2cc2ccccc12,chromophore,-11.280939,-22.205435
Fc1c(-n2c3ccccc3c3ccccc32)c(-c2nnc(-c3ccccc3)o2)c(-n2c3ccccc3c3ccccc32)c(-n2c3ccccc3c3ccccc32)c1-n1c2ccccc2c2ccccc21,chromophore,-0.12190269,-33.666798
Fc1c(-n2c3ccccc3c3ccccc32)c(F)c(-n2c3ccccc3c3ccccc32)c(-c2nnc(-c3ccccc3)o2)c1-n1c2ccccc2c2ccccc21,chromophore,-0.11632178,-33.665344
Fc1c(F)c(-n2c3ccccc3c3ccccc32)c(F)c(F)c1-c1nnc(-c2ccccc2)o1,chromophore,-0.12575836,-33.653534
Fc1c(F)c(-n2c3ccccc3c3ccccc32)c(F)c(F)c1/C=C/c1ccc(C(=C(c2ccccc2)c2ccccc2)c2ccccc2)cc1,chromophore,6.9070153,-32.075207
Fc1c(F)c(F)c(-c2cc3cc4cc(-c5c(F)c(F)c(F)c(F)c5F)oc4cc3o2)c(F)c1F,chromophore,-34.24336,-31.411692
Fc1c(F)c(F)c(-c2cc3cc4oc(-c5c(F)c(F)c(F)c(F)c5F)cc4cc3o2)c(F)c1F,chromophore,-34.249416,-31.408987
Fc1c(F)c(F)c(-c2cc3n(c2)[B-](F)(F)[N+]2=CC=CC2=C3c2ccccc2)c(F)c1F,chromophore,-35.229187,-59.309196
Fc1c(F)c(F)c(C2=CC3=C(c4ccccc4)c4cc(-c5c(F)c(F)c(F)c(F)c5F)cn4[B-](F)(F)[N+]3=C2)c(F)c1F,chromophore,-35.46335,-59.25098
Fc1c(F)c(F)c([N+]2=Cc3cccn3[B-]2(c2ccccc2)c2ccccc2)c(F)c1F,chromophore,-8.054642,-7.007504
Fc1c(F)c(F)c2c(c1F)c1cccc3cnc2n31,chromophore,-27.173195,-10.900606
Fc1cc(F)c2cc3cccc[n+]3cc2c1,chromophore,-11.785766,-21.274563
Fc1cc([N+]2=Cc3cccn3[B-]2(c2ccccc2)c2ccccc2)cc(F)c1F,chromophore,-7.9655056,-7.131766
Fc1ccc(-c2ccc(-c3cc(-c4ccccn4)nc(-c4ccccn4)c3)cc2)c(F)c1,chromophore,-7.7389283,-8.790979
Fc1ccc(-c2cnn(-c3ccc(Cl)cc3)n2)cc1,chromophore,-26.929651,-6.4482284
Fc1ccc(-c2nc3n(c2-c2ccncc2)CCS3)cc1,chromophore,-25.647358,-3.8410866
Fc1ccc(-c2nnc3ccccn23)cc1,chromophore,-8.015396,-9.34851
Fc1ccc(-c2oc3cccc4[n+]3c2-c2ccccc2-4)cc1,chromophore,-15.475373,-5.644673
Fc1ccc(-n2ncc(-c3ccccc3)n2)cc1,chromophore,-8.345417,-9.440371
Fc1ccc(/C=C/c2nc3c4ccccc4c4ccccc4c3o2)cc1,chromophore,-2.174615,-3.9683304
Fc1ccc(C2=C(c3ccc(F)cc3)c3ccc4c5c(ccc(c35)O2)OC(c2ccc(F)cc2)=C4c2ccc(F)cc2)cc1,chromophore,-16.13158,-6.418699
Fc1ccc(C2=C(c3ccc(F)cc3)c3cccc4c3c(cc3nc5ccccc5nc34)O2)cc1,chromophore,-15.410876,-15.801389
Fc1ccc(C2=NC(c3ccccc3)C(N(c3ccccc3)c3ccccc3)S2)cc1,chromophore,-7.6979775,-9.735577
Fc1ccc(C2=[N+]3C(=Nc4c5ccccc5c(-c5ccc(F)cc5)n4[B-]3(F)F)c3ccccc32)cc1,chromophore,-38.04595,-56.759033
Fc1ccc(F)c(-c2cc3c4c(ccc5c4c2OC(c2ccccc2)=C5c2ccccc2)C(c2ccccc2)=C(c2ccccc2)O3)c1,chromophore,-15.251189,-6.2656054
Fc1ccc([N+]2=Cc3cccn3[B-]2(c2ccccc2)c2ccccc2)cc1,chromophore,-7.955594,-7.1420684
Fc1ccc2c(c1)c1cccc3cnc2n31,chromophore,-27.225113,-10.926755
Fc1ccc2c(c1)c1ccccc1n1c3ccccc3nc21,chromophore,-5.154786,-28.572845
Fc1cccc(-c2[o+]c3c(-c4cccc(F)c4)c(-c4cccc(F)c4)c4cccc5ccc(c2-c2cccc(F)c2)c3c54)c1,chromophore,-18.019575,-22.577715
Fc1cccc(C2=C(c3cccc(F)c3)c3ccc4c5c(ccc(c35)O2)OC(c2cccc(F)c2)=C4c2cccc(F)c2)c1,chromophore,-15.503581,-6.2448277
Fc1cccc(C2=Cc3ccc4ccccc4[n+]3[B-](F)(F)O2)c1,chromophore,-21.708261,-31.178185
Fc1nc(F)c(F)c(/C=C2/C(c3c(F)c(F)nc(F)c3F)=Cc3ccccc32)c1F,chromophore,-9.825033,-3.4673345
Fc1nc(F)c(F)c(C#Cc2cc3c(cc2C#Cc2c(F)c(F)nc(F)c2F)OC2(CCCCC2)O3)c1F,chromophore,3.6206193,-4.639433
N#C/C(=C(/C#N)c1ccc(-c2ccncc2)cc1)c1ccc(-c2ccncc2)cc1,chromophore,-11.773776,19.181171
N#C/C(=C/Nc1ccc(C#N)cc1)c1nc(-c2ccccc2)cs1,chromophore,8.575201,-10.5015745
N#C/C(=C/c1ccc(-c2ccc(-c3ccc(/C=C(/C#N)C(=O)O)s3)c3nsnc23)s1)C(=O)O,chromophore,50.341774,23.734217
N#C/C(=C/c1ccc(-c2ccc(-c3ccc(/C=C(\C#N)C(=O)O)s3)s2)s1)C(=O)O,chromophore,50.237377,23.956896
N#C/C(=C/c1ccc(-c2ccc(N(c3ccc(-n4c5ccccc5c5ccccc54)cc3)c3ccc(-n4c5ccccc5c5ccccc54)cc3)cc2)s1)C(=O)O,chromophore,55.898727,22.964296
N#C/C(=C/c1ccc(-c2ccc(N3c4ccccc4Oc4ccccc43)cc2)s1)C(=O)O,chromophore,50.103214,26.39134
N#C/C(=C/c1ccc(-c2ccc3c(c2)C2CCCC2N3c2ccc(C=C(c3ccccc3)c3ccccc3)cc2)s1)C(=O)O,chromophore,40.013905,47.684784
N#C/C(=C/c1ccc(/C=C/c2ccc(N3c4ccccc4CCc4ccccc43)cc2)s1)C(=O)O,chromophore,45.84193,28.656166
N#C/C(=C/c1ccc(C#C/C2=c3\cc/c4[n]3[Zn][n]3c(ccc3/C(N(c3ccccc3)c3ccccc3)=C3/C=CC(=N3)/C=4c3ccccc3)/C(c3ccccc3)=C3/C=CC2=N3)cc1)C(=O)O,chromophore,15.543822,74.632576
N#C/C(=C/c1ccc(N(c2ccc(N3c4ccccc4Sc4ccccc43)cc2)c2ccc(N3c4ccccc4Sc4ccccc43)cc2)cc1)C(=O)O,chromophore,50.151016,12.519061
N#C/C(=C/c1ccc(N(c2ccccc2)c2ccc(/C=C(\C#N)C(=O)O)cc2)cc1)C(=O)O,chromophore,54.192757,11.385079
N#C/C(=C/c1ccc(N(c2ccccc2)c2ccc(/C=C(\C#N)c3ccc(/C=C(\C#N)C(=O)O)s3)cc2)cc1)c1ccc(/C=C(\C#N)C(=O)O)s1,chromophore,55.62529,10.646634
N#C/C(=C/c1ccc(N(c2ccccc2)c2ccccc2)cc1)C(=O)O,chromophore,54.192814,11.385222
N#C/C(=C/c1ccc2c(c1)CC(c1ccc(N(c3ccccc3)c3ccccc3)cc1)=C2)C(=O)O,chromophore,54.89929,12.459279
N#C/C(=C/c1ccc2c(c1)Sc1ccccc1N2CCCCCCN1c2ccccc2Sc2cc(/C=C(\C#N)C(=O)O)ccc21)C(=O)O,chromophore,46.896774,33.75901
N#C/C(=C/c1ccc2c(c1)Sc1ccccc1N2c1ccccc1)C(=O)O,chromophore,46.0991,31.793377
N#C/C(=C/c1ccc2nc(/C=C/c3ccc(N(c4ccccc4)c4ccccc4)cc3)sc2c1)C(=O)O,chromophore,54.604836,9.488858
N#C/C(=C/c1sc(-c2ccc(N(c3ccccc3)c3ccc(-c4sc(/C=C(/C#N)C(=O)O)c5c4OCCO5)cc3)cc2)c2c1OCCO2)C(=O)O,chromophore,57.23209,16.87645
N#C/C(=C/c1sc(-c2ccc(N(c3ccccc3)c3ccccc3)cc2)c2c1OCCO2)C(=O)O,chromophore,57.23209,16.87645
N#C/C(=C/c1sc(/C=N/N(c2ccccc2)c2ccccc2)c2c1OCCO2)C(=O)O,chromophore,53.62111,16.651875
N#C/C(=C\C=C\c1ccc([N+](=O)[O-])cc1)c1ccccc1,chromophore,9.228613,16.6887
N#C/C(=C\C=C\c1ccccc1)c1ccc([N+](=O)[O-])cc1,chromophore,9.204123,16.7878
N#C/C(=C\[C@@H]1COc2c(COCCCCCCCCOCc3sc(-c4ccc(N(c5ccccc5)c5ccccc5)cc4)c4c3OC[C@@H](/C=C(\C#N)C(=O)O)O4)sc(-c3ccc(N(c4ccccc4)c4ccccc4)cc3)c2O1)C(=O)O,chromophore,57.41737,17.902033
N#C/C(=C\c1c(F)cc(/C=C/c2ccc(N(c3ccccc3)c3ccccc3)cc2)cc1F)C(=O)O,chromophore,53.731167,9.801773
N#C/C(=C\c1cc(-c2ccc(-c3ccc(-c4ccc(N(c5ccccc5)c5ccccc5)cc4)s3)s2)on1)C(=O)O,chromophore,60.478653,14.814275
N#C/C(=C\c1cc(-c2ccc(-c3ccc(N(c4ccccc4)c4ccccc4)cc3)s2)c(-c2ccc(-c3ccc(N(c4ccccc4)c4ccccc4)cc3)s2)s1)C(=O)O,chromophore,60.969383,15.068047
N#C/C(=C\c1cc(-c2ccc(N(c3ccccc3)c3ccccc3)cc2)c(-c2sc(-c3cc(-c4ccc(N(c5ccccc5)c5ccccc5)cc4)c(-c4ccc(N(c5ccccc5)c5ccccc5)cc4)s3)cc2-c2ccc(N(c3ccccc3)c3ccccc3)cc2)s1)C(=O)O,chromophore,59.9531,15.952542
N#C/C(=C\c1cc(-c2ccc(N(c3ccccc3)c3ccccc3)cc2)c(-c2sc(-c3ccc(-c4ccc(N(c5ccccc5)c5ccccc5)cc4)s3)cc2-c2ccc(N(c3ccccc3)c3ccccc3)cc2)s1)C(=O)O,chromophore,61.046864,15.128533
N#C/C(=C\c1cc2c(c3ccccc13)N(c1ccc(C=C(c3ccccc3)c3ccccc3)cc1)C1CCCC21)C(=O)O,chromophore,38.410854,48.511765
N#C/C(=C\c1cc2c3c(c1)CCCN3CCC2)C(=O)O,chromophore,47.716976,20.52108
N#C/C(=C\c1cc2sc(-c3cc4sc(-c5ccc(N(c6ccccc6)c6ccccc6)cc5)cc4s3)cc2s1)C(=O)O,chromophore,60.016647,15.50976
N#C/C(=C\c1cc2sc(-c3ccc(-c4ccc(N(c5ccccc5)c5ccccc5)cc4)s3)cc2s1)C(=O)O,chromophore,60.872818,14.834665
N#C/C(=C\c1cc2sc(-c3ccc(N(c4ccccc4)c4cccc5ccccc45)c4nc(-c5ccccc5)c(-c5ccccc5)nc34)cc2s1)C(=O)O,chromophore,63.5806,17.581547
N#C/C(=C\c1cc2sc(-c3ccc(N(c4ccccc4)c4ccccc4)cc3)cc2s1)C(=O)O,chromophore,59.98492,15.517086
N#C/C(=C\c1cc2sc3cc(-c4ccc(-c5ccc(N(c6ccccc6)c6ccccc6)cc5)c5nc(-c6ccccc6)c(-c6ccccc6)nc45)sc3c2s1)C(=O)O,chromophore,63.248306,17.559288
N#C/C(=C\c1cc2sc3cc(/C=C/c4ccc(N(c5ccccc5)c5ccccc5)cc4)sc3c2s1)C(=O)O,chromophore,55.1545,9.476799
N#C/C(=C\c1ccc(-c2c3ccccc3c(-c3ccc(N(c4ccccc4)c4ccccc4)cc3)c3nsnc23)s1)C(=O)O,chromophore,63.47172,15.809512
N#C/C(=C\c1ccc(-c2cc(-c3ccc(N(c4ccccc4)c4ccccc4)cc3)sc2-c2ccc(/C=C(\C#N)C(=O)O)cc2)cc1)C(=O)O,chromophore,58.141438,14.744609
N#C/C(=C\c1ccc(-c2cc3c4ccccc4n4c5ccccc5c(c2)c34)cc1)C(=O)O,chromophore,51.643818,19.122608
N#C/C(=C\c1ccc(-c2cc3sc(-c4ccc(N(c5ccc6c(c5)OCCO6)S5=CC6=C(C=C5)OCCO6)cc4)cc3s2)cc1)C(=O)O,chromophore,56.61393,15.2465515
N#C/C(=C\c1ccc(-c2cc3sc(-c4ccc(N(c5ccccc5)c5ccccc5)cc4)cc3s2)cc1)C(=O)O,chromophore,58.100266,14.574785
N#C/C(=C\c1ccc(-c2cc3sc(-c4ccc(N(c5ccccc5)c5ccccc5)cc4)cc3s2)s1)C(=O)O,chromophore,61.5589,14.302018
N#C/C(=C\c1ccc(-c2ccc(-c3cc(-c4ccc(-c5ccc(N(c6ccccc6)c6ccccc6)cc5)s4)c(-c4ccc(-c5ccc(N(c6ccccc6)c6ccccc6)cc5)s4)s3)s2)s1)C(=O)O,chromophore,61.749634,14.496673
N#C/C(=C\c1ccc(-c2ccc(-c3cc4c5ccccc5n5c6ccccc6c(c3)c45)cc2)s1)C(=O)O,chromophore,53.07878,25.49064
N#C/C(=C\c1ccc(-c2ccc(-c3ccc(-c4ccc(N(c5ccccc5)c5ccccc5)cc4)s3)s2)cc1)C(=O)O,chromophore,58.70319,14.132342
N#C/C(=C\c1ccc(-c2ccc(-c3ccc(-c4ccc5c(c4)N(c4ccccc4)C4C6CCC(C6)C54)s3)s2)s1)C(=O)O,chromophore,49.082184,26.395168
N#C/C(=C\c1ccc(-c2ccc(-c3ccc(-n4c5ccccc5c5ccccc54)s3)s2)s1)C(=O)O,chromophore,52.63096,24.84324
N#C/C(=C\c1ccc(-c2ccc(-c3ccc(/C=C(\C#N)c4ccc([N+](=O)[O-])cc4)s3)c3c2C(=O)OC3=O)s1)c1ccc([N+](=O)[O-])cc1,chromophore,9.188452,18.15606
N#C/C(=C\c1ccc(-c2ccc(-c3ccc(N(c4ccc(/C=C/c5ccccc5)cc4)c4ccc(/C=C/c5ccccc5)cc4)cc3)s2)s1)C(=O)O,chromophore,61.38167,12.890027
N#C/C(=C\c1ccc(-c2ccc(-c3ccc(N(c4ccc(C#Cc5cc6ccc5CCCc5ccc(cc5)CCC6)cc4)c4ccc(C#Cc5cc6ccc5CCCc5ccc(cc5)CCC6)cc4)cc3)s2)s1)C(=O)O,chromophore,62.081947,12.297018
N#C/C(=C\c1ccc(-c2ccc(-c3ccc(N(c4ccc(C#Cc5ccccc5)cc4)c4ccc(C#Cc5ccccc5)cc4)cc3)s2)s1)C(=O)O,chromophore,62.068962,12.800547
N#C/C(=C\c1ccc(-c2ccc(-c3ccc(N(c4ccccc4)c4cccc5ccccc45)cc3)c3nc(-c4ccccc4)c(-c4ccccc4)nc23)s1)C(=O)O,chromophore,63.904316,17.152828
N#C/C(=C\c1ccc(-c2ccc(-c3ccc(N(c4ccccc4)c4cccc5ccccc45)s3)s2)s1)C(=O)O,chromophore,60.339817,11.842277
N#C/C(=C\c1ccc(-c2ccc(-c3ccc(N(c4ccccc4)c4ccccc4)cc3)c3nc(-c4ccccc4)c(-c4ccccc4)nc23)s1)C(=O)O,chromophore,63.81899,16.722336
N#C/C(=C\c1ccc(-c2ccc(-c3ccc(N(c4ccccc4)c4ccccc4)cc3)cc2)s1)C(=O)O,chromophore,62.090576,13.724896
N#C/C(=C\c1ccc(-c2ccc(-c3ccc(N(c4ccccc4)c4ccccc4)cc3)s2)c2nc(-c3ccccc3)c(-c3ccccc3)nc12)C(=O)O,chromophore,63.363773,17.229685
N#C/C(=C\c1ccc(-c2ccc(-c3ccc(N(c4ccccc4)c4ccccc4)cc3)s2)s1)C(=O)O,chromophore,62.102642,13.654659
N#C/C(=C\c1ccc(-c2ccc(-c3ccc4c(c3)N(c3ccccc3)C3C5CCC(C5)C43)s2)s1)C(=O)O,chromophore,49.082184,26.395168
N#C/C(=C\c1ccc(-c2ccc(/C=C3/c4cc(-c5ccc(N(c6ccccc6)c6ccccc6)cc5)ccc4-c4cc(-c5ccc(N(c6ccccc6)c6ccccc6)cc5)sc43)s2)s1)C(=O)O,chromophore,61.69858,14.76004
N#C/C(=C\c1ccc(-c2ccc(C(=C3C=C(c4ccccc4)OC(c4ccccc4)=C3)c3ccccc3)cc2)cc1)C(=O)O,chromophore,50.432907,17.282774
N#C/C(=C\c1ccc(-c2ccc(C=C3C=C(c4ccccc4)OC(c4ccccc4)=C3)s2)cc1)C(=O)O,chromophore,50.36437,25.716578
N#C/C(=C\c1ccc(-c2ccc(N(c3ccc(-c4ccc(/C=C(\C#N)c5ccc(C#N)cc5)cc4)cc3)c3ccc(-c4ccc(/C=C(\C#N)c5ccc(C#N)cc5)cc4)cc3)cc2)cc1)c1ccc(C#N)cc1,chromophore,46.458107,-25.523928
N#C/C(=C\c1ccc(-c2ccc(N(c3ccc(-c4ccc5c(c4)C4CCCC4N5c4ccccc4)cc3)c3ccc(-c4ccc5c(c4)C4CCCC4N5c4ccccc4)cc3)cc2)s1)C(=O)O,chromophore,40.256073,46.98708
N#C/C(=C\c1ccc(-c2ccc(N(c3ccc(/C=C/c4ccco4)cc3)c3ccc(/C=C/c4ccco4)cc3)cc2)o1)C(=O)O,chromophore,52.788254,12.859662
N#C/C(=C\c1ccc(-c2ccc(N(c3ccc(N4c5ccccc5Sc5ccccc54)cc3)c3ccc(N4c5ccccc5Sc5ccccc54)cc3)cc2)o1)C(=O)O,chromophore,50.2997,12.683536
N#C/C(=C\c1ccc(-c2ccc(N(c3ccc(N4c5ccccc5Sc5ccccc54)cc3)c3ccc(N4c5ccccc5Sc5ccccc54)cc3)cc2)s1)C(=O)O,chromophore,62.157482,10.639419
N#C/C(=C\c1ccc(-c2ccc(N(c3ccccc3)c3ccccc3)cc2)c2nc(-c3ccccc3)c(-c3ccccc3)nc12)C(=O)O,chromophore,62.89144,17.985147
N#C/C(=C\c1ccc(-c2ccc(N(c3ccccc3)c3ccccc3)cc2)o1)C(=O)O,chromophore,52.86821,13.825388
N#C/C(=C\c1ccc(-c2ccc(N3c4ccc(cc4)/C=C\c4ccc(cc4)N(c4ccccc4)c4ccc(cc4)/C=C\c4ccc3cc4)cc2)s1)C(=O)O,chromophore,50.23732,25.999342
N#C/C(=C\c1ccc(-c2ccc3c(c2)c2ccccc2n3-c2ccc(C=C(c3ccccc3)c3ccccc3)cc2)s1)C(=O)O,chromophore,54.180103,24.746252
N#C/C(=C\c1ccc(-c2ccc3c(c2)c2ccccc2n3-c2ccc(N(c3ccc(-n4c5ccccc5c5ccccc54)cc3)c3ccc(-n4c5ccccc5c5ccccc54)cc3)cc2)s1)C(=O)O,chromophore,55.726536,23.045147
N#C/C(=C\c1ccc(-c2csc3cc(-c4ccc(N(c5ccc6c(c5)OCCO6)c5ccc6c(c5)OCCO6)cc4)sc23)s1)C(=O)O,chromophore,61.98644,15.263918
N#C/C(=C\c1ccc(-c2ncc(-c3ccc(N(c4ccccc4)c4ccccc4)cc3)c3nsnc23)s1)C(=O)O,chromophore,63.792168,16.26895
N#C/C(=C\c1ccc(-c2nnc(-c3c4ccccc4cc4ccccc34)o2)s1)C(=O)O,chromophore,51.78603,24.400066
N#C/C(=C\c1ccc(-c2sc(-c3ccc(N(c4ccccc4)c4ccccc4)cc3)c3c2OCCO3)cc1)C(=O)O,chromophore,56.910313,16.284157
N#C/C(=C\c1ccc(-c2sc(-c3ccc(N(c4ccccc4)c4ccccc4)cc3)c3c2OCCO3)cc1F)C(=O)O,chromophore,57.489754,16.71402
N#C/C(=C\c1ccc(-c2sc(-c3ccc4c(c3)N(c3ccccc3)C3C5CCC(C5)C43)c3c2OCCO3)s1)C(=O)O,chromophore,49.100845,26.418264
N#C/C(=C\c1ccc(-n2c3ccccc3c3ccccc32)cc1)C(=O)O,chromophore,52.29494,19.620937
N#C/C(=C\c1ccc(/C=C/c2c(N(c3ccccc3)c3ccccc3)ccc3ccccc23)cc1)C(=O)O,chromophore,53.7438,8.476964
N#C/C(=C\c1ccc(/C=C/c2ccc(/C=C/c3ccc(N(c4ccccc4)c4cccc5ccccc45)cc3)cc2)cc1)C(=O)O,chromophore,53.77873,8.451188
N#C/C(=C\c1ccc(/C=C/c2ccc(/C=C/c3ccc(N(c4ccccc4)c4cccc5ccccc45)cc3)cc2)s1)C(=O)O,chromophore,54.42634,8.286756
N#C/C(=C\c1ccc(/C=C/c2ccc(N(c3ccccc3)c3cccc4ccccc34)cc2)cc1)C(=O)O,chromophore,53.778805,8.451291
N#C/C(=C\c1ccc(/C=C/c2ccc(N(c3ccccc3)c3ccccc3)cc2)cc1)C(=O)O,chromophore,54.046516,10.463799
N#C/C(=C\c1ccc(/C=C/c2ccc(N(c3ccccc3)c3ccccc3)cc2)n1-c1c(F)c(F)c(F)c(F)c1F)C(=O)O,chromophore,53.515446,9.755885
N#C/C(=C\c1ccc(/C=C/c2ccc(N(c3ccccc3)c3ccccc3)cc2)n1-c1ccc(C#N)cc1)C(=O)O,chromophore,52.82112,9.639371
N#C/C(=C\c1ccc(C#Cc2c3ccccc3c(-c3ccc(N(c4ccccc4)c4ccccc4)s3)c3ccccc23)s1)C(=O)O,chromophore,59.999207,11.802308
N#C/C(=C\c1ccc(C#Cc2ccc(C#Cc3ccc(N(c4ccccc4)c4cccc5ccccc45)cc3)cc2)s1)C(=O)O,chromophore,59.772408,11.0411625
N#C/C(=C\c1ccc(C#N)cc1)c1nc(-c2ccc(Cl)cc2)cs1,chromophore,10.746148,-10.241697
N#C/C(=C\c1ccc(C#N)cc1)c1nc(-c2ccccc2)c(-c2ccccc2)s1,chromophore,9.268019,-10.295528
N#C/C(=C\c1ccc(C(F)(F)F)cc1)c1nc(-c2ccc(Cl)cc2)cs1,chromophore,10.888591,-10.330807
N#C/C(=C\c1ccc(C=C2C=C(c3ccccc3)OC(c3ccccc3)=C2)cc1)C(=O)O,chromophore,50.292812,17.47482
N#C/C(=C\c1ccc(C=Cc2ccc(N(c3ccc(-c4ccc(C(=C(c5ccccc5)c5ccccc5)c5ccccc5)cc4)cc3)c3ccc(-c4ccc(C(=C(c5ccccc5)c5ccccc5)c5ccccc5)cc4)cc3)cc2)o1)C(=O)O,chromophore,52.757442,12.829271
N#C/C(=C\c1ccc(C=Cc2ccc(N(c3ccc(-c4ccc(C(=C(c5ccccc5)c5ccccc5)c5ccccc5)cc4)cc3)c3ccc(-c4ccc(C(=C(c5ccccc5)c5ccccc5)c5ccccc5)cc4)cc3)cc2)s1)C(=O)O,chromophore,55.947342,9.9938965
N#C/C(=C\c1ccc(C=Cc2ccc(N(c3ccccc3)c3ccccc3)cc2)o1)C(=O)O,chromophore,53.46589,10.708831
N#C/C(=C\c1ccc(C=Cc2ccc(N(c3ccccc3)c3ccccc3)cc2)s1)C(=O)O,chromophore,55.466377,9.657559
N#C/C(=C\c1ccc(N(c2ccccn2)c2ccccn2)cc1)c1ccc(/C=C2\SC(=S)N(CC(=O)O)C2=O)s1,chromophore,23.743,42.97646
N#C/C(=C\c1ccc(N2c3ccccc3Sc3ccccc32)cc1)C(=O)O,chromophore,46.03709,31.525337
N#C/C(=C\c1ccc(O)c(O)c1)c1ccc(-c2cccs2)s1,chromophore,45.775906,-6.444083
N#C/C(=C\c1ccc(OCCCCCCOc2ccc(/C=C(\C#N)c3ccc([N+](=O)[O-])cc3)cc2O)c(O)c1)c1ccc([N+](=O)[O-])cc1,chromophore,9.752765,17.40888
N#C/C(=C\c1ccc([N+](=O)[O-])cc1)c1ccc(N(c2ccc(/C=C\C(=O)O)cc2)c2ccc(/C=C\C(=O)O)cc2)cc1,chromophore,10.662187,16.54827
N#C/C(=C\c1ccc([N+](=O)[O-])cc1)c1nc(-c2ccccc2)cs1,chromophore,8.912251,15.540385
N#C/C(=C\c1ccc2c(c1)Sc1cc(Nc3ccc4c(c3)C(=O)/C(=C3\Sc5ccccc5C3=O)S4)ccc1N2c1ccccc1)C(=O)O,chromophore,46.025734,31.83662
N#C/C(=C\c1ccc2c(c1)Sc1ccccc1N2Cc1ccc(CN2c3ccccc3Sc3cc(/C=C(\C#N)C(=O)O)ccc32)cc1)C(=O)O,chromophore,46.34543,32.736595
N#C/C(=C\c1ccc2c(c1)c1ccccc1n2-c1ccc(N(c2ccccc2)c2ccccc2)cc1)C(=O)O,chromophore,51.15445,9.487011
N#C/C(=C\c1ccc2ccccc2c1-c1cccc2c1C(=O)/C(=C1/Nc3ccccc3C1=O)N2)C(=O)O,chromophore,47.67097,17.1736
N#C/C(=C\c1ccc2ccccc2c1-c1cccc2c1C(=O)/C(=C1\Nc3ccccc3C1=O)N2)C(=O)O,chromophore,47.671387,17.17389
N#C/C(=C\c1ccc2ccccc2c1-c1cccc2c1C(=O)/C(=C1\Sc3ccccc3C1=O)S2)C(=O)O,chromophore,47.680733,17.266958
N#C/C(=C\c1ccncc1)c1nc(-c2ccccc2)cs1,chromophore,9.249818,-10.403877
N#C/C(=C\c1cn(-c2ccc(N(c3ccccc3)c3ccccc3)cc2)c2ccccc12)C(=O)O,chromophore,51.48071,9.682571
N#C/C(=C\c1cn(-c2ccccc2)nc1-c1ccc([N+](=O)[O-])cc1)c1nc2ccccc2s1,chromophore,8.253864,14.794998
N#C/C(=C\c1sc(/C=C(\C#N)C(=O)O)c(-c2cccc(N(c3ccccc3)c3ccccc3)c2)c1-c1ccc(N(c2ccccc2)c2ccccc2)cc1)C(=O)O,chromophore,59.216026,15.5694895
N#C/C(=N/Nc1ccc(C#N)cc1)c1nc(-c2ccccc2)cs1,chromophore,8.450419,-10.510729
N#CC(=CC#Cc1ccc(N(c2ccccc2)c2ccccc2)cc1)C(=O)O,chromophore,53.79857,11.713722
N#CC(=Cc1ccc(-c2c(F)c(F)c(-c3ccc(-c4ccc(N(c5ccccc5)c5ccccc5)cc4)s3)c3n[nH]nc23)s1)C(=O)O,chromophore,62.682156,14.16655
N#CC(=Cc1ccc(-c2c3ccccc3c(-c3ccc(N(c4ccccc4)c4ccccc4)cc3)c3ccccc23)s1)C(=O)O,chromophore,61.196632,13.259841
N#CC(=Cc1ccc(-c2ccc(-c3cc(-c4ccc(N(c5ccccc5)c5ccccc5)cc4)c(-c4ccc(N(c5ccccc5)c5ccccc5)cc4)s3)s2)s1)C(=O)O,chromophore,61.762688,14.787258
N#CC(=Cc1ccc(-c2ccc(-c3ccc(-c4ccc5c(c4)C4CCCC4N5c4ccc(C=C(c5ccccc5)c5ccccc5)cc4)s3)s2)s1)C(=O)O,chromophore,40.037598,47.638123
N#CC(=Cc1ccc(-c2ccc(-c3ccc(-n4c5ccc(-c6ccc(C=Cc7ccc(N(c8ccccc8)c8ccccc8)cc7)cc6)cc5c5cc(-c6ccc(C=Cc7ccc(N(c8ccccc8)c8ccccc8)cc7)cc6)ccc54)cc3)s2)s1)C(=O)O,chromophore,56.08998,22.508368
N#CC(=Cc1ccc(-c2ccc(-c3ccc(-n4c5ccccc5c5ccccc54)cc3)c3nsnc23)s1)C(=O)O,chromophore,55.470406,25.358332
N#CC(=Cc1ccc(-c2ccc(-c3ccc(N(c4ccccc4)c4ccccc4)cc3)cc2)s1)C(=O)O,chromophore,62.090576,13.724896
N#CC(=Cc1ccc(-c2ccc(-c3ccc(N(c4ccccc4)c4ccccc4)cc3)s2)s1)C(=O)O,chromophore,62.102768,13.654511
N#CC(=Cc1ccc(-c2ccc(-c3ccc4c(c3)c3ccccc3n4-c3ccccc3)c3nsnc23)s1)C(=O)O,chromophore,55.375565,25.393085
N#CC(=Cc1ccc(-c2ccc(-c3ccc4c5ccccc5n(-c5ccccc5)c4c3)c3nsnc23)s1)C(=O)O,chromophore,55.39461,25.38111
N#CC(=Cc1ccc(-c2ccc(-n3c4ccc(-c5ccc(-n6c7ccccc7c7ccccc76)cc5)cc4c4cc(-c5ccc(-n6c7ccccc7c7ccccc76)cc5)ccc43)s2)s1)C(=O)O,chromophore,54.150196,24.904522
N#CC(=Cc1ccc(-c2ccc(-n3c4ccc(-c5ccc(N(c6ccccc6)c6ccccc6)cc5)cc4c4cc(-c5ccc(N(c6ccccc6)c6ccccc6)cc5)ccc43)s2)s1)C(=O)O,chromophore,60.681046,13.740285
N#CC(=Cc1ccc(-c2ccc(C#Cc3ccc(-n4c5ccccc5c5ccccc54)cc3)c3nsnc23)cc1)C(=O)O,chromophore,56.035984,25.221773
N#CC(=Cc1ccc(-c2ccc(C(=C(c3ccc(N(c4ccccc4)c4ccccc4)cc3)c3ccc(N(c4ccccc4)c4ccccc4)cc3)c3ccc(N(c4ccccc4)c4ccccc4)cc3)cc2)s1)C(=O)O,chromophore,62.09079,13.547645
N#CC(=Cc1ccc(-c2ccc(C(C#N)=Cc3ccc(N(c4ccccc4)c4ccccc4)cc3)cc2)o1)C(=O)O,chromophore,52.62138,13.0961
N#CC(=Cc1ccc(-c2ccc(N(c3ccc(-n4c5ccccc5c5ccccc54)cc3)c3ccc(-n4c5ccccc5c5ccccc54)cc3)cc2)s1)C(=O)O,chromophore,55.89416,22.964218
N#CC(=Cc1ccc(-c2ccc3c(c2)C2CCCC2N3c2ccc3c(c2)Cc2ccccc2-3)o1)C(=O)O,chromophore,38.69887,48.001026
N#CC(=Cc1ccc(-c2ccc3c(c2)Sc2ccccc2N3CCCCCCn2c3ccccc3c3cc(-c4ccc(C=C(C#N)C(=O)O)s4)ccc32)s1)C(=O)O,chromophore,52.321644,36.135056
N#CC(=Cc1ccc(-c2cnc(-c3ccc(N(c4ccccc4)c4ccccc4)cc3)c3nccnc23)s1)C(=O)O,chromophore,63.7352,16.052553
N#CC(=Cc1ccc(-c2cnc(-c3ccc(N(c4ccccc4)c4ccccc4)cc3)c3nsnc23)cc1)C(=O)O,chromophore,62.061466,18.412395
N#CC(=Cc1ccc(-c2cnc(-c3ccc(N(c4ccccc4)c4ccccc4)cc3)c3nsnc23)o1)C(=O)O,chromophore,62.183136,18.513704
N#CC(=Cc1ccc(-c2cnc(-c3ccc(N(c4ccccc4)c4ccccc4)cc3)c3nsnc23)s1)C(=O)O,chromophore,63.787193,16.243315
N#CC(=Cc1ccc(-c2cnc(-c3ccc(N(c4ccccc4)c4ccccc4)s3)c3nsnc23)cc1)C(=O)O,chromophore,62.065918,18.349554
N#CC(=Cc1ccc(-c2nc(-c3ccccc3)c(-c3ccccc3)[nH]2)cc1)C(=O)O,chromophore,50.098316,16.84264
N#CC(=Cc1ccc(-c2nc(Cl)nc(-c3ccc(N(c4ccccc4)c4ccccc4)cc3)n2)cc1)C(=O)O,chromophore,54.401844,13.065789
N#CC(=Cc1ccc(-c2sc(-c3ccc(N(c4ccccc4)c4cccc5ccccc45)cc3)c3c2OCCO3)cc1)C(=O)O,chromophore,56.716793,16.028984
N#CC(=Cc1ccc(/C=C/c2ccc(N(c3ccccc3)c3ccccc3)cc2)cc1)C(=O)O,chromophore,54.046505,10.463777
N#CC(=Cc1ccc(/C=C/c2ccc(N(c3ccccc3)c3ccccc3)cc2)n1-c1c(F)c(F)c(F)c(F)c1F)C(=O)O,chromophore,53.515522,9.756056
N#CC(=Cc1ccc(/C=N/N(c2ccccc2)c2ccccc2)o1)C(=O)O,chromophore,53.221615,16.50101
N#CC(=Cc1ccc(/C=N/N(c2ccccc2)c2ccccc2)s1)C(=O)O,chromophore,53.36942,16.686361
N#CC(=Cc1ccc(C(C#N)=Cc2ccc(-c3ccc(N(c4ccccc4)c4ccccc4)cc3)s2)s1)C(=O)O,chromophore,62.11113,13.660806
N#CC(=Cc1ccc(C(C#N)=Cc2ccc(N(c3ccccc3)c3ccccc3)cc2)s1)C(=O)O,chromophore,55.6251,10.646838
N#CC(=Cc1ccc(C=C2C=C(c3ccccc3)OC(c3ccccc3)=C2)o1)C(=O)O,chromophore,50.33647,17.63046
N#CC(=Cc1ccc(C=Cc2ccc(N3c4ccccc4CCc4ccccc43)cc2)s1)C(=O)O,chromophore,45.84193,28.656166
N#CC(=Cc1ccc(N(c2ccc(C#Cc3ccccn3)cc2)c2ccc(C#Cc3ccccn3)cc2)cc1)C(=O)O,chromophore,53.9461,11.597989
N#CC(=Cc1ccc(N(c2ccc(C=Cc3ccccc3)cc2)c2ccc(C=Cc3ccccc3)cc2)cc1)C(=O)O,chromophore,54.054447,10.467432
N#CC(=Cc1ccc(N(c2ccccc2)c2ccc(-c3nc4ccccc4[nH]3)cc2)cc1)C(=O)O,chromophore,54.34234,13.190916
N#CC(=Cc1ccc(N(c2ccccc2)c2ccccc2)cc1)C(=O)O,chromophore,54.192738,11.385082
N#CC(=Cc1ccc(O)cc1)c1ccc([N+](=O)[O-])cc1,chromophore,9.61847,17.01612
N#CC(=Cc1ccc2c(c1)CCc1ccccc1N2c1ccc([N+](=O)[O-])cc1)C(=O)O,chromophore,45.53674,30.605206
N#CC(=Cc1cccc(N(c2ccccc2)c2ccccc2)c1)C(=O)O,chromophore,54.305412,11.73611
N#CC(=Cc1sc(-c2ccc(N(c3ccc(-c4ccc(N(c5ccccc5)c5ccccc5)cc4)cc3)c3ccc(-c4ccc(N(c5ccccc5)c5ccccc5)cc4)cc3)cc2)c2c1OCCO2)C(=O)O,chromophore,57.22323,16.86777
N#CC(C#N)=C(/C=C/c1ccc(N(c2ccccc2)c2ccccc2)cc1)c1ccccc1,chromophore,38.07734,-18.574963
N#CC(C#N)=C(c1ccc(N(c2ccccc2)c2ccccc2)cc1)c1ccc(N(c2ccccc2)c2ccccc2)cc1,chromophore,44.106236,-23.899494
N#CC(C#N)=CC(=C(C#N)C#N)c1ccc(N(c2ccccc2)c2ccccc2)cc1,chromophore,44.392677,-23.776386
N#CC(C#N)=CC(c1ccc(N(c2ccccc2)c2ccccc2)cc1)=c1ccc(=C(C#N)C#N)cc1,chromophore,44.39617,-23.812422
N#CC(C#N)=CC1=Cc2c(-c3ccccc3)oc(-c3ccccc3)c2C=C(C=C(C#N)C#N)C1,chromophore,48.176888,-7.603502
N#CC(C#N)=Cc1ccc(-c2ccc(-c3nc4ccccc4s3)c(O)c2)s1,chromophore,65.892166,-41.12876
N#CC(C#N)=Cc1ccc(-c2ccc(N(c3ccc(-c4ccncc4)cc3)c3ccc(-c4ccncc4)cc3)cc2)s1,chromophore,66.82608,-34.07917
N#CC(C#N)=Cc1ccc(-c2ccc(N(c3ccccc3)c3ccccc3)cc2)o1,chromophore,52.851006,-28.62324
N#CC(C#N)=Cc1ccc(-c2ccc(N(c3ccccc3)c3ccccc3)cc2)s1,chromophore,70.73949,-30.48017
N#CC(C#N)=Cc1ccc(-c2cccc(-c3nc4ccccc4s3)c2O)o1,chromophore,47.15146,-6.3991747
N#CC(C#N)=Cc1ccc2c(c1)[nH]c1c3ccccc3ccc21,chromophore,46.569157,-9.658005
N#CC(C#N)=Cc1ccc2c(c1)c1ccccc1n2-c1cccc2ccccc12,chromophore,45.651924,-12.689648
N#CC(C#N)=Cc1nc2ccc(C#Cc3ccc(N(c4ccc(C#Cc5ccc6nc(C=C(C#N)C#N)sc6c5)cc4)c4ccc(C#Cc5ccc6nc(C=C(C#N)C#N)sc6c5)cc4)cc3)cc2s1,chromophore,50.134525,-30.182903
N#CC(C#N)=c1[nH]c(=O)/c(=C/c2ccc(-c3ccc(N(c4ccccc4)c4ccccc4)cc3)s2)s1,chromophore,73.10559,-24.924646
N#CC(C#N)=c1[nH]c(=O)/c(=C/c2ccc(N(c3ccccc3)c3ccc(/C=c4\sc(=C(C#N)C#N)[nH]c4=O)cc3)cc2)s1,chromophore,40.512463,-22.58663
N#CC(C#N)=c1[nH]c(=O)/c(=C/c2ccc(N(c3ccccc3)c3ccccc3)cc2)s1,chromophore,40.512558,-22.586597
N#CC(C(=O)O)=C1C=C(C=Cc2ccc(N(c3ccccc3)c3ccccc3)cc2)OC(C=Cc2ccc(N(c3ccccc3)c3ccccc3)cc2)=C1,chromophore,38.402557,-17.749577
N#CC1=C(N)n2c(=O)c3ccccc3c(=O)n2C1c1cccs1,chromophore,0.7045802,-7.0132847
N#CC1=CC(/C=C/c2ccccc2)=CC(C#N)=P1(c1ccccc1)c1ccccc1,chromophore,12.117979,-7.2655616
N#CC1=CC=CC(C#N)=P1(c1ccccc1)c1ccccc1,chromophore,3.9371603,-9.100366
N#CC1N=c2cc3c4c(cccc4c2=NC1C#N)C(c1ccccc1)=C(c1ccccc1)O3,chromophore,-16.266022,-14.936627
N#CCC(=O)c1ccc(-c2ccc(-c3ccc(N(c4ccccc4)c4ccccc4)cc3)s2)s1,chromophore,32.102306,-38.88901
N#CCc1ccccc1-c1cc2ccccc2oc1=O,chromophore,-27.740728,-30.020605
N#CSC1=CC2=C(c3ccccc3)c3cc(SC#N)c(N4CCOCC4)n3[B-](F)(F)[N+]2=C1N1CCOCC1,chromophore,-36.49793,-59.08265
N#Cc1c(-c2ccc3c(c2)Cc2ccccc2-3)c(N)n2ccccc12,chromophore,-23.938246,-15.079146
N#Cc1c(-c2cccc3ccccc23)c(N)n2ccccc12,chromophore,-14.247912,-27.779528
N#Cc1c(-c2ccccc2)cc(N2c3ccccc3Oc3ccccc32)cc1-c1ccccc1,chromophore,6.3158765,2.1662126
N#Cc1c(-c2cccs2)cc(-c2cccs2)[nH]c1=O,chromophore,1.8088946,-6.650755
N#Cc1c(-n2c3ccc(I)cc3c3cc(I)ccc32)c(-n2c3ccc(I)cc3c3cc(I)ccc32)c(C#N)c(-n2c3ccc(I)cc3c3cc(I)ccc32)c1-n1c2ccc(I)cc2c2cc(I)ccc21,chromophore,2.9540255,-27.708752
N#Cc1c(-n2cc(-c3ccccc3)nn2)n([C@H]2C[C@H](O)[C@@H](CO)O2)c2ncnc(N)c12,chromophore,-36.637863,48.501774
N#Cc1c(/C=C/c2ccc(N(c3ccccc3)c3ccccc3)cc2)cc(-c2ccccc2)cc1N1CCCCC1,chromophore,35.27353,-16.753027
N#Cc1c(/C=C/c2ccc(N(c3ccccc3)c3ccccc3)cc2)cc(-c2cccs2)cc1N1CCCCC1,chromophore,35.20717,-16.744877
N#Cc1c(C#N)c2ccccc2c2ccccc12,chromophore,3.7702866,-9.512928
N#Cc1c(N2CCCC2)cc(-c2ccccc2)c2c1-c1cccc3cccc-2c13,chromophore,-23.5909,-16.29496
N#Cc1c(N2CCCC2)cc(-c2ccccc2)c2c1-c1ccccc1C2,chromophore,-23.846447,-15.547644
N#Cc1c(N2CCCCC2)cc(-c2ccc3ccc4cccc5ccc2c3c45)c2c1-c1ccccc1C2,chromophore,-23.322018,-16.928604
N#Cc1c(N2CCCCC2)cc(-c2ccc3ccc4cccc5ccc2c3c45)c2c1C(=O)c1ccccc1-2,chromophore,-23.374405,-16.961704
N#Cc1c(N2CCCCC2)cc(-c2ccc3ccc4cccc5ccc2c3c45)c2c1Cc1ccccc1-2,chromophore,-23.322567,-16.930054
N#Cc1c(N2CCCCC2)cc(-c2ccc3ccccc3c2)c2c1C(=O)c1ccccc1-2,chromophore,-23.799934,-16.38833
N#Cc1c(N2CCCCC2)cc(-c2cccc3ccccc23)c2c1-c1ccccc1C2=O,chromophore,-23.42367,-16.89382
N#Cc1c(N2CCCCC2)cc(-c2ccccc2)c2c1-c1ccccc1C2=O,chromophore,-24.004011,-15.730871
N#Cc1c(N2CCCCC2)cc(-c2ccccc2)c2c1C(=O)c1ccccc1-2,chromophore,-24.002333,-15.731539
N#Cc1c(N2CCCCC2)cc(-c2cccs2)c2c1CCc1ccccc1-2,chromophore,-23.598345,-15.316669
N#Cc1c(N2c3ccccc3C(c3ccccc3)(c3ccccc3)c3ccccc32)cccc1N1c2ccccc2C(c2ccccc2)(c2ccccc2)c2ccccc21,chromophore,6.6681733,2.2480438
N#Cc1cc(-c2ccc(/C=C/c3ccc(N(c4ccccc4)c4ccccc4)cc3)c(C#N)c2)ccc1/C=C/c1ccc(N(c2ccccc2)c2ccccc2)cc1,chromophore,35.990147,-17.07232
N#Cc1cc(-n2c3ccccc3c3ncccc32)c(-n2c3ccccc3c3ncccc32)cc1C#N,chromophore,2.014761,-27.824339
N#Cc1cc(/C=C/c2ccc(N(c3ccccc3)c3ccccc3)cc2)ccc1/C=C/c1ccc(/C=C/c2ccc(N(c3ccccc3)c3ccccc3)cc2)cc1C#N,chromophore,35.950516,-16.969347
N#Cc1cc(C#Cc2c(F)c(F)nc(F)c2F)c(C#Cc2c(F)c(F)nc(F)c2F)cc1C#N,chromophore,5.192269,-5.656067
N#Cc1cc(C#Cc2ccc(N(c3ccccc3)c3ccccc3)cc2)c(C#N)cc1C#Cc1ccccc1,chromophore,20.170313,-29.858038
N#Cc1cc(C#N)c(-c2ccc(N(c3ccccc3)c3ccccc3)cc2)cc1-c1ccc(N(c2ccccc2)c2ccccc2)cc1,chromophore,22.200583,-33.72837
N#Cc1cc(N2c3ccccc3Oc3ccccc32)c(N2c3ccccc3Oc3ccccc32)cc1C#N,chromophore,5.873849,2.3149135
N#Cc1cc(N2c3ccccc3Sc3ccccc32)c(N2c3ccccc3Sc3ccccc32)cc1C#N,chromophore,5.6704254,2.5759172
N#Cc1cc2ccc([O-])cc2oc1=O,chromophore,-27.984785,-30.268978
N#Cc1cc2ccccc2[nH]1,chromophore,3.1111507,-8.623585
N#Cc1cc2ccccc2oc1=O,chromophore,-27.83637,-30.125998
N#Cc1ccc(-c2cc(-c3ccc(N4CCCC4)cc3)nc(-c3ccccc3)n2)cc1,chromophore,6.6524024,-10.62654
N#Cc1ccc(-c2cc3c(ccc4sccc43)s2)cc1,chromophore,5.7824945,-8.805729
N#Cc1ccc(-c2ccc(N(c3ccc(C#Cc4cc(C#N)c(C#Cc5cc(C#N)ccc5C#N)cc4C#N)cc3)c3ccc(-c4ccc(C#N)cc4)cc3)cc2)cc1,chromophore,19.676287,-29.11959
N#Cc1ccc(-c2ccc3c(c2)c2cc(-c4ccc(C#N)cc4)ccc2c2c3nc(-c3ccc(-c4ccc(N(c5ccccc5)c5ccccc5)cc4)cc3)n2-c2ccccc2)cc1,chromophore,22.516382,-32.993587
N#Cc1ccc(-c2cn3cc(C#N)c[n+]3[n-]2)cc1,chromophore,4.6534095,-6.8742576
N#Cc1ccc(-c2nc(-c3ccccc3)c3ccccn23)cc1,chromophore,6.0382853,-10.823772
N#Cc1ccc(-c2nc3c4ccccc4c4cccc2n43)cc1,chromophore,1.4704361,-27.325933
N#Cc1ccc(-c2ncc3cccc(-c4ccccc4)n23)cc1,chromophore,5.7695265,-10.753503
N#Cc1ccc(-n2c3ccccc3c3c2c2ccccc2n3-c2ccccc2)cc1,chromophore,2.491317,-29.272686
N#Cc1ccc(-n2ncc(-c3ccc(Cl)cc3)n2)cc1,chromophore,5.515363,-3.3927674
N#Cc1ccc(-n2ncc(-c3ccc(F)cc3)n2)cc1,chromophore,4.652713,-3.7770505
N#Cc1ccc(/C2=C3N=C(C(c4ccccc4)=C/3c3ccccc3)/C(c3ccc(C#N)cc3)=c3\[nH]/c(c(-c4ccccc4)c3-c3ccccc3)=C(/c3ccc(C#N)cc3)C3=N/C(=C(/c4ccc(C#N)cc4)c4[nH]c2c(-c2ccccc2)c4-c2ccccc2)C(c2ccccc2)=C3c2ccccc2)cc1,chromophore,5.4480195,-11.053284
N#Cc1ccc(/C=C/C(F)(F)F)c(N)c1,chromophore,5.8644567,-5.9110155
N#Cc1ccc(/C=C/C=C/C2=NC3C(=O)NC(N)=NC3N2[C@H]2C[C@H](O)[C@@H](CO)O2)cc1,chromophore,-33.73484,47.910183
N#Cc1ccc(/C=C/N(c2ccccc2)c2ccccc2)cc1,chromophore,12.304852,-7.35079
N#Cc1ccc(/C=C/c2ccc(C=C(c3ccccc3)c3ccccc3)cc2)cc1,chromophore,12.6889515,-7.462943
N#Cc1ccc(/C=C/c2ncc(-c3ccccc3)o2)cc1,chromophore,11.685109,-6.930268
N#Cc1ccc(/C=C2\C=C(c3ccccc3)NC2=O)cc1,chromophore,11.262363,-5.9884524
N#Cc1ccc(/C=C2\C=C(c3ccccc3)OC2=O)cc1,chromophore,11.285385,-6.0683494
N#Cc1ccc(/C=c2\o/c(=C\c3ccc(N4CCCCC4)cc3)c3ccccc23)cc1,chromophore,-0.08596992,6.3398623
N#Cc1ccc(C#Cc2ccc(C#Cc3ccc(C#Cc4ccccc4C#N)cc3C#N)cc2C#N)cc1,chromophore,6.791139,-7.9016824
N#Cc1ccc(C#Cc2ccccc2C#N)cc1,chromophore,6.5939207,-7.979107
N#Cc1ccc(C#N)c(C#Cc2cc(C#N)c(C#Cc3ccc(N(c4ccc(-c5ccccc5)cc4)c4ccc(-c5ccccc5)cc4)cc3)cc2C#N)c1,chromophore,19.872717,-29.420094
N#Cc1ccc(C#N)c(C#Cc2ccc(C#Cc3ccc(N(c4ccccc4)c4ccccc4)cc3)c(C#N)c2)c1,chromophore,20.04717,-29.708158
N#Cc1ccc(C2=C3C=CC(n4cccn4)=[N+]3[B-](F)(F)n3c2ccc3-n2cccn2)cc1,chromophore,-34.146534,-58.25678
N#Cc1ccc(C2=CC3=c4cc(-c5ccc(C#N)cc5)c5nc(C(F)(F)C(F)(F)C(F)(F)F)nc6c(-c7ccc(C#N)cc7)cc(c4c65)C4=CC(c5ccc(C#N)cc5)=C5N=C(C(F)(F)C(F)(F)C(F)(F)F)N=C2C5C43)cc1,chromophore,4.7654405,-5.711028
N#Cc1ccc(N(c2ccccc2)c2ccc3ccc4c(N(c5ccccc5)c5ccc(C#N)cc5)ccc5ccc2c3c54)cc1,chromophore,19.774014,-30.437338
N#Cc1ccc(N)c(/C=C/C(F)(F)F)c1,chromophore,5.9066963,-5.912138
N#Cc1ccc(N/N=C/c2cc([N+](=O)[O-])ccc2O)cc1,chromophore,7.0106053,19.936857
N#Cc1ccc2[nH]ccc2c1,chromophore,5.504456,-6.9204645
N#Cc1ccc2c(c1)CCc1nc(-c3ccc([N+](=O)[O-])cc3)c3c(c1-2)CCc1cc(C#N)ccc1-3,chromophore,8.038952,19.968893
N#Cc1ccc2c(c1)c1ccccc1n1c3ccccc3nc21,chromophore,1.6368791,-27.402733
N#Cc1cccc(-c2cccc(-c3nc(-c4cccc(-c5cccc(C#N)c5)c4)nc(-c4cccc(-c5cccc(C#N)c5)c4)n3)c2)c1,chromophore,5.24326,-8.585345
N#Cc1cccc(-c2pc3ccccc3s2)c1,chromophore,5.5509653,-8.66409
N#Cc1cccc(C#N)c1N,chromophore,4.8567705,-7.975731
N#Cc1cccc(N)c1,chromophore,5.0931377,-7.861611
N#Cc1cccc(N2c3ccccc3C(c3ccccc3)(c3ccccc3)c3ccccc32)c1,chromophore,6.7244177,2.249234
N#Cc1ccccc1C#Cc1cc(C#N)c(C#Cc2ccc(N(c3ccccc3)c3ccccc3)cc2)cc1C#N,chromophore,20.16794,-29.851164
N#Cc1ccccc1C#Cc1ccc(C#Cc2ccc(N(c3ccccc3)c3ccccc3)cc2)c(C#N)c1,chromophore,20.106531,-29.781494
N#Cc1ccn2c(N)c(-c3ccc(Cl)cc3)nc2c1,chromophore,5.6046214,-3.3473485
N#Cc1cnc(-c2c3ccccc3c(-c3ccccc3)c3ccccc23)nc1,chromophore,4.6489096,-11.29604
N#Cc1cnc(-c2c3ccccc3c(-c3ncc(C#N)cn3)c3ccccc23)nc1,chromophore,4.2811017,-10.955592
N#Cc1nc(-c2ccc(N3c4ccccc4Oc4ccccc43)cc2)c(-c2ccc(N3c4ccccc4Oc4ccccc43)cc2)nc1C#N,chromophore,9.200854,2.0925024
N#Cc1nc(-n2c3ccccc3c3ccccc32)cc(-n2c3ccccc3c3ccccc32)n1,chromophore,2.1310055,-28.007866
N#Cc1nc(N(Cc2ccc(I)cc2)Cc2ccc(I)cc2)c(C#N)nc1N(Cc1ccc(I)cc1)Cc1ccc(I)cc1,chromophore,2.4079318,-10.218545
N#Cc1nc(N(Cc2ccccc2Br)Cc2ccccc2Br)c(C#N)nc1N(Cc1ccccc1Br)Cc1ccccc1Br,chromophore,2.4307017,-10.162924
N#Cc1nc(N(Cc2ccccc2F)Cc2ccccc2F)c(C#N)nc1N(Cc1ccccc1F)Cc1ccccc1F,chromophore,2.3898375,-10.199557
N#Cc1nc2c(OCc3ccccc3)nc(N)nc2n1Cc1ccccc1,chromophore,1.0624245,-11.244351
N#Cc1nc2c3ccc(-n4c5ccccc5c5ccccc54)cc3c3cc(-n4c5ccccc5c5ccccc54)ccc3c2nc1C#N,chromophore,2.2826467,-28.628973
N#Cc1nc2cnc(N)nc2n1Cc1ccccc1,chromophore,1.077198,-11.225369
N#Cc1nn(-c2cc(F)cc(F)c2)nc1N1CCCC1,chromophore,3.534025,-2.9149516
N#Cc1nn(-c2ccc(F)cc2)nc1N1CCCC1,chromophore,3.5164897,-2.9207726
N#Cc1nn(-c2ccc(N(c3ccccc3)c3ccccc3)cc2)nc1-c1ccccc1,chromophore,23.585905,-33.23565
N#Cc1nn(-c2ccccc2C(F)(F)F)nc1N1CCCC1,chromophore,3.4266136,-2.7266083
N=c1oc2cccc3c4c(-c5ccccc5)oc5cccc(c(c1-c1ccccc1)c23)c54,chromophore,-12.8203745,-16.41346
NC(=O)Cc1cccc2ccccc12,chromophore,-22.398073,-22.87672
NC1=C2C=CC=[N+]2[B-](F)(F)n2cccc21,chromophore,-37.069443,-53.936638
NC1=N/C(=N\c2ccccn2)c2cccc3cccc1c23,chromophore,-18.302309,-17.246317
NCC(=O)Nc1ccc(-c2c3ccc(=O)cc-3oc3cc(O)ccc23)c(C(=O)O)c1,chromophore,-40.62224,-34.92392
NCCCCCCCCCCCCN1C(=O)c2ccc3c4ccc5c6c(ccc(c7ccc(c2c37)C1=O)c64)C(=O)N(CCCCCCCCCCCCN)C5=O,chromophore,20.726511,26.806765
NCc1ccc2ccc3cccc4ccc1c2c34,chromophore,-17.80731,-24.356783
NNC(=O)c1ccc(/C=C/c2ccc(C(=O)NN)cc2)cc1,chromophore,-3.9755282,1.7958777
NS(=O)(=O)c1ccc(N2N=C(c3ccc(O)cc3)CC2c2ccc([N+](=O)[O-])cc2)cc1,chromophore,3.6922626,22.385998
N[C@@H](Cc1ccc(O)cc1)C(=O)O,chromophore,-28.110466,23.094471
Nc1cc([NH3+])cc(-c2nc3ccccc3s2)c1,chromophore,-7.795782,-15.882257
Nc1cc2ccc3cccc4ccc(c1)c2c34,chromophore,-17.581865,-23.081673
Nc1cc2nc3cc(Br)c(Br)cc3nc2cc1N,chromophore,-22.801842,-9.727229
Nc1cc2nc3cc(F)c(F)cc3nc2cc1N,chromophore,-22.751278,-9.740782
Nc1cc[nH]c(=S)n1,chromophore,-23.468771,-9.225209
Nc1ccc(/C=C/c2ccc3ccccc3c2)cc1,chromophore,-2.8104422,-0.2081075
Nc1ccc(C(=O)[O-])c(O)c1,chromophore,-25.603842,20.70146
Nc1ccc2[nH]ncc2c1,chromophore,-23.16892,-9.4058075
Nc1ccc2c(-c3cc4ccccc4c4ccccc34)c3ccc(=[NH2+])cc-3sc2c1,chromophore,-18.992529,-29.912756
Nc1ccc2c(-c3ccc(C(=O)NCCCCCC(=O)O)cc3C(=O)O)c3ccc(N)cc3[o+]c2c1,chromophore,-23.50267,20.83678
Nc1ccc2c(-c3ccc(F)c(Cl)c3)c3ccc(=[NH2+])cc-3oc2c1,chromophore,-1.1040055,-68.12242
Nc1ccc2c(-c3ccc(F)cc3)c3ccc(=[NH2+])cc-3sc2c1,chromophore,-4.356305,-61.563087
Nc1ccc2c(-c3ccc(Oc4ccccc4)cc3)c3ccc(=[NH2+])cc-3oc2c1,chromophore,-1.9152784,-67.544014
Nc1ccc2c(-c3ccc4c(c3)OCO4)c3ccc(=[NH2+])cc-3oc2c1,chromophore,-1.0454801,-68.348854
Nc1ccc2c(-c3ccc4ccccc4c3)c3ccc(=[NH2+])cc-3oc2c1,chromophore,-1.8426785,-67.28741
Nc1ccc2c(-c3cccc(Cl)c3)c3ccc(=[NH2+])cc-3oc2c1,chromophore,-1.3629171,-67.80652
Nc1ccc2c(-c3cccc(F)c3)c3ccc(=[NH2+])cc-3oc2c1,chromophore,-1.3181506,-67.75124
Nc1ccc2c(-c3ccccc3)c3ccc(=[NH2+])cc-3oc2c1,chromophore,-1.7025261,-67.68033
Nc1ccc2c(-c3ccccc3C(=O)[O-])c3ccc(=[NH2+])cc-3oc2c1,chromophore,-38.105522,-36.520046
Nc1ccc2c(-c3ccccc3CO)c3ccc(=[NH2+])cc-3[se]c2c1,chromophore,-19.052408,-29.969679
Nc1ccc2c(c1)Cc1c-2[o+]c2c(c1-c1ccccc1)Cc1cc(N)ccc1-2,chromophore,-11.686443,-5.139873
Nc1ccc2c(c1)Cc1ccccc1-2,chromophore,-12.826977,-1.6793
Nc1ccc2c(ccc3[n+]2[B-](F)(F)n2c-3cc3c4ccccc4c4ccccc4c32)c1,chromophore,-43.407158,-54.935253
Nc1ccc2c(ccc3c(-c4ccc(N)c(N)c4)c4ccc5cc(N)ccc5c4[o+]c32)c1,chromophore,-22.400646,-12.33251
Nc1ccc2cc(-c3ccc(C(F)(F)F)cc3)oc(=O)c2c1,chromophore,-33.54935,-31.67819
Nc1ccc2cc3ccccc3cc2c1,chromophore,-12.7861595,-20.134567
Nc1ccc2ccc3cccc4ccc1c2c34,chromophore,-17.80262,-24.39728
Nc1ccc2cn[nH]c2c1,chromophore,-23.067808,-9.504581
Nc1ccc2nc3c4ccccc4c(=[NH2+])cc-3oc2c1,chromophore,-8.0838785,-23.524483
Nc1cccc2cc3ccccc3cc12,chromophore,-14.886685,-22.208298
Nc1cccc2cn[nH]c12,chromophore,-18.370703,-16.751871
Nc1ccccc1,chromophore,-9.530275,-2.163295
Nc1ccccc1/C=C/C(F)(F)F,chromophore,-8.838341,-1.2572654
Nc1ccccc1C(=O)O,chromophore,-29.963892,10.512204
Nc1nc2c([nH]c(=O)n2[C@H]2C[C@H](O)[C@@H](CO)O2)c(=O)[nH]1,chromophore,-34.872128,45.72856
Nc1ncc2nc[nH]c2n1,chromophore,-23.94013,-9.204493
Nc1ncccn1,chromophore,-24.359068,-9.00523
Nc1ncnc2c1c(C#Cc1c3ccccc3cc3ccccc13)cn2[C@H]1C[C@H](O)[C@@H](CO)O1,chromophore,-36.914177,49.258854
Nc1ncnc2c1c(C#Cc1ccc3ccccc3c1)cn2[C@H]1C[C@H](O)[C@@H](CO)O1,chromophore,-36.84787,49.367004
O=C(CCCc1ccc2ccc3cccc4ccc1c2c34)OC1C(=O)C=CC1=O,chromophore,-21.055647,-23.5728
O=C(CI)NCc1ccc2ccc3cccc4ccc1c2c34,chromophore,-21.411362,-24.102016
O=C(COc1ccc(Cl)cc1/C=N/N=C/c1cc(Cl)ccc1OCC(=O)c1ccccc1)c1ccccc1,chromophore,-44.281887,4.39911
O=C(CSCCCCCC(=O)ON1C(=O)C=CC1=O)Nc1ccc(-c2c3ccc(=O)cc-3oc3cc(O)ccc23)c(C(=O)O)c1,chromophore,-40.712166,-34.92904
O=C(N/N=C/c1ccccc1O)c1cccc2ccccc12,chromophore,-22.668102,-23.153307
O=C(N/N=C/c1ccccc1O)c1ccccc1,chromophore,-30.592224,10.639384
O=C(O)/C(=C/c1ccc(N(c2ccccc2)c2ccccc2)cc1)c1nnn[nH]1,chromophore,37.43915,-21.099277
O=C(O)/C=C/c1ccc2c(c1)c1ccccc1n2-c1ccc(C(F)(F)F)cc1,chromophore,6.7836566,-33.055473
O=C(O)/C=C/c1ccc2ccccc2c1-c1cccc2c1C(=O)/C(=C1\Sc3ccccc3C1=O)S2,chromophore,-22.55923,-22.249365
O=C(O)/C=C\c1ccc2c(c1)Sc1ccccc1N2c1ccccc1,chromophore,33.197067,33.323914
O=C(O)C(=C/C=C/C1=CC2=C(\c3ccccc3)c3ccc4[n]3[Zn][n]3/c(cc/c3=C(\c3ccccc3)C1=N\2)=C(/c1ccccc1)C1=N/C(=C\4c2ccccc2)C=C1)C(=O)O,chromophore,16.32919,73.1678
O=C(O)C(=Cc1ccc(C#C/C2=C3\C=CC(=N3)/C(c3ccccc3)=c3/cc/c4[n]3[Zn][n]3c2ccc3/C(c2ccccc2)=C2/C=CC(=N2)/C=4N(c2ccccc2)c2ccccc2)cc1)C(=O)O,chromophore,15.308376,74.5052
O=C(O)C1=C(C(=O)O)C2=C[C@H]3c4ccccc4[C@]2(S1)c1ccccc13,chromophore,-29.457384,9.330868
O=C(O)C1=C(C(=O)O)C2=C[C@H]3c4ccccc4[C@]2([Se]1)c1ccccc13,chromophore,-29.482094,9.352368
O=C(O)C1=C/C(=C/C=[N+]2/c3cc(O)c(C[C@@H]4O[C@H](CO)[C@@H](O)C(O)[C@H]4O)cc3C[C@H]2C(=O)O)C[C@@H](C(=O)O)N1,chromophore,-31.527607,45.27739
O=C(O)C1=CC=C(C=Cc2ccc(N(c3ccccc3)c3ccccc3)cc2)CC1,chromophore,33.980484,-18.846994
O=C(O)C1=CC=C(c2ccc(-c3ccc(-c4ccc(N(c5ccccc5)c5ccccc5)cc4)s3)s2)CC1,chromophore,31.27935,-38.814213
O=C(O)C=C/C1=c2\cc/c3[n]2[Zn][n]2c(ccc2/C(c2ccccc2)=C2/C=CC(=N2)/C=3c2ccccc2)/C(c2ccccc2)=C2/C=CC1=N2,chromophore,16.276993,73.16467
O=C(O)C=Cc1ccc(N(c2ccccc2)c2ccc(C=CC(=O)O)cc2)cc1,chromophore,33.89734,-19.01733
O=C(O)CC(C(=O)O)c1ccc2c3[n]4c(c2c1)/N=C1N=C(/N=c2/c5cc(-c6ccc(N(c7ccccc7)c7ccccc7)cc6)ccc5/c([n]2[Zn]4)=N/C2=NC(=N\3)/c3cc(-c4ccc(N(c5ccccc5)c5ccccc5)cc4)ccc32)c2ccc(-c3ccc(N(c4ccccc4)c4ccccc4)cc3)cc2\1,chromophore,28.435585,-31.220951
O=C(O)CCCCCCN1C(=CC=Cc2oc3cc(S(=O)(=O)O)ccc3[n+]2CCCCCC(=O)O)Oc2cc(S(=O)(=O)[O-])ccc21,chromophore,5.1921425,49.64094
O=C(O)CCCCCNC(=O)N(CCCS(=O)(=O)[O-])c1ccc2nc(-c3cc[n+](CCCS(=O)(=O)[O-])cc3)oc2c1,chromophore,-1.5615604,13.530213
O=C(O)CCCOc1cccc(-c2c3nc(cc4ccc([nH]4)c(-c4cccc(OCCCC(=O)O)c4)c4nc(cc5ccc2[nH]5)C=C4)C=C3)c1,chromophore,-37.654945,3.4343505
O=C(O)CCCOc1cccc(-c2c3nc(cc4ccc([nH]4)c(-c4cccc(OCCCC(=O)O)c4)c4nc(cc5ccc2[nH]5)CC4)CC3)c1,chromophore,-37.65835,3.431263
O=C(O)CCCc1cc(C#Cc2ccccc2)c2ccc3c(C#Cc4ccccc4)cc(C#Cc4ccccc4)c4ccc1c2c34,chromophore,11.410882,23.743357
O=C(O)CCCc1ccc2ccc3cccc4ccc1c2c34,chromophore,-21.05339,-23.584797
O=C(O)CCNc1cccc2ccccc12,chromophore,-22.612003,-22.562006
O=C(O)CCc1c2ccccc2cc2ccccc12,chromophore,-22.845617,-21.526062
O=C(O)CN1/C(=C/C2=C([O-])C(=C/c3sc4ccccc4[n+]3CC(=O)O)/C2=O)Sc2ccccc21,chromophore,14.236816,39.670246
O=C(O)CN1C(=O)/C(=C/c2ccc(N(c3ccc(/C=C4/SC(=S)N(CC(=O)O)C4=O)cc3)c3ccc(-c4cccc5c4[nH]c4ccccc45)cc3)cc2)SC1=S,chromophore,24.3906,42.297276
O=C(O)CN1C(=O)/C(=C/c2ccc(N(c3ccc(/C=C4\SC(=S)N(CC(=O)O)C4=O)cc3)c3ccc(N4c5ccccc5Sc5ccccc54)cc3)cc2)SC1=S,chromophore,25.59023,44.83948
O=C(O)CN1C(=O)/C(=C/c2ccc(N(c3ccc(N4c5ccccc5Sc5ccccc54)cc3)c3ccc(N4c5ccccc5Sc5ccccc54)cc3)cc2)SC1=S,chromophore,25.59023,44.83948
O=C(O)CN1C(=O)/C(=C/c2ccc(N(c3ccccc3)c3ccc(/C=C4/SC(=S)N(C(=O)O)C4=O)cc3)cc2)SC1=S,chromophore,24.448992,43.426907
O=C(O)CN1C(=O)/C(=C\c2cc(Cl)c(/C=C/c3ccc(N(c4ccccc4)c4ccccc4)cc3)cc2Cl)SC1=S,chromophore,24.19264,43.337658
O=C(O)CN1C(=O)/C(=C\c2ccc(-c3ccc4c(c3)C3CCCC3N4c3ccc(C=C(c4ccccc4)c4ccccc4)cc3)s2)SC1=S,chromophore,30.067612,46.41403
O=C(O)CN1C(=O)/C(=C\c2ccc(/C=C/c3ccc(N(c4ccccc4)c4ccccc4)cc3)cc2)SC1=S,chromophore,24.326223,43.41602
O=C(O)CN1C(=O)C(=Cc2cc(-c3ccc(-c4ccc(-c5ccc(N(c6ccccc6)c6ccccc6)cc5)s4)s3)on2)SC1=S,chromophore,25.450613,41.596092
O=C(O)CN1C(=O)C(=Cc2ccc(-c3ccc4ccc5cccc6ccc3c4c56)o2)SC1=S,chromophore,22.501215,46.88915
O=C(O)CN1C(=O)C(=Cc2ccc(-c3nc(Cl)nc(-c4ccc(N(c5ccccc5)c5ccccc5)cc4)n3)cc2)SC1=S,chromophore,24.32199,42.88755
O=C(O)CN1C(=O)C(=Cc2ccc(N(N=Cc3ccc(N(c4ccccc4)c4ccccc4)cc3)c3ccccc3)cc2)SC1=S,chromophore,24.51096,43.48629
O=C(O)CN1C(=O)C(=Cc2ccc(N(c3ccccc3)c3ccc(-c4ccc5c(c4)[nH]c4ccccc45)cc3)cc2)SC1=S,chromophore,24.36213,42.316227
O=C(O)COc1cccc(OCC(=O)O)c1-c1c2ccc(=[N+]3CCCCC3)cc-2oc2cc(N3CCCCC3)ccc12,chromophore,-1.7901032,-73.24318
O=C(O)Cc1ccc(N(c2ccccc2)c2ccccc2)cc1,chromophore,31.123713,-29.794992
O=C(O)c1cc(N=C=S)ccc1-c1c2cc(I)c(=O)c(I)c-2oc2c(I)c(O)c(I)cc12,chromophore,-39.561058,-33.94012
O=C(O)c1cc(O)c(O)c(O)c1,chromophore,-24.906963,20.531977
O=C(O)c1cc2c(cc1C(=O)O)/N=C/c1cc(N(c3ccccc3)c3ccccc3)ccc1[O][Zn][O]c1ccc(N(c3ccccc3)c3ccccc3)cc1/C=N/2,chromophore,30.121115,-30.36363
O=C(O)c1cc2c(ccc3ccccc32)oc1=O,chromophore,-28.305246,-27.785389
O=C(O)c1ccc(-c2ccc(-c3nc(-c4ccccc4)c4ccccn34)cc2)s1,chromophore,-22.101715,-5.1264105
O=C(O)c1ccc(/C2=C3\C=CC(=N3)/C(c3ccc(C(=O)O)cc3)=c3/cc/c4[n]3[Zn][n]3c2ccc3/C(c2ccc(C(=O)O)cc2)=C2/C=CC(=N2)/C=4c2ccc(N(c3ccccc3)c3ccccc3)cc2)cc1,chromophore,15.083784,73.82606
O=C(O)c1ccc(/C2=C3\C=CC(=N3)/C(c3ccc(N(c4ccccc4)c4ccccc4)cc3)=c3/cc/c4[n]3[Zn][n]3c2ccc3/C(c2ccc(N(c3ccccc3)c3ccccc3)cc2)=C2/C=CC(=N2)/C=4c2ccc(C(=O)O)cc2)cc1,chromophore,15.083784,73.82606
O=C(O)c1ccc(/C=C/c2ccc(N(c3ccccc3)c3ccccc3)cc2)cc1,chromophore,34.487637,-19.227911
O=C(O)c1ccc(/N=C/C=C(\Cl)c2ccc(N(c3ccccc3)c3ccccc3)cc2)cc1O,chromophore,30.208807,-30.249048
O=C(O)c1ccc(C#C/C2=C3\C=CC(=N3)/C(c3ccccc3)=c3/cc/c4[n]3[Zn][n]3c2ccc3/C(c2ccccc2)=C2/C=CC(=N2)/C=4N(c2ccccc2)c2ccccc2)cc1,chromophore,14.745621,74.36424
O=C(O)c1ccc(C#C/C2=c3\cc/c4[n]3[Zn][n]3c(ccc3/C(N(c3ccccc3)c3ccccc3)=C3/C=CC(=N3)/C=4c3ccccc3)/C(c3ccccc3)=C3/C=CC2=N3)cc1O,chromophore,14.898671,74.297066
O=C(O)c1ccc(C(=O)O)c(-c2c3ccc(=O)cc-3oc3cc(O)ccc23)c1,chromophore,-40.271698,-34.75002
O=C(O)c1ccc(C2CC(c3cccc4ccccc34)=NN2c2ccccc2)cc1,chromophore,-30.621132,4.1601167
O=C(O)c1ccc2c(c1)nc1c3cccc4c(-c5ccc(N(c6ccccc6)c6ccccc6)cc5)ccc(c(=O)n21)c43,chromophore,29.413881,-31.611216
O=C(O)c1ccc2c3ccc(C(=O)O)c4c(C(=O)O)ccc(c5ccc(C(=O)O)c1c25)c43,chromophore,-25.19128,23.752048
O=C(O)c1ccc2ccc3cccc4ccc1c2c34,chromophore,-20.500864,-24.039562
O=C(O)c1cccc(N(c2ccccc2)c2ccccc2)c1,chromophore,30.177258,-30.2801
O=C(O)c1ccccc1-c1c2cc(Br)c(=O)c(Br)c-2oc2c(Br)c(O)c(Br)cc12,chromophore,-39.07935,-34.75568
O=C(O)c1ccccc1-c1c2cc(Cl)c(=O)cc-2oc2cc(O)c(Cl)cc12,chromophore,-39.430275,-34.673313
O=C(O)c1ccccc1-c1c2ccc(=O)cc-2oc2cc(O)ccc12,chromophore,-39.660446,-35.317833
O=C(O)c1ccccc1-c1nc(-c2ccccc2)c2ccccn12,chromophore,-31.08947,5.000247
O=C(O)c1ccccc1Nc1ccccc1,chromophore,-30.879827,10.0929785
O=C(OCCCCCCO)c1ccc2c(c1)c1cccc3cnc2n31,chromophore,-28.479237,-11.359674
O=C(ON1C(=O)C=CC1=O)c1cc(Cl)c(C(=O)O)c(-c2c3cc(Cl)c(=O)cc-3oc3cc(O)c(Cl)cc23)c1Cl,chromophore,-39.921535,-33.371044
O=C(ON1C(=O)CCC1=O)c1cc(Cl)c(C(=O)O)c(-c2c3cc(Cl)c(=O)c(Cl)c-3oc3c(Cl)c(O)c(Cl)cc23)c1Cl,chromophore,-39.96051,-33.15296
O=C(ON1C(=O)CCC1=O)c1cc(Cl)c(C(=O)O)c(-c2c3cc(Cl)c(=O)cc-3oc3cc(O)c(Cl)cc23)c1Cl,chromophore,-39.95799,-33.281403
O=C([O-])c1cc(N2C(=O)C=CC2=O)ccc1-c1c2cc(F)c(=O)cc-2oc2cc([O-])c(F)cc12,chromophore,-37.47528,-34.77645
O=C([O-])c1ccccc1-c1c2cc(Br)c(=O)c(Br)c-2oc2c(Br)c([O-])c(Br)cc12,chromophore,-38.924927,-34.855736
O=C([O-])c1ccccc1-c1c2cc(I)c(=O)c(I)c-2oc2c(I)c([O-])c(I)cc12,chromophore,-38.935555,-34.835472
O=C([O-])c1ccccc1-c1c2ccc(=[N+]3CCCC3)cc-2oc2cc(N3CCCC3)ccc12,chromophore,-2.0129879,-73.49436
O=C([O-])c1ccccc1C1=c2cc3c(cc2Oc2cc4c(cc21)CCCN4)=[NH+]CCC3,chromophore,-21.041138,1.7529722
O=C([O-])c1ccccc1C1=c2cc3c4c(c2Oc2c1cc1c5c2CCCN5CCC1)CCC[N+]=4CCC3,chromophore,-21.292551,1.5798004
O=C(c1ccc(-n2c3ccc(-c4ccccc4)cc3c3cc(-c4ccccc4)ccc32)cc1)c1ccc(-n2c3ccc(-c4ccccc4)cc3c3cc(-c4ccccc4)ccc32)cc1,chromophore,3.1795607,-32.934753
O=C(c1ccc(C(=C(c2ccc(C(=O)c3ccc(-n4c5ccccc5c5ccccc54)cc3)cc2)c2ccc(C(=O)c3ccc(-n4c5ccccc5c5ccccc54)cc3)cc2)c2ccccc2)cc1)c1ccc(-n2c3ccccc3c3ccccc32)cc1,chromophore,2.7888513,-31.757965
O=C(c1ccc(C(=C(c2ccccc2)c2ccccc2)c2ccccc2)cc1)c1ccc(-n2c3ccccc3c3ccccc32)cc1,chromophore,2.7888358,-31.75786
O=C(c1ccc(F)cc1)c1nn(-c2ccc(N(c3ccccc3)c3ccccc3)cc2)nc1-c1ccccc1,chromophore,31.424196,-32.88344
O=C(c1ccc(N(c2ccccc2)c2ccccc2)cc1)[C@H]1[C@H](c2cccs2)C[C@](O)(c2ccccn2)C[C@]1(O)c1ccccn1,chromophore,31.923874,-31.521145
O=C(c1ccc(N2c3ccccc3Oc3ccccc32)cc1)c1ccc2sc3ccccc3c2c1,chromophore,5.752255,7.3667254
O=C(c1ccc2c3c(cccc13)-c1cccc3c1C2CC=C3)c1c(Cc2ccccc2)c2ccc3cccc4c5cccc6ccc1c(c65)c2c34,chromophore,-21.038048,-23.135656
O=C(c1ccc2ccccc2c1)c1nn(-c2ccc(N(c3ccccc3)c3ccccc3)cc2)nc1-c1ccccc1,chromophore,30.94114,-32.69384
O=C(c1ccccc1)c1ccc(-n2c3ccccc3c3c2c2ccccc2n3-c2ccccc2)cc1,chromophore,2.7734585,-31.731632
O=C(c1ccccc1)c1nn(-c2ccc(N(c3ccccc3)c3ccccc3)cc2)nc1-c1ccccc1,chromophore,31.498838,-32.673088
O=C(c1nn(-c2ccc(N(c3ccccc3)c3ccccc3)cc2)nc1-c1ccccc1)c1c(F)c(F)c(F)c(F)c1F,chromophore,31.460106,-32.869404
O=C1/C(=C2\Nc3cc4ccc5cccc6ccc(c3C2=O)c4c56)Nc2cc3ccc4cccc5ccc(c21)c3c45,chromophore,-18.8215,-25.436317
O=C1C(/C=C2/Sc3ccccc3N2CCCCS(=O)(=O)[O-])=C([O-])C/1=C/c1sc2ccccc2[n+]1CCCCS(=O)(=O)[O-],chromophore,14.002755,39.59875
O=C1C=C(Nc2ccc(F)cc2)C(=O)c2ccccc21,chromophore,-16.564966,-2.6848967
O=C1C=C(Nc2ccc([N+](=O)[O-])cc2[N+](=O)[O-])C(=O)c2ccccc21,chromophore,1.7519596,16.982775
O=C1C=C(Nc2cccc(F)c2)C(=O)c2ccccc21,chromophore,-16.560442,-2.6622543
O=C1C=C(Nc2ccccc2)CCC1,chromophore,-14.039477,2.137824
O=C1C=C(Nc2ccccc2F)C(=O)c2ccccc21,chromophore,-16.528711,-2.597219
O=C1C=C(Nc2ccccc2[N+](=O)[O-])C(=O)c2ccccc21,chromophore,1.6663948,16.920109
O=C1C=CC(=O)N1c1ccc2ccc3cccc4ccc1c2c34,chromophore,-18.41141,-25.286905
O=C1CC(=O)Nc2cc(Br)ccc2N1,chromophore,-15.686881,11.499437
O=C1CC(=O)Nc2cc(C(=O)O)ccc2N1,chromophore,-25.388508,18.89118
O=C1CC(=O)Nc2ccccc2N1,chromophore,-15.14958,1.9032955
O=C1CCCC2=C1C(c1ccc([N+](=O)[O-])cc1)c1c(c3ccccc3oc1=O)N2,chromophore,3.436626,23.953144
O=C1CCCc2c1[nH]c1cc3c(cc21)OCO3,chromophore,-15.677552,11.460748
O=C1Cc2cc3c(cc2CCCc2ccc(cc2)CCC3)CC(=O)Cc2ccc(c3nsnc23)C1,chromophore,-25.443913,1.7207768
O=C1NC(=O)/C(=C/c2ccc(N(c3ccccc3)c3ccccc3)cc2)S1,chromophore,36.5712,-22.88819
O=C1NC(=O)/C(=C\c2ccc(-c3ccc(-c4ccc(N(c5ccccc5)c5ccccc5)cc4)c4nsnc34)s2)N1,chromophore,29.410275,-41.613228
O=C1NC(=O)[C@H]([C@H]2C[C@H](O)[C@@H](CO)O2)C=C1C#Cc1ccc2c(c1)C(=O)c1ccccc1-2,chromophore,-33.647614,51.682743
O=C1NC(=O)[C@H]([C@H]2C[C@H](O)[C@@H](CO)O2)C=C1C#Cc1ccc2c(c1)Cc1ccccc1-2,chromophore,-33.649315,51.682556
O=C1NC(=O)c2ccc(N3CCOCC3)c3cccc1c23,chromophore,-20.456076,-1.8355098
O=C1NC(=O)c2ccc3c4ccc5c6c(ccc(c7ccc1c2c73)c64)C(=O)N(c1ccc(Cl)cc1)C5=O,chromophore,-28.298437,-15.538652
O=C1NC(=O)c2ccc3c4ccc5c6c(ccc(c7ccc1c2c73)c64)C(=O)N(c1ccc(O)cc1)C5=O,chromophore,-28.041933,-15.477032
O=C1NC(c2ccccc2)=C/C1=C\c1ccccc1,chromophore,-8.387385,-4.3969994
O=C1Nc2ccccc2/C1=C/C(=O)c1ccc(Cl)cc1,chromophore,-42.258213,-8.102054
O=C1Nc2ccccc2/C1=C/C(=O)c1ccc(Cl)cc1Cl,chromophore,-42.40867,-7.9976788
O=C1Nc2ccccc2/C1=C/C(=O)c1ccccc1,chromophore,-17.519518,1.9675152
O=C1OC(=O)[C@H]2[C@@H]1[C@@H]1C[C@H]2c2c1c(-c1ccccc1)c1ccccc1c2-c1ccccc1,chromophore,-13.585268,-16.228542
O=C1OC(=O)c2ccc(N(c3ccccc3)c3ccc4ccc5cccc6ccc3c4c56)c3cccc1c23,chromophore,25.160538,-39.763824
O=C1OC(c2ccccc2)=C/C1=C\c1ccc([N+](=O)[O-])cc1,chromophore,4.5865593,17.49347
O=C1OC(c2ccccc2)=C/C1=C\c1ccccc1,chromophore,-8.382252,-4.4281907
O=C1OC(c2ccccc2)=N/C1=C\c1ccc(N(c2ccc(/C=C3\N=C(c4ccccc4)OC3=O)cc2)c2ccc(/C=C3/N=C(c4ccccc4)OC3=O)cc2)cc1,chromophore,36.155575,-22.592283
O=C1O[B-]2(OC1=O)OC(c1ccccc1)=CC(c1ccc3ccccc3c1)=[O+]2,chromophore,-24.375578,-30.616154
O=C1[C@@H]2[C@H](C(=O)N1c1cccc3cc4ccccc4cc13)[C@H]1C[C@@H]2c2c1c(-c1ccccc1)c1ccccc1c2-c1ccccc1,chromophore,-14.541278,-17.766726
O=C1c2cc(F)ccc2-c2cnccc21,chromophore,-28.915932,-4.9589853
O=C1c2cc3ccccc3cc2C2=Nc3cccc[n+]3[B-](F)(F)N12,chromophore,-40.573414,-53.432926
O=C1c2ccc(-c3ccc(N(c4ccccc4)c4ccccc4)cc3)cc2C(=O)c2ccc(-c3ccc(N(c4ccccc4)c4ccccc4)cc3)cc21,chromophore,27.47041,-30.928692
O=C1c2ccc(N(c3ccccc3)c3ccccc3)cc2C(=O)c2ccc(N(c3ccccc3)c3ccccc3)cc21,chromophore,27.453478,-30.442049
O=C1c2ccc3c4c(-c5ccccc5)cc5c6c(ccc(c7c(-c8ccccc8)cc(c2c37)C(=O)N1C1CCCCC1)c64)C(=O)N(C1CCCCC1)C5=O,chromophore,-26.120682,-15.090688
O=C1c2ccc3c4c(Oc5ccccc5)cc5c6c(ccc(c7c(Oc8ccccc8)cc(c2c37)C(=O)N1c1ccc(O)cc1)c64)C(=O)N(c1ccc(O)cc1)C5=O,chromophore,-27.553154,-15.45896
O=C1c2ccc3c4ccc5c6c(ccc(c7ccc(c2c37)C(=O)N1c1ccc(O)cc1)c64)C(=O)N(c1ccc(O)cc1)C5=O,chromophore,-27.974491,-15.474944
O=C1c2cccc3cc(C#CC#Cc4cc5c6c(cccc6c4)C(=O)N(c4ccccc4)C5=O)cc(c23)C(=O)N1c1ccccc1,chromophore,-18.091545,-19.510588
O=C1c2ccccc2-c2c(-c3cccc(Cl)c3O)[nH]c(=O)n21,chromophore,-18.176117,0.17405918
O=C1c2ccccc2-c2c(-c3ccccc3O)[nH]c(=O)n21,chromophore,-18.154219,0.24320251
O=C1c2ccccc2-c2cc3ccccc3c(=O)n21,chromophore,-18.212673,-20.097002
O=C1c2ccccc2-c2ccc(Nc3nc(Cl)nc(Cl)n3)c3cccc1c23,chromophore,-19.837673,-18.992575
O=C1c2ccccc2-c2ccccc21,chromophore,-15.796637,-0.94600546
O=C1c2ccccc2-c2nc3c4ccccc4c4ccccc4c3n21,chromophore,-6.931174,-25.749739
O=C1c2ccccc2C(=O)c2cc(-c3ccc(N(c4ccccc4)c4ccccc4)cc3)ccc21,chromophore,27.446568,-30.882467
O=C1c2ccccc2C2=Cc3cc4c(cc3B(O)N12)OCO4,chromophore,-18.172762,-0.43324566
O=C1c2ccccc2C2=Cc3ccc4ccccc4[n+]3[B-](F)(F)N12,chromophore,-40.29563,-53.490982
O=C1c2ccccc2C2=Cc3cccc[n+]3[B-](F)(F)N12,chromophore,-40.070374,-53.79251
O=C1c2ccccc2C2=Nc3ccc4ccccc4[n+]3[B-](F)(F)N12,chromophore,-40.388557,-53.4371
O=CC1=C(c2ccc(-c3cccs3)s2)CC1,chromophore,-1.5946715,-14.056075
O=CC1=C(c2ccc(-c3cccs3)s2)CCC1,chromophore,-1.5381812,-13.965156
O=CN1N=C(c2ccc(Br)cc2)C[C@@H]1c1ccccc1,chromophore,-9.977146,-8.540269
O=Cc1c(O)c(-c2nc3ccccc3s2)cc2ccccc12,chromophore,-7.381771,-17.57852
O=Cc1c2c(cc3ccc(N4CCCC4)cc13)CCC2,chromophore,-27.489151,-0.14652386
O=Cc1cc(C=O)c2ccc3c(N4CCCCC4)cc(C=O)c4ccc1c2c43,chromophore,-27.761732,0.13955589
O=Cc1cc(C=O)c2ccc3c(N4CCCCC4)cc(N4CCCCC4)c4ccc1c2c43,chromophore,-27.764725,0.14042222
O=Cc1cc(N2CCCCC2)c2ccc3c(N4CCCCC4)cc(C=O)c4ccc1c2c43,chromophore,-27.762014,0.13952728
O=Cc1cc(N2CCCCC2)c2ccc3c(N4CCCCC4)cc(N4CCCCC4)c4ccc1c2c43,chromophore,-27.762606,0.13966703
O=Cc1ccc(-c2ccc(O)c(-c3nc4ccccc4s3)c2)o1,chromophore,-6.925502,-16.906118
O=Cc1ccc(-c2ccc3c4ccc(N(c5ccccc5)c5ccccc5)cc4n(CCCCCCC(=O)O)c3c2)cc1,chromophore,36.077065,-4.875496
O=Cc1ccc(-c2cccc(-c3nc4ccccc4s3)c2O)o1,chromophore,-6.9203043,-16.996666
O=Cc1ccc(-c2ccnc3ncnn23)cc1,chromophore,0.03545461,1.459774
O=Cc1ccc(-c2nc3ncccn3n2)cc1,chromophore,0.11889848,1.4462771
O=Cc1ccc(C#CC(C#Cc2ccc(C=O)o2)=Cc2ccc(C=C(C#Cc3ccc(C=O)o3)C#Cc3ccc(C=O)o3)cc2)o1,chromophore,49.68279,-9.6142025
O=Cc1ccc(C#CC(C#Cc2ccc(C=O)s2)=Cc2ccc(C=C(C#Cc3ccc(C=O)s3)C#Cc3ccc(C=O)s3)s2)s1,chromophore,49.77147,-5.2058716
O=Cc1ccc(C2=C3C=c4c(oc5ccccc45)=[N+]3[B-](F)(F)n3c2cc2c4ccccc4oc23)cc1,chromophore,-39.485126,-56.578926
O=Cc1ccc(Oc2ccc3c4c(cccc24)C(=O)N(CCO)C3=O)cc1,chromophore,19.899157,30.538084
O=Cc1ccc2c(c1)c1ccccc1n2-c1ccc(-c2ccc(-n3c4ccccc4c4cc(C=O)ccc43)cc2)cc1,chromophore,5.1766806,-33.124542
O=Cc1cnc(-c2c3ccccc3cc3ccccc23)nc1,chromophore,-10.757094,-21.411327
O=P(c1ccc(N2c3ccccc3Oc3ccccc32)cc1)(c1ccc(N2c3ccccc3Oc3ccccc32)cc1)c1ccc(N2c3ccccc3Oc3ccccc32)cc1,chromophore,5.6906223,6.412282
O=P1(c2ccccc2)C(c2ccc(C(F)(F)F)cc2)=Cc2cc3ccccc3cc21,chromophore,-4.563441,-8.495559
O=P1(c2ccccc2)C(c2ccc(C(F)(F)F)cc2)=Cc2ccccc21,chromophore,-4.4789534,-8.113127
O=P1(c2ccccc2)C(c2ccc(C3=Cc4ccccc4P3(=O)c3ccccc3)cc2)=Cc2ccccc21,chromophore,-10.759196,-6.837625
O=P1(c2ccccc2)C(c2ccccc2)=Cc2cc3ccccc3cc21,chromophore,-13.140363,-18.061392
O=P1(c2ccccc2)C(c2cccs2)=C(c2cccs2)c2ccccc21,chromophore,-2.7882311,-12.423521
O=P1(c2ccccc2)C(c2cccs2)=Cc2ccccc21,chromophore,-2.7706776,-12.465552
O=P1(c2ccccc2)c2cc(N3c4ccccc4Sc4ccccc43)ccc2-c2ccc(N3c4ccccc4Sc4ccccc43)cc21,chromophore,7.543751,7.8824224
O=P1(c2ccccc2)c2ccc(N3c4ccccc4Oc4ccccc43)cc2-c2cc(N3c4ccccc4Oc4ccccc43)ccc21,chromophore,5.9942718,6.365681
O=P1(c2ccccc2)c2cccc3c4ccccc4c4ccc1n4c23,chromophore,-1.9466571,-29.663599
O=P1(c2ccccc2)c2cccc3ccc4ccc1n4c23,chromophore,-17.363592,-19.13549
O=P1(c2ccccc2)c2cccc3cccc(c23)-c2cccc3cccc1c23,chromophore,-17.687222,-19.061634
O=P1(c2ccccc2)c2ccccc2N(c2ccccc2)c2ccccc21,chromophore,4.8285527,6.785995
O=S(=O)([O-])c1ccc2c([O-])cc(S(=O)(=O)[O-])cc2c1,chromophore,-30.349787,-7.991973
O=S(=O)([O-])c1cccc2c(O)cccc12,chromophore,-31.101938,-8.53747
O=S(=O)([O-])c1ccccc1-c1c2ccc(=[N+]3CC4CCC(CC4)C3)cc-2oc2cc(N3CC4CCC(CC4)C3)ccc12,chromophore,-2.1953025,-73.631004
O=S(=O)(c1ccc(-c2ccc(-n3c4ccccc4c4ccccc43)cc2)cc1)c1ccc(-c2ccc(-n3c4ccccc4c4ccccc43)cc2)cc1,chromophore,4.213631,-33.318367
O=S(=O)(c1ccc(-c2ccc3c(c2)c2ccccc2n3-c2ccccc2)cc1)c1ccc(-c2ccc3c(c2)c2ccccc2n3-c2ccccc2)cc1,chromophore,4.1774464,-33.485287
O=S(=O)(c1ccc(N(c2ccccc2)c2ccccc2)cc1)c1ccc(S(=O)(=O)c2ccc(N(c3ccccc3)c3ccccc3)cc2)cc1,chromophore,26.265352,-31.822987
O=S(=O)(c1ccccc1)c1ccc(-c2ccc3c4ccc(-c5ccc(S(=O)(=O)c6ccccc6)cc5)cc4n(-c4ccccc4)c3c2)cc1,chromophore,4.147374,-33.413067
O=S1(=O)C2=C(c3ccccc31)C1(C3=C(c4ccccc41)S(=O)(=O)c1ccccc13)c1ccccc12,chromophore,-13.973427,-0.68778425
O=S1(=O)C2=C(c3ccccc31)C1(c3ccccc32)c2ccccc2-c2sc3ccccc3c21,chromophore,-2.9327383,-18.767437
O=S1(=O)c2ccc(-c3ccc(-n4c5ccccc5c5ccccc54)cc3)cc2C2(c3ccccc3-c3ccccc32)c2cc(-c3ccc(-n4c5ccccc5c5ccccc54)cc3)ccc21,chromophore,4.4435663,-37.56425
O=S1(=O)c2ccccc2-c2c1c1ccccc1p2-c1ccccc1,chromophore,-12.427241,-3.170422
O=[N+]([O-])C=Cc1ccc(N(c2ccccc2)c2ccccc2)cc1,chromophore,29.50345,-19.537844
O=[N+]([O-])c1cc(Cl)ccc1-c1cc2n(c1)[B-](F)(F)[N+]1=CC=CC1=C2c1ccccc1,chromophore,-32.587166,-59.761024
O=[N+]([O-])c1ccc(-c2nc3c(c4c2-c2ccccc2CC4)-c2ccccc2CC3)cc1,chromophore,3.374255,16.218014
O=[N+]([O-])c1ccc(-c2sc(N(c3ccccc3)c3ccccc3)nc2-c2ccc(Br)cc2)s1,chromophore,34.22805,-35.751823
O=[N+]([O-])c1ccc(-n2ncc(-c3ccccc3)n2)cc1,chromophore,3.2467196,17.330961
O=[N+]([O-])c1ccc(/C=C/c2c[nH]c3ccccc23)cc1,chromophore,5.609758,16.787207
O=[N+]([O-])c1ccc(C#Cc2cc3ccccc3cc2C#Cc2ccc([N+](=O)[O-])cc2)cc1,chromophore,7.433494,21.298336
O=[N+]([O-])c1ccc(C#Cc2ccc3ccc(C#Cc4ccc([N+](=O)[O-])cc4)cc3c2)cc1,chromophore,7.3468447,21.227343
O=[N+]([O-])c1ccc(C#Cc2ccc3ccccc3c2)cc1,chromophore,7.459044,21.328154
O=[N+]([O-])c1ccc(C2=C3C=CC=[N+]3[B-](F)(F)n3c2ccc3N2CCOCC2)cc1,chromophore,-31.920609,-59.949303
O=[N+]([O-])c1ccc(F)cc1C1CC(c2cccc3ccccc23)=NN1c1ccccc1,chromophore,-17.832687,-32.373455
O=[N+]([O-])c1ccc(N/C=C/C=[NH+]c2ccc([N+](=O)[O-])cc2)cc1,chromophore,4.9322314,20.361614
O=[N+]([O-])c1ccc(NCc2ccccc2)c2nonc12,chromophore,-0.4653341,20.617268
O=[N+]([O-])c1ccc(O)c(-c2nc3c(c4c2-c2ccccc2CC4)-c2ccccc2CC3)c1,chromophore,3.3279512,16.222757
O=[N+]([O-])c1ccc(S(=O)(=O)Nc2ccc(C#Cc3ccc4ccc5ccc(C#Cc6ccc(NS(=O)(=O)c7ccc([N+](=O)[O-])cc7[N+](=O)[O-])cc6)c6ccc3c4c56)cc2)c([N+](=O)[O-])c1,chromophore,7.3787813,21.142075
O=[N+]([O-])c1ccc2c(ccc3[n+]2[B-](F)(F)n2c-3cc3c4ccccc4c4ccccc4c32)c1,chromophore,-41.923367,-51.1159
O=[N+]([O-])c1ccc2nc3cc4ccccc4cc3c(-c3ccccc3)c2c1,chromophore,2.848788,16.976255
O=[N+]([O-])c1cccc(O)c1,chromophore,3.8910086,19.638746
O=[N+]([O-])c1cccc2c1ccc1[n+]2[B-](F)(F)n2c-1cc1c3ccccc3c3ccccc3c12,chromophore,-41.916786,-51.142754
O=[N+]([O-])c1ccccc1C1=CC2=C(c3ccccc3)c3cc(-c4ccccc4[N+](=O)[O-])cn3[B-](F)(F)[N+]2=C1,chromophore,-32.587536,-59.8087
O=[N+]([O-])c1ccco1,chromophore,2.3381875,22.123116
O=c1c(-c2ccc(Br)cc2)coc2cc(O)ccc12,chromophore,-33.96014,-28.73334
O=c1c(-c2ccc(F)cc2)coc2cc(O)ccc12,chromophore,-34.232872,-28.862518
O=c1c(-c2ccc(O)cc2)coc2cc(O)cc(O)c12,chromophore,-33.915493,-28.675014
O=c1c2cc(Br)ccc2nc2n1[B-](F)(F)[n+]1ccccc1-2,chromophore,-41.848454,-54.05253
O=c1c2cc(Cl)ccc2nc2n1[B-](F)(F)[n+]1ccccc1-2,chromophore,-42.01579,-53.751465
O=c1c2cc(F)c(O)cc2oc2cc(N3CCCCC3)c(F)cc12,chromophore,-28.625965,1.1179543
O=c1c2cc(F)ccc2nc2n1[B-](F)(F)[n+]1ccccc1-2,chromophore,-41.86047,-53.98779
O=c1c2cc(I)ccc2nc2n1[B-](F)(F)[n+]1ccccc1-2,chromophore,-41.84262,-54.097523
O=c1c2ccccc2c2c(C#C[Si](c3ccccc3)(c3ccccc3)c3ccccc3)c3c(=O)c4ccccc4c3c(C#C[Si](c3ccccc3)(c3ccccc3)c3ccccc3)c12,chromophore,-8.103563,-26.582663
O=c1c2ccccc2c2c3c(cccc13)c(-c1ccccc1)c1c3cccc4cccc(c43)c12,chromophore,-15.63091,-18.815845
O=c1c2ccccc2n(-c2ccc(-c3ccc(-n4c5ccccc5c(=O)c5ccccc54)cc3)cc2)c2ccccc12,chromophore,4.0825877,-33.22478
O=c1c2ccccc2n(-c2ccc(-c3ccc(N(c4ccccc4)c4ccccc4)cc3)cc2)c2ccccc12,chromophore,15.783988,-38.655354
O=c1c2ccccc2n2c3ccccc3c(=O)c3cc(-c4ccccc4)cc1c32,chromophore,-2.4702897,-29.622868
O=c1c2ccccc2n2c3ccccc3c(=O)c3cccc1c32,chromophore,-1.9858034,-29.615763
O=c1c2ccccc2nc2n1[B-](F)(F)[n+]1ccccc1-2,chromophore,-41.84455,-54.145927
O=c1c2ccccc2sc2ccc(-n3c4ccccc4c4ccccc43)cc12,chromophore,1.011343,-31.582642
O=c1cc(-c2ccccc2)oc(-c2ccc(-c3nc4ccccn4c3NC3CCCCC3)cc2)c1,chromophore,-25.153042,-12.619228
O=c1cc(-c2ccccc2)oc(-c2nc3ccccn3c2NC2CCCCC2)c1,chromophore,-25.157335,-12.621818
O=c1cc(C(F)(F)F)c2cc3c4c(c2o1)CCCN4CCC3,chromophore,-28.558435,1.1768508
O=c1cc2c(-c3c(O)c4cccc5ccc6oc(=O)cc3c6c54)c(O)c3cccc4ccc(o1)c2c43,chromophore,-24.1065,-28.189798
O=c1ccc(-c2cccc(Cl)c2)nn1-c1cccs1,chromophore,-46.601173,-11.036957
O=c1ccc(-c2cccc(Cl)c2)nn1-c1cnc2ccccc2c1,chromophore,-46.765957,-11.155023
O=c1nc(-c2ccc(S(=O)(=O)N3CCOCC3)cc2)c2c(=O)nc(-c3ccccc3)c1=2,chromophore,-19.744675,-7.7841043
O=c1nc(-c2ccc(S(=O)(=O)Nc3cc(Cl)c(O)c(Cl)c3)cc2)c2c(=O)nc(-c3ccccc3)c1=2,chromophore,-37.93241,-8.221925
O=c1nc(-c2ccc(S(=O)(=O)Nc3ccc(O)c(Cl)c3)cc2)c2c(=O)nc(-c3ccccc3)c1=2,chromophore,-37.936028,-8.217691
O=c1oc2ccc(Br)cc2cc1-c1cc2cc(Br)ccc2o1,chromophore,-29.564285,-30.157969
O=c1oc2cccc3c4cccc5ccc6c7cc(F)ccc7c1c(c23)c6c54,chromophore,-23.88779,-28.161205
O=c1oc2ccccc2c2c1c(=O)oc1cc(O)c3ccccc3c12,chromophore,-29.570557,-27.418364
O=c1oc2ccccc2cc1-c1cccc(-c2cc3ccccc3oc2=O)c1,chromophore,-26.537436,-29.173676
O=c1oc2ccccc2cc1/C=C/c1ccc([N+](=O)[O-])cc1,chromophore,5.390701,17.411907
OCCOc1ccc2c(c1)c1cccc3cnc2n31,chromophore,-28.380793,-11.388426
OCCSc1cccc2[n+]1[B-](F)(F)n1c(c3cccc4cccc1c43)=N2,chromophore,-44.676674,-53.098946
OCc1cc(/N=N/c2ccc(-c3c4ccccc4cc4ccccc34)cc2F)ccc1O,chromophore,-16.538673,-30.293413
OCc1cc(/N=N/c2ccc(-c3ccc4ccccc4c3)cc2F)ccc1O,chromophore,-16.546726,-30.30525
OCc1cc(/N=N\c2ccc(-c3c4ccccc4cc4ccccc34)cc2F)ccc1O,chromophore,-16.538673,-30.293413
OCc1ccc(/C=c2\o/c(=C\c3ccc(N4CCCCC4)cc3)c3ccccc23)cc1,chromophore,-0.23895474,6.569998
OCc1ccc2c(c1)c1cccc3cnc2n31,chromophore,-28.245089,-11.368241
Oc1cc(-c2cccs2)ccc1-c1nc2ccccc2s1,chromophore,-7.3347964,-16.098585
Oc1cc2c(cc1-c1nc3c4ccccc4c4ccccc4c3[nH]1)c1ccccc1n2-c1ccccc1,chromophore,1.6885397,-33.34754
Oc1ccc(-c2ccc(N(c3ccccc3)c3ccccc3)cc2)cc1-c1nc2ccccc2o1,chromophore,24.503618,-36.961147
Oc1ccc(-c2ccc(N(c3ccccc3)c3ccccc3)cc2)cc1-c1ncc(-c2ccccc2)o1,chromophore,24.46108,-36.961273
Oc1ccc(/C2=C3\C=CC(=N3)/C(c3ccc(O)c(O)c3)=c3/cc/c4[n]3[Zn][n]3c2ccc3/C(c2ccc(O)c(O)c2)=C2/C=CC(=N2)/C=4c2ccc(O)c(O)c2)cc1O,chromophore,16.091915,72.30742
Oc1ccc(/N=C/c2ccccc2Oc2ccccc2)cc1,chromophore,-7.5240726,-1.1917962
Oc1ccc2ccc3cccc4ccc1c2c34,chromophore,-18.282185,-24.333897
Oc1ccc2ccccc2c1-c1nn(-c2ccccc2)nc1C1=CCCCC1,chromophore,-10.404355,-22.275238
Oc1ccc2ccccc2c1/C=N/CC/N=C/c1c(O)ccc2ccccc12,chromophore,-14.693451,-24.958097
Oc1cccc(-c2nc(-c3ccccc3)c(-c3ccccc3)[nH]2)c1,chromophore,-11.664864,-13.811503
Oc1cccc(/C2=C3\C=CC(=N3)/C(c3cccc(O)c3O)=c3/cc/c4[n]3[Zn][n]3c2ccc3/C(c2cccc(O)c2O)=C2/C=CC(=N2)/C=4c2cccc(O)c2O)c1O,chromophore,16.12535,72.108696
Oc1cccc2ccccc12,chromophore,-15.06197,-24.520287
Oc1ccccc1,chromophore,-8.927261,-2.164033
Oc1ccccc1-c1nc2c3ccccc3c3ccccc3c2o1,chromophore,-7.7397537,-24.562014
Oc1ccccc1-c1nc2ccccc2s1,chromophore,-7.3030286,-16.792183
Oc1ccccc1/C=N/N=C/c1ccccc1O,chromophore,-8.229663,-1.5997175
Oc1ccccc1/C=N/c1cc2nc3ccccc3nc2cc1/N=C/c1ccccc1O,chromophore,-7.878571,-17.241697
Oc1ccccc1/N=C/c1ccccc1Oc1ccccc1,chromophore,-7.545259,-1.2055721
Oc1nc(-c2ccc(-c3ccc(-c4ccc(N(c5ccccc5)c5ccccc5)cc4)s3)cc2)nc(-c2ccc(-c3ccc(-c4ccc(N(c5ccccc5)c5ccccc5)cc4)s3)cc2)n1,chromophore,30.45042,-38.40821
S=P1(c2ccccc2)c2cccc3ccc4ccc1n4c23,chromophore,-17.224855,-19.144413
[C-]#[N+]/C(=C/c1ccc(N(c2ccc(-c3cccc(N(C)C)c3)cc2)c2ccc(-c3nc4c(-c5cccc(OC)c5)ccc(-c5cccc(OC)c5)c4[nH]3)cc2)cc1)C(=O)O,chromophore,27.864607,-46.50021
[C-]#[N+]c1ccc(-c2ccc(N)cc2)cc1,chromophore,-21.331696,-9.144863
[C-]#[N+]c1cccc2c(N)cccc12,chromophore,-7.872525,-20.445448
[NH2+]=C1c2cccn2[B-](F)(F)n2cccc21,chromophore,-37.191822,-52.798176
[NH2+]=c1ccc2c(-c3ccc(CN4CCC5(CC4)OCCO5)cc3)c3ccc(N4CCCCC4)cc3oc-2c1,chromophore,-0.10910397,-70.53164
[NH2+]=c1ccc2c(-c3ccc(F)cc3)c3ccc(N4CCCCC4)cc3oc-2c1,chromophore,-0.30898824,-70.80426
[NH2+]=c1ccc2c(-c3ccc(Oc4ccccc4)cc3)c3c(cc4n3CCCCCC=C4)oc-2c1,chromophore,-2.2563708,-70.31209
[NH2+]=c1ccc2c(-c3ccc4c(c3)OCO4)c3c(cc4n3CCCCCC=C4)oc-2c1,chromophore,-1.9800209,-70.25696
[NH2+]=c1ccc2c(-c3ccc4ccccc4c3)c3c(cc4n3CCCCCC=C4)oc-2c1,chromophore,-2.303785,-70.18321
[NH2+]=c1ccc2c(-c3ccc4ccccc4c3)c3ccc(O)cc3oc-2c1,chromophore,-1.898121,-67.10957
[NH2+]=c1ccc2c(-c3cccc(CN4CCOCC4)c3)c3c(cc4n3CCCCCC=C4)oc-2c1,chromophore,-2.1793249,-70.27772
[NH3+]c1cc([NH3+])cc(-c2nc3ccccc3s2)c1,chromophore,-7.691848,-15.908016
[NH3+]c1ccc2c(c1)Cc1ccccc1-2,chromophore,-12.764846,-1.7706543
[N]=[C]/C(=C\c1ccc(OCc2cc(OCc3ccccc3)cc(OCc3ccccc3)c2)cc1)c1ccc(/C2=C3\C=CC(=N3)/C(c3ccc(C(=O)O)cc3)=c3/cc/c4[n]3[Zn][n]3c2ccc3/C(c2ccc(/C([C]=[N])=C/c3ccc(OCc5cc(OCc6ccccc6)cc(OCc6ccccc6)c5)cc3)cc2)=C2/C=CC(=N2)/C=4c2ccc(/C([C]=[N])=C/c3cccc(OCc4cc(OCc5ccccc5)cc(OCc5ccccc5)c4)c3)cc2)cc1,chromophore,16.13631,74.22082
[O-][n+]1c(/C=C/c2cc3cccc4c5cccc6cccc(c(c2)c34)c65)nc(N2CCOCC2)c2c1CCCC2,chromophore,-20.458988,-17.407421
[O-][n+]1ccc(-c2ccc(N(c3ccccc3)c3ccccc3)cc2)cc1,chromophore,26.141306,-34.247948
[O-]c1c(-c2ccccc2)cc(-[n+]2c(-c3ccccc3)cc(-c3ccccc3)cc2-c2ccccc2)cc1-c1ccccc1,chromophore,-11.906051,-6.3535028
c12c3c4c5c1c1c6c7c2c2c8c3c3c9c4c4c%10c5c5c1c1c6c6c%11c%12c%13c%14c%15c%16c%17c%14c%14c%18c%13c%11c1c1c5c%10c5c(c%14c%10c%17c%11c%13c%16c%14c%16c%15c%12c%12c%16c(c2c7c%126)c2c8c3c(c%13c%142)c2c9c4c5c%10c%112)c%181,chromophore,-15.150565,22.593813
c1cc(-c2c3ccccc3c(-c3ccc4ccccc4c3)c3ccccc23)cc(-n2c3ccccc3c3ccccc32)c1,chromophore,4.7520404,-35.625755
c1cc(-c2ccc(N3CCCCC3)cc2)n2ncnc2n1,chromophore,-25.984396,0.602628
c1cc(-c2nc3sc(-c4ccncc4)nc3s2)ccn1,chromophore,-5.1838317,-14.703547
c1cc2c(C3SCCCS3)c3ccc(=[N+]4CCCCC4)cc-3oc2cc1N1CCCCC1,chromophore,-2.1944432,-72.655716
c1cc2c([nH]c3c4[nH]c5sccc5c4c4nsnc4c23)s1,chromophore,-4.9526744,-17.505337
c1cc2c3c(cccc3c1)-c1c-2c2ccccc2c2ccccc12,chromophore,-15.811591,-22.925953
c1cc2c3c(cccc3c1)-c1cc3c(ccc4ccccc43)cc1-2,chromophore,-15.967642,-22.422913
c1cc2c3c(cccc3c1)C(N1CCOCCOCCOCCOCC1)=N2,chromophore,-19.43826,-17.559027
c1cc2c3c(cccc3c1)NC(c1ccc3ccc4cccc5ccc1c3c45)N2,chromophore,-17.943033,-24.792784
c1cc2c3ccc[n+]4cccc(c5ccc[n+](c1)c25)c34,chromophore,-7.626013,-20.536802
c1cc2cc(-c3ccncc3)c3cccc4c(-c5ccncc5)cc(c1)c2c34,chromophore,-15.230613,-20.76925
c1cc2cc(-c3ccncc3)c3cccc4cc(-c5ccncc5)c(c1)c2c43,chromophore,-15.227278,-20.775475
c1cc2cc(c1)c1cccc(c1)c1ccc3c(c1)c1cc(ccc1[C@]14OCCO[C@]31OCCO4)c1cccc(c1)c1cccc2c1,chromophore,-17.48444,-21.715475
c1cc2cc(c1)c1cccc(c1)c1ccc3ccc4ccc(cc4c3c1)c1cccc(c1)c1cccc2c1,chromophore,-16.943039,-22.801867
c1cc2cc3ccc(N4CCC4)cc3nc2cc1N1CCC1,chromophore,-26.380478,-0.35402665
c1cc2ccc1-c1ccc(cc1)-c1ccc(s1)-c1ccc(cc1)-c1ccc(cc1)-c1ccc(s1)-c1ccc(cc1)-c1ccc(cc1)-c1ccc(s1)-c1ccc(cc1)-c1ccc(cc1)-c1ccc-2s1,chromophore,-0.95187694,-15.303119
c1cc2ccc1-c1ccc(cc1)-c1sc(c3c1OCCO3)-c1ccc(cc1)-c1ccc(cc1)-c1sc(c3c1OCCO3)-c1ccc(cc1)-c1ccc(cc1)-c1sc-2c2c1OCCO2,chromophore,-4.5545607,-12.897251
c1cc2ccc3[o+]c4ccc5cccc6c7cccc8c(c1)c2c3c(c87)c4c56,chromophore,-16.842182,-24.297005
c1cc2ccc3ccc(-c4ccc(-c5nnc(-c6ccc(-c7nnc(-c8ccc(-c9ccc%10ccc%11cccc%12ccc9c%10c%11%12)s8)o7)cc6)o5)s4)c4ccc(c1)c2c34,chromophore,-16.217398,-27.85879
c1cc2ccc3ccc(OP4(Oc5ccc6ccc7cccc8ccc5c6c78)=NP(Oc5ccc6ccc7cccc8ccc5c6c78)(Oc5ccc6ccc7cccc8ccc5c6c78)=NP(Oc5ccc6ccc7cccc8ccc5c6c78)(Oc5ccc6ccc7cccc8ccc5c6c78)=N4)c4ccc(c1)c2c34,chromophore,-17.20797,-25.209064
c1cc2ccc3ccc4cc3c2cc1CCCCCCc1ccc2ccc3ccc-4cc3c2c1,chromophore,-21.922535,-12.762157
c1cc2ccc3cccc4c(-c5cc(-c6nccs6)nc(-c6nccs6)c5)cc(c1)c2c34,chromophore,-14.867706,-20.749626
c1cc2cccc3c4cccc5cccc(c(c1)c23)c54,chromophore,-16.521,-24.387165
c1cc2oc3cccc4oc5cccc6oc(c1)c2[c+](c34)c65,chromophore,-9.479648,-0.076473095
c1cc2sc3ccsc3c2s1,chromophore,-3.2932494,-14.580432
c1ccc(-c2[o+]c3c(-c4ccccc4)c(-c4ccccc4)c4cccc5ccc(c2-c2ccccc2)c3c54)cc1,chromophore,-15.660321,-18.95481
c1ccc(-c2c3c(c(-c4ccccc4)c4cc5ccccc5cc24)Cc2c(c(-c4ccccc4)c4cc5ccccc5cc4c2-c2ccccc2)C3)cc1,chromophore,-13.628084,-18.158777
c1ccc(-c2c3c(cc4c2-c2ccccc2C4)-c2ccccc2C3)cc1,chromophore,-11.654423,-5.3472667
c1ccc(-c2c3ccc(=[N+]4CCCCC4)cc-3oc3cc(N4CCCCC4)ccc23)cc1,chromophore,-2.0645993,-72.38425
c1ccc(-c2c3ccccc3c(-c3ncccn3)c3ccccc23)cc1,chromophore,-8.15142,-19.15127
c1ccc(-c2cc(-c3ccc(-c4nc(-c5ccccn5)c(-c5ccccn5)[nH]4)cc3)cc(-c3ccccn3)n2)nc1,chromophore,-11.304448,-13.376506
c1ccc(-c2cc(-c3ccc(N4c5ccccc5C5(c6ccccc64)c4ccccc4N(c4ccc(-c6cc(-c7ccccc7)nc(-c7ccccc7)n6)cc4)c4ccccc45)cc3)nc(-c3ccccc3)n2)cc1,chromophore,10.375683,3.4250362
c1ccc(-c2cc(-c3ccc4c(c3)C3(c5ccccc5-c5ccccc53)c3cc(-c5cc(-c6ccccn6)nc(-c6ccccn6)c5)ccc3-4)cc(-c3ccccn3)n2)nc1,chromophore,-13.665285,-3.9903102
c1ccc(-c2cc(-c3ccccc3)cc(-c3ccccc3)c2)cc1,chromophore,-11.34867,-7.0073924
c1ccc(-c2cc3c(-c4ccccc4)c4cccc5c(-c6ccccc6)cc6c(-c7ccccc7)c7cccc2c7c3c6c54)cc1,chromophore,-14.65311,-18.725828
c1ccc(-c2cc3c(ccc4c5cc(-c6ccccc6)oc5ccc34)o2)cc1,chromophore,-12.2016325,-16.33348
c1ccc(-c2cc3c(oc4ccccc43)c(-c3ccccc3)[o+]2)cc1,chromophore,-12.325873,-16.340609
c1ccc(-c2cc3cc4cc5oc(-c6ccccc6)cc5cc4cc3o2)cc1,chromophore,-11.9622965,-16.294016
c1ccc(-c2cc3cc4cccc5c(-c6ccccc6)cc6cc7cccc2c7c3c6c45)cc1,chromophore,-14.889574,-19.24238
c1ccc(-c2cc3cc4ccccc4cc3p2-c2ccccc2)cc1,chromophore,-13.311838,-18.253134
c1ccc(-c2cc3ccc4cc5c(ccc6cc(-c7ccccc7)oc65)cc4c3o2)cc1,chromophore,-12.0581045,-16.528717
c1ccc(-c2cc3cccc[n+]3[b-]3c(-c4cccc5[b-]4[n+]4ccccc4cc5-c4ccccc4)cccc32)cc1,chromophore,-12.038729,-6.3613214
c1ccc(-c2ccc(-c3ccc4c(c3)CCCO4)cc2)cc1,chromophore,-12.042867,-7.5537643
c1ccc(-c2ccc(-c3nc(-n4c5ccccc5c5ccc6c7ccccc7n(-c7ccccc7)c6c54)nc(-n4c5ccccc5c5ccc6c7ccccc7n(-c7ccccc7)c6c54)n3)cc2)cc1,chromophore,2.2357738,-34.796402
c1ccc(-c2ccc3c(c2)C2(c4ccccc4-c4ccccc42)c2ccccc2-3)cc1,chromophore,-13.104502,-4.802031
c1ccc(-c2ccc3c(c2)c2ccccc2n2c4ccccc4nc32)cc1,chromophore,1.4616525,-33.71404
c1ccc(-c2cnc3nn4ccccc4c3n2)cc1,chromophore,-9.426089,-10.8688
c1ccc(-c2cnn(-c3ccc(N(c4ccccc4)c4ccccc4)cc3)n2)cc1,chromophore,27.907984,-34.10173
c1ccc(-c2cnn(-c3cccc4ccccc34)n2)cc1,chromophore,-9.475549,-22.934933
c1ccc(-c2cnn(-c3ccccc3)n2)cc1,chromophore,-9.402449,-9.731678
c1ccc(-c2nc(-c3c[nH]c4ccccc34)n3ccccc23)cc1,chromophore,-1.9908093,-27.115093
c1ccc(-c2nc(-c3ccc(-c4ccc(-c5nc(-c6ccccc6)c(-c6ccccc6)o5)cc4)cc3)oc2-c2ccccc2)cc1,chromophore,-10.336658,-14.158775
c1ccc(-c2nc(-c3ccc(-c4ccc(N(c5ccccc5)c5ccccc5)cc4)cn3)oc2-c2ccccc2)cc1,chromophore,25.4022,-36.21416
c1ccc(-c2nc(-c3ccc(-c4nc(-c5ccccc5)c(-c5ccccc5)[nH]4)cc3)[nH]c2-c2ccccc2)cc1,chromophore,-11.278644,-13.3584175
c1ccc(-c2nc(-c3ccc(N4c5ccccc5C(c5ccccc5)(c5ccccc5)c5ccccc54)cc3)cc(-c3ccc(N4c5ccccc5C(c5ccccc5)(c5ccccc5)c5ccccc54)cc3)n2)cc1,chromophore,10.373713,3.4409378
c1ccc(-c2nc(-c3ccccc3)c(N(c3ccccc3)c3ccccc3)s2)cc1,chromophore,27.596203,-36.309124
c1ccc(-c2nc(-c3ccccc3)nc(-c3cc(-n4c5ccccc5c5ncccc54)c(-n4c5ccccc5c5ncccc54)c(-n4c5ccccc5c5ncccc54)c3)n2)cc1,chromophore,1.9915282,-33.812588
c1ccc(-c2nc(-c3ccccc3)nc(-c3cc(-n4c5ccccc5c5ncccc54)cc(-n4c5ccccc5c5ncccc54)c3)n2)cc1,chromophore,2.0386922,-33.932877
c1ccc(-c2nc(-c3ccccc3)nc(-c3ccc(-c4ccc5c(c4)C4(c6ccccc6-c6ccccc64)c4ccccc4N5c4ccccc4)cc3)n2)cc1,chromophore,10.649296,3.7808495
c1ccc(-c2nc(-c3ccccc3)nc(-c3ccc(-n4c5ccc(-c6ccc7oc8ccccc8c7c6)cc5c5cc(-c6ccc7oc8ccccc8c7c6)ccc54)cc3)n2)cc1,chromophore,0.9309201,-35.421494
c1ccc(-c2nc(-c3ccccc3)nc(-c3ccc(-n4c5ccc(-c6ccc7sc8ccccc8c7c6)cc5c5cc(-c6ccc7sc8ccccc8c7c6)ccc54)cc3)n2)cc1,chromophore,3.1511984,-35.45433
c1ccc(-c2nc(-c3ccccc3)nc(-c3ccc(-n4c5ccccc5c5c6c(ccc54)-c4ccccc4C6(c4ccccc4)c4ccccc4)cc3)n2)cc1,chromophore,3.6861415,-37.40575
c1ccc(-c2nc(-c3ccccc3)nc(-c3ccc(-n4c5ccccc5c5cc(-c6ccc7sc8ccccc8c7c6)ccc54)cc3)n2)cc1,chromophore,3.1893747,-35.45986
c1ccc(-c2nc(-c3ccccc3)nc(-c3ccc(-n4c5ccccc5c5cc(-n6c7ccccc7c7ccccc76)ccc54)c4c5ccccc5n(-c5ccccc5)c34)n2)cc1,chromophore,2.8562593,-36.388042
c1ccc(-c2nc(-c3ccccc3)nc(-c3ccc(-n4c5ccccc5c5cc(-n6c7ccccc7c7ccccc76)ccc54)cc3)n2)cc1,chromophore,2.7212114,-35.321632
c1ccc(-c2nc(-c3ccccc3)nc(-c3ccc(-n4c5ccccc5c5cc6c(cc54)C(c4ccccc4)(c4ccccc4)c4ccccc4-6)cc3)n2)cc1,chromophore,3.6879673,-37.32698
c1ccc(-c2nc(-c3ccccc3)nc(-c3ccc(-n4c5ccccc5c5ccc6c7ccccc7n(-c7ccccc7)c6c54)cc3)n2)cc1,chromophore,2.2919924,-34.89226
c1ccc(-c2nc(-c3ccccc3)nc(-c3ccc(N4c5ccccc5[Si](c5ccccc5)(c5ccccc5)c5ccccc54)cc3)n2)cc1,chromophore,10.550207,2.714857
c1ccc(-c2nc(-c3ccccc3)nc(-n3c4ccccc4c4cc(-n5c6ccccc6c6ccccc65)ccc43)n2)cc1,chromophore,2.6224658,-35.160038
c1ccc(-c2nc3c(ccc4[nH]ccc43)o2)cc1,chromophore,-10.771728,-14.730566
c1ccc(-c2nc3c4ccccc4c4ccccc4c3n2-c2ccccc2)cc1,chromophore,-1.883893,-27.189562
c1ccc(-c2nc3ccccc3nc2-c2cc(-c3nc4ccccc4nc3-c3ccccc3)cc(-n3c4ccccc4c4ccccc43)c2)cc1,chromophore,1.7607942,-34.14044
c1ccc(-c2nc3ccccc3nc2-c2cc(-n3c4ccccc4c4ccccc43)cc(-n3c4ccccc4c4ccccc43)c2)cc1,chromophore,1.7623805,-34.140057
c1ccc(-c2nc3ccccc3nc2-c2ccccc2)cc1,chromophore,-9.854606,-13.842188
c1ccc(-c2ncc3ccccn23)cc1,chromophore,-9.695718,-10.241652
c1ccc(-c2nnc(-c3cc(-n4c5ccccc5c5ccccc54)c(-n4c5ccccc5c5ccccc54)cc3-c3nnc(-c4ccccc4)o3)o2)cc1,chromophore,-0.24616118,-34.02892
c1ccc(-c2nnc(-c3ccc(-n4c5ccccc5c5ccccc54)cc3)o2)cc1,chromophore,0.50506234,-34.7175
c1ccc(-c2nnc3ccccn23)nc1,chromophore,-9.653268,-10.5871935
c1ccc(-c2oc3cccc4[n+]3c2-c2ccccc2-4)cc1,chromophore,-13.85425,-5.901402
c1ccc(-n2c3ccccc3c3c2c2ccccc2n3-c2ccccc2)cc1,chromophore,0.2703795,-31.077827
c1ccc(-n2c3ccccc3c3cc(-c4ccc5nc(-c6ccc(-n7c8ccccc8c8ccccc87)cc6)nn5c4)ccc32)cc1,chromophore,2.6786134,-35.418015
c1ccc(-n2c3ccccc3c3cc(-c4cccc(-n5c6ccccc6c6c7sc8ccccc8c7ccc65)c4)ccc32)cc1,chromophore,3.8603272,-35.12771
c1ccc(-n2c3ccccc3c3cc(-c4cccc(-n5c6cccnc6c6c7sc8ccccc8c7ccc65)c4)ccc32)cc1,chromophore,3.7536495,-35.26532
c1ccc(-n2c3ccccc3c3cc(-n4ccc5cc(-c6ccc(C7(c8ccccc8)c8ccccc8-c8ccccc87)cc6)ccc54)ccc32)cc1,chromophore,4.101425,-37.39654
c1ccc(/C(=C(\c2ccccc2)c2cc(-c3ccccc3)ccc2-c2ccc(-c3ccccc3)cc2)c2cc(-c3ccccc3)ccc2-c2ccc(-c3ccccc3)cc2)cc1,chromophore,-12.254398,-5.771187
c1ccc(B2N(c3ccccc3)C(c3ccccc3)=C(c3ccccc3)N2c2ccccc2)cc1,chromophore,-9.812027,-7.962292
c1ccc(B2Nc3cc4c(cc3-c3occc32)NB(c2ccccc2)c2ccoc2-4)cc1,chromophore,-11.953572,-3.7317033
c1ccc(B2Nc3cc4c(cc3-c3sc5ccccc5c32)NB(c2ccccc2)c2c-4sc3ccccc23)cc1,chromophore,-3.9747071,-19.2332
c1ccc(B2Nc3ccccc3-c3ccccc32)cc1,chromophore,-12.073348,-3.0166295
c1ccc(C(=C(c2ccccc2)c2ccc(-c3ccc(-c4nc5c(-c6ccc(-c7ccc(C(=C(c8ccccc8)c8ccccc8)c8ccccc8)cc7)cc6)sc(-c6ccc(-c7ccc(C(=C(c8ccccc8)c8ccccc8)c8ccccc8)cc7)cc6)c5nc4-c4ccc(-c5ccc(C(=C(c6ccccc6)c6ccccc6)c6ccccc6)cc5)cc4)cc3)cc2)c2ccccc2)cc1,chromophore,-7.3816147,-13.254655
c1ccc(C(=C(c2ccccc2)c2ccc(-c3nc4c(-c5ccc(C(=C(c6ccccc6)c6ccccc6)c6ccccc6)cc5)sc(-c5ccc(C(=C(c6ccccc6)c6ccccc6)c6ccccc6)cc5)c4nc3-c3ccc(C(=C(c4ccccc4)c4ccccc4)c4ccccc4)cc3)cc2)c2ccccc2)cc1,chromophore,-7.3816185,-13.260244
c1ccc(C2(c3ccccc3)c3cc4c(cc3-c3sc5ccccc5c32)C(c2ccccc2)(c2ccccc2)c2c-4sc3ccccc23)cc1,chromophore,-3.3477824,-18.951942
c1ccc(C2=C(c3ccccc3)c3ccc4c5c(c(-c6ccccc6)cc(c35)O2)OC(c2ccccc2)=C4c2ccccc2)cc1,chromophore,-13.969272,-6.6896167
c1ccc(C2=C(c3ccccc3)c3ccc4c5c(ccc(c35)O2)OC(c2ccccc2)=C4c2ccccc2)cc1,chromophore,-13.924977,-6.5698905
c1ccc(C2=C(c3ccccc3)c3cccc4c3c(cc3nc5cc(-c6ccc(N(c7ccccc7)c7ccccc7)cc6)c(-c6ccc(N(c7ccccc7)c7ccccc7)cc6)cc5nc34)O2)cc1,chromophore,25.614697,-38.440556
c1ccc(C2=C(c3ccccc3)c3cccc4c5c(cc(c34)O2)=NC2CCCCC2N=5)cc1,chromophore,-16.28666,-14.943532
c1ccc(C2=C3c4ccccc4C4=[N+]3[B-]3(Oc5ccccc54)Oc4ccccc4-c4c5ccccc5c2n43)cc1,chromophore,-38.360764,-57.301983
c1ccc(C2=Nc3cccc4[n+]3[B-](c3ccccc3)(N2)NC(c2ccccc2)=N4)cc1,chromophore,-10.745168,-8.058974
c1ccc(COc2ccc3c(c2)c2cccc4c(-c5ccccc5)nc3n42)cc1,chromophore,9.668274,-38.74139
c1ccc(CSc2c3ccc(=[N+]4CCCCC4)cc-3oc3cc(N4CCCCC4)ccc23)cc1,chromophore,-2.2251432,-72.59447
c1ccc(C[n+]2ccc(-c3nc4sc(-c5cc[n+](Cc6ccccc6)cc5)nc4s3)cc2)cc1,chromophore,-8.218893,-13.92138
c1ccc(Cn2c3sccc3c3c4nsnc4c4c5ccsc5n(Cc5ccccc5)c4c32)cc1,chromophore,-5.114437,-16.89521
c1ccc(N(c2ccccc2)c2ccc(-c3ccc(-c4cc(-c5ccccn5)nc(-c5ccccn5)c4)cc3)cc2)cc1,chromophore,26.344109,-35.82588
c1ccc(N(c2ccccc2)c2ccc(-c3ccc(-c4ccc(-c5cccs5)c5nsnc45)s3)cc2)cc1,chromophore,30.005817,-40.970684
c1ccc(N(c2ccccc2)c2ccc(-c3ccc4ccccc4n3)cc2)cc1,chromophore,26.45003,-36.04625
c1ccc(N(c2ccccc2)c2ccc(-c3cccc4nc5ccccc5cc34)cc2)cc1,chromophore,25.894953,-38.219467
c1ccc(N(c2ccccc2)c2ccc(-c3ccncc3)cc2)cc1,chromophore,26.78246,-34.98357
c1ccc(N(c2ccccc2)c2ccc(-c3ncc(-c4ccc(-c5cnc(-c6ccc(N(c7ccccc7)c7ccccc7)cc6)s5)s4)s3)cc2)cc1,chromophore,29.68837,-37.50218
c1ccc(N(c2ccccc2)c2ccc(-c3ncc(-c4cccs4)s3)cc2)cc1,chromophore,29.442585,-37.138042
c1ccc(N(c2ccccc2)c2ccc(-c3ncc(-c4ccncc4)s3)cc2)cc1,chromophore,29.483873,-37.230537
c1ccc(N(c2ccccc2)c2ccc3c4cccc5c(N(c6ccccc6)c6ccccc6)ccc(c6cccc2c63)c54)cc1,chromophore,19.478456,-38.605354
c1ccc(N2c3ccc4ccccc4c3-c3c4ccccc4nc[n+]3[B-]2(c2ccccc2)c2ccccc2)cc1,chromophore,-9.7095585,-23.036009
c1ccc(N2c3ccccc3C3(c4ccccc4-c4ccccc43)c3ccccc32)cc1,chromophore,7.3773336,5.938036
c1ccc([B-]2(c3ccccc3)Oc3ccc4ccccc4c3-c3c4ccccc4cc[n+]32)cc1,chromophore,-11.572504,-23.33829
c1ccc([B-]2(c3ccccc3)Oc3ccc4ccccc4c3-c3c4ccccc4nc[n+]32)cc1,chromophore,-9.934901,-23.29007
c1ccc2c(-c3c4ccccc4c(-c4ccc(-c5ccc(-n6c7ccccc7c7ccccc76)cc5)cc4)c4ccccc34)cccc2c1,chromophore,4.8220534,-35.723694
c1ccc2c(-c3cc(-c4nccs4)nc(-c4nccs4)c3)c3ccccc3cc2c1,chromophore,-9.926992,-18.914904
c1ccc2c(-c3cc(-c4nccs4)nc(-c4nccs4)c3)cccc2c1,chromophore,-14.474222,-20.773958
c1ccc2c(-c3ccc(-c4nnc(-c5ccc(-c6nnc(-c7ccc(-c8cccc9ccccc89)s7)o6)cc5)o4)s3)cccc2c1,chromophore,-16.178404,-27.872576
c1ccc2c(-c3nc4sc5ccccc5c4s3)cccc2c1,chromophore,-14.120383,-21.376928
c1ccc2c(-n3c(-c4ccc(-c5ccc(-c6nc7c8ccccc8c8ccccc8c7n6-c6cccc7ccccc67)c6ccccc56)c5ccccc45)nc4c5ccccc5c5ccccc5c43)cccc2c1,chromophore,-10.38647,-26.210295
c1ccc2c(c1)-c1c(cc3ccc4cccc5ccc1c3c45)C21c2cc(-c3ccc4ccc5cccc6ccc3c4c56)ccc2-c2ccc(-c3ccc4ccc5cccc6ccc3c4c56)cc21,chromophore,-16.546238,-20.690067
c1ccc2c(c1)-c1cccc3c1B1N2c2ccccc2N1c1ccccc1-3,chromophore,-11.745741,-2.1574893
c1ccc2c(c1)-c1ccccc1C21c2ccccc2-c2c(-c3ccncc3)cccc21,chromophore,-13.879177,-3.0979328
c1ccc2c(c1)-c1ccccc1C21c2ccccc2-c2cnccc21,chromophore,-13.8614025,-2.8347135
c1ccc2c(c1)-c1ccccc1[Si]21c2ccccc2-c2cc3c(cc21)-c1ccccc1[Si]31c2ccccc2-c2ccccc21,chromophore,-12.415972,-2.364241
c1ccc2c(c1)B1c3ccccc3-c3ccc4c5c3N1C1=C2c2ccccc2B(c2ccccc2-4)N15,chromophore,-11.981305,-2.1195474
c1ccc2c(c1)CCc1ccccc1N2c1c2ccccc2cc2ccccc12,chromophore,-13.168236,-22.619974
c1ccc2c(c1)OB1Oc3ccccc3-c3c1c-2c1c2c3-c3ccccc3OB2Oc2ccccc2-1,chromophore,-11.756491,-1.7874894
c1ccc2c(c1)OP1(=NP(Oc3ccc4ccc5cccc6ccc3c4c56)(Oc3ccc4ccc5cccc6ccc3c4c56)=NP(Oc3ccc4ccc5cccc6ccc3c4c56)(Oc3ccc4ccc5cccc6ccc3c4c56)=N1)Oc1ccccc1-2,chromophore,-16.306593,-23.335867
c1ccc2c(c1)Oc1ccccc1N2c1ccc(-c2nc3cccnc3nc2-c2ccc(N3c4ccccc4Oc4ccccc43)cc2)cc1,chromophore,9.820051,2.1202767
c1ccc2c(c1)Oc1ccccc1N2c1ccc(-c2nc3ccncc3nc2-c2ccc(N3c4ccccc4Oc4ccccc43)cc2)cc1,chromophore,9.783301,2.1613688
c1ccc2c(c1)Sc1ccccc1N2c1ccc2c(c1)C1(CC1)c1cc(N3c4ccccc4Sc4ccccc43)ccc1-2,chromophore,7.967475,7.707206
c1ccc2c(c1)Sc1ccccc1N2c1ccc2c(c1)C1(c3ccccc3-c3ccccc31)c1cc(N3c4ccccc4Sc4ccccc43)ccc1-2,chromophore,8.101105,7.580431
c1ccc2c(c1)Sc1ccccc1N2c1ccc2c(ccc3nc4ccc5cc(N6c7ccccc7Sc7ccccc76)ccc5c4nc32)c1,chromophore,7.3017483,8.715887
c1ccc2c(c1)[nH]c1c3[nH]c4ccccc4c3c3nsnc3c21,chromophore,-5.4024315,-18.21792
c1ccc2c(c1)c1ccc3cccc4c3c1c2c1c2cccc3ccc5c6ccccc6c(c5c32)c41,chromophore,-16.161108,-24.200893
c1ccc2c(c1)c1cccc3cnc2n31,chromophore,-0.9972817,-28.713392
c1ccc2c(c1)c1ccccc1n1ccnc21,chromophore,-0.93593633,-28.76608
c1ccc2c(c1)c1ccccc1n2-c1ccc(-c2cc3cc4oc(-c5ccc(-n6c7ccccc7c7ccccc76)cc5)cc4cc3o2)cc1,chromophore,0.19650774,-35.441425
c1ccc2c(c1)c1ccccc1n2-c1ccc(-c2ccc(-c3ccc(-n4c5ccccc5c5ccccc54)nc3-n3c4ccccc4c4ccccc43)nn2)c(-n2c3ccccc3c3ccccc32)n1,chromophore,-0.6343469,-29.130293
c1ccc2c(c1)c1ccccc1n2-c1ccc(-c2ccn3nc(-c4ccc(-n5c6ccccc6c6ccccc65)cc4)nc3c2)cc1,chromophore,2.30599,-35.606102
c1ccc2c(c1)c1ccccc1n2-c1ccc2c(c1)c1ccccc1n2-c1cc2c3ccccc3n3c4ccccc4c(c1)c23,chromophore,0.7404761,-31.583786
c1ccc2c(c1)cc1c3cc4ccccc4c4cccc(c5cccc2c51)c43,chromophore,-14.913262,-23.674616
c1ccc2c(c1)cc1c3cccc4c5ccccc5cc(c5cccc2c51)c43,chromophore,-14.91248,-23.673168
c1ccc2c(c1)cc1c3ccccc3c3cc4ccccc4c4ccc2c1c43,chromophore,-13.801999,-23.46296
c1ccc2c(c1)cc1c3ccccc3c3ccccc3n21,chromophore,-3.542398,-29.002495
c1ccc2c(c1)cc1ccc3c4cc5cc6ccc7c8ccccc8cc8ccc(c5cc4cc4ccc2c1c43)c6c87,chromophore,-14.063736,-23.419777
c1ccc2c(c1)ccc1ccc3c(c12)-c1c(ccc2ccc4ccccc4c12)C3,chromophore,-13.920644,-24.01732
c1ccc2c(c1)ccc1ccccc12,chromophore,-13.308882,-23.925144
c1ccc2c(c1)ccc1ncc3ccc4cnccc4c3c12,chromophore,-10.208408,-22.994724
c1ccc2c(c1)sc1c3ccccc3c3ncncc3c21,chromophore,-5.739971,-18.370474
c1ccc2c3c(ccc2c1)-c1cc2ccccc2c2cccc-3c12,chromophore,-16.024862,-22.149548
c1ccc2c3c(ccc2c1)C1(c2cc(-c4ccc5ccc6cccc7ccc4c5c67)ccc2-c2ccc(-c4ccc5ccc6cccc7ccc4c5c67)cc21)c1ccc2ccccc2c1O3,chromophore,-16.554874,-20.716711
c1ccc2c[n+]3ccccc3cc2c1,chromophore,-12.683539,-20.118437
c1ccc2cc(-c3c4ccccc4c(-c4nccc5ccccc45)c4ccccc34)ccc2c1,chromophore,-10.0474205,-18.924625
c1ccc2cc(-n3cnc4ccccc43)ccc2c1,chromophore,-3.734186,-25.805494
c1ccc2cc3c(cc2c1)-c1cccc2c1c-3cc1ccccc12,chromophore,-15.894465,-22.258701
c1ccc2cc3c(cc2c1)-c1cccc2cc4ccccc4c-3c12,chromophore,-15.937649,-22.20662
c1ccc2cc3c4c(ccc3cc2c1)-c1cccc2cccc-4c12,chromophore,-16.151909,-22.03196
c1ccc2cc3cc(-c4cc(-c5nccs5)nc(-c5nccs5)c4)ccc3cc2c1,chromophore,-9.211934,-17.040861
c1ccc2cc3ccccc3cc2c1,chromophore,-12.6999,-20.104887
c1ccc2nc(-c3ccc(-n4c5ccccc5c5ccccc54)cc3)c(-c3ccc(-n4c5ccccc5c5ccccc54)cc3)nc2c1,chromophore,1.750092,-35.015045
c1cnc(-c2c3ccccc3c(-c3ncccn3)c3ccccc23)nc1,chromophore,-8.069587,-19.32656
c1csc(-c2c3ccc(=[N+]4CCCCC4)cc-3oc3cc(N4CCCCC4)ccc23)c1,chromophore,-2.1713436,-72.630035
c1csc(-c2ccc(-c3ccc(-c4ccc(-c5cccs5)s4)s3)s2)c1,chromophore,-1.8849901,-14.551557
c1csc(-c2ccc(-c3cccs3)s2)c1,chromophore,-1.8849901,-14.551557
c1csc(-c2ccc3c4ccc(-c5cccs5)cc4n(-c4cccs4)c3c2)c1,chromophore,-1.9680624,-16.224081
c1csc(-c2nc3ccccc3c3cc4ccccn4c23)c1,chromophore,-5.03432,-23.103163
c1csc(-c2nnc3ccccn23)c1,chromophore,-4.309979,-14.570488
CCCCOc1ccc(CC(C#N)=Cc2ccc(C=C(C#N)C#N)c3c2OCCO3)c(OCCCC)c1,rl,61.652077,-8.558139
CC(C)(C)c1ccc(-c2ccc(-c3c(-c4cc(C(C)(C)C)cc(C(C)(C)C)c4)c4ccc(C(C)(C)C)cc4c4cc5cc6c(c(C(C)(C)C)cc7c8cc(C(C)(C)C)ccc8n5c76)c5ccc(C(C)(C)C)c6c5cc(C(C)(C)C)cc6n34)cc2)cc1,rl,-4.6415715,-42.253933
COc1ccc(-c2csc(-c3cc[n+](CC(=O)c4ccc(N(C)C)cc4)cc3)n2)cc1,rl,-20.87205,-40.841476
CCCCCCCCCCCc1ccc(-n2c3ccccc3c3cc(C=C(C#N)C(=O)O)ccc32)cc1,rl,58.44756,27.489925
N#CC(C#N)=Cc1sc(-c2ccc(-c3ccc(-n4c5ccccc5c5ccccc54)cc3)s2)cc1F,rl,71.233574,-38.589825
N#CC(=Cc1ccc(-c2ccc(-c3ccc4ccc(=O)oc4c3)cc2)o1)c1ccc(N(c2ccccc2)c2ccccc2)cc1,rl,52.48706,-29.723398
CN(CCC(=O)O)S(=O)(=O)c1ccc2c(c1)C(C)(S(=O)(=O)c1ccccc1)c1cc(S(=O)(=O)O)ccc1N2CCCS(=O)(=O)O,rl,6.397674,49.528557
CN(C)c1ccc2cc3ccccc3c(-c3ccc(-n4c5ccccc5c5ccccc54)cc3)c2c1,rl,6.002931,-35.62002
COc1ccc2cc(C(=O)Nc3ccc(Cl)cc3)c(=O)oc2c1,rl,-32.050808,-36.941425
CCOC(=O)c1c2c(cc3c1=C1C=CC=C1NN3)=c1cc(OC)c(OC)cc1=CC=C2,rl,-42.794815,8.796017
Cn1c(-c2ccc(C(F)(F)F)cc2)c(C=NNc2ccc([N+](=O)[O-])cc2)c2cc(Cl)ccc21,rl,5.2649546,21.174917
COc1cc(-c2ccc(C=CC(=O)O)s2)ccc1C(=O)O,rl,-40.07197,-19.308598
CCCCn1c2ccccc2c2c(-c3ccc(N(c4ccccc4)c4ccccc4)cc3)sc(C=C(C#N)C(=O)O)c21,rl,65.06217,27.247837
C1=CC=C2C(c3ccccc3)=CC=CC(c3ccccc3)=Cc3c(c4cc(c3-c3nsnc32)-c2ccccc2C(c2ccccc2)=C4)C=C1,rl,-11.369693,-5.4629097
CCCCn1c(-c2ccc3cc(C=C(C#N)C#N)ccc3c2)nc(C=Cc2ccc(N(c3ccc(C(C)(C)C)cc3)c3ccc(C(C)(C)C)cc3)cc2)c1C#N,rl,63.0986,-14.86989
CCCCOc1cc2ccccc2cc1C=Cc1ccc2c3ccccc3n(CCCC)c2c1,rl,29.700367,21.786297
CCCCNc1nc(N)c2cn(S(=O)(=O)c3ccccc3)c(F)c2n1,rl,-31.364996,-4.724237
CCC1=c2c(CC)c3ccc(=[N+](CC)CC)cc-3oc2=C1,rl,-35.619747,-32.914036
C[n+]1cc(-c2ccc(Br)cc2)c2cc(-c3ccccc3)c(-c3ccc(C(C)(C)C)cc3)nn21,rl,-6.999936,-38.835022
N=C1C=CC2=c3nccc(-c4ccccc4)c3=NC2=C1OCC(=O)O,rl,-31.199095,6.216938
CCN(CC)c1ccc2cc(-c3c4ccc(N(CC)CC)cc4nc4ccc(N(C)C)cc34)ccc2c1,rl,17.012405,-52.081482
N#CC(=Cc1nc2nc(-c3c(O)ccc4ccccc34)c(OCc3ccccc3)nc2s1)C(=O)O,rl,47.60371,17.467842
CCCCCCCCCc1ccc(-c2nc(CCCCCCCC)sc2-c2c(CCCCCCCC)cc3cc2N=c2c(cc(CCCCCC)c4nsnc24)=C3CCCCCC)cc1,rl,18.885674,17.561903
Cn1cnc2c(-c3ccc(-c4ccccc4C(F)(F)F)o3)nn(-c3cccc(Cl)c3)c2c1=O,rl,-48.128906,-7.630371
Cc1ccc(-c2ncnc3c2oc2cc(O)ccc23)cc1,rl,-33.138172,-27.485233
CN(C)c1ccc(-c2cccc3c2oc2ccccc23)cc1,rl,11.389999,-23.859865
Brc1ccc(N(c2ccccc2)c2ccc(C=Cc3ccc(-c4ccc(N(c5ccc(-c6ccccn6)cc5)c5ccc(-c6cccs6)cc5)cc4)cc3)cc2)cc1,rl,33.095512,-23.662502
O=C(O)c1ncc2ncc(-c3ccccc3)nn12,rl,-31.249157,5.9094152
Cc1ccc(C=NN=Cc2cc(Br)cc(Br)c2O)c(C)c1,rl,-17.702147,14.704072
Fc1cc(C#CC#CC#Cc2cc(F)c(C#Cc3cc(F)c(F)c(F)c3)c(F)c2)cc(F)c1F,rl,4.0031643,-5.003964
COc1cc2c(cc1OC)C1c3ccccc3C(C2)c2cc(-c3ccccc3)ccc21,rl,-16.362831,-35.7154
c1ccc(Oc2ccc(-c3ccc(N(c4ccccc4)c4ccccc4)cc3)cc2)cc1,rl,25.72079,-34.32074
COc1cc(CCCCCCNC(=O)O)c2c(c1)Oc1ccc(-c3ccc(C=C4C(=O)NC(=S)NC4=O)cc3)cc1N2,rl,-41.543846,-16.521107
CCCC1(CC)C(=C(C#N)C#N)Oc2cc(N(C)C)c(-c3cccs3)cc21,rl,17.42494,-0.21091306
COOc1ccc2c(Cl)c(C=CC(C)(C)O)sc2c1,rl,-27.564272,-38.802555
CN(CCO)c1ccc(C(=O)Nc2ccc(Br)cc2)cc1,rl,-59.7764,-27.143192
CCN(CC)c1ccc2c(=O)c(C=CC(=O)O)coc2c1,rl,16.928936,-55.91443
COc1ccc(C=CC(=O)c2ccc(NC(=O)c3cc(C(F)(F)F)cc(C(F)(F)F)c3)cc2)cc1N1CCCC1=O,rl,-64.71504,-23.642527
CCCCOC(=O)c1c(-c2cccc(OC)c2)nn(-c2ccc(C(C)=O)cc2)c1Cl,rl,-43.547905,-22.125736
CN(C)c1ccc(C=CC(=O)c2ccc(NC(=O)c3c(Cl)cccc3C(=O)O)cc2)cc1,rl,-61.90844,-31.144001
CCCCCCOc1ccc(N(c2ccc(OCCCCCC)cc2)c2ccc(-c3cc4nn(-c5ccc(N=Nc6ccc(-c7ccc(OCCCCC)c(O)c7)c(OCCCCCC)c6)cc5)nc4s3)cc2)cc1,rl,36.397987,8.257623
CCCCCCOC(C#Cc1ccc(C=C(C#N)C(=O)O)cc1)=Cc1ccc(C#Cc2ccc(N(C)C)cc2)cc1,rl,62.834938,22.815079
COc1ccc(-c2nc3cc4ccccc4c(-c4ccc(OC)cc4)c3nc2-c2ccc(OC)cc2)cc1,rl,-21.784758,-47.48277
Cc1cc(C)c(C(=O)O)c(N(C)CC(=O)O)c1,rl,-24.174873,29.37492
CCOC(=O)c1c2c(c(-c3ccccc3)c3cc(OC)oc13)CCC2,rl,-39.803005,17.22394
COC(=O)c1ccc(-c2nccn2-c2ccc(N(C)C)cc2)cc1,rl,10.108868,-26.39445
CCCCN1c2cc(C(F)(F)F)ccc2Sc2cc(-c3ccc4ccccc4c3)c3c(c21)-c1ccccc1C3(C)C,rl,9.408568,39.72863
CSc1ccc(C#N)c2c1C(=O)C(=Cc1ccc(C)cc1)S2,rl,9.413346,-3.4406304
N#Cc1c(-c2ccccc2)c2ccccc2c2nc3ccccc3nc12,rl,4.624149,-11.576114
FC(F)(F)c1ccc(C=CC2=CC(c3ccccc3)=C[N+]23CCC2(OCCO2)C3=NCc2ccccc2)cc1,rl,-3.9455695,-5.9958215
N#Cc1ccc(-c2ccc(-c3ccc(-c4oc(-c5ccccc5)nc4C#N)cc3C#N)cc2)cc1,rl,6.63024,-11.369259
CC1(C)CC(C)(C)c2cc(N(c3ccc(C#N)cc3)c3ccc(C(C)(C)C)cc3)ccc2N1,rl,22.058573,-27.70706
COc1cc(C)c2c(=O)c(F)c(-c3ccccc3)oc2c1,rl,-28.26675,-35.86468
COc1ccc(-n2nc(-c3ccc(F)cc3)c(-c3cccc(OC)c3)n2)cc1,rl,-17.667433,-44.409447
COc1ccc(N(c2ccc(C(=O)O)cc2)c2ccc(-c3ccc(-c4ccc(N(c5ccccc5)c5ccc(C#N)c6ccccc56)s4)s3)cc2)cc1,rl,35.65247,-44.213123
COC(=O)c1ccc(-c2nc(-c3ccc(N(C)C)cc3)sc2-c2ccc(C=C(C#N)C(=O)O)cc2)cc1,rl,55.67743,14.856383
CCCCC1(CCCC)c2ccccc2-c2ccc(-c3ccc(-c4ccc(-c5ccc(-c6ccc(-c7ccc(N(c8ccccc8)c8ccccc8)cc7F)cc6)o5)s4)s3)cc21,rl,29.76802,-3.894531
CCCCCCn1c2ccccc2c2c3ccccc3n(C)c21,rl,24.975695,22.442486
COCCN(C)c1c2c(cc3c1oc1cc(N(C)C)ccc13)COCO2,rl,15.007311,-23.868158
O=[N+]([O-])c1ccc(C=Cc2ncnc3ccccc23)cc1,rl,5.626727,16.73754
CCCCCCc1cccc[n+]1C,rl,20.418592,16.39829
CCC1(C)c2ccc(N(c3ccc(C(=O)O)cc3)c3ccc(C(=O)O)cc3)cc2-c2cc3c(cc21)C(F)(F)CC3(F)F,rl,19.170631,6.2146945
CCCCCCCCCCCC#Cc1ccc(C=C(C#N)C(=O)O)cc1,rl,62.50167,23.197147
CCCCCCC1(CCCCC)c2cc(N(c3ccccc3)c3ccccc3)ccc2-c2cc(C#N)c3ccccc3c21,rl,33.512585,-9.351578
O=S(=O)(c1ccccc1)n1cc(-c2ccc3nc(-c4ccco4)c(C=Cc4ccccc4)nc3c2)c2ccccc21,rl,-1.5395248,-4.3470654
CCN(CC)c1ccc2cc(-c3ccc(N(CC)CC)c(OC)c3)c(=O)oc2c1,rl,15.456597,-59.992172
CCCCCCCCCCc1ccc(-c2ccc(-c3ccc(C=C(C#N)C#N)s3)s2)s1,rl,66.28706,-11.974298
N#CC(=Cc1ccc(C=Cc2cc(C=Cc3ccc(N(c4ccccc4)c4ccccc4)cc3)nc(C=Cc3ccc(N(c4ccccc4)c4ccccc4)cc3)n2)cc1)C(=O)O,rl,54.290035,9.848233
COc1cc(NCCCSC)cc(OC)c1,rl,-38.419506,-26.6315
O=C(O)CCCn1c(=O)[nH]c2cc(C(=O)OCc3ccccc3)ccc21,rl,-37.677593,13.103836
O=S1(=O)c2ccccc2C(N2CCCc3cc(N(c4ccccc4)c4ccc5c(c4)OCCO5)ccc32)c2ccc(-c3ccc(N(c4ccccc4)c4ccccc4)cc3)nc21,rl,29.802288,-35.305786
N#CC(=C=CC(=O)c1ccc(Br)cc1)C#N,rl,-11.540626,19.273554
CCOC(=O)C1=CC(c2c(O)cc(C)oc2=O)SC1=Nc1ccc(C(C)=O)cc1,rl,-17.66778,29.790545
Cc1ccc2oc(=O)cc(-c3ccc(C=C(C#N)C#N)cc3)c2c1,rl,49.767258,-11.189859
CC1(C)C(=O)N(CCCS(=O)(=O)O)c2cc(C#CCCCS(=O)(=O)O)ccc21,rl,4.1361337,45.931496
COc1ccc(-c2sc3ncc[n+](C)c3c2-c2ccc(OC)cc2)cc1,rl,-20.50988,-42.742744
CCN(CC)c1ccc(N=Nc2ccc(C(C)=CC=C(C#N)C#N)cc2)cc1OC,rl,47.99221,-35.06683
COc1ccc(-c2c(N)c(NC=C3C(=O)OC(C(C)C)=C3C#N)c(C#N)c3nonc23)cc1,rl,-26.664778,-44.113262
COc1c2cccccc-2ccc1=O,rl,-16.036772,-36.916092
CCCCCCCCN1c2ccccc2C2(CCCC2)c2c1ccc1cc(C=CC=C3SC(CCCCCC)=C(SC=C4CCC(c5ccc6sc7ccccc7n(-c7ccc(C=C(C#N)C(=O)O)cc7)c7ccccc7c6c5)S4)S3)sc21,rl,49.03144,31.58447
CCCCCCC1(C)C(C=CC=C2C(C)(C)c3ccc(-c4ccc5c(c4)oc4ccc(N6CCCC6)cc45)cc3C2(O)OCC)=[N+](C)c2cc(S(=O)(=O)O)ccc21,rl,3.1674669,47.818516
COC(=O)c1cc2c(-c3ccc4cc(C(=O)N5CCN(CC(=O)O)CC5)ccc4c3)csc2s1,rl,-37.67249,5.7888074
COc1ccccc1-c1cc2c3c(cccc3c1)C(=O)N(CCCCCC(=O)O)C2=O,rl,21.936075,30.723745
O=C1Nc2ccccc2C1=Cc1ccc(-c2ccc3ccccc3c2)o1,rl,-25.63962,-30.135454
COCCOCCOCCOc1cccc(N2C(=O)COc3ccc(-c4ccc(-c5ccc(C(=O)O)cc5)o4)cc32)c1,rl,-32.34799,2.265081
CCCCC1(c2ccccc2)C2=C(CCC2)c2cccc(-c3ccc(N(c4ccc(C)cc4)c4ccc5ccccc5c4)cc3)c21,rl,25.39679,-30.409626
C[N+]1=CCc2ccccc2C1,rl,-10.511642,0.83484846
COC1=CC(=Cc2ccc3nc4cc(OC)c(OC)nc4cc3c2)CC1(OC)OC,rl,-36.693047,-16.975786
CC(C)c1cc(N=Nc2ccc3cc(Cl)c4ccc(-c5ccccc5C(=O)O)cc4c3c2)cc(O)c1C(C)C,rl,-23.399378,-20.621445
CCCNC(=O)c1cccc(-c2c(=O)ccn3cc(N)ccc23)c1,rl,-28.543098,14.175731
CCCCCCC1=c2cc(C)c(-c3ccc(OC)cc3)cc2=C(c2ccccc2)C1,rl,-19.710896,-52.0679
CCCCCCN1C(=O)c2cccc(-c3ccc(C=C(C#N)C#N)s3)c2C1=O,rl,67.26207,-12.965728
Cc1ccc(-c2cc(-c3ccc(C)cc3)c3ccccc3n2)cc1,rl,-14.111345,-14.219841
CC(C)(C)c1ccc(-c2cc(C=Cc3ccc(N(c4ccc(C=C5SC(=S)N(CC(=O)O)C5=O)cc4)c4ccc(C(C)(C)C)cc4)cc3)cc(-c3ccc(C(C)(C)C)cc3)n2)cc1,rl,23.383755,44.14275
N#Cc1ccc(C=c2oc(=Cc3sc(-c4ccc5nc(-c6c(Cl)cccc6Br)oc5c4)c4c3OCCO4)c3ccccc23)cc1,rl,10.029539,-9.461642
O=C(O)CCn1c2ccccc2c2ccc(-c3ccc(-c4ccc(-c5cnsc5-c5ccc(N(c6ccccc6)c6ccccc6)cc5)s4)s3)cc21,rl,37.74743,-5.3690987
CCCCN(CCCC)c1ccc(C=Cc2ccc(C=CC(=O)c3ccccc3)o2)cc1,rl,29.777637,-12.941707
CN(C)c1ccc2c(c1)c(C=c1cc(C=C3C=C4Sc5ccccc5N4CC3)[nH]c1=C(C#N)C#N)cc1ccccc12,rl,3.8866487,-19.016418
COc1ccc(N(c2ccc(OC)cc2)c2ccc(-c3ccc(-c4cn(-c5ccc(OC)cc5)nn4)s3)cc2)cc1,rl,34.00562,-44.84639
COc1ccc(-c2cc3c(c4ccccc24)OC2(OC(N)=C(C#N)C24C=Cc2ccccc2O4)N3c2ccccc2C)cc1,rl,-26.134531,-45.442974
COc1ccc(N(c2ccc(OC)cc2)c2ccc(-c3nc(-c4ccc(N(c5ccccc5)c5ccccc5)cc4)nc(-c4ccc(-c5ccc(N(c6ccc(OC)cc6)c6cccc7ccccc67)cc5)s4)n3)cc2)cc1,rl,34.663494,-43.89844
C=Cc1ccc2nc(-c3ccc(-c4cc(-c5ccc(-c6cccs6)s5)nc(-c5cccc(N(CC)CC)c5)n4)cc3)cc(-c3ccccc3OCCN(C)C)c2n1,rl,21.44506,-47.854538
CC1(C)c2ccccc2-c2ccc(N(Cc3ccc(N(c4ccccc4)c4ccccc4)cc3)c3ccc4c5c(cccc35)C=Cc3ccccc3-4)cc21,rl,24.88251,-28.358124
CN(C)c1ccc2ccccc2n1,rl,9.949063,-20.586329
Fc1ccc(-c2ccc3c(c2)OCO3)cc1,rl,-24.055756,-4.623585
CCCCC(=O)Nc1ccc(C(=O)C=Cc2ccc(N(C)CCO)cc2)cc1,rl,-66.4389,-29.288195
CCOC(=O)c1cc(Cl)cc(C(=O)C(C)(C)C)c1C(=O)OCC,rl,-47.84043,5.330768
CCN(CC)c1ccc2c(c1)Oc1ccc(NCCN3CCCC3)cc1C1(C)c3ccccc3C3N(c4ccc(C=C5SC(=S)N(CC(=O)O)C5=O)cc4C3(C)C)C21,rl,24.59448,45.086025
CCCCCCOc1ccc(N(c2ccc(C=CC3=CC=C(CCCC)N(c4ccc(C=Cc5ccc(C=C(c6ccccc6)c6ccc(N(c7ccccc7)c7ccccc7)cc6)cc5)cc4)C=C3)cc2)c2ccc(CCCCCC)cc2)cc1,rl,40.866756,3.8150027
CC(C)(C)c1ccc2c(c1)Cc1ccccc1N2c1ccc2c(c1)C(c1ccccc1)(c1ccccc1)c1ccccc1-2,rl,7.3479424,6.316848
[C-]#[N+]c1ccc([N+](=O)[O-])cc1O,rl,3.9526117,19.977884
COc1ccc2c(=O)c(-c3ccc(OC)c(OC)c3)coc2c1,rl,-31.993582,-35.14561
CCN(CC)c1ccc2c(-c3ccccc3)c(-c3ccc(C=CC(=O)O)s3)c(=O)oc2c1,rl,17.041418,-55.338512
CCc1nc2c(ccc3c2sc2nc(-c4ccc(C=C(C#N)C#N)s4)cc(-c4ccc(N5C=CC6=CC=C(c7ccc5cc7)c5ccccc5N6)cc4)c23)nc1C=C(C#N)C#N,rl,66.64393,-41.435143
COc1ccc(N(c2ccc(C=C3SC(=S)N(CC(=O)O)C3=O)cc2)c2ccc(OC)cc2)cc1,rl,22.552605,43.149956
CCN(CC)c1ccc(C=Cc2ccc(OC)cc2)cc1,rl,41.472614,-33.839207
CCCCCCN1C(=Cc2c(C=CC=C3N(CCCCCC)c4ccccc4C3(C)C)c3ccccc3oc2=O)Sc2ccccc21,rl,11.082882,42.327343
N#Cc1ccc2c(c1)c1ccccc1n2-c1ccc(Oc2cc(C#N)c(-c3ccncc3)c(-c3ccccc3)n2)cc1,rl,2.4198356,-29.068657
N#CC(C#N)=Cc1ccc(-c2ccc(N3CCCc4ccccc43)cc2)[nH]1,rl,51.2414,-9.23669
CCCCCCc1ccc(N(c2ccc(C(=O)O)cc2)c2ccc(-c3ccc(-c4ccc(C=C5SC(=S)N(CC(=O)O)C5=O)cc4)s3)cc2)cc1,rl,26.759233,41.64799
c1ccc2c(c1)c1ccccc1n2-c1ccc2oc3ccc(-n4c5ccccc5c5ccc(-c6ccncc6)cc54)cc3c2c1,rl,0.19388606,-35.39987
CCCCCCCN1C(=O)C(N2C=C(C(=O)OC)NN2)C2CCCC21,rl,-14.829946,44.51923
N#CC(C#N)=Cc1ccc(-c2ccc(N(c3ccc(F)c(F)c3)c3c(F)c(F)c(F)c(F)c3C(F)(F)F)cc2)cc1,rl,52.64338,-21.965136
CCCCOc1ccc(N(c2ccc(OCCCC)cc2)c2ccc3c4c2N(CCC4)C(=O)c2cc(-c4cc5ccc(-c6cc(CCC)c7ccccc7n6)cc5o4)ccc2-3)cc1,rl,31.358887,10.8638115
C[n+]1ccn(-c2c3ccc(=N)cc-3oc3cc(CO)ccc23)c1,rl,-35.6953,-32.903442
CCCNC(=O)c1ccc(Oc2ccc(-c3ccc(N(c4ccc(C#N)cc4)c4ccc5c(c4)OCCO5)cc3)cc2C(=O)O)cc1,rl,33.03143,11.43815
N#CC(C#N)=Cc1sc(-c2ccc(N(c3ccccc3)c3ccccc3)cc2)nc1-c1ccc(C=C(C#N)C(=O)O)s1,rl,63.408695,14.997283
N#CC(=Cc1cccc(C#N)c1)C(=O)O,rl,50.167065,17.948174
CCCCCCCCCCCCSc1ccc2c(c1)C(=C1C(=O)N(CCCCCCC)C(C#N)=C1C#N)c1ccc(SCCCCCCCCCCCC)cc1C21CC(CCCCCCCCCCC)S1,rl,18.785627,24.458416
N#Cc1nc(C=Cc2cccnc2)nc(C#N)c1C#N,rl,1.9850792,-8.867003
N#CC(C#N)=Cc1ccc2c3cc(C#N)ccc3n(CCCN3c4ccccc4Sc4ccccc43)c2c1,rl,55.571342,-7.983881
c1ccc2c(c1)sc1ccc(-c3cc4ccc5cccc6c7ccccc7c(c3)c4c56)cc12,rl,-14.910691,-23.073496
CCCC1(CC)c2ccccc2-c2cc(N(c3ccc(-c4ccc(N(c5ccc(-c6ccccc6)cc5)c5ccc(-c6ccc(C=C(C#N)C(=O)O)s6)cc5)cc4)cc3)c3ccc4oc5ccccc5c4c3)ccc21,rl,76.24293,12.262151
COc1ccc2c(-c3ccccc3)c3ccc(Cl)cc3cc2c1,rl,-21.755924,-50.61489
CCc1ccc(-c2c3ccc(=N)cc-3oc3cc(N(CC)CC)ccc23)cc1,rl,4.8050904,-66.179054
CN(CCO)c1ccc(C=CC(=O)c2ccc(NC(=O)c3ccc4c(c3)OCCO4)cc2)cc1,rl,-65.539,-29.154188
c1ccc2c(c1)CCN(CCCn1c3ccccc3c3ccccc31)C2,rl,-4.463455,8.2160225
CCCCCCOc1ccc(N(c2ccc(CCCCCC)cc2)c2ccc(-c3ccc(-c4ccc(N(c5ccc(C=C(C#N)C#N)cc5)c5ccc(CCCC)cc5)cc4)s3)cc2)cc1,rl,66.632576,-5.2096457
CCCCCCCCCCN1C(=O)C(=Cc2c3ccccc3cc3ccccc23)c2ccccc21,rl,22.567528,26.845425
c1ccc(-n2c3ccccc3c3c4c5ccccc5oc4c4ccccc4c32)cc1,rl,-0.23527318,-32.957603
C#CC(C#N)=C1C=C(C=Cc2ccc(N3CCCC3)cc2)S(=O)(=O)c2ccccc21,rl,-0.46391788,4.9456754
N#CC(C#N)=Cc1ccc(C#Cc2cscc2C#Cc2ccc(C#Cc3ccncc3)s2)s1,rl,49.565395,-5.210197
c1ccc(-n2c(-c3ccc(-c4ncccn4)cc3)nc3ccccc32)cc1,rl,-1.9265081,-25.950195
CCOC(=O)c1ccc(N(c2ccc(-c3nn(CCCO)c(-c4ccc(C(F)(F)F)cc4)c3C(=O)OCC)cc2)c2ccc(F)c(Cl)c2)cc1,rl,-54.10544,-7.3824024
CC1(C)c2ccccc2-c2ccc(N(c3ccc(C=C(C#N)C(=O)O)cc3)c3ccc(N4c5ccc(C=C(C#N)C(=O)O)cc5C5CCCC54)cc3)cc21,rl,37.76175,47.581493
CN(C)c1ccc(C=Cc2nc3c(-c4ccc(N(C)C)cc4)cccc3c3ccccc23)cc1,rl,19.797323,-15.197167
CCCCN1C(C#N)=NSc2ccccc21,rl,13.067574,31.50872
N#CC(=Cc1ccc(-c2ccc([N+](=O)[O-])cc2)s1)C(=O)O,rl,49.52483,24.840918
CCCCC(CC)COc1cc2c3cc(-c4ccc(OC)c(OC)c4)ccc3c3ccc(-c4ccc(OC)cc4)cc3c2cc1OC,rl,24.786264,9.00113
CCCCC(CC)CN1c2ccccc2Sc2cc(-c3ccc(N(c4ccc(C(C)C)cc4)c4ccc5c(c4)C(CC)(CC)c4cc(C=C(C#N)C#N)sc4-5)cc3)ccc21,rl,60.469635,-21.08056
O=C(O)CCn1c2ccccc2c2ccccc21,rl,-36.750496,13.533688
COc1cccc(OC)c1-c1nc2ccccc2nc1-c1ccccc1,rl,-14.904896,-36.52706
CC=Cc1ccc(OC)cc1OC(=O)Cc1ccccc1,rl,-41.5299,-26.401524
CNc1ccc2cc(C#Cc3ccc(C=O)c4ccccc34)ccc2c1,rl,-11.131232,-28.681087
C(#Cc1ncccn1)c1ccc(N(c2ccccc2)c2ccccc2)cc1,rl,20.832985,-31.27079
O=C(Nc1cccc(C(F)(F)C(=O)O)c1)c1cc(-c2ccc(Cl)cc2)nc2ccc(Cl)cc12,rl,-44.20548,2.540504
CC1=CCC(N=Cc2ccc(C=C(C#Cc3ccc(C(=O)O)cc3)C#Cc3ccc(N(c4ccccc4)c4ccccc4)cc3)cc2)(c2ccc(C(C#N)=Cc3ccc(C)s3)s2)C=C1,rl,46.418056,-21.488073
N#CC(C#N)=Cc1ccc(-c2ccc(C=C(C#N)c3ccc(N(c4ccccc4)c4ccccc4)cc3)cc2)s1,rl,67.33279,-27.54408
c1ccc(N(c2ccccc2)c2ccc(-c3ccc(-c4nc5sc(-c6cccs6)cc5s4)s3)cc2)cc1,rl,30.31406,-38.002117
COc1cc(C2C3=C(CCCC3=O)N(C)C3=C2C(=O)CC(C)C3)cc(OC)c1O,rl,-64.09096,12.110278
Cc1cc(C)c(-c2c(C)cc(C#N)c(Cc3cccc4ccccc34)c2C)c(C)c1,rl,-13.36141,-27.662457
c1ccc(-c2cccc(-c3ccnc4ccc(-c5ccco5)cc34)n2)cc1,rl,-10.9567175,-15.13331
COc1ccc2c(c1)-c1ccc(-c3cc(-c4ccccc4)[n+](-c4ccccc4)c(-c4ccccc4)c3)cc1C2(C)C,rl,-26.068338,-48.34404
CN(C)c1ccn2c(C=C3C(=O)N(CCCCCCC(=O)O)C(=O)C3C3CC(O)C(CO)O3)cnc2c1,rl,-20.660757,49.460934
C(=Cc1cc(-c2ccccc2)nc(-c2ccccc2)n1)c1ccc(-c2ccc(-c3ccc(N(c4ccccc4)c4ccccc4)cc3)s2)cc1,rl,33.49793,-25.960571
ON=C(O)c1ccc2ccc3cccc4ccc1c2c34,rl,-18.770956,-24.263472
CCCCCCOc1ccc(N(c2ccc(Oc3ccc(N(c4ccccc4)c4ccccc4)cc3)cc2)c2ccc(-c3ccc(C=C(C#N)C#N)s3)cc2)cc1,rl,68.573074,-5.5840836
CN(C)c1ccc(-c2oc3cccc(N(C)C)c3c(=O)c2C=O)cc1,rl,12.685158,-24.257923
CC1(C)c2ccccc2-c2ccc(N(c3ccc(C=CC=C(C#N)C(=O)O)cc3)c3ccc(C=C(C#N)c4ccc(C(=O)O)cc4)cc3)cc21,rl,70.521835,14.780338
N#CC(=Cc1ccc(C#Cc2ccc(N(C#N)c3cccc4ccccc34)cc2)s1)C(=O)O,rl,59.795403,10.958493
O=C1NC(=O)C(=Cc2ccc(C(CCO)N3Cc4ccccc4C3=O)cc2)C(=O)N1,rl,-19.212715,-0.13045092
c1ccc(-c2ccc3oc4c(ccc5ccc6ccccc6c54)c3c2)cc1,rl,-12.160418,-17.305897
O=[N+]([O-])c1ccc2c3cc(Oc4ccccc4[N+](=O)[O-])ccc3c3ccccc3c2c1,rl,1.6179167,18.431208
C[n+]1ccc(C=Cc2ccc(-c3oc(-c4ccc(N(c5ccccc5)c5ccccc5)cc4)c4ccc5ccccc5c34)o2)cc1,rl,28.252714,-23.729593
Cc1ccc(-n2nc(C=Cc3ccc(Cl)cc3)c3ccccc32)cc1,rl,6.2416525,-31.182728
O=C1COC2=C3CCCC4OCCCC(=C2)C4C=C13,rl,-24.07102,42.197796
C(C#Cc1cc(C#Cc2ccc(N(c3ccccc3)c3ccccc3)cc2)c(-c2cc3ccc(C#Cc4cccs4)cc3s2)s1)#Cc1cccs1,rl,19.649105,-31.546873
COc1ccc(C(=Cc2cc3c4c(c2)CCCN4CCC3)c2ccc(N(C)C)cc2)cc1,rl,16.928413,-19.563656
N#Cc1cc(N(Cc2ccc(Cl)cc2)Cc2ccc(C(F)(F)F)cc2)nc(C(C#N)C#N)n1,rl,-3.8415053,10.898804
N#CC(=CC=CC=Nc1c2ccccc2n2c(-c3ccccc3)cccc12)C(=O)O,rl,51.12683,18.937666
N#CC(=Cc1ccc(-c2ccc(-c3ccc4cc5n(c4c3)-c3ccc(F)cc3N(c3ccccc3)c3ccccc3-5)s2)cc1)C(=O)O,rl,50.5312,26.414352
CC1(C)c2ccccc2-c2ccc(N(c3ccc(-c4ccc(-c5ccc(-c6ccc(N(c7ccccc7)c7ccccc7)cc6)s5)s4)cc3)c3ccc4c(c3)OCCO4)cc21,rl,34.33253,-39.53153
CCCCCCc1cc(-c2ccc3cc(C(=O)Oc4ccc(C=C(C#N)C(=O)O)cc4)ccc3c2)sc1C=C(C#N)C#N,rl,65.495316,33.067886
Brc1cc2cccc3c(cccc13)oc1ccccc21,rl,-15.220017,-26.123
CCCN1Cc2ccccc2-c2cn(-c3ccc(C#N)cc3)nc21,rl,4.081871,-1.1394318
c1ccc(N(c2ccccc2)c2ccc3c4ccccc4n(-c4ccc(-n5c6ccccc6c6ccccc65)cc4)c3c2)cc1,rl,15.288123,-38.602734
CCCC(=O)Nc1ccc(C(=O)C=Cc2ccc(N(C)CCO)cc2)cc1,rl,-65.48599,-29.563658
Nc1ccccc1OCC1C(C=Cc2ccc3ccccc3c2)=C(C(=O)O)C2CC(O)C12,rl,-2.8212051,-0.28323844
COc1ccc(-c2c3c(cc4oc(-c5ccc(Br)cc5)cc24)OCC3c2ccccc2)cc1,rl,-21.020475,-48.88229
CCCCCCCCCOc1ccc(-c2c3ccc(=N)cc-3oc3cc(O)ccc23)cc1[N+](=O)[O-],rl,-9.017997,-59.542995
COc1c(C)cccc1-c1ccc2ccc(-c3nc4ccccc4n3C)nc2n1,rl,-13.210562,-35.408806
CCCCC(CC)Cc1ccc2c(c1)C(CC)(CC)c1cc3c(-c4ccc(-n5c6ccccc6c6ccccc65)cc4)cc4c5ccc(-c6ccc7c(c6)C(=O)N(C)C7=S)cc5sc4c3cc1-2,rl,28.21271,27.753891
CCN(CC)c1ccc2c(-c3ccc(N(C)C)c(C)c3)c3ccc(=N)cc-3oc2c1,rl,4.560361,-66.36011
CN1CC(O)CN(c2ccc3ccccc3c2)C1=C(C#N)C#N,rl,-0.5020094,-9.48814
Cc1ccc(Nc2nc(C)cc(C#N)n2)cc1,rl,7.646172,-4.423998
CCN(CC)c1ccc2c(C)c(-c3cccc(Br)c3)c(=O)oc2c1,rl,16.295795,-57.149704
CN(C)c1ccc(C2=C(O)C(=Cc3ccc4nc(-c5ccccc5)oc4c3)C(=O)O2)cc1,rl,18.551022,-14.168105
CCCCN(CCCC)c1ccc(-c2ccc(-c3ccc(-c4ccc(-c5ccc(C=C(C#N)C(=O)O)o5)s4)s3)s2)s1,rl,64.066536,32.972347
CC1=C(C)CC(c2ccc(-c3ccc4c(O)c(-c5cc(C)ccc5C)oc4c3)cc2)=C1,rl,-33.106537,-27.989092
CCN(CC)c1ccc2oc(=O)cc(O)c2c1,rl,16.698116,-56.680557
Cc1ccc(C2=CC=c3c4cc(-c5ccc(-n6c7ccccc7c7ccccc76)cc5)ccc4c4nc5cccc2c5n34)cc1,rl,0.97165406,-36.482296
CCCCC(CC)COc1cc(-c2ccc(OC(=O)c3ccc(C(C)(C)C)cc3)cc2)ccc1C=C(C#N)C#N,rl,-8.041935,44.635876
CCCCOC1=Cc2c3c([n+]4c(c2COCC)C=c2ccc(OCCCC)cc2=C2N=CC=CC4=[N+]2C=C3)C=C1,rl,25.267887,12.5687685
COc1cccc(-c2nc3ccccc3[nH]2)c1,rl,-21.61567,-43.703766
CCCCCCOc1ccc(N(c2ccc(OCCCCCC)cc2)c2ccc(-c3ccc4cc(C=C(C#N)C#N)sc4c3)cc2)cc1,rl,64.80038,-3.8620756
CCCCc1c(C=C(C#N)c2cc(CCC)c(CC)s2)cc(C#N)c(-c2ccc(N(c3ccc(C)cc3)c3ccc(C)cc3)cc2)c1C#N,rl,62.577774,-16.299732
CC(C)(C)c1ccc(N(c2ccccc2)c2ccc3c(c2)C(=C(C#N)C=c2cc(C(C)(C)C)oc(=O)c2=C(C#N)C#N)C(=O)N3CC(=O)O)cc1,rl,41.00894,-23.449425
C#Cc1ccc(N)cc1N,rl,-21.63884,-9.593356
COc1ccc(-c2cccc(-c3nc(-c4cccc(OC)c4)cs3)n2)cc1,rl,-20.84386,-43.686665
COc1ccc(C=C(C(=O)O)n2nc(-c3ccc(OC)cc3)c3c4ccccc4cnc32)cc1,rl,-19.505129,-46.71418
Nc1ccc(C(=O)C2=Cc3ccc(C(=O)O)c(=O)n3C2=O)cc1,rl,-23.255798,19.91905
COc1ccc2c(c1)C=Cc1c(oc3cc(C)ccc13)C=C2,rl,-30.817883,-37.855015
CCn1c2ccccc2c2cc(C#Cc3ccccc3)ccc21,rl,2.3927743,-24.997877
c1ccc2nc3c(nc2c1)sc1c2ccccc2sc31,rl,-6.159549,-18.337717
CN(C)c1ccc(C(=O)C(N)c2ccc(F)cc2)cc1,rl,-57.124226,-26.176453
CCN1CNc2ccc(CN)cc2C1,rl,-22.464788,39.270653
C[n+]1c(C#N)c(C=Cc2ccccn2)nc2ccccc21,rl,1.8262831,-8.986316
CC(C)CCOc1cccc2c1oc1cc(-c3ccc(-c4nc(C=Cc5ccccc5)nc(-c5ccccc5)n4)c(C=Cc4ccccc4)c3)sc12,rl,-33.761105,-19.520597
Fc1cc(F)c(F)c(-c2cnn3ccccc23)c1,rl,-7.6691756,-8.046162
Nc1cc(=O)[nH]c(SC=Cc2ccc(NC(=O)c3ccccc3)cc2)n1,rl,-28.482857,4.8427815
CCCCCCOc1ccc(N(c2ccc(C)cc2)c2ccc(-c3sc(C#Cc4ccc(C(F)(F)F)cc4)c4sccc34)cc2-c2ccc(-c3ccc(C=C(C#N)C#N)cc3)s2)cc1,rl,66.34057,-4.5398417
N#CC(=Cc1ccc(N(c2ccccc2)c2ccccc2)cc1)c1ccc(N(c2ccccc2)c2ccccc2)cc1,rl,46.04483,-23.903166
Cc1ccc(-c2cc[n+](C)cc2)c(C)c1,rl,-17.957392,-9.717595
Cc1onc(-c2ccccc2)c1C=Cc1ccc(F)cc1,rl,-2.0815046,-2.163744
COc1ccc(-c2nc(-c3c(O)cccc3OC)c(C#N)[nH]2)cc1,rl,-26.760677,-43.66515
CCCCCCOc1ccc(N(c2ccc(OCCCCC)cc2)c2ccc(-c3ccc4nc(C=C(C#N)C#N)sc4c3)cc2)cc1,rl,64.67491,-3.8601685
CC1(C)C2=CC3=CC(=O)C=CC2(C=C3)c2ccccc21,rl,-13.908551,0.6811593
C[n+]1cccc(C=Cc2ccc(C#Cc3cccc(C#N)c3)cn2)c1,rl,8.40967,-5.369132
CN(C)c1nc(F)c(F)c(F)c1Cc1ccccc1,rl,-19.959455,7.1385684
COc1ccc(-n2nc3ccccc3c2-c2ccccc2)cc1,rl,-19.026566,-46.555893
COc1cc(C=C(C#N)C(=O)C=Cc2ccc(N(C)CCO)cc2)ccc1O,rl,22.512033,-19.186333
CCCCN1C(=CC=CC2=[N+](C)c3ccccc3C2(C)C)C(CCC)Sc2cc(OC)ccc21,rl,9.129403,41.39044
CCOC(=O)C1=C(c2ccccc2Br)NC2=NNNC(=O)C2=C1N,rl,-40.85706,13.239935
N#CC(C#N)=Cc1ccc(N2C(=O)C3(c4ccccc42)c2ccccc2N(c2ccccc2)c2ccccc23)cc1,rl,52.18965,-10.460433
ClN=Cc1ccccc1Cl,rl,-45.24306,-2.6717892
CCN(CC)c1ccc(N=Nc2ccc(C(C#N)c3ccccc3)cc2)cc1,rl,18.479824,-50.542946
COc1ccc(C(=Cc2ccc3c4cc(-c5ccc(C=C(C#N)C#N)s5)ccc4n(-c4ccc(OC)cc4)c3c2)c2ccc(OC)cc2)cc1,rl,70.64916,-39.41201
N#CC(C#N)=Cc1ccc(-c2cc3c(cc2-c2ccc(N(c4ccccc4)c4ccccc4)cc2)oc2ccc4ccccc4c23)s1,rl,72.507195,-33.79293
CCN(CC)c1ccc2c(-c3c(OC)cccc3OC)c3ccc(=N)cc-3oc2c1,rl,6.0175285,-64.37998
COc1ccc(N(c2ccc(OC)cc2)c2ccc3ccc4ccc5ccccc5c4c3c2)cc1,rl,30.32681,-47.630035
CCCCCc1ccc(C2CCCC2=Cc2ccc(N(c3ccc(OCCCC)cc3)c3ccc(OCCCC)cc3)cc2)cc1,rl,42.095955,5.1685677
CCCCCCCCCCCCn1c2cc(-c3ccc(C(C)(C)C)cc3)ccc2c2ccc(-c3cc[n+](CCCCCCCCCC)cc3)cc21,rl,26.754374,22.189121
CCOc1ccc(C=CC(=O)c2ccc(NC(=O)c3ccc(NC(=O)C=Cc4ccc(OC)c(OC)c4)cc3)cc2)cc1,rl,-64.1079,-25.319284
O=C(CCN1C(=O)c2ccccc2C1=O)OCc1ccc2ccccc2c1,rl,-25.78972,-25.077696
CCCCN1c2cc(-c3ccc(C(C#N)=Cc4cc5ccccc5s4)s3)ccc2C2CCCC21,rl,35.754555,29.005646
CC(C)(C)c1ccc(N(c2ccc(C(C)(C)C)cc2)c2ccc3c(c2)C(C)(C)c2cc(-c4ccc(-c5ccc(N(c6ccccc6)c6ccccc6)cc5)c(F)c4)ccc2-3)cc1,rl,24.421974,-29.232994
CN(C)c1ccc2c(c1)C(=Nc1ccc(N=Nc3ccc([N+](=O)[O-])cc3[N+](=O)[O-])cc1)C=CC2=O,rl,0.1856669,17.178833
CCCCCCOc1ccc(N(c2ccc(OCCCCCC)cc2)c2ccc(-c3ccc(-c4sccc4-c4ccc(C=C(C#N)C#N)s4)s3)cc2)cc1,rl,67.99502,-4.797976
CCn1c2cc(C(C)(C)C)ccc2c2c1cc(-c1cc(=O)oc3c(C#N)cccc13)n2-c1ccc(OC)cc1,rl,-2.9460127,-48.383244
C(=Cc1cccc2ccccc12)c1ccc2c(c1)c1cc3ccccc3cc1n2-c1ccc(-c2nc(-c3ccccc3)nc(-c3ccccc3)n2)cc1,rl,5.026684,-34.595104
N#CC(=Cc1ccc(N(c2ccccc2)c2ccccc2)cc1)c1ccc(-c2ccc(-c3ccc(N(c4ccccc4)c4ccccc4)cc3)s2)s1,rl,63.89447,-27.469984
O=C(O)c1ccc2c(-c3cc(Cl)c(Cl)s3)ccnc2c1,rl,-46.17936,-14.597599
CCCCCCOc1ccc2c(c1)N(CCCCCC)c1ccc(-c3ccc4sc5ccc(-c6cccnc6)cc5c4c3)cc1O2,rl,27.441227,13.171722
COc1ccc2cc(C=c3sc4nc(-c5cccc6ccccc56)nn4c3=O)c(=O)oc2c1,rl,-28.822367,-35.014957
COc1ccc2c(c1)c1cc(C(C)(C)C)ccc1n2-c1ccc2c(c1)c1cc(-c3ccc(C(F)(F)F)cc3)ccc1n2-c1cc(C(C)(C)C)cc(C(C)(C)C)c1,rl,-2.1858532,-43.601234
CCCCCCN1C(=O)c2cc3sc(=S)n(-c4ccc(C=C(C#N)C#N)s4)c3cc2C1=O,rl,66.48604,-13.032216
COC(=O)C(C)=Nc1ccc([N+](=O)[O-])cc1,rl,3.7063055,20.7933
O=C1C=C(c2ccc(Br)cc2)NC(=O)C1=Cc1ccc([N+](=O)[O-])s1,rl,4.172726,24.223614
CCOCCOc1ccc(N(c2ccc(C#Cc3ccc(C=C(C#N)C#N)cc3)cc2)c2ccc(C(C)C)cc2)cc1,rl,60.4635,-6.8066435
CN(C)c1ncccc1C#N,rl,3.68918,-10.253156
CCN(CC)c1ccc(C=C(C#N)NC(=O)OC(C)(C)C)cc1,rl,49.112072,-36.793858
COc1ccccc1Oc1c2ccccc2c(-c2ccccc2)c2ccccc12,rl,-16.565805,-36.373573
Cc1cc(C#CC#Cc2ccc(C#CO)c(C#CC#CC#Cc3ccc(-n4c5ccccc5c5ccccc54)cc3)c2)ccc1C(=O)O,rl,2.6864974,-31.253279
COc1ccccc1-c1c(C=CC=CN)[nH]c2c3ccc(Br)cc3c(-c3ccccc3)[n+](C)c12,rl,-16.93123,-36.51223
Cc1ccc2c(c1)c1ccccc1n2-c1ccc2c(c1)[nH]c1ccccc12,rl,-2.1008124,-32.227673
CN(C)c1nc(-c2ccc(N(c3ccccc3)c3ccccc3)cc2)nc(N=O)c1C#N,rl,23.07029,-33.746265
COc1ccc2ccc(Br)cc2c1C=CC=C1N(CCCS(=O)(=O)O)c2ccc(Br)cc2C1(C)C,rl,4.8080006,47.46507
CCCCCCc1cc(C=Cc2nc(-c3ccccc3)c3c4ccc(C#N)cc4n(CCCCCC)c3n2)ccc1OCc1ccccc1,rl,30.653366,17.67055
C(=Cc1ccc2c(c1)sn2-c1ccc(C=NN2c3ccccc3C3C4CCC(C4)C32)cc1)c1ccc(N(c2ccccc2)c2ccccc2)cc1,rl,32.1621,-18.287716
CCCCCCCCc1cccc2cc3c(cc12)sc1cc(N(c2ccc(-c4ccc(N(c5ccc(OCCCCCC)cc5)c5ccc(OCCCCCC)cc5)c5nsnc45)cc2)c2cccc4oc5ccc(C#N)cc5c24)sc13,rl,37.341866,8.657994
CCN(CC)c1ccc2oc(=O)c(C(=O)Nc3ccccc3F)cc2c1,rl,18.10141,-59.218277
CCCCCCOc1ccc(C#Cc2ccc(N(c3ccc(OCCCCCC)cc3)c3ccc(C#CC#CCOc4ccc(N(CCCCCC)c5ccc(C#Cc6ccc(C#Cc7ccc(OC)cc7)cc6C#N)cc5)cc4)c(C#Cc4ccc(OCCCCCC)cc4)c3)cc2)cc1,rl,32.30181,5.4740796
OC1=CC(=Cc2ccc3ccsc3c2)c2ccccc21,rl,-7.1148853,-3.066891
COc1ccc(N(c2ccc(C=C3SC(=O)N(CS(=O)(=O)c4ccc(C)cc4)C3=O)cc2)c2ccc(OC)cc2)cc1,rl,21.82205,42.811085
CN1c2ccccc2Oc2ccccc21,rl,3.649149,4.4122157
CCN1c2cc(-c3ccc(-c4ccc(N(c5ccccc5)c5ccccc5)cc4)s3)ccc2Sc2ccsc21,rl,31.532278,-37.271667
COc1ccc(-c2cc3sc(-c4ccc(-c5ccc(C=C(C#N)C#N)s5)c(-c5ccc(C=C(C#N)C#N)s5)c4)cc3oc2=O)cc1F,rl,63.797684,-42.142937
CCCCCCOc1ccc(N(c2ccc(OCCCCCC)cc2)c2ccc(-c3cc(OC)c(C#Cc4ccc(N(c5ccc(CCCC)cc5)c5ccc(OC)cc5)cc4)s3)cc2)cc1,rl,35.77701,7.090183
COc1ccc2cc3c(cc2c1)Oc1ccc(-c2ccc(N(c4ccccc4)c4ccccc4)cc2)cc1O3,rl,30.224154,-46.41664
COc1ccc2cc(C=Cc3ccc(-c4nc5ccccc5[nH]4)cc3)ccc2c1,rl,-22.700788,-38.403393
CCCCCCCCCCOc1ccc(N(c2ccc(C=C3SC(=S)N(CC(=O)O)C3=O)cc2)c2ccc(-c3ccc(-c4ccc(N(c5ccc(OCCCCCCCC)cc5)c5ccc(OCCCCCCCCCC)cc5)cc4)s3)cc2)cc1,rl,26.834194,39.95932
CC(C)(C=C1C(=O)C(c2ccccc2)C=C1Oc1ccccc1N=C=O)CCCCCN1c2ccccc2C=Cc2ccccc21,rl,15.236947,31.135399
[C-]#[N+]c1ccc(C#Cc2ccc(C)cc2)cc1C#Cc1ccc(C(F)(F)F)cc1,rl,4.9715962,-15.483064
N#CC(C#N)=Cc1ccc(N(c2ccc(C#N)cc2)c2ccc(C=Cc3ccc(C#N)cc3)cc2)cc1,rl,50.38329,-19.525295
CCCCOc1ccc(-c2sc(-c3ccc(C=C(C#N)C#N)s3)cc2C#N)cc1OCCCC,rl,67.6743,-11.156483
N#CC(C#N)=Cc1ccc(C=C2C(=O)NC(=O)NC2=O)cc1,rl,49.923885,-9.179024
C=CCOC(=O)C=CNc1cc2ccccc2oc1=O,rl,-28.449945,-28.028055
CCCCCCN1c2ccc(-c3ccc(C(C)=O)cc3)cc2Sc2cc(-c3ccc4cc(-n5c6ccccc6c6ccccc65)ccc4c3)ccc21,rl,28.222006,24.618553
CCCCC(=CC(=O)c1cccc(N)c1)C1=CC=C1Cc1ccc(-c2ccc(C(=C(C#N)c3ccc(N(C)C)cc3)c3ccc(C=C(C#N)C#N)cc3)cc2)[nH]1,rl,61.287327,-14.584105
CCCC1=C2C(=C(c3ccccc3)N(CCC(=O)O)CC2(C#N)C#N)CCC1=C(C#N)C#N,rl,-40.92287,19.465082
CCCCCCOc1ccc(N(c2ccc(OCCCCCC)cc2)c2ccc(-c3ccc(-c4ccc(C=C(C#N)C#N)c(C#N)c4)s3)cc2)cc1,rl,66.3292,-4.2904153
COc1ccc(N(c2ccc(C=Cc3ccc(-c4ccccc4)s3)cc2)c2ccc3c(c2)N(c2ccc(C=C(C#N)C#N)s2)c2ccccc2S3)cc1,rl,61.349907,-32.10884
CCCCSc1ccc(CN2C(=O)c3cccc4ccc(N)c(c34)C2=O)cc1-c1ccc(F)cc1,rl,22.44042,25.289362
CCCCN(CCCC)c1ccc(-c2ccc(-c3ccc(N(c4ccccc4)c4ccccc4)cc3)c3nsnc23)cc1,rl,31.587059,-4.3229823
COc1ccc(C=C(C#N)C=c2c3ccc(OC)cc3c(=Cc3ccc(OC)cc3)n2-c2ccc(OC)cc2)cc1,rl,11.50095,-35.065544
CN1C(=CC2=Cc3ccc(O)cc3OC2(C)C)C(C)(C)c2ccccc21,rl,7.781515,42.992355
C#CCC1=CC(C)(C)OC(C)(C)C1OCC,rl,-26.856976,45.947598
c1ccc2oc(-c3ccc(-c4cc(-n5c6ccccc6c6ccccc65)nc5nccnc45)s3)nc2c1,rl,-2.6798341,-34.14435
COc1ccc(-n2nc3ccc4ccccc4c3n2)cc1,rl,-18.747046,-46.765377
CCCCOc1ccc(N(c2ccc(OCCCC)cc2)c2ccc3c4ccc(-c5cc(C#N)c(-c6ccc(N(c7ccccc7)c7ccccc7)cc6)s5)cc4n(CC)c3c2)cc1,rl,37.345535,3.4261484
CN(C)c1ccc(-c2ccc3cccc4c3c2C(=O)NC4=O)cc1,rl,10.919226,-22.087791
CCCCOc1ccc(N(c2ccc(OCCCC)cc2)c2ccc(C(=O)c3ccc(-c4c5ccccc5c(-c5cccc(OCCCC)c5)c5ccccc45)cc3)cc2)cc1,rl,34.50884,11.11166
COc1ccc(C=C(C#N)c2c(C#N)c(C(C)=O)c(-c3ccc(OC)cc3)n2N)cc1,rl,11.938942,-34.564484
CN(C)c1ccc(C=Cc2oc(C=CC=Cc3ccc([N+](=O)[O-])cc3)nc2-c2ccccc2)cc1,rl,19.889439,-11.549986
CC1=CC=C2C1C1CCCC1N2c1ccc(C)cc1,rl,-20.979624,36.259853
CCCCCCCCCCCCN1CC(CCCN2C(=O)c3ccc(C(=O)O)cc3C2=O)OC1=O,rl,18.316944,26.723703
CCCCCCN(CCCC)c1ccc(C=c2sc(=Cc3ccc(N(c4ccccc4)c4ccccc4)cc3)n(CCCCCC)c2=O)o1,rl,30.679424,-10.224873
CCCCCCN1CCCc2cc(C#Cc3ccc(N(C)c4nc(-c5ccc(C)cc5)c(C#N)c(C#N)c4C#N)c(CC)c3)ccc21,rl,23.323723,17.590023
CCCCCCc1cc(-n2c(=O)sc3ccc(-c4ccc(C=C(C#N)C#N)cc4)cc32)sc1-c1ccc(C=C(C#N)C#N)s1,rl,65.90139,-13.31991
CCCCCCc1ccc(-c2ccc(N(c3ccc(-c4ccc(C=C(C#N)C#N)cc4)cc3)c3ccc(C(CCCCCC)CCCCCC)cc3)cc2)s1,rl,64.308304,-16.414267
Cc1cc(C=C(C#N)C#N)cc(C)c1-c1ccc(-c2ccc3c4ccc(C=C(C#N)C#N)cc4n(-c4ccc(-c5ccc(N(c6ccccc6)c6ccccc6)cc5)cc4)c3c2)cc1,rl,46.827,-16.890406
c1ccc(N(c2ccccc2)c2ccc(-c3ccc(C45CCc6cccc(c64)-c4ccccc45)cc3)cc2)cc1,rl,25.59492,-33.087837
CCOC(=O)c1ccc(-n2ncc(C#N)c2-c2ccc(Cl)cc2)cc1,rl,-54.355602,-6.3509054
CCCCCCOc1ccc(N(c2ccc(OCCCCCC)cc2)c2ccc(-c3ccc(-c4ccc5c(c4)c(=O)c4cc(-c6cc(-c7ccccc7)cc7c6N(CCCCCC)c6ccccc6S7)sc4n5-c4ccc(N(c5ccc(OCCCCCC)cc5)c5ccc(OCCCCCC)cc5)cc4)cc3)cc2)cc1,rl,35.658054,0.5822643
CCCCCCCCCc1c(OC(=O)c2cc(F)c(F)nc2F)ccc2c3cnc(C=C(C#N)C#N)c4cc-3c(cc4OC)c12,rl,61.978138,-10.179727
N#CC(C#N)=Cc1ccc(C=Cc2ccc(N(c3ccccc3)c3ccccc3)cc2)o1,rl,49.456997,-21.373158
CNc1ccc(N(c2ccccc2)c2ccccc2)cc1,rl,26.425343,-32.336266
CCCCC1(CCCC)c2cc(-c3ccc4c(-c5ccc6ccccc6c5)c5cc(-c6ccc(N(c7ccccc7)c7ccccc7)cc6)ccc5c(C#N)c4c3)ccc2-c2ccc(-c3cccs3)cc21,rl,33.496727,-8.789393
COc1c(C#N)oc2ccccc2c1=O,rl,-31.68123,-23.464445
Cn1c2cc(=N)ccc-2c(-c2ccccc2)c2ccccc21,rl,-6.4656014,-33.46473
C[n+]1c2c3c(c(-c4ccccc4)c(F)c(F)c3c3ccc(O)cc31)C=C2,rl,-7.0671606,-33.27333
N#CC(C#N)=Cc1ccc(-c2ccc(N3c4ccccc4Sc4ccccc43)cc2)o1,rl,52.64488,-10.966553
CCN(CC)c1ccc(C2(c3cc4c(cc3OC)OCCO4)c3ccccc3-c3cc(-c4ccc(COC)cc4)ccc32)cc1,rl,24.098362,-52.954777
CCCCCCCCn1c2ccccc2c2cc(-c3ccc(N(c4ccccc4)c4ccc(-c5ccc(C=C(C#N)C#N)s5)cc4)cc3)ccc21,rl,69.87117,-20.348684
Cc1ncc(-c2ccc(C=CC(=O)c3ccccc3O)cc2)s1,rl,-5.523492,0.56638145
COc1ccccc1N(c1ccccc1)c1ccc(-c2ccc(C=Cc3nc(N(c4ccccc4)c4ccccc4)ccc3C#N)cc2)cc1,rl,36.798203,-17.67318
N#Cc1nc(-c2ccc(N(c3ccccc3)c3ccccc3)cc2)sc1-c1ccc(N(c2ccccc2)c2ccccc2)cc1,rl,23.60991,-33.844826
O=C(Nc1ccccc1C(=O)C=Cc1ccc(N2C(=O)C2C2C3C4CCC3C(C4)C2n2cnc3ccccc32)cc1)c1ccccc1,rl,-28.199018,4.4705977
ClC1=Cc2ccccc2-c2cccc3cccc1c23,rl,-18.113579,-18.643736
CCN(CC)CCN1CC(C)c2c1c(OC)cc1ccc(C#N)cc21,rl,8.369306,-7.859451
CCN(CC)c1cccc(C=CC(=O)c2ccc(N=Cc3ccc(OCc4ccccc4)c(OC)c3)cc2)c1,rl,25.425568,-20.992508
Cc1ccc(-c2ccc3c(c2)N(c2ccc(C)cc2)c2ccccc2N3c2cccc(C)c2)cc1,rl,5.3787775,4.6530256
CC1=CC(c2ccc(-n3c4ccccc4c4ccccc43)cc2)=C2C=C(CC(C)C)C=C1O2,rl,-0.88271886,-35.343487
COCCNS(=O)(=O)c1ccc(C#N)cc1Cl,rl,6.9042687,-5.2688437
c1ccc2nsnc2c1,rl,-5.3349295,-15.7907095
COc1ccc(N(c2ccccc2)c2ccc(C=C(C#N)c3ccc(N4c5ccccc5C5(c6ccccc64)c4ccccc4C(C)(C)c4ccccc45)cc3)cc2)cc1,rl,43.552094,-29.945112
Nc1nonc1N1CCCC1=O,rl,-23.990957,38.04454
CCCCCCCCN(CCCCCCCC)c1ccc(C=CC=CC=Cc2ccc(N(c3ccccc3)c3ccccc3)cc2)cc1,rl,31.771841,-12.542312
CCN(CC)c1ccc2c3cc(OC)ccc3c3ccc(N4c5ccccc5Sc5cc(C#N)ccc54)cc3c2c1,rl,11.960297,11.246875
C=CCOC(=O)CN1C(=O)C(=Cc2ccc(-c3ccc(N(c4ccc(OCCCCCC)cc4)c4ccc(OCCCCCC)cc4)cc3)s2)SC1=S,rl,26.859692,39.790676
CN(C)c1ccc(C=CC2N=C3N=C(c4ccc(Br)cc4)C=CN3C2c2ccc(N(C)C)cc2)cc1,rl,21.470846,-13.438449
CCCCCCc1cc(C=C(C#N)C#N)sc1C#Cc1cc(C=c2nc(-c3ccc4ccccc4c3)sc2=Cc2ccc(OCc3ccccc3)c(OC)c2)ccc1C#N,rl,62.356747,-9.555377
CCCCCCOc1ccc(N(c2ccc(OCCCCCC)cc2)c2ccc(-c3ccc(N(c4ccccc4)c4cccc5ccc6ccccc6c45)cc3)cc2)cc1,rl,34.288784,9.540949
CCN(CC)c1ccc(C=CC2=CC3(Oc4ccc(OC)cc42)C(=O)N(CC)c2ccccc23)cc1,rl,41.53931,-34.3151
N#CC(C#N)=Cc1ccc(-c2ccc(C=C(C#N)c3ccc(N(c4ccccc4)c4ccccc4)cc3)s2)s1,rl,69.5321,-28.549995
COc1ccc(-c2cc3c(c(=C(C#N)C#N)c2C#N)=CC(OC)(c2ccccc2)OC3=O)cc1,rl,-26.393484,-44.991993
COC(=O)c1ccc(C=Cc2ccc3c(c2)Sc2ccccc2N3Cc2ccc(S(C)(=O)=O)s2)cc1,rl,33.107327,33.333145
C#Cc1cc(C#Cc2ccc(C#N)cc2C#Cc2ccc(N(c3ccccc3)c3ccccc3)cc2)ccc1C#Cc1ccc2ccccc2c1,rl,19.790575,-30.132578
CC(C)(C)c1ccc(-c2nc3cc(CCC(=O)O)ccc3o2)cc1,rl,-49.81956,-22.230938
O=S(=O)(O)c1ccc2c(c1)oc1cc(Nc3ccc(Br)cc3F)c(F)cc12,rl,-34.249622,-30.799915
CCCCC(CC)Cc1cnc2cc(C#N)c3ccsc3n12,rl,25.48173,8.262536
COc1ccc2ccc(=O)oc2c1,rl,-30.100998,-36.169834
CCCC(C)=CC=CC1C=CC=C(C)C1(O)C(C)C,rl,-16.576262,25.923632
O=C(C=Cc1ccc(Br)cc1)c1ccc(NC(=O)c2ccc(Cl)s2)cc1,rl,-61.167114,-31.205805
COC(=O)c1sc(-c2ccc(Cl)cc2)cc1-c1cc2ccccc2c2ccccc12,rl,-41.35503,5.5602593
COC(=O)C=Cc1ccc(N(c2ccccc2)c2ccc(C(=O)c3ccc(N(c4ccccc4)c4ccc(C=C(C#N)C#N)cc4)cc3)cc2)cc1,rl,48.08813,-20.827326
CCCCCCN1C(=O)c2ccc(-c3ccc4c(c3)N(CCCCCC)c3ccc(N(c5ccccc5)c5ccccc5)cc3S4)cc2C1=O,rl,35.263226,-0.3316164
CCCCCCN1c2ccccc2Sc2cc(N(c3ccccc3)c3ccc(C4=C(N(c5ccccc5)c5ccccc5)CCCC4)cc3)ccc21,rl,35.277935,-0.45377722
CCCCn1c2ccccc2c2cc(-c3csc(-c4ccccc4)n3)ccc21,rl,27.496151,20.851538
CCCCCCCCN1C(=CC2=C(C#N)N(CCCCCCC)C(=O)C2=CO)C(C)(C)c2ccccc21,rl,10.712043,42.627613
N#CC(C#N)=Cc1ccc(-c2ccc(-c3cc(-c4ccc(N(c5ccccc5)c5ccccc5)cc4)cc(-n4c5ccccc5c5ccccc54)c3)cc2)s1,rl,72.521416,-36.35774
CCCCN1c2ccc(C=Cc3nc4cc(N(c5ccc(C#N)cc5)c5ccc(C(=O)C=Cc6ccc(N(C)CCO)cc6)cc5)ccc4n3C)cc2C(C)(C)c2cc(C(=O)O)ccc21,rl,39.364895,-15.409599
CCCCCCN(c1ccc2c(c1)CCc1occc1-2)c1ccc2c(c1)C(=O)N(CC(=O)O)C2,rl,18.193953,26.704374
CCOc1ccc(N(c2ccc(OCC)cc2)c2ccc3c(ccc4ccc(N(CC)CC)cc43)c2)cc1,rl,22.006525,-50.72038
Cc1ccc(N(c2ccc(C)cc2)c2ccc(C=Cc3ccn4c(-c5ccc(N(c6ccccc6)c6ccccc6)cc5)nnc4c3)cc2)cc1,rl,33.442013,-22.340698
CCN(c1ccc(C#Cc2ccc(C=C(C#N)c3ccccc3)cc2)cc1)c1ccc(C=CC=Cc2ccc([N+](=O)[O-])cc2)cc1,rl,10.630757,16.444025
O=C(O)CN1CC(=O)N2c3ccccc3C(c3ccccc3)=CCC2C1=O,rl,-22.919825,2.8473766
c1ccc(-c2oc(-c3ccc(N(c4ccccc4)c4ccccc4)cc3)c3ccccc23)cc1,rl,24.210115,-35.76265
COc1ccc(N2c3ccc(OC)cc3Oc3cc4c(cc32)C(C)(C)c2c-4c3c(c4ccc5ccccc5c24)-c2ccccc2C3)cc1,rl,-25.609798,-50.10974
CCN(CC)c1ccc(-c2ccc(-c3ccc(-c4nc5ccc(C)cc5s4)s3)s2)c2ccccc12,rl,-2.7578607,-22.440786
O=C(O)CN1C(=O)C(=Cc2ccc(C=Cc3ccc(N(c4ccccc4)c4ccccc4)cc3)cc2)SC1=S,rl,24.326223,43.41602
O=C(c1ccccc1O)c1cc2ccccc2oc1=O,rl,-28.33681,-28.109442
COc1ccc(-n2c(C#N)cc3ccccc32)cc1-c1nc2ccccc2n1-c1ncccc1C#N,rl,-12.527469,-36.3879
CCCCCCN(c1ccc(C=Nc2ccc(C=C(C#N)c3ccc(C#N)cc3)cc2)cc1)c1ccc(C=C(c2ccccc2)c2ccccc2)cc1,rl,56.98392,-15.327122
N#CC1=CC=C(Cc2ccccc2)C2C(=O)N(CCN)C(=O)C2C(C#N)C1,rl,-8.255841,10.8635645
CCCCOc1ccc(N(c2ccc(OCCCC)cc2)c2ccc(-c3ccc(-c4ccc(-c5ccc(O)cc5)s4)s3)cc2)cc1,rl,36.174053,6.1764517
CN(CCO)c1cccc(C(=O)Nc2ccc(Br)cc2)c1,rl,-59.72371,-27.100786
Cc1ccc(N2C(=c3ccc(=c4sc(=C(C#N)C#N)s4)s3)Sc3ccccc32)cc1,rl,5.179507,3.4098763
COc1ccc(-c2c(C#N)c(=N)[nH]c3cc(Br)ccc23)c(OC)c1,rl,-29.664215,-41.679787
CC(C)(C)c1ccc(N(CC(=O)O)c2ccc(C=C3SC(=S)N(CC(=O)O)C3=O)cc2)cc1,rl,23.5257,44.5433
CCCCCCOc1ccc(N(c2ccc(OCCCCCC)cc2)c2ccc(-c3ccc4c(c3)c3cc(N(c5ccccc5)c5ccccc5)ccc3n4CCCC)cc2)cc1,rl,36.67445,-2.8965938
N#CC(C#Cc1ccc(C=C(C#N)c2ccccc2)cc1)=Cc1ccc(-c2ccc(N(c3ccccc3)c3ccccc3)cc2)s1,rl,67.9174,-27.653406
N#CC1CC(C=Cc2cc3sc(-c4ccc(N(c5ccccc5)c5ccccc5)cc4)cc3s2)=C(C(=O)O)c2cc(N(c3ccccc3)c3ccccc3)ccc21,rl,72.298584,-26.505873
COc1ccc(NC(C#N)=C(C#N)C#N)cc1C,rl,-38.12267,-19.470331
CCCCCCCCCCOc1ccc(-c2cc(=O)c3ccc(N(CCCCCC)CCCCCCCC)cc3o2)cc1,rl,29.928347,10.912005
C(=Cc1ccc(C=Cc2ccc(N(c3ccccc3)c3ccccc3)cc2)cc1)c1ccccc1,rl,32.57812,-20.106869
c1ccc(N(c2ccccc2)c2ccc(-c3nc4ccccc4[nH]3)cc2)cc1,rl,26.722061,-35.905807
N#Cc1ccc(S(=O)(=O)Nc2ccc(C=Cc3cc(C#N)cc(C#N)n3)cc2)cc1,rl,8.324754,-4.7054796
COc1ccc(-c2cccc3oc(-c4ccc(N(c5ccc(C)cc5)c5ccc(OC)cc5)cc4)cc23)cc1,rl,-15.183325,-51.94682
COc1ccc(N(c2ccc(C=C(C#N)C#N)cc2)c2ccc(-c3ccc(C=C(C#N)C#N)s3)cc2)cc1,rl,60.805225,-32.88847
CCN(c1ccc(C=C(c2ccc(C)cc2)c2ccc(N(c3ccc(C)cc3)c3ccc(OC)cc3)cc2)s1)c1ccc(-c2ccc(-c3ccc(N(c4ccc(OC)cc4)c4ccc(OC)cc4)cc3)cc2)s1,rl,35.12847,-45.210365
CCOC(=O)c1ccc(NC(=O)c2ccc3ccccc3c2)cc1,rl,-37.47179,9.490071
N#CC(C=Cc1nc2ccc(N(c3ccccc3)c3ccc(-c4ccc(N5c6ccccc6Sc6ccccc65)cc4)cc3)cc2o1)=Cc1ccccc1,rl,58.14603,-22.728367
Cn1c(-c2ccco2)nc2oc(N3CCCCC3)cc(=Nc3ccc(C#N)cc3)c21,rl,4.1178555,-2.0484216
O=C(Cl)C1CC2CCCC2N1,rl,-28.11563,37.994038
Cc1nc2c(O)cc(Br)cn2c1Cc1ccccn1,rl,-3.7453966,-24.253435
N#CC(C#N)=Cc1ccc(C=Cc2ccc(N(c3ccccc3)c3ccc(N(c4ccccc4)c4ccccc4)cc3)cc2)s1,rl,57.58344,-30.124374
CCCCCCc1ccc(N(c2ccc(C=C(C#N)C#N)cc2)c2ccc(-c3cc(-c4ccc(N(c5ccccc5)c5ccccc5)cc4)nc(-c4ccc(N(CC)CC)cc4)n3)s2)cc1,rl,64.015274,-18.702852
CC(=O)c1ccc(NCC(=O)N2CCN(c3cccc4nonc34)CC2)cc1,rl,-50.39739,19.466103
N#Cc1cc(N(c2ccccc2)c2ccccc2)ccc1-c1ccc2ccc3cc(Nc4ccccc4)ccc3c2c1,rl,21.657713,-33.953377
N#CC(C#N)=Cc1ccc(-c2ccc3c(c2)c2ccccc2n3-c2ccccc2)cc1,rl,45.74803,-13.698067
N#CC(C#N)=Cc1ccc(-c2ccc(N(c3ccc(-c4ccc(C=C(C#N)C(=O)O)s4)cc3)c3ccc(-c4ccc(-c5ccc6c(c5)OCCO6)s4)cc3)cc2)s1,rl,62.348038,15.098201
CCCCCCOc1ccc(NC(=O)c2ccc(NC(=O)c3ccc4cc(NC(=O)c5ccc(C(C)=O)cc5)ccc4c3)cc2)cc1,rl,-4.354187,28.618982
COc1cc(C=c2sc(=Cc3ccc(N(c4ccccc4)c4ccccc4)cc3)n(C)c2=O)ccc1[N+](=O)[O-],rl,28.320156,-19.754234
CN(C)c1ccc(C=CC=c2[nH]c3ccc4ccccc4c3c2=CC(=O)c2ccc(Nc3cccc(-c4ccccc4)c3)cc2)cc1,rl,20.697279,-18.178005
CN(C)c1ccc2cc(-c3nc4ccccc4n3C)cc(N(C)C)c2c1,rl,7.6856875,-22.68486
CCN(CC)c1ccc2c(-c3ccccc3)c3ccc(N(CC)CC)cc3[o+]c2c1,rl,17.199587,-51.634148
COc1ccccc1-c1ccccc1,rl,-16.033657,-36.533176
N#CC(=Cc1ccc(N(c2ccccc2)c2ccc(C=C(C#N)c3ccc(-n4c5ccccc5c5ccccc54)cc3)cc2)cc1)c1ccc(N(c2ccccc2)c2ccccc2)cc1,rl,46.18736,-18.169147
CCCCCCOc1c(OCCCC)cc(C=C2SC(=O)N(CCCCCC)C2=O)cc1-c1ccc(C=C(C#N)c2ccccc2)s1,rl,59.43597,-1.721005
CCCCOc1ccc(N(c2ccc(OCCCC)cc2)c2ccc(-c3ccc(N(c4ccc(C=CC(=O)O)cc4)c4ccc5oc(=O)sc5c4)cc3)cc2)cc1,rl,42.240726,6.969165
CCCCN(CCCC)c1cc(C=C(C#N)C#N)c(C#Cc2ccc(N3c4ccc(-c5ccc(N(c6ccccc6)c6ccccc6)cc5)cc4Oc4ccc(OC)cc43)cc2)s1,rl,61.51706,-22.683178
CCCCCCCCc1c(-c2ccc(OC)cc2)c2c3ccccc3c3ccccc3c2n1-c1ccccc1,rl,-19.405844,-52.066917
COC(=O)CNC(=O)NCc1cccn1C,rl,-35.43078,11.044264
CCN(CC)c1ccc2cc(-c3ccc(-c4ccc(OC)cc4)cc3)c(=O)oc2c1,rl,15.52057,-60.6332
CCCC1CCC(c2ccc(N(c3ccc(C=Cc4ccc(N(c5ccc(Br)cc5)c5ccc(C#N)cc5)cc4)cc3)c3ccc(C=C(C#N)C#N)cc3)cc2)CC1,rl,50.43353,-19.32072
COC1(OC)c2cc(-c3ccccc3)ccc2-c2ccc(-n3c4ccccc4c4cc(N(c5ccccc5)c5ccc(C#N)cc5)ccc43)cc21,rl,15.721994,-37.271812
CCCCCCOc1ccc(N(c2ccc(OCCCCCC)cc2)c2ccc(-c3sc(C=c4sc(=C(C#N)C#N)oc4=O)cc3F)cc2)cc1,rl,64.97637,-2.8870778
c1ccc(N(c2ccc(-c3cc4sccc4s3)cc2)c2ccc(-n3c4ccccc4c4ccccc43)cc2)cc1,rl,15.7512045,-39.458008
COc1ccc(-c2oc(=O)c(-c3ccccc3)c3cc(OC)ccc23)cc1,rl,-20.95822,-48.884964
CCCCOc1ccc(N(c2ccc(OCCCC)cc2)c2ccc(-c3ccc4c(c3)C(=Cc3ccc(CCC)cc3)C(=O)N4CCCC)cc2)cc1,rl,41.466858,6.1285377
CN(CCO)c1ccc(C=CC(=O)c2ccc(NC(=O)c3cc4ccccc4oc3=O)cc2)cc1,rl,-63.295696,-28.245905
CCN(CC)c1ccc2c(c1)c1c(ccc3ncc(-c4ccc(N(c5ccccc5)c5ccccc5)cc4)n31)n2CC,rl,17.286144,-43.35863
C=C(C=C(C#N)C#N)C1C=C(C=C(C#Cc2ccc(-c3ccc(N(c4ccccc4)c4ccccc4)cc3)s2)c2ccc(C#N)cc2)C=C(c2ccc(N(c3ccccc3)c3ccccc3)cc2)O1,rl,69.80509,-26.861673
COc1cccc(-c2[nH]c(=O)[nH]c2-c2ccccc2)c1,rl,-22.042799,-44.124542
CCCCSc1ccc(N(c2ccc(C#N)cc2)c2ccc(C=Cc3ccc(C(=O)O)cc3)cc2)cc1,rl,39.351604,-15.8113
CCCC(C)(CC)c1cc(C=C(C#N)C#N)ccc1N1c2ccccc2Sc2cc(-c3ccc(C=C(C#N)C#N)s3)ccc21,rl,69.990234,-14.997979
c1ccc(C2(c3ccccc3)c3ccccc3-c3cc(-c4ccc(N5c6ccccc6Sc6ccccc65)cc4)ccc32)cc1,rl,8.425014,7.4123726
COc1ccc2c(ccc3ccc(=O)oc32)c1,rl,-30.243513,-36.252903
CCCCCCNc1ccc2c(-c3ccccc3)c3ccccc3c(-c3ccc(OC)cc3)c2c1,rl,-19.90421,-51.805767
CCCCCCn1c2cc(C=Cc3ccc(N(c4ccccc4)c4ccccc4)cc3)ccc2c2ccc(-c3ccc(N4c5ccccc5CCc5ccccc54)cc3)cc21,rl,35.470016,-5.9231753
CCCCCCN1c2ccccc2Sc2ccc(C=Cc3ccc4cc5c6ccccc6n(CCCCCC)c5cc4c3)cc21,rl,29.595385,23.159668
CCCC[n+]1ccc(C=Cc2ccc(C=Cc3ccc(N(c4ccccc4)c4ccccc4)cc3)cc2)cc1,rl,32.22922,-12.670147
CCCCCCOc1ccc(N(c2ccc(OC)cc2)c2ccc(-c3ccc(N(c4ccc(C(=O)O)cc4)c4ccc(-c5ccc6c(c5)CSC=C6)cc4)cc3)cc2)cc1,rl,34.22528,11.104081
COc1ccc(-c2nc(-c3ccncc3)sc2-c2ccc(OC)cc2)cc1,rl,-20.71889,-42.799423
[C-]#[N+]c1ccc(-c2cc(-c3ccc(C#N)cc3C#N)cc(-n3ccc4cc(C(C)(C)C)ccc43)c2)cc1,rl,-0.8959567,-46.919487
COc1ccc(-c2cc(C)c3oc(=O)cc(OC)c3c2-c2ccc(Cl)cc2)cc1,rl,-32.417877,-35.50464
CCN(CC)c1ccc2cc(C=Cc3nc4ccc(-c5ccc6ccccc6c5)cc4s3)ccc2c1,rl,20.12023,-48.938576
O=C1C(=Cc2ccc(-c3ccc(-c4ccc(N(c5ccccc5)c5ccccc5)c5ccccc45)cc3)s2)C(=O)N1Cc1ccccc1,rl,29.078861,-41.92139
CCCCCCCCCCCc1ccc(C=C(C#N)C#N)o1,rl,62.713093,-11.131046
CCNc1ccc2cc(S(=O)(=O)O)ccc2c1,rl,-35.163227,-2.3973527
CSc1ccc2cc(N3c4ccccc4Sc4cc(N5c6ccccc6Oc6ccccc65)ccc43)ccc2c1,rl,7.4162216,8.363114
CN(CCO)c1ccc(C=C(C#N)C#N)cc1F,rl,52.07699,-15.566397
CCC(C)(C)c1ccc2c(C)c(-c3ccc(N(c4ccc(Cl)cc4)c4ccc(C(C)(C)C)cc4)cc3)n(-c3ccc(C(C)(C)C)cc3)c2c1,rl,5.9145684,-43.909187
CC(O)C1=CCCC(C)(C)C=C1,rl,-25.414816,43.54028
CCCCN(CCCC)c1ccc(C=Cc2ccc3nc(C#N)n(CCC)c3c2)cc1,rl,26.857042,-10.987642
COCC(C)NC(=O)c1ccc(N(C)CCO)cc1,rl,-59.316887,-26.860935
CCCCCCCC(=O)NCc1cc(=O)oc2cc(N(CC)CC)ccc12,rl,13.077269,-56.835327
CCCCN(CCCC)c1ccc(C=c2sc(=Cc3ccccc3C)[nH]c2=O)cc1,rl,29.479929,-10.447998
COc1ccc(N(c2ccccc2)c2ccc(-c3ccc(-c4ccc(OC)c(N(c5ccc(F)cc5)c5ccc(OC)cc5)c4)s3)cc2)cc1,rl,33.63984,-43.587467
CC1(C)c2ccccc2-c2ccc(N(c3ccc(C#N)cc3)c3cccc(-c4nc(-c5ccccc5)nc(-c5ccccc5)n4)c3)cc21,rl,22.887701,-28.188442
N#Cc1ccccc1C1(c2ccc(N3c4ccccc4Oc4ccccc43)cc2)c2cc(N)ccc2-c2ccc(N(c3ccccc3)c3ccccc3)cc21,rl,23.747208,-27.162207
CCCCCCCCCCCCN1C(C#N)=C(c2ccc(N(C)C)cc2)c2cccc(F)c2S1(=O)=O,rl,22.686142,-1.4374667
CCCCCCOc1sc(-c2cccc(-c3c4ccccc4n4ccccc34)c2Br)c(CCCCCC)c1-c1ccc(CCCCCC)s1,rl,21.343725,18.61156
N#Cc1ccc(N(c2ccccc2)c2ccc(C=C3c4ccccc4C=Cc4ccccc43)cc2)cc1,rl,21.299278,-29.263157
CCCCCC[n+]1ccc(C=Cc2ccc(-c3ccc4c(c3)CCCN4C#N)cc2)c2ccccc21,rl,22.762506,16.342285
N#CC(=Cc1ccc(-c2ccc3ccccc3c2)c(F)c1)C(=O)O,rl,49.426407,17.168154
CCCC[n+]1ccc(C=Cc2ccc(N(c3ccccc3)c3ccc(C=C(C#N)C#N)cc3)cc2)cc1,rl,56.446373,-16.695093
CCCCCCOc1ccc(N(c2ccc(OCCCCCC)cc2)c2ccc(-c3ccc(-c4ccc(N(C)CCCC)cc4)s3)cc2)cc1,rl,36.489975,6.4699936
COc1ccc(-c2c3ccccc3c(OC)c3ccccc23)cc1,rl,-22.447735,-48.12219
CCN(CC)c1ccc2cc3ccc(=N)cc-3oc2c1,rl,15.580314,-57.936806
CCN(CC)c1ccc2c(c1)C(=C(C#N)C#N)CC21c2ccccc2Oc2c1cc(OC)c(OC)c2Br,rl,23.934849,-52.824184
CC(Sc1ccccn1)c1ccccc1,rl,-22.194775,7.205141
[C-]#[N+]C(=C(C)c1cnc(-c2cc3c4c(c2)Sc2ccccc2N4CCC3)s1)c1ccc(-c2ccc(N(c3ccccc3)c3ccccc3)cc2)s1,rl,31.371891,-36.725777
CCCCCCCCCCCn1c(=C(C#N)C#N)sc(=C2C(O)=C(O)C(c3ccc(N(c4ccccc4)c4ccccc4)cc3)=C2O)c1=O,rl,34.28006,-2.8294015
O=C(O)CN1C(=S)SC(=Cc2ccc(-c3ccc(N(c4ccccc4)c4ccccc4)cc3)s2)C1=S,rl,25.444,41.504276
N#CC(C#N)=Cc1ccc(N2c3ccccc3Sc3cc(N(c4ccc(N(c5ccccc5)c5ccccc5)cc4)c4ccc(N(c5ccccc5)c5ccccc5)cc4)ccc32)c2ccccc12,rl,57.548435,-22.412794
c1ccc(N(c2ccccc2)c2ccc(-c3ccc4c5ccccc5n(-c5ccc(-c6ccc(N7c8ccccc8Sc8ccccc87)cc6)cc5)c4c3)cc2)cc1,rl,16.373335,-39.30588
Cc1ccccc1-c1nc2cc(N)ccc2o1,rl,-7.435001,-23.653809
C=c1[nH]c(=O)sc1=Cc1cn(-c2ccc(Cl)cc2)cc1C#N,rl,-1.5189459,9.760232
COc1ccc(-c2nnc(N=Nc3ccc(NCC(=O)Nc4ccccc4Cl)c(Cl)c3)s2)cc1OC,rl,-46.408554,7.6136484
CCCCc1ccc(-c2ccc(C=Nc3ccc(N(C)C)cc3)o2)cc1,rl,13.822248,-23.0646
CCCCCCn1c2cc(-c3ccc(N(c4ccccc4)c4ccccc4)cc3)ccc2c2ccc(N(c3ccccc3)c3ccccc3)cc21,rl,36.06536,-4.235741
N#CC(=Cc1ccc(C=Cc2cc3ccc4cccc5ccc(c2)c3c45)cc1)c1ccc(N(c2ccc(Br)cc2)c2ccc(Br)cc2)cc1,rl,47.63605,-24.796179
Cn1cccc1-c1cccc(-c2cccc3c2ccc2cc4c(cc23)ONC(C)(C)CO4)c1,rl,-17.602057,-21.283468
N#CC(=Cc1ccc(C=Cc2ccc(N(c3ccccc3)c3ccccc3)cc2)cc1)C(=O)O,rl,54.046535,10.46373
N#CC(C#N)=Cc1ccc(-c2ccc(N(c3ccc(C=C4c5ccccc5-c5ccccc54)cc3)c3ccc(-c4ccc(-c5ccc(N(c6ccccc6)c6ccccc6)cc5)s4)s3)cc2)s1,rl,68.160385,-29.737934
CCn1c2ccccc2c2cc(-c3ccc4c(c3)C(C)(C)c3ccccc3-4)ccc21,rl,15.024904,-2.0863478
CN(C)c1ccc(C=NN=Cc2ccc(N(c3ccccc3)c3ccc(Br)cc3)cc2)cc1,rl,31.249632,-19.80625
CC1(C)C2=CC=C(C(C=C(C#N)C#N)=C(C#N)C#N)CCCN2c2cccc(-c3ccc(-c4ccc(N(c5ccccc5)c5ccccc5)cc4)s3)c21,rl,71.39119,-27.147375
COc1ccc2c(-c3c4ccccc4cc4ccccc34)c3ccc(=[N+](C)C)cc-3oc2c1,rl,-4.1978154,-67.18585
CCN(CC)c1ccc2sc(=NC#N)ccc2c1,rl,20.485529,-50.940716
COc1ccc(N(c2ccc(OC)cc2)c2ccc(S(=O)(=O)c3ccc4cc(N(c5ccc(OC)cc5)c5ccc(OC)cc5)ccc4c3)cc2)cc1,rl,29.408173,-47.528404
CCOC(=O)c1nnc(C(C#N)=Cc2ccc(N(c3ccccc3)c3ccccc3)cc2)s1,rl,39.7195,-19.296858
CCCCOc1ccc(N(c2ccc(CCCC)cc2)c2ccc(C=C3C(C#N)=C(CC)CC3=C(C#N)C#N)c(OCC)c2)cc1,rl,42.53654,5.250564
CN(C)c1ccc(N=Nc2cccc3cccc(F)c23)cc1,rl,10.816597,-20.769032
CCCCCCOc1ccc(N(c2ccc(OCCCCCC)cc2)c2ccc(-c3ccc(-c4ccc(C=C(C#N)C#N)s4)s3)cc2)cc1,rl,68.078094,-4.825983
N#CC(C#N)=Cc1ccc(N2CCCCc3cc(-c4ccc(-c5ccc(C=C(C#N)C#N)s5)s4)ccc32)cc1,rl,63.04418,-40.4718
Nc1cc([N+](=O)[O-])cc2oc(=O)[nH]c12,rl,3.1233487,24.080368
CC(C)(C)C1(C#N)c2ccccc2-c2ccc(N(c3ccc(C#N)cc3)c3ccc(C#N)cc3)cc21,rl,22.348867,-27.86121
COc1ccc(N(c2ccc(C=Cc3ccc(-c4ccc(N(c5ccccc5)c5ccccc5)cc4)s3)cc2)c2ccc(OC)cc2)cc1,rl,35.64665,-43.360977
CCCCCCn1c(CCCCC)nc2nnnc(-c3ccc(-c4ccc(C#N)s4)s3)c21,rl,22.487556,20.208313
O=c1ccc2ccccc2[nH]1,rl,-15.082495,1.9267879
COc1ccc(OC)c(N(c2ccc3c(c2)oc2c(-c4cccc(N5C(=O)C(C)(C)c6ccccc65)c4)cccc23)c2ccc(OC)c3cc(OC)ccc23)c1,rl,-25.756495,-50.30382
CCCCCCOc1ccc(C=Cc2ccc(-c3ccc(N(c4ccccc4)c4ccccc4)cc3)cc2C=C(C#N)C#N)c(OCCCCCC)c1,rl,63.21811,-4.7345414
CN(C)c1ccc(C#Cc2ccccc2)cc1,rl,9.6336155,-16.522118
CCCCCCSc1ccc2cc(C3(C)c4cc(C=C5C(=O)NC(=O)NC5=O)ccc4N(C)C3(C)C)c[n+](C)c2c1,rl,31.364101,24.512611
CCCCOc1ccc(N(c2ccc(OCCCC)cc2)c2ccc(-c3sc(-c4ccc(-c5ccc(-c6ccc(-c7ccc(-c8ccccc8)cc7)s6)s5)s4)cc3C#N)cc2)cc1,rl,37.106827,4.5427356
CCOC(=O)C(C#N)SC(F)(F)C(=O)OC,rl,-20.722038,28.756313
COc1ccccc1-c1cc(C=C(C#N)C#N)c(C=Cc2ccc(N(c3ccccc3)c3ccccc3)cc2)n1-c1ccccc1,rl,48.14465,-28.741636
N#CC(C#N)=Cc1ccc(Oc2cccc(N3c4ccccc4Sc4cc(-c5ccc(-n6c7ccccc7c7ccccc76)cc5)ccc43)c2)cc1,rl,46.967148,-13.202964
N#CC(C#N)=Cc1ccc(-c2ccc(-c3ccc(-c4sc(C=C(C#N)C#N)cc4-c4ccc(N(c5ccccc5)c5ccccc5)cc4)s3)cc2)s1,rl,71.40457,-30.935194
COc1ccc(C=C2Cc3ccccc3C(c3ccc(OC)cc3)=N2)cc1,rl,-22.724827,-44.760723
CCCCn1c(=O)c2ccccc2c2c(-c3ccc([N+](=O)[O-])cc3)nc(-c3ccc([N+](=O)[O-])cc3)nc21,rl,11.785875,21.249477
c1ccc(N(c2ccccc2)c2ccc(-c3cc4c(ccc5c4ccc4c6ccccc6ccc45)s3)cc2)cc1,rl,28.077562,-39.319782
CN(C)c1ccc2c(-c3ccc4ccc(=N)oc4c3)c3ccc(=N)cc-3oc2c1,rl,1.8205233,-67.222916
CCCCCCOc1ccc(N(c2ccc(OCCCCCC)cc2)c2ccc(-c3ccc4c(c3)C(CCOCCCC)Sc3ccc(-c5ccc(-c6ccc(C=C(C#N)C#N)cc6)cc5)cc3-4)cc2)cc1,rl,63.431217,-4.440105
CCN(CC)c1ccc(C=O)cc1C,rl,19.810923,-52.251274
CCCCCCc1ccc(N(c2ccc(C=Cc3ccc(N(c4ccccc4)c4ccccc4)cc3)cc2)c2ccc(-c3cccn4cccc34)cc2)cc1,rl,32.7369,-12.510893
CN=c1oc2c3ccc(N(C)C)cc3c3nc4cc(OC)c(OC)cc4nc3c2cc1-c1ccc(OC)cc1,rl,16.259123,-25.449057
CN(C)c1ccc(C2c3c4cccc3C3(c5ccc(N(C)C)cc5)N(c5ccc(Cl)cc5)C=C4N23)cc1,rl,-43.24884,-10.875573
c1ccc(-c2cc(-c3cc4[nH]c5ccccc5c4s3)n[nH]2)cc1,rl,-4.512381,-19.384556
N#CC(=Cc1ccc(-c2cccc3c4n(c(=O)nc2-4)CC3NC(=O)NC(Nc2ccccc2)c2ccccc2)cc1)C(=O)O,rl,49.848442,16.68192
CS(=O)(=O)N1CC(c2cccc3occc23)C1,rl,-9.488957,0.9493921
CCCCCCOc1ccc2nc(-c3ccc(C=Cc4ccc(C=Cc5ccc(N(c6ccc(OC)cc6)c6ccc(OC)cc6)cc5)cc4)o3)ccc2c1,rl,42.0627,3.8531709
CCCCCCN1c2ccccc2Sc2cc(N3c4ccccc4Sc4ccccc43)ccc21,rl,13.286198,30.025085
CCN(CC)c1ccc(C=CC2=CC(=Cc3ccc(N(c4ccccc4)c4ccccc4)cc3)CC2)cc1,rl,31.11261,-16.909494
N#CC(C#N)=Cc1ccc(C#Cc2cc(-c3ccc(C=C(C#N)C#N)s3)sc2-c2ccc(-c3ccc(C#N)cc3)s2)s1,rl,64.47703,-39.227085
N#Cc1ccc(C#Cc2ccc(C#Cc3ccc(C#Cc4cccs4)cc3)cc2)cc1,rl,6.3604245,-8.047212
COC(=O)c1cc2cc(-c3cccs3)c(Cl)cc2c(C)n1,rl,-41.28299,5.6536207
N#CC(=N)c1ccc(-c2ccc(N(c3ccc(N4CCCCC4)cc3)c3ccc(N(c4ccc(N5c6ccccc6Sc6ccccc65)cc4)c4ccc5ccccc5c4)cc3)cc2)cc1,rl,35.212234,-32.37355
CCN(CC)c1ccc2c(c1)OC(c1ccc(N(C)C)cc1)=CC2=Cc1ccc(N(c2ccccc2)c2ccccc2)cc1,rl,27.49976,-27.652452
CCCCCCOc1ccc(N(c2ccc(C=C(Br)Br)cc2)c2ccc(-c3cc4nc[nH]c(=O)c4s3)cc2)cc1,rl,40.079536,7.4939337
O=C(c1ccc(N2Cc3ccccc3N=C2c2ccc(-c3ccc(N(c4ccccc4)c4ccccc4)s3)s2)cc1)N1CCNCC1,rl,32.252052,-31.787474
NCCc1ccn2c(-c3ccc(F)cc3)cnc2c1,rl,-26.893469,-4.8059845
O=C(C=Cc1ccc(N2CCCCC2)cc1)c1ccc(NC(=O)c2cc(C(F)(F)F)cc(C(F)(F)F)c2)cc1,rl,-64.79032,-23.738146
COc1cc(-c2ccc3c(c2)OCCO3)c2cc(-c3ccccc3)nc(-c3ccccc3)c2c1,rl,-20.967531,-46.738636
CCCCN(CCCC)c1ccc(C=Cc2ccc(-c3ccc([N+](=O)[O-])s3)s2)cc1,rl,26.272339,-11.711187
CCCCCCOc1ccc(N(c2ccc(OCCCCCC)cc2)c2ccc(-c3ccc(-c4ccc(-c5ccc(-c6ccc(N(c7ccc(OCCCC)cc7)c7ccc(OCCCC)cc7)cc6)s5)n4-c4ccc(OCCCC)cc4)cc3)cc2)cc1,rl,36.55516,6.556663
CCCCC1(CCCC)c2ccccc2-c2cc3c(cc21)C1(CCCO3)c2ccccc2-c2ccccc21,rl,16.36176,2.1511774
O=c1c2cccc3cccc4cccc1c4=Nc32,rl,-16.34751,-25.02758
COc1ccc(N(c2ccc(OC)cc2)c2ccc(-c3ccc(-c4ccc5c(c4)S(=O)(=O)c4ccccc4N5C)s3)cc2)cc1,rl,34.26778,-44.658833
COC(=O)c1ccc(Nc2nc(Nc3ccccc3)nc(-c3ccccc3)n2)cc1,rl,-34.88385,7.3710923
N#Cc1ccc2c(c1)c1ccccc1n2-c1ccc(N(c2ccc(F)cc2)c2ccc(-c3ccco3)s2)cc1,rl,3.4268942,-29.165638
CCCCCCCc1c(C=C(C#N)C#N)sc(-c2ccc(-c3ccc(C=C(C#N)C#N)s3)s2)c1C#N,rl,66.27765,-11.937159
N#CC(C#N)=Cc1ccc(-c2ccc(C=Cc3ccc(N(c4ccc(Br)cc4)c4ccc(C=Cc5cccs5)s4)cc3)s2)s1,rl,58.06329,-30.601395
O=[N+]([O-])c1ccc(C=Cc2ccc(C=Cc3ccc(N(c4ccccc4)c4ccccc4)cc3)c(F)n2)cc1,rl,28.916824,-19.390244
CCCCn1c(C=Cc2ccc(N(c3ccc(C)cc3)c3ccc(OC)cc3)cc2)nc2cc(-c3cccs3)ccc21,rl,38.74714,-32.757427
COc1cc(C=CC=C(c2ccc(Cl)cc2)c2ccc(N(c3ccccc3)c3ccccc3)cc2)cc(OC)c1OC,rl,35.599648,-19.902254
CCCCn1c2cc(-c3ccc(N(c4ccccc4)c4ccccc4)cc3)ccc2c2cc3c(cc21)C(C)(C)CS(=O)(=O)c1ccccc1-3,rl,35.967873,-4.28394
CCC1c2cccc(-c3ccc(N(c4ccccc4)c4ccccc4)cc3)c2CN1c1ccc(N(c2ccc(OC)cc2)c2ccc(OC)cc2)cc1,rl,30.935553,-45.684875
C=CSC=Cc1ccc(-c2ccc(N(c3ccc(C=Cc4nccs4)cc3)c3ccc(N(c4ccccc4)c4ccccc4)cc3)cc2)cc1,rl,32.82734,-23.238045
CCN(CC)c1ccc(-c2c(-c3cccc(OC)c3)c(=O)oc3ccc(N(CC)CC)cc23)cc1,rl,14.755491,-59.94576
COc1ccc(N(c2ccc(OCCCCN3CCN(C)CC3)cc2)c2ccc(-c3ccc(C(=N)N)s3)cc2)cc1,rl,35.37854,5.7205534
CC1(C)c2ccc(N3CCCC(C#N)=CC=C3C#N)c(c2)Sc2ccc(-c3ccc(-c4ccc(S(=O)(=O)c5ccccc5)cc4)s3)cc21,rl,7.0659485,0.38787144
CCN(CC)c1ccc2c(c1)C(C)(Cc1ccccc1)C(=CC=CCC=C(C=CC=CC=Cc1ccc(N(C)CCCC(=O)O)cc1)C1=[N+](CCOC)c3cc4ccccc4cc3C1(C)C)S2,rl,27.821644,-16.05134
CS(=O)(=O)c1cccc(C=C(C#N)C#N)c1,rl,48.976788,-9.296694
O=C1c2ccccc2Cc2c3ccccc3c3c(=O)c(F)c(F)cc-3n21,rl,-18.16333,-2.1003494
CCC(NS(=O)(=O)c1ccc(-c2nc3ccccc3nc2-c2ccc(N(CC)CC)cc2)cc1)C(=O)O,rl,15.803232,-5.720246
CCCCN1CCCc2cc(-c3sc(-c4ccc(N(c5ccc(Br)cc5)c5ccc(Br)cc5)cc4)cc3-c3ccc(C#N)cc3)ccc21,rl,32.24456,0.6894585
C(=Cc1cc(-c2cccs2)cc(C=Cc2ccc(N(c3ccccc3)c3ccccc3)cc2)n1)c1ccc(-c2ccc(N(c3ccccc3)c3ccccc3)cc2)cc1,rl,32.68152,-23.828207
CCOC(=O)C(=Cc1ccc(Cl)cc1)C([S-])=NC,rl,-47.97663,5.6804857
O=Cc1ccc(F)c([N+](=O)[O-])c1,rl,4.9180117,19.391346
CCOC(=O)Cc1c(C#N)c(=O)oc2cc(N(CC)CC)ccc12,rl,18.767244,-57.371838
CC#CCn1c(-c2ccc3c(c2)C(C)(C)c2ccccc2-3)nc2c(-n3c4ccccc4c4ccccc43)nn(CC)c(=O)c21,rl,15.014973,-2.1449528
CN(C)c1ccc2c(N(c3ccc(C=C(C#N)C#N)cc3)c3ccc(-c4ccc(N5CCN(c6ccc(C(F)(F)F)cc6)CC5)s4)cc3)cc(=O)oc2c1,rl,64.928764,-35.091305
O=[N+]([O-])c1cccn1Cc1ccco1,rl,2.0741415,22.136574
O=c1c2ccccc2nc2c3ccccc3c3ccc(Br)cc3n12,rl,-3.5477936,-28.72555
CCN(CC)c1ccc(C=NCCCCC=Cc2ccc(N(C)C)cc2)cc1,rl,26.408783,-13.22957
COc1ccc(-c2nn(-c3ccccc3)nc2-c2cccc(OC)c2)cc1,rl,-19.475025,-44.515827
c1ccc(N(c2ccccc2)c2ccc(-c3ccc(N4c5ccccc5Sc5ccccc54)cc3)cc2)cc1,rl,29.370235,-33.40649
N#CC(C#N)=Cc1cnc(-c2ccc(N(c3ccccc3)c3ccccc3)cc2)[nH]1,rl,52.43426,-26.684217
COc1ccc2c3cc(Br)ccc3n(C)c2c1,rl,-18.983292,-48.712025
CCCCC1(CCCC)c2cc(OC)ccc2-c2sc(-c3ccc(-c4ccc(N=Cc5ccccc5C=C(C#N)C#N)s4)s3)cc21,rl,69.104614,-11.090213
N#Cc1ccc(Nc2ccc(Cl)c(C(F)(F)F)c2)nc1,rl,6.1018596,-5.0087724
N#CC(=Cc1ccc(Cl)c(C=Cc2ccccc2)c1)c1ccccc1,rl,13.788612,-7.2542763
CCN(CC)c1cc2c(c(=C(C#N)C#N)c1)=C(c1ccccc1)C1CCCC21,rl,17.926641,-48.914986
Cn1c(-c2ccoc2)nc2ccccc21,rl,-3.1909065,-25.219229
CCCCN1c2ccccc2C(=C2c3c(c(C)cc(F)c3C(=O)OCC)C=C(C=CC3=[N+](C)c4ccc(S(=O)(=O)O)cc4C3(C)C)C2(C)C)c2ccc(-n3ccc4ccccc43)cc21,rl,2.542104,44.739243
CCCCCCOc1ccc(N(c2ccc(OCCCCCC)cc2)c2ccc(-c3cc(-c4ccc(N(c5ccc(OCCCCCC)cc5)c5ccc(OCCCCCC)cc5)cc4)c(-c4ccc(N(c5ccccc5)c5ccccc5)cc4)s3)cc2)cc1,rl,37.284615,6.2770734
C(#Cc1ccc(N(c2ccccc2)c2ccccc2)cc1)c1ccccc1,rl,20.832102,-30.898602
CCCCOc1ccc(N(c2ccc(OCCCC)cc2)c2ccc(-c3ccc(C=C(C#N)C#N)c(=O)o3)cc2)cc1,rl,64.69536,-2.9942894
CCN(CC)c1ccc(C=Cc2ncco2)c(C=C(C#N)C#N)c1,rl,51.094162,-36.118473
N#CC(C#N)=Cc1cn(-c2ccc(N(c3ccc(C=C(c4ccccc4)c4ccccc4)cc3)c3ccc(-c4cc(C#N)cc(N(c5ccccc5)c5ccccc5)c4)cc3)cc2)c2ccccc12,rl,46.594624,-17.347843
CCCCOc1ccc(N(c2ccc(OCCCC)cc2)c2ccc(-c3cc(=N)n(CCC)c4cc(C=C(C#N)C#N)ccc34)cc2)cc1,rl,62.918083,-3.9560373
CCCCn1c2cc(-c3nc4ccc(N(CC)CC)cc4s3)sc2c2nc(-c3ccc(N(c4ccccc4)c4ccccc4)cc3)sc21,rl,18.042688,-43.33222
CCCCCCCn1cc(C(CCCCCC)c2ccc(-c3ccc(N(c4ccccc4)c4ccc(C=C5SC(=S)N(CCCCCC)C5=O)cc4)s3)cc2)c2c3c(ccc4c(C(F)(F)F)ccc(N(CCCCCC)CCCCCC)c5cccc3c54)cc21,rl,27.812283,41.27014
N#CC1(C#N)C(Br)C1(C#N)C#N,rl,-13.850734,21.756546
CCCCc1ccc2c(c1)Oc1ccccc1N2c1ccc(-c2ccc(-c3ccc(-c4ccc(-c5ccc(N(c6ccccc6)c6ccccc6)cc5)s4)s3)c(N(CC)CC)c2)s1,rl,33.670223,-38.358185
N#CC(C#N)=Cc1ccc(-c2ccc(-c3ccc(-c4ccc(F)c5sc6ccccc6[n+]45)s3)s2)cc1,rl,65.523834,-37.40697
N#CC(=Cc1ccc([N+](=O)[O-])cc1)c1ccccc1,rl,9.338227,16.739876
CCCCCCOc1ccc(N(c2ccc(OCCCCCC)cc2)c2cc(C#N)ccc2-c2ccc3sc(-c4ccc(N(c5ccc(C)cc5)c5ccc(C)cc5)cc4)cc3c2)cc1,rl,37.19285,8.115522
CCN(CC)c1ccc(C(=O)Nc2ccc(C(=C=C(c3ccccc3)c3ccccc3)c3ccc(N(CC)CC)cc3)cc2)cc1,rl,23.400917,-7.891318
Cc1cc(=O)n2ccc(=N)cc2[nH]1,rl,-16.923632,34.469933
N#CC(C#N)=Cc1ccc(C=Cc2ccc(N(c3ccccc3)c3ccccc3)cc2)cc1,rl,49.659737,-22.021767
C=C1NC(=O)c2c(C#N)ccnc2O1,rl,2.5922964,-6.162578
COc1ccc2c(c1)-c1cc(O)c(Nc3ccc([N+](=O)[O-])cc3[N+](=O)[O-])cc1C21C(=O)Nc2ccccc21,rl,0.8163912,16.163404
CCCCCCOc1ccc(N(c2ccc3c(c2)CCCO3)c2ccc(C=Cc3ccc(OCCCCCC)c(N(c4ccc(OCCCCCC)cc4)c4ccc(OCCCCCC)cc4)c3)s2)cc1,rl,41.76029,4.9570103
CCCCS(=O)(=O)c1cc(Cl)cc2c(-c3ccc(C(F)(F)F)cc3)c3ccc(=N)cc-3oc12,rl,-35.294533,-33.78418
CCCCCCOc1ccc(N(c2ccc(C=C(C#N)C#N)cc2)c2ccc(-c3sc(-c4ccc(N(c5ccccc5)c5ccccc5)cc4)c4c3OCCO4)s2)cc1,rl,64.89568,-5.743667
O=[N+]([O-])c1ccc(C=Cc2ccc(N(c3ccccc3)c3ccc(C=C4C=C(c5ccccc5)Oc5ccccc54)cc3)cc2)cc1,rl,28.8784,-19.356293
CCCCCCCCCCOc1cc(-c2ccc(-c3ccc(N4c5ccccc5Sc5ccccc54)cc3)n2CCCCCCCCCC)ccc1OCCCCCCC,rl,13.465853,29.931385
COc1ccc(C#N)c(F)c1,rl,-29.270908,-42.242382
COC1=CC(C)(N)C=C(c2ccc3cc(C#N)c(SC)cc3c2)O1,rl,-28.07952,-42.299675
CC(C)(C)Nc1cc2cc(C#N)sc2nc1CN1CCCC2CCCCC21,rl,-51.54088,22.171642
N#CC(=Cc1ccc(-c2ccc(N(c3ccccc3)c3ccccc3)cc2)cc1)c1ccccc1,rl,46.162647,-24.994226
CN(C)c1ccc2nc(-c3cccc(O)c3)nn2c1,rl,9.453979,-21.637568
Cc1nnc2cc(-c3ccc(-c4csc(-c5ccccc5)n4)cc3)ccn12,rl,-10.523076,-11.920274
CCOc1ccc2oc(=O)c(C(=Cc3ccc(N(c4ccccc4)c4ccccc4)cc3)c3nc4ccccc4s3)cc2c1,rl,30.043198,-25.443024
CCC(C#N)=Cc1cc(-c2cc3c(cc2OC)N2CCCC2O3)ccn1,rl,-61.887936,6.1818447
O=[N+]([O-])c1ccc(-c2c3ccccc3c(-c3ccc(-c4ccccc4)s3)c3cscc23)o1,rl,-0.5122387,-18.050161
N#Cc1cc(O)c2ccccc2c1-c1cccc2ccccc12,rl,-14.08534,-27.727768
N#CC(=O)c1ccc(-c2ccc(-c3ccc([N+](=O)[O-])o3)s2)s1,rl,2.782996,22.124023
N#CC(C#N)=Cc1ccc(-n2c3ccc(-c4ccc(N(c5ccccc5)c5ccccc5)cc4)cc3c3cc(-n4c5ccccc5c5ccccc54)ccc32)cc1,rl,46.573902,-16.672182
CCOc1ccc(N2c3ccccc3Sc3cc(C=C4CCOC4=C(C#N)C#N)ccc32)cc1,rl,36.884586,32.792587
COC(=O)Cn1c(=Cc2cccc(N(C)C)c2)sc(=Cc2ccc(-c3cccc4ccc([N+](=O)[O-])cc34)o2)c1=O,rl,-1.1082504,18.058184
CCCCCCN(CC)c1ccc(CN2C(F)(F)C(c3ccc(N(C)C)cc3)=C3SC(C=Cc4ccc(N(CCCCCC)CCCCCC)cc4F)=Nc4cc(N(C)C)ccc4C3C2(F)F)cc1,rl,27.418297,0.2814431
N#CC(C#N)=Cc1ccc(-c2ccc(-c3ccc4c(c3)Sc3ccccc3N4c3ccc(-c4ccc(-c5cccc6ccccc56)s4)cc3)cc2)s1,rl,71.41472,-14.982203
CCCCCCOc1ccc(N(c2ccc(Br)cc2)c2ccc(C(C#N)=Cc3ccc(-c4ccc(-c5ccc(N(c6ccc(OCCCCCC)cc6)c6ccc(N(CCCCCC)c7ccc(C(C)=O)cc7)cc6)cc5)s4)cc3)cc2)cc1,rl,66.1405,-6.368385
CC(C)(C)c1ccc2c(c1)c1ccc(-c3ccc(C=C(C#N)C#N)s3)cc1n2-c1ccc(-c2nc(-c3ccccc3)c(-c3ccc(N(c4ccccc4)c4ccccc4)cc3)s2)cc1,rl,73.56548,-36.28668
CCCCCN1c2ccccc2C(C)(C)c2cc(-c3cc4c(s3)=CC(F)(F)C(=c3sc(=Cc5sccc5C)s3)C=4)ccc21,rl,9.333389,40.403324
CSc1ccc(C=CC(=O)NC2C(=O)NC(=O)CC2(CO)COC(C)=O)cc1,rl,-24.008936,48.24877
COc1cc(OC)c(-c2sc(-c3ccc4ccccc4c3)cc2C(C)(C)C)cc1-c1ccc(N(c2ccccc2)c2ccc(-c3ccc(N4c5ccccc5CC4(C)C)cc3)cc2)cc1,rl,31.800554,-42.99507
CCCCCCOc1ccc(N(c2ccc(OCCCCCC)cc2)c2ccc(-c3nc(-c4cc(-c5nnc(-c6ccc(N(C)C)cc6)n5-c5ccc(C)cc5)nc(C5CC5)c4)ns3)cc2)cc1,rl,35.62917,8.282845
CC1(C)c2ccccc2N(c2ccc3nc(-c4ccccc4)c(-c4cc(C#N)cc(N(c5ccccc5)c5ccccc5)c4C(F)(F)F)cc3c2)c2cc(C#N)ccc21,rl,8.171725,1.7388769
c1ccc(-c2cc(-c3ccc(N(c4ccccc4)c4ccccc4)cc3)nc(-c3ccc(N(c4ccccc4)c4ccccc4)cc3)n2)cc1,rl,26.420387,-35.8292
CCN(CC)c1ccc2cc(C=Cc3ccc4c(c3)c3ccccc3n4-c3ccccc3)oc2c1,rl,13.097525,-41.160084
COc1ccc(NC(C=C(C#N)SCC(C)C#N)=C(C#N)C#N)cc1,rl,-27.65723,-40.909878
Cc1cccc2c1nc(N)c1ccccc12,rl,-10.627894,-25.506601
CC1(C)c2ccccc2-c2cc(-c3ccc(N(c4ccccc4)c4ccccc4)c4ccccc34)ccc21,rl,24.618366,-28.629581
CCCCc1ccc(Nc2ccc(-c3sc(C)nc3C(=O)OCC)cc2)cc1,rl,-8.923331,29.903852
Brc1ccccc1N=Nc1cccc2ccccc12,rl,-14.959137,-24.142717
COc1cc(-c2ccc3sc(C=CSC)nc3c2)cc(OC)c1OC,rl,-35.785168,-16.864151
CN1CCN(c2ccc3c(c2)oc2ccc(-c4ccc(C=C(C#N)C#N)s4)cc23)CC1,rl,63.741936,-41.065643
N#CC(=Cc1ccc(C#N)cc1)c1ccc(F)cc1,rl,13.03715,-8.6146965
CCCCCCOc1ccc(N(c2ccc(OC)cc2)c2ccc(-c3ccc(N(c4ccc(C=C(C#N)C#N)cc4)c4ccc(N(CCCCCC)CCCCCC)cc4)cc3)cc2)cc1,rl,63.10754,-6.2421293
COc1ccc(N(c2ccc(C=Cc3ccc(N(c4ccc(C#Cc5ccc(N(c6ccc(OC)cc6)c6ccc(OC)cc6)cc5)cc4)c4ccc(SC)cc4)cc3)cc2)c2ccc(C=C3SC(=S)N(CC(=O)O)C3=O)cc2)cc1,rl,22.522608,43.135063
Cc1cccc(C(=O)Nc2ccc(C=C(C#N)c3ccc(C=C(C#N)C#N)s3)cc2)c1,rl,51.603146,-6.7500734
O=[N+]([O-])c1ccc(C=Cc2ccc3ccc4cccc5ccc2c3c45)cc1,rl,5.544378,17.35667
CCCCC(CC)Cc1ccc(N(c2ccc(F)cc2)c2ccc(N(c3ccc(C=C(C#N)c4cnc(-c5ccc(N(c6ccccc6)c6ccccc6)cc5)s4)cc3)c3ccc(-c4ccc(N(c5ccc(F)cc5)c5ccc(N(c6ccccc6)c6ccccc6)cc5)cc4-c4ccc(C#N)cc4)cc3)s2)cc1,rl,62.150654,-18.376513
O=C1CC(=Cc2ccc(N(c3ccccc3)c3ccccc3)cc2)C(=O)N1C1(c2ccccc2)c2ccccc2-c2ccccc21,rl,36.55694,-23.25226
CCN(CC)c1ccc(-c2nc3c(C)cc(-c4ccc(N(c5ccc(OC)cc5)c5ccc(OC)cc5)cc4)cc3s2)cc1,rl,25.317202,-49.30212
CCN(CC)c1ccc2cc(C=NN3C4c5ccccc5C(c5ccc(Br)cc54)C3C3=C(c4ccc(Br)cc4)C3c3ccccc3)ccc2c1,rl,19.188051,-49.33638
CCCCCCCCCCC1c2ccccc2C(=O)N1c1ccc(N(CCCCCCCCCC)c2ccc(C=C3SC(=S)N(CCCCCCCC)C3=O)cc2)cc1,rl,26.591333,43.87189
COc1ccc2nc(-c3cccc4cc(F)ccc34)ncc2n1,rl,-11.991851,-31.914404
N#CC(C#N)=Cc1ccc(-c2ccnn2-c2cccs2)s1,rl,64.49858,-40.423397
CCCCCCOc1ccc(N(c2ccc(OC)cc2)c2ccc3cc(-c4ccc(-c5ccc(-c6ccc(N(c7ccc(OCCCCCC)cc7)c7ccc(OCCCCCC)cc7)s6)cc5)s4)sc3c2)cc1,rl,36.032303,6.77184
CCN(CC)c1ccc(N=Nc2ccc(CO)cc2)cc1,rl,19.147423,-51.46918
N#CC(C#N)=Cc1ccc(-c2ccc(-c3ccc(-c4ccsc4)cc3C3c4ccccc4-c4ccccc43)cc2)s1,rl,65.72179,-40.103607
O=c1c(-c2ccccc2)cnc2sc(-c3cccc(Br)c3)cn12,rl,-21.739965,-5.235321
CCCCCc1ccc(N(c2ccc(F)cc2)c2ccc(-c3ccc(-c4cc(F)cc(F)c4F)c4nsnc34)cc2)cc1,rl,29.410437,-0.2867205
Cc1ccc2c(c1)C(CS(=O)(=O)O)(c1ccc(S(=O)(=O)O)cc1)N(C(=O)OC(C)(C)C)C2,rl,-37.036613,36.1
CN(C)c1ccc(C2=CC(=Cc3cc(C=Cc4ccc5ccc(N(C)C)cc5c4)ncn3)C(=O)N2c2ccccc2)cc1,rl,19.160635,-13.592711
CCCCCN1C2=C(C=CC3=C(C=C(C#N)C#N)CC(CCC)(CCC)C3=C2)C(CCC)(CCC)c2cc3c(cc21)Sc1ccccc1N3CCCC,rl,56.247364,-8.485891
CCCCCCOc1ccc(N(c2ccc(C)cc2)c2ccc(-c3ccc4c(c3)N(C#N)C(=CC=C3C(=O)N(CCCC)C(=O)C3CCC=CCCCCCCCN=CC3=C(O)CC(C)(C)CC3=O)S4)cc2)cc1,rl,38.97171,2.9796824
N#CC(C#N)=Cc1ccc(-c2ccc(N(c3ccccc3)c3ccccc3)cc2)o1,rl,52.851006,-28.62324
N#CC(C#N)=Cc1ccc(N(c2ccc(-c3cccs3)cc2)c2ccc(-c3ccc(C=C(C#N)C#N)s3)cc2)cc1,rl,65.18811,-33.501556
CCCCCCN(CCCCCC)c1ccc2c(-c3ccc(N4CCN(Cc5ccccc5)CC4)cc3)c3ccc(C#N)cc3c(-c3cc(OC)cc(OC)c3)c2c1,rl,26.236544,1.7475486
N#CC(C#N)=Cc1ccc(-c2ccc(-c3ccc(N(c4ccccc4)c4ccccc4)cc3)s2)o1,rl,74.17011,-28.725296
CCCCCCOc1ccc(N(CCCCCC)c2ccc(-c3ccc(-c4ccc(N(c5ccc(-c6ccc(C=C(C#N)C#N)s6)cc5)c5ccc(N(c6ccccc6)c6ccccc6)cc5)cc4)s3)cc2)cc1,rl,68.54908,-5.5775495
COc1cc(C2Nc3ccccc3NC2=O)c2ccccc2c1,rl,-22.64938,-35.958923
CCCCCCOc1ccc(N(c2ccc(OCCCCCC)cc2)c2ccc(-c3ccc(C=C(C#N)S(=O)(=O)c4ccc(N(c5ccc(OCCCCCC)cc5)c5ccc(OCCCCCC)cc5)cc4)s3)cc2)cc1,rl,68.703415,-4.0868526
CCOc1cc(N)n(-c2ccc(-c3ccc(Cl)c(C(F)(F)F)c3)cc2)n1,rl,-51.73565,-7.829499
N#CC(=Cc1ccc(-c2ccc(N(c3ccccc3)c3ccccc3)cc2)s1)c1ccc(-c2ccc(N(c3ccccc3)c3ccccc3)cc2)s1,rl,70.8932,-28.36139
CCCCCCCn1c2ccc(C)cc2c2cc(C(C)=O)c(C)cc21,rl,24.165373,20.668732
O=[N+]([O-])c1ccc(C#Cc2ccc([N+](=O)[O-])cc2)cc1,rl,6.9715676,21.079813
COc1ccc(Cn2c(-c3ccc(OC)cc3)c(-c3ccc(C=NN(C)c4ccccc4)cc3)c3ccccc32)cc1,rl,-19.099993,-49.769547
COc1ccc(N(c2ccc(OC)cc2)c2ccc(-c3ccc(-c4ccc(-c5ccc6ccccc6c5)s4)s3)cc2)cc1,rl,34.28259,-44.071808
CCCCCCn1c(=C(C#N)C#N)sc(=Cc2ccc(-c3ccc(-c4ccc5c(c4)C(CCCC)(CCCC)c4cc(F)ccc4-5)cc3)c3nsnc23)c1=O,rl,19.153402,22.83416
C(=Cc1nc(C=Cc2ccc(-c3ccc(N(c4ccccc4)c4ccccc4)cc3)s2)cs1)c1ccc(N(c2ccccc2)c2ccccc2)cc1,rl,34.161026,-26.306889
CCN(CC)c1ccc(C=CC=CC(=CC=C2N(CCCS(=O)(=O)O)c3ccccc3C2(C)C)CCC(=O)O)cc1,rl,7.1821733,50.544193
CCCCCCN(c1ccc(C=C(C#N)C#N)cc1)c1ccc(-c2ccc(N(c3ccc(-c4ccc(N(c5ccccc5)c5ccccc5)cc4)cc3)c3cccc(C#N)c3)cc2)cc1,rl,58.979652,-17.43985
N#CC1=Cc2ccccc2OC1c1ccc2ccccc2c1,rl,-0.39564952,-9.492154
Cc1nc(SCc2cccc(N(C)C)c2)n2c1ccc1cc(Cl)ccc12,rl,-51.346672,-11.379538
COc1ccc(N(c2ccc(OC)cc2)c2ccc(-c3ccc(C=C(C#N)C#N)cc3)cc2)cc1,rl,46.088528,-31.081146
C#CCn1c(=NC(=O)c2cc(Br)c(OC)c(OC)c2)sc2cc(Br)ccc21,rl,-39.533394,-19.325338
CN(C)c1ccc2occ(CCCCCN3CCN(C(=O)OC(C)(C)C)CC3)c2c1,rl,16.142696,-23.500391
CCCCCCOc1ccc(N(c2ccc(OCCCCCC)cc2)c2ccc(-c3ccc(N(c4ccccc4)c4ccc(-c5ccc(-c6cccs6)s5)cc4)cc3)cc2)cc1,rl,37.0282,5.5578513
N#CC(C#N)=Cc1ccc(-c2sc(-c3ccc(C=C(C#N)c4ccc(N(c5ccccc5)c5ccccc5)cc4)cc3)cc2C#N)s1,rl,67.64625,-26.988297
COc1ccc(C=C(C#N)c2nc(-c3ccc(C)cc3)nn2-c2ccc(N(c3ccccc3)c3ccccc3)cc2)cc1,rl,43.440384,-30.311312
N#CC(C#N)=Cc1cc2sc3ccc(-c4ccc(-c5ccc(C#Cc6ccc(N(c7ccc(C#N)cc7)c7ccc(C#N)cc7)cc6)s5)s4)cc3c2s1,rl,67.62512,-35.442448
CCCCCCOc1ccc(N(c2ccc(C=Cc3ccc(N(c4ccc(OCCCCCC)cc4)c4ccc(N(c5ccccc5)c5ccc(C=C(C#N)C#N)cc5)cc4)cc3)cc2)c2ccc(OCCCCCC)cc2)cc1,rl,62.326626,-5.493591
CCN(CC)c1ccc2c(c1)sc1cc(C#Cc3ccc(C#Cc4ccc(N(c5ccc(OC)cc5)c5ccc(OC)cc5)cc4)c(N(CC)CC)c3)ccc12,rl,22.953583,-50.463623
CN(CCO)c1ccc(C=CC(=O)c2ccc(NC(=O)c3ccc(O)cc3)cc2)cc1,rl,-64.93807,-29.94465
CCCCCCc1cc(C=C(C#N)C#N)sc1-c1ccc(C=C(C#N)C#N)o1,rl,63.14031,-11.220286
N#CC(C=Cc1ccc(-c2nc(N(c3ccccc3)c3ccccc3)sc2-c2ccc(-c3ccc(N(c4ccccc4)c4ccccc4)cc3)s2)o1)=Cc1ccccc1,rl,75.092285,-28.696495
N#CC(C#N)=Cc1ccc(-c2ccc(-c3nc4ccccc4s3)cc2)s1,rl,65.720604,-40.914886
COc1ccc(N(c2ccc(OC)cc2)c2ccc(-c3c(O)ccc4ccccc34)cc2)cc1,rl,30.440247,-47.630184
CCCC1(CCC)C(c2ccc(N(C)C)cc2)=C(c2ccc(N(C)C)cc2)c2ccc(N(C)C)cc21,rl,14.856523,-21.132875
COc1c(C)cccc1-c1cc(Oc2sc(C=C(C#N)C#N)c3c2OCCO3)sc1-c1ccc(C=C(C#N)C#N)s1,rl,63.990547,-41.867886
C(=Cc1ccc(C=Cc2ccc(N(c3ccccc3)c3ccccc3)cc2)s1)c1ccc(N(c2ccccc2)c2ccccc2)cc1,rl,32.630215,-20.568935
CCN(CC)c1ccc(-c2c3ccc(N(CC)CC)cc3[o+]c3ccc(N(CC)CC)cc23)cc1,rl,17.198313,-51.86249
CCCCCCOc1ccc(N(c2ccc(OCCCC)cc2)c2ccc(-c3cc(-c4ccc(N(c5ccc(OCCCCCC)cc5)c5ccc(OCCCCCC)cc5)cc4)c(-c4oc(C=C(C#N)C#N)cc4C=C(C#N)C#N)s3)cc2)cc1,rl,65.23607,-3.6851902
c1ccc(-c2cc(-c3ccccc3)[o+]c(-c3ccccc3)c2)cc1,rl,-11.357963,-6.9939585
CNc1ccc([N+](=O)[O-])cc1,rl,4.6476583,20.635199
CCCCCCOc1ccc(N(c2ccccc2)c2ccc3c4cc(-n5ccc(C=C(C#N)C#N)c5)ccc4n(CCCCCC)c3c2)cc1,rl,62.33182,-3.6748567
N#CC(C#N)=Cc1ccc(N(c2ccc(-c3ccc(N(c4ccc(N(c5ccccc5)c5ccccc5)cc4)c4ccc(-c5cccc(C=C(C#N)C#N)c5)s4)cc3)cc2)c2ccc([N+](=O)[O-])cc2)cc1,rl,60.643196,-26.301233
Cn1c(N)csc1=NN=Cc1ccc(N)c2ccccc12,rl,-6.1219025,-19.475214
c1ccc(N(c2ccccc2)c2nc3c(N4c5ccccc5Sc5ccccc54)cccc3s2)cc1,rl,29.709436,-33.590515
CCCCCCOc1ccc(N(c2ccc(OCCCC)cc2)c2ccc(N(c3ccc(C=C(C#N)C#N)cc3)c3ccc(C=C(C#N)c4ccc(N(c5ccccc5)c5ccccc5)cc4)cc3)cc2)cc1,rl,62.629936,-5.7142477
N#CC(C#N)=Cc1oc(C=Cc2ccc(N(c3ccccc3)c3ccccc3)cc2)nc1-c1ccc(N(c2ccc(-c3ccccc3)cc2)c2ccc(-n3c4ccccc4c4ccccc43)cc2)cc1,rl,46.153015,-16.676706
CCOc1ccc(N=c2cc(O)c3ccc(N=C4C=C(CC(=O)O)C(=O)C=C4C#N)cc3o2)cc1,rl,-32.64582,-25.463017
COc1cccc(N(c2ccc(-c3ccc(-c4ccc(N(c5ccccc5)c5ccccc5)cc4)o3)cc2)c2ccc(-c3ccc(N(c4ccccc4)c4ccccc4)cc3)s2)c1,rl,33.96211,-43.59596
COc1ccc(N(c2ccc(C=CC=CC3=CC(=C(C#N)C#N)CC3)cc2)c2ccc(N(c3ccc(OC)cc3)c3ccc(OC)cc3)cc2)cc1,rl,43.825806,-31.68975
CN(C)c1ccc(-c2nc3ccccc3[nH]2)cc1,rl,8.605437,-22.858038
CCCCCCCCCC1(Nc2cccc(-c3cccc4cc(N(C)C)ccc34)n2)C=Cc2ccccc21,rl,18.884726,4.016547
N#CC(=Cc1ccc(C(C#N)=Cc2ccc(-c3sc(-c4ccc(N(c5ccccc5)c5ccccc5)cc4)c4sc(-c5ccccc5)nc34)s2)s1)Sc1ccccc1,rl,74.33074,-32.28706
CCCCOc1ccc(OCCCC)c(-c2cnccc2C#N)c1,rl,25.459055,11.043441
CCCCCCOc1ccc(N(c2ccc(CCCC)cc2)c2ccc(N=Nc3ccc(C(=O)Nc4ccc(OC)cc4)cc3Cl)cc2)cc1,rl,-4.070489,28.52178
CCCCCCN1C(=O)N(C)C(=O)C(=CC=Cc2ccc(-c3ccc(N(CC)CCCC)c4ccccc34)n2CCCC)C1=S,rl,22.397635,26.717073
COc1ccc(C2C(C#N)=NN(c3ccccc3)C2C(c2ccc(OC)cc2)N(C#N)N=Cc2ccccc2)cc1,rl,-24.97093,-40.59935
COc1ccccc1N(c1ccccc1)c1ccc(-c2c3ccccc3nc3ccccc23)cc1,rl,25.523026,-42.844193
N#CC(C#N)=Cc1ccc(N(c2ccc3c(c2)C(C#N)(C#N)c2cc(N(c4ccccc4)c4ccccc4)ccc2-3)c2ccc3ccccc3c2)cc1,rl,50.14079,-24.919832
CCN(CC)C(C)(C)C,rl,-15.449523,20.928543
COc1ccc(C=CC(=O)c2ccc(NC(=O)c3ccccc3[N+](=O)[O-])cc2)cc1,rl,-62.648296,-25.074203
CCCCCCOc1ccc(N(c2ccc(OCCCCCC)cc2)c2ccc3cc(-c4ccc(OCC)c(-c5ccc(N(c6ccc(Br)cc6)c6ccc(CCCCCC)cc6)c(C#N)c5)c4)sc3c2)cc1,rl,37.236824,8.128254
CCCCCCN1CCCc2cc(-c3ccc4c(c3)N(c3ccc(C=C(C#N)c5ccc(N(c6ccccc6)c6ccccc6)cc5)cc3)c3ccccc3C4(C)C)ccc21,rl,55.194057,-14.245671
CC(C)(C)c1ccc2ccn(-c3ccc(-c4cc(-c5cccc(N6c7ccccc7Oc7ccccc76)c5)nc(-c5cccc6ccccc56)n4)cc3)c2c1,rl,0.92685413,-43.54342
CCCCn1c2ccc(-c3nc(-c4ccc(C)cc4)c(C=C(C#N)C#N)s3)cc2c2cc3c(cc21)C(=O)N(C(C)(C)C)C3,rl,66.455185,-13.915149
CCCCN1C(c2ccc(Cl)cc2)=C(c2cc(-c3ccc(Cl)cc3)c3[n+](C)cnc4ccccc4c2-3)C(c2ccccc2)=C2CCC21,rl,-45.979897,-9.68431
COc1ccc(N(c2ccc(OC)cc2)c2cccc(-c3ccc(-n4c(=O)sc5ccsc5c4=O)s3)c2)cc1,rl,34.193485,-44.543373
CCN(CC)c1ccc(N=Nc2ccc(-c3ccc(N=Nc4ccc([N+](=O)[O-])cc4[N+](=O)[O-])cc3)cc2)cc1,rl,21.711224,-6.9577265
CCCCCCOc1c(N=Nc2ccc(-c3nc4ccccc4n3-c3ccc(C(=O)Nc4ccc(C(F)(F)F)cc4)cc3)cc2)cc(C(C)(C)C)cc1N(CC)CC,rl,-6.758039,29.207758
COc1ccc(N(c2ccc(OC)cc2)c2ccc(-c3ccc(N(c4ccc(C=C(C#N)c5cccc(N(C)C)c5)cc4)c4ccc(N(c5ccccc5)c5ccccc5)cc4)cc3)c3c2N(C)c2ccccc2S3)cc1,rl,44.05097,-29.662909
CCCCCCc1ccc2ccc(-c3ccc(-c4ccc(-c5ccc(N(c6ccc(OCCCC)cc6)c6ccc(OCCCC)cc6)cc5)cc4)s3)nc2c1,rl,36.407383,7.2672176
CCC12N=C(c3ccc(Cl)cc3)c3ccc(c1c3)-c1ccc(OC)cc12,rl,-27.789375,-48.152508
Cc1ccc(N(c2ccc(C=C(C#N)C#N)cc2)c2ccc(C=C(C#N)C#N)cc2)cc1,rl,51.41082,-18.8673
C=CCn1c(=Cc2ccccc2)sc(=Cc2ccc(C=C(C#N)C#N)o2)c1=O,rl,48.306843,-6.690947
Fc1c(F)c(F)c(OC2(c3ccc(C(F)(F)F)cc3)C3CC4CC(C3)CC2C4)c(F)c1F,rl,-12.849526,23.691826
CCCCCCCCN(c1ccc(C=C(C#N)C#N)cc1)c1ccc(-c2ccc(C=Cc3ccc(N(c4ccccc4)c4ccccc4)cc3)s2)cc1,rl,66.42611,-20.76595
CCCCN(CCCC)c1ccc(-c2nc3ccc4c5ccccc5n(CC)c4c3c(-c3cccc(C#N)c3)c2-c2ccc(N(C)C)cc2)cc1,rl,9.135477,-54.782005
CCCCC(CC)COC1C=Cc2ccc(cc2)N(c2ccccc2)C(=O)C(=Cc2sc(C=Cc3ccc(N(c4ccccc4)c4ccc(N(c5ccccc5)c5ccccc5)cc4)cc3)nc2C#N)O1,rl,36.103157,-14.139819
N#CC(C#N)=Cc1ccc(-c2sc(-c3ccc(N(c4ccccc4)c4ccccc4)cc3)cc2C#N)s1,rl,71.90613,-29.31774
COc1ccc(N(c2ccc(-c3ccc(N(c4ccc(Br)cc4)c4ccc(C=NN(c5ccccc5)c5ccccc5)cc4)cc3)cc2)c2ccc(-c3ccc(C=C(C#N)C#N)s3)cc2)cc1,rl,60.78386,-32.596546
CCN(CC)c1ccc(C=Cc2ccc(C=C(C#N)C#N)o2)cc1,rl,50.227196,-37.003704
CCCCCCN1CCCc2cc(-c3ccc4c(c3)C(=Cc3ccc(-c5ccc(N(c6ccccc6)c6ccc(C=C(C#N)c7ccc(N(c8ccccc8)c8ccccc8)cc7)cc6)s5)s3)C(=O)N4)ccc21,rl,55.37853,-14.323612
CNc1ccc2c3c(cccc13)CC(=O)N2,rl,-20.350668,-2.6904294
COc1ccc(-c2sc(C=C(C#N)C#N)cc2-c2ccc(N(c3ccccc3)c3ccccc3)s2)cc1,rl,60.422516,-32.311684
CCN(CC)c1ccc(S(=O)(=O)Cc2cc(=S)c(CCc3ccc(C(C)(C)C)s3)n[nH]2)cc1,rl,18.303818,-53.254715
CCOC(=O)Cn1c(=O)sc(=Cc2cc3sc(C4C(=O)c5cc(C#N)ccc5C4=C(C#N)C#N)cc3s2)c1=C(C#N)C#N,rl,-8.71116,20.536804
CCN(CC)c1ccc(-c2ccc(-c3ccc(-c4nc(-c5ccc(N(C)C)cc5)c(-c5ccc(F)cc5)[nH]4)cc3)s2)cc1,rl,21.76559,-46.53802
Fc1ccc(N(c2ccc(-c3ccc(C=Cc4ccc(N(c5ccccc5)c5ccccc5)cc4)s3)cc2)c2ccc3c(c2)-c2cc(-c4ncccn4)ccc2CC3)cc1,rl,34.1113,-25.936975
Cc1ccc(S(=O)(=O)N=c2ccc3ccc(N4CCCCC4)cc3o2)cc1,rl,-29.701176,-0.51040107
Cc1cc2cc(C#N)ccc2n1CC(=O)O,rl,-9.338248,20.037653
CCCCOc1ccc(N(c2ccc(OCCCC)cc2)c2ccc(-c3sc4cc(C=C(C#N)C#N)sc4c3-c3ccc(N(CC)CC)cc3)cc2)cc1,rl,65.06641,-3.7854507
N#CC(C#N)=Cc1cc2cc3cc(-c4ccc([N+](=O)[O-])c(OCC(F)(F)F)c4)sc3cc2s1,rl,65.245834,-44.03354
CCN(CC)c1ccc(C=CC(=O)c2ccc(N(c3ccc(C=NN4c5ccccc5C(C)(C)c5cc(C#N)ccc54)cc3)c3ccc(OC)cc3)cc2)cc1,rl,41.71286,-34.52766
CCCC[n+]1c(O)[nH]c2cc3ccccc3c(-c3ccccc3)c21,rl,-11.414767,-18.62165
c1ccc(N(c2ccccc2)c2ccc(-c3ccc(-c4ccc(-c5ccncc5)c5nsnc45)s3)cc2)cc1,rl,29.914068,-41.071896
N#CC(C#N)=Cc1c(N(c2ccccc2)c2ccccc2)cnc2ccccc12,rl,51.0144,-26.548506
CCCCCCN(c1ccc(C=C(c2ccccc2)c2ccc(N(c3ccccc3)c3ccc(CCCC)cc3)cc2)cc1)c1ccc(-c2ccc(N(c3ccccc3)c3ccc(O)cc3)cc2)cc1,rl,32.069912,-14.072224
Cc1ccc(N(c2ccc(C=C(C#N)C#N)cc2)c2cc3c(s2)sc2ccc(-c4ccc(C#N)s4)cc23)cc1,rl,63.60912,-32.775387
CCCCCCCC[n+]1ccc(C=Cc2ccc(-c3cc4sc(-c5ccc(C=C(C#N)C#N)s5)cc4s3)s2)cc1,rl,65.93148,-11.786566
CN(C)c1ccc(C2c3cc(Br)ccc3C(=O)N2c2ccccc2)cc1,rl,13.150427,-18.48893
CCCCCCN(CCc1ccccc1)c1ccc(-c2ccc3nnc(=S)[nH]c3c2)cc1,rl,27.795921,0.20593564
CCCCCCC=COC(COC(=O)CCCCCCCCCCCC)c1ccccc1,rl,-10.436297,43.322433
CCN(CC)c1ccc(C=c2sc3n(c2=O)CCCC(=C(C#N)C#N)C=3)cc1,rl,48.82153,-37.459084
Cc1ccc(N(c2ccc(F)cc2)c2cc(-c3cc4ccccc4o3)ccc2-c2ccc(-c3ccc(N(c4ccccc4)c4ccccc4)cc3)o2)cc1,rl,23.401001,-37.45985
CCCCCCCOc1ccc(N(c2ccc(OCCCCCC)cc2)c2ccc(-c3sc(-c4ccc(N(c5ccc(Cl)cc5)c5ccc(OCC)cc5)cc4)cc3-c3cc([N+](=O)[O-])ccc3Cl)cc2)cc1,rl,38.301113,6.788099
CCN(CC)c1ccc2c(C=C(C#N)C#N)c3cc(N(CC)CC)ccc3cc2c1,rl,50.89323,-35.67305
CCCCCCOc1ccc(N(c2ccc(C=Cc3cc(-c4ccc(C=C(C#N)C#N)cc4N(c4ccccc4)c4ccccc4)ccc3OC)cc2)c2ccc(C=C(C#N)C#N)cc2)cc1,rl,62.662086,-4.8538218
Nc1ccc(N(CCCS(=O)(=O)O)c2ccc3ccccc3c2)cc1,rl,-12.0462055,-19.69226
CCCCCCOc1ccc(N(c2ccc(OCCCCCC)cc2)c2ccc(-c3ccc(-c4ccc(C=Cc5ccc(N(c6ccccc6)c6ccccc6)cc5)s4)s3)cc2)cc1,rl,38.87601,5.1277757
CCCCOc1ccc(N(c2ccc(OCCCC)cc2)c2ccc(-c3ccc(-c4ccc(N(CCCC)c5ccc(C=C(C#N)c6ccc(N(c7ccccc7)c7ccccc7)s6)cc5)cc4)s3)cc2)cc1,rl,65.975006,-6.534448
Cc1nc2cc(N(c3ccccc3)c3ccccc3)ccc2n1C,rl,27.513596,-32.740635
N#CC(C#N)=Cc1ccc2c(c1)c1ccccc1n2-c1ccc(-n2c3ccccc3c3cc(-n4c5ccccc5c5ccccc54)ccc32)cc1,rl,45.445507,-13.278707
CCCCn1c(=C(C#N)C#N)sc(=Cc2ccc(C=Cc3ccc(N(C)C)cc3)o2)c1=O,rl,27.87365,-10.415748
CCCCCCOc1ccc(N(c2ccc(-c3nc(C=C(C#N)C#N)cc(-c4ccc5c(c4)OCCCO5)n3)cc2)c2cccc(Cl)c2)cc1,rl,64.11863,-3.6076643
COc1ccccc1-c1cc(-c2ccccc2)nc(Nc2ccccc2)c1C#N,rl,-14.955306,-37.137054
CCCC(=O)Nc1ccc2c(c1)c1ccc(SC)cc1n2C,rl,-23.147089,28.392982
COC(=O)c1ccccc1NC(=O)c1ccc(-c2ccc(N(c3ccccc3)c3ccc(C=C(C#N)C#N)cc3)cc2)s1,rl,62.871895,-29.706184
[C-]#[N+]C(C#N)=Cc1ccc(N(c2ccc(C=C(C#N)C#N)cc2)c2ccc(-c3ccc(-c4ccc(-c5ccc(-n6c7ccccc7c7ccccc76)cc5)cc4)s3)cc2)cc1,rl,71.873955,-37.292545
CCCCc1ccc(N(c2ccc(C=C(C#N)C#N)cc2)c2ccc(-c3cc4c(s3)sc3cc(N(c5ccccc5)c5ccccc5)ccc34)cc2)cc1,rl,63.370876,-19.181812
CCN(CC)c1ccc(C2=Cc3ccc(N(CC)CC)cc3C(c3cccs3)=NN2C)cc1,rl,20.489315,-49.807995
CCCCCCOc1ccc(N(c2ccc(OCCCCCC)cc2)c2ccc(-c3ccc(-c4ccc(Oc5ccc(N(c6ccc(N(c7ccccc7)c7ccc(OCCCCCC)cc7)cc6)c6ccc(-c7ccc(C=C(C#N)C#N)s7)s6)cc5)cc4)cc3)cc2)cc1,rl,68.64061,-5.674474
CCCCCCNc1ccc2c(-c3sc(C=C(C#N)C#N)cc3F)sc(CCCCCC(=O)O)c2c1-c1ccc(N(c2ccccc2)c2ccccc2)cc1,rl,62.89385,-20.760324
N#CC(Cl)=Cc1ccc(-c2ccc(-c3ccc(N(c4ccccc4)c4ccc(C=C(C#N)C#N)cc4)cc3)s2)s1,rl,67.04469,-29.455444
c1ccc(N(c2ccccc2)c2ccc(-c3cccc4ccccc34)cc2)cc1,rl,25.733112,-39.00109
N#CC(C#N)=Cc1ccc(C=Cc2ccc(N(c3ccc(C=Cc4ccc(N(c5ccccc5)c5ccccc5)cc4)cc3)c3ccc(-c4ccc(C=C(C#N)C#N)s4)cc3)cc2)s1,rl,65.77327,-31.127312
CC(C)(C)c1ccc(-c2ccc(-c3ccc(-c4ccc(C=C(C#N)C#N)s4)cc3)s2)cc1,rl,63.59866,-38.992676
CCCCCC[n+]1ccc(C=Cc2cc3c(s2)N(CCCC)c2ccc(C=Cc4ccc(N(c5ccc(CCCC)cc5)c5ccc(OCCCC)cc5)c5nsnc45)cc2S3)cc1,rl,38.111748,0.49158067
C[n+]1c(-c2ccc(N(c3ccccc3)c3ccccc3)cc2)cc(C=C(C#N)C#N)nc1-c1ccc(N(c2ccccc2)c2ccccc2)cc1,rl,52.28395,-26.729404
CN(C)c1ccc(C=Cc2sc([N+](=O)[O-])cc2[N+](=O)[O-])cc1,rl,21.346869,-12.108308
N#CC(C#N)=Cc1ccc(N(c2ccccc2)c2ccc(-c3ccc(-c4ccc(C=C(C#N)C#N)s4)s3)cc2)cc1,rl,67.0546,-29.609318
CCN(CC)c1ccc2cc(C=C3C(=O)N(CC)c4ccccc43)c(=O)oc2c1,rl,17.30322,-59.61159
CCN(CC)c1ccc2oc(=O)cc(-c3ccc4cnccc4c3)c2c1,rl,16.110777,-58.55529
CC1(C)c2ccccc2N(c2ccc(-c3ccc(-c4ccc(-c5ccc(N(c6ccc(C=C(C#N)C#N)cc6)c6ccc(C=C(C#N)C#N)cc6)cc5)s4)s3)cc2)c2ccccc21,rl,64.3024,-25.30304
CCCCCCCCN(c1ccc(-c2ccc(C=C(C#N)C#N)s2)cc1)c1ccc(C=Nc2ccc(N(c3ccccc3)c3ccccc3)cc2)cc1F,rl,66.8023,-20.314653
CCCCCCN(c1ccc(C=C(C#N)c2nc3ccccc3s2)cc1)c1ccc2c(c1)C(C)(C)c1cc(-n3c4ccccc4c4ccccc43)ccc1-2,rl,47.474384,-14.661365
CC1(C)c2ccccc2-c2cc(-c3cc(-c4ccc(N(c5ccccc5)c5ccccc5)cc4)nc(-c4ccncc4)n3)ccc21,rl,24.151453,-29.051928
CCCCCCOc1ccc(N(c2ccc(C=C(C#N)c3ccc(N(c4ccccc4)c4ccccc4)cc3)cc2)c2ccc(-c3ccc(N(CCCCCC)c4ccc(C=C(C#N)C#N)cc4)cc3)cc2)cc1,rl,62.8377,-5.6398535
CCCCCCN(CCCCCC)c1ccc(Nc2ccc(-c3ccc(-c4ccc(N(c5ccc(N(c6ccccc6)c6ccccc6)cc5)c5ccc(N(c6ccccc6)c6ccccc6)cc5)s4)s3)cc2)cc1,rl,31.330177,-2.8479955
CCN1c2ccccc2Sc2cc(-c3cc4sc(-c5ccc(N(c6ccc(C=C(C#N)C#N)cc6)c6ccc(C(=O)O)cc6)cc5)cc4s3)ccc21,rl,70.21384,-16.590042
c1ccc2c(-n3c4ccccc4c4c5ccccc5ccc43)cccc2c1,rl,-14.149719,-25.825134
COc1ccc(N(c2ccc(OC)cc2)c2ccc(-c3ccc(-c4cc(-c5ccc([N+](=O)[O-])cc5)sc4-c4ccc5cc(-c6ccc(N(c7ccccc7)c7ccc([N+](=O)[O-])cc7)cc6)oc5c4)s3)cc2)cc1,rl,34.267708,-42.82429
CCCCOc1ccc(N(c2ccc(-c3cc4cc(N(c5ccc(-c6ncc[nH]6)cc5)c5ccc(N(CC)CC)cc5)c5ccccc5c4s3)cc2)c2ccc(N3c4ccccc4C(C)(C)C3(C)C)cc2)cc1,rl,35.74775,3.932354
COc1ccc(-c2csc(-c3ccco3)n2)cc1OC,rl,-35.402576,-16.879057
COc1ccc(N(c2ccc(OC)cc2)c2ccc(-c3ccc(-c4ccc(N(c5ccccc5)c5ccc(C=C(C#N)C#N)cc5)cc4)s3)c(F)c2)cc1,rl,60.444443,-32.011326
N#CC(C#N)=Cc1ccc(C=Cc2ccc(-c3ccc(N(c4ccccc4)c4ccccc4)cc3)s2)s1,rl,70.245766,-30.691286
COc1ccc(N(c2ccc(OC)cc2)c2ccc(-c3ccc(C=Cc4ccc5ccccc5c4C=C(F)c4ccc(C#N)s4)s3)cc2)cc1,rl,36.542168,-44.567726
N#CC(Br)=Cc1ccc(N(c2ccc(Br)cc2)c2ccc(C=C(c3ccc(N(c4ccccc4)c4ccccc4)cc3)c3ccc(N(c4ccccc4)c4ccccc4)cc3)cc2)cc1,rl,46.019123,-23.826174
COc1ccc(N(c2ccccc2)c2ccc(-c3ccc(N(c4ccc(C=C(C#N)C(=O)O)cc4)c4ccc(-c5ccc(N(c6ccc(C=Cc7ccc(Cl)cc7)cc6)c6ccc(N(c7ccccc7)c7ccccc7)cc6)cc5)cc4)cc3)cc2)cc1,rl,58.383286,6.6545734
CCCCCCOc1ccc(N(c2ccc(C=Cc3ccc(N(c4ccccc4)c4ccccc4)cc3)cc2)c2ccc(N(c3ccccc3)c3ccccc3)cc2)cc1,rl,40.721115,4.02329
CCCCCCCCn1c2ccccc2c2cc(-c3ccc(-c4ccc(-c5ccc(-c6ccc(-c7ccc(-c8ccc(N(c9ccc(OC)cc9)c9ccc(OCCCCCC)cc9)cc8)cc7)s6)s5)s4)s3)ccc21,rl,37.333416,-2.628794
CN(C)c1ccc(C=Cc2nc3c(cc2-c2ccc(N(C)C)cc2)oc2ccccc23)cc1,rl,19.634378,-15.038581
FC(F)(F)c1ccc(N=c2sc(-c3cc4ccccc4o3)nn2-c2ccccc2)cc1,rl,-5.6595006,-10.723516
CCN(CC)c1ccc2c(-c3ccc(NS(=O)(=O)c4ccc(C)cc4)cc3)c3ccc(=N)cc-3oc2c1,rl,5.3904066,-66.63624
CCCCCCOc1ccc(N(c2ccc(Nc3ccc(-c4ccc(-c5ccc(C=C(C#N)C#N)s5)c(F)c4)cc3)cc2)c2ccc(S(=O)(=O)Cc3ccc(N(c4ccccc4)c4ccccc4)cc3)cc2)cc1,rl,69.56721,-5.8033185
CCCCCCN(CCCCCC)c1ccc(N2c3ccc(-c4ccc(N(c5ccc(C=C(C#N)C#N)cc5)c5ccc(C=C(C#N)c6ccc(N(c7ccccc7)c7ccccc7)cc6)cc5)cc4)cc3Sc3c2ccc2ccccc32)cc1,rl,58.579678,-20.617464
COc1ccc(N(c2ccccc2)c2ccc(Oc3ccc(C=C(C#N)c4cccs4)cc3)cc2)cc1,rl,44.345062,-30.528591
CCCC[n+]1ccc(-c2ccc(-c3ccc(-c4ccc5c(ccn5-c5ccc(C=C(C#N)C#N)cc5)c4)s3)cc2)cc1,rl,64.95069,-14.809004
CCCCN(CCCC)c1ccc(C=c2[nH]c(=O)c(=Cc3ccc(N(C)C)cc3)s2)cc1,rl,29.273264,-10.412899
CCc1cccc(CC)c1Nc1ccc2ccc(=O)oc2c1,rl,-29.617914,-28.937414
N#CC(C#N)(C#N)c1ccc(-n2c3ccccc3c3ccc4ccccc4c32)cc1,rl,1.7751678,-28.97678
CCCCN(CCCC)c1c(-c2ccccc2)nc2c(-c3ccc(N(c4ccccc4)c4ccccc4)s3)c(-c3ccc(N4CCN(CC)CC4)cc3)c(C(=O)OCC)cn12,rl,32.84365,-33.001934
CCN(CC)c1ccc2c(=Nc3ccc(Br)cc3)cc(C)oc2c1,rl,16.053919,-56.76123
N#CC(=Cc1ccccc1Oc1ccccc1)c1ccc([N+](=O)[O-])cc1,rl,9.179464,17.0798
CCCCn1c(=O)ccc2cnc(NCC)nc21,rl,-10.207383,32.108467
CCCCCCOc1ccc(N(c2ccc(OCCCCCC)cc2)c2ccc(-c3ccc(C=Cc4ccc(N(c5ccc(C=C(C#N)C#N)cc5)c5ccc(OC)cc5)cc4)s3)cc2)cc1,rl,67.5118,-4.385316
N#CC(C#N)=Cc1ccc(N(c2ccccc2)c2ccc(-c3ccc(-c4ccc(N(c5ccccc5)c5ccccc5)cc4)s3)cc2)cc1,rl,63.689106,-28.916864
CCN(CC)c1ccc2c(-c3ccccc3C(=O)OC)c3ccc(=[N+]4CCCCCC4)cc-3oc2c1,rl,7.862725,-63.10863
CCCCCCn1c2cc(C)ccc2c2ccc(-c3ccc(-c4scnc4C)s3)cc21,rl,25.254526,20.151852
N#CC(=Cc1ccc(-n2c3ccccc3c3ccccc32)s1)C(=O)O,rl,52.51703,24.67523
CCCCC(CC)COc1sc(-c2ccc(-c3ccc(N4c5ccccc5Sc5ccccc54)cc3)s2)c(F)c1-c1ccc(-c2sc(C=C(C#N)C#N)cc2-c2cccs2)s1,rl,70.852165,-14.676753
N#CC(=Cc1ccc(N(c2ccc(N(c3ccccc3)c3ccccc3)cc2)c2c(Cl)cccc2C#N)cc1)c1ccc(N(c2ccccc2)c2ccccc2)cc1,rl,45.67625,-23.690763
COc1ccc(N(c2ccc(OC)cc2)c2ccc(-c3cc4cc(C=C5N(C)c6ccccc6C5(C)C)ccc4s3)cc2)cc1,rl,34.55399,-45.48031
c1ccc(N(c2ccccc2)c2ccc(-c3ccc(N(c4ccccc4)c4ccc(N(c5ccccc5)c5ccccc5)cc4)cc3)cc2)cc1,rl,26.132446,-34.329388
CCCCCCCN1c2ccccc2Sc2cc(-c3ccc(-c4ccc(N(c5ccc(C=C(C#N)C#N)cc5)c5ccc(OCCCCCC)cc5)cc4)cc3)ccc21,rl,59.89703,-19.687803
CCOC(=O)c1ccc(N(c2ccc(C=C(C(=O)O)c3ccc([N+](=O)[O-])s3)cc2)c2ccc(-c3ccc(N(c4ccccc4)c4ccccc4)s3)cc2)cc1,rl,37.465214,-29.766798
CCCCC1c2ccccc2N(CCCC)c2ccc(-c3ccc(-c4ccc(C=C(C#N)C#N)cc4)s3)cc21,rl,69.18454,-14.955659
CCCCCCOc1ccc(N(c2ccc(F)cc2)c2ccc(-c3oc(CCCCCC)cc3-c3ccc(N(CC(CC)CCCC)c4ccc(OCC(CC)CCCC)cc4)cc3)cc2)cc1,rl,36.07482,9.345864
COc1cc(C=NN=Cc2ccccc2)cc(OC)c1,rl,-25.212626,-39.68516
N#Cc1cc2ccc3ccccc3c2cc1C#N,rl,-13.473319,-27.719328
CCN(CC)c1ccc(C(=O)NN=Cc2cccc3oc4c(-c5ccc(N(C)C)cc5)cc(N(C)C)cc4c23)cc1,rl,15.914896,-55.178352
CC(C)(C)n1c(=O)c2c(N(c3ccc(C#N)cc3)c3cccs3)ccc(-c3ccc(C(F)(F)F)cc3)c2n(C#N)c1=NC#N,rl,19.634163,-34.488876
N#CC(C#N)=Cc1ccc(N(c2ccc(-c3ccc(-c4ccc(N(c5ccccc5)c5ccccc5)cc4)s3)cc2)c2ccc(N(c3ccccc3)c3ccccc3)cc2)cc1,rl,63.68912,-28.916815
CN(CCO)c1ccc(C=CC(=O)c2ccc(N)cc2)cc1,rl,-64.5425,-28.557775
CCCCC[n+]1ccc(-c2ccc(-c3ccc(C(C)(C)C)cc3)s2)cc1,rl,16.65742,9.582009
COc1ccc(N(c2ccc(C=Cc3nc4ccccc4s3)cc2)c2ccc(OC)cc2)cc1,rl,39.081043,-32.60692
CCCCCCOc1ccc(-c2cccc3c2C(=O)N(CCCCCC)C3=O)cc1,rl,20.850489,29.00752
CCCCCCOc1ccc(N(c2ccc(OCCCCCC)cc2)c2ccc(-c3ccc(C=C(C#N)C#N)s3)cc2)cc1,rl,68.03523,-4.8274264
CCN(CC)c1ccc(C(=O)Nc2cn3ccc(C#N)cc3c2C(=O)NC)cc1,rl,21.560387,-54.786037
O=c1c2ccccc2nnn1C1CCSc2ccccc21,rl,-45.789276,25.914915
NS(=O)(=O)c1ccc(-n2nccc2-c2ccc(F)c(F)c2)cc1,rl,-28.063889,-7.038176
CCCCCCOc1ccc(N(c2ccc(C=Cc3ccc(N(CCCCCC)c4ccc(C=c5c(=C(C#N)C#N)sc6ccccc56)cc4)cc3)cc2)c2ccc(C=C(C#N)C#N)cc2)cc1,rl,62.051125,-5.6576505
N#Cc1ccc(C=Cc2ccc(N(c3ccc(C=Cc4ccc(N(c5ccccc5)c5ccccc5)cc4)cc3)c3ccc(-n4ccc5ccccc54)cc3)cc2)cc1,rl,36.015846,-15.731616
N#CN(c1ccc(C=C(c2ccccc2)c2ccccc2)cc1)c1ccc(C=C(c2ccccc2)c2ccc(N(c3ccccc3)c3ccccc3)cc2)cc1,rl,45.916336,-23.796688
CCOc1ccc(N(c2ccc(C=Cc3cccs3)cc2)c2ccc3c(ccc4ccccc43)c2)cc1,rl,28.310484,-22.35163
C=C1NC=Cc2cc(-c3cccc4ccccc34)sc21,rl,-14.237107,-21.648405
N#CC(C#N)=Cc1ccc(-c2ccc(N(c3ccccc3)c3ccccc3)c3ccccc23)s1,rl,70.29585,-33.111866
Cc1cc(=Cc2ccc(N(c3ccc(C#N)cc3)c3ccc(N4C(=C(C#N)C#N)Sc5cc(C=C(C#N)C#N)ccc54)cc3)cc2)c2cccc3cccc1c32,rl,57.513573,-21.301197
Cc1ccc(N(c2ccc(-c3ccc(C=C(C#N)C#N)s3)cc2)c2ccc(-c3sc(N)nc3-c3ccccc3)cc2)cc1,rl,75.409836,-31.584951
c1ccc2c(c1)ccc1ccc(C3NCCCS3)cc12,rl,-13.417814,-22.828234
CC(C)(C)OC(=O)Nc1ccsc1-c1ccc2c(-c3ccccc3)nsc2c1C#N,rl,-34.514656,5.9517365
CCCCN(c1ccc(C=Cc2ccc(C=C(C#N)C#N)s2)cc1)c1ccc(-c2ccc(N(c3ccc(C#N)cc3)c3ccc(N(c4ccccc4)c4ccccc4)cc3)cc2)cc1,rl,65.445206,-21.713451
CCOc1ccc(N(c2ccc(N(c3ccccc3)c3ccccc3)cc2)c2ccc(N(c3ccc(-c4ccc(-c5ccc(N(c6ccccc6)c6ccccc6)cc5)s4)cc3)c3cccc4ccccc34)cc2)cc1,rl,33.637665,-41.685356
CCCCCCc1ccc(N(c2ccc(C=C(C#N)C#N)cc2)c2ccc3c(c2)C(CCCCCC)(c2ccc(OC)cc2)c2cc(N(c4ccc(N(CCCCCC)c5ccccc5)cc4)c4ccc(C=C(C#N)C(=O)O)s4)ccc2-3)cc1,rl,73.35669,29.942848
CN(C)c1ccc(-c2c(N=Nc3ccc(N(C)CCO)cc3)sc(-c3ccc(C=C(C#N)C#N)cc3)c2C#N)cc1,rl,52.785896,-16.583105
CCCCCCOc1ccc(N(c2ccc(OCCCCCC)cc2)c2ccc(-c3c4ccccc4c(-c4ccc(N(c5ccc(C=C(c6ccccc6)c6ccccc6)cc5)c5ccc(N(CCCCCC)c6ccccc6)cc5)cc4)c4ccccc34)cc2)cc1,rl,40.743866,2.8942666
O=C1C(=Cc2ccc3ccc(OCCCS(=O)(=O)O)cc3c2)SC(=S)N1c1ccc(S(=O)(=O)O)cc1,rl,25.809921,37.54828
CC(=O)c1ccc(N=Nc2ccc(OCCOc3ccc([N+](=O)[O-])cc3)c3ccccc23)cc1,rl,0.8819261,19.074486
N#CC(C#N)=Cc1ccc(-c2ccc3nc(-c4ccc(N(c5ccccc5)c5ccccc5)cc4)sc3c2-c2ccc(N(c3ccc(F)cc3)c3ccc(F)cc3)cc2)s1,rl,73.748,-32.924217
O=C=C1CCc2ccccc2N1c1ccccc1,rl,4.587139,6.821134
COc1ccc(N(c2ccccc2)c2ccc(C=C(C#N)c3ccc(C=C(C#N)C#N)s3)cc2)cc1,rl,44.808056,-30.314861
N#Cc1c(-c2ccc(N(c3ccccc3)c3ccccc3)cc2)sc(-c2cccs2)c1-c1ccco1,rl,30.849438,-35.38815
CCCCCCCCc1ccccc1-c1ccc(-[n+]2ccc(-c3ccc(-c4ccc(-c5ccc(N(c6ccccc6)c6ccccc6)s5)s4)s3)s2)s1,rl,31.07012,-2.2149234
C=CC(=O)Nc1nc2ccc3oc4ccccc4c3c2c2ccccc12,rl,-27.167347,-23.917253
Cc1cc(N)cc(N)c1,rl,-20.34316,-10.77253
CCN(CC)c1ccc(C=c2sc(=C(C#N)C#N)n(-c3ccc(F)cc3)c2=O)cc1,rl,48.59956,-37.5937
CCCCCCOc1ccc(N(c2ccc(OCCCCCC)cc2)c2ccc(N(c3ccc(C=C(C#N)C#N)cc3)c3ccc(C=C(C#N)C(C#N)=Cc4ccc(N(C)C)cc4)cc3)cc2)cc1,rl,61.918167,-6.5524817
Fc1ccccc1-c1csc(-c2ccc(N(c3ccccc3)c3ccccc3)cc2)n1,rl,26.849848,-36.94531
O=S(=O)(Nc1cc(-c2ccc(N(c3ccccc3)c3ccccc3)cc2)sc1-c1ccc(N(c2ccccc2)c2ccccc2)cc1)c1cccc2ccccc12,rl,27.924456,-39.49907
CCN(CC)c1ccc2c(c1)N(C)C1=CC(=N)C=CC1=C(c1ccc(N(C)C)cc1)O2,rl,16.687943,-53.545296
CCCCCCc1cc(-c2ccc(N(c3ccc(-c4ccc(-c5ccc(C=C(C#N)C#N)s5)s4)cc3)c3ccc(-c4ccc(-c5ccc(N(CCCCCC)C6CCCCC6)s5)s4)cc3)cc2)sc1C=C(C#N)C#N,rl,67.18206,-17.752447
N#CC(C#N)=Cc1ccc(-c2ccc(-c3ccc(N(c4ccccc4)c4ccccc4)cc3)s2)s1,rl,70.458595,-30.172293
N#CC(=C1c2ccccc2-c2ccccc21)c1ccc([N+](=O)[O-])cc1,rl,8.734126,17.34735
CC[N+](CC)=C(C)c1ccc2occc2c1,rl,-16.492315,18.584625
CCc1ccc2c(c1)C(C)(C)C(=CC=C1N(CCCO)c3ccc(C=Cc4c(C#N)cc(C#N)cc4C=Nc4ccc(OC)c(C)c4)cc3C1(C)C)N2CC,rl,3.729956,46.601803
CC(=O)N1CCCC1=C=O,rl,-26.64041,36.827614
CSc1ccc(N(c2ccc(C=C(C#N)C#N)cc2)c2ccc(-c3cccs3)cc2)cc1,rl,62.385853,-29.199862
CCN(CC)c1ccc(N=Nc2cc(Cl)c3oc(=O)ccc3c2O)cc1,rl,16.135815,-55.93888
CCN=c1sc2ccccc2cc1-c1ccc(N(CC)CC)cc1,rl,20.069887,-49.842216
N#CC(C#N)=Cc1ccc(-c2ccc(N(c3ccc(-c4ccc(-c5ccc(N(c6ccccc6)c6ccccc6)cc5)s4)cc3)c3ccc(N(c4ccccc4)c4ccccc4)cc3)cc2)s1,rl,70.616844,-30.28229
CCN(CC)c1ccc2cc(-c3cc4cc(OC)ccc4[nH]3)c(=O)oc2c1,rl,15.690008,-60.82634
N#CC(=Cc1ccc(N(C#N)c2ccc(C(C#N)=CC=Cc3ccc(C#N)c(C#N)c3)s2)cc1)c1ccc([N+](=O)[O-])cc1,rl,10.224271,16.816238
N#CC(C#N)=Cc1ccc(-c2ccc(-c3cc4cc(-c5ccc6c(c5)OCCO6)oc4s3)s2)s1,rl,64.05057,-40.962143
CCCCCCOc1ccc(N(c2ccc(C=Cc3ccc(N(c4ccccc4)c4ccccc4)cc3)cc2)c2ccc(C=Cc3ccc(-c4nc5ccccc5s4)s3)cc2)cc1,rl,39.633842,4.7983847
CCCCCCOc1ccc(N(c2ccc(OCCCCC)cc2)c2ccc(-c3ccc(-c4ccc(-c5ccc(N(c6ccccc6)c6ccccc6)cc5)s4)s3)cc2)cc1,rl,37.026905,5.7220764
CCCCCCC1(CCCCCC)C=Cc2c(OC)c(OC)cc(OC)c21,rl,20.737797,13.146562
CSCCCS,rl,-15.68944,21.649168
N#Cc1nn(-c2ccc(-n3c4ccccc4c4ccccc43)cc2)nc1N1c2ccccc2Sc2ccccc21,rl,4.1011324,-28.924253
Fc1ccc(-c2ccc(-c3ccc(N(c4ccc(N(c5ccccc5)c5ccccc5)cc4)c4cccc5ccccc45)cc3)s2)s1,rl,29.246927,-39.309525
c1ccc(N(c2ccccc2)c2ccc(-c3ccc(-c4ccc(-c5ccc(-c6ccc(-c7ccc(-c8ccc(N(c9ccccc9)c9ccccc9)nc8)s7)cc6)s5)s4)s3)cc2)cc1,rl,30.283752,-38.302547
N#CC(C#N)=Cc1ccc(-c2ccc(-c3ccc(N(c4ccc(-c5ccc(-c6ccc(N(c7ccccc7)c7ccccc7)s6)s5)cc4)c4cccc5ccccc45)cc3)c3nsnc23)s1,rl,71.43418,-33.56564
CCOc1cc(-n2cc(C=Cc3ccc(N(c4ccccc4)c4ccccc4)cc3)c3ccccc32)ccc1C=Cc1nc(-c2ccc(N(c3ccccc3)c3ccccc3)cc2)nc(-c2ccc(N(c3ccccc3)c3ccccc3)cc2)n1,rl,29.939173,-22.39311
CCCCn1c2ccccc2c2cc(-c3ccc(-c4ccc(N(c5ccccc5)c5ccccc5)c(C#N)c4)s3)ccc21,rl,37.836246,-4.0652194
N#CC(C#N)=Cc1sc(C=C(C#N)c2ccc(-c3ccc(-c4ccc(N(c5ccccc5)c5ccccc5)cc4)s3)s2)cc1C#N,rl,71.940765,-28.437489
Fc1ccc2cc(-c3ccc4cc(-c5ccc(-c6ccc(-c7cccs7)s6)s5)sc4c3)sc2c1,rl,-1.4796984,-15.807699
CCCCCCn1c2ccccc2c2cc(-c3ccc(-c4ccc(N(c5ccccc5)c5ccccc5)cc4)s3)ccc21,rl,37.59243,-4.106521
COc1ccc(N(c2ccc(C=Cc3ccc(N(c4ccccc4)c4ccccc4)cc3)cc2)c2ccc(C=C(C#N)C#N)cc2)cc1,rl,45.042328,-30.430794
COc1ccc(-c2ccc3c(c2)c(=O)oc2cc4ccccc4cc23)cc1,rl,-29.025314,-36.27205
CCCN(CCC)c1ccc(C=Cc2ccccn2)cc1,rl,26.333261,-14.541099
Oc1cccc(N2c3ccccc3Sc3ccccc32)c1,rl,7.170359,8.379533
CC(=CC=C1N(C)c2ccccc2C1(C)C)c1ccccc1NC1CCCCC1,rl,7.210504,42.22545
COc1ccc(N(c2ccc(OC)cc2)c2ccc(-c3ccc4c(c3)NC(=O)CC4=O)cc2)cc1,rl,28.437326,-46.692467
C=[N+](c1ccccc1)c1ccc(N(c2ccc(C=C(C#N)C#N)cc2)c2ccc(-c3ccc(-c4ccc(-c5ccc(Cl)s5)s4)s3)cc2)cc1,rl,63.937607,-28.409204
CCCCCCOc1c(CCCC)nn(-c2ccc(C=Cc3ccc(N(c4ccccc4)c4ccccc4)cc3)cc2)c1-c1ccc(N(c2ccccc2)c2ccc(OCCCC)cc2)cc1,rl,40.60885,3.9823365
CCCCN(CCCC)c1ccc(N)c(C=Cc2ccc(N(CCCC)CCCC)cc2-n2cc(C=C(C#N)C#N)cn2)c1,rl,60.73598,-12.40443
CCCCCCCC[n+]1ccc(C=Cc2ccc(N(C)c3ccccc3C)cc2)cc1,rl,28.737457,-12.102449
CCN(CC)c1ccc(Cc2ccc(Nc3c(-c4ccc(Oc5[nH]c(-c6ccccc6Cl)cc6c[n+](C)c(-c7ccc(N(CC)CC)cc7)c5-6)cc4)c(=O)c3=O)cc2)cc1,rl,15.592951,-50.458202
CCCC[n+]1ccc(C=Cc2ccc(N(c3ccccc3)c3ccc(C=Cc4ccc(-c5ccc(N(c6ccccc6)c6ccc(C=C(c7ccccc7)c7ccccc7)cc6)cc5)s4)cc3)cc2)cc1,rl,35.425278,-26.903152
N#CC(C#N)=Cc1ccc(N(c2ccccc2)c2ccc3c(c2)C(=Cc2ccc(-c4ccc(-c5ccc(N(c6ccccc6)c6ccccc6)cc5)cc4)cc2)c2nc(N(c4ccccc4)c4ccccc4)ncc2-3)cc1,rl,53.442856,-25.588419
CCCCOc1ccc(N=Nc2ccc(-c3csc(-c4ccc(N(c5ccc(OCCCC)cc5)c5ccc(OCCCC)cc5)s4)n3)s2)cc1,rl,34.810352,7.405203
CN(C)c1ccc(C(=Cc2ccc(N(c3ccc(C=C(C#N)C#N)cc3)c3ccc(-c4ccc(C=C(C#N)c5ccc(N(c6ccccc6)c6ccccc6)cc5)o4)cc3)s2)c2ccc(N(c3ccccc3)c3ccccc3)cc2)cc1,rl,58.056686,-27.435316
N#CC(C#N)=Cc1ccc(-c2ccc(N(c3ccc(N4c5ccccc5Sc5ccccc54)cc3)c3ccc(S(NC(=O)Cc4cccc5ccccc45)(c4ccccc4)c4ccc(N(c5ccccc5)c5ccc(N(c6ccccc6)c6ccccc6)cc5)cc4)cc3)cc2)s1,rl,65.538704,-24.561604
N#CC(C#N)=Cc1ccc(-c2ccc(N(c3ccc(N(c4ccccc4)c4ccccc4)cc3)c3ccc(-c4ccc(-c5ccc(N(c6ccccc6)c6ccccc6)cc5)s4)s3)cc2)s1,rl,70.43969,-30.050156
CCCCCCOc1ccc(N(c2ccc(F)cc2)c2ccc(-c3ccc(-c4cc(OC)c(OCCCCCC)c(OCCCCCC)c4)s3)cc2)cc1,rl,35.77899,6.7340636
N#CC(C#N)=Cc1ccc(C=Cc2ccc(-n3c4ccccc4c4ccccc43)cc2)o1,rl,45.225304,-12.734472
CC1(C)NC(C)(C)C(C)(C)c2cc(C#Cc3ccc(Br)s3)ccc21,rl,5.0369525,-14.226438
CN(CCO)c1ccc(C=CC(=O)c2ccc(NS(=O)(=O)c3cccc(C#N)c3)cc2)cc1,rl,-63.769016,-28.782137
N#CC(C#N)=Cc1ccc(-c2ccc(Cc3ccc(N(c4ccccc4)c4ccccc4)cc3)s2)s1,rl,70.08584,-31.795816
CCCCCCCC1(C(=O)N(CC(=O)O)CC(=O)O)C=Cc2ccc(-c3ccc(-c4ccc(-c5ccc([N+](=O)[O-])s5)s4)s3)cc21,rl,16.046839,8.825996
CCN1CCN(c2ccc3c(c2)C(N)=NC(N)C3=O)CC1,rl,-22.18257,37.403557
N#CC(C#N)=Cc1ccc(C=NNc2ccc([N+](=O)[O-])cc2)cc1,rl,9.512736,15.968411
c1ccc(N(c2ccccc2)c2ccc(-c3ncnc4sc5cc(-c6ccccn6)sc5c34)cc2)cc1,rl,28.738419,-36.85848
N#CC1=C(c2ccc(N(c3ccccc3)c3ccccc3)cc2)C(=CC=Cc2ccc(-c3cccc4ccccc34)c(=O)o2)CCC1,rl,24.983559,-39.80606
COC(O)(C#N)C(C#N)=Cc1ccc(-c2ccc(N(c3ccc(C=C(C#N)c4ccc(N(c5ccccc5)c5ccccc5)cc4)cc3)c3ccc(N(c4ccccc4)c4ccccc4)cc3)cc2)cc1,rl,45.8687,-25.558685
C(=NN=Cc1ccc(N(c2ccc(N=Nc3ccc(-c4ccc(N(c5ccccc5)c5ccccc5)cc4)cc3)cc2)c2ccc(N3CCCCC3)cc2)cc1)c1ccc(N(c2ccccc2)c2ccccc2)cc1,rl,36.32624,-24.270773
N#CC(C#N)=Cc1coc2c(N(c3ccccc3)c3ccccc3)c(-c3ccc(N(c4ccccc4)c4ccccc4)cc3)c(N)cc12,rl,53.537212,-27.586628
CCCCCCN(c1ccc(C=C(C#N)c2ccc([N+](=O)[O-])cc2)cc1)c1ccc(C(C#N)=Cc2ccc(N(c3ccccc3)c3ccccc3)cc2)cc1,rl,44.491135,-19.95812
NC=Cc1ccco1,rl,-8.948972,-0.8841882
N#CC(C#N)=Cc1ccc2c(c1)CCc1cccc3c1C2C1C(=O)CC(=O)C=C1N3,rl,50.043423,-8.773594
CC=CC=CC(=O)c1ccc(N(C)C)cc1,rl,19.565424,-19.985474
CCCCCCCCOc1ccc(N(c2ccc(OCCCCCCCC)cc2)c2ccc(-c3ccc(-c4ccc(-c5ccc(N(c6ccc(OCCCCCC)cc6)c6ccc(N(c7ccccc7)c7ccc(OCCCCCC)cc7)cc6)cc5)s4)cc3)s2)cc1,rl,37.02859,5.7386293
N#CC(C#N)=Cc1ccc(-c2ccc(N(c3ccccc3)c3ccc(N(c4ccccc4)c4ccccc4)cc3)cc2)cc1,rl,52.80416,-23.810984
COc1ccc(N(c2ccc(Oc3ccccc3)cc2)c2ccc(-c3ccc(-c4ccc(-c5cccs5)s4)s3)cc2)cc1,rl,34.07735,-44.054527
CCN(CC)c1ccc2cc(N(c3ccc(Br)cc3)c3ccc(C=C(C#N)S(=O)(=O)c4ccccc4)cc3)ccc2c1,rl,49.800022,-35.137012
CCCCCCN(CCCCCC)c1ccc(C(C=Cc2ccc(N(CCCC)CCCCC)cc2)c2ccc(NC(=O)c3ccc(N(c4ccccc4)c4ccccc4)cc3)cc2)cc1,rl,30.817642,-12.991616
c1ccc(C2=NC(c3ccccc3)NC(n3c4ccc(-c5ccc(-n6c7ccccc7c7ccccc76)cc5)cc4c4ccc(-c5ccccc5)cc43)N2)cc1,rl,3.3457944,-34.902557
CCCCN(c1ccc(C=C(C#N)C#N)cc1)c1ccc(-c2ccc(-c3ccc(-c4ccc(C=C(C#N)C#N)s4)cc3)s2)cc1,rl,65.372375,-16.628466
CN(C)c1ccc(C2=CC(=CC3=CCCC(c4ccccc4)=C3)C=C2c2ccc(F)cc2)cc1,rl,8.587523,-24.614819
CCCCCCN(c1ccc(-c2ccc(N(c3ccccc3)c3ccccc3)cc2)cc1)c1ccc(-c2ccc(-c3ccc(C=c4sc(=C(C#N)C#N)n4CCCCCC)s3)s2)cc1,rl,68.14957,-19.744404
CCCCCCCCN1C(=O)C(=CCc2c(C#N)n(C)c3cc(Cl)ccc23)c2c(Cl)cccc21,rl,19.398188,25.218317
COC(=O)C1C2C(=O)c3ccccc3OC2C(=O)N1c1ccccc1,rl,-23.594229,2.9288564
N#CC(C#N)=Cc1ccc(-c2nc(C#N)c3ccc(-c4ccc(N(c5ccccc5)c5ccccc5)s4)cc3c2C#N)s1,rl,73.125435,-32.49985
N#CC(C#N)=Cc1ccc(-c2ccc(-c3ccc(-c4ccc(-c5ccc(-c6ccc(N(c7ccccc7)c7ccccc7)cc6)s5)cc4)s3)s2)s1,rl,70.458595,-30.172293
C=CC=C1C=CC=C(C=Cc2nc3cc(N)ccc3nc2-c2ccccc2Cl)C1(C#N)C#N,rl,0.91864353,-8.992425
CCN1C(=C(C#N)C#N)C(C)(C)c2ccc(N(c3ccc(-c4ccc(C=C(C#N)C#N)s4)cc3)c3ccc(-c4ccc(C=C(C#N)C#N)s4)cc3)cc21,rl,67.06759,-34.12489
CCCCCOc1ccc(C=Nc2ccc(-c3ccc(-c4ccc(N(c5ccccc5)c5ccccc5)cc4)s3)s2)cc1,rl,37.69228,5.4768295
CCCCCCn1c2ccccc2c2ccc(N(c3ccc(-c4ccc(C=C(C#N)C#N)s4)cc3)c3ccc(N(c4ccccc4)c4ccccc4)cc3)cc21,rl,69.83709,-20.344948
N#CC(=C(c1ccccc1)c1ccc(-c2ccc(N(c3ccccc3)c3ccccc3)s2)s1)c1cccs1,rl,42.87888,-24.486897
C(=NN=Cc1ccc(N(c2ccccc2)c2ccc(N=Nc3cccs3)cc2)cc1)c1ccc(N(c2ccccc2)c2ccccc2)cc1,rl,31.668549,-19.769867
CCc1ccc2c(-c3ccc(N(C)C)cc3)cc(=NC)oc2c1,rl,13.98323,-23.120499
Nc1ccc(-c2cccc3cnc(N)nc23)cc1,rl,-18.019703,-17.053316
CN(C)c1ccc(N(c2ccc(F)cc2)c2ccc(-c3ccc(-c4sc(-c5cccs5)c5c4OCCO5)cc3)s2)cc1,rl,14.22901,-30.721544
c1ccc(N(c2ccccc2)c2ccc(-c3ccc(-n4cc(-c5ccc6c(c5)sc5cc(N(c7ccccc7)c7ccccc7)ccc56)c5ccccc54)cc3)cc2)cc1,rl,16.192003,-38.91929
N#CC(C#N)=Cc1cc(-c2ncc(-c3ccc(N(c4ccccc4)c4ccccc4)cc3)s2)cs1,rl,72.62734,-28.76324
N#Cc1ccc2cnc(-c3ccc(N(c4ccccc4)c4ccccc4)cc3)n2n1,rl,23.236124,-33.39489
CCCCCCOc1cc(-c2ccc(-c3ccncc3)s2)nc(-c2ccncc2)n1,rl,31.777939,7.4988003
N#CC(C#N)=Cc1ccc(-c2ccc(-c3ccncc3)s2)s1,rl,64.28263,-39.622917
CCCCCCN(c1ccc(C=Cc2ccc(N(c3ccccc3)c3ccccc3)cc2)cc1)c1ccc(C=Cc2ccc(N(c3ccccc3)c3ccccc3)cc2)cc1,rl,31.92253,-12.505012
CCCCN(c1ccc(C2=CC=c3c4sc(-c5ccc(-c6ccc(N(c7ccc(C#N)cc7)c7ccc(C=CC=C(C#N)C#N)cc7)cc6)o5)cc4c(n3CCCC)=C2)cc1)c1ccc(N(c2ccccc2)c2ccccc2)cc1,rl,65.22836,-21.828924
CCCCCCOc1ccc2c(c1N(CCCCCC)CCCCCC)c(-c1ccc(N(c3ccc(OC)cc3)c3ccc(OC)cc3)cc1)c1ccc(OCCOCCOC)cc1[n+]2CCCCCC,rl,32.787937,9.612943
CCN(CC)c1ccc2ccsc2c1,rl,20.269175,-50.821434
Cn1c(-c2ccc(N(c3ccccc3)c3ccccc3)cc2)cc2c(-c3ccc(N(c4ccccc4)c4ccccc4)cc3)c(C#N)c(C#N)nc21,rl,22.714857,-33.24847
c1ccc(N(c2ccccc2)c2ccc(N(c3ccccc3)c3ccc(-c4ccc(-c5snc6ccccc56)s4)cc3)cc2)cc1,rl,29.860971,-38.92861
CCCCCC12C(=CC=CC1=C(C#N)C#N)N(CCOc1ccc(N(c3ccccc3)c3ccccc3)cc1)c1ccc(-c3cccs3)cc12,rl,37.610752,3.4071093
CCCCCCn1c2ccccc2c2ccc(C=NCCCn3cc(CCCCC=C(c4ccc(N(C)C)cc4)c4ccc(N(C)C)cc4)nn3)cc21,rl,31.924181,21.255493
CCCCCCSc1ccc2c(c1)C(C)(C)c1cc(C=C(C#N)C#N)ccc1N2c1ccc(OCCCC)cc1,rl,60.074547,-7.950462
N#CC(C#N)=Cc1ccc(N(c2ccccc2)c2ccccc2)cc1,rl,50.61635,-22.860748
N#CC(C#N)=Cc1ccc(N(c2ccccc2)c2ccc(-c3ccc(N(c4ccccc4)c4ccc(-c5ccc(C=C(C#N)C#N)o5)cc4)cc3)cc2)cc1,rl,52.287086,-28.319168
CCCCCCCCN(CCOS)c1ccc(C=C(C#N)C(=O)O)cc1,rl,63.04509,22.781235
C(=Cc1cccs1)c1ccc(-c2ccc(-c3ccc(N(c4ccccc4)c4ccccc4)cc3)s2)cc1,rl,34.372612,-26.376268
CC(=O)c1cc2c(cc1O)C(C(=O)O)CC(=O)N2,rl,-31.460491,37.2321
N#CC(C#N)=Cc1ccccc1N(c1ccccc1)c1ccc(-c2ccc(-c3ccc(-c4ccc(N(c5ccc(C=C(C#N)c6ccc(F)cc6)cc5)c5ccc(N(c6ccccc6)c6ccccc6)cc5)cc4)s3)s2)cc1,rl,65.585526,-27.122194
COCCN1C(=O)C(=Cc2ccccc2)C=C1c1ccccc1,rl,-13.17121,9.123618
C=CCN(CC=C)c1ccc(C(C)(CCCCC)c2ccc(NC=C(C#N)C#N)cc2)cc1,rl,60.02157,-12.456582
N#CC(C#N)=Cc1ccc(-c2ccc(N(c3ccc(N(c4ccccc4)c4ccccc4)cc3)c3ccc(-n4c5ccccc5c5ccccc54)cc3)cc2)s1,rl,72.46082,-36.508656
CCCCCCC(=Cc1ccc(N(c2ccc(-c3ccc(-c4cccs4)s3)cc2)c2ccc3ccccc3c2)cc1)c1ccc(N(CCCCCC)c2ccc(C=C3SC(=S)N(CCCCCC)C3=O)cc2)cc1C#N,rl,27.661243,41.29988
c1ccc(-c2cc(-c3ccc(N(c4ccccc4)c4ccccc4)cc3)cc(-n3c4ccccc4c4ccccc43)c2)cc1,rl,15.833764,-38.745747
CCCCCCOc1ccc(N(c2ccc(C=C(C#N)C#N)cc2)c2ccc3cc(-c4cc5ccc(N(CC)CC)cc5sc4=O)ccc3c2)cc1,rl,64.419876,-4.261879
N#CC(C#N)=Cc1ccc2c(N)cccc2c1,rl,46.846382,-9.580945
CN(C)c1ccc(C(=Cc2ccc(N(c3ccc(-c4ccc(-c5ccc(N(c6ccccc6)c6ccccc6)cc5)s4)cc3)c3ccc(N(c4ccccc4)c4ccccc4)cc3)cc2)c2ccc(F)cc2)cc1,rl,37.72124,-29.088102
CN(C)c1ccc(C(C#N)=Cc2ccc(N(c3ccccc3)c3ccc(N(c4ccccc4)c4ccccc4)cc3)cc2)cc1,rl,46.222965,-23.982403
CCCCCCN(c1ccc(C=C(C#N)C#N)cc1)c1ccc2c(=O)n(CCCCCC)c3ccccc3c2c1,rl,56.990086,-11.388138
N#CC(C#N)=Cc1ccc(-c2ccc(N(c3ccc(-c4ccc(N(c5ccccc5)c5ccccc5)cc4)cc3)c3ccc(-c4nc(-c5ccccc5)c(-c5ccccc5)o4)cc3)cc2)s1,rl,74.4085,-30.921368
Cc1ccc(S(=O)(=O)N=c2sc3cc(-c4ccc(N(c5ccccc5)c5ccccc5)cc4)ccc3n2-c2cc3c(-c4ccc(N(c5ccccc5)c5ccccc5)cc4)c(-c4ccc(-c5ccc(N(c6ccccc6)c6ccccc6)cc5)s4)cc(N(c4ccccc4)c4ccccc4)c3s2)cc1,rl,27.7302,-40.298527
c1ccc(N(c2ccccc2)c2ccc(N=Nc3ccc(-n4c(-c5ccc(N(c6ccccc6)c6ccccc6)cc5)nc5nc6ccccc6cc54)cc3)cc2)cc1,rl,28.07057,-33.642147
COc1c2ccc(N(C)C)cc2c(-c2ccncc2)c2sc(-c3ccc([N+](=O)[O-])s3)cc12,rl,11.727171,-26.6195
CN(CCO)c1ccc(C#Cc2ccc(-c3ccc(N(c4ccc(C=C(C#N)C#N)cc4)c4ccc(C=C(C#N)C#N)cc4)cc3)cc2)cc1,rl,52.894806,-17.805042
COC(=O)c1ccc(-c2ccc(C=C(C#N)C#N)cc2)s1,rl,65.07807,-37.03995
N#CC(C#N)=Cc1ccc(N(c2ccccc2)c2ccc(C=Cc3ccncc3)cc2)cc1,rl,49.58157,-21.854582
Cc1ccc(N=Nc2ccc(N(C)CCO)cc2)c(Br)c1,rl,-17.305841,13.274058
N#CC(=Cc1ccc(N(c2ccccc2)c2ccc(C(C#N)=Cc3ccc(N(c4ccccc4)c4ccc(C(C#N)c5ccc(N(c6ccccc6)c6ccccc6)cc5)cc4)cc3)cc2)cc1)c1ccc(N=Nc2ccc(N(c3ccccc3)c3ccccc3)cc2)cc1,rl,46.08719,-24.018667
C(=Cc1ccccc1-c1ccc(N(c2ccc(C=C(c3ccccc3)c3ccccc3)cc2)c2ccc(-c3ccc(N(c4ccccc4)c4ccccc4)cc3)c3nsnc23)cc1)c1ccccc1,rl,34.675667,-21.590082
C(=Cc1ccc(N(c2ccccc2)c2ccccc2)cc1)c1ccc(C=C(c2ccccc2)c2ccccc2)cc1,rl,34.416183,-19.986143
CCCCCCn1c(-c2cccs2)csc1=NC(=O)c1cccc2ccc3oc(CN4CCCCC4=O)cc3c12,rl,23.656483,23.334545
N=c1ccc2cc(-c3ccc4cc(N(c5ccccc5)c5ccccc5)ccc4c3)coc-2c1,rl,25.478127,-35.38668
c1ccc(-c2nc3ccccc3s2)cc1,rl,-8.3082,-14.1505
C1=C(c2ccc3c(c2)Oc2ccccc2N3c2cccc3ccccc23)C=c2ccc(o2)=C1,rl,-15.369035,-26.611519
CCN(CC)c1ccc(-c2c3ccccc3c3ccccc3[n+]2CCCS(=O)(=O)O)cc1,rl,17.117147,-50.774216
CCCCN(CCCC)c1ccc(-c2ccc3c(C#N)c4ccc(N(CCCC)CCCC)cc4c(NCCN)c3c2)cc1,rl,25.081917,1.6186614
CCCCN(c1ccc(C=C(C#N)C#N)cc1)c1ccc(C(=CC=Cc2ccc(N(c3ccccc3)c3ccccc3)cc2)c2ccc(N(c3ccccc3)c3ccccc3)cc2)cc1,rl,56.839962,-16.360096
CCCCN(CCCC)c1ccc(Nc2nc(Nc3ccc(OC)cc3)nc(N(C)C)n2)cc1,rl,4.221751,-21.382986
CCCCCCCCCN1C2=C(CCC2)C(CCCCCC)(CCCCCC)c2cc(-c3ccc(C=C(C#N)C#N)cc3)sc21,rl,63.625244,-13.453106
C[N+](C)=c1c2ccccc2oc2cc(-c3ccc(N(c4ccccc4)c4ccccc4)cc3)ccc12,rl,23.893265,-35.96939
c1csc(-c2ccc(-c3cc4sccc4s3)s2)c1,rl,-1.8287241,-14.753604
O=c1ccc2cc(-c3ccc4cc(-c5ccccc5)ccc4c3)ccc2o1,rl,-24.870474,-30.32883
N#CC(C#N)=Cc1ccc(-c2ccc(-c3ccc(N(c4ccccc4)c4ccc(C=C(c5ccccc5)c5ccc(N(c6ccccc6)c6ccccc6)cc5)cc4)c4ccccc34)cc2)cc1,rl,54.416283,-24.666561
C(=Cc1cc(-c2ccc(N(c3ccccc3)c3ccccc3)cc2)ccn1)c1ccc(N(c2ccccc2)c2ccccc2)cc1,rl,32.682644,-22.66518
CN(C(C#N)=CC#N)c1ccc(Br)c2cc(F)c(F)c(F)c12,rl,10.6832075,-13.061726
COc1ccc(N(c2ccc(OC)cc2)c2ccc3c(ccc4ccc(C=C(C#N)C#N)nc43)c2)cc1,rl,45.984543,-31.582603
N#CC(C#N)=Cc1cc2sc(-c3ccc(N(c4ccccc4)c4ccc(N(c5ccccc5)c5ccccc5)cc4)s3)cc2s1,rl,71.93719,-29.157778
O=[N+]([O-])c1ccc(C=Cc2ccc(N(c3ccccc3)c3ccccc3)cc2)c(Cl)c1,rl,28.997179,-19.390234
COc1ccc2cc(F)cc(-c3cccc4oc(=O)cc(CCCN)c34)c2c1,rl,-29.655062,-35.28819
CCCCCCn1c(=NS(=O)(=O)c2ccc(C)cc2)ccc2ccccc21,rl,23.863396,19.675377
N#CC(C#N)=Cc1ccc(N(CCC(Br)=C(C#N)C#N)c2ccc(-c3ccc(N(c4ccccc4)c4ccc(Br)cc4)cc3)cc2)cc1,rl,53.26734,-23.685041
CCCCN(c1ccc(-c2ccc(C=C(C#N)C#N)s2)cc1)c1ccc(-c2ccc(-c3ccc(-c4ccc(N(c5ccccc5)c5ccccc5)cc4)s3)s2)cc1,rl,67.67723,-19.528486
CN(CCO)c1ccc(C=CC(=O)NCCCN2CCCC2)cc1,rl,-65.70534,-27.668592
CCCCCC[n+]1ccc(C=Cc2cc[n+](-c3ccc(C=C(C#N)C#N)s3)cc2)cc1,rl,65.82052,-11.779274
CC1=CC(C)(C)N(CCCNC(=O)c2ccc(C=C(C#N)C#N)cc2)c2ccccc21,rl,51.80179,-7.758813
C(=Cc1ccc(N(c2ccc(C=Cc3cccnc3)cc2)c2ccc(C=Cc3cccs3)cc2)cc1)c1ccc(N(c2ccccc2)c2ccccc2)cc1,rl,32.29332,-21.970287
N#CC(C#N)=Cc1ccc(C=Cc2ccc(N(c3ccc(N(c4ccccc4)c4ccccc4)cc3)c3ccc(N(c4ccccc4)c4ccccc4)cc3)cc2)s1,rl,57.583336,-30.124367
c1ccc(N(c2ccccc2)c2ccc(-c3cccc4ncc(-c5ccc(N(c6ccccc6)c6ccccc6)cc5)n34)cc2)cc1,rl,27.776466,-35.01402
c1ccc(N(c2ccccc2)c2ccc(-c3ccc(N(c4ccc(-c5ccc(N(c6ccccc6)c6ccc(N(c7ccccc7)c7ccccc7)cc6)cc5)cc4)c4ccc(-c5ccns5)cc4)cc3)cc2)cc1,rl,28.380995,-36.065014
c1ccc(N(c2ccccc2)c2ccc(-c3ccc(N(c4ccc(-c5ccc(-c6ccc(N(c7ccccc7)c7ccccc7)cc6)s5)cc4)c4ccc5c(c4)CCc4ccccc4-5)cc3)cc2)cc1,rl,30.643442,-40.023186
N#CC(C#N)=Cc1ccc2c(ccc3ccccc32)c1,rl,46.609413,-9.560589
N#CC(C#N)=Cc1ccc(C=Cc2ccc(-c3ccc(-c4cc(C#N)sc4-c4ccc(N(c5ccccc5)c5ccccc5)cc4)o3)cn2)s1,rl,74.401474,-29.680925
c1ccc(-c2cc(-c3ccccc3)[n+](-c3ccccc3)c(-c3ccc(N(c4ccccc4)c4ccccc4)cc3)c2)cc1,rl,26.033014,-34.667564
CCc1ccc(-c2cc(-c3ccc(-c4ccc(N(c5ccccc5)c5ccccc5)cc4)s3)nc(-c3ccc(N(c4ccccc4)c4ccccc4)cc3)c2C#N)cc1,rl,32.50384,-38.324913
CCCCCCc1c2sc(c1C#N)N(CCCC)CC(c1ccc3ccccc3c1)=C2,rl,22.864286,17.522684
c1ccc(N(c2ccccc2)c2ccc(-n3ccc4ccccc43)cc2)cc1,rl,28.102358,-33.36882
COc1ccccc1-c1oc(-c2nc(-c3ccccc3)cnc2-c2ccc(N3CN(c4ccccc4)c4ccccc43)cc2)nc1-c1ccccc1,rl,-14.135844,-36.598003
CCCCCCOc1ccc(N(c2ccc(-c3ccc(N(c4ccccc4)c4ccccc4)cc3)cc2)c2ccc(-c3cc(C#N)c(-c4ccc(C=C(C#N)C#N)s4)s3)cc2)cc1,rl,68.48994,-5.681914
CCCCCCOc1ccc(N(c2ccc(F)cc2)c2ccc(-c3ccc(-c4ccc(-c5ccc(N(c6ccc(N(c7ccccc7)c7ccccc7)cc6)c6ccc(N(c7ccc(OCCCCCC)cc7)c7ccc(OCCCCCC)cc7)cc6)cc5)cc4)s3)cc2)cc1,rl,36.9884,5.769315
CCN(CC)c1ccc(-c2sc(C=C[N+](=O)[O-])nc2-c2ccc(OC)cc2)cc1,rl,25.318588,-49.29999
N#CC(C#N)=C1C(=Cc2cccs2)C(=O)c2cc(N(c3ccccc3)c3ccccc3)ccc21,rl,41.024265,-23.152163
COC(=CC=C(C=Cc1cccc2ccccc12)c1ccccc1)c1ccccc1,rl,-24.176212,-22.927595
CCCCCCOc1ccc(N(c2ccc(-c3oc(Cc4ccccc4)nc3-c3ccc(N(c4ccc(OC)cc4)c4ccc(OC)cc4)cc3)cc2)c2ccc(N(c3ccccc3)c3ccccc3)cc2)cc1,rl,34.515804,8.546221
CCCCC1=CC=C(N(c2ccc(-c3ccc(C=C(C#N)C#N)cc3)cc2)c2ccccc2C#N)C=CC=CC2=CC=C1C=CN2c1ccc(C=C(C#N)c2ccc(C=C(C#N)C#N)cc2)cc1,rl,58.964695,-16.138445
CCCCN(c1ccc(C#Cc2ccc(N(c3ccccc3)c3ccccc3)cc2)cc1)c1ccc(Nc2ccc(C=Cc3ccc(N(c4ccccc4)c4ccccc4)cc3)cc2)cc1,rl,31.772099,-12.127336
CCCCCN1c2ccc(-c3ccc(N(c4ccccc4)c4ccccc4)s3)cc2Sc2cc(C=C(C#N)C#N)c(C=C(C#N)c3ccc(-c4cccs4)s3)cc21,rl,69.4766,-16.212849
CCN1N=C(c2ccc(N(c3ccccc3)c3ccccc3)cc2)C(C)(C)C1c1ccc(C(C)=O)s1,rl,31.878197,-32.14678
CCCCCCc1cccc(N(c2ccc(C=C(C#N)C#N)cc2)c2ccc(-c3ccc(N(c4ccc(-c5ccc(N(c6ccccc6)c6ccccc6)cc5)cc4)c4ccc(N(c5ccccc5)c5ccccc5)cc4)cc3)cc2)c1,rl,59.15129,-17.53659
C(=Cc1ccc(N(c2ccccc2)c2ccccc2)cc1)c1ccc(N(Cc2ccc(N(c3ccccc3)c3ccccc3)cc2)c2ccc(C=C3CC4CCC3C4)cc2)cc1,rl,32.533817,-18.525635
CCCCCCOc1ccc(N(c2ccc(C=C3SC4=CC(c5ccccc5)CC(c5ccc(N(c6ccccc6)c6ccccc6)cc5)=C4N3CCCCCC)cc2)c2ccc(OCCCCCC)cc2)cc1,rl,39.71276,3.6959019
N#Cc1nc(N=Cc2ccc(N(c3ccccc3)c3ccccc3)cc2)sc1-c1ccc2c(c1)Cc1ccccc1-2,rl,28.707777,-27.76993
CCCCN(c1ccc(C=C(C#N)C#N)cc1)c1ccc(-c2ccc(N(c3ccccc3)c3ccccc3)c3ccccc23)cc1,rl,56.801315,-18.266998
Cc1nc2c(ccc3ccccc32)o1,rl,-9.762306,-24.8307
N#CC(C#N)=Cc1ccc(-c2ccc(-c3ccc(N4CCCCC4)s3)s2)s1,rl,63.444366,-40.570557
COc1ccc(N(c2ccc(-c3ccc(C=C(C#N)C#N)s3)cc2)c2ccc(N(c3ccccc3)c3ccccc3)cc2)cc1,rl,60.73189,-32.6379
CCN(CC)c1ccc2cc(NC(=O)c3cccc(OC)c3)ccc2c1,rl,18.865229,-61.99594
CCCCN1C(=O)C(c2ccc(C)cc2[N+](=O)[O-])(C(F)(F)F)c2cc(C)c(C)cc21,rl,3.1288414,26.644238
c1ccc(-c2cc3cc(N(c4ccccc4)c4ccccc4)c(-c4ccc(N(c5ccccc5)c5ccccc5)cc4)cc3s2)cc1,rl,28.616234,-38.379032
Cn1c(-c2ccc(Cl)cc2)nccc(Cl)cc2ccccc21,rl,-50.4179,-10.116711
C(=Cc1cc2c(ccc3ccccc32)o1)c1ccc(N(c2ccccc2)c2ccccc2)cc1,rl,28.308693,-23.59667
CCn1ccc2ccc3ccccc3c21,rl,-12.946595,-25.343845
O=C(O)c1ccc(-c2c(=O)oc(-c3ccc(N(c4ccccc4)c4ccccc4)cc3)c3cc(Cl)ccc23)cc1,rl,29.874922,-30.78087
CCCCCCOc1ccc(N(c2ccc(OCCCCCC)cc2)c2ccc(N(c3ccc(OCCCCCC)cc3)c3ccc(-c4ccc(-c5ccc(C=Cc6ccc(N(c7ccccc7)c7ccccc7)cc6)s5)s4)cc3)cc2)cc1,rl,38.87601,5.1277757
N#CC(C#N)=Cc1ccc(-c2ccc(N(c3ccc(N(c4ccccc4)c4ccccc4)cc3)c3ccc4nc(-c5ccc(N(c6ccccc6)c6ccccc6)cc5)c(-c5ccccc5)cc4c3)cc2)s1,rl,73.431435,-32.102303
Cc1ccc2nc(C=Cc3ccc(N(c4ccccc4)c4ccc(C=C(C#N)C#N)cc4)cc3)sc2c1,rl,50.542347,-20.834412
CCCC[n+]1ccc(C=Cc2ccc(N=Nc3ccc(N(CC)CC)cc3)c(O)c2)cc1,rl,27.071447,-12.836583
CCCCCCN(CCCCCC)c1ccc(C(=O)Cc2ccc(N(c3ccccc3)c3ccc(-c4ccc(C=C(C#N)C#N)s4)cc3)cc2)cc1,rl,67.702095,-19.62593
CN(C)c1cccc(-c2ccsc2-c2ccc(N(c3ccccc3)c3ccccc3)cc2)c1,rl,28.280064,-37.94587
c1ccc(N(c2ccccc2)c2ccc(-c3ccc(Nc4ccc(-c5ccc(-c6ccc(-c7ccc(N(c8ccccc8)c8ccccc8)cc7)c7nsnc67)s5)cc4)cc3)cc2)cc1,rl,29.907803,-41.075336
N#CC(C#N)=Cc1ccc(N(c2ccc(C=C(C#N)C#N)cc2)c2ccc(-c3ccc4c(c3)c3ccccc3n4-c3ccc(N(c4ccccc4)c4ccccc4)cc3)cc2)cc1,rl,46.576157,-16.690844
CN(C)c1ccc(N(c2ccc(-c3ccc(N(c4ccc(C=C(C#N)C#N)cc4)c4ccc(-c5ccc(C=C(C#N)C#N)s5)cc4)cc3)cc2)c2ccc(N(c3ccccc3)c3ccccc3)cc2)cc1,rl,66.238846,-29.138683
CN1C(=Cc2ccc3c(c2)c2ccccc2n3-c2ccc(C=Nc3cccs3)cc2)C(=O)N=C1SC=C(C#N)C#N,rl,45.32937,-13.313566
Nc1cccc(-c2cccc3ccccc23)c1,rl,-15.753786,-21.48267
N#CC(C#N)=Cc1ccc(-c2ccc(-c3ccc(-c4ccc(-c5ccc(C=C(C#N)C#N)s5)s4)cc3)s2)s1,rl,64.307884,-39.180553
CCCC[n+]1ccc(-c2cc(N(CC)CC)ccc2[N+](=O)O)cc1,rl,18.60467,-52.235687
C(=Cc1ccc(N(c2ccccc2)c2ccccc2)cc1)c1ccc(-c2ccc(N(Cc3ccccc3)Cc3ccccc3)cc2)cc1,rl,33.268715,-20.673836
Brc1cc2nc(-c3ccc(N(c4ccccc4)c4ccccc4)cc3)sc2cc1Br,rl,27.40055,-36.62171
CCCCN1c2ccccc2Oc2ccc(-c3ccccc3)cc21,rl,15.545183,27.47225
CC(CN)CC(=O)N1CCCCC1,rl,-26.606705,36.017864
CCc1ccc(N(c2ccc(C=C(C#N)C#N)cc2)c2ccc(C=C(C#N)C#N)cc2)cc1,rl,51.655025,-18.289915
C(#Cc1cc(-c2ccc(-c3ccc(N(c4ccccc4)c4ccccc4)cc3)s2)sc1-c1ccc(N(c2ccccc2)c2ccccc2)cc1)c1ccc(N(c2ccccc2)c2ccccc2)cc1,rl,31.660748,-39.5498
FC(=Cc1ccc(-c2ccc(-c3ccc(C=Cc4ccc(N(c5ccccc5)c5ccccc5)cc4)s3)s2)s1)c1ccc(N(c2ccccc2)c2ccccc2)cc1,rl,35.1784,-26.363348
C=CCCCCCN(CCCC)c1ccc(C=Cc2cc[n+](CC)cc2)cc1,rl,27.592882,-12.234376
Cn1ccc(C=Cc2ccc(C=C(C#N)C#N)s2)cc1=O,rl,50.96431,-6.0055194
CC(C)(C)c1cc(O)c2c(=O)c3ccc(O)cc3oc2c1,rl,-32.48226,-31.0872
[O-][N+](c1ccc(N(c2ccccc2)c2ccccc2)cc1)=c1cccc(-c2cnc(-c3ccc(N(c4ccccc4)c4ccccc4)cc3)o2)o1,rl,25.006008,-36.25269
COc1ccc(N(c2ccc(OC)cc2)c2ccc(-c3ccccc3)c(-c3ccc(-c4ccc(-c5ccc(N(c6ccccc6)c6ccccc6)cc5)s4)s3)c2)cc1,rl,33.860706,-43.78904
CN(C(=O)C(C)(C)C)c1ccc(C=Cc2coc(-c3ccc(N(c4ccccc4)c4ccccc4)c(Br)c3)n2)cc1,rl,30.534033,-23.330477
N#CC(C#N)=Cc1ccc(N(c2ccc(C=Cc3ccc(N(c4ccccc4)c4ccc(C=C(c5ccccc5)c5ccccc5)cc4)cc3)cc2)c2ccc(C=Cc3ccc(N(c4ccccc4)c4ccccc4)nc3)cc2)cc1,rl,48.749386,-22.146616
CCN1C(=O)C[N+](C)=C(C=C2C(=O)C(C=C3C(=O)N(c4ccccc4C=Cc4ccc(N(c5ccccc5)c5ccccc5)cc4)C(=O)C3=Cc3ccc(N(c4ccccc4)c4ccccc4)cc3)=C2O)C1=O,rl,33.39875,-17.628033
C(=Cc1ccc(N(c2ccccc2)c2ccccc2)cc1)Sc1ccc(N(c2ccccc2)c2ccccc2)cc1,rl,32.50584,-20.059914
CCCCCCCC[n+]1c(-c2ccc(N(c3ccccc3)c3ccccc3)cc2)cc(-c2ccc(N(c3ccccc3)c3ccccc3)cc2)c2ccccc21,rl,32.238243,-4.417661
CC=NC(=NCc1ccccc1)c1ccc(=N)c2ccc(-c3ccc4c(c3)CCN4CC)cc2c1,rl,-6.0061903,-5.3925476
CCCCCCc1cc(-c2ccc(-c3sccc3N(CCCCCC)CCCCCC)s2)sc1-c1ccc(N(c2ccccc2)c2ccccc2)cc1,rl,31.036644,-2.1769707
CCCCN(CCCC)c1ccc(Cc2ccc(-n3ccc4ccccc43)cc2C=NCc2cc(C=Cc3ccc(N(c4ccccc4)c4ccccc4)cc3)ccc2C#N)cc1,rl,35.880142,-14.803573
CCN(CC)c1ccc2ccccc2c1C(=O)c1ccc2c(c1)OCO2,rl,-29.445728,-24.946808
Cc1ccc(-c2ccc(-c3ccc(-c4ccc5cc(N(c6ccc(C=C(C#N)C#N)cc6)c6ccc(N(c7ccccc7)c7ccccc7)cc6)ccc5c4)s3)s2)cc1,rl,63.36586,-30.82652
CC(C)n1c(-c2ccc(-c3ccc(N(c4ccc(F)cc4)c4ccc(F)cc4)cc3)s2)ccc1-c1cc(C#N)nn1-c1ccc(N(c2ccccc2)c2ccccc2)cc1,rl,32.51153,-37.550053
CCc1nc(-c2ccc3ccccc3c2)cs1,rl,-9.218622,-16.92072
CCCCCCCCN(c1ccc(C=C(C#N)C#N)cc1)c1ccc(-c2ccc(-c3ccc(N(C)c4ccc(C=C(C#N)C#N)cc4)cc3)s2)cc1,rl,64.24306,-16.045431
CCN(CC)c1ccc2cc(C=C(C#N)C#N)sc2c1,rl,51.072495,-35.78148
COc1ccc2oc(=O)cc(C=Cc3ccc(N(c4ccccc4)c4ccccc4)cc3)c2c1,rl,40.23749,-32.696835
CCCCCCN1c2ccccc2Sc2c(-c3ccc(N(c4ccccc4)c4ccccc4)cc3)[nH]c(-c3ccc(N(c4ccccc4)c4ccccc4)cc3)c21,rl,35.21677,-0.5104387
COc1ccc(Nc2ccc3c(-c4ccc(N(c5ccccc5)c5ccccc5)cc4)c4ccc(N(c5ccccc5)c5ccccc5)cc4nc3c2)cc1,rl,30.172222,-46.66225
CCc1ccc(-c2nc3ccccn3c2N=Nc2ccc(C(C)=O)cc2)cc1,rl,-35.67272,9.341599
CCN(CCCS(=O)(=O)O)c1ccc2cc3ccc(=[N+](CC)CC)cc-3oc2c1,rl,15.20817,-58.126076
CN(CCO)c1ccc(C=CC(=O)c2ccc(NC(=O)C=Cc3ccc(N(c4ccccc4)c4ccccc4)cc3)cc2)cc1,rl,-62.350594,-29.849512
CCCCn1c2cc(OC)ccc2c2cc3ccccc3cc21,rl,28.663898,21.136408
Cc1ccc(-c2ccc(C=C(C#N)C#N)cc2)cc1,rl,49.773552,-10.877747
CCC(=NNC(=O)c1ccncc1)c1ccc(N=Cc2ccccc2OC)cc1,rl,-46.6151,9.208925
CCCCOc1ccc(N(c2ccc(-c3ccc(N(c4ccccc4)c4ccccc4)s3)cc2)c2ccc(-c3ccc(-c4ccc(-c5cccs5)s4)s3)s2)cc1,rl,36.859592,5.350685
N#CC(C#N)=Cc1ccc(N(c2ccc(N3C=C4CCCC4(c4ccc(N(c5ccccc5)c5ccccc5)cc4)c4ccccc43)cc2)c2ccc(N(c3ccccc3)c3ccccc3)cc2)cc1,rl,55.042454,-21.81117
N#CC(=Cc1ccc(N(c2ccccc2)c2ccc(-c3ccc(-c4ccc(N(Cc5ccccc5)c5ccccc5)cc4)s3)cc2)cc1)c1ccc(N(c2ccccc2)c2ccccc2)cc1,rl,64.488754,-27.043524
COc1ccc(Nc2ccc(-c3ccc(C=C(c4ccc(SC)cc4)c4ccc(N(c5ccccc5)c5ccccc5)cc4)s3)c(F)c2)cc1,rl,36.33777,-43.00281
CCn1c2ccc(-c3ccc(C=C(C#N)C#N)s3)cc2c2cc(N(c3ccc(C=C(c4ccccc4)c4ccccc4)cc3)c3cccc4ccccc34)ccc21,rl,69.35278,-24.864883
CCN(CC)c1ccc(-c2ccc(N(c3ccc(-c4c(N(c5ccccc5)c5ccccc5)cc5c6c4CC(O)(c4ccc(N(c7ccc(C)cc7)c7ccc(F)cc7)cc4)CC=C(O6)C5C#N)cc3)c3ccc(N(CC)c4ccccc4)cc3)cc2)cc1,rl,18.005913,-47.013493
CCCCN(CCCC)c1ccc(N=Nc2ccc(N(c3ccc(C#N)cc3)c3ccc(C#N)cc3)cc2)cc1,rl,24.270102,1.7340026
COc1ccc(-c2ccc(-c3ccc(N(c4ccccc4)c4ccccc4)cc3)cc2)cc1,rl,30.332684,-46.082306
N#CC(C#N)=Cc1ccc(C=C(C#N)c2ccccc2)o1,rl,48.260204,-7.345203
COCCCN1c2ccccc2Oc2cc(-c3csc(-c4csc(-c5ccc(C=C(C#N)C#N)s5)c4)n3)ccc21,rl,66.00199,-41.832108
c1ccc(-c2cc3ccccc3c3ccccc23)cc1,rl,-14.314894,-18.945158
N#CC(C#N)=Cc1ccc(-c2ccc(N(c3ccc(N(c4ccccc4)c4ccccc4)cc3)c3ccc(N(c4ccc(-c5ccc(N(c6ccccc6)c6ccccc6)cc5)cc4)c4ccc(N(c5ccccc5)c5ccccc5)cc4)cc3)cc2)s1,rl,70.70021,-30.560934
N#CC(C#N)=Cc1ccc(-c2ccc(N(c3ccccc3)c3ccc4ccccc4c3)cc2)s1,rl,72.03233,-32.29345
CCc1cc2ccc(=O)oc2cc1NC(=O)c1sccc1C#N,rl,20.868856,-57.46786
N#CC(C#N)=Cc1ccc(-c2ccc(-c3ccc(-c4ccc(-c5ccc(N(c6ccccc6)c6ccc(N(c7ccccc7)c7ccccc7)cc6)cc5)s4)s3)o2)s1,rl,73.12048,-29.83916
CCCCCCOc1ccc(N(c2ccc(Br)cc2)c2ccc(C(=Cc3ccc(N(C#N)c4ccc(-c5ccc6c(N(c7ccccc7)c7ccc(Br)cc7)cccc6c5)cc4)cc3)c3ccc(N(C)C)cc3)cc2)cc1,rl,61.28501,-4.3550496
O=[N+]([O-])c1ccc(-c2ccc(C=Cc3ccc(-c4ccc(N(c5ccccc5)c5ccccc5)s4)s3)s2)cc1,rl,34.406597,-36.36555
N#CC(C#N)=Cc1ccc(N(c2ccc(-c3ccc(N(c4ccccc4)c4ccccc4)cc3)cc2)c2ccc(C3(c4ccccc4)c4ccccc4-c4ccccc43)cc2)cc1,rl,54.81952,-23.75752
C(=Cc1nc(-c2ccccc2)c(-c2ccc(N(c3ccccc3)c3ccccc3)cc2)s1)c1ccc(N(c2ccccc2)c2ccccc2)cc1,rl,32.28973,-23.985613
Cc1cc(N(c2ccccc2)c2ccccc2)ccc1-c1nnc(-c2ccc(N(c3ccccc3)c3ccc(C=NN(c4ccccc4)c4ccccc4)cc3)cc2)s1,rl,27.997396,-28.366877
N#CC(C#N)=Cc1ccc(N(c2ccc(-c3ccc(-n4cc(-c5ccc(N(c6ccccc6)c6ccccc6)cc5)c5ccccc54)cc3)cc2)c2ccc(-c3ccc(C=C(C#N)C#N)s3)cc2)cc1,rl,71.61934,-36.492607
N#CC(C#N)=C1C(C#N)=C(SCc2ccccc2)c2ccc(C#N)cc21,rl,4.443781,-8.710807
c1ccc(N(c2ccccc2)c2ccc(-c3ccc(-c4ccc(N(c5ccccc5)c5ccccc5)s4)c4ccccc34)cc2)cc1,rl,29.103146,-40.14029
CCCCCCN1c2ccc(-c3ccc(C=C(C#N)C#N)s3)cc2C(=O)C(C#N)=Cc2sc3ccccc3c21,rl,67.8092,-13.222667
N#CC(C#N)=Cc1ccc(-c2ccc(C#Cc3ccc(N(c4ccccc4)c4ccccc4)cc3)s2)s1,rl,69.967865,-31.777214
CCCCCCCCOc1ccc(N(c2ccc(OCCCCCC)cc2)c2ccc(-c3ccc(-c4ccc(CCCCCCCC=O)cc4)s3)cc2)cc1,rl,36.68989,6.879593
COc1cc2c(cc1-n1c3ccccc3c3ccccc31)oc1ccc(-c3ccc(N=Nc4cccc(-n5ncc6ccccc65)c4)cc3)cc12,rl,-0.42229363,-36.305332
CCN(CC)c1ccc2c(-c3ccc(N(C)C)cc3)c(C#N)c(=O)oc2c1,rl,18.353796,-57.26452
CCCCn1c2ccc(N(c3ccc(F)cc3)c3ccc(C=C(C#N)C#N)cc3)cc2c2ccc(N=Nc3ccc(-c4cccs4)s3)c(-c3ccc(N(c4ccccc4)c4ccccc4)cc3)c21,rl,69.71685,-21.410284
N#CC(C#N)=Cc1cc(N(c2ccccc2)c2ccccc2)ccc1-c1ccc(N(c2ccccc2)c2ccccc2)cc1,rl,54.0122,-27.170424
CCN(CC)c1cc(-c2ccc(-c3ccc4c(c3)c3ccccc3n4-c3ccc([N+](=O)[O-])cc3)s2)ccc1-c1cc(N2c3ccccc3Sc3ccccc32)c(C#N)c2ccccc12,rl,4.666651,-29.195986
C[n+]1ccc(C=Cc2ccc(-c3ccc(-n4c(-c5ccc(-n6c7ccccc7c7ccccc76)cc5)c(C#N)c5ccccc54)cc3)cc2)cc1,rl,5.8077083,-32.301598
c1ccc(Oc2ccc(-n3c4ccccc4c4ccc(N(c5ccccc5)c5ccc(-n6c7ccccc7c7ccccc76)cc5)cc43)cc2)cc1,rl,15.18017,-38.523636
CC(C)(C)OC(=O)Nc1ccc(N(c2ccc(C=Cc3ccc(C=Cc4ccc(N(c5ccccc5)c5ccc(C=C(C#N)C#N)cc5)cc4)cc3)cc2)c2ccc(C=C(C#N)C#N)cc2)cc1,rl,48.144836,-20.648335
CCCCCCC1(CCCCCC)c2cc(-c3ccc(-c4ccc(N(c5ccccc5)c5ccccc5)cc4)s3)ccc2-c2ccc(N(c3ccccc3)c3ccc(C=C(C#N)C#N)cc3)cc21,rl,65.056076,-19.80719
c1ccc(N(c2ccccc2)c2nccc3oc4ccc(-n5c6ccccc6c6ccccc65)cc4c23)cc1,rl,13.930202,-38.625977
C(=Cc1nc2sc(-c3ccc(N(c4ccccc4)c4ccccc4)cc3)cc2n1-c1ccc(-c2ccc(-c3ccc(N(c4ccccc4)c4ccccc4)s3)cc2)cc1)c1ccc(N2c3ccccc3Sc3ccccc32)cc1,rl,33.62586,-27.869667
COc1ccc(C=Cc2nc(-c3ccc4c(c3)SC(=C(C#N)C#N)N4c3ccc(C)cc3)c3ccc4ccccc4c3n2)cc1,rl,-21.12582,-38.211285
c1ccc(N(c2ccccc2)c2ccc(-c3ccc(-n4nncc4-c4ccc(N(c5ccccc5)c5ccccc5)cc4)cc3)cc2)cc1,rl,27.73915,-34.21132
O=c1[nH]c2ccccc2nc1Nc1ccc(Cl)cc1,rl,-40.569134,-7.2669544
c1ccc2c(c1)Oc1ccccc1C21c2ccccc2N(c2ccccc2-c2ccc(-n3c4ccccc4c4ccccc43)cc2)c2ccccc21,rl,4.9308343,-37.959167
N#CC(C#N)=Cc1ccc(N(c2ccc(-c3ccc4sc5ccc(-c6ccc(N(c7ccccc7)c7ccccc7)cc6)cc5c4c3)cc2)c2ccc(-c3ccc(C=C(C#N)C#N)s3)cc2)cc1,rl,67.39019,-30.464901
CCCCc1ccc2c(c1)C(=C(C#N)C#N)c1cc3c(cc1-2)C(=O)N(C)CN3CCCC,rl,18.576042,24.343166
N#CC(C#N)=Cc1ccc(N(c2ccc(-c3ccc(N(c4ccccc4)c4ccccc4)cc3)cc2)c2ccc(N(c3ccccc3)c3ccccc3)cc2)cc1,rl,52.80425,-23.811623
NS(=O)(=O)c1ccc(C=CN=Nc2ccc([N+](=O)[O-])cc2)cc1,rl,5.185571,18.506023
C=C(C=Nc1ccc(C=C(C#N)C#N)cc1)CC=CN(CCCC)CCCC,rl,60.323223,-13.193853
CCCCCCN(c1ccccc1)c1ccc(-c2ccc(C=C(C#N)C#N)s2)cc(=NCCCN2c3ccccc3Sc3ccccc32)c1,rl,69.37778,-16.252811
CCCCN(CC)c1ccc(N=Nc2ccc(N(C)C)c(-c3ccc(N(CC)CC)cc3)c2)cc1C#N,rl,24.969122,0.8811104
N#CC(C#N)=Cc1ccc(N2c3ccccc3Sc3cc(N(c4ccc(-c5ccc(N(c6ccccc6)c6ccccc6)cc5)cc4)c4ccc(N5SC(c6ccc(N(c7ccccc7)c7ccccc7)cc6)=C(c6ccccc6)c6ccccc65)cc4)ccc32)cc1,rl,58.170696,-22.151834
N#CC(C#N)=Cc1ccc(-c2ccc(-c3ccc(N(c4ccc(-c5nc6ccccc6o5)cc4)c4ccc(N(c5ccccc5)c5ccccc5)cc4)cc3)s2)s1,rl,74.44077,-30.822536
Cn1c(C=C(C#N)c2ccsc2)ccc1-c1ccc(-c2ccc(N(c3ccccc3)c3ccccc3)cc2)s1,rl,71.023254,-27.44152
O=[N+]([O-])c1ccc(-c2ccc(-c3ccc(-c4ccc(-c5ccc(N(c6ccccc6)c6ccccc6)cc5)s4)cc3)nc2)cc1,rl,34.277733,-36.321884
CN(C)c1ccc(N=Nc2ccc(N3C(=O)C(CNC(=O)CCCCc4ccccc4)OC(CC(=O)SCC4N=C(N)Nc5nc(N)nc(N)c54)=C3c3ccccc3)cc2)cc1,rl,-37.80555,16.05436
CCN(CC)c1ccc(C2=C(c3ccc(Br)cc3)C(=C3c4ccccc4-c4cccc(OC)c43)c3ccc(Br)cc32)cc1,rl,23.948652,-52.834618
COc1c(C#Cc2ccc(N(C)C)cc2)n(C)c2ccsc12,rl,10.433574,-16.228434
C(=Cc1ccc2c3ccccc3c3ccccc3c2c1)C=C(c1ccccc1)c1ccccc1,rl,-4.4274173,-2.5902345
Fc1ccc2c(c1)sc1cc3c(cc12)sc1cc(N(c2ccccc2)c2ccccc2)ccc13,rl,24.740921,-32.173435
N#CC(C#N)=CC=CCCN1c2ccccc2Oc2cc(-c3ccc(-c4ccc(N(c5ccccc5)c5ccccc5)cc4)s3)ccc21,rl,73.03236,-27.648771
N#CC(C#N)=Cc1ccc(-c2ccc(N(c3ccc(N(c4ccccc4)c4ccccc4)cc3)c3ccc(-c4ccc(C=C(C#N)C#N)s4)s3)cc2)s1,rl,70.57746,-30.231466
N=c1ccc2ccc(Nc3ccc([N+](=O)[O-])cc3)ccc-2c1,rl,5.076647,20.698578
O=C(Nc1ccccc1)Nc1ccc(N(c2ccccc2)c2ccc(-c3ccc4nc5ccccc5nc4c3)cc2)cc1,rl,26.061567,-36.518456
Fc1ccc(Nc2ccc3cc4n(c3c2)CCC4)cc1,rl,-26.004297,-2.4999223
N#CC(C#N)=CC=Cc1ccccc1,rl,48.333923,-8.20843
C=CCN1c2ccccc2Sc2ccccc21,rl,11.465206,32.376152
C(=Cc1ccc(-c2ccc(-c3cccs3)s2)s1)c1ccc(N(c2ccccc2)c2ccccc2)cc1,rl,34.7971,-26.20685
CCCCCCOc1ccc(C=Cc2ccc(OCCCCCC)c(C3=C(Br)Oc4ccccc4N3)c2)cc1,rl,23.521523,12.097768
C=C(C=Cc1ccc(N(c2ccccc2)c2ccccc2)cc1)CCc1cc[nH]c1,rl,32.964672,-18.909357
C(=Cc1nc2ccccc2n1-c1ccc(N(c2ccccc2)c2ccccc2)cc1)c1ccc(N(c2ccccc2)c2ccccc2)cc1,rl,30.138632,-21.793287
CCn1c2ccccc2c2ccc(N(c3ccc(F)cc3)c3ccc(-c4ccc(C=C(c5ccc(-c6ccc(N(c7ccccc7)c7ccccc7)cc6)cc5)c5ccc(-c6ccc(N(c7ccccc7)c7ccc(C=C(C#N)C#N)cc7)cc6)s5)s4)cc3)cc21,rl,69.33701,-24.803566
CCN(c1ccc(C=C(C#N)C#N)cc1)c1ccc(N=Nc2ccc(Sc3ccc(Nc4ccc(C=Cc5ccc6ccc(=N)ccc6c5)cc4)cc3)cc2)cc1,rl,50.26584,-34.896797
c1ccc(-c2c(-c3ccc(N(c4ccccc4)c4ccccc4)cc3)sc(-c3ccc(N(c4ccccc4)c4ccccc4)cc3)c2-c2cccc3ccccc23)cc1,rl,26.968664,-39.307034
N#CC(C#N)=Cc1ccc(N(c2ccc(C=C(C#N)c3ccc([N+](=O)[O-])cc3)cc2)c2ccc(N(c3ccccc3)c3ccccc3)cc2)cc1,rl,44.6245,-20.184633
CCN(CC)c1ccc2ccc(-c3ccc(N(c4ccc(N(c5ccccc5)c5ccccc5)cc4)c4ccc(-n5ccc(=N)c6ccccc65)cc4)cc3)nc2c1,rl,17.10645,-43.40205
N#CC(=Cc1ccc(Nc2ccccc2)cc1Cl)c1nc(-c2ccc(Cl)cc2)cs1,rl,9.443079,-10.85078
CCCCOc1ccc(N(c2ccc(OCCCC)cc2)c2ccc(-c3ccc(C=C(C#N)CNc4ccc(N(c5ccccc5)c5ccccc5)cc4)s3)cc2)cc1,rl,69.088455,-5.672822
N#CC(C#N)=Cc1ccc(-c2ccc(-c3nc4cc(N(c5ccccc5)c5ccc(N(c6ccccc6)c6ccccc6)cc5)ccc4s3)nc2)s1,rl,73.36426,-31.931591
C(=Cc1ccc(N(c2ccccc2)c2ccccc2)cc1)c1ccc(C=Cc2cnccn2)cc1,rl,32.004185,-21.602793
C(=Cc1cc(-c2ccccc2)nc2ccccc12)c1ccc(-c2ccc(-c3ccc(N(c4ccccc4)c4ccccc4)cc3)o2)o1,rl,24.148527,-36.519302
N#CC(C#N)=Cc1ccc(-c2ccc(N(c3ccc(C=C(c4ccccc4)c4ccccc4)cc3)c3ccc(-c4ccc(N(c5ccccc5)c5ccccc5)cc4)cc3)cc2)s1,rl,67.135796,-28.315983
N#CC(C#N)=Cc1ccc(-c2sc(-c3ccc(N(c4ccccc4)c4ccc(N(c5ccccc5)c5ccccc5)cc4)cc3)cc2C#N)s1,rl,71.90611,-29.318302
CCN(CC)c1ccc(N(c2ccc(OC)cc2)c2ccc(-c3nc(-c4ccc(-c5ccc(N(c6ccccc6)c6ccccc6)cc5)s4)c4ccccn34)cc2)cc1,rl,33.794403,-45.094234
N#CC(C#N)=Cc1ccc(N(c2ccccc2)c2ccc(C=C(C#N)C#N)cc2)cc1,rl,50.61625,-22.861044
CCN(CC)c1ccc(C=Cc2ccc(-c3ccc([N+](=O)[O-])cc3)cc2[N+](=O)[O-])cc1,rl,21.72815,-7.0596576
COc1ccc(-n2cc(C=C(C#N)C#N)c3ccccc32)cc1-c1csc(C=Cc2ccc(N(c3ccccc3)c3ccccc3)cc2)n1,rl,48.100952,-28.797564
N#CNc1ccc(C=C(C#N)C#N)cc1,rl,49.61655,-9.578568
CCCCN1c2ccccc2C2(c3ccccc3-c3ccccc32)c2cc(C=Cc3ccc(N(c4ccccc4)c4ccccc4)cc3)ccc21,rl,33.72251,-11.836453
N#Cc1ccc(Cl)c(C(=O)Nc2ccc(-c3nc4ccccc4[nH]3)cc2)c1,rl,8.109182,-2.1632378
N#CC(C#N)=Cc1ccc(-c2ccc(-c3ccc(C#N)cc3)cc2)s1,rl,64.366196,-39.157093
O=c1ccc(-c2ccc(N(c3ccccc3)c3ccccc3)cc2)nn1-c1ccc(-c2ccc(-c3ccc(N(c4ccccc4)c4ccccc4)cc3)s2)cc1,rl,31.247662,-37.98279
CC(=O)Nc1ccc(C=C[n+]2ccc(C=Cc3ccc4ccccc4c3)cc2)cc1,rl,-3.4824872,0.123382844
N#CC(C#N)=Cc1ccc(-c2ccc(-n3cc(-c4ccc(N(c5ccccc5)c5ccccc5)cc4)c4ccc(-c5ccccc5)cc43)cc2-c2cccc3ccccc23)s1,rl,72.40094,-34.07216
CCCCCCCCN1C(=O)c2ccc(C=C(C#N)C#N)cc2C1=O,rl,64.596634,-12.7639675
CCCCCCCC[n+]1ccc(-c2ccc(-c3ccc(OCC)cc3)s2)cc1,rl,32.098034,7.402938
CCCCCCCCc1cc(C=C(C#N)C#N)sc1N=Cc1ccc(C(F)(F)F)cc1,rl,63.48661,-11.645598
N#CC(C#N)=Cc1ccc(-c2ccc(N(c3ccccc3)c3ccc(N(c4ccccc4)c4ccccc4)cc3)cc2)s1,rl,70.739716,-30.479858
COc1ccc(N(c2ccc(C=Cc3nc4ccccc4s3)cc2)c2ccc(N(c3ccccc3)c3ccccc3)cc2)cc1,rl,39.146317,-32.583675
N#CC(C#N)=Cc1ccc(-c2ccc(-c3nnc(-c4ccc(N(c5ccccc5)c5ccccc5)cc4)s3)nc2)s1,rl,72.45109,-31.032747
c1ccc(N(c2ccccc2)c2ccc(-c3ccc4ccc(N(c5ccccc5)c5ccccc5)cc4c3)cc2)cc1,rl,25.770687,-35.27912
CCN1CCN(c2nc(NC3CCCCC3)c3cc(C=Cc4ccccn4)ccc3n2)CC1,rl,-2.6408522,5.5853415
CCCCCCc1ccc(N(c2ccc(OC)cc2)c2ccc(-c3ccc4c(-c5ccc(N(C)C)cc5)c(C=C(C#N)C#N)sc4[o+]3)cc2)cc1,rl,63.753204,-7.204862
CCCCCCCCOc1ccc(N(CCCCCCCC)c2ccc(C=Cc3ccc(N(c4ccc(OCCCCCCCC)cc4)c4ccc(-c5ccc([N+](=O)[O-])s5)cc4)cc3)cc2)cc1,rl,38.61574,6.16697
CCN(CC)c1ccc(C2=CC(=Cc3ccc4c(c3)oc(=N)n4CC)C(=O)N2)cc1,rl,18.165554,-55.630623
CCN(c1ccc(C=C(c2ccccc2)c2ccc(C=C(C#N)C#N)cc2)cc1)c1ccc2c(c1)-c1ccccc1Nc1cc(-c3ccc(C=C(C#N)C#N)s3)ccc1-2,rl,67.54422,-25.56331
c1ccc(N(c2ccccc2)c2ccc(-c3[nH]c(-c4ccco4)c4ccccc34)cc2)cc1,rl,24.285233,-35.671967
N#CC(C#N)=Cc1ccc(N(c2ccc(-c3ccccc3)cc2)c2ccc(N(c3ccccc3)c3ccccc3)cc2)cc1,rl,52.84867,-24.018702
N#CC(C#N)=Cc1ccc(N(c2ccc(-c3cccc(=O)c4ccccc34)cc2)c2ccc(N(c3ccccc3)c3ccccc3)cc2)cc1,rl,54.677326,-24.69582
O=Cc1cc(Br)ccc1OCC=C(Br)Br,rl,-39.786392,2.174346
CCn1c2ccccc2c2ccc(N(c3ccc(Cl)cc3)c3ccc(C=C(C#N)c4ccc(N(c5ccccc5)c5ccccc5)cc4)cc3)cc21,rl,44.774464,-22.304598
C(=C(c1ccc(N(c2ccccc2)c2ccccc2)cc1)c1cnc2ccccc2n1)c1ccc(N(c2ccccc2)c2ccccc2)cc1,rl,36.62893,-21.13376
CCN(CC)c1ccc(C=Cc2cc(C=Cc3ccc(OC)c(OC)c3)nc(-c3cccc(N(c4ccccc4)c4ccccc4)c3)n2)cc1,rl,32.471363,-25.959408
C(#Cc1ccc(N=Nc2ccc(N(c3ccccc3)c3ccccc3)cc2)cc1)c1ccccc1,rl,20.81128,-30.876871
N#CC(C#N)=Cc1ccc(-c2ccc(N(c3ccc(-c4ccc(N(c5ccccc5)c5ccc(N(c6ccccc6)c6ccccc6)cc5)cc4)cc3)c3ccc4sc5ccccc5c4c3)cc2)s1,rl,71.07961,-31.56717
CCCCN(c1ccc(C=C(C#N)C#N)cc1)c1ccc(-c2cc3sc(-c4ccc(-c5ccc(C=C(C#N)C#N)cc5)s4)cc3s2)cc1,rl,64.19651,-15.916324
CCCCCCn1c(-c2ccc(N(c3ccc(-c4ccncc4)cc3)c3ccc(-c4ccc(C=C(C#N)C#N)s4)cc3)cc2)nc2ccccc21,rl,69.07212,-19.378256
NC(=NCCCNc1ccc2c(c1)CC(C1=NC(c3ccc(F)cc3)=Nc3ccccc3N1)=N2)N=C(c1ccccc1)c1ccccc1,rl,-22.75565,-3.4265773
CCCCCCCCN1c2ccccc2SCCCCCCCCCCc2c(-c3ccc(N(c4ccccc4)c4ccccc4)cc3)c3cc(N4CCN(C)CC4)ccc3n2-c2ccccc21,rl,35.31638,-0.60833234
COc1ccc(C=CC(=Cc2ccc(-c3cc4ccccc4oc3=O)cc2)c2cccc(NC(=O)c3ccc(N(C)CCO)cc3)c2)cc1,rl,-63.37103,-27.360867
CN(C)C1=CC(=Cc2cccs2)C(NC(=S)Nc2ccc(-c3ccc(-c4ccc(C=C(C#N)C#N)s4)cc3)cc2)C=C1,rl,63.48918,-38.08444
N#CC(C#N)=Cc1ccc(-c2nc(-c3ccc(N(c4ccccc4)c4ccccc4)cc3)c(C#N)c3c2cc(-c2ccc(N(c4ccccc4)c4ccccc4)cc2)c2nsnc23)cc1,rl,54.57254,-25.824617
CCCCCCN(c1ccccc1)c1ccc(C(=Cc2ccc3c(c2)c2cc(N(c4ccccc4)c4ccc(C=C(C#N)C#N)cc4)ccc2n3CCCCCC)c2ccc(N(c3ccccc3)c3ccccc3)cc2)cc1,rl,56.839573,-11.8249
N#CC(C#N)=Cc1ccc(-c2ccc3ccc4nc5ccccc5n4c3c2)cc1,rl,46.635612,-10.682681
N#CC(C#N)=Cc1ccc(-c2ccc(-c3ccc(-c4ccc(-c5ccc(-c6cc(C#N)c(-c7ccc(-c8ccc(N(c9ccccc9)c9ccccc9)cc8)o7)s6)o5)cc4)s3)s2)s1,rl,73.443985,-29.44247
CC(C)CNc1ccc2c(C=C(C#N)C#N)cccc2c1,rl,45.91038,-9.053958
Nc1ccc(N(c2ccccc2)c2ccc(N(c3ccc(N(c4ccccc4)c4ccccc4)cc3)c3ccc(N(c4ccccc4)c4ccccc4)cc3)cc2)cc1,rl,26.303984,-32.65063
N#CC(C#N)=Cc1ccc(-c2ccc(N(c3ccc(-c4cccc(N(c5ccccc5)c5ccccc5)c4)cc3)c3ccc(N(c4ccccc4)c4ccccc4)cc3)cc2)cc1,rl,52.850025,-24.638702
CCN(CC)c1ccc(C=CC=CC=C(C#N)C#N)cc1,rl,49.70952,-36.697018
N#CC(C#N)=Cc1ccc(N(c2ccccc2)c2ccc(N(c3ccccc3)c3ccc(-c4nc(-c5cccc6ccccc56)cs4)cc3)cc2)cc1,rl,55.102715,-25.371227
N#CC(C#N)=Cc1ccc(-c2nn(-c3ccc(N(c4ccccc4)c4ccccc4)cc3)nc2-c2ccc(N(c3ccccc3)c3ccccc3)cc2)s1,rl,72.40942,-31.023384
CCCCN(c1ccccc1)c1ccc2c(c1)C1C(=CC2=C(C#N)C#N)N(CC)c2ccccc21,rl,37.23723,-8.284058
N#CC(C#N)=Cc1nc(C(C#N)=Cc2ccc3ccccc3c2)sc1-c1cccs1,rl,46.084,-6.9549127
CCN(CC)c1ccc(C=CC(=O)c2ccc(C(=O)N3CCCc4cc(N)ccc43)cc2Cl)cc1,rl,28.206532,-14.998082
COc1ccc(-c2cn(-c3ccccc3)nc2-c2ccc(N=C3C=CC(=NOC(=O)c4ccc(C=C(C#N)C#N)cc4)C=C3)cc2)c(OC)c1,rl,12.743393,-34.5123
N#CC(C#N)=Cc1ccc(N(c2ccc(-c3ccc(C=C(C#N)C#N)s3)cc2)c2ccc(N(c3ccccc3)c3ccccc3)cc2)cc1,rl,66.8766,-29.645212
CCCCN(CCCC)c1ccc(C=C(C#N)C#N)cc1,rl,60.1599,-13.346926
CCCCCCOc1ccc2cc(-c3ccc(C=C(C#N)C#N)s3)c3ccccc3c2c1,rl,67.90784,-9.741702
CCCCCCOc1ccc(N(c2ccc(C=C(C#N)C#N)cc2)c2ccc(-c3ccc(-c4ccc(C=C(C#N)c5cc6ccc(N(CC)CC)cc6s5)s4)s3)cc2)cc1,rl,67.22764,-4.744201
CSc1ccc(-c2sc(-c3ccc(-c4cccs4)s3)nc2-c2ccc(N(c3ccccc3)c3ccccc3)s2)cc1,rl,30.212671,-37.457493
N#CC(C#N)=Cc1ccc(N(c2ccc(-c3ccc(-c4ccc(C=C(C#N)C#N)s4)s3)cc2)c2ccc3ccccc3c2)cc1,rl,68.431526,-32.762276
CCCCOc1ccc(N=Nc2ccc(N(c3ccc(-c4cc(-c5ccc(S(=O)(=O)c6ccc(N(CC)CCCC)cc6)cc5)c5ccc(=N)cc-5s4)cc3)c3ccc(N(CC)CC)cc3)cc2)cc1Cl,rl,33.92319,4.382071
CC1(C)c2cc(-c3ccc(N(c4ccccc4)c4ccc(C=C(C#N)C#N)cc4)cc3)ccc2N(c2ccccc2)c2ccc(N(c3ccccc3)c3ccccc3)cc21,rl,55.69443,-23.042894
N#CC(C#N)=Cc1ccc2c(c1)N(c1ccc(N(c3ccccc3)c3ccccc3)cc1)c1cc(N(c3ccccc3)c3ccccc3)ccc1N2,rl,55.52744,-21.896797
N#CC(C#N)=Cc1ccc(-c2ccc(C(C#N)=Cc3ccccc3-c3ccc(C=C(C#N)C#N)s3)s2)cc1,rl,65.49796,-38.163918
N#CC(C#N)=Cc1ccc(C(=Cc2ccc(-c3ccc(C=C(C#N)C#N)c(-c4ccccc4)c3)cc2)c2ccc(-c3ccc(N(c4ccccc4)c4ccccc4)cc3)s2)s1,rl,67.63052,-31.0713
C=Cc1csc2c(C)cccc12,rl,-6.519755,-20.798008
N#CC1=CN(c2ccc(-c3ccc(-c4ccc(N(c5ccccc5)c5ccccc5)cc4)s3)cc2)C(=O)C1=Cc1ccc(-c2ccc(N(c3ccccc3)c3ccc(C(c4ccccc4)c4ccccc4)cc3)cc2)s1,rl,73.07159,-24.95267
N#CC(C#N)=Cc1ccc(N(c2ccccc2)c2ccc(C=C(C#N)c3ccc(N4c5ccccc5Sc5ccccc54)cc3)cc2)cc1,rl,57.14034,-21.876799
O=C(C=Cc1ccc(N(c2ccccc2)c2ccccc2)cc1)c1ccc(NC(=O)c2ccccc2Cl)cc1,rl,-61.4204,-30.116982
N#Cc1ccc([N+](=O)[O-])cc1-c1ccc(N(c2ccc(N=Nc3ccc(I)cc3)cc2)c2ccc([N+](=O)[O-])cc2)cc1,rl,8.102366,19.807764
CCCCc1nc(-c2ccc(N(c3ccc(C=C(C#N)C#N)cc3)c3ccc(C=C(C#N)C#N)cc3)cc2)sc1-c1ccc(-c2ccc(N(c3ccccc3)c3ccccc3)cc2)s1,rl,64.07174,-18.872469
CCCCCCCCCCn1c2ccccc2c2cc(-c3ccc(-c4ccc(-c5ccc6c(c5)N(CCCCCC)c5ccc(C=C(c7ccccc7)c7ccccc7)cc5S6)cc4)s3)ccc21,rl,29.147703,23.802317
CN(C)c1ccc(-c2cccc3ncnc(N)c23)cc1,rl,10.048559,-22.711813
CCCC(CC)c1ccc2ccccc2n1,rl,-8.132817,-27.925863
C(=Cc1ccc(N(c2ccccc2)c2ccccc2)cc1)c1ccc(N(c2ccccc2)c2ccccc2)cc1,rl,32.575962,-20.096851
NCCCN1CCCCC1,rl,-24.887175,37.972584
CCCCCCN(c1ccc(C=C(C#N)C#N)s1)c1ccc(-c2ccc(-c3ccc(-c4ccc(CCCCC)s4)s3)s2)s1,rl,66.16757,-11.953488
CCCCN(CCCC)c1ccc(C=Cc2cc(-c3ccc(N(c4ccccc4)c4ccccc4)cc3)cc(-c3ccc(C=C(C#N)C#N)s3)c2)cc1,rl,66.27063,-21.245554
CCCCn1c(-c2ccc(C=C(C#N)C#N)cc2)ccc1-c1ccc(N(c2ccccc2)c2ccc(C=C(C#N)c3ccc(N(c4ccccc4)c4ccccc4)cc3)cc2)cc1,rl,58.897552,-16.332905
N#CC(C#N)=Cc1ccc(N(c2ccccc2)c2ccccc2)c(N(c2ccccc2)c2ccc(N(c3ccccc3)c3ccccc3)cc2)c1,rl,50.642998,-23.189402
N#CC(C#N)=Cc1cc(C=C(C#N)C#N)c(-c2ccc(-c3ccc(N(c4ccccc4)c4ccccc4)cc3)s2)s1,rl,72.16132,-28.743902
CCCCCCCCCCCCOC(=O)C=Cc1ccc(-c2ccc(N(c3ccc(OCCCCCCCCCCCC)cc3)c3ccc(-c4ccc(C=C(C#N)C#N)s4)cc3)cc2)c(OC)c1,rl,67.79483,-3.9591346
CC=C(C=C(C)C=Cc1ccc(N(CC)CC)cc1)c1ccc(N(c2ccccc2)c2ccccc2)cc1,rl,31.141867,-16.777315
N#CC(C#N)=Cc1ccc(N(c2ccc(C=Cc3ccc(N(c4ccccc4)c4ccccc4)cc3)cc2)c2ccc(C=C(c3ccccc3)c3ccccc3)cc2)cc1,rl,48.96188,-22.351248
Fc1cc(N=Cc2ccc(N(c3ccccc3)c3ccccc3)cc2)ccc1-c1cccc(N=Cc2cc3ccccc3s2)c1,rl,29.287712,-27.975266
CCCC[n+]1ccn(CCC=Cc2ccc(N(CC)CC)cc2)c1,rl,27.078678,-12.598733
CCCCN1C(=CC=Cc2ccc(N(c3ccccc3)c3ccccc3)cc2)C=Cc2ccccc21,rl,33.135014,-12.449445
N#CC(C#N)=Cc1ccc(N(c2ccc(C=Cc3ccc(N(c4ccc(C=Cc5cccc6cc(N(c7ccccc7)c7ccccc7)ccc56)cc4)c4ccc(N(c5ccccc5)c5ccccc5)s4)cc3)cc2)c2ccc(C=C(c3ccccc3)c3ccccc3)cc2)cc1,rl,49.024456,-24.424845
N#Cc1cccc(Nc2ccc3c(=O)oc(=O)[nH]c3c2)c1,rl,1.8988605,-5.531988
C(=C(c1ccc(N(c2ccccc2)c2ccccc2)cc1)c1ccc(-c2ccc(N(c3ccccc3)c3ccccc3)cc2)s1)c1ccc(N(c2ccccc2)c2ccccc2)cc1,rl,37.659943,-29.156923
N#CC(C#N)=Cc1ccc(-c2ccc(N(c3ccc(C=Cc4ccc(N(c5ccccc5)c5ccccc5)cc4)cc3)c3ccc(N(c4ccccc4)c4ccccc4)cc3)cc2)s1,rl,65.811386,-31.066477
COc1ccc(-c2ccc(-c3ccc(N(c4ccccc4)c4ccccc4)cc3)s2)cc1,rl,34.137375,-44.03151
N#CC(C#N)=CC=Cc1ccc(N(c2ccccc2)c2ccccc2)cc1,rl,49.135105,-21.672081
Nc1ccc(N(c2ccccc2)c2ccc(-c3ccc(N(c4ccccc4)c4ccc(N(c5ccccc5)c5ccccc5)cc4)cc3)cc2)cc1,rl,26.133152,-34.027443
CCCCCCOc1ccc(-c2cn3cccnc3n2)cc1,rl,27.202717,12.564411
CN(C)c1ccc(N(c2ccc(-c3ccn(-c4ccc(N(C)C)cn4)n3)cc2)c2ccc(N(c3ccccc3)c3ccccc3)cc2)cc1,rl,28.125278,-35.078297
CCN(CC)c1ccc(N=Nc2ccc(-c3ccc(N(c4ccccc4)c4ccccc4)cc3)c3nsnc23)cc1C=C(C#N)C#N,rl,54.887566,-27.000044
c1ccc(N(c2ccccc2)c2ccc(-c3ccc(-c4ccc(-c5ccc(N(c6ccccc6)c6ccccc6)cc5)s4)s3)cc2)cc1,rl,30.596918,-38.780964
COc1ccc(-c2ccc(C=C(c3ccccc3)c3ccccc3)s2)cc1,rl,-18.205797,-42.628536
CCCCC(CC)CN(c1ccc(-c2ccc(N=NC3=CC=C(CCCN)N(c4ccc(C=NN(c5ccccc5)c5ccccc5)cc4)C=C3)cc2)cc1)c1ccc(C=CC(=O)O)cc1OC,rl,-7.622772,47.337093
O=C(NN=Cc1cc(Br)cc(Br)c1OCc1ccc(Br)cc1)c1ccc(NC(=O)C2CCCCC2)cc1,rl,-54.01076,13.64912
CCN(CC)c1ccc(N=Nc2ccccc2)cc1,rl,18.571404,-50.69743
CCCCN(c1ccc(C=C(C#N)C#N)cc1)c1ccc(-c2cc3cc(C(C)(C)C)ccc3s2)cc1,rl,63.49764,-15.185525
C=C(c1ccc(-c2ccc(N(c3ccccc3)c3ccc(N(c4ccccc4)c4ccccc4)cc3)cc2)cc1)c1ccccc1C=C(C#N)C#N,rl,53.149883,-26.892282
N#CC(C#N)=Cc1ccc(-c2ccc3cc(N(c4ccccc4)c4ccccc4)ccc3c2)s1,rl,72.199265,-32.257027
CN(c1ccc(-c2ccc(-c3ccc(N(c4ccc(-c5cccs5)cc4)c4ccc(N(c5ccccc5)c5ccccc5)cc4)cc3)s2)cc1)c1cccc([N+](=O)[O-])c1,rl,34.262417,-36.456795
CCN(CC)c1ccc(N=Cc2ccc(N=c3ccc4c(-c5ccccc5)ccc(C=C(C#N)C#N)c4o3)cc2)cc1,rl,51.06954,-37.539257
N#CC(C#N)=Cc1ccc(-c2ccc3c(c2)c2cc(C#N)ccc2n3-c2ccc(N(c3ccccc3)c3ccccc3)cc2)cc1,rl,46.620514,-16.880596
Cn1nc(NC(=O)c2ccc(Cl)c(Cl)c2)cc1C(=Cc1ccc(N(c2ccccc2)c2ccccc2)cc1)C(F)(F)F,rl,37.780926,-20.865345
CCCC=Cc1ccc(N(c2ccccc2)c2ccc3c(c2)C(CCCC)(CCCC)c2ccccc2C3(C#N)C#N)cc1,rl,33.586864,-11.104877
S=C=Nc1nn(-c2ccccc2)c2ccccc12,rl,-0.1644984,-29.90143
N#CC(C#N)=Cc1ccc(Oc2ccc(N(c3ccc(-c4ccc(C=C(C#N)c5ccc(N(c6ccccc6)c6ccccc6)cc5)s4)cc3)c3ccc(-c4ccc(-c5ccc(N(c6ccccc6)c6ccccc6)cc5)s4)cc3)cc2)cc1,rl,67.09467,-27.476416
N#CC(=Cc1ccc(-c2ccc3ccccc3c2)o1)c1ccc(-c2ccc(-c3ccc(-c4ccc(N(c5ccccc5)c5ccccc5)cc4)s3)s2)s1,rl,74.755264,-28.467045
CCCCN(CCCC)c1cc(N)ccc1-c1nc(C#N)c(C#N)c(-c2ccc(N(c3ccccc3)c3ccccc3)cc2)n1,rl,22.247252,-34.57428
N#CC(C#N)=Cc1ccc(-c2ccc(-c3ccc(-n4c5ccccc5c5sc(-c6ccc(-c7ccc(-c8ccc(N(c9ccccc9)c9ccccc9)cc8)s7)cc6)cc54)cc3)s2)s1,rl,72.55191,-36.453335
CCCCCCCCCCCCN1C(=C(C#N)C#N)C(CCCCCCCC)(CCCCCCCCCCCC)c2cc(N(C#N)c3ccc(C=C(c4ccc(N(c5ccccc5)c5ccccc5)cc4)c4ccc(N(c5ccccc5)c5ccccc5)cc4)cc3)ccc21,rl,55.02009,-14.038955
CN(C)c1cccc(C=C(C#N)c2ccccc2[N+](=O)[O-])c1,rl,8.257759,17.256989
COc1ccc2nc(C#N)cc(C=Cc3ccc(N(C)CCO)cc3)c2c1,rl,23.174446,-16.994738
[C-]#[N+]c1c(-c2ccccc2)c(-c2ccccc2)n(CCCCCCCCCC)c1-c1ccc(-c2ccc(-c3ccc(N(c4ccccc4)c4ccccc4)cc3)s2)cc1,rl,32.013355,-2.793412
N#CC(C#N)=Cc1ccc(-c2ccc(-c3c(C#N)c4ccccc4n3-c3ccc4c(-n5c6ccccc6c6ccccc65)cc5ccccc5c4c3)cc2)o1,rl,45.133064,-12.144204
N#CC(C#N)=Cc1ccc2nc(-c3ccc(C=C(C#N)C#N)s3)c(-c3ccc([N+](=O)[O-])cc3)nc2c1,rl,65.26773,-43.97143
CCCCOc1ccc(N(c2ccc(F)cc2)c2ccc(-c3nc(N=C(C#N)C#N)c(C(CC)(CC)c4cc(Cl)c(OCCCC)c(Cl)c4)s3)s2)cc1,rl,34.380188,7.3083057
COC(=O)c1cnc(C=Cc2ccccc2)nc1,rl,-5.5926743,0.6110221
N#CC(=Cc1ccc(N(c2ccccc2)c2ccc(-c3ccc(N(c4ccccc4)c4ccccc4)cc3)cc2)cc1)c1ccc(N(c2ccccc2)c2ccccc2)cc1,rl,46.119926,-25.003483
N#Cc1sc(-c2ccc(N(c3ccccc3)c3ccccc3)cc2)nc1-c1ccc(N(c2ccccc2)c2ccccc2)cc1,rl,23.584301,-33.834126
CCN(CC)c1ccc(C=CC(=Cc2ccc(N(c3ccccc3)c3ccccc3)cc2)Cc2ccccc2)cc1,rl,31.133583,-16.844511
C(=Cc1nc(-c2ccccc2)nc(-c2ccc(N(c3ccccc3)c3ccccc3)cc2)c1-c1ccc(-c2cccc(-c3ccccc3)n2)cc1)c1ccccc1,rl,32.246468,-24.251099
CCCCN1c2ccccc2Sc2cc(C=C(C#N)C#N)ccc21,rl,56.057716,-8.278829
CCCCN1C(=C(F)C(C#N)=C(C#N)C#N)c2cc3cc(C=C(C#N)c4ccc(N(c5ccccc5)c5ccccc5)cc4)oc3cc21,rl,54.50132,-13.827379
CCN(CC)c1cc(N(c2ccccc2)c2ccccc2)ccc1N=Nc1ccc(C=NN=Cc2ccc(N(c3ccccc3)c3ccc(C=C(C#N)c4ccc(C=C(C#N)C#N)cc4)cc3)cc2)cc1,rl,48.53675,-26.402088
N#Cc1ccc(Nc2cc(N)cc([N+](=O)[O-])c2)cc1,rl,7.084741,20.11155
N#CC(C#N)=Cc1cc2c(-c3ccc(N(c4ccccc4)c4ccccc4)cc3)cc(-c3ccc(N(c4ccccc4)c4ccccc4)cc3)cc2s1,rl,54.510464,-27.58726
COc1ccc(-c2ccc(-c3ccc(C=Cc4ccc(N(c5ccccc5)c5ccccc5)cc4)cc3)cc2)cc1,rl,40.377563,-32.521275
CCCCCCOc1ccc(N(c2ccc(-c3ccc(C=C(C#N)C#N)s3)cc2)c2ccc(-c3ccc(-c4ccc(N(c5ccccc5)c5ccccc5)cc4)s3)cc2)cc1,rl,68.56069,-5.5602574
N#CC(C#N)=Cc1ccc(-c2ccc(-c3ccc(N(c4ccccc4)c4ccc(C=Cc5ccc(C#N)cc5)cc4)cc3)s2)s1,rl,65.46273,-31.345715
N#CC(=Cc1ccc(-c2ccc(N(c3ccccc3)c3ccccc3)cc2)cc1)c1ccc(C#N)cc1,rl,46.38038,-25.33986
CCCCCCCCN(CCCCCC)c1ccc(S(=O)(=S)c2ccc3c(c2)C(C)(C)C=[N+]3CC)cc1,rl,20.779799,5.5504947
CN(C)c1ccc2ccc(=N)ccc2c1,rl,11.892974,-20.087671
CC(C)(C)OC(=O)NN(Cc1ccccc1)C(=O)CNC(=O)c1ccc(CON=C2C=CC3(C=CC=N3)N(c3ccccc3)C2=O)cc1,rl,-34.103916,18.028175
N#CC(C#N)=Cc1ccc(N(c2ccc(-c3ccc(N(c4ccccc4)c4ccccc4)cc3)cc2)c2ccc(-c3ccc(C=Nc4ccc(N(c5ccccc5)c5ccccc5)cc4)s3)cc2)cc1,rl,65.96104,-29.441856
N#CC(=Cc1ccc(N(c2ccc(C=Cc3ccc(C=C(c4ccccc4)c4ccccc4)cc3)cc2)c2ccc(N(c3ccccc3)c3ccccc3)cc2)cc1)c1ccc(N(c2ccccc2)c2ccccc2)cc1,rl,46.26802,-23.685051
Clc1ccc2nc(C=Cc3ccc(N(c4ccccc4)c4ccccc4)cc3)sc2c1,rl,31.618618,-22.85381
CC[n+]1ccc(-c2cc[n+](CC)cc2)cc1,rl,-14.853109,20.839811
c1ccc(N(c2ccccc2)c2ccc(-c3ccc(-c4ccc(-c5ccc(N(c6ccccc6)c6ccc(N(c7ccccc7)c7ccccc7)cc6)cc5)s4)s3)cc2)cc1,rl,30.59689,-38.781116
N#CC(C#N)=Cc1ccc(N(c2ccc(N3c4ccccc4Sc4ccccc43)cc2)c2ccc(N3c4ccccc4Sc4ccccc43)cc2)cc1,rl,57.4109,-21.883242
CC1(C)c2ccccc2N(c2ccc(-c3nc(-c4ccccc4)ccc3-c3sc(-c4ccccc4)[o+]c3C=C(C#N)C#N)cc2)c2ccccc21,rl,8.688318,2.8330836
CCN(CC)c1ccc(N=Nc2ccc(-c3ccc4oc(=O)ccc4c3)c(OC)c2)cc1,rl,15.410605,-59.98712
O=c1cc(-c2ccc3ccc4ccccc4c3c2)oc2ccccc12,rl,-25.492361,-29.554937
N#CC(C#N)=Cc1ccc(N(c2ccc(-c3ccc(C=C(C#N)C#N)o3)cc2)c2ccc(-c3cc4ccccc4oc3=O)cc2)cc1,rl,52.37536,-29.311998
CCCCCCN(CC(=O)Nc1ccc(N=Nc2ccc(N(c3ccccc3)c3ccccc3)cc2)cc1)c1ccc(C=C(C#N)C#N)cc1,rl,57.663124,-15.516083
C(#Cc1ccc2ccccc2c1)c1ccc(N(c2ccccc2)c2ccccc2)cc1,rl,20.108328,-30.793354
CCCCN(C)c1ccc(-c2ccc(N(c3ccccc3)c3ccc(-c4ccc(C=C(C#N)C#N)s4)cc3)cc2)cc1,rl,67.75258,-19.479866
CCCCCCN(c1ccc(N=Nc2ccc(N(c3ccccc3)c3ccccc3)c(C#N)c2)cc1)c1ccc(Oc2ccc(C=C(C#N)C#N)cc2)cc1,rl,57.70863,-16.366484
COc1ccc2oc(=N)c(-c3ccc(-c4ccc(C=C(C#N)C#N)cc4)o3)cc2c1,rl,49.01505,-11.781181
c1ccc(N(c2ccccc2)c2cccc(-c3ccc(-c4ccc5c(-c6ccc(N(c7ccccc7)c7ccccc7)s6)c(N(c6ccccc6)c6ccccc6)ccc5c4)s3)c2)cc1,rl,28.803942,-39.270706
c1ccc(N(c2ccccc2)c2ccc(-c3ccc(-n4c5ccccc5c5ccccc54)cc3)cc2)cc1,rl,15.78459,-38.722694
CCN(CC)c1ccc(N=Cc2ccc([N+](=O)[O-])c(N)c2)cc1,rl,21.806707,-7.0356474
N#CC(=Cc1ccc(N(c2ccccc2)c2ccccc2)cc1)C(=O)c1ccc(N(c2ccccc2)c2ccccc2)cc1,rl,52.865757,11.451436
N#CC(C#N)=CC(C#N)=Cc1ccc2cc(N(c3ccccc3)c3cccc4ccccc34)ccc2c1,rl,49.118137,-24.76785
N#CC(C#N)=Cc1ccc(N(c2ccccc2)c2sc(-c3ccc(N(c4ccccc4)c4ccccc4)cc3)c3c2CCC3)cc1,rl,53.19985,-22.881742
N#CC(C#N)=Cc1ccc(-n2c3ccc(C#N)cc3c3cc(C=C(C#N)C#N)ccc32)cc1,rl,44.95071,-13.449537
CCCCCCN(c1ccc(-c2ccc(C=Cc3ccc(N(c4ccccc4)c4ccc(F)cc4)cc3)s2)cc1)c1ccc(C=C(C#N)C#N)s1,rl,66.72278,-20.970898
Nc1ccc(C(C=Cc2ccc(N(c3ccccc3)c3ccccc3)cc2)=Cc2ccc(N(c3ccccc3)c3ccccc3)cc2)cc1,rl,34.78926,-19.928055
CCCCc1sc(-c2cccc(N(CCCC)c3ccc(-c4ccc(C=C(C#N)C#N)s4)cc3)c2)cc1C=C(C#N)C#N,rl,67.606285,-18.47557
N#CC(C#N)=Cc1ccc(C(C#N)=Cc2ccc(-c3ccc4cc(-c5ccc(N(c6ccccc6)c6ccccc6)cc5)nc(-c5ccc(N(c6ccccc6)c6ccccc6)cc5)c4n3)s2)s1,rl,73.47373,-32.208324
COc1cc(N)c(C=CC(=O)c2ccc(NC(=O)c3cccc(N4CCCC4=O)c3)cc2)cc1Cl,rl,-64.70339,-23.414118
N#CC(C#N)=Cc1ccc(-c2ccc(N(c3ccccc3)c3ccccc3)cc2)s1,rl,70.73974,-30.480171
N#CC(C#N)=Cc1ccc(-c2cc(-c3ccccc3)nc(N(c3ccccc3)c3ccccc3)n2)cc1,rl,52.241386,-25.535496
CN(c1ccc(-c2ccc(C=C(C#N)C#N)o2)cc1)c1ccc(S(=O)(=O)c2cccc(C(=O)O)c2)cc1,rl,50.421024,-12.827323
CCN(CC)c1ccc(N=Cc2ccc(N=Cc3cc(N(CC)CC)ccc3N=Nc3ccc(N(CC)CC)cc3)cc2)cc1,rl,19.69218,-51.58929
CCCCCCN(c1ccc(-c2ccc(C=C(C#N)C#N)s2)cc1)c1ccc(N(c2ccc(C=C(C#N)C#N)cc2)c2ccc(N(c3ccccc3)c3ccccc3)cc2)cc1,rl,66.602974,-20.120281
N#CC(C#N)=Cc1ccc(N(c2ccccc2)c2ccc(-c3ccc(-c4ccc(N(c5ccccc5)c5ccccc5)cc4)c4ccccc34)cc2)cc1,rl,54.359955,-24.622307
N#CC(C#N)=Cc1ccc(N(c2ccccc2)c2ccc(C=C3C=C(c4ccccc4)OC3=O)cc2)cc1,rl,51.63929,-23.745083
c1ccc(N(c2ccccc2)c2ccc(-c3ccc4c(c3)c3ccccc3n4-c3ccc4nc(-n5c6ccccc6c6ccccc65)nc(-c5ccc(-c6ccc(N(c7ccccc7)c7ccccc7)cc6)s5)c4c3)cc2)cc1,rl,15.6293125,-39.746925
C(=Cc1cccc(-n2c3ccc(N(c4ccccc4)c4ccccc4)cc3c3cc4ccccc4cc32)c1)c1ccc(N(c2ccccc2)c2ccccc2)cc1,rl,29.702627,-21.725758
CCCCCCN(CCCCCC)c1ccc(C(=O)NC2=Cc3cc(C(N)=O)cc(F)c3OC2c2ccc(N(c3ccccc3)c3ccccc3)cc2)cc1,rl,31.403273,-7.1006837
N#CC(C#N)=Cc1ccc(N(c2ccccc2)c2ccc(-c3ccc(-c4ccc(C=C(C#N)C#N)s4)cc3)cc2)cc1,rl,66.81184,-29.645079
N#CC(=Cc1ccc(N(c2ccccc2)c2ccccc2)cc1)COc1ccc(N)cc1,rl,47.601925,-21.778011
CCCCOc1ccc(N(c2ccc(C=C(C#N)C#N)cc2)c2ccc(-c3ccc(C=C(C#N)C#N)s3)cc2)cc1,rl,67.537415,-4.832109
CCN(CC)c1cc(N(C)C)ccc1-c1ccc(C=C(C#N)C#N)s1,rl,61.323586,-37.06466
CN(C)c1cccc(C(=O)Nc2cccc(C(=O)Nc3ccccc3)c2)c1,rl,-58.15003,-25.764387
CCCCCCNc1ccc(-c2nc(-c3ccc(N(c4ccccc4)c4ccccc4)cc3)c(-c3ccc(N(c4ccccc4)c4ccccc4)cc3)s2)cc1,rl,31.103672,-2.5303054
C(=Cc1ccc(N(c2ccccc2)c2ccccc2)cc1)C=C(c1ccccc1)c1ccc(N(c2ccccc2)c2ccccc2)cc1,rl,34.478363,-19.852844
CN(C)c1ccc(N(C)C)cc1,rl,11.899804,-20.160513
CCCCCCCCSC1=C(c2ccc(N(c3ccccc3)c3ccc(C=C(C#N)C#N)cc3)cc2)C(=Cc2cccs2)SS1,rl,60.149834,-17.467396
N#Cc1nonc1-c1ccc(N(c2ccccc2)c2ccccc2)cc1,rl,23.186527,-33.6741
N#CC(C#N)=Cc1ccc(N(c2ccc(-c3cccc(N4c5ccccc5Sc5ccccc54)c3)cc2)c2ccc(N(c3ccccc3)c3ccccc3)cc2)cc1,rl,58.14269,-22.151548
CCCCCCN(CCNC(=O)c1ccncc1)C(=O)c1ccc(N(CCCN2CCOCC2)c2ccc(C=C(C#N)C#N)cc2)cc1,rl,58.961197,-13.387373
CCCCCCCc1ccc(-c2ccc(-c3ccc(N(c4ccccc4)c4ccc(COc5cccc(-c6ccc(-c7ccc(C=C(C#N)C#N)s7)s6)c5)cc4)cc3)s2)cc1,rl,67.984116,-17.940222
CCCCN1c2ccccc2Sc2ccc(-c3ccc(-c4ccc(N(c5ccccc5)c5ccc(C=C(C#N)C#N)cc5)cc4)s3)cc21,rl,69.67605,-16.266964
N#CC(C#N)=Cc1sc(-c2ccc(N(c3ccccc3)c3ccc(N(c4ccccc4)c4ccccc4)cc3)cc2)c2ccccc12,rl,54.53405,-27.686573
Nc1ncnc2ccc(Nc3nc(Nc4ccc(Nc5ccc(Nc6ccccc6)cc5)cc4)ccc3Nc3ccccc3)cc12,rl,-9.738065,-20.73807
CSc1ccc(-c2ccc(-c3ccc(C=C(C#N)C#N)s3)s2)cn1,rl,64.04444,-39.53967
CCOC(=O)c1c(Nc2ccc(OC)cc2)ccc2ccc(-c3ccc(C=C(C#N)C#N)s3)cc12,rl,61.53617,-40.955425
N#CC(C#N)=Cc1ccc(-c2ccc3c(c2)c2cc(N(c4ccccc4)c4ccccc4)ccc2n3-c2ccc(N(c3ccccc3)c3ccccc3)cc2)s1,rl,72.96881,-36.402893
N#CC(=Cc1ccc(N(c2ccccc2)c2ccccc2)cc1)c1sc(-c2ccc(N(c3ccccc3)c3ccccc3)cc2)cc1C#N,rl,62.82235,-27.268087
CC(C)CC1=CC(C#N)=CC(=C(C#N)c2ccc(-c3ccc(-c4ccc(C=C(C#N)C#N)s4)cc3)s2)S1,rl,63.756542,-39.0368
N#CC(C#N)=Cc1ccc(C(C#N)=Cc2ccc(N(c3ccccc3)c3ccc(C#N)cc3)cc2)cc1,rl,47.341908,-23.375479
CCCCC(CC)COc1ccc(N(c2ccccc2)c2ccc(-c3ccc(-c4ccc(N(c5ccc(C=C(C#N)C#N)cc5)c5ccc(C=C(C#N)C#N)cc5)cc4)s3)cc2)cc1,rl,65.52714,-7.8729486
CCn1nc2cc(-c3ccc(-c4ccc(-c5ccc(N(c6ccccc6)c6ccccc6)cc5)s4)s3)sc2cc1=O,rl,31.210636,-37.976
[C-]#[N+]C(C#N)=Cc1ccc(-c2ccc(N(c3ccccc3)c3ccc(-c4cnc(-c5ccc(N(CCCCCC)CCCCCC)cc5)s4)cc3)cc2)cc1,rl,62.86166,-18.213081
N#CC(C#N)=Cc1ccc(N(c2ccccc2)c2ccc3c(c2)c2ccccc2n3-c2ccc(-c3ccc(-c4ccc(C=C(C#N)C#N)s4)cc3)cc2)cc1,rl,72.171776,-37.00665
CCCC[n+]1ccc(C=Cc2ccc(N(c3ccccc3)c3ccccc3)cc2)cc1,rl,32.22855,-12.669976
CCCCCCN(CCCCCC)c1ccc(Nc2ccc(C=C(C#N)c3ccc(N(c4ccccc4)c4ccccc4)cc3)c(=O)[nH]2)cc1,rl,57.3783,-14.662562
N#CC(C#N)=Cc1ccc(N(c2ccc(C=C(c3ccccc3)c3ccccc3)cc2)c2ccc(-c3ccc(N(c4ccccc4)c4ccc(-c5ccc(C=C(C#N)C#N)s5)cc4)cc3)cc2)cc1,rl,67.039856,-28.387482
N#CC(C#N)=Cc1ccc(N(c2ccccc2)c2ccc(N(c3ccc(C=C(C#N)C#N)cc3)c3ccc(N(c4ccccc4)c4ccccc4)cc3)cc2)cc1,rl,50.61635,-22.860773
N#CC(C#N)=Cc1ccc(-c2ccc(N(c3ccccc3)c3ccc(-c4c5ccccc5c(C=C(c5ccccc5)c5ccccc5)c5ccccc45)cc3)cc2)s1,rl,69.56908,-29.7725
N#CC(C#N)=Cc1ccc(-c2ccc(-c3ccc(-c4ccc(N(c5ccc(C=c6ccc(=C(C#N)C#N)s6)cc5)c5ccc(N(c6ccccc6)c6ccccc6)cc5)cc4)s3)s2)s1,rl,67.88587,-29.681866
O=c1[nH]c2ccccc2c2c1cnc1c(-c3ccccn3)ccnc12,rl,-18.993786,-3.8721666
CCN(CC)c1ccc2cc(C=C(C#N)C#N)ccc2c1,rl,50.56894,-35.344193
Cc1ccc(-c2c3ccc(N(c4ccccc4)c4ccccc4)cc3c(-c3ccc(N(c4ccccc4)c4ccccc4)cc3)c3ccc(N(c4ccccc4)c4ccccc4)cc23)cc1,rl,22.889988,-38.04811
CN(C)c1ccc2oc3cc(N)ccc3c(=O)c2c1,rl,13.961901,-24.789623
C(=Cc1cc[n+](Cc2ccccc2)cc1)c1ccc(N(c2ccccc2)c2ccccc2)cc1,rl,32.62446,-19.590023
CCCCCCCCCCCC1=CC=CC(=Cc2cc(-c3ccc(NC(=O)CCCCCCCC)cc3)c(N(CCCC)CCCC)cc2[N+]#N)N1C#N,rl,-1.0889305,29.104403
C=CC(=O)Nc1ccc(C=Cc2ccc(C=C(C#N)C#N)s2)cc1Cl,rl,51.051674,-6.071411
N#CC(=Cc1ccc(-c2cccc3ccccc23)cc1)c1ccc(N(c2ccccc2)c2ccccc2)cc1,rl,45.038155,-25.239555
c1ccc(N(c2ccccc2)c2ccc(-c3ccc(N(c4ccc(-c5ccc(-c6ccc(N(c7ccccc7)c7ccccc7)cc6)c6ccccc56)cc4)c4ccc(N(c5ccccc5)c5ccccc5)cc4)cc3)cc2)cc1,rl,25.33375,-37.608116
CCCCCCCCOc1ccc2cc(N=Nc3ccc(-c4ccc(N(c5ccccc5)c5ccc(C=C(C#N)C#N)cc5)cc4)cc3)ccc2c1,rl,62.95332,-4.9585114
N#CC(C#N)=Cc1ccc(N(c2ccccc2)c2ccc(-c3ccc(-c4ccc(C=Cc5ccccc5)cc4)s3)c3ccccc23)cc1,rl,63.956112,-29.9958
COc1cc2ccc(=N)cc(-c3ccccc3)c2cc1OC,rl,-16.213741,-36.33278
CCCCOc1ccc(-c2ccc(-c3ccc(N(c4ccccc4)c4ncccn4)cc3)s2)cc1,rl,36.738956,5.473224
CCCCCCSC1=C(SCCCC)SC(=C2Sc3ccc(-c4nnc(-c5ccc(N(CCCC)CCCC)cc5)s4)cc3S2)S1,rl,27.584526,0.3513618
CCCC[n+]1ccc(-c2cc[n+](-c3c(OC)ccc4ccccc34)cc2)cc1,rl,-14.480732,-32.760704
CCN(CC)c1cccc(-c2ccc(-c3ccc(-c4nc5ccc(C=C(C#N)C#N)cc5[nH]4)s3)s2)c1,rl,52.939007,-34.623623
N#CC(=Cc1ccc(N(c2ccccc2)c2ccc(C=CS(=O)(=O)c3ccc(N(c4ccccc4)c4ccc(C=Cc5ccccc5)cc4)cc3)cc2)cc1)c1ccc(-c2ccc(N(c3ccccc3)c3ccccc3)cc2)s1,rl,63.79191,-27.258635
CCn1c2ccccc2c2cccc(N(c3ccccc3)c3ccc(C=C(C#N)C#N)s3)c21,rl,70.340225,-33.979332
N#CC(C#N)=Cc1ccc(N(c2ccccc2)c2ccc(-c3ccc(-c4cccnc4)s3)cc2)cc1,rl,63.218914,-28.644358
O=C1C(=Cc2ccc(-c3ccc(N(c4ccccc4)c4ccccc4)cc3)cc2)N(N=C2CCCCC2)c2ccccc21,rl,36.451153,-23.769516
N#CC(C#N)=Cc1ccc2ccccc2c1,rl,46.90392,-9.177015
N#CC(C#N)=Cc1ccc(-c2ccc(-c3ccc(N(c4ccccc4)c4ccccc4)cc3)cc2)cc1,rl,52.803154,-23.811687
Nc1ccc(-c2cc(-c3ccc(N(c4ccccc4)c4ccccc4)cc3)no2)cc1,rl,26.364506,-35.249233
O=c1oc(-c2ccco2)nc2cccc(-c3ccccc3)c12,rl,-26.32692,-28.89958
c1ccc(N(c2ccccc2)c2ccc(-c3ccc(-c4ccc(-c5ccc(N(c6ccccc6)c6ccccc6)cc5)c5nsnc45)s3)cc2)cc1,rl,29.879118,-41.05985
Cc1ccc(Nc2ccc3cc(=N)cc(-c4ccc(C)cc4)c-3cc2)cc1,rl,-18.022547,-9.638853
CCSC1=NN(C)C(=c2ccc(=Cc3ccc4c(-c5cc(N(C)C)cc(N(CC)CC)c5)cc(=O)oc4c3)cc2)S1,rl,18.007055,-55.713596
Nc1c(-c2ccc(N(c3ccccc3)c3ccccc3)cc2)ccc(N(c2ccccc2)c2ccccc2)c1-c1cccc2ccccc12,rl,25.768585,-39.12117
CCCCCC[n+]1ccc2ccccc2n1,rl,21.33801,15.93408
CCN(CC)c1ccc(-c2nc(-c3ccc(OC)cc3)c(C#N)nc2-c2ccc(N(c3ccccc3)c3ccccc3)cc2)cc1C#CCCSC,rl,29.808983,-45.510086
CN(C)c1ccc(C2=C(c3ccc(N(c4ccccc4)c4ccccc4)cc3)c3ccc(o3)C(=O)O2)cc1,rl,23.00261,-35.92868
CCN(CC)c1ccc(-c2ccc(N(c3ccc(-c4ccc(-c5ccc(N(c6ccccc6)c6ccccc6)cc5)s4)cc3)c3ccc(-c4cccc5ccc(-c6ccc(N(c7ccccc7)c7ccccc7)cc6)nc45)cc3)cc2)cc1,rl,28.02994,-41.49284
N#CC(C#N)=Cc1ccc(N(c2ccccc2)c2ccc(-c3ccc(C=C(C#N)C#N)s3)c(-c3ccc(N(c4ccccc4)c4ccccc4)cc3)c2)cc1,rl,67.90858,-31.574575
O=C(CN(C1=CC(=Cc2ccc(N(c3ccc(N=C(c4ccccc4)c4ccccc4)cc3)c3ccc4c(ccc5ccccc54)c3)cc2)S1)c1ccc(N=Nc2ccc(N(c3ccccc3)c3ccccc3)cc2)cc1)N=C=S,rl,40.01954,-26.300024
N#CC(C#N)=Cc1ccc(N(c2ccccc2)c2ccc(C=C(c3ccccc3)c3ccc(N(c4ccccc4)c4ccccc4)cc3)cc2)cc1,rl,47.975155,-23.352148
N#CCC(=O)Nc1ccc([N+](=O)[O-])cc1,rl,6.4165387,19.812984
c1ccc(N(c2ccccc2)c2ccc(N(c3ccccc3)c3ccc(-c4c5ccccc5n5ccccc45)cc3)cc2)cc1,rl,17.10048,-38.52918
N#CC(C#N)=Cc1ccc(N(c2ccc(F)cc2)C2c3ccccc3-c3ccc(N(c4ccccc4)c4ccccc4)cc32)cc1,rl,51.44137,-22.022722
CNS(=O)(=O)N(CCCS(=O)(=O)O)c1ccc2c(-c3cccnc3OC)c3ccc(=N)cc-3oc2c1,rl,6.8745933,-63.842697
CCC(C=Cc1cccnc1[N+](=O)[O-])c1ccccc1,rl,-0.56555,21.037643
C(=Nc1ccc(N(c2ccccc2)c2ccccc2)cc1)C1c2ccccc2-n2c(-c3ccc(N(c4ccccc4)c4ccccc4)cc3)ccc21,rl,27.331518,-34.065723
CCCCN(c1ccc(C=Nc2ccc(C=CSC=Cc3ccc(-c4ccc(Br)cc4)cc3)cc2)cc1)c1ccc(C=C(C#N)C#N)cc1,rl,60.505817,-13.82279
CCN(c1ccc(C=C(C#N)C#N)cc1)c1ccc(-c2ccc(C=C(C#N)C(=O)C#N)s2)cc1,rl,63.806664,-35.60884
N#Cc1ccc2c(c1)c1nnnn1n2C(=O)c1ccc(N(c2ccccc2)c2ccccc2)cc1,rl,22.512835,-30.989302
CCN(CC)c1ccc(N=Nc2ccc3cc(N=Nc4ccc(OC)cc4OC)ccc3c2)cc1,rl,22.79598,-51.14828
Fc1cc(N(c2ccccc2)c2ccccc2)ccc1-c1cnc(C=Cc2ccc(N(c3ccccc3)c3ccccc3)cc2)s1,rl,32.827797,-22.222864
N#CC(C#N)=Cc1ccc(N(c2ccccc2)c2ccc(Oc3ccccc3)cc2)cc1,rl,50.23955,-23.118952
N#CC(C#N)=Cc1ccc(-c2ccc3c(c2)Sc2cc(C=Cc4ccc(N(c5ccccc5)c5ccc(N(c6ccccc6)c6ccccc6)cc5)cc4)ccc2N3c2ccc(N(c3ccccc3)c3ccccc3)cc2)s1,rl,64.75492,-24.581715
N#CC(C#N)=CC1=CC(c2ccccc2)Nc2ccccc2N1,rl,48.421875,-8.031395
N#CC(C#N)=Cc1ccc(N(c2ccc(C=C(C#N)C#N)cc2)c2ccc(-c3ccc(N(c4ccccc4)c4ccccc4)cc3-c3ccncc3)cc2)cc1,rl,53.75119,-25.418077
N#CC(C#N)=Cc1ccc(-c2ccc(-c3ccc(N(c4ccccc4)c4ccc5ccccc5c4)cc3)s2)s1,rl,71.9862,-32.285576
O=[N+]([O-])c1ccc(N=Nc2ccc3c(O)cc(F)c(F)c3c2)cc1,rl,4.3456583,19.831987
N#CC(C#N)=Cc1ccc(N(c2ccccc2)c2ccc(-c3ccc(N4c5ccccc5Sc5c4ccc4ccccc54)cc3)cc2)cc1,rl,57.982067,-21.795292
N#CC(C#N)=Cc1ccc(-c2ccc(-c3ccc(-c4ccc(Cl)cc4)cc3)s2)s1,rl,64.58513,-38.85586
CCCCCCCCCCCCCN(C)c1ccc(C=C(C#N)c2ccc(-c3ccc(N(c4ccccc4)c4ccccc4)cc3)s2)cc1,rl,63.132267,-18.194778
CCCCN(CCCC)c1ccc(-c2ccc(-c3ccc(C=C(C#N)C#N)cc3)cc2)cc1,rl,60.395794,-13.847233
CCN(CC)c1ccc(N=Nc2ccc3nccnc3c2)cc1,rl,20.047848,-51.263695
CCC(=O)CC(=O)NCCN,rl,-20.569475,25.004002
CCCCCCCCN1C(=O)c2c(c(=O)oc3ccccc23)C1c1ccc(N(CC)CC)cc1,rl,11.874915,-56.73006
N#CC(C#N)=Cc1ccc(-c2ccc(-c3ccc(N(c4ccc(C=C(C#N)c5ccc(N(c6ccccc6)c6ccccc6)cc5)cc4)c4ccc(N(c5ccccc5)c5ccccc5)cc4)cc3)s2)s1,rl,67.38625,-27.556152
N#CC(C#N)=Cc1ccc(N(c2ccc(C=Cc3ccc(N(c4ccccc4)c4ccccc4)cc3)cc2)c2ccc(-c3ccc(C=C(C#N)C#N)s3)cc2)cc1,rl,65.790596,-30.842485
N#CC(C#N)=Cc1ccc(N(c2ccccc2)c2ccc3nc4ccc(N(c5ccccc5)c5ccc(C=C(C#N)C#N)cc5)cc4nc3c2)cc1,rl,50.59903,-24.738184
Cc1ccc(N(c2ccc(C=Cc3ccc(C=C(C#N)C#N)cc3)cc2)c2ccc(C=C(C#N)C#N)cc2)cc1,rl,51.31004,-19.000166
CCN(CC)c1cccc(-c2ccc(N(c3ccc(C=C(C#N)C#N)cc3)c3ccc(-c4ccc(C=C(C#N)C#N)s4)cc3)cc2)c1,rl,63.10943,-34.492764
COc1ccccc1-c1ccc(N(c2ccc(-c3ccc(-c4ccc(N(c5ccccc5)c5ccccc5)cc4)s3)cc2)c2ccc3c(c2)CCC3)cc1,rl,32.256794,-42.539635
Cc1oc(C(C#N)=Cc2ccc(-c3ccc(N(c4ccccc4)c4ccccc4)cc3)s2)nc1-c1ccc(N(c2ccccc2)c2ccccc2)cc1,rl,75.271706,-31.207073
N#CC(C#N)=Cc1ccc(-c2cc(N(c3ccccc3)c3ccccc3)cc(N(c3ccccc3)c3ccc(N=Cc4ccc(-c5ccc(N(c6ccccc6)c6ccccc6)cc5)s4)cc3)c2)o1,rl,73.853775,-29.098198
CCCCCCCCCCCOc1ccc(-c2cc3sc(N=Nc4c(C)cccc4C=C(C#N)C#N)cc3s2)cc1,rl,65.54372,-4.154676
N#CC(C#N)=Cc1ccc(-c2ccc(N(c3ccc(Cl)cc3)c3ccc4ccc5ccc(Cl)cc5c4c3)cc2)s1,rl,69.07364,-34.128407
CCN(CC)c1ccc2cc(-c3ccc(-c4ccc(C=C(C#N)C#N)s4)s3)sc2c1,rl,60.95581,-37.42568
CN(C)c1ccc(CC(NC(=O)OC(C)(C)C)C(=O)O)cc1,rl,-32.621044,18.513836
N#CC(=Cc1ccc(N(c2ccccc2)c2ccccc2)cc1)C(=O)c1ccc(N=Nc2ccccc2)cc1,rl,52.7452,11.447299
C1=Cc2cc(N(c3ccccc3)c3ccccc3)ccc2N(c2ccc(N(c3ccccc3)c3ccc(N(c4ccccc4)c4ccccc4)cc3)cc2)c2ccccc21,rl,28.919483,-33.302017
CN(C)c1ccc(C=C(C#N)C#N)cc1,rl,52.012035,-16.371622
CCN(c1ccc(C#Cc2ccc(N=Nc3ccc(C(=O)O)cc3)cc2)cc1)c1ccc(C=C(C#N)C#N)cc1,rl,48.872353,-18.903648
COc1ccc(N=Nc2ccc(N(c3ccccc3)c3ccccc3)cc2)cc1N=Nc1ccc(-c2ccc(-c3ccc(C=C(C#N)C#N)s3)cc2)cc1,rl,69.36902,-31.084526
N#CC(C#N)=Cc1ccco1,rl,48.433125,-7.714032
CCCCCCC1(CCCC)c2cc(-c3ccc(N(c4ccccc4)c4ccccc4)cc3)ccc2C(CCCCCC)(CCCCCC)c2ccc(-c3ccc(-c4ccc(N(c5ccccc5)c5ccccc5)cc4)s3)cc21,rl,30.289915,-3.626818
N#CC(C#N)=Cc1ccc(-c2ccc(-c3ccc(N(c4ccc(C=C(c5ccccc5)c5ccccc5)cc4)c4ccc(N(c5ccccc5)c5ccccc5)cc4)cc3)s2)s1,rl,67.29518,-28.248018
C(=Cc1ccc(-c2ccc(N(c3ccccc3)c3ccccc3)cc2)s1)c1ccccc1,rl,34.47894,-26.463388
CCCCN(c1ccc(C=C(C#N)C#N)cc1)c1ccc(-c2ccc(-c3ccc(-c4ccc(-c5cc(N(c6ccccc6)c6ccccc6)cc([N+](=O)[O-])c5)o4)s3)s2)cc1,rl,61.102028,-26.235893
NC(=O)c1ccc2c(c1)C1(c3ccccc3-c3ccccc31)c1cc(Nc3ccc(N(c4ccccc4)c4ccccc4)cc3)ccc1-2,rl,28.971767,-29.769735
CCCCc1nc(-c2ccc(C=C(C#N)C#N)s2)sc1-c1ccc(N(c2ccccc2)c2ccccc2)cc1,rl,67.17934,-18.8965
CCCCCCCCN(c1ccc(C=C(C#N)C#N)cc1)c1ccc(CS(=O)(=O)C#N)cc1,rl,59.905945,-13.372834
CCCCCCCCCCCCc1ccc(-c2ccc(-c3cc(C=C(C#N)C#N)nc(-c4ccc(N(c5ccccc5)c5ccccc5)cc4)c3)s2)s1,rl,66.28932,-18.631308
N#CC(C#N)=Cc1ccc(N(c2ccccc2)c2ccc(C=Cc3ccc(N(c4ccccc4)c4ccc(N(c5ccccc5)c5ccccc5)cc4)cc3)cc2)cc1,rl,49.65966,-22.021675
COc1ccc(N(c2ccccc2)c2ccc(-c3ccc(C=C(c4ccccc4)c4cnc(-c5ccc(N(c6ccccc6)c6ccccc6)cc5)s4)cc3)cc2)cc1,rl,42.501453,-31.162512
CCN(c1ccc(N=Nc2ccc(N(c3ccccc3)c3ccccc3)cc2)cc1)c1ccccc1CCC(=O)O,rl,31.200865,-29.739918
O=C1Oc2cc3nn(-c4ccc([N+](=O)[O-])cc4)cc3cc2C1=Cc1ccc(N(c2ccccc2)c2ccccc2)cc1,rl,28.532827,-19.40233
CCC(C)CCN(C)c1ccc(C=C(C#N)C#N)cc1,rl,52.112724,-16.774412
N#CC(C#N)=Cc1cccc(-c2ccc(C(C#N)=Cc3ccc(N(c4ccc(C#N)cc4)c4ccc(N(c5ccccc5)c5ccccc5)cc4)cc3)cc2)c1,rl,47.126095,-25.654856
CC1=C(C)C(C)(C)CC1=O,rl,-17.905596,36.64131
N#CC(C#N)=Cc1ccc(-c2ccc(-c3ccc(-c4ccc(N(c5ccccc5)c5ccccc5)cc4)s3)s2)cc1,rl,63.781937,-28.924904
CCN(CC)c1cc(C=C(C#N)C#N)c(C=Cc2ccc(OC)cc2)cc1OC,rl,47.864914,-34.95193
N#CC(C#N)=Cc1ccc(-c2ccc(N3c4ccccc4Sc4cc(-c5cccs5)ccc43)cc2)s1,rl,71.181496,-14.945841
CCCCCCN(c1ccc(-n2c3ccccc3c3ccccc32)cc1)c1ccc2c(c1)C(CCCCCC)(CCCCCC)c1ccccc1N2c1ccccc1,rl,11.613151,6.694709
COc1ccccc1-c1cc(-c2ccc(-c3ccc(-c4ccc(N(c5ccccc5)c5ccccc5)cc4)s3)s2)sc1-c1cccs1,rl,32.50051,-42.570915
N#CC(C#N)=Cc1ccc(S(=O)(=O)Nc2ccc(C=Cc3cccc(Nc4ccccc4)n3)cc2)cc1,rl,48.45404,-9.539799
CCCCC(CC)COc1ccc(N(c2ccc(C=NN(c3ccccc3)c3ccccc3)cc2)c2ccc(C=C(C#N)C#N)cc2)cc1,rl,65.295586,-8.002381
N#CC(C#N)=Cc1cc(-c2ccc3ccccc3n2)ccc1N(c1ccccc1)c1ccccc1,rl,51.995754,-26.68293
CCCCCCCCCCCCN1c2ccc(C=C(C#N)C#N)cc2Oc2ccc(-c3ccc(-c4ccc(C=C(C#N)C#N)s4)s3)cc21,rl,68.480064,-14.357726
CCCCCCSc1cc(C=C(C#N)C#N)nc2cc(Br)ccc12,rl,62.016674,-10.740946
N#CC(C#N)=Cc1ccc(C2=C(c3ccc(N(c4ccccc4)c4ccccc4)cc3)NC3CCCC23)cc1,rl,52.951485,-22.72578
Cn1c(-c2ccc(Br)cc2)ccc1-c1ccc(-c2ccc(C=C(C#N)C#N)s2)cc1,rl,64.04156,-39.092625
CC(C)(C)OC(=O)Nc1ccc(-c2c(-c3ccc(N(c4ccccc4)c4ccccc4)cc3)sc3cc(N=Cc4ccc(N(c5ccc(C=C(c6ccccc6)c6ccccc6)cc5)c5ccc(N(c6ccccc6)c6ccccc6)cc5)cc4)ccc23)cc1,rl,38.514107,-26.594492
CCCCc1cc(N=Nc2ccc(-c3cc(-c4ccc(-c5ccc(C=C(C#N)C#N)s5)s4)nn3CCCC)cc2)ccc1-c1ncc(-c2ccc(C=C(C#N)C#N)s2)s1,rl,67.78266,-11.618275
N#CC(=Cc1ccc(-c2ccc3c(c2)Sc2ccccc2N3c2ccc(C=C(C#N)c3ccc(N(c4ccccc4)c4ccccc4)cc3)cc2)s1)C(=O)O,rl,62.17029,10.408248
N#CC(C#N)=Cc1ccc(N(c2ccc(C=C(c3ccc(N(c4ccccc4)c4ccccc4)cc3)c3ccc(N(c4ccccc4)c4ccccc4)cc3)cc2)c2ccc(-c3ccc(C=C(C#N)C#N)s3)cc2)cc1,rl,67.17542,-27.933113
N#CC(C#N)=Cc1ccc(-c2cc(-c3ccccc3)cc(-c3ccc(C=C(C#N)C#N)s3)c2)o1,rl,66.14634,-39.72595
CCCCN(c1ccc(C=C(C#N)C#N)cc1)c1ccc(-c2cc(C#N)c(C=C(C#N)C#N)s2)cc1,rl,63.64866,-15.667868
N#CC(C#N)=Cc1ccc(N(c2ccc(C=C(C#N)C#N)cc2)c2ccc(N(c3ccccc3)c3ccccc3)cc2)cc1,rl,50.616493,-22.860752
N#CC(=Cc1ccc(Nc2ccc(-c3ccc(-c4cccs4)cc3)cc2)cc1)c1ccc([N+](=O)[O-])s1,rl,9.458621,15.291874
N#CC(C#N)=Cc1ccc(-c2ccc(-c3ccc(-c4ccc(-c5ccc(C=C(C#N)C#N)s5)cc4)o3)cc2)cc1,rl,64.788,-38.06421
N#CC(C#N)=Cc1ccc(N(c2ccccc2)c2ccc(C#Cc3ccc(N(c4ccccc4)c4ccccc4)cc3)cc2)cc1,rl,50.011246,-23.38702
N#CC(C#N)=Cc1ccc(-c2sc(-c3ccc(C(=Cc4ccc(N(c5ccccc5)c5ccc(-c6ccc(-c7ccccc7)cc6)cc5)cc4)c4ccc(N(c5ccccc5)c5ccccc5)cc4)cc3)c3ccccc23)s1,rl,66.5407,-27.559326
c1ccc(N(c2ccccc2)c2ccc(-c3ccc(-c4ccc(-c5ccc(-c6cccc(N7c8ccccc8CCc8ccccc87)c6)c6ccccc56)s4)cc3)cc2)cc1,rl,30.662882,-40.093014
CCOC(=O)C(C#N)=Cc1cc(Cl)c2ccccn12,rl,-39.788532,12.310784
CCN(CC)c1ccc2c(-c3ccc(N(Cc4ccccc4)S(=O)c4ccc(C=C(C#N)C#N)cc4)cc3)c3cc(N4CCCCC4)ccc3[o+]c2c1,rl,52.79738,-36.383736
N#CC(C#N)=Cc1ccc(-n2c3ccccc3c3cc(-n4cc(-c5ccc(C=C(C#N)C#N)s5)c5ccccc54)ccc32)cc1,rl,71.01879,-38.906837
N#CC(C#N)=Cc1ccc(-c2ccc(NC(=O)S)cc2C#N)s1,rl,62.87632,-41.53716
Nc1ccc(C=CC=C(c2ccc(N(c3ccccc3)c3ccccc3)cc2)c2ccc(N(c3ccccc3)c3ccccc3)cc2)cc1,rl,34.69573,-19.911873
N#CC(C#N)=Cc1cc(-c2ccc(-c3ccc(-c4ccc(-c5ccc(-c6ccc(-c7ccc(-c8ccc(N(c9ccccc9)c9ccccc9)cc8)s7)o6)s5)s4)s3)s2)sc1C#N,rl,73.97966,-28.716034
CC(=NS(=O)(=O)c1ccc(N=Nc2ccc3[nH]c(=O)sc3c2)cc1)NC#N,rl,-12.649709,13.560449
CCCCCCCC1(CCCCCCC)c2ccccc2N(CCCCCC)c2ccc(C=C(C#N)C#N)cc21,rl,56.436134,-8.757473
N#CC(C#N)=Cc1ccc(-c2ccc(N(CCCS(=O)(=O)O)c3ccc(-c4ccc(-c5ccc(-c6ccc(N(c7ccccc7)c7ccccc7)cc6)s5)s4)cc3)cc2)s1,rl,70.18992,-28.971102
CCCCCCN(c1ccc(-c2ccc(-c3sc(C=C(C#N)C#N)cc3-c3ccc(N(c4ccccc4)c4ccccc4)cc3)s2)cc1)c1ccc(N(c2ccccc2)c2ccccc2)cc1,rl,66.476166,-19.113409
N#CC(C#N)=CCCCCN1c2ccc(C=C(C#N)C#N)cc2CCc2cc(C=C(C#N)C#N)ccc21,rl,52.855175,-8.452911
Cc1cc(N(c2ccc(C=C(C#N)c3ccc(-c4ccc(N(c5ccccc5)c5ccccc5)cc4)cc3)cc2)c2ccc(-c3ccc(C=C(C#N)C#N)o3)cc2)ccc1C=Cc1ccc(N(c2ccccc2)c2ccccc2)cc1,rl,51.382473,-28.304573
CSc1ccc(NC=C(C#N)c2ccc([N+](=O)[O-])cc2)c([N+](=O)[O-])c1,rl,8.960235,17.635988
N#CC(C#N)=Cc1ccc(-c2ccc(N(c3ccc(-c4ccc(-c5ccc(-c6ccc(C=C(C#N)C#N)s6)s5)s4)cc3)c3cccc4ccccc34)cc2)s1,rl,70.99931,-32.813343
c1ccc(N(c2ccccc2)c2ccc(-c3nc(-c4ccc(-c5nc6ccccc6s5)cc4)cc(-c4ccc5ccccc5c4)n3)cc2)cc1,rl,27.333958,-36.837414
N#CC(C#N)=Cc1ccc(C=Nc2c(-c3ccc(N(c4ccccc4)c4ccccc4)cc3)sc3sc(-c4ccccc4)c(-c4ccc(N5c6ccccc6Sc6ccccc65)cc4)c23)cc1,rl,58.166958,-22.083906
CCCCC(CC)C[n+]1c2ccc(C)cc2cc2cc(-c3ccc(N(CC)CC)c(C)c3)ccc21,rl,19.901274,15.970845
c1ccc(N(c2ccccc2)c2ccc(-c3ccc(-c4ccc(-c5cccc(N(c6ccccc6)c6ccccc6)c5)cc4)s3)cc2)cc1,rl,30.387104,-38.87576
CCN(CC)c1ccc(C2c3ccccc3C(=O)N2Cc2ccc(C=Cc3ccncc3)cc2)cc1,rl,26.440416,-14.861099
COC(=O)C=Cc1nc(-c2ccc(N(c3ccccc3)c3ccccc3)cc2)c2c(C#N)c(C=Cc3ccc(N(c4ccccc4)c4ccccc4)cc3)sc2n1,rl,37.040524,-17.720768
N#CCN(c1ccc(C=C(C#N)C#N)cc1)c1ccc(-c2ccc(-c3ccc(C#Cc4ccccc4)cc3)cc2)cc1,rl,52.61582,-21.027899
N#CC(C#N)=Cc1ccc(C(=Cc2ccc(N(c3ccccc3)c3ccccc3Cc3ccc(N4c5ccccc5Oc5cc(C=C(C#N)C#N)ccc54)cc3)cc2)c2ccc(N(c3ccccc3)c3ccccc3)cc2)cc1,rl,55.93743,-21.77842
COc1ccc(C2(C#N)N=NC(C#N)=C2c2ccc(N(c3ccccc3)c3ccccc3)cc2)cc1,rl,29.983318,-45.603657
C=CCN(c1ccc(C=C(C#N)C#N)cc1)c1ccc(-c2ccccc2N(c2ccccc2)c2ccc(C=C(C#N)C#N)cc2)cc1,rl,53.99768,-24.061823
CCN(CC)c1ccc(-c2ccc(C=C(C#N)C#N)s2)cc1C,rl,61.343132,-37.78883
CCCCN(CCCC)c1ccc(-c2nccn2CCCC)cc1C=Cc1nccc(-c2ccc([N+](=O)[O-])s2)n1,rl,19.171764,-5.0829697
CCCCN(c1ccc(C=C(C#N)C#N)cc1)c1ccc(-c2ccc(N(c3ccccc3)c3ccccc3)c3ccccc23)c(N(CCCC)c2ccccc2)c1,rl,56.883347,-18.003265
CCCCCCn1c2ccc(C=C(C#N)C(=O)O)cc2c2cc(-c3ccc(N(c4ccccc4)c4ccccc4)cc3)ccc21,rl,62.685215,26.721388
N#CC(C#N)=Cc1ccc(N2CCCC2)cc1,rl,50.99907,-9.346225
N#CC(C#N)=CCc1ccc(-c2ccc(-c3cc4sc(-c5ccc(N(c6ccccc6)c6ccccc6)cc5)cc4s3)s2)cc1,rl,72.31658,-27.95759
N#CN=c1c2ccccc2oc2cc(N(c3ccccc3)c3ccc(C4c5ccccc5C5(c6ccccc6-c6ccccc65)c5cc(N(c6ccccc6)c6ccccc6)ccc54)cc3)ccc12,rl,24.40655,-27.726315
C(#Cc1ccc(-c2ccc(N(c3ccccc3)c3ccccc3)cc2)s1)c1ccc(N(c2ccccc2)c2ccccc2)cc1,rl,31.591557,-39.504402
CCN(CC)c1ccc(C(C=Cc2ccc3c(c2)oc2ccccc23)=C2C=C(C=C(C#N)C#N)CC2)cc1,rl,50.700245,-37.646687
CC(C)(C)OC(=O)NCCCCCC(=O)Nc1ccc(N=NS(=O)(=O)c2ccc(N=Nc3ccc(C#N)cc3)cc2)cc1,rl,-10.272939,16.75458
C(=CC=Cc1ccc(C=Cc2ccc(N(c3ccccc3)c3ccccc3)cc2)cc1)C=CC=C(c1ccccc1)c1ccccc1,rl,33.945713,-19.82616
N#CC(C#N)=Cc1ccc(N(c2ccc(C=C(c3ccc(N(c4ccccc4)c4ccccc4)cc3)c3ccc(N(c4ccccc4)c4ccccc4)cc3)cc2)c2ccc(-c3ccc(N(c4ccccc4)c4ccccc4)cc3)cc2)cc1,rl,52.014507,-24.200558
CSc1ccc(C(C=C(C#N)C#N)=Cc2ccc(N(c3ccccc3)c3ccc(C=C(C#N)C#N)cc3)cc2)cc1,rl,48.202633,-23.198324
Nc1ccccc1-c1ccc(-c2ccc(N(c3ccccc3)c3ccccc3)cc2)cc1,rl,25.945555,-33.737804
CC(=O)Nc1ccccc1Sc1ccc(C=C(C#N)C#N)o1,rl,48.32179,-7.1223063
CCCCC1(CCCC)c2ccccc2-c2cc3c(cc21)C1c2ccccc2C3c2ccccc21,rl,16.373869,2.1413414
COc1ccc(C=C2CC(C)(C)CC2=C(C#N)C#N)cc1,rl,11.5377655,-34.860428
CCN(CCO)c1ccc(C=C(C#N)C=c2ccc(=Cc3cc(-c4ccc5oc6ccccc6c5c4)cs3)c(=O)[nH]2)cc1,rl,50.450436,-38.309235
CCCCCCC[n+]1ccc(C=Cc2cccc[n+]2CCCCCC)cc1,rl,21.908573,15.839617
CC1(C)C(C=CC=CC=CC=CC=C2N(C#N)c3cc(C=C(C#N)C#N)ccc3[N+]23CCCCC3)=Cc2ccc(F)cc2N1CCCS(=O)(=O)O,rl,52.867504,-8.417664
N=c1cc2n(c3ccc(-c4ccc(Nc5ccc(N6c7ccccc7Sc7ccccc76)cc5)cc4)cc13)CCCC2,rl,7.349302,9.296854
N#CC(C#N)=Cn1c(=c2ccc(=Cc3ccc(N(c4ccccc4)c4ccccc4)cc3)cc2)sc(=Cc2ccc(N(c3ccccc3)c3ccccc3)cc2)c1=O,rl,40.876904,-22.579447
N#CC(C#N)=Cc1ccc(N(c2cccc(CCc3ccc(-c4ccc([N+](=O)[O-])s4)c4sc(-c5cccs5)cc34)c2)c2ccccn2)cc1,rl,61.103596,-27.125452
N#CC(C#N)=Cc1ccc(-n2c3ccccc3c3cc4cc(-c5ccc(-c6ccc(N(c7ccccc7)c7ccccc7)cc6)s5)sc4cc32)cc1,rl,72.04881,-37.201046
N#CC(C#N)=Cc1ccc(-c2ccc(N(c3ccc(-c4ccc(C=C(C#N)C#N)s4)cc3)c3ccc(N(c4ccccc4)c4ccccc4)cc3)cc2)s1,rl,70.73928,-30.480022
N#CC(C#N)=Cc1ccc(N2c3ccccc3Sc3ccccc32)cc1,rl,52.50485,-10.837414
c1ccc2c(c1)Sc1ccccc1N2c1ccc2sc3ccccc3c2c1,rl,7.2375984,8.669003
CCCCN(CCCC)c1ccc(-c2nc(-c3cc(N=Nc4cccc5ccccc45)ccc3O)sc2C#N)cc1,rl,25.129711,0.10504874
CCCCCCN(c1ccc(C=C(C#N)C#N)cc1)c1ccc(N=Cc2ccc(N(c3ccccc3)c3ccccc3)cc2)c(C=C(C#N)c2ccc(N(c3ccccc3)c3ccccc3)cc2)c1,rl,57.245373,-15.971206
CCCCOc1ccc(-c2ccc(N(c3ccc(-c4ccc(C=C(C#N)C#N)s4)cc3)c3ccc(N(c4ccccc4)c4ccccc4)cc3)cc2)cc1,rl,68.645584,-5.6696434
CCCCCCOc1cc(Br)cc(-c2nc(Nc3ccc(Br)cc3)c3c(n2)sc2ccc(NC(=O)c4ccc(C=C(C#N)C#N)cc4)cc23)c1,rl,60.699745,-9.442765
CC[N+](CC)=c1scc(C=Cc2ccc(N(c3ccccc3)c3ccc(C=C(C#N)C#N)cc3)cc2)s1,rl,50.190445,-20.957825
CCCCC(CC)CN1c2ccc(-c3ccc(N(c4ccccc4)c4ccccc4)cc3)cc2C2C3=C(c4ccc(N(c5ccccc5)c5ccccc5)cc4N2c2ccccc21)N(c1ccc(C=C(C#N)C#N)cc1)C3=O,rl,60.34836,-21.143322
C[N+]1=C(C=C(C=CC=C2Sc3ccccc3N2CCCCC(=O)O)c2ccc(N(c3ccccc3)c3ccccc3)cc2)C(=C(C#N)C#N)CC1,rl,54.063465,-2.7042584
N#CC(C#N)=Cc1ccc(N(c2ccccc2)c2ccc(-c3ccc(-n4c5ccccc5c5ccccc54)cc3)cc2C#N)cc1,rl,46.571033,-16.812584
CCCCn1c2ccc(-c3ccc(N(c4ccccc4)c4ccccc4)cc3)cc2c2ccc(N(c3ccccc3)c3ccc(C=C(C#N)C#N)cc3)cc21,rl,56.812824,-11.747995
OCC(F)(F)CNc1c(Cl)ccc2ccccc12,rl,-14.201689,-25.242254
CN(C)c1ccc2c(-c3ccc4ccccc4c3)c3ccc(=N)cc-3oc2c1,rl,1.6558125,-66.74517
CCN(CC)c1cnnc(-c2cccc3ccccc23)n1,rl,-12.279524,-25.984722
CCN(c1ccc(C=C(C#N)C#N)cc1)c1ccc(C=O)c(C)c1,rl,50.85722,-34.909992
CCN(CC)c1ccc(NC(=O)c2ccc(N=Nc3ccc(N(CC)Cc4ccccc4)cc3)cc2)c(C=Cc2ccc([N+](=O)[O-])s2)c1,rl,23.014988,-7.6649013
CCc1ccc2oc(=O)c(NC(=S)NC)c(-c3ccccc3)c2c1,rl,-30.38665,-26.813608
CCN(CC)c1ccc(N(c2ccc(-c3ccc(F)cc3)cc2)c2ccc(-c3ccc(C=C(C#N)C#N)s3)cc2)cc1,rl,62.958225,-34.650784
CCCCN(c1ccc(C=C(C#N)C#N)cc1)c1ccc(-c2ccc(-c3ccc(-c4ccc(C=C(C#N)C#N)cc4N(c4ccccc4)c4ccccc4)s3)s2)cc1,rl,65.34144,-19.713318
N#CC(C#N)=Cc1ccc(N(CCCCN=S(=O)=O)c2ccc(-c3ccc(-c4ccc(C=C(C#N)C#N)s4)s3)cc2)cc1,rl,64.028725,-35.90297
N#CC(C#N)=Cc1ccc(N(c2ccc(C=C(C#N)C#N)cc2)c2ccc(-c3ccc(C=C(C#N)C#N)s3)cc2)cc1,rl,65.02952,-33.77455
N#CC(C#N)=Cc1ccc(-c2ccc(-c3ccc(N(c4ccccc4)c4ccc(C=Cc5ccc(N(c6ccccc6)c6ccccc6)cc5)cc4)cc3)cc2)s1,rl,65.83441,-31.033405
N#CC(C#N)=Cc1ccc(-c2ccc(-c3ccccc3)cc2)s1,rl,65.825005,-39.408615
N#CCCCNc1ccc2cc(NC(=O)C(C#N)=CNc3ccccc3)ccc2c1,rl,-27.631475,8.780396
N#CC(C#N)=Cc1ccc(N(c2ccc(C=Cc3ccc(N(c4ccccc4)c4ccccc4)cc3)cc2)c2ccc(-c3ccc(C=C(C#N)C#N)s3)cc2F)cc1,rl,66.14803,-31.613329
N#CC(C#N)=Cc1ccc(-c2ccc(N(c3ccccc3)c3ccc(C=C(C#N)C#N)cc3)cc2)cc1,rl,52.804016,-23.810907
CN(C)c1ccccc1C(=O)Nc1ccc(C=C[N+](=O)[O-])cc1,rl,-62.207165,-24.752144
N#CC(C#N)=Cc1ccc(N(c2ccccc2)c2ccc(C(=CC=Cc3ccc(C#N)cc3)c3ccc(N(c4ccccc4)c4ccccc4)cc3)cc2)cc1,rl,47.874767,-22.812578
N#CC(C#N)=Cc1ccc(N(c2ccccc2)c2ccc(Oc3ccc(N4CCCCC4)cc3)cc2)cc1,rl,53.979298,-21.439327
N#CC(C#N)=Cc1cccc(N(c2ccccc2)c2ccc(C=Cc3nc(-c4ccc(-c5ccccc5)cc4)nc(-c4ccc(N(c5ccccc5)c5ccccc5)cc4)n3)cc2)c1,rl,51.667557,-25.381573
N#CC(C#N)=Cc1cnc(C(C#N)=Cc2cccs2)s1,rl,48.687626,-5.7062745
CCCCCCOc1ccc(N(CCCCCC)c2ccc(C=C(C#N)C#N)cc2)cc1,rl,61.823082,-6.71795
N#CC(C#N)=Cc1ccc(N(c2ccccc2)c2ccc(-c3ccc(-c4ccc(-c5ccc(C=Cc6ccc(N(c7ccccc7)c7ccccc7)cc6)cc5)s4)s3)cc2)cc1,rl,64.15879,-29.624887
CCN(CC)c1ccc(N=Nc2ccc(S(=O)(=O)CCCN(CC)c3ccc(N=Nc4ccc(C=Cc5ccc(N(c6ccccc6)c6ccccc6)cc5)cc4)cc3)cc2)cc1,rl,30.773449,-16.224424
C(=C(c1ccccc1)c1ccc(-c2ccc(N(c3ccccc3)c3ccccc3)cc2)cc1)c1ccc2ccccc2c1,rl,39.82268,-26.20361
CCCCn1c(O)c(N=Nc2ccccc2[N+](=O)[O-])c2ccc(N(CC)CC)cc21,rl,22.146303,-5.5493617
N#CC(C#N)=Cc1ccc(N2C(=C(C#N)C#N)C=C(c3ccc(N(c4ccccc4)c4ccccc4)cc3)c3ccccc32)cc1,rl,54.933926,-22.535337
C=CC1=C(c2ccncc2)c2ccccc2N(c2ccc(-c3cc[n+](CC)cc3)cc2)C1=C,rl,-11.054835,-9.918052
N#CC(C#N)=Cc1ccc(N(c2ccc(C=C(c3ccccc3)c3ccccc3)cc2)c2ccc(-c3cc(-c4ccc(C=C(C#N)C#N)o4)c(-c4ccc(N(c5ccccc5)c5ccccc5)cc4)s3)cc2)cc1,rl,61.19869,-28.395039
N#CC(C#N)=Cc1ccc(N(c2ccccc2)c2ccc(-c3ccc(C=C(c4ccc(N(c5ccccc5)c5ccccc5)cc4)c4ccc(C=C(C#N)C#N)s4)cc3)cc2)cc1,rl,58.124313,-27.172586
CN(C=C(C#N)C#N)c1ccc(N=Nc2cc3ccccc3nc2C=CC=C(C#N)C#N)cc1,rl,45.351994,-8.097405
CCCCN(CCCC)c1ccc(-c2ccc(-c3ccc(C=C(C#N)C#N)cc3)c3c2C(=O)N(Cc2ccc(N(c4ccccc4)c4ccc(C=C(C#N)C#N)cc4)cc2)CC3)cc1,rl,57.090103,-18.762901
N#CC(C#N)=Cc1ccc(OC#Cc2ccc(N(c3ccccc3)c3ccccc3)cc2)c(C=C(C#N)C#N)c1,rl,49.942043,-23.770338
N#CC(C#N)=Cc1ccc(-n2c3ccccc3ccc3ccccc3n2-c2ccc(C=Cc3ccc(C(F)(F)F)cc3)s2)cc1,rl,50.23377,-6.9591684
N#CC(C#N)=Cc1ccc(-c2ccc(N(c3ccc(-c4ccc(-c5ccc(C=C(C#N)C#N)s5)s4)cc3)c3ccc(N4c5ccccc5Sc5ccccc54)cc3)cc2)cc1,rl,64.80178,-24.724459
N#CC(C#N)=Cc1c2ccccc2c(-c2ccccc2)c2ccccc12,rl,47.9292,-7.985925
N#CC(C#N)=Cc1ccc(N(c2ccccc2)c2ccccc2)c(C=Cc2ccc(-c3ccccc3)cc2)c1,rl,51.601784,-24.81142
CCCCN1c2ccccc2Sc2cc(-c3ccc(N(c4ccc(C=C(C#N)C#N)cc4)c4ccc(C=C(C#N)C#N)cc4)cc3)ccc21,rl,59.717144,-19.80419
N#CC(C#N)=Cc1ccc(-c2ccc(-c3ccc(S)cc3-c3ccc(N(c4ccccc4)c4ccccc4)cc3)s2)s1,rl,70.654305,-32.027138
CCN(CC)c1ccc(C=NN=Cc2cc3ccccc3c3ccccc23)cc1,rl,19.165428,-50.224224
CCCN(c1ccc(C=C(c2ccccc2)c2ccccc2)cc1)c1ccc(-c2ccc(-c3ccc(C=Cc4ccc(NC(=O)C(CC)=C(C#N)C#N)cc4)s3)cc2)cc1,rl,66.96195,-22.953882
COc1cc(-c2ccccc2N=Cc2ccc(N(c3ccccc3)c3ccccc3)cc2)ccc1-c1ccc(C=C(C#N)c2ccc(C#N)cc2)cc1C#N,rl,45.79754,-26.20845
N#CC(C#N)=Cc1ccc(-c2c(-c3ccc(N(c4ccccc4)c4ccccc4)cc3)ccn2-c2ccc(C=C(C#N)C#N)cc2)cc1,rl,54.378525,-22.863682
CCCCCCOc1ccc(N(c2ccc(C=C(C#N)C#N)cc2)c2ccc(-c3ccc(N(c4ccccc4)c4ccc(-c5ccc(N(c6ccccc6)c6ccccc6)cc5)cc4)cc3)cc2)cc1,rl,62.91441,-5.3040843
CCN(CC)c1cccc(-c2ccc(-c3cc(C=C(C#N)C#N)cc[n+]3C)[nH]2)c1,rl,51.66952,-35.136753
CCCCN1C(C#N)=C(C=Cc2ccc(N(c3ccccc3)c3ccccc3)cc2)N=C(c2ccc(N(c3ccccc3)c3ccccc3)cc2)c2ccc(cc2)-c2nc(C=Cc3ccc(N(c4ccccc4)c4ccccc4)s3)ccc21,rl,35.412315,-13.479714
CCCCCOc1ccc(-c2ccc(-c3ccc(-c4ccc(N(c5ccc(C=C(C#N)C#N)cc5)c5ccc(C=C(C#N)c6ccc(N(c7ccccc7)c7ccccc7)cc6)cc5)cc4)cc3)s2)cc1,rl,65.89571,-6.4373636
CCCCCCCCC(=Nc1ccc(-c2ccc3c4ccccc4n(CCCCCC)c3c2)cc1)c1ccc(C=C(C#N)C#N)cc1,rl,56.996616,-11.078024
CCCCCCn1c(=CC2=C(C#N)C(=C(C#N)C#N)C2=C(C#N)C#N)c2ccccc2c1=Cc1sc2ccccc2[n+]1CCCC,rl,22.45331,22.08741
SCCSCCCSCCSCCCSCCCSSCCCSCCS,rl,-15.728961,22.013649
C[n+]1ccc(-c2ccc(O)cc2)o1,rl,-17.19922,-7.4727526
CC(C)CCn1c(=C(C#N)C#N)sc(=Cc2ccc(N(c3ccc(C=C(C#N)C#N)cc3)c3ccc(C=C(C#N)C#N)cc3)cc2)c1=O,rl,51.67353,-17.768667
CCCCCCn1c2ccc(-c3ccc(N(c4ccccc4)c4ccc(-c5ccc(C=C(C#N)C#N)s5)cc4)cc3)cc2c2cc(N(c3ccccc3)c3ccccc3)ccc21,rl,69.79363,-20.325922
N#CC(C#N)=Cc1ccc(N(c2ccccc2)c2ccc(-c3csc(C=C(C#N)C#N)c3-c3ccc(-c4ccc(N(c5ccccc5)c5ccccc5)cc4)s3)s2)cc1,rl,63.59521,-29.064526
CNc1ccc(OC)cc1,rl,-26.896826,-40.344418
CCCCCCC(=O)Nc1ccc2c(=Nc3ccccc3)cc(-c3ccc(N(c4ccccc4)c4ccccc4)cc3)oc2c1,rl,31.9085,-6.0960355
CCCCCCN(C)c1ccc(C(=Cc2ccc(N=Nc3ccc(N(c4ccccc4)c4ccccc4)cc3)cc2)c2ccc(N(c3ccccc3)c3ccccc3)cc2)cc1,rl,31.941458,-13.994329
CCCCCCCCCCCCCC(=O)OC(=O)C=Cc1ccc(N(c2ccccc2)c2ccccc2)cc1,rl,31.532309,-12.87299
N#CC(C#N)=Cc1ccc(N(c2ccccc2)c2ccc(-c3ccc(-c4cc(-c5ccc(-c6ccc(-c7ccc(C=C(C#N)C#N)s7)s6)s5)cc(N(c5ccccc5)c5ccccc5)c4)s3)cc2)cc1,rl,67.23189,-30.15805
C(=Cc1ccc(N(c2ccccc2)c2ccccc2)cc1)SC=C1CCCC1C=Cc1ccc(N(c2ccccc2)c2ccccc2)cc1,rl,32.450596,-18.776814
N#CC(C#N)=Cc1ccc(-c2ccc(-c3ccc(-c4ccc(-c5ccc(N(c6ccccc6)c6ccccc6)cc5)s4)s3)cc2)s1,rl,70.458595,-30.172293
CN(C)c1ccc(-c2ccc(C=Cc3ccc(-c4ccc(C=C(C#N)C#N)s4)s3)s2)cc1,rl,63.10609,-37.354782
N#CC(C#N)=Cc1ccc(N=Nc2ccc(N(c3ccccc3)c3ccc(-c4cc[n+](Cc5cccc([N+](=O)[O-])c5)cc4)cc3)cc2)cc1,rl,60.2291,-26.049007
CCN(CC)c1ccc(N=Nc2ccc(C)c(C=Cc3ccc(N=Nc4ccccc4OC)cc3OC)c2)cc1,rl,23.012598,-52.002045
N#CC(C#N)=Cc1ccc(C=Cc2ccc(N(c3ccccc3)c3ccccc3)cc2)s1,rl,57.584057,-30.12459
N#CC(C#N)=Cc1ccc(N(c2ccccc2)c2ccc(-c3ccc(N(c4ccc(-c5ccc(N(c6ccccc6)c6ccccc6)cc5)cc4)c4ccc(-c5ccc(N(c6ccccc6)c6ccccc6)cc5)cc4)cc3)cc2)cc1,rl,52.802723,-23.811832
Nc1cccc2cnccc12,rl,-18.31221,-16.850607
N#CC(C#N)=Cc1ccc(-c2ccc(N(c3ccccc3)c3ccc(-c4ccc(-c5ccc(C=C(C#N)C#N)s5)s4)cc3)cc2)s1,rl,70.458595,-30.172293
N#CCC1(C#N)C(=Cc2ccc(C=C(C#N)C#N)s2)c2ccc(N(c3ccccc3)c3ccccc3)cc21,rl,69.714745,-33.04707
[O-][n+]1cccc2c3ccc4ccccc4c3ccc21,rl,-13.215889,-23.836832
CCCCCCN1C(=O)C(C)(Cc2ccccc2)c2c1ccc1cccc(-c3ccc(-c4ccc(-c5ccc(C=C(C#N)C#N)s5)s4)s3)c21,rl,67.63019,-13.070737
N#CC(C#N)=CC(c1ccc(F)cc1)=c1ccccc1=Cc1ccc(N(c2ccccc2)c2ccc(F)cc2)cc1,rl,46.068333,-22.945463
Cn1ccc2c(Nc3ccc(C(=C4C=C(c5ccccc5)C=C(c5ccccc5)C4)c4ccccc4)cc3)cccc21,rl,-29.286028,7.177231
CCN(c1ccc(C=C(C#N)c2ccc(N=C(c3ccccc3)c3ccccc3)cc2)cc1)c1ccc2ccccc2c1,rl,48.08749,-26.287397
CCCCN(c1ccc(C=C(C#N)C#N)cc1)c1ccc(N(c2ccccc2)c2ccc(-c3ccc(C=C(C#N)C#N)s3)cc2)cc1,rl,66.574425,-20.091883
C(=Cc1ccc2c(n1)c(-c1ccc(N(c3ccccc3)c3ccccc3)cc1)nc1ccccc12)c1ccc(N(c2ccccc2)c2ccccc2)cc1,rl,31.643427,-23.649725
CCCCCCN(CCCCCC)c1ccc2c(c1)sc1cc(-n3c(-c4ccc(N(c5ccccc5)c5ccccc5)cc4)c(C=C(C#N)C#N)c4ccccc43)ccc12,rl,62.798187,-20.826872
CCCCCCN(c1ccc(C=C(C#N)C#N)cc1)c1ccc(C=C(C#N)C#N)cc1,rl,60.045826,-13.355072
COc1ccc(C=C(C#N)c2cccs2)cc1,rl,11.61812,-34.693
O=C=Nc1cccc2ccc3ccccc3c12,rl,-15.948486,-24.338863
N#CC(C#N)=Cc1cn(C=C(C#N)c2ccc(N(c3ccccc3)c3ccccc3)cc2)c2cc(N(c3ccccc3)c3ccccc3)ccc12,rl,44.35743,-23.224478
N#CC(C#N)=Cc1ccc(N(c2ccccc2)c2ccc(-c3ccc(N(c4ccccc4)c4ccccc4)cc3)cc2)cc1,rl,52.80412,-23.810944
N#CC(C#N)=Cc1cc(C=C(C#N)C#N)cc(-c2cc(-c3ccccc3)cc(-c3ccccc3)c2)c1,rl,48.015434,-8.359938
N#CC(C#N)=Cc1ccc(N(c2ccccc2)c2ccc(-c3ccc(-c4ccc(-c5nc(-c6ccc(N(c7ccccc7)c7ccccc7)cc6)c(C=C(C#N)C#N)s5)cc4)s3)cc2)cc1,rl,63.090813,-28.580967
CCCCCCN(CCCCCC)c1ccc2c(c1)N(CCCCCC)C1C2=CC2C(C)(C)CCCC12C,rl,20.988155,5.294078
N#CC(C#N)=Cc1ccc(N(c2ccccc2)c2cccc(C=Cc3ccc(N(c4ccccc4)c4ccccc4)cc3)c2)cc1,rl,49.60573,-22.490408
CCN(CC)c1ccc2nc(-c3ccc(N(c4ccccc4)c4ccc(C=C(C#N)C#N)cc4)cc3)oc2c1,rl,50.077938,-27.325382
CCN(CC)c1ccc(C=Cc2cc(=O)oc3cc(N(c4ccc(C=C(C#N)C#N)cc4)c4ccc(N=Nc5ccc(N(CC)CC)cc5)cc4)ccc23)cc1,rl,50.460922,-37.255035
CCCCN(c1ccc(C=C(C#N)C#N)cc1)c1ccc(N=Cc2ncc(-c3ccc(N(c4ccccc4)c4ccccc4)cc3)o2)cc1,rl,55.44045,-19.59934
COc1ccc(Nc2cc(-c3ccc(C=C(C#N)C#N)s3)cc(N3CCCCC3)n2)cc1,rl,61.703186,-40.978546
CC=CC(C)=C(C)C,rl,-16.36205,22.53986
CCN(CC)c1ccc(-c2cc(=N)oc3cc(Cl)ccc23)cc1,rl,14.935107,-55.76047
Cc1ccccc1N=Nc1ccc(C=Nc2ccc([N+](=O)[O-])cc2)cc1,rl,4.607071,18.4073
COc1ccc(N(c2ccc(-c3cc4c(OC)cc(C=C(C#N)C#N)c(OC)c4o3)cc2)c2ccc(-c3ccc(C=C(C#N)C#N)s3)cc2)cc1,rl,60.70998,-33.286385
Cn1c(=S)cc(-c2ccc(N(c3ccccc3)c3ccccc3)cc2)c2nsnc21,rl,28.383541,-35.92442
CCCCn1c(-c2ccc(N(c3ccccc3)c3ccc(N(c4ccccc4)c4ccccc4)cc3)cc2)cc(C=C(C#N)C#N)c1-c1ccc(-c2ccc(C=C(C#N)C#N)s2)cc1,rl,68.12614,-19.431795
N#CC(C#N)=Cc1ccc(-c2ccc(-c3cc(-c4ccc(N(c5ccccc5)c5ccccc5)cc4)nc(-c4ccccc4)n3)cc2)s1,rl,73.3636,-31.95058
N#CC(C#N)=Cc1ccc(N(c2ccccc2)c2ccc(N(c3ccc(-c4ncccn4)cc3)c3ccc(-c4ccc(C=C(C#N)C#N)s4)cc3)cc2)cc1,rl,67.428246,-28.733835
N#CC(C#N)=Cc1ccc(-c2ccc(N)cc2C(=O)O)cc1,rl,48.889973,-10.483886
CC1(C)c2cc(N(c3ccccc3)c3ccccc3)ccc2-c2c1ccc[n+]2-c1ccc(-c2ccc(C=C(C#N)C#N)cc2)cc1,rl,55.39413,-23.579672
N#CC(C#N)=Cc1ccccc1-c1ccc2ccccc2c1,rl,46.510216,-8.491681
CCN(CC)c1cc2c(cc1C=C(C#N)C#N)Cc1cc(Cl)ccc1-2,rl,51.536243,-35.868385
COCCOCCOCCOc1ccc(-c2ccc(-c3ccc(-c4ccc(C=C(C#N)C#N)s4)s3)s2)cc1,rl,62.79934,-39.218266
N#CC(C#N)=Cc1ccc(N(c2ccccc2)c2ccc3c(c2)Sc2cc(-c4ccc(C=C(C#N)C#N)s4)ccc2N3c2ccccc2)cc1,rl,64.7231,-24.622198
c1ccc(N(c2ccccc2)c2ccc(N(c3ccccc3)c3ccc(-c4ccc5ccc(N(c6ccccc6)c6ccccc6)cc5c4)cc3)cc2)cc1,rl,25.770723,-35.2789
N#CC(C#N)=Cc1ccc(N(c2ccccc2)c2ccc(-c3cc(-c4ccc(N(c5ccccc5)c5ccccc5)cc4)n(-c4ccccc4)n3)cc2)cc1,rl,54.0253,-23.050749
N#CC(C#N)=Cc1ccc(-c2ccc(-c3ccc4c(c3)CCc3ccccc3N4c3ccc(-c4ccc(-c5ccc(N(c6ccccc6)c6ccccc6)cc5)s4)cc3)cc2)nc1,rl,64.05221,-24.80968
CC1=NC(c2ccccc2)=c2ccc(=Cc3nc(-c4ccc(-c5ccc6cccnc6n5)cc4)oc3C#N)cc21,rl,6.771881,-11.827427
N#CC(C#N)=Cc1ccc(-c2ccc3ccccc3c2)s1,rl,65.51152,-40.98723
CCN(CC)c1ccc(C=C(C#N)C#N)c(C=C(C#N)C#N)c1,rl,50.989082,-35.84442
N#CC(C#N)=CC=Cc1ccc[nH]1,rl,48.52991,-8.079274
CCN(CC)c1ccc(C=Cc2ccc(C=C(C#N)C#N)s2)cc1,rl,49.953156,-36.499645
N#CC(C#N)=Cc1ccc(-c2ccc(N(c3ccccc3)c3ccc(-c4ccc(-c5ccc(-c6cccs6)s5)s4)cc3)cc2)s1,rl,70.77205,-29.62672
CCCCN(CCCC)c1c(C=Cc2ccccc2S(=O)(=O)c2ccc(N(c3ccccc3)c3ccc(C=C(c4ccccc4)c4ccc(N(c5ccccc5)c5ccccc5)cc4)cc3)cc2)c(=O)c1=O,rl,31.662565,-14.234886
CCCCc1ccc(N(c2ccc(C=C(C#N)C#N)cc2)c2ccc(-c3ccc(-c4ccc(C=C(C#N)C#N)s4)s3)cc2)cc1,rl,65.76309,-16.894836
N#CC(C#N)=Cc1cc(-c2ccc(N(c3ccccc3)c3ccc(C=C(C#N)C(=O)O)cc3)cc2)sc1C#N,rl,58.000645,14.557146
CCCCN(CCCC)c1ccc(C=Cc2cc(=O)cc(C)o2)cc1,rl,27.66177,-11.872292
CCOc1ccc(N=Nc2ccc3nc(-c4ccc(N(CC)CC)cc4)nc(C#Cc4ccc(N(CC)CC)cc4)c3c2)cc1,rl,21.890398,-50.711975
N#CC(C#N)=Cc1ccc(N(c2ccccc2)c2ccc(-c3ccc(-c4sc(C=C(C#N)C#N)cc4-c4ccccc4)s3)cc2)cc1,rl,64.712364,-29.217072
O=[N+]([O-])C=Cc1cccc([N+](=O)[O-])c1,rl,4.826424,18.544788
CCN(CC)c1ccc(-n2c3ccccc3c3cc(-c4ccc(-c5ccccc5)c5ccccc45)ccc32)cc1,rl,13.0119095,-40.65041
CCCCC1Oc2ccc(N(CC)c3ccc(C=C(C#N)C#N)cc3)cc2Sc2cc(N(c3ccccc3)c3ccccc3)ccc21,rl,58.23326,-17.536486
N#CC(C#N)=Cc1c(-c2ccc(N=O)s2)n(OCc2ccccc2)c2ccccc12,rl,47.78912,-5.2933745
CCCCN(CCCC)N=Cc1ccc(C=Nc2nc(-c3ccccc3)c(-c3ccccc3)o2)cc1,rl,21.706589,15.367071
CC(C)=CC(=O)Nc1cc(NC=O)ccc1N,rl,-22.802013,22.425417
CCCCCCC1CC(C)(C)c2cc(-c3ccc(C=C(C#N)C#N)cc3)ccc2N1c1ccc(C=C(C#N)C#N)cc1,rl,63.10828,-13.251073
CCN(CC)c1ccc(C=Nc2ccc3sc(-c4ccc(N=Nc5ccc(N(CC)CC)cc5)c(F)c4)nc3c2)cc1,rl,20.281742,-49.22206
CCCCc1sc(-c2ccc(N(c3ccccc3)c3ccc(C=C(C#N)C#N)cc3)cc2)cc1-c1ccc(-c2ccc(-c3ccc(C=C(C#N)C#N)s3)cc2)s1,rl,66.137726,-19.753405
CCCCCCN1C(=Cc2ccc(-c3ccc(N(CCCCCC)c4ccc(C=C(C#N)C#N)cc4)cc3)cc2)C(=O)c2ccccc21,rl,60.502647,-15.252414
CN(c1ccc(C=C(C#N)C#N)cc1)c1ccc(-c2ccc(C=C(C#N)C#N)s2)c(C=C(C#N)C#N)c1,rl,61.59409,-36.883724
N#CC(C#N)=Cc1ccc(N(Cc2ccco2)c2ccc(-c3ccc(C=C(C#N)C#N)s3)cc2)cc1,rl,64.30604,-36.120308
O=C=Nc1ccc(C=Cc2ccc(N=Cc3ccc(N(c4ccccc4)c4ccccc4)cc3)cc2)cc1,rl,32.662876,-19.733923
CCN(CC)c1ccc(C#Cc2c(C=Cc3cccc(N(CC)CC)c3)cc(=O)n3ccccc23)cc1,rl,21.098867,-53.034313
N#CC(C#N)=Cc1ccc2c(ccn2-c2ccc(C=CC(=O)c3cccs3)cc2)c1,rl,50.30705,-6.942532
COc1ccc(N(c2ccc(C=C(C#N)C#N)cc2)c2ccc3cc(C#CC=C(C#N)C#N)ccc3c2)cc1,rl,45.960308,-31.45046
N#CC(C#N)=Cn1c2ccccc2c2cc(-c3ccc(-c4ccc(N(c5ccccc5)c5ccccc5)cc4)s3)ccc21,rl,72.66877,-35.710068
Cn1c(C=Cc2ccccc2)ccc1-c1ccc(-c2ccc(C=C(C#N)C#N)cc2)s1,rl,65.79892,-37.278557
CCCCn1c2ccccc2c2cc(C=C3SC(=S)N(CC(=O)O)C3=O)ccc21,rl,24.570858,48.60648
c1ccc(-c2ccc3nc(-c4ccc(N(c5ccc(N(c6ccccc6)c6ccccc6)cc5)c5ccc(N(c6ccccc6)c6ccccc6)cc5)cc4)sc3c2)cc1,rl,27.271015,-36.60305
N#CC(C#N)=Cc1ccc(N(c2ccccc2)c2ccc(C=Cc3ccc(-c4ccc(N(c5ccccc5)c5ccccc5)cc4)s3)cc2)cc1,rl,65.547646,-30.771807
N#CC(C#N)=Cc1ccc(N(c2ccccc2)c2ccc(C(C#N)=Cc3ccc(N(c4ccc(C=C(C#N)C#N)cc4)c4ccc(-c5ccc(-c6cc(-c7ccc(C=C(C#N)C#N)s7)c(-c7ccc(N(c8ccccc8)c8ccccc8)cc7)s6)s5)cc4)cc3)cc2)cc1,rl,67.50509,-26.885286
CCN1c2ccccc2Oc2ccc(NCC#N)cc21,rl,4.79496,2.3291314
CCCCn1c(=C(C#N)C#N)sc(=Cc2ccc(N3c4ccccc4Sc4cc(-c5ccc(C=C(C#N)C#N)s5)ccc43)cc2)c1=O,rl,69.8736,-14.779512
N#CC(C#N)=Cc1ccc(-c2cc3ccccc3s2)s1,rl,65.11404,-40.933823
CCCCN(CCCC)c1ccc(N(c2ccc(C=C(C#N)C#N)cc2)c2ccc(-c3ccc(-c4ccc(-c5ccc(C=C(C#N)C#N)s5)s4)c(-c4ccc(-c5ccc(N(c6ccccc6)c6ccccc6)cc5)s4)c3)cc2)cc1,rl,66.02914,-19.997318
C=CC=C1N(c2ccc(C=Cc3ccc(N=Cc4ccc(N(c5ccccc5)c5ccccc5)cc4)c(OC)c3)cc2)c2ccccc2C1(C)CCCC,rl,33.96081,-11.89507
N#CC(C#N)=Cc1ccc(N(c2ccc(C=C(C#N)C#N)cc2)c2ccc(N(c3ccccc3)c3ccc(-c4nc(C=C(C#N)C#N)cc(-c5ccc(N(c6ccccc6)c6ccccc6)cc5)n4)cc3)cc2)cc1,rl,52.214706,-25.546646
Cc1cc(N(c2ccc(C=C(C#N)C#N)cc2)c2ccc(-c3ccc(C=C(C#N)C#N)s3)cc2)c(C)cc1-c1ccc(C=C(C#N)C#N)s1,rl,64.20313,-33.874405
CCN(CC)c1ccc(Cn2c(=NS(=O)(=O)c3ccc(C)cc3)oc3cc(N(CC)CC)ccc32)cc1,rl,17.565052,-56.831406
N#CC(C#N)=Cc1ccc(N(c2ccccc2)c2ccc(-c3c4cc(C=C(C#N)C#N)cc[n+]4c4ccccc4[n+]3C=C(C#N)C#N)cc2)cc1,rl,52.633255,-24.350544
CCCCN(c1ccc(C=C(C#N)C#N)cc1)c1ccc(Sc2cc[n+](-c3ccc(-n4c5ccccc5c5cc(C=C(C#N)C#N)ccc54)cc3)cc2)cc1,rl,47.178425,-14.653457
CCCCN(CCCC)c1ccc(C=CC(=O)c2c[nH]c3ccccc23)cc1,rl,29.613857,-12.8337965
CCCCc1cc(-c2cc(-c3ccc(N(c4ccccc4)c4ccc(C=C(C#N)C#N)cc4)cc3)c(-c3ccc(C=C(C#N)C#N)s3)s2)sc1-c1ccc(C=C(C#N)C#N)s1,rl,66.033325,-19.175436
CN(C)c1ccc(C=C2CCN(c3ccc(C=C4C(=O)NC(=O)NC4=O)cc3[N+](=O)[O-])CC2)cc1,rl,21.197794,-11.308087
N#CC(C#N)=Cc1ccc(-c2ccc(-c3sc(C=C(C#N)C#N)cc3-c3ccc4c(c3)CCCC4)s2)s1,rl,63.490837,-40.644154
CCN(CC)CCN1c2ccccc2Sc2cc(-c3ccc(-c4ccc(C=C(C#N)C#N)cc4)s3)ccc21,rl,69.83574,-15.454162
N#CC(C#N)=Cc1ccc(N(c2ccccc2)c2ccc(C=C(c3ccc(N(c4ccccc4)c4ccccc4)cc3)c3ccc(C=C(C#N)C#N)s3)cc2)cc1,rl,57.92386,-27.112446
N#CC(C#N)=Cc1ccc(-c2ccc(N(c3ccccc3)c3ccc(-c4ccc(-c5ncc(-c6ccc7ccccc7c6)o5)cc4)cc3)cc2)s1,rl,74.14062,-31.002281
N#CC(C#N)=Cc1ccc(N(c2ccccc2)c2ccc(C=Cc3ccc(N)cc3)cc2)cc1,rl,49.455147,-21.965761
N#CC(C#N)=Cc1ccc(-c2ccc(-c3nc4cc(-c5ccc(N(c6ccccc6)c6ccccc6)cc5)ccc4o3)cc2)s1,rl,74.271286,-30.886517
CCCCCCCCCCCC=C(c1ccc(N(C)CCCC)cc1)c1ccc(N(CCCCCCCCCC)CCCCCCCCCC)cc1,rl,21.492432,6.8982673
CCc1ccc(C=C(C#N)C#N)n1-c1cccc(N=Nc2ccc(S(=O)(=O)CC(C#N)=Cc3ccc(-c4ccc(C=C(C#N)C#N)cc4)o3)cc2)c1,rl,50.203087,-12.024017
CCCCCCN(CCCCCC)c1ccc(C=Cc2ccc(C(=O)Nc3cc4c(cc3N=Cc3ccc(N(c5ccccc5)c5ccc(C=NN(c6ccccc6)c6ccc(C=C(C#N)C#N)cc6)cc5)cc3)Sc3ccccc3N4CCCCCC)cc2)cc1,rl,59.32468,-19.086454
N#CC(C#N)=Cc1ccc(N(c2ccccc2)c2ccc(-c3ccc(-c4ccc(-c5ccc(-c6ccc(N=Nc7ccc(N(c8ccccc8)c8ccccc8)cc7)cc6)s5)cc4)s3)cc2)cc1,rl,63.612328,-28.865868
CCN(CC)c1ccc(C=Cc2ccc(-c3ccc(C=C(C#N)C#N)cc3)s2)cc1,rl,63.09596,-35.17888
CC1(C)c2ccccc2-c2ccc(-c3nc4ccccc4n3-c3ccc(-c4ccc(N(c5ccccc5)c5ccccc5)cc4)s3)cc21,rl,34.38604,-39.51264
N#CC(C#N)=Cc1ccc(Oc2ccc(-c3ccc(C=C(C#N)C#N)cc3)cc2)cc1,rl,49.47097,-10.607617
N#CC(C#N)=Cc1ccc(-c2ccc(N(c3ccc(C=C(C#N)C#N)cc3)c3ccc(-c4ccc(-c5ccc(-c6ccc(N(c7ccccc7)c7ccccc7)cc6)cc5)s4)cc3)cc2)cc1,rl,63.688774,-28.937689
CCN(CC)c1ccc(C2=CC(=Cc3ccc(NC4=CCCC(C=C(C#N)C#N)=C4)cc3)C(=O)O2)cc1,rl,50.237453,-38.214638
CCCCCC[n+]1ccc(-c2ccc(-c3ccc(N(c4ccccc4)c4ccccc4)cc3)cc2)cc1,rl,32.115616,-4.2213764
N#CC(C#N)=Cc1ccc(N(c2ccccc2)c2ccc(N=Nc3sc(C#N)c(C=C(C#N)C#N)c3C#N)cc2C(F)(F)F)cc1,rl,51.266068,-22.132317
N#CC(C#N)=Cc1ccc(-c2ccc(-c3ccc(N(c4ccccc4)c4cccc5oc(-c6ccc([N+](=O)[O-])s6)cc45)cc3)s2)cc1,rl,61.040855,-26.464554
N#CC(C#N)=Cc1ccc(N(N=Cc2cc(-c3ccc(C#N)cc3)sc2-c2ccc(N(c3ccccc3)c3ccccc3)cc2)c2ccccc2)cc1,rl,62.507847,-27.492907
N#CC(C#N)=c1sc(=CC=Cc2cccs2)cc1-c1ccc(-c2ccc(N(c3ccccc3)c3ccccc3)cc2)s1,rl,72.1453,-27.106407
N#CC(C#N)=Cc1ccc(-c2nc(-c3ccc(N(c4ccccc4)c4ccccc4)cc3)c(C#N)cc2-c2ccc(N=Nc3ccc(C=C(C#N)C#N)s3)s2)cc1,rl,68.20886,-31.961063
N#CC(C#N)=Cc1ccc(N(c2ccc(-c3ccc(C=C(C#N)C#N)s3)cc2)c2ccc3c(c2)C2c4ccccc4C3c3ccccc32)cc1,rl,66.91563,-30.626225
N#CC(C#N)=Cc1ccc(N(c2ccc(C#N)cc2)c2ccc(-c3ccc(C=C(C#N)c4ccc(C=C(C#N)C#N)s4)cc3)cc2)cc1,rl,64.735306,-33.353558
CCCCCCCCN1c2ccc(C=C(C#N)C#N)cc2Sc2cc(S(=O)(=O)Cl)ccc21,rl,56.187218,-8.216302
N#CC(C#N)=Cc1ccc(N(c2ccc(-c3ccc(C=C(C#N)C#N)s3)cc2)c2ccc(-c3c(C#N)c4ccccc4n3-c3cc(C=C(C#N)C#N)cc(C=C(C#N)C#N)c3)cc2)cc1,rl,71.800186,-36.78502
O=C(C=Cc1ccc(N(c2ccccc2)c2ccccc2)cc1)Nc1cccc[n+]1O,rl,33.983906,-18.881752
N#CC(C#N)=Cc1ccc(-c2ccc(-c3ccc(N(c4ccccc4)c4ccc(N(c5ccccc5)c5ccccc5)cc4)cc3)cc2)cc1,rl,52.804394,-23.810928
CCCC[n+]1c(-c2ccc(N=Cc3ccc(N(c4ccccc4)c4ccccc4)cc3)cc2)ccc(C=C(C#N)C#N)c1-c1cccc2ccccc12,rl,56.407375,-18.413715
N#CC(C#N)=Cc1ccc(-c2ccc(-c3ccc(-c4ccc(-c5ccccc5)o4)cc3)s2)s1,rl,66.04385,-39.475857
N#CC(C#N)=Cc1ccc(-c2ccc(N(c3ccccc3)c3ccccc3)cc2)cc1C(C#N)=C(C#N)C#N,rl,53.287872,-27.053282
CCCCOc1ccc(C=C(C#N)C#N)cc1,rl,60.83718,-7.5288534
N#CC(C#N)=Cc1ccc(-c2ccc(N(c3ccccc3)c3ccc(C4=CC(=C(C#N)C#N)c5cc6ccccc6cc5C4)cc3)cc2)o1,rl,53.1404,-28.992245
N#CC(C#N)=Cc1ccc(N(c2ccccc2)c2ccc(C=Cc3ccc(N(c4ccccc4)c4ccc(C=C(C#N)C#N)cc4)cc3)cc2)cc1,rl,49.65962,-22.021776
CCCCCCCCNc1ccc2c(c1)C(=O)N(CCC)C2=O,rl,20.11654,26.375048
N#CC(C#N)=Cc1ccc(N(c2ccc(C=C(C#N)C#N)cc2)c2ccc(-c3ccc(N(c4ccccc4)c4ccccc4)cc3)cc2)cc1,rl,52.803623,-23.81191
N#CC(C#N)=Cc1ccc(N(c2ccccc2)c2cccc(-c3ccc(N(c4ccc(C=C(C#N)C#N)cc4)c4ccc(N(c5ccccc5)c5ccccc5)cc4)c4sc(-c5ccc(N(c6ccccc6)c6ccccc6)cc5)cc34)c2)cc1,rl,61.58523,-28.260746
N#CC(C#N)=Cc1ccc(N(c2ccc(-c3ccc(-c4ccc(N(c5ccccc5)c5ccccc5)cc4)s3)cc2)c2cccc(-c3ccc(-c4ccc(C=C(C#N)C#N)s4)s3)c2)cc1,rl,67.329544,-30.244024
CCCCN(c1ccc(C=C(C#N)C#N)cc1)c1ccc(-c2ccc(-c3ccc(-c4nccs4)cc3)s2)cc1,rl,64.3035,-16.07556
N#CC(C#N)=Cc1ccc(-c2ccc(N(c3ccccc3)c3ccc(N(c4ccccc4)c4ccc(C(C#N)=C(C#N)c5ccc(N(c6ccccc6)c6ccccc6)cc5)cc4)cc3)cc2)s1,rl,69.97986,-29.405714
CCCc1cc(-c2nccn2-c2ccc(N(c3ccccc3)c3ccccc3)cc2)oc1-c1ccc(-c2ccc(-c3ccc(C=C(C#N)C#N)cc3)cc2)cc1,rl,54.80699,-20.42074
CCCCN(CCCC)c1ccc(C2=C(c3ccc(Br)s3)C(=Nc3ccc(N(c4ccccc4)c4ccccc4)cc3)c3ccccc32)cc1,rl,31.55346,-3.6115944
N#CC(C#N)=Cc1ccc(-c2ccc(-c3ccc(-c4ccc(-c5ccc(-c6ccccc6)s5)s4)cc3)s2)s1,rl,65.811,-39.39279
N#CC(C#N)=Cc1ccc(-c2ccc(-n3cc(-c4ccc(-c5ccc(N(c6ccccc6)c6ccccc6)cc5)s4)c(C=Cc4ccccc4)n3)cc2)o1,rl,75.41944,-29.370533
N#CC(C#N)=Cc1ccc(N(c2ccccc2)c2ccc(-c3ccc(-c4ccc(-n5c6ccccc6c6ccc(-c7ccc(-c8ccc(-c9ccc(C=C(C#N)C#N)s9)s8)s7)cc65)cc4)s3)cc2)cc1,rl,72.16145,-36.90785
N#CC(C#N)=Cc1ccc(-c2cc3sc(-c4cccs4)cc3s2)s1,rl,64.51481,-40.605995
N#CC(C#N)=Cc1ccc(N(c2ccccc2)c2ccc(-c3ccc(-c4ccc(N(c5ccc(C=C(C#N)C#N)cc5)c5ccc(-c6ccc(C=C(C#N)C#N)s6)cc5)cc4)s3)cc2)cc1,rl,66.94341,-29.62599
CCCSc1nc(C=Cc2ccc(N(c3ccccc3)c3ccccc3)c(OC)c2)cc(-c2ccc(-c3ccc(N(c4ccccc4)c4ccccc4)cc3)s2)n1,rl,32.766815,-26.10534
N#CC(C#N)=Cc1ccc(-c2ccc(-c3cc(-c4sc(C=C(C#N)C#N)cc4-c4c5ccccc5c(-c5ccccc5)c5ccccc45)cs3)cc2)s1,rl,66.38162,-39.54356
N#CC(C#N)=COc1ccc(N(c2ccccc2)c2ccc(-c3ccc(N(c4ccccc4)c4ccc(C=C(C#N)C#N)cc4)cc3)cc2)cc1,rl,52.300182,-23.29047
N#CC(C#N)=Cc1ccc(-c2ccc(-c3ccc(-c4ccc(C=C(C#N)C#N)s4)s3)cc2)cc1,rl,64.79649,-38.112
COc1ccc(C=C(c2ccc(N(c3ccccc3)c3ccc(C=C(C#N)C#N)cc3)cc2)c2nc(C#N)c(N=C(C#N)C#N)s2)c(N(C)c2ccc(C=C(c3ccccc3)c3ccccc3)cc2)c1,rl,44.724483,-30.232714
CCCCCCn1c(-c2cccc(C=C(C#N)C#N)c2)nc(C=C(C#N)C#N)c1-c1ccc(-c2ccc(C=C(C#N)C#N)s2)cc1,rl,67.56476,-14.210388
N#CC(C#N)=Cc1ccc(-c2ccc(-c3cc(-c4ccc(N(c5ccccc5)c5ccccc5)cc4)c(C=Cc4cc[n+](C=C(C#N)C#N)cc4)s3)s2)s1,rl,66.874825,-31.936056
N#CC(C#N)=Cc1ccc(-c2ccc(-c3ccc(-c4ccc(N(c5ccccc5)c5ccc(C=C(C#N)C#N)cc5)cc4)s3)s2)cc1,rl,63.781864,-28.924826
N#CC(C#N)=Cc1ccc(N(c2ccc(-c3ccc(-c4ccc(C=C(C#N)C#N)o4)cc3)cc2)c2ccc(-c3ccc(C=C(C#N)C#N)s3)cc2)cc1,rl,65.3616,-34.273174
CCCCCCCCCCn1c(-c2ccccc2)cc2cc(C=C(C#N)C#N)ccc21,rl,57.165405,-10.79427
CCCCc1ccc(-n2c3cc(-c4ccc(C=C(C#N)C#N)s4)ccc3c3ccc(-c4ccc(N(c5ccncc5)c5ccc(C=C(c6ccc(SC)cc6)c6ccc(C=C(C#N)C#N)s6)cc5)s4)cc32)cc1,rl,65.99892,-16.706696
N#CCCCN(c1ccc(-c2ccc(C(C#N)=Cc3cccn3-c3ccc(-c4ccc(C=C5C(=O)Nc6ccccc65)s4)cc3)s2)cc1)c1ccc(N(c2ccccc2)c2ccccc2)cc1,rl,72.95214,-24.86398
N#CC(C#N)=Cc1ccc(-c2ccc(-c3ccc(N(c4ccccc4)c4ccc(-c5ccc6c(c5)N=C5CCC6C5)cc4)cc3)cc2)o1,rl,53.276134,-28.925695
CCCCN(c1ccc(C=C(C#N)c2ccc(C=C(C#N)C#N)s2)cc1)c1ccc(-c2ccc(N(c3ccccc3)c3ccccc3)cc2)cc1,rl,60.494408,-17.510328
CC1(C)c2cc(N(c3ccccc3)c3ccccc3)ccc2-c2ccc(N(c3ccc(-c4ccc(N=Nc5ccc(-c6ccc(C=C(C#N)c7ccc(N(c8ccccc8)c8ccc(C=C(C#N)C#N)cc8)cc7)cc6)cc5)cc4)cc3)c3ccc(-c4ccc(C=C(C#N)C#N)s4)cc3)cc21,rl,67.572014,-26.345533
N#CC(C#N)=Cc1ccc(N(c2ccccc2)c2ccc(-c3ccc4nc(-c5ccc(N(c6ccccc6)c6ccc(C=C(C#N)C#N)cc6)cc5)sc4c3)cc2)cc1,rl,52.372635,-25.7906
CN(Cc1ccccc1)c1ccc(C=CC(=O)c2ccc(NC(=O)c3ccc(Cl)s3)cc2)cc1,rl,-62.162598,-30.703045
CCN(CC)c1ccc2c(C=C(C#N)C#N)ccc(-c3ccc4c(c3)CCCN4CC3=NC(C4=CC(C=C(C#N)C#N)=CC4=C(C#N)C#N)C=C3)c2c1,rl,52.367184,-36.3298
C[n+]1c(C=CC(C=C(C#N)C#N)=CC=C(C#N)C#N)c(C=C(C#N)C#N)cc2ccccc21,rl,46.41871,-8.202049
CCCCCCN(CCCCCC)c1ccc(-c2ccc(C=C(C#N)C#N)cc2)cc1,rl,60.360294,-13.838137
N#CC(C#N)=Cc1ccc(C(C#N)=Cc2ccc(N(c3ccccc3)c3ccc(-c4nn(-c5ccc([N+](=O)[O-])cc5)nc4C=C(C#N)C#N)cc3)cc2)s1,rl,59.966072,-26.23927
CCCOc1ccc(C=C(C#N)C#N)cc1,rl,60.685837,-7.4109225
N#CC(=Cc1ccc(-c2ccc3ccccc3c2O)c2ccccc12)c1ccc(N(c2ccccc2)c2ccccc2)cc1,rl,44.449818,-24.744827
CC(=O)N1c2ccc(N=C=C(C#N)C#N)cc2C(C)=CC1(C)C,rl,-15.524282,14.47968
CCCCCCn1c2ccc(-c3ccc(C=C(C#N)C#N)s3)cc2c2c3c(N=Nc4ccc(N(c5ccccc5)c5ccccc5)cc4)ncnc3ccc21,rl,69.7791,-20.173565
CCN(CC)c1ccc(C=Nc2ccc(-c3cc(-c4ccc(N(c5ccc(C=C(C#N)C#N)cc5)c5ccc(C=C(C#N)C#N)cc5)cc4)nc(-c4ccc(N=Nc5ccc(N(c6ccccc6)c6ccccc6)cc5)cc4)n3)cc2)cc1,rl,49.85327,-27.083763
N#CC(C#N)=Cc1ccc(N(c2ccccc2)c2ccc(N(c3ccccc3)c3ccccc3)cc2)cc1,rl,50.616287,-22.860817
CCN(CC)c1ccc2c(c1)C(c1ccc(Br)cc1)=C1c3cc4ccccc4cc3C(=O)C1N2CC(C)=O,rl,15.571536,-49.970047
CCCCN(c1ccc(C=C(C#N)C#N)cc1)c1ccc(-c2ccc3c(c2)Sc2ccccc2N3c2ccc(C=C(C#N)C#N)cc2)cc1,rl,59.17668,-20.352903
N#CC(C#N)=Cc1ccc(N=Cc2ccc(N(c3ccccc3)c3ccc(-c4ccc(N(c5ccc(-c6ccc(N(c7ccccc7)c7ccccc7)cc6)cc5)c5ccc(-c6ccc(C=C(C#N)C#N)s6)cc5)cc4)cc3)cc2)cc1,rl,66.37001,-29.576616
N#CC(C#N)=Cc1cc2ccccc2s1,rl,46.616646,-7.6650486
N#CC(C#N)=Cc1ccc(N(c2ccccc2)c2ccc(-c3ccc(C=C(C#N)C#N)o3)cc2)cc1,rl,52.28496,-28.33089
CCCCCCC1(C=C(C#N)C#N)c2ccccc2-c2ccc(-c3ccc(-c4ccc(C=C(C#N)C#N)s4)s3)cc21,rl,68.47954,-11.980641
CCCCCCN(c1ccc(C=C(C#N)C#N)cc1)c1ccc(-c2ccc(C(=O)Nc3cc(N(CC)CC)ccc3C=C(C#N)C#N)cc2)cc1,rl,59.927685,-14.130319
N#CC(C#N)=Cc1ccc(C=C(C#N)C#N)cc1,rl,49.649265,-9.628887
