Agent,Prior,Target,Score,SMILES,SMILES_state,Scaffold,lambda_abs,lambda_abs (raw),QED,QED (raw),SA score,SA score (raw),Unwanted SMARTS,Unwanted SMARTS (raw),matchting_patterns (Unwanted SMARTS),step
48.7810,58.1157,-58.1157,0.0000000,COCCN(C(C)=O)c1ccc2c(cnn2C(=O)C(C#N)=Cc2ccc(N(C)C(=O)OC(C)(C)C)cc2)c1,1,O=C(C=Cc1ccccc1)n1ncc2ccccc21,0.0000000,0.0000,0.0000000,0.0000,0.0000000,0.0000,0.0000000,0.0000,"['C(=[O,S])[O,S]']",1
50.4247,56.4303,-45.1818,0.0878793,CN(C)c1cc2nc3n(c2cc1-c1ccccc1C=O)C1(C)CCC1C3(C)C,1,c1ccc(-c2ccc3nc4n(c3c2)C2CCC2C4)cc1,0.0798720,373.4637,0.6066157,0.6066,0.4531420,3.9577,1.0000000,1.0000,[],1
27.2962,29.0564,-28.7053,0.0027429,NC(N)=Nc1ccc(CNC(=O)c2cnc3ccccc3c2)cc1,1,O=C(NCc1ccccc1)c1cnc2ccccc2c1,0.0020728,332.9362,0.5052645,0.5053,0.6599424,2.0780,1.0000000,1.0000,[],1
33.4791,36.5910,-36.5910,0.0000000,CN(C)C(=O)NCCCOC(=O)C(=CC(=O)O)C(=O)O,1,,0.0000000,0.0000,0.0000000,0.0000,0.0000000,0.0000,0.0000000,0.0000,"['C(=[O,S])[O,S]']",1
36.5300,37.6624,-37.6624,0.0000000,CCCCCCOC(C)COC(=O)CCCS(=O)(=O)c1ccc(F)cc1,1,c1ccccc1,0.0000000,0.0000,0.0000000,0.0000,0.0000000,0.0000,0.0000000,0.0000,"['C(=[O,S])[O,S]']",1
29.1156,35.5942,24.2472,0.4675109,C(=Nc1ccc(N2CCCC2)nc1)c1ccc(N(c2ccccc2)c2ccccc2)cc1,1,C(=Nc1ccc(N2CCCC2)nc1)c1ccc(N(c2ccccc2)c2ccccc2)cc1,0.4702641,398.7071,0.3191427,0.3191,0.6271527,2.3328,1.0000000,1.0000,[],1
24.8487,24.5788,-24.5788,0.0000000,O=C(CCN1C(=O)COc2ccccc21)OCc1ccccc1,1,O=C(CCN1C(=O)COc2ccccc21)OCc1ccccc1,0.0000000,0.0000,0.0000000,0.0000,0.0000000,0.0000,0.0000000,0.0000,"['C(=[O,S])[O,S]']",1
27.0775,31.2798,-24.7287,0.0511798,c1ccc2c(c1)Sc1cccc3c1c-2cc1ccccc13,1,c1ccc2c(c1)Sc1cccc3c1c-2cc1ccccc13,0.0458247,367.0368,0.3084047,0.3084,0.6592174,2.0835,1.0000000,1.0000,[],1
39.2806,44.0462,-40.5933,0.0269754,CC(=O)c1ccc(-c2ccc(C(=O)Nc3sc(C)c(-c4ccc(Br)cc4)c3-c3ccc(C)cc3)cc2)s1,1,O=C(Nc1scc(-c2ccccc2)c1-c1ccccc1)c1ccc(-c2cccs2)cc1,0.0237085,359.6331,0.2014767,0.2015,0.6083258,2.4852,1.0000000,1.0000,[],1
23.7833,26.5704,-26.5704,0.0000000,Nc1ccc(cc1)-c1[nH]c(cc1)=O,0,,0.0000000,0.0000,0.0000000,0.0000,0.0000000,0.0000,0.0000000,0.0000,None,1
34.0349,31.0205,-31.0203,0.0000016,O=C1NCC12C=CC1CCCCC12,1,O=C1NCC12C=CC1CCCCC12,0.0000009,248.3095,0.4404675,0.4405,0.3916239,4.6873,1.0000000,1.0000,[],1
19.3678,23.7183,-23.3914,0.0025543,COc1ccc(C=Nc2ccc(C(=O)Nc3ccccc3)cc2)cc1,1,O=C(Nc1ccccc1)c1ccc(N=Cc2ccccc2)cc1,0.0019017,331.9993,0.6895194,0.6895,0.7024346,1.7660,1.0000000,1.0000,[],1
44.1058,54.3952,62.0086,0.9094045,CCCCOc1ccc(N=Nc2ccc3c(c2)c(N(CCCC)CCCC)c(-c2ccc(OC)cc2)c2ccc(=N)oc23)cc1,1,N=c1ccc2c(-c3ccccc3)cc3cc(N=Nc4ccccc4)ccc3c2o1,0.9959881,459.8725,0.0731779,0.0732,0.5299255,3.1751,1.0000000,1.0000,[],1
24.2204,26.0769,-26.0577,0.0001499,CCCC1(C)COc2ccccc2C1,1,c1ccc2c(c1)CCCO2,0.0000966,299.6264,0.6939143,0.6939,0.5576897,2.9198,1.0000000,1.0000,[],1
29.4291,26.0238,-26.0238,0.0000000,CC(C)Sc1cc(C(=O)O)cc(N)n1,1,c1ccncc1,0.0000000,0.0000,0.0000000,0.0000,0.0000000,0.0000,0.0000000,0.0000,"['C(=[O,S])[O,S]']",1
41.1822,43.2341,78.1360,0.9482043,CC(C)Cn1c2nc(-c3ccccc3)[n+]([O-])c-2nc2c1CCN2c1ccccc1,1,c1ccc(-c2nc3[nH]c4c(nc-3[nH+]2)N(c2ccccc2)CC4)cc1,0.9865517,473.3637,0.3929988,0.3930,0.5405245,3.0761,1.0000000,1.0000,[],1
39.6317,43.0858,-42.9099,0.0013737,Cc1ccc(-c2cc3ccccc3c3cc(C(C)N(CCO)CCO)oc23)cc1,1,c1ccc(-c2cc3ccccc3c3ccoc23)cc1,0.0010069,325.0860,0.4715528,0.4716,0.5517014,2.9737,1.0000000,1.0000,[],1
35.2888,34.4165,-34.4165,0.0000000,O=C(O)c1ccc(CCN2CCCC2)c(NS(=O)(=O)c2cccs2)c1,1,O=S(=O)(Nc1ccccc1CCN1CCCC1)c1cccs1,0.0000000,0.0000,0.0000000,0.0000,0.0000000,0.0000,0.0000000,0.0000,"['C(=[O,S])[O,S]']",1
46.7950,48.3544,60.0031,0.8465430,Clc1ccc2c(c1)ncc1cc3[nH]c4cc5ccoc5cc4c3c[n+]12,1,c1ccc2c(c1)ncc1cc3[nH]c4cc5ccoc5cc4c3c[n+]12,0.8830116,421.9456,0.3108805,0.3109,0.5130475,3.3369,1.0000000,1.0000,[],1
26.9831,32.9194,-29.8009,0.0243637,N#Cc1ccc(-c2ccc3c(c2)oc2nc4ccccc4nc23)cc1,1,c1ccc(-c2ccc3c(c2)oc2nc4ccccc4nc23)cc1,0.0207749,358.1664,0.4323256,0.4323,0.6314432,2.2987,1.0000000,1.0000,[],1
92.2240,96.2754,-96.2754,0.0000000,C=C1CC(OP(=O)(OCCCCCCCCCCCC)OCC2OC(n3cc(C(=O)O)c(=O)n(CCCCCCCCCCCC)c3=O)CC2O[PH](=O)OOCCCCCCCCCC)C(c2ccc3c(COC(=O)c4ccccc4)ncnn23)O1,1,C=C1CC(O[PH](=O)OCC2CCC(n3ccc(=O)[nH]c3=O)O2)C(c2ccc3c(COC(=O)c4ccccc4)ncnn23)O1,0.0000000,0.0000,0.0000000,0.0000,0.0000000,0.0000,0.0000000,0.0000,"['[#8][#8]', 'C(=[O,S])[O,S]']",1
33.8994,33.0237,-32.4750,0.0042865,CCCCOc1ccc(C(=NO)C(=O)c2cccnc2)cc1,1,N=C(C(=O)c1cccnc1)c1ccccc1,0.0033805,338.2614,0.2797035,0.2797,0.6426473,2.2108,1.0000000,1.0000,[],1
21.7638,26.8187,-26.8105,0.0000639,c1ccc(-c2nn(-c3ccccc3)c(-c3ccncc3)c2-c2ccccc2)cc1,1,c1ccc(-c2nn(-c3ccccc3)c(-c3ccncc3)c2-c2ccccc2)cc1,0.0000400,290.0558,0.3716963,0.3717,0.6696384,2.0051,1.0000000,1.0000,[],1
24.2201,27.9351,-27.9351,0.0000000,C(C)c1c2-c(cc(cc2)=O)coc1,0,,0.0000000,0.0000,0.0000000,0.0000,0.0000000,0.0000,0.0000000,0.0000,None,1
47.9396,55.7390,65.3527,0.9460287,COc1cc2oc(C(C#N)=Cc3ccc(-c4cccc5cc(O)ccc45)o3)nc2c(OC)c1OC,1,C(=Cc1nc2ccccc2o1)c1ccc(-c2cccc3ccccc23)o1,0.9920083,452.3469,0.3004846,0.3005,0.5546344,2.9472,1.0000000,1.0000,[],1
21.7859,21.6790,-21.6790,0.0000000,CCOC(=O)C1(N)CCOC1,1,C1CCOC1,0.0000000,0.0000,0.0000000,0.0000,0.0000000,0.0000,0.0000000,0.0000,"['C(=[O,S])[O,S]']",1
43.3775,45.1543,-45.0425,0.0008736,COc1cccc2c1C1c3ccccc3C2c2c1c1ccc3ccccc3c1n2-c1cccc2ccccc12,1,c1ccc2c(c1)C1c3ccccc3C2c2c1c1ccc3ccccc3c1n2-c1cccc2ccccc12,0.0006427,320.2068,0.2315415,0.2315,0.4360441,4.1501,1.0000000,1.0000,[],1
30.5070,32.3087,-30.7743,0.0119873,O=c1c2ccccc2cc2n1CCn1c-2nc2c(F)cccc21,1,O=c1c2ccccc2cc2n1CCn1c-2nc2ccccc21,0.0098114,349.9004,0.5004446,0.5004,0.6021064,2.5366,1.0000000,1.0000,[],1
30.0928,30.8669,-30.0112,0.0066853,CC(=O)c1ccc(C(=O)Nc2ccc(C)cc2)c([N+](=O)[O-])c1,1,O=C(Nc1ccccc1)c1ccccc1,0.0052783,343.1197,0.5321618,0.5322,0.7057835,1.7422,1.0000000,1.0000,[],1
41.8410,51.1704,71.7946,0.9606641,CC1(C)Cc2ccc(=N)c(O)cc2-c2sc3cc(NCCCN4CCCC4)ccc3c21,1,N=c1ccc2c(cc1)-c1sc3cc(NCCCN4CCCC4)ccc3c1CC2,0.9947459,456.9303,0.4667374,0.4667,0.5415559,3.0665,1.0000000,1.0000,[],1
42.3543,47.9801,-47.9801,0.0000000,c12cc3c(C=C(C(=C(C#N)C#N)N)C3=O)cc1c(=O)oc(c2CC)=O,0,,0.0000000,0.0000,0.0000000,0.0000,0.0000000,0.0000,0.0000000,0.0000,None,1
45.7419,55.4879,39.6801,0.7435002,CCCCCCCCN1C(=CC2=C3CCCC3N(c3ccccc3-c3ccccc3)c3cc(N(c4ccccc4)c4ccccc4)ccc32)Sc2ccccc21,1,C(=C1Nc2ccccc2S1)C1=C2CCCC2N(c2ccccc2-c2ccccc2)c2cc(N(c3ccccc3)c3ccccc3)ccc21,0.7976242,414.8910,0.1087444,0.1087,0.4720888,3.7529,1.0000000,1.0000,[],1
27.6427,25.0061,-25.0044,0.0000134,O=C(c1ccccc1I)N1CCCC1CCCO,1,O=C(c1ccccc1)N1CCCC1,0.0000075,271.9225,0.8402264,0.8402,0.5954136,2.5925,1.0000000,1.0000,[],1
31.3021,36.7979,-36.3042,0.0038572,Clc1ccc(-c2cc(-c3ccc(N4c5ccccc5Sc5ccccc54)cc3)cc(-c3ccc(Cl)cc3)n2)cc1,1,c1ccc(-c2cc(-c3ccc(N4c5ccccc5Sc5ccccc54)cc3)cc(-c3ccccc3)n2)cc1,0.0030553,337.1594,0.2083834,0.2084,0.6243161,2.3555,1.0000000,1.0000,[],1
49.3185,50.5166,-50.4681,0.0003795,Cc1cc(C(=O)N(Cc2cccnc2)C2CC2)c2nc(-c3ccc(F)cc3)n(Cc3ccc(-c4ccccc4)cc3)c2c1,1,O=C(c1cccc2c1nc(-c1ccccc1)n2Cc1ccc(-c2ccccc2)cc1)N(Cc1cccnc1)C1CC1,0.0002672,310.6750,0.1872350,0.1872,0.5940074,2.6043,1.0000000,1.0000,[],1
32.2859,35.0747,-32.7228,0.0183746,Clc1ccc(-c2nnc(-c3nc(-c4ccccc4)nc(-c4ccccc4)n3)c3ccc(Cl)cc23)cc1,1,c1ccc(-c2nc(-c3ccccc3)nc(-c3nnc(-c4ccccc4)c4ccccc34)n2)cc1,0.0157204,355.0836,0.2442452,0.2442,0.6268343,2.3354,1.0000000,1.0000,[],1
49.8342,63.3842,-63.3842,0.0000000,CCCCCCCCCCN(c1ccc(C(=O)c2ccccc2)cc1)c1ccc(-c2ccc(N3CCc4cc(C=C(C#N)C(=O)O)c(OC)cc4C3)cc2)cc1,1,O=C(c1ccccc1)c1ccc(Nc2ccc(-c3ccc(N4CCc5ccccc5C4)cc3)cc2)cc1,0.0000000,0.0000,0.0000000,0.0000,0.0000000,0.0000,0.0000000,0.0000,"['C(=[O,S])[O,S]']",1
45.9194,44.7195,-18.1960,0.2072146,CCCCCCCCC(=O)c1nn(Cc2c(F)cccc2F)c2c([nH]c3ccccc32)c1=O,1,O=c1cnn(Cc2ccccc2)c2c1[nH]c1ccccc12,0.2020425,385.0866,0.2326770,0.2327,0.5785683,2.7360,1.0000000,1.0000,[],1
36.7609,48.1932,-48.1932,0.0000000,CCN(c1ccc(C=C(C#N)C(=O)O)cc1)c1ccc(-c2ccc(C=C(C#N)C(=O)O)s2)cc1-c1ccccc1,1,c1ccc(Nc2ccc(-c3cccs3)cc2-c2ccccc2)cc1,0.0000000,0.0000,0.0000000,0.0000,0.0000000,0.0000,0.0000000,0.0000,"['C(=[O,S])[O,S]']",1
84.8864,104.4874,-104.4874,0.0000000,COC1=Nc2cc(C#Cc3cc4c(-c5ccc(C=C(C#N)C(=O)O)s5)c5ccccc5c(-c5ccc6c(-c7ccc(C=C(C#N)c8ccc(C#N)c(CBr)c8)s7)cccc6c5)c4s3)ccc2C1(C)C,1,C(#Cc1cc2c(-c3cccs3)c3ccccc3c(-c3ccc4c(-c5ccc(C=Cc6ccccc6)s5)cccc4c3)c2s1)c1ccc2c(c1)N=CC2,0.0000000,0.0000,0.0000000,0.0000,0.0000000,0.0000,0.0000000,0.0000,"['C#C', 'C(=[O,S])[O,S]']",1
18.0641,27.1205,-26.9915,0.0010078,c1ccc(-c2nn(-c3ccccc3)cc2-c2ccc(N(c3ccccc3)c3ccccc3)cc2)cc1,1,c1ccc(-c2nn(-c3ccccc3)cc2-c2ccc(N(c3ccccc3)c3ccccc3)cc2)cc1,0.0007391,321.7252,0.2463004,0.2463,0.6594162,2.0820,1.0000000,1.0000,[],1
44.2707,44.6010,-44.3807,0.0017214,COCC(=O)N1c2ccc(C)cc2C(c2ccccc2)=NC(c2ccccc2Cl)C1C,1,c1ccc(C2=NC(c3ccccc3)CNc3ccccc32)cc1,0.0012731,327.6358,0.5373984,0.5374,0.5213349,3.2568,1.0000000,1.0000,[],1
42.8682,43.3193,-43.3193,0.0000000,CC1=C2C=CC=CC1(C)Sc1ccccc1-c1cc3c(cc12)c1ccccc1n3-c1ccccc1,1,C1=CC2=CC(C=C1)Sc1ccccc1-c1cc3c(cc12)c1ccccc1n3-c1ccccc1,0.0000000,0.0000,0.0000000,0.0000,0.0000000,0.0000,0.0000000,0.0000,['[*;r{8-17}]'],1
32.5792,36.1577,-35.6557,0.0039215,N#CC=Cc1cccc2c1oc1ccc(-c3ccc(Cl)cc3)cc12,1,c1ccc(-c2ccc3oc4ccccc4c3c2)cc1,0.0030464,337.1280,0.3964752,0.3965,0.6236892,2.3605,1.0000000,1.0000,[],1
45.5358,51.3055,-51.3055,0.0000000,c12c3cccc1c1c4c(ccc(N(c5ccc(cc5)OC)c5ccc(OC)cc5)c4c1ccc2OC)ccc3cc1ccccc1cc1OCCO1,0,,0.0000000,0.0000,0.0000000,0.0000,0.0000000,0.0000,0.0000000,0.0000,None,1
21.6793,22.8813,-22.8813,0.0000000,O=C(CCC1CCCC1)Nc1ccccc1C(=O)O,1,O=C(CCC1CCCC1)Nc1ccccc1,0.0000000,0.0000,0.0000000,0.0000,0.0000000,0.0000,0.0000000,0.0000,"['C(=[O,S])[O,S]']",1
36.2659,37.6727,-18.0088,0.1536240,CC(C)=CCc1c2c(cc3c(O)c4ccc(=O)oc4cc13)CCCC2,1,O=c1ccc2cc3cc4c(cc3cc2o1)CCCC4,0.1449272,380.7287,0.4056838,0.4057,0.5702358,2.8085,1.0000000,1.0000,[],1
47.7928,52.0638,14.7784,0.5222041,CC(=O)c1ccc2c(C)cc3c4oc5c(-c6ccccc6)cccc5c(=O)c4c4ccccc4c3c2c1,1,O=c1c2cccc(-c3ccccc3)c2oc2c3ccc4ccccc4c3c3ccccc3c12,0.5424799,401.8493,0.1419880,0.1420,0.6031368,2.5281,1.0000000,1.0000,[],1
35.4643,38.5769,-38.2925,0.0022217,COc1ccc2c(c1)C=CC21SC(N(C)C)=NS1(=O)=O,1,O=S1(=O)N=CSC12C=Cc1ccccc12,0.0016529,330.4740,0.7923332,0.7923,0.4158326,4.3874,1.0000000,1.0000,[],1
41.0198,53.7115,-53.7115,0.0000000,c1c(c2ccc3ccc(=[N+](CC)CC)cc-3c2c(c1)-c1c2ccccc2ccc1C)C=C1C(=O)N(C(=S)S1)CC(O)=O,0,,0.0000000,0.0000,0.0000000,0.0000,0.0000000,0.0000,0.0000000,0.0000,None,1
41.5927,43.8358,-42.8328,0.0078366,CC(C)(C)Nc1cc(N=Nc2ccc(S(N)(=O)=O)cc2)sc1N=Nc1ccc(S(=O)(=O)N2CCOCC2)cc1,1,O=S(=O)(c1ccc(N=Nc2ccc(N=Nc3ccccc3)s2)cc1)N1CCOCC1,0.0063757,574.8173,0.3298040,0.3298,0.5172741,3.2959,1.0000000,1.0000,[],1
68.7482,77.2417,-68.0165,0.0720718,CCCCc1ccc2c3ccc(Cl)cc3n3c2c1C(NC(=O)c1ccc(-c2ccncc2)s1)(C(=O)N(C)C)c1cc(OC)c(OC)cc1-3,1,O=C(NC1c2ccccc2-n2c3ccccc3c3cccc1c32)c1ccc(-c2ccncc2)s1,0.0674734,371.4868,0.1675661,0.1676,0.4658030,3.8200,1.0000000,1.0000,[],1
35.9944,34.1259,-34.1099,0.0001249,CC1(C)C(=O)N(c2ccc3c(c2)OCO3)C(=O)N1Cc1c(F)cccc1Cl,1,O=C1CN(Cc2ccccc2)C(=O)N1c1ccc2c(c1)OCO2,0.0000794,297.4954,0.7443334,0.7443,0.6083170,2.4853,1.0000000,1.0000,[],1
22.2990,22.6693,-22.6693,0.0000000,COC(=O)C#CCC(C)=O,1,,0.0000000,0.0000,0.0000000,0.0000,0.0000000,0.0000,0.0000000,0.0000,"['C#C', 'C(=[O,S])[O,S]']",1
30.2383,35.5729,88.3904,0.9684633,CNc1c2cccnc2c(C#N)c2cc(C#N)cnc12,1,c1cnc2cc3cccnc3cc2c1,0.9907621,469.2401,0.6786332,0.6786,0.5599620,2.8994,1.0000000,1.0000,[],1
20.6570,24.9633,-24.9574,0.0000464,CCCCCCOc1ccc(C)cc1OC,1,c1ccccc1,0.0000280,286.1731,0.6499781,0.6500,0.7392165,1.5108,1.0000000,1.0000,[],1
34.0226,44.5123,56.3639,0.7880958,CCCCCCN(CCCCCC)c1ccc(N2C(=O)c3ccc(-c4ccc(C=Cc5ccc(N(c6ccccc6)c6ccccc6)cc5)cc4)cc3C2=O)cc1,1,O=C1c2ccc(-c3ccc(C=Cc4ccc(N(c5ccccc5)c5ccccc5)cc4)cc3)cc2C(=O)N1c1ccccc1,0.8663430,420.2924,0.0498246,0.0498,0.5527342,2.9644,1.0000000,1.0000,[],1
48.6986,53.2080,-53.2080,0.0000000,O=C(O)c1cc(CNc2ccc(C=Cc3c(-c4c(O)ccc5ccccc45)[nH]c4ccccc34)cc2)c(O)c([N+](=O)[O-])c1,1,C(=Cc1c(-c2cccc3ccccc23)[nH]c2ccccc12)c1ccc(NCc2ccccc2)cc1,0.0000000,0.0000,0.0000000,0.0000,0.0000000,0.0000,0.0000000,0.0000,"['C(=[O,S])[O,S]']",1
42.6286,53.3376,36.2548,0.6999407,COc1ccc(-c2ccc(N3CCOc4cc(OC)c(C=Cc5ccc(-c6ccc(Cl)cc6)s5)cc43)cc2)cc1,1,C(=Cc1ccc(-c2ccccc2)s1)c1ccc2c(c1)N(c1ccc(-c3ccccc3)cc1)CCO2,0.7311906,410.8647,0.1965310,0.1965,0.5908303,2.6311,1.0000000,1.0000,[],1
23.7925,31.2949,-31.2949,0.0000000,Cc1ccc(Nc2nnc(C=C(C#N)C(=O)O)s2)cc1,1,c1ccc(Nc2nncs2)cc1,0.0000000,0.0000,0.0000000,0.0000,0.0000000,0.0000,0.0000000,0.0000,"['C(=[O,S])[O,S]']",1
54.1661,56.5234,46.9294,0.8082250,COc1ccccc1-c1c2ccccc2nc2cc3ccc(-c4nc5cc6ccccc6cc5cc4-c4ccc5c(c4)C(C)(C)c4ccccc4-5)cc3cc12,1,c1ccc(-c2c3ccccc3nc3cc4ccc(-c5nc6cc7ccccc7cc6cc5-c5ccc6c(c5)Cc5ccccc5-6)cc4cc23)cc1,0.8560274,419.3552,0.1711070,0.1711,0.5414379,3.0676,1.0000000,1.0000,[],1
74.7270,80.3870,34.2819,0.8958510,CCCc1sc2c(C3(C=Cc4ccccc4)c4ccccc4-c4ccccc43)c3cc(-c4ccc5c(c4)C(C)C(CCC)C5)c2c1O3,1,C(=CC1(c2c3cc(-c4ccc5c(c4)CCC5)c4c(csc24)O3)c2ccccc2-c2ccccc21)c1ccccc1,0.9641508,435.7416,0.1626681,0.1627,0.3531424,5.2044,1.0000000,1.0000,[],1
34.8419,37.8178,-17.9722,0.1550441,C1=C(c2c3ccccc3c(-c3ccc4c5ccccc5n(-c5ccccc5)c4c3)c3ccccc23)Cc2ccccc21,1,C1=C(c2c3ccccc3c(-c3ccc4c5ccccc5n(-c5ccccc5)c4c3)c3ccccc23)Cc2ccccc21,0.1495265,381.1264,0.1990819,0.1991,0.5958011,2.5892,1.0000000,1.0000,[],1
26.8226,34.5625,-24.7770,0.0764495,N#CC(=Cc1ccccc1)C(=O)n1c2ccccc2c2cc(-c3ccccc3)ccc21,1,O=C(C=Cc1ccccc1)n1c2ccccc2c2cc(-c3ccccc3)ccc21,0.0704305,371.9870,0.2504143,0.2504,0.6340154,2.2784,1.0000000,1.0000,[],1
24.8360,28.4820,-27.4219,0.0082820,Nc1nonc1-c1ccc(-c2ccco2)o1,1,c1coc(-c2ccc(-c3cnon3)o2)c1,0.0065807,345.5285,0.7067435,0.7067,0.5818596,2.7076,1.0000000,1.0000,[],2
42.3374,50.9255,-47.7898,0.0244983,CC(=O)c1ccc(-c2ccc3c(c2)c2[nH]c4ccc(-c5ccc(N(C)C)cc5)cc4c2n3C(c2ccccc2)(c2ccccc2)c2ccccc2)cc1,1,c1ccc(-c2ccc3c(c2)c2[nH]c4ccc(-c5ccccc5)cc4c2n3C(c2ccccc2)(c2ccccc2)c2ccccc2)cc1,0.0217825,358.6918,0.1277490,0.1277,0.5459542,3.0261,1.0000000,1.0000,[],2
26.1779,25.1656,-24.5926,0.0044767,O=C(CSc1ccc(Cl)cc1)Nc1ccccc1[N+](=O)[O-],1,O=C(CSc1ccccc1)Nc1ccccc1,0.0034654,338.5314,0.5131712,0.5132,0.6990710,1.7900,1.0000000,1.0000,[],2
51.8758,60.2775,20.8854,0.6340856,COCCOCCOCCN(CCC[N+](C)(C)C)c1ccc2c3c(C=CC=Cc4ccc5[nH]c6ccccc6c5c4)cccc3n(C)c2c1,1,C(C=Cc1cccc2[nH]c3ccccc3c12)=Cc1ccc2[nH]c3ccccc3c2c1,0.6860375,408.4868,0.0608649,0.0609,0.5061983,3.4041,1.0000000,1.0000,[],2
54.8378,75.5038,-75.5038,0.0000000,CCCCCCOc1cc(-c2ccc(C=C(C#N)C(=O)O)cc2)sc1-c1cc2nc(C#N)c3ccccc3c2c(-c2ccc(C=C(C#N)C(=O)O)s2)c1C,1,c1ccc(-c2ccc(-c3cc(-c4cccs4)c4c(c3)ncc3ccccc34)s2)cc1,0.0000000,0.0000,0.0000000,0.0000,0.0000000,0.0000,0.0000000,0.0000,"['C(=[O,S])[O,S]']",2
29.3219,32.5778,-30.0207,0.0199775,c1ccc(Oc2oc(-c3nc4ccccc4s3)nc2-c2ccccc2)cc1,1,c1ccc(Oc2oc(-c3nc4ccccc4s3)nc2-c2ccccc2)cc1,0.0169528,355.9167,0.3666099,0.3666,0.6190699,2.3977,1.0000000,1.0000,[],2
48.1425,52.1615,-51.8262,0.0026196,COc1ccccc1-c1c(B2OC(C)(C)CC(C)(C)O2)c(C=Cc2ccccc2)c(C)n1C1CCCCC1,1,C(=Cc1cn(C2CCCCC2)c(-c2ccccc2)c1B1OCCCO1)c1ccccc1,0.0020142,332.6245,0.3162450,0.3162,0.5208983,3.2610,1.0000000,1.0000,[],2
26.9959,27.9109,-27.6758,0.0018366,Cc1ccc(-c2ccc(NC(=O)c3ccc(N)cc3)cc2)o1,1,O=C(Nc1ccc(-c2ccco2)cc1)c1ccccc1,0.0013422,328.2102,0.7143358,0.7143,0.7045837,1.7507,1.0000000,1.0000,[],2
73.6885,80.3627,-80.3627,0.0000000,c1c(c(OC)c(c(c1)-c1n(c(c(c(C#N)c1=NCc1ccc(C#N)cc1)C#N)-c1ccc2cc(NC)oc2c1)C#N)OC)OC,0,,0.0000000,0.0000,0.0000000,0.0000,0.0000000,0.0000,0.0000000,0.0000,None,2
39.9382,44.7396,65.0130,0.8574422,O=C1c2ccccc2-c2oc(-c3ccccc3)c(-c3cc(O)c(O)c(-c4c(O)cccc4O)c3)c21,1,O=C1c2ccccc2-c2oc(-c3ccccc3)c(-c3cccc(-c4ccccc4)c3)c21,0.9013526,424.0202,0.2292878,0.2293,0.5783241,2.7381,1.0000000,1.0000,[],2
67.4785,76.7821,-76.7821,0.0000000,CCCCCCc1ccc(-c2cnc(-c3ccc(-c4nn5c6cc7c(cc6c6nc4cc(=O)n65)C(C)(C)c4ccccc4-7)cc3CC)o2)cc1,1,O=c1cc2nc3c4cc5c(cc4n(nc2-c2ccc(-c4ncc(-c6ccccc6)o4)cc2)n13)-c1ccccc1C5,0.0000000,0.0000,0.1444611,0.1445,0.4078957,4.4837,1.0000000,1.0000,[],2
33.6516,38.6576,-38.5449,0.0008804,Cn1c(-c2ccc(-c3ccc(-c4nc5ccccc5n4-c4ccccc4-c4ccccc4)cc3)cc2)nc2ccccc21,1,c1ccc(-c2ccccc2-n2c(-c3ccc(-c4ccc(-c5nc6ccccc6[nH]5)cc4)cc3)nc3ccccc32)cc1,0.0006446,320.2390,0.2130945,0.2131,0.6300279,2.3100,1.0000000,1.0000,[],2
56.6858,66.1841,-66.1841,0.0000000,c1c(ccc(-c2c3[N+](=C(C(OC)=O)C(c4ccc(cc4)C(C)(C)C)c3cc2)CCCCCC)c1)-c1sc(-c2sc(cc2)-c2ccc(C(C)(C)C)cc2)cc1,0,,0.0000000,0.0000,0.0000000,0.0000,0.0000000,0.0000,0.0000000,0.0000,None,2
55.8501,62.6745,-62.6745,0.0000000,Cc1ccc2cc3c(O)c(-c4cc(-c5ccccc5)c5ccc(C)cc5c4C(=O)O)c4cc(C)ccc4c3nc2c1,1,c1ccc(-c2cc(-c3cc4cc5ccccc5nc4c4ccccc34)cc3ccccc23)cc1,0.0000000,0.0000,0.0000000,0.0000,0.0000000,0.0000,0.0000000,0.0000,"['C(=[O,S])[O,S]']",2
45.5808,56.8902,-55.4202,0.0114847,CCCCC(CC)Cn1c2ccc(-c3ccc(N(c4ccc(-c5ccccc5)cc4)c4cccc(C#N)c4)cc3)cc2c2cc(-c3ccc(OC)c(C#N)c3)ccc21,1,c1ccc(-c2ccc(N(c3ccccc3)c3ccc(-c4ccc5[nH]c6ccc(-c7ccccc7)cc6c5c4)cc3)cc2)cc1,0.0098617,349.9565,0.1175472,0.1175,0.4872996,3.5944,1.0000000,1.0000,[],2
77.1887,89.8700,-89.8700,0.0000000,COC(=O)C=Cc1ccc2c(c1C=CCN(C(=O)OCC1c3ccccc3-c3ccccc31)C1CCCCC1)C1=C(Oc3ccccc3-2)c2c(-c3ccccc3)c3ccccc3n2C1(C)C,1,O=C(OCC1c2ccccc2-c2ccccc21)N(CC=Cc1cccc2c1C1=C(Oc3ccccc3-2)c2c(-c3ccccc3)c3ccccc3n2C1)C1CCCCC1,0.0000000,0.0000,0.0000000,0.0000,0.0000000,0.0000,0.0000000,0.0000,"['C(=[O,S])[O,S]']",2
44.1178,47.3072,-22.8868,0.1907850,CCCCOc1cc(N)c2c3c(cccc13)C(CCCC)(CCCC)c1cc(CCO)ccc1-2,1,c1ccc2c(c1)Cc1cccc3cccc-2c13,0.1857846,383.9568,0.2146540,0.2147,0.5644758,2.8593,1.0000000,1.0000,[],2
41.1496,44.8086,38.0851,0.6476073,c1ccc(-c2sc(-c3ccc(N(c4ccccc4)c4cccc5ccccc45)cc3)c3c2c2ccccc2n3-c2ccccc2)cc1,1,c1ccc(-c2sc(-c3ccc(N(c4ccccc4)c4cccc5ccccc45)cc3)c3c2c2ccccc2n3-c2ccccc2)cc1,0.6759607,407.9831,0.1799630,0.1800,0.5774900,2.7453,1.0000000,1.0000,[],2
67.7908,73.7600,-73.7600,0.0000000,CCCCOC(=O)c1c2c3c(c4cc(OC)ccc14)C1=C(C#N)c4cc5c(cc4C=C4C=CC=C(N(C=C2)CCC4)C(C)(C=C3)O1)OCO5,1,C1=CC2=Cc3cc4c(cc3C=C3OC5C=Cc6c(cc7ccccc7c63)C=CN(CCC2)C5=C1)OCO4,0.0000000,0.0000,0.0000000,0.0000,0.0000000,0.0000,0.0000000,0.0000,"['[*;r{8-17}]', 'C(=[O,S])[O,S]']",2
28.3450,31.1239,-30.9628,0.0012586,Cc1ccc(-c2nc3c(N4CCCCC4)cccn3c2C)cc1,1,c1ccc(-c2cn3cccc(N4CCCCC4)c3n2)cc1,0.0009044,323.9185,0.6890256,0.6890,0.6458240,2.1861,1.0000000,1.0000,[],2
33.2421,38.9994,6.2180,0.3532606,Cn1c2ccccc2c2ccc(-c3c4ccccc4c(-c4ccc5cc(N(c6ccccc6)c6ccccc6)ccc5c4)c4ccccc34)cc21,1,c1ccc(N(c2ccccc2)c2ccc3cc(-c4c5ccccc5c(-c5ccc6c(c5)[nH]c5ccccc56)c5ccccc45)ccc3c2)cc1,0.3576472,393.6420,0.1683224,0.1683,0.5976461,2.5738,1.0000000,1.0000,[],2
31.3596,38.5958,-26.1298,0.0973911,C(=Cc1cc2c3ccccc3ccc2c2ccccc12)c1ccc(-c2ccc(C=C(c3ccccc3)c3ccccc3)cc2)cc1,1,C(=Cc1cc2c3ccccc3ccc2c2ccccc12)c1ccc(-c2ccc(C=C(c3ccccc3)c3ccccc3)cc2)cc1,0.0927368,375.2380,0.1346846,0.1347,0.6130541,2.4465,1.0000000,1.0000,[],2
69.9023,73.7268,-73.7268,0.0000000,c12c(C(Cc3c(-c4c(C#N)c(C#N)n5CCN6Cc7ccccc7-c(c4)n5)cccc3)C(NC(=O)C1)=O)cccc2,0,,0.0000000,0.0000,0.0000000,0.0000,0.0000000,0.0000,0.0000000,0.0000,None,2
79.6400,89.7114,-89.7114,0.0000000,c12N(CC(=O)O)C(c3c(N(CC)c(c1)-c1cc4c(oc5cc6c7CCCN7c4c5)c(cc1)c2c6)cccc3)=O,0,,0.0000000,0.0000,0.0000000,0.0000,0.0000000,0.0000,0.0000000,0.0000,None,2
56.3097,58.8135,-58.8135,0.0000000,CCC1(C)C2c3ccccc3SC2c2cc([C+]3SCCCS3)ccc2S1(=O)=O,1,O=S1(=O)CC2c3ccccc3SC2c2cc([C+]3SCCCS3)ccc21,0.0000000,0.0000,0.0000000,0.0000,0.0000000,0.0000,0.0000000,0.0000,['[#6;+]'],2
44.0274,44.9744,-35.4094,0.0747272,Cc1ccc(-c2cc(C(F)(F)F)nc3sc4c(c23)CCN(C)C4)c(=O)o1,1,O=c1occcc1-c1ccnc2sc3c(c12)CCNC3,0.0669155,371.3901,0.6338416,0.6338,0.5734086,2.7808,1.0000000,1.0000,[],2
45.0548,44.5113,-38.9722,0.0432747,C=CC=C(C=CC)c1ccc2nccc(N3CCN(c4ncc(Cl)cc4Cl)CC3)c2n1,1,c1ccc(N2CCN(c3ccnc4cccnc34)CC2)nc1,0.0380907,364.9421,0.4578808,0.4579,0.5391333,3.0890,1.0000000,1.0000,[],2
23.4919,25.9141,-25.8012,0.0008820,O=C(Cc1ccccc1)c1cnc2ccccn12,1,O=C(Cc1ccccc1)c1cnc2ccccn12,0.0006227,319.8630,0.6552049,0.6552,0.6649602,2.0401,1.0000000,1.0000,[],2
46.5072,51.4667,-51.4667,0.0000000,c12cccc3c(ccc4cc(c(c1c3c4c2)=O)N)NCCCNCC(C)(C)C,0,,0.0000000,0.0000,0.0000000,0.0000,0.0000000,0.0000,0.0000000,0.0000,None,2
35.7397,39.7034,-39.7034,0.0000000,Cc1ncn2c1CSc1cc(C=C3SC(=S)N(CC(=O)O)C3=O)ccc1-2,1,O=C1NC(=S)SC1=Cc1ccc2c(c1)SCc1cncn1-2,0.0000000,0.0000,0.0000000,0.0000,0.0000000,0.0000,0.0000000,0.0000,"['C(=[O,S])[O,S]']",2
63.7496,71.1998,-71.1998,0.0000000,C1Oc2c3n(c(C)c4c(c5-c(n4)nc4c(c(n(CCCC)c(c45)=O)=O)CCCC)c3cc2)C1,0,,0.0000000,0.0000,0.0000000,0.0000,0.0000000,0.0000,0.0000000,0.0000,None,2
39.6571,44.6776,-44.6776,0.0000000,c1c2c3cc(ccc3n(c2ccc1)-c1ccc2ccc3ccc4[nH]c(cc2c43)c1)C=O,0,,0.0000000,0.0000,0.0000000,0.0000,0.0000000,0.0000,0.0000000,0.0000,None,2
26.3499,23.3219,-23.3165,0.0000416,O=C(NC1CCNCC1)c1nn[nH]n1,1,O=C(NC1CCNCC1)c1nn[nH]n1,0.0000252,285.0486,0.5450468,0.5450,0.5839791,2.6895,1.0000000,1.0000,[],2
37.2167,39.1083,-39.1083,0.0000000,c1(ccc2=C(c3c(F)cccc3)CCCc2c1)-c1cc(ccc1)F,0,,0.0000000,0.0000,0.0000000,0.0000,0.0000000,0.0000,0.0000000,0.0000,None,2
25.6839,28.7411,-17.2460,0.0898049,c1ccc(N(c2ccccc2)c2ccc3c(c2)C2(c4cc(N(c5ccccc5)c5ccccc5)ccc4-3)C3CC4CC(C3)CC2C4)cc1,1,c1ccc(N(c2ccccc2)c2ccc3c(c2)C2(c4cc(N(c5ccccc5)c5ccccc5)ccc4-3)C3CC4CC(C3)CC2C4)cc1,0.0849430,374.1920,0.1827564,0.1828,0.4351402,4.1604,1.0000000,1.0000,[],2
54.6933,60.8863,-60.8863,0.0000000,CCOC(=O)C1=C(C)NC2=C(C1c1ccc(N(C)CCO)cc1)C(n1nnc3ccccc31)C(C(C)OC)C(C)(C)C2,1,C1=CC(c2ccccc2)C2=C(CCCC2n2nnc3ccccc32)N1,0.0000000,0.0000,0.0000000,0.0000,0.0000000,0.0000,0.0000000,0.0000,"['C(=[O,S])[O,S]']",2
34.0706,37.1222,-37.0121,0.0008599,CCCCCCCCCCCCNC(=O)c1cc2cc(OCC(C)CCCCCC)ccc2[nH]1,1,c1ccc2[nH]ccc2c1,0.0006325,320.0333,0.1899159,0.1899,0.5680363,2.8279,1.0000000,1.0000,[],2
55.7164,62.6714,-62.6714,0.0000000,CCCCCCc1sc(-c2ccc(CCC(=O)O)s2)cc1-c1ccc(-c2ccc(-c3ccc(-c4cc5c(s4)-c4ccc6ccccc6c4C5(C)C)s3)s2)cc1,1,c1csc(-c2cc(-c3ccc(-c4ccc(-c5ccc(-c6cc7c(s6)-c6ccc8ccccc8c6C7)s5)s4)cc3)cs2)c1,0.0000000,0.0000,0.0000000,0.0000,0.0000000,0.0000,0.0000000,0.0000,"['C(=[O,S])[O,S]']",2
37.4865,43.0538,73.5722,0.9111407,C=CCCC[N+]1=C(C)c2oc3cccc(N(c4ccccc4)c4ccccc4)c3c21,1,C1=[NH+]c2c1oc1cccc(N(c3ccccc3)c3ccccc3)c21,0.9681205,437.0605,0.1858770,0.1859,0.5543522,2.9498,1.0000000,1.0000,[],2
28.8707,30.5421,-30.5421,0.0000000,O=C(NN=Cc1ccc(F)cc1)c1ccccc1-c1ncn(-c2ccc(OC(F)(F)F)cc2)n1,1,O=C(NN=Cc1ccccc1)c1ccccc1-c1ncn(-c2ccccc2)n1,0.0000000,0.0000,0.0000000,0.0000,0.0000000,0.0000,0.0000000,0.0000,['[#7;!n][#7;!n]'],2
34.1955,36.7185,-31.3895,0.0416328,Cc1ccc2oc3c(-c4nc5cc6ccccc6cc5n4C)cccc3c2c1,1,c1ccc2cc3[nH]c(-c4cccc5c4oc4ccccc45)nc3cc2c1,0.0368341,364.5637,0.3297671,0.3298,0.6275055,2.3300,1.0000000,1.0000,[],2
49.7556,56.7756,-7.1180,0.3879503,CCCn1ccnc1CCCCCCCCc1ccc(-c2nc3c4ccccc4n(-c4ccccc4)c3nc2-c2ccccc2)s1,1,c1ccc(-c2nc3c(nc2-c2ccc(CCCCCCCCc4ncc[nH]4)s2)c2ccccc2n3-c2ccccc2)cc1,0.4002314,395.6082,0.1132650,0.1133,0.5596079,2.9026,1.0000000,1.0000,[],2
44.3547,49.2133,-38.2631,0.0855483,Cn1c(=O)cc(-c2ccccc2)c2cc3nc(-c4ccco4)n(-c4ccc(Cl)cc4)c3c(O)c21,1,O=c1cc(-c2ccccc2)c2cc3nc(-c4ccco4)n(-c4ccccc4)c3cc2[nH]1,0.0786926,373.2882,0.3378612,0.3379,0.5762230,2.7563,1.0000000,1.0000,[],2
53.2686,56.4653,-56.4653,0.0000000,CC1(C(C)(C=C(c2c1cc1c(c3c(n4c(c5ccccc5c(-c5cc6c(cccc6)cc5)c4)n1)cccc23)C)C)C)C,0,,0.0000000,0.0000,0.0000000,0.0000,0.0000000,0.0000,0.0000000,0.0000,None,2
42.4399,49.1966,-47.7763,0.0110959,CC(C)c1cccc(C(C)C)c1-n1c2ccccc2c2cc(-c3ccc4c(c3)N(c3ccc(-n5c6ccccc6c6ccccc65)cc3)c3ccc(C(F)(F)F)cc3S4)ccc21,1,c1ccc(-n2c3ccccc3c3cc(-c4ccc5c(c4)N(c4ccc(-n6c7ccccc7c7ccccc76)cc4)c4ccccc4S5)ccc32)cc1,0.0093991,349.4297,0.1655435,0.1655,0.5107380,3.3595,1.0000000,1.0000,[],2
22.5903,30.2910,-6.4463,0.1862867,CC[n+]1ccc(C=Cc2cc3c4c(c2)CCCN4CCC3)cc1,1,C(=Cc1cc2c3c(c1)CCCN3CCC2)c1cc[nH+]cc1,0.1738635,536.9211,0.7810408,0.7810,0.5756814,2.7610,1.0000000,1.0000,[],2
26.0541,25.9782,-25.9782,0.0000000,CCCCOC(=O)CCC(=O)OC(C)(C)CC,1,,0.0000000,0.0000,0.0000000,0.0000,0.0000000,0.0000,0.0000000,0.0000,"['C(=[O,S])[O,S]']",2
26.8398,31.1603,-29.7624,0.0109214,Cc1c(C#N)c(=O)n(Cc2ccc(Cl)cc2)c2ccccc12,1,O=c1ccc2ccccc2n1Cc1ccccc1,0.0087722,348.6734,0.7208639,0.7209,0.6753256,1.9628,1.0000000,1.0000,[],2
29.7831,37.1034,-37.1034,0.0000000,CCCc1c(C(=O)O)c2ccccn2c1-c1cccc(NC(C)=O)c1,1,c1ccc(-c2ccc3ccccn23)cc1,0.0000000,0.0000,0.0000000,0.0000,0.0000000,0.0000,0.0000000,0.0000,"['C(=[O,S])[O,S]']",2
45.2665,48.9416,-48.9416,0.0000000,Cc1ncc(C2=CC=C3C4=CC(c5ccc(N(c6ccccc6)c6cccnc6)cc5)=CC(=C3C=C4)c3ccccc32)[nH]1,1,C1=CC2=C3C=C(c4ccc(N(c5ccccc5)c5cccnc5)cc4)C=C1C2=CC=C(c1cnc[nH]1)c1ccccc13,0.0000000,0.0000,0.0000000,0.0000,0.0000000,0.0000,0.0000000,0.0000,['[*;r{8-17}]'],2
32.5444,28.4204,-28.4204,0.0000000,CC1CC(C)OC(COC(=O)C(C)N)C1,1,C1CCOCC1,0.0000000,0.0000,0.0000000,0.0000,0.0000000,0.0000,0.0000000,0.0000,"['C(=[O,S])[O,S]']",2
34.3794,47.0152,-47.0152,0.0000000,COc1ccc(-n2c(-c3ccc(C=C(C#N)C(=O)O)cc3)cc3c(c2=O)OCO3)cc1,1,O=c1c2c(cc(-c3ccccc3)n1-c1ccccc1)OCO2,0.0000000,0.0000,0.0000000,0.0000,0.0000000,0.0000,0.0000000,0.0000,"['C(=[O,S])[O,S]']",2
31.2774,34.5919,-34.5919,0.0000000,COC(=O)C(=O)N(CCN(C)C)c1nc2c(C)cccc2s1,1,c1ccc2scnc2c1,0.0000000,0.0000,0.0000000,0.0000,0.0000000,0.0000,0.0000000,0.0000,"['C(=[O,S])[O,S]']",2
43.1032,52.1704,13.6365,0.5141168,CCn1c2ccc(-c3ccc4c(c3)C(C)(C)c3cc(-c5ccc(-c6ccc(N(c7ccccc7)c7ccccc7)cc6)s5)ccc3-4)cc2c2cc(N(c3ccccc3)c3ccccc3)ccc21,1,c1ccc(N(c2ccccc2)c2ccc(-c3ccc(-c4ccc5c(c4)Cc4cc(-c6ccc7[nH]c8ccc(N(c9ccccc9)c9ccccc9)cc8c7c6)ccc4-5)s3)cc2)cc1,0.5360522,401.5685,0.1355861,0.1356,0.5217093,3.2532,1.0000000,1.0000,[],2
61.0823,64.4861,-14.9859,0.3867198,[C-]#[N+]c1ccc2c(c1)N(c1ccc(C)cc1)c1cc(C)ccc1N2c1ccc2c(c1)-c1ccc(-n3c[n+](C)c4ccc(OC)cc43)cc1C2(C)C,1,c1ccc(N2c3ccccc3N(c3ccc4c(c3)-c3ccc(-n5c[nH+]c6ccccc65)cc3C4)c3ccccc32)cc1,0.3973942,395.4797,0.1384823,0.1385,0.4951141,3.5148,1.0000000,1.0000,[],2
52.9895,60.8765,52.8159,0.8882223,CCCCCCCCn1c2cc(-c3ccc(-c4ccc(-c5ccc(C=[N+](c6ccccc6)c6ccccc6)s5)s4)cc3)ccc2c2c3cc(N(c4ccccc4)c4ccccc4)ccc3ccc21,1,C(c1ccc(-c2ccc(-c3ccc(-c4ccc5c(c4)[nH]c4ccc6ccc(N(c7ccccc7)c7ccccc7)cc6c45)cc3)s2)s1)=[N+](c1ccccc1)c1ccccc1,0.9834495,444.3485,0.0533916,0.0534,0.4776953,3.6939,1.0000000,1.0000,[],2
45.2836,49.4425,56.5927,0.8284006,CCCCCCCN1C(=O)C(=Cc2cc(C=Cc3ccc(O)cc3)c(O)c(C(C)(C)C)c2)C(C)=C1C,1,O=C1NC=CC1=Cc1cccc(C=Cc2ccccc2)c1,0.8718120,420.8144,0.2135871,0.2136,0.5592048,2.9062,1.0000000,1.0000,[],2
33.5843,40.3207,-39.0629,0.0098266,CCC(=O)C=C1CCC2=Cc3ccc(O)cc3CC12C,1,C=C1CCC2=Cc3ccccc3CC12,0.0078760,347.4935,0.8219394,0.8219,0.4713938,3.7603,1.0000000,1.0000,[],2
65.5252,73.5892,-73.5892,0.0000000,c1ccc2-c3c4c(cccc4c(c4cccc(c43)c2c1)N(c1ccccc1)c1ccccc1)C#Cc1c2ccc3Oc4c(cccc4)-n4c5c(c(c4-c(c32)cc1)C)cccc5,0,,0.0000000,0.0000,0.0000000,0.0000,0.0000000,0.0000,0.0000000,0.0000,None,2
65.2180,82.1194,-82.1194,0.0000000,c1c(ccc(N(c2ccc(OCCCCCCCC)cc2)c2ccc(cc2)-c2c3cc4c(c5c(ccc(N(c6ccccc6)c6ccccc6)c5)n4CCCCCCCC)cc2OC(CCCCCCCC)Oc3ccc2ccccc2=O)c1)OC,0,,0.0000000,0.0000,0.0000000,0.0000,0.0000000,0.0000,0.0000000,0.0000,None,2
58.7503,69.0582,-64.7076,0.0339895,COc1ccccc1N1c2ccc(-c3ccc(-c4ccc(C)cc4)c(-c4ccc(-c5ccc(-c6ccccc6)s5)cc4)c3)cc2-c2cc(N(c3ccccc3)c3ccccc3)ccc2C1(C)C,1,c1ccc(-c2ccc(-c3ccc(-c4cc(-c5ccc6c(c5)-c5cc(N(c7ccccc7)c7ccccc7)ccc5CN6c5ccccc5)ccc4-c4ccccc4)cc3)s2)cc1,0.0307322,362.5287,0.1360927,0.1361,0.5079140,3.3872,1.0000000,1.0000,[],2
29.2179,32.5563,-32.5563,0.0000000,O=c1c2c3CCCCc3c3CCCCn3c2nc([nH]1)C(C)(C)C,0,,0.0000000,0.0000,0.0000000,0.0000,0.0000000,0.0000,0.0000000,0.0000,None,2
45.4940,50.3079,-50.3079,0.0000000,COc1ccc(-c2cc3c4c(ccc5c4c2C=C5)OC3C(=O)OCc2ccccc2)cc1,1,O=C(OCc1ccccc1)C1Oc2ccc3c4c(c(-c5ccccc5)cc1c24)C=C3,0.0000000,0.0000,0.0000000,0.0000,0.0000000,0.0000,0.0000000,0.0000,"['C(=[O,S])[O,S]']",2
49.0450,49.9919,-33.1643,0.1314657,Cc1ccc(C)c(N2C(=O)C(=Cc3ccccc3)C(=O)N(c3ccc(C(=O)Nc4nc5c(C)cccc5s4)cc3)C2=O)c1,1,O=C(Nc1nc2ccccc2s1)c1ccc(N2C(=O)C(=Cc3ccccc3)C(=O)N(c3ccccc3)C2=O)cc1,0.1262211,378.9933,0.1756357,0.1756,0.5887643,2.6486,1.0000000,1.0000,[],2
42.6725,43.8606,-37.4002,0.0504719,O=C(Cc1c2n(c3c(-c4ccccc4)cccc3c1=O)CCN2)c1ccc2c(c1)OCCO2,1,O=C(Cc1c2n(c3c(-c4ccccc4)cccc3c1=O)CCN2)c1ccc2c(c1)OCCO2,0.0446501,366.7415,0.4816008,0.4816,0.5779805,2.7411,1.0000000,1.0000,[],3
26.8595,27.8065,-27.4659,0.0026609,Clc1nc(Cl)c(N2CCOCC2)c(Cl)c1Cl,1,c1cncc(N2CCOCC2)c1,0.0019880,332.4820,0.7420690,0.7421,0.5903111,2.6355,1.0000000,1.0000,[],3
24.1854,32.2314,-32.1962,0.0002751,c1ccc(N(c2ccccc2)c2ccc(OCCN3CCCc4ccccc43)cc2)cc1,1,c1ccc(N(c2ccccc2)c2ccc(OCCN3CCCc4ccccc43)cc2)cc1,0.0001869,306.7910,0.3204349,0.3204,0.6577851,2.0944,1.0000000,1.0000,[],3
46.9329,60.2235,-60.2235,0.0000000,Cc1ccc2c(c1)c1ccccc1n2-c1ccc(C=Cc2ccc(C#Cc3cc(C#Cc4ccc5c(c4)c4ccccc4n5-c4ccccc4)c4ccc5cccc6ccc3c4c65)cc2)cc1,1,C(#Cc1cc(C#Cc2ccc3c(c2)c2ccccc2n3-c2ccccc2)c2ccc3cccc4ccc1c2c43)c1ccc(C=Cc2ccc(-n3c4ccccc4c4ccccc43)cc2)cc1,0.0000000,0.0000,0.0000000,0.0000,0.0000000,0.0000,0.0000000,0.0000,['C#C'],3
26.2659,28.7359,-28.6813,0.0004261,Fc1ccc(-c2cc(-c3ccccc3)nc(-c3cccc4ccccc34)n2)cc1,1,c1ccc(-c2cc(-c3ccccc3)nc(-c3cccc4ccccc34)n2)cc1,0.0002952,311.7573,0.3471575,0.3472,0.6825569,1.9095,1.0000000,1.0000,[],3
25.2170,29.7288,4.1711,0.2648432,c1ccc(-n2c3ccccc3c3c4ccc5cccc6ccc(cc32)c4c65)cc1,1,c1ccc(-n2c3ccccc3c3c4ccc5cccc6ccc(cc32)c4c65)cc1,0.2599835,388.6426,0.2621995,0.2622,0.6479975,2.1693,1.0000000,1.0000,[],3
66.5851,79.1308,37.9067,0.9143561,C=C=C(C)C(C=C)=C1CC(c2ccc(C=C(c3ccccc3)c3ccccc4cc(=[N+](CC)CC)ccc3-4)s2)=C(C#N)c2ccccc21,1,C=C1CC(c2ccc(C=C(c3ccccc3)c3ccccc4cc(=[N+])ccc3-4)s2)=Cc2ccccc21,0.9886577,471.4914,0.1225753,0.1226,0.4554932,3.9319,1.0000000,1.0000,[],3
41.3291,41.2892,-41.2892,0.0000000,CN(C)CCNCc1c(O)cc(O)c(C=C2SC(=S)N(CC(=O)O)C2=O)c1O,1,O=C1NC(=S)SC1=Cc1ccccc1,0.0000000,0.0000,0.0000000,0.0000,0.0000000,0.0000,0.0000000,0.0000,"['C(=[O,S])[O,S]']",3
94.7992,98.4324,-98.4324,0.0000000,c12cc3n(CC)c4c5c(c6c(c4c3c3c2c(cc5)C(c2ccccc2-1)=c1ccc2c(=NC(C=C2C=C6)C)n1)=O)C(=CC=N3)c1cccc2c1nccc2,0,,0.0000000,0.0000,0.0000000,0.0000,0.0000000,0.0000,0.0000000,0.0000,None,3
53.4087,62.2259,-62.2259,0.0000000,c12cc3c(cc1ccc1c2ccc(c1)N1CCCCC1)c(-c1sccc1)c1c2c4c(c5ccccc5c2cc1)cc1c4c3ccc1,0,,0.0000000,0.0000,0.0000000,0.0000,0.0000000,0.0000,0.0000000,0.0000,None,3
25.7774,32.4695,3.7506,0.2829692,O=[N+]([O-])c1ccc(-c2ccc3oc4cc(N(c5ccccc5)c5ccccc5)ccc4c3n2)cc1,1,c1ccc(-c2ccc3oc4cc(N(c5ccccc5)c5ccccc5)ccc4c3n2)cc1,0.2816809,389.8360,0.1935084,0.1935,0.6214877,2.3782,1.0000000,1.0000,[],3
74.0152,77.2722,-77.2722,0.0000000,c12c(cc(cc2)Oc2ccc(C(F)(F)F)cc2)ccc(c1)-c1ccc2c(c1)Sc1c3S(N=C(C4CCCCC4)Cc3cc(N3C(=O)C=CC3=O)c1)(=O)=O,0,,0.0000000,0.0000,0.0000000,0.0000,0.0000000,0.0000,0.0000000,0.0000,None,3
22.0191,24.7716,-24.7456,0.0002027,Clc1cccc(Cl)c1-c1nc(-c2ccccc2)nc(-c2ccccc2)n1,1,c1ccc(-c2nc(-c3ccccc3)nc(-c3ccccc3)n2)cc1,0.0001341,303.1907,0.4273385,0.4273,0.6861927,1.8830,1.0000000,1.0000,[],3
24.1833,24.6533,-24.6474,0.0000463,CCc1ccc(NC(C)=N)cc1,1,c1ccccc1,0.0000282,286.2523,0.5086890,0.5087,0.6588253,2.0865,1.0000000,1.0000,[],3
80.5633,85.8443,-85.8443,0.0000000,CC(=O)c1nsc(n1)-c1sc(-c2sc(-c3c4c(sc5cc(-c6cc7[nH]c(sc7c6)nc(n4)N(CC(CC)CCCC)CC(CC)CCCC)s5)c(C#N)cc3)cc2)cc1,0,,0.0000000,0.0000,0.0000000,0.0000,0.0000000,0.0000,0.0000000,0.0000,None,3
37.6542,31.5291,-31.5193,0.0000771,Cc1ccc(S(=O)(=O)N2CCCC(C(=O)N3CCN(Cc4cccnc4)CC3)C2)cc1,1,O=C(C1CCCN(S(=O)(=O)c2ccccc2)C1)N1CCN(Cc2cccnc2)CC1,0.0000479,291.9998,0.7093606,0.7094,0.5967438,2.5813,1.0000000,1.0000,[],3
34.3875,47.7315,-47.7315,0.0000000,CCn1c2ccccc2c2ccc(N(c3ccccc3)c3ccc(C=Cc4nc5ccc(C=C(C#N)C(=O)O)cc5s4)cc3)cc21,1,C(=Cc1nc2ccccc2s1)c1ccc(N(c2ccccc2)c2ccc3c(c2)[nH]c2ccccc23)cc1,0.0000000,0.0000,0.0000000,0.0000,0.0000000,0.0000,0.0000000,0.0000,"['C(=[O,S])[O,S]']",3
42.9463,48.7020,-48.7020,0.0000000,Cc1c(C#N)c(N)c2c(-c3ccccc3[N+](=O)[O-])c1C1=C(C(=O)CC(C)(C)C1)N2c1ccccc1,1,O=C1CCCC2=C1N(c1ccccc1)c1cccc2c1-c1ccccc1,0.0000000,0.0000,0.2773276,0.2773,0.4642857,3.8363,1.0000000,1.0000,[],3
34.6110,34.0800,-34.0507,0.0002291,CCN(C=Cc1cn[nH]c1Br)Cc1ccccc1,1,C(=Cc1cn[nH]c1)NCc1ccccc1,0.0001496,304.3756,0.9138598,0.9139,0.5562205,2.9330,1.0000000,1.0000,[],3
31.5051,33.2969,-33.2225,0.0005815,Cc1cc(-c2ccc(Cl)cc2)nc2nc(Cc3ccccc3Cl)nn12,1,c1ccc(Cc2nc3nc(-c4ccccc4)ccn3n2)cc1,0.0004051,315.1939,0.5106069,0.5106,0.6388106,2.2407,1.0000000,1.0000,[],3
40.7691,46.3899,-34.9636,0.0892680,CCCCn1c(=NC(=O)C=Cc2ccc(-c3ccc(OCCc4ccccc4)cc3)cc2)sc2ccccc21,1,O=C(C=Cc1ccc(-c2ccc(OCCc3ccccc3)cc2)cc1)N=c1[nH]c2ccccc2s1,0.0839713,374.0555,0.1714459,0.1714,0.6129116,2.4477,1.0000000,1.0000,[],3
38.5435,40.4773,-19.3938,0.1647152,O=c1nc(-c2ccccc2)nc(-c2ccccc2)c(-c2cccc(-c3cc(-c4ccccc4)c4c5ccccc5c5ccccc5c4n3)c2)n1,1,O=c1nc(-c2ccccc2)nc(-c2ccccc2)c(-c2cccc(-c3cc(-c4ccccc4)c4c5ccccc5c5ccccc5c4n3)c2)n1,0.1600931,382.0035,0.1751603,0.1752,0.5805413,2.7190,1.0000000,1.0000,[],3
33.5665,35.9888,-35.0345,0.0074550,COc1ccc2oc(=O)cc(-c3ccc(OC)c(OCc4ccccc4)c3OC)c2c1,1,O=c1cc(-c2cccc(OCc3ccccc3)c2)c2ccccc2o1,0.0059894,344.4998,0.3907485,0.3907,0.6438821,2.2012,1.0000000,1.0000,[],3
23.6283,26.7787,-26.7098,0.0005386,CCCCc1ccc2ccc3cccc4c3c2c1CC4,1,c1cc2c3c(c1)ccc1cccc(c13)CC2,0.0003729,314.2948,0.5504244,0.5504,0.6311280,2.3012,1.0000000,1.0000,[],3
43.6351,49.4751,-49.2169,0.0020173,Cc1ccc(-c2cc3c([nH]2)c(C2=CC=C4C(C#N)=CN=C42)cc2ccccc23)cc1,1,C1=CC2=CC=C(c3cc4ccccc4c4cc(-c5ccccc5)[nH]c34)C2=N1,0.0015153,590.4708,0.4229304,0.4229,0.5312952,3.1622,1.0000000,1.0000,[],3
45.3134,49.9452,-49.9452,0.0000000,CCCCCCCCCCCCC=Cc1ccc(N(CCOC(=O)CCCCCCCCCCC)c2cc3c4ccccc4ccc3c3ccccc23)cc1,1,c1ccc(Nc2cc3c4ccccc4ccc3c3ccccc23)cc1,0.0000000,0.0000,0.0000000,0.0000,0.0000000,0.0000,0.0000000,0.0000,"['C(=[O,S])[O,S]']",3
25.9482,25.9539,-25.8712,0.0006457,CC(=O)N1CCc2nc(-c3ccc(C)cc3)[nH]c(=O)c2C1,1,O=c1[nH]c(-c2ccccc2)nc2c1CNCC2,0.0004451,316.2155,0.8650882,0.8651,0.6253934,2.3469,1.0000000,1.0000,[],3
60.0401,68.1441,-34.1232,0.2657886,CCCCC1(Cc2cccc3ccccc23)c2cc(-c3ccc(N(c4ccccc4)c4ccccc4)cc3)ccc2-c2cc3oc4c(-c5ccccc5)c5ccccc5c(-c5ccc(F)cc5)c4c3cc21,1,c1ccc(-c2c3ccccc3c(-c3ccccc3)c3c2oc2cc4c(cc23)C(Cc2cccc3ccccc23)c2cc(-c3ccc(N(c5ccccc5)c5ccccc5)cc3)ccc2-4)cc1,0.2690393,389.1480,0.1285373,0.1285,0.4436386,4.0637,1.0000000,1.0000,[],3
33.4724,39.9450,-28.5235,0.0892308,COc1ccccc1-c1cc2c(C=Cc3ccco3)cccn2n1,1,C(=Cc1cccn2nc(-c3ccccc3)cc12)c1ccco1,0.0809297,373.6190,0.5440741,0.5441,0.6125271,2.4508,1.0000000,1.0000,[],3
30.7469,32.9695,-32.9413,0.0002203,c1ccc(-c2c(-c3cccc(-c4ccc5oc6ccccc6c5c4)c3)ccc3ccccc23)cc1,1,c1ccc(-c2c(-c3cccc(-c4ccc5oc6ccccc6c5c4)c3)ccc3ccccc23)cc1,0.0001488,304.3185,0.2631814,0.2632,0.6524498,2.1351,1.0000000,1.0000,[],3
32.4539,36.0972,-35.8658,0.0018071,CCCCc1ccc2c(-c3cccc4ccccc34)c3c(c(O)c2c1)CCCC3,1,c1ccc2c(-c3c4c(cc5ccccc35)CCCC4)cccc2c1,0.0013486,328.2615,0.3865645,0.3866,0.6302888,2.3079,1.0000000,1.0000,[],3
32.8128,35.8124,-35.8124,0.0000000,CC(=O)OC1C(c2ccccc2)=C(c2ccccc2)N(c2ccccc2)C(=O)C1(C)C,1,O=C1CCC(c2ccccc2)=C(c2ccccc2)N1c1ccccc1,0.0000000,0.0000,0.0000000,0.0000,0.0000000,0.0000,0.0000000,0.0000,"['C(=[O,S])[O,S]']",3
58.4895,71.6531,-71.6531,0.0000000,CCCCn1c2cc(C=Cc3ccc(C#Cc4ccc5c(c4)Sc4cc(C(C)(C)C)ccc4N5S(=O)(=O)c4ccc(C)cc4)cc3)ccc2c(=O)c2ccc([S+]([O-])CC)cc21,1,O=c1c2ccccc2[nH]c2cc(C=Cc3ccc(C#Cc4ccc5c(c4)Sc4ccccc4N5S(=O)(=O)c4ccccc4)cc3)ccc12,0.0000000,0.0000,0.0000000,0.0000,0.0000000,0.0000,0.0000000,0.0000,['C#C'],3
22.6706,24.0533,-24.0533,0.0000000,CCOC(=O)CCCOc1ccccc1OCC,1,c1ccccc1,0.0000000,0.0000,0.0000000,0.0000,0.0000000,0.0000,0.0000000,0.0000,"['C(=[O,S])[O,S]']",3
35.4887,40.0719,-35.4415,0.0361747,CCn1c2ccccc2c2cc(-c3ccc(C4(C)C(=O)c5ccccc5-c5ccccc54)cc3)ccc21,1,O=C1c2ccccc2-c2ccccc2C1c1ccc(-c2ccc3[nH]c4ccccc4c3c2)cc1,0.0321249,363.0256,0.2499218,0.2499,0.5604502,2.8951,1.0000000,1.0000,[],3
61.6663,64.3797,-64.3797,0.0000000,c1cc2c(cc1)c(cc1ccc3ccc4c(c3c12)ccc1ccc2c(cco1)cc42)-c1ccc2cc(ccc2c1)-c1cc2ccccc2c2c1c1c(cccc1)cc2,0,,0.0000000,0.0000,0.0000000,0.0000,0.0000000,0.0000,0.0000000,0.0000,None,3
56.5823,61.5493,8.1707,0.5446877,Cc1c(-c2ccc(-c3cccc4c5ccccc5c5ccccc5c34)cc2)n(C)c2cc3cc(C=Cc4ccccc4Br)oc3cc12,1,C(=Cc1cc2cc3[nH]c(-c4ccc(-c5cccc6c7ccccc7c7ccccc7c56)cc4)cc3cc2o1)c1ccccc1,0.5648420,402.8320,0.1707608,0.1708,0.5524158,2.9673,1.0000000,1.0000,[],3
68.2689,74.0778,43.5741,0.9191556,CCCc1c2c(c3ccccc3c1Nc1ccccc1CC)C=CC(Br)(c1nonc1N)N2c1ccc(N(CC)CC)cc1,1,C1=CC(c2cnon2)N(c2ccccc2)c2cc(Nc3ccccc3)c3ccccc3c21,0.9959731,460.1682,0.1150430,0.1150,0.4585665,3.8983,1.0000000,1.0000,[],3
49.3128,52.1918,31.4101,0.6531398,C[n+]1ccc(-c2cncc3ccccc23)cc1-c1nc(-c2ccccc2)nc(-c2nc3ccccc3c3c2C=CCC3)n1,1,C1=Cc2c(-c3nc(-c4ccccc4)nc(-c4cc(-c5cncc6ccccc56)cc[nH+]4)n3)nc3ccccc3c2CC1,0.6799856,408.1833,0.2114946,0.2115,0.5231432,3.2395,1.0000000,1.0000,[],3
18.2228,20.7193,-20.7193,0.0000000,CC(=O)Oc1ccc2ccc(=O)oc2c1,1,O=c1ccc2ccccc2o1,0.0000000,0.0000,0.0000000,0.0000,0.0000000,0.0000,0.0000000,0.0000,"['C(=[O,S])[O,S]']",3
45.9226,55.5046,-55.5046,0.0000000,N1(c2ccc(cc2)C)C(c2c(ccc3oc(c(c23)C=1c1ccc(cc1)C)C#Cc1ccc(C)cc1)-c1ccc(C)cc1)=O,0,,0.0000000,0.0000,0.0000000,0.0000,0.0000000,0.0000,0.0000000,0.0000,None,3
39.1471,39.9315,-39.9315,0.0000000,C12(OC(=O)C(CC)=C2C2C(C2)(C)C=1)C,0,,0.0000000,0.0000,0.0000000,0.0000,0.0000000,0.0000,0.0000000,0.0000,None,3
26.6452,26.1920,-26.1920,0.0000000,Cc1ccccc1CC(=O)Nc1cccc(C(=O)O)c1,1,O=C(Cc1ccccc1)Nc1ccccc1,0.0000000,0.0000,0.0000000,0.0000,0.0000000,0.0000,0.0000000,0.0000,"['C(=[O,S])[O,S]']",3
57.0312,63.7584,-63.7584,0.0000000,c1(c2[nH]c3ccc(Cl)cc3[n+]3c2c(c2ccc4c(oc(=O)c4)c4c2cccc4)cc3c(c1Cl)Cl)Cl,0,,0.0000000,0.0000,0.0000000,0.0000,0.0000000,0.0000,0.0000000,0.0000,None,3
51.7275,54.0109,-41.2628,0.0995946,O=S(=O)([O-])c1ccc2c(-c3c(O)ccc4cccc(O)c34)c(O)c3ccccc3c2c1S(=O)(=O)O,1,c1ccc2c(-c3cc4ccccc4c4ccccc34)cccc2c1,0.0939510,375.3937,0.2055733,0.2056,0.5364529,3.1139,1.0000000,1.0000,[],3
56.2337,61.0879,-61.0879,0.0000000,CCOC(=O)C(=[N+]=[N-])C(=O)Nc1ccccc1C(=O)c1cc2cc(NC(=O)c3ccc(N(CCCl)CCBr)cc3)ccc2o1,1,O=C(Nc1ccc2oc(C(=O)c3ccccc3)cc2c1)c1ccccc1,0.0000000,0.0000,0.0000000,0.0000,0.0000000,0.0000,0.0000000,0.0000,"['C(=[O,S])[O,S]']",3
58.4036,71.3357,-71.3357,0.0000000,CC(=Cc1ccc2-c3ccc(C(=N)C(C)=O)c4cc(cc(c1c43)C2)C=C(C(O)=O)C#N)C,0,,0.0000000,0.0000,0.0000000,0.0000,0.0000000,0.0000,0.0000000,0.0000,None,3
38.7629,42.4773,-12.0312,0.2378605,c1ccc(N(c2ccc(-c3ccc(-c4ccc5c(c4)sc4ccc6c(c45)-c4ccccc4C6)s3)cc2)c2ccccn2)cc1,1,c1ccc(N(c2ccc(-c3ccc(-c4ccc5c(c4)sc4ccc6c(c45)-c4ccccc4C6)s3)cc2)c2ccccn2)cc1,0.2350660,387.1891,0.1958737,0.1959,0.5579956,2.9170,1.0000000,1.0000,[],3
50.5242,58.8912,-44.8430,0.1097513,N=c1c2cc(F)c(NCC(F)(F)C(F)(F)C(F)(F)C(F)(F)C(F)(F)C(F)(F)C(F)(F)C(F)(F)C(F)(F)C(F)(F)F)cc2oc2cccc(N)c12,1,N=c1c2ccccc2oc2ccccc12,0.1066686,376.9256,0.1033130,0.1033,0.4650682,3.8279,1.0000000,1.0000,[],3
31.5890,32.4784,-31.4747,0.0078414,COc1ccc(-c2ccc3c(=O)n(N)c(=O)[nH]c3n2)cc1,1,O=c1[nH]c(=O)c2ccc(-c3ccccc3)nc2[nH]1,0.0062137,344.9015,0.6659396,0.6659,0.6314503,2.2987,1.0000000,1.0000,[],3
52.9498,62.5193,39.8772,0.7999725,CCCCCCCCC=CCCCCCCCCN1C(=O)C=C(c2ccc(OC)c(C=Cc3ccc(OC)cc3C=Cc3ccc(N4CCCC4)cc3)c2)C1=O,1,O=C1C=C(c2cccc(C=Cc3ccccc3C=Cc3ccc(N4CCCC4)cc3)c2)C(=O)N1,0.8881195,422.4929,0.0394176,0.0394,0.5103015,3.3638,1.0000000,1.0000,[],3
22.2016,22.3673,-22.3673,0.0000000,CCC=CCC(O)CCCCCC,1,,0.0000000,197.4894,0.4505186,0.4505,0.5726833,2.7871,1.0000000,1.0000,[],3
46.9564,51.9816,-51.9816,0.0000000,N(C)(S(=O)(c1ccc(Nc2c(c(nc3n(C)c2c3=O)=O)OCC)cc1)=O)CC,0,,0.0000000,0.0000,0.0000000,0.0000,0.0000000,0.0000,0.0000000,0.0000,None,3
32.2895,34.9781,-29.2850,0.0444768,Nc1cc2c3ccccc3ccc2c2ccc(-c3ccncc3)cc12,1,c1ccc2c(c1)ccc1c3ccc(-c4ccncc4)cc3ccc21,0.0395107,365.3556,0.3134433,0.3134,0.6583546,2.0901,1.0000000,1.0000,[],3
45.8770,55.9042,61.7764,0.9193800,Cc1c(-c2ccc(-c3ccc(N(c4ccccc4)c4ccccc4)cc3)s2)c(=Cc2ccc(-c3ccc(-c4ccccc4)cc3)o2)c(=O)c2cc1ccc2N(c1ccccc1)c1ccccc1,1,O=c1c(=Cc2ccc(-c3ccc(-c4ccccc4)cc3)o2)c(-c2ccc(-c3ccc(N(c4ccccc4)c4ccccc4)cc3)s2)cc2ccc(N(c3ccccc3)c3ccccc3)c1c2,0.9935623,465.2884,0.1296869,0.1297,0.4351517,4.1603,1.0000000,1.0000,[],3
24.5484,29.3453,-17.6460,0.0914008,c1ccc(-c2ccc(-c3cc(-c4ccc(N(c5ccccc5)c5ccccc5)cc4)nc(-c4ccccc4)n3)cc2)cc1,1,c1ccc(-c2ccc(-c3cc(-c4ccc(N(c5ccccc5)c5ccccc5)cc4)nc(-c4ccccc4)n3)cc2)cc1,0.0855402,374.2751,0.1972691,0.1973,0.6711266,1.9940,1.0000000,1.0000,[],3
53.7842,78.0995,-78.0995,0.0000000,CCCCCCc1ccc(-c2c(C=C(C#N)C(N)=O)n(CCCCCC)c3nc(-c4ccc(C=C(C#N)C(=O)O)o4)nc(-n4c5ccccc5c5ccccc54)c23)cc1,1,c1ccc(-c2c[nH]c3nc(-c4ccco4)nc(-n4c5ccccc5c5ccccc54)c23)cc1,0.0000000,0.0000,0.0000000,0.0000,0.0000000,0.0000,0.0000000,0.0000,"['C(=[O,S])[O,S]']",3
50.9025,64.4644,-64.4644,0.0000000,CC(=O)Nc1ccc2ccc(C=CC(=O)Nc3nc4c(s3)C(=O)C(=CC=C(C#N)C(=O)O)C4)cc2c1,1,C=C1Cc2nc(NC(=O)C=Cc3ccc4ccccc4c3)sc2C1=O,0.0000000,0.0000,0.0000000,0.0000,0.0000000,0.0000,0.0000000,0.0000,"['C(=[O,S])[O,S]']",3
22.0188,30.9695,-30.9695,0.0000000,N#CC(=Cc1cc2ccccc2[nH]c1=S)C(=O)O,1,S=c1ccc2ccccc2[nH]1,0.0000000,0.0000,0.0000000,0.0000,0.0000000,0.0000,0.0000000,0.0000,"['C(=[O,S])[O,S]']",3
26.6307,33.8035,87.1144,0.9446711,CC[n+]1ccc(C=CN(CCC#N)c2ccccc2)cc1,1,C(=Cc1cc[nH+]cc1)Nc1ccccc1,0.9622855,435.1699,0.7583913,0.7584,0.5460784,3.0250,1.0000000,1.0000,[],3
38.4369,44.2483,-44.0218,0.0017695,COc1cc(-c2ccc(-c3ccc(N(C)C)c4ccccc34)cc2)c2ccccc2c1-c1ccccc1,1,c1ccc(-c2ccc(-c3ccc(-c4cccc5ccccc45)cc3)c3ccccc23)cc1,0.0013378,328.1742,0.2444492,0.2444,0.6417338,2.2179,1.0000000,1.0000,[],3
21.3679,24.5493,-18.8545,0.0444909,N#Cc1ccc(-n2nc3ccccc3c2N)cc1,1,c1ccc(-n2cc3ccccc3n2)cc1,0.0385385,365.0741,0.7028888,0.7029,0.6504519,2.1504,1.0000000,1.0000,[],3
31.2561,27.4738,-26.3929,0.0084445,CC(C)c1nnc2ccc(N3CCC(C(=O)NC(c4ccccc4)c4ccccc4)CC3)nn12,1,O=C(NC(c1ccccc1)c1ccccc1)C1CCN(c2ccc3nncn3n2)CC1,0.0067967,345.8814,0.4682532,0.4683,0.6150038,2.4306,1.0000000,1.0000,[],3
27.2009,34.3642,-34.3642,0.0000000,C=CCN1C(=O)C(=Cc2ccc(N(Cc3ccco3)c3ccccc3)cc2)SC1=S,1,O=C1NC(=S)SC1=Cc1ccc(N(Cc2ccco2)c2ccccc2)cc1,0.0000000,0.0000,0.0000000,0.0000,0.0000000,0.0000,0.0000000,0.0000,"['C(=[O,S])[O,S]']",3
46.8227,56.0450,-43.4670,0.0982654,CCCCC(CC)n1c2ccccc2c2cc(-c3ccc4c(c3)sc3cc(C(=Cc5ccc(N6c7ccccc7Sc7ccccc76)cc5)c5ccccc5)ccc34)ccc21,1,C(=C(c1ccccc1)c1ccc2c(c1)sc1cc(-c3ccc4[nH]c5ccccc5c4c3)ccc12)c1ccc(N2c3ccccc3Sc3ccccc32)cc1,0.0943299,375.4420,0.1269996,0.1270,0.4661101,3.8167,1.0000000,1.0000,[],4
35.3775,42.5955,10.6826,0.4162354,COc1ccccc1-c1ccc(OC)c2c3cc4ccccc4c(-c4ccccc4)c3c3ccccc3c12,1,c1ccc(-c2cccc3c4cc5ccccc5c(-c5ccccc5)c4c4ccccc4c23)cc1,0.4236932,396.6599,0.1805687,0.1806,0.6266784,2.3366,1.0000000,1.0000,[],4
46.0027,53.2685,-47.5738,0.0444902,CCCCCCCCCCCCCCCCN1C(=CC2=CC(=O)C=C(CCCCCCCCCCCCCC)C2=O)C(C)(C)c2cc(CCCCCCCC)ccc21,1,O=C1C=CC(=O)C(C=C2Cc3ccccc3N2)=C1,0.0421093,553.9235,0.0501249,0.0501,0.5072313,3.3939,1.0000000,1.0000,[],4
33.3874,41.6722,-41.6722,0.0000000,CCCCCN(CCCCC)c1ccc(-c2oc(-c3ccc(N(c4ccccc4)c4ccccc4)cc3)cc2C(=O)OC)cc1,1,c1ccc(-c2ccc(-c3ccc(N(c4ccccc4)c4ccccc4)cc3)o2)cc1,0.0000000,0.0000,0.0000000,0.0000,0.0000000,0.0000,0.0000000,0.0000,"['C(=[O,S])[O,S]']",4
43.9655,46.7301,58.0736,0.8187790,CCCC1C(=O)NC(=CC=Cc2c(O)ccc3ccccc23)S1(=O)=O,1,O=C1CS(=O)(=O)C(=CC=Cc2cccc3ccccc23)N1,0.8262466,416.9294,0.8805777,0.8806,0.4769507,3.7017,1.0000000,1.0000,[],4
47.7140,48.0221,-48.0221,0.0000000,c1(-n2cncc2)nn2c(c3cc(NC(CCC)=O)cc(C)c3n2)n1,0,,0.0000000,0.0000,0.0000000,0.0000,0.0000000,0.0000,0.0000000,0.0000,None,4
26.1887,29.6761,-28.3488,0.0103690,Cc1ccc2nc(-c3cc4ccccc4oc3=O)n(C)c(=O)c2c1,1,O=c1oc2ccccc2cc1-c1nc2ccccc2c(=O)[nH]1,0.0084082,348.2092,0.5060622,0.5061,0.6415534,2.2193,1.0000000,1.0000,[],4
44.2272,49.9015,68.5776,0.9256178,c1ccc(-c2nc3cc4c(ccc5cc(N(c6ccccc6)c6ccccc6)ccc54)cc3nc2-c2ccc(-c3cccc4ccccc34)cc2)cc1,1,c1ccc(-c2nc3cc4c(ccc5cc(N(c6ccccc6)c6ccccc6)ccc54)cc3nc2-c2ccc(-c3cccc4ccccc34)cc2)cc1,0.9945209,463.5274,0.1297341,0.1297,0.5825635,2.7016,1.0000000,1.0000,[],4
19.7875,22.4643,-22.3805,0.0006549,Cc1ccc(Nc2ccc(Br)cc2)cc1,1,c1ccc(Nc2ccccc2)cc1,0.0004504,316.3443,0.8396278,0.8396,0.7546559,1.4075,1.0000000,1.0000,[],4
20.6949,24.6062,-24.5031,0.0008051,N#Cc1ccc2nc(-c3ccccc3)cn2c1,1,c1ccc(-c2cn3ccccc3n2)cc1,0.0005665,318.8368,0.6310545,0.6311,0.6513116,2.1438,1.0000000,1.0000,[],4
34.3858,38.1608,-35.4565,0.0211276,Cc1ccc(-c2nc3c4ccccc4nc(-c4ccc(-n5c6ccccc6c6cc(C)ccc65)cc4)n3n2)cc1,1,c1ccc(-c2nc3c4ccccc4nc(-c4ccc(-n5c6ccccc6c6ccccc65)cc4)n3n2)cc1,0.0182333,356.7214,0.2376370,0.2376,0.6130318,2.4467,1.0000000,1.0000,[],4
64.9423,75.6170,-64.7297,0.0850568,COc1ccc(-c2cc(-c3onc(-c4ccn(-c5ccc(Br)cc5Br)c4C)c3Br)c(-c3ccc(-c4ccc(Br)s4)c4c3OCCO4)s2)cc1,1,c1ccc(-c2cc(-c3cc(-c4ccn(-c5ccccc5)c4)no3)c(-c3ccc(-c4cccs4)c4c3OCCO4)s2)cc1,0.0803997,373.5414,0.1593337,0.1593,0.4812925,3.6564,1.0000000,1.0000,[],4
15.4197,22.3835,-22.3196,0.0004989,Oc1ccc(C=Cc2ccccc2)cc1,1,C(=Cc1ccccc1)c1ccccc1,0.0003400,313.2915,0.7279350,0.7279,0.7292278,1.5788,1.0000000,1.0000,[],4
38.2532,40.2195,-40.1120,0.0008398,Cc1cnc(CNC(=O)c2cc3cc(C(=O)c4ccc(F)cc4)ccc3s2)s1,1,O=C(c1ccccc1)c1ccc2sc(C(=O)NCc3nccs3)cc2c1,0.0005984,319.4314,0.4729079,0.4729,0.6170009,2.4144,1.0000000,1.0000,[],4
38.6348,50.5139,-37.3820,0.1025931,COc1ccc(-c2c(C=Cc3ccccc3)nc(-c3ccccc3)nc2N(c2ccccc2)c2ccc(N3CCCCC3)cc2)cc1,1,C(=Cc1nc(-c2ccccc2)nc(N(c2ccccc2)c2ccc(N3CCCCC3)cc2)c1-c1ccccc1)c1ccccc1,0.0975106,375.8402,0.1620713,0.1621,0.5772854,2.7471,1.0000000,1.0000,[],4
18.3798,21.5072,-21.5057,0.0000117,Nc1nc2ncnc(N)c2[nH]1,1,c1ncc2[nH]cnc2n1,0.0000066,270.5706,0.4697310,0.4697,0.5720694,2.7925,1.0000000,1.0000,[],4
22.1115,30.3604,78.1423,0.8476775,N#CC(C#N)=Cc1ccc(N(c2ccccc2)c2ccc(C=Cc3ccc(N(c4ccccc4)c4ccccc4)cc3)cc2)s1,1,C(=Cc1ccc(N(c2ccccc2)c2cccs2)cc1)c1ccc(N(c2ccccc2)c2ccccc2)cc1,0.9086943,495.0520,0.1230378,0.1230,0.5644549,2.8595,1.0000000,1.0000,[],4
42.5878,43.7837,-43.6392,0.0011291,c1ccc(P(c2ccsc2)c2cccc3c2-c2ccccc2C32c3ccccc3-c3ccccc32)cc1,1,c1ccc(P(c2ccsc2)c2cccc3c2-c2ccccc2C32c3ccccc3-c3ccccc32)cc1,0.0008425,323.1487,0.2141361,0.2141,0.4737101,3.7358,1.0000000,1.0000,[],4
34.8664,41.0147,-26.4206,0.1140170,CC(=O)c1cc([N+](=O)[O-])ccc1-c1ccc(-c2ccc(-c3ccc(-c4ccc(N(c5ccccc5)c5ccccc5)cc4)cc3)cc2)cc1,1,c1ccc(-c2ccc(-c3ccc(-c4ccc(-c5ccc(N(c6ccccc6)c6ccccc6)cc5)cc4)cc3)cc2)cc1,0.1108605,377.3952,0.0898309,0.0898,0.6186531,2.4011,1.0000000,1.0000,[],4
50.6872,60.6580,-60.6580,0.0000000,CN(C)c1c2cc3c(O)c4ccccc4c(=O)c-3cc1c1ccccc1c2=CC1CC1,1,O=c1c2cc3cc(cc-2cc2ccccc12)c(=CC1CC1)c1ccccc31,0.0000000,0.0000,0.4336873,0.4337,0.4852156,3.6158,1.0000000,1.0000,[],4
24.4187,24.9788,-23.4375,0.0120410,COc1ccc(Nc2cc(=O)[nH]c3ccccc23)cc1,1,O=c1cc(Nc2ccccc2)c2ccccc2[nH]1,0.0096978,349.7726,0.7645557,0.7646,0.6934252,1.8306,1.0000000,1.0000,[],4
23.4115,22.9417,-22.9417,0.0000000,COC1CCOC1C(=O)O,1,C1CCOC1,0.0000000,0.0000,0.0000000,0.0000,0.0000000,0.0000,0.0000000,0.0000,"['C(=[O,S])[O,S]']",4
27.4539,41.3173,-41.3173,0.0000000,N#CC(C#N)=Cc1ccc(C=Cc2ccc(N(c3ccccc3)c3ccccc3)cc2)cc1C#Cc1ccc([N+](=O)[O-])cc1,1,C(#Cc1cccc(C=Cc2ccc(N(c3ccccc3)c3ccccc3)cc2)c1)c1ccccc1,0.0000000,0.0000,0.0000000,0.0000,0.0000000,0.0000,0.0000000,0.0000,['C#C'],4
27.5522,32.2893,-32.2893,0.0000000,c12oc3c(c(ccc3)C)c(c-2cc(=N)cc1)-c1ccccc1,0,,0.0000000,0.0000,0.0000000,0.0000,0.0000000,0.0000,0.0000000,0.0000,None,4
23.1508,28.2235,-28.0773,0.0011421,Cc1ccc(-c2nc(-c3ccccc3C)sc2-c2ccccc2)cc1,1,c1ccc(-c2nc(-c3ccccc3)c(-c3ccccc3)s2)cc1,0.0008295,322.9800,0.4009314,0.4009,0.6844062,1.8960,1.0000000,1.0000,[],4
64.5000,70.2058,-70.2058,0.0000000,c1c(N(c2cccc3ccccc32)C(=O)c2ccc(-c3nc4c(c5ccc(cc3c5C)C(CCC)CCC)c3c5c(ccc3)cccc54)cc2)cccc1,0,,0.0000000,0.0000,0.0000000,0.0000,0.0000000,0.0000,0.0000000,0.0000,None,4
21.1431,23.5279,-22.6481,0.0068728,c1ccc(-c2cccn3c2nc2ccccc23)cc1,1,c1ccc(-c2cccn3c2nc2ccccc23)cc1,0.0054499,343.4690,0.4912924,0.4913,0.6941429,1.8254,1.0000000,1.0000,[],4
20.1468,22.1966,-22.1925,0.0000321,CN(C)c1cc(N2CCCCC2)ncn1,1,c1cc(N2CCCCC2)ncn1,0.0000190,281.9742,0.7343274,0.7343,0.6426598,2.2107,1.0000000,1.0000,[],4
75.3277,85.3008,-85.3008,0.0000000,CCCCn1c2c(N3CCCCC3)c3cc4c(c5c6c(c(-c7ccc8c(c7)C(C)(C)CCC8(C)C)c6c21)C=C5c1cccc([N+](=O)[O-])c1)n(cc1ccccc1c3)CCC4,1,C1=C(c2ccccc2)c2c3c1c(-c1ccc4c(c1)CCCC4)c3c1[nH]c1c(N1CCCCC1)c1cc3c2n(cc2ccccc2c1)CCC3,0.0000000,0.0000,0.0000000,0.0000,0.0000000,0.0000,0.0000000,0.0000,['[*;r{8-17}]'],4
41.7595,56.3411,-56.3411,0.0000000,c1cc2c(-c3c(cccc3)C2CCCC)c2c(c1-c1c3ccc(N(CCCC)CCCC)cc3ccc1O)nsn2,0,,0.0000000,0.0000,0.0000000,0.0000,0.0000000,0.0000,0.0000000,0.0000,None,4
64.5912,74.6851,-74.6851,0.0000000,c1(nc2n(nc(n2)-c2ccc(CCCC)cc2)c2c1c(-c1ccc(C=CC3=CC4CC(C3)CCC4)cc1)s2)CCCCCCCCCC,0,,0.0000000,0.0000,0.0000000,0.0000,0.0000000,0.0000,0.0000000,0.0000,None,4
42.9087,40.5230,-40.5220,0.0000078,CCC12CC3CC(CC1C2)C3N(C=O)c1ccccc1,1,c1ccc(NC2C3CC4CC4CC2C3)cc1,0.0000043,265.8983,0.7599468,0.7599,0.3618719,5.0823,1.0000000,1.0000,[],4
51.5952,59.2409,-59.2409,0.0000000,c1cc(-c2cn(C(OCc3ccccc3)=O)c3c(n(OCCCCCC)c4c3c2cc(-c2ccc(-c3ccccc3)cc2)c4)=O)ccc1,0,,0.0000000,0.0000,0.0000000,0.0000,0.0000000,0.0000,0.0000000,0.0000,None,4
65.8657,79.6200,-79.6200,0.0000000,C1[C@@H](C)C(C)Cc2sc(c(C#N)c21)=Cc1sc(cc1)-c1c(-c2sc(C=C(C#N)C(=O)O)c(c2)CCCCCC)ccc(C2SC=CS2)c1,0,,0.0000000,0.0000,0.0000000,0.0000,0.0000000,0.0000,0.0000000,0.0000,None,4
43.3514,43.8109,-41.3209,0.0194533,CS(=O)(=O)c1ccc(-c2ccc3c(NC(=O)Cc4ccccc4)cc(NC4CCOCC4)nc3c2)cc1,1,O=C(Cc1ccccc1)Nc1cc(NC2CCOCC2)nc2cc(-c3ccccc3)ccc12,0.0165027,355.6196,0.3564117,0.3564,0.6134701,2.4431,1.0000000,1.0000,[],4
44.8118,53.1172,-53.1172,0.0000000,c12c3c(ccc2)sc(C=C2Sc4c(S2)ccc(OC)c4)c3c2c(sc(-c3ccc(N(c4ccccc4)c4ccccc4)cc3)n2)c1,0,,0.0000000,0.0000,0.0000000,0.0000,0.0000000,0.0000,0.0000000,0.0000,None,4
44.2552,50.1295,-46.2892,0.0300019,CC(C)(C)c1ccc(-c2cc3sc4ccc(-n5c6ccccc6c6cc(C(C)(C)C)ccc65)cc4c3cc2N2c3ccccc3C(C)(C)C2(C)C)cc1,1,c1ccc(-c2cc3sc4ccc(-n5c6ccccc6c6ccccc65)cc4c3cc2N2CCc3ccccc32)cc1,0.0267193,360.9647,0.1771951,0.1772,0.5135812,3.3317,1.0000000,1.0000,[],4
28.4992,26.1617,-26.1617,0.0000000,O=C(OCCF)C(F)(F)C(F)(F)C(F)(F)C(F)(F)F,1,,0.0000000,0.0000,0.0000000,0.0000,0.0000000,0.0000,0.0000000,0.0000,"['C(=[O,S])[O,S]']",4
40.7838,47.5459,44.9095,0.7223074,CCCCCCN1C(=O)c2ccc3ccc4c(C(=O)Nc5ccccc5O)ccc5cc(c2c3c54)C1=O,1,O=C(Nc1ccccc1)c1ccc2cc3c4c(ccc5ccc1c2c54)C(=O)NC3=O,0.7684333,413.0233,0.1147681,0.1148,0.6026660,2.5320,1.0000000,1.0000,[],4
26.9409,35.7808,-35.7808,0.0000000,CN(C)c1ccc(N=NC(=Cc2ccc(N(CCC#N)CCC#N)cc2)C(=O)O)cc1,1,C(=Cc1ccccc1)N=Nc1ccccc1,0.0000000,0.0000,0.0000000,0.0000,0.0000000,0.0000,0.0000000,0.0000,"['C(=[O,S])[O,S]']",4
28.4823,35.1902,-35.1902,0.0000000,O=C(O)C(=O)c1ccccc1C#Cc1ccc(C=CC(=O)c2ccccc2)cc1,1,O=C(C=Cc1ccc(C#Cc2ccccc2)cc1)c1ccccc1,0.0000000,0.0000,0.0000000,0.0000,0.0000000,0.0000,0.0000000,0.0000,"['C#C', 'C(=[O,S])[O,S]']",4
34.0570,37.9145,-37.9145,0.0000000,Cc1c(c(CC)c(C#N)c(O)n1C)=N[N+]#N,0,,0.0000000,0.0000,0.0000000,0.0000,0.0000000,0.0000,0.0000000,0.0000,None,4
32.2958,33.7701,-33.7701,0.0000000,CCOC(=O)C1=C(c2ccc(C)cc2)C(OCC)=C(OC)C1=O,1,O=C1C=CC(c2ccccc2)=C1,0.0000000,0.0000,0.0000000,0.0000,0.0000000,0.0000,0.0000000,0.0000,"['C(=[O,S])[O,S]']",4
54.8832,56.9309,-56.9309,0.0000000,CCCCN1Cc2cc3sc4c(CC(C)C)c(C)c(C(=O)O)c(O)c4c(=O)c3cc2C1,1,O=c1c2ccccc2sc2cc3c(cc12)CNC3,0.0000000,0.0000,0.0000000,0.0000,0.0000000,0.0000,0.0000000,0.0000,"['C(=[O,S])[O,S]']",4
42.5819,44.7184,37.5804,0.6429594,Cc1ccc(-c2c(C)nc(NC(C)C)c3nc(C(C)C)c(CC(C)C)nc23)cc1,1,c1ccc(-c2cncc3nccnc23)cc1,0.6487456,406.6613,0.5252153,0.5252,0.5690304,2.8191,1.0000000,1.0000,[],4
27.9225,33.8236,-33.6778,0.0011388,COc1ccc(-c2ccc(-c3nc(-c4ccc(OC)cc4)nc(-c4ccccc4)c3-c3ccc(OC)cc3)cc2)cc1,1,c1ccc(-c2ccc(-c3nc(-c4ccccc4)nc(-c4ccccc4)c3-c3ccccc3)cc2)cc1,0.0008474,323.2110,0.1894829,0.1895,0.6661277,2.0314,1.0000000,1.0000,[],4
32.6055,31.5401,-31.1739,0.0028605,O=c1ncsc2cc(-n3cccn3)ccc12,1,O=c1ncsc2cc(-n3cccn3)ccc12,0.0021547,333.3582,0.6393756,0.6394,0.5991908,2.5609,1.0000000,1.0000,[],4
35.4801,47.3113,-43.3958,0.0305902,CCCCN(CCCC)c1ccc(C(=C(c2ccc(-c3ccc(N(c4ccccc4)c4ccccc4)cc3)cc2)c2ccc(N(c3ccccc3)c3ccccc3)cc2)c2ccc(C(C)=O)cc2)cc1,1,c1ccc(C(=C(c2ccc(-c3ccc(N(c4ccccc4)c4ccccc4)cc3)cc2)c2ccc(N(c3ccccc3)c3ccccc3)cc2)c2ccccc2)cc1,0.0281886,361.5623,0.0596538,0.0597,0.5459436,3.0262,1.0000000,1.0000,[],4
23.6307,25.5851,-25.5695,0.0001222,COc1nnc2c(=O)[nH]c3ccccc3n12,1,O=c1[nH]c2ccccc2n2cnnc12,0.0000780,297.2986,0.6453906,0.6454,0.6042832,2.5186,1.0000000,1.0000,[],4
41.3988,58.3892,-58.3892,0.0000000,CCn1c2cc(C=C3SC(=O)N(CC(=O)O)C3=O)ccc2c2ccc(N(c3ccccc3)c3ccc(N(C)c4ccc(N(c5ccccc5)c5ccccc5)cc4)cc3)cc21,1,O=C1NC(=O)C(=Cc2ccc3c(c2)[nH]c2cc(N(c4ccccc4)c4ccc(Nc5ccc(N(c6ccccc6)c6ccccc6)cc5)cc4)ccc23)S1,0.0000000,0.0000,0.0000000,0.0000,0.0000000,0.0000,0.0000000,0.0000,"['C(=[O,S])[O,S]']",4
28.2722,33.9987,-32.9343,0.0083154,Clc1ccc2oc(-c3ccc(-c4ccc5c(c4)c4ccccc4n5-c4ccccc4)cc3)nc2c1,1,c1ccc(-n2c3ccccc3c3cc(-c4ccc(-c5nc6ccccc6o5)cc4)ccc32)cc1,0.0068074,345.8987,0.2578537,0.2579,0.6462392,2.1829,1.0000000,1.0000,[],4
39.6337,46.2552,71.4160,0.9193063,CC(C)(C)c1cc2c3ccc(-c4ccc(-c5ccc(N(c6ccccc6)c6ccccc6)cc5)cc4)c4c3c(c3ccc5cccc1c5c32)-c1ccccc1-4,1,c1ccc(N(c2ccccc2)c2ccc(-c3ccc(-c4ccc5c6c4-c4ccccc4-c6c4ccc6cccc7ccc5c4c67)cc3)cc2)cc1,0.9890861,448.9314,0.1275331,0.1275,0.5507539,2.9823,1.0000000,1.0000,[],4
72.6712,79.3476,-79.3476,0.0000000,c1c2cc3cc4c5=c(oc4C(=c3cc2ccc1)c1c2c(cccc2)ccc1O5)c1c2cc3cccc4c3c(CC4)c2oc1=O,0,,0.0000000,0.0000,0.0000000,0.0000,0.0000000,0.0000,0.0000000,0.0000,None,4
59.5717,61.9145,-61.9145,0.0000000,c1cc2c(c3c1[nH]cc3C(OCC)=O)c1C=COc1c(o2)-c1n2cccc(c2nc1)C,0,,0.0000000,0.0000,0.0000000,0.0000,0.0000000,0.0000,0.0000000,0.0000,None,4
26.8077,23.5898,-23.5864,0.0000268,CNc1ccnc(CC2CCC2)n1,1,c1cnc(CC2CCC2)nc1,0.0000157,279.8828,0.7654151,0.7654,0.6110030,2.4633,1.0000000,1.0000,[],4
65.2196,71.8592,41.9221,0.8889158,N#CC(C#N)=C1Nc2cc3c(cc2C(=Cc2ccc(-c4ccnc5cc(C=O)oc45)cc2C2CCCCC2)O1)OCO3,1,C=C1Nc2cc3c(cc2C(=Cc2ccc(-c4ccnc5ccoc45)cc2C2CCCCC2)O1)OCO3,0.9435772,430.5831,0.2033812,0.2034,0.4771315,3.6998,1.0000000,1.0000,[],4
25.7379,24.8585,-24.7227,0.0010609,O=C(c1cnc2ccccc2c1)C1CCOCC1,1,O=C(c1cnc2ccccc2c1)C1CCOCC1,0.0007529,321.9264,0.7588334,0.7588,0.6594334,2.0819,1.0000000,1.0000,[],4
50.8456,57.9430,-54.4644,0.0271766,C=Cc1cc(-c2c(C=C)c3cc(-c4nnc(-c5ccc(-c6ccco6)cc5)o4)ccc3c3ccccc23)ccc1N(c1ccccc1)c1ccccc1,1,c1ccc(N(c2ccccc2)c2ccc(-c3cc4cc(-c5nnc(-c6ccc(-c7ccco7)cc6)o5)ccc4c4ccccc34)cc2)cc1,0.0242337,359.8769,0.1417623,0.1418,0.5278040,3.1952,1.0000000,1.0000,[],4
39.8319,46.8359,60.7697,0.8406690,O=c1ccccc2c3c4ccccc4c4c(-c5ccccc5)cccc4c3c(-c3ccccc3)n12,1,O=c1ccccc2c3c4ccccc4c4c(-c5ccccc5)cccc4c3c(-c3ccccc3)n12,0.8796707,421.5987,0.2454133,0.2454,0.6182968,2.4039,1.0000000,1.0000,[],4
18.7340,21.8749,-20.6895,0.0092603,CN(C)c1ccc2ccc3ccccc3c2c1,1,c1ccc2c(c1)ccc1ccccc12,0.0074250,346.8484,0.5600414,0.5600,0.7094198,1.7165,1.0000000,1.0000,[],4
45.2730,47.1194,-47.1194,0.0000000,C1=CB2c3ccccc3-n3c(c4cc(ccc42)c2ccc4c(cc5ccccc53)oc3cc(-c5ccccc5)ccc3c4c2)=C1,1,C1=CB2c3ccccc3-n3c(c4cc(ccc42)c2ccc4c(cc5ccccc53)oc3cc(-c5ccccc5)ccc3c4c2)=C1,0.0000000,0.0000,0.0000000,0.0000,0.0000000,0.0000,0.0000000,0.0000,['[*;r{8-17}]'],4
63.6056,67.7331,-67.7331,0.0000000,c1cc2c(cc1)oc1c2c([n+](CC(=O)C)c(C=C2C(=O)c3cc4c(cc3C2=O)c(nn4C)C(C)=O)n1CCCC)C,0,,0.0000000,0.0000,0.0000000,0.0000,0.0000000,0.0000,0.0000000,0.0000,None,4
41.8612,47.3020,-35.8679,0.0893292,[C-]#[N+]c1ccc(C=Cc2nc3cc(-c4ccc5c(c4)c4ccccc4n5-c4ccccc4)ccc3n2-c2cccc(-c3ccccc3)c2)cc1,1,C(=Cc1nc2cc(-c3ccc4c(c3)c3ccccc3n4-c3ccccc3)ccc2n1-c1cccc(-c2ccccc2)c1)c1ccccc1,0.0842812,374.0992,0.1665290,0.1665,0.5562142,2.9330,1.0000000,1.0000,[],4
96.9442,101.8932,-27.4596,0.5815119,Cc1ccc(N(C)c2ccc(N=Cc3ccc(-c4ccc5oc6ccccc6c5c4)cc3)c(C(c3ccc(N(C)C=C4C(=O)N(CC(C)C)c5ccccc54)c(C)c3)c3ccc(F)s3)c2)cc1,1,O=C1Nc2ccccc2C1=CNc1ccc(C(c2cccs2)c2cc(Nc3ccccc3)ccc2N=Cc2ccc(-c3ccc4oc5ccccc5c4c3)cc2)cc1,0.6211149,405.3666,0.0905455,0.0905,0.4139668,4.4098,1.0000000,1.0000,[],4
33.7847,33.7620,-33.7401,0.0001712,Cc1ccc2c3c(n(-c4ccccc4)c2n1)CC(C)CC3=O,1,O=C1CCCc2c1c1cccnc1n2-c1ccccc1,0.0001111,301.1448,0.6760404,0.6760,0.5640602,2.8630,1.0000000,1.0000,[],5
40.7973,51.2088,-51.2088,0.0000000,c1cccc2oc(C=Cc3ccc(cc3)N(C)CCCC)c(-c3nc4ccccc4c(n3)-c3ccccc3)cc21,0,,0.0000000,0.0000,0.0000000,0.0000,0.0000000,0.0000,0.0000000,0.0000,None,5
36.9718,43.9171,-43.9171,0.0000000,O=c1c2ccccc2cc2n1-c1ccccc1C=c1oc3ccccc3c1=C2c1ccccc1,1,O=c1c2ccccc2cc2n1-c1ccccc1C=c1oc3ccccc3c1=C2c1ccccc1,0.0000000,0.0000,0.0000000,0.0000,0.0000000,0.0000,0.0000000,0.0000,['[*;r{8-17}]'],5
66.3424,78.0931,-78.0931,0.0000000,CCCCCCCCN1C2=CC3=C4C3=CC(c3ccc(OCCCCCC)cc3)=c3c(OCCCCCC)cccc3=C(C=C2N(C)c2cc(CCCC)ccc21)C4(C)CCCCCC,1,C1=C2Nc3ccccc3NC2=CC2=c3ccccc3=C(c3ccccc3)C=C3C1=C3C2,0.0000000,0.0000,0.0000000,0.0000,0.0000000,0.0000,0.0000000,0.0000,['[*;r{8-17}]'],5
45.8431,57.1433,-57.1433,0.0000000,C1=C2C3=C(C=C4C(c5ccccc5)=C2C2C4=C2C(c2ccccc2)=C1c1ccc(N(c2ccccc2)c2ccccc2)cc1)OCO3,1,C1=C2C3=C(C=C4C(c5ccccc5)=C2C2C4=C2C(c2ccccc2)=C1c1ccc(N(c2ccccc2)c2ccccc2)cc1)OCO3,0.0000000,0.0000,0.1927463,0.1927,0.4082196,4.4797,1.0000000,1.0000,[],5
57.8984,70.5642,-50.7656,0.1546761,CC1c2cccn2C=CN1CCCOc1ccc2c(-c3ccc(C#N)cc3)c3cc4ccccc4cc3oc1-2,1,C1=Cn2cccc2CN1CCCOc1ccc2c(-c3ccccc3)c3cc4ccccc4cc3oc1-2,0.1506333,538.7794,0.1673492,0.1673,0.4836015,3.6325,1.0000000,1.0000,[],5
18.0218,21.7191,-21.7096,0.0000737,COc1ccc2[nH]cc(C#N)c2c1,1,c1ccc2[nH]ccc2c1,0.0000455,291.4557,0.7151474,0.7151,0.6575353,2.0963,1.0000000,1.0000,[],5
49.9710,54.8618,7.4852,0.4870856,C=CCn1c(-c2c(F)c(F)c(F)c(F)c2F)nc2oc3cc(=O)c4ccccc4n3c2c1=N,1,N=c1[nH]c(-c2ccccc2)nc2oc3cc(=O)c4ccccc4n3c12,0.5018502,400.0804,0.1882424,0.1882,0.4908153,3.5584,1.0000000,1.0000,[],5
26.7059,26.1622,-26.1622,0.0000000,CCCCCCCCCCCCCCCCCCCCCCCCCC(=O)OCC(=O)OC,1,,0.0000000,0.0000,0.0000000,0.0000,0.0000000,0.0000,0.0000000,0.0000,"['C(=[O,S])[O,S]']",5
75.1463,74.6530,-74.6530,0.0000000,C(CCn1c(c2o3c(C(N(C2=O)c2ccc(Cl)cc2)=Nc2c(C23)cc1)=O)o1c2c(cccc2)c2c1cccc2)C,0,,0.0000000,0.0000,0.0000000,0.0000,0.0000000,0.0000,0.0000000,0.0000,None,5
48.6288,46.6287,-46.6287,0.0000000,COC(=O)c1ccccc1SC=Cc1cccc(OCCn2nc(C)cc2C)c1,1,C(=Cc1cccc(OCCn2cccn2)c1)Sc1ccccc1,0.0000000,0.0000,0.0000000,0.0000,0.0000000,0.0000,0.0000000,0.0000,"['C(=[O,S])[O,S]']",5
26.1674,34.1190,-7.8510,0.2052191,COc1ccc(-c2ccc3nc(-c4ccc(N(C)C)cc4)c(-c4ccc(F)cc4)n3n2)cc1,1,c1ccc(-c2ccc3nc(-c4ccccc4)c(-c4ccccc4)n3n2)cc1,0.1972181,384.7587,0.3403931,0.3404,0.6352643,2.2686,1.0000000,1.0000,[],5
28.2783,40.5075,76.0637,0.9107122,O=Cc1sc(N2CCCCC2)cc1-c1ccc(N(c2ccccc2)c2ccccc2)s1,1,c1ccc(N(c2ccccc2)c2ccc(-c3csc(N4CCCCC4)c3)s2)cc1,0.9542319,432.9773,0.2840522,0.2841,0.5693769,2.8161,1.0000000,1.0000,[],5
17.9134,22.8551,-18.8295,0.0314498,c1ccc(N(c2ccccc2)c2ccc(-c3ccc(-c4ccc(N(c5ccccc5)c5ccccc5)cc4)cc3)cc2)cc1,1,c1ccc(N(c2ccccc2)c2ccc(-c3ccc(-c4ccc(N(c5ccccc5)c5ccccc5)cc4)cc3)cc2)cc1,0.0278556,361.4295,0.1810903,0.1811,0.7256769,1.6033,1.0000000,1.0000,[],5
26.9149,30.4242,-30.3847,0.0003085,c1ccc2c(c1)-c1cccc(N3CCNCC3)c1C21CCCCC1,1,c1ccc2c(c1)-c1cccc(N3CCNCC3)c1C21CCCCC1,0.0002052,307.8080,0.8418648,0.8419,0.5590485,2.9076,1.0000000,1.0000,[],5
51.8225,60.4993,44.4384,0.8198258,Cc1cc(-c2ccc(N(c3ccccc3)c3ccc(-c4nc(C=Cc5ccc(-c6ccccn6)s5)sc4C)cc3)s2)sc1F,1,C(=Cc1nc(-c2ccc(N(c3ccccc3)c3ccc(-c4cccs4)s3)cc2)cs1)c1ccc(-c2ccccn2)s1,0.8710787,420.7433,0.1643234,0.1643,0.5126314,3.3410,1.0000000,1.0000,[],5
36.9399,39.2417,-38.2419,0.0078110,c1ccc(N(c2cccc(Oc3ccc4c5ccccc5n(-c5ccccc5)c4c3)c2)c2cccc(N(c3ccccc3)c3ccc4ccccc4c3)c2)cc1,1,c1ccc(N(c2cccc(Oc3ccc4c5ccccc5n(-c5ccccc5)c4c3)c2)c2cccc(N(c3ccccc3)c3ccc4ccccc4c3)c2)cc1,0.0065021,345.3972,0.1481507,0.1482,0.5742977,2.7730,1.0000000,1.0000,[],5
30.1407,35.1833,-24.5716,0.0829036,Cc1ccc(N(c2ccccc2)c2cc(C)c3c(c2)C(C)(C)c2cc(-c4cccc(N(c5ccccc5)c5ccccc5)c4)ccc2-3)cc1,1,c1ccc(N(c2ccccc2)c2cccc(-c3ccc4c(c3)Cc3cc(N(c5ccccc5)c5ccccc5)ccc3-4)c2)cc1,0.0777579,373.1475,0.1724832,0.1725,0.5796703,2.7265,1.0000000,1.0000,[],5
20.1985,26.2657,-26.1642,0.0007931,c1csc(N2c3ccccc3Sc3ccccc32)c1,1,c1csc(N2c3ccccc3Sc3ccccc32)c1,0.0005645,318.7972,0.4411865,0.4412,0.6266099,2.3372,1.0000000,1.0000,[],5
16.8091,24.6927,-16.5371,0.0637152,c1ccc(N(c2ccccc2)c2ccc3c(c2)oc2cc(N(c4ccccc4)c4ccccc4)ccc23)cc1,1,c1ccc(N(c2ccccc2)c2ccc3c(c2)oc2cc(N(c4ccccc4)c4ccccc4)ccc23)cc1,0.0582742,369.7888,0.2254273,0.2254,0.6645715,2.0431,1.0000000,1.0000,[],5
39.0470,43.9653,-43.9653,0.0000000,CCCCCCN1C=CC2=CC1=CC(CC(=O)O)c1ccccc1C2=O,1,O=C1C2=CC(=CCc3ccccc31)NC=C2,0.0000000,0.0000,0.0000000,0.0000,0.0000000,0.0000,0.0000000,0.0000,"['[*;r{8-17}]', 'C(=[O,S])[O,S]']",5
24.1007,23.3606,-23.3606,0.0000004,CCCCCCCCCCN=C(N)NC#N,1,,0.0000002,231.3406,0.2076613,0.2077,0.6099420,2.4720,1.0000000,1.0000,[],5
42.9841,41.6734,-37.3313,0.0339227,C1=CCCC(c2nc(-c3ccccc3)nc(-c3cc4oc5cc(-n6c7ccccc7c7ccccc76)ccc5c4cc3-c3ccccn3)n2)=C1,1,C1=CCCC(c2nc(-c3ccccc3)nc(-c3cc4oc5cc(-n6c7ccccc7c7ccccc76)ccc5c4cc3-c3ccccn3)n2)=C1,0.0303361,362.3835,0.1866235,0.1866,0.5308512,3.1664,1.0000000,1.0000,[],5
34.2423,36.8280,-32.5786,0.0331983,c1ccc(C2(c3ccccc3)c3ccccc3-c3c(ccc4ccccc34)[P+]2(c2ccccc2)c2ccccc2)cc1,1,c1ccc(C2(c3ccccc3)c3ccccc3-c3c(ccc4ccccc34)[P+]2(c2ccccc2)c2ccccc2)cc1,0.0296101,362.1123,0.1907711,0.1908,0.5515873,2.9748,1.0000000,1.0000,[],5
58.2393,67.6860,-67.6860,0.0000000,c1c(ccc(-c2ccc(o2)C=C5C(=O)c2cc3c(cc(N(CC)CC)cc3)oc2=N)c1)NC(OCCCCCl)=O,0,,0.0000000,0.0000,0.0000000,0.0000,0.0000000,0.0000,0.0000000,0.0000,None,5
56.9606,63.2908,23.9399,0.6814894,CC(=O)c1ccc(N2CCCC2=CC=Cc2cc(C=C(C)C)c3cc4ccc(Cl)cc4n3c2C=Cc2ccccc2)cc1,1,C(=Cc1ccc2cc3ccccc3n2c1C=Cc1ccccc1)C=C1CCCN1c1ccccc1,0.7154101,509.9916,0.1782358,0.1782,0.5071037,3.3952,1.0000000,1.0000,[],5
28.1435,27.4839,-26.2936,0.0092993,Nc1c(-c2cc(F)ccc2Br)nc2ccccn12,1,c1ccc(-c2cn3ccccc3n2)cc1,0.0074087,346.8243,0.7477032,0.7477,0.6297070,2.3125,1.0000000,1.0000,[],5
50.7959,55.2840,-54.6987,0.0045727,COc1ccc2c(c1)N(C)C(=O)C(c1ccnc(-c3c[n+]([O-])on3)n1)C=C2,1,O=C1Nc2ccccc2C=CC1c1ccnc(-c2c[nH+]on2)n1,0.0035506,338.7961,0.6478796,0.6479,0.4488435,4.0054,1.0000000,1.0000,[],5
67.5564,78.3003,-78.3003,0.0000000,c12cc3c([nH]c4c3c(cc3c5N(c6c(cc(cc6)-c6sc(-c7ccc(cc7)N(C)C)cc6)C(C=C5)(C)C)c3)N(C4)c3ccccc3)cc2cccc1,0,,0.0000000,0.0000,0.0000000,0.0000,0.0000000,0.0000,0.0000000,0.0000,None,5
23.3843,26.8004,-26.8004,0.0000000,C=CCN1C(=S)SC(=Cc2ccco2)C1=S,1,S=C1NC(=S)C(=Cc2ccco2)S1,0.0000000,0.0000,0.0000000,0.0000,0.0000000,0.0000,0.0000000,0.0000,"['C(=[O,S])[O,S]']",5
38.4394,46.3202,-46.3202,0.0000000,CCCCCCCCCCCCN1C(=CC=Cc2cc(C=C(C#N)C(=O)O)cc(OC)c2)Oc2ccccc21,1,C(=Cc1ccccc1)C=C1Nc2ccccc2O1,0.0000000,0.0000,0.0000000,0.0000,0.0000000,0.0000,0.0000000,0.0000,"['C(=[O,S])[O,S]']",5
22.7537,22.3298,-22.3245,0.0000408,CC(C)(C)c1ccc(C(C)(C)C)c(N)c1,1,c1ccccc1,0.0000245,284.7478,0.6393407,0.6393,0.6465106,2.1808,1.0000000,1.0000,[],5
20.1882,23.0493,-23.0296,0.0001541,Clc1ccccc1-c1cn2ccccc2n1,1,c1ccc(-c2cn3ccccc3n2)cc1,0.0000993,299.9284,0.6214979,0.6215,0.6780384,1.9428,1.0000000,1.0000,[],5
54.1900,63.9366,-63.9366,0.0000000,CCOC(=O)C(=C(C)O)c1nc(C=Cc2ccccc2C=Cc2ccc(N(c3ccccc3)c3ccccc3)cc2)oc1-c1ccccc1N,1,C(=Cc1ccccc1C=Cc1ncc(-c2ccccc2)o1)c1ccc(N(c2ccccc2)c2ccccc2)cc1,0.0000000,0.0000,0.0000000,0.0000,0.0000000,0.0000,0.0000000,0.0000,"['C(=[O,S])[O,S]']",5
32.4484,37.5139,3.2335,0.3183386,COc1c(-c2cc([N+](=O)[O-])ccc2N2CCCC2)oc2ccccc12,1,c1ccc(N2CCCC2)c(-c2cc3ccccc3o2)c1,0.3091155,391.2679,0.5128217,0.5128,0.6291863,2.3166,1.0000000,1.0000,[],5
18.4199,22.5040,66.0466,0.6918014,O=C1C=CC(=O)N1c1ccc(N2CCCC2)cc1,1,O=C1C=CC(=O)N1c1ccc(N2CCCC2)cc1,0.6910676,408.7414,0.7412996,0.7413,0.6559291,2.1085,1.0000000,1.0000,[],5
21.6486,34.4086,7.1185,0.3244309,CCN(CC)c1ccc2c(-c3cc(OC)ccc3O)c3ccc(=N)cc-3oc2c1,1,N=c1ccc2c(-c3ccccc3)c3ccccc3oc-2c1,0.3169171,528.3382,0.4585560,0.4586,0.5876310,2.6583,1.0000000,1.0000,[],5
66.7081,68.4072,-68.4072,0.0000000,Cc1nsc(-c2ccc3c(C(C)C)c2C[n+]2ccccc2C3C)c1C1=CC2(CCCCC2)CC1,1,C1=C(c2cnsc2-c2ccc3cc2C[n+]2ccccc2C3)CCC12CCCCC2,0.0000000,0.0000,0.3534659,0.3535,0.3363647,5.4478,1.0000000,1.0000,[],5
32.1590,33.5139,88.5550,0.9536633,Cn1c2c(O)c3ccccc3c(=O)c-2c(O)c2ccccc21,1,O=c1c2cc3ccccc3[nH]c-2cc2ccccc12,0.9826601,476.1661,0.4889849,0.4890,0.6261145,2.3411,1.0000000,1.0000,[],5
32.0991,32.4322,-26.3993,0.0471325,CC(C)(C)c1ccc(C(=O)C2=C(O)C(=O)N(c3cccnn3)C2c2ccccc2)cc1,1,O=C(C1=CC(=O)N(c2cccnn2)C1c1ccccc1)c1ccccc1,0.0412041,365.8304,0.6342814,0.6343,0.5661905,2.8441,1.0000000,1.0000,[],5
40.7107,46.8472,-46.6468,0.0015655,Cn1nc(-c2ccccc2)cc1-n1ccc2cc(-c3ccc4c(c3)OCc3ccccc3-4)ccc21,1,c1ccc(-c2cc(-n3ccc4cc(-c5ccc6c(c5)OCc5ccccc5-6)ccc43)[nH]n2)cc1,0.0011724,326.7401,0.2824557,0.2825,0.5944548,2.6006,1.0000000,1.0000,[],5
30.9002,32.9653,-32.9653,0.0000000,N#CC(=Cc1cc2sc(-c3ccc(-c4ccc(F)cc4)s3)cc2s1)C(=O)O,1,c1ccc(-c2ccc(-c3cc4sccc4s3)s2)cc1,0.0000000,0.0000,0.0000000,0.0000,0.0000000,0.0000,0.0000000,0.0000,"['C(=[O,S])[O,S]']",5
42.5447,44.9567,-43.2424,0.0133934,C1=CC2c3c(-c4ccc(-c5cnn6ccccc56)cc4)ncnc3N(c3ccccc3)C2C=C1,1,C1=CC2c3c(-c4ccc(-c5cnn6ccccc56)cc4)ncnc3N(c3ccccc3)C2C=C1,0.0112180,351.3704,0.3363543,0.3364,0.4824527,3.6444,1.0000000,1.0000,[],5
56.9137,64.4058,-64.2210,0.0014441,COc1cc(C)cc2c1C1C3C(C(=O)N1C)C(c1ccc(O)c(O)c1)Oc1ccccc1N3C2=O,1,O=C1NC2c3ccccc3C(=O)N3c4ccccc4OC(c4ccccc4)C1C23,0.0010611,325.6553,0.5520028,0.5520,0.4407077,4.0969,1.0000000,1.0000,[],5
25.7292,28.3317,-28.2786,0.0004148,c1ccc2c(-c3ccc4oc5c6ccccc6ccc5c4c3)cccc2c1,1,c1ccc2c(-c3ccc4oc5c6ccccc6ccc5c4c3)cccc2c1,0.0002884,311.5020,0.2998144,0.2998,0.6733453,1.9775,1.0000000,1.0000,[],5
49.6684,58.3682,-58.3682,0.0000000,O=C(O)CCCCCN(c1ccc(-c2ccc3[nH]c4ccccc4c3c2)cc1)c1cc2c3c(sc2c2ccccc12)CCCCC3,1,c1ccc2c(c1)[nH]c1ccc(-c3ccc(Nc4cc5c6c(sc5c5ccccc45)CCCCC6)cc3)cc12,0.0000000,0.0000,0.0000000,0.0000,0.0000000,0.0000,0.0000000,0.0000,"['C(=[O,S])[O,S]']",5
34.2879,36.3508,-36.3075,0.0003380,Cc1ccccc1N(c1ccc(CCC2CCCC2)cc1)c1cccc2c1CCCC2,1,c1ccc(N(c2ccc(CCC3CCCC3)cc2)c2cccc3c2CCCC3)cc1,0.0002308,309.0833,0.3944529,0.3945,0.6249014,2.3508,1.0000000,1.0000,[],5
51.8933,55.4271,-42.6598,0.0997444,CCCCN1C(=O)CCCc2ccc3c4cc5cc(-c6ccc(N(C)C)cc6)oc5cc4n(CC)c3c21,1,O=C1CCCc2ccc3c([nH]c4cc5oc(-c6ccccc6)cc5cc43)c2N1,0.0935200,375.3387,0.2426529,0.2427,0.5610249,2.8899,1.0000000,1.0000,[],5
42.3101,49.3676,-44.2953,0.0396280,COc1ccc(N(c2ccc(C(C)(C)c3ccccc3)cc2)c2cccc3c2-c2ccccc2C32c3ccccc3-c3ccc(-c4ccc(N(c5ccccc5)c5ccccc5)cc4)cc32)cc1,1,c1ccc(Cc2ccc(N(c3ccccc3)c3cccc4c3-c3ccccc3C43c4ccccc4-c4ccc(-c5ccc(N(c6ccccc6)c6ccccc6)cc5)cc43)cc2)cc1,0.0362355,364.3791,0.1361412,0.1361,0.4367322,4.1422,1.0000000,1.0000,[],5
46.9972,56.8641,64.0541,0.9446730,C=C1CCC2=C1CCCC2=CC=CC1=CCC2C3CCc4cc(OC)c(OC)cc4C3CCC12C,1,C=C1CCC2=C1CCCC2=CC=CC1=CCC2C1CCC1c3ccccc3CCC12,0.9851178,445.5205,0.4414655,0.4415,0.4036851,4.5356,1.0000000,1.0000,[],5
34.0035,42.0785,-25.9571,0.1259480,CCCCN(CCCC)c1ccc2c(c1)c1cc(OC)ccc1n1c3cc(C)ccc3nc21,1,c1ccc2c(c1)nc1c3ccccc3c3ccccc3n21,0.1194916,378.3151,0.2342180,0.2342,0.6048061,2.5142,1.0000000,1.0000,[],5
56.7509,71.3991,-4.7935,0.5203565,CCCCCCCCCCc1ccc2oc(-c3ccc(-c4ccc(C5(C#N)c6cc(OCCCCCCCC)ccc6-c6sc(-c7ccc(N(c8ccccc8)c8ccccc8)cc7)cc65)cc4F)s3)cc2c1,1,c1ccc(N(c2ccccc2)c2ccc(-c3cc4c(s3)-c3ccccc3C4c3ccc(-c4ccc(-c5cc6ccccc6o5)s4)cc3)cc2)cc1,0.5608003,402.6537,0.0566137,0.0566,0.4142609,4.4063,1.0000000,1.0000,[],5
53.1227,64.1475,-64.1475,0.0000000,c1cnc(-c2c3-c4ccc([N+](=O)[O-])cc4C(C)(c3c3ccc(=N)c(c(c-3o2)N(CC)CC)C(=O)O)C)cc1,0,,0.0000000,0.0000,0.0000000,0.0000,0.0000000,0.0000,0.0000000,0.0000,None,5
51.2471,55.1613,-55.1613,0.0000000,c1cc2c(cc1)oc1c3n2c2ccccc2c1c2c3c1c(ccc(-c3cc(-c4ccccc4)c(c4ccccc34)-c3ccccc3)c1)o2,0,,0.0000000,0.0000,0.0000000,0.0000,0.0000000,0.0000,0.0000000,0.0000,None,5
29.7293,33.6640,-33.3702,0.0022948,CCCc1nc2ccc(-c3ccc(-n4c5ccccc5c5ccccc54)cc3)cc2c2ccccc12,1,c1ccc2c(c1)cnc1ccc(-c3ccc(-n4c5ccccc5c5ccccc54)cc3)cc12,0.0017604,331.1592,0.2384957,0.2385,0.6382431,2.2452,1.0000000,1.0000,[],5
47.1891,53.9174,-53.9174,0.0000000,C#CCN(CC)c1cc2cc3c([N+](=O)O)cc(=[N+](C)C)cc-3oc2cc1N(CC)CC,1,[N+]=c1ccc2cc3ccccc3oc-2c1,0.0000000,0.0000,0.0000000,0.0000,0.0000000,0.0000,0.0000000,0.0000,['C#C'],5
40.3608,52.5504,-52.5504,0.0000000,O=[N+]([O-])c1ccc(C#Cc2ccc(C=Cc3ccc(N(c4ccccc4)c4ccccc4)cc3)cc2C#Cc2cccc(N(c3ccccc3)c3ccccc3)c2)c(Cl)c1,1,C(#Cc1ccc(C=Cc2ccc(N(c3ccccc3)c3ccccc3)cc2)cc1C#Cc1cccc(N(c2ccccc2)c2ccccc2)c1)c1ccccc1,0.0000000,0.0000,0.0000000,0.0000,0.0000000,0.0000,0.0000000,0.0000,['C#C'],5
72.7545,77.3125,-9.6582,0.5285496,CCCOc1cc(-n2nc3ccc(-c4ccc(C5=NC(=O)c6cc7ccccc7cc65)c(Cl)n4)cc3n2)c(OCC)c(O)c1O,1,O=C1N=C(c2ccc(-c3ccc4nn(-c5ccccc5)nc4c3)nc2)c2cc3ccccc3cc21,0.5515214,402.2455,0.1391809,0.1392,0.5184491,3.2846,1.0000000,1.0000,[],5
25.4889,25.3148,-24.4703,0.0065976,Nc1nccc2cccc[n+]12,1,c1cc[n+]2cnccc2c1,0.0052338,343.0274,0.5466278,0.5466,0.5235120,3.2360,1.0000000,1.0000,[],5
74.6131,79.6168,-70.7335,0.0694009,CCCCCCN1C(=O)N2C=C(c3ccc(-c4ccc5sc(=S)n(CC(C)(C)CCCCCC)c5c4)cc3)N(c3ccc(C(C)(C)C)cc3)C(=O)C2C=C1c1ccccc1,1,O=C1C2C=C(c3ccccc3)NC(=O)N2C=C(c2ccc(-c3ccc4sc(=S)[nH]c4c3)cc2)N1c1ccccc1,0.0666646,371.3464,0.0734551,0.0735,0.4307306,4.2114,1.0000000,1.0000,[],5
26.4586,27.3205,-19.2928,0.0627166,Nc1ccc2ccccc2c1-c1nc(C2CCCCC2)no1,1,c1ccc2c(-c3nc(C4CCCCC4)no3)cccc2c1,0.0553403,369.1942,0.7054251,0.7054,0.6338239,2.2799,1.0000000,1.0000,[],5
27.7657,32.9494,-26.3983,0.0511804,c1ccc(N(c2ccccc2)c2ccc(-c3ccc(N(c4ccc(-c5cccs5)cc4)c4ccc5c(c4)c4ccccc4n5-c4ccccc4)cc3)cc2)cc1,1,c1ccc(N(c2ccccc2)c2ccc(-c3ccc(N(c4ccc(-c5cccs5)cc4)c4ccc5c(c4)c4ccccc4n5-c4ccccc4)cc3)cc2)cc1,0.0470415,367.3352,0.1462219,0.1462,0.5818360,2.7078,1.0000000,1.0000,[],5
42.4935,38.7380,-38.7325,0.0000426,O=C(c1ccccc1)N1CCCC2(CCC(COc3ccc(F)cc3)C2)C1,1,O=C(c1ccccc1)N1CCCC2(CCC(COc3ccccc3)C2)C1,0.0000257,285.2364,0.7669875,0.7670,0.5120115,3.3470,1.0000000,1.0000,[],5
27.0130,29.7985,-29.7985,0.0000000,O=C1C(=Cc2cc(Br)c(O)c(I)c2)SC(=S)N1Cc1ccccc1,1,O=C1C(=Cc2ccccc2)SC(=S)N1Cc1ccccc1,0.0000000,0.0000,0.0000000,0.0000,0.0000000,0.0000,0.0000000,0.0000,"['C(=[O,S])[O,S]']",5
31.9006,37.2939,76.3552,0.8878831,CCCCCCCCCCCCCCCC[n+]1ccc(-c2ccc(C=Cc3ccccc3O)nc2)cc1,1,C(=Cc1ccc(-c2cc[nH+]cc2)cn1)c1ccccc1,0.9497986,431.9229,0.1397346,0.1397,0.5785434,2.7362,1.0000000,1.0000,[],6
40.5681,45.9996,-9.8919,0.2820909,c1ccc(-c2c3ccccc3c(-c3ccc(-c4ccc(-c5cc6c(oc7nc8ccccc8nc76)c(-c6ccccc6)n5)cc4)cc3)c3ccccc23)cc1,1,c1ccc(-c2c3ccccc3c(-c3ccc(-c4ccc(-c5cc6c(oc7nc8ccccc8nc76)c(-c6ccccc6)n5)cc4)cc3)c3ccccc23)cc1,0.2825205,389.8810,0.1676572,0.1677,0.5727299,2.7867,1.0000000,1.0000,[],6
32.9670,39.0228,-37.7387,0.0100326,CCCCN(CCCC)c1ccc(-c2cc(-c3ccc4c5ccccc5n(-c5ccccc5)c4c3)cc(N(c3ccccc3)c3ccccc3)c2)cc1,1,c1ccc(-c2cc(-c3ccc4c5ccccc5n(-c5ccccc5)c4c3)cc(N(c3ccccc3)c3ccccc3)c2)cc1,0.0085211,348.3553,0.1193653,0.1194,0.5711027,2.8009,1.0000000,1.0000,[],6
23.2494,32.8447,21.8279,0.4271296,O=C1c2cccn2C(=O)N1c1ccc(N(c2ccccc2)c2ccccc2)cc1,1,O=C1c2cccn2C(=O)N1c1ccc(N(c2ccccc2)c2ccccc2)cc1,0.4227244,396.6169,0.4644970,0.4645,0.6162927,2.4202,1.0000000,1.0000,[],6
31.9868,38.0722,-29.4129,0.0676506,Oc1cc(-c2cccc3ccccc23)cc(C=Cc2ccc[nH]2)c1O,1,C(=Cc1ccc[nH]1)c1cccc(-c2cccc3ccccc23)c1,0.0608963,370.2969,0.4402510,0.4403,0.6024862,2.5335,1.0000000,1.0000,[],6
21.7571,23.3800,-22.9677,0.0032213,Brc1ccc(N2CCCC2)c2ccccc12,1,c1ccc2c(N3CCCC3)cccc2c1,0.0024210,334.6262,0.7540483,0.7540,0.7015081,1.7726,1.0000000,1.0000,[],6
49.6055,56.7326,-56.7326,0.0000000,c12nc3c4ccc5c(cccc5c(c4c4c(cccc4)c3c2ccc(N2c3c(Cc4c2cccc4)cccc3)c1)=N)-c1ccccc1,0,,0.0000000,0.0000,0.0000000,0.0000,0.0000000,0.0000,0.0000000,0.0000,None,6
40.8690,50.0012,-50.0012,0.0000000,o1c2c(c3c(c1-c1cc(cc(C(=C)C=C)c1)-c1ccccc1)cccc3)cc(C=Cc1ccccc1)cc2,0,,0.0000000,0.0000,0.0000000,0.0000,0.0000000,0.0000,0.0000000,0.0000,None,6
26.7417,37.2050,-37.2050,0.0000000,c1c2oc3ccc(N(c4ccccc4)c4ccccc4)cc3[n+](C)c2cc(c1)N(C)C,0,,0.0000000,0.0000,0.0000000,0.0000,0.0000000,0.0000,0.0000000,0.0000,None,6
20.0506,23.7412,-23.7153,0.0002028,Fc1cccc(-c2nc3ccccc3[nH]2)c1,1,c1ccc(-c2nc3ccccc3[nH]2)cc1,0.0001323,303.0421,0.6578215,0.6578,0.7087991,1.7209,1.0000000,1.0000,[],6
23.6294,29.6092,83.1385,0.8808419,CN(C)c1ccc(C=CC(=O)CC(=O)c2ccc(N(C)C)cc2)cc1,1,O=C(C=Cc1ccccc1)CC(=O)c1ccccc1,0.9064109,424.6525,0.4393335,0.4393,0.6423380,2.2132,1.0000000,1.0000,[],6
25.2071,29.4369,-17.9332,0.0898729,c1ccc2c(c1)ccc1c2cc2c3ccccc3c3ccccc3n12,1,c1ccc2c(c1)ccc1c2cc2c3ccccc3c3ccccc3n12,0.0830994,373.9319,0.2796876,0.2797,0.6769233,1.9510,1.0000000,1.0000,[],6
38.9592,47.6867,-45.4738,0.0172883,CCCCCCCCn1c2ccccc2c2ccc(-c3ccc4c5ccc(N6c7ccccc7C(C)(C)c7ccccc76)cc5n(CCCC)c4c3)cc21,1,c1ccc2c(c1)Cc1ccccc1N2c1ccc2c(c1)[nH]c1cc(-c3ccc4c(c3)[nH]c3ccccc34)ccc12,0.0151385,354.6677,0.1152396,0.1152,0.5511353,2.9789,1.0000000,1.0000,[],6
44.4149,61.1842,-61.1842,0.0000000,CC[N+](CC)=c1cc2oc(-c3ccccc3C(=O)O)c3cc4c(cc3c-2c(-c2ccccc2)c1)C(CC)(CC)c1ccc(N(c2ccccc2)c2ccccc2)cc1-4,1,[N+]=c1cc2oc(-c3ccccc3)c3cc4c(cc3c-2c(-c2ccccc2)c1)Cc1ccc(N(c2ccccc2)c2ccccc2)cc1-4,0.0000000,0.0000,0.0000000,0.0000,0.0000000,0.0000,0.0000000,0.0000,"['C(=[O,S])[O,S]']",6
51.3594,57.6217,-57.6217,0.0000000,O=C(Nc1cccc(C2=CCC34C(=C(C=C2)c2ccccc23)c2ccc3ccccc3c24)c1)c1ccccc1,1,O=C(Nc1cccc(C2=CCC34C(=C(C=C2)c2ccccc23)c2ccc3ccccc3c24)c1)c1ccccc1,0.0000000,0.0000,0.0000000,0.0000,0.0000000,0.0000,0.0000000,0.0000,['[*;r{8-17}]'],6
32.8737,35.2070,-31.3939,0.0297903,COc1ccc(C(=O)c2ccc(Sc3ccc(C(=O)c4ccccc4)cc3)cc2)cn1,1,O=C(c1ccccc1)c1ccc(Sc2ccc(C(=O)c3cccnc3)cc2)cc1,0.0258121,360.5795,0.3554170,0.3554,0.6546742,2.1181,1.0000000,1.0000,[],6
37.6623,42.2531,-42.2531,0.0000000,O=C(O)CN1C(=O)C(=O)C(=Cc2ccc(-c3ccc(F)cc3[N+](=O)[O-])o2)C1=O,1,O=C1NC(=O)C(=Cc2ccc(-c3ccccc3)o2)C1=O,0.0000000,0.0000,0.0000000,0.0000,0.0000000,0.0000,0.0000000,0.0000,"['C(=[O,S])[O,S]']",6
26.3461,30.5413,-27.6090,0.0229090,CC=C1c2ccccc2N(c2ccccc2)c2ccccc21,1,C=C1c2ccccc2N(c2ccccc2)c2ccccc21,0.0194688,357.4470,0.4187845,0.4188,0.6662631,2.0304,1.0000000,1.0000,[],6
52.8041,56.9182,-56.9182,0.0000000,c12c(c3c(cc1-c1cc4c5c6c(c4)c(ccc6ccc5c1)CC)ccc1ccc(C2=O)cc13)CCC,0,,0.0000000,0.0000,0.0000000,0.0000,0.0000000,0.0000,0.0000000,0.0000,None,6
21.6409,21.8177,-21.1425,0.0052748,c1ccc2c(c1)ncc1nccnc12,1,c1ccc2c(c1)ncc1nccnc12,0.0041266,340.4346,0.4987629,0.4988,0.6653749,2.0370,1.0000000,1.0000,[],6
43.8402,56.5647,-53.1676,0.0265398,CN(C)CCCNCc1ccc(-c2c3cc(O)c(=[N+]=[N-])cc-3oc3cc(N(C)C)ccc23)cc1C#N,1,[N+]=c1ccc2c(-c3ccccc3)c3ccccc3oc-2c1,0.0235118,560.4595,0.1697901,0.1698,0.5175621,3.2931,1.0000000,1.0000,[],6
33.3575,41.0313,49.7789,0.7094548,Cc1ccc2nc(C=Cc3ccc4c(c3)N(CCCS(=O)(=O)O)c3ccccc3S4)sc2c1,1,C(=Cc1nc2ccccc2s1)c1ccc2c(c1)Nc1ccccc1S2,0.7319733,410.9079,0.3024622,0.3025,0.5777066,2.7434,1.0000000,1.0000,[],6
54.5033,65.6780,-64.8990,0.0060858,COc1ccc2c(c1)c1ccccc1n2-c1ccc2c(-c3ccc(-n4c5ccccc5c5ccccc54)cc3)c(-c3ccc(N(C)C)cc3)n(-c3ccc(C#N)c(OC)c3)c2c1,1,c1ccc(-c2c(-c3ccc(-n4c5ccccc5c5ccccc54)cc3)c3ccc(-n4c5ccccc5c5ccccc54)cc3n2-c2ccccc2)cc1,0.0050049,342.5393,0.1534860,0.1535,0.5195405,3.2741,1.0000000,1.0000,[],6
51.2362,58.2646,-58.2646,0.0000000,COC(=O)c1ccc2oc(-c3ccc(C4CCCc5c4c4ccoc4c4ccccc54)cc3)c(-c3ccccc3)[n+](=O)c2c1,1,O=[n+]1c(-c2ccccc2)c(-c2ccc(C3CCCc4c3c3ccoc3c3ccccc43)cc2)oc2ccccc21,0.0000000,0.0000,0.0000000,0.0000,0.0000000,0.0000,0.0000000,0.0000,"['C(=[O,S])[O,S]']",6
65.2204,75.1905,-75.1905,0.0000000,C(#Cc1c(C#Cc2ccc3nc(-c4ccc5c(C(CCC#N)NC(C)(C6CC6)c5c4)CC)ccc3c2)cccc1)c1ccccc1,0,,0.0000000,0.0000,0.0000000,0.0000,0.0000000,0.0000,0.0000000,0.0000,None,6
27.3850,28.6959,23.1281,0.4048744,CCCc1c2ccccc2n2cc(Br)ccc12,1,c1ccc2c(c1)cc1ccccn12,0.3953021,395.3848,0.6372742,0.6373,0.6388409,2.2405,1.0000000,1.0000,[],6
58.4934,70.5076,-4.5750,0.5150984,CCCCCCOc1ccc(CN(c2ccc(N3Cc4ccccc4-c4ccccc43)cc2)c2ccc(-n3c(C=O)cc4ccc(N(c5ccccc5)c5ccccc5)cc43)cc2)cc1,1,c1ccc(CN(c2ccc(N3Cc4ccccc4-c4ccccc43)cc2)c2ccc(-n3ccc4ccc(N(c5ccccc5)c5ccccc5)cc43)cc2)cc1,0.5485579,402.1155,0.0715541,0.0716,0.5006019,3.4597,1.0000000,1.0000,[],6
25.4635,37.5426,-14.0829,0.1832785,C=Cn1nnc2ccc(C=Cc3ccc(N(c4ccccc4)c4ccccc4)cc3)cc21,1,C(=Cc1ccc2nn[nH]c2c1)c1ccc(N(c2ccccc2)c2ccccc2)cc1,0.1764932,383.2765,0.2761718,0.2762,0.5946109,2.5992,1.0000000,1.0000,[],6
24.3033,35.1854,61.4791,0.7551914,Oc1ccc(N(c2ccccc2)c2ccc(-c3ccc(-c4ccc(-c5ccc(N(c6ccccc6)c6ccccc6)cc5)s4)s3)cc2)cc1,1,c1ccc(N(c2ccccc2)c2ccc(-c3ccc(-c4ccc(-c5ccc(N(c6ccccc6)c6ccccc6)cc5)s4)s3)cc2)cc1,0.7955423,414.7515,0.1658023,0.1658,0.6193850,2.3951,1.0000000,1.0000,[],6
27.1296,31.9307,-31.9307,0.0000000,O=C1Cc2c3ccc4ccc5cccc(c5c24)C1=CC=C3,1,O=C1Cc2c3ccc4ccc5cccc(c5c24)C1=CC=C3,0.0000000,0.0000,0.0000000,0.0000,0.0000000,0.0000,0.0000000,0.0000,['[*;r{8-17}]'],6
31.6700,31.7173,-31.7173,0.0000000,Cn1cnc2c(=O)[nH]c(C=Cc3ccc(C(=O)O)cc3)nc21,1,O=c1[nH]c(C=Cc2ccccc2)nc2[nH]cnc12,0.0000000,0.0000,0.0000000,0.0000,0.0000000,0.0000,0.0000000,0.0000,"['C(=[O,S])[O,S]']",6
54.6301,67.6416,34.8274,0.8005393,CCCCc1ccc2c(c1)Cc1ccc(-c3ccccc3)cc1N2c1cccc(-c2c3ccccc3c(-c3ccccc3)c3cc(C=Cc4ccccc4-c4ccccc4)ccc23)c1,1,C(=Cc1ccccc1-c1ccccc1)c1ccc2c(-c3cccc(N4c5ccccc5Cc5ccc(-c6ccccc6)cc54)c3)c3ccccc3c(-c3ccccc3)c2c1,0.8631592,419.9969,0.0981303,0.0981,0.5213254,3.2569,1.0000000,1.0000,[],6
21.8391,34.3702,-34.3702,0.0000000,N#CC(=Cc1ccc(-c2ccc(-c3ccc(-c4ccc(N(c5ccccc5)c5ccccc5)cc4)cc3)s2)s1)C(=O)O,1,c1ccc(N(c2ccccc2)c2ccc(-c3ccc(-c4ccc(-c5cccs5)s4)cc3)cc2)cc1,0.0000000,0.0000,0.0000000,0.0000,0.0000000,0.0000,0.0000000,0.0000,"['C(=[O,S])[O,S]']",6
57.7805,67.9952,-67.9952,0.0000000,c1c2c3nc4c(c(n3c3cccc5c2n(C1=O)c1ccccc1c5=O)ccc4)=Nc1c(cc(N(c2ccccc2)c2ccccc2)cc1)C3,0,,0.0000000,0.0000,0.0000000,0.0000,0.0000000,0.0000,0.0000000,0.0000,None,6
40.2365,41.6512,-41.6512,0.0000000,O=C(O)c1c2nc(Cl)cnc2nc(=O)n1-c1ccccc1,1,O=c1nc2nccnc2cn1-c1ccccc1,0.0000000,0.0000,0.0000000,0.0000,0.0000000,0.0000,0.0000000,0.0000,"['C(=[O,S])[O,S]']",6
26.1894,33.8814,-3.3385,0.2386165,CCCCCCN(CCCCCC)c1ccc(C=Cc2ccc(-c3cccc(C#N)c3)cc2)cc1,1,C(=Cc1ccc(-c2ccccc2)cc1)c1ccccc1,0.2361235,387.2529,0.1754185,0.1754,0.6234466,2.3625,1.0000000,1.0000,[],6
18.7566,23.0615,-22.9748,0.0006772,CN(C)c1ccccc1-c1nc2ccccc2[nH]1,1,c1ccc(-c2nc3ccccc3[nH]2)cc1,0.0004695,316.7949,0.7412713,0.7413,0.6745088,1.9689,1.0000000,1.0000,[],6
28.7573,34.8602,-34.8005,0.0004664,c1ccc(-c2ccc(-c3cc(-c4cccc5ccccc45)cc(-c4cccc5ccccc45)n3)cc2)cc1,1,c1ccc(-c2ccc(-c3cc(-c4cccc5ccccc45)cc(-c4cccc5ccccc45)n3)cc2)cc1,0.0003285,312.9173,0.2426242,0.2426,0.6703901,1.9995,1.0000000,1.0000,[],6
29.6620,36.9616,-36.9205,0.0003212,CCCCCCCCOc1ccc(N(c2ccccc2)c2cccc(N)c2)c(F)c1F,1,c1ccc(N(c2ccccc2)c2ccccc2)cc1,0.0002219,308.6559,0.2524665,0.2525,0.6248553,2.3512,1.0000000,1.0000,[],6
38.3841,44.6417,-43.2950,0.0105209,COc1ccc2[nH]c(-c3ccc4c(c3)CC(c3ccccc3OC)N4C)nc2c1,1,c1ccc(C2Cc3cc(-c4nc5ccccc5[nH]4)ccc3N2)cc1,0.0085435,348.3840,0.5382066,0.5382,0.5671059,2.8360,1.0000000,1.0000,[],6
78.4244,85.4783,33.7980,0.9318463,Cc1cccc2oc3cc4c(cc3c12)nc1nc2cc(C3=C(C#N)C(C)(C)c5cc6oc(-c7ccccc7)cc6cc5C3=O)c(C#N)cc2c(C)n14,1,O=C1C(c2ccc3cn4c(nc3c2)nc2cc3c(cc24)oc2ccccc23)=CCc2cc3oc(-c4ccccc4)cc3cc21,0.9957942,460.6420,0.1789567,0.1790,0.4731922,3.7413,1.0000000,1.0000,[],6
60.7602,67.1896,-7.8307,0.4637413,CCCCOc1ccc2cc(N)c3c(c2c1CCCC)N(CCCC)c1cc(O)c2c(ccc4cc(N)ccc42)c1C3(CC)CC,1,c1ccc2c3c(ccc2c1)Cc1c(ccc2c1ccc1ccccc12)N3,0.4907698,399.5991,0.0736592,0.0737,0.4968791,3.4970,1.0000000,1.0000,[],6
26.8560,31.4099,-21.9739,0.0737191,c1ccc(N(c2ccccc2)c2cccc3oc4ccc5oc6ccccc6c5c4c23)cc1,1,c1ccc(N(c2ccccc2)c2cccc3oc4ccc5oc6ccccc6c5c4c23)cc1,0.0675665,371.5028,0.2828599,0.2829,0.6157613,2.4245,1.0000000,1.0000,[],6
97.3777,104.8345,-57.8925,0.3667341,CC(C)c1ccccc1-c1c(O)c2cc3c4c(c2oc1=O)C(c1cccc2c1OCC21OCC(C(C)(C)O)O1)=c1c2cccc(=N)c-2c(O)cc-3c1=CO4,1,N=c1cccc2c3c4c(ccc1-2)-c1cc2cc(-c5ccccc5)c(=O)oc2c(c1OC=4)C=3c1cccc2c1OCC21OCCO1,0.3784665,525.3859,0.1687010,0.1687,0.2633818,6.6708,1.0000000,1.0000,[],6
38.6586,39.3465,16.4402,0.4358342,COCc1c2[nH]nc(-c3ccncc3)nc-2[nH]c1=O,1,O=c1cc2[nH]nc(-c3ccncc3)nc-2[nH]1,0.4264752,396.7835,0.7232213,0.7232,0.5717517,2.7953,1.0000000,1.0000,[],6
31.4597,42.5084,38.5802,0.6335044,FC(F)(F)c1cc(C=Cc2ccc(N(c3ccccc3)c3ccccc3)cc2)ccc1-c1cc2cc3ccccc3cc2s1,1,C(=Cc1ccc(N(c2ccccc2)c2ccccc2)cc1)c1ccc(-c2cc3cc4ccccc4cc3s2)cc1,0.6613548,407.2672,0.1724129,0.1724,0.5780802,2.7402,1.0000000,1.0000,[],6
60.9976,63.7102,50.3797,0.8913280,COc1cc(O)cc(Nc2c(C(=O)NC3CCOC34CCCC4)sc(C#N)c2C=O)c1,1,O=C(NC1CCOC12CCCC2)c1sccc1Nc1ccccc1,0.9176057,426.1690,0.5842972,0.5843,0.4224373,4.3086,1.0000000,1.0000,[],6
42.7041,57.2987,-57.2987,0.0000000,CCCCCCCCN1CCn2c3ccccc3c3c(C=Cc4cc(N(CCCC)CCCC)ccc4OC)c(ccc32)C1=O,1,O=C1NCCn2c3ccccc3c3c(C=Cc4ccccc4)c1ccc32,0.0000000,0.0000,0.0000000,0.0000,0.0000000,0.0000,0.0000000,0.0000,['[*;r{8-17}]'],6
26.9856,32.6409,-30.2189,0.0189216,c1ccc(-c2ccc(N(c3ccccc3)c3ccc4cc(-c5ccc6c(c5)c5ccccc5n6-c5ccccc5)ccc4c3)cc2)cc1,1,c1ccc(-c2ccc(N(c3ccccc3)c3ccc4cc(-c5ccc6c(c5)c5ccccc5n6-c5ccccc5)ccc4c3)cc2)cc1,0.0163704,355.5307,0.1813359,0.1813,0.6199518,2.3906,1.0000000,1.0000,[],6
30.0061,31.4189,-31.3328,0.0006725,CC(=O)N(C)C(=O)c1cccc(N(C)C)c1C,1,c1ccccc1,0.0004662,316.7185,0.7813722,0.7814,0.6182391,2.4044,1.0000000,1.0000,[],6
25.0023,30.5619,-30.3100,0.0019683,Cn1cc(-c2ccc(-n3c4ccccc4c4ccccc43)cc2)nn1,1,c1ccc2c(c1)c1ccccc1n2-c1ccc(-c2c[nH]nn2)cc1,0.0014644,329.1571,0.4763468,0.4763,0.6601771,2.0762,1.0000000,1.0000,[],6
31.7567,34.6693,-33.8181,0.0066501,C(=C1Cc2cc3ccccc3nc2C1)c1ccc(N2CCOCC2)cc1,1,C(=C1Cc2cc3ccccc3nc2C1)c1ccc(N2CCOCC2)cc1,0.0052222,343.0033,0.6959367,0.6959,0.6018845,2.5384,1.0000000,1.0000,[],6
20.0119,22.3578,-22.3576,0.0000012,CCNc1ncc[nH]1,1,c1c[nH]cn1,0.0000006,244.1513,0.5933917,0.5934,0.5807221,2.7174,1.0000000,1.0000,[],6
42.6212,41.4700,-40.0919,0.0107665,COc1ccc(-c2csc(-c3c(C(=O)N4CCCC4)oc4ncnc(OC)c34)n2)cc1,1,O=C(c1oc2ncncc2c1-c1nc(-c2ccccc2)cs1)N1CCCC1,0.0087901,348.6956,0.4614412,0.4614,0.5861639,2.6708,1.0000000,1.0000,[],6
50.2006,56.7840,-56.5784,0.0016068,COCCN(c1ccc(O)cc1)c1ccc(Oc2ccc(C(C)(Cc3cccnc3)c3ccc(N(c4ccccc4)c4ccccc4)cc3)cc2)cc1,1,c1ccc(Nc2ccc(Oc3ccc(C(Cc4cccnc4)c4ccc(N(c5ccccc5)c5ccccc5)cc4)cc3)cc2)cc1,0.0012419,327.3655,0.1220682,0.1221,0.5003610,3.4621,1.0000000,1.0000,[],6
23.7837,24.6567,-24.6486,0.0000635,CC(Cl)(Sc1ccccc1)c1ccccc1,1,c1ccc(CSc2ccccc2)cc1,0.0000393,289.8704,0.5505344,0.5505,0.5958803,2.5886,1.0000000,1.0000,[],6
30.4557,34.6117,-34.6117,0.0000000,CN(C)c1ccc2c(=O)c(-c3ccc(Br)cc3)c(C(=O)O)oc2c1,1,O=c1c(-c2ccccc2)coc2ccccc12,0.0000000,0.0000,0.0000000,0.0000,0.0000000,0.0000,0.0000000,0.0000,"['C(=[O,S])[O,S]']",6
73.5885,79.4712,-79.4712,0.0000000,c1cccc2c1c(-c1c3-c4c5c(cc6c(cccc6)c5-c4ccc3)c3cc4c(OC(CCCCCC)(C=C4)C)cc3c1)c1c(c3NCCc31)cc2,0,,0.0000000,0.0000,0.0000000,0.0000,0.0000000,0.0000,0.0000000,0.0000,None,6
51.5192,65.6150,-65.6150,0.0000000,CC1C=C(c2ccc(C=C(C#N)C(=O)O)cc2)c2cc(C#CCCCN3c4ccccc4C(C)(c4ccccc4)c4ccccc43)ccc21,1,C(#Cc1ccc2c(c1)C(c1ccccc1)=CC2)CCCN1c2ccccc2C(c2ccccc2)c2ccccc21,0.0000000,0.0000,0.0000000,0.0000,0.0000000,0.0000,0.0000000,0.0000,"['C#C', 'C(=[O,S])[O,S]']",6
118.5934,134.2080,-134.2080,0.0000000,n1cc2c3c(C(=NN4c5c(C3(c3c2c(c1OC)cc(c3C)-c1ccc2N(C)C(C)(CCC=C)CCc2c1)CCCC)cc(c1ccc(CCCCCC)cc51)CCCCCCCC)ccc(C=Cc1ccc(cc1)OCCCCCCCC)o4)-c1ccccc1,0,,0.0000000,0.0000,0.0000000,0.0000,0.0000000,0.0000,0.0000000,0.0000,None,6
45.3668,48.6786,-48.6786,0.0000000,C=C(CC)COC(=O)C=Cc1ccc(OC(=O)c2ccc(-c3cc4ccccc4c4ccccc34)cc2)cc1,1,O=C(Oc1ccccc1)c1ccc(-c2cc3ccccc3c3ccccc23)cc1,0.0000000,0.0000,0.0000000,0.0000,0.0000000,0.0000,0.0000000,0.0000,"['C(=[O,S])[O,S]']",6
64.5396,72.1579,-72.1579,0.0000000,N1(c2c(c(c(c(c2F)F)F)F)F)C(C)C2C(N(C)C)C=c3c=2c2n(c(c4c(c21)cccc4)=N)ccc3,0,,0.0000000,0.0000,0.0000000,0.0000,0.0000000,0.0000,0.0000000,0.0000,None,6
54.5584,72.6992,-72.6992,0.0000000,CCCCN1c2cc(-c3ccc(C=C4SC(=S)N(CC(=O)O)C4=O)cc3)sc2SC(c2ccc(-c3c4ccc(=O)cc-4oc4cc(F)ccc34)cc2)CC1(C)C,1,O=C1NC(=S)SC1=Cc1ccc(-c2cc3c(s2)SC(c2ccc(-c4c5ccc(=O)cc-5oc5ccccc45)cc2)CCN3)cc1,0.0000000,0.0000,0.0000000,0.0000,0.0000000,0.0000,0.0000000,0.0000,"['C(=[O,S])[O,S]']",6
36.9768,41.4970,-41.4970,0.0000000,c1ccc2c(c1)N(Cc1ccccc1)c1c(C=2c2ccc(cc2)OC)ccc(C(=O)c2ccccc2)c1,0,,0.0000000,0.0000,0.0000000,0.0000,0.0000000,0.0000,0.0000000,0.0000,None,6
60.7910,69.6823,-69.6823,0.0000000,c1c2cc(N(c3ccccc3)c3ccccc3)cc3N(c(cc(c1)c32)=C(C#N)C#N)c1c2c(cccc2)c2c(c3c(c4C(C)(C)c5cc(-c6ccccc6)ccc5-c4n3)cc2)c1,0,,0.0000000,0.0000,0.0000000,0.0000,0.0000000,0.0000,0.0000000,0.0000,None,7
30.1004,36.7653,-35.5730,0.0093150,C(=Cc1ccccc1)C1=C2c3ccccc3C=CC1c1ccccc12,1,C(=Cc1ccccc1)C1=C2c3ccccc3C=CC1c1ccccc12,0.0075507,347.0320,0.5179804,0.5180,0.4821942,3.6470,1.0000000,1.0000,[],7
19.2003,23.6562,-23.4257,0.0018006,COc1ccc2oc(C)cc(=O)c2c1,1,O=c1ccoc2ccccc12,0.0013169,328.0034,0.6909132,0.6909,0.6807504,1.9228,1.0000000,1.0000,[],7
52.3501,61.8894,-59.3690,0.0196907,CCCc1c2c(c3cc(N(C)C)ccc3c1-c1ccc(-c3cccc(C=O)c3)nc1)CCCC2,1,c1ccc(-c2ccc(-c3cc4c(c5ccccc35)CCCC4)cn2)cc1,0.0168427,355.8447,0.2906447,0.2906,0.5800731,2.7230,1.0000000,1.0000,[],7
18.1174,26.0687,-24.9439,0.0087870,CCN(CC)c1ccc2c(c1)oc1cc(N(C)C)ccc12,1,c1ccc2c(c1)oc1ccccc12,0.0069913,346.1902,0.7022434,0.7022,0.6392222,2.2375,1.0000000,1.0000,[],7
39.5572,44.2946,-43.2686,0.0080152,c1ccc2sc(-c3ccc4c(c3)c3ccccc3n4-c3cc(-c4ccc(-n5ccnc5)cc4)ccn3)nc2c1,1,c1ccc2sc(-c3ccc4c(c3)c3ccccc3n4-c3cc(-c4ccc(-n5ccnc5)cc4)ccn3)nc2c1,0.0065798,345.5269,0.2349106,0.2349,0.5948209,2.5975,1.0000000,1.0000,[],7
22.8814,22.0617,-21.9695,0.0007207,CC(=O)c1cc(O)[nH]c1O,1,c1cc[nH]c1,0.0005099,317.6929,0.5019398,0.5019,0.5381393,3.0982,1.0000000,1.0000,[],7
36.9096,49.1025,-49.1025,0.0000000,N#CC(=Cc1ccc(-c2ccc(-c3ccc(-c4ccccc4)c4cc(-c5ccc(-c6ccc(N(c7ccccc7)c7ccccc7)cc6)cc5)sc34)cc2)cc1)C(=O)O,1,c1ccc(-c2ccc(-c3ccc(-c4ccccc4)c4cc(-c5ccc(-c6ccc(N(c7ccccc7)c7ccccc7)cc6)cc5)sc34)cc2)cc1,0.0000000,0.0000,0.0000000,0.0000,0.0000000,0.0000,0.0000000,0.0000,"['C(=[O,S])[O,S]']",7
64.9787,70.7081,-10.4872,0.4704763,Cc1ccc(S(=O)(=O)O[n+]2ccc(-c3nc4ccccc4nc3-c3cccc4c3nc(C=Cc3ccc(-c5ccccc5)cc3)n4-c3cc[n+](C)cc3)cc2)cc1,1,O=S(=O)(O[n+]1ccc(-c2nc3ccccc3nc2-c2cccc3c2nc(C=Cc2ccc(-c4ccccc4)cc2)n3-c2cc[nH+]cc2)cc1)c1ccccc1,0.4887771,399.5125,0.1372346,0.1372,0.4874500,3.5928,1.0000000,1.0000,[],7
63.2699,70.9873,-70.9873,0.0000000,n1c2n(ncc2-c2ccc(C(=O)O)cc2)c(=O)cc1-c1cc(-c2ccc(cc2)-c2[nH]c3c(n2)cc(-c2nccn2C)cc3)c(cc1)O,0,,0.0000000,0.0000,0.0000000,0.0000,0.0000000,0.0000,0.0000000,0.0000,None,7
46.3838,61.7802,-61.7802,0.0000000,COc1ccc(-n2nc(-c3ccc(C)cc3)c3c(N(C)C)cc(-c4ccc(N(c5ccccc5)c5ccccc5)cc4)nc32)cc1C(=O)O,1,c1ccc(-c2nn(-c3ccccc3)c3nc(-c4ccc(N(c5ccccc5)c5ccccc5)cc4)ccc23)cc1,0.0000000,0.0000,0.0000000,0.0000,0.0000000,0.0000,0.0000000,0.0000,"['C(=[O,S])[O,S]']",7
36.9692,47.8337,64.7434,0.8795087,C(=Cc1ccc(N(c2ccccc2)c2ccccc2)cc1)C(=Cc1ccc(-c2ccc(-c3c(-c4ccccc4)c4ccccc4c4ccccc34)cc2)o1)c1ccccc1,1,C(=Cc1ccc(N(c2ccccc2)c2ccccc2)cc1)C(=Cc1ccc(-c2ccc(-c3c(-c4ccccc4)c4ccccc4c4ccccc34)cc2)o1)c1ccccc1,0.9507080,432.1318,0.1017792,0.1018,0.5537055,2.9556,1.0000000,1.0000,[],7
30.4430,32.3298,-31.9384,0.0030574,CC1(C)c2ccccc2-c2cccc(N(c3ccc(F)cc3)c3ccc(F)cc3)c21,1,c1ccc(N(c2ccccc2)c2cccc3c2Cc2ccccc2-3)cc1,0.0023550,334.3252,0.3416392,0.3416,0.6276050,2.3292,1.0000000,1.0000,[],7
70.4599,77.3659,-77.3659,0.0000000,c1(C(C)(C)C)ccc2n(-c3cc4c(c5c(cc6c7oc8c(c8cccc9)c(cc3c76)C(C)(C)C)ccc5C#N)C(C4)C)c3c(cc(cc3)C(C)(C)C)c2c1,0,,0.0000000,0.0000,0.0000000,0.0000,0.0000000,0.0000,0.0000000,0.0000,None,7
65.1532,69.5681,-39.6877,0.2334406,COc1ccccc1C=Cc1cccc(-c2nc(N3CCN(C)CC3)nc3cc(NC(=O)C(=Cc4ccc(C)cc4)c4ccc(Cl)cc4)ccc23)c1,1,O=C(Nc1ccc2c(-c3cccc(C=Cc4ccccc4)c3)nc(N3CCNCC3)nc2c1)C(=Cc1ccccc1)c1ccccc1,0.2341379,387.1330,0.1194556,0.1195,0.5534863,2.9576,1.0000000,1.0000,[],7
52.6751,64.3499,-64.3499,0.0000000,CCN1C(=O)C(=Cc2ccc(NS(=O)(=O)c3ccc(Nc4ccc(C=O)cn4)cc3)cc2C)C(=O)SC1=S,1,O=C1NC(=S)SC(=O)C1=Cc1ccc(NS(=O)(=O)c2ccc(Nc3ccccn3)cc2)cc1,0.0000000,0.0000,0.0000000,0.0000,0.0000000,0.0000,0.0000000,0.0000,"['C(=[O,S])[O,S]']",7
47.2619,57.8070,39.8326,0.7628097,CCN1CCCc2c1cc1c(sc3ccccc31)c2-c1cccc(C=c2cc3c(s2)=NCCC3C)c1,1,C(c1cccc(-c2c3c(cc4c2sc2ccccc24)NCCC3)c1)=c1cc2c(s1)=NCCC2,0.7991425,414.9934,0.2471717,0.2472,0.4535867,3.9528,1.0000000,1.0000,[],7
73.5574,78.6439,-78.6439,0.0000000,COCC(Cl)N1c2cc(C)c(CO[N+](=O)[O-])cc2C(c2ccc(C=C3C=CC4(OC(=O)c5ccccc54)c4ccccc43)cc2)=CC1(C)C,1,O=C1OC2(C=CC(=Cc3ccc(C4=CCNc5ccccc54)cc3)c3ccccc32)c2ccccc21,0.0000000,0.0000,0.0000000,0.0000,0.0000000,0.0000,0.0000000,0.0000,"['C(=[O,S])[O,S]']",7
45.5290,44.9867,-44.9867,0.0000000,c1(c(sc(c1)-c1c2ccc(cc-2ccc1)=C)N)C1CC1,0,,0.0000000,0.0000,0.0000000,0.0000,0.0000000,0.0000,0.0000000,0.0000,None,7
28.7333,34.9348,-32.8532,0.0162632,O=c1[nH]c(=O)n(-c2ccccc2)c2cc(-n3c4ccccc4c4ccccc43)ccc12,1,O=c1[nH]c(=O)n(-c2ccccc2)c2cc(-n3c4ccccc4c4ccccc43)ccc12,0.0135499,353.4465,0.4524836,0.4525,0.6455878,2.1880,1.0000000,1.0000,[],7
62.6309,73.0616,-73.0616,0.0000000,C1C(CC1)CC(=O)c1c(/C=C2\Sc3c(N2C)cc(OC)cc3)cc2c(c1)c1c(-c3c(cccc3)C=1c1ccccc1)c1c2cccc1,0,,0.0000000,0.0000,0.0000000,0.0000,0.0000000,0.0000,0.0000000,0.0000,None,7
66.7749,78.5412,18.5008,0.7581409,CCCCN(CCCC)c1c2c(c(-c3ccccc3)c3ccc(C(C)=O)cc13)C1(c3ccccc3Oc3ccc4c(c31)OCCO4)c1cc(N(CCC#N)CCCN(C)C)ccc1-2,1,c1ccc(-c2c3c(cc4ccccc24)-c2ccccc2C32c3ccccc3Oc3ccc4c(c32)OCCO4)cc1,0.8226038,416.6562,0.0890558,0.0891,0.3903426,4.7037,1.0000000,1.0000,[],7
49.4505,53.3112,-53.3112,0.0000000,s1c(=Cc2oc(-c3cc(S(=O)(O)=O)ccc3)cc2)c2cc(ccc2c(=O)c1C(=O)OCC)[N+](=O)[O-],0,,0.0000000,0.0000,0.0000000,0.0000,0.0000000,0.0000,0.0000000,0.0000,None,7
30.2592,36.3358,-35.0706,0.0098842,N#CC1=C(C#N)c2ccccc2-c2cc(C#N)ccc2O1,1,C1=Cc2ccccc2-c2ccccc2O1,0.0079234,347.5591,0.7337782,0.7338,0.5631534,2.8710,1.0000000,1.0000,[],7
21.2280,22.0103,-22.0082,0.0000167,CC(=O)c1nnn(-c2ccccc2)c1C,1,c1ccc(-n2ccnn2)cc1,0.0000096,274.5188,0.6956351,0.6956,0.6769902,1.9505,1.0000000,1.0000,[],7
23.5848,23.7053,-23.6609,0.0003470,Cc1ccccc1C(=O)c1ccc(Cl)cc1Cl,1,O=C(c1ccccc1)c1ccccc1,0.0002320,309.1402,0.7287123,0.7287,0.7249361,1.6084,1.0000000,1.0000,[],7
37.9357,42.2579,-9.5275,0.2557059,[C-]#[N+]c1ccc(-c2ccc(-c3cc4c(c5ccccc35)-c3cc(-n5c6ccccc6c6ccccc65)ccc3-4)cc2)cc1,1,c1ccc(-c2ccc(-c3cc4c(c5ccccc35)-c3cc(-n5c6ccccc6c6ccccc65)ccc3-4)cc2)cc1,0.2533986,388.2679,0.1957162,0.1957,0.5873504,2.6607,1.0000000,1.0000,[],7
43.8417,53.9257,-53.9257,0.0000000,n1c2C(=Cc3c4c(-c2nc1)cccc4ccc3)c1ccc(cc1)-c1nnc(-c2ccc(N(c3ccccc3)c3ccccc3)cc2)s1,0,,0.0000000,0.0000,0.0000000,0.0000,0.0000000,0.0000,0.0000000,0.0000,None,7
37.7870,38.3575,-36.7763,0.0123533,c1ccc(-c2cccc(N(c3ccc4c(c3)oc3ccccc34)c3cccc4c3oc3c(N(c5ccccc5)c5ccccc5)cccc34)n2)cc1,1,c1ccc(-c2cccc(N(c3ccc4c(c3)oc3ccccc34)c3cccc4c3oc3c(N(c5ccccc5)c5ccccc5)cccc34)n2)cc1,0.0105001,350.6444,0.1689789,0.1690,0.5505552,2.9841,1.0000000,1.0000,[],7
27.4158,32.5694,-30.9612,0.0125639,O=C(c1cc(-c2ccccc2)nc2cccnc12)N(c1ccccc1)c1ccccc1,1,O=C(c1cc(-c2ccccc2)nc2cccnc12)N(c1ccccc1)c1ccccc1,0.0104031,350.5426,0.3562066,0.3562,0.6508675,2.1472,1.0000000,1.0000,[],7
31.8460,30.1553,-30.1553,0.0000000,CSCCC(NC(=O)OC(C)(C)C)C(=O)Nc1ccc2c(c1)ncn2C,1,c1ccc2[nH]cnc2c1,0.0000000,0.0000,0.0000000,0.0000,0.0000000,0.0000,0.0000000,0.0000,"['C(=[O,S])[O,S]']",7
36.3783,43.0132,-28.2948,0.1149875,CN(C)c1ccc2c(=O)c3ccccc3n(-c3cc(-c4ccco4)[nH]n3)c2c1,1,O=c1c2ccccc2n(-c2cc(-c3ccco3)[nH]n2)c2ccccc12,0.1061656,376.8682,0.4836346,0.4836,0.5909188,2.6304,1.0000000,1.0000,[],7
70.2126,75.2097,-75.2097,0.0000000,C1(N(C(=O)N(C1C=Cc1c2c(cc3cccnc23)nc(n1)-c1ccc(-c2ccncc2)cc1)c1ccc(cc1)C)c1ccccc1)N(c1ccccc1)c1ccccc1,0,,0.0000000,0.0000,0.0000000,0.0000,0.0000000,0.0000,0.0000000,0.0000,None,7
21.2935,22.8698,-22.2407,0.0049148,C=CCN1C(=O)c2cccc(OC)c2C1=O,1,O=C1NC(=O)c2ccccc21,0.0038159,339.5814,0.5687236,0.5687,0.6560878,2.1073,1.0000000,1.0000,[],7
42.1036,54.1556,-54.1556,0.0000000,CCN1C(=O)C(=Cc2ccc(C=Cc3ccc4cc(-c5ccc6ccccc6c5)c5cc(N(c6ccccc6)c6ccccc6)ccc5c4c3)cc2)SC1=S,1,O=C1NC(=S)SC1=Cc1ccc(C=Cc2ccc3cc(-c4ccc5ccccc5c4)c4cc(N(c5ccccc5)c5ccccc5)ccc4c3c2)cc1,0.0000000,0.0000,0.0000000,0.0000,0.0000000,0.0000,0.0000000,0.0000,"['C(=[O,S])[O,S]']",7
33.1678,38.4536,-38.0725,0.0029778,CC(=O)Nc1cc(NCCc2cc(C(C)(C)C)cc(C(C)(C)C)c2)ccc1O,1,c1ccc(CCNc2ccccc2)cc1,0.0022679,333.9151,0.4658020,0.4658,0.6320509,2.2939,1.0000000,1.0000,[],7
37.2311,39.5630,-39.4016,0.0012611,COc1ccc(N2CC(Oc3ccc4c(ccc5ccccc54)c3)CC2=O)cc1,1,O=C1CC(Oc2ccc3c(ccc4ccccc43)c2)CN1c1ccccc1,0.0009199,324.1035,0.4555829,0.4556,0.5915855,2.6247,1.0000000,1.0000,[],7
72.7371,80.5220,-80.5220,0.0000000,COC(=O)C(C=O)=C1C(Br)=CC(=N)c2sc(N=Cc3ccc4cc3CNC(=O)N4C)c([N+](=O)[O-])c21,1,C=C1C=CC(=N)c2sc(N=Cc3ccc4cc3CNC(=O)N4)cc21,0.0000000,0.0000,0.0000000,0.0000,0.0000000,0.0000,0.0000000,0.0000,"['C(=[O,S])[O,S]']",7
20.8484,28.4173,66.9847,0.7453277,C(C=Cc1ccc(-c2ccccc2)s1)=Cc1ccc(N(c2ccccc2)c2ccccc2)cc1,1,C(C=Cc1ccc(-c2ccccc2)s1)=Cc1ccc(N(c2ccccc2)c2ccccc2)cc1,0.7774932,413.5838,0.2207917,0.2208,0.6213016,2.3797,1.0000000,1.0000,[],7
55.2017,61.7976,-61.7976,0.0000000,c1c2nc3cc(ccc3c(C(Nc3cc4c(c(C#N)s4)N4CCCCC4)n3)c2ccc1)N(C)C,0,,0.0000000,0.0000,0.0000000,0.0000,0.0000000,0.0000,0.0000000,0.0000,None,7
52.6770,53.7443,-18.6990,0.2737917,O=C(CCCBr)NCCNc1c(Br)cc2c([nH]c3cc4ccccc4cc32)c1-c1ccccc1,1,c1ccc(-c2cccc3c2[nH]c2cc4ccccc4cc23)cc1,0.2758091,389.5189,0.1310330,0.1310,0.5834902,2.6936,1.0000000,1.0000,[],7
53.2817,59.6970,-59.6970,0.0000000,c1(c(C)c2n(n1)c(c1c(n2)cc(cc1)=[N+]1CCN(CC1)C(OC(C)(C)C)=O)-c1ccc(Br)cc1)-c1ccc(OC)cc1,0,,0.0000000,0.0000,0.0000000,0.0000,0.0000000,0.0000,0.0000000,0.0000,None,7
47.7990,57.3098,63.2200,0.9416391,CCc1[nH]oc(=O)c1C=Nc1ccc(C=c2sc(=C3OCN(CC)C3=O)n(CC)c2=O)cc1,1,O=C1NCOC1=c1[nH]c(=O)c(=Cc2ccc(N=Cc3c[nH]oc3=O)cc2)s1,0.9712880,438.2321,0.5485999,0.5486,0.4856336,3.6115,1.0000000,1.0000,[],7
43.6991,51.7316,-49.7723,0.0153070,CCCCCCN1C(=CC=C2c3ccccc3N(c3ccccc3)c3cc4nc(-c5ccccc5)n(-c5ccccc5)c4cc32)Sc2ccccc21,1,C(C=C1c2ccccc2N(c2ccccc2)c2cc3nc(-c4ccccc4)n(-c4ccccc4)c3cc21)=C1Nc2ccccc2S1,0.0132402,566.8079,0.1405734,0.1406,0.5403197,3.0780,1.0000000,1.0000,[],7
75.3244,78.8593,-78.0964,0.0059599,C=Cc1c(OCCCC)ccc(-c2cc3c4c(ccc5[nH]c6sc7cc(C(=C)CN)ccc7c6c54)ccc3n2CCCC)c1CCCC,1,c1ccc(-c2cc3c(ccc4ccc5[nH]c6sc7ccccc7c6c5c43)[nH]2)cc1,0.0049478,342.4142,0.1147684,0.1148,0.4871486,3.5959,1.0000000,1.0000,[],7
48.5993,52.2215,-52.2215,0.0000000,CCN(CC)c1ccc2oc3c(c2c1)C(c1ccccc1)=CC=C(C)[n+]1cc(-c2ccccc2)sc1-3,1,C1=C[n+]2cc(-c3ccccc3)sc2-c2oc3ccccc3c2C(c2ccccc2)=C1,0.0000000,0.0000,0.0000000,0.0000,0.0000000,0.0000,0.0000000,0.0000,['[*;r{8-17}]'],7
29.2721,34.8314,-34.8314,0.0000000,c1c2c3c4c(c(ccc4cc2C#N)C#N)cc1c1c(cccc1)c3=O,0,,0.0000000,0.0000,0.0000000,0.0000,0.0000000,0.0000,0.0000000,0.0000,None,7
39.0824,47.3091,-19.8516,0.2145120,C(=C(c1ccccc1)c1ccccc1)c1ccccc1-c1cccc2sc3cc(-c4ccc(-c5c6ccccc6c(-c6ccccc6)c6ccccc56)cc4)ccc3c12,1,C(=C(c1ccccc1)c1ccccc1)c1ccccc1-c1cccc2sc3cc(-c4ccc(-c5c6ccccc6c(-c6ccccc6)c6ccccc56)cc4)ccc3c12,0.2145613,385.9110,0.1119365,0.1119,0.5628971,2.8733,1.0000000,1.0000,[],7
83.7225,98.1682,-98.1682,0.0000000,c1c[nH]c(c1)-c1sc2c(c1C#N)cc(s2)-c1cc2c(s1)c1n(C3=C(N(c4ccc(N(c5ccccc45)c4ccccc4)cc3)CC)c3c1cc(c1c3cccc1)-c1sc(cc1)C=C(C#N)C#N)cc2,0,,0.0000000,0.0000,0.0000000,0.0000,0.0000000,0.0000,0.0000000,0.0000,None,7
33.9468,36.5079,-36.4703,0.0002936,O=Cc1nn(-c2cccc(NC(=O)c3ccco3)c2)cc1-c1ccccc1,1,O=C(Nc1cccc(-n2cc(-c3ccccc3)cn2)c1)c1ccco1,0.0001970,307.3661,0.5432184,0.5432,0.6255270,2.3458,1.0000000,1.0000,[],7
42.8698,48.9366,-48.9366,0.0000000,C(=Cc1c(c(c(=C)c2cc(O)c(O)cc21)C=C)C)CO,0,,0.0000000,0.0000,0.0000000,0.0000,0.0000000,0.0000,0.0000000,0.0000,None,7
35.5601,32.4297,-32.4250,0.0000366,COC(C)c1cc(O)ccc1CI,1,c1ccccc1,0.0000219,283.5354,0.6851627,0.6852,0.5236340,3.2348,1.0000000,1.0000,[],7
37.8008,41.2735,-41.2735,0.0000000,N#Cc1cc2ccc(C#Cc3c(Cl)cccc3Cl)nn2c1Cl,1,C(#Cc1ccc2cccn2n1)c1ccccc1,0.0000000,0.0000,0.0000000,0.0000,0.0000000,0.0000,0.0000000,0.0000,['C#C'],7
41.9915,48.0688,15.1271,0.4937179,Nc1cc2ccccc2c(C=Nc2ccc(Cc3ccc(NC4CC(O)C4)cc3)cc2)c1O,1,C(=Nc1ccc(Cc2ccc(NC3CCC3)cc2)cc1)c1cccc2ccccc12,0.5074796,400.3249,0.1845461,0.1845,0.5853357,2.6778,1.0000000,1.0000,[],7
26.6664,30.6878,-30.6216,0.0005176,c1ccc(-c2ccc(-c3ccc(C4(c5ccccc5)c5ccccc5-c5ccccc54)cc3)c3ccccc23)cc1,1,c1ccc(-c2ccc(-c3ccc(C4(c5ccccc5)c5ccccc5-c5ccccc54)cc3)c3ccccc23)cc1,0.0003679,314.1484,0.2164609,0.2165,0.6628208,2.0563,1.0000000,1.0000,[],7
37.0254,38.9667,-38.3963,0.0044567,Cc1cccc2c(-c3c(-c4cccc(C(F)(F)F)c4)oc4ccccc34)cc(=O)oc12,1,O=c1cc(-c2c(-c3ccccc3)oc3ccccc23)c2ccccc2o1,0.0035241,338.7144,0.2837015,0.2837,0.6123276,2.4524,1.0000000,1.0000,[],7
21.4382,29.7060,-29.7060,0.0000000,NNC(C=Cc1ccc(N(c2ccccc2)c2ccccc2)cc1)=Nc1ccccc1,1,C(=Cc1ccc(N(c2ccccc2)c2ccccc2)cc1)C=Nc1ccccc1,0.0000000,0.0000,0.0000000,0.0000,0.0000000,0.0000,0.0000000,0.0000,['[#7;!n][#7;!n]'],7
55.5766,60.0980,56.9624,0.9145345,C[n+]1cccc2nc3ncc4c(cnc5c(-c6ccoc6)nsc54)c3c(-c3cccs3)c21,1,c1csc(-c2c3[nH+]cccc3nc3ncc4c(cnc5c(-c6ccoc6)nsc54)c23)c1,0.9739058,480.7007,0.1896653,0.1897,0.4880528,3.5867,1.0000000,1.0000,[],7
30.7645,34.1017,-33.9434,0.0012369,CNc1c(-c2ccc(F)cc2)oc(O)c1-c1ccccc1,1,c1ccc(-c2coc(-c3ccccc3)c2)cc1,0.0008863,323.6991,0.7435491,0.7435,0.6300079,2.3101,1.0000000,1.0000,[],7
30.7643,39.4711,-39.4711,0.0000000,CCN(CC)c1ccc(NN=Cc2ccc(N(CCC#N)CCC#N)cc2)c(C(=O)O)c1,1,C(=NNc1ccccc1)c1ccccc1,0.0000000,0.0000,0.0000000,0.0000,0.0000000,0.0000,0.0000000,0.0000,"['[#7;!n][#7;!n]', 'C(=[O,S])[O,S]']",7
22.0937,25.3948,-25.2751,0.0009357,c1ccc(-c2cccc3c2sc2cccc(-c4ccccc4)c23)cc1,1,c1ccc(-c2cccc3c2sc2cccc(-c4ccccc4)c23)cc1,0.0006777,320.7830,0.3151210,0.3151,0.6829039,1.9070,1.0000000,1.0000,[],7
30.0377,29.5458,-9.3697,0.1576254,Cc1ccc(C=C(C#N)C(=O)Nc2ccc(F)c(F)c2)s1,1,O=C(C=Cc1cccs1)Nc1ccccc1,0.1461243,380.8332,0.6908180,0.6908,0.6279954,2.3261,1.0000000,1.0000,[],7
33.6324,40.1319,44.3918,0.6603415,CN(C)c1ccc(O)c(C=Nc2ccc(O)c(C=Cc3ccc(N(c4ccccc4)c4ccccc4)cc3)c2)c1,1,C(=Cc1cccc(N=Cc2ccccc2)c1)c1ccc(N(c2ccccc2)c2ccccc2)cc1,0.6929128,408.8354,0.1573756,0.1574,0.5764926,2.7540,1.0000000,1.0000,[],7
34.2902,39.2600,-36.1432,0.0243501,O=C(C=Cc1cccc([N+](=O)[O-])c1)Nc1ccccc1C=Cc1nc2ccccc2c(=O)[nH]1,1,O=C(C=Cc1ccccc1)Nc1ccccc1C=Cc1nc2ccccc2c(=O)[nH]1,0.0211285,358.3536,0.2579899,0.2580,0.5975399,2.5747,1.0000000,1.0000,[],7
39.9377,50.7016,68.4136,0.9305874,CCCC[n+]1cc(-c2ccccc2)cc(-c2ccc(N3CCc4cc(N(c5ccccc5)c5ccccc5)ccc43)cc2)n1,1,c1ccc(-c2c[nH+]nc(-c3ccc(N4CCc5cc(N(c6ccccc6)c6ccccc6)ccc54)cc3)c2)cc1,0.9941310,455.7220,0.1608983,0.1609,0.5616404,2.8845,1.0000000,1.0000,[],8
33.3974,38.5604,-25.1884,0.1044689,c1ccc(N(c2ccccc2)c2ccc3cc4oc5cc6sc7sc8ccccc8c7c6cc5c4cc3c2)cc1,1,c1ccc(N(c2ccccc2)c2ccc3cc4oc5cc6sc7sc8ccccc8c7c6cc5c4cc3c2)cc1,0.0985075,375.9627,0.2186642,0.2187,0.5622143,2.8794,1.0000000,1.0000,[],8
26.2507,30.0230,-29.6764,0.0027079,COc1cccc2c1N(CCCN1CCOCC1)c1ccccc1O2,1,c1ccc2c(c1)Oc1ccccc1N2CCCN1CCOCC1,0.0020148,332.6278,0.8296868,0.8297,0.6339378,2.2790,1.0000000,1.0000,[],8
38.4479,35.0621,-35.0621,0.0000000,COC(=O)c1cc(C(=O)OC)c(=O)n(CCN2CCN(C(C)=O)CC2)c1,1,O=c1ccccn1CCN1CCNCC1,0.0000000,0.0000,0.0000000,0.0000,0.0000000,0.0000,0.0000000,0.0000,"['C(=[O,S])[O,S]']",8
84.3022,98.5726,-98.5726,0.0000000,S(c1c(cccn1)[N+](=O)[O-])c1nc(-c2ccco2)c2c(NC(=O)C(N2)=Cc2c(O)c(c(C=C(C#N)c3ccc(cc3)Cl)c3n2c2c(cccc2)c3)=O)n1,0,,0.0000000,0.0000,0.0000000,0.0000,0.0000000,0.0000,0.0000000,0.0000,None,8
33.5752,43.4693,-36.5344,0.0541788,c1ccc(N(c2ccccc2)c2ccc3c(-c4cccc5c4sc4cc(N(c6ccccc6)c6ccccc6)ccc45)c(-c4ccccc4N(c4ccccc4)c4ccccc4)oc3c2)cc1,1,c1ccc(N(c2ccccc2)c2ccc3c(-c4cccc5c4sc4cc(N(c6ccccc6)c6ccccc6)ccc45)c(-c4ccccc4N(c4ccccc4)c4ccccc4)oc3c2)cc1,0.0502586,368.0901,0.1291081,0.1291,0.5218616,3.2518,1.0000000,1.0000,[],8
55.3285,69.6284,-69.6284,0.0000000,CCCCN1CCCc2c1c(N(c1ccccc1)c1ccccc1)c1ccccc1c2C=Cc1ccc2c(-c3ccc(N(c4ccccc4)c4ccccc4)cc3)c1C=C1C=CC=Cc3ccc(CCC)c1c3-2,1,C1=CC2=Cc3c(C=Cc4c5c(c(N(c6ccccc6)c6ccccc6)c6ccccc46)NCCC5)ccc(c3-c3ccc(N(c4ccccc4)c4ccccc4)cc3)-c3c(cccc32)C=C1,0.0000000,0.0000,0.0000000,0.0000,0.0000000,0.0000,0.0000000,0.0000,['[*;r{8-17}]'],8
35.1288,37.3868,-37.3868,0.0000000,N=Cc1cc(C(=O)OCCNN)ccc1N,1,c1ccccc1,0.0000000,0.0000,0.0000000,0.0000,0.0000000,0.0000,0.0000000,0.0000,"['[#7;!n][#7;!n]', 'C(=[O,S])[O,S]']",8
49.5469,50.1836,-50.1836,0.0000000,c1ccc2c3n(c4cc5c(cc4n3-c3nc(c4ccccc4n3)-c3ccc(cc3)-c3ccccc3)c(-c3c4c(nccc4)c4ccccc4n3)cc2)c1,0,,0.0000000,0.0000,0.0000000,0.0000,0.0000000,0.0000,0.0000000,0.0000,None,8
44.3505,51.7715,35.7594,0.6838351,C=Cc1ccc(-c2c3ccc(=N)cc-3oc3cc(NCCOCCNCC(=C)CC)ccc23)cc1,1,N=c1ccc2c(-c3ccccc3)c3ccccc3oc-2c1,0.7242318,509.5167,0.1296819,0.1297,0.5420800,3.0617,1.0000000,1.0000,[],8
47.9196,59.6903,-53.7397,0.0464892,CCn1c(-c2ccc(Oc3ccc(N(c4ccc(-c5ccccc5)cc4)c4ccc5c(c4)-c4ccccc4C5(CC)CC)cc3)cc2)ccc1-c1ccc(-c2ccc(N(c3ccccc3)c3ccccc3)cc2)c2ccccc12,1,c1ccc(-c2ccc(N(c3ccc(Oc4ccc(-c5ccc(-c6ccc(-c7ccc(N(c8ccccc8)c8ccccc8)cc7)c7ccccc67)[nH]5)cc4)cc3)c3ccc4c(c3)-c3ccccc3C4)cc2)cc1,0.0431758,366.3602,0.1020802,0.1021,0.4789623,3.6807,1.0000000,1.0000,[],8
50.9474,60.3162,-60.3162,0.0000000,[C-]#[N+]C(=Cc1ccc(-c2ccc(N=Cc3ccc4cc5c(O)c(c4c3)C=C(Nc3ccc(O)cc3)C=C5)cc2)s1)C(=O)O,1,C1=Cc2cc(c3cc(C=Nc4ccc(-c5cccs5)cc4)ccc3c2)C=C1Nc1ccccc1,0.0000000,0.0000,0.0000000,0.0000,0.0000000,0.0000,0.0000000,0.0000,"['C(=[O,S])[O,S]']",8
47.2233,59.2079,51.6698,0.8662326,COc1ccc(-c2cc(-c3cc(C#N)c4ccc(C=C5Sc6ccccc6N5C)cc4c3)c(O)[nH]2)cc1,1,C(=C1Nc2ccccc2S1)c1ccc2ccc(-c3c[nH]c(-c4ccccc4)c3)cc2c1,0.9078247,424.8347,0.2648804,0.2649,0.5521485,2.9697,1.0000000,1.0000,[],8
64.4341,67.9655,-67.9655,0.0000000,Cc1nc2ccc(C(=Cc3c(F)c(F)c(F)c(F)c3F)C(=O)O)cc2nc1-c1ccc(Oc2noc(-c3ccoc3)n2)cc1,1,C(=Cc1ccc2ncc(-c3ccc(Oc4noc(-c5ccoc5)n4)cc3)nc2c1)c1ccccc1,0.0000000,0.0000,0.0000000,0.0000,0.0000000,0.0000,0.0000000,0.0000,"['C(=[O,S])[O,S]']",8
57.4056,70.9508,41.0012,0.8746253,CCCCN1c2ccccc2Sc2ccc(C(=CC=CC=Cc3ccc4c5c(OC)c(OCC)ccc5n(C)c4c3)c3ccc(N(C)CCO)cc3)cc21,1,C(=CC=C(c1ccccc1)c1ccc2c(c1)Nc1ccccc1S2)C=Cc1ccc2c(c1)[nH]c1ccccc12,0.9441240,430.6951,0.1124415,0.1124,0.5021493,3.4443,1.0000000,1.0000,[],8
94.7404,106.6065,-106.6065,0.0000000,c1c2Oc3c(c4c(s3)c3c(cc4)=C(c4cc5sc6cc(cc7c6OC(c5c6ccc(c4)=O)-c3c2)C)CC(=O)c2c-1sc1c2ccc(O)c1)N(c1ccccc1)c1ccccc1,0,,0.0000000,0.0000,0.0000000,0.0000,0.0000000,0.0000,0.0000000,0.0000,None,8
28.5307,31.1574,-30.2416,0.0071545,N#Cc1ccc(-c2ccc(F)s2)cc1C#N,1,c1ccc(-c2cccs2)cc1,0.0056285,343.8211,0.7513832,0.7514,0.5906917,2.6323,1.0000000,1.0000,[],8
25.8220,36.1835,-13.9381,0.1737922,CC1(C)c2cc(-c3ccc(C(N)=S)cc3)ccc2-c2ccc(N(c3ccccc3)c3ccccc3)cc21,1,c1ccc(-c2ccc3c(c2)Cc2cc(N(c4ccccc4)c4ccccc4)ccc2-3)cc1,0.1673507,382.5791,0.2466162,0.2466,0.6182638,2.4042,1.0000000,1.0000,[],8
61.2255,65.6828,-60.6201,0.0395528,C=CCOc1ccccc1-c1cc(C=CC=Cc2ccc(OC)cc2)ccc1-c1ccc(-c2cc(-c3cc(OC)ccc3OC)ccn2)cc1,1,C(C=Cc1ccc(-c2ccc(-c3cc(-c4ccccc4)ccn3)cc2)c(-c2ccccc2)c1)=Cc1ccccc1,0.0364277,364.4387,0.0913691,0.0914,0.5618947,2.8822,1.0000000,1.0000,[],8
72.3672,83.4784,-83.4784,0.0000000,c1c2C(c3c(sc4c3c(N)c(S(=O)(=O)O)c(c4O)N(c3nc(-c4ccccc4)cs3)CCCCCC)cc2[n+](-c2ccccc2)[nH]1)(c1ccccc1)c1ccccc1,0,,0.0000000,0.0000,0.0000000,0.0000,0.0000000,0.0000,0.0000000,0.0000,None,8
82.0592,93.6154,-92.0083,0.0125554,COc1cc2c(cc1OC)C(=O)C(=Cc1ccc(OC)c3c(C4C=C(C)CC(C)(C)C4C=Cc4ccc(C5N(C)C(=O)CC5(C)C)c5ccccc45)sn13)C2=O,1,O=C1CCC(c2ccc(C=CC3CCC=CC3c3sn4c(C=C5C(=O)c6ccccc6C5=O)cccc34)c3ccccc23)N1,0.0109919,568.8532,0.0887656,0.0888,0.3700653,4.9704,1.0000000,1.0000,[],8
38.4663,38.5031,-38.2610,0.0018914,O=C1C(c2ccc(F)c(F)c2)=C(O)C2C=Cc3ccccc3N12,1,O=C1C(c2ccccc2)=CC2C=Cc3ccccc3N12,0.0013842,328.5450,0.8726127,0.8726,0.5254974,3.2171,1.0000000,1.0000,[],8
52.3072,63.3682,-63.3682,0.0000000,N#CC(=Cc1cc(C=CCCCOCC(=O)Nc2cccc(C#N)c2)c(S(=O)(=O)O)s1)C(=O)O,1,O=C(COCCCC=Cc1ccsc1)Nc1ccccc1,0.0000000,0.0000,0.0000000,0.0000,0.0000000,0.0000,0.0000000,0.0000,"['C(=[O,S])[O,S]']",8
24.6409,34.7825,46.1111,0.6319813,O=C1c2ccccc2-c2c1c(-c1ccco1)c(-c1ccccc1)n2-c1ccccc1,1,O=C1c2ccccc2-c2c1c(-c1ccco1)c(-c1ccccc1)n2-c1ccccc1,0.6444584,406.4576,0.3421492,0.3421,0.6268032,2.3356,1.0000000,1.0000,[],8
29.1675,35.8596,-35.8596,0.0000000,CCCCCCn1c(=S)oc2cc(C=C3SC(=S)NC3=O)ccc21,1,O=C1NC(=S)SC1=Cc1ccc2[nH]c(=S)oc2c1,0.0000000,0.0000,0.0000000,0.0000,0.0000000,0.0000,0.0000000,0.0000,"['C(=[O,S])[O,S]']",8
54.6626,59.7420,-59.7420,0.0000000,c1c2OCOc2c2[C@@H](C(=Cc3oc(cc-32)C=O)C)c1/C=C1\SC(N(C1=O)C)=S,0,,0.0000000,0.0000,0.0000000,0.0000,0.0000000,0.0000,0.0000000,0.0000,None,8
35.1645,41.2552,-34.1405,0.0555837,Cc1ccc(-c2nn(Cc3ccccc3)c3c(C#N)c(N)nc(-c4ccc(Cl)cc4)c23)cc1,1,c1ccc(Cn2nc(-c3ccccc3)c3c(-c4ccccc4)nccc32)cc1,0.0498515,367.9972,0.3523599,0.3524,0.6125920,2.4503,1.0000000,1.0000,[],8
28.4734,38.3067,-33.8705,0.0346576,CCC1c2cc(-c3ccc(-n4c5ccccc5c5ccccc54)cc3)ccc2-c2ccc(N(c3ccccc3)c3ccccc3)cc21,1,c1ccc(N(c2ccccc2)c2ccc3c(c2)Cc2cc(-c4ccc(-n5c6ccccc6c6ccccc65)cc4)ccc2-3)cc1,0.0310346,362.6385,0.1837762,0.1838,0.5380059,3.0994,1.0000000,1.0000,[],8
51.4098,58.2182,65.8430,0.9692281,CCCCn1c(=O)c(N2CCCC(CN(C)C)C2)nc2c(C#N)c3c(cc21)NC(C)(C)C=C3C,1,O=c1[nH]c2cc3c(cc2nc1N1CCCCC1)C=CCN3,0.9947536,456.9464,0.6832752,0.6833,0.4763417,3.7081,1.0000000,1.0000,[],8
25.0967,30.2407,66.3264,0.7544302,N#CC(C#N)=C1C=c2sc3ccccc3c2=C1,1,C=C1C=c2sc3ccccc3c2=C1,0.7640868,507.2402,0.6526839,0.6527,0.5124118,3.3431,1.0000000,1.0000,[],8
26.6854,33.2562,-32.9947,0.0020431,C(=Cc1cccc(-c2cccs2)c1)c1ccc(-c2ccncc2)cc1,1,C(=Cc1cccc(-c2cccs2)c1)c1ccc(-c2ccncc2)cc1,0.0015339,329.6617,0.3793843,0.3794,0.6620448,2.0621,1.0000000,1.0000,[],8
33.2025,45.9591,49.6795,0.7471768,O=c1c2ccccc2c2ccc(C=Cc3ccc(N(c4ccccc4)c4ccccc4)cc3)c3c(-c4ccccc4)cc4cccc1c4c32,1,O=c1c2ccccc2c2ccc(C=Cc3ccc(N(c4ccccc4)c4ccccc4)cc3)c3c(-c4ccccc4)cc4cccc1c4c32,0.7930412,414.5853,0.1353352,0.1353,0.5721405,2.7919,1.0000000,1.0000,[],8
62.4781,75.4351,-75.4351,0.0000000,c1c2c(c(=O)c3-c(cc(=N)cc3)oc2c(-c2c(oc3cc(N(CC)CC)ccc3c2-c2ccc(CN3CCN(CC3)C)cc2)=N)cc1)-c1cc(ccc1)C(=O)CC,0,,0.0000000,0.0000,0.0000000,0.0000,0.0000000,0.0000,0.0000000,0.0000,None,8
22.2341,26.2276,-25.1864,0.0081345,CCCc1cc2cc3c(cc2oc1=O)OCO3,1,O=c1ccc2cc3c(cc2o1)OCO3,0.0064373,345.2878,0.7461586,0.7462,0.6218690,2.3751,1.0000000,1.0000,[],8
72.3796,84.0449,-84.0449,0.0000000,c1c(C(=O)O)c(cnc1-c1nnn(-c2cc(cc(c2C#N)N2N=C(c3ccc[nH]3)C=C2c2ccccc2)-c2ccccc2)[s+]1[O-])O,0,,0.0000000,0.0000,0.0000000,0.0000,0.0000000,0.0000,0.0000000,0.0000,None,8
42.3870,45.0644,-43.5653,0.0117123,COc1cc(-c2ccccc2)c(OC)c(O)c1-c1cc(C(C)(C)C)nc(-c2ccccc2C)n1,1,c1ccc(-c2ccc(-c3ccnc(-c4ccccc4)n3)cc2)cc1,0.0096750,349.7469,0.3589412,0.3589,0.6040214,2.5207,1.0000000,1.0000,[],8
24.8956,25.9560,-25.9560,0.0000000,CC(N)C(=O)NC(C)C(=O)NC(C(=O)O)C(C)C,1,,0.0000000,0.0000,0.0000000,0.0000,0.0000000,0.0000,0.0000000,0.0000,"['C(=[O,S])[O,S]']",8
103.3858,105.2334,-105.2334,0.0000000,c1(N2CCOCC2)cc2cc3Cn4c(c5C(C(OC(=O)NN(C)C)c6c(c7c(NC([C@@]7(O)C)=O)c6[C@@]5(C(O)=O)C(=O)c4nc3cc2)O)=O)c1F,0,,0.0000000,0.0000,0.0000000,0.0000,0.0000000,0.0000,0.0000000,0.0000,None,8
21.7497,24.8755,-7.8584,0.1329460,c1ccc(-c2cc(-c3ccccc3)c3ncnc-3o2)cc1,1,c1ccc(-c2cc(-c3ccccc3)c3ncnc-3o2)cc1,0.1229821,378.6708,0.5386774,0.5387,0.6596055,2.0806,1.0000000,1.0000,[],8
22.6127,26.8779,-11.6222,0.1191849,C[n+]1ccccc1C(=C(c1ccccc1)c1ccccc1)c1ccccc1,1,c1ccc(C(=C(c2ccccc2)c2cccc[nH+]2)c2ccccc2)cc1,0.1113012,377.4436,0.3377020,0.3377,0.6449311,2.1931,1.0000000,1.0000,[],8
24.6276,31.2373,-27.2284,0.0313196,N#Cc1sc(=NC(=O)c2ccccc2)sc1-c1ccccc1,1,O=C(N=c1scc(-c2ccccc2)s1)c1ccccc1,0.0266827,360.9494,0.7133240,0.7133,0.5821171,2.7054,1.0000000,1.0000,[],8
26.6228,37.5282,19.3774,0.4445748,C(=Cc1cc2ccc(N(c3ccccc3)c3ccccc3)cc2c2ccccc12)c1ccc2c(c1)OCO2,1,C(=Cc1cc2ccc(N(c3ccccc3)c3ccccc3)cc2c2ccccc12)c1ccc2c(c1)OCO2,0.4546634,398.0256,0.1770849,0.1771,0.6091095,2.4788,1.0000000,1.0000,[],8
40.3765,42.0682,-30.5100,0.0902987,c1ccc(-c2c(-c3c4ccccc4c(-c4ccc5oc6ccc(-c7ccc8ccccc8c7)cc6c5c4)c4ccccc34)ccc3ccccc23)cc1,1,c1ccc(-c2c(-c3c4ccccc4c(-c4ccc5oc6ccc(-c7ccc8ccccc8c7)cc6c5c4)c4ccccc34)ccc3ccccc23)cc1,0.0850611,374.2085,0.1696455,0.1696,0.5991643,2.5611,1.0000000,1.0000,[],8
37.9943,44.9436,-44.9436,0.0000000,c12c(CCCC1)cc1c(nc(cc1)-c1ccc(cc1)N1c3c(-c4ccccc4C1)cccc3)cc2,0,,0.0000000,0.0000,0.0000000,0.0000,0.0000000,0.0000,0.0000000,0.0000,None,8
37.2975,43.0148,-43.0148,0.0000000,c1cccc(c1)Cn1c2c3c(nccc3)nc3c2c(nc(-c2ccccc2)c3-c2ccccc2)n1,0,,0.0000000,0.0000,0.0000000,0.0000,0.0000000,0.0000,0.0000000,0.0000,None,8
52.0188,52.4011,-51.9896,0.0032144,C=CCc1cc(-c2ccc(-c3nc4ccccc4o3)cc2)nc(-c2c(C=C)ccc3c2-c2ccccc2C3(C)C)n1,1,c1ccc2c(c1)Cc1cccc(-c3nccc(-c4ccc(-c5nc6ccccc6o5)cc4)n3)c1-2,0.0025323,335.1152,0.2009874,0.2010,0.5418335,3.0640,1.0000000,1.0000,[],8
28.7892,30.3605,57.3622,0.6853336,C(=Cc1ccccc1)N=c1ccccn1N=Cc1ccccc1,1,C(=Cc1ccccc1)N=c1ccccn1N=Cc1ccccc1,0.6887205,408.6223,0.6531629,0.6532,0.5828075,2.6995,1.0000000,1.0000,[],8
72.5576,81.1488,-80.0221,0.0088025,CCN(c1ccc(C2C3C=Cc4ccccc4C3c3ccccc3N2c2ccccc2)cc1)c1ccc(-c2ccc3ccccc3c2)c(-c2cc(-c3ccc4c(c3)c3ccccc3n4C)on2)c1,1,C1=CC2C(c3ccccc31)c1ccccc1N(c1ccccc1)C2c1ccc(Nc2ccc(-c3ccc4ccccc4c3)c(-c3cc(-c4ccc5[nH]c6ccccc6c5c4)on3)c2)cc1,0.0074237,346.8463,0.1524029,0.1524,0.3993474,4.5896,1.0000000,1.0000,[],8
30.0541,32.7282,-26.0739,0.0519868,CC(O)=Nc1ccc2c3c1ccc1cccc(c13)n2-c1ccccc1,1,c1ccc(-n2c3cccc4ccc5cccc2c5c43)cc1,0.0470199,367.3300,0.2418741,0.2419,0.6107516,2.4653,1.0000000,1.0000,[],8
38.3075,47.9155,-45.2181,0.0210737,CC(=O)N(c1ccccc1)c1cc(-c2ccccc2)cc(-c2cc3ccc(N(C)C)cc3o2)c1,1,c1ccc(Nc2cc(-c3ccccc3)cc(-c3cc4ccccc4o3)c2)cc1,0.0180909,356.6347,0.2801242,0.2801,0.6118273,2.4565,1.0000000,1.0000,[],8
54.7152,65.0049,-65.0049,0.0000000,N=c1ccc(O)c2c3ccc(c4nc(O)c5cccc6c(ccc3c56)c3ccc(N)cc34)c12,1,N=c1cccc2c3ccc(c4ncc5cccc6c(ccc3c56)c3ccccc34)c12,0.0000000,0.0000,0.0000000,0.0000,0.0000000,0.0000,0.0000000,0.0000,['[*;r{8-17}]'],8
52.1281,56.4326,-52.2028,0.0330459,Cc1c(Nc2ccc(S(=O)(=O)Nc3ccc(N(C)C)cc3)cc2)c(=O)n(Cc2cccc(C#N)c2)c2ccc(C(F)(F)F)cc12,1,O=c1c(Nc2ccc(S(=O)(=O)Nc3ccccc3)cc2)cc2ccccc2n1Cc1ccccc1,0.0294316,362.0447,0.1938805,0.1939,0.5700356,2.8103,1.0000000,1.0000,[],8
38.1819,46.7286,1.9261,0.3801147,CCCn1c(C=Cc2ccc3c(c2)C(CC)(CC)c2ccccc2-3)cc2ccc3ccccc3c21,1,C(=Cc1cc2ccc3ccccc3c2[nH]1)c1ccc2c(c1)Cc1ccccc1-2,0.3824078,394.7956,0.2401683,0.2402,0.5687714,2.8214,1.0000000,1.0000,[],8
41.9502,51.9181,58.7800,0.8648294,CCCCc1c(-c2ccc(OC)cc2)c2cc(-c3c4ccccc4c(C#N)c4nccnc34)ccc2c2ccccc12,1,c1ccc(-c2cc3ccccc3c3ccc(-c4c5ccccc5cc5nccnc45)cc23)cc1,0.9210997,426.6807,0.1547246,0.1547,0.5722936,2.7905,1.0000000,1.0000,[],8
61.5357,67.3595,15.3446,0.6461254,CC1(C)c2ccccc2-c2ccc(-c3c(N)c(-c4ccc(-c5cc(-c6ccncc6)c6ccccc6n5)cc4)nc4nc(-c5ccc6ccc7cccnc7c6n5)[nH]c34)cc21,1,c1ccc2c(c1)Cc1cc(-c3cc(-c4ccc(-c5cc(-c6ccncc6)c6ccccc6n5)cc4)nc4nc(-c5ccc6ccc7cccnc7c6n5)[nH]c34)ccc1-2,0.6782081,408.0947,0.1667582,0.1668,0.4931396,3.5348,1.0000000,1.0000,[],8
22.8308,27.8444,3.4912,0.2448100,COc1ccc2nc3c(cc2c1)c1ccccc1n3C,1,c1ccc2nc3[nH]c4ccccc4c3cc2c1,0.2340043,387.1249,0.5201254,0.5201,0.6747779,1.9669,1.0000000,1.0000,[],8
51.1068,62.7709,22.1583,0.6635098,Cc1cc(-c2cccc3ccccc23)ccc1N(c1ccccc1)c1ccccc1-c1cccc(NCc2ccc(-c3cccc4c3C(=O)c3ccccc3-4)cc2)c1,1,O=C1c2ccccc2-c2cccc(-c3ccc(CNc4cccc(-c5ccccc5N(c5ccccc5)c5ccc(-c6cccc7ccccc67)cc5)c4)cc3)c21,0.6967806,409.0335,0.1597116,0.1597,0.5499215,2.9899,1.0000000,1.0000,[],8
22.8033,23.9880,-21.0931,0.0226166,CNc1ccc(NCc2ccccn2)cc1,1,c1ccc(NCc2ccccn2)cc1,0.0187841,357.0506,0.8195828,0.8196,0.7013965,1.7734,1.0000000,1.0000,[],8
38.3698,44.0175,-44.0175,0.0000000,CCNC(=S)NN=Cc1ccccc1C=Cc1ccc(C=Cc2ccc(OC)cc2)cc1,1,C(=Cc1ccc(C=Cc2ccccc2)cc1)c1ccccc1,0.0000000,0.0000,0.0000000,0.0000,0.0000000,0.0000,0.0000000,0.0000,['[#7;!n][#7;!n]'],8
39.8936,44.6845,38.9275,0.6532187,O=Cc1ccsc1-c1cc2c(s1)-c1cccc[n+]1C(F)(F)C2(F)F,1,c1csc(-c2cc3c(s2)-c2cccc[n+]2CC3)c1,0.6707435,407.7256,0.3571408,0.3571,0.4594514,3.8886,1.0000000,1.0000,[],8
46.6307,54.7485,61.5270,0.9084020,Cc1cc2c(s1)-c1cc(-c3cc4c(cc3C)-c3sc(C=C(C#N)C#N)cc3C4=C(C#N)C#N)sc1C=CC2,1,C=C1c2cc(-c3cc4c(s3)C=CCc3ccsc3-4)ccc2-c2sccc21,0.9660127,483.6584,0.2093189,0.2093,0.4425966,4.0755,1.0000000,1.0000,[],8
62.0350,81.7875,-81.7875,0.0000000,C(C(C)C)n1c(OC)c(c2c1c(=O)[nH]1c([nH]c3c1ccc(-c1sc(C=Cc4sc(C=C(C#N)C#N)cc4)cc1)c3)n2)=O,0,,0.0000000,0.0000,0.0000000,0.0000,0.0000000,0.0000,0.0000000,0.0000,None,8
107.3718,125.3203,-125.3171,0.0000248,CCCCOc1ccc2c(c1)CC1=c3c(N(CCCC)CCCC)c(-c4ccccc4)c4c(c3=CC1=C2C=C(OCCC)c1ccc(N(C#N)c2ccccc2)cc1)CC(c1ccc(C=Cc2ccccc2)c(OCCCOC(CC)CCCC)c1)c1ccccc1C4,1,C(=Cc1ccc(Nc2ccccc2)cc1)C1=C2C=c3c4c(c(-c5ccccc5)cc3=C2Cc2ccccc21)Cc1ccccc1C(c1ccc(C=Cc2ccccc2)cc1)C4,0.0000166,639.4814,0.0136807,0.0137,0.3181702,5.7258,1.0000000,1.0000,[],8
52.7325,57.9333,49.3682,0.8382926,COc1cc(-c2c(OC)c(O)c3c(c2OC)C(=O)C2CN(c4ccc5c(c4)OCO5)CC2=C3)ccc1O,1,O=C1c2cc(-c3ccccc3)ccc2C=C2CN(c3ccc4c(c3)OCO4)CC12,0.8606299,419.7662,0.5288190,0.5288,0.4797771,3.6722,1.0000000,1.0000,[],8
49.0402,59.8333,-59.8333,0.0000000,c1(-c2cc(ccc2)-c2nc(-c3ccccc3)on2)ccc2c(c3-c(cc(=[N+](C)C)cc3)c(C(=O)NCCCCC)o2)c1,0,,0.0000000,0.0000,0.0000000,0.0000,0.0000000,0.0000,0.0000000,0.0000,None,9
32.8166,46.4998,75.8476,0.9558389,C[n+]1ccc(C=Cc2coc(-c3ccc(C=Cc4cc[n+](O)cc4)cc3)[n+]2C)cc1,1,C(=Cc1ccc(-c2[nH+]c(C=Cc3cc[nH+]cc3)co2)cc1)c1cc[nH+]cc1,0.9955832,458.8242,0.4133709,0.4134,0.4853349,3.6146,1.0000000,1.0000,[],9
50.2565,58.8161,-58.1740,0.0050159,CCc1ccc(-c2c(C=Cc3ccccc3)ccc(O)c2-c2ccccc2-c2ccccc2)c(-c2ccccc2)c1OCc1ccccc1,1,C(=Cc1cccc(-c2ccccc2-c2ccccc2)c1-c1cccc(OCc2ccccc2)c1-c1ccccc1)c1ccccc1,0.0040756,340.2991,0.1517256,0.1517,0.5776870,2.7436,1.0000000,1.0000,[],9
32.7799,34.6802,33.2709,0.5308675,COc1ccc(-c2ccn3c(=O)ccc(-c4ccc(Cl)cc4)c3c2)cc1,1,O=c1ccc(-c2ccccc2)c2cc(-c3ccccc3)ccn12,0.5296546,401.2894,0.4957102,0.4957,0.6558576,2.1091,1.0000000,1.0000,[],9
63.5995,71.1955,-71.1955,0.0000000,c1(C(=O)Nc2c(F)c(-c3cc4c(n(c5c6ccccc6n(c5=O)C)c4)cc3)ccc2)ccccc1-c1cc(N)cc(N2CCCCC2)c1,0,,0.0000000,0.0000,0.0000000,0.0000,0.0000000,0.0000,0.0000000,0.0000,None,9
28.4965,30.1334,-30.1334,0.0000000,CCCCCCCCCCC#CCCC#Cc1ccncc1,1,c1ccncc1,0.0000000,0.0000,0.0000000,0.0000,0.0000000,0.0000,0.0000000,0.0000,['C#C'],9
57.9130,75.4805,-75.4791,0.0000110,CC=c1c(=CC2=C(O)C(=CC=Cc3ccc4c(c3)N(CCCCCCCC)C(=Cc3cc(=O)oc5cc(N(CC)CC)ccc35)S4)C2=O)c2ccccc2n1-c1ccccc1,1,C=c1c(=CC2=CC(=CC=Cc3ccc4c(c3)NC(=Cc3cc(=O)oc5ccccc35)S4)C2=O)c2ccccc2n1-c1ccccc1,0.0000067,649.4210,0.0627324,0.0627,0.4503830,3.9883,1.0000000,1.0000,[],9
74.7758,89.1534,-89.1534,0.0000000,CCCCc1c2cc3cc(C=Cc4ccccc4)c(c4c3c1S(=O)(=O)C13C=CC=CC(=C4)C1c1cc(N(C)C)ccc1C3)C=C2,1,O=S1(=O)c2cc3cc4cc(C=Cc5ccccc5)c(c(c24)C=C2C=CC=CC14Cc1ccccc1C24)C=C3,0.0000000,0.0000,0.0000000,0.0000,0.0000000,0.0000,0.0000000,0.0000,['[*;r{8-17}]'],9
43.6153,54.1557,-54.1557,0.0000000,c1(ccc(s1)C#Cc1ccc(-c2ccc(cc2)OC)s1)-c1cc2-c3ccccc3N(CCCC)c3cccc1c32,0,,0.0000000,0.0000,0.0000000,0.0000,0.0000000,0.0000,0.0000000,0.0000,None,9
44.5584,55.1913,-52.0727,0.0243637,COc1ccc(C=Cc2ccccc2)cc1C=Cc1cc(C=Cc2cccc(C=Cc3cccc4ccccc34)c2O)c(O)c(OC)c1,1,C(=Cc1cccc(C=Cc2cccc(C=Cc3cccc(C=Cc4cccc5ccccc45)c3)c2)c1)c1ccccc1,0.0215516,358.5735,0.1482373,0.1482,0.5502166,2.9872,1.0000000,1.0000,[],9
25.8786,31.2327,-31.2327,0.0000000,CCC[n+]1ccccc1C=Cc1ccc(C(=O)OC)cc1,1,C(=Cc1cccc[nH+]1)c1ccccc1,0.0000000,0.0000,0.0000000,0.0000,0.0000000,0.0000,0.0000000,0.0000,"['C(=[O,S])[O,S]']",9
26.5373,35.4162,-30.4673,0.0386634,CC1(C)c2ccccc2-c2ccc(C=Cc3ccc(-c4ccc5c(c4)C(C)(C)c4ccccc4-5)cc3)cc21,1,C(=Cc1ccc2c(c1)Cc1ccccc1-2)c1ccc(-c2ccc3c(c2)Cc2ccccc2-3)cc1,0.0345113,363.8304,0.2216120,0.2216,0.6214944,2.3781,1.0000000,1.0000,[],9
69.5424,82.3352,26.7472,0.8522064,CCCCCCn1c(CCCC)c(O)c(-c2cc3ccc4c(c3s2)C(c2ccccc2)(c2ccccc2)c2ccccc2N4c2cccc(C=C=[N+]=[N-])c2)c1NCCCC,1,c1ccc(N2c3ccccc3C(c3ccccc3)(c3ccccc3)c3c2ccc2cc(-c4cc[nH]c4)sc32)cc1,0.9500650,431.9837,0.0416169,0.0416,0.4519109,3.9714,1.0000000,1.0000,[],9
41.3797,43.9072,-43.9072,0.0000000,c1ccc2c(n(c3ccc(-c4n5c6c(c7ccccc7n54)cccc6)cc32)c1)CC,0,,0.0000000,0.0000,0.0000000,0.0000,0.0000000,0.0000,0.0000000,0.0000,None,9
41.1768,58.6676,-15.9425,0.3337892,CCCCN(CCCC)c1ccc2ccc3ccc(NCc4cc(OCC)c(O)c(OCC)c4)c(O)c3c2c1,1,c1ccc(CNc2ccc3ccc4ccccc4c3c2)cc1,0.3415103,392.8714,0.1126431,0.1126,0.5746149,2.7703,1.0000000,1.0000,[],9
108.4540,116.1940,-116.1940,0.0000000,c1cc2N(C3(C)C(C)(C)C(C(Nc4ccc(cc4)-c4nc5c(o4)cccc5)=O)=C(c4ccc5-c6c5c(ccc6)c5cccc6c5c(C5=C(C65c5cccc5-c5c6cccc6)cccc5)c4c3F)c2cc1)c1ccccc1,0,,0.0000000,0.0000,0.0000000,0.0000,0.0000000,0.0000,0.0000000,0.0000,None,9
35.7479,40.7637,77.2773,0.9221953,c1ccc(-n2ccc3c4c(ccc32)c2ccccc2c2c3c5ccccc5c=3c3ccccc3oc24)cc1,1,c1ccc(-n2ccc3c4c(ccc32)c2ccccc2c2c3c5ccccc5c=3c3ccccc3oc24)cc1,0.9755349,440.0174,0.2125373,0.2125,0.5767127,2.7521,1.0000000,1.0000,[],9
68.3764,87.8567,-87.8567,0.0000000,CCCCCCCCc1c(C=Cc2ccc(-c3ccc(-c4ccc(C=C5C=Cc6ccc(s6)C(CCCCCCCC)N(CC(CC)CCCC)C5=O)s4)s3)cc2)sn1-c1ccc(-c2ccc3c(c2)C(C)(C)c2cc(N(c4ccccc4)c4ccccc4)ccc2-3)cc1,1,O=C1NCc2ccc(s2)C=CC1=Cc1ccc(-c2ccc(-c3ccc(C=Cc4cn(-c5ccc(-c6ccc7c(c6)Cc6cc(N(c8ccccc8)c8ccccc8)ccc6-7)cc5)s4)cc3)s2)s1,0.0000000,0.0000,0.0000000,0.0000,0.0000000,0.0000,0.0000000,0.0000,['[*;r{8-17}]'],9
33.4077,36.7764,-36.7201,0.0004400,COc1cc(C)cc(O)c1-[n+]1c(-c2ccccc2)[nH]c2ccccc21,1,c1ccc(-c2[nH]c3ccccc3[n+]2-c2ccccc2)cc1,0.0003018,311.9974,0.5545223,0.5545,0.5844659,2.6853,1.0000000,1.0000,[],9
44.1834,52.7290,-52.3225,0.0031760,CCCCCCCCn1c2ccccc2c2ccc(-c3c(C(=O)NCc4ccccc4)ccn3C3CCCCC3)cc21,1,O=C(NCc1ccccc1)c1ccn(C2CCCCC2)c1-c1ccc2c(c1)[nH]c1ccccc12,0.0025184,335.0556,0.1517774,0.1518,0.5864708,2.6682,1.0000000,1.0000,[],9
59.0284,60.3262,-60.3262,0.0000000,C(CCCCCCCCCCCC)CCCCCN1C(=O)C(N(N=1)C#N)=CC=Cc1[n+](CCCCCCCCCCCCCCCCCC)c(-c2ccccc2)c([nH]1)-c1ccccc1,0,,0.0000000,0.0000,0.0000000,0.0000,0.0000000,0.0000,0.0000000,0.0000,None,9
32.4128,40.7070,19.0068,0.4665141,COc1ccc(-c2cc(C=Cc3ccc(C=Cc4ccccc4)s3)ccc2-c2ccccc2)cc1,1,C(=Cc1ccc(C=Cc2ccc(-c3ccccc3)c(-c3ccccc3)c2)s1)c1ccccc1,0.4740889,398.8737,0.2300917,0.2301,0.6266827,2.3366,1.0000000,1.0000,[],9
47.9455,58.2220,-58.2220,0.0000000,CCCCN1c2ccccc2C(c2ccccc2)=Cc2onc(N)c2C1NC1CCOCC1,1,C1=C(c2ccccc2)c2ccccc2NC(NC2CCOCC2)c2cnoc21,0.0000000,0.0000,0.0000000,0.0000,0.0000000,0.0000,0.0000000,0.0000,['[*;r{8-17}]'],9
45.0478,51.6869,-51.6869,0.0000000,c1cccc2C(c3c(-c21)cc(C=Cc1c2c(cc(N)c4ccccc42)ccc1)ccc3S)c1ccccc1,0,,0.0000000,0.0000,0.0000000,0.0000,0.0000000,0.0000,0.0000000,0.0000,None,9
68.8834,75.9345,-75.9345,0.0000000,CN(C)CCCn1c2cc3c1=C(C=C(N(c1ccccc1)c1ccccc1)C=2)CC3(C)c1[nH]c2cc(C(=O)NCCN3CCCCC3)ccc2c1-c1ccc(F)cc1,1,O=C(NCCN1CCCCC1)c1ccc2c(-c3ccccc3)c(C3CC4=c5[nH]c(cc53)=CC(N(c3ccccc3)c3ccccc3)=C4)[nH]c2c1,0.0000000,0.0000,0.1241154,0.1241,0.3788473,4.8531,1.0000000,1.0000,[],9
25.5629,25.6671,-25.6671,0.0000000,CCCCCCCCCC(=O)OCC[N+](C)(C)CCCCCC,1,,0.0000000,0.0000,0.0000000,0.0000,0.0000000,0.0000,0.0000000,0.0000,"['C(=[O,S])[O,S]']",9
61.0442,74.0547,-74.0547,0.0000000,C(#Cc1cc(-c2ccccc2)c(C#Cc2ccccc2)c2c(C#Cc3[nH]c(C=Cc4ccccc4Sc4ccccc4)nc3Oc3ccccc3)cccc12)c1ccccc1,1,C(#Cc1cc(-c2ccccc2)c(C#Cc2ccccc2)c2c(C#Cc3[nH]c(C=Cc4ccccc4Sc4ccccc4)nc3Oc3ccccc3)cccc12)c1ccccc1,0.0000000,0.0000,0.0000000,0.0000,0.0000000,0.0000,0.0000000,0.0000,['C#C'],9
35.3129,42.5170,3.3592,0.3584072,CCCCN(C)c1ccc(C(=O)N=c2ccc3ccc(-c4ccc(O)cc4)cc3o2)cc1,1,O=C(N=c1ccc2ccc(-c3ccccc3)cc2o1)c1ccccc1,0.3527656,393.4106,0.4242037,0.4242,0.5913999,2.6263,1.0000000,1.0000,[],9
98.3816,119.6707,-7.5223,0.8761595,CCCCCCNc1nn(CCC)c2c(-c3nnc(C(C)(C)c4ccc5c(c4)N(CCCC)c4ccccc4S5)o3)cc(-c3ccc(C=C4C(=O)CCCC(c5nc6ccccc6[nH]5)=C4C=Cc4ccccc4)o3)cc12,1,O=C1CCCC(c2nc3ccccc3[nH]2)=C(C=Cc2ccccc2)C1=Cc1ccc(-c2cc(-c3nnc(Cc4ccc5c(c4)Nc4ccccc4S5)o3)c3[nH]ncc3c2)o1,0.9689483,437.3554,0.0596118,0.0596,0.4138858,4.4108,1.0000000,1.0000,[],9
57.7713,67.2911,51.5962,0.9288068,N#Cc1c(N)nc2nonc2c1-c1ccc(C=Cc2ccc3c4c(C#N)c(N(c5ccccc5)c5ccccc5)cc(C#N)c4n(-c4ccccc4)c3c2)cc1,1,C(=Cc1ccc2c3cc(N(c4ccccc4)c4ccccc4)ccc3n(-c3ccccc3)c2c1)c1ccc(-c2ccnc3nonc23)cc1,0.9956235,458.9241,0.1581091,0.1581,0.4878822,3.5884,1.0000000,1.0000,[],9
20.4705,26.0120,-26.0120,0.0000000,c1c2oc3cc(N(C)C)ccc3c(-c3ccccc3)c2ccc1,0,,0.0000000,0.0000,0.0000000,0.0000,0.0000000,0.0000,0.0000000,0.0000,None,9
17.9398,26.9484,92.1804,0.9306937,N#CC(=Cc1ccc(N(c2ccccc2)c2ccccc2)cc1)c1ccc([N+](=O)[O-])cc1,1,C(=Cc1ccc(N(c2ccccc2)c2ccccc2)cc1)c1ccccc1,0.9948414,462.8695,0.1447792,0.1448,0.6396933,2.2338,1.0000000,1.0000,[],9
21.7655,23.4999,-23.3809,0.0009301,BrC1CCOc2ccccc21,1,c1ccc2c(c1)CCCO2,0.0006622,320.5326,0.6017738,0.6018,0.5746829,2.7697,1.0000000,1.0000,[],9
22.9130,24.0064,-23.3362,0.0052365,COc1ccc(-c2ccc(C=O)cc2OC)cc1,1,c1ccc(-c2ccccc2)cc1,0.0040327,340.1837,0.7723047,0.7723,0.7160326,1.6701,1.0000000,1.0000,[],9
31.4636,43.9126,-41.5741,0.0182696,CN(CCO)c1ccc(C=Cc2cccc(-c3cc(Nc4ccccc4)c4ccccc4n3)c2)cc1,1,C(=Cc1cccc(-c2cc(Nc3ccccc3)c3ccccc3n2)c1)c1ccccc1,0.0156492,355.0335,0.2341615,0.2342,0.6220737,2.3735,1.0000000,1.0000,[],9
39.4112,46.5957,-46.5957,0.0000000,CC1(C)c2ccccc2N(c2ccc(C3=CC(=C(C#N)C#N)c4cc(-c5ccc(C(=O)O)cc5)ccc43)cc2)c2ccccc21,1,C=C1C=C(c2ccc(N3c4ccccc4Cc4ccccc43)cc2)c2ccc(-c3ccccc3)cc21,0.0000000,0.0000,0.0000000,0.0000,0.0000000,0.0000,0.0000000,0.0000,"['C(=[O,S])[O,S]']",9
31.9123,37.3633,-25.9347,0.0892865,CCn1c2ccccc2c2ccc(C(=O)c3ccnn3-c3ccccc3)cc21,1,O=C(c1ccc2c(c1)[nH]c1ccccc12)c1ccnn1-c1ccccc1,0.0816436,373.7228,0.4091266,0.4091,0.6385616,2.2427,1.0000000,1.0000,[],9
39.0014,43.9138,-43.7215,0.0015022,CCCCCCCCCCCCC(CCCn1c(=N)sc2ccccc21)n1c2ccccc2c2ccccc21,1,N=c1sc2ccccc2n1CCCCn1c2ccccc2c2ccccc21,0.0011558,326.5848,0.1210031,0.1210,0.5301200,3.1733,1.0000000,1.0000,[],9
54.1931,58.2696,36.8916,0.7434468,CCN(CC)c1c(C)ccc2c1c(-c1ccccc1)cc1sc3cc(O)c(C(F)(F)F)cc3c(=O)c12,1,O=c1c2ccccc2sc2cc(-c3ccccc3)c3ccccc3c12,0.7801523,413.7514,0.1972880,0.1973,0.5512197,2.9781,1.0000000,1.0000,[],9
54.3424,58.4265,-58.4016,0.0001944,CC(C)(C)c1cc(O)c(-c2cn(C(c3ccccc3)c3ccccc3)c(-c3c(O)ccc(C(C)(C)C)c3C(C)(C)C)n2)c(Cc2ccccc2)c1,1,c1ccc(Cc2ccccc2-c2cn(C(c3ccccc3)c3ccccc3)c(-c3ccccc3)n2)cc1,0.0001328,303.0797,0.1769027,0.1769,0.5199556,3.2701,1.0000000,1.0000,[],9
20.1345,28.8948,83.2630,0.8762330,CN(C)c1ccc2nc(C=Cc3ccc(N(c4ccccc4)c4ccccc4)cc3)sc2c1,1,C(=Cc1nc2ccccc2s1)c1ccc(N(c2ccccc2)c2ccccc2)cc1,0.9168944,426.0672,0.2627661,0.2628,0.6186682,2.4009,1.0000000,1.0000,[],9
21.3334,24.2781,-15.0209,0.0723219,O=C(C=Cc1cc(O)ccc1O)c1ccc(O)cc1,1,O=C(C=Cc1ccccc1)c1ccccc1,0.0651781,371.0843,0.4479890,0.4480,0.6557842,2.1096,1.0000000,1.0000,[],9
52.7219,62.5523,-62.5523,0.0000000,O=c1c2c(-c3ccc(N(c4ccccc4)c4ccccc4)cc3)c3cc4c1c(ccc(c1cc(N5CCCCC5)ccc13)-c1ccccc1-2)CC4,1,O=c1c2c(-c3ccc(N(c4ccccc4)c4ccccc4)cc3)c3cc4c1c(ccc(c1cc(N5CCCCC5)ccc13)-c1ccccc1-2)CC4,0.0000000,0.0000,0.0000000,0.0000,0.0000000,0.0000,0.0000000,0.0000,['[*;r{8-17}]'],9
30.8767,31.0815,-31.0023,0.0006192,c1ccc2c(-n3c4ccccc4n4c5ccccc5nc34)cccc2c1,1,c1ccc2c(-n3c4ccccc4n4c5ccccc5nc34)cccc2c1,0.0004366,316.0056,0.3846572,0.3847,0.6487955,2.1632,1.0000000,1.0000,[],9
86.4818,91.1848,-91.1848,0.0000000,O=CC1(O)C2=CC=C(C3=C(C(F)(F)F)C=NC(=N2)N3)c2ccc(cc2)-c2cccc3c2-c2ccccc2C3Oc2ccccc2N1CCCCl,1,C1=NC2=NC3=CC=C(C(=C1)N2)c1ccc(cc1)-c1cccc2c1-c1ccccc1C2Oc1ccccc1NC3,0.0000000,0.0000,0.0000000,0.0000,0.0000000,0.0000,0.0000000,0.0000,['[*;r{8-17}]'],9
74.7834,82.5593,34.1528,0.9118131,C1=CC2C3=C(C=CC2C=C1c1ccccc1)Nc1ccc(-c2ccc(-c4cccc5c(-c6cccc7sc8ccccc8c67)c(-c6ccc(-n7c8ccccc8c8ccccc87)cc6)ccc45)cc2)cc1C=C3,1,C1=CC2C3=C(C=CC2C=C1c1ccccc1)Nc1ccc(-c2ccc(-c4cccc5c(-c6cccc7sc8ccccc8c67)c(-c6ccc(-n7c8ccccc8c8ccccc87)cc6)ccc45)cc2)cc1C=C3,0.9775820,440.9889,0.1757501,0.1758,0.3941589,4.6550,1.0000000,1.0000,[],9
35.7876,52.6656,-52.6656,0.0000000,CCCCCCCCn1c(-c2ccc(N(c3ccccc3)c3ccccc3)cc2)nc2c(-c3ccc(C(=O)O)cc3)ccc(Oc3ccccc3)c21,1,c1ccc(Oc2ccc(-c3ccccc3)c3nc(-c4ccc(N(c5ccccc5)c5ccccc5)cc4)[nH]c23)cc1,0.0000000,0.0000,0.0000000,0.0000,0.0000000,0.0000,0.0000000,0.0000,"['C(=[O,S])[O,S]']",9
76.0028,83.3915,-83.3915,0.0000000,CC(C)(C)c1c2c(c3CCCN4c3c(c2)OC(=C1)C=C4)-c1ncn2c3ccccc3c(cc21)-c1ccc2oc3ccc4c(c3c2c1)ccc(c4)C(C)(C)C,0,,0.0000000,0.0000,0.0000000,0.0000,0.0000000,0.0000,0.0000000,0.0000,None,9
51.3391,68.4096,-68.4096,0.0000000,C(Cc1cc2n(c1CC=C1C=Cc3c(cccc3)N1CCCC)c1ccccc1c2N(c1ccccc1)c1ccccc1)=C(C#N)c1ccccc1,0,,0.0000000,0.0000,0.0000000,0.0000,0.0000000,0.0000,0.0000000,0.0000,None,9
40.6397,44.6140,-44.6140,0.0000000,C1CC(=O)c2c3N1c1c(cccc1)-c1c-2ccc2cccc(c12)c3,0,,0.0000000,0.0000,0.0000000,0.0000,0.0000000,0.0000,0.0000000,0.0000,None,9
28.4894,34.4892,81.4557,0.9058195,c1ccc(-c2nn3cc4c(-c5ccc(N(c6ccccc6)c6ccccc6)cc5)cccc4nc3c2-c2ccccc2)cc1,1,c1ccc(-c2nn3cc4c(-c5ccc(N(c6ccccc6)c6ccccc6)cc5)cccc4nc3c2-c2ccccc2)cc1,0.9582037,434.0080,0.2014240,0.2014,0.5979562,2.5712,1.0000000,1.0000,[],9
34.2874,36.9355,55.1735,0.7196019,O=C1C=C(O)C(=COc2ccc(O)cc2)C=C1c1ccccc1,1,O=C1C=CC(=COc2ccccc2)C=C1c1ccccc1,0.7189562,410.1982,0.8472637,0.8473,0.5877891,2.6569,1.0000000,1.0000,[],9
28.7665,30.1498,-30.1206,0.0002286,CC1=CC(C)(C)Nc2nc3cc(F)ccc3n21,1,C1=Cn2c(nc3ccccc32)NC1,0.0001502,304.4194,0.7539320,0.7539,0.5495319,2.9934,1.0000000,1.0000,[],9
43.2784,55.6181,50.3263,0.8276904,N#Cc1ccc2c(c1)c1cc(-c3ccc(C=C(c4ccccc4)c4ccccc4)cc3)sc1c1sc(-c3ccc(-c4ccc([N+](=O)[O-])o4)cc3)cc21,1,C(=C(c1ccccc1)c1ccccc1)c1ccc(-c2cc3c4ccccc4c4cc(-c5ccc(-c6ccco6)cc5)sc4c3s2)cc1,0.8948821,423.2522,0.0938432,0.0938,0.5320044,3.1555,1.0000000,1.0000,[],9
46.8152,50.9728,-42.7078,0.0645700,C1=Cc2c(c3cc(-c4nc5ccccn5c4-c4cc5ccccc5[nH]4)cc(-c4ccccc4)c3c3ccccc23)C1,1,C1=Cc2c(c3cc(-c4nc5ccccn5c4-c4cc5ccccc5[nH]4)cc(-c4ccccc4)c3c3ccccc23)C1,0.0593058,369.9912,0.2297841,0.2298,0.5463504,3.0225,1.0000000,1.0000,[],9
33.6750,34.4724,-3.4591,0.2422919,CN[n+]1ccc(-c2cc[n+](C)cc2C(C)(C)C)cc1,1,c1cc(-c2cc[nH+]cc2)cc[nH+]1,0.2296113,386.8571,0.8150426,0.8150,0.5046522,3.4194,1.0000000,1.0000,[],9
44.8991,53.5728,18.2356,0.5610033,CN(CCO)c1ccc(-c2sc(S(C)(=O)=O)c(C#N)c2NC(=O)c2cc([N+](=O)[O-])cc([N+](=O)[O-])c2)cc1,1,O=C(Nc1ccsc1-c1ccccc1)c1ccccc1,0.5727574,403.1824,0.2973441,0.2973,0.5429668,3.0535,1.0000000,1.0000,[],9
31.6488,39.8698,-35.2764,0.0358859,COc1ccc2nc(-c3ccc(C=Cc4nn[nH]n4)cc3)nc(-c3ccccc3)c2c1,1,C(=Cc1nn[nH]n1)c1ccc(-c2nc(-c3ccccc3)c3ccccc3n2)cc1,0.0311978,362.6972,0.4567189,0.4567,0.6106747,2.4660,1.0000000,1.0000,[],9
28.6852,31.3351,-20.9083,0.0814597,Nc1cc(O)c2ncc(S(=O)(=O)O)cc2c1,1,c1ccc2ncccc2c1,0.0737727,372.5294,0.5008053,0.5008,0.5923887,2.6180,1.0000000,1.0000,[],9
49.7618,58.2478,-58.2478,0.0000000,c12ccccc1sc(-c1nc3ccc(cc3[nH]1)NC(=O)c1c3c(ccc(C#N)c3)n3c(c1=O)cccc3)c2,0,,0.0000000,0.0000,0.0000000,0.0000,0.0000000,0.0000,0.0000000,0.0000,None,9
60.3332,66.1104,-66.1104,0.0000000,Cc1cc(-c2ccc(N3CCCCC3)cc2)sc1-c1cc(C(O)C(O)CO)c(O)c(C=CC(=O)OCC2CO2)c1C,1,O=C(C=Cc1cccc(-c2ccc(-c3ccc(N4CCCCC4)cc3)s2)c1)OCC1CO1,0.0000000,0.0000,0.0000000,0.0000,0.0000000,0.0000,0.0000000,0.0000,"['C(=[O,S])[O,S]']",9
42.8662,44.9119,-44.8919,0.0001560,CC(c1nc(-c2c(Cl)cccc2Cl)oc1-c1ccccc1)n1c(-c2ccc(C(F)(F)F)cc2)nc2ccccc21,1,c1ccc(-c2nc(Cn3c(-c4ccccc4)nc4ccccc43)c(-c3ccccc3)o2)cc1,0.0001048,300.5124,0.2045567,0.2046,0.5242754,3.2287,1.0000000,1.0000,[],9
48.4246,54.8535,-54.8535,0.0000000,c1cnc(-n2c3c(cc(-n4c5c(c6ccccc64)cccc5)c4ccccc24)ccc(-c2ccc4c5c6c(ccc4c2)ccc6ccc5)c3)cc1,0,,0.0000000,0.0000,0.0000000,0.0000,0.0000000,0.0000,0.0000000,0.0000,None,9
25.5886,25.7556,-25.7556,0.0000000,CC(=O)Nc1ccc(C(=O)Nc2ccccc2C(=O)O)cc1,1,O=C(Nc1ccccc1)c1ccccc1,0.0000000,0.0000,0.0000000,0.0000,0.0000000,0.0000,0.0000000,0.0000,"['C(=[O,S])[O,S]']",9
76.0025,92.9990,-92.9990,0.0000000,CCCCn1c(-c2ccc3c(c2)C(C)(C)c2cc(-c4ccc(-c5cc(C6=C(C#N)C(C=C(C#N)C(=O)O)=CC6=[N+]=[N-])cc(N(c6ccccc6)c6ccc(-c7ccccc7)cc6)c5)s4)ccc2-3)nc2ccccc21,1,[N+]=C1C=CC=C1c1cc(-c2ccc(-c3ccc4c(c3)Cc3cc(-c5nc6ccccc6[nH]5)ccc3-4)s2)cc(N(c2ccccc2)c2ccc(-c3ccccc3)cc2)c1,0.0000000,0.0000,0.0000000,0.0000,0.0000000,0.0000,0.0000000,0.0000,"['C(=[O,S])[O,S]']",10
50.8003,62.9313,43.2537,0.8295703,CCOc1ccc(-c2ccc(C=Cc3cc4c(c5nsnc35)N(c3ccccc3)c3ccccc3S4)cc2)c2ccc(S(=O)(=O)c3ccc(C)cc3)cc12,1,O=S(=O)(c1ccccc1)c1ccc2c(-c3ccc(C=Cc4cc5c(c6nsnc46)N(c4ccccc4)c4ccccc4S5)cc3)cccc2c1,0.8858463,497.7533,0.1428352,0.1428,0.5139069,3.3286,1.0000000,1.0000,[],10
30.8535,35.2459,-34.1655,0.0084402,c1ccc(N(c2ccc(-c3ccc(-c4cccc5c4oc4ccccc45)c4ccccc34)cc2)c2ccc3oc4ccccc4c3c2)cc1,1,c1ccc(N(c2ccc(-c3ccc(-c4cccc5c4oc4ccccc45)c4ccccc34)cc2)c2ccc3oc4ccccc4c3c2)cc1,0.0069954,346.1965,0.1901204,0.1901,0.5895488,2.6420,1.0000000,1.0000,[],10
44.2823,54.3517,-52.8265,0.0119162,CC1(C)c2ccccc2-c2ccc3cc(C=c4cc(N5CCCC5)c(=CC=Cc5ccccc5)s4)ccc3c21,1,C(=Cc1ccccc1)C=c1sc(=Cc2ccc3c4c(ccc3c2)-c2ccccc2C4)cc1N1CCCC1,0.0100170,569.8723,0.2298361,0.2298,0.5367216,3.1114,1.0000000,1.0000,[],10
30.8059,33.3185,-33.0230,0.0023079,Cc1cc(N(C)c2cccs2)cc(=O)[nH]1,1,O=c1cc(Nc2cccs2)cc[nH]1,0.0017065,330.8214,0.8437927,0.8438,0.5575562,2.9210,1.0000000,1.0000,[],10
36.5591,46.0280,-22.2133,0.1860521,c1ccc(-c2ccc(N(c3ccccc3)c3ccc(-c4ccc5c(c4)Cc4c-5ccc5c(-c6ccccc6)c(-c6ccccc6)c6ccccc6c45)cc3)cc2)cc1,1,c1ccc(-c2ccc(N(c3ccccc3)c3ccc(-c4ccc5c(c4)Cc4c-5ccc5c(-c6ccccc6)c(-c6ccccc6)c6ccccc6c45)cc3)cc2)cc1,0.1830069,383.7562,0.1472573,0.1473,0.5786393,2.7354,1.0000000,1.0000,[],10
67.6470,83.4184,-83.4184,0.0000000,Cc1c(C=Cc2ccc(-c3ccc(C=C(C#N)C(=O)O)cc3)s2)sc(-c2c3ccccc3c[n+]3cc(-c4ccc5cc6cc7c(cc6cc5c4)-c4ccccc4C7(C)C)ccc23)c1C,1,C(=Cc1ccc(-c2c3ccccc3c[n+]3cc(-c4ccc5cc6cc7c(cc6cc5c4)-c4ccccc4C7)ccc23)s1)c1ccc(-c2ccccc2)s1,0.0000000,0.0000,0.0000000,0.0000,0.0000000,0.0000,0.0000000,0.0000,"['C(=[O,S])[O,S]']",10
32.2855,37.3694,-32.9245,0.0347259,c1ccc(Nc2ccc(N(c3ccc(-c4ccccc4)cc3)c3ccc(-c4cccc5cc(N(c6ccccc6)c6ccccc6)ccc45)cc3)cc2)cc1,1,c1ccc(Nc2ccc(N(c3ccc(-c4ccccc4)cc3)c3ccc(-c4cccc5cc(N(c6ccccc6)c6ccccc6)ccc45)cc3)cc2)cc1,0.0312002,362.6981,0.1527994,0.1528,0.6081750,2.4865,1.0000000,1.0000,[],10
35.5792,43.2279,-43.2279,0.0000000,COC(=O)c1[nH]c(-c2cccc(OC)c2)c(-c2ccccc2)c1-c1ccc(N(c2ccccc2)c2ccccc2)cc1,1,c1ccc(-c2[nH]cc(-c3ccc(N(c4ccccc4)c4ccccc4)cc3)c2-c2ccccc2)cc1,0.0000000,0.0000,0.0000000,0.0000,0.0000000,0.0000,0.0000000,0.0000,"['C(=[O,S])[O,S]']",10
60.9777,69.4743,28.9151,0.7686668,CCCCCCOc1cc(-c2sc(-c3ccc(N(c4ccccc4)c4ccc5oc6ccccc6c5c4)c(C)c3)c(CCCCCC)c2C=C(C#N)c2ccccn2)ccc1OCCCCC,1,C(=Cc1cc(-c2ccc(N(c3ccccc3)c3ccc4oc5ccccc5c4c3)cc2)sc1-c1ccccc1)c1ccccn1,0.8480921,418.6716,0.0470314,0.0470,0.4756420,3.7154,1.0000000,1.0000,[],10
25.1169,27.1092,87.9222,0.8986825,O=C1c2ccc(Cl)cc2C(=O)c2cc(O)c(O)cc21,1,O=C1c2ccccc2C(=O)c2ccccc21,0.9156242,425.8875,0.6178413,0.6178,0.6492770,2.1595,1.0000000,1.0000,[],10
34.6970,36.8696,-35.0756,0.0140151,C1=Cc2cccc3cccc(c23)-c2ccc(-c3ccc(-c4ccccc4)c4cc(-c5ccccc5)ccc34)cc21,1,C1=Cc2cccc3cccc(c23)-c2ccc(-c3ccc(-c4ccccc4)c4cc(-c5ccccc5)ccc34)cc21,0.0118607,351.9823,0.2234746,0.2235,0.6104773,2.4676,1.0000000,1.0000,[],10
61.2825,81.0600,-81.0600,0.0000000,CCCCCCCCCCCCN1c2ccc(S(=O)(=C(C)C(C#N)=Cc3ccc(C=C(C#N)C(=O)O)s3)c3ccc(-c4ccc(N(c5ccccc5)c5ccccc5)cc4)cc3)cc2C(c2ccc(O)cc2)=CC1(C)C,1,O=S(=CC=Cc1cccs1)(c1ccc(-c2ccc(N(c3ccccc3)c3ccccc3)cc2)cc1)c1ccc2c(c1)C(c1ccccc1)=CCN2,0.0000000,0.0000,0.0000000,0.0000,0.0000000,0.0000,0.0000000,0.0000,"['C(=[O,S])[O,S]']",10
19.0105,23.1099,-23.0918,0.0001419,N#Cc1ccc(N)c(N)c1,1,c1ccccc1,0.0000918,299.0669,0.5118458,0.5118,0.6427513,2.2100,1.0000000,1.0000,[],10
36.3445,38.9713,-37.8357,0.0088718,COc1cccc(-c2[nH]c3ccc(C(=O)Nc4c(Cl)cccc4Cl)cc3c2O)c1,1,O=C(Nc1ccccc1)c1ccc2[nH]c(-c3ccccc3)cc2c1,0.0072087,346.5250,0.3680597,0.3681,0.6360583,2.2623,1.0000000,1.0000,[],10
25.9060,28.4574,-27.0464,0.0110239,Oc1ccc2c(c1)c1ccccc1n2-c1ccc(-c2ccccc2)cc1,1,c1ccc(-c2ccc(-n3c4ccccc4c4ccccc43)cc2)cc1,0.0090118,348.9686,0.4106869,0.4107,0.6964530,1.8088,1.0000000,1.0000,[],10
53.0386,68.3170,-68.3170,0.0000000,c1(ccc2c(c3c(cc4sc5c(oc(-c6ccc(-c7cccs7)cc6)c5)c4)cc3s2)c1)-c1sc(cc1)-c1ccc2c(N(c3ccccc3)c3ccccc3S2)c1,0,,0.0000000,0.0000,0.0000000,0.0000,0.0000000,0.0000,0.0000000,0.0000,None,10
45.4877,55.5088,34.3367,0.7019183,COc1ccc2ccccc2c1-c1nc2nc(C=Cc3ccc(N(c4ccccc4)c4ccccc4)cc3)n(-c3ccccc3)c2c2c(OC)cccc12,1,C(=Cc1nc2nc(-c3cccc4ccccc34)c3ccccc3c2n1-c1ccccc1)c1ccc(N(c2ccccc2)c2ccccc2)cc1,0.7411656,411.4223,0.1500074,0.1500,0.5360230,3.1179,1.0000000,1.0000,[],10
50.3081,56.0667,-5.5304,0.3948149,CCc1scc(-c2ccc(C=CC3=Nc4ccc5ccccc5c4C3(C)C)c(F)c2F)c1C,1,C(=Cc1ccc(-c2ccsc2)cc1)C1=Nc2ccc3ccccc3c2C1,0.3962848,395.4294,0.2902860,0.2903,0.5249148,3.2226,1.0000000,1.0000,[],10
66.5745,83.0647,-56.8499,0.2048037,CC1C=c2c(-c3ccc(-c4ccc(-c5ccc(N(c6ccccc6)c6ccccc6)cc5)o4)cc3)ccc(N=c3c4cccc(N=Cc5c(-c6ccccc6)nn(-c6ccccc6)c5-c5ccccc5)c34)c2=CC1,1,C(=Nc1cccc2c(=Nc3ccc(-c4ccc(-c5ccc(-c6ccc(N(c7ccccc7)c7ccccc7)cc6)o5)cc4)c4c3=CCCC=4)c12)c1c(-c2ccccc2)nn(-c2ccccc2)c1-c1ccccc1,0.2055980,534.6755,0.1146718,0.1147,0.4067361,4.4980,1.0000000,1.0000,[],10
57.3980,71.4167,-71.4167,0.0000000,c1(C=C(C(OCCCCCC)=O)C#N)c2c([o+]c(-c3ccccc3)c1=Cc1c3c(c(Nc4ccccc4)cc1)ccc(N(c1ccccc1)c1ccccc1)c3)cccc2,0,,0.0000000,0.0000,0.0000000,0.0000,0.0000000,0.0000,0.0000000,0.0000,None,10
27.2206,34.8864,-34.8864,0.0000000,Cc1ccc(N(c2ccc(-c3ccc(N(c4ccccc4)c4ccccc4)cc3)cc2)c2cccc(C=C(C#N)C(=O)O)c2)cc1,1,c1ccc(N(c2ccccc2)c2ccc(-c3ccc(N(c4ccccc4)c4ccccc4)cc3)cc2)cc1,0.0000000,0.0000,0.0000000,0.0000,0.0000000,0.0000,0.0000000,0.0000,"['C(=[O,S])[O,S]']",10
28.9843,35.8031,-35.8031,0.0000000,CCCCCCOc1ccc(N(c2ccc(OC)cc2)c2ccc(-c3ccc(C=C(C#N)C(=O)OCC)cc3)cc2)cc1,1,c1ccc(-c2ccc(N(c3ccccc3)c3ccccc3)cc2)cc1,0.0000000,0.0000,0.0000000,0.0000,0.0000000,0.0000,0.0000000,0.0000,"['C(=[O,S])[O,S]']",10
30.2220,43.9904,35.4678,0.6207675,COc1ccc(NCC(C=Cc2ccc(N(C)CCO)cc2)=C(c2ccccc2)c2ccccc2)cc1,1,C(=Cc1ccccc1)C(CNc1ccccc1)=C(c1ccccc1)c1ccccc1,0.6411386,406.3006,0.2283101,0.2283,0.6004075,2.5507,1.0000000,1.0000,[],10
51.3503,54.5204,9.2861,0.4984879,COc1ccccc1-c1c(N)nn2c(-c3cccc(C)c3)c3cccc(Cl)c3c2c1O,1,c1ccc(-c2cnn3c(-c4ccccc4)c4ccccc4c3c2)cc1,0.5018755,400.0815,0.3642425,0.3642,0.5785455,2.7362,1.0000000,1.0000,[],10
52.5084,57.6079,44.4763,0.7975333,CCCCCCCCC1=C(OC)c2cc(O)c3c(c2CN1C1CCC(=O)NC1=O)COC(C)=C3,1,O=C1CCC(N2C=Cc3ccc4c(c3C2)COC=C4)C(=O)N1,0.8253433,416.8612,0.3930105,0.3930,0.4525748,3.9640,1.0000000,1.0000,[],10
34.4674,41.7411,-38.9830,0.0215478,COc1cccc(NC(C)c2ccc(-c3cc(-c4ccccc4)cc(=O)[nH]3)cc2)c1,1,O=c1cc(-c2ccccc2)cc(-c2ccc(CNc3ccccc3)cc2)[nH]1,0.0182857,356.7531,0.4271603,0.4272,0.5942916,2.6019,1.0000000,1.0000,[],10
52.0755,67.6129,-67.6129,0.0000000,c1(C=Nc2ccc(C#Cc3ccc4c(c3)C(C)=C(c3cc(OC)ccc3O)C5(C)C)cc4ccc2)ccccc1,0,,0.0000000,0.0000,0.0000000,0.0000,0.0000000,0.0000,0.0000000,0.0000,None,10
46.9761,54.2001,-54.2001,0.0000000,c1(cc2C3(c4cc(-c5ccccc5)ccc4-c4c2cccc4)c2c(-c3c1)ccc(-c1ccc(cc1C)-c1ccccc1)c2)-c1ccc(-c2ccc(N(c3ccccc3)c3ccccc3)cc2)cc1,0,,0.0000000,0.0000,0.0000000,0.0000,0.0000000,0.0000,0.0000000,0.0000,None,10
48.1297,54.2160,47.3884,0.7937841,Cn1c2c(c3ccccc31)C(c1ccc3c4cc(-c5ccccc5)ccc4n(-c4ccccc4-c4ccccc4)c3c1)=Cc1ccc-2o1,1,C1=C(c2ccc3c4cc(-c5ccccc5)ccc4n(-c4ccccc4-c4ccccc4)c3c2)c2c([nH]c3ccccc23)-c2ccc1o2,0.8390861,417.9303,0.1933815,0.1934,0.4728113,3.7453,1.0000000,1.0000,[],10
78.3575,88.7293,-88.7293,0.0000000,O(CCCC)c1cc2c(cc1)c(-c1cc(c(c(C(O)=O)c1)OCCCCC)-c1c3-c(c4cc(OCCCC)c(N)c5c4c1ccc5)cccc3OCCCC)cc(c2)-c1ccc(OC)cc1,0,,0.0000000,0.0000,0.0000000,0.0000,0.0000000,0.0000,0.0000000,0.0000,None,10
39.4481,52.7656,65.1603,0.9212964,CCCCN(CCCC)c1ccc(C=Cc2ccc(N=Cc3ccc4c(c3)C(=O)N(C3CCC(=O)NC3=O)C4=O)c(F)c2)cc1,1,O=C1CCC(N2C(=O)c3ccc(C=Nc4ccc(C=Cc5ccccc5)cc4)cc3C2=O)C(=O)N1,0.9901794,450.0894,0.1427837,0.1428,0.4915196,3.5513,1.0000000,1.0000,[],10
48.7587,64.3822,-64.3822,0.0000000,c12ccc(C(C=Cc3ccc(N(CCCC)CCCC[N+]#[C-])cc3)=O)cc2c2c3c(cccc3c1NCCCN1CCCC1)ccc2,0,,0.0000000,0.0000,0.0000000,0.0000,0.0000000,0.0000,0.0000000,0.0000,None,10
50.2100,55.5560,-55.5560,0.0000000,CCCCCCC=Cc1oc(=O)c(C(=O)C=CNc2ccccc2)c(OCC)c1C(=O)OCC,1,O=C(C=CNc1ccccc1)c1cccoc1=O,0.0000000,0.0000,0.0000000,0.0000,0.0000000,0.0000,0.0000000,0.0000,"['C(=[O,S])[O,S]']",10
49.9119,63.4062,-63.4062,0.0000000,c1cc(N(c2ccccc2)c2ccc(cc2)-c2c3c(ccc(-c4cc5C(C)(c6c(-c5cc4)ccc(c6)-c4c5n(ccc5c5ccccc5n4)CC)c3)CC)cc2)ccc1,0,,0.0000000,0.0000,0.0000000,0.0000,0.0000000,0.0000,0.0000000,0.0000,None,10
30.4638,40.2256,-40.2256,0.0000000,O=C(O)c1ccc2nc(C=Cc3ccc(N(c4ccccc4)c4ccccc4)cc3)c(=O)n(-c3ccccc3)c2c1,1,O=c1c(C=Cc2ccc(N(c3ccccc3)c3ccccc3)cc2)nc2ccccc2n1-c1ccccc1,0.0000000,0.0000,0.0000000,0.0000,0.0000000,0.0000,0.0000000,0.0000,"['C(=[O,S])[O,S]']",10
23.7876,25.2277,-1.7609,0.1833348,CNc1ccc2c(C=O)cccc2n1,1,c1ccc2ncccc2c1,0.1708950,382.8530,0.7300048,0.7300,0.6495515,2.1574,1.0000000,1.0000,[],10
34.2031,36.1586,-36.1586,0.0000000,COc1ccc(C(=O)O)c2c1oc1nc(-c3ccc(F)cc3)ccc12,1,c1ccc(-c2ccc3c(n2)oc2ccccc23)cc1,0.0000000,0.0000,0.0000000,0.0000,0.0000000,0.0000,0.0000000,0.0000,"['C(=[O,S])[O,S]']",10
49.3873,51.3334,-37.5293,0.1078446,COc1cccc(C=Nc2cnc3c(cnn3-c3ccc(F)cc3)c2NC2CCc3ccccc3C2)c1,1,C(=Nc1cnc2c(cnn2-c2ccccc2)c1NC1CCc2ccccc2C1)c1ccccc1,0.1011591,376.2831,0.2837140,0.2837,0.5282868,3.1906,1.0000000,1.0000,[],10
30.6182,33.9542,-27.4885,0.0505135,c1ccc(N(c2ccc(C34CC5CC(CC(C5)C3)C4)cc2)c2ccc3c(c2)Sc2ccccc2N3c2ccccc2)cc1,1,c1ccc(N(c2ccc(C34CC5CC(CC(C5)C3)C4)cc2)c2ccc3c(c2)Sc2ccccc2N3c2ccccc2)cc1,0.0461506,367.1174,0.2015018,0.2015,0.4629743,3.8504,1.0000000,1.0000,[],10
28.4426,29.6827,-29.6543,0.0002222,O=C1COc2ccc(Cl)cc2N1c1c(F)cccc1F,1,O=C1COc2ccccc2N1c1ccccc1,0.0001451,304.0424,0.8030769,0.8031,0.6300145,2.3101,1.0000000,1.0000,[],10
67.9164,95.1899,-59.3416,0.2800645,O=C1CN(c2ccccc2)C(=O)C(C=Cc2ccc(C=Cc3cccc(N=C4C=CC(O)=C5C4=C(c4ccc(N(c6ccccc6)c6ccccc6)cc4)c4ccccc45)c3O)cc2)=C(CCCc2ccccc2)N1,1,O=C1CN(c2ccccc2)C(=O)C(C=Cc2ccc(C=Cc3cccc(N=C4C=CC=C5C4=C(c4ccc(N(c6ccccc6)c6ccccc6)cc4)c4ccccc45)c3)cc2)=C(CCCc2ccccc2)N1,0.2872406,529.8674,0.0941614,0.0942,0.4319343,4.1974,1.0000000,1.0000,[],10
70.5550,72.3671,-72.3671,0.0000000,C=Cc1nc2cccc3ccc2c2c(OC)cc(N4CCOCC4)cc2c(OC2=CC=CC=NC=C2)c3o1,1,C1=CC=C(Oc2c3cc(N4CCOCC4)ccc3c3ccc4cccc3ncoc24)C=CN=C1,0.0000000,0.0000,0.0000000,0.0000,0.0000000,0.0000,0.0000000,0.0000,['[*;r{8-17}]'],10
30.4387,35.5337,-31.8271,0.0289578,COC1=C2CCCC2C(=O)C=C1c1ccccc1,1,O=C1C=C(c2ccccc2)C=C2CCCC12,0.0245364,360.0150,0.7920133,0.7920,0.5298442,3.1759,1.0000000,1.0000,[],10
130.5403,160.1369,-159.5117,0.0048841,Cc1ccc(-c2nc(-c3c(C)cc([N+](=O)[O-])nc3C)c(C=Cc3ccc4c(-c5c(Nc6ccc7c(c6)C(=O)NC7=O)c(F)c6c5nc(-c5cc(F)c(F)c(F)c5)c5cc7n(nc56)N=C7c5ccc(N(C)C)cc5)cn(C)c4c3)o2)cc1,1,O=C1NC(=O)c2cc(Nc3cc4c(nc(-c5ccccc5)c5cc6n(nc54)N=C6c4ccccc4)c3-c3c[nH]c4cc(C=Cc5oc(-c6ccccc6)nc5-c5cccnc5)ccc34)ccc21,0.0041661,579.4615,0.0411735,0.0412,0.3804432,4.8321,1.0000000,1.0000,[],10
23.2395,24.8931,-24.7894,0.0008096,COc1ccc(NC(=O)c2cccc(C#N)c2)cc1,1,O=C(Nc1ccccc1)c1ccccc1,0.0005618,318.7461,0.9131584,0.9132,0.7347834,1.5409,1.0000000,1.0000,[],10
41.3459,55.8253,62.3496,0.9232416,CN(C)c1ccc2c(-c3[nH]c(C=Cc4cccc(N(c5ccccc5)c5ccccc5)c4)cc3O)c3ccc(N(c4ccccc4)c4ccccc4)cc3cc2c1,1,C(=Cc1ccc(-c2c3ccccc3cc3cc(N(c4ccccc4)c4ccccc4)ccc23)[nH]1)c1cccc(N(c2ccccc2)c2ccccc2)c1,0.9924437,467.0401,0.1371779,0.1372,0.5203706,3.2661,1.0000000,1.0000,[],10
57.1286,66.2428,-66.2428,0.0000000,Cc1cc(N(c2ccccc2)c2ccccc2)cc2=CC(=C3Cc4ccccc4C(C=3)=[N+](C)c12)C=C1N(c2ccccc2N1C)C,0,,0.0000000,0.0000,0.0000000,0.0000,0.0000000,0.0000,0.0000000,0.0000,None,10
39.6538,43.2344,-37.0509,0.0483080,CC1=C(C)C(=C(c2ccccc2)[n+]2cccc(-c3ccccc3)c2)c2ccccc2C1,1,C1=CC(=C(c2ccccc2)[n+]2cccc(-c3ccccc3)c2)c2ccccc2C1,0.0431686,366.3583,0.3276299,0.3276,0.5720342,2.7928,1.0000000,1.0000,[],10
44.6519,62.7660,55.1536,0.9212473,CCCCCCCCN(CCCCCC)c1ccc(C=Cc2cc3ccc(=Nc4cccc5c4CCC5)[nH]c3oc2=N)cc1,1,N=c1oc2[nH]c(=Nc3cccc4c3CCC4)ccc2cc1C=Cc1ccccc1,0.9934267,465.5163,0.1275343,0.1275,0.4970729,3.4951,1.0000000,1.0000,[],10
22.4552,29.0761,-29.0761,0.0000000,c1c(ccc(N(C)C)c1)-c1c2cccc3c2c(c2c1cccc2)ccc3,0,,0.0000000,0.0000,0.0000000,0.0000,0.0000000,0.0000,0.0000000,0.0000,None,10
64.5557,72.6034,-72.6034,0.0000000,CC(C1=CC2=CC3=Cc4ccc5c(c43)C3=C1C(c1ccccc1N2c1ccc(C=Cc2ccccc2)cc1)C5(O)CCCC3)(c1ccccc1)c1ccccc1,1,C(=Cc1ccc(N2C3=CC4=Cc5ccc6c(c54)C4=C(C(C(c5ccccc5)c5ccccc5)=C3)C(c3ccccc32)C6CCCC4)cc1)c1ccccc1,0.0000000,0.0000,0.0000000,0.0000,0.0000000,0.0000,0.0000000,0.0000,['[*;r{8-17}]'],10
44.4914,48.1605,-41.2099,0.0543010,O=C(Nc1ccc2c3[nH]c4ccccc4c3n(-c3ccccc3)c2c1)c1nc2ccccn2c1-c1ccccc1,1,O=C(Nc1ccc2c3[nH]c4ccccc4c3n(-c3ccccc3)c2c1)c1nc2ccccn2c1-c1ccccc1,0.0492231,367.8523,0.2497873,0.2498,0.5834637,2.6939,1.0000000,1.0000,[],10
40.5073,43.8487,1.7810,0.3564819,O=S(=O)(Nc1cc(-c2ccccc2)cc2noc(-c3ccoc3)c12)c1ccccc1,1,O=S(=O)(Nc1cc(-c2ccccc2)cc2noc(-c3ccoc3)c12)c1ccccc1,0.3511410,393.3333,0.4056143,0.4056,0.6016269,2.5406,1.0000000,1.0000,[],10
40.6133,46.0032,-7.5550,0.3003763,c1ccc(-c2ccc(N(c3ccc(-c4c5ccccc5c(-c5cccc6ccccc56)c5ccccc45)cc3)c3ccc(-c4ccccc4)cn3)cc2)cc1,1,c1ccc(-c2ccc(N(c3ccc(-c4c5ccccc5c(-c5cccc6ccccc56)c5ccccc45)cc3)c3ccc(-c4ccccc4)cn3)cc2)cc1,0.3023613,390.9224,0.1539022,0.1539,0.5989863,2.5626,1.0000000,1.0000,[],10
52.9931,72.2192,-72.0299,0.0014787,CCN1c2cc(C=Cc3cc[n+](CCCC=Cc4ccccc4F)c4ccccc34)ccc2N(c2ccc(Sc3ccccc3)cc2)C2CCCC21,1,C(=Cc1ccccc1)CCC[n+]1ccc(C=Cc2ccc3c(c2)NC2CCCC2N3c2ccc(Sc3ccccc3)cc2)c2ccccc21,0.0011487,593.4822,0.0983366,0.0983,0.4411479,4.0919,1.0000000,1.0000,[],10
48.2294,46.0563,-46.0563,0.0000000,COc1cc(C)c2sc(N3N=C(C4CCCCC4)C4CCCOC43)nc2c1,1,c1ccc2sc(N3N=C(C4CCCCC4)C4CCCOC43)nc2c1,0.0000000,0.0000,0.0000000,0.0000,0.0000000,0.0000,0.0000000,0.0000,['[#7;!n][#7;!n]'],10
56.2595,57.8230,-57.8230,0.0000000,CCc1cc(-c2cc(-c3cc(C(=O)OC)c(NC(=O)c4ccccn4)s3)cs2)ccc1CN(CC(C)C)CC(C)C,1,O=C(Nc1ccc(-c2csc(-c3ccccc3)c2)s1)c1ccccn1,0.0000000,0.0000,0.0000000,0.0000,0.0000000,0.0000,0.0000000,0.0000,"['C(=[O,S])[O,S]']",10
34.0003,42.7357,-42.7357,0.0000000,O=C1OC=Cc2c(-c3ccc(-c4ccc(cc4)N(c4ccccc4)c4ccccc4)cc3)c3c(cccc3)c21,0,,0.0000000,0.0000,0.0000000,0.0000,0.0000000,0.0000,0.0000000,0.0000,None,10
54.1694,62.2321,38.4216,0.7863574,CCCCCCCCOc1ccc(-c2ccc(C=Cc3ccc(-c4ccc(CCCCCCCC[N+](=Cc5ccc(C)cc5)c5ccccc5)nc4)s3)s2)cc1,1,C(=Cc1ccc(-c2ccc(CCCCCCCC[N+](=Cc3ccccc3)c3ccccc3)nc2)s1)c1ccc(-c2ccccc2)s1,0.8744112,421.0691,0.0367566,0.0368,0.5029218,3.4366,1.0000000,1.0000,[],10
39.8755,53.6407,-53.6407,0.0000000,C1CN(c2cc3n(-c4ccccc4)c4cc(-c5ccc(C=O)cc5)cc4c3[n+](C)c2)c2ccccc21,0,,0.0000000,0.0000,0.0000000,0.0000,0.0000000,0.0000,0.0000000,0.0000,None,10
74.5150,83.8743,-83.8743,0.0000000,Cc1cc2c(cc1Sc1c3cccc1N(c1ccc4cccc5c4c1C1(N(c4ccccc4)c4ccc6ccccc6c4)CCCC51)C=C3)oc1cc(N(c3ccccc3C)c3ccccc3C)ccc12,1,C1=CN(c2ccc3cccc4c3c2C2(N(c3ccccc3)c3ccc5ccccc5c3)CCCC42)c2cccc1c2Sc1ccc2c(c1)oc1cc(N(c3ccccc3)c3ccccc3)ccc12,0.0000000,0.0000,0.1434677,0.1435,0.3297134,5.5477,1.0000000,1.0000,[],10
32.6399,31.8242,-31.8242,0.0000000,O=C(O)C1CN(c2ccccn2)C(C(=O)O)CO1,1,c1ccc(N2CCOCC2)nc1,0.0000000,0.0000,0.0000000,0.0000,0.0000000,0.0000,0.0000000,0.0000,"['C(=[O,S])[O,S]']",10
70.9084,77.1015,-77.1015,0.0000000,CCSC12C=Cc3ccc(c(c3)C(c3ccccc3)C1)C(=Nc1ccc(N(c3ccccc3)c3ccccc3)s1)C1=C2C(=C2Sc3ccccc3S2)CCC1,1,C1=CC2CC(c3ccccc3)c3cc1ccc3C(=Nc1ccc(N(c3ccccc3)c3ccccc3)s1)C1=C2C(=C2Sc3ccccc3S2)CCC1,0.0000000,0.0000,0.0000000,0.0000,0.0000000,0.0000,0.0000000,0.0000,['[*;r{8-17}]'],10
68.2637,86.2699,30.5060,0.9123113,CCCN(CCc1cc2sc(-c3ccc(N(c4ccccc4)c4ccccc4)cc3)cc2s1)c1c(-c2ccc(C=O)s2)sc2c1-c1cc(N(c3ccccc3)c3ccc(F)cc3)ccc1-2,1,c1ccc(N(c2ccccc2)c2ccc(-c3cc4sc(CCNc5c(-c6cccs6)sc6c5-c5cc(N(c7ccccc7)c7ccccc7)ccc5-6)cc4s3)cc2)cc1,0.9936805,454.9141,0.0957593,0.0958,0.4636173,3.8435,1.0000000,1.0000,[],11
37.4745,43.3398,-43.3398,0.0000000,c1(-c2ccc(N(c3c4nc5c(oc4cc5)C=Cc4c3cccc4)c3ccccc3)cc2)ccccc1,0,,0.0000000,0.0000,0.0000000,0.0000,0.0000000,0.0000,0.0000000,0.0000,None,11
20.1063,25.9600,-13.9650,0.0937110,c1ccc(-c2nc3ccccc3nc2-c2ccco2)cc1,1,c1ccc(-c2nc3ccccc3nc2-c2ccco2)cc1,0.0850394,374.2054,0.5367778,0.5368,0.6884504,1.8666,1.0000000,1.0000,[],11
34.5316,38.4712,-29.7807,0.0678939,c1ccc2c(c1)-c1cccc3c(-c4cccc5c(-c6ccc7c8ccccc8c8ccccc8c7c6)cccc45)ccc-2c13,1,c1ccc2c(c1)-c1cccc3c(-c4cccc5c(-c6ccc7c8ccccc8c8ccccc8c7c6)cccc45)ccc-2c13,0.0627093,370.6364,0.1864600,0.1865,0.6492342,2.1598,1.0000000,1.0000,[],11
63.7581,74.5029,-26.3036,0.3765571,Nc1ccc(-c2c(O)c(-c3cc(O)c(N)c4ccccc34)c(O)c3c2C(=c2ccc(=Cc4ccc(N(c5ccccc5)c5ccccc5)cc4)cc2)N(c2ccccc2)C3=O)c2ccccc12,1,O=C1c2cc(-c3cccc4ccccc34)cc(-c3cccc4ccccc34)c2C(=c2ccc(=Cc3ccc(N(c4ccccc4)c4ccccc4)cc3)cc2)N1c1ccccc1,0.3938289,524.6822,0.0794491,0.0794,0.4616356,3.8649,1.0000000,1.0000,[],11
42.3382,50.0726,4.7030,0.4279346,CCN(CC)c1ccc2c(Cn3c(=Nc4cccc(O)c4)sc4ccccc43)c(O)ccc2c1,1,c1ccc(N=c2sc3ccccc3n2Cc2cccc3ccccc23)cc1,0.4298707,396.9341,0.3027125,0.3027,0.5804648,2.7196,1.0000000,1.0000,[],11
43.6934,52.0196,-52.0196,0.0000000,O=c1ccc2c(C#Cc3c4ccccc4c(-c4ccccc4)c4c(=O)c5ccccc5oc34)c3ccc(O)cc3oc-2c1,1,O=c1ccc2c(C#Cc3c4ccccc4c(-c4ccccc4)c4c(=O)c5ccccc5oc34)c3ccccc3oc-2c1,0.0000000,0.0000,0.0000000,0.0000,0.0000000,0.0000,0.0000000,0.0000,['C#C'],11
44.5636,50.8377,-50.8377,0.0000000,COc1ccc(CN(Cc2ccc(C#Cc3ccc(N(c4ccccc4)c4cccs4)cc3)cc2)C(=O)c2ccc(N)cc2)cc1,1,O=C(c1ccccc1)N(Cc1ccccc1)Cc1ccc(C#Cc2ccc(N(c3ccccc3)c3cccs3)cc2)cc1,0.0000000,0.0000,0.0000000,0.0000,0.0000000,0.0000,0.0000000,0.0000,['C#C'],11
55.2805,73.3621,-73.3621,0.0000000,O=c1c2-c(cc(c1)-c1c(C#N)c(=N)nc3ccc4c(c3o1)c(N)c(C=C)cc4)cccc2,0,,0.0000000,0.0000,0.0000000,0.0000,0.0000000,0.0000,0.0000000,0.0000,None,11
49.2915,60.6625,57.7330,0.9249651,CCCCNC(=O)c1cc2nc3c(n(-c4ccc(N(c5ccccc5)c5ccccc5)cc4)c(=O)c-3c1)OC(c1ccccc1)=C2c1ccccc1,1,O=c1c2cccc3nc-2c(n1-c1ccc(N(c2ccccc2)c2ccccc2)cc1)OC(c1ccccc1)=C3c1ccccc1,0.9947371,456.9121,0.1456902,0.1457,0.4677100,3.7995,1.0000000,1.0000,[],11
38.5320,44.3807,68.4312,0.8813431,CC1(C)C2=C3C(=CC4=C3OCOc3cc(F)ccc34)CCCN2c2ccccc21,1,C1=C2CCCN3C(=C2C2=C1c1ccccc1OCO2)Cc1ccccc13,0.9025851,424.1716,0.5796952,0.5797,0.5330443,3.1458,1.0000000,1.0000,[],11
33.0411,42.7980,31.7913,0.5827293,CCc1cc[n+](C)c(-c2c(N(c3ccccc3)c3ccccc3)ccc3c2sc2cc(N(c4ccccc4)c4ccccc4)ccc23)c1,1,c1ccc(N(c2ccccc2)c2ccc3c(c2)sc2c(-c4cccc[nH+]4)c(N(c4ccccc4)c4ccccc4)ccc23)cc1,0.6088311,404.8033,0.1533296,0.1533,0.5386486,3.0935,1.0000000,1.0000,[],11
55.7145,58.2896,-58.2896,0.0000000,CNC(=O)c1c(-c2ccc(F)cc2)c(-c2sc3c(C(C)=O)c2N=C3)cc2c(N3CCOCC3)noc12,1,C1=Nc2cc1sc2-c1cc2c(N3CCOCC3)noc2cc1-c1ccccc1,0.0000000,0.0000,0.3447072,0.3447,0.4427934,4.0733,1.0000000,1.0000,[],11
27.4142,34.6087,61.8371,0.7534827,CCCCCCCCCC[n+]1ccc(C=Cc2cc(-c3cccs3)cs2)cc1,1,C(=Cc1cc(-c2cccs2)cs1)c1cc[nH+]cc1,0.7890705,414.3245,0.2097892,0.2098,0.5727814,2.7863,1.0000000,1.0000,[],11
35.5014,41.1867,-14.5227,0.2083129,CCCCCC(OC)c1ccc(-c2cnc3cc(N(CCCC)CCCC)ccc3c2)cc1,1,c1ccc(-c2cnc3ccccc3c2)cc1,0.2033649,385.1754,0.2318330,0.2318,0.5558166,2.9366,1.0000000,1.0000,[],11
28.3755,32.8551,-32.8423,0.0000996,[N-]=[N+]=NCCC=Cc1ccc(Br)cc1N1CCCC1=O,1,O=C1CCCN1c1ccccc1,0.0000642,295.1941,0.3424294,0.3424,0.5459161,3.0264,1.0000000,1.0000,[],11
31.6407,36.9029,81.6817,0.9264416,c1ccc(-c2cc3c4c(n(-c5ccccc5)c(-c5ccccc5)c4c2)-c2ccc4ccccc4c2O3)cc1,1,c1ccc(-c2cc3c4c(n(-c5ccccc5)c(-c5ccccc5)c4c2)-c2ccc4ccccc4c2O3)cc1,0.9754348,439.9720,0.2428168,0.2428,0.5971268,2.5781,1.0000000,1.0000,[],11
41.4406,42.5413,-42.5413,0.0000000,COC(=O)C1=C(C(=O)OC)Nc2c(cc3cc(OCc4ccccc4)ccc3c2O)SC1,1,C1=CNc2cc3ccc(OCc4ccccc4)cc3cc2SC1,0.0000000,0.0000,0.0000000,0.0000,0.0000000,0.0000,0.0000000,0.0000,"['C(=[O,S])[O,S]']",11
56.5582,65.0877,-65.0877,0.0000000,c1c(cc2c(c1)n1c3cc(-c4ccc(-c5c6c(c7c(n6)cccc7)ccc5)cc4)ccc3c3c4c(c(n(c12)-c1ccccc1)c3C)cccc4)C,0,,0.0000000,0.0000,0.0000000,0.0000,0.0000000,0.0000,0.0000000,0.0000,None,11
61.2020,76.1300,-76.1300,0.0000000,N1(CCC(C)CC1C)c1ccc(cc1)-c1c2ccc(s2)c2c1-c1c(Sc3c2cccc3)cc2c(c1)Sc1ccccc1N2c1ccccc1,0,,0.0000000,0.0000,0.0000000,0.0000,0.0000000,0.0000,0.0000000,0.0000,None,11
60.7934,68.2919,-30.4881,0.2953429,CC(C)c1ccc2c(c1)c1c(c3c4cc(-c5ccc6c(c5)C(=Cc5ccccc5)c5ccccc5N6c5ccc(C(C)(C)C)cc5)ccc4oc23)CCCN1,1,C(=C1c2ccccc2N(c2ccccc2)c2ccc(-c3ccc4oc5c6ccccc6c6c(c5c4c3)CCCN6)cc21)c1ccccc1,0.2956969,390.5772,0.1967142,0.1967,0.5132772,3.3347,1.0000000,1.0000,[],11
38.5295,40.6101,-40.6101,0.0000000,CCOC(=O)Nc1c(C#N)cc(-c2ccco2)n1N=Cc1ccc(Br)cc1,1,C(=Nn1cccc1-c1ccco1)c1ccccc1,0.0000000,0.0000,0.0000000,0.0000,0.0000000,0.0000,0.0000000,0.0000,"['C(=[O,S])[O,S]']",11
70.6138,76.4894,-76.3788,0.0008639,CCN=C(N)c1cccc(-c2c(-c3c(CC)c(-c4ccccc4)c(F)c(O)c3-c3ccccc3)n(C)c3ccc(-c4ccccc4)c(C)c23)n1,1,c1ccc(-c2ccc(-c3ccccc3)c(-c3[nH]c4ccc(-c5ccccc5)cc4c3-c3ccccn3)c2)cc1,0.0006453,320.2510,0.1260258,0.1260,0.5102066,3.3647,1.0000000,1.0000,[],11
38.8510,49.6744,40.3522,0.7033331,CCCCOc1cc(C=Cc2ccc(N(c3ccc(OC)cc3)c3ccc(OC)cc3)cc2)c(OC)cc1N1CCCCCC1,1,C(=Cc1ccc(N(c2ccccc2)c2ccccc2)cc1)c1ccc(N2CCCCCC2)cc1,0.7482469,411.8268,0.1114769,0.1115,0.5890340,2.6464,1.0000000,1.0000,[],11
37.4749,39.3722,63.0982,0.8005507,N#Cc1cccc(N=Nc2c[nH]c3cccc(NS(=O)(=O)c4ccccc4)c23)c1,1,O=S(=O)(Nc1cccc2[nH]cc(N=Nc3ccccc3)c12)c1ccccc1,0.8207761,416.5207,0.4451654,0.4452,0.5901815,2.6366,1.0000000,1.0000,[],11
42.4044,38.6186,-38.6027,0.0001239,Cc1nc2cc(OC3CCOC3)ccc2n1-c1ccc(Cl)cc1Cl,1,c1ccc(-n2cnc3cc(OC4CCOC4)ccc32)cc1,0.0000791,297.4520,0.6702051,0.6702,0.5694897,2.8151,1.0000000,1.0000,[],11
52.2083,63.6671,54.6352,0.9242364,N=C(C=Cc1ccc(N(c2ccccc2)c2ccccc2)cc1)c1cccc(Cc2nc(=S)c3oc4ccccc4c3c(=O)[nH]2)c1,1,N=C(C=Cc1ccc(N(c2ccccc2)c2ccccc2)cc1)c1cccc(Cc2nc(=S)c3oc4ccccc4c3c(=O)[nH]2)c1,0.9942445,455.9353,0.1311880,0.1312,0.5387459,3.0926,1.0000000,1.0000,[],11
45.1686,65.3870,-31.2405,0.2667700,O=C(C=Cc1ccc(N(c2ccccc2)c2ccccc2)nc1)Nc1cccc(C=[N+](CCO)c2cccc3ccccc23)c1,1,O=C(C=Cc1ccc(N(c2ccccc2)c2ccccc2)nc1)Nc1cccc(C=[NH+]c2cccc3ccccc23)c1,0.2714255,389.2794,0.0962321,0.0962,0.5413284,3.0686,1.0000000,1.0000,[],11
29.1699,33.9383,-33.9383,0.0000000,c12nc(N)nc3c1c(oc(c2)-c1ccccc1)cc3,0,,0.0000000,0.0000,0.0000000,0.0000,0.0000000,0.0000,0.0000000,0.0000,None,11
50.3207,53.3432,-53.3432,0.0000000,CCC=CN1Cc2c(cccc2)[N+](NC=1c1c(C)cccc1C)CC,0,,0.0000000,0.0000,0.0000000,0.0000,0.0000000,0.0000,0.0000000,0.0000,None,11
34.5766,40.1949,79.4059,0.9343817,O=C1C=CC(=O)N1c1ccc(-c2ccc3c(c2)N(c2ccccc2)c2ccccc2N3c2ccccc2)cc1,1,O=C1C=CC(=O)N1c1ccc(-c2ccc3c(c2)N(c2ccccc2)c2ccccc2N3c2ccccc2)cc1,0.9853299,445.6787,0.2275168,0.2275,0.6245486,2.3536,1.0000000,1.0000,[],11
67.3308,77.8129,-77.8129,0.0000000,c1cc(ccc1)-c1ccc(cc1)C1(C=Cc2c3c(cc4c(=C(C=4)c4ccc(N(c5ccccc5)c5ccccc5)cc4)cc31)ccc2)c1c(c(C=C(O)c2ccccc2)ccc1)C,0,,0.0000000,0.0000,0.0000000,0.0000,0.0000000,0.0000,0.0000000,0.0000,None,11
35.8943,40.7360,-34.9531,0.0451786,Cn1c(-c2ccc(C(=NO)c3ccccc3)cc2)cc2cc(N(c3ccccc3)c3ccccc3)ccc21,1,N=C(c1ccccc1)c1ccc(-c2cc3cc(N(c4ccccc4)c4ccccc4)ccc3[nH]2)cc1,0.0412385,365.8398,0.1434439,0.1434,0.6091692,2.4783,1.0000000,1.0000,[],11
39.6072,43.4219,-43.4219,0.0000000,CC1=C(C=C2C3CCC4CC3(C)CCC24C)OC1=O,1,O=C1C=C(C=C2C3CCC4CC3CCC24)O1,0.0000000,0.0000,0.0000000,0.0000,0.0000000,0.0000,0.0000000,0.0000,"['C(=[O,S])[O,S]']",11
33.6696,43.2762,-23.1143,0.1575149,CCCN(c1ccc(N(c2ccccc2)c2ccccc2)cc1)c1ccccc1C=Cc1cccc(-c2ccccc2)c1N(c1ccccc1)c1ccccc1,1,C(=Cc1cccc(-c2ccccc2)c1N(c1ccccc1)c1ccccc1)c1ccccc1Nc1ccc(N(c2ccccc2)c2ccccc2)cc1,0.1551124,381.5962,0.1096886,0.1097,0.5625077,2.8768,1.0000000,1.0000,[],11
43.3697,62.0668,-62.0668,0.0000000,C(c1c2n(c(-c3ccc(cc3)-n3c4ccc(cc4c4cc(-c5ccc(N(c6ccccc6)c6ccccc6)cc5)cc34)C3CCCCC3)c(-c3ccccc3)c2-c2ccccc2)cc1)=C(c1ccccc1)c1ccccc1,0,,0.0000000,0.0000,0.0000000,0.0000,0.0000000,0.0000,0.0000000,0.0000,None,11
61.2658,70.9735,-70.9735,0.0000000,C(C(=O)O)(C1CCCCC=1C)=Cc1c2n(c3ccc(cc13)-c1cnc3OCCNc3c1)c1ccc(C)cc1c2,0,,0.0000000,0.0000,0.0000000,0.0000,0.0000000,0.0000,0.0000000,0.0000,None,11
68.9393,78.3566,-78.3566,0.0000000,Cc1ccc(-c2cc3c(-c4ccc(-c5cccc([N+](=O)[O-])c5)s4)c4cc(-c5ccccc5)n5c4nc(c(-c4cccs4)c3s2)c2c(-c3ccccc3)noc25)cc1,1,c1ccc(-c2ccc(-c3c4cc(-c5ccccc5)sc4c(-c4cccs4)c4nc5c3cc(-c3ccccc3)n5c3onc(-c5ccccc5)c43)s2)cc1,0.0000000,0.0000,0.0000000,0.0000,0.0000000,0.0000,0.0000000,0.0000,['[*;r{8-17}]'],11
32.1379,35.8438,-35.2961,0.0042789,c1ccc(-c2ccc(N(c3ccc(-c4ccc(-n5c6ccccc6c6cc(-c7ccccc7)ccc65)cc4)cc3)c3ccc(-c4ccc5c(c4)c4ccccc4n5-c4ccccc4)cc3)cc2)cc1,1,c1ccc(-c2ccc(N(c3ccc(-c4ccc(-n5c6ccccc6c6cc(-c7ccccc7)ccc65)cc4)cc3)c3ccc(-c4ccc5c(c4)c4ccccc4n5-c4ccccc4)cc3)cc2)cc1,0.0034558,338.5014,0.1407795,0.1408,0.5787258,2.7346,1.0000000,1.0000,[],11
62.1044,69.1728,-69.1728,0.0000000,CCc1cc2c3cc4ccccc4cc3n(C)c2[n+](CCCS(=O)(=O)O)c1C=C1OCCCN(c2ccc(C(=O)O)cc2)C1=O,1,O=C1C(=Cc2ccc3c([nH]c4cc5ccccc5cc43)[nH+]2)OCCCN1c1ccccc1,0.0000000,0.0000,0.0000000,0.0000,0.0000000,0.0000,0.0000000,0.0000,"['C(=[O,S])[O,S]']",11
76.6061,94.0988,-94.0988,0.0000000,O=C1C(c2cc(-c3ccc(s3)-c3cc[n+](CCCCCC)cc3)cc[n+]2C[n+]2c3c(n(c2=O)CCCC)ccc(C=Cc2ccc(NCc4ccccc4)cc2)c3)=C(c2ccc(cc2)N(c2ccccc2)c2ccccc2)c2ccccc12,0,,0.0000000,0.0000,0.0000000,0.0000,0.0000000,0.0000,0.0000000,0.0000,None,11
23.8721,30.1824,-25.8615,0.0337567,CCN(CC)c1ccc2c(-c3ccc(N(C)C)c4ccccc34)c3ccc(=[N+](CC)CC)cc-3oc2c1,1,[N+]=c1ccc2c(-c3cccc4ccccc34)c3ccccc3oc-2c1,0.0301923,557.6697,0.1790165,0.1790,0.5540899,2.9521,1.0000000,1.0000,[],11
26.1796,26.4686,-26.4686,0.0000000,CCc1ccc(C=C2SC(=S)N(CC)C2=O)s1,1,O=C1NC(=S)SC1=Cc1cccs1,0.0000000,0.0000,0.0000000,0.0000,0.0000000,0.0000,0.0000000,0.0000,"['C(=[O,S])[O,S]']",11
26.2493,32.3179,-31.7134,0.0047232,c1ccc(N(c2ccccc2)c2ccccc2Nc2ccc(-c3cccc4c3oc3ccccc34)cc2)cc1,1,c1ccc(N(c2ccccc2)c2ccccc2Nc2ccc(-c3cccc4c3oc3ccccc34)cc2)cc1,0.0037618,339.4259,0.2450988,0.2451,0.6254504,2.3464,1.0000000,1.0000,[],11
19.6770,22.8422,-22.7283,0.0008902,Oc1ccc(O)c2sccc12,1,c1ccc2sccc2c1,0.0006318,320.0208,0.5894309,0.5894,0.6182151,2.4046,1.0000000,1.0000,[],11
32.8264,37.3360,-37.3360,0.0000000,Fc1c(cccc1)C=Nn1c(-c2cccc3c2cccc3)[nH]c2ccccc12,0,,0.0000000,0.0000,0.0000000,0.0000,0.0000000,0.0000,0.0000000,0.0000,None,11
23.7493,34.7568,-28.8572,0.0460906,CCCCn1c2ccc(-c3ccc(C#N)cc3)cc2c2cc(N(c3ccccc3)c3ccccc3)ccc21,1,c1ccc(-c2ccc3[nH]c4ccc(N(c5ccccc5)c5ccccc5)cc4c3c2)cc1,0.0415197,365.9168,0.2225790,0.2226,0.6199186,2.3908,1.0000000,1.0000,[],11
49.9737,57.0855,-57.0830,0.0000196,CCC=CCC=CC=CC=CC=CC=CC1=C(Cl)C(Cl)(C2=[N+](C)c3ccccc3C2(C)C)C1(C)C,1,C1=CC(C2=[NH+]c3ccccc3C2)C1,0.0000120,642.9626,0.1355783,0.1356,0.4100568,4.4573,1.0000000,1.0000,[],11
54.3914,59.9787,-59.9787,0.0000000,c1c(-c2cc3c(N4c5c(C36c3ccccc36)c3c(Sc6c(cccc6)C3(C)C)ccc5cc4)c(-c3ccccc3)c2)cccc1,0,,0.0000000,0.0000,0.0000000,0.0000,0.0000000,0.0000,0.0000000,0.0000,None,11
135.0426,153.2858,-153.2858,0.0000000,O=c1c2c3c4c(cccc4c4c5c(cc6c(c5)Oc5c7c(ccc5C(=C7)C)C6C(C(NCCCC)=C2)O)c(c(c2cc5ccccc5c2c34)C2CC(C=1C2)CC)N(c1c(CC)cc(N(c2ccccc2)c2ccccc2)cc1)c1ccccc1)C=Cc1ccc(N(c2ccccc2)c2ccccc2)cc1,0,,0.0000000,0.0000,0.0000000,0.0000,0.0000000,0.0000,0.0000000,0.0000,None,11
60.3203,68.6636,-68.6636,0.0000000,Cc1cc2c3c(c(N4c5ccccc5C(C)(C)c5ccccc54)c4ccccc4c3c1C(=O)O)[N+]1=C(CC(C)(C)C1)N2c1ccccc1,1,c1ccc(N2C3=[N+](CCC3)c3c(N4c5ccccc5Cc5ccccc54)c4ccccc4c4cccc2c34)cc1,0.0000000,0.0000,0.0000000,0.0000,0.0000000,0.0000,0.0000000,0.0000,"['C(=[O,S])[O,S]']",11
36.2209,39.7312,-39.4998,0.0018083,CC(C)=CCc1c(C)ccc2c1oc1c(-c3ccc(C=O)cc3)cccc12,1,c1ccc(-c2cccc3c2oc2ccccc23)cc1,0.0013622,328.3712,0.2951526,0.2952,0.6037484,2.5230,1.0000000,1.0000,[],11
61.4282,66.5319,25.0438,0.7154355,N#Cc1ccccc1-c1c2cccc-2ccc2c3c(ccc12)C=C(c1ccc(-c2ccccc2)cc1)C1NCC=C(c2ccc(-c4ccccc4)cc2)C31,1,C1=C(c2ccc(-c3ccccc3)cc2)C2NCC=C(c3ccc(-c4ccccc4)cc3)C2c2c1ccc1c(-c3ccccc3)c3cccc-3ccc21,0.7525009,412.0733,0.1953482,0.1953,0.4552270,3.9348,1.0000000,1.0000,[],11
56.3982,61.9330,-61.9330,0.0000000,c1ccc2c3cc4c5n(c6cc(-c7nc(-c8ccccc8)cc8ccccc88)ccc43)c6c(nc2c1)nc5,0,,0.0000000,0.0000,0.0000000,0.0000,0.0000000,0.0000,0.0000000,0.0000,None,11
41.9939,54.7545,15.4235,0.5482656,CCCCn1nc2ccccc2c1-c1cc2sc(C=Cc3ccccc3[N+](=O)[O-])cc2nc1N,1,C(=Cc1cc2ncc(-c3[nH]nc4ccccc34)cc2s1)c1ccccc1,0.5650409,402.8408,0.2092613,0.2093,0.5555459,2.9390,1.0000000,1.0000,[],11
60.4158,70.7233,39.8103,0.8635441,C[n+]1ccc(-c2ccc(C[n+]3ccc(C=CC(C=Nc4ccc([N+](=O)O)cc4)=Cc4cc(F)ccc4N4CCCCC4)cc3)s2)cc1,1,C(=Cc1cc[n+](Cc2ccc(-c3cc[nH+]cc3)s2)cc1)C(C=Nc1ccccc1)=Cc1ccccc1N1CCCCC1,0.9462653,488.8560,0.0724071,0.0724,0.4612548,3.8690,1.0000000,1.0000,[],11
25.0046,31.1652,-31.1652,0.0000000,c12cc3c(N(c4ccccc4)c4ccccc4)ccc4c3c(c2cccc1)cc(N(c1ccccc1)c1ccccc1)c4,0,,0.0000000,0.0000,0.0000000,0.0000,0.0000000,0.0000,0.0000000,0.0000,None,11
44.2245,57.2966,58.6998,0.9062217,CCCCN(CCCC)c1ccc(-c2ccc(-c3snc4c(-c5ccc(-c6ccccc6)s5)c(-c5cccn5CCCC)sc34)cc2)cc1,1,c1ccc(-c2ccc(-c3snc4c(-c5ccc(-c6ccccc6)s5)c(-c5ccc[nH]5)sc34)cc2)cc1,0.9812835,442.9893,0.1062017,0.1062,0.5155672,3.3124,1.0000000,1.0000,[],11
58.5498,73.0484,-73.0484,0.0000000,c12c3cccc1Sc1c(N2c2ccccc2)ccc(Oc2ccccc2)c1-c1ccc(N(c2c(-c4ccccc4)cccc2)c2ccc(-c4ccccc4-c4oc(-c5ccccc5)cc4C=Cc4ccccc4)cc2)cc1,0,,0.0000000,0.0000,0.0000000,0.0000,0.0000000,0.0000,0.0000000,0.0000,None,11
52.0128,57.2430,-54.9655,0.0177928,Cc1ccc2oc3cc(N(c4ccccc4)c4ccccc4)c4c-3c(c2c1-c1ccc2c(c1)c1ccccc1n2C)-c1ccccc1C4(c1ccccc1)c1ccccc1,1,c1ccc(N(c2ccccc2)c2cc3oc4cccc(-c5ccc6[nH]c7ccccc7c6c5)c4c4c-3c2C(c2ccccc2)(c2ccccc2)c2ccccc2-4)cc1,0.0154489,565.1085,0.1679874,0.1680,0.5032178,3.4337,1.0000000,1.0000,[],11
35.4962,40.8538,-40.7619,0.0007179,COc1ccc(-n2cc(-c3ccc(-c4cnc5ccc(Br)cn45)cc3)cn2)cc1,1,c1ccc(-n2cc(-c3ccc(-c4cnc5ccccn45)cc3)cn2)cc1,0.0005115,317.7273,0.3605484,0.3605,0.6249014,2.3508,1.0000000,1.0000,[],11
32.2211,33.4988,89.5001,0.9609287,COc1cccc2c1C(=O)c1ccc(N3CCc4ccccc43)cc1C2=O,1,O=C1c2ccccc2C(=O)c2cc(N3CCc4ccccc43)ccc21,0.9866551,473.2787,0.5415221,0.5415,0.6475585,2.1727,1.0000000,1.0000,[],11
108.5150,118.9572,-118.9572,0.0000000,COc1ccc2cnc(N)c(-c3c(CSC4CC5C(C4O)C(O)C5(C)C)c4c5c(c6c(cc5c3C)c3ccccc5cc-5cc3c(=O)n6C)C=CCCO4)c2c1,1,O=c1[nH]c2c3c4c(c(CSC5CC6CCC6C5)c(-c5cncc6ccccc56)cc4cc2c2ccccc4cc-4cc12)OCCC=C3,0.0000000,0.0000,0.0000000,0.0000,0.0000000,0.0000,0.0000000,0.0000,['[*;r{8-17}]'],11
49.2808,56.6419,-56.6419,0.0000000,c1c2ccc3c4c(c(cc3)-c3c(ccc5c3cccc5)OC)c(c(OC)cc4c2oc1=O)-c1c(O)cc(cc1O)O,0,,0.0000000,0.0000,0.0000000,0.0000,0.0000000,0.0000,0.0000000,0.0000,None,11
51.2664,55.9997,-42.1101,0.1085127,CN1OC(O)c2oc(C=Cc3cccc(Nc4c(Cl)cccc4Cl)c3)cc21,1,C(=Cc1cc2c(o1)CON2)c1cccc(Nc2ccccc2)c1,0.0997434,376.1129,0.5704914,0.5705,0.4927862,3.5384,1.0000000,1.0000,[],12
56.9321,65.7879,-16.5224,0.3848868,Cc1c(N(c2ccccc2)c2ccc(F)c(C(F)(F)F)c2F)c(-c2ccccc2F)c2ccc3ccc(-c4c(F)cc(C(F)(F)F)cc4F)c4ccc1c2c34,1,c1ccc(-c2ccc3ccc4c(-c5ccccc5)c(N(c5ccccc5)c5ccccc5)cc5ccc2c3c54)cc1,0.3966729,395.4470,0.1247101,0.1247,0.4980284,3.4855,1.0000000,1.0000,[],12
58.8949,71.9253,4.1060,0.5939942,CCCCC1=C(C=C2C(=O)c3ccccc3C2=Cc2ccc(-c3cc(-c4ccc(N(c5ccccc5)c5ccccc5)cc4)ccc3O)s2)c2ccccc2C(O)(c2ccccc2)C1,1,O=C1C(=CC2=CCC(c3ccccc3)c3ccccc32)C(=Cc2ccc(-c3cccc(-c4ccc(N(c5ccccc5)c5ccccc5)cc4)c3)s2)c2ccccc21,0.6276429,514.3312,0.1273140,0.1273,0.4369664,4.1395,1.0000000,1.0000,[],12
24.9010,29.8320,-28.6760,0.0090311,C=CCOc1ccc(-c2ccc(C=Nc3ccc(OCCCCCC)cc3)cc2)cc1,1,C(=Nc1ccccc1)c1ccc(-c2ccccc2)cc1,0.0075192,346.9862,0.1735601,0.1736,0.6452622,2.1905,1.0000000,1.0000,[],12
39.1230,39.5496,-39.5414,0.0000643,COn1ccc2ccc(P(C)(=N)O)cc21,1,c1ccc2[nH]ccc2c1,0.0000397,289.9601,0.7616937,0.7617,0.4527290,3.9623,1.0000000,1.0000,[],12
67.5388,75.3297,-73.3347,0.0155852,COc1c(-c2c(-c3ccccc3)c(C=O)c(-c3ccccc3)c3ccccc23)cc([N+](=O)[O-])c(-c2ccccc2-n2nc(C)c([N+](=O)[O-])c2[N+](=O)[O-])c1O,1,c1ccc(-c2cc(-c3ccccc3)c3ccccc3c2-c2ccc(-c3ccccc3-n3cccn3)cc2)cc1,0.0137525,353.6099,0.0807709,0.0808,0.5029405,3.4364,1.0000000,1.0000,[],12
60.1979,74.7137,-74.7137,0.0000000,CCCCN(CCCC)c1ccc(C=C2C=C(CCC)c3c(=S)n(n4ccccc34)C2F)s1,1,S=c1c2c3ccccn3n1CC(=Cc1cccs1)C=C2,0.0000000,0.0000,0.2674429,0.2674,0.3764613,4.8847,1.0000000,1.0000,[],12
59.2112,67.0842,-64.8728,0.0172766,Cc1cc(-c2ccc(-c3ccc4c(c3)N(c3ccc(N5c6ccccc6C(C)(C)c6ccccc65)cc3)c3cccc(C)c3S4)cc2)c(C)c(-c2ccc(N(c3ccccc3)c3ccccc3C)cc2)c1,1,c1ccc(N(c2ccccc2)c2ccc(-c3cccc(-c4ccc(-c5ccc6c(c5)N(c5ccc(N7c8ccccc8Cc8ccccc87)cc5)c5ccccc5S6)cc4)c3)cc2)cc1,0.0150419,354.5971,0.1501089,0.1501,0.4858539,3.6092,1.0000000,1.0000,[],12
53.6034,56.6613,-56.6613,0.0000000,CCC(CCS(=O)(=O)O)COc1c2c3ccc-2[nH]cc1oc3=O,1,O=c1oc2c[nH]c3ccc1c-3c2,0.0000000,0.0000,0.6394539,0.6395,0.4141804,4.4073,1.0000000,1.0000,[],12
34.1475,39.3109,76.1927,0.9023718,N#Cc1c(-c2ccccc2)nc2sc3ccccc3cc-2c1=Nc1ccccc1[N+](=O)[O-],1,c1ccc(N=c2cc(-c3ccccc3)nc3sc4ccccc4cc2-3)cc1,0.9558510,486.6133,0.1953628,0.1954,0.5814073,2.7115,1.0000000,1.0000,[],12
32.6390,37.9379,-37.9379,0.0000000,c12c(cc(C=C(C#N)C#N)c1)C(CCC)(c1c-2cccc1)CC,0,,0.0000000,0.0000,0.0000000,0.0000,0.0000000,0.0000,0.0000000,0.0000,None,12
63.1406,86.8761,-86.8761,0.0000000,CC(C)(C)OC(=O)N1Cc2ccc(-c3cc4sc(C=Cc5ccc(C=C(C#N)C(=O)O)s5)cc4s3)cc2C1=C(c1ccc(-c2ccc(N(c3ccccc3)c3ccccc3)cn2)cc1)c1ccc(C=C(C#N)C#N)s1,1,C(=Cc1cc2sc(-c3ccc4c(c3)C(=C(c3ccc(-c5ccc(N(c6ccccc6)c6ccccc6)cn5)cc3)c3cccs3)NC4)cc2s1)c1cccs1,0.0000000,0.0000,0.0000000,0.0000,0.0000000,0.0000,0.0000000,0.0000,"['C(=[O,S])[O,S]']",12
73.0428,81.6929,-81.5436,0.0011663,Cc1c(N=Nc2ccccc2)ccc2c1C(=O)C(C=Cc1cc(C=Cc3ccc4c(c3)C(=O)c3ccc(O)cc3C4=O)cc(O)c1N=Nc1cc(N(C)C)ccc1O)=[N+]2C,1,O=C1C(C=Cc2cc(C=Cc3ccc4c(c3)C(=O)c3ccccc3C4=O)ccc2N=Nc2ccccc2)=[NH+]c2ccc(N=Nc3ccccc3)cc21,0.0009029,596.0994,0.0742323,0.0742,0.4376168,4.1321,1.0000000,1.0000,[],12
39.5987,43.5198,-43.5198,0.0000000,C1=Cc2c3cccc2C2(O3)c3ccccc3Oc3cc1oc1cccc4c1n(c3-4)-c1ccccc12,1,C1=Cc2c3cccc2C2(O3)c3ccccc3Oc3cc1oc1cccc4c1n(c3-4)-c1ccccc12,0.0000000,0.0000,0.0000000,0.0000,0.0000000,0.0000,0.0000000,0.0000,['[*;r{8-17}]'],12
48.0396,62.2570,-62.2570,0.0000000,c1(c2c(c3cc(-c4ccc(C=Cc5c(c(O)c(c(-c6ccccc6)c5N)C=Cc5ccccc5)O)cc4)ccc3o1)cccc2)-c1ccccc1,0,,0.0000000,0.0000,0.0000000,0.0000,0.0000000,0.0000,0.0000000,0.0000,None,12
53.4441,65.8775,29.0693,0.7417719,CCCCCCCCN1Cc2c(cc(-c3ccc(-c4ccc(N(c5ccccc5)c5ccccc5)cc4)cc3)c3ccc4c5ccc(=[N+](CC)CC)cc-5c5ccccc5n4c23)C1=O,1,[N+]=c1ccc2c3ccc4c(-c5ccc(-c6ccc(N(c7ccccc7)c7ccccc7)cc6)cc5)cc5c(c4n3c3ccccc3c-2c1)CNC5=O,0.8095918,504.2855,0.0620516,0.0621,0.4805644,3.6640,1.0000000,1.0000,[],12
82.2862,91.3019,-78.8129,0.0975707,CCCCCCCCCCCCOc1ccc2ccccc2c1C=C(CNc1ccc(C2C=CC(CCCNc3ccc4oc(C5CN6CCC5CC6)cc(=O)c4c3)CC2)cc1)c1ccccc1,1,O=c1cc(C2CN3CCC2CC3)oc2ccc(NCCCC3C=CC(c4ccc(NCC(=Cc5cccc6ccccc56)c5ccccc5)cc4)CC3)cc12,0.0981133,375.9144,0.0358272,0.0358,0.3369624,5.4389,1.0000000,1.0000,[],12
37.6990,44.6703,-44.6703,0.0000000,CCN1CCN2N=CC=CC2c2cc3c(cc21)-c1ccccc1C3(C)C,1,C1=CC2c3cc4c(cc3NCCN2N=C1)-c1ccccc1C4,0.0000000,0.0000,0.0000000,0.0000,0.0000000,0.0000,0.0000000,0.0000,['[#7;!n][#7;!n]'],12
44.0322,53.0774,-49.8694,0.0250628,CC1(C)c2cc(C(c3ccc(N(c4ccccc4)c4ccccc4)cc3)C3CC3)ccc2N(c2ccccc2C(F)(F)F)c2ccc(N(c3ccccc3)c3ccccc3)cc21,1,c1ccc(N(c2ccccc2)c2ccc(C(c3ccc4c(c3)Cc3cc(N(c5ccccc5)c5ccccc5)ccc3N4c3ccccc3)C3CC3)cc2)cc1,0.0223258,358.9653,0.1361098,0.1361,0.4812289,3.6571,1.0000000,1.0000,[],12
23.8507,31.7288,6.3742,0.2976797,CN1c2ccc(N(c3ccccc3)c3ccccc3)cc2Sc2c1ccc1ccccc21,1,c1ccc(N(c2ccccc2)c2ccc3c(c2)Sc2c(ccc4ccccc24)N3)cc1,0.2935893,390.4671,0.2830424,0.2830,0.6194742,2.3944,1.0000000,1.0000,[],12
36.0880,46.3410,-43.6239,0.0212276,Cn1c2ccccc2c2cc(-c3c4ccc(=[N+](C)C)cc-4oc4cc(N5CCCC5)ccc34)c(Cl)cc21,1,[N+]=c1ccc2c(-c3ccc4[nH]c5ccccc5c4c3)c3ccc(N4CCCC4)cc3oc-2c1,0.0185084,563.1130,0.1840723,0.1841,0.5591453,2.9067,1.0000000,1.0000,[],12
47.8055,55.8843,58.9976,0.8975149,COc1cc(OC)cc(-c2c(-c3ccc(C(F)(F)F)cc3)c(-c3ccc4ccccc4c3)c3nsnc3c2-c2ccc(N(c3ccccc3)c3ccccc3)cc2)c1,1,c1ccc(-c2c(-c3ccccc3)c(-c3ccc4ccccc4c3)c3nsnc3c2-c2ccc(N(c3ccccc3)c3ccccc3)cc2)cc1,0.9609981,434.7909,0.1458407,0.1458,0.5332671,3.1437,1.0000000,1.0000,[],12
22.3759,27.9460,-26.4379,0.0117817,Clc1nc(-c2ccccc2)oc1C=Cc1ccccc1,1,C(=Cc1cnc(-c2ccccc2)o1)c1ccccc1,0.0095364,349.5887,0.6621417,0.6621,0.6429471,2.2085,1.0000000,1.0000,[],12
26.6531,26.9921,-26.7764,0.0016858,Cc1ccc(C)c(-n2[nH]c(-c3ccccc3)cc2=O)c1,1,O=c1cc(-c2ccccc2)[nH]n1-c1ccccc1,0.0012263,327.2286,0.7560227,0.7560,0.6515322,2.1421,1.0000000,1.0000,[],12
29.7146,35.3184,-35.3184,0.0000000,c12ccccc2nc2c3c(ccc4c3c(c1)n2-c1ccccc1)ccc4,0,,0.0000000,0.0000,0.0000000,0.0000,0.0000000,0.0000,0.0000000,0.0000,None,12
54.4025,58.2631,-57.2129,0.0082050,CC(=Cc1ccc(-c2cc(-c3ccc4ccccc4c3)cc(N3c4cc(-c5ccc6c(c5)c5ccccc5n6-c5ccccc5)ccc4C4C=CC=CC43)c2)cc1C)c1ccccc1,1,C1=CC2c3ccc(-c4ccc5c(c4)c4ccccc4n5-c4ccccc4)cc3N(c3cc(-c4ccc(C=Cc5ccccc5)cc4)cc(-c4ccc5ccccc5c4)c3)C2C=C1,0.0068924,346.0343,0.1454761,0.1455,0.4336579,4.1775,1.0000000,1.0000,[],12
36.7798,49.4328,30.7987,0.6268084,CCOc1ccc(N(c2ccc(-c3ccc(N(c4ccccc4)c4ccccc4OCC)cc3)cc2)c2ccc(-c3ccc(-c4cccs4)s3)cc2)cc1,1,c1ccc(N(c2ccccc2)c2ccc(-c3ccc(N(c4ccccc4)c4ccc(-c5ccc(-c6cccs6)s5)cc4)cc3)cc2)cc1,0.6623852,407.3172,0.1175027,0.1175,0.5609364,2.8907,1.0000000,1.0000,[],12
47.2028,52.6101,52.8053,0.8235578,CCCCCCCCCCCCCCCCCCN(C)c1ccc(C=Cc2c(C)c(=O)oc3cc(OCCC4CCCN4)ccc23)cc1,1,O=c1cc(C=Cc2ccccc2)c2ccc(OCCC3CCCN3)cc2o1,0.8971647,423.5182,0.0767903,0.0768,0.4958100,3.5078,1.0000000,1.0000,[],12
41.0692,47.1590,-26.4160,0.1620548,c1ccc(N(c2ccccc2)c2ccc3cccc(-c4cccc(C(=C5c6ccccc6-c6ccccc65)c5ccc6c(c5)c5ccccc5n6-c5ccccc5)c4)c3c2)cc1,1,c1ccc(N(c2ccccc2)c2ccc3cccc(-c4cccc(C(=C5c6ccccc6-c6ccccc65)c5ccc6c(c5)c5ccccc5n6-c5ccccc5)c4)c3c2)cc1,0.1581941,381.8495,0.1561486,0.1561,0.5385859,3.0940,1.0000000,1.0000,[],12
32.7084,37.0507,-17.4899,0.1528185,c1ccc(-c2nc3c4ccccc4n(-c4ccc(-c5ccccc5)c5ccccc45)c3nc2-c2ccccc2)cc1,1,c1ccc(-c2nc3c4ccccc4n(-c4ccc(-c5ccccc5)c5ccccc45)c3nc2-c2ccccc2)cc1,0.1464342,380.8601,0.2298311,0.2298,0.6290257,2.3179,1.0000000,1.0000,[],12
35.6271,42.4932,-42.1812,0.0024376,CCCCCCc1ccc2c(c1)c1ccccc1n2-c1ccc(-c2ccc(-n3ccc4cc(-c5ccccc5)ccc43)c3ccccc23)cc1,1,c1ccc(-c2ccc3c(ccn3-c3ccc(-c4ccc(-n5c6ccccc6c6ccccc65)cc4)c4ccccc34)c2)cc1,0.0019123,332.0597,0.1384042,0.1384,0.5791042,2.7314,1.0000000,1.0000,[],12
26.5750,28.6218,-27.3216,0.0101576,COc1cc(-c2ccccc2)c(OC)cc1C=NO,1,c1ccc(-c2ccccc2)cc1,0.0082133,347.9525,0.5196659,0.5197,0.6703311,1.9999,1.0000000,1.0000,[],12
69.5385,71.2389,-71.2389,0.0000000,c12c3c4c(cc5c(c4c(=O)[nH]2)cccc5)c2c4c(=O)c5c(cccc5)n(c4c2ccc3c2ccncc12)-c1cc(ccc1)C#N,0,,0.0000000,0.0000,0.0000000,0.0000,0.0000000,0.0000,0.0000000,0.0000,None,12
43.8468,46.3448,-46.3448,0.0000000,O=C(NC1C2(C)CCC3C(CCC4C3(CCCC4)C)C=2C=C1c1[nH]cnc1)C,0,,0.0000000,0.0000,0.0000000,0.0000,0.0000000,0.0000,0.0000000,0.0000,None,12
35.2756,46.8655,67.5875,0.8941641,CCCCCCCC(C)NC(=O)C(=N)c1c2ccc(=N)cc-2oc2cc(O)ccc12,1,N=c1ccc2cc3ccccc3oc-2c1,0.9448994,489.1443,0.2285897,0.2286,0.5028754,3.4371,1.0000000,1.0000,[],12
37.0602,41.0950,-41.0950,0.0000000,c1cc(-c2ccc3N(c4cccc5Sc6ccccc6N4c4ccccc4B5c3c2-c2ccccc2)c2ccccc2)ccc1,0,,0.0000000,0.0000,0.0000000,0.0000,0.0000000,0.0000,0.0000000,0.0000,None,12
22.7978,35.8591,-35.4597,0.0031204,CN(CCO)c1ccc(CNc2ccc(-c3ccc(N(c4ccccc4)c4ccccc4)cc3)cc2)cc1,1,c1ccc(CNc2ccc(-c3ccc(N(c4ccccc4)c4ccccc4)cc3)cc2)cc1,0.0024445,334.7314,0.2050978,0.2051,0.6356812,2.2653,1.0000000,1.0000,[],12
27.6683,29.3197,-26.5116,0.0219384,O=C(C=Cc1ccccc1)C1=C(O)C(=O)N(c2ccccc2)C1c1cccc(O)c1,1,O=C(C=Cc1ccccc1)C1=CC(=O)N(c2ccccc2)C1c1ccccc1,0.0184225,356.8356,0.6182328,0.6182,0.5881758,2.6536,1.0000000,1.0000,[],12
62.6594,72.0412,-67.3893,0.0363429,CCCN1c2ccccc2C(CC)(c2ccccc2)c2c(n(C3C=Cc4ccc(N5CCCC5)cc4-c4ccccc43)c3ccc(OCC)cc23)C1c1ccccc1,1,C1=CC(n2c3c(c4ccccc42)C(c2ccccc2)c2ccccc2NC3c2ccccc2)c2ccccc2-c2cc(N3CCCC3)ccc21,0.0330450,363.3425,0.1462016,0.1462,0.4130594,4.4208,1.0000000,1.0000,[],12
39.8202,48.1533,11.1466,0.4632802,CCCCn1c(=O)c(-c2cc(Cl)ccc2Cl)cc2ccc(N(c3ccccc3)c3ccc(C)cc3)cc21,1,O=c1[nH]c2cc(N(c3ccccc3)c3ccccc3)ccc2cc1-c1ccccc1,0.4721747,398.7903,0.2105931,0.2106,0.6125515,2.4506,1.0000000,1.0000,[],12
50.0926,57.2589,62.5388,0.9359200,CCCCC(CC)CN1C(=Cc2nc3ccccc3o2)C(=O)c2c(C)c(-c3cncs3)cc(C)c21,1,O=C1C(=Cc2nc3ccccc3o2)Nc2ccc(-c3cncs3)cc21,0.9915141,468.3100,0.2380354,0.2380,0.4707368,3.7673,1.0000000,1.0000,[],12
68.2284,83.8313,-18.1757,0.5129346,CCC1NC(=C2CCCC2)C2(N=C1c1ccccc1C)c1ccccc1-c1c(C)cc(-c3c4ccccc4c(-c4c(C)ccc5ccccc45)c4ccccc34)cc12,1,c1ccc(C2=NC3(C(=C4CCCC4)NC2)c2ccccc2-c2ccc(-c4c5ccccc5c(-c5cccc6ccccc56)c5ccccc45)cc23)cc1,0.5332941,401.4481,0.1781237,0.1781,0.3945419,4.6501,1.0000000,1.0000,[],12
51.2948,67.1831,-60.5878,0.0515255,Oc1ccc(C=Cc2ccc(N(c3ccccc3)c3ccccc3)cc2)cc1-c1c(-c2ccc(N(c3ccccc3)c3ccccc3)cc2)cc(-c2ccc(F)cc2)cc1-c1cnc(-c2ccc(F)cc2)nc1,1,C(=Cc1cccc(-c2c(-c3ccc(N(c4ccccc4)c4ccccc4)cc3)cc(-c3ccccc3)cc2-c2cnc(-c3ccccc3)nc2)c1)c1ccc(N(c2ccccc2)c2ccccc2)cc1,0.0478453,367.5283,0.1167418,0.1167,0.5104181,3.3626,1.0000000,1.0000,[],12
57.9846,69.9274,-23.5888,0.3620202,C=Cc1c(CCC)n(CCCC)c2c1c(N=Cc1ccc(-n3c(CC)nc4ccccc43)cc1)nc1cc(N3c4ccccc4Oc4ccccc43)ccc12,1,C(=Nc1nc2cc(N3c4ccccc4Oc4ccccc43)ccc2c2[nH]ccc12)c1ccc(-n2cnc3ccccc32)cc1,0.3719670,394.3130,0.1248313,0.1248,0.4933976,3.5322,1.0000000,1.0000,[],12
38.6141,45.2223,-45.2223,0.0000000,CC1(C(N(c2c(C1(c1ccccc1)c1ccccc1)cc(c(N(c1ccccc1)c1ccccc1)c1c2cccc1)C)C)=O)C,0,,0.0000000,0.0000,0.0000000,0.0000,0.0000000,0.0000,0.0000000,0.0000,None,12
21.3617,25.1745,-25.1626,0.0000925,CC(c1ccccc1)(c1ccccc1)c1ccc(O)cc1,1,c1ccc(C(c2ccccc2)c2ccccc2)cc1,0.0000578,294.0535,0.6834865,0.6835,0.6981416,1.7967,1.0000000,1.0000,[],12
43.6989,57.1065,63.5022,0.9422551,CCCC[n+]1ccc(C=Cc2ccc(-c3c(C#N)c(-c4cncnc4)nc4sc(C#N)c(N)c34)cc2)cc1,1,C(=Cc1ccc(-c2cc(-c3cncnc3)nc3sccc23)cc1)c1cc[nH+]cc1,0.9931808,454.0823,0.2661605,0.2662,0.5150680,3.3173,1.0000000,1.0000,[],12
82.2328,85.8083,-85.8083,0.0000000,c1(ccccc1)CN1c2c3c(cc(c2Oc2c1cccc2)-c1nc(nc(n1)C1(CC(C2C=CC(c4c5c6ccccc6oc5ccc4)=N2)C=1)C(C)(C)C)OCC)cccc3,0,,0.0000000,0.0000,0.0000000,0.0000,0.0000000,0.0000,0.0000000,0.0000,None,12
64.2278,66.1727,-66.1727,0.0000000,NN1c2ccc3ccccc3c2-c2cccc3c1c(N1c4ccc5c6ccccc6n(-c6ccccc6)c5c4Oc4ccc5ccccc5c41)ccc23,1,c1ccc(-n2c3ccccc3c3ccc4c(c32)Oc2ccc3ccccc3c2N4c2ccc3c4cccc3c2Nc2ccc3ccccc3c2-4)cc1,0.0000000,0.0000,0.0000000,0.0000,0.0000000,0.0000,0.0000000,0.0000,['[#7;!n][#7;!n]'],12
37.5336,47.3889,-47.3889,0.0000000,c1ccc(-c2c3c(oc4cc5c(cc42)ccc(O)c5)cc(N(C)C)c2ccccc32)o1,0,,0.0000000,0.0000,0.0000000,0.0000,0.0000000,0.0000,0.0000000,0.0000,None,12
22.9050,23.3265,-23.3265,0.0000000,O=C(O)Cc1[nH]nc2ccccc12,1,c1ccc2n[nH]cc2c1,0.0000000,0.0000,0.0000000,0.0000,0.0000000,0.0000,0.0000000,0.0000,"['C(=[O,S])[O,S]']",12
22.2727,25.9535,-25.8838,0.0005443,O=S(=O)(c1ccccc1)c1cccc(C=Cc2ccccc2)c1,1,O=S(=O)(c1ccccc1)c1cccc(C=Cc2ccccc2)c1,0.0003743,314.3340,0.6535557,0.6536,0.6944374,1.8233,1.0000000,1.0000,[],12
35.8437,42.2834,-37.6803,0.0359619,CCN(CCN1CCOCC1)c1ccc2c(=C(C#N)C#N)c(=C(C#N)C#N)c3ccccc3c2c1,1,C=c1c(=C)c2ccc(NCCN3CCOCC3)cc2c2ccccc12,0.0312073,557.2994,0.5380944,0.5381,0.5232651,3.2383,1.0000000,1.0000,[],12
33.7234,40.9704,78.7509,0.9353225,CN(C)c1ccc2c(c1)C(=O)c1c-2oc2c(-c3ccc(Cl)cc3)cccc12,1,O=C1c2ccccc2-c2oc3c(-c4ccccc4)cccc3c21,0.9706428,482.0164,0.3784772,0.3785,0.6247228,2.3522,1.0000000,1.0000,[],12
52.1333,55.2371,-55.0961,0.0011016,CCCN(CCC)c1ccc2oc3cccc4c3-n(c(=CC=CC=CN(C)Cc3ccc(N(C)C)cc3)n4CC)c2c1,1,C(=CC=c1[nH]c2cccc3oc4ccccc4n1-c23)C=CNCc1ccccc1,0.0008366,596.9281,0.1156471,0.1156,0.4852904,3.6150,1.0000000,1.0000,[],12
50.0805,60.4128,-60.4128,0.0000000,c1c2c3occ(-c4ccccc4)c3c3nc(-c4ccccn4)c4cccc(-c5ccccc5)c-3c2ccc1CC,0,,0.0000000,0.0000,0.0000000,0.0000,0.0000000,0.0000,0.0000000,0.0000,None,12
35.5199,39.0121,-28.3311,0.0834452,COc1cc(O)c(-c2nc3c(Nc4ccccc4)ncnc3s2)c(O)c1O,1,c1ccc(Nc2ncnc3sc(-c4ccccc4)nc23)cc1,0.0768079,373.0028,0.3119188,0.3119,0.5918986,2.6221,1.0000000,1.0000,[],12
61.2739,75.2597,-75.2597,0.0000000,n1c2c3ccc4c(cccc4)c3c3ccc(-c4c(C=Cc5ccc(cc5)-c5ccccc5)c2C4C=Cc2ccc4ccccc4c2)cc3cc1,0,,0.0000000,0.0000,0.0000000,0.0000,0.0000000,0.0000,0.0000000,0.0000,None,12
50.7252,54.4040,-54.4040,0.0000000,c1(coc2c(ccc(-c3ccccc3)[n+]12)=O)-c1ccc(cc1)C1=CCCC1,0,,0.0000000,0.0000,0.0000000,0.0000,0.0000000,0.0000,0.0000000,0.0000,None,12
36.1928,40.8896,-32.5930,0.0648174,CCCCCCCCCCC1(CCCCCCCC)c2cc(-c3ccc(N=C(c4ccccc4)c4ccccc4)cc3)ccc2-c2ccc(-c3ccc(-c4ccc(N(c5ccccc5)c5ccccc5)cc4)cc3)cc21,1,c1ccc(C(=Nc2ccc(-c3ccc4c(c3)Cc3cc(-c5ccc(-c6ccc(N(c7ccccc7)c7ccccc7)cc6)cc5)ccc3-4)cc2)c2ccccc2)cc1,0.0630837,370.7054,0.0411503,0.0412,0.4644509,3.8345,1.0000000,1.0000,[],12
22.8587,29.5296,-29.5296,0.0000000,c1(c2c3c4c(cccc4ccc3c(N(c3ccccc3)c3ccccc3)c1)ccc2N(c1ccccc1)c1ccccc1)-c1ccccc1,0,,0.0000000,0.0000,0.0000000,0.0000,0.0000000,0.0000,0.0000000,0.0000,None,12
65.9453,78.7486,-78.7486,0.0000001,CCCCn1[nH]c(=Cc2c(O)cccc2OCCC)c(=CC=CC=CC=C(CCC)N2c3cc(-n4c5ccccc5c5ccccc54)ccc3Oc3ccc4ccccc4c32)c1=O,1,O=c1[nH][nH]c(=Cc2ccccc2)c1=CC=CC=CC=CN1c2cc(-n3c4ccccc4c4ccccc43)ccc2Oc2ccc3ccccc3c21,0.0000001,697.9542,0.1066342,0.1066,0.4414194,4.0888,1.0000000,1.0000,[],12
82.4321,97.9334,-97.9334,0.0000000,c12n(c(-c3cc(c(cc3)OC)OC)c(-c3ccccc3)c3n1c(cc(C1=C(C(C)=O)C(N(C1=O)c1ccc(-n4c5c(c6c4cccc6)cccc5)cc1)(C)C)c2)n3CC(O)=O)=O,0,,0.0000000,0.0000,0.0000000,0.0000,0.0000000,0.0000,0.0000000,0.0000,None,12
66.9737,79.0878,-79.0878,0.0000000,Brc1c2c3occc3c3oc(=C(C#N)C#N)c(c3c2cc(OC)c1OC)C=c1c(c(=O)c(c(OCC)c1)-c1ccccc1)=O,0,,0.0000000,0.0000,0.0000000,0.0000,0.0000000,0.0000,0.0000000,0.0000,None,12
48.0257,56.2301,15.5019,0.5604063,c1ccc(-c2cn3nc(-c4ccc(-c5ccc6c(-c7ccccc7)c7c(-c8ccccc8)c(-c8ccccc8)c8ccccc8c7c(-c7ccccc7)c6c5)cc4)cc3s2)cc1,1,c1ccc(-c2cn3nc(-c4ccc(-c5ccc6c(-c7ccccc7)c7c(-c8ccccc8)c(-c8ccccc8)c8ccccc8c7c(-c7ccccc7)c6c5)cc4)cc3s2)cc1,0.5894734,403.9281,0.1158215,0.1158,0.5400313,3.0806,1.0000000,1.0000,[],13
22.3073,27.4942,-27.4942,0.0000000,O(c1ccc(cc1)-c1c(=S)sss1)C,0,,0.0000000,0.0000,0.0000000,0.0000,0.0000000,0.0000,0.0000000,0.0000,None,13
38.8282,45.0695,12.0481,0.4462305,CC1(C)c2ccc(N(c3ccccc3)c3ccccc3)cc2-c2cc3c4cc(Nc5ccccc5)ccc4c4c5ccccc5oc4c3cc21,1,c1ccc(Nc2ccc3c(c2)c2cc4c(cc2c2oc5ccccc5c32)Cc2ccc(N(c3ccccc3)c3ccccc3)cc2-4)cc1,0.4564021,398.1017,0.1894049,0.1894,0.5531770,2.9604,1.0000000,1.0000,[],13
40.2193,50.0204,67.5989,0.9189008,CN1C(=CC=Cc2ccc3nc(C=Cc4ccc(N(c5ccccc5)c5ccc(C=Cc6ccc(N(c7ccccc7)c7ccccc7)cc6)cc5)cc4)sc3c2)Sc2ccccc21,1,C(=Cc1ccc2nc(C=Cc3ccc(N(c4ccccc4)c4ccc(C=Cc5ccc(N(c6ccccc6)c6ccccc6)cc5)cc4)cc3)sc2c1)C=C1Nc2ccccc2S1,0.9940777,464.3768,0.1138749,0.1139,0.5027179,3.4386,1.0000000,1.0000,[],13
34.7805,43.0415,-37.0667,0.0466782,Cn1c2ccccc2c2cc(-c3ccc(N(c4ccc(-c5ccc6c7ccccc7n(C)c6c5)cc4)c4ccc5c(c4)C(C)(C)c4ccccc4-5)cc3)ccc21,1,c1ccc2c(c1)Cc1cc(N(c3ccc(-c4ccc5c(c4)[nH]c4ccccc45)cc3)c3ccc(-c4ccc5[nH]c6ccccc6c5c4)cc3)ccc1-2,0.0425112,366.1842,0.1725902,0.1726,0.5575578,2.9209,1.0000000,1.0000,[],13
20.3275,27.0603,49.8489,0.6008526,CN(C)c1ccc(C=Cc2ccc(N=Cc3ccc(N(c4ccccc4)c4ccccc4)cc3)cc2)cc1,1,C(=Cc1ccc(N=Cc2ccc(N(c3ccccc3)c3ccccc3)cc2)cc1)c1ccccc1,0.6261340,405.5988,0.1584799,0.1585,0.6262388,2.3401,1.0000000,1.0000,[],13
60.0711,63.4024,-63.4024,0.0000000,c12c(cccc1)/c(cc1c2-c2ccccc2C21c1ccccc1-c1c(-c3ccccc3)ccc(c12)=C(c1ccccc1)c1ccccn1)=C\c1ccccc1,0,,0.0000000,0.0000,0.0000000,0.0000,0.0000000,0.0000,0.0000000,0.0000,None,13
40.0878,52.7072,-52.7072,0.0000000,N#CC(=Cc1ccc(-c2cc3cc4C(CC)C(=CC=c4n3cc2)N(c2ccccc2)c2ccccc2)cc1)CC,0,,0.0000000,0.0000,0.0000000,0.0000,0.0000000,0.0000,0.0000000,0.0000,None,13
40.2729,50.8783,68.2878,0.9309852,CC(CCc1ccccc1)=Nc1ccc2c(c1)N=C(c1ccccc1)C2=Cc1ccc(N(c2ccccc2)c2ccccc2)cc1,1,C(CCc1ccccc1)=Nc1ccc2c(c1)N=C(c1ccccc1)C2=Cc1ccc(N(c2ccccc2)c2ccccc2)cc1,0.9960081,459.9270,0.1532715,0.1533,0.5642359,2.8614,1.0000000,1.0000,[],13
38.3927,38.0277,-37.8304,0.0015417,Cn1cc(-n2cnc3cc([N+](=O)[O-])ccc32)c2ccccc2c1=O,1,O=c1[nH]cc(-n2cnc3ccccc32)c2ccccc12,0.0011385,326.4206,0.4198347,0.4198,0.6166092,2.4176,1.0000000,1.0000,[],13
89.9814,102.3140,-102.3140,0.0000000,c1cc(ccc1OCCOC(=O)c1oc2c(c(O)c3sc(cc3c2CCC(O)=O)C=Cc2c3ccc(cc3oc3-c2ccc(c3)=[N+](CC)Cc2cc3c(cc2)n(c2ccc(N(CC)CC)cc32)CC)=O)cc1)N1CCCCC1,0,,0.0000000,0.0000,0.0000000,0.0000,0.0000000,0.0000,0.0000000,0.0000,None,13
51.4868,51.3829,-49.7331,0.0128888,Cc1ccccc1Nc1cc2c(cc1C)C(C)(C)c1c(C=Cc3ccccc3)cc(C=N)cc1-2,1,C(=Cc1cccc2c1Cc1ccc(Nc3ccccc3)cc1-2)c1ccccc1,0.0108609,351.0153,0.2357182,0.2357,0.5601856,2.8974,1.0000000,1.0000,[],13
30.8835,33.6127,-32.8690,0.0058104,Cn1cc(-c2cc3ccccc3nc2N)c2ccncc2c1=O,1,O=c1[nH]cc(-c2cnc3ccccc3c2)c2ccncc12,0.0045528,341.5066,0.5864862,0.5865,0.6157987,2.4242,1.0000000,1.0000,[],13
53.1089,50.7185,-50.7185,0.0000000,Cc1c(-c2ccc3ccc(Cl)cc3n2)c2ccc(CNC3CCCCC3)cc2n1C(C)(C)C(=O)O,1,c1ccc2nc(-c3c[nH]c4cc(CNC5CCCCC5)ccc34)ccc2c1,0.0000000,0.0000,0.0000000,0.0000,0.0000000,0.0000,0.0000000,0.0000,"['C(=[O,S])[O,S]']",13
60.8253,71.7406,-48.3771,0.1825276,Cc1ccc(Oc2ccc(N(Cc3ccc(OCCC4CO4)c(C=Cc4ccc(N(c5ccccc5)c5ccccc5)cc4)c3)c3ccc4c(c3)CCCO4)cc2)cc1,1,C(=Cc1cc(CN(c2ccc(Oc3ccccc3)cc2)c2ccc3c(c2)CCCO3)ccc1OCCC1CO1)c1ccc(N(c2ccccc2)c2ccccc2)cc1,0.1838476,383.8172,0.0763287,0.0763,0.4793326,3.6768,1.0000000,1.0000,[],13
35.5627,49.6591,-19.2202,0.2378044,O=C(c1ccc(-c2nc3ccc(-c4ccc(N(c5ccccc5)c5ccccc5)cc4)cc3s2)cc1)N1CCN(c2ccc(C=Cc3ccc(N(c4ccccc4)c4ccccc4)cc3)cc2)CC1,1,O=C(c1ccc(-c2nc3ccc(-c4ccc(N(c5ccccc5)c5ccccc5)cc4)cc3s2)cc1)N1CCN(c2ccc(C=Cc3ccc(N(c4ccccc4)c4ccccc4)cc3)cc2)CC1,0.2393579,387.4467,0.1142802,0.1143,0.5239231,3.2321,1.0000000,1.0000,[],13
46.5410,48.3672,-48.3672,0.0000000,CC(CO)C(C)NC(=O)C(Cc1ccc(O)cc1)NC(=O)C(CC(=O)O)NC(=O)C=Cc1ccc(-c2ccccc2)cc1,1,O=C(C=Cc1ccc(-c2ccccc2)cc1)NCC(=O)NCCc1ccccc1,0.0000000,0.0000,0.0000000,0.0000,0.0000000,0.0000,0.0000000,0.0000,"['C(=[O,S])[O,S]']",13
23.8465,26.5219,-5.9620,0.1606242,c1ccc(-c2c3ccccc3c(-c3ccc4c(c3)c3ccccc3n4-c3ccccc3)c3ccccc23)cc1,1,c1ccc(-c2c3ccccc3c(-c3ccc4c(c3)c3ccccc3n4-c3ccccc3)c3ccccc23)cc1,0.1544399,381.5404,0.2148551,0.2149,0.6702907,2.0002,1.0000000,1.0000,[],13
38.9357,44.3141,-44.3141,0.0000000,CCCC(C)(CC=CC=CC=CC=CC=CC=Cc1ccoc1)CCC(=O)O,1,c1ccoc1,0.0000000,0.0000,0.0000000,0.0000,0.0000000,0.0000,0.0000000,0.0000,"['C(=[O,S])[O,S]']",13
28.4159,25.3795,-25.3788,0.0000060,CCN(C(=O)C(C)(C)O)c1ccccc1,1,c1ccccc1,0.0000032,262.7806,0.8207984,0.8208,0.6469231,2.1776,1.0000000,1.0000,[],13
33.4349,39.6628,70.3867,0.8597614,COc1ccc(N(c2ccccc2)c2cccc3cc(OC)c4ccc(=O)oc4c23)cc1,1,O=c1ccc2ccc3cccc(N(c4ccccc4)c4ccccc4)c3c2o1,0.9012769,424.0110,0.2407030,0.2407,0.6178858,2.4073,1.0000000,1.0000,[],13
37.1007,48.4836,-32.2381,0.1269183,CCCCN1c2ccccc2Sc2ccc(-c3ccc(-c4ccc(-n5c6ccccc6c6cc7ccccc7cc65)cc4)s3)cc21,1,c1ccc2c(c1)Nc1cc(-c3ccc(-c4ccc(-n5c6ccccc6c6cc7ccccc7cc65)cc4)s3)ccc1S2,0.1215857,378.5296,0.1809994,0.1810,0.5725205,2.7885,1.0000000,1.0000,[],13
34.5175,43.6616,23.1700,0.5221217,O=C(c1ccsc1)c1sc2cccc(-c3ccc(N(c4ccccc4)c4ccccc4)cc3)c2c1O,1,O=C(c1ccsc1)c1cc2c(-c3ccc(N(c4ccccc4)c4ccccc4)cc3)cccc2s1,0.5342405,401.4894,0.2305236,0.2305,0.5984344,2.5672,1.0000000,1.0000,[],13
25.3572,33.2670,69.9634,0.8064876,C(=Cc1cc2ccccc2s1)c1ccc(-c2ccc(N(c3ccccc3)c3ccc4ccccc4c3)cc2)s1,1,C(=Cc1cc2ccccc2s1)c1ccc(-c2ccc(N(c3ccccc3)c3ccc4ccccc4c3)cc2)s1,0.8476887,418.6376,0.2046224,0.2046,0.5918701,2.6223,1.0000000,1.0000,[],13
19.2985,23.0377,92.3723,0.9016409,CCN(CC)c1ccc2oc3ccccc3c(=O)c2c1,1,O=c1c2ccccc2oc2ccccc12,0.9156667,425.8935,0.6768413,0.6768,0.6659222,2.0329,1.0000000,1.0000,[],13
30.3041,30.7177,-28.9318,0.0139518,COc1cc(CBr)c(C=O)c2ccsc12,1,c1ccc2sccc2c1,0.0114416,351.5872,0.6357161,0.6357,0.5602223,2.8971,1.0000000,1.0000,[],13
24.2677,24.2268,-24.2208,0.0000470,Nc1c(F)cccc1N1CCN2CCCC2C1,1,c1ccc(N2CCN3CCCC3C2)cc1,0.0000284,286.3328,0.7518602,0.7519,0.5899324,2.6387,1.0000000,1.0000,[],13
21.3958,22.9132,-22.9070,0.0000485,c1ccc(CCn2c(-c3ccccc3)nc3ccccc32)cc1,1,c1ccc(CCn2c(-c3ccccc3)nc3ccccc32)cc1,0.0000296,286.7657,0.5212344,0.5212,0.7204943,1.6391,1.0000000,1.0000,[],13
38.4165,51.2014,27.8420,0.6175266,CC1(C)c2ccccc2-c2ccc(N(c3ccccc3)c3ccc(C=Cc4ccc5c(c4)N(c4ccccc4)c4ccc(-c6ccc(N(c7ccccc7)c7ccccc7)cc6)cc4O5)cc3)cc21,1,C(=Cc1ccc2c(c1)N(c1ccccc1)c1ccc(-c3ccc(N(c4ccccc4)c4ccccc4)cc3)cc1O2)c1ccc(N(c2ccccc2)c2ccc3c(c2)Cc2ccccc2-3)cc1,0.6518119,406.8077,0.1273759,0.1274,0.5062240,3.4039,1.0000000,1.0000,[],13
36.7351,43.5616,-43.5616,0.0000000,CCCCCn1c2c(c3ccccc31)-c1ccc(N(c3ccccc3)c3ccccc3)c3c4c(c5cccc-3c5c1-4)C=C2,1,C1=Cc2c3c4c(N(c5ccccc5)c5ccccc5)ccc(c-3c3c-4cccc23)-c2c1[nH]c1ccccc21,0.0000000,0.0000,0.0000000,0.0000,0.0000000,0.0000,0.0000000,0.0000,['[*;r{8-17}]'],13
23.4758,22.7842,-22.7842,0.0000000,O=CC(O)(O)CC(=O)O,1,,0.0000000,0.0000,0.0000000,0.0000,0.0000000,0.0000,0.0000000,0.0000,"['C(=[O,S])[O,S]']",13
26.5063,31.4034,72.3577,0.8106336,c1csc(-c2ccc(-c3ccc(-c4ccc(-c5ccc(-c6cccs6)s5)s4)s3)cc2)c1,1,c1csc(-c2ccc(-c3ccc(-c4ccc(-c5ccc(-c6cccs6)s5)s4)s3)cc2)c1,0.8486602,418.7195,0.2262954,0.2263,0.6228161,2.3675,1.0000000,1.0000,[],13
20.6695,24.1906,-23.0021,0.0092847,Nc1ccc2cc(O)c(N)cc2c1,1,c1ccc2ccccc2c1,0.0075282,346.9994,0.4202256,0.4202,0.6462119,2.1831,1.0000000,1.0000,[],13
46.1891,54.0326,64.6554,0.9272498,Oc1ccc(C(=Cc2cccc(-c3ccc4c(c3)=C(c3ccccc3)CC=CC=4c3ccccc3)c2)c2ccc(O)cc2)cc1,1,C1=CC(c2ccccc2)=c2ccc(-c3cccc(C=C(c4ccccc4)c4ccccc4)c3)cc2=C(c2ccccc2)C1,0.9849020,445.3618,0.1935353,0.1935,0.5540244,2.9527,1.0000000,1.0000,[],13
62.9931,69.9864,-25.1398,0.3503634,CNc1ccc(C2=NC(=C3c4cc(-c5cccc6ncncc56)ccc4Cc4scnc43)C(C)=N2)cc1,1,C1=NC(c2ccccc2)=NC1=C1c2cc(-c3cccc4ncncc34)ccc2Cc2scnc21,0.3489546,526.7711,0.3071950,0.3072,0.5167643,3.3008,1.0000000,1.0000,[],13
25.0202,34.2812,-2.9343,0.2448975,C(=Cc1ccc(N(c2ccccc2)c2ccccc2)cc1)c1ccc(-c2ccc(N(c3ccccc3)c3ccc(-c4nc5ccccc5o4)cc3)cc2)cc1,1,C(=Cc1ccc(N(c2ccccc2)c2ccccc2)cc1)c1ccc(-c2ccc(N(c3ccccc3)c3ccc(-c4nc5ccccc5o4)cc3)cc2)cc1,0.2450397,387.7828,0.1324999,0.1325,0.5986367,2.5655,1.0000000,1.0000,[],13
47.0364,47.4484,-44.7859,0.0208004,C=CNc1oc(-c2ccc3c(c2)CC(=O)N3C)cc1C(=N)N,1,O=C1Cc2cc(-c3ccco3)ccc2N1,0.0174745,356.2515,0.5956532,0.5957,0.5332537,3.1438,1.0000000,1.0000,[],13
44.6335,43.7949,-43.7949,0.0000000,CCOC(=O)c1cc(-c2ccco2)sc1N=C(N)CCCCCN(CC)CC,1,c1coc(-c2cccs2)c1,0.0000000,0.0000,0.0000000,0.0000,0.0000000,0.0000,0.0000000,0.0000,"['C(=[O,S])[O,S]']",13
73.6534,82.0972,-82.0972,0.0000000,CCCCCCCN1c2ncccc2-c2cc3c(cc2Br)C1C(c1ccc(C=C2C=CC=CC4=C2c2ccccc24)[nH]1)=CC=C3,1,C1=CC(=Cc2ccc(C3=CC=Cc4cc5ccc4C3Nc3ncccc3-5)[nH]2)C2=C(C=C1)c1ccccc12,0.0000000,0.0000,0.0000000,0.0000,0.0000000,0.0000,0.0000000,0.0000,['[*;r{8-17}]'],13
54.6223,56.8678,-56.8678,0.0000000,c1(COc2ccn3c(sc3c2-c2ccc(C)c3c4c(oc23)c(ccc4)C)=O)ccccc1Cl,0,,0.0000000,0.0000,0.0000000,0.0000,0.0000000,0.0000,0.0000000,0.0000,None,13
50.2079,60.0008,-35.1251,0.1943415,NS(=O)(=O)c1ccc(-c2ccc3cc(-c4ccc(N(c5cccc6c5CC5CCC65)c5cccc6ccccc56)cc4)sc3c2)cc1,1,c1ccc(-c2ccc3cc(-c4ccc(N(c5cccc6c5CC5CCC65)c5cccc6ccccc56)cc4)sc3c2)cc1,0.1906302,384.3011,0.1951613,0.1952,0.4825948,3.6429,1.0000000,1.0000,[],13
40.7464,53.7928,59.9758,0.8888172,C[n+]1ccc(CCC[n+]2ccc(C=Cc3cc[n+](CCCCC[n+]4c(O)ccc5c(C=Cc6ccccc6)cccc54)cc3)cc2)cc1,1,C(=Cc1cccc2c1ccc[n+]2CCCCC[n+]1ccc(C=Cc2cc[n+](CCCc3cc[nH+]cc3)cc2)cc1)c1ccccc1,0.9725062,481.2836,0.0776531,0.0777,0.4791779,3.6784,1.0000000,1.0000,[],13
28.0086,33.4639,-33.3271,0.0010687,Oc1ccc(-c2c3c(cc4ccccc24)CCO3)c2ccccc12,1,c1ccc2c(-c3c4c(cc5ccccc35)CCO4)cccc2c1,0.0007685,322.1500,0.5165531,0.5166,0.6367441,2.2569,1.0000000,1.0000,[],13
67.3609,74.9017,-74.9017,0.0000000,CCN(CC)c1ccc2c(C(=O)O)c(C=c3ccc4c5cccc6sc(C(=O)O)cc(c5=O)=c6c4c3)c(=O)oc2c1,1,O=c1oc2ccccc2cc1C=c1ccc2c3cccc4sccc(c3=O)=c4c2c1,0.0000000,0.0000,0.0000000,0.0000,0.0000000,0.0000,0.0000000,0.0000,"['[*;r{8-17}]', 'C(=[O,S])[O,S]']",13
34.7125,33.2177,-33.1071,0.0008635,C=C(Cl)CN(c1ccc(Br)cc1)c1ccc(C#N)cc1,1,c1ccc(Nc2ccccc2)cc1,0.0006071,319.5885,0.7586943,0.7587,0.6112499,2.4612,1.0000000,1.0000,[],13
97.1941,103.6412,11.3166,0.8981085,NCCc1ccc(-c2ccc(Cc3cc4c(oc3=O)-c3c(C(N)=Nc5ccccc5Cl)c5ccccc5n3C(c3cc(O)ccc3O)=CN4Cc3ccccc3)cc2)cc1,1,O=c1oc2c(cc1Cc1ccc(-c3ccccc3)cc1)N(Cc1ccccc1)C=C(c1ccccc1)n1c-2c(C=Nc2ccccc2)c2ccccc21,0.9907960,469.1998,0.0611897,0.0612,0.4755226,3.7167,1.0000000,1.0000,[],13
28.6409,35.0005,-35.0005,0.0000000,c1(-c2c3=NC=c4c(-c3ccc2)cccc4)ccncc1,0,,0.0000000,0.0000,0.0000000,0.0000,0.0000000,0.0000,0.0000000,0.0000,None,13
35.8901,38.7678,-30.5930,0.0638656,O=C(c1ccc2ccc3c4ccccc4c4ccccc4c3c2c1)c1ccnc2ccccc12,1,O=C(c1ccc2ccc3c4ccccc4c4ccccc4c3c2c1)c1ccnc2ccccc12,0.0586469,369.8623,0.2037119,0.2037,0.6429696,2.2083,1.0000000,1.0000,[],13
40.6074,45.3469,-44.1748,0.0091565,Cc1ccc(-c2cc(-c3cccc4ccccc34)cc3c2nc(-c2ccccc2)n3-c2ccccc2)n1C,1,c1ccc(-c2nc3c(-c4ccc[nH]4)cc(-c4cccc5ccccc45)cc3n2-c2ccccc2)cc1,0.0075604,347.0461,0.2421178,0.2421,0.6018708,2.5386,1.0000000,1.0000,[],13
38.4379,42.6770,73.0060,0.9037733,CC1=C(C=Cc2ccc(O)cc2)C(=O)c2c(c(O)cc3ccccc23)C1=O,1,O=C1C=C(C=Cc2ccccc2)C(=O)c2c1ccc1ccccc21,0.9192494,493.5928,0.7002193,0.7002,0.5916159,2.6245,1.0000000,1.0000,[],13
120.3932,122.5549,-122.5549,0.0000000,Cc1c(S(=O)(O)=O)cc(cc1)N/N=C1\C(C2=NCCCCN2c2c(O)c3C(=Cc4ccc(cc4)C=Cc4c4c([nH]3)c(N)c(O)c(c2)O)(c2ccc(c(O)c2)N(C)C)O1)(C)C,0,,0.0000000,0.0000,0.0000000,0.0000,0.0000000,0.0000,0.0000000,0.0000,None,13
48.9376,53.5655,-53.3258,0.0018726,CC(C)c1ccc(-c2ccccc2)c2[nH]c(-c3ccccc3)c(-c3cccc(-c4ccc(-c5cccc6c5-c5ccccc5C6(C)C)cc4)n3)c12,1,c1ccc(-c2[nH]c3c(-c4ccccc4)cccc3c2-c2cccc(-c3ccc(-c4cccc5c4-c4ccccc4C5)cc3)n2)cc1,0.0014362,328.9458,0.1895423,0.1895,0.5475817,3.0112,1.0000000,1.0000,[],13
43.3392,63.7713,-63.7713,0.0000000,c1cc(-c2c(C=Cc3ccc(N(c4ccc(C=Cc5c(cc(cc5)C=Cc5ccc(cc5)O)C=Cc5ccc(N(c6ccccc6)c6ccccc6)cc5)cc4)c4ccccc4)c3)ccc(-c3ccccc3)c2)ccc1N(c1ccccc1)c1ccccc1,0,,0.0000000,0.0000,0.0000000,0.0000,0.0000000,0.0000,0.0000000,0.0000,None,13
29.5904,29.0162,-29.0056,0.0000826,C=CCCCCCCCCCOc1ccc(C(=C)O)cc1,1,c1ccccc1,0.0000528,293.0732,0.2945512,0.2946,0.6485003,2.1655,1.0000000,1.0000,[],13
42.2345,53.4143,-2.3642,0.3988296,CCCCN(c1ccccc1)c1ccc(N(c2ccc(-c3ccc(-c4ccc5c6ccccc6n(-c6ccccc6)c5c4)s3)cc2)c2ccccc2C(F)(F)F)cc1,1,c1ccc(Nc2ccc(N(c3ccccc3)c3ccc(-c4ccc(-c5ccc6c7ccccc7n(-c7ccccc7)c6c5)s4)cc3)cc2)cc1,0.4107988,396.0841,0.1294317,0.1294,0.5295707,3.1784,1.0000000,1.0000,[],13
30.7331,35.9743,-34.3083,0.0130157,N=c1cc(Cc2ccccc2)c2ccc(-c3ccccn3)cc2o1,1,N=c1cc(Cc2ccccc2)c2ccc(-c3ccccn3)cc2o1,0.0106284,350.7777,0.6024111,0.6024,0.6255161,2.3459,1.0000000,1.0000,[],13
33.1979,36.6110,-36.4342,0.0013810,Cc1cc(N2c3ccccc3C(c3ccccc3)(c3ccccc3)c3cnccc32)nc(-c2ccccc2)n1,1,c1ccc(-c2nccc(N3c4ccccc4C(c4ccccc4)(c4ccccc4)c4cnccc43)n2)cc1,0.0010324,325.3576,0.2444187,0.2444,0.5880519,2.6547,1.0000000,1.0000,[],13
63.7876,65.5695,-65.4470,0.0009573,[C-]#[N+]C1CCC(C(=O)Nc2ccc(F)c(-c3ccc(OC)c4c3CN(C(C)=O)c3c(OC)cccc3-4)c2)CC1,1,O=C(Nc1cccc(-c2cccc3c2CNc2ccccc2-3)c1)C1CCCCC1,0.0006932,321.0293,0.3867417,0.3867,0.5357816,3.1201,1.0000000,1.0000,[],13
75.5357,100.3005,-100.3005,0.0000000,N#CC1Nc2c(nc(N3CCN(CC3C)CCn3c4c(c(N(c5ccccc5)c5ccccc5)cc3)c3c4oc(C=Cc4cc5ccccc5o4)c3)nc2C=1)C,0,,0.0000000,0.0000,0.0000000,0.0000,0.0000000,0.0000,0.0000000,0.0000,None,13
38.7880,48.8418,-40.8563,0.0623860,CCCCN(C)c1cc(C=Cc2ccc3c(c2)oc2c(N)cccc23)ccc1O,1,C(=Cc1ccc2c(c1)oc1ccccc12)c1ccccc1,0.0566289,369.4589,0.3022716,0.3023,0.5813575,2.7119,1.0000000,1.0000,[],13
41.2263,44.9537,-44.9537,0.0000000,c1cc(ccc1OC)C=c1c(=C)c(=CC(=O)O)c2=CC(N=c2c1)=O,0,,0.0000000,0.0000,0.0000000,0.0000,0.0000000,0.0000,0.0000000,0.0000,None,13
17.6465,22.8573,-22.7541,0.0008066,COc1ccc(N(c2ccc(O)cc2)c2ccc(OC)cc2)cc1,1,c1ccc(N(c2ccccc2)c2ccccc2)cc1,0.0005642,318.7917,0.7270680,0.7271,0.7054994,1.7442,1.0000000,1.0000,[],13
84.7018,93.5773,-93.5773,0.0000000,C(C)C1(N)c2c(cc(N(CC)CC)cc2)C2Oc3c(c(O)c4c(Cc5c(cccc5)C=4)c3)C3(C1C2=O)C(C(c1ccc(CCC)cc1)=C(O)C3=O)=O,0,,0.0000000,0.0000,0.0000000,0.0000,0.0000000,0.0000,0.0000000,0.0000,None,13
21.0654,28.1034,90.6679,0.9279006,O=C1c2ccccc2C(=Nc2ccc(N(c3ccccc3)c3ccccc3)cc2)c2ccccc21,1,O=C1c2ccccc2C(=Nc2ccc(N(c3ccccc3)c3ccccc3)cc2)c2ccccc21,0.9716631,481.6209,0.2736901,0.2737,0.6489164,2.1623,1.0000000,1.0000,[],13
55.3441,57.9831,60.3102,0.9241661,COc1cc(N(c2ccccc2)c2ccc(-c3c4cc(-c5ccccc5)ccc4cc4cc5c(cc34)C(=O)c3ccccc3-5)cc2)ccc1N(C)C,1,O=C1c2ccccc2-c2cc3cc4ccc(-c5ccccc5)cc4c(-c4ccc(N(c5ccccc5)c5ccccc5)cc4)c3cc21,0.9877021,472.3801,0.1577964,0.1578,0.5567013,2.9286,1.0000000,1.0000,[],14
46.6850,60.1663,-60.1663,0.0000000,Clc1ccc(Nc2cc(oc(c2C=Cc2ccc(cc2)N(CCCC)CCCC)=O)=N)c(c1)C=C(C#N)C#N,0,,0.0000000,0.0000,0.0000000,0.0000,0.0000000,0.0000,0.0000000,0.0000,None,14
81.3714,95.4872,-2.4179,0.7271038,CCCCCCCC=CC=CC=CC=CC=CC=C1CCC(c2c(CO)c3c(c4cc5c(cc24)OCCO5)OCc2cc(O)c(C=C(O)C(C)O)cc2C3=O)C1=O,1,C=C1CCC(c2cc3c(c4cc5c(cc24)OCCO5)OCc2ccccc2C3=O)C1=O,0.8019766,504.8139,0.0514019,0.0514,0.3678529,5.0004,1.0000000,1.0000,[],14
31.0553,44.1845,55.7993,0.7811238,C(=Cc1ccc(-c2ccc(N(c3ccccc3)c3ccccc3)cc2)s1)c1ccc(-c2ccnc3ncnn23)cc1,1,C(=Cc1ccc(-c2ccc(N(c3ccccc3)c3ccccc3)cc2)s1)c1ccc(-c2ccnc3ncnn23)cc1,0.8207042,416.5154,0.1995798,0.1996,0.5780346,2.7406,1.0000000,1.0000,[],14
65.4780,75.6335,-75.6335,0.0000000,c1cnc(-c2ccc3c(c2)c2c(c4c(cc(-c5ccccc5)c5ccccc54)c4-c5c(C(=CCN5CCC)c5ccccc5)cccc4)oc2cc3)c[n+]1C,0,,0.0000000,0.0000,0.0000000,0.0000,0.0000000,0.0000,0.0000000,0.0000,None,14
25.1111,37.6648,76.4961,0.8918824,CCCCN(CCCC)c1ccc2c3c(cccc13)C(=O)N(CC(=O)c1ccc(N(c3ccccc3)c3ccccc3)cc1)C2=O,1,O=C(CN1C(=O)c2cccc3cccc(c23)C1=O)c1ccc(N(c2ccccc2)c2ccccc2)cc1,0.9649026,435.9802,0.0983900,0.0984,0.5794120,2.7287,1.0000000,1.0000,[],14
41.5676,48.0922,-42.0385,0.0472949,Cc1ccc(-c2c(O)c(=O)oc3ccccc23)c(NC2CCCC(C)(C)C2)c1,1,O=c1cc(-c2ccccc2NC2CCCCC2)c2ccccc2o1,0.0415506,365.9252,0.5616904,0.5617,0.5420633,3.0619,1.0000000,1.0000,[],14
37.6453,49.2736,63.2342,0.8789671,Cc1ccc(N(c2ccc(-c3ccc(-c4ccc(C=Cc5ccc(C=C(C#N)C#N)s5)cc4)s3)cc2)c2ccc(-c3cccc4c3oc3ccccc34)cc2)cc1,1,C(=Cc1cccs1)c1ccc(-c2ccc(-c3ccc(N(c4ccccc4)c4ccc(-c5cccc6c5oc5ccccc56)cc4)cc3)s2)cc1,0.9428028,489.5739,0.1372282,0.1372,0.5098886,3.3678,1.0000000,1.0000,[],14
74.8866,89.3342,-86.3984,0.0229360,CCN(C1=C(c2ccoc2)C2=c3c(C)c(-c4ccc(C=C5c6ccccc6-c6ccccc65)s4)ccc3=NC2=C1c1ccc(OC)cc1)c1ccc(N(c2ccccc2)c2ccccc2)cc1,1,C(=C1c2ccccc2-c2ccccc21)c1ccc(-c2ccc3c(c2)=C2C(=C(c4ccccc4)C(Nc4ccc(N(c5ccccc5)c5ccccc5)cc4)=C2c2ccoc2)N=3)s1,0.0203912,562.0402,0.1297617,0.1298,0.4545701,3.9420,1.0000000,1.0000,[],14
21.3666,26.1157,-25.3558,0.0059364,c1ccc2oc(-c3ccc(-n4c5ccccc5c5ccccc54)cc3)nc2c1,1,c1ccc2oc(-c3ccc(-n4c5ccccc5c5ccccc54)cc3)nc2c1,0.0047243,341.9098,0.3485579,0.3486,0.6790510,1.9353,1.0000000,1.0000,[],14
53.0844,57.4136,43.4392,0.7879125,c1ccc(N(c2ccc(-c3cccc4c(N(c5ccccc5)c5ccccc5)c5cc(N(c6ccccc6)c6ccccc6)cc6c5c(c34)-c3ccccc3O6)cc2)c2cccc(-c3nc4ccccc4s3)c2)cc1,1,c1ccc(N(c2ccc(-c3cccc4c(N(c5ccccc5)c5ccccc5)c5cc(N(c6ccccc6)c6ccccc6)cc6c5c(c34)-c3ccccc3O6)cc2)c2cccc(-c3nc4ccccc4s3)c2)cc1,0.8447992,501.6035,0.1206047,0.1206,0.4798042,3.6719,1.0000000,1.0000,[],14
20.1948,21.5200,-21.5200,0.0000003,CCCCCCCCCCCCCC[n+]1ccn(CCCCCCCCCCCC)c1,1,c1c[nH+]c[nH]1,0.0000001,229.0304,0.1133174,0.1133,0.6137738,2.4406,1.0000000,1.0000,[],14
29.4142,27.0218,-27.0218,0.0000000,CCCCCCCCC(=O)OCC1CCSCC1,1,C1CCSCC1,0.0000000,0.0000,0.0000000,0.0000,0.0000000,0.0000,0.0000000,0.0000,"['C(=[O,S])[O,S]']",14
31.2270,30.8798,-30.5027,0.0029463,NC(=NO)c1ccc(NC(=O)c2ncoc2-c2ccccc2)cc1,1,O=C(Nc1ccccc1)c1ncoc1-c1ccccc1,0.0022741,333.9451,0.2956307,0.2956,0.6445681,2.1959,1.0000000,1.0000,[],14
26.2708,35.4276,-9.0777,0.2058583,COc1nc(Nc2ccccc2)nc(-c2ccc(N(c3ccccc3)c3ccccc3)cc2)c1C#N,1,c1ccc(Nc2nccc(-c3ccc(N(c4ccccc4)c4ccccc4)cc3)n2)cc1,0.1993911,384.9071,0.2708352,0.2708,0.6213509,2.3793,1.0000000,1.0000,[],14
90.4137,96.8349,-96.8349,0.0000000,c1ccc2NC(c3ccc4c5c(cccc5)n(C)c4c(Nc4cc5c6N(c7c(cc8c(c8cccc9)oc8N=Cc7ccccc6)c5)c5ccccc5-c4c3)(C)c2c1)=N,0,,0.0000000,0.0000,0.0000000,0.0000,0.0000000,0.0000,0.0000000,0.0000,None,14
50.2874,61.0667,-61.0667,0.0000000,CCCCN1c2ccccc2C(C(=O)O)=CC2c3cc4ccc(N(c5ccccc5)c5ccccc5)cn(c3cc4)C(c3ccccc3)C21,1,C1=CC2c3cc4ccc(N(c5ccccc5)c5ccccc5)cn(c3cc4)C(c3ccccc3)C2Nc2ccccc21,0.0000000,0.0000,0.0000000,0.0000,0.0000000,0.0000,0.0000000,0.0000,"['[*;r{8-17}]', 'C(=[O,S])[O,S]']",14
46.2640,48.6051,-48.6051,0.0000000,C1=C[C@@H]2Cc3c(C(=O)O)c4CCCN5c4c(c3O[C@H]1C2=O)ccc5,0,,0.0000000,0.0000,0.0000000,0.0000,0.0000000,0.0000,0.0000000,0.0000,None,14
54.3284,62.3952,-62.3952,0.0000000,C(CCCCCCCCCCCCC)CCCCCCN1c2cc3N4c5c(C(c3cc2C=CC1)(c1ccccc1)c1ccccc1)cc(-c1ccccc1)c1c5cc2c(c1)c1ccccc1o2,0,,0.0000000,0.0000,0.0000000,0.0000,0.0000000,0.0000,0.0000000,0.0000,None,14
45.9573,50.5255,-50.5255,0.0000000,c1c2c3cc4n(c5c6nc(ccc6ncc5cc4)-c4ccccc4)cc3c3cnccc3c2ccn1,0,,0.0000000,0.0000,0.0000000,0.0000,0.0000000,0.0000,0.0000000,0.0000,None,14
48.2054,54.3289,65.0499,0.9326468,Cn1c(O)c(C=c2[nH]c3ccccc3c2=Cc2cc(O)ccc2O)c(=O)n(CC2CCCCO2)c1=O,1,O=c1[nH]cc(C=c2[nH]c3ccccc3c2=Cc2ccccc2)c(=O)n1CC1CCCCO1,0.9782555,441.3275,0.3206150,0.3206,0.4790739,3.6795,1.0000000,1.0000,[],14
74.9327,94.3706,-94.3706,0.0000000,C(=CC=Cc1c2n(N(c3ccc(N4c5c(cccc5)CCC4)cc3)c3c1cccc3)c1c(sc(n1)C=Cc1n(CC)c3cc(ccc3[n+]1CC)Cl)c2)C=Cc1ccccc1,0,,0.0000000,0.0000,0.0000000,0.0000,0.0000000,0.0000,0.0000000,0.0000,None,14
38.8920,50.5334,-50.5334,0.0000000,N=c1ccc2oc3cc(O)c(-c4cc(I)ccc4C(=O)O)cc3c2cc1,1,N=c1ccc2oc3ccc(-c4ccccc4)cc3c2cc1,0.0000000,0.0000,0.0000000,0.0000,0.0000000,0.0000,0.0000000,0.0000,"['C(=[O,S])[O,S]']",14
39.1961,48.5076,60.7374,0.8534760,COc1ccc(Nc2c3c(OC)cccc3nc3cc(OC)c(-c4ccc(OC)cc4)c(-c4ccccc4)c23)cc1,1,c1ccc(Nc2c3ccccc3nc3ccc(-c4ccccc4)c(-c4ccccc4)c23)cc1,0.9007859,423.9512,0.1946295,0.1946,0.6042669,2.5187,1.0000000,1.0000,[],14
23.9434,30.9983,-20.7418,0.0801292,COc1ccc(C=Cc2nc(OC)c(-c3ccccc3)o2)cc1,1,C(=Cc1ncc(-c2ccccc2)o1)c1ccccc1,0.0716669,372.1904,0.6944413,0.6944,0.6301651,2.3089,1.0000000,1.0000,[],14
36.6414,38.6663,63.0624,0.7947554,CCN(CC)c1ccc(C(=O)c2ccc(NC(C)=O)cc2)c2cc([N+](=O)[O-])ccc12,1,O=C(c1ccccc1)c1cccc2ccccc12,0.8197833,416.4476,0.3467476,0.3467,0.6323400,2.2916,1.0000000,1.0000,[],14
57.3630,68.0802,1.2123,0.5413473,O=C1Nc2ccccc2SC1(c1ccc(N(c2ccccc2)c2ccccc2)cc1)c1ccc(-c2ccc3c4c2ON3CCC4)c2ccc(N(c3ccccc3)c3ccccc3)cc12,1,O=C1Nc2ccccc2SC1(c1ccc(N(c2ccccc2)c2ccccc2)cc1)c1ccc(-c2ccc3c4c2ON3CCC4)c2ccc(N(c3ccccc3)c3ccccc3)cc12,0.5679960,402.9714,0.1561529,0.1562,0.3565142,5.1569,1.0000000,1.0000,[],14
42.6212,49.2144,-48.4301,0.0061272,CCCCCCN1c2cccc(S(=O)(=O)O)c2CC1CC=C1CCC1,1,C(CC1Cc2ccccc2N1)=C1CCC1,0.0048884,342.2823,0.4114514,0.4115,0.5084124,3.3823,1.0000000,1.0000,[],14
19.9213,25.8240,93.7299,0.9340146,O=[N+]([O-])c1ccccc1C=Cc1cc[n+](Cc2ccccc2)cc1,1,C(=Cc1cc[n+](Cc2ccccc2)cc1)c1ccccc1,0.9671287,436.7167,0.4039046,0.4039,0.6277140,2.3284,1.0000000,1.0000,[],14
54.0147,65.7602,-51.7753,0.1092568,CCN(CC)c1ccc2oc3ccc(-c4cccc[n+]4C)c(-c4ccnc(C5=CC(O)C5)c4)c3c2c1,1,C1=C(c2cc(-c3c(-c4cccc[nH+]4)ccc4oc5ccccc5c34)ccn2)CC1,0.1025796,376.4516,0.2994785,0.2995,0.4813594,3.6557,1.0000000,1.0000,[],14
25.1476,27.6646,-26.6501,0.0079256,c1ccc(-n2c3ccc(-c4ccncc4)cc3c3ccncc32)cc1,1,c1ccc(-n2c3ccc(-c4ccncc4)cc3c3ccncc32)cc1,0.0063583,345.1529,0.4449393,0.4449,0.6609691,2.0702,1.0000000,1.0000,[],14
24.4482,23.7599,-22.6594,0.0085974,NC(=O)C(=O)C1=CCCC1,1,C1=CCCC1,0.0069028,346.0509,0.5534164,0.5534,0.5623174,2.8784,1.0000000,1.0000,[],14
58.1289,64.9028,25.8980,0.7093809,COc1c(C=Nc2ccccc2)cc(O)n(-c2cc(-c3cc(-c4ccc(N(c5ccccc5)c5cccnc5)cc4)cc(-c4nccn4C)c3)ccn2)c1=O,1,O=c1cc(C=Nc2ccccc2)ccn1-c1cc(-c2cc(-c3ccc(N(c4ccccc4)c4cccnc4)cc3)cc(-c3ncc[nH]3)c2)ccn1,0.7521101,412.0506,0.1402283,0.1402,0.5015965,3.4498,1.0000000,1.0000,[],14
38.0109,44.2105,-44.2105,0.0000000,c1c2c(c3c(n(c4cccnc34)CC)cc2)c2cccc3n(cc1)c23,0,,0.0000000,0.0000,0.0000000,0.0000,0.0000000,0.0000,0.0000000,0.0000,None,14
105.5979,122.2729,-122.2729,0.0000000,O1C(=C(C(c2c1cc(C=Cc1sccc1F)c(-c1ccccc1)c2)=c1c2oc(c(=O)c3c2c(c2-c(oc3=1)cccc2)-c1c2c(cc(O)cc2)n(c1)CCCN1CCCCC1)O)C)C,0,,0.0000000,0.0000,0.0000000,0.0000,0.0000000,0.0000,0.0000000,0.0000,None,14
43.3593,57.9273,-57.9273,0.0000000,c1cc(-c2c3c4c(c(c2)-c2ccccc2)c(-c2ccc(-c5nc(-c6ccccc6)c(n5)-c5ccccc5)cc5ccc2c45)ccc3)ccc1,0,,0.0000000,0.0000,0.0000000,0.0000,0.0000000,0.0000,0.0000000,0.0000,None,14
33.1602,49.6851,34.5081,0.6577592,O=C1CCCCN1c1ccc(-c2c(N(c3ccccc3)c3ccccc3)ccc3nc(-c4ccc(N(c5ccccc5)c5ccccc5)cc4)ccc23)cc1,1,O=C1CCCCN1c1ccc(-c2c(N(c3ccccc3)c3ccccc3)ccc3nc(-c4ccc(N(c5ccccc5)c5ccccc5)cc4)ccc23)cc1,0.6916451,408.7708,0.1493504,0.1494,0.5592169,2.9061,1.0000000,1.0000,[],14
21.8786,21.1482,-21.1481,0.0000009,CN1CCCC(S)C1,1,C1CCNCC1,0.0000005,241.5426,0.4801755,0.4802,0.4928485,3.5378,1.0000000,1.0000,[],14
34.6627,43.9991,-43.9991,0.0000000,c1c2c(c(C#N)c3-c(cc4ccc(N(c5ccccc5)c5ccccc5)cc4c3C)c1)cccc2,0,,0.0000000,0.0000,0.0000000,0.0000,0.0000000,0.0000,0.0000000,0.0000,None,14
85.1225,96.9722,-96.9722,0.0000000,Cn1cc(C=CCN2CCN(c3ccc(NC4=C(Cc5ccc(OCC(=O)O)c(C=O)c5)C(=Cc5ccc(-c6cccc7c6OCO7)o5)OC4O)cc3)CC2)cn1,1,C(=Cc1cn[nH]c1)CN1CCN(c2ccc(NC3=C(Cc4ccccc4)C(=Cc4ccc(-c5cccc6c5OCO6)o4)OC3)cc2)CC1,0.0000000,0.0000,0.0000000,0.0000,0.0000000,0.0000,0.0000000,0.0000,"['C(=[O,S])[O,S]']",14
33.1088,34.4590,-34.4590,0.0000000,CCOC(=O)Cn1nc(-c2cn(C)c3ccccc23)nc1-c1ccccc1,1,c1ccc(-c2nc(-c3c[nH]c4ccccc34)n[nH]2)cc1,0.0000000,0.0000,0.0000000,0.0000,0.0000000,0.0000,0.0000000,0.0000,"['C(=[O,S])[O,S]']",14
45.0651,47.6957,-32.5732,0.1181446,CN(C)c1nc(N)c2c(C(C)(C)C)ccc(-c3nc4ccccn4c3O)c2n1,1,c1cc(-c2cn3ccccc3n2)c2ncncc2c1,0.1089405,377.1821,0.5552788,0.5553,0.5462911,3.0230,1.0000000,1.0000,[],14
23.7542,29.2575,-29.2575,0.0000000,C(=Cc1ccccc1)C=NNc1nc2nonc2nc1-c1ccccc1,1,C(=Cc1ccccc1)C=NNc1nc2nonc2nc1-c1ccccc1,0.0000000,0.0000,0.0000000,0.0000,0.0000000,0.0000,0.0000000,0.0000,['[#7;!n][#7;!n]'],14
28.3926,33.0064,-30.3920,0.0204246,C1=Cc2ccccc2C1=Cc1ccccc1C=Cc1ccccn1,1,C1=Cc2ccccc2C1=Cc1ccccc1C=Cc1ccccn1,0.0170965,356.0099,0.5939048,0.5939,0.6081778,2.4864,1.0000000,1.0000,[],14
56.9949,70.4654,-39.6243,0.2409455,Fc1c(F)c(F)c(C=CC=Cc2ccc(-c3sc4c(c3-c3ccc5c(c3)-c3ncccc3C53c5ccccc5-c5ccccc53)CCCC4)cc2)c(F)c1F,1,C(C=Cc1ccc(-c2sc3c(c2-c2ccc4c(c2)-c2ncccc2C42c4ccccc4-c4ccccc42)CCCC3)cc1)=Cc1ccccc1,0.2467978,387.8857,0.0739404,0.0739,0.4533246,3.9557,1.0000000,1.0000,[],14
29.4051,34.7729,-34.6524,0.0009416,C=Cc1cccnc1-c1ccc2ccn(-c3ccccc3)c2n1,1,c1ccc(-n2ccc3ccc(-c4ccccn4)nc32)cc1,0.0006720,320.6917,0.5470467,0.5470,0.6113731,2.4602,1.0000000,1.0000,[],14
64.9949,71.7513,-71.7513,0.0000000,O=C(O)c1ccccc1C1=CC(=Cc2ccc3cc(S(=O)(=O)O)ccc3c2)c2cc(-c3cc(S(=O)(=O)O)ccc3N=Cc3ccccc3O)ccc2S1,1,C(=Nc1ccccc1-c1ccc2c(c1)C(=Cc1ccc3ccccc3c1)C=C(c1ccccc1)S2)c1ccccc1,0.0000000,0.0000,0.0000000,0.0000,0.0000000,0.0000,0.0000000,0.0000,"['C(=[O,S])[O,S]']",14
32.5376,35.8472,-2.1952,0.2629066,c1ccc2cc(N(c3ccc(-c4nc5c6ccccc6ccc5c5ccccc45)cc3)c3ccc4ccccc4c3)ccc2c1,1,c1ccc2cc(N(c3ccc(-c4nc5c6ccccc6ccc5c5ccccc45)cc3)c3ccc4ccccc4c3)ccc2c1,0.2606703,388.6813,0.1950294,0.1950,0.6174199,2.4110,1.0000000,1.0000,[],14
40.0924,52.1269,67.8917,0.9376458,CCN(CC)c1ccc2c(c1)OC1=CSc3ccccc3C(=C1)C2=C(c1ccccc1)c1ccccc1,1,C1=C2C=C(C(=C(c3ccccc3)c3ccccc3)c3ccccc3O2)c2ccccc2S1,0.9891706,449.0167,0.2719359,0.2719,0.4729962,3.7433,1.0000000,1.0000,[],14
27.0667,28.1015,-17.3904,0.0836809,O=P(O)(O)Oc1ccc2cccc3c2c1C=C3,1,C1=Cc2cccc3cccc1c23,0.0751882,372.7524,0.6841232,0.6841,0.5774244,2.7459,1.0000000,1.0000,[],14
39.7767,38.3641,-37.8164,0.0042790,O=CCSCc1cccc(CN2C(=O)c3ccoc3C2=O)c1,1,O=C1c2ccoc2C(=O)N1Cc1ccccc1,0.0033292,338.0945,0.4653236,0.4653,0.5686874,2.8221,1.0000000,1.0000,[],14
33.0796,41.5439,12.8277,0.4247778,CCOc1ccc2ccccc2c1-c1nc(C=Cc2ccc(N(c3ccccc3)c3ccccc3)cc2)oc1-c1ccccc1,1,C(=Cc1nc(-c2cccc3ccccc23)c(-c2ccccc2)o1)c1ccc(N(c2ccccc2)c2ccccc2)cc1,0.4344721,397.1377,0.1691514,0.1692,0.5787448,2.7345,1.0000000,1.0000,[],14
62.7188,67.5445,-67.5445,0.0000000,CCc1nc2cc(F)cc3c2c(c1OCCO)Oc1cc2sc4ccc(COO)cc4c2cc1-3,1,c1cc2c3c(ccnc3c1)Oc1cc3sc4ccccc4c3cc1-2,0.0000000,0.0000,0.0000000,0.0000,0.0000000,0.0000,0.0000000,0.0000,['[#8][#8]'],14
28.0552,29.3081,-29.3081,0.0000000,O=[N+]([O-])c1ccc(S(=O)(=O)NN=Cc2cccc(O)c2O)cc1,1,O=S(=O)(NN=Cc1ccccc1)c1ccccc1,0.0000000,0.0000,0.0000000,0.0000,0.0000000,0.0000,0.0000000,0.0000,['[#7;!n][#7;!n]'],14
27.2543,32.4022,85.7759,0.9232664,O=C1c2ccccc2C(=O)c2c1c(O)c1cc(O)cc(O)c1c2O,1,O=C1c2ccccc2C(=O)c2cc3ccccc3cc21,0.9585677,485.8929,0.3696319,0.3696,0.6132170,2.4452,1.0000000,1.0000,[],14
56.8983,61.6277,-61.6277,0.0000000,c12ccccc1sc1c2c(cc2-n3c(-c4c5n(-c6ccccc6-c6c5cccc6)c3CCC2)cccc41)N(c1ccccc1)c1ccccc1,0,,0.0000000,0.0000,0.0000000,0.0000,0.0000000,0.0000,0.0000000,0.0000,None,14
47.2621,54.9025,-54.9025,0.0000000,Nc1cccc2ccc(C(=S)NN=Cc3ccccc3C=CC(=O)c3ccc(N=Nc4ccccc4)cc3)cc12,1,O=C(C=Cc1ccccc1C=NNC(=S)c1ccc2ccccc2c1)c1ccc(N=Nc2ccccc2)cc1,0.0000000,0.0000,0.0000000,0.0000,0.0000000,0.0000,0.0000000,0.0000,['[#7;!n][#7;!n]'],14
18.9018,21.4344,-20.7609,0.0052617,Cn1c(C=O)cc2ccccc21,1,c1ccc2[nH]ccc2c1,0.0040989,340.3612,0.5830672,0.5831,0.6398045,2.2330,1.0000000,1.0000,[],14
56.1541,65.7775,-65.7775,0.0000000,c12c(c3c4c(c(-c5ccccc5)c5C(C)(c6c(-c5cc4)cccc6)C)cc4oc5c4c3c(-c3ccccc3)cc5)ccc2cc2-c3ccccc3C(c2c1)(C)C,0,,0.0000000,0.0000,0.0000000,0.0000,0.0000000,0.0000,0.0000000,0.0000,None,14
30.0531,42.9115,-42.9115,0.0000000,C(#Cc1ccc2c3nccnc3n(-c3ccc(-c4ccc(N(c5ccccc5)c5ccccc5)cc4)cc3)c2c1)c1ccc(N(c2ccccc2)c2ccccc2)cc1,1,C(#Cc1ccc2c3nccnc3n(-c3ccc(-c4ccc(N(c5ccccc5)c5ccccc5)cc4)cc3)c2c1)c1ccc(N(c2ccccc2)c2ccccc2)cc1,0.0000000,0.0000,0.0000000,0.0000,0.0000000,0.0000,0.0000000,0.0000,['C#C'],14
65.2110,77.4503,19.1349,0.7545722,N#CSc1nc(N2CCCCC2)nc2c(-c3ccccc3)c3cc(C=CC=Cc4ccc(-c5ccccc5)nc4C=Cc4ccc(C=O)cc4)ccc3nc12,1,C(C=Cc1ccc(-c2ccccc2)nc1C=Cc1ccccc1)=Cc1ccc2nc3cnc(N4CCCCC4)nc3c(-c3ccccc3)c2c1,0.8395323,502.0338,0.0342401,0.0342,0.4914307,3.5522,1.0000000,1.0000,[],14
35.7120,40.1686,80.4574,0.9423907,O=C1NC(=S)c2ccccc2C1=Cc1ccc2c(c1)oc1cc3ncccc3cc12,1,O=C1NC(=S)c2ccccc2C1=Cc1ccc2c(c1)oc1cc3ncccc3cc12,0.9875754,447.5072,0.2958245,0.2958,0.5793089,2.7296,1.0000000,1.0000,[],14
18.6997,28.9149,-28.3932,0.0040762,c1ccc(-c2c(-c3ccc(N(c4ccccc4)c4ccccc4)cc3)c3ccccc3c3ccccc23)cc1,1,c1ccc(-c2c(-c3ccc(N(c4ccccc4)c4ccccc4)cc3)c3ccccc3c3ccccc23)cc1,0.0032279,337.7583,0.2137698,0.2138,0.6975806,1.8007,1.0000000,1.0000,[],14
17.2429,30.6420,17.9245,0.3794256,C(=Nc1ccc(N(c2ccccc2)c2ccccc2)cc1)c1ccc(-c2ccc(N(c3ccccc3)c3ccccc3)cc2)cc1,1,C(=Nc1ccc(N(c2ccccc2)c2ccccc2)cc1)c1ccc(-c2ccc(N(c3ccccc3)c3ccccc3)cc2)cc1,0.3859302,394.9573,0.1555308,0.1555,0.6448219,2.1939,1.0000000,1.0000,[],14
26.7082,30.2242,-30.2242,0.0000000,O=C1OC(=O)c2cc(O)c(=O)ccc21,1,O=C1OC(=O)c2ccc(=O)ccc21,0.0000000,0.0000,0.0000000,0.0000,0.0000000,0.0000,0.0000000,0.0000,"['C(=[O,S])[O,S]']",15
98.4450,103.7782,-103.7782,0.0000000,O=c1c2c3c(cccc3OCCCC(=O)O)c3ccc4c5c(c(c6c(c(c7nc(CC)c(n7c6=O)=O)COC(OC(C)=O)C)=O)c5c42)cc1CCC3=O,0,,0.0000000,0.0000,0.0000000,0.0000,0.0000000,0.0000,0.0000000,0.0000,None,15
29.6894,35.5916,-17.1584,0.1440089,CC1(C)c2ccc(-c3c4ccccc4c(-c4cccc5cccnc45)c4ccccc34)cc2-c2c(-c3ccccc3)cccc21,1,c1ccc(-c2cccc3c2-c2cc(-c4c5ccccc5c(-c5cccc6cccnc56)c5ccccc45)ccc2C3)cc1,0.1385538,380.1598,0.1916028,0.1916,0.5874754,2.6596,1.0000000,1.0000,[],15
24.7338,27.5199,-27.5199,0.0000000,O=C1CC(c2ccc(O)c(O)c2)=NN1c1ccccc1,1,O=C1CC(c2ccccc2)=NN1c1ccccc1,0.0000000,0.0000,0.0000000,0.0000,0.0000000,0.0000,0.0000000,0.0000,['[#7;!n][#7;!n]'],15
31.2379,36.7977,-36.7977,0.0000000,c1c2c(ccc1-c1ccc3c(c1)sc1nc4c5c(cccc5)ccc4c13)cccc2,0,,0.0000000,0.0000,0.0000000,0.0000,0.0000000,0.0000,0.0000000,0.0000,None,15
36.4175,35.8667,-22.4358,0.1049290,CN1CC2=C(C1=O)C(=Cc1ccc(F)cc1)c1cccnc1N2,1,O=C1NCC2=C1C(=Cc1ccccc1)c1cccnc1N2,0.0946729,375.4855,0.8808777,0.8809,0.5710533,2.8014,1.0000000,1.0000,[],15
43.2587,46.5854,-6.4688,0.3134110,Nc1ccc2ccccc2c1-c1cccc(-n2c3ccccc3c3cc4ccc(O)cc4cc32)c1O,1,c1cc(-c2cccc3ccccc23)cc(-n2c3ccccc3c3cc4ccccc4cc32)c1,0.3123259,391.4306,0.2281310,0.2281,0.5950533,2.5955,1.0000000,1.0000,[],15
13.9113,21.9636,84.9071,0.8349268,C[n+]1ccc(C=Cc2cc[n+](C)cc2)cc1,1,C(=Cc1cc[nH+]cc1)c1cc[nH+]cc1,0.8482547,501.3147,0.6666008,0.6666,0.5515994,2.9747,1.0000000,1.0000,[],15
53.3051,69.5302,40.6624,0.8608798,O=[N+]([O-])c1ccc(-c2ccc3c(c2)c(C=Cc2ccccc2)c(C=Cc2c(-c4ccccc4)ccc4cc(N(c5ccccc5)c5ccccc5)ccc24)n3CC2CCCO2)cc1,1,C(=Cc1c(C=Cc2c(-c3ccccc3)ccc3cc(N(c4ccccc4)c4ccccc4)ccc23)n(CC2CCCO2)c2ccc(-c3ccccc3)cc12)c1ccccc1,0.9364756,429.2139,0.0909795,0.0910,0.4598628,3.8841,1.0000000,1.0000,[],15
26.7854,31.1216,-31.0385,0.0006497,Oc1ccc(-n2ccc3ccc(-c4ccccn4)cc32)cc1,1,c1ccc(-n2ccc3ccc(-c4ccccn4)cc32)cc1,0.0004528,316.4036,0.5928914,0.5929,0.6586503,2.0878,1.0000000,1.0000,[],15
26.4682,35.8087,-35.6925,0.0009076,c1ccc(C2(c3ccccc3)c3ccccc3N(c3ccc(N4Cc5ccccc5Sc5ccccc54)cc3)c3ccccc32)cc1,1,c1ccc(C2(c3ccccc3)c3ccccc3N(c3ccc(N4Cc5ccccc5Sc5ccccc54)cc3)c3ccccc32)cc1,0.0006687,320.6380,0.1932589,0.1933,0.5855213,2.6763,1.0000000,1.0000,[],15
45.6083,48.9511,-48.9511,0.0000000,CN1c2ccccc2C2=CC3Cc4c2c1c1c2ccccc2n(-c2ccccc2)c1c4C3,1,C1=C2c3ccccc3Nc3c2c2c(c4c3c3ccccc3n4-c3ccccc3)CC1C2,0.0000000,0.0000,0.2880734,0.2881,0.4359251,4.1514,1.0000000,1.0000,[],15
45.4674,46.2324,-46.2324,0.0000000,n1cc2=C3C=CNC(c4c(N=3)c(Br)ccc4)=Nc2cc1,0,,0.0000000,0.0000,0.0000000,0.0000,0.0000000,0.0000,0.0000000,0.0000,None,15
22.1794,22.1062,-22.1061,0.0000002,CC(CO)(CO)C(O)O,1,,0.0000001,225.0880,0.3481101,0.3481,0.5109771,3.3572,1.0000000,1.0000,[],15
54.0803,58.9659,-58.8269,0.0010858,COc1ccc(OC)c(-c2cc3c(N(CC4CCCC4)C(=O)c4cc(OC)c(OCc5ccccc5)c(OC)c4)cccc3n2C)c1,1,O=C(c1ccc(OCc2ccccc2)cc1)N(CC1CCCC1)c1cccc2[nH]c(-c3ccccc3)cc12,0.0008169,322.8127,0.1375526,0.1376,0.5653163,2.8518,1.0000000,1.0000,[],15
56.5324,74.7503,42.9189,0.9192905,CCOc1ccc2c(c1)C(=Cc1ccc(N3c4ccc(-c5ccc(O)cc5)cc4C4CCCC43)cc1)C(C)=CN2c1ccc(N(C)CCO)cc1,1,C1=CN(c2ccccc2)c2ccccc2C1=Cc1ccc(N2c3ccc(-c4ccccc4)cc3C3CCCC32)cc1,0.9856335,474.0909,0.1622052,0.1622,0.4529574,3.9598,1.0000000,1.0000,[],15
39.1549,39.3376,68.4956,0.8424463,CCN(Cc1cn[nH]c1)c1cc(N2CCOCC2)cc2nccnc12,1,c1cnc2c(NCc3cn[nH]c3)cc(N3CCOCC3)cc2n1,0.8518930,418.9952,0.7691154,0.7691,0.5686367,2.8226,1.0000000,1.0000,[],15
31.0505,36.7040,-24.9572,0.0917724,Cc1nc2c3ccccc3c3nc(-c4ccccc4)c(-c4ccccc4)c(-c4ccccc4)c3c2nc1-c1ccccc1,1,c1ccc(-c2cnc3c4ccccc4c4nc(-c5ccccc5)c(-c5ccccc5)c(-c5ccccc5)c4c3n2)cc1,0.0859461,374.3314,0.2050202,0.2050,0.6196809,2.3928,1.0000000,1.0000,[],15
38.0436,43.2555,-43.2555,0.0000000,CCOCCC(=O)N(CC1COC(=O)O1)c1ccc(N2CCCCC2)cc1,1,O=C1OCC(CNc2ccc(N3CCCCC3)cc2)O1,0.0000000,0.0000,0.0000000,0.0000,0.0000000,0.0000,0.0000000,0.0000,"['C(=[O,S])[O,S]']",15
46.1329,58.4395,53.8132,0.8769736,CCCCCCCC(=O)c1ccc(-c2nc3c(c(-c4ccccc4)c2C#N)CCCC3=Cc2ccc(N(c3ccccc3)c3ccccc3)cc2)s1,1,C(=C1CCCc2c(-c3ccccc3)cc(-c3cccs3)nc21)c1ccc(N(c2ccccc2)c2ccccc2)cc1,0.9524056,432.5316,0.0890208,0.0890,0.5383298,3.0964,1.0000000,1.0000,[],15
44.5237,55.3820,-50.3824,0.0390593,CCCCC1c2sc(Cl)cc2-c2ccc(C(=O)c3ccccc3)c(-c3ccc(N(c4ccccc4)c4ccccc4)cc3)c21,1,O=C(c1ccccc1)c1ccc2c(c1-c1ccc(N(c3ccccc3)c3ccccc3)cc1)Cc1sccc1-2,0.0354448,364.1306,0.1519305,0.1519,0.5128611,3.3388,1.0000000,1.0000,[],15
18.6722,29.6994,41.8325,0.5588430,C(=Cc1nc2ncccc2[nH]1)c1ccc(N(c2ccccc2)c2ccccc2)cc1,1,C(=Cc1nc2ncccc2[nH]1)c1ccc(N(c2ccccc2)c2ccccc2)cc1,0.5649263,402.8357,0.3689058,0.3689,0.6230302,2.3658,1.0000000,1.0000,[],15
40.0356,45.1071,-45.1071,0.0000000,c1c2cccc3oc(c1c(c32)=O)-c1c2C=CCCc2ccc1CC,0,,0.0000000,0.0000,0.0000000,0.0000,0.0000000,0.0000,0.0000000,0.0000,None,15
64.5103,75.3573,-75.3573,0.0000000,CCCN(CCC)c1ccc(C#CC2=Cc3c(c4c(n(CCC)c3=O)=C(c3ccc(F)cc3)C(=C(C#N)C#N)C=4)C2)cc1,1,C=C1C=c2c3c(c(=O)[nH]c2=C1c1ccccc1)C=C(C#Cc1ccccc1)C3,0.0000000,0.0000,0.0000000,0.0000,0.0000000,0.0000,0.0000000,0.0000,['C#C'],15
31.6438,42.2632,78.4210,0.9428455,CCCCN1C(=Cc2cc3cc(N4CCCCC4)ccc3oc2=N)N(CC)c2ccccc21,1,N=c1oc2ccc(N3CCCCC3)cc2cc1C=C1Nc2ccccc2N1,0.9734997,439.1271,0.4832839,0.4833,0.5620466,2.8809,1.0000000,1.0000,[],15
30.4772,35.3569,-19.6362,0.1228177,COc1cc(OC)c2c(=O)c(C=CC=Cc3ccc4c(c3)OCO4)coc2c1,1,O=c1c(C=CC=Cc2ccc3c(c2)OCO3)coc2ccccc12,0.1129530,377.6238,0.6180403,0.6180,0.5806015,2.7185,1.0000000,1.0000,[],15
46.4561,54.2032,-33.1634,0.1643734,Cc1c(C=CC(C)(C)C)c[n+]2c3cc(C(C)C)ccc3c3ccc(-c4ccccc4)cc3[o+]12,1,c1ccc(-c2ccc3c4ccccc4[n+]4ccc[o+]4c3c2)cc1,0.1610103,382.0774,0.1523494,0.1523,0.4917839,3.5486,1.0000000,1.0000,[],15
32.7960,35.6015,-34.8416,0.0059366,c1ccc(-c2c3c(c4ccccc4c2-c2cccc4ccccc24)-c2ccccc2C32c3ccccc3-c3ccccc32)cc1,1,c1ccc(-c2c3c(c4ccccc4c2-c2cccc4ccccc24)-c2ccccc2C32c3ccccc3-c3ccccc32)cc1,0.0048308,342.1530,0.1945399,0.1945,0.5658174,2.8474,1.0000000,1.0000,[],15
54.4363,64.2057,-64.2057,0.0000000,C[n+]1cccc2ccn(-c3cc(O)c4[nH]c(C(=O)NN=Cc5ccc6cccnc6c5O)cc4c3)c21,1,O=C(NN=Cc1ccc2cccnc2c1)c1cc2cc(-n3ccc4ccc[nH+]c43)ccc2[nH]1,0.0000000,0.0000,0.0000000,0.0000,0.0000000,0.0000,0.0000000,0.0000,['[#7;!n][#7;!n]'],15
35.8843,46.7639,-46.7639,0.0000000,C1=Cc2c3c(cc(-c4ccccc4)c2-c2ccccc2)C(=CC=C1c1ccc(-c2ccc4c(c2)c2ccccc2n4-c2ccccc2)cc1)c1ccccc1-3,1,C1=Cc2c3c(cc(-c4ccccc4)c2-c2ccccc2)C(=CC=C1c1ccc(-c2ccc4c(c2)c2ccccc2n4-c2ccccc2)cc1)c1ccccc1-3,0.0000000,0.0000,0.0000000,0.0000,0.0000000,0.0000,0.0000000,0.0000,['[*;r{8-17}]'],15
74.5498,85.9535,-85.9535,0.0000000,c12c3c(C(N(CCCCC)c4c-2cc(N(c2ccc(-c5n[nH]nn5)cc2)c2ccc(-c5ccc(OCCCC)cc5)cc2)cc4)=O)cc2c(c1c1ccccc1n2CC(CC)CCCC)c1c3ccc(N(CCCC)CCCC)c1,0,,0.0000000,0.0000,0.0000000,0.0000,0.0000000,0.0000,0.0000000,0.0000,None,15
65.7070,71.2031,-71.2031,0.0000000,Cn1cnc2c1B1C3=CC=CN(c4cccc5ccccc45)c4cccc(c43)-c3ccccc3N=C(CCc3cccc4c5ccccc5n(-c5ccccc5)c34)N12,1,C1=CN(c2cccc3ccccc23)c2cccc3c2C(=C1)B1c2[nH]cnc2N1C(CCc1cccc2c4ccccc4n(-c4ccccc4)c12)=Nc1ccccc1-3,0.0000000,0.0000,0.0000000,0.0000,0.0000000,0.0000,0.0000000,0.0000,['[*;r{8-17}]'],15
42.8869,51.1393,-51.1393,0.0000000,C(c1c(Cl)c2c(s1)c(-c1ccc(cc1)N(c1ccccc1)c1ccccc1)c(c1c(sc(-c3ccccc3)c1)c2)-c1ccccc1)(F)(F)F,0,,0.0000000,0.0000,0.0000000,0.0000,0.0000000,0.0000,0.0000000,0.0000,None,15
21.1752,29.7573,28.4153,0.4544731,c1ccc(-c2c3ccccc3c(-c3ccc4cc(N(c5ccccc5)c5ccccc5)ccc4c3)c3ccccc23)cc1,1,c1ccc(-c2c3ccccc3c(-c3ccc4cc(N(c5ccccc5)c5ccccc5)ccc4c3)c3ccccc23)cc1,0.4632656,398.4018,0.1937167,0.1937,0.6572539,2.0984,1.0000000,1.0000,[],15
31.1354,35.6578,-35.5378,0.0009373,c1csc(-c2ccc3ncc(-c4ccc(-c5cn[nH]c5)cc4)n3c2)c1,1,c1csc(-c2ccc3ncc(-c4ccc(-c5cn[nH]c5)cc4)n3c2)c1,0.0006711,320.6769,0.4944978,0.4945,0.6018627,2.5386,1.0000000,1.0000,[],15
27.6513,27.4187,-27.4178,0.0000067,CC1(C)C2CCC1C(NC(=O)c1ccco1)C2,1,O=C(NC1CC2CCC1C2)c1ccco1,0.0000036,264.0571,0.8530816,0.8531,0.4401365,4.1034,1.0000000,1.0000,[],15
44.1722,66.2816,49.7790,0.9067238,CCCCCC[n+]1ccc(C=Cc2cc(-c3ccc(N4c5ccccc5C[n+]5ccccc54)c4cc(N(c5ccccc5)c5ccccc5)ccc34)ccc2N(c2ccccc2)c2ccccc2)cc1,1,C(=Cc1cc(-c2ccc(N3c4ccccc4C[n+]4ccccc43)c3cc(N(c4ccccc4)c4ccccc4)ccc23)ccc1N(c1ccccc1)c1ccccc1)c1cc[nH+]cc1,0.9951329,457.7653,0.0753779,0.0754,0.4555469,3.9313,1.0000000,1.0000,[],15
60.6021,77.3880,-77.3880,0.0000000,C1N(C2C3(C(=C(c4ccccc4)c4ccccc4)C(OC=3c3c4sc(-c5ccc(C=Cc6ccc(N(c7ccccc7)c7ccccc7)cc6)cc5)cc4O3)=C2C=1)c1ccccc1)c1ccccc1,0,,0.0000000,0.0000,0.0000000,0.0000,0.0000000,0.0000,0.0000000,0.0000,None,15
42.8381,55.9058,-53.3860,0.0196859,N#CC(C#N)=c1c(C#N)cn(-c2ccc(N(c3ccccc3)c3ccccc3)cc2)c1=CC=CC1=C([n+]2ccccc2)c2ccccc2C1=O,1,C=c1ccn(-c2ccc(N(c3ccccc3)c3ccccc3)cc2)c1=CC=CC1=C([n+]2ccccc2)c2ccccc2C1=O,0.0171676,563.9443,0.1783305,0.1783,0.4810916,3.6585,1.0000000,1.0000,[],15
40.0844,43.0920,-43.0920,0.0000000,c1cc(-c2ccc3c4c(cccc24)-c2ccccc2-3)cc(-c2cc3ccc4ccc5cccc6ccc2c(c3c4)c56)c1,1,c1cc(-c2ccc3c4c(cccc24)-c2ccccc2-3)cc(-c2cc3ccc4ccc5cccc6ccc2c(c3c4)c56)c1,0.0000000,0.0000,0.0000000,0.0000,0.0000000,0.0000,0.0000000,0.0000,['[*;r{8-17}]'],15
61.3998,58.3653,-55.5845,0.0217249,FC1C(Cl)=C(Cl)NC1Nc1ccnc(-c2nc(CC3CCCNC3)cs2)n1,1,C1=CNC(Nc2ccnc(-c3nc(CC4CCCNC4)cs3)n2)C1,0.0183587,356.7972,0.6325660,0.6326,0.4108708,4.4474,1.0000000,1.0000,[],15
30.5816,35.8506,14.5302,0.3936000,O=CC1=CC2C(c3ccccc31)c1ccccc1N2c1ccccc1,1,C1=CC2C(c3ccccc31)c1ccccc1N2c1ccccc1,0.3857084,394.9471,0.6229632,0.6230,0.5173126,3.2955,1.0000000,1.0000,[],15
21.5034,25.5775,-25.5775,0.0000000,c1cccc2N(c3ccccc3)CN=c21,0,,0.0000000,0.0000,0.0000000,0.0000,0.0000000,0.0000,0.0000000,0.0000,None,15
43.9776,48.6030,-45.1717,0.0268072,CC(=O)NCCn1c(C=Cc2ccccc2O)nc2ccc(S(=O)(=O)NC(C)(C)C)cc21,1,C(=Cc1nc2ccccc2[nH]1)c1ccccc1,0.0228982,359.2466,0.5055330,0.5055,0.5839666,2.6896,1.0000000,1.0000,[],15
38.0058,46.5351,23.4728,0.5469362,CN(c1ccc(C=Cc2ccc(-c3ccco3)o2)cc1)C1CS(=O)(=O)CC1O,1,O=S1(=O)CCC(Nc2ccc(C=Cc3ccc(-c4ccco4)o3)cc2)C1,0.5437729,401.9059,0.7086959,0.7087,0.4884386,3.5827,1.0000000,1.0000,[],15
26.1971,39.2062,23.2426,0.4878817,CCCCCCCCN(c1ccccc1C=Cc1cc[n+](CCCCCCCC)cc1)C1CCCC1,1,C(=Cc1ccccc1NC1CCCC1)c1cc[nH+]cc1,0.5047824,519.7923,0.1492497,0.1492,0.5720180,2.7929,1.0000000,1.0000,[],15
28.5460,30.2860,-30.0023,0.0022157,COc1ccc(C2=Cc3cc(OC(C)C)ccc3C2)cc1,1,C1=C(c2ccccc2)Cc2ccccc21,0.0016315,330.3322,0.8158591,0.8159,0.6459317,2.1853,1.0000000,1.0000,[],15
46.6966,58.6293,-37.9960,0.1611974,CCCCn1c(-c2ccccc2O)nc2c(C=Cc3ccc(-c4nc(-c5ccccn5)c(-c5ccccc5)o4)cc3)ccnc21,1,C(=Cc1ccnc2[nH]c(-c3ccccc3)nc12)c1ccc(-c2nc(-c3ccccn3)c(-c3ccccc3)o2)cc1,0.1565073,381.7113,0.1805629,0.1806,0.5527962,2.9638,1.0000000,1.0000,[],15
42.4284,55.7493,-55.7493,0.0000000,CCOC(=O)c1sc(c2c1c(=O)oc1=c2ccc(=NCCCC)c1)Nc1ccc(cc1)OCCCC,0,,0.0000000,0.0000,0.0000000,0.0000,0.0000000,0.0000,0.0000000,0.0000,None,15
58.2413,63.6180,-63.6180,0.0000000,c1c(ccc2c1cc1c(N(c3ccc(cc3)-c3sccc3)c3[n+]4-c1cc[n+]1c4c(ccc1)CC3)c2)CCCCCCCC,0,,0.0000000,0.0000,0.0000000,0.0000,0.0000000,0.0000,0.0000000,0.0000,None,15
34.4470,44.3530,-43.7908,0.0043923,C(=Cc1ccccc1)CC=Cc1ccc2ccc(-c3ccc4ccc5c6ccccc6ccc5c4c3)cc2c1,1,C(=Cc1ccccc1)CC=Cc1ccc2ccc(-c3ccc4ccc5c6ccccc6ccc5c4c3)cc2c1,0.0035054,338.6567,0.2078789,0.2079,0.6063464,2.5015,1.0000000,1.0000,[],15
60.9095,63.8253,-62.1476,0.0131067,c1ccc(-c2ccc3ccc4c(ccc5c(-c6cccc(-c7ccc8ccccc8c7)c6)cc6cccc(-c7ccc(-c8cc(-c9ccccc9)nc9ccccc89)cc7-c7ccccc7)c6c54)c3c2)cc1,1,c1ccc(-c2ccc3ccc4c(ccc5c(-c6cccc(-c7ccc8ccccc8c7)c6)cc6cccc(-c7ccc(-c8cc(-c9ccccc9)nc9ccccc89)cc7-c7ccccc7)c6c54)c3c2)cc1,0.0112413,351.3931,0.1452288,0.1452,0.5221373,3.2491,1.0000000,1.0000,[],15
103.0520,128.6314,-58.7097,0.5462631,CCCCC(CC)Cn1cccc1-c1ccc(-c2ccccc2)c(C(=Cc2ccc(-c3ccccc3-c3nc4cc(N5C=CN(C(=O)c6ccc(C(C)C)cc6)CC5)ccc4c(=O)n3-c3cc(C(F)(F)F)cc(C(F)(F)F)c3)s2)c2cn(C(C)C)c3ccccc23)c1C#N,1,O=C(c1ccccc1)N1C=CN(c2ccc3c(=O)n(-c4ccccc4)c(-c4ccccc4-c4ccc(C=C(c5cc(-c6ccc[nH]6)ccc5-c5ccccc5)c5c[nH]c6ccccc56)s4)nc3c2)CC1,0.5864022,403.7904,0.0798315,0.0798,0.3369311,5.4394,1.0000000,1.0000,[],15
52.7216,65.6802,18.9160,0.6609078,CCCCc1cc(C=O)cc(-c2nc3c(-c4ccc(N5CCOc6ccccc65)cc4)cccn3c2C=Cc2ccc(N3CCCCC3)cc2)c1,1,C(=Cc1c(-c2ccccc2)nc2c(-c3ccc(N4CCOc5ccccc54)cc3)cccn12)c1ccc(N2CCCCC2)cc1,0.6980582,409.0992,0.1356152,0.1356,0.5293317,3.1807,1.0000000,1.0000,[],15
33.0010,43.0884,72.7494,0.9049827,N#Cc1sc(C=Cc2ccc(N(c3ccccc3)c3ccccc3)cc2)cc1N(c1cccc2ccccc12)c1cccc2ccccc12,1,C(=Cc1cc(N(c2cccc3ccccc23)c2cccc3ccccc23)cs1)c1ccc(N(c2ccccc2)c2ccccc2)cc1,0.9649832,436.0061,0.1646989,0.1647,0.5524461,2.9670,1.0000000,1.0000,[],15
44.0628,49.9450,-49.9450,0.0000000,CCCCN(CCCC)c1ccc(-c2c(N=N)c(=O)oc3c(C)c(N(C)N)ccc23)cc1,1,O=c1cc(-c2ccccc2)c2ccccc2o1,0.0000000,0.0000,0.0000000,0.0000,0.0000000,0.0000,0.0000000,0.0000,['[#7;!n][#7;!n]'],15
32.7542,40.3895,-35.7935,0.0359060,O=S(=O)(c1ccccc1)n1c2ccccc2c2ccc(C=Cc3cccc(O)c3)nc21,1,O=S(=O)(c1ccccc1)n1c2ccccc2c2ccc(C=Cc3ccccc3)nc21,0.0312898,362.7302,0.4231223,0.4231,0.6123793,2.4520,1.0000000,1.0000,[],15
54.2320,73.9769,-73.9766,0.0000023,CCCCCCN1c2ccc(Cl)cc2C(=CC=CC2=[N+](CCCCCC)c3ccc4ccccc4c3C2(C)C)c2cc(OC)c(-c3csc(C=Cc4ccc(N(c5ccccc5)c5ccccc5)cc4)c3)cc21,1,C(=CC1=[NH+]c2ccc3ccccc3c2C1)C=C1c2ccccc2Nc2cc(-c3csc(C=Cc4ccc(N(c5ccccc5)c5ccccc5)cc4)c3)ccc21,0.0000013,666.9898,0.0594182,0.0594,0.4452157,4.0460,1.0000000,1.0000,[],15
47.6814,60.9936,-31.9725,0.2267275,CCCCn1c2ccc(C=Cc3ccc(N(c4ccccc4)c4ccccc4)cc3)cc2c2cc(N(c3ccc(-c4ccc(N(c5ccc(OC)cc5)c5ccc(OC)cc5)cc4)cc3)c3cc4c(cc3C)OCO4)ccc21,1,C(=Cc1ccc2[nH]c3ccc(N(c4ccc(-c5ccc(N(c6ccccc6)c6ccccc6)cc5)cc4)c4ccc5c(c4)OCO5)cc3c2c1)c1ccc(N(c2ccccc2)c2ccccc2)cc1,0.2303425,386.9019,0.0842450,0.0842,0.4721943,3.7518,1.0000000,1.0000,[],15
29.4933,33.7708,-27.8637,0.0461497,CCC(C)N(C)c1ccc2c(c1)C=CC1(CCCC1)O2,1,C1=CC2(CCCC2)Oc2ccccc21,0.0401801,365.5455,0.7937811,0.7938,0.4659940,3.8179,1.0000000,1.0000,[],15
64.6381,78.4426,-6.1183,0.5650333,C=CCOc1c(OC)cc(C=Cc2c(OC)ccc(-c3ccccc3C=Cc3ccc(OC)cc3)c2OC)c2cc(N=Nc3ccc([N+](=O)[O-])cc3)[nH]c12,1,C(=Cc1ccccc1-c1cccc(C=Cc2cccc3[nH]c(N=Nc4ccccc4)cc23)c1)c1ccccc1,0.6177814,514.7869,0.0366909,0.0367,0.4922806,3.5435,1.0000000,1.0000,[],15
59.4677,69.4866,-69.4866,0.0000000,c1cc(cc2c3cc(C=C2C=CC=C2N(c4cc5CCCCc5s4)c4c(C=C2)cccc4)c1OCCO3)C=Cc1cc[n+](CC)cc1,0,,0.0000000,0.0000,0.0000000,0.0000,0.0000000,0.0000,0.0000000,0.0000,None,15
63.6129,75.8786,26.8550,0.8026068,CCCCCCCCN=Cc1c(O)ccc2c(CC(c3ccc(O)cc3)N3c4ccccc4C(C)(C)c4ccccc43)c(O)c(-c3ccccc3OC)c(O)c12,1,c1ccc(-c2cc(CC(c3ccccc3)N3c4ccccc4Cc4ccccc43)c3ccccc3c2)cc1,0.8793514,421.5660,0.0652767,0.0653,0.4521533,3.9687,1.0000000,1.0000,[],15
49.8408,56.1867,-56.1867,0.0000000,COC(=O)c1ccc2c3cc(-c4ccc(N(c5ccccc5)c5ccc(OC)cc5)cc4)ccc3n(CCCCn3cc[n+](C)c3C)c2c1,1,c1ccc(N(c2ccccc2)c2ccc(-c3ccc4c(c3)c3ccccc3n4CCCCn3cc[nH+]c3)cc2)cc1,0.0000000,0.0000,0.0000000,0.0000,0.0000000,0.0000,0.0000000,0.0000,"['C(=[O,S])[O,S]']",15
81.9041,92.7584,-82.8163,0.0776730,N#CC(=Nc1cc2c(c3ccccc13)N=C(C1C=CC3=Nc4ccc(-c5ncn[nH]5)cc4C3=C1c1ccccc1O)C2=O)C(=O)c1ccc(N2CCCC2)cc1,1,O=C(C=Nc1cc2c(c3ccccc13)N=C(C1C=CC3=Nc4ccc(-c5ncn[nH]5)cc4C3=C1c1ccccc1)C2=O)c1ccc(N2CCCC2)cc1,0.0739136,547.4482,0.1229226,0.1229,0.4117616,4.4366,1.0000000,1.0000,[],16
34.6842,38.1844,-38.1594,0.0001959,Cc1c(-c2ccccc2)c(CCCc2ccccc2)c(-c2ccccc2)n2ncnc12,1,c1ccc(CCCc2c(-c3ccccc3)cc3ncnn3c2-c2ccccc2)cc1,0.0001309,302.9228,0.3218432,0.3218,0.6232116,2.3643,1.0000000,1.0000,[],16
49.7376,60.9465,39.7528,0.7867131,CCN1CCCc2cc3c(c(-c4ccc(-c5ccc(C=Cc6ccc7[nH]c8ccccc8c7c6)s5)s4)c21)C=CC(C)(C)O3,1,C1=Cc2c(cc3c(c2-c2ccc(-c4ccc(C=Cc5ccc6[nH]c7ccccc7c6c5)s4)s2)NCCC3)OC1,0.8273174,417.0106,0.2137841,0.2138,0.5086601,3.3799,1.0000000,1.0000,[],16
71.2872,92.7990,-92.7990,0.0000000,CCCCN(c1ccccc1)c1ccc2cc(-c3oc(=O)c4c(C)c(O)ccc4c3-c3ccc(CN4C(=O)OC(c5ccc(F)cc5)=Cc5cc(C)ccc54)cc3)oc2c1,1,O=C1OC(c2ccccc2)=Cc2ccccc2N1Cc1ccc(-c2c(-c3cc4ccc(Nc5ccccc5)cc4o3)oc(=O)c3ccccc23)cc1,0.0000000,0.0000,0.0000000,0.0000,0.0000000,0.0000,0.0000000,0.0000,"['C(=[O,S])[O,S]']",16
53.1386,63.8399,-63.8399,0.0000000,C(=NC#N)c1c(=O)oc2cc(OCc3cc(-c4ccc(cc4)N(c4cccc(OC)c4)c4ccc(cc4)OC)ccc3)ccc2n1C,0,,0.0000000,0.0000,0.0000000,0.0000,0.0000000,0.0000,0.0000000,0.0000,None,16
40.0810,44.5461,-44.5461,0.0000000,CCN(Cc1ccccc1)c1ccc(C#Cc2c(N)cccc2C=O)c(O)c1,1,C(#Cc1ccc(NCc2ccccc2)cc1)c1ccccc1,0.0000000,0.0000,0.0000000,0.0000,0.0000000,0.0000,0.0000000,0.0000,['C#C'],16
43.8752,51.5242,-51.5242,0.0000000,O=C(O)N1CCc2c(c3ccccc3n2CCOc2ccc(N(c3ccccc3)c3ccccc3)c(F)c2)C1,1,c1ccc(N(c2ccccc2)c2ccc(OCCn3c4c(c5ccccc53)CNCC4)cc2)cc1,0.0000000,0.0000,0.0000000,0.0000,0.0000000,0.0000,0.0000000,0.0000,"['C(=[O,S])[O,S]']",16
39.4872,43.3197,-43.3197,0.0000000,Cc1ccc(N=Nc2ccc(N(CCC#N)N=Cc3ccc(Cl)cc3)cc2)cc1O,1,C(=NNc1ccc(N=Nc2ccccc2)cc1)c1ccccc1,0.0000000,0.0000,0.0000000,0.0000,0.0000000,0.0000,0.0000000,0.0000,['[#7;!n][#7;!n]'],16
39.0293,45.8024,-45.8024,0.0000000,CCCCN1c2ccccc2C(C#N)(CC(=O)O)c2ccc3ccccc3c21,1,c1ccc2c(c1)Cc1ccc3ccccc3c1N2,0.0000000,0.0000,0.0000000,0.0000,0.0000000,0.0000,0.0000000,0.0000,"['C(=[O,S])[O,S]']",16
19.8559,26.2007,-26.2007,0.0000000,C(=NN=Cc1ccco1)c1ccc(N(c2ccccc2)c2ccccc2)cc1,1,C(=NN=Cc1ccco1)c1ccc(N(c2ccccc2)c2ccccc2)cc1,0.0000000,0.0000,0.0000000,0.0000,0.0000000,0.0000,0.0000000,0.0000,['[#7;!n][#7;!n]'],16
65.7181,77.8149,-77.8149,0.0000000,c1(-c2ccc3N(C)C(C=C(CCC)c3c2)=CC=CC=CC2=[N+](c3c(cc4NCc5ccccc5N4CCC)c3)C(C)(C)CC2)ccc(N(c2ccccc2)c2ccccc2)cc1C,0,,0.0000000,0.0000,0.0000000,0.0000,0.0000000,0.0000,0.0000000,0.0000,None,16
26.5587,30.3191,-28.1582,0.0168820,CCCCn1c(=O)c2nc[nH]c(=O)c2c2ccccc21,1,O=c1[nH]c2ccccc2c2c(=O)[nH]cnc12,0.0138858,353.7161,0.7397347,0.7397,0.6244725,2.3542,1.0000000,1.0000,[],16
20.3751,24.2916,-24.2688,0.0001782,Oc1ccc2[nH]cc(-c3ccccc3)c2c1,1,c1ccc(-c2c[nH]c3ccccc23)cc1,0.0001157,301.5800,0.6314221,0.6314,0.6981841,1.7964,1.0000000,1.0000,[],16
26.1647,30.1904,-29.8962,0.0022985,FC(F)(F)c1cc(C=Cc2ccncc2)c2ccccc2n1,1,C(=Cc1ccnc2ccccc12)c1ccncc1,0.0017069,330.8240,0.6778665,0.6779,0.6244585,2.3544,1.0000000,1.0000,[],16
38.4552,44.1551,-44.1551,0.0000000,N#Cc1cccc2c1Oc1cc(-c3ccc(-c4ccc(-c5ccccc5)cc4)cc3)ccc1C=C2C#Cc1ccccc1,1,C(#Cc1ccccc1)C1=Cc2ccc(-c3ccc(-c4ccc(-c5ccccc5)cc4)cc3)cc2Oc2ccccc21,0.0000000,0.0000,0.0000000,0.0000,0.0000000,0.0000,0.0000000,0.0000,['C#C'],16
40.3394,44.6525,-44.6525,0.0000000,c1cc2c(cc1B(c1ccccc1)c1ccccc1)[nH]c1c3c(cccc32)c(=C(C#N)C#N)cc1,0,,0.0000000,0.0000,0.0000000,0.0000,0.0000000,0.0000,0.0000000,0.0000,None,16
51.0837,66.5264,52.7393,0.9317632,CC[n+]1ccc(C=Cc2cc3c(cc2-c2nnc(Sc4ccc5c(c4)C(C)(C)c4ccccc4-5)o2)CCCN3C)cc1,1,C(=Cc1cc2c(cc1-c1nnc(Sc3ccc4c(c3)Cc3ccccc3-4)o1)CCCN2)c1cc[nH+]cc1,0.9916165,451.8230,0.1930157,0.1930,0.5135219,3.3323,1.0000000,1.0000,[],16
42.9400,51.5912,-21.1043,0.2381795,CC(C)(C)c1cnc2c(-c3ccc(N(c4ccccc4)c4ccccc4)cc3)c3c(oc4ccccc43)c(-c3ccc(N(c4ccccc4)c4ccccc4)cc3)c2c1-c1ccc(N(c2ccccc2)c2ccccc2)cc1,1,c1ccc(N(c2ccccc2)c2ccc(-c3ccnc4c(-c5ccc(N(c6ccccc6)c6ccccc6)cc5)c5c(oc6ccccc65)c(-c5ccc(N(c6ccccc6)c6ccccc6)cc5)c34)cc2)cc1,0.2396011,387.4612,0.1218693,0.1219,0.4905282,3.5614,1.0000000,1.0000,[],16
62.3376,61.6869,-61.6869,0.0000000,Cn1c(cc2c3ccccc3n3c21)cc(-c1ccc2-c4c(cc(cc4)-c4c5c(c6ccccc6c4)cccc5)-c4cccc1c24)c3,0,,0.0000000,0.0000,0.0000000,0.0000,0.0000000,0.0000,0.0000000,0.0000,None,16
43.8412,50.3905,-23.9076,0.2068973,O=C(C=Cc1ccc(O)c(O)c1)NCc1ccccc1-c1c2ccccc2nc2[nH]nnc12,1,O=C(C=Cc1ccccc1)NCc1ccccc1-c1c2ccccc2nc2[nH]nnc12,0.2014934,385.0496,0.2440973,0.2441,0.5675499,2.8321,1.0000000,1.0000,[],16
68.1737,75.9522,-71.8115,0.0323493,CN(C)c1ccc(C2=C(C(=O)C(F)(F)C(F)(F)F)c3ccc(N)cc3C2=CC=Cc2c(C#N)cc3ccc(F)cc3c2-c2ccccc2)cc1,1,C(=Cc1ccc2ccccc2c1-c1ccccc1)C=C1C(c2ccccc2)=Cc2ccccc21,0.0291799,558.0514,0.1373793,0.1374,0.4953611,3.5123,1.0000000,1.0000,[],16
30.3704,39.6054,-29.1246,0.0818809,CCN(CC)c1ccc(C=Cc2ccccc2)c(NC(=O)N(c2ccccc2)c2ccccc2)c1,1,O=C(Nc1ccccc1C=Cc1ccccc1)N(c1ccccc1)c1ccccc1,0.0755769,372.8130,0.2692707,0.2693,0.6171097,2.4135,1.0000000,1.0000,[],16
23.9974,23.0752,-23.0752,0.0000000,CCCCCCCCC(=O)NC(C)C(=O)O,1,,0.0000000,0.0000,0.0000000,0.0000,0.0000000,0.0000,0.0000000,0.0000,"['C(=[O,S])[O,S]']",16
41.0140,52.5008,56.1614,0.8489238,Cc1ccc(NC(=O)C2=Cc3cc(-c4cccc(C=Cc5cc[n+](Cc6ccccc6)cc5)c4)ccc3OC2)cc1,1,O=C(Nc1ccccc1)C1=Cc2cc(-c3cccc(C=Cc4cc[n+](Cc5ccccc5)cc4)c3)ccc2OC1,0.8934308,423.0857,0.2183353,0.2183,0.5745867,2.7705,1.0000000,1.0000,[],16
41.8383,43.4887,77.3985,0.9444305,CN1Cc2ccccc2C2=C1C=CC(=O)C2c1ccccc1OCc1ccccc1,1,O=C1C=CC2=C(c3ccccc3CN2)C1c1ccccc1OCc1ccccc1,0.9692147,437.4519,0.5988139,0.5988,0.5465286,3.0208,1.0000000,1.0000,[],16
42.4458,44.2643,-44.2643,0.0000000,Cc1c2ccccc2c(C)c2c(=O)n3[nH]c(CCC(=O)O)nc3nc12,1,O=c1c2cc3ccccc3cc2nc2nc[nH]n12,0.0000000,0.0000,0.0000000,0.0000,0.0000000,0.0000,0.0000000,0.0000,"['C(=[O,S])[O,S]']",16
62.1720,77.9022,-77.9022,0.0000000,C[N+](CCO)=c1c2ccccc2ccn1C1=CC(=N)C(C#N)=Cc2ccc(C=Cc3ccc(N(c4ccccc4)c4ccccc4)cc3)cc2O1,1,[N+]=c1c2ccccc2ccn1C1=CC(=N)C=Cc2ccc(C=Cc3ccc(N(c4ccccc4)c4ccccc4)cc3)cc2O1,0.0000000,0.0000,0.0000000,0.0000,0.0000000,0.0000,0.0000000,0.0000,['[*;r{8-17}]'],16
48.9550,55.2755,-54.3272,0.0074087,C=CCOC1=CC=CC(CN(COc2ccc(NCC)cc2)c2ccc(O)cc2)C=C1,1,C1=CC=CC(CN(COc2ccccc2)c2ccccc2)C=C1,0.0059953,344.5107,0.3729866,0.3730,0.4823323,3.6456,1.0000000,1.0000,[],16
57.3574,63.3393,-63.3393,0.0000000,CC1C=C2C3=C2C=C(c2c(F)c(O)c(F)c(F)c2F)C=c2oc(n21)=c1ccccc1=CC=C3,1,C1=CC2=C3C=C(c4ccccc4)C=c4oc(n4CC=C23)=c2ccccc2=C1,0.0000000,0.0000,0.0000000,0.0000,0.0000000,0.0000,0.0000000,0.0000,['[*;r{8-17}]'],16
56.4788,67.8358,-67.8358,0.0000000,c1(OC)ccc2c(c1Oc1ccccc1)c1c(c3c4c(ccc5c4c(N(CCC5)CCCC)cc3)c2O1)CC,0,,0.0000000,0.0000,0.0000000,0.0000,0.0000000,0.0000,0.0000000,0.0000,None,16
30.8112,36.0689,-36.0689,0.0000000,c1c(cccc1)-c1c2c(c3c(c4c(n3-c3ccccc3)cccc4)cc1)ccc(-c1cc(-c3ccccc3)nc(n1)-c1ccccc1)c2,0,,0.0000000,0.0000,0.0000000,0.0000,0.0000000,0.0000,0.0000000,0.0000,None,16
63.7420,79.4767,-79.4767,0.0000000,C=C(NCCCC)C1C=CC(c2ccc3c(c2)c2cc(-c4ccccc4)ccc2n3C)=CC2=C(C=C2)C2C=Cc3ccc(N(c4ccccc4)c4ccccc4)cc3C2C=C1,1,C1=CC(c2ccc3[nH]c4ccc(-c5ccccc5)cc4c3c2)=CC2=C(C=C2)C2C=Cc3ccc(N(c4ccccc4)c4ccccc4)cc3C2C=CC1,0.0000000,0.0000,0.0000000,0.0000,0.0000000,0.0000,0.0000000,0.0000,['[*;r{8-17}]'],16
28.9111,44.3696,-44.3696,0.0000000,c1c2c(cc3c4c(cccc4)c4c(-c5ccc(cc5)N(c5ccccc5)c5ccccc5)ccc5c4c3c2ccc1N(c1ccccc1)c1ccccc1)N(c1ccccc1)c1ccccc1,0,,0.0000000,0.0000,0.0000000,0.0000,0.0000000,0.0000,0.0000000,0.0000,None,16
50.9717,58.1333,-58.1333,0.0000000,CC1(C)c2cccc3c2N(c2ccccc2N(c2ccccc2)c2c1c1ccccc1c1ccccc21)c1ccccc1C(C)(C)N3C(=O)c1ccccc1,1,O=C(c1ccccc1)N1Cc2ccccc2N2c3ccccc3N(c3ccccc3)c3c(c4ccccc4c4ccccc34)Cc3cccc1c32,0.0000000,0.0000,0.0000000,0.0000,0.0000000,0.0000,0.0000000,0.0000,['[*;r{8-17}]'],16
25.6423,29.4032,84.6834,0.8913018,COc1ccc2c(c1)C(=O)c1c-2n(C)c2ccccc12,1,O=C1c2ccccc2-c2[nH]c3ccccc3c21,0.9120193,425.3904,0.5267941,0.5268,0.6585471,2.0886,1.0000000,1.0000,[],16
69.1598,76.4271,-76.4271,0.0000000,CC(C)(C)c1cc(C(C2=CCCCC2=O)N2C(=O)c3ccc(N4CC(C(=O)O)Oc5c4ccc4c5C(=O)c5ccccc5C4=O)cc3C2=O)cc(C(C)(C)C)c1O,1,O=C1CCCC=C1C(c1ccccc1)N1C(=O)c2ccc(N3CCOc4c3ccc3c4C(=O)c4ccccc4C3=O)cc2C1=O,0.0000000,0.0000,0.0000000,0.0000,0.0000000,0.0000,0.0000000,0.0000,"['C(=[O,S])[O,S]']",16
26.9366,34.6160,-34.1506,0.0036355,CC(c1ccc(N(c2ccccc2)c2ccccc2)cc1)c1cc2cc(N(c3ccccc3)c3ccccc3)ccc2o1,1,c1ccc(N(c2ccccc2)c2ccc(Cc3cc4cc(N(c5ccccc5)c5ccccc5)ccc4o3)cc2)cc1,0.0028876,336.5449,0.1855621,0.1856,0.5622336,2.8792,1.0000000,1.0000,[],16
27.0539,29.7974,-29.0834,0.0055780,O=c1cc(-c2ccccc2)oc2cc([NH+]([O-])O)ccc12,1,O=c1cc(-c2ccccc2)oc2ccccc12,0.0043573,341.0278,0.6960172,0.6960,0.4980760,3.4850,1.0000000,1.0000,[],16
31.4306,31.1014,-31.1014,0.0000000,CCCc1cc(NC(=O)OCC)nc(N(C)C)n1,1,c1cncnc1,0.0000000,0.0000,0.0000000,0.0000,0.0000000,0.0000,0.0000000,0.0000,"['C(=[O,S])[O,S]']",16
78.9638,91.0856,-91.0856,0.0000000,CCCCn1c(=CC(C#N)=C2C(=O)OC(c3ccc(-c4c(-c5ccc(NC(C)=O)cc5)nc5ccccn45)cc3)=C2O)[nH]c1=Cc1cccc2c1NCC2,1,O=C1OC(c2ccc(-c3c(-c4ccccc4)nc4ccccn34)cc2)=CC1=CC=c1[nH]c(=Cc2cccc3c2NCC3)[nH]1,0.0000000,0.0000,0.0000000,0.0000,0.0000000,0.0000,0.0000000,0.0000,"['C(=[O,S])[O,S]']",16
61.4509,64.0253,-63.8700,0.0012129,CN(C)C(=O)c1ccc2n1-c1ccccc1C1(Oc3ccccc3-n3cccc31)C21Nc2ccccc2C1(C)C,1,c1ccc2c(c1)CC1(N2)c2cccn2-c2ccccc2C12Oc1ccccc1-n1cccc12,0.0009047,323.9223,0.2822717,0.2823,0.3815798,4.8172,1.0000000,1.0000,[],16
41.6422,58.1311,59.0256,0.9152862,C(=Cc1ccc(C=C(c2ccc(N(c3ccccc3)c3ccccc3)cc2)c2ccc3nsnc3c2)s1)c1ccc(-c2c3ccccc3c(-c3ccccc3)c3ccc(N(c4ccccc4)c4ccccc4)cc23)cc1,1,C(=Cc1ccc(C=C(c2ccc(N(c3ccccc3)c3ccccc3)cc2)c2ccc3nsnc3c2)s1)c1ccc(-c2c3ccccc3c(-c3ccccc3)c3ccc(N(c4ccccc4)c4ccccc4)cc23)cc1,0.9926950,453.3298,0.1077689,0.1078,0.4790202,3.6801,1.0000000,1.0000,[],16
20.5386,26.9022,53.6489,0.6293051,CC[n+]1ccc(C=Cc2ccccc2)cn1,1,C(=Cc1cc[nH+]nc1)c1ccccc1,0.6280566,405.6880,0.7128985,0.7129,0.5735567,2.7795,1.0000000,1.0000,[],16
29.9654,28.1185,-28.0425,0.0005938,O=Cc1cc(F)c(OCCC=C(F)F)cc1F,1,c1ccccc1,0.0004168,315.5031,0.4535889,0.4536,0.5626850,2.8752,1.0000000,1.0000,[],16
38.0702,46.3733,-45.4881,0.0069157,CCN(CCCN(Cc1ccccc1N(c1ccccc1)c1ccccc1)c1ccc2c(c1)C(C)(C)c1ccccc1-2)c1ccccc1,1,c1ccc(NCCCN(Cc2ccccc2N(c2ccccc2)c2ccccc2)c2ccc3c(c2)Cc2ccccc2-3)cc1,0.0057403,344.0359,0.1336372,0.1336,0.5669171,2.8377,1.0000000,1.0000,[],16
20.5952,22.9881,-22.9854,0.0000212,CN(C)C(C)(C)c1ccccc1,1,c1ccccc1,0.0000123,277.2504,0.6471322,0.6471,0.6706787,1.9973,1.0000000,1.0000,[],16
45.7424,49.6519,-48.9813,0.0052396,CCCCCCNc1c2c(nc3ccc(Br)cc13)CCC[N+]21CCCC1,1,c1ccc2nc3c(cc2c1)[N+]1(CCCC1)CCC3,0.0041355,340.4581,0.4581287,0.4581,0.4880560,3.5866,1.0000000,1.0000,[],16
28.9751,37.4477,-12.5553,0.1944714,C(=Nc1ccc(N(c2ccccc2)c2ccccc2)cc1)c1ccc(-n2c3ccccc3c3cccc(N(c4ccccc4)c4ccccc4)c32)cc1,1,C(=Nc1ccc(N(c2ccccc2)c2ccccc2)cc1)c1ccc(-n2c3ccccc3c3cccc(N(c4ccccc4)c4ccccc4)c32)cc1,0.1920266,384.3991,0.1417124,0.1417,0.5701799,2.8090,1.0000000,1.0000,[],16
40.0378,49.5330,-31.6299,0.1398675,CCCOc1c(OCC)c2cc(N(c3ccccc3)c3ccccc3)c(O)cc2c2ccc(OC)cc12,1,c1ccc(N(c2ccccc2)c2ccc3c(ccc4ccccc43)c2)cc1,0.1339483,379.7348,0.2090825,0.2091,0.5968387,2.5805,1.0000000,1.0000,[],16
53.4497,70.8107,-70.8107,0.0000000,O=c1n2[C@@H](C(C(=O)OC(C)C)=C(C=Cc3ccc(N(c4ccccc4)c4ccccc4)cc3)Oc2c(c2=Nc3ccccc3Sc21)O)c1c(OC)cccc1,0,,0.0000000,0.0000,0.0000000,0.0000,0.0000000,0.0000,0.0000000,0.0000,None,16
55.8268,64.7846,-64.7846,0.0000000,C(N(c1cc2c(nc3-c(cc(=[N+](CC)CC)cc3)c(c3ccc(N(C)C)cc23)O)c(c1)CNC1CCCCC1)C)CO,0,,0.0000000,0.0000,0.0000000,0.0000,0.0000000,0.0000,0.0000000,0.0000,None,16
20.5590,21.9076,-21.8662,0.0003239,C=C(O)c1ccc(N(C)C)cc1,1,c1ccccc1,0.0002167,308.3993,0.6759694,0.6760,0.6579517,2.0931,1.0000000,1.0000,[],16
48.3769,51.9897,65.2897,0.9162451,Clc1ccc(Sc2ccc(N=c3ccc(Cl)cc4ncc(CNc5ccccc5)nc34)cc2)cc1,1,c1ccc(NCc2cnc3ccccc(=Nc4ccc(Sc5ccccc5)cc4)c3n2)cc1,0.9636881,435.5972,0.2495264,0.2495,0.5860363,2.6719,1.0000000,1.0000,[],16
25.7160,36.7850,82.6602,0.9331658,N#CC(C#N)=Cc1ccc(-c2ccc(-c3ccc(N4c5ccccc5N(c5ccccc5)c5ccccc54)cc3)s2)s1,1,c1ccc(N2c3ccccc3N(c3ccc(-c4ccc(-c5cccs5)s4)cc3)c3ccccc32)cc1,0.9915357,468.2820,0.1919080,0.1919,0.5606001,2.8937,1.0000000,1.0000,[],16
18.3217,27.8982,6.8727,0.2716475,C(=Cc1ccc(N(c2ccccc2)c2ccccc2)cc1)c1ccc(-c2ccc(C=C(c3ccccc3)c3ccccc3)cc2)cc1,1,C(=Cc1ccc(N(c2ccccc2)c2ccccc2)cc1)c1ccc(-c2ccc(C=C(c3ccccc3)c3ccccc3)cc2)cc1,0.2718855,389.3047,0.1488030,0.1488,0.6427410,2.2101,1.0000000,1.0000,[],16
31.5906,37.1510,82.8007,0.9371222,C[N+](C)=c1c2ccc([N+](=O)[O-])cc2oc2cc(S(=O)(=O)O)ccc12,1,[N+]=c1c2ccccc2oc2ccccc12,0.9881021,447.9833,0.2479236,0.2479,0.5562215,2.9329,1.0000000,1.0000,[],16
47.8112,58.7137,-58.7137,0.0000000,c1cc(ccc1C1CCCc2c1nccc2)-n1nc2c(n1)ccc(-c1c3-c(cc(=N)c1)cccc3)c2,0,,0.0000000,0.0000,0.0000000,0.0000,0.0000000,0.0000,0.0000000,0.0000,None,16
32.4430,32.5821,-32.5610,0.0001651,COc1ccc(-n2cnc3cc(C(=O)CI)ccc32)cc1,1,c1ccc(-n2cnc3ccccc32)cc1,0.0001086,300.8973,0.3869312,0.3869,0.6381699,2.2458,1.0000000,1.0000,[],16
31.4767,39.7151,60.9970,0.7868136,CN(c1ccccc1)c1ccc(N(c2ccccc2)c2ccc3sc(C=Cc4ccc(N(c5ccccc5)c5ccccc5)cc4)cc3c2)cc1,1,C(=Cc1cc2cc(N(c3ccccc3)c3ccc(Nc4ccccc4)cc3)ccc2s1)c1ccc(N(c2ccccc2)c2ccccc2)cc1,0.8358009,417.6683,0.1428311,0.1428,0.5773938,2.7462,1.0000000,1.0000,[],16
35.2851,32.3622,-32.3602,0.0000157,O=C(c1ccc(Cl)cc1)N1CC2CC1CC1CC12,1,O=C(c1ccccc1)N1CC2CC1CC1CC12,0.0000090,273.8744,0.7602225,0.7602,0.4478560,4.0164,1.0000000,1.0000,[],16
66.6139,73.3441,-73.3441,0.0000000,c1(F)c2c(c3C(=O)c4c(C(O)=Nc5ccccc5)c(c(N)c(c4-c3cc1N)N)O)c(ccnc2=N)N,0,,0.0000000,0.0000,0.0000000,0.0000,0.0000000,0.0000,0.0000000,0.0000,None,16
54.0486,63.8237,-63.8237,0.0000000,c1cc(C=Cc2c(OC)c(c(O)c3ccccc32)OC)c2nc(-c3cccc4oc5c(c4c3)cccc5)oc2n1,0,,0.0000000,0.0000,0.0000000,0.0000,0.0000000,0.0000,0.0000000,0.0000,None,16
31.3352,36.7466,-35.1542,0.0124407,N#Cc1n[nH]nc1C=Cc1ccc2[nH]c3ccsc3c2c1,1,C(=Cc1cn[nH]n1)c1ccc2[nH]c3ccsc3c2c1,0.0101750,350.2994,0.5923598,0.5924,0.5314652,3.1606,1.0000000,1.0000,[],16
37.4737,42.0847,58.6897,0.7872999,O=Cc1cc2ccccc2c2c(C(=O)Nc3ccccc3)n(-c3ccccc3)n12,1,O=C(Nc1ccccc1)c1c2c3ccccc3ccn2n1-c1ccccc1,0.8057548,415.4463,0.4494019,0.4494,0.6073237,2.4935,1.0000000,1.0000,[],16
15.8672,24.8955,-24.2494,0.0050479,C(=Cc1ccc(N(c2ccccc2)c2ccccc2)cc1)Cc1ccccc1,1,C(=Cc1ccc(N(c2ccccc2)c2ccccc2)cc1)Cc1ccccc1,0.0039845,340.0526,0.3453939,0.3454,0.6768342,1.9516,1.0000000,1.0000,[],17
57.2575,71.7500,46.4643,0.9235494,Cc1ccoc1-c1sc(-c2ccc(-c3cccs3)c3c2c(-c2ccccc2)nc2ccccc23)cc1-c1ccc(-c2ccc(N(c3ccccc3)c3ccccc3)cc2)c2nsnc12,1,c1ccc(-c2nc3ccccc3c3c(-c4cccs4)ccc(-c4cc(-c5ccc(-c6ccc(N(c7ccccc7)c7ccccc7)cc6)c6nsnc56)c(-c5ccco5)s4)c23)cc1,0.9949450,462.6480,0.1352445,0.1352,0.4795903,3.6741,1.0000000,1.0000,[],17
18.8515,26.3144,-25.4090,0.0070731,O=c1c2ccccc2c2ccccc2n1-c1ccc(N(c2ccccc2)c2ccccc2)cc1,1,O=c1c2ccccc2c2ccccc2n1-c1ccc(N(c2ccccc2)c2ccccc2)cc1,0.0057322,344.0204,0.2646252,0.2646,0.6704052,1.9994,1.0000000,1.0000,[],17
39.7793,52.5980,-52.3845,0.0016684,CS(=O)(=O)c1ccc(-c2c(-c3ccc(N(c4ccccc4)c4ccccc4)cc3)nn(-c3ccc(C(F)(F)F)cc3)c2-c2ccccc2)cc1,1,c1ccc(-c2c(-c3ccc(N(c4ccccc4)c4ccccc4)cc3)nn(-c3ccccc3)c2-c2ccccc2)cc1,0.0012772,327.6700,0.1597811,0.1598,0.5788504,2.7336,1.0000000,1.0000,[],17
36.9029,39.3596,-39.3596,0.0000000,CCOC(=O)c1ccc2nn3c(-c4ccc(Br)cc4)c(-c4ccc(Cl)cc4)nc3c(=O)n2c1,1,O=c1c2nc(-c3ccccc3)c(-c3ccccc3)n2nc2ccccn12,0.0000000,0.0000,0.0000000,0.0000,0.0000000,0.0000,0.0000000,0.0000,"['C(=[O,S])[O,S]']",17
96.8978,113.9219,-113.9219,0.0000000,C(Nc1ccc2nc3C4=Cc5cccn5[B-](O)(C=c4c3C(CC)(CC)CC)c3ccccc3c2c1)(C=Cc1cc[n+](CCC(n2c3ccc(N(CC)CC)cc3cc2)=Cc2ccccc2)cc1)=O,0,,0.0000000,0.0000,0.0000000,0.0000,0.0000000,0.0000,0.0000000,0.0000,None,17
31.0153,44.4433,-44.4433,0.0000000,c1c2c(c(cc(=O)o2)-c2ccc(cc2)N(c2ccccc2)c2ccccc2)cc2c(c1)nc1c(cccc1)n2,0,,0.0000000,0.0000,0.0000000,0.0000,0.0000000,0.0000,0.0000000,0.0000,None,17
59.4528,71.2050,-34.9009,0.2836254,CCCCn1c(=O)c(N=Nc2nc3ccccc3nc2N=Nc2ccc(N3c4ccccc4C=Cc4ccccc43)c(C=Cc3cccc[n+]3CC)c2)nc2ccccc21,1,O=c1[nH]c2ccccc2nc1N=Nc1nc2ccccc2nc1N=Nc1ccc(N2c3ccccc3C=Cc3ccccc32)c(C=Cc2cccc[nH+]2)c1,0.2907045,529.6844,0.0955525,0.0956,0.4497104,3.9958,1.0000000,1.0000,[],17
56.2041,60.5301,-60.5301,0.0000000,OC1CCN(c2c1c1=CC(CC=c1c(CC=O)c2=N)C)CC(O)=O,0,,0.0000000,0.0000,0.0000000,0.0000,0.0000000,0.0000,0.0000000,0.0000,None,17
30.4623,38.5341,-36.0812,0.0191631,C(=Cc1ccc(-n2c3ccccc3c3ccc(-c4ccc(N(c5ccccc5)c5ccccc5)cc4)cc32)cc1)c1ccc(-n2c3ccccc3c3ccccc32)cc1,1,C(=Cc1ccc(-n2c3ccccc3c3ccc(-c4ccc(N(c5ccccc5)c5ccccc5)cc4)cc32)cc1)c1ccc(-n2c3ccccc3c3ccccc32)cc1,0.0167435,355.7795,0.1408740,0.1409,0.5853168,2.6780,1.0000000,1.0000,[],17
46.3355,49.0507,61.0116,0.8598618,C1=Cc2c(ccc3c2N(c2ccc(-c4ccccc4)cc2)c2ccccc2C3(c2ccccc2)c2ccccc2)-c2cc(N(c3ccccc3)c3ccccc3)c1o2,1,C1=Cc2c(ccc3c2N(c2ccc(-c4ccccc4)cc2)c2ccccc2C3(c2ccccc2)c2ccccc2)-c2cc(N(c3ccccc3)c3ccccc3)c1o2,0.9189606,426.3650,0.1621017,0.1621,0.4468354,4.0278,1.0000000,1.0000,[],17
20.9835,36.9469,79.0052,0.9058758,CCCCCCCCCCCC[n+]1ccc(C=Cc2ccc(-c3ccc(-c4ccc(N(c5ccccc5)c5ccccc5)cc4)cc3)cc2)cc1,1,C(=Cc1ccc(-c2ccc(-c3ccc(N(c4ccccc4)c4ccccc4)cc3)cc2)cc1)c1cc[nH+]cc1,0.9933239,454.3142,0.0652445,0.0652,0.5885726,2.6503,1.0000000,1.0000,[],17
23.4087,24.7407,-24.6931,0.0003718,c1n[nH]c(-c2ccc(N3CCNCC3)cc2)n1,1,c1n[nH]c(-c2ccc(N3CCNCC3)cc2)n1,0.0002494,309.9267,0.8023983,0.8024,0.6359027,2.2635,1.0000000,1.0000,[],17
62.0606,67.4312,-67.4312,0.0000000,C1=CC2Cc3cccc1c3-c1cccc(N(c3ccc(-c4cccc(-c5ccccc5)n4)cc3-c3cc4ccccc4s3)C3c4ccccc4Oc4ccccc43)c12,1,C1=CC2Cc3cccc1c3-c1cccc(N(c3ccc(-c4cccc(-c5ccccc5)n4)cc3-c3cc4ccccc4s3)C3c4ccccc4Oc4ccccc43)c12,0.0000000,0.0000,0.1687548,0.1688,0.3673855,5.0067,1.0000000,1.0000,[],17
40.3071,43.9290,75.7964,0.9353549,O=c1oc2cc3nccc4cc(O)c5ccc(c2o1)-c5c43,1,O=c1oc2cc3nccc4ccc5ccc(c2o1)-c5c43,0.9671187,436.7133,0.4694995,0.4695,0.5383660,3.0961,1.0000000,1.0000,[],17
37.1289,33.9449,-30.8776,0.0239635,O=Cc1cc(O)c(F)c2cc(F)cc(Cl)c12,1,c1ccc2ccccc2c1,0.0200788,357.7887,0.7794082,0.7794,0.5752218,2.7650,1.0000000,1.0000,[],17
46.7717,55.1898,-44.8139,0.0810615,CCN1C(=Cc2n(CC)c3sc4cc(C(C)(C)C)c(C)cc4c3[n+]2C)Oc2ccccc21,1,C(=C1Nc2ccccc2O1)c1[nH]c2sc3ccccc3c2[nH+]1,0.0745987,372.6600,0.3339741,0.3340,0.5016589,3.4492,1.0000000,1.0000,[],17
42.4114,48.9027,-45.7034,0.0249940,C=C=CCOc1ccc(-c2ccc(S(=O)(=O)c3ccc(C=Cc4ccc(O)c(O)c4)cc3)cc2)cc1,1,O=S(=O)(c1ccc(C=Cc2ccccc2)cc1)c1ccc(-c2ccccc2)cc1,0.0220281,358.8163,0.1655283,0.1655,0.5915947,2.6247,1.0000000,1.0000,[],17
40.8886,44.9985,-43.5150,0.0115898,COc1c(O)c(-c2ncccc2O)c(Oc2ccccc2)n(O)c1=O,1,O=c1ccc(-c2ccccn2)c(Oc2ccccc2)[nH]1,0.0094128,349.4456,0.6235967,0.6236,0.5751982,2.7652,1.0000000,1.0000,[],17
36.5323,40.1316,-34.3569,0.0451150,COc1c(O)c(OC)c2oc(=O)c3c(O)c(Cl)ccc3c2c1O,1,O=c1oc2ccccc2c2ccccc12,0.0396760,365.4027,0.4865169,0.4865,0.5693048,2.8167,1.0000000,1.0000,[],17
22.5786,25.6756,5.6844,0.2449994,CCN(CC)c1ccc2c(-c3ccc(C)cc3)cc(=O)oc2c1,1,O=c1cc(-c2ccccc2)c2ccccc2o1,0.2325625,387.0374,0.6597102,0.6597,0.6585594,2.0885,1.0000000,1.0000,[],17
27.2075,34.1864,-21.1382,0.1019388,Cc1ccc(N(c2ccc(-c3oc(-c4ccccc4)nc3-c3ccccc3)cc2)c2ccc(N(c3ccccc3)c3ccccc3)cc2)cc1,1,c1ccc(-c2nc(-c3ccccc3)c(-c3ccc(N(c4ccccc4)c4ccc(N(c5ccccc5)c5ccccc5)cc4)cc3)o2)cc1,0.0968418,375.7575,0.1563470,0.1563,0.6135659,2.4423,1.0000000,1.0000,[],17
49.6704,66.3986,-66.3986,0.0000000,c1ccc2C=C(c3c(C=C2c1ccc(c1)C#N)cc1c(N(c2ccccc2O1)c1ccccc1)c3)C=Cc1ccc(N(C)C)cc1,0,,0.0000000,0.0000,0.0000000,0.0000,0.0000000,0.0000,0.0000000,0.0000,None,17
69.8564,83.1047,-71.3607,0.0917500,CCCCCCC1=C(C)c2cc(-c3ccccc3)sc2-c2ccc(-c3ccc(C=C4c5cc(F)ccc5-c5ccc(-c6ccc7c(c6)sc6ccc(-c8ccccn8)cc67)cc54)cc3)cc2S1,1,C1=Cc2cc(-c3ccccc3)sc2-c2ccc(-c3ccc(C=C4c5ccccc5-c5ccc(-c6ccc7c(c6)sc6ccc(-c8ccccn8)cc67)cc54)cc3)cc2S1,0.0877494,374.5782,0.1268120,0.1268,0.4693315,3.7822,1.0000000,1.0000,[],17
35.3685,36.8713,-33.4305,0.0268811,Cc1cc(NC(=O)c2c(C)oc3cc(N(C)C)ccc3c2=O)cc(C)n1,1,O=C(Nc1ccncc1)c1coc2ccccc2c1=O,0.0226277,359.1145,0.7822938,0.7823,0.6121334,2.4540,1.0000000,1.0000,[],17
28.6539,34.1666,-33.6946,0.0036879,N=c1c2c(-c3ccccc3)cccc2nc(N)n1C1CCCC1,1,N=c1c2c(-c3ccccc3)cccc2ncn1C1CCCC1,0.0027988,336.2046,0.7541210,0.7541,0.6195232,2.3940,1.0000000,1.0000,[],17
51.4428,59.2832,-59.2832,0.0000000,Cc1cc(C(C)(c2ccccc2)c2ccccc2)ccc1-n1c(C=Cc2ccccc2)cc2cc(C(=O)NN=Cc3ccccc3)ccc21,1,O=C(NN=Cc1ccccc1)c1ccc2c(c1)cc(C=Cc1ccccc1)n2-c1ccc(C(c2ccccc2)c2ccccc2)cc1,0.0000000,0.0000,0.0000000,0.0000,0.0000000,0.0000,0.0000000,0.0000,['[#7;!n][#7;!n]'],17
21.5204,29.4334,-2.0223,0.2141488,O=[N+]([O-])c1ccc(-c2ccc(-c3ccc(-c4ccc(N(c5ccccc5)c5ccccc5)cc4)cc3)cc2)cc1,1,c1ccc(-c2ccc(-c3ccc(-c4ccc(N(c5ccccc5)c5ccccc5)cc4)cc3)cc2)cc1,0.2110479,385.6833,0.1559882,0.1560,0.6887327,1.8645,1.0000000,1.0000,[],17
77.5163,86.7431,-86.7431,0.0000000,OC1c2c(O)c(cc(c2-c2c(-c3ccc(OC)cc3)cc3c4c(c(oc4COC)=O)oc3c2C=1)Cl)C=Cc1cccc(O)c1,0,,0.0000000,0.0000,0.0000000,0.0000,0.0000000,0.0000,0.0000000,0.0000,None,17
63.0410,63.9407,-53.6256,0.0805866,c1cc2cccc3c4cc5ccc6c7cccc7c7c(c(c4oc(c1)c23)CNCC7)c56,1,c1cc2cccc3c4cc5ccc6c7cccc7c7c(c(c4oc(c1)c23)CNCC7)c56,0.0742529,547.3945,0.2907620,0.2908,0.5740588,2.7751,1.0000000,1.0000,[],17
32.4745,41.4043,-34.9113,0.0507266,COc1ccc2c(-c3ccc(-c4ccccn4)cc3)c(C=N)c(=N)oc2c1,1,N=c1cc(-c2ccc(-c3ccccn3)cc2)c2ccccc2o1,0.0447462,366.7659,0.5228440,0.5228,0.5933566,2.6098,1.0000000,1.0000,[],17
42.1631,54.7450,-54.7450,0.0000000,C(#Cc1c2ccc3sc(-c4ccccc4)cc3c2cc2nc3cc(-c4ccccc4C=Cc4ccccc4)ccc3nc12)c1ccccc1,1,C(#Cc1c2ccc3sc(-c4ccccc4)cc3c2cc2nc3cc(-c4ccccc4C=Cc4ccccc4)ccc3nc12)c1ccccc1,0.0000000,0.0000,0.0000000,0.0000,0.0000000,0.0000,0.0000000,0.0000,['C#C'],17
35.5572,45.9679,-45.9679,0.0000000,c1ccc(C#N)c(c1)N=c1c(O)cc2-c1cc1c(cccc1)c2=N,0,,0.0000000,0.0000,0.0000000,0.0000,0.0000000,0.0000,0.0000000,0.0000,None,17
28.5865,35.8445,-35.4646,0.0029681,Nc1ccc2c(-c3ccc(-c4ccc5ccccc5c4)c4ccccc34)cccc2c1,1,c1ccc2cc(-c3ccc(-c4cccc5ccccc45)c4ccccc34)ccc2c1,0.0022907,334.0240,0.2947710,0.2948,0.6625674,2.0582,1.0000000,1.0000,[],17
43.2540,61.3645,38.4995,0.7801872,C(=Cc1cc2sc3c(-c4ccc5c(c4)OCCO5)cc4cc(N(c5ccccc5)c5ccccc5)ccc4c3c2s1)c1ccc2c(c1)OCCO2,1,C(=Cc1cc2sc3c(-c4ccc5c(c4)OCCO5)cc4cc(N(c5ccccc5)c5ccccc5)ccc4c3c2s1)c1ccc2c(c1)OCCO2,0.8253170,416.8593,0.1725779,0.1726,0.5187734,3.2814,1.0000000,1.0000,[],17
77.1945,90.6125,-17.5357,0.5709127,CN(C)c1ccc2cc(C#N)c(-c3ccc4c(c3C=Cc3cc(C=Cc5ccccc5)cc(C=Cc5ccccc5)c3C#N)C=Cc3ccccc3N4c3ccc(N4c5ccccc5CCc5ccccc54)cc3)c(-c3ccccc3)c2c1,1,C(=Cc1cc(C=Cc2ccccc2)cc(C=Cc2c(-c3ccc4ccccc4c3-c3ccccc3)ccc3c2C=Cc2ccccc2N3c2ccc(N3c4ccccc4CCc4ccccc43)cc2)c1)c1ccccc1,0.6035955,404.5652,0.1208426,0.1208,0.4166008,4.3781,1.0000000,1.0000,[],17
40.0684,44.4137,49.5855,0.7343687,O=C1C(=Cc2ccc3c(c2)C(=O)c2c-3ccc3ccccc23)Oc2cc3ccccc3cc21,1,O=C1C(=Cc2ccc3c(c2)C(=O)c2c-3ccc3ccccc23)Oc2cc3ccccc3cc21,0.7607414,412.5592,0.2720610,0.2721,0.6094661,2.4759,1.0000000,1.0000,[],17
41.0104,46.5688,43.4429,0.7032158,O=S(=O)(c1ccc(Nc2cccc3ccccc23)cc1)c1ccc(N(c2ccc(N(c3ccccc3)c3ccccc3)cc2)c2ccc(N(c3ccccc3)c3ccccc3)cc2)c2ccccc12,1,O=S(=O)(c1ccc(Nc2cccc3ccccc23)cc1)c1ccc(N(c2ccc(N(c3ccccc3)c3ccccc3)cc2)c2ccc(N(c3ccccc3)c3ccccc3)cc2)c2ccccc12,0.7468858,411.7484,0.1243742,0.1244,0.5404573,3.0767,1.0000000,1.0000,[],17
36.8624,42.5610,-16.0515,0.2071051,C(C=Cc1ccc2ccccc2c1)=Cc1ccc(-c2ccc(N(c3ccccc3)c3cccc4oc5ccccc5c34)cc2)cc1,1,C(C=Cc1ccc2ccccc2c1)=Cc1ccc(-c2ccc(N(c3ccccc3)c3cccc4oc5ccccc5c34)cc2)cc1,0.2038822,385.2101,0.1719637,0.1720,0.5765882,2.7531,1.0000000,1.0000,[],17
22.1325,23.6078,12.3353,0.2808060,O=C1NC(=O)C(=Cc2ccccc2Oc2ccccc2)C(=O)N1,1,O=C1NC(=O)C(=Cc2ccccc2Oc2ccccc2)C(=O)N1,0.2683439,389.1096,0.6724390,0.6724,0.6546037,2.1186,1.0000000,1.0000,[],17
22.5720,28.0659,-28.0065,0.0004639,O=C=Nc1nc2ccc(C=O)cc2s1,1,c1ccc2scnc2c1,0.0003221,312.7031,0.4271510,0.4272,0.5570561,2.9254,1.0000000,1.0000,[],17
40.2831,48.9324,46.9750,0.7492764,COc1cc(C=CC=Cc2ccc(C=C3C(=O)N(CCO)c4cccnc43)s2)ccc1O,1,O=C1Nc2cccnc2C1=Cc1ccc(C=CC=Cc2ccccc2)s1,0.7686718,506.9622,0.4135299,0.4135,0.5428110,3.0550,1.0000000,1.0000,[],17
20.3655,31.9965,30.8051,0.4906374,CCCCCCN(C=CC=Cc1ccc(N(c2ccccc2)c2ccccc2)cc1)c1ccccc1,1,C(C=Cc1ccc(N(c2ccccc2)c2ccccc2)cc1)=CNc1ccccc1,0.5072906,400.3167,0.1494770,0.1495,0.5976890,2.5734,1.0000000,1.0000,[],17
30.0134,36.3456,-36.3456,0.0000000,COc1cc(C=C2SC(=O)N(CC=Cc3ccccc3)C2=O)cc2c1OCO2,1,O=C1SC(=Cc2ccc3c(c2)OCO3)C(=O)N1CC=Cc1ccccc1,0.0000000,0.0000,0.0000000,0.0000,0.0000000,0.0000,0.0000000,0.0000,"['C(=[O,S])[O,S]']",17
50.4339,56.1161,-56.1161,0.0000000,c1cc(-c2nc3-c(cc(cc3)C=c3ccc4=NC(Oc4c3)=O)n2)cnc1N(C)C,0,,0.0000000,0.0000,0.0000000,0.0000,0.0000000,0.0000,0.0000000,0.0000,None,17
36.1612,42.9741,-38.6449,0.0338215,c1ccc(-c2cc(-c3ccncc3)cc(COc3ccc(N(c4ccccc4)c4ccccc4)cc3)c2N(c2ccccc2)c2ccccc2)cc1,1,c1ccc(-c2cc(-c3ccncc3)cc(COc3ccc(N(c4ccccc4)c4ccccc4)cc3)c2N(c2ccccc2)c2ccccc2)cc1,0.0304758,362.4349,0.1368194,0.1368,0.5855553,2.6760,1.0000000,1.0000,[],17
42.8554,55.7803,-44.1719,0.0906903,CCCn1c(=Nc2ccc(O)cc2)sc2c(Cl)c(C=Cc3ccccc3O)c(Cl)cc21,1,C(=Cc1ccc2[nH]c(=Nc3ccccc3)sc2c1)c1ccccc1,0.0840420,374.0655,0.3017442,0.3017,0.5559124,2.9357,1.0000000,1.0000,[],17
53.2116,58.7630,-58.7630,0.0000000,C1C(=C(c2c(c3c4c(ccc3c2)cccc4)O)C=CC=C1)c1ccc(C=CC=C(C#N)C#N)s1,0,,0.0000000,0.0000,0.0000000,0.0000,0.0000000,0.0000,0.0000000,0.0000,None,17
57.3087,68.0320,-68.0320,0.0000000,CSc1cc(C)c2c3c4c(cc2c1)C(C=Cc1ccc(-c2cccc5c2N(C)CCC5)c2nsnc12)=CN3CCC4,1,C(=Cc1ccc(-c2cccc3c2NCCC3)c2nsnc12)C1=CN2CCCc3c1cc1ccccc1c32,0.0000000,0.0000,0.2011058,0.2011,0.3898819,4.7096,1.0000000,1.0000,[],17
15.9382,22.1116,-20.3660,0.0136375,c1ccc(N(c2ccccc2)c2ccc(N(c3ccccc3)c3ccc(N(c4ccccc4)c4ccccc4)cc3)cc2)cc1,1,c1ccc(N(c2ccccc2)c2ccc(N(c3ccccc3)c3ccc(N(c4ccccc4)c4ccccc4)cc3)cc2)cc1,0.0115851,351.7240,0.1683882,0.1684,0.7279879,1.5874,1.0000000,1.0000,[],17
42.6063,39.8891,12.5781,0.4099003,c1ccc2c(c1)cc1c2ccc2oc3cccc(-n4c5ccccc5c5ccc6c7ccccc7sc6c54)cc3c21,1,c1ccc2c(c1)cc1c2ccc2oc3cccc(-n4c5ccccc5c5ccc6c7ccccc7sc6c54)cc3c21,0.4160773,396.3205,0.2028389,0.2028,0.5786602,2.7352,1.0000000,1.0000,[],17
35.9741,50.3537,-50.3537,0.0000000,s1c(-c2c3c(c(-c4cc(-c5cccs5)s4)s2)cccn3)ccc1F,0,,0.0000000,0.0000,0.0000000,0.0000,0.0000000,0.0000,0.0000000,0.0000,None,17
55.9365,64.0465,-48.8078,0.1190525,COc1cc2c(cc1OC)c1c(Oc3ccccc3)c(Cl)ccc1c1c2[nH]c2cccc(C=Cc3cccc(Cl)c3)c21,1,C(=Cc1cccc2[nH]c3c4ccccc4c4c(Oc5ccccc5)cccc4c3c12)c1ccccc1,0.1142467,377.7633,0.1547996,0.1548,0.5684459,2.8242,1.0000000,1.0000,[],17
32.1814,38.0282,85.0865,0.9618337,N=C1Oc2c3ccc(Cl)cc3c(N)c3cccc1c23,1,N=C1Oc2c3ccccc3cc3cccc1c23,0.9944120,456.2578,0.4790476,0.4790,0.5623788,2.8779,1.0000000,1.0000,[],17
41.4360,46.1797,35.3984,0.6373291,Cn1cc(C=C(C#N)c2nc(-c3c4ccccc4cc4ccccc34)sc2N)c2ccccc21,1,C(=Cc1c[nH]c2ccccc12)c1csc(-c2c3ccccc3cc3ccccc23)n1,0.6600064,407.2019,0.2251188,0.2251,0.5768099,2.7512,1.0000000,1.0000,[],17
66.3795,71.0449,39.2445,0.8616366,Nc1ccc(N=Nc2ccc(OCCOCC[n+]3ccc(N=Nc4ccc(-c5nc6ccc(N=Nc7c(-c8ccccc8)c8ccccc8c8ccc(F)cc78)cc6s5)cc4)cc3)cc2)cc1,1,c1ccc(N=Nc2ccc(OCCOCC[n+]3ccc(N=Nc4ccc(-c5nc6ccc(N=Nc7c(-c8ccccc8)c8ccccc8c8ccccc78)cc6s5)cc4)cc3)cc2)cc1,0.9652964,483.8929,0.0360154,0.0360,0.4571863,3.9133,1.0000000,1.0000,[],17
47.9150,53.9298,-52.8625,0.0083383,C[N+](CN(C(=O)c1ccc(-n2c3ccccc3c3ccccc32)cc1)c1ccccc1[N+](=O)[O-])(c1ccccc1)c1ccccc1,1,O=C(c1ccc(-n2c3ccccc3c3ccccc32)cc1)N(C[NH+](c1ccccc1)c1ccccc1)c1ccccc1,0.0071223,346.3930,0.0752470,0.0752,0.5492432,2.9961,1.0000000,1.0000,[],17
37.8196,43.7527,-43.7527,0.0000000,Clc1ccc(-c2ccc3c4cc5c2ccc2cccc(c6cccc4c36)c25)cc1Cl,1,c1ccc(-c2ccc3c4cc5c2ccc2cccc(c6cccc4c36)c25)cc1,0.0000000,0.0000,0.0000000,0.0000,0.0000000,0.0000,0.0000000,0.0000,['[*;r{8-17}]'],17
39.1255,54.0446,37.4194,0.7145621,CCCCCCCCCCCCCCCC1C=Cc2ccccc2C(=C2c3ccccc3Sc3ccccc32)N1CCCCCCCCCCCC,1,C1=Cc2ccccc2C(=C2c3ccccc3Sc3ccccc32)NC1,0.7777615,413.6007,0.0628024,0.0628,0.4895864,3.5710,1.0000000,1.0000,[],17
40.0750,48.5326,-48.5326,0.0000000,O=c1oc2c(cc1-c1ccc3c(c1)sc1ccccc13)C=CC=Cc1c-2c2ccccc2n1-c1ccc(-c2ccccc2)cc1,1,O=c1oc2c(cc1-c1ccc3c(c1)sc1ccccc13)C=CC=Cc1c-2c2ccccc2n1-c1ccc(-c2ccccc2)cc1,0.0000000,0.0000,0.0000000,0.0000,0.0000000,0.0000,0.0000000,0.0000,['[*;r{8-17}]'],17
37.0695,49.6405,68.8704,0.9258666,Cc1cc(C=C(c2ccccc2)c2ccccc2)cc2c(-c3ccccc3)c(N(c3ccccc3)c3ccccc3)c3c(c12)-c1ccccc1C3=O,1,O=C1c2ccccc2-c2c1c(N(c1ccccc1)c1ccccc1)c(-c1ccccc1)c1cc(C=C(c3ccccc3)c3ccccc3)ccc21,0.9895822,470.5581,0.1579469,0.1579,0.5567859,2.9279,1.0000000,1.0000,[],17
36.9716,43.1389,-43.1389,0.0000000,c1ccc2c3c([o+]c(-c4ccccc4)c2cc1)c1c(cccc1)c(c3)-c1c2ccccc2c(c2ccccc21)-c1ccccc1,0,,0.0000000,0.0000,0.0000000,0.0000,0.0000000,0.0000,0.0000000,0.0000,None,17
74.1634,86.5659,-86.5659,0.0000000,c1(F)c2c(sc(c2N(CCCC)CCCC)-c2cc3c(c(=O)c4c(ccc(S(=O)(=O)O)c4)c3)c3c2nc2ccccc2n3)c(c(N=Nc2cc[n+](cc2)CCCS(=O)(=O)O)c1)N(CC)CC,0,,0.0000000,0.0000,0.0000000,0.0000,0.0000000,0.0000,0.0000000,0.0000,None,17
80.3499,91.8036,-91.8036,0.0000000,c1c(F)c(ccc1C#N)-c1c2c3nc4c(B5c6c(sc7c8c(cccc8C6(C)C)c5)ccc7cc4)cc3ccc2ccc1N1CCCCC1,0,,0.0000000,0.0000,0.0000000,0.0000,0.0000000,0.0000,0.0000000,0.0000,None,17
58.8242,75.4961,-23.0512,0.4097252,Fc1ccc(-c2ccn3c(-c4ccc(-c5cccc(-c6c(C=Cc7ccc(N(c8ccccc8)c8ccccc8)cc7)c(-c7ccccc7)cc7ccccc67)c5)cc4)cc(-c4ccccc4)c(-c4ccccc4)c23)cc1,1,C(=Cc1c(-c2ccccc2)cc2ccccc2c1-c1cccc(-c2ccc(-c3cc(-c4ccccc4)c(-c4ccccc4)c4c(-c5ccccc5)ccn34)cc2)c1)c1ccc(N(c2ccccc2)c2ccccc2)cc1,0.4255143,396.7409,0.1107270,0.1107,0.4839829,3.6285,1.0000000,1.0000,[],18
30.8207,39.0381,71.8610,0.8663990,CCN(CC)c1ccc(C=C(C=Cc2ccc(-c3ccccc3)cc2)C=Cc2ccc(N(c3ccccc3)c3ccccc3)cc2)cc1,1,C(=Cc1ccc(-c2ccccc2)cc1)C(C=Cc1ccc(N(c2ccccc2)c2ccccc2)cc1)=Cc1ccccc1,0.9286923,427.8684,0.1253078,0.1253,0.5821261,2.7053,1.0000000,1.0000,[],18
31.4324,34.4552,-32.2367,0.0173318,CC1(C)C=Cc2c(O)c(O)c(O)c(C=O)c2CC1,1,C1=Cc2ccccc2CCC1,0.0144963,354.1899,0.5270276,0.5270,0.5009546,3.4562,1.0000000,1.0000,[],18
43.7995,49.5522,-45.9693,0.0279920,CC1c2cc(-c3ccccc3)c3ccccc3c2-c2nc(-c3ccccc3)c(-c3ccccn3)c(N)c21,1,c1ccc(-c2nc3c(cc2-c2ccccn2)Cc2cc(-c4ccccc4)c4ccccc4c2-3)cc1,0.0244628,359.9815,0.2797671,0.2798,0.5339205,3.1375,1.0000000,1.0000,[],18
63.6433,79.3351,-79.3351,0.0000000,c1(c(N(CCC#N)c2ccccc2)cc(c(N=c2c(-c3c(Oc4ccc(cc4)OC)cccc3)c3-ccccc-3cc2)c1OC)OC)OC,0,,0.0000000,0.0000,0.0000000,0.0000,0.0000000,0.0000,0.0000000,0.0000,None,18
52.7709,74.6600,-74.6600,0.0000000,c1c(C=Cc2c3c(c(n(c2cc(N(CC)CC)cc3)-c2c(cccc2)C=Cc2cc[n+](cc2)CCC#N)=O)ccc1N(CC)CCCC)c1ccccc1,0,,0.0000000,0.0000,0.0000000,0.0000,0.0000000,0.0000,0.0000000,0.0000,None,18
30.4426,33.6575,-33.6559,0.0000128,CCCCCCCCCCn1cnc2cc(CN3CCCC3=O)ccc21,1,O=C1CCCN1Cc1ccc2[nH]cnc2c1,0.0000073,271.5421,0.5130314,0.5130,0.6357361,2.2649,1.0000000,1.0000,[],18
20.1695,29.3726,17.0917,0.3630020,Cn1c2ccc(N(c3ccccc3)c3ccccc3)cc2c2cc([N+](=O)[O-])ccc21,1,c1ccc(N(c2ccccc2)c2ccc3[nH]c4ccccc4c3c2)cc1,0.3628216,393.8858,0.2518047,0.2518,0.6433315,2.2055,1.0000000,1.0000,[],18
61.5917,71.4649,-71.4649,0.0000000,c12cc3ccc([C@H](OC(=O)C)C)cc3cc2cc2c3sc(C=Cc4c(O)c(cc(c4)[N+]#[C-])C#N)cc3ccc2cc1,0,,0.0000000,0.0000,0.0000000,0.0000,0.0000000,0.0000,0.0000000,0.0000,None,18
45.8184,56.6207,62.0528,0.9271374,N#CC1=C(c2ccccc2)NC2=C(c3ccccc3)Cc3ccccc3N=C2N1c1ccccc1Nc1ccccc1,1,C1=C(c2ccccc2)NC2=C(c3ccccc3)Cc3ccccc3N=C2N1c1ccccc1Nc1ccccc1,0.9790090,441.7189,0.2343955,0.2344,0.5494301,2.9944,1.0000000,1.0000,[],18
59.3337,72.3781,-72.3781,0.0000000,c1c(ccc(c1)C(C)(C)C)N=c1cc2-c(cc1)ccc(NCCCN=Cc1c3c(N(C)CCC3)cc(C=Cc3ccccn3)c1)c2,0,,0.0000000,0.0000,0.0000000,0.0000,0.0000000,0.0000,0.0000000,0.0000,None,18
40.7915,51.1028,-49.6412,0.0114192,Cc1c(-c2ccc(N(c3ccccc3)c3ccccc3)cc2)cc(C=Cc2ccccc2)c(-c2nc(-c3ccccc3)nc(-c3ccc(-n4c5ccccc5c5ccccc54)cc3)n2)c1C,1,C(=Cc1cc(-c2ccc(N(c3ccccc3)c3ccccc3)cc2)ccc1-c1nc(-c2ccccc2)nc(-c2ccc(-n3c4ccccc4c4ccccc43)cc2)n1)c1ccccc1,0.0097605,349.8433,0.1286629,0.1287,0.5220213,3.2502,1.0000000,1.0000,[],18
30.4200,38.6795,-37.0143,0.0130092,C(=Cc1ccc(-c2cccc3c4ccccc4n(-c4ccccc4)c23)cc1)c1ccc(-c2nnc(-c3ccccc3)o2)cc1,1,C(=Cc1ccc(-c2cccc3c4ccccc4n(-c4ccccc4)c23)cc1)c1ccc(-c2nnc(-c3ccccc3)o2)cc1,0.0110275,351.1823,0.1884293,0.1884,0.6055958,2.5077,1.0000000,1.0000,[],18
37.5260,47.7937,-36.7352,0.0863939,O=Cc1ccccc1N(c1ccccc1)c1ccc(-c2c(-c3cc(-c4ccccc4)cc(-c4ccccc4)c3)[nH]c3ccccc23)cc1,1,c1ccc(-c2cc(-c3ccccc3)cc(-c3[nH]c4ccccc4c3-c3ccc(N(c4ccccc4)c4ccccc4)cc3)c2)cc1,0.0811940,373.6575,0.1724491,0.1724,0.5845034,2.6850,1.0000000,1.0000,[],18
36.8354,41.6091,-33.8670,0.0604846,Cc1cccc2c(N3C(=O)c4c(c(-c5ccccc5)c5ccccc5c4O)C3=O)cccc12,1,O=C1c2cc3ccccc3c(-c3ccccc3)c2C(=O)N1c1cccc2ccccc12,0.0545906,369.0374,0.3270608,0.3271,0.6268905,2.3349,1.0000000,1.0000,[],18
52.3524,67.9827,39.1006,0.8365881,O=Cc1cc(N(c2ccc(-c3ccc(N(c4ccccc4)c4ccccc4)cc3)cc2)c2cccc(O)c2)sc1-c1nc2ccc(N(c3ccccc3)c3ccccc3)cc2n1-c1ccccc1,1,c1ccc(N(c2ccccc2)c2ccc(-c3ccc(N(c4ccccc4)c4ccc(-c5nc6ccc(N(c7ccccc7)c7ccccc7)cc6n5-c5ccccc5)s4)cc3)cc2)cc1,0.9002917,423.8913,0.1163440,0.1163,0.4940437,3.5257,1.0000000,1.0000,[],18
54.5475,69.0849,-20.7669,0.3774842,CNc1cc(-c2cc(OC)cc(-c3cc(C=Cc4ccc(N(c5ccccc5)c5ccccc5)cc4)no3)c2)ccc1N=Cc1cccc(O)c1,1,C(=Cc1cc(-c2cccc(-c3ccc(N=Cc4ccccc4)cc3)c2)on1)c1ccc(N(c2ccccc2)c2ccccc2)cc1,0.3872960,395.0198,0.1335109,0.1335,0.5304237,3.1704,1.0000000,1.0000,[],18
46.8414,54.5089,-54.5089,0.0000000,CC(C)(C)OC(=O)N1CCCC1C(=O)N1CCC(c2cccc3c2Oc2ccc(O)cc2O3)=CC1=O,1,O=C1C=C(c2cccc3c2Oc2ccccc2O3)CCN1C(=O)C1CCCN1,0.0000000,0.0000,0.0000000,0.0000,0.0000000,0.0000,0.0000000,0.0000,"['C(=[O,S])[O,S]']",18
35.6324,47.4160,-42.4686,0.0386516,CCCCN(CCCC)c1ccc2c(oc3cccc(OC)c32)c1C=Cc1ccc(OC)cc1,1,C(=Cc1cccc2c1oc1ccccc12)c1ccccc1,0.0345856,363.8546,0.2127065,0.2127,0.5876976,2.6577,1.0000000,1.0000,[],18
38.3980,37.3758,66.4043,0.8107820,O=C1C(=O)N(c2nnc(SCc3ccccc3)s2)C(c2ccccc2)C1=C(O)c1cc(Cl)cc(Cl)c1,1,O=C1C(=O)N(c2nnc(SCc3ccccc3)s2)C(c2ccccc2)C1=Cc1ccccc1,0.8749476,421.1223,0.0932236,0.0932,0.5581747,2.9154,1.0000000,1.0000,[],18
31.2418,38.4530,72.5475,0.8671907,C1=Cc2ccccc2N(c2ccc3oc4c(c3c2)B(c2ccccc2)c2ccccc2-4)c2ccccc21,1,C1=Cc2ccccc2N(c2ccc3oc4c(c3c2)B(c2ccccc2)c2ccccc2-4)c2ccccc21,0.9104180,425.1755,0.2556386,0.2556,0.5374669,3.1044,1.0000000,1.0000,[],18
32.5448,44.5307,58.0928,0.8017461,CC1=Nc2c(N(c3ccccc3)c3ccccc3)ccc(N=Cc3ccccc3)c2S1(c1ccccc1)c1ccccc1,1,C(=Nc1ccc(N(c2ccccc2)c2ccccc2)c2c1S(c1ccccc1)(c1ccccc1)C=N2)c1ccccc1,0.8488250,418.7335,0.1745897,0.1746,0.5247501,3.2242,1.0000000,1.0000,[],18
29.5657,28.6365,-28.5679,0.0005358,c1cc(-c2csc(CN3CCCC3)n2)[nH]n1,1,c1cc(-c2csc(CN3CCCC3)n2)[nH]n1,0.0003657,314.0808,0.8845043,0.8845,0.6068196,2.4976,1.0000000,1.0000,[],18
25.3946,27.2856,-27.2803,0.0000418,Cn1c(=N)ccn(Cc2ccccc2)c1=O,1,N=c1ccn(Cc2ccccc2)c(=O)[nH]1,0.0000250,284.9474,0.7878992,0.7879,0.6371483,2.2538,1.0000000,1.0000,[],18
33.9665,38.8477,-38.8477,0.0000000,COc1ccc2c(c1)c1c3ccc(=N)n(c3c3c(cccc3)n1)c2,0,,0.0000000,0.0000,0.0000000,0.0000,0.0000000,0.0000,0.0000000,0.0000,None,18
73.2664,84.2855,-84.2855,0.0000000,c1cc(c2sc3c4ccc(-c5c6c([nH]c(=O)c([N+]#N)c6)c(O)c5-c5ccccc5)c(cc4c(O)c(cc3O)C(=O)O)c2c1)N(C)C,0,,0.0000000,0.0000,0.0000000,0.0000,0.0000000,0.0000,0.0000000,0.0000,None,18
53.7713,67.0139,-67.0139,0.0000000,c1cc2c(c(c1O)C=Cc1c(c(O)ccc1)O)c(-c1cccc(C=Cc3ccc(cc3)N3c4ccccc4Oc4ccccc34)o1)ccc2,0,,0.0000000,0.0000,0.0000000,0.0000,0.0000000,0.0000,0.0000000,0.0000,None,18
53.6907,69.6585,6.0508,0.5914786,C(=Cc1cnc(C=Cc2ccc(N(c3ccccc3)c3ccccc3)cc2)s1)C=C1c2ccccc2Sc2cc(-c3ccc4c(c3)c3ccccc3n4-c3ccccc3)oc21,1,C(=Cc1cnc(C=Cc2ccc(N(c3ccccc3)c3ccccc3)cc2)s1)C=C1c2ccccc2Sc2cc(-c3ccc4c(c3)c3ccccc3n4-c3ccccc3)oc21,0.6209104,514.6428,0.1452687,0.1453,0.4839712,3.6286,1.0000000,1.0000,[],18
60.8195,74.7347,-74.7347,0.0000000,c1(cc(ccc1)-c1ccc2c(c1)c1cc(-c3ccccc3N=c3c4c(cccc4)c(c(n3)C#N)NC)ccc2n(C)c1-c1ccccc1)N(C)C,0,,0.0000000,0.0000,0.0000000,0.0000,0.0000000,0.0000,0.0000000,0.0000,None,18
43.6760,49.9755,-49.9755,0.0000000,CCCCNc1ccc2c3c1C(=c1ccccc1=C2N)c1cc(N=O)ccc1-3,1,C1=c2ccccc2=C2c3ccccc3-c3c1cccc32,0.0000000,0.0000,0.4144863,0.4145,0.4444350,4.0548,1.0000000,1.0000,[],18
29.3846,31.1986,-31.1986,0.0000000,O=C1C=CC(=Cc2cc(O)c(O)cc2O)O1,1,O=C1C=CC(=Cc2ccccc2)O1,0.0000000,0.0000,0.0000000,0.0000,0.0000000,0.0000,0.0000000,0.0000,"['C(=[O,S])[O,S]']",18
58.2834,62.9761,-62.9761,0.0000000,c1ccccc1-c1c(oc2[n+](-c3ccccc3)c3c(nc2c1)c(n(-c1ccccc1)c(-c1ccc(C(F)(F)F)cc1)c3-c1ccc(Cl)cc1)=O)-c1ccc(cc1)Cl,0,,0.0000000,0.0000,0.0000000,0.0000,0.0000000,0.0000,0.0000000,0.0000,None,18
36.0096,43.9462,75.4243,0.9325825,C[n+]1ccc(-c2cc(-c3cccc4c3oc3ccccc34)cc3c2oc2cccc(N(c4ccccc4)c4ccccc4)c23)c2ccccc21,1,c1ccc(N(c2ccccc2)c2cccc3oc4c(-c5cc[nH+]c6ccccc56)cc(-c5cccc6c5oc5ccccc56)cc4c23)cc1,0.9949005,457.2563,0.1750220,0.1750,0.5311171,3.1639,1.0000000,1.0000,[],18
33.1334,36.7131,-36.7131,0.0000000,O=C(Nc1ccc2cc(C#CCc3cccs3)ccc2c1)c1ccccc1,1,O=C(Nc1ccc2cc(C#CCc3cccs3)ccc2c1)c1ccccc1,0.0000000,0.0000,0.0000000,0.0000,0.0000000,0.0000,0.0000000,0.0000,['C#C'],18
26.6337,30.2032,-29.7379,0.0036359,COc1cc(OC)c(-c2csc(C#N)c2N)cc1OC,1,c1ccc(-c2ccsc2)cc1,0.0027407,335.9764,0.9363996,0.9364,0.5952052,2.5942,1.0000000,1.0000,[],18
27.0009,30.5171,-28.4001,0.0165386,c1ccc(C2Nc3cc4oc5ccccc5c4cc3N2c2ccccc2)cc1,1,c1ccc(C2Nc3cc4oc5ccccc5c4cc3N2c2ccccc2)cc1,0.0139098,353.7351,0.3721812,0.3722,0.5768577,2.7508,1.0000000,1.0000,[],18
33.2987,40.0800,-38.8176,0.0098627,c1ccc(N(c2ccccc2)c2ccc(-c3c4c(cc5sccc35)Nc3ccccc3C4)cc2)cc1,1,c1ccc(N(c2ccccc2)c2ccc(-c3c4c(cc5sccc35)Nc3ccccc3C4)cc2)cc1,0.0081508,347.8688,0.2696487,0.2696,0.5910413,2.6293,1.0000000,1.0000,[],18
47.7717,47.4563,-47.0805,0.0029362,O=C1NC(=NCc2ccc(O)cc2)N(c2ccccc2-c2cnco2)C1=O,1,O=C1NC(=NCc2ccccc2)N(c2ccccc2-c2cnco2)C1=O,0.0022136,333.6517,0.6908990,0.6909,0.5470169,3.0164,1.0000000,1.0000,[],18
50.4721,66.9326,0.3707,0.5258067,Cc1nc(C2CCC3(C=Nc4ccc(N(c5ccccc5)c5ccccc5)cc4O3)CC2)[nH]c1C(=O)C=Cc1ccccc1,1,O=C(C=Cc1ccccc1)c1cnc(C2CCC3(C=Nc4ccc(N(c5ccccc5)c5ccccc5)cc4O3)CC2)[nH]1,0.5478513,402.0845,0.1543276,0.1543,0.4700719,3.7743,1.0000000,1.0000,[],18
68.8267,71.6157,24.4844,0.7507820,C=C(C=Cc1cccc(O)c1)B1OB(C2=C(c3cccc4ccccc34)CCO2)OC2(C1=O)c1ccccc1-c1ccccc12,1,C=C(C=Cc1ccccc1)B1OB(C2=C(c3cccc4ccccc34)CCO2)OC2(C1=O)c1ccccc1-c1ccccc12,0.7957470,414.7652,0.1700123,0.1700,0.4397022,4.1083,1.0000000,1.0000,[],18
59.8846,68.4434,47.4064,0.9050764,CCCCN1C=C(C#N)C(c2c(NCCCCN=Cc3ccc(N(CCCC)CCCC)cc3)ccc3ccccc23)=C2CCCC(c3ccccc3)=C21,1,C1=CC(c2c(NCCCCN=Cc3ccccc3)ccc3ccccc23)=C2CCCC(c3ccccc3)=C2N1,0.9910515,451.1087,0.0774852,0.0775,0.4851361,3.6166,1.0000000,1.0000,[],18
27.8585,36.1017,-6.2854,0.2329399,CCCCN(CCCC)c1ccc2c(c1)oc(=O)c1cc(O)c(Cl)cc12,1,O=c1oc2ccccc2c2ccccc12,0.2239827,386.5086,0.4252587,0.4253,0.6081765,2.4865,1.0000000,1.0000,[],18
45.0774,53.0141,-47.7987,0.0407450,CN(CCO)c1ccc(-c2cc3nc(N)c4cc(C(F)(F)F)ccc4c3c(O)c2Cl)cc1,1,c1ccc(-c2ccc3c(c2)ncc2ccccc23)cc1,0.0360060,364.3075,0.3522581,0.3523,0.5696422,2.8137,1.0000000,1.0000,[],18
30.9504,37.0515,-37.0515,0.0000000,c12c3cc4Cc5ccccc5-c4c4n(c5c(cccc5)c4c3O)c1cccc2,0,,0.0000000,0.0000,0.0000000,0.0000,0.0000000,0.0000,0.0000000,0.0000,None,18
38.0797,45.7653,61.2676,0.8361941,CCOc1ccccc1N(c1ccccc1)c1ccc2cc(-c3ccc(C=Cc4ccc(N(c5ccccc5)c5ccccc5)cc4)s3)ccc2c1,1,C(=Cc1ccc(-c2ccc3cc(N(c4ccccc4)c4ccccc4)ccc3c2)s1)c1ccc(N(c2ccccc2)c2ccccc2)cc1,0.8934588,423.0889,0.1343451,0.1343,0.5584469,2.9130,1.0000000,1.0000,[],18
29.8746,32.3734,-32.3734,0.0000000,c1c2c([s+](c3c(cc[n+]23)[O-])[O-])ccc1,0,,0.0000000,0.0000,0.0000000,0.0000,0.0000000,0.0000,0.0000000,0.0000,None,18
33.2202,50.1614,53.1091,0.8068007,CCCCc1c(C=Cc2cccs2)oc(=O)c(C=Cc2ccc(N(c3ccccc3)c3ccccc3)cc2)c1-c1ccccc1,1,O=c1oc(C=Cc2cccs2)cc(-c2ccccc2)c1C=Cc1ccc(N(c2ccccc2)c2ccccc2)cc1,0.8580708,500.4637,0.1472770,0.1473,0.5543235,2.9500,1.0000000,1.0000,[],18
51.6849,66.6492,-35.4968,0.2433778,COc1ccc(-c2ccc(C=Cc3cc(C)ccc3N3c4ccccc4Cc4ccccc43)c3c2N=Cc2ccccc2S3)cc1,1,C(=Cc1ccc(-c2ccccc2)c2c1Sc1ccccc1C=N2)c1ccccc1N1c2ccccc2Cc2ccccc21,0.2416714,387.5842,0.1807984,0.1808,0.5309560,3.1654,1.0000000,1.0000,[],18
27.4755,36.3843,-12.5391,0.1862905,CCCCn1c2c(c3cc(C#N)ccc31)C=Cc1cccc3cccc-2c13,1,C1=Cc2cccc3cccc(c23)-c2[nH]c3ccccc3c21,0.1781481,383.3997,0.3601398,0.3601,0.5790623,2.7317,1.0000000,1.0000,[],18
48.8926,54.0059,-27.9920,0.2032334,Cc1cc(-c2ccc(-c3ccc(-n4nc5ccc(N(c6ccccc6)c6ccc(-c7ccccc7)cc6)cc5n4)cc3)cc2)ccc1-c1ccc2c(c1)Sc1ccccc1N2c1ccccc1,1,c1ccc(-c2ccc(N(c3ccccc3)c3ccc4nn(-c5ccc(-c6ccc(-c7ccc(-c8ccc9c(c8)Sc8ccccc8N9c8ccccc8)cc7)cc6)cc5)nc4c3)cc2)cc1,0.2014252,385.0450,0.1443889,0.1444,0.5188553,3.2807,1.0000000,1.0000,[],18
49.5630,55.4776,-55.4776,0.0000000,c1(c2c(c(cc(c2)Br)OC)OCC(=C1O)c1c(O)n(c2c1cccc2)C)O,0,,0.0000000,0.0000,0.0000000,0.0000,0.0000000,0.0000,0.0000000,0.0000,None,18
34.4338,45.1455,74.2181,0.9325279,C(=Cc1c2ccccc2n2c3c4ccccc4nnc3n(-c3ccccc3)c12)c1ccc(N(c2ccccc2)c2ccccc2)cc1,1,C(=Cc1c2ccccc2n2c3c4ccccc4nnc3n(-c3ccccc3)c12)c1ccc(N(c2ccccc2)c2ccccc2)cc1,0.9914018,451.5461,0.1897758,0.1898,0.5544608,2.9488,1.0000000,1.0000,[],18
40.1821,45.2335,62.3948,0.8408466,c1ccc(N(c2ccccc2)c2cccc(-c3cc(N(c4ccccc4)c4ccccc4)ccc3N(c3c4ccccc4cc4ccccc34)c3cccc4c3sc3ccccc34)c2)cc1,1,c1ccc(N(c2ccccc2)c2cccc(-c3cc(N(c4ccccc4)c4ccccc4)ccc3N(c3c4ccccc4cc4ccccc34)c3cccc4c3sc3ccccc34)c2)cc1,0.9014523,424.0324,0.1268713,0.1269,0.5260320,3.2120,1.0000000,1.0000,[],18
20.8256,30.5395,-7.9633,0.1763764,Oc1ccc(O)c(C=CC=Cc2cc(O)ccc2O)c1,1,C(C=Cc1ccccc1)=Cc1ccccc1,0.1662748,382.4951,0.5096004,0.5096,0.5914606,2.6258,1.0000000,1.0000,[],18
25.4573,25.2662,-25.2246,0.0003250,C=C(C=NC=N)CN,1,,0.0002239,308.7536,0.3957563,0.3958,0.3728309,4.9332,1.0000000,1.0000,[],18
34.6499,38.1035,-36.3991,0.0133154,Cc1cccc(CN2C(=O)c3c(c(-c4ccccc4)c4c(C)cccc4c3C)C2=O)c1,1,O=C1c2cc3ccccc3c(-c3ccccc3)c2C(=O)N1Cc1ccccc1,0.0110454,351.2002,0.3790553,0.3791,0.6287690,2.3200,1.0000000,1.0000,[],18
35.5595,40.1415,-39.0193,0.0087678,N#Cc1ccc(C2(c3ccc(O)cc3)c3ccc(O)cc3Oc3cc(O)c4ccccc4c32)cc1,1,c1ccc(C2(c3ccccc3)c3ccccc3Oc3ccc4ccccc4c32)cc1,0.0072075,346.5232,0.2830157,0.2830,0.5272450,3.2004,1.0000000,1.0000,[],18
29.4722,37.7340,55.2832,0.7266969,CC1(C)c2ccccc2N(c2ccccc2)c2ccc(N3c4ccccc4C=Cc4cc5ccccc5cc43)cc21,1,C1=Cc2cc3ccccc3cc2N(c2ccc3c(c2)Cc2ccccc2N3c2ccccc2)c2ccccc21,0.7581585,412.4057,0.2209964,0.2210,0.5787436,2.7345,1.0000000,1.0000,[],18
30.3300,29.9686,-29.9592,0.0000731,CCCn1nc(-c2ccc(F)c(F)c2)c2c(N)ncnc21,1,c1ccc(-c2n[nH]c3ncncc23)cc1,0.0000450,291.3311,0.8045725,0.8046,0.6238797,2.3590,1.0000000,1.0000,[],18
51.5050,46.3697,-46.3697,0.0000000,CC1(C)CCOS(=O)N(c2cc(F)c(C#N)cc2F)[S+]1[O-],1,O=S1OCCC[SH+]N1c1ccccc1,0.0000000,0.0000,0.0000000,0.0000,0.0000000,0.0000,0.0000000,0.0000,['[#7;!n][S;!$(S(=O)=O)]'],18
29.8594,38.1387,57.3716,0.7461740,C(=Cc1sc(-c2ccc(-c3ccccc3)cc2)cc1C=Cc1ccc(-c2ccccc2)s1)c1ccccc1,1,C(=Cc1sc(-c2ccc(-c3ccccc3)cc2)cc1C=Cc1ccc(-c2ccccc2)s1)c1ccccc1,0.7820712,413.8733,0.1955204,0.1955,0.5970638,2.5787,1.0000000,1.0000,[],18
49.3973,48.7716,-48.7716,0.0000000,CC(C)(C)c1ccc2c3n(-c4ccc(-c5ccc6c7c8c(cccc8c(-c8ccccc8)c6c5)-c5ccccc5-c5ccccc5-7)cc4)c(c2c1)C=CC=C3,1,C1=Cc2c3ccccc3c(n2-c2ccc(-c3ccc4c5c6c(cccc6c(-c6ccccc6)c4c3)-c3ccccc3-c3ccccc3-5)cc2)C=C1,0.0000000,0.0000,0.1616527,0.1617,0.4557366,3.9292,1.0000000,1.0000,[],18
39.9878,41.7034,-41.7034,0.0000000,CC(=O)OCC(=O)c1ccc2c(c1)c(=O)oc(-c1ccc(C(F)(F)F)cc1)[n+]2C,1,O=c1oc(-c2ccccc2)[nH+]c2ccccc12,0.0000000,0.0000,0.0000000,0.0000,0.0000000,0.0000,0.0000000,0.0000,"['C(=[O,S])[O,S]']",18
22.9335,32.2000,8.5146,0.3180828,O=[N+]([O-])c1ccccc1-c1ccc(N(c2ccccc2)c2ccccc2)cc1O,1,c1ccc(-c2ccc(N(c3ccccc3)c3ccccc3)cc2)cc1,0.3132926,391.4795,0.3186314,0.3186,0.6522924,2.1363,1.0000000,1.0000,[],18
65.5034,66.8903,-61.9383,0.0386872,COc1cc2c(C(=O)c3ccc(C)cc3)cn(-c3ccc(Oc4c(Cl)cc(Cl)cc4Cl)c4c3N(Cc3ccc(Cl)cc3)CCC4)c(=O)c2cc1OC,1,O=C(c1ccccc1)c1cn(-c2ccc(Oc3ccccc3)c3c2N(Cc2ccccc2)CCC3)c(=O)c2ccccc12,0.0351748,364.0446,0.1363022,0.1363,0.5377699,3.1016,1.0000000,1.0000,[],19
28.0242,30.7114,-30.7087,0.0000211,Clc1ccc(-n2c(-c3ccccc3)nnc2-c2ccccc2Cl)c(Cl)c1,1,c1ccc(-c2nnc(-c3ccccc3)n2-c2ccccc2)cc1,0.0000125,277.3852,0.3896017,0.3896,0.6735003,1.9763,1.0000000,1.0000,[],19
39.2969,49.4792,71.2016,0.9428191,O=C(NC1CCCCC1)c1nnc(N=c2sc(-c3ccccc3)c(-c3ccccc3)cc2O)s1,1,O=C(NC1CCCCC1)c1nnc(N=c2ccc(-c3ccccc3)c(-c3ccccc3)s2)s1,0.9819244,443.3746,0.3642245,0.3642,0.5697138,2.8131,1.0000000,1.0000,[],19
42.0202,51.1081,-23.2529,0.2176190,CN1C(=Cc2cccs2)C(=Cc2ccc(-n3c4ccccc4c4ccccc43)cc2)c2ccccc2-c2ccccc21,1,C(=C1Nc2ccccc2-c2ccccc2C1=Cc1ccc(-n2c3ccccc3c3ccccc32)cc1)c1cccs1,0.2134196,385.8373,0.2101343,0.2101,0.5787126,2.7347,1.0000000,1.0000,[],19
44.3127,54.8653,-20.3996,0.2692633,CCCCc1cccc(N(c2ccccc2)c2ccc(-c3ccc(=CC=C=C4c5ccccc5-c5ccccc54)c(=C(C#N)C#N)c3)cc2)c1,1,C=c1cc(-c2ccc(N(c3ccccc3)c3ccccc3)cc2)ccc1=CC=C=C1c2ccccc2-c2ccccc21,0.2704462,530.7744,0.1552095,0.1552,0.4996196,3.4695,1.0000000,1.0000,[],19
43.8872,59.1697,58.5356,0.9195722,N#CC(C#N)=Cc1ccc(-c2ccc(-c3cc4c(ccc5ccc(NC(=O)COc6ccc(N(c7ccccc7)c7ccccc7)cc6)cc54)o3)cc2)s1,1,O=C(COc1ccc(N(c2ccccc2)c2ccccc2)cc1)Nc1ccc2ccc3oc(-c4ccc(-c5cccs5)cc4)cc3c2c1,0.9868028,473.1563,0.1412306,0.1412,0.5351274,3.1263,1.0000000,1.0000,[],19
23.8408,25.1849,86.2450,0.8705457,c1ccc2nc(Nc3ccc4c(c3)OCO4)nnc2c1,1,c1ccc2nc(Nc3ccc4c(c3)OCO4)nnc2c1,0.8793210,421.5629,0.7681573,0.7682,0.6522272,2.1368,1.0000000,1.0000,[],19
41.2993,50.4791,68.2625,0.9276692,N#CC1=C(c2ccc(CCc3ccc(N(c4ccccc4)c4ccccc4)cc3)cc2)c2ccccc2C(=CC=C(c2ccccc2)c2ccccc2)S1,1,C(C=C1SC=C(c2ccc(CCc3ccc(N(c4ccccc4)c4ccccc4)cc3)cc2)c2ccccc21)=C(c1ccccc1)c1ccccc1,0.9957941,459.3578,0.1413817,0.1414,0.5382869,3.0968,1.0000000,1.0000,[],19
50.3329,52.9047,-32.2840,0.1610996,CCn1cc(C#N)c(S(=O)(=O)c2ccc(NCCNc3ccc(F)cc3)cc2)cc1=O,1,O=c1cc(S(=O)(=O)c2ccc(NCCNc3ccccc3)cc2)cc[nH]1,0.1510066,381.2523,0.5213940,0.5214,0.5979679,2.5711,1.0000000,1.0000,[],19
31.4156,29.0338,-29.0338,0.0000000,CCC=CCC=CCC=CCC=CCC=CCC=CCCCCCCCCC(=O)OC(COC(=O)CCCCCCCC=CCCC)COP(=O)(O)OCC[N+](C)(C)C,1,,0.0000000,0.0000,0.0000000,0.0000,0.0000000,0.0000,0.0000000,0.0000,"['C(=[O,S])[O,S]']",19
29.3911,38.0689,68.6995,0.8341287,c1ccc(-[n+]2ccc(-c3ccc(-c4ccc(-c5ccc(-c6ccc(-c7cccs7)s6)s5)cc4)cc3)cc2)cc1,1,c1ccc(-[n+]2ccc(-c3ccc(-c4ccc(-c5ccc(-c6ccc(-c7cccs7)s6)s5)cc4)cc3)cc2)cc1,0.8819619,421.8357,0.1800452,0.1800,0.5884537,2.6513,1.0000000,1.0000,[],19
20.7174,26.7834,-26.6206,0.0012712,COc1ccc2c(c1)N(c1ccccc1)c1ccccc1S2,1,c1ccc(N2c3ccccc3Sc3ccccc32)cc1,0.0009238,324.1491,0.4760250,0.4760,0.6769936,1.9505,1.0000000,1.0000,[],19
65.4300,76.5601,-76.5601,0.0000000,[C@@]12(c3c(cccc3)-c3c(O)ccc2c3=CC=C1)c1c(-c2cccc(-c3n(nc(-c4c(-c5ccccc5)cccc4)c3)-c3ccccc3)c2)cccc1,0,,0.0000000,0.0000,0.0000000,0.0000,0.0000000,0.0000,0.0000000,0.0000,None,19
28.5728,39.0092,83.1855,0.9546458,COc1cc2c(C=Cc3ccc(N4CCCC4)cc3O)cc(=O)oc2cc1O,1,O=c1cc(C=Cc2ccc(N3CCCC3)cc2)c2ccccc2o1,0.9752647,439.8951,0.6673183,0.6673,0.5919638,2.6215,1.0000000,1.0000,[],19
68.1696,83.7903,15.5650,0.7762131,CCCCOc1ccc(N(c2cc(OC)ccc2OC)c2cc3c(cc2C(=Cc2ccccc2)c2ccc(-c4ccc(N(c5ccccc5)c5ccccc5)cc4)cc2)sc2c4sc(N(CCCC)CCCC)cc4sc32)cc1,1,C(=C(c1ccc(-c2ccc(N(c3ccccc3)c3ccccc3)cc2)cc1)c1cc2sc3c4sccc4sc3c2cc1N(c1ccccc1)c1ccccc1)c1ccccc1,0.8585968,419.5833,0.0469364,0.0469,0.4333039,4.1816,1.0000000,1.0000,[],19
31.3107,41.8578,74.3449,0.9078336,N=c1ccc2c(-c3ccc(NC(=O)c4cccc(O)c4O)cc3)c3ccc(S(=O)(=O)O)cc3oc-2c1,1,N=c1ccc2c(-c3ccc(NC(=O)c4ccccc4)cc3)c3ccccc3oc-2c1,0.9729334,481.1088,0.1363435,0.1363,0.5813198,2.7123,1.0000000,1.0000,[],19
29.9621,36.9443,-7.4018,0.2308011,O=C1CCCCN1c1ccc(-c2ccc(C=Cc3ccncc3)[nH]2)cc1,1,O=C1CCCCN1c1ccc(-c2ccc(C=Cc3ccncc3)[nH]2)cc1,0.2179858,386.1303,0.7420376,0.7420,0.6038262,2.5223,1.0000000,1.0000,[],19
39.6976,44.2064,-33.8981,0.0805335,CCCCCCCCCCCCCCCCCCNS(=O)(=O)c1cc(N)c(Nc2ccc(N(CC)CC)cc2)cc1F,1,c1ccc(Nc2ccccc2)cc1,0.0771954,373.0620,0.0820290,0.0820,0.5851607,2.6793,1.0000000,1.0000,[],19
37.0517,47.3934,66.6975,0.8913355,CCCCN(CCCC)c1ccc2ccc3ccc4[nH]c5ccccc5c4c(=O)c3c(=O)c2c1,1,O=c1c2ccccc2ccc2ccc3[nH]c4ccccc4c3c(=O)c12,0.9306374,491.8086,0.2981752,0.2982,0.5933077,2.6102,1.0000000,1.0000,[],19
32.6732,43.5150,-17.2268,0.2053766,c1ccc(N(c2ccc3c(c2)Cc2cc(N(c4ccccc4)c4cccc5ccccc45)ccc2-3)c2ccc3c(c2)OCCO3)cc1,1,c1ccc(N(c2ccc3c(c2)Cc2cc(N(c4ccccc4)c4cccc5ccccc45)ccc2-3)c2ccc3c(c2)OCCO3)cc1,0.2015662,385.0545,0.1874826,0.1875,0.5731398,2.7831,1.0000000,1.0000,[],19
86.9076,101.8885,-95.6674,0.0486018,C=C(C=Cc1ccc(-c2ccc(C=N)cc2)cc1)c1ccc2nc(-c3cccc4c3NC(=O)c3ccccc3N4)c(C(=O)NC(C(=O)NCC(C)(C)C)C3CCCCC3)cc2c1,1,C=C(C=Cc1ccc(-c2ccccc2)cc1)c1ccc2nc(-c3cccc4c3NC(=O)c3ccccc3N4)c(C(=O)NCC3CCCCC3)cc2c1,0.0459854,367.0766,0.0654828,0.0655,0.4305151,4.2139,1.0000000,1.0000,[],19
56.6277,66.8158,-53.3679,0.1050623,CC1(C)C(c2c(F)cc(F)c(F)c2F)=C(c2ccc3cc(N(c4ccccc4)c4ccccc4)ccc3c2F)C(F)(F)c2cccc(F)c21,1,c1ccc(C2=C(c3ccc4cc(N(c5ccccc5)c5ccccc5)ccc4c3)Cc3ccccc3C2)cc1,0.1017867,376.3578,0.1001758,0.1002,0.5080186,3.3862,1.0000000,1.0000,[],19
28.9105,32.8092,-32.7923,0.0001324,CCCCC12CCCN(CCC)C1Cc1ccc(O)cc12,1,c1ccc2c(c1)CC1NCCCC21,0.0000843,298.1524,0.8748103,0.8748,0.4978718,3.4871,1.0000000,1.0000,[],19
55.9768,64.7834,22.1354,0.6790535,O=C(C=Cc1ccc2c(=S)o[n+]3c(O)cccc3c2c1)c1ccc2c(c1)C(=O)c1ccccc1-2,1,O=C(C=Cc1ccc2c(=S)o[n+]3ccccc3c2c1)c1ccc2c(c1)C(=O)c1ccccc1-2,0.7209781,410.3071,0.1198518,0.1199,0.5320281,3.1553,1.0000000,1.0000,[],19
47.7762,46.2843,-46.2843,0.0000000,c1(nc(C(=O)N(C)C)cc(Cc2cc3c(-c4ccccc4CCC=3)cc2)c1)C,0,,0.0000000,0.0000,0.0000000,0.0000,0.0000000,0.0000,0.0000000,0.0000,None,19
38.7859,54.0213,55.7279,0.8574154,CCCCCCOc1ccc(N(c2ccc(-c3ccc(-c4ccc(N(c5ccccc5)c5ccccc5)cc4)s3)cc2)c2ccc(-c3ccc(-c4ccc(-c5ccc(N(c6ccccc6)c6ccc(OCC)cc6)cc5)s4)s3)cc2)cc1,1,c1ccc(N(c2ccccc2)c2ccc(-c3ccc(-c4ccc(N(c5ccccc5)c5ccc(-c6ccc(-c7ccc(-c8ccc(N(c9ccccc9)c9ccccc9)cc8)s7)s6)cc5)cc4)s3)cc2)cc1,0.9418538,430.2365,0.0630848,0.0631,0.4959764,3.5061,1.0000000,1.0000,[],19
51.5833,61.9135,21.1976,0.6493060,CN(C)CCNc1cc(O)c2c(NCCCN)c(=[N+](C)C)cc(O)c-2c2ccccc12,1,[N+]=c1ccc2c3ccccc3cccc-2c1,0.6749970,407.9354,0.2159591,0.2160,0.5358878,3.1192,1.0000000,1.0000,[],19
73.9756,82.5583,-82.5583,0.0000000,C1(c2ccc3c4c(ccc(c42)N(c2ccccc2)c2ccccc2)C(=O)N1C)C(C)=C1C2(CC=c4n1c1c(ccnc14)N(CCCC)C=2)CCC3,0,,0.0000000,0.0000,0.0000000,0.0000,0.0000000,0.0000,0.0000000,0.0000,None,19
65.0928,74.2594,39.5837,0.8893994,CCCCC(=O)Nc1c(-c2ccc(N)cc2)ccc(N(CC)CC)c1N=Nc1ccc2c(c1)C=C(c1ccc(NC)cc1)C(CCCCCCCCN)O2,1,C1=C(c2ccccc2)COc2ccc(N=Nc3cccc(-c4ccccc4)c3)cc21,0.9945343,463.5006,0.0406835,0.0407,0.4505837,3.9861,1.0000000,1.0000,[],19
71.7615,80.4080,-80.4080,0.0000000,c1(OCC)ccc2c(c1)c(-c1c(cc(c3c1OC(=CC3=O)Cc1ccccc1)[N+](=O)[O-])N(CC)C)c1c(O)c(ccc1cc2)N(CC)CC,0,,0.0000000,0.0000,0.0000000,0.0000,0.0000000,0.0000,0.0000000,0.0000,None,19
22.6868,22.3021,-22.2958,0.0000493,CC(C)(C)c1ccc(O)cc1O,1,c1ccccc1,0.0000300,286.9154,0.6209104,0.6209,0.6504654,2.1503,1.0000000,1.0000,[],19
40.6262,46.9350,-46.9350,0.0000000,Nc1ccc(-c2ccc(-c3cc(C(=O)NN=Cc4cc(Br)ccc4O)[nH]n3)o2)cc1O,1,O=C(NN=Cc1ccccc1)c1cc(-c2ccc(-c3ccccc3)o2)n[nH]1,0.0000000,0.0000,0.0000000,0.0000,0.0000000,0.0000,0.0000000,0.0000,['[#7;!n][#7;!n]'],19
49.7310,62.7069,-62.7069,0.0000000,c1cccc2c1C=c1n3c(c(c1=c1c2c(ccc1)C=Cc1ccc(cc1)OC)CC(C)C)cccc3,0,,0.0000000,0.0000,0.0000000,0.0000,0.0000000,0.0000,0.0000000,0.0000,None,19
33.6373,40.3619,-34.4075,0.0465187,Cn1c2ccccc2c2cc(-c3cccc(N(c4ccccc4)c4ccc(N(c5ccccc5)c5ccccc5)c5oc6ccccc6c45)c3)ccc21,1,c1ccc(N(c2ccccc2)c2ccc(N(c3ccccc3)c3cccc(-c4ccc5[nH]c6ccccc6c5c4)c3)c3c2oc2ccccc23)cc1,0.0424022,366.1551,0.1673400,0.1673,0.5559504,2.9354,1.0000000,1.0000,[],19
26.6586,27.7476,-27.4296,0.0024839,c1ccc2c(c1)oc1c(-c3ccc4c5ccccc5c5ccccc5c4c3)cccc12,1,c1ccc2c(c1)oc1c(-c3ccc4c5ccccc5c5ccccc5c4c3)cccc12,0.0019081,332.0356,0.2537475,0.2537,0.6642001,2.0459,1.0000000,1.0000,[],19
54.0767,66.9448,15.2988,0.6425281,CCCCCCCC[n+]1ccc(C=CC2=CC(CCCC)(CCCC)c3c2ccc2c3Sc3cc(N4CC5CCC4C5)ccc3O2)cc1,1,C(=Cc1cc[nH+]cc1)C1=CCc2c1ccc1c2Sc2cc(N3CC4CCC3C4)ccc2O1,0.6929307,511.1637,0.0878069,0.0878,0.3520040,5.2206,1.0000000,1.0000,[],19
35.1159,44.9590,71.0832,0.9065800,c1ccc(-c2[o+]c3ccccc3cc2-c2cc3ncccc3c3cc(-c4ccc(N(c5ccccc5)c5ccccc5)cc4)ccc23)cc1,1,c1ccc(-c2[o+]c3ccccc3cc2-c2cc3ncccc3c3cc(-c4ccc(N(c5ccccc5)c5ccccc5)cc4)ccc23)cc1,0.9727853,438.8303,0.1355730,0.1356,0.5511121,2.9791,1.0000000,1.0000,[],19
33.0097,36.6154,-36.6154,0.0000000,COC(=O)c1conc1-c1cc(C=O)ccc1[N+](=O)[O-],1,c1ccc(-c2ccon2)cc1,0.0000000,0.0000,0.0000000,0.0000,0.0000000,0.0000,0.0000000,0.0000,"['C(=[O,S])[O,S]']",19
54.1244,67.9246,-67.9246,0.0000000,CCCCCCN1c2ccc(-c3ccccc3C(=O)O)cc2Sc2ccc(N(c3ccc4c(c3)C(CCCC)(CCCC)c3ccc(N(c5ccccc5)c5ccccc5)cc3-4)C3CCCCC3)cc21,1,c1ccc(-c2ccc3c(c2)Sc2ccc(N(c4ccc5c(c4)Cc4ccc(N(c6ccccc6)c6ccccc6)cc4-5)C4CCCCC4)cc2N3)cc1,0.0000000,0.0000,0.0000000,0.0000,0.0000000,0.0000,0.0000000,0.0000,"['C(=[O,S])[O,S]']",19
68.1313,81.8847,-81.8847,0.0000000,O=C(c1cccc(N=C(c2ccccc2)c2ccc(-c3ccccc3)c(C3=CC=C4C=CN4c4ccccc4C4C=CC=CC34)c2)c1)c1sc(N2CCCC2)nc1O,1,O=C(c1cccc(N=C(c2ccccc2)c2ccc(-c3ccccc3)c(C3=CC=C4C=CN4c4ccccc4C4C=CC=CC34)c2)c1)c1cnc(N2CCCC2)s1,0.0000000,0.0000,0.0000000,0.0000,0.0000000,0.0000,0.0000000,0.0000,['[*;r{8-17}]'],19
32.1857,43.2852,73.1827,0.9099058,Cc1c(N(c2ccccc2)c2ccccc2)cc2c(c1-c1cccc(N)c1N)C(=O)c1ccccc1-2,1,O=C1c2ccccc2-c2cc(N(c3ccccc3)c3ccccc3)cc(-c3ccccc3)c21,0.9550046,433.1709,0.2632145,0.2632,0.5876205,2.6584,1.0000000,1.0000,[],19
24.0251,35.7360,82.9914,0.9275573,c1ccc(-c2ccccc2N(c2ccccc2)c2ccc3c(N(c4ccccc4)c4ccccc4)c4ccccc4c(-c4ccccc4)c3c2)cc1,1,c1ccc(-c2ccccc2N(c2ccccc2)c2ccc3c(N(c4ccccc4)c4ccccc4)c4ccccc4c(-c4ccccc4)c3c2)cc1,0.9914638,451.6252,0.1491971,0.1492,0.6070819,2.4955,1.0000000,1.0000,[],19
28.4608,34.6644,-34.6644,0.0000000,c12c(n3c(c(-c4ccccc4)c2-c2ccccc2)ccc(N(c2ccc(-c4ccccc4)cc2)c2ccccc2)c3)cccc1,0,,0.0000000,0.0000,0.0000000,0.0000,0.0000000,0.0000,0.0000000,0.0000,None,19
25.5602,29.5375,94.5318,0.9692909,C=C1c2ccccc2C(=O)c2ccc(N=O)cc21,1,C=C1c2ccccc2C(=O)c2ccccc21,0.9937485,464.9676,0.6036645,0.6037,0.6037802,2.5227,1.0000000,1.0000,[],19
34.1828,43.0413,11.4786,0.4259367,CCN(CCC#N)c1ccc(C(=O)c2ccc(NC(=O)C=Cc3ccc(N(C)C)cc3)cc2)cc1,1,O=C(C=Cc1ccccc1)Nc1ccc(C(=O)c2ccccc2)cc1,0.4264016,396.7803,0.3208571,0.3209,0.6185741,2.4017,1.0000000,1.0000,[],19
64.1069,81.0269,-81.0269,0.0000000,OCC1CN(c2ccc(C=CC=Cc3c(NCSc4ccccc4)nc(N4CCCCC4)nc3NSc3ccc(N4CCCC4)cc3)cn2)CCO1,1,C(C=Cc1c(NCSc2ccccc2)nc(N2CCCCC2)nc1NSc1ccc(N2CCCC2)cc1)=Cc1ccc(N2CCOCC2)nc1,0.0000000,0.0000,0.0000000,0.0000,0.0000000,0.0000,0.0000000,0.0000,['[#7;!n][S;!$(S(=O)=O)]'],19
36.1774,38.8328,-22.7345,0.1257678,Cn1c2ccccc2c(=O)n1-c1ccc(C2=c3oc4ccccc4c3=CCC2)cc1,1,O=c1c2ccccc2[nH]n1-c1ccc(C2=c3oc4ccccc4c3=CCC2)cc1,0.1169887,378.0544,0.4578633,0.4579,0.5630274,2.8721,1.0000000,1.0000,[],19
96.4275,113.5538,-113.5538,0.0000000,c12nc(cnc2c2c(cccc2s1)C=c1c(n(c(s1)=Cc1[n+](CCCC)c2c(cccc2)cc1N=Cc1ccc2N(C3=C(c4[n+](cccc4)CCCC)NC(C)(C=c32)C)CCC1)=O)=O)C,0,,0.0000000,0.0000,0.0000000,0.0000,0.0000000,0.0000,0.0000000,0.0000,None,19
51.5278,55.2222,-55.2222,0.0000000,CC(=O)Nc1c(C#N)c(C(=O)O)c2c(c1F)c1ccccc1n2C(O)c1ccccc1,1,c1ccc(Cn2c3ccccc3c3ccccc32)cc1,0.0000000,0.0000,0.0000000,0.0000,0.0000000,0.0000,0.0000000,0.0000,"['C(=[O,S])[O,S]']",19
38.6895,49.5754,-49.5754,0.0000000,Oc1cccc(N(c2ccccc2)c2ccccc2C#Cc2ccccc2N(C#Cc2ccccc2)c2ccccc2)c1,1,C(#CN(c1ccccc1)c1ccccc1C#Cc1ccccc1N(c1ccccc1)c1ccccc1)c1ccccc1,0.0000000,0.0000,0.0000000,0.0000,0.0000000,0.0000,0.0000000,0.0000,['C#C'],19
33.7033,47.3597,-47.3597,0.0000000,c1(ccc(-c2sc(-c3ccc(-c4ccc5sc(cc5s4)C#N)cc3)cc2)s1)N(c1ccccc1)c1ccccc1,0,,0.0000000,0.0000,0.0000000,0.0000,0.0000000,0.0000,0.0000000,0.0000,None,19
73.6057,92.0191,26.9156,0.9291770,Cc1c(=O)c(Cl)c(Cl)c(-c2c(C=Cc3ccccc3)c(C=Cc3ccccc3)cc3cc(-c4ccccc4)sc23)c2c(=O)c3ccccc3c(=O)oc12,1,O=c1ccc(-c2c(C=Cc3ccccc3)c(C=Cc3ccccc3)cc3cc(-c4ccccc4)sc23)c2c(=O)c3ccccc3c(=O)oc2c1,0.9952126,457.9453,0.1589203,0.1589,0.5036760,3.4291,1.0000000,1.0000,[],19
32.4615,32.9173,-32.9173,0.0000000,COC1CC(NC(C)=O)CC(OC)C1OC(C)=O,1,C1CCCCC1,0.0000000,0.0000,0.0000000,0.0000,0.0000000,0.0000,0.0000000,0.0000,"['C(=[O,S])[O,S]']",19
22.1601,27.7575,-24.4802,0.0256036,c1ccc(N(c2ccccc2)c2ccc(-c3ccc4ccc5ccc6ccccc6c5c4c3)cc2)cc1,1,c1ccc(N(c2ccccc2)c2ccc(-c3ccc4ccc5ccc6ccccc6c5c4c3)cc2)cc1,0.0223037,358.9543,0.2307883,0.2308,0.6642490,2.0455,1.0000000,1.0000,[],19
59.4856,61.5659,-60.7543,0.0063407,CC1(C)c2ccc(C#N)cc2N(c2ccccc2)c2cc(-n3c4ccc(C#N)cc4c4cc(OC5=CCC(c6ccccc6)C=C5c5ccccc5)ccc43)ccc21,1,C1=C(Oc2ccc3c(c2)c2ccccc2n3-c2ccc3c(c2)N(c2ccccc2)c2ccccc2C3)C(c2ccccc2)=CC(c2ccccc2)C1,0.0052231,343.0052,0.1699149,0.1699,0.4570002,3.9154,1.0000000,1.0000,[],19
32.8862,37.0558,-37.0558,0.0000000,c1ccccc1Cn1c2n(cnc2n(c2ccccc21)CCCC)=S,0,,0.0000000,0.0000,0.0000000,0.0000,0.0000000,0.0000,0.0000000,0.0000,None,19
32.6289,35.4549,-35.4549,0.0000000,CCCCc1cc(-c2ccccc2)nc2c1ccc(=O)n2CC(=O)O,1,O=c1ccc2ccc(-c3ccccc3)nc2[nH]1,0.0000000,0.0000,0.0000000,0.0000,0.0000000,0.0000,0.0000000,0.0000,"['C(=[O,S])[O,S]']",19
46.6339,57.8015,13.7449,0.5589558,Nc1cc2oc3cc(O)c(NCCNCCNCCCN4CCCC4=O)cc3cc-2c1O,1,O=C1CCCN1CCCNCCNCCNc1ccc2oc3cccc-3cc2c1,0.5780004,516.5846,0.1967353,0.1967,0.5450842,3.0341,1.0000000,1.0000,[],19
56.2666,66.7492,-66.7492,0.0000000,CN(C1=C(c2ccc3c(C=NN4CCCC4)cc(=O)oc3c2O)c2ccc(O)cc2Oc2ccccc21)c1ccccc1,1,O=c1cc(C=NN2CCCC2)c2ccc(C3=C(Nc4ccccc4)c4ccccc4Oc4ccccc43)cc2o1,0.0000000,0.0000,0.0000000,0.0000,0.0000000,0.0000,0.0000000,0.0000,['[#7;!n][#7;!n]'],19
73.8692,86.3210,-86.3210,0.0000000,S=C1SC(=Cc2ccc(C=Cc3ccc4c(c3)CCC3=CC=CC(C5=C6C7CCC(c8ccccc8)C6C(=CC=C5)C7)C=CN34)s2)c2ccccc2N1c1ccccc1,1,S=C1SC(=Cc2ccc(C=Cc3ccc4c(c3)CCC3=CC=CC(C5=C6C7CCC(c8ccccc8)C6C(=CC=C5)C7)C=CN34)s2)c2ccccc2N1c1ccccc1,0.0000000,0.0000,0.0000000,0.0000,0.0000000,0.0000,0.0000000,0.0000,"['[*;r{8-17}]', 'C(=[O,S])[O,S]']",19
39.3553,43.8111,-6.1230,0.2944385,[C-]#[N+]c1ccc(C(=O)Nc2cc(-c3ccc(N4CCCC4)s3)cs2)cc1,1,O=C(Nc1cc(-c2ccc(N3CCCC3)s2)cs1)c1ccccc1,0.2843410,389.9783,0.5747667,0.5748,0.5663978,2.8423,1.0000000,1.0000,[],19
46.0067,58.5184,-58.5184,0.0000000,c12CCCN3c2c2c(cc(C=C4Sc5c(N4C)cccc5OC)c2)ccc1[n+]3CCCC,0,,0.0000000,0.0000,0.0000000,0.0000,0.0000000,0.0000,0.0000000,0.0000,None,19
22.7641,25.1129,-25.0579,0.0004301,N#CC1(O)c2ccccc2-c2ccccc21,1,c1ccc2c(c1)Cc1ccccc1-2,0.0002924,311.6535,0.6740717,0.6741,0.6278982,2.3269,1.0000000,1.0000,[],19
31.4911,42.7934,-42.7934,0.0000000,CC(C)(C)OC(=O)n1cccc1-c1ccc(C=Cc2ccc(N(c3ccccc3)c3ccccc3)cc2)nc1,1,C(=Cc1ccc(-c2ccc[nH]2)cn1)c1ccc(N(c2ccccc2)c2ccccc2)cc1,0.0000000,0.0000,0.0000000,0.0000,0.0000000,0.0000,0.0000000,0.0000,"['C(=[O,S])[O,S]']",19
43.1461,52.0015,-7.3809,0.3485981,CCOc1ccc(N(c2ccccc2)c2ccc(C=Cc3ccc(-c4ccc5c(c4)C(=Cc4ccc(-c6ccc(-c7ccccc7)s6)cc4)c4ccccc4-5)cc3)cc2)cc1,1,C(=Cc1ccc(N(c2ccccc2)c2ccccc2)cc1)c1ccc(-c2ccc3c(c2)C(=Cc2ccc(-c4ccc(-c5ccccc5)s4)cc2)c2ccccc2-3)cc1,0.3571269,393.6174,0.1208300,0.1208,0.5418972,3.0634,1.0000000,1.0000,[],20
80.4919,104.6142,-104.1443,0.0036715,CCCCCCCCCCCCc1nc(C=Cc2cccs2)[nH]c1-c1ccc2sc(C3=c4cc(N(CC)CC)ccc4=C(N(c4ccccc4)c4ccccc4)C(=C4N=C(O)c5sccc54)c4nsnc43)cc2c1,1,C(=Cc1cccs1)c1ncc(-c2ccc3sc(C4=c5ccccc5=C(N(c5ccccc5)c5ccccc5)C(=C5N=Cc6sccc65)c5nsnc54)cc3c2)[nH]1,0.0030317,582.9248,0.0696632,0.0697,0.3958668,4.6334,1.0000000,1.0000,[],20
32.1837,50.6972,-36.5506,0.1105200,C(=Cc1cc(-c2ccc3c(c2)c2cc(C=Cc4ccc(N(c5ccccc5)c5ccccc5)cc4)ccc2n3-c2ccccc2)cc2ccccc12)c1ccccc1,1,C(=Cc1cc(-c2ccc3c(c2)c2cc(C=Cc4ccc(N(c5ccccc5)c5ccccc5)cc4)ccc2n3-c2ccccc2)cc2ccccc12)c1ccccc1,0.1061712,376.8688,0.1338142,0.1338,0.5584580,2.9129,1.0000000,1.0000,[],20
26.1550,27.4184,-27.3668,0.0004035,O=C(CCC(=O)Nc1ccccc1Nc1ccccc1)Nc1ccccc1,1,O=C(CCC(=O)Nc1ccccc1Nc1ccccc1)Nc1ccccc1,0.0002742,310.9554,0.5680487,0.5680,0.7130818,1.6908,1.0000000,1.0000,[],20
43.2982,46.8519,-32.5156,0.1120020,Cc1ccc(-c2cc(-c3ccccc3)c3nc(-c4cccc(Nc5nc6ccccc6s5)c4)cnc3c2)cc1,1,c1ccc(-c2cc(-c3ccccc3)c3nc(-c4cccc(Nc5nc6ccccc6s5)c4)cnc3c2)cc1,0.1054128,376.7818,0.2456458,0.2456,0.6143146,2.4362,1.0000000,1.0000,[],20
53.9558,64.1275,40.3053,0.8158816,C=CCC(c1ccccc1)N(C)c1nc2cc(F)c(N(c3ccccc3)c3ccccc3)c(F)c2nc1-c1cccc(F)c1,1,c1ccc(CNc2nc3ccc(N(c4ccccc4)c4ccccc4)cc3nc2-c2ccccc2)cc1,0.8683679,420.4836,0.1578975,0.1579,0.4958681,3.5072,1.0000000,1.0000,[],20
36.3085,49.1787,12.9896,0.4856901,Cc1oc(-c2ccccc2)nc1C=Cc1oc2ccccc(=Nc3ccccc3)c2c1-c1ccccc1,1,C(=Cc1oc2ccccc(=Nc3ccccc3)c2c1-c1ccccc1)c1coc(-c2ccccc2)n1,0.4944735,399.7600,0.2486109,0.2486,0.5660934,2.8450,1.0000000,1.0000,[],20
45.9707,49.3030,-48.4861,0.0063819,Fc1ccc(-c2ccc3c(-c4cc(Cl)cc(Cl)c4)c(-c4ccc(F)cc4)c4cc(-c5ccccc5)ccc4c3c2F)cc1,1,c1ccc(-c2ccc3c(c2)c(-c2ccccc2)c(-c2ccccc2)c2ccc(-c4ccccc4)cc23)cc1,0.0052233,343.0054,0.1751979,0.1752,0.6024691,2.5336,1.0000000,1.0000,[],20
25.4324,33.1635,79.0363,0.8765609,c1ccc(N(c2ccccc2)c2ccc3oc4ccc(-c5c6ccccc6c(N(c6ccccc6)c6ccccc6)c6ccccc56)cc4c3c2)cc1,1,c1ccc(N(c2ccccc2)c2ccc3oc4ccc(-c5c6ccccc6c(N(c6ccccc6)c6ccccc6)c6ccccc56)cc4c3c2)cc1,0.9331293,428.6176,0.1564656,0.1565,0.5959909,2.5876,1.0000000,1.0000,[],20
39.5500,38.4172,-38.4172,0.0000000,O=C(Oc1ccc2c(c1)C1(C(=O)Nc3ccccc31)c1ccccc1-2)c1cccc2ccccc12,1,O=C(Oc1ccc2c(c1)C1(C(=O)Nc3ccccc31)c1ccccc1-2)c1cccc2ccccc12,0.0000000,0.0000,0.0000000,0.0000,0.0000000,0.0000,0.0000000,0.0000,"['C(=[O,S])[O,S]']",20
66.5541,81.8938,-81.8938,0.0000000,C1CC(CCN1c1c(ccc2ccccc12)NC(O)c1ccc2-c3c(OC(C)(c2c1)C)ccc(N(c1ccc(cc1)OC)c1ccccc1)c1c3cccc1)=Cc1ccc(N(c2ccccc2)c2ccccc2)cc1,0,,0.0000000,0.0000,0.0000000,0.0000,0.0000000,0.0000,0.0000000,0.0000,None,20
55.2390,61.9059,-48.8380,0.1020930,CCCCn1c2ccccc2c2c(-c3ccc(N(c4ccccc4)c4ccc5ccccc5c4)cc3)ccc(-c3ccc4c(c3)c3ccccc3n4CC(=O)C(F)(F)F)c21,1,c1ccc(N(c2ccc(-c3ccc(-c4ccc5[nH]c6ccccc6c5c4)c4[nH]c5ccccc5c34)cc2)c2ccc3ccccc3c2)cc1,0.0977275,375.8670,0.1380819,0.1381,0.5173783,3.2949,1.0000000,1.0000,[],20
19.8197,31.6710,-21.5386,0.0791594,c1ccc(N(c2ccccc2)c2ccc3ccc(-c4ccc(N(c5ccccc5)c5ccccc5)c5ccccc45)cc3c2)cc1,1,c1ccc(N(c2ccccc2)c2ccc3ccc(-c4ccc(N(c5ccccc5)c5ccccc5)c5ccccc45)cc3c2)cc1,0.0738107,372.5355,0.1826950,0.1827,0.6263956,2.3389,1.0000000,1.0000,[],20
21.9782,31.7516,-29.7864,0.0153533,c1ccc(-c2cc(-c3ccc(N(c4ccccc4)c4ccccc4)cc3)nc(-c3ccc4ccccc4c3)c2)cc1,1,c1ccc(-c2cc(-c3ccc(N(c4ccccc4)c4ccccc4)cc3)nc(-c3ccc4ccccc4c3)c2)cc1,0.0130530,353.0354,0.2150297,0.2150,0.6532115,2.1293,1.0000000,1.0000,[],20
21.6444,28.7430,-23.3821,0.0418826,c1ccc(N(c2ccccc2)c2ccc(-c3ccc(N(c4ccccc4)c4ccc5c(c4)C(c4ccccc4)(c4ccccc4)c4ccccc4-5)cc3)cc2)cc1,1,c1ccc(N(c2ccccc2)c2ccc(-c3ccc(N(c4ccccc4)c4ccc5c(c4)C(c4ccccc4)(c4ccccc4)c4ccccc4-5)cc3)cc2)cc1,0.0380662,364.9348,0.1459988,0.1460,0.6019281,2.5381,1.0000000,1.0000,[],20
55.5373,57.5140,-57.5140,0.0000000,c1cc(-c2ccc(cc2)C2N=C(c3ccccc3)N=C(C3C=CC=C=Cc4c3cc3c(c2)cccc4)ccc3)ccc1,0,,0.0000000,0.0000,0.0000000,0.0000,0.0000000,0.0000,0.0000000,0.0000,None,20
57.5880,74.2221,-13.1200,0.4773594,CCCCCCCCCC[n+]1c(C=Cc2ccc([N+](=O)[O-])c(-c3ccc(N(c4ccccc4)c4ccccc4)cc3)c2)sc2c3cc(N(c4ccccc4)c4ccccc4)ccc3c(-c3ccc(C#N)cc3)cc21,1,C(=Cc1[nH+]c2cc(-c3ccccc3)c3ccc(N(c4ccccc4)c4ccccc4)cc3c2s1)c1cccc(-c2ccc(N(c3ccccc3)c3ccccc3)cc2)c1,0.5198828,519.1360,0.0329032,0.0329,0.4580468,3.9039,1.0000000,1.0000,[],20
40.2219,45.8380,-38.5178,0.0571887,CN(C)c1cc(-c2c(-c3nc4ccccc4s3)nc3ccccc3c2-c2ccc(Cl)cc2)ccc1Cl,1,c1ccc(-c2c(-c3nc4ccccc4s3)nc3ccccc3c2-c2ccccc2)cc1,0.0520802,368.4975,0.2293040,0.2293,0.6066770,2.4988,1.0000000,1.0000,[],20
26.6329,38.6676,79.8875,0.9262112,c1ccc(N(c2ccccc2)c2ccc(-c3cc(-c4cc5cc(N(c6ccccc6)c6ccccc6)ccc5s4)cc4nsnc34)cc2)cc1,1,c1ccc(N(c2ccccc2)c2ccc(-c3cc(-c4cc5cc(N(c6ccccc6)c6ccccc6)ccc5s4)cc4nsnc34)cc2)cc1,0.9894904,449.3456,0.1600967,0.1601,0.5583116,2.9142,1.0000000,1.0000,[],20
31.0162,46.1346,11.7055,0.4518753,CC1(C)c2ccccc2-c2cc(N(c3ccccc3)c3ccc(C=Cc4cc(N(c5ccccc5)c5ccccc5)ccc4-c4ccc(N(c5ccccc5)c5ccccc5)cc4)cc3)ccc21,1,C(=Cc1cc(N(c2ccccc2)c2ccccc2)ccc1-c1ccc(N(c2ccccc2)c2ccccc2)cc1)c1ccc(N(c2ccccc2)c2ccc3c(c2)-c2ccccc2C3)cc1,0.4704084,398.7133,0.1132675,0.1133,0.5335917,3.1406,1.0000000,1.0000,[],20
32.1991,38.0056,-36.9890,0.0079424,Cn1c2ccccc2c2ccc(C(=O)Nc3ccc4c(c3)sc3ccccc34)cc21,1,O=C(Nc1ccc2c(c1)sc1ccccc12)c1ccc2c(c1)[nH]c1ccccc12,0.0064337,345.2816,0.3315524,0.3316,0.6527231,2.1330,1.0000000,1.0000,[],20
37.4248,45.6878,65.9310,0.8720218,O=c1ccc2c(=O)oc3c4ccccc4c(-c4ccc(N(c5ccccc5)c5ccccc5)cc4)c(-c4ccccc4)c3c2o1,1,O=c1ccc2c(=O)oc3c4ccccc4c(-c4ccc(N(c5ccccc5)c5ccccc5)cc4)c(-c4ccccc4)c3c2o1,0.9297759,428.0473,0.1490472,0.1490,0.5866970,2.6662,1.0000000,1.0000,[],20
63.2832,80.5207,-80.5207,0.0000000,O(C)(=O)C=Cc1cc(-c2c3ccc(c(c3oc3-c2ccc(c3)=N)N(C)CCCCCCCC)OCCCCCCCC)c(cc1OC)N(c1ccccc1)c1ccccc1,0,,0.0000000,0.0000,0.0000000,0.0000,0.0000000,0.0000,0.0000000,0.0000,None,20
99.1295,119.3461,-7.6031,0.8729926,CCCCCCC1C=Cc2c(n(C)c3cc(C4=NC(c5ccccc5)=C(c5ccc6cc(CCCCC)oc6c5)C(=Cc5c(CC)n[nH]c5C)N4C)sc23)N1c1ccc2ccccc2c1,1,C1=Cc2c([nH]c3cc(C4=NC(c5ccccc5)=C(c5ccc6ccoc6c5)C(=Cc5cn[nH]c5)N4)sc23)N(c2ccc3ccccc3c2)C1,0.9495819,488.1263,0.1042226,0.1042,0.3897570,4.7112,1.0000000,1.0000,[],20
51.3293,67.8114,-67.8114,0.0000000,C[n+]1ccc2sc(-c3cc(=NN(c4ccccc4)c4ccccc4)n(-c4cccc5ccccc45)c4ccc(C=Cc5ccc(N(c6ccccc6)c6ccccc6)cc5)cc34)cc2c1,1,C(=Cc1ccc2c(c1)c(-c1cc3c[nH+]ccc3s1)cc(=NN(c1ccccc1)c1ccccc1)n2-c1cccc2ccccc12)c1ccc(N(c2ccccc2)c2ccccc2)cc1,0.0000000,0.0000,0.0000000,0.0000,0.0000000,0.0000,0.0000000,0.0000,['[#7;!n][#7;!n]'],20
30.6070,28.2909,-28.2874,0.0000271,CN(C(=O)c1ccccn1)C1CCC(=O)NC1=O,1,O=C1CCC(NC(=O)c2ccccn2)C(=O)N1,0.0000159,280.0465,0.7435395,0.7435,0.5631052,2.8714,1.0000000,1.0000,[],20
15.5245,22.6552,-22.6257,0.0002306,COc1cccc(N(c2ccccc2)c2ccccc2)c1,1,c1ccc(N(c2ccccc2)c2ccccc2)cc1,0.0001515,304.5100,0.6513610,0.6514,0.7202582,1.6407,1.0000000,1.0000,[],20
42.6065,59.8056,-53.8254,0.0467202,C[n+]1ccc(C=Cc2oc(-c3ccc(C=Cc4ccc(-c5nc6ccccc6[nH]5)cc4)cc3)c3ccc(=[N+](c4ccccc4)c4ccccc4)ccc23)cc1,1,C(=Cc1oc(-c2ccc(C=Cc3ccc(-c4nc5ccccc5[nH]4)cc3)cc2)c2ccc(=[N+](c3ccccc3)c3ccccc3)ccc12)c1cc[nH+]cc1,0.0430785,553.6654,0.1260543,0.1261,0.4977760,3.4880,1.0000000,1.0000,[],20
34.7533,36.3248,-36.3248,0.0000000,C=CN(CCCC(=O)O)c1ccc2c(c1)N=CC2,1,C1=Nc2ccccc2C1,0.0000000,0.0000,0.0000000,0.0000,0.0000000,0.0000,0.0000000,0.0000,"['C(=[O,S])[O,S]']",20
56.2317,64.7743,16.4096,0.6342492,CP1OC=C2CC(OCc3ccc(N(c4ccccc4)c4ccccc4)cc3)C(=O)C1N2c1ccccc1,1,O=C1C(OCc2ccc(N(c3ccccc3)c3ccccc3)cc2)CC2=COPC1N2c1ccccc1,0.6613498,407.2670,0.2332080,0.2332,0.3898485,4.7100,1.0000000,1.0000,[],20
20.5174,23.6722,60.1969,0.6552272,O=C1c2ccccc2C(=O)c2nc3ccccc3nc21,1,O=C1c2ccccc2C(=O)c2nc3ccccc3nc21,0.6610539,407.2527,0.4868457,0.4868,0.6718304,1.9887,1.0000000,1.0000,[],20
44.3057,54.8619,-54.8619,0.0000000,CCCCN(CCCC)c1ccc2c(c1)c1c(=O)n(CCN)c3c4cccc3c1c1c(cc4)c(N(CCCC)CCCC)ccc21,1,O=c1[nH]c2c3cccc2c2c1c1ccccc1c1cccc(cc3)c12,0.0000000,0.0000,0.0000000,0.0000,0.0000000,0.0000,0.0000000,0.0000,['[*;r{8-17}]'],20
35.5784,43.2243,-43.2243,0.0000000,c1c(O)c(ccc1C=Nc1ccccc1C=c1c(oc2c(c1O)cccn2)=O)O,0,,0.0000000,0.0000,0.0000000,0.0000,0.0000000,0.0000,0.0000000,0.0000,None,20
28.4863,35.8262,-7.9546,0.2177469,c1ccc(-c2c3ccccc3c(-c3ccc4c(ccc5nc6ccccc6c(-c6ccccc6)c54)c3)c3ccccc23)cc1,1,c1ccc(-c2c3ccccc3c(-c3ccc4c(ccc5nc6ccccc6c(-c6ccccc6)c54)c3)c3ccccc23)cc1,0.2151816,385.9509,0.1554847,0.1555,0.6336241,2.2815,1.0000000,1.0000,[],20
46.1577,61.7364,56.0509,0.9202133,CCCN(CCC)c1cccc(N=Nc2ccc(N=Nc3ccc4oc(-c5ccc(N(c6ccccc6)c6ccccc6)cc5)nc4c3)cc2F)c1C,1,c1ccc(N=Nc2ccc(N=Nc3ccc4oc(-c5ccc(N(c6ccccc6)c6ccccc6)cc5)nc4c3)cc2)cc1,0.9958175,460.5815,0.1120638,0.1121,0.5089667,3.3769,1.0000000,1.0000,[],20
64.9926,80.6714,-80.3467,0.0025367,CNc1ccc2c(N(c3ccccc3)c3ccccc3)cc3c(c2c1)C=CC(=CC=C1OC(=Cc2oc4ccccc4[n+]2C)Oc2cc(-n4c5ccccc5c5ccccc54)ccc21)c1ccccc1-3,1,C1=Cc2c(cc(N(c3ccccc3)c3ccccc3)c3ccccc23)-c2ccccc2C1=CC=C1OC(=Cc2[nH+]c3ccccc3o2)Oc2cc(-n3c4ccccc4c4ccccc43)ccc21,0.0019965,587.4714,0.1615211,0.1615,0.4349963,4.1621,1.0000000,1.0000,[],20
45.0304,52.7234,-52.7234,0.0000000,C12=C(Oc3c(C=N2CCC(O)=O)ccc(N2CCCCC2)c3)C=CCC1,0,,0.0000000,0.0000,0.0000000,0.0000,0.0000000,0.0000,0.0000000,0.0000,None,20
71.3388,79.0425,-33.9136,0.3525699,CCCCCCCCCCCCn1c2ccc(-c3ccccc3)cc2c2cc(N3CCN(C4=C(C=Nc5ccc(S(=O)(=O)N6CCCCC6)cc5)C(=O)C(CCCCCC)=C(C)C4=O)CC3)ccc21,1,O=C1C=CC(=O)C(N2CCN(c3ccc4[nH]c5ccc(-c6ccccc6)cc5c4c3)CC2)=C1C=Nc1ccc(S(=O)(=O)N2CCCCC2)cc1,0.3763320,525.4846,0.0367671,0.0368,0.4725465,3.7481,1.0000000,1.0000,[],20
78.3217,93.7574,-93.7574,0.0000000,c1nc(c2c(c(o2)C)c1-c1ccc(cc1)-c1nc(-c2c3c(N(C(C)(C)C=C3C)CC)ccc2/C=C\C=C)c(-c2ccccc2)c(-c2ccccc2)c1C=C)N(c1ccccc1)c1ccccc1,0,,0.0000000,0.0000,0.0000000,0.0000,0.0000000,0.0000,0.0000000,0.0000,None,20
39.8781,48.8282,-10.7914,0.2971630,Brc1ccc2c(c1)c1ccc(C=CC=Cc3ccc(-c4cccc5ccccc45)c4ccccc34)cc1n2Cc1ccccc1,1,C(C=Cc1ccc(-c2cccc3ccccc23)c2ccccc12)=Cc1ccc2c3ccccc3n(Cc3ccccc3)c2c1,0.2988000,390.7385,0.1594506,0.1595,0.5824040,2.7030,1.0000000,1.0000,[],20
37.9438,48.2740,-48.2740,0.0000000,c1cccc2c1nc1c3c(cc(c(Cl)c3)N=Nc3c4c(cccc4)ccc3)ccc1n2CCCCC,0,,0.0000000,0.0000,0.0000000,0.0000,0.0000000,0.0000,0.0000000,0.0000,None,20
43.1208,46.9584,75.7720,0.9588318,CCCCCS(=O)(=O)c1cc(O)c(N=Nc2ccc(Cl)cc2OC)cc1C#N,1,c1ccc(N=Nc2ccccc2)cc1,0.9925982,453.1859,0.4582917,0.4583,0.5606175,2.8936,1.0000000,1.0000,[],20
50.2136,51.4565,-48.1220,0.0260510,C1=CC2CC=C(C1)C(c1ccccc1)N2c1ccc(-c2cc(-c3ccccc3)cc3oc4ccc5cccc(-c6ccccc6)c5c4c23)cc1,1,C1=CC2CC=C(C1)C(c1ccccc1)N2c1ccc(-c2cc(-c3ccccc3)cc3oc4ccc5cccc(-c6ccccc6)c5c4c23)cc1,0.0231600,359.3729,0.1739083,0.1739,0.4033148,4.5402,1.0000000,1.0000,[],20
35.4210,50.6553,-50.6553,0.0000000,c1cc2ccc3cccc4c2c(cc5)c(C=Cc2ccc(N(c6ccccc6)c6ccccc6)cc2)cccc34,0,,0.0000000,0.0000,0.0000000,0.0000,0.0000000,0.0000,0.0000000,0.0000,None,20
33.2126,42.2713,-37.6307,0.0362543,c1ccc(N(c2ccccc2)c2ccc(-c3ccc(N(c4ccccc4)c4ccccc4)cc3-c3ccc4c(c3)C3(c5ccccc5Oc5ccccc53)c3cc(N(c5ccccc5)c5ccccc5)ccc3-4)cc2)cc1,1,c1ccc(N(c2ccccc2)c2ccc(-c3ccc(N(c4ccccc4)c4ccccc4)cc3-c3ccc4c(c3)C3(c5ccccc5Oc5ccccc53)c3cc(N(c5ccccc5)c5ccccc5)ccc3-4)cc2)cc1,0.0329978,363.3264,0.1285250,0.1285,0.4747198,3.7252,1.0000000,1.0000,[],20
49.2844,65.4926,35.6630,0.7902787,c1ccc(N(c2ccccc2)c2ccc(-c3ccc(-c4ccc(-c5ccc6c(ccc7ccccc76)c5)c5ccc(-c6ccco6)nc45)s3)cc2N2c3ccccc3N(c3ccccc3)c3ccccc32)cc1,1,c1ccc(N(c2ccccc2)c2ccc(-c3ccc(-c4ccc(-c5ccc6c(ccc7ccccc76)c5)c5ccc(-c6ccco6)nc45)s3)cc2N2c3ccccc3N(c3ccccc3)c3ccccc32)cc1,0.8446996,418.3882,0.1347596,0.1348,0.4745858,3.7266,1.0000000,1.0000,[],20
46.1197,56.0216,67.0410,0.9614266,Oc1ccc(-c2ccccc2)cc1C1=c2cccc(C=Cc3ccccn3)c2=C=C2CCCN21,1,C1=C2CCCN2C(c2cccc(-c3ccccc3)c2)=c2cccc(C=Cc3ccccn3)c2=1,0.9958216,460.5708,0.4766123,0.4766,0.5187222,3.2819,1.0000000,1.0000,[],20
30.5749,38.4722,-38.4722,0.0000000,c12c(N(C)C)c3c4c(cccc4ccc3cc1)cc1c2N(C)CCC1,0,,0.0000000,0.0000,0.0000000,0.0000,0.0000000,0.0000,0.0000000,0.0000,None,20
32.1827,37.0513,-36.6188,0.0033793,c1ccc(-c2ccc(-n3c4ccccc4c4ccc(-c5ccc6c(c5)oc5ccc(-c7cccc8ccccc78)cc56)cc43)cc2)cc1,1,c1ccc(-c2ccc(-n3c4ccccc4c4ccc(-c5ccc6c(c5)oc5ccc(-c7cccc8ccccc78)cc56)cc43)cc2)cc1,0.0026668,335.6787,0.1935942,0.1936,0.5980801,2.5702,1.0000000,1.0000,[],20
41.8766,51.7547,-47.3160,0.0346772,COc1ccc2c(c1)N(c1ccccc1)c1cc3c(cc1C2(C)C)Sc1ccccc1N3c1ccc2c(c1)C(C)(C)c1ccccc1N2c1ccccc1,1,c1ccc(N2c3ccccc3Cc3cc(N4c5ccccc5Sc5cc6c(cc54)N(c4ccccc4)c4ccccc4C6)ccc32)cc1,0.0310812,362.6552,0.1797626,0.1798,0.5327673,3.1484,1.0000000,1.0000,[],20
36.8492,43.1785,49.2925,0.7224292,Cc1ccccc1-c1c2cc(-c3ccccc3)cc[n+]2c2sc(-c3ccccc3)nn12,1,c1ccc(-c2cc[n+]3c(c2)c(-c2ccccc2)n2nc(-c4ccccc4)sc23)cc1,0.7459324,411.6938,0.3029172,0.3029,0.5815053,2.7107,1.0000000,1.0000,[],20
81.1400,91.6295,-90.8213,0.0063148,Cc1ccoc1-c1cc(N2CCC(c3ccc(-n4ccc5cc(-c6ccc7c(c6)C(N)=NC(=O)C7)ccc54)cc3F)CC2)c2cc(F)c(OCCCN3CCCC3)cc2n1,1,O=C1Cc2ccc(-c3ccc4c(ccn4-c4ccc(C5CCN(c6cc(-c7ccco7)nc7cc(OCCCN8CCCC8)ccc67)CC5)cc4)c3)cc2C=N1,0.0052315,343.0226,0.1374879,0.1375,0.4741244,3.7314,1.0000000,1.0000,[],20
47.7466,47.4359,-47.4359,0.0000000,COc1cccc(-c2sc3ccccc3c2C=NNc2ncc3c(C)[nH]nc3n2)c1,1,C(=NNc1ncc2c[nH]nc2n1)c1c(-c2ccccc2)sc2ccccc12,0.0000000,0.0000,0.0000000,0.0000,0.0000000,0.0000,0.0000000,0.0000,['[#7;!n][#7;!n]'],20
66.8113,86.3861,-86.3861,0.0000000,C(c1cc(c2c(n(-c3ccc(cc3)N(c3ccccc3)c3ccccc3)c3cc(ccc23)-c2ccc(C=Cc3cc(sc3)C=C(C#N)C(O)=O)cc2)c1)=Nc1ccc2cc(-c3ccccc3)sc2c1)C,0,,0.0000000,0.0000,0.0000000,0.0000,0.0000000,0.0000,0.0000000,0.0000,None,20
59.9222,68.9440,3.7113,0.5676195,CNCCNc1ccc2c(sc(=N)n2CC2=CC=C(C)CC2)c1-c1cccc(C=Cc2ccncc2)n1,1,N=c1sc2c(-c3cccc(C=Cc4ccncc4)n3)cccc2n1CC1=CC=CCC1,0.5850034,403.7278,0.2385169,0.2385,0.4972399,3.4934,1.0000000,1.0000,[],20
41.4956,47.8263,63.4576,0.8694057,CC(=O)N=c1ccc2cn(-c3ccc(Cl)cc3)c3ccc(-c4cc[n+](C)cc4)cc3c-2c1,1,N=c1ccc2cn(-c3ccccc3)c3ccc(-c4cc[nH+]cc4)cc3c-2c1,0.9105470,494.8073,0.2710507,0.2711,0.5555013,2.9394,1.0000000,1.0000,[],20
12.8238,26.2936,-25.4132,0.0068776,c1ccc(N(c2ccccc2)c2ccc(-c3ccccc3N(c3ccccc3)c3ccccc3)cc2)cc1,1,c1ccc(N(c2ccccc2)c2ccc(-c3ccccc3N(c3ccccc3)c3ccccc3)cc2)cc1,0.0055940,343.7540,0.2204591,0.2205,0.6918879,1.8417,1.0000000,1.0000,[],20
34.4660,45.3586,-42.7308,0.0205297,C(=Cc1cccc2c3ccccc3n(-c3ccccc3-c3nc4ccccc4c4ccccc34)c12)c1ccccc1,1,C(=Cc1cccc2c3ccccc3n(-c3ccccc3-c3nc4ccccc4c4ccccc34)c12)c1ccccc1,0.0178955,356.5146,0.1660229,0.1660,0.6075091,2.4919,1.0000000,1.0000,[],20
38.5854,49.6884,-18.4049,0.2444021,CCC(=O)CN1CCN(c2ccc(-c3ccc(-c4ccc5c(c4)CCN5c4ccccc4)s3)cc2)CC1,1,c1ccc(N2CCc3cc(-c4ccc(-c5ccc(N6CCNCC6)cc5)s4)ccc32)cc1,0.2389564,387.4227,0.2725103,0.2725,0.6053878,2.5094,1.0000000,1.0000,[],20
67.5092,72.8748,-40.6165,0.2520183,CCc1c(C=CC=C2N(C)c3c(cnc4c(=O)c(C#N)cn(-c5ccccc5)c34)N2c2ccc(OC)cc2)[nH]c(=O)n1-c1ccc(OC)cc1,1,O=c1ccn(-c2ccccc2)c2c3c(cnc12)N(c1ccccc1)C(=CC=Cc1cn(-c2ccccc2)c(=O)[nH]1)N3,0.2505251,531.8976,0.1970904,0.1971,0.4832502,3.6361,1.0000000,1.0000,[],20
17.8627,24.8672,60.5736,0.6675064,Oc1ccc2c(-c3ccccc3)c3ccccc3c(-c3ccccc3)c2c1,1,c1ccc(-c2c3ccccc3c(-c3ccccc3)c3ccccc23)cc1,0.6809891,408.2334,0.3400754,0.3401,0.7099881,1.7125,1.0000000,1.0000,[],20
29.4083,43.1656,-0.9623,0.3297132,c1ccc(C2=C(c3ccc(N(c4ccccc4)c4ccccc4)cc3)CN(c3cccs3)c3ccc(-c4ccc(N(c5ccccc5)c5ccccc5)cc4)cc32)cc1,1,c1ccc(C2=C(c3ccc(N(c4ccccc4)c4ccccc4)cc3)CN(c3cccs3)c3ccc(-c4ccc(N(c5ccccc5)c5ccccc5)cc4)cc32)cc1,0.3353657,392.5734,0.1369752,0.1370,0.5491925,2.9965,1.0000000,1.0000,[],20
41.4642,53.8189,-51.4808,0.0182663,N#CC1=C2CC(c3ccccc3)=C(c3ccccc31)c1c(-c3ccc(C=Cc4ccccc4)cc3)ccc3cccc2c13,1,C(=Cc1ccc(-c2ccc3cccc4c3c2C2=C(c3ccccc3)CC4=Cc3ccccc32)cc1)c1ccccc1,0.0157982,355.1381,0.2021523,0.2022,0.4899877,3.5669,1.0000000,1.0000,[],20
33.5614,44.8218,47.2164,0.7190485,C(=Cc1ccc(N(c2ccccc2)c2ccccc2)cc1)c1ccc(N=C(c2ccccc2)c2cc3ccccc3c3oc4ccccc4c23)cc1,1,C(=Cc1ccc(N(c2ccccc2)c2ccccc2)cc1)c1ccc(N=C(c2ccccc2)c2cc3ccccc3c3oc4ccccc4c23)cc1,0.7652401,412.8293,0.1192690,0.1193,0.5530000,2.9620,1.0000000,1.0000,[],20
24.9721,36.8877,8.8359,0.3572152,N#Cc1cc(-c2ccc3c(c2)C(=O)c2ccccc2-3)ccc1N(c1ccccc1)c1ccccc1,1,O=C1c2ccccc2-c2ccc(-c3ccc(N(c4ccccc4)c4ccccc4)cc3)cc21,0.3559346,393.5610,0.2751922,0.2752,0.6265520,2.3376,1.0000000,1.0000,[],21
26.6076,32.0828,-29.0871,0.0234043,COc1ccccc1C=Cc1c(OC)cc2ccccc2c1O,1,C(=Cc1ccc2ccccc2c1)c1ccccc1,0.0195912,357.5164,0.7079927,0.7080,0.6559421,2.1084,1.0000000,1.0000,[],21
29.9711,29.4390,90.5417,0.9373490,COc1ccc(-c2cc(Cl)c3ccc(=O)cc-3o2)cc1OC,1,O=c1ccc2ccc(-c3ccccc3)oc-2c1,0.9523538,487.4807,0.7301735,0.7302,0.6412181,2.2219,1.0000000,1.0000,[],21
75.2959,92.6259,-92.6259,0.0000000,c1(ccc2c(c(c3-c4ccc5oc(-c5cc(c(O)cc5)O)c5c4-c4c(cccc5)C(c4c3C(=O)c2c-2ccc(N(c3ccccc3)c3ccccc3)cc2)(=O)=O)CC(C)C)c1)N(C)C,0,,0.0000000,0.0000,0.0000000,0.0000,0.0000000,0.0000,0.0000000,0.0000,None,21
57.0167,69.5406,-49.6999,0.1550058,C(=C1c2ccccc2N(c2ccc3c(c2)N(Cc2ccc4c(c2)C2c5ccccc5C4c4ccc(-c5ccc(N(c6ccccc6)c6ccccc6)cc5)cc42)c2ccccc2O3)c2ccccc21)c1ccccc1,1,C(=C1c2ccccc2N(c2ccc3c(c2)N(Cc2ccc4c(c2)C2c5ccccc5C4c4ccc(-c5ccc(N(c6ccccc6)c6ccccc6)cc5)cc42)c2ccccc2O3)c2ccccc21)c1ccccc1,0.1523676,381.3671,0.1510319,0.1510,0.3642435,5.0497,1.0000000,1.0000,[],21
25.7065,29.9543,-29.9095,0.0003500,Brc1ccc(-c2ccc(-c3nnc(-c4ccc(Br)cc4)o3)cc2)cc1,1,c1ccc(-c2ccc(-c3nnc(-c4ccccc4)o3)cc2)cc1,0.0002398,309.4969,0.3491220,0.3491,0.7065396,1.7369,1.0000000,1.0000,[],21
32.8550,42.0584,-42.0584,0.0000000,O=C1n2c(cc3ccccc32)C=C2C(c3ccccc3)=NN(c3ccccc3)C12c1ccccc1,1,O=C1n2c(cc3ccccc32)C=C2C(c3ccccc3)=NN(c3ccccc3)C12c1ccccc1,0.0000000,0.0000,0.0000000,0.0000,0.0000000,0.0000,0.0000000,0.0000,['[#7;!n][#7;!n]'],21
58.2144,59.0167,31.9529,0.7107000,CCCCCCCCCCCCCCCCC(CCCCCCCCCCCCCC)n1c2c(c3ccccc31)-c1c(cc3cccc4c3c1-c1ncccc1C4)C2,1,c1cnc2c(c1)Cc1cccc3cc4c(c-2c13)-c1c([nH]c2ccccc12)C4,0.7837728,413.9820,0.0433048,0.0433,0.4523537,3.9665,1.0000000,1.0000,[],21
32.7848,44.4317,-9.7930,0.2706149,C(=Cc1ccc(-c2ccc(-c3c4ccccc4c(-c4ccc(N(c5ccccc5)c5ccccc5)cc4)c4ccccc34)cc2)c2c1CCC2)c1ccccc1,1,C(=Cc1ccc(-c2ccc(-c3c4ccccc4c(-c4ccc(N(c5ccccc5)c5ccccc5)cc4)c4ccccc34)cc2)c2c1CCC2)c1ccccc1,0.2738742,389.4135,0.1118212,0.1118,0.5769230,2.7502,1.0000000,1.0000,[],21
48.1825,52.7199,63.8136,0.9104175,CCCCCCCC=C=COc1ccc2cc3cc(C=C(C#N)c4ccc(C#N)cc4)sc3cc2c1,1,C(=Cc1cc2cc3ccccc3cc2s1)c1ccccc1,0.9888647,448.7109,0.0966407,0.0966,0.5191450,3.2779,1.0000000,1.0000,[],21
31.9698,31.1583,-31.1583,0.0000000,Cc1nc2c(s1)C(C(=O)O)c1ccccc1NC2,1,c1ccc2c(c1)Cc1scnc1CN2,0.0000000,0.0000,0.0000000,0.0000,0.0000000,0.0000,0.0000000,0.0000,"['C(=[O,S])[O,S]']",21
28.3121,31.9733,-31.1399,0.0065108,N#CC(C#N)=c1cccc2c1=Nc1ccccc1N2,1,C=c1cccc2c1=Nc1ccccc1N2,0.0051279,577.1956,0.6559940,0.6560,0.5422422,3.0602,1.0000000,1.0000,[],21
31.3979,33.7273,-32.4117,0.0102779,COC(C)(C)CC(C)=Cc1cccc(=O)[nH]1,1,O=c1cccc[nH]1,0.0082310,347.9760,0.8487329,0.8487,0.5223976,3.2466,1.0000000,1.0000,[],21
21.7427,20.7553,-20.7394,0.0001245,O=C(CI)c1ccccc1,1,c1ccccc1,0.0000802,297.6098,0.4442407,0.4442,0.6875039,1.8734,1.0000000,1.0000,[],21
28.1976,32.1313,-32.0312,0.0007825,O=S(=O)(O)c1c(-c2ccccc2)cccc1-c1ncc[nH]1,1,c1ccc(-c2cccc(-c3ncc[nH]3)c2)cc1,0.0005477,318.4702,0.7283580,0.7284,0.6269286,2.3346,1.0000000,1.0000,[],21
60.4051,69.2209,-69.2209,0.0000000,c1(C(Nc2cccc(c2Cl)C(=O)O)=O)ccc(c(c1)-c1c2-c(oc(c1)Oc1ccc(C(=N)N)cc1)cc(N(CCC)CCC)cc2)C,0,,0.0000000,0.0000,0.0000000,0.0000,0.0000000,0.0000,0.0000000,0.0000,None,21
95.9033,114.5332,-114.5332,0.0000000,c1c2c(ccc1)[C@]1(C#NC(=C2C#N)c2c(-c3ccc(cc3)C#N)oc3c(cccc32)C2CCCCC2)c2c(C(=C3C=Cc4ccccc4N3c3ccccc3)C1=C(C#N)C(=Cc1ccc(N(c3ccccc3)c3ccccc3)cc1)C#N)cccc2,0,,0.0000000,0.0000,0.0000000,0.0000,0.0000000,0.0000,0.0000000,0.0000,None,21
45.9097,46.6432,-43.0188,0.0283155,COc1ccc(N=c2sc3cc(Cl)ccc3c3c2ncn3-c2ccc(OC)cc2)cc1,1,c1ccc(N=c2sc3ccccc3c3c2ncn3-c2ccccc2)cc1,0.0245737,360.0319,0.3320355,0.3320,0.5915788,2.6248,1.0000000,1.0000,[],21
65.6811,74.7736,-74.7736,0.0000000,O=C(CSc1ccc(C(NCCCN2CCOCC2)=c2c(-c3ccccc3)c(-c3ccccc3)c3c4ccc(ccc5ccccc25)c3-4)c2ccccc12)c1ccccc1,1,O=C(CSc1ccc(C(NCCCN2CCOCC2)=c2c(-c3ccccc3)c(-c3ccccc3)c3c4ccc(ccc5ccccc25)c3-4)c2ccccc12)c1ccccc1,0.0000000,0.0000,0.0000000,0.0000,0.0000000,0.0000,0.0000000,0.0000,['[*;r{8-17}]'],21
27.4494,30.7764,-30.7764,0.0000000,O=C(O)C=Cc1ccc2ncn(Cc3ccccc3)c(=O)c2c1,1,O=c1c2ccccc2ncn1Cc1ccccc1,0.0000000,0.0000,0.0000000,0.0000,0.0000000,0.0000,0.0000000,0.0000,"['C(=[O,S])[O,S]']",21
54.9651,73.5154,-73.5154,0.0000000,c1c(OC)ccc(c1)N1C(=O)C(=Cc2cccc(O)c2)C=C1c1ccccc1N=Cc1c2c(oc3-c2ccc(=[N+](CC)CC)cc3)cc(c1)N(c1ccccc1)c1ccccc1,0,,0.0000000,0.0000,0.0000000,0.0000,0.0000000,0.0000,0.0000000,0.0000,None,21
37.2037,49.6756,-32.6419,0.1330757,CC1(C)c2cc(N(c3ccccc3)c3ccccc3)ccc2C(c2ccc(C=C(c3ccccc3)c3ccccc3)cc2)c2sc(-c3ccc(N(c4ccccc4)c4ccccc4)cc3)cc21,1,C(=C(c1ccccc1)c1ccccc1)c1ccc(C2c3ccc(N(c4ccccc4)c4ccccc4)cc3Cc3cc(-c4ccc(N(c5ccccc5)c5ccccc5)cc4)sc32)cc1,0.1300524,379.3656,0.1194733,0.1195,0.4660259,3.8176,1.0000000,1.0000,[],21
36.8775,49.7988,-48.7589,0.0081242,N#Cc1ccccc1N(c1ccccc1)c1ccc(-c2ccc(-c3ccc(-c4ccc(N5c6ccccc6Oc6ccccc65)cc4)cc3)cc2F)cc1,1,c1ccc(N(c2ccccc2)c2ccc(-c3ccc(-c4ccc(-c5ccc(N6c7ccccc7Oc7ccccc76)cc5)cc4)cc3)cc2)cc1,0.0067556,345.8151,0.1661851,0.1662,0.5615084,2.8856,1.0000000,1.0000,[],21
26.1338,30.8814,-25.3540,0.0431833,N#CC=C1c2ccccc2-c2cccc(C=O)c21,1,C=C1c2ccccc2-c2ccccc21,0.0378797,364.8794,0.4752033,0.4752,0.5972490,2.5771,1.0000000,1.0000,[],21
66.7516,81.4335,-81.4335,0.0000000,c1([nH]c2cc3C(=C(C#N)C#N)C(c4ccccc4)=Cc3cc2c(c1OC=CC=Cc1cc2c3ccccc3ccc2cc1)C#N)-c1ccccc1NC(C)C,0,,0.0000000,0.0000,0.0000000,0.0000,0.0000000,0.0000,0.0000000,0.0000,None,21
25.3787,25.0972,-25.0965,0.0000061,CCCCCCCCNCCCCCNC1CCCCC1,1,C1CCCCC1,0.0000033,263.1129,0.4393284,0.4393,0.6699346,2.0029,1.0000000,1.0000,[],21
51.8168,63.8327,-63.8327,0.0000000,C1=Cc2ccccc2N(c2ccc3c4c2N(c2ccccc2C4)c2cc4cc(Nc5ccc6cc(-c7ccccc7)sc6c5)ccc4cc2-3)c2ccccc21,1,C1=Cc2ccccc2N(c2ccc3c4c2N(c2ccccc2C4)c2cc4cc(Nc5ccc6cc(-c7ccccc7)sc6c5)ccc4cc2-3)c2ccccc21,0.0000000,0.0000,0.1953519,0.1954,0.4202039,4.3351,1.0000000,1.0000,[],21
43.7585,54.9212,12.4003,0.5259488,C(=Cc1ccc(N(c2ccccc2)c2ccc(-c3ccc4c(c3)C3=NC(CCO3)S4)cc2)cc1)c1ccc(N(c2ccccc2)c2ccccc2)cc1,1,C(=Cc1ccc(N(c2ccccc2)c2ccc(-c3ccc4c(c3)C3=NC(CCO3)S4)cc2)cc1)c1ccc(N(c2ccccc2)c2ccccc2)cc1,0.5508093,402.2143,0.1399478,0.1399,0.4272322,4.2521,1.0000000,1.0000,[],21
24.8418,26.9817,-26.6424,0.0026506,Cc1cc(-c2ccccc2O)nc2ccccc12,1,c1ccc(-c2ccc3ccccc3n2)cc1,0.0019771,332.4224,0.6931750,0.6932,0.6991140,1.7897,1.0000000,1.0000,[],21
73.2950,82.0684,-82.0684,0.0000000,C12(CC3(O)CC(C2)CC(C1)(C3)c1c(CC)cccc1)c1cc2c(cc1)[N+](CCOC)=c1c(CCCC)nc(nc1-2)C=Cc1cc[n+](CCCC)cc1,0,,0.0000000,0.0000,0.0000000,0.0000,0.0000000,0.0000,0.0000000,0.0000,None,21
32.5665,38.8013,-14.8106,0.1874275,c1ccc(-c2c3ccccc3c(-c3ccc4oc5cccc(-c6ccc7ccccc7c6)c5c4c3)c3c(-c4ccccc4)cccc23)cc1,1,c1ccc(-c2c3ccccc3c(-c3ccc4oc5cccc(-c6ccc7ccccc7c6)c5c4c3)c3c(-c4ccccc4)cccc23)cc1,0.1832200,383.7717,0.1780302,0.1780,0.5952573,2.5938,1.0000000,1.0000,[],21
30.4981,31.5308,-30.7934,0.0057617,COc1cc(OC)cc(C2CN=C3c4ccccc4C=CN32)c1,1,C1=CN2C(=NCC2c2ccccc2)c2ccccc21,0.0044701,341.3065,0.8702389,0.8702,0.5345339,3.1318,1.0000000,1.0000,[],21
43.5198,60.0836,-60.0836,0.0000000,C(c1c(OC)ccc(c1)C=c1c(=O)oc(O)c2c1OC2c1ccc(O)cc1)=Cc1ccc(cc1)N(c1ccccc1)c1ccccc1,0,,0.0000000,0.0000,0.0000000,0.0000,0.0000000,0.0000,0.0000000,0.0000,None,21
28.6011,34.9794,-34.5676,0.0032168,c1ccc(C(=C(c2ccccc2)c2ccc(-c3nccc4c3oc3ccccc34)cc2)c2ccccc2)cc1,1,c1ccc(C(=C(c2ccccc2)c2ccc(-c3nccc4c3oc3ccccc34)cc2)c2ccccc2)cc1,0.0025195,335.0602,0.2203598,0.2204,0.6223469,2.3713,1.0000000,1.0000,[],21
53.9148,72.5750,-68.2934,0.0334498,CCCCCCCC[n+]1c(C=Cc2ccc(-c3nc4cc(N5CCCCC5)cc(C=Cc5cc[n+](C)cc5)c4cc3-c3ccc(OC)cc3)s2)ccc2cc(-c3ccccc3)ccc21,1,C(=Cc1cc(N2CCCCC2)cc2nc(-c3ccc(C=Cc4ccc5cc(-c6ccccc6)ccc5[nH+]4)s3)c(-c3ccccc3)cc12)c1cc[nH+]cc1,0.0308900,557.4139,0.0716727,0.0717,0.4680552,3.7958,1.0000000,1.0000,[],21
62.4302,79.4210,35.2638,0.8959753,O=C(C=Cc1nc2ccc(N(c3ccccc3)c3ccccc3)cc2s1)[n+]1ccc(C=Cc2ccc(C=Cc3cc[n+](CC=Cc4ccc5c(c4)c4ccc(N(c6ccccc6)c6ccccc6)cc4n5C4C=CC=C4)cc3)cc2)cc1,1,O=C(C=Cc1nc2ccc(N(c3ccccc3)c3ccccc3)cc2s1)[n+]1ccc(C=Cc2ccc(C=Cc3cc[n+](CC=Cc4ccc5c(c4)c4ccc(N(c6ccccc6)c6ccccc6)cc4n5C4C=CC=C4)cc3)cc2)cc1,0.9871340,472.8767,0.0714615,0.0715,0.3988671,4.5956,1.0000000,1.0000,[],21
19.3629,24.1676,-24.0265,0.0011030,c1ccc(N(c2ccccc2)c2ccc(-c3ccc4oc5ccccc5c4c3)cc2)cc1,1,c1ccc(N(c2ccccc2)c2ccc(-c3ccc4oc5ccccc5c4c3)cc2)cc1,0.0008084,322.6997,0.2882641,0.2883,0.6697173,2.0045,1.0000000,1.0000,[],21
77.6682,101.9027,-98.1591,0.0292468,Cc1cc(N(c2ccccc2)c2ccc(C=Cc3c[n+](CC4CCCC4)cc[n+]3C(=C3C=CC(=[N+](C)C)C=C3)c3ccccc3)cc2C)c2ccc(-c3ccc(O)c4cc(O)ccc34)cc2c1,1,[N+]=C1C=CC(=C(c2ccccc2)[n+]2cc[n+](CC3CCCC3)cc2C=Cc2ccc(N(c3ccccc3)c3cccc4cc(-c5cccc6ccccc56)ccc34)cc2)C=C1,0.0263454,559.1925,0.1346105,0.1346,0.4234644,4.2964,1.0000000,1.0000,[],21
27.3242,39.3682,-3.3297,0.2815511,COc1ccc(-c2ccc3sc4cc(C=Cc5ccc(N(c6ccccc6)c6ccccc6)cc5)ccc4c3c2)cc1,1,C(=Cc1ccc2c(c1)sc1ccc(-c3ccccc3)cc12)c1ccc(N(c2ccccc2)c2ccccc2)cc1,0.2809773,389.7982,0.1801118,0.1801,0.6062667,2.5022,1.0000000,1.0000,[],21
29.4358,36.9966,-14.4582,0.1760807,CCOCCN(CC)c1ccc(N=Cc2ccc(O)c(OCC)c2)cc1,1,C(=Nc1ccccc1)c1ccccc1,0.1658696,382.4633,0.5061678,0.5062,0.6169228,2.4151,1.0000000,1.0000,[],21
56.8536,65.7783,-20.6769,0.3523549,CN(C)c1ccc(-c2nn(-c3ccccc3)c(=Nc3ccccc3-c3ccccc3)c3c4c(ccc23)-c2ccccc2CC42CCNCC2)cc1,1,c1ccc(-c2ccccc2N=c2c3c4c(ccc3c(-c3ccccc3)nn2-c2ccccc2)-c2ccccc2CC42CCNCC2)cc1,0.3564057,393.5833,0.1996137,0.1996,0.4801281,3.6685,1.0000000,1.0000,[],21
22.1178,28.7525,-27.7597,0.0077558,c1ccc(-c2cccc(-c3ccccc3N(c3ccccc3)c3ccccc3)c2N(c2ccccc2)c2ccccc2)cc1,1,c1ccc(-c2cccc(-c3ccccc3N(c3ccccc3)c3ccccc3)c2N(c2ccccc2)c2ccccc2)cc1,0.0063957,345.2168,0.1810903,0.1811,0.6529034,2.1316,1.0000000,1.0000,[],21
38.9330,53.5308,11.3792,0.5071095,C1=C=Cc2cc(-c3ccc4cc(-c5ccc(N(c6ccccc6)c6ccccc6)cc5)c(-c5ccccc5)c(-c5ccccc5)c4c3)ccc2C=1,1,C1=C=Cc2cc(-c3ccc4cc(-c5ccc(N(c6ccccc6)c6ccccc6)cc5)c(-c5ccccc5)c(-c5ccccc5)c4c3)ccc2C=1,0.5257232,401.1181,0.1556322,0.1556,0.5382383,3.0973,1.0000000,1.0000,[],21
80.6463,102.5921,-102.5921,0.0000000,N#CC1=C(SCC(O)O)N=c2sc(=C3c4c(N(CCCCCC)c5c4cccc5)ccc3C=CC3CCCN3CCCCCC)c3ccccc32)C(=CC=1O)Sc1ccc(cc1)N(c1ccccc1)c1ccccc1,0,,0.0000000,0.0000,0.0000000,0.0000,0.0000000,0.0000,0.0000000,0.0000,None,21
32.2496,37.9494,-37.9494,0.0000000,c1c(c2ccc3C(=O)N(C(c4cccc1c4c32)=O)c1cc(Cl)ccc1)O,0,,0.0000000,0.0000,0.0000000,0.0000,0.0000000,0.0000,0.0000000,0.0000,None,21
67.3735,81.1364,-78.2315,0.0226941,CCCCOc1nc(N(c2ccccc2)c2cc3c(cc2F)-c2ccc(-n4c5ccccc5c5ccccc54)c(C)c2C3(C)c2cc(N(c3ccccc3)c3ccccc3F)ccc2C)c(F)cc1F,1,c1ccc(N(c2ccccc2)c2cccc(C3c4cc(N(c5ccccc5)c5ccccn5)ccc4-c4ccc(-n5c6ccccc6c6ccccc65)cc43)c2)cc1,0.0204351,357.9836,0.0902891,0.0903,0.4162448,4.3824,1.0000000,1.0000,[],21
85.6481,94.1331,-94.1331,0.0000000,CC1(C(O/C=C/c2cc3C(c4c(C(c3cs2)=N)c(cc(c4)-c2ccc(s2)N(c2ccccc2)C2CCCCC2)CC)=O)C(c2cc(O)ccc2C1=O)=O)C,0,,0.0000000,0.0000,0.0000000,0.0000,0.0000000,0.0000,0.0000000,0.0000,None,21
52.6541,64.2504,-48.8292,0.1204785,Oc1ccc2oc(-c3ccc(C4(c5ccccc5)c5ccccc5CN4c4ccc5ccccc5c4)cc3N(c3ccccc3)c3ccccc3)c(Nc3ccccc3)c2c1,1,c1ccc(Nc2c(-c3ccc(C4(c5ccccc5)c5ccccc5CN4c4ccc5ccccc5c4)cc3N(c3ccccc3)c3ccccc3)oc3ccccc23)cc1,0.1162607,377.9777,0.1525774,0.1526,0.4593856,3.8893,1.0000000,1.0000,[],21
41.7656,55.6386,-29.5154,0.2040871,N=c1ccccn1-c1cc(N)ccc1N=Cc1c(O)n(-c2ccc(Nc3ccccc3)cc2)c2ccccc12,1,N=c1ccccn1-c1ccccc1N=Cc1cn(-c2ccc(Nc3ccccc3)cc2)c2ccccc12,0.2018967,385.0768,0.1483138,0.1483,0.5500085,2.9891,1.0000000,1.0000,[],21
40.0623,41.9969,-41.9969,0.0000000,COCCn1ccccc1=NC(C(=O)Oc1ccccc1)c1cccs1,1,O=C(Oc1ccccc1)C(N=c1cccc[nH]1)c1cccs1,0.0000000,0.0000,0.0000000,0.0000,0.0000000,0.0000,0.0000000,0.0000,"['C(=[O,S])[O,S]']",21
55.6338,67.2294,12.3681,0.6218559,CC(=C=N)c1sc2c3c(F)c(C)c(F)cc3c3cc(F)c[n+](C)c3c2c1C,1,c1ccc2c(c1)c1ccc[nH+]c1c1ccsc21,0.6440635,513.5611,0.2466367,0.2466,0.4702090,3.7729,1.0000000,1.0000,[],21
38.7401,37.9274,-36.0843,0.0143992,CN(C=S)c1ncnc(N2CCN(c3ccccc3F)CC2)n1,1,c1ccc(N2CCN(c3ncncn3)CC2)cc1,0.0117385,351.8685,0.7903536,0.7904,0.5803366,2.7207,1.0000000,1.0000,[],21
21.4715,26.1789,-25.6401,0.0042094,c1ccc(N(c2ccccc2)c2ccc(-n3c4ccccc4c4c5ccccc5ccc43)cc2)cc1,1,c1ccc(N(c2ccccc2)c2ccc(-n3c4ccccc4c4c5ccccc5ccc43)cc2)cc1,0.0033259,338.0840,0.2538895,0.2539,0.6506701,2.1488,1.0000000,1.0000,[],21
44.6715,59.6552,58.0012,0.9191909,CCCCN(CCCC)c1ccc2cc(-c3cc4cc5cc(N(c6ccccc6)c6ccccc6)ccc5c(-c5cccc6nonc56)c4s3)c(=O)oc2c1,1,O=c1oc2ccccc2cc1-c1cc2cc3cc(N(c4ccccc4)c4ccccc4)ccc3c(-c3cccc4nonc34)c2s1,0.9939624,464.5874,0.1154295,0.1154,0.5031973,3.4339,1.0000000,1.0000,[],21
27.1038,33.2222,-33.1738,0.0003784,c1ccc(-c2ccc(-c3ccc(-c4cccc5c4-c4ccccc4C5(c4ccccc4)c4ccccc4)cc3)cc2-c2ccccc2)cc1,1,c1ccc(-c2ccc(-c3ccc(-c4cccc5c4-c4ccccc4C5(c4ccccc4)c4ccccc4)cc3)cc2-c2ccccc2)cc1,0.0002668,310.6580,0.1730558,0.1731,0.6274591,2.3304,1.0000000,1.0000,[],21
27.0566,28.8634,-28.8518,0.0000907,COc1ccc(C(F)(C(=O)Nc2ccccc2)c2ccccc2)cc1,1,O=C(Nc1ccccc1)C(c1ccccc1)c1ccccc1,0.0000567,293.8325,0.7428657,0.7429,0.6188692,2.3993,1.0000000,1.0000,[],21
51.8208,60.5722,-60.5722,0.0000000,c1(-c2ccccc2)ccc(N(c2ccccc2)c2ccc(cc2)Oc2ccc(-c3c(=C4CCCCC4)c4cc(c(c(O)c4cc3)-c3ccccc3)-c3ccccc3)cc2)cc1,0,,0.0000000,0.0000,0.0000000,0.0000,0.0000000,0.0000,0.0000000,0.0000,None,21
39.0650,46.0768,60.5763,0.8332274,Clc1ccccc1N(c1ccccc1)c1ccc(C=Cc2ccc(-c3ccc(N(c4ccccc4)c4ccccc4)cc3OCc3ccccc3)s2)cc1,1,C(=Cc1ccc(-c2ccc(N(c3ccccc3)c3ccccc3)cc2OCc2ccccc2)s1)c1ccc(N(c2ccccc2)c2ccccc2)cc1,0.8924878,422.9786,0.1241841,0.1242,0.5539493,2.9534,1.0000000,1.0000,[],21
34.5369,36.8076,-33.0288,0.0295223,O=Cc1cc(NC(=O)C=Cc2ccc3nc[nH]c3c2)ccc1O,1,O=C(C=Cc1ccc2nc[nH]c2c1)Nc1ccccc1,0.0255286,360.4565,0.3921861,0.3922,0.6073706,2.4931,1.0000000,1.0000,[],21
56.3938,68.8203,9.4592,0.6115584,CCCCCCCCN1C(=CC=Cc2ccc(N(c3ccc(-c4ccc(N5c6ccccc6C6CCCC65)cc4)cc3)c3cccc(C=C(c4ccccc4)c4ccccc4)c3)cc2)C=Cc2ccccc21,1,C(=Cc1ccc(N(c2ccc(-c3ccc(N4c5ccccc5C5CCCC54)cc3)cc2)c2cccc(C=C(c3ccccc3)c3ccccc3)c2)cc1)C=C1C=Cc2ccccc2N1,0.6615116,512.7252,0.0665311,0.0665,0.4091010,4.4690,1.0000000,1.0000,[],21
62.9407,73.7967,-62.1954,0.0906356,COc1cc2c(c(OC)c1O)-c1cc3ccncc3c(=O)n1-c1c(C)c(-c3ccccc3)c(O)c(C(C)=O)c1O2,1,O=c1c2cnccc2cc2n1-c1cc(-c3ccccc3)ccc1Oc1ccccc1-2,0.0843663,374.1112,0.2728091,0.2728,0.5225595,3.2451,1.0000000,1.0000,[],21
31.8368,44.8959,72.9451,0.9206327,CCCCN(c1ccc(C=O)cc1)c1ccc(N(c2ccccc2)c2ccccc2)c(C=Cc2cc[n+](C)cc2)c1,1,C(=Cc1cc(Nc2ccccc2)ccc1N(c1ccccc1)c1ccccc1)c1cc[nH+]cc1,0.9913784,468.4837,0.1241074,0.1241,0.5523942,2.9675,1.0000000,1.0000,[],21
45.3692,60.4919,10.7580,0.5566396,C[n+]1ccccc1-c1ccc(C=Cc2ccc(N(c3ccccc3)c3ccc(-c4ccc(C=Cc5ccc(N(c6ccccc6)c6ccccc6)cc5)cc4)cc3)cc2)nc1C=Cc1ccc2ccccc2c1,1,C(=Cc1ccc(N(c2ccccc2)c2ccccc2)cc1)c1ccc(-c2ccc(N(c3ccccc3)c3ccc(C=Cc4ccc(-c5cccc[nH+]5)c(C=Cc5ccc6ccccc6c5)n4)cc3)cc2)cc1,0.5934289,404.1058,0.0801580,0.0802,0.4872740,3.5946,1.0000000,1.0000,[],21
40.5916,46.1914,-45.7744,0.0032579,Cc1cc(=O)oc2c1N1CC1c1cc3c(cc1C2(C)C)OCO3,1,O=c1ccc2c(o1)Cc1cc3c(cc1C1CN21)OCO3,0.0024747,334.8650,0.7002917,0.7003,0.4857853,3.6099,1.0000000,1.0000,[],21
26.8853,29.9415,94.1759,0.9696665,O=C1C(c2ccccc2)=Cc2c1cc(Br)c1ccccc21,1,O=C1C(c2ccccc2)=Cc2c1ccc1ccccc21,0.9941316,464.2768,0.5866484,0.5866,0.6309118,2.3029,1.0000000,1.0000,[],22
47.3692,57.6912,13.1458,0.5534145,CCCc1cc(=O)n2c(-c3ccc(N(CCC)CCC)cc3)cc3nc(-c4ccccc4)n(C)c3c2c1,1,O=c1cccc2c3[nH]c(-c4ccccc4)nc3cc(-c3ccccc3)n12,0.5694768,403.0370,0.2203792,0.2204,0.5657967,2.8476,1.0000000,1.0000,[],22
48.6803,50.9749,-10.8888,0.3131730,CC(C)c1c(-c2ccccc2)sc2oc(-c3ccc(-c4cccc5c4oc4ccccc45)s3)c(C#N)c12,1,c1ccc(-c2cc3cc(-c4ccc(-c5cccc6c5oc5ccccc56)s4)oc3s2)cc1,0.3125336,391.4411,0.2341781,0.2342,0.5337043,3.1396,1.0000000,1.0000,[],22
68.2770,91.3269,-91.3269,0.0000000,c1ccc(C=C(c2n(C=Cc3ccc(N(c4ccccc4)c4ccccc4)cc3)c(c(C=Cc3ccc(cc3)-c3ccc(N(c4ccccc4)c4ccccc4)cc3)c2)=O)N=c2cc(C=C)c(-c3ccccc3)cc2)cc1N(c1ccccc1)c1ccccc1,0,,0.0000000,0.0000,0.0000000,0.0000,0.0000000,0.0000,0.0000000,0.0000,None,22
24.1363,29.5725,17.7076,0.3693764,C(=Cc1ccc(N(c2ccccc2)c2ccccc2)cc1)c1ccc(-c2ccc(N(c3ccccc3)c3cccc4ccccc34)cc2)cc1,1,C(=Cc1ccc(N(c2ccccc2)c2ccccc2)cc1)c1ccc(-c2ccc(N(c3ccccc3)c3cccc4ccccc34)cc2)cc1,0.3762416,394.5113,0.1448795,0.1449,0.6270087,2.3340,1.0000000,1.0000,[],22
65.1382,70.9624,-70.9624,0.0000000,c1cccc2c1c1c(cccc1)c(-c1ccccc1)c2-c1ncc2snc(-c3ccc(-n4c5c(cc6c(C=CC=CC6)c5c4)c4ccccc4)cc3)c2c1,0,,0.0000000,0.0000,0.0000000,0.0000,0.0000000,0.0000,0.0000000,0.0000,None,22
35.3565,39.0283,27.4575,0.5194199,CCCCCCCCCCCCCCOc1ccc(C=C(C#N)C#N)cc1C=Nc1ccc(O)cc1,1,C(=Nc1ccccc1)c1ccccc1,0.5404896,401.7623,0.1378353,0.1378,0.5747655,2.7690,1.0000000,1.0000,[],22
49.1815,66.7382,-2.1710,0.5044307,Fc1ccc2[nH]c3c(c2c1)CCc1ccccc1C3=Cc1ccc(-c2cc3sc(-c4ccc(N(c5ccccc5)c5ccccc5)cc4)cc3s2)c(-c2ccccc2)c1,1,C(=C1c2ccccc2CCc2c1[nH]c1ccccc21)c1ccc(-c2cc3sc(-c4ccc(N(c5ccccc5)c5ccccc5)cc4)cc3s2)c(-c2ccccc2)c1,0.5219107,400.9522,0.1701957,0.1702,0.5103135,3.3637,1.0000000,1.0000,[],22
34.7649,37.9328,72.5861,0.8634293,COc1ccc2nc3c(=O)n(-c4ccc(-c5ccccc5)cc4)c(C)cc3nc2c1,1,O=c1c2nc3ccccc3nc2ccn1-c1ccc(-c2ccccc2)cc1,0.8896389,422.6599,0.4084677,0.4085,0.6411353,2.2226,1.0000000,1.0000,[],22
24.3190,28.7474,1.8726,0.2392188,N#Cc1nc2ccc3ccccc3c2nc1C#N,1,c1ccc2c(c1)ccc1nccnc12,0.2283341,386.7785,0.5560145,0.5560,0.6166345,2.4174,1.0000000,1.0000,[],22
33.6645,40.6184,-40.1314,0.0038047,CN(C)CCCC=Cc1ccccc1C=Cc1nc2ccccc2n1C,1,C(=Cc1nc2ccccc2[nH]1)c1ccccc1,0.0029220,336.6737,0.5556156,0.5556,0.6015248,2.5414,1.0000000,1.0000,[],22
107.8769,133.4182,-133.4182,0.0000000,CCCCCc1c(-c2cn(-c3ccc(C=Cc4ccc(N(c5ccccc5)c5ccccc5)cc4)cc3)c3cccc(-c4on5c(nc6c(C)cnn6c4C(=O)O)N=C4C6CC=CC=C6C4C5)c3c2=O)[nH]c(N(c2ccccc2)c2ccccc2)c1-c1ccccc1,1,O=c1c(-c2cc(-c3ccccc3)c(N(c3ccccc3)c3ccccc3)[nH]2)cn(-c2ccc(C=Cc3ccc(N(c4ccccc4)c4ccccc4)cc3)cc2)c2cccc(-c3cn4nccc4nc4n(o3)CC3C5=CC=CCC5C3=N4)c12,0.0000000,0.0000,0.0000000,0.0000,0.0000000,0.0000,0.0000000,0.0000,"['[*;r{8-17}]', 'C(=[O,S])[O,S]']",22
26.4172,34.7263,-10.1093,0.1923203,c1ccc(N(c2ccccc2)c2ccc(-c3cc4ccc5ccc(-c6cccc(N(c7ccccc7)c7ccccc7)c6)cc5c4s3)cc2)cc1,1,c1ccc(N(c2ccccc2)c2ccc(-c3cc4ccc5ccc(-c6cccc(N(c7ccccc7)c7ccccc7)c6)cc5c4s3)cc2)cc1,0.1889239,384.1806,0.1587364,0.1587,0.5978800,2.5718,1.0000000,1.0000,[],22
42.8770,55.9002,39.5226,0.7454903,Cc1c(-c2ccc(-c3ccccc3)cc2)c2c(-c3ccc(N(c4ccccc4)c4ccccc4)cc3)c3ccccc3c(-c3ccccc3)c2n(-c2ccccc2)c1=N,1,N=c1cc(-c2ccc(-c3ccccc3)cc2)c2c(-c3ccc(N(c4ccccc4)c4ccccc4)cc3)c3ccccc3c(-c3ccccc3)c2n1-c1ccccc1,0.7882887,414.2735,0.1539173,0.1539,0.5605565,2.8941,1.0000000,1.0000,[],22
37.5754,38.4015,-38.2671,0.0010497,CN(C)c1ccc(Cn2cc(N3CC(=O)NCC3=O)c3cccnc32)cc1,1,O=C1CN(c2cn(Cc3ccccc3)c3ncccc23)C(=O)CN1,0.0007461,321.8286,0.7646279,0.7646,0.5890155,2.6465,1.0000000,1.0000,[],22
37.2852,45.3458,33.7132,0.6176480,N=c1oc2ccccc2cc1-c1cc[n+](C=Cc2ccccc2)s1,1,N=c1oc2ccccc2cc1-c1cc[n+](C=Cc2ccccc2)s1,0.6219763,405.4064,0.5495140,0.5495,0.5282363,3.1911,1.0000000,1.0000,[],22
58.9507,76.0746,40.0156,0.9069542,COc1ccc(N(c2ccc(C=Nc3ccc4c(c3C(F)(F)F)CCCN4CCOc3ccc(C=Cc4sc(-c5ccccc5)c5ccccc45)cc3)cc2)c2ccc(OC)cc2)cc1,1,C(=Cc1sc(-c2ccccc2)c2ccccc12)c1ccc(OCCN2CCCc3cc(N=Cc4ccc(N(c5ccccc5)c5ccccc5)cc4)ccc32)cc1,0.9848402,474.6832,0.1018342,0.1018,0.4814526,3.6547,1.0000000,1.0000,[],22
50.9046,66.6973,30.9447,0.7628276,CCCCCCSc1ccc2c3c(C=Cc4ccc(N(c5ccccc5)c5ccccc5)cc4)nc4c5sc(-c6ccc(N(c7ccccc7)c7ccccc7)cc6)cc5sc4c3n(CCCCCC)c2c1,1,C(=Cc1nc2c3sc(-c4ccc(N(c5ccccc5)c5ccccc5)cc4)cc3sc2c2[nH]c3ccccc3c12)c1ccc(N(c2ccccc2)c2ccccc2)cc1,0.8374016,417.7954,0.0560956,0.0561,0.4555865,3.9308,1.0000000,1.0000,[],22
50.4120,53.1671,-53.1671,0.0000000,CC1=Cc2ccccc2NN1C1=NN(c2cccs2)C(c2ccccc2)C1,1,C1=CN(C2=NN(c3cccs3)C(c3ccccc3)C2)Nc2ccccc21,0.0000000,0.0000,0.0000000,0.0000,0.0000000,0.0000,0.0000000,0.0000,['[#7;!n][#7;!n]'],22
48.4740,70.7345,-70.7345,0.0000000,C1=Cc2c(C=Cc3ccc(-c4ccccc4)cc3)cccc2-c2ccccc2C2=C1CCCC21c2ccc(Nc3ccccc3)cc2-c2cc(N(c3ccccc3)c3ccccc3)ccc21,1,C1=Cc2c(C=Cc3ccc(-c4ccccc4)cc3)cccc2-c2ccccc2C2=C1CCCC21c2ccc(Nc3ccccc3)cc2-c2cc(N(c3ccccc3)c3ccccc3)ccc21,0.0000000,0.0000,0.0000000,0.0000,0.0000000,0.0000,0.0000000,0.0000,['[*;r{8-17}]'],22
34.1380,51.8398,64.8250,0.9114435,CCCC[n+]1ccc(C=Cc2ccc(N=Cc3cc(C=Cc4cccc5ccc6ccccc6c45)ccc3O)cc2)cc1,1,C(=Cc1ccc(N=Cc2cccc(C=Cc3cccc4ccc5ccccc5c34)c2)cc1)c1cc[nH+]cc1,0.9945416,456.5141,0.0813672,0.0814,0.5416547,3.0656,1.0000000,1.0000,[],22
34.2636,34.9864,-34.9648,0.0001693,CCCCCCCCCCCCCCC[N+](C)(CCNC=S)Cc1ccccc1,1,c1ccccc1,0.0001157,301.5837,0.1354056,0.1354,0.5283254,3.1902,1.0000000,1.0000,[],22
55.5773,61.3777,-61.3777,0.0000000,c1(cc2OCCCC(c2cc1CCC)=C=C=C=c1cc(=O)oc(c1)C)OC,0,,0.0000000,0.0000,0.0000000,0.0000,0.0000000,0.0000,0.0000000,0.0000,None,22
29.3558,41.9962,73.8140,0.9047673,CCCCOc1ccc(N(c2ccccc2)c2c3ccccc3c(-c3ccc(-c4ccc(N(c5ccccc5)c5ccccc5)cc4)s3)c3ccccc23)cc1,1,c1ccc(N(c2ccccc2)c2ccc(-c3ccc(-c4c5ccccc5c(N(c5ccccc5)c5ccccc5)c5ccccc45)s3)cc2)cc1,0.9823118,443.6142,0.0915603,0.0916,0.5655073,2.8502,1.0000000,1.0000,[],22
34.2124,40.6074,-38.8064,0.0140696,CCCCCCCCCCCCCCCCNCc1ccc2ccnc(N(CC)CC)c2c1,1,c1ccc2cnccc2c1,0.0119427,352.0580,0.2032565,0.2033,0.6161109,2.4216,1.0000000,1.0000,[],22
60.4786,73.1107,38.8442,0.8746474,CCN(CC)Cc1ccc(-c2nc(-c3ccccc3)c(-c3ccccc3)s2)cc1-c1ccc(-c2ccc(-c3nc4ccccc4n3-c3ccc(C=C(C#N)C#N)o3)s2)cc1,1,c1ccc(-c2nc(-c3cccc(-c4ccc(-c5ccc(-c6nc7ccccc7n6-c6ccco6)s5)cc4)c3)sc2-c2ccccc2)cc1,0.9442412,430.7192,0.1140106,0.1140,0.4895447,3.5714,1.0000000,1.0000,[],22
38.2378,38.4394,-34.6972,0.0292354,O=C(c1ccc(-c2ccnc(=O)[nH]2)nc1)N1CCN(c2ccc(F)cc2)CC1,1,O=C(c1ccc(-c2ccnc(=O)[nH]2)nc1)N1CCN(c2ccccc2)CC1,0.0247368,360.1055,0.7520579,0.7521,0.6270506,2.3336,1.0000000,1.0000,[],22
42.0980,51.8961,-50.0731,0.0142421,CCOc1cc(-c2ccc(N(c3ccc(-c4ccc(OC)cc4)cc3)c3cccc(N(c4ccccc4)c4ccccc4)c3)cc2)ccc1N1c2ccccc2Oc2ccccc21,1,c1ccc(-c2ccc(N(c3ccc(-c4ccc(N5c6ccccc6Oc6ccccc65)cc4)cc3)c3cccc(N(c4ccccc4)c4ccccc4)c3)cc2)cc1,0.0123252,352.4045,0.1222199,0.1222,0.5435387,3.0483,1.0000000,1.0000,[],22
65.5779,73.1663,37.9900,0.8684085,CCn1c(=Cc2[o+]c3ccccc3s2)c(=CC=c2cc(OC)ccc2=C2C=CC(=[N+](C(C)C)C(C)C)C=C2)c2ccccc21,1,[N+]=C1C=CC(=c2ccccc2=CC=c2c(=Cc3[o+]c4ccccc4s3)[nH]c3ccccc23)C=C1,0.9284323,492.1742,0.1668632,0.1669,0.4310480,4.2077,1.0000000,1.0000,[],22
27.0376,28.7519,-28.7519,0.0000000,CCOC(=O)C(O)=Cc1ccc(O)c(O)c1,1,c1ccccc1,0.0000000,0.0000,0.0000000,0.0000,0.0000000,0.0000,0.0000000,0.0000,"['C(=[O,S])[O,S]']",22
27.1481,29.7096,-29.4211,0.0022539,CCCCCCCCCCOc1ccc(C=Cc2ccc(OCCCCCCCC)cc2)cc1OC,1,C(=Cc1ccccc1)c1ccccc1,0.0017616,331.1669,0.1275564,0.1276,0.6423870,2.2128,1.0000000,1.0000,[],22
29.6957,26.7143,42.9590,0.5443229,COc1ccc2[nH]c(Cl)c(N=O)c2c1,1,c1ccc2[nH]ccc2c1,0.5374528,401.6296,0.7740741,0.7741,0.5868030,2.6653,1.0000000,1.0000,[],22
38.9104,45.3780,52.7213,0.7664012,CCCCN1C=CC(=CN(Cc2ccccc2)c2ccccn2)c2cc(OC)ccc21,1,C1=CC(=CN(Cc2ccccc2)c2ccccn2)c2ccccc2N1,0.7851002,414.0672,0.4365949,0.4366,0.5672157,2.8351,1.0000000,1.0000,[],22
29.9565,26.9515,-12.5712,0.1123461,O=C(C=Cc1cccs1)c1ccc(N2CCSCC2)cc1,1,O=C(C=Cc1cccs1)c1ccc(N2CCSCC2)cc1,0.1026420,376.4590,0.6228974,0.6229,0.6285354,2.3218,1.0000000,1.0000,[],22
33.5160,45.5952,65.3828,0.8670156,CCCCNc1nc2ccc3cc(C=Nc4ccccc4)c(=N)oc3c2s1,1,N=c1oc2c(ccc3ncsc32)cc1C=Nc1ccccc1,0.9010200,423.9797,0.3453145,0.3453,0.5548021,2.9457,1.0000000,1.0000,[],22
50.2388,58.8717,59.7584,0.9267979,CCN1c2ccccc2C(C)(C)c2cc(-c3cccc(-c4nnn5nnc6ccc([N+](=O)[O-])cc6c45)c3)ccc21,1,c1cc(-c2ccc3c(c2)Cc2ccccc2N3)cc(-c2nnn3nnc4ccccc4c23)c1,0.9859352,446.1428,0.1853479,0.1853,0.5488754,2.9994,1.0000000,1.0000,[],22
46.6468,52.8244,-52.6211,0.0015877,C=CCc1c(C=C)c(C=C)c(OC=C)c(-c2c(-c3ccccc3)n(CCO)c3ccccc23)c1-c1ccccc1,1,c1ccc(-c2ccccc2-c2c(-c3ccccc3)[nH]c3ccccc23)cc1,0.0012204,327.1762,0.1383139,0.1383,0.5221153,3.2493,1.0000000,1.0000,[],22
52.3135,64.3419,52.4168,0.9121777,C=C(O)C(C#N)=Cc1ccc(C=Nc2ccc(-c3cnc4ccc(-c5cccc(F)c5)cc4c3)s2)s1,1,C(=Nc1ccc(-c2cnc3ccc(-c4ccccc4)cc3c2)s1)c1cccs1,0.9872990,472.7347,0.1083002,0.1083,0.5196558,3.2729,1.0000000,1.0000,[],22
49.1665,62.4092,-21.7285,0.3178174,COc1cc(OC)c(C=CC(=O)NC(=Cc2ccc(O)c(OC)c2)c2c(O)c3ccccc3n2-c2ccc3ccccc3c2)c(OC)c1,1,O=C(C=Cc1ccccc1)NC(=Cc1ccccc1)c1cc2ccccc2n1-c1ccc2ccccc2c1,0.3231196,391.9713,0.1323353,0.1323,0.5390311,3.0899,1.0000000,1.0000,[],22
39.1020,51.0954,59.5436,0.8643674,OC1=CC(=Cc2cc(C=CC=Cc3ccc(N(c4ccccc4)c4ccccc4)cc3)cc(I)c2O)C(c2ccccc2)=C1c1ccccc1,1,C(C=Cc1cccc(C=C2C=CC(c3ccccc3)=C2c2ccccc2)c1)=Cc1ccc(N(c2ccccc2)c2ccccc2)cc1,0.9310871,428.2672,0.1139613,0.1140,0.5281349,3.1920,1.0000000,1.0000,[],22
39.1614,46.5169,-24.2102,0.1742710,c1ccc(N(c2ccc(-c3ccc4ccc5cc(-n6c7ccccc7c7ccccc76)c(N(c6ccccc6)c6ccccc6)cc5c4c3)cc2)c2ccc3sc4ccccc4c3c2)cc1,1,c1ccc(N(c2ccc(-c3ccc4ccc5cc(-n6c7ccccc7c7ccccc76)c(N(c6ccccc6)c6ccccc6)cc5c4c3)cc2)c2ccc3sc4ccccc4c3c2)cc1,0.1714214,382.8933,0.1410679,0.1411,0.5236441,3.2347,1.0000000,1.0000,[],22
29.5845,41.9235,76.7861,0.9274184,CN(CCO)c1ccc(C=Cc2onc(-c3cccc([N+](=O)[O-])c3)c2C#N)cc1,1,C(=Cc1cc(-c2ccccc2)no1)c1ccccc1,0.9561405,433.4615,0.4825131,0.4825,0.5804165,2.7200,1.0000000,1.0000,[],22
25.3677,30.8540,-10.3218,0.1604075,C(=C(c1ccccc1)c1ccccc1)c1ccc(N(c2ccc3ccccc3c2)c2ccccc2N(c2ccccc2)c2ccccc2)cc1,1,C(=C(c1ccccc1)c1ccccc1)c1ccc(N(c2ccc3ccccc3c2)c2ccccc2N(c2ccccc2)c2ccccc2)cc1,0.1564636,381.7077,0.1448796,0.1449,0.6096721,2.4742,1.0000000,1.0000,[],22
64.6575,70.9497,47.8709,0.9282859,CCCCN1c2ccc(C)cc2C=C2C(C[n+]3c(C)ccc(C)c3-c3ccccc3)=C3c4cc(OC)ccc4C=CC3C21,1,C1=CC2C(=C(C[n+]3ccccc3-c3ccccc3)C3=Cc4ccccc4NC32)c2ccccc21,0.9890576,448.9027,0.2083500,0.2084,0.4294099,4.2267,1.0000000,1.0000,[],22
50.7060,68.3499,-68.3499,0.0000000,c1(-c2c(C(=O)N)oc3cc(c(cc3c2-c2ccc(N(C)C)cc2)O)C(=O)c2c(cc(O)cc2)N)ccc(N(CCO)C)cc1,0,,0.0000000,0.0000,0.0000000,0.0000,0.0000000,0.0000,0.0000000,0.0000,None,22
23.2936,33.1232,-2.8671,0.2363756,c1ccc(N(c2ccccc2)c2ccc(-c3ccc(-c4ccc5sc6ccccc6c5n4)s3)cc2)cc1,1,c1ccc(N(c2ccccc2)c2ccc(-c3ccc(-c4ccc5sc6ccccc6c5n4)s3)cc2)cc1,0.2319250,386.9986,0.2288982,0.2289,0.6118747,2.4561,1.0000000,1.0000,[],22
16.2563,23.0995,-23.0744,0.0001966,CCCCCCCCOc1ccc(N(c2ccccc2)c2ccccc2)cc1,1,c1ccc(N(c2ccccc2)c2ccccc2)cc1,0.0001311,302.9447,0.3167195,0.3167,0.6899986,1.8553,1.0000000,1.0000,[],22
23.4804,23.9539,-23.9514,0.0000196,C=C(O)Cc1cccnc1,1,c1ccncc1,0.0000114,276.3951,0.6258509,0.6259,0.6292087,2.3165,1.0000000,1.0000,[],22
49.1781,61.9066,14.8956,0.6000166,CCCCOc1ccc(N(c2ccc(OCCCCCSC3=C(n4c5ccccc5c5ccccc54)C(=O)c4ccccc4C3=O)cc2)c2ccc(-c3ccc(N(c4ccccc4)c4ccccc4)cc3)cc2)cc1,1,O=C1C(SCCCCCOc2ccc(N(c3ccccc3)c3ccc(-c4ccc(N(c5ccccc5)c5ccccc5)cc4)cc3)cc2)=C(n2c3ccccc3c3ccccc32)C(=O)c2ccccc21,0.6447244,513.5298,0.0704964,0.0705,0.4905059,3.5616,1.0000000,1.0000,[],22
40.2151,55.6730,-55.6730,0.0000000,N(c1cc(-c2c3-c(oc2-c2ccccc2)ccc(c3)=N)ccc1N(CCCC)CCCC)C(=O)c1ccc(N=Nc2ccc(N(C)C)cc2)cc1,0,,0.0000000,0.0000,0.0000000,0.0000,0.0000000,0.0000,0.0000000,0.0000,None,22
64.5369,78.7087,33.6229,0.8775906,CCCCC(C#N)=CC1=C(C)C(=NC(=O)c2ccc(-c3ccc(-c4ccc(N(c5ccccc5)c5ccccc5)cc4)s3)cc2)C=C1C=Cc1ccc2c(c1)N(c1ccccc1)c1ccccc1C2(C)C,1,O=C(N=C1C=CC(C=Cc2ccc3c(c2)N(c2ccccc2)c2ccccc2C3)=C1)c1ccc(-c2ccc(-c3ccc(N(c4ccccc4)c4ccccc4)cc3)s2)cc1,0.9510492,487.7889,0.1080934,0.1081,0.4459212,4.0381,1.0000000,1.0000,[],22
20.8275,29.3741,-28.7282,0.0050459,N=c1oc2ccccc2c2cccc(N)c12,1,N=c1oc2ccccc2c2ccccc12,0.0039578,339.9795,0.4422696,0.4423,0.6300800,2.3095,1.0000000,1.0000,[],22
58.5737,80.6443,33.4650,0.8914795,CCCCCCc1c2cc(Cl)c(N3CCCCC3)cc2cc2nc(C=Cc3ccc(C=Cc4ccc(N5c6ccccc6Sc6ccccc65)cc4)s3)c(-c3ccc(C=C(c4ccccc4)c4ccccc4)cc3)n12,1,C(=Cc1ccc(C=Cc2nc3cc4cc(N5CCCCC5)ccc4cn3c2-c2ccc(C=C(c3ccccc3)c3ccccc3)cc2)s1)c1ccc(N2c3ccccc3Sc3ccccc32)cc1,0.9783019,478.6487,0.0754190,0.0754,0.4384153,4.1229,1.0000000,1.0000,[],22
27.9867,29.2782,-29.2770,0.0000097,COC1(CN)CCC=C1c1ccccc1,1,C1=C(c2ccccc2)CCC1,0.0000054,268.2789,0.8170657,0.8171,0.5198939,3.2707,1.0000000,1.0000,[],22
35.5456,38.7068,-38.7068,0.0000000,n1cccc2-c(c(c(C=C)c21)Cc1ccccc1)C=C,0,,0.0000000,0.0000,0.0000000,0.0000,0.0000000,0.0000,0.0000000,0.0000,None,22
32.1731,37.4162,-37.4162,0.0000000,c12C3=C(c4c(C(=O)c5c(C4=O)cccc5)ccc3O)C(=O)c2cccc1,0,,0.0000000,0.0000,0.0000000,0.0000,0.0000000,0.0000,0.0000000,0.0000,None,22
44.2964,65.6480,42.9207,0.8481925,C(=C1c2ccccc2-c2ccc3c(-c4ccccc4)c(-c4ccc(N(c5ccccc5)c5ccccc5)c5cc(N(c6ccccc6)c6ccccc6)ccc45)c4ccc(N(c5ccccc5)c5ccccc5)cc4c3c21)c1ccccc1,1,C(=C1c2ccccc2-c2ccc3c(-c4ccccc4)c(-c4ccc(N(c5ccccc5)c5ccccc5)c5cc(N(c6ccccc6)c6ccccc6)ccc45)c4ccc(N(c5ccccc5)c5ccccc5)cc4c3c21)c1ccccc1,0.9148418,425.7780,0.1129326,0.1129,0.4803516,3.6662,1.0000000,1.0000,[],22
50.8085,66.4966,25.7019,0.7203004,COCCC1=C(C(C)C)C(=O)c2c(c(=O)n(-c3ccc(C=Cc4ccc(N(c5ccccc5)c5ccccc5)cc4)cc3)c3ccc(C)cc23)C1,1,O=C1C=CCc2c1c1ccccc1n(-c1ccc(C=Cc3ccc(N(c4ccccc4)c4ccccc4)cc3)cc1)c2=O,0.7642809,412.7715,0.1361631,0.1362,0.5248993,3.2227,1.0000000,1.0000,[],22
30.9515,47.1139,30.0011,0.6024611,O=[N+]([O-])c1ccc(-c2ccc3ccc4ccc(C=CC=Cc5ccc(N(c6ccccc6)c6ccccc6)cc5)cc4c3c2)s1,1,C(C=Cc1ccc2ccc3ccc(-c4cccs4)cc3c2c1)=Cc1ccc(N(c2ccccc2)c2ccccc2)cc1,0.6442040,406.4456,0.0754280,0.0754,0.5643418,2.8605,1.0000000,1.0000,[],22
39.8115,43.3689,47.2134,0.7076738,CCOc1ccc(-c2ccc(C=O)c3nc(CNC)cc(=O)n23)cc1,1,O=c1ccnc2cccc(-c3ccccc3)n12,0.7106238,409.7544,0.6988368,0.6988,0.5918415,2.6226,1.0000000,1.0000,[],22
27.4436,45.1695,56.4329,0.7937682,C(=Cc1ccc2c(-c3ccc(N(c4ccccc4)c4ccccc4)cc3)c(-c3ccccc3)c(-c3ccccc3)c(-c3ccccc3)c2n1)c1ccc(N(c2ccccc2)c2ccccc2)cc1,1,C(=Cc1ccc2c(-c3ccc(N(c4ccccc4)c4ccccc4)cc3)c(-c3ccccc3)c(-c3ccccc3)c(-c3ccccc3)c2n1)c1ccc(N(c2ccccc2)c2ccccc2)cc1,0.8485786,418.7126,0.1219312,0.1219,0.5528929,2.9630,1.0000000,1.0000,[],22
25.1044,32.7492,20.5860,0.4166816,C(=Cc1ccccn1)c1ccc(N(c2ccccc2)c2ccc(C=Cc3ccccn3)cc2)cc1,1,C(=Cc1ccccn1)c1ccc(N(c2ccccc2)c2ccc(C=Cc3ccccn3)cc2)cc1,0.4198654,396.4895,0.2491873,0.2492,0.6276261,2.3291,1.0000000,1.0000,[],22
31.6371,43.4587,-32.0163,0.0893942,CCN(CC)c1ccc2c(-c3ccco3)c3ccc(=O)cc-3sc2c1,1,O=c1ccc2c(-c3ccco3)c3ccccc3sc-2c1,0.0816163,546.2812,0.4579372,0.4579,0.5819073,2.7072,1.0000000,1.0000,[],22
32.4178,40.4017,78.4350,0.9284116,CCCC[n+]1ccc(C=C(C#N)c2nc3ccccc3n2CC)cc1-c1ccccc1,1,C(=Cc1nc2ccccc2[nH]1)c1cc[nH+]c(-c2ccccc2)c1,0.9740081,480.6569,0.2838150,0.2838,0.5633157,2.8696,1.0000000,1.0000,[],22
48.3549,59.1025,41.2869,0.7842921,O=Cc1ccc(-c2ccccc2-c2c3ccc(F)cc3c(-c3ccccc3)c3cc4ccccc4c(-c4ccccc4)c23)cc1,1,c1ccc(-c2ccccc2-c2c3ccccc3c(-c3ccccc3)c3cc4ccccc4c(-c4ccccc4)c23)cc1,0.8316482,502.6570,0.1466314,0.1466,0.5989868,2.5626,1.0000000,1.0000,[],23
32.3191,33.3691,-33.3574,0.0000915,Nc1ccccc1Cc1c(N)cccc1N1CCNCC1,1,c1ccc(Cc2ccccc2N2CCNCC2)cc1,0.0000571,293.9247,0.7516745,0.7517,0.6290677,2.3176,1.0000000,1.0000,[],23
22.8952,32.4266,2.4690,0.2726219,c1ccc(-c2c3ccc(-c4ccc(N(c5ccccc5)c5ccccc5)cc4)cc3n3ccccc23)cc1,1,c1ccc(-c2c3ccc(-c4ccc(N(c5ccccc5)c5ccccc5)cc4)cc3n3ccccc23)cc1,0.2690995,389.1514,0.2348478,0.2348,0.6323997,2.2912,1.0000000,1.0000,[],23
32.4401,31.9255,-31.7024,0.0017428,Clc1ccc2cc(Cl)c(-c3ccc(CBr)cc3)nc2c1,1,c1ccc(-c2ccc3ccccc3n2)cc1,0.0012866,327.7497,0.4987778,0.4988,0.6571125,2.0995,1.0000000,1.0000,[],23
34.2333,45.1110,-45.1110,0.0000000,CCCCN1C(=O)C(=Cc2ccc(N(c3ccccc3)c3ccccc3)cc2)C(=O)c2cc(C=C(C#N)C(=O)O)ccc21,1,O=C1Nc2ccccc2C(=O)C1=Cc1ccc(N(c2ccccc2)c2ccccc2)cc1,0.0000000,0.0000,0.0000000,0.0000,0.0000000,0.0000,0.0000000,0.0000,"['C(=[O,S])[O,S]']",23
23.5154,26.8300,94.6261,0.9488756,Oc1ccc2cc3nsnc3cc2c1,1,c1ccc2cc3nsnc3cc2c1,0.9711477,438.1776,0.6089825,0.6090,0.6130644,2.4464,1.0000000,1.0000,[],23
42.6495,54.5087,-7.7748,0.3651083,N#CC(C#N)=C1c2cc3c(cc2C(=C2C=Cc4ccccc4N2c2ccccc2)CC1c1cccs1)-c1ccccc1C3,1,C=C1c2cc3c(cc2C(=C2C=Cc4ccccc4N2c2ccccc2)CC1c1cccs1)-c1ccccc1C3,0.3704869,525.7558,0.1957022,0.1957,0.4644972,3.8340,1.0000000,1.0000,[],23
52.3373,77.7857,-77.7857,0.0000000,N=c1cc2cc3c(ccc-2c(-c2ccccc2)c1)-c1ccc(N=Nc2ccc(N(c4ccccc4)c4ccc(O)cc4)cc2)cc1C3COC(=O)NCCCCCC(=O)O,1,N=c1cc2cc3c(ccc-2c(-c2ccccc2)c1)-c1ccc(N=Nc2ccc(N(c4ccccc4)c4ccccc4)cc2)cc1C3,0.0000000,0.0000,0.0000000,0.0000,0.0000000,0.0000,0.0000000,0.0000,"['C(=[O,S])[O,S]']",23
21.7638,24.9374,-23.1360,0.0140733,Cc1ccc(Nc2ccc3ccccc3n2)cc1,1,c1ccc(Nc2ccc3ccccc3n2)cc1,0.0114415,351.5870,0.7152060,0.7152,0.7246565,1.6103,1.0000000,1.0000,[],23
46.3147,51.4385,-23.7653,0.2161969,C=CCOc1ccc(C=Nc2cccc(N=Cc3cccc4c3[nH]c3c5ccccc5c5ccccc5c43)c2)cc1,1,C(=Nc1cccc(N=Cc2cccc3c2[nH]c2c4ccccc4c4ccccc4c32)c1)c1ccccc1,0.2156495,385.9810,0.1246877,0.1247,0.5567783,2.9279,1.0000000,1.0000,[],23
43.5964,56.2187,-56.2187,0.0000000,c1(nc2ccc(cc2[nH]c1-c1c2ccccc2cc2ccccc21)NC(c1ccc(N(c2ccccc2)c2ccccc2)cc1)=O)=N,0,,0.0000000,0.0000,0.0000000,0.0000,0.0000000,0.0000,0.0000000,0.0000,None,23
34.1472,40.5068,43.4774,0.6561267,COc1ccc2c(c1)C(C)(C)c1ccc(-c3ccc(C=C4Sc5ccccc5N4C)s3)cc1-2,1,C(=C1Nc2ccccc2S1)c1ccc(-c2ccc3c(c2)-c2ccccc2C3)s1,0.6743450,407.9031,0.3007589,0.3008,0.5756479,2.7613,1.0000000,1.0000,[],23
26.5207,43.1494,-38.5812,0.0356897,COc1ccc(C=Cc2ccc(N(c3ccccc3)c3ccccc3)cc2)cc1-c1ccc2c(c1)CC(C)O2,1,C(=Cc1cccc(-c2ccc3c(c2)CCO3)c1)c1ccc(N(c2ccccc2)c2ccccc2)cc1,0.0318751,362.9380,0.2040541,0.2041,0.5605714,2.8940,1.0000000,1.0000,[],23
32.9183,34.8001,-34.5087,0.0022763,CCCCCCCCCCCCCCc1cc[n+](CCCSCCCCCCCC[N+](C)(C)C)cc1,1,c1cc[nH+]cc1,0.0018219,331.5331,0.0668063,0.0668,0.5610740,2.8895,1.0000000,1.0000,[],23
33.2071,45.0394,74.0767,0.9305946,C[n+]1ccc(N=Cc2ccc(N(c3ccccc3)c3ccccc3)c3ccccc23)cc1F,1,C(=Nc1cc[nH+]cc1)c1ccc(N(c2ccccc2)c2ccccc2)c2ccccc12,0.9926811,466.6909,0.1658525,0.1659,0.5754148,2.7633,1.0000000,1.0000,[],23
39.7919,57.5602,58.3262,0.9053624,N#CC(C#N)=Cc1ccc(-c2ccc(N(c3ccccc3)c3ccc4c5ccccc5c5ccc(N(c6ccccc6)c6ccccc6)cc5c4c3-c3ccc(N(c4ccccc4)c4ccccc4)cc3)cc2)s1,1,c1ccc(N(c2ccccc2)c2ccc(-c3c(N(c4ccccc4)c4ccc(-c5cccs5)cc4)ccc4c5ccccc5c5ccc(N(c6ccccc6)c6ccccc6)cc5c34)cc2)cc1,0.9865600,473.3569,0.0901873,0.0902,0.4870090,3.5974,1.0000000,1.0000,[],23
48.4515,52.1255,-52.1255,0.0000000,c12c(sc3c4c(C5(c6ccccc6-c6ccccc56)c3cc1NC4)cc2)=O,0,,0.0000000,0.0000,0.0000000,0.0000,0.0000000,0.0000,0.0000000,0.0000,None,23
32.7579,49.7227,-10.6563,0.3052062,Cn1c2ccc(-c3ccccc3)cc2c2cccc(C(=C(c3ccccc3)c3ccccc3)c3ccc(C=Cc4ccc(N(c5ccccc5)c5ccccc5)cc4)cc3)c21,1,C(=Cc1ccc(N(c2ccccc2)c2ccccc2)cc1)c1ccc(C(=C(c2ccccc2)c2ccccc2)c2cccc3c2[nH]c2ccc(-c4ccccc4)cc23)cc1,0.3100738,391.3166,0.1255192,0.1255,0.5457797,3.0277,1.0000000,1.0000,[],23
47.3050,54.4990,-54.4990,0.0000000,C1CN(c2c3c(cccc3)ccc2)CCN1c1ccc2c(c1)[n+](c1-c(cc(cc1)=O)c2C(=O)OC)-c1ccccc1,0,,0.0000000,0.0000,0.0000000,0.0000,0.0000000,0.0000,0.0000000,0.0000,None,23
18.5825,33.5401,70.2773,0.8110731,N#Cc1cc(-c2ccc(C=Cc3ccc(N(c4ccccc4)c4ccccc4)cc3)s2)ccc1N(c1ccccc1)c1ccccc1,1,C(=Cc1ccc(-c2ccc(N(c3ccccc3)c3ccccc3)cc2)s1)c1ccc(N(c2ccccc2)c2ccccc2)cc1,0.8598527,419.6960,0.1606203,0.1606,0.5743232,2.7728,1.0000000,1.0000,[],23
47.4078,57.2475,-44.6911,0.0980969,COc1ccc(C=C2C(=C=N)C2(COC(c2ccccc2)(c2ccccc2)c2ccccc2)N2CCOCC2)cc1,1,C=C1C(=Cc2ccccc2)C1(COC(c1ccccc1)(c1ccccc1)c1ccccc1)N1CCOCC1,0.0927262,375.2366,0.1979386,0.1979,0.4964132,3.5017,1.0000000,1.0000,[],23
47.6734,63.2200,-13.1170,0.3914297,CCN(c1ccc(C=Cc2ccc(N3CCCC3)cc2)cc1)c1cccc2c1C=CC1(C=Cc3cc(N(c4ccccc4)c4ccccc4)ccc3C1)CC2,1,C(=Cc1ccc(N2CCCC2)cc1)c1ccc(Nc2cccc3c2C=CC2(C=Cc4cc(N(c5ccccc5)c5ccccc5)ccc4C2)CC3)cc1,0.4039547,395.7763,0.1380210,0.1380,0.4187644,4.3522,1.0000000,1.0000,[],23
44.2903,45.9155,-27.9720,0.1401836,CCCCN1C(=O)C2(C(c3cc(Cl)c(O)c(Cl)c3)=CC(=O)N2c2ccc(N(C)C)cc2)c2ccccc21,1,O=C1C=C(c2ccccc2)C2(C(=O)Nc3ccccc32)N1c1ccccc1,0.1321841,379.5688,0.4054588,0.4055,0.4644464,3.8345,1.0000000,1.0000,[],23
42.5617,57.4438,60.9679,0.9250915,N#CC(C#N)=Cc1ccc(-c2c(N3c4ccccc4-c4cccc5cc(N(c6ccccc6)c6ccccc6)cc3c45)ccc3sc(C#N)cc23)s1,1,c1ccc(N(c2ccccc2)c2cc3c4c(cccc4c2)-c2ccccc2N3c2ccc3sccc3c2-c2cccs2)cc1,0.9904684,469.5831,0.1614527,0.1615,0.4951501,3.5145,1.0000000,1.0000,[],23
98.4816,129.8140,-129.8140,0.0000000,C1(CC1N1CCCC1)Nc1ccc(cc1)-c1sc(-c2ccc(s2)-c2cc3c(cc2)C=Cc2c(C=C3Sc3sc(-c4c5c(C(c6ccccc6C5=O)=C(c5ccccc5)c5ccccc5)(c5ccccc5)c4ccc3)ccc2N(c2ccccc2)c2ccccc2)C)cs1,0,,0.0000000,0.0000,0.0000000,0.0000,0.0000000,0.0000,0.0000000,0.0000,None,23
31.0324,33.5363,-32.7929,0.0058083,CN(C)c1ccc2c(c1)C(C)(C)c1ccc(Nc3ccccn3)cc1-2,1,c1ccc(Nc2ccc3c(c2)-c2ccccc2C3)nc1,0.0045202,341.4280,0.7158462,0.7158,0.6314287,2.2989,1.0000000,1.0000,[],23
44.7143,56.9324,56.7575,0.8882025,CCCCN(CCCC)c1ccc(N=Nc2c(-c3ccc(OC)c(OC)c3)ccc(NC(=O)Nc3ccc(N(c4ccccc4)c4ccccc4)cc3)c2C#N)cc1,1,O=C(Nc1ccc(N(c2ccccc2)c2ccccc2)cc1)Nc1ccc(-c2ccccc2)c(N=Nc2ccccc2)c1,0.9657829,483.7341,0.0892361,0.0892,0.5224120,3.2465,1.0000000,1.0000,[],23
48.6287,56.2510,59.1422,0.9015087,N#Cc1cccc2c1Oc1c(-c3ccc(CCc4ccccc4)c(-c4ccccc4)c3)cccc1[N+](c1ccccc1)=C2c1ccccc1,1,c1ccc(CCc2ccc(-c3cccc4c3Oc3ccccc3C(c3ccccc3)=[N+]4c3ccccc3)cc2-c2ccccc2)cc1,0.9616527,434.9821,0.1644908,0.1645,0.5381661,3.0979,1.0000000,1.0000,[],23
33.2128,45.1334,26.1999,0.5572916,C(=Cc1cc(N(c2ccccc2)c2ccc3ccccc3c2)cc2occ(-c3ccc(N(c4ccccc4)c4ccccc4)cc3)c12)c1ccc(N(c2ccccc2)c2ccccc2)cc1,1,C(=Cc1cc(N(c2ccccc2)c2ccc3ccccc3c2)cc2occ(-c3ccc(N(c4ccccc4)c4ccccc4)cc3)c12)c1ccc(N(c2ccccc2)c2ccccc2)cc1,0.5865058,403.7951,0.1142750,0.1143,0.5299859,3.1745,1.0000000,1.0000,[],23
40.1257,49.5274,67.6140,0.9151673,COc1ccc(N(c2ccc(-c3ccc(N(c4ccccc4)c4ccc5c(c4)C(C)(C)c4ccccc4-5)cc3)cc2)c2cccc3ccc4nc5ccccc5nc4c23)cc1,1,c1ccc(N(c2ccc(-c3ccc(N(c4ccccc4)c4cccc5ccc6nc7ccccc7nc6c45)cc3)cc2)c2ccc3c(c2)Cc2ccccc2-3)cc1,0.9891866,470.9671,0.1133303,0.1133,0.5221426,3.2491,1.0000000,1.0000,[],23
34.2840,42.2732,-9.8054,0.2536548,CCCCN(CCCC)c1ccc(C2=Cc3ccccc3C3C2c2c(ccc4ccccc24)N3C)cc1,1,C1=C(c2ccccc2)C2c3c(ccc4ccccc34)NC2c2ccccc21,0.2503774,388.0938,0.2449799,0.2450,0.4956693,3.5092,1.0000000,1.0000,[],23
34.9326,37.8363,-37.8363,0.0000000,Cn1c(=O)c2ccc3ccccc3c2c2c3c(ccc21)C(C)(C)CCC3,1,O=c1[nH]c2ccc3c(c2c2c1ccc1ccccc12)CCCC3,0.0000000,0.0000,0.3893436,0.3893,0.6091453,2.4785,1.0000000,1.0000,[],23
30.4349,37.3789,-24.4855,0.1007300,Nc1cc(O)c(O)c2ccc(N3c4ccccc4Oc4ccccc43)cc12,1,c1ccc2c(c1)Oc1ccccc1N2c1ccc2ccccc2c1,0.0947062,375.4897,0.2126000,0.2126,0.6146492,2.4335,1.0000000,1.0000,[],23
30.6885,32.0258,-31.9939,0.0002496,CCc1ccc(-n2c(N)cc3cc(O)ccc32)cc1,1,c1ccc(-n2ccc3ccccc32)cc1,0.0001644,305.3972,0.7332537,0.7333,0.6436253,2.2032,1.0000000,1.0000,[],23
24.0440,29.1461,-29.0647,0.0006357,CCNc1ccc2c(c1)CN(c1ccccc1)C2,1,c1ccc(N2Cc3ccccc3C2)cc1,0.0004368,316.0125,0.8779034,0.8779,0.6824188,1.9106,1.0000000,1.0000,[],23
23.3154,31.0671,-29.1161,0.0152417,Cn1c2ccc(-c3ccc(N(c4ccccc4)c4ccccc4)cc3)cc2c2c(N(c3ccccc3)c3ccccc3)cccc21,1,c1ccc(N(c2ccccc2)c2ccc(-c3ccc4[nH]c5cccc(N(c6ccccc6)c6ccccc6)c5c4c3)cc2)cc1,0.0130403,353.0247,0.1826216,0.1826,0.6069404,2.4966,1.0000000,1.0000,[],23
35.8454,36.3684,-36.3623,0.0000476,CCN(CCCS(=O)O)CCSCCSCCC#N,1,,0.0000294,286.7213,0.4141661,0.4142,0.4729148,3.7442,1.0000000,1.0000,[],23
24.3632,22.9792,-22.8461,0.0010396,N#Cc1cc(Br)ccc1OCCN,1,c1ccccc1,0.0007339,321.6491,0.8748150,0.8748,0.6475933,2.1725,1.0000000,1.0000,[],23
21.4183,30.8237,-9.1513,0.1693156,C1=C(c2ccc(N(c3ccccc3)c3ccccc3)cc2)CSc2ccccc21,1,C1=C(c2ccc(N(c3ccccc3)c3ccccc3)cc2)CSc2ccccc21,0.1610031,382.0768,0.3489586,0.3490,0.6252660,2.3479,1.0000000,1.0000,[],23
44.0988,44.6824,-42.1833,0.0195243,Nc1ccc2c(c1)N1C(=NCC1c1ccccc1)C(c1cc(O)cc(O)c1)N2,1,c1ccc(C2Nc3ccccc3N3C2=NCC3c2ccccc2)cc1,0.0164617,355.5921,0.5134110,0.5134,0.4791912,3.6783,1.0000000,1.0000,[],23
47.7153,50.7266,-35.3643,0.1200175,O=C(c1ccccc1)N(c1ccc(-c2ccc3c(c2)sc2cc4ccccc4cc23)cc1)c1ccc2c(c1)c1cc3ccccc3cc1n2-c1ccccc1,1,O=C(c1ccccc1)N(c1ccc(-c2ccc3c(c2)sc2cc4ccccc4cc23)cc1)c1ccc2c(c1)c1cc3ccccc3cc1n2-c1ccccc1,0.1148846,377.8315,0.1737575,0.1738,0.5493997,2.9946,1.0000000,1.0000,[],23
61.3332,72.5210,-4.9794,0.5276683,CC1(C)c2ccccc2-c2ccc(-c3cc(-c4ccc5ncc(C=Cc6ccc7c(ccn7-c7c(N)c(=O)c7=O)c6)n5c4)ccn3)cc21,1,O=c1cc(-n2ccc3cc(C=Cc4cnc5ccc(-c6ccnc(-c7ccc8c(c7)Cc7ccccc7-8)c6)cn45)ccc32)c1=O,0.5445232,401.9388,0.1987131,0.1987,0.5127825,3.3395,1.0000000,1.0000,[],23
19.0748,21.6634,102.6331,0.9710662,Nc1cccc2c1C(=O)c1ccccc1C2=O,1,O=C1c2ccccc2C(=O)c2ccccc21,0.9934559,465.4674,0.5931316,0.5931,0.6889002,1.8633,1.0000000,1.0000,[],23
89.2714,111.2380,-111.2380,0.0000000,C(CNc1cc2C(=C(c3c4c(C(c5cc(ccc5N4CCC)F)(CCCC)c2cc1)cc(Nc1ccc2-c4c(cccc4)C(c2c1)(CCCC)CCCC)cc3)c1ccc(cc1)OC)c1ccccc1)=Cc1ccc(cc1)N(c1cc2ccccc2s1)c1ccc(cc1)OC,0,,0.0000000,0.0000,0.0000000,0.0000,0.0000000,0.0000,0.0000000,0.0000,None,23
30.0925,49.7837,-0.1292,0.3879259,COc1cc(=NC(=O)c2ccc(N(C)CCO)cc2)sc2sc3ccccc3c12,1,O=C(N=c1ccc2c(s1)sc1ccccc12)c1ccccc1,0.3814855,394.7532,0.5190529,0.5191,0.5551536,2.9426,1.0000000,1.0000,[],23
42.9614,44.2140,-42.9511,0.0098669,Cc1cc(-c2ccc(N(c3ccccc3)c3ccccc3C)cc2)ccc1-c1ccc(N(c2ccccc2)c2ccc(-c3cccc4oc5ccccc5c34)cc2)cc1,1,c1ccc(N(c2ccccc2)c2ccc(-c3ccc(-c4ccc(N(c5ccccc5)c5ccc(-c6cccc7oc8ccccc8c67)cc5)cc4)cc3)cc2)cc1,0.0083229,348.0976,0.1461386,0.1461,0.5610015,2.8902,1.0000000,1.0000,[],23
48.8956,68.4944,-68.4944,0.0000000,CCCCN(CCCC)c1ccc2c(c1)sc1ccc3ccc(-c4cncnc4N(c4ccccc4)c4ccccc4)cc3c3ccc(cc3C=N)c12,1,c1ccc(N(c2ccccc2)c2ncncc2-c2ccc3ccc4sc5ccccc5c4c4ccc(cc4)c3c2)cc1,0.0000000,0.0000,0.0000000,0.0000,0.0000000,0.0000,0.0000000,0.0000,['[*;r{8-17}]'],23
47.3295,59.4340,-59.4340,0.0000000,COc1ccc(C#Cc2ccc3c(c2)-c2cc(C)c(-c4ccc(N(c5ccc(C)cc5)c5ccc(O)cc5)cc4)cc2C3=O)c(F)c1,1,O=C1c2cc(-c3ccc(N(c4ccccc4)c4ccccc4)cc3)ccc2-c2cc(C#Cc3ccccc3)ccc21,0.0000000,0.0000,0.0000000,0.0000,0.0000000,0.0000,0.0000000,0.0000,['C#C'],23
18.8828,27.1032,-22.9927,0.0321129,COc1ccc(N=C(c2ccccc2)c2ccc(N(c3ccccc3)c3ccccc3)cc2)cc1,1,c1ccc(N=C(c2ccccc2)c2ccc(N(c3ccccc3)c3ccccc3)cc2)cc1,0.0283240,361.6158,0.2309150,0.2309,0.6478828,2.1702,1.0000000,1.0000,[],23
70.1617,82.9639,-62.4122,0.1605600,Cc1cn(C(=C(c2ccccc2)c2ccccc2)c2ccccc2)c(=O)c(O)c1-c1ccc(-c2cc(-c3ccc(C(=O)c4ccc(-c5ccccc5)cc4)cc3O)on2)s1,1,O=C(c1ccc(-c2ccccc2)cc1)c1ccc(-c2cc(-c3ccc(-c4ccn(C(=C(c5ccccc5)c5ccccc5)c5ccccc5)c(=O)c4)s3)no2)cc1,0.1588502,381.9029,0.1053828,0.1054,0.5021048,3.4447,1.0000000,1.0000,[],23
24.5169,31.3006,-7.5780,0.1853326,[C-]#[N+]c1ccc(-c2ccc(-c3ccc([N+](=O)[O-])cc3)s2)cc1,1,c1ccc(-c2ccc(-c3ccccc3)s2)cc1,0.1768731,383.3049,0.3620842,0.3621,0.6243797,2.3550,1.0000000,1.0000,[],23
33.6287,45.5453,-33.3308,0.0954260,O=C1C(=C2C(=O)N(c3ccccc3)c3ccc(C=Cc4ccc(N(c5ccccc5)c5ccccc5)cc4)cc32)C(=O)c2ccccc21,1,O=C1C(=C2C(=O)N(c3ccccc3)c3ccc(C=Cc4ccc(N(c5ccccc5)c5ccccc5)cc4)cc32)C(=O)c2ccccc21,0.0915752,544.9128,0.1056732,0.1057,0.5793562,2.7292,1.0000000,1.0000,[],23
49.7561,61.9055,36.8423,0.7714667,COc1ccc(C=Cc2ccc(N(CCCN3CCCC3)c3ccc4c(c3)oc3cc(N(C)c5ccc(I)cc5)ccc34)s2)cc1,1,C(=Cc1ccc(N(CCCN2CCCC2)c2ccc3c(c2)oc2cc(Nc4ccccc4)ccc23)s1)c1ccccc1,0.8238415,416.7485,0.1235894,0.1236,0.5312685,3.1624,1.0000000,1.0000,[],23
40.7247,50.5344,64.7364,0.9005528,[C-]#[N+]c1ccc(C=C2C(c3cccc([N+](=O)[O-])c3)=Nc3cc(N(c4ccccc4)c4ccccc4)ccc32)cc1,1,C(=C1C(c2ccccc2)=Nc2cc(N(c3ccccc3)c3ccccc3)ccc21)c1ccccc1,0.9674101,483.1868,0.1277985,0.1278,0.5612600,2.8879,1.0000000,1.0000,[],23
52.9867,66.2044,51.5249,0.9197598,NCC1Oc2ccccc2C(=Nc2ccc(-c3ccc(N=Nc4c(N)c(Nc5ccccc5)cc5ccccc45)cc3)cc2)S1,1,c1ccc(Nc2cc(N=Nc3ccc(-c4ccc(N=C5SCOc6ccccc65)cc4)cc3)c3ccccc3c2)cc1,0.9934501,465.4772,0.1237459,0.1237,0.4791677,3.6785,1.0000000,1.0000,[],23
38.3022,50.2930,-15.6772,0.2704365,Oc1c(-c2ccc(-c3ccc(-c4cccc5cccnc45)s3)cc2)ccc2c1ccc1ccccc12,1,c1cnc2c(-c3ccc(-c4ccc(-c5ccc6c(ccc7ccccc76)c5)cc4)s3)cccc2c1,0.2662301,388.9924,0.2561461,0.2561,0.6177592,2.4083,1.0000000,1.0000,[],23
43.3046,57.7051,47.2765,0.8201687,CCN(CC)c1ccc2c(C=Cc3nccc4oc(-c5cc(OC)c(OC)c(OC)c5)cc34)c(S(=O)(=O)O)ccc2c1,1,C(=Cc1nccc2oc(-c3ccccc3)cc12)c1cccc2ccccc12,0.8691371,420.5568,0.1734800,0.1735,0.5365258,3.1132,1.0000000,1.0000,[],23
30.1810,41.3094,-41.3094,0.0000000,c1cc2C(c3ccccc3)=Nc3ccc(=N)cc3-c2cc1Nc1ccccc1,0,,0.0000000,0.0000,0.0000000,0.0000,0.0000000,0.0000,0.0000000,0.0000,None,23
30.9957,34.6877,-31.6904,0.0234169,Nc1ccc2c(=O)[nH]c3nonc3c2n1,1,O=c1[nH]c2nonc2c2ncccc12,0.0198594,357.6670,0.5332643,0.5333,0.5402920,3.0782,1.0000000,1.0000,[],23
79.6323,91.0402,-91.0402,0.0000000,n1c(C)c(-c2ccccc2)nc2sc(cc12)C=c1c2n(nc1)c(c(c(C(=O)O)c2=C1c2c(cccc2)CN1c1ccccc1)O)=C1C=CC(=[N+](C)C)C=C1,0,,0.0000000,0.0000,0.0000000,0.0000,0.0000000,0.0000,0.0000000,0.0000,None,23
39.3210,54.4851,57.6447,0.8760138,O=c1nc2nc3ccccc3c(NCC=Cc3ccc(N(c4ccccc4)c4ccccc4)cc3)n2c2cc(N(c3ccccc3)c3ccccc3)ccc12,1,O=c1nc2nc3ccccc3c(NCC=Cc3ccc(N(c4ccccc4)c4ccccc4)cc3)n2c2cc(N(c3ccccc3)c3ccccc3)ccc12,0.9447629,430.8273,0.1124684,0.1125,0.5262215,3.2102,1.0000000,1.0000,[],23
32.4864,39.4997,-39.4997,0.0000000,C1c2c3c(c(=O)c(OC)c(c3O)C)ccc2C(=O)c2ccccc2C1=O,0,,0.0000000,0.0000,0.0000000,0.0000,0.0000000,0.0000,0.0000000,0.0000,None,23
39.9164,54.9219,62.5388,0.9176615,N=c1ccc2c(C(c3ccc(N(c4ccccc4)c4cccc5ccccc45)cc3)c3ccc(N)cc3N)c3ccccc3oc-2c1,1,N=c1ccc2c(C(c3ccccc3)c3ccc(N(c4ccccc4)c4cccc5ccccc45)cc3)c3ccccc3oc-2c1,0.9889037,471.2506,0.1293773,0.1294,0.4971917,3.4939,1.0000000,1.0000,[],23
107.1296,132.6325,-132.6325,0.0000000,c1(cc2c(-c3cc(c(C=C4c5ccccc5C(=C5OC(c6c5cccc6)=C4)CCC)cc3)N(c3ccccc3)c3ccccc3)c3-c(cc(c(C=CC=C(C=CC=CC=C4Sc5ccc(NC(=O)c6ccccc6)cc5)c5c4cccc5)C)c3cc2n(CC)c1)CC)O,0,,0.0000000,0.0000,0.0000000,0.0000,0.0000000,0.0000,0.0000000,0.0000,None,23
34.7430,40.7355,82.0600,0.9593402,C[n+]1ccc(C=Cc2ccc(N=Cc3cc(Br)ccn3)c(F)c2)cc1,1,C(=Cc1ccc(N=Cc2ccccn2)cc1)c1cc[nH+]cc1,0.9935377,454.6700,0.4624568,0.4625,0.5429609,3.0536,1.0000000,1.0000,[],24
68.5359,80.2454,-69.3405,0.0851943,CCCCOc1c(-c2cc3ccccc3oc2=O)ccc(N(CCCC)CCCC)c1-c1cc(C2=Cc3ccccc3CC=C2)cc(-c2ccc3ccc(-c4cccnc4)cc3c2)c1,1,O=c1oc2ccccc2cc1-c1cccc(-c2cc(C3=Cc4ccccc4CC=C3)cc(-c3ccc4ccc(-c5cccnc5)cc4c3)c2)c1,0.0826100,373.8620,0.0716440,0.0716,0.4772055,3.6990,1.0000000,1.0000,[],24
70.4173,72.0708,37.2166,0.8538073,CC(C)(C)c1ccc2nc(-c3ccc(N(c4ccccc4O)c4ccc(-n5ccc6ccccc65)c5ccccc45)cc3)c3ccc(-c4ccccc4)cc3c2[o+]1,1,c1ccc(-c2ccc3c(-c4ccc(N(c5ccccc5)c5ccc(-n6ccc7ccccc76)c6ccccc56)cc4)nc4ccc[o+]c4c3c2)cc1,0.9150773,494.1891,0.1363068,0.1363,0.4977037,3.4888,1.0000000,1.0000,[],24
39.8025,41.6762,-41.1500,0.0041115,O=C(CSc1nnc(-c2cccs2)n1C1=CCCC1)c1ccc2ccccc2c1,1,O=C(CSc1nnc(-c2cccs2)n1C1=CCCC1)c1ccc2ccccc2c1,0.0032410,337.8023,0.2784005,0.2784,0.5966351,2.5822,1.0000000,1.0000,[],24
44.4446,66.1635,45.9753,0.8760842,Nc1cc2c(-c3ccc(N(c4ccccc4)c4ccccc4)cc3)c(-c3ccccc3)c3ccccc3c2c2nc(C=Cc3ccc(C=Cc4ccccn4)s3)ccc12,1,C(=Cc1ccc(C=Cc2ccc3ccc4c(-c5ccc(N(c6ccccc6)c6ccccc6)cc5)c(-c5ccccc5)c5ccccc5c4c3n2)s1)c1ccccn1,0.9443838,430.7487,0.1171972,0.1172,0.5062459,3.4037,1.0000000,1.0000,[],24
40.7801,53.3466,63.6779,0.9142543,N#CC(C#N)=Cc1sc(-c2ccc(-n3c4ccccc4c4ccccc43)cc2)cc1OCC(=O)N1c2ccccc2Sc2ccccc21,1,O=C(COc1csc(-c2ccc(-n3c4ccccc4c4ccccc43)cc2)c1)N1c2ccccc2Sc2ccccc21,0.9758236,440.1495,0.1664446,0.1664,0.5324861,3.1510,1.0000000,1.0000,[],24
31.9152,41.1976,-41.1976,0.0000000,Nc1ccc(C=Cc2cc[n+](CCC(=O)O)cc2)cc1OCC=Cc1ccccc1,1,C(=Cc1ccccc1)COc1cccc(C=Cc2cc[nH+]cc2)c1,0.0000000,0.0000,0.0000000,0.0000,0.0000000,0.0000,0.0000000,0.0000,"['C(=[O,S])[O,S]']",24
69.1378,91.9673,-91.9673,0.0000000,c1cc(C=Cc2ccc3c(N=C(c4ccc(C=Cc5ccc(Nc6ccccc6)cc5)cc4)c4cccc(N5c6ccccc6Oc5ccc2)c4)C3=O)c(cc1N1c2c(C(C)(c3ccccc13)C)cccc2)O,0,,0.0000000,0.0000,0.0000000,0.0000,0.0000000,0.0000,0.0000000,0.0000,None,24
27.8417,32.7001,-15.8054,0.1319898,C[N+](C)=c1ccc2c(-c3cc(O)ccc3Cl)c3ccc(O)cc3oc-2c1,1,[N+]=c1ccc2c(-c3ccccc3)c3ccccc3oc-2c1,0.1236543,541.2617,0.3898264,0.3898,0.5764670,2.7542,1.0000000,1.0000,[],24
65.4805,76.4778,-76.4778,0.0000000,CCOC1(C(=O)Nc2cc(C3Nc4ccc(C=Cc5cc(O)cc(O)c5)cc4C=CC(=O)N3C)ccc2O)CCCC1,1,O=C1C=Cc2cc(C=Cc3ccccc3)ccc2NC(c2cccc(NC(=O)C3CCCC3)c2)N1,0.0000000,0.0000,0.0000000,0.0000,0.0000000,0.0000,0.0000000,0.0000,['[*;r{8-17}]'],24
42.5118,56.1231,-45.9901,0.0791635,Clc1cc(N(c2ccc(-c3ccc(N(c4ccccc4)c4ccccc4)cc3)cc2)c2ccc3c(c2)oc2cc(N(c4ccccc4)c4ccccc4)ccc23)cc(N(c2cccc(N(c3ccccc3)c3ccccc3)c2)c2cccc3ccccc23)c1,1,c1ccc(N(c2ccccc2)c2ccc(-c3ccc(N(c4cccc(N(c5cccc(N(c6ccccc6)c6ccccc6)c5)c5cccc6ccccc56)c4)c4ccc5c(c4)oc4cc(N(c6ccccc6)c6ccccc6)ccc45)cc3)cc2)cc1,0.0757767,372.8440,0.0957807,0.0958,0.4746911,3.7255,1.0000000,1.0000,[],24
35.2098,34.5999,28.0850,0.4897260,Cc1c2c3c(cccc3c3ccccc13)Oc1cc(-c3nc(-c4ccccc4)nc(-c4ccccc4)n3)ccc1-2,1,c1ccc(-c2nc(-c3ccccc3)nc(-c3ccc4c(c3)Oc3cccc5c3c-4cc3ccccc35)n2)cc1,0.5001757,400.0076,0.2209321,0.2209,0.5928571,2.6140,1.0000000,1.0000,[],24
38.2274,51.8931,-48.0940,0.0296804,C(=Cc1ccc(-c2cc(-c3cc(-c4cccs4)sc3-c3ccccc3)c(-c3ccccc3)n2-c2ccccc2)cc1)c1ccncc1,1,C(=Cc1ccc(-c2cc(-c3cc(-c4cccs4)sc3-c3ccccc3)c(-c3ccccc3)n2-c2ccccc2)cc1)c1ccncc1,0.0264434,360.8489,0.1619010,0.1619,0.5617359,2.8836,1.0000000,1.0000,[],24
52.6933,54.0876,-53.4466,0.0050078,CC12OC(C(=O)CO)C1(C)CCC1=C3CCC4CC(O)CCC4C3CC=C12,1,C1=C2C(=C3CCC4CCCCC4C3C1)CCC1COC21,0.0039025,339.8259,0.7803210,0.7803,0.3593649,5.1171,1.0000000,1.0000,[],24
50.8903,56.1543,-7.7716,0.3779893,N#Cc1cccc2c1c1ccc(N3CN(c4ccccc4)c4ccccc43)cc1n2-c1ccc(-c2cn(-c3ccccc3)nn2)cc1,1,c1ccc(N2CN(c3ccc4c5ccccc5n(-c5ccc(-c6cn(-c7ccccc7)nn6)cc5)c4c3)c3ccccc32)cc1,0.3828387,394.8154,0.1957457,0.1957,0.5535856,2.9567,1.0000000,1.0000,[],24
18.5671,29.3745,-23.8691,0.0430110,C(=Cc1ccco1)c1ccc(-c2ccc(N(c3ccccc3)c3ccccc3)cc2)cc1,1,C(=Cc1ccco1)c1ccc(-c2ccc(N(c3ccccc3)c3ccccc3)cc2)cc1,0.0382986,365.0036,0.2770295,0.2770,0.6516570,2.1412,1.0000000,1.0000,[],24
40.7285,54.1513,64.6976,0.9285069,Cc1cc(C=c2[nH]c(=O)c(=Cc3ccc(-c4ccccc4)o3)s2)c(O)n1N=Cc1ccccc1,1,O=c1[nH]c(=Cc2ccn(N=Cc3ccccc3)c2)sc1=Cc1ccc(-c2ccccc2)o1,0.9656039,483.7928,0.3826727,0.3827,0.5458367,3.0272,1.0000000,1.0000,[],24
19.8657,20.8564,-20.8385,0.0001396,Brc1ccc2[nH]ncc2c1,1,c1ccc2[nH]ncc2c1,0.0000894,298.7785,0.6891700,0.6892,0.6522465,2.1367,1.0000000,1.0000,[],24
19.9647,22.8491,-22.8189,0.0002361,CCCCCCCCC1(CCCCCCCC)c2ccccc2-c2ccccc21,1,c1ccc2c(c1)Cc1ccccc1-2,0.0001598,305.0886,0.2816636,0.2817,0.6523362,2.1360,1.0000000,1.0000,[],24
48.8626,56.6136,61.0618,0.9193392,CCCC[n+]1c(-c2ccccc2N(c2ccccc2)c2ccccc2)sc2cc(N(c3cccc(N4CCCC4)c3)c3ccc4ccccc4c3)ccc21,1,c1ccc(N(c2ccccc2)c2ccccc2-c2[nH+]c3ccc(N(c4cccc(N5CCCC5)c4)c4ccc5ccccc5c4)cc3s2)cc1,0.9911364,451.2131,0.1235209,0.1235,0.5246134,3.2255,1.0000000,1.0000,[],24
34.4320,39.6911,84.4579,0.9699137,CC(C)[n+]1ccc(C=Cc2cc[n+](Cc3cccc(F)c3)cc2)cc1,1,C(=Cc1cc[n+](Cc2ccccc2)cc1)c1cc[nH+]cc1,0.9952714,458.0801,0.6179254,0.6179,0.5597942,2.9009,1.0000000,1.0000,[],24
49.0203,56.6729,20.2027,0.6005901,C=NC1=NC(c2cccc3ccccc23)C(c2ccccc2F)=Cc2ccc(N(c3ccccc3)c3ccccc3)cc21,1,C1=NC(c2cccc3ccccc23)C(c2ccccc2)=Cc2ccc(N(c3ccccc3)c3ccccc3)cc21,0.6249357,405.5432,0.1938532,0.1939,0.4960453,3.5054,1.0000000,1.0000,[],24
60.7389,74.3028,42.6504,0.9136973,CCN(CC)c1cnccc1N=C1CCC(=O)C=C1NCC1CCN(c2ccc(NCCNc3ccccn3)c(C=N)c2)CC1,1,O=C1C=C(NCC2CCN(c3ccc(NCCNc4ccccn4)cc3)CC2)C(=Nc2ccncc2)CC1,0.9832360,444.2070,0.1366726,0.1367,0.4845634,3.6225,1.0000000,1.0000,[],24
36.2487,42.9273,-38.5870,0.0339088,COc1cc(OC)c(C(=O)c2c(N(C)C)ccc(-c3ccc(C=O)cc3)c2OC)c(OC)c1,1,O=C(c1ccccc1)c1cccc(-c2ccccc2)c1,0.0296476,362.1265,0.3517709,0.3518,0.5980760,2.5702,1.0000000,1.0000,[],24
30.1765,27.5492,-27.5338,0.0001203,N#CC1=C(N)Oc2[nH]nc(-c3cccs3)c2C1c1ccccc1,1,C1=CC(c2ccccc2)c2c(-c3cccs3)n[nH]c2O1,0.0000765,297.0936,0.7576362,0.7576,0.5199659,3.2700,1.0000000,1.0000,[],24
118.6633,134.0418,-134.0418,0.0000000,N12C(=NC=CC=C1c1cc(c(cc1)OC(C#CCO)c1ccccc1)N(CCO)C)C1=C(C(CCC1)c1cc(c(cc1)O)N=CC=Cc1cc3CCCc4ccccc4N3c3ccccc13)c2ccc1NC(=O)C(=O)c1c1ccccc1,0,,0.0000000,0.0000,0.0000000,0.0000,0.0000000,0.0000,0.0000000,0.0000,None,24
65.1508,76.9833,40.0689,0.9144703,CCCCN1C(=Nc2ccccc2)c2cc(C)c(-c3c4c(ccc5ccccc54)cc[n+]3C)cc2C(C)(CC)c2cc(N(C)CCC#N)ccc21,1,c1ccc(N=C2Nc3ccccc3Cc3cc(-c4[nH+]ccc5ccc6ccccc6c45)ccc32)cc1,0.9917631,452.0161,0.1136093,0.1136,0.4425707,4.0758,1.0000000,1.0000,[],24
37.8692,45.5282,-45.5282,0.0000000,Clc1cc2c(cc1N1CCCCC1)N(c1ccccc1)CCCCC2CBr,1,c1ccc(N2CCCCCc3ccc(N4CCCCC4)cc32)cc1,0.0000000,0.0000,0.0000000,0.0000,0.0000000,0.0000,0.0000000,0.0000,['[*;r{8-17}]'],24
38.9362,53.0748,-23.4297,0.2316020,C(=Cc1ccc2ccc(-c3ccc4sc5ccccc5c4c3)c(-c3ccc4c(c3)OCCO4)c2c1)c1ccc(N(c2ccccc2)c2ccccc2)cc1,1,C(=Cc1ccc2ccc(-c3ccc4sc5ccccc5c4c3)c(-c3ccc4c(c3)OCCO4)c2c1)c1ccc(N(c2ccccc2)c2ccccc2)cc1,0.2304208,386.9067,0.1535221,0.1535,0.5471206,3.0154,1.0000000,1.0000,[],24
60.3783,69.0916,-69.0916,0.0000000,CCCCCCCCSC1=C(SCCCCCC)SC2=C(CCCCC)C(SCCCC)=S3(=C(C#N)C#N)C(=C2S1)Oc1cc(OCCCC)ccc13,1,C=S12=CC=C3SC=CSC3=C1Oc1ccccc12,0.0000000,0.0000,0.0000000,0.0000,0.0000000,0.0000,0.0000000,0.0000,"['C(=[O,S])[O,S]']",24
23.9682,37.1416,19.6058,0.4433386,C(=Cc1ccc2ccc3ccccc3n12)c1ccc(-n2c3ccccc3c3ccccc32)cc1,1,C(=Cc1ccc2ccc3ccccc3n12)c1ccc(-n2c3ccccc3c3ccccc32)cc1,0.4477029,397.7204,0.2642274,0.2642,0.6050500,2.5122,1.0000000,1.0000,[],24
38.0903,48.1477,-42.2482,0.0460896,O=C(CSc1nccc(-c2cccc(N3c4ccccc4Oc4ccccc43)c2)n1)Nc1ccccc1-c1ccccc1,1,O=C(CSc1nccc(-c2cccc(N3c4ccccc4Oc4ccccc43)c2)n1)Nc1ccccc1-c1ccccc1,0.0420651,366.0646,0.1502863,0.1503,0.6004831,2.5501,1.0000000,1.0000,[],24
42.1522,53.6447,61.9655,0.9032044,COc1cc([N+](=O)[O-])c(C=CC=CC=Cc2cccn2-c2ccccc2)c2ccc(N(c3ccccc3)c3ccccc3)cc12,1,C(=CC=Cc1cccn1-c1ccccc1)C=Cc1cccc2cc(N(c3ccccc3)c3ccccc3)ccc12,0.9817408,476.7371,0.0906036,0.0906,0.5416714,3.0655,1.0000000,1.0000,[],24
64.8623,76.1828,-76.1828,0.0000000,C[N+](C)(C)CCCCn1c2ccccc2c2ccc3c(ccc4cc(-c5ccc(C=C6C(=O)N(c7ccccc7)N=C6c6ccc(-c7ccc(N(c8ccccc8)c8ccccc8)cc7)cc6)o5)c5ccccc5c43)c21,1,O=C1C(=Cc2ccc(-c3cc4ccc5c(ccc6c7ccccc7[nH]c65)c4c4ccccc34)o2)C(c2ccc(-c3ccc(N(c4ccccc4)c4ccccc4)cc3)cc2)=NN1c1ccccc1,0.0000000,0.0000,0.0000000,0.0000,0.0000000,0.0000,0.0000000,0.0000,['[#7;!n][#7;!n]'],24
32.1636,38.4433,-35.4165,0.0236468,N#Cc1ccc(-c2cnc3cc(Br)c(=N)oc3c2)cc1,1,N=c1ccc2ncc(-c3ccccc3)cc2o1,0.0198185,357.6441,0.7422443,0.7422,0.5913740,2.6265,1.0000000,1.0000,[],24
41.9986,45.8450,-45.2630,0.0045470,O=C(COc1ccc(-c2nc(-c3ccccc3)c(-c3ccccc3)s2)cc1)NC(=O)Cc1ccc(F)cc1,1,O=C(COc1ccc(-c2nc(-c3ccccc3)c(-c3ccccc3)s2)cc1)NC(=O)Cc1ccccc1,0.0036104,338.9781,0.2510434,0.2510,0.6351362,2.2696,1.0000000,1.0000,[],24
37.4487,48.3821,-17.6093,0.2404125,CCCCc1cc2c(cc1OC)=NC(=O)C=2CN1CCN(c2ccc(N(c3ccccc3)c3ccccc3)cc2)CC1,1,O=C1N=c2ccccc2=C1CN1CCN(c2ccc(N(c3ccccc3)c3ccccc3)cc2)CC1,0.2357328,532.7706,0.2521990,0.2522,0.5692288,2.8174,1.0000000,1.0000,[],24
30.6696,39.1416,-38.5464,0.0046503,Cc1nc(-c2c(-c3ccccc3)[nH]c(-c3ccccc3)c2-c2ccccc2)sc1-c1ccc(F)cc1,1,c1ccc(-c2cnc(-c3c(-c4ccccc4)[nH]c(-c4ccccc4)c3-c3ccccc3)s2)cc1,0.0036955,339.2319,0.2583877,0.2584,0.6182995,2.4039,1.0000000,1.0000,[],24
58.3648,61.4927,-24.1262,0.2919256,N=c1ccc2c(-c3c(OCCOCCOCCOCC(O)CNC(=O)c4ccccc4)ccc4ccccc34)c3ccc(NCCCCCCN4C(=O)c5ccccc5C4=O)cc3oc-2c1,1,N=c1ccc2c(-c3c(OCCOCCOCCOCCCNC(=O)c4ccccc4)ccc4ccccc34)c3ccc(NCCCCCCN4C(=O)c5ccccc5C4=O)cc3oc-2c1,0.3121756,528.5770,0.0262697,0.0263,0.4471737,4.0240,1.0000000,1.0000,[],24
16.9649,25.5023,96.6437,0.9542658,C[n+]1ccc(C=Cc2ccccc2[N+](=O)[O-])cc1,1,C(=Cc1cc[nH+]cc1)c1ccccc1,0.9849857,445.4231,0.4708056,0.4708,0.6113426,2.4605,1.0000000,1.0000,[],24
88.0995,105.4134,-105.4134,0.0000000,CC(O)Cc1c(Cc2cccnc2)cc(C=Nc2ccccc2)c(O)c1C=Nc1cc(C#Cc2c3ncccc3c3ccccn23)cc(-c2ccnc3nc(O)cc[n+]23)c1,1,C(#Cc1c2ncccc2c2ccccn12)c1cc(N=Cc2cc(C=Nc3ccccc3)cc(Cc3cccnc3)c2)cc(-c2ccnc3nccc[n+]23)c1,0.0000000,0.0000,0.0000000,0.0000,0.0000000,0.0000,0.0000000,0.0000,['C#C'],24
34.3695,43.8109,-43.0234,0.0061524,C(=C(c1ccccc1)c1ccc(-n2c(-c3ccccc3)nc3ccccc32)cc1)c1ccc(-c2ccc3c(c2)oc2c(-c4ccccc4)cccc23)cc1,1,C(=C(c1ccccc1)c1ccc(-n2c(-c3ccccc3)nc3ccccc32)cc1)c1ccc(-c2ccc3c(c2)oc2c(-c4ccccc4)cccc23)cc1,0.0050504,342.6381,0.1558988,0.1559,0.5690808,2.8187,1.0000000,1.0000,[],24
47.5066,62.7211,-62.7211,0.0000000,C#CC[n+]1ccc(C#Cc2ccc(N=Nc3c(Cl)cc(C=Cc4cc[n+](C)cc4)c4c3C=CC3CCC(=O)N43)cc2)cc1,1,O=C1CCC2C=Cc3c(N=Nc4ccc(C#Cc5cc[nH+]cc5)cc4)ccc(C=Cc4cc[nH+]cc4)c3N12,0.0000000,0.0000,0.0000000,0.0000,0.0000000,0.0000,0.0000000,0.0000,['C#C'],24
44.3162,51.3988,-35.5634,0.1237144,Cn1c2cc(Cl)ccc2c(=N)c2ccc(-c3ccn(C4(C)CCC4)n3)cc21,1,N=c1c2ccccc2[nH]c2cc(-c3ccn(C4CCC4)n3)ccc12,0.1149197,377.8353,0.4783897,0.4784,0.5402644,3.0785,1.0000000,1.0000,[],24
43.0639,58.8050,24.2009,0.6484838,C(=Cc1c(-c2cccs2)oc2cc(N3c4ccccc4CCc4cc(N(c5ccccc5)c5ccccc5)ccc43)ccc12)c1ccc(-c2ccc(-c3ccccc3)s2)cc1,1,C(=Cc1c(-c2cccs2)oc2cc(N3c4ccccc4CCc4cc(N(c5ccccc5)c5ccccc5)ccc43)ccc12)c1ccc(-c2ccc(-c3ccccc3)s2)cc1,0.6834382,408.3560,0.1446051,0.1446,0.5087086,3.3794,1.0000000,1.0000,[],24
46.9144,58.1838,40.4577,0.7706366,C=CCCCCn1c2ccc(C(C)=Cc3ccc4ccccc4[n+]3CCCC=C)cc2c2cc(-c3ccccc3)ccc21,1,C(=Cc1ccc2ccccc2[nH+]1)c1ccc2[nH]c3ccc(-c4ccccc4)cc3c2c1,0.8341028,502.4655,0.0798100,0.0798,0.5388458,3.0916,1.0000000,1.0000,[],24
39.3186,51.8246,-30.9478,0.1630997,OCC1(CCc2ccc3c(c2)N(c2ccccc2)c2cccc4c2N3c2ccccc2C4(c2ccccc2)c2ccccc2)CCCC1,1,c1ccc(N2c3cc(CCC4CCCC4)ccc3N3c4ccccc4C(c4ccccc4)(c4ccccc4)c4cccc2c43)cc1,0.1582121,381.8509,0.1910974,0.1911,0.5456263,3.0291,1.0000000,1.0000,[],24
34.8778,50.3329,-43.9164,0.0501291,OCCc1cc(Nc2ccccc2)c2ccccc2c1-c1ccc(NC=Cc2ccc(N(c3ccccc3)c3ccccc3)cc2)cc1,1,C(=Cc1ccc(N(c2ccccc2)c2ccccc2)cc1)Nc1ccc(-c2ccc(Nc3ccccc3)c3ccccc23)cc1,0.0461631,367.1205,0.1341600,0.1342,0.5742345,2.7736,1.0000000,1.0000,[],24
33.2644,36.4129,-36.2752,0.0010757,c1ccc(-c2c(-c3ccc4oc5cc(-c6ccc7ccccc7c6)ccc5c4c3)c3ccccc3c3ccccc23)cc1,1,c1ccc(-c2c(-c3ccc4oc5cc(-c6ccc7ccccc7c6)ccc5c4c3)c3ccccc3c3ccccc23)cc1,0.0007975,322.5518,0.2008975,0.2009,0.6287689,2.3200,1.0000000,1.0000,[],24
55.4204,69.6705,25.5708,0.7440724,CCCCCCCCn1c2ccc(-n3c(=O)ccc4ccccc43)cc2c2cc3c(cc21)-c1sc2cc(-c4ccc(OC)cc4)ccc2c1C3=N,1,N=C1c2cc3c(cc2-c2sc4cc(-c5ccccc5)ccc4c21)[nH]c1ccc(-n2c(=O)ccc4ccccc42)cc13,0.7892529,414.3364,0.1456815,0.1457,0.5222588,3.2480,1.0000000,1.0000,[],24
44.4044,53.5575,-53.5575,0.0000000,c1(c2ncc(c(=C)c2ccc1C=C)C=Nc1ccsc1)C=C,0,,0.0000000,0.0000,0.0000000,0.0000,0.0000000,0.0000,0.0000000,0.0000,None,24
33.1248,48.9515,-48.9515,0.0000000,c1c2-c(ccc3c(N(c4ccccc4)c4ccccc4)cccc32)cc2c3ccc(N(c4ccccc4)c4ccccc4)cc3oc2c1N(c1ccccc1)c1ccccc1,0,,0.0000000,0.0000,0.0000000,0.0000,0.0000000,0.0000,0.0000000,0.0000,None,24
37.8604,51.4857,-43.0910,0.0655835,Cc1c(-c2ccc(N(c3ccccc3)c3ccccc3)cc2)ccc(=Nc2ccc(-c3cc4ccccc4n3C)cc2)n1C,1,c1ccc(N(c2ccccc2)c2ccc(-c3ccc(=Nc4ccc(-c5cc6ccccc6[nH]5)cc4)[nH]c3)cc2)cc1,0.0605508,370.2312,0.1953373,0.1953,0.5660264,2.8456,1.0000000,1.0000,[],24
55.2376,68.7019,-55.6728,0.1017898,CCCCCCN1c2cc(-c3ccc(-c4ccc(N(c5ccccc5)c5ccccc5)cc4)cc3)ccc2C2(CCCCC2)c2c(-c3cccc4ccccc34)c1c(-c1ccccc1)c1cc(-c3ccc(N(c4ccccc4)c4ccccc4)cc3)ccc21,1,c1ccc(-c2c3c(-c4cccc5ccccc45)c(c4ccc(-c5ccc(N(c6ccccc6)c6ccccc6)cc5)cc24)C2(CCCCC2)c2ccc(-c4ccc(-c5ccc(N(c6ccccc6)c6ccccc6)cc5)cc4)cc2N3)cc1,0.0995482,376.0893,0.0893025,0.0893,0.3567181,5.1540,1.0000000,1.0000,[],24
22.2111,24.5263,-24.5167,0.0000750,COc1ccc(C(=O)Nc2cccc(O)c2)cc1,1,O=C(Nc1ccccc1)c1ccccc1,0.0000460,291.5669,0.8708336,0.8708,0.7502066,1.4370,1.0000000,1.0000,[],24
63.7711,82.8576,-82.8568,0.0000062,CCCCCCC1=C(c2ccccc2)c2cc3c(cc2N(C)c2ccccc21)N(C)C(=CC=C1N(CCCC)c2ccc4ccccc4c2C1(C)C)C(C=Cc1cc[n+](CCCCCC)cc1)=C3,1,C(=Cc1cc[nH+]cc1)C1=Cc2cc3c(cc2NC1=CC=C1Cc2c(ccc4ccccc24)N1)Nc1ccccc1C=C3c1ccccc1,0.0000036,655.9386,0.0669072,0.0669,0.4338447,4.1753,1.0000000,1.0000,[],24
33.9381,41.4293,-35.4235,0.0469200,Cc1c(C=Nc2ccccc2)c2ccc(N(c3ccccc3)c3ccccc3)cc2n1-c1cccc(N(c2ccccc2)c2ccccc2)c1,1,C(=Nc1ccccc1)c1cn(-c2cccc(N(c3ccccc3)c3ccccc3)c2)c2cc(N(c3ccccc3)c3ccccc3)ccc12,0.0429469,366.2999,0.1460199,0.1460,0.5714858,2.7976,1.0000000,1.0000,[],24
41.7931,48.0446,-47.8158,0.0017874,CCCCCCCn1c(N(c2ccccc2)c2cc(O)cc(O)c2)cc2cc(O)c(O)cc21,1,c1ccc(N(c2ccccc2)c2cc3ccccc3[nH]2)cc1,0.0013724,328.4521,0.1657759,0.1658,0.5644569,2.8595,1.0000000,1.0000,[],24
34.0176,31.2483,-31.2463,0.0000159,CCc1cccc(-c2noc(C)c2C(=O)NCc2ccc(F)cc2)c1,1,O=C(NCc1ccccc1)c1conc1-c1ccccc1,0.0000090,273.8742,0.7552315,0.7552,0.6715409,1.9909,1.0000000,1.0000,[],24
51.4677,71.1953,-71.1953,0.0000000,CCCCCCC(=CCc1cc(C=Cc2ccc(N(c3ccccc3)c3ccccc3C=Cc3ccc(N(c4ccccc4)c4ccccc4)cc3)cc2)cc2cc(N(c3ccccc3)c3ccccc3)ccc12)CC(=O)O,1,C(=Cc1ccccc1N(c1ccccc1)c1ccc(C=Cc2ccc3ccc(N(c4ccccc4)c4ccccc4)cc3c2)cc1)c1ccc(N(c2ccccc2)c2ccccc2)cc1,0.0000000,0.0000,0.0000000,0.0000,0.0000000,0.0000,0.0000000,0.0000,"['C(=[O,S])[O,S]']",24
37.2729,42.2518,-12.6373,0.2313635,c1ccc(-c2ccc(N(c3ccc(-c4ccc(N(c5ccccc5)c5ccccc5)cc4)cc3)c3ccc(-c4ccc5c(c4)N(c4ccccc4)c4ccccc4S5)cc3)c3ccccc23)cc1,1,c1ccc(-c2ccc(N(c3ccc(-c4ccc(N(c5ccccc5)c5ccccc5)cc4)cc3)c3ccc(-c4ccc5c(c4)N(c4ccccc4)c4ccccc4S5)cc3)c3ccccc23)cc1,0.2311718,386.9526,0.1352759,0.1353,0.5382804,3.0969,1.0000000,1.0000,[],24
28.3157,33.4524,-33.4524,0.0000000,c12c(c(=O)c(-c3c(N=[N+]=[N-])cccc3)s2)cccc1,0,,0.0000000,0.0000,0.0000000,0.0000,0.0000000,0.0000,0.0000000,0.0000,None,24
39.8314,43.3166,77.6503,0.9450542,CCN(CC)CCCN(CCO)c1ccc(N=Nc2[nH]nc(-c3ccccc3)c2Cl)cc1,1,c1ccc(N=Nc2cc(-c3ccccc3)n[nH]2)cc1,0.9865240,473.3863,0.3450208,0.3450,0.5571285,2.9248,1.0000000,1.0000,[],24
26.1754,28.9113,-27.2122,0.0132736,N#Cc1cccc2c1sc1cc(C=O)ccc12,1,c1ccc2c(c1)sc1ccccc12,0.0108550,351.0092,0.6047939,0.6048,0.6090320,2.4794,1.0000000,1.0000,[],24
47.1801,57.5984,-57.5984,0.0000000,O=[N+](c1cc2c(cc(cc2)-c2c3-c(oc(-c4ccccc4)c2Cc2ccccc2)c(cc(c3)C=Cc2ccccc2)=O)cc1)[O-],0,,0.0000000,0.0000,0.0000000,0.0000,0.0000000,0.0000,0.0000000,0.0000,None,25
43.3401,46.1115,-46.1112,0.0000023,C=CCC1=CC2CC3CC(CCCC)CC(C2CCC(=C)C)C13,1,C1=CC2C3CCCC2CC1C3,0.0000012,252.0832,0.4255730,0.4256,0.3147841,5.7793,1.0000000,1.0000,[],25
28.9738,30.0695,16.3388,0.3625652,O=C1c2ccccc2CC1N=Nc1ccccc1O,1,O=C1c2ccccc2CC1N=Nc1ccccc1,0.3502898,393.2927,0.8334776,0.8335,0.5341473,3.1354,1.0000000,1.0000,[],25
38.5866,36.8453,-36.5993,0.0019217,Cc1cc2c(C)cc(=O)oc2cc1OCC(=O)Cc1ccccc1C#N,1,O=C(COc1ccc2ccc(=O)oc2c1)Cc1ccccc1,0.0014153,328.7870,0.6602561,0.6603,0.6146750,2.4333,1.0000000,1.0000,[],25
23.5712,32.8087,-25.2510,0.0590448,C(=Cc1nc(-c2ccc(N(c3ccccc3)c3ccc(-c4ccccc4)cc3)cc2)c(-c2ccccc2)o1)c1ccccc1,1,C(=Cc1nc(-c2ccc(N(c3ccccc3)c3ccc(-c4ccccc4)cc3)cc2)c(-c2ccccc2)o1)c1ccccc1,0.0542291,368.9612,0.1831813,0.1832,0.6148174,2.4321,1.0000000,1.0000,[],25
35.6119,31.6912,-31.6531,0.0002978,COCC1=CC=CC(F)(P)C1,1,C1=CCCC=C1,0.0002015,307.6109,0.5820369,0.5820,0.3914982,4.6889,1.0000000,1.0000,[],25
36.4619,51.7128,-51.7128,0.0000000,c1cc(c(-c2c(-c3cc4c(cc(cc4)-c4ccc(cc4)N(c4ccccc4)c4ccccc4)cc3)c3ccc(N(c4ccccc4)c4ccccc4)cc3s2)sc1-c1ccccc1)N(c1ccccc1)c1ccccc1,0,,0.0000000,0.0000,0.0000000,0.0000,0.0000000,0.0000,0.0000000,0.0000,None,25
57.7576,67.6947,-29.4200,0.2990207,FC(F)(F)Oc1ccc(CNc2ccc(C3=CC(=Cc4sc5ccccc5[n+]4Cc4ccccc4)N4C(=N3)Oc3ccccc34)cc2)cc1,1,C1=C(c2ccc(NCc3ccccc3)cc2)N=C2Oc3ccccc3N2C1=Cc1sc2ccccc2[n+]1Cc1ccccc1,0.3013858,529.1279,0.1637161,0.1637,0.5076890,3.3894,1.0000000,1.0000,[],25
27.7141,32.1130,-32.1130,0.0000000,Cn1c2ccc(N3CCCCC3)cc2c2cccc(C(=O)O)c21,1,c1ccc2c(c1)[nH]c1ccc(N3CCCCC3)cc12,0.0000000,0.0000,0.0000000,0.0000,0.0000000,0.0000,0.0000000,0.0000,"['C(=[O,S])[O,S]']",25
41.2644,38.8054,-38.8054,0.0000000,O=C1OCC(CO)=C2C=CC=C3C=C1N2CCC3,1,O=C1OCC=C2C=CC=C3C=C1N2CCC3,0.0000000,0.0000,0.0000000,0.0000,0.0000000,0.0000,0.0000000,0.0000,"['[*;r{8-17}]', 'C(=[O,S])[O,S]']",25
45.9913,62.8058,37.4589,0.7833175,CCC1C(=C(C#N)C#N)c2cc(-c3cc(C=Cc4ccc(N(c5ccccc5)c5ccccc5)cc4)cc(N(c4ccccc4)c4ccccc4)c3)ccc2-c2c1cc1ccccc1c2C#N,1,C=C1Cc2cc3ccccc3cc2-c2ccc(-c3cc(C=Cc4ccc(N(c5ccccc5)c5ccccc5)cc4)cc(N(c4ccccc4)c4ccccc4)c3)cc21,0.8461962,418.5126,0.1011083,0.1011,0.4313544,4.2041,1.0000000,1.0000,[],25
31.4354,43.8635,31.7999,0.5911201,Cc1cc(N(c2ccccc2)c2ccccc2)ccc1N1CCc2c(N(c3ccccc3)c3ccccc3)ccc3c(N(c4ccccc4)c4ccccc4)ccc1c23,1,c1ccc(N(c2ccccc2)c2ccc(N3CCc4c(N(c5ccccc5)c5ccccc5)ccc5c(N(c6ccccc6)c6ccccc6)ccc3c45)cc2)cc1,0.6198890,405.3101,0.1375995,0.1376,0.5507430,2.9824,1.0000000,1.0000,[],25
47.1437,59.0792,39.7973,0.7724725,C(=Cc1ccc(N(c2ccccc2)c2ccccc2)c2ccccc12)c1ccc2c(c1)sc1c(-c3ccc4c(c3)cc(N(c3ccccc3)c3ccccc3)c3ccccc34)c(-c3ccc(N(c4ccccc4)c4ccccc4)cc3)sc12,1,C(=Cc1ccc(N(c2ccccc2)c2ccccc2)c2ccccc12)c1ccc2c(c1)sc1c(-c3ccc4c(c3)cc(N(c3ccccc3)c3ccccc3)c3ccccc34)c(-c3ccc(N(c4ccccc4)c4ccccc4)cc3)sc12,0.8375611,417.8082,0.0841490,0.0841,0.4605684,3.8765,1.0000000,1.0000,[],25
43.5052,55.0169,-42.4908,0.0978597,Cn1c2ccccc2c2ccc(-c3ccc4c(c3)C=Cc3ccccc3N4c3ccc(C(=O)NCCc4cccc(Cl)c4)cc3)cc21,1,O=C(NCCc1ccccc1)c1ccc(N2c3ccccc3C=Cc3cc(-c4ccc5c(c4)[nH]c4ccccc45)ccc32)cc1,0.0921953,375.1679,0.1986279,0.1986,0.5747431,2.7692,1.0000000,1.0000,[],25
41.5065,54.3784,65.2777,0.9348135,CCCCCCCN1C2=CC(OC)CCC2=Cc2ccc(C=Cc3ccc(-c4ccccc4)s3)cc21,1,C(=Cc1ccc(-c2ccccc2)s1)c1ccc2c(c1)NC1=CCCCC1=C2,0.9866517,446.7184,0.2596911,0.2597,0.4917906,3.5485,1.0000000,1.0000,[],25
44.1720,51.8957,-21.6880,0.2359972,CC1(C)c2ccccc2-c2c1cc1c(c2-c2ccccc2)-c2ccccc2-c2ccccc2N1c1ncccc1N=Cc1ccccc1,1,C(=Nc1cccnc1N1c2ccccc2-c2ccccc2-c2c1cc1c(c2-c2ccccc2)-c2ccccc2C1)c1ccccc1,0.2337268,387.1081,0.1843087,0.1843,0.5412124,3.0697,1.0000000,1.0000,[],25
36.2288,48.5652,69.9299,0.9257430,CC1(C)c2ccccc2-c2ccc(-c3ccc4c(-c5ccc(N(c6ccccc6)c6ccccc6)cc5)oc(N5c6ccccc6N(c6ccccc6)c6ccccc65)c4c3)cc21,1,c1ccc(N(c2ccccc2)c2ccc(-c3oc(N4c5ccccc5N(c5ccccc5)c5ccccc54)c4cc(-c5ccc6c(c5)Cc5ccccc5-6)ccc34)cc2)cc1,0.9905156,450.4713,0.1599343,0.1599,0.5190348,3.2789,1.0000000,1.0000,[],25
21.3718,31.2759,-11.7898,0.1522353,Clc1ccc(-c2ccc(-c3ccc(N(c4ccccc4)c4ccccc4)cc3)s2)cc1Cl,1,c1ccc(-c2ccc(-c3ccc(N(c4ccccc4)c4ccccc4)cc3)s2)cc1,0.1454187,380.7717,0.2460279,0.2460,0.6528875,2.1318,1.0000000,1.0000,[],25
47.9520,52.2599,-52.2599,0.0000000,O=c1c2cc(C#Cc3cccc4ccccc34)ccc2ccc2cc3sc(-c4ccc(C#Cc5ccccc5)s4)cc3cc12,1,O=c1c2cc(C#Cc3cccc4ccccc34)ccc2ccc2cc3sc(-c4ccc(C#Cc5ccccc5)s4)cc3cc12,0.0000000,0.0000,0.0000000,0.0000,0.0000000,0.0000,0.0000000,0.0000,['C#C'],25
43.0491,57.7317,61.6581,0.9327328,CN(CCO)c1ccc(C=Cc2ccc(O)c(N=S=C=Cc3ccnc4ccccc34)c2)cc1,1,C(=Cc1ccnc2ccccc12)=S=Nc1cccc(C=Cc2ccccc2)c1,0.9813604,476.9652,0.2761402,0.2761,0.5179815,3.2891,1.0000000,1.0000,[],25
65.4495,78.4166,29.8970,0.8461999,CCCCCCCCCCCCn1c(=O)c2cccc(-c3ccc(C)cc3)c2c2ccc(-c3ccc(C(CCCCCCCCCCC(C)C)=C4c5ccccc5-c5ccc(-c6ccc(N(c7ccccc7)c7ccccc7)cc6)cc54)[nH]3)cc21,1,O=c1[nH]c2cc(-c3ccc(C=C4c5ccccc5-c5ccc(-c6ccc(N(c7ccccc7)c7ccccc7)cc6)cc54)[nH]3)ccc2c2c(-c3ccccc3)cccc12,0.9471220,431.3283,0.0374967,0.0375,0.4299094,4.2209,1.0000000,1.0000,[],25
25.0278,27.2497,0.1985,0.2144390,COc1cc2cnc(=N)n(C)c2cc1OC,1,N=c1ncc2ccccc2[nH]1,0.2010922,385.0225,0.8214443,0.8214,0.6054114,2.5092,1.0000000,1.0000,[],25
23.4866,32.4984,33.1631,0.5129808,C1=Nc2ccccc2N(c2ccccc2)c2ccc(N3c4ccccc4Sc4ccccc43)cc21,1,C1=Nc2ccccc2N(c2ccccc2)c2ccc(N3c4ccccc4Sc4ccccc43)cc21,0.5230685,401.0026,0.2525226,0.2525,0.5889435,2.6471,1.0000000,1.0000,[],25
39.1024,46.4925,66.6116,0.8836262,CC(=Cc1c(O)c(C)c2ccccc2c1O)C=C1Sc2ccccc2N1c1ccccc1,1,C(=Cc1ccc2ccccc2c1)C=C1Sc2ccccc2N1c1ccccc1,0.9187229,426.3304,0.3438340,0.3438,0.5723199,2.7903,1.0000000,1.0000,[],25
38.5113,46.9153,-11.2990,0.2782526,c1ccc(Oc2ccc(-c3ccc(-c4ccc(-c5c6ccccc6c(-c6ccccc6)c6ccccc56)c5oc(-c6ccccc6)cc45)s3)cc2)cc1,1,c1ccc(Oc2ccc(-c3ccc(-c4ccc(-c5c6ccccc6c(-c6ccccc6)c6ccccc56)c5oc(-c6ccccc6)cc45)s3)cc2)cc1,0.2791163,389.6980,0.1548118,0.1548,0.5787153,2.7347,1.0000000,1.0000,[],25
103.0442,128.0929,-23.2953,0.8187311,CCCCCCCCCCCN1CCCc2cc3c(C=CCC4(c5ccc(-n6c(CCCCCCCCC)nc7ccccc76)cc5)CCO4)c(-c4cc(N(c5ccccc5)c5ccc(C=Cc6nc7cc(C=Cc8ccc(N(c9ccccc9)c9ccccc9)cc8)c(N(c8ccccc8)c8ccccc8)cc7s6)cc5)ccc4-c4ccc(N(c5ccccc5)c5ccccc5)cc4)oc3cc21,1,C(=Cc1c(-c2cc(N(c3ccccc3)c3ccc(C=Cc4nc5cc(C=Cc6ccc(N(c7ccccc7)c7ccccc7)cc6)c(N(c6ccccc6)c6ccccc6)cc5s4)cc3)ccc2-c2ccc(N(c3ccccc3)c3ccccc3)cc2)oc2cc3c(cc12)CCCN3)CC1(c2ccc(-n3cnc4ccccc43)cc2)CCO1,0.9338038,428.7356,0.0275284,0.0275,0.2571874,6.7898,1.0000000,1.0000,[],25
58.2066,55.3639,-55.2482,0.0009037,CCCCN1CCC2(CC1)NCc1cc3ccccc3cc1C(C(=O)NCc1ccc(C)cc1)N2C(=O)c1ccccc1,1,O=C(NCc1ccccc1)C1c2cc3ccccc3cc2CNC2(CCNCC2)N1C(=O)c1ccccc1,0.0006617,320.5234,0.2703121,0.2703,0.4703469,3.7714,1.0000000,1.0000,[],25
58.7240,74.5650,-74.5650,0.0000000,CCC(C(=O)O)=c1sc(=Cc2c(Cl)ccc3nc(-c4ccccc4)c(-c4ccccc4)nc23)c(=O)n1CCCCc1ccc(N(c2ccccc2)c2ccccc2)cc1,1,C=c1sc(=Cc2cccc3nc(-c4ccccc4)c(-c4ccccc4)nc23)c(=O)n1CCCCc1ccc(N(c2ccccc2)c2ccccc2)cc1,0.0000000,0.0000,0.0000000,0.0000,0.0000000,0.0000,0.0000000,0.0000,"['C(=[O,S])[O,S]']",25
47.2937,53.8341,-38.8013,0.1174438,CN(C)B(C=Cc1ccc2cc(N(c3ccccc3)c3ccccc3)ccc2c1)c1ccc(-c2cc3n(-c4ccccc4)c4ccccc4n3c2)cc1,1,B(C=Cc1ccc2cc(N(c3ccccc3)c3ccccc3)ccc2c1)c1ccc(-c2cc3n(-c4ccccc4)c4ccccc4n3c2)cc1,0.1132347,377.6543,0.1409051,0.1409,0.5059315,3.4068,1.0000000,1.0000,[],25
24.9048,29.4281,-24.4406,0.0389651,c1ccc(-c2ccccc2-c2ccc(N(c3cccc4ccccc34)c3cccc4ccccc34)cc2)cc1,1,c1ccc(-c2ccccc2-c2ccc(N(c3cccc4ccccc34)c3cccc4ccccc34)cc2)cc1,0.0347022,363.8924,0.2285183,0.2285,0.6736653,1.9751,1.0000000,1.0000,[],25
19.2804,33.2042,36.8879,0.5475948,C(=Cc1ccc(N(c2ccc(C=Cc3ccc(N(c4ccccc4)c4ccccc4)cc3)cc2)c2ccc(-c3ccc(N(c4ccccc4)c4ccccc4)cc3)cc2)cc1)c1ccc(N(c2ccccc2)c2ccccc2)cc1,1,C(=Cc1ccc(N(c2ccc(C=Cc3ccc(N(c4ccccc4)c4ccccc4)cc3)cc2)c2ccc(-c3ccc(N(c4ccccc4)c4ccccc4)cc3)cc2)cc1)c1ccc(N(c2ccccc2)c2ccccc2)cc1,0.5805522,403.5291,0.0842779,0.0843,0.5648549,2.8559,1.0000000,1.0000,[],25
43.1440,62.2091,-62.1700,0.0003058,Oc1ccc(C=c2ccc3c(c2)-c2ccccc2OC=3C=Cc2ccc(N(c3ccccc3)c3ccccc3)s2)c(O)c1,1,C(=Cc1ccc(N(c2ccccc2)c2ccccc2)s1)C1=c2ccc(=Cc3ccccc3)cc2-c2ccccc2O1,0.0002128,611.7972,0.2089708,0.2090,0.5087875,3.3786,1.0000000,1.0000,[],25
33.3461,38.6309,6.3609,0.3514987,C[n+]1ccc(C=Cc2cc(O)cc(C=Cc3ccc(Cl)cc3)c2)cc1,1,C(=Cc1cccc(C=Cc2cc[nH+]cc2)c1)c1ccccc1,0.3436068,392.9724,0.5075387,0.5075,0.5957354,2.5898,1.0000000,1.0000,[],25
46.6278,55.9237,-55.9237,0.0000000,O=c1c2cc3ccccc3nc2c(=O)c2c(-c3ccc(N(c4ccccc4)c4ccccc4)cc3)ccc3ccc4cccc1c4c32,1,O=c1c2cc3ccccc3nc2c(=O)c2c(-c3ccc(N(c4ccccc4)c4ccccc4)cc3)ccc3ccc4cccc1c4c32,0.0000000,0.0000,0.0000000,0.0000,0.0000000,0.0000,0.0000000,0.0000,['[*;r{8-17}]'],25
67.7636,71.4857,-71.4857,0.0000000,CN1CCC(N(C)c2ccccc2C=NCC2=NN(c3ccccc3C#N)C(=CC=Cc3ccccn3)N2C2CCCC2)CC1,1,C(=Cc1ccccn1)C=C1N(c2ccccc2)N=C(CN=Cc2ccccc2NC2CCNCC2)N1C1CCCC1,0.0000000,0.0000,0.0000000,0.0000,0.0000000,0.0000,0.0000000,0.0000,['[#7;!n][#7;!n]'],25
20.7506,24.5645,-24.5645,0.0000000,c1ccc(N2NOc3ccccc32)cc1,1,c1ccc(N2NOc3ccccc32)cc1,0.0000000,0.0000,0.0000000,0.0000,0.0000000,0.0000,0.0000000,0.0000,['[#7;!n][#7;!n]'],25
44.3467,65.2261,-65.2261,0.0000000,C1C(C1)c1c2-c(ccc(=Nc3ccc(C=Cc4ccc(S(=O)(=O)CCC(O)=O)cc4)cc3)cc2)c2ccc(N(CC)CC)cc2o1,0,,0.0000000,0.0000,0.0000000,0.0000,0.0000000,0.0000,0.0000000,0.0000,None,25
49.2041,61.4234,-61.4234,0.0000000,CCCCN1c2ccc(C(=Cc3ccc(N(c4ccccc4)c4ccccc4)cc3)c3ccc(-c4c5ccccc5c(N(c5ccccc5)c5ccccc5)c5ccccc45)cc3)cc2SC(=O)C1(C)C,1,O=C1CNc2ccc(C(=Cc3ccc(N(c4ccccc4)c4ccccc4)cc3)c3ccc(-c4c5ccccc5c(N(c5ccccc5)c5ccccc5)c5ccccc45)cc3)cc2S1,0.0000000,0.0000,0.0000000,0.0000,0.0000000,0.0000,0.0000000,0.0000,"['C(=[O,S])[O,S]']",25
20.2889,31.9317,24.5040,0.4409036,C(C=Cc1ccc(N2c3ccccc3Sc3ccccc32)cc1)=Cc1ccc(N(c2ccccc2)c2ccccc2)cc1,1,C(C=Cc1ccc(N2c3ccccc3Sc3ccccc32)cc1)=Cc1ccc(N(c2ccccc2)c2ccccc2)cc1,0.4508756,397.8596,0.1760114,0.1760,0.6041963,2.5193,1.0000000,1.0000,[],25
39.4844,50.8250,64.4243,0.9003846,O=c1[nH]c2ccc(N(c3ccccc3)c3ccccc3)cc2cc1C=c1sc(=CC2Sc3ccccc3N2Cc2ccccc2)s1,1,O=c1[nH]c2ccc(N(c3ccccc3)c3ccccc3)cc2cc1C=c1sc(=CC2Sc3ccccc3N2Cc2ccccc2)s1,0.9588705,485.8098,0.1869679,0.1870,0.4788000,3.6824,1.0000000,1.0000,[],25
30.9168,33.8823,-33.3094,0.0044761,c1cccc(-c2nccc3c(-c4ccccc4)ccnc23)c#1,1,c1cccc(-c2nccc3c(-c4ccccc4)ccnc23)c#1,0.0034800,338.5774,0.5374931,0.5375,0.5303090,3.1715,1.0000000,1.0000,[],25
26.2838,32.7419,-32.6237,0.0009240,Oc1ccc(-c2csc(-c3cccs3)c2-c2cccs2)cc1,1,c1ccc(-c2csc(-c3cccs3)c2-c2cccs2)cc1,0.0006629,320.5430,0.4465363,0.4465,0.6168484,2.4157,1.0000000,1.0000,[],25
41.3401,60.2112,56.3924,0.9109651,C(=Cc1cc2cc3cccc(-c4ccc(-c5ccc(N(c6ccccc6)c6ccccc6)cc5)cc4)c3cc2c2cc(N(c3ccccc3)c3ccccc3)sc12)c1ccc(N(c2ccccc2)c2ccccc2)cc1,1,C(=Cc1cc2cc3cccc(-c4ccc(-c5ccc(N(c6ccccc6)c6ccccc6)cc5)cc4)c3cc2c2cc(N(c3ccccc3)c3ccccc3)sc12)c1ccc(N(c2ccccc2)c2ccccc2)cc1,0.9948683,457.1876,0.0841853,0.0842,0.4935918,3.5302,1.0000000,1.0000,[],25
73.5262,86.8288,29.3556,0.9076910,COCCOCCNc1nc2c(NC(C)c3sc4nc5ccc(N(c6ccccc6)c6ccc(C)cc6)cc5c(-c5ccccc5)c4c3C#N)c(Cl)ccc2nc1C#N,1,c1ccc(-c2c3cc(N(c4ccccc4)c4ccccc4)ccc3nc3sc(CNc4cccc5nccnc45)cc23)cc1,0.9872544,447.2268,0.1022350,0.1022,0.4437315,4.0627,1.0000000,1.0000,[],25
81.7371,95.6290,-27.8549,0.5294856,CCC(C)Cc1c(C=Cc2ccc3ccccc3n2)ccc2c1cc(C=Cc1ccc(N(c3ccc(O)c(C)c3)c3cc(-c4ccc5c(c4)c4ccccc4n5CC)c4ccccc4c3)cc1)c1ccccc12,1,C(=Cc1cc2cc(C=Cc3ccc4ccccc4n3)ccc2c2ccccc12)c1ccc(N(c2ccccc2)c2cc(-c3ccc4[nH]c5ccccc5c4c3)c3ccccc3c2)cc1,0.5611022,402.6670,0.0980050,0.0980,0.4230019,4.3019,1.0000000,1.0000,[],25
22.8761,35.7270,-17.1601,0.1450539,C(=Cc1ccc2sc(-c3ccc(N(c4ccccc4)c4ccccc4)cc3)cc2n1)c1ccccc1,1,C(=Cc1ccc2sc(-c3ccc(N(c4ccccc4)c4ccccc4)cc3)cc2n1)c1ccccc1,0.1385370,380.1582,0.2358316,0.2358,0.6211379,2.3810,1.0000000,1.0000,[],25
45.1267,49.9800,-9.5795,0.3156292,Cc1cc(Br)ccc1N=c1oc2c(-c3ccc(-c4ccccc4)cc3-c3ccccc3)cccc2cc1C#N,1,c1ccc(N=c2ccc3cccc(-c4ccc(-c5ccccc5)cc4-c4ccccc4)c3o2)cc1,0.3154512,391.5882,0.2130085,0.2130,0.5847636,2.6827,1.0000000,1.0000,[],25
24.3235,31.6694,-31.5859,0.0006522,N#Cc1ccc2[nH]cc(CCc3ccc(N(c4ccccc4)c4ccccc4)cc3)c2c1,1,c1ccc(N(c2ccccc2)c2ccc(CCc3c[nH]c4ccccc34)cc2)cc1,0.0004640,316.6691,0.3173907,0.3174,0.6399269,2.2320,1.0000000,1.0000,[],25
24.2443,25.4656,-24.3286,0.0088829,COc1ccc(CNc2ccc3ccccc3c2)c(OC)c1,1,c1ccc(CNc2ccc3ccccc3c2)cc1,0.0070406,346.2669,0.7526137,0.7526,0.7101818,1.7112,1.0000000,1.0000,[],25
76.2323,91.5580,21.4283,0.8827058,CCCC[n+]1ccc(Cc2ccc(-c3cc(-c4ccccc4)n(-c4ccccc4)c(=O)c3)cc2C=C(C=Cc2cc[n+](CCCNC(=O)c3ccc(-n4c5ccccc5c5ccccc54)cc3)cc2)CC)c2ccccc21,1,O=C(NCCC[n+]1ccc(C=CC=Cc2cc(-c3cc(-c4ccccc4)n(-c4ccccc4)c(=O)c3)ccc2Cc2cc[nH+]c3ccccc23)cc1)c1ccc(-n2c3ccccc3c3ccccc32)cc1,0.9792681,478.1434,0.0528769,0.0529,0.4345836,4.1668,1.0000000,1.0000,[],25
38.8088,38.8937,-38.8795,0.0001113,[C-]#[N+]c1cccc(-c2ccc(C(C)=O)cc2-c2ccc(C=O)cc2)c1,1,c1ccc(-c2ccccc2-c2ccccc2)cc1,0.0000719,296.4251,0.3563199,0.3563,0.6249878,2.3501,1.0000000,1.0000,[],25
42.9681,52.6412,-52.6412,0.0000000,O=Cc1ccc(O)c(C=Nc2ccccc2C(=O)NN=Cc2ccc(-c3cccc(N=Nc4ccccc4)c3)cc2)c1,1,O=C(NN=Cc1ccc(-c2cccc(N=Nc3ccccc3)c2)cc1)c1ccccc1N=Cc1ccccc1,0.0000000,0.0000,0.0000000,0.0000,0.0000000,0.0000,0.0000000,0.0000,['[#7;!n][#7;!n]'],25
59.6200,73.0401,-30.4617,0.3326437,O=c1c(-c2cc3c(cc2-c2ccccc2)c2ccccc2c2c3ccc3[nH]nc(C=Cc4nc5ccccc5s4)c32)ccc(-c2ccccc2)c2ccccc12,1,O=c1c(-c2cc3c(cc2-c2ccccc2)c2ccccc2c2c3ccc3[nH]nc(C=Cc4nc5ccccc5s4)c32)ccc(-c2ccccc2)c2ccccc12,0.3359749,392.6031,0.1792060,0.1792,0.5240386,3.2309,1.0000000,1.0000,[],25
33.2743,42.0709,-41.5916,0.0037446,CN(CCO)c1ccc2c3cc(S(=O)(=O)NCCO)ccc3n(C)c2c1,1,c1ccc2c(c1)[nH]c1ccccc12,0.0028703,336.4794,0.5717102,0.5717,0.6066200,2.4993,1.0000000,1.0000,[],25
40.5462,50.5868,-50.3704,0.0016905,CCCCCCCCCCCCCCCCCCN1C=CCC(COc2ccc(OC)cc2)(c2ccc(N(c3ccccc3)c3ccccc3)cc2)C1=O,1,O=C1NC=CCC1(COc1ccccc1)c1ccc(N(c2ccccc2)c2ccccc2)cc1,0.0013381,328.1766,0.0637305,0.0637,0.4859647,3.6081,1.0000000,1.0000,[],25
44.6283,54.8768,-54.8768,0.0000000,c1ccc2c(c1)-c1c(cccc1)C2=c1c2c(n(CCCC)c(=C3C=C(CC(c4ccccc4)C3)c3ccccc3)c1)cccc2,0,,0.0000000,0.0000,0.0000000,0.0000,0.0000000,0.0000,0.0000000,0.0000,None,25
54.2141,61.7690,33.4040,0.7435392,CC(C)n1c(=O)c(=Cc2c[nH]c3ccc([N+](=O)[O-])cc23)c2c(c1=Cc1ccccc1N)=CCCC=2c1ccccc1,1,O=c1[nH]c(=Cc2ccccc2)c2c(c1=Cc1c[nH]c3ccccc13)=C(c1ccccc1)CCC=2,0.7813945,413.8302,0.1999872,0.2000,0.5039065,3.4268,1.0000000,1.0000,[],25
37.6881,51.1090,-8.1956,0.3352610,C(=Cc1ccc(N(c2ccccc2)c2ccccc2)cc1)Cc1ccc(N(c2ccccc2)c2ccccc2)cc1-c1ccc(N(c2ccccc2)c2ccc(C=Cc3ccccc3N(c3ccccc3)c3ccccc3)cc2)cc1,1,C(=Cc1ccc(N(c2ccccc2)c2ccccc2)cc1)Cc1ccc(N(c2ccccc2)c2ccccc2)cc1-c1ccc(N(c2ccccc2)c2ccc(C=Cc3ccccc3N(c3ccccc3)c3ccccc3)cc2)cc1,0.3479566,393.1812,0.0794135,0.0794,0.4975916,3.4899,1.0000000,1.0000,[],25
22.6698,23.5277,-21.2674,0.0176582,O=C1Nc2ccccc2C1=Cc1ccc(Br)cc1,1,O=C1Nc2ccccc2C1=Cc1ccccc1,0.0144998,354.1926,0.7940514,0.7941,0.6804889,1.9247,1.0000000,1.0000,[],25
36.3883,41.7221,-41.3283,0.0030766,c1ccc(Oc2ccc(N(c3ccc(-c4cccc5ccccc45)cc3)c3cccc(-c4ccc5c(c4)-c4ccccc4C5)c3)cc2)cc1,1,c1ccc(Oc2ccc(N(c3ccc(-c4cccc5ccccc45)cc3)c3cccc(-c4ccc5c(c4)-c4ccccc4C5)c3)cc2)cc1,0.0024243,334.6410,0.1742967,0.1743,0.5941089,2.6035,1.0000000,1.0000,[],25
29.2193,35.1150,79.9175,0.8986912,c1ccc(-c2oc(N3c4ccccc4N(c4ccccc4)c4ccccc43)c3ccccc23)cc1,1,c1ccc(-c2oc(N3c4ccccc4N(c4ccccc4)c4ccccc43)c3ccccc23)cc1,0.9408976,430.0484,0.2672736,0.2673,0.6263672,2.3391,1.0000000,1.0000,[],25
27.8402,25.6547,-25.6542,0.0000037,CSCCCCCCCCCCCOS(N)(=O)=O,1,,0.0000020,257.4869,0.5303749,0.5304,0.6240890,2.3573,1.0000000,1.0000,[],25
30.2776,35.1223,-34.3075,0.0063656,Cc1cccc(-c2nc3sc(-c4ccccc4)c(-c4ccccc4)c3c(N)c2C#N)c1,1,c1ccc(-c2ccc3c(-c4ccccc4)c(-c4ccccc4)sc3n2)cc1,0.0050982,342.7410,0.3416806,0.3417,0.6154001,2.4274,1.0000000,1.0000,[],25
37.4342,48.1743,59.7416,0.8430933,OC(=C=C1C=CC(c2ccc(N(c3ccccc3)c3ccccc3)cc2)=C(n2c3ccccc3c3ccccc32)C=C1)c1ccccc1,1,C(=Cc1ccccc1)=C1C=CC(c2ccc(N(c3ccccc3)c3ccccc3)cc2)=C(n2c3ccccc3c3ccccc32)C=C1,0.8993698,423.7802,0.1487125,0.1487,0.5286778,3.1869,1.0000000,1.0000,[],25
50.3917,54.6398,-18.4846,0.2824620,N#Cc1nc(F)c(C#N)c2[o+]c3cc(Br)c(Br)c(N)c3cc12,1,c1ccc2[o+]c3ccncc3cc2c1,0.2806821,530.2177,0.2524726,0.2525,0.4513113,3.9780,1.0000000,1.0000,[],26
35.9519,43.8187,22.5434,0.5184536,C1=CN(c2ccccc2)c2ccccc2N1Cc1csc(-c2ccc(N(c3ccccc3)c3ccccc3)cc2)n1,1,C1=CN(c2ccccc2)c2ccccc2N1Cc1csc(-c2ccc(N(c3ccccc3)c3ccccc3)cc2)n1,0.5333333,401.4498,0.1979534,0.1980,0.5730757,2.7837,1.0000000,1.0000,[],26
28.5949,42.5008,41.2899,0.6546147,N#CC(C#N)=Cc1sc(-c2ccc(-c3ccc(-c4ccc(N(c5ccccc5)c5ccccc5)cc4)s3)s2)cc1-c1ccc(N(c2ccccc2)c2ccccc2)cc1,1,c1ccc(N(c2ccccc2)c2ccc(-c3csc(-c4ccc(-c5ccc(-c6ccc(N(c7ccccc7)c7ccccc7)cc6)s5)s4)c3)cc2)cc1,0.6934669,511.1363,0.1221276,0.1221,0.5252236,3.2197,1.0000000,1.0000,[],26
66.4513,79.8804,-59.8327,0.1566226,CCCN(CCC)c1ccc2c(c1)C(CN(Cc1ccc(N(c3ccccc3)c3ccccc3)cc1)c1ccccc1)C(c1ccc(Nc3nc4ccc(S(=O)(=O)O)cc4s3)cc1)N2c1ccccc1,1,c1ccc(N(Cc2ccc(N(c3ccccc3)c3ccccc3)cc2)CC2c3ccccc3N(c3ccccc3)C2c2ccc(Nc3nc4ccccc4s3)cc2)cc1,0.1566239,381.7209,0.0815854,0.0816,0.4164432,4.3800,1.0000000,1.0000,[],26
22.9460,31.6772,35.6163,0.5257307,C(=Cc1ccc(N(c2ccccc2)c2ccc(C=Cc3ccc(N(c4ccccc4)c4ccccc4)cc3)cc2)cc1)c1ccc(-c2ccc(N(c3ccccc3)c3ccccc3)cc2)cc1,1,C(=Cc1ccc(N(c2ccccc2)c2ccc(C=Cc3ccc(N(c4ccccc4)c4ccccc4)cc3)cc2)cc1)c1ccc(-c2ccc(N(c3ccccc3)c3ccccc3)cc2)cc1,0.5521623,402.2737,0.1008905,0.1009,0.6084445,2.4842,1.0000000,1.0000,[],26
31.3527,38.3513,-9.7502,0.2234461,O=C(C=Cc1ccccc1O)c1ccc(Nc2ccccc2Oc2ccccc2)cc1,1,O=C(C=Cc1ccccc1)c1ccc(Nc2ccccc2Oc2ccccc2)cc1,0.2173263,386.0883,0.2605104,0.2605,0.6638482,2.0485,1.0000000,1.0000,[],26
38.8441,49.3118,53.8244,0.8057515,C(=Cc1cc2ccccc2s1)c1ccc(-c2ccc(N(c3ccccc3)c3ccc4cc(C=Cc5ccc(N(c6ccccc6)c6ccccc6)cc5)sc4c3)c3ccccc23)cc1,1,C(=Cc1cc2ccccc2s1)c1ccc(-c2ccc(N(c3ccccc3)c3ccc4cc(C=Cc5ccc(N(c6ccccc6)c6ccccc6)cc5)sc4c3)c3ccccc23)cc1,0.8619620,419.8872,0.1278798,0.1279,0.5178068,3.2908,1.0000000,1.0000,[],26
27.7714,28.9291,-28.1209,0.0063135,Cc1nc2sc(C=O)cc2c(=O)n1N,1,O=c1[nH]cnc2sccc12,0.0049936,342.5147,0.5406529,0.5407,0.5491130,2.9973,1.0000000,1.0000,[],26
40.2973,51.1115,26.2847,0.6046576,C=CC1=CC=CC2=C(C1=C(C#N)C#N)N(CCCC)c1ccccc1C2=Cc1ccc(N(c2ccccc2)c2ccccc2)cc1,1,C=C1C=CC=CC2=C1Nc1ccccc1C2=Cc1ccc(N(c2ccccc2)c2ccccc2)cc1,0.6293532,514.2516,0.1904755,0.1905,0.5107789,3.3591,1.0000000,1.0000,[],26
31.8309,44.4424,-44.4424,0.0000000,Fc1ccc(C=IC#Cc2ccc(-c3ccc(N(c4ccccc4)c4ccccc4)cc3)cc2)cc1,1,C(#Cc1ccc(-c2ccc(N(c3ccccc3)c3ccccc3)cc2)cc1)I=Cc1ccccc1,0.0000000,0.0000,0.0000000,0.0000,0.0000000,0.0000,0.0000000,0.0000,['C#C'],26
58.5045,75.0901,28.7237,0.8110455,CNc1ccc2c(c1)c(C=Cc1cc(OC)c(Br)cc1C=O)c(C)n1cc(C=Cc3cccc(N)c3)nc21,1,C(=Cc1cn2cc(C=Cc3ccccc3)c3ccccc3c2n1)c1ccccc1,0.8619834,419.8892,0.1588769,0.1589,0.5181682,3.2873,1.0000000,1.0000,[],26
78.9088,101.3885,-101.3885,0.0000000,COCCOCCOCC#CC#CC#CCCCNc1ccc2ccc3c(N(c4ccccc4)c4ccccc4)ccc4nc(C=CC=Cc5cccc([N+](=O)[O-])c5)[nH]c5ccc(cc5Cl)c1c2c43,1,C(C=Cc1nc2ccc(N(c3ccccc3)c3ccccc3)c3ccc4cccc(c5ccc(cc5)[nH]1)c4c23)=Cc1ccccc1,0.0000000,0.0000,0.0000000,0.0000,0.0000000,0.0000,0.0000000,0.0000,"['[*;r{8-17}]', 'C#C']",26
54.6551,72.8531,-72.8531,0.0000000,N#CC=C(C=Cc1cc(C=Cc2ccc(N(c3ccccc3)c3ccccc3)cc2)cc2ccc(C#N)nc12)CCC1=CC#CCCC1,1,C=C(C=Cc1cc(C=Cc2ccc(N(c3ccccc3)c3ccccc3)cc2)cc2cccnc12)CCC1=CC#CCCC1,0.0000000,0.0000,0.0000000,0.0000,0.0000000,0.0000,0.0000000,0.0000,['C#C'],26
52.0900,62.8652,27.0189,0.7022196,N#CC(=Cc1ccc(N(c2ccccc2)c2ccccc2)cc1)c1ccc(-c2cnccn2)c(-c2cc(N(c3ccccc3)c3cccc4ccccc34)c3oc4ccccc4c3n2)c1,1,C(=Cc1ccc(-c2cnccn2)c(-c2cc(N(c3ccccc3)c3cccc4ccccc34)c3oc4ccccc4c3n2)c1)c1ccc(N(c2ccccc2)c2ccccc2)cc1,0.7523888,412.0668,0.1002132,0.1002,0.4911882,3.5546,1.0000000,1.0000,[],26
61.7090,89.3970,24.2491,0.8878605,CCCCCC[n+]1ccc(C=Cc2ccccc2-n2cc(-c3ccc4c(c3)C(=O)c3ccccc3-4)c3ccc4c(c32)C(=c2ccc(=CCC=Cc3ccccc3)cc2)c2ccccc2-4)cc1,1,O=C1c2ccccc2-c2ccc(-c3cn(-c4ccccc4C=Cc4cc[nH+]cc4)c4c5c(ccc34)-c3ccccc3C5=c3ccc(=CCC=Cc4ccccc4)cc3)cc21,0.9687084,482.7309,0.0888090,0.0888,0.4470764,4.0251,1.0000000,1.0000,[],26
60.7255,89.8834,9.3879,0.7755571,CCCCCCCCCCN1C(=Cc2ccc(N(c3ccccc3)c3ccc(OCCCCCCCC)c(OC)c3)s2)C(=O)N(Cc2ccc3cc(-c4ccc(N(c5ccccc5)c5ccccc5)cc4)n(-c4ccc(N(c5ccccc5)c5ccccc5)cc4)c3c2)c2ccccc21,1,O=C1C(=Cc2ccc(N(c3ccccc3)c3ccccc3)s2)Nc2ccccc2N1Cc1ccc2cc(-c3ccc(N(c4ccccc4)c4ccccc4)cc3)n(-c3ccc(N(c4ccccc4)c4ccccc4)cc3)c2c1,0.8710598,499.2585,0.0307548,0.0308,0.3949481,4.6450,1.0000000,1.0000,[],26
51.7449,71.4381,42.0898,0.8869370,CCCCOc1cccc(-c2ccc(-c3cc(-c4ccc(-c5cc(CCCC)c(C=Cc6ccc(N(c7ccccc7)c7ccccc7)cc6)s5)s4)ccn3)s2)c1[N+](=O)[O-],1,C(=Cc1ccc(-c2ccc(-c3ccnc(-c4ccc(-c5ccccc5)s4)c3)s2)s1)c1ccc(N(c2ccccc2)c2ccccc2)cc1,0.9822983,443.6057,0.0518752,0.0519,0.4904992,3.5617,1.0000000,1.0000,[],26
23.7441,23.0899,-22.9931,0.0007564,CC(=Nc1ccccc1)c1ccc(N)cc1,1,C(=Nc1ccccc1)c1ccccc1,0.0005309,318.1320,0.5983457,0.5983,0.6803129,1.9260,1.0000000,1.0000,[],26
54.5622,55.4222,62.6652,0.9225579,O=Cc1c2c(c3c(=O)cccnc3c1-c1nccc3ccccc13)-c1cccc3cccc-2c13,1,O=c1cccnc2c(-c3nccc4ccccc34)cc3c(c12)-c1cccc2cccc-3c12,0.9665132,436.5084,0.2933640,0.2934,0.5638993,2.8644,1.0000000,1.0000,[],26
29.0075,47.9812,-47.9812,0.0000000,Oc1ccc(N(c2ccc(O)cc2)c2ccc3c(c2)c2ccccc2n(-c2ccccc2)c2ccccc2n3-c2ccccc2)cc1,1,c1ccc(N(c2ccccc2)c2ccc3c(c2)c2ccccc2n(-c2ccccc2)c2ccccc2n3-c2ccccc2)cc1,0.0000000,0.0000,0.0000000,0.0000,0.0000000,0.0000,0.0000000,0.0000,['[*;r{8-17}]'],26
49.7152,75.6388,40.4819,0.9071928,CCN(CC)c1ccc2c(C=Cc3ccc(N(c4ccccc4)c4ccccc4)c(OC)c3)c(-c3nnc4nc(C=Cc5ccc6cc(N(c7ccccc7)c7ccccc7)ccc6c5)ccn34)c(=O)oc2c1,1,O=c1oc2ccccc2c(C=Cc2ccc(N(c3ccccc3)c3ccccc3)cc2)c1-c1nnc2nc(C=Cc3ccc4cc(N(c5ccccc5)c5ccccc5)ccc4c3)ccn12,0.9893439,470.8063,0.0931590,0.0932,0.4488965,4.0048,1.0000000,1.0000,[],26
40.1267,46.3569,6.3007,0.4113879,COc1ccc(-c2c(C=Cc3ccc(C=O)cc3)sc3cc(-c4c5ccccc5c(-c5ccccc5)c5ccccc45)ccc23)cc1,1,C(=Cc1sc2cc(-c3c4ccccc4c(-c4ccccc4)c4ccccc34)ccc2c1-c1ccccc1)c1ccccc1,0.4236026,396.6559,0.1305537,0.1306,0.5732735,2.7820,1.0000000,1.0000,[],26
40.9944,59.1007,24.4635,0.6528447,C[N+](C)(C)CCC[n+]1ccc(-c2cc[n+](CCCC[n+]3c(-c4ccc(N(c5ccccc5)c5ccccc5)cc4)oc(-c4ccc(N(c5ccccc5)c5ccccc5)cc4)c3-c3ccc(N(c4ccccc4)c4ccccc4)cc3)cc2)cc1,1,c1ccc(N(c2ccccc2)c2ccc(-c3oc(-c4ccc(N(c5ccccc5)c5ccccc5)cc4)[n+](CCCC[n+]4ccc(-c5cc[nH+]cc5)cc4)c3-c3ccc(N(c4ccccc4)c4ccccc4)cc3)cc2)cc1,0.7198357,410.2455,0.0384801,0.0385,0.4406089,4.0980,1.0000000,1.0000,[],26
39.8333,60.1554,48.1051,0.8457857,CC[n+]1ccc(C=Cc2ccc3c(c2)OCC(C)N3c2ccc(N(c3ccc(C)cc3)c3ccc(N(c4ccccc4)c4ccccc4)cc3)cc2Cl)cc1,1,C(=Cc1ccc2c(c1)OCCN2c1ccc(N(c2ccccc2)c2ccc(N(c3ccccc3)c3ccccc3)cc2)cc1)c1cc[nH+]cc1,0.9082357,495.1119,0.1302938,0.1303,0.4744601,3.7279,1.0000000,1.0000,[],26
38.9834,36.3114,-36.2398,0.0005597,NC(=O)c1ccc(N2CCCC(NC(=O)c3ccc(N4CCCS4(=O)=O)cc3)C2)cc1,1,O=C(NC1CCCN(c2ccccc2)C1)c1ccc(N2CCCS2(=O)=O)cc1,0.0003857,314.6596,0.7322036,0.7322,0.5715984,2.7966,1.0000000,1.0000,[],26
30.2196,44.4849,70.9101,0.9015237,C(=Cc1c2ccccc2n2ccc(N(c3ccccc3)c3ccccc3)nc12)c1ccc2cc(N(c3ccccc3)c3ccccc3)ccc2c1,1,C(=Cc1c2ccccc2n2ccc(N(c3ccccc3)c3ccccc3)nc12)c1ccc2cc(N(c3ccccc3)c3ccccc3)ccc2c1,0.9615385,434.9485,0.1629006,0.1629,0.5496131,2.9927,1.0000000,1.0000,[],26
44.0553,52.7483,49.1895,0.7963887,Cn1c2ccc(-n3c4ccccc4c4ccccc43)cc2c2cc3nc(-c4ccc(-c5ccccc5)cc4)c(-c4cccc(C(F)(F)F)c4)nc3cc21,1,c1ccc(-c2ccc(-c3nc4cc5c(cc4nc3-c3ccccc3)[nH]c3ccc(-n4c6ccccc6c6ccccc64)cc35)cc2)cc1,0.8404424,418.0398,0.1838234,0.1838,0.5565754,2.9298,1.0000000,1.0000,[],26
22.2772,39.2382,51.3219,0.7075009,CCCC[n+]1ccc(C=Cc2ccc(-c3ccc(-c4ccc(N(c5ccccc5)c5ccccc5)cc4)s3)o2)cc1,1,C(=Cc1ccc(-c2ccc(-c3ccc(N(c4ccccc4)c4ccccc4)cc3)s2)o1)c1cc[nH+]cc1,0.7454538,508.3336,0.1572907,0.1573,0.5640426,2.8631,1.0000000,1.0000,[],26
53.6382,62.9554,-62.9554,0.0000000,o1c2cccc(N(c3cc4c5c(c(ccc5ccc4)N(c4ccccc4)c4ccccc4)c4ccccc34)c3ccc4c5c(N(c6ccccc6-c3cc4)c3ccccc3)cc5)c2ccc1,0,,0.0000000,0.0000,0.0000000,0.0000,0.0000000,0.0000,0.0000000,0.0000,None,26
41.0793,46.7610,-46.7610,0.0000000,c12c3c4cccc(-c5cccc(-c6ccccc6)c5)c4cc2c(cc(-c2ccc4c(c2)cccc4)c1ccc3)-c1c2ccccc2ccc1,0,,0.0000000,0.0000,0.0000000,0.0000,0.0000000,0.0000,0.0000000,0.0000,None,26
35.6920,46.7763,-28.1768,0.1453084,C(=Cc1c(-c2ccccc2)oc2cc(N(c3ccccc3)c3ccccc3)ccc12)c1ccc(-n2c3ccccc3c3cnccc32)cc1,1,C(=Cc1c(-c2ccccc2)oc2cc(N(c3ccccc3)c3ccccc3)ccc12)c1ccc(-n2c3ccccc3c3cnccc32)cc1,0.1403710,380.3242,0.1758857,0.1759,0.5636570,2.8665,1.0000000,1.0000,[],26
27.5886,48.6358,-48.6358,0.0000000,c1c(Oc2ccc(cc2)N(c2ccccc2)c2ccccc2)ccc(-c2c3-c(cc(=[N+](c4ccccc4)c4ccccc4)cc3)c(-c3ccccc3)cc2)c1,0,,0.0000000,0.0000,0.0000000,0.0000,0.0000000,0.0000,0.0000000,0.0000,None,26
33.1437,39.9928,-27.2773,0.0993393,CCCOc1ccc2nc(N3CCCCCC3)c(N)c(-c3ccc(OC)cc3)c2c1,1,c1ccc(-c2cc(N3CCCCCC3)nc3ccccc23)cc1,0.0903919,374.9319,0.5731145,0.5731,0.6346537,2.2734,1.0000000,1.0000,[],26
35.4361,35.7705,87.6394,0.9641395,CCC(CC)N(C)c1ccc(N=CC=O)c(Cl)c1,1,c1ccccc1,0.9917645,467.9820,0.5784209,0.5784,0.5422776,3.0599,1.0000000,1.0000,[],26
43.0843,59.8672,58.0774,0.9214422,O=C(Nc1sc2cc(-c3ccc(N(c4ccccc4)c4ccccc4)s3)sc2c1N(c1ccccc1)c1ccc(-c2ccc(N(c3ccccc3)c3ccccc3)cc2)cc1)c1ccns1,1,O=C(Nc1sc2cc(-c3ccc(N(c4ccccc4)c4ccccc4)s3)sc2c1N(c1ccccc1)c1ccc(-c2ccc(N(c3ccccc3)c3ccccc3)cc2)cc1)c1ccns1,0.9949962,457.4630,0.1248479,0.1248,0.4811899,3.6575,1.0000000,1.0000,[],26
31.6563,38.8871,56.8654,0.7480663,Nc1c(-c2ccccc2)c2c3c(cccc3c1[SH](=O)=O)-c1ccccc1-2,1,c1ccc(-c2ccc3cccc4c3c2-c2ccccc2-4)cc1,0.7701221,413.1266,0.3553351,0.3553,0.5747375,2.7692,1.0000000,1.0000,[],26
58.7338,70.6565,46.0489,0.9117616,COc1cc(N=Nc2ccc(N3CCCCC3)cc2N)cc(N)c1C=CCNC(=O)c1ccc(N(c2ccc(C)cc2)c2cccc(C)c2)cc1,1,O=C(NCC=Cc1ccc(N=Nc2ccc(N3CCCCC3)cc2)cc1)c1ccc(N(c2ccccc2)c2ccccc2)cc1,0.9911053,468.8253,0.0943950,0.0944,0.5199358,3.2702,1.0000000,1.0000,[],26
20.9101,34.4617,76.5623,0.8673745,FC(F)(F)c1ccc(-c2ccc(-c3ccc(C=Cc4ccc(N(c5ccccc5)c5ccccc5)cc4)s3)s2)cc1,1,C(=Cc1ccc(-c2ccc(-c3ccccc3)s2)s1)c1ccc(N(c2ccccc2)c2ccccc2)cc1,0.9186868,426.3252,0.1818139,0.1818,0.5894359,2.6429,1.0000000,1.0000,[],26
41.1592,41.6479,-38.5702,0.0240446,COc1nncc2cc(C3=NS(=O)(=O)c4ccc(C)cc4N3)sc12,1,O=S1(=O)N=C(c2cc3cnncc3s2)Nc2ccccc21,0.0202144,357.8632,0.7548229,0.7548,0.5190839,3.2784,1.0000000,1.0000,[],26
40.8447,45.2519,-45.2519,0.0000000,CC(C)(c1c(O)c2c(cc3nnc(-c4ccc(CCCCCC)cc4)cc3o2)cc1)C,0,,0.0000000,0.0000,0.0000000,0.0000,0.0000000,0.0000,0.0000000,0.0000,None,26
20.8363,33.8451,-3.6400,0.2359779,C(=Cc1ccc(N(c2ccccc2)c2ccccc2)cc1)c1ccc(-c2cnc(-c3ccc(N(c4ccccc4)c4ccccc4)cc3)o2)cc1,1,C(=Cc1ccc(N(c2ccccc2)c2ccccc2)cc1)c1ccc(-c2cnc(-c3ccc(N(c4ccccc4)c4ccccc4)cc3)o2)cc1,0.2353436,387.2059,0.1370446,0.1370,0.6059154,2.5051,1.0000000,1.0000,[],26
37.0579,40.6783,-40.6783,0.0000000,c1cccc2c1cc1c(cn(-c3ccccc3)c1c1c3nccnc3ccc12)O,0,,0.0000000,0.0000,0.0000000,0.0000,0.0000000,0.0000,0.0000000,0.0000,None,26
32.5637,30.0961,-30.0961,0.0000000,N#CC(=Cc1cc(Cl)ccc1Cl)C(=O)CC(=O)O,1,c1ccccc1,0.0000000,0.0000,0.0000000,0.0000,0.0000000,0.0000,0.0000000,0.0000,"['C(=[O,S])[O,S]']",26
41.8502,52.0309,64.3300,0.9090700,CCCCn1c2ccccc2c2cc(N(c3ccc(-c4ccc(C=Cc5cc6ccc(C=C(c7ccccc7)c7ccccc7)cc6s5)s4)cc3)c3cccc4ccccc34)ccc21,1,C(=Cc1cc2ccc(C=C(c3ccccc3)c3ccccc3)cc2s1)c1ccc(-c2ccc(N(c3ccc4[nH]c5ccccc5c4c3)c3cccc4ccccc34)cc2)s1,0.9838333,444.6075,0.1111519,0.1112,0.4979878,3.4859,1.0000000,1.0000,[],26
37.1405,59.4357,-59.4357,0.0000000,c1c2c(c3cc(-c4ccc(N(c5ccccc5)c5ccccc5)cc4)ccc3c(c2cc2c(N(c3ccccc3)c3ccccc3S2)c1)C#N)-c1c2ccc(N(c3ccccc3)c3ccccc3)cc2ccc1,0,,0.0000000,0.0000,0.0000000,0.0000,0.0000000,0.0000,0.0000000,0.0000,None,26
52.4965,63.6361,-63.6361,0.0000000,COc1cc2c(c(C#N)c1Cl)CCc1c(cc(Cl)c3ccc(N(c4ccccc4)c4ccccc4)cc13)CC2,1,c1ccc(N(c2ccccc2)c2ccc3ccc4c(c3c2)CCc2ccccc2CC4)cc1,0.0000000,0.0000,0.0000000,0.0000,0.0000000,0.0000,0.0000000,0.0000,['[*;r{8-17}]'],26
25.4486,37.6568,-36.7486,0.0070954,OC1c2cc(N(c3ccccc3)c3ccccc3)ccc2C(c2ccccc2)(c2ccc(N(c3ccccc3)c3ccccc3)cc2)c2cc(N(c3ccccc3)c3ccccc3)ccc21,1,c1ccc(N(c2ccccc2)c2ccc(C3(c4ccccc4)c4ccc(N(c5ccccc5)c5ccccc5)cc4Cc4ccc(N(c5ccccc5)c5ccccc5)cc43)cc2)cc1,0.0059098,344.3537,0.1404204,0.1404,0.4764321,3.7072,1.0000000,1.0000,[],26
34.1187,39.3926,-12.9734,0.2064002,Cc1ccc(-c2ccc(-c3ccc(-c4ccc(N(c5ccccc5)c5ccc(-c6ccc7ccccc7c6)cc5)cc4)s3)cc2)cc1,1,c1ccc(-c2ccc(-c3ccc(-c4ccc(N(c5ccccc5)c5ccc(-c6ccc7ccccc7c6)cc5)cc4)s3)cc2)cc1,0.2027936,385.1371,0.1715253,0.1715,0.6294209,2.3148,1.0000000,1.0000,[],26
81.6335,103.1557,-103.1441,0.0000909,O=C(CCCCCCCCCCC[n+]1ccccc1C=Cc1ccc(-[n+]2c(C=CC3=C(c4ccc(S(=O)(=O)O)cc4)N(c4ccccc4)CC3)c(-c3ccccc3)c(-c3ccccc3)c3cc(N(c4ccccc4)c4ccccc4)ccc32)cc1)c1ccc2cc(O)ccc2c1,1,O=C(CCCCCCCCCCC[n+]1ccccc1C=Cc1ccc(-[n+]2c(C=CC3=C(c4ccccc4)N(c4ccccc4)CC3)c(-c3ccccc3)c(-c3ccccc3)c3cc(N(c4ccccc4)c4ccccc4)ccc32)cc1)c1ccc2ccccc2c1,0.0000640,624.8494,0.0240741,0.0241,0.3768314,4.8798,1.0000000,1.0000,[],26
36.2721,41.1699,-38.8134,0.0184101,N=NC1CCC(c2cccc3c(O)c(N)c(=O)oc23)CC1,1,O=c1ccc2cccc(C3CCCCC3)c2o1,0.0153792,354.8416,0.5812672,0.5813,0.5333505,3.1429,1.0000000,1.0000,[],26
40.7790,62.8403,-41.5752,0.1661335,N#Cc1cc2c(cc1-c1ccc3c(ccc4c(N(c5ccccc5)c5ccccc5)ccc(-c5ccccc5C=Cc5ccc(N(c6ccccc6)c6ccccc6)cc5)c43)c1)OCO2,1,C(=Cc1ccccc1-c1ccc(N(c2ccccc2)c2ccccc2)c2ccc3cc(-c4ccc5c(c4)OCO5)ccc3c12)c1ccc(N(c2ccccc2)c2ccccc2)cc1,0.1648512,382.3832,0.1014406,0.1014,0.5031084,3.4347,1.0000000,1.0000,[],26
26.5995,38.1860,-38.1860,0.0000000,c1cc2nc3-c(cc(=Nc4cccc(N(c5ccccc5)c5ccccc5)c4)cc3)cc2cc1,0,,0.0000000,0.0000,0.0000000,0.0000,0.0000000,0.0000,0.0000000,0.0000,None,26
26.3039,36.3642,-35.7291,0.0049617,CCCCCCCCC1(CCCCCC)c2ccccc2-c2ccc(N(c3ccccc3)c3ccncc3)cc21,1,c1ccc(N(c2ccncc2)c2ccc3c(c2)Cc2ccccc2-3)cc1,0.0040437,340.2133,0.1420669,0.1421,0.5385354,3.0945,1.0000000,1.0000,[],26
21.0217,26.7122,-23.6719,0.0237528,COc1ccc2oc3ccccc3c(=N)c2c1,1,N=c1c2ccccc2oc2ccccc12,0.0199674,357.7270,0.6467387,0.6467,0.6373256,2.2524,1.0000000,1.0000,[],26
44.4664,50.6031,-25.4349,0.1966263,Nc1ccc(Sc2c3cc(N)ccc3[o+]c3cc(O)c(O)cc23)c(-c2ccc(O)cc2)c1,1,c1ccc(-c2ccccc2Sc2c3ccccc3[o+]c3ccccc23)cc1,0.1967024,535.2767,0.1007256,0.1007,0.5265281,3.2073,1.0000000,1.0000,[],26
60.7258,74.2701,-74.2701,0.0000000,c1c(cccc1)N1c2c(B3c4ccc(N(c5ccccc5)c5ccccc5)cc4CCC31c1cccc(c1)-c1c3c(c(O)c4ccccc4c1O)ccc(N(c1ccccc1)c1ccccc1)c3)ccc1c2cccc1,0,,0.0000000,0.0000,0.0000000,0.0000,0.0000000,0.0000,0.0000000,0.0000,None,26
18.4310,21.7397,18.3506,0.3132062,Nc1ccc2oc3ccccc3c(=O)c2c1,1,O=c1c2ccccc2oc2ccccc12,0.3043751,391.0258,0.4588690,0.4589,0.6871538,1.8760,1.0000000,1.0000,[],26
54.5384,66.0636,-66.0483,0.0001194,CN1C(=CC=C2C=C(c3ccc(N(c4ccc(-c5ccccc5)cc4)C4CCCCC4)cc3)c3cc(-c4cc[n+](C)cc4)ccc3N2CCO)Sc2ccccc21,1,C(C=C1Nc2ccccc2S1)=C1C=C(c2ccc(N(c3ccc(-c4ccccc4)cc3)C3CCCCC3)cc2)c2cc(-c3cc[nH+]cc3)ccc2N1,0.0000800,622.4138,0.1482984,0.1483,0.4848166,3.6199,1.0000000,1.0000,[],26
26.2657,39.5185,-39.5185,0.0000000,c1(c(Nc2ccccc2)ccc(-c2ccc(-c3ccc(N(c4ccccc4)c4ccccc4)cc3)cc2)cc1)C=Cc1ccc(N(c2ccccc2)c2ccccc2)cc1,0,,0.0000000,0.0000,0.0000000,0.0000,0.0000000,0.0000,0.0000000,0.0000,None,26
37.5494,38.3166,-38.3166,0.0000000,O=C(NN=Cc1ccc(N2CCCC2)cc1)c1ccnc(NCCCO)c1,1,O=C(NN=Cc1ccc(N2CCCC2)cc1)c1ccncc1,0.0000000,0.0000,0.0000000,0.0000,0.0000000,0.0000,0.0000000,0.0000,['[#7;!n][#7;!n]'],26
32.8817,42.8935,40.8653,0.6543649,CCCC[n+]1ccn(CCC[n+]2ccc(C=C(CC)C[n+]3ccc(CC)cc3)cc2)c1,1,C(=Cc1cc[n+](CCCn2cc[nH+]c2)cc1)C[n+]1ccccc1,0.6690934,407.6445,0.3894792,0.3895,0.4950548,3.5154,1.0000000,1.0000,[],26
36.9099,57.4378,-33.5955,0.1862681,CCCCCCCCc1ccc(N(c2ccc(C=Cc3cc[n+](CCCCCCCC)cc3)cc2)c2ccc(C=c3ccc(=C(c4ccccc4)c4ccc(-c5ccccc5)s4)s3)s2)cc1,1,C(=Cc1ccc(N(c2ccccc2)c2ccc(C=c3ccc(=C(c4ccccc4)c4ccc(-c5ccccc5)s4)s3)s2)cc1)c1cc[nH+]cc1,0.1910707,535.6679,0.0457997,0.0458,0.4559456,3.9269,1.0000000,1.0000,[],26
67.2493,84.7661,8.1518,0.7259212,CC1(C)CC(N(c2ccccc2)C(C=Cc2ccc3c(c2)N(c2ccccc2)c2ccccc2N3c2ccccc2)c2ccccc2)CC(=O)N1c1ccc(N2c3ccccc3Sc3ccc4ccccc4c32)cc1,1,O=C1CC(N(c2ccccc2)C(C=Cc2ccc3c(c2)N(c2ccccc2)c2ccccc2N3c2ccccc2)c2ccccc2)CCN1c1ccc(N2c3ccccc3Sc3ccc4ccccc4c32)cc1,0.7755005,413.4592,0.1357930,0.1358,0.3890541,4.7202,1.0000000,1.0000,[],26
18.4082,24.5908,-24.1144,0.0037224,C[n+]1ccc(-c2cc[n+](O)cc2)cc1,1,c1cc(-c2cc[nH+]cc2)cc[nH+]1,0.0028690,336.4745,0.5176388,0.5176,0.5343231,3.1338,1.0000000,1.0000,[],26
26.8967,42.5633,-3.4133,0.3058592,O=C(C=Cc1ccc(N(c2ccccc2)c2ccccc2)cc1)Nc1cccc(N2c3ccccc3C=Cc3ccccc32)c1,1,O=C(C=Cc1ccc(N(c2ccccc2)c2ccccc2)cc1)Nc1cccc(N2c3ccccc3C=Cc3ccccc32)c1,0.3062673,391.1227,0.1902388,0.1902,0.5852665,2.6784,1.0000000,1.0000,[],27
59.0630,75.4660,-63.5561,0.0930455,CCNC(C)c1ccc(-c2c(C=Cc3ccc(C(F)(F)F)cc3)cc(-c3ccc(N(c4ccccc4)c4ccc(O)cc4)cc3)c3ccccc23)c(C)c1O,1,C(=Cc1cc(-c2ccc(N(c3ccccc3)c3ccccc3)cc2)c2ccccc2c1-c1ccccc1)c1ccccc1,0.0890960,374.7596,0.1225025,0.1225,0.4833820,3.6347,1.0000000,1.0000,[],27
47.9460,60.8547,-60.8547,0.0000000,c1c(c2ccc3cccc4c2c(C(=O)C3=O)c1OC4=O)-c1ccc(cc1)N(c1ccc(OC)cc1)c1ccc(-c2ccc(N(c3ccccc3)c3ccccc3)cc2)cc1,0,,0.0000000,0.0000,0.0000000,0.0000,0.0000000,0.0000,0.0000000,0.0000,None,27
45.6637,65.8125,42.1728,0.8436351,N#CC(C#N)=Cc1ccc(C=Cc2ccc(N(c3ccc4c(c3)Cc3ccccc3-4)c3ccc4cc(N(c5ccccc5)c5ccc(C=Cc6ccc(C=C(c7cccs7)c7cccs7)s6)cc5)ccc4c3)cc2)s1,1,C(=Cc1ccc(C=C(c2cccs2)c2cccs2)s1)c1ccc(N(c2ccccc2)c2ccc3cc(N(c4ccc(C=Cc5cccs5)cc4)c4ccc5c(c4)Cc4ccccc4-5)ccc3c2)cc1,0.9145365,494.2645,0.1018708,0.1019,0.4351190,4.1607,1.0000000,1.0000,[],27
34.1115,39.2416,-39.2416,0.0000000,C=C(C)C(=O)Oc1ccc(N2C(=O)C(=Cc3cccs3)c3ccccc32)cc1,1,O=C1C(=Cc2cccs2)c2ccccc2N1c1ccccc1,0.0000000,0.0000,0.0000000,0.0000,0.0000000,0.0000,0.0000000,0.0000,"['C(=[O,S])[O,S]']",27
28.2651,34.0656,-34.0656,0.0000000,c1c2cnc(-c3ccccc3O)c(=N)o2ccc1,0,,0.0000000,0.0000,0.0000000,0.0000,0.0000000,0.0000,0.0000000,0.0000,None,27
29.9524,37.2324,-37.2324,0.0000000,O=CC(=NNc1nc(-c2ccccc2)cs1)c1ccc(-c2ccccc2)s1,1,C(=NNc1nc(-c2ccccc2)cs1)c1ccc(-c2ccccc2)s1,0.0000000,0.0000,0.0000000,0.0000,0.0000000,0.0000,0.0000000,0.0000,['[#7;!n][#7;!n]'],27
34.8012,45.0966,76.7763,0.9521322,Clc1cccc(C=CC2=CC(=CC=Cc3ccc4c(c3)OCO4)c3ccccc3C=C2)c1,1,C(=Cc1ccc2c(c1)OCO2)C=C1C=C(C=Cc2ccccc2)C=Cc2ccccc21,0.9883562,448.2205,0.4144653,0.4145,0.5626526,2.8755,1.0000000,1.0000,[],27
55.2873,72.8759,-72.8759,0.0000000,CC1(c2cc(-c3ccc(cc3)-c3n(c(c4c3ccs4)=O)C)c(cc2C=CC1=[N+]=[N-])C=Cc1sc(C=Cc2ccc(cc2)N(c2ccccc2)c2ccccc2)cc1)C,0,,0.0000000,0.0000,0.0000000,0.0000,0.0000000,0.0000,0.0000000,0.0000,None,27
40.0152,60.1393,53.8634,0.8906462,N#CC(C=Cc1cccc(N2CCc3cc(N(c4ccccc4)c4ccccc4)ccc32)c1C=Cc1ccc(N(c2ccccc2)c2ccccc2)cc1)=Cc1ccc(-c2ccc(N(c3ccccc3)c3ccccc3)cc2)s1,1,C(C=Cc1cccc(N2CCc3cc(N(c4ccccc4)c4ccccc4)ccc32)c1C=Cc1ccc(N(c2ccccc2)c2ccccc2)cc1)=Cc1ccc(-c2ccc(N(c3ccccc3)c3ccccc3)cc2)s1,0.9867076,446.7646,0.0547567,0.0548,0.4504552,3.9875,1.0000000,1.0000,[],27
54.4993,70.4525,46.9495,0.9172034,CCCCC1c2ccccc2-c2cc(-c3ccc(-c4ccc(N(c5ccccc5)c5ccccc5)cc4)cc3)ccc2N1C(=CC=C1Cc2ccccc2N1CCCC)c1ccc(O)cc1,1,C(C=C(c1ccccc1)N1Cc2ccccc2-c2cc(-c3ccc(-c4ccc(N(c5ccccc5)c5ccccc5)cc4)cc3)ccc21)=C1Cc2ccccc2N1,0.9937313,464.9977,0.1179799,0.1180,0.4418692,4.0837,1.0000000,1.0000,[],27
35.9934,56.1724,62.4679,0.9268772,N=c1ccc2c(-c3ccc(N(c4ccccc4)c4ccc5nc(C=Cc6ccc(N(c7ccccc7)c7ccccc7)cc6)sc5c4)cc3)c3ccc(F)cc3oc-2c1,1,N=c1ccc2c(-c3ccc(N(c4ccccc4)c4ccc5nc(C=Cc6ccc(N(c7ccccc7)c7ccccc7)cc6)sc5c4)cc3)c3ccccc3oc-2c1,0.9945664,456.5638,0.1481897,0.1482,0.5096565,3.3701,1.0000000,1.0000,[],27
50.4048,59.1572,-29.7656,0.2296221,Cc1ccc2c(N(c3ccc(-c4ccc(C=Cc5nnc(-c6nc7ccccc7s6)o5)cc4)cc3)c3cccc4ccccc34)cccc2c1,1,C(=Cc1nnc(-c2nc3ccccc3s2)o1)c1ccc(-c2ccc(N(c3cccc4ccccc34)c3cccc4ccccc34)cc2)cc1,0.2275930,386.7328,0.1699617,0.1700,0.5496817,2.9921,1.0000000,1.0000,[],27
42.3893,54.1795,17.4736,0.5597900,CC1=C(C(=CC=Cc2ccc(N(c3ccccc3)c3ccccn3)cc2)c2ccc(-c3ccccn3)cc2)Cc2ccccc21,1,C(=Cc1ccc(N(c2ccccc2)c2ccccn2)cc1)C=C(C1=Cc2ccccc2C1)c1ccc(-c2ccccn2)cc1,0.5816018,403.5759,0.1679919,0.1680,0.5541167,2.9519,1.0000000,1.0000,[],27
19.1744,29.1179,10.9591,0.3131013,C(=Cc1ccc(N(c2ccccc2)c2ccc(-c3ccccc3)cc2)cc1)c1ccc(-c2ccc(N(c3ccccc3)c3ccccc3)cc2)cc1,1,C(=Cc1ccc(N(c2ccccc2)c2ccc(-c3ccccc3)cc2)cc1)c1ccc(-c2ccc(N(c3ccccc3)c3ccccc3)cc2)cc1,0.3165770,391.6447,0.1340655,0.1341,0.6614475,2.0666,1.0000000,1.0000,[],27
70.3457,79.3003,-79.3003,0.0000000,c12c(c3c(ccc(c3)N(c3ccccc3)c3ccccc3)c3c2c(ccc3N(C=C(c2ccccc2)C#N)C2C=CC=CC2=C(c2ccccc2)c2ccccc2)C#N)nc(C(C)C)c(c1oc1ccccc1)c1ccccc1,0,,0.0000000,0.0000,0.0000000,0.0000,0.0000000,0.0000,0.0000000,0.0000,None,27
58.9924,66.6313,49.7411,0.9091592,CCCCc1cc2c(-[n+]3ccc(-c4ccc5c(c4)c4ccc(C#N)c(C)c4n5C)cc3)cccc2c[n+]1C,1,c1cc(-[n+]2ccc(-c3ccc4[nH]c5ccccc5c4c3)cc2)c2cc[nH+]cc2c1,0.9597870,434.4452,0.2425443,0.2425,0.5029247,3.4366,1.0000000,1.0000,[],27
41.8445,53.9579,-1.3823,0.4107468,OC1=C2C(=CCc3cc(-c4ccc(N(c5ccccc5)c5ccccc5)cc4)ccc32)C(c2ccccc2)=CN1c1ccccc1,1,C1=C2C(c3ccccc3)=CN(c3ccccc3)C=C2c2ccc(-c3ccc(N(c4ccccc4)c4ccccc4)cc3)cc2C1,0.4170535,396.3641,0.2083920,0.2084,0.5511661,2.9786,1.0000000,1.0000,[],27
26.7522,33.7927,-25.6038,0.0639758,c1ccc(-c2ccc(N(c3ccc(-c4ccc(N(c5ccccc5)c5ccccc5)cc4)cc3)c3ccc(N(c4ccccc4)c4ccc5sc6ccccc6c5c4)cc3)cc2)cc1,1,c1ccc(-c2ccc(N(c3ccc(-c4ccc(N(c5ccccc5)c5ccccc5)cc4)cc3)c3ccc(N(c4ccccc4)c4ccc5sc6ccccc6c5c4)cc3)cc2)cc1,0.0597288,370.0733,0.1284812,0.1285,0.5871938,2.6620,1.0000000,1.0000,[],27
29.2014,36.7757,-18.3780,0.1437319,c1ccc(N(c2ccccc2)c2ccc(-c3ccc(N(c4ccccn4)c4ccc(-c5ccc(N(c6ccccc6)c6ccccc6)cc5)s4)cc3)cc2)cc1,1,c1ccc(N(c2ccccc2)c2ccc(-c3ccc(N(c4ccccn4)c4ccc(-c5ccc(N(c6ccccc6)c6ccccc6)cc5)s4)cc3)cc2)cc1,0.1399499,380.2862,0.1317599,0.1318,0.5811325,2.7139,1.0000000,1.0000,[],27
35.0820,32.8090,-32.8090,0.0000000,O=C(O)C(O)(CO)c1c(O)ccc(Cl)c1Cl,1,c1ccccc1,0.0000000,0.0000,0.0000000,0.0000,0.0000000,0.0000,0.0000000,0.0000,"['C(=[O,S])[O,S]']",27
30.2173,44.5410,73.6349,0.9232493,N=C1c2ccccc2C(=O)c2c(-c3ccccc3)cc(Nc3ccc(N(c4ccccc4)c4ccccc4)cc3)c(-c3ccccc3)c21,1,N=C1c2ccccc2C(=O)c2c(-c3ccccc3)cc(Nc3ccc(N(c4ccccc4)c4ccccc4)cc3)c(-c3ccccc3)c21,0.9805465,442.5617,0.1870511,0.1871,0.5797901,2.7254,1.0000000,1.0000,[],27
38.6236,44.0726,-44.0726,0.0000000,c1c(ccc(c1)-c1[nH]n2c(=O)c3c4c(ccc(c4)C=O)c4ccccc4n3c2c1)OC,0,,0.0000000,0.0000,0.0000000,0.0000,0.0000000,0.0000,0.0000000,0.0000,None,27
56.2779,73.3988,-73.3988,0.0000000,CCCCCCCCN(c1ccc(C=Cc2ccc(C#Cc3ccc4c(Nc5ccc(S(=O)(=O)NCc6ccccc6C)cc5)ccnc4c3)cc2)cc1)c1ccc(OC)cc1,1,O=S(=O)(NCc1ccccc1)c1ccc(Nc2ccnc3cc(C#Cc4ccc(C=Cc5ccc(Nc6ccccc6)cc5)cc4)ccc23)cc1,0.0000000,0.0000,0.0000000,0.0000,0.0000000,0.0000,0.0000000,0.0000,['C#C'],27
30.0534,42.3229,73.0548,0.9013884,C(=Nc1ccc(C=Nc2ccc(N=Cc3ccc(N(c4ccccc4)c4ccccc4)cc3)c3ccccc23)cc1)c1ccc(N(c2ccccc2)c2ccccc2)cc1,1,C(=Nc1ccc(C=Nc2ccc(N=Cc3ccc(N(c4ccccc4)c4ccccc4)cc3)c3ccccc23)cc1)c1ccc(N(c2ccccc2)c2ccccc2)cc1,0.9710497,438.1397,0.1161216,0.1161,0.5678843,2.8292,1.0000000,1.0000,[],27
32.4492,43.8386,26.3335,0.5482194,CCCCOc1ccc(N(c2ccc(OC)cc2)c2ccc(-c3ccc(C(C#N)=Cc4ccc(OC)cc4)cc3)cc2)cc1,1,C(=Cc1ccc(-c2ccc(N(c3ccccc3)c3ccccc3)cc2)cc1)c1ccccc1,0.5805351,403.5283,0.0834827,0.0835,0.6074018,2.4928,1.0000000,1.0000,[],27
49.7294,61.6144,-61.6144,0.0000000,c1c(OC)cc(-c2c3c(c(c(c4c5nc6ccccc6n5c(-c5ccccc5)c3-c3ccc(cc3)OC)O4)-c3ccccc3)ccc2)cc1OC,0,,0.0000000,0.0000,0.0000000,0.0000,0.0000000,0.0000,0.0000000,0.0000,None,27
26.4173,38.9260,-32.3046,0.0517293,N=c1oc2c(Br)cccc2c2ccc(N(c3ccccc3)c3ccccc3)cc12,1,N=c1oc2ccccc2c2ccc(N(c3ccccc3)c3ccccc3)cc12,0.0464656,367.1949,0.2986343,0.2986,0.6100298,2.4712,1.0000000,1.0000,[],27
49.8229,69.6585,-62.8656,0.0530697,CCCCc1[o+]c2cc(N(c3ccccc3)c3ccccc3)ccc2cc1C=Cc1ccc(Br)cc1C=C1SC(=Nc2ccc(OC)cc2)N(CC)C1=O,1,O=C1NC(=Nc2ccccc2)SC1=Cc1ccccc1C=Cc1c[o+]c2cc(N(c3ccccc3)c3ccccc3)ccc2c1,0.0497838,552.0184,0.0911972,0.0912,0.4905608,3.5610,1.0000000,1.0000,[],27
47.5809,63.9223,54.6624,0.9264433,C[n+]1ccc(C=Cc2ccc(C=Cc3cccc4nsnc34)c(-n3nc4nc5ccccc5nc4c3-c3ccccc3)c2)cc1,1,C(=Cc1ccc(C=Cc2cccc3nsnc23)c(-n2nc3nc4ccccc4nc3c2-c2ccccc2)c1)c1cc[nH+]cc1,0.9950003,462.5281,0.1438230,0.1438,0.5100315,3.3664,1.0000000,1.0000,[],27
47.9549,63.9189,-63.9189,0.0000000,Oc1ccccc1C=NN=Cc1ccc(-c2c3ccc(N(c4ccccc4)c4ccccc4)cc3c(I)c3c(N(c4ccccc4)c4ccccc4)cccc23)[nH]1,1,C(=NN=Cc1ccc(-c2c3ccc(N(c4ccccc4)c4ccccc4)cc3cc3c(N(c4ccccc4)c4ccccc4)cccc23)[nH]1)c1ccccc1,0.0000000,0.0000,0.0000000,0.0000,0.0000000,0.0000,0.0000000,0.0000,['[#7;!n][#7;!n]'],27
46.3047,63.7819,-13.2134,0.3950661,COc1ccc(N(c2ccccc2)c2ccc(-c3cc(-c4ccc(-c5ccc(N(c6ccc(N(c7ccccc7)c7ccccc7)cc6)c6ccc(N(c7ccc(OC)cc7)c7ccc(OC)cc7)cc6-c6ccccc6)cc5)s4)cs3)cc2)cc1,1,c1ccc(-c2cc(N(c3ccccc3)c3ccccc3)ccc2N(c2ccc(-c3ccc(-c4csc(-c5ccc(N(c6ccccc6)c6ccccc6)cc5)c4)s3)cc2)c2ccc(N(c3ccccc3)c3ccccc3)cc2)cc1,0.4138725,396.2219,0.0798950,0.0799,0.4770290,3.7009,1.0000000,1.0000,[],27
52.4334,62.1504,-62.1504,0.0000000,c1cc(-c2c3c(cc(c4c5c(ccc6c5cccc6)ccc24)N(c2ccccc2)c2ccccc2)C(C)(C)c2c-3cccc2)c2nsnc2c1-c1ccc(cc1)N(c1ccccc1)c1ccccc1,0,,0.0000000,0.0000,0.0000000,0.0000,0.0000000,0.0000,0.0000000,0.0000,None,27
20.3101,30.0363,-15.7763,0.1114063,c1ccc(N(c2ccccc2)c2ccc(-c3ccc(-c4ccc(-n5c6ccccc6c6ccccc65)cc4)s3)cc2)cc1,1,c1ccc(N(c2ccccc2)c2ccc(-c3ccc(-c4ccc(-n5c6ccccc6c6ccccc65)cc4)s3)cc2)cc1,0.1055369,376.7961,0.1936423,0.1936,0.6357493,2.2648,1.0000000,1.0000,[],27
39.0222,51.1489,-51.1489,0.0000000,c1[nH]c2c(cccc2)c1C=Cc1nc2ccc(cc2nc1O)=Cc1cc[n+](C)cc1,0,,0.0000000,0.0000,0.0000000,0.0000,0.0000000,0.0000,0.0000000,0.0000,None,27
48.0629,49.8626,-49.8626,0.0000000,C(C(=O)OC)(Oc1cc2c(c3c(c4c(c2cc1)cccc4)cc(cc3)O)Br)=O,0,,0.0000000,0.0000,0.0000000,0.0000,0.0000000,0.0000,0.0000000,0.0000,None,27
26.3179,43.3619,-43.3619,0.0000000,N#CC(C#N)=C1c2cc(C#Cc3ccc(C(=N)N)cc3)ccc2-c2ccc(N(c3ccccc3)c3ccccc3)cc21,1,C=C1c2cc(C#Cc3ccccc3)ccc2-c2ccc(N(c3ccccc3)c3ccccc3)cc21,0.0000000,0.0000,0.0000000,0.0000,0.0000000,0.0000,0.0000000,0.0000,['C#C'],27
34.2320,44.1254,73.9619,0.9225571,CCCCCCN(CCC)c1ccccc1C=Cc1cc[n+](Cc2cc[n+](C)cc2)cc1,1,C(=Cc1cc[n+](Cc2cc[nH+]cc2)cc1)c1ccccc1,0.9705945,482.0348,0.2609340,0.2609,0.5502626,2.9868,1.0000000,1.0000,[],27
33.4063,46.6882,73.3348,0.9376802,C[n+]1ccc(C=Cc2c(-c3ccccc3)oc3cc(N4CCN(c5ncccn5)CC4)ccc23)cc1,1,C(=Cc1c(-c2ccccc2)oc2cc(N3CCN(c4ncccn4)CC3)ccc12)c1cc[nH+]cc1,0.9796669,477.9281,0.3273870,0.3274,0.5674393,2.8331,1.0000000,1.0000,[],27
30.8044,49.1968,-49.1968,0.0000000,c1(ccc2-c3c(C(c4cc(C=Cc5ccc(N(c6ccccc6)c6ccccc6)cc5)cc4)c2c1)cccc3)N(c1ccc(OCCCCCC)cc1)c1ccccc1,0,,0.0000000,0.0000,0.0000000,0.0000,0.0000000,0.0000,0.0000000,0.0000,None,27
17.7562,21.8840,-21.8595,0.0001914,CCn1cc(C=O)c2ccccc21,1,c1ccc2[nH]ccc2c1,0.0001248,302.4029,0.6392803,0.6393,0.6734014,1.9771,1.0000000,1.0000,[],27
48.2534,56.0613,-56.0613,0.0000000,N#CC(=CN(c1ccccc1)c1ccc(N(CC(=O)O)c2ccc3c(c2)Cc2ccc4ccccc4c2-3)cc1)c1ccccc1,1,C(=CN(c1ccccc1)c1ccc(Nc2ccc3c(c2)Cc2ccc4ccccc4c2-3)cc1)c1ccccc1,0.0000000,0.0000,0.0000000,0.0000,0.0000000,0.0000,0.0000000,0.0000,"['C(=[O,S])[O,S]']",27
67.6202,76.5699,40.1707,0.9120362,FCCCCNc1ccc2c(c1)C(=CCN1CCCCC1)c1ccc(F)cc1-c1cc(N=Nc3cccc4cccnc34)ccc1-2,1,C(CN1CCCCC1)=C1c2ccccc2-c2ccc(N=Nc3cccc4cccnc34)cc2-c2ccccc21,0.9811510,442.9112,0.1303801,0.1304,0.5252106,3.2198,1.0000000,1.0000,[],27
51.2138,54.7455,-51.7179,0.0236537,COc1ccccc1-c1ccc2c(c1)C(c1ccccc1)(c1nccc(-c3ccccc3)n1)c1ccccc1N2c1ccccc1OC,1,c1ccc(-c2ccc3c(c2)C(c2ccccc2)(c2nccc(-c4ccccc4)n2)c2ccccc2N3c2ccccc2)cc1,0.0207960,358.1777,0.1768485,0.1768,0.5242389,3.2290,1.0000000,1.0000,[],27
32.5384,40.7779,-40.7779,0.0000000,O=C(NN=Cc1cc(N(c2ccccc2)c2ccccc2)cc(N(c2ccccc2)c2ccccc2)c1)c1cccc(Cl)c1,1,O=C(NN=Cc1cc(N(c2ccccc2)c2ccccc2)cc(N(c2ccccc2)c2ccccc2)c1)c1ccccc1,0.0000000,0.0000,0.0000000,0.0000,0.0000000,0.0000,0.0000000,0.0000,['[#7;!n][#7;!n]'],27
36.1662,39.6028,83.6118,0.9626141,CCCCn1c(=O)c(N=Nc2ccc(NCCN3CCOCC3)cc2)c(O)c2ccccc21,1,O=c1[nH]c2ccccc2cc1N=Nc1ccc(NCCN2CCOCC2)cc1,0.9954004,458.3819,0.4634955,0.4635,0.5870112,2.6636,1.0000000,1.0000,[],27
97.1367,121.0381,-121.0381,0.0000000,CCCCCCN(CC)c1ccc2cc(C=Nc3cc(C=c4sc(=CC=C5C=C(c6ccccc6)OC(c6ccccc6)=C5)cc4NCC(CC)CCCC)sc3C=Cc3cc4c(=O)sc5cc(C#CC(C)O)ccc5c4s3)ccc2c1,1,O=c1sc2ccccc2c2sc(C=Cc3sc(C=c4ccc(=CC=C5C=C(c6ccccc6)OC(c6ccccc6)=C5)s4)cc3N=Cc3ccc4ccccc4c3)cc12,0.0000000,0.0000,0.0000000,0.0000,0.0000000,0.0000,0.0000000,0.0000,['C#C'],27
29.7516,31.7830,79.5864,0.8700733,[N-]=[N+]=Cc1ccc2cn(Cc3ccccc3)cc2c1,1,c1ccc(Cn2cc3ccccc3c2)cc1,0.9005435,423.9218,0.3868162,0.3868,0.5722216,2.7911,1.0000000,1.0000,[],27
23.3672,27.6732,18.5249,0.3609224,Clc1ccc(-c2c3ccccc3c(-c3ccc(Cl)cc3)c3ccccc23)cc1,1,c1ccc(-c2c3ccccc3c(-c3ccccc3)c3ccccc23)cc1,0.3591454,393.7128,0.2606652,0.2607,0.7434123,1.4825,1.0000000,1.0000,[],27
28.5518,34.6037,-34.6037,0.0000000,CCCCCCn1c(-c2ccccc2)cc(C=NN(c2ccccc2)c2ccccc2)c1C,1,C(=NN(c1ccccc1)c1ccccc1)c1c[nH]c(-c2ccccc2)c1,0.0000000,0.0000,0.0000000,0.0000,0.0000000,0.0000,0.0000000,0.0000,['[#7;!n][#7;!n]'],27
40.9827,62.5675,32.9264,0.7460458,CCCCOc1ccc(N(c2ccc(C=c3sc(=C(C#N)C#N)n(CCCC)c3=O)cc2)c2ccc3c(c2)C(=O)c2cc(N(c4ccccc4)c4ccccc4)sc2-3)cc1,1,C=c1[nH]c(=O)c(=Cc2ccc(N(c3ccccc3)c3ccc4c(c3)C(=O)c3cc(N(c5ccccc5)c5ccccc5)sc3-4)cc2)s1,0.8021318,504.8033,0.1006276,0.1006,0.4814236,3.6550,1.0000000,1.0000,[],27
73.1003,87.7440,26.7052,0.8941343,CCCCCCN1C(=CC2(CCCCCC)COc3c2ccc(O)c3N(c2ccc(-c3cc4ccccc4s3)cc2)c2c3ccccc3c(CCCC)c3ccccc23)N(CCCC)c2ccccc21,1,C(=C1Nc2ccccc2N1)C1COc2c1cccc2N(c1ccc(-c2cc3ccccc3s2)cc1)c1c2ccccc2cc2ccccc12,0.9914699,451.6332,0.0573995,0.0574,0.4059734,4.5073,1.0000000,1.0000,[],27
42.9971,49.1533,-49.1533,0.0000000,c1cc2C(=O)c3c(C(c4ccc(cc4)Oc4ccc(cc4)N(c4ccccc4)c4ccccc4)=c2c(c1)N)ccc(C)c3,0,,0.0000000,0.0000,0.0000000,0.0000,0.0000000,0.0000,0.0000000,0.0000,None,27
25.1534,31.3862,3.1328,0.2696794,C(=Cc1cc(N(c2ccccc2)c2ccccc2)ccc1N(c1ccccc1)c1ccc(-c2ccccc2)cc1)c1ccccc1,1,C(=Cc1cc(N(c2ccccc2)c2ccccc2)ccc1N(c1ccccc1)c1ccc(-c2ccccc2)cc1)c1ccccc1,0.2696367,389.1810,0.1543297,0.1543,0.6276426,2.3289,1.0000000,1.0000,[],27
52.8085,75.2108,-75.2108,0.0000000,CCCCC1=C(C(=O)OCC)C(c2cccc(-c3ccc(-c4ccccc4)cc3)c2)C2=C(N1)C(=O)C(=Cc1ccc(-c3ccc(-c4ccc(Cl)cc4)s3)s1)C2=O,1,O=C1C(=Cc2ccc(-c3ccc(-c4ccccc4)s3)s2)C(=O)C2=C1NC=CC2c1cccc(-c2ccc(-c3ccccc3)cc2)c1,0.0000000,0.0000,0.0000000,0.0000,0.0000000,0.0000,0.0000000,0.0000,"['C(=[O,S])[O,S]']",27
26.6199,38.9874,-3.6312,0.2762206,CCCC[n+]1ccc(C=[N+]=C=Cc2cc[n+](CC)cc2)cc1,1,C(=Cc1cc[nH+]cc1)=[N+]=Cc1cc[nH+]cc1,0.2692986,530.8376,0.4412969,0.4413,0.4566568,3.9191,1.0000000,1.0000,[],27
27.0255,34.4494,70.4485,0.8195155,O=c1[nH]c(C=Cc2ccccc2)nc(O)c1C=Cc1cccs1,1,O=c1[nH]c(C=Cc2ccccc2)ncc1C=Cc1cccs1,0.8273270,417.0113,0.7658921,0.7659,0.5780162,2.7408,1.0000000,1.0000,[],27
34.7244,50.3674,-50.3674,0.0000000,N(c1ccc(cc1)-c1ccc(N(c2ccccc2)c2ccccc2)cc1)=c1ccc(s1)-c1ccc2N(c3ccc(cc3)C=C(c3ccccc3)c3ccccc3)C(=C(C#N)C#N)c3ccccc3-c2c1,0,,0.0000000,0.0000,0.0000000,0.0000,0.0000000,0.0000,0.0000000,0.0000,None,27
45.4468,54.2524,-42.4667,0.0920752,Fc1cc(N(c2ccccc2)c2ccccc2)cc(Cl)c1-c1ccc2nc(-c3ccccc3)nc(-c3cccc(Cl)c3)c2c1,1,c1ccc(-c2nc(-c3ccccc3)c3cc(-c4ccc(N(c5ccccc5)c5ccccc5)cc4)ccc3n2)cc1,0.0865746,374.4179,0.1871158,0.1871,0.5928215,2.6143,1.0000000,1.0000,[],27
30.1641,45.4690,8.1747,0.4190908,CCCC[n+]1ccc(C=Cc2ccc(C=Cc3ccc(-c4cc[n+](CCCC)c5ccccc45)cc3)s2)cc1,1,C(=Cc1ccc(C=Cc2ccc(-c3cc[nH+]c4ccccc34)cc2)s1)c1cc[nH+]cc1,0.4307175,523.0284,0.1504793,0.1505,0.5309389,3.1655,1.0000000,1.0000,[],27
25.7476,38.5405,-31.3825,0.0559221,CCCCCCCCCCCCCCCC[n+]1ccc(C=Cc2ccc(N=Nc3ccc(N=Nc4ccccc4)c4ccccc34)cc2)cc1,1,C(=Cc1ccc(N=Nc2ccc(N=Nc3ccccc3)c3ccccc23)cc1)c1cc[nH+]cc1,0.0537803,551.1342,0.0425789,0.0426,0.5379766,3.0997,1.0000000,1.0000,[],27
27.7682,27.2737,-26.6323,0.0050106,NS(=O)(=O)c1cc(=O)oc2cc(O)ccc12,1,O=c1ccc2ccccc2o1,0.0038763,339.7525,0.6899971,0.6900,0.6119651,2.4554,1.0000000,1.0000,[],27
58.0661,74.3908,26.3061,0.7866944,CCCCN(CCCC)c1ccc(-c2c3oc(-c4cnc(N5CCCC5)nc4)nc3c(-c3ccc(N(c4ccccc4)c4ccccc4)s3)c3c2c(N)nc2ccccc23)cc1,1,c1ccc(-c2c3cnc4ccccc4c3c(-c3ccc(N(c4ccccc4)c4ccccc4)s3)c3nc(-c4cnc(N5CCCC5)nc4)oc23)cc1,0.8466288,418.5487,0.1073189,0.1073,0.4773836,3.6972,1.0000000,1.0000,[],27
36.2726,44.6568,-42.0623,0.0202695,N#Cc1c(-c2ccccc2)sc(-c2ccc(Oc3ccc(Cl)c([N+](=O)[O-])c3)cc2)c1C#N,1,c1ccc(Oc2ccc(-c3ccc(-c4ccccc4)s3)cc2)cc1,0.0174713,356.2495,0.2331496,0.2331,0.6029720,2.5294,1.0000000,1.0000,[],27
43.6760,54.3662,-11.3069,0.3364013,CCCCCCc1c(-c2ccccc2)oc(-c2sc(-c3ccccc3)cc2-c2ccccc2)c1C=Cc1cc[n+](CCCC)cc1,1,C(=Cc1cc(-c2ccccc2)oc1-c1sc(-c2ccccc2)cc1-c1ccccc1)c1cc[nH+]cc1,0.3476301,526.8344,0.0872262,0.0872,0.5355909,3.1219,1.0000000,1.0000,[],28
35.3569,52.8520,63.4184,0.9083625,[C-]#[N+]c1cc(-c2ccc3c(c2)c2cc(N(c4ccccc4)c4ccccc4)ccc2n3CC)sc1-c1ccc(N(c2ccccc2)c2ccccc2)s1,1,c1ccc(N(c2ccccc2)c2ccc3[nH]c4ccc(-c5ccc(-c6ccc(N(c7ccccc7)c7ccccc7)s6)s5)cc4c3c2)cc1,0.9754928,439.9983,0.1381309,0.1381,0.5180623,3.2883,1.0000000,1.0000,[],28
44.8641,52.2604,52.5895,0.8191401,[O-][n+]1ccc(-c2ccc[n+]3sc(-c4ccccc4)nc23)cc1OCC1CCO1,1,c1ccc(-c2nc3c(-c4cc[nH+]c(OCC5CCO5)c4)ccc[n+]3s2)cc1,0.8491685,418.7625,0.3869229,0.3869,0.4563136,3.9229,1.0000000,1.0000,[],28
51.6288,63.4387,-63.4387,0.0000000,O=c1n2c(n(CCCCCCCCCCCC)nn2)ncc1=Cc1sc(C=Cc2ccc(s2)-c2ccc([N+]#[C-])cc2)cc1,0,,0.0000000,0.0000,0.0000000,0.0000,0.0000000,0.0000,0.0000000,0.0000,None,28
21.0953,37.1741,78.4651,0.9034316,C[n+]1ccc(C=Cc2ccc(NC(=O)C=Cc3ccc(N(c4ccccc4)c4ccc(C=Cc5ccc(N(c6ccccc6)c6ccccc6)cc5)cc4)cc3)cc2)cc1,1,O=C(C=Cc1ccc(N(c2ccccc2)c2ccc(C=Cc3ccc(N(c4ccccc4)c4ccccc4)cc3)cc2)cc1)Nc1ccc(C=Cc2cc[nH+]cc2)cc1,0.9887876,448.6351,0.0719887,0.0720,0.5514088,2.9764,1.0000000,1.0000,[],28
55.9019,71.2766,-71.2766,0.0000000,c12cc3c(oc(C=CC=Cc4ccc(cc4)N(CC)CC)cc3cc1N(c1ccc(OC)cc1)c1ccccc1)=CC(=Cc1sc(cc1)OC)C=2c1ccc(N(c2ccccc2)c2ccccc2)cc1,0,,0.0000000,0.0000,0.0000000,0.0000,0.0000000,0.0000,0.0000000,0.0000,None,28
63.6115,76.5257,36.4280,0.8824511,Cn1c(-c2ccc(-c3ccc4cc(-c5ccc(N(c6ccccc6)c6cccs6)s5)ccc4c3)cc2)c2cccc3c(=O)c4cc(N(c5ccccc5)c5ccccc5)ccc4c4ccc1c2c4-3,1,O=c1c2cccc3c(-c4ccc(-c5ccc6cc(-c7ccc(N(c8ccccc8)c8cccs8)s7)ccc6c5)cc4)[nH]c4ccc(c-2c43)c2ccc(N(c3ccccc3)c3ccccc3)cc12,0.9486656,488.3324,0.1351361,0.1351,0.4736986,3.7359,1.0000000,1.0000,[],28
24.4478,25.5560,-25.5422,0.0001081,NC1c2ccccc2OC2CCCC21,1,c1ccc2c(c1)CC1CCCC1O2,0.0000686,295.9118,0.6789967,0.6790,0.5055352,3.4107,1.0000000,1.0000,[],28
80.6365,84.0698,-84.0698,0.0000000,c1c(cc(F)c(C2(C(C)Cc3nc4ccc(C=C5C=C(C=C(C=C5N)CC)C)ccc4n32)NCCCN2CCCC2)c1)F,0,,0.0000000,0.0000,0.0000000,0.0000,0.0000000,0.0000,0.0000000,0.0000,None,28
46.9381,59.6526,52.6458,0.8773311,CCCCCC[n+]1ccc(C=Cc2ccc(C(=O)Nc3ccc([N+](=O)[O-])cc3C(F)(F)F)cc2)c(C=Nc2ccc(Cl)cc2Cl)c1,1,O=C(Nc1ccccc1)c1ccc(C=Cc2cc[nH+]cc2C=Nc2ccccc2)cc1,0.9685746,437.2213,0.0535160,0.0535,0.5298206,3.1761,1.0000000,1.0000,[],28
34.5778,43.1165,-26.8162,0.1273465,Nc1c(C=Cc2ccccc2)c(-c2cccc3ccccc23)c2ccccc2c1Nc1ccccc1,1,C(=Cc1cc(Nc2ccccc2)c2ccccc2c1-c1cccc2ccccc12)c1ccccc1,0.1214776,378.5186,0.1979193,0.1979,0.6180723,2.4057,1.0000000,1.0000,[],28
29.8926,36.7577,4.0803,0.3190471,C(=Cc1cc2ncccc2c2cc3ccccc3cc12)c1cccnc1,1,C(=Cc1cc2ncccc2c2cc3ccccc3cc12)c1cccnc1,0.3155672,391.5940,0.2879238,0.2879,0.6265637,2.3375,1.0000000,1.0000,[],28
43.8822,56.4768,33.8012,0.7052965,O=C1c2ccccc2-c2oc(-c3ccccc3)c(-c3cccc(OCc4ccnc(NCCCNc5ncccn5)n4)c3)c21,1,O=C1c2ccccc2-c2oc(-c3ccccc3)c(-c3cccc(OCc4ccnc(NCCCNc5ncccn5)n4)c3)c21,0.7431203,411.5332,0.1577070,0.1577,0.5578286,2.9185,1.0000000,1.0000,[],28
28.3695,43.4797,-43.4797,0.0000000,CCCCCCc1ccc2c(c1)-c1ccc(-c3ccc(N(c4ccccc4)c4ccccc4)cc3)c(c1C=C(C#N)C#N)S2,1,c1ccc(N(c2ccccc2)c2ccc(-c3ccc4cc3Sc3ccccc3-4)cc2)cc1,0.0000000,0.0000,0.1181284,0.1181,0.4778538,3.6923,1.0000000,1.0000,[],28
101.1214,118.5935,-118.5935,0.0000000,C1CN(c2ccccc2)Cc2c1nc1c(C#N)c3c(cc(cc3)N(CCCC)CCCC)cc1c2-c1cc(NC(c2cc([N+]#[C-])c(C=C(c3nccc(-c4c5ccccc5sc4)cc3)C#N)cc2)N2CCCCC2)ccc1[N+]([O-])=O,0,,0.0000000,0.0000,0.0000000,0.0000,0.0000000,0.0000,0.0000000,0.0000,None,28
17.9875,30.7523,76.0105,0.8340842,O=C(C=Cc1ccc(N(c2ccccc2)c2ccccc2)cc1)c1ccoc1,1,O=C(C=Cc1ccc(N(c2ccccc2)c2ccccc2)cc1)c1ccoc1,0.8677908,420.4288,0.2833755,0.2834,0.6415628,2.2192,1.0000000,1.0000,[],28
46.6553,62.7942,-62.7942,0.0000000,C(=NNC(=Nc1ccccc1)c1cc(-c2ccco2)cc[n+]1N=Cc1ccc(-c2cc[n+](Cc3ccccc3)cc2)o1)c1cccnc1,1,C(=NNC(=Nc1ccccc1)c1cc(-c2ccco2)cc[n+]1N=Cc1ccc(-c2cc[n+](Cc3ccccc3)cc2)o1)c1cccnc1,0.0000000,0.0000,0.0000000,0.0000,0.0000000,0.0000,0.0000000,0.0000,['[#7;!n][#7;!n]'],28
32.5288,46.2225,57.9147,0.8135720,Oc1ccc(N=Cc2c(-c3ccc(N(c4ccccc4)c4ccccc4)cc3)sc3ccc(N(c4ccccc4)c4ccccc4)cc23)c2ccccc12,1,C(=Nc1cccc2ccccc12)c1c(-c2ccc(N(c3ccccc3)c3ccccc3)cc2)sc2ccc(N(c3ccccc3)c3ccccc3)cc12,0.8651204,420.1783,0.1513939,0.1514,0.5476476,3.0106,1.0000000,1.0000,[],28
48.5332,56.6559,-56.6559,0.0000000,c1(nc(C2Nc3c(cccc3)N=2)nn(-c2c(-c3nn(-c4ccccc4)cc3)cccc2)n1)-c1ccccc1,0,,0.0000000,0.0000,0.0000000,0.0000,0.0000000,0.0000,0.0000000,0.0000,None,28
34.3460,31.3956,-31.3956,0.0000000,COc1ccc(C(=O)Oc2c(-c3ccccc3)oc3cc(OC(=O)c4ccccc4)ccc3c2=O)cc1,1,O=C(Oc1ccc2c(=O)c(OC(=O)c3ccccc3)c(-c3ccccc3)oc2c1)c1ccccc1,0.0000000,0.0000,0.0000000,0.0000,0.0000000,0.0000,0.0000000,0.0000,"['C(=[O,S])[O,S]']",28
43.7688,54.9697,-25.3741,0.2312152,O=[N+]([O-])c1ccc(-c2cc3ccc(-c4nc5cc(C=Cc6cccnc6)ccc5n4C4CCNCC4)cc3o2)cc1,1,C(=Cc1ccc2c(c1)nc(-c1ccc3cc(-c4ccccc4)oc3c1)n2C1CCNCC1)c1cccnc1,0.2290411,386.8221,0.1729876,0.1730,0.5596533,2.9022,1.0000000,1.0000,[],28
50.4656,67.1515,46.1645,0.8852810,C=CCN(c1ccc(C=Cc2ccc(C=Cc3cc[n+](Cc4ccccc4)cc3)cc2)cc1)c1ccccc1SCCCn1c2ccccc2c2ccc(Cl)cc21,1,C(=Cc1ccc(Nc2ccccc2SCCCn2c3ccccc3c3ccccc32)cc1)c1ccc(C=Cc2cc[n+](Cc3ccccc3)cc2)cc1,0.9931352,465.9906,0.0337722,0.0338,0.5050357,3.4156,1.0000000,1.0000,[],28
40.6129,49.5864,-6.6395,0.3355229,COc1ccc(C=C2OC(c3ccc(-c4ccc5oc6ccccc6c5c4)cc3)=NC2=O)cc1,1,O=C1N=C(c2ccc(-c3ccc4oc5ccccc5c4c3)cc2)OC1=Cc1ccccc1,0.3328018,392.4483,0.2922687,0.2923,0.6075922,2.4913,1.0000000,1.0000,[],28
49.5354,59.3693,-59.3693,0.0000000,CCCCN(CCCC)c1ccc(C(=C2CCCC2=Cc2ccc(N(c3ccccc3)c3ccc(-c4ccc(N(c5ccccc5)c5ccccc5)s4)cc3)cc2)c2ccc(C=NN(c3ccccc3)c3ccccc3)cc2)cc1,1,C(=NN(c1ccccc1)c1ccccc1)c1ccc(C(=C2CCCC2=Cc2ccc(N(c3ccccc3)c3ccc(-c4ccc(N(c5ccccc5)c5ccccc5)s4)cc3)cc2)c2ccccc2)cc1,0.0000000,0.0000,0.0000000,0.0000,0.0000000,0.0000,0.0000000,0.0000,['[#7;!n][#7;!n]'],28
32.3496,33.6778,-23.5372,0.0792235,COc1ccc(OC)c(C(=O)c2c(O)c3ccccc3ccc2=O)c1,1,O=C(c1ccccc1)c1cc2ccccc2ccc1=O,0.0706147,372.0175,0.7410576,0.7411,0.6537323,2.1253,1.0000000,1.0000,[],28
41.1156,45.0003,-42.7409,0.0176512,Clc1ccc2oc3ccc(N(c4ccccc4)c4cccc5oc6ccc(C7N(c8ccccc8)c8ccccc8N7c7ccccc7)cc6c45)cc3c2c1,1,c1ccc(N(c2ccc3oc4ccccc4c3c2)c2cccc3oc4ccc(C5N(c6ccccc6)c6ccccc6N5c5ccccc5)cc4c23)cc1,0.0152992,354.7841,0.1702571,0.1703,0.5251591,3.2203,1.0000000,1.0000,[],28
41.3268,47.3442,-27.8129,0.1525883,Fc1c(F)c(F)c(-c2ccc(N(c3ccccc3)c3ccc4c(c3)sc3ccc(-c5ccco5)cc34)s2)c(F)c1F,1,c1ccc(-c2ccc(N(c3ccccc3)c3ccc4c(c3)sc3ccc(-c5ccco5)cc34)s2)cc1,0.1500093,381.1676,0.1128169,0.1128,0.5393749,3.0867,1.0000000,1.0000,[],28
33.3777,42.2392,67.9677,0.8609918,O=CNc1ccc(-c2c3ccc(=Nc4ccccc4)cc-3oc3cc(Cl)ccc23)c(Cl)c1,1,c1ccc(N=c2ccc3c(-c4ccccc4)c4ccccc4oc-3c2)cc1,0.9056835,495.4403,0.2263149,0.2263,0.5774312,2.7458,1.0000000,1.0000,[],28
42.2924,60.4673,-60.4673,0.0000000,c12ccc(cc2c2c(n(nc2)-c2ccc(-c3ccc(cc3)N(c3ccccc3)c3ccccc3)cc2)cc1)N(c1cc2c3N(CCCc3ccc2)c1)c1ccc(N(c2ccccc2)c2ccccc2)cc1,0,,0.0000000,0.0000,0.0000000,0.0000,0.0000000,0.0000,0.0000000,0.0000,None,28
31.1474,31.3617,-31.3617,0.0000000,C#CCC(C#Cc1ccccc1)OCCCc1ccccc1,1,C(#Cc1ccccc1)COCCCc1ccccc1,0.0000000,0.0000,0.0000000,0.0000,0.0000000,0.0000,0.0000000,0.0000,['C#C'],28
39.5437,52.3573,-47.1712,0.0405170,c1ccc(N(c2ccccc2)c2ccc(N=C3CCc4cc(-c5ccc(N(c6ccccc6)c6ccccc6)cc5)ccc4N3c3ccc4c(c3)sc3c5ccccc5ccc43)cc2)cc1,1,c1ccc(N(c2ccccc2)c2ccc(N=C3CCc4cc(-c5ccc(N(c6ccccc6)c6ccccc6)cc5)ccc4N3c3ccc4c(c3)sc3c5ccccc5ccc43)cc2)cc1,0.0369136,364.5880,0.1443081,0.1443,0.5029987,3.4358,1.0000000,1.0000,[],28
65.0399,74.2592,-74.2592,0.0000000,C1=CC=CC=CC1=c1c([N+]#[C-])c(C#Cc2ccc(cc2)N(c2ccccc2)c2cccs2)n2c1cc(OC)c[n+]2C,0,,0.0000000,0.0000,0.0000000,0.0000,0.0000000,0.0000,0.0000000,0.0000,None,28
57.7465,71.0471,-71.0471,0.0000000,c12C(C3CCCC3)=C(/C=C(\C#N)C#N)Oc3c2c(cc(=N)c2ccc(N(c4ccccc4)c4ccccc4)cc23)c(C#N)s1,0,,0.0000000,0.0000,0.0000000,0.0000,0.0000000,0.0000,0.0000000,0.0000,None,28
30.1537,33.9473,-33.9473,0.0000000,C(c1cc(F)ccc1)=c1oc2c3c(cccc3)ccc2[n+]1CC,0,,0.0000000,0.0000,0.0000000,0.0000,0.0000000,0.0000,0.0000000,0.0000,None,28
21.7967,24.3885,-24.3831,0.0000417,c1ccc(C(=C2CCCCO2)c2ccccc2)cc1,1,c1ccc(C(=C2CCCCO2)c2ccccc2)cc1,0.0000250,284.9388,0.7537063,0.7537,0.6512769,2.1441,1.0000000,1.0000,[],28
31.1033,41.3320,73.3432,0.8958998,N#CC(C#N)=Cc1c2ccccc2c(-c2ccc(N(c3ccccc3)c3ccccc3)cc2)c2sc3ccc(N(c4ccccc4)c4ccccc4)cc3c12,1,c1ccc(N(c2ccccc2)c2ccc(-c3c4ccccc4cc4c3sc3ccc(N(c5ccccc5)c5ccccc5)cc34)cc2)cc1,0.9590591,485.7578,0.1466779,0.1467,0.5318282,3.1572,1.0000000,1.0000,[],28
45.7179,48.2277,17.6538,0.5146991,CCCCCCCCCCCCC=CC1c2ccccc2C2Cc3c(cccc3[N+](=O)[O-])N12,1,c1ccc2c(c1)CN1c3ccccc3CC21,0.5377400,401.6422,0.1338313,0.1338,0.4848973,3.6191,1.0000000,1.0000,[],28
44.4903,57.9023,60.0108,0.9211958,C[n+]1c2ccccc2cc2c3ccsc3cc(-c3ccc(-c4ccc5c(c4)sc4cc(N(c6ccccc6)c6ccccc6)ccc45)s3)c21,1,c1ccc(N(c2ccccc2)c2ccc3c(c2)sc2cc(-c4ccc(-c5cc6sccc6c6cc7ccccc7[nH+]c56)s4)ccc23)cc1,0.9919508,467.7316,0.1295279,0.1295,0.5197224,3.2723,1.0000000,1.0000,[],28
61.1018,80.3056,-80.2960,0.0000749,CCc1c(C)cc(CNc2cccc(S(=O)(=O)c3ccccc3)c2)cc1C=Cc1cc(C=Cc2cc[n+](C)cc2)[o+]cc1C=C1Sc2ccccc2N1CC,1,O=S(=O)(c1ccccc1)c1cccc(NCc2cccc(C=Cc3cc(C=Cc4cc[nH+]cc4)[o+]cc3C=C3Nc4ccccc4S3)c2)c1,0.0000497,627.5846,0.0989122,0.0989,0.4610041,3.8717,1.0000000,1.0000,[],28
52.6070,66.3783,-66.3783,0.0000000,C(N)C#Cc1c2ccc(N)cc2c([n+](c(n1)N)Cc1ccc(cc1)N(C)C)F,0,,0.0000000,0.0000,0.0000000,0.0000,0.0000000,0.0000,0.0000000,0.0000,None,28
30.6247,35.3061,-26.7506,0.0668397,CCCCCCSc1ccc(-c2ccc(-c3ccc(-c4ccccc4)s3)cc2)s1,1,c1ccc(-c2ccc(-c3ccc(-c4cccs4)cc3)s2)cc1,0.0617297,370.4542,0.1865852,0.1866,0.6265061,2.3380,1.0000000,1.0000,[],28
78.1982,93.7409,-92.5841,0.0090375,Cc1ccc(-c2c(O)ccc3cc(CN(C(CN)Cc4c(O)n(-c5ccccc5O)c5cc(O)ccc45)C(Cc4ccccc4)C(=O)NC4CCCCC4)ccc23)cc1,1,O=C(NC1CCCCC1)C(Cc1ccccc1)N(CCc1cn(-c2ccccc2)c2ccccc12)Cc1ccc2c(-c3ccccc3)cccc2c1,0.0078148,347.4081,0.0684608,0.0685,0.4321848,4.1945,1.0000000,1.0000,[],28
24.7766,27.8353,-27.8353,0.0000000,COc1cccc(C=NNc2nc(-c3ccc([N+](=O)[O-])cc3)cs2)c1,1,C(=NNc1nc(-c2ccccc2)cs1)c1ccccc1,0.0000000,0.0000,0.0000000,0.0000,0.0000000,0.0000,0.0000000,0.0000,['[#7;!n][#7;!n]'],28
67.8568,79.5978,-1.7477,0.6082041,CCCCCOc1ccccc1N=C(c1ccc(N(CCCC)c2ccc(OCCCC)cc2)cc1)c1ccccc1N=Nc1c(N)c(CC)c2cc(N=Nc3ccccc3)ccc2c1S(=O)(=O)O,1,c1ccc(N=Nc2ccc3cc(N=Nc4ccccc4C(=Nc4ccccc4)c4ccc(Nc5ccccc5)cc4)ccc3c2)cc1,0.6805408,511.7890,0.0211827,0.0212,0.4497013,3.9959,1.0000000,1.0000,[],28
36.6843,49.9366,46.6382,0.7544906,CCCCN(CCCC)c1ccc(-c2ccc(C=Cc3ccc(-c4ccc(-c5sc(-c6ccc(N(c7ccccc7)c7ccccc7)cc6)nc5-c5ccccc5)cc4)cc3)s2)cc1,1,C(=Cc1ccc(-c2ccccc2)s1)c1ccc(-c2ccc(-c3sc(-c4ccc(N(c5ccccc5)c5ccccc5)cc4)nc3-c3ccccc3)cc2)cc1,0.8129681,415.9539,0.0908841,0.0909,0.5205558,3.2643,1.0000000,1.0000,[],28
60.0359,62.2600,-34.3904,0.2177313,COc1ccc2c(c1)C(NC=O)=C(c1nonc1C=Cc1cc(C)ccc1OC)C(C)(C)O2,1,C(=Cc1nonc1C1=Cc2ccccc2OC1)c1ccccc1,0.2077326,385.4658,0.5380407,0.5380,0.5228239,3.2426,1.0000000,1.0000,[],28
39.8630,46.5569,2.9916,0.3870976,O=C1c2ccc3ccccc3c2N2CCCC2C1c1[nH]nc2ccc(Cl)cc12,1,O=C1c2ccc3ccccc3c2N2CCCC2C1c1[nH]nc2ccccc12,0.3823839,394.7945,0.4806217,0.4806,0.5007145,3.4586,1.0000000,1.0000,[],28
68.5151,71.6281,-71.6281,0.0000000,CN=c1cc2c3cc(CC(C)=CC(C)C)c4c(cc(CN5CCOCC5)c1o3)c(OC(C)C)ccc24,1,N=c1cc2c3ccc4c(cccc42)cc(CN2CCOCC2)c1o3,0.0000000,0.0000,0.0000000,0.0000,0.0000000,0.0000,0.0000000,0.0000,['[*;r{8-17}]'],28
77.7767,96.4992,-94.9730,0.0119234,CC(=O)Nc1ccc(-c2c3c(c(-c4c(N(c5ccccc5)c5ccccc5)ccc5ccccc45)c4c(C#N)c(N(c5ccccc5)c5ccccc5)sc24)=C2C=Cc4ccccc4C2C(=O)N=3)c(N(c2ccccc2)c2ccsc2)c1,1,O=C1N=c2c(-c3ccccc3N(c3ccccc3)c3ccsc3)c3sc(N(c4ccccc4)c4ccccc4)cc3c(-c3c(N(c4ccccc4)c4ccccc4)ccc4ccccc34)c2=C2C=Cc3ccccc3C12,0.0102839,569.5838,0.1310395,0.1310,0.3684344,4.9925,1.0000000,1.0000,[],28
28.2215,37.6003,30.9592,0.5356214,CCCCCCCCCCOc1ccc(N(c2ccc(-c3ccc(OC)cc3)cc2)c2ccc(-c3ccc(C#N)s3)cc2)cc1,1,c1ccc(-c2ccc(N(c3ccccc3)c3ccc(-c4cccs4)cc3)cc2)cc1,0.5629467,402.7483,0.1037333,0.1037,0.5913213,2.6270,1.0000000,1.0000,[],28
44.0692,47.8933,-47.8933,0.0000000,CCOC(=O)c1c(-c2ccc3ccccc3[n+](=O)c2)[nH]c2cc(OC)ccc2c1=O,1,O=c1cc(-c2ccc3ccccc3[n+](=O)c2)[nH]c2ccccc12,0.0000000,0.0000,0.0000000,0.0000,0.0000000,0.0000,0.0000000,0.0000,"['C(=[O,S])[O,S]']",28
57.5471,67.1196,-67.1196,0.0000000,CCC1C=C(c2c3ccccc3[n+](C)c3ccc(N(c4ccccc4)c4ccccc4)cc23)c2ccc3c(C=C4Sc5ccccc5N4C)cc(cc3c2)C1,1,C(=C1Nc2ccccc2S1)c1cc2cc3cc(ccc13)C(c1c3ccccc3[nH+]c3ccc(N(c4ccccc4)c4ccccc4)cc13)=CCC2,0.0000000,0.0000,0.0000000,0.0000,0.0000000,0.0000,0.0000000,0.0000,['[*;r{8-17}]'],28
36.1472,36.9618,-23.0199,0.1089214,COc1ccc(C(=O)Nc2ccc(S(=O)(=O)Nc3ccc4nnc(C)cc4c3)cc2)cc1,1,O=C(Nc1ccc(S(=O)(=O)Nc2ccc3nnccc3c2)cc1)c1ccccc1,0.1002257,376.1711,0.4613295,0.4613,0.6503177,2.1515,1.0000000,1.0000,[],28
25.8475,25.9304,-25.9304,0.0000000,NNc1cccc(S(=O)(=O)c2ccccc2)c1,1,O=S(=O)(c1ccccc1)c1ccccc1,0.0000000,0.0000,0.0000000,0.0000,0.0000000,0.0000,0.0000000,0.0000,['[#7;!n][#7;!n]'],28
43.6318,50.5124,-40.4822,0.0783606,C1=CCC(c2nnc(C=Cc3c4ccnc(-c5ccccc5)c4cc4oc5ccccc5c34)o2)C=C1,1,C1=CCC(c2nnc(C=Cc3c4ccnc(-c5ccccc5)c4cc4oc5ccccc5c34)o2)C=C1,0.0725788,372.3383,0.2631129,0.2631,0.4855155,3.6127,1.0000000,1.0000,[],28
46.5919,55.3029,-55.3029,0.0000000,CCN(CC)CCCN(CC)c1ccc2cc(-c3cc(NC4(C(=O)O)C=CC=CC4)c4ncccc4c3)sc2c1,1,C1=CCC(Nc2cc(-c3cc4ccccc4s3)cc3cccnc23)C=C1,0.0000000,0.0000,0.0000000,0.0000,0.0000000,0.0000,0.0000000,0.0000,"['C(=[O,S])[O,S]']",28
64.6564,80.9433,-80.9433,0.0000000,C1(=O)Nc2c(C3=c4c(c5c(cccc5)c(=N4)cc3)N(c3ccccc3)c3ccccc3)c(ccc2N1CCC)-c1c(scc1)C=O,0,,0.0000000,0.0000,0.0000000,0.0000,0.0000000,0.0000,0.0000000,0.0000,None,28
34.1448,39.3090,-39.3090,0.0000000,c1c[nH]c(C=c2c(c(c(=O)[nH]c2=O)C#N)=Cc2ccc3c(c2)cccc3)c1,0,,0.0000000,0.0000,0.0000000,0.0000,0.0000000,0.0000,0.0000000,0.0000,None,28
29.9744,34.3599,-28.5078,0.0457195,N#CC(=Cc1ccccc1)c1nnc(N=Cc2ccc(Cl)cc2)s1,1,C(=Cc1nnc(N=Cc2ccccc2)s1)c1ccccc1,0.0401823,365.5461,0.4906665,0.4907,0.5987703,2.5644,1.0000000,1.0000,[],28
41.0532,51.5192,-39.5879,0.0932138,Nc1c(O)cc2oc(-c3ccccc3)cc(C(=O)Nc3ccc(S(=O)(=O)NC4CC4)cc3)c1-2,1,O=C(Nc1ccc(S(=O)(=O)NC2CC2)cc1)c1cc(-c2ccccc2)oc2cccc1-2,0.0860319,545.6568,0.3409723,0.3410,0.6006303,2.5489,1.0000000,1.0000,[],28
25.2469,29.8637,-23.6604,0.0484631,c1csc(-c2cc3ccc(-c4cc5sccc5s4)cc3s2)c1,1,c1csc(-c2cc3ccc(-c4cc5sccc5s4)cc3s2)c1,0.0433833,366.4146,0.3064438,0.3064,0.5864046,2.6687,1.0000000,1.0000,[],28
38.5954,45.0995,-25.6393,0.1520326,c1ccc(-c2c(N(c3ccc(-c4ccc5oc6ccccc6c5c4)cc3)c3ccc(-c4ccccn4)cc3)cc(N(c3ccccc3)c3ccccc3)c3ccccc23)cc1,1,c1ccc(-c2c(N(c3ccc(-c4ccc5oc6ccccc6c5c4)cc3)c3ccc(-c4ccccn4)cc3)cc(N(c3ccccc3)c3ccccc3)c3ccccc23)cc1,0.1481825,381.0113,0.1459964,0.1460,0.5463542,3.0224,1.0000000,1.0000,[],28
69.7339,83.0198,-83.0198,0.0000000,C1=CC2C(=C1)C1=CN3CCCCC(=C13)c1sc3ccc(-c4cccs4)c(-c4ccc(-c5ccc(N(c6ccccc6)c6ccccc6)cc5)s4)c3c1C2c1ccccc1,1,C1=CC2C(=C1)C1=CN3CCCCC(=C13)c1sc3ccc(-c4cccs4)c(-c4ccc(-c5ccc(N(c6ccccc6)c6ccccc6)cc5)s4)c3c1C2c1ccccc1,0.0000000,0.0000,0.0000000,0.0000,0.0000000,0.0000,0.0000000,0.0000,['[*;r{8-17}]'],28
51.5735,59.5334,-52.1730,0.0575027,CNc1ccc2nc(-c3ccc(NC(=O)N=S(CCN=[N+]=[N-])c4ccc(N(C)CCN(C)C)cc4)cc3)oc2c1,1,O=C(N=[SH]c1ccccc1)Nc1ccc(-c2nc3ccccc3o2)cc1,0.0536723,368.8427,0.1269043,0.1269,0.4635350,3.8444,1.0000000,1.0000,[],28
38.5509,52.7402,65.9673,0.9274023,C=CCC[n+]1ccc(C=Cc2ccc3ncc(N(c4ccccc4)c4ccccc4)c(Nc4ccccc4)c3c2)cc1,1,C(=Cc1ccc2ncc(N(c3ccccc3)c3ccccc3)c(Nc3ccccc3)c2c1)c1cc[nH+]cc1,0.9959063,460.3475,0.1374043,0.1374,0.5508462,2.9815,1.0000000,1.0000,[],29
61.6073,67.4009,-67.4009,0.0000000,CCOc1ccc2c(c1)nc1oc(N(c3ccc(C=C4N=C(C)OC4=O)cc3)C3CCCCC3)nn12,1,O=C1OC=NC1=Cc1ccc(N(c2nn3c(nc4ccccc43)o2)C2CCCCC2)cc1,0.0000000,0.0000,0.0000000,0.0000,0.0000000,0.0000,0.0000000,0.0000,"['C(=[O,S])[O,S]']",29
51.4500,75.8935,38.9841,0.8974809,CCN1c2ccc(-c3ccc([N+](=O)[O-])cc3)cc2C(=O)C(=Cc2ccc(-c3ccc(C=C(C#N)C#N)s3)cc2)c2cnc(Nc3ccc(N(c4ccccc4)c4ccccc4)cc3)nc21,1,O=C1C(=Cc2ccc(-c3cccs3)cc2)c2cnc(Nc3ccc(N(c4ccccc4)c4ccccc4)cc3)nc2Nc2ccc(-c3ccccc3)cc21,0.9918875,452.1827,0.0575284,0.0575,0.4780487,3.6902,1.0000000,1.0000,[],29
30.5379,45.7556,-34.4846,0.0880543,C(=Cc1cc(-c2ccncc2)cc(-c2ccc3c(c2)NCC3)c1)c1ccc(N(c2ccccc2)c2ccccc2)cc1,1,C(=Cc1cc(-c2ccncc2)cc(-c2ccc3c(c2)NCC3)c1)c1ccc(N(c2ccccc2)c2ccccc2)cc1,0.0824028,373.8322,0.2038584,0.2039,0.5838357,2.6907,1.0000000,1.0000,[],29
41.9338,53.4930,-17.3398,0.2824465,C1=CC(c2ccc(N(c3ccccc3)c3ccccc3)cc2)c2ccccc2-c2csc(-c3ccc4cc5c(cc4c3)Sc3ccccc3N5c3ccccc3)c21,1,C1=CC(c2ccc(N(c3ccccc3)c3ccccc3)cc2)c2ccccc2-c2csc(-c3ccc4cc5c(cc4c3)Sc3ccccc3N5c3ccccc3)c21,0.2841597,389.9687,0.1664840,0.1665,0.4683127,3.7931,1.0000000,1.0000,[],29
41.6737,54.1810,64.2999,0.9256325,C[n+]1ccc(-c2cccc3c2-c2ccc(N(c4ccc(F)cc4)c4cccnc4)cc2C3=Cc2ccc(N(c3ccccc3)c3ccccc3)cc2)cc1,1,C(=C1c2cc(N(c3ccccc3)c3cccnc3)ccc2-c2c1cccc2-c1cc[nH+]cc1)c1ccc(N(c2ccccc2)c2ccccc2)cc1,0.9926578,453.2743,0.1475259,0.1475,0.5255913,3.2162,1.0000000,1.0000,[],29
66.7534,68.3137,-68.3137,0.0000000,c12c3c(n(-c4ccc(C(N=c5c(=O)cc(C(=O)OC)sc5)=O)cc4)c2ccc(c1)C)N(CCCCOC)CCC3,0,,0.0000000,0.0000,0.0000000,0.0000,0.0000000,0.0000,0.0000000,0.0000,None,29
31.5839,32.6579,-32.6579,0.0000000,Cn1c([N+](=O)[O-])c(C(=O)O)c2ncccc21,1,c1cnc2cc[nH]c2c1,0.0000000,0.0000,0.0000000,0.0000,0.0000000,0.0000,0.0000000,0.0000,"['C(=[O,S])[O,S]']",29
58.3394,75.3216,-75.3216,0.0000000,c1n2ncc(c(c2cc(CN2CCCC2C)c1=O)C(=O)c1c(F)cccc1Cl)NC(C=Cc1ccc(N2CCCC2)cc1)=O,0,,0.0000000,0.0000,0.0000000,0.0000,0.0000000,0.0000,0.0000000,0.0000,None,29
26.2882,41.4144,76.9779,0.9249401,N#Cc1ccc(C=Cc2ccc(C=C(c3ccccc3)c3ccc(C=Cc4ccc(N(c5ccccc5)c5ccccc5)cc4)cc3)s2)s1,1,C(=Cc1ccc(N(c2ccccc2)c2ccccc2)cc1)c1ccc(C(=Cc2ccc(C=Cc3cccs3)s2)c2ccccc2)cc1,0.9935942,454.7658,0.1360852,0.1361,0.5464311,3.0217,1.0000000,1.0000,[],29
51.8276,67.6563,39.2529,0.8352284,CCN(CC)CCCN(CCCCCN(c1ccc(N(c2ccccc2)c2ccccc2)cc1)c1ccc(N(c2ccccc2)c2ccccc2)cc1)c1ccc(N=Nc2ccc(C=Cc3ccc(-c4ccccc4)cc3)cc2[N+](=O)[O-])cc1,1,C(=Cc1ccc(-c2ccccc2)cc1)c1ccc(N=Nc2ccc(NCCCCCN(c3ccc(N(c4ccccc4)c4ccccc4)cc3)c3ccc(N(c4ccccc4)c4ccccc4)cc3)cc2)cc1,0.9574655,486.1905,0.0166725,0.0167,0.4507271,3.9845,1.0000000,1.0000,[],29
20.3555,41.3227,71.6995,0.8829856,C(C=Cc1cc[n+](C=Cc2ccc(-c3ccc(N(c4ccccc4)c4ccccc4)cc3)s2)cc1)=Cc1ccc(N(c2ccccc2)c2ccccc2)cc1,1,C(C=Cc1cc[n+](C=Cc2ccc(-c3ccc(N(c4ccccc4)c4ccccc4)cc3)s2)cc1)=Cc1ccc(N(c2ccccc2)c2ccccc2)cc1,0.9585695,485.8924,0.0916494,0.0916,0.5337844,3.1388,1.0000000,1.0000,[],29
48.7264,57.6648,-19.7581,0.2961460,O=[N+]([O-])c1ccc2c(N=c3ccccc4oc(-c5cccc(Cl)c5)cc34)cccc2c1,1,c1ccc(-c2cc3c(=Nc4cccc5ccccc45)ccccc3o2)cc1,0.2941445,390.4961,0.2291113,0.2291,0.6006056,2.5491,1.0000000,1.0000,[],29
61.3531,75.9913,-75.9913,0.0000000,c1c(C#N)ccc(c1)NN=C1C=Cc2c(C=C1)sc(N=c1ccc(s1)N(c1ccc(N(c3ccc(C#N)cc3)c3c4c(cccc4)ccc3)cc1)c1ccccc1)n2,0,,0.0000000,0.0000,0.0000000,0.0000,0.0000000,0.0000,0.0000000,0.0000,None,29
52.3848,56.1803,-56.1803,0.0000000,C1=c2c3c(ccc2Oc2cc(NC)ccc2)C(=c2c(=N3)cccc2)CCO1,0,,0.0000000,0.0000,0.0000000,0.0000,0.0000000,0.0000,0.0000000,0.0000,None,29
20.2246,22.5083,-22.3652,0.0011184,CC(C=O)=Cc1ccsc1,1,c1ccsc1,0.0008107,322.7298,0.4693365,0.4693,0.5654921,2.8503,1.0000000,1.0000,[],29
24.5807,40.2851,78.8860,0.9310241,C(=Cc1nc2ccc(N(c3ccccc3)c3ccccc3)cc2nc1-c1ccncc1)c1ccc(N(c2ccccc2)c2ccccc2)cc1,1,C(=Cc1nc2ccc(N(c3ccccc3)c3ccccc3)cc2nc1-c1ccncc1)c1ccc(N(c2ccccc2)c2ccccc2)cc1,0.9950006,462.5274,0.1565831,0.1566,0.5745387,2.7709,1.0000000,1.0000,[],29
26.4425,43.2095,74.7558,0.9216042,C(=Cc1ccc(C=Cc2ccc(N(c3ccccc3)c3ccccc3)cc2)s1)c1ccc(Nc2ccc3c(c2)C(c2ccccc2)(c2ccccc2)c2ccccc2-3)cc1,1,C(=Cc1ccc(C=Cc2ccc(N(c3ccccc3)c3ccccc3)cc2)s1)c1ccc(Nc2ccc3c(c2)C(c2ccccc2)(c2ccccc2)c2ccccc2-3)cc1,0.9890750,448.9202,0.1404680,0.1405,0.5400935,3.0801,1.0000000,1.0000,[],29
99.4724,125.9725,-12.5251,0.8863079,COc1cc2c(-c3c4cc(-c5nc6ccccc6o5)ccc4nc4c(C=O)cccc34)nn3c(-c4ccc(N(c5ccccc5)c5ccccc5)cc4)nnc3c2cc1Nc1cc(OC)c(NC(C#N)C=CC=Cc2ccc(N(c3ccccc3)c3ccccc3)cc2)cc1C#N,1,C(C=Cc1ccc(N(c2ccccc2)c2ccccc2)cc1)=CCNc1ccc(Nc2ccc3c(-c4c5ccccc5nc5ccc(-c6nc7ccccc7o6)cc45)nn4c(-c5ccc(N(c6ccccc6)c6ccccc6)cc5)nnc4c3c2)cc1,0.9942385,455.9239,0.0440349,0.0440,0.3409836,5.3796,1.0000000,1.0000,[],29
41.4692,55.7840,57.5310,0.8852735,CC1(C)c2ccccc2-c2ccc(N(c3ccccc3)c3ccc(-c4ccc(N(c5ccccc5)c5ccccc5)cc4)cc3C=Cc3cc(F)c(N(c4ccccc4)c4ccccc4)c4nsnc34)cc21,1,C(=Cc1ccc(N(c2ccccc2)c2ccccc2)c2nsnc12)c1cc(-c2ccc(N(c3ccccc3)c3ccccc3)cc2)ccc1N(c1ccccc1)c1ccc2c(c1)Cc1ccccc1-2,0.9569756,486.3203,0.1140622,0.1141,0.4735525,3.7375,1.0000000,1.0000,[],29
32.8056,33.2384,-31.3994,0.0143668,c1ccc(Cn2c3ccccc3c3cc(-c4cccc5c4sc4c(N(c6ccccc6)c6ccccc6)cccc45)ccc32)cc1,1,c1ccc(Cn2c3ccccc3c3cc(-c4cccc5c4sc4c(N(c6ccccc6)c6ccccc6)cccc45)ccc32)cc1,0.0122618,352.3478,0.1827715,0.1828,0.5873221,2.6609,1.0000000,1.0000,[],29
36.8584,41.9883,-41.9883,0.0000000,N1=c2c3ccccc3ccc2=c2ccc(c3cccc1c23)OCCC,0,,0.0000000,0.0000,0.0000000,0.0000,0.0000000,0.0000,0.0000000,0.0000,None,29
48.5636,71.0488,-71.0488,0.0000000,c1ccc(-c2c3c(cc(N(c4ccccc4)c4ccccc4)c(=C=CC=Cc4oc(-c5ccc([N+]([O-])=O)cc5)cc4)c3)c(-c3ccc(N(c4ccccc4)c4ccccc4)cc3)cc2)cc1N(c1ccccc1)c1ccccc1,0,,0.0000000,0.0000,0.0000000,0.0000,0.0000000,0.0000,0.0000000,0.0000,None,29
50.9007,54.1355,63.4414,0.9185702,Cc1ccc2c(c1)c(N)c(O)c1c(C(=O)N3C(=O)C(=O)c4c3ccc3ccccc43)cc(O)cc12,1,O=C1C(=O)N(C(=O)c2cccc3c2ccc2ccccc23)c2ccc3ccccc3c21,0.9931886,465.9052,0.1080029,0.1080,0.5577741,2.9190,1.0000000,1.0000,[],29
45.1079,59.3140,14.2317,0.5745757,Oc1ccc(N(c2ccc(C=Cc3ccc(N(c4ccccc4)c4ccccc4)cc3)cc2)c2ccc3c(ccc4c5cc(-c6ccc(O)cc6O)sc5ccc34)c2)cc1,1,C(=Cc1ccc(N(c2ccccc2)c2ccc3c(ccc4c5cc(-c6ccccc6)sc5ccc34)c2)cc1)c1ccc(N(c2ccccc2)c2ccccc2)cc1,0.6081957,404.7744,0.1002968,0.1003,0.5289033,3.1847,1.0000000,1.0000,[],29
33.5616,36.7588,-36.7588,0.0000000,CCCCCCCCNN1C(=O)c2c(-c3ccccc3)ccc3cccc1c23,1,O=C1Nc2cccc3ccc(-c4ccccc4)c1c23,0.0000000,0.0000,0.0000000,0.0000,0.0000000,0.0000,0.0000000,0.0000,['[#7;!n][#7;!n]'],29
55.0939,69.0800,-69.0800,0.0000000,CCN1CCOc2ccc(-c3ccc(C#CC[n+]4ccc(-c5ccc(N(c6ccccc6)c6ccc(C=Cc7sc8ccccc8[n+]7Cc7ccccc7)cc6)cc5)cc4)cc3)cc21,1,C(#Cc1ccc(-c2ccc3c(c2)NCCO3)cc1)C[n+]1ccc(-c2ccc(N(c3ccccc3)c3ccc(C=Cc4sc5ccccc5[n+]4Cc4ccccc4)cc3)cc2)cc1,0.0000000,0.0000,0.0000000,0.0000,0.0000000,0.0000,0.0000000,0.0000,['C#C'],29
23.5634,32.2977,-32.2458,0.0004058,c1ccc(Nc2ccc(-n3c(-c4ccccc4)c(-c4ccccc4)c4ccccc43)cc2)cc1,1,c1ccc(Nc2ccc(-n3c(-c4ccccc4)c(-c4ccccc4)c4ccccc43)cc2)cc1,0.0002822,311.2675,0.2858584,0.2859,0.6734513,1.9767,1.0000000,1.0000,[],29
37.1525,47.0891,-23.8835,0.1812945,CCCCCCCCCCCCCCCCCCCC[n+]1ccc(C=Cc2[nH][n+](CCCCCCCCCCCCCCCCCC)cc2C=C(C#N)C#N)cc1,1,C(=Cc1cc[nH+][nH]1)c1cc[nH+]cc1,0.1860411,536.0248,0.0416742,0.0417,0.4819655,3.6494,1.0000000,1.0000,[],29
34.9533,32.6624,-15.3177,0.1355058,O=C=C1C(c2ccccc2)=CC(=O)N1S(=O)(=O)c1ccccc1,1,C=C1C(c2ccccc2)=CC(=O)N1S(=O)(=O)c1ccccc1,0.1241797,378.7909,0.8095042,0.8095,0.5863491,2.6692,1.0000000,1.0000,[],29
50.5931,62.7334,51.5483,0.8928263,N#CC(C#N)=Cc1cc(-c2ccc(N(c3ccccc3)c3ccccc3)cc2)c(C#N)cc1-c1ccc2c(C#N)c3cc(N)ccc3c(-c3c4ccccc4cc4ccccc34)c2c1,1,c1ccc(N(c2ccccc2)c2ccc(-c3ccc(-c4ccc5cc6ccccc6c(-c6c7ccccc7cc7ccccc67)c5c4)cc3)cc2)cc1,0.9700912,482.2246,0.0970133,0.0970,0.4836203,3.6323,1.0000000,1.0000,[],29
44.2317,56.9543,19.9558,0.6008595,COc1cc(-c2ccc(N(c3ccc(C=Cc4ccc(N(c5ccccc5)c5ccccc5)cc4)cc3)c3ncc(-c4ccccc4)nc3-c3ccccc3)cc2)cc(OC)c1OC,1,C(=Cc1ccc(N(c2ccc(-c3ccccc3)cc2)c2ncc(-c3ccccc3)nc2-c2ccccc2)cc1)c1ccc(N(c2ccccc2)c2ccccc2)cc1,0.6371686,406.1137,0.1011332,0.1011,0.5360692,3.1175,1.0000000,1.0000,[],29
46.9524,60.3371,-60.3371,0.0000000,c12cc(ccc2n2c(c3c(cccc3)c(c2-c2ccccc2)-c2cc(N(c3ccccc3)c3ccccc3)ccc2)c(=N)c1)C=CC,0,,0.0000000,0.0000,0.0000000,0.0000,0.0000000,0.0000,0.0000000,0.0000,None,29
88.3516,103.7292,-103.7292,0.0000000,CN(C)CCN(CCCCCCN(c1ccc(N(c2ccccc2)c2cnccn2)cc1)c1ccc2oc(NC(=O)C3CCN(C(=O)OC(C)(C)C)CC3)nc2c1)c1cccc(Nc2ccc3c(-c4ccc(N(c5ccccc5)c5ccccc5)cc4)cccc3c2)c1,1,O=C(Nc1nc2cc(N(CCCCCCNc3cccc(Nc4ccc5c(-c6ccc(N(c7ccccc7)c7ccccc7)cc6)cccc5c4)c3)c3ccc(N(c4ccccc4)c4cnccn4)cc3)ccc2o1)C1CCNCC1,0.0000000,0.0000,0.0000000,0.0000,0.0000000,0.0000,0.0000000,0.0000,"['C(=[O,S])[O,S]']",29
38.0482,68.8230,45.4760,0.8929604,CCCNCc1cc(C#N)c(N(c2ccccc2)c2ccc(C=Cc3ccc(C=C(c4ccccc4)c4ccc(N(c5ccccc5)c5ccccc5)cc4)s3)cc2)cc1C=Cc1ccc(N(c2ccccc2)c2ccccc2)cc1,1,C(=Cc1cccc(N(c2ccccc2)c2ccc(C=Cc3ccc(C=C(c4ccccc4)c4ccc(N(c5ccccc5)c5ccccc5)cc4)s3)cc2)c1)c1ccc(N(c2ccccc2)c2ccccc2)cc1,0.9860476,446.2313,0.0608699,0.0609,0.4517065,3.9736,1.0000000,1.0000,[],29
71.1696,80.4198,-52.7707,0.2160090,COc1ccccc1C(=O)Nc1ccc(Nc2ccc(N(c3ccc(C=Cc4cc(Nc5ncnc6ccccc56)c(O)cc4N4CCNCC4)cc3)c3nnnn3C)cc2)cc1,1,O=C(Nc1ccc(Nc2ccc(N(c3ccc(C=Cc4cc(Nc5ncnc6ccccc56)ccc4N4CCNCC4)cc3)c3nnn[nH]3)cc2)cc1)c1ccccc1,0.2216517,386.3624,0.0552921,0.0553,0.4900319,3.5664,1.0000000,1.0000,[],29
32.8089,50.4225,66.6658,0.9147526,O=c1c(-c2ccccc2)c(-c2ccccc2)n(-c2ccc(C=Cc3cc[n+](Cc4ccc(N(c5ccccc5)c5ccccc5)cc4)cc3)cc2)c2ccccc12,1,O=c1c(-c2ccccc2)c(-c2ccccc2)n(-c2ccc(C=Cc3cc[n+](Cc4ccc(N(c5ccccc5)c5ccccc5)cc4)cc3)cc2)c2ccccc12,0.9834859,444.3728,0.1309445,0.1309,0.5408347,3.0732,1.0000000,1.0000,[],29
43.7885,56.3056,60.9047,0.9157055,CCCC[n+]1ccc(C=Cc2ccc(Nn3c(=O)c4c(=O)n(C)c(=O)n(C)c4n(C)c3=O)cc2C)cc1,1,O=c1[nH]c(=O)c2c(=O)n(Nc3ccc(C=Cc4cc[nH+]cc4)cc3)c(=O)[nH]c2[nH]1,0.9525130,487.4426,0.3855350,0.3855,0.5156177,3.3119,1.0000000,1.0000,[],29
54.8008,70.8853,8.9078,0.6233836,CCCCCC[n+]1c(-c2ccc(-c3ccccc3)cc2)c(C)c(-c2ccc3c(c2)-c2sc(N=C(c4ccccc4)c4ccccc4)cc2C3=O)c2ccc(N(CCCC)CCCC)cc21,1,O=C1c2ccc(-c3cc(-c4ccc(-c5ccccc5)cc4)[nH+]c4ccccc34)cc2-c2sc(N=C(c3ccccc3)c3ccccc3)cc21,0.6796675,511.8326,0.0489256,0.0489,0.4670671,3.8064,1.0000000,1.0000,[],29
41.7375,52.7999,65.1135,0.9211990,COc1ccc(N(c2ccc(F)cc2)c2ccc(C=Cc3ccc(C=Cc4ccccc4N=Cc4ccc(Br)cc4)s3)cc2)cc1,1,C(=Cc1ccc(C=Cc2ccccc2N=Cc2ccccc2)s1)c1ccc(N(c2ccccc2)c2ccccc2)cc1,0.9896287,449.4910,0.1341344,0.1341,0.5513537,2.9769,1.0000000,1.0000,[],29
39.5974,48.1463,-47.1642,0.0076729,c1ccc2c(c1)Oc1ccccc1N2c1ccc(-c2ccc3c(c2)N(c2ccc(-c4ccc5c(c4)sc4ccccc45)cc2)CCO3)cc1,1,c1ccc2c(c1)Oc1ccccc1N2c1ccc(-c2ccc3c(c2)N(c2ccc(-c4ccc5c(c4)sc4ccccc45)cc2)CCO3)cc1,0.0063340,345.1110,0.1892196,0.1892,0.5658122,2.8475,1.0000000,1.0000,[],29
40.5071,51.0561,-51.0561,0.0000000,C1N(C)c2c(S1)ccc(c2)N(c1ccc(-c2sc(s2)-c2ccc(N(c3ccccc3)c3ccccc3)cc2)cc1)c1cccs1,0,,0.0000000,0.0000,0.0000000,0.0000,0.0000000,0.0000,0.0000000,0.0000,None,29
37.2539,52.0798,-47.9583,0.0321988,CCCCCCOc1ccc(N(c2ccccc2)c2ccc(-c3c(-c4cccc(N(c5ccccc5)c5ccccc5)c4C#N)sc4ccccc34)cc2)cc1,1,c1ccc(N(c2ccccc2)c2ccc(-c3c(-c4cccc(N(c5ccccc5)c5ccccc5)c4)sc4ccccc34)cc2)cc1,0.0292414,361.9722,0.1039322,0.1039,0.5394810,3.0857,1.0000000,1.0000,[],29
24.2182,39.3346,57.8468,0.7592298,C(=Cc1ccc(-c2cccs2)s1)c1ccc(-c2ccc(-c3ccc(N(c4ccccc4)c4ccccc4)cc3)o2)cc1,1,C(=Cc1ccc(-c2cccs2)s1)c1ccc(-c2ccc(-c3ccc(N(c4ccccc4)c4ccccc4)cc3)o2)cc1,0.7990221,414.9853,0.1785755,0.1786,0.5880147,2.6550,1.0000000,1.0000,[],29
93.9754,99.9215,-99.9215,0.0000000,[N+]12=CC=Cc3c4c(CC=C4)[nH]c(=O)c2cc[n+]1C3=CC=CC=C1C(C(=c2c(c(F)ccc2=N1)C)C)C1=CC=C(CC1)c1ccncc1,0,,0.0000000,0.0000,0.0000000,0.0000,0.0000000,0.0000,0.0000000,0.0000,None,29
60.1795,81.2360,21.3091,0.8011335,CCc1cc(-c2ccc(N(C)CCCC[n+]3ccc(C=Cc4ccc(N=Nc5cccc(C)c5S(=O)(=O)O)cc4)cc3)cc2)ccc1N=Cc1ccc(C=Cc2cc[n+](CCCN(C)C)cc2)cc1,1,C(=Cc1ccc(C=Nc2ccc(-c3ccc(NCCCC[n+]4ccc(C=Cc5ccc(N=Nc6ccccc6)cc5)cc4)cc3)cc2)cc1)c1cc[nH+]cc1,0.9048147,495.5503,0.0253965,0.0254,0.4380274,4.1274,1.0000000,1.0000,[],29
31.3764,49.3838,68.7460,0.9228890,COc1ccc(N(c2ccccc2)c2ccc(-c3sc(-c4ccc(C=Cc5ccc(-c6cccs6)s5)s4)cc3N(c3ccccc3)c3ccccc3)cc2)cc1,1,C(=Cc1ccc(-c2cc(N(c3ccccc3)c3ccccc3)c(-c3ccc(N(c4ccccc4)c4ccccc4)cc3)s2)s1)c1ccc(-c2cccs2)s1,0.9955437,458.7271,0.1224649,0.1225,0.5219059,3.2513,1.0000000,1.0000,[],29
50.7519,59.3208,-47.5040,0.0923186,CCCCC1C=Cc2c1c(C=Cc1ccc3ccccc3c1)cc1c3ccccc3n(-c3ccc(-c4cccc5ccccc45)cc3)c21,1,C1=Cc2c(c(C=Cc3ccc4ccccc4c3)cc3c4ccccc4n(-c4ccc(-c5cccc6ccccc56)cc4)c23)C1,0.0876046,374.5586,0.1572236,0.1572,0.5007824,3.4579,1.0000000,1.0000,[],29
56.7048,70.5302,23.2706,0.7328187,COc1ccc(N2CCN(c3ccc(C=Cc4cc[n+](CCC(C)C)c(-c5ccc6c(c5)sc5cc(C(C)(C)C)ccc56)c4)cc3)c3cc(C(C)(C)C)ccc32)cc1,1,C(=Cc1cc[nH+]c(-c2ccc3c(c2)sc2ccccc23)c1)c1ccc(N2CCN(c3ccccc3)c3ccccc32)cc1,0.7794921,506.2903,0.1359591,0.1360,0.4882677,3.5845,1.0000000,1.0000,[],29
21.7773,25.4078,97.3500,0.9590452,c1ccc(Nc2ccc(N=Nc3ccc(N4CCCC4)cc3)cc2)cc1,1,c1ccc(Nc2ccc(N=Nc3ccc(N4CCCC4)cc3)cc2)cc1,0.9841532,444.8280,0.5414911,0.5415,0.6623498,2.0598,1.0000000,1.0000,[],29
27.2452,44.4434,69.8634,0.8930217,C(=Cc1ccc(C=C(c2ccccc2)c2ccccc2)s1)c1ccc(C[n+]2ccc(C=Cc3ccc(-c4ccc(N(c5ccccc5)c5ccccc5)cc4)s3)cc2)cc1,1,C(=Cc1ccc(C=C(c2ccccc2)c2ccccc2)s1)c1ccc(C[n+]2ccc(C=Cc3ccc(-c4ccc(N(c5ccccc5)c5ccccc5)cc4)s3)cc2)cc1,0.9666623,483.4415,0.1052817,0.1053,0.5117027,3.3501,1.0000000,1.0000,[],29
75.7682,97.7080,-97.7080,0.0000000,S(c1c(-c2c(c(n(CCCCCCCC)c3c2cc(-c2ccc(cc2)N(c2ccc(C4c5ccccc5S(=O)(c5ccccc45)=C(c4ccccc4)c4ccccc4)cc2)c2ccccc2)cc3)CCCC)cccc1)-c1ccccc1)CC,0,,0.0000000,0.0000,0.0000000,0.0000,0.0000000,0.0000,0.0000000,0.0000,None,29
24.1356,32.9361,-27.3643,0.0435295,CCn1c2ccc(N(c3ccccc3)c3ccccc3)cc2c2cccc(-c3ccccc3)c21,1,c1ccc(-c2cccc3c2[nH]c2ccc(N(c4ccccc4)c4ccccc4)cc23)cc1,0.0388732,365.1718,0.2606889,0.2607,0.6405690,2.2270,1.0000000,1.0000,[],29
60.3942,74.1215,7.7483,0.6396074,C[n+]1c2ccc(-c3ccc4sc5cc(-c6ccc(C(C)(C)C)cc6)ccc5c4c3)cc2c(-c2ccc(C=Cc3ccc(N(c4ccccc4)c4ccc(C#N)cc4)cc3)cc2)c2ccc(N(c3ccccc3)c3ccccc3)cc21,1,C(=Cc1ccc(N(c2ccccc2)c2ccccc2)cc1)c1ccc(-c2c3ccc(N(c4ccccc4)c4ccccc4)cc3[nH+]c3ccc(-c4ccc5sc6cc(-c7ccccc7)ccc6c5c4)cc23)cc1,0.6897440,511.3258,0.0735406,0.0735,0.4552043,3.9350,1.0000000,1.0000,[],29
53.1838,56.2161,-21.7283,0.2694357,Cn1cc(-c2cc(C=N)c(NC3CCCC3)cn2)cc1-c1cnccc1N1CCOCC1,1,c1cc(N2CCOCC2)c(-c2cc(-c3ccc(NC4CCCC4)cn3)c[nH]2)cn1,0.2594399,388.6119,0.5690033,0.5690,0.5288669,3.1851,1.0000000,1.0000,[],29
49.9944,57.0897,44.0951,0.7905063,Cn1c2sc(-c3ccc(C=C(C#N)[N+](=O)[O-])s3)cc2c2c(N(c3ccccc3)c3ccccc3)c(F)c3ccccc3c21,1,c1ccc(N(c2ccccc2)c2cc3ccccc3c3[nH]c4sc(-c5cccs5)cc4c23)cc1,0.8500394,501.1635,0.1081345,0.1081,0.4965527,3.5003,1.0000000,1.0000,[],29
49.3024,56.9427,-56.9427,0.0000000,c12c3cc(C#N)cc2ccc2c1c(c1ccc(cc1c(C=CC=O)c2)S(=O)(c1ccccc1)=O)cc3,0,,0.0000000,0.0000,0.0000000,0.0000,0.0000000,0.0000,0.0000000,0.0000,None,29
54.9293,64.8664,16.2692,0.6338717,C=C(N=c1c2cc(F)ccc2n(C)c2ccc(-n3cc(-c4ccccc4O)c4ccccc43)cc12)c1ccccc1O,1,C=C(N=c1c2ccccc2[nH]c2ccc(-n3cc(-c4ccccc4)c4ccccc43)cc12)c1ccccc1,0.6578574,407.0981,0.2174127,0.2174,0.5406109,3.0753,1.0000000,1.0000,[],29
56.0111,77.9117,38.1857,0.9070112,COc1ccc(N(c2ccccc2)c2ccc(C=Nc3ccc(Oc4ccc5ccccc5c4N=Nc4cc(-n5c6ccccc6c6c7ccccc7ccc65)ccc4C=Nc4ccccc4)cc3)cc2)cc1,1,C(=Nc1ccccc1)c1ccc(-n2c3ccccc3c3c4ccccc4ccc32)cc1N=Nc1c(Oc2ccc(N=Cc3ccc(N(c4ccccc4)c4ccccc4)cc3)cc2)ccc2ccccc12,0.9911700,451.2547,0.0853425,0.0853,0.4643507,3.8356,1.0000000,1.0000,[],29
47.3918,47.4545,-47.4313,0.0001815,CC1C(C)C(CNCCCN2CCCCC2)C(O)C(N)C1O,1,C1CCC(CNCCCN2CCCCC2)CC1,0.0001197,301.9507,0.5338921,0.5339,0.4505441,3.9865,1.0000000,1.0000,[],29
67.6001,90.8558,-90.8558,0.0000000,c1csc2n1cc(C=Cc1ccc3[nH]c(=O)ccc3c1)c2N=Cc1c(CC)c(c(s1)N=c1cc2c(cc(NCCCC)cc2)s1)C#N,0,,0.0000000,0.0000,0.0000000,0.0000,0.0000000,0.0000,0.0000000,0.0000,None,29
52.8429,70.2583,-70.2583,0.0000000,c12c(c(=O)oc(c2)C=Cc2ccccc2O)c(NCCCN(CCCC)CCCC)c(F)c(F)c(NC)c1F,0,,0.0000000,0.0000,0.0000000,0.0000,0.0000000,0.0000,0.0000000,0.0000,None,29
49.0141,63.6142,16.2677,0.6240772,CCN(CC)c1ccc(C=Nc2cc(Nc3ccc4c(c3)N(Cc3ccc(N=[N+]=N)cc3)CC4)ccc2F)c(O)c1,1,C(=Nc1cccc(Nc2ccc3c(c2)N(Cc2ccccc2)CC3)c1)c1ccccc1,0.6621312,407.3049,0.1073944,0.1074,0.5255326,3.2167,1.0000000,1.0000,[],29
113.3710,143.2125,-143.2125,0.0000000,n1c2N(C(C)=C([n+]2ccc1-c1c(oc2C=Cc3c(-c2c1)cccc3)C)C=Cc1cc(c(cc1OC)N=Cc1cc(c[n+](CCC2=C(c3c4ccccc4ccc3C2=O)C=Cc2ccc3cc(N4c5ccccc5Sc5ccccc54)ccc32)c1)C#N)C)CC,0,,0.0000000,0.0000,0.0000000,0.0000,0.0000000,0.0000,0.0000000,0.0000,None,29
56.7333,69.4119,46.2534,0.9036349,CCCNC(=O)Nc1ccc(-c2nccs2)cc1Nc1c2ccccc2c(N(c2ccccc2)c2ccccc2)c2ccc(N)c(N)c12,1,c1ccc(N(c2ccccc2)c2c3ccccc3c(Nc3cccc(-c4nccs4)c3)c3ccccc23)cc1,0.9949619,457.3886,0.0602845,0.0603,0.5414200,3.0678,1.0000000,1.0000,[],30
36.3189,50.5857,49.7649,0.7839894,CCCCc1c(N(c2ccccc2)c2ccccc2)ccc2c1c(-c1ccc(N(c3ccccc3)c3ccccc3)cc1)c1c3c(cccc32)-c2ccccc2N1c1ccccc1,1,c1ccc(N(c2ccccc2)c2ccc(-c3c4c5c(cccc5c5ccc(N(c6ccccc6)c6ccccc6)cc35)-c3ccccc3N4c3ccccc3)cc2)cc1,0.8389487,417.9193,0.1205306,0.1205,0.5205125,3.2647,1.0000000,1.0000,[],30
36.4111,40.2112,72.9425,0.8840136,COc1cc2c(=O)c(-c3ccc(N=O)cc3)c(-c3ccc(O)cc3)oc2c(OC)c1OC,1,O=c1c(-c2ccccc2)c(-c2ccccc2)oc2ccccc12,0.9132220,425.5542,0.4134820,0.4135,0.5900438,2.6378,1.0000000,1.0000,[],30
21.3457,38.2192,27.9762,0.5171522,C[n+]1ccc(C=Cc2ccc(N(c3ccc(N(c4ccccc4)c4ccccc4)cc3)c3ccc(N(c4ccccc4)c4ccccc4)cc3)s2)cc1,1,C(=Cc1ccc(N(c2ccc(N(c3ccccc3)c3ccccc3)cc2)c2ccc(N(c3ccccc3)c3ccccc3)cc2)s1)c1cc[nH+]cc1,0.5400658,518.2562,0.1245689,0.1246,0.5579436,2.9175,1.0000000,1.0000,[],30
54.2559,64.3364,-63.0140,0.0103306,CCCCCCOc1ccc(-n2c3ccc(-c4ccc[nH]4)cc3c3cc(-c4cccc5c4c4ccccc4n5CCCCCC)ccc32)cc1-c1ccccc1OC,1,c1ccc(-c2cccc(-n3c4ccc(-c5ccc[nH]5)cc4c4cc(-c5cccc6[nH]c7ccccc7c56)ccc43)c2)cc1,0.0088535,348.7744,0.0996227,0.0996,0.5257072,3.2151,1.0000000,1.0000,[],30
60.6941,71.2459,5.0219,0.5958419,CC(=C(c1ccccc1)c1ccccn1)c1ccc(N(c2ccc(-n3c4ccccc4c4ccccc43)cc2)c2ccc3c(c2)-c2ccccc2N=C(c2ccccc2)P3c2ccccc2)cc1,1,C(=C(c1ccccc1)c1ccccn1)c1ccc(N(c2ccc(-n3c4ccccc4c4ccccc43)cc2)c2ccc3c(c2)-c2ccccc2N=C(c2ccccc2)P3c2ccccc2)cc1,0.6334606,405.9400,0.1068572,0.1069,0.4282183,4.2406,1.0000000,1.0000,[],30
47.7519,57.7526,-43.9165,0.1080941,Clc1cc(-c2ccc(-c3cc(N(c4ccccc4)c4ccccc4)ccc3-n3c4ccccc4c4c(N(c5ccccc5)c5ccccc5)cccc43)s2)ccc1-c1ccc(N(c2ccccc2)c2ccccc2)cc1,1,c1ccc(N(c2ccccc2)c2ccc(-c3ccc(-c4ccc(-c5cc(N(c6ccccc6)c6ccccc6)ccc5-n5c6ccccc6c6c(N(c7ccccc7)c7ccccc7)cccc65)s4)cc3)cc2)cc1,0.1045098,376.6774,0.1143789,0.1144,0.4927456,3.5388,1.0000000,1.0000,[],30
39.0866,52.8114,-23.7632,0.2269396,COc1ccc(-c2ccc3c(c2)C(C)(C)c2ccccc2-3)cc1-c1ccc(Nc2ccccc2)c(C=Cc2ccc(N(c3ccccc3)c3ccccc3)cc2)c1,1,C(=Cc1cc(-c2cccc(-c3ccc4c(c3)Cc3ccccc3-4)c2)ccc1Nc1ccccc1)c1ccc(N(c2ccccc2)c2ccccc2)cc1,0.2261244,386.6419,0.1415266,0.1415,0.5467118,3.0192,1.0000000,1.0000,[],30
42.4305,43.9571,-43.9571,0.0000000,CC(C)(CC(=O)O)OC(=O)c1cc2ccc(-c3cc4ccccc4s3)cc2s1,1,c1ccc2sc(-c3ccc4ccsc4c3)cc2c1,0.0000000,0.0000,0.0000000,0.0000,0.0000000,0.0000,0.0000000,0.0000,"['C(=[O,S])[O,S]']",30
58.5128,70.4888,-51.2637,0.1501956,COc1ccc2c3c(c(-c4ccc(N(c5ccccc5)c5ccccc5)cc4)cc2c1)N(C1c2ccccc2S(=O)(=O)c2ccc4ccccc4c2N1C)c1ccccc1C3,1,O=S1(=O)c2ccccc2C(N2c3ccccc3Cc3c2c(-c2ccc(N(c4ccccc4)c4ccccc4)cc2)cc2ccccc32)Nc2c1ccc1ccccc21,0.1462758,380.8464,0.1666987,0.1667,0.4510999,3.9803,1.0000000,1.0000,[],30
60.1889,84.6939,30.6915,0.9014485,C[n+]1ccc(-c2ccc(-c3cc4c(C=Cc5ccc(N(c6ccc(F)cc6)c6ccc(F)c(-c7cc(N(c8ccccc8)c8ccccc8)ccc7N(c7ccccc7)c7ccccc7)c6)cc5)ccc(N(c5ccccc5)c5ccccc5)c4s3)nc2)cc1,1,C(=Cc1ccc(N(c2ccccc2)c2ccccc2)c2sc(-c3ccc(-c4cc[nH+]cc4)cn3)cc12)c1ccc(N(c2ccccc2)c2cccc(-c3cc(N(c4ccccc4)c4ccccc4)ccc3N(c3ccccc3)c3ccccc3)c2)cc1,0.9944031,456.2403,0.0669581,0.0670,0.4208468,4.3274,1.0000000,1.0000,[],30
64.5617,75.2433,-75.2433,0.0000000,CN1C2NC3N(c4ccc(C(=O)c5c(cccc5)C#N)cc4)C(c4c3cccc4N=2)=C(c2ccc(N(c3ccccc3)c3ccccc3)cc2)C#N1,0,,0.0000000,0.0000,0.0000000,0.0000,0.0000000,0.0000,0.0000000,0.0000,None,30
30.5237,38.8444,-38.4654,0.0029614,c1ccc(N(c2ccc3ccc4c5ccccc5n(-c5ccc(-n6c7ccccc7c7ccccc76)cc5)c4c3c2)c2ccccn2)cc1,1,c1ccc(N(c2ccc3ccc4c5ccccc5n(-c5ccc(-n6c7ccccc7c7ccccc76)cc5)c4c3c2)c2ccccn2)cc1,0.0023238,334.1805,0.1899505,0.1900,0.5784956,2.7366,1.0000000,1.0000,[],30
29.2743,37.2157,68.2893,0.8242572,CCCCCCCC[n+]1ccc(-c2cnc(-[n+]3ccc(-c4ccccc4)cc3)s2)cc1,1,c1ccc(-c2cc[n+](-c3ncc(-c4cc[nH+]cc4)s3)cc2)cc1,0.8678147,420.4311,0.2109154,0.2109,0.5516890,2.9739,1.0000000,1.0000,[],30
27.7984,33.8290,87.3736,0.9468950,Cn1c(C=Cc2cc3c4c(c2)CCCN4CCC3)nc2ccccc2c1=O,1,O=c1[nH]c(C=Cc2cc3c4c(c2)CCCN4CCC3)nc2ccccc12,0.9651225,436.0509,0.7000731,0.7001,0.6021566,2.5362,1.0000000,1.0000,[],30
31.3309,35.3247,-33.8441,0.0115673,COc1cc(C=Cc2nc3c(-c4ccccc4)cccc3[nH]2)cc(OC)c1OC,1,C(=Cc1nc2c(-c3ccccc3)cccc2[nH]1)c1ccccc1,0.0094524,349.4917,0.4802676,0.4803,0.6327204,2.2886,1.0000000,1.0000,[],30
38.1142,59.0231,-30.1776,0.2253554,CCCCCCC1CCCCN1c1ccc(-c2ccc(N(c3ccccc3)c3ccccc3)cc2)c(C=Cc2ccc(Nc3ccc(C=Cc4ccc(N(c5ccccc5)c5ccccc5)cc4)cc3)cc2)c1,1,C(=Cc1ccc(N(c2ccccc2)c2ccccc2)cc1)c1ccc(Nc2ccc(C=Cc3cc(N4CCCCC4)ccc3-c3ccc(N(c4ccccc4)c4ccccc4)cc3)cc2)cc1,0.2310115,386.9428,0.0643918,0.0644,0.4545307,3.9424,1.0000000,1.0000,[],30
63.4465,70.9867,37.3179,0.8461297,CNc1cccc(N=Nc2c(N)c(N=Nc3ccccc3)c(C)c3c(O)c(O)cc(C=Nc4ccc(N=Nc5ccc(C)cc5)c(C)c4C)c23)c1,1,C(=Nc1ccc(N=Nc2ccccc2)cc1)c1cccc2cc(N=Nc3ccccc3)cc(N=Nc3ccccc3)c12,0.9359350,490.8844,0.0518273,0.0518,0.4632746,3.8472,1.0000000,1.0000,[],30
34.0294,38.1944,-38.1944,0.0000000,c1ccc2c(c1)cccc1cccc3c4cccc5c4c(c2c13)c1oc2ccccc2n51,1,c1ccc2c(c1)cccc1cccc3c4cccc5c4c(c2c13)c1oc2ccccc2n51,0.0000000,0.0000,0.0000000,0.0000,0.0000000,0.0000,0.0000000,0.0000,['[*;r{8-17}]'],30
45.7570,58.3343,39.9365,0.7677409,CC[N+](CC)(CC)CCC[n+]1ccc(C[n+]2cccc(C=Cc3cc[n+](CCc4cccc5sc(-c6ccccc6)nc45)cc3)c2)cc1,1,C(=Cc1ccc[n+](Cc2cc[nH+]cc2)c1)c1cc[n+](CCc2cccc3sc(-c4ccccc4)nc23)cc1,0.8319706,417.3681,0.0828494,0.0828,0.4766190,3.7052,1.0000000,1.0000,[],30
21.2877,24.5447,-21.7417,0.0218987,Cn1c(=N)ccc2occc21,1,N=c1ccc2occc2[nH]1,0.0184323,356.8415,0.5998359,0.5998,0.5480922,3.0066,1.0000000,1.0000,[],30
46.6049,51.6714,-37.3950,0.1115349,CC1c2ccccc2-c2ccc(N(c3ccc(-c4cccc5c4oc4ccccc45)cc3)c3ccc4c(c3)C(c3ccccc3)(c3ccccc3)c3cccc(N)c3-4)cc21,1,c1ccc(C2(c3ccccc3)c3ccccc3-c3ccc(N(c4ccc(-c5cccc6c5oc5ccccc56)cc4)c4ccc5c(c4)Cc4ccccc4-5)cc32)cc1,0.1067503,376.9349,0.1713440,0.1713,0.4701184,3.7739,1.0000000,1.0000,[],30
50.0678,74.0224,38.3254,0.8777173,Brc1ccccc1-c1c(-c2ccc(N(c3ccc(C=Cc4ccc(C=Cc5ccc(-c6cccs6)s5)cc4)cc3)c3ccc(-c4ccc(N(c5ccccc5)c5ccccc5)s4)s3)cc2N(c2ccccc2)c2ccccc2)c2ccccc2c2ccccc12,1,C(=Cc1ccc(N(c2ccc(-c3c(-c4ccccc4)c4ccccc4c4ccccc34)c(N(c3ccccc3)c3ccccc3)c2)c2ccc(-c3ccc(N(c4ccccc4)c4ccccc4)s3)s2)cc1)c1ccc(C=Cc2ccc(-c3cccs3)s2)cc1,0.9669223,436.6464,0.0664495,0.0664,0.4245160,4.2840,1.0000000,1.0000,[],30
31.5396,45.4852,-24.1150,0.1669548,c1ccc(N(c2ccccc2)c2ccc(-c3c4ccc(N(c5ccccc5)c5ccccc5)cc4c(-c4ccc(N(c5ccccc5)c5ccccc5)c5oc6ccccc6c45)c4cc5ccccc5cc34)cc2)cc1,1,c1ccc(N(c2ccccc2)c2ccc(-c3c4ccc(N(c5ccccc5)c5ccccc5)cc4c(-c4ccc(N(c5ccccc5)c5ccccc5)c5oc6ccccc6c45)c4cc5ccccc5cc34)cc2)cc1,0.1648005,537.6208,0.1205030,0.1205,0.5045636,3.4203,1.0000000,1.0000,[],30
37.1235,39.1602,82.4602,0.9501596,O=C1c2cccc(Nc3cccc4c3N=S=N4)c2C(=O)N1c1ccccc1O,1,O=C1c2cccc(Nc3cccc4c3N=S=N4)c2C(=O)N1c1ccccc1,0.9799381,442.2207,0.4990531,0.4991,0.5763323,2.7554,1.0000000,1.0000,[],30
45.3404,71.3932,-1.2745,0.5478026,CCCCOc1ccc(N(c2ccc(C=Cc3ccc(N(c4ccccc4)c4ccccc4)cc3)cc2)c2cc3c(cc2C)c2ccc4c(c2c2cc(N(c5ccccc5)c5ccccc5)ccc32)C(=C(C#N)C#N)c2ccccc2-4)cc1,1,C=C1c2ccccc2-c2ccc3c4ccc(N(c5ccccc5)c5ccc(C=Cc6ccc(N(c7ccccc7)c7ccccc7)cc6)cc5)cc4c4ccc(N(c5ccccc5)c5ccccc5)cc4c3c21,0.5958605,515.7847,0.0441061,0.0441,0.4416603,4.0861,1.0000000,1.0000,[],30
54.5128,59.3059,-59.3059,0.0000000,c12ccccc1nc3-c1n(c(=O)c4C(C(=O)C(=Cc4nc1c1ccccc1)C3=O)=O)c2O,0,,0.0000000,0.0000,0.0000000,0.0000,0.0000000,0.0000,0.0000000,0.0000,None,30
32.6889,50.5169,59.1080,0.8564448,CCCCCCCCCCCCCCCCCCCCCCCCC(=O)c1ccc(-c2ccc(-c3cc4c(s3)-c3ccc(N(c5ccccc5)c5ccccc5)cc3C4=O)s2)s1,1,O=C1c2cc(N(c3ccccc3)c3ccccc3)ccc2-c2sc(-c3ccc(-c4cccs4)s3)cc21,0.9581082,486.0179,0.0347340,0.0347,0.5089134,3.3774,1.0000000,1.0000,[],30
34.1726,39.7366,-38.1913,0.0120726,c1cc(-c2ccc(-n3c4ccccc4c4ccccc43)cc2)nc(N(c2ccc3sc4ccccc4c3c2)c2cccc3ccccc23)c1,1,c1cc(-c2ccc(-n3c4ccccc4c4ccccc43)cc2)nc(N(c2ccc3sc4ccccc4c3c2)c2cccc3ccccc23)c1,0.0102104,350.3375,0.1860542,0.1861,0.5703766,2.8073,1.0000000,1.0000,[],30
37.0352,57.3706,40.3025,0.7630710,CC(=O)Nc1ccc(-c2c(-c3ccc(C=Cc4csc(C=Cc5ccc(N(c6ccccc6)c6ccccc6)cc5)c4)s3)sc3cc(N(c4ccccc4)c4ccccc4)ccc23)cc1,1,C(=Cc1cc(C=Cc2ccc(-c3sc4cc(N(c5ccccc5)c5ccccc5)ccc4c3-c3ccccc3)s2)cs1)c1ccc(N(c2ccccc2)c2ccccc2)cc1,0.8154825,416.1344,0.1252496,0.1252,0.4890871,3.5761,1.0000000,1.0000,[],30
27.2040,44.0127,73.1195,0.9150953,O=C(C=Cc1ccc(N2CCCCC2)cc1)Nc1ccc(Nc2ccc(N=Nc3ccc(N(c4ccccc4)c4ccccc4)cc3)cc2)cc1,1,O=C(C=Cc1ccc(N2CCCCC2)cc1)Nc1ccc(Nc2ccc(N=Nc3ccc(N(c4ccccc4)c4ccccc4)cc3)cc2)cc1,0.9892710,449.1189,0.1064366,0.1064,0.5691214,2.8183,1.0000000,1.0000,[],30
38.0135,45.9861,-15.2931,0.2397887,CCCCN(CCCC)c1c(-c2ccc3c(ccc4[nH]ncc43)n2)sc2ccccc12,1,c1ccc2sc(-c3ccc4c(ccc5[nH]ncc54)n3)cc2c1,0.2342523,387.1400,0.2799454,0.2799,0.5765647,2.7533,1.0000000,1.0000,[],30
49.1108,56.2676,64.8501,0.9462322,C=CCn1c(O)nc2sc(C)c(-c3ccc(N=Nc4c(CC)c(C#N)c(N)n(C)c4=O)cc3)c2c1=O,1,O=c1[nH]cccc1N=Nc1ccc(-c2csc3nc[nH]c(=O)c23)cc1,0.9950178,457.5103,0.2939642,0.2940,0.5017397,3.4484,1.0000000,1.0000,[],30
43.3550,57.9410,-23.1478,0.2718223,C[N+](c1ccccc1)=c1c2ccc3ccccc3c2ccc2nc(-c3ccc(N(c4ccccc4)c4ccccc4)cc3)c(-c3ccccc3)n12,1,c1ccc([NH+]=c2c3ccc4ccccc4c3ccc3nc(-c4ccc(N(c5ccccc5)c5ccccc5)cc4)c(-c4ccccc4)n23)cc1,0.2720135,389.3117,0.1664815,0.1665,0.5484832,3.0030,1.0000000,1.0000,[],30
71.1521,85.8136,23.2405,0.8519851,CCCCCCCCCCCCCCCCN1C(=O)C(=Cc2cc3c(c4ccccc4n3CCCCCCCCN=Cc3cc4c(c5ccccc5n4CCCCCCCCCCCCCC)n3-c3ccc(N(c4ccccc4)c4ccccc4)cc3)n2-c2ccccc2)c2ccccc21,1,O=C1Nc2ccccc2C1=Cc1cc2c(c3ccccc3n2CCCCCCCCN=Cc2cc3[nH]c4ccccc4c3n2-c2ccc(N(c3ccccc3)c3ccccc3)cc2)n1-c1ccccc1,0.9724715,481.2976,0.0217067,0.0217,0.3913439,4.6908,1.0000000,1.0000,[],30
38.3618,48.1606,-42.6078,0.0433814,CC1(C)c2ccccc2-c2ccc(N(c3ccccc3)c3ccccc3)cc2-c2ccc(N(c3cccc(-c4ccccc4)c3)c3ccc(N(c4ccccc4)c4ccccc4)cc3-c3ccccc3)cc21,1,c1ccc(-c2cccc(N(c3ccc4c(c3)Cc3ccccc3-c3ccc(N(c5ccccc5)c5ccccc5)cc3-4)c3ccc(N(c4ccccc4)c4ccccc4)cc3-c3ccccc3)c2)cc1,0.0397755,365.4311,0.1279735,0.1280,0.5281945,3.1915,1.0000000,1.0000,[],30
21.8108,31.2624,-13.4681,0.1390175,C(=Cc1ccc(N(c2ccccc2)c2ccccc2)cc1)c1ccc(-c2ccc(-n3c4ccccc4c4ccccc43)cc2)cc1,1,C(=Cc1ccc(N(c2ccccc2)c2ccccc2)cc1)c1ccc(-c2ccc(-n3c4ccccc4c4ccccc43)cc2)cc1,0.1338218,379.7230,0.1681602,0.1682,0.6380647,2.2466,1.0000000,1.0000,[],30
67.5065,93.6363,-93.5071,0.0010088,CNc1c(-c2c(C=Cc3c(C=C(C#N)C#N)sc4cc(N(c5ccccc5)c5ccc(OC)cc5)ccc34)oc(C=Cc3cccc[n+]3C)c2C)ccc(B(O)O)c1N,1,C(=Cc1cc(-c2ccccc2)c(C=Cc2csc3cc(N(c4ccccc4)c4ccccc4)ccc23)o1)c1cccc[nH+]1,0.0007902,597.5480,0.0410914,0.0411,0.4251843,4.2762,1.0000000,1.0000,[],30
50.5730,62.3618,-62.3618,0.0000000,c1cccc2C(C(CC)=C(c12)c1ccc(N(c2c(-c3cccc4nc(c(n4)-c4ccccc4)-c4ccccc4)cccc32)c2ccccc2)cc1)(C)C,0,,0.0000000,0.0000,0.0000000,0.0000,0.0000000,0.0000,0.0000000,0.0000,None,30
31.0861,41.7886,-11.0587,0.2400775,c1ccc(-c2ccc(N(c3ccc(-c4ccc(-n5c6ccccc6c6ccccc65)cc4)cc3)c3ccc4sc5c6cc(N(c7ccccc7)c7ccccc7)ccc6sc5c4c3)cc2)cc1,1,c1ccc(-c2ccc(N(c3ccc(-c4ccc(-n5c6ccccc6c6ccccc65)cc4)cc3)c3ccc4sc5c6cc(N(c7ccccc7)c7ccccc7)ccc6sc5c4c3)cc2)cc1,0.2398823,387.4779,0.1430332,0.1430,0.5426289,3.0566,1.0000000,1.0000,[],30
43.3514,52.6398,-52.6398,0.0000000,c12cc3=NC(=O)c4c(c5ccccc5cc4)c3=Cc2cccc1-c1c2c(c(N(c3ccccc3)c3ccccc3)cc1)cccc2,0,,0.0000000,0.0000,0.0000000,0.0000,0.0000000,0.0000,0.0000000,0.0000,None,30
45.1983,65.6668,41.2337,0.8351603,C(=Cc1ccc2c(c1)N(c1ccccc1)c1ccccc1N2c1ccccc1)c1ccc(N(c2ccc(-c3ccc(N(c4ccccc4)c4ccccc4)cc3)c(-c3ccc(N(c4ccccc4)c4ccccc4)cc3)c2)c2cccc3c2oc2ccc(N(c4ccccc4)c4ccccc4)cc23)cc1,1,C(=Cc1ccc2c(c1)N(c1ccccc1)c1ccccc1N2c1ccccc1)c1ccc(N(c2ccc(-c3ccc(N(c4ccccc4)c4ccccc4)cc3)c(-c3ccc(N(c4ccccc4)c4ccccc4)cc3)c2)c2cccc3c2oc2ccc(N(c4ccccc4)c4ccccc4)cc23)cc1,0.9131959,425.5506,0.0791797,0.0792,0.4109447,4.4465,1.0000000,1.0000,[],30
22.9407,35.9358,-30.8151,0.0400048,O=c1oc2cc(N(c3ccccc3)c3ccccc3)ccc2n2nccc12,1,O=c1oc2cc(N(c3ccccc3)c3ccccc3)ccc2n2nccc12,0.0349637,363.9768,0.4623366,0.4623,0.6114401,2.4597,1.0000000,1.0000,[],30
39.7480,67.1783,44.3786,0.8715384,CCn1c2ccc(C=C(C#N)c3cc(N=Nc4ccc(N(c5ccccc5)c5ccccc5)cc4)ccc3-c3ccc(N(c4ccccc4)c4ccccc4)cc3)cc2c2cc(N(c3ccccc3)c3ccccc3)ccc21,1,C(=Cc1cc(N=Nc2ccc(N(c3ccccc3)c3ccccc3)cc2)ccc1-c1ccc(N(c2ccccc2)c2ccccc2)cc1)c1ccc2[nH]c3ccc(N(c4ccccc4)c4ccccc4)cc3c2c1,0.9615116,434.9406,0.0583126,0.0583,0.4735248,3.7378,1.0000000,1.0000,[],30
56.4190,75.6892,-75.6892,0.0000000,O(c1ccc(cc1)-c1c2c(c(N3CCOCC3)c3c(-c4ccc(N5c6ccc(OCC)cc6)ccc5CC4=C(O)C=C3)c2O)ccc1)CCCC,0,,0.0000000,0.0000,0.0000000,0.0000,0.0000000,0.0000,0.0000000,0.0000,None,30
53.8406,66.7550,-33.3304,0.2611302,CCCCCCc1c(-n2c3ccc(O)cc3c3ccc(C=Cc4c(-c5ccccc5)sc5ccccc45)cc32)ccc(N(c2ccccc2)c2ccccc2)c1O,1,C(=Cc1c(-c2ccccc2)sc2ccccc12)c1ccc2c3ccccc3n(-c3ccc(N(c4ccccc4)c4ccccc4)cc3)c2c1,0.2637245,388.8528,0.1219481,0.1219,0.5116190,3.3509,1.0000000,1.0000,[],30
33.1249,49.3064,50.4350,0.7792303,C(C=Cc1ccc(N(c2ccc(C=C(c3ccccc3)c3ccc(N(c4ccccc4)c4ccccc4)cc3)cc2)c2ccc(-c3ccc(N4c5ccccc5CCc5ccccc54)cc3)cc2)cc1)=Cc1ccc(N(c2ccccc2)c2ccccc2)cc1,1,C(C=Cc1ccc(N(c2ccc(C=C(c3ccccc3)c3ccc(N(c4ccccc4)c4ccccc4)cc3)cc2)c2ccc(-c3ccc(N4c5ccccc5CCc5ccccc54)cc3)cc2)cc1)=Cc1ccc(N(c2ccccc2)c2ccccc2)cc1,0.8512567,418.9406,0.0665307,0.0665,0.4686866,3.7891,1.0000000,1.0000,[],30
37.4294,39.7099,-39.7099,0.0000000,c12c(ccc(-n3c4ccccc4c4cc5ccccc5cc43)c1)c1nc(-c3ccccc3)sc1c1c(cccc1)c2,0,,0.0000000,0.0000,0.0000000,0.0000,0.0000000,0.0000,0.0000000,0.0000,None,30
50.8338,68.7101,-68.7101,0.0000000,N=c1ccc2ccc3c4c(c(-c5ccc(-c6ccccc6)cc5)cc(c2cc1-c1ccccc1)CCC4=O)C=C3c1ccccc1,1,N=c1ccc2ccc3c4c(c(-c5ccc(-c6ccccc6)cc5)cc(c2cc1-c1ccccc1)CCC4=O)C=C3c1ccccc1,0.0000000,0.0000,0.0000000,0.0000,0.0000000,0.0000,0.0000000,0.0000,['[*;r{8-17}]'],30
25.2574,30.7190,-28.0734,0.0206684,Nc1ccccc1C=Cc1ccc(-c2ccccc2N)cc1,1,C(=Cc1ccc(-c2ccccc2)cc1)c1ccccc1,0.0173239,356.1559,0.5419000,0.5419,0.6742206,1.9710,1.0000000,1.0000,[],30
40.0994,52.2549,63.4107,0.9036377,Cn1c2ccccc2c2cc(C=Cc3ccc(C=Cc4ccc(C=C(c5ccccc5)c5cc6ccccn6n5)s4)cc3)ccc21,1,C(=Cc1ccc2[nH]c3ccccc3c2c1)c1ccc(C=Cc2ccc(C=C(c3ccccc3)c3cc4ccccn4n3)s2)cc1,0.9640890,435.7223,0.1648243,0.1648,0.5353279,3.1244,1.0000000,1.0000,[],30
53.6176,60.2765,-60.2765,0.0000000,n1cc2n(c(c(Cl)n2)-c2nc(nc(o2)-c2ccccc2)-c2cccc(c2)-c2cc3c(cc2)n(-c2ccccc2)c2ccccc32)cc1,0,,0.0000000,0.0000,0.0000000,0.0000,0.0000000,0.0000,0.0000000,0.0000,None,30
21.5450,24.6672,-24.2260,0.0034469,c1ccc2c(c1)Sc1ccccc1N2c1ccc2ccccc2c1,1,c1ccc2c(c1)Sc1ccccc1N2c1ccc2ccccc2c1,0.0026697,335.6905,0.3342331,0.3342,0.6736528,1.9752,1.0000000,1.0000,[],30
36.9330,40.3503,-33.2718,0.0553012,CCC(CC)N(CCO)C1C=Nc2ccccc2N1c1ccc(C)cc1,1,C1=Nc2ccccc2N(c2ccccc2)C1,0.0485165,367.6872,0.7885186,0.7885,0.5149837,3.3181,1.0000000,1.0000,[],30
23.9480,29.2615,-28.7588,0.0039273,Cn1c2cc(C#N)ccc2c2ccc(-c3ccccc3)cc21,1,c1ccc(-c2ccc3c(c2)[nH]c2ccccc23)cc1,0.0030261,337.0551,0.4893462,0.4893,0.6728497,1.9812,1.0000000,1.0000,[],30
42.8561,60.8357,56.7975,0.9190096,N#CC(=Cc1ccc(-c2ccc(C=Cc3cc(-c4cc(N(c5ccccc5)c5ccccc5)cc5ccccc45)on3)s2)s1)c1nc2ccccc2s1,1,C(=Cc1ccc(-c2ccc(C=Cc3nc4ccccc4s3)s2)s1)c1cc(-c2cc(N(c3ccccc3)c3ccccc3)cc3ccccc23)on1,0.9881462,471.9759,0.1380562,0.1381,0.5033981,3.4319,1.0000000,1.0000,[],30
37.8090,49.6771,-49.6771,0.0000000,c1ccc2C(=O)C(=C(c3ccccc3)c3c2c1c1ccc(-c2ccc(N(c4ccccc4)c4ccccc4)cc2)cc1S3)C#N,0,,0.0000000,0.0000,0.0000000,0.0000,0.0000000,0.0000,0.0000000,0.0000,None,30
34.5247,53.6058,55.5782,0.8529999,C(=Cc1ccc(-c2ccccc2-c2nnc(-c3cccc4ccccc34)o2)s1)c1ccc(-c2ccc(N(c3ccccc3)c3ccccc3)cc2)s1,1,C(=Cc1ccc(-c2ccccc2-c2nnc(-c3cccc4ccccc34)o2)s1)c1ccc(-c2ccc(N(c3ccccc3)c3ccccc3)cc2)s1,0.9095140,425.0557,0.1499063,0.1499,0.5498885,2.9902,1.0000000,1.0000,[],30
40.5366,45.7993,-44.8581,0.0073538,c1ccc(-c2ccc3c(c2)c2ccccc2n3-c2ccc(N(c3ccccc3)c3ccc(-c4c5ccccc5n5nc(-c6ccccc6)n(-c6ccccc6)c45)cc3)cc2)cc1,1,c1ccc(-c2ccc3c(c2)c2ccccc2n3-c2ccc(N(c3ccccc3)c3ccc(-c4c5ccccc5n5nc(-c6ccccc6)n(-c6ccccc6)c45)cc3)cc2)cc1,0.0061028,344.7047,0.1533809,0.1534,0.5423374,3.0593,1.0000000,1.0000,[],30
35.0725,55.6681,-55.6681,0.0000000,c1(cn2c(N(CCC2)c2ccc(cc2)C=CC(c2ccccc2)=C(c2ccccc2)c2ccccc2)cc1)=N,0,,0.0000000,0.0000,0.0000000,0.0000,0.0000000,0.0000,0.0000000,0.0000,None,30
88.5862,101.5302,-101.5302,0.0000000,CCCCCCc1c(C2C=CC3=CC=C(C(c4ccc(-c5cccs5)s4)=C2)C(C)=C2C=CCCC2N3C2=CC=C(c3ccccc3)CC2)c2cc(F)c(CC(CC)CCC)cc2c2scc(-c3ccccc3)c12,1,C1=CC2=CC3=CC=C(C=CC(c4cc5c(-c6ccccc6)csc5c5ccccc45)C=C3c3ccc(-c4cccs4)s3)N(C3=CC=C(c4ccccc4)CC3)C2CC1,0.0000000,0.0000,0.0000000,0.0000,0.0000000,0.0000,0.0000000,0.0000,['[*;r{8-17}]'],30
84.6304,108.2537,-108.2235,0.0002359,C=c1c(OCCCCCC)c(N(CCOCCCCCCC)c2ccc(CC3CCCCC3)cc2)sc1=Cc1sc(C=Cc2ccc(N3c4ccccc4C=Cc4cc(-c5ccc(C=Cc6cccs6)s5)ccc43)cc2)c2sc(C=C(C#N)C#N)cc12,1,C=c1cc(Nc2ccc(CC3CCCCC3)cc2)sc1=Cc1sc(C=Cc2ccc(N3c4ccccc4C=Cc4cc(-c5ccc(C=Cc6cccs6)s5)ccc43)cc2)c2sccc12,0.0001722,614.0991,0.0377328,0.0377,0.3645956,5.0448,1.0000000,1.0000,[],30
52.4898,61.2527,-61.2527,0.0000000,C1=Cc2ccccc2C(c2cccc3ncccc23)=Nc2cc(-c3cccc(-c4c(-c5ccccc5)ccc5cc6ccccc6cc45)c3)ccc21,1,C1=Cc2ccccc2C(c2cccc3ncccc23)=Nc2cc(-c3cccc(-c4c(-c5ccccc5)ccc5cc6ccccc6cc45)c3)ccc21,0.0000000,0.0000,0.0000000,0.0000,0.0000000,0.0000,0.0000000,0.0000,['[*;r{8-17}]'],30
36.4516,51.5387,61.8188,0.8856057,N#Cc1c(-c2ccc(C=Cc3ccc(N(c4ccccc4)c4ccccc4)cc3)s2)cc(-c2cccs2)nc1Nc1ccc([N+](=O)[O-])cc1,1,C(=Cc1ccc(-c2cc(Nc3ccccc3)nc(-c3cccs3)c2)s1)c1ccc(N(c2ccccc2)c2ccccc2)cc1,0.9543306,433.0018,0.1146491,0.1146,0.5460978,3.0248,1.0000000,1.0000,[],30
30.2130,36.9847,-27.3782,0.0750508,c1ccc(-c2cc(-c3ccc(N(c4ccccc4)c4ccc(-c5cccc6ccccc56)cc4)c4ccccc34)cc(-c3ccccc3)n2)cc1,1,c1ccc(-c2cc(-c3ccc(N(c4ccccc4)c4ccc(-c5cccc6ccccc56)cc4)c4ccccc34)cc(-c3ccccc3)n2)cc1,0.0699817,371.9123,0.1706180,0.1706,0.6066882,2.4987,1.0000000,1.0000,[],31
24.9455,26.2955,-26.2955,0.0000000,CC(=O)NC(C=Cc1ccc(O)cc1)C(=O)O,1,c1ccccc1,0.0000000,0.0000,0.0000000,0.0000,0.0000000,0.0000,0.0000000,0.0000,"['C(=[O,S])[O,S]']",31
81.1331,93.3538,-93.3538,0.0000000,CC(COc1ccc(cc1)C=Cc1cc[n+](cc1)CCOC(C=Cc1c(cc2c(oc(c2[n+](c1)CC)CC)CC)NCCN(CC(O)=O)CC(NCCN)=O)=O)C,0,,0.0000000,0.0000,0.0000000,0.0000,0.0000000,0.0000,0.0000000,0.0000,None,31
24.3220,32.2828,-19.0441,0.1034278,c1ccc(N(c2ccccc2)c2ccc(-c3ccc4c5c(cccc35)-c3ccccc3-4)c3ccccc23)cc1,1,c1ccc(N(c2ccccc2)c2ccc(-c3ccc4c5c(cccc35)-c3ccccc3-4)c3ccccc23)cc1,0.0969574,375.7718,0.2346229,0.2346,0.6511936,2.1447,1.0000000,1.0000,[],31
30.5432,48.1084,65.6460,0.8887061,CCCCCCOc1ccc(N(c2ccc(OC)cc2)c2ccc(-c3ccc(C=Cc4ccc(-c5cc6ccc(N(c7ccccc7)c7ccccc7)cc6s5)s4)cc3)cc2)cc1,1,C(=Cc1ccc(-c2cc3ccc(N(c4ccccc4)c4ccccc4)cc3s2)s1)c1ccc(-c2ccc(N(c3ccccc3)c3ccccc3)cc2)cc1,0.9680312,437.0291,0.0851906,0.0852,0.5159125,3.3091,1.0000000,1.0000,[],31
46.3755,64.8419,-64.8419,0.0000000,s1c2c(c3ccc(cc3s2)-c2ccc(s2)-c2ccc(N(c3cc4C=Cc5c(cccc5)N4c4ccccc4)c4ccccc43)cc2)c(N(c2cccs2)c2ccccc2)c1,0,,0.0000000,0.0000,0.0000000,0.0000,0.0000000,0.0000,0.0000000,0.0000,None,31
31.4641,31.6794,-31.6794,0.0000000,CN(Cc1ccccc1C=O)C(Cc1ccccc1)C(=O)O,1,c1ccc(CCNCc2ccccc2)cc1,0.0000000,0.0000,0.0000000,0.0000,0.0000000,0.0000,0.0000000,0.0000,"['C(=[O,S])[O,S]']",31
42.3396,53.6665,-53.6665,0.0000000,O(c1ccc2c(c1)C(C(=Cc1cc3cc(ccc3o1)N(c1ccccc1)c1ccccc1)c1ccccc1)[n+]1c-2cccc1)(C)C,0,,0.0000000,0.0000,0.0000000,0.0000,0.0000000,0.0000,0.0000000,0.0000,None,31
76.4850,93.6377,-93.6377,0.0000000,O=C(c1c2-c(c(-c3oc4ccc(Br)cc4n3)c(-c3ccc(cc3)C)c(c2-c2c1sc(-c1ccc(-c3ccc(cc3)C(O)=O)cc1)c2OC)-c1ccc(N(c2ccccc2)c2ccccc2)cc1)c1ccccc1)c1ccccc1,0,,0.0000000,0.0000,0.0000000,0.0000,0.0000000,0.0000,0.0000000,0.0000,None,31
46.0501,74.7328,32.2252,0.8356100,CN(CCO)c1ccc(N=Nc2c(Nc3ccc(C=Cc4ccc(N(c5ccccc5)c5ccccc5)cc4)cc3)cc(C#N)cc2C(c2ccccc2)N(c2ccccc2)c2ccccc2)cc1,1,C(=Cc1ccc(N(c2ccccc2)c2ccccc2)cc1)c1ccc(Nc2cccc(C(c3ccccc3)N(c3ccccc3)c3ccccc3)c2N=Nc2ccccc2)cc1,0.9161845,494.0335,0.0698847,0.0699,0.4359311,4.1514,1.0000000,1.0000,[],31
65.1686,73.9306,-57.0666,0.1317499,CCCCCCN1c2ccccc2Sc2ccc(-c3ccc4c5ccc6cc7c(cc6c5n(C)c4c3)C(C)=C(c3ccc4c(c3)C(C)(CCCCCC)c3ccccc3-4)C7)cc21,1,C1=C(c2ccc3c(c2)Cc2ccccc2-3)Cc2cc3ccc4c5ccc(-c6ccc7c(c6)Nc6ccccc6S7)cc5[nH]c4c3cc21,0.1290552,379.2696,0.1134089,0.1134,0.4402625,4.1019,1.0000000,1.0000,[],31
49.6653,73.4836,-72.5676,0.0071560,COc1ccc(N(c2ccccc2)c2ccc(C=Cc3cc4c(cc3C3(c5ccccc5)c5ccccc5-c5ccccc53)C=CC(=C3C=C(N(c5ccccc5)c5ccccc5)C=CC3=O)O4)cc2OC)cc1,1,O=C1C=CC(N(c2ccccc2)c2ccccc2)=CC1=C1C=Cc2cc(C3(c4ccccc4)c4ccccc4-c4ccccc43)c(C=Cc3ccc(N(c4ccccc4)c4ccccc4)cc3)cc2O1,0.0060566,575.3784,0.0898244,0.0898,0.4440091,4.0596,1.0000000,1.0000,[],31
67.0235,84.7641,-84.7641,0.0000000,CCCCCCCCCCCCCCCCCCc1c(C=Cc2ccc(-c3ccc(C=CC4=CC=C5C=CC=CC=CC=C4N5c4ccccc4)cc3)cc2)ccc2c1C(CCC)(CCC)c1c-2ccc2c1-c1ccccc1C2CCCC,1,C1=CC=CC2=CC=C(C=Cc3ccc(-c4ccc(C=Cc5ccc6c(c5)Cc5c-6ccc6c5-c5ccccc5C6)cc4)cc3)C(=CC=C1)N2c1ccccc1,0.0000000,0.0000,0.0000000,0.0000,0.0000000,0.0000,0.0000000,0.0000,['[*;r{8-17}]'],31
23.9435,33.2118,-11.1255,0.1725495,C(=Cc1ccc(-c2ccc(-c3ccccc3)cc2)s1)c1ncccn1,1,C(=Cc1ccc(-c2ccc(-c3ccccc3)cc2)s1)c1ncccn1,0.1628672,382.2260,0.4522676,0.4523,0.6316758,2.2969,1.0000000,1.0000,[],31
30.7622,35.8847,-35.8847,0.0000000,c12ccc(=O)c(O)cc1n(C)c1ccsc1c2,0,,0.0000000,0.0000,0.0000000,0.0000,0.0000000,0.0000,0.0000000,0.0000,None,31
52.0107,61.3228,-52.3982,0.0697230,c1ccc(C2=C(c3ccccn3)c3cc(-c4ccc5c(c4)-c4ccc(-c6ccccn6)cc4-5)ccc3N(c3ccc(-c4cccs4)cc3)c3ccccc32)cc1,1,c1ccc(C2=C(c3ccccn3)c3cc(-c4ccc5c(c4)-c4ccc(-c6ccccn6)cc4-5)ccc3N(c3ccc(-c4cccs4)cc3)c3ccccc32)cc1,0.0649295,371.0399,0.1704924,0.1705,0.5373147,3.1059,1.0000000,1.0000,[],31
50.5584,58.5247,-58.5247,0.0000000,C1(c2c3ccccc3c3sc(cc3n2-c2ccccc2)C=Cc2c3c(ccc2)cccn3)C2CCC(O2)C1,0,,0.0000000,0.0000,0.0000000,0.0000,0.0000000,0.0000,0.0000000,0.0000,None,31
29.9787,39.4479,-36.4227,0.0236340,N=c1c(S)c(-c2ccc(Cl)cc2)oc2c(N)cccc12,1,N=c1cc(-c2ccccc2)oc2ccccc12,0.0201159,357.8091,0.4678494,0.4678,0.5669069,2.8378,1.0000000,1.0000,[],31
60.7267,70.5399,44.2106,0.8964882,CCCN(CCC)c1ccc2c(-c3ccc(OC)c(OC)c3N)c3cc(NC(C)=O)c(NCCCN(C)C)cc3c(-c3ccc(N(C)C)cc3)c2c1,1,c1ccc(-c2c3ccccc3c(-c3ccccc3)c3ccccc23)cc1,0.9912605,468.6324,0.0532711,0.0533,0.5230823,3.2401,1.0000000,1.0000,[],31
48.5120,46.4543,-45.0052,0.0113210,Cc1ccn(-c2ncc3cc(C=C4CC4C)n(C)c3n2)n1,1,C(=C1CC1)c1cc2cnc(-n3cccn3)nc2[nH]1,0.0091743,349.1643,0.7244187,0.7244,0.4809839,3.6596,1.0000000,1.0000,[],31
17.1329,25.8530,-11.5434,0.1117938,C(=Cc1ccc2ccccc2c1)c1ccc(N(c2ccccc2)c2ccccc2)cc1,1,C(=Cc1ccc2ccccc2c1)c1ccc(N(c2ccccc2)c2ccccc2)cc1,0.1046809,376.6972,0.2687623,0.2688,0.6809784,1.9211,1.0000000,1.0000,[],31
48.9977,66.6696,-66.6696,0.0000000,N#CC1(C=Cc2ccc(N(c3ccccc3)c3ccc(N(c4ccccc4)c4ccccc4)cc3)cc2)Cc2onc(c2C=NN)C1=N,1,N=C1c2cc(on2)CC1C=Cc1ccc(N(c2ccccc2)c2ccc(N(c3ccccc3)c3ccccc3)cc2)cc1,0.0000000,0.0000,0.0000000,0.0000,0.0000000,0.0000,0.0000000,0.0000,['[#7;!n][#7;!n]'],31
50.3297,72.6245,-72.6245,0.0000000,CC(=O)Nc1ccc(NC=C(C#N)c2ccc(C=c3sc(=Cc4ccc(-c5ccccc5C)s4)n(CC(=O)O)c3=N)s2)cc1,1,N=c1[nH]c(=Cc2ccc(-c3ccccc3)s2)sc1=Cc1ccc(C=CNc2ccccc2)s1,0.0000000,0.0000,0.0000000,0.0000,0.0000000,0.0000,0.0000000,0.0000,"['C(=[O,S])[O,S]']",31
45.3827,62.5254,39.9627,0.8006885,CCCn1c2ccccc2c2ccc(N(c3ccc(N(c4ccccc4)c4ccccc4)cc3)c3cccc4c3C=CC(C=Cc3ccc(N(c5ccccc5)c5ccccc5)cc3)C4=O)cc21,1,O=C1c2cccc(N(c3ccc(N(c4ccccc4)c4ccccc4)cc3)c3ccc4c(c3)[nH]c3ccccc34)c2C=CC1C=Cc1ccc(N(c2ccccc2)c2ccccc2)cc1,0.8618784,419.8796,0.1154774,0.1155,0.4423335,4.0785,1.0000000,1.0000,[],31
58.2487,83.0289,-53.7251,0.2289361,CCC[n+]1ccccc1C=C[n+]1ccc(C=Cc2oc3cc(N4c5ccccc5Oc5ccc6ccccc6c54)ccc3c2C=Cc2n[nH]c(C)n2)cc1,1,C(=Cc1oc2cc(N3c4ccccc4Oc4ccc5ccccc5c43)ccc2c1C=Cc1nc[nH]n1)c1cc[n+](C=Cc2cccc[nH+]2)cc1,0.2287478,533.1960,0.1512883,0.1513,0.4431518,4.0692,1.0000000,1.0000,[],31
40.1878,62.6662,-62.6662,0.0000000,c1cc2c(c3c4ccc(N(c5ccccc5)c5ccccc5)cc4n(c3cc2)C=C=C=c2c3c(cccc3)sc2-c2ccc(s2)N(c2ccccc2)c2ccccc2)cc1N(c1ccccc1)c1ccccc1,0,,0.0000000,0.0000,0.0000000,0.0000,0.0000000,0.0000,0.0000000,0.0000,None,31
45.5575,55.4740,-55.4740,0.0000000,c1(cc(cc2-c(c1[N+](=O)[O-])cc(cc2)N)N=Nc1ccc(N2CCCCC2)cc1[N+](=O)[O-])[N+]([O-])=O,0,,0.0000000,0.0000,0.0000000,0.0000,0.0000000,0.0000,0.0000000,0.0000,None,31
55.7751,63.1255,21.1697,0.6585562,CC(=Cc1ccccc1O)c1nc(-c2cc(C)c(N3CCOCC3)cc2Nc2ccccc2)c2cc(F)ccc2n1,1,C(=Cc1nc(-c2ccc(N3CCOCC3)cc2Nc2ccccc2)c2ccccc2n1)c1ccccc1,0.6833111,408.3496,0.2286765,0.2287,0.5577411,2.9193,1.0000000,1.0000,[],31
34.6157,48.7815,73.3651,0.9542702,Cc1cc(N=Cc2cc[n+](O)cc2)ncc1C=Cc1cc[n+](CCO)cc1,1,C(=Cc1ccc(N=Cc2cc[nH+]cc2)nc1)c1cc[nH+]cc1,0.9948187,457.0828,0.4007274,0.4007,0.4857980,3.6098,1.0000000,1.0000,[],31
72.8548,95.2452,-64.3958,0.2410108,CCC1(CC)c2ccccc2-c2ccc(-c3ccc4c(c3)C=CCc3ccc(C(Nc5cc6oc(-c7ccc(F)cc7)cc6cc5C=O)c5ccc(N(c6ccccc6)c6ccccc6)cc5)nc3-4)cc21,1,C1=Cc2cc(-c3ccc4c(c3)Cc3ccccc3-4)ccc2-c2nc(C(Nc3ccc4cc(-c5ccccc5)oc4c3)c3ccc(N(c4ccccc4)c4ccccc4)cc3)ccc2C1,0.2433444,387.6831,0.1237492,0.1237,0.4144762,4.4037,1.0000000,1.0000,[],31
49.3317,72.9316,-72.9316,0.0000000,C(=Cc1ccc(N(c2ccccc2)c2ccccc2)c2c1oc1ccccc12)c1ccc(N2c3cc(-c4ccc(N(c5ccccc5)c5ccccc5)cc4)ccc3-c3ccccc3N2c2ccc(N(c3ccccc3)c3ccccc3)cc2)cc1-c1ccccc1,1,C(=Cc1ccc(N(c2ccccc2)c2ccccc2)c2c1oc1ccccc12)c1ccc(N2c3cc(-c4ccc(N(c5ccccc5)c5ccccc5)cc4)ccc3-c3ccccc3N2c2ccc(N(c3ccccc3)c3ccccc3)cc2)cc1-c1ccccc1,0.0000000,0.0000,0.0000000,0.0000,0.0000000,0.0000,0.0000000,0.0000,['[#7;!n][#7;!n]'],31
59.3942,75.0710,39.2399,0.8930537,CCc1cc(OCCCN(c2ccccc2)c2ccccc2)cc(N(CCN2C(=O)C=CC2=Cc2ccc(N(c3ccccc3)c3ccccc3)cc2)c2ccccc2-c2c(C)ccc3ccccc23)c1,1,O=C1C=CC(=Cc2ccc(N(c3ccccc3)c3ccccc3)cc2)N1CCN(c1cccc(OCCCN(c2ccccc2)c2ccccc2)c1)c1ccccc1-c1cccc2ccccc12,0.9769610,440.6854,0.0801962,0.0802,0.4660998,3.8168,1.0000000,1.0000,[],31
28.5283,44.0493,67.0560,0.8680099,CCC1(CC)c2ccccc2N(c2ccccc2)c2ccc(C=Cc3ccc(-c4ccc(N(c5ccccc5)c5ccccc5)cc4)s3)cc21,1,C(=Cc1ccc(-c2ccc(N(c3ccccc3)c3ccccc3)cc2)s1)c1ccc2c(c1)Cc1ccccc1N2c1ccccc1,0.9260406,427.4409,0.1515132,0.1515,0.5503423,2.9861,1.0000000,1.0000,[],31
44.6360,63.9600,-63.9600,0.0000000,c1cc(-c2c(F)c3C(=C=Cc4sc(-c5ccc(N(c6ccccc6)c6ccccc6)cc5)cc4C=Nc3c2)c2ccc(N(c3ccccc3)c3ccccc3)cc2)ccc1N(c1ccccc1)c1ccccc1,0,,0.0000000,0.0000,0.0000000,0.0000,0.0000000,0.0000,0.0000000,0.0000,None,31
28.8235,35.1211,-34.3347,0.0061440,CCCCCCn1c2c(c3ccccc31)C=CC(c1ccc(OC)cc1)C=C2,1,C1=CC(c2ccccc2)C=Cc2c1[nH]c1ccccc21,0.0048985,342.3050,0.4057001,0.4057,0.5395033,3.0855,1.0000000,1.0000,[],31
40.2989,53.4265,53.0448,0.8318067,O=C(C=Cc1cc(-c2ccc(C=Cc3ccc(N(c4ccccc4)c4ccccc4)cc3)o2)ccn1)c1ccc(OCCN2CCCC2)cc1,1,O=C(C=Cc1cc(-c2ccc(C=Cc3ccc(N(c4ccccc4)c4ccccc4)cc3)o2)ccn1)c1ccc(OCCN2CCCC2)cc1,0.8995385,423.8005,0.0910064,0.0910,0.5579215,2.9177,1.0000000,1.0000,[],31
39.6554,54.1026,65.9945,0.9382582,CCCC[n+]1ccc(C=Cc2cc3c4c(sc3cc2-c2cnccn2)-c2cccc[n+]2C4)cc1,1,C(=Cc1cc2c3c(sc2cc1-c1cnccn1)-c1cccc[n+]1C3)c1cc[nH+]cc1,0.9874769,447.4204,0.2874267,0.2874,0.4878638,3.5886,1.0000000,1.0000,[],31
50.0300,71.9184,-65.7852,0.0479160,N#Cc1cc(N(c2ccccc2)c2ccccc2)ccc1-c1ccc(-c2ccc(N(c3ccc(O)cc3)c3ccc(O)cc3)cc2)c(CNCc2ccon2)c1,1,c1ccc(N(c2ccccc2)c2ccc(-c3ccc(-c4ccc(N(c5ccccc5)c5ccccc5)cc4)c(CNCc4ccon4)c3)cc2)cc1,0.0443337,366.6607,0.1139324,0.1139,0.5237949,3.2333,1.0000000,1.0000,[],31
48.0192,66.0438,47.8596,0.8898706,CCCCCCCC[n+]1cc(C=Cc2ncc(C=Cc3ccc(N(c4ccccc4)c4ccccc4)cc3)cc2C=Cc2cc[n+](CCCCCC)cc2)cc2cc(Cl)ccc21,1,C(=Cc1cc(C=Cc2ccc(N(c3ccccc3)c3ccccc3)cc2)cnc1C=Cc1c[nH+]c2ccccc2c1)c1cc[nH+]cc1,0.9859996,473.8066,0.0531790,0.0532,0.4662165,3.8155,1.0000000,1.0000,[],31
42.6192,62.9594,45.7568,0.8493448,COc1ccc(N(c2ccccc2)c2ccc(-c3ccc4cnc5sc(C(C#N)=Nc6ccc(N(c7ccccc7)c7ccccc7)cc6)c(N)c5c4n3)cc2)cc1,1,C(=Nc1ccc(N(c2ccccc2)c2ccccc2)cc1)c1cc2c(ncc3ccc(-c4ccc(N(c5ccccc5)c5ccccc5)cc4)nc32)s1,0.9092286,494.9819,0.1381122,0.1381,0.5091942,3.3746,1.0000000,1.0000,[],31
40.8113,42.2169,-42.2169,0.0000000,C1(n2c3c(c(-c4ncn[nH]4)c4ccccc43)c3cc(F)ccc32)CCOCC1,0,,0.0000000,0.0000,0.0000000,0.0000,0.0000000,0.0000,0.0000000,0.0000,None,31
52.5763,72.2279,-59.4581,0.0997637,O=c1cc2ccc(C=Cc3ccc(S(=O)(=O)c4cc([SH](=O)=O)ccc4-c4ccccc4)cc3)cc2c(C=Cc2ccc(-c3ccc(N(c4ccccc4)c4ccccc4)cc3)s2)o1,1,O=c1cc2ccc(C=Cc3ccc(S(=O)(=O)c4ccccc4-c4ccccc4)cc3)cc2c(C=Cc2ccc(-c3ccc(N(c4ccccc4)c4ccccc4)cc3)s2)o1,0.0966544,544.2658,0.0962988,0.0963,0.4733341,3.7398,1.0000000,1.0000,[],31
54.8483,57.8916,-57.8916,0.0000000,c1cccc(c1)-c1cc2c(-c3c(cccc3)O)nc(-c3cccc([N+]([O-])=O)c3)n(c2nc1-c1c(cccc1OC)OC)CC,0,,0.0000000,0.0000,0.0000000,0.0000,0.0000000,0.0000,0.0000000,0.0000,None,31
40.1314,44.3757,78.5770,0.9605681,Cc1cnc(N2CCCC(c3ccc(C=CC=S)cc3)C2)nc1,1,c1ccc(C2CCCN(c3ncccn3)C2)cc1,0.9859173,446.1289,0.6232781,0.6233,0.5332882,3.1435,1.0000000,1.0000,[],31
63.6954,85.2904,-85.2904,0.0000000,N=c1ccc2cccc(C=CN(N=CC3=Cc4ccccc4N(c4ccccc4)c4ccccc43)c3ccc(C=Cc4nc(-c5ccccn5)oc4-c4ccccc4)cc3)c2cc1,1,N=c1ccc2cccc(C=CN(N=CC3=Cc4ccccc4N(c4ccccc4)c4ccccc43)c3ccc(C=Cc4nc(-c5ccccn5)oc4-c4ccccc4)cc3)c2cc1,0.0000000,0.0000,0.0000000,0.0000,0.0000000,0.0000,0.0000000,0.0000,['[#7;!n][#7;!n]'],31
30.8213,42.0808,-22.4764,0.1531591,CCCCCCCCC(=O)NCc1ccc(-c2ccc(-c3ccc(N(c4ccccc4)c4ccc(OC)cc4)cc3)s2)cc1,1,c1ccc(-c2ccc(-c3ccc(N(c4ccccc4)c4ccccc4)cc3)s2)cc1,0.1498757,381.1562,0.1212170,0.1212,0.6089178,2.4804,1.0000000,1.0000,[],31
27.9947,39.4156,64.2496,0.8098844,C(=Cc1ccc(-c2ccc3cc(N(c4ccccc4)c4ccc5ccccc5c4)ccc3c2)s1)c1ccc(N(c2ccccc2)c2ccccc2)cc1,1,C(=Cc1ccc(-c2ccc3cc(N(c4ccccc4)c4ccc5ccccc5c4)ccc3c2)s1)c1ccc(N(c2ccccc2)c2ccccc2)cc1,0.8605581,419.7597,0.1482111,0.1482,0.5791231,2.7312,1.0000000,1.0000,[],31
61.1277,86.6628,-86.6628,0.0000000,N=C1CC(c2c(ccc(c2)C=c2c(-c3ccc(N(c4ccc(OC)cc4)c4ccccc4)cc3)c(-c3ccccc3)c(-c3ccc(OCCCCCC)cc3)s2)C=C1)=[N+](CC)CC,0,,0.0000000,0.0000,0.0000000,0.0000,0.0000000,0.0000,0.0000000,0.0000,None,31
52.9376,72.3096,39.4863,0.8734058,CC[n+]1c(-c2ccc(C=Cc3cccc(N(c4ccccc4)c4ccccc4)n3)cc2)ccc(-c2ccc(C=Cc3ccc4c(c3)sc3ccccc34)s2)c1C#N,1,C(=Cc1cccc(N(c2ccccc2)c2ccccc2)n1)c1ccc(-c2ccc(-c3ccc(C=Cc4ccc5c(c4)sc4ccccc45)s3)c[nH+]2)cc1,0.9391128,429.7048,0.1301382,0.1301,0.4842854,3.6254,1.0000000,1.0000,[],31
60.1279,76.7059,-76.7059,0.0000000,C=C(CCCCC)CC1=Nc2c(ccc3ccccc23)C=Cc2ccc(-c3cc(N(c4ccccc4)c4ccccc4)ccc3C=Cc3cc4ccccc4s3)cc21,1,C(=Cc1ccc(N(c2ccccc2)c2ccccc2)cc1-c1ccc2c(c1)C=Nc1c(ccc3ccccc13)C=C2)c1cc2ccccc2s1,0.0000000,0.0000,0.0000000,0.0000,0.0000000,0.0000,0.0000000,0.0000,['[*;r{8-17}]'],31
34.2033,45.4278,32.1061,0.6057334,CCCCN1c2ccccc2N(c2ccc(N(c3ccccc3)c3ccccc3)c3ccc4ccsc4c23)c2ccccc21,1,c1ccc(N(c2ccccc2)c2ccc(N3c4ccccc4Nc4ccccc43)c3c2ccc2ccsc23)cc1,0.6298120,405.7697,0.1836178,0.1836,0.5697513,2.8128,1.0000000,1.0000,[],31
43.3363,57.8342,59.3316,0.9153582,CCCCC(CC)Cc1nc2ccccc2c2c1C(=O)N(c1ccc(C=Cc3cc[n+](CC(CC)CCCC)cc3)cc1)C2=O,1,O=C1c2cnc3ccccc3c2C(=O)N1c1ccc(C=Cc2cc[nH+]cc2)cc1,0.9959396,459.7417,0.1005888,0.1006,0.4567320,3.9183,1.0000000,1.0000,[],31
62.9592,90.7460,-90.7460,0.0000000,c1ccccc1N(c1c2c(c(c3c(N(c4cc(N(c5cc(C=Cc6ccccc6)ccc5)c5ccccc5)ccc4C3=CC3=C(c4ccccc4)C=Cc4ccccc43)c3ccccc3)c3ccccc3)cc2)ccc1C)c1ccccc1,0,,0.0000000,0.0000,0.0000000,0.0000,0.0000000,0.0000,0.0000000,0.0000,None,31
49.0921,57.2390,-57.1800,0.0004604,N#Cc1ccc(-c2ccccc2)cc1OCCCCn1c(C#N)nc(-c2ccccc2)c1-c1nc2ccccc2n1-c1ccccc1,1,c1ccc(-c2cccc(OCCCCn3cnc(-c4ccccc4)c3-c3nc4ccccc4n3-c3ccccc3)c2)cc1,0.0003306,312.9870,0.1443241,0.1443,0.5589564,2.9084,1.0000000,1.0000,[],31
28.1637,41.8235,67.1652,0.8514737,C[n+]1ccc(C=Cc2csc(-c3cccc(N4c5ccccc5Oc5ccccc54)c3)n2)cc1,1,C(=Cc1csc(-c2cccc(N3c4ccccc4Oc4ccccc43)c2)n1)c1cc[nH+]cc1,0.8917416,422.8944,0.2570566,0.2571,0.5716934,2.7958,1.0000000,1.0000,[],31
46.7103,67.4921,-60.1958,0.0570019,CCCCC1=[N+](C#N)c2cc(Cl)ccc2-n2c(sc(=Cc3ccc(C=Cc4ccc(N(c5ccccc5)c5ccccc5)s4)s3)c2=O)=C1,1,O=c1c(=Cc2ccc(C=Cc3ccc(N(c4ccccc4)c4ccccc4)s3)s2)sc2n1-c1ccccc1[NH+]=CC=2,0.0534088,551.2137,0.1114533,0.1115,0.4594487,3.8886,1.0000000,1.0000,[],31
36.8405,40.4733,-14.4056,0.2036544,CC1(C)c2ccccc2-c2ccc(N(c3ccc4c5ccccc5c5c6ccccc6sc5c4c3)c3cccc4c3sc3ccccc34)cc21,1,c1ccc2c(c1)Cc1cc(N(c3ccc4c5ccccc5c5c6ccccc6sc5c4c3)c3cccc4c3sc3ccccc34)ccc1-2,0.2006928,384.9955,0.1687619,0.1688,0.5413983,3.0680,1.0000000,1.0000,[],31
65.1077,86.9029,-86.9029,0.0000000,O=Cc1ccccc1N(c1ccc(C=Cc2ccc(N(c3ccccc3)c3ccccc3)cc2)cc1)c1cc2c(cc1OCCc1ccc(C=NN(c3ccccc3)c3ccccc3)s1)C1(CCCC1)c1cc(-c3ccc(-c4ccc(N(c5ccccc5)c5ccccc5)cc4)cc3)sc1-2,1,C(=Cc1ccc(N(c2ccccc2)c2cc3c(cc2OCCc2ccc(C=NN(c4ccccc4)c4ccccc4)s2)C2(CCCC2)c2cc(-c4ccc(-c5ccc(N(c6ccccc6)c6ccccc6)cc5)cc4)sc2-3)cc1)c1ccc(N(c2ccccc2)c2ccccc2)cc1,0.0000000,0.0000,0.0000000,0.0000,0.0000000,0.0000,0.0000000,0.0000,['[#7;!n][#7;!n]'],31
32.6754,51.8173,63.6987,0.9024692,CCCCN(c1ccc(N(c2ccccc2)c2ccccc2)cc1)c1cccc(C=Cc2ccc(Nc3ccc(N=Nc4ccc(N(c5ccccc5)c5ccccc5)cc4)cc3)cc2)c1,1,C(=Cc1cccc(Nc2ccc(N(c3ccccc3)c3ccccc3)cc2)c1)c1ccc(Nc2ccc(N=Nc3ccc(N(c4ccccc4)c4ccccc4)cc3)cc2)cc1,0.9881409,448.0192,0.0731973,0.0732,0.5259938,3.2123,1.0000000,1.0000,[],31
77.6230,108.2671,-108.2671,0.0000000,C(c1c(cccc1)N=Nc1c(cc2cc(ccc2c1O)N=Nc1ccc([N+](=O)O)cc1)N=Nc1c(cc(cc1)N(c1ccc(N=Nc2c(N)cc(Nc3ccccc3)c(c2)CCO)cc1)CCO)N=Nc1cccc(OC)c1OC,0,,0.0000000,0.0000,0.0000000,0.0000,0.0000000,0.0000,0.0000000,0.0000,None,31
64.4380,80.6876,-55.2175,0.1989847,CN(c1ccccc1)c1ccc(N=Nc2ccc3cc(Nc4ccc(O)cc4)c(S(=O)(=O)O)cc3c2N=Nc2c(N)ccc3c2-c2ccccc2-c2ccccc2N3c2ccccc2)cc1,1,c1ccc(Nc2ccc(N=Nc3ccc4cc(Nc5ccccc5)ccc4c3N=Nc3cccc4c3-c3ccccc3-c3ccccc3N4c3ccccc3)cc2)cc1,0.2047546,534.7317,0.0455252,0.0455,0.4677477,3.7991,1.0000000,1.0000,[],31
55.0687,66.3241,50.3031,0.9111498,O=S(=O)(c1ccc(F)cc1)n1cccc1C=Cc1ccc(C=Cc2ccc(N(c3cccc(-c4ccccc4)c3)c3ccc4c(c3)OCCO4)cc2)s1,1,O=S(=O)(c1ccccc1)n1cccc1C=Cc1ccc(C=Cc2ccc(N(c3cccc(-c4ccccc4)c3)c3ccc4c(c3)OCCO4)cc2)s1,0.9780496,478.7770,0.1399076,0.1399,0.5230992,3.2399,1.0000000,1.0000,[],31
38.6438,57.1684,60.7975,0.9216086,N#Cc1cc(C=Cc2cc(-c3ccc(N(c4ccccc4)c4ccccc4)cc3)c3nc4ccccc4n3c2C=Cc2ccc(N(c3ccccc3)c3ccccc3)cc2)ccn1,1,C(=Cc1cc(-c2ccc(N(c3ccccc3)c3ccccc3)cc2)c2nc3ccccc3n2c1C=Cc1ccc(N(c2ccccc2)c2ccccc2)cc1)c1ccncc1,0.9931139,453.9756,0.1302312,0.1302,0.4986525,3.4792,1.0000000,1.0000,[],31
56.7364,81.8215,15.9859,0.7641205,CCCCCC[N+](=CC=Cc1ccc2c(c1)sc1cc3c(sc4ccccc43)c(-c3ccc(N(c4ccccc4)c4ccc(C=Cc5cc[n+](CCCC)cc5)cc4)cc3)c12)c1ccc(N(c2ccccc2)c2ccccc2)cc1,1,C(=Cc1ccc2c(c1)sc1cc3c(sc4ccccc43)c(-c3ccc(N(c4ccccc4)c4ccc(C=Cc5cc[nH+]cc5)cc4)cc3)c12)C=[NH+]c1ccc(N(c2ccccc2)c2ccccc2)cc1,0.8476211,501.3681,0.0428717,0.0429,0.4171117,4.3720,1.0000000,1.0000,[],31
30.4500,48.2204,59.7683,0.8436614,C(=Cc1ccc(-c2ccc(N(c3ccccc3)c3ccccc3)cc2)s1)c1ccc(N(c2ccccc2)c2ccc(C=Cc3ccc(-c4ccc(-c5ccc(N(c6ccccc6)c6ccccc6)cc5)nc4)s3)cc2)cc1,1,C(=Cc1ccc(-c2ccc(N(c3ccccc3)c3ccccc3)cc2)s1)c1ccc(N(c2ccccc2)c2ccc(C=Cc3ccc(-c4ccc(-c5ccc(N(c6ccccc6)c6ccccc6)cc5)nc4)s3)cc2)cc1,0.9133129,425.5666,0.0961799,0.0962,0.5062349,3.4038,1.0000000,1.0000,[],32
43.8529,55.7170,60.3518,0.9067881,c1ccc(-c2cccc(-c3nc4cc(-c5cccc(N(c6ccccc6)c6ccccc6)c5)c5cc[n+]6c(c5c4cc3-c3ccccc3)CCC6)c2)cc1,1,c1ccc(-c2cccc(-c3nc4cc(-c5cccc(N(c6ccccc6)c6ccccc6)c5)c5cc[n+]6c(c5c4cc3-c3ccccc3)CCC6)c2)cc1,0.9770283,440.7179,0.1223726,0.1224,0.5286592,3.1871,1.0000000,1.0000,[],32
32.7749,45.4914,70.8906,0.9092344,N#Cc1cc(-c2cccs2)oc1-c1ccc(-c2nc3cc(N(c4ccccc4)c4ccccc4)ccc3s2)s1,1,c1ccc(N(c2ccccc2)c2ccc3sc(-c4ccc(-c5ccc(-c6cccs6)o5)s4)nc3c2)cc1,0.9631583,435.4340,0.2040502,0.2041,0.5540498,2.9525,1.0000000,1.0000,[],32
92.2884,111.8991,3.7124,0.9032153,Cc1c(N=c2cc3ccccc3cn2-c2ccc(C=C(c3ccncc3)N(c3ccccc3)c3ccccn3)cc2)cc2c(=O)n(-c3ccccc3)c(-c3cccc4ccc(N(c5ccccc5)c5ccccc5)c(N(c5ccccc5)c5ccc6ccccc6c5)c34)c(N(c3ccccc3)c3ccccc3)c2c1F,1,O=c1c2cc(N=c3cc4ccccc4cn3-c3ccc(C=C(c4ccncc4)N(c4ccccc4)c4ccccn4)cc3)ccc2c(N(c2ccccc2)c2ccccc2)c(-c2cccc3ccc(N(c4ccccc4)c4ccccc4)c(N(c4ccccc4)c4ccc5ccccc5c4)c23)n1-c1ccccc1,0.9933719,454.3931,0.0846846,0.0847,0.3428018,5.3530,1.0000000,1.0000,[],32
47.1417,50.8913,-50.1901,0.0054782,C=CC[N+](=CC1(CC)C(=O)N(CCCCn2cc[n+](CCCC)c2)c2ccccc21)c1ccccc1,1,O=C1C(C=[NH+]c2ccccc2)c2ccccc2N1CCCCn1cc[nH+]c1,0.0045145,341.4144,0.1334940,0.1335,0.4465150,4.0314,1.0000000,1.0000,[],32
62.5288,77.8494,39.3347,0.9155009,O=CCC1c2ccccc2C(=O)N(c2ccc(-c3ccc(-c4sc(C=Cc5ccc(N(c6ccccc6)c6ccc(C=Cc7cccs7)cc6)cc5)nc4-c4ccccc4)s3)s2)c2ccccc21,1,O=C1c2ccccc2Cc2ccccc2N1c1ccc(-c2ccc(-c3sc(C=Cc4ccc(N(c5ccccc5)c5ccc(C=Cc6cccs6)cc5)cc4)nc3-c3ccccc3)s2)s1,0.9956062,458.8811,0.1080860,0.1081,0.4198788,4.3389,1.0000000,1.0000,[],32
49.6704,60.9978,54.9376,0.9057453,CN1C(=O)NC(=Cc2ccc(-c3ccc(C=Cc4ccccc4-c4ccc(N(c5ccccc5)c5ccccc5)cc4)c4ccc(N(c5ccccc5)c5ccccc5)cc34)s2)C1=O,1,O=C1NC(=O)C(=Cc2ccc(-c3ccc(C=Cc4ccccc4-c4ccc(N(c5ccccc5)c5ccccc5)cc4)c4ccc(N(c5ccccc5)c5ccccc5)cc34)s2)N1,0.9902694,469.8097,0.0800313,0.0800,0.4978853,3.4869,1.0000000,1.0000,[],32
41.4171,64.1559,44.9781,0.8526095,CC(c1ccccc1)c1ccc(NC(=O)c2ccc(N(c3ccc(-c4ccc(N(c5ccccc5)c5ccc(-c6ccccc6)cc5)cc4)cc3)c3ccc(-c4ccc(C=Cc5ccc(N(c6ccccc6)c6ccccc6)cc5)s4)cc3)cc2)cc1,1,O=C(Nc1ccc(Cc2ccccc2)cc1)c1ccc(N(c2ccc(-c3ccc(N(c4ccccc4)c4ccc(-c5ccccc5)cc4)cc3)cc2)c2ccc(-c3ccc(C=Cc4ccc(N(c5ccccc5)c5ccccc5)cc4)s3)cc2)cc1,0.9273763,427.6544,0.0929307,0.0929,0.4371297,4.1376,1.0000000,1.0000,[],32
80.4501,108.2244,-108.2244,0.0000000,CCC[n+]1c(CCC2CCCCC2)c(C=Nc2ccc(C=Cc3ccc(N(c4ccc(C=Cc5ccc(N(c6ccccc6)c6ccccc6)cc5)cc4)c4cccc5ccccc45)cc3)cc2)c(-c2ccccc2)c2c1-c1ccc(C#Cc3ccsc3)cc1C2=Cc1ccc(N(c2ccccc2)c2ccccc2)cc1,1,C(#Cc1ccc2c(c1)C(=Cc1ccc(N(c3ccccc3)c3ccccc3)cc1)c1c-2[nH+]c(CCC2CCCCC2)c(C=Nc2ccc(C=Cc3ccc(N(c4ccc(C=Cc5ccc(N(c6ccccc6)c6ccccc6)cc5)cc4)c4cccc5ccccc45)cc3)cc2)c1-c1ccccc1)c1ccsc1,0.0000000,0.0000,0.0000000,0.0000,0.0000000,0.0000,0.0000000,0.0000,['C#C'],32
59.5607,65.8989,-65.8989,0.0000000,CC1(C)c2ccc(C=NNC(=O)c3ccc4c(-c5ccccc5)c(-c5ccccc5)c(C=O)cc4c3)cc2-c2c(C=Cc3ccc(N(c4ccccc4)c4ccccc4)cc3)cccc21,1,O=C(NN=Cc1ccc2c(c1)-c1c(C=Cc3ccc(N(c4ccccc4)c4ccccc4)cc3)cccc1C2)c1ccc2c(-c3ccccc3)c(-c3ccccc3)ccc2c1,0.0000000,0.0000,0.0000000,0.0000,0.0000000,0.0000,0.0000000,0.0000,['[#7;!n][#7;!n]'],32
61.3316,78.2111,-78.2111,0.0000000,c1(C=Cc2ccc(o2)C=c2c([nH]n(c2=O)-c2cccc(C==Cc3cc[n+](C)cc3)c2)C=Cc2ccc(-c3cc[n+](cc3)C)cc2)sccc1C,0,,0.0000000,0.0000,0.0000000,0.0000,0.0000000,0.0000,0.0000000,0.0000,None,32
46.8544,58.6450,49.6154,0.8457850,Cn1cc(C=Cc2nc3c(oc4ccccc43)c(=O)n2-c2cccnc2)c2ccc(N(c3ccccc3)c3ccccc3)cc21,1,O=c1c2oc3ccccc3c2nc(C=Cc2c[nH]c3cc(N(c4ccccc4)c4ccccc4)ccc23)n1-c1cccnc1,0.8939195,423.1416,0.1953377,0.1953,0.5497254,2.9917,1.0000000,1.0000,[],32
53.6809,73.2654,40.1450,0.8860188,O=C1c2c(cc(-c3ccc(N(c4ccccc4)c4ccccc4)cc3)c3cccnc23)N(c2cc(C=Cc3ccc(C=C(c4ccccc4)c4ccccc4)s3)cs2)c2cccc3cccc1c23,1,O=C1c2c(cc(-c3ccc(N(c4ccccc4)c4ccccc4)cc3)c3cccnc23)N(c2cc(C=Cc3ccc(C=C(c4ccccc4)c4ccccc4)s3)cs2)c2cccc3cccc1c23,0.9525366,432.5631,0.1369859,0.1370,0.4680072,3.7964,1.0000000,1.0000,[],32
52.5658,62.2642,-62.2642,0.0000000,C(c1nc2n3c(C)cccc3cc(C=Nc3ccc(c(-c4c5ccccc5ccc4)c3)N)c2s1)=O,0,,0.0000000,0.0000,0.0000000,0.0000,0.0000000,0.0000,0.0000000,0.0000,None,32
24.1666,35.9472,-22.5859,0.1043850,C(=Cc1ccc(-n2c3ccccc3c3ncccc32)cc1)c1ccc(N(c2ccccc2)c2ccccc2)cc1,1,C(=Cc1ccc(-n2c3ccccc3c3ncccc32)cc1)c1ccc(N(c2ccccc2)c2ccccc2)cc1,0.0984114,375.9509,0.2063604,0.2064,0.6170391,2.4141,1.0000000,1.0000,[],32
40.5380,58.5123,-58.5123,0.0000000,c1cc(-c2nc(-c3ccccc3N(c3ccccc3)c3ccccc3)cc(n2)-c2cc3c(N(c4c(cccc4)C4CCCC4N=3)c3ccccc3)cc2)ccc1N(c1ccccc1)c1ccccc1,0,,0.0000000,0.0000,0.0000000,0.0000,0.0000000,0.0000,0.0000000,0.0000,None,32
76.0127,97.5176,-87.0540,0.0817465,C=Cc1ccc(-c2ccc3c(ccc4ccc(-c5ccc6c(c5)nc(-c5ccccn5)c5c7ccccc7c7ccccc7c65)cc43)n2)cc1C=Nc1ccc(-c2ccc(-c3ccccc3)n2CCCC)cc1,1,C(=Nc1ccc(-c2ccc(-c3ccccc3)[nH]2)cc1)c1cccc(-c2ccc3c(ccc4ccc(-c5ccc6c(c5)nc(-c5ccccn5)c5c7ccccc7c7ccccc7c65)cc43)n2)c1,0.0784285,373.2486,0.0958964,0.0959,0.4605156,3.8770,1.0000000,1.0000,[],32
44.7610,59.0499,-59.0499,0.0000000,c12c3ccc4ccccc4c1c1c(cc4c(cccc4)c1)cc2C(=O)N(C3=O)c1cc(-c2ccc(s2)C=C(c2ccccc2)c2ccccc2)sc1-c1ccccc1,0,,0.0000000,0.0000,0.0000000,0.0000,0.0000000,0.0000,0.0000000,0.0000,None,32
62.8861,80.4712,-80.4712,0.0000000,c1cc(cc(c1)-c1c2c(c3c(n(c(c3)-c3ccc(cc3)N=c3cc4c(cccc4)c4-c5ccccc5C(=O)c34)CCC)cc1)cccc2)N(CCCC)CCCC,0,,0.0000000,0.0000,0.0000000,0.0000,0.0000000,0.0000,0.0000000,0.0000,None,32
27.6228,41.8812,71.5627,0.8862806,C=C(C[n+]1ccc(C=Cc2ccc(N(c3ccccc3)c3ccccc3)cc2)cc1)c1cc[n+](CCCC)cc1,1,C=C(C[n+]1ccc(C=Cc2ccc(N(c3ccccc3)c3ccccc3)cc2)cc1)c1cc[nH+]cc1,0.9455007,489.0182,0.1581636,0.1582,0.5444559,3.0398,1.0000000,1.0000,[],32
40.3970,65.5568,-65.5568,0.0000000,c12c3cc(N(c4ccccc4)c4ccccc4)ccc3n(c1ccc(-c1ccc(N(c3ccc(-c4ccc(s4)-c4c(O)ccc(C=Cc5ccc(N(c6ccccc6)c6ccccc6)cc5)cc4)c3)c3ccccc3)cc1)c2)c1ccccc1,0,,0.0000000,0.0000,0.0000000,0.0000,0.0000000,0.0000,0.0000000,0.0000,None,32
43.7084,55.8150,-55.8150,0.0000000,O=C(O)Cn1c(=O)oc2c(C=Cc3sc4ccccc4c3-c3ccc(N4CCCC4)cc3)cccc21,1,O=c1[nH]c2cccc(C=Cc3sc4ccccc4c3-c3ccc(N4CCCC4)cc3)c2o1,0.0000000,0.0000,0.0000000,0.0000,0.0000000,0.0000,0.0000000,0.0000,"['C(=[O,S])[O,S]']",32
43.2358,49.2147,-49.2147,0.0000000,c1cc2N(c3c4c(cc(-c5sc(C=C(C#N)C#N)cc5)c5ccccc5c4-c4ccccc4)oc3-c2cc1)c1ccc(cc1)C,0,,0.0000000,0.0000,0.0000000,0.0000,0.0000000,0.0000,0.0000000,0.0000,None,32
74.1948,92.2886,-92.2886,0.0000000,c1(cc2c(cc1)c(O)c(=c1c(c(c(=O)c(c1==O)=N)C#Cc1ccccc1)=c1c(=O)ccc3c(N)c(O)ccc31)cc2)N(c1ccccc1)c1ccccc1,0,,0.0000000,0.0000,0.0000000,0.0000,0.0000000,0.0000,0.0000000,0.0000,None,32
38.7860,41.5099,-41.2737,0.0018458,c1ccc(-c2nc(-c3ccc(-c4cnc5ccccc5c4)cc3)cc(-c3ccc(-c4ccc(-c5ccc(-c6ccccn6)cc5)c5ccccc45)cc3)n2)cc1,1,c1ccc(-c2nc(-c3ccc(-c4cnc5ccccc5c4)cc3)cc(-c3ccc(-c4ccc(-c5ccc(-c6ccccn6)cc5)c5ccccc45)cc3)n2)cc1,0.0014189,328.8142,0.1648963,0.1649,0.5833514,2.6948,1.0000000,1.0000,[],32
33.1909,52.6750,31.0748,0.6542959,C(=Cc1ccc(-c2ccc(N(c3ccccc3)c3ccccc3)cc2)o1)c1ccn(-c2ccccc2-[n+]2ccc(N(c3ccccc3)c3ccccc3)cc2)n1,1,C(=Cc1ccc(-c2ccc(N(c3ccccc3)c3ccccc3)cc2)o1)c1ccn(-c2ccccc2-[n+]2ccc(N(c3ccccc3)c3ccccc3)cc2)n1,0.6928930,408.8344,0.1245718,0.1246,0.5175346,3.2934,1.0000000,1.0000,[],32
37.2707,53.1874,-53.1874,0.0000000,CC1(C)c2ccc(c(N(c3ccccc3)c3ccccc3)c2)N(c2cc3c(c4ccccc24)N(c2ccccc2)c2ccccc2N3c2ccccc2)c2ccc(-c3ccc(N(c4ccccc4)c4ccccc4)cc3)cc21,1,c1ccc(N(c2ccccc2)c2ccc(-c3ccc4c(c3)Cc3ccc(c(N(c5ccccc5)c5ccccc5)c3)N4c3cc4c(c5ccccc35)N(c3ccccc3)c3ccccc3N4c3ccccc3)cc2)cc1,0.0000000,0.0000,0.0000000,0.0000,0.0000000,0.0000,0.0000000,0.0000,['[*;r{8-17}]'],32
33.8096,44.1307,-12.7427,0.2452188,Clc1c(C=Cc2cccc(N(c3ccccc3)c3ccccc3)c2)n(C=Cc2ccc(N(c3ccccc3)c3ccccc3)cc2)c2ccccc12,1,C(=Cn1c(C=Cc2cccc(N(c3ccccc3)c3ccccc3)c2)cc2ccccc21)c1ccc(N(c2ccccc2)c2ccccc2)cc1,0.2452769,387.7967,0.1415557,0.1416,0.5528504,2.9633,1.0000000,1.0000,[],32
59.6109,79.5719,34.8412,0.8938522,CCN(CC)c1ccc(N(c2ccc(N(c3ccccc3)c3ccc(N(c4ccc(OC)cc4)c4ccc(OC)cc4)cc3)cc2)c2cc3c(=O)oc4cc(NCCOc5ccc(F)cc5)ccc4c(=O)c3c(O)c2N(C)CCO)cc1,1,O=c1oc2cc(NCCOc3ccccc3)ccc2c(=O)c2ccc(N(c3ccccc3)c3ccc(N(c4ccccc4)c4ccc(N(c5ccccc5)c5ccccc5)cc4)cc3)cc12,0.9909419,469.0247,0.0553853,0.0554,0.4324190,4.1918,1.0000000,1.0000,[],32
54.0044,64.0648,43.7306,0.8421519,CCn1c2ccccc2c2cc(-c3ccc(-c4ccc5ccc(N(c6ccc7c(c6)C(C)(C)c6ccccc6-7)c6cccc7c6sc6ccccc67)c6c5c4C=C6)c4ccccc34)ccc21,1,C1=Cc2c(N(c3ccc4c(c3)Cc3ccccc3-4)c3cccc4c3sc3ccccc34)ccc3ccc(-c4ccc(-c5ccc6[nH]c7ccccc7c6c5)c5ccccc45)c1c23,0.8978916,423.6041,0.1616990,0.1617,0.4767874,3.7034,1.0000000,1.0000,[],32
69.4314,85.7763,-85.7763,0.0000000,c1cc(cc(Br)c1NC1CCCCC1)C(=C1c2c(NC1=O)c(-c1ccc3c(cc4n(c5c(cccc5)c4c3)-c3ccccc3)c1cc2)c1ccc(C=C(c2ccccc2)c2ccccc2)cc1)C#N,0,,0.0000000,0.0000,0.0000000,0.0000,0.0000000,0.0000,0.0000000,0.0000,None,32
32.9584,46.4359,67.4286,0.8895663,Cc1ccc(N(c2ccc(C=Cc3ccc(-c4ccc(Nc5ccc(N(c6ccccc6)c6ccccc6)cc5)cc4)s3)cc2)c2ccc(-c3ccc(C=C(c4ccccc4)c4ccccc4)s3)cc2)cc1,1,C(=Cc1ccc(-c2ccc(Nc3ccc(N(c4ccccc4)c4ccccc4)cc3)cc2)s1)c1ccc(N(c2ccccc2)c2ccc(-c3ccc(C=C(c4ccccc4)c4ccccc4)s3)cc2)cc1,0.9613646,434.8976,0.1104480,0.1104,0.5093229,3.3734,1.0000000,1.0000,[],32
50.6061,74.1563,20.9842,0.7432851,CCCCCCCCCCCCCCC[n+]1ccc(C=Cc2ccc(C=Cc3ccc(-c4ccc5c(c4)CC(c4ccc(N(c6ccccc6)c6ccccc6)cc4)N5c4ccc(C=Nc5ccc(OC)cc5)cc4)cc3)s2)cc1,1,C(=Cc1ccc(C=Cc2ccc(-c3ccc4c(c3)CC(c3ccc(N(c5ccccc5)c5ccccc5)cc3)N4c3ccc(C=Nc4ccccc4)cc3)cc2)s1)c1cc[nH+]cc1,0.8339682,502.4760,0.0292189,0.0292,0.4024166,4.5513,1.0000000,1.0000,[],32
28.8796,38.9764,-38.9764,0.0000000,N#Cc1cc2cccnc2c2ccccc2n(-c2ccccc2)c2ccccc12,1,c1ccc(-n2c3ccccc3ccc3cccnc3c3ccccc32)cc1,0.0000000,0.0000,0.0000000,0.0000,0.0000000,0.0000,0.0000000,0.0000,['[*;r{8-17}]'],32
57.4746,65.8317,-65.8317,0.0000000,Fc1cc2=CN(C=Cc2[nH]1)c1cc2c(-c3cc(-c4ccccc4)cc4=CN=CC=Cc4c3=2)cc1,0,,0.0000000,0.0000,0.0000000,0.0000,0.0000000,0.0000,0.0000000,0.0000,None,32
57.4749,68.0979,-68.0979,0.0000000,CN(C)c1ccc(-c2cc(C=Cc3ccc4c(c3)C(=O)c3ccccc3-4)c3ccccc3c2-c2cccc3c4oc(c2)-c2c(cccc2-3)C=C4)cc1,1,O=C1c2ccccc2-c2ccc(C=Cc3cc(-c4ccccc4)c(-c4cccc5c6oc(c4)-c4c(cccc4-5)C=C6)c4ccccc34)cc21,0.0000000,0.0000,0.0000000,0.0000,0.0000000,0.0000,0.0000000,0.0000,['[*;r{8-17}]'],32
39.9011,54.0957,52.6772,0.8341636,N#Cc1ccccc1N(c1ccc(C=Cc2cnc(-c3ccc(N(c4ccccc4)c4ccccc4)cc3)s2)cc1)c1ccc(-c2ccc(-c3cc4ccccc4s3)cc2)cc1,1,C(=Cc1cnc(-c2ccc(N(c3ccccc3)c3ccccc3)cc2)s1)c1ccc(N(c2ccccc2)c2ccc(-c3ccc(-c4cc5ccccc5s4)cc3)cc2)cc1,0.8936139,423.1066,0.1302218,0.1302,0.5139420,3.3282,1.0000000,1.0000,[],32
36.1136,45.8695,-34.4377,0.0893104,COc1ccc(-c2nc(-c3ccccc3)n(Cc3ccccc3)c2C=Cc2ccc(-c3ccncc3)cc2)cc1OC,1,C(=Cc1c(-c2ccccc2)nc(-c2ccccc2)n1Cc1ccccc1)c1ccc(-c2ccncc2)cc1,0.0838859,374.0435,0.1813831,0.1814,0.6052935,2.5102,1.0000000,1.0000,[],32
28.9208,41.5842,55.3483,0.7572846,Nc1ccc(N(c2ccc(-c3ccc(C=C(c4ccccc4)c4ccccc4)s3)cc2)c2cccc3c2sc2ccccc23)cc1,1,C(=C(c1ccccc1)c1ccccc1)c1ccc(-c2ccc(N(c3ccccc3)c3cccc4c3sc3ccccc34)cc2)s1,0.7975093,414.8833,0.1783674,0.1784,0.5669363,2.8375,1.0000000,1.0000,[],32
55.7658,78.4210,10.7813,0.6968931,O=C1NC(c2ccc(-c3ccccc3)cc2)Nc2cc(S(=O)(=O)C=Cc3ccc([N+]=Nc4ccc(-c5ccc(N(c6ccccc6)c6ccccc6)s5)cc4)s3)ccc21,1,O=C1NC(c2ccc(-c3ccccc3)cc2)Nc2cc(S(=O)(=O)C=Cc3ccc([N+]=Nc4ccc(-c5ccc(N(c6ccccc6)c6ccccc6)s5)cc4)s3)ccc21,0.7428734,508.4808,0.1263888,0.1264,0.4338026,4.1758,1.0000000,1.0000,[],32
45.3857,70.7645,-70.7645,0.0000000,c1ccc(N(c2ccccc2)c2ccc(-c3cc(-c4ccc5c6cc(N(c7ccccc7)c7ccccc7)ccc6n(-c6ccccn6)c5c4)c4nc(-c5ccc(N(c6ccccc6)c6ccccc6)cc5)sc4c4ccc(c3)s4)cc2)cc1,1,c1ccc(N(c2ccccc2)c2ccc(-c3cc(-c4ccc5c6cc(N(c7ccccc7)c7ccccc7)ccc6n(-c6ccccn6)c5c4)c4nc(-c5ccc(N(c6ccccc6)c6ccccc6)cc5)sc4c4ccc(c3)s4)cc2)cc1,0.0000000,0.0000,0.0000000,0.0000,0.0000000,0.0000,0.0000000,0.0000,['[*;r{8-17}]'],32
25.6478,30.0804,-24.1287,0.0464977,CCCCCCCCOc1ccc(C=Nc2ccc(NCCCC)cc2)cc1,1,C(=Nc1ccccc1)c1ccccc1,0.0415865,365.9350,0.2736974,0.2737,0.6537703,2.1250,1.0000000,1.0000,[],32
100.4285,131.5298,-131.5298,0.0000000,C=Cc1c2ccc3ccc(OCC(=O)NC(CCC(=O)C=Nc4cc5c(cc4C=Cc4cc(O)ccc4C=Nc4ccc(N(C)CCO)cc4C)N(C)CC5)C(=O)O)cc3oc-2c1-c1ccc(N(CC)CCC#N)cc1,1,O=C(C=Nc1cc2c(cc1C=Cc1ccccc1C=Nc1ccccc1)NCC2)CCCNC(=O)COc1ccc2ccc3cc(-c4ccccc4)c-3oc2c1,0.0000000,0.0000,0.0000000,0.0000,0.0000000,0.0000,0.0000000,0.0000,"['C(=[O,S])[O,S]']",32
24.2425,22.3951,-22.3346,0.0004722,O=C(NCc1ccccc1)c1ccncc1O,1,O=C(NCc1ccccc1)c1ccncc1,0.0003197,312.6217,0.8403358,0.8403,0.7034087,1.7591,1.0000000,1.0000,[],32
17.6518,26.5239,47.8325,0.5809091,C(=C1c2ccccc2-c2ccccc21)c1ccc(N(c2ccccc2)c2ccccc2)cc1,1,C(=C1c2ccccc2-c2ccccc21)c1ccc(N(c2ccccc2)c2ccccc2)cc1,0.5927933,404.0772,0.2749728,0.2750,0.6816640,1.9161,1.0000000,1.0000,[],32
65.7947,98.4622,-98.4622,0.0000000,C=CCN(c1ccc(cc1)C=c1c(=O)n2c(s/c(c2=O)=C\c2ccc(cc2)N(c2ccccc2)c2ccccc2)c(c1-c1ccccc1)-c1ccccc1)c1ccc(cc1)C=c1c2n(C(c3ccccc3)=C=CC2=c2ccccc2=C1)c1ccccc1,0,,0.0000000,0.0000,0.0000000,0.0000,0.0000000,0.0000,0.0000000,0.0000,None,32
24.2027,23.4372,-23.4372,0.0000000,C=CCN1C(=O)SC(=Cc2ccc(F)cc2)C1=O,1,O=C1NC(=O)C(=Cc2ccccc2)S1,0.0000000,0.0000,0.0000000,0.0000,0.0000000,0.0000,0.0000000,0.0000,"['C(=[O,S])[O,S]']",32
51.0750,69.1619,41.7169,0.8662406,C=CCN(CC)c1ccccc1N=Nc1ccc2cc(C=Nc3ccc(-c4ccc5c(c4)c4ccccc4n5C(C)=O)cc3)c(=O)oc2c1,1,O=c1oc2cc(N=Nc3ccccc3)ccc2cc1C=Nc1ccc(-c2ccc3[nH]c4ccccc4c3c2)cc1,0.9494808,488.1493,0.0677077,0.0677,0.5074310,3.3920,1.0000000,1.0000,[],32
53.5474,73.3951,-48.0309,0.1981580,COc1ccc(-c2sc(-c3ccc(N(c4ccccc4)c4ccc(OC)cc4)cc3)cc2-c2ccc(N(c3ccc(F)cc3)c3ccc(-c4ccc(N(c5ccc(-c6ccccc6)cc5)c5ccc(-c6ccc(-c7cccs7)o6)cc5)cc4)cc3)c(OC)c2)cc1,1,c1ccc(-c2ccc(N(c3ccc(-c4ccc(N(c5ccccc5)c5ccc(-c6cc(-c7ccc(N(c8ccccc8)c8ccccc8)cc7)sc6-c6ccccc6)cc5)cc4)cc3)c3ccc(-c4ccc(-c5cccs5)o4)cc3)cc2)cc1,0.2004981,384.9823,0.0799484,0.0799,0.4427215,4.0741,1.0000000,1.0000,[],32
66.0196,92.6209,21.5652,0.8920795,CCn1c(=O)c(C=Cc2ccc(N(c3ccccc3)c3ccccc3)cc2)c(C)c2cc(N3CCN(c4cc(N(CCCCC#N)c5ccc(N=Nc6ccc(N(c7ccccc7)c7ccccc7)cc6)cc5)ccc4N)CC3)ccc21,1,O=c1[nH]c2ccc(N3CCN(c4cccc(Nc5ccc(N=Nc6ccc(N(c7ccccc7)c7ccccc7)cc6)cc5)c4)CC3)cc2cc1C=Cc1ccc(N(c2ccccc2)c2ccccc2)cc1,0.9932260,454.1551,0.0484017,0.0484,0.4296387,4.2241,1.0000000,1.0000,[],32
38.4478,48.8139,-47.7458,0.0083444,COc1ccc(N(c2ccccc2)c2ccc(C=Cc3cc4c(cc3-c3ccccc3N(c3ccccc3)c3ccccc3)=NC(=O)N=4)cc2)cc1,1,O=C1N=c2cc(C=Cc3ccc(N(c4ccccc4)c4ccccc4)cc3)c(-c3ccccc3N(c3ccccc3)c3ccccc3)cc2=N1,0.0069992,573.7975,0.1355343,0.1355,0.5393029,3.0874,1.0000000,1.0000,[],32
48.7056,58.8475,59.7765,0.9267499,N#Cc1c(C=Cc2cccnc2)oc2ccc(N3C=CC4Sc5ccccc5C4c4ccccc43)cc2c1=O,1,O=c1cc(C=Cc2cccnc2)oc2ccc(N3C=CC4Sc5ccccc5C4c4ccccc43)cc12,0.9818263,443.3148,0.2438417,0.2438,0.4424037,4.0777,1.0000000,1.0000,[],32
57.8015,71.9535,-59.6380,0.0962152,[C-]#[N+]c1cc(-n2cc(CN3CCCCC3)n(O)c2=O)ccc1Sc1ccc(N(c2ccccc2)c2ccc(Nc3ccc(N(c4ccccc4)c4ccccc4)cc3)cc2)cc1,1,O=c1[nH]c(CN2CCCCC2)cn1-c1ccc(Sc2ccc(N(c3ccccc3)c3ccc(Nc4ccc(N(c5ccccc5)c5ccccc5)cc4)cc3)cc2)cc1,0.0932164,375.2997,0.0885341,0.0885,0.4904995,3.5617,1.0000000,1.0000,[],32
72.4857,93.2892,-93.2892,0.0000000,COC(=O)C1=C(c2ccc(-c3ccc([N+](=O)[O-])s3)s2)C(C)=Cc2c(cc(-c3ccccc3)nc2-c2nc3cc(S(=O)(=O)c4ccccc4)ccc3[nH]2)C=C1C#N,1,O=S(=O)(c1ccccc1)c1ccc2[nH]c(-c3nc(-c4ccccc4)cc4c3C=CC(c3ccc(-c5cccs5)s3)=CC=C4)nc2c1,0.0000000,0.0000,0.0000000,0.0000,0.0000000,0.0000,0.0000000,0.0000,"['[*;r{8-17}]', 'C(=[O,S])[O,S]']",32
64.6376,100.4261,-100.4261,0.0000000,s1c2cc(ccc2c2c(c(-c3ccccc3)c(C=Cc3cc[n+](cc3)Cc3ccc(cc3)N(c3ccccc3)c3ccccc3)s2)c1N(c1c2oc3c(cccc3)c2sc1C=Cc1sc(-c2ccc(N(c3ccccc3)c3ccccc3)cc2)cc1)c1cccc2ccccc12)Cl,0,,0.0000000,0.0000,0.0000000,0.0000,0.0000000,0.0000,0.0000000,0.0000,None,32
45.6653,62.4004,48.6627,0.8676807,CCN1C(=C(C#N)C#N)SC(=Cc2ccc(-n3nc(N(c4ccccc4)c4ccccc4)c4ccccc43)cc2C=Cc2ccccc2)C1=C(C#N)C#N,1,C=C1NC(=C)C(=Cc2ccc(-n3nc(N(c4ccccc4)c4ccccc4)c4ccccc43)cc2C=Cc2ccccc2)S1,0.9373176,490.6315,0.1128436,0.1128,0.4727818,3.7456,1.0000000,1.0000,[],32
51.5834,66.5704,-66.5704,0.0000000,c1c2c(c(-c3ccccc3)c(-c3ccccc3)o2)c(c2ccccc2c1N(c1ccccc1)c1ccc2c(Oc3c(C42c2c(N(c5ccccc5)c5c2cccc5)cccc4)ccc(N(c2ccccc2)c2ccccc2)c3)c1)C#N,0,,0.0000000,0.0000,0.0000000,0.0000,0.0000000,0.0000,0.0000000,0.0000,None,32
51.0409,64.5305,-59.3626,0.0403745,CCCCCCCCCCCCNc1ccccc1Nc1ccc(-c2ccc3cc(N)cc(-c4ccc5c(c4)C(C)(C)c4ccccc4-5)c3[o+]2)cc1,1,c1ccc(Nc2ccc(-c3ccc4cccc(-c5ccc6c(c5)Cc5ccccc5-6)c4[o+]3)cc2)cc1,0.0379138,555.1104,0.0537989,0.0538,0.5203770,3.2660,1.0000000,1.0000,[],32
73.5448,95.1804,19.3928,0.8951032,COc1ccc(C=Cc2sc3c(-c4ccc(C(C#N)=Nc5ccsc5-c5cc(C=C6Sc7ccccc7N6C)cc(-c6ccc(-c7ccc(N(c8ccccc8)c8ccccc8)cc7)s6)c5)s4)cccc3c2N=O)cc1,1,C(=Cc1cc2cccc(-c3ccc(C=Nc4ccsc4-c4cc(C=C5Nc6ccccc6S5)cc(-c5ccc(-c6ccc(N(c7ccccc7)c7ccccc7)cc6)s5)c4)s3)c2s1)c1ccccc1,0.9820229,476.5649,0.0797140,0.0797,0.4126453,4.4258,1.0000000,1.0000,[],32
46.8707,67.2284,48.5430,0.9044637,CCN(CC)c1c(N=Nc2ccc(C=Cc3nc4ccccc4o3)cc2)c2c(C=Cc3ccc(N(c4ccccc4)c4ccccc4)cc3)cccn2c1C#N,1,C(=Cc1nc2ccccc2o1)c1ccc(N=Nc2ccn3cccc(C=Cc4ccc(N(c5ccccc5)c5ccccc5)cc4)c23)cc1,0.9773669,479.1172,0.1168761,0.1169,0.4900399,3.5663,1.0000000,1.0000,[],32
34.9862,49.7585,68.1550,0.9211990,C[n+]1ccc(C=Cc2ccc(-c3nn(-c4ccccc4)cc3C=Cc3cc[n+](C)cc3)c(S)c2)cc1,1,C(=Cc1ccc(-c2nn(-c3ccccc3)cc2C=Cc2cc[nH+]cc2)cc1)c1cc[nH+]cc1,0.9730784,438.9512,0.2365942,0.2366,0.5243798,3.2277,1.0000000,1.0000,[],32
63.8587,86.3181,29.2520,0.9028915,N#CC(C#N)=Cc1ccc(-c2ccc(C=CC(C=Cc3cc4ccccc4n(-c4ccccc4)c3=O)=Cc3cccc4c3C(=O)N(c3ccc5c(c3)-c3ccccc3C5=O)C4=O)s2)s1,1,O=C1c2ccccc2-c2cc(N3C(=O)c4cccc(C=C(C=Cc5ccc(-c6cccs6)s5)C=Cc5cc6ccccc6n(-c6ccccc6)c5=O)c4C3=O)ccc21,0.9887049,471.4456,0.0808349,0.0808,0.4515560,3.9753,1.0000000,1.0000,[],32
32.7835,48.7901,64.1491,0.8823375,N#CC(=Cc1cn(-c2ccccc2)nc1-c1ccccc1O)c1nc(-c2ccccc2)c(-c2ccc(N(c3ccccc3)c3ccccc3)cc2)s1,1,C(=Cc1cn(-c2ccccc2)nc1-c1ccccc1)c1nc(-c2ccccc2)c(-c2ccc(N(c3ccccc3)c3ccccc3)cc2)s1,0.9419886,430.2633,0.1526448,0.1526,0.5483336,3.0044,1.0000000,1.0000,[],32
41.6574,47.9388,-34.1434,0.1077768,Nc1cc2c(N)c(-c3ccccc3)c(-c3ccccc3)c(-c3ccccc3)c2c(-c2ccccc2)c1Nc1ccc2ccccc2c1,1,c1ccc(-c2cc3ccc(Nc4ccc5ccccc5c4)c(-c4ccccc4)c3c(-c3ccccc3)c2-c2ccccc2)cc1,0.1025672,376.4502,0.1656843,0.1657,0.5948879,2.5969,1.0000000,1.0000,[],32
65.8696,92.6839,-89.1442,0.0276541,CCc1nc(-c2cccc(N=Nc3ccc(N=Nc4sc(C=Cc5ccc(-c6ccc(N(c7ccccc7)c7ccccc7)cc6)s5)cc4Nc4ccccc4)cc3-c3ccccc3C)c2)ncc1NC,1,C(=Cc1cc(Nc2ccccc2)c(N=Nc2ccc(N=Nc3cccc(-c4ncccn4)c3)c(-c3ccccc3)c2)s1)c1ccc(-c2ccc(N(c3ccccc3)c3ccccc3)cc2)s1,0.0250978,559.7332,0.0939382,0.0939,0.4426076,4.0754,1.0000000,1.0000,[],33
46.0093,54.8513,24.0437,0.6163672,COc1ccc(-c2cc(C(=O)N=c3sc4cc(OC)ccc4n3C)c(N)c(-c3ccc(Br)o3)c2)cc1,1,O=C(N=c1[nH]c2ccccc2s1)c1cc(-c2ccccc2)cc(-c2ccco2)c1,0.6347473,406.0002,0.2542645,0.2543,0.5761125,2.7573,1.0000000,1.0000,[],33
86.7927,112.7518,-112.7518,0.0000000,CCCn1c(=C(C#N)C#N)c(=CC=C2C(c3cccc(C(C)=O)c3OC(C)=C=C=C=O)=Nc3cc(N(c4ccccc4)c4ccccc4)ccc3N(c3ccc(OC)cc3)c3ccc2cc3)c2cc(Cl)c(CC)cc21,1,C=c1[nH]c2ccccc2c1=CC=C1C(c2ccccc2)=Nc2cc(N(c3ccccc3)c3ccccc3)ccc2N(c2ccccc2)c2ccc1cc2,0.0000000,0.0000,0.0000000,0.0000,0.0000000,0.0000,0.0000000,0.0000,['[*;r{8-17}]'],33
29.6761,43.1292,77.0424,0.9388406,c1ccc(N(c2ccccc2)c2ccc(-[n+]3ccc(-c4ccc(-c5onc6ccccc56)o4)cc3)cc2)cc1,1,c1ccc(N(c2ccccc2)c2ccc(-[n+]3ccc(-c4ccc(-c5onc6ccccc56)o4)cc3)cc2)cc1,0.9946495,463.2682,0.2121804,0.2122,0.5626091,2.8759,1.0000000,1.0000,[],33
30.2688,38.4749,-34.6263,0.0300672,O=[N+]([O-])c1ccc(-n2ccc(-c3ccc(-c4sc(-c5ccccc5)nc4-c4ccccc4)cc3)n2)cc1,1,c1ccc(-c2nc(-c3ccccc3)c(-c3ccc(-c4ccn(-c5ccccc5)n4)cc3)s2)cc1,0.0266984,360.9560,0.1720319,0.1720,0.6210588,2.3816,1.0000000,1.0000,[],33
26.3914,38.4897,84.9654,0.9644933,CCCCn1c(C=Cc2cc[n+](CCCC)cc2)nc2ccc(C)cc21,1,C(=Cc1nc2ccccc2[nH]1)c1cc[nH+]cc1,0.9951876,462.1114,0.4993111,0.4993,0.5846784,2.6835,1.0000000,1.0000,[],33
21.5718,24.5288,-24.4708,0.0004536,C=CCNc1nc2ccc(OC)cc2s1,1,c1ccc2scnc2c1,0.0003074,312.1943,0.8043720,0.8044,0.6509771,2.1464,1.0000000,1.0000,[],33
52.4992,70.5145,-63.5198,0.0546455,C=C1C(C=c2c(=Cc3cccs3)c(-c3ccc(O)cc3)nc3ccc(N(c4ccccc4)c4ccccc4)cc23)=C(c2ccccc2)c2ccccc2N1C,1,C=C1Nc2ccccc2C(c2ccccc2)=C1C=c1c(=Cc2cccs2)c(-c2ccccc2)nc2ccc(N(c3ccccc3)c3ccccc3)cc12,0.0502517,551.9114,0.1774325,0.1774,0.5006266,3.4595,1.0000000,1.0000,[],33
35.4022,38.2124,-37.9015,0.0024287,c1ccc(N(c2ccccc2)c2cc(OCCN3CCCCC3)cc(N3c4ccccc4Oc4ccccc43)c2)cc1,1,c1ccc(N(c2ccccc2)c2cc(OCCN3CCCCC3)cc(N3c4ccccc4Oc4ccccc43)c2)cc1,0.0018858,331.9076,0.1871070,0.1871,0.5953735,2.5928,1.0000000,1.0000,[],33
33.6887,43.0696,-42.8851,0.0014412,O=C1N(c2ccccc2)CCC(c2ccccc2)C1(c1ccccc1)c1ccc(N(c2ccccc2)c2ccccc2)cc1,1,O=C1N(c2ccccc2)CCC(c2ccccc2)C1(c1ccccc1)c1ccc(N(c2ccccc2)c2ccccc2)cc1,0.0010912,325.9591,0.1907602,0.1908,0.5194860,3.2746,1.0000000,1.0000,[],33
46.9912,64.0400,-64.0400,0.0000000,Cc1c2cccc1-c1ccn(-c3cccc(C=Cc4ccc(N(c5ccccc5)c5ccc(C=Cc6ccc(N(c7ccccc7)c7ccccc7)cc6)cc5)cc4)c3)c3ccc(ccc(-c4ccccc4)cc1O2)c1ccccc13,1,C(=Cc1ccc(N(c2ccccc2)c2ccc(C=Cc3cccc(-n4ccc5c(cc(-c6ccccc6)ccc6ccc4c4ccccc64)Oc4cccc-5c4)c3)cc2)cc1)c1ccc(N(c2ccccc2)c2ccccc2)cc1,0.0000000,0.0000,0.0000000,0.0000,0.0000000,0.0000,0.0000000,0.0000,['[*;r{8-17}]'],33
45.0437,69.3419,47.2558,0.9109198,COc1ccc2[nH]c(-c3ccc(-c4ccc5cc(N=Nc6ccc(N(c7ccccc7)c7ccccc7)cc6)sc5c4)cc3)c(N=Cc3ccc(N(c4ccccc4)c4ccccc4)cc3)c(=O)c2c1,1,O=c1c(N=Cc2ccc(N(c3ccccc3)c3ccccc3)cc2)c(-c2ccc(-c3ccc4cc(N=Nc5ccc(N(c6ccccc6)c6ccccc6)cc5)sc4c3)cc2)[nH]c2ccccc12,0.9930426,466.1369,0.0921888,0.0922,0.4688285,3.7876,1.0000000,1.0000,[],33
45.5282,64.7394,47.0778,0.8735722,CCCNCCNc1cccc(C[n+]2ccc(C=Cc3cc(C=O)cc(N(CC)CC)c3N=Cc3ccc(N(c4ccccc4)c4ccccc4)cc3)cc2)c1,1,C(=Cc1ccccc1N=Cc1ccc(N(c2ccccc2)c2ccccc2)cc1)c1cc[n+](Cc2ccccc2)cc1,0.9766862,479.4464,0.0374600,0.0375,0.4911596,3.5549,1.0000000,1.0000,[],33
41.7269,58.4160,62.4012,0.9438842,CN1CC=C(c2ccn3c(=O)n(CC(=O)c4ccc(N=Nc5ccc(N(C)CCO)cc5)cc4)nc3c2)CC1,1,O=C(Cn1nc2cc(C3=CCNCC3)ccn2c1=O)c1ccc(N=Nc2ccccc2)cc1,0.9948040,462.9482,0.2620084,0.2620,0.5320233,3.1553,1.0000000,1.0000,[],33
47.6969,75.2651,-70.8529,0.0344704,CCCCC1=C(c2ccc(C=Cc3ccc(N(c4ccccc4)c4ccccc4)cc3)cc2)C(=Cc2nc3ccccc3[nH]2)NC(=C(C#N)C#N)C1=CC=Cc1cccc(C=Cc2ccc(N(c3ccccc3)c3ccccc3)cc2)c1,1,C=C1NC(=Cc2nc3ccccc3[nH]2)C(c2ccc(C=Cc3ccc(N(c4ccccc4)c4ccccc4)cc3)cc2)=CC1=CC=Cc1cccc(C=Cc2ccc(N(c3ccccc3)c3ccccc3)cc2)c1,0.0319837,557.0239,0.0696867,0.0697,0.4202460,4.3346,1.0000000,1.0000,[],33
31.8555,47.0357,-47.0357,0.0000000,COc1ccc(Nc2nc(C=Cc3cccs3)c(C#Cc3ccc(N(c4ccccc4)c4ccccc4)cc3)s2)cc1,1,C(#Cc1sc(Nc2ccccc2)nc1C=Cc1cccs1)c1ccc(N(c2ccccc2)c2ccccc2)cc1,0.0000000,0.0000,0.0000000,0.0000,0.0000000,0.0000,0.0000000,0.0000,['C#C'],33
32.9161,41.1298,-41.1298,0.0000000,c1ccc2n(c3c(cccc3)c2c1N=c1ccc(s1)C)C=O,0,,0.0000000,0.0000,0.0000000,0.0000,0.0000000,0.0000,0.0000000,0.0000,None,33
35.1384,38.1125,-38.1125,0.0000000,c1c2c3c4c(ccc(c4ccc3)-c3cc(N(c4ccc(-n5c6ccccc6c6c5cccc6)cc4)c4c5ccccc5ccc4)ccc3)cc2ccc1,0,,0.0000000,0.0000,0.0000000,0.0000,0.0000000,0.0000,0.0000000,0.0000,None,33
82.1095,105.2345,-105.2345,0.0000000,c1c(C(=Cc2c3c(ccc4c5c(cccc5)n(CCCNCC=Cc5ccccc5)c4c3)ccc2N)c2c(cccc2)C=O)c2C(C)(CC=Cc2c(N=Cc2ccc(o2)N(c2ccccc2)c2ccccc2)c1)C,0,,0.0000000,0.0000,0.0000000,0.0000,0.0000000,0.0000,0.0000000,0.0000,None,33
54.8587,67.1270,-67.1270,0.0000000,c12c(c(c3c(n1OCCCC)cc(c(OCCCN1CCCC1)c3)C=Nc1ccc(N(CCOCCN)CCCC)cc1)OC)cccc2,0,,0.0000000,0.0000,0.0000000,0.0000,0.0000000,0.0000,0.0000000,0.0000,None,33
43.2943,55.1811,47.5113,0.8022843,c1ccc(-c2nc3c(nc2-c2ccc(-c4ccc(-c5ccc(N(c6ccccc6)c6ccccc6)cc5)s4)cc2)sc2cc(-c4ccc(-c5ccccn5)cc4)sc23)cc1,1,c1ccc(-c2nc3c(nc2-c2ccc(-c4ccc(-c5ccc(N(c6ccccc6)c6ccccc6)cc5)s4)cc2)sc2cc(-c4ccc(-c5ccccn5)cc4)sc23)cc1,0.8542334,419.1980,0.1454141,0.1454,0.5279793,3.1935,1.0000000,1.0000,[],33
73.9008,83.8336,-83.8336,0.0000000,c1(C)sc2cc3c(N=C(c4c(ncc(C(=O)c5ccc(C)cc5)c4)N3c3ccc(cc3)N(c3ccc(cc3)C)c3ccc(C)cc3)c3ccc(s3)N(c3ccc(CCCC)cc3)c3ccc(cc3)C)cc2cc1,0,,0.0000000,0.0000,0.0000000,0.0000,0.0000000,0.0000,0.0000000,0.0000,None,33
30.9293,45.7551,65.4043,0.8684329,CCCCCCCCCCN(CCCCCCCC)c1ccc(N=Nc2ccc(N=Nc3ccc(NC)c(C#N)c3)cc2)cc1,1,c1ccc(N=Nc2ccc(N=Nc3ccccc3)cc2)cc1,0.9420050,489.7334,0.0909690,0.0910,0.5382013,3.0976,1.0000000,1.0000,[],33
88.9574,113.7497,-113.7497,0.0000000,CC1(C)CC1c1cc(NC(=O)NCCOc2ccccc2)c(C=Cc2cc[n+](CC#Cc3cc[n+](CCCCC[n+]4c(-c5cc[n+](CCCNC(=O)c6ccc(N(c7ccccc7)c7ccccc7)cc6)cc5)sc5ccccc54)c4ccccc34)cc2)c[n+]1O,1,O=C(NCCOc1ccccc1)Nc1cc(C2CC2)[nH+]cc1C=Cc1cc[n+](CC#Cc2cc[n+](CCCCC[n+]3c(-c4cc[n+](CCCNC(=O)c5ccc(N(c6ccccc6)c6ccccc6)cc5)cc4)sc4ccccc43)c3ccccc23)cc1,0.0000000,0.0000,0.0000000,0.0000,0.0000000,0.0000,0.0000000,0.0000,['C#C'],33
36.9119,44.9964,73.0195,0.9219991,Cc1ccc(N=Nc2ccc(-c3cccs3)c3c(-c4ccc(N(c5ccccc5)c5ccccc5)cc4)c4ccccc4cc23)cc1,1,c1ccc(N=Nc2ccc(-c3cccs3)c3c(-c4ccc(N(c5ccccc5)c5ccccc5)cc4)c4ccccc4cc23)cc1,0.9913279,468.5476,0.1285021,0.1285,0.5660245,2.8456,1.0000000,1.0000,[],33
64.2144,103.0299,-3.7289,0.7757888,C=CCCCCC1=c2sc(-c3ccc(-c4ccc(N(c5ccccc5)c5ccccc5)cc4)s3)cc2=C(c2ccc(N(c3ccc(OC)cc3)c3ccc(N(c4ccccc4)c4ccccc4)cc3)cc2)N(c2ccc(N(c3ccc(-c4ccc(N(c5ccc(OC)cc5)c5ccc(OCCCC)cc5)cc4)cc3)c3ccc(N(c4ccccc4)c4ccccc4)cc3)cc2)CC1,1,C1=c2sc(-c3ccc(-c4ccc(N(c5ccccc5)c5ccccc5)cc4)s3)cc2=C(c2ccc(N(c3ccccc3)c3ccc(N(c4ccccc4)c4ccccc4)cc3)cc2)N(c2ccc(N(c3ccc(-c4ccc(N(c5ccccc5)c5ccccc5)cc4)cc3)c3ccc(N(c4ccccc4)c4ccccc4)cc3)cc2)CC1,0.8770552,498.6671,0.0287959,0.0288,0.3194501,5.7058,1.0000000,1.0000,[],33
61.4445,74.4050,-74.4050,0.0000000,c1cccc2Oc3c(cccc3)N(c3ccc(cc3)-c3cc4sc5=C(c6ccc(-c7ccc8cc(N(c8ccccc8)c8ccccc8)cc7)ccc6sc5C=c3c4)c3ccccc3)c2c1,0,,0.0000000,0.0000,0.0000000,0.0000,0.0000000,0.0000,0.0000000,0.0000,None,33
66.6767,89.0424,0.0671,0.6961679,O=Cc1ccc(Cc2cccc(CN=Cc3ccc(N(c4ccccc4)c4ccccc4)cc3)c2-c2n[nH]c3nc4cc(F)c(F)cc4c(N(c4ccccc4)c4ccccc4)c23)o1,1,C(=NCc1cccc(Cc2ccco2)c1-c1n[nH]c2nc3ccccc3c(N(c3ccccc3)c3ccccc3)c12)c1ccc(N(c2ccccc2)c2ccccc2)cc1,0.7482723,411.8282,0.0918382,0.0918,0.4713371,3.7609,1.0000000,1.0000,[],33
37.5155,41.6207,76.3023,0.9212735,O=c1c(-c2ccccc2)cc2sc3ccc(Cl)cc3[n+]2c2ccccc12,1,O=c1c(-c2ccccc2)cc2sc3ccccc3[n+]2c2ccccc12,0.9586631,434.1332,0.3561210,0.3561,0.5792904,2.7298,1.0000000,1.0000,[],33
57.9134,73.4276,44.2589,0.9194255,Cn1ccc2cc(N(c3ccnc(Nc4ccc5cc[nH]c5c4)n3)S(=O)(=O)c3cc(C=Cc4cc[n+](C)cc4)ccc3C=O)ccc21,1,O=S(=O)(c1cccc(C=Cc2cc[nH+]cc2)c1)N(c1ccc2[nH]ccc2c1)c1ccnc(Nc2ccc3cc[nH]c3c2)n1,0.9893490,470.8010,0.1369881,0.1370,0.4917001,3.5494,1.0000000,1.0000,[],33
52.9176,68.3459,-68.3459,0.0000000,C1N2C(C(=Cc3ccnc(c3)-c3cc(-c4c(cccc4)N)oc3C=2c2ccc(N(c3ccccc3)c3ccccc3)cc2)C)c2c1cccc2,0,,0.0000000,0.0000,0.0000000,0.0000,0.0000000,0.0000,0.0000000,0.0000,None,33
36.8003,32.2671,-31.7723,0.0038659,CC1CC=CC=C1[S+]([O-])C(C)(C)CO,1,C1=CCCC=C1,0.0029774,336.8782,0.7300434,0.7300,0.3634868,5.0601,1.0000000,1.0000,[],33
42.7629,67.7192,48.0199,0.9042118,O=C(Nc1sc2ccccc2c1C=Nc1sc(-c2ccsc2)nc1-c1ccc(N(c2ccccc2)c2ccccc2)cc1)c1ccc([N+](=O)[O-])o1,1,O=C(Nc1sc2ccccc2c1C=Nc1sc(-c2ccsc2)nc1-c1ccc(N(c2ccccc2)c2ccccc2)cc1)c1ccco1,0.9858797,473.9005,0.0853243,0.0853,0.5131741,3.3357,1.0000000,1.0000,[],33
28.1566,38.2037,76.6821,0.8975454,Oc1ccc(N(c2ccccc2)c2ccc(C=CC=Cc3cc4sc5ccccc5c4s3)cc2)cc1,1,C(C=Cc1cc2sc3ccccc3c2s1)=Cc1ccc(N(c2ccccc2)c2ccccc2)cc1,0.9458188,431.0490,0.2295187,0.2295,0.5763923,2.7548,1.0000000,1.0000,[],33
63.3079,88.1595,-88.1595,0.0000000,c1(oc2c(cc1)cc(-c1ccccc1)cc2)-c1ccc(cc1)N(c1ccc(C=Cc2c3c(c(N(c4ccccc4)c4ccccc4)cc2)c(-c2ccccc2)c(C=Cc2ccccn2)c3)cc1)c1c(N(c2ccccc2)c2ccccc2)cccc1,0,,0.0000000,0.0000,0.0000000,0.0000,0.0000000,0.0000,0.0000000,0.0000,None,33
55.6230,75.7732,-57.2452,0.1447497,CCC[n+]1ccc(C=Cc2ccc(N(c3ccc(C=Cc4cc[n+](C)cc4)cc3)c3ccc(OC)cc3)cc2)c(-c2cccc3cccnc23)c1C=Cc1cc[n+](N(CCN)CCN)cc1,1,C(=Cc1ccc(N(c2ccccc2)c2ccc(C=Cc3cc[nH+]c(C=Cc4cc[nH+]cc4)c3-c3cccc4cccnc34)cc2)cc1)c1cc[nH+]cc1,0.1439723,539.3552,0.0835759,0.0836,0.4261081,4.2653,1.0000000,1.0000,[],33
22.0502,32.2513,-27.6186,0.0361931,Fc1ccc(-c2oc3cc(N(c4ccccc4)c4ccccc4)ccc3c2-c2ccc(N(c3ccccc3)c3ccccc3)cc2)cc1,1,c1ccc(-c2oc3cc(N(c4ccccc4)c4ccccc4)ccc3c2-c2ccc(N(c3ccccc3)c3ccccc3)cc2)cc1,0.0324876,363.1515,0.1680828,0.1681,0.6115180,2.4591,1.0000000,1.0000,[],33
31.8059,43.8420,49.5382,0.7295333,CN(CCO)c1ccc(N=Nc2nc3ccccn3c2C#N)c(N(C)CCO)c1,1,c1ccc(N=Nc2cn3ccccc3n2)cc1,0.7407497,508.6012,0.5686461,0.5686,0.5135685,3.3319,1.0000000,1.0000,[],33
40.9660,49.5498,-49.5498,0.0000000,c1ccccc1NC(c1cc2c3c(cccc3)c(-c3ccc(N(c4ccccc4)c4ccccc4)cc3)c3c2c(ccc3-c2cc3c(s2)cccc3)c1)=O,0,,0.0000000,0.0000,0.0000000,0.0000,0.0000000,0.0000,0.0000000,0.0000,None,33
53.4200,73.3822,9.3843,0.6466136,CCCCN(CCCC)c1ccc2c(c1)C(N1CCN(CCC3Sc4ccc(N=Cc5ccc(N(c6ccccc6)c6ccccc6)cc5)cc4NC3=O)CC1)c1ccccc1C=C2,1,O=C1Nc2cc(N=Cc3ccc(N(c4ccccc4)c4ccccc4)cc3)ccc2SC1CCN1CCN(C2c3ccccc3C=Cc3ccccc32)CC1,0.6928099,408.8302,0.0978475,0.0978,0.4142365,4.4066,1.0000000,1.0000,[],33
45.7130,64.1093,-64.1093,0.0000000,c1ccc2c(c3c(ccc(N(c4ccccc4)c4ccccc4)c3)oc2-c2ccc(N(c3ccccc3)c3ccccc3)cc21)=C1Cc2c(N(c3ccc(OC)cc3)c3ccccc3)cccc12,0,,0.0000000,0.0000,0.0000000,0.0000,0.0000000,0.0000,0.0000000,0.0000,None,33
38.2053,47.4230,-40.5419,0.0537591,Cn1c(O)c(C=NCCCCCc2noc3ccccc23)sc1=Nc1ccccc1,1,C(=NCCCCCc1noc2ccccc12)c1c[nH]c(=Nc2ccccc2)s1,0.0483948,367.6585,0.3219541,0.3220,0.5407507,3.0740,1.0000000,1.0000,[],33
32.6889,36.3564,-33.0021,0.0262058,Oc1ccccc1-c1ccc2c(n1)c1ccccc1n2-c1ccc2ccccc2c1,1,c1ccc(-c2ccc3c(n2)c2ccccc2n3-c2ccc3ccccc3c2)cc1,0.0225520,359.0773,0.3592885,0.3593,0.6462623,2.1827,1.0000000,1.0000,[],33
23.7407,32.7264,-30.1532,0.0201030,COc1ccc(N(c2ccc(-c3ccc(N(c4ccccc4)c4ccccc4)cc3)cc2)c2ccc(-c3ccsc3)cc2)cc1,1,c1ccc(N(c2ccccc2)c2ccc(-c3ccc(N(c4ccccc4)c4ccc(-c5ccsc5)cc4)cc3)cc2)cc1,0.0174969,356.2657,0.1639000,0.1639,0.6317524,2.2963,1.0000000,1.0000,[],33
32.7058,46.2165,71.2121,0.9174113,N#CC(C#N)=Cc1cc2c(cc(-c3ccc(C=Cc4ccc(C=C(C#N)c5cccs5)s4)s3)c3ccccc32)s1,1,C(=Cc1ccc(C=Cc2ccc(-c3cc4sccc4c4ccccc34)s2)s1)c1cccs1,0.9779452,478.8297,0.1831127,0.1831,0.4945228,3.5208,1.0000000,1.0000,[],33
56.6212,68.7271,-41.6624,0.2114431,N=c1oc2c(N=Nc3c(N)ccc(Nc4ccccc4)c3C(N)=O)cccc2c2c(O)cc(Cl)c(S(=O)(=O)O)c12,1,N=c1oc2c(N=Nc3cccc(Nc4ccccc4)c3)cccc2c2ccccc12,0.2154869,534.0295,0.0650629,0.0651,0.5037163,3.4287,1.0000000,1.0000,[],33
34.2577,49.3489,64.6199,0.8903813,Cc1cc(N(c2ccc(-c3ccccc3)cc2)c2ccc(-c3ccc(C=C(C#N)C#N)s3)cc2)ccc1-c1ccc(C=C2c3ccccc3-c3ccccc32)cc1,1,C(=C1c2ccccc2-c2ccccc21)c1ccc(-c2ccc(N(c3ccc(-c4ccccc4)cc3)c3ccc(-c4cccs4)cc3)cc2)cc1,0.9532582,487.2624,0.1455512,0.1456,0.5269593,3.2032,1.0000000,1.0000,[],33
35.3619,55.9430,48.7114,0.8176130,O=c1c2ccc(N(c3ccccc3)c3ccccc3)cc2ccc2c3ccccc3n(-c3ccc(-c4ccc(-c5ccc(-c6ccc(N(c7ccccc7)c7ccccc7)cc6)cc5)s4)cc3)c12,1,O=c1c2ccc(N(c3ccccc3)c3ccccc3)cc2ccc2c3ccccc3n(-c3ccc(-c4ccc(-c5ccc(-c6ccc(N(c7ccccc7)c7ccccc7)cc6)cc5)s4)cc3)c12,0.8730418,420.9344,0.1369537,0.1370,0.5288885,3.1849,1.0000000,1.0000,[],33
43.5057,66.4041,47.4105,0.8891763,CCCCC[n+]1ccc(-c2ccc(N(c3ccc(C=Cc4ccc(-c5ccc(-c6ccc(N(c7ccccc7)c7ccc(C=Cc8ccc(N(c9ccccc9)c9ccccc9)cc8)cc7)cc6)s5)s4)cc3)c3nccc[n+]3C)cc2)cc1,1,C(=Cc1ccc(N(c2ccccc2)c2ccc(-c3ccc(-c4ccc(C=Cc5ccc(N(c6ccc(-c7cc[nH+]cc7)cc6)c6nccc[nH+]6)cc5)s4)s3)cc2)cc1)c1ccc(N(c2ccccc2)c2ccccc2)cc1,0.9931788,465.9209,0.0432240,0.0432,0.4335138,4.1792,1.0000000,1.0000,[],33
63.1695,76.3103,17.5495,0.7332793,O=S(=O)(c1ccc(CCCCCCCCN2CCCN(c3ccc(O)cc3)c3ccc(Cl)cc32)cc1)c1cc2ccccc2c2c1cn1ccccc21,1,O=S(=O)(c1ccc(CCCCCCCCN2CCCN(c3ccccc3)c3ccccc32)cc1)c1cc2ccccc2c2c1cn1ccccc21,0.7805598,413.7773,0.1263287,0.1263,0.5271357,3.2015,1.0000000,1.0000,[],33
62.1787,80.6820,34.9110,0.9030701,CC1(C)c2ccc(N(c3ccccc3)c3ccc(C=Cc4ccc(C=C(c5ccc(C=CC6=Cc7cccc8c7N(c7ccccc76)c6ccccc6C8(C)C)cc5)c5ccc(N(c6ccccc6)c6ccccc6)cc5)s4)cc3)cc2-c2ccc(N(CCO)c3ccc4ccccc4c3)cc21,1,C(=Cc1ccc(C(=Cc2ccc(C=Cc3ccc(N(c4ccccc4)c4ccc5c(c4)-c4ccc(Nc6ccc7ccccc7c6)cc4C5)cc3)s2)c2ccc(N(c3ccccc3)c3ccccc3)cc2)cc1)C1=Cc2cccc3c2N(c2ccccc2C3)c2ccccc21,0.9871298,447.1198,0.0982483,0.0982,0.3671207,5.0103,1.0000000,1.0000,[],33
52.4672,54.8699,-54.8699,0.0000000,Nc1ccc2c(c1)c1ccccc1n2-c1cccc(C(=Cc2ccc3ccccc3c2)c2ccc(C(=O)O)cn2)c1,1,C(=C(c1cccc(-n2c3ccccc3c3ccccc32)c1)c1ccccn1)c1ccc2ccccc2c1,0.0000000,0.0000,0.0000000,0.0000,0.0000000,0.0000,0.0000000,0.0000,"['C(=[O,S])[O,S]']",33
24.7350,35.3078,-30.8477,0.0348446,Oc1ccc(N(c2ccc(-c3nnc(-c4ccccc4)o3)cc2)c2ccc(N(c3ccccc3)c3ccccc3)cc2)cc1,1,c1ccc(-c2nnc(-c3ccc(N(c4ccccc4)c4ccc(N(c5ccccc5)c5ccccc5)cc4)cc3)o2)cc1,0.0310394,362.6402,0.1954520,0.1955,0.6373374,2.2523,1.0000000,1.0000,[],33
26.2679,39.5693,9.7246,0.3851085,CC(=Cc1ccc(-c2ccc(-c3ccc(N(c4ccccc4)c4ccccc4)cc3)cn2)s1)c1ccc(N(c2ccccc2)c2ccccc2)cc1,1,C(=Cc1ccc(-c2ccc(-c3ccc(N(c4ccccc4)c4ccccc4)cc3)cn2)s1)c1ccc(N(c2ccccc2)c2ccccc2)cc1,0.3941054,395.3304,0.1426425,0.1426,0.5704207,2.8069,1.0000000,1.0000,[],33
42.2584,56.7910,58.0587,0.8972632,C(=Cc1cc(-c2ccc(N(c3ccccc3)c3ccc(-c4ccccc4)cc3)cc2)sc1C=Cc1ccc(-c2ccc(N(c3ccccc3)c3ccccc3)s2)s1)c1ccc(N(c2ccccc2)c2ccc(C=Nc3ccccc3)cc2)cc1,1,C(=Cc1cc(-c2ccc(N(c3ccccc3)c3ccc(-c4ccccc4)cc3)cc2)sc1C=Cc1ccc(-c2ccc(N(c3ccccc3)c3ccccc3)s2)s1)c1ccc(N(c2ccccc2)c2ccc(C=Nc3ccccc3)cc2)cc1,0.9826357,476.1816,0.0799642,0.0800,0.4497823,3.9950,1.0000000,1.0000,[],33
46.4316,67.4734,20.2215,0.6851165,C[n+]1c(C=Cc2cc(-c3ccc(-c4ccc(N(c5ccccc5)c5ccccc5)cc4)s3)sc2-c2ccc(N(c3ccccc3)c3ccccc3)cc2)n2c(-c3ccccc3)ccc2c2ccccc21,1,C(=Cc1[nH+]c2ccccc2c2ccc(-c3ccccc3)n12)c1cc(-c2ccc(-c3ccc(N(c4ccccc4)c4ccccc4)cc3)s2)sc1-c1ccc(N(c2ccccc2)c2ccccc2)cc1,0.7307069,509.1620,0.1134015,0.1134,0.4769692,3.7015,1.0000000,1.0000,[],33
56.4608,78.2309,33.7858,0.8751297,C=CCOc1ccc(-c2ccc(N(c3ccc(C=Cc4ccc(N(c5ccccc5)c5ccccc5)cc4)cc3)c3ccc(-c4ccc(OCCCCCCCC)c5nsnc45)cc3)c(N3c4ccccc4N(CCCCCCCC)c4ccccc43)c2)cc1,1,C(=Cc1ccc(N(c2ccc(-c3cccc4nsnc34)cc2)c2ccc(-c3ccccc3)cc2N2c3ccccc3Nc3ccccc32)cc1)c1ccc(N(c2ccccc2)c2ccccc2)cc1,0.9930475,466.1292,0.0261156,0.0261,0.4189816,4.3496,1.0000000,1.0000,[],33
25.3614,26.2885,-26.1949,0.0007313,Oc1cccc(CNc2ccccc2Sc2ccccc2)c1,1,c1ccc(CNc2ccccc2Sc2ccccc2)cc1,0.0005102,317.6982,0.6829829,0.6830,0.6870505,1.8767,1.0000000,1.0000,[],33
43.3276,51.6549,-51.6549,0.0000000,C=C(Cc1ccc(O)c(C=Cc2nc3cccc(N4CCOCC4)c3s2)c1)C(=O)O,1,C(=Cc1nc2cccc(N3CCOCC3)c2s1)c1ccccc1,0.0000000,0.0000,0.0000000,0.0000,0.0000000,0.0000,0.0000000,0.0000,"['C(=[O,S])[O,S]']",33
63.7192,83.3481,-83.3481,0.0000000,c1(c2c(CCCCC2)c2c(cc3N(c4ccccc4)c4cc5c6c(cccc6)sc5c5c(ccc5N(c2c4)c2ccccc2)C3=O)c1)C=Cc1ccc(s1)N(c1ccccc1)c1ccccc1,0,,0.0000000,0.0000,0.0000000,0.0000,0.0000000,0.0000,0.0000000,0.0000,None,33
46.4588,46.3171,-46.0581,0.0020234,Cc1cc(O)c2c(C)c(C)c(O)c(-c3cc(O)c(O)c(Cl)c3)c2c1,1,c1ccc(-c2cccc3ccccc23)cc1,0.0015117,329.5030,0.4728104,0.4728,0.5852422,2.6786,1.0000000,1.0000,[],33
76.7917,102.5934,-102.5934,0.0000000,O=C1CNc2ccc(C=Cc3ccc4c(c3)C=Cc3ccccc3N4c3cccc(OCC#Cc4ccc(C=C5Sc6nc(NCc7ccccc7)ccc6N5c5ccccc5)s4)c3)cc2N1CC=Cc1ccc(N(c2ccccc2)c2ccccc2)cc1,1,O=C1CNc2ccc(C=Cc3ccc4c(c3)C=Cc3ccccc3N4c3cccc(OCC#Cc4ccc(C=C5Sc6nc(NCc7ccccc7)ccc6N5c5ccccc5)s4)c3)cc2N1CC=Cc1ccc(N(c2ccccc2)c2ccccc2)cc1,0.0000000,0.0000,0.0000000,0.0000,0.0000000,0.0000,0.0000000,0.0000,['C#C'],33
43.3065,59.8417,29.6301,0.6989988,CCn1c(=O)c(-c2ccc(OC)cc2)nc2c(-c3ccc4c(c3)N(c3ccccc3)c3ccccc3C4(C)C)ccc(-c3ccc(N(c4ccccc4)c4ccccc4)cc3)c21,1,O=c1[nH]c2c(-c3ccc(N(c4ccccc4)c4ccccc4)cc3)ccc(-c3ccc4c(c3)N(c3ccccc3)c3ccccc3C4)c2nc1-c1ccccc1,0.7391796,411.3102,0.1453922,0.1454,0.5180669,3.2883,1.0000000,1.0000,[],33
38.7039,60.1446,-47.7767,0.0966244,O=c1c(-c2ccccc2)c(CCCCN2CCN(c3ccc(N(c4ccccc4)c4ccc(N(c5ccccc5)c5ccccc5)cc4)cc3)c3ccccc32)oc2cc(O)ccc12,1,O=c1c(-c2ccccc2)c(CCCCN2CCN(c3ccc(N(c4ccccc4)c4ccc(N(c5ccccc5)c5ccccc5)cc4)cc3)c3ccccc32)oc2ccccc12,0.0927572,375.2406,0.1160653,0.1161,0.5108401,3.3585,1.0000000,1.0000,[],33
59.0203,67.5087,-67.5087,0.0000000,COc1cc(N)c(N)cc1C#Cc1cc(C#N)c2c(-c3ccccc3)c(-c3ccccc3)ncc2c1SCCO,1,C(#Cc1ccc2c(-c3ccccc3)c(-c3ccccc3)ncc2c1)c1ccccc1,0.0000000,0.0000,0.0000000,0.0000,0.0000000,0.0000,0.0000000,0.0000,['C#C'],34
58.5457,86.3176,25.4536,0.8732122,Oc1ccc(C=Cc2ccc(N(c3ccccc3)c3ccccc3)cc2)cc1C=NCCCCCCC[n+]1ccc(C=Cc2ccc(-c3cc4sc(C=Cc5ccc(N(c6ccc(C=Cc7cccs7)cc6)c6ccc(OCc7ccccc7)cc6)cc5)cc4s3)cc2)cc1,1,C(=Cc1cc[n+](CCCCCCCN=Cc2cccc(C=Cc3ccc(N(c4ccccc4)c4ccccc4)cc3)c2)cc1)c1ccc(-c2cc3sc(C=Cc4ccc(N(c5ccc(C=Cc6cccs6)cc5)c5ccc(OCc6ccccc6)cc5)cc4)cc3s2)cc1,0.9947089,463.1463,0.0241263,0.0241,0.3905661,4.7008,1.0000000,1.0000,[],34
69.2355,91.8344,-91.8344,0.0000000,c1cc2c(cccc2)cc1-n1c2c(nc3ccccc3n2)c2ccc(cc21)-c1c2c(nc(-c3ccc(cc3)N=c3ccc4c(cccc4N=[N+]=[N-])c3)o2)ccc1N=CC=Cc1ccc(N(c2ccccc2)c2ccccc2)cc1,0,,0.0000000,0.0000,0.0000000,0.0000,0.0000000,0.0000,0.0000000,0.0000,None,34
55.7355,68.6982,-65.5083,0.0249214,CCCCCCCCC1(CCCCCC)c2cccc(-c3ccc(N(c4ccccc4)c4ccc(-c5ccc6sc(-c7ccc8ccccc8c7)cc6c5)cc4)cc3)c2C(=O)N1c1cccc2ccccc12,1,O=C1c2c(cccc2-c2ccc(N(c3ccccc3)c3ccc(-c4ccc5sc(-c6ccc7ccccc7c6)cc5c4)cc3)cc2)CN1c1cccc2ccccc12,0.0226612,359.1310,0.0754203,0.0754,0.4329138,4.1861,1.0000000,1.0000,[],34
45.8505,65.5069,-62.8692,0.0206071,C=CCn1c(=O)c(=N)n(C(C)=Cc2ccc(NC)cc2)c2ccc(-c3ccc(N(c4ccccc4)c4ccccc4)cc3)cc21,1,N=c1c(=O)[nH]c2cc(-c3ccc(N(c4ccccc4)c4ccccc4)cc3)ccc2n1C=Cc1ccccc1,0.0180083,356.5841,0.1659140,0.1659,0.5445309,3.0392,1.0000000,1.0000,[],34
89.5139,132.3274,-132.3274,0.0000000,C=CCN(CCN1CCCC1)c1cc(N(c2ccccc2)c2ccccc2)c(C=Nc2ccc(N3C4=C(c5ccccc5)C(c5ccccc5)=C(c5ccccc5)C3=c3ccccc3=Nc3ccc(cc3)N(c3ccc(F)cc3)c3ccc(C=Cc5ccc(C=C(C#N)C#N)s5)cc3O4)cc2)cc1C=Cc1cc[n+](CC(=O)O)cc1,1,C(=Cc1cc(C=Nc2ccc(N3C4=C(c5ccccc5)C(c5ccccc5)=C(c5ccccc5)C3=c3ccccc3=Nc3ccc(cc3)N(c3ccccc3)c3ccc(C=Cc5cccs5)cc3O4)cc2)c(N(c2ccccc2)c2ccccc2)cc1NCCN1CCCC1)c1cc[nH+]cc1,0.0000000,0.0000,0.0000000,0.0000,0.0000000,0.0000,0.0000000,0.0000,"['[*;r{8-17}]', 'C(=[O,S])[O,S]']",34
79.4545,114.0007,-19.9190,0.7350135,CCCCCCOc1ccc(N(c2ccc(-c3ccccc3)cc2)c2ccc3sc4c(-c5ccccc5)c(C=Cc5ccc(C=C6C(=O)Nc7cc(C=Cc8ccc(N(c9ccc(Cl)cc9)c9ccc(-c%10ccc(N(c%11ccccc%11)c%11ccccc%11)cc%10)s9)cc8)c(Cl)cc76)s5)n(C)c4c(=O)c3c2)cc1,1,O=C1Nc2cc(C=Cc3ccc(N(c4ccccc4)c4ccc(-c5ccc(N(c6ccccc6)c6ccccc6)cc5)s4)cc3)ccc2C1=Cc1ccc(C=Cc2[nH]c3c(=O)c4cc(N(c5ccccc5)c5ccc(-c6ccccc6)cc5)ccc4sc3c2-c2ccccc2)s1,0.8189679,503.6122,0.0390947,0.0391,0.3518936,5.2221,1.0000000,1.0000,[],34
76.0860,106.3334,-58.8491,0.3709710,CCc1c(C=Cc2ccc(-c3ccc(-c4ccc(N(c5ccccc5)c5ccccc5)cc4)cc3)s2)cc(-c2ccc(-c3cc(C)c(C=Cc4sc(-c5c(C)sc6c(C#N)c(N)sc56)c5sc(C=C(C#N)C#N)cc45)s3)cc2)n1N(c1ccccc1)c1ccccc1,1,C(=Cc1ccc(-c2ccc(-c3ccc(N(c4ccccc4)c4ccccc4)cc3)cc2)s1)c1cc(-c2ccc(-c3ccc(C=Cc4sc(-c5csc6ccsc56)c5sccc45)s3)cc2)n(N(c2ccccc2)c2ccccc2)c1,0.3881547,524.9409,0.0909982,0.0910,0.3553997,5.1726,1.0000000,1.0000,[],34
58.7190,80.1656,-78.0782,0.0163076,CCC(=CC1=C(C=Cc2ccc(N(c3ccccc3)c3ccccn3)cc2N)c2c(oc3ccccc23)C1=O)c1cccc2ccc(N(c3ccccc3)c3ccccc3)cc12,1,O=C1C(C=Cc2cccc3ccc(N(c4ccccc4)c4ccccc4)cc23)=C(C=Cc2ccc(N(c3ccccc3)c3ccccn3)cc2)c2c1oc1ccccc21,0.0142214,566.0209,0.1312979,0.1313,0.4758371,3.7134,1.0000000,1.0000,[],34
86.6149,109.3759,-54.7997,0.4263770,[C-]#[N+]c1ccc(-c2ccc3c(c2)N(C2CN(C(=O)CCCCCCCCNc4ccc(N=Nc5ccc(N(c6ccccc6)c6ccc(N(c7ccccc7)c7ccccc7)cc6)cc5)cc4)C2)C(=Cc2ccc(-c4ccc(C=C5C(=O)NC(=S)N(C)C5=O)cc4)s2)S3)s1,1,O=C1NC(=S)NC(=O)C1=Cc1ccc(-c2ccc(C=C3Sc4ccc(-c5cccs5)cc4N3C3CN(C(=O)CCCCCCCCNc4ccc(N=Nc5ccc(N(c6ccccc6)c6ccc(N(c7ccccc7)c7ccccc7)cc6)cc5)cc4)C3)s2)cc1,0.4742017,521.1214,0.0161050,0.0161,0.3723915,4.9390,1.0000000,1.0000,[],34
29.7068,39.9739,75.6930,0.9036474,Brc1ccc2c(c1)N=Cc1ccc(N(c3ccccc3)c3ccccc3)cc1N2c1ccc(N(c2ccccc2)c2ccccc2)cc1,1,C1=Nc2ccccc2N(c2ccc(N(c3ccccc3)c3ccccc3)cc2)c2cc(N(c3ccccc3)c3ccccc3)ccc21,0.9624943,435.2325,0.1669397,0.1669,0.5684582,2.8241,1.0000000,1.0000,[],34
55.8108,76.5584,12.5248,0.6959627,CN(C)c1ccc(-c2noc(C=Cc3ccc(C=Cc4ccc(N(c5ccccc5)c5ccccc5)c(C#N)c4)c(Nc4nc5ccccc5s4)c3)c2Cl)cc1,1,C(=Cc1ccc(C=Cc2cc(-c3ccccc3)no2)cc1Nc1nc2ccccc2s1)c1ccc(N(c2ccccc2)c2ccccc2)cc1,0.7386623,411.2811,0.1312703,0.1313,0.5021899,3.4439,1.0000000,1.0000,[],34
86.9819,105.2827,-105.2827,0.0000000,n1c2c(c3cc(sc3cc2-c2c(nnc(c2)-c2ccc(cc2Cl)Cl)-c2sc(cc2)[N+](=O)[O-])C#N)c(-c2c(Cl)cccc2)c(Cc2ccccc2)c1=Cc1ccc(N(c2ccccc2)c2ccccc2)cc1,0,,0.0000000,0.0000,0.0000000,0.0000,0.0000000,0.0000,0.0000000,0.0000,None,34
52.9711,80.4210,32.4129,0.8815147,CCCNc1cc(C=Cc2cc[n+](CC)cc2)cc(C=Cc2ccc(N(c3ccc(C=Cc4cc[n+](CCCN)cc4)cc3)c3cccc(C=Cc4cccc[n+]4C)c3)cc2)c1C=Cc1cc[n+](C)cc1,1,C(=Cc1ccc(N(c2ccc(C=Cc3cc(C=Cc4cc[nH+]cc4)ccc3C=Cc3cc[nH+]cc3)cc2)c2cccc(C=Cc3cccc[nH+]3)c2)cc1)c1cc[nH+]cc1,0.9755036,479.9969,0.0591325,0.0591,0.4124464,4.4282,1.0000000,1.0000,[],34
23.0685,36.4132,82.4281,0.9284478,C=CCC[n+]1ccc(C=Cc2ccc3cc(N(c4ccccc4)c4ccccc4)ccc3c2)cc1,1,C(=Cc1ccc2cc(N(c3ccccc3)c3ccccc3)ccc2c1)c1cc[nH+]cc1,0.9894186,470.7290,0.1691064,0.1691,0.5822122,2.7046,1.0000000,1.0000,[],34
55.3876,72.5897,-72.5897,0.0000000,c1ccc(N(c2ccccc2)c2ccc(-c3s[n+]4cc5cc6c(N(c7ccccc7)c7ccccc7)c6c6ccccc6n(-c6ccccc6)c5c5cc[n+]3c54)cc2)cc1,1,c1ccc(N(c2ccccc2)c2ccc(-c3s[n+]4cc5cc6c(N(c7ccccc7)c7ccccc7)c6c6ccccc6n(-c6ccccc6)c5c5cc[n+]3c54)cc2)cc1,0.0000000,0.0000,0.0000000,0.0000,0.0000000,0.0000,0.0000000,0.0000,['[*;r{8-17}]'],34
23.8542,36.8194,43.7688,0.6295953,C(=Cc1cc(N(c2ccccc2)c2ccccc2)c(N(c2ccccc2)c2ccccc2)cc1N(c1ccccc1)c1ccccc1)c1ccccc1N(c1ccccc1)c1ccccc1,1,C(=Cc1cc(N(c2ccccc2)c2ccccc2)c(N(c2ccccc2)c2ccccc2)cc1N(c1ccccc1)c1ccccc1)c1ccccc1N(c1ccccc1)c1ccccc1,0.6683555,407.6084,0.1010813,0.1011,0.5730733,2.7837,1.0000000,1.0000,[],34
87.2776,120.9016,-120.9016,0.0000000,CCCCn1c(-c2ccccc2)c(C=C(c2ccc(C(N)=C3SC(=O)N(C(C=Cc4cc[n+](OC)cc4)CC)C3=O)cc2)c2cnccn2)sc1=Nc1ccc(N=Cc2ccc(N(c3ccccc3)c3ccccc3)s2)cc1,1,O=C1SC(=Cc2ccc(C(=Cc3sc(=Nc4ccc(N=Cc5ccc(N(c6ccccc6)c6ccccc6)s5)cc4)[nH]c3-c3ccccc3)c3cnccn3)cc2)C(=O)N1CC=Cc1cc[nH+]cc1,0.0000000,0.0000,0.0000000,0.0000,0.0000000,0.0000,0.0000000,0.0000,"['C(=[O,S])[O,S]']",34
45.7306,65.5537,5.4064,0.5543760,O=Cc1ccc(C=Cc2coc(C=Cc3ccc(O)c4cc(C=Cc5ccc(-c6ccccc6)o5)ccc34)n2)o1,1,C(=Cc1ccc(-c2ccccc2)o1)c1ccc2c(C=Cc3nc(C=Cc4ccco4)co3)cccc2c1,0.5731694,403.2007,0.1999229,0.1999,0.5253943,3.2180,1.0000000,1.0000,[],34
24.9567,29.2216,-28.4747,0.0058353,COc1ccc(-c2[nH]c(-c3ccccc3)cc2C=O)cc1OC,1,c1ccc(-c2ccc(-c3ccccc3)[nH]2)cc1,0.0045404,341.4767,0.7194453,0.7194,0.6394034,2.2361,1.0000000,1.0000,[],34
29.1508,44.6446,50.5896,0.7440166,c1ccc(N(c2ccccc2)c2ccc(-c3cc4nc(-c5cccnc5)c5cc(N(c6ccccc6)c6ccccc6)sc5c4s3)cc2)cc1,1,c1ccc(N(c2ccccc2)c2ccc(-c3cc4nc(-c5cccnc5)c5cc(N(c6ccccc6)c6ccccc6)sc5c4s3)cc2)cc1,0.7861611,414.1356,0.1600967,0.1601,0.5442007,3.0422,1.0000000,1.0000,[],34
27.4449,32.3797,-28.0101,0.0341378,CNC(=O)c1ccc(C=Cc2cnc3ccccn23)cc1,1,C(=Cc1cnc2ccccn12)c1ccccc1,0.0290627,361.9036,0.7998551,0.7999,0.6292230,2.3163,1.0000000,1.0000,[],34
30.6611,48.8777,25.4588,0.5807542,C(=Cc1c(-c2ccc(N(c3ccccc3)c3ccccc3)cc2)sc2c(-c3ccccc3N(c3ccccc3)c3ccccc3)ccc(N(c3ccccc3)c3ccccc3)c12)c1ccc(N(c2ccccc2)c2ccccc2)cc1,1,C(=Cc1c(-c2ccc(N(c3ccccc3)c3ccccc3)cc2)sc2c(-c3ccccc3N(c3ccccc3)c3ccccc3)ccc(N(c3ccccc3)c3ccccc3)c12)c1ccc(N(c2ccccc2)c2ccccc2)cc1,0.6169680,405.1757,0.0955906,0.0956,0.4914965,3.5515,1.0000000,1.0000,[],34
44.2500,60.3913,34.3805,0.7404047,COc1ccc(N(c2ccccc2)c2ccc(C=Cc3ccc(N(c4ccc(-c5ccc(C=Nc6ccc(N(c7ccccc7)c7ccccc7)cc6)cc5)cc4)c4ccc(-c5ccc(Cc6ccc(C=O)s6)s5)cc4)cc3)cc2)cc1,1,C(=Cc1ccc(N(c2ccc(-c3ccc(C=Nc4ccc(N(c5ccccc5)c5ccccc5)cc4)cc3)cc2)c2ccc(-c3ccc(Cc4cccs4)s3)cc2)cc1)c1ccc(N(c2ccccc2)c2ccccc2)cc1,0.8164196,416.2022,0.0458742,0.0459,0.4626146,3.8543,1.0000000,1.0000,[],34
26.0362,31.3566,-26.2877,0.0396003,CSc1ccc(-c2ccc(N3CCCCC3)o2)cc1,1,c1ccc(-c2ccc(N3CCCCC3)o2)cc1,0.0340184,363.6686,0.7568076,0.7568,0.6457304,2.1869,1.0000000,1.0000,[],34
20.9527,36.1699,78.4683,0.8956110,COc1ccc(N(c2ccccc2)c2ccc(C[n+]3ccc(C=Cc4cc[n+](C)cc4)cc3)cc2)cc1,1,C(=Cc1cc[n+](Cc2ccc(N(c3ccccc3)c3ccccc3)cc2)cc1)c1cc[nH+]cc1,0.9432153,489.4905,0.2340340,0.2340,0.5728461,2.7857,1.0000000,1.0000,[],34
106.0980,118.7854,-118.7854,0.0000000,c1(ccc2N(CC(OC)=O)CCCc2c1)N(c1ccc(C=Cc2nc(C=Cc3ccc(cc3)OC)ccc2)cc1)c1ccc(cc1)C=Cc1c2c(cc3c(cccc3)c2)c(C=Cc2ccc(OC)cc2)c2nc3cccc(C(N=O)C4CCCCC4)c3c(-c3ccccc3)n12,0,,0.0000000,0.0000,0.0000000,0.0000,0.0000000,0.0000,0.0000000,0.0000,None,34
35.4579,50.4331,-20.8452,0.2311550,COc1cc(Cl)c(N(c2ccccc2)c2ccc(N(c3ccccc3)c3ccccc3)cc2)c2c(N)c(-c3ccccc3)sc12,1,c1ccc(-c2cc3c(N(c4ccccc4)c4ccc(N(c5ccccc5)c5ccccc5)cc4)cccc3s2)cc1,0.2285159,386.7897,0.1827571,0.1828,0.5673137,2.8342,1.0000000,1.0000,[],34
44.4346,47.3970,-47.3970,0.0000000,Fc1c(F)c(c(F)c(F)n1[B-](=Nc1ccccc1)=C(c1ccc(cc1)OC)c1c(F)c(F)c(F)c(c1F)F)F,0,,0.0000000,0.0000,0.0000000,0.0000,0.0000000,0.0000,0.0000000,0.0000,None,34
57.9460,90.1451,20.8304,0.8669962,CCN(c1ccc(C=Cc2cc[n+](CC)cc2)cc1)c1ccc(C=NCCCCNc2c(-c3ccc(O)c(OC)c3)occ(C=Cc3ccc(N(CCO)CCF)cc3)c2=O)cc1,1,O=c1c(C=Cc2ccccc2)coc(-c2ccccc2)c1NCCCCN=Cc1ccc(Nc2ccc(C=Cc3cc[nH+]cc3)cc2)cc1,0.9727855,481.1696,0.0351691,0.0352,0.4475140,4.0202,1.0000000,1.0000,[],34
21.3509,27.0712,-27.0712,0.0000000,O=CSc1ccc(N(c2ccccc2)c2ccccc2)cc1,1,c1ccc(N(c2ccccc2)c2ccccc2)cc1,0.0000000,0.0000,0.0000000,0.0000,0.0000000,0.0000,0.0000000,0.0000,"['C(=[O,S])[O,S]']",34
39.1677,56.8939,-35.1880,0.1695774,O=C1c2cc(-c3cc4c(s3)CCc3cc(N(c5ccccc5)c5ccccc5)ccc3-4)ccc2CN1c1ccc(C=Cc2ccc3ccccc3n2)cc1,1,O=C1c2cc(-c3cc4c(s3)CCc3cc(N(c5ccccc5)c5ccccc5)ccc3-4)ccc2CN1c1ccc(C=Cc2ccc3ccccc3n2)cc1,0.1657269,382.4521,0.1649631,0.1650,0.5261981,3.2104,1.0000000,1.0000,[],34
69.6999,102.4834,-99.5884,0.0226174,CCCCSC1=C(C#N)C(=Cc2cc[n+](CCC)c3c2CN(c2cc(C=C4C(=O)c5c(CCCC)ccc(N(c6ccccc6)c6ccccc6)c5C4=O)cs2)c2ccccc2-3)c2ccc(N(c3ccccc3)c3ccccc3)cc2C1=O,1,O=C1C=CC(=Cc2cc[nH+]c3c2CN(c2cc(C=C4C(=O)c5cccc(N(c6ccccc6)c6ccccc6)c5C4=O)cs2)c2ccccc2-3)c2ccc(N(c3ccccc3)c3ccccc3)cc21,0.0209872,561.7208,0.0363371,0.0363,0.3879483,4.7344,1.0000000,1.0000,[],34
45.5302,59.5891,50.3299,0.8587421,O=Cc1c(N(c2ccccc2)c2ccccc2F)ccc2oc(-c3ccc(N(c4ccccc4)c4ccccc4)cc3)c(N(c3ccccc3)c3ccc(N(c4ccccc4)c4ccccc4)c4ccccc34)c12,1,c1ccc(N(c2ccccc2)c2ccc(-c3oc4ccc(N(c5ccccc5)c5ccccc5)cc4c3N(c3ccccc3)c3ccc(N(c4ccccc4)c4ccccc4)c4ccccc34)cc2)cc1,0.9296275,428.0226,0.1012068,0.1012,0.4905103,3.5615,1.0000000,1.0000,[],34
31.5870,34.8988,89.7409,0.9737479,Cc1sc2cc(=N)ccc-2cc1S(=O)(=O)O,1,N=c1ccc2cccsc-2c1,0.9922949,467.2534,0.7636764,0.7637,0.5721726,2.7916,1.0000000,1.0000,[],34
20.0442,29.2276,-2.1071,0.2118787,C(=Cc1ccc(N(c2ccccc2)c2ccccc2)cc1)c1ccc(Nc2ccc(Nc3ccccc3)cc2)cc1,1,C(=Cc1ccc(N(c2ccccc2)c2ccccc2)cc1)c1ccc(Nc2ccc(Nc3ccccc3)cc2)cc1,0.2077432,385.4665,0.1824152,0.1824,0.6764656,1.9544,1.0000000,1.0000,[],34
36.8986,53.4815,-24.7535,0.2244372,CCc1cccc(O)c1-c1nc2ccc(-c3cc4sc(N(c5ccccc5)c5ccccc5)cc4s3)cc2[nH]1,1,c1ccc(-c2nc3ccc(-c4cc5sc(N(c6ccccc6)c6ccccc6)cc5s4)cc3[nH]2)cc1,0.2203268,386.2789,0.2193966,0.2194,0.5587234,2.9105,1.0000000,1.0000,[],34
26.6719,47.1368,67.8242,0.8981328,C(=C(c1ccccc1)c1ccc(-c2ccc(N(c3ccccc3)c3ccccc3)cc2)s1)c1ccc(-c2ccc(N(c3ccc(N(c4ccccc4)c4ccccc4)cc3)c3cccc(N(c4ccccc4)c4ccccc4)c3)cc2)s1,1,C(=C(c1ccccc1)c1ccc(-c2ccc(N(c3ccccc3)c3ccccc3)cc2)s1)c1ccc(-c2ccc(N(c3ccc(N(c4ccccc4)c4ccccc4)cc3)c3cccc(N(c4ccccc4)c4ccccc4)c3)cc2)s1,0.9779786,441.1871,0.0900756,0.0901,0.4948484,3.5175,1.0000000,1.0000,[],34
54.7791,74.6974,-74.6974,0.0000000,O=C1C2C(=C(c3ccc(N(c4ccccc4)c4ccccc4)cc3)c3ccccc3S1(=O)=O)c1cc(N(c3ccccc3)c3ccccc3)ccc1-c1cccc(-c3ccc(N(c4ccc(-c5ccccc5)cc4)c4ccc(-c5cccc(-c6ccccc6)c5)cc4)cc3)c12,1,O=C1C2C(=C(c3ccc(N(c4ccccc4)c4ccccc4)cc3)c3ccccc3S1(=O)=O)c1cc(N(c3ccccc3)c3ccccc3)ccc1-c1cccc(-c3ccc(N(c4ccc(-c5ccccc5)cc4)c4ccc(-c5cccc(-c6ccccc6)c5)cc4)cc3)c12,0.0000000,0.0000,0.0000000,0.0000,0.0000000,0.0000,0.0000000,0.0000,"['C(=[O,S])[O,S]']",34
48.4125,56.9234,61.4169,0.9245330,CN1CCN(C2C(=O)C(NC(=O)c3ccccc3)=Cc3ccc(C=Cc4ccc(N(c5ccccc5)c5ccc6ccccc6c5)cc4)cc32)CC1,1,O=C(NC1=Cc2ccc(C=Cc3ccc(N(c4ccccc4)c4ccc5ccccc5c4)cc3)cc2C(N2CCNCC2)C1=O)c1ccccc1,0.9896718,449.5367,0.1626571,0.1627,0.4936054,3.5301,1.0000000,1.0000,[],34
29.6097,40.0927,36.3819,0.5974577,Cc1ccc(-c2[o+]c3ccc(-c4ccc(N(c5ccccc5)c5ccccc5)cc4)cc3s2)s1,1,c1ccc(N(c2ccccc2)c2ccc(-c3ccc4[o+]c(-c5cccs5)sc4c3)cc2)cc1,0.6164498,405.1519,0.2298700,0.2299,0.5662303,2.8438,1.0000000,1.0000,[],34
33.3021,29.0807,-26.9104,0.0169553,O=C(NCc1ccccc1F)c1ccc(N2CCOCC2)cc1[N+](=O)[O-],1,O=C(NCc1ccccc1)c1ccc(N2CCOCC2)cc1,0.0139867,353.7958,0.6549139,0.6549,0.6598802,2.0785,1.0000000,1.0000,[],34
39.0153,59.8671,-59.8671,0.0000000,c12c(cn(n2)CCNC(C=Cc2ccc(N(c3ccccc3)c3ccccc3)cc2)=O)cc2=NCCN=c2c1,0,,0.0000000,0.0000,0.0000000,0.0000,0.0000000,0.0000,0.0000000,0.0000,None,34
28.0287,30.5101,89.8972,0.9406820,c1ccc(N(c2ccccc2)c2ccc3cccc4c5cccc6cccc(c2c34)c65)cc1,1,c1ccc(N(c2ccccc2)c2ccc3cccc4c5cccc6cccc(c2c34)c65)cc1,0.9949623,457.3895,0.2037189,0.2037,0.6497994,2.1555,1.0000000,1.0000,[],34
39.4337,57.1551,48.3170,0.8240001,CCCCc1c(C=C(c2ccccc2)c2cc(C=Cc3ccc(N(c4ccccc4)c4ccccc4)cc3)cc[n+]2CC)c(C)nn1Cc1ccccc1,1,C(=Cc1cc[nH+]c(C(=Cc2cnn(Cc3ccccc3)c2)c2ccccc2)c1)c1ccc(N(c2ccccc2)c2ccccc2)cc1,0.8880801,497.5114,0.1052536,0.1053,0.5146750,3.3211,1.0000000,1.0000,[],34
51.9291,58.6932,-57.8326,0.0067231,COc1ccc2nc(-c3cccc([N+](=O)[O-])c3)nc(NCc3ccc4c(cnn4CCCCCCN=[N+]=[N-])c3)c2c1,1,c1ccc(-c2nc(NCc3ccc4[nH]ncc4c3)c3ccccc3n2)cc1,0.0057857,344.1219,0.0410067,0.0410,0.5588239,2.9096,1.0000000,1.0000,[],34
40.7711,58.4326,59.4805,0.9211964,N#Cc1ccc(C(=Cc2ccc(C=Cc3ccc(N(c4ccc(-c5ccccc5)cc4)c4ccc(-c5ccc(N6c7ccccc7C=Cc7ccccc76)c(C#N)c5)cc4)cc3)s2)c2ccccc2)cc1,1,C(=Cc1ccc(C=C(c2ccccc2)c2ccccc2)s1)c1ccc(N(c2ccc(-c3ccccc3)cc2)c2ccc(-c3ccc(N4c5ccccc5C=Cc5ccccc54)cc3)cc2)cc1,0.9937132,454.9708,0.1296824,0.1297,0.4768589,3.7027,1.0000000,1.0000,[],34
42.4602,43.7270,-2.6338,0.3210404,CCn1c(Cc2ccccc2)c(N=Nc2cc(C)c(C)c(C)c2)c(C)c1-c1ccccc1,1,c1ccc(Cc2[nH]c(-c3ccccc3)cc2N=Nc2ccccc2)cc1,0.3184182,391.7370,0.2796819,0.2797,0.5828873,2.6988,1.0000000,1.0000,[],34
38.2372,57.3191,54.7593,0.8756124,C(=Cc1ccc(-c2cc(-c3ccc(N(c4ccccc4)c4ccccc4)cc3)cc3nc(-c4cccc(N(c5ccccc5)c5ccccc5)c4)cnc23)s1)c1ccncc1,1,C(=Cc1ccc(-c2cc(-c3ccc(N(c4ccccc4)c4ccccc4)cc3)cc3nc(-c4cccc(N(c5ccccc5)c5ccccc5)c4)cnc23)s1)c1ccncc1,0.9403939,429.9505,0.1303402,0.1303,0.5137627,3.3300,1.0000000,1.0000,[],34
69.8449,108.2961,-108.2961,0.0000000,c12c(c3c(cc(C=Cc4n(CCCNc5ccc(cc5)N=Nc5ccc(N(CCCC)CCCC)cc5)c5ccc([N+](=O)[O-])cc5)ccc4n3CC)cc1)C(NC2=O)=Cc1sc2ccc(cc2[n+]1CCCC)N(c1ccccc1)c1ccccc1,0,,0.0000000,0.0000,0.0000000,0.0000,0.0000000,0.0000,0.0000000,0.0000,None,34
60.9352,87.2738,-87.2738,0.0000000,[C-]#[N+]C(C#N)=C1c2ccccc2-c2ccc(N(c3ccc(S(=O)(NN=Cc4cccc5cc(N=Nc6ccc(N(c7ccccc7)c7ccccc7)cc6)ccc45)=C(C#N)C#N)cc3)c3ccc4c(c3)C(CC)(CC)c3ccccc3-4)cc21,1,C=C1c2ccccc2-c2ccc(N(c3ccc(S(=C)(=O)NN=Cc4cccc5cc(N=Nc6ccc(N(c7ccccc7)c7ccccc7)cc6)ccc45)cc3)c3ccc4c(c3)Cc3ccccc3-4)cc21,0.0000000,0.0000,0.0000000,0.0000,0.0000000,0.0000,0.0000000,0.0000,"['[#7;!n][S;!$(S(=O)=O)]', '[#7;!n][#7;!n]']",34
69.6640,85.8022,-85.8022,0.0000000,c12ccc(cc1ccc(N(c1ccc(cc1)C=Cc1ccc3-c4ccccc4C(c3c1)(C)C)c1cc3C(c4c(N(O)c4cc1)cccc3)=O)cc2)-n1nc(C=Cc2ccc(N(c3ccccc3)c3ccccc3)cc2)cc1,0,,0.0000000,0.0000,0.0000000,0.0000,0.0000000,0.0000,0.0000000,0.0000,None,34
63.6434,93.4923,-93.4923,0.0000000,c1ccn2c(N(Cc3c4cc(ccc4ncn3)Nc3ccc(cc3)C=Cc3cc[n+](cc3)Cc3cc[n+](C)cc3)C(N)=C2c2ccc(cc2)N(c2ccccc2)c2ccccc2)c1,0,,0.0000000,0.0000,0.0000000,0.0000,0.0000000,0.0000,0.0000000,0.0000,None,34
60.0073,73.3395,-67.8209,0.0431147,COCCOCCNc1ccc2c(c1)C(=C(C#N)C#N)c1c-2cc(Cl)c(NCCCn2c(=NC#N)ccc3oc4ccccc4c32)c1C#N,1,C=C1c2ccccc2-c2ccc(NCCCn3c(=N)ccc4oc5ccccc5c43)cc21,0.0401842,554.4533,0.0818465,0.0818,0.4668028,3.8092,1.0000000,1.0000,[],34
31.6440,47.7680,70.2324,0.9218782,O=[SH](=Cc1cccs1)c1ccc(N=Nc2ccc(N(c3ccccc3)c3ccc4ccccc4c3)cc2)cc1,1,O=[SH](=Cc1cccs1)c1ccc(N=Nc2ccc(N(c3ccccc3)c3ccc4ccccc4c3)cc2)cc1,0.9954438,461.5147,0.1237858,0.1238,0.4885125,3.5820,1.0000000,1.0000,[],34
42.4427,44.2229,51.6614,0.7490964,CCCCn1c(-c2ccc(C(C)C)s2)c2sc(C(C)=O)cn2c1=O,1,O=c1[nH]c(-c2cccs2)c2sccn12,0.7603661,412.5369,0.5781019,0.5781,0.5436230,3.0475,1.0000000,1.0000,[],34
33.4832,56.8350,52.3329,0.8528743,N#Cc1sc(-c2cccc(NC(=O)C3CCC3)c2)cc1C=CC=Cc1ccc(N(c2ccccc2)c2ccccc2)cc1,1,O=C(Nc1cccc(-c2cc(C=CC=Cc3ccc(N(c4ccccc4)c4ccccc4)cc3)cs2)c1)C1CCC1,0.9041578,424.3672,0.1773564,0.1774,0.5615377,2.8854,1.0000000,1.0000,[],34
44.8352,52.6286,-49.6823,0.0230179,CCC1(C(=O)c2ccccc2N)CC(c2ccc(NC(=O)COc3ccc([N+](=O)[O-])cc3)cc2)=NO1,1,O=C(COc1ccccc1)Nc1ccc(C2=NOC(C(=O)c3ccccc3)C2)cc1,0.0201286,357.8161,0.1969576,0.1970,0.5378105,3.1012,1.0000000,1.0000,[],34
47.9075,57.6146,-47.3004,0.0805799,Fc1c(C=Cc2ccncc2)c(NCCCC2CNc3ccccc32)c(F)c2[nH]ncc12,1,C(=Cc1cc2cn[nH]c2cc1NCCCC1CNc2ccccc21)c1ccncc1,0.0742782,372.6095,0.3232988,0.3233,0.4797381,3.6726,1.0000000,1.0000,[],34
51.0140,68.2967,48.4677,0.9122223,Nc1cc(-c2nc3ccc(-c4ccc(-c5ccc(-c6cccc7cccnc67)cc5)cc4)nc3c3sc4cc(N(c5ccccc5)c5ccccc5)sc4c23)ccc1N(c1ccccc1)c1ccccc1,1,c1ccc(N(c2ccccc2)c2ccc(-c3nc4ccc(-c5ccc(-c6ccc(-c7cccc8cccnc78)cc6)cc5)nc4c4sc5cc(N(c6ccccc6)c6ccccc6)sc5c34)cc2)cc1,0.9819570,443.3946,0.1377673,0.1378,0.4698103,3.7771,1.0000000,1.0000,[],34
31.5832,32.8381,-32.8381,0.0000000,CCN1CCCc2cc(SNCCCN3CCCCC3)ccc21,1,c1cc2c(cc1SNCCCN1CCCCC1)CCCN2,0.0000000,0.0000,0.0000000,0.0000,0.0000000,0.0000,0.0000000,0.0000,['[#7;!n][S;!$(S(=O)=O)]'],34
27.3359,37.6334,78.3062,0.9057780,CCCCCCCCCCCCOc1ccc([N+](=O)[O-])c(C=Cc2cc[n+](CCCCCCCC)cc2)c1,1,C(=Cc1cc[nH+]cc1)c1ccccc1,0.9928194,466.4822,0.0667667,0.0668,0.5793090,2.7296,1.0000000,1.0000,[],34
55.5888,77.0064,7.7664,0.6622876,CCN(CC)c1ccc(N=Nc2ccc(C=CC(=S)NCCC[n+]3ccc(NCCCCCC[n+]4ccc(C=Cc5ccc6c(c5)n(CC)c[n+]6CCC[n+]5ccccc5)cc4)cc3)cc2)cc1,1,S=C(C=Cc1ccc(N=Nc2ccccc2)cc1)NCCC[n+]1ccc(NCCCCCC[n+]2ccc(C=Cc3ccc4c(c3)[nH]c[n+]4CCC[n+]3ccccc3)cc2)cc1,0.7486708,508.1488,0.0186605,0.0187,0.4141245,4.4079,1.0000000,1.0000,[],34
31.0485,50.3356,65.9079,0.9081524,CCOc1ccc2c(-c3ccc(C=Cc4cc[n+](Cc5cc[n+](Cc6ccccc6)cc5)cc4)cc3)cc(=O)oc2c1,1,O=c1cc(-c2ccc(C=Cc3cc[n+](Cc4cc[n+](Cc5ccccc5)cc4)cc3)cc2)c2ccccc2o1,0.9717762,438.4238,0.1481483,0.1481,0.5527055,2.9647,1.0000000,1.0000,[],34
78.6050,103.6490,-103.6490,0.0000000,c1(/C(c2ccc(s2)-c2ccc(cc2)N(c2ccccc2)c2ccc(cc2)Nc2ccc(-c3ccc(s3)C=c3c4n(c(C(=O)O)cc4-c4cccs4)ccc3C=Cc3sc(cc3)C=C(C#N)C#N)c2)=[N+](c2ccccc2)C)cccs1,0,,0.0000000,0.0000,0.0000000,0.0000,0.0000000,0.0000,0.0000000,0.0000,None,35
51.2067,73.7395,-5.3224,0.5345089,O=[N+]([O-])c1ccc(-n2nc(-c3ccccc3)nc2-c2ccc(N(c3ccccc3)c3sc(-n4c5ccc(C=Cc6ccc(N(c7ccccc7)c7ccccc7)cc6)cc5c5cc(N(c6ccccc6)c6ccccc6)ccc54)c4sc(-c5ccccc5)nc34)cc2)cc1,1,C(=Cc1ccc2c(c1)c1cc(N(c3ccccc3)c3ccccc3)ccc1n2-c1sc(N(c2ccccc2)c2ccc(-c3nc(-c4ccccc4)nn3-c3ccccc3)cc2)c2nc(-c3ccccc3)sc12)c1ccc(N(c2ccccc2)c2ccccc2)cc1,0.5791073,403.4647,0.0504785,0.0505,0.4092920,4.4666,1.0000000,1.0000,[],35
33.0715,45.5985,58.5351,0.8135441,Clc1nc2ccccc2nc1-c1c(-c2ccccc2)oc2cc(N(c3ccccc3)c3ccc(-c4ccc(N(c5ccccc5)c5ccccc5)cc4)cc3)ccc12,1,c1ccc(-c2oc3cc(N(c4ccccc4)c4ccc(-c5ccc(N(c6ccccc6)c6ccccc6)cc5)cc4)ccc3c2-c2cnc3ccccc3n2)cc1,0.8657083,420.2331,0.1463645,0.1464,0.5568671,2.9271,1.0000000,1.0000,[],35
22.5129,35.4122,82.0976,0.9180458,O=C(c1ccccc1)c1ccc(C=Cc2ccc(N(c3ccccc3)c3ccccc3)cc2)oc1=O,1,O=C(c1ccccc1)c1ccc(C=Cc2ccc(N(c3ccccc3)c3ccccc3)cc2)oc1=O,0.9666850,483.4339,0.2314793,0.2315,0.6243272,2.3554,1.0000000,1.0000,[],35
53.6214,79.7634,-79.7634,0.0000000,c12nc(-c3ccccc3)cc(C=Cc3cc(Nc4cc(ccn4)C=Cc4ccc[n+](c4)CCCN(C)C)cc3)cc1ccc(-c1ccc(N(c3ccccc3)c3ccccc3)cc1)[n+]2C,0,,0.0000000,0.0000,0.0000000,0.0000,0.0000000,0.0000,0.0000000,0.0000,None,35
54.6971,65.6063,46.6202,0.8767695,C[n+]1cccc(-c2cc[n+](CCCC[n+]3ccc4cc(-[n+]5ccc(C[n+]6ccc(-c7cc[n+](CCCCCC[n+]8ccc(-c9cc[n+](Cc%10ccccc%10)cc9)cc8)cc7)cc6)cc5)ccc4c3)cc2)c1,1,c1ccc(C[n+]2ccc(-c3cc[n+](CCCCCC[n+]4ccc(-c5cc[n+](Cc6cc[n+](-c7ccc8c[n+](CCCC[n+]9ccc(-c%10ccc[nH+]c%10)cc9)ccc8c7)cc6)cc5)cc4)cc3)cc2)cc1,0.9723838,438.6668,0.0543113,0.0543,0.4165288,4.3790,1.0000000,1.0000,[],35
75.6933,94.9080,-3.6079,0.7132819,CCCCCCCCN=c1oc2ccccc2c(=C2C=C(c3ccc4ccccc4c3)C=C2c2ccccc2)c1=C1C=CC=c2c(c3cc(N4c5ccccc5Sc5ccccc54)c(N(c4ccccc4)c4ccccc4)cc3n2C)=C1,1,N=c1oc2ccccc2c(=C2C=C(c3ccc4ccccc4c3)C=C2c2ccccc2)c1=C1C=CC=c2[nH]c3cc(N(c4ccccc4)c4ccccc4)c(N4c5ccccc5Sc5ccccc54)cc3c2=C1,0.7665640,412.9095,0.1078556,0.1079,0.3960470,4.6311,1.0000000,1.0000,[],35
46.1081,64.3904,54.7407,0.9307114,O=C1c2cc(C=Cc3ccncc3)c(N(c3ccccc3)c3ccc(N(c4ccc(O)cc4)c4ccc(Cl)cc4)cc3)cc2-c2sccc21,1,O=C1c2cc(C=Cc3ccncc3)c(N(c3ccccc3)c3ccc(N(c4ccccc4)c4ccccc4)cc3)cc2-c2sccc21,0.9929675,466.2544,0.1738988,0.1739,0.5319787,3.1558,1.0000000,1.0000,[],35
52.2022,76.6970,32.3766,0.8521373,COc1ccc(N(c2ccc(C=Cc3ccc(-n4c(C#N)c(N=c5sc6cc(O)c(N=Cc7cccc(O)c7O)cc6s5)c5ccccc54)cc3)cc2)c2ccc(OC)cc2)cc1,1,C(=Cc1ccc(-n2cc(N=c3sc4ccc(N=Cc5ccccc5)cc4s3)c3ccccc32)cc1)c1ccc(N(c2ccccc2)c2ccccc2)cc1,0.9355043,429.0379,0.0668969,0.0669,0.4599345,3.8834,1.0000000,1.0000,[],35
18.8746,28.7548,92.8522,0.9500543,C[n+]1ccc(C=Cc2cccc3ncccc23)cc1,1,C(=Cc1cccc2ncccc12)c1cc[nH+]cc1,0.9710065,438.1230,0.6352477,0.6352,0.6165344,2.4182,1.0000000,1.0000,[],35
34.4279,40.0811,82.1885,0.9552311,Nc1c(N)c(I=O)c2cc(F)ccc2c1N,1,c1ccc2ccccc2c1,0.9854042,445.7346,0.5507628,0.5508,0.4980724,3.4850,1.0000000,1.0000,[],35
48.4525,63.7216,-36.6806,0.2112582,CCCCc1cc(N(c2ccccc2)c2ccccc2)ccc1N=Cc1ccc(-n2c3ccccc3c3cc(-n4c(-c5ccccc5)nc5cc(N(c6ccccc6)c6ccc(C)cc6)ccc54)ccc32)cc1,1,C(=Nc1ccc(N(c2ccccc2)c2ccccc2)cc1)c1ccc(-n2c3ccccc3c3cc(-n4c(-c5ccccc5)nc5cc(N(c6ccccc6)c6ccccc6)ccc54)ccc32)cc1,0.2124657,385.7755,0.1020302,0.1020,0.4801380,3.6684,1.0000000,1.0000,[],35
45.3451,57.0857,19.0125,0.5945173,N#CCCn1c(C=Cc2c(C=Cc3ccccc3)n(-c3ccc4c(c3)-c3ccc(-c5ccccc5)cc3C4)c3ccccc23)nc2ccccc21,1,C(=Cc1c(C=Cc2nc3ccccc3[nH]2)c2ccccc2n1-c1ccc2c(c1)-c1ccc(-c3ccccc3)cc1C2)c1ccccc1,0.6207550,405.3500,0.1636608,0.1637,0.5291750,3.1822,1.0000000,1.0000,[],35
39.9618,53.8146,-53.8146,0.0000000,c1cc(-n2c3c(c4ccccc4c4ccccc43)c3c2cccc3)cc2c1c(c1c(sc3c(cccc3)n1)c2-c1ccccc1)-c1ccc(cc1)N(c1ccccc1)c1ccccc1,0,,0.0000000,0.0000,0.0000000,0.0000,0.0000000,0.0000,0.0000000,0.0000,None,35
30.3913,46.6532,65.3255,0.8748342,N#CC(C#N)=Cc1ccc(-c2ccc(N(c3ccc(-c4cccc(C=Cc5ccc(N(c6ccccc6)c6ccccc6)cc5)c4)cc3)c3ccc(N(c4ccccc4)c4ccccc4)cc3)cc2)s1,1,C(=Cc1cccc(-c2ccc(N(c3ccc(-c4cccs4)cc3)c3ccc(N(c4ccccc4)c4ccccc4)cc3)cc2)c1)c1ccc(N(c2ccccc2)c2ccccc2)cc1,0.9541419,487.0451,0.0803419,0.0803,0.5096352,3.3703,1.0000000,1.0000,[],35
36.4581,56.1838,58.2196,0.8937761,COCCNc1nc(N(c2ccccc2)c2ccccc2)ncc1C=Cc1ccc(N(c2ccc(Oc3ccccc3)cc2)c2ccc(N(c3ccccc3)c3ccccc3)cc2)s1,1,C(=Cc1ccc(N(c2ccc(Oc3ccccc3)cc2)c2ccc(N(c3ccccc3)c3ccccc3)cc2)s1)c1cnc(N(c2ccccc2)c2ccccc2)nc1,0.9724507,438.6939,0.0908825,0.0909,0.5011929,3.4538,1.0000000,1.0000,[],35
25.4984,34.3349,-10.0087,0.1900481,C(=Cc1cc(-c2ccccc2)c2oc3ccccc3c2n1)c1ccc(N(c2ccccc2)c2ccccc2)cc1,1,C(=Cc1cc(-c2ccccc2)c2oc3ccccc3c2n1)c1ccc(N(c2ccccc2)c2ccccc2)cc1,0.1846076,383.8721,0.2210074,0.2210,0.6021689,2.5361,1.0000000,1.0000,[],35
49.7033,67.6093,35.6367,0.8066091,C(=Cc1c(N=Cc2ccc(N(c3ccccc3)c3ccccc3)cc2)c2c3n1Cc1ccc4cc(N(c5ccccc5)c5ccccc5)ccc4c1C3CC2)c1ccccc1,1,C(=Cc1c(N=Cc2ccc(N(c3ccccc3)c3ccccc3)cc2)c2c3n1Cc1ccc4cc(N(c5ccccc5)c5ccccc5)ccc4c1C3CC2)c1ccccc1,0.8652486,420.1902,0.1289955,0.1290,0.4498858,3.9938,1.0000000,1.0000,[],35
53.2004,66.3211,55.1592,0.9490644,CN(CCO)Cc1c2ccc(NCc3cc(Cl)ccc3O)c(C#N)c(N)c-2c2ccccc12,1,c1ccc(CNc2ccc3cc4ccccc4c-3cc2)cc1,0.9932519,465.8031,0.3156578,0.3157,0.5696903,2.8133,1.0000000,1.0000,[],35
61.8122,77.4663,-77.4663,0.0000000,c1c2c3cc4c(c5c(c6c(ccc(C)c6)cc5)cc4s3)cc2ccc1N(c1cccc(C)c1)c1ccc(C=Cc2sc(cc2)-c2ccc(s2)-c2ccsc2)cc1,0,,0.0000000,0.0000,0.0000000,0.0000,0.0000000,0.0000,0.0000000,0.0000,None,35
33.2654,40.0117,72.4401,0.8785295,c1ccc(N(c2ccccc2)c2ccc(N3c4cc5c(cc4Oc4cc(N(c6ccccc6)c6ccccc6)c6ccccc6c43)oc3ccccc35)cc2)cc1,1,c1ccc(N(c2ccccc2)c2ccc(N3c4cc5c(cc4Oc4cc(N(c6ccccc6)c6ccccc6)c6ccccc6c43)oc3ccccc35)cc2)cc1,0.9359871,429.1251,0.1628215,0.1628,0.5431641,3.0517,1.0000000,1.0000,[],35
61.7881,78.2858,-78.2858,0.0000000,[C-]#[N+]C(C#N)=Cc1cc(C2=Nc3ccc(N(c4ccccc4)c4ccccc4)cc3C(C)(C)Nc3ccc(N(c4ccccc4)c4ccccc4)cc32)ccc1-c1ccc(-n2cccc2)s1,1,c1ccc(N(c2ccccc2)c2ccc3c(c2)CNc2ccc(N(c4ccccc4)c4ccccc4)cc2C(c2ccc(-c4ccc(-n5cccc5)s4)cc2)=N3)cc1,0.0000000,0.0000,0.0000000,0.0000,0.0000000,0.0000,0.0000000,0.0000,['[*;r{8-17}]'],35
49.2470,64.1095,46.3530,0.8629887,N#CC(C#N)=Cc1cc(N2c3ccccc3Cc3ccccc32)sc1-c1ccc(-c2cc3sc(C(=O)C=Cc4c(F)c(F)c(F)c(F)c4F)cc3s2)s1,1,O=C(C=Cc1ccccc1)c1cc2sc(-c3ccc(-c4ccc(N5c6ccccc6Cc6ccccc65)s4)s3)cc2s1,0.9635947,484.4318,0.0403393,0.0403,0.4536074,3.9526,1.0000000,1.0000,[],35
33.4709,52.0756,-43.8664,0.0641340,C(=Cc1cccn1-c1ccc(N(c2ccccc2)c2ccc(N(c3ccccc3)c3ccccc3)c3ccccc23)cc1)c1ccccc1-c1ccc(N(c2ccccc2)c2ccccc2)cc1,1,C(=Cc1cccn1-c1ccc(N(c2ccccc2)c2ccc(N(c3ccccc3)c3ccccc3)c3ccccc23)cc1)c1ccccc1-c1ccc(N(c2ccccc2)c2ccccc2)cc1,0.0602226,370.1684,0.1147025,0.1147,0.5327069,3.1489,1.0000000,1.0000,[],35
31.4311,43.8691,67.6906,0.8715598,C(=C(c1ccccc1)c1ccccc1)c1cc2sc3cc(N(c4ccccc4)c4ccc5c(c4)sc4cc(N(c6ccccc6)c6ccccc6)ccc45)ccc3c2s1,1,C(=C(c1ccccc1)c1ccccc1)c1cc2sc3cc(N(c4ccccc4)c4ccc5c(c4)sc4cc(N(c6ccccc6)c6ccccc6)ccc45)ccc3c2s1,0.9321525,428.4488,0.1433066,0.1433,0.5368235,3.1104,1.0000000,1.0000,[],35
38.7371,55.3348,-54.2036,0.0088379,CCn1c(=CC=C2N(c3ccccc3)c3ccccc3C2(C)C)sc(=Cc2ccsc2C=Cc2cccs2)c1=O,1,O=c1[nH]c(=CC=C2Cc3ccccc3N2c2ccccc2)sc1=Cc1ccsc1C=Cc1cccs1,0.0073465,573.2679,0.2050656,0.2051,0.5137774,3.3298,1.0000000,1.0000,[],35
58.2229,86.7971,2.7831,0.6998455,COc1ccc(N(c2ccccc2)c2ccc(N(c3ccc(N(c4ccccc4)c4ccccc4)cc3)c3ccc4oc5ccccc5c4c3)cc2C=Cc2cc(C=Cc3ccc(N(c4ccccc4)c4ccccc4)cc3)sc2N=Cc2ccc(C=Cc3cccc(N(c4ccccc4)c4ccccc4)c3)s2)cc1,1,C(=Cc1cc(C=Cc2cc(N(c3ccc(N(c4ccccc4)c4ccccc4)cc3)c3ccc4oc5ccccc5c4c3)ccc2N(c2ccccc2)c2ccccc2)c(N=Cc2ccc(C=Cc3cccc(N(c4ccccc4)c4ccccc4)c3)s2)s1)c1ccc(N(c2ccccc2)c2ccccc2)cc1,0.7683178,506.9838,0.0558861,0.0559,0.3680943,4.9971,1.0000000,1.0000,[],35
73.7004,95.7666,-4.8270,0.7104651,CCCCOc1ccc(N(c2ccc(Cl)cc2)c2ccc(-c3ccc(-c4ccc(-c5oc(C=Cc6ccc(N(CCCC)c7ccc(-c8ccc(-c9ccc(C(C)(C)C)cc9)o8)cc7)cc6)cc5-c5ccc6c(c5)N(CCCC)C6(C)C)cc4)cc3)cc2)cc1,1,C(=Cc1cc(-c2ccc3c(c2)NC3)c(-c2ccc(-c3ccc(-c4ccc(N(c5ccccc5)c5ccccc5)cc4)cc3)cc2)o1)c1ccc(Nc2ccc(-c3ccc(-c4ccccc4)o3)cc2)cc1,0.7772188,413.5666,0.0594928,0.0595,0.4117497,4.4367,1.0000000,1.0000,[],35
39.2711,53.0439,-2.7892,0.3926154,CCCc1cc2c(cc1N(C)CCO)sc1cc(C=Cc3ccc(N(c4ccccc4)c4ccc(C)cc4)cc3)ccc12,1,C(=Cc1ccc2c(c1)sc1ccccc12)c1ccc(N(c2ccccc2)c2ccccc2)cc1,0.4006545,395.6273,0.1628096,0.1628,0.5613956,2.8866,1.0000000,1.0000,[],35
46.2016,61.1826,44.5312,0.8258897,CCCCOc1ccc(N(c2ccc(OC)cc2)c2ccc(-c3cccc4c3=Nc3ccccc3N(c3ccc(Cl)cc3)C=4c3ccc(N(c4ccccc4)c4ccccc4)cc3)cc2)cc1,1,c1ccc(N2C(c3ccc(N(c4ccccc4)c4ccccc4)cc3)=c3cccc(-c4ccc(N(c5ccccc5)c5ccccc5)cc4)c3=Nc3ccccc32)cc1,0.8917853,497.1006,0.1017480,0.1017,0.4982520,3.4832,1.0000000,1.0000,[],35
34.8647,38.9003,-36.2243,0.0209066,ON(c1ccccc1)c1ccc(Nc2ccc(F)c(Cl)n2)cc1,1,c1ccc(Nc2ccc(Nc3ccccn3)cc2)cc1,0.0176041,356.3332,0.5134022,0.5134,0.6050889,2.5119,1.0000000,1.0000,[],35
49.4816,48.6848,-24.1800,0.1914436,CN1CCN(c2ccc(-c3cc4c(NS(=O)(=O)c5ccc(F)c(C(F)(F)F)c5)nc5ccccc5c4cn3)cc2)CC1,1,O=S(=O)(Nc1nc2ccccc2c2cnc(-c3ccc(N4CCNCC4)cc3)cc12)c1ccccc1,0.1869780,384.0422,0.1937919,0.1938,0.5767494,2.7517,1.0000000,1.0000,[],35
25.0438,36.0184,37.2420,0.5723470,COc1ccc(N(c2ccc(C=Cc3ccc(N(c4ccccc4)c4ccccc4)cc3)cc2)c2ccc(C=Cc3cccc(OC)c3)cc2)cc1,1,C(=Cc1ccc(N(c2ccccc2)c2ccc(C=Cc3ccc(N(c4ccccc4)c4ccccc4)cc3)cc2)cc1)c1ccccc1,0.6004593,404.4231,0.1202881,0.1203,0.6090693,2.4791,1.0000000,1.0000,[],35
91.3511,124.4718,-120.7486,0.0290873,[C]C=c1ccc2c(C#N)c(Nc3ccccc3C=Cc3cc[n+](CC)cc3)ccc2c1=Cc1ccc(N(CCC#N)c2ccc(C=Cc3cc[n+](CC=C)cc3)cc2)c(C=Nc2c(C)cccc2[N+](=O)[O-])c1,1,C=c1ccc2cc(Nc3ccccc3C=Cc3cc[nH+]cc3)ccc2c1=Cc1ccc(Nc2ccc(C=Cc3cc[nH+]cc3)cc2)c(C=Nc2ccccc2)c1,0.0274618,558.7294,0.0318502,0.0319,0.3898317,4.7102,1.0000000,1.0000,[],35
44.7285,69.5256,38.9122,0.8471706,C[n+]1ccc(C=Cc2ccc3c(-c4ccc(N5CCN(CCCSc6ccccc6)c6ccccc65)cc4)c(C=O)sc3c2N)cc1,1,C(=Cc1ccc2c(-c3ccc(N4CCN(CCCSc5ccccc5)c5ccccc54)cc3)csc2c1)c1cc[nH+]cc1,0.9350224,491.0486,0.0525682,0.0526,0.5051423,3.4146,1.0000000,1.0000,[],35
68.8122,93.4139,-91.9257,0.0116263,CCC1CC(N=Nc2ccc(C(C)=O)s2)=C(N(c2ccc(-c3ccc(-c4ccc(N(c5ccccc5)c5ccccc5)cc4)s3)cc2)c2ccc(-c3ccc(-c4ccc(-c5ccc(N(c6ccccc6)c6ccccc6)s5)s4)s3)cc2)N=N1,1,c1ccc(N(c2ccccc2)c2ccc(-c3ccc(-c4ccc(N(C5=C(N=Nc6cccs6)CCN=N5)c5ccc(-c6ccc(-c7ccc(-c8ccc(N(c9ccccc9)c9ccccc9)s8)s7)s6)cc5)cc4)s3)cc2)cc1,0.0102419,569.6287,0.0633582,0.0634,0.3769036,4.8788,1.0000000,1.0000,[],35
38.9910,51.5595,63.1604,0.8962496,Cc1ccccc1N(c1ccccc1)c1ccc2oc3cc(N(c4ccc(-c5nnc(-c6ccccc6)o5)cc4)c4ccc(-c5ccc(C=C(C#N)C#N)s5)cc4)ccc3c2c1,1,c1ccc(-c2nnc(-c3ccc(N(c4ccc(-c5cccs5)cc4)c4ccc5c(c4)oc4ccc(N(c6ccccc6)c6ccccc6)cc45)cc3)o2)cc1,0.9655929,483.7964,0.1256042,0.1256,0.4957058,3.5089,1.0000000,1.0000,[],35
30.8023,38.3855,-32.8936,0.0429055,CCCCc1cc2ccc(NC)cc2c(=N)[nH]1,1,N=c1[nH]ccc2ccccc12,0.0371299,364.6539,0.7412542,0.7413,0.5738517,2.7769,1.0000000,1.0000,[],35
49.8151,68.3809,48.5645,0.9136357,CCCCNC1=C(C=Cc2cc3c(ccc4c3c3ccccc3n4CC)s2)C(c2ccc(N(c3ccccc3)c3ccc(-c4ccc(N(c5ccccc5)c5ccccc5)cc4)o3)cc2)=CC1,1,C(=Cc1cc2c(ccc3[nH]c4ccccc4c32)s1)C1=CCC=C1c1ccc(N(c2ccccc2)c2ccc(-c3ccc(N(c4ccccc4)c4ccccc4)cc3)o2)cc1,0.9927510,453.4140,0.1040791,0.1041,0.4599314,3.8834,1.0000000,1.0000,[],35
47.8841,75.7556,31.5999,0.8387151,[C-]#[N+]c1cccc(N(c2ccc(C=Cc3ccc(N(c4ccccc4)c4ccc(C=Cc5cc[n+](CCCN6CCCC6)cc5)cc4)cc3)cc2)c2ccc(C=Cc3cc[n+](CCCN=Cc4cc[n+](C)cc4)cc3)cc2)c1,1,C(=Cc1ccc(N(c2ccccc2)c2ccc(C=Cc3cc[n+](CCCN4CCCC4)cc3)cc2)cc1)c1ccc(N(c2ccccc2)c2ccc(C=Cc3cc[n+](CCCN=Cc4cc[nH+]cc4)cc3)cc2)cc1,0.9524559,487.4563,0.0236649,0.0237,0.4211485,4.3238,1.0000000,1.0000,[],35
30.4888,35.3190,-35.3190,0.0000000,N#Cc1cc(-c2ccccc2)sc1N=Cc1cccc(C(=O)O)c1,1,C(=Nc1ccc(-c2ccccc2)s1)c1ccccc1,0.0000000,0.0000,0.0000000,0.0000,0.0000000,0.0000,0.0000000,0.0000,"['C(=[O,S])[O,S]']",35
25.2652,37.1586,-34.3602,0.0218621,c1ccc(N(c2ccccc2)c2ccc(-c3csc(-c4cccc(-c5ccc(N(c6ccccc6)c6ccccc6)s5)c4)c3)cc2)cc1,1,c1ccc(N(c2ccccc2)c2ccc(-c3csc(-c4cccc(-c5ccc(N(c6ccccc6)c6ccccc6)s5)c4)c3)cc2)cc1,0.0191826,357.2830,0.1530757,0.1531,0.5876309,2.6583,1.0000000,1.0000,[],35
30.7577,33.2005,-33.2005,0.0000000,O=C(O)c1c(-c2cccc([N+](=O)[O-])c2)cc(-c2ccccc2)nc1Cl,1,c1ccc(-c2ccnc(-c3ccccc3)c2)cc1,0.0000000,0.0000,0.0000000,0.0000,0.0000000,0.0000,0.0000000,0.0000,"['C(=[O,S])[O,S]']",35
68.1761,108.2241,-108.2241,0.0000000,O=Cc1c(N=Nc2ccc(N3Cc4ccccc4N=N3)cc2)ccc2c1cc(-c1ccc(C=Cc3ccc(N(c4ccccc4)c4ccccc4)cc3)cc1)n2-c1ccccc1-c1ccc(C=Cc2cccc[n+]2O)cc1,1,C(=Cc1cccc[nH+]1)c1ccc(-c2ccccc2-n2c(-c3ccc(C=Cc4ccc(N(c5ccccc5)c5ccccc5)cc4)cc3)cc3cc(N=Nc4ccc(N5Cc6ccccc6N=N5)cc4)ccc32)cc1,0.0000000,0.0000,0.0000000,0.0000,0.0000000,0.0000,0.0000000,0.0000,['[#7;!n][#7;!n]'],35
62.9408,96.0476,19.2212,0.9005376,CCCCN1c2cc(N=Cc3ccc(C=Nc4ccccc4)c(N(c4ccccc4)c4ccc5c(=N)c6cc(SC)ccc6sc5c4)c3)ccc2N(c2ccc(N(c3ccccc3)c3ccccc3)cc2)c2c1ccc1ccccc21,1,N=c1c2ccccc2sc2cc(N(c3ccccc3)c3cc(C=Nc4ccc5c(c4)Nc4ccc6ccccc6c4N5c4ccc(N(c5ccccc5)c5ccccc5)cc4)ccc3C=Nc3ccccc3)ccc12,0.9954246,461.5606,0.0629662,0.0630,0.4178646,4.3630,1.0000000,1.0000,[],35
44.2931,51.5483,-51.4925,0.0004361,CCCCCCCCCCCCCCN1C[n+]2ccccc2C1=CC=Cc1cc[n+](CCCS)c(C)c1C,1,C(=Cc1cc[nH+]cc1)C=C1NC[n+]2ccccc21,0.0003155,607.5207,0.1150494,0.1150,0.4804984,3.6647,1.0000000,1.0000,[],35
45.0654,48.5926,-48.5926,0.0000000,c1cc2c3n(c(-c4ccccc4)c4c2c(ccc4)CC)c2c(cnc(c2)C#N)c3c1,0,,0.0000000,0.0000,0.0000000,0.0000,0.0000000,0.0000,0.0000000,0.0000,None,35
121.9350,180.5409,-162.1572,0.1436223,CCCCCCCCCCCCCCCCCC[n+]1ccc(C=CC[n+]2ccc(C3=CC=C(C=Cc4cc[n+](CCN(CCCNC(C=Cc5c(F)c(O)cc[n+]5CCCN)=NCCCN(c5ccc(N=Nc6ccc(N(c7ccccc7)c7ccccc7)cc6)cc5)C(C)C)c5ccc(-n6c7ccccc7c7cc(N(c8ccccc8)c8ccccc8)ccc76)cc5)cc4)C(=C(C#N)c4cccc(C)c4)S3)cc2)cc1,1,C(=Cc1cc[nH+]cc1)C[n+]1ccc(C2=CC=C(C=Cc3cc[n+](CCN(CCCNC(C=Cc4cccc[nH+]4)=NCCCNc4ccc(N=Nc5ccc(N(c6ccccc6)c6ccccc6)cc5)cc4)c4ccc(-n5c6ccccc6c6cc(N(c7ccccc7)c7ccccc7)ccc65)cc4)cc3)C(=Cc3ccccc3)S2)cc1,0.1554760,538.3737,0.0084458,0.0084,0.2328778,7.2862,1.0000000,1.0000,[],35
47.3316,59.5075,51.7292,0.8690368,COc1ccc(N(c2ccccc2)c2ccc(-c3ccc(COc4ccc(C=C(c5ccccc5)c5cc[n+](Cc6ccc(-c7ccccc7-c7ccccc7)cc6)cc5)cc4)cc3)cc2)cc1,1,C(=C(c1ccccc1)c1cc[n+](Cc2ccc(-c3ccccc3-c3ccccc3)cc2)cc1)c1ccc(OCc2ccc(-c3ccc(N(c4ccccc4)c4ccccc4)cc3)cc2)cc1,0.9486148,431.6563,0.0757774,0.0758,0.5258083,3.2141,1.0000000,1.0000,[],35
29.0424,35.8416,-27.4608,0.0654749,C[N+](c1ccccc1)=c1ccc2c(O)c(O)cccc-2c1,1,c1ccc([NH+]=c2ccc3cccccc-3c2)cc1,0.0580546,369.7453,0.6721260,0.6721,0.6030071,2.5291,1.0000000,1.0000,[],35
48.0590,66.3773,-66.3773,0.0000000,c1(cc(ccc1-c1cc(-c2ccc(-c3cc(-c4ccccn4)c(c(-c4sccc4)s3)C=Cc3ccccn3)cc2)cc[n+]1C)N(c1ccccc1)c1ccccc1)C,0,,0.0000000,0.0000,0.0000000,0.0000,0.0000000,0.0000,0.0000000,0.0000,None,35
76.1251,98.4668,14.4656,0.8822844,CCN(CCCCCCCCCCn1ccc2cc(N(c3ccccc3)c3ccccc3)ccc21)c1ccc(N=Nc2ccc(-c3ccc4c(=Nc5c(C)cc(-c6cccc[n+]6C)cc5OC)c5ccc(OC)cc5cnc4c3)cc2)cc1,1,c1ccc(N(c2ccccc2)c2ccc3c(ccn3CCCCCCCCCCNc3ccc(N=Nc4ccc(-c5ccc6c(=Nc7ccc(-c8cccc[nH+]8)cc7)c7ccccc7cnc6c5)cc4)cc3)c2)cc1,0.9915889,468.2130,0.0361972,0.0362,0.4136780,4.4133,1.0000000,1.0000,[],35
42.5425,58.3780,-49.6157,0.0684552,CCCC[n+]1c2ccc(-c3ccc(O)cc3)cc2nc2c(-c3ccccc3)sc(-c3ccc(N(c4ccccc4)c4ccccc4)cc3)c21,1,c1ccc(-c2ccc3[nH+]c4c(-c5ccc(N(c6ccccc6)c6ccccc6)cc5)sc(-c5ccccc5)c4nc3c2)cc1,0.0638420,549.1561,0.1574825,0.1575,0.5394274,3.0862,1.0000000,1.0000,[],35
29.3628,36.7789,-36.7789,0.0000000,c1(ccccc1)-c1ccc(N(c2ccc(cc2)-c2oc3c(cccc3)c3ccccc23)c2ccc(-c3ccc(cc3)N(c3ccccc3)c3ccccc3)cc2)cc1,0,,0.0000000,0.0000,0.0000000,0.0000,0.0000000,0.0000,0.0000000,0.0000,None,35
44.5526,68.8446,-68.8446,0.0000000,Cc1c(C=Cc2ccc(N(c3ccccc3)c3ccccc3)cc2)sc(-c2ccco2)c1N=Nc1ccc(Nc2sc(-c3ccco3)cc2C(=O)O)cc1,1,C(=Cc1cc(N=Nc2ccc(Nc3ccc(-c4ccco4)s3)cc2)c(-c2ccco2)s1)c1ccc(N(c2ccccc2)c2ccccc2)cc1,0.0000000,0.0000,0.0000000,0.0000,0.0000000,0.0000,0.0000000,0.0000,"['C(=[O,S])[O,S]']",35
40.8903,42.5702,62.6889,0.8223373,CN1CCN(c2cc(-c3nc(-c4ccc(C(F)(F)F)cc4)[nH]c(=O)c3C#N)cc3cccnc23)CC1,1,O=c1cc(-c2cc(N3CCNCC3)c3ncccc3c2)nc(-c2ccccc2)[nH]1,0.8438597,418.3189,0.4609372,0.4609,0.5743812,2.7723,1.0000000,1.0000,[],35
40.8601,45.5720,-45.2975,0.0021446,CCN(CC)c1cccc(CC2CNCCN2c2ncnc3ccccc23)c1O,1,c1ccc(CC2CNCCN2c2ncnc3ccccc23)cc1,0.0015926,330.0701,0.6727876,0.6728,0.5314258,3.1610,1.0000000,1.0000,[],35
29.4819,57.1126,59.1841,0.9085681,CC(C)(C)c1ccc(N=Cc2ccc(N(c3ccc(-c4ccc(N(c5ccccc5)c5ccccc5)cc4)cc3)c3ccc(-c4ccc(C=C(C#N)c5ccc(N(c6ccccc6)c6ccccc6)cc5)s4)cc3)cc2)cc1,1,C(=Cc1ccc(-c2ccc(N(c3ccc(C=Nc4ccccc4)cc3)c3ccc(-c4ccc(N(c5ccccc5)c5ccccc5)cc4)cc3)cc2)s1)c1ccc(N(c2ccccc2)c2ccccc2)cc1,0.9960083,460.0725,0.0758219,0.0758,0.4793939,3.6762,1.0000000,1.0000,[],35
41.7902,63.7633,51.0017,0.8966017,CCCCCCCCCC[n+]1ccc(C=Cc2ccc(-c3ccc(N4CCCc5cc(-c6ccc(C=C(c7ccccc7)c7ccc(N(c8ccccc8)c8ccccc8)cc7)s6)ccc54)cc3)cc2)cc1,1,C(=Cc1ccc(-c2ccc(N3CCCc4cc(-c5ccc(C=C(c6ccccc6)c6ccc(N(c7ccccc7)c7ccccc7)cc6)s5)ccc43)cc2)cc1)c1cc[nH+]cc1,0.9921005,467.5261,0.0556570,0.0557,0.4734840,3.7382,1.0000000,1.0000,[],35
27.4631,28.9955,-28.8101,0.0014487,Cc1ccc(-c2ccc(=O)n(-c3cccc(O)c3)n2)cc1,1,O=c1ccc(-c2ccccc2)nn1-c1ccccc1,0.0010433,325.4717,0.7838283,0.7838,0.6807132,1.9231,1.0000000,1.0000,[],35
38.5324,56.5287,61.7124,0.9237589,C(=Cc1cccc(C2=CC(=C3c4ccccc4N(c4ccccc4)c4ccccc43)c3ccccc3O2)c1)c1ccc(N(c2ccccc2)c2ccc(-c3ccccc3)cc2)cc1,1,C(=Cc1cccc(C2=CC(=C3c4ccccc4N(c4ccccc4)c4ccccc43)c3ccccc3O2)c1)c1ccc(N(c2ccccc2)c2ccc(-c3ccccc3)cc2)cc1,0.9917185,451.9571,0.1422884,0.1423,0.5244776,3.2268,1.0000000,1.0000,[],35
51.5167,58.3218,-58.3218,0.0000000,CCCc1ccc(O)c(C=Nc2c(OC)c3c(c4c2OCO4)C=C(CC)NN3)c1,1,C1=Cc2c(cc(N=Cc3ccccc3)c3c2OCO3)NN1,0.0000000,0.0000,0.0000000,0.0000,0.0000000,0.0000,0.0000000,0.0000,['[#7;!n][#7;!n]'],35
38.8640,54.9455,-54.9455,0.0000000,CCCCn1c2ccccc2ccc2ccccc2n1-c1ccc2c(c1)oc1ccc(-c3ccco3)cc12,1,c1coc(-c2ccc3oc4cc(-n5[nH]c6ccccc6ccc6ccccc65)ccc4c3c2)c1,0.0000000,0.0000,0.0000000,0.0000,0.0000000,0.0000,0.0000000,0.0000,['[*;r{8-17}]'],35
22.0873,30.3278,89.6127,0.9370355,c1ccc(N2c3ccccc3C(=C3c4ccccc4-c4ccccc43)c3ccccc32)cc1,1,c1ccc(N2c3ccccc3C(=C3c4ccccc4-c4ccccc43)c3ccccc32)cc1,0.9825217,443.7461,0.2578991,0.2579,0.6829276,1.9068,1.0000000,1.0000,[],35
42.5020,54.3784,21.2521,0.5908635,Cc1c(C=Cc2ccc(N(c3ccccc3)c3ccc(C=Cc4ccc(N(c5ccccc5)c5ccc(C=Cc6ccccc6)cc5)cc4)cc3)cc2)[nH]c2n(-c3ccccc3)cc[n+]12,1,C(=Cc1ccc(N(c2ccccc2)c2ccc(C=Cc3ccc(N(c4ccccc4)c4ccc(C=Cc5c[n+]6ccn(-c7ccccc7)c6[nH]5)cc4)cc3)cc2)cc1)c1ccccc1,0.6285024,405.7088,0.0926311,0.0926,0.5065764,3.4004,1.0000000,1.0000,[],36
48.5334,67.2670,41.2432,0.8477360,CCCCN(CCCC)c1ccc2c(C(c3ccccc3)c3ccc(N(c4ccccc4)c4ccccc4)cc3)c(N(c3ccc(OC)cc3)c3ccc(OC)cc3)ccc2c1-c1ncnc2nc[nH]c12,1,c1ccc(C(c2ccc(N(c3ccccc3)c3ccccc3)cc2)c2c(N(c3ccccc3)c3ccccc3)ccc3c(-c4ncnc5nc[nH]c45)cccc23)cc1,0.9262880,427.4802,0.0803173,0.0803,0.4318973,4.1978,1.0000000,1.0000,[],36
27.5015,40.2198,-40.2198,0.0000000,C=CC(=O)OCCCCCCOc1ccc(N(c2ccc(OC)cc2)c2ccc(-c3ccc(C=Cc4ccc(N(c5ccccc5)c5ccccc5)cc4)s3)cc2)cc1,1,C(=Cc1ccc(-c2ccc(N(c3ccccc3)c3ccccc3)cc2)s1)c1ccc(N(c2ccccc2)c2ccccc2)cc1,0.0000000,0.0000,0.0000000,0.0000,0.0000000,0.0000,0.0000000,0.0000,"['C(=[O,S])[O,S]']",36
51.3176,64.7865,6.6893,0.5584047,N#Cc1cc(C=c2ccc(=CC=CC(=[N+]=[N-])c3ccccc3)c(=O)n2-c2ccccc2)c2ccccc2c1N(c1ccccc1)c1ccccc1,1,[N+]=C(C=CC=c1ccc(=Cc2ccc(N(c3ccccc3)c3ccccc3)c3ccccc23)n(-c2ccccc2)c1=O)c1ccccc1,0.5926603,515.9288,0.0937985,0.0938,0.4796048,3.6740,1.0000000,1.0000,[],36
35.7921,51.0109,65.4402,0.9097741,C(=Cc1nc2ccccc2s1)c1cc2sc3cc(N(c4ccc(-c5ccc(N(c6ccccc6)c6ccccc6)s5)cc4)c4ccc(N(c5ccccc5)c5ccccc5)cc4)ccc3c2s1,1,C(=Cc1nc2ccccc2s1)c1cc2sc3cc(N(c4ccc(-c5ccc(N(c6ccccc6)c6ccccc6)s5)cc4)c4ccc(N(c5ccccc5)c5ccccc5)cc4)ccc3c2s1,0.9822665,476.4142,0.1217303,0.1217,0.4871782,3.5956,1.0000000,1.0000,[],36
60.6538,100.0032,-4.0139,0.7499161,N#CC(C#N)=Cc1ccc(C(=Cc2nc(C=Cc3ccc(C=C(C#N)c4ccc(C=C(c5ccccc5)c5ccccc5)s4)s3)c(C=Cc3cnc(C=C(c4ccccc4)c4ccccc4)s3)s2)c2ccc(N(c3ccccc3)c3ccc(C=Cc4ccc(C=C(c5ccccc5)c5ccc(C=C(c6ccccc6)c6ccc(C=C(c7ccccc7)c7ccccc7)s6)cc5)s4)cc3)cc2)s1,1,C(=Cc1ccc(C=C(c2ccccc2)c2ccc(C=C(c3ccccc3)c3ccc(C=C(c4ccccc4)c4ccccc4)s3)cc2)s1)c1ccc(N(c2ccccc2)c2ccc(C(=Cc3nc(C=Cc4ccc(C=Cc5ccc(C=C(c6ccccc6)c6ccccc6)s5)s4)c(C=Cc4cnc(C=C(c5ccccc5)c5ccccc5)s4)s3)c3cccs3)cc2)cc1,0.8449583,501.5903,0.0328405,0.0328,0.2827110,6.3167,1.0000000,1.0000,[],36
45.7515,76.0038,39.7593,0.9043992,CCCC[n+]1ccc(C=Cc2ccc(-c3ccc(N(c4ccccc4)c4ccc(-n5c6ccc(-n7c8ccccc8c8ccccc87)cc6c6ccc(C=Cc7ccc(N(c8ccccc8)c8ccccc8)s7)cc65)cc4)cc3)s2)cc1,1,C(=Cc1ccc(-c2ccc(N(c3ccccc3)c3ccc(-n4c5ccc(-n6c7ccccc7c7ccccc76)cc5c5ccc(C=Cc6ccc(N(c7ccccc7)c7ccccc7)s6)cc54)cc3)cc2)s1)c1cc[nH+]cc1,0.9878621,472.2362,0.0898954,0.0899,0.4358416,4.1524,1.0000000,1.0000,[],36
26.7531,36.5188,-36.5188,0.0000000,c1ccc2-c1cnc(c2)C=Cc1ccc(N(c2ccccc2)c2ccccc2)cc1,0,,0.0000000,0.0000,0.0000000,0.0000,0.0000000,0.0000,0.0000000,0.0000,None,36
58.3822,73.4908,-60.2035,0.1038068,CCCCCCCCCCCCOc1ccc(C=Cc2ccc(C=C3c4ccsc4C(=O)c4cc(-c5ccc(-c6ccc(C=C(C#N)c7ccc(N(c8ccccc8)c8ccc(C)cc8)s7)s6)s5)sc43)s2)cc1,1,O=C1c2cc(-c3ccc(-c4ccc(C=Cc5ccc(N(c6ccccc6)c6ccccc6)s5)s4)s3)sc2C(=Cc2ccc(C=Cc3ccccc3)s2)c2ccsc21,0.1031199,543.4848,0.0501295,0.0501,0.4240251,4.2898,1.0000000,1.0000,[],36
26.5052,28.4841,-4.0650,0.1907740,O=c1c2ccccc2cc2sc3c4ccccc4sc3n12,1,O=c1c2ccccc2cc2sc3c4ccccc4sc3n12,0.1820804,383.6888,0.3992881,0.3993,0.5774754,2.7454,1.0000000,1.0000,[],36
31.2956,48.0102,-0.6636,0.3698954,COc1ccc(N(c2ccc(C=Nc3ccccc3-c3cccc4nnsc34)cc2)c2ccc(OC)cc2)cc1,1,C(=Nc1ccccc1-c1cccc2nnsc12)c1ccc(N(c2ccccc2)c2ccccc2)cc1,0.3748475,394.4467,0.1802806,0.1803,0.5780059,2.7409,1.0000000,1.0000,[],36
46.0351,61.1261,47.9075,0.8518254,C(=CC1CCN(c2ccc(N(c3ccccc3)c3ccccc3)cc2)c2cc(N(c3ccccc3)c3ccccc3)c(C3=c4ccccc4=C3N(c3ccccc3)c3ccc4ccccc4c3)cc21)c1ccc(N(c2ccccc2)c2ccccc2)cc1,1,C(=CC1CCN(c2ccc(N(c3ccccc3)c3ccccc3)cc2)c2cc(N(c3ccccc3)c3ccccc3)c(C3=c4ccccc4=C3N(c3ccccc3)c3ccc4ccccc4c3)cc21)c1ccc(N(c2ccccc2)c2ccccc2)cc1,0.9274794,427.6711,0.0955532,0.0956,0.3982973,4.6028,1.0000000,1.0000,[],36
43.0609,75.0616,-75.0616,0.0000000,Cn1c2c3c(c1=CC=CC=3)=CC(c1ccc3c(c1)C(=C(c1ccccc1)c1ccc4ccccc4c1)c1c-3ccc3c1sn3-c1ccccc1)=CC=2,1,C1=CC=c2c3[nH]c(c2=CC(c2ccc4c(c2)C(=C(c2ccccc2)c2ccc5ccccc5c2)c2c-4ccc4c2sn4-c2ccccc2)=CC=3)=C1,0.0000000,0.0000,0.1757581,0.1758,0.3783587,4.8596,1.0000000,1.0000,[],36
25.3881,27.8202,77.6493,0.8239806,Nc1c(O)c([N+](=O)[O-])c(N)c2ccccc12,1,c1ccc2ccccc2c1,0.8572934,419.4671,0.2914521,0.2915,0.5961424,2.5864,1.0000000,1.0000,[],36
76.0182,93.8858,-93.8858,0.0000000,c1c2c(ccc1N(c1ccccc1)c1ccccc1)ccc(c2)-c1c2c(cc(-c3ccc4c(cc(C=Cc5ccc6c(=NC7=CCC(C=N7)CC6)c5C#N)cc4)c3)s2)ccc1N(c1ccccc1)c1ccccc1,0,,0.0000000,0.0000,0.0000000,0.0000,0.0000000,0.0000,0.0000000,0.0000,None,36
28.4328,45.2118,-45.2118,0.0000000,CCCCN(c1ccc(N=Nc2ccc(NCCC(=O)O)cc2)cc1)c1ccc(N(C)CCO)cc1,1,c1ccc(N=Nc2ccc(Nc3ccccc3)cc2)cc1,0.0000000,0.0000,0.0000000,0.0000,0.0000000,0.0000,0.0000000,0.0000,"['C(=[O,S])[O,S]']",36
29.7685,51.6037,65.4636,0.9145885,C(=CN1CCOCC1)c1cc(N(c2ccccc2)c2ccccc2)ccc1N=Nc1ccc(N(c2ccccc2)c2ccc(N=Nc3ccc(N(c4ccccc4)c4ccccc4)cc3)cc2)cc1,1,C(=CN1CCOCC1)c1cc(N(c2ccccc2)c2ccccc2)ccc1N=Nc1ccc(N(c2ccccc2)c2ccc(N=Nc3ccc(N(c4ccccc4)c4ccccc4)cc3)cc2)cc1,0.9947406,463.0807,0.0958754,0.0959,0.4983197,3.4826,1.0000000,1.0000,[],36
35.6491,40.8219,-39.6400,0.0092335,CCNc1nc(C)nc(-c2ccc(OCC)cc2)c1C=Cc1ccc(OC)cc1,1,C(=Cc1cncnc1-c1ccccc1)c1ccccc1,0.0074234,346.8459,0.5541839,0.5542,0.6300222,2.3100,1.0000000,1.0000,[],36
46.8028,66.7200,-66.7200,0.0000000,N#CC(C#N)=C1C(c2ccc3cc(-c4ccc(N(c5ccccc5)c5ccccc5)cc4)sc3c2)=C2C=CC(c3ccccc3)=C(c3ccccc3)N1S2,1,C=C1C(c2ccc3cc(-c4ccc(N(c5ccccc5)c5ccccc5)cc4)sc3c2)=C2C=CC(c3ccccc3)=C(c3ccccc3)N1S2,0.0000000,0.0000,0.0000000,0.0000,0.0000000,0.0000,0.0000000,0.0000,['[#7;!n][S;!$(S(=O)=O)]'],36
62.0628,77.8700,16.0199,0.7335148,CCC(CNc1cc(N(CCO)C2CCCC2)n2nc(-c3c4ccccc4cc[n+]3C)cc2n1)n1c[n+](C)c2ccccc21,1,c1ccc2c(-c3cc4nc(NCCn5c[nH+]c6ccccc65)cc(NC5CCCC5)n4n3)[nH+]ccc2c1,0.7704726,413.1481,0.2207603,0.2208,0.4301257,4.2184,1.0000000,1.0000,[],36
59.5888,76.1518,38.0607,0.8922853,CCN(CC)Cc1cc(N=Cc2ccc(O)cc2)cc(OC)c1C=Nc1ccc(N=Cc2ccc3nc(-c4ccc(N(c5ccccc5)c5ccccc5)cc4)c(Nc4ccc(OC)cc4)nc3c2)cc1,1,C(=Nc1ccc(C=Nc2ccc(N=Cc3ccc4nc(-c5ccc(N(c6ccccc6)c6ccccc6)cc5)c(Nc5ccccc5)nc4c3)cc2)cc1)c1ccccc1,0.9757733,440.1264,0.0816447,0.0816,0.4604889,3.8773,1.0000000,1.0000,[],36
36.3459,41.8015,57.6463,0.7769357,C(=Cc1nc2c(nc1CCc1ccccc1)sc1ccccc12)c1ccc(Nc2ccccc2)cc1,1,C(=Cc1nc2c(nc1CCc1ccccc1)sc1ccccc12)c1ccc(Nc2ccccc2)cc1,0.8099979,415.7431,0.2471380,0.2471,0.5982190,2.5690,1.0000000,1.0000,[],36
73.6817,82.2563,-20.6198,0.4815352,Cc1ccc(S)cc1N(c1ccc(C=Cc2ccc3nc4ccsc4nc3c2)cc1)c1ccc2c(N=Nc3ccc4ccc(O)cc4c3S)c(O)ccc2c1,1,C(=Cc1ccc2nc3ccsc3nc2c1)c1ccc(N(c2ccccc2)c2ccc3c(N=Nc4ccc5ccccc5c4)cccc3c2)cc1,0.5111780,519.5145,0.0735606,0.0736,0.4723426,3.7503,1.0000000,1.0000,[],36
34.4948,50.6003,67.5192,0.9228086,Nc1cc(N2c3ccccc3C=Cc3sc(C=Cc4ccc(N(c5ccccc5)c5ccccc5)cc4)cc32)ccc1Cl,1,C(=Cc1cc2c(s1)C=Cc1ccccc1N2c1ccccc1)c1ccc(N(c2ccccc2)c2ccccc2)cc1,0.9799857,442.2469,0.1945890,0.1946,0.5482369,3.0052,1.0000000,1.0000,[],36
38.1454,38.2360,-37.9882,0.0019362,CSc1cc2nc(NC3=NCCC3)sc2cc1S(N)(=O)=O,1,c1ccc2sc(NC3=NCCC3)nc2c1,0.0014201,328.8232,0.8340071,0.8340,0.5389130,3.0910,1.0000000,1.0000,[],36
62.9072,76.1423,-13.7780,0.4872213,CCN(c1ccc(OC2CCCC2)cc1)c1ccc(N(c2ccc(-c3cc4c(s3)sc3ccccc34)cc2-c2nc3ccccc3s2)c2csc3ccccc23)cc1,1,c1ccc2sc(-c3cc(-c4cc5c(s4)sc4ccccc45)ccc3N(c3ccc(Nc4ccc(OC5CCCC5)cc4)cc3)c3csc4ccccc34)nc2c1,0.5070525,400.3063,0.1373279,0.1373,0.4893994,3.5729,1.0000000,1.0000,[],36
47.1400,71.1931,32.0722,0.8067600,Cc1nc(-c2ccc(-c3cc(N)nc4cc(C=Cc5ccc(N(c6ccccc6)c6ccc(F)cc6)cc5)oc34)s2)ccc1Br,1,C(=Cc1cc2nccc(-c3ccc(-c4ccccn4)s3)c2o1)c1ccc(N(c2ccccc2)c2ccccc2)cc1,0.8529922,419.0901,0.1823931,0.1824,0.5318812,3.1567,1.0000000,1.0000,[],36
23.2179,38.5914,79.2978,0.9210092,O=C(Nc1ccc(N=Nc2ccc(N(c3ccccc3)c3ccccc3)cc2)cc1)c1ccc(N(c2ccccc2)c2ccccc2)nc1,1,O=C(Nc1ccc(N=Nc2ccc(N(c3ccccc3)c3ccccc3)cc2)cc1)c1ccc(N(c2ccccc2)c2ccccc2)nc1,0.9842618,444.9039,0.1516269,0.1516,0.5878659,2.6563,1.0000000,1.0000,[],36
70.2693,85.8227,-85.8227,0.0000000,c1(N2C(c3cc[n+](cc3C2=O)C)=c2c(cccc2)=C2N(c3c(N2CCCC)c2ccc(-c4ccccc4)cc2N(c4ccccc4)c2ccccc2)c2c(cccc2)c3)ccccc1,0,,0.0000000,0.0000,0.0000000,0.0000,0.0000000,0.0000,0.0000000,0.0000,None,36
27.9421,42.9325,69.4050,0.8776361,N#Cc1ccc2nc3sc(-c4ccc(N(c5ccccc5)c5ccccc5)cc4)c(-c4ccc(N(c5ccccc5)c5ccccc5)cc4)c3c(N(c3ccccc3)c3ccccc3)c2c1,1,c1ccc(N(c2ccccc2)c2ccc(-c3sc4nc5ccccc5c(N(c5ccccc5)c5ccccc5)c4c3-c3ccc(N(c4ccccc4)c4ccccc4)cc3)cc2)cc1,0.9424015,430.3456,0.1296163,0.1296,0.5254433,3.2176,1.0000000,1.0000,[],36
57.5580,75.8386,-75.8386,0.0000000,CCCCn1c2cccc3c2c2cccc(c21)n(-c1ccc(OC)cc1)c1ccc2ccc(N(c4ccccc4)c4ccc(-c5ccc(C=C(c6ccccc6)c6ccccc6)s5)cc4)c(C=C(C#N)C#N)c2c31,1,C(=C(c1ccccc1)c1ccccc1)c1ccc(-c2ccc(N(c3ccccc3)c3ccc4ccc5c(c4c3)c3cccc4[nH]c6c(cccc6n5-c5ccccc5)c43)cc2)s1,0.0000000,0.0000,0.0000000,0.0000,0.0000000,0.0000,0.0000000,0.0000,['[*;r{8-17}]'],36
56.5694,73.6946,-73.6946,0.0000000,c1cc2[nH]c(-c3c(c(-c4ccc(N(c5ccccc5)c5ccccc5)cc4)c4ccccc43)-c3cc4ccccc4cc3)c(O)c2cc1N(c1ccc(OCCCCCCCC)cc1)c1ccc(OCCCCCC)cc1,0,,0.0000000,0.0000,0.0000000,0.0000,0.0000000,0.0000,0.0000000,0.0000,None,36
53.9512,78.0819,35.8223,0.8898765,CCCN(CCC)c1ccc(C=Cc2sc3cc4ccc(NC(=O)c5cc(C=Cc6ccccc6)sc5-c5ccccc5)cc4nc3c2N(c2ccccc2)c2ccccc2)cc1,1,O=C(Nc1ccc2cc3sc(C=Cc4ccccc4)c(N(c4ccccc4)c4ccccc4)c3nc2c1)c1cc(C=Cc2ccccc2)sc1-c1ccccc1,0.9623113,484.8224,0.1115779,0.1116,0.4871131,3.5963,1.0000000,1.0000,[],36
41.2501,49.4987,-48.8359,0.0051785,COc1ccc2c(c1)-c1cc(C=C(c3ccccc3)c3ccc(N4c5ccccc5N(C)c5ccccc54)cc3)ccc1C2,1,C(=C(c1ccccc1)c1ccc(N2c3ccccc3Nc3ccccc32)cc1)c1ccc2c(c1)-c1ccccc1C2,0.0041827,340.5819,0.1921608,0.1922,0.5829347,2.6984,1.0000000,1.0000,[],36
75.8158,103.7290,5.4038,0.8525999,C=COc1cc(C=Cc2ccc(-c3ccc4c(c3)C(=C(c3cccs3)c3cccs3)c3ccccc3N4CCCN(C)C)s2)ccc1-c1cc(=N)sc2cc(N3CCOCC3)c(OC)cc12,1,N=c1cc(-c2ccc(C=Cc3ccc(-c4ccc5c(c4)C(=C(c4cccs4)c4cccs4)c4ccccc4N5)s3)cc2)c2ccc(N3CCOCC3)cc2s1,0.9223993,426.8763,0.1096350,0.1096,0.4402386,4.1022,1.0000000,1.0000,[],36
41.3845,52.2372,-52.2372,0.0000000,c12c(n(-c3ccc(cc3)-c3ccc(-c4nc(nc(n4)-c4ccc(-n5c6c(cccc6)c5cccc4)cc3)-c3ccccc3)N=Cc3ccccc3)cc2)cccc1,0,,0.0000000,0.0000,0.0000000,0.0000,0.0000000,0.0000,0.0000000,0.0000,None,36
64.1845,92.9092,18.3999,0.8696025,CCCCCCCCOc1ccc(N(c2ccc(-c3ccc(C=Cc4ccc(-c5ccc(N(c6ccccc6)c6ccc(C=Cc7ccc(-c8ccc(N(c9ccc(C=C(c%10ccc(Nc%11ccccc%11)cc%10)c%10cccs%10)cc9)c9ccc(OCCCCCC)cc9)cc8)s7)cc6)cc5)o4)s3)cc2)c2ccc3ccccc3c2)cc1,1,C(=Cc1ccc(-c2ccc(N(c3ccccc3)c3ccc(C=C(c4ccc(Nc5ccccc5)cc4)c4cccs4)cc3)cc2)s1)c1ccc(N(c2ccccc2)c2ccc(-c3ccc(C=Cc4ccc(-c5ccc(N(c6ccccc6)c6ccc7ccccc7c6)cc5)s4)o3)cc2)cc1,0.9843478,444.9643,0.0313749,0.0314,0.3520534,5.2199,1.0000000,1.0000,[],36
45.5874,72.2273,-72.2273,0.0000000,Cc1cc(C=NN=Cc2ccc(C=Cc3ccc(N(c4ccc(-c5ccc(N(c6ccccc6)c6ccccc6)cc5)cc4)c4ccc(N(c5ccccc5)c5ccccc5)cc4)cc3)c(N(c3ccccc3)c3ccccc3)c2)sc1C=Cc1cc[n+](C)cc1,1,C(=Cc1ccc(C=NN=Cc2ccc(C=Cc3ccc(N(c4ccc(-c5ccc(N(c6ccccc6)c6ccccc6)cc5)cc4)c4ccc(N(c5ccccc5)c5ccccc5)cc4)cc3)c(N(c3ccccc3)c3ccccc3)c2)s1)c1cc[nH+]cc1,0.0000000,0.0000,0.0000000,0.0000,0.0000000,0.0000,0.0000000,0.0000,['[#7;!n][#7;!n]'],36
40.1732,64.0457,-64.0457,0.0000000,COc1c(cc(cc1)N=Nc1ccc(N(c2ccc(cc2)N=Nc2ccc(N(c3ccc(cc3)C=Cc3cc[n+](cc3)CCCC)c2)c2ccccc2)c2ccccc2)cc1)N,0,,0.0000000,0.0000,0.0000000,0.0000,0.0000000,0.0000,0.0000000,0.0000,None,36
63.9899,83.6462,-32.5423,0.3992492,CCCN(c1ccc(CN(c2ccc(-c3ccc(-c4ccc(=N)n(C)n4)c(N)c3)cc2)c2ccc(-n3c4ccccc4c4ccccc43)cc2)cc1)c1ccc(N(c2ccccc2)c2ccc(N(c3ccccc3)c3ccccc3)cc2)cc1,1,N=c1ccc(-c2ccc(-c3ccc(N(Cc4ccc(Nc5ccc(N(c6ccccc6)c6ccc(N(c7ccccc7)c7ccccc7)cc6)cc5)cc4)c4ccc(-n5c6ccccc6c6ccccc65)cc4)cc3)cc2)n[nH]1,0.4177254,396.3941,0.0883960,0.0884,0.4469319,4.0267,1.0000000,1.0000,[],36
23.9702,36.9036,-34.6636,0.0175002,COc1ccc(N(c2ccccc2)c2ccc(N(c3ccccc3)c3ccc(S(=O)(=O)c4ccc(N(c5ccccc5)c5ccccc5)cc4)cc3)cc2)cc1,1,O=S(=O)(c1ccc(N(c2ccccc2)c2ccccc2)cc1)c1ccc(N(c2ccccc2)c2ccc(N(c3ccccc3)c3ccccc3)cc2)cc1,0.0152613,354.7567,0.1239576,0.1240,0.6190023,2.3982,1.0000000,1.0000,[],36
77.6478,104.5005,-104.5005,0.0000000,C1(c2ccc(cc2)OC)=c2c(cc(cc2C)CN)N(c2ccc(cc2)N(c2ccc(C=Cc3ccncc3)cc2)c2ccc(cc2)C=Cc2sc(C=C(c3ccc(N(c4ccccc4)c4ccccn4)cc3)c3ccccc3)cc2C)c2c1ccc(F)c2,0,,0.0000000,0.0000,0.0000000,0.0000,0.0000000,0.0000,0.0000000,0.0000,None,36
52.3287,68.9898,25.4128,0.7375205,C=CCN1c2ccc(N=Nc3ccc(N(C)CCCCN(CC)c4ccc(N=Nc5cc[n+](CC)cc5)cc4)cc3C)cc2Cc2c(N)cccc21,1,c1ccc2c(c1)Cc1cc(N=Nc3ccc(NCCCCNc4ccc(N=Nc5cc[nH+]cc5)cc4)cc3)ccc1N2,0.8169452,503.7597,0.0388752,0.0389,0.4731853,3.7413,1.0000000,1.0000,[],36
59.3072,84.1251,-0.0985,0.6564578,CCN(CC)c1ccc2ccc(N=Nc3c(C)c4ccc(N5CCCC5C=Cc5cc[n+](CC)cc5)cn4c3-c3ccc(N=Nc4c(NC)ccc5ccccc45)cc3)cc2c1,1,C(=CC1CCCN1c1ccc2cc(N=Nc3ccc4ccccc4c3)c(-c3ccc(N=Nc4cccc5ccccc45)cc3)n2c1)c1cc[nH+]cc1,0.7054030,510.5198,0.0929943,0.0930,0.4044695,4.5259,1.0000000,1.0000,[],36
46.8332,73.8368,10.7793,0.6610631,C(=Cc1ccc(N(c2ccccc2)c2ccccc2)cc1)CN(c1ccc(C=Cc2ccc3c(c2)N(c2ccccc2)c2ccccc2S3)cc1)c1ccc(C=Cc2cccc3c(N(c4ccccc4)c4ccccc4)ccc(-c4ccc(C=Cc5ccc(N(c6ccccc6)c6ccccc6)cc5)cc4)c23)cc1,1,C(=Cc1ccc(N(c2ccccc2)c2ccccc2)cc1)CN(c1ccc(C=Cc2ccc3c(c2)N(c2ccccc2)c2ccccc2S3)cc1)c1ccc(C=Cc2cccc3c(N(c4ccccc4)c4ccccc4)ccc(-c4ccc(C=Cc5ccc(N(c6ccccc6)c6ccccc6)cc5)cc4)c23)cc1,0.7203354,410.2724,0.0624345,0.0624,0.3855749,4.7651,1.0000000,1.0000,[],36
47.2093,68.9478,48.3676,0.9165264,COc1ccc(N(c2ccc(C=Cc3ccc(N(c4ccccc4)c4ccccc4)s3)s2)c2nc(C=Cc3ccc(N(c4ccccc4)c4ccccc4)cc3)cs2)c2sc(C)nc12,1,C(=Cc1csc(N(c2ccc(C=Cc3ccc(N(c4ccccc4)c4ccccc4)s3)s2)c2cccc3ncsc23)n1)c1ccc(N(c2ccccc2)c2ccccc2)cc1,0.9944595,456.3509,0.1083264,0.1083,0.4674793,3.8020,1.0000000,1.0000,[],36
56.3023,70.7920,9.2275,0.6251528,C=CCOc1ccc(N(C(=O)c2ccc(N=Cc3ccc(N(CC)CC)cc3)cc2)C(=O)C2CCCCO2)cc1C=Cc1ccc(N(c2ccccc2)c2ccccc2)cc1,1,O=C(c1ccc(N=Cc2ccccc2)cc1)N(C(=O)C1CCCCO1)c1cccc(C=Cc2ccc(N(c3ccccc3)c3ccccc3)cc2)c1,0.6853846,408.4539,0.0419519,0.0420,0.4553023,3.9340,1.0000000,1.0000,[],36
41.9450,45.8730,63.8429,0.8571549,CC1c2ccnc3ccc(Nc4ccccn4)c(c23)-c2cccc[n+]21,1,c1ccc(Nc2ccc3nccc4c3c2-c2cccc[n+]2C4)nc1,0.8786789,421.4973,0.5602278,0.5602,0.4994422,3.4713,1.0000000,1.0000,[],36
31.4708,45.9243,70.9252,0.9128869,C=CCCCCC[n+]1ccc(C=Cc2ccc3ccnc(C)c3c2)cc1,1,C(=Cc1ccc2ccncc2c1)c1cc[nH+]cc1,0.9558972,433.3986,0.2890818,0.2891,0.5751593,2.7655,1.0000000,1.0000,[],36
23.3799,38.7566,66.8686,0.8251973,C[n+]1ccc(C=Cc2ccc(N(c3ccc(N4CCCC4)cc3)c3ccc(N(c4ccccc4)c4ccccc4)cc3)cc2)cc1,1,C(=Cc1ccc(N(c2ccc(N3CCCC3)cc2)c2ccc(N(c3ccccc3)c3ccccc3)cc2)cc1)c1cc[nH+]cc1,0.8765086,498.7220,0.1536116,0.1536,0.5852436,2.6786,1.0000000,1.0000,[],36
83.3082,116.2273,-116.2273,0.0000000,c1cc(cc2c3N(CCN4c5c(cccc5)C(C4=CC=Cc4ccc5N(c6ccccc6)CCCc5c4)(CC)c3cc12)CCC)N(c1ccc(cc1)C=Cc1sc(-c2sc(cc2)C=C(c2ccc(N(c3ccccc3)c3ccccc3)cc2)c2ccccc2)cc1)CCOCCN(c1cccc(OC)c1)c1ccccc1,0,,0.0000000,0.0000,0.0000000,0.0000,0.0000000,0.0000,0.0000000,0.0000,None,36
49.3172,69.0607,-69.0607,0.0000000,COC(=O)c1ccccc1N=Nc1ccc(N(c2ccccc2)c2ccc(N(c3ccc(N=Nc4ccc(N=Nc5ccc(N(c6ccccc6)c6ccccc6)c(C#N)c5)c5ccccc45)cc3)c3cccc4ccccc34)cc2)cc1,1,c1ccc(N=Nc2ccc(N(c3ccccc3)c3ccc(N(c4ccc(N=Nc5ccc(N=Nc6ccc(N(c7ccccc7)c7ccccc7)cc6)c6ccccc56)cc4)c4cccc5ccccc45)cc3)cc2)cc1,0.0000000,0.0000,0.0000000,0.0000,0.0000000,0.0000,0.0000000,0.0000,"['C(=[O,S])[O,S]']",36
39.1793,51.0247,-49.6624,0.0106431,Cn1ncc2ccc(-c3ccnc(-c4ccc5c(c4)C(c4ccccc4)(c4ccc(N(c6ccccc6)c6ccccc6)cc4)c4ccccc4-5)c3)cc21,1,c1ccc(N(c2ccccc2)c2ccc(C3(c4ccccc4)c4ccccc4-c4ccc(-c5cc(-c6ccc7cn[nH]c7c6)ccn5)cc43)cc2)cc1,0.0089973,348.9510,0.1667098,0.1667,0.5012281,3.4535,1.0000000,1.0000,[],36
43.7868,60.8024,40.7305,0.7932262,Cc1sc2c(c1C=Cc1ccc(N(c3ccccc3)c3ccccc3)s1)-c1ccc(N(c3ccccc3)c3ccc(-c4ccc(-c5ccc(-c6ccc(N(c7ccccc7)c7ccccc7)cc6)s5)s4)cc3)cc1C2(C)C,1,C(=Cc1csc2c1-c1ccc(N(c3ccccc3)c3ccc(-c4ccc(-c5ccc(-c6ccc(N(c7ccccc7)c7ccccc7)cc6)s5)s4)cc3)cc1C2)c1ccc(N(c2ccccc2)c2ccccc2)s1,0.8548494,419.2518,0.1074504,0.1075,0.4552861,3.9341,1.0000000,1.0000,[],36
46.8027,66.5755,43.1469,0.8572066,COc1cccc(N(c2ccc(C=Cc3ccc(N(c4ccccc4)c4ccccc4)cc3)cc2)c2ccc(-c3sc(N(c4ccccc4)c4ccccc4)nc3C=Cc3cc4cc(C(C)=O)sc4s3)cc2)c1,1,C(=Cc1ccc(N(c2ccccc2)c2ccc(-c3sc(N(c4ccccc4)c4ccccc4)nc3C=Cc3cc4ccsc4s3)cc2)cc1)c1ccc(N(c2ccccc2)c2ccccc2)cc1,0.9396732,429.8117,0.0710064,0.0710,0.4580652,3.9037,1.0000000,1.0000,[],36
58.8289,81.2847,28.3369,0.8564186,N#CC(C#N)=Cc1ccc(N(c2sc(-c3ccc(C=C(C#N)C#N)s3)cc2O)c2ccc(N(c3ccccc3)c3ccccc3)c3c4c(c(-c5ccc(-c6ccc(N(c7ccccc7)c7ccccc7)cc6)s5)cc23)OCCO4)cc1,1,c1ccc(N(c2ccccc2)c2ccc(-c3ccc(-c4cc5c(N(c6ccccc6)c6ccc(-c7cccs7)s6)ccc(N(c6ccccc6)c6ccccc6)c5c5c4OCCO5)s3)cc2)cc1,0.9297990,491.9489,0.1045274,0.1045,0.4045558,4.5248,1.0000000,1.0000,[],36
28.8520,43.2660,75.1940,0.9254694,COc1ccc(N(c2ccccc2)c2ccc(C=C3c4cc(N(c5ccccc5)c5ccccc5)ccc4C(=O)c4ccc(N(c5ccccc5)c5ccccc5)cc43)cc2)cc1,1,O=C1c2ccc(N(c3ccccc3)c3ccccc3)cc2C(=Cc2ccc(N(c3ccccc3)c3ccccc3)cc2)c2cc(N(c3ccccc3)c3ccccc3)ccc21,0.9951327,457.7650,0.1299834,0.1300,0.5596578,2.9021,1.0000000,1.0000,[],36
63.8734,89.4966,23.4159,0.8821294,Cn1c(-c2ccc(N(c3ccccc3)c3ccccc3)cc2)c(C=Cc2ccc(N(c3ccccc3)c3ccc(C=Cc4cc(C=Cc5scc6ccccc56)c5ccncc5c4)cc3)cc2)c(=N)c2ccc(N(c3ccccc3)c3ccccc3)cc21,1,N=c1c(C=Cc2ccc(N(c3ccccc3)c3ccc(C=Cc4cc(C=Cc5scc6ccccc56)c5ccncc5c4)cc3)cc2)c(-c2ccc(N(c3ccccc3)c3ccccc3)cc2)[nH]c2cc(N(c3ccccc3)c3ccccc3)ccc12,0.9605983,434.6757,0.0979880,0.0980,0.4160236,4.3851,1.0000000,1.0000,[],36
36.5916,55.8084,62.4219,0.9236748,Nc1c(N=Nc2ccccc2)ccc2c(Nc3ccc(N(c4ccccc4)c4ccccc4)cc3)nc(=Nc3ccccc3)ccc12,1,c1ccc(N=Nc2ccc3c(Nc4ccc(N(c5ccccc5)c5ccccc5)cc4)nc(=Nc4ccccc4)ccc3c2)cc1,0.9931557,465.9578,0.1324260,0.1324,0.5428402,3.0547,1.0000000,1.0000,[],36
61.9554,68.7308,-65.4270,0.0258112,Cc1c(N=Cc2cn(-c3cccc(O)c3)c3sc(-c4ccccc4)cc23)c(-c2ccccc2)nc2sc(NC=O)nc12,1,C(=Nc1cc2ncsc2nc1-c1ccccc1)c1cn(-c2ccccc2)c2sc(-c3ccccc3)cc12,0.0229504,359.2719,0.1452055,0.1452,0.5127038,3.3403,1.0000000,1.0000,[],36
39.3379,46.5679,74.5473,0.9462126,COc1ccc(N=Cc2cccc(N(c3ccccc3)c3ccc(=O)c(O)c4ccccc34)c2)cc1,1,O=c1ccc(N(c2ccccc2)c2cccc(C=Nc3ccccc3)c2)c2ccccc2c1,0.9942006,455.8524,0.2669941,0.2670,0.6020982,2.5367,1.0000000,1.0000,[],36
18.1216,23.2516,-20.0257,0.0252018,c1ccc(N(c2ccccc2)c2ccc(-c3nc4ccccc4o3)cc2)cc1,1,c1ccc(N(c2ccccc2)c2ccc(-c3nc4ccccc4o3)cc2)cc1,0.0216473,358.6227,0.3457707,0.3458,0.6787768,1.9373,1.0000000,1.0000,[],36
34.9241,44.9600,69.0693,0.8908546,CCN(CC)c1cccc(-c2c3ccc(=N)cc-3oc3c(OCCCN(C)C)ccc(OC)c23)c1,1,N=c1ccc2c(-c3ccccc3)c3ccccc3oc-2c1,0.9386841,490.3763,0.2305565,0.2306,0.5642875,2.8610,1.0000000,1.0000,[],36
61.6637,95.0211,18.9951,0.8907513,Nc1ccc(-c2nn(Cc3cccc(F)c3)c3cnc(N4CCCC4)c(C=Cc4ccc(N5CCCCC5)c(C=Cc5ccc(C=Cc6cccs6)s5)c4)c23)cc1,1,C(=Cc1c(N2CCCC2)ncc2c1c(-c1ccccc1)nn2Cc1ccccc1)c1ccc(N2CCCCC2)c(C=Cc2ccc(C=Cc3cccs3)s2)c1,0.9582431,434.0187,0.1322919,0.1323,0.4846496,3.6216,1.0000000,1.0000,[],36
58.3040,81.3670,32.3279,0.8882414,COc1cc(C=Cc2cc[n+](Cc3ccc(N(c4ccc(F)cc4)c4ccc(C(=Cc5ccc(N(c6ccccc6)c6ccccc6)cc5)c5ccccc5)cc4)cc3Cl)cc2)ccc1N(c1ccccc1)c1ccc([S+](c2ccccc2)c2ccccc2)cc1,1,C(=Cc1cc[n+](Cc2ccc(N(c3ccccc3)c3ccc(C(=Cc4ccc(N(c5ccccc5)c5ccccc5)cc4)c4ccccc4)cc3)cc2)cc1)c1ccc(N(c2ccccc2)c2ccc([S+](c3ccccc3)c3ccccc3)cc2)cc1,0.9930578,466.1130,0.0430902,0.0431,0.4156168,4.3900,1.0000000,1.0000,[],37
34.9883,41.7838,-41.7838,0.0000000,c12c3c4c5c(cccc5c2cccc1ccc3)c1ccc(N(CCO)C)cc14,0,,0.0000000,0.0000,0.0000000,0.0000,0.0000000,0.0000,0.0000000,0.0000,None,37
37.1853,48.8803,-46.3304,0.0199210,Nc1ccc(CCN2CC(F)(F)CC2C=Cc2ccc(N(c3ccccc3)c3ccccc3)cc2)cc1,1,C(=CC1CCCN1CCc1ccccc1)c1ccc(N(c2ccccc2)c2ccccc2)cc1,0.0171578,356.0495,0.2542364,0.2542,0.5257027,3.2151,1.0000000,1.0000,[],37
45.8278,75.9364,-75.8167,0.0009349,CCCCCC[n+]1ccc(C=c2ccc(=Cc3sc(-c4ccc(N(c5ccccc5)c5ccccc5)cc4)cc3C=Cc3cc[n+](CCCN(C)CCO)cc3)c(=O)[nH]2)c2ccccc21,1,O=c1[nH]c(=Cc2cc[nH+]c3ccccc23)ccc1=Cc1sc(-c2ccc(N(c3ccccc3)c3ccccc3)cc2)cc1C=Cc1cc[nH+]cc1,0.0007194,598.5684,0.0627610,0.0628,0.4336379,4.1777,1.0000000,1.0000,[],37
50.9902,71.0183,43.7555,0.8966702,COc1ccc(Nc2c(N)c(N=Nc3ccc4oc5cc(N(c6ccccc6)c6ccccc6)ccc5c4c3)c(N)c(N(c3ccccc3)c3ccccn3)c2N)cc1,1,c1ccc(Nc2cc(N=Nc3ccc4oc5cc(N(c6ccccc6)c6ccccc6)ccc5c4c3)cc(N(c3ccccc3)c3ccccn3)c2)cc1,0.9823501,443.6381,0.0741535,0.0742,0.4940740,3.5253,1.0000000,1.0000,[],37
58.8556,65.8801,52.5491,0.9252285,Nc1c(-c2cccnc2)cc(-c2ccccc2O)cc1N1c2ccccc2N2CC(=Cc3nc4cccnc4o3)C=CC21,1,C1=CC2N(CC1=Cc1nc3cccnc3o1)c1ccccc1N2c1cc(-c2ccccc2)cc(-c2cccnc2)c1,0.9832321,444.2044,0.2178640,0.2179,0.4508277,3.9833,1.0000000,1.0000,[],37
62.7249,100.5437,-100.5437,0.0000000,N#CC1=CC(c2ccccc2)=CC=C(c2cc3c4cc(-c5ccc6cc(-c7cccs7)sc6c5)ccc4n(-c4ccc(N(c5ccccc5)c5ccccc5)cc4)c3s2)C=C[SH]1(=O)c1ccc(N=Nc2sc(N(c3ccccc3)c3ccccc3)cc2-c2ccccc2)cc1,1,O=[SH]1(c2ccc(N=Nc3sc(N(c4ccccc4)c4ccccc4)cc3-c3ccccc3)cc2)C=CC(c2ccccc2)=CC=C(c2cc3c4cc(-c5ccc6cc(-c7cccs7)sc6c5)ccc4n(-c4ccc(N(c5ccccc5)c5ccccc5)cc4)c3s2)C=C1,0.0000000,0.0000,0.0000000,0.0000,0.0000000,0.0000,0.0000000,0.0000,['[*;r{8-17}]'],37
25.9340,22.9771,-22.9749,0.0000166,CCNC(Cc1ccccc1)Cc1ccccc1,1,c1ccc(CCCc2ccccc2)cc1,0.0000094,274.3763,0.8138482,0.8138,0.7284032,1.5845,1.0000000,1.0000,[],37
43.8784,51.4748,62.8499,0.8931617,CCCCCCCCCCCCCCCN(CCO)Cc1ccc(N=Nc2cccc(Nc3ccc(C=Cc4cc[n+](C)cc4)cc3)c2)cc1,1,C(=Cc1ccc(Nc2cccc(N=Nc3ccccc3)c2)cc1)c1cc[nH+]cc1,0.9928987,466.3608,0.0441571,0.0442,0.5321312,3.1543,1.0000000,1.0000,[],37
36.1949,45.3341,-15.1545,0.2357782,CCc1cc(N(c2ccccc2)c2ccccc2)ccc1-c1ccc2c(c1)cc1c3cc(N(c4ccccc4)c4ccccc4)ccc3ccn21,1,c1ccc(N(c2ccccc2)c2ccc(-c3ccc4c(c3)cc3c5cc(N(c6ccccc6)c6ccccc6)ccc5ccn43)cc2)cc1,0.2343194,387.1440,0.1613078,0.1613,0.5595200,2.9034,1.0000000,1.0000,[],37
37.5410,58.8116,53.0121,0.8736226,O=C(c1ccc(N(c2ccccc2)c2ccccc2)cc1)c1ccc(N(c2ccc(N(c3ccc(F)cc3)c3ccc(-c4ccc(N(c5ccccc5)c5ccccc5)s4)cc3)cc2)c2ccc(C=Cc3ccc(N(c4ccccc4)c4ccccc4)cc3)s2)cc1,1,O=C(c1ccc(N(c2ccccc2)c2ccccc2)cc1)c1ccc(N(c2ccc(N(c3ccccc3)c3ccc(-c4ccc(N(c5ccccc5)c5ccccc5)s4)cc3)cc2)c2ccc(C=Cc3ccc(N(c4ccccc4)c4ccccc4)cc3)s2)cc1,0.9590394,434.2368,0.0707548,0.0708,0.4511566,3.9797,1.0000000,1.0000,[],37
26.3267,28.3049,-24.6110,0.0288581,CC1(C)c2ccccc2-c2ccc(N(c3ccccc3)c3cccc4sc5ccccc5c34)cc21,1,c1ccc(N(c2ccc3c(c2)Cc2ccccc2-3)c2cccc3sc4ccccc4c23)cc1,0.0252818,360.3482,0.2502342,0.2502,0.6059774,2.5046,1.0000000,1.0000,[],37
48.4676,73.4740,-73.4740,0.0000000,c1cc(ccc1C)C=Nn1c(c(c2c(cc(cc2)N(c2cc(C=Cc3ccccc3)ccc2)c2ccccc2)c1O)C=Cc1ccc(N(c2ccccc2)c2ccccc2)cc1)C,0,,0.0000000,0.0000,0.0000000,0.0000,0.0000000,0.0000,0.0000000,0.0000,None,37
63.6832,87.8434,-6.7490,0.6335500,N#Cc1c(N)c(N=N)cc2cc(N=Nc3cc(N=Nc4ccc(Nc5ccccc5)c(N)c4N)c(N)c(C=Nc4ccccc4)c3N)c(N)c(N=Nc3cc(F)ccc3N)c12,1,C(=Nc1ccccc1)c1cc(N=Nc2ccc(Nc3ccccc3)cc2)cc(N=Nc2cc(N=Nc3ccccc3)c3ccccc3c2)c1,0.7011093,510.7432,0.0339868,0.0340,0.4142444,4.4065,1.0000000,1.0000,[],37
48.2258,56.8450,18.2537,0.5867084,CCC1(c2ccccc2)N=C(c2ccccc2)c2sc(NC(=O)c3cccc4ccccc34)c(-c3ccc(OC)cc3)c2S1,1,O=C(Nc1sc2c(c1-c1ccccc1)SC(c1ccccc1)N=C2c1ccccc1)c1cccc2ccccc12,0.6093886,404.8287,0.1957035,0.1957,0.5026185,3.4396,1.0000000,1.0000,[],37
47.5979,68.6120,-68.6120,0.0000000,CCOc1ccc(N=Cc2cc(N(c3ccccc3)c3ccccc3)ccc2C=Nc2cc3sc(Nc4ccccc4)c(C(=O)O)c3c3ccccc23)cc1,1,C(=Nc1ccccc1)c1cc(N(c2ccccc2)c2ccccc2)ccc1C=Nc1cc2sc(Nc3ccccc3)cc2c2ccccc12,0.0000000,0.0000,0.0000000,0.0000,0.0000000,0.0000,0.0000000,0.0000,"['C(=[O,S])[O,S]']",37
33.3190,43.4758,78.3332,0.9516323,C(=Cc1c(Nc2ccccc2)[n+]2c(c3ccccc13)-c1ccccc1C2)c1ccncc1,1,C(=Cc1c(Nc2ccccc2)[n+]2c(c3ccccc13)-c1ccccc1C2)c1ccncc1,0.9941698,455.7945,0.3364592,0.3365,0.5671313,2.8358,1.0000000,1.0000,[],37
57.8472,67.7355,-61.3115,0.0501879,Cc1c(-c2ccccc2)nc2c3cc(S(=O)(=O)c4cccc(-c5ccc(N6c7cccnc7N(c7ccccc7)c7ncccc76)nc5)c4)ccc3nc(-c3ccccc3)n12,1,O=S(=O)(c1cccc(-c2ccc(N3c4cccnc4N(c4ccccc4)c4ncccc43)nc2)c1)c1ccc2nc(-c3ccccc3)n3cc(-c4ccccc4)nc3c2c1,0.0461406,367.1150,0.1553281,0.1553,0.5002061,3.4637,1.0000000,1.0000,[],37
40.5273,45.4747,43.9142,0.6983509,CC(C)(C)c1cc(-n2c(-c3ccccc3)c(-c3ccccc3)c3nc4ccccc4nc32)cc(-c2nc3ccccc3nc2-c2ccccc2)c1O,1,c1ccc(-c2nc3ccccc3nc2-c2cccc(-n3c(-c4ccccc4)c(-c4ccccc4)c4nc5ccccc5nc43)c2)cc1,0.7305183,410.8275,0.1967274,0.1967,0.5500605,2.9886,1.0000000,1.0000,[],37
60.5556,78.2949,28.1124,0.8313070,CCCCC1(CCCC)c2ccccc2-c2ccc(-c3nc4ccccc4c(-c4ccc(N(c5ccccc5)c5ccc(-c6ccc(-c7cc(N=Cc8ccc(N(c9ccccc9)c9ccccc9)cc8)c(-c8ccc(N(c9ccccc9)c9ccccc9)cc8)s7)cc6)cc5)cc4)c3O)cc21,1,C(=Nc1cc(-c2ccc(-c3ccc(N(c4ccccc4)c4ccc(-c5cc(-c6ccc7c(c6)Cc6ccccc6-7)nc6ccccc56)cc4)cc3)cc2)sc1-c1ccc(N(c2ccccc2)c2ccccc2)cc1)c1ccc(N(c2ccccc2)c2ccccc2)cc1,0.9137701,425.6295,0.0685532,0.0686,0.3928928,4.6711,1.0000000,1.0000,[],37
44.9951,50.3609,4.7975,0.4309250,Clc1cccc(N(c2ccccc2)c2ccc(N3c4ccccc4N(c4ccccc4)c4cc5sc6cc(-c7ccc8ccccc8c7)ccc6c5cc43)cc2)c1,1,c1ccc(N(c2ccccc2)c2ccc(N3c4ccccc4N(c4ccccc4)c4cc5sc6cc(-c7ccc8ccccc8c7)ccc6c5cc43)cc2)cc1,0.4419070,397.4656,0.1668116,0.1668,0.5414146,3.0678,1.0000000,1.0000,[],37
37.5100,62.3796,51.4742,0.8894826,CCCC[n+]1ccc(C=Cc2ccc3c(c2)nc(N(c2ccc(C=Cc4ccc(N(c5ccccc5)c5ccccc5)cc4)cc2)c2ccc(C=Cc4cc[n+](CCC#N)cc4)cc2)c2ccccc23)cc1,1,C(=Cc1ccc(N(c2ccc(C=Cc3ccc(N(c4ccccc4)c4ccccc4)cc3)cc2)c2nc3cc(C=Cc4cc[nH+]cc4)ccc3c3ccccc23)cc1)c1cc[nH+]cc1,0.9866206,473.3072,0.0518538,0.0519,0.4598008,3.8848,1.0000000,1.0000,[],37
29.0182,36.3875,-36.3875,0.0000000,c1cccc2c(C#Cc3ccc(cc3)-c3ccc(N(c4ccccc4)c4ccccc4)cc3)c3c(cccc3)c(=O)c21,0,,0.0000000,0.0000,0.0000000,0.0000,0.0000000,0.0000,0.0000000,0.0000,None,37
28.4484,32.0791,83.0046,0.8990918,Clc1ccc(C=NCCOc2ccc(N=Nc3ccccc3)cc2)c(Cl)c1,1,C(=NCCOc1ccc(N=Nc2ccccc2)cc1)c1ccccc1,0.9447001,430.8142,0.2423839,0.2424,0.6123263,2.4525,1.0000000,1.0000,[],37
37.3248,53.7904,-14.5973,0.3061965,CN(c1ccccc1)c1ccc(C(=O)Nc2nc(-c3ccc(NC(=O)c4ccc(C=Cc5ccc(N(c6ccccc6)c6ccccc6)cc5)cc4)cc3)cs2)cc1,1,O=C(Nc1ccc(-c2csc(NC(=O)c3ccc(Nc4ccccc4)cc3)n2)cc1)c1ccc(C=Cc2ccc(N(c3ccccc3)c3ccccc3)cc2)cc1,0.3112891,391.3782,0.1209198,0.1209,0.5636131,2.8669,1.0000000,1.0000,[],37
27.5436,27.4235,-26.9801,0.0034642,O=C(Nc1ccc(Br)cc1)c1sc(Cl)c(Cl)c1Cl,1,O=C(Nc1ccccc1)c1cccs1,0.0026239,335.5020,0.7034034,0.7034,0.6448861,2.1934,1.0000000,1.0000,[],37
23.1258,32.3321,86.6088,0.9292260,CCCCCCCCCC[n+]1ccc(C=CC=Cc2ccc(-c3ccccc3)cc2)cc1,1,C(C=Cc1ccc(-c2ccccc2)cc1)=Cc1cc[nH+]cc1,0.9937247,454.9908,0.1470170,0.1470,0.6093638,2.4767,1.0000000,1.0000,[],37
25.6853,40.6229,76.6454,0.9161583,CN(CCO)c1ccc(N=Nc2ccc(C=Cc3ccc(-c4ccc(N=Nc5ccc(N(c6ccccc6)c6ccccc6)cc5)cc4)cc3)cc2)cc1,1,C(=Cc1ccc(-c2ccc(N=Nc3ccc(N(c4ccccc4)c4ccccc4)cc3)cc2)cc1)c1ccc(N=Nc2ccccc2)cc1,0.9941931,455.8382,0.0958657,0.0959,0.5574056,2.9223,1.0000000,1.0000,[],37
49.5652,61.1471,-39.8949,0.1660324,CCn1c2ccccc2c2cc(N(C=C(C)Nc3ccc4c(c3)N(c3ccccc3)CCO4)CCO)ccc21,1,C(=CNc1ccc2[nH]c3ccccc3c2c1)Nc1ccc2c(c1)N(c1ccccc1)CCO2,0.1602107,382.0130,0.2291284,0.2291,0.5580506,2.9165,1.0000000,1.0000,[],37
78.4062,107.1351,-107.1351,0.0000000,c12c(c(ccc1c(-c1ccc(cc1)OC)cn2CC)C=Cc1c(F)c(Cl)c(c2ccccn21)N=Nc1c(N)c(c(C=Cc2sc(N(c3ccccc3)c3ccccc3)cc2)s1)SC)C#N,0,,0.0000000,0.0000,0.0000000,0.0000,0.0000000,0.0000,0.0000000,0.0000,None,37
38.8119,51.7828,-23.6779,0.2195700,Nc1ccc2c(c1)C1(C(=O)N(c3ccc(C=Cc4ccc(N(c5ccccc5)c5ccccc5)cc4)cc3)c3ccccc31)c1cc(O)c(O)cc1O2,1,O=C1N(c2ccc(C=Cc3ccc(N(c4ccccc4)c4ccccc4)cc3)cc2)c2ccccc2C12c1ccccc1Oc1ccccc12,0.2223950,386.4091,0.0912031,0.0912,0.4468836,4.0273,1.0000000,1.0000,[],37
52.1092,72.4564,-72.4564,0.0000000,O=C(Nc1ccc(N(c2ccccc2)c2ccc(C=CC3=C(C=Cc4ccc(N(c5ccccc5)c5ccccc5)cc4)CC=CC3)cc2)ccc(-c2ccccc2)ccc2ccc(c1)s2)c1ccc(C=Cc2ccc(N(c3ccccc3)c3ccccc3)cc2)cc1,1,O=C(Nc1ccc(N(c2ccccc2)c2ccc(C=CC3=C(C=Cc4ccc(N(c5ccccc5)c5ccccc5)cc4)CC=CC3)cc2)ccc(-c2ccccc2)ccc2ccc(c1)s2)c1ccc(C=Cc2ccc(N(c3ccccc3)c3ccccc3)cc2)cc1,0.0000000,0.0000,0.0000000,0.0000,0.0000000,0.0000,0.0000000,0.0000,['[*;r{8-17}]'],37
66.6561,95.2992,18.4911,0.8889868,Cc1c(-c2ccc(C=CC(C=Cc3ccc(N(c4ccccc4)c4ccc(-c5ccccc5)cc4)cc3)=C(C#N)C#N)s2)c2cc3c(cc2c2ccccc12)C(=O)C(c1ccc(N(c2ccccc2)c2ccc(C=Cc4ccc(C=Cc5ccccc5)s4)cc2)cc1)=C3c1ccccc1,1,C=C(C=Cc1ccc(N(c2ccccc2)c2ccc(-c3ccccc3)cc2)cc1)C=Cc1ccc(-c2cc3ccccc3c3cc4c(cc23)C(c2ccccc2)=C(c2ccc(N(c3ccccc3)c3ccc(C=Cc5ccc(C=Cc6ccccc6)s5)cc3)cc2)C4=O)s1,0.9916052,468.1918,0.0486298,0.0486,0.3875439,4.7396,1.0000000,1.0000,[],37
73.7630,101.8099,-101.8099,0.0000000,[C-]#[N+]c1ccc(N(N=Cc2cc(N=Cc3ccccc3N=Cc3ccc(-c4ccc(C=Cc5ccc(N(c6ccccc6)c6cccnc6)cc5)s4)s3)ccc2C=Nc2ccc(O)c(C=Cc3ccc(N(c4ccccc4)c4ccccc4)cc3)c2)c2ccccc2)cc1,1,C(=Cc1cccc(N=Cc2ccc(N=Cc3ccccc3N=Cc3ccc(-c4ccc(C=Cc5ccc(N(c6ccccc6)c6cccnc6)cc5)s4)s3)cc2C=NN(c2ccccc2)c2ccccc2)c1)c1ccc(N(c2ccccc2)c2ccccc2)cc1,0.0000000,0.0000,0.0000000,0.0000,0.0000000,0.0000,0.0000000,0.0000,['[#7;!n][#7;!n]'],37
45.2325,53.0914,-26.6939,0.2062300,CCCCCCCCN(CCCCCCCC)c1ccc(CN2C(=O)c3cc(C=O)ccc3N(CCCC)c3cc(N4CCCCC4)ccc32)cc1,1,O=C1c2ccccc2Nc2cc(N3CCCCC3)ccc2N1Cc1ccccc1,0.2084621,385.5139,0.0768712,0.0769,0.5434570,3.0490,1.0000000,1.0000,[],37
49.6641,65.3484,-38.7907,0.2074822,Nc1cccc(-c2c(-c3ccc(N)cc3Cl)[nH]c3ccc(NC(=O)c4ccc(N(c5ccccc5)c5ccccc5)cn4)cc3c2=O)c1,1,O=C(Nc1ccc2[nH]c(-c3ccccc3)c(-c3ccccc3)c(=O)c2c1)c1ccc(N(c2ccccc2)c2ccccc2)cn1,0.2063376,385.3736,0.1278204,0.1278,0.5580428,2.9166,1.0000000,1.0000,[],37
38.8471,57.0355,-6.7398,0.3929354,C=CCCC[n+]1ccc(C2(C)c3ccccc3N(C)c3ccc(N(CCCC)c4ccc(N(c5ccccc5)c5ccccc5)cc4)cc32)cc1,1,c1ccc(N(c2ccccc2)c2ccc(Nc3ccc4c(c3)C(c3cc[nH+]cc3)c3ccccc3N4)cc2)cc1,0.4135678,396.2082,0.0690355,0.0690,0.4693340,3.7822,1.0000000,1.0000,[],37
71.0112,95.9282,-91.1394,0.0374127,NCCCCCCNC(=O)c1c(N(c2ccccc2)c2ccccc2)ccc2sc3sc(NC=O)c(N(c4ccccc4)c4ccc5c(-c6ccc7ccoc7c6)cc(-c6ccccc6)[o+]c5c4)c3c12,1,c1ccc(-c2cc(-c3ccc4ccoc4c3)c3ccc(N(c4ccccc4)c4csc5sc6ccc(N(c7ccccc7)c7ccccc7)cc6c45)cc3[o+]2)cc1,0.0352724,555.9243,0.0472929,0.0473,0.4321417,4.1950,1.0000000,1.0000,[],37
40.8784,55.8749,-55.0378,0.0065395,Cc1ccc(N(c2ccccc2)c2ccc(N(c3ccccc3)c3ccc(Cl)cc3)cc2)cc1NCc1cc(F)ccc1O,1,c1ccc(CNc2cccc(N(c3ccccc3)c3ccc(N(c4ccccc4)c4ccccc4)cc3)c2)cc1,0.0053622,343.2919,0.1733011,0.1733,0.5962774,2.5852,1.0000000,1.0000,[],37
25.0087,34.1208,-26.8846,0.0565326,c1ccc(N(c2ccccc2)c2ccc(-c3ccc(N(c4ccc(-c5ccc(N(c6ccccc6)c6ccccc6)cc5)cc4)c4ccc(-c5ccc(N(c6ccccc6)c6ccc7ccccc7c6)cc5)cc4)cc3)cc2)cc1,1,c1ccc(N(c2ccccc2)c2ccc(-c3ccc(N(c4ccc(-c5ccc(N(c6ccccc6)c6ccccc6)cc5)cc4)c4ccc(-c5ccc(N(c6ccccc6)c6ccc7ccccc7c6)cc5)cc4)cc3)cc2)cc1,0.0528698,368.6700,0.1014337,0.1014,0.5666412,2.8401,1.0000000,1.0000,[],37
55.1614,88.1904,22.6687,0.8660868,CCCCC(=O)Nc1ccc(C(=Cc2ccc(-c3ccc(C=Cc4cc5cc(-c6cc[n+](Cc7cccc(N(c8ccccc8)c8ccccc8)c7)cc6)[nH]c5s4)s3)s2)c2ccc(N(c3ccccc3)c3ccccc3)cc2)cc1,1,C(=Cc1cc2cc(-c3cc[n+](Cc4cccc(N(c5ccccc5)c5ccccc5)c4)cc3)[nH]c2s1)c1ccc(-c2ccc(C=C(c3ccccc3)c3ccc(N(c4ccccc4)c4ccccc4)cc3)s2)s1,0.9480538,488.4680,0.0793619,0.0794,0.4256832,4.2703,1.0000000,1.0000,[],37
26.0263,32.3656,-27.3122,0.0394792,C(=C(c1ccccc1)c1ccccc1)c1ccc(Nc2ccc3c(c2)sc2ccccc23)cc1,1,C(=C(c1ccccc1)c1ccccc1)c1ccc(Nc2ccc3c(c2)sc2ccccc23)cc1,0.0350894,364.0172,0.2563507,0.2564,0.6446961,2.1949,1.0000000,1.0000,[],37
71.5959,92.3302,-92.3302,0.0000000,CCOc1cc2c(N(CC)CC)c(C=Nc3cc4c(N(c5ccccc5)c5ccccc5)c(-c5nc6ccccc6s5)c3Sc3ccc(N(c5ccccc5)c5ccccc5)cc3C4=O)c(N)c(C)c2s1,1,O=C1c2cc(N(c3ccccc3)c3ccccc3)ccc2Sc2c(N=Cc3ccc4sccc4c3)cc1c(N(c1ccccc1)c1ccccc1)c2-c1nc2ccccc2s1,0.0000000,0.0000,0.0000000,0.0000,0.0000000,0.0000,0.0000000,0.0000,['[*;r{8-17}]'],37
36.9198,52.5371,56.5374,0.8521444,CCCCNc1cccc2sc(C=Cc3cc(N)c(SCC)s3)cc12,1,C(=Cc1cc2ccccc2s1)c1cccs1,0.8874123,422.4159,0.3208935,0.3209,0.5372287,3.1067,1.0000000,1.0000,[],37
39.6077,55.0036,63.6483,0.9269681,CCN(CC)c1cc2sc(=O)n(CC)c(=S)c2cc1-c1cc2c(s1)-c1ccccc1C2=O,1,O=C1c2ccccc2-c2sc(-c3ccc4sc(=O)[nH]c(=S)c4c3)cc21,0.9754260,439.9680,0.2670111,0.2670,0.5329852,3.1463,1.0000000,1.0000,[],37
32.7322,56.6019,60.5438,0.9152011,N#Cc1c(C=Cc2ccc(N(c3ccccc3)c3ccccc3)cc2)c(-c2cccs2)nc2c1cnn2-c1ccc(C=Cc2ccc(N(c3ccccc3)c3ccccc3)cc2)cc1,1,C(=Cc1ccc(-n2ncc3cc(C=Cc4ccc(N(c5ccccc5)c5ccccc5)cc4)c(-c4cccs4)nc32)cc1)c1ccc(N(c2ccccc2)c2ccccc2)cc1,0.9895113,449.3674,0.1147010,0.1147,0.5058149,3.4079,1.0000000,1.0000,[],37
66.8874,87.3291,-52.8444,0.2694122,CN(CCO)c1ccc(N=Nc2c(Cl)cc(N=Nc3c(Cl)c(-c4cc(C#N)ccc4N)cc(O)c3CC#N)c(NCCSO)c2C#N)cc1,1,c1ccc(N=Nc2ccc(N=Nc3cccc(-c4ccccc4)c3)cc2)cc1,0.2835637,530.0632,0.0383271,0.0383,0.4412600,4.0906,1.0000000,1.0000,[],37
42.9744,52.9279,69.3038,0.9549349,CC(=O)NC1CCN(c2ncc(C=Cc3sccc3C=C3C(=O)Nc4ccc(F)cc43)s2)CC1,1,O=C1Nc2ccccc2C1=Cc1ccsc1C=Cc1cnc(N2CCCCC2)s1,0.9876645,472.4137,0.4835483,0.4835,0.5346650,3.1306,1.0000000,1.0000,[],37
50.7587,67.0457,19.9054,0.6793050,O=c1oc2ccc3c(c4ccccc4n3CCCN(c3ccc(-c4cccnc4)cc3)c3ccc(N(c4ccccc4)c4ccccc4)cc3)c2c2c1oc1cc(N(c3ccccc3)c3ccccc3)ccc12,1,O=c1oc2ccc3c(c4ccccc4n3CCCN(c3ccc(-c4cccnc4)cc3)c3ccc(N(c4ccccc4)c4ccccc4)cc3)c2c2c1oc1cc(N(c3ccccc3)c3ccccc3)ccc12,0.7257919,410.5683,0.1066481,0.1066,0.4706885,3.7678,1.0000000,1.0000,[],37
35.9093,50.9978,-42.5388,0.0660861,O=c1oc(C=Cc2ccc(-c3ccc4nn(-c5ccc(N(c6ccccc6)c6ccccc6)cc5)nc4c3)cc2)cs1,1,O=c1oc(C=Cc2ccc(-c3ccc4nn(-c5ccc(N(c6ccccc6)c6ccccc6)cc5)nc4c3)cc2)cs1,0.0610739,370.3306,0.1936710,0.1937,0.5581999,2.9152,1.0000000,1.0000,[],37
36.3498,62.8392,54.4738,0.9165082,O=c1cc(C=Cc2cccs2)oc2cc3c(-c4ccc(N(c5ccccc5)c5ccccc5)cc4)c4cc(N(c5ccccc5)c5ccccc5)ccc4nc3cc12,1,O=c1cc(C=Cc2cccs2)oc2cc3c(-c4ccc(N(c5ccccc5)c5ccccc5)cc4)c4cc(N(c5ccccc5)c5ccccc5)ccc4nc3cc12,0.9849107,474.6318,0.1369898,0.1370,0.5193178,3.2762,1.0000000,1.0000,[],37
42.3774,58.8645,52.1151,0.8670282,N#CC(=Cc1ccc(-c2ccc3c(ccc4sc(N5c6ccccc6C=Cc6ccccc65)cc43)c2)s1)c1ccc2c(c1)OCCO2,1,C(=Cc1ccc(-c2ccc3c(ccc4sc(N5c6ccccc6C=Cc6ccccc65)cc43)c2)s1)c1ccc2c(c1)OCCO2,0.9214263,426.7296,0.1792402,0.1792,0.5124253,3.3430,1.0000000,1.0000,[],37
38.8183,54.3511,21.4926,0.5925294,Clc1ccccc1-c1ccc(C=Cc2nc3cc(OCC=Cc4ccc(N(c5ccccc5)c5ccccc5)cc4)ccc3o2)o1,1,C(=Cc1ccc(N(c2ccccc2)c2ccccc2)cc1)COc1ccc2oc(C=Cc3ccc(-c4ccccc4)o3)nc2c1,0.6191748,405.2772,0.1521734,0.1522,0.5634527,2.8684,1.0000000,1.0000,[],37
48.1525,61.3578,-61.3578,0.0000000,c1ccc(-c2cc(-c3ccccc3)nc(-c3ccc(-c4cccc(-c5ccc(-c6ccccc6)c6ccc(s6)c6ccc(N(c7ccccc7)c7ccccc7)c7ccc(cc5)cc76)c4)c4ccccc34)n2)cc1,1,c1ccc(-c2cc(-c3ccccc3)nc(-c3ccc(-c4cccc(-c5ccc(-c6ccccc6)c6ccc(s6)c6ccc(N(c7ccccc7)c7ccccc7)c7ccc(cc5)cc76)c4)c4ccccc34)n2)cc1,0.0000000,0.0000,0.0000000,0.0000,0.0000000,0.0000,0.0000000,0.0000,['[*;r{8-17}]'],37
27.0963,49.0848,67.1356,0.9079724,Oc1ccc(C=Nc2ccc(C=Cc3ccc(N(c4ccccc4)c4ccc(C=Cc5ccc(C=C(c6ccccc6)c6ccc(N(c7ccccc7)c7ccccc7)cc6)s5)cc4)cc3)cc2)cc1Cl,1,C(=Cc1ccc(N(c2ccccc2)c2ccc(C=Cc3ccc(C=C(c4ccccc4)c4ccc(N(c5ccccc5)c5ccccc5)cc4)s3)cc2)cc1)c1ccc(N=Cc2ccccc2)cc1,0.9921921,452.6015,0.0821992,0.0822,0.4932095,3.5341,1.0000000,1.0000,[],37
35.6923,56.7632,46.2003,0.8044021,C=CCCCN(c1ccc(C=Cc2ccc(N(c3ccccc3)c3ccccc3)cc2)cc1)c1ccc(N=CC=C[n+]2ccc(C=Cc3ccc(N(c4ccccc4)c4ccccc4)cc3)cc2)cc1,1,C(=C[n+]1ccc(C=Cc2ccc(N(c3ccccc3)c3ccccc3)cc2)cc1)C=Nc1ccc(Nc2ccc(C=Cc3ccc(N(c4ccccc4)c4ccccc4)cc3)cc2)cc1,0.9057709,495.4292,0.0265812,0.0266,0.4768959,3.7023,1.0000000,1.0000,[],37
54.2200,62.9021,-62.9021,0.0000000,C1CCN(Cc2ccsc2)c2n1c(c(c2Oc1ccccc1)C#N)=NC1c2c(Sc3ccccc3N1)cccc2,0,,0.0000000,0.0000,0.0000000,0.0000,0.0000000,0.0000,0.0000000,0.0000,None,37
84.0399,104.0773,-30.6954,0.5732958,C[n+]1cc(-c2cc[n+](CCCCC[n+]3sc4cc(=[N+](CCCN)CCC[n+]5cccc(-c6ccc(N=c7[nH]c8ccccc8[nH]7)cc6)c5)ccc-4c4cc(N(CCCN)CCCN)ccc43)cc2)cc2ccc(O)cc21,1,c1ccc2[nH+]cc(-c3cc[n+](CCCCC[n+]4sc5cc(=[NH+]CCC[n+]6cccc(-c7ccc(N=c8[nH]c9ccccc9[nH]8)cc7)c6)ccc-5c5ccccc54)cc3)cc2c1,0.6412970,513.6919,0.0221705,0.0222,0.3672502,5.0086,1.0000000,1.0000,[],37
32.3358,37.0605,75.8166,0.8818520,CCCCCCCCCCCCCC[N+](C)(C)c1ccc(N=Nc2ccc(-c3cc[n+](CCCCCCCCCCCC)cc3)cc2)cc1,1,c1ccc(N=Nc2ccc(-c3cc[nH+]cc3)cc2)cc1,0.9895566,470.5851,0.0318820,0.0319,0.5383153,3.0966,1.0000000,1.0000,[],37
41.6999,57.7615,50.3503,0.8446235,COc1ccc(N(c2ccc(-c3ccc(-c4ccc5c(ccc6cc(C=Cc7ccc(N(c8ccccc8)c8ccccc8)cc7)sc65)c4)s3)cc2)c2ccc(C=Cc3ccc(N(c4ccccc4)c4ccccc4)cc3)nc2)cc1,1,C(=Cc1ccc(N(c2ccccc2)c2ccc(-c3ccc(-c4ccc5c(ccc6cc(C=Cc7ccc(N(c8ccccc8)c8ccccc8)cc7)sc65)c4)s3)cc2)cn1)c1ccc(N(c2ccccc2)c2ccccc2)cc1,0.9163061,425.9837,0.0962630,0.0963,0.4581842,3.9024,1.0000000,1.0000,[],37
58.4429,74.8535,-74.8535,0.0000000,N1(c2ccc(cc2)N=Nc2cc(c(N=Nc3cc4Sc5ccccc5N5c4ccc5)cc3C3=CC(N(C)C3=O)=Nc3ccc(N4CCCC4)cc3)cc2)CCSCC1,0,,0.0000000,0.0000,0.0000000,0.0000,0.0000000,0.0000,0.0000000,0.0000,None,37
70.7375,100.6656,16.5740,0.9159345,CNc1cccn2c(C(=Cc3cccc[n+]3CCN(CCc3cccc[n+]3C)c3ccccc3)c3ccccc3Cl)nc(-c3ccc(C=Cc4ccccn4)s3)c12,1,C(=Cc1ccc(-c2nc(C(=Cc3cccc[n+]3CCN(CCc3cccc[nH+]3)c3ccccc3)c3ccccc3)n3ccccc23)s1)c1ccccn1,0.9938194,455.1568,0.1116830,0.1117,0.4457962,4.0395,1.0000000,1.0000,[],37
20.2346,31.9102,-28.8961,0.0235476,c1ccc(N(c2ccccc2)c2ccc(-c3cccc4sc5sc(N(c6ccccc6)c6ccccc6)cc5c34)cc2)cc1,1,c1ccc(N(c2ccccc2)c2ccc(-c3cccc4sc5sc(N(c6ccccc6)c6ccccc6)cc5c34)cc2)cc1,0.0206459,358.0974,0.1795138,0.1795,0.5775124,2.7451,1.0000000,1.0000,[],37
40.4090,55.2912,-49.2209,0.0474236,O=C1CN(C(c2ccccc2)c2ccc(N(c3ccc(-c4cccs4)cc3)c3ccc(N(c4ccccc4)c4cccnc4)cc3)cc2)c2ccccc2N1c1ccccc1,1,O=C1CN(C(c2ccccc2)c2ccc(N(c3ccc(-c4cccs4)cc3)c3ccc(N(c4ccccc4)c4cccnc4)cc3)cc2)c2ccccc2N1c1ccccc1,0.0437540,366.5112,0.1302115,0.1302,0.4780051,3.6907,1.0000000,1.0000,[],37
34.8368,43.0232,23.7446,0.5216237,C(=Cc1ccc(N(c2ccccc2)c2ccccc2)c(-c2ccccc2)c1-c1ccc(B(c2ccccc2)c2ccccc2)cc1)c1ccc(N(c2ccccc2)c2ccccc2)cc1,1,C(=Cc1ccc(N(c2ccccc2)c2ccccc2)c(-c2ccccc2)c1-c1ccc(B(c2ccccc2)c2ccccc2)cc1)c1ccc(N(c2ccccc2)c2ccccc2)cc1,0.5522526,402.2776,0.0843586,0.0844,0.5334940,3.1415,1.0000000,1.0000,[],38
27.7477,42.8654,71.5835,0.8941316,C(=Cc1ccc(C(=Cc2ccc(N(c3ccccc3)c3ccccc3)cc2)c2cccs2)cc1)c1ccc(N=Nc2ccc(N(c3ccccc3)c3ccccc3)cc2)cc1,1,C(=Cc1ccc(C(=Cc2ccc(N(c3ccccc3)c3ccccc3)cc2)c2cccs2)cc1)c1ccc(N=Nc2ccc(N(c3ccccc3)c3ccccc3)cc2)cc1,0.9728704,438.8653,0.0858747,0.0859,0.5453330,3.0318,1.0000000,1.0000,[],38
32.0004,44.7562,-20.6115,0.1886305,C(=Cc1ccc(N(c2ccccc2)c2ccccc2)cc1)c1ccc(-c2ccc3c(c2)c2cc(N(c4ccccc4)c4ccc(N(c5ccccc5)c5ccccc5)cc4)ccc2n3-c2ccc(-c3ccccc3)cc2)cc1,1,C(=Cc1ccc(N(c2ccccc2)c2ccccc2)cc1)c1ccc(-c2ccc3c(c2)c2cc(N(c4ccccc4)c4ccc(N(c5ccccc5)c5ccccc5)cc4)ccc2n3-c2ccc(-c3ccccc3)cc2)cc1,0.1882572,384.1333,0.1009228,0.1009,0.5295584,3.1786,1.0000000,1.0000,[],38
71.5684,101.9074,-2.9325,0.7732409,OCCn1nc(-c2cccc(-c3cc(N4CCOCC4)c4ncccc4c3)c2)cc1N=C1CCN(Cc2cccc(C=Cc3ccc(N(c4ccccc4)c4ccccc4)cc3)c2)c2ccsc21,1,C(=Cc1cccc(CN2CCC(=Nc3cc(-c4cccc(-c5cc(N6CCOCC6)c6ncccc6c5)c4)n[nH]3)c3sccc32)c1)c1ccc(N(c2ccccc2)c2ccccc2)cc1,0.8302156,417.2323,0.1154025,0.1154,0.4579834,3.9046,1.0000000,1.0000,[],38
51.8968,72.3601,3.9162,0.5959090,COc1ccc(N(c2ccc(OC)cc2)c2ccc(-c3ccc(-c4ccc(-c5nnc(SCCCCCCCC=Cc6cnc(C)[nH]c6=O)o5)cc4)s3)cc2)cc1,1,O=c1[nH]cncc1C=CCCCCCCCSc1nnc(-c2ccc(-c3ccc(-c4ccc(N(c5ccccc5)c5ccccc5)cc4)s3)cc2)o1,0.6404904,406.2701,0.0670811,0.0671,0.5125660,3.3416,1.0000000,1.0000,[],38
50.9542,80.5507,35.2809,0.9049342,CCOc1ccc(N(c2ccc(C=Cc3nc4sc(C=Cc5ccc(-c6ccc(N(c7ccccc7)c7ccccc7)s6)c(C=C(C#N)c6ccc(C=C(C#N)c7cccs7)s6)c5)cc4s3)cc2)c2ccc(OC)cc2)cc1,1,C(=Cc1nc2sc(C=Cc3ccc(-c4ccc(N(c5ccccc5)c5ccccc5)s4)c(C=Cc4ccc(C=Cc5cccs5)s4)c3)cc2s1)c1ccc(N(c2ccccc2)c2ccccc2)cc1,0.9935910,465.2395,0.0791405,0.0791,0.4129404,4.4223,1.0000000,1.0000,[],38
58.6799,78.2994,-78.2994,0.0000000,CCCC[n+]1ccc(C=Cc2ccc(N(c3ccc(-c4ccc([N+](=O)[O-])s4)cc3)c3ccc(N4CCCc5c4ccc4c5c5sc(C=C(C#N)C(=O)O)cc5c(=O)n4CC)cc3)cc2)cc1,1,O=c1[nH]c2ccc3c(c2c2sccc12)CCCN3c1ccc(N(c2ccc(C=Cc3cc[nH+]cc3)cc2)c2ccc(-c3cccs3)cc2)cc1,0.0000000,0.0000,0.0000000,0.0000,0.0000000,0.0000,0.0000000,0.0000,"['C(=[O,S])[O,S]']",38
35.4200,56.0290,-56.0290,0.0000000,N=c1oc2cc(Cl)ccc2c2ccc(C=Cc3cc[n+](CCCCCCCCCNC(=O)O)cc3)cc12,1,N=c1oc2ccccc2c2ccc(C=Cc3cc[nH+]cc3)cc12,0.0000000,0.0000,0.0000000,0.0000,0.0000000,0.0000,0.0000000,0.0000,"['C(=[O,S])[O,S]']",38
50.2485,65.1190,39.5623,0.8178228,CCN(c1ccc(C=Cc2cc[n+](N(CC)CC)cc2)c(-c2ccc(Oc3ccccc3)[n+](C)c2)c1)c1ccc2ccccc2c1,1,C(=Cc1ccc(Nc2ccc3ccccc3c2)cc1-c1ccc(Oc2ccccc2)[nH+]c1)c1cc[nH+]cc1,0.8746086,498.9113,0.1378816,0.1379,0.4870218,3.5972,1.0000000,1.0000,[],38
60.7653,74.4427,-7.5507,0.5225938,CNCCCNC(=O)CC[n+]1ccc(C=C=C=CC=CC=CCCCCCC[n+]2ccc(C=Cc3cccc(NC(=O)c4ccccc4C)c3)cc2)cc1,1,O=C(Nc1cccc(C=Cc2cc[n+](CCCCCCC=CC=CC=C=C=Cc3cc[nH+]cc3)cc2)c1)c1ccccc1,0.5705914,516.9136,0.0351671,0.0352,0.4608475,3.8734,1.0000000,1.0000,[],38
29.9737,37.9505,-28.8310,0.0712461,c1ccc(CNc2nc(Nc3ccc(N(c4ccccc4)c4ccccc4)cc3)nc(-c3ccc(N(c4ccccc4)c4ccccc4)cc3)n2)cc1,1,c1ccc(CNc2nc(Nc3ccc(N(c4ccccc4)c4ccccc4)cc3)nc(-c3ccc(N(c4ccccc4)c4ccccc4)cc3)n2)cc1,0.0668011,371.3702,0.1324467,0.1324,0.5994644,2.5586,1.0000000,1.0000,[],38
88.9321,106.9107,-106.9107,0.0000000,[C-]#[N+]c1c(N=Cc2ccc(N(c3ccccc3)c3ccccc3)cc2)ccc(N=Nc2c(N)ccc3cc(N=Nc4ccc(N=Nc5ccc(N(CCN=[N+]=[N-])CCOCC(=O)NCCCCCCCC)cc5)cc4)ccc23)c1N=Nc1c(NNC(=O)c2ccc(OC)cc2)ccc2ccccc12,1,O=C(NNc1ccc2ccccc2c1N=Nc1cc(N=Cc2ccc(N(c3ccccc3)c3ccccc3)cc2)ccc1N=Nc1cccc2cc(N=Nc3ccc(N=Nc4ccccc4)cc3)ccc12)c1ccccc1,0.0000000,0.0000,0.0000000,0.0000,0.0000000,0.0000,0.0000000,0.0000,['[#7;!n][#7;!n]'],38
39.1553,50.5156,64.0925,0.8953753,Nc1sc2cc([N+](=O)[O-])c(NC(=O)c3ccc(C=O)cc3)cc2c1N=Nc1ccc(N(CCO)CCO)cc1,1,O=C(Nc1ccc2scc(N=Nc3ccccc3)c2c1)c1ccccc1,0.9732237,480.9884,0.0901868,0.0902,0.5338736,3.1380,1.0000000,1.0000,[],38
64.3788,81.5181,-74.4409,0.0552906,CCCCCCCCCCCCCCCCCCCCCCCCCCN(CCC#N)c1ccc(N=Nc2ccccc2N=Nc2c(NC(C)CN(CC)CC)ccc3c2ccc2c3cc3ccccn32)cc1,1,c1ccc(N=Nc2ccccc2N=Nc2cccc3c2ccc2c3cc3ccccn32)cc1,0.0540131,551.0847,0.0308693,0.0309,0.4023314,4.5524,1.0000000,1.0000,[],38
38.9224,60.5833,50.7260,0.8696039,N#CC(C#N)=Cc1ccc(C=Cc2ccc(N(c3ccccc3)c3ccc(-c4ccc(-c5ccc(C=Cc6ccc(N(c7ccccc7)c7ccc(-c8cc(C#N)c(N(c9ccccc9)c9ccccc9)s8)cc7)s6)s5)s4)cc3)cc2)s1,1,C(=Cc1cccs1)c1ccc(N(c2ccccc2)c2ccc(-c3ccc(-c4ccc(C=Cc5ccc(N(c6ccccc6)c6ccc(-c7ccc(N(c8ccccc8)c8ccccc8)s7)cc6)s5)s4)s3)cc2)cc1,0.9503517,487.9505,0.0845263,0.0845,0.4227462,4.3049,1.0000000,1.0000,[],38
40.9220,62.5545,48.7534,0.8695927,CCCC[n+]1ccc(C=Cc2ccc(N(c3ccc(C=Cc4ccc([N+](=O)[O-])cc4)cc3)c3ccc(C=Cc4ccc(-c5cc[n+](Cc6ccc(C=Cc7ccc(N(c8ccccc8)c8ccccc8)cc7)cc6)cc5)cn4)cc3)cc2)cc1,1,C(=Cc1ccc(N(c2ccc(C=Cc3cc[nH+]cc3)cc2)c2ccc(C=Cc3ccc(-c4cc[n+](Cc5ccc(C=Cc6ccc(N(c7ccccc7)c7ccccc7)cc6)cc5)cc4)cn3)cc2)cc1)c1ccccc1,0.9801467,477.6635,0.0310310,0.0310,0.4383021,4.1242,1.0000000,1.0000,[],38
38.1769,48.3198,-38.8744,0.0737919,COc1ccc(N(c2ccc(OC)cc2)c2ccc(-c3ccc(N(c4ccccc4OC)c4ccc5c(sc6ccccc65)c4OC)cc3)cc2)cc1,1,c1ccc(N(c2ccccc2)c2ccc(-c3ccc(N(c4ccccc4)c4ccc5c(c4)sc4ccccc45)cc3)cc2)cc1,0.0694047,371.8157,0.1328762,0.1329,0.5614290,2.8863,1.0000000,1.0000,[],38
35.8694,50.2802,-50.2802,0.0000000,CN(CCO)c1ccc2c(NN)c(-c3c(N)cc(N)c(N)c3N)c(=O)oc2c1,1,O=c1oc2ccccc2cc1-c1ccccc1,0.0000000,0.0000,0.0000000,0.0000,0.0000000,0.0000,0.0000000,0.0000,['[#7;!n][#7;!n]'],38
42.4659,62.2285,-62.2285,0.0000000,C(#Cc1c2ccccc2nc2c3ccccc3c3c4ccc(-c5ccc(N(c6ccccc6)c6ccc(N(c7ccccc7)c7ccccc7)cc6)s5)cc4sc3c12)c1ccc(N(c2ccccc2)c2ccccc2)cc1,1,C(#Cc1c2ccccc2nc2c3ccccc3c3c4ccc(-c5ccc(N(c6ccccc6)c6ccc(N(c7ccccc7)c7ccccc7)cc6)s5)cc4sc3c12)c1ccc(N(c2ccccc2)c2ccccc2)cc1,0.0000000,0.0000,0.0000000,0.0000,0.0000000,0.0000,0.0000000,0.0000,['C#C'],38
63.0459,103.2216,1.0919,0.8149498,CCCC[n+]1ccc(C=Cc2ccc(C=Cc3ccc(N(c4ccc(C=Cc5cc[n+](CC)cc5)cc4)c4ccc(C=CN(CCCNC5=CC(=C(c6ccccc6)c6ccccc6)c6ccccc6N5C)c5ccc(C=Cc6ccc(N(c7ccccc7)c7ccccc7)cc6)cc5CC)cc4)cc3)s2)cc1,1,C(=Cc1ccc(N(c2ccc(C=Cc3ccc(C=Cc4cc[nH+]cc4)s3)cc2)c2ccc(C=CN(CCCNC3=CC(=C(c4ccccc4)c4ccccc4)c4ccccc4N3)c3ccc(C=Cc4ccc(N(c5ccccc5)c5ccccc5)cc4)cc3)cc2)cc1)c1cc[nH+]cc1,0.9225497,493.1008,0.0286994,0.0287,0.3409717,5.3798,1.0000000,1.0000,[],38
60.3159,71.4786,-71.4786,0.0000000,c12cc3c(c4ccccc4s3)cc2n2c3c(ccc4c(cccc43)-c3ccccc3)c3cccc(c23)c1-c1c2ccccc2c(-c2cc3c(C(c4c(cccc4)N3CC)(C)C)cc2)cc1,0,,0.0000000,0.0000,0.0000000,0.0000,0.0000000,0.0000,0.0000000,0.0000,None,38
23.6482,38.5407,78.0053,0.9105161,O=c1[nH]c(C=Cc2ccc(N(c3ccccc3)c3ccccc3)cc2)cc2sc3ccccc3c12,1,O=c1[nH]c(C=Cc2ccc(N(c3ccccc3)c3ccccc3)cc2)cc2sc3ccccc3c12,0.9541258,432.9509,0.2746017,0.2746,0.5957454,2.5897,1.0000000,1.0000,[],38
58.5670,78.0661,-78.0661,0.0000000,N#[N+]c1ccc(C=Cc2cc(N(c3ccccc3)c3ccccc3)sc2C(=NO)c2ccc3ccc4cccc5c(cc3n2)n(-c2ccccc2)c45)cc1,1,N=C(c1ccc2ccc3cccc4c(cc2n1)n(-c1ccccc1)c34)c1sc(N(c2ccccc2)c2ccccc2)cc1C=Cc1ccccc1,0.0000000,0.0000,0.0000000,0.0000,0.0000000,0.0000,0.0000000,0.0000,['[*;r{8-17}]'],38
46.0713,45.3579,-42.6191,0.0213972,Cc1cccc(-c2cccc(-c3cccc(N(c4ccc(-c5ccc6c(c5)C(C)(C)c5ccccc5-6)cc4)c4cccc(-c5ccccc5)c4)c3)c2-c2ccccc2)c1,1,c1ccc(-c2cccc(N(c3ccc(-c4ccc5c(c4)Cc4ccccc4-5)cc3)c3cccc(-c4cccc(-c5ccccc5)c4-c4ccccc4)c3)c2)cc1,0.0187814,357.0491,0.1492691,0.1493,0.5685483,2.8233,1.0000000,1.0000,[],38
64.7499,96.2265,12.6302,0.8504428,CCCN(c1ccc2cc(-c3c(C)cc(-c4ccc(Br)c5ccccc45)c4ccc(N(c5ccccc5)c5cc6ccccc6s5)cc34)sc2c1)c1ccc(C=Cc2ccc(N(c3ccccc3)c3ccc(C=Cc4ccc(N(c5ccccc5)c5ccccc5)cc4)cc3)cc2)s1,1,C(=Cc1ccc(N(c2ccccc2)c2ccc(C=Cc3ccc(Nc4ccc5cc(-c6ccc(-c7cccc8ccccc78)c7ccc(N(c8ccccc8)c8cc9ccccc9s8)cc67)sc5c4)s3)cc2)cc1)c1ccc(N(c2ccccc2)c2ccccc2)cc1,0.9336354,428.7060,0.0748201,0.0748,0.3870852,4.7456,1.0000000,1.0000,[],38
50.2262,70.3393,32.0200,0.7996813,CCN(c1ccc(N=Nc2ccc3ccc(N)cc3c2)cc1)c1cc(N=Nc2cc[n+](CCc3ccc(N(c4ccccc4)c4ccccc4)cc3)cc2)c(N)cc1N,1,c1ccc(N(c2ccccc2)c2ccc(CC[n+]3ccc(N=Nc4cccc(Nc5ccc(N=Nc6ccc7ccccc7c6)cc5)c4)cc3)cc2)cc1,0.8769703,498.6756,0.0608158,0.0608,0.4764757,3.7067,1.0000000,1.0000,[],38
29.4336,44.6205,68.1873,0.8813114,COc1ccc(N(c2ccccc2)c2ccc(C=Nc3ccc(N(c4ccccc4)c4ccccc4)cc3SF)cc2)cc1,1,C(=Nc1ccc(N(c2ccccc2)c2ccccc2)cc1)c1ccc(N(c2ccccc2)c2ccccc2)cc1,0.9410559,430.0794,0.1473013,0.1473,0.5720427,2.7927,1.0000000,1.0000,[],38
53.1777,77.1396,37.8518,0.8983706,COc1ccc(N(c2ccccc2)c2ccc(C(=Cc3ccc(C=Cc4ccc(N(c5ccccc5)c5ccc(N(c6ccccc6)c6cccc(-c7ccc(O)c(C=Cc8ccc(N(c9ccccc9)c9ccccc9)cc8)c7)c6)cc5)cc4)s3)c3ccc(C=C(c4ccccc4)c4ccccc4)s3)cc2)cc1,1,C(=Cc1cccc(-c2cccc(N(c3ccccc3)c3ccc(N(c4ccccc4)c4ccc(C=Cc5ccc(C=C(c6ccc(N(c7ccccc7)c7ccccc7)cc6)c6ccc(C=C(c7ccccc7)c7ccccc7)s6)s5)cc4)cc3)c2)c1)c1ccc(N(c2ccccc2)c2ccccc2)cc1,0.9956860,460.9190,0.0608360,0.0608,0.3852308,4.7696,1.0000000,1.0000,[],38
36.6858,41.4609,12.6349,0.4226241,COc1ccc(-c2cc3c(-c4ccc(-c5cccs5)s4)c4cc(Cl)ccc4cc3s2)cc1,1,c1ccc(-c2cc3c(-c4ccc(-c5cccs5)s4)c4ccccc4cc3s2)cc1,0.4271381,396.8130,0.2396328,0.2396,0.5975856,2.5743,1.0000000,1.0000,[],38
33.3201,40.6734,-40.6734,0.0000000,c12c(cc3c(=O)sc(N=Nc4ccccc4)c3c2N(C)C)cccc1,0,,0.0000000,0.0000,0.0000000,0.0000,0.0000000,0.0000,0.0000000,0.0000,None,38
89.6988,109.8824,-109.8824,0.0000000,c1c(c(C=c2c(c(c(=O)n(c2=O)Cc2ccccc2)O)=c2ccc(=Cc3sc(nc3O)-c3cc4c(-c5cc6c(cccc7)cc5C4=O)s3)s2)sc1C=CC=Cc1sc(cc1)C=Nc1ccccc1)C=Cc1sc(cc1)-c1ccccc1,0,,0.0000000,0.0000,0.0000000,0.0000,0.0000000,0.0000,0.0000000,0.0000,None,38
58.5797,81.0200,33.2329,0.8926004,C[n+]1ccc(C[n+]2ccc(C[n+]3ccc(C[n+]4cccc(C[n+]5ccc(C[n+]6ccccc6[P+]6(c7ccc(C=Cc8cc[n+](CCC[n+]9ccc(-c%10ccccc%10)cc9)cc8)cc7)Cc7ccccc76)cc5)c4)cc3)cc2)cc1,1,C(=Cc1cc[n+](CCC[n+]2ccc(-c3ccccc3)cc2)cc1)c1ccc([P+]2(c3cccc[n+]3Cc3cc[n+](Cc4ccc[n+](Cc5cc[n+](Cc6cc[n+](Cc7cc[nH+]cc7)cc6)cc5)c4)cc3)Cc3ccccc32)cc1,0.9924185,452.9234,0.0594615,0.0595,0.3376718,5.4284,1.0000000,1.0000,[],38
69.5760,93.5700,-93.5700,0.0000000,C(=Cc1ccc(N(CCN(c2ccccc2)c2ccc(C=Cc3ccc(-c4ccc(-c5ccc6c(c5)-c5ccccc5NN6c5ccccc5)s4)s3)cc2)c2ccc(-c3ccc(N(c4ccccc4)c4ccccc4)cc3)cc2)cc1)c1ccc(-c2ncc(-c3ccc(N(c4ccccc4)c4ccccc4)cc3)s2)cc1,1,C(=Cc1ccc(N(CCN(c2ccccc2)c2ccc(C=Cc3ccc(-c4ccc(-c5ccc6c(c5)-c5ccccc5NN6c5ccccc5)s4)s3)cc2)c2ccc(-c3ccc(N(c4ccccc4)c4ccccc4)cc3)cc2)cc1)c1ccc(-c2ncc(-c3ccc(N(c4ccccc4)c4ccccc4)cc3)s2)cc1,0.0000000,0.0000,0.0000000,0.0000,0.0000000,0.0000,0.0000000,0.0000,['[#7;!n][#7;!n]'],38
28.4788,52.8079,62.7771,0.9030082,COc1ccc(N(c2ccccc2)c2ccc(C=Cc3ccc(N(c4ccc(F)cc4)c4ccc(N(c5ccccc5)c5ccc(C=Cc6ccc(C=C(c7ccccc7)c7ccc(N(c8ccccc8)c8ccccc8)cc7)s6)cc5)cc4)cc3)cc2)cc1,1,C(=Cc1ccc(N(c2ccccc2)c2ccc(N(c3ccccc3)c3ccc(C=Cc4ccc(C=C(c5ccccc5)c5ccc(N(c6ccccc6)c6ccccc6)cc5)s4)cc3)cc2)cc1)c1ccc(N(c2ccccc2)c2ccccc2)cc1,0.9924930,453.0315,0.0707533,0.0708,0.4628201,3.8521,1.0000000,1.0000,[],38
23.0047,25.4592,-25.4391,0.0001568,CC1(C)c2ccccc2-c2cccc(-c3ccc4ccccc4c3)c21,1,c1ccc2c(c1)Cc1c(-c3ccc4ccccc4c3)cccc1-2,0.0001030,300.3203,0.3610644,0.3611,0.6651499,2.0387,1.0000000,1.0000,[],38
62.8856,80.1836,-80.1836,0.0000000,C1(N(c2ccc(cc2)C=Cc2sc(/c(c2-c2ccc(cc2)N(c2ccc(N(c3ccccc3)c3ccccc3)cc2)c2cc(c(F)cc2)[N+]([O-])=O)=C(/[N+]#[C-])C#N)F)CCCC1)CCCC,0,,0.0000000,0.0000,0.0000000,0.0000,0.0000000,0.0000,0.0000000,0.0000,None,38
55.4379,64.4616,-52.7205,0.0917279,c1ccc(-c2cc(Cn3c(-c4ccccc4)nnc3-c3ccccc3)c(N(c3ccccc3)c3ccc(-c4nc5ccccc5s4)cn3)s2)cc1,1,c1ccc(-c2cc(Cn3c(-c4ccccc4)nnc3-c3ccccc3)c(N(c3ccccc3)c3ccc(-c4nc5ccccc5s4)cn3)s2)cc1,0.0869704,374.4722,0.1504908,0.1505,0.5478519,3.0088,1.0000000,1.0000,[],38
46.2202,59.6579,47.1235,0.8342294,Clc1c2c(c3ccccc3c1N(c1ccccc1)c1ccc(C=Cc3sccc3N(c3ccccc3)c3ccccc3)cc1)C(c1ccccc1)(c1ccccc1)c1ccccc1-2,1,C(=Cc1sccc1N(c1ccccc1)c1ccccc1)c1ccc(N(c2ccccc2)c2cc3c(c4ccccc24)C(c2ccccc2)(c2ccccc2)c2ccccc2-3)cc1,0.8930871,423.0466,0.1353016,0.1353,0.5010293,3.4555,1.0000000,1.0000,[],38
43.4304,65.3428,49.7914,0.8994855,C(=Cc1ccc(N(c2ccccc2)c2ccccc2)cc1)C(=Cc1ccc(-c2ccc(N(c3ccccc3)c3ccccc3)cc2)s1)c1ccc(-c2ccc(-c3ccccc3N=Cc3ccc(N(c4ccccc4)c4ccccc4)cc3)s2)s1,1,C(=Cc1ccc(N(c2ccccc2)c2ccccc2)cc1)C(=Cc1ccc(-c2ccc(N(c3ccccc3)c3ccccc3)cc2)s1)c1ccc(-c2ccc(-c3ccccc3N=Cc3ccc(N(c4ccccc4)c4ccccc4)cc3)s2)s1,0.9924662,467.0075,0.0631419,0.0631,0.4521003,3.9693,1.0000000,1.0000,[],38
45.3948,65.5951,51.7931,0.9170954,CCCCn1c(=O)c(C=Cc2cccs2)c(-c2ccccc2)c2nc(-c3ccccn3)cc(=[N+](c3ccccc3)c3ccccc3)n21,1,O=c1[nH]n2c(=[N+](c3ccccc3)c3ccccc3)cc(-c3ccccn3)nc2c(-c2ccccc2)c1C=Cc1cccs1,0.9831378,444.1425,0.1497024,0.1497,0.5113276,3.3537,1.0000000,1.0000,[],38
39.4172,71.8297,40.6006,0.8783617,CCCC[n+]1c2ccccc2c(C[n+]2ccc(C=Cc3ccc(C=Cc4cn(-c5ccc(N(c6ccccc6)c6ccccc6)cc5)c5cc(N(c6ccccc6)c6ccccc6)ccc45)cc3)cc2)c2ccccc21,1,C(=Cc1cc[n+](Cc2c3ccccc3[nH+]c3ccccc23)cc1)c1ccc(C=Cc2cn(-c3ccc(N(c4ccccc4)c4ccccc4)cc3)c3cc(N(c4ccccc4)c4ccccc4)ccc23)cc1,0.9642149,484.2382,0.0709761,0.0710,0.4557690,3.9288,1.0000000,1.0000,[],38
28.7487,33.3913,-33.0328,0.0028012,CC(C)(C)c1csc(NC2c3ccccc3C=Cc3ccccc32)n1,1,C1=Cc2ccccc2C(Nc2nccs2)c2ccccc21,0.0021126,333.1433,0.6038914,0.6039,0.5848452,2.6820,1.0000000,1.0000,[],38
39.6151,59.0488,-59.0488,0.0000000,c1(OC)cc2c3c(n(c(c2-c2ccccc2)=N)C)cccc3c1-c1ccc(C=Cc2ccc(N(c3ccccc3)c3ccccc3)cc2)cc1,0,,0.0000000,0.0000,0.0000000,0.0000,0.0000000,0.0000,0.0000000,0.0000,None,38
29.7529,33.7492,86.5798,0.9400709,N#Cc1c(N)c(N)c(N)c(N=Nc2ccccc2)c1Cl,1,c1ccc(N=Nc2ccccc2)cc1,0.9657269,436.2475,0.5773587,0.5774,0.5436029,3.0477,1.0000000,1.0000,[],38
43.6418,49.6511,-49.4435,0.0016215,COc1ccc(C(=O)Nc2ccc3nnc(-c4cc(O)c(O)cc4Br)n3c2)cc1N,1,O=C(Nc1ccc2nnc(-c3ccccc3)n2c1)c1ccccc1,0.0012191,327.1643,0.2652415,0.2652,0.5929044,2.6136,1.0000000,1.0000,[],38
51.1140,63.8360,53.3132,0.9152283,N#Cc1ccc(-c2c3ccccc3c(C#N)c3c(-c4ccc5c(c4)N(c4ccccc4)c4ccccc4O5)c(CCC=C(c4ccccc4)c4ccccc4)ccc23)cc1,1,C(CCc1ccc2c(-c3ccccc3)c3ccccc3cc2c1-c1ccc2c(c1)N(c1ccccc1)c1ccccc1O2)=C(c1ccccc1)c1ccccc1,0.9821094,443.4884,0.1444968,0.1445,0.5117900,3.3492,1.0000000,1.0000,[],38
39.6529,48.5350,69.2988,0.9205766,S=C(Nc1cccc(Cl)c1Cl)Nc1c(N=Nc2ccccc2)cc(N(c2ccccc2)c2ccccc2)c2ccccc12,1,S=C(Nc1ccccc1)Nc1c(N=Nc2ccccc2)cc(N(c2ccccc2)c2ccccc2)c2ccccc12,0.9871679,472.8477,0.1380682,0.1381,0.5744904,2.7714,1.0000000,1.0000,[],38
58.1133,78.8129,-36.1886,0.3330018,CCCCCCCCCCOc1cc(N(c2ccc(-c3ccc(N(c4ccc(C)cc4)c4ccc(C=Cc5ccc(-n6c(C)nc7ccccc76)cc5)cc4)cc3)cc2)c2ccc(-c3ccccc3)s2)ccc1C=C(C)c1ccc(N(c2ccccc2)c2ccccc2)cc1,1,C(=Cc1ccc(N(c2ccc(-c3ccc(N(c4ccccc4)c4ccc(C=Cc5ccc(-n6cnc7ccccc76)cc5)cc4)cc3)cc2)c2ccc(-c3ccccc3)s2)cc1)c1ccc(N(c2ccccc2)c2ccccc2)cc1,0.3545080,393.4934,0.0398905,0.0399,0.4109522,4.4464,1.0000000,1.0000,[],38
30.7212,49.5153,65.2413,0.8965357,C(=Cc1ccc(N(c2ccc(-c3ccc(C=Cc4ccc(C=Cc5ccc(C=Cc6cccs6)s5)s4)s3)cc2)c2ccc(N(c3ccccc3)c3ccccc3)cc2)cc1)c1ccc(N(c2ccccc2)c2ccccc2)cc1,1,C(=Cc1ccc(N(c2ccc(-c3ccc(C=Cc4ccc(C=Cc5ccc(C=Cc6cccs6)s5)s4)s3)cc2)c2ccc(N(c3ccccc3)c3ccccc3)cc2)cc1)c1ccc(N(c2ccccc2)c2ccccc2)cc1,0.9806220,477.3952,0.0793096,0.0793,0.4820171,3.6489,1.0000000,1.0000,[],38
38.1117,54.6154,60.0159,0.8955574,Cc1ccc(N(c2ccc(C)cc2)c2ccc(C=Cc3ccc4oc(-c5ccc(NC(=S)Nc6ccc(N=Nc7ccc8ccccc8c7)cc6)cc5)nc4c3)cc2)cc1,1,S=C(Nc1ccc(N=Nc2ccc3ccccc3c2)cc1)Nc1ccc(-c2nc3cc(C=Cc4ccc(N(c5ccccc5)c5ccccc5)cc4)ccc3o2)cc1,0.9769352,440.6729,0.0815217,0.0815,0.5237660,3.2336,1.0000000,1.0000,[],38
57.7716,77.7099,37.1912,0.8976650,O=Cc1ccc(C=Cc2ccc(N(c3ccc(C=Cc4ccc(-c5ccc(N(c6ccccc6)c6ccccc6)cc5)s4)cc3)c3ccc(C=C(CCC=C=C(c4ccccc4)c4ccccc4)N4c5ccccc5Sc5ccccc54)s3)cc2)s1,1,C(=CCCC(=Cc1ccc(N(c2ccc(C=Cc3cccs3)cc2)c2ccc(C=Cc3ccc(-c4ccc(N(c5ccccc5)c5ccccc5)cc4)s3)cc2)s1)N1c2ccccc2Sc2ccccc21)=C(c1ccccc1)c1ccccc1,0.9946641,456.7617,0.0593988,0.0594,0.4031035,4.5428,1.0000000,1.0000,[],38
44.8239,62.8924,-52.9537,0.0776461,CCCCOc1ccc(N(c2ccc(OCCCC)cc2)c2ccc(C3(F)CC(=O)N(CCCC)c4ccc5cc(N(c6ccccc6)c6ccccc6)ccc5c4O3)cc2)cc1,1,O=C1CC(c2ccc(N(c3ccccc3)c3ccccc3)cc2)Oc2c(ccc3cc(N(c4ccccc4)c4ccccc4)ccc23)N1,0.0747294,372.6806,0.0802438,0.0802,0.4555278,3.9315,1.0000000,1.0000,[],38
34.3714,45.4783,32.7986,0.6115386,COc1ccc(N(c2ccccc2)c2ccc([N+](=O)[O-])c(C=Cc3ccn(C)n3)n2)cc1,1,C(=Cc1cccc(N(c2ccccc2)c2ccccc2)n1)c1cc[nH]n1,0.6269614,405.6372,0.2910046,0.2910,0.5706978,2.8045,1.0000000,1.0000,[],38
40.9449,53.8127,25.1484,0.6168835,O=C1c2cc(C=Cc3ccc(N(c4ccccc4)c4cccc5ccccc45)cc3)ccc2C(c2ccccc2)c2cc(N3CN(c4ccccc4)c4ccccc43)ccc21,1,O=C1c2cc(C=Cc3ccc(N(c4ccccc4)c4cccc5ccccc45)cc3)ccc2C(c2ccccc2)c2cc(N3CN(c4ccccc4)c4ccccc43)ccc21,0.6495445,406.6994,0.1434496,0.1434,0.4744427,3.7281,1.0000000,1.0000,[],38
19.8784,43.0102,74.4524,0.9176764,N#Cc1[nH]c2cc(N(c3ccccc3)c3ccccc3)ccc2c1C=Nc1ccc(N=Nc2ccc(N(c3ccccc3)c3ccccc3)cc2)cc1,1,C(=Nc1ccc(N=Nc2ccc(N(c3ccccc3)c3ccccc3)cc2)cc1)c1c[nH]c2cc(N(c3ccccc3)c3ccccc3)ccc12,0.9911666,451.2504,0.1149997,0.1150,0.5326804,3.1492,1.0000000,1.0000,[],38
56.4444,80.4404,-39.5951,0.3191039,COc1ccccc1-c1n[nH]c2c(-c3nc4cc(C=Cc5cnn(-c6ccccc6)c5C=Cc5ccc(N(c6ccccc6)c6ccccc6)cc5)ccc4s3)csc12,1,C(=Cc1c(C=Cc2ccc3sc(-c4csc5c(-c6ccccc6)n[nH]c45)nc3c2)cnn1-c1ccccc1)c1ccc(N(c2ccccc2)c2ccccc2)cc1,0.3244674,392.0381,0.1410376,0.1410,0.4920151,3.5462,1.0000000,1.0000,[],38
34.0744,47.7736,64.6319,0.8781678,Cc1ccc(N(c2ccc(C=CCc3ccc([N+](=O)[O-])s3)cc2)c2ccc(C=Cc3ccc(N(c4ccccc4)c4ccc(F)cc4)cc3)cc2)cc1,1,C(=Cc1ccc(N(c2ccccc2)c2ccc(C=Cc3ccc(N(c4ccccc4)c4ccccc4)cc3)cc2)cc1)Cc1cccs1,0.9602087,434.5644,0.0718472,0.0718,0.5393785,3.0867,1.0000000,1.0000,[],38
39.6398,50.0727,-48.5167,0.0121563,Oc1ccc(C=C(c2ccccc2)c2ccc(-c3cc(N(c4ccccc4)c4ccc(-c5ccc(N(c6ccccc6)c6ccccc6)cc5)cc4)ccn3)cc2)cc1,1,C(=C(c1ccccc1)c1ccc(-c2cc(N(c3ccccc3)c3ccc(-c4ccc(N(c5ccccc5)c5ccccc5)cc4)cc3)ccn2)cc1)c1ccccc1,0.0103953,350.5344,0.1333407,0.1333,0.5659896,2.8459,1.0000000,1.0000,[],38
42.3136,51.7606,57.7363,0.8554443,Nc1cccc2c(-c3cc4cc(N(c5ccccc5)c5ccccc5)c(N(c5ccccc5)c5ccccc5)cc4c(-c4ccccc4)[o+]3)cccc12,1,c1ccc(-c2[o+]c(-c3cccc4ccccc34)cc3cc(N(c4ccccc4)c4ccccc4)c(N(c4ccccc4)c4ccccc4)cc23)cc1,0.9171175,493.9009,0.1279575,0.1280,0.5417524,3.0647,1.0000000,1.0000,[],38
31.4145,43.6845,70.1153,0.8890610,C(=Cc1ccc(N(c2ccccc2)c2ccc3ccc4ccccc4c3c2)cc1)c1ccc(C=Cc2ccc(C=C(c3ccccc3)c3ccccc3)s2)cc1,1,C(=Cc1ccc(N(c2ccccc2)c2ccc3ccc4ccccc4c3c2)cc1)c1ccc(C=Cc2ccc(C=C(c3ccccc3)c3ccccc3)s2)cc1,0.9620910,435.1118,0.0999151,0.0999,0.5550904,2.9431,1.0000000,1.0000,[],38
24.8283,29.7102,-20.9972,0.0680700,c1ccc2c(c1)Oc1ccccc1N2c1ccc(-c2nc3ccccc3[nH]2)cc1,1,c1ccc2c(c1)Oc1ccccc1N2c1ccc(-c2nc3ccccc3[nH]2)cc1,0.0615748,370.4251,0.3615085,0.3615,0.6515831,2.1418,1.0000000,1.0000,[],38
36.3938,59.7971,50.8357,0.8643191,CCCC[n+]1ccc(-c2ccc(C=Cc3ccc(N(c4ccc(N(c5ccccc5)c5ccccc5)cc4)c4ccc(N(c5ccc(N(c6ccccc6)c6ccccc6)cc5)c5cccc(OCC)c5)cc4)cc3)s2)cc1,1,C(=Cc1ccc(-c2cc[nH+]cc2)s1)c1ccc(N(c2ccc(N(c3ccccc3)c3ccccc3)cc2)c2ccc(N(c3ccccc3)c3ccc(N(c4ccccc4)c4ccccc4)cc3)cc2)cc1,0.9472806,488.6373,0.0708982,0.0709,0.4731701,3.7415,1.0000000,1.0000,[],38
45.3480,62.6779,33.1341,0.7485316,C=NC(=Cc1ccc(C=Cc2ccc(N(c3ccccc3)c3ccc(C=Cc4ccc(N(c5ccccc5)c5ccccc5)cc4)cc3)cc2)cc1)c1ccc(F)c(N(c2ccc(F)cc2)c2ccc(F)cc2)c1,1,C(=Cc1ccc(N(c2ccccc2)c2ccc(C=Cc3ccc(N(c4ccccc4)c4ccccc4)cc3)cc2)cc1)c1ccc(C=Cc2cccc(N(c3ccccc3)c3ccccc3)c2)cc1,0.8132791,415.9762,0.0711530,0.0712,0.4964055,3.5018,1.0000000,1.0000,[],38
38.6352,58.1484,-3.8366,0.4243108,C(=Cc1ccc(-c2ccc(-c3ccc4c(-c5ccccc5)cc(-c5ccc(N(c6ccccc6)c6ccccc6)nc5)cc4c3-c3ccccc3)s2)o1)c1ccccc1,1,C(=Cc1ccc(-c2ccc(-c3ccc4c(-c5ccccc5)cc(-c5ccc(N(c6ccccc6)c6ccccc6)nc5)cc4c3-c3ccccc3)s2)o1)c1ccccc1,0.4375803,397.2749,0.1385657,0.1386,0.5265914,3.2067,1.0000000,1.0000,[],38
62.1069,80.5515,-80.5515,0.0000000,c1cc(-c2ccc(cc2)-c2ccc(N(c3ccccc3)c3ccccc3)cc2N(c2ccccc2)c2ccccc2)c2sc(-c3cc4c(s3)c3n(c5c(sccc5)c3s4)CCCCN(CC)CC)cc2c1OCCCCCCC=C,0,,0.0000000,0.0000,0.0000000,0.0000,0.0000000,0.0000,0.0000000,0.0000,None,39
48.3083,72.9020,-72.9020,0.0000000,COc1cccc2c1C(=O)c1ccc(c(N3CCCc4cc(N(c5ccccc5)c5ccccc5)ccc43)c1)N2C=Cc1ccc(N(c2ccccc2)c2ccc(C=Cc3cccnc3)cc2)cc1,1,O=C1c2ccc(c(N3CCCc4cc(N(c5ccccc5)c5ccccc5)ccc43)c2)N(C=Cc2ccc(N(c3ccccc3)c3ccc(C=Cc4cccnc4)cc3)cc2)c2ccccc21,0.0000000,0.0000,0.0000000,0.0000,0.0000000,0.0000,0.0000000,0.0000,['[*;r{8-17}]'],39
60.3484,90.3903,-90.3903,0.0000000,CCCCCN1c2cccccc(C=Cc3ccc(N(c4ccc(C=C(c5ccccc5)c5ccccc5)cc4)c4ccc(-c5ccc6cc(N(c7ccc(C=Cc8ccc(-c9ccc(N(c%10ccc(OC)cc%10)c%10ccc(OC)cc%10)cc9)s8)cc7)c7ccc(-c8ccccc8)cc7)ccc6c5)cc4)cc3)ccc21,1,C(=Cc1cccccc2c(cc1)N2)c1ccc(N(c2ccc(C=C(c3ccccc3)c3ccccc3)cc2)c2ccc(-c3ccc4cc(N(c5ccc(C=Cc6ccc(-c7ccc(N(c8ccccc8)c8ccccc8)cc7)s6)cc5)c5ccc(-c6ccccc6)cc5)ccc4c3)cc2)cc1,0.0000000,0.0000,0.0000000,0.0000,0.0000000,0.0000,0.0000000,0.0000,['[*;r{8-17}]'],39
39.8450,61.4198,56.2877,0.9195896,COc1cc(C=Cc2sc(-c3cccs3)nc2-c2cccs2)sc1N(c1ccc(N(c2ccccc2)c2ccccc2)cc1)c1ccccn1,1,C(=Cc1sc(-c2cccs2)nc1-c1cccs1)c1ccc(N(c2ccc(N(c3ccccc3)c3ccccc3)cc2)c2ccccn2)s1,0.9899058,470.2119,0.1329336,0.1329,0.5052897,3.4131,1.0000000,1.0000,[],39
22.4393,34.2790,15.6203,0.3898380,CCNc1ccc2c(-c3ccc([N+](=O)[O-])cc3)c3ccc(=N)cc-3oc2c1,1,N=c1ccc2c(-c3ccccc3)c3ccccc3oc-2c1,0.3893850,524.8847,0.3037658,0.3038,0.5989457,2.5629,1.0000000,1.0000,[],39
36.7004,47.5533,23.1251,0.5521756,COc1cnc(C(=Cc2cc[n+](C)cc2F)c2ccncc2)nc1,1,C(=C(c1ccncc1)c1ncccn1)c1cc[nH+]cc1,0.5487089,402.1221,0.6921160,0.6921,0.5306970,3.1678,1.0000000,1.0000,[],39
43.2022,49.8800,-49.8800,0.0000000,n1c(=N)c2cc3c(cccc3cc2oc1=Nc1ccc(cc1)-c1nc2ccccc2s1)C=Nc1ccccc1,0,,0.0000000,0.0000,0.0000000,0.0000,0.0000000,0.0000,0.0000000,0.0000,None,39
20.8342,37.9165,81.9331,0.9363245,C(=Cc1cc[n+](Cc2ccccc2)cc1)c1ccc(N2c3ccccc3N(c3ccccc3)c3ccccc32)cc1,1,C(=Cc1cc[n+](Cc2ccccc2)cc1)c1ccc(N2c3ccccc3N(c3ccccc3)c3ccccc32)cc1,0.9922347,467.3386,0.1990310,0.1990,0.6077913,2.4896,1.0000000,1.0000,[],39
39.2139,61.2630,50.8435,0.8758322,CCCCCCOc1ccc(N(c2ccc(C=O)cc2)c2ccc3c(ccc4ccc(N(CCCCCC)c5ccc(C=Cc6ccc(C=Cc7ccc(F)cc7)s6)cc5)cc43)c2)cc1,1,C(=Cc1ccc(C=Cc2ccc(Nc3ccc4ccc5cc(N(c6ccccc6)c6ccccc6)ccc5c4c3)cc2)s1)c1ccccc1,0.9766757,440.5486,0.0408998,0.0409,0.4901408,3.5653,1.0000000,1.0000,[],39
38.3275,48.9869,63.4424,0.8783543,O=[N+]([O-])c1ccc(-c2ccc(-c3cc4ccccc4c4nnc5cc(N(c6ccccc6)c6ccccc6)ccc5c34)s2)cc1,1,c1ccc(-c2ccc(-c3cc4ccccc4c4nnc5cc(N(c6ccccc6)c6ccccc6)ccc5c34)s2)cc1,0.9472412,431.3542,0.1078365,0.1078,0.5655361,2.8499,1.0000000,1.0000,[],39
24.8321,44.2136,69.5067,0.8884401,C(=Cc1ccc(N(c2ccc(-c3ccccc3)cc2)c2ccc(N(c3ccc(C=Cc4nc5ccccc5s4)cc3)c3ccc(N(c4ccccc4)c4ccccc4)cc3)cc2)cc1)c1ccc(N(c2ccccc2)c2ccccc2)cc1,1,C(=Cc1ccc(N(c2ccc(-c3ccccc3)cc2)c2ccc(N(c3ccc(C=Cc4nc5ccccc5s4)cc3)c3ccc(N(c4ccccc4)c4ccccc4)cc3)cc2)cc1)c1ccc(N(c2ccccc2)c2ccccc2)cc1,0.9683048,437.1255,0.0846828,0.0847,0.5059908,3.4062,1.0000000,1.0000,[],39
63.6635,93.7531,18.1072,0.8739079,CCOc1ccc(N(c2ccc(N=Nc3ccc(C=C(C=Cc4ccc(N(c5ccccc5)c5ccc(C)cc5)s4)c4ccc(N(c5ccc(C=Cc6cc7sc(C=Cc8ccc(N(c9ccccc9)c9ccccc9)cc8)cc7s6)cc5)c5ccc(N(c6ccccc6)c6ccccc6)cc5)cc4)cc3)cc2)c2ccc(NC)cc2)cc1,1,C(=Cc1ccc(N(c2ccccc2)c2ccccc2)s1)C(=Cc1ccc(N=Nc2ccc(N(c3ccccc3)c3ccccc3)cc2)cc1)c1ccc(N(c2ccc(C=Cc3cc4sc(C=Cc5ccc(N(c6ccccc6)c6ccccc6)cc5)cc4s3)cc2)c2ccc(N(c3ccccc3)c3ccccc3)cc2)cc1,0.9916333,468.1551,0.0297799,0.0298,0.3433359,5.3452,1.0000000,1.0000,[],39
35.0911,49.9728,17.2356,0.5250656,O=S(=O)(c1ccccc1)N1c2ccc(N(c3ccc(N(c4ccccc4)c4ccccc4)cc3)c3ccc(N(c4ccccc4)c4ccccc4)cc3)cc2C=CC1c1ccc(N(c2ccccc2)c2ccccc2)cc1,1,O=S(=O)(c1ccccc1)N1c2ccc(N(c3ccc(N(c4ccccc4)c4ccccc4)cc3)c3ccc(N(c4ccccc4)c4ccccc4)cc3)cc2C=CC1c1ccc(N(c2ccccc2)c2ccccc2)cc1,0.5543548,402.3700,0.1019862,0.1020,0.4655290,3.8229,1.0000000,1.0000,[],39
54.6920,83.7907,28.9394,0.8807039,CCCCCCOc1ccc(N(c2ccc(C=Nc3c(C(=O)Nc4ccc5c(c4)C(c4ccc(N(c6ccccc6)c6ccccc6)cc4)N(c4ccccc4)C5=O)sc4cc(N5c6ccccc6Oc6ccccc65)ccc34)cc2)c2ccc(OC)cc2)cc1,1,O=C(Nc1ccc2c(c1)C(c1ccc(N(c3ccccc3)c3ccccc3)cc1)N(c1ccccc1)C2=O)c1sc2cc(N3c4ccccc4Oc4ccccc43)ccc2c1N=Cc1ccc(N(c2ccccc2)c2ccccc2)cc1,0.9760161,440.2384,0.0595167,0.0595,0.3804802,4.8316,1.0000000,1.0000,[],39
44.6905,60.0678,57.7617,0.9205434,CCN1C(=O)c2ccc(Nc3ccc(C=C4Oc5ccccc5C4=O)cc3)cc2Nc2ccc(N(c3ccccc3)c3ccccc3)cc21,1,O=C1Nc2cc(N(c3ccccc3)c3ccccc3)ccc2Nc2cc(Nc3ccc(C=C4Oc5ccccc5C4=O)cc3)ccc21,0.9814872,443.1103,0.1692457,0.1692,0.5557977,2.9368,1.0000000,1.0000,[],39
30.3977,53.6299,63.6406,0.9161760,CCCC[n+]1ccc(C[n+]2ccc(C=Cc3ccc4cc(N(c5ccccc5)c5ccc(N(c6ccccc6)c6ccccc6)c6ccccc56)ccc4c3)cc2)cc1,1,C(=Cc1ccc2cc(N(c3ccccc3)c3ccc(N(c4ccccc4)c4ccccc4)c4ccccc34)ccc2c1)c1cc[n+](Cc2cc[nH+]cc2)cc1,0.9921768,467.4199,0.1085808,0.1086,0.5097258,3.3694,1.0000000,1.0000,[],39
28.8933,39.6320,11.5623,0.3999554,c1ccc(N(c2ccccc2)c2ccc(-c3ccc(N(c4ccc(-c5cscn5)cc4)c4cccc5cccnc45)cc3)cc2)cc1,1,c1ccc(N(c2ccccc2)c2ccc(-c3ccc(N(c4ccc(-c5cscn5)cc4)c4cccc5cccnc45)cc3)cc2)cc1,0.4077686,395.9481,0.1687442,0.1687,0.5822091,2.7046,1.0000000,1.0000,[],39
47.3738,63.4386,-63.4386,0.0000000,C[n+]1ccc(C=CC=CC=CN2C=CC3=C(c4ccc(N(c5ccccc5)c5ccccc5)cc4)CCC3(C#N)c3cc(N(c4ccccc4)c4ccccc4)ccc32)c2ccccc21,1,C(=CC=CN1C=CC2=C(c3ccc(N(c4ccccc4)c4ccccc4)cc3)CCC2c2cc(N(c3ccccc3)c3ccccc3)ccc21)C=Cc1cc[nH+]c2ccccc12,0.0000000,728.6861,0.0960499,0.0960,0.4061174,4.5056,1.0000000,1.0000,[],39
31.4355,58.2689,-58.2689,0.0000000,O=c1c2cc(-c3cccnc3)ccc2ncc2ccc(cc2)n1-c1ccc(C=Cc2ccc(C=C(c3ccccc3)c3ccc(N(c4ccccc4)c4ccccc4)cc3)s2)cc1,1,O=c1c2cc(-c3cccnc3)ccc2ncc2ccc(cc2)n1-c1ccc(C=Cc2ccc(C=C(c3ccccc3)c3ccc(N(c4ccccc4)c4ccccc4)cc3)s2)cc1,0.0000000,0.0000,0.0000000,0.0000,0.0000000,0.0000,0.0000000,0.0000,['[*;r{8-17}]'],39
19.9129,34.9668,72.7515,0.8415493,C(=Cc1ccc(-c2ccc(N(c3ccccc3)c3ccc(-c4ccc(N(c5ccccc5)c5ccc(N(c6ccccc6)c6ccccc6)cc5)cc4)cc3)cc2)s1)c1ccc(N(c2ccccc2)c2ccccc2)cc1,1,C(=Cc1ccc(-c2ccc(N(c3ccccc3)c3ccc(-c4ccc(N(c5ccccc5)c5ccc(N(c6ccccc6)c6ccccc6)cc5)cc4)cc3)cc2)s1)c1ccc(N(c2ccccc2)c2ccccc2)cc1,0.9099041,425.1073,0.0956118,0.0956,0.5381696,3.0979,1.0000000,1.0000,[],39
46.3106,70.5840,36.9506,0.8401142,C=C(C=Cc1ccc([N+](=O)[O-])s1)CNc1ccc(C#N)c2c(=N)n3cc(N)c(C#N)cc3nc12,1,C=C(C=Cc1cccs1)CNc1cccc2c(=N)n3ccccc3nc12,0.8952003,496.7110,0.1663897,0.1664,0.4666777,3.8106,1.0000000,1.0000,[],39
38.3428,54.5430,-54.5430,0.0000000,c1cccc(c1)-c1oc2ccc(cc2[n+]2c1cc(CCc1ccc(cc1)C=Cc1cc[n+](cc1)C)cc2)N(c1ccccc1)c1ccccc1,0,,0.0000000,0.0000,0.0000000,0.0000,0.0000000,0.0000,0.0000000,0.0000,None,39
45.6993,64.9518,49.3720,0.8931545,CCCCCCOc1ccc(N(c2ccc(-c3ccc(C=C(c4ccccn4)c4nn[nH]n4)s3)cc2)c2ccc(N(c3ccc(N(c4ccccc4)c4ccccc4)cc3)c3cccc(OC)c3)cc2)cc1,1,C(=C(c1ccccn1)c1nn[nH]n1)c1ccc(-c2ccc(N(c3ccccc3)c3ccc(N(c4ccccc4)c4ccc(N(c5ccccc5)c5ccccc5)cc4)cc3)cc2)s1,0.9791319,441.7840,0.0749328,0.0749,0.4670510,3.8066,1.0000000,1.0000,[],39
45.2247,66.7003,18.7696,0.6677332,CCCCOCCOc1ccc(-c2ccc(N(c3ccc(C=Cc4ccc(N(c5ccc(C=Cc6ccccc6)cc5)c5ccc(OC)cc5)cc4)cc3)c3ccc(N(c4ccccc4)c4ccccc4)cc3)cc2)c([N+](=O)[O-])c1,1,C(=Cc1ccc(N(c2ccccc2)c2ccc(C=Cc3ccc(N(c4ccc(-c5ccccc5)cc4)c4ccc(N(c5ccccc5)c5ccccc5)cc4)cc3)cc2)cc1)c1ccccc1,0.7439527,411.5806,0.0271269,0.0271,0.4804469,3.6652,1.0000000,1.0000,[],39
28.4762,38.1795,78.0159,0.9077768,N#Cc1ccc2cc(N=Nc3oc4ccccc4c3Nc3ccccc3)ccc2c1,1,c1ccc(Nc2c(N=Nc3ccc4ccccc4c3)oc3ccccc23)cc1,0.9465885,488.7868,0.3218107,0.3218,0.5887017,2.6492,1.0000000,1.0000,[],39
31.2181,52.5726,64.3354,0.9133437,C(=Cc1ccc(-c2ccc(-c3ccc(N(c4ccc(-c5ccc(C=C(c6ccccc6)c6ccccc6)o5)cc4)c4ccc(N(c5ccccc5)c5ccccc5)cc4)cc3)s2)s1)c1cccs1,1,C(=Cc1ccc(-c2ccc(-c3ccc(N(c4ccc(-c5ccc(C=C(c6ccccc6)c6ccccc6)o5)cc4)c4ccc(N(c5ccccc5)c5ccccc5)cc4)cc3)s2)s1)c1cccs1,0.9893488,449.1988,0.1083271,0.1083,0.5017734,3.4480,1.0000000,1.0000,[],39
48.1795,75.6178,33.3244,0.8511104,C(=Cc1ccc(N(c2ccc(C=Nc3ccc(N(c4ccccc4)c4ccc(C=Cc5ccc(N(c6ccc(C=Cc7ccc(-c8ccc(N(c9ccccc9)c9ccccc9)s8)s7)cc6)c6cccc(C=Cc7ccc(N(c8ccccc8)c8ccccc8)cc7)c6)cc5)cc4)cc3)cc2)c2ccc(N=Nc3ccccc3)cc2)cc1)c1ccc(N(c2ccccc2)c2ccccc2)cc1,1,C(=Cc1ccc(N(c2ccc(C=Nc3ccc(N(c4ccccc4)c4ccc(C=Cc5ccc(N(c6ccc(C=Cc7ccc(-c8ccc(N(c9ccccc9)c9ccccc9)s8)s7)cc6)c6cccc(C=Cc7ccc(N(c8ccccc8)c8ccccc8)cc7)c6)cc5)cc4)cc3)cc2)c2ccc(N=Nc3ccccc3)cc2)cc1)c1ccc(N(c2ccccc2)c2ccccc2)cc1,0.9713585,438.2596,0.0245180,0.0245,0.3269920,5.5891,1.0000000,1.0000,[],39
45.8330,67.5506,-67.5506,0.0000000,Cc1cc(C=Cc2cc[n+](CCCN)cc2)n(-c2ccccc2)c1C=C1SC(=S)N(CCCCNc2ccc(-c3nc4ccccc4o3)cc2)C1=O,1,O=C1C(=Cc2ccc(C=Cc3cc[nH+]cc3)n2-c2ccccc2)SC(=S)N1CCCCNc1ccc(-c2nc3ccccc3o2)cc1,0.0000000,0.0000,0.0000000,0.0000,0.0000000,0.0000,0.0000000,0.0000,"['C(=[O,S])[O,S]']",39
51.7234,60.8560,-22.0525,0.3031528,Cc1cccc(C)c1C=Nc1ccc(N2CC(c3ccccc3)(c3ccccc3)C2)cc1C=Cc1c(C)cccc1N(c1ccccc1)c1ccccc1,1,C(=Cc1ccccc1N(c1ccccc1)c1ccccc1)c1cc(N2CC(c3ccccc3)(c3ccccc3)C2)ccc1N=Cc1ccccc1,0.3100509,391.3154,0.1045257,0.1045,0.5142570,3.3252,1.0000000,1.0000,[],39
86.6473,117.5278,-117.5278,0.0000000,c1cc2cc3c(N(CCCC)c4c(S3)ccc(N=Cc3cc(c5c(cccc5)n3)C=Cc3ccc(N(c5ccccc5)c5ccccc5)cc3)c4)cc2cc1N(c1ccc(C=Cc2ccc(N(c3ccccc3)c3ccccc3)cc2)cc1)c1ccc(cc1)N(c1ccccc1)c1ccc(cc1)C=Cc1ccc(cc1)C=Cc1sc(C=c2sc3nc(nc(=Nc4ccccc4)c3C2=O)C)cc1,0,,0.0000000,0.0000,0.0000000,0.0000,0.0000000,0.0000,0.0000000,0.0000,None,39
35.4943,59.7216,-59.7216,0.0000000,C(=Cc1ccc(N(c2ccccc2)c2ccc(C=Nc3ccc(CN4c5ccccc5N=Cc5cc(N(c6ccccc6)c6ccccc6)ccc5C4c4ccccc4)cc3)cc2)cc1)c1ccc(N(c2ccccc2)c2ccccc2)cc1,1,C(=Cc1ccc(N(c2ccccc2)c2ccc(C=Nc3ccc(CN4c5ccccc5N=Cc5cc(N(c6ccccc6)c6ccccc6)ccc5C4c4ccccc4)cc3)cc2)cc1)c1ccc(N(c2ccccc2)c2ccccc2)cc1,0.0000000,0.0000,0.0000000,0.0000,0.0000000,0.0000,0.0000000,0.0000,['[*;r{8-17}]'],39
59.9584,91.8081,-91.8081,0.0000000,[C@@H]12C(=O)c3c(cccc3)N(c3ccc(cc3)N(c3ccccc3)c3ccccc3)C2=Cc2c(c(c(s4)C=Cc3ccncc3)c2CC1)C=C1c2ccccc2N(c2ccccc2)c2ccccc21,0,,0.0000000,0.0000,0.0000000,0.0000,0.0000000,0.0000,0.0000000,0.0000,None,39
30.6758,55.8817,56.6705,0.8793140,CCCCOc1ccc(N(c2ccccc2)c2ccc(-c3ccc(C=Cc4sc(C=Cc5ccc(N(c6ccccc6)c6ccc(OCC)cc6)cc5)nc4-c4ccc(N(c5ccccc5)c5ccccc5)cc4)s3)cc2)cc1,1,C(=Cc1nc(-c2ccc(N(c3ccccc3)c3ccccc3)cc2)c(C=Cc2ccc(-c3ccc(N(c4ccccc4)c4ccccc4)cc3)s2)s1)c1ccc(N(c2ccccc2)c2ccccc2)cc1,0.9666750,483.4372,0.0668143,0.0668,0.4667360,3.8100,1.0000000,1.0000,[],39
57.6960,71.1713,-19.2849,0.4053627,COCC12CC(c3ccccc3N(c3ccccc3)c3ccccc3)=CC1=CC(=O)N(CCc1ccc(NC(=O)c3ccccc3)nc1)C2,1,O=C(Nc1ccc(CCN2CC3CC(c4ccccc4N(c4ccccc4)c4ccccc4)=CC3=CC2=O)cn1)c1ccccc1,0.4162384,396.3277,0.1565331,0.1565,0.4803156,3.6666,1.0000000,1.0000,[],39
39.5057,69.3962,-9.9126,0.4647158,NCCCn1cc[n+](CCC[n+]2ccc(C=Cc3cc[n+](CCC[n+]4ccc(N(c5ccccc5)c5ccccc5)cc4)cc3)cc2N=Cc2ccc(N(c3ccccc3)c3ccccc3)c3ccccc23)c1,1,C(=Cc1cc[n+](CCC[n+]2cc[nH]c2)c(N=Cc2ccc(N(c3ccccc3)c3ccccc3)c3ccccc23)c1)c1cc[n+](CCC[n+]2ccc(N(c3ccccc3)c3ccccc3)cc2)cc1,0.4973846,520.1136,0.0576388,0.0576,0.4221003,4.3126,1.0000000,1.0000,[],39
45.1881,58.8428,-31.3925,0.2144550,CCCc1ccc(N(c2ccc(C=C3c4cc(C)ccc4C=Cc4ccc(N(c5ccc(F)cc5)c5ccc(F)cc5)cc43)cc2)c2ccc(OCC)cc2)cc1,1,C1=Cc2ccc(N(c3ccccc3)c3ccccc3)cc2C(=Cc2ccc(N(c3ccccc3)c3ccccc3)cc2)c2ccccc21,0.2137095,385.8560,0.1309171,0.1309,0.5305012,3.1697,1.0000000,1.0000,[],39
39.6467,64.6766,41.5786,0.8301184,COc1ccc(N(c2ccccc2)c2ccc(C=Cc3ccc(N=C(CO)c4ccccc4)c(N=Cc4ccc5cccc(N(c6ccccc6)c6ccc(N(c7ccccc7)c7ccccc7)cc6)c5c4)c3)cc2)cc1,1,C(=Cc1ccc(N=Cc2ccccc2)c(N=Cc2ccc3cccc(N(c4ccccc4)c4ccc(N(c5ccccc5)c5ccccc5)cc4)c3c2)c1)c1ccc(N(c2ccccc2)c2ccccc2)cc1,0.9074687,424.7886,0.0727340,0.0727,0.4649357,3.8293,1.0000000,1.0000,[],39
33.0347,38.5626,-38.4176,0.0011326,c1ccc(-c2ccc3c(c2)c2cc(-n4c5ccccc5c5ccc6ccccc6c54)ccc2n3-c2ccc(N(c3ccccc3)c3ccccc3)cc2)cc1,1,c1ccc(-c2ccc3c(c2)c2cc(-n4c5ccccc5c5ccc6ccccc6c54)ccc2n3-c2ccc(N(c3ccccc3)c3ccccc3)cc2)cc1,0.0008482,323.2211,0.1681945,0.1682,0.5780509,2.7405,1.0000000,1.0000,[],39
30.7014,35.1716,63.5658,0.7713858,C1=c2ccccc2=NC2c3ccccc3N(c3ccccc3)c3cc4ccccc4cc3C12,1,C1=c2ccccc2=NC2c3ccccc3N(c3ccccc3)c3cc4ccccc4cc3C12,0.8021216,415.1960,0.2985817,0.2986,0.5006996,3.4587,1.0000000,1.0000,[],39
47.7476,57.0345,60.6816,0.9196571,N#CC(=C1c2ccccc2-c2sc(-c3nc(-c4ccccc4)c(-c4ccc(-c5ccc(N(c6ccccc6)c6ccccc6)cc5)cc4)c(C#N)c3C#N)cc21)c1ccccc1,1,C(=C1c2ccccc2-c2sc(-c3ccc(-c4ccc(-c5ccc(N(c6ccccc6)c6ccccc6)cc5)cc4)c(-c4ccccc4)n3)cc21)c1ccccc1,0.9880153,447.9034,0.1427027,0.1427,0.4993140,3.4726,1.0000000,1.0000,[],39
36.5543,49.8689,66.6932,0.9106415,Oc1ccccc1C=Nc1ccc2c(c1)N(c1ccc3c(c1)OCO3)C(c1ccccc1)=C(c1ccccc1)O2,1,C(=Nc1ccc2c(c1)N(c1ccc3c(c1)OCO3)C(c1ccccc1)=C(c1ccccc1)O2)c1ccccc1,0.9599412,434.4887,0.2366370,0.2366,0.5618600,2.8825,1.0000000,1.0000,[],39
29.3806,35.3322,-27.0313,0.0648509,Nc1ccc2cc(-c3ccc(N(c4ccccc4)c4ccc(-c5cccc6ccccc56)cc4)cc3)sc2c1,1,c1ccc(N(c2ccc(-c3cc4ccccc4s3)cc2)c2ccc(-c3cccc4ccccc34)cc2)cc1,0.0594230,370.0140,0.2296512,0.2297,0.6185165,2.4022,1.0000000,1.0000,[],39
64.4373,87.2629,-87.2629,0.0000000,C(CCCCC)c1cc2c(nc(s2)-c2cc3c(c(F)c4sc(-c5ccc(N(c6c(cc(cc6)-c6ccc(cc6)C=Cc6ccc(O)cc6)c6ccc(cc6)Cl)c5)CC)ccc4n3)cc2)s1,0,,0.0000000,0.0000,0.0000000,0.0000,0.0000000,0.0000,0.0000000,0.0000,None,39
37.8924,48.9935,71.4983,0.9413423,O=c1[nH]c2c(ccc3nc(-c4ccc(N(c5ccccc5)c5ccccc5)cc4)oc(=O)c32)nc1-c1ccc(O)cc1,1,O=c1[nH]c2c(ccc3nc(-c4ccc(N(c5ccccc5)c5ccccc5)cc4)oc(=O)c32)nc1-c1ccccc1,0.9952754,458.0894,0.2234371,0.2234,0.5772190,2.7477,1.0000000,1.0000,[],39
51.7068,70.0884,43.3177,0.8859848,O=[N+]([O-])c1ccc(Nc2ccc3c(Cl)c4cc(N(c5ccc(C=Cc6ccc(N(c7ccccc7)c7ccccc7)cc6)cc5)c5ccc(N(c6ccccc6)c6ccc(Br)cc6)cc5)ccc4nc3c2)cc1,1,C(=Cc1ccc(N(c2ccc(N(c3ccccc3)c3ccccc3)cc2)c2ccc3nc4cc(Nc5ccccc5)ccc4cc3c2)cc1)c1ccc(N(c2ccccc2)c2ccccc2)cc1,0.9819608,476.6031,0.0503093,0.0503,0.4947293,3.5187,1.0000000,1.0000,[],39
54.7930,79.0353,-79.0353,0.0000000,CCNc1ccc(C=Cc2c(C=Cc3ccc(N(c4ccccc4)c4ccccc4)cc3)c(-c3ccc(Cl)cc3)n(-c3ccc(C(=O)Nc4ccc5c(c4)CC(=O)N5)cc3)c2C(=O)O)cc1,1,O=C1Cc2cc(NC(=O)c3ccc(-n4cc(C=Cc5ccccc5)c(C=Cc5ccc(N(c6ccccc6)c6ccccc6)cc5)c4-c4ccccc4)cc3)ccc2N1,0.0000000,0.0000,0.0000000,0.0000,0.0000000,0.0000,0.0000000,0.0000,"['C(=[O,S])[O,S]']",39
31.7831,33.8424,-33.1059,0.0057544,Nc1cncc2ccc(NC3CCc4ccccc43)cc12,1,c1ccc2c(c1)CCC2Nc1ccc2cnccc2c1,0.0044782,341.3264,0.7450500,0.7451,0.5809927,2.7151,1.0000000,1.0000,[],39
38.9649,57.1977,58.8365,0.9065171,C=CCn1c(C=Cc2ccc(N(c3ccccc3)c3ccc(C=Cc4ccc(N(c5ccccc5)c5ccccc5)cc4)cc3)cc2)nc2[nH]c3c(OC)cccc3c2c1=O,1,O=c1[nH]c(C=Cc2ccc(N(c3ccccc3)c3ccc(C=Cc4ccc(N(c5ccccc5)c5ccccc5)cc4)cc3)cc2)nc2[nH]c3ccccc3c12,0.9861889,446.3433,0.0930098,0.0930,0.5045484,3.4205,1.0000000,1.0000,[],39
42.3259,49.4852,70.9303,0.9407459,CCCCC1=Nc2sc(NC)nc2C(=Cc2ccc(-c3ccccc3)s2)C1,1,C1=Nc2scnc2C(=Cc2ccc(-c3ccccc3)s2)C1,0.9723587,438.6567,0.4838652,0.4839,0.5306044,3.1687,1.0000000,1.0000,[],39
43.8570,62.0516,53.5219,0.9029180,CCCCOc1ccc(N(c2ccc(OC)cc2)c2ccc3c(-c4ccc(N(c5ccccc5)c5ccc(OCCCC)cc5)s4)c(-c4ccc(N(c5ccccc5)c5ccc(OC)cc5)cn4)sc3c2)cc1,1,c1ccc(N(c2ccccc2)c2ccc(-c3sc4cc(N(c5ccccc5)c5ccccc5)ccc4c3-c3ccc(N(c4ccccc4)c4ccccc4)s3)nc2)cc1,0.9939508,455.3917,0.0660142,0.0660,0.4765702,3.7057,1.0000000,1.0000,[],39
22.2579,22.7403,-22.7403,0.0000004,OC1COC(O)C(O)C1O,1,C1CCOCC1,0.0000002,233.1020,0.3042503,0.3043,0.4673693,3.8032,1.0000000,1.0000,[],39
28.9107,38.7837,59.2639,0.7659967,Clc1ccc2nc(C=Cc3ccc(N4CCOc5ccccc54)cc3)sc2c1,1,C(=Cc1nc2ccccc2s1)c1ccc(N2CCOc3ccccc32)cc1,0.7865275,414.1593,0.3818526,0.3819,0.6195688,2.3937,1.0000000,1.0000,[],39
44.0995,50.2058,73.2929,0.9648338,CCOc1[nH]c(=O)sc1N=Nc1ccc(N2CCN(C3=C(OC)C=CCC3)CC2)cc1,1,O=c1[nH]cc(N=Nc2ccc(N3CCN(C4=CC=CCC4)CC3)cc2)s1,0.9907753,450.7755,0.6361339,0.6361,0.5110735,3.3562,1.0000000,1.0000,[],39
39.4999,59.3363,58.9191,0.9238709,NC(=O)CCNc1ccc(C=Cc2ccc(-c3cc4c(s3)-c3ccc(N(c5ccccc5)c5ccccc5)cc3C4=Cc3ccc(-c4ccccc4)s3)s2)cc1,1,C(=Cc1ccc(-c2cc3c(s2)-c2ccc(N(c4ccccc4)c4ccccc4)cc2C3=Cc2ccc(-c3ccccc3)s2)s1)c1ccccc1,0.9953887,461.6456,0.1298196,0.1298,0.5080414,3.3860,1.0000000,1.0000,[],39
35.7918,56.7673,59.3018,0.9067899,C(=Cc1cc(Nc2ccccc2)cc[n+]1CCC[n+]1ccc(-c2cc[n+](CCC[n+]3ccc(N(c4ccccc4)c4ccccc4)cc3)cc2)cc1)c1ccc(N(c2ccccc2)c2ccccc2)cc1,1,C(=Cc1cc(Nc2ccccc2)cc[n+]1CCC[n+]1ccc(-c2cc[n+](CCC[n+]3ccc(N(c4ccccc4)c4ccccc4)cc3)cc2)cc1)c1ccc(N(c2ccccc2)c2ccccc2)cc1,0.9919615,467.7170,0.0820700,0.0821,0.4683318,3.7929,1.0000000,1.0000,[],39
20.9422,31.4285,92.9144,0.9714283,Cc1ccsc1C=Cc1cc[n+](Cc2cc[n+](C)cc2)cc1,1,C(=Cc1cccs1)c1cc[n+](Cc2cc[nH+]cc2)cc1,0.9960005,460.0935,0.6528227,0.6528,0.5382885,3.0968,1.0000000,1.0000,[],39
34.0817,54.9745,56.6942,0.8724115,CCn1c2ccccc2c2cc(N(c3ccccc3)c3ccc(-c4ccc(N(c5ccc(C=Cc6cccc(N(c7ccccc7)c7ccccc7)c6)cc5)c5ccc(C=Cc6ccc(N(c7ccccc7)c7ccccc7)s6)cc5)cc4)cc3)ccc21,1,C(=Cc1cccc(N(c2ccccc2)c2ccccc2)c1)c1ccc(N(c2ccc(C=Cc3ccc(N(c4ccccc4)c4ccccc4)s3)cc2)c2ccc(-c3ccc(N(c4ccccc4)c4ccc5[nH]c6ccccc6c5c4)cc3)cc2)cc1,0.9538429,432.8810,0.0796659,0.0797,0.4560489,3.9258,1.0000000,1.0000,[],39
36.2409,48.8758,49.4300,0.7680143,COCC[n+]1ccc(-c2nc(C3C=Cc4cccc[n+]4C3)cs2)cc1,1,C1=CC(c2csc(-c3cc[nH+]cc3)n2)C[n+]2ccccc21,0.7806600,413.7836,0.6618102,0.6618,0.4420030,4.0822,1.0000000,1.0000,[],39
54.3196,81.9228,23.4062,0.8228832,CCCCCCOc1ccc(N(c2ccc(N(c3ccc(OC)cc3)c3ccc(-c4cn(-c5ccc(F)cc5)cn4)cc3)cc2)c2ccc(N(c3ccc(C=CC=Cc4ccc(N(c5ccc(OC)cc5)c5ccc(OC)cc5)cc4)cc3)c3ccc(N(c4ccc(OC)cc4)c4ccc(OC)cc4)cc3)cc2)cc1,1,C(C=Cc1ccc(N(c2ccc(N(c3ccccc3)c3ccccc3)cc2)c2ccc(N(c3ccccc3)c3ccc(N(c4ccccc4)c4ccc(-c5cn(-c6ccccc6)cn5)cc4)cc3)cc2)cc1)=Cc1ccc(N(c2ccccc2)c2ccccc2)cc1,0.9272602,427.6357,0.0306179,0.0306,0.3943384,4.6527,1.0000000,1.0000,[],39
28.0984,29.9346,-29.8138,0.0009435,N=c1[nH]c(NCc2ccco2)nc2ccccc12,1,N=c1[nH]c(NCc2ccco2)nc2ccccc12,0.0006700,320.6595,0.6566600,0.6567,0.5919648,2.6215,1.0000000,1.0000,[],39
35.2550,40.8523,17.2668,0.4540557,CSCC[n+]1cccc(-c2cc3c[n+](CCCS(=O)(=O)O)ccc3s2)c1,1,c1c[nH+]cc(-c2cc3c[nH+]ccc3s2)c1,0.4529663,397.9513,0.4581981,0.4582,0.5020543,3.4452,1.0000000,1.0000,[],39
44.0007,68.3521,-68.3521,0.0000000,[C-]#[N+]N=c1oc(NC)c(-c2ccc(N(c3ccccc3)c3ccccc3)cc2)c2c(-c3ccc(N(c4ccccc4)c4ccccc4)cc3)sc(NC(=O)c3ccccc3)c12,1,N=c1occ(-c2ccc(N(c3ccccc3)c3ccccc3)cc2)c2c(-c3ccc(N(c4ccccc4)c4ccccc4)cc3)sc(NC(=O)c3ccccc3)c12,0.0000000,0.0000,0.0000000,0.0000,0.0000000,0.0000,0.0000000,0.0000,['[#7;!n][#7;!n]'],39
39.0845,62.6471,51.0059,0.8879140,COc1ccc(N(c2ccccc2)c2ccc(C=Cc3ccc(N(c4ccc(C=Cc5ccc(N(c6ccccc6)c6ccccc6)cc5)cc4)c4ccc(-c5ccc(N(c6ccc(C)cc6)c6ccc(C=Cc7ccc(N(c8ccccc8)c8ccccc8)c[n+]7C)cc6)cc5)cc4)cc3)cc2)cc1,1,C(=Cc1ccc(N(c2ccc(C=Cc3ccc(N(c4ccccc4)c4ccccc4)cc3)cc2)c2ccc(-c3ccc(N(c4ccccc4)c4ccc(C=Cc5ccc(N(c6ccccc6)c6ccccc6)c[nH+]5)cc4)cc3)cc2)cc1)c1ccc(N(c2ccccc2)c2ccccc2)cc1,0.9897080,470.4248,0.0468347,0.0468,0.4227736,4.3046,1.0000000,1.0000,[],39
49.0907,60.8434,24.5896,0.6674448,CCCSc1nc(=O)c2cc(-c3ccc(N(CC)CC)cc3)n(N=C(C)c3ccc(N(CC)CC)cc3)c2s1,1,O=c1ncsc2c1cc(-c1ccccc1)n2N=Cc1ccccc1,0.7058905,409.5057,0.1317307,0.1317,0.5323714,3.1521,1.0000000,1.0000,[],39
32.7854,52.0950,55.1919,0.8381787,Cc1ccc(N(c2ccccc2)c2ccc(C=Cc3ccc(N(c4ccc(C=Cc5ccc(N=Cc6cc(Cl)ccc6[N+](=O)[O-])cc5)cc4)c4ccc(C=Cc5ccc(N(c6ccccc6)c6ccccc6)cc5)cc4)cc3)cc2)cc1,1,C(=Cc1ccc(N(c2ccc(C=Cc3ccc(N(c4ccccc4)c4ccccc4)cc3)cc2)c2ccc(C=Cc3ccc(N(c4ccccc4)c4ccccc4)cc3)cc2)cc1)c1ccc(N=Cc2ccccc2)cc1,0.9358943,429.1082,0.0370720,0.0371,0.4786188,3.6843,1.0000000,1.0000,[],40
33.0790,45.1085,72.1283,0.9159123,CN(CCO)c1ccc(N=Nc2ccc3ccc(N=Nc4ccc(N(CCC#N)CCC#N)cc4)cc3n2)cc1,1,c1ccc(N=Nc2ccc3ccc(N=Nc4ccccc4)nc3c2)cc1,0.9738744,480.7141,0.1930976,0.1931,0.5130244,3.3372,1.0000000,1.0000,[],40
53.1326,81.3246,33.1300,0.8941766,CCN(CCCN(CC)c1nc2cc3c(cc2s1)OCCO3)c1ccc(N=Nc2cccc(C=Cc3ccc(N(c4ccccc4)c4ccc5sc(C=Cc6cc[n+](C)cc6)cc5c4)cc3)c2)cc1,1,C(=Cc1cc2cc(N(c3ccccc3)c3ccc(C=Cc4cccc(N=Nc5ccc(NCCCNc6nc7cc8c(cc7s6)OCCO8)cc5)c4)cc3)ccc2s1)c1cc[nH+]cc1,0.9931463,465.9728,0.0514540,0.0515,0.4424951,4.0766,1.0000000,1.0000,[],40
56.7182,87.0368,1.0087,0.6878552,COc1ccc(N(c2ccccc2)c2ccc(-c3cc(C=Cc4ccc(N(CCCN5C(=O)c6ccccc6C5=O)c5ccc(-c6c(N(c7ccccc7)c7ccccc7)ccc7cc(N(c8ccccc8)c8ccccc8)ccc67)cc5C(C)C)cc4)cs3)cc2)cc1,1,O=C1c2ccccc2C(=O)N1CCCN(c1ccc(C=Cc2csc(-c3ccc(N(c4ccccc4)c4ccccc4)cc3)c2)cc1)c1ccc(-c2c(N(c3ccccc3)c3ccccc3)ccc3cc(N(c4ccccc4)c4ccccc4)ccc23)cc1,0.7486813,411.8518,0.0664503,0.0665,0.4092607,4.4670,1.0000000,1.0000,[],40
45.4368,68.9051,43.0491,0.8746421,CCOc1ccc(N(c2ccc(OCCCCN(c3ccccc3)c3ccccc3)cc2)c2ccc(S(=O)(=O)CCCC[n+]3ccc(C=Cc4ccc(N(c5ccccc5)c5ccc([N+](=O)[O-])cc5)cc4)cc3)cc2)cc1,1,O=S(=O)(CCCC[n+]1ccc(C=Cc2ccc(N(c3ccccc3)c3ccccc3)cc2)cc1)c1ccc(N(c2ccccc2)c2ccc(OCCCCN(c3ccccc3)c3ccccc3)cc2)cc1,0.9930498,466.1257,0.0239163,0.0239,0.4648949,3.8297,1.0000000,1.0000,[],40
37.6000,53.2613,31.2976,0.6606164,c1ccc(N(c2ccccc2)c2ccc(N3c4ccccc4Sc4cc(-c5c(N(c6ccccc6)c6ccccc6)sc6csc(-c7cccs7)c56)ccc43)cc2)cc1,1,c1ccc(N(c2ccccc2)c2ccc(N3c4ccccc4Sc4cc(-c5c(N(c6ccccc6)c6ccccc6)sc6csc(-c7cccs7)c56)ccc43)cc2)cc1,0.6973652,409.0635,0.1432854,0.1433,0.4998051,3.4677,1.0000000,1.0000,[],40
74.2350,89.5692,-89.5692,0.0000000,C1(C=CC=c2occc2=CC=1)n1c(sc(-c2c(cccc2)C=c2c(n(CC(O)=O)c3=NC(=CC(=c32)c2ccc(cc2)N(c2ccccc2)c2ccccc2)C)=O)c1=O)=O,0,,0.0000000,0.0000,0.0000000,0.0000,0.0000000,0.0000,0.0000000,0.0000,None,40
42.1121,45.3253,-43.8289,0.0116905,N=c1c2ccccc2c(-c2ccc(Cl)cc2)cn1-c1cccc(Nc2ccc(Cl)cc2)n1,1,N=c1c2ccccc2c(-c2ccccc2)cn1-c1cccc(Nc2ccccc2)n1,0.0097092,349.7855,0.2993645,0.2994,0.6113998,2.4600,1.0000000,1.0000,[],40
57.8977,92.2042,19.8527,0.8754446,Cc1c(N=Nc2ccc(N(c3ccc(C=Cc4ccc(N(c5ccccc5)c5ccc(F)cc5)cc4)cc3)c3cc(F)c(C=Cc4cc[n+](C)cc4)cc3N)cc2)c(O)n(CCCN(c2ccccc2)c2ccccc2)c(=Nc2ccccc2)c1C#N,1,C(=Cc1ccc(N(c2ccc(C=Cc3ccc(N(c4ccccc4)c4ccccc4)cc3)cc2)c2ccc(N=Nc3ccc(=Nc4ccccc4)n(CCCN(c4ccccc4)c4ccccc4)c3)cc2)cc1)c1cc[nH+]cc1,0.9847491,474.7492,0.0359490,0.0359,0.3934935,4.6635,1.0000000,1.0000,[],40
39.1496,42.1464,-33.4658,0.0678176,Cc1c(C=O)ccc(N(c2ccccc2)c2ccc(-c3ccc(-c4ccccc4)c4ccccc34)cc2)c1C,1,c1ccc(-c2ccc(-c3ccc(N(c4ccccc4)c4ccccc4)cc3)c3ccccc23)cc1,0.0624730,370.5927,0.2107610,0.2108,0.6110280,2.4631,1.0000000,1.0000,[],40
36.6031,49.4980,-14.7488,0.2714778,C(=Cc1ccc(N(c2ccccc2)c2ccccc2)cc1)CNc1ccccc1N=Cc1ccccc1CC1CC1,1,C(=Cc1ccc(N(c2ccccc2)c2ccccc2)cc1)CNc1ccccc1N=Cc1ccccc1CC1CC1,0.2711472,389.2641,0.1710837,0.1711,0.5749918,2.7670,1.0000000,1.0000,[],40
35.2748,40.9137,-4.0732,0.2878158,N#Cc1c(N=Nc2ccc(N=Nc3ccccc3)cc2)sc(NC(=O)C=Cc2ccccc2Cl)c1N,1,O=C(C=Cc1ccccc1)Nc1ccc(N=Nc2ccc(N=Nc3ccccc3)cc2)s1,0.2877772,529.8390,0.1908322,0.1908,0.5365110,3.1133,1.0000000,1.0000,[],40
33.3674,62.3623,52.9497,0.9008752,Cc1c(C=Cc2ccc(C=C(c3ccccc3)c3ccccc3)s2)sc2c(N(c3ccccc3)c3ccccc3)ccc(-c3ccc(N(c4ccc(-c5ccc(C=Cc6ccc(N(c7ccccc7)c7ccccc7)cc6)cc5)cc4)c4ccc(N(c5ccccc5)c5ccccc5)cc4)cc3)c12,1,C(=Cc1ccc(N(c2ccccc2)c2ccccc2)cc1)c1ccc(-c2ccc(N(c3ccc(-c4ccc(N(c5ccccc5)c5ccccc5)c5sc(C=Cc6ccc(C=C(c7ccccc7)c7ccccc7)s6)cc45)cc3)c3ccc(N(c4ccccc4)c4ccccc4)cc3)cc2)cc1,0.9945732,456.5774,0.0664867,0.0665,0.4086799,4.4741,1.0000000,1.0000,[],40
31.6904,53.9243,-53.9243,0.0000000,COc1ccc(C=NNc2ccc(C=Nc3ccc(C=Cc4cc[n+](CC=Cc5ccccc5)cc4)cc3)cc2[N+](=O)[O-])cc1,1,C(=Cc1ccccc1)C[n+]1ccc(C=Cc2ccc(N=Cc3ccc(NN=Cc4ccccc4)cc3)cc2)cc1,0.0000000,0.0000,0.0000000,0.0000,0.0000000,0.0000,0.0000000,0.0000,['[#7;!n][#7;!n]'],40
21.7524,32.6720,86.2848,0.9293497,COc1ccc(N(c2ccc(-c3ccc(N(c4ccccc4)c4ccccc4)cc3)cc2)c2ccc3nsnc3c2)cc1,1,c1ccc(N(c2ccccc2)c2ccc(-c3ccc(N(c4ccccc4)c4ccc5nsnc5c4)cc3)cc2)cc1,0.9875155,447.4543,0.1800050,0.1800,0.6098118,2.4730,1.0000000,1.0000,[],40
59.5886,68.3017,-45.4594,0.1784558,CN1CCSC1c1ccc2c(c1)N(c1ccc(NCc3ccccn3)cc1)c1cc(=O)c3ccccc3n1N2,1,O=c1cc2n(c3ccccc13)Nc1ccc(C3NCCS3)cc1N2c1ccc(NCc2ccccn2)cc1,0.1725517,382.9795,0.2684311,0.2684,0.4782128,3.6885,1.0000000,1.0000,[],40
31.9021,49.4565,-44.2373,0.0407750,N=c1oc2ccc(-n3c(-c4ccccc4)c(-c4ccccc4)c4ccccc43)cc2c2cc(N(c3ccccc3)c3ccccc3)ccc12,1,N=c1oc2ccc(-n3c(-c4ccccc4)c(-c4ccccc4)c4ccccc43)cc2c2cc(N(c3ccccc3)c3ccccc3)ccc12,0.0367749,364.5456,0.1860396,0.1860,0.5643899,2.8600,1.0000000,1.0000,[],40
44.3689,73.2642,32.5670,0.8268065,CCCCOc1ccc(N(c2ccc(C=Cc3ccc(C=Cc4ccc(N=Nc5cccc(NCCCN(CCCC)CCCC)c5N)c(OC)c4)s3)cc2)c2ccc(C3CCCCC3)cc2)cc1,1,C(=Cc1ccc(C=Cc2ccc(N(c3ccccc3)c3ccc(C4CCCCC4)cc3)cc2)s1)c1ccc(N=Nc2ccccc2)cc1,0.9275127,492.3235,0.0319978,0.0320,0.4621894,3.8589,1.0000000,1.0000,[],40
48.3929,87.5174,26.7264,0.8925299,C=CCc1nc(Nc2ccc3ccn(CCO)c3c2)ncc1C=Cc1ccc(N=Cc2ccc(N(C)CCO)cc2)c(N=Nc2ccc(N(c3ccccc3)c3ccccc3)cc2)c1,1,C(=Cc1ccc(N=Cc2ccccc2)c(N=Nc2ccc(N(c3ccccc3)c3ccccc3)cc2)c1)c1cnc(Nc2ccc3cc[nH]c3c2)nc1,0.9949437,462.6508,0.0445815,0.0446,0.4591756,3.8916,1.0000000,1.0000,[],40
41.5637,47.1070,72.7970,0.9367498,O=C1c2ccccc2-c2c1c(-c1cccc3c(-c4ccccc4)nc4ccccc4c13)c1ccccc1c2NCc1ccccc1,1,O=C1c2ccccc2-c2c1c(-c1cccc3c(-c4ccccc4)nc4ccccc4c13)c1ccccc1c2NCc1ccccc1,0.9927990,453.4868,0.2034209,0.2034,0.5856956,2.6748,1.0000000,1.0000,[],40
30.8553,42.8206,-27.5368,0.1194046,N#Cc1cc(N)c(N=Nc2c(N)cc(N)c(N)c2C#N)s1,1,c1ccc(N=Nc2cccs2)cc1,0.1109899,542.5906,0.4874050,0.4874,0.4658630,3.8193,1.0000000,1.0000,[],40
32.7016,32.1896,-31.2801,0.0071061,O=C1c2cccc3cc(F)cc(c23)C(=O)N1c1ccc(Br)cc1,1,O=C1c2cccc3cccc(c23)C(=O)N1c1ccccc1,0.0056179,343.8006,0.5900504,0.5901,0.6611072,2.0692,1.0000000,1.0000,[],40
53.0086,84.3813,-84.3813,0.0000000,NCC#Cc1ccc2c(CC=Cc3ccc4c(c3)CCCN4c3ccc(N=Cc4ccc(-c5ccc6ccccc6c5)s4)cc3)coc2c1,1,C(=Cc1ccc2c(c1)CCCN2c1ccc(N=Cc2ccc(-c3ccc4ccccc4c3)s2)cc1)Cc1coc2ccccc12,0.0000000,0.0000,0.0000000,0.0000,0.0000000,0.0000,0.0000000,0.0000,['C#C'],40
47.2454,78.3636,35.2538,0.8876363,COc1ccc(N(c2ccccc2)c2ccc(C=C[n+]3ccc(C=Cc4ccc5cc(OCCCCCCN(C)c6ccc(C=Cc7cc8cc(C=Cc9ccc(N(c%10ccccc%10)c%10ccccc%10)cc9)sc8s7)cc6)ccc5c4)cc3)cc2)cc1,1,C(=Cc1cc2cc(C=Cc3ccc(N(c4ccccc4)c4ccccc4)cc3)sc2s1)c1ccc(NCCCCCCOc2ccc3cc(C=Cc4cc[n+](C=Cc5ccc(N(c6ccccc6)c6ccccc6)cc5)cc4)ccc3c2)cc1,0.9913059,468.5754,0.0444653,0.0445,0.4167294,4.3766,1.0000000,1.0000,[],40
46.3000,67.3210,39.6067,0.8353728,O=c1ccccn1-c1ccc(N(c2ccccc2)c2ccc3nc(C=Cc4ccc(N(c5ccccc5)c5ccccc5)s4)cn3c2)c(Cl)c1,1,O=c1ccccn1-c1ccc(N(c2ccccc2)c2ccc3nc(C=Cc4ccc(N(c5ccccc5)c5ccccc5)s4)cn3c2)cc1,0.8906838,422.7760,0.1514740,0.1515,0.5148028,3.3199,1.0000000,1.0000,[],40
24.6716,32.5816,-7.8525,0.1931962,CC1(C)c2ccccc2-c2ccc(N3c4ccccc4N(c4ccccc4)c4ccc(N(c5ccccc5)c5ccccc5)cc43)cc21,1,c1ccc(N(c2ccccc2)c2ccc3c(c2)N(c2ccc4c(c2)Cc2ccccc2-4)c2ccccc2N3c2ccccc2)cc1,0.1888417,384.1748,0.1902100,0.1902,0.5840375,2.6890,1.0000000,1.0000,[],40
57.6109,83.5512,24.1078,0.8410858,CN=C1SC(=Cc2c(C)c(C=Nc3ccc(OC)cc3)c(=O)n(Cc3ccccc3)c2C)C=C1N=Cc1ccc(N(c2ccccc2)c2ccccc2)o1,1,N=C1SC(=Cc2cc(C=Nc3ccccc3)c(=O)n(Cc3ccccc3)c2)C=C1N=Cc1ccc(N(c2ccccc2)c2ccccc2)o1,0.9046945,495.5654,0.1239936,0.1240,0.4656653,3.8214,1.0000000,1.0000,[],40
44.3669,61.2873,1.5934,0.4912557,CCOc1ccc(N(c2ccc(C=Cc3ccncc3)cc2)c2ccc(-c3cc(N(c4ccccc4)c4ccccc4)ccn3)c(Nc3ncccn3)c2)cc1,1,C(=Cc1ccc(N(c2ccccc2)c2ccc(-c3cc(N(c4ccccc4)c4ccccc4)ccn3)c(Nc3ncccn3)c2)cc1)c1ccncc1,0.5120980,400.5255,0.1256322,0.1256,0.5277850,3.1953,1.0000000,1.0000,[],40
37.5619,61.3156,-61.3156,0.0000000,N=c1ccc2c(-c3ccc(C(=O)O)cc3)c3ccc(C=Cc4cccc5ccccc45)cc3oc-2c1-c1ccc(N(c2ccccc2)c2ccc(C=Cc3ccc(N(c4ccccc4)c4ccccc4)cc3)cc2)cc1,1,N=c1ccc2c(-c3ccccc3)c3ccc(C=Cc4cccc5ccccc45)cc3oc-2c1-c1ccc(N(c2ccccc2)c2ccc(C=Cc3ccc(N(c4ccccc4)c4ccccc4)cc3)cc2)cc1,0.0000000,0.0000,0.0000000,0.0000,0.0000000,0.0000,0.0000000,0.0000,"['C(=[O,S])[O,S]']",40
67.0373,88.3908,-88.3908,0.0000000,c1c2-c3c(cc4c(c3F)ccc(c4C#N)C=Cc3sc(cc3)C=C([N+]#[C-])C(=O)O)-c3ccccn3B(c2ccc1)c1oc(cc1)C=Cc1ccc(cc1)N(c1ccccc1)c1ccccc1,0,,0.0000000,0.0000,0.0000000,0.0000,0.0000000,0.0000,0.0000000,0.0000,None,40
23.8702,28.0711,46.3207,0.5811860,Brc1ccc2nc3ccccc3c(Nc3ccccc3)c2c1,1,c1ccc(Nc2c3ccccc3nc3ccccc23)cc1,0.5833995,403.6562,0.4562605,0.4563,0.6975104,1.8012,1.0000000,1.0000,[],40
29.3594,44.1939,71.5170,0.9039915,CCN(CC)c1ccc(C=NC(C#N)=Cc2cccc(N=Nc3ccc(N(c4ccccc4)c4ccccc4)cc3)c2)cc1,1,C(=Cc1cccc(N=Nc2ccc(N(c3ccccc3)c3ccccc3)cc2)c1)N=Cc1ccccc1,0.9833147,444.2589,0.0895075,0.0895,0.5339910,3.1369,1.0000000,1.0000,[],40
38.5809,51.4857,65.2202,0.9117650,Cc1ccc(N(c2ccccc2)c2ccc(N(c3ccc(-c4ccc(C=Cc5ccc(-c6ccc(N(c7ccccc7)c7ccccc7)cc6)s5)s4)cc3)c3ccc4c(c3)c3ccccc3n4-c3ccccc3)cc2)cc1,1,C(=Cc1ccc(-c2ccc(N(c3ccc(N(c4ccccc4)c4ccccc4)cc3)c3ccc4c(c3)c3ccccc3n4-c3ccccc3)cc2)s1)c1ccc(-c2ccc(N(c3ccccc3)c3ccccc3)cc2)s1,0.9879213,447.8176,0.1078691,0.1079,0.4960072,3.5058,1.0000000,1.0000,[],40
48.2744,70.4162,-70.4162,0.0000000,N=C1NC(c2ccc(-c3ccc(N(c4ccccc4)c4ccccc4)cc3)c3nsnc23)=Nc2cc3c(cc2-c2nc(N(c4ccccc4)c4ccccc4)sc21)OCO3,1,N=C1NC(c2ccc(-c3ccc(N(c4ccccc4)c4ccccc4)cc3)c3nsnc23)=Nc2cc3c(cc2-c2nc(N(c4ccccc4)c4ccccc4)sc21)OCO3,0.0000000,0.0000,0.0000000,0.0000,0.0000000,0.0000,0.0000000,0.0000,['[*;r{8-17}]'],40
44.1494,68.4776,44.9597,0.8862288,CCNc1c(N(c2ccccc2)c2cccs2)ccc2c(-c3c(OC)ccc4ccccc34)c(C=Cc3ccc(N(c4ccccc4)c4ccc(OC)cc4)cc3)sc12,1,C(=Cc1sc2cc(N(c3ccccc3)c3cccs3)ccc2c1-c1cccc2ccccc12)c1ccc(N(c2ccccc2)c2ccccc2)cc1,0.9541599,432.9594,0.1256061,0.1256,0.4974774,3.4910,1.0000000,1.0000,[],40
37.1879,51.6920,51.6666,0.8074891,O=C1c2ccc(-c3ccc(N(c4ccc(-c5ccc(-c6cccs6)s5)cc4)c4ccc(N(c5ccccc5)c5ccccc5)cc4)cc3)cc2C(=O)N1c1ccc2ccccc2c1,1,O=C1c2ccc(-c3ccc(N(c4ccc(-c5ccc(-c6cccs6)s5)cc4)c4ccc(N(c5ccccc5)c5ccccc5)cc4)cc3)cc2C(=O)N1c1ccc2ccccc2c1,0.8632658,420.0067,0.1286357,0.1286,0.5320159,3.1554,1.0000000,1.0000,[],40
40.3050,61.6270,50.5246,0.8761846,CN(C)[n+]1ccc(C[n+]2ccc(C[n+]3ccc(C=Cc4ccc(SCC[n+]5ccc(C=Cc6ccc(N=Cc7cc[n+](C)cc7)cc6)cc5)s4)cc3)cc2)cc1,1,C(=Cc1cc[n+](CCSc2ccc(C=Cc3cc[n+](Cc4cc[n+](Cc5cc[nH+]cc5)cc4)cc3)s2)cc1)c1ccc(N=Cc2cc[nH+]cc2)cc1,0.9662225,483.5887,0.0646341,0.0646,0.4196853,4.3413,1.0000000,1.0000,[],40
66.7881,76.7124,30.5954,0.8383421,CCN(CC)c1ccc(N(c2ccc(N(c3ccccc3)c3ccc(OC)cc3)cc2)c2ccc3c(c2)c(-c2nccnc2-c2cc4c(s2)OCCCO4)c(N(c2ccccc2)c2ccccc2)c2ccc(N(CC)CC)cc23)cc1,1,c1ccc(N(c2ccccc2)c2ccc(N(c3ccccc3)c3ccc4c(c3)c(-c3nccnc3-c3cc5c(s3)OCCCO5)c(N(c3ccccc3)c3ccccc3)c3ccccc34)cc2)cc1,0.9166308,426.0297,0.0776227,0.0776,0.4283947,4.2386,1.0000000,1.0000,[],40
50.0237,58.3093,-22.0371,0.2833765,CC1(C)c2ccccc2-c2cc3ccc(-c4ccc(-c5cc6c(c7c5sc5ccc(N(c8ccccc8)c8ccccc8)cc57)-c5ccccc5C6)s4)cc3cc21,1,c1ccc(N(c2ccccc2)c2ccc3sc4c(-c5ccc(-c6ccc7cc8c(cc7c6)Cc6ccccc6-8)s5)cc5c(c4c3c2)-c2ccccc2C5)cc1,0.2845486,389.9894,0.1687325,0.1687,0.5069460,3.3968,1.0000000,1.0000,[],40
44.6470,60.6206,-60.1561,0.0036289,N#CCCN(CCC#N)c1ccc(N=Nc2ccc(N=Nc3c(N=Nc4ccc5nc(N6CCCCC6)sc5c4)ccc4cc5ccccc5c(N)c34)cc2)cc1,1,c1ccc(N=Nc2ccc(N=Nc3c(N=Nc4ccc5nc(N6CCCCC6)sc5c4)ccc4cc5ccccc5cc34)cc2)cc1,0.0029789,583.1164,0.0737275,0.0737,0.4678874,3.7976,1.0000000,1.0000,[],40
28.9571,30.7726,-21.0381,0.0760515,O=[N+]([O-])c1ccc(Sc2ccccc2)c(C=Cc2ccccn2)c1,1,C(=Cc1ccccc1Sc1ccccc1)c1ccccn1,0.0686875,371.6945,0.4684127,0.4684,0.6277369,2.3282,1.0000000,1.0000,[],40
39.9070,68.9259,46.3586,0.9006598,COc1ccc(N(c2ccc(C=Cc3ccc(C=C(c4ccccc4)c4ccccc4)s3)cc2)c2ccc(C=Cc3cc(C=Cc4ccc(N(c5ccccc5)c5ccc(C=Cc6ccc(C=O)s6)cc5)cc4)nc4ccc(Cl)cc34)cc2)cc1,1,C(=Cc1cc(C=Cc2ccc(N(c3ccccc3)c3ccc(C=Cc4ccc(C=C(c5ccccc5)c5ccccc5)s4)cc3)cc2)c2ccccc2n1)c1ccc(N(c2ccccc2)c2ccc(C=Cc3cccs3)cc2)cc1,0.9892880,449.1363,0.0755246,0.0755,0.4296111,4.2244,1.0000000,1.0000,[],40
83.3917,113.1534,-113.1534,0.0000000,c1cc2c(cc(N(c3ccc(OCCCC)cc3)c3ccc(s3)C=c3sc=3S(=O)(CN(c3cccnc3)c3ccccc3)=O)cc2)cc1N1c2c(occ2)CC1=Cc1ccc(N(c2ccccc2)c2ccccc2)cc1,0,,0.0000000,0.0000,0.0000000,0.0000,0.0000000,0.0000,0.0000000,0.0000,None,40
45.6971,68.3287,26.9436,0.7443150,O=c1cc(C=Cc2ccc(N(c3ccc(C=Cc4ccccn4)cc3)c3cccc(C=C(c4ccccc4)c4ccccc4)c3)c3nsnc23)oc2cc(N3CCCCC3)ccc12,1,O=c1cc(C=Cc2ccc(N(c3ccc(C=Cc4ccccn4)cc3)c3cccc(C=C(c4ccccc4)c4ccccc4)c3)c3nsnc23)oc2cc(N3CCCCC3)ccc12,0.7958448,505.2283,0.1201070,0.1201,0.4776810,3.6941,1.0000000,1.0000,[],40
26.1523,40.9218,-40.9218,0.0000000,CCCCNc1c2cc(C(=O)O)ccc2nn1-c1ccc(N(c2ccccc2)c2ccccc2)cc1,1,c1ccc(N(c2ccccc2)c2ccc(-n3cc4ccccc4n3)cc2)cc1,0.0000000,0.0000,0.0000000,0.0000,0.0000000,0.0000,0.0000000,0.0000,"['C(=[O,S])[O,S]']",40
44.0307,60.4192,51.9171,0.8776270,CCCCCCCCCCCCCCCCCCCCNc1ccc(N=Nc2ccc(N(c3ccc(C=Cc4ccc(N(c5ccccc5)c5ccccc5C)cc4)cc3)c3ccccc3CCCCCCCC)cc2)cc1,1,C(=Cc1ccc(N(c2ccccc2)c2ccc(N=Nc3ccccc3)cc2)cc1)c1ccc(N(c2ccccc2)c2ccccc2)cc1,0.9957766,459.3125,0.0239815,0.0240,0.4819418,3.6497,1.0000000,1.0000,[],40
54.1433,83.6387,29.9728,0.8875903,COc1ccc(N(c2ccccc2)c2ccc(N=Nc3c(OC)cc(C=Cc4ccc(N=Nc5ccc6cc(C#N)c(N=Nc7ccc8cc(N)ccc8c7O)cc6c5)c(OC)c4)c(OC)c3OC)cc2)cc1,1,C(=Cc1ccc(N=Nc2ccc3ccc(N=Nc4ccc5ccccc5c4)cc3c2)cc1)c1ccc(N=Nc2ccc(N(c3ccccc3)c3ccccc3)cc2)cc1,0.9846082,474.8507,0.0538124,0.0538,0.4308155,4.2104,1.0000000,1.0000,[],40
49.3998,69.7474,26.4808,0.7517829,O=Nc1ncc2ccc3c(N(c4ccccc4)c4ccc(OCCNc5ccccc5)cc4)cccc3c2c1C=Cc1ccc(N(c2ccccc2)c2ccccc2)cc1,1,C(=Cc1cncc2ccc3c(N(c4ccccc4)c4ccc(OCCNc5ccccc5)cc4)cccc3c12)c1ccc(N(c2ccccc2)c2ccccc2)cc1,0.8178753,503.6920,0.0673262,0.0673,0.5125194,3.3421,1.0000000,1.0000,[],40
29.4770,31.5487,6.7770,0.2994194,CCSCCC[n+]1ccc(-c2cccc[n+]2CC)cc1,1,c1ccc(-c2cc[nH+]cc2)[nH+]c1,0.2900459,390.2809,0.5611196,0.5611,0.5287391,3.1863,1.0000000,1.0000,[],40
42.4660,61.3490,-51.3232,0.0783263,CCCCCCCCn1c(=N)sc2cc(N(c3ccccc3)c3ccc(N(c4ccc(N(c5ccccc5)c5ccc(N(c6ccccc6)c6ccccc6)cc5)cc4)c4ccc5c(c4)oc(=O)n5C)cc3)ccc21,1,N=c1[nH]c2ccc(N(c3ccccc3)c3ccc(N(c4ccc(N(c5ccccc5)c5ccc(N(c6ccccc6)c6ccccc6)cc5)cc4)c4ccc5[nH]c(=O)oc5c4)cc3)cc2s1,0.0753052,372.7707,0.0813561,0.0814,0.4793230,3.6769,1.0000000,1.0000,[],40
40.1790,61.0215,46.5535,0.8404297,C(=Nc1ccc2c(c1)cc(-c1ccc(N(c3ccccc3)c3ccc(N(c4ccccc4)c4ccccc4)cc3)cc1)c1cc(N=Nc3ccc4ccccc4c3)ccc12)c1ccc(N(c2ccccc2)c2ccccc2)cc1,1,C(=Nc1ccc2c(c1)cc(-c1ccc(N(c3ccccc3)c3ccc(N(c4ccccc4)c4ccccc4)cc3)cc1)c1cc(N=Nc3ccc4ccccc4c3)ccc12)c1ccc(N(c2ccccc2)c2ccccc2)cc1,0.9230042,426.9684,0.0619437,0.0619,0.4896656,3.5702,1.0000000,1.0000,[],40
34.5980,43.1053,71.4153,0.8946925,N#Cc1cccc(N(c2ccccc2)c2ccc(-c3ccc(-c4ccc(-c5c6ccccc6c(N(c6ccccc6)c6ccccc6)c6ccccc56)s4)cc3)cc2)c1,1,c1ccc(N(c2ccccc2)c2ccc(-c3ccc(-c4ccc(-c5c6ccccc6c(N(c6ccccc6)c6ccccc6)c6ccccc56)s4)cc3)cc2)cc1,0.9588223,434.1769,0.1369381,0.1369,0.5576267,2.9203,1.0000000,1.0000,[],40
31.5041,49.5339,64.3825,0.8899719,N=C(N)c1ccc(C=Cc2cc[n+](Cc3ccccc3)cc2)cc1C=Nc1ccc(N(c2ccccc2)c2ccccc2)cc1,1,C(=Cc1cccc(C=Nc2ccc(N(c3ccccc3)c3ccccc3)cc2)c1)c1cc[n+](Cc2ccccc2)cc1,0.9646728,435.9068,0.0960661,0.0961,0.5456426,3.0290,1.0000000,1.0000,[],40
47.8083,56.0142,0.4611,0.4412135,COc1ccc(C2c3ccccc3C=Cc3cc(Nc4ccc(N5c6ccccc6N(c6ccccc6)c6ccccc65)c5cccnc45)ccc32)cc1,1,C1=Cc2cc(Nc3ccc(N4c5ccccc5N(c5ccccc5)c5ccccc54)c4cccnc34)ccc2C(c2ccccc2)c2ccccc21,0.4522107,397.9182,0.1873901,0.1874,0.4950301,3.5157,1.0000000,1.0000,[],40
39.3696,60.3045,12.4995,0.5687813,CCOc1ccc(N(c2ccc(-c3ccc(N(c4ccccc4)c4ccccc4)s3)cc2)c2c(OCC)c3ccc(N(c4ccccc4)c4ccccc4)cc3c3c4ccccc4n(CC)c23)cc1,1,c1ccc(N(c2ccccc2)c2ccc3cc(N(c4ccccc4)c4ccc(-c5ccc(N(c6ccccc6)c6ccccc6)s5)cc4)c4[nH]c5ccccc5c4c3c2)cc1,0.6024342,404.5125,0.1023233,0.1023,0.4859565,3.6082,1.0000000,1.0000,[],40
39.3628,53.6705,65.1422,0.9282241,Cn1c2cc(-c3ccc4sc5ccccc5c4c3)cc-2cc2cc(C=Cc3ccc(N(c4ccccc4)c4ccccc4)cc3)ccc21,1,C(=Cc1ccc2[nH]c3cc(-c4ccc5sc6ccccc6c5c4)cc-3cc2c1)c1ccc(N(c2ccccc2)c2ccccc2)cc1,0.9905391,469.5015,0.1656187,0.1656,0.5624410,2.8773,1.0000000,1.0000,[],40
73.6932,107.1049,7.2405,0.8933232,CCCN(CCC)c1ccc(-c2ccc(C(=O)c3c(Nc4ccc(C=Cc5cccs5)s4)sc4nccc(C=Cc5csc(NC(=O)Cc6ccc(N=Nc7ccc(N(c8ccccc8)c8ccccc8)cc7)cc6)c5)c34)s2)cc1,1,O=C(Cc1ccc(N=Nc2ccc(N(c3ccccc3)c3ccccc3)cc2)cc1)Nc1cc(C=Cc2ccnc3sc(Nc4ccc(C=Cc5cccs5)s4)c(C(=O)c4ccc(-c5ccccc5)s4)c23)cs1,0.9938109,455.1419,0.0517755,0.0518,0.4048712,4.5209,1.0000000,1.0000,[],40
48.6628,66.7912,49.1872,0.9060817,Cc1c(C=O)c(N=Cc2ccc(N(c3ccccc3)c3ccccc3)cc2)cc2nc3ccc4c(c3cc12)N(c1ccccc1)c1ccccc1C=N4,1,C(=Nc1ccc2cc3c4c(ccc3nc2c1)N=Cc1ccccc1N4c1ccccc1)c1ccc(N(c2ccccc2)c2ccccc2)cc1,0.9847952,474.7159,0.0952818,0.0953,0.5080690,3.3857,1.0000000,1.0000,[],40
37.6377,64.6123,-64.6123,0.0000000,c1c(ccc(c1)-c1sc(c(C=Cc2sc(cc2)-c2ccc(N=c3c(-c4ccccc4)cc(N(c4ccccc4)c4ccccc4)cc3)s2)c1)N(c1ccccc1)c1ccccc1)OC,0,,0.0000000,0.0000,0.0000000,0.0000,0.0000000,0.0000,0.0000000,0.0000,None,40
46.8371,63.5588,-2.8753,0.4740897,Cc1ccc(N(c2ccc(F)cc2)c2ccc(C=Cc3nn(-c4ccc(F)c(F)c4)c4ncc(F)cc34)c(F)c2)cc1,1,C(=Cc1nn(-c2ccccc2)c2ncccc12)c1ccc(N(c2ccccc2)c2ccccc2)cc1,0.4864350,399.4107,0.1880720,0.1881,0.5595809,2.9028,1.0000000,1.0000,[],40
28.8079,51.4533,61.9999,0.8863530,C(=Cc1ccc(N(c2ccccc2)c2ccc(C=Cc3ccc(N(c4ccc(C=Cc5ccc(N(c6ccccc6)c6ccccc6)cc5)cc4)c4ccc(-c5ccccc5)cc4)cc3)cc2)cc1)CCC[n+]1ccc(C=Cc2ccccc2)cc1,1,C(=Cc1ccc(N(c2ccccc2)c2ccc(C=Cc3ccc(N(c4ccc(C=Cc5ccc(N(c6ccccc6)c6ccccc6)cc5)cc4)c4ccc(-c5ccccc5)cc4)cc3)cc2)cc1)CCC[n+]1ccc(C=Cc2ccccc2)cc1,0.9896955,449.5619,0.0404530,0.0405,0.4825954,3.6429,1.0000000,1.0000,[],40
36.0257,56.9572,46.6772,0.8096440,CC[n+]1ccc(C=Cc2cc[n+](CCC[n+]3ccc(N(c4ccccc4)c4ccc(C=Cc5cc[n+](Cc6cc[n+](CCn7cc[n+](C)c7)cc6)cc5)cc4)cc3)cc2)cc1,1,C(=Cc1cc[n+](CCC[n+]2ccc(N(c3ccccc3)c3ccc(C=Cc4cc[n+](Cc5cc[n+](CCn6cc[nH+]c6)cc5)cc4)cc3)cc2)cc1)c1cc[nH+]cc1,0.8798545,498.3824,0.0883199,0.0883,0.4326153,4.1895,1.0000000,1.0000,[],40
34.9777,44.5971,19.1157,0.4977566,CCCCOc1ccc(C(=Cc2ccc(N(c3ccc(C=C(c4ccccc4)c4ccccc4)cc3)c3ccc(N(c4ccccc4)c4ccc(OCCCC)cc4)cc3)cc2)c2ccc(OC)cc2)cc1,1,C(=C(c1ccccc1)c1ccccc1)c1ccc(N(c2ccc(C=C(c3ccccc3)c3ccccc3)cc2)c2ccc(N(c3ccccc3)c3ccccc3)cc2)cc1,0.5334761,401.4560,0.0529622,0.0530,0.5332639,3.1437,1.0000000,1.0000,[],40
44.0184,60.7589,56.4405,0.9156202,CC(C)c1ccc2nc3c(C=Cc4ccc(N(c5ccccc5)c5ccccc5)cc4)ccc(C=C4c5ccccc5CC[n+]5ccccc54)c3n2c1,1,C(=Cc1ccc(C=C2c3ccccc3CC[n+]3ccccc32)c2c1nc1ccccn12)c1ccc(N(c2ccccc2)c2ccccc2)cc1,0.9880859,447.9684,0.1231864,0.1232,0.4979386,3.4864,1.0000000,1.0000,[],40
34.6329,53.7960,9.5195,0.4946520,CCCCc1nc2ccccc2n1-c1ccc(-c2ccc(N(c3ccc(-c4cccc5ccccc45)cc3)c3ccc(N(c4ccccc4)c4ccc(C=Cc5ccc(N(c6ccccc6)c6ccccc6)cc5)cc4)cc3)cc2)cc1,1,C(=Cc1ccc(N(c2ccccc2)c2ccc(N(c3ccc(-c4ccc(-n5cnc6ccccc65)cc4)cc3)c3ccc(-c4cccc5ccccc45)cc3)cc2)cc1)c1ccc(N(c2ccccc2)c2ccccc2)cc1,0.5231687,401.0069,0.0849617,0.0850,0.4849198,3.6189,1.0000000,1.0000,[],41
71.4262,91.5373,17.2638,0.8500087,CCCCN(CCCCCc1c(C=Cc2ccc(N(c3ccccc3)c3ccc(N(c4ccc(F)cc4)c4ccc(N(c5ccccc5)c5ccccc5)cc4)cc3)cc2)c2ccccc2n1-c1ccccc1)c1ccc(N=Nc2cccn2CCCCCCN=Nc2ccccc2)cc1,1,C(=Cc1c(CCCCCNc2ccc(N=Nc3cccn3CCCCCCN=Nc3ccccc3)cc2)n(-c2ccccc2)c2ccccc12)c1ccc(N(c2ccccc2)c2ccc(N(c3ccccc3)c3ccc(N(c4ccccc4)c4ccccc4)cc3)cc2)cc1,0.9596817,485.5844,0.0311092,0.0311,0.3808840,4.8263,1.0000000,1.0000,[],41
72.9040,88.6388,19.8436,0.8475185,COc1ccc(-c2nc(C=Cc3ccc4c5c(ccc4n3)N(c3ccc(N(c4ccccc4)c4ccccc4)cc3)c3ccccc3C5=C(CCC#N)c3ccccc3)c[nH]2)cc1C=O,1,C(=Cc1ccc2c3c(ccc2n1)N(c1ccc(N(c2ccccc2)c2ccccc2)cc1)c1ccccc1C3=Cc1ccccc1)c1c[nH]c(-c2ccccc2)n1,0.9124803,425.4529,0.1223188,0.1223,0.4630252,3.8499,1.0000000,1.0000,[],41
45.0723,63.5818,53.2839,0.9130131,O=c1c2ccc(N3CCCCC3)cc2oc2ccc(N3CCN(CC4=C(c5ccc(C=Nc6ccc(N7CCCC7)cc6)s5)CCC4)CC3)cc12,1,O=c1c2ccc(N3CCCCC3)cc2oc2ccc(N3CCN(CC4=C(c5ccc(C=Nc6ccc(N7CCCC7)cc6)s5)CCC4)CC3)cc12,0.9853910,445.7247,0.1191675,0.1192,0.5166603,3.3018,1.0000000,1.0000,[],41
42.0618,46.9735,-46.2240,0.0058557,COc1ccc(N(c2ccc(N(c3ccccc3)c3ccccc3)cc2)c2ccc(-n3c(-c4ccccc4-c4cccs4)nc4ccccc43)cc2)cc1,1,c1ccc(N(c2ccccc2)c2ccc(N(c3ccccc3)c3ccc(-n4c(-c5ccccc5-c5cccs5)nc5ccccc54)cc3)cc2)cc1,0.0048101,342.1061,0.1410781,0.1411,0.5658312,2.8473,1.0000000,1.0000,[],41
28.3020,46.2627,56.8837,0.8058318,O=c1[nH]c2ccc(-c3ccc(-c4ccc(C=C(c5ccccc5)c5ccccc5)s4)s3)cc2n1-c1ccc(N(c2ccccc2)c2ccccc2)cc1,1,O=c1[nH]c2ccc(-c3ccc(-c4ccc(C=C(c5ccccc5)c5ccccc5)s4)s3)cc2n1-c1ccc(N(c2ccccc2)c2ccccc2)cc1,0.8549449,419.2601,0.1613335,0.1613,0.5414651,3.0674,1.0000000,1.0000,[],41
32.1608,53.8408,64.3532,0.9233906,C(=Cc1cc(C=Cc2[nH]c3ccccc3c2C=Cc2ccc(N(c3ccccc3)c3ccccc3)s2)nc2ccccc12)c1ccc(N(c2ccccc2)c2ccccc2)cc1,1,C(=Cc1cc(C=Cc2[nH]c3ccccc3c2C=Cc2ccc(N(c3ccccc3)c3ccccc3)s2)nc2ccccc12)c1ccc(N(c2ccccc2)c2ccccc2)cc1,0.9946030,456.6375,0.1334187,0.1334,0.4932686,3.5335,1.0000000,1.0000,[],41
25.4556,53.9176,59.2961,0.8844821,N#Cc1sc2ccc(N(c3ccccc3)c3ccccc3)cc2c1C=Cc1ccc(N(c2ccccc2)c2ccc(C=C(c3ccccc3)c3ccc(N(c4ccccc4)c4ccccc4)cc3)s2)s1,1,C(=Cc1csc2ccc(N(c3ccccc3)c3ccccc3)cc12)c1ccc(N(c2ccccc2)c2ccc(C=C(c3ccccc3)c3ccc(N(c4ccccc4)c4ccccc4)cc3)s2)s1,0.9574605,486.1918,0.1087487,0.1087,0.4748704,3.7236,1.0000000,1.0000,[],41
64.0586,83.6039,-57.1574,0.2066130,COc1cccc(-c2c(-c3ccccc3)c(-c3ccc(N(CCCCCCN)c4ccc(F)cc4)cc3)c(-c3ccc(O)cc3)c3ccc(N(c4ccccc4)c4ccc(N)cc4)cc23)c1,1,c1ccc(Nc2ccc(-c3c(-c4ccccc4)c(-c4ccccc4)c4cc(N(c5ccccc5)c5ccccc5)ccc4c3-c3ccccc3)cc2)cc1,0.2101694,385.6259,0.0662205,0.0662,0.5062352,3.4038,1.0000000,1.0000,[],41
62.1211,76.4559,-50.1721,0.2053417,C[n+]1c(-c2cc(N(c3ccccc3)c3cccc4c3sc3ccccc34)ccc2OCCCCCC(=O)NC2CCCc3ccccc32)oc2ccc(N(c3ccccc3)c3ccccc3)cc21,1,O=C(CCCCCOc1ccc(N(c2ccccc2)c2cccc3c2sc2ccccc23)cc1-c1[nH+]c2cc(N(c3ccccc3)c3ccccc3)ccc2o1)NC1CCCc2ccccc21,0.2080784,385.4886,0.0820101,0.0820,0.4337946,4.1759,1.0000000,1.0000,[],41
37.5116,64.0659,-64.0659,0.0000000,C1C(c2cc3c(N=Nc4ccc(N(c5ccc(s5)C=Cc5sc(cc5)C=C(C#N)c5ccccc5)c5ccccc5)ccc4C=3c3ccccc3)cc2)CCCC1,0,,0.0000000,0.0000,0.0000000,0.0000,0.0000000,0.0000,0.0000000,0.0000,None,41
36.6706,36.2222,-35.8115,0.0032087,OC1c2ccccc2-c2c1ccc1c2ccn1C1CCCCC1,1,c1ccc2c(c1)Cc1ccc3c(ccn3C3CCCCC3)c1-2,0.0024330,334.6798,0.6557385,0.6557,0.5621970,2.8795,1.0000000,1.0000,[],41
43.7333,70.7303,19.0952,0.7017621,Clc1ccc(C(=Cc2ccc(N(c3ccc(N(c4ccccc4)c4ccccc4)cc3)c3ccc4nc(-c5ccc(N(c6ccccc6)c6ccccc6)cc5)sc4c3)cc2N(c2ccccc2)c2ccc(C=Cc3ccc(N(c4ccccc4)c4ccccc4)cc3)cc2)c2ccccn2)cc1,1,C(=Cc1ccc(N(c2ccccc2)c2cc(N(c3ccc(N(c4ccccc4)c4ccccc4)cc3)c3ccc4nc(-c5ccc(N(c6ccccc6)c6ccccc6)cc5)sc4c3)ccc2C=C(c2ccccc2)c2ccccn2)cc1)c1ccc(N(c2ccccc2)c2ccccc2)cc1,0.7647449,412.7994,0.0664221,0.0664,0.4064327,4.5017,1.0000000,1.0000,[],41
33.2749,48.0885,4.6814,0.4122647,COc1ccc(N=Cc2ccc(N(c3ccc(OC)cc3)c3ccc(-c4ccc(N=Cc5ccc(-c6cccc([N+](=O)[O-])c6)cc5)cc4)cc3)cc2)cc1,1,C(=Nc1ccccc1)c1ccc(N(c2ccccc2)c2ccc(-c3ccc(N=Cc4ccc(-c5ccccc5)cc4)cc3)cc2)cc1,0.4328395,397.0655,0.0715844,0.0716,0.5637105,2.8661,1.0000000,1.0000,[],41
77.5662,102.0490,-102.0490,0.0000000,CC1=CC=C(Nc2ccc(N=Nc3ccc(N=Nc4c(N=Cc5ccc(N(c6ccccc6)c6ccccc6)cc5)sc5cc(NCc6cccc(N=Nc7cc(C(=O)O)ccc7N=Nc7ccc(Nc8ccc(S)cc8)cc7)c6)ccc45)cc3)c(O)c2)CC1,1,C1=CCCC(Nc2ccc(N=Nc3ccc(N=Nc4c(N=Cc5ccc(N(c6ccccc6)c6ccccc6)cc5)sc5cc(NCc6cccc(N=Nc7ccccc7N=Nc7ccc(Nc8ccccc8)cc7)c6)ccc45)cc3)cc2)=C1,0.0000000,0.0000,0.0000000,0.0000,0.0000000,0.0000,0.0000000,0.0000,"['C(=[O,S])[O,S]']",41
43.8833,43.5009,-40.4390,0.0239216,CC(=O)Nc1ccccc1NS(=O)(=O)c1ccc(-c2ccc(-c3ccc(C(=N)N)cc3)o2)cc1,1,O=S(=O)(Nc1ccccc1)c1ccc(-c2ccc(-c3ccccc3)o2)cc1,0.0207930,358.1761,0.2279726,0.2280,0.6332891,2.2841,1.0000000,1.0000,[],41
26.4755,36.0043,-36.0043,0.0000000,c12c(cccc1)C=Cc1ccccc1N1c3c(cccc3)Cc21,0,,0.0000000,0.0000,0.0000000,0.0000,0.0000000,0.0000,0.0000000,0.0000,None,41
36.9940,54.1290,40.7509,0.7412488,CCOc1ccc(N(c2ccccc2)c2ccc(-c3sc(-c4ccc(N(c5ccccc5)c5ccccc5)cc4)c(-c4ccc(OC)c(F)c4)c3C=O)cc2)cc1,1,c1ccc(-c2cc(-c3ccc(N(c4ccccc4)c4ccccc4)cc3)sc2-c2ccc(N(c3ccccc3)c3ccccc3)cc2)cc1,0.7927130,414.5636,0.1093455,0.1093,0.5395004,3.0856,1.0000000,1.0000,[],41
39.2562,53.0253,-51.3144,0.0133671,Nc1nc(-c2cccc(N=Cc3ccccc3)c2)c(-c2ccc(C=Nc3ccccc3)cc2O)c2ccccc12,1,C(=Nc1ccccc1)c1ccc(-c2c(-c3cccc(N=Cc4ccccc4)c3)ncc3ccccc23)cc1,0.0113087,351.4588,0.2173112,0.2173,0.5742440,2.7735,1.0000000,1.0000,[],41
52.5569,75.8826,-15.7756,0.4695855,CC[n+]1ccc(C=Nc2ccc(N(c3ccccc3)c3ccccc3)cc2CSCCCCCCCCC[n+]2ccc(C=Cc3cc[n+](Cc4cccc[n+]4NC)cc3)cc2)cc1,1,C(=Cc1cc[n+](Cc2cccc[nH+]2)cc1)c1cc[n+](CCCCCCCCCSCc2cc(N(c3ccccc3)c3ccccc3)ccc2N=Cc2cc[nH+]cc2)cc1,0.5085846,519.6271,0.0396044,0.0396,0.4333786,4.1807,1.0000000,1.0000,[],41
48.4623,63.6160,6.1660,0.5451714,COc1ccc(Nc2ccc(N=Nc3[nH]nc(N=Nc4ccc(N(c5ccccc5)c5ccccc5)nc4)c3N=Nc3ccc(N(c4ccc(O)cc4)c4ccc(O)cc4)cc3)cc2)cc1,1,c1ccc(Nc2ccc(N=Nc3[nH]nc(N=Nc4ccc(N(c5ccccc5)c5ccccc5)nc4)c3N=Nc3ccc(N(c4ccccc4)c4ccccc4)cc3)cc2)cc1,0.5828112,516.3701,0.0733470,0.0733,0.4634517,3.8453,1.0000000,1.0000,[],41
26.2446,41.6491,10.2189,0.4052187,C1=Cc2ccccc2N(c2ccc(-c3ccc(N(c4ccccc4)c4ccccc4)c4cc(N(c5ccccc5)c5ccccc5)c5ccccc5c34)cc2)c2ccccc21,1,C1=Cc2ccccc2N(c2ccc(-c3ccc(N(c4ccccc4)c4ccccc4)c4cc(N(c5ccccc5)c5ccccc5)c5ccccc5c34)cc2)c2ccccc21,0.4162275,396.3272,0.1422573,0.1423,0.5453168,3.0319,1.0000000,1.0000,[],41
26.6849,32.0414,19.7185,0.4043740,C(=Cc1nc2ccccc2s1)c1ccc(-c2ccc(-c3cccs3)s2)cc1,1,C(=Cc1nc2ccccc2s1)c1ccc(-c2ccc(-c3cccs3)s2)cc1,0.4046425,395.8073,0.2978752,0.2979,0.6197433,2.3922,1.0000000,1.0000,[],41
35.1656,52.1081,22.8661,0.5857365,CCC(CC)CNc1ccc(C=Cc2ccc(N(c3ccc(C=Cc4ccc(N(c5ccccc5)c5ccccc5)cc4)cc3)c3ccc(N(c4ccccc4)c4ccc(C#N)cc4)cc3)cc2)cc1,1,C(=Cc1ccc(N(c2ccc(C=Cc3ccc(N(c4ccccc4)c4ccccc4)cc3)cc2)c2ccc(N(c3ccccc3)c3ccccc3)cc2)cc1)c1ccccc1,0.6235466,405.4789,0.0869347,0.0869,0.5248704,3.2230,1.0000000,1.0000,[],41
23.2053,33.8757,-32.5818,0.0101084,c1ccc(N(c2ccccc2)c2ccc(Nc3ncnc4sc5ccccc5c34)cc2)cc1,1,c1ccc(N(c2ccccc2)c2ccc(Nc3ncnc4sc5ccccc5c34)cc2)cc1,0.0083318,348.1093,0.2918976,0.2919,0.6324749,2.2906,1.0000000,1.0000,[],41
36.4492,62.3279,37.9102,0.7831103,N#CC(C#N)=Cc1ccc(C=Cc2ccc(N(c3ccccc3)c3ccc(-c4ccc(-c5ccc(N(c6ccc7c(c6)CC7)c6cc7ccccc7s6)cc5)s4)cc3)cc2)s1,1,C(=Cc1cccs1)c1ccc(N(c2ccccc2)c2ccc(-c3ccc(-c4ccc(N(c5ccc6c(c5)CC6)c5cc6ccccc6s5)cc4)s3)cc2)cc1,0.8391029,502.0683,0.1218066,0.1218,0.4801947,3.6678,1.0000000,1.0000,[],41
39.5633,47.5973,-42.4328,0.0403470,CN(CCO)c1ccc(-c2nc(N)c3ccc4c(Cl)cccc4c3n2)cc1Cl,1,c1ccc(-c2ncc3ccc4ccccc4c3n2)cc1,0.0352713,364.0754,0.4718003,0.4718,0.5989280,2.5631,1.0000000,1.0000,[],41
50.0648,59.7546,-59.6246,0.0010158,C=Cc1ccc(N(c2ccc(C)cc2)c2ccc3c(c2)=C2C(=Cc4ccccc42)C=3c2ccc(N(c3ccccc3)c3ccccc3)cc2)c(C=C)c1,1,C1=C2C(c3ccc(N(c4ccccc4)c4ccccc4)cc3)=c3ccc(N(c4ccccc4)c4ccccc4)cc3=C2c2ccccc21,0.0007613,597.9532,0.1499302,0.1499,0.5043781,3.4221,1.0000000,1.0000,[],41
49.0075,62.0787,54.1273,0.9078598,CCCCOc1ccc(N(c2ccccc2)c2ccccc2S(=O)(=O)c2ccc(Nc3ccc(N(CC)c4ccc5c(c4)-c4ccccc4C5=O)cc3)cc2)cc1,1,O=C1c2ccccc2-c2cc(Nc3ccc(Nc4ccc(S(=O)(=O)c5ccccc5N(c5ccccc5)c5ccccc5)cc4)cc3)ccc21,0.9810683,442.8627,0.1103339,0.1103,0.5384731,3.0951,1.0000000,1.0000,[],41
30.2866,57.1651,57.1413,0.8930185,COc1ccc(N(c2ccc(C=Cc3ccc(N(c4ccccc4)c4ccccc4)cc3)cc2)c2cc3cc(N=Nc4ccc(N(c5ccccc5)c5ccccc5)cc4)ccc3c3oc(=O)ccc23)cc1,1,O=c1ccc2c(N(c3ccccc3)c3ccc(C=Cc4ccc(N(c5ccccc5)c5ccccc5)cc4)cc3)cc3cc(N=Nc4ccc(N(c5ccccc5)c5ccccc5)cc4)ccc3c2o1,0.9925919,466.8233,0.0468026,0.0468,0.4909168,3.5574,1.0000000,1.0000,[],41
21.6303,24.3692,-20.2948,0.0318310,Cc1cc(C)oc(=S)n1,1,S=c1nccco1,0.0274668,361.2726,0.5168477,0.5168,0.5359036,3.1190,1.0000000,1.0000,[],41
67.5045,90.7211,21.8258,0.8792730,CCNc1c(Nc2ccc(F)cc2C(C)F)ccc(N=Nc2cc(Nc3ccc4cc(N(c5ccccc5)c5ccccc5)cc(C#N)c4c3)c(N)cc2C#N)c1CC,1,c1ccc(Nc2ccc(N=Nc3cccc(Nc4ccc5cc(N(c6ccccc6)c6ccccc6)ccc5c4)c3)cc2)cc1,0.9680535,482.9631,0.0674757,0.0675,0.4287938,4.2339,1.0000000,1.0000,[],41
36.8520,42.0598,46.8616,0.6946982,Cn1c2ccccc2c2c1ccc(=N)n2C(=N)c1ccccn1,1,N=C(c1ccccn1)n1c(=N)ccc2[nH]c3ccccc3c21,0.7094983,409.6951,0.4117137,0.4117,0.5594038,2.9044,1.0000000,1.0000,[],41
44.3177,60.1892,52.4291,0.8798307,CN(C)c1ccc2sc(C=Cc3ccc(N(c4ccc(C=Cc5ccc(N(c6ccccc6)c6ccccc6)cc5)cc4)c4ccc(-c5ccc(C=C(c6ccc(N(c7ccccc7)c7ccccc7)cc6)c6ccc([N+](=O)[O-])cc6)s5)cc4)cc3)nc2c1,1,C(=Cc1ccc(N(c2ccc(C=Cc3nc4ccccc4s3)cc2)c2ccc(-c3ccc(C=C(c4ccccc4)c4ccc(N(c5ccccc5)c5ccccc5)cc4)s3)cc2)cc1)c1ccc(N(c2ccccc2)c2ccccc2)cc1,0.9806420,442.6162,0.0453837,0.0454,0.4343692,4.1693,1.0000000,1.0000,[],41
28.6870,46.1129,69.3649,0.9021708,C=CCC[N+](CC)(CCC[n+]1ccc(C=Cc2ccc(-c3ccccc3)s2)cc1)c1ccccc1,1,C(=Cc1ccc(-c2ccccc2)s1)c1cc[n+](CCC[NH2+]c2ccccc2)cc1,0.9768211,479.3820,0.1103264,0.1103,0.4832886,3.6357,1.0000000,1.0000,[],41
55.4485,75.8979,35.2306,0.8681912,CC1CCCCN1c1sc(C=C=c2ccccc2=C(c2ccncc2)c2cccs2)c(C#N)c1C=Cc1cnc(-c2ccccn2)s1,1,C(=Cc1cc(C=Cc2cnc(-c3ccccn3)s2)c(N2CCCCC2)s1)=c1ccccc1=C(c1ccncc1)c1cccs1,0.9280589,427.7650,0.1711968,0.1712,0.4175301,4.3670,1.0000000,1.0000,[],41
34.1190,50.0050,67.9188,0.9212797,CCN1CCCN(c2ccc(N=Nc3cc(C=Cc4ccc(N(c5ccc(OC)cc5)c5ccc(OC)cc5)cc4)ccn3)cc2)C1,1,C(=Cc1ccnc(N=Nc2ccc(N3CCCNC3)cc2)c1)c1ccc(N(c2ccccc2)c2ccccc2)cc1,0.9896156,449.4771,0.1363919,0.1364,0.5404234,3.0770,1.0000000,1.0000,[],41
33.1419,34.4873,-28.0769,0.0500819,COc1ccc2c(c1)C=C(N1CCCC1)C(c1cccnc1)N2,1,C1=C(N2CCCC2)C(c2cccnc2)Nc2ccccc21,0.0434287,366.4265,0.9381120,0.9381,0.5386168,3.0938,1.0000000,1.0000,[],41
34.0140,30.1290,-30.1083,0.0001623,CCCCCN1CCC(O)c2ccc(F)cc21,1,c1ccc2c(c1)CCCN2,0.0001044,300.4687,0.8124307,0.8124,0.5798432,2.7250,1.0000000,1.0000,[],41
71.0922,92.1747,-92.1443,0.0002374,CCCCCOc1ccc(-c2nc(C(=C3C4=C(C(=O)N(c5ccc(Br)cc5)C4=O)c4ccc(C#N)cc43)c3ccc(-c4ccc(N(c5ccccc5)c5ccccc5)cc4)s3)sc2N=Cc2ccc(-c3ccc(N(c4ccccc4)c4ccc(C)cc4)cc3)s2)cc1,1,O=C1C2=C(C(=O)N1c1ccccc1)c1ccccc1C2=C(c1ccc(-c2ccc(N(c3ccccc3)c3ccccc3)cc2)s1)c1nc(-c2ccccc2)c(N=Cc2ccc(-c3ccc(N(c4ccccc4)c4ccccc4)cc3)s2)s1,0.0001721,614.1054,0.0451360,0.0451,0.3914361,4.6897,1.0000000,1.0000,[],41
51.0102,68.6312,47.0472,0.9037379,CCCC[n+]1ccc(C=Cc2ccc3c(c2)c2ccc(-c4ccc(N(c5ccccc5)c5ccccc5)cc4)cc2n3S(=O)(=O)c2ccc3ccccc3c2)c2cccnc21,1,O=S(=O)(c1ccc2ccccc2c1)n1c2ccc(C=Cc3cc[nH+]c4ncccc34)cc2c2ccc(-c3ccc(N(c4ccccc4)c4ccccc4)cc3)cc21,0.9748444,480.2925,0.1220988,0.1221,0.4984594,3.4812,1.0000000,1.0000,[],41
21.4671,23.8229,-23.8147,0.0000641,CC(C#N)=Cc1c(F)cccc1F,1,c1ccccc1,0.0000396,289.9393,0.6078521,0.6079,0.5999971,2.5542,1.0000000,1.0000,[],41
22.8274,40.8536,77.1931,0.9222405,CN(CCO)c1ccc(N=Nc2ccc(Nc3ccc(N=Nc4ccc(N(C)CCO)cc4)c(N)c3)cc2)cc1,1,c1ccc(N=Nc2ccc(Nc3ccc(N=Nc4ccccc4)cc3)cc2)cc1,0.9953510,458.2654,0.1170912,0.1171,0.5439388,3.0446,1.0000000,1.0000,[],41
42.4531,41.9324,-41.3916,0.0042249,O=C(Nc1ccc(O)c(NC(=O)c2ccccc2F)c1)c1ccc2nc(-c3ccccc3O)[nH]c2c1,1,O=C(Nc1cccc(NC(=O)c2ccc3nc(-c4ccccc4)[nH]c3c2)c1)c1ccccc1,0.0033827,338.2683,0.1719420,0.1719,0.6281092,2.3252,1.0000000,1.0000,[],41
64.2963,80.1988,35.9754,0.9076110,CCNCCCn1ncc(C(F)(F)F)c1-c1ccc2c(c1)C(=O)c1cc(N(c3ccc(Nc4cccc(OCC)c4)cc3)c3ccc4ccccc4c3)ccc1-2,1,O=C1c2cc(-c3ccn[nH]3)ccc2-c2ccc(N(c3ccc(Nc4ccccc4)cc3)c3ccc4ccccc4c3)cc21,0.9804686,477.4825,0.1143384,0.1143,0.5183220,3.2858,1.0000000,1.0000,[],41
40.6901,53.0665,22.3239,0.5889877,C(=Cc1ccc(N(c2ccccc2)c2ccc(-c3nc4ccccc4c4ccc(Nc5ccc6ccccc6c5)cc34)cc2)s1)c1ccccc1,1,C(=Cc1ccc(N(c2ccccc2)c2ccc(-c3nc4ccccc4c4ccc(Nc5ccc6ccccc6c5)cc34)cc2)s1)c1ccccc1,0.6140558,405.0421,0.1629954,0.1630,0.5586976,2.9107,1.0000000,1.0000,[],41
29.0992,28.0830,-25.1454,0.0229499,COc1ccc2nc(C(C)CN)cnc2c1,1,c1ccc2nccnc2c1,0.0191395,357.2581,0.8496312,0.8496,0.5670065,2.8369,1.0000000,1.0000,[],41
68.4182,82.5898,-82.5898,0.0000000,c1(c2c(c(c3CN(C)C(c4cc(c(cc4)F)F)c4ccccc4)oc3c3c(C)c(c(=O)c=c-32)-c2ccccc2)ccc1N)N,0,,0.0000000,0.0000,0.0000000,0.0000,0.0000000,0.0000,0.0000000,0.0000,None,41
19.8083,38.8211,73.8179,0.8799920,C(=Cc1ccc(N(c2ccc(C=Cc3cc[n+](Cc4ccccc4)cc3)cc2)c2ccc(N(c3ccccc3)c3ccccc3)cc2)cc1)c1ccc(N(c2ccccc2)c2ccccc2)cc1,1,C(=Cc1ccc(N(c2ccc(C=Cc3cc[n+](Cc4ccccc4)cc3)cc2)c2ccc(N(c3ccccc3)c3ccccc3)cc2)cc1)c1ccc(N(c2ccccc2)c2ccccc2)cc1,0.9602364,485.4277,0.0752676,0.0753,0.5572648,2.9236,1.0000000,1.0000,[],41
42.8276,64.0446,-64.0446,0.0000000,N#Cc1cc(N=Nc2ccc(N(c3ccccc3)c3ccccc3)cc2)cc(O)c1-c1cc2cc3c(O)c(N)c2cc1c3=N,1,N=c1c2ccc3cc1c(-c1ccc(N=Nc4ccc(N(c5ccccc5)c5ccccc5)cc4)cc1)cc3c2,0.0000000,0.0000,0.0894814,0.0895,0.4178649,4.3630,1.0000000,1.0000,[],41
30.8493,52.1712,51.6618,0.8111948,CCCC[n+]1ccc(C=Cc2cc[n+](CCCCC[n+]3ccc(N(c4ccccc4)c4ccc(C=Cc5ccccn5)cc4)c4ccccc43)cc2)cc1,1,C(=Cc1cc[n+](CCCCC[n+]2ccc(N(c3ccccc3)c3ccc(C=Cc4ccccn4)cc3)c3ccccc32)cc1)c1cc[nH+]cc1,0.8843679,497.9111,0.0738393,0.0738,0.4883808,3.5833,1.0000000,1.0000,[],41
44.4814,68.5311,-68.5311,0.0000000,Nc1ccc(N2C3=CC=CC2=C(c2ccc(N(c4ccccc4)c4ccccc4)cc2)C2=Cc4ccccc4C23)cc1N(c1ccc(C=Cc2ccccc2)cc1)c1ccc2ccccc2c1,1,C1=CC2=C(c3ccc(N(c4ccccc4)c4ccccc4)cc3)C3=Cc4ccccc4C3C(=C1)N2c1cccc(N(c2ccc(C=Cc3ccccc3)cc2)c2ccc3ccccc3c2)c1,0.0000000,0.0000,0.1097758,0.1098,0.3772447,4.8743,1.0000000,1.0000,[],41
57.3070,68.5480,-64.2859,0.0332973,Nc1cc2ccc(N=Nc3c4ccc(=Nc5ccccc5)cc-4cc(Cl)c(O)c3O)c(N)c2c(Cl)c1-c1ccccc1,1,c1ccc(N=c2ccc3c(N=Nc4ccc5ccc(-c6ccccc6)cc5c4)ccccc-3c2)cc1,0.0301959,557.6684,0.1201264,0.1201,0.5051752,3.4142,1.0000000,1.0000,[],41
20.8592,30.7735,64.8357,0.7469467,c1ccc(-c2ccc(N(c3ccccc3)c3ccc(-c4ccc(-c5ccc(-c6ccc(N(c7ccccc7)c7ccccc7)cc6)s5)s4)cc3)cc2)cc1,1,c1ccc(-c2ccc(N(c3ccccc3)c3ccc(-c4ccc(-c5ccc(-c6ccc(N(c7ccccc7)c7ccccc7)cc6)s5)s4)cc3)cc2)cc1,0.7906665,414.4289,0.1383287,0.1383,0.6286827,2.3206,1.0000000,1.0000,[],41
60.4062,69.9947,47.9259,0.9212547,Nc1ccc2nc(N)c(C=Nc3cc4ccccc4cc3N=Cc3c(O)c(Br)cc4oc5c(Br)cccc5c34)nc2c1,1,C(=Nc1cc2ccccc2cc1N=Cc1cccc2oc3ccccc3c12)c1cnc2ccccc2n1,0.9939132,464.6760,0.1259240,0.1259,0.4951898,3.5141,1.0000000,1.0000,[],41
36.0300,61.3927,50.5616,0.8746429,N#CC(=Cc1ccc(C=Cc2ccc(C=Cc3ccc(N(c4ccccc4)c4ccc(C=Cc5ncc(N(c6ccccc6)c6ccc(N(c7ccccc7)c7ccccc7)cc6)s5)cc4)cc3)s2)s1)c1ccccc1,1,C(=Cc1ccc(C=Cc2ccc(C=Cc3ccc(N(c4ccccc4)c4ccc(C=Cc5ncc(N(c6ccccc6)c6ccc(N(c7ccccc7)c7ccccc7)cc6)s5)cc4)cc3)s2)s1)c1ccccc1,0.9541618,487.0401,0.0850698,0.0851,0.4622002,3.8588,1.0000000,1.0000,[],41
35.5654,48.0021,-45.6270,0.0185550,CCCCCCCCCc1ccc(-c2sc(CC)c3cc(C=c4ccc(=C(C#N)C#N)s4)sc23)cc1,1,C=c1ccc(=Cc2cc3csc(-c4ccccc4)c3s2)s1,0.0161114,564.6453,0.1830366,0.1830,0.4902892,3.5638,1.0000000,1.0000,[],41
40.8334,70.1355,8.0294,0.6106627,CC1CN(c2ccc(-c3ccc(N(c4ccc(C=Cc5ccc(N(c6ccccc6)c6ccccc6)cc5)cc4)c4ccc(C=Cc5ccc(N(c6ccccc6)c6ccccc6)c(-c6ccccc6)c5)cc4)cc3)cc2)CCNC1=O,1,O=C1CCN(c2ccc(-c3ccc(N(c4ccc(C=Cc5ccc(N(c6ccccc6)c6ccccc6)cc5)cc4)c4ccc(C=Cc5ccc(N(c6ccccc6)c6ccccc6)c(-c6ccccc6)c5)cc4)cc3)cc2)CCN1,0.6516531,406.8001,0.0976988,0.0977,0.4359688,4.1509,1.0000000,1.0000,[],41
42.1507,43.9072,-43.8112,0.0007501,O=C1c2cc(O)c3ccoc3c2C(c2cccc(O)c2)N1Cc1ccc(O)cc1,1,O=C1c2ccc3ccoc3c2C(c2ccccc2)N1Cc1ccccc1,0.0005323,318.1594,0.4873896,0.4874,0.5402984,3.0782,1.0000000,1.0000,[],41
34.3674,50.4992,64.7677,0.9005227,CN(CCO)c1ccc(N=Nc2ccc(C(=O)Nc3ccc(Nc4cccc[n+]4Cc4ccccc4)cc3)cc2N)cc1,1,O=C(Nc1ccc(Nc2cccc[n+]2Cc2ccccc2)cc1)c1ccc(N=Nc2ccccc2)cc1,0.9813201,476.9891,0.0824601,0.0825,0.5487314,3.0007,1.0000000,1.0000,[],41
48.7579,78.6104,28.8408,0.8394623,C(=C(c1ccccc1)c1ccccc1)c1ccc(C(=Cc2ccc(-c3ccc(N(c4ccccc4)c4ccc(CN(c5ccc(-c6ccc(N(c7ccccc7)c7ccccc7)cc6)cc5)c5ccc(N(c6ccccc6)c6ccccc6)cc5)cc4)cc3)cc2)c2ccc(-c3ccccn3)cc2)s1,1,C(=C(c1ccccc1)c1ccccc1)c1ccc(C(=Cc2ccc(-c3ccc(N(c4ccccc4)c4ccc(CN(c5ccc(-c6ccc(N(c7ccccc7)c7ccccc7)cc6)cc5)c5ccc(N(c6ccccc6)c6ccccc6)cc5)cc4)cc3)cc2)c2ccc(-c3ccccn3)cc2)s1,0.9244934,427.1980,0.0630229,0.0630,0.4172353,4.3705,1.0000000,1.0000,[],41
30.1807,47.5043,-40.3707,0.0557315,c1ccc(N(c2ccccc2)c2ccc(N(c3ccc(N(c4ccccc4)c4ccccc4)cc3)c3ccc4c(c3)-c3cc(N(c5ccccc5)c5ccccc5)ccc3CCN4)cc2)cc1,1,c1ccc(N(c2ccccc2)c2ccc(N(c3ccc(N(c4ccccc4)c4ccccc4)cc3)c3ccc4c(c3)-c3cc(N(c5ccccc5)c5ccccc5)ccc3CCN4)cc2)cc1,0.0516740,368.4079,0.1319344,0.1319,0.5547032,2.9466,1.0000000,1.0000,[],41
72.9907,112.2256,-5.1477,0.8365458,Cc1c(N(C)CCc2ccc(O)c(O)c2)c(C=Cc2ccc(NC(=O)c3cccc(N(c4ccc([N+](=O)[O-])cc4)c4cccc(O)c4)c3)cc2)cc2cc(C(=O)c3cccc(N=Nc4ccc(N(c5ccccc5)c5ccccc5)cc4)c3)c(=N)oc12,1,N=c1oc2cc(NCCc3ccccc3)c(C=Cc3ccc(NC(=O)c4cccc(N(c5ccccc5)c5ccccc5)c4)cc3)cc2cc1C(=O)c1cccc(N=Nc2ccc(N(c3ccccc3)c3ccccc3)cc2)c1,0.9691836,437.4406,0.0127940,0.0128,0.4070900,4.4936,1.0000000,1.0000,[],41
55.0390,67.9425,49.3220,0.9161288,CCCCc1c2ccc(Cl)cc2c(C=Cc2nc3ccc(Nc4ccccc4)cc3s2)n1CCCCN1CCCC1,1,C(=Cc1c2ccccc2cn1CCCCN1CCCC1)c1nc2ccc(Nc3ccccc3)cc2s1,0.9806943,477.3538,0.1485268,0.1485,0.5524243,2.9672,1.0000000,1.0000,[],41
28.7210,38.2617,-31.9125,0.0496030,Cn1cccc1C(=N)c1ccc(N(c2ccccc2)c2ccc(N(c3ccccc3)c3ccccc3)cc2)cc1,1,N=C(c1ccc(N(c2ccccc2)c2ccc(N(c3ccccc3)c3ccccc3)cc2)cc1)c1ccc[nH]1,0.0449945,366.8288,0.2037333,0.2037,0.6120019,2.4551,1.0000000,1.0000,[],42
29.2202,50.1541,63.3706,0.8869114,C(=Cc1cc[n+](Cc2ccc3oc(-c4ccc(N(c5ccccc5)c5ccccc5)cc4)nc3c2)cc1)c1ccc(N(c2ccc(N(c3ccccc3)c3ccccc3)cc2)c2ccc(N(c3ccccc3)c3ccccc3)cc2)cc1,1,C(=Cc1cc[n+](Cc2ccc3oc(-c4ccc(N(c5ccccc5)c5ccccc5)cc4)nc3c2)cc1)c1ccc(N(c2ccc(N(c3ccccc3)c3ccccc3)cc2)c2ccc(N(c3ccccc3)c3ccccc3)cc2)cc1,0.9675679,483.1324,0.0846862,0.0847,0.4813101,3.6562,1.0000000,1.0000,[],42
37.6357,60.5593,10.3657,0.5541019,C(=Cc1ccc(N(c2ccc(N(c3ccccc3)c3ccccc3)cc2)c2ccc(-c3ccc(N(c4ccc(N(c5ccccc5)c5ccccc5)cc4)c4ccc(N(c5ccccc5)c5ccccc5)cc4)c4ccccc34)cc2-c2ccccc2)cc1)c1ccc(N(c2ccccc2)c2ccccc2)cc1,1,C(=Cc1ccc(N(c2ccc(N(c3ccccc3)c3ccccc3)cc2)c2ccc(-c3ccc(N(c4ccc(N(c5ccccc5)c5ccccc5)cc4)c4ccc(N(c5ccccc5)c5ccccc5)cc4)c4ccccc34)cc2-c2ccccc2)cc1)c1ccc(N(c2ccccc2)c2ccccc2)cc1,0.5966488,404.2509,0.0625609,0.0626,0.4348948,4.1633,1.0000000,1.0000,[],42
45.1555,53.4069,-4.2804,0.3838012,CCCCCCc1ccc(C=C(c2ccc(N(c3ccccc3)c3ccccc3)cc2)c2nc3ccc(N(c4ccccc4)c4ccc(N(c5ccccc5)c5ccccc5)cc4)cc3[nH]2)cc1,1,C(=C(c1ccc(N(c2ccccc2)c2ccccc2)cc1)c1nc2ccc(N(c3ccccc3)c3ccc(N(c4ccccc4)c4ccccc4)cc3)cc2[nH]1)c1ccccc1,0.4019207,395.6845,0.0730397,0.0730,0.5167883,3.3006,1.0000000,1.0000,[],42
32.2525,51.1227,62.3470,0.8864823,Oc1ccc(N(c2ccc(C=Cc3cc4ccc(N(c5ccccc5)c5ccccc5)cc4s3)cc2)c2cccc(C=Cc3ccc(C=C(c4ccccc4)c4ccccc4)s3)c2)cc1,1,C(=Cc1cc2ccc(N(c3ccccc3)c3ccccc3)cc2s1)c1ccc(N(c2ccccc2)c2cccc(C=Cc3ccc(C=C(c4ccccc4)c4ccccc4)s3)c2)cc1,0.9544256,433.0255,0.1250258,0.1250,0.5014824,3.4509,1.0000000,1.0000,[],42
38.8053,53.5045,55.2184,0.8493971,CCCN(c1ccc(-c2ccc(N(c3ccc(-c4ccc(-c5ccccc5)cc4)cc3)c3ccc(C=C(c4ccccc4)c4ccccc4)s3)cc2)cc1)c1ccc2c(c1)sc1ccccc12,1,C(=C(c1ccccc1)c1ccccc1)c1ccc(N(c2ccc(-c3ccc(Nc4ccc5c(c4)sc4ccccc45)cc3)cc2)c2ccc(-c3ccc(-c4ccccc4)cc3)cc2)s1,0.9147691,425.7679,0.1137671,0.1138,0.5119395,3.3477,1.0000000,1.0000,[],42
48.1371,69.0668,41.5328,0.8640593,C=CCC[n+]1ccc(-c2ccc(C=Cc3ccc(N(CCCOc4cccc(-c5ccc(N(c6ccccc6)c6ccc(C=Cc7ccc(N(c8ccccc8)c8ccccc8)cc7)cc6)cc5)c4)c4ccc(C=O)cc4)cc3)cc2)cc1,1,C(=Cc1ccc(N(CCCOc2cccc(-c3ccc(N(c4ccccc4)c4ccc(C=Cc5ccc(N(c6ccccc6)c6ccccc6)cc5)cc4)cc3)c2)c2ccccc2)cc1)c1ccc(-c2cc[nH+]cc2)cc1,0.9849463,445.3942,0.0209864,0.0210,0.4541247,3.9469,1.0000000,1.0000,[],42
46.6774,60.5865,57.5818,0.9231903,C[n+]1c(C[n+]2ccc(-c3cc(-c4cc[n+](CCCC[n+]5ccccc5)cc4)c4cc(O)cc[n+]4c3)cc2)ccc2ccccc21,1,c1cc[n+](CCCC[n+]2ccc(-c3cc(-c4cc[n+](Cc5ccc6ccccc6[nH+]5)cc4)c[n+]4ccccc34)cc2)cc1,0.9849622,445.4059,0.1893645,0.1894,0.4583374,3.9007,1.0000000,1.0000,[],42
67.2641,93.7345,-93.7345,0.0000000,COc1cc(-c2ccc(N(c3ccccc3)c3ccccc3)cc2)c2cc1NC(c1ccc(C=Nc3ccc(-c4ccc5cc(N(c6ccccc6)c6ccccc6)ccc5c4)cc3)cc1)C=C1C=C(c3cccnc3N)CN12,1,C(=Nc1ccc(-c2ccc3cc(N(c4ccccc4)c4ccccc4)ccc3c2)cc1)c1ccc(C2C=C3C=C(c4cccnc4)CN3c3cc(ccc3-c3ccc(N(c4ccccc4)c4ccccc4)cc3)N2)cc1,0.0000000,0.0000,0.0000000,0.0000,0.0000000,0.0000,0.0000000,0.0000,['[*;r{8-17}]'],42
40.8917,53.8647,52.6895,0.8324549,CCCCCCCCCCCCc1ccc(N(c2ccc(C)cc2)c2ccc(C=Cc3ccc(N4C(=O)C(=Cc5ccccc5)c5cc(F)ccc54)cc3)cc2)cc1,1,O=C1C(=Cc2ccccc2)c2ccccc2N1c1ccc(C=Cc2ccc(N(c3ccccc3)c3ccccc3)cc2)cc1,0.9184004,426.2836,0.0494058,0.0494,0.5411847,3.0700,1.0000000,1.0000,[],42
33.2273,41.0607,77.0746,0.9229325,N#CC(C#N)=Cc1ccc(-c2ccc(-c3ccc4sc5ccc(-c6ccc(N(c7ccccc7)c7ccccc7)cc6)cc5c4c3)cc2)s1,1,c1ccc(N(c2ccccc2)c2ccc(-c3ccc4sc5ccc(-c6ccc(-c7cccs7)cc6)cc5c4c3)cc2)cc1,0.9860231,446.2119,0.1597386,0.1597,0.5542995,2.9503,1.0000000,1.0000,[],42
19.0543,38.8791,74.0004,0.8818713,C(=Cc1cc2cc(N=Nc3ccc(N(c4ccccc4)c4ccccc4)cc3)ccc2o1)c1ccc(N(c2ccccc2)c2ccccc2)cc1,1,C(=Cc1cc2cc(N=Nc3ccc(N(c4ccccc4)c4ccccc4)cc3)ccc2o1)c1ccc(N(c2ccccc2)c2ccccc2)cc1,0.9438542,430.6397,0.1373824,0.1374,0.5693538,2.8163,1.0000000,1.0000,[],42
36.0097,51.1502,71.2013,0.9558707,COc1ccc(Cl)c(Nc2ncc3oc(=O)cc(C=Cc4ccc(N(C)CCO)cc4)c3n2)c1,1,O=c1cc(C=Cc2ccccc2)c2nc(Nc3ccccc3)ncc2o1,0.9951016,462.3046,0.3790621,0.3791,0.5664843,2.8415,1.0000000,1.0000,[],42
37.9404,51.1042,44.2422,0.7448934,Cc1ccc(N2c3ccccc3N(c3cc4cc(C=Cc5ccc(N(c6ccccc6)c6ccccc6)cc5)sc4cc3-n3c4ccccc4c4ccccc43)c3ccccc32)cc1,1,C(=Cc1cc2cc(N3c4ccccc4N(c4ccccc4)c4ccccc43)c(-n3c4ccccc4c4ccccc43)cc2s1)c1ccc(N(c2ccccc2)c2ccccc2)cc1,0.7895693,414.3570,0.1514928,0.1515,0.5106021,3.3608,1.0000000,1.0000,[],42
42.3761,62.5961,49.0533,0.8722610,Nc1cc2oc(-c3ccccc3)c(-c3ccc(NS(=O)(=O)c4ccc(N=Nc5cc(N)c(N)c(N)c5N)c(N)c4)cc3)c2cc1N,1,O=S(=O)(Nc1ccc(-c2c(-c3ccccc3)oc3ccccc23)cc1)c1ccc(N=Nc2ccccc2)cc1,0.9533269,487.2456,0.0742330,0.0742,0.5157499,3.3107,1.0000000,1.0000,[],42
31.1198,47.2719,-47.2719,0.0000000,c12ccccc1-c1c(cccc1)C2=c1c2c(cccc2)c(N=Cc2ccc(cc2)N(c2ccc(OC)cc2)c2ccccc2)c2ccccc21,0,,0.0000000,0.0000,0.0000000,0.0000,0.0000000,0.0000,0.0000000,0.0000,None,42
54.8545,67.4504,28.9995,0.7535154,CCCCN(C)c1ccc(C=Cc2ccc(N(c3ccc(-c4ccsc4)cc3)c3ccc4c(c3)C(=Cc3ccc5c(c3)sc3ccccc35)c3ccccc3O4)cc2)cc1,1,C(=Cc1ccc(N(c2ccc(-c3ccsc3)cc2)c2ccc3c(c2)C(=Cc2ccc4c(c2)sc2ccccc24)c2ccccc2O3)cc1)c1ccccc1,0.8050730,415.3991,0.1210271,0.1210,0.5047877,3.4181,1.0000000,1.0000,[],42
34.8844,51.5492,67.4280,0.9295098,CCN(CC)c1c(C=Nc2nc(-c3ccc(C)o3)cs2)sc2ccc(N(c3ccccc3)c3ccccc3)cc12,1,C(=Nc1nc(-c2ccco2)cs1)c1cc2cc(N(c3ccccc3)c3ccccc3)ccc2s1,0.9931874,465.9071,0.1645045,0.1645,0.5363523,3.1148,1.0000000,1.0000,[],42
23.7272,30.1951,-28.2225,0.0154112,CCc1nc(N2c3ccccc3CCc3ccccc32)c2ccccc2n1,1,c1ccc2c(c1)CCc1ccccc1N2c1ncnc2ccccc12,0.0128017,352.8216,0.4595773,0.4596,0.6355117,2.2666,1.0000000,1.0000,[],42
36.1359,63.2446,52.4283,0.9036943,CC(=Nc1ccc(N(c2ccccc2)c2ccccc2)cc1)c1cc(-c2nc3c(=N)ccccc3o2)cc(N=Nc2ccc(N(c3ccccc3)c3ccccc3)cc2)c1O,1,N=c1ccccc2oc(-c3cc(C=Nc4ccc(N(c5ccccc5)c5ccccc5)cc4)cc(N=Nc4ccc(N(c5ccccc5)c5ccccc5)cc4)c3)nc12,0.9814543,443.0907,0.0999628,0.1000,0.4869571,3.5979,1.0000000,1.0000,[],42
28.0500,35.4802,-6.3411,0.2276493,CC(=O)N=c1oc2ccc(C=Cc3ccccc3)cc2cc1C#N,1,N=c1ccc2cc(C=Cc3ccccc3)ccc2o1,0.2155982,385.9777,0.6732414,0.6732,0.5928166,2.6144,1.0000000,1.0000,[],42
46.2930,60.6944,24.0254,0.6618732,COc1ccccc1N(c1ccc(C=Cc2cccnc2N(c2ccccc2)c2cccc(C)c2)cc1)c1ccc(C=Nc2ccc(N3CCCCC3)cc2)cc1,1,C(=Cc1cccnc1N(c1ccccc1)c1ccccc1)c1ccc(N(c2ccccc2)c2ccc(C=Nc3ccc(N4CCCCC4)cc3)cc2)cc1,0.7026309,409.3358,0.1165492,0.1165,0.5241209,3.2302,1.0000000,1.0000,[],42
28.5380,38.5245,-5.5619,0.2575204,CCCCCCCCCCCCCCCCCCCCCC[n+]1ccc(C=Cc2ccc(N=O)cc2Cl)cc1,1,C(=Cc1cc[nH+]cc1)c1ccccc1,0.2637152,531.1478,0.0722060,0.0722,0.5607964,2.8920,1.0000000,1.0000,[],42
31.5525,40.9642,76.6009,0.9184773,C[N+](C)=C[n+]1ccc(C=Cc2ccc(Nc3ccc([N+](=O)[O-])cc3)cc2)cc1,1,C(=Cc1ccc(Nc2ccccc2)cc1)c1cc[nH+]cc1,0.9692420,482.5381,0.2336603,0.2337,0.5559208,2.9356,1.0000000,1.0000,[],42
18.0852,30.9240,86.9017,0.9205134,c1ccc(N(c2ccccc2)c2ccc(N=Nc3ccc(N(c4ccccc4)c4ccc(N(c5ccccc5)c5ccccc5)cc4)cc3)cc2)cc1,1,c1ccc(N(c2ccccc2)c2ccc(N=Nc3ccc(N(c4ccccc4)c4ccc(N(c5ccccc5)c5ccccc5)cc4)cc3)cc2)cc1,0.9870777,447.0753,0.1272934,0.1273,0.6495422,2.1574,1.0000000,1.0000,[],42
24.8899,35.3527,20.1199,0.4333795,COCCOc1ccc(N(c2ccc(C=CC=Cc3ccccc3)cc2)c2ccc(OC)cc2)cc1,1,C(C=Cc1ccc(N(c2ccccc2)c2ccccc2)cc1)=Cc1ccccc1,0.4436088,397.5405,0.1621599,0.1622,0.6251673,2.3487,1.0000000,1.0000,[],42
31.6177,40.1319,-30.0993,0.0783798,COc1ccc(-c2cc(-c3ccc(N(c4ccccc4)c4ccccc4)cc3)sc2-c2ccc(Cl)cc2Cl)cc1,1,c1ccc(-c2cc(-c3ccc(N(c4ccccc4)c4ccccc4)cc3)sc2-c2ccccc2)cc1,0.0730182,372.4090,0.1868462,0.1868,0.6166176,2.4175,1.0000000,1.0000,[],42
26.5459,42.4792,77.6236,0.9383034,c1ccc(N(c2ccccc2)c2ccc3cc4cnc5ccsc5c4cc3c2)cc1,1,c1ccc(N(c2ccccc2)c2ccc3cc4cnc5ccsc5c4cc3c2)cc1,0.9836273,444.4677,0.2781876,0.2782,0.6183114,2.4038,1.0000000,1.0000,[],42
64.8298,96.3715,13.5822,0.8590133,NCCCOc1ccc(-c2ccc(N(c3ccc(F)cc3)c3ccc(C=C4Oc5cc(-c6ccc(N)cc6)ccc5-c5cc6ccc(N(c7ccc(C=Cc8ccc(N(c9ccccc9)c9ccccc9)cc8)cc7)c7ccc(Nc8ccccc8)cc7)cc6cc54)cc3)cc2)cc1,1,C(=Cc1ccc(N(c2ccc(Nc3ccccc3)cc2)c2ccc3cc4c(cc3c2)C(=Cc2ccc(N(c3ccccc3)c3ccc(-c5ccccc5)cc3)cc2)Oc2cc(-c3ccccc3)ccc2-4)cc1)c1ccc(N(c2ccccc2)c2ccccc2)cc1,0.9615433,434.9499,0.0394927,0.0395,0.4113394,4.4417,1.0000000,1.0000,[],42
49.0882,48.4874,-44.3246,0.0325218,COc1ccc2c(c1)C1(c3ccccc3-c3ccc(Nc4nccc5ccccc45)cc31)c1cccc(C)c1-2,1,c1ccc2c(c1)-c1ccccc1C21c2ccccc2-c2ccc(Nc3nccc4ccccc34)cc21,0.0287406,361.7790,0.2625008,0.2625,0.5028931,3.4369,1.0000000,1.0000,[],42
38.0459,47.8207,-46.7151,0.0086379,C(=C(c1ccccn1)c1ncccn1)c1ccc(-c2cccc(-c3ccc(-c4cccnc4)s3)c2)nc1,1,C(=C(c1ccccn1)c1ncccn1)c1ccc(-c2cccc(-c3ccc(-c4cccnc4)s3)c2)nc1,0.0071195,346.3889,0.2423050,0.2423,0.5654867,2.8503,1.0000000,1.0000,[],42
52.9098,52.8492,-52.8492,0.0000000,c12cnc3C(C=Cc4c3c2c(C(C)C)c(C)c(c1cc4)-c1cccc[n+]1C)(C)C,0,,0.0000000,0.0000,0.0000000,0.0000,0.0000000,0.0000,0.0000000,0.0000,None,42
31.4475,52.8122,51.1712,0.8123706,C(=Cc1ccc(-c2ccc(N3c4ccccc4Cc4ccccc43)c3nsnc23)s1)c1ccc(N(c2ccccc2)c2ccc(N(c3ccccc3)c3ccccc3)cc2)cc1,1,C(=Cc1ccc(-c2ccc(N3c4ccccc4Cc4ccccc43)c3nsnc23)s1)c1ccc(N(c2ccccc2)c2ccc(N(c3ccccc3)c3ccccc3)cc2)cc1,0.8678353,499.5670,0.1371439,0.1371,0.5083615,3.3828,1.0000000,1.0000,[],42
65.4488,86.3811,4.1832,0.7075342,CCCc1csc(-c2c(N=Nc3cccc(OC)c3N(c3ccccc3)c3ccc(Nc4cc(Nc5ccccc5)nc(Cl)n4)cc3)n(C)c3ccc(N(c4ccccc4)c4ccccc4)cc23)n1,1,c1ccc(Nc2cc(Nc3ccc(N(c4ccccc4)c4ccccc4N=Nc4[nH]c5ccc(N(c6ccccc6)c6ccccc6)cc5c4-c4nccs4)cc3)ncn2)cc1,0.7670053,507.0637,0.0728400,0.0728,0.4633342,3.8465,1.0000000,1.0000,[],42
45.7163,63.1014,2.9350,0.5159096,Cc1cccc(C=Cc2ccc(N(c3ccccc3)c3ccccc3)cc2C=Cc2cccs2)c1N1c2cccc(O)c2C=Cc2cccnc21,1,C(=Cc1cc(N(c2ccccc2)c2ccccc2)ccc1C=Cc1ccccc1N1c2ccccc2C=Cc2cccnc21)c1cccs1,0.5353503,401.5378,0.1625252,0.1625,0.5034910,3.4309,1.0000000,1.0000,[],42
47.1034,68.2970,47.9845,0.9084497,C(=Cc1ccc(N(c2ccc(C=Cc3ccc(-c4ccc(-c5sc(C6CCCC6)nc5-c5ccccc5)s4)s3)cc2)c2ccc(C=Cc3ccc(N(c4ccccc4)c4ccccn4)cc3)s2)cc1)c1ccccc1,1,C(=Cc1ccc(N(c2ccc(C=Cc3ccc(-c4ccc(-c5sc(C6CCCC6)nc5-c5ccccc5)s4)s3)cc2)c2ccc(C=Cc3ccc(N(c4ccccc4)c4ccccn4)cc3)s2)cc1)c1ccccc1,0.9916285,451.8387,0.0903001,0.0903,0.4517869,3.9727,1.0000000,1.0000,[],42
45.9747,73.0768,-73.0768,0.0000000,c1cccc2c1c1n(c(c(-c3ccc(cc3)N(c3ccccc3)c3ccccc3)c1cc2C=Cc1ccc(cc1)N(c1ccccc1)c1ccccc1)=C=C=c1c(C=Cc2ccccc2)ccc(OC)c1)c1ccccc1,0,,0.0000000,0.0000,0.0000000,0.0000,0.0000000,0.0000,0.0000000,0.0000,None,42
48.2321,60.0057,-2.1040,0.4523566,N#Cc1cc2ccccc2nc1N(c1sc2cc(-c3cccs3)cnc2c1C#N)c1cccc2ccccc12,1,c1csc(-c2cnc3cc(N(c4ccc5ccccc5n4)c4cccc5ccccc45)sc3c2)c1,0.4607051,398.2899,0.2247936,0.2248,0.5417266,3.0650,1.0000000,1.0000,[],42
47.0618,67.4243,18.1910,0.6688694,C=CCCn1c2ccccc2c2c(C=Cc3ccc(N(c4ccc(C)cc4)c4ccc(-c5ccc(N(c6ccc(OC)cc6)c6ccc7c(c6)NC(=O)CO7)s5)cc4)cc3)cccc21,1,O=C1COc2ccc(N(c3ccccc3)c3ccc(-c4ccc(N(c5ccccc5)c5ccc(C=Cc6cccc7[nH]c8ccccc8c67)cc5)cc4)s3)cc2N1,0.7168991,410.0879,0.0924667,0.0925,0.4828711,3.6400,1.0000000,1.0000,[],42
54.3448,77.0178,35.1857,0.8765897,C=CCCC(N)c1ccc(N=Nc2ccc(N(c3ccccc3)c3ccc(N=Nc4ccc(NC(=O)Nc5ccc(Nc6ccc(N=Nc7ccc(N(CC=C)c8ccccc8)cc7)cc6)cc5)cc4)cc3)cc2)cc1,1,O=C(Nc1ccc(N=Nc2ccc(N(c3ccccc3)c3ccc(N=Nc4ccccc4)cc3)cc2)cc1)Nc1ccc(Nc2ccc(N=Nc3ccc(Nc4ccccc4)cc3)cc2)cc1,0.9800162,442.2639,0.0415864,0.0416,0.4244372,4.2850,1.0000000,1.0000,[],42
38.2205,51.4575,66.1609,0.9188943,C(=Cc1ccc(N(c2ccccc2)c2ccc(N=Cc3ccc(C=Cc4ccc(-c5ccc(N(c6ccccc6)c6ccccc6)nc5)s4)s3)cc2)cc1)c1ccncc1,1,C(=Cc1ccc(N(c2ccccc2)c2ccc(N=Cc3ccc(C=Cc4ccc(-c5ccc(N(c6ccccc6)c6ccccc6)nc5)s4)s3)cc2)cc1)c1ccncc1,0.9955764,458.8076,0.1088453,0.1088,0.5006333,3.4594,1.0000000,1.0000,[],42
32.0949,34.5565,-32.5356,0.0157883,c1ccc(-c2nc(-c3ccc(-c4nc5ccccc5o4)cc3)nc(-c3ccc4ccc5ccccc5c4c3)n2)cc1,1,c1ccc(-c2nc(-c3ccc(-c4nc5ccccc5o4)cc3)nc(-c3ccc4ccc5ccccc5c4c3)n2)cc1,0.0134587,353.3722,0.2141539,0.2142,0.6209061,2.3829,1.0000000,1.0000,[],42
40.1689,49.7971,-49.4654,0.0025916,COc1ccccc1-c1c2ccc(=NC(=Nc3ccccc3N(C)C)c3ccccc3)c(O)c-2oc2cc(N(C)C)ccc12,1,c1ccc(N=C(N=c2ccc3c(-c4ccccc4)c4ccccc4oc-3c2)c2ccccc2)cc1,0.0020507,587.1801,0.1236075,0.1236,0.5307097,3.1677,1.0000000,1.0000,[],42
36.1072,52.4950,66.5597,0.9301152,COc1ccc(N(c2ccc3ccccc3c2)c2cc(C=Cc3cc[n+](C)cc3)c3oc4cccnc4c3c2)cc1,1,C(=Cc1cc(N(c2ccccc2)c2ccc3ccccc3c2)cc2c1oc1cccnc12)c1cc[nH+]cc1,0.9873038,447.2694,0.2003901,0.2004,0.5465238,3.0209,1.0000000,1.0000,[],42
36.6481,52.1094,66.5415,0.9269602,O=C1c2ccccc2C(c2cccc(Nc3ccc(C=Cc4ccc(N(c5ccccc5)c5ccccc5)cc4)cc3)c(=O)c2)c2cccc(O)c21,1,O=C1c2ccccc2C(c2cccc(Nc3ccc(C=Cc4ccc(N(c5ccccc5)c5ccccc5)cc4)cc3)c(=O)c2)c2ccccc21,0.9930158,453.8210,0.1570412,0.1570,0.5053802,3.4122,1.0000000,1.0000,[],42
77.2493,90.6662,-90.6662,0.0000000,c1(O)ccc2c(c(n[nH]2)N=O)c1-c1c2c(-c3cccc(c3)N)oc3ccc4ccc(=N)oc(c4c2-c2ccccc2)c3-c2c1cccc2N,0,,0.0000000,0.0000,0.0000000,0.0000,0.0000000,0.0000,0.0000000,0.0000,None,42
27.2289,41.9803,-28.7855,0.1030843,c1ccc(N(c2ccccc2)c2ccc3c(c2)oc2c(N(c4ccccc4)c4ccccc4)c(-c4ccc5c(N(c6ccccc6)c6ccccc6)cccc5c4)ccc23)cc1,1,c1ccc(N(c2ccccc2)c2ccc3c(c2)oc2c(N(c4ccccc4)c4ccccc4)c(-c4ccc5c(N(c6ccccc6)c6ccccc6)cccc5c4)ccc23)cc1,0.0986319,375.9779,0.1375019,0.1375,0.5449504,3.0353,1.0000000,1.0000,[],42
45.5934,53.4388,65.4683,0.9289620,COc1ccc(N(c2ccc(OC)cc2)c2ccc(-c3cc4sc(-c5snc6c5ccc5ccccc56)cc4c4ccccc34)s2)cc1,1,c1ccc(N(c2ccccc2)c2ccc(-c3cc4sc(-c5snc6c5ccc5ccccc56)cc4c4ccccc34)s2)cc1,0.9920703,467.5678,0.1682573,0.1683,0.5310913,3.1641,1.0000000,1.0000,[],42
23.6457,29.3963,-29.1310,0.0020727,Nc1ccc(CCc2ccc(-c3ccc(N(c4ccccc4)c4ccccc4)cc3)cc2)cc1,1,c1ccc(CCc2ccc(-c3ccc(N(c4ccccc4)c4ccccc4)cc3)cc2)cc1,0.0015749,329.9487,0.2584799,0.2585,0.6892110,1.8610,1.0000000,1.0000,[],42
23.2598,30.8279,-14.0772,0.1308648,CC1(C)c2cc(-c3ccc4cc(N(c5ccccc5)c5ccccc5)ccc4c3)ccc2-c2ccc(N(c3ccccc3)c3ccccc3)cc21,1,c1ccc(N(c2ccccc2)c2ccc3c(c2)Cc2cc(-c4ccc5cc(N(c6ccccc6)c6ccccc6)ccc5c4)ccc2-3)cc1,0.1257092,378.9428,0.1687209,0.1687,0.6031801,2.5277,1.0000000,1.0000,[],42
39.5648,55.9508,51.9720,0.8431465,COc1ccc(N(c2ccc(-c3ccc(N(c4ccccc4)c4ccccc4)s3)cc2)c2ccc(-c3cc4ccc(N(c5ccccc5)c5ccccc5[N+](=O)[O-])cc4s3)cc2)cc1,1,c1ccc(N(c2ccc(-c3ccc(N(c4ccccc4)c4ccccc4)s3)cc2)c2ccc(-c3cc4ccc(N(c5ccccc5)c5ccccc5)cc4s3)cc2)cc1,0.9162238,425.9720,0.0849625,0.0850,0.5084386,3.3821,1.0000000,1.0000,[],42
35.9097,58.6770,52.5000,0.8685704,Cc1ccc(N(c2ccc(C)cc2)c2ccc(C=Cc3ccc(N=c4c5ccc(C)cc5oc5ccc(N(c6ccccc6)c6ccc(N(c7ccccc7)c7ccccc7)cc6)cc45)s3)cc2)cc1,1,C(=Cc1ccc(N=c2c3ccccc3oc3ccc(N(c4ccccc4)c4ccc(N(c5ccccc5)c5ccccc5)cc4)cc23)s1)c1ccc(N(c2ccccc2)c2ccccc2)cc1,0.9372932,490.6360,0.1144037,0.1144,0.4880972,3.5862,1.0000000,1.0000,[],42
36.3254,49.3180,63.1859,0.8789368,COc1ccc(N(c2ccc(O)cc2)c2ccc(C=Cc3ccc(C=Cc4ccc(N(c5ccc(Cl)cc5)c5ccc(OC)cc5)cc4)c(O)c3)cc2)cc1,1,C(=Cc1ccc(N(c2ccccc2)c2ccccc2)cc1)c1ccc(C=Cc2ccc(N(c3ccccc3)c3ccccc3)cc2)cc1,0.9442502,430.7211,0.1215393,0.1215,0.5677677,2.8302,1.0000000,1.0000,[],42
30.2235,44.1226,74.4978,0.9267221,Clc1ccc(N(c2ccccc2)c2ccc(N=Nc3ccc(N(c4ccccc4)c4ccccc4)cc3)cc2)c(N=Nc2ccccc2)c1,1,c1ccc(N=Nc2ccccc2N(c2ccccc2)c2ccc(N=Nc3ccc(N(c4ccccc4)c4ccccc4)cc3)cc2)cc1,0.9939533,455.3962,0.1377753,0.1378,0.5805451,2.7189,1.0000000,1.0000,[],42
34.6993,50.5061,67.2584,0.9200350,COc1ccc(N(c2ccc(N(c3ccccc3)c3ccccc3)cc2)c2cc(C#N)c3c(N(c4ccc(OC)cc4)c4ccc(OC)cc4)ccc(N(C)C)c3c2)cc1,1,c1ccc(N(c2ccccc2)c2ccc(N(c3ccccc3)c3ccc4c(N(c5ccccc5)c5ccccc5)cccc4c3)cc2)cc1,0.9936113,454.7951,0.1144565,0.1145,0.5425922,3.0570,1.0000000,1.0000,[],42
30.3663,48.7626,61.9788,0.8651677,N#Cc1ccc(-c2ccc(-c3ccc(-c4ccc(C=Cc5ccc(N(c6ccccc6)c6ccc(-c7ccc(C=Cc8ccc(N(c9ccccc9)c9ccccc9)cc8)s7)cc6)cc5)s4)cc3)s2)cc1,1,C(=Cc1ccc(-c2ccc(N(c3ccccc3)c3ccc(C=Cc4ccc(-c5ccc(-c6ccc(-c7ccccc7)s6)cc5)s4)cc3)cc2)s1)c1ccc(N(c2ccccc2)c2ccccc2)cc1,0.9337475,428.7257,0.1087791,0.1088,0.5179641,3.2892,1.0000000,1.0000,[],42
32.9389,46.3281,58.3992,0.8181823,CCCC[n+]1ccc(C=Cc2ccc(C=Cc3cc[n+](CCCC[n+]4ccccc4NCCC[n+]4ccccc4)cc3)cc2)cc1,1,C(=Cc1ccc(C=Cc2cc[n+](CCCC[n+]3ccccc3NCCC[n+]3ccccc3)cc2)cc1)c1cc[nH+]cc1,0.8870571,497.6227,0.0893738,0.0894,0.4875153,3.5922,1.0000000,1.0000,[],42
53.5582,74.9223,38.4092,0.8854018,C[n+]1ccccc1C=Cc1ccc(N(c2ccc(C=Cc3ccc(-c4cc(O)cc([N+](=O)[O-])c4O)o3)cc2)c2ccc(CCNc3ccc(-c4ccc(N(c5ccccc5)c5ccccc5)cc4)cc3)cc2)cc1,1,C(=Cc1cccc[nH+]1)c1ccc(N(c2ccc(C=Cc3ccc(-c4ccccc4)o3)cc2)c2ccc(CCNc3ccc(-c4ccc(N(c5ccccc5)c5ccccc5)cc4)cc3)cc2)cc1,0.9935467,454.6851,0.0357263,0.0357,0.4582443,3.9018,1.0000000,1.0000,[],42
22.9517,35.8096,81.7478,0.9184173,C(=C1C(N(c2ccccc2)c2ccccc2)=C(c2ccccc2)c2ccc(N(c3ccccc3)c3ccccc3)cc21)c1ccc(N(c2ccccc2)c2ccccc2)cc1,1,C(=C1C(N(c2ccccc2)c2ccccc2)=C(c2ccccc2)c2ccc(N(c3ccccc3)c3ccccc3)cc21)c1ccc(N(c2ccccc2)c2ccccc2)cc1,0.9869981,472.9923,0.1293974,0.1294,0.5676619,2.8311,1.0000000,1.0000,[],42
37.0220,35.8741,48.8748,0.6621012,O=C1c2ccccc2Cc2ccc(Br)c(N3CCCCC3)c21,1,O=C1c2ccccc2Cc2cccc(N3CCCCC3)c21,0.6637253,407.3824,0.6364354,0.6364,0.6253748,2.3470,1.0000000,1.0000,[],42
60.1250,81.1020,32.9999,0.8914208,CC12CCCCC(=C1C=Cc1cc(N=Nc3ccc(Nc4ccc(Nc5ccccc5)cc4)cc3)ccc1N)CCC21COc2ccccc21,1,C(=Cc1cccc(N=Nc2ccc(Nc3ccc(Nc4ccccc4)cc3)cc2)c1)C1=C2CCCCC1C1(CC2)COc2ccccc21,0.9699875,437.7366,0.1144989,0.1145,0.3503853,5.2436,1.0000000,1.0000,[],42
39.2004,57.6672,-57.6672,0.0000000,C1(c2ccccc2)N=c2cc(Nc3ccc(cc3)N=Nc3ccc(cc3)N(c3ccccc3)c3ccccc3)=CC=CN2c2c1cccc2,0,,0.0000000,0.0000,0.0000000,0.0000,0.0000000,0.0000,0.0000000,0.0000,None,42
56.0856,76.2529,23.4284,0.7787598,Clc1ccc(C(=Cc2ccc(-c3ccc(N(c4ccc(N5c6ccccc6C=Cc6ccc(Cl)cc65)c(-c5ccccc5)c4)c4cccc5c4C=Cc4ccccc4S5)cc3)s2)c2ccccc2)cc1,1,C1=Cc2c(cccc2N(c2ccc(-c3ccc(C=C(c4ccccc4)c4ccccc4)s3)cc2)c2ccc(N3c4ccccc4C=Cc4ccccc43)c(-c3ccccc3)c2)Sc2ccccc21,0.8309055,417.2856,0.1423102,0.1423,0.4587975,3.8957,1.0000000,1.0000,[],42
66.3635,87.1008,-14.5155,0.5670723,C[n+]1ccccc1C=Cc1ccc(C(=O)NCCc2cccc(-c3ccc(-c4cc(NC(=O)c5cccc([N+](=O)O)c5)ccc4Cl)cc3)c2)c(=O)n1-c1ccccc1,1,O=C(Nc1cccc(-c2ccc(-c3cccc(CCNC(=O)c4ccc(C=Cc5cccc[nH+]5)n(-c5ccccc5)c4=O)c3)cc2)c1)c1ccccc1,0.6036695,515.4315,0.0843737,0.0844,0.5065793,3.4004,1.0000000,1.0000,[],42
29.5418,53.1645,-53.1645,0.0000000,CCCCN1c2cc(N(c3ccc(OC)cc3)c3ccc(OC)cc3)ccc2-c2cc(-c3ccc(N(c4ccccc4)c4ccccc4)cc3)cc1c2N(c1ccccc1)c1ccccc1,1,c1ccc(N(c2ccccc2)c2ccc(-c3cc4c(N(c5ccccc5)c5ccccc5)c(c3)-c3ccc(N(c5ccccc5)c5ccccc5)cc3N4)cc2)cc1,0.0000000,0.0000,0.1020769,0.1021,0.4608256,3.8737,1.0000000,1.0000,[],43
55.6617,74.9590,-74.9590,0.0000000,Nc1cc2cc(Nc3ccc(C=Cc4ccc(N(c5ccc(O)cc5)c5ccc(O)cc5)cc4S(=O)(=O)O)cc3)c3c(c2c(C(=O)O)c1N)N(c1ccc(O)cc1)C(=O)C3=O,1,O=C1C(=O)N(c2ccccc2)c2c1c(Nc1ccc(C=Cc3ccc(N(c4ccccc4)c4ccccc4)cc3)cc1)cc1ccccc21,0.0000000,0.0000,0.0000000,0.0000,0.0000000,0.0000,0.0000000,0.0000,"['C(=[O,S])[O,S]']",43
48.8057,73.9145,41.7074,0.9032954,COc1ccc(N(c2ccc(C=Cc3ccc(N(c4ccccc4)c4ccccc4)cc3)cc2)c2ccc(C=Cc3ccc(C=CC(=C4C=Cc5ccccc5N4c4cccc(C=Cc5ccccc5)c4)c4ccc(N(c5ccccc5)c5ccccc5)cc4)cc3)s2)cc1,1,C(=Cc1ccc(C=Cc2ccc(N(c3ccccc3)c3ccc(C=Cc4ccc(N(c5ccccc5)c5ccccc5)cc4)cc3)s2)cc1)C(=C1C=Cc2ccccc2N1c1cccc(C=Cc2ccccc2)c1)c1ccc(N(c2ccccc2)c2ccccc2)cc1,0.9952804,458.1011,0.0707521,0.0708,0.4115955,4.4386,1.0000000,1.0000,[],43
52.2605,86.6471,14.7317,0.7920218,CN(C)CCCNc1ccc2c(N)c(C(=O)Nc3ccc(C(C=Cc4ccc(N(c5ccccc5)c5ccccc5)cc4)n4c(=O)c(-c5ccc(N(c6ccccc6)c6ccccc6)cc5)nc5ccccc54)cc3)c(=O)oc2c1,1,O=C(Nc1ccc(C(C=Cc2ccc(N(c3ccccc3)c3ccccc3)cc2)n2c(=O)c(-c3ccc(N(c4ccccc4)c4ccccc4)cc3)nc3ccccc32)cc1)c1cc2ccccc2oc1=O,0.8731318,420.9432,0.0561531,0.0562,0.4087941,4.4727,1.0000000,1.0000,[],43
31.9164,49.0298,15.4633,0.5038522,C=CCC[n+]1ccc(C=Cc2cnc(N(c3ccccc3)c3ccc(OC)cc3)c3ccccc23)cc1,1,C(=Cc1cnc(N(c2ccccc2)c2ccccc2)c2ccccc12)c1cc[nH+]cc1,0.5214906,519.0661,0.1582075,0.1582,0.5586116,2.9115,1.0000000,1.0000,[],43
18.1024,31.4417,85.7298,0.9154021,C(=Cc1cccc[n+]1Cc1ccccc1)c1cc[n+](Cc2cc[n+](Cc3ccccc3)cc2)cc1,1,C(=Cc1cccc[n+]1Cc1ccccc1)c1cc[n+](Cc2cc[n+](Cc3ccccc3)cc2)cc1,0.9588435,485.8173,0.2955444,0.2955,0.5516239,2.9744,1.0000000,1.0000,[],43
34.4351,40.6507,-40.6507,0.0000000,s1c(ccc1)-c1oc(c2ccc[n+](=O)c2n1)=O,0,,0.0000000,0.0000,0.0000000,0.0000,0.0000000,0.0000,0.0000000,0.0000,None,43
33.0123,51.2350,65.7923,0.9142760,CN(C)c1ccc(N=Nc2ccc3c(=O)n(Cc4ccccc4)c(=O)c(-c4ccc(N=Nc5ccc(N(C)CCO)cc5)cc4)nc3c2)cc1,1,O=c1c(-c2ccc(N=Nc3ccccc3)cc2)nc2cc(N=Nc3ccccc3)ccc2c(=O)n1Cc1ccccc1,0.9810286,477.1605,0.1408513,0.1409,0.5319211,3.1563,1.0000000,1.0000,[],43
28.5761,39.1855,-7.6883,0.2460716,COc1ccc(-c2cccc(N)c2C=Cc2ccc(N(c3ccccc3)c3ccccc3)cc2)cc1,1,C(=Cc1ccccc1-c1ccccc1)c1ccc(N(c2ccccc2)c2ccccc2)cc1,0.2431757,387.6731,0.1919542,0.1920,0.6267256,2.3362,1.0000000,1.0000,[],43
29.5016,39.1249,79.7158,0.9284432,c1ccc(-c2ccc(N(c3ccccc3)c3ccc4c(-n5c6ccccc6c6ccccc65)c5ccccc5c(N(c5ccccc5)c5ccccc5)c4c3)cc2)cc1,1,c1ccc(-c2ccc(N(c3ccccc3)c3ccc4c(-n5c6ccccc6c6ccccc65)c5ccccc5c(N(c5ccccc5)c5ccccc5)c4c3)cc2)cc1,0.9947577,456.9548,0.1431982,0.1432,0.5784811,2.7367,1.0000000,1.0000,[],43
41.1093,61.9859,50.4722,0.8785791,O=C(Nc1cccc(C[n+]2ccc(C=Cc3sc4ccccc4c3Cl)cc2)c1)c1cc[n+](CCSc2ccc(N(c3ccccc3)c3ccccc3)cc2)cc1,1,O=C(Nc1cccc(C[n+]2ccc(C=Cc3cc4ccccc4s3)cc2)c1)c1cc[n+](CCSc2ccc(N(c3ccccc3)c3ccccc3)cc2)cc1,0.9540634,487.0645,0.0934530,0.0935,0.5049354,3.4166,1.0000000,1.0000,[],43
34.7255,54.0232,61.2600,0.9006504,COc1ccc(N(c2ccc(C=Cc3ccc(N(c4ccc(C=Cc5ccc(C=C(c6ccccc6)c6ccc(N(c7ccccc7)c7ccccc7)cc6)s5)cc4)c4ccc(C=O)cc4C)cc3)cc2)c2ccc(OC)cc2)cc1,1,C(=Cc1ccc(N(c2ccccc2)c2ccc(C=Cc3ccc(C=C(c4ccccc4)c4ccc(N(c5ccccc5)c5ccccc5)cc4)s3)cc2)cc1)c1ccc(N(c2ccccc2)c2ccccc2)cc1,0.9949853,462.5606,0.0593945,0.0594,0.4687057,3.7889,1.0000000,1.0000,[],43
52.6294,70.0211,-34.9394,0.2740752,COc1ccc(N(c2ccccc2)c2ccc3sc(N(c4ccc(N(c5ccccc5)c5ccccc5)cc4)c4ccc(F)c(C=Cc5ccc(N(c6ccccc6)c6ccc(N(c7ccc(C)cc7)c7ccc(C=Cc8ccccc8)cc7)cc6)cc5)c4)cc3c2)cc1,1,C(=Cc1ccc(N(c2ccccc2)c2ccc(N(c3ccccc3)c3ccc(C=Cc4cccc(N(c5ccc(N(c6ccccc6)c6ccccc6)cc5)c5cc6cc(N(c7ccccc7)c7ccccc7)ccc6s5)c4)cc3)cc2)cc1)c1ccccc1,0.2832692,389.9211,0.0705669,0.0706,0.4376424,4.1318,1.0000000,1.0000,[],43
30.5749,44.2834,73.4028,0.9194239,C(=Cc1ccc(N(c2ccc(N(c3ccccc3)c3ccccc3)cc2)c2cccc3cc4c(cc23)nc2ccccn24)cc1)c1ccc(N(c2ccccc2)c2ccccc2)cc1,1,C(=Cc1ccc(N(c2ccc(N(c3ccccc3)c3ccccc3)cc2)c2cccc3cc4c(cc23)nc2ccccn24)cc1)c1ccc(N(c2ccccc2)c2ccccc2)cc1,0.9915144,451.6904,0.1214766,0.1215,0.5306980,3.1678,1.0000000,1.0000,[],43
54.9983,85.8101,-85.8101,0.0000000,CN(CCO)c1ccc(N=Nc2ccc(N3C(=O)C(NC(=O)CN(c4ccccc4)c4ccc(N=Nc5ccc(N=Nc6ccncc6)c(C(=O)O)c5)cc4)CCc4ccc(Cl)cc43)cc2)cc1,1,O=C(CN(c1ccccc1)c1ccc(N=Nc2ccc(N=Nc3ccncc3)cc2)cc1)NC1CCc2ccccc2N(c2ccc(N=Nc3ccccc3)cc2)C1=O,0.0000000,0.0000,0.0000000,0.0000,0.0000000,0.0000,0.0000000,0.0000,"['C(=[O,S])[O,S]']",43
45.7371,60.1783,-60.1783,0.0000000,CCOc1ccc2c(ccc(-c3ccc(N(c4ccccc4)c4ccccc4)cc3)s1)C(C=Cc1ccc(N(c3ccc(-c4ccccc4)cc3)c3ccc(-c4cccnc4)cc3)cc1)=C2,1,C(=Cc1ccc(N(c2ccc(-c3ccccc3)cc2)c2ccc(-c3cccnc3)cc2)cc1)C1=Cc2cccsc(-c3ccc(N(c4ccccc4)c4ccccc4)cc3)ccc21,0.0000000,0.0000,0.0000000,0.0000,0.0000000,0.0000,0.0000000,0.0000,['[*;r{8-17}]'],43
60.9627,84.5423,-63.1166,0.1673877,N#Cc1ccc([S+](c2ccc(N3Cc4ccc(C=Cc5ccc(N(c6ccccc6)c6ccc(OCCN7CCCC7)cc6)c(F)c5)cc4C3=O)cc2)c2ccc(N3CN(c4ccccc4)Cc4ccccc43)cc2)cc1,1,O=C1c2cc(C=Cc3ccc(N(c4ccccc4)c4ccc(OCCN5CCCC5)cc4)cc3)ccc2CN1c1ccc([S+](c2ccccc2)c2ccc(N3CN(c4ccccc4)Cc4ccccc43)cc2)cc1,0.1685538,382.6726,0.0748519,0.0749,0.4025239,4.5500,1.0000000,1.0000,[],43
32.7186,45.4801,66.8769,0.8777894,Nc1ncc2c(n1)NC(c1ccccc1)=NC(c1ccc(N(c3ccccc3)c3ccccc3)cc1)=C2,1,C1=C(c2ccc(N(c3ccccc3)c3ccccc3)cc2)N=C(c2ccccc2)Nc2ncncc21,0.9177115,426.1842,0.2860349,0.2860,0.5706168,2.8052,1.0000000,1.0000,[],43
49.3243,65.5967,-64.4620,0.0088653,O=C(c1ccc(F)cc1)C1CCN(Cc2ccc3c4cc(-c5ccc(N(c6ccccc6)c6ccccc6)cc5)ccc4n(CCCCOc4ccc([N+](=O)[O-])cc4)c3c2)CC1,1,O=C(c1ccccc1)C1CCN(Cc2ccc3c4cc(-c5ccc(N(c6ccccc6)c6ccccc6)cc5)ccc4n(CCCCOc4ccccc4)c3c2)CC1,0.0077296,347.2882,0.0443298,0.0443,0.5333329,3.1430,1.0000000,1.0000,[],43
53.3003,100.5678,12.6813,0.8847589,N#Cc1ccc(C=CC2=CC=C(c3ccc(C=Cc4ccc(N(c5ccccc5)c5ccccc5)cc4)cc3)N(c3ccc(C=Cc4ccccc4)cc3)C=C2)cc1N(c1ccc(C=Cc2ccc3c(ccn3-c3ccc(C(F)(F)F)cc3F)c2)cc1)c1ccc(C=Cc2ccc(-c3ccc(N(c4ccccc4)c4ccccc4)cc3)s2)s1,1,C(=Cc1cccc(N(c2ccc(C=Cc3ccc4c(ccn4-c4ccccc4)c3)cc2)c2ccc(C=Cc3ccc(-c4ccc(N(c5ccccc5)c5ccccc5)cc4)s3)s2)c1)C1=CC=C(c2ccc(C=Cc3ccc(N(c4ccccc4)c4ccccc4)cc3)cc2)N(c2ccc(C=Cc3ccccc3)cc2)C=C1,0.9913245,451.4480,0.0471558,0.0472,0.3241105,5.6334,1.0000000,1.0000,[],43
29.4500,50.5604,63.6633,0.8923726,COc1ccc(N(c2ccc(C=Cc3ccc(N(c4ccc(OC)cc4)c4ccc(C5=C(c6ccccc6)C(c6ccc(N(c7ccccc7)c7ccccc7)cc6)C5=O)cc4)cc3)cc2)c2ccc(OC)cc2)cc1,1,O=C1C(c2ccc(N(c3ccccc3)c3ccc(C=Cc4ccc(N(c5ccccc5)c5ccccc5)cc4)cc3)cc2)=C(c2ccccc2)C1c1ccc(N(c2ccccc2)c2ccccc2)cc1,0.9745288,439.5686,0.0842622,0.0843,0.4689365,3.7864,1.0000000,1.0000,[],43
57.5732,75.7479,-68.4494,0.0570196,N#Cc1c(N(c2ccccc2)c2ccccc2)sc2c(N3CCc4ccc(-c5ccc6ccc(-c7ccc(-c8nc9ccccc9o8)cc7)cc6c5)cc43)ccc(Cl)c12,1,c1ccc(N(c2ccccc2)c2cc3cccc(N4CCc5ccc(-c6ccc7ccc(-c8ccc(-c9nc%10ccccc%10o9)cc8)cc7c6)cc54)c3s2)cc1,0.0527052,368.6342,0.1607499,0.1607,0.5057614,3.4085,1.0000000,1.0000,[],43
38.6053,55.0583,47.2483,0.7992702,CCCCn1c2ccccc2c(=Nc2ccc(C=Cc3ccc(Nc4ccc(-c5cccs5)cc4)cc3)cc2F)c2ccccc21,1,C(=Cc1ccc(Nc2ccc(-c3cccs3)cc2)cc1)c1ccc(N=c2c3ccccc3[nH]c3ccccc23)cc1,0.8534519,419.1300,0.1263987,0.1264,0.5637182,2.8660,1.0000000,1.0000,[],43
33.3480,54.8501,57.7985,0.8800677,C(=Cc1ccc(C2=C(c3ccc(N(c4ccc(-c5ccc(N(c6ccccc6)c6ccccc6)cc5)cc4)c4ccc5c(c4)C(c4ccccc4)(c4ccccc4)c4ccccc4-5)cc3)CCC2)s1)c1ccc(N(c2ccccc2)c2ccccc2)cc1,1,C(=Cc1ccc(C2=C(c3ccc(N(c4ccc(-c5ccc(N(c6ccccc6)c6ccccc6)cc5)cc4)c4ccc5c(c4)C(c4ccccc4)(c4ccccc4)c4ccccc4-5)cc3)CCC2)s1)c1ccc(N(c2ccccc2)c2ccccc2)cc1,0.9573520,433.7793,0.0954638,0.0955,0.4520052,3.9703,1.0000000,1.0000,[],43
40.4796,61.5230,19.1650,0.6303757,CC(C)Nc1nnc(-c2ccccc2)c2cc(C=Cc3ccc(N(c4ccccc4)c4cccc(F)c4)cc3)c(N)cc12,1,C(=Cc1ccc2cnnc(-c3ccccc3)c2c1)c1ccc(N(c2ccccc2)c2ccccc2)cc1,0.6622067,407.3086,0.1421013,0.1421,0.5673901,2.8335,1.0000000,1.0000,[],43
30.6237,44.6717,72.0767,0.9120968,Clc1cccc(N(c2ccccc2)c2ccc(C=Cc3ccc(C=Cc4ccc(N(c5ccccc5)c5ccc(C=Cc6ccccc6)cc5)cc4)s3)cc2)c1,1,C(=Cc1ccc(N(c2ccccc2)c2ccc(C=Cc3ccc(C=Cc4ccc(N(c5ccccc5)c5ccccc5)cc4)s3)cc2)cc1)c1ccccc1,0.9834685,444.3612,0.1145024,0.1145,0.5724055,2.7895,1.0000000,1.0000,[],43
46.6964,54.6159,53.8765,0.8475967,O=C1COCCN1c1ccc2c(c1)C(=S)C=C2c1ccc(N=Nc2ccccc2)cc1[N+](=O)[O-],1,O=C1COCCN1c1ccc2c(c1)C(=S)C=C2c1ccc(N=Nc2ccccc2)cc1,0.8942315,496.8227,0.2111519,0.2112,0.5354246,3.1235,1.0000000,1.0000,[],43
36.7257,54.6499,49.2265,0.8115342,CN(c1ccccc1)c1ccc(N(c2ccccc2)c2ccc(C=Cc3ccc(N(c4ccc(C=Cc5cc6cc(C=Cc7ccc(N(c8ccccc8)c8ccccc8)cc7)sc6s5)cc4)c4ccc(N(c5ccccc5)c5ccccc5)cc4)cc3)cc2)cc1,1,C(=Cc1cc2cc(C=Cc3ccc(N(c4ccc(C=Cc5ccc(N(c6ccccc6)c6ccc(Nc7ccccc7)cc6)cc5)cc4)c4ccc(N(c5ccccc5)c5ccccc5)cc4)cc3)sc2s1)c1ccc(N(c2ccccc2)c2ccccc2)cc1,0.8870478,422.3763,0.0705032,0.0705,0.4629593,3.8506,1.0000000,1.0000,[],43
24.5967,37.3539,29.7601,0.5243279,C(=Cc1ccc(N(c2ccc(C=Cc3ccc(N(c4ccccc4)c4ccccc4)cc3)cc2)c2ccc(C=Cc3cccnc3)cc2)cc1)c1ccc(N(c2ccccc2)c2ccccc2)cc1,1,C(=Cc1ccc(N(c2ccc(C=Cc3ccc(N(c4ccccc4)c4ccccc4)cc3)cc2)c2ccc(C=Cc3cccnc3)cc2)cc1)c1ccc(N(c2ccccc2)c2ccccc2)cc1,0.5523840,402.2834,0.0956778,0.0957,0.5655670,2.8496,1.0000000,1.0000,[],43
34.9095,51.3419,-29.8885,0.1676051,CNc1cc(C=C(C)C)c2ccc(N(c3ccccc3)c3ccccc3)cc2n1,1,c1ccc(N(c2ccccc2)c2ccc3cccnc3c2)cc1,0.1587211,381.8924,0.3982614,0.3983,0.6080872,2.4872,1.0000000,1.0000,[],43
34.7787,52.2806,14.7980,0.5240514,COc1ccc(N(c2ccc(C(=O)c3ccccc3N(c3ccc(OC)cc3)c3ccc(OC)cc3)cc2)c2ccc(-c3ccc(C=Cc4ccc(N(c5ccccc5)c5ccc(C)cc5)cc4)cc3)cc2)cc1,1,O=C(c1ccc(N(c2ccccc2)c2ccc(-c3ccc(C=Cc4ccc(N(c5ccccc5)c5ccccc5)cc4)cc3)cc2)cc1)c1ccccc1N(c1ccccc1)c1ccccc1,0.5593758,402.5909,0.0665516,0.0666,0.5224358,3.2463,1.0000000,1.0000,[],43
20.0093,26.7745,-26.4693,0.0023846,CCOc1ccc2ccc(=N)oc2c1,1,N=c1ccc2ccccc2o1,0.0017661,331.1946,0.7874672,0.7875,0.6208243,2.3835,1.0000000,1.0000,[],43
42.5121,52.7483,58.3043,0.8675984,COc1c(Nc2ccccc2)ccc(N=Nc2ccc(Nc3cccc([N+](=O)[O-])c3)oc2=O)c1Oc1ccccc1,1,O=c1oc(Nc2ccccc2)ccc1N=Nc1ccc(Nc2ccccc2)cc1Oc1ccccc1,0.9376949,490.5616,0.1007436,0.1007,0.5472513,3.0142,1.0000000,1.0000,[],43
55.0984,63.7107,45.7829,0.8554191,CCCCCCCCCCCCn1c(=Nc2ccccc2)n(CCCC[n+]2ccc(-c3cc[n+](Cc4ccc5ccccc5[n+]4CCC[N+](C)(C)CCCCCCCC)cc3)cc2)c2ccccc21,1,c1ccc(N=c2[nH]c3ccccc3n2CCCC[n+]2ccc(-c3cc[n+](Cc4ccc5ccccc5[nH+]4)cc3)cc2)cc1,0.9717678,481.5796,0.0236118,0.0236,0.4365515,4.1442,1.0000000,1.0000,[],43
38.1171,60.1471,32.7419,0.7256956,C=CC[n+]1cc(C=Cc2ccc(N(c3ccccc3)c3ccc(N(c4ccccc4)c4ccc(C=Cc5ccc(C=C(C#N)C#N)s5)cc4)cc3)cc2)sc1CCCC,1,C(=Cc1cccs1)c1ccc(N(c2ccccc2)c2ccc(N(c3ccccc3)c3ccc(C=Cc4c[nH+]cs4)cc3)cc2)cc1,0.7945970,505.3115,0.0554635,0.0555,0.4620996,3.8599,1.0000000,1.0000,[],43
40.3066,53.5913,38.3234,0.7180836,Cc1ccc(-c2cc3sc(-c4ccc(N=Cc5ccc(-c6ccc(N(c7ccccc7)c7ccccc7)cc6)cc5)cc4)cc3c3ccc(N(c4ccccc4)c4ccccc4)cc23)cc1N(c1ccccc1)c1ccccc1,1,C(=Nc1ccc(-c2cc3c(cc(-c4cccc(N(c5ccccc5)c5ccccc5)c4)c4cc(N(c5ccccc5)c5ccccc5)ccc43)s2)cc1)c1ccc(-c2ccc(N(c3ccccc3)c3ccccc3)cc2)cc1,0.7703241,413.1389,0.1013629,0.1014,0.4818854,3.6502,1.0000000,1.0000,[],43
45.3019,72.2289,29.3411,0.7935153,CCN1c2cc(N(c3ccc(C=Cc4cc[n+](CCCN(c5ccccc5)c5ccccc5)cc4)cc3)c3ccc(OC)cc3)ccc2Oc2cc3cccc(N(c4ccccc4)c4ccc(N(c5ccc(OC)cc5)c5ccc(OC)cc5)cc4)c3cc21,1,C(=Cc1cc[n+](CCCN(c2ccccc2)c2ccccc2)cc1)c1ccc(N(c2ccccc2)c2ccc3c(c2)Nc2cc4c(N(c5ccccc5)c5ccc(N(c6ccccc6)c6ccccc6)cc5)cccc4cc2O3)cc1,0.8699279,499.3675,0.0655022,0.0655,0.4245485,4.2836,1.0000000,1.0000,[],43
49.5170,64.7465,-12.5042,0.4081433,N=C1c2ccc(-c3cccc(N4c5ccccc5Oc5ccccc54)n3)cc2-c2sc(-c3ccc4sc5ccccc5c(=O)c4c3)nc21,1,N=C1c2ccc(-c3cccc(N4c5ccccc5Oc5ccccc54)n3)cc2-c2sc(-c3ccc4sc5ccccc5c(=O)c4c3)nc21,0.4158635,396.3109,0.1918465,0.1918,0.5200450,3.2692,1.0000000,1.0000,[],43
34.8164,55.1414,55.1606,0.8617345,C1=CCC(N(c2ccc(C=Cc3cc[n+](Cc4ccccc4)cc3)cc2)c2ccc(C=Cc3ccc(C=C(c4ccccc4)c4ccc(N(c5ccccc5)c5ccccc5)cc4)s3)cc2)=C1,1,C1=CCC(N(c2ccc(C=Cc3cc[n+](Cc4ccccc4)cc3)cc2)c2ccc(C=Cc3ccc(C=C(c4ccccc4)c4ccc(N(c5ccccc5)c5ccccc5)cc4)s3)cc2)=C1,0.9355053,490.9619,0.0949943,0.0950,0.4758085,3.7137,1.0000000,1.0000,[],43
19.2349,27.5908,90.4722,0.9223665,CCCCCCCCCC[n+]1ccc(C=Cc2ccc(OCC)cc2)cc1,1,C(=Cc1cc[nH+]cc1)c1ccccc1,0.9650829,483.9618,0.2843970,0.2844,0.6272911,2.3317,1.0000000,1.0000,[],43
36.5266,56.6665,-56.6665,0.0000000,c1c(cccc1)C=Cc1ccc(cc1)N(c1ccccc1)c1ccc(cc1)C=Cc1nc2n(c(c(s2)C=Cc2ccc(cc2)N(c2ccccc2)c2ccccc2)=O)c2ccsc21,0,,0.0000000,0.0000,0.0000000,0.0000,0.0000000,0.0000,0.0000000,0.0000,None,43
24.3188,43.7785,54.9409,0.7712452,COc1ccc(N(c2ccccc2)c2ccc(C=Nc3ccc(OC)c4ccc(N(c5ccccc5)c5ccccc5)cc34)cc2)cc1,1,C(=Nc1cccc2ccc(N(c3ccccc3)c3ccccc3)cc12)c1ccc(N(c2ccccc2)c2ccccc2)cc1,0.8183445,416.3422,0.1417557,0.1418,0.5859282,2.6728,1.0000000,1.0000,[],43
46.3865,55.5375,58.0992,0.8877867,CCCC[n+]1c(C=Cc2ccccc2)ccc2cc(-c3cc(C=Cc4ccccc4)ccc3N(c3ccccc3)c3ccccc3)sc21,1,C(=Cc1ccc(N(c2ccccc2)c2ccccc2)c(-c2cc3ccc(C=Cc4ccccc4)[nH+]c3s2)c1)c1ccccc1,0.9611642,485.1609,0.1008869,0.1009,0.5330803,3.1454,1.0000000,1.0000,[],43
59.2146,77.0224,37.5399,0.8950179,Brc1ccc(N(c2ccc(C=Cc3ccc(C=C(c4ccc(N(c5ccccc5)c5ccc(C=C(c6ccccc6)c6ccccc6)cc5)cc4)c4ccc5cc(N(c6ccccc6)c6ccccc6)ccc5c4)s3)cc2)c2ccc3c(-c4ccccc4Br)c4ccccc4nc3c2)cc1,1,C(=Cc1ccc(C=C(c2ccc(N(c3ccccc3)c3ccc(C=C(c4ccccc4)c4ccccc4)cc3)cc2)c2ccc3cc(N(c4ccccc4)c4ccccc4)ccc3c2)s1)c1ccc(N(c2ccccc2)c2ccc3c(-c4ccccc4)c4ccccc4nc3c2)cc1,0.9895090,449.3651,0.0630705,0.0631,0.4068255,4.4969,1.0000000,1.0000,[],43
45.5779,55.6240,60.9254,0.9105426,CCc1c2ccccc2c(N(c2ccccc2)c2ccc(-c3ccc(C=Cc4ccc(N(c5ccccc5)c5ccccc5)s4)s3)s2)c2ccc(N3CCOCC3)cc12,1,C(=Cc1ccc(N(c2ccccc2)c2ccccc2)s1)c1ccc(-c2ccc(N(c3ccccc3)c3c4ccccc4cc4cc(N5CCOCC5)ccc34)s2)s1,0.9832154,475.8066,0.1209937,0.1210,0.4898438,3.5683,1.0000000,1.0000,[],43
39.7612,53.5422,50.5100,0.8129076,Nc1c(C=Cc2ccc(-c3ccc(N(c4ccccc4)c4ccccc4)cn3)s2)ccnc1-n1c2ccccc2c2ccccc21,1,C(=Cc1ccc(-c2ccc(N(c3ccccc3)c3ccccc3)cn2)s1)c1ccnc(-n2c3ccccc3c3ccccc32)c1,0.8574364,419.4798,0.1947715,0.1948,0.5504033,2.9855,1.0000000,1.0000,[],43
39.9094,48.8326,-38.9275,0.0773839,c1ccc(-c2cccc3c(N(C4=C(c5ccc(N(c6ccccc6)c6ccccc6)cc5)c5ccccc5C4)c4ccc(-c5ccc6ccccc6c5)cc4)cccc23)cc1,1,c1ccc(-c2cccc3c(N(C4=C(c5ccc(N(c6ccccc6)c6ccccc6)cc5)c5ccccc5C4)c4ccc(-c5ccc6ccccc6c5)cc4)cccc23)cc1,0.0728257,372.3781,0.1439839,0.1440,0.5451828,3.0332,1.0000000,1.0000,[],43
61.7596,85.0030,-21.2425,0.4981283,CC(=O)Nc1ccc2c(N(c3ccccc3)c3ccccc3)c3cc(N(c4ccccc4)c4ccccc4)ccc3[n+](CCCCCC[n+]3ccc(C=Cc4ccc(S(=O)(=O)NC5=C(c6ccccc6)CCC5)cc4)cc3)c2c1,1,O=S(=O)(NC1=C(c2ccccc2)CCC1)c1ccc(C=Cc2cc[n+](CCCCCC[n+]3c4ccccc4c(N(c4ccccc4)c4ccccc4)c4cc(N(c5ccccc5)c5ccccc5)ccc43)cc2)cc1,0.5390253,518.3017,0.0450918,0.0451,0.4310003,4.2082,1.0000000,1.0000,[],43
30.4580,49.8718,-33.8769,0.1249604,c1ccc(N(c2ccccc2)c2ccc(-c3ccc(-c4ccc(-c5ccc(N(c6ccccc6)c6ccc(-n7c8ccccc8c8ccccc87)cc6)cc5)c5ccccc45)s3)cc2)cc1,1,c1ccc(N(c2ccccc2)c2ccc(-c3ccc(-c4ccc(-c5ccc(N(c6ccccc6)c6ccc(-n7c8ccccc8c8ccccc87)cc6)cc5)c5ccccc45)s3)cc2)cc1,0.1207730,378.4467,0.1357088,0.1357,0.5573687,2.9226,1.0000000,1.0000,[],43
58.9459,91.7192,-91.7192,0.0000000,c12c(cc(cc2)N=c2ccc(sc2/C=C(/C=C2Sc3ccccc3N2C)C=Cc2sc(cc2)-c2ccc(N(c3ccccc3)c3ccccc3)cc2)Cl)sc(c1)C=C(C#N)c1ccc(s1)C=C(c1ccccc1)c1ccccc1,0,,0.0000000,0.0000,0.0000000,0.0000,0.0000000,0.0000,0.0000000,0.0000,None,43
61.8825,89.2903,27.6525,0.9136161,CCN(CCC[n+]1ccc(-c2cc3c(=O)n(-c4cc(C=Cc5ccc6[nH]ncc6c5)ncn4)ccc3cc2-c2ccccc2)cc1)c1ccc(N=Nc2ccccc2)cc1,1,O=c1c2cc(-c3cc[n+](CCCNc4ccc(N=Nc5ccccc5)cc4)cc3)c(-c3ccccc3)cc2ccn1-c1cc(C=Cc2ccc3[nH]ncc3c2)ncn1,0.9958731,460.4355,0.0924935,0.0925,0.4724225,3.7494,1.0000000,1.0000,[],43
23.9930,31.2072,-8.5899,0.1766980,C(=C(c1ccccc1)c1cccs1)c1ccc(-c2ccsc2)s1,1,C(=C(c1ccccc1)c1cccs1)c1ccc(-c2ccsc2)s1,0.1682534,382.6493,0.3671612,0.3672,0.6039587,2.5212,1.0000000,1.0000,[],43
31.0779,42.2135,36.0133,0.6111472,C(=Nc1c(-c2cccc(N(c3ccccc3)c3ccccc3)c2)nc2cc3c(cc2c1-c1ccccc1)c1ccccc1n3-c1ccccc1)c1ccccc1,1,C(=Nc1c(-c2cccc(N(c3ccccc3)c3ccccc3)c2)nc2cc3c(cc2c1-c1ccccc1)c1ccccc1n3-c1ccccc1)c1ccccc1,0.6408960,406.2892,0.1467198,0.1467,0.5434369,3.0492,1.0000000,1.0000,[],43
30.2646,32.8982,-27.6500,0.0410016,CCCCN1C(=Cc2ccc3c(c2)OCO3)Sc2ccccc21,1,C(=C1Nc2ccccc2S1)c1ccc2c(c1)OCO2,0.0352773,364.0773,0.7769232,0.7769,0.6286770,2.3207,1.0000000,1.0000,[],43
41.5649,63.9046,-63.9046,0.0000000,COC1=Nc2ccc(C=Cc3ccc(N(c4ccccc4)c4ccccc4)cc3)c(c2-c2ccccc2)-c2cc(OC)c3cc(N(c4ccccc4)c4ccc(OC)cc4)ccc3c21,1,C(=Cc1ccc2c(-c3ccccc3)c1-c1ccc3cc(N(c4ccccc4)c4ccccc4)ccc3c1C=N2)c1ccc(N(c2ccccc2)c2ccccc2)cc1,0.0000000,0.0000,0.1215290,0.1215,0.4370115,4.1390,1.0000000,1.0000,[],43
25.3980,36.3152,-13.4464,0.1786626,BrC(C=Cc1ccc(N(c2ccccc2)c2ccccc2)cc1)CCc1ccccc1,1,C(=Cc1ccc(N(c2ccccc2)c2ccccc2)cc1)CCCc1ccccc1,0.1728095,382.9991,0.2342194,0.2342,0.5791470,2.7310,1.0000000,1.0000,[],43
40.1448,48.2533,59.3382,0.8405585,C(=Cc1cccs1)c1csc(-c2cc3c(s2)N(Cc2ccccc2)c2ccccc2S3)n1,1,C(=Cc1cccs1)c1csc(-c2cc3c(s2)N(Cc2ccccc2)c2ccccc2S3)n1,0.8813263,421.7696,0.2466345,0.2466,0.5575970,2.9206,1.0000000,1.0000,[],43
53.0240,77.3284,35.9947,0.8853368,Nc1c(C=Cc2ccc(N(c3ccc(N(c4ccccc4)c4ccccc4)cc3)c3ccc(N(c4ccccc4)c4ccccc4)cc3)s2)sc2cc(-c3ccccc3)cc(NC(N)c3ccc(N(c4ccccc4)c4ccccc4)cc3)c12,1,C(=Cc1cc2c(NCc3ccc(N(c4ccccc4)c4ccccc4)cc3)cc(-c3ccccc3)cc2s1)c1ccc(N(c2ccc(N(c3ccccc3)c3ccccc3)cc2)c2ccc(N(c3ccccc3)c3ccccc3)cc2)s1,0.9731753,481.0086,0.0739165,0.0739,0.4104275,4.4528,1.0000000,1.0000,[],43
59.4892,105.4198,-20.3209,0.6648349,C[n+]1ccc(C=CC=CCC(CCC2CCCC2)c2ccc(N(c3ccccc3)c3ccc(C=Cc4cc[n+](CCCCCC[n+]5ccc(C=Cc6cc[n+](Cc7cc[n+](Cc8cccs8)cc7)cc6)cc5)cc4)cc3)cc2)cc1,1,C(C=Cc1cc[nH+]cc1)=CCC(CCC1CCCC1)c1ccc(N(c2ccccc2)c2ccc(C=Cc3cc[n+](CCCCCC[n+]4ccc(C=Cc5cc[n+](Cc6cc[n+](Cc7cccs7)cc6)cc5)cc4)cc3)cc2)cc1,0.7427145,508.4898,0.0300994,0.0301,0.3579430,5.1369,1.0000000,1.0000,[],43
60.4316,79.5082,31.2524,0.8653169,NCCNc1ccc2c(=Nc3ccc([N+](=O)[O-])cc3)c3cc(N=Nc4ccc(-c5ccc(OCCCSc6ccccc6NC(=O)C=Cc6ccccc6)cc5)cc4)ccc3sc2c1,1,O=C(C=Cc1ccccc1)Nc1ccccc1SCCCOc1ccc(-c2ccc(N=Nc3ccc4sc5ccccc5c(=Nc5ccccc5)c4c3)cc2)cc1,0.9944067,456.2474,0.0156242,0.0156,0.4828034,3.6407,1.0000000,1.0000,[],43
32.7425,46.6156,73.2642,0.9365607,C(=Cc1nc2ccccc2s1)c1cnc2c(ccc[n+]2-c2ccc(N(c3ccccc3)c3ccccc3)cc2)c1,1,C(=Cc1nc2ccccc2s1)c1cnc2c(ccc[n+]2-c2ccc(N(c3ccccc3)c3ccccc3)cc2)c1,0.9945106,456.4521,0.2003676,0.2004,0.5465214,3.0209,1.0000000,1.0000,[],43
49.9245,67.4658,-67.4658,0.0000000,CCCCCCc1c(N=Nc2c(Cl)cccc2Cl)sc(C=Cc2ccc(N(c3ccccc3)c3ccc(OC)cc3)cc2)c1C#Cc1ccc(C=O)cc1,1,C(#Cc1cc(N=Nc2ccccc2)sc1C=Cc1ccc(N(c2ccccc2)c2ccccc2)cc1)c1ccccc1,0.0000000,0.0000,0.0000000,0.0000,0.0000000,0.0000,0.0000000,0.0000,['C#C'],43
35.3073,47.7155,70.6418,0.9246668,CCCC[n+]1ccc(C=Cc2ccc(-c3noc(CN(C)Cc4ccc(OC)c(OC)c4)n3)cc2)cc1,1,C(=Cc1ccc(-c2noc(CNCc3ccccc3)n2)cc1)c1cc[nH+]cc1,0.9749953,439.7745,0.2350174,0.2350,0.5820947,2.7056,1.0000000,1.0000,[],43
33.8030,60.0267,30.5888,0.7079331,O=C(C[n+]1ccc(C[n+]2ccc(C=CC=Cc3cc[n+](CSc4ccc(N=Nc5ccc(N(c6ccccc6)c6ccccc6)cc5)cc4)cc3)cc2)cc1)c1ccccc1,1,O=C(C[n+]1ccc(C[n+]2ccc(C=CC=Cc3cc[n+](CSc4ccc(N=Nc5ccc(N(c6ccccc6)c6ccccc6)cc5)cc4)cc3)cc2)cc1)c1ccccc1,0.7874962,505.7780,0.0320951,0.0321,0.4657484,3.8205,1.0000000,1.0000,[],43
63.6342,106.3205,-106.3205,0.0000000,COCCOCCOCCc1c(C#N)cc(N=Nc2ccc3cc(N4CCCC4)ccc3c2)cc1N=Nc1ccc(N2c3ccccc3NC(=O)CCC2c2ccc(N=Nc3ccc(Nc4ccccc4)c(C#N)c3)cc2)cc1,1,O=C1CCC(c2ccc(N=Nc3ccc(Nc4ccccc4)cc3)cc2)N(c2ccc(N=Nc3cccc(N=Nc4ccc5cc(N6CCCC6)ccc5c4)c3)cc2)c2ccccc2N1,0.0000000,0.0000,0.0000000,0.0000,0.0000000,0.0000,0.0000000,0.0000,['[*;r{8-17}]'],44
37.1224,62.6597,33.5963,0.7519999,O=C1CCCN1c1ccc(C=Cc2cc[n+](CCS(=O)(=O)c3ccc(NCC=Cc4ccc(N(c5ccccc5)c5ccccc5)cc4)cc3)cc2)s1,1,O=C1CCCN1c1ccc(C=Cc2cc[n+](CCS(=O)(=O)c3ccc(NCC=Cc4ccc(N(c5ccccc5)c5ccccc5)cc4)cc3)cc2)s1,0.8051462,504.5959,0.1128896,0.1129,0.5044976,3.4210,1.0000000,1.0000,[],44
45.5474,77.2788,-77.2788,0.0000000,O=c1c2ccc(cc2ccc1NCc1ccc(cc1)C=Cc1ccc(N(c2ccc(cc2)N=Nc2cc(c(N(CCC#N)c3ccccc3)cc2)C)CCO)cc1)N(c1ccccc1)c1ccccc1,0,,0.0000000,0.0000,0.0000000,0.0000,0.0000000,0.0000,0.0000000,0.0000,None,44
35.9566,42.1208,-42.1208,0.0000000,CCC1=CC(=Cc2sc(Nc3ccccc3)nc2C(=O)O)C(=O)C=C1,1,O=C1C=CC=CC1=Cc1cnc(Nc2ccccc2)s1,0.0000000,0.0000,0.0000000,0.0000,0.0000000,0.0000,0.0000000,0.0000,"['C(=[O,S])[O,S]']",44
71.7614,100.4701,-100.4701,0.0000000,CCON(c1ccc(N(c2ccccc2O)c2sc(C(C)=O)c(C=Cc3ccc(N(c4ccccc4)c4ccccc4)cc3)c2CC)cc1)c1ccc(N=Nc2ccc(-c3ccc(-n4ccc(C(=O)O)n4)cc3)cc2)c(N(CC)CC)c1,1,C(=Cc1csc(N(c2ccccc2)c2ccc(Nc3ccc(N=Nc4ccc(-c5ccc(-n6cccn6)cc5)cc4)cc3)cc2)c1)c1ccc(N(c2ccccc2)c2ccccc2)cc1,0.0000000,0.0000,0.0000000,0.0000,0.0000000,0.0000,0.0000000,0.0000,"['C(=[O,S])[O,S]']",44
49.6906,62.8639,4.1176,0.5232928,CCc1nc(C=Cc2ccc(N(c3cc(N(c4ccc(Cl)cc4)c4ccc(OC)cc4)ccc3C)c3ccccc3Cl)cc2)nc(Cl)c1C,1,C(=Cc1ncccn1)c1ccc(N(c2ccccc2)c2cccc(N(c3ccccc3)c3ccccc3)c2)cc1,0.5461504,402.0100,0.1327293,0.1327,0.5375963,3.1032,1.0000000,1.0000,[],44
43.4881,58.6641,-51.0640,0.0593756,c1ccc(N(c2ccccc2)c2cccc(N(c3ccc4ccsc4c3)c3ccc4c5cc(N(c6ccccc6)c6ccccc6)ccc5n(CCCCN5CCCCC5)c4c3)c2)cc1,1,c1ccc(N(c2ccccc2)c2cccc(N(c3ccc4ccsc4c3)c3ccc4c5cc(N(c6ccccc6)c6ccccc6)ccc5n(CCCCN5CCCCC5)c4c3)c2)cc1,0.0557939,369.2880,0.1013277,0.1013,0.5116005,3.3511,1.0000000,1.0000,[],44
22.6667,39.1441,14.1029,0.4159919,C(=Cc1ccc(N(c2ccccc2)c2ccc(-c3ccc4c5ccccc5n(-c5ccccc5)c4c3)cc2)cc1)c1ccc(N(c2ccccc2)c2ccccc2)cc1,1,C(=Cc1ccc(N(c2ccccc2)c2ccc(-c3ccc4c5ccccc5n(-c5ccccc5)c4c3)cc2)cc1)c1ccc(N(c2ccccc2)c2ccccc2)cc1,0.4285885,396.8773,0.1288124,0.1288,0.5853031,2.6781,1.0000000,1.0000,[],44
34.8498,47.7979,69.4643,0.9161108,O=c1oc2cccc(Oc3ccc(N(c4ccccc4)c4ccccc4)cc3)c2cc1C=Cc1ccc(N(c2ccccc2)c2ccccc2)cc1,1,O=c1oc2cccc(Oc3ccc(N(c4ccccc4)c4ccccc4)cc3)c2cc1C=Cc1ccc(N(c2ccccc2)c2ccccc2)cc1,0.9827945,443.9199,0.1351357,0.1351,0.5744694,2.7715,1.0000000,1.0000,[],44
35.4013,61.4831,35.9028,0.7608268,CCc1cc2nc(C=Cc3ccc(N(c4ccccc4)c4ccc(OC)cc4)cc3)c(N(c3ccccc3)c3ccccc3)n2c(-c2ccc(N(c3ccccc3)c3ccccc3)cc2)n1,1,C(=Cc1nc2ccnc(-c3ccc(N(c4ccccc4)c4ccccc4)cc3)n2c1N(c1ccccc1)c1ccccc1)c1ccc(N(c2ccccc2)c2ccccc2)cc1,0.8160132,416.1728,0.1085784,0.1086,0.5070615,3.3956,1.0000000,1.0000,[],44
29.9444,48.5679,24.8902,0.5738915,COc1ccc(N(c2ccc(F)cc2)c2ccc(C=Cc3ccc(N(c4ccccc4)c4ccc(N(c5ccc(C=Cc6ccc(N(c7ccccc7)c7ccccc7)cc6)cc5)c5ccc(OC)cc5)cc4)cc3)cc2)cc1,1,C(=Cc1ccc(N(c2ccccc2)c2ccc(N(c3ccccc3)c3ccc(C=Cc4ccc(N(c5ccccc5)c5ccccc5)cc4)cc3)cc2)cc1)c1ccc(N(c2ccccc2)c2ccccc2)cc1,0.6117378,404.9360,0.0796399,0.0796,0.5344937,3.1322,1.0000000,1.0000,[],44
25.0947,40.5908,77.5432,0.9229220,O=Cc1ccc(C=Cc2ccc(N(c3ccccc3)c3ccc4c(c3)Cc3cc(N(c5ccccc5)c5ccccc5)ccc3-4)cc2)s1,1,C(=Cc1cccs1)c1ccc(N(c2ccccc2)c2ccc3c(c2)Cc2cc(N(c4ccccc4)c4ccccc4)ccc2-3)cc1,0.9882859,448.1544,0.1473139,0.1473,0.5609962,2.8902,1.0000000,1.0000,[],44
34.0688,41.3513,-26.7992,0.1136879,c1ccc(N(c2ccc(N(c3ccccc3)c3cccc4sc5ccccc5c34)cc2)c2ccc3c(N(c4ccccc4)c4ccccc4)c(N(c4ccccc4)c4ccccc4)sc3c2)cc1,1,c1ccc(N(c2ccc(N(c3ccccc3)c3cccc4sc5ccccc5c34)cc2)c2ccc3c(N(c4ccccc4)c4ccccc4)c(N(c4ccccc4)c4ccccc4)sc3c2)cc1,0.1098890,377.2878,0.1210679,0.1211,0.5198199,3.2714,1.0000000,1.0000,[],44
59.1967,79.6866,36.2835,0.9060160,Cc1ccc(-n2c3ccc(C#N)cc3c3nc(C=Cc4ccc(N(c5ccccc5)c5ccccc5C#N)cc4)c(C=Cc4ccc(C=Cc5cccc6ccccc56)s4)cc32)cc1,1,C(=Cc1nc2c3ccccc3n(-c3ccccc3)c2cc1C=Cc1ccc(C=Cc2cccc3ccccc23)s1)c1ccc(N(c2ccccc2)c2ccccc2)cc1,0.9747356,439.6595,0.1375627,0.1376,0.4752449,3.7196,1.0000000,1.0000,[],44
30.7310,44.8448,19.4230,0.5020920,C(=Cc1ccc(N(c2ccccc2)c2ccc(C3(c4ccccc4)c4ccccc4-c4ccc(-c5ccccc5Nc5ccccc5)cc43)cc2)cc1)c1ccc(N(c2ccccc2)c2ccccc2)cc1,1,C(=Cc1ccc(N(c2ccccc2)c2ccc(C3(c4ccccc4)c4ccccc4-c4ccc(-c5ccccc5Nc5ccccc5)cc43)cc2)cc1)c1ccc(N(c2ccccc2)c2ccccc2)cc1,0.5262769,401.1422,0.1162809,0.1163,0.4821947,3.6470,1.0000000,1.0000,[],44
79.0925,115.1662,-37.0882,0.6099842,CCCCCCOc1ccc(N(c2ccc(N(c3ccccc3)c3ccccc3)cc2)c2cc(C=Cc3cc[n+](CCC[N+](C)(C)CCN(c4ccc(OC)cc4)c4ccc(OC)cc4)cc3)c(-c3cc(OCC)c(C)cc3OCCSc3ccccc3N=Nc3ccc(N(c4ccccc4)c4ccccc4)cc3)s2)cc1,1,C(=Cc1cc(N(c2ccccc2)c2ccc(N(c3ccccc3)c3ccccc3)cc2)sc1-c1ccccc1OCCSc1ccccc1N=Nc1ccc(N(c2ccccc2)c2ccccc2)cc1)c1cc[n+](CCC[NH2+]CCN(c2ccccc2)c2ccccc2)cc1,0.6988716,510.8589,0.0122576,0.0123,0.3345379,5.4750,1.0000000,1.0000,[],44
30.3102,48.5006,69.6945,0.9233997,CCn1c2ccccc2c2ccc(N3c4ccccc4N(c4ccc(N(c5ccccc5)c5ccccc5)cc4)c4cc(-c5ccc(N(c6ccccc6)c6ccccc6)cc5)sc43)cc21,1,c1ccc(N(c2ccccc2)c2ccc(-c3cc4c(s3)N(c3ccc5c(c3)[nH]c3ccccc35)c3ccccc3N4c3ccc(N(c4ccccc4)c4ccccc4)cc3)cc2)cc1,0.9929740,453.7558,0.1361990,0.1362,0.5172195,3.2964,1.0000000,1.0000,[],44
40.2265,54.3137,40.3309,0.7394103,CCCCCCCCCCCCOc1cc(N(CCCCCCCCCCCC)c2ccc(C=Cc3ccc([N+](=O)[O-])s3)cc2)ccc1N=Nc1ccc2cc3ccccc3cc2c1,1,C(=Cc1cccs1)c1ccc(Nc2ccc(N=Nc3ccc4cc5ccccc5cc4c3)cc2)cc1,0.8440543,501.6651,0.0148379,0.0148,0.4837514,3.6309,1.0000000,1.0000,[],44
50.6331,76.7737,10.3768,0.6808630,COc1c(C=Cc2ccc(N(c3ccccc3)c3ccccc3)cc2)cc(C=Cc2ccc(N(c3ccccc3)c3ccccc3)cc2)cc1C1CN(c2ccc(N(c3ccccc3)c3ccc(C=Cc4ccc(C=Cc5ccc(C=Cc6ccc(N(c7ccccc7)c7ccccc7)cc6)cc5)cc4)cc3)cc2)C1,1,C(=Cc1ccc(C=Cc2ccc(N(c3ccccc3)c3ccc(N4CC(c5cc(C=Cc6ccc(N(c7ccccc7)c7ccccc7)cc6)cc(C=Cc6ccc(N(c7ccccc7)c7ccccc7)cc6)c5)C4)cc3)cc2)cc1)c1ccc(C=Cc2ccc(N(c3ccccc3)c3ccccc3)cc2)cc1,0.7461050,411.7036,0.0529161,0.0529,0.4070157,4.4945,1.0000000,1.0000,[],44
41.6082,67.5250,-3.9626,0.4965820,C=CCN(CC=C)c1ccc(N=Nc2ccc(N=Nc3oc4ccc(N=Nc5ccc(N(c6ccccc6)c6ccccc6)cc5)cc4c3NCCCN(CC)CC)cc2C=O)cc1,1,c1ccc(N=Nc2ccc(N=Nc3cc4cc(N=Nc5ccc(N(c6ccccc6)c6ccccc6)cc5)ccc4o3)cc2)cc1,0.5432130,518.1186,0.0313183,0.0313,0.4413373,4.0897,1.0000000,1.0000,[],44
70.0239,85.8064,18.8840,0.8178939,COc1ccc(N(c2ccccc2)c2ccc(C=CC=C(c3cccs3)c3cccc4c3ccn4-c3cc(Nc4ccccc4)c(C=Cc4ccc(N)c(OC)c4)cc3N)cc2)cc1,1,C(=Cc1ccc(N(c2ccccc2)c2ccccc2)cc1)C=C(c1cccs1)c1cccc2c1ccn2-c1ccc(C=Cc2ccccc2)c(Nc2ccccc2)c1,0.8994440,423.7892,0.0573377,0.0573,0.4824103,3.6448,1.0000000,1.0000,[],44
39.7514,54.1474,40.1910,0.7370190,O=c1c2ccccc2nc(-c2ccccc2)c2ccc(-c3ccc(N(c4ccc(C=Cc5ccc(N(c6ccccc6)c6ccccc6)cc5)cc4)c4cccc5ccccc45)cc3)cc12,1,O=c1c2ccccc2nc(-c2ccccc2)c2ccc(-c3ccc(N(c4ccc(C=Cc5ccc(N(c6ccccc6)c6ccccc6)cc5)cc4)c4cccc5ccccc45)cc3)cc12,0.7840903,414.0023,0.1285220,0.1285,0.5346617,3.1306,1.0000000,1.0000,[],44
37.9496,55.3412,50.3482,0.8256983,COc1ccc(C=Cc2ccc(N(c3ccc(C=Cc4ccccc4)cc3)c3ccc4oc5cc(N(c6ccccc6)c6ccc(-c7ccc(C=Cc8ccc(N(c9ccccc9)c9ccccc9)cc8)s7)cc6)ccc5c4c3)cc2)cc1,1,C(=Cc1ccc(N(c2ccc(C=Cc3ccccc3)cc2)c2ccc3oc4cc(N(c5ccccc5)c5ccc(-c6ccc(C=Cc7ccc(N(c8ccccc8)c8ccccc8)cc7)s6)cc5)ccc4c3c2)cc1)c1ccccc1,0.8977733,423.5901,0.0848656,0.0849,0.4704962,3.7698,1.0000000,1.0000,[],44
31.7342,37.1237,78.8346,0.9059243,c1ccc(-c2c3ccccc3c(-c3oc4cc(N(c5ccccc5)c5ccccc5)ccc4c3N(c3ccccc3)c3ccccc3)c3ccccc23)cc1,1,c1ccc(-c2c3ccccc3c(-c3oc4cc(N(c5ccccc5)c5ccccc5)ccc4c3N(c3ccccc3)c3ccccc3)c3ccccc23)cc1,0.9683723,437.1494,0.1468468,0.1468,0.5851749,2.6792,1.0000000,1.0000,[],44
55.5837,73.2667,35.3631,0.8486706,O=[N+]([O-])c1ccc(C=Cc2ccc(N(c3ccccc3)c3ccc(-c4cc(N(c5ccccc5)c5ccccc5)ccc4-c4cc5c(N(c6ccccc6)c6ccccc6)ccc(I)c5c5cc(N(c6ccccc6)c6ccccc6)ccc45)cc3)cc2)nc1,1,C(=Cc1ccccn1)c1ccc(N(c2ccccc2)c2ccc(-c3cc(N(c4ccccc4)c4ccccc4)ccc3-c3cc4c(N(c5ccccc5)c5ccccc5)cccc4c4cc(N(c5ccccc5)c5ccccc5)ccc34)cc2)cc1,0.9487178,431.6793,0.0389331,0.0389,0.4339779,4.1738,1.0000000,1.0000,[],44
50.9549,81.7050,30.9603,0.8801973,COc1ccc(N(c2ccccc2)c2ccc(C=Cc3ccc(N(c4ccc(C=Cc5ccc[n+](C)c5-c5ccc(N(c6ccc(C)cc6)c6cc(N=Nc7ccc(N(c8ccccc8)c8ccccc8)cc7)ccc6C)s5)cc4)c4ccc(OC)cc4)cc3)cc2)cc1,1,C(=Cc1ccc(N(c2ccccc2)c2ccc(C=Cc3ccc[nH+]c3-c3ccc(N(c4ccccc4)c4cccc(N=Nc5ccc(N(c6ccccc6)c6ccccc6)cc5)c4)s3)cc2)cc1)c1ccc(N(c2ccccc2)c2ccccc2)cc1,0.9857690,446.0135,0.0405891,0.0406,0.4093246,4.4662,1.0000000,1.0000,[],44
52.6428,69.7987,-69.7987,0.0000000,c1(-c2sc(=Nc3ccccc3)c(-c3ccccc3)c2)cccc(c1)N(c1ccc(-c2sc(cc2)C=Cc2ccc(-n3cccc3C)s2)cc1)c1ccccc1,0,,0.0000000,0.0000,0.0000000,0.0000,0.0000000,0.0000,0.0000000,0.0000,None,44
52.5093,93.2709,19.1523,0.8783067,O=C1CCC(=O)c2cc(N(c3ccc(C=Cc4ccc(N(c5ccccc5)c5ccccc5)cc4)cc3)c3ccc(C=Cc4ccc(N(c5ccc(C=Cc6ccc(C=Cc7cc[n+](Cc8cccs8)cc7)cc6)cc5)c5ccc(C=Cc6ccc(C=Cc7ccc(N(c8ccccc8)c8ccccc8)s7)s6)cc5)cc4)cc3)ccc2N1,1,O=C1CCC(=O)c2cc(N(c3ccc(C=Cc4ccc(N(c5ccccc5)c5ccccc5)cc4)cc3)c3ccc(C=Cc4ccc(N(c5ccc(C=Cc6ccc(C=Cc7cc[n+](Cc8cccs8)cc7)cc6)cc5)c5ccc(C=Cc6ccc(C=Cc7ccc(N(c8ccccc8)c8ccccc8)s7)s6)cc5)cc4)cc3)ccc2N1,0.9852132,474.4086,0.0430571,0.0431,0.3455873,5.3125,1.0000000,1.0000,[],44
38.3256,53.0408,-17.0303,0.2813319,N#Cc1cn(C=CC=Cc2ccccc2)c2cccc(N=Cc3ccc(N(c4ccccc4)c4ccccc4)cc3)c12,1,C(C=Cn1ccc2c(N=Cc3ccc(N(c4ccccc4)c4ccccc4)cc3)cccc21)=Cc1ccccc1,0.2834935,389.9331,0.1424026,0.1424,0.5430890,3.0524,1.0000000,1.0000,[],44
59.0185,77.3567,23.0393,0.7843434,C(=Nc1ccc(-c2ccccc2)cc1)c1cc2nc(C3=Cc4nc5ccccc5c(-c5ccccc5)c4C3=C(c3ccccc3)c3ccccc3)c(N=Cc3ccccc3)c(-c3ccccc3)c2s1,1,C(=Nc1ccc(-c2ccccc2)cc1)c1cc2nc(C3=Cc4nc5ccccc5c(-c5ccccc5)c4C3=C(c3ccccc3)c3ccccc3)c(N=Cc3ccccc3)c(-c3ccccc3)c2s1,0.8395793,417.9700,0.1284361,0.1284,0.4670365,3.8067,1.0000000,1.0000,[],44
21.7907,40.3955,77.4639,0.9207769,C(=Cc1ccc(N(c2ccccc2)c2ccc(-c3ccc(C=Cc4ccc(C=Cc5ccc(N(c6ccccc6)c6ccccc6)cc5)s4)s3)cc2)cc1)c1ccccc1,1,C(=Cc1ccc(N(c2ccccc2)c2ccc(-c3ccc(C=Cc4ccc(C=Cc5ccc(N(c6ccccc6)c6ccccc6)cc5)s4)s3)cc2)cc1)c1ccccc1,0.9957991,460.6292,0.1071103,0.1071,0.5621024,2.8804,1.0000000,1.0000,[],44
28.6525,46.4580,-6.2749,0.3139306,C(=Cc1ccc2c(-c3cc4ccccc4s3)c(-c3ccc(N(c4ccccc4)c4ccccc4)cc3)ccc2c1)c1ccc(N(c2ccccc2)c2ccccc2)cc1,1,C(=Cc1ccc2c(-c3cc4ccccc4s3)c(-c3ccc(N(c4ccccc4)c4ccccc4)cc3)ccc2c1)c1ccc(N(c2ccccc2)c2ccccc2)cc1,0.3191086,391.7715,0.1277710,0.1278,0.5558484,2.9363,1.0000000,1.0000,[],44
31.2472,42.0918,76.6638,0.9277779,CCCCN1C(=O)C(=Cc2ccc(N(c3ccc(OCC)cc3)c3ccc(OCCCO)cc3)cc2)c2ccccc21,1,O=C1Nc2ccccc2C1=Cc1ccc(N(c2ccccc2)c2ccccc2)cc1,0.9958501,459.5040,0.1321300,0.1321,0.5977012,2.5733,1.0000000,1.0000,[],44
76.9886,94.0777,-94.0777,0.0000000,CCCCN(CCCC)CCCN1C=Cc2cc3ccc2=C1C=CC(C=Nc1sc(=C(c2ccccc2)c2ccccc2)c(=Cc2ccc(OCP(=O)(OCC)OCC)cc2)c1-c1ccccc1)=CC=C(C#N)C=3,1,C1=CC=c2ccc3c(c2)C=CNC=3C=CC(C=Nc2sc(=C(c3ccccc3)c3ccccc3)c(=Cc3ccccc3)c2-c2ccccc2)=C1,0.0000000,0.0000,0.0000000,0.0000,0.0000000,0.0000,0.0000000,0.0000,['[*;r{8-17}]'],44
59.0477,74.6255,40.8328,0.9020180,CCCCN(CCCC)c1ccc(-c2c(Nc3ccc4oc5cc(OCCCN=c6cc(N=Nc7ccccc7)c7ccccc7o6)ccc5c4c3)c(=O)[nH]c3ccccc23)cc1,1,O=c1[nH]c2ccccc2c(-c2ccccc2)c1Nc1ccc2oc3cc(OCCCN=c4cc(N=Nc5ccccc5)c5ccccc5o4)ccc3c2c1,0.9913145,451.4354,0.0695938,0.0696,0.4751823,3.7203,1.0000000,1.0000,[],44
23.6317,34.3907,-16.0151,0.1435591,Oc1ccc(N(c2ccc(O)cc2)c2ccc(-c3ccc(C=C(c4ccccc4)c4ccc(N(c5ccccc5)c5ccccc5)cc4)cc3)cc2)cc1,1,C(=C(c1ccccc1)c1ccc(N(c2ccccc2)c2ccccc2)cc1)c1ccc(-c2ccc(N(c3ccccc3)c3ccccc3)cc2)cc1,0.1393957,380.2361,0.1396133,0.1396,0.6057767,2.5062,1.0000000,1.0000,[],44
36.5377,46.2286,-46.2286,0.0000000,O=C1c2ccccc2C(=O)N1N=Cc1cccc(Oc2ccc(C=Cc3cc[n+](CCCS(=O)(=O)O)cc3)cc2)c1,1,O=C1c2ccccc2C(=O)N1N=Cc1cccc(Oc2ccc(C=Cc3cc[nH+]cc3)cc2)c1,0.0000000,0.0000,0.0000000,0.0000,0.0000000,0.0000,0.0000000,0.0000,['[#7;!n][#7;!n]'],44
36.0293,51.2252,-51.2252,0.0000000,c12ccccc2c(c2c(sc(-c3ccccc3)c2-c2ccc(=O)cc2)n1)Nc1ccc(cc1)N(c1ccccc1)c1ccccc1,0,,0.0000000,0.0000,0.0000000,0.0000,0.0000000,0.0000,0.0000000,0.0000,None,44
44.1369,60.8926,57.2352,0.9228736,N=C(c1ccccc1)c1ccc(C=Cc2ccc(N(c3ccccc3)c3ccccc3)cc2)c(=Nc2ccccc2)n1-c1ccc2c(c1)OCO2,1,N=C(c1ccccc1)c1ccc(C=Cc2ccc(N(c3ccccc3)c3ccccc3)cc2)c(=Nc2ccccc2)n1-c1ccc2c(c1)OCO2,0.9874390,447.3872,0.1565351,0.1565,0.5320538,3.1551,1.0000000,1.0000,[],44
63.5055,94.9588,17.4020,0.8778191,COc1ccc(N(c2ccc(CC[n+]3ccc(C=Cc4ccc(N(c5ccccc5)c5ccc(C=Cc6ccc(C=Cc7cc[n+](Cc8ccccc8)cc7)s6)cc5)c(C=Cc5nc6ccc(C=Cc7ccc(N(c8ccccc8)c8ccc(C=Cc9ccccc9)cc8)cc7)cc6o5)c4)cc3)cc2)c2ccc(OC)cc2)cc1,1,C(=Cc1ccc(N(c2ccccc2)c2ccc(C=Cc3ccc4nc(C=Cc5cc(C=Cc6cc[n+](CCc7ccc(N(c8ccccc8)c8ccccc8)cc7)cc6)ccc5N(c5ccccc5)c5ccc(C=Cc6ccc(C=Cc7cc[n+](Cc8ccccc8)cc7)s6)cc5)oc4c3)cc2)cc1)c1ccccc1,0.9902774,469.8006,0.0357617,0.0358,0.3480747,5.2767,1.0000000,1.0000,[],44
28.5347,43.2823,24.9434,0.5330134,O=C(CCc1ccc(N(c2ccccc2)c2ccc(C=Cc3ccc(N(c4ccccc4)c4ccc(-c5ccc(N(c6ccccc6)c6ccccc6)cc5)cc4)cc3)cc2)cc1)Nc1ccccc1,1,O=C(CCc1ccc(N(c2ccccc2)c2ccc(C=Cc3ccc(N(c4ccccc4)c4ccc(-c5ccc(N(c6ccccc6)c6ccccc6)cc5)cc4)cc3)cc2)cc1)Nc1ccccc1,0.5617915,402.6974,0.0980809,0.0981,0.5555325,2.9391,1.0000000,1.0000,[],44
45.5308,71.5356,38.9075,0.8628373,C[n+]1ccc(C=Cc2ccc(N(c3ccc(C=Cc4ccc(N(CCc5ccc(N(c6ccccc6)c6ccccc6)cc5)c5ccc(C=Cc6ccc(N(c7ccccc7)c7ccc(-c8ccc(N(c9ccccc9)c9ccc(N(c%10ccccc%10)c%10ccccc%10)cc9)cc8)cc7)cc6)cc5)cc4)cc3)c3ccc(C=Cc4ccc(N(c5ccccc5)c5ccccc5)cc4)cc3)cc2)cc1,1,C(=Cc1ccc(N(c2ccc(C=Cc3ccc(N(CCc4ccc(N(c5ccccc5)c5ccccc5)cc4)c4ccc(C=Cc5ccc(N(c6ccccc6)c6ccc(-c7ccc(N(c8ccccc8)c8ccc(N(c9ccccc9)c9ccccc9)cc8)cc7)cc6)cc5)cc4)cc3)cc2)c2ccc(C=Cc3ccc(N(c4ccccc4)c4ccccc4)cc3)cc2)cc1)c1cc[nH+]cc1,0.9776347,441.0151,0.0306242,0.0306,0.3419477,5.3655,1.0000000,1.0000,[],44
40.2293,62.8139,-62.8139,0.0000000,c12nc3ccc(cc3nn1c(=NC=Cc1ccc(N(c3ccccc3)c3ccccc3)cc1)sc2=N)N(c1ccc(cc1)N(c1ccccc1)c1ccccc1)c1ccccc1,0,,0.0000000,0.0000,0.0000000,0.0000,0.0000000,0.0000,0.0000000,0.0000,None,44
92.7855,121.1060,-121.1060,0.0000000,c1cc2SC3C=CC(C=CC=3c(c2cc1N(c1ccc(cc1)N(c1ccccc1)c1ccccc1)c1ccc(C=Cc2sc(C=Cc3ccc(N(c4ccc(OC)cc4)c4ccccc4)cc3)cc2)cc1)C#N)SCCCOCCCN=Cc1c(c(ccc1OC)N=Nc1ccccc1N)N,0,,0.0000000,0.0000,0.0000000,0.0000,0.0000000,0.0000,0.0000000,0.0000,None,44
25.7512,45.4053,71.1977,0.9109613,CCCCOc1ccc(N(c2ccc(OC)cc2)c2ccc(-c3ccc(-c4ccc(C=Cc5ccc(N(c6ccccc6)c6ccccc6)cc5)s4)s3)cc2)cc1,1,C(=Cc1ccc(-c2ccc(-c3ccc(N(c4ccccc4)c4ccccc4)cc3)s2)s1)c1ccc(N(c2ccccc2)c2ccccc2)cc1,0.9884469,448.3063,0.0967586,0.0968,0.5447258,3.0374,1.0000000,1.0000,[],44
32.2633,43.8411,70.5490,0.8936727,C(C=Cc1ccc2c(c1)Sc1ccccc1N2c1ccc(N2c3ccccc3C3CCCC32)cc1)=Cc1ccc(N(c2ccccc2)c2ccccc2)cc1,1,C(C=Cc1ccc2c(c1)Sc1ccccc1N2c1ccc(N2c3ccccc3C3CCCC32)cc1)=Cc1ccc(N(c2ccccc2)c2ccccc2)cc1,0.9599714,434.4972,0.1441364,0.1441,0.4607823,3.8741,1.0000000,1.0000,[],44
35.4612,61.2771,37.8123,0.7741358,C(=Cc1ccc(N(c2ccccc2)c2ccc3c(c2)-c2ccccc2C3)cc1)c1ccc(N(c2ccccc2)c2ccc(C=Cc3ccc(C=Cc4cccc[n+]4Cc4ccc(N(c5ccccc5)c5ccccc5)cc4)s3)cc2)cc1,1,C(=Cc1ccc(N(c2ccccc2)c2ccc3c(c2)-c2ccccc2C3)cc1)c1ccc(N(c2ccccc2)c2ccc(C=Cc3ccc(C=Cc4cccc[n+]4Cc4ccc(N(c5ccccc5)c5ccccc5)cc4)s3)cc2)cc1,0.8458183,501.5189,0.0666587,0.0667,0.4564695,3.9212,1.0000000,1.0000,[],44
47.0279,81.8983,8.1637,0.7036092,COc1ccc(N(c2ccccc2)c2ccc(N(c3ccccc3)c3ccc(Nc4cc(N(C)CCO)cc(N)c4N=Nc4cc([N+](=O)c5ccccc5)c(N(c5ccc(N(c6ccccc6)c6ccccc6)cc5)c5cccs5)s4)cc3)cc2)cc1,1,O=[N+](c1ccccc1)c1cc(N=Nc2ccccc2Nc2ccc(N(c3ccccc3)c3ccc(N(c4ccccc4)c4ccccc4)cc3)cc2)sc1N(c1ccc(N(c2ccccc2)c2ccccc2)cc1)c1cccs1,0.7832507,506.0514,0.0342754,0.0343,0.4016204,4.5612,1.0000000,1.0000,[],44
30.9476,43.1204,75.2437,0.9247192,CNc1c(C=Cc2ccc(Nc3ccccc3)cc2)ccc(C=Cc2ccccc2)c1N=Nc1ccccc1,1,C(=Cc1ccc(C=Cc2ccc(Nc3ccccc3)cc2)cc1N=Nc1ccccc1)c1ccccc1,0.9881204,471.9998,0.1542682,0.1543,0.5815814,2.7100,1.0000000,1.0000,[],44
55.0326,75.0103,-7.0921,0.5306104,CCOCCOc1ccc(N(c2ccc(C=Cc3cccs3)cc2)c2ccc(-c3ccc(N(CC)c4ccc(N(CC)c5cc(-c6ccccc6)nc6c5c(C)nn6C)cc4)cc3)cc2)cc1,1,C(=Cc1cccs1)c1ccc(N(c2ccccc2)c2ccc(-c3ccc(Nc4ccc(Nc5cc(-c6ccccc6)nc6[nH]ncc56)cc4)cc3)cc2)cc1,0.5645657,402.8198,0.0795180,0.0795,0.4804573,3.6651,1.0000000,1.0000,[],44
42.7938,60.4964,57.5508,0.9222437,CCCC[n+]1ccc(COc2ccc(N(c3ccc(C=Cc4nc(N)cc(=O)[nH]4)cc3)c3ccc(N(CC)CC)cc3)cc2)cc1,1,O=c1ccnc(C=Cc2ccc(N(c3ccccc3)c3ccc(OCc4cc[nH+]cc4)cc3)cc2)[nH]1,0.9937803,464.9121,0.1257426,0.1257,0.5269492,3.2033,1.0000000,1.0000,[],44
22.5580,24.6500,-24.5957,0.0004238,Oc1ccc2c(O)nccc2c1,1,c1ccc2cnccc2c1,0.0002888,311.5188,0.6171968,0.6172,0.6202118,2.3885,1.0000000,1.0000,[],44
52.2333,80.5049,-57.1003,0.1828490,CC1C=Cc2ccc(-c3c(N)n(CCCCC=Cc4ccc(N(c5ccccc5)c5ccc6ccccc6c5)cc4)c4cc(C#N)sc34)cc2N1C,1,C(=Cc1ccc(N(c2ccccc2)c2ccc3ccccc3c2)cc1)CCCCn1cc(-c2ccc3c(c2)NCC=C3)c2sccc21,0.1807222,383.5895,0.1447100,0.1447,0.4527266,3.9623,1.0000000,1.0000,[],44
34.1564,40.6110,-40.6110,0.0000000,O=C(O)CC=Cc1ccc(N=Nc2ccc(N=Nc3ccc([N+](=O)[O-])cc3)cc2)c2ccccc12,1,c1ccc(N=Nc2ccc(N=Nc3cccc4ccccc34)cc2)cc1,0.0000000,0.0000,0.0000000,0.0000,0.0000000,0.0000,0.0000000,0.0000,"['C(=[O,S])[O,S]']",44
28.2318,39.5999,-39.5999,0.0000000,c1ccc(-c2[n+](ssc2)N=Cc2ccc(N(c3ccccc3)c3ccccc3)cc2)cc1,0,,0.0000000,0.0000,0.0000000,0.0000,0.0000000,0.0000,0.0000000,0.0000,None,44
35.5343,42.4499,55.4772,0.7650554,N#CCCCN=Cc1oc(N)c(-c2ccc([N+](=O)[O-])cc2)c1N,1,c1ccc(-c2ccoc2)cc1,0.7893104,414.3401,0.3627602,0.3628,0.5320378,3.1552,1.0000000,1.0000,[],44
22.2299,25.4835,-25.4631,0.0001596,c1ccc2c(-c3ccc4ccsc4c3)cccc2c1,1,c1ccc2c(-c3ccc4ccsc4c3)cccc2c1,0.0001044,300.4688,0.4102659,0.4103,0.6870962,1.8764,1.0000000,1.0000,[],44
62.2090,69.0485,-51.3568,0.1382164,Nc1c(C=Cc2ccccn2)c(NC=O)nc(NCCNC(=O)c2cccc(C=O)n2)c1-c1ccncc1,1,O=C(NCCNc1ncc(C=Cc2ccccn2)cc1-c1ccncc1)c1ccccn1,0.1334021,379.6836,0.1760021,0.1760,0.5181723,3.2872,1.0000000,1.0000,[],44
30.1172,35.0851,80.8456,0.9057088,CC(=CO)C=C1Sc2ccsc2C1=O,1,C=C1Sc2ccsc2C1=O,0.9303440,428.1421,0.5866248,0.5866,0.4856468,3.6114,1.0000000,1.0000,[],44
31.7434,50.1535,53.8621,0.8126222,CCN(c1ccc(N=Nc2c(N=Cc3ccc(N(c4ccccc4)c4ccccc4)cc3)n(C)c(=O)n(C)c2=O)cc1)c1ccc(-c2ccccc2)cc1,1,O=c1[nH]c(N=Cc2ccc(N(c3ccccc3)c3ccccc3)cc2)c(N=Nc2ccc(Nc3ccc(-c4ccccc4)cc3)cc2)c(=O)[nH]1,0.8766187,498.7110,0.0987999,0.0988,0.5233480,3.2375,1.0000000,1.0000,[],44
39.0933,48.6072,-45.0039,0.0281507,CCN(CC)CCCOc1cc(-c2ccc3cccc(Nc4cccc5ccccc45)c3c2)ccc1N(c1ccccc1)c1ccccc1,1,c1ccc(N(c2ccccc2)c2ccc(-c3ccc4cccc(Nc5cccc6ccccc56)c4c3)cc2)cc1,0.0251879,360.3068,0.1268198,0.1268,0.5795801,2.7273,1.0000000,1.0000,[],44
60.3753,89.9845,-89.9845,0.0000000,c1c(-c2ccc(-c3oc([o+]c3-c3ccccc3)ccc-2c2c(cc(N(c3ccccc3)c3ccccc3)cc2)C=Cc2ccc(N(c3ccc(cc3)C=Cc3ccc(cc3)C=Cc3ncccc3)c3ccccc3)cc2)c2cnccc2)scc1,0,,0.0000000,0.0000,0.0000000,0.0000,0.0000000,0.0000,0.0000000,0.0000,None,44
29.2390,53.6084,-53.6084,0.0000000,O=c1cc(c2c(oc(-c3ccccc3)cc2=Nc2ccc(N(c3ccccc3)c3ccccc3)cc2)c1O)N(CCC)CCC,0,,0.0000000,0.0000,0.0000000,0.0000,0.0000000,0.0000,0.0000000,0.0000,None,44
37.4307,49.7015,-7.6330,0.3286601,c1ccc(-c2nc3ccc(N(c4ccccc4)c4ccc(-c5ccc(N(c6ccccc6)c6ccccc6)c6c5c(-c5ccc(N(c7ccccc7)c7ccccc7)cc5)nc5ccccc56)cc4)cc3s2)cc1,1,c1ccc(-c2nc3ccc(N(c4ccccc4)c4ccc(-c5ccc(N(c6ccccc6)c6ccccc6)c6c5c(-c5ccc(N(c7ccccc7)c7ccccc7)cc5)nc5ccccc56)cc4)cc3s2)cc1,0.3367542,392.6410,0.1140377,0.1140,0.5063060,3.4031,1.0000000,1.0000,[],44
41.1732,67.5042,47.2063,0.8961754,CCN(c1ccc(C=Cc2cccs2)cc1)c1ccc(NC(=O)c2ccc(N=Nc3ccc(Nc4ccccc4)cc3NCCCN3CCCC3=O)cc2)cc1,1,O=C(Nc1ccc(Nc2ccc(C=Cc3cccs3)cc2)cc1)c1ccc(N=Nc2ccc(Nc3ccccc3)cc2NCCCN2CCCC2=O)cc1,0.9837031,475.4810,0.0673565,0.0674,0.5200442,3.2692,1.0000000,1.0000,[],45
29.8385,37.5410,-27.5326,0.0781912,O=c1oc2c3ccccc3ccc2c2ccc(Nc3ccccc3)cc12,1,O=c1oc2c3ccccc3ccc2c2ccc(Nc3ccccc3)cc12,0.0714529,372.1554,0.3247559,0.3248,0.6677772,2.0190,1.0000000,1.0000,[],45
35.8532,52.4037,64.8409,0.9159739,N#Cc1ccccc1N=C(c1ccc(-c2ccccc2)cc1)c1c(O)cc(C=Cc2ccc(N(c3ccccc3)c3ccccc3)cc2)oc1=O,1,O=c1oc(C=Cc2ccc(N(c3ccccc3)c3ccccc3)cc2)ccc1C(=Nc1ccccc1)c1ccc(-c2ccccc2)cc1,0.9796218,477.9527,0.1555308,0.1555,0.5384619,3.0952,1.0000000,1.0000,[],45
28.4266,46.1897,-18.4842,0.2164487,C(=Nc1ccc(CN2CCC(c3ccc(N(c4ccccc4)c4ccccc4)cc3)CC2)c(N(c2ccccc2)c2ccccc2)c1)c1ccc(N(c2ccccc2)c2ccccc2)cc1,1,C(=Nc1ccc(CN2CCC(c3ccc(N(c4ccccc4)c4ccccc4)cc3)CC2)c(N(c2ccccc2)c2ccccc2)c1)c1ccc(N(c2ccccc2)c2ccccc2)cc1,0.2175434,386.1021,0.1017737,0.1018,0.5282797,3.1906,1.0000000,1.0000,[],45
24.0697,36.9245,-32.8687,0.0316855,CCc1ccccc1Nc1ccc(-c2ccc(N(c3ccc(N(c4ccccc4)c4ccccc4)cc3)c3ccc(N(c4ccccc4)c4ccccc4)cc3)cc2)cc1,1,c1ccc(Nc2ccc(-c3ccc(N(c4ccc(N(c5ccccc5)c5ccccc5)cc4)c4ccc(N(c5ccccc5)c5ccccc5)cc4)cc3)cc2)cc1,0.0285139,361.6905,0.1259131,0.1259,0.5994953,2.5583,1.0000000,1.0000,[],45
39.1135,51.4818,56.6138,0.8444974,COc1ccc(N(c2ccc(OC)cc2)c2ccc3ccc(N(c4cccc(-c5ccccc5)c4)c4ccc5ccccc5c4)cc3c2C#N)cc1,1,c1ccc(-c2cccc(N(c3ccc4ccccc4c3)c3ccc4ccc(N(c5ccccc5)c5ccccc5)cc4c3)c2)cc1,0.8989959,423.7355,0.1525985,0.1526,0.5637637,2.8656,1.0000000,1.0000,[],45
34.7634,50.1230,60.9891,0.8680628,C(=Cc1ccc(N(c2ccc(-c3ccc(-c4ccc(N(c5ccccc5)c5ccccc5)cc4)cc3)cc2)c2ccc(-c3ccc4ccccc4c3)cc2)s1)c1ccc2cc(N(c3ccccc3)c3ccccc3)ccc2c1,1,C(=Cc1ccc(N(c2ccc(-c3ccc(-c4ccc(N(c5ccccc5)c5ccccc5)cc4)cc3)cc2)c2ccc(-c3ccc4ccccc4c3)cc2)s1)c1ccc2cc(N(c3ccccc3)c3ccccc3)ccc2c1,0.9376795,429.4356,0.1074706,0.1075,0.5105494,3.3613,1.0000000,1.0000,[],45
33.1903,48.2327,-48.2327,0.0000000,CN(CCO)c1ccc([SH](=O)=NN=Cc2ccc(N(c3ccccc3)c3ccccc3)cc2)c(N=Nc2ccccc2)c1,1,O=[SH](=NN=Cc1ccc(N(c2ccccc2)c2ccccc2)cc1)c1ccccc1N=Nc1ccccc1,0.0000000,0.0000,0.0000000,0.0000,0.0000000,0.0000,0.0000000,0.0000,['[#7;!n][#7;!n]'],45
64.4509,94.0764,7.9366,0.7969768,C(=Cc1cc[n+](CCNCc2ccccc2)cc1)C[n+]1ccc(C=Cc2ccc(N(c3ccc4ccccc4c3C=Cc3ccc(N4c5ccccc5Oc5ccccc54)cc3)C3CC4CCC3CN4)cc2)cc1,1,C(=Cc1cc[n+](CCNCc2ccccc2)cc1)C[n+]1ccc(C=Cc2ccc(N(c3ccc4ccccc4c3C=Cc3ccc(N4c5ccccc5Oc5ccccc54)cc3)C3CC4CCC3CN4)cc2)cc1,0.8833080,498.0232,0.0573973,0.0574,0.3116159,5.8299,1.0000000,1.0000,[],45
51.7033,66.4129,52.1044,0.9259158,CCn1c(C=Cc2ccc(N(c3ccccc3)c3ccccc3)cc2)nc(-n2ncc3ccc(S(=O)(=O)O)cc3c2=O)c(Nc2ccccc2)c1=O,1,O=c1[nH]c(C=Cc2ccc(N(c3ccccc3)c3ccccc3)cc2)nc(-n2ncc3ccccc3c2=O)c1Nc1ccccc1,0.9950855,457.6595,0.1376156,0.1376,0.5274798,3.1982,1.0000000,1.0000,[],45
43.1392,44.0802,73.1167,0.9156010,CN1CCC(Nc2cnc(N3CCCC3)c3ccc(-c4ccc[nH]4)nc23)CC1,1,c1c[nH]c(-c2ccc3c(N4CCCC4)ncc(NC4CCNCC4)c3n2)c1,0.9314225,428.3241,0.7265098,0.7265,0.5740940,2.7748,1.0000000,1.0000,[],45
26.7727,51.2390,-51.2390,0.0000000,c1c(ccc2c1ccc1cc(N(c3ccc(C=Cc4cccs4)cc3)c3ccc(cc3)N(c3ccccc3)c3ccccc3)cc21)N(c1ccccc1)c1ccccc1,0,,0.0000000,0.0000,0.0000000,0.0000,0.0000000,0.0000,0.0000000,0.0000,None,45
39.0984,55.5873,52.6617,0.8456958,CCN(c1ccccc1)c1ccc(-c2n[nH]c(=S)c3cc4c(N)c(N=Nc5ccccc5)ccc4c(N)c23)cc1,1,S=c1[nH]nc(-c2ccc(Nc3ccccc3)cc2)c2cc3ccc(N=Nc4ccccc4)cc3cc12,0.9185189,493.6992,0.0844343,0.0844,0.5299639,3.1747,1.0000000,1.0000,[],45
27.8125,28.0885,-4.7710,0.1821685,c1ccc(-c2c3ccccc3c(-c3cccc(-c4cc5ccccc5c5ccccc45)c3)c3ccccc23)cc1,1,c1ccc(-c2c3ccccc3c(-c3cccc(-c4cc5ccccc5c5ccccc45)c3)c3ccccc23)cc1,0.1777640,383.3712,0.1650694,0.1651,0.6754271,1.9621,1.0000000,1.0000,[],45
26.0002,36.4409,-36.4409,0.0000000,CC(C(O)=O)=Cc1sc(=[N+](CC)CC)cc1,0,,0.0000000,0.0000,0.0000000,0.0000,0.0000000,0.0000,0.0000000,0.0000,None,45
27.2339,43.7682,-43.7682,0.0000000,CCCCOc1ccc(N(c2ccc(C=Cc3ccc(N(c4ccccc4)c4ccc(C=CC(=O)OCC)s4)cc3)cc2)c2ccc(OCCCC)cc2)cc1,1,C(=Cc1ccc(N(c2ccccc2)c2cccs2)cc1)c1ccc(N(c2ccccc2)c2ccccc2)cc1,0.0000000,0.0000,0.0000000,0.0000,0.0000000,0.0000,0.0000000,0.0000,"['C(=[O,S])[O,S]']",45
28.7695,46.3543,38.3991,0.6621359,CCCCOc1ccc(N(c2ccc(C=Cc3ccc(N(c4ccccc4)c4ccccc4)cc3)cc2)c2ccc(C=Cc3ccc(N(c4ccc(Cl)cc4)c4ccc(C#N)cc4)cc3)cc2)cc1,1,C(=Cc1ccc(N(c2ccccc2)c2ccc(C=Cc3ccc(N(c4ccccc4)c4ccccc4)cc3)cc2)cc1)c1ccc(N(c2ccccc2)c2ccccc2)cc1,0.7150930,409.9915,0.0672477,0.0672,0.5292027,3.1819,1.0000000,1.0000,[],45
37.7863,56.8502,14.5333,0.5576839,CCN(c1ccc(-c2ccc(C=c3sc(=Cc4ccc(N(c5ccccc5)c5ccccc5)s4)n(-c4ccccc4)c3=O)s2)cc1)c1ccc2sc3ccccc3c2c1,1,O=c1c(=Cc2ccc(-c3ccc(Nc4ccc5sc6ccccc6c5c4)cc3)s2)sc(=Cc2ccc(N(c3ccccc3)c3ccccc3)s2)n1-c1ccccc1,0.5845201,516.2938,0.1373821,0.1374,0.4892570,3.5743,1.0000000,1.0000,[],45
39.8178,59.3729,-59.3729,0.0000000,c1cc2c(cc1)c1c(-c3ccccc3)c(N=Cc3ccc(o3)-c3ccc(cc3)N(c3ccc(cc3)C=Cc3ccccc3)c3ccc(cc3)-c3ccccc3)cc1cc2,0,,0.0000000,0.0000,0.0000000,0.0000,0.0000000,0.0000,0.0000000,0.0000,None,45
51.8912,52.8638,-52.8638,0.0000000,c12cccc(c2cccn1)N=Nc1c(N=Nc2cc3[nH]c(nc3cc2)=S)cc2ccccc2c1,0,,0.0000000,0.0000,0.0000000,0.0000,0.0000000,0.0000,0.0000000,0.0000,None,45
48.3371,55.7647,-55.7647,0.0000000,C=N/C=C\C=C(\C=Cc1cnc(N=Nc2c(n(CCCC)c3c2cccc3)=O)o1)C#N,0,,0.0000000,0.0000,0.0000000,0.0000,0.0000000,0.0000,0.0000000,0.0000,None,45
22.4024,29.6781,-23.2206,0.0504492,c1ccc(CN(c2ccccc2)c2ccc(-c3ccc(N(c4ccccc4)c4ccccc4)cc3)c3ccccc23)cc1,1,c1ccc(CN(c2ccccc2)c2ccc(-c3ccc(N(c4ccccc4)c4ccccc4)cc3)c3ccccc23)cc1,0.0459019,367.0559,0.1849587,0.1850,0.6384860,2.2433,1.0000000,1.0000,[],45
39.8843,59.6268,-37.8315,0.1702755,COc1ccc(N(c2ccc(C=Cc3c(-c4ccccc4)[nH]c(-c4ccccc4)c3-c3ccccc3)cc2)c2ccc(Nc3ccccc3)cc2)nc1,1,C(=Cc1c(-c2ccccc2)[nH]c(-c2ccccc2)c1-c1ccccc1)c1ccc(N(c2ccc(Nc3ccccc3)cc2)c2ccccn2)cc1,0.1670571,382.5562,0.1421876,0.1422,0.5523739,2.9677,1.0000000,1.0000,[],45
28.0842,44.4675,-44.4674,0.0000000,C(=Cc1ccc(-c2ccc(N(c3ccccc3)c3ccccc3)cc2)s1)C1=Cc2cc(-c3ccc(N(c4ccccc4)c4ccccc4)cc3)c(c3ccccc23)S1,1,C(=Cc1ccc(-c2ccc(N(c3ccccc3)c3ccccc3)cc2)s1)C1=Cc2cc(-c3ccc(N(c4ccccc4)c4ccccc4)cc3)c(c3ccccc23)S1,0.0000000,0.0000,0.1365196,0.1365,0.4540713,3.9475,1.0000000,1.0000,[],45
32.6321,47.6518,27.5413,0.5874455,COc1ccc(N(c2ccccc2)c2ccc(C=Cc3ccc4oc5c(C)[n+]6ccccc6nc5c4c3)cc2)cc1,1,C(=Cc1ccc2oc3c[n+]4ccccc4nc3c2c1)c1ccc(N(c2ccccc2)c2ccccc2)cc1,0.6131235,404.9994,0.1581153,0.1581,0.5513062,2.9773,1.0000000,1.0000,[],45
27.3160,41.0685,-12.4707,0.2234206,c1ccc(N(c2ccccc2)c2cc[n+]3c(c2)Oc2sc4cc(N(c5ccccc5)c5ccccc5)ccc4c2C3)cc1,1,c1ccc(N(c2ccccc2)c2cc[n+]3c(c2)Oc2sc4cc(N(c5ccccc5)c5ccccc5)ccc4c2C3)cc1,0.2207680,386.3067,0.1842541,0.1843,0.5261057,3.2113,1.0000000,1.0000,[],45
32.7081,36.5998,-36.5998,0.0000000,O=C(Oc1ccccc1)N1CCC(Nc2ncnc(N(c3ccccc3)c3ccccc3)c2[N+](=O)[O-])CC1,1,O=C(Oc1ccccc1)N1CCC(Nc2cc(N(c3ccccc3)c3ccccc3)ncn2)CC1,0.0000000,0.0000,0.0000000,0.0000,0.0000000,0.0000,0.0000000,0.0000,"['C(=[O,S])[O,S]']",45
25.3233,47.2640,-8.4438,0.3032821,C(=Cc1ccccc1N(c1ccccc1)c1nc2cc(N(c3ccccc3)c3ccccc3)sc2s1)c1ccc(N(c2ccccc2)c2ccccc2)cc1,1,C(=Cc1ccccc1N(c1ccccc1)c1nc2cc(N(c3ccccc3)c3ccccc3)sc2s1)c1ccc(N(c2ccccc2)c2ccccc2)cc1,0.3083405,391.2285,0.1230178,0.1230,0.5351056,3.1265,1.0000000,1.0000,[],45
34.1696,50.5603,49.6529,0.7829162,C(=Cc1cc[n+](Cc2ccccn2)cc1)c1ccc(N2c3cc(N(c4ccccc4)c4ccccc4)ccc3N(c3ccccc3)C2Cc2ccccc2)cc1,1,C(=Cc1cc[n+](Cc2ccccn2)cc1)c1ccc(N2c3cc(N(c4ccccc4)c4ccccc4)ccc3N(c3ccccc3)C2Cc2ccccc2)cc1,0.8385526,502.1125,0.1241135,0.1241,0.4757145,3.7147,1.0000000,1.0000,[],45
25.6493,44.3416,-0.7482,0.3405732,CN(CCO)c1ccc2c(=O)c(C=Cc3ccc(N(c4ccccc4)c4ccccc4)cc3)coc2c1O,1,O=c1c(C=Cc2ccc(N(c3ccccc3)c3ccccc3)cc2)coc2ccccc12,0.3402643,392.8112,0.2489923,0.2490,0.5688161,2.8210,1.0000000,1.0000,[],45
34.8460,59.2450,-59.2450,0.0000000,c12c(=Nc3ccccc3N=Nc3ccccc3)c(-c3ccccc3)c(N=Nc3ccc(N(c4ccccc4)c4ccccc4)cc3)c(c2cc(cc1)N(c1ccccc1)c1ccccc1)N,0,,0.0000000,0.0000,0.0000000,0.0000,0.0000000,0.0000,0.0000000,0.0000,None,45
25.4878,48.9751,66.0702,0.8987914,C(=Cc1ccc(C=Cc2ccc(N(c3ccc(C=Cc4ccc(N(c5ccccc5)c5ccccc5)cc4)cc3)c3ccc(-c4ccc(N(c5ccccc5)c5ccc(C=Cc6ccc(N(c7ccccc7)c7ccccc7)cc6)cc5)cc4)cc3)cc2)s1)c1ccncc1,1,C(=Cc1ccc(C=Cc2ccc(N(c3ccc(C=Cc4ccc(N(c5ccccc5)c5ccccc5)cc4)cc3)c3ccc(-c4ccc(N(c5ccccc5)c5ccc(C=Cc6ccc(N(c7ccccc7)c7ccccc7)cc6)cc5)cc4)cc3)cc2)s1)c1ccncc1,0.9892045,449.0511,0.0668187,0.0668,0.4672071,3.8049,1.0000000,1.0000,[],45
28.8921,32.9996,-27.4749,0.0431623,O=c1cc(-c2ccccc2F)c2ccc(N3CCCCC3)cc2[nH]1,1,O=c1cc(-c2ccccc2)c2ccc(N3CCCCC3)cc2[nH]1,0.0372285,364.6838,0.7623624,0.7624,0.6537578,2.1251,1.0000000,1.0000,[],45
29.1844,49.7617,-30.4857,0.1505938,NCCCOc1ccc(N(c2ccccc2)c2ccc3c(c2)N(c2ccc(N(c4ccccc4)c4ccccc4)cc2)c2cc(N(c4ccccc4)c4ccccc4)ccc2O3)cc1,1,c1ccc(N(c2ccccc2)c2ccc(N3c4cc(N(c5ccccc5)c5ccccc5)ccc4Oc4ccc(N(c5ccccc5)c5ccccc5)cc43)cc2)cc1,0.1480793,381.0024,0.1095250,0.1095,0.5402585,3.0785,1.0000000,1.0000,[],45
26.2449,46.9672,-46.9672,0.0000000,c1c2c3c(ccc4ccc(N(c5c(cccc5)C=Cc5ccc(N(c6ccccc6)c6ccccc6)cc5)c5ccccc5)cc4c3sc2ccc1N(c1ccccc1)c1ccccc1)N(c1ccccc1)c1ccccc1,0,,0.0000000,0.0000,0.0000000,0.0000,0.0000000,0.0000,0.0000000,0.0000,None,45
27.7400,53.7279,62.3335,0.9067294,O=C(C=Cc1ccc(N(c2ccccc2)c2ccc(N(c3ccccc3)c3ccccc3)cc2)cc1)C=Cc1ccc(-c2ccc(N=Cc3ccc(N(c4ccccc4)c4ccccc4)cc3)s2)o1,1,O=C(C=Cc1ccc(N(c2ccccc2)c2ccc(N(c3ccccc3)c3ccccc3)cc2)cc1)C=Cc1ccc(-c2ccc(N=Cc3ccc(N(c4ccccc4)c4ccccc4)cc3)s2)o1,0.9950123,462.5017,0.0714021,0.0714,0.4971262,3.4946,1.0000000,1.0000,[],45
32.4337,42.9678,12.3659,0.4322946,COc1ccc(N(c2ccccc2)c2c(OC)cccc2-c2cc(=O)c3cccc(OC)c3o2)cc1,1,O=c1cc(-c2ccccc2N(c2ccccc2)c2ccccc2)oc2ccccc12,0.4365997,397.2317,0.2515777,0.2516,0.6081648,2.4865,1.0000000,1.0000,[],45
26.7345,36.4250,81.5248,0.9214833,CCN(Cc1ccccc1)c1ccc(N=Nc2ccc(NC(N)=NCc3ccccc3)cc2)cc1,1,C(=NCc1ccccc1)Nc1ccc(N=Nc2ccc(NCc3ccccc3)cc2)cc1,0.9826251,443.8116,0.1587906,0.1588,0.6091361,2.4786,1.0000000,1.0000,[],45
36.0117,59.0835,13.0082,0.5632163,Nc1cc2c(cc1N(c1ccc(C=Cc3cccs3)cc1)c1ccc(N(c3ccccc3)c3ccccc3)cc1)CCc1ncccc1N2c1ccccc1,1,C(=Cc1cccs1)c1ccc(N(c2ccc(N(c3ccccc3)c3ccccc3)cc2)c2ccc3c(c2)CCc2ncccc2N3c2ccccc2)cc1,0.5881770,403.8699,0.1499303,0.1499,0.5227532,3.2432,1.0000000,1.0000,[],45
25.8521,43.1433,15.7024,0.4597322,CCCCc1ccc(C=Cc2ccc(-c3ccc(N(c4ccccc4)c4ccc(C=Cc5ccc(N(c6ccccc6)c6ccc(C=Cc7ccc(N(c8ccccc8)c8ccccc8)cc7)cc6)cc5)cc4)cc3)cc2)cc1,1,C(=Cc1ccc(-c2ccc(N(c3ccccc3)c3ccc(C=Cc4ccc(N(c5ccccc5)c5ccc(C=Cc6ccc(N(c7ccccc7)c7ccccc7)cc6)cc5)cc4)cc3)cc2)cc1)c1ccccc1,0.4853769,399.3647,0.0747577,0.0748,0.5321115,3.1545,1.0000000,1.0000,[],45
47.2070,62.3862,-37.9798,0.1906750,N#CC(=C(c1ccc(N(c2ccccc2)c2ccccc2)cc1)c1cccc2ncoc12)c1ccc(N(c2ccc(N)cc2)c2ccc(F)cc2)cc1,1,C(=C(c1ccc(N(c2ccccc2)c2ccccc2)cc1)c1cccc2ncoc12)c1ccc(N(c2ccccc2)c2ccccc2)cc1,0.1909418,384.3230,0.0922595,0.0923,0.5301323,3.1731,1.0000000,1.0000,[],45
38.7137,77.1125,27.5099,0.8173624,Clc1cc(N2CCN(c3ccccc3)c3ccc(N(c4ccccc4)c4ccc(C=Cc5cc[n+](Cc6cc[n+](Cc7ccc(N(c8ccccc8)c8ccccc8)cc7)cc6)cc5)cc4)cc32)ccc1N(c1ccccc1)c1ccccc1,1,C(=Cc1cc[n+](Cc2cc[n+](Cc3ccc(N(c4ccccc4)c4ccccc4)cc3)cc2)cc1)c1ccc(N(c2ccccc2)c2ccc3c(c2)N(c2ccc(N(c4ccccc4)c4ccccc4)cc2)CCN3c2ccccc2)cc1,0.8892500,497.3830,0.0846085,0.0846,0.4476912,4.0183,1.0000000,1.0000,[],45
33.2808,57.3640,57.5746,0.8979580,Cc1ccc(N(c2ccccc2)c2ccccc2)cc1-c1ccc(C=Cc2ccc(N(c3ccccc3)c3ccc(C=Cc4ccc(N(c5ccc(C=Cc6ccccc6)cc5)c5ccc(C=Cc6cccc[n+]6C)cc5)cc4)cc3)cc2)cc1,1,C(=Cc1ccc(N(c2ccc(C=Cc3ccc(N(c4ccccc4)c4ccc(C=Cc5ccc(-c6cccc(N(c7ccccc7)c7ccccc7)c6)cc5)cc4)cc3)cc2)c2ccc(C=Cc3cccc[nH+]3)cc2)cc1)c1ccccc1,0.9897212,470.4108,0.0628122,0.0628,0.4773896,3.6971,1.0000000,1.0000,[],45
26.1012,42.8764,76.3516,0.9314689,C(=Cc1cccc[n+]1Cc1ccc(N(c2ccccc2)c2ccc(C=Cc3cccs3)cc2)cc1)c1ccccc1,1,C(=Cc1cccc[n+]1Cc1ccc(N(c2ccccc2)c2ccc(C=Cc3cccs3)cc2)cc1)c1ccccc1,0.9943254,456.0898,0.1634077,0.1634,0.5700373,2.8103,1.0000000,1.0000,[],45
41.9479,76.6188,-20.8098,0.4360077,COc1c(F)c(F)c2ccc(-c3c(F)c(F)c(N)c(C=Cc4ccc(N(c5ccccc5)c5ccc(C=Cc6ccc(N(c7ccccc7)c7ccccc7)cc6)cc5)cc4)c3F)cc2c1F,1,C(=Cc1ccc(N(c2ccccc2)c2ccc(C=Cc3cccc(-c4ccc5ccccc5c4)c3)cc2)cc1)c1ccc(N(c2ccccc2)c2ccccc2)cc1,0.4636807,398.4199,0.0574161,0.0574,0.4906302,3.5603,1.0000000,1.0000,[],45
26.8033,54.6917,46.2280,0.7884354,C(=Cc1ccc(-c2ccc3c(-c4ccc(N(c5ccccc5)c5ccccc5)cc4)c(N(c4ccccc4)c4ccccc4)c4ccccc4n23)s1)c1ccc(N(c2ccccc2)c2ccccc2)cc1,1,C(=Cc1ccc(-c2ccc3c(-c4ccc(N(c5ccccc5)c5ccccc5)cc4)c(N(c4ccccc4)c4ccccc4)c4ccccc4n23)s1)c1ccc(N(c2ccccc2)c2ccccc2)cc1,0.8459418,418.4914,0.1144498,0.1144,0.5031632,3.4342,1.0000000,1.0000,[],45
33.4623,39.5961,-39.5961,0.0000000,C(#Cc1cccc(N(c2ccccc2)c2ccc(-c3cccnc3)cc2)c1)c1ccc(N(c2ccccc2)c2ccccn2)cc1,1,C(#Cc1cccc(N(c2ccccc2)c2ccc(-c3cccnc3)cc2)c1)c1ccc(N(c2ccccc2)c2ccccn2)cc1,0.0000000,0.0000,0.0000000,0.0000,0.0000000,0.0000,0.0000000,0.0000,['C#C'],45
39.7569,46.3041,-46.2298,0.0005808,Fc1cccc(NCCc2ccc3c(-c4ccccc4)c(-c4ccccc4)n(-c4ccccc4)c3c2)c1,1,c1ccc(NCCc2ccc3c(-c4ccccc4)c(-c4ccccc4)n(-c4ccccc4)c3c2)cc1,0.0004143,315.4375,0.2406160,0.2406,0.6392515,2.2373,1.0000000,1.0000,[],45
63.5648,85.4570,-11.9289,0.5744383,COc1ccc(N(c2ccc3ccsc3c2)c2ccc(C=Cn3cc(C=Cc4cc(C=Cc5ccc(N(c6ccc(C)cc6)c6ccc(Cl)cc6)cc5)n(C)c4C)nn3)c3ccccc23)cc1,1,C(=Cc1cc(C=Cc2cn(C=Cc3ccc(N(c4ccccc4)c4ccc5ccsc5c4)c4ccccc34)nn2)c[nH]1)c1ccc(N(c2ccccc2)c2ccccc2)cc1,0.6073742,404.7369,0.1153433,0.1153,0.4518614,3.9719,1.0000000,1.0000,[],45
64.8040,95.8912,15.3916,0.8693968,O=C(Nc1cccc2ccc(-c3ccc(N(c4ccccc4)c4ccccc4)cc3)cc12)NC1C(=O)Nc2ccccc2-c2cc(N(CCN=Nc3ccccc3)c3ccc(C=Cc4ccc([N+](=O)[O-])s4)cc3)ccc21,1,O=C(Nc1cccc2ccc(-c3ccc(N(c4ccccc4)c4ccccc4)cc3)cc12)NC1C(=O)Nc2ccccc2-c2cc(N(CCN=Nc3ccccc3)c3ccc(C=Cc4cccs4)cc3)ccc21,0.9650718,483.9654,0.0529775,0.0530,0.4056796,4.5110,1.0000000,1.0000,[],45
21.6717,38.6176,41.2835,0.6242271,COc1ccc(N(c2ccc(OC)cc2)c2ccc(N(c3ccc(C=Cc4ccc(N(c5ccccc5)c5ccccc5)cc4)cc3)c3ccc(C=Cc4ccc(N(c5ccccc5)c5ccccc5)cc4)cc3)cc2)cc1,1,C(=Cc1ccc(N(c2ccc(C=Cc3ccc(N(c4ccccc4)c4ccccc4)cc3)cc2)c2ccc(N(c3ccccc3)c3ccccc3)cc2)cc1)c1ccc(N(c2ccccc2)c2ccccc2)cc1,0.6678905,407.5856,0.0796474,0.0796,0.5519157,2.9718,1.0000000,1.0000,[],45
44.1620,52.0981,-52.0981,0.0000000,N#CC(=Cc1ccc(-c2ccc3cc4c(cc3c2)c2ccccc2n4C(c2ccccc2)c2ccccc2)s1)C(=O)O,1,c1ccc(C(c2ccccc2)n2c3ccccc3c3cc4cc(-c5cccs5)ccc4cc32)cc1,0.0000000,0.0000,0.0000000,0.0000,0.0000000,0.0000,0.0000000,0.0000,"['C(=[O,S])[O,S]']",45
52.8392,65.1369,-65.1369,0.0000000,c1cc2nc3c(n4c(C=Cc5ccccc5)c5ccc6c7c(ccnc6)c5c4c3c2cc1)C=Cc1ccccc1,0,,0.0000000,0.0000,0.0000000,0.0000,0.0000000,0.0000,0.0000000,0.0000,None,45
36.7183,56.0012,60.1877,0.9077264,CN1c2ccccc2Sc2c1ccc(C=Cc1nc3cc(N(c4ccccc4)c4ccccc4)ccc3nc1C=Cc1ccc(N(c3ccccc3)c3ccccc3)cc1)c2C#N,1,C(=Cc1nc2ccc(N(c3ccccc3)c3ccccc3)cc2nc1C=Cc1ccc2c(c1)Sc1ccccc1N2)c1ccc(N(c2ccccc2)c2ccccc2)cc1,0.9764287,479.5686,0.1360430,0.1360,0.4889991,3.5770,1.0000000,1.0000,[],45
45.4396,63.8926,20.5056,0.6593602,C=CCc1cc(N(c2ccccc2)c2ccc(C=Cc3ccccc3N=Cc3ccccc3N(c3ccccc3)c3ccccc3)cc2)c2ccccc2c1-c1c(O)ccc2ccccc12,1,C(=Cc1ccccc1N=Cc1ccccc1N(c1ccccc1)c1ccccc1)c1ccc(N(c2ccccc2)c2ccc(-c3cccc4ccccc34)c3ccccc23)cc1,0.7118015,409.8167,0.0713555,0.0714,0.4885939,3.5811,1.0000000,1.0000,[],45
18.6753,35.2058,39.4273,0.5830719,C(=Cc1ccc(N(c2ccc(C=Cc3ccc(N(c4ccccc4)c4ccccc4)cc3)cc2)c2ccc(N(c3ccccc3)c3ccccc3)cc2)cc1)c1ccc(-c2ccc(N(c3ccccc3)c3ccccc3)cc2)cc1,1,C(=Cc1ccc(N(c2ccc(C=Cc3ccc(N(c4ccccc4)c4ccccc4)cc3)cc2)c2ccc(N(c3ccccc3)c3ccccc3)cc2)cc1)c1ccc(-c2ccc(N(c3ccccc3)c3ccccc3)cc2)cc1,0.6202102,405.3249,0.0842779,0.0843,0.5648549,2.8559,1.0000000,1.0000,[],45
43.8644,78.4062,33.1706,0.8716936,CCCC(=Cc1ccc(C=Cc2ccc(N(c3ccccc3)c3cc4ccccc4cc3-c3cc4cc(N(c5ccc(OC)cc5)c5ccc(OCC)cc5)ccc4o3)cc2)s1)c1ccc(C=Cc2ccc(N(c3ccccc3)c3ccccc3)cc2)s1,1,C(=Cc1ccc(C=Cc2ccc(C=Cc3ccc(N(c4ccccc4)c4cc5ccccc5cc4-c4cc5cc(N(c6ccccc6)c6ccccc6)ccc5o4)cc3)s2)s1)c1ccc(N(c2ccccc2)c2ccccc2)cc1,0.9581249,486.0133,0.0714161,0.0714,0.4168191,4.3755,1.0000000,1.0000,[],45
32.2472,63.1238,49.3703,0.8788603,COc1ccc(N(c2ccccc2)c2ccc(C=Cc3ccc(C=Nc4ccc(C=Cc5nc(C=Cc6cccc(N(c7ccccc7)c7ccccc7)c6)sc5-c5ccccc5)s4)s3)cc2)cc1,1,C(=Cc1ccc(C=Nc2ccc(C=Cc3nc(C=Cc4cccc(N(c5ccccc5)c5ccccc5)c4)sc3-c3ccccc3)s2)s1)c1ccc(N(c2ccccc2)c2ccccc2)cc1,0.9571965,486.2620,0.0905251,0.0905,0.4605604,3.8766,1.0000000,1.0000,[],45
52.1036,65.0135,48.6797,0.8882282,O=c1sc2cc(C=Cc3cc[n+](CCCCC4Nc5ccc(Cl)cc5N4c4ccc(Cl)cc4)cc3)ccc2n1-c1ccccc1,1,O=c1sc2cc(C=Cc3cc[n+](CCCCC4Nc5ccccc5N4c4ccccc4)cc3)ccc2n1-c1ccccc1,0.9574125,486.2046,0.1252195,0.1252,0.4758947,3.7128,1.0000000,1.0000,[],45
44.4007,56.9020,7.2060,0.5008435,C=CCN=c1cc(-c2c(O)ccc3cc(Nc4ccccc4)ccc23)oc2ccc(NC)cc12,1,N=c1cc(-c2cccc3cc(Nc4ccccc4)ccc23)oc2ccccc12,0.5106308,400.4618,0.2495533,0.2496,0.5679027,2.8290,1.0000000,1.0000,[],45
45.3099,63.7175,23.0182,0.6776226,C=CCN1c2ccc(N(CC)c3ccc(C=Cc4ccc(N(c5ccccc5)c5ccccc5)cc4)c(-c4ccc5sc6ccccc6c5c4)c3)cc2C(C)(C)c2cc(N(c3ccccc3)c3ccccc3)ccc21,1,C(=Cc1ccc(Nc2ccc3c(c2)Cc2cc(N(c4ccccc4)c4ccccc4)ccc2N3)cc1-c1ccc2sc3ccccc3c2c1)c1ccc(N(c2ccccc2)c2ccccc2)cc1,0.7309359,410.8506,0.0794948,0.0795,0.4619780,3.8612,1.0000000,1.0000,[],45
26.7180,49.3072,66.2618,0.9028826,Fc1ccc(N(c2ccc(F)cc2)c2ccc(C=Cc3ccc(N(c4ccccc4)c4ccc(C=Cc5ccc(N(c6ccccc6)c6ccc(C=Cc7ccc(C=Cc8ccc(N(c9ccccc9)c9ccccc9)cc8)s7)cc6)cc5)cc4)cc3)cc2)cc1,1,C(=Cc1ccc(N(c2ccccc2)c2ccc(C=Cc3ccc(N(c4ccccc4)c4ccc(C=Cc5ccc(C=Cc6ccc(N(c7ccccc7)c7ccccc7)cc6)s5)cc4)cc3)cc2)cc1)c1ccc(N(c2ccccc2)c2ccccc2)cc1,0.9913830,451.5221,0.0705222,0.0705,0.4870850,3.5966,1.0000000,1.0000,[],45
37.9416,47.8534,57.0375,0.8194595,CC1(C)c2ccccc2-c2ccc3c(c(C=Cc4ccc(N(c5ccccc5)c5ccccc5)cc4)c(N(c4ccccc4)c4ccccc4)c4ccccc43)c21,1,C(=Cc1c(N(c2ccccc2)c2ccccc2)c2ccccc2c2ccc3c(c12)Cc1ccccc1-3)c1ccc(N(c2ccccc2)c2ccccc2)cc1,0.8798470,421.6168,0.1134442,0.1134,0.5430747,3.0525,1.0000000,1.0000,[],45
17.7162,30.3319,86.7528,0.9147245,O=[N+]([O-])c1ccc(-c2ccc(C=Nc3ccc(N(c4ccccc4)c4ccccc4)cc3)o2)cc1,1,C(=Nc1ccc(N(c2ccccc2)c2ccccc2)cc1)c1ccc(-c2ccccc2)o1,0.9785888,441.4990,0.1400828,0.1401,0.6186225,2.4013,1.0000000,1.0000,[],45
27.0217,37.2157,59.3657,0.7545426,C(=Cc1cc2c(-c3ccc(N(c4ccccc4)c4ccccc4)cc3)cccc2s1)c1ccc(N(c2ccccc2)c2ccc(N(c3ccccc3)c3ccccc3)cc2)cc1,1,C(=Cc1cc2c(-c3ccc(N(c4ccccc4)c4ccccc4)cc3)cccc2s1)c1ccc(N(c2ccccc2)c2ccc(N(c3ccccc3)c3ccccc3)cc2)cc1,0.8042645,415.3432,0.1216449,0.1216,0.5624720,2.8771,1.0000000,1.0000,[],46
35.5730,52.5683,-52.5683,0.0000000,c1ccc2c(=C(c3cc4c(N(c5ccc(cc5)N(c5ccccc5)c5ccccc5)c5ccccc5)sc4cc3)C=2)c1N(c1ccccc1)c1ccccc1,0,,0.0000000,0.0000,0.0000000,0.0000,0.0000000,0.0000,0.0000000,0.0000,None,46
43.0652,56.1993,19.1526,0.5886866,NCCC[n+]1ccc(C=Cc2cccc(C=C(C(N)=O)c3cccc(NCc4ccncc4)c3)c2)cc1,1,C(=Cc1cccc(C=Cc2cccc(NCc3ccncc3)c2)c1)c1cc[nH+]cc1,0.6137000,405.0258,0.1634886,0.1635,0.5572609,2.9236,1.0000000,1.0000,[],46
26.7899,43.3447,43.4126,0.6777912,C(=Cc1ccc(-c2ccc(N(c3ccccc3)c3ccc(-c4cccc5c4c4ccccc4n5-c4ccccc4)cc3)cc2)s1)c1cccs1,1,C(=Cc1ccc(-c2ccc(N(c3ccccc3)c3ccc(-c4cccc5c4c4ccccc4n5-c4ccccc4)cc3)cc2)s1)c1cccs1,0.7128849,409.8741,0.1554937,0.1555,0.5607948,2.8920,1.0000000,1.0000,[],46
35.6352,43.5296,-43.5296,0.0000000,CCOC(=O)C(C)c1cc2c(N(CC)CC)cc(N)cc2oc1=O,1,O=c1ccc2ccccc2o1,0.0000000,0.0000,0.0000000,0.0000,0.0000000,0.0000,0.0000000,0.0000,"['C(=[O,S])[O,S]']",46
30.5211,50.6860,-50.6860,0.0000000,Cc1oc2c(c1-c1ccc(cc1)[N+](=O)[O-])c(=O)oc1cc(N(c3ccccc3)c3ccccc3)cc21,0,,0.0000000,0.0000,0.0000000,0.0000,0.0000000,0.0000,0.0000000,0.0000,None,46
29.8383,43.6789,20.5049,0.5014361,C(=Cc1ccc(N(c2ccc(N(c3ccccc3)c3ccccc3)cc2)c2cc3oc4ccccc4c3c3sc4ccccc4c23)cc1)c1ccc(N(c2ccccc2)c2ccccc2)cc1,1,C(=Cc1ccc(N(c2ccc(N(c3ccccc3)c3ccccc3)cc2)c2cc3oc4ccccc4c3c3sc4ccccc4c23)cc1)c1ccc(N(c2ccccc2)c2ccccc2)cc1,0.5240304,401.0444,0.1207755,0.1208,0.5228493,3.2423,1.0000000,1.0000,[],46
30.0773,28.9080,-28.9076,0.0000035,N#CPCNO,1,,0.0000019,257.1163,0.2961220,0.2961,0.2949630,6.1045,1.0000000,1.0000,[],46
40.1273,49.9457,-15.9294,0.2657526,Cn1[nH]c(=CC=C2N=c3ccccc3=N2)c(=Cc2ccccc2CNCC=Cc2ccccc2)c1=O,1,O=c1[nH][nH]c(=CC=C2N=c3ccccc3=N2)c1=Cc1ccccc1CNCC=Cc1ccccc1,0.2587767,531.4256,0.4027115,0.4027,0.5040153,3.4257,1.0000000,1.0000,[],46
47.3132,60.2360,10.4034,0.5518707,CCOc1cc(C=Nc2ccccc2C=Cc2ccccc2N=Cc2ccc(O)cc2)c(OCc2ccccc2)cc1N=Cc1ccccc1,1,C(=Cc1ccccc1N=Cc1ccc(N=Cc2ccccc2)cc1OCc1ccccc1)c1ccccc1N=Cc1ccccc1,0.5831296,403.6441,0.0993545,0.0994,0.5275227,3.1978,1.0000000,1.0000,[],46
27.6826,44.2055,73.0105,0.9157496,C(=Cc1ccc(C=Cc2ccc(N(c3ccccc3)c3ccc(N(c4ccccc4)c4ccc(-c5ccccc5)cc4)c4ccccc34)cc2)s1)c1ccc(N(c2ccccc2)c2ccccc2)cc1,1,C(=Cc1ccc(C=Cc2ccc(N(c3ccccc3)c3ccc(N(c4ccccc4)c4ccc(-c5ccccc5)cc4)c4ccccc34)cc2)s1)c1ccc(N(c2ccccc2)c2ccccc2)cc1,0.9907082,450.6962,0.1076106,0.1076,0.5415385,3.0667,1.0000000,1.0000,[],46
24.0760,40.6847,-17.0987,0.1842660,C(=Nc1cccc2c1CCC2)c1ccc(N(c2ccccc2)c2ccc(N(c3ccccc3)c3ccccc3)cc2)cc1,1,C(=Nc1cccc2c1CCC2)c1ccc(N(c2ccccc2)c2ccc(N(c3ccccc3)c3ccccc3)cc2)cc1,0.1800610,383.5410,0.1739733,0.1740,0.6013065,2.5433,1.0000000,1.0000,[],46
30.6885,42.8235,-39.1580,0.0286367,COc1ccc(N(c2ccc(OC)cc2)c2ccc(C(=O)c3c[nH]c4ccc(-c5ccc(N(c6ccccc6)c6ccccc6)cc5)cc34)cc2)cc1,1,O=C(c1ccc(N(c2ccccc2)c2ccccc2)cc1)c1c[nH]c2ccc(-c3ccc(N(c4ccccc4)c4ccccc4)cc3)cc12,0.0255808,360.4792,0.1368492,0.1368,0.5832003,2.6961,1.0000000,1.0000,[],46
47.1220,72.2222,17.1457,0.6981866,CCCCCCCOc1ccc(N(c2ccc(C=Cc3ccc(C=Cc4ccc(N(c5ccc(N(c6ccccc6)c6ccccc6)cc5)c5ccc6c(c5)oc(=O)c5c7ccccc7n(C)c65)cc4)cc3)cc2)c2ccc(N(c3ccccc3)c3ccccc3)cc2)cc1,1,O=c1oc2cc(N(c3ccc(C=Cc4ccc(C=Cc5ccc(N(c6ccccc6)c6ccc(N(c7ccccc7)c7ccccc7)cc6)cc5)cc4)cc3)c3ccc(N(c4ccccc4)c4ccccc4)cc3)ccc2c2[nH]c3ccccc3c12,0.7746444,413.4059,0.0359260,0.0359,0.4296344,4.2241,1.0000000,1.0000,[],46
28.2493,48.4001,-24.5378,0.1864245,Oc1c(-c2ccccc2)cc(-c2ccc(N=Cc3ccc(N(c4ccccc4)c4ccc(C=Cc5ccccc5)cc4)cc3)cc2)nc1-c1cccs1,1,C(=Cc1ccc(N(c2ccccc2)c2ccc(C=Nc3ccc(-c4cc(-c5ccccc5)cc(-c5cccs5)n4)cc3)cc2)cc1)c1ccccc1,0.1850980,383.9074,0.1140455,0.1140,0.5469527,3.0170,1.0000000,1.0000,[],46
34.8396,35.9215,-30.7124,0.0406962,[C-]#[N+]c1cc2ccccc2cc1-c1ccc(N(c2ccccc2)c2ccccc2-c2ccccc2)cc1,1,c1ccc(-c2ccccc2N(c2ccccc2)c2ccc(-c3ccc4ccccc4c3)cc2)cc1,0.0364111,364.4336,0.2264754,0.2265,0.6116780,2.4577,1.0000000,1.0000,[],46
22.4672,33.3410,32.2483,0.5124168,C(=Cc1ccc(N(c2ccc(N(c3ccccc3)c3ccccc3)cc2)c2ccc3ccccc3c2)cc1)c1ccncc1,1,C(=Cc1ccc(N(c2ccc(N(c3ccccc3)c3ccccc3)cc2)c2ccc3ccccc3c2)cc1)c1ccncc1,0.5272242,401.1835,0.1826552,0.1827,0.6222202,2.3723,1.0000000,1.0000,[],46
68.4037,92.9556,-81.2486,0.0914606,C=CCC[n+]1cccc(Nc2ccccc2-c2ccccc2N(c2ccccc2)c2ccc(C=c3c4c(c(-c5ccccc5)n3-c3ccccc3)N(CC(=O)c3ccccc3)c3ccccc3C=4c3ccccc3)cc2)c1,1,O=C(CN1c2ccccc2C(c2ccccc2)=c2c1c(-c1ccccc1)n(-c1ccccc1)c2=Cc1ccc(N(c2ccccc2)c2ccccc2-c2ccccc2Nc2ccc[nH+]c2)cc1)c1ccccc1,0.0896891,545.1613,0.0595144,0.0595,0.4412163,4.0911,1.0000000,1.0000,[],46
29.0282,39.3660,45.5941,0.6637512,COc1ccccc1N=Nc1ccccc1C=C1C(c2ccccc2)=Nc2ccccc21,1,C(=C1C(c2ccccc2)=Nc2ccccc21)c1ccccc1N=Nc1ccccc1,0.6816885,408.2683,0.3068861,0.3069,0.5949314,2.5965,1.0000000,1.0000,[],46
28.9546,46.4148,67.4229,0.8893570,COc1ccc(N(c2ccc(C=CCNc3ccc(N=Nc4nccs4)cc3)cc2)c2ccc(OC)cc2)cc1,1,C(=Cc1ccc(N(c2ccccc2)c2ccccc2)cc1)CNc1ccc(N=Nc2nccs2)cc1,0.9463987,488.8275,0.1669478,0.1669,0.5707081,2.8044,1.0000000,1.0000,[],46
43.1648,72.6153,41.8354,0.8941463,COc1ccc(N(c2ccccc2)c2ccc3c(c2)N(CCCNc2ccc(N=Nc4ccc(N(c5ccccc5)c5ccccc5)cc4)cc2)C(=O)N(c2ccc(Sc4ccc(-c5ccc(N(c6ccccc6)c6ccccc6)cc5)cc4)cc2)C3)cc1,1,O=C1N(c2ccc(Sc3ccc(-c4ccc(N(c5ccccc5)c5ccccc5)cc4)cc3)cc2)Cc2ccc(N(c3ccccc3)c3ccccc3)cc2N1CCCNc1ccc(N=Nc2ccc(N(c3ccccc3)c3ccccc3)cc2)cc1,0.9903033,450.2287,0.0567129,0.0567,0.4374360,4.1341,1.0000000,1.0000,[],46
26.4759,42.1719,-7.0714,0.2742226,O=c1c2ccccc2nc(N(c2ccccc2)c2ccccc2)n1C(=Cc1ccc(N(c2ccccc2)c2ccccc2)cc1)c1ccccc1,1,O=c1c2ccccc2nc(N(c2ccccc2)c2ccccc2)n1C(=Cc1ccc(N(c2ccccc2)c2ccccc2)cc1)c1ccccc1,0.2755465,389.5046,0.1447683,0.1448,0.5687162,2.8219,1.0000000,1.0000,[],46
37.1166,52.1560,-52.1560,0.0000000,COc1c(N(c2ccccc2)c2ccccc2)c2cc3ccccc3cc2sc1=NNCc1ccc(N(c2ccccc2)c2ccccc2)cc1,1,c1ccc(N(c2ccccc2)c2ccc(CNN=c3cc(N(c4ccccc4)c4ccccc4)c4cc5ccccc5cc4s3)cc2)cc1,0.0000000,0.0000,0.0000000,0.0000,0.0000000,0.0000,0.0000000,0.0000,['[#7;!n][#7;!n]'],46
51.6280,69.5719,-69.5719,0.0000000,c1c2cc3CN(CCc3cc2c(c2CN(COc2c1)Cc1ccc(cc1)C=Cc1ccc(N(c2ccc(cc2)OC)c2ccc(OC)cc2)cc1)c1ccccc1O)C,0,,0.0000000,0.0000,0.0000000,0.0000,0.0000000,0.0000,0.0000000,0.0000,None,46
42.0729,47.8643,64.9101,0.8810496,CC(C)NC(=O)CN=Cc1ccc(-c2ccc(N=Nc3ccc(N4CCN(CCOC(C)C)CC4)cc3)cc2)cc1,1,c1ccc(-c2ccc(N=Nc3ccc(N4CCNCC4)cc3)cc2)cc1,0.9303480,428.1428,0.2116642,0.2117,0.5634947,2.8680,1.0000000,1.0000,[],46
36.2699,55.1420,64.4470,0.9342895,O=C1c2ccccc2-c2ccc(N3C(c4ccc(N5c6ccccc6Cc6ccccc65)cc4)=COc4ccccc43)cc21,1,O=C1c2ccccc2-c2ccc(N3C(c4ccc(N5c6ccccc6Cc6ccccc65)cc4)=COc4ccccc43)cc21,0.9894665,470.6793,0.2131036,0.2131,0.5618701,2.8824,1.0000000,1.0000,[],46
33.9151,35.9157,-15.4162,0.1601526,c1ccc(N(c2ccccc2)c2ccc(-c3nc(-c4ccc(-c5ccccn5)cc4)nc(-c4ccccc4N(c4ccccc4)c4ccccc4)n3)cc2)cc1,1,c1ccc(N(c2ccccc2)c2ccc(-c3nc(-c4ccc(-c5ccccn5)cc4)nc(-c4ccccc4N(c4ccccc4)c4ccccc4)n3)cc2)cc1,0.1564873,381.7097,0.1401709,0.1402,0.5874296,2.6600,1.0000000,1.0000,[],46
33.8104,45.4491,-45.4491,0.0000000,c1(cccc(N2c3ccccc3N(c3ccccc3)c3ccccc3)cc21)C#Cc1ccc(cc1)-c1ccc(N(c2ccccc2)c2ccccc2)cc1,0,,0.0000000,0.0000,0.0000000,0.0000,0.0000000,0.0000,0.0000000,0.0000,None,46
28.1105,33.0498,34.0483,0.5242040,[N-]=[N+]=Nc1cc(=O)c2ccccc2[s+]1[O-],1,O=c1cc[sH+]c2ccccc12,0.5349798,401.5216,0.3191539,0.3192,0.4197537,4.3404,1.0000000,1.0000,[],46
42.5815,60.8413,44.4513,0.8225984,O=C1Nc2c[n+](C=Cc3cc[n+](CCC[n+]4ccc(N(c5ccccc5)c5ccccc5)c5ccccc54)cc3)ccc2C1=Cc1ccccc1O,1,O=C1Nc2c[n+](C=Cc3cc[n+](CCC[n+]4ccc(N(c5ccccc5)c5ccccc5)c5ccccc54)cc3)ccc2C1=Cc1ccccc1,0.8858715,497.7506,0.1134626,0.1135,0.4753388,3.7186,1.0000000,1.0000,[],46
79.5506,112.1187,-37.2732,0.5847304,CCNc1c(N)c(N=Nc2ccc(Nc3nc4cccc(-c5ccc6c(c5)Nc5ccccc5N6c5ccccc5)c4oc3=O)cn2)c(N)c(O)c1NCc1cccc[n+]1CCCNCc1ccccc1,1,O=c1oc2c(-c3ccc4c(c3)Nc3ccccc3N4c3ccccc3)cccc2nc1Nc1ccc(N=Nc2ccc(NCc3cccc[n+]3CCCNCc3ccccc3)cc2)nc1,0.6681218,512.4031,0.0106462,0.0106,0.4230104,4.3018,1.0000000,1.0000,[],46
23.7127,36.1767,38.2919,0.5817859,C(=Cc1ccc(N(c2ccc(C=Cc3ccc(N(c4ccccc4)c4ccccc4)cc3)cc2)c2ccc(C=Cc3ccc4cc(N(c5ccccc5)c5ccccc5)ccc4c3)cc2)cc1)c1ccccc1,1,C(=Cc1ccc(N(c2ccc(C=Cc3ccc(N(c4ccccc4)c4ccccc4)cc3)cc2)c2ccc(C=Cc3ccc4cc(N(c5ccccc5)c5ccccc5)ccc4c3)cc2)cc1)c1ccccc1,0.6165674,405.1573,0.0948614,0.0949,0.5603387,2.8961,1.0000000,1.0000,[],46
65.4194,91.0538,-91.0538,0.0000000,O=c1ccc(F)oc1Nc1cc(-c2ccc(cc2)NC(=O)c2ccc(-c3ccc(N(c4ccccc4)c4ccccc4)s3)cc2)nc(c1)C=Cc1ccc(Nc2ccsc2)cc1,0,,0.0000000,0.0000,0.0000000,0.0000,0.0000000,0.0000,0.0000000,0.0000,None,46
35.9410,55.8276,-55.2614,0.0044238,Nc1c2c(c(N)c3ccccc13)C(=O)c1cc(NCc3ccc(C=Cc4ccc(N(c5ccccc5)c5ccccc5)cc4)cc3)ccc1C2=O,1,O=C1c2ccc(NCc3ccc(C=Cc4ccc(N(c5ccccc5)c5ccccc5)cc4)cc3)cc2C(=O)c2cc3ccccc3cc21,0.0036391,580.9356,0.0850563,0.0851,0.5599962,2.8991,1.0000000,1.0000,[],46
32.1158,49.1423,33.5200,0.6457990,COc1ccc(N(c2ccccc2)c2ccc(C=Cc3ccc(N(c4ccc(NCCN=Cc5ccccc5)cc4)c4ccc(N(c5ccccc5)c5ccccc5)cc4)cc3)cc2)cc1,1,C(=Cc1ccc(N(c2ccc(NCCN=Cc3ccccc3)cc2)c2ccc(N(c3ccccc3)c3ccccc3)cc2)cc1)c1ccc(N(c2ccccc2)c2ccccc2)cc1,0.7002681,409.2133,0.0561344,0.0561,0.5382277,3.0974,1.0000000,1.0000,[],46
27.2040,47.5719,18.0900,0.5129840,N#Cc1cccc(N(c2ccc(C=Cc3ccccc3)cc2)c2ccc(C=Cc3ccc(N(c4ccccc4)c4ccc(C=Cc5ccc(N(c6ccccc6)c6ccccc6)cc5)cc4)cc3)cc2)c1N(c1ccccc1)c1ccccc1,1,C(=Cc1ccc(N(c2ccc(C=Cc3ccc(N(c4ccccc4)c4ccc(C=Cc5ccc(N(c6ccccc6)c6ccccc6)cc5)cc4)cc3)cc2)c2ccccc2N(c2ccccc2)c2ccccc2)cc1)c1ccccc1,0.5442805,401.9281,0.0800605,0.0801,0.4994390,3.4713,1.0000000,1.0000,[],46
28.0473,43.8645,70.3130,0.8920122,N#Cc1ccccc1-c1nc(-c2ccc(N(c3ccccc3)c3ccccc3)cc2)nc(-c2ccc(C=Cc3ccc(N(c4ccccc4)c4ccccc4)cc3)s2)n1,1,C(=Cc1ccc(-c2nc(-c3ccccc3)nc(-c3ccc(N(c4ccccc4)c4ccccc4)cc3)n2)s1)c1ccc(N(c2ccccc2)c2ccccc2)cc1,0.9580150,433.9569,0.1302776,0.1303,0.5383323,3.0964,1.0000000,1.0000,[],46
39.9886,58.3430,3.9033,0.4862993,CCCCCCCCCCCCN1CCCC(=Cc2ccc(C=Cc3ccc(N(c4ccccc4)c4ccc(C=Cc5cccc(N(c6ccccc6)c6ccccc6)c5)cc4)cc3)cc2)CC1,1,C(=Cc1ccc(N(c2ccccc2)c2ccc(C=Cc3cccc(N(c4ccccc4)c4ccccc4)c3)cc2)cc1)c1ccc(C=C2CCCNCC2)cc1,0.5220369,400.9577,0.0495802,0.0496,0.5145329,3.3225,1.0000000,1.0000,[],46
26.0113,45.7397,57.1281,0.8036549,N#Cc1c(C=Nc2ccccc2)cc(N)c(N=Nc2ccc(N(c3ccccc3)c3ccccc3)cc2)c1C#N,1,C(=Nc1ccccc1)c1ccc(N=Nc2ccc(N(c3ccccc3)c3ccccc3)cc2)cc1,0.8578386,500.4844,0.1320938,0.1321,0.5437414,3.0464,1.0000000,1.0000,[],46
25.2010,41.2686,42.2125,0.6521967,Cc1ccc(N(c2ccccc2)c2ccc(-c3ccc(-c4ccc(N(c5ccc(C=Cc6ccc(N(c7ccccc7)c7ccccc7)cc6)cc5)c5ccc(N(c6ccccc6)c6ccccc6)cc5)cc4)s3)cc2)cc1,1,C(=Cc1ccc(N(c2ccc(-c3ccc(-c4ccc(N(c5ccccc5)c5ccccc5)cc4)s3)cc2)c2ccc(N(c3ccccc3)c3ccccc3)cc2)cc1)c1ccc(N(c2ccccc2)c2ccccc2)cc1,0.6973380,409.0621,0.0894339,0.0894,0.5347100,3.1302,1.0000000,1.0000,[],46
25.0697,38.5377,61.2825,0.7798452,C[n+]1ccc(C=Cc2ccc(N(c3ccccc3)c3ccc(C=Cc4ccc([N+](=O)[O-])s4)cc3)cc2)cc1,1,C(=Cc1ccc(N(c2ccccc2)c2ccc(C=Cc3cccs3)cc2)cc1)c1cc[nH+]cc1,0.8334109,502.5197,0.1184070,0.1184,0.5617517,2.8835,1.0000000,1.0000,[],46
40.8093,57.1109,58.5308,0.9034514,Cc1cscc1-c1csc(-c2cnc(N(c3ccccc3)c3ccccc3)c(-c3ccc(C=Cc4ccc(N(c5ccccc5)c5ccccc5)cc4)s3)n2)c1,1,C(=Cc1ccc(-c2nc(-c3cc(-c4ccsc4)cs3)cnc2N(c2ccccc2)c2ccccc2)s1)c1ccc(N(c2ccccc2)c2ccccc2)cc1,0.9722274,438.6038,0.1309408,0.1309,0.5019415,3.4464,1.0000000,1.0000,[],46
28.0651,27.4681,-27.4523,0.0001233,[O-][S+](c1nc2ccccc2[nH]1)c1cccs1,1,c1csc([SH+]c2nc3ccccc3[nH]2)c1,0.0000789,297.4211,0.7089028,0.7089,0.4646708,3.8321,1.0000000,1.0000,[],46
35.3206,63.8845,-63.8559,0.0002233,CC(=O)Nc1ccc2c(N=Nc3ccc(N(C)CCO)cc3N(c3ccccc3)c3ccccc3)c3ccc(=Nc4ccc(N=Nc5ccc(N(C)C)cc5)cc4)c(O)c-3oc2c1,1,c1ccc(N=Nc2ccc(N=c3ccc4c(N=Nc5ccccc5N(c5ccccc5)c5ccccc5)c5ccccc5oc-4c3)cc2)cc1,0.0001581,615.0245,0.0771259,0.0771,0.4589743,3.8938,1.0000000,1.0000,[],46
38.8748,49.9804,48.9971,0.7732620,O=C1Nc2ccc(N=Nc3ccncc3)cc2C1c1ccc(N=Cc2sc(=O)[nH]c2O)cc1,1,O=C1Nc2ccc(N=Nc3ccncc3)cc2C1c1ccc(N=Cc2c[nH]c(=O)s2)cc1,0.8055850,415.4345,0.2941947,0.2942,0.4710766,3.7637,1.0000000,1.0000,[],46
24.0631,33.8056,84.2409,0.9222387,c1ccc(-c2cnc(-c3ccccc3)c(N=Nc3ccc(N(c4ccccc4)c4ccccc4)cc3)c2)cc1,1,c1ccc(-c2cnc(-c3ccccc3)c(N=Nc3ccc(N(c4ccccc4)c4ccccc4)cc3)c2)cc1,0.9755794,440.0377,0.2037394,0.2037,0.6145821,2.4341,1.0000000,1.0000,[],46
23.7444,40.5560,15.1910,0.4355234,Fc1ccc(N(c2ccc(F)cc2)c2ccc3cc(C=Cc4ccc(N(c5ccccc5)c5ccccc5)cc4)ccc3c2)cc1,1,C(=Cc1ccc2cc(N(c3ccccc3)c3ccccc3)ccc2c1)c1ccc(N(c2ccccc2)c2ccccc2)cc1,0.4460924,397.6497,0.1601452,0.1601,0.6253532,2.3472,1.0000000,1.0000,[],46
26.8501,45.5880,53.0072,0.7702752,C(=Cc1nc2ccc(N(c3ccccc3)c3ccccc3)cc2s1)c1cc[n+](CCCCCCN(c2ccccc2)c2ccccc2)cc1,1,C(=Cc1nc2ccc(N(c3ccccc3)c3ccccc3)cc2s1)c1cc[n+](CCCCCCN(c2ccccc2)c2ccccc2)cc1,0.8316443,502.6573,0.0858685,0.0859,0.5426350,3.0566,1.0000000,1.0000,[],46
56.2594,78.7211,-33.8420,0.3506182,C=CNc1ccc(-c2c(NCC3(CC)CCOCC3)cc(C=Cc3ccc(N(c4ccccc4)c4ccccc4)c4ccccc34)nc2N)cc1,1,C(=Cc1ccc(N(c2ccccc2)c2ccccc2)c2ccccc12)c1cc(NCC2CCOCC2)c(-c2ccccc2)cn1,0.3598476,393.7459,0.1202083,0.1202,0.5083773,3.3827,1.0000000,1.0000,[],46
38.5398,56.6627,-7.2253,0.3862296,CCCCCCCCOc1ccc(N(c2ccc(OCCCCCC)cc2)c2ccc(-c3ccccc3N(c3ccc(OCCCCC)cc3)c3ccc(-c4ccc(N(c5ccccc5)c5ccccc5)s4)cc3)cc2)cc1,1,c1ccc(N(c2ccccc2)c2ccc(-c3ccccc3N(c3ccccc3)c3ccc(-c4ccc(N(c5ccccc5)c5ccccc5)s4)cc3)cc2)cc1,0.4121206,396.1434,0.0417908,0.0418,0.4977409,3.4884,1.0000000,1.0000,[],46
38.9410,60.3136,57.6179,0.9213398,CC(C)c1cc(-c2ccc(N(c3ccccc3)c3ccccc3)s2)cc[n+]1NCCC=Cc1ccc(O)cc1,1,C(=Cc1ccccc1)CCN[n+]1ccc(-c2ccc(N(c3ccccc3)c3ccccc3)s2)cc1,0.9895952,470.5444,0.1396352,0.1396,0.5239198,3.2321,1.0000000,1.0000,[],46
22.5673,28.2726,-14.6348,0.1065454,C[n+]1ccccc1-c1ccc2c(c1)nc1ccccn12,1,c1ccc(-c2ccc3c(c2)nc2ccccn23)[nH+]c1,0.0979751,375.8974,0.4820091,0.4820,0.5945005,2.6002,1.0000000,1.0000,[],46
26.0804,43.0000,57.0443,0.7815959,Fc1ccc(N(c2ccc(F)cc2)c2ccc(C=CC(C=Cc3ccc(N(c4ccccc4)c4ccccc4)cc3)=Cc3cccs3)cc2)cc1,1,C(=Cc1ccc(N(c2ccccc2)c2ccccc2)cc1)C(C=Cc1ccc(N(c2ccccc2)c2ccccc2)cc1)=Cc1cccs1,0.8339402,417.5218,0.1251723,0.1252,0.5609749,2.8904,1.0000000,1.0000,[],46
37.0449,55.0268,-53.7220,0.0101942,COc1ccc(N(c2ccccc2)c2ccc(C3=CCc4cc(N(CCO)CCCN(C)CCO)ccc43)cc2)cc1,1,C1=C(c2ccc(N(c3ccccc3)c3ccccc3)cc2)c2ccccc2C1,0.0085440,348.3847,0.1887609,0.1888,0.5620059,2.8812,1.0000000,1.0000,[],46
58.8297,71.6615,-71.6615,0.0000000,CCN1CC(O)c2c(cc(N=Nc3ccccc3NC)c3cccc[n+]23)OC(c2ccc(N(c3ccccc3)c3ccccc3)cc2)C1,1,c1ccc(N=Nc2cc3c([n+]4ccccc24)CCNCC(c2ccc(N(c4ccccc4)c4ccccc4)cc2)O3)cc1,0.0000000,0.0000,0.0000000,0.0000,0.0000000,0.0000,0.0000000,0.0000,['[*;r{8-17}]'],46
47.9023,75.5157,-66.0684,0.0738073,COc1ccc(N(c2ccccc2)c2ccc(C=NCCOCCN(CCOCCOCCN=[N+]=[N-])c3ccc(OC)c(N=Nc4ccc(N=Nc5ccc(N(c6ccccc6)c6ccccc6)cc5)c5cc(Nc6ccccc6)ccc45)c3)cc2)cc1,1,C(=NCCOCCNc1cccc(N=Nc2ccc(N=Nc3ccc(N(c4ccccc4)c4ccccc4)cc3)c3cc(Nc4ccccc4)ccc23)c1)c1ccc(N(c2ccccc2)c2ccccc2)cc1,0.0749577,547.2836,0.0145513,0.0146,0.4044339,4.5263,1.0000000,1.0000,[],46
35.3004,63.4271,44.7215,0.8449106,C(=Cc1ccc(-c2cc[n+](C=Cc3cc[n+](Cc4ccc(N(c5ccccc5)c5ccccc5)cc4)cc3)cc2)s1)CCn1ccc(-c2ccccc2)n1,1,C(=Cc1ccc(-c2cc[n+](C=Cc3cc[n+](Cc4ccc(N(c5ccccc5)c5ccccc5)cc4)cc3)cc2)s1)CCn1ccc(-c2ccccc2)n1,0.9111500,494.7267,0.1110375,0.1110,0.4918299,3.5481,1.0000000,1.0000,[],46
23.6048,35.9111,59.5201,0.7455564,C(=Cc1ccc(N2c3ccccc3Sc3cc(N(c4ccccc4)c4ccccc4)ccc32)s1)c1ccc(N(c2ccccc2)c2ccccc2)cc1,1,C(=Cc1ccc(N2c3ccccc3Sc3cc(N(c4ccccc4)c4ccccc4)ccc32)s1)c1ccc(N(c2ccccc2)c2ccccc2)cc1,0.7898111,414.3728,0.1469675,0.1470,0.5506064,2.9837,1.0000000,1.0000,[],46
29.5084,48.8577,-35.6169,0.1034434,CCCC[n+]1c(C=Cc2ccc(N(c3ccccc3)c3ccc(C=C4C(c5ccccc5)=C(c5ccccc5)c5ccccc54)cc3)cc2)sc2ccccc21,1,C(=Cc1[nH+]c2ccccc2s1)c1ccc(N(c2ccccc2)c2ccc(C=C3C(c4ccccc4)=C(c4ccccc4)c4ccccc43)cc2)cc1,0.0994966,543.9169,0.1198410,0.1198,0.5264391,3.2081,1.0000000,1.0000,[],46
35.6853,55.5979,61.0678,0.9114509,Clc1c(C=Cc2ccc(N(c3ccc(N4CCCC4)cc3)c3ccc4ccccc4c3)cc2)sc2cc(N(c3ccccc3)c3ccc(C=Cc4ccc(N(c5ccccc5)c5ccccc5)cc4)cc3)ccc12,1,C(=Cc1ccc(N(c2ccccc2)c2ccc3cc(C=Cc4ccc(N(c5ccc(N6CCCC6)cc5)c5ccc6ccccc6c5)cc4)sc3c2)cc1)c1ccc(N(c2ccccc2)c2ccccc2)cc1,0.9897546,449.6250,0.1006685,0.1007,0.4951832,3.5141,1.0000000,1.0000,[],46
43.6155,59.0736,-20.4996,0.3013589,Oc1ccc(-n2c(-c3cccnc3Nc3ccccc3)nc3ccccc32)cc1C=Nc1ccc2nc(-c3ccco3)sc2c1,1,C(=Nc1ccc2nc(-c3ccco3)sc2c1)c1cccc(-n2c(-c3cccnc3Nc3ccccc3)nc3ccccc32)c1,0.3026721,390.9384,0.1759666,0.1760,0.5493687,2.9949,1.0000000,1.0000,[],46
27.9038,51.0481,18.0206,0.5395991,O=C(CC[n+]1ccc(C=Cc2cccs2)cc1)c1ccc(N=Nc2ccc(N(c3ccccc3)c3ccccc3)cc2)s1,1,O=C(CC[n+]1ccc(C=Cc2cccs2)cc1)c1ccc(N=Nc2ccc(N(c3ccccc3)c3ccccc3)cc2)s1,0.5723921,516.8338,0.0847353,0.0847,0.5260363,3.2119,1.0000000,1.0000,[],46
33.5753,52.2816,-52.2816,0.0000000,O=C(O)C1CC(c2ccc(N(c3ccccc3)c3ccccc3)s2)CN1C(=O)c1cccc(N(c2ccccc2)c2ccccc2)c1,1,O=C(c1cccc(N(c2ccccc2)c2ccccc2)c1)N1CCC(c2ccc(N(c3ccccc3)c3ccccc3)s2)C1,0.0000000,0.0000,0.0000000,0.0000,0.0000000,0.0000,0.0000000,0.0000,"['C(=[O,S])[O,S]']",46
30.2523,55.9150,51.5606,0.8396535,CCCCOc1ccc(N(c2ccccc2)c2ccc(C=CCC[n+]3ccc(C=Cc4ccc(N5c6ccccc6C=Cc6ccccc65)cc4)cc3)cc2)cc1,1,C(=Cc1ccc(N(c2ccccc2)c2ccccc2)cc1)CC[n+]1ccc(C=Cc2ccc(N3c4ccccc4C=Cc4ccccc43)cc2)cc1,0.9132398,494.4434,0.0816944,0.0817,0.5116077,3.3510,1.0000000,1.0000,[],46
17.0922,33.4921,60.0204,0.7305664,C(=Nc1ccc(N(c2ccccc2)c2ccccc2)cc1)c1ccc(-c2ccc(-c3ccc(N(c4ccccc4)c4ccccc4)cc3)s2)cc1,1,C(=Nc1ccc(N(c2ccccc2)c2ccccc2)cc1)c1ccc(-c2ccc(-c3ccc(N(c4ccccc4)c4ccccc4)cc3)s2)cc1,0.7737585,413.3508,0.1345815,0.1346,0.6035991,2.5242,1.0000000,1.0000,[],47
52.4776,70.0165,-70.0165,0.0000000,c1(n(C)c(c(N=Nc2c3ccccc3ccc2NC(=O)c2c(Cl)c(O)c(c(c2F)F)F)c1N)C(CC)=O)=O,0,,0.0000000,0.0000,0.0000000,0.0000,0.0000000,0.0000,0.0000000,0.0000,None,47
23.1684,23.5789,-23.5668,0.0000939,CC(NC(=O)Cc1ccccc1N)c1ccccc1,1,O=C(Cc1ccccc1)NCc1ccccc1,0.0000585,294.1844,0.8241471,0.8241,0.6580057,2.0927,1.0000000,1.0000,[],47
62.3048,68.7060,-60.2541,0.0660304,Oc1ccc(-c2cc(-c3ccccc3-[n+]3ccc(-c4ccccc4)cc3)n(-c3ccc(-c4ccc(-c5cccc(Cl)c5Cl)o4)cc3)n2)cc1,1,c1ccc(-c2cc[n+](-c3ccccc3-c3cc(-c4ccccc4)nn3-c3ccc(-c4ccc(-c5ccccc5)o4)cc3)cc2)cc1,0.0612921,370.3719,0.1708899,0.1709,0.5450041,3.0348,1.0000000,1.0000,[],47
46.7291,76.5363,-1.0042,0.5900946,CCCCCCCCOc1cc(C=Cc2ccc(N(c3ccccc3)c3ccccc3)cc2)c(-c2cc(N(c3ccccc3)c3ccc(-c4ccccc4)cc3)ccc2C=Cc2ccc(N(c3ccc(C=Cc4ccccc4)cc3)c3ccc(C=Cc4ccc(N(c5ccccc5)c5ccccc5)cc4)cc3)cc2)s1,1,C(=Cc1ccc(N(c2ccc(C=Cc3ccc(N(c4ccccc4)c4ccccc4)cc3)cc2)c2ccc(C=Cc3ccc(N(c4ccccc4)c4ccc(-c5ccccc5)cc4)cc3-c3sccc3C=Cc3ccc(N(c4ccccc4)c4ccccc4)cc3)cc2)cc1)c1ccccc1,0.6519127,406.8125,0.0329617,0.0330,0.3936148,4.6619,1.0000000,1.0000,[],47
25.3602,50.3152,57.1280,0.8394001,CCOc1ccc(N(c2ccccc2)c2ccc(C=Cc3ccc(N(c4ccc(C=Cc5ccc(N(c6ccccc6)c6ccccc6)cc5)cc4)c4ccc(C=Cc5ccc(N(c6ccccc6)c6ccccc6)cc5C#N)cc4)cc3)cc2)cc1,1,C(=Cc1ccc(N(c2ccc(C=Cc3ccc(N(c4ccccc4)c4ccccc4)cc3)cc2)c2ccc(C=Cc3ccc(N(c4ccccc4)c4ccccc4)cc3)cc2)cc1)c1ccc(N(c2ccccc2)c2ccccc2)cc1,0.9183348,426.2741,0.0708934,0.0709,0.4786202,3.6842,1.0000000,1.0000,[],47
29.9485,45.6021,11.0457,0.4425615,Oc1ccccc1C=Cc1cc[n+](C=Cc2cccc[n+]2Cc2cc[n+](CC[n+]3ccccc3)cc2)cc1,1,C(=Cc1cc[n+](C=Cc2cccc[n+]2Cc2cc[n+](CC[n+]3ccccc3)cc2)cc1)c1ccccc1,0.4471018,522.3060,0.3042514,0.3043,0.4781101,3.6896,1.0000000,1.0000,[],47
37.5023,65.7783,50.2190,0.9062289,COc1ccc(N(c2ccccc2)c2ccc(C=Cc3ccc(-c4ccc5c(c4)Sc4ccccc4N5c4ccc(N(c5ccccc5)c5ccc(C=Cc6ccc(C=Cc7ccc(N(c8ccccc8)c8cccs8)cc7)s6)cc5)cc4)s3)cc2)cc1,1,C(=Cc1ccc(-c2ccc3c(c2)Sc2ccccc2N3c2ccc(N(c3ccccc3)c3ccc(C=Cc4ccc(C=Cc5ccc(N(c6ccccc6)c6cccs6)cc5)s4)cc3)cc2)s1)c1ccc(N(c2ccccc2)c2ccccc2)cc1,0.9922323,452.6580,0.0847985,0.0848,0.4267555,4.2577,1.0000000,1.0000,[],47
29.9661,45.7770,15.0960,0.4755709,Fc1cc(F)c(N(c2ccc(C=Cc3ccc(N(c4ccccc4)c4ccc(N(c5ccccc5)c5ccccc5)cc4)cc3)cc2)c2ccc(-c3ccccc3)cc2)c(F)c1F,1,C(=Cc1ccc(N(c2ccccc2)c2ccc(N(c3ccccc3)c3ccccc3)cc2)cc1)c1ccc(N(c2ccccc2)c2ccc(-c3ccccc3)cc2)cc1,0.5080276,400.3487,0.0525605,0.0526,0.5625075,2.8768,1.0000000,1.0000,[],47
37.4955,60.9464,57.1131,0.9223396,C(=Cc1c(C=Cc2ccc(C=Cc3cccs3)s2)n(-c2ccccc2)c2c(-n3c4ccccc4c4c5ccccc5ccc43)cccc12)c1ccccc1,1,C(=Cc1c(C=Cc2ccc(C=Cc3cccs3)s2)n(-c2ccccc2)c2c(-n3c4ccccc4c4c5ccccc5ccc43)cccc12)c1ccccc1,0.9896172,449.4788,0.1475369,0.1475,0.5087419,3.3791,1.0000000,1.0000,[],47
26.2818,29.0583,92.0560,0.9462059,CC(C)c1ccc(N=Nc2ccc([N+](=O)[O-])cc2)c(Cl)c1,1,c1ccc(N=Nc2ccccc2)cc1,0.9801798,442.3550,0.4074454,0.4074,0.6268376,2.3353,1.0000000,1.0000,[],47
25.5380,38.2319,79.3916,0.9189331,CCCCCCCCCCCCCCCn1c2ccccc2c2cc(C=Cc3cc[n+](CC)cc3)ccc21,1,C(=Cc1ccc2[nH]c3ccccc3c2c1)c1cc[nH+]cc1,0.9954083,461.5993,0.0988302,0.0988,0.5845227,2.6848,1.0000000,1.0000,[],47
39.6317,71.7771,-71.7771,0.0000000,c1cc(ccc1C=Cc1sc(cc1)C=Cc1ccc(N=c2sc(sc2C=Cc2sc(-c3ccc(N(c4ccc(cc4)C)c4ccccc4)cc3)cc2)c2ccccc2)cc1)N(c1ccc(OC)cc1)c1ccccc1,0,,0.0000000,0.0000,0.0000000,0.0000,0.0000000,0.0000,0.0000000,0.0000,None,47
28.4191,51.5574,63.4234,0.8982877,O=c1c2ccccc2n(CCCN2c3ccccc3N(c3ccccc3)c3ccccc32)c2ccc(C=Cc3cc[n+](Cc4ccccc4)cc3)cc12,1,O=c1c2ccccc2n(CCCN2c3ccccc3N(c3ccccc3)c3ccccc32)c2ccc(C=Cc3cc[n+](Cc4ccccc4)cc3)cc12,0.9696656,482.3828,0.1118430,0.1118,0.5411485,3.0703,1.0000000,1.0000,[],47
68.7800,98.9015,-62.3920,0.2852303,CCN(CC)c1ccc2sc(C#N)c(N=Nc3ccc(N=Nc4ccc(Nc5ccc(C=Cc6ccc(N(c7ccccc7)c7ccccc7)cc6)cc5)cc4S(=O)(=O)O)cc3)c2c1C=Nc1c(F)c(F)c(F)c(N(c2ccccc2)c2cc(C)cc(C)c2)c1F,1,C(=Cc1ccc(N(c2ccccc2)c2ccccc2)cc1)c1ccc(Nc2ccc(N=Nc3ccc(N=Nc4csc5cccc(C=Nc6cccc(N(c7ccccc7)c7ccccc7)c6)c45)cc3)cc2)cc1,0.3115748,528.6074,0.0144951,0.0145,0.3747474,4.9075,1.0000000,1.0000,[],47
37.3211,39.3343,56.6867,0.7501644,C1=CC(=Nc2cccc(N=CNc3ccc(N=Nc4ccccc4)cc3)c2)CC1,1,C1=CC(=Nc2cccc(N=CNc3ccc(N=Nc4ccccc4)cc3)c2)CC1,0.7798006,413.7292,0.2725640,0.2726,0.5437511,3.0463,1.0000000,1.0000,[],47
34.3347,47.7604,-47.7604,0.0000000,c1c2N(c3ccc(cc3)N(c3ccc4ccccc4c3)c3ccccc3)c3c(cccc3)N(c(ccc2)c1)c1ccc(cc1)C=Cc1ccncc1,0,,0.0000000,0.0000,0.0000000,0.0000,0.0000000,0.0000,0.0000000,0.0000,None,47
38.1543,48.3071,-48.3071,0.0000000,c1c2c3c4C=Cc4cc(-c4ccc5c(c4)cccc5)c3c(c2ccc1)N(c1ccccc1)c1ccccc1,0,,0.0000000,0.0000,0.0000000,0.0000,0.0000000,0.0000,0.0000000,0.0000,None,47
42.3651,70.0646,-70.0646,0.0000000,CCCCN1c2ccc(N=Nc3ccc(N(CCOCCO)CCOC(=O)C=Cc4ccc(N(c5ccccc5)c5ccccc5)cc4)cc3)cc2Oc2ccc(N=Nc3ccc(N(c4ccccc4)c4ccccc4)cc3)cc21,1,O=C(C=Cc1ccc(N(c2ccccc2)c2ccccc2)cc1)OCCNc1ccc(N=Nc2ccc3c(c2)Oc2ccc(N=Nc4ccc(N(c5ccccc5)c5ccccc5)cc4)cc2N3)cc1,0.0000000,0.0000,0.0000000,0.0000,0.0000000,0.0000,0.0000000,0.0000,"['C(=[O,S])[O,S]']",47
53.7647,65.6621,53.0858,0.9277180,COc1ccc(NC(=O)c2ccc(N(c3ccccc3)c3ccccc3)cc2)c2sc(=O)c(C=CN3c4ccccc4Sc4ccccc43)c(O)c12,1,O=C(Nc1cccc2cc(C=CN3c4ccccc4Sc4ccccc43)c(=O)sc12)c1ccc(N(c2ccccc2)c2ccccc2)cc1,0.9925507,453.1159,0.1619052,0.1619,0.5142289,3.3254,1.0000000,1.0000,[],47
49.7238,76.0593,-76.0593,0.0000000,c1ccc2C(N(c3c(cc(cc3)-c3c4ccccc4c(n3-c3cccc(c3)-c3ccc(N(c4ccccc4)c4ccccc4)cc3)c3ccc(N(c4ccccc4)c4ccccc4)cc3)N(c2c1)CC)c1ccccc1,0,,0.0000000,0.0000,0.0000000,0.0000,0.0000000,0.0000,0.0000000,0.0000,None,47
31.4680,35.6331,11.1197,0.3652562,c1ccc(-c2nc3nc(-c4ccc5c(c4)Oc4ccccc4N5c4ccccc4)ccc3o2)cc1,1,c1ccc(-c2nc3nc(-c4ccc5c(c4)Oc4ccccc4N5c4ccccc4)ccc3o2)cc1,0.3647277,393.9752,0.2702520,0.2703,0.6147751,2.4325,1.0000000,1.0000,[],47
23.4906,39.9751,31.4047,0.5576547,C(=Cc1ccc(N(c2ccccc2)c2ccc(C=Cc3ccc(N(c4ccccc4)c4ccc(C=Cc5cccc(N(c6ccccc6)c6ccccc6)c5)cc4)cc3)cc2)cc1)c1ccncc1,1,C(=Cc1ccc(N(c2ccccc2)c2ccc(C=Cc3ccc(N(c4ccccc4)c4ccc(C=Cc5cccc(N(c6ccccc6)c6ccccc6)c5)cc4)cc3)cc2)cc1)c1ccncc1,0.5895883,403.9332,0.0956778,0.0957,0.5571607,2.9245,1.0000000,1.0000,[],47
38.8196,52.5573,-42.1087,0.0816300,O=c1c2cc3sc4cnccc4c3cc2c2ccccc2n1Cc1ccc(C=Cc2cccs2)cc1,1,O=c1c2cc3sc4cnccc4c3cc2c2ccccc2n1Cc1ccc(C=Cc2cccs2)cc1,0.0758174,372.8503,0.2283469,0.2283,0.5828798,2.6989,1.0000000,1.0000,[],47
26.8809,41.3287,73.5855,0.8977672,CCCCCCCCNc1ccc(N=Nc2ccc(N=Nc3ccc(N(c4ccccc4)c4ccccc4)cc3)cc2)cc1CCCC,1,c1ccc(N=Nc2ccc(N=Nc3ccc(N(c4ccccc4)c4ccccc4)cc3)cc2)cc1,0.9800978,477.6908,0.0767964,0.0768,0.5557468,2.9372,1.0000000,1.0000,[],47
18.7263,23.6118,-22.2845,0.0103695,c1ccc2c(c1)ccc1ncc3ccccc3c12,1,c1ccc2c(c1)ccc1ncc3ccccc3c12,0.0084543,348.2691,0.4032493,0.4032,0.6969829,1.8050,1.0000000,1.0000,[],47
16.3170,36.4328,82.4772,0.9289846,C(=Cc1cc[n+](Cc2cc[n+](CCC[n+]3ccc(N(c4ccccc4)c4ccccc4)cc3)cc2)cc1)c1ccccc1,1,C(=Cc1cc[n+](Cc2cc[n+](CCC[n+]3ccc(N(c4ccccc4)c4ccccc4)cc3)cc2)cc1)c1ccccc1,0.9947714,456.9833,0.1512454,0.1512,0.5483354,3.0043,1.0000000,1.0000,[],47
31.6301,50.6659,59.1138,0.8576539,CCCCCC[n+]1ccc(C=Cc2ccc(Nc3ccc(N4CCN(c5ccc(N=Nc6ccc(N=Nc7ccccc7)cc6)cc5)CC4)cc3)cc2)cc1,1,C(=Cc1ccc(Nc2ccc(N3CCN(c4ccc(N=Nc5ccc(N=Nc6ccccc6)cc5)cc4)CC3)cc2)cc1)c1cc[nH+]cc1,0.9400603,490.1140,0.0650650,0.0651,0.5256384,3.2157,1.0000000,1.0000,[],47
33.4193,32.1247,-32.1247,0.0000000,C1N(C)CCc2c1c1c(CC=CC=1)s2,0,,0.0000000,0.0000,0.0000000,0.0000,0.0000000,0.0000,0.0000000,0.0000,None,47
33.5226,60.9656,46.3272,0.8382254,C(=Cc1cc(-c2cccs2)nc2sc(-c3ccccc3)c(C=Cc3ccc(N(c4ccccc4)c4ccccc4)s3)c12)c1ccc(N(c2ccccc2)c2ccccc2)cc1,1,C(=Cc1cc(-c2cccs2)nc2sc(-c3ccccc3)c(C=Cc3ccc(N(c4ccccc4)c4ccccc4)s3)c12)c1ccc(N(c2ccccc2)c2ccccc2)cc1,0.9006559,423.9354,0.1221849,0.1222,0.4965550,3.5003,1.0000000,1.0000,[],47
23.2787,38.5647,77.8884,0.9097899,C(=Cc1ccc(N(c2ccccc2)c2ccc3ccccc3c2)s1)c1ccc(C=C(c2ccccc2)c2cccs2)s1,1,C(=Cc1ccc(N(c2ccccc2)c2ccc3ccccc3c2)s1)c1ccc(C=C(c2ccccc2)c2cccs2)s1,0.9695929,482.4096,0.1693705,0.1694,0.5505560,2.9841,1.0000000,1.0000,[],47
34.4469,55.2800,59.7181,0.8984221,Cc1ccc(N(c2ccc(C=Cc3ccc(N(c4ccccc4)c4ccccc4)cc3)cc2)c2ccc(C=Cc3ccc(-c4c(-c5ccc(N(c6ccccc6)c6ccccc6)s5)ccc5ccccc45)s3)s2)cc1,1,C(=Cc1ccc(N(c2ccccc2)c2ccc(C=Cc3ccc(-c4c(-c5ccc(N(c6ccccc6)c6ccccc6)s5)ccc5ccccc45)s3)s2)cc1)c1ccc(N(c2ccccc2)c2ccccc2)cc1,0.9774874,440.9422,0.0947783,0.0948,0.4771740,3.6994,1.0000000,1.0000,[],47
40.5513,42.2986,-42.1670,0.0010282,Nc1cccc(C=CC2OCC(Nc3ccccc3)C(O)C2O)c1,1,C(=CC1CCC(Nc2ccccc2)CO1)c1ccccc1,0.0007372,321.6982,0.6445490,0.6445,0.4778850,3.6919,1.0000000,1.0000,[],47
39.1151,53.7610,22.3706,0.5947778,c1ccc(-c2ccc(N3c4ccccc4C4(CCCC4)c4nc(-c5ccccc5)[n+]5ccccc5c43)cc2)cc1,1,c1ccc(-c2ccc(N3c4ccccc4C4(CCCC4)c4nc(-c5ccccc5)[n+]5ccccc5c43)cc2)cc1,0.6158780,405.1256,0.2191015,0.2191,0.5078921,3.3874,1.0000000,1.0000,[],47
34.8691,45.0617,65.2224,0.8615951,Nc1ccc2c(N)c(N)c(-c3ccc4cc(N=Nc5ccccc5)ccc4c3)nc2c1,1,c1ccc(N=Nc2ccc3cc(-c4ccc5ccccc5n4)ccc3c2)cc1,0.9038473,424.3283,0.2444718,0.2445,0.5865455,2.6675,1.0000000,1.0000,[],47
48.4881,69.1722,47.6804,0.9129111,O=C1c2cc(C=Cc3ccc([N+](=O)[O-])s3)sc2CN1c1cc(O)c2ccccc2c1N(c1ccccc1)c1ccc(Cl)cc1,1,O=C1c2cc(C=Cc3cccs3)sc2CN1c1ccc2ccccc2c1N(c1ccccc1)c1ccccc1,0.9804635,442.5146,0.1392947,0.1393,0.5158571,3.3096,1.0000000,1.0000,[],47
49.0117,68.4592,-15.0203,0.4174911,C=CCn1c2ccccc2c2c(N(c3ccc(N(c4ccccc4)c4ccc(C=Cc5ccccc5)cc4)cc3)c3ccc(N=Cc4ccc(N(c5ccccc5)c5ccc(C=Cc6ccc(N(c7ccccc7)c7ccccc7)cc6)cc5)cc4)cn3)cccc21,1,C(=Cc1ccc(N(c2ccccc2)c2ccc(N(c3ccc(N=Cc4ccc(N(c5ccccc5)c5ccc(C=Cc6ccc(N(c7ccccc7)c7ccccc7)cc6)cc5)cc4)cn3)c3cccc4[nH]c5ccccc5c34)cc2)cc1)c1ccccc1,0.4481693,397.7409,0.0432196,0.0432,0.4318585,4.1983,1.0000000,1.0000,[],47
47.3974,66.6195,48.8446,0.9020629,Cc1ccc(N2c3ccc(C=Cc4ccncc4)cc3N(c3ccc(C=Cc4ccc(Nc5ccccc5N(c5ccccc5)c5ccccc5)s4)cc3)c3ncccc32)cc1,1,C(=Cc1ccc2c(c1)N(c1ccc(C=Cc3ccc(Nc4ccccc4N(c4ccccc4)c4ccccc4)s3)cc1)c1ncccc1N2c1ccccc1)c1ccncc1,0.9690255,437.3833,0.1402726,0.1403,0.4902991,3.5637,1.0000000,1.0000,[],47
41.3543,46.1376,-46.1376,0.0000000,c12nc3ccccc3c(n1ccc2)=NCCNc1nc(nc(n1)N1CCOCC1)N1CCCCC1,0,,0.0000000,0.0000,0.0000000,0.0000,0.0000000,0.0000,0.0000000,0.0000,None,47
50.5333,79.3081,34.5476,0.8894982,CCc1c(N=Nc2ccc(N(c3ccccc3)c3ccc(C=Cc4cc(N(c5ccccc5)c5ccccc5)ccc4-c4ccccc4)cc3)c(C)c2)c(C)c2ccc3ccccc3c2c1C,1,C(=Cc1cc(N(c2ccccc2)c2ccccc2)ccc1-c1ccccc1)c1ccc(N(c2ccccc2)c2ccc(N=Nc3ccc4c(ccc5ccccc54)c3)cc2)cc1,0.9764652,440.4487,0.0695940,0.0696,0.4838364,3.6300,1.0000000,1.0000,[],47
28.1532,39.8217,-32.5470,0.0568341,c1ccc(-c2cc3ccccc3cc2Nc2c(N(c3ccccc3)c3ccccc3)cccc2N(c2ccccc2)c2ccccc2)cc1,1,c1ccc(-c2cc3ccccc3cc2Nc2c(N(c3ccccc3)c3ccccc3)cccc2N(c2ccccc2)c2ccccc2)cc1,0.0522162,368.5274,0.1713573,0.1714,0.6079212,2.4885,1.0000000,1.0000,[],47
27.9522,49.2873,68.0564,0.9167471,CCOc1ccc(N(c2ccc(N(c3ccccc3)c3ccccc3)cc2)c2ccc(N(c3ccc(N=Nc4ccccc4)cc3)c3ccc(-c4ccccc4)cc3)cc2)cc1,1,c1ccc(N=Nc2ccc(N(c3ccc(-c4ccccc4)cc3)c3ccc(N(c4ccccc4)c4ccc(N(c5ccccc5)c5ccccc5)cc4)cc3)cc2)cc1,0.9920060,452.3438,0.1027286,0.1027,0.5761180,2.7572,1.0000000,1.0000,[],47
28.9402,41.5070,79.2277,0.9432396,CCCCN(CC)c1cc2c(cc1N=Nc1ccc(N(C)CCO)cc1)OCO2,1,c1ccc(N=Nc2ccc3c(c2)OCO3)cc1,0.9683727,482.8505,0.5774111,0.5774,0.5647444,2.8569,1.0000000,1.0000,[],47
14.7517,29.8979,81.0097,0.8664664,C(=Cc1cc[n+](CC[n+]2ccccc2)cc1)c1ccc(N(c2ccccc2)c2ccccc2)cc1,1,C(=Cc1cc[n+](CC[n+]2ccccc2)cc1)c1ccc(N(c2ccccc2)c2ccccc2)cc1,0.9096330,494.9286,0.2398659,0.2399,0.5908653,2.6308,1.0000000,1.0000,[],47
43.4969,65.7106,-65.7106,0.0000000,C1C(CCC(c2ccc3c(c(C=Cc4ccccc4)ccn3)c2)C1)Nc1ccc(cc1)C=Cc1ccc(N=c2ccc(cc2)Nc2ccccc2)cc1,0,,0.0000000,0.0000,0.0000000,0.0000,0.0000000,0.0000,0.0000000,0.0000,None,47
23.7488,28.8751,38.6788,0.5277651,C(=Cc1ccc(N(c2ccc(C=C(c3ccccc3)c3ccccc3)cc2)c2ccc(-c3ccccc3)cc2)cc1)c1ccc(N(c2ccccc2)c2ccccc2)cc1,1,C(=Cc1ccc(N(c2ccc(C=C(c3ccccc3)c3ccccc3)cc2)c2ccc(-c3ccccc3)cc2)cc1)c1ccc(N(c2ccccc2)c2ccccc2)cc1,0.5523750,402.2830,0.1142414,0.1142,0.6014308,2.5422,1.0000000,1.0000,[],47
21.0844,27.7186,95.0973,0.9594991,C[n+]1ccc(C=Cc2ccc(S(=O)(=O)Cl)cc2)cc1,1,C(=Cc1cc[nH+]cc1)c1ccccc1,0.9810592,442.8574,0.6445461,0.6445,0.6064928,2.5003,1.0000000,1.0000,[],47
44.5212,67.8291,-1.0995,0.5213250,CCCN(c1ccccc1)c1ccc(N=Nc2sc(C=Cc3c(Nc4ccccc4)csc3N3CCCC3)cc2OC)cc1,1,C(=Cc1c(Nc2ccccc2)csc1N1CCCC1)c1ccc(N=Nc2ccc(Nc3ccccc3)cc2)s1,0.5434877,518.1066,0.1411798,0.1412,0.5119852,3.3473,1.0000000,1.0000,[],47
34.4756,44.4751,-19.2021,0.1974455,Brc1ccccc1C=Nc1ccc(N=Cc2ccc(N=Cc3ccc(N=Cc4ccc5ccccc5n4)cc3)cc2)cc1,1,C(=Nc1ccc(C=Nc2ccc(N=Cc3ccccc3)cc2)cc1)c1ccc(N=Cc2ccc3ccccc3n2)cc1,0.1946612,384.5825,0.1562934,0.1563,0.5504039,2.9855,1.0000000,1.0000,[],47
61.1381,72.4429,-72.4429,0.0000000,C#Cc1ccc(NC(=O)c2ccccc2Nc2ccc(NN=Cc3ccc(Nc4ccc(Nc5ccccc5)c(-c5nonc5-c5ccccc5)c4)cc3)cc2)cc1,1,O=C(Nc1ccccc1)c1ccccc1Nc1ccc(NN=Cc2ccc(Nc3ccc(Nc4ccccc4)c(-c4nonc4-c4ccccc4)c3)cc2)cc1,0.0000000,0.0000,0.0000000,0.0000,0.0000000,0.0000,0.0000000,0.0000,"['[#7;!n][#7;!n]', 'C#C']",47
61.9305,83.7107,-83.7107,0.0000000,[C-]#[N+]c1cccc(C=Cc2ccc(C=Cc3ccc(N(c4ccc(OCCCC)cc4)c4ccc(OC(=O)c5ccc(N(c6ccc(C=Cc7ccc(C=Cc8cc9ccccc9sc8=O)s7)cc6)c6ccc(OC)cc6)cc5)cc4)cc3)cc2)c1,1,O=C(Oc1ccc(N(c2ccccc2)c2ccc(C=Cc3ccc(C=Cc4ccccc4)cc3)cc2)cc1)c1ccc(N(c2ccccc2)c2ccc(C=Cc3ccc(C=Cc4cc5ccccc5sc4=O)s3)cc2)cc1,0.0000000,0.0000,0.0000000,0.0000,0.0000000,0.0000,0.0000000,0.0000,"['C(=[O,S])[O,S]']",47
19.9989,34.4734,84.8812,0.9324574,C(=Cc1ccc(N=Nc2ccc(N(c3ccccc3)c3ccccc3)cc2)c2ccccc12)c1ccccc1,1,C(=Cc1ccc(N=Nc2ccc(N(c3ccccc3)c3ccccc3)cc2)c2ccccc12)c1ccccc1,0.9950657,457.6157,0.1578607,0.1579,0.6110563,2.4628,1.0000000,1.0000,[],47
47.9928,53.8844,37.0482,0.7104109,CNc1cc(NCCOc2ccc(N)cc2)ccc1C(=O)CCCCCCN1C(=O)c2cccc(N)c2C1=O,1,O=C(CCCCCCN1C(=O)c2ccccc2C1=O)c1ccc(NCCOc2ccccc2)cc1,0.7586529,412.4350,0.1009241,0.1009,0.5853844,2.6774,1.0000000,1.0000,[],47
29.7180,36.0191,-35.6573,0.0028262,O=c1c2ccccc2c2ccccc2n1-c1ccc(-c2sc3ccccc3c2-c2ccccc2)cc1,1,O=c1c2ccccc2c2ccccc2n1-c1ccc(-c2sc3ccccc3c2-c2ccccc2)cc1,0.0021935,333.5524,0.2323538,0.2324,0.6408283,2.2250,1.0000000,1.0000,[],47
37.3362,65.8657,-65.8657,0.0000000,c1cc2-c(c(cc2C=Cc2cc[n+](cc2)Cc2ccc(cc2)C=Cc2ccc(N(c3cc4ccccc4cc3)c3ccccc3)cc2)C=Cc2ccccc2)cc1O,0,,0.0000000,0.0000,0.0000000,0.0000,0.0000000,0.0000,0.0000000,0.0000,None,47
56.3962,68.3683,49.5066,0.9208977,O=C(Nc1cccc(C2=C[N+]=CC=C2CNCc2ccno2)c1)c1cccc(N=Nc2ccccc2)c1,1,O=C(Nc1cccc(C2=C[N+]=CC=C2CNCc2ccno2)c1)c1cccc(N=Nc2ccccc2)c1,0.9673513,436.7929,0.2896025,0.2896,0.5042166,3.4237,1.0000000,1.0000,[],47
26.2509,39.6525,72.6033,0.8769979,O=C1c2cc(Nc3ccccc3)ccc2C(=O)c2c1cccc2N(c1ccccc1)c1ccc(N(c2ccccc2)c2ccccc2)cc1,1,O=C1c2cc(Nc3ccccc3)ccc2C(=O)c2c1cccc2N(c1ccccc1)c1ccc(N(c2ccccc2)c2ccccc2)cc1,0.9294341,492.0094,0.1804244,0.1804,0.5958016,2.5892,1.0000000,1.0000,[],47
30.3646,41.3957,-41.1866,0.0016333,N#Cc1c(NCc2ccccc2)[nH]c(-c2cccc(N)c2N)c1-c1ccccc1,1,c1ccc(CNc2cc(-c3ccccc3)c(-c3ccccc3)[nH]2)cc1,0.0012159,327.1360,0.3664294,0.3664,0.5947263,2.5983,1.0000000,1.0000,[],47
31.9061,43.8443,38.1786,0.6408044,CCCCCCCOc1ccc(N(c2ccccc2)c2ccc(N=Nc3c(C#N)c4ccccc4n3CCCCCCC)cc2)cc1,1,c1ccc(N(c2ccccc2)c2ccc(N=Nc3cc4ccccc4[nH]3)cc2)cc1,0.6887091,511.3783,0.0718466,0.0718,0.5558571,2.9362,1.0000000,1.0000,[],47
57.3876,74.4948,-74.4948,0.0000000,C(F)(c1ccc(cc1)N1C(=Cc2sc(-c3c4ccccc4c4ccccc4[nH]3)cc2)(c2sc(cc2)N(c2ccccc2)c2ccccc2)CC1)(F)F,0,,0.0000000,0.0000,0.0000000,0.0000,0.0000000,0.0000,0.0000000,0.0000,None,47
36.5620,61.2933,52.4970,0.8889866,COc1ccc(N(c2ccccc2)c2ccc(C=Cc3ccc(Oc4ccc(N(c5ccc(-c6ccc(N(c7ccccc7)c7ccccc7)cc6)cc5)c5cc(C#N)cc(N=Nc6ccc(N(c7ccccc7)c7ccccc7)cc6)c5)cc4)cc3)cc2)cc1,1,C(=Cc1ccc(N(c2ccccc2)c2ccccc2)cc1)c1ccc(Oc2ccc(N(c3ccc(-c4ccc(N(c5ccccc5)c5ccccc5)cc4)cc3)c3cccc(N=Nc4ccc(N(c5ccccc5)c5ccccc5)cc4)c3)cc2)cc1,0.9840599,444.7633,0.0555497,0.0555,0.4562622,3.9234,1.0000000,1.0000,[],47
32.4116,47.8684,28.6623,0.5978960,C(=Cc1ccc(-c2ccc(N(c3ccc(N(c4ccccc4)c4ccccc4)cc3)c3cccc4c3sc3ccc5ccccc5c34)cc2)s1)c1ccccc1,1,C(=Cc1ccc(-c2ccc(N(c3ccc(N(c4ccccc4)c4ccccc4)cc3)c3cccc4c3sc3ccc5ccccc5c34)cc2)s1)c1ccccc1,0.6266451,405.6225,0.1448562,0.1449,0.5386993,3.0930,1.0000000,1.0000,[],47
26.8773,43.0767,37.1235,0.6265638,COc1ccc(N(c2ccc(C=Cc3ccc(N(c4ccccc4)c4ccccc4)cc3)cc2)c2ccc(-c3ccc4ccc(N(c5ccc(OC)cc5)c5ccc(OC)cc5)cc4c3)cc2)cc1,1,C(=Cc1ccc(N(c2ccccc2)c2ccc(-c3ccc4ccc(N(c5ccccc5)c5ccccc5)cc4c3)cc2)cc1)c1ccc(N(c2ccccc2)c2ccccc2)cc1,0.6666631,407.5256,0.0954649,0.0955,0.5532801,2.9595,1.0000000,1.0000,[],47
25.0855,38.6071,79.0382,0.9191038,c1ccc(N(c2ccccc2)c2ccc(-c3ccc4cc5cc(-c6ccc(N(c7ccccc7)c7ccccc7)s6)sc5cc4c3)cc2)cc1,1,c1ccc(N(c2ccccc2)c2ccc(-c3ccc4cc5cc(-c6ccc(N(c7ccccc7)c7ccccc7)s6)sc5cc4c3)cc2)cc1,0.9813986,443.0575,0.1580323,0.1580,0.5720742,2.7924,1.0000000,1.0000,[],47
41.7613,50.9139,-50.4971,0.0032563,COc1ccc(N(c2ccc(-c3ccc(-c4ccc5c(c4)c(-c4ccccc4)c(-c4ccccc4)n5C)cc3)cc2)c2ccc(Cl)c(Cl)c2)cc1,1,c1ccc(-c2[nH]c3ccc(-c4ccc(-c5ccc(N(c6ccccc6)c6ccccc6)cc5)cc4)cc3c2-c2ccccc2)cc1,0.0025830,335.3313,0.1569168,0.1569,0.5844963,2.6850,1.0000000,1.0000,[],48
38.3357,58.8284,59.7998,0.9267831,Fc1cccc(N2c3ccccc3Cc3cc(N4c5ccccc5C(=Cc5ccc(C=Cc6ccc(N(c7ccccc7)c7ccccc7)cc6)s5)c5ccccc54)ccc32)c1,1,C(=Cc1ccc(C=C2c3ccccc3N(c3ccc4c(c3)Cc3ccccc3N4c3ccccc3)c3ccccc32)s1)c1ccc(N(c2ccccc2)c2ccccc2)cc1,0.9939609,464.5900,0.1512266,0.1512,0.5063147,3.4030,1.0000000,1.0000,[],48
27.9418,48.2272,-26.4535,0.1701070,N#Cc1ccc(Nc2cccc(NC(=O)c3ccc(N=Cc4ccc(N(c5ccccc5)c5ccccc5)cc4)cc3)c2N)cc1,1,O=C(Nc1cccc(Nc2ccccc2)c1)c1ccc(N=Cc2ccc(N(c3ccccc3)c3ccccc3)cc2)cc1,0.1678934,382.6214,0.1135478,0.1135,0.5810913,2.7142,1.0000000,1.0000,[],48
32.6890,39.1895,-39.1895,0.0000000,c12ccc(cc2oc2=CCCCc2c1=O)C=Nc1ccccc1O,0,,0.0000000,0.0000,0.0000000,0.0000,0.0000000,0.0000,0.0000000,0.0000,None,48
36.5085,56.5976,-36.8011,0.1546602,N#CCCN(c1ccc(NCc2ccc(C=Cc3ccc(N(c4ccccc4)c4ccc5ccccc5c4)cc3)cc2)cc1)c1ccccc1C#N,1,C(=Cc1ccc(N(c2ccccc2)c2ccc3ccccc3c2)cc1)c1ccc(CNc2ccc(Nc3ccccc3)cc2)cc1,0.1513853,381.2843,0.1309760,0.1310,0.5484826,3.0030,1.0000000,1.0000,[],48
33.2008,48.0428,-46.1899,0.0144759,C[n+]1c(C=Cc2nc(N(c3ccccc3)c3ccccc3)sc2-c2ccc(N(c3ccccc3)c3ccccc3)cc2)sc2ccc(N(c3ccccc3)c3ccccc3)cc21,1,C(=Cc1nc(N(c2ccccc2)c2ccccc2)sc1-c1ccc(N(c2ccccc2)c2ccccc2)cc1)c1[nH+]c2cc(N(c3ccccc3)c3ccccc3)ccc2s1,0.0125800,567.3705,0.1145575,0.1146,0.5116598,3.3505,1.0000000,1.0000,[],48
47.2320,68.7234,45.8835,0.8953670,CCN(CCN(Cc1ccccc1)c1ccccc1)c1ccc(N=Nc2ccc(NCC(C)C)c(-c3nc(C#N)c(-c4ccccc4)s3)c2C#N)cc1,1,c1ccc(CN(CCNc2ccc(N=Nc3cccc(-c4ncc(-c5ccccc5)s4)c3)cc2)c2ccccc2)cc1,0.9693465,482.5000,0.1061991,0.1062,0.5048007,3.4180,1.0000000,1.0000,[],48
29.2770,33.4372,61.3550,0.7405641,CCCNc1nc(N)cnc(=O)c1N,1,O=c1ccnccn1,0.7492278,411.8834,0.6173995,0.6174,0.5599199,2.8998,1.0000000,1.0000,[],48
42.1746,54.0807,59.5891,0.8880452,N=c1oc2ccc3c(N4CCCC4)cccc3c2cc1C=Nc1ccc([N+](=O)[O-])cc1Nc1ccccc1,1,N=c1oc2ccc3c(N4CCCC4)cccc3c2cc1C=Nc1ccccc1Nc1ccccc1,0.9573330,486.2257,0.1115141,0.1115,0.5626860,2.8752,1.0000000,1.0000,[],48
27.8812,30.4840,-30.4446,0.0003074,OC1Nc2ccccc2C(c2ccccc2)(c2ccccc2)N1c1ccccc1,1,c1ccc(N2CNc3ccccc3C2(c2ccccc2)c2ccccc2)cc1,0.0002076,307.9349,0.5151627,0.5152,0.5596813,2.9019,1.0000000,1.0000,[],48
42.7982,59.3865,55.7235,0.8992966,CN(C)c1ccc(N=Nc2ccc(-c3nc4ccc(SCCOc5ccc(-c6ccc(N(c7ccccc7)c7ccccc7)cc6)cc5N(c5ccccc5)c5ccccc5)cc4s3)cc2)cc1,1,c1ccc(N=Nc2ccc(-c3nc4ccc(SCCOc5ccc(-c6ccc(N(c7ccccc7)c7ccccc7)cc6)cc5N(c5ccccc5)c5ccccc5)cc4s3)cc2)cc1,0.9948755,457.2030,0.0546701,0.0547,0.4948897,3.5171,1.0000000,1.0000,[],48
22.2700,40.7748,75.0448,0.9048407,C(=Cc1cc[n+](Cc2ccc(N(c3ccccc3)c3ccccc3)cc2)cc1)c1ccc(N(c2ccccc2)c2ccc(-[n+]3ccc(-c4ccccc4)cc3)cc2)cc1,1,C(=Cc1cc[n+](Cc2ccc(N(c3ccccc3)c3ccccc3)cc2)cc1)c1ccc(N(c2ccccc2)c2ccc(-[n+]3ccc(-c4ccccc4)cc3)cc2)cc1,0.9762331,479.6605,0.1151680,0.1152,0.5405277,3.0760,1.0000000,1.0000,[],48
29.5407,47.4428,68.0804,0.9025253,C(=Cc1sc2c(N(c3ccccc3)c3ccccc3)c(-c3cccs3)sc2c1-c1cccs1)c1ccc(N(c2ccccc2)c2ccccc2)s1,1,C(=Cc1sc2c(N(c3ccccc3)c3ccccc3)c(-c3cccs3)sc2c1-c1cccs1)c1ccc(N(c2ccccc2)c2ccccc2)s1,0.9695234,482.4352,0.1374833,0.1375,0.5059132,3.4070,1.0000000,1.0000,[],48
26.0000,38.7950,82.6242,0.9485876,C(=Cc1cccc2ccoc12)c1cc[n+](CCCC[n+]2ccccc2)cc1,1,C(=Cc1cccc2ccoc12)c1cc[n+](CCCC[n+]2ccccc2)cc1,0.9904399,450.3841,0.3484640,0.3485,0.5480238,3.0072,1.0000000,1.0000,[],48
21.9060,24.6424,-24.3947,0.0019352,COc1cccc2ccnc(N)c12,1,c1ccc2cnccc2c1,0.0014193,328.8171,0.7169820,0.7170,0.6754634,1.9618,1.0000000,1.0000,[],48
31.8202,46.3547,52.1448,0.7695272,C(=Cc1ccc(N(c2ccccc2)c2ccccc2)cc1C=C1CCc2cc(N(c3ccccc3)c3cccs3)ccc21)c1ccc(N(c2ccccc2)c2ccccc2)cc1,1,C(=Cc1ccc(N(c2ccccc2)c2ccccc2)cc1C=C1CCc2cc(N(c3ccccc3)c3cccs3)ccc21)c1ccc(N(c2ccccc2)c2ccccc2)cc1,0.8243496,416.7866,0.1137677,0.1138,0.5150809,3.3172,1.0000000,1.0000,[],48
52.1942,67.5517,-65.5712,0.0154730,COc1ccc(-c2cc(N)c3ncn(CCCCCCCCC(=C(c4ccccc4)c4ccccc4)c4cccc[n+]4-c4ccccc4)c3n2)cc1,1,c1ccc(C(=C(CCCCCCCCn2cnc3ccc(-c4ccccc4)nc32)c2cccc[n+]2-c2ccccc2)c2ccccc2)cc1,0.0136074,353.4931,0.0862099,0.0862,0.5261061,3.2113,1.0000000,1.0000,[],48
23.5659,42.3456,40.2502,0.6452795,C(=Cc1cc[n+](Cc2ccccc2)cc1)CCC=C(c1ccc(N(c2ccccc2)c2ccccc2)cc1)c1ccc(N(c2ccccc2)c2ccccc2)cc1,1,C(=Cc1cc[n+](Cc2ccccc2)cc1)CCC=C(c1ccc(N(c2ccccc2)c2ccccc2)cc1)c1ccc(N(c2ccccc2)c2ccccc2)cc1,0.6911576,408.7460,0.0812751,0.0813,0.5527713,2.9641,1.0000000,1.0000,[],48
36.4134,58.4743,33.4717,0.7183283,C(=Cc1ccnc(Nc2ccccc2)c1)c1ccc(N(c2ccccc2)c2ccc(C=c3ccc(=C(c4ccccc4)c4ccccn4)cc3)cc2)cc1,1,C(=Cc1ccnc(Nc2ccccc2)c1)c1ccc(N(c2ccccc2)c2ccc(C=c3ccc(=C(c4ccccc4)c4ccccn4)cc3)cc2)cc1,0.7590500,507.5414,0.1547190,0.1547,0.5235869,3.2353,1.0000000,1.0000,[],48
31.7907,46.7697,1.4914,0.3770398,Nc1ccc(N)c(C=Cc2cc[n+](Cc3ccc(NCCCCNc4ccccc4)cc3)cc2)c1,1,C(=Cc1cc[n+](Cc2ccc(NCCCCNc3ccccc3)cc2)cc1)c1ccccc1,0.3862566,525.0278,0.1311407,0.1311,0.5836449,2.6923,1.0000000,1.0000,[],48
27.4633,41.9696,78.4445,0.9407346,COc1cccc(N=Nc2c(O)c(C=Nc3ccc(N(C)CCO)cc3)cc3ccccc23)c1,1,C(=Nc1ccccc1)c1cc(N=Nc2ccccc2)c2ccccc2c1,0.9919825,467.6883,0.2468244,0.2468,0.5634201,2.8686,1.0000000,1.0000,[],48
48.1455,65.8823,35.7656,0.7941240,C=CCn1cnc(-c2ccc(C=Cc3ccc(N(c4ccccc4)c4ccc(CCc5ccc(N(c6ccccc6)c6ccccc6)cc5)cc4)cc3)s2)c1N1CCCC1,1,C(=Cc1ccc(-c2nc[nH]c2N2CCCC2)s1)c1ccc(N(c2ccccc2)c2ccc(CCc3ccc(N(c4ccccc4)c4ccccc4)cc3)cc2)cc1,0.8567719,419.4209,0.0965602,0.0966,0.5082996,3.3834,1.0000000,1.0000,[],48
37.2447,52.3517,66.0533,0.9250393,S=c1[nH]nc2n1CCC(c1ccc(-c3ccc(C=Cc4ccc(N(c5ccccc5)c5ccccc5)cc4)s3)s1)=C2,1,S=c1[nH]nc2n1CCC(c1ccc(-c3ccc(C=Cc4ccc(N(c5ccccc5)c5ccccc5)cc4)s3)s1)=C2,0.9842022,444.8622,0.1891245,0.1891,0.5264802,3.2077,1.0000000,1.0000,[],48
58.9103,75.8117,-75.8117,0.0000000,C#CCCC[n+]1cccc(C=Cc2cc[n+](O)cc2)c1NCC=Cc1cc[n+](Cc2ccc(Nc3ccc(-c4cc[n+](Cc5ccccn5)cc4)cc3)cc2)cc1,1,C(=Cc1cc[n+](Cc2ccc(Nc3ccc(-c4cc[n+](Cc5ccccn5)cc4)cc3)cc2)cc1)CNc1[nH+]cccc1C=Cc1cc[nH+]cc1,0.0000000,0.0000,0.0000000,0.0000,0.0000000,0.0000,0.0000000,0.0000,['C#C'],48
23.5513,32.4454,-10.6032,0.1706421,c1ccc(-c2ccc(N(c3ccccc3)c3ccc(-c4ccc(N(c5ccccc5)c5ccc6sc7c(N(c8ccccc8)c8ccccc8)cccc7c6c5)cc4)cc3)cc2)cc1,1,c1ccc(-c2ccc(N(c3ccccc3)c3ccc(-c4ccc(N(c5ccccc5)c5ccc6sc7c(N(c8ccccc8)c8ccccc8)cccc7c6c5)cc4)cc3)cc2)cc1,0.1678746,382.6199,0.1284812,0.1285,0.5678883,2.8292,1.0000000,1.0000,[],48
25.9439,39.1814,79.3915,0.9263506,C(=Cc1cccc2cccnc12)c1cc[n+](CCCCCC[n+]2ccc(-c3ccccc3)cc2)cc1,1,C(=Cc1cccc2cccnc12)c1cc[n+](CCCCCC[n+]2ccc(-c3ccccc3)cc2)cc1,0.9892715,470.8806,0.1601244,0.1601,0.5683242,2.8253,1.0000000,1.0000,[],48
25.7997,46.4428,71.9652,0.9250625,c1ccc(Nc2cc(N3CCOCC3)ccc2N=Nc2ccc(N(c3ccccc3)c3ccc(N(c4ccccc4)c4ccccc4)cc3)cc2)cc1,1,c1ccc(Nc2cc(N3CCOCC3)ccc2N=Nc2ccc(N(c3ccccc3)c3ccc(N(c4ccccc4)c4ccccc4)cc3)cc2)cc1,0.9929602,453.7343,0.1367856,0.1368,0.5626388,2.8756,1.0000000,1.0000,[],48
15.2979,30.3363,71.6556,0.7968114,C[n+]1ccc(C=C[n+]2ccc(C=Cc3ccc(N(c4ccccc4)c4ccccc4)cc3)cc2)cc1,1,C(=C[n+]1ccc(C=Cc2ccc(N(c3ccccc3)c3ccccc3)cc2)cc1)c1cc[nH+]cc1,0.8345993,502.4265,0.2330645,0.2331,0.5576467,2.9201,1.0000000,1.0000,[],48
21.7849,36.2015,29.3173,0.5118656,COc1ccc(N(c2ccc(C=Cc3ccc(N(c4ccc(N(c5ccccc5)c5ccccc5)cc4)c4ccc5ccccc5c4)cc3)cc2)c2ccc(OC)cc2)cc1,1,C(=Cc1ccc(N(c2ccc(N(c3ccccc3)c3ccccc3)cc2)c2ccc3ccccc3c2)cc1)c1ccc(N(c2ccccc2)c2ccccc2)cc1,0.5360718,401.5693,0.1084795,0.1085,0.5843651,2.6861,1.0000000,1.0000,[],48
24.4272,46.2052,64.2789,0.8631565,c1ccc(CNc2ccccc2-c2cc(=Nc3ccc(N(c4ccccc4)c4ccccc4)cc3)c3cc(N(c4ccccc4)c4ccccc4)ccc3o2)cc1,1,c1ccc(CNc2ccccc2-c2cc(=Nc3ccc(N(c4ccccc4)c4ccccc4)cc3)c3cc(N(c4ccccc4)c4ccccc4)ccc3o2)cc1,0.9220482,426.8232,0.1435856,0.1436,0.5533685,2.9587,1.0000000,1.0000,[],48
25.0158,38.9416,43.9375,0.6474930,Cc1ccc(N(c2ccccc2)c2ccc(C=Cc3ccc(N(c4ccc(C=Cc5ccc(Sc6ccccc6)cc5)cc4)c4ccc(N(c5ccccc5)c5ccccc5)cc4)cc3)cc2)cc1,1,C(=Cc1ccc(N(c2ccc(C=Cc3ccc(N(c4ccccc4)c4ccccc4)cc3)cc2)c2ccc(N(c3ccccc3)c3ccccc3)cc2)cc1)c1ccc(Sc2ccccc2)cc1,0.6899822,408.6863,0.0948016,0.0948,0.5645897,2.8583,1.0000000,1.0000,[],48
34.8136,57.2329,58.5338,0.9044270,CCc1cc(N=Nc2ccc(N(CC)C3CCN(c4cccc5ccc(N(c6ccccc6)c6ccccc6)cc45)CC3)cc2)ccc1N=Nc1ccccc1,1,c1ccc(N=Nc2ccc(N=Nc3ccc(NC4CCN(c5cccc6ccc(N(c7ccccc7)c7ccccc7)cc56)CC4)cc3)cc2)cc1,0.9762533,479.6510,0.1174924,0.1175,0.5122024,3.3452,1.0000000,1.0000,[],48
31.1317,52.3078,64.1421,0.9097650,c1ccc(CNc2ccccc2NCCNc2ccc3c(N(c4ccccc4)c4ccccc4)c4ccc(N(c5ccccc5)c5ccccc5)cc4nc3c2)cc1,1,c1ccc(CNc2ccccc2NCCNc2ccc3c(N(c4ccccc4)c4ccccc4)c4ccc(N(c5ccccc5)c5ccccc5)cc4nc3c2)cc1,0.9940653,455.6005,0.0759595,0.0760,0.5602444,2.8969,1.0000000,1.0000,[],48
24.9880,49.5818,50.6931,0.7833978,CCCC[n+]1ccc(C=Cc2ccc(N(c3ccc(C=Cc4cc[n+](CCCC)cc4)cc3)c3ccc(N(c4ccccc4)c4ccc(CCC)cc4)cc3)cc2)cc1,1,C(=Cc1ccc(N(c2ccc(C=Cc3cc[nH+]cc3)cc2)c2ccc(N(c3ccccc3)c3ccccc3)cc2)cc1)c1cc[nH+]cc1,0.8487366,501.2740,0.0806382,0.0806,0.5279465,3.1938,1.0000000,1.0000,[],48
28.4902,38.7280,46.9761,0.6695634,C(=Cc1ccc(C=Cc2ccc(N(c3ccc(C=Cc4ccccc4)cc3)c3ccc(C=Cc4ccc(N(c5ccccc5)c5ccccc5)cc4)cc3)cc2)cc1)c1ccccc1,1,C(=Cc1ccc(C=Cc2ccc(N(c3ccc(C=Cc4ccccc4)cc3)c3ccc(C=Cc4ccc(N(c5ccccc5)c5ccccc5)cc4)cc3)cc2)cc1)c1ccccc1,0.7120356,409.8291,0.1008559,0.1009,0.6168833,2.4154,1.0000000,1.0000,[],48
24.3008,45.3107,72.6714,0.9217353,COc1ccc(N(c2ccccc2)c2ccc(C=Cc3ccc(-c4ccc(N=Nc5ccccc5)cc4Cl)s3)cc2)cc1,1,C(=Cc1ccc(-c2ccc(N=Nc3ccccc3)cc2)s1)c1ccc(N(c2ccccc2)c2ccccc2)cc1,0.9847783,445.2719,0.1553953,0.1554,0.5748797,2.7680,1.0000000,1.0000,[],48
24.9005,34.2705,86.3202,0.9421145,Fc1ccccc1C=Cc1cc[n+](CCCC[n+]2cc[nH]c2)cc1,1,C(=Cc1cc[n+](CCCC[n+]2cc[nH]c2)cc1)c1ccccc1,0.9714383,438.2908,0.5089965,0.5090,0.5532091,2.9601,1.0000000,1.0000,[],48
45.7219,61.4943,3.6062,0.5085981,C=CCn1c2ccccc2c2ccc(C=CS(=O)(=S)c3ccc(N(C)CCO)cc3C#N)cc21,1,O=S(=S)(C=Cc1ccc2c(c1)[nH]c1ccccc12)c1ccccc1,0.5148758,400.6462,0.3520884,0.3521,0.4930519,3.5357,1.0000000,1.0000,[],48
32.7091,39.7920,-37.4640,0.0181877,c1ccc(-c2nc(-c3ccc(-c4ccc(-c5nnc(-c6ccccc6)o5)cc4)cc3)nc(-c3ccc(-n4c5ccccc5c5c6ccccc6ccc54)cc3)n2)cc1,1,c1ccc(-c2nc(-c3ccc(-c4ccc(-c5nnc(-c6ccccc6)o5)cc4)cc3)nc(-c3ccc(-n4c5ccccc5c5c6ccccc6ccc54)cc3)n2)cc1,0.0157859,355.1295,0.1615573,0.1616,0.5735877,2.7792,1.0000000,1.0000,[],48
29.3510,54.8553,59.9426,0.8968591,C=CCn1c(N=Cc2ccc(N(c3ccccc3)c3ccccc3)cc2)c(C#N)c(C=Cc2ccc(N(c3ccccc3)c3ccccc3)cc2)c1-c1ccncc1,1,C(=Cc1cc(N=Cc2ccc(N(c3ccccc3)c3ccccc3)cc2)[nH]c1-c1ccncc1)c1ccc(N(c2ccccc2)c2ccccc2)cc1,0.9769896,440.6991,0.0869993,0.0870,0.5095244,3.3714,1.0000000,1.0000,[],48
37.4092,61.5908,-61.5908,0.0000000,c1ccc2c(N=C(c3ccccc3N=c3ccc(cc3)C=Cc3ccc(N4c5ccccc5N(c5ccccc5)c5ccccc45)cc3)c3ccccc3N2c2ccccc2)c1,0,,0.0000000,0.0000,0.0000000,0.0000,0.0000000,0.0000,0.0000000,0.0000,None,48
27.9444,36.8653,79.9385,0.9125299,O=C(CCCc1ccccc1)Nc1ccc(N=Nc2ccc(N(O)c3ccccc3)cc2)cc1,1,O=C(CCCc1ccccc1)Nc1ccc(N=Nc2ccc(Nc3ccccc3)cc2)cc1,0.9649271,435.9881,0.2036244,0.2036,0.6104106,2.4681,1.0000000,1.0000,[],48
64.9192,84.0823,-84.0823,0.0000000,O1C(C2=CC3=CN(Cc4ccc(cc4)NC(c4ccc(N(CC=C)CCO)cc4)=S)C=Nc4ccccc43)c3c(cccc3)N(c3ccccc3)C2=O,0,,0.0000000,0.0000,0.0000000,0.0000,0.0000000,0.0000,0.0000000,0.0000,None,48
44.6756,51.6284,-51.6284,0.0000000,c1c2c([nH]c3c2cc2c(c(c(=O)c(c2)C=O)C=Cc2cccc[n+]2C)c3)cc(c1)C,0,,0.0000000,0.0000,0.0000000,0.0000,0.0000000,0.0000,0.0000000,0.0000,None,48
28.5788,35.5354,-16.9116,0.1454979,N#CC1=C(c2ccccc2)c2c(-c3ccccc3)nc3ccccc3c2CC1=O,1,O=C1C=C(c2ccccc2)c2c(-c3ccccc3)nc3ccccc3c2C1,0.1359878,379.9245,0.4763614,0.4764,0.6091079,2.4788,1.0000000,1.0000,[],48
24.2757,36.4025,3.1938,0.3093465,COc1ccc(N(c2ccc(C=Cc3ccc(-c4ccc(C=C(C#N)C#N)s4)s3)cc2)c2ccc(OC)cc2)cc1,1,C(=Cc1ccc(-c2cccs2)s1)c1ccc(N(c2ccccc2)c2ccccc2)cc1,0.3117002,528.6010,0.1647971,0.1648,0.5550432,2.9435,1.0000000,1.0000,[],48
38.4218,45.8946,75.4149,0.9477304,Cc1cc(-n2ccc3ccccc32)cc(C)c1C=c1sc2ccccc2c1=C(C#N)C#N,1,C=c1c(=Cc2ccc(-n3ccc4ccccc43)cc2)sc2ccccc12,0.9876536,447.5766,0.3726146,0.3726,0.5415394,3.0667,1.0000000,1.0000,[],48
47.1499,72.6002,-47.1187,0.1990746,CCc1c(C=Cc2cc[n+](N)cc2)sc(=Nc2ccc(N)c(-c3ccc(N(C)CC)nn3)c2)n1CC,1,C(=Cc1c[nH]c(=Nc2cccc(-c3cccnn3)c2)s1)c1cc[nH+]cc1,0.1949637,535.3965,0.2155925,0.2156,0.4759258,3.7125,1.0000000,1.0000,[],48
36.4985,69.7898,46.3170,0.9070840,CCCCN1c2ccccc2N(c2ccccc2)C12C(=O)N(c1ccc(-c3ccc(C=Cc4ccc(C=Cc5ccc(N(c6ccccc6)c6ccccc6)cc5)s4)c4ccccc34)cc1)c1ccc(-c3ccccc3)cc12,1,O=C1N(c2ccc(-c3ccc(C=Cc4ccc(C=Cc5ccc(N(c6ccccc6)c6ccccc6)cc5)s4)c4ccccc34)cc2)c2ccc(-c3ccccc3)cc2C12Nc1ccccc1N2c1ccccc1,0.9879771,447.8685,0.1085724,0.1086,0.3787199,4.8548,1.0000000,1.0000,[],48
39.3516,62.0826,-62.0391,0.0003398,CCCCCCCCCCCCCCCCCCCCCCN1C(c2ccccc2)=C(c2ccccc2)C(=CC=CC=CCC2(c3ccccc3)C(=O)N(c3ccccc3)c3ccccc32)c2ccccc21,1,O=C1N(c2ccccc2)c2ccccc2C1(CC=CC=CC=C1C(c2ccccc2)=C(c2ccccc2)Nc2ccccc21)c1ccccc1,0.0002527,609.9330,0.0345472,0.0345,0.4310216,4.2080,1.0000000,1.0000,[],48
38.8879,36.1123,-36.1123,0.0000000,Cc1ccc2c(N)cncc2c1CC(N)C(=O)O,1,c1ccc2cnccc2c1,0.0000000,0.0000,0.0000000,0.0000,0.0000000,0.0000,0.0000000,0.0000,"['C(=[O,S])[O,S]']",48
33.2286,51.2942,62.5796,0.8896392,CCN(CC)c1cc(N(C)CCO)ccc1N=Nc1ccc(C(=O)Nc2cccc3cc4ncccc4cc23)cc1,1,O=C(Nc1cccc2cc3ncccc3cc12)c1ccc(N=Nc2ccccc2)cc1,0.9521946,487.5188,0.1412898,0.1413,0.5572599,2.9236,1.0000000,1.0000,[],48
39.0258,59.1460,55.6448,0.8968034,CCn1cc(-c2ccccc2N=Cc2ccc(N=Nc3ccc(N(c4ccccc4)c4ccccc4)cc3)cc2)c2cc(N3C(=O)c4ccccc4C3=O)ccc21,1,O=C1c2ccccc2C(=O)N1c1ccc2[nH]cc(-c3ccccc3N=Cc3ccc(N=Nc4ccc(N(c5ccccc5)c5ccccc5)cc4)cc3)c2c1,0.9792512,441.8475,0.0794896,0.0795,0.5211048,3.2590,1.0000000,1.0000,[],48
34.7992,44.7670,-25.2133,0.1527631,COc1ccc2cc(-c3ccc(Cl)s3)ncc2c1-c1ccc(N(c2ccccc2)c2ccccc2)cc1,1,c1ccc(N(c2ccccc2)c2ccc(-c3cccc4cc(-c5cccs5)ncc34)cc2)cc1,0.1467162,380.8846,0.2191973,0.2192,0.6052943,2.5102,1.0000000,1.0000,[],48
37.8001,54.8886,60.8641,0.9043184,CCCCCCN(c1ccc(N=Nc2ccc(N(c3ccccc3)c3ccccc3)cc2)cc1)c1ccc2nc(SCc3ccccn3)sc2c1,1,c1ccc(N(c2ccccc2)c2ccc(N=Nc3ccc(Nc4ccc5nc(SCc6ccccn6)sc5c4)cc3)cc2)cc1,0.9958267,460.5575,0.0603963,0.0604,0.5380527,3.0990,1.0000000,1.0000,[],48
47.6681,63.6795,-63.6795,0.0000000,CN(CCO)c1ccc(N=Nc2cccc(C=Cc3ccc(Nc4ncccn4)cc3NN=Cc3ccc(O)cc3)c2)cc1,1,C(=Cc1ccc(Nc2ncccn2)cc1NN=Cc1ccccc1)c1cccc(N=Nc2ccccc2)c1,0.0000000,0.0000,0.0000000,0.0000,0.0000000,0.0000,0.0000000,0.0000,['[#7;!n][#7;!n]'],48
39.5645,47.0153,71.5815,0.9265374,CCn1c(C=Cc2cc(O)c3n(c2=O)CCCC3)nc2cc(N)ccc21,1,O=c1c(C=Cc2nc3ccccc3[nH]2)ccc2n1CCCC2,0.9444782,430.7682,0.7111010,0.7111,0.5541565,2.9515,1.0000000,1.0000,[],48
18.5817,22.6036,-21.7264,0.0068531,C[n+]1ccccc1-c1ccsc1,1,c1ccc(-c2ccsc2)[nH+]c1,0.0054252,343.4196,0.5866384,0.5866,0.5712668,2.7995,1.0000000,1.0000,[],48
30.1143,42.9191,72.1729,0.8991562,C(=Cc1cccs1)c1ccc(N(c2ccccc2)c2ccc(C=Cc3cccc4ccc(N(c5ccccc5)c5ccccc5)cc34)s2)cc1,1,C(=Cc1cccs1)c1ccc(N(c2ccccc2)c2ccc(C=Cc3cccc4ccc(N(c5ccccc5)c5ccccc5)cc34)s2)cc1,0.9633197,435.4834,0.1420325,0.1420,0.5421014,3.0615,1.0000000,1.0000,[],48
37.9001,51.9733,-51.9733,0.0000000,Nc1csc2c(-c3nc4ccccc4nc3NN=Cc3ccc(N(c4ccccc4)c4ccccc4)cc3)cccc12,1,C(=NNc1nc2ccccc2nc1-c1cccc2ccsc12)c1ccc(N(c2ccccc2)c2ccccc2)cc1,0.0000000,0.0000,0.0000000,0.0000,0.0000000,0.0000,0.0000000,0.0000,['[#7;!n][#7;!n]'],48
36.5062,55.2417,59.4025,0.8956576,CCOc1ccc(N(c2ccccc2)c2ccc(C[n+]3ccc(C=Cc4ccc(N(c5ccccc5)c5ccc6c(N(c7ccccc7)c7ccccc7)cccc6c5)cc4)cc3)cc2)cc1,1,C(=Cc1cc[n+](Cc2ccc(N(c3ccccc3)c3ccccc3)cc2)cc1)c1ccc(N(c2ccccc2)c2ccc3c(N(c4ccccc4)c4ccccc4)cccc3c2)cc1,0.9724691,481.2986,0.0957711,0.0958,0.5142186,3.3255,1.0000000,1.0000,[],48
17.1220,34.9090,83.0970,0.9219221,C(=Cc1ccc(C=Cc2ccc(C=Cc3ccc(N(c4ccccc4)c4ccccc4)cc3)s2)s1)c1ccc(N(c2ccccc2)c2ccccc2)cc1,1,C(=Cc1ccc(C=Cc2ccc(C=Cc3ccc(N(c4ccccc4)c4ccccc4)cc3)s2)s1)c1ccc(N(c2ccccc2)c2ccccc2)cc1,0.9915963,468.2034,0.1234814,0.1235,0.5907468,2.6318,1.0000000,1.0000,[],48
31.3351,54.2448,31.0096,0.6660504,CC[n+]1ccc(C=Cc2cc[n+](CC)c(Nc3cccc(N(c4ccccc4)c4ccc(Nc5ccccc5)cc4)c3)c2)cc1,1,C(=Cc1cc[nH+]c(Nc2cccc(N(c3ccccc3)c3ccc(Nc4ccccc4)cc3)c2)c1)c1cc[nH+]cc1,0.7017580,510.7095,0.1478102,0.1478,0.5332086,3.1442,1.0000000,1.0000,[],48
23.0260,26.7508,-26.7508,0.0000000,c1cc(ccc1)N1C=CN=c2c1cccc2,0,,0.0000000,0.0000,0.0000000,0.0000,0.0000000,0.0000,0.0000000,0.0000,None,48
33.7076,53.4956,29.4015,0.6476338,COc1ccc(N(c2ccc(OC)cc2)c2ccc(C3=Cc4ccc(N(c5ccccc5)c5ccccc5)cc4N(c4ccc(N(c5ccccc5)c5ccccc5)cc4)c4cccc(OC)c43)cc2)cc1,1,C1=C(c2ccc(N(c3ccccc3)c3ccccc3)cc2)c2ccccc2N(c2ccc(N(c3ccccc3)c3ccccc3)cc2)c2cc(N(c3ccccc3)c3ccccc3)ccc21,0.6888916,408.6310,0.1075673,0.1076,0.5090819,3.3757,1.0000000,1.0000,[],49
30.7417,32.1497,-29.9519,0.0171709,c1ccc(-c2ccc(N(c3ccc(-c4ccccc4-c4ccc5ccccc5c4)cc3)c3cccc4ccccc34)cc2)cc1,1,c1ccc(-c2ccc(N(c3ccc(-c4ccccc4-c4ccc5ccccc5c4)cc3)c3cccc4ccccc34)cc2)cc1,0.0147433,354.3762,0.1912017,0.1912,0.6442959,2.1980,1.0000000,1.0000,[],49
23.9467,28.8467,-27.1058,0.0136013,COc1cc(C=Cc2ccc(N)cc2N)ccc1O,1,C(=Cc1ccccc1)c1ccccc1,0.0111382,351.2920,0.5822705,0.5823,0.6419777,2.2160,1.0000000,1.0000,[],49
50.8032,63.3102,-63.3102,0.0000000,c1(c([nH]c(=O)n(C)c1=O)=O)N=Nc1c2c(c(N)c(N)c(c2O)N=Nc2ccc(Cl)cc2)c(cc1O)NCCCC,0,,0.0000000,0.0000,0.0000000,0.0000,0.0000000,0.0000,0.0000000,0.0000,None,49
19.2571,22.8846,-21.3882,0.0116909,c1ccc(N(c2ccccc2)c2cccc3oc4ccccc4c23)cc1,1,c1ccc(N(c2ccccc2)c2cccc3oc4ccccc4c23)cc1,0.0096449,349.7127,0.3508689,0.3509,0.6613309,2.0675,1.0000000,1.0000,[],49
18.4861,29.3984,-26.4613,0.0229460,O=[N+](c1ccccc1)c1ccc(C=Cc2ccccc2)cc1,1,O=[N+](c1ccccc1)c1ccc(C=Cc2ccccc2)cc1,0.0194505,357.4366,0.4604701,0.4605,0.6550119,2.1155,1.0000000,1.0000,[],49
28.7925,45.2740,71.1500,0.9095620,CCOc1ccc(N(c2ccccc2)c2ccc(C=Cc3ccc(C=Cc4ccc(C=Cc5ccc(N(c6ccccc6)c6ccc(N(c7ccccc7)c7ccccc7)cc6)cc5)cc4)s3)cc2)cc1,1,C(=Cc1ccc(N(c2ccccc2)c2ccc(N(c3ccccc3)c3ccccc3)cc2)cc1)c1ccc(C=Cc2ccc(C=Cc3ccc(N(c4ccccc4)c4ccccc4)cc3)s2)cc1,0.9913837,451.5230,0.0846951,0.0847,0.5349854,3.1276,1.0000000,1.0000,[],49
45.2903,65.7988,-65.7988,0.0000000,c12c3n(c(C#CC=Cc4ccccc4Nc4ccccc4)cc3)c(N)c2c(N)c(c(c1N)C#N)N,0,,0.0000000,0.0000,0.0000000,0.0000,0.0000000,0.0000,0.0000000,0.0000,None,49
19.5428,27.0307,65.5744,0.7234778,C[n+]1ccccc1-c1ccc(-c2ccc(N(c3ccccc3)c3ccccc3)cc2)cc1,1,c1ccc(N(c2ccccc2)c2ccc(-c3ccc(-c4cccc[nH+]4)cc3)cc2)cc1,0.7477382,411.7975,0.2739162,0.2739,0.6482295,2.1676,1.0000000,1.0000,[],49
35.4836,44.4740,-12.0303,0.2534670,O=C1C(=Nc2cccc(C(=Nc3ccccc3)c3ccccc3)c2)c2ccccc2N1CCOc1ccccc1,1,O=C1C(=Nc2cccc(C(=Nc3ccccc3)c3ccccc3)c2)c2ccccc2N1CCOc1ccccc1,0.2507939,388.1179,0.1998149,0.1998,0.5992125,2.5607,1.0000000,1.0000,[],49
24.9167,37.9716,-37.0795,0.0069690,CCCCN1c2ccccc2C(c2ccc(N(c3ccccc3)c3ccccc3)cc2)c2cc(N(c3ccccc3)c3ccccc3)ccc21,1,c1ccc(N(c2ccccc2)c2ccc(C3c4ccccc4Nc4ccc(N(c5ccccc5)c5ccccc5)cc43)cc2)cc1,0.0057765,344.1045,0.1462426,0.1462,0.5393499,3.0870,1.0000000,1.0000,[],49
23.8617,32.2718,82.1392,0.8938358,CCCN1CCCc2cc(C=Cc3nc4ccccc4s3)ccc21,1,C(=Cc1nc2ccccc2s1)c1ccc2c(c1)CCCN2,0.9113737,425.3033,0.6145421,0.6145,0.6229855,2.3662,1.0000000,1.0000,[],49
30.5093,47.1094,66.2105,0.8853112,Nc1ccc(Nc2ccc(Nc3ccc(N=Nc4ccccc4)cc3)cc2)c(C2C(=O)C(=O)c3ccc(N)cc32)c1,1,O=C1C(=O)C(c2ccccc2Nc2ccc(Nc3ccc(N=Nc4ccccc4)cc3)cc2)c2ccccc21,0.9608139,485.2623,0.0954617,0.0955,0.5124935,3.3423,1.0000000,1.0000,[],49
30.9914,42.0551,62.3652,0.8157835,Nc1ccc(-c2nc3ccccc3c(=O)c3cc(N(c4ccccc4)c4ccccc4)ccc23)c(N)c1,1,O=c1c2ccccc2nc(-c2ccccc2)c2ccc(N(c3ccccc3)c3ccccc3)cc12,0.8506293,418.8869,0.2641357,0.2641,0.6072134,2.4944,1.0000000,1.0000,[],49
15.3156,33.6933,83.4565,0.9152331,C(=Cc1ccc(N(c2ccccc2)c2ccc(C=Cc3ccc(C=Cc4ccc(N(c5ccccc5)c5ccccc5)cc4)s3)cc2)cc1)c1ccc(N(c2ccccc2)c2ccccc2)cc1,1,C(=Cc1ccc(N(c2ccccc2)c2ccc(C=Cc3ccc(C=Cc4ccc(N(c5ccccc5)c5ccccc5)cc4)s3)cc2)cc1)c1ccc(N(c2ccccc2)c2ccccc2)cc1,0.9929100,453.6566,0.0949725,0.0950,0.5714387,2.7980,1.0000000,1.0000,[],49
34.9571,52.8786,47.8246,0.7867439,CCCCOc1ccc(N(c2ccccc2)c2ccc(N(c3ccc(C=Cc4ccc(N(c5ccccc5)c5cccc6ccccc56)cc4)cc3)c3cccc[n+]3C)cc2)cc1,1,C(=Cc1ccc(N(c2ccccc2)c2cccc3ccccc23)cc1)c1ccc(N(c2ccc(N(c3ccccc3)c3ccccc3)cc2)c2cccc[nH+]2)cc1,0.8617475,419.8677,0.0583739,0.0584,0.5149805,3.3181,1.0000000,1.0000,[],49
40.2638,56.9642,58.5546,0.9024909,CCCCN(CCC)c1ccc(N=Nc2ccc(C(=Nc3ccc(-c4ccc(N(c5ccccc5)c5ccc(OC)cc5)cc4)cc3)c3cccs3)cc2)cc1,1,c1ccc(N=Nc2ccc(C(=Nc3ccc(-c4ccc(N(c5ccccc5)c5ccccc5)cc4)cc3)c3cccs3)cc2)cc1,0.9883144,471.8189,0.0729234,0.0729,0.5251997,3.2199,1.0000000,1.0000,[],49
40.2725,51.6432,4.2349,0.4365477,C=CCCc1cn(-c2ccc(N(c3ccc(C=Cc4ccc(N(c5ccccc5)c5ccc(C)cc5)cc4)cc3)c3ccc(-c4ccccc4)cc3)cc2)cc1-c1ccccc1,1,C(=Cc1ccc(N(c2ccc(-c3ccccc3)cc2)c2ccc(-n3ccc(-c4ccccc4)c3)cc2)cc1)c1ccc(N(c2ccccc2)c2ccccc2)cc1,0.4585877,398.1974,0.0801712,0.0802,0.5345594,3.1316,1.0000000,1.0000,[],49
27.8744,52.6532,63.4195,0.9068178,C(=Cc1ccc(-c2ccc(C=Cc3ccc(N(c4ccc(-c5ccc(N(c6ccccc6)c6ccccc6)cc5)cc4)c4ccccc4-c4ccccc4)s3)s2)s1)c1ccc(N(c2ccccc2)c2ccccc2)cc1,1,C(=Cc1ccc(-c2ccc(C=Cc3ccc(N(c4ccc(-c5ccc(N(c6ccccc6)c6ccccc6)cc5)cc4)c4ccccc4-c4ccccc4)s3)s2)s1)c1ccc(N(c2ccccc2)c2ccccc2)cc1,0.9861076,473.7213,0.0954869,0.0955,0.4950876,3.5151,1.0000000,1.0000,[],49
42.4786,41.3197,-21.4787,0.1550080,CC(C)N(C)C(=O)c1ccc(Nc2nc(-c3ccc(NC(=O)c4ccc(F)cc4)cc3)cs2)c([N+](=O)[O-])c1,1,O=C(Nc1ccc(-c2csc(Nc3ccccc3)n2)cc1)c1ccccc1,0.1493179,381.1086,0.2017718,0.2018,0.6167412,2.4165,1.0000000,1.0000,[],49
28.2425,48.2749,66.7648,0.8987474,CCCCOc1ccc(N(c2ccccc2)c2ccc(C=Nc3ccc(C=Cc4ccc(C=Cc5cccs5)s4)cc3)cc2)cc1,1,C(=Cc1ccc(C=Cc2cccs2)s1)c1ccc(N=Cc2ccc(N(c3ccccc3)c3ccccc3)cc2)cc1,0.9754481,439.9780,0.0930540,0.0931,0.5515449,2.9752,1.0000000,1.0000,[],49
45.1246,58.8477,48.9883,0.8424692,Cc1ccc(N(c2ccc(C=Cc3ccc(C4=CC=CN5c6ccccc6C=CC45c4ccccc4)cc3)cc2)c2ccc(C=Cc3ccc(-c4ccc(N(c5ccccc5)c5ccccc5)cc4)cc3)cc2)cc1,1,C1=CN2c3ccccc3C=CC2(c2ccccc2)C(c2ccc(C=Cc3ccc(N(c4ccccc4)c4ccc(C=Cc5ccc(-c6ccc(N(c7ccccc7)c7ccccc7)cc6)cc5)cc4)cc3)cc2)=C1,0.9117568,425.3549,0.1066446,0.1066,0.4380668,4.1269,1.0000000,1.0000,[],49
27.8809,51.0278,64.9320,0.9059366,C(=Cc1ccc(N(c2ccccc2)c2ccc(C=Cc3c(N(c4ccccc4)c4ccccc4)nnc4cccnc34)cc2)cc1)c1ccc(N(c2ccccc2)c2ccccc2)cc1,1,C(=Cc1ccc(N(c2ccccc2)c2ccc(C=Cc3c(N(c4ccccc4)c4ccccc4)nnc4cccnc34)cc2)cc1)c1ccc(N(c2ccccc2)c2ccccc2)cc1,0.9796020,477.9634,0.1078461,0.1078,0.5380512,3.0990,1.0000000,1.0000,[],49
50.3457,66.6595,46.7408,0.8859400,CC1(C)C(=Cc2ccc(N(c3ccccc3)c3ccccc3)cc2)N(c2ccc(F)cc2)c2ncc(Nc3ccc(N4CCc5cc(N(c6ccccc6)c6ccccc6)ccc54)cc3)cc21,1,C(=C1Cc2cc(Nc3ccc(N4CCc5cc(N(c6ccccc6)c6ccccc6)ccc54)cc3)cnc2N1c1ccccc1)c1ccc(N(c2ccccc2)c2ccccc2)cc1,0.9509999,432.1996,0.1395676,0.1396,0.4891776,3.5751,1.0000000,1.0000,[],49
20.5624,29.9569,69.2870,0.7753426,C(=C(c1ccccc1)c1ccc(N(c2ccccc2)c2ccccc2)cc1)c1ccc(-c2ccc(N(c3ccccc3)c3ccccc3)cc2)s1,1,C(=C(c1ccccc1)c1ccc(N(c2ccccc2)c2ccccc2)cc1)c1ccc(-c2ccc(N(c3ccccc3)c3ccccc3)cc2)s1,0.8221961,416.6259,0.1426515,0.1427,0.6052486,2.5106,1.0000000,1.0000,[],49
37.3585,55.8579,-26.0570,0.2328197,Cn1c2ccccc2c2ccc(C=Nc3ccc(-c4cc5sc6ccc(N=Cc7cccs7)cc6c5s4)cc3)cc21,1,C(=Nc1ccc(-c2cc3sc4ccc(N=Cc5cccs5)cc4c3s2)cc1)c1ccc2c(c1)[nH]c1ccccc12,0.2305823,386.9166,0.1810002,0.1810,0.5373192,3.1058,1.0000000,1.0000,[],49
31.9860,48.7436,66.0063,0.8964837,O=[N+]([O-])c1c(C=Cc2cccs2)n[nH]c1C=Cc1ccc(N(c2ccccc2)c2ccc(-c3ccccc3)cc2)cc1,1,C(=Cc1cc(C=Cc2cccs2)n[nH]1)c1ccc(N(c2ccccc2)c2ccc(-c3ccccc3)cc2)cc1,0.9602498,434.5761,0.1395753,0.1396,0.5580281,2.9167,1.0000000,1.0000,[],49
36.8430,53.6877,-53.6877,0.0000000,CN(CCO)c1ccc(N=Nc2ccc(CCNC(CC(=O)O)c3ccccc3)cc2NCc2ccccc2)cc1,1,c1ccc(CNCCc2ccc(N=Nc3ccccc3)c(NCc3ccccc3)c2)cc1,0.0000000,0.0000,0.0000000,0.0000,0.0000000,0.0000,0.0000000,0.0000,"['C(=[O,S])[O,S]']",49
26.6969,34.0466,-21.1104,0.1010646,c1ccc(-c2ccccc2N(c2ccc(-c3ccc(N(c4ccccc4)c4ccccc4)cc3)cc2)c2ccc3c4ccccc4c4ccccc4c3c2)cc1,1,c1ccc(-c2ccccc2N(c2ccc(-c3ccc(N(c4ccccc4)c4ccccc4)cc3)cc2)c2ccc3c4ccccc4c4ccccc4c3c2)cc1,0.0962118,375.6790,0.1446215,0.1446,0.6112860,2.4610,1.0000000,1.0000,[],49
44.4531,64.1276,38.0556,0.7983066,CCN(CC)c1ccc(Nc2c(N=O)ccc(O)c2C=Nc2nc(-c3ccccc3)c(-c3ccccc3)c3sc4ccccc4c23)cc1,1,C(=Nc1nc(-c2ccccc2)c(-c2ccccc2)c2sc3ccccc3c12)c1ccccc1Nc1ccccc1,0.8567789,500.5785,0.1138537,0.1139,0.5160587,3.3077,1.0000000,1.0000,[],49
33.0530,48.3391,64.4074,0.8808321,COc1ccc(N(c2ccc(OC)cc2)c2ccc(N(c3ccncc3)c3ccc(N(c4ccc(N(c5ccccc5)c5ccccc5)cc4)c4ccc(C=Cc5ccc(N(c6ccccc6)c6ccccc6)cc5)s4)cc3)cc2)cc1,1,C(=Cc1ccc(N(c2ccc(N(c3ccccc3)c3ccccc3)cc2)c2ccc(N(c3ccncc3)c3ccc(N(c4ccccc4)c4ccccc4)cc3)cc2)s1)c1ccc(N(c2ccccc2)c2ccccc2)cc1,0.9622924,435.1720,0.0793885,0.0794,0.4874540,3.5928,1.0000000,1.0000,[],49
27.9803,41.7502,78.8189,0.9419460,CCCC[n+]1cccc(-c2cc[n+](Nc3ccc(N(c4ccccc4)c4ccccc4)cc3)cc2)c1,1,c1ccc(N(c2ccccc2)c2ccc(N[n+]3ccc(-c4ccc[nH+]c4)cc3)cc2)cc1,0.9953600,458.2864,0.2318358,0.2318,0.5616571,2.8843,1.0000000,1.0000,[],49
29.6628,48.0963,67.2212,0.9009174,C(=Cc1ccc2nccnc2c1)c1cc[n+](CCCCCNc2ccc(N=Nc3ccccc3)cc2)cc1,1,C(=Cc1ccc2nccnc2c1)c1cc[n+](CCCCCNc2ccc(N=Nc3ccccc3)cc2)cc1,0.9711909,481.8056,0.1145772,0.1146,0.5605739,2.8940,1.0000000,1.0000,[],49
45.1336,70.5828,-70.5828,0.0000000,c1c(cc2c(c1)n(CCCC)c(c2C=Cc1sc(N=c2c(cccc2Cl)N)cc1)CCCC)Nc1ccccc1,0,,0.0000000,0.0000,0.0000000,0.0000,0.0000000,0.0000,0.0000000,0.0000,None,49
29.0947,38.0629,-38.0469,0.0001244,C[n+]1ccccc1C=CC=Cc1sc2ccccc2[n+]1-c1ccccc1,1,C(C=Cc1sc2ccccc2[n+]1-c1ccccc1)=Cc1cccc[nH+]1,0.0000811,622.2770,0.3688813,0.3689,0.5351489,3.1261,1.0000000,1.0000,[],49
32.4692,44.9446,43.7289,0.6927620,COc1ccc(N(c2ccc(C)cc2)c2ccc(C=Cc3ccc(N(c4ccc(N=C(c5ccccc5)c5ccc(F)cc5)cc4)c4ccc(OC)cc4)cc3)cc2)cc1,1,C(=Cc1ccc(N(c2ccccc2)c2ccc(N=C(c3ccccc3)c3ccccc3)cc2)cc1)c1ccc(N(c2ccccc2)c2ccccc2)cc1,0.7433756,411.5478,0.0861740,0.0862,0.5542997,2.9502,1.0000000,1.0000,[],49
32.0487,49.2655,67.5457,0.9125875,C1=CC(c2ccc(C=Cc3ccc(N(c4ccccc4)c4ccc(C=Cc5ccc(N(c6ccccc6)c6ccccc6)cc5)cc4)cc3)s2)=NI=N1,1,C1=CC(c2ccc(C=Cc3ccc(N(c4ccccc4)c4ccc(C=Cc5ccc(N(c6ccccc6)c6ccccc6)cc5)cc4)cc3)s2)=NI=N1,0.9918168,452.0877,0.0962060,0.0962,0.5110088,3.3568,1.0000000,1.0000,[],49
42.7002,63.9653,50.3258,0.8928992,C=CCOc1ccc(O)cc1C=Cc1cc(-c2ccccc2)c2c(CCCSc3ccccc3)c(C=Cc3ccc(N(c4ccccc4)c4ccccc4)cc3)sc2n1,1,C(=Cc1cc(-c2ccccc2)c2c(CCCSc3ccccc3)c(C=Cc3ccc(N(c4ccccc4)c4ccccc4)cc3)sc2n1)c1ccccc1,0.9844545,445.0398,0.0598703,0.0599,0.4983250,3.4825,1.0000000,1.0000,[],49
24.4515,33.0338,28.1427,0.4779412,Oc1ccccc1C=Cc1ccc(N(c2ccccc2)c2ccc(C=Cc3ccc(-c4ccccc4)cc3)cc2)cc1,1,C(=Cc1ccc(N(c2ccccc2)c2ccc(C=Cc3ccc(-c4ccccc4)cc3)cc2)cc1)c1ccccc1,0.4887764,399.5125,0.1937454,0.1937,0.6384720,2.2434,1.0000000,1.0000,[],49
23.6772,38.6626,79.3989,0.9223557,C(=Cc1ccc(C=Cc2cc[n+](CCC[n+]3ccccc3)cc2)c2ccccc12)c1ccncc1,1,C(=Cc1ccc(C=Cc2cc[n+](CCC[n+]3ccccc3)cc2)c2ccccc12)c1ccncc1,0.9712250,481.7924,0.2537008,0.2537,0.5504867,2.9848,1.0000000,1.0000,[],49
54.5062,88.8785,21.1969,0.8599639,COCC[n+]1ccc(C=C(C=Cc2ccc[n+](CC(=Cc3ccccc3)c3cccnc3)c2)Nc2ccc(-c3ccc(C=O)cc3N(c3ccccc3)c3ccccc3)cc2)cc1,1,C(=Cc1ccc[n+](CC(=Cc2ccccc2)c2cccnc2)c1)C(=Cc1cc[nH+]cc1)Nc1ccc(-c2ccccc2N(c2ccccc2)c2ccccc2)cc1,0.9497461,488.0891,0.0562961,0.0563,0.4591312,3.8921,1.0000000,1.0000,[],49
31.3167,43.9621,73.5022,0.9176896,COc1ccc(N(c2ccc(C=Cc3ccc(N(c4ccccc4)c4ccccc4)cc3)cc2)c2c3ccccc3c(N3c4ccccc4Sc4ccccc43)c3ccccc23)cc1,1,C(=Cc1ccc(N(c2ccccc2)c2c3ccccc3c(N3c4ccccc4Sc4ccccc43)c3ccccc23)cc1)c1ccc(N(c2ccccc2)c2ccccc2)cc1,0.9953084,461.8341,0.1005817,0.1006,0.5345923,3.1313,1.0000000,1.0000,[],49
38.4064,51.6499,-51.5044,0.0011367,COc1ccc2c3cc(-c4cccc(-c5ccc(-c6ccccc6)c(Nc6ccccc6)c5)c4)ccc3n(-c3ccccc3)c2c1,1,c1ccc(Nc2cc(-c3cccc(-c4ccc5c(c4)c4ccccc4n5-c4ccccc4)c3)ccc2-c2ccccc2)cc1,0.0008459,323.1918,0.1992089,0.1992,0.6114827,2.4593,1.0000000,1.0000,[],49
31.6141,52.1055,21.4612,0.5747400,CCCCOc1ccc(N(c2ccc(-c3ccc(N(c4ccccc4)c4ccccc4)cc3)cc2)c2ccc(-c3ccc(N=Nc4ccc(N(c5ccccc5)c5ccccc5)c5ccccc45)s3)cc2)cc1,1,c1ccc(N(c2ccccc2)c2ccc(-c3ccc(N(c4ccccc4)c4ccc(-c5ccc(N=Nc6ccc(N(c7ccccc7)c7ccccc7)c7ccccc67)s5)cc4)cc3)cc2)cc1,0.6168996,514.8275,0.0673658,0.0674,0.4962755,3.5031,1.0000000,1.0000,[],49
37.0986,50.5740,-47.0861,0.0272490,c1ccc(N(c2ccccc2)c2ccc3occ(-c4ccc5c(c4)c4cc(N(c6ccccc6)c6ccccc6)ccc4n5CCCN4CCCC4)c3c2)cc1,1,c1ccc(N(c2ccccc2)c2ccc3occ(-c4ccc5c(c4)c4cc(N(c6ccccc6)c6ccccc6)ccc4n5CCCN4CCCC4)c3c2)cc1,0.0243350,359.9232,0.1325316,0.1325,0.5471122,3.0155,1.0000000,1.0000,[],49
20.1017,35.4247,68.1776,0.8093929,C(=Cc1ccc2c(c1)Sc1ccccc1N2c1ccccc1)c1ccc(N(c2ccccc2)c2ccc(-c3ccc(N(c4ccccc4)c4ccccc4)cc3)cc2)cc1,1,C(=Cc1ccc2c(c1)Sc1ccccc1N2c1ccccc1)c1ccc(N(c2ccccc2)c2ccc(-c3ccc(N(c4ccccc4)c4ccccc4)cc3)cc2)cc1,0.8644960,420.1203,0.1276793,0.1277,0.5656478,2.8489,1.0000000,1.0000,[],49
33.9055,44.9778,75.6273,0.9422276,Clc1ccc(CNc2ccccc2N=Nc2ccc(Nc3nnc4n3CCCCC4)cc2)cc1,1,c1ccc(CNc2ccccc2N=Nc2ccc(Nc3nnc4n3CCCCC4)cc2)cc1,0.9895082,449.3642,0.2744960,0.2745,0.5855526,2.6760,1.0000000,1.0000,[],49
20.2399,33.0466,-18.6762,0.1122685,CCN(CC)c1ccc2c(c1)sc(=N)c1ccccc12,1,N=c1sc2ccccc2c2ccccc12,0.1022319,376.4106,0.7091008,0.7091,0.6046225,2.5158,1.0000000,1.0000,[],49
44.6793,59.6019,-59.6019,0.0000000,NCCCNCCCN(CCCNc1ccccn1)c1ccc(N=Nc2ccc(N=Nc3ccc4cc(N)ccc4c3NN)cc2)cc1,1,c1ccc(NCCCNc2ccc(N=Nc3ccc(N=Nc4ccc5ccccc5c4)cc3)cc2)nc1,0.0000000,0.0000,0.0000000,0.0000,0.0000000,0.0000,0.0000000,0.0000,['[#7;!n][#7;!n]'],49
23.7023,35.3569,-6.0228,0.2291729,c1ccc(N(c2ccccc2)c2ccc3c(c2)sc2cc(N(c4ccccc4)c4ccc(-c5ccc(-c6nc7ccccc7s6)cc5)cc4)ccc23)cc1,1,c1ccc(N(c2ccccc2)c2ccc3c(c2)sc2cc(N(c4ccccc4)c4ccc(-c5ccc(-c6nc7ccccc7s6)cc5)cc4)ccc23)cc1,0.2274913,386.7265,0.1553385,0.1553,0.5826632,2.7007,1.0000000,1.0000,[],49
38.6832,60.3709,-5.0767,0.4319860,CCCNc1ccc(C=Cc2cc[n+](CCCCNc3ccccc3Nc3ccc(C=Cc4cc[n+](CC)cc4)cc3)cc2)o1,1,C(=Cc1ccc(Nc2ccccc2NCCCC[n+]2ccc(C=Cc3ccco3)cc2)cc1)c1cc[nH+]cc1,0.4542662,521.9918,0.0784699,0.0785,0.5118994,3.3481,1.0000000,1.0000,[],49
18.9892,37.3001,80.5850,0.9209772,C(=Cc1ccc(N(c2ccccc2)c2ccc(C=Cc3ccc(C=Cc4ccc(N(c5ccccc5)c5ccccc5)s4)s3)cc2)cc1)c1ccccc1,1,C(=Cc1ccc(N(c2ccccc2)c2ccc(C=Cc3ccc(C=Cc4ccc(N(c5ccccc5)c5ccccc5)s4)s3)cc2)cc1)c1ccccc1,0.9933463,465.6491,0.1155120,0.1155,0.5704554,2.8066,1.0000000,1.0000,[],49
27.7926,31.7248,-19.3127,0.0969694,c1csc(-c2cc3cc4cncnc4cc3o2)c1,1,c1csc(-c2cc3cc4cncnc4cc3o2)c1,0.0885410,374.6852,0.5115551,0.5116,0.6012369,2.5438,1.0000000,1.0000,[],49
24.3788,50.0012,62.2118,0.8766641,C(=Cc1cc[n+](Cc2ccc(N(c3ccccc3)c3ccccc3)cc2)cc1)c1ccc(N2CCC(Nc3ccc(Nc4ccccc4)cc3)CC2)cc1,1,C(=Cc1cc[n+](Cc2ccc(N(c3ccccc3)c3ccccc3)cc2)cc1)c1ccc(N2CCC(Nc3ccc(Nc4ccccc4)cc3)CC2)cc1,0.9416502,489.8037,0.1241284,0.1241,0.5509320,2.9807,1.0000000,1.0000,[],49
52.2739,62.7767,-26.9580,0.2798334,CCCCc1cc(N=Nc2cccc(C)c2NCCCOc2c(N)cccc2N)c2ccccc2[n+]1C,1,c1ccc(OCCCNc2ccccc2N=Nc2cc[nH+]c3ccccc23)cc1,0.2860348,529.9315,0.0919979,0.0920,0.5241010,3.2304,1.0000000,1.0000,[],49
39.2123,61.1416,6.1211,0.5254897,[C-]#[N+]c1cc(C=Cc2ccc(N(CCCC)c3ccc(OCCCN(C)C)cc3)cc2)sc1C=Cc1ccc(C=Cc2ccc(N(c3ccccc3)c3ccccc3)cc2)s1,1,C(=Cc1ccc(C=Cc2ccc(C=Cc3ccc(N(c4ccccc4)c4ccccc4)cc3)s2)s1)c1ccc(Nc2ccccc2)cc1,0.5639997,517.2052,0.0597931,0.0598,0.4758730,3.7130,1.0000000,1.0000,[],49
23.5322,45.3029,65.3829,0.8647328,CCOc1ccc(N(c2ccccc2)c2ccc(C=Cc3ccc(N(c4ccccc4)c4ccc(C=Cc5ccc(Nc6ccccc6)s5)cc4)cc3)cc2)cc1,1,C(=Cc1ccc(N(c2ccccc2)c2ccc(C=Cc3ccc(Nc4ccccc4)s3)cc2)cc1)c1ccc(N(c2ccccc2)c2ccccc2)cc1,0.9311793,428.2829,0.1118258,0.1118,0.5523339,2.9680,1.0000000,1.0000,[],49
21.2071,27.2292,80.0174,0.8378644,Nc1cc2c(cc1[N+](=O)[O-])oc1ccccc12,1,c1ccc2c(c1)oc1ccccc12,0.8627301,419.9575,0.3938480,0.3938,0.6480904,2.1686,1.0000000,1.0000,[],49
36.7792,62.9918,50.8346,0.8892686,CNc1c(N(c2ccccc2)c2ccc(OC)cc2)ccc2c1ccc1c(-c3ccccc3)nc(N=Cc3ccc(N(c4ccccc4)c4ccccc4)cc3)nc12,1,C(=Nc1nc(-c2ccccc2)c2ccc3cc(N(c4ccccc4)c4ccccc4)ccc3c2n1)c1ccc(N(c2ccccc2)c2ccccc2)cc1,0.9622361,435.1551,0.1048172,0.1048,0.5189434,3.2798,1.0000000,1.0000,[],49
21.7363,37.6771,58.9179,0.7546484,c1ccc(-c2ccc(=Nc3ccc(N(c4ccccc4)c4ccccc4)cc3)oc2-c2ccccc2)cc1,1,c1ccc(-c2ccc(=Nc3ccc(N(c4ccccc4)c4ccccc4)cc3)oc2-c2ccccc2)cc1,0.7866323,414.1661,0.2326689,0.2327,0.6137134,2.4411,1.0000000,1.0000,[],49
32.9994,52.2843,-42.1429,0.0792291,COc1ccc2oc3c(c(=N)c2c1)CN(c1ccc(C=Cc2cccc(Cl)c2)cc1)C3=O,1,N=c1c2c(oc3ccccc13)C(=O)N(c1ccc(C=Cc3ccccc3)cc1)C2,0.0722135,372.2793,0.3996416,0.3996,0.5719209,2.7938,1.0000000,1.0000,[],49
23.1408,33.0919,86.3616,0.9332302,CCCN(CCC)c1ccc(N=Nc2ccc(C=Cc3ccc(I)cc3)cc2)cc1,1,C(=Cc1ccc(N=Nc2ccccc2)cc1)c1ccccc1,0.9955831,461.1760,0.1614836,0.1615,0.6005702,2.5494,1.0000000,1.0000,[],49
24.1726,40.0207,79.4836,0.9336273,Nc1c2cc(N(c3ccccc3)c3ccccc3)ccc2nc2ccc(N(c3ccccc3)c3ccccc3)cc12,1,c1ccc(N(c2ccccc2)c2ccc3nc4ccc(N(c5ccccc5)c5ccccc5)cc4cc3c2)cc1,0.9852747,445.6373,0.2181888,0.2182,0.6404084,2.2282,1.0000000,1.0000,[],49
23.0917,44.2853,19.1078,0.4952591,O=C(C=Cc1ccc(N(c2ccccc2)c2ccccc2)cc1)Nc1ccc(N(c2ccc(-c3ccccc3)cc2)c2ccc(N(c3ccccc3)c3ccccc3)cc2)cc1,1,O=C(C=Cc1ccc(N(c2ccccc2)c2ccccc2)cc1)Nc1ccc(N(c2ccc(-c3ccccc3)cc2)c2ccc(N(c3ccccc3)c3ccccc3)cc2)cc1,0.5163613,400.7108,0.1179174,0.1179,0.5874302,2.6600,1.0000000,1.0000,[],49
21.6386,45.3882,30.0499,0.5893600,C(=Cc1cc[n+](Cc2cc[n+](Cc3ccccc3)cc2)cc1)CN=Cc1ccc(N(c2ccccc2)c2ccccc2)cc1,1,C(=Cc1cc[n+](Cc2cc[n+](Cc3ccccc3)cc2)cc1)CN=Cc1ccc(N(c2ccccc2)c2ccccc2)cc1,0.6219321,405.4043,0.1141227,0.1141,0.5372598,3.1064,1.0000000,1.0000,[],50
20.8406,39.7123,79.0468,0.9278056,Brc1ccc(C=Cc2ccc(C=Cc3ccc(N(c4ccccc4)c4ccc(C=Cc5ccccc5)cc4)cc3)s2)s1,1,C(=Cc1ccc(N(c2ccccc2)c2ccc(C=Cc3ccc(C=Cc4cccs4)s3)cc2)cc1)c1ccccc1,0.9940152,455.5086,0.1419031,0.1419,0.5870730,2.6630,1.0000000,1.0000,[],50
30.3038,47.7235,66.9919,0.8962139,C1=CCCC(c2ccc(Nc3ccc(C=Cc4ccc(N(c5ccccc5)c5ccc(N=Nc6ccc(Nc7ccccc7)cc6)cc5)cc4)cc3)cc2)=C1,1,C1=CCCC(c2ccc(Nc3ccc(C=Cc4ccc(N(c5ccccc5)c5ccc(N=Nc6ccc(Nc7ccccc7)cc6)cc5)cc4)cc3)cc2)=C1,0.9711677,438.1854,0.0979836,0.0980,0.5462325,3.0236,1.0000000,1.0000,[],50
37.2101,48.3315,-48.3315,0.0000000,O=C1c2cccc(NN=Cc3ccccc3)c2C(=O)N1Cc1ccccc1C=Cc1ccc([N+](=O)[O-])cc1,1,O=C1c2cccc(NN=Cc3ccccc3)c2C(=O)N1Cc1ccccc1C=Cc1ccccc1,0.0000000,0.0000,0.0000000,0.0000,0.0000000,0.0000,0.0000000,0.0000,['[#7;!n][#7;!n]'],50
31.6859,42.3103,-34.6896,0.0595369,COc1ccc(Nc2cc3ccccc3c3cc(Nc4ccccc4)ccc23)cc1Nc1ccccc1,1,c1ccc(Nc2cccc(Nc3cc4ccccc4c4cc(Nc5ccccc5)ccc34)c2)cc1,0.0545110,369.0207,0.1988700,0.1989,0.6433765,2.2051,1.0000000,1.0000,[],50
24.4826,36.9618,82.2056,0.9309949,Nc1ccccc1N=Nc1ccc(-[n+]2ccc(-c3cc[n+](Cc4ccccc4)cc3)cc2)cc1,1,c1ccc(C[n+]2ccc(-c3cc[n+](-c4ccc(N=Nc5ccccc5)cc4)cc3)cc2)cc1,0.9888063,471.3466,0.1963464,0.1963,0.5496016,2.9928,1.0000000,1.0000,[],50
52.4469,67.5550,51.0633,0.9267054,CCn1c(=O)c2cc(C=Cc3cc(C#N)cc(N4C(=O)N=C5C4=C(c4ccccc4)c4ccccc45)c3)ccc2c2ccccc21,1,O=C1N=C2C(=C(c3ccccc3)c3ccccc32)N1c1cccc(C=Cc2ccc3c(c2)c(=O)[nH]c2ccccc23)c1,0.9934074,465.5483,0.1484826,0.1485,0.5321355,3.1543,1.0000000,1.0000,[],50
30.0924,38.4782,15.4783,0.4215350,c1ccc(N(c2ccccc2)c2cccc(N=c3c4ccccc4oc4cc(N(c5ccccc5)c5ccccc5)ccc34)c2)cc1,1,c1ccc(N(c2ccccc2)c2cccc(N=c3c4ccccc4oc4cc(N(c5ccccc5)c5ccccc5)ccc34)c2)cc1,0.4307747,396.9742,0.1694233,0.1694,0.5906599,2.6326,1.0000000,1.0000,[],50
49.6619,64.4151,-64.4151,0.0000000,O=CN(CCO)c1ccc(N=Nc2ccc(NCCO)c(C=C3C4=CC(Nc5ccccc54)c4ccccc43)c2)cc1,1,C1=C2C(=Cc3cccc(N=Nc4ccccc4)c3)c3ccccc3C1Nc1ccccc12,0.0000000,0.0000,0.1303321,0.1303,0.3960575,4.6310,1.0000000,1.0000,[],50
40.1975,54.2928,59.7391,0.8908744,Nc1ccc2ccc(Nc3ccccc3)c(C=Nc3ccc(Nc4ccccc4)cc3)c2c1Nc1ccc(N=Nc2ccccc2S(=O)(=O)O)cc1,1,C(=Nc1ccc(Nc2ccccc2)cc1)c1c(Nc2ccccc2)ccc2cccc(Nc3ccc(N=Nc4ccccc4)cc3)c12,0.9943843,463.7963,0.0388636,0.0389,0.5280598,3.1927,1.0000000,1.0000,[],50
28.5372,33.7409,65.1173,0.7723293,Nc1ccc(C[n+]2ccc(C=Cc3ccc(N)cc3N)cc2)cc1,1,C(=Cc1cc[n+](Cc2ccccc2)cc1)c1ccccc1,0.7869807,505.8114,0.5109419,0.5109,0.5878602,2.6563,1.0000000,1.0000,[],50
28.8566,39.8965,-39.8965,0.0000000,c1ccc2c(cccc2-c2cc3c4c(n(C)c5ccccc54)ccc3n2)c1,0,,0.0000000,0.0000,0.0000000,0.0000,0.0000000,0.0000,0.0000000,0.0000,None,50
26.7214,50.2412,20.9572,0.5562375,CCCN(c1ccc(N=Nc2cc3sc(C=Cc4ccc(N(c5ccccc5)c5ccccc5)cc4)cc3s2)cc1)c1ccc(N(c2ccccc2)c2ccccc2)cc1,1,C(=Cc1cc2sc(N=Nc3ccc(Nc4ccc(N(c5ccccc5)c5ccccc5)cc4)cc3)cc2s1)c1ccc(N(c2ccccc2)c2ccccc2)cc1,0.5878869,516.1431,0.1025888,0.1026,0.5068853,3.3974,1.0000000,1.0000,[],50
51.4907,70.5840,-51.3078,0.1505951,C=CCSc1sc2ccc(C=Cc3ccc(N(c4ccccc4)c4ccccc4)c(NC(C)=O)c3)cc2c1Nc1ccc(N(CC)CC)c(I)c1,1,C(=Cc1ccc2scc(Nc3ccccc3)c2c1)c1ccc(N(c2ccccc2)c2ccccc2)cc1,0.1520553,381.3409,0.0496058,0.0496,0.5036908,3.4290,1.0000000,1.0000,[],50
30.0308,48.0729,4.7334,0.4125492,C(=Cc1ccc(N(c2ccccc2)c2cccs2)cc1)c1ccc(C2=NCc3ccc(N(c4ccccc4)c4ccccc4)cc32)cc1,1,C(=Cc1ccc(N(c2ccccc2)c2cccs2)cc1)c1ccc(C2=NCc3ccc(N(c4ccccc4)c4ccccc4)cc32)cc1,0.4235916,396.6554,0.1470060,0.1470,0.5530816,2.9612,1.0000000,1.0000,[],50
22.8119,37.7874,28.5588,0.5183293,c1ccc(N(c2ccccc2)c2ccc(-c3sc(-c4cccc5c(N(c6ccccc6)c6ccccc6)cccc45)cc3N(c3ccccc3)c3ccccc3)cc2)cc1,1,c1ccc(N(c2ccccc2)c2ccc(-c3sc(-c4cccc5c(N(c6ccccc6)c6ccccc6)cccc45)cc3N(c3ccccc3)c3ccccc3)cc2)cc1,0.5405063,401.7630,0.1292593,0.1293,0.5689288,2.8200,1.0000000,1.0000,[],50
43.3136,60.4775,50.6179,0.8679332,Oc1ccccc1C=Nc1c(-c2ccc(N=Cc3ccc(-c4ccccc4)cc3)o2)nc2c(-c3ccccc3O)cccc2c1O,1,C(=Nc1ccc(-c2nc3c(-c4ccccc4)cccc3cc2N=Cc2ccccc2)o1)c1ccc(-c2ccccc2)cc1,0.9256403,427.3776,0.1576211,0.1576,0.5270900,3.2019,1.0000000,1.0000,[],50
29.0695,43.1080,53.1749,0.7522106,O=Cc1ccc(N(c2ccc(C=Cc3ccc(N(c4ccccc4)c4ccccc4)cc3)cc2)c2ccc(N(c3ccc(C=Cc4ccccc4)cc3)c3ccc(C=Cc4ccccc4)cc3)cc2)s1,1,C(=Cc1ccc(N(c2ccc(C=Cc3ccccc3)cc2)c2ccc(N(c3ccc(C=Cc4ccc(N(c5ccccc5)c5ccccc5)cc4)cc3)c3cccs3)cc2)cc1)c1ccccc1,0.8161321,416.1814,0.0712672,0.0713,0.5358163,3.1198,1.0000000,1.0000,[],50
49.9898,68.8171,44.3534,0.8841446,COc1ccc(C(=Cc2ccc(N(c3ccccc3)c3ccccc3)cc2)NCCOCCn2c3ccccc3c3cc(-c4ccc(-c5ccc6c(c5)C(=O)c5ccccc5-6)cc4)ccc32)cc1,1,O=C1c2ccccc2-c2ccc(-c3ccc(-c4ccc5c(c4)c4ccccc4n5CCOCCNC(=Cc4ccc(N(c5ccccc5)c5ccccc5)cc4)c4ccccc4)cc3)cc21,0.9644391,435.8326,0.0821020,0.0821,0.5030149,3.4357,1.0000000,1.0000,[],50
46.1226,64.2045,-50.2680,0.1088793,CCCN(c1ccccc1)c1ccc2c(c1)CCC1C3=Cc4cc(NCCOCCNC)ccc4C(=O)C3CCC21C,1,O=C1c2ccccc2C=C2C1CCC1c3ccc(Nc4ccccc4)cc3CCC21,0.1031706,376.5211,0.2383060,0.2383,0.4341695,4.1716,1.0000000,1.0000,[],50
21.9769,46.8538,68.1179,0.8982167,C(=Cc1ccccc1)C[n+]1ccc(C=Cc2ccc(N(c3ccccc3)c3ccc(C=Cc4ccc(N(c5ccccc5)c5ccccc5)cc4)cc3)c(C=Cc3ccc(N(c4ccccc4)c4ccccc4)cc3)c2)cc1,1,C(=Cc1ccccc1)C[n+]1ccc(C=Cc2ccc(N(c3ccccc3)c3ccc(C=Cc4ccc(N(c5ccccc5)c5ccccc5)cc4)cc3)c(C=Cc3ccc(N(c4ccccc4)c4ccccc4)cc3)c2)cc1,0.9893787,470.7704,0.0628326,0.0628,0.4921041,3.5453,1.0000000,1.0000,[],50
35.1728,51.3191,25.4406,0.5996846,CCCCc1ccc(N(c2ccc(C=Cc3ccc(N(c4ccccc4)c4ccccc4)cc3)cc2)c2ccc(C=Cc3ccc4c(c3)c(CCCC)c(C=Cc3ccc(N(c5ccccc5)c5ccccc5)cc3)n4CCCC)cc2)cc1,1,C(=Cc1ccc(N(c2ccccc2)c2ccc(C=Cc3ccc4[nH]c(C=Cc5ccc(N(c6ccccc6)c6ccccc6)cc5)cc4c3)cc2)cc1)c1ccc(N(c2ccccc2)c2ccccc2)cc1,0.6495771,406.7010,0.0560598,0.0561,0.4712027,3.7623,1.0000000,1.0000,[],50
35.0390,43.9907,-8.8890,0.2742317,O=C(Cc1cccc2c1-c1ccccc1C2)c1ccccc1N=Cc1ccc(N(c2ccccc2)c2ccccc2)cc1,1,O=C(Cc1cccc2c1-c1ccccc1C2)c1ccccc1N=Cc1ccc(N(c2ccccc2)c2ccccc2)cc1,0.2758282,389.5199,0.1383074,0.1383,0.5811335,2.7139,1.0000000,1.0000,[],50
53.2523,73.0170,40.7017,0.8884275,COc1ccc2ccccc2c1C=C1C(=O)Nc2c1ccc(NCCCN=Cc1cccc[n+]1CCCNC(=O)c1cccnc1)c2N,1,O=C1Nc2cc(NCCCN=Cc3cccc[n+]3CCCNC(=O)c3cccnc3)ccc2C1=Cc1cccc2ccccc12,0.9878466,447.7498,0.0451046,0.0451,0.5035207,3.4307,1.0000000,1.0000,[],50
30.9761,44.3831,-13.5456,0.2409177,NC(=Cc1cc2cc(N(c3ccccc3)c3ccc(C=Cc4ccccc4)cc3)ccc2[nH]1)c1ccccc1,1,C(=Cc1ccc(N(c2ccccc2)c2ccc3[nH]c(C=Cc4ccccc4)cc3c2)cc1)c1ccccc1,0.2373520,387.3267,0.2132467,0.2132,0.5874222,2.6601,1.0000000,1.0000,[],50
32.9210,49.4383,67.1132,0.9105583,Clc1ccc(OCC=Cc2ccc(N=Nc3ccc(N(c4ccccc4)c4ccccc4)cc3)cc2)c(N(Cc2ccccc2)c2ccccc2)c1,1,C(=Cc1ccc(N=Nc2ccc(N(c3ccccc3)c3ccccc3)cc2)cc1)COc1ccccc1N(Cc1ccccc1)c1ccccc1,0.9830458,444.0824,0.1126760,0.1127,0.5500323,2.9889,1.0000000,1.0000,[],50
55.8433,76.4279,31.8069,0.8455838,CCCCCCCCCCOc1cc2c(C=Cc3ccc(C=Cc4ccc(C=Cc5ccc(N(CCCCCCCCCC)c6ccc(C=Cc7ccc(N(c8ccccc8)c8ccccc8)cc7)cc6)cc5)s4)s3)cccc2c(Oc2ccccc2)n1,1,C(=Cc1ccc(N(c2ccccc2)c2ccccc2)cc1)c1ccc(Nc2ccc(C=Cc3ccc(C=Cc4ccc(C=Cc5cccc6c(Oc7ccccc7)nccc56)s4)s3)cc2)cc1,0.9536830,487.1584,0.0296820,0.0297,0.4240350,4.2897,1.0000000,1.0000,[],50
22.7813,42.3178,76.8236,0.9307920,Clc1ccc(N(c2ccccc2)c2ccc(N=Nc3ccc(N(c4ccccc4)c4ccc(Cl)cc4)cc3Cl)cc2)cc1,1,c1ccc(N(c2ccccc2)c2ccc(N=Nc3ccc(N(c4ccccc4)c4ccccc4)cc3)cc2)cc1,0.9930888,453.9359,0.1587044,0.1587,0.6092774,2.4774,1.0000000,1.0000,[],50
15.5994,35.3158,35.0605,0.5498143,C(=Cc1ccc(N(c2ccccc2)c2ccc(C=Cc3ccc(N(c4ccccc4)c4ccccc4)nc3)cc2)cc1)c1ccc(N(c2ccccc2)c2ccccc2)cc1,1,C(=Cc1ccc(N(c2ccccc2)c2ccc(C=Cc3ccc(N(c4ccccc4)c4ccccc4)nc3)cc2)cc1)c1ccc(N(c2ccccc2)c2ccccc2)cc1,0.5778757,403.4099,0.1086227,0.1086,0.5885550,2.6504,1.0000000,1.0000,[],50
45.0187,68.9918,-68.9918,0.0000000,CC1CCc2ccc1cc2N(c1ccccc1)c1ccc(C=CC2=CC=C3CCN3c3ccccc32)cc1,1,C(=Cc1ccc(N(c2ccccc2)c2cc3ccc2CCC3)cc1)C1=CC=C2CCN2c2ccccc21,0.0000000,0.0000,0.2736972,0.2737,0.4212888,4.3222,1.0000000,1.0000,[],50
33.6072,51.2658,-15.8701,0.2765290,C(=Cc1ccc(N(c2ccccc2)c2ccc3c(N(c4ccccc4N(c4ccccc4)c4ccccc4)c4ccc5ccc(N(c6ccccc6)c6ccccc6)cc5c4-c4ccccc4)cccc3c2)cc1)c1ccccc1,1,C(=Cc1ccc(N(c2ccccc2)c2ccc3c(N(c4ccccc4N(c4ccccc4)c4ccccc4)c4ccc5ccc(N(c6ccccc6)c6ccccc6)cc5c4-c4ccccc4)cccc3c2)cc1)c1ccccc1,0.2825314,389.8816,0.0948872,0.0949,0.4960855,3.5050,1.0000000,1.0000,[],50
30.9607,58.4349,56.9614,0.9015340,c1ccc(N(c2ccccc2)c2ccc(N=Nc3ccc(NCc4cc[n+](Cc5cc[n+](CCCN(c6ccc(N(c7ccccc7)c7ccccc7)cc6)c6cccs6)cc5)cc4)cc3)cc2)cc1,1,c1ccc(N(c2ccccc2)c2ccc(N=Nc3ccc(NCc4cc[n+](Cc5cc[n+](CCCN(c6ccc(N(c7ccccc7)c7ccccc7)cc6)c6cccs6)cc5)cc4)cc3)cc2)cc1,0.9932904,465.7405,0.0648354,0.0648,0.4680203,3.7962,1.0000000,1.0000,[],50
14.5890,25.1895,92.5307,0.9196894,Nc1ccc(N=Nc2ccc(N(c3ccccc3)c3ccccc3)cc2)cc1,1,c1ccc(N=Nc2ccc(N(c3ccccc3)c3ccccc3)cc2)cc1,0.9593639,434.3268,0.3017204,0.3017,0.6583284,2.0903,1.0000000,1.0000,[],50
30.6324,35.5684,84.5811,0.9386675,N#Cc1c2ccccc2c(N(c2ccccc2)c2ccc(-c3ccc4oc5ccccc5c4c3)cc2)c2ccccc12,1,c1ccc(N(c2ccc(-c3ccc4oc5ccccc5c4c3)cc2)c2c3ccccc3cc3ccccc23)cc1,0.9934222,454.4763,0.2100536,0.2101,0.6001186,2.5531,1.0000000,1.0000,[],50
23.2090,38.4157,-15.5008,0.1790225,C(=Cc1c(-c2ccccc2)n(-c2ccc(-c3ccccc3)cc2)c2ccccc12)c1ccc(N(c2ccccc2)c2ccccc2)cc1,1,C(=Cc1c(-c2ccccc2)n(-c2ccc(-c3ccccc3)cc2)c2ccccc12)c1ccc(N(c2ccccc2)c2ccccc2)cc1,0.1748995,383.1570,0.1652841,0.1653,0.6103473,2.4686,1.0000000,1.0000,[],50
38.8674,64.9337,-55.4791,0.0738647,CCCCN1c2ccccc2C(N=Cc2cc(-c3ccc(N(c4ccccc4)c4ccccc4)cc3)ccc2-c2ccc(N(c3ccccc3)c3ccccc3)cc2)c2cc(Nc3ccccc3)ccc21,1,C(=NC1c2ccccc2Nc2ccc(Nc3ccccc3)cc21)c1cc(-c2ccc(N(c3ccccc3)c3ccccc3)cc2)ccc1-c1ccc(N(c2ccccc2)c2ccccc2)cc1,0.0703319,371.9706,0.1039307,0.1039,0.4539222,3.9491,1.0000000,1.0000,[],50
30.7548,54.2208,61.8764,0.9070095,CN(CCO)c1ccc(N=Nc2ccc3c(c2)c2ccccc2n3CCCSc2ccc(N=Nc3ccc(Nc4ccccc4)cc3)cc2)cc1,1,c1ccc(N=Nc2ccc3c(c2)c2ccccc2n3CCCSc2ccc(N=Nc3ccc(Nc4ccccc4)cc3)cc2)cc1,0.9956579,460.9899,0.0675420,0.0675,0.5321074,3.1545,1.0000000,1.0000,[],50
25.2759,39.5786,49.6178,0.6968468,CSCC[n+]1ccc(C=Cc2cccc(C=Cc3ccccn3)c2)cc1,1,C(=Cc1cccc(C=Cc2ccccn2)c1)c1cc[nH+]cc1,0.7051488,409.4669,0.5476355,0.5476,0.5698920,2.8115,1.0000000,1.0000,[],50
19.7203,30.1956,85.2380,0.9018252,O=C(C=Cc1ccc([N+](=O)[O-])cc1)Nc1ccc(N(c2ccccc2)c2ccccc2)cc1,1,O=C(C=Cc1ccccc1)Nc1ccc(N(c2ccccc2)c2ccccc2)cc1,0.9523653,432.5220,0.1986676,0.1987,0.6542733,2.1212,1.0000000,1.0000,[],50
36.5502,51.3531,62.3889,0.8886096,O=S(=O)(O)c1cc2c(cc1N=Nc1ccc(Nc3ccc(N=Nc4ccccc4)cc3)cc1)CCC(c1ccc(Nc3ccccc3)cc1)=C2,1,C1=C(c2ccc(Nc3ccccc3)cc2)CCc2cc(N=Nc3ccc(Nc4ccc(N=Nc5ccccc5)cc4)cc3)ccc21,0.9629278,484.6364,0.0982246,0.0982,0.5327450,3.1486,1.0000000,1.0000,[],50
25.2929,30.5605,-21.9214,0.0674937,Oc1cc(-c2nc3ncccc3o2)ccc1Nc1ccccc1,1,c1ccc(Nc2ccc(-c3nc4ncccc4o3)cc2)cc1,0.0602228,370.1684,0.5508568,0.5509,0.6500610,2.1534,1.0000000,1.0000,[],50
25.7766,44.6356,74.5359,0.9310272,FC(F)c1ccc(C=Cc2ccc(N=Nc3ccc(N(c4ccccc4)c4ccccc4)cc3)cc2)nc1,1,C(=Cc1ccccn1)c1ccc(N=Nc2ccc(N(c3ccccc3)c3ccccc3)cc2)cc1,0.9874935,447.4349,0.1980885,0.1981,0.5786992,2.7349,1.0000000,1.0000,[],50
16.9788,29.0556,-15.2242,0.1080577,O=Cc1ccc(N(c2ccccc2)c2ccc(N(c3ccccc3)c3ccc(N(c4ccccc4)c4ccccc4)cc3)cc2)cc1,1,c1ccc(N(c2ccccc2)c2ccc(N(c3ccccc3)c3ccc(N(c4ccccc4)c4ccccc4)cc3)cc2)cc1,0.1030572,376.5078,0.1445545,0.1446,0.6629948,2.0549,1.0000000,1.0000,[],50
37.3565,59.5890,-44.3568,0.1190015,COc1cccc(Nc2nc(Nc3cccc(Nc4ccccc4)c3)ncc2-c2ccc(C=Cc3ccc(N(c4ccccc4)c4ccccc4)cc3)cc2)c1,1,C(=Cc1ccc(N(c2ccccc2)c2ccccc2)cc1)c1ccc(-c2cnc(Nc3cccc(Nc4ccccc4)c3)nc2Nc2ccccc2)cc1,0.1157540,377.9241,0.1020698,0.1021,0.5576037,2.9205,1.0000000,1.0000,[],50
29.9623,45.8533,72.7132,0.9263011,O=c1c(=Cc2ccc(N(c3ccccc3)c3ccccc3)cc2)sc2c(-c3ccc(N(c4ccccc4)c4ccc(-c5ccccc5)cc4)cc3)c3ccccc3n12,1,O=c1c(=Cc2ccc(N(c3ccccc3)c3ccccc3)cc2)sc2c(-c3ccc(N(c4ccccc4)c4ccc(-c5ccccc5)cc4)cc3)c3ccccc3n12,0.9925125,466.9400,0.1465347,0.1465,0.5542927,2.9503,1.0000000,1.0000,[],50
15.9927,25.3930,-12.4735,0.1009336,C(=Cc1ccc(N(c2ccccc2)c2ccc(N(c3ccccc3)c3ccccc3)cc2)cc1)c1ccccc1,1,C(=Cc1ccc(N(c2ccccc2)c2ccc(N(c3ccccc3)c3ccccc3)cc2)cc1)c1ccccc1,0.0950571,375.5341,0.1863859,0.1864,0.6948601,1.8202,1.0000000,1.0000,[],50
57.7569,74.8213,-74.8213,0.0000000,c1(F)ccc(cc1)S(CS(=O)(=O)c1ccc(cc1)NCCCCCCCCNc1ccc(Nc2ccc(cc2)N=c2cc(O)ccc2Nc2ccccc2)cc1)(=O)=O,0,,0.0000000,0.0000,0.0000000,0.0000,0.0000000,0.0000,0.0000000,0.0000,None,50
40.7708,56.8427,56.9862,0.8892885,C(Cc1ccc(N(c2ccccc2)c2ccccc2)cc1)=c1c(-c2ccc(N(c3ccccc3)c3ccccc3)s2)c(N(c2ccccc2)c2ccccc2)sc1=C(c1ccccc1)c1ccccc1,1,C(Cc1ccc(N(c2ccccc2)c2ccccc2)cc1)=c1c(-c2ccc(N(c3ccccc3)c3ccccc3)s2)c(N(c2ccccc2)c2ccccc2)sc1=C(c1ccccc1)c1ccccc1,0.9623664,435.1941,0.1075635,0.1076,0.4965521,3.5003,1.0000000,1.0000,[],50
19.0206,34.1581,82.9841,0.9151739,C=CCN(CC=C)c1ccc(N=Nc2ccc(N=Cc3ccc(N(c4ccccc4)c4ccccc4)cc3)cc2)cc1,1,C(=Nc1ccc(N=Nc2ccccc2)cc1)c1ccc(N(c2ccccc2)c2ccccc2)cc1,0.9952792,458.0982,0.0885600,0.0886,0.5648586,2.8559,1.0000000,1.0000,[],50
36.2941,48.6204,-46.8335,0.0139601,N=c1oc2cc(-c3ccccc3)c(NC(=O)c3ccccc3)cc2c2cc(NC(=O)c3ccccc3)ccc12,1,N=c1oc2cc(-c3ccccc3)c(NC(=O)c3ccccc3)cc2c2cc(NC(=O)c3ccccc3)ccc12,0.0118256,351.9497,0.2138646,0.2139,0.6167672,2.4163,1.0000000,1.0000,[],50
50.1917,72.5503,32.4188,0.8200710,CCCCN(CCCC)c1ccc2c3ccccc3n(C=Cc3cc[n+](CCCCCC[n+]4ccc(N(c5ccc(C=Cc6cccc[n+]6CCCN(c6ccccc6)c6ccccc6)cc5)c5ccc(Oc6ccccc6)cc5)cc4)cc3)c2c1,1,C(=Cc1cccc[n+]1CCCN(c1ccccc1)c1ccccc1)c1ccc(N(c2ccc(Oc3ccccc3)cc2)c2cc[n+](CCCCCC[n+]3ccc(C=Cn4c5ccccc5c5ccccc54)cc3)cc2)cc1,0.9199576,493.4888,0.0345764,0.0346,0.4031183,4.5426,1.0000000,1.0000,[],50
34.5511,54.9265,58.2579,0.8842529,COc1ccccc1C=Nc1ccsc1C=Cc1ccc(N2Cc3ccccc3Nc3ccccc32)cc1,1,C(=Cc1sccc1N=Cc1ccccc1)c1ccc(N2Cc3ccccc3Nc3ccccc32)cc1,0.9313564,428.3129,0.2301115,0.2301,0.5661263,2.8447,1.0000000,1.0000,[],50
38.4693,49.5432,-12.5890,0.2887044,C1=CC(c2nnc3ccc(-c4ccc(-c5cc(-c6ccccc6)cc(-c6ccccc6)n5)cc4)nn23)N(c2ccccc2)c2ccccc21,1,C1=CC(c2nnc3ccc(-c4ccc(-c5cc(-c6ccccc6)cc(-c6ccccc6)n5)cc4)nn23)N(c2ccccc2)c2ccccc21,0.2894265,390.2482,0.1830074,0.1830,0.5080412,3.3860,1.0000000,1.0000,[],50
44.2424,48.1475,63.4180,0.8716056,CN(C)CCCN1c2ccccc2C=Cc2c1noc2C1=C(N)C=C1,1,C1=CC(c2onc3c2C=Cc2ccccc2N3)=C1,0.8798587,421.6180,0.9069025,0.9069,0.5248640,3.2231,1.0000000,1.0000,[],50
22.2462,42.3835,66.0756,0.8473372,C(=Cc1ccc(N(c2ccc(-c3ccc(C=Cc4ccc(N(c5ccccc5)c5ccccc5)cc4)s3)cc2)c2ccc(N(c3ccccc3)c3ccccc3)c3ccccc23)cc1)c1ccccc1,1,C(=Cc1ccc(N(c2ccc(-c3ccc(C=Cc4ccc(N(c5ccccc5)c5ccccc5)cc4)s3)cc2)c2ccc(N(c3ccccc3)c3ccccc3)c3ccccc23)cc1)c1ccccc1,0.9150624,425.8088,0.1006655,0.1007,0.5365162,3.1133,1.0000000,1.0000,[],50
25.5176,45.0142,43.0965,0.6883647,COc1ccc(N(c2ccccc2)c2ccc(N(c3ccc(N(c4ccccc4)c4ccccc4)cc3)c3nc(-c4ccc(N(c5ccccc5)c5ccccc5)cc4)c(C=Cc4ccccc4)s3)cc2)cc1,1,C(=Cc1sc(N(c2ccc(N(c3ccccc3)c3ccccc3)cc2)c2ccc(N(c3ccccc3)c3ccccc3)cc2)nc1-c1ccc(N(c2ccccc2)c2ccccc2)cc1)c1ccccc1,0.7369272,411.1837,0.0960085,0.0960,0.5185580,3.2835,1.0000000,1.0000,[],50
22.4073,36.4738,72.9059,0.8545296,C(=Nc1ccc(N=Cc2ccc(N(c3ccccc3)c3ccccc3)cc2)cc1)c1ccc(C=Nc2ccc(N=Nc3ccccc3)cc2)cc1,1,C(=Nc1ccc(N=Cc2ccc(N(c3ccccc3)c3ccccc3)cc2)cc1)c1ccc(C=Nc2ccc(N=Nc3ccccc3)cc2)cc1,0.9216070,426.7567,0.1007284,0.1007,0.5830475,2.6974,1.0000000,1.0000,[],50
24.4915,35.6104,41.0876,0.5992033,COc1ccc(N(c2ccc(C)cc2)c2ccc(C=Cc3ccc(N(c4ccccc4)c4ccc(C=Cc5ccc(N(c6ccccc6)c6ccccc6)cc5)cc4)cc3)cc2)cc1,1,C(=Cc1ccc(N(c2ccccc2)c2ccc(C=Cc3ccc(N(c4ccccc4)c4ccccc4)cc3)cc2)cc1)c1ccc(N(c2ccccc2)c2ccccc2)cc1,0.6340718,405.9686,0.1016623,0.1017,0.5839731,2.6895,1.0000000,1.0000,[],50
24.4905,37.1462,-10.7639,0.2061114,C(=Cc1ccc(N(c2ccccc2)c2ccccc2)cc1)c1ccc(C(=CCOc2ccccc2)c2ccc(N(c3ccccc3)c3ccccc3)cc2)cc1,1,C(=Cc1ccc(N(c2ccccc2)c2ccccc2)cc1)c1ccc(C(=CCOc2ccccc2)c2ccc(N(c3ccccc3)c3ccccc3)cc2)cc1,0.2055764,385.3230,0.1102276,0.1102,0.5962619,2.5854,1.0000000,1.0000,[],50
23.6683,45.8780,71.1778,0.9144987,C(=Cc1cccc(N(c2ccccc2)c2ccc(C=Cc3ccc(C=Cc4ccc(C=Cc5cccs5)s4)s3)cc2)c1)c1ccc(N(c2ccccc2)c2ccccc2)cc1,1,C(=Cc1cccc(N(c2ccccc2)c2ccc(C=Cc3ccc(C=Cc4ccc(C=Cc5cccs5)s4)s3)cc2)c1)c1ccc(N(c2ccccc2)c2ccccc2)cc1,0.9919100,467.7869,0.1006878,0.1007,0.5275413,3.1976,1.0000000,1.0000,[],50
39.9637,53.2827,64.7705,0.9222907,NC(=O)c1c(-c2ccc(Br)cc2)csc1N=Cc1ccc(N=Nc2ccc(N(c3ccccc3)c3ccccc3)cc2)c(Br)c1,1,C(=Nc1cc(-c2ccccc2)cs1)c1ccc(N=Nc2ccc(N(c3ccccc3)c3ccccc3)cc2)cc1,0.9950868,462.3376,0.1184339,0.1184,0.5429767,3.0534,1.0000000,1.0000,[],50
47.2259,56.8245,60.7135,0.9182658,CCOc1cc2c(cc1SCc1ccccc1)nnn2-c1ccc(N=Nc2ccccc2)c2ccccc12,1,c1ccc(CSc2ccc3c(c2)nnn3-c2ccc(N=Nc3ccccc3)c3ccccc23)cc1,0.9818416,443.3241,0.1502067,0.1502,0.5773228,2.7468,1.0000000,1.0000,[],50
32.2298,51.3089,31.9955,0.6508160,O=S(=O)(O)CCCN1c2ccc(C=Cc3ccc(N(c4ccccc4)c4ccccc4)cc3)cc2Sc2cc(C=Cc3cc[n+](CCCC[n+]4ccccc4)cc3)ccc21,1,C(=Cc1ccc2c(c1)Sc1cc(C=Cc3cc[n+](CCCC[n+]4ccccc4)cc3)ccc1N2)c1ccc(N(c2ccccc2)c2ccccc2)cc1,0.7123916,510.1521,0.0452851,0.0453,0.4839870,3.6285,1.0000000,1.0000,[],50
25.1342,40.6021,76.4581,0.9145332,CCN(c1ccc(C=Cc2ccc(N=Nc3ccccc3)cc2)cc1)c1ccc(N=Nc2ccc(C=Cc3ccc(N)cc3)cc2)cc1,1,C(=Cc1ccc(N=Nc2ccc(Nc3ccc(C=Cc4ccc(N=Nc5ccccc5)cc4)cc3)cc2)cc1)c1ccccc1,0.9945359,463.4975,0.0883912,0.0884,0.5667456,2.8392,1.0000000,1.0000,[],50
