Agent,Prior,Target,Score,SMILES,SMILES_state,Scaffold,lambda_abs,lambda_abs (raw),QED,QED (raw),SA score,SA score (raw),Unwanted SMARTS,Unwanted SMARTS (raw),matchting_patterns (Unwanted SMARTS),step
47.2952,53.6932,-53.6932,0.0000000,CCOC(=O)COc1ccc(C=C(c2ccc(-c3ccc(C=C(C#N)C(=O)O)cc3)cc2)c2ccc3c(c2)C(C)(C)c2cc(C)ccc2-3)cc1,1,C(=C(c1ccc(-c2ccccc2)cc1)c1ccc2c(c1)Cc1ccccc1-2)c1ccccc1,0.0000000,0.0000,0.0000000,0.0000,0.0000000,0.0000,0.0000000,0.0000,"['C(=[O,S])[O,S]']",1
25.4103,26.4334,-26.3961,0.0002914,Cc1ccc(-c2cccc(-c3nc4ccccc4s3)c2)cc1,1,c1ccc(-c2cccc(-c3nc4ccccc4s3)c2)cc1,0.0001962,307.3185,0.4463407,0.4463,0.7097745,1.7140,1.0000000,1.0000,[],1
74.7268,91.6406,-91.6406,0.0000000,N#CC(=CC(O)=Cc1ncccc1Nc1cc(-c2ccc(C(=O)O)cc2)c(-c2cccc(F)c2)c2c1C(=O)c1cc(Nc3ccccc3)ccc1-2)C(=O)O,1,O=C1c2cc(Nc3ccccc3)ccc2-c2c1c(Nc1cccnc1)cc(-c1ccccc1)c2-c1ccccc1,0.0000000,0.0000,0.0000000,0.0000,0.0000000,0.0000,0.0000000,0.0000,"['C(=[O,S])[O,S]']",1
21.3887,24.2824,-0.8927,0.1827323,Cc1cc(-c2ccccc2)[n+](C)c2ccccc12,1,c1ccc(-c2ccc3ccccc3[nH+]2)cc1,0.1716834,382.9133,0.5659261,0.5659,0.6486773,2.1641,1.0000000,1.0000,[],1
57.9679,67.0354,43.6318,0.8645876,CCCCCCOc1ccc(-n2nc(C(=O)c3ccc(Oc4ccc(C#N)cc4)c(Oc4ccccc4)c3)c3nc(-c4ccc(N(CCCC)CCCC)cc4)cnc32)cc1,1,O=C(c1ccc(Oc2ccccc2)c(Oc2ccccc2)c1)c1nn(-c2ccccc2)c2ncc(-c3ccccc3)nc12,0.9553928,433.2694,0.0516327,0.0516,0.5157257,3.3109,1.0000000,1.0000,[],1
44.5093,47.5736,73.8559,0.9486677,CN(C)CCN(CCC#N)CC(C#N)(C#N)CC(C#N)(C#N)C(=O)C#N,1,,0.9831865,444.1745,0.5035041,0.5035,0.4492566,4.0008,1.0000000,1.0000,[],1
33.3642,31.4175,-31.2704,0.0011498,Cc1cc(Cl)ccc1CCNc1ncnc2c(Cl)cccc12,1,c1ccc(CCNc2ncnc3ccccc23)cc1,0.0008203,322.8587,0.7383500,0.7384,0.6504874,2.1502,1.0000000,1.0000,[],1
38.5160,48.0746,38.1472,0.6736072,O=C1C(c2ccc3c(c2)OCO3)=C(n2nnc3ccccc32)C(=O)N1c1c(F)c(F)c(F)c(F)c1F,1,O=C1C(c2ccc3c(c2)OCO3)=C(n2nnc3ccccc32)C(=O)N1c1ccccc1,0.7047771,409.4475,0.1842204,0.1842,0.5493765,2.9949,1.0000000,1.0000,[],1
40.1106,42.4911,-42.4911,0.0000000,O=C(CCNC(=O)c1cc2ccccc2o1)NC(COC1OC(CO)C(O)C(O)C1O)C(=O)O,1,O=C(CCNC(=O)c1cc2ccccc2o1)NCCOC1CCCCO1,0.0000000,0.0000,0.0000000,0.0000,0.0000000,0.0000,0.0000000,0.0000,"['C(=[O,S])[O,S]']",1
39.3249,42.0650,-42.0650,0.0000000,CCCNS(=O)(=O)c1cc2c(cc1F)c(C)c(C(=O)O)c(=O)n2C,1,O=c1ccc2ccccc2[nH]1,0.0000000,0.0000,0.0000000,0.0000,0.0000000,0.0000,0.0000000,0.0000,"['C(=[O,S])[O,S]']",1
63.6355,68.9586,-64.8438,0.0321465,C=CCCOc1c2cc(Cl)cc(Cl)c2c(Cl)c2c(C=Cc3ccc(Cl)cc3)c3c(Cl)c(O)c(Cl)c(Cl)c3cc12,1,C(=Cc1c2ccccc2cc2cc3ccccc3cc12)c1ccccc1,0.0296680,557.8658,0.0647438,0.0647,0.5083483,3.3829,1.0000000,1.0000,[],1
23.3861,26.9240,-26.8833,0.0003179,N#Cc1ccccc1-c1ccc(-c2cccc3ccccc23)cc1,1,c1ccc(-c2ccc(-c3cccc4ccccc34)cc2)cc1,0.0002150,308.3148,0.4422994,0.4423,0.7070198,1.7335,1.0000000,1.0000,[],1
24.7919,28.9156,-11.9622,0.1324479,COc1ccc(-c2cnc3cc(OC)ccc3c2C#N)cc1,1,c1ccc(-c2cnc3ccccc3c2)cc1,0.1212768,378.4981,0.7360797,0.7361,0.6643986,2.0444,1.0000000,1.0000,[],1
14.9891,20.8342,-20.8342,0.0000000,N#CC(=Cc1ccccc1)C(=O)O,1,c1ccccc1,0.0000000,0.0000,0.0000000,0.0000,0.0000000,0.0000,0.0000000,0.0000,"['C(=[O,S])[O,S]']",1
28.4000,32.1511,-30.5639,0.0123998,c1ccc(N(c2ccccc2)c2ccc3c(c2)sc2ccc(-c4ccc5[nH]c6ccccc6c5c4)cc23)cc1,1,c1ccc(N(c2ccccc2)c2ccc3c(c2)sc2ccc(-c4ccc5[nH]c6ccccc6c5c4)cc23)cc1,0.0103947,350.5337,0.2464028,0.2464,0.6091528,2.4784,1.0000000,1.0000,[],1
58.3445,61.8123,-61.1879,0.0048782,CCC1(C)OC(O)C(c2ccc3c(c2)C2=C(CO)C=CC3(C)C2(C)C)O1,1,C1=CC2CC(=C1)c1cc(C3COCO3)ccc12,0.0037902,339.5079,0.8640506,0.8641,0.3323601,5.5077,1.0000000,1.0000,[],1
65.9581,68.6762,-68.6762,0.0000000,C12C=C3C(=C(C2=O)c2c(N1C1C4C(C(C(C)(C)C1=C(C)C=24)=O)=O)cc(cc3)C(C)(C)C)C,0,,0.0000000,0.0000,0.0000000,0.0000,0.0000000,0.0000,0.0000000,0.0000,None,1
38.2180,47.5277,-47.5277,0.0000000,c1cccc(N(c2ccccc2)c2ccc(-c3n(c(-c4ccc(-c5ccc(N(c6ccccc6)c6ccccc6)cc5)cc4)c(=O)o3)CCCCCCCC)cc2)c1,0,,0.0000000,0.0000,0.0000000,0.0000,0.0000000,0.0000,0.0000000,0.0000,None,1
26.7544,27.7950,-24.5735,0.0251684,CC(N)=CC(N)=C(N)c1ccccc1,1,c1ccccc1,0.0213060,358.4464,0.6102414,0.6102,0.5763939,2.7548,1.0000000,1.0000,[],1
38.7259,42.0181,-42.0181,0.0000000,n1c2n(Cc3ccc(cc3)NC=O)nc(c2c([nH]c1N1CCCC1)=O)=O,0,,0.0000000,0.0000,0.0000000,0.0000,0.0000000,0.0000,0.0000000,0.0000,None,1
54.8460,63.3751,25.8686,0.6972165,CN(C)Oc1ccc(-c2sc(-c3ccc(N(O)c4ccc(Oc5ccccc5)cc4)cc3)c3c2C(N)=NS3(=O)=O)cc1,1,O=S1(=O)N=Cc2c(-c3ccccc3)sc(-c3ccc(Nc4ccc(Oc5ccccc5)cc4)cc3)c21,0.7311249,410.8610,0.1903939,0.1904,0.5120421,3.3467,1.0000000,1.0000,[],1
36.1061,36.0518,-36.0129,0.0003044,COc1ccc(Cl)c(NC(=O)C2C(c3ccc(F)c(F)c3)C2(Cl)Cl)c1,1,O=C(Nc1ccccc1)C1CC1c1ccccc1,0.0002035,307.7162,0.7129561,0.7130,0.5411879,3.0699,1.0000000,1.0000,[],1
37.9135,38.1211,-38.1211,0.0000000,CCOC(=O)C=Cc1ccc(-c2ccccc2NC(=O)c2ccccc2C(F)(F)F)cn1,1,O=C(Nc1ccccc1-c1cccnc1)c1ccccc1,0.0000000,0.0000,0.0000000,0.0000,0.0000000,0.0000,0.0000000,0.0000,"['C(=[O,S])[O,S]']",1
36.8238,33.0767,-33.0750,0.0000134,CCc1nnc(CN2CCCC2CN(C)C(=O)C(CC)CC)o1,1,c1nnc(CN2CCCC2)o1,0.0000076,272.0271,0.7356329,0.7356,0.5297707,3.1766,1.0000000,1.0000,[],1
25.9053,24.3367,-24.3041,0.0002549,CN(Cc1nnn(C)n1)C1(CN)CCCC1,1,C1CCC(NCc2nn[nH]n2)C1,0.0001685,305.6658,0.7737220,0.7737,0.5342807,3.1342,1.0000000,1.0000,[],1
69.6378,73.6878,-73.6878,0.0000000,n1c(CN2c3ccccc3SC(S2)C(=O)O)n2[C@H](C(=C(Nc2cc1)C)C(=O)O)c1cc(c(cc1)F)Br,0,,0.0000000,0.0000,0.0000000,0.0000,0.0000000,0.0000,0.0000000,0.0000,None,1
33.3824,38.0234,-38.0226,0.0000063,CCc1c(-c2cc(C)c(OC)c(C)c2)nn(C)c1-c1ccc(C)cc1,1,c1ccc(-c2cc(-c3ccccc3)[nH]n2)cc1,0.0000034,263.3766,0.6513344,0.6513,0.6268573,2.3352,1.0000000,1.0000,[],1
39.7961,45.8142,-45.5955,0.0017086,CSc1ccccc1N1CC=C(c2csc3cc(N4CCCCC4)ccc23)CC1,1,C1=C(c2csc3cc(N4CCCCC4)ccc23)CCN(c2ccccc2)C1,0.0012697,327.6061,0.4235590,0.4236,0.5842301,2.6873,1.0000000,1.0000,[],1
40.0014,45.8759,-37.7897,0.0631729,N#Cc1ccc(Cn2nccc2NC(=O)Cc2cccc(-c3cccc4nsnc34)c2)cc1,1,O=C(Cc1cccc(-c2cccc3nsnc23)c1)Nc1ccnn1Cc1ccccc1,0.0568135,369.4963,0.4059682,0.4060,0.5989210,2.5631,1.0000000,1.0000,[],1
35.7544,43.5699,-43.5699,0.0000000,O=Cc1cccc(C=CC(=O)c2ccc(C=C3SC(=S)NC3=O)cc2)c1O,1,O=C1NC(=S)SC1=Cc1ccc(C(=O)C=Cc2ccccc2)cc1,0.0000000,0.0000,0.0000000,0.0000,0.0000000,0.0000,0.0000000,0.0000,"['C(=[O,S])[O,S]']",1
62.3519,62.9265,5.6576,0.5358133,CCCC(OC)=C1C=C(C=Cc2ccccc2OC)C[N+](CC)(C(=O)NCc2ccc(OC)cc2)CC1,1,C=C1C=C(C=Cc2ccccc2)C[NH+](C(=O)NCc2ccccc2)CC1,0.5476835,402.0772,0.2960289,0.2960,0.4608043,3.8739,1.0000000,1.0000,[],1
30.1696,37.8061,-37.8061,0.0000000,CCN(CC)c1ccc(C=C2SC(=S)N(CCCCCC(=O)O)C2=O)c(-c2ccc(N(C)C)cc2)c1,1,O=C1NC(=S)SC1=Cc1ccccc1-c1ccccc1,0.0000000,0.0000,0.0000000,0.0000,0.0000000,0.0000,0.0000000,0.0000,"['C(=[O,S])[O,S]']",1
55.0371,67.0207,-67.0207,0.0000000,C(Cc1cccc(-c2nc(-c3ccccc3OCC)nc(n2)-c2c(C#N)c3c4c5c(ccc4cc2)cccc5cc3)c1OCCCC)CCCC,0,,0.0000000,0.0000,0.0000000,0.0000,0.0000000,0.0000,0.0000000,0.0000,None,1
54.6264,58.6640,-54.0817,0.0357993,O=C1c2ccccc2CCC12C=C(c1ccccc1)C(=Nc1ccc(Cl)cc1)C=C(c1ccccc1)C2c1ccccc1,1,O=C1c2ccccc2CCC12C=C(c1ccccc1)C(=Nc1ccccc1)C=C(c1ccccc1)C2c1ccccc1,0.0321161,363.0225,0.2094893,0.2095,0.4391894,4.1141,1.0000000,1.0000,[],1
47.9696,57.9004,-57.9004,0.0000000,O=C(N(CCOc1ccc(cc1)OC)CCCCCCC)c1sc2c3CCCN4c3c(c12)ccc4,0,,0.0000000,0.0000,0.0000000,0.0000,0.0000000,0.0000,0.0000000,0.0000,None,1
52.0028,56.4420,-43.3201,0.1025151,CC=CC(C)=C(O)C(C)=CC(C)=Cc1c(N)n[nH]c1-c1ccccc1,1,c1ccc(-c2ccn[nH]2)cc1,0.0942502,375.4319,0.5044858,0.5045,0.5089938,3.3766,1.0000000,1.0000,[],1
53.7437,58.8062,-58.8062,0.0000000,CN(C)c1ccc(C#CC(=O)C23CCCN2CCc2cc4c(cc2C3N2Cc3ccccc3C2=O)OCO4)cc1,1,O=C1c2ccccc2CN1C1c2cc3c(cc2CCN2CCCC12C(=O)C#Cc1ccccc1)OCO3,0.0000000,0.0000,0.0000000,0.0000,0.0000000,0.0000,0.0000000,0.0000,['C#C'],1
59.6723,60.5994,-55.9708,0.0361613,[C-]#[N+]c1c(Cl)cc(OCc2ccc(-c3ccc(-c4nc5ccc(O)cc5nc4CC)cc3)cc2)cc1OC(F)(F)F,1,c1ccc(OCc2ccc(-c3ccc(-c4cnc5ccccc5n4)cc3)cc2)cc1,0.0323657,363.1093,0.1962178,0.1962,0.5546830,2.9468,1.0000000,1.0000,[],1
28.3829,31.8560,-31.5002,0.0027794,CNCc1sc(-c2ccc(Cl)cc2)nc1-c1ccc(SC)cc1,1,c1ccc(-c2csc(-c3ccccc3)n2)cc1,0.0020918,333.0356,0.6016939,0.6017,0.6370886,2.2542,1.0000000,1.0000,[],1
75.1155,79.3406,22.0512,0.7921232,Cc1cc(C)c(C2C=CC3=C(c4c5cccc(O)c5cn4CC3=O)C2CB(O)O)c(-c2ccc(C)c3ccccc23)c1,1,O=C1Cn2cc3ccccc3c2C2=C1C=CC(c1ccccc1-c1cccc3ccccc13)C2,0.8369917,502.2372,0.2122650,0.2123,0.4169320,4.3742,1.0000000,1.0000,[],1
34.4853,37.6961,-36.5596,0.0088792,CCCCn1nc(CCC)c2cc(N3CCc4ccccc43)ccc21,1,c1ccc2c(c1)CCN2c1ccc2[nH]ncc2c1,0.0071090,346.3726,0.5951070,0.5951,0.6251504,2.3488,1.0000000,1.0000,[],1
29.5382,29.2622,56.5268,0.6702263,COc1cc(C=C2C(=O)NC(=O)N(O)C2=O)ccc1O,1,O=C1NC(=O)C(=Cc2ccccc2)C(=O)N1,0.6825838,408.3132,0.4054865,0.4055,0.5979980,2.5708,1.0000000,1.0000,[],1
57.0805,59.2237,-59.0235,0.0015643,N#Cc1cc(Nc2cc(C(F)(F)F)ccn2)cc(-c2ccc3c(c2)ncn3-c2ccc(-c3cccc(C=NO)c3)cc2)c1,1,c1ccc(-c2ccc(-n3cnc4cc(-c5cccc(Nc6ccccn6)c5)ccc43)cc2)cc1,0.0012058,327.0447,0.1186993,0.1187,0.5545271,2.9482,1.0000000,1.0000,[],1
41.8919,45.9273,-45.9273,0.0000000,COC(=O)C(OC(=O)NC(C)(Cc1ccc(OCc2ccccc2)cc1)C(=O)O)=C(C)C,1,c1ccc(COc2ccccc2)cc1,0.0000000,0.0000,0.0000000,0.0000,0.0000000,0.0000,0.0000000,0.0000,"['C(=[O,S])[O,S]']",1
34.3871,30.4241,-30.4241,0.0000000,CCOC(=O)COc1c(I)cc(C=Nn2c(-c3ccc(C)cc3)nc3ccccc3c2=O)cc1OC,1,O=c1c2ccccc2nc(-c2ccccc2)n1N=Cc1ccccc1,0.0000000,0.0000,0.0000000,0.0000,0.0000000,0.0000,0.0000000,0.0000,"['C(=[O,S])[O,S]']",1
42.6410,44.0180,44.2773,0.6898068,CCCCCCCOc1ccc2c(C(=O)c3ccccc3)c3cccc(F)c3cc2c1,1,O=C(c1ccccc1)c1c2ccccc2cc2ccccc12,0.7235706,410.4474,0.1592030,0.1592,0.6428412,2.2093,1.0000000,1.0000,[],1
119.0696,127.8478,-127.8478,0.0000000,C1(N(C(c2cccc3c2c2cccc4c2c(cc2c5c3c3c(c(=O)n(c(=O)c6sc5cc(=O)c23)C(=O)N(CCOCCOCCOC)CCCCCCOCC(O)=O)C(=O)N(C6=O)C(O)=O)C(=O)N1CC(O)=O)=C4c1sc2ccsc2c1)CC(=O)O)=O,0,,0.0000000,0.0000,0.0000000,0.0000,0.0000000,0.0000,0.0000000,0.0000,None,1
31.4361,30.9666,-30.9666,0.0000000,C=CCN(C(=O)OCC)N1CCNC1=O,1,O=C1NCCN1,0.0000000,0.0000,0.0000000,0.0000,0.0000000,0.0000,0.0000000,0.0000,"['[#7;!n][#7;!n]', 'C(=[O,S])[O,S]']",1
42.8555,48.1132,-48.1132,0.0000000,Cc1cc2c3c4cc5ccccc5cc4c(c4ccccc4cc1-c1ccccc1)c3n2-c1ccccc1,1,c1ccc(-c2ccc3c4c5cc6ccccc6cc5c(c5ccccc5c2)c4n3-c2ccccc2)cc1,0.0000000,0.0000,0.0000000,0.0000,0.0000000,0.0000,0.0000000,0.0000,['[*;r{8-17}]'],1
21.7843,22.7263,-22.7263,0.0000000,COC(=O)NC(=O)NC1CCCCC1,1,C1CCCCC1,0.0000000,0.0000,0.0000000,0.0000,0.0000000,0.0000,0.0000000,0.0000,"['C(=[O,S])[O,S]']",1
29.8748,31.7302,-31.1792,0.0043043,COc1cc(O)ccc1-c1cc2ccc(C)cc2oc1=O,1,O=c1oc2ccccc2cc1-c1ccccc1,0.0032923,337.9733,0.7309250,0.7309,0.6573238,2.0979,1.0000000,1.0000,[],1
42.4287,46.5421,-42.1373,0.0344127,COc1ccc(C=C(C)C=CS(=O)(=O)c2ccccc2)cc1C=CCC(C)=O,1,O=S(=O)(C=CC=Cc1ccccc1)c1ccccc1,0.0296609,362.1315,0.5840393,0.5840,0.5721430,2.7918,1.0000000,1.0000,[],1
20.7192,21.8710,-21.8710,0.0000000,Cc1csc(NN=Cc2ccc([N+](=O)[O-])cc2)n1,1,C(=NNc1nccs1)c1ccccc1,0.0000000,0.0000,0.0000000,0.0000,0.0000000,0.0000,0.0000000,0.0000,['[#7;!n][#7;!n]'],1
22.8281,24.4625,-24.4614,0.0000089,O=C1C(O)C(c2ccccc2)N1Cc1ccccc1,1,O=C1CC(c2ccccc2)N1Cc1ccccc1,0.0000049,267.3076,0.8512493,0.8512,0.5846521,2.6837,1.0000000,1.0000,[],1
18.0961,22.1402,-22.1402,0.0000000,C1=Cc2cccc3ccc4c1cccc4c23,1,C1=Cc2cccc3ccc4c1cccc4c23,0.0000000,0.0000,0.3687664,0.3688,0.5149727,3.3182,1.0000000,1.0000,[],1
43.9487,46.2527,-45.9690,0.0022161,CNC(C)C(=O)NC(C(=O)N(C)C(C)c1ccc(-c2cc3ccc(OC)cc3o2)cc1)C(C)(C)C,1,c1ccc(-c2cc3ccccc3o2)cc1,0.0016677,330.5708,0.4864154,0.4864,0.4997262,3.4685,1.0000000,1.0000,[],1
24.2198,26.4859,-22.9590,0.0275538,Clc1ccc(-n2nc(-c3ccccc3)c3nccnc32)cc1,1,c1ccc(-c2nn(-c3ccccc3)c3nccnc23)cc1,0.0234272,359.5004,0.5589139,0.5589,0.6703993,1.9994,1.0000000,1.0000,[],1
36.3174,36.9679,-36.6299,0.0026409,C=C(C)C(=O)Nc1ccc(-c2ccc(CCN3CCN(C)CC3)o2)cc1,1,c1ccc(-c2ccc(CCN3CCNCC3)o2)cc1,0.0019639,332.3491,0.8101256,0.8101,0.6340693,2.2780,1.0000000,1.0000,[],1
34.9588,34.7693,-27.2626,0.0586461,Fc1ccc(-c2nc(N3CCOCC3)nn2N=Cc2ccc(Cl)cc2)cc1,1,C(=Nn1nc(N2CCOCC2)nc1-c1ccccc1)c1ccccc1,0.0517694,368.4290,0.6453130,0.6453,0.6008997,2.5466,1.0000000,1.0000,[],1
31.0684,30.4832,-30.4295,0.0004197,CS(=O)(=O)c1ccc(C2C(=O)CCCC2=O)o1,1,O=C1CCCC(=O)C1c1ccco1,0.0002850,311.3736,0.7396439,0.7396,0.5489257,2.9990,1.0000000,1.0000,[],1
69.9269,76.1597,-75.7085,0.0035255,CC(C)(C)c1cc(C=Cc2ccccc2CCc2ccc(N(c3ccccc3)c3ccccc3)cc2)cc(Oc2cc(-n3nnnc3-c3cccc(-c4ccc[nH]4)c3)cc(C(C)(C)C)c2)c1,1,C(=Cc1ccccc1CCc1ccc(N(c2ccccc2)c2ccccc2)cc1)c1cccc(Oc2cccc(-n3nnnc3-c3cccc(-c4ccc[nH]4)c3)c2)c1,0.0028457,336.3857,0.1169214,0.1169,0.4843984,3.6242,1.0000000,1.0000,[],1
46.3501,51.3354,-50.5429,0.0061912,CCCCC1(CCCC)c2cc(OCCC)ccc2-c2cc(C(C)=O)c(-c3ccc(S(=O)(=O)N(CC)CC)cc3)cc21,1,c1ccc(-c2ccc3c(c2)Cc2ccccc2-3)cc1,0.0050747,342.6906,0.1659660,0.1660,0.5643972,2.8600,1.0000000,1.0000,[],1
29.0697,32.6505,-10.5017,0.1730374,CCN(CC)c1ccc2c(C)c(-c3cccc4ccccc34)c(=O)oc2c1,1,O=c1oc2ccccc2cc1-c1cccc2ccccc12,0.1635259,382.2784,0.4349063,0.4349,0.6368554,2.2561,1.0000000,1.0000,[],1
35.6322,35.9745,-35.9745,0.0000000,COC(=O)c1ccc(COc2ccc(C(=O)Nc3ccc(Cl)cc3C(=O)OC)cc2)cc1,1,O=C(Nc1ccccc1)c1ccc(OCc2ccccc2)cc1,0.0000000,0.0000,0.0000000,0.0000,0.0000000,0.0000,0.0000000,0.0000,"['C(=[O,S])[O,S]']",1
23.7490,26.4654,-23.3780,0.0241202,N#CC(=Cc1ccc2ccccc2n1)C(=O)Nc1ccccc1,1,O=C(C=Cc1ccc2ccccc2n1)Nc1ccccc1,0.0203333,357.9283,0.5909431,0.5909,0.6634265,2.0517,1.0000000,1.0000,[],2
24.0462,29.3915,-29.3915,0.0000000,C=C(C)COc1ccc(C=C(C#N)C(=O)O)cc1Cl,1,c1ccccc1,0.0000000,0.0000,0.0000000,0.0000,0.0000000,0.0000,0.0000000,0.0000,"['C(=[O,S])[O,S]']",2
43.7399,48.1469,-48.1469,0.0000000,FC1=C2C(=CC=Cc3ccccc32)c2c3c4ccccc4n2CCCC1=C3,1,C1=Cc2ccccc2C2=CC3=Cc4c(n(c5ccccc45)CCC3)C2=C1,0.0000000,0.0000,0.0000000,0.0000,0.0000000,0.0000,0.0000000,0.0000,['[*;r{8-17}]'],2
44.2512,47.1605,-28.3624,0.1468607,Cc1cc(CN)c2oc3cc(C)c4oc5ccc(Cl)cc5c(=O)c4c3c2c1,1,O=c1c2ccccc2oc2ccc3oc4ccccc4c3c12,0.1383929,380.1451,0.3872934,0.3873,0.5758705,2.7594,1.0000000,1.0000,[],2
27.8381,32.8215,4.2622,0.2897167,CN(C)c1ccc(C=Cc2nc3c4ccccc4ccc3n2-c2ccccc2)cc1,1,C(=Cc1nc2c3ccccc3ccc2n1-c1ccccc1)c1ccccc1,0.2832195,389.9184,0.3537917,0.3538,0.6305275,2.3060,1.0000000,1.0000,[],2
53.4830,62.6440,-19.3750,0.3380395,Cc1ccc(C#N)n1-c1ccc(-c2nc3ccccc3nc2-c2ccc(-c3ccn(-c4ccc(N(CC(C)C)CC(C)C)cc4)n3)cc2)cc1,1,c1ccc(-n2ccc(-c3ccc(-c4nc5ccccc5nc4-c4ccc(-n5cccc5)cc4)cc3)n2)cc1,0.3437171,392.9778,0.1466285,0.1466,0.5364001,3.1144,1.0000000,1.0000,[],2
30.1119,28.0342,-28.0342,0.0000000,Cc1ccc(C(=O)Nc2ccc(F)cc2C#CCCO)cc1,1,O=C(Nc1ccccc1)c1ccccc1,0.0000000,0.0000,0.0000000,0.0000,0.0000000,0.0000,0.0000000,0.0000,['C#C'],2
25.7096,25.3878,-25.3864,0.0000110,CCCCCNC(=O)C1(c2ccc(Cl)cc2)CC1,1,c1ccc(C2CC2)cc1,0.0000061,269.6656,0.7814065,0.7814,0.6795308,1.9318,1.0000000,1.0000,[],2
40.2094,44.8148,-21.0968,0.1852972,COCCn1c(-c2ccc(N(C)C)cc2)cc2c1C(=O)N(c1ccc(-c3ccncc3)cc1)C2=O,1,O=C1c2cc(-c3ccccc3)[nH]c2C(=O)N1c1ccc(-c2ccncc2)cc1,0.1769479,383.3105,0.3685293,0.3685,0.5903107,2.6355,1.0000000,1.0000,[],2
32.2018,33.0981,-33.0981,0.0000000,COc1ccc(C(C(=O)O)n2ccc3cnccc32)cc1OC,1,c1ccc(Cn2ccc3cnccc32)cc1,0.0000000,0.0000,0.0000000,0.0000,0.0000000,0.0000,0.0000000,0.0000,"['C(=[O,S])[O,S]']",2
31.2939,30.2342,-30.1264,0.0008421,COc1cccc(C(=O)Nc2ccccc2NC(=O)C(Cl)(Cl)Cl)c1,1,O=C(Nc1ccccc1)c1ccccc1,0.0005899,319.2758,0.7704700,0.7705,0.6712691,1.9929,1.0000000,1.0000,[],2
42.4354,46.2275,-46.1439,0.0006535,CCCCCCCCCc1c(Nc2nc3ccc(Br)cc3s2)n(Cc2ccccc2)c2ccc(Br)cc12,1,c1ccc(Cn2c(Nc3nc4ccccc4s3)cc3ccccc32)cc1,0.0004783,316.9970,0.1377520,0.1378,0.5891491,2.6454,1.0000000,1.0000,[],2
39.9970,41.4101,-41.4061,0.0000310,O=C1CCCC2OCC3c4ccccc4S(=O)(=O)CC3N12,1,O=C1CCCC2OCC3c4ccccc4S(=O)(=O)CC3N12,0.0000185,281.6543,0.7244626,0.7245,0.4512069,3.9791,1.0000000,1.0000,[],2
23.4249,25.4901,-25.4901,0.0000000,O=C(O)C=Cc1cc([N+](=O)[O-])cc([N+](=O)[O-])c1,1,c1ccccc1,0.0000000,0.0000,0.0000000,0.0000,0.0000000,0.0000,0.0000000,0.0000,"['C(=[O,S])[O,S]']",2
23.1224,22.7324,-22.7324,0.0000000,CCCCCCCCN1CCCC1CC(=O)O,1,C1CCNC1,0.0000000,0.0000,0.0000000,0.0000,0.0000000,0.0000,0.0000000,0.0000,"['C(=[O,S])[O,S]']",2
48.1238,57.0794,-53.6089,0.0271138,CN(c1ccccc1)c1ccc(Nc2ccc(-c3cc(C(=O)c4cccc(F)c4)ccc3O)cc2)cc1,1,O=C(c1ccccc1)c1cccc(-c2ccc(Nc3ccc(Nc4ccccc4)cc3)cc2)c1,0.0237226,359.6397,0.2283859,0.2284,0.6328671,2.2875,1.0000000,1.0000,[],2
33.8257,38.5414,-36.9932,0.0120957,CCCCCCc1c(F)cc(C=C2c3ccccc3-c3ccccc32)c(F)c1F,1,C(=C1c2ccccc2-c2ccccc21)c1ccccc1,0.0101448,350.2668,0.2319282,0.2319,0.6122897,2.4527,1.0000000,1.0000,[],2
31.7940,34.1798,-31.4256,0.0215171,CC(=Nc1ccc(N(C)C)cc1)C1=C(c2ccccc2)CCc2ccccc21,1,C(=Nc1ccccc1)C1=C(c2ccccc2)CCc2ccccc21,0.0181722,356.6843,0.4876627,0.4877,0.6096975,2.4740,1.0000000,1.0000,[],2
40.8212,43.0980,-42.6480,0.0035156,CC(C)(C)c1ccc(C2(C[n+]3ccc[nH]3)c3ccccc3-c3cc4ccccc4cc32)cc1,1,c1ccc(C2(C[n+]3ccc[nH]3)c3ccccc3-c3cc4ccccc4cc32)cc1,0.0027507,336.0160,0.3054853,0.3055,0.5002736,3.4630,1.0000000,1.0000,[],2
25.5561,24.3495,-24.3479,0.0000132,CCC(CBr)Cc1ccc(C)c(C)c1,1,c1ccccc1,0.0000075,271.8060,0.7047497,0.7047,0.6017014,2.5400,1.0000000,1.0000,[],2
50.3534,50.9205,-50.9205,0.0000000,CC1CCC2C(=O)C3OC(=O)C=C3C3(C)C(C)CCC23C1,1,O=C1C=C2C(O1)C(=O)C1CCCCC13CCCC23,0.0000000,0.0000,0.0000000,0.0000,0.0000000,0.0000,0.0000000,0.0000,"['C(=[O,S])[O,S]']",2
23.6109,26.8383,-26.5204,0.0024836,CC(C)=CC(C)=CC=C(C)C=C(C)C,1,,0.0018696,331.8141,0.5600717,0.5601,0.5290240,3.1836,1.0000000,1.0000,[],2
59.6157,63.5716,-63.5716,0.0000000,CCCCCCCCCCc1oc2ccc(-c3cc(C#Cc4ccccc4)ccc3C)cc2c1C(=O)NC(CC1=CCCCC1)C(=O)OC,1,O=C(NCCC1=CCCCC1)c1coc2ccc(-c3cccc(C#Cc4ccccc4)c3)cc12,0.0000000,0.0000,0.0000000,0.0000,0.0000000,0.0000,0.0000000,0.0000,"['C#C', 'C(=[O,S])[O,S]']",2
37.5260,35.6321,-35.4814,0.0011774,C=CC(C)=C(C(C)=CC)N1CC(C)OC(C)C1,1,C1COCCN1,0.0008494,323.2375,0.6939460,0.6939,0.4472425,4.0233,1.0000000,1.0000,[],2
46.5618,50.9332,-50.8538,0.0006202,CN(C1CCc2ccccc2N(c2cccc3cnccc23)C1=O)S(=O)(=O)N1CCN(C=O)CC1,1,O=C1C(NS(=O)(=O)N2CCNCC2)CCc2ccccc2N1c1cccc2cnccc12,0.0004356,315.9830,0.5080377,0.5080,0.5122113,3.3451,1.0000000,1.0000,[],2
30.4594,31.0713,-31.0713,0.0000000,COc1ccc2c3c1C(=O)c1ccccc1CC(C3)C2=O,1,O=C1c2ccccc2CC2Cc3c1cccc3C2=O,0.0000000,0.0000,0.0000000,0.0000,0.0000000,0.0000,0.0000000,0.0000,['[*;r{8-17}]'],2
34.4356,36.1795,-36.1795,0.0000000,O=C(COc1cc(-c2ccccc2)nc2ccccc12)NN=Cc1ccc(-c2ccccc2[N+](=O)[O-])cc1,1,O=C(COc1cc(-c2ccccc2)nc2ccccc12)NN=Cc1ccc(-c2ccccc2)cc1,0.0000000,0.0000,0.0000000,0.0000,0.0000000,0.0000,0.0000000,0.0000,['[#7;!n][#7;!n]'],2
38.5924,41.5682,-40.8375,0.0057083,CC(=O)N(c1ccc2c(c1)C(C)(C)OB2O)c1cccc2c1C(=O)N(C)C2=O,1,O=C1NC(=O)c2c(Nc3ccc4c(c3)COB4)cccc21,0.0044729,341.3134,0.6331005,0.6331,0.5251769,3.2201,1.0000000,1.0000,[],2
45.8759,49.2446,-49.2446,0.0000000,O=C(O)c1ccc(Oc2cccc3c2C(=O)N(c2cccc(Cl)c2)C3=O)cc1Sc1ccc(N2C(=O)C=CC2=O)cc1,1,O=C1C=CC(=O)N1c1ccc(Sc2cccc(Oc3cccc4c3C(=O)N(c3ccccc3)C4=O)c2)cc1,0.0000000,0.0000,0.0000000,0.0000,0.0000000,0.0000,0.0000000,0.0000,"['C(=[O,S])[O,S]']",2
39.3288,38.7649,-38.7631,0.0000135,CC(C)NC(=O)NC(Cc1ccccc1)CN1CCn2ccnc2C1,1,c1ccc(CCCN2CCn3ccnc3C2)cc1,0.0000076,272.0236,0.8449059,0.8449,0.5594431,2.9041,1.0000000,1.0000,[],2
25.6936,26.7672,-18.3438,0.0658080,CC1=C=c2c(oc3ccccc23)=C1,1,C1=CC=c2oc3ccccc3c2=1,0.0589008,369.9121,0.5814029,0.5814,0.4858167,3.6096,1.0000000,1.0000,[],2
61.2701,64.4486,-64.4486,0.0000000,Nc1nc2c(c(C(=O)O)n1)CCN(c1ccc(OC3CCN(C4CCN(C(=O)OC5CCC(Oc6ccccc6-n6cccn6)CC5)CC4)CC3)cc1)C2,1,O=C(OC1CCC(Oc2ccccc2-n2cccn2)CC1)N1CCC(N2CCC(Oc3ccc(N4CCc5cncnc5C4)cc3)CC2)CC1,0.0000000,0.0000,0.0000000,0.0000,0.0000000,0.0000,0.0000000,0.0000,"['C(=[O,S])[O,S]']",2
47.1602,51.0675,46.6584,0.7634837,Nc1cc(Sc2c3ccccc3cc3ccccc23)c(C=Cc2ccccc2N)cc1Cl,1,C(=Cc1ccccc1Sc1c2ccccc2cc2ccccc12)c1ccccc1,0.8059826,415.4621,0.1642110,0.1642,0.5840049,2.6892,1.0000000,1.0000,[],2
47.3579,59.1827,-59.1827,0.0000000,CCn1c2ccccc2c2cc(C(=O)c3c(OC)c4ccc(N5CCOCC5)cc4c4cc(C=C(C#N)C(=O)O)ccc34)ccc21,1,O=C(c1ccc2[nH]c3ccccc3c2c1)c1cc2ccc(N3CCOCC3)cc2c2ccccc12,0.0000000,0.0000,0.0000000,0.0000,0.0000000,0.0000,0.0000000,0.0000,"['C(=[O,S])[O,S]']",2
27.7628,27.5258,-27.5205,0.0000412,CCC1CCC(c2ccc(Cl)c(Cl)c2)NC1,1,c1ccc(C2CCCCN2)cc1,0.0000247,284.7968,0.8261870,0.8262,0.5432667,3.0508,1.0000000,1.0000,[],2
24.3410,26.0938,-25.6601,0.0033882,N#Cc1ccc(-c2ccc3c(c2)OCCO3)nc1,1,c1ccc(-c2ccc3c(c2)OCCO3)nc1,0.0025556,335.2152,0.7650272,0.7650,0.6555565,2.1114,1.0000000,1.0000,[],2
50.9933,54.9844,-54.9844,0.0000000,CCCc1c(C(=O)OCC)nc(-c2ccc(Cc3cccs3)o2)n1C(C(=O)OCC)C(=O)OCC,1,c1csc(Cc2ccc(-c3ncc[nH]3)o2)c1,0.0000000,0.0000,0.0000000,0.0000,0.0000000,0.0000,0.0000000,0.0000,"['C(=[O,S])[O,S]']",2
21.4035,22.8351,-22.8336,0.0000119,COc1ccc(C(=O)N(C(C)C)C(C)C)cc1,1,c1ccccc1,0.0000066,270.5266,0.8026595,0.8027,0.6992518,1.7887,1.0000000,1.0000,[],2
24.5670,30.9936,87.3872,0.9248499,CN1C(=O)C(=Cc2c(C#N)[nH]c3ccccc23)C(=O)NC1=S,1,O=C1NC(=S)NC(=O)C1=Cc1c[nH]c2ccccc12,0.9546762,486.9118,0.4718343,0.4718,0.5619735,2.8815,1.0000000,1.0000,[],2
47.4364,46.5425,-9.3147,0.2908426,COCCCN1C(=O)C(C)(C)c2cc(OC)c(-c3nc(Cl)n4ncccc34)cc21,1,O=C1Cc2ccc(-c3ncn4ncccc34)cc2N1,0.2807809,389.7877,0.5748270,0.5748,0.5573640,2.9227,1.0000000,1.0000,[],2
30.1361,34.0934,-29.2554,0.0377968,c1ccc(-c2ccccc2-c2ccccc2-c2ccc3c4c2ccc2cccc(c24)n3-c2ccccc2)cc1,1,c1ccc(-c2ccccc2-c2ccccc2-c2ccc3c4c2ccc2cccc(c24)n3-c2ccccc2)cc1,0.0337170,363.5686,0.2140275,0.2140,0.6371830,2.2535,1.0000000,1.0000,[],2
29.8560,30.9087,-30.8415,0.0005250,CCCCCCCCN(CC)C(=S)N(C(C)C)C(C)C,1,,0.0003668,314.1154,0.4105386,0.4105,0.5989579,2.5628,1.0000000,1.0000,[],2
26.8731,31.0159,91.5211,0.9573210,CN(C)c1ccc2nc3ccc([N+](=O)[O-])cc3cc2c1,1,c1ccc2nc3ccccc3cc2c1,0.9915904,468.2111,0.4055789,0.4056,0.6531041,2.1301,1.0000000,1.0000,[],2
35.1536,39.2658,-39.2658,0.0000000,CN(C)c1ccc(C=C2C(=O)OC(N3CCCCCC3)=C2N)cc1,1,O=C1OC(N2CCCCCC2)=CC1=Cc1ccccc1,0.0000000,0.0000,0.0000000,0.0000,0.0000000,0.0000,0.0000000,0.0000,"['C(=[O,S])[O,S]']",2
23.0030,23.5109,-23.5109,0.0000000,O=C(Cc1ccccc1)Oc1ccc(C2CCCCC2)cc1,1,O=C(Cc1ccccc1)Oc1ccc(C2CCCCC2)cc1,0.0000000,0.0000,0.0000000,0.0000,0.0000000,0.0000,0.0000000,0.0000,"['C(=[O,S])[O,S]']",2
32.6023,37.6696,-37.6696,0.0000000,CCCCCCCCOC(=O)c1ccc(-n2ncc3cnc(N(CCCCCCCC)CCCCCCCC)nc32)cc1,1,c1ccc(-n2ncc3cncnc32)cc1,0.0000000,0.0000,0.0000000,0.0000,0.0000000,0.0000,0.0000000,0.0000,"['C(=[O,S])[O,S]']",2
62.5174,70.3605,-69.2153,0.0089473,C=C=Nc1ccc2c(c1)c(N=CN1CCC(c3ccc(C=CCCCCCC)cc3)CC1)cn2C1CCC1,1,C(=Nc1cn(C2CCC2)c2ccccc12)N1CCC(c2ccccc2)CC1,0.0075268,346.9972,0.1447897,0.1448,0.5065788,3.4004,1.0000000,1.0000,[],2
35.9150,42.7216,-42.7216,0.0000000,O=C(O)c1ccc(-c2ccc(-c3ccc(N4C(=O)C(O)C4CO)cc3)s2)cc1,1,O=C1CCN1c1ccc(-c2ccc(-c3ccccc3)s2)cc1,0.0000000,0.0000,0.0000000,0.0000,0.0000000,0.0000,0.0000000,0.0000,"['C(=[O,S])[O,S]']",2
28.0946,25.2725,-25.2725,0.0000000,CC(C)(O)CSCCC(N)C(=O)O,1,,0.0000000,0.0000,0.0000000,0.0000,0.0000000,0.0000,0.0000000,0.0000,"['C(=[O,S])[O,S]']",2
25.2925,27.6336,-27.6336,0.0000000,c1coc2C(=O)C=Cc3c21,0,,0.0000000,0.0000,0.0000000,0.0000,0.0000000,0.0000,0.0000000,0.0000,None,2
29.9595,34.4899,-31.8619,0.0205318,c1ccc(-c2cc(-c3ccc(N(c4ccccc4)c4ccc(-c5ccc(N(c6ccccc6)c6ccccc6)cc5)cc4)cc3)c3c(c2)sc2ccccc23)cc1,1,c1ccc(-c2cc(-c3ccc(N(c4ccccc4)c4ccc(-c5ccc(N(c6ccccc6)c6ccccc6)cc5)cc4)cc3)c3c(c2)sc2ccccc23)cc1,0.0179825,356.5683,0.1451081,0.1451,0.5934801,2.6088,1.0000000,1.0000,[],2
80.0892,92.4941,-92.4941,0.0000000,c12c(cc(-c3cc4c(OCCO)c(oc4cc3N(Cc3ccc(cc3)OC)CC)OC)cc1)c1cc(ccc1n2-c1sc(-c2ccc(C(=O)OC)cc2)n1)C=C(C#N)C(=O)O,0,,0.0000000,0.0000,0.0000000,0.0000,0.0000000,0.0000,0.0000000,0.0000,None,2
21.1976,23.4529,-23.0361,0.0032562,Cc1ccc(-c2nnc(-c3ccccc3)c3ccccc23)cc1,1,c1ccc(-c2nnc(-c3ccccc3)c3ccccc23)cc1,0.0024796,334.8864,0.5031920,0.5032,0.7082078,1.7251,1.0000000,1.0000,[],2
21.0629,22.9019,-22.8235,0.0006122,C=CCN(CC=C)c1nc(-c2ccccc2)cs1,1,c1ccc(-c2cscn2)cc1,0.0004233,315.6697,0.7264911,0.7265,0.6175889,2.4097,1.0000000,1.0000,[],2
38.8630,38.3567,-38.3397,0.0001329,COc1ccc(OC)c(C2C(O)c3cc(OC)c(OC)cc3CC2N(C)C)c1,1,c1ccc(C2CCc3ccccc3C2)cc1,0.0000848,298.2102,0.8222493,0.8222,0.5078384,3.3880,1.0000000,1.0000,[],2
52.4530,59.8970,-59.8970,0.0000000,CN(C)c1ccc(C=NNC(=O)c2sc(-c3cc4ccccc4s3)c3ccc(C#Cc4cnccn4)cc23)cc1,1,O=C(NN=Cc1ccccc1)c1sc(-c2cc3ccccc3s2)c2ccc(C#Cc3cnccn3)cc12,0.0000000,0.0000,0.0000000,0.0000,0.0000000,0.0000,0.0000000,0.0000,"['[#7;!n][#7;!n]', 'C#C']",2
84.2364,84.0303,-84.0303,0.0000000,COC(=O)c1ccccc1C(=O)C1=CC2=C(C(=CC(=O)C(F)(F)F)N2)C2(C=C1C)I(Cc1ccccc1)c1ncccc1C2(C)C,1,C=C1NC2=C1C1(C=CC(C(=O)c3ccccc3)=C2)Cc2cccnc2I1Cc1ccccc1,0.0000000,0.0000,0.0000000,0.0000,0.0000000,0.0000,0.0000000,0.0000,"['C(=[O,S])[O,S]']",2
59.2672,57.4140,-57.4140,0.0000000,CCCN(C(=O)O)C(CC)CC1CCCN1C(C)C(=O)OC(C)Cc1cccs1,1,O=C(CN1CCCC1)OCCc1cccs1,0.0000000,0.0000,0.0000000,0.0000,0.0000000,0.0000,0.0000000,0.0000,"['C(=[O,S])[O,S]']",2
36.8002,39.5662,-39.5662,0.0000000,c12c(ccc3c1c1ccccc1[n+](c3cc(C(C)C)c2)C)-c1[n+](cccc1)C,0,,0.0000000,0.0000,0.0000000,0.0000,0.0000000,0.0000,0.0000000,0.0000,None,2
81.8416,88.0767,-77.0286,0.0863135,CCN(CC)c1cc(C)cc(C=CCNc2c(O)ccc3c2N=CCC3=C2C(O)=C(C=C(C#N)C#N)CN2c2ccccc2)c1OC,1,C(=Cc1ccccc1)CNc1cccc2c1N=CCC2=C1C=CCN1c1ccccc1,0.0818631,546.2455,0.1536158,0.1536,0.4493525,3.9997,1.0000000,1.0000,[],2
35.0145,36.9119,-36.9119,0.0000000,Cc1cccc(-c2noc3nc(C)c(-c4ccc(F)cc4)c(C(=O)O)c23)c1,1,c1ccc(-c2cnc3onc(-c4ccccc4)c3c2)cc1,0.0000000,0.0000,0.0000000,0.0000,0.0000000,0.0000,0.0000000,0.0000,"['C(=[O,S])[O,S]']",2
31.1231,27.1943,-27.1864,0.0000623,Nc1cc(NC(=O)CCCC2CCCCC2)ccc1F,1,O=C(CCCC1CCCCC1)Nc1ccccc1,0.0000380,289.4910,0.7967213,0.7967,0.6752238,1.9636,1.0000000,1.0000,[],2
23.3708,22.3526,-22.3526,0.0000000,CC(F)C(C)(C)CO,1,,0.0000000,183.0643,0.5830595,0.5831,0.4977537,3.4882,1.0000000,1.0000,[],2
42.7791,45.8045,-45.1456,0.0051473,CCCCCCC(=O)c1ccc(CN2C(=O)C(=O)N(Cc3nc(-c4ccccc4)oc3C)C2=O)cc1,1,O=C1C(=O)N(Cc2coc(-c3ccccc3)n2)C(=O)N1Cc1ccccc1,0.0041776,340.5687,0.1575633,0.1576,0.6144092,2.4355,1.0000000,1.0000,[],2
34.7480,35.7215,-34.1809,0.0120365,COc1cc2ncnc(Nc3ccc(C(=O)N4CCc5ccccc5C4)c(N)c3)c2cc1OC,1,O=C(c1ccc(Nc2ncnc3ccccc23)cc1)N1CCc2ccccc2C1,0.0098917,349.9897,0.4354820,0.4355,0.6183385,2.4036,1.0000000,1.0000,[],3
135.4337,154.1018,-154.1018,0.0000000,CCCCCCN1C(=Cc2cc3c(cc2-c2ccc4c(c2)NC(O)C4=C2C=Cc4ccccc4O2)CCC[N+](Cc2ccc(C=C(C#N)C(=O)O)cc2-c2sc4[n+](c2C=O)C(C)(C)c2nc(N)c(N)nc2-4)=C3N(CCCCC)CCCCC)Sc2ccccc21,1,C1=Cc2ccccc2OC1=C1CNc2cc(-c3cc4c(cc3C=C3Nc5ccccc5S3)C=[N+](Cc3ccccc3-c3c[n+]5c(s3)-c3nccnc3C5)CCC4)ccc21,0.0000000,0.0000,0.0000000,0.0000,0.0000000,0.0000,0.0000000,0.0000,"['C(=[O,S])[O,S]']",3
40.7142,42.5004,-42.5004,0.0000000,COC(=O)c1ccc(-c2cc3c(s2)C(=CC2=C(C)C(=O)CCC2)CCC3)cc1,1,O=C1C=C(C=C2CCCc3cc(-c4ccccc4)sc32)CCC1,0.0000000,0.0000,0.0000000,0.0000,0.0000000,0.0000,0.0000000,0.0000,"['C(=[O,S])[O,S]']",3
49.4150,52.1960,-52.1960,0.0000000,CCCCCCC(CC=CC#Cc1ccccc1)(CCCOC(=O)Cc1ccc(OC)cc1)c1ccc(OC)cc1,1,O=C(Cc1ccccc1)OCCCC(CC=CC#Cc1ccccc1)c1ccccc1,0.0000000,0.0000,0.0000000,0.0000,0.0000000,0.0000,0.0000000,0.0000,"['C#C', 'C(=[O,S])[O,S]']",3
36.9612,42.7654,-5.0707,0.2944895,CSc1ccc(N(c2ccccc2)c2ccc(C=Cc3ccc(-c4ccc5c(c4)Cc4cc(N(c6ccccc6)c6ccccc6)ccc4-5)cc3)cc2)cc1,1,C(=Cc1ccc(N(c2ccccc2)c2ccccc2)cc1)c1ccc(-c2ccc3c(c2)Cc2cc(N(c4ccccc4)c4ccccc4)ccc2-3)cc1,0.3002849,390.8153,0.1024131,0.1024,0.5690081,2.8193,1.0000000,1.0000,[],3
30.8305,31.2226,-31.2226,0.0000000,CCOC(=O)c1cccc(NC(=O)C2CCCN(C(=O)c3cccc4ccccc34)C2)c1,1,O=C(Nc1ccccc1)C1CCCN(C(=O)c2cccc3ccccc23)C1,0.0000000,0.0000,0.0000000,0.0000,0.0000000,0.0000,0.0000000,0.0000,"['C(=[O,S])[O,S]']",3
25.3208,23.9234,-23.9176,0.0000452,C=CCOCc1ccc(CC=O)cc1,1,c1ccccc1,0.0000278,286.0956,0.3900063,0.3900,0.6383693,2.2442,1.0000000,1.0000,[],3
31.4073,34.4389,-34.3285,0.0008624,O=c1cc(O)nc(-c2ccc(Oc3ccccc3)cc2)n1Cc1ccccc1,1,O=c1ccnc(-c2ccc(Oc3ccccc3)cc2)n1Cc1ccccc1,0.0006112,319.6609,0.5634234,0.5634,0.6550603,2.1151,1.0000000,1.0000,[],3
23.7827,24.6312,-24.6312,0.0000000,COC(=O)CCN=C(N)N1CCCCC1,1,C1CCNCC1,0.0000000,0.0000,0.0000000,0.0000,0.0000000,0.0000,0.0000000,0.0000,"['C(=[O,S])[O,S]']",3
33.8248,37.6651,-16.2113,0.1676078,CN(C)c1ccc(C=Cc2cc(Cl)ccc2NC(=O)C=Cc2ccccc2Cl)cc1,1,O=C(C=Cc1ccccc1)Nc1ccccc1C=Cc1ccccc1,0.1594573,381.9521,0.3367651,0.3368,0.6282163,2.3244,1.0000000,1.0000,[],3
34.4064,47.1128,-47.1128,0.0000000,CCOC(=O)C(C#N)=Cc1ccc(C=Cc2ccc(OCC3CO3)c(C=C(C#N)C(=O)O)c2)cc1,1,C(=Cc1ccc(OCC2CO2)cc1)c1ccccc1,0.0000000,0.0000,0.0000000,0.0000,0.0000000,0.0000,0.0000000,0.0000,"['C(=[O,S])[O,S]']",3
31.0256,32.4889,-32.4533,0.0002786,NC(N)=NC(=O)c1cc(N2CCOCC2)n(-c2ccccc2)c1,1,c1ccc(-n2cccc2N2CCOCC2)cc1,0.0001857,306.7210,0.6426464,0.6426,0.5900676,2.6376,1.0000000,1.0000,[],3
70.5911,88.3700,-88.3700,0.0000000,O=C(O)CN1CCc2cc(C(=C(c3ccc(C=C(c4ccc(C=C(c5ccccc5)c5ccccc5)cc4)c4cccs4)cc3)c3ccc(CCNC(=O)Cc4ccc(F)cc4F)s3)c3ccccc3)ccc21,1,O=C(Cc1ccccc1)NCCc1ccc(C(=C(c2ccccc2)c2ccc3c(c2)CCN3)c2ccc(C=C(c3ccc(C=C(c4ccccc4)c4ccccc4)cc3)c3cccs3)cc2)s1,0.0000000,0.0000,0.0000000,0.0000,0.0000000,0.0000,0.0000000,0.0000,"['C(=[O,S])[O,S]']",3
28.0409,30.9081,-30.5098,0.0031119,O=C(c1ccc(Br)o1)c1cn(-c2ccccc2)nc1-c1ccccc1,1,O=C(c1ccco1)c1cn(-c2ccccc2)nc1-c1ccccc1,0.0023762,334.4229,0.4521175,0.4521,0.6521415,2.1375,1.0000000,1.0000,[],3
37.8198,43.3444,-24.3387,0.1484820,COc1ccc(C=C2Oc3ccccc3C3(C#N)C(=O)c4ccccc4C23)cc1,1,O=C1c2ccccc2C2C(=Cc3ccccc3)Oc3ccccc3C12,0.1382622,380.1332,0.6373221,0.6373,0.4940040,3.5261,1.0000000,1.0000,[],3
30.9958,30.9574,-30.9250,0.0002530,CCCC(O)(CCC)c1ccc2n(c1=O)CCC2,1,O=c1cccc2n1CCC2,0.0001665,305.5340,0.8711808,0.8712,0.5433715,3.0498,1.0000000,1.0000,[],3
43.1660,48.3677,-48.3677,0.0000000,CCCCCCCCOc1ccc(C#Cc2ccc(C#Cc3cccc4oc5cc(CCCCCCCC)ccc5c34)c3nsnc23)cc1,1,C(#Cc1ccc(C#Cc2cccc3oc4ccccc4c23)c2nsnc12)c1ccccc1,0.0000000,0.0000,0.0000000,0.0000,0.0000000,0.0000,0.0000000,0.0000,['C#C'],3
46.0343,51.4402,-51.4402,0.0000000,CCC(=O)Nc1cc2c(cc1S(=O)(=O)O)N(CCCCCC(=O)O)c1cc(Nc3ccc(C)cc3C)ccc1S2,1,c1ccc(Nc2ccc3c(c2)Nc2ccccc2S3)cc1,0.0000000,0.0000,0.0000000,0.0000,0.0000000,0.0000,0.0000000,0.0000,"['C(=[O,S])[O,S]']",3
26.8302,27.4492,-27.4325,0.0001300,Cc1cc(C#N)ccc1NC(=O)c1ccc(Cl)cc1Cl,1,O=C(Nc1ccccc1)c1ccccc1,0.0000821,297.8538,0.8922333,0.8922,0.6975499,1.8009,1.0000000,1.0000,[],3
37.6666,38.1568,-37.8939,0.0020541,CC(C)N(Cc1ccccc1)C(C(N)=O)c1ccc(-c2ccccc2)s1,1,c1ccc(CNCc2ccc(-c3ccccc3)s2)cc1,0.0015208,329.5682,0.6511311,0.6511,0.5788948,2.7332,1.0000000,1.0000,[],3
27.2996,31.6061,88.8640,0.9411723,CC(=O)N1C(=O)C(Nc2ccccc2)=C(N(c2ccccc2)c2ccccc2)C1=O,1,O=C1NC(=O)C(N(c2ccccc2)c2ccccc2)=C1Nc1ccccc1,0.9606999,434.7048,0.6576589,0.6577,0.6074881,2.4921,1.0000000,1.0000,[],3
44.8319,49.6125,66.9771,0.9108561,CCN(CCO)c1ccc2c(c1)C(=O)C(=Cc1ccc3c(c1)c1ccccc1n3CC)C2=Cc1ccccc1Cl,1,O=C1C(=Cc2ccc3[nH]c4ccccc4c3c2)C(=Cc2ccccc2)c2ccccc21,0.9637127,484.3952,0.2096649,0.2097,0.5658352,2.8473,1.0000000,1.0000,[],3
30.5705,36.7701,71.5801,0.8464858,COc1ccc(C(C#N)=C(O)c2ccc(C=Cc3ccc(N(c4ccc(OC)cc4)c4ccc(OC)cc4)cc3)cc2)cc1,1,C(=Cc1ccc(C=Cc2ccc(N(c3ccccc3)c3ccccc3)cc2)cc1)c1ccccc1,0.9120479,425.3943,0.1007930,0.1008,0.5956628,2.5904,1.0000000,1.0000,[],3
29.7925,29.3298,-29.3298,0.0000000,COC(=O)C1C(=O)c2cccnc2C1(C)C,1,O=C1CCc2ncccc21,0.0000000,0.0000,0.0000000,0.0000,0.0000000,0.0000,0.0000000,0.0000,"['C(=[O,S])[O,S]']",3
54.5547,54.5639,-54.4687,0.0007442,[C-]#[N+]c1ccc(-c2ccccc2CC2(O)CCN(CC3CC(O)CN3c3ncnc4c3cnn4C)CC2)cc1,1,c1ccc(-c2ccccc2CC2CCN(CC3CCCN3c3ncnc4[nH]ncc34)CC2)cc1,0.0005342,318.1986,0.3731486,0.3731,0.4561942,3.9242,1.0000000,1.0000,[],3
36.6135,43.2834,-43.1080,0.0013697,CCSc1c(COCc2ccccc2)cccc1Cc1ccc(N(c2ccccc2)c2ccccc2)cc1,1,c1ccc(COCc2cccc(Cc3ccc(N(c4ccccc4)c4ccccc4)cc3)c2)cc1,0.0010359,325.3945,0.1625063,0.1625,0.6117609,2.4571,1.0000000,1.0000,[],3
26.3848,26.3801,-26.2081,0.0013436,Cc1ccc(Nc2cccc(C(F)(F)F)c2)cc1N,1,c1ccc(Nc2ccccc2)cc1,0.0009634,324.6054,0.7933891,0.7934,0.6817695,1.9153,1.0000000,1.0000,[],3
45.8062,47.6117,-38.7171,0.0694893,Nc1ccc2c(c1)c1cc(NC(=O)c3cc(I)ccc3O)ccc1n2CCS(=O)(=O)O,1,O=C(Nc1ccc2[nH]c3ccccc3c2c1)c1ccccc1,0.0645660,370.9748,0.1693190,0.1693,0.5993381,2.5596,1.0000000,1.0000,[],3
51.3022,51.6945,-51.3614,0.0026028,N#Cc1c(F)cc(CC(F)(F)c2ccc(S(=O)(=O)C34CCN(CC3)CC4)cc2)cc1F,1,O=S(=O)(c1ccc(CCc2ccccc2)cc1)C12CCN(CC1)CC2,0.0019631,332.3448,0.6388804,0.6389,0.4455220,4.0425,1.0000000,1.0000,[],3
29.8349,27.7634,-27.7610,0.0000189,CC(C)(Cc1ccccc1)C(=O)Nc1cccc(CN)c1,1,O=C(CCc1ccccc1)Nc1ccccc1,0.0000108,275.8503,0.8832508,0.8833,0.6763303,1.9554,1.0000000,1.0000,[],3
46.6780,46.5710,-46.5577,0.0001040,C=C(C)C1CCC(O)C(CSc2ccc(OC)c(O)c2)O1,1,c1ccc(SCC2CCCCO2)cc1,0.0000661,295.5087,0.6466119,0.6466,0.4732178,3.7410,1.0000000,1.0000,[],3
42.0063,45.8680,-28.5322,0.1354358,Cc1ccc(-c2nnc(SCC(=O)c3cccc4c3-c3cc5ccccc5cc3-4)o2)o1,1,O=C(CSc1nnc(-c2ccco2)o1)c1cccc2c1-c1cc3ccccc3cc1-2,0.1290037,379.2646,0.2351103,0.2351,0.5972564,2.5770,1.0000000,1.0000,[],3
29.7605,37.1705,-31.5051,0.0442607,CCN(CC)c1ccc(-n2cnc3cc(C#N)c(N(CC)CC)nc32)cc1,1,c1ccc(-n2cnc3cccnc32)cc1,0.0385470,365.0766,0.6359945,0.6360,0.5770030,2.7495,1.0000000,1.0000,[],3
27.9226,27.4423,-27.4287,0.0001065,CC(O)(c1ccccc1)c1ccc(N)c(Cl)c1,1,c1ccc(Cc2ccccc2)cc1,0.0000670,295.6501,0.8010485,0.8010,0.6122098,2.4534,1.0000000,1.0000,[],3
21.9096,27.5417,-27.5417,0.0000000,N#CC(=Cc1ccc(-c2ccc(C(=O)O)cc2)o1)C(=O)O,1,c1ccc(-c2ccco2)cc1,0.0000000,0.0000,0.0000000,0.0000,0.0000000,0.0000,0.0000000,0.0000,"['C(=[O,S])[O,S]']",3
37.7957,43.0597,-42.8875,0.0013453,CC(C)C(C#N)(C=CC=CC(=O)N1CCCCC1)c1ccc(C#N)cc1,1,O=C(C=CC=CCc1ccccc1)N1CCCCC1,0.0009800,324.7911,0.5946561,0.5947,0.4964721,3.5011,1.0000000,1.0000,[],3
38.8831,37.2613,-36.7120,0.0042914,COc1c(C(=O)NCC2CC(=O)N(C)C2)cc2ccccc2c1O,1,O=C1CC(CNC(=O)c2ccc3ccccc3c2)CN1,0.0032708,337.9018,0.8963104,0.8963,0.5690657,2.8188,1.0000000,1.0000,[],3
35.0614,38.5900,-38.1091,0.0037571,N#CC1(C#N)CN(CCO)CCN2C=Cc3ccccc3C21,1,C1=CN2CCNCCC2c2ccccc21,0.0028552,336.4221,0.8910772,0.8911,0.4727045,3.7464,1.0000000,1.0000,[],3
35.6815,39.6302,-39.6302,0.0000000,N#Cc1ccc(-c2ccc(OC(=O)c3ccc(C(=O)OCOC(=O)CC(=O)O)cc3)cc2)cc1,1,O=C(Oc1ccc(-c2ccccc2)cc1)c1ccccc1,0.0000000,0.0000,0.0000000,0.0000,0.0000000,0.0000,0.0000000,0.0000,"['C(=[O,S])[O,S]']",3
37.6770,38.9384,78.9970,0.9213707,Nc1ccc2c(N=Nc3cc(S(=O)(=O)O)c4ccccc4c3N)c(S(=O)(=O)O)c(O)cc2c1,1,c1ccc2cc(N=Nc3cccc4ccccc34)ccc2c1,0.9845237,474.9110,0.1606291,0.1606,0.5429266,3.0539,1.0000000,1.0000,[],3
72.8781,82.2346,-82.1321,0.0008006,CCC1=C(c2cc3c4c(c2)C2C=CC(c5ccccc5)=C(C#N)C2=C4C(c2ccc(N(C)C)cc2)=C3C#N)CC(c2ccc(N(CC)CC)cc2)=C1O,1,C1=CC2C(=C3C(c4ccccc4)=Cc4cc(C5=CC=C(c6ccccc6)C5)cc2c43)C=C1c1ccccc1,0.0005905,600.7130,0.1891998,0.1892,0.4197396,4.3406,1.0000000,1.0000,[],3
39.9732,41.7308,-41.6941,0.0002860,COc1ccc(CC2CC(c3ccc(C)cc3)Nc3ccccc3N2c2ccccc2)cc1,1,c1ccc(CC2CC(c3ccccc3)Nc3ccccc3N2c2ccccc2)cc1,0.0001948,307.2407,0.3563154,0.3563,0.5467652,3.0187,1.0000000,1.0000,[],3
33.6241,32.5297,-31.8862,0.0050270,CC(C)Oc1ccccc1Nc1ncnc(N(C)c2ccc(C#N)cc2)c1N,1,c1ccc(Nc2cc(Nc3ccccc3)ncn2)cc1,0.0038942,339.8029,0.6657225,0.6657,0.6103611,2.4685,1.0000000,1.0000,[],3
67.2171,75.3267,-75.3267,0.0000000,CCN(CC)c1ccc(C2c3ccc(N4CCCCC4=O)cc3N(C3CCN(c4ccc(C5(c6ccc(N(C)C)cc6)OC(=O)c6ccccc65)cc4)CC3)CC2CO)cc1,1,O=C1OC(c2ccccc2)(c2ccc(N3CCC(N4CCC(c5ccccc5)c5ccc(N6CCCCC6=O)cc54)CC3)cc2)c2ccccc21,0.0000000,0.0000,0.0000000,0.0000,0.0000000,0.0000,0.0000000,0.0000,"['C(=[O,S])[O,S]']",3
23.2393,22.5797,-22.5687,0.0000859,CC1Cc2ncccc2CN1,1,c1cnc2c(c1)CNCC2,0.0000540,293.3172,0.5959631,0.5960,0.5361819,3.1164,1.0000000,1.0000,[],3
49.1227,50.4470,-47.6499,0.0218529,O=C1c2c(O)cccc2Oc2c(Br)c(Br)c3cc(Br)c(Br)cc3c2N1CO,1,O=C1Nc2c(ccc3ccccc23)Oc2ccccc21,0.0187590,357.0359,0.3345010,0.3345,0.5145012,3.3228,1.0000000,1.0000,[],3
42.2660,44.7507,-44.7507,0.0000000,COC1=CC(=CC2=CC(=Cc3ccccc3F)C(=O)O2)C=C(C(C)C)C1=O,1,O=C1C=CC(=CC2=CC(=Cc3ccccc3)C(=O)O2)C=C1,0.0000000,0.0000,0.0000000,0.0000,0.0000000,0.0000,0.0000000,0.0000,"['C(=[O,S])[O,S]']",3
96.3584,104.9128,-104.8629,0.0003903,C=CC(CC)=C(CC)c1ccc(N2C3=C(OCC)C(=Cc4ccc(N(CC)CC)cc4)C=C(c4ccc(OC)cc4F)C=C3C2(C(=O)c2cccc(F)c2)c2ccccc2)cc1,1,O=C(c1ccccc1)C1(c2ccccc2)C2=CC(c3ccccc3)=CC(=Cc3ccccc3)C=C2N1c1ccccc1,0.0002857,608.5977,0.0731995,0.0732,0.4117910,4.4362,1.0000000,1.0000,[],3
42.7492,38.8747,-38.8607,0.0001095,O=C(c1ccco1)N1CCN(C(COCc2ccccc2)c2nnnn2-c2ccc(Cl)cc2)CC1,1,O=C(c1ccco1)N1CCN(C(COCc2ccccc2)c2nnnn2-c2ccccc2)CC1,0.0000708,296.2546,0.3707970,0.3708,0.5525872,2.9657,1.0000000,1.0000,[],3
35.2539,38.6592,-38.6592,0.0000000,C#Cc1ccc(-n2c3ccccc3c3c4c5ccccc5n(-c5ccc(C(C)C)cc5)c4ccc32)cc1,1,c1ccc(-n2c3ccccc3c3c4c5ccccc5n(-c5ccccc5)c4ccc32)cc1,0.0000000,0.0000,0.0000000,0.0000,0.0000000,0.0000,0.0000000,0.0000,['C#C'],3
28.2508,28.0102,-28.0093,0.0000074,CCCCCCCCCCCCn1ccn(CCS(=O)(=O)O)c1=O,1,O=c1[nH]cc[nH]1,0.0000041,265.4029,0.4068078,0.4068,0.6068258,2.4976,1.0000000,1.0000,[],3
32.7488,32.8504,-32.8504,0.0000000,COc1ccc(CC(=O)NNC(=O)COc2ccc(C(=O)c3ccccc3)cc2OC)cc1,1,O=C(COc1ccc(C(=O)c2ccccc2)cc1)NNC(=O)Cc1ccccc1,0.0000000,0.0000,0.0000000,0.0000,0.0000000,0.0000,0.0000000,0.0000,['[#7;!n][#7;!n]'],3
46.8919,47.3385,-47.2514,0.0006802,CC1CCN(c2nc(N3CC4CCC(C3)O4)nc3c2cnn3-c2ccc3c(c2)COC3)C1,1,c1cc2c(cc1-n1ncc3c(N4CCCC4)nc(N4CC5CCC(C4)O5)nc31)COC2,0.0004794,317.0221,0.6300628,0.6301,0.3982666,4.6032,1.0000000,1.0000,[],3
30.1710,33.3435,-33.3435,0.0000000,COc1ccc(Cn2c3ccccc3c3cc(C=NNc4ccccc4)ccc32)cc1,1,C(=NNc1ccccc1)c1ccc2c(c1)c1ccccc1n2Cc1ccccc1,0.0000000,0.0000,0.0000000,0.0000,0.0000000,0.0000,0.0000000,0.0000,['[#7;!n][#7;!n]'],3
25.2937,27.4477,-27.4440,0.0000284,CCCCNC(=O)C(CC)N(CCc1ccccc1)C(=O)CN(c1ccccc1)S(C)(=O)=O,1,O=C(CNc1ccccc1)NCCc1ccccc1,0.0000170,280.7572,0.4527276,0.4527,0.5678407,2.8296,1.0000000,1.0000,[],3
27.0759,33.5369,-6.9601,0.2076310,CCN(CC)c1ccc(C=Cc2csc(-c3ccc(N4CCCCC4)cc3)n2)cc1,1,C(=Cc1csc(-c2ccc(N3CCCCC3)cc2)n1)c1ccccc1,0.1984130,384.8405,0.4204678,0.4205,0.6229225,2.3667,1.0000000,1.0000,[],3
58.1327,67.8668,-67.8668,0.0000000,CC[n+]1c(C=CC=C2N(C)c3cc(C)ccc3C2(C)C)ccn1C=Cc1ccc(-c2ccc(C=C(C#N)C(=O)O)s2)o1,1,C(=Cc1ccn(C=Cc2ccc(-c3cccs3)o2)[nH+]1)C=C1Cc2ccccc2N1,0.0000000,0.0000,0.0000000,0.0000,0.0000000,0.0000,0.0000000,0.0000,"['C(=[O,S])[O,S]']",3
45.0165,48.2977,63.2063,0.8711248,CCCC1CCN(c2ccc(NC(=O)c3cccc4nc(-c5ccc(Cl)s5)c(CC)nc34)cc2)CC1,1,O=C(Nc1ccc(N2CCCCC2)cc1)c1cccc2nc(-c3cccs3)cnc12,0.9112614,425.2883,0.2704611,0.2705,0.5926804,2.6155,1.0000000,1.0000,[],3
41.7305,44.6914,-44.5491,0.0011119,COc1ccc(-c2nc3c(N4Cc5ccc(OC)cc5C4)nccc3n2CC2CCCCC2)cc1,1,c1ccc(-c2nc3c(N4Cc5ccccc5C4)nccc3n2CC2CCCCC2)cc1,0.0008134,322.7661,0.3364162,0.3364,0.5933281,2.6100,1.0000000,1.0000,[],3
31.2257,38.4926,-38.4910,0.0000126,C=CCN(Cc1ccccc1)C(=O)C1C2CCC3(O2)C1C(=O)N(CCCCCCO)C3C(=O)N(CC=C)CCCC,1,O=C(NCc1ccccc1)C1C2CCC3(CNC(=O)C13)O2,0.0000074,271.7988,0.2283161,0.2283,0.3518538,5.2227,1.0000000,1.0000,[],3
77.6113,81.8577,-75.8887,0.0466321,CC1(c2ccccc2F)CN(CCCC2Cc3cc4c(cc3C2=O)NC(=O)C(CCO)N=C4c2ccc(-c3ccc(C#N)cc3)cc2)C1,1,O=C1CN=C(c2ccc(-c3ccccc3)cc2)c2cc3c(cc2N1)C(=O)C(CCCN1CC(c2ccccc2)C1)C3,0.0423337,366.1368,0.2230671,0.2231,0.4405594,4.0985,1.0000000,1.0000,[],3
41.6243,47.2295,-47.2295,0.0000000,CCCCCOc1cc(C=Cc2ccncc2)c(Br)c(OC=CC(=O)O)c1,1,C(=Cc1ccncc1)c1ccccc1,0.0000000,0.0000,0.0000000,0.0000,0.0000000,0.0000,0.0000000,0.0000,"['C(=[O,S])[O,S]']",3
42.3696,42.7311,-42.7311,0.0000000,Cc1ccc(C(=O)N2N=C(N(c3ccccc3)c3ccccc3)NC23CCCC(C)C3)cc1,1,O=C(c1ccccc1)N1N=C(N(c2ccccc2)c2ccccc2)NC12CCCCC2,0.0000000,0.0000,0.0000000,0.0000,0.0000000,0.0000,0.0000000,0.0000,['[#7;!n][#7;!n]'],3
49.3839,53.3790,-53.3790,0.0000000,COC(=O)NC(C(=O)N1CCCC1c1ncc(-c2ccc3c(c2)C2(CCC2)c2ccc(-c4cnc(C5CCCN5C(=O)O)[nH]4)cc2CC3(C)C)[nH]1)C(C)C,1,c1cc2c(cc1-c1cnc(C3CCCN3)[nH]1)CCc1ccc(-c3cnc(C4CCCN4)[nH]3)cc1C21CCC1,0.0000000,0.0000,0.0000000,0.0000,0.0000000,0.0000,0.0000000,0.0000,"['C(=[O,S])[O,S]']",3
38.7831,40.7929,-40.7929,0.0000000,C#CC(CC=C)(CCCC)c1c(C)cc(C)c(CCCC)c1CCCC,1,c1ccccc1,0.0000000,0.0000,0.0000000,0.0000,0.0000000,0.0000,0.0000000,0.0000,['C#C'],4
23.9660,27.4271,-27.4271,0.0000000,O=C(O)c1ccc(-c2nc(-c3ccccc3)cc(=O)[nH]2)cc1,1,O=c1cc(-c2ccccc2)nc(-c2ccccc2)[nH]1,0.0000000,0.0000,0.0000000,0.0000,0.0000000,0.0000,0.0000000,0.0000,"['C(=[O,S])[O,S]']",4
40.5494,41.9655,-41.6422,0.0025253,COC1CCC2Oc3ccc(C(=O)NC(=O)c4cccnc4)cc3C2C1,1,O=C(NC(=O)c1ccc2c(c1)C1CCCCC1O2)c1cccnc1,0.0018789,331.8680,0.8596097,0.8596,0.5060148,3.4059,1.0000000,1.0000,[],4
52.8103,64.1181,-45.5291,0.1452264,COc1ccc(CCn2c3ccc(CNCC(c4ccccc4)c4ccccc4)cc3c3cc(C=Cc4ccc5c(c4)OCCO5)c4ccccc4c32)cc1,1,C(=Cc1cc2c3cc(CNCC(c4ccccc4)c4ccccc4)ccc3n(CCc3ccccc3)c2c2ccccc12)c1ccc2c(c1)OCCO2,0.1418296,380.4548,0.1276706,0.1277,0.5422757,3.0599,1.0000000,1.0000,[],4
43.0052,45.8201,-43.4201,0.0187501,CCC(C)c1ccc(-c2ccc3ccc4c(ccc5c4cc(CC(C)C)c4cccnc45)c3c2)cc1,1,c1ccc(-c2ccc3ccc4c(ccc5c4ccc4cccnc45)c3c2)cc1,0.0161290,355.3667,0.2298123,0.2298,0.5581278,2.9158,1.0000000,1.0000,[],4
39.4894,40.2791,-39.7673,0.0039979,C=CCc1ccccc1-c1ccc(-c2ccc(-c3ccc(OCCN)cc3)cc2)s1,1,c1ccc(-c2ccc(-c3ccc(-c4ccccc4)s3)cc2)cc1,0.0031284,337.4171,0.3230614,0.3231,0.6304960,2.3062,1.0000000,1.0000,[],4
51.7792,54.9008,-54.9008,0.0000000,COCC[n+]1c2c3ccc4ccc5c(ccc(c(Cl)cc3c3ccccc31)c5-4)N=2,1,c1ccc2c(c1)[nH+]c1c3ccc4ccc5c(ccc(ccc32)c5-4)N=1,0.0000000,0.0000,0.0000000,0.0000,0.0000000,0.0000,0.0000000,0.0000,['[*;r{8-17}]'],4
33.0390,35.2527,-35.2527,0.0000000,CCCOc1cc(N)c(C(CCC)C(=O)O)cc1OCCC,1,c1ccccc1,0.0000000,0.0000,0.0000000,0.0000,0.0000000,0.0000,0.0000000,0.0000,"['C(=[O,S])[O,S]']",4
30.9322,35.7406,-34.7995,0.0073519,COc1ccc(N(c2ccc(Cl)cc2)c2cc3ccc(Cl)cc3s2)cc1,1,c1ccc(N(c2ccccc2)c2cc3ccccc3s2)cc1,0.0059250,344.3817,0.3482120,0.3482,0.6378132,2.2485,1.0000000,1.0000,[],4
33.4283,40.4118,-31.4176,0.0702673,CC1(C)CS(=O)(=O)c2cc3c(C#N)c(C#N)c(=O)[nH]c3cc21,1,O=c1ccc2cc3c(cc2[nH]1)CCS3(=O)=O,0.0624504,370.5885,0.7877024,0.7877,0.5072083,3.3942,1.0000000,1.0000,[],4
26.4891,23.6817,-23.6817,0.0000000,CCCCCc1ccc(CC(=O)O)s1,1,c1ccsc1,0.0000000,0.0000,0.0000000,0.0000,0.0000000,0.0000,0.0000000,0.0000,"['C(=[O,S])[O,S]']",4
25.9859,29.1000,-28.5777,0.0040804,c1ccc2[nH]c(-c3ccc4c5c(cccc35)CC4)nc2c1,1,c1ccc2[nH]c(-c3ccc4c5c(cccc35)CC4)nc2c1,0.0031422,337.4649,0.5424460,0.5424,0.6534317,2.1276,1.0000000,1.0000,[],4
43.7262,43.7421,-43.5299,0.0016577,N#CC1=C2CC23CC(C1)N(Cc1ccco1)O3,1,C1=C2CC23CC(C1)N(Cc1ccco1)O3,0.0012216,327.1862,0.7778185,0.7778,0.3243293,5.6300,1.0000000,1.0000,[],4
29.0260,29.6434,-29.6385,0.0000380,COc1cccc(N(C)C(=O)CC2CCCc3ccccc32)c1,1,O=C(CC1CCCc2ccccc21)Nc1ccccc1,0.0000226,283.8387,0.8481423,0.8481,0.5982628,2.5686,1.0000000,1.0000,[],4
43.4077,45.7348,-45.7348,0.0000000,Cc1ccc(N2CC3CN(c4ccc5c(=O)c(C(=O)O)cn(-c6c(C)cccc6C)c5c4)CC3C2)cc1,1,O=c1ccn(-c2ccccc2)c2cc(N3CC4CN(c5ccccc5)CC4C3)ccc12,0.0000000,0.0000,0.0000000,0.0000,0.0000000,0.0000,0.0000000,0.0000,"['C(=[O,S])[O,S]']",4
55.8493,68.3367,45.3473,0.8881566,CCCCCCCCCc1cccc(-c2cnc(C3C=CCC(c4ccc(C=C(C#N)C#N)s4)=N3)n2CCCC)c1,1,C1=CC(c2ncc(-c3ccccc3)[nH]2)N=C(c2cccs2)C1,0.9634924,435.5366,0.1048703,0.1049,0.4578306,3.9063,1.0000000,1.0000,[],4
31.3092,30.6861,-30.6861,0.0000000,CCOc1cc(C(=O)O)cc2cnsc12,1,c1ccc2sncc2c1,0.0000000,0.0000,0.0000000,0.0000,0.0000000,0.0000,0.0000000,0.0000,"['C(=[O,S])[O,S]']",4
89.5202,97.3003,-63.5641,0.2635643,CCCCCCCCCCCCn1c2ccc(C3(O)Oc4ccc(C(=O)c5cccc(-c6ccc(N(c7ccccc7)c7ccccc7)cc6)c5)cc4N=C3c3cccc(Nc4ccc(C(=O)c5ccc(OC)cc5)cc4)c3)cc2c2ccc(-c3ccc(N(c4ccccc4)c4ccc(C)cc4)cc3)cc21,1,O=C(c1ccccc1)c1ccc(Nc2cccc(C3=Nc4cc(C(=O)c5cccc(-c6ccc(N(c7ccccc7)c7ccccc7)cc6)c5)ccc4OC3c3ccc4[nH]c5cc(-c6ccc(N(c7ccccc7)c7ccccc7)cc6)ccc5c4c3)c2)cc1,0.2788556,389.6839,0.0368778,0.0369,0.3456683,5.3114,1.0000000,1.0000,[],4
23.1273,23.6908,-23.6875,0.0000264,CCCCC(CC)CN(CCCN)Cc1ccccc1,1,c1ccccc1,0.0000155,279.7894,0.6603372,0.6603,0.6043530,2.5180,1.0000000,1.0000,[],4
84.8947,89.2378,-89.2378,0.0000000,CC(C)(C)OC(=O)N1CC2Cc3c(Cl)ccc(NC(=O)N4CC5CCC4CC5c4cc(-c5ccc(C#N)cc5)on4)c3N(C2)C(CC(F)(F)C(F)(F)F)C1,1,O=C(Nc1cccc2c1N1CCNCC(C2)C1)N1CC2CCC1CC2c1cc(-c2ccccc2)on1,0.0000000,0.0000,0.0000000,0.0000,0.0000000,0.0000,0.0000000,0.0000,"['C(=[O,S])[O,S]']",4
44.5800,50.9481,-50.9481,0.0000000,COC(=O)c1ccc2c(c1)C(=O)N(c1ccc3c(c1)c1cc(N(c4ccccc4)c4ccccc4)ccc1n3-c1ccc(C=O)o1)C2=O,1,O=C1c2ccccc2C(=O)N1c1ccc2c(c1)c1cc(N(c3ccccc3)c3ccccc3)ccc1n2-c1ccco1,0.0000000,0.0000,0.0000000,0.0000,0.0000000,0.0000,0.0000000,0.0000,"['C(=[O,S])[O,S]']",4
58.8896,60.9707,-60.9707,0.0000000,CC1(OC)CCC2(C)C(C1)C(CCC2)=Cc1c(C(C)C)c(n2nc(ccc21)Oc1ccccc1)=O,0,,0.0000000,0.0000,0.0000000,0.0000,0.0000000,0.0000,0.0000000,0.0000,None,4
59.6085,65.3863,-59.7332,0.0441647,COC1=CN(c2ccc3cc(OC)ccc3c2)C(=O)C2(C(c3ccc(OC)cc3)=C1)c1cc(Cl)c(OC)cc1OC2c1cc(OC)c(OC)c(OC)c1,1,O=C1N(c2ccc3ccccc3c2)C=CC=C(c2ccccc2)C12c1ccccc1OC2c1ccccc1,0.0406487,365.6767,0.1399311,0.1399,0.4028849,4.5455,1.0000000,1.0000,[],4
31.5443,33.0130,-32.6712,0.0026703,Cc1ccsc1-c1sccc1-c1ccc(C=O)cc1,1,c1ccc(-c2ccsc2-c2cccs2)cc1,0.0020074,332.5876,0.5991447,0.5991,0.6120030,2.4551,1.0000000,1.0000,[],4
78.4881,92.3133,-92.3133,0.0000000,CCCCC(CC)COC(=O)C1=C(OC(=O)OCC(C)C)C2(CC1(C(=O)O)C(=O)O)SCC2Cc1nc2ccc(C(O)=C(C#N)c3ccc([N+](=O)[O-])cc3)cc2[nH]1,1,C1=CC2(CC1)SCC2Cc1nc2ccc(C=Cc3ccccc3)cc2[nH]1,0.0000000,0.0000,0.0000000,0.0000,0.0000000,0.0000,0.0000000,0.0000,"['C(=[O,S])[O,S]']",4
32.9846,35.0050,4.1631,0.3060004,c1ccc(-c2cc(-c3ccc(-c4ccncc4)cc3)nc(-c3c4ccccc4c(-c4ccccc4)c4ccccc34)n2)cc1,1,c1ccc(-c2cc(-c3ccc(-c4ccncc4)cc3)nc(-c3c4ccccc4c(-c4ccccc4)c4ccccc34)n2)cc1,0.3055314,391.0851,0.1962364,0.1962,0.6408744,2.2246,1.0000000,1.0000,[],4
28.1504,31.0428,-29.0640,0.0154595,COc1ccc(C=Nn2c(C(C)(C)C)nc3ccccc3c2=O)cc1O,1,O=c1c2ccccc2ncn1N=Cc1ccccc1,0.0126644,352.7030,0.7347410,0.7347,0.6134221,2.4435,1.0000000,1.0000,[],4
19.4301,23.1375,-23.1375,0.0000000,O=C(O)C(=C(c1ccccc1)c1ccccc1)c1ccccc1,1,C(=C(c1ccccc1)c1ccccc1)c1ccccc1,0.0000000,0.0000,0.0000000,0.0000,0.0000000,0.0000,0.0000000,0.0000,"['C(=[O,S])[O,S]']",4
53.1314,55.7434,-47.0370,0.0680189,CNC1C(=O)c2cc(N3C(=O)c4cc(Cl)c(Oc5ccccc5)cc4C3=O)ccc2C1C(C)C,1,O=C1CCc2ccc(N3C(=O)c4ccc(Oc5ccccc5)cc4C3=O)cc21,0.0612470,370.3633,0.4970028,0.4970,0.5016562,3.4492,1.0000000,1.0000,[],4
23.8795,29.5858,-16.6202,0.1012938,COc1ccc(N(c2ccccc2)c2c(-c3ccccc3)ccc3ccccc23)cc1,1,c1ccc(-c2ccc3ccccc3c2N(c2ccccc2)c2ccccc2)cc1,0.0941107,375.4141,0.2958415,0.2958,0.6678976,2.0181,1.0000000,1.0000,[],4
84.4167,91.3699,-79.7408,0.0908516,CC(C)c1ccc(-c2cc(=C(C#N)C#N)c(=C3N(c4ccc(C(C)C)cc4C(C)C)c4ccccc4C34c3ccccc3N(c3ccc5c(n3)Sc3ccccc3O5)c3ccccc34)c3c4ccccc4c4ccccc4c23)cc1,1,C=c1cc(-c2ccccc2)c2c3ccccc3c3ccccc3c2c1=C1N(c2ccccc2)c2ccccc2C12c1ccccc1N(c1ccc3c(n1)Sc1ccccc1O3)c1ccccc12,0.0867292,545.5609,0.1535866,0.1536,0.3751764,4.9018,1.0000000,1.0000,[],4
16.5047,17.7360,-16.7772,0.0074909,O=[N+]([O-])c1ccc2c(c1)OCO2,1,c1ccc2c(c1)OCO2,0.0059787,344.4803,0.4671034,0.4671,0.6818420,1.9148,1.0000000,1.0000,[],4
41.1707,46.9449,73.4350,0.9404681,CCc1cc2cc(C(=O)C=Cc3ccc(N4CCCCCC4)cc3)cnc2cc1CC,1,O=C(C=Cc1ccc(N2CCCCCC2)cc1)c1cnc2ccccc2c1,0.9802681,442.4044,0.3361643,0.3362,0.6144596,2.4351,1.0000000,1.0000,[],4
52.6951,54.5573,29.5117,0.6567887,COC(OC)(OC)C1=Cc2nc(-c3ccc(-c4ccccc4C)cc3)c3ccccc3c21,1,C1=Cc2c1nc(-c1ccc(-c3ccccc3)cc1)c1ccccc21,0.6728339,407.8285,0.3401421,0.3401,0.5599767,2.8993,1.0000000,1.0000,[],4
67.6088,74.9931,-74.9931,0.0000000,C(n1c(n(C)c2c(c3ccccc3s2)c1=O)=O)C(c1ccc2c3c(-c4ccc(cc4)N(CCOCCOCCOCCOCCOCCOCCCC)C2=O)ccc2c3c(ccc2)c1)=O,0,,0.0000000,0.0000,0.0000000,0.0000,0.0000000,0.0000,0.0000000,0.0000,None,4
18.4895,23.6110,-13.2092,0.0812637,c1ccc2cc3c(ccc4ccccc43)cc2c1,1,c1ccc2cc3c(ccc4ccccc43)cc2c1,0.0745623,372.6543,0.2883544,0.2884,0.7249115,1.6085,1.0000000,1.0000,[],4
38.7716,41.0646,62.3919,0.8082534,Cc1ccc(-c2c3ccccc3c(-c3ccc(C)cc3)c3c2ccc2cc4c(C)cccc4cc23)cc1,1,c1ccc(-c2c3ccccc3c(-c3ccccc3)c3c2ccc2cc4ccccc4cc23)cc1,0.8528815,419.0805,0.1733279,0.1733,0.6336660,2.2812,1.0000000,1.0000,[],4
59.3349,74.8541,-74.8541,0.0000000,c1(C(F)(F)F)cc(ccc1F)-c1sc(-c2[n+](c3c(sc(n3)-c3ccc(C=C(C(=O)O)C#N)s3)s2)-c2ccc(N(c3ccc(OCCCCCC)cc3)CCCCCC)cc2)s1,0,,0.0000000,0.0000,0.0000000,0.0000,0.0000000,0.0000,0.0000000,0.0000,None,4
39.4966,45.6747,-45.6747,0.0000000,CCCCCCOC(=O)c1ccc(N(c2ccc(OCCCCCC)cc2)c2ccc3oc(C(=O)CCCCC)nc3c2)cc1,1,c1ccc(N(c2ccccc2)c2ccc3ocnc3c2)cc1,0.0000000,0.0000,0.0000000,0.0000,0.0000000,0.0000,0.0000000,0.0000,"['C(=[O,S])[O,S]']",4
22.6220,25.3787,-23.5680,0.0141463,COc1ccc(-c2cc(=O)c3c([N+](=O)[O-])cccc3o2)cc1,1,O=c1cc(-c2ccccc2)oc2ccccc12,0.0116272,351.7639,0.5464081,0.5464,0.6542894,2.1210,1.0000000,1.0000,[],4
35.5927,36.4527,-36.3950,0.0004508,CN(C)c1ccc(I)c2[nH]c3c(c12)-c1ccccc1CC3,1,c1ccc2c(c1)CCc1[nH]c3ccccc3c1-2,0.0003090,312.2509,0.6039161,0.6039,0.5731969,2.7826,1.0000000,1.0000,[],4
47.3634,46.4929,-46.4929,0.0000000,O=C1C(=Cc2cc3=CCC(c3nc2)c2cccs2)C=CC=CC1,0,,0.0000000,0.0000,0.0000000,0.0000,0.0000000,0.0000,0.0000000,0.0000,None,4
83.1798,91.1514,-82.2858,0.0692623,CCCN(CCC)c1ccc2c(c1)OC(CC1c3cc(OC)c(OCC#N)cc3CCN1CCC)CC2C(=O)c1nc(-c2ccc(OC)cc2)[nH]c1-c1ccc(OC)c(OC)c1,1,O=C(c1nc(-c2ccccc2)[nH]c1-c1ccccc1)C1CC(CC2NCCc3ccccc32)Oc2ccccc21,0.0664800,371.3142,0.0797607,0.0798,0.3929741,4.6701,1.0000000,1.0000,[],4
43.2208,44.1197,-44.1197,0.0000000,CCOC(=O)C12CC(CC)C1CCC1COC=CC12,1,C1=CC2C(CCC3CCC32)CO1,0.0000000,0.0000,0.0000000,0.0000,0.0000000,0.0000,0.0000000,0.0000,"['C(=[O,S])[O,S]']",4
52.2012,54.2478,-54.2478,0.0000005,C=CC(O)(CCOCC(O)CC12OCC(CCCC)(CO1)CO2)COCCO,1,C1OC2OCC1CO2,0.0000003,235.2384,0.2739081,0.2739,0.3464869,5.2996,1.0000000,1.0000,[],4
73.3070,76.1599,-76.1599,0.0000000,c1ccc(C2COc3c(=N2)c(c2c(cc4CCCN5C(c42)=COC(OC)=c5cc3)O)C)cc1,0,,0.0000000,0.0000,0.0000000,0.0000,0.0000000,0.0000,0.0000000,0.0000,None,4
59.0460,65.0217,-65.0217,0.0000000,[C-]#[N+]C(C#N)=c1c(=N)c2nc3ccc(C#N)cc3n2c2c1cc(N)n2-c1ccc(OC(C)=O)cc1,1,C=c1c(=N)c2nc3ccccc3n2c2c1ccn2-c1ccccc1,0.0000000,0.0000,0.0000000,0.0000,0.0000000,0.0000,0.0000000,0.0000,"['C(=[O,S])[O,S]']",4
21.2130,27.1779,-27.1779,0.0000000,CN(C)c1ccc(C=C(C#N)C(=O)Nc2ccc(C(=O)O)cc2)cc1,1,O=C(C=Cc1ccccc1)Nc1ccccc1,0.0000000,0.0000,0.0000000,0.0000,0.0000000,0.0000,0.0000000,0.0000,"['C(=[O,S])[O,S]']",4
52.1403,60.1741,-60.1158,0.0004551,N#CN(C(=O)C(N)(Oc1c(Cl)cccc1Cl)c1ccccc1Cl)C(C(=O)Nc1cccc2ccccc12)c1cccs1,1,O=C(Nc1cccc2ccccc12)C(NC(=O)C(Oc1ccccc1)c1ccccc1)c1cccs1,0.0003313,313.0106,0.1030051,0.1030,0.4710535,3.7639,1.0000000,1.0000,[],4
46.6958,49.0982,-48.1179,0.0076589,O=C(Nc1cc(-c2nc3c4ccccc4ccc3n2-c2ccccc2)ccc1-c1ccccc1)c1cc(F)c(F)c(F)c1F,1,O=C(Nc1cc(-c2nc3c4ccccc4ccc3n2-c2ccccc2)ccc1-c1ccccc1)c1ccccc1,0.0064016,345.2269,0.1239545,0.1240,0.5885893,2.6501,1.0000000,1.0000,[],4
100.0944,108.7782,-108.7782,0.0000000,c1cccc(c1)C1c2c3c(c4c5c(ccc4)C(=O)OC5(O3)c3ccc(cc3)N(C)CCN(C)C)c3C(c2c2c4ccccc4c4c5cc(C#N)ccc5n(c2c14)CCCC)=C3[n+]1ccccc1,0,,0.0000000,0.0000,0.0000000,0.0000,0.0000000,0.0000,0.0000000,0.0000,None,4
83.5078,88.8424,-88.8424,0.0000000,C(CCCN(c1c2c(c3c4ccc5n(CCCCCC)c6ccccc6c(-c2cc1CCCCCCCC)c34)nc1c2c5c(n(c1)CCCCCCCCC)cccc2)CCCCCCCC)CCCCC,0,,0.0000000,0.0000,0.0000000,0.0000,0.0000000,0.0000,0.0000000,0.0000,None,4
76.2811,96.3882,-96.3882,0.0000000,c1(=O)c(O)c2n(c(c1)=O)c1c3sc(cn3c(=NC[C@@H](C)O)n1c2)-c1ccc(cc1)N(c1ccc(C=C(C(O)=O)C#N)cc1)CCCCCC,0,,0.0000000,0.0000,0.0000000,0.0000,0.0000000,0.0000,0.0000000,0.0000,None,4
59.4104,67.6512,-67.6512,0.0000000,C=CCCn1c(-c2cc(C=NNC(=O)CSc3nnc(-c4ccc(C)cc4)n3-c3ccc(OC)cc3)ccc2N2CCCCC2)nc2ccc(C(=O)O)cc21,1,O=C(CSc1nnc(-c2ccccc2)n1-c1ccccc1)NN=Cc1ccc(N2CCCCC2)c(-c2nc3ccccc3[nH]2)c1,0.0000000,0.0000,0.0000000,0.0000,0.0000000,0.0000,0.0000000,0.0000,"['[#7;!n][#7;!n]', 'C(=[O,S])[O,S]']",4
35.4644,39.5315,-39.4639,0.0005286,CCCNC(=O)c1ccccc1Cn1c2ccccc2c2ccc3ccccc3c21,1,c1ccc(Cn2c3ccccc3c3ccc4ccccc4c32)cc1,0.0003695,314.1952,0.3831443,0.3831,0.6595495,2.0810,1.0000000,1.0000,[],4
54.7316,55.6319,-55.6319,0.0000000,c1cccc(N2c3c4B(c5c2cc2c(c5)B5c6ccc(C(C)(C)C)cc6B(c6ccc(C(C)(C)C)cc65)c2cc4)c2cc(cc(C)c2O3)C(C)(C)C)c1,0,,0.0000000,0.0000,0.0000000,0.0000,0.0000000,0.0000,0.0000000,0.0000,None,4
37.6581,47.3524,15.9894,0.4948574,C(=Cc1ccc(N(c2cccc(Oc3cccc4cccnc34)c2)c2cccc3ccccc23)cc1)c1ccc(N(c2ccccc2)c2ccccc2)cc1,1,C(=Cc1ccc(N(c2cccc(Oc3cccc4cccnc34)c2)c2cccc3ccccc23)cc1)c1ccc(N(c2ccccc2)c2ccccc2)cc1,0.5145023,400.6300,0.1323389,0.1323,0.5630872,2.8716,1.0000000,1.0000,[],4
37.9979,41.5810,-34.9899,0.0514926,[C-]#[N+]c1ccc2c(c1)Oc1ccccc1N2c1ccc2c(c1)C(C)(C)c1cc(N3c4ccccc4C(C)(C)c4ccccc43)ccc1-2,1,c1ccc2c(c1)Cc1ccccc1N2c1ccc2c(c1)Cc1cc(N3c4ccccc4Oc4ccccc43)ccc1-2,0.0470995,367.3492,0.1823762,0.1824,0.5339741,3.1370,1.0000000,1.0000,[],4
24.0370,27.4974,-27.0452,0.0035323,CCCCCCCn1c2ccccc2c2cc(Br)ccc21,1,c1ccc2c(c1)[nH]c1ccccc12,0.0027129,335.8654,0.4482175,0.4482,0.6881407,1.8688,1.0000000,1.0000,[],4
35.9990,33.2735,-33.1616,0.0008749,NC(=O)C1CCCCC1NC(=O)c1ccnc2ccc(Br)cc12,1,O=C(NC1CCCCC1)c1ccnc2ccccc12,0.0006143,319.7169,0.8640114,0.8640,0.5534564,2.9579,1.0000000,1.0000,[],4
39.3101,40.1602,-40.1571,0.0000248,NC(=O)C1CN(CC2CCC(=O)C3C4CCC(C4)C23)C1,1,O=C1CCC(CN2CCC2)C2C3CCC(C3)C12,0.0000146,279.0810,0.8376217,0.8376,0.3833717,4.7938,1.0000000,1.0000,[],4
52.8062,57.3156,-28.4094,0.2258298,CCC1CCCCN1C(CC)c1cc(N(c2ccccc2)c2ccccc2)ccc1-c1cccc(N(C2=CC=C(c3ccccc3)CC2)c2ccccc2)c1,1,C1=C(c2ccccc2)CCC(N(c2ccccc2)c2cccc(-c3ccc(N(c4ccccc4)c4ccccc4)cc3CN3CCCCC3)c2)=C1,0.2267723,386.6821,0.1246628,0.1247,0.4517804,3.9728,1.0000000,1.0000,[],4
40.8957,43.5171,-43.5171,0.0000000,NC1=c2ccc3cc(c(-c4cc(S(=O)(=O)O)cc5ccccc45)c2c3)C=C1,1,C1=Cc2cc3ccc(c(c3)c2-c2cccc3ccccc23)=C1,0.0000000,0.0000,0.5249370,0.5249,0.4434933,4.0654,1.0000000,1.0000,[],4
21.8738,21.3114,-21.0971,0.0016740,NC1=NC(N)N=N1,1,C1=NCN=N1,0.0012562,327.4901,0.4079358,0.4079,0.3689090,4.9860,1.0000000,1.0000,[],4
33.7250,32.5952,-32.5939,0.0000097,Cn1nc(C2CCCCC2)n(C2CCCc3ccccc32)c1=O,1,O=c1[nH]nc(C2CCCCC2)n1C1CCCc2ccccc21,0.0000054,268.3002,0.8505837,0.8506,0.5590357,2.9077,1.0000000,1.0000,[],5
32.0568,40.1410,-40.0472,0.0007322,CCCCCCN1C(=O)C2(OC(N)=C(C#N)C2=O)c2cc(C#N)ccc21,1,O=C1C=COC12C(=O)Nc1ccccc12,0.0005163,317.8289,0.6400975,0.6401,0.4549760,3.9376,1.0000000,1.0000,[],5
38.8707,37.6941,-14.9301,0.1778443,CC(C)Oc1ccc(-c2nn3c(nc2N)nc2ccc(F)cc23)cc1,1,c1ccc(-c2cnc3nc4ccccc4n3n2)cc1,0.1666012,382.5206,0.6193124,0.6193,0.6087345,2.4819,1.0000000,1.0000,[],5
79.8501,92.8455,-90.1987,0.0206780,CC[N+]#CC(C=CC=C(C#N)C=C1Sc2cc(OCC)c(OCC)cc2-c2cccc(SCC)c21)=C(C#N)n1c(C=Cc2ccccc2C#N)nc2ccccc21,1,C(=CC=Cn1c(C=Cc2ccccc2)nc2ccccc21)C=CC=C1Sc2ccccc2-c2ccccc21,0.0186793,563.0113,0.0698215,0.0698,0.4167251,4.3766,1.0000000,1.0000,[],5
40.7875,43.4267,-43.4267,0.0000000,CCCSCC(C#Cc1ccc(C#N)cc1)=Cc1cc(O)ccc1Br,1,C(#Cc1ccccc1)C=Cc1ccccc1,0.0000000,0.0000,0.0000000,0.0000,0.0000000,0.0000,0.0000000,0.0000,['C#C'],5
35.2562,43.9957,-40.8273,0.0247531,COc1ccc(C=Cc2cc(C=CC(=O)Cc3ccc(OC)cc3)cc(OC)c2OCC=C(C)C)cc1,1,O=C(C=Cc1cccc(C=Cc2ccccc2)c1)Cc1ccccc1,0.0218629,358.7327,0.1520948,0.1521,0.5918260,2.6227,1.0000000,1.0000,[],5
21.4636,25.9064,-19.7411,0.0481667,c1ccc2c(c1)ccc1c3ccc4ccccc4c3c3ccccc3c21,1,c1ccc2c(c1)ccc1c3ccc4ccccc4c3c3ccccc3c21,0.0431556,366.3549,0.2539121,0.2539,0.7346216,1.5420,1.0000000,1.0000,[],5
108.9919,109.8784,-96.1293,0.1074150,COc1cc(-c2ccn[nH]2)ccc1-c1cc(C(=O)NC(C(=O)NCc2ccc(CN)cc2)C(=O)Nc2ccc(NC(=O)c3cccc(Nc4c5ccccc5nc5ccccc45)c3)cc2)c(Cn2nnc3ccc(C(C)=O)cc32)s1,1,O=C(Nc1ccc(NC(=O)C(NC(=O)c2cc(-c3ccc(-c4ccn[nH]4)cc3)sc2Cn2nnc3ccccc32)C(=O)NCc2ccccc2)cc1)c1cccc(Nc2c3ccccc3nc3ccccc23)c1,0.1095162,377.2463,0.0240802,0.0241,0.4032222,4.5413,1.0000000,1.0000,[],5
20.2028,28.3451,-28.2601,0.0006642,COc1ccc(N(c2ccc(OC)cc2)c2ccc(SC(C)(C)C)cc2)cc1,1,c1ccc(N(c2ccccc2)c2ccccc2)cc1,0.0004687,316.7771,0.4177049,0.4177,0.6550711,2.1151,1.0000000,1.0000,[],5
25.3353,27.4206,-27.3362,0.0006592,O=c1c2ccccc2c2ccccc2n1CC(F)F,1,O=c1[nH]c2ccccc2c2ccccc12,0.0004584,316.5362,0.6462332,0.6462,0.6723012,1.9852,1.0000000,1.0000,[],5
77.0344,84.5244,-84.5244,0.0000000,CN(CCO)c1ccc(C=C2C(=O)N(c3ccccc3)c3ccccc3C2C2C3=Cc4ccccc4C4=C(C3=Nc3ccc([N+](=O)[O-])cc32)C4(C)C(=O)O)cc1,1,O=C1C(=Cc2ccccc2)C(C2C3=Cc4ccccc4C4=C(C4)C3=Nc3ccccc32)c2ccccc2N1c1ccccc1,0.0000000,0.0000,0.0000000,0.0000,0.0000000,0.0000,0.0000000,0.0000,"['C(=[O,S])[O,S]']",5
38.4361,42.0826,-41.1270,0.0074652,CC(=O)N1c2ccccc2C(C)(C)CC1c1ccc2ccc3cccc4ccc1c2c34,1,c1ccc2c(c1)CCC(c1ccc3ccc4cccc5ccc1c3c45)N2,0.0060914,344.6843,0.2677640,0.2678,0.5449672,3.0351,1.0000000,1.0000,[],5
31.4594,36.5992,-36.5992,0.0000000,c1(ccc(C)cc1)-c1cc2c(nc1)n(c(c(c2=O)C#N)=O)C,0,,0.0000000,0.0000,0.0000000,0.0000,0.0000000,0.0000,0.0000000,0.0000,None,5
65.0819,72.6769,-72.6769,0.0000000,[O-][N+](c1ccc(-c2cc3c(ncs3)c(-c3sc(-c4scc(-c5ccc(N(c6ccccc4)CCCCCC)s6)=O)s5)ccc3n2)cc1)=O,0,,0.0000000,0.0000,0.0000000,0.0000,0.0000000,0.0000,0.0000000,0.0000,None,5
71.7450,76.5147,-76.5147,0.0000000,N#Cc1c2n(Cc3ccc(-c4ncccc4OCc4ccc(C5=Cc6ccccc6N(c6ccccc6)N5)cc4)cc3)c3c(cccc3c1=O)-c1ccccc1-2,1,O=c1cc2n(Cc3ccc(-c4ncccc4OCc4ccc(C5=Cc6ccccc6N(c6ccccc6)N5)cc4)cc3)c3c(cccc13)-c1ccccc1-2,0.0000000,0.0000,0.0000000,0.0000,0.0000000,0.0000,0.0000000,0.0000,['[#7;!n][#7;!n]'],5
30.1329,33.2232,-33.2232,0.0000000,CN1C(=O)C(=CN(Nc2ccccc2)c2ccccc2)SC1=S,1,O=C1NC(=S)SC1=CN(Nc1ccccc1)c1ccccc1,0.0000000,0.0000,0.0000000,0.0000,0.0000000,0.0000,0.0000000,0.0000,"['[#7;!n][#7;!n]', 'C(=[O,S])[O,S]']",5
39.5603,37.6683,-37.6496,0.0001460,O=C(NS(=O)(=O)c1ccccc1I)c1nnc(-c2c(F)cccc2F)o1,1,O=C(NS(=O)(=O)c1ccccc1)c1nnc(-c2ccccc2)o1,0.0000944,299.3809,0.5638013,0.5638,0.5891854,2.6451,1.0000000,1.0000,[],5
41.2464,50.3300,-50.3300,0.0000000,COc1ccc(-c2ccc3c4c5c(cc(C=C(C#N)C(=O)O)cc5cc3c2)C=C4)cc1,1,C1=Cc2c3ccc(-c4ccccc4)cc3cc3cccc1c23,0.0000000,0.0000,0.0000000,0.0000,0.0000000,0.0000,0.0000000,0.0000,"['C(=[O,S])[O,S]']",5
26.9885,24.7566,-24.7566,0.0000000,CC(O)CC(C)S(C)(=O)=O,1,,0.0000000,193.8554,0.6508762,0.6509,0.4902432,3.5643,1.0000000,1.0000,[],5
51.3437,54.2636,-54.2636,0.0000000,c1c(N(C)CCCC)[nH]c(c1)=CC(C1c2cc3ccccc3cc2N=1)C,0,,0.0000000,0.0000,0.0000000,0.0000,0.0000000,0.0000,0.0000000,0.0000,None,5
44.2226,51.6040,-18.5256,0.2584254,COc1ccc(-c2ccc3nc(-n4c5ccc(N(c6ccccc6)c6ccccc6)cc5c5cc(N(c6ccccc6)c6ccccc6)ccc54)oc(=O)c3c2)cc1OC,1,O=c1oc(-n2c3ccc(N(c4ccccc4)c4ccccc4)cc3c3cc(N(c4ccccc4)c4ccccc4)ccc32)nc2ccc(-c3ccccc3)cc12,0.2596819,388.6256,0.1367387,0.1367,0.5332748,3.1436,1.0000000,1.0000,[],5
42.9332,52.8013,-52.8013,0.0000000,CCN(CC)c1ccc(-c2c(C(=O)Nc3cc(C(=O)O)cc(C(=O)O)c3)nc3ccc(C=O)cn23)cc1,1,O=C(Nc1ccccc1)c1nc2ccccn2c1-c1ccccc1,0.0000000,0.0000,0.0000000,0.0000,0.0000000,0.0000,0.0000000,0.0000,"['C(=[O,S])[O,S]']",5
46.7941,52.6072,66.9136,0.9337562,COc1cc(-c2c3c(cc4c2C(=O)c2ccc(-c5cccc6ccccc56)c(OC)c2-4)OCO3)cc(OC)c1OC,1,O=C1c2ccc(-c3cccc4ccccc34)cc2-c2cc3c(c(-c4ccccc4)c21)OCO3,0.9876723,447.5933,0.2197027,0.2197,0.5686048,2.8228,1.0000000,1.0000,[],5
36.2689,37.5902,-37.5902,0.0000000,C=CCNC(=O)c1ccccc1Nc1ccc(C(=O)O)c(C)c1C,1,c1ccc(Nc2ccccc2)cc1,0.0000000,0.0000,0.0000000,0.0000,0.0000000,0.0000,0.0000000,0.0000,"['C(=[O,S])[O,S]']",5
22.1064,23.6122,-23.4623,0.0011712,COc1ccc2c(c1)CCC(c1ccccc1)=C2,1,C1=C(c2ccccc2)CCc2ccccc21,0.0008351,323.0528,0.7596180,0.7596,0.6722839,1.9854,1.0000000,1.0000,[],5
35.0364,36.2358,73.6208,0.8582547,O=C1c2ccccc2C(=O)c2c1c1c(c3ccccc23)COC1O,1,O=C1c2ccccc2C(=O)c2c1c1c(c3ccccc23)COC1,0.8791652,421.5470,0.5411859,0.5412,0.5463110,3.0228,1.0000000,1.0000,[],5
71.4906,78.0915,37.0573,0.8995997,CCOCc1ccc2c(c1)C1(Oc3ccc(C)cc3C1=C=C=Cc1cccc3c4ccc5cc(C)ccc5c4n(CC)c13)c1ccccc1-2,1,C(=C=C1c2ccccc2OC12c1ccccc1-c1ccccc12)=Cc1cccc2c1[nH]c1c3ccccc3ccc21,0.9627302,435.3037,0.1757350,0.1757,0.4156329,4.3898,1.0000000,1.0000,[],5
34.1859,36.6733,-34.8456,0.0142788,C=Cc1cccc(C=Cc2ccc3c(c2)N(C)CCO3)c1C=C,1,C(=Cc1ccc2c(c1)NCCO2)c1ccccc1,0.0116651,351.7996,0.7392541,0.7393,0.5678436,2.8295,1.0000000,1.0000,[],5
36.5415,35.8515,-35.8515,0.0000000,CN1C(=O)SC(c2nc3cc(Cl)ccc3n(C)c2=O)C1=O,1,O=C1NC(=O)C(c2nc3ccccc3[nH]c2=O)S1,0.0000000,0.0000,0.0000000,0.0000,0.0000000,0.0000,0.0000000,0.0000,"['C(=[O,S])[O,S]']",5
25.8295,27.3912,-27.3912,0.0000000,Cc1ccc(S(=O)(=O)Cc2nc(CC(=O)O)cs2)cc1,1,O=S(=O)(Cc1nccs1)c1ccccc1,0.0000000,0.0000,0.0000000,0.0000,0.0000000,0.0000,0.0000000,0.0000,"['C(=[O,S])[O,S]']",5
25.7577,25.5842,8.5240,0.2664705,Cc1ccc(C=C(C#N)C(=O)Nc2cccc(C(F)(F)F)c2)o1,1,O=C(C=Cc1ccco1)Nc1ccccc1,0.2540026,388.3025,0.6821452,0.6821,0.6336181,2.2815,1.0000000,1.0000,[],5
71.1954,73.4007,-73.4007,0.0000000,CC(OC(N)=O)C(=O)N1CCC(Cn2ccc3c2C(=O)Nn2c4ccccc4c4c5cc6cccc(Cl)c6nc5c-3cc42)CC1,1,O=C1Nn2c3ccccc3c3c4cc5ccccc5nc4c(cc32)-c2ccn(CC3CCNCC3)c21,0.0000000,0.0000,0.0000000,0.0000,0.0000000,0.0000,0.0000000,0.0000,"['[*;r{8-17}]', 'C(=[O,S])[O,S]']",5
37.3935,40.5913,-37.0669,0.0275337,COc1ccc(-c2oc3cc(OC4OC(CO)C(O)C(O)C4O)ccc3c(=O)c2O)cc1,1,O=c1cc(-c2ccccc2)oc2cc(OC3CCCCO3)ccc12,0.0238830,359.7147,0.3701562,0.3702,0.4802554,3.6672,1.0000000,1.0000,[],5
30.7492,32.1714,-31.7730,0.0031130,C[N+](C)(C)C(=O)c1ccc2c(c1)C(=O)N(c1ccccc1)C2=O,1,O=C1c2ccccc2C(=O)N1c1ccccc1,0.0023548,334.3244,0.6318167,0.6318,0.6167322,2.4166,1.0000000,1.0000,[],5
37.6364,38.2189,-38.2189,0.0000000,C=CCCC(=O)NCC(C)OC(=O)C1C2CCC3(S2)C(=O)N(C(CO)Cc2ccccc2)C(=O)C13,1,O=C1C2CC3CCC2(S3)C(=O)N1CCc1ccccc1,0.0000000,0.0000,0.0000000,0.0000,0.0000000,0.0000,0.0000000,0.0000,"['C(=[O,S])[O,S]']",5
30.4428,34.2206,-34.2206,0.0000000,c1cc(Sc2ccccc2)cc2oc3cc(ccc3c2c1)[N+]#[C-],0,,0.0000000,0.0000,0.0000000,0.0000,0.0000000,0.0000,0.0000000,0.0000,None,5
24.4464,24.4276,-24.4218,0.0000457,Fc1ccc(-c2nnc(-c3ccccc3Cl)o2)cc1,1,c1ccc(-c2nnc(-c3ccccc3)o2)cc1,0.0000275,285.9988,0.7030023,0.7030,0.7012292,1.7746,1.0000000,1.0000,[],5
32.2254,33.8334,-32.3275,0.0117651,CC(=O)N(CC(=O)c1ccc(N2CCC(C)CC2)cc1)c1ccccc1C,1,O=C(CNc1ccccc1)c1ccc(N2CCCCC2)cc1,0.0094905,349.5358,0.7352676,0.7353,0.6440402,2.2000,1.0000000,1.0000,[],5
34.8744,38.8929,-38.8929,0.0000000,COc1ccc2c(C3CCN(Cc4ccc(C(=N)NN)cc4)CC3)noc2c1,1,c1ccc(CN2CCC(c3noc4ccccc34)CC2)cc1,0.0000000,0.0000,0.0000000,0.0000,0.0000000,0.0000,0.0000000,0.0000,['[#7;!n][#7;!n]'],5
32.5091,31.6660,-31.6558,0.0000793,Cn1nc(CCCCCc2ccccn2)c2ccccc21,1,c1ccc(CCCCCc2n[nH]c3ccccc23)nc1,0.0000494,292.3333,0.6401701,0.6402,0.6563353,2.1054,1.0000000,1.0000,[],5
45.8974,48.6353,-45.7775,0.0223261,O=C(Cc1nn(COc2ccc(C=CC(=O)c3ccc(F)cc3)cc2)c(=O)c2ccccc12)Nc1ccccc1,1,O=C(Cc1nn(COc2ccc(C=CC(=O)c3ccccc3)cc2)c(=O)c2ccccc12)Nc1ccccc1,0.0194430,357.4323,0.1953977,0.1954,0.6137204,2.4411,1.0000000,1.0000,[],5
51.6618,50.0353,-49.6750,0.0028148,Cc1ccc(Cn2c(=O)n(C)c(=O)c3cc(C4=CCN(C(=O)c5cccs5)CC4)sc32)cc1F,1,O=C(c1cccs1)N1CC=C(c2cc3c(=O)[nH]c(=O)n(Cc4ccccc4)c3s2)CC1,0.0021485,333.3265,0.4253170,0.4253,0.5669338,2.8376,1.0000000,1.0000,[],5
50.8387,61.8678,-61.8678,0.0000000,COc1ccc(CCN(N=Cc2cc(C=Cc3ccc(N(c4ccccc4)c4ccccc4)cc3)ccc2C=Cc2ccc3nn(-c4ccccc4)nc3c2)c2ccccc2)cc1,1,C(=Cc1ccc(C=Cc2ccc3nn(-c4ccccc4)nc3c2)c(C=NN(CCc2ccccc2)c2ccccc2)c1)c1ccc(N(c2ccccc2)c2ccccc2)cc1,0.0000000,0.0000,0.0000000,0.0000,0.0000000,0.0000,0.0000000,0.0000,['[#7;!n][#7;!n]'],5
68.9915,75.0565,-75.0565,0.0000000,c12[nH]nc(c1cc(cc2)-c1cc2c(CCC32CCN(CC3)CC(=C(C)C)C)c(c1)Cl)=C(c1ccccc1C(F)(F)F)C#N,0,,0.0000000,0.0000,0.0000000,0.0000,0.0000000,0.0000,0.0000000,0.0000,None,5
38.3244,37.5276,-37.5276,0.0000000,COc1ccc2c(c1)c(CCc1cccc(C)c1C)cn2C(=O)OC(C)(C)C,1,c1ccc(CCc2c[nH]c3ccccc23)cc1,0.0000000,0.0000,0.0000000,0.0000,0.0000000,0.0000,0.0000000,0.0000,"['C(=[O,S])[O,S]']",5
37.8576,42.4035,-42.4035,0.0000000,CC1=[N+](c2ccc(C(=O)O)cc2)C(=O)N(C)C(=O)C1=Nc1ccc(C(=O)O)cc1C,1,O=C1NC(=O)[N+](c2ccccc2)=CC1=Nc1ccccc1,0.0000000,0.0000,0.0000000,0.0000,0.0000000,0.0000,0.0000000,0.0000,"['C(=[O,S])[O,S]']",5
27.3792,26.4212,-26.4212,0.0000000,CC(=O)OCC1OC(=O)C(OC(C)=O)C(OC(C)=O)C1OC(C)=O,1,O=C1CCCCO1,0.0000000,0.0000,0.0000000,0.0000,0.0000000,0.0000,0.0000000,0.0000,"['C(=[O,S])[O,S]']",5
18.3480,22.2025,-20.9540,0.0097538,c1ccc(N(c2ccccc2)c2ccc3c(c2)oc2ccccc23)cc1,1,c1ccc(N(c2ccccc2)c2ccc3c(c2)oc2ccccc23)cc1,0.0079663,347.6182,0.3508689,0.3509,0.6782497,1.9412,1.0000000,1.0000,[],5
24.0803,26.4457,-24.9823,0.0114325,Cc1ccccc1Nc1ccc2c(ccc3ccccc32)c1,1,c1ccc(Nc2ccc3c(ccc4ccccc43)c2)cc1,0.0093372,349.3572,0.4417889,0.4418,0.7144774,1.6810,1.0000000,1.0000,[],5
34.4300,41.3529,-40.8389,0.0040150,COc1ccc(C2=C(c3ccc(OC)cc3)C3(Cc4ccccc4-c4ccccc43)C(c3ccc(OC)cc3)=C2c2ccccc2)cc1,1,c1ccc(C2=C(c3ccccc3)C3(Cc4ccccc4-c4ccccc43)C(c3ccccc3)=C2c2ccccc2)cc1,0.0032189,337.7278,0.1769008,0.1769,0.4972461,3.4934,1.0000000,1.0000,[],5
50.2693,57.7382,-57.7382,0.0000000,COC(=O)C1=CC(=O)CC2C1=C(C#N)C(OC)CN2C(=O)c1c[nH]c2ccccc12,1,O=C1C=CC2=CCCN(C(=O)c3c[nH]c4ccccc34)C2C1,0.0000000,0.0000,0.0000000,0.0000,0.0000000,0.0000,0.0000000,0.0000,"['C(=[O,S])[O,S]']",5
62.5935,61.4647,-61.4647,0.0000000,CCCC(C)(C)C(=O)Nc1nc(C)c(-c2nc(=O)n(C(C)C(=O)OCC3=CC=CC3)o2)s1,1,O=C(Cn1oc(-c2cncs2)nc1=O)OCC1=CC=CC1,0.0000000,0.0000,0.0000000,0.0000,0.0000000,0.0000,0.0000000,0.0000,"['C(=[O,S])[O,S]']",5
40.3183,41.3537,-41.3537,0.0000000,COc1ccc2c(c1)OC1(C=C2)OC2C(=O)OC(C)(C)C2O1,1,O=C1OCC2OC3(C=Cc4ccccc4O3)OC12,0.0000000,0.0000,0.0000000,0.0000,0.0000000,0.0000,0.0000000,0.0000,"['C(=[O,S])[O,S]']",5
32.1015,33.3827,-33.3676,0.0001178,CCCCc1cc(S(=O)(=O)Nc2ccccc2)cc2c1CCCC2,1,O=S(=O)(Nc1ccccc1)c1ccc2c(c1)CCCC2,0.0000743,296.7757,0.8255037,0.8255,0.6545897,2.1187,1.0000000,1.0000,[],5
30.9530,34.0446,-17.6479,0.1280997,O=[N+]([O-])c1ccc(Nc2cccc3c2c2ccccc2n3-c2ccccc2)c([N+](=O)[O-])c1,1,c1ccc(Nc2cccc3c2c2ccccc2n3-c2ccccc2)cc1,0.1211097,378.4811,0.2617080,0.2617,0.6304954,2.3062,1.0000000,1.0000,[],5
28.7709,36.4823,83.2616,0.9354994,N#CC(=Cc1cccs1)c1ccc(-c2ccc(-c3ccc(N(c4ccccc4)c4ccccc4)cc3)s2)s1,1,C(=Cc1ccc(-c2ccc(-c3ccc(N(c4ccccc4)c4ccccc4)cc3)s2)s1)c1cccs1,0.9943158,463.9286,0.1876034,0.1876,0.5753182,2.7642,1.0000000,1.0000,[],5
42.3601,43.6461,-43.2600,0.0030166,C=C(C)C(=O)Nc1nc(Nc2ccccc2)c2nc(Br)n(C(C)(C)C)c2n1,1,c1ccc(Nc2ncnc3[nH]cnc23)cc1,0.0023044,334.0890,0.4678099,0.4678,0.5614090,2.8865,1.0000000,1.0000,[],5
37.2744,40.4755,-40.4755,0.0000000,c12c3c4ccccc4n(c-3oc2cc(cc1)OC)-c1cc2ccccc2o1,0,,0.0000000,0.0000,0.0000000,0.0000,0.0000000,0.0000,0.0000000,0.0000,None,5
32.0372,34.9403,18.0515,0.4139985,c1ccc(N(c2ccc(-c3cnc4ccccc4c3)cc2)c2ccc(-c3nc4c(ccc5ccccc54)s3)cc2)cc1,1,c1ccc(N(c2ccc(-c3cnc4ccccc4c3)cc2)c2ccc(-c3nc4c(ccc5ccccc54)s3)cc2)cc1,0.4195019,396.4733,0.2114664,0.2115,0.6056429,2.5073,1.0000000,1.0000,[],5
26.5908,26.2641,-25.7314,0.0041616,COc1ccc(N2C(=O)C(=O)C3CC=CCC3C2=O)cc1,1,O=C1C(=O)N(c2ccccc2)C(=O)C2CC=CCC12,0.0032352,337.7827,0.4713277,0.4713,0.5404686,3.0766,1.0000000,1.0000,[],5
45.0365,48.5879,-48.5879,0.0000000,c1c2c3c4c(ccc3c(N(c3ccc(C#N)cc3)c3ccccc3)cc4)c3c2c2c(cc3)ccc(c12)N(c1ccc(cc1)Cl)c1ccccc1,0,,0.0000000,0.0000,0.0000000,0.0000,0.0000000,0.0000,0.0000000,0.0000,None,5
24.8144,29.7257,-19.4254,0.0804709,c1ccc(N(c2ccccc2)c2ccc(-c3nccc(-c4cc5ccccc5s4)n3)cc2)cc1,1,c1ccc(N(c2ccccc2)c2ccc(-c3nccc(-c4cc5ccccc5s4)n3)cc2)cc1,0.0742496,372.6050,0.2608722,0.2609,0.6299614,2.3105,1.0000000,1.0000,[],5
37.9728,37.1467,-37.1467,0.0000000,CCCC1=NN(C(C)c2ccccc2)C(=O)C1=Cc1ccc[nH]1,1,O=C1C(=Cc2ccc[nH]2)C=NN1Cc1ccccc1,0.0000000,0.0000,0.0000000,0.0000,0.0000000,0.0000,0.0000000,0.0000,['[#7;!n][#7;!n]'],5
43.9083,44.4041,-44.4041,0.0000000,c1ccc(C)c(c1)NC(=O)Cc1c2[nH]c3c(c2ccc1)C#NCC3,0,,0.0000000,0.0000,0.0000000,0.0000,0.0000000,0.0000,0.0000000,0.0000,None,5
49.7221,53.8789,-53.8789,0.0000000,CCOc1cc(CN2CCN(Cc3cccc(N=Cc4cc5c(cc4OC)OCO5)c3)CC2)c(C(=O)OC)cc1OC,1,C(=Nc1cccc(CN2CCN(Cc3ccccc3)CC2)c1)c1ccc2c(c1)OCO2,0.0000000,0.0000,0.0000000,0.0000,0.0000000,0.0000,0.0000000,0.0000,"['C(=[O,S])[O,S]']",6
24.8024,25.0769,-24.8900,0.0014599,Cc1ccc(C(=O)Nc2ccc(N)c(Cl)c2)o1,1,O=C(Nc1ccccc1)c1ccco1,0.0010509,325.5508,0.8051132,0.8051,0.6800616,1.9279,1.0000000,1.0000,[],6
28.1952,34.5964,-34.5920,0.0000342,CCCCC(CC)CN(Cc1cccs1)CC(C#N)(CCCC)CCCC,1,c1ccsc1,0.0000210,283.0495,0.2895415,0.2895,0.4910467,3.5561,1.0000000,1.0000,[],6
36.3703,38.3271,-37.4915,0.0065278,O=c1oc2ccc(CC3OC(CO)C(O)C(O)C3O)cc2cc1-c1ccc(O)cc1,1,O=c1oc2ccc(CC3CCCCO3)cc2cc1-c1ccccc1,0.0052410,343.0423,0.3900207,0.3900,0.4783774,3.6868,1.0000000,1.0000,[],6
67.4021,73.8246,-73.8246,0.0000000,C1([C@H](C=c2nc3CCC(O)=Cc3nc2N=1)C#N)c1c2cc(ccc2[nH]c1C#Cc1ccccc1)C#N,0,,0.0000000,0.0000,0.0000000,0.0000,0.0000000,0.0000,0.0000000,0.0000,None,6
33.8325,34.0612,-34.0485,0.0000992,CC1(C)OCN1C1=NCc2ccccc21,1,c1ccc2c(c1)CN=C2N1COC1,0.0000628,294.9464,0.6422322,0.6422,0.5321418,3.1542,1.0000000,1.0000,[],6
81.2011,87.4308,-87.4308,0.0000000,CC(C)(C)c1cc2c3c4n(c5c6N(c7ccccc7OC65CCCCC)cc4[C-](C(C)(C)C)c3ccc2c(c1)-c1ccccc1)-c1ccc(CCCCC)cc1,0,,0.0000000,0.0000,0.0000000,0.0000,0.0000000,0.0000,0.0000000,0.0000,None,6
69.3352,80.0638,-80.0638,0.0000000,N#CC1=C[n+]2ccc(-c3ccccn3)cc2-c2c(nc3c(c2Cl)CN(C(=O)c2c(F)cccc2F)C3)C=C1C(F)(F)F,1,O=C(c1ccccc1)N1Cc2cc3c(nc2C1)C=CC=C[n+]1ccc(-c2ccccn2)cc1-3,0.0000000,0.0000,0.0000000,0.0000,0.0000000,0.0000,0.0000000,0.0000,['[*;r{8-17}]'],6
39.9111,44.4637,-44.4637,0.0000000,c1cccc(N)c1S(=O)(Nc1ccc2oc(c(N=Nc3ccccc3)c2c1)=O)=O,0,,0.0000000,0.0000,0.0000000,0.0000,0.0000000,0.0000,0.0000000,0.0000,None,6
35.6062,36.3612,-25.8650,0.0820010,CC1(C)c2ccccc2-c2ccc(N(c3ccccc3)c3ccc(-c4c(N(c5ccccc5)c5ccc(-c6ccccc6)cc5)ccc5ccccc45)cc3)cc21,1,c1ccc(-c2ccc(N(c3ccccc3)c3ccc4ccccc4c3-c3ccc(N(c4ccccc4)c4ccc5c(c4)Cc4ccccc4-5)cc3)cc2)cc1,0.0771890,373.0611,0.1535800,0.1536,0.5656993,2.8485,1.0000000,1.0000,[],6
30.2473,33.2085,-33.1933,0.0001186,c1ccc2c(-c3ccc(CCc4csc5ccccc45)cc3)cccc2c1,1,c1ccc2c(-c3ccc(CCc4csc5ccccc45)cc3)cccc2c1,0.0000771,297.1743,0.3094489,0.3094,0.6785460,1.9390,1.0000000,1.0000,[],6
52.4753,65.0483,-65.0483,0.0000000,CC(C)CN1C(=O)CC(c2ccc(F)cc2)=C(C#Cc2cnc3nc(C#N)c(C#N)c(O)c3c2)C1=O,1,O=C1CC(c2ccccc2)=C(C#Cc2cnc3ncccc3c2)C(=O)N1,0.0000000,0.0000,0.0000000,0.0000,0.0000000,0.0000,0.0000000,0.0000,['C#C'],6
34.8585,42.7640,-34.5017,0.0645490,CCCCCCCCOc1cccc2c1[nH]c1cncc(-c3ccc(N(CCCC)CCCC)cc3)c12,1,c1ccc(-c2cncc3[nH]c4ccccc4c23)cc1,0.0599231,370.1108,0.1560299,0.1560,0.5873876,2.6604,1.0000000,1.0000,[],6
22.8867,25.6422,-25.6417,0.0000042,CCN(CC)C(C)(CC)C(=N)N,1,,0.0000023,258.8417,0.4854752,0.4855,0.4740663,3.7320,1.0000000,1.0000,[],6
42.4789,46.2592,-46.2592,0.0000000,c1c([N+]([O-])=O)cc(Cl)c(-n2c(c(n3c2nc([nH]3)-c2cccc(OC)c2)=O)-c2ccccc2)c1,0,,0.0000000,0.0000,0.0000000,0.0000,0.0000000,0.0000,0.0000000,0.0000,None,6
37.7272,46.1232,-46.1232,0.0000000,COc1cccc(-c2cc(C(=O)O)c(-c3ccc(C#N)cc3C#N)n(-c3ccccc3)c2=O)c1,1,O=c1c(-c2ccccc2)ccc(-c2ccccc2)n1-c1ccccc1,0.0000000,0.0000,0.0000000,0.0000,0.0000000,0.0000,0.0000000,0.0000,"['C(=[O,S])[O,S]']",6
63.5846,65.3054,-65.3054,0.0000000,O=C(Nc1ccc(-c2nc3c(cc2C(O)O)=CCCC=3)cc1)c1ccc(NC(=O)c2ccc(C(=O)O)c(Cl)c2Cl)cc1,1,O=C(Nc1ccc(C(=O)Nc2ccc(-c3ccc4c(n3)=CCCC=4)cc2)cc1)c1ccccc1,0.0000000,0.0000,0.0000000,0.0000,0.0000000,0.0000,0.0000000,0.0000,"['C(=[O,S])[O,S]']",6
66.2655,75.7657,-75.7657,0.0000000,Cc1cc2c(cc1-c1ccc3ccc(-c4cc5ccccc5s4)c(C#Cc4ccc(C=C(C#N)C(=O)O)s4)c3n1)-c1c(cc(N(C)C)c3ccccc13)C2(C)C,1,C(#Cc1c(-c2cc3ccccc3s2)ccc2ccc(-c3ccc4c(c3)-c3c(ccc5ccccc35)C4)nc12)c1cccs1,0.0000000,0.0000,0.0000000,0.0000,0.0000000,0.0000,0.0000000,0.0000,"['C#C', 'C(=[O,S])[O,S]']",6
37.6844,39.0104,-28.9607,0.0785135,Cc1cc2c(cc1-c1scnc1C)N(c1ccccc1)c1cccnc1O2,1,c1ccc(N2c3cc(-c4cncs4)ccc3Oc3ncccc32)cc1,0.0717535,372.2045,0.3598917,0.3599,0.5759717,2.7585,1.0000000,1.0000,[],6
21.1731,24.0115,-24.0115,0.0000000,O=C(O)C=Cc1ccc(N2CCCCCC2)nc1,1,c1ccc(N2CCCCCC2)nc1,0.0000000,0.0000,0.0000000,0.0000,0.0000000,0.0000,0.0000000,0.0000,"['C(=[O,S])[O,S]']",6
50.0435,60.1673,46.8956,0.8364295,CCCCC1(CCCC)c2cc(-c3ccc4c(c3)sc3ccccc34)ccc2-c2c1cc(N(c1ccc(C=C(N)c3ccccc3)cc1)c1ccc(OC)cc1)c1ccccc21,1,C(=Cc1ccc(N(c2ccccc2)c2cc3c(c4ccccc24)-c2ccc(-c4ccc5c(c4)sc4ccccc45)cc2C3)cc1)c1ccccc1,0.8996457,423.8134,0.1177318,0.1177,0.4974275,3.4915,1.0000000,1.0000,[],6
39.9367,42.5456,-24.5517,0.1405773,C=CNC(=O)Nc1ccc2nc(-c3cc(OC)ccc3OC)c(-c3ccccc3)nc2c1,1,c1ccc(-c2nc3ccccc3nc2-c2ccccc2)cc1,0.1314561,379.4997,0.4400510,0.4401,0.6143522,2.4359,1.0000000,1.0000,[],6
34.2795,45.8420,61.2519,0.8366711,CCCCCCOc1ccc(-c2sc(C=Cc3ccc(N(c4ccc(OCCCCCC)cc4)c4ccc(Oc5ccccc5)cc4)cc3)cc2OC)cc1,1,C(=Cc1ccc(-c2ccccc2)s1)c1ccc(N(c2ccccc2)c2ccc(Oc3ccccc3)cc2)cc1,0.9136168,425.6084,0.0685033,0.0685,0.5468623,3.0178,1.0000000,1.0000,[],6
67.2659,78.7135,-78.7135,0.0000000,c12cc3C(=C(OCC)C(Nc2cccc3)=O)c2c3c(sc-12)c(N(c1ccc(N(CCCC)CCCC)cc1)CCCC)cc(N(CCC)CCC)cc3,0,,0.0000000,0.0000,0.0000000,0.0000,0.0000000,0.0000,0.0000000,0.0000,None,6
52.4765,63.0151,45.8009,0.8501250,CCCCN(CCCC)c1ccc(C=Cc2cc(=O)cc3n2-c2ccc4ccccc4c2C(c2ccc(OC)c(OC)c2)C3(C)CC)cc1,1,O=c1cc(C=Cc2ccccc2)n2c(c1)CC(c1ccccc1)c1c-2ccc2ccccc12,0.9151723,425.8241,0.1267370,0.1267,0.4450405,4.0479,1.0000000,1.0000,[],6
29.9103,29.7410,-29.2469,0.0038605,Cn1cc(C=C(F)B2OC(C)(C)C(C)(C)O2)c2cccnc21,1,C(=Cc1c[nH]c2ncccc12)B1OCCO1,0.0029442,336.7564,0.7964563,0.7965,0.5060298,3.4058,1.0000000,1.0000,[],6
50.9831,56.1182,-54.9314,0.0092722,CCn1c2ccccc2c2cc(N(C=[N+](CC)c3ccc(-c4nc5ccccc5n4C)cc3)C(=O)NC)ccc21,1,C(Nc1ccc2[nH]c3ccccc3c2c1)=[NH+]c1ccc(-c2nc3ccccc3[nH]2)cc1,0.0078058,347.3956,0.1448544,0.1449,0.5344042,3.1330,1.0000000,1.0000,[],6
40.1214,41.1172,-41.0966,0.0001613,C=C(C)SCCC1(C(=C)C)C=C(C)C=CC1(C)C,1,C1=CCCC=C1,0.0001057,300.6051,0.5685600,0.5686,0.3998809,4.5829,1.0000000,1.0000,[],6
43.4135,46.1536,2.7429,0.3820044,Cc1cc(N(C)C)c2c(=O)c(-c3ccc(C)c(C)c3)ccc(C)c2c1,1,O=c1c(-c2ccccc2)cccc2ccccc12,0.3718745,394.3087,0.6457376,0.6457,0.6230300,2.3658,1.0000000,1.0000,[],6
66.5189,71.1163,-71.1163,0.0000000,c1cc2c(cccc2C(c2cc3c4c(c2)ccc2cc(C(=N)N)cc(c43)cc2)=N)cc1CSc1cc2c3c(nc2cc1)cccc3,0,,0.0000000,0.0000,0.0000000,0.0000,0.0000000,0.0000,0.0000000,0.0000,None,6
50.8591,58.1983,-58.1983,0.0000000,c12c3c(n(CC(O)=O)c2c2c4c(ccc(S(=O)(=O)O)c4)nc(=N)c2c1cc(N)c3)S(=O)(O)=O,0,,0.0000000,0.0000,0.0000000,0.0000,0.0000000,0.0000,0.0000000,0.0000,None,6
41.9220,51.2519,-51.2519,0.0000000,CCCCCCOc1ccc(N(c2ccc(C=C(C#N)C(=O)O)cc2)c2ccc3c(c2)C(C)(C)c2ccc(C#Cc4ccc(C(C)(C)C)cc4)cc2-3)cc1,1,C(#Cc1ccc2c(c1)-c1ccc(N(c3ccccc3)c3ccccc3)cc1C2)c1ccccc1,0.0000000,0.0000,0.0000000,0.0000,0.0000000,0.0000,0.0000000,0.0000,"['C#C', 'C(=[O,S])[O,S]']",6
25.0798,24.6891,-24.6510,0.0002976,NC(=S)C1(C(=O)NC2CCS(=O)(=O)C2)CC1,1,O=C(NC1CCS(=O)(=O)C1)C1CC1,0.0001994,307.4940,0.6601615,0.6602,0.5243406,3.2281,1.0000000,1.0000,[],6
30.2560,32.5546,1.0115,0.2622346,CCCCCCNC(=O)c1ccc2c(c1)SC(=C(C#N)C#N)S2,1,C=C1Sc2ccccc2S1,0.2512018,388.1414,0.6096156,0.6096,0.5699481,2.8111,1.0000000,1.0000,[],6
43.9589,47.5548,-47.5548,0.0000000,COC(=O)C1=NC(c2ccccc2)N(c2ccc(OC)cc2F)C=C1C(=O)c1cccs1,1,O=C(C1=CN(c2ccccc2)C(c2ccccc2)N=C1)c1cccs1,0.0000000,0.0000,0.0000000,0.0000,0.0000000,0.0000,0.0000000,0.0000,"['C(=[O,S])[O,S]']",6
36.8657,39.8204,-39.8204,0.0000000,CC(C)C(=C(C#N)CC(=O)OC(C)(C)C)N(C)c1ccccc1,1,c1ccccc1,0.0000000,0.0000,0.0000000,0.0000,0.0000000,0.0000,0.0000000,0.0000,"['C(=[O,S])[O,S]']",6
42.3251,48.0485,-48.0485,0.0000000,c1(N)c2cc(c(c3c2cccc3c2ccc(C)cc21)F)C#N,0,,0.0000000,0.0000,0.0000000,0.0000,0.0000000,0.0000,0.0000000,0.0000,None,6
43.3091,46.9364,-41.6922,0.0409702,CC1(C)c2ccccc2NC12c1ccc(Nc3ccc4ccccc4c3)cc1C(=O)N2c1ccccc1,1,O=C1c2cc(Nc3ccc4ccccc4c3)ccc2C2(Cc3ccccc3N2)N1c1ccccc1,0.0366177,364.4973,0.2762890,0.2763,0.4853230,3.6147,1.0000000,1.0000,[],6
37.4604,42.6068,58.1988,0.7875431,[C-]#[N+]c1cccc(-n2c(=N)c(C#N)nc3ccccc32)c1F,1,N=c1cnc2ccccc2n1-c1ccccc1,0.7967293,414.8309,0.6993153,0.6993,0.5425559,3.0573,1.0000000,1.0000,[],6
39.3013,45.4287,10.1354,0.4340941,CN(C)c1ccc(-c2cc(-c3ccc4ccccc4n3)cc3cc([N+](=O)[O-])c(N4CCOCC4)cc23)cc1,1,c1ccc(-c2cc(-c3ccc4ccccc4n3)cc3ccc(N4CCOCC4)cc23)cc1,0.4419070,397.4656,0.2001028,0.2001,0.5944262,2.6008,1.0000000,1.0000,[],6
39.9653,42.4895,-42.4895,0.0000000,COC(=O)c1c2ccccc2c(C(=O)Nc2ccc(C(=O)c3ccccc3)c(C)c2)c2ccccc12,1,O=C(c1ccccc1)c1ccc(NC(=O)c2c3ccccc3cc3ccccc23)cc1,0.0000000,0.0000,0.0000000,0.0000,0.0000000,0.0000,0.0000000,0.0000,"['C(=[O,S])[O,S]']",6
34.1918,36.1207,-36.1207,0.0000000,c12c3C(c4cccc(C(=O)c5ccccc5)c4-c3cc1cccc2)(C)C,0,,0.0000000,0.0000,0.0000000,0.0000,0.0000000,0.0000,0.0000000,0.0000,None,6
34.8335,37.9516,-37.9516,0.0000000,C(CN1C=Cc2c(=C1C(OCCC)=O)cccc2)CCCCCCCCCC,0,,0.0000000,0.0000,0.0000000,0.0000,0.0000000,0.0000,0.0000000,0.0000,None,6
19.4774,22.4279,-21.6226,0.0062909,COc1ccc2oc(-c3ccccc3)cc(=O)c2c1,1,O=c1cc(-c2ccccc2)oc2ccccc12,0.0049086,342.3274,0.7006863,0.7007,0.7025223,1.7654,1.0000000,1.0000,[],6
64.0305,68.1951,46.4874,0.8959573,[N-]=[N+]=c1c(C=Cc2ccc(N(c3ccccc3)c3ccccc3)cc2)c(OCC2CO2)ccc2ccc(S(=O)(=O)c3ccc(C=Cc4ccc(Br)cc4)cc3)cc12,1,[N+]=c1c(C=Cc2ccc(N(c3ccccc3)c3ccccc3)cc2)c(OCC2CO2)ccc2ccc(S(=O)(=O)c3ccc(C=Cc4ccccc4)cc3)cc12,0.9933230,465.6873,0.0528826,0.0529,0.4651560,3.8269,1.0000000,1.0000,[],6
36.8702,42.1352,-42.1352,0.0000000,CCOC(=O)c1ccc(N=Cc2cc(C=C3C=C(C(C)(C)C)C=CC3=O)ccc2O)cc1,1,O=C1C=CC=CC1=Cc1cccc(C=Nc2ccccc2)c1,0.0000000,0.0000,0.0000000,0.0000,0.0000000,0.0000,0.0000000,0.0000,"['C(=[O,S])[O,S]']",6
41.2785,49.3313,-49.3313,0.0000000,CCCCC(CC)Cn1c(=O)c(C(=O)N(CC(F)(F)F)c2ccccc2)c(-c2ccccc2)c2cc(C(=O)O)ccc21,1,O=C(Nc1ccccc1)c1c(-c2ccccc2)c2ccccc2[nH]c1=O,0.0000000,0.0000,0.0000000,0.0000,0.0000000,0.0000,0.0000000,0.0000,"['C(=[O,S])[O,S]']",6
45.7963,45.1260,-25.2664,0.1551532,C[n+]1ccc(CNC(=O)CC2CC(c3ccccc3Br)=NO2)c2ccccc21,1,O=C(CC1CC(c2ccccc2)=NO1)NCc1cc[nH+]c2ccccc12,0.1447782,380.7156,0.6178649,0.6179,0.5227659,3.2431,1.0000000,1.0000,[],6
29.4383,29.8666,-28.8681,0.0078003,Cc1ccc(CCNC(=O)c2ccc3c(c2)nc2ccccn23)cc1,1,O=C(NCCc1ccccc1)c1ccc2c(c1)nc1ccccn12,0.0061859,344.8524,0.6193883,0.6194,0.6699978,2.0024,1.0000000,1.0000,[],6
27.5585,28.1478,-27.3466,0.0062587,CN(C)c1nnc(C(=O)CCc2ccccc2)o1,1,O=C(CCc1ccccc1)c1nnco1,0.0048848,342.2743,0.7534109,0.7534,0.6144886,2.4348,1.0000000,1.0000,[],6
35.4567,41.7255,-41.7255,0.0000000,C=C(C)C(NC(=O)C(C#N)=Cc1ccc2[nH]c3ccccc3c2c1)C(=O)O,1,c1ccc2c(c1)[nH]c1ccccc12,0.0000000,0.0000,0.0000000,0.0000,0.0000000,0.0000,0.0000000,0.0000,"['C(=[O,S])[O,S]']",6
22.8696,26.3203,-26.0146,0.0023884,O=C(c1ccco1)N1C(=O)c2ccccc2C1=O,1,O=C(c1ccco1)N1C(=O)c2ccccc2C1=O,0.0017725,331.2339,0.7126524,0.7127,0.6582049,2.0912,1.0000000,1.0000,[],6
82.9586,90.3824,20.7041,0.8678636,CCc1cc(-c2cc3c(C#N)nc4nc(N(c5ccc(C#N)cc5)c5ccc(N(c6ccc(C#N)cc6)c6ccc(C#N)c(C)c6)cc5)nc(-c5ccc6c(N(CC)CC)cccc6c5)c4c3cc2C)sc1C#N,1,c1ccc(N(c2ccccc2)c2ccc(N(c3ccccc3)c3nc(-c4ccc5ccccc5c4)c4c(ncc5cc(-c6cccs6)ccc54)n3)cc2)cc1,0.9415002,430.1667,0.1068588,0.1069,0.4196491,4.3417,1.0000000,1.0000,[],6
66.6466,77.5675,-77.5675,0.0000000,CCCCOP1(=O)Nc2cc(OC(=O)c3ccc(OC(F)F)cc3)c(F)c(-c3ccccc3)c2-c2ccc(-c3ccc(C=O)s3)cc21,1,O=C(Oc1cc2c(c(-c3ccccc3)c1)-c1ccc(-c3cccs3)cc1[PH](=O)N2)c1ccccc1,0.0000000,0.0000,0.0000000,0.0000,0.0000000,0.0000,0.0000000,0.0000,"['C(=[O,S])[O,S]']",6
28.0741,33.6939,-32.6959,0.0077972,[C-]#[N+]c1ccc(-n2c3ccccc3c3cc(N(c4ccc(C#N)cc4)c4ccc(C#N)cc4)ccc32)cc1,1,c1ccc(N(c2ccccc2)c2ccc3c(c2)c2ccccc2n3-c2ccccc2)cc1,0.0063948,345.2152,0.2350591,0.2351,0.5802696,2.7213,1.0000000,1.0000,[],6
49.8230,53.4129,-42.9676,0.0816038,O=S(=O)(c1c(F)c(F)c(F)c(F)c1F)N(C1CCCCC1)C1CCN2C=C(c3ccc(O)cc3)NC2=N1,1,O=S(=O)(c1ccccc1)N(C1CCCCC1)C1CCN2C=C(c3ccccc3)NC2=N1,0.0753089,372.7712,0.3325452,0.3325,0.4493149,4.0002,1.0000000,1.0000,[],6
46.2203,59.0514,56.4433,0.9023025,CCCCCCS(=O)(=O)c1c(C#N)cc(C(=C(c2ccc(N(C)C)cc2)c2ccc(N(C)C)cc2)c2ccc(N(CCCC)CCCC)cc2)c2ccccc12,1,c1ccc(C(=C(c2ccccc2)c2cccc3ccccc23)c2ccccc2)cc1,0.9939522,455.3941,0.0615477,0.0615,0.5116006,3.3511,1.0000000,1.0000,[],6
39.9643,42.9930,-42.9930,0.0000000,CC(C)(C)OC(=O)CC1(S)C=C(c2ccccc2)CC(C)(C(=O)O)C1,1,C1=C(c2ccccc2)CCCC1,0.0000000,0.0000,0.0000000,0.0000,0.0000000,0.0000,0.0000000,0.0000,"['C(=[O,S])[O,S]']",6
44.8208,47.7355,-40.3333,0.0578291,CC1(C)CCC(C)(C)c2cc3c4cc5c(cc4c4ccccc4c3cc21)C(C)(C)c1cc(-c2ccc3c4ccccc4n(-c4ccccc4)c3c2)ccc1-5,1,c1ccc(-n2c3ccccc3c3ccc(-c4ccc5c(c4)Cc4cc6c7ccccc7c7cc8c(cc7c6cc4-5)CCCC8)cc32)cc1,0.0534428,368.7935,0.1586903,0.1587,0.5392210,3.0881,1.0000000,1.0000,[],6
29.6342,28.7790,-28.7790,0.0000000,CCCCCC=CCC=CCC=CCCCCCCCSCCC(=O)OCC,1,,0.0000000,0.0000,0.0000000,0.0000,0.0000000,0.0000,0.0000000,0.0000,"['C(=[O,S])[O,S]']",6
32.1814,35.3476,-35.3476,0.0000000,CCOc1ccc(N(CC(=O)NN=Cc2ccc(O)cc2)S(=O)CC)cc1,1,O=C(CNc1ccccc1)NN=Cc1ccccc1,0.0000000,0.0000,0.0000000,0.0000,0.0000000,0.0000,0.0000000,0.0000,"['[#7;!n][S;!$(S(=O)=O)]', '[#7;!n][#7;!n]']",6
37.9237,40.1373,-40.1373,0.0000000,CCCCC#Cc1coc(N(Cc2ccc(Cl)cc2)C(=O)OC(C)(C)C)c1,1,c1ccc(CNc2ccco2)cc1,0.0000000,0.0000,0.0000000,0.0000,0.0000000,0.0000,0.0000000,0.0000,"['C#C', 'C(=[O,S])[O,S]']",6
37.3380,43.9785,73.6705,0.9191328,N#Cc1cc(C#N)c(C=O)c(-c2ccc(-c3ccc(-c4ccc(-c5cccs5)cc4)s3)s2)c1,1,c1ccc(-c2ccc(-c3ccc(-c4ccc(-c5cccs5)cc4)s3)s2)cc1,0.9692034,437.4478,0.2397334,0.2397,0.5554087,2.9403,1.0000000,1.0000,[],6
51.4544,56.0454,-56.0454,0.0000000,COc1cc(N(N)C2CCCC2)ccc1Nc1nc(Nc2ccc(C3CC3)c(C)c2)nc2ccccc12,1,c1ccc2c(Nc3ccc(NC4CCCC4)cc3)nc(Nc3ccc(C4CC4)cc3)nc2c1,0.0000000,0.0000,0.0000000,0.0000,0.0000000,0.0000,0.0000000,0.0000,['[#7;!n][#7;!n]'],6
79.5100,79.0528,-59.8221,0.1502405,C=C(C(=O)C(F)(F)F)c1cc(-c2cc3c(s2)CC(C(CCOC(C)C(=O)c2ccccc2)C2CC2)C3O)no1,1,O=C(COCCC(C1CC1)C1Cc2cc(-c3ccon3)sc2C1)c1ccccc1,0.1455563,380.7837,0.2143496,0.2143,0.3969081,4.6203,1.0000000,1.0000,[],7
47.8060,46.7959,-46.7959,0.0000000,COc1ccc2c(c1)C(=O)N1CC(OC(C)=O)CCC1C(C)(C)N2O,1,O=C1c2ccccc2NCC2CCCCN12,0.0000000,0.0000,0.0000000,0.0000,0.0000000,0.0000,0.0000000,0.0000,"['C(=[O,S])[O,S]']",7
33.7878,36.9817,-35.0381,0.0151844,c1ccc(-c2cc3ccccc3c3ccc4cc5c(cc4c23)oc2ccccc25)cc1,1,c1ccc(-c2cc3ccccc3c3ccc4cc5c(cc4c23)oc2ccccc25)cc1,0.0128386,352.8532,0.2537475,0.2537,0.6436580,2.2029,1.0000000,1.0000,[],7
31.0524,41.7522,-41.7522,0.0000000,COc1ccc(N(c2ccc(C=O)cc2)c2ccc(-c3ccc(-c4ccc(-c5ccc(C=C(C#N)C(=O)O)s5)s4)cc3)cc2)cc1,1,c1ccc(N(c2ccccc2)c2ccc(-c3ccc(-c4ccc(-c5cccs5)s4)cc3)cc2)cc1,0.0000000,0.0000,0.0000000,0.0000,0.0000000,0.0000,0.0000000,0.0000,"['C(=[O,S])[O,S]']",7
32.7439,33.1008,-33.1008,0.0000000,CC(C)(C)c1cc(c2c(O)c(c(O)c(C(C)(C)C)c2op1O)O)O,0,,0.0000000,0.0000,0.0000000,0.0000,0.0000000,0.0000,0.0000000,0.0000,None,7
103.4478,128.5783,-27.8829,0.7866824,CCCCOc1cc(Nc2cc(NC(=O)C3CC(=O)N(C(C)(C)C)C3)c(N(CCCC)CCCC)c(-c3ccc4nc(-c5ccc(OC)c(O)c5)nc(N5CCC(O)C5)c4c3C#N)c2)cc(OCCCC)c1N=Nc1ccc(N(CC)CCCC)cc1[N+](=O)[O-],1,O=C1CC(C(=O)Nc2cc(Nc3ccc(N=Nc4ccccc4)cc3)cc(-c3ccc4nc(-c5ccccc5)nc(N5CCCC5)c4c3)c2)CN1,0.9107649,494.7782,0.0136516,0.0137,0.3276414,5.5792,1.0000000,1.0000,[],7
58.0475,69.2486,-69.2486,0.0000000,COC(=CC1CC(C#N)(C#N)CCN1C(=O)C1C=CC(C(=O)O)C1)c1ccc(C#N)c(C#N)c1,1,O=C(C1C=CCC1)N1CCCCC1C=Cc1ccccc1,0.0000000,0.0000,0.0000000,0.0000,0.0000000,0.0000,0.0000000,0.0000,"['C(=[O,S])[O,S]']",7
51.6600,57.2745,-57.2745,0.0000000,N1(CCOCC1)c1c2c3c(ccc4c3c(cc3cc(ccc34)C)oc2C(=O)OC)c(=O)n1CC=C,0,,0.0000000,0.0000,0.0000000,0.0000,0.0000000,0.0000,0.0000000,0.0000,None,7
64.9524,80.0286,-80.0286,0.0000000,CCCCCCOC(=O)c1ccc(C2=C(C#N)N(CCCCCC)c3cc(-c4ccc(N(c5ccccc5)c5ccccc5)cc4)cc(-c4ccc(OC(F)(F)F)cc4)c3N2c2ccc(OCCOCCOCCOC)cc2)cc1,1,C1=C(c2ccccc2)N(c2ccccc2)c2c(cc(-c3ccc(N(c4ccccc4)c4ccccc4)cc3)cc2-c2ccccc2)N1,0.0000000,0.0000,0.0000000,0.0000,0.0000000,0.0000,0.0000000,0.0000,"['C(=[O,S])[O,S]']",7
51.7390,51.6039,-51.6039,0.0000000,CCC(c1ccc(-c2ccc3c(ccc4[nH]c(N5CCN(C)CC5)nc43)c2)[nH]1)c1cccc2[nH]c(C3CCCN3C(=O)C(NC(=O)OC)C(C)C)nc12,1,c1cc(Cc2ccc(-c3ccc4c(ccc5[nH]c(N6CCNCC6)nc54)c3)[nH]2)c2nc(C3CCCN3)[nH]c2c1,0.0000000,0.0000,0.0000000,0.0000,0.0000000,0.0000,0.0000000,0.0000,"['C(=[O,S])[O,S]']",7
50.5503,50.7840,-50.7840,0.0000000,c1c(cc2c(c1)cc(cc2)C(C)(C)C)-c1ccc2Oc3cc(-c4cc5c6ccccc6c6n(c5cc4)c4c(cccc6)c4ccc3)cc2c1,0,,0.0000000,0.0000,0.0000000,0.0000,0.0000000,0.0000,0.0000000,0.0000,None,7
31.5233,30.8458,-30.8384,0.0000573,CCCCC(=O)CCC(=O)Nc1cc(C)cc(C)c1,1,c1ccccc1,0.0000347,288.5227,0.8114925,0.8115,0.6816823,1.9160,1.0000000,1.0000,[],7
27.2764,29.2656,-29.0967,0.0013190,CC(OP(=O)(O)O)C(=O)c1ccc(N)cc1,1,c1ccccc1,0.0009682,324.6594,0.4135385,0.4135,0.5671980,2.8352,1.0000000,1.0000,[],7
49.2200,53.6410,-53.6410,0.0000000,C(CCF)/C=C(/c1c(c2ncnc3c2c([nH]1)cc1ccccc1c3)F)C#N,0,,0.0000000,0.0000,0.0000000,0.0000,0.0000000,0.0000,0.0000000,0.0000,None,7
68.5050,77.1136,-77.1136,0.0000000,CCCCCCOc1ccc(N(c2ccc(CCCCCC)cc2)c2ccc(-c3ccc(N(c4ccc(OC(C)=O)cc4)c4ccc5c(c4)C(C(=O)O)(c4ccc6c7ccccc7n(CCCCS(=O)(=O)O)c6c4)c4ccc(N(c6ccccc6)c6ccccc6)cc4-5)cc3)cc2)cc1,1,c1ccc(N(c2ccccc2)c2ccc(-c3ccc(N(c4ccccc4)c4ccc5c(c4)C(c4ccc6c(c4)[nH]c4ccccc46)c4ccc(N(c6ccccc6)c6ccccc6)cc4-5)cc3)cc2)cc1,0.0000000,0.0000,0.0000000,0.0000,0.0000000,0.0000,0.0000000,0.0000,"['C(=[O,S])[O,S]']",7
55.8926,54.7815,-54.7815,0.0000000,c1(-c2cc3c(cc2)oc2c3c(-c3nc(-c4cccc5oc6c(c7ccccc7ccc46)n5)ccc3)ccc2)c2cccc(-c3ccccc3)c2ccc1,0,,0.0000000,0.0000,0.0000000,0.0000,0.0000000,0.0000,0.0000000,0.0000,None,7
23.4771,22.6694,-22.6693,0.0000008,NC1(CN2CCCCC2)CCC1,1,C1CCN(CC2CCC2)CC1,0.0000004,239.8280,0.6741967,0.6742,0.6283410,2.3234,1.0000000,1.0000,[],7
39.2581,42.7658,-42.6751,0.0007089,CN(C(=O)c1c(N(C)c2ccccc2)ncn1-c1ccccc1)c1ccccc1F,1,O=C(Nc1ccccc1)c1c(Nc2ccccc2)ncn1-c1ccccc1,0.0005010,317.5004,0.4704275,0.4704,0.6028259,2.5306,1.0000000,1.0000,[],7
26.3479,26.0875,-26.0875,0.0000000,CC(=O)OC(c1ccccc1)c1c[nH]c2ccccc12,1,c1ccc(Cc2c[nH]c3ccccc23)cc1,0.0000000,0.0000,0.0000000,0.0000,0.0000000,0.0000,0.0000000,0.0000,"['C(=[O,S])[O,S]']",7
57.8354,66.0041,53.2927,0.9320060,O=C1c2ccccc2C(=O)c2c(C=Cc3ccc(-c4cc(CN5C(=O)c6ccc(S(=O)(=O)O)cc6C5=O)no4)s3)cccc21,1,O=C1c2ccccc2C(=O)c2c(C=Cc3ccc(-c4cc(CN5C(=O)c6ccccc6C5=O)no4)s3)cccc21,0.9912190,451.3156,0.1903071,0.1903,0.5416226,3.0659,1.0000000,1.0000,[],7
28.1047,28.2305,-28.2305,0.0000000,O=C(O)CC(=O)Cc1cc([N+](=O)[O-])ccc1Cl,1,c1ccccc1,0.0000000,0.0000,0.0000000,0.0000,0.0000000,0.0000,0.0000000,0.0000,"['C(=[O,S])[O,S]']",7
43.9124,48.2018,29.1649,0.6044276,C=CCOc1c(C(=O)c2ccc(Cl)cc2)n(CC)c2nc(N(C)C)c3ccccc3c12,1,O=C(c1ccccc1)c1cc2c(ncc3ccccc32)[nH]1,0.6200758,405.3187,0.2758320,0.2758,0.5822653,2.7041,1.0000000,1.0000,[],7
57.5206,69.1879,-69.1879,0.0000000,N#Cc1ccc(C#Cc2cc(C=Cc3ccc(C=Cc4ccc(C=Cc5ccc(N(c6ccccc6)c6ccccc6C#Cc6ccccc6)cc5)cc4)cc3)ccc2C=Cc2ccc(C=CCC3CCCC3)c(C#Cc3ccccc3)c2)cc1,1,C(#Cc1cc(C=Cc2ccc(C=Cc3ccc(C=Cc4ccc(C=Cc5ccc(N(c6ccccc6)c6ccccc6C#Cc6ccccc6)cc5)cc4)cc3)cc2C#Cc2ccccc2)ccc1C=CCC1CCCC1)c1ccccc1,0.0000000,0.0000,0.0000000,0.0000,0.0000000,0.0000,0.0000000,0.0000,['C#C'],7
55.3179,62.1211,-62.1211,0.0000000,c12c3CCc2cc2cc(C=CCCCCCCC)sc2c2ccc(cc2c1n3CCCCCCCC)OCC,0,,0.0000000,0.0000,0.0000000,0.0000,0.0000000,0.0000,0.0000000,0.0000,None,7
59.4615,67.0886,28.5394,0.7470937,CC(=O)c1ccc(Nc2nc3cc(I)ccc3n3c(=O)cc(-c4cc(C)cc(OCCNCCN(C)C)c4)cc23)cc1,1,O=c1cc(-c2ccccc2)cc2c(Nc3ccccc3)nc3ccccc3n12,0.8073634,415.5583,0.0780447,0.0780,0.5552112,2.9420,1.0000000,1.0000,[],7
33.9184,33.8177,25.4760,0.4632318,COc1cc(C=CC(=O)NC(=S)Nc2cc(S(=O)(=O)N(C)C)ccc2O)cc(OC)c1OC,1,O=C(C=Cc1ccccc1)NC(=S)Nc1ccccc1,0.4675846,398.5902,0.2869315,0.2869,0.6093835,2.4765,1.0000000,1.0000,[],7
24.8423,26.3653,-26.3613,0.0000316,C=C1SCC(=O)N1CCN=C(N)N,1,C=C1NC(=O)CS1,0.0000190,281.9758,0.4661041,0.4661,0.5095268,3.3714,1.0000000,1.0000,[],7
48.8897,58.6018,32.7966,0.7140497,O=C1C(=O)N(c2ccccc2)c2cccc[n+]2C1=Cc1sc2c(c(Cl)c(-c3ccccc3)c3ccccc32)c1-c1ccccc1,1,O=C1C(=O)N(c2ccccc2)c2cccc[n+]2C1=Cc1sc2c(cc(-c3ccccc3)c3ccccc32)c1-c1ccccc1,0.7621989,507.3536,0.1118078,0.1118,0.5193601,3.2758,1.0000000,1.0000,[],7
35.2562,33.4222,-33.4222,0.0000000,Cc1cc(S(=O)(=O)NCCc2csc(-c3ccccc3)n2)ccc1C(=O)O,1,O=S(=O)(NCCc1csc(-c2ccccc2)n1)c1ccccc1,0.0000000,0.0000,0.0000000,0.0000,0.0000000,0.0000,0.0000000,0.0000,"['C(=[O,S])[O,S]']",7
26.5372,26.7469,-23.2016,0.0276980,NC(=S)c1cccc(Nc2ccccc2I)c1,1,c1ccc(Nc2ccccc2)cc1,0.0234401,359.5065,0.6525951,0.6526,0.6720402,1.9872,1.0000000,1.0000,[],7
36.2852,46.8249,-44.6681,0.0168503,O=C(C=Cc1ccc(-c2ccc(-c3ccccc3CNC(=O)c3ccc(F)cc3)cc2)cc1)c1ccccc1,1,O=C(C=Cc1ccc(-c2ccc(-c3ccccc3CNC(=O)c3ccccc3)cc2)cc1)c1ccccc1,0.0145044,354.1961,0.1695335,0.1695,0.6535457,2.1267,1.0000000,1.0000,[],7
51.9163,49.4504,-49.3636,0.0006776,CC1C2CCCC(c3nnn4cc(-c5ccccc5)ccc34)C1C2,1,c1ccc(-c2ccc3c(C4CCCC5CC4C5)nnn3c2)cc1,0.0004764,316.9549,0.6701739,0.6702,0.4035528,4.5372,1.0000000,1.0000,[],7
42.6172,40.7805,-40.7805,0.0000000,c1(C(F)(F)F)cc(N2C([C@H]3[C@@]45O[C@@H]([C@H]3C2=O)CC4)=O)ccc1F,0,,0.0000000,0.0000,0.0000000,0.0000,0.0000000,0.0000,0.0000000,0.0000,None,7
52.3785,53.8195,-53.8195,0.0000000,c1c(Nc2c3C(=O)c4c(-c5ccccc5)ccc(c4[C@@H](C3=O)c3ccccc3)OC(=O)c3ccccc3)ccc(C)c2[N+](=O)[O-],0,,0.0000000,0.0000,0.0000000,0.0000,0.0000000,0.0000,0.0000000,0.0000,None,7
57.5687,69.5827,-68.2329,0.0105453,CC(=O)Nc1ccc(C(=O)Nc2csc(-c3c(NC(=O)CN4CC=C(c5ccc(N(C)C)cc5)CC4)sc(C#N)c3C)c2C)cc1,1,O=C(CN1CC=C(c2ccccc2)CC1)Nc1sccc1-c1cc(NC(=O)c2ccccc2)cs1,0.0088814,348.8089,0.1798512,0.1799,0.5219164,3.2512,1.0000000,1.0000,[],7
47.9011,53.7077,-22.7854,0.2415804,Cc1ccc2c(c1)c1c(c(=O)n2CC2CCCCC2)-c2ccccc2N(C)C1C=Cc1ccc2c(c1)OCO2,1,O=c1c2c(c3ccccc3n1CC1CCCCC1)C(C=Cc1ccc3c(c1)OCO3)Nc1ccccc1-2,0.2367679,387.2917,0.2807415,0.2807,0.5015200,3.4506,1.0000000,1.0000,[],7
58.5584,70.6391,-70.6391,0.0000000,CCCCCCCn1c(-c2cc(C)c(C=Cc3ccc(N(c4ccc(C=C(C#N)C(=O)O)cc4)c4ccc(C=C(c5ccccc5)c5ccccc5)cc4)cc3)s2)nc2c(I)cccc2c1=O,1,O=c1[nH]c(-c2ccc(C=Cc3ccc(N(c4ccccc4)c4ccc(C=C(c5ccccc5)c5ccccc5)cc4)cc3)s2)nc2ccccc12,0.0000000,0.0000,0.0000000,0.0000,0.0000000,0.0000,0.0000000,0.0000,"['C(=[O,S])[O,S]']",7
32.9733,33.5489,-33.0219,0.0041172,Oc1ccccc1N1CCN(c2cccc(-c3ccc4c(c3)OCO4)n2)CC1,1,c1ccc(N2CCN(c3cccc(-c4ccc5c(c4)OCO5)n3)CC2)cc1,0.0031398,337.4566,0.7560766,0.7561,0.6450238,2.1923,1.0000000,1.0000,[],7
75.1959,86.0092,-86.0092,0.0000000,N(c1cc(N=C(C(C(N)c2ccc(N(C)C)cc2)=O)c2ccc(N(C)C)cc2)c(cc1OC)OC)(=c1ccc(c(OC)c1)N1CCOCC1)c1ccc(cc1)OC,0,,0.0000000,0.0000,0.0000000,0.0000,0.0000000,0.0000,0.0000000,0.0000,None,7
46.3745,51.2940,-51.0743,0.0017166,Cc1noc(C)c1-c1ccc2c(ccn2-c2cnn(-c3ccc(-c4nc5cc(F)ccc5o4)cc3)c2)c1,1,c1ccc2oc(-c3ccc(-n4cc(-n5ccc6cc(-c7cnoc7)ccc65)cn4)cc3)nc2c1,0.0012958,327.8274,0.2651884,0.2652,0.5660620,2.8453,1.0000000,1.0000,[],7
51.7392,54.8278,-54.8278,0.0000000,CN1C(=O)C(=C2c3c(sc4c(S(C)(=O)=O)cccc34)C3CCCCC23)C(=O)N1c1ccccc1,1,O=C1NN(c2ccccc2)C(=O)C1=C1c2c(sc3ccccc23)C2CCCCC12,0.0000000,0.0000,0.0000000,0.0000,0.0000000,0.0000,0.0000000,0.0000,['[#7;!n][#7;!n]'],7
71.1040,87.2199,-87.2199,0.0000000,CCc1ccc2c(c1)c1cc(C#CC(=O)O)ccc1n2-c1ccc(-c2ccc(C#CN3CCC4(CC3)COc3ccc(-c5ccc(C=CC(=O)O)s5)cc34)s2)s1,1,C(#CN1CCC2(CC1)COc1ccc(-c3cccs3)cc12)c1ccc(-c2ccc(-n3c4ccccc4c4ccccc43)s2)s1,0.0000000,0.0000,0.0000000,0.0000,0.0000000,0.0000,0.0000000,0.0000,"['C#C', 'C(=[O,S])[O,S]']",7
53.8573,65.6823,54.5239,0.9391113,CC1(C)CC=Cc2c1cc(C=C1CCCC(C(=O)Nc3cccc(S(=O)(=O)N4CCCCCC4)c3)=C1C#N)c1ccccc21,1,O=C(Nc1cccc(S(=O)(=O)N2CCCCCC2)c1)C1=CC(=Cc2cc3c(c4ccccc24)C=CCC3)CCC1,0.9839886,444.7140,0.3179960,0.3180,0.5190295,3.2790,1.0000000,1.0000,[],7
57.2809,65.5121,-65.5121,0.0000000,C#CC(C1=CC=C(C=C)CC1)=C1C=C(C=C)N(C)c2cc3ccc(N(CC)CC)cc3cc21,1,C1=CCCC(C=C2C=CNc3cc4ccccc4cc32)=C1,0.0000000,0.0000,0.0000000,0.0000,0.0000000,0.0000,0.0000000,0.0000,['C#C'],7
92.7324,97.4680,-97.4680,0.0000000,C1C2CC3(NC(c4cc5C6CC6C(C5=C(C(C4)C)C(=O)OCc4c(noc4C4CCCC4)-c4ccc(cc4)F)(C)C)=CC=C3)c3ccccc3N2c2c(C1)cccc2,0,,0.0000000,0.0000,0.0000000,0.0000,0.0000000,0.0000,0.0000000,0.0000,None,7
61.7805,72.8401,-72.8401,0.0000000,N#CC(=Cc1ccc(C(=O)Oc2ccc(OC=C3C=CC(=C(C#N)C#N)OC3=C(C#N)C#N)c(F)c2F)c(Cl)c1)C(=O)O,1,C=C1C=CC(=COc2ccc(OC(=O)c3ccccc3)cc2)C(=C)O1,0.0000000,0.0000,0.0000000,0.0000,0.0000000,0.0000,0.0000000,0.0000,"['C(=[O,S])[O,S]']",7
38.4599,36.0669,-36.0669,0.0000000,CCC(=O)OC(Oc1ccc([N+](=O)[O-])cc1)OC1C=CCCC1,1,C1=CC(OCOc2ccccc2)CCC1,0.0000000,0.0000,0.0000000,0.0000,0.0000000,0.0000,0.0000000,0.0000,"['C(=[O,S])[O,S]']",7
41.1832,41.8324,-41.8324,0.0000000,C=CCC1(C(=O)C2(C(=O)N1)S2)C(=O)O,0,,0.0000000,0.0000,0.0000000,0.0000,0.0000000,0.0000,0.0000000,0.0000,None,7
54.7671,56.2326,-56.2326,0.0000000,c1ccnc2N(C)C(=C)/C(c12)=C/c1c(O)oc2c(c1)ccc(c2)OC(=O)C(C)(C)C,0,,0.0000000,0.0000,0.0000000,0.0000,0.0000000,0.0000,0.0000000,0.0000,None,7
71.6290,81.1441,-81.1441,0.0000000,c1ccc([C@@H](C#N)C23C(C2(n2c4c(nc2)c2c(cc4)c4c(c(Br)c(c(c24)c3=O)=O)=O)C#N)=O)cc1,0,,0.0000000,0.0000,0.0000000,0.0000,0.0000000,0.0000,0.0000000,0.0000,None,7
40.4807,43.0156,-42.9398,0.0005923,COc1ccc(-n2c3c(c4c(OC)nc(N5CCOCC5)nc42)C2CC2C3(F)F)cc1,1,c1ccc(-n2c3c(c4cnc(N5CCOCC5)nc42)C2CC2C3)cc1,0.0004129,315.4001,0.6342151,0.6342,0.4697805,3.7774,1.0000000,1.0000,[],7
29.9141,33.3801,-33.3551,0.0001950,CCOc1ccc2c(c1)oc1ccc(-c3ccc(-c4ccccc4)cc3)cc12,1,c1ccc(-c2ccc(-c3ccc4oc5ccccc5c4c3)cc2)cc1,0.0001298,302.8309,0.3332360,0.3332,0.6859328,1.8849,1.0000000,1.0000,[],7
21.0544,23.1037,-23.1037,0.0000000,COC(=O)c1c(N)cccc1F,1,c1ccccc1,0.0000000,0.0000,0.0000000,0.0000,0.0000000,0.0000,0.0000000,0.0000,"['C(=[O,S])[O,S]']",7
25.6575,29.3008,-29.3008,0.0000000,O=Cc1ccc(C=C2C(=O)N(c3ccccc3)N=C2C(F)(F)F)cc1,1,O=C1C(=Cc2ccccc2)C=NN1c1ccccc1,0.0000000,0.0000,0.0000000,0.0000,0.0000000,0.0000,0.0000000,0.0000,['[#7;!n][#7;!n]'],7
32.4762,32.3497,-32.2725,0.0006032,C=Cc1cn(CCNC(C)C)c2ccc(OC)cc12,1,c1ccc2[nH]ccc2c1,0.0004144,315.4399,0.8601702,0.8602,0.6214003,2.3789,1.0000000,1.0000,[],7
85.5875,88.1754,-88.0318,0.0011221,CCC(C)(C)CC(COc1ccc(-c2ccc(OC)cc2)nc1OC1OC2OCOC2C1O)OC1OC(O)=C(CO)C1O,1,C1=COC(OCCOc2ccc(-c3ccccc3)nc2OC2CC3OCOC3O2)C1,0.0008364,323.0690,0.2632826,0.2633,0.3611833,5.0918,1.0000000,1.0000,[],7
30.6178,32.5137,-32.5137,0.0000000,CCCCCCCCCCOC(=O)CC#Cc1ccc(C2CCC(CCCCC)CC2)cc1,1,c1ccc(C2CCCCC2)cc1,0.0000000,0.0000,0.0000000,0.0000,0.0000000,0.0000,0.0000000,0.0000,"['C#C', 'C(=[O,S])[O,S]']",7
26.3016,26.6246,-26.5683,0.0004396,CCc1ncnc2sc(-c3ccccc3)nc12,1,c1ccc(-c2nc3cncnc3s2)cc1,0.0002990,311.8942,0.6905316,0.6905,0.6309074,2.3030,1.0000000,1.0000,[],7
40.0824,44.3211,-43.5869,0.0057358,CCCCCCCCc1ccc(CC(=O)Nc2ccc3c(-c4ccc(CCCCCCCC)cc4)nc(-c4ccccc4)cc3c2)cc1,1,O=C(Cc1ccccc1)Nc1ccc2c(-c3ccccc3)nc(-c3ccccc3)cc2c1,0.0047656,342.0049,0.0914458,0.0914,0.5990494,2.5621,1.0000000,1.0000,[],7
37.7098,40.1166,-40.1166,0.0000000,Nc1nc(-c2ccccc2)nc2[nH]c(C=Cc3ccc(C(=O)O)o3)nc12,1,C(=Cc1ccco1)c1nc2cnc(-c3ccccc3)nc2[nH]1,0.0000000,0.0000,0.0000000,0.0000,0.0000000,0.0000,0.0000000,0.0000,"['C(=[O,S])[O,S]']",7
24.7855,27.6270,-27.5736,0.0004167,COc1ccc(-n2nc(N3CCCCC3)nc2-c2ccc(C)cc2)cc1,1,c1ccc(-c2nc(N3CCCCC3)nn2-c2ccccc2)cc1,0.0002821,311.2643,0.7071570,0.7072,0.6617249,2.0645,1.0000000,1.0000,[],7
43.0920,50.5460,39.0648,0.7000838,Brc1ccc(Cn2c3cc(N(c4ccccc4)c4ccccc4)ccc3c3c4cnc5ccc(Br)cc5c4ccc32)cc1,1,c1ccc(Cn2c3cc(N(c4ccccc4)c4ccccc4)ccc3c3c4cnc5ccccc5c4ccc32)cc1,0.7351136,411.0824,0.1684596,0.1685,0.5833419,2.6949,1.0000000,1.0000,[],7
89.6199,114.6407,-114.6407,0.0000000,C(N(c1cc(C#N)ccc1-c1ccc(C#CC2C(C#N)=C(C)N(C(C(C#N)=Cc3ccc(N(CCCC)CCCC)cc3)=C2C#N)C#N)c2c1CC1C=c3cc(F)c(cc3N21)F)CCCC)CCC,0,,0.0000000,0.0000,0.0000000,0.0000,0.0000000,0.0000,0.0000000,0.0000,None,7
31.3439,29.3215,-29.3122,0.0000723,O=C(Nc1ccc2[nH]ccc2c1)C1CC1c1cccc(F)c1,1,O=C(Nc1ccc2[nH]ccc2c1)C1CC1c1ccccc1,0.0000447,291.2583,0.7517740,0.7518,0.5664062,2.8422,1.0000000,1.0000,[],7
37.3224,49.9019,-36.9564,0.1011368,c1ccc(N(c2ccccc2)c2ccc(-c3cc(-c4ccc(-c5ccc(-c6nnc(-c7ccc(N(c8ccccc8)c8ccccc8)cc7)c7ccccc67)cc5)cc4)cc(N(c4ccccc4)c4ccccc4)n3)cc2)cc1,1,c1ccc(N(c2ccccc2)c2ccc(-c3cc(-c4ccc(-c5ccc(-c6nnc(-c7ccc(N(c8ccccc8)c8ccccc8)cc7)c7ccccc67)cc5)cc4)cc(N(c4ccccc4)c4ccccc4)n3)cc2)cc1,0.0974750,375.8358,0.1081743,0.1082,0.5270655,3.2022,1.0000000,1.0000,[],8
40.0928,42.3421,-42.3421,0.0000000,Brc1ccc2c3c(ccc2c1)C1=C2C4=CC=CC(=CC1=C3)C=CC2C=C4,1,C1=CC2=CC3=Cc4c(ccc5ccccc45)C3=C3C(=C1)C=CC3C=C2,0.0000000,0.0000,0.0000000,0.0000,0.0000000,0.0000,0.0000000,0.0000,['[*;r{8-17}]'],8
55.2253,60.6471,58.2979,0.9292574,CCCCC1CCC(c2cc3c(F)c4c(C#N)c(C#N)ccc4c(C#N)c3c(-c3ccc(C#N)cc3)c2-c2ccc(C#N)cc2)CC1,1,c1ccc(-c2c(C3CCCCC3)cc3cc4ccccc4cc3c2-c2ccccc2)cc1,0.9919109,452.2143,0.1769533,0.1770,0.5041519,3.4244,1.0000000,1.0000,[],8
52.3243,54.9890,-54.9890,0.0000000,CC(C)=CCc1cc(O)cc(O)c1C1CC(=O)c2c(O)c3c(c(O)c2C1=O)C(=O)OC(C)(O)C3,1,O=C1OCCc2cc3c(cc21)C(=O)C(c1ccccc1)CC3=O,0.0000000,0.0000,0.0000000,0.0000,0.0000000,0.0000,0.0000000,0.0000,"['C(=[O,S])[O,S]']",8
48.7567,51.9126,-51.9126,0.0000000,COC(=O)c1ccc2ccc(-c3nc(-c4ccc(OC)cc4)c(NC(C)(C)C)nc3-c3ccc(OC(C)=O)cc3)cc2c1,1,c1ccc(-c2cnc(-c3ccccc3)c(-c3ccc4ccccc4c3)n2)cc1,0.0000000,0.0000,0.0000000,0.0000,0.0000000,0.0000,0.0000000,0.0000,"['C(=[O,S])[O,S]']",8
30.8418,37.3250,-36.0939,0.0096182,Cc1ccc(-c2c(-c3ccc(N(C)C)cc3)nc3sc(=O)[nH]n23)s1,1,O=c1[nH]n2c(-c3cccs3)c(-c3ccccc3)nc2s1,0.0077473,347.3132,0.6064657,0.6065,0.5569324,2.9266,1.0000000,1.0000,[],8
25.1759,28.2283,-28.2283,0.0000000,Nc1c(Nc2ccc(C(=O)O)cc2)ncnc1Nc1ccc([N+](=O)[O-])cc1,1,c1ccc(Nc2cc(Nc3ccccc3)ncn2)cc1,0.0000000,0.0000,0.0000000,0.0000,0.0000000,0.0000,0.0000000,0.0000,"['C(=[O,S])[O,S]']",8
28.7335,27.8495,-27.8060,0.0003398,N#Cc1ccc(C(N)=O)c(Br)c1I,1,c1ccccc1,0.0002275,308.9290,0.7872583,0.7873,0.5682592,2.8259,1.0000000,1.0000,[],8
26.3840,27.5444,-26.9767,0.0044350,O=C(CSc1ccccc1)Nc1nc2ccc(N3CCOCC3)cc2s1,1,O=C(CSc1ccccc1)Nc1nc2ccc(N3CCOCC3)cc2s1,0.0034064,338.3444,0.6760289,0.6760,0.6540415,2.1229,1.0000000,1.0000,[],8
25.8068,25.3321,-25.3321,0.0000000,CCOc1ccccc1C=NNC(=O)CNC(=O)c1ccc(C)cc1,1,O=C(CNC(=O)c1ccccc1)NN=Cc1ccccc1,0.0000000,0.0000,0.0000000,0.0000,0.0000000,0.0000,0.0000000,0.0000,['[#7;!n][#7;!n]'],8
53.8001,61.4467,-59.9129,0.0119830,COc1ccc(C=Cc2cc3c4c(oc3c(O)c2O)CCNC4c2ccc(N(C)C)c3ccccc23)cc1,1,C(=Cc1ccc2oc3c(c2c1)C(c1cccc2ccccc12)NCC3)c1ccccc1,0.0101591,350.2823,0.1871497,0.1871,0.4946758,3.5193,1.0000000,1.0000,[],8
51.0254,50.6203,-50.6203,0.0000000,COC(=O)CC1(C)C(=O)C=CC2(C)C1CCC1(C)C(O)C(C(C)C)CC21,1,O=C1C=CC2C(CCC3CCCC32)C1,0.0000000,0.0000,0.0000000,0.0000,0.0000000,0.0000,0.0000000,0.0000,"['C(=[O,S])[O,S]']",8
42.5752,42.3943,-42.3943,0.0000000,NCCCCC(N)C(=O)NC(Cc1cccc(Cn2ccc3ccccc32)c1)C(=O)O,1,c1ccc(Cn2ccc3ccccc32)cc1,0.0000000,0.0000,0.0000000,0.0000,0.0000000,0.0000,0.0000000,0.0000,"['C(=[O,S])[O,S]']",8
31.4075,33.9007,-33.9007,0.0000000,COc1ccc2ccc(N)cc2c1C(O)=S,1,c1ccc2ccccc2c1,0.0000000,0.0000,0.0000000,0.0000,0.0000000,0.0000,0.0000000,0.0000,"['C(=[O,S])[O,S]']",8
66.1749,73.7909,-73.7909,0.0000000,C#CC1(C#C)c2ccccc2-c2ccc(-c3cc(-c4cccc(C(=O)NCCNC(=O)C5C6CCCC65)c4)c4ccc5ccccc5c4n3)cc21,1,O=C(NCCNC(=O)C1C2CCCC21)c1cccc(-c2cc(-c3ccc4c(c3)Cc3ccccc3-4)nc3c2ccc2ccccc23)c1,0.0000000,0.0000,0.0000000,0.0000,0.0000000,0.0000,0.0000000,0.0000,['C#C'],8
35.7554,44.1102,71.0717,0.8998579,CCN(CCO)c1cc(N2CCCC2)ccc1N=Cc1cc(N)ccc1O,1,C(=Nc1ccc(N2CCCC2)cc1)c1ccccc1,0.9320696,428.4346,0.3970992,0.3971,0.5775014,2.7452,1.0000000,1.0000,[],8
36.5118,42.7043,-42.7043,0.0000000,COc1ccc(C#Cc2ccc(-c3cnc(C4CCC(C)O4)cn3)cc2)cc1,1,C(#Cc1ccc(-c2cnc(C3CCCO3)cn2)cc1)c1ccccc1,0.0000000,0.0000,0.0000000,0.0000,0.0000000,0.0000,0.0000000,0.0000,['C#C'],8
51.9300,60.2728,-54.2987,0.0466723,CCCCc1ccc2oc3cc(CCC)c(C=CC4=CC(=CC5CCCCC5)CC(C)(C#N)C4)cc3c2c1,1,C(=Cc1ccc2oc3ccccc3c2c1)C1=CC(=CC2CCCCC2)CCC1,0.0419240,366.0266,0.3051310,0.3051,0.4562782,3.9233,1.0000000,1.0000,[],8
41.0923,48.2195,-47.8309,0.0030355,Cc1nc2c(cc1-c1ccc(N(C)C)cc1)c(-c1cccc(C#N)c1)c(-c1ccc(N(C)C)cc1)n2C,1,c1ccc(-c2cnc3[nH]c(-c4ccccc4)c(-c4ccccc4)c3c2)cc1,0.0023577,334.3379,0.2720461,0.2720,0.5836409,2.6923,1.0000000,1.0000,[],8
25.3858,27.3463,-27.1941,0.0011888,CCn1c(=NS(=O)(=O)c2ccc(C)cc2)sc2cc(Cl)ccc21,1,O=S(=O)(N=c1[nH]c2ccccc2s1)c1ccccc1,0.0008513,323.2616,0.7036899,0.7037,0.6375806,2.2504,1.0000000,1.0000,[],8
44.4198,49.6112,-49.6112,0.0000000,C1=CCCC(c2c3cc4cccc(c4c4c5c-4c4c2cccc4c2ccccc2c2ccccc52)C=C3)=C1,1,C1=CCCC(c2c3cc4cccc(c4c4c5c-4c4c2cccc4c2ccccc2c2ccccc52)C=C3)=C1,0.0000000,0.0000,0.0000000,0.0000,0.0000000,0.0000,0.0000000,0.0000,['[*;r{8-17}]'],8
54.4959,57.3913,-57.3578,0.0002617,NCC1=C(O)CC2(c3ccccc3)Oc3cccc(O)c3C2(c2cccc(O)c2)CC1,1,C1=CCC2(c3ccccc3)Oc3ccccc3C2(c2ccccc2)CC1,0.0001762,306.1526,0.5003541,0.5004,0.4532663,3.9564,1.0000000,1.0000,[],8
58.4575,64.5735,-64.5735,0.0000000,C#Cc1c2ccccc2c(-c2cc3c(c(OCCCCC)c2OCCCC)Oc2cc(OCCCC)c(-c4ccccc4)cc2N3c2ccc(CCCC)cc2)c2ccccc12,1,c1ccc(-c2ccc3c(c2)N(c2ccccc2)c2cc(-c4c5ccccc5cc5ccccc45)ccc2O3)cc1,0.0000000,0.0000,0.0000000,0.0000,0.0000000,0.0000,0.0000000,0.0000,['C#C'],8
79.3014,86.7014,-86.7014,0.0000000,c1(c(-c2ccc(C=C(C#N)C#N)s2)sc(-c2ccc(s2)-c2ccc(s2)-c2sc(cc2)-c2nnc(o2)-c2ccc(-c3cnc(cc3)N(c3ccc(cc3)-c3c4c5c(ccc4)cccc5cc3)c3ccc(C=Cc4ccc(N(c5ccccc5)c5ccccc5)cc4)cc3)cc2)s1)C,0,,0.0000000,0.0000,0.0000000,0.0000,0.0000000,0.0000,0.0000000,0.0000,None,8
25.0287,28.7476,-23.6285,0.0399930,[C-]#[N+]C1=C(C#N)c2ccccc21,1,C1=Cc2ccccc21,0.0349032,363.9574,0.5240730,0.5241,0.5419843,3.0626,1.0000000,1.0000,[],8
41.4675,51.7433,-51.7433,0.0000000,c1(ccc(c(c1)O)C(=O)C=Cc1cc2OCOc2c2oc3cc(N(C)C)ccc3c2c1)O,0,,0.0000000,0.0000,0.0000000,0.0000,0.0000000,0.0000,0.0000000,0.0000,None,8
67.1220,80.6257,-80.6257,0.0000000,Cc1cccn2c(C(=O)O)c(-c3cc4c(cc3-c3ccc(N(c5ccccc5)c5ccc6ccccc6c5)o3)c3cc(C#N)ccc3n4-c3ccc(-c4nccc5ccccc45)cc3)cc12,1,c1ccc(N(c2ccc3ccccc3c2)c2ccc(-c3cc4c5ccccc5n(-c5ccc(-c6nccc7ccccc67)cc5)c4cc3-c3cc4ccccn4c3)o2)cc1,0.0000000,0.0000,0.0000000,0.0000,0.0000000,0.0000,0.0000000,0.0000,"['C(=[O,S])[O,S]']",8
61.8448,75.1755,40.2820,0.9020116,COc1ccc(-c2cc3nc(-c4ccc(OC)c(OC)c4)c(C=C(O)c4cnc5ccc6ccccc6n45)c(-c4ccc(OC)cc4)[n+]3cc2OC)cc1,1,C(=Cc1cnc2ccc3ccccc3n12)c1c(-c2ccccc2)nc2cc(-c3ccccc3)cc[n+]2c1-c1ccccc1,0.9760281,440.2440,0.1108196,0.1108,0.4945627,3.5204,1.0000000,1.0000,[],8
33.9554,35.1960,-33.2909,0.0148839,COc1ccc(-c2nc(C(=O)Nc3ccccc3)cc(=O)[nH]2)cc1O,1,O=C(Nc1ccccc1)c1cc(=O)[nH]c(-c2ccccc2)n1,0.0121871,352.2806,0.6779981,0.6780,0.6438392,2.2015,1.0000000,1.0000,[],8
27.8073,28.0574,-27.5990,0.0035815,CCN(CC)CC(=O)c1ccc(OCCO)c(OC)c1,1,c1ccccc1,0.0027163,335.8791,0.6965879,0.6966,0.6674714,2.0213,1.0000000,1.0000,[],8
61.7853,68.3940,-68.3940,0.0000000,c1cc(cc2-c3ccc(cc3C3(c4ccccc4N(CC)c1c3)c1ccccc12)-c1cc2c3c(C=NNC3)ccc2cc1)S(=O)(O)=O,0,,0.0000000,0.0000,0.0000000,0.0000,0.0000000,0.0000,0.0000000,0.0000,None,8
30.8511,37.4546,-36.6944,0.0059384,CC1(C)C(=O)N(c2cccc(C#N)c2)C(=C(C#N)C#N)N1c1ccccc1,1,C=C1N(c2ccccc2)CC(=O)N1c1ccccc1,0.0046268,341.6823,0.7706979,0.7707,0.5654142,2.8510,1.0000000,1.0000,[],8
35.6581,37.1549,-31.4956,0.0442133,CC1(C)c2ccccc2-c2ccc(N(c3ccc4ccccc4c3)c3cccc4c3oc3c(N(c5ccccc5)c5ccccc5)cccc34)cc21,1,c1ccc(N(c2ccccc2)c2cccc3c2oc2c(N(c4ccc5c(c4)Cc4ccccc4-5)c4ccc5ccccc5c4)cccc23)cc1,0.0401330,365.5323,0.1757967,0.1758,0.5544204,2.9492,1.0000000,1.0000,[],8
39.1682,37.8862,-35.7915,0.0163644,COc1cccc(N2CCN(CCCCOc3c(C#N)cnc4ncccc34)CC2)c1,1,c1ccc(N2CCN(CCCCOc3ccnc4ncccc34)CC2)cc1,0.0135955,353.4835,0.5194711,0.5195,0.6101421,2.4703,1.0000000,1.0000,[],8
36.0754,37.1309,-36.4242,0.0055206,O=[N+]([O-])c1ccc(C(Oc2ccc(-c3ccc(O)cc3)cc2)C(O)CO)cc1,1,c1ccc(COc2ccc(-c3ccccc3)cc2)cc1,0.0043661,341.0498,0.4267718,0.4268,0.5617725,2.8833,1.0000000,1.0000,[],8
28.2966,29.2891,-29.2891,0.0000000,Nc1cccc(C#CC2(N)CCCCCC2)c1,1,C(#CC1CCCCCC1)c1ccccc1,0.0000000,0.0000,0.0000000,0.0000,0.0000000,0.0000,0.0000000,0.0000,['C#C'],8
32.4924,38.9228,-38.9228,0.0000000,O=C(O)c1ccc(N=Cc2ccc(C=Cc3ccccc3)c(C=Nc3ccccc3)c2O)cc1,1,C(=Cc1ccc(C=Nc2ccccc2)cc1C=Nc1ccccc1)c1ccccc1,0.0000000,0.0000,0.0000000,0.0000,0.0000000,0.0000,0.0000000,0.0000,"['C(=[O,S])[O,S]']",8
43.6046,43.1925,-43.0251,0.0013081,CC(C)N(c1ccccc1S(=O)(=O)NCP(C)(=O)C(C)C)C(C)C,1,c1ccccc1,0.0009468,324.4171,0.6999151,0.6999,0.4910559,3.5560,1.0000000,1.0000,[],8
35.4953,43.9392,-26.9546,0.1326923,CCCCc1ccc2c(c1)c1ccc(C=Cc3ccc4ccccc4c3)nc1n2CCCC,1,C(=Cc1ccc2c(n1)[nH]c1ccccc12)c1ccc2ccccc2c1,0.1261132,378.9826,0.2397610,0.2398,0.6116241,2.4582,1.0000000,1.0000,[],8
48.3274,52.7223,-52.1911,0.0041504,CCC(NCc1ccc2c(C(=O)c3cc(C(=O)c4ccccc4)ccc3O)c[nH]c2c1)c1cccs1,1,O=C(c1ccccc1)c1cccc(C(=O)c2c[nH]c3cc(CNCc4cccs4)ccc23)c1,0.0033130,338.0415,0.2007179,0.2007,0.5499991,2.9892,1.0000000,1.0000,[],8
89.9761,100.6447,-100.6447,0.0000000,CCN(CCC#N)c1ccc2ccccc2c1N=Nc1ccc(S(=O)(=O)N(CCOC)c2ccc(Oc3ccc(-n4nc(S(=O)(=O)O)c(Cl)c4-c4c(Cl)cc(Cl)cc4C(=O)O)cc3)cc2)cc1Cl,1,O=S(=O)(Nc1ccc(Oc2ccc(-n3nccc3-c3ccccc3)cc2)cc1)c1ccc(N=Nc2cccc3ccccc23)cc1,0.0000000,0.0000,0.0000000,0.0000,0.0000000,0.0000,0.0000000,0.0000,"['C(=[O,S])[O,S]']",8
67.6288,76.9667,-76.9667,0.0000000,CCN(CCC(=O)O)c1ccc(-c2ccc(N=C(C#N)c3ccc(S(=O)(=O)O)cc3)cc2N=Nc2ccc(N=Nc3ccc(Nc4ccccc4)cc3S(=O)(=O)O)cc2S(=O)(=O)O)cc1,1,C(=Nc1ccc(-c2ccccc2)c(N=Nc2ccc(N=Nc3ccc(Nc4ccccc4)cc3)cc2)c1)c1ccccc1,0.0000000,0.0000,0.0000000,0.0000,0.0000000,0.0000,0.0000000,0.0000,"['C(=[O,S])[O,S]']",8
63.3652,72.3890,-72.3890,0.0000000,Cc1cnc(-c2ccc(-c3ccc4c(-c5ccc(-c6ccc(C=C(C#N)C(=O)O)cn6)c6nsnc56)c5c(-c6cccs6)c#ccc5cc4c3)cc2)nc1,1,c1cc2cc3cc(-c4ccc(-c5ncccn5)cc4)ccc3c(-c3ccc(-c4ccccn4)c4nsnc34)c2c(-c2cccs2)c#1,0.0000000,0.0000,0.0000000,0.0000,0.0000000,0.0000,0.0000000,0.0000,"['C(=[O,S])[O,S]']",8
68.8455,71.9664,-71.9664,0.0000000,O=C(c1n2[B-](F)(F)[N+]3=C(c4c(C3=C(c2s1)OC(C)=O)ccc(C#Cc1c(cc(Br)cc1Br)Br)c4CC)CCCC)OCC,0,,0.0000000,0.0000,0.0000000,0.0000,0.0000000,0.0000,0.0000000,0.0000,None,8
28.6885,30.9599,-20.5947,0.0809785,c1ccc(-c2nc3ccccc3c3c2ccc2c4ccccc4c4ccccc4c23)cc1,1,c1ccc(-c2nc3ccccc3c3c2ccc2c4ccccc4c4ccccc4c23)cc1,0.0747261,372.6801,0.2494374,0.2494,0.6809539,1.9213,1.0000000,1.0000,[],8
22.3463,22.9898,-22.9898,0.0000000,CCCC=CCCCCCCCC(=O)OCCCCCCCCCCCCC,1,,0.0000000,0.0000,0.0000000,0.0000,0.0000000,0.0000,0.0000000,0.0000,"['C(=[O,S])[O,S]']",8
38.7950,36.6823,-36.4554,0.0017731,O=CCSc1cc(Cl)cc(N2CCN(C=O)CC2)c1,1,c1ccc(N2CCNCC2)cc1,0.0013057,327.9103,0.6149406,0.6149,0.5630322,2.8721,1.0000000,1.0000,[],8
32.3682,33.0358,-33.0062,0.0002318,CNc1nc(Cc2ccccc2)nc(Nc2ccc(CN)cc2)n1,1,c1ccc(Cc2ncnc(Nc3ccccc3)n2)cc1,0.0001527,304.5946,0.6469736,0.6470,0.6524456,2.1351,1.0000000,1.0000,[],8
57.2695,58.4315,-58.4315,0.0000000,n1(CCC)ccc2oc3c(=S)cc4c(N)cc(=O)c5c(c4c-3c2c1=O)cccc5,0,,0.0000000,0.0000,0.0000000,0.0000,0.0000000,0.0000,0.0000000,0.0000,None,8
39.2542,59.5655,50.9711,0.8635667,CCCCCC[n+]1c(-c2ccc(N3C(=O)C(=O)C(=C(O)c4cccc5ccccc45)C3=O)cc2)sc2cc(-c3ccc(N(CCCC)CCCC)cc3)ccc21,1,O=C1C(=O)N(c2ccc(-c3[nH+]c4ccc(-c5ccccc5)cc4s3)cc2)C(=O)C1=Cc1cccc2ccccc12,0.9834469,475.6532,0.0201833,0.0202,0.5030813,3.4350,1.0000000,1.0000,[],8
53.5781,58.1053,-28.8883,0.2282579,N#Cc1cc(-c2ccc(F)cc2)cc(-c2ccc3c(c2)c2ccc(-c4ccc(-c5c6ccccc6c(-c6ccc(F)cc6)c6ccccc56)cc4)cc2n3-c2ccc(-c3cccnc3)cc2)c1,1,c1ccc(-c2cccc(-c3ccc4c(c3)c3ccc(-c5ccc(-c6c7ccccc7c(-c7ccccc7)c7ccccc67)cc5)cc3n4-c3ccc(-c4cccnc4)cc3)c2)cc1,0.2272621,386.7124,0.1498345,0.1498,0.5282422,3.1910,1.0000000,1.0000,[],8
53.3820,64.5482,-64.5482,0.0000000,c1cc(C(F)(F)F)c(N(C(C)=O)CC(=O)c2ccc3c(c2)n(-c2ccc(/C=C(\[N+]#[C-])c4ccccc4)cc2)c2ccccc2n3)cc1,0,,0.0000000,0.0000,0.0000000,0.0000,0.0000000,0.0000,0.0000000,0.0000,None,8
38.1406,45.9058,-42.2036,0.0289236,CN(C)c1ccc(-c2cc3cc(-c4ccc(N(C)CCN5CCCCC5)c(C#N)c4)cnc3[nH]2)cc1,1,c1ccc(-c2cc3cc(-c4ccc(NCCN5CCCCC5)cc4)cnc3[nH]2)cc1,0.0250683,360.2538,0.3660737,0.3661,0.5738834,2.7766,1.0000000,1.0000,[],8
58.2702,60.7267,-11.9027,0.3814371,Cc1c(Br)c(O)c(Br)c(Br)c1-n1c(=O)c2c3c(Br)c(Br)c(Br)c(Br)c3nc(C)c2c2cc(Br)ccc21,1,O=c1c2c3ccccc3ncc2c2ccccc2n1-c1ccccc1,0.3954425,395.3911,0.1034330,0.1034,0.4871910,3.5955,1.0000000,1.0000,[],8
54.3454,62.6735,-62.6735,0.0000000,N(CC)c1nc(OC)nc(N/N=c2\c(c(cn2C(c2ccccc2)=O)-c2ccc(cc2)N(CC)CC)[N+]#[C-])n1,0,,0.0000000,0.0000,0.0000000,0.0000,0.0000000,0.0000,0.0000000,0.0000,None,8
97.2044,104.4127,-104.4127,0.0000000,O(c1c(c2C(=O)c3c(C(=O)c2cc1)c(c1Cc2cc4c(OC(=O)c5c(OC)c(c(CC=C(C)C)c5O)OC)C(=O)c4c(c2c(c2c1c(c(cc2C(=O)CCC(C)=O)OC)c3C)=O)O)=O)=O)C,0,,0.0000000,0.0000,0.0000000,0.0000,0.0000000,0.0000,0.0000000,0.0000,None,8
37.1834,44.4358,-44.4358,0.0000000,O=C1NC(=O)c2c1cccc2N1CCN(Cc2c(C(=O)OC(c3ccccc3)c3ccccc3)nc(-c3cccs3)[nH]c2=O)CC1,1,O=C1NC(=O)c2c1cccc2N1CCN(Cc2c(C(=O)OC(c3ccccc3)c3ccccc3)nc(-c3cccs3)[nH]c2=O)CC1,0.0000000,0.0000,0.0000000,0.0000,0.0000000,0.0000,0.0000000,0.0000,"['C(=[O,S])[O,S]']",8
47.8861,52.4425,-51.0240,0.0110821,COc1ccccc1Nc1nc(NCc2cccc(Cl)c2)nc2cc(Oc3cccc(N(C)CCO)c3)ccc12,1,c1ccc(CNc2nc(Nc3ccccc3)c3ccc(Oc4ccccc4)cc3n2)cc1,0.0093611,349.3853,0.1625731,0.1626,0.5975540,2.5746,1.0000000,1.0000,[],8
22.1037,23.1254,-23.1221,0.0000258,COc1ccc(C(=O)NCCC#N)cc1,1,c1ccccc1,0.0000151,279.4436,0.7525906,0.7526,0.7193559,1.6470,1.0000000,1.0000,[],8
25.8998,30.6963,70.9542,0.7941452,CCCCCCN(CCCCCC)c1ccc2cc(N(CCCC)CCCC)ccc2c1,1,c1ccc2ccccc2c1,0.8316096,417.3401,0.2139364,0.2139,0.6359075,2.2635,1.0000000,1.0000,[],8
68.6852,72.3532,-72.3532,0.0000000,c12c(n3c(ncc3)c3ccc4c5c(cn2c3=O)ccc(CC2CCC(C#N)CC2)c5c4ccc1)N,0,,0.0000000,0.0000,0.0000000,0.0000,0.0000000,0.0000,0.0000000,0.0000,None,8
35.2575,33.5429,-33.2104,0.0025977,CCCCN(c1ccc(NC)cc1)C1CC1CCC,1,c1ccc(NC2CC2)cc1,0.0019439,332.2378,0.7388153,0.7388,0.5188192,3.2810,1.0000000,1.0000,[],8
89.6050,92.7838,-92.7838,0.0000000,CCC12Oc3c(ccc(Cl)c3C=CC(=O)O)C(Oc3ccc(OC(C)(C)CCOP=O)c(C=O)c3OC1=O)C2C,1,O=C1Oc2ccccc2OC2CC1Oc1ccccc12,0.0000000,0.0000,0.0000000,0.0000,0.0000000,0.0000,0.0000000,0.0000,"['[*;r{8-17}]', 'C(=[O,S])[O,S]']",8
37.3733,41.5779,-41.5779,0.0000000,COC(=O)c1cc(-c2c3ccccc3c(-c3ccccc3)c3cc[nH]c23)ccc1OC,1,c1ccc(-c2c3ccccc3c(-c3ccccc3)c3[nH]ccc23)cc1,0.0000000,0.0000,0.0000000,0.0000,0.0000000,0.0000,0.0000000,0.0000,"['C(=[O,S])[O,S]']",8
69.9725,71.4334,9.4020,0.6315266,COc1c(C2Cc3c(O)ccc4c3C(NC(=O)N=O)(CC2O)C(C)CC4)cc2c(c1OC)OCO2,1,c1cc2c3c(c1)CC(c1ccc4c(c1)OCO4)CCC3CCC2,0.6401440,406.2537,0.5614154,0.5614,0.3957933,4.6343,1.0000000,1.0000,[],9
37.1573,35.4076,-35.4076,0.0000000,C=Cc1ccc(NC(=O)OC(CO)C(O)C=C)cc1,1,c1ccccc1,0.0000000,0.0000,0.0000000,0.0000,0.0000000,0.0000,0.0000000,0.0000,"['C(=[O,S])[O,S]']",9
48.7343,64.7839,-38.9292,0.2019899,CCN(CC)S(=O)(=O)c1ccc(C(=O)Nc2cccc(C(=O)Nc3ccc(Oc4ccc(N(c5ccc(N(C)CCO)cc5)c5ccc(N(c6ccccc6)c6ccccc6)cc5)cc4)cc3)c2)cc1,1,O=C(Nc1cccc(C(=O)Nc2ccc(Oc3ccc(N(c4ccccc4)c4ccc(N(c5ccccc5)c5ccccc5)cc4)cc3)cc2)c1)c1ccccc1,0.2045771,385.2565,0.0723939,0.0724,0.5143098,3.3246,1.0000000,1.0000,[],9
31.3438,30.0144,-29.1637,0.0066461,CC(C)(C)C(=O)NC(=S)Nc1ccc(NC(=O)COc2ccc(Br)cc2)cc1,1,O=C(COc1ccccc1)Nc1ccccc1,0.0052397,343.0397,0.5746704,0.5747,0.6640962,2.0466,1.0000000,1.0000,[],9
33.8131,36.0633,-33.3856,0.0209189,c1cn(-c2ccc(-c3ccc(Oc4ccc(N5CCCC5)cc4)nn3)cc2)cn1,1,c1cn(-c2ccc(-c3ccc(Oc4ccc(N5CCCC5)cc4)nn3)cc2)cn1,0.0176138,356.3393,0.4989896,0.4990,0.6336355,2.2814,1.0000000,1.0000,[],9
39.5858,43.5250,-43.5250,0.0000000,C#CCNc1ccc(C#Cc2ccc(C(=CN(CC)CC)C(=O)NC)cc2)cc1,1,C(#Cc1ccccc1)c1ccccc1,0.0000000,0.0000,0.0000000,0.0000,0.0000000,0.0000,0.0000000,0.0000,['C#C'],9
21.1328,21.2963,-21.2949,0.0000108,CCCPc1ccccc1,1,c1ccccc1,0.0000061,269.6046,0.5832493,0.5832,0.5265453,3.2071,1.0000000,1.0000,[],9
32.1318,33.2341,-33.1123,0.0009514,COc1ccc(CN2C(=O)C3(OC3c3ccc(Cl)cc3)c3ccccc32)cc1,1,O=C1N(Cc2ccccc2)c2ccccc2C12OC2c1ccccc1,0.0006800,320.8204,0.5961409,0.5961,0.5129992,3.3374,1.0000000,1.0000,[],9
24.2808,27.7936,-27.6896,0.0008120,C[n+]1c(-c2cccc3ccccc23)[nH]c2ccccc21,1,c1ccc2c(-c3[nH]c4ccccc4[nH+]3)cccc2c1,0.0005762,319.0215,0.5014633,0.5015,0.6295497,2.3138,1.0000000,1.0000,[],9
68.0009,80.8348,33.8218,0.8957542,CCCCN(CCCC)c1ccc(-c2[nH]c3ccccc3c2C2C(=O)NC(=S)C(C(=O)c3ccc(C#N)cc3)C2(C#N)CCCc2ccccc2C)cc1,1,O=C(c1ccccc1)C1C(=S)NC(=O)C(c2c(-c3ccccc3)[nH]c3ccccc23)C1CCCc1ccccc1,0.9819422,476.6145,0.0818370,0.0818,0.4129890,4.4217,1.0000000,1.0000,[],9
34.8134,35.2079,-35.2078,0.0000002,CCCCC(C)C1CCC2C3CCC4(C)C(C)=CCCC4(C)C3CCC12C,1,C1=CC2CCC3C4CCCC4CCC3C2CC1,0.0000001,222.7413,0.4355298,0.4355,0.4183330,4.3574,1.0000000,1.0000,[],9
41.3186,47.3595,-47.3595,0.0000000,c1c2c(c3c(n1-c1ccccc1)cc(cc3)NOC)c(nc1c2cccc1)=O,0,,0.0000000,0.0000,0.0000000,0.0000,0.0000000,0.0000,0.0000000,0.0000,None,9
21.7239,23.9774,-23.9440,0.0002612,O=C(c1ccc(Cl)cc1)c1ccc(F)cc1Cl,1,O=C(c1ccccc1)c1ccccc1,0.0001720,305.8870,0.7399299,0.7399,0.7290908,1.5798,1.0000000,1.0000,[],9
34.8677,39.3623,-39.3623,0.0000000,c1cc2c3ccc(-c4ccc(N(c5ccccc5)c5ccccc5)cc4)c(O)c(c3oc2cc1-c1ccccc1)-c1ccccc1,0,,0.0000000,0.0000,0.0000000,0.0000,0.0000000,0.0000,0.0000000,0.0000,None,9
46.5704,53.8196,57.4706,0.8694550,CC1(C)C=Cc2c(Br)c(Br)cc3c2c(c(Br)c(-c2ccc(Br)cc2)[n+]3[O-])C1=O,1,O=C1CC=Cc2cccc3[nH+]c(-c4ccccc4)cc1c23,0.9209944,426.6650,0.2074731,0.2075,0.4838441,3.6300,1.0000000,1.0000,[],9
50.3432,55.2372,-55.2372,0.0000000,Cn1nc(C(=O)c2ccc3c(c2)-c2cc(-c4ccc(C(=O)c5ccccc5)cc4)ccc2C3(C)C)cc1C(=O)O,1,O=C(c1ccccc1)c1ccc(-c2ccc3c(c2)-c2cc(C(=O)c4cc[nH]n4)ccc2C3)cc1,0.0000000,0.0000,0.0000000,0.0000,0.0000000,0.0000,0.0000000,0.0000,"['C(=[O,S])[O,S]']",9
29.7457,33.0966,-33.0966,0.0000000,[C-]#[N+]c1ccc2c(c1)C(C)(C)c1cc(SCC#C)ccc1-2,1,c1ccc2c(c1)Cc1ccccc1-2,0.0000000,0.0000,0.0000000,0.0000,0.0000000,0.0000,0.0000000,0.0000,['C#C'],9
26.1089,30.1016,-28.4624,0.0128059,COc1ccc(-c2cnc(-c3ccc(-c4ccc(OC)c(OC)c4)cc3)s2)cc1,1,c1ccc(-c2ccc(-c3ncc(-c4ccccc4)s3)cc2)cc1,0.0105808,350.7285,0.3859536,0.3860,0.6699640,2.0027,1.0000000,1.0000,[],9
55.8202,63.7119,-63.7119,0.0000000,C(Sc1n(c(-c2ccc3OCC(Nc4cc(ccc4-3)N(CCCC)CCCC)=O)nc2-c2c(cccc2)O)cc1)C(O)=O,0,,0.0000000,0.0000,0.0000000,0.0000,0.0000000,0.0000,0.0000000,0.0000,None,9
42.5921,52.5462,4.8390,0.4483220,Cc1ccc(N(c2ccc(C)cc2)c2ccc(-c3nc4cc(N5CCCCC5)c(-c5ccc(-n6cnnn6)cc5)cc4s3)cc2)cc1,1,c1ccc(N(c2ccccc2)c2ccc(-c3nc4cc(N5CCCCC5)c(-c5ccc(-n6cnnn6)cc5)cc4s3)cc2)cc1,0.4597254,398.2471,0.1741774,0.1742,0.5614781,2.8859,1.0000000,1.0000,[],9
26.0510,27.2881,-27.2881,0.0000000,N#CC(=Cc1cn(CC(=O)O)c2ccccc12)C(=O)O,1,c1ccc2[nH]ccc2c1,0.0000000,0.0000,0.0000000,0.0000,0.0000000,0.0000,0.0000000,0.0000,"['C(=[O,S])[O,S]']",9
28.6254,28.3286,-28.3265,0.0000168,CCC(C)=CCC(=O)CCC(C)CC,1,,0.0000098,274.7275,0.5595077,0.5595,0.5226968,3.2438,1.0000000,1.0000,[],9
46.6375,54.9250,-54.9250,0.0000000,COc1ccc(C#Cc2ccc(C(=Cc3ccc(C=Cc4ccc(Oc5ccc(F)cc5C=O)cc4)cc3)c3ccc(C(F)(F)F)cc3)cc2)cc1,1,C(#Cc1ccc(C(=Cc2ccc(C=Cc3ccc(Oc4ccccc4)cc3)cc2)c2ccccc2)cc1)c1ccccc1,0.0000000,0.0000,0.0000000,0.0000,0.0000000,0.0000,0.0000000,0.0000,['C#C'],9
43.7126,57.9934,14.8027,0.5687196,CC(=O)Nc1ccc(N(CC(C#N)=Cc2ccco2)CC(C#N)(C#N)c2ccc(N(C)C)cc2)cc1,1,C(=Cc1ccco1)CN(CCc1ccccc1)c1ccccc1,0.5743963,403.2552,0.4425025,0.4425,0.5169919,3.2986,1.0000000,1.0000,[],9
66.9401,69.1414,-69.1414,0.0000000,CCC1CN(Cc2ccc(C(=O)Nc3c(C)nc4ccccn34)cc2)CCN1OC(=O)Nc1cc2ccccc2n1N(CC)CC,1,O=C(Nc1cc2ccccc2[nH]1)ON1CCN(Cc2ccc(C(=O)Nc3cnc4ccccn34)cc2)CC1,0.0000000,0.0000,0.0000000,0.0000,0.0000000,0.0000,0.0000000,0.0000,"['C(=[O,S])[O,S]']",9
38.0748,45.7276,16.4883,0.4860621,N#CC(C#N)=Cc1ccc2c(c1)Cc1cc(CCOc3ccc4c(c3)CCCC4)ccc1-2,1,c1ccc2c(c1)Cc1cc(CCOc3ccc4c(c3)CCCC4)ccc1-2,0.4886085,399.5052,0.3646034,0.3646,0.5837257,2.6916,1.0000000,1.0000,[],9
26.4181,28.5581,-25.9989,0.0199932,O=Cc1ccccc1-n1c2ccccc2c2ncccc21,1,c1ccc(-n2c3ccccc3c3ncccc32)cc1,0.0167647,355.7934,0.5170390,0.5170,0.6533423,2.1283,1.0000000,1.0000,[],9
31.6970,43.1957,41.5506,0.6620805,CCCCN(CCCC)c1ccc(C=Cc2cccc3c2S(=O)(=O)Oc2cc(N(CCCC)CCCC)ccc2-3)cc1,1,O=S1(=O)Oc2ccccc2-c2cccc(C=Cc3ccccc3)c21,0.7014250,409.2732,0.1232166,0.1232,0.5314102,3.1611,1.0000000,1.0000,[],9
46.2107,49.7894,-49.7894,0.0000000,CCN(CC)c1ccc(C2=C(c3ccc(C(F)(F)F)cc3)N2c2nc(C)c(C(=O)O)s2)c(O)c1,1,c1ccc(C2=C(c3ccccc3)N2c2nccs2)cc1,0.0000000,0.0000,0.0000000,0.0000,0.0000000,0.0000,0.0000000,0.0000,"['C(=[O,S])[O,S]']",9
31.5364,32.8113,-32.6799,0.0010267,Cc1cc(-c2ccccc2-c2ccc3ccccc3n2)ccc1O,1,c1ccc(-c2ccccc2-c2ccc3ccccc3n2)cc1,0.0007353,321.6700,0.5237640,0.5238,0.6852251,1.8900,1.0000000,1.0000,[],9
47.1233,50.0157,-50.0157,0.0000000,CCOC(=O)N1CCC(Nc2cn(C)c3ncnc(-c4ccc(C(=O)Nc5ccc(N6CCCCC6)cc5)cc4)c23)CC1,1,O=C(Nc1ccc(N2CCCCC2)cc1)c1ccc(-c2ncnc3[nH]cc(NC4CCNCC4)c23)cc1,0.0000000,0.0000,0.0000000,0.0000,0.0000000,0.0000,0.0000000,0.0000,"['C(=[O,S])[O,S]']",9
23.2549,22.7646,-22.7628,0.0000143,Cc1cccc2[nH]c(I)nc12,1,c1ccc2[nH]cnc2c1,0.0000081,272.7198,0.7223055,0.7223,0.5991934,2.5609,1.0000000,1.0000,[],9
56.3051,76.5737,-76.5737,0.0000000,CCCCN(C)c1ccc(-c2cc(-c3ccc(C(=O)O)cc3)n3nc(-c4ccc(C#N)cc4)c(-c4ccc(OC5CCC(C#N)(C(=O)O)CC5)cc4)c3n2)cc1,1,c1ccc(-c2cc(-c3ccccc3)n3nc(-c4ccccc4)c(-c4ccc(OC5CCCCC5)cc4)c3n2)cc1,0.0000000,0.0000,0.0000000,0.0000,0.0000000,0.0000,0.0000000,0.0000,"['C(=[O,S])[O,S]']",9
57.3601,67.9759,-67.8204,0.0012149,CCCCC1CCC(n2c(-c3cc(-c4ccnc5ccccc45)c(-c4ccc(-c5ccc(C#N)cc5)cc4)cc3C#N)nc3ccccc3c2=O)CC1,1,O=c1c2ccccc2nc(-c2ccc(-c3ccc(-c4ccccc4)cc3)c(-c3ccnc4ccccc34)c2)n1C1CCCCC1,0.0009163,324.0609,0.1582008,0.1582,0.5388582,3.0915,1.0000000,1.0000,[],9
48.0132,50.0079,-50.0079,0.0000000,CC(=CCN(CC(F)(F)F)C(=O)Cc1ccc(NC(=O)c2[nH]nc3ccccc23)cc1)C(=O)O,1,O=C(Nc1ccccc1)c1[nH]nc2ccccc12,0.0000000,0.0000,0.0000000,0.0000,0.0000000,0.0000,0.0000000,0.0000,"['C(=[O,S])[O,S]']",9
19.6405,24.8541,-24.8541,0.0000000,N#CC(=Cc1ccc2c(c1)OCO2)C(=O)O,1,c1ccc2c(c1)OCO2,0.0000000,0.0000,0.0000000,0.0000,0.0000000,0.0000,0.0000000,0.0000,"['C(=[O,S])[O,S]']",9
36.4333,43.8757,-30.2677,0.1063131,CCCCN(CCCC)c1ccc(C=Cc2cc(S(O)(O)O)c(C)cc2CC)cc1,1,C(=Cc1ccccc1)c1ccccc1,0.0991044,376.0355,0.3186738,0.3187,0.5753129,2.7642,1.0000000,1.0000,[],9
22.7096,29.1745,-23.6030,0.0435276,C(=Cc1ccc2c(c1)CCC2)c1ccc(N(c2ccccc2)c2ccccc2)cc1,1,C(=Cc1ccc2c(c1)CCC2)c1ccc(N(c2ccccc2)c2ccccc2)cc1,0.0386209,365.0982,0.3155506,0.3156,0.6539932,2.1233,1.0000000,1.0000,[],9
23.8547,26.2658,-25.9432,0.0025201,N#Cc1c(OCCBr)cccc1[N+](=O)[O-],1,c1ccccc1,0.0019021,332.0017,0.4777174,0.4777,0.6140167,2.4387,1.0000000,1.0000,[],9
32.7008,35.1081,82.6696,0.9201378,CCn1c2ccccc2c2cc(C=C3C(=O)NC(=S)N(c4cccc([N+](=O)[O-])c4)C3=O)ccc21,1,O=C1NC(=S)N(c2ccccc2)C(=O)C1=Cc1ccc2[nH]c3ccccc3c2c1,0.9821313,476.4981,0.1551189,0.1551,0.6006104,2.5490,1.0000000,1.0000,[],9
34.2633,37.8583,77.2748,0.8994773,COc1ccc2nc(N3C(=O)C(=O)C(=C(O)c4ccc(OC(C)C)c(Cl)c4)C3=O)sc2c1,1,O=C1C(=O)N(c2nc3ccccc3s2)C(=O)C1=Cc1ccccc1,0.9525243,432.5601,0.1952450,0.1952,0.5848280,2.6822,1.0000000,1.0000,[],9
52.6633,50.8956,-46.0241,0.0380587,CC(c1ccc(-c2cnn(C)c2)c(F)c1)n1cc(NC2CCC2)c(F)c(C(F)F)c1=O,1,O=c1ccc(NC2CCC2)cn1Cc1ccc(-c2cn[nH]c2)cc1,0.0331362,363.3734,0.5534314,0.5534,0.4940139,3.5260,1.0000000,1.0000,[],9
25.8277,28.1815,0.7349,0.2259093,Clc1ccc2c(c1)c(-c1ccccc1)c1ccccn12,1,c1ccc(-c2c3ccccc3n3ccccc23)cc1,0.2161601,386.0137,0.4379204,0.4379,0.6804254,1.9252,1.0000000,1.0000,[],9
31.0974,30.8527,-30.8527,0.0000000,[C-]#[N+]N=C(N)NN=Cc1ccc(Cl)cc1Cl,1,c1ccccc1,0.0000000,0.0000,0.0000000,0.0000,0.0000000,0.0000,0.0000000,0.0000,['[#7;!n][#7;!n]'],9
29.8533,28.6282,-28.6253,0.0000232,CC1CCCNC1(CN)Cc1ccccc1,1,c1ccc(CC2CCCCN2)cc1,0.0000135,278.2679,0.8134999,0.8135,0.5020732,3.4450,1.0000000,1.0000,[],9
42.1220,42.1516,-42.1516,0.0000000,c1(cc2n(cc/c2=N\C(=N)C2C=CC=CC2C)cc1)C,0,,0.0000000,0.0000,0.0000000,0.0000,0.0000000,0.0000,0.0000000,0.0000,None,9
37.4559,39.8151,17.8314,0.4503631,COc1ccc2oc(=O)c3c(-c4ncc(C)o4)oc(=O)cc3c2c1,1,O=c1cc2c(c(-c3ncco3)o1)c(=O)oc1ccccc12,0.4494814,397.7985,0.4127873,0.4128,0.5633082,2.8696,1.0000000,1.0000,[],9
33.5457,31.4879,-31.4684,0.0001523,Cc1ccc(N2CCN(C(=O)c3cc4ccccc4n3C)CC2)c(Cl)c1,1,O=C(c1cc2ccccc2[nH]1)N1CCN(c2ccccc2)CC1,0.0000979,299.7700,0.6817586,0.6818,0.6601299,2.0766,1.0000000,1.0000,[],9
42.6857,52.9980,60.9761,0.8904225,CN(C)c1ccc(-[n+]2cc(-c3ccsc3)c(-c3ccc([N+](=O)[O-])cc3)cc2-c2ccc(C=Cc3ccc(N(c4ccccc4)c4ccccc4)cc3)cc2)cc1,1,C(=Cc1ccc(N(c2ccccc2)c2ccccc2)cc1)c1ccc(-c2cc(-c3ccccc3)c(-c3ccsc3)c[n+]2-c2ccccc2)cc1,0.9822831,476.4038,0.0572115,0.0572,0.5156299,3.3118,1.0000000,1.0000,[],9
27.3754,25.4467,-25.4467,0.0000000,NC(C(=O)O)C(F)(F)C(F)(F)F,1,,0.0000000,0.0000,0.0000000,0.0000,0.0000000,0.0000,0.0000000,0.0000,"['C(=[O,S])[O,S]']",9
30.4068,36.2794,-36.2794,0.0000000,CCN(CC)c1ccc2c(=O)c3ccc(C(=O)O)oc-3cc2c1,1,O=c1c2cccoc-2cc2ccccc12,0.0000000,0.0000,0.0000000,0.0000,0.0000000,0.0000,0.0000000,0.0000,"['C(=[O,S])[O,S]']",9
45.4091,55.4311,-23.8420,0.2467894,Cc1ccc2c(c1)c1cc(C#N)ccc1n2-c1ccc2c(c1)c1ccc(-c3ccc(N(c4ccc(F)cc4)c4ccc(F)cc4)s3)cc1n2-c1ccccc1,1,c1ccc(N(c2ccccc2)c2ccc(-c3ccc4c5cc(-n6c7ccccc7c7ccccc76)ccc5n(-c5ccccc5)c4c3)s2)cc1,0.2456814,387.8204,0.1706634,0.1707,0.5314142,3.1611,1.0000000,1.0000,[],9
27.2198,27.3193,-27.3193,0.0000000,COc1cccc(C(=O)Oc2ccc3c(C)cc(=O)oc3c2)c1,1,O=C(Oc1ccc2ccc(=O)oc2c1)c1ccccc1,0.0000000,0.0000,0.0000000,0.0000,0.0000000,0.0000,0.0000000,0.0000,"['C(=[O,S])[O,S]']",9
23.6692,30.5172,26.8287,0.4480152,COc1ccc(-c2ccc3cc(N(c4ccc(OC)cc4)c4ccc(OC)cc4)ccc3n2)cc1,1,c1ccc(-c2ccc3cc(N(c4ccccc4)c4ccccc4)ccc3n2)cc1,0.4526369,397.9369,0.2521313,0.2521,0.6517457,2.1405,1.0000000,1.0000,[],9
33.6242,34.7841,-34.7698,0.0001114,CN(C)C1CCc2c(C3C4CC5CC(C4)CC3C5)ccc(O)c21,1,c1cc2c(c(C3C4CC5CC(C4)CC3C5)c1)CCC2,0.0000706,296.2269,0.8701687,0.8702,0.4080851,4.4814,1.0000000,1.0000,[],9
25.9703,29.2423,-29.1141,0.0010020,CC1(C)CCC(C)(C)c2cc(-c3ccc4[nH]c5ccccc5c4c3)ccc21,1,c1ccc2c(c1)[nH]c1ccc(-c3ccc4c(c3)CCCC4)cc12,0.0007261,321.5327,0.3683570,0.3684,0.6273248,2.3315,1.0000000,1.0000,[],9
24.2598,23.8153,-23.8149,0.0000030,CCCCCCCCCCCCCCCCCCCCCCCC1CS1,1,C1CS1,0.0000016,255.4329,0.1325191,0.1325,0.6166882,2.4170,1.0000000,1.0000,[],9
56.6930,60.9113,20.2025,0.6337017,CCCCCCCCCCCC[N+]12C(=CC=C(O)C1=CC=Cc1cc3ccccc3c(O)c1[N+](=O)[O-])Oc1ccccc12,1,C1=CC(=CC=Cc2ccc3ccccc3c2)[NH+]2C(=C1)Oc1ccccc12,0.6804687,511.7926,0.0855110,0.0855,0.4343343,4.1697,1.0000000,1.0000,[],9
30.5085,30.8812,-30.8812,0.0000000,O=C(COC(=O)c1ccc(-n2cccn2)cc1)Nc1cccc(C(=O)O)c1,1,O=C(COC(=O)c1ccc(-n2cccn2)cc1)Nc1ccccc1,0.0000000,0.0000,0.0000000,0.0000,0.0000000,0.0000,0.0000000,0.0000,"['C(=[O,S])[O,S]']",9
58.6282,70.2380,-70.2380,0.0000000,CCCCC1CCN2Oc3ccccc3C3(C(=O)N(C)C)Oc4ccc(C#Cc5ccc6[nH]ncc6c5)cc4OC2C13,1,C(#Cc1ccc2[nH]ncc2c1)c1ccc2c(c1)OC1C3CCCN1Oc1ccccc1C3O2,0.0000000,0.0000,0.0000000,0.0000,0.0000000,0.0000,0.0000000,0.0000,['C#C'],9
36.9689,37.0613,83.4980,0.9418694,CN(C)c1ccc(N2C(=O)C(=O)C(=C(O)c3ccc4c(c3)CCN4C)C2c2c[nH]c3ccccc23)cc1,1,O=C1C(=O)N(c2ccccc2)C(c2c[nH]c3ccccc23)C1=Cc1ccc2c(c1)CCN2,0.9946920,456.8189,0.2418479,0.2418,0.5420164,3.0623,1.0000000,1.0000,[],9
31.1490,32.4678,-32.4620,0.0000456,CC1(C)CCc2c(c3ccccc3n2Cc2ccccc2)C1(C)C,1,c1ccc(Cn2c3c(c4ccccc42)CCCC3)cc1,0.0000277,286.0797,0.5510167,0.5510,0.6065400,2.4999,1.0000000,1.0000,[],9
52.6644,58.2120,57.9908,0.9078350,CC(C)N(Cc1ccccc1)C(=CC(=O)C(Cc1ccc([N+](=O)[O-])cc1)=C1C=C(c2ccccc2)C(=O)c2ccccc21)c1ccccc1,1,O=C(C=C(NCc1ccccc1)c1ccccc1)C(Cc1ccccc1)=C1C=C(c2ccccc2)C(=O)c2ccccc21,0.9906945,469.3200,0.0813167,0.0813,0.5344898,3.1322,1.0000000,1.0000,[],9
66.3471,79.6948,-79.6948,0.0000000,COC(=O)c1cc(C=Cc2n[nH]c3ccc(C#Cc4ccc(N(C)C)cc4)cc23)ccc1C=Cc1cc2c(cc1C#N)-c1ccccc1C2(C#Cc1ccccc1)c1ccc(N2Cc3ccccc3C2)cc1,1,C(#Cc1ccc2[nH]nc(C=Cc3ccc(C=Cc4ccc5c(c4)C(C#Cc4ccccc4)(c4ccc(N6Cc7ccccc7C6)cc4)c4ccccc4-5)cc3)c2c1)c1ccccc1,0.0000000,0.0000,0.0000000,0.0000,0.0000000,0.0000,0.0000000,0.0000,"['C#C', 'C(=[O,S])[O,S]']",9
30.3182,36.1844,-36.0379,0.0011448,CN(C)c1ccc(Sc2ccc(N3Cc4ccccc4C3O)cc2)cc1,1,c1ccc(Sc2ccc(N3Cc4ccccc4C3)cc2)cc1,0.0008200,322.8537,0.7129443,0.7129,0.5634853,2.8681,1.0000000,1.0000,[],10
63.6595,70.0419,-70.0419,0.0000000,c1(n(nc2c3-c4c(c(C)ccc4)C(c4c(-c13)c(c(c(C)c4C)C)NC(c1ccccc1)=C2)=O)C)N,0,,0.0000000,0.0000,0.0000000,0.0000,0.0000000,0.0000,0.0000000,0.0000,None,10
54.3040,62.5958,30.7575,0.7293231,CCCCCCCCN(CCCCCC)c1ccc(-c2c3ccccc3c(C(O)=CC(C)=CC(C)=O)c3c2ccc2ccccc23)cc1,1,c1ccc(-c2c3ccccc3cc3c2ccc2ccccc23)cc1,0.8139917,416.0272,0.0274765,0.0275,0.5408868,3.0727,1.0000000,1.0000,[],10
55.9996,55.8265,-5.3010,0.3947304,CCCCNCc1cc(C=Cc2ccc(N(C)C)cc2)c2c(c1O)CC1(O)C(=O)c3c(O)c(O)cc(O)c3CC1C2,1,O=C1c2ccccc2CC2Cc3c(C=Cc4ccccc4)cccc3CC12,0.4110464,396.0952,0.1029186,0.1029,0.4329830,4.1853,1.0000000,1.0000,[],10
39.2468,38.8059,-9.2557,0.2308614,CNC(=O)c1ccccc1NC=C1C(=O)c2cc(C)ccc2S1(=O)=O,1,O=C1C(=CNc2ccccc2)S(=O)(=O)c2ccccc21,0.2174286,386.0948,0.8233316,0.8233,0.5911062,2.6288,1.0000000,1.0000,[],10
39.3517,39.8444,19.0521,0.4601285,CC(C)CNC(=O)c1cc(=O)c2cc(C(F)(F)F)cc(C=O)c2[nH]1,1,O=c1cc[nH]c2ccccc12,0.4492143,397.7868,0.8401852,0.8402,0.5832441,2.6957,1.0000000,1.0000,[],10
22.4113,23.2479,-23.1168,0.0010240,COc1cc(OC)cc(C(=O)Cc2ccccc2)c1,1,O=C(Cc1ccccc1)c1ccccc1,0.0007237,321.4962,0.7709209,0.7709,0.7204567,1.6393,1.0000000,1.0000,[],10
46.5461,58.1692,-58.1692,0.0000000,CCCCCCCCCCOc1ccc(N(c2ccccc2)c2ccc(-c3ccc(C4(CCCCCCCC)c5cc(CCCCCCCC)ccc5-c5ccc(N(c6ccc(C#Cc7ccccc7)cc6)c6ccc(-c7ccccc7)cc6)cc54)s3)cc2)cc1,1,C(#Cc1ccc(N(c2ccc(-c3ccccc3)cc2)c2ccc3c(c2)C(c2ccc(-c4ccc(N(c5ccccc5)c5ccccc5)cc4)s2)c2ccccc2-3)cc1)c1ccccc1,0.0000000,0.0000,0.0000000,0.0000,0.0000000,0.0000,0.0000000,0.0000,['C#C'],10
98.8744,106.1482,-106.1482,0.0000000,C1(C/C=C/C(=O)OC)=CC2=C(C(=C(C=C2)C2=CC(=Cc3cc[n+](CCCS(O)(=O)=O)c4ccccc34)CC2)C=n2c3ccccc3nc2C)OC1=C1SC(=C(C#N)C#N)N=C1C#N,0,,0.0000000,0.0000,0.0000000,0.0000,0.0000000,0.0000,0.0000000,0.0000,None,10
29.0557,39.4947,62.0862,0.7936012,CCCCCC[n+]1c2ccccc2c(C=C(C#N)c2nc(-c3ccccc3)cs2)c2ccccc21,1,C(=Cc1c2ccccc2[nH+]c2ccccc12)c1nc(-c2ccccc2)cs1,0.8534737,500.8681,0.0987593,0.0988,0.5711069,2.8009,1.0000000,1.0000,[],10
41.0044,45.6661,-45.6661,0.0000000,c1c2c([n+](nc(n2)Cl)-c2ccc(Cl)cc2Cl)c(c(cc1)Cl)Cl,0,,0.0000000,0.0000,0.0000000,0.0000,0.0000000,0.0000,0.0000000,0.0000,None,10
53.7080,66.0688,-66.0688,0.0000000,N(\NC(=Cc1ccc(N(C)C)cc1)C#N)=C\c1ccc(o2c3c(nc(c(C#N)n3)N)c3ccccc3c12)=O,0,,0.0000000,0.0000,0.0000000,0.0000,0.0000000,0.0000,0.0000000,0.0000,None,10
40.4575,42.0918,-41.9792,0.0008794,c1ccc(-n2c(C34CCC(n5c6ccccc6n6c7ccccc7nc56)(CC3)CC4)nc3ccccc32)cc1,1,c1ccc(-n2c(C34CCC(n5c6ccccc6n6c7ccccc7nc56)(CC3)CC4)nc3ccccc32)cc1,0.0006449,320.2451,0.2449485,0.2449,0.4704689,3.7701,1.0000000,1.0000,[],10
58.0396,68.2587,-67.8788,0.0029673,CCN(CC)c1ccc2c(-c3cc(-c4ccc(N(C)C)cc4)c(C#N)s3)c(C=C(C#N)c3[nH]c4ccccc4[n+]3CC(F)(F)F)c(=O)oc2c1,1,O=c1oc2ccccc2c(-c2cc(-c3ccccc3)cs2)c1C=Cc1[nH]c2ccccc2[nH+]1,0.0023932,585.4994,0.0927592,0.0928,0.4622136,3.8586,1.0000000,1.0000,[],10
39.2578,42.4189,-42.4189,0.0000000,C1CCc2c(C1)n1c(c(n2)-c2ccc(cc2Cl)Cl)nc2ccc(C(O)=O)cc2n1,0,,0.0000000,0.0000,0.0000000,0.0000,0.0000000,0.0000,0.0000000,0.0000,None,10
32.6268,34.6854,-22.8734,0.0922810,COCCCN1C(=O)c2ccc(N3CCC4(CCC4)CC3)cc2C1=O,1,O=C1NC(=O)c2cc(N3CCC4(CCC4)CC3)ccc21,0.0836689,374.0128,0.6094081,0.6094,0.5707956,2.8036,1.0000000,1.0000,[],10
50.9404,48.4165,-48.4165,0.0000000,CCC1(N(C(=O)O)C(C)(C)C)Cc2ccccc2C(=O)NC1CC(=O)O,1,O=C1NCCCc2ccccc21,0.0000000,0.0000,0.0000000,0.0000,0.0000000,0.0000,0.0000000,0.0000,"['C(=[O,S])[O,S]']",10
101.6341,115.4380,-115.4380,0.0000000,CCCCCCc1nc2n(C)c3c(c(=O)n2n1)C1=c2oc(c(c2C(=O)O)C(C)(C)C=C3)=CC2Cc3cc(NC(=O)CN4C(=O)c5ccccc5C4=O)c(OCCCC)cc3N12,1,O=C(CN1C(=O)c2ccccc2C1=O)Nc1ccc2c(c1)CC1C=c3oc4cc3CC=Cc3[nH]c5ncnn5c(=O)c3C=4N21,0.0000000,0.0000,0.0000000,0.0000,0.0000000,0.0000,0.0000000,0.0000,"['[*;r{8-17}]', 'C(=[O,S])[O,S]']",10
35.9286,35.3744,-35.0540,0.0025028,C=NC=CC(=CC)OCCCCCCCCCCn1cccn1,1,c1cn[nH]c1,0.0019451,332.2448,0.2062071,0.2062,0.5307509,3.1673,1.0000000,1.0000,[],10
42.9906,45.5355,74.3127,0.9363143,CN(C)c1c(Cl)c(Cl)c(Cl)c2c(Cl)c(Cl)c3c(Cl)cc(N)c(Cl)c3c(=O)c12,1,O=c1c2ccccc2ccc2ccccc12,0.9855523,445.8470,0.2740677,0.2741,0.5182161,3.2868,1.0000000,1.0000,[],10
23.7199,35.1295,-33.3795,0.0136718,CCCCCCOc1ccc(N(c2ccc(Nc3ccc(Oc4ccccc4)cc3)cc2)c2ccc(OCCCCCC)cc2)cc1,1,c1ccc(Oc2ccc(Nc3ccc(N(c4ccccc4)c4ccccc4)cc3)cc2)cc1,0.0118770,351.9974,0.0921728,0.0922,0.6249940,2.3501,1.0000000,1.0000,[],10
66.1510,69.2296,-69.2296,0.0000000,CC1=C[C@@H]2C3C(C(CC3=Cc3c2c2c4c(cccc4)cc4c2c(C3C(C)C)ccc4)C)(C)C=1,0,,0.0000000,0.0000,0.0000000,0.0000,0.0000000,0.0000,0.0000000,0.0000,None,10
32.2214,36.0984,15.5250,0.4033076,COc1ccc2c(c1)C(C#N)(C#N)c1cc(N(C)C)ccc1S2,1,c1ccc2c(c1)Cc1ccccc1S2,0.3913175,395.2035,0.8461785,0.8462,0.5565319,2.9302,1.0000000,1.0000,[],10
33.9409,36.1072,61.6836,0.7639901,CCCCN(CCCC)c1ccc(C=Cc2ccc(C=Cc3ccc(N(c4ccccc4)c4ccc(Cl)cc4)cc3)cc2)cc1,1,C(=Cc1ccc(C=Cc2ccc(N(c3ccccc3)c3ccccc3)cc2)cc1)c1ccccc1,0.8149236,416.0941,0.1153613,0.1154,0.6070782,2.4955,1.0000000,1.0000,[],10
46.8333,50.9085,-17.3653,0.2620561,C=CNc1cc(-c2ccc3c(ccn3CCOC)c2)cc(N(C)c2ccccc2)c1N=C,1,c1ccc(Nc2cccc(-c3ccc4[nH]ccc4c3)c2)cc1,0.2567627,388.4601,0.3074281,0.3074,0.5436623,3.0471,1.0000000,1.0000,[],10
31.9698,35.0688,-35.0688,0.0000000,O=[N+]([O-])c1cc(Cl)cc(Cl)c1NN=Cc1cc(-c2ccccc2)nc2ccccc12,1,C(=NNc1ccccc1)c1cc(-c2ccccc2)nc2ccccc12,0.0000000,0.0000,0.0000000,0.0000,0.0000000,0.0000,0.0000000,0.0000,['[#7;!n][#7;!n]'],10
56.3087,57.0971,-56.5683,0.0041312,CC12C=CC(=O)C=C1CCC1CCC3(O)C(O)C(O)CC(=O)C3(CO)C1C2c1ccc(O)cc1,1,O=C1C=CC2C(=C1)CCC1CCC3CCCC(=O)C3C1C2c1ccccc1,0.0032419,337.8052,0.4463922,0.4464,0.3685168,4.9913,1.0000000,1.0000,[],10
55.3407,54.6919,-54.6919,0.0000000,C=CCC#Cc1c(F)c(F)c(Cl)c2c1CC1C(N)=NCC(=O)N21,1,O=C1CN=CC2Cc3ccccc3N12,0.0000000,0.0000,0.0000000,0.0000,0.0000000,0.0000,0.0000000,0.0000,['C#C'],10
50.2679,57.6458,-55.9785,0.0130257,COc1ccc(C(=O)c2c(Cl)ccc(C)c2OCC(=O)Nc2ccc3c(=N)oc(-c4ccccc4)cc3c2)cc1OC,1,N=c1oc(-c2ccccc2)cc2cc(NC(=O)COc3ccccc3C(=O)c3ccccc3)ccc12,0.0110609,351.2155,0.1847696,0.1848,0.5753643,2.7638,1.0000000,1.0000,[],10
39.1145,46.8433,53.8779,0.7868841,COc1cc(C=Cc2ccc3c(OC)c4ccccc4c(-c4ccc5ccccc5c4)c3n2)cc(O)c1OC,1,C(=Cc1ccc2cc3ccccc3c(-c3ccc4ccccc4c3)c2n1)c1ccccc1,0.8234169,416.7168,0.2280056,0.2280,0.5843616,2.6862,1.0000000,1.0000,[],10
32.7054,40.5475,53.8447,0.7374387,CC(=O)Cn1c2cc3ccccc3cc2c2cc(N(c3ccccc3)c3ccccc3)c3ccccc3c21,1,c1ccc(N(c2ccccc2)c2cc3c4cc5ccccc5cc4[nH]c3c3ccccc23)cc1,0.7672443,412.9508,0.2402747,0.2403,0.6037855,2.5227,1.0000000,1.0000,[],10
22.8702,23.5855,-23.3997,0.0014515,Nc1ccccc1C(=O)NC1CCCCCC1,1,O=C(NC1CCCCCC1)c1ccccc1,0.0010529,325.5706,0.6081959,0.6082,0.7123060,1.6962,1.0000000,1.0000,[],10
21.8085,21.3234,-21.3233,0.0000004,C=CCC(=C)CCCO,1,,0.0000002,231.9552,0.5576059,0.5576,0.5391113,3.0892,1.0000000,1.0000,[],10
36.0523,35.6431,-35.6339,0.0000718,Cc1cc(C(F)(F)F)nn1-c1cccc(CNC(=O)C2(c3ccc4c(c3)OCO4)CC2)c1,1,O=C(NCc1cccc(-n2cccn2)c1)C1(c2ccc3c(c2)OCO3)CC1,0.0000445,291.2166,0.6396060,0.6396,0.5953765,2.5928,1.0000000,1.0000,[],10
40.3836,50.0191,66.3488,0.9091242,CCCCCCCCn1c(=O)nc2n(CCCC)c(N)c(C#N)c(-c3ccc(N(C)C)cc3)c-2c1=O,1,O=c1nc2[nH]ccc(-c3ccccc3)c-2c(=O)[nH]1,0.9452787,430.9351,0.3632227,0.3632,0.5646874,2.8574,1.0000000,1.0000,[],10
32.2722,33.4414,-33.4414,0.0000000,c1cnc(-n2c3ccccc3c3ccccc3n3c4ccccc4c4cccc2c43)nc1,1,c1cnc(-n2c3ccccc3c3ccccc3n3c4ccccc4c4cccc2c43)nc1,0.0000000,0.0000,0.0000000,0.0000,0.0000000,0.0000,0.0000000,0.0000,['[*;r{8-17}]'],10
43.1299,50.3445,66.0960,0.9096907,COc1ccc(N(c2ccc(F)cc2)c2ccc3ccc4c5ccc(C)cc5c(-c5ccc(C)s5)c5ccc2c3c54)cc1,1,c1ccc(N(c2ccccc2)c2ccc3ccc4c5ccccc5c(-c5cccs5)c5ccc2c3c54)cc1,0.9724547,438.6956,0.1489922,0.1490,0.5769624,2.7499,1.0000000,1.0000,[],10
32.0670,30.7234,-30.7234,0.0000000,O=C(O)c1cccc2c(C(F)(F)F)nn(Cc3ccc(F)cc3)c12,1,c1ccc(Cn2ncc3ccccc32)cc1,0.0000000,0.0000,0.0000000,0.0000,0.0000000,0.0000,0.0000000,0.0000,"['C(=[O,S])[O,S]']",10
33.2506,38.1660,83.6733,0.9518696,CCN(CCO)c1ccc(N=Nc2cc(C=C3NC(=O)NC3=O)ccc2O)cc1,1,O=C1NC(=O)C(=Cc2cccc(N=Nc3ccccc3)c2)N1,0.9959514,459.7733,0.3257139,0.3257,0.5537417,2.9553,1.0000000,1.0000,[],10
55.9232,73.0923,-73.0923,0.0000000,CCCN(CCC)c1cc2c(cc1OC)N(Cc1ccc(-c3ccc(N(c4ccc(OCC)cc4)c4cccc5ccccc45)cc3)s1)C(=O)OC2=CC=Cc1ccc(N(CC)CC)cc1,1,O=C1OC(=CC=Cc2ccccc2)c2ccccc2N1Cc1ccc(-c2ccc(N(c3ccccc3)c3cccc4ccccc34)cc2)s1,0.0000000,0.0000,0.0000000,0.0000,0.0000000,0.0000,0.0000000,0.0000,"['C(=[O,S])[O,S]']",10
29.9574,31.4847,-31.4847,0.0000000,N#CCN(C#N)C(N)=NC(=O)O,1,,0.0000000,0.0000,0.0000000,0.0000,0.0000000,0.0000,0.0000000,0.0000,"['C(=[O,S])[O,S]']",10
38.3901,44.8934,-44.8934,0.0000000,COc1ccc(C=CN2C(C#N)C3=C(C(=O)O)N(C(C)=O)C2SC3)cc1,1,C(=CN1CC2=CNC1SC2)c1ccccc1,0.0000000,0.0000,0.0000000,0.0000,0.0000000,0.0000,0.0000000,0.0000,"['C(=[O,S])[O,S]']",10
48.3184,67.4378,-67.4378,0.0000000,CCCCN(C)c1ccc(-c2nc(-c3ccc(N(CCCC)CCCC)cc3)nc3cc4c(cc23)N(c2ccc(OC)cc2)C(=O)SC4O)cc1,1,O=C1SCc2cc3nc(-c4ccccc4)nc(-c4ccccc4)c3cc2N1c1ccccc1,0.0000000,0.0000,0.0000000,0.0000,0.0000000,0.0000,0.0000000,0.0000,"['C(=[O,S])[O,S]']",10
47.5351,54.5758,40.2752,0.7410229,COc1ccc(C(C)=O)cc1N1C(=O)CC(=O)C(=Cc2ccc(N(O)O)cc2)C1=Nc1ccccc1C,1,O=C1CC(=O)N(c2ccccc2)C(=Nc2ccccc2)C1=Cc1ccccc1,0.7760295,413.4922,0.2139852,0.2140,0.5330780,3.1454,1.0000000,1.0000,[],10
65.6848,77.0274,-77.0274,0.0000000,CCCCC(CC)CN(CC(CC)CCCC)c1ccc(NNc2ccc3c(N(Cc4ccccc4)C(C)(C)C#N)c4ccccc4c(-c4cc5ccc(N(c6ccccc6)c6ccccc6)cc5c5ccccc45)c3c2)cc1,1,c1ccc(CNc2c3ccccc3c(-c3cc4ccc(N(c5ccccc5)c5ccccc5)cc4c4ccccc34)c3cc(NNc4ccccc4)ccc23)cc1,0.0000000,0.0000,0.0000000,0.0000,0.0000000,0.0000,0.0000000,0.0000,['[#7;!n][#7;!n]'],10
63.7196,75.2009,-75.2009,0.0000000,CCCCCCCCCCCCOc1ccc2c3c4c5c(-c6ccc(N(c7ccc(OCC)cc7)c7ccc(-c8ccccc8)cc7)cc6)ccc(c(-c6ccc7oc8ccccc8c7c6)cc4c4ccccc24)C=3c1-5,1,c1ccc(-c2ccc(N(c3ccccc3)c3ccc(-c4ccc5c(-c6ccc7oc8ccccc8c7c6)cc6c7c4-c4cccc(c7=C45)c4ccccc46)cc3)cc2)cc1,0.0000000,0.0000,0.0712939,0.0713,0.3637230,5.0568,1.0000000,1.0000,[],10
39.7644,44.2604,76.0540,0.9399561,COc1cc(N=Nc2cc(NC(C)=O)c3ccc4ccccc4c3c2O)cc(OC)c1O,1,c1ccc(N=Nc2ccc3ccc4ccccc4c3c2)cc1,0.9956686,459.0371,0.2101045,0.2101,0.5771269,2.7485,1.0000000,1.0000,[],10
69.6776,78.3055,-70.2686,0.0627877,COc1ccc(C2(O)C(c3ccc(N(c4ccc(F)cc4)c4ccc(Cl)cc4)cc3)=C(c3ccc(C#N)cc3)C3CCCC(=Cc4ccc(C#N)c(F)c4F)C32)cc1,1,C(=C1CCCC2C(c3ccccc3)=C(c3ccc(N(c4ccccc4)c4ccccc4)cc3)C(c3ccccc3)C12)c1ccccc1,0.0585261,369.8385,0.1660709,0.1661,0.4113380,4.4417,1.0000000,1.0000,[],10
35.3611,38.6159,-38.6159,0.0000000,Nc1c(Cl)c(C(=O)O)c(Cl)c(C(=O)NC(=O)CCl)c1Cl,1,c1ccccc1,0.0000000,0.0000,0.0000000,0.0000,0.0000000,0.0000,0.0000000,0.0000,"['C(=[O,S])[O,S]']",10
73.3084,77.0161,-77.0161,0.0000000,Cc1ccc(-c2ccc3c(N4C(=O)Oc5cccc(-c6ccc(-c7c8ccccc8c(-c8ccc(C)cc8)c8ccccc78)cc6)c5C4(C)C)c(O)n(-c4ccc(C)cc4)c3c2O)cc1,1,O=C1Oc2cccc(-c3ccc(-c4c5ccccc5c(-c5ccccc5)c5ccccc45)cc3)c2CN1c1cn(-c2ccccc2)c2cc(-c3ccccc3)ccc12,0.0000000,0.0000,0.0000000,0.0000,0.0000000,0.0000,0.0000000,0.0000,"['C(=[O,S])[O,S]']",10
39.2497,43.1134,-41.0970,0.0157534,Nc1ccc(-c2ccc(C=Cc3cccc(-c4cccs4)c3O)cc2)nc1,1,C(=Cc1cccc(-c2cccs2)c1)c1ccc(-c2ccccn2)cc1,0.0131288,353.0992,0.4373835,0.4374,0.6190373,2.3979,1.0000000,1.0000,[],10
34.0730,37.5765,-36.1151,0.0114177,Cn1c(Cc2ccc3ccccc3c2C#N)cc2ccccc2c1=O,1,O=c1[nH]c(Cc2ccc3ccccc3c2)cc2ccccc12,0.0092835,349.2940,0.5557740,0.5558,0.6242807,2.3558,1.0000000,1.0000,[],10
22.0278,27.7488,86.2489,0.8906066,Cc1ccc(C(=O)C=Cc2ccc(N(c3ccc(C)cc3)c3ccc(C)cc3)cc2)cc1,1,O=C(C=Cc1ccc(N(c2ccccc2)c2ccccc2)cc1)c1ccccc1,0.9346885,428.8919,0.2340556,0.2341,0.6662534,2.0304,1.0000000,1.0000,[],10
76.5612,77.8710,-19.8534,0.4532621,Cc1cc(C(C)(C)C)ccc1N1c2cc(B3OC(C)(C)C(C)(C)O3)ccc2[NH+](F)c2nc(N3c4ccccc4Sc4ccccc43)cc(-c3ccccc3)c21,1,c1ccc(-c2cc(N3c4ccccc4Sc4ccccc43)nc3c2N(c2ccccc2)c2cc(B4OCCO4)ccc2[NH2+]3)cc1,0.4710078,398.7395,0.1428646,0.1429,0.4132862,4.4181,1.0000000,1.0000,[],10
48.5437,51.1007,-48.6100,0.0194584,c1ccc(N2c3ccccc3Oc3cc(-c4ccc5c(c4)c4cc6c(cc4n5-c4ccc(P(c5ccccc5)c5ccccc5)cc4)Oc4ccccc4O6)ccc32)cc1,1,c1ccc(N2c3ccccc3Oc3cc(-c4ccc5c(c4)c4cc6c(cc4n5-c4ccc(P(c5ccccc5)c5ccccc5)cc4)Oc4ccccc4O6)ccc32)cc1,0.0170007,355.9478,0.1572146,0.1572,0.5169352,3.2992,1.0000000,1.0000,[],10
87.8969,97.5491,-86.0075,0.0901686,[C-]#[N+]c1ccc2c(c1)N(Cc1ccc(N3C(=O)C=C(C=O)CC3c3ccc(-c4cc(C5CCCC(C)(C)C5)[nH]n4)cc3)cc1)CCc1cc(OC)c(C(C)(C)C)cc1-2,1,O=C1C=CCC(c2ccc(-c3cc(C4CCCCC4)[nH]n3)cc2)N1c1ccc(CN2CCc3ccccc3-c3ccccc32)cc1,0.0864795,374.4049,0.1254472,0.1254,0.3996609,4.5857,1.0000000,1.0000,[],10
27.6346,28.8575,-28.8575,0.0000000,c1ccc2c(c1)N=Nc1ccc3cccc-2c3c1,1,c1ccc2c(c1)N=Nc1ccc3cccc-2c3c1,0.0000000,0.0000,0.0000000,0.0000,0.0000000,0.0000,0.0000000,0.0000,['[*;r{8-17}]'],10
24.4887,22.7754,-22.7754,0.0000002,O=C(NCCO)C1(O)CCCCC1,1,C1CCCCC1,0.0000001,225.3938,0.5723294,0.5723,0.6092482,2.4776,1.0000000,1.0000,[],10
26.8660,26.8227,-26.8227,0.0000000,O=C(O)C1CN(C(=O)c2ccsc2)CCCO1,1,O=C(c1ccsc1)N1CCCOCC1,0.0000000,0.0000,0.0000000,0.0000,0.0000000,0.0000,0.0000000,0.0000,"['C(=[O,S])[O,S]']",10
54.4208,56.9636,-56.4195,0.0042513,CNc1ccc(-n2c(=O)n(C)c3ccccc32)cc1N(CC#N)C(=O)c1cnn2ccccc12,1,O=C(Nc1cccc(-n2c(=O)[nH]c3ccccc32)c1)c1cnn2ccccc12,0.0033211,338.0682,0.4138213,0.4138,0.5491765,2.9967,1.0000000,1.0000,[],10
82.6715,90.1520,-90.1520,0.0000000,COc1ccc(S(=O)(=O)N(C)C)cc1-c1nc(-c2ccc3oc4cccc5ncnc(ccc6c(C7=CCCCC7)c(c3c2)=N6)c54)nnc1C#N,1,C1=C(c2c3ccc4ncnc5cccc(oc6ccc(-c7nncc(-c8ccccc8)n7)cc6c2=N3)c54)CCCC1,0.0000000,0.0000,0.0000000,0.0000,0.0000000,0.0000,0.0000000,0.0000,['[*;r{8-17}]'],10
37.5399,38.1216,-35.5441,0.0201363,Nn1c(SCc2cccs2)nc2cc(-c3ccc(Cl)cc3)sc2c1=O,1,O=c1[nH]c(SCc2cccs2)nc2cc(-c3ccccc3)sc12,0.0172140,356.0856,0.2993863,0.2994,0.6028554,2.5304,1.0000000,1.0000,[],10
45.5880,46.9091,-40.3785,0.0510202,C=C(C)SC=CC1=C(SCCO)CC(C)(C)C=C1,1,C1=CCCC=C1,0.0447997,366.7795,0.7600975,0.7601,0.4268052,4.2571,1.0000000,1.0000,[],10
32.9738,33.1742,-33.1742,0.0000000,CN(C)C(=O)C1CC2CCCCC2CN1C(=O)OC(C)(C)C,1,C1CCC2CNCCC2C1,0.0000000,0.0000,0.0000000,0.0000,0.0000000,0.0000,0.0000000,0.0000,"['C(=[O,S])[O,S]']",10
31.9435,35.6400,83.7572,0.9327901,COc1ccc(CC2=C(Nc3ccc(N(C)C)cc3)C(=O)N(c3ccc(C)cc3)C2=O)cc1,1,O=C1C(Cc2ccccc2)=C(Nc2ccccc2)C(=O)N1c1ccccc1,0.9568156,433.6375,0.5452139,0.5452,0.6237420,2.3601,1.0000000,1.0000,[],11
22.8925,24.9733,-24.9471,0.0002048,Brc1cccc(-c2cnc3ccccc3c2)c1,1,c1ccc(-c2cnc3ccccc3c2)cc1,0.0001338,303.1653,0.6327539,0.6328,0.7127190,1.6933,1.0000000,1.0000,[],11
48.0325,47.3667,49.2526,0.7548382,Cc1ccc2nc3c(cc2c1)-c1[nH]c(=S)[nH]c(=O)c1C=C(c1ccccc1)C3,1,O=c1[nH]c(=S)[nH]c2c1C=C(c1ccccc1)Cc1nc3ccccc3cc1-2,0.7722216,413.2557,0.4521053,0.4521,0.5521951,2.9693,1.0000000,1.0000,[],11
26.6247,26.8034,-26.8034,0.0000000,N#CCn1c(SCC(=O)O)nc2ccccc2c1=O,1,O=c1[nH]cnc2ccccc12,0.0000000,0.0000,0.0000000,0.0000,0.0000000,0.0000,0.0000000,0.0000,"['C(=[O,S])[O,S]']",11
27.4416,32.4694,48.9970,0.6364568,CCCOc1ccccc1N1C(=O)C(=O)C(=C(O)c2ccc3c(c2)CC(C)O3)C1=O,1,O=C1C(=O)N(c2ccccc2)C(=O)C1=Cc1ccc2c(c1)CCO2,0.6561294,407.0149,0.2689899,0.2690,0.5455593,3.0297,1.0000000,1.0000,[],11
100.4502,116.7290,-70.5888,0.3604699,Cc1cc2c(cc1NC(=O)C(NC(=O)C1CCN1c1cccc3cccc(N(C)C)c13)c1ccc3cc4sc(-c5ccc(N6CCCC(C)C6)cc5)nc4cc3c1)NC(=O)C21CCN(C(=O)c2ccnc(F)c2)C1,1,O=C(Nc1ccc2c(c1)NC(=O)C21CCN(C(=O)c2ccncc2)C1)C(NC(=O)C1CCN1c1cccc2ccccc12)c1ccc2cc3sc(-c4ccc(N5CCCCC5)cc4)nc3cc2c1,0.3745261,394.4318,0.1141574,0.1142,0.3286937,5.5631,1.0000000,1.0000,[],11
45.2110,51.5326,-44.4099,0.0556458,C=CCN1Cc2cc(C=Cc3ccc(-c4ccccc4S(=O)(=O)O)cc3S(=O)(=O)O)ccc2NC1=O,1,O=C1NCc2cc(C=Cc3ccc(-c4ccccc4)cc3)ccc2N1,0.0506727,368.1840,0.2329345,0.2329,0.5546031,2.9475,1.0000000,1.0000,[],11
89.3919,96.4640,-96.4640,0.0000000,COCCNc1cc(-c2c3ccc(-c4ccc5c(c4)N(C(N)=S)N(Cc4cccnc4)C(C)(C)C5)cc3n3ccccc23)cc2c(=O)c3ccccc3sc12,1,O=c1c2ccccc2sc2ccc(-c3c4ccc(-c5ccc6c(c5)NN(Cc5cccnc5)CC6)cc4n4ccccc34)cc12,0.0000000,0.0000,0.0000000,0.0000,0.0000000,0.0000,0.0000000,0.0000,['[#7;!n][#7;!n]'],11
32.1370,38.7074,-35.2700,0.0268545,CCCCCCCCCCCCCCCCCCCCCCCNc1ccc(-c2ccc(N(CCCC)CCCC)cc2)nc1,1,c1ccc(-c2ccccn2)cc1,0.0242582,359.8881,0.0850955,0.0851,0.5959173,2.5883,1.0000000,1.0000,[],11
56.4423,61.0218,-8.0050,0.4141938,Cc1nc2ncccc2cc1-c1cccc(C(=O)C2=Cc3c(-c4cccc(Br)c4)ccc4cccc2c34)c1,1,O=C(C1=Cc2c(-c3ccccc3)ccc3cccc1c23)c1cccc(-c2cnc3ncccc3c2)c1,0.4208249,396.5323,0.2048333,0.2048,0.5600935,2.8983,1.0000000,1.0000,[],11
57.9344,67.7582,-67.7582,0.0000000,C1CC(CO1)Nc1cc(c(-c2nc3c(c4nc5c(cccc5)nc-4c2)cc(cc3)N(CCCCCC)CCCCCC)cn1)C#N,0,,0.0000000,0.0000,0.0000000,0.0000,0.0000000,0.0000,0.0000000,0.0000,None,11
31.9983,28.8866,-28.8866,0.0000000,O=C1NC(=S)SC1=Cc1ccccc1OCC1CCCO1,1,O=C1NC(=S)SC1=Cc1ccccc1OCC1CCCO1,0.0000000,0.0000,0.0000000,0.0000,0.0000000,0.0000,0.0000000,0.0000,"['C(=[O,S])[O,S]']",11
24.7098,26.0239,-26.0123,0.0000907,Cc1cccc(CC(=O)C2(C#N)CCCC2)c1,1,O=C(Cc1ccccc1)C1CCCC1,0.0000565,293.8104,0.7952718,0.7953,0.6150843,2.4300,1.0000000,1.0000,[],11
65.5634,81.9530,-73.2062,0.0683345,CCCCN(CCCC)c1cc(N(CC)CC)ccc1-c1ccc(NC(=O)c2ccc(CN(C(=O)C(C(C)=O)C(C)=O)c3ccccc3C(F)(F)F)cc2)c(C)c1C#N,1,O=C(Nc1ccc(-c2ccccc2)cc1)c1ccc(CNc2ccccc2)cc1,0.0649159,371.0375,0.0938390,0.0938,0.4861483,3.6062,1.0000000,1.0000,[],11
68.2104,81.4768,-81.4768,0.0000000,CCCCCCCCCCN1C(=O)C(=Cc2c(-c3ccc(-c4ccc(N(c5ccc(OCCCCC)cc5)c5ccc(OCCCCCCCC)cc5)cc4)s3)ccc(Oc3ccc(N=Nc4ccc(N(CC)CC)cc4)c(F)c3)c2F)SC1=S,1,O=C1NC(=S)SC1=Cc1cc(Oc2ccc(N=Nc3ccccc3)cc2)ccc1-c1ccc(-c2ccc(N(c3ccccc3)c3ccccc3)cc2)s1,0.0000000,0.0000,0.0000000,0.0000,0.0000000,0.0000,0.0000000,0.0000,"['C(=[O,S])[O,S]']",11
46.2784,48.7328,-48.7328,0.0000000,Cc1c(O)c2c(c(O)c1C=O)CC(O)C(C)C2(O)C(=O)OC(C)(C)C,1,c1ccc2c(c1)CCCC2,0.0000000,0.0000,0.0000000,0.0000,0.0000000,0.0000,0.0000000,0.0000,"['C(=[O,S])[O,S]']",11
56.7190,65.9905,-65.9905,0.0000000,COc1cc(OCC(=O)C(=Cc2ccc(OC)c(OC)c2)C(=O)O)ccc1CC=NN=Cc1ccc(N(c2ccccc2)c2ccccc2)cc1,1,O=C(C=Cc1ccccc1)COc1ccc(CC=NN=Cc2ccc(N(c3ccccc3)c3ccccc3)cc2)cc1,0.0000000,0.0000,0.0000000,0.0000,0.0000000,0.0000,0.0000000,0.0000,"['[#7;!n][#7;!n]', 'C(=[O,S])[O,S]']",11
28.0767,36.5227,-36.3645,0.0012360,Cc1ccc(-c2c(-c3ccc(N(C)C)cc3)nnn2-c2ccc(-c3ccc(N(c4ccccc4)c4ccccc4)cc3)cc2)cc1,1,c1ccc(-c2nnn(-c3ccc(-c4ccc(N(c5ccccc5)c5ccccc5)cc4)cc3)c2-c2ccccc2)cc1,0.0009279,324.1973,0.1746832,0.1747,0.6041984,2.5193,1.0000000,1.0000,[],11
36.0385,33.9615,-33.6892,0.0021272,CN(C(=O)c1cc[nH]c(=O)c1)c1ncccc1O,1,O=C(Nc1ccccn1)c1cc[nH]c(=O)c1,0.0015661,329.8878,0.8170767,0.8171,0.5859947,2.6722,1.0000000,1.0000,[],11
32.8777,38.4035,14.9422,0.4167629,CCCN(CCC)c1ccc(N=CC=C(C#N)S(=O)(=O)c2ccc(Cl)cc2)cc1,1,O=S(=O)(C=CC=Nc1ccccc1)c1ccccc1,0.4150062,523.7274,0.3865375,0.3865,0.5702596,2.8083,1.0000000,1.0000,[],11
84.1542,87.8739,-87.8739,0.0000000,BrC1C(C(Br)C=C(C=1OC)c1coc2ccc3cccc4ccc1c24)=c1cc2=CC=NN=c2cc2c3=C1C=CC=C2,0,,0.0000000,0.0000,0.0000000,0.0000,0.0000000,0.0000,0.0000000,0.0000,None,11
60.2528,67.9598,-67.9598,0.0000000,COc1cc2sc3ccc4c(c3c2cc1OC)-c1cccc2c1sc1c-4cc(S(=O)(=O)O)cc12,1,c1ccc2c(c1)sc1ccc3c(c12)-c1cccc2c1sc1c-3cccc12,0.0000000,0.0000,0.2550396,0.2550,0.4404958,4.0993,1.0000000,1.0000,[],11
41.4663,43.7690,-43.7690,0.0000000,CSN=c1oc2sc3cc(-c4cccs4)ccc3c2c2ccccc12,1,N=c1oc2sc3cc(-c4cccs4)ccc3c2c2ccccc12,0.0000000,0.0000,0.0000000,0.0000,0.0000000,0.0000,0.0000000,0.0000,['[#7;!n][S;!$(S(=O)=O)]'],11
54.9779,58.9803,25.5165,0.6601314,CCN(CC)c1ccc(N=Nc2ccc(N)cc2N2C(=O)c3ccc4c5c(ccc(c35)C2=O)C(=O)N(c2ccc(NC(=O)C(C)(C)CC)cc2)C4=O)cc1,1,O=C1c2ccc3c4c(ccc(c24)C(=O)N1c1ccccc1)C(=O)N(c1ccccc1N=Nc1ccccc1)C3=O,0.7087208,510.3459,0.0829764,0.0830,0.5075961,3.3903,1.0000000,1.0000,[],11
31.0242,42.2712,76.1325,0.9250291,CCCCN(CCCC)c1ccc(-c2nc3cc(C(F)(F)F)ccc3nc2-c2ccccc2O)cc1,1,c1ccc(-c2nc3ccccc3nc2-c2ccccc2)cc1,0.9720862,438.5471,0.2559365,0.2559,0.6019962,2.5375,1.0000000,1.0000,[],11
70.5095,81.7924,-50.9844,0.2406874,COc1ccc(C2=c3ccccc3=C3Sc4c2sc(-c2cc(N(Cc5ccc(I)cc5)C(=S)NC5CCCCC5)ccc2N(CC(C)C)CC(C)C)c43)cc1,1,S=C(NC1CCCCC1)N(Cc1ccccc1)c1cccc(-c2sc3c4c2C(=c2ccccc2=C3c2ccccc2)S4)c1,0.2450454,532.2169,0.0990901,0.0991,0.3885254,4.7270,1.0000000,1.0000,[],11
35.5447,38.0545,-36.5494,0.0117587,O=C1NC(=O)c2c(CNC(O)c3ccccc3)sc3cccc1c23,1,O=C1NC(=O)c2c(CNCc3ccccc3)sc3cccc1c23,0.0096391,349.7061,0.5045860,0.5046,0.5269731,3.2030,1.0000000,1.0000,[],11
46.5831,53.7521,63.1945,0.9136450,COc1ccc(S(N)(=O)=O)cc1N=c1oc2cc(N(C)C)ccc2n2c(=O)cc(-c3ccccc3)nc12,1,O=c1cc(-c2ccccc2)nc2c(=Nc3ccccc3)oc3ccccc3n12,0.9512479,432.2575,0.3543876,0.3544,0.5568071,2.9277,1.0000000,1.0000,[],11
22.2628,23.7478,-23.4104,0.0026361,Clc1cc(Cl)c2nc(-c3ccccc3)ccc2c1,1,c1ccc(-c2ccc3ccccc3n2)cc1,0.0019754,332.4131,0.5932881,0.5933,0.6983247,1.7954,1.0000000,1.0000,[],11
26.5642,26.0435,-25.9710,0.0005663,CCc1cc(C)nc2o[nH]c(=O)c12,1,O=c1[nH]oc2ncccc12,0.0003909,314.8058,0.7173171,0.7173,0.5564675,2.9307,1.0000000,1.0000,[],11
46.2958,51.8597,-47.1611,0.0367077,CN(C)c1c(C(c2ccccc2)c2cc3c(o2)OCCO3)c(=O)c2ccccc2n1C,1,O=c1c(C(c2ccccc2)c2cc3c(o2)OCCO3)c[nH]c2ccccc12,0.0320067,362.9842,0.5003075,0.5003,0.4898459,3.5683,1.0000000,1.0000,[],11
41.3561,44.5726,-44.5726,0.0000000,CC(C)C1C(=O)N(C2=C(CSc3cnccc3Cl)C(C(=O)O)C2=O)C1=O,1,O=C1CC(CSc2cccnc2)=C1N1C(=O)CC1=O,0.0000000,0.0000,0.0000000,0.0000,0.0000000,0.0000,0.0000000,0.0000,"['C(=[O,S])[O,S]']",11
60.5742,66.3123,-66.3123,0.0000000,c1(N(c2ccc3c4c5c(ccc6c3c(cc4)c26)cc(-c2ccc(N(c3cc(C#C)ccc3)c3ccc(cc3)F)cc2)c2ccc(cc2)C#N)c2ccccc2)ccc(C#N)cc1,0,,0.0000000,0.0000,0.0000000,0.0000,0.0000000,0.0000,0.0000000,0.0000,None,11
27.4515,30.4425,4.2706,0.2711957,CN1CCN(c2cccc3nc4ccccc4c(N)c23)CC1,1,c1ccc2nc3cccc(N4CCNCC4)c3cc2c1,0.2583623,388.5509,0.7005304,0.7005,0.6532987,2.1286,1.0000000,1.0000,[],11
34.4690,41.5102,-26.0259,0.1209705,CCCCCCCCNc1cc(C#N)nc2c(C#N)c(N)ccc12,1,c1ccc2ncccc2c1,0.1115458,377.4705,0.5565828,0.5566,0.5776336,2.7441,1.0000000,1.0000,[],11
54.1018,70.2228,5.5251,0.5917805,COc1ccc(N(c2ccc(-c3nc(C#N)c(-c4cccnc4)s3)cc2)c2cccc(-c3ccc(C=C4C(=O)c5ccc(C(C)(C)C)cc5C4=O)s3)c2)cc1,1,O=C1C(=Cc2ccc(-c3cccc(N(c4ccccc4)c4ccc(-c5ncc(-c6cccnc6)s5)cc4)c3)s2)C(=O)c2ccccc21,0.6257004,514.4213,0.1125247,0.1125,0.5055431,3.4106,1.0000000,1.0000,[],11
54.5928,59.6580,5.5209,0.5092100,CCCOc1ccc(OC)c(NC(=O)c2cc(N(CC)CC)cc(-c3ccc(N(CC)CC)cc3)c2O)c1Cl,1,O=C(Nc1ccccc1)c1cccc(-c2ccccc2)c1,0.5209498,400.9104,0.2287792,0.2288,0.5726903,2.7871,1.0000000,1.0000,[],11
46.5292,51.4589,66.6898,0.9230366,COc1ccc2c(OC)c3ccc(N4CCCC4)cc3c(P(c3ccccc3)c3ccccc3)c2c1C=O,1,c1ccc(P(c2ccccc2)c2c3ccccc3cc3ccc(N4CCCC4)cc23)cc1,0.9888285,471.3247,0.1462487,0.1462,0.5559837,2.9351,1.0000000,1.0000,[],11
37.1847,35.7932,-30.5910,0.0406424,NC(=O)c1c(NS(=O)(=O)c2ccc(Br)s2)ccc2nccnc12,1,O=S(=O)(Nc1ccc2nccnc2c1)c1cccs1,0.0351335,364.0313,0.6815294,0.6815,0.5983903,2.5676,1.0000000,1.0000,[],11
38.7725,53.9097,62.1824,0.9069694,COc1ccc(N(c2ccc(C=Cc3ccc(C=C(c4ccc(N(c5ccccc5)c5ccccc5)cc4)c4ccc(N(c5ccccc5)c5ccccc5)cc4C#N)s3)cc2)c2ccc(OCc3ccccc3)cc2)cc1,1,C(=Cc1ccc(C=C(c2ccc(N(c3ccccc3)c3ccccc3)cc2)c2ccc(N(c3ccccc3)c3ccccc3)cc2)s1)c1ccc(N(c2ccccc2)c2ccc(OCc3ccccc3)cc2)cc1,0.9907383,469.2683,0.0853580,0.0854,0.4728390,3.7450,1.0000000,1.0000,[],11
41.6877,54.6483,-50.4783,0.0325781,CCCCCCCCOc1ccc(C2CC=C(C=Cc3ccc4sc(-c5ccc(N(c6ccccc6)c6ccc(OC)cc6)cc5)cc4c3)CC2)cc1,1,C(=Cc1ccc2sc(-c3ccc(N(c4ccccc4)c4ccccc4)cc3)cc2c1)C1=CCC(c2ccccc2)CC1,0.0297643,362.1705,0.0930581,0.0931,0.4927150,3.5391,1.0000000,1.0000,[],11
53.0825,65.5754,-65.5754,0.0000000,COc1cccc(C=CC(=O)C2CN(CCNC(=O)OC(C)(C)C)C(=O)C3(C#N)c4ccccc4C(=O)N23)c1,1,O=C(C=Cc1ccccc1)C1CNC(=O)C2c3ccccc3C(=O)N12,0.0000000,0.0000,0.0000000,0.0000,0.0000000,0.0000,0.0000000,0.0000,"['C(=[O,S])[O,S]']",11
47.6939,58.3863,-58.3863,0.0000000,CCCCN(CCCC)c1ccc(N(c2cccc(C=CC(=O)O)c2)c2ccc3c(c2)C(C)(Br)c2cc(O)ccc2-3)cc1,1,c1ccc(N(c2ccccc2)c2ccc3c(c2)Cc2ccccc2-3)cc1,0.0000000,0.0000,0.0000000,0.0000,0.0000000,0.0000,0.0000000,0.0000,"['C(=[O,S])[O,S]']",11
53.1298,60.0115,55.6182,0.9033572,CCCCN(CCCC)c1ccc2cc(-c3c[n+](-c4ccc(C(C)(C)C)cc4)c(C=C4N(CC)c5cc(C)cc6c5N4CCCC6)s3)ccc2c1,1,C(=C1Nc2cccc3c2N1CCCC3)c1sc(-c2ccc3ccccc3c2)c[n+]1-c1ccccc1,0.9738035,480.7443,0.1276181,0.1276,0.4805269,3.6644,1.0000000,1.0000,[],11
73.7663,82.7739,-82.7739,0.0000000,CCCCCCCCCCOc1ccc(-c2ccc(OC3=Cc4ccc5c6c(OCCCCCC)ccc(c46)C=C(OCCCCCC)C(c4ccc(OC)cc4)(c4ccc(C=Cc6ccc(CCCCCC)cc6)cc4OCC)C5=C3)cc2)cc1,1,C(=Cc1ccc(C2(c3ccccc3)C=Cc3cccc4c5ccc(c34)C=C(Oc3ccc(-c4ccccc4)cc3)C=C52)cc1)c1ccccc1,0.0000000,0.0000,0.0000000,0.0000,0.0000000,0.0000,0.0000000,0.0000,['[*;r{8-17}]'],11
50.9058,70.5534,-70.5534,0.0000000,CC12CC=CN=C1CCN(C(=O)c1ccc3c(c1)c1cc(N(c4ccccc4)c4ccccc4)ccc1n3-c1ccc(C=C(C#N)C(=O)O)cc1)C2,1,O=C(c1ccc2c(c1)c1cc(N(c3ccccc3)c3ccccc3)ccc1n2-c1ccccc1)N1CCC2=NC=CCC2C1,0.0000000,0.0000,0.0000000,0.0000,0.0000000,0.0000,0.0000000,0.0000,"['C(=[O,S])[O,S]']",11
29.6340,33.8475,2.5224,0.2841400,O=c1c(Br)c(-c2ccccc2)oc2ccc3ccccc3c(=O)c12,1,O=c1cc(-c2ccccc2)oc2ccc3ccccc3c(=O)c12,0.2747633,389.4620,0.4802371,0.4802,0.6366354,2.2578,1.0000000,1.0000,[],11
38.7467,53.7196,64.4345,0.9230784,CCCCCCN(C)c1ccc(-c2cc(Cl)cc(C=C3C(=O)N(CC(CC)CCCC)C(=O)C(C#N)=C3O)c2)cc1,1,O=C1C=CC(=Cc2cccc(-c3ccccc3)c2)C(=O)N1,0.9927671,466.5616,0.1389635,0.1390,0.4981137,3.4846,1.0000000,1.0000,[],11
46.7706,56.0221,-54.5553,0.0114593,[C-]#[N+]c1ccc2c(c1)c1ccc(N(CC)CC)cc1n2-c1ccc(-c2cc3c(cc2C#N)c2ccccc2n3-c2ccc(C#N)cc2)cc1,1,c1ccc(-n2c3ccccc3c3ccc(-c4ccc(-n5c6ccccc6c6ccccc65)cc4)cc32)cc1,0.0097043,349.7799,0.1717454,0.1717,0.5307366,3.1674,1.0000000,1.0000,[],11
31.4680,40.9184,70.1954,0.8680773,CC1CCCC(N(c2ccccc2)c2ccc(C=C3C(=O)NC(=S)N(C)C3=O)cc2)C1,1,O=C1NC(=S)NC(=O)C1=Cc1ccc(N(c2ccccc2)C2CCCCC2)cc1,0.8974069,496.4532,0.4328880,0.4329,0.5085800,3.3807,1.0000000,1.0000,[],11
40.0389,48.8475,-48.8475,0.0000000,NN(C(=C(S)c1ccc(N(c2ccccc2)c2ccccc2)cc1)c1ccccc1)c1nccs1,1,C(=C(Nc1nccs1)c1ccccc1)c1ccc(N(c2ccccc2)c2ccccc2)cc1,0.0000000,0.0000,0.0000000,0.0000,0.0000000,0.0000,0.0000000,0.0000,['[#7;!n][#7;!n]'],11
128.4836,151.0504,-151.0504,0.0000000,c1(c2c3c(C(=O)N(c4cc5c(cccc5)cc4)C4C(=CC(=C(C4C2Oc3c2c3nc(-c4ccc(cc4)C=C(C(O)=O)N)c4c3nc3ccccc3n4c3c2c(n1)ccc3)OC)N(Cc1cc2c(cc1)cccc2)CCCC)C)N(CCCC)c1ccccc1)O,0,,0.0000000,0.0000,0.0000000,0.0000,0.0000000,0.0000,0.0000000,0.0000,None,11
39.1927,53.7360,47.6493,0.7920724,CCCCCCCCOc1ccc(N(c2ccc(OCCCCCCCC)cc2)c2ccc(-c3cc(C(F)(F)F)c4cc(CCCCCCCC)ccc4n3)c(C#N)c2)cc1,1,c1ccc(N(c2ccccc2)c2ccc(-c3ccc4ccccc4n3)cc2)cc1,0.8724265,420.8742,0.0493359,0.0493,0.5174630,3.2941,1.0000000,1.0000,[],11
36.9556,42.1201,-42.1201,0.0000000,c1cc(cc2Oc3c(ccc4c3ccc3c4ccc(c3)C#N)N=c21)C,0,,0.0000000,0.0000,0.0000000,0.0000,0.0000000,0.0000,0.0000000,0.0000,None,11
36.3918,48.0674,59.8139,0.8428229,COCCOCCOc1ccc(N2CC=C(c3ccc(C=Cc4ccc(N(c5ccc(OC)cc5)c5ccc(OC)cc5)c5ccccc45)cc3)CC2)cc1,1,C(=Cc1ccc(N(c2ccccc2)c2ccccc2)c2ccccc12)c1ccc(C2=CCN(c3ccccc3)CC2)cc1,0.9192566,426.4082,0.0725244,0.0725,0.5405605,3.0757,1.0000000,1.0000,[],11
65.2721,95.2015,-95.2015,0.0000000,c1ccc(c(F)c1)-c1n(-c2ccc(cc2)-c2c(c3c(cc(N(c4ccccc4)c4ccccc4)c(c3C#N)C#N)n(-c3ccc(cc3)C#N)c2-c2ccc(N(c3ccccc3)c3ccccc3)cc2)N(c2ccccc2)c2ccccc2)nc(-c2ccc(N(c3ccccc3)c3ccccc3)cc2)c1-c1ccc(N(c2ccccc2)c2ccccc2)cc1,0,,0.0000000,0.0000,0.0000000,0.0000,0.0000000,0.0000,0.0000000,0.0000,None,11
26.7578,26.1594,-26.1594,0.0000000,CC(C)(C)C(O)OC(=O)C1CCCCC1,1,C1CCCCC1,0.0000000,0.0000,0.0000000,0.0000,0.0000000,0.0000,0.0000000,0.0000,"['C(=[O,S])[O,S]']",11
38.7063,41.5065,-41.4405,0.0005159,C=CC1(CCC)C(CCC)=[N+](CC)c2cc(C(C)C)ccc21,1,C1=[NH+]c2ccccc2C1,0.0003616,313.9591,0.4318649,0.4319,0.4565003,3.9208,1.0000000,1.0000,[],11
56.4193,57.5587,-34.9367,0.1767341,COc1ccc2c(c1OC)N1Cc3c(O)cccc3OC1N(c1ccc(N(C)C)cc1)CC2=O,1,O=C1CN(c2ccccc2)C2Oc3ccccc3CN2c2ccccc21,0.1661731,382.4871,0.6279932,0.6280,0.4925485,3.5408,1.0000000,1.0000,[],11
43.3964,46.1284,-46.1284,0.0000000,N#CC1=C(C#N)C(c2ccccc2)N=C1C1=NN(c2cccc(Cl)c2)C(=O)C1,1,O=C1CC(C2=NC(c3ccccc3)C=C2)=NN1c1ccccc1,0.0000000,0.0000,0.0000000,0.0000,0.0000000,0.0000,0.0000000,0.0000,['[#7;!n][#7;!n]'],11
63.7479,76.7327,-76.7327,0.0000000,n1c(N2CCCC2)cc(nc1)-c1ccc2c3c1N=c1c(C(=[N+](C)c1cc3CC)c1ccc(N(CCCC)CCCC)cc1)cc(c2)N(c1ccccc1)c1ccccc1,0,,0.0000000,0.0000,0.0000000,0.0000,0.0000000,0.0000,0.0000000,0.0000,None,11
31.7211,37.3663,-37.3663,0.0000000,n1c(C#N)c(C#N)n(C(C)c2ccc(cc2)OC)c2ccccc21,0,,0.0000000,0.0000,0.0000000,0.0000,0.0000000,0.0000,0.0000000,0.0000,None,11
49.1355,56.7989,-56.7989,0.0000000,c1c(N2c3cc(-c4ccc(cc4)-c4ccncc4)cc4c5c(cccc5)n(-c5ccccc2)c5c43)ccc(-c2ccc(cc2)N(CC)CC)c1,0,,0.0000000,0.0000,0.0000000,0.0000,0.0000000,0.0000,0.0000000,0.0000,None,11
52.4896,63.1851,-63.1851,0.0000000,C(c1c2c(ccc(c2)F)n(CC2CNCCC2)cc1)(C=N)=Cc1ccc(N(CC)CC)cc1,0,,0.0000000,0.0000,0.0000000,0.0000,0.0000000,0.0000,0.0000000,0.0000,None,11
36.8768,46.6361,-46.6361,0.0000000,CN(C)c1ccc(C=CC(O)=C2NN(c3ccc(-c4ccc(N(C)C)cc4)cc3)C(=O)C2=O)cc1,1,O=C1C(=O)N(c2ccc(-c3ccccc3)cc2)NC1=CC=Cc1ccccc1,0.0000000,0.0000,0.0000000,0.0000,0.0000000,0.0000,0.0000000,0.0000,['[#7;!n][#7;!n]'],12
72.8468,94.8908,-94.8908,0.0000000,O(C)c1cc(-c2n(c(SCC=CCCC=C(c3cccc4c3cccc4)c3ccc(OC)cc3)nc3ccsc23)-c2ccccc2C=Cc2ccc(cc2)N(CCCC)CCCC)cc(OC)c1OC,0,,0.0000000,0.0000,0.0000000,0.0000,0.0000000,0.0000,0.0000000,0.0000,None,12
37.9095,40.9176,80.8883,0.9516089,Cc1ccc(Nc2ccc(NCC(=O)C3=CC=CCC3)cc2)c([N+](=O)[O-])c1,1,O=C(CNc1ccc(Nc2ccccc2)cc1)C1=CC=CCC1,0.9785669,441.4876,0.5395534,0.5396,0.5913207,2.6270,1.0000000,1.0000,[],12
54.5026,64.8007,55.0161,0.9360690,Cc1ccc(N(c2ccc(Oc3ccccc3)cc2)c2ccc(Cl)c(S(=O)(=O)c3ccc(C(=O)NS(C)(=O)=O)c(=O)o3)c2)cc1,1,O=c1cccc(S(=O)(=O)c2cccc(N(c3ccccc3)c3ccc(Oc4ccccc4)cc3)c2)o1,0.9951816,462.1251,0.1898763,0.1899,0.5588913,2.9090,1.0000000,1.0000,[],12
47.3384,45.6578,-45.6578,0.0000000,NC1=CNC(Cc2ccccc2)N2CC3C=CC2=C1C3,1,C1=CC2=C3C=CC(C2)CN3C(Cc2ccccc2)N1,0.0000000,0.0000,0.8602299,0.8602,0.3464713,5.2998,1.0000000,1.0000,[],12
35.4052,43.7972,-39.0170,0.0373449,CCNc1nc(-c2ccc(N(CC)CC)cc2O)nc(NC)c1Br,1,c1ccc(-c2ncccn2)cc1,0.0321955,363.0502,0.6610262,0.6610,0.5766982,2.7522,1.0000000,1.0000,[],12
24.5132,24.1396,-24.1396,0.0000000,O=C(O)C1CCCCN1C(=O)CCc1c[nH]c2ccccc12,1,O=C(CCc1c[nH]c2ccccc12)N1CCCCC1,0.0000000,0.0000,0.0000000,0.0000,0.0000000,0.0000,0.0000000,0.0000,"['C(=[O,S])[O,S]']",12
38.3619,40.1287,-40.1287,0.0000000,c1cccc2-c3ccccc3C3(c4ccc(SC)c5cccc6cccc3c65)c21,0,,0.0000000,0.0000,0.0000000,0.0000,0.0000000,0.0000,0.0000000,0.0000,None,12
30.5567,30.0685,-30.0685,0.0000000,Cn1c(=O)[nH]c(O)c(C=C2SC(=S)N(c3ccccc3)C2=O)c1=O,1,O=C1C(=Cc2c[nH]c(=O)[nH]c2=O)SC(=S)N1c1ccccc1,0.0000000,0.0000,0.0000000,0.0000,0.0000000,0.0000,0.0000000,0.0000,"['C(=[O,S])[O,S]']",12
27.9301,30.5226,-30.3682,0.0012058,COc1cccc2c(N)c(NC(=O)C(C)(C)C)sc12,1,c1ccc2sccc2c1,0.0008589,323.3581,0.8836196,0.8836,0.6046466,2.5156,1.0000000,1.0000,[],12
42.5163,47.6461,-45.4808,0.0169168,Cc1cccc(-c2nn(-c3ccccc3)c(=O)n2Nc2ccc3nc(-c4ccc(N(C)C)cc4)oc3c2)c1,1,O=c1n(-c2ccccc2)nc(-c2ccccc2)n1Nc1ccc2nc(-c3ccccc3)oc2c1,0.0143222,354.0569,0.3119721,0.3120,0.5812381,2.7130,1.0000000,1.0000,[],12
54.5634,61.0224,-61.0224,0.0000000,COc1cc(O)ccc1C=C(C)C1c2ccccc2C(=O)c2cc(Cl)c(NC(=O)OC(C)(C)C)cc21,1,O=C1c2ccccc2C(C=Cc2ccccc2)c2ccccc21,0.0000000,0.0000,0.0000000,0.0000,0.0000000,0.0000,0.0000000,0.0000,"['C(=[O,S])[O,S]']",12
41.2551,54.5928,19.0047,0.5749804,COc1ccc(N(c2ccc(OC)cc2)c2ccc(C(=Cc3cc4ccc(N(c5ccccc5)c5ccc(OC)cc5)cc4cc3Cl)c3ccc(C#N)cc3)cc2)cc1,1,C(=C(c1ccccc1)c1ccc(N(c2ccccc2)c2ccccc2)cc1)c1ccc2cc(N(c3ccccc3)c3ccccc3)ccc2c1,0.6057382,404.6625,0.1149164,0.1149,0.5414324,3.0677,1.0000000,1.0000,[],12
49.0415,54.2003,60.6066,0.8969292,COc1ccc([N+](c2ccc(OCCC(C)C)cc2)=c2c3ccccc3sc3ccc[n+](CCC(C)C)c23)cc1,1,c1ccc([N+](c2ccccc2)=c2c3ccccc3sc3ccc[nH+]c23)cc1,0.9639926,484.3080,0.1287209,0.1287,0.5369502,3.1092,1.0000000,1.0000,[],12
38.8782,46.2397,35.6989,0.6401451,CCCCNc1c(C#N)c(=O)n(-c2nc3ccccc3[nH]2)c2ccc(N(C)C)cc12,1,O=c1ccc2ccccc2n1-c1nc2ccccc2[nH]1,0.6475912,406.6064,0.4773148,0.4773,0.5740107,2.7755,1.0000000,1.0000,[],12
57.0155,71.1021,35.4122,0.8321430,CCCCCCCCOc1cc2c(O)c3ccc(=O)n(C)c3cc2cc1-c1ccc(N(c2ccc(OC)cc2)c2ccc(OC)cc2)cc1N(c1ccccc1)c1ccc(CCCCCCCC)cc1,1,O=c1ccc2cc3ccc(-c4ccc(N(c5ccccc5)c5ccccc5)cc4N(c4ccccc4)c4ccccc4)cc3cc2[nH]1,0.9212299,426.7002,0.0477663,0.0478,0.4827636,3.6411,1.0000000,1.0000,[],12
41.4381,44.9783,-44.1320,0.0066116,C=CC(=O)N1CCCC(Nc2cc(-c3cccc(Cl)c3)c(C#N)c(-c3ccc(Cl)cc3)n2)C1,1,c1ccc(-c2cc(NC3CCCNC3)nc(-c3ccccc3)c2)cc1,0.0052762,343.1155,0.4456604,0.4457,0.5390295,3.0899,1.0000000,1.0000,[],12
26.3473,27.2589,-26.9252,0.0026076,SC1=CC=CC(N2CCCC2)C=C1,1,C1=CC=CC(N2CCCC2)C=C1,0.0019686,332.3756,0.6258114,0.6258,0.4406887,4.0971,1.0000000,1.0000,[],12
37.0001,45.6660,-23.8430,0.1704922,CN1c2ccccc2Oc2c(N(c3ccccc3)c3ccccc3)ccc(-c3c4c(nc5ccccc35)CCCC4)c21,1,c1ccc(N(c2ccccc2)c2ccc(-c3c4c(nc5ccccc35)CCCC4)c3c2Oc2ccccc2N3)cc1,0.1649093,382.3878,0.2203241,0.2203,0.5642763,2.8611,1.0000000,1.0000,[],12
74.3110,85.2172,-3.1812,0.6409065,CCN(CC)c1ccc(C(c2ccc(N(c3ccccc3)c3ccc(-c4ccc5c(n4)OC(c4ccc(CCS)cc4)N(c4ccc(OC)cc4)C5=O)nc3)cc2)(C(F)(F)F)C(F)(F)F)cc1,1,O=C1c2ccc(-c3ccc(N(c4ccccc4)c4ccc(Cc5ccccc5)cc4)cn3)nc2OC(c2ccccc2)N1c1ccccc1,0.6887476,408.6237,0.0860272,0.0860,0.4265060,4.2606,1.0000000,1.0000,[],12
37.7965,46.5489,70.5002,0.9144466,CCCCN(C)c1ccc(N=C2SC(=Cc3ccc(N(c4ccccc4)c4ccc(OC)cc4)cc3)C(=O)N2c2ccccc2)cc1,1,O=C1C(=Cc2ccc(N(c3ccccc3)c3ccccc3)cc2)SC(=Nc2ccccc2)N1c1ccccc1,0.9810373,477.1554,0.1348005,0.1348,0.5732155,2.7825,1.0000000,1.0000,[],12
19.7821,20.4547,-20.4440,0.0000836,N#CC(C=O)c1ccccc1,1,c1ccccc1,0.0000525,292.9972,0.5913844,0.5914,0.5754983,2.7626,1.0000000,1.0000,[],12
28.6867,32.3468,-30.5812,0.0137937,c1ccc(-c2ccc3c(oc4ccccc43)c2-c2ccccc2N(c2ccccc2)c2ccccc2)cc1,1,c1ccc(-c2ccc3c(oc4ccccc43)c2-c2ccccc2N(c2ccccc2)c2ccccc2)cc1,0.0116329,351.7693,0.2400278,0.2400,0.6215931,2.3773,1.0000000,1.0000,[],12
86.6826,102.0401,-65.8370,0.2828368,CCCCCCCCn1c2ccc(OC)cc2c2cc(-c3cc(OC)c(OC)cc3OC)c(N(c3ccccc3)c3ccc(C=Cc4ccc(OCCCCCCCCCCCCCCCCCCOCC(C#N)(Cc5ccc(OC)cc5)c5ccc(OC)c(OC)c5)cc4)cc3)cc21,1,C(=Cc1ccc(N(c2ccccc2)c2cc3[nH]c4ccccc4c3cc2-c2ccccc2)cc1)c1ccc(OCCCCCCCCCCCCCCCCCCOCC(Cc2ccccc2)c2ccccc2)cc1,0.3031351,390.9622,0.0268366,0.0268,0.3597391,5.1119,1.0000000,1.0000,[],12
55.9712,59.5519,-59.5519,0.0000000,O=C(O)COc1cccc2ccc3c(c12)C(=O)C(=CC1C=CC2=C(C=C(Br)C(=O)C2=O)C1)C3=O,1,O=C1C=CC2=C(C=CC(C=C3C(=O)c4ccc5ccccc5c4C3=O)C2)C1=O,0.0000000,0.0000,0.0000000,0.0000,0.0000000,0.0000,0.0000000,0.0000,"['C(=[O,S])[O,S]']",12
34.9340,42.8672,-42.8672,0.0000000,c1cccc2c1N(c1cc(ccc1O2)C)c1cc2-c(ccc(cc2)=N)o1,0,,0.0000000,0.0000,0.0000000,0.0000,0.0000000,0.0000,0.0000000,0.0000,None,12
65.2574,74.5818,-72.0148,0.0200547,CCCCC(Br)COc1cc2c(=O)n(-c3ccc(N4CCCC4)cc3Br)c3cc4c(cc3c2cc1OC)OCCOC4,1,O=c1c2ccccc2c2cc3c(cc2n1-c1ccc(N2CCCC2)cc1)COCCO3,0.0176684,356.3735,0.1315517,0.1316,0.4901756,3.5650,1.0000000,1.0000,[],12
40.0743,40.2642,-40.1665,0.0007632,N=C(N)n1nccc1NC(=O)c1cnc2[nH]cc(Cl)c2c1,1,O=C(Nc1ccn[nH]1)c1cnc2[nH]ccc2c1,0.0005444,318.4030,0.4215329,0.4215,0.5481539,3.0060,1.0000000,1.0000,[],12
76.5204,81.9596,-81.9596,0.0000000,CC(=O)c1nc(N(C)C)c2c(c1C(=O)OC(C)C)-c1c(ccc3c1N(C)C(CCCl)c1cc(Cl)c(Cl)cc1-3)C2=O,1,O=C1c2cnccc2-c2c1ccc1c2NCc2ccccc2-1,0.0000000,0.0000,0.0000000,0.0000,0.0000000,0.0000,0.0000000,0.0000,"['C(=[O,S])[O,S]']",12
38.3137,46.8735,9.8040,0.4427930,CCCCCCCCCCCCCCCCCCNC(=O)C(=O)Nc1ccc(C=Cc2ccc3cc(N(c4ccccc4)c4ccc(OC)cc4)ccc3c2)cc1,1,C(=Cc1ccc2cc(N(c3ccccc3)c3ccccc3)ccc2c1)c1ccccc1,0.4765851,398.9824,0.0372763,0.0373,0.5510809,2.9794,1.0000000,1.0000,[],12
71.0462,72.4604,46.0461,0.9258320,CC1(C)c2c3c(c(O)c4c(O)cc(O)cc24)C(=O)C2=C(CC=O)C(=O)c4cc(OC5OC(CO)C(O)C(O)C5O)ccc4C(=O)C2C31C,1,O=C1C=C2C(=O)c3cc4ccccc4c4c3C(C4)C2C(=O)c2ccc(OC3CCCCO3)cc21,0.9929306,453.6884,0.1926249,0.1926,0.3514744,5.2281,1.0000000,1.0000,[],12
41.1394,55.6855,62.3457,0.9221189,[C-]#[N+]c1ccc(-c2ccc(C=C(C#N)C(=O)Nc3ccccc3)o2)cc1N(c1ccc(C)cc1)c1ccc(OC)cc1,1,O=C(C=Cc1ccc(-c2cccc(N(c3ccccc3)c3ccccc3)c2)o1)Nc1ccccc1,0.9939874,464.5420,0.1185470,0.1185,0.5661326,2.8446,1.0000000,1.0000,[],12
69.6792,79.4512,-70.6605,0.0686772,CCCCCCOc1ccc(-c2nnc(-c3ccc(N(c4ccc(-c5ccc6c(c5)n(-c5ccc(O)cc5)c(=O)n6C)cc4)c4ccc(N(Cc5ccccc5C)c5ccc(C=O)cc5)cc4)cc3)o2)cc1,1,O=c1[nH]c2ccc(-c3ccc(N(c4ccc(-c5nnc(-c6ccccc6)o5)cc4)c4ccc(N(Cc5ccccc5)c5ccccc5)cc4)cc3)cc2n1-c1ccccc1,0.0660067,371.2311,0.0662205,0.0662,0.4771931,3.6992,1.0000000,1.0000,[],12
34.6697,40.0357,-37.2746,0.0215714,N#Cc1c(-c2cc3ccccc3oc2=O)c2ccc(Br)cc2n1-c1ccccc1,1,O=c1oc2ccccc2cc1-c1cn(-c2ccccc2)c2ccccc12,0.0184813,356.8708,0.3141194,0.3141,0.6004776,2.5502,1.0000000,1.0000,[],12
30.1964,31.5123,-31.5123,0.0000000,CCOC(=O)C(COC(C)(C)C)(CC(=O)O)C(=O)OC,1,,0.0000000,0.0000,0.0000000,0.0000,0.0000000,0.0000,0.0000000,0.0000,"['C(=[O,S])[O,S]']",12
45.1120,50.7064,-50.7064,0.0000000,CCc1cc2nc(SC3C(=O)N(c4ccc(C)c(C)c4)N=C3C)c(=O)n(CC)c2cc1C,1,O=C1C(Sc2nc3ccccc3[nH]c2=O)C=NN1c1ccccc1,0.0000000,0.0000,0.0000000,0.0000,0.0000000,0.0000,0.0000000,0.0000,['[#7;!n][#7;!n]'],12
47.7550,48.1337,-47.6539,0.0037483,CCC(C)C1(C)Oc2c(ccc3ccccc23)N(c2ccc(Oc3ccc(C)cc3)cc2)C1=O,1,O=C1COc2c(ccc3ccccc23)N1c1ccc(Oc2ccccc2)cc1,0.0029392,336.7378,0.3106167,0.3106,0.5157109,3.3110,1.0000000,1.0000,[],12
38.4865,47.0559,-47.0559,0.0000000,C#CCC(C#Cc1ccc(-n2c3ccccc3c3ccc(-c4ccc(N(c5ccccc5)c5ccccc5)cc4)cc32)cc1)(CCCC)CCCC,1,c1ccc(N(c2ccccc2)c2ccc(-c3ccc4c5ccccc5n(-c5ccccc5)c4c3)cc2)cc1,0.0000000,0.0000,0.0000000,0.0000,0.0000000,0.0000,0.0000000,0.0000,['C#C'],12
43.2025,51.8105,-51.8105,0.0000000,O(C)c1ccc2nc(CN=C(NC#N)Nc3ccc(C=O)cc3)n(c2cc1)CCCC,0,,0.0000000,0.0000,0.0000000,0.0000,0.0000000,0.0000,0.0000000,0.0000,None,12
30.5725,28.5103,-28.4782,0.0002507,COc1ccc(CNC(CO)CC(C)C)c2ccccc12,1,c1ccc2ccccc2c1,0.0001648,305.4253,0.8203607,0.8204,0.6067456,2.4982,1.0000000,1.0000,[],12
35.3343,35.3680,-27.5343,0.0612008,CC1(C)c2cc(Nc3cccc4ccccc34)ccc2-c2ccc(B3OC(C)(C)C(C)(C)O3)cc21,1,c1ccc2c(Nc3ccc4c(c3)Cc3cc(B5OCCO5)ccc3-4)cccc2c1,0.0553700,369.2003,0.3277502,0.3278,0.5741183,2.7746,1.0000000,1.0000,[],12
43.5052,51.7226,-39.1551,0.0981838,COc1cc(-c2csc3cc4c(cc23)Oc2cc(CC(C)(C)C)ccc2N4C)ccc1Cl,1,c1ccc(-c2csc3cc4c(cc23)Oc2ccccc2N4)cc1,0.0912933,375.0504,0.3029591,0.3030,0.5741966,2.7739,1.0000000,1.0000,[],12
86.6291,103.5204,6.2419,0.8575178,CCCCCCn1c(-c2ccc(C=C(C#N)n3c4c(c5c(-c6ccc(O)cc6)c(-c6ccc(C(C)(C)C)cc6)ccc53)N(CCCC(C)C)C(C#N)(C#N)c3ccccc3-4)cc2)nc2cc(C(C)(C)C)ccc21,1,C(=Cn1c2c(c3c(-c4ccccc4)c(-c4ccccc4)ccc31)NCc1ccccc1-2)c1ccc(-c2nc3ccccc3[nH]2)cc1,0.9359721,429.1223,0.0856655,0.0857,0.4245808,4.2833,1.0000000,1.0000,[],12
55.1672,69.1135,37.4132,0.8322397,CCCCCCOc1cc2c(cc1Cl)c(=O)oc1c2ccc2c1cc(-c1ccc(N(CCCC)CCCC)cc1N(CCCCCC)CCCCCC)c1nc3ccccc3nc12,1,O=c1oc2c(ccc3c2cc(-c2ccccc2)c2nc4ccccc4nc23)c2ccccc12,0.9409165,489.9479,0.0245158,0.0245,0.4836992,3.6315,1.0000000,1.0000,[],12
40.5001,41.6267,-37.7762,0.0300826,O=Cc1ccc2c3ccc4ccc(S(=O)(=O)O)cc4c3n(S(=O)(=O)O)c2c1,1,c1ccc2c(c1)ccc1c3ccccc3[nH]c21,0.0260594,360.6858,0.3956173,0.3956,0.5774702,2.7455,1.0000000,1.0000,[],12
29.9380,27.0981,-27.0571,0.0003205,Cc1cc(C)c(NC(=S)Nc2ccc(F)c(F)c2)c(C)c1,1,S=C(Nc1ccccc1)Nc1ccccc1,0.0002132,308.2216,0.7865160,0.7865,0.6767600,1.9522,1.0000000,1.0000,[],12
37.0306,43.5080,-11.3543,0.2512012,CCCCCCCCOc1ccc(-c2c3ccccc3c(-c3cc4ccc(OCCCCCCCC)cc4c4ccccc34)c3ccc(C)cc23)cc1,1,c1ccc(-c2c3ccccc3c(-c3cc4ccccc4c4ccccc34)c3ccccc23)cc1,0.2597002,388.6266,0.0503954,0.0504,0.5755247,2.7624,1.0000000,1.0000,[],12
116.7636,132.0893,-132.0893,0.0000000,CC#CC(C#N)=c1oc2c3ccc4cc(Nc5ccc(Br)cc5)cc5c4c-5c(Br)cc2c1=C1C=c2c(n(CCCC)c4ccc(N(c5ccc(C=C(c6ccc(OCCCCCCCCCCCC)cc6)c6ccc(N(C)C)cc6)cc5)c5ccc(CCCCCCCC)cc5)cc24)=CC3=C1N(c1ccccc1)c1ccccc1,1,C=c1oc2c3ccc4cc(Nc5ccccc5)cc5c4c-5ccc2c1=C1C=c2c([nH]c4ccc(N(c5ccccc5)c5ccc(C=C(c6ccccc6)c6ccccc6)cc5)cc24)=CC3=C1N(c1ccccc1)c1ccccc1,0.0000000,0.0000,0.0000000,0.0000,0.0000000,0.0000,0.0000000,0.0000,"['[*;r{8-17}]', 'C#C']",12
58.2841,64.0304,-64.0304,0.0000000,c1cc2c(=O)c3c(n4c5c(cccc5)nc42)cc(cc3cc1)-[n+]1c(c(cc(c1C)C)C)-c1ccc(N(C)C)cc1,0,,0.0000000,0.0000,0.0000000,0.0000,0.0000000,0.0000,0.0000000,0.0000,None,12
21.5517,22.2374,-22.1589,0.0006134,Cc1cc2nc(C)c(C)cn2n1,1,c1cnc2ccnn2c1,0.0004272,315.7715,0.5877949,0.5878,0.5994228,2.5589,1.0000000,1.0000,[],12
53.9492,64.5371,-64.5371,0.0000000,COc1ccc(N(c2ccc(Oc3ccc(C#Cc4ccc(N(c5ccccc5)c5ccccc5)cc4)cc3)cc2)c2ccc(C=Cc3ccc(OC4(C)COC4)cc3)c3ccccc23)cc1,1,C(#Cc1ccc(N(c2ccccc2)c2ccccc2)cc1)c1ccc(Oc2ccc(N(c3ccccc3)c3ccc(C=Cc4ccc(OC5COC5)cc4)c4ccccc34)cc2)cc1,0.0000000,0.0000,0.0000000,0.0000,0.0000000,0.0000,0.0000000,0.0000,['C#C'],12
29.3350,30.9070,-30.9070,0.0000000,CCOC(=O)c1[nH]c2c(B(O)O)cccc2c1C(=O)O,1,c1ccc2[nH]ccc2c1,0.0000000,0.0000,0.0000000,0.0000,0.0000000,0.0000,0.0000000,0.0000,"['C(=[O,S])[O,S]']",12
67.7226,75.8062,-75.6363,0.0013270,Cc1cc2c3c(n(-c4ccccc4)c2c2ccccc12)C(=O)C(=O)c1c(O)c(-c2ccccc2Nc2ccccc2N)[nH]c(=S)c1-3,1,O=C1C(=O)c2c(c3ccc4ccccc4c3n2-c2ccccc2)-c2c1cc(-c1ccccc1Nc1ccccc1)[nH]c2=S,0.0010245,594.7265,0.0890246,0.0890,0.5257332,3.2148,1.0000000,1.0000,[],12
42.1206,51.0312,-49.1676,0.0145597,O=C(CCc1ccccc1)N1CCc2oc3ccc(Br)cc3c(=O)c2C1Cn1c2ccccc2c2ccccc21,1,O=C(CCc1ccccc1)N1CCc2oc3ccccc3c(=O)c2C1Cn1c2ccccc2c2ccccc21,0.0124081,352.4782,0.2097450,0.2097,0.5298115,3.1762,1.0000000,1.0000,[],12
78.4026,83.3840,-47.5849,0.2796805,CCc1ccc(N=Nc2ccc(Nc3ccc(N)c4cc5ccc(N=Nc6cc(Nc7c(Cl)c(C)c(N)c(Cl)c7Cl)cc(O)c6O)c(O)c5cc34)c(OC)c2)cc1,1,c1ccc(N=Nc2ccc(Nc3cccc4cc5ccc(N=Nc6cccc(Nc7ccccc7)c6)cc5cc34)cc2)cc1,0.3019897,529.0967,0.0176629,0.0177,0.4601387,3.8811,1.0000000,1.0000,[],12
24.7743,28.0377,-27.6388,0.0031161,N#Cc1ccc(-n2c3ccccc3c3ccc(-n4c5ccccc5c5ccccc54)cc32)cc1,1,c1ccc(-n2c3ccccc3c3ccc(-n4c5ccccc5c5ccccc54)cc32)cc1,0.0024174,334.6101,0.2743054,0.2743,0.6519758,2.1387,1.0000000,1.0000,[],12
78.3280,84.8953,32.3497,0.9159764,CC(=O)Nc1c2cccc(C(=O)c3ccccc3)c2cc2c1cc(Br)c1c(O)c3c(=O)c(Oc4ccccc4)c(Cl)oc3c(-c3ccccc3)c12,1,O=C(c1ccccc1)c1cccc2cc3ccc4cc5c(=O)c(Oc6ccccc6)coc5c(-c5ccccc5)c4c3cc12,0.9942617,455.9680,0.0994471,0.0994,0.5206442,3.2634,1.0000000,1.0000,[],12
35.3026,42.8157,-42.2728,0.0042419,CCCCN(CCCC)c1cccc2c(N3CCCCC3)ccc(CCc3ccc(N(C)C)cc3)c12,1,c1ccc(CCc2ccc(N3CCCCC3)c3ccccc23)cc1,0.0033578,338.1877,0.2565813,0.2566,0.5979108,2.5716,1.0000000,1.0000,[],12
31.6112,30.1317,-30.0951,0.0002856,O=C(NCc1ccsc1)c1cn2cc(F)ccc2n1,1,O=C(NCc1ccsc1)c1cn2ccccc2n1,0.0001891,306.9206,0.7978351,0.7978,0.6155145,2.4265,1.0000000,1.0000,[],12
81.2837,80.9526,-80.9526,0.0000000,c1(ccc2-c3c(c4n5c6c(cc(cc6[nH]c5c(Cl)cc4C(=O)C3CC(=O)c2c1)CC)C(C)C)C(C)C)C,0,,0.0000000,0.0000,0.0000000,0.0000,0.0000000,0.0000,0.0000000,0.0000,None,12
76.0107,86.7916,-86.7916,0.0000000,CCCCCCOc1ccc(C2=C3C(=O)N(CCCCCC)C4=C(c5ccc(N(c6ccccc6)c6ccccc6)cc5)SCC(=Cc5ccccc53)C4=C2c2ccc(N3CC(C)=CC3=O)cc2)cc1,1,O=C1NC2=C(c3ccc(N(c4ccccc4)c4ccccc4)cc3)SCC3=Cc4ccccc4C1=C(c1ccccc1)C(c1ccc(N4CC=CC4=O)cc1)=C32,0.0000000,0.0000,0.0000000,0.0000,0.0000000,0.0000,0.0000000,0.0000,['[*;r{8-17}]'],12
39.3817,39.3630,-39.3630,0.0000000,CC(C)(C)CC(C)(C)c1cc(O)c(SSc2c(N)cccc2Cl)c(C(C)(C)C)c1,1,c1ccc(SSc2ccccc2)cc1,0.0000000,0.0000,0.0000000,0.0000,0.0000000,0.0000,0.0000000,0.0000,['[#16][#16]'],12
52.5002,55.1210,-55.1210,0.0000000,O=C1NC(=O)C(=Cc2cc(-c3ccccc3)c(-c3ccc4c(c3)C3C=CCC3CC4)c3ccccc23)S1,1,O=C1NC(=O)C(=Cc2cc(-c3ccccc3)c(-c3ccc4c(c3)C3C=CCC3CC4)c3ccccc23)S1,0.0000000,0.0000,0.0000000,0.0000,0.0000000,0.0000,0.0000000,0.0000,"['C(=[O,S])[O,S]']",12
79.9626,85.3408,-70.3708,0.1169537,CCCCC1(c2ccccc2)c2ccccc2N(c2ccccc2-c2ccccc2)c2ccc(N(c3ccc(-c4ccc(-n5c(CC)c(C=Cc6ccccc6)c6ccccc65)nc4)cc3)c3cccc4c3C(C)(C)C3=C4CCC=C3)cc21,1,C1=CC2=C(CC1)c1cccc(N(c3ccc(-c4ccc(-n5cc(C=Cc6ccccc6)c6ccccc65)nc4)cc3)c3ccc4c(c3)C(c3ccccc3)c3ccccc3N4c3ccccc3-c3ccccc3)c1C2,0.1143665,377.7761,0.1084584,0.1085,0.3789786,4.8514,1.0000000,1.0000,[],12
37.7286,38.2096,-37.7106,0.0038985,Cc1cccc(-n2c3ccc(C)cc3c3c(-c4cccc(C#N)c4)cccc32)c1,1,c1ccc(-c2cccc3c2c2ccccc2n3-c2ccccc2)cc1,0.0030432,337.1165,0.3298283,0.3298,0.6442209,2.1986,1.0000000,1.0000,[],13
107.4473,127.4795,-127.4795,0.0000000,N(C1C(C)([C@@H]2C[C@H]3[C@](CC[C@@H]4C(C)([C@H](CC[C@]34C)O)C)(C)C(C=2[C@H]2[C@](C)(CC[C@@](C)(CC(=C)C)O)C(C2=C)=O)=C(C(=O)C=1)C)C)(c1ccc(cc1)-c1ccc(s1)C=Cc1ccc(Cl)cc1)C(C)(C)C,0,,0.0000000,0.0000,0.0000000,0.0000,0.0000000,0.0000,0.0000000,0.0000,None,13
20.4531,25.7303,-24.4870,0.0097132,CCN(CC)c1ccc(-c2nnc(-c3ccc(Cl)cc3)o2)cc1,1,c1ccc(-c2nnc(-c3ccccc3)o2)cc1,0.0077731,347.3496,0.6678572,0.6679,0.6726172,1.9829,1.0000000,1.0000,[],13
22.3557,23.3397,-23.3335,0.0000479,COc1cc(Cl)c(CN)cc1OC,1,c1ccccc1,0.0000288,286.4883,0.8115516,0.8116,0.6969663,1.8051,1.0000000,1.0000,[],13
50.2423,66.4756,45.1557,0.8721194,CCCCCCCCN(C(=O)C=Cc1ccc(N(C)C)c(OC)c1)C(C(=O)NCC)c1cccc(C=C(C#N)C#N)c1,1,O=C(C=Cc1ccccc1)NCc1ccccc1,0.9338014,428.7351,0.1449352,0.1449,0.5011288,3.4545,1.0000000,1.0000,[],13
67.3161,66.8528,52.7978,0.9347701,CNC(=O)CCC1(C)CCN(C(=O)C2CN(c3ccc4c(O)c(=O)cc(CCN5CCOCC5)n4n3)C2)CC1,1,O=C(C1CN(c2ccc3cc(=O)cc(CCN4CCOCC4)n3n2)C1)N1CCCCC1,0.9648973,435.9785,0.5063089,0.5063,0.5197166,3.2724,1.0000000,1.0000,[],13
24.4399,26.4789,-20.0258,0.0504150,COc1cc(N=Cc2ccc(N(C)C)cc2)cc(OC)c1OC,1,C(=Nc1ccccc1)c1ccccc1,0.0438513,366.5364,0.7651324,0.7651,0.6429629,2.2083,1.0000000,1.0000,[],13
33.7571,46.8776,73.4974,0.9404299,Cc1nn(Cc2ccccc2Cl)c(=O)c(C#N)c1C(=O)C=Cc1ccc(N(C)C)cc1,1,O=C(C=Cc1ccccc1)c1cnn(Cc2ccccc2)c(=O)c1,0.9728299,481.1513,0.4327236,0.4327,0.6029078,2.5300,1.0000000,1.0000,[],13
34.4806,35.7895,-35.7895,0.0000000,COc1ccc(C=CC(=O)O)cc1COC(=O)c1ccc(C(=O)O)cc1,1,O=C(OCc1ccccc1)c1ccccc1,0.0000000,0.0000,0.0000000,0.0000,0.0000000,0.0000,0.0000000,0.0000,"['C(=[O,S])[O,S]']",13
31.2780,34.2193,-33.7533,0.0036408,N#Cc1ccc(-n2c3ccccc3c3ccccc32)c(-n2c3ccc(C#N)cc3c3cc(C(F)(F)F)ccc32)c1,1,c1ccc(-n2c3ccccc3c3ccccc32)c(-n2c3ccccc3c3ccccc32)c1,0.0028719,336.4856,0.2263779,0.2264,0.5813364,2.7121,1.0000000,1.0000,[],13
37.9771,40.0549,-39.9921,0.0004908,COc1ccc2c3c([nH]c2c1)Oc1cc(O)ccc1C3c1ccccc1,1,c1ccc(C2c3ccccc3Oc3[nH]c4ccccc4c32)cc1,0.0003409,313.3182,0.4649179,0.4649,0.5605279,2.8944,1.0000000,1.0000,[],13
75.8847,100.0817,-100.0817,0.0000000,c1ccccc1SCC(N(CCO)c1c(c(sc2nc(ccc12)-c1c(O)c(OC)c(OC)cc1OC)-c1ccc(cc1)N(CCCC)CC)-c1cc(cc([N+]([O-])=O)c1)[N+](=O)[O-])=O,0,,0.0000000,0.0000,0.0000000,0.0000,0.0000000,0.0000,0.0000000,0.0000,None,13
49.2687,60.7418,49.6133,0.8621490,CCCCCCc1ccc(N(c2ccc(-c3c4ccccc4c(-c4ccc(N(c5ccc(C)cc5)c5ccc(C)cc5)cc4)c4ccc(-c5ccc(N(c6ccccc6)c6ccccc6)cc5)cc34)cc2)c2nc3ccccc3o2)cc1,1,c1ccc(N(c2ccccc2)c2ccc(-c3ccc4c(-c5ccc(N(c6ccccc6)c6ccccc6)cc5)c5ccccc5c(-c5ccc(N(c6ccccc6)c6nc7ccccc7o6)cc5)c4c3)cc2)cc1,0.9462753,431.1461,0.0670757,0.0671,0.4769115,3.7021,1.0000000,1.0000,[],13
53.4801,54.3766,-53.8512,0.0041049,CC1CCC(OCC2C(C)CCC3C2CCC(O)C32CCC2C2=CC(=O)NC2=O)OC1,1,O=C1C=C(C2CCC23CCCC2C(COC4CCCCO4)CCCC23)C(=O)N1,0.0031873,337.6201,0.6680566,0.6681,0.3278855,5.5755,1.0000000,1.0000,[],13
59.2353,61.5243,26.4344,0.6871773,CC(C)(C)c1ccc(S(=O)(=O)NC2=CN(C3C(=O)N(c4cccc5ccccc45)C(=O)c4ccccc43)Oc3ccc(Br)cc32)cc1,1,O=C1c2ccccc2C(N2C=C(NS(=O)(=O)c3ccccc3)c3ccccc3O2)C(=O)N1c1cccc2ccccc12,0.7211093,410.3142,0.1881086,0.1881,0.4861564,3.6061,1.0000000,1.0000,[],13
50.0149,56.7322,66.1911,0.9603378,COc1ccc2c(c1)C1(NC(=O)C(C3=CC(=O)c4ccc5ccccc5c4C3=O)C1C#N)C(=O)N2,1,O=C1C=C(C2CC3(NC2=O)C(=O)Nc2ccccc23)C(=O)c2c1ccc1ccccc21,0.9922616,452.6993,0.6020801,0.6021,0.4092385,4.4673,1.0000000,1.0000,[],13
52.7856,61.1116,-61.1116,0.0000000,c12c(cccc1)[S@+](C1N(C=2c2ccc(cc2)N(c2ccc(cc2)OC)c2ccc(cc2)OC)c2ccccc2B2c3c(cccc31)Oc1c2cccc1)[O-],0,,0.0000000,0.0000,0.0000000,0.0000,0.0000000,0.0000,0.0000000,0.0000,None,13
74.6026,77.0576,-64.4909,0.0981772,[C-]#[N+]c1ccc(N2CCC(Oc3cc4c(cc3F)cc(-c3cncn3Cc3cccnc3)c(=O)n4C(=O)C3CCCN3)CC2)cc1C(F)(F)F,1,O=C(C1CCCN1)n1c(=O)c(-c2cncn2Cc2cccnc2)cc2ccc(OC3CCN(c4ccccc4)CC3)cc21,0.0937480,375.3678,0.1552769,0.1553,0.4422501,4.0794,1.0000000,1.0000,[],13
54.2226,61.0719,-61.0719,0.0000000,COc1ccc2c(c1)N1C(=NN2O)C=C(C#N)C(=O)C1(C#N)c1ccccc1,1,O=C1C=CC2=NNc3ccccc3N2C1c1ccccc1,0.0000000,0.0000,0.0000000,0.0000,0.0000000,0.0000,0.0000000,0.0000,['[#7;!n][#7;!n]'],13
44.5794,47.0845,-47.0845,0.0000000,c1ccc2C(c3cc(-c4ccc5oc6ccc(-c7c8ccccc8c(cc8)c7)cc6c5)cc4C4(c5c(cccc5)-c5ccccc45)c3ccc2c1)(C)C,0,,0.0000000,0.0000,0.0000000,0.0000,0.0000000,0.0000,0.0000000,0.0000,None,13
66.9743,73.4562,-73.4562,0.0000000,CC(=C1C=CC(C=CC2=C(C=C(C#N)C(=O)O)ON(C)C(=O)C2=C(C#N)C#N)OC1)c1ccc(Cl)cc1,1,C=C1C(=O)NOC=C1C=CC1C=CC(=Cc2ccccc2)CO1,0.0000000,0.0000,0.0000000,0.0000,0.0000000,0.0000,0.0000000,0.0000,"['C(=[O,S])[O,S]']",13
46.7608,49.2393,-49.2393,0.0000000,CCOC(=O)C1=C(N)Oc2n[nH]c(C3CCCCCC3)c2C1c1ccc(C2CCCCC2)c(C#N)c1,1,C1=CC(c2ccc(C3CCCCC3)cc2)c2c(n[nH]c2C2CCCCCC2)O1,0.0000000,0.0000,0.0000000,0.0000,0.0000000,0.0000,0.0000000,0.0000,"['C(=[O,S])[O,S]']",13
21.7640,23.8750,-23.8600,0.0001175,COc1ccccc1-c1ccc2c(c1)OCO2,1,c1ccc(-c2ccc3c(c2)OCO3)cc1,0.0000740,296.7363,0.7900939,0.7901,0.7161322,1.6695,1.0000000,1.0000,[],13
99.4232,112.3312,-112.3312,0.0000000,O1C(C)c2c3c4c(cccc4c(Cc4ccc(c(c4C)OC)N(CCCC)CCCC)c4c3c(c1OC)cccc4NC1C(C)C(N(CC)C2C1C)(CC(CC)CCCC)CCCC)N(CCCC)CCCC,0,,0.0000000,0.0000,0.0000000,0.0000,0.0000000,0.0000,0.0000000,0.0000,None,13
74.4112,77.2972,-77.2972,0.0000000,c1c2c3c4c(cc(-c5ccc6n(-c7cc(ccc7)-c7ccc(C(F)(F)F)cc7)c7cc8c(cccc8)cc8c8c7c6cc6)c5c5cc(cc(C2)c5c41)C(C)(C)C)cc(C(C)(C)C)cc3,0,,0.0000000,0.0000,0.0000000,0.0000,0.0000000,0.0000,0.0000000,0.0000,None,13
52.2642,56.3957,24.3707,0.6309871,COc1ccc(C(=O)c2c(N3CCC(Cc4ccc(Br)cc4)C3)ccc3c(Br)c(OC)c(=O)oc23)cc1,1,O=C(c1ccccc1)c1c(N2CCC(Cc3ccccc3)C2)ccc2ccc(=O)oc12,0.6600808,407.2055,0.1693141,0.1693,0.5334848,3.1416,1.0000000,1.0000,[],13
27.7865,26.6041,-26.5492,0.0004290,CCN(CC)C(=O)c1ccc2c(c1)NC(=O)C(C)S2,1,O=C1CSc2ccccc2N1,0.0002893,311.5368,0.9242800,0.9243,0.5745906,2.7705,1.0000000,1.0000,[],13
38.9638,47.4031,69.2018,0.9109759,CCCN1c2cc3oc(=O)c(-c4ccc(-c5ccc(C(C)=O)s5)s4)cc3cc2C(C)(C)CC1(C)C,1,O=c1oc2cc3c(cc2cc1-c1ccc(-c2cccs2)s1)CCCN3,0.9663230,483.5553,0.2028999,0.2029,0.5261547,3.2108,1.0000000,1.0000,[],13
26.5834,28.4774,-14.9217,0.1059035,COc1cc(CNc2ccc3oc(=O)ccc3c2)ccc1O,1,O=c1ccc2cc(NCc3ccccc3)ccc2o1,0.0958775,375.6372,0.7239213,0.7239,0.6674809,2.0212,1.0000000,1.0000,[],13
33.8004,36.5667,-36.5667,0.0000000,O=C(O)CN(C12CC3CC(CC(C3)C1)C2)C1(O)c2ccccc2-c2ccccc21,1,c1ccc2c(c1)-c1ccccc1C2NC12CC3CC(CC(C3)C1)C2,0.0000000,0.0000,0.0000000,0.0000,0.0000000,0.0000,0.0000000,0.0000,"['C(=[O,S])[O,S]']",13
45.6410,53.3682,-53.3682,0.0000000,Cc1oc2C(c3ccc4-c5ccc(cc5C(c4c3)(C)C)-c3ccc(cc3)N(c3ccccc3)c3ccccc3)=CC(c2cc1)=O,0,,0.0000000,0.0000,0.0000000,0.0000,0.0000000,0.0000,0.0000000,0.0000,None,13
28.7428,29.7917,-13.3670,0.1283184,CCNc1c(C#N)c2ccccc2n(C)c1=O,1,O=c1ccc2ccccc2[nH]1,0.1169176,378.0470,0.8512416,0.8512,0.6238298,2.3594,1.0000000,1.0000,[],13
60.9506,67.3441,-67.3441,0.0000000,c1(C)cc2sc3nnc(Sc4c5ccc(NC(=O)C)cc5n(C)c4-c4ccc(N(CC)CC)cc4S3)nc2cc1,0,,0.0000000,0.0000,0.0000000,0.0000,0.0000000,0.0000,0.0000000,0.0000,None,13
39.3726,42.5950,-42.2849,0.0024225,O=C(NC1Cc2c(Cl)ccc(-c3cccc4[nH]c(=O)ccc34)c2OB1O)C(F)(F)F,1,O=c1ccc2c(-c3cccc4c3OBCC4)cccc2[nH]1,0.0018275,331.5660,0.5389249,0.5389,0.4767981,3.7033,1.0000000,1.0000,[],13
61.0409,74.7619,-74.7619,0.0000000,c1cc(ccc1F)C(=O)c1c2c(n(C)c3c1cc(cc3)C(=O)c1sc3c(c1-c1ccc(cc1)N(C)C)ccc1ccccc13)sc(-c1ccc(cc1)OC)c2,0,,0.0000000,0.0000,0.0000000,0.0000,0.0000000,0.0000,0.0000000,0.0000,None,13
50.1938,54.1143,-54.0662,0.0003758,CC(=O)Nc1ccc(N2OC3CCN(Cc4ccc(-c5ccn[nH]5)cc4)C2C(O)C3O)cc1,1,c1ccc(N2OC3CCC2N(Cc2ccc(-c4ccn[nH]4)cc2)CC3)cc1,0.0002591,310.3376,0.4717601,0.4718,0.3969340,4.6199,1.0000000,1.0000,[],13
26.9185,27.1661,-27.1661,0.0000000,COCCNC1(C(=O)OC)CCCCC1=O,1,O=C1CCCCC1,0.0000000,0.0000,0.0000000,0.0000,0.0000000,0.0000,0.0000000,0.0000,"['C(=[O,S])[O,S]']",13
43.3543,44.6670,-40.3459,0.0337580,CN(C)Cc1cc(NC(=O)c2ccc(N(C)C)cc2NC(=O)c2cnn3cccnc23)ccc1F,1,O=C(Nc1ccccc1)c1ccccc1NC(=O)c1cnn2cccnc12,0.0293353,362.0080,0.4249463,0.4249,0.5960791,2.5869,1.0000000,1.0000,[],13
65.9921,74.2275,-70.7642,0.0270573,CCCCCCc1ccc(C2=C(CCC(C)(C)CC)C(C)(C=Cc3ccccc3)c3cc(OC)ccc3[N+]2CCCCCC(=O)NCCCC)c(OC)c1,1,C(=CC1C=C(c2ccccc2)[NH+]c2ccccc21)c1ccccc1,0.0246718,360.0763,0.0779425,0.0779,0.4436018,4.0641,1.0000000,1.0000,[],13
69.4589,86.6922,-86.6922,0.0000000,C1C(=C(c2c(cc(-c3ccc(s3)C)c(C)cc2)C)C(=O)C2Oc3c(C=C2C=1c1ccccc1)ccc(N(c1ccc(cc1)C)c1ccc(cc1)C=C(C#N)C#N)c3)C,0,,0.0000000,0.0000,0.0000000,0.0000,0.0000000,0.0000,0.0000000,0.0000,None,13
48.0678,55.4752,-6.9445,0.3791459,CC(=O)NC(CC(N)=O)C(=O)N(Cc1c2ccccc2cc2ccccc12)c1ccc2ccc3cc(N(C)C)ccc3c2c1,1,c1ccc2c(CNc3ccc4ccc5ccccc5c4c3)c3ccccc3cc2c1,0.3867625,394.9954,0.1631612,0.1632,0.5221406,3.2491,1.0000000,1.0000,[],13
107.0807,117.6757,-117.6757,0.0000000,CCOC(=O)C1Cc2cc(Cl)ccc2-c2cc3C4=C(C)c5cc6c(N(CCOC)C(=O)C(C#N)(c6cc5OC(C)(C)C)OCCCC)cc4CCC=3c3c(c1O2)cc(c(c3)OC)OC,0,,0.0000000,0.0000,0.0000000,0.0000,0.0000000,0.0000,0.0000000,0.0000,None,13
47.9520,52.3547,-52.3547,0.0000000,[C-]#[N+]c1cc(C=Cc2cc(C#N)cc(OC(=O)c3ccc(OCCCCCCC)cc3)c2)ccc1OCCCCCCOC(=O)c1ccccc1,1,O=C(OCCCCCCOc1ccc(C=Cc2cccc(OC(=O)c3ccccc3)c2)cc1)c1ccccc1,0.0000000,0.0000,0.0000000,0.0000,0.0000000,0.0000,0.0000000,0.0000,"['C(=[O,S])[O,S]']",13
25.1138,26.5585,93.3461,0.9367546,OCCOc1ccc(N=Nc2c3ccccc3cc3ccccc23)cc1,1,c1ccc(N=Nc2c3ccccc3cc3ccccc23)cc1,0.9726095,438.7585,0.3690822,0.3691,0.6361067,2.2619,1.0000000,1.0000,[],13
40.0039,41.3854,50.8652,0.7207082,Cc1ccc(N=Nc2sc3cc(N=Nc4ccccc4)ccc3[n+]2C)c(C)c1N(C)C,1,c1ccc(N=Nc2ccc3[nH+]c(N=Nc4ccccc4)sc3c2)cc1,0.7509344,508.0178,0.2435783,0.2436,0.5210969,3.2591,1.0000000,1.0000,[],13
77.7847,95.4209,-95.4209,0.0000000,c1(F)ccccc1C(=O)c1cc2C(C(C=Cc2cc1-n1c2cc(I)c(cc2c(-c2ccc(cc2)C=C2c3c(cccc3)N(CCCC)C2=O)s1)C=C1C(=O)N(C(=O)N(C)C1=O)C)=O)=O,0,,0.0000000,0.0000,0.0000000,0.0000,0.0000000,0.0000,0.0000000,0.0000,None,13
111.3817,129.0789,-129.0789,0.0000000,c1(c2cccc3CCCc(cc1)c32)-c1cc2-c3c(c(c(cc3)/C=N\n3c4ccc(cc4c4cc(ccc34)C)C)C#N)-c3c(C#N)cccc13)C(=Cc1cc3c(cc1)n(C)c(C=Cc1cc(C)c(cc1)C)c3N)C(N2c1ccc(OC)cc1)=O,0,,0.0000000,0.0000,0.0000000,0.0000,0.0000000,0.0000,0.0000000,0.0000,None,13
68.3947,79.5852,-79.5852,0.0000000,c1c(ccc(C)c1)/C=C/[C@]1(NC(=O)c2cc3c(c4ccc(cc4c4c3c(C(=O)N(CCCC)C4=O)cc2C(=C1C)C)C)CC)c1ccccc1,0,,0.0000000,0.0000,0.0000000,0.0000,0.0000000,0.0000,0.0000000,0.0000,None,13
43.7818,46.5146,-17.0932,0.2298549,COc1cc(-c2oc3cc(=O)cc4oc(=O)ccc(c2O)c34)c(C)c(O)c1O,1,O=c1cc2oc(-c3ccccc3)cc3ccc(=O)oc(c1)c32,0.2209881,533.6794,0.4511195,0.4511,0.5416682,3.0655,1.0000000,1.0000,[],13
56.8764,60.9725,-60.9725,0.0000000,COc1cc(F)c(F)cc1-c1cc(-c2ccccc2C#Cc2cc(OC)c(OC)c(OC)c2)nc(OC)c1I,1,C(#Cc1ccccc1-c1cc(-c2ccccc2)ccn1)c1ccccc1,0.0000000,0.0000,0.0000000,0.0000,0.0000000,0.0000,0.0000000,0.0000,['C#C'],13
29.8763,31.5417,-30.1915,0.0105483,COc1ccc(-c2cc(=O)n(C=O)c3ccccc23)cc1,1,O=c1cc(-c2ccccc2)c2ccccc2[nH]1,0.0084759,348.2971,0.6925460,0.6925,0.6450664,2.1920,1.0000000,1.0000,[],13
45.8601,50.1198,66.1128,0.9080671,COc1ccc(Oc2ccc3c(c2)NC2OCC(c4ccccc4)=CC2=C3C#N)cc1,1,C1=C(c2ccccc2)COC2Nc3cc(Oc4ccccc4)ccc3C=C12,0.9306350,428.1910,0.6061149,0.6061,0.5188531,3.2807,1.0000000,1.0000,[],13
30.8574,37.0507,-25.0453,0.0937927,COc1cc(Br)ccc1-c1ccc(-c2sc(Br)c(Br)c2Br)s1,1,c1ccc(-c2ccc(-c3cccs3)s2)cc1,0.0870443,374.4823,0.3001163,0.3001,0.5686526,2.8224,1.0000000,1.0000,[],13
96.5323,122.9807,-122.9807,0.0000000,C1N(CC=C(C#Cc2cc(OC)c(c(c2)OC)OC)c2cc3c(cc2)n(C)c(-c2c4c(ccc5cccc2c45)OC)c2cc(-c4cc5c(cc4)n(c(C=Cc4ccc(N(C)C)cc4)c4C=CC(C)(C=C4)C(OC)=O)cc52)cc3)CCOC1,0,,0.0000000,0.0000,0.0000000,0.0000,0.0000000,0.0000,0.0000000,0.0000,None,13
40.5750,50.0965,37.6857,0.6857988,O=c1c2ccc(-c3c4ccccc4c(-c4sc(-c5ccc(N(c6ccccc6)c6ccccc6)cc5)c5ccccc45)c4ccccc34)cc2oc2cc3ccccc3cc12,1,O=c1c2ccc(-c3c4ccccc4c(-c4sc(-c5ccc(N(c6ccccc6)c6ccccc6)cc5)c5ccccc45)c4ccccc34)cc2oc2cc3ccccc3cc12,0.7221674,410.3714,0.1571657,0.1572,0.5370330,3.1085,1.0000000,1.0000,[],13
42.7034,60.2258,46.1862,0.8313442,COc1ccc(N(c2ccccc2)c2ccc(CN3C(=O)c4ccc(N(c5ccc(-c6ccc(-c7ccc(N(c8ccccc8)c8ccccc8)s7)cc6)cc5)c5ccc(N(c6ccccc6)c6ccccc6)cc5)cc4C3=O)cc2)cc1,1,O=C1c2ccc(N(c3ccc(-c4ccc(-c5ccc(N(c6ccccc6)c6ccccc6)s5)cc4)cc3)c3ccc(N(c4ccccc4)c4ccccc4)cc3)cc2C(=O)N1Cc1ccc(N(c2ccccc2)c2ccccc2)cc1,0.9040571,424.3546,0.0842144,0.0842,0.4804638,3.6650,1.0000000,1.0000,[],13
43.0060,48.2428,55.7844,0.8127125,CC(C)=CCC1=C(C#N)C(=C(C#N)C#N)C(C#N)(C(C#N)C#N)C2(CCC2)C1,1,C=C1C=CCC2(CCC2)C1,0.8377057,417.8197,0.5391104,0.5391,0.3568496,5.1522,1.0000000,1.0000,[],13
50.1516,58.9144,-53.3265,0.0436553,Cc1ccc(S(=O)(=O)OC(N=Nc2ccc(N(C)CCC#N)cc2)=C(C#N)C(=S)Nc2cccc(C#N)c2)cc1,1,O=S(=O)(OC(=CC(=S)Nc1ccccc1)N=Nc1ccccc1)c1ccccc1,0.0406865,554.3127,0.0786468,0.0786,0.5121968,3.3452,1.0000000,1.0000,[],13
78.9873,102.3731,6.7428,0.8524680,CCCCCCOc1ccc(N(c2ccc(OC)cc2)c2cc(Nc3nc(NCCCC)cc(-c4ccccc4)n3)c3c(c2-c2cccc(N(c4ccc(C#N)cc4)c4ccc(-c5ccc(N(c6ccccc6)c6ccccc6)cc5)cc4)c2)=CC(=N)CC=3)cc1,1,N=C1C=c2c(-c3cccc(N(c4ccccc4)c4ccc(-c5ccc(N(c6ccccc6)c6ccccc6)cc5)cc4)c3)c(N(c3ccccc3)c3ccccc3)cc(Nc3nccc(-c4ccccc4)n3)c2=CC1,0.9488024,488.3018,0.0476412,0.0476,0.3991008,4.5927,1.0000000,1.0000,[],13
66.5858,75.6146,-43.0317,0.2545539,C=CC(=O)c1cc(P(C)(=C(c2ccc(N(c3ccccc3)c3ccccc3)cc2)c2ccc3c(c2)N(C)c2ccccc2N3c2ccc(C)cc2)c2cccnc2)cs1,1,c1ccc(N(c2ccccc2)c2ccc(C(c3ccc4c(c3)Nc3ccccc3N4c3ccccc3)=[PH](c3cccnc3)c3ccsc3)cc2)cc1,0.2612319,531.2870,0.0782359,0.0782,0.4366515,4.1431,1.0000000,1.0000,[],13
26.1946,24.8363,-24.8363,0.0000000,O=C(O)c1ccc(CNc2cc(F)cc(F)c2)o1,1,c1ccc(NCc2ccco2)cc1,0.0000000,0.0000,0.0000000,0.0000,0.0000000,0.0000,0.0000000,0.0000,"['C(=[O,S])[O,S]']",13
38.2464,39.7551,-39.6971,0.0004532,CCSc1cccc2c1ccn2-c1cc(F)c(OC)c(F)c1,1,c1ccc(-n2ccc3ccccc32)cc1,0.0003099,312.2852,0.6262146,0.6262,0.6081798,2.4864,1.0000000,1.0000,[],13
73.9523,93.9543,-82.8568,0.0866986,COc1cc2cc(C)c(N(c3ccccc3)c3ccccc3)cc2c(N)c1OCc1csc(NC(=O)c2ccc(-c3ccc4c(c3)CN(C)CC4=O)c(F)c2)n1,1,O=C(Nc1nc(COc2ccc3ccc(N(c4ccccc4)c4ccccc4)cc3c2)cs1)c1ccc(-c2ccc3c(c2)CNCC3=O)cc1,0.0824058,373.8327,0.1326144,0.1326,0.5113656,3.3534,1.0000000,1.0000,[],13
55.6412,75.8004,-75.8004,0.0000000,c1(nn(c(c1I)-c1c2c(ccc(c2)-c2ccc(cc2)-c2ccc(cc2)N(CCCC)CCCC)sc2c1ccc(c2)N(c1ccc(cc1)C)c1ccc(C)cc1)C#N)-c1ccccc1,0,,0.0000000,0.0000,0.0000000,0.0000,0.0000000,0.0000,0.0000000,0.0000,None,13
57.2870,73.8223,-73.8223,0.0000000,COc1ccc(N(c2ccccc2)c2ccc(C#Cc3ccc(N(c4ccc(-c5cc(-c6ccc(N(C)C)cc6)cc(-c6ccc(-c7ccc(C#N)c(C#N)c7)s6)n5)cc4)c4ccc(-c5ccc(-c6ccc(C=C(C#N)C#N)s6)s5)cc4)cc3)cc2)cc1,1,C(#Cc1ccc(N(c2ccc(-c3cc(-c4ccccc4)cc(-c4ccc(-c5ccccc5)s4)n3)cc2)c2ccc(-c3ccc(-c4cccs4)s3)cc2)cc1)c1ccc(N(c2ccccc2)c2ccccc2)cc1,0.0000000,0.0000,0.0000000,0.0000,0.0000000,0.0000,0.0000000,0.0000,['C#C'],14
25.8103,26.8328,-24.7674,0.0161363,C=CCn1c(=NC(=O)c2cccc(N(C)C)c2)sc2ccccc21,1,O=C(N=c1[nH]c2ccccc2s1)c1ccccc1,0.0132753,353.2212,0.6809512,0.6810,0.6251141,2.3491,1.0000000,1.0000,[],14
40.0144,43.6226,-39.4775,0.0323836,CCCCN(CCCC)c1cccc(NC(=O)c2ccc(C(=O)NC3CC3c3ccccc3)cc2)c1,1,O=C(Nc1ccccc1)c1ccc(C(=O)NC2CC2c2ccccc2)cc1,0.0284238,361.6551,0.3038468,0.3038,0.5526153,2.9655,1.0000000,1.0000,[],14
41.5984,49.8882,-49.8882,0.0000000,Cc1ccccc1Nc1ccc2cc(C=NNc3ccc(-n4c5ccccc5c5ccccc54)cc3)ccc2n1,1,C(=NNc1ccc(-n2c3ccccc3c3ccccc32)cc1)c1ccc2nc(Nc3ccccc3)ccc2c1,0.0000000,0.0000,0.0000000,0.0000,0.0000000,0.0000,0.0000000,0.0000,['[#7;!n][#7;!n]'],14
86.0726,100.6946,0.8469,0.7932927,CCCCCCOc1cc(C(C=Cc2ccc(N(c3ccccc3)c3ccc(OCCCCC)cc3)cc2)=C(C#N)C#N)c(Cl)cc1C1=Cc2c(-c3ccc(-c4ccc(-c5ccc(C(F)(F)F)cc5C(F)(F)F)s4)s3)cc(C#N)nc2C1(CCCC)CCCCCC,1,C=C(C=Cc1ccc(N(c2ccccc2)c2ccccc2)cc1)c1ccc(C2=Cc3c(-c4ccc(-c5ccc(-c6ccccc6)s5)s4)ccnc3C2)cc1,0.9073943,495.2210,0.0198942,0.0199,0.3374984,5.4310,1.0000000,1.0000,[],14
82.2349,87.7353,-87.7353,0.0000000,COCCN(CCOC)c1cc(N=Nc2cc(NC(C)=O)ccc2OCCSCCCCCCCO)c(NC(C)=O)cc1-c1[nH]c(C#N)c(C(=O)OC)c1C#N,1,c1ccc(N=Nc2ccc(-c3ccc[nH]3)cc2)cc1,0.0000000,0.0000,0.0000000,0.0000,0.0000000,0.0000,0.0000000,0.0000,"['C(=[O,S])[O,S]']",14
42.9960,57.4426,-50.5197,0.0540853,COc1ccc(N(c2ccc(OC)cc2)c2ccc(-c3ccc(N4CCCc5cc(-n6c(=O)c7ccc(=O)c(=O)c=7c6=O)ccc54)cc3)cc2)cc1,1,O=c1ccc2c(=O)n(-c3ccc4c(c3)CCCN4c3ccc(-c4ccc(N(c5ccccc5)c5ccccc5)cc4)cc3)c(=O)c=2c1=O,0.0497925,552.0164,0.1618939,0.1619,0.5306738,3.1680,1.0000000,1.0000,[],14
44.2965,47.0655,-46.5028,0.0043958,CCCCCCn1c(=O)cc(C(C)CCCCC)c2c(N)nc(SC)nc21,1,O=c1ccc2cncnc2[nH]1,0.0034717,338.5512,0.3175049,0.3175,0.5294533,3.1796,1.0000000,1.0000,[],14
37.2896,42.7387,17.9326,0.4739952,Cn1c2ccccc2c2cc(-c3ccc(N(c4cccc5ccccc45)c4cc5c6ccccc6c6ccccc6c5c5ccccc45)cc3)ccc21,1,c1ccc2c(N(c3ccc(-c4ccc5[nH]c6ccccc6c5c4)cc3)c3cc4c5ccccc5c5ccccc5c4c4ccccc34)cccc2c1,0.4877061,399.4660,0.1687263,0.1687,0.5759834,2.7584,1.0000000,1.0000,[],14
43.1569,50.6260,-50.6260,0.0000000,N#Cc1c2ccccc2c(C#Cc2c3ccccc3c3c4c(cccc24)Sc2cc4ccccc4cc2C=C3)c2ccccc12,1,C(#Cc1c2ccccc2c2c3c(cccc13)Sc1cc3ccccc3cc1C=C2)c1c2ccccc2cc2ccccc12,0.0000000,0.0000,0.0000000,0.0000,0.0000000,0.0000,0.0000000,0.0000,"['[*;r{8-17}]', 'C#C']",14
43.2031,50.9094,69.0940,0.9375263,N#Cc1ccc(C=CC=C(c2ccccc2)N2CCCN(c3ccc(-c4ccccc4)cc3)CC2)c2ccccc12,1,C(=Cc1cccc2ccccc12)C=C(c1ccccc1)N1CCCN(c2ccc(-c3ccccc3)cc2)CC1,0.9931913,454.0992,0.2054554,0.2055,0.5902480,2.6361,1.0000000,1.0000,[],14
69.3197,83.2809,-37.8231,0.3551394,COc1ccc(N(c2ccccc2)c2ccc3c(-c4c(-c5ccc(N(c6ccccc6)c6ccccc6)cc5)cc5c(c4CCBr)-c4ccccc4C5(O)c4ccc(C)cc4Cl)cc(=O)oc3c2)cc1,1,O=c1cc(-c2cc3c(cc2-c2ccc(N(c4ccccc4)c4ccccc4)cc2)C(c2ccccc2)c2ccccc2-3)c2ccc(N(c3ccccc3)c3ccccc3)cc2o1,0.3684877,394.1510,0.0971705,0.0972,0.4300762,4.2190,1.0000000,1.0000,[],14
27.3781,33.6605,-33.4009,0.0020281,N=c1oc2ccccc2n(Cc2cc3ccccc3oc2=O)c1=O,1,N=c1oc2ccccc2n(Cc2cc3ccccc3oc2=O)c1=O,0.0015053,329.4570,0.5735492,0.5735,0.6015301,2.5414,1.0000000,1.0000,[],14
66.8139,83.3900,15.1228,0.7696313,CCCCN(c1ccc(OC)cc1)c1ccc2c(c1)C1(CC(=C(C#N)C#N)c3cc(C=O)ccc3N1CCCC)c1ccccc1N2c1ccc2oc3cccc(OC)c3c(=O)c2c1,1,C=C1CC2(Nc3ccccc31)c1ccccc1N(c1ccc3oc4ccccc4c(=O)c3c1)c1ccc(Nc3ccccc3)cc12,0.8437070,501.6937,0.0666829,0.0667,0.3837179,4.7892,1.0000000,1.0000,[],14
40.9715,51.6283,63.6457,0.9005785,C(=Cc1ccc(N2c3ccccc3Oc3cc(N(c4ccccc4)c4ccc(C=Cc5cc6sc(N(c7ccccc7)c7ccccc7)cc6s5)cc4)ccc32)cc1)c1ccc(N(c2ccccc2)c2ccccc2)cc1,1,C(=Cc1ccc(N2c3ccccc3Oc3cc(N(c4ccccc4)c4ccc(C=Cc5cc6sc(N(c7ccccc7)c7ccccc7)cc6s5)cc4)ccc32)cc1)c1ccc(N(c2ccccc2)c2ccccc2)cc1,0.9780476,441.2220,0.1009772,0.1010,0.4760405,3.7113,1.0000000,1.0000,[],14
40.3647,46.2685,-43.2221,0.0238004,COc1cc2cc(-c3cccc(C#N)c3)c(C#N)c(N3CCC4(CCCC4)CC3)c2cc1OC,1,c1ccc(-c2cc(N3CCC4(CCCC4)CC3)c3ccccc3c2)cc1,0.0203119,357.9166,0.4572145,0.4572,0.5259292,3.2129,1.0000000,1.0000,[],14
47.2071,49.0355,-5.7299,0.3383255,CCOc1ccc(C(=O)n2c(C(=O)N3CCCC(C)C3)c(Nc3ccc(C)cc3)c3ccccc3c2=O)cc1,1,O=C(c1c(Nc2ccccc2)c2ccccc2c(=O)n1C(=O)c1ccccc1)N1CCCCC1,0.3349686,392.5540,0.3346640,0.3347,0.5522471,2.9688,1.0000000,1.0000,[],14
55.5515,58.4617,-58.4043,0.0004480,CC(C)CC(F)(C=Cc1ccc(Cl)c(Cl)c1)C(=O)N1CCN(Cc2ccccc2)C(=O)C1CCC(=O)N1CCCCCC1,1,O=C(CCC1C(=O)N(Cc2ccccc2)CCN1C(=O)CC=Cc1ccccc1)N1CCCCCC1,0.0003158,312.4891,0.2795304,0.2795,0.4718017,3.7560,1.0000000,1.0000,[],14
69.7693,73.9823,-73.9823,0.0000000,COc1c2ccc(=O)c3ccc4c5cc(C(=O)O)nc6c(n5)c(c=2c2nc5c(O)cccc5c3c24)c16,1,O=c1ccc2cc3c4nccc5nc4c3c=2c2nc3ccccc3c3c1ccc5c23,0.0000000,0.0000,0.0000000,0.0000,0.0000000,0.0000,0.0000000,0.0000,"['[*;r{8-17}]', 'C(=[O,S])[O,S]']",14
53.8507,61.5532,-61.5532,0.0000000,C(CCc1c2c(c3c(c4c(cc(OC)cc4)c(c-3c(c2cc1)C#N)O)C#N)C#N)=C,0,,0.0000000,0.0000,0.0000000,0.0000,0.0000000,0.0000,0.0000000,0.0000,None,14
41.1715,55.3117,59.7093,0.8986015,CCCCN(CCCC)c1ccc2cc(-c3c4ccccc4c(C(n4nnc5ccccc54)C(F)(F)F)c4ccccc34)ccc2c1,1,c1ccc2cc(-c3c4ccccc4c(Cn4nnc5ccccc54)c4ccccc34)ccc2c1,0.9644482,435.8354,0.1410473,0.1410,0.5024157,3.4416,1.0000000,1.0000,[],14
33.0580,41.5008,-41.5008,0.0000000,CCCCN(CCCC)c1ccc2c3c1ccc1c(=O)c4c(OC)ccc-2c4ccc13,1,O=c1c2cccc3c2ccc2c1ccc1cccc-3c12,0.0000000,0.0000,0.2779985,0.2780,0.5237753,3.2335,1.0000000,1.0000,[],14
64.0835,74.3183,-74.3183,0.0000000,COc1ccc(C2(c3ccc(OC)cc3)c3ccc4cc(OC)cc(OC)c4c3C=CN2CCNc2c(OC(=O)C=Cc3cccc([N+](=O)[O-])c3)ccc3ccccc23)cc1,1,O=C(C=Cc1ccccc1)Oc1ccc2ccccc2c1NCCN1C=Cc2c(ccc3ccccc23)C1(c1ccccc1)c1ccccc1,0.0000000,0.0000,0.0000000,0.0000,0.0000000,0.0000,0.0000000,0.0000,"['C(=[O,S])[O,S]']",14
37.0751,47.1168,68.9487,0.9067619,Oc1ccc(N(c2ccccc2)c2ccc(Nc3c4ccccc4nc4cc(O)c(N(c5ccccc5)c5ccccc5)cc34)cc2)cc1,1,c1ccc(N(c2ccccc2)c2ccc(Nc3c4ccccc4nc4ccc(N(c5ccccc5)c5ccccc5)cc34)cc2)cc1,0.9702244,437.8253,0.1441843,0.1442,0.5752515,2.7647,1.0000000,1.0000,[],14
57.6564,68.7133,-13.6591,0.4301106,O=C(CC12CCN(c3ccc(-c4ccc5c(=O)cc(S(=O)(=O)Nc6ccc(N7CCCCC7)cc6)oc5c4)cc3)CCC1C2)N1CCCCC1,1,O=C(CC12CCN(c3ccc(-c4ccc5c(=O)cc(S(=O)(=O)Nc6ccc(N7CCCCC7)cc6)oc5c4)cc3)CCC1C2)N1CCCCC1,0.4394863,397.3590,0.2071911,0.2072,0.4619009,3.8620,1.0000000,1.0000,[],14
25.3560,28.4232,-28.3264,0.0007564,COc1ccc(N(Cc2cccnc2)c2ccc(Cl)cc2)cc1,1,c1ccc(N(Cc2cccnc2)c2ccccc2)cc1,0.0005294,318.1013,0.6539373,0.6539,0.6801657,1.9271,1.0000000,1.0000,[],14
63.5541,72.3417,-72.3417,0.0000000,CN(C)c1ccc(-c2c3ccccc3c(C3=C4C=CC=C5C=CC6=C4c4c(cccc4-c4ccccc4)C6=c4ccc6cccc(C#N)c6c4=C53)c3ccccc23)cc1,1,C1=CC2=C(c3c4ccccc4c(-c4ccccc4)c4ccccc34)C3=c4c(ccc5ccccc45)=C4C(=C2c2c4cccc2-c2ccccc2)C=CC3=C1,0.0000000,0.0000,0.0000000,0.0000,0.0000000,0.0000,0.0000000,0.0000,['[*;r{8-17}]'],14
39.6489,41.8960,60.7016,0.8015438,C=CSC(C=CC(=N)C#N)=CN(C)C,1,,0.8228137,416.6718,0.5559078,0.5559,0.3999782,4.5817,1.0000000,1.0000,[],14
51.2651,51.3313,-51.2591,0.0005642,Cc1cnc2c(C(=O)NC(CC(C)(C)C)C(=O)Nc3ccc(Cl)cc3)c(C)n(CC3CCCO3)c2c1,1,O=C(CNC(=O)c1cn(CC2CCCO2)c2cccnc12)Nc1ccccc1,0.0003966,314.9635,0.4292507,0.4293,0.5033734,3.4321,1.0000000,1.0000,[],14
30.4799,37.8739,-30.1742,0.0601536,Cc1ccc(N(c2ccc(-c3ccccc3)cc2)c2ccc(-c3ccc(-n4c5ccccc5c5ccccc54)cc3C#N)cc2)cc1,1,c1ccc(-c2ccc(N(c3ccccc3)c3ccc(-c4ccc(-n5c6ccccc6c6ccccc65)cc4)cc3)cc2)cc1,0.0552682,369.1792,0.1898560,0.1899,0.5996025,2.5574,1.0000000,1.0000,[],14
99.7278,120.1823,-29.8177,0.7059739,CCC(C)(CC)N(CC(C)Cc1ccccc1C)C1(C)CCOCC(C)(C)N1c1c(-c2csnc2-c2c(C)c(C)c(C)c(C)c2C)c(N(c2ccc(C)cc2)c2ccc(C)cc2)cc2ccc(N(c3ccccc3)c3ccccc3)cc12,1,c1ccc(CCCNC2CCOCCN2c2c(-c3csnc3-c3ccccc3)c(N(c3ccccc3)c3ccccc3)cc3ccc(N(c4ccccc4)c4ccccc4)cc23)cc1,0.7648970,412.8086,0.0904098,0.0904,0.3419544,5.3654,1.0000000,1.0000,[],14
34.3592,44.5632,-24.9580,0.1531652,Cc1ccc(N(c2ccc(C)cc2)c2ccc3c(c2)-c2cc(-c4ccc(-c5ccc(N(c6ccc(C)cc6)c6ccc(C)cc6)s5)cc4)ccc2C3(C)C)cc1,1,c1ccc(N(c2ccccc2)c2ccc3c(c2)-c2cc(-c4ccc(-c5ccc(N(c6ccccc6)c6ccccc6)s5)cc4)ccc2C3)cc1,0.1490731,381.0877,0.1529460,0.1529,0.5555645,2.9389,1.0000000,1.0000,[],14
28.4274,29.9876,-29.9876,0.0000000,O=C(NN=Cc1cc([N+](=O)[O-])ccc1O)C(=O)Nc1ccc(Cl)c(C(F)(F)F)c1,1,O=C(NN=Cc1ccccc1)C(=O)Nc1ccccc1,0.0000000,0.0000,0.0000000,0.0000,0.0000000,0.0000,0.0000000,0.0000,['[#7;!n][#7;!n]'],14
26.2961,36.3660,-24.2799,0.0944228,COc1ccc(N(c2ccc(OC)cc2)c2ccc(-c3ccc(C=Cc4ccc(NC(C)=O)cc4)cc3)cc2)cc1,1,C(=Cc1ccc(-c2ccc(N(c3ccccc3)c3ccccc3)cc2)cc1)c1ccccc1,0.0887242,374.7098,0.1896263,0.1896,0.6382540,2.2451,1.0000000,1.0000,[],14
89.9552,117.2552,-117.2552,0.0000000,CCCCN(CC)c1ccc(-c2ccc(C#CC(NC(=O)c3cc(C)ccc3C)(C(=O)NC(Cc3ccccc3)C(=O)Nc3ccc(-c4nc5ccc(N(C)C)cc5s4)cc3)c3c(-c4cccc5ccccc45)nnn3-c3ccc(N(C)C)cc3)s2)cc1,1,O=C(NC(C#Cc1ccc(-c2ccccc2)s1)(C(=O)NC(Cc1ccccc1)C(=O)Nc1ccc(-c2nc3ccccc3s2)cc1)c1c(-c2cccc3ccccc23)nnn1-c1ccccc1)c1ccccc1,0.0000000,0.0000,0.0000000,0.0000,0.0000000,0.0000,0.0000000,0.0000,['C#C'],14
26.0032,30.2336,-29.6151,0.0048325,CN(C)C(=O)c1ccc(C=C(C#N)c2ccc(F)cc2)cc1,1,C(=Cc1ccccc1)c1ccccc1,0.0037329,339.3417,0.6411221,0.6411,0.6703651,1.9997,1.0000000,1.0000,[],14
84.6187,101.4259,-3.4603,0.7653562,CCN(CCC#N)c1ccc(C=Cc2ccc(CCOc3ccc4c5c(ccc4c3)C(=Cc3ccc4c(c3)N(CCO)c3cc(N6c7ccccc7Sc7ccccc76)ccc3S4)C(c3ccccc3)=C(c3ccc(OC)cc3)C5=O)cc2)cc1,1,O=C1C(c2ccccc2)=C(c2ccccc2)C(=Cc2ccc3c(c2)Nc2cc(N4c5ccccc5Sc5ccccc54)ccc2S3)c2ccc3cc(OCCc4ccc(C=Cc5ccccc5)cc4)ccc3c21,0.8297198,502.8058,0.0889446,0.0889,0.4171156,4.3720,1.0000000,1.0000,[],14
63.7464,75.5041,-0.0006,0.5898705,CCCCCCCCCCCCCCC(CCCCCCCCCCCC)c1cc(C)c(-c2cc3c(-c4ncc(C(C)(C)C)[nH]4)nc(Nc4cccc(C)c4)nc3s2)s1,1,c1ccc(Nc2nc(-c3ncc[nH]3)c3cc(-c4cccs4)sc3n2)cc1,0.6427937,406.3788,0.0470923,0.0471,0.4415781,4.0870,1.0000000,1.0000,[],14
40.9061,46.0752,-46.0752,0.0000000,c1ccc2c3c(-c4c-2ccc(c4)O)c(c(c(=O)o3)O)c1N,0,,0.0000000,0.0000,0.0000000,0.0000,0.0000000,0.0000,0.0000000,0.0000,None,14
30.9761,34.9845,48.1674,0.6496242,CCN(CC)c1ccc2c(C=NO)ccc(N(C)C)c2c1,1,c1ccc2ccccc2c1,0.6553693,406.9783,0.5184687,0.5185,0.5997053,2.5566,1.0000000,1.0000,[],14
85.4156,100.1272,-24.9599,0.5872447,CCCCN(CCO)c1[nH]c(=O)sc1C=C1C=C(c2ccc(N(C)C)cc2)c2nc3ccccc3c(-c3cn(-c4ccc(N5CCNCC5)cc4)c(NC)n3)c2CC1,1,O=c1[nH]cc(C=C2C=C(c3ccccc3)c3nc4ccccc4c(-c4cn(-c5ccc(N6CCNCC6)cc5)cn4)c3CC2)s1,0.6254883,514.4312,0.0948573,0.0949,0.4517901,3.9727,1.0000000,1.0000,[],14
60.7391,64.5498,-64.5498,0.0000000,O1c2c(cccc2)OC2(CC(NC(c3c(c(-c4ccc(cc4)OC)nn(-c4ccc(Cl)cc4)c3O)N)=O)CCC2)C1,0,,0.0000000,0.0000,0.0000000,0.0000,0.0000000,0.0000,0.0000000,0.0000,None,14
52.5266,66.3770,31.0732,0.7613300,O=C1C=C(c2nc(-c3ccc([N+](=O)[O-])cc3)c(-c3ccccn3)o2)C=C(Cl)C1=[N+]([O-])c1ccc([N+](=O)[O-])cc1,1,O=C1C=C(c2nc(-c3ccccc3)c(-c3ccccn3)o2)C=CC1=[NH+]c1ccccc1,0.8188900,503.6179,0.0987828,0.0988,0.5109883,3.3570,1.0000000,1.0000,[],14
54.9795,64.0299,54.3537,0.9248722,CCn1cc2c(-c3ccc4c(c3)C(=O)c3cc(OC)ccc3-4)ccc-2c(-n2c3ccc(Cl)cc3c3ccc(Cl)cc32)c1,1,O=C1c2ccccc2-c2ccc(-c3ccc4c(-n5c6ccccc6c6ccccc65)c[nH]cc3-4)cc21,0.9801977,442.3649,0.2055229,0.2055,0.5589802,2.9082,1.0000000,1.0000,[],14
53.7249,59.3116,-59.3116,0.0000000,c1cc2c3-c4c(c(C)c(C)c(c4-c4c(cc5ccc(cc5c4C3(C)C)-c3c4c(c(C)cc3)cc(C)cc4)C)C)-c2cc1C,0,,0.0000000,0.0000,0.0000000,0.0000,0.0000000,0.0000,0.0000000,0.0000,None,14
53.1667,56.4385,-56.3880,0.0003944,CC(C)(C)c1ccc(-n2c(-c3cccc(-c4ccc(C(F)(F)F)cc4C(F)(F)F)n3)nc3c(Cc4ccc5ccccc5c4)cccc32)cc1,1,c1ccc(-c2cccc(-c3nc4c(Cc5ccc6ccccc6c5)cccc4n3-c3ccccc3)n2)cc1,0.0002796,311.1682,0.1695902,0.1696,0.5487316,3.0007,1.0000000,1.0000,[],14
28.9873,27.3372,-27.3372,0.0000000,CCCCCCC=CCC=CCCCCCCCCCC(=O)OCC(COC(=O)CCCCCCCCCCCCCCCCCCCCCCCCCC)OC(=O)CCCCCCCCC=CCC=CCC=CCCCCCCC,1,,0.0000000,0.0000,0.0000000,0.0000,0.0000000,0.0000,0.0000000,0.0000,"['C(=[O,S])[O,S]']",14
32.1716,33.3380,-32.6303,0.0055290,O=P(C(Cl)=C(Cl)c1nc2ccccc2[nH]1)(c1ccccc1)c1ccccc1,1,O=P(C=Cc1nc2ccccc2[nH]1)(c1ccccc1)c1ccccc1,0.0043683,341.0554,0.4377871,0.4378,0.5696744,2.8135,1.0000000,1.0000,[],14
56.8585,63.2473,-63.2473,0.0000000,CCCCCn1c2c(n(CCC)c1=O)C=Cc1cc3c(c-2c1)OC(C(=O)Nc1ccc(C(=O)OCC)cc1)C=C3,1,O=C(Nc1ccccc1)C1C=Cc2cc3cc(c2O1)-c1[nH]c(=O)[nH]c1C=C3,0.0000000,0.0000,0.0000000,0.0000,0.0000000,0.0000,0.0000000,0.0000,"['C(=[O,S])[O,S]']",14
48.2063,52.0919,-32.2294,0.1551763,C(=Cc1ccc(C=Nc2c(-c3ccc4ccccc4c3)cc3c(oc4ccccc43)c2N=Cc2ccccc2)cc1)c1ccccc1,1,C(=Cc1ccc(C=Nc2c(-c3ccc4ccccc4c3)cc3c(oc4ccccc43)c2N=Cc2ccccc2)cc1)c1ccccc1,0.1518423,381.3229,0.1320597,0.1321,0.5545716,2.9478,1.0000000,1.0000,[],14
45.4201,69.3270,-64.0275,0.0414027,COc1ccc(N(c2ccc(OC)cc2)c2ccc(C(=O)N(c3ccc(Cl)c(Cl)c3)C(C)C(=O)Nc3ccc4nc(-c5ccc(N(C)C)cc5)oc4c3)cc2)cc1,1,O=C(CN(C(=O)c1ccc(N(c2ccccc2)c2ccccc2)cc1)c1ccccc1)Nc1ccc2nc(-c3ccccc3)oc2c1,0.0378963,364.8844,0.1303842,0.1304,0.4957172,3.5087,1.0000000,1.0000,[],14
73.6878,93.1622,-93.1622,0.0000000,CCCCCCCCOc1ccc2c(C#Cc3ccc4ccccc4c3)nc3c(SCCCC)cc4c(c5ccc(C#Cc6ccc(N(c7ccc(OCCCC)cc7)c7ccc(OCCCCCC)cc7)cc6)cc5c(C#Cc5ccc(OCCCCCCCC)c(OCCCCCCCC)c5)[n+]4CCCCCC)c3c2c1,1,C(#Cc1[nH+]c2ccc3nc(C#Cc4ccc5ccccc5c4)c4ccccc4c3c2c2ccc(C#Cc3ccc(N(c4ccccc4)c4ccccc4)cc3)cc12)c1ccccc1,0.0000000,0.0000,0.0000000,0.0000,0.0000000,0.0000,0.0000000,0.0000,['C#C'],14
44.6083,46.6842,-46.6842,0.0000000,n1(c(C#N)c2C3CC(Cc2c(c1=O)=O)CS3)C(C)C,0,,0.0000000,0.0000,0.0000000,0.0000,0.0000000,0.0000,0.0000000,0.0000,None,14
40.7995,39.0166,-30.4916,0.0666017,Cn1ncc2c1CCC=C2Nc1ccc2ncccc2n1,1,C1=C(Nc2ccc3ncccc3n2)c2cn[nH]c2CC1,0.0588989,369.9118,0.7822522,0.7823,0.5677350,2.8305,1.0000000,1.0000,[],14
47.8052,50.8634,-50.8634,0.0000000,COc1ccc(C2=NN(C(c3ccccc3)N(C)C)C3C=CN(c4ccccc4)C(C)=C23)cc1,1,C1=CN(c2ccccc2)C=C2C(c3ccccc3)=NN(Cc3ccccc3)C12,0.0000000,0.0000,0.0000000,0.0000,0.0000000,0.0000,0.0000000,0.0000,['[#7;!n][#7;!n]'],14
78.1207,104.5333,-104.5333,0.0000000,CCN(CC)c1ccc2c3cnccc3c(C#Cc3ccc(-c4ccc(C=C(C#N)c5cc(-c6ccc(C#Cc7ccc(Sc8ccccc8)cc7)cc6)cc(C(=O)C#Cc6ccc(N(c7ccccc7)c7ccccc7)cc6)n5)s4)cc3)n2c1,1,O=C(C#Cc1ccc(N(c2ccccc2)c2ccccc2)cc1)c1cc(-c2ccc(C#Cc3ccc(Sc4ccccc4)cc3)cc2)cc(C=Cc2ccc(-c3ccc(C#Cc4c5ccncc5c5ccccn45)cc3)s2)n1,0.0000000,0.0000,0.0000000,0.0000,0.0000000,0.0000,0.0000000,0.0000,['C#C'],14
44.2304,46.2628,-41.3021,0.0387561,Cn1c(=O)ccc2c(C(=O)c3cccc(S(=O)(=O)C(Br)(Br)Br)c3Br)cccc21,1,O=C(c1ccccc1)c1cccc2[nH]c(=O)ccc12,0.0343667,363.7831,0.2906685,0.2907,0.5693048,2.8167,1.0000000,1.0000,[],14
36.2111,39.1063,-38.2589,0.0066204,N#Cc1ccc(-c2ccc(-n3c4ccccc4c4cc5c6ccccc6n(-c6ccc(-c7ccc(-n8c9ccccc9c9ccccc98)cc7)cc6)c5cc43)cc2)cc1,1,c1ccc(-c2ccc(-n3c4ccccc4c4cc5c6ccccc6n(-c6ccc(-c7ccc(-n8c9ccccc9c9ccccc98)cc7)cc6)c5cc43)cc2)cc1,0.0054330,343.4352,0.1726032,0.1726,0.5948111,2.5976,1.0000000,1.0000,[],14
57.8543,62.2604,-62.2604,0.0000000,CCCCCCCCCCCCCCCCCC1=C([O-])C2(C#N)C(=O)N(CC(=O)OC)C(=O)C2S(=O)(=O)C1,1,O=C1NC(=O)C2C1C=CCS2(=O)=O,0.0000000,0.0000,0.0000000,0.0000,0.0000000,0.0000,0.0000000,0.0000,"['C(=[O,S])[O,S]']",14
33.4671,36.5423,28.4711,0.5079168,COc1ccc(OC)c(C=Cc2ccc(C=Cc3cccc(OC)c3OC)o2)c1,1,C(=Cc1ccc(C=Cc2ccccc2)o1)c1ccccc1,0.5062234,400.2703,0.4953919,0.4954,0.6179472,2.4068,1.0000000,1.0000,[],14
32.9429,36.9233,-36.7542,0.0013210,COc1cccc(CC(N)c2ccc(OC)c3ccc(OC)cc23)c1,1,c1ccc(CCc2cccc3ccccc23)cc1,0.0009508,324.4629,0.7353707,0.7354,0.6109383,2.4638,1.0000000,1.0000,[],14
112.0941,130.6284,-130.6284,0.0000000,C#CCOP(=C(C(=O)C1C(=O)c2c(ccc3ccccc23)C2(c3ccc(OC)cc3)C3c4ccccc4C=CN3C2C1c1ccc(OC)cc1)c1ccc2cc(OCc3c4ccccc4cc4ccccc34)c(OCCCCCCCC)cc2c1OC)(c1ccccc1)c1ccccc1,1,O=C(C(c1ccc2cc(OCc3c4ccccc4cc4ccccc34)ccc2c1)=[PH](c1ccccc1)c1ccccc1)C1C(=O)c2c(ccc3ccccc23)C2(c3ccccc3)C3c4ccccc4C=CN3C2C1c1ccccc1,0.0000000,0.0000,0.0000000,0.0000,0.0000000,0.0000,0.0000000,0.0000,['C#C'],14
34.1747,34.9685,-34.9685,0.0000000,CCCc1ccc(-c2noc3cc(OC(=O)c4ccc(C)cc4)ccc23)cc1,1,O=C(Oc1ccc2c(-c3ccccc3)noc2c1)c1ccccc1,0.0000000,0.0000,0.0000000,0.0000,0.0000000,0.0000,0.0000000,0.0000,"['C(=[O,S])[O,S]']",14
47.3785,55.0865,64.2432,0.9322630,C(=C1c2ccccc2N(c2ccc(N(c3ccccc3)c3ccccc3)cc2)c2ccc3cc4ccccc4cc3c21)c1cccn2ccnc12,1,C(=C1c2ccccc2N(c2ccc(N(c3ccccc3)c3ccccc3)cc2)c2ccc3cc4ccccc4cc3c21)c1cccn2ccnc12,0.9946113,456.6543,0.1729211,0.1729,0.5390301,3.0899,1.0000000,1.0000,[],14
49.6445,51.8450,-51.8450,0.0000000,COc1c(C=NN=C(C#N)C#N)cc2cc(O)ccc2c1N=Nc1sc(C)cc1C,1,c1csc(N=Nc2cccc3ccccc23)c1,0.0000000,0.0000,0.0000000,0.0000,0.0000000,0.0000,0.0000000,0.0000,['[#7;!n][#7;!n]'],15
30.5281,38.4900,81.1240,0.9344843,O=C1c2cccc(-c3ccc(N(c4ccccc4)c4ccccc4)cc3)c2-c2c1ccc1cc(N(c3ccccc3)c3ccccc3)ccc21,1,O=C1c2cccc(-c3ccc(N(c4ccccc4)c4ccccc4)cc3)c2-c2c1ccc1cc(N(c3ccccc3)c3ccccc3)ccc21,0.9947898,462.9781,0.1731621,0.1732,0.6007371,2.5480,1.0000000,1.0000,[],15
118.1879,129.3570,-129.3570,0.0000000,c1cccc2c1C(c1ccc(s1)C=Cc1ccc3c(c1)C(C)(C)c1c-3c3c(c4ccc5c(c4o3)-c3c(cc(s5)C=C5C(c4cccc(c4)CCCCCC)=C3C=Cc3sc4c5c(ccc4-c4cccs4)C35CCCCCCCCCCCCCC)-c3ccc(cc3)N(c3ccccc3)c3ccccc3)s1)(CCCCCCCCCCCCCCCCCC)CCCC2,0,,0.0000000,0.0000,0.0000000,0.0000,0.0000000,0.0000,0.0000000,0.0000,None,15
55.9677,76.0806,-76.0806,0.0000000,CCn1c2ccccc2c2ccc(C3C(=O)N(c4ccc(N(C)C)cc4)C(=O)C4(C(=O)Cc5cc(C#Cc6ccc(N(c7ccccc7)c7ccccc7)cc6)ccc54)C3c3ccccc3)cc21,1,O=C1C(c2ccc3c(c2)[nH]c2ccccc23)C(c2ccccc2)C2(C(=O)Cc3cc(C#Cc4ccc(N(c5ccccc5)c5ccccc5)cc4)ccc32)C(=O)N1c1ccccc1,0.0000000,0.0000,0.0000000,0.0000,0.0000000,0.0000,0.0000000,0.0000,['C#C'],15
34.1580,38.3291,-38.2342,0.0007409,Brc1cc(-c2cccc3c(Br)cccc23)c2ccc3ccccc3c2c1-c1ccccc1,1,c1ccc(-c2ccc(-c3cccc4ccccc34)c3ccc4ccccc4c23)cc1,0.0005392,318.2993,0.1926208,0.1926,0.6346985,2.2730,1.0000000,1.0000,[],15
31.7345,39.3779,-39.3336,0.0003459,COc1ccc(C(C#N)(NC(C)=O)c2ccc(C#N)cc2OC)cc1,1,c1ccc(Cc2ccccc2)cc1,0.0002311,309.0985,0.9054629,0.9055,0.5331522,3.1447,1.0000000,1.0000,[],15
37.0976,39.9610,-34.7711,0.0405462,CN1CCN(c2ccc(-c3ccc4[nH]c5cc(C#N)ccc5c4n3)c(C#N)c2)CC1,1,c1ccc2c(c1)[nH]c1ccc(-c3ccc(N4CCNCC4)cc3)nc12,0.0352708,364.0753,0.5597534,0.5598,0.5932660,2.6106,1.0000000,1.0000,[],15
42.8424,47.9334,-40.4971,0.0580957,COc1ccc(Cn2c(N3CCc4ccccc43)c(C#N)c(=O)c3cc(C)ccc32)cc1OC,1,O=c1cc(N2CCc3ccccc32)n(Cc2ccccc2)c2ccccc12,0.0519234,368.4630,0.4299163,0.4299,0.5989724,2.5627,1.0000000,1.0000,[],15
22.8070,24.7995,-24.7761,0.0001833,c1ccc2c(-n3ccc4ccccc43)cccc2c1,1,c1ccc2c(-n3ccc4ccccc43)cccc2c1,0.0001204,302.0164,0.4529855,0.4530,0.6977935,1.7992,1.0000000,1.0000,[],15
113.3323,131.5311,-16.1934,0.9010752,COc1ccc2cc3ccccc3c(C=CC3c4cccn4CCC(=O)N3C(C#N)=c3c4c(cc5c3cc(C)c3ccc(N(C)C)cc35)C(=[N+](C)C(=O)C=C(C)c3cc(C)c(C)c(C)c3)C(O)=CC=4)c2c1,1,O=C(C=Cc1ccccc1)[NH+]=C1C=CC=c2c1cc1c(ccc3ccccc31)c2=CN1C(=O)CCn2cccc2C1C=Cc1c2ccccc2cc2ccccc12,0.9940536,464.4211,0.0739209,0.0739,0.3613552,5.0895,1.0000000,1.0000,[],15
51.7816,62.3893,-57.8436,0.0355132,O=C(Nc1ccc(I)c2ccccc12)c1ccc(Cn2c3ccc(C=Cc4ccc(Cl)c(Cl)c4)cc3c3ccc4ccccc4c32)cc1,1,O=C(Nc1cccc2ccccc12)c1ccc(Cn2c3ccc(C=Cc4ccccc4)cc3c3ccc4ccccc4c32)cc1,0.0321296,363.0272,0.1325207,0.1325,0.5729216,2.7850,1.0000000,1.0000,[],15
35.9304,38.1032,-37.8117,0.0022777,Clc1ccc2ccccc2c1-c1nnc(-c2ccc3c(c2)Cc2ccccc2-3)o1,1,c1ccc2c(c1)Cc1cc(-c3nnc(-c4cccc5ccccc45)o3)ccc1-2,0.0017301,330.9704,0.3245800,0.3246,0.6308199,2.3037,1.0000000,1.0000,[],15
59.1575,61.4708,-61.3553,0.0009019,CCCCCCCCCCCCOc1ccc(C2(c3ccc(CCCN4CCCCC4)cc3)c3ccccc3-c3ccc(CCCCCCCCCC)cc32)cc1Sc1ccc(OC)cc1,1,c1ccc(Sc2cccc(C3(c4ccc(CCCN5CCCCC5)cc4)c4ccccc4-c4ccccc43)c2)cc1,0.0007006,321.1438,0.0419908,0.0420,0.4621652,3.8592,1.0000000,1.0000,[],15
108.9720,140.3767,-140.3767,0.0000000,c1ccccc1-c1c2c(c(c3cc(N(c4ccc(cc4)-c4ccccc4)c4c(c(c(F)c(c4F)F)F)F)c4sc(-c5ccc(s5)C=C(C(=O)Nc5ccc(cc5)OC)c5ccc(cc5)OCCCCCC)c(F)cc14)-c1cc(c(NCCCC)cc1N(c1ccc(cc1)N(c1ccc(cc1)OCCCCCC)c1ccc(cc1)OCCCCCCCCCCCCCCCCCC)c3)C#N)cccc2,0,,0.0000000,0.0000,0.0000000,0.0000,0.0000000,0.0000,0.0000000,0.0000,None,15
73.1608,78.7371,15.4527,0.7358578,COc1cc(C2Cc3ccc(F)cc3C2C=Cc2ccc(N(C)C)cc2)ccc1B1c2ccccc2N(CCN2CCCCC2)c2ccc(-c3ccc(Br)cc3)cc21,1,C(=CC1c2ccccc2CC1c1ccc(B2c3ccccc3N(CCN3CCCCC3)c3ccc(-c4ccccc4)cc32)cc1)c1ccccc1,0.7869883,414.1891,0.1281359,0.1281,0.4165797,4.3784,1.0000000,1.0000,[],15
39.3938,40.7870,-40.5413,0.0019199,COc1cccc(C(=O)Nn2c(=O)oc3cccc(O)c3c2=O)c1OC,1,O=C(Nn1c(=O)oc2ccccc2c1=O)c1ccccc1,0.0014110,328.7534,0.7153606,0.7154,0.6024454,2.5338,1.0000000,1.0000,[],15
69.2948,86.8405,-86.8405,0.0000000,c1c(sc(-c2cc3c(Sc4c(ccc5c4c(C(=O)N3CCCCCCCC)ccc(c5)OCCCCCCCCCCCC)Cl)cc2F)c1)-c1cc2c(cc1)N(C1CCCCC1)c1ccccc1S2(=O)=O,0,,0.0000000,0.0000,0.0000000,0.0000,0.0000000,0.0000,0.0000000,0.0000,None,15
34.0009,46.0513,-46.0513,0.0000000,COc1ccc(N(c2ccc(C=Cc3ccc4cc(C#Cc5ccc(C=Cc6ccccc6)s5)sc4c3)cc2)c2ccc(OC)cc2)cc1,1,C(#Cc1cc2ccc(C=Cc3ccc(N(c4ccccc4)c4ccccc4)cc3)cc2s1)c1ccc(C=Cc2ccccc2)s1,0.0000000,0.0000,0.0000000,0.0000,0.0000000,0.0000,0.0000000,0.0000,['C#C'],15
20.4766,29.4107,76.9765,0.8311497,COc1ccc(N(c2ccccc2)c2ccc(C=CC=Cc3ccc(N(c4ccc(OC)cc4)c4ccc(OC)cc4)cc3)cc2)cc1,1,C(C=Cc1ccc(N(c2ccccc2)c2ccccc2)cc1)=Cc1ccc(N(c2ccccc2)c2ccccc2)cc1,0.8874943,422.4248,0.1257091,0.1257,0.6266860,2.3365,1.0000000,1.0000,[],15
173.7386,189.8324,-189.8324,0.0000000,[O-][N+](c1ccc(cc1)-c1c2c(N(CCCC)/C(=C/C(C(c3n(C)c([N+](=O)[O-])c(C(=C4c5c(C#CCCC)cc(cc5)-c5cc6c(cc7C(=Cc8sccc8)OC(c8ccc6c78)C([S-])=C5C(CCC)=C(C(OCC)=O)CC4)OCC)n3)(CCCC)c3ccccc3)=O)=C2CC)Cl)ccc1[N+]([O-])=O)=O,0,,0.0000000,0.0000,0.0000000,0.0000,0.0000000,0.0000,0.0000000,0.0000,None,15
40.4300,43.0352,-43.0352,0.0000000,CCOC(=O)C(=O)C(F)=C1CCC2C3CCCC4=CC(=O)CCC4(C)C3CCC12C,1,C=C1CCC2C1CCC1C3CCC(=O)C=C3CCCC21,0.0000000,0.0000,0.0000000,0.0000,0.0000000,0.0000,0.0000000,0.0000,"['C(=[O,S])[O,S]']",15
74.3694,81.7899,-81.7899,0.0000000,[C@H]1([C@H](O[C@@H](Oc2c(c(-c3ccc(N(CCO)CC)cc3)oc3c2c(OC)c2c(OC)cc(=O)oc2c3O)CO)C([C@@H]1OC(=O)c1cc(OC)c(O)c(OC)c1)=O)O)C,0,,0.0000000,0.0000,0.0000000,0.0000,0.0000000,0.0000,0.0000000,0.0000,None,15
41.4277,52.7496,-52.7496,0.0000000,COc1ccc(-c2cc(NN=C(C#N)c3ccc(N4CCCCC4)cc3)n3nc(C)c(-c4ccccc4)c3n2)cc1OC,1,C(=NNc1cc(-c2ccccc2)nc2c(-c3ccccc3)cnn12)c1ccc(N2CCCCC2)cc1,0.0000000,0.0000,0.0000000,0.0000,0.0000000,0.0000,0.0000000,0.0000,['[#7;!n][#7;!n]'],15
62.7936,83.0259,31.2261,0.8925932,CCCCCCOc1ccc(N(c2ccc(-c3cn(Cc4ccc(N=Nc5ccc(N(CCCC)CCCC)cc5)cc4)c4ncn(-c5ccc(CC)cc5)c(=N)c34)cc2)c2nc(C#N)c(C#N)s2)cc1,1,N=c1c2c(-c3ccc(N(c4ccccc4)c4nccs4)cc3)cn(Cc3ccc(N=Nc4ccccc4)cc3)c2ncn1-c1ccccc1,0.9925975,466.8152,0.0495629,0.0496,0.4397629,4.1076,1.0000000,1.0000,[],15
52.3359,57.2133,-57.2133,0.0000000,Nc1nc(N)c(C(=O)NC=Nc2ccc(-c3nc(C(=O)NC(Cc4ccccc4)C(=O)O)cs3)cc2Cl)nc1Cl,1,O=C(NC=Nc1ccc(-c2nc(C(=O)NCCc3ccccc3)cs2)cc1)c1cnccn1,0.0000000,0.0000,0.0000000,0.0000,0.0000000,0.0000,0.0000000,0.0000,"['C(=[O,S])[O,S]']",15
24.1376,23.7634,-23.7634,0.0000000,CCCCCCC(Cl)CC(=O)O,1,,0.0000000,0.0000,0.0000000,0.0000,0.0000000,0.0000,0.0000000,0.0000,"['C(=[O,S])[O,S]']",15
27.1863,37.7914,-28.9640,0.0689641,CCn1c2ccccc2c2cc(N(c3ccc(-c4ccc(N(c5ccccc5)c5ccccc5)cc4)cc3)c3ccc(N(c4ccccc4)c4ccccc4)cc3)c3ccccc3c21,1,c1ccc(N(c2ccccc2)c2ccc(-c3ccc(N(c4ccc(N(c5ccccc5)c5ccccc5)cc4)c4cc5c6ccccc6[nH]c5c5ccccc45)cc3)cc2)cc1,0.0646953,370.9980,0.1291412,0.1291,0.5599177,2.8998,1.0000000,1.0000,[],15
21.3669,24.9480,-22.6762,0.0177490,COc1cc(C=CC(=O)c2ccc(F)cc2)cc(OC)c1OC,1,O=C(C=Cc1ccccc1)c1ccccc1,0.0147038,354.3466,0.6012936,0.6013,0.6872665,1.8752,1.0000000,1.0000,[],15
64.1380,83.1831,-83.1831,0.0000000,c1c(ccc(C=Nn2c(c3c4c(ccc3c3ccc(cc3c2=O)Br)nc2cc(Br)c(N=Cc3ccc(OC)cc3OC)cc2N(c2ccc(cc2)Br)C4=O)=O)c1)[N+](=O)[O-],0,,0.0000000,0.0000,0.0000000,0.0000,0.0000000,0.0000,0.0000000,0.0000,None,15
51.5436,57.2652,-50.1023,0.0559596,Cc1ccc(N(c2ccc(C)cc2)c2cc(Oc3ccc(C4=NCCN4C)cc3)c3c4ccc(N(c5ccccc5)c5ccccc5)cc4n(-c4ccccc4)c3c2)cc1,1,c1ccc(N(c2ccccc2)c2ccc3c4c(Oc5ccc(C6=NCCN6)cc5)cc(N(c5ccccc5)c5ccccc5)cc4n(-c4ccccc4)c3c2)cc1,0.0518947,368.4567,0.1385006,0.1385,0.5166649,3.3018,1.0000000,1.0000,[],15
29.9992,28.8138,-28.8138,0.0000000,Cc1ccc(N2CCCN(C(=O)OC(C)(C)C)CC2)c(C)c1,1,c1ccc(N2CCCNCC2)cc1,0.0000000,0.0000,0.0000000,0.0000,0.0000000,0.0000,0.0000000,0.0000,"['C(=[O,S])[O,S]']",15
56.4242,61.2850,22.3255,0.6532068,Cc1ccc(N(c2ccc(C)cc2)c2ccc3c(c2)-c2sc(-c4ccc(C)c5c4-c4ccc(-c6ccc(C)s6)cc4S5(=O)=O)cc2C(=O)C32CCCCC2)cc1,1,O=C1c2cc(-c3cccc4c3-c3ccc(-c5cccs5)cc3S4(=O)=O)sc2-c2cc(N(c3ccccc3)c3ccccc3)ccc2C12CCCCC2,0.6867424,408.5223,0.1742998,0.1743,0.4394194,4.1115,1.0000000,1.0000,[],15
64.5219,82.2832,-82.2832,0.0000000,FC(F)(F)C(c1cc2c(c3C(N(C(=C(C#N)C(=O)c3cc2)Nc2c(cc([N+]#[C-])c(c2)F)N(c2ccccc2)c2ccccc2)=O)C)c(c1)OC)(F)F,0,,0.0000000,0.0000,0.0000000,0.0000,0.0000000,0.0000,0.0000000,0.0000,None,15
95.4346,108.1344,-108.1344,0.0000000,CCCCCCOC1=C(C(=O)CO)C(O)C(O)=NC=C1N1CC(CNC(=O)c2ccc(OCCCCC)c(OCCCC)c2)(c2ccc(OCCCCCC)c(OCCCCCC)c2)C(N)CC1NC(=O)O,1,O=C(NCC1(c2ccccc2)CCCN(C2=CN=CCC=C2)C1)c1ccccc1,0.0000000,0.0000,0.0000000,0.0000,0.0000000,0.0000,0.0000000,0.0000,"['C(=[O,S])[O,S]']",15
44.7956,52.2693,-51.6331,0.0049708,COc1ccc(N(c2ccc(C)cc2)c2cc(C)c(N(c3ccc(Nc4ccc(N(c5ccc(C)cc5)c5ccc(C)cc5)cc4)cc3)c3cccc(F)c3)cc2C)cc1,1,c1ccc(N(c2ccccc2)c2ccc(Nc3ccc(N(c4ccccc4)c4ccc(N(c5ccccc5)c5ccccc5)cc4)cc3)cc2)cc1,0.0040572,340.2497,0.1332416,0.1332,0.5542471,2.9507,1.0000000,1.0000,[],15
57.5101,66.6619,-63.4703,0.0249343,CCCCCOc1cccc(N(CCI)CCCC)c1-c1cc2nc3c(cc2s1)Cc1ccccc1-c1ccc([N+](=O)[O-])cc1-3,1,c1ccc(-c2cc3nc4c(cc3s2)Cc2ccccc2-c2ccccc2-4)cc1,0.0230566,359.3232,0.0388936,0.0389,0.5275856,3.1972,1.0000000,1.0000,[],15
32.6701,44.0869,-44.0869,0.0000000,COc1ccc(N(c2ccc(OC)cc2)c2c3ccccc3c(COC(=O)c3ccc(OC)c4ccccc34)c3ccccc23)cc1,1,O=C(OCc1c2ccccc2c(N(c2ccccc2)c2ccccc2)c2ccccc12)c1cccc2ccccc12,0.0000000,0.0000,0.0000000,0.0000,0.0000000,0.0000,0.0000000,0.0000,"['C(=[O,S])[O,S]']",15
45.6622,56.0905,38.8718,0.7418930,CCCCN(CCCC)c1cc2ccc(N3c4ccc(OC)cc4C(C)(C)c4c3ccc3ccc5ccccc5c43)cc2oc1=O,1,O=c1ccc2ccc(N3c4ccccc4Cc4c3ccc3ccc5ccccc5c43)cc2o1,0.7909724,414.4489,0.1203734,0.1204,0.5415081,3.0670,1.0000000,1.0000,[],15
60.8295,69.6736,27.5160,0.7592939,COc1ccc2cc(N(CCn3ccc4cc(C=Cc5cc6sc7ccc(N(c8ccccc8)c8ccccc8)cc7c6s5)ccc43)c3ccc(N(c4ccccc4)c4ccccc4)cc3)ccc2c1,1,C(=Cc1cc2sc3ccc(N(c4ccccc4)c4ccccc4)cc3c2s1)c1ccc2c(ccn2CCN(c2ccc(N(c3ccccc3)c3ccccc3)cc2)c2ccc3ccccc3c2)c1,0.8155743,416.1411,0.1083987,0.1084,0.4714559,3.7596,1.0000000,1.0000,[],15
60.7384,65.2979,-64.0223,0.0099657,[N-]=[N+]=C(Oc1ccc2c(c1)OCO2)C1C(O)CC2c3ccc4c(c3NC(=O)C21)OCO4,1,[N+]=C(Oc1ccc2c(c1)OCO2)C1CCC2c3ccc4c(c3NC(=O)C12)OCO4,0.0082559,348.0092,0.3262183,0.3262,0.4061955,4.5046,1.0000000,1.0000,[],15
44.7929,53.2116,-53.2116,0.0000000,CCCCCCCCc1cc(-c2cc3sc(C=C(C#N)C(=O)O)cc3s2)sc1-c1ccc(C(=O)N(CC)CC(=O)O)cc1,1,c1ccc(-c2ccc(-c3cc4sccc4s3)s2)cc1,0.0000000,0.0000,0.0000000,0.0000,0.0000000,0.0000,0.0000000,0.0000,"['C(=[O,S])[O,S]']",15
69.2012,87.0524,-87.0524,0.0000000,CC1CN(CC(C)C1)c1c2c(=O)n(CCOc3ccc(-n4cc[n+](Cc5ccc(N(C)C)cc5)c5ccccc45)cc3)c(C#N)c(c2ccc1)N(c1ccc(cc1)O)c1ccc(cc1)OC,0,,0.0000000,0.0000,0.0000000,0.0000,0.0000000,0.0000,0.0000000,0.0000,None,15
45.9177,47.9970,-47.4426,0.0043307,COc1ccc(-n2c(C(OCc3ccccc3)c3ccccc3)nc3cc(C=Cc4ccccc4)ccc3c2=O)cc1,1,O=c1c2ccc(C=Cc3ccccc3)cc2nc(C(OCc2ccccc2)c2ccccc2)n1-c1ccccc1,0.0034807,338.5794,0.1719624,0.1720,0.5572830,2.9234,1.0000000,1.0000,[],15
77.0535,97.7388,-97.7388,0.0000000,C1(CC(=c2ccccc2=C1c1nc(n[nH]1)-c1c2c(c(C=Cc3ccc(cc3)N(c3ccccc3)c3ccccc3)nc(c(n2C)=O)Nc2ccccc2)cc(c1)N(CCCC)CCCC)C#N)(C#N)C#N,0,,0.0000000,0.0000,0.0000000,0.0000,0.0000000,0.0000,0.0000000,0.0000,None,15
38.9445,46.1839,-44.5182,0.0130131,CCCCCCCCCCCCNC(=O)N(CCCCCCCCCCCC)c1ccc(C=C(c2ccc(F)cc2)c2ccc(C#N)cc2)cc1,1,C(=C(c1ccccc1)c1ccccc1)c1ccccc1,0.0114146,351.5612,0.0671943,0.0672,0.5604839,2.8948,1.0000000,1.0000,[],15
25.0160,37.1070,77.5330,0.8956250,COc1ccc(N(c2ccc(OC)cc2)c2ccc(-c3nc(-c4ccc(N(c5ccc(OC)cc5)c5ccc(OC)cc5)cc4)c(C#N)s3)cc2)cc1,1,c1ccc(N(c2ccccc2)c2ccc(-c3csc(-c4ccc(N(c5ccccc5)c5ccccc5)cc4)n3)cc2)cc1,0.9621674,435.1346,0.1236112,0.1236,0.5805232,2.7191,1.0000000,1.0000,[],15
54.5691,68.0967,-68.0967,0.0000000,c1(cc2oc3cc(-c4ccc5c(cccc5)c4)cc(c-3cc2cc1)-c1cc2C(C)(c3c(ccc(-c4ccccc4)c3)N(c2cc1)c1ccccc1)C#N)-c1ccc(cc1)N(c1ccccc1)c1ccccc1,0,,0.0000000,0.0000,0.0000000,0.0000,0.0000000,0.0000,0.0000000,0.0000,None,15
80.7020,101.5584,-101.5584,0.0000000,c1c(ccc(c1)Br)-c1nn(Cc2cccc(C(F)(F)F)c2Cl)c2c(ccc(-c3cc4C(C)(c5cc(N(c6ccc(cc6)OCCCCCCCCCC)c6cc(c(cc6)Cl)Cl)ccc5C(=O)N(c4c3)CCCCCCCC)C)c2)c1,0,,0.0000000,0.0000,0.0000000,0.0000,0.0000000,0.0000,0.0000000,0.0000,None,15
48.1213,57.3924,-57.3924,0.0000000,c1(C#N)c(O)c2C3(c4c(cc(OC)c(OC)c4)CCC3)c3c(cccc3)-c2cc2c1OC(C)(C)C=C2,0,,0.0000000,0.0000,0.0000000,0.0000,0.0000000,0.0000,0.0000000,0.0000,None,15
49.3334,53.8012,-46.8858,0.0540265,Cc1cc(C(C)(C)C)cc(C)c1-c1csc(-c2c(O)cc(Oc3c(C)c(C)c(C)c(C)c3C)c3ccccc23)n1,1,c1ccc(Oc2ccc(-c3nc(-c4ccccc4)cs3)c3ccccc23)cc1,0.0490591,367.8141,0.2423773,0.2424,0.5551638,2.9425,1.0000000,1.0000,[],15
78.9958,89.3456,-36.7173,0.4111593,CCCCCCCCOC(C)(c1ccc(-c2ccc(-n3c4cc(N(CCCCCCCC)CCCCCCCC)ccc4c4cc5c(cc43)sc3cc(N(c4ccc(C=Cc6ccc(N(c7ccccc7)c7ccccc7)cc6)cc4)c4ccc(C=C(c6ccc(C)cc6)c6ccc(OC)cc6)cc4)ccc35)cc2)cc1)c1ccc2ccccc2c1,1,C(=Cc1ccc(N(c2ccc(C=C(c3ccccc3)c3ccccc3)cc2)c2ccc3c(c2)sc2cc4c(cc23)c2ccccc2n4-c2ccc(-c3ccc(Cc4ccc5ccccc5c4)cc3)cc2)cc1)c1ccc(N(c2ccccc2)c2ccccc2)cc1,0.4501234,397.8267,0.0283245,0.0283,0.3083272,5.8830,1.0000000,1.0000,[],15
68.2473,83.2353,-83.2353,0.0000000,CCCCN(CCCC)c1ccc2c(c1)c1cc(-c3cc(C(=O)C(F)(F)F)c4cc(C=C5C(=O)c6cc([N+](=O)[O-])ccc6N5CC)ccc4c3)sc1n2CCCCCC(=O)O,1,O=C1C(=Cc2ccc3cc(-c4cc5c([nH]c6ccccc65)s4)ccc3c2)Nc2ccccc21,0.0000000,0.0000,0.0000000,0.0000,0.0000000,0.0000,0.0000000,0.0000,"['C(=[O,S])[O,S]']",15
103.4980,119.2722,-119.2722,0.0000000,CCCCN(CCCC)c1ccc(C=Nc2cccc3c(=O)c4ccc(N(CCC)CCC[N+](CC)(CC)CC)cc4c(=O)c4cccc(NCCCCCC5C(=O)C(CC)(CCCC)c6ccc(N(CCC)CCC)cc6OC5C(=O)N(C)Cc5ccccc5)c4c23)cc1[N+](=O)[O-],1,O=C1Cc2ccccc2OC(C(=O)NCc2ccccc2)C1CCCCCNc1cccc2c(=O)c3ccccc3c(=O)c3cccc(N=Cc4ccccc4)c3c12,0.0000000,0.0000,0.0000000,0.0000,0.0000000,0.0000,0.0000000,0.0000,['[*;r{8-17}]'],15
66.3586,73.0097,-73.0097,0.0000000,c1c2c(cccc2)n(c2c1ccc(c2OCCCOc1ccc(NC(=O)C)c(C(OCC)=O)c1)OC)N=C(C#Cc1ccccc1)C#N,0,,0.0000000,0.0000,0.0000000,0.0000,0.0000000,0.0000,0.0000000,0.0000,None,15
64.9517,76.3954,-76.3954,0.0000000,c12c3c4ccccc4cc(N(c4ccccc4)c4ccc(C#N)cc4-c4ccc(cc4)C#N)c3ccc2c1c1c(c2ccsc2c(c1)N(CCCC)CCCC)N(C#N)C#N,0,,0.0000000,0.0000,0.0000000,0.0000,0.0000000,0.0000,0.0000000,0.0000,None,15
39.1939,45.8328,-21.3498,0.1912734,CCN(CC)c1ccc(-c2nc(Nc3ccc4c(c3)OCO4)sc2-c2cc(Cl)ccc2F)cc1,1,c1ccc(-c2nc(Nc3ccc4c(c3)OCO4)sc2-c2ccccc2)cc1,0.1843716,383.8550,0.2859669,0.2860,0.5995054,2.5583,1.0000000,1.0000,[],15
94.8121,110.8289,-110.8289,0.0000000,c12cc3c(cc2N(c2ccc(cc2)S(=O)(c2ccc(OCC4CC5CC6C4(C5)c4ccc(SC)cc4)cc2)N=CC1C)c1c(N3CC)ccc(N(c2ccc(cc2)CCCCCC)c2ccc(cc2)OC)c1)OCCCCCC,0,,0.0000000,0.0000,0.0000000,0.0000,0.0000000,0.0000,0.0000000,0.0000,None,15
31.8612,34.1244,-34.1111,0.0001042,CCCCc1ccccc1Oc1ccc(Oc2ccc(-c3ccc(N)cc3)cc2)cc1,1,c1ccc(Oc2ccc(Oc3ccc(-c4ccccc4)cc3)cc2)cc1,0.0000674,295.7109,0.3011924,0.3012,0.6792479,1.9338,1.0000000,1.0000,[],15
27.4430,27.2876,-27.2871,0.0000040,Nc1nc(N(CCO)CCO)[nH]c(=O)n1,1,O=c1ncnc[nH]1,0.0000022,258.3388,0.4283832,0.4284,0.5379773,3.0997,1.0000000,1.0000,[],15
90.6021,98.1626,-98.1626,0.0000000,CCCN1C2=CC3CC(C(C)(C)C)C45C=CCN(S(=O)(=O)c6cccc([N+](=O)[O-])c6)C(CC)C(C)(C)C4N(CCCOC)C(=O)C5C3C2(CCOC(C)(C)C)c2cc(Br)ccc21,1,O=C1NC2CCN(S(=O)(=O)c3ccccc3)CC=CC23CCC2C=C4Nc5ccccc5C4C2C13,0.0000000,0.0000,0.0000000,0.0000,0.0000000,0.0000,0.0000000,0.0000,['[*;r{8-17}]'],15
52.2145,58.5008,-58.5008,0.0000000,NS(=O)(=O)c1ccc(-n2ccc3ccc(N(c4ccc(N5NC(c6ccccc6)=Cc6ccccc65)cc4)c4ccc5ccccc5c4)cc32)cc1,1,C1=C(c2ccccc2)NN(c2ccc(N(c3ccc4ccccc4c3)c3ccc4ccn(-c5ccccc5)c4c3)cc2)c2ccccc21,0.0000000,0.0000,0.0000000,0.0000,0.0000000,0.0000,0.0000000,0.0000,['[#7;!n][#7;!n]'],15
30.8336,30.4176,-30.4176,0.0000000,COC(=O)c1cc2c(=O)[nH]c(-c3ccc(F)cc3)nc2s1,1,O=c1[nH]c(-c2ccccc2)nc2sccc12,0.0000000,0.0000,0.0000000,0.0000,0.0000000,0.0000,0.0000000,0.0000,"['C(=[O,S])[O,S]']",15
57.2997,64.9419,-64.9419,0.0000000,C(CCCCSCC(C)(c1ccc(cc1)N(c1ccccc1)c1ccccc1)COc1ccc(cc1)-c1ccc(N(c2ccc(cc2)C=c2ccc3c(cccc3)c2)c2ccc(cc2)C)cc1)C,0,,0.0000000,0.0000,0.0000000,0.0000,0.0000000,0.0000,0.0000000,0.0000,None,15
28.1914,27.3776,-27.1548,0.0017411,CNc1cccc(-c2ccc(OC(C)(C)C)cc2)n1,1,c1ccc(-c2ccccn2)cc1,0.0012610,327.5312,0.9019488,0.9019,0.6690040,2.0098,1.0000000,1.0000,[],15
62.0456,57.6292,-53.3228,0.0336440,CC(C)c1cccc(C(C)C)c1N(c1cccc(C2CCCCC2)c1)c1c2c(nc3ccccc13)C1C=CC=CC21,1,C1=CC2c3nc4ccccc4c(N(c4ccccc4)c4cccc(C5CCCCC5)c4)c3C2C=C1,0.0299187,362.2284,0.2426065,0.2426,0.4578949,3.9056,1.0000000,1.0000,[],16
62.1328,69.2145,-69.2145,0.0000000,CCOC(=O)C1=C(C2=NC=CC3=Cc4cc(OC)ccc4N(C)C32)C(=C(C)O)C(c2ccc(Cl)cc2)=NC1=O,1,C=C1C(C2=NC=CC3=Cc4ccccc4NC32)=CC(=O)N=C1c1ccccc1,0.0000000,0.0000,0.0000000,0.0000,0.0000000,0.0000,0.0000000,0.0000,"['C(=[O,S])[O,S]']",16
21.7713,24.3198,-24.2637,0.0004383,Nc1cc2c(cc1O)OCCO2,1,c1ccc2c(c1)OCCO2,0.0003022,312.0108,0.4416560,0.4417,0.6384557,2.2435,1.0000000,1.0000,[],16
36.7934,43.6395,-43.6395,0.0000000,C#CCOc1ccc(Oc2cc(CBr)cc(Oc3ccc([N+](=O)[O-])cc3)c2)cc1,1,c1ccc(Oc2cccc(Oc3ccccc3)c2)cc1,0.0000000,0.0000,0.0000000,0.0000,0.0000000,0.0000,0.0000000,0.0000,['C#C'],16
36.3652,36.9874,-30.4954,0.0507184,N#Cc1cc(Nc2cc(Cl)ccc2Cl)c2c(N)[nH]nc2n1,1,c1ccc(Nc2ccnc3n[nH]cc23)cc1,0.0444403,366.6880,0.6708759,0.6709,0.5608853,2.8912,1.0000000,1.0000,[],16
58.4174,79.8751,-4.8508,0.5861278,CCCCCCCCN1c2ccc(OC)cc2Oc2cc(N(c3ccc(C=Cc4cc(Br)c5c(c4)OCCCO5)cc3)c3ccc4sc(-c5ccc(N(c6ccccc6)c6ccc(OC)cc6)cc5)cc4c3)ccc21,1,C(=Cc1ccc2c(c1)OCCCO2)c1ccc(N(c2ccc3c(c2)Oc2ccccc2N3)c2ccc3sc(-c4ccc(N(c5ccccc5)c5ccccc5)cc4)cc3c2)cc1,0.6325000,405.8951,0.0622335,0.0622,0.4552014,3.9351,1.0000000,1.0000,[],16
52.2862,70.2295,-70.2295,0.0000000,O=C(O)C(=Cc1ccc(N(c2ccccc2)c2ccccc2)cc1)CON=C(c1ccc(-c2c3ccccc3c(-c3ccc(-c4ccc(N(c5ccccc5)c5ccccc5)cc4)cc3)c3ccccc23)cc1)c1cccc2ccccc12,1,C(=Cc1ccc(N(c2ccccc2)c2ccccc2)cc1)CON=C(c1ccc(-c2c3ccccc3c(-c3ccc(-c4ccc(N(c5ccccc5)c5ccccc5)cc4)cc3)c3ccccc23)cc1)c1cccc2ccccc12,0.0000000,0.0000,0.0000000,0.0000,0.0000000,0.0000,0.0000000,0.0000,"['C(=[O,S])[O,S]']",16
40.3241,44.9921,-44.9921,0.0000000,CCCC1CCN(c2ccc(C(=O)Oc3ccc(-c4ccc5c(c4)C(=O)c4ccccc4-5)cc3)cc2)CC1,1,O=C(Oc1ccc(-c2ccc3c(c2)C(=O)c2ccccc2-3)cc1)c1ccc(N2CCCCC2)cc1,0.0000000,0.0000,0.0000000,0.0000,0.0000000,0.0000,0.0000000,0.0000,"['C(=[O,S])[O,S]']",16
87.9226,109.8829,-109.8829,0.0000000,c1cc(sc1)-c1cc2c(c3c(oc2cc1)c1CCC=c2c1c(c3O)c(c(-c1ccc(cc1)N(c1ccccc1)c1c(c(c(c(c1F)F)F)F)F)c2N(c1ccccc1)c1ccccc1)-c1ccc(N(c2ccc(cc2)F)c2ccc(cc2)F)cc1)N(CCCC)C,0,,0.0000000,0.0000,0.0000000,0.0000,0.0000000,0.0000,0.0000000,0.0000,None,16
40.9120,50.7643,-50.7162,0.0003757,COc1ccc(C=CCc2ccc(-c3ccc4[nH]c(=O)sc4c3)cc2)cc1N(C)CCO,1,O=c1[nH]c2ccc(-c3ccc(CC=Cc4ccccc4)cc3)cc2s1,0.0002583,310.3051,0.4019654,0.4020,0.5798596,2.7248,1.0000000,1.0000,[],16
51.6923,55.5164,-54.2667,0.0097637,CC(C)(C)c1ccc(-c2ccc3oc4ccc5cc(-c6cnc(-c7cc(C(C)(C)C)cc(C(C)(C)C)c7)nc6-c6cccc7c6sc6ccccc67)ccc5c4c3c2)cc1,1,c1ccc(-c2ccc3oc4ccc5cc(-c6cnc(-c7ccccc7)nc6-c6cccc7c6sc6ccccc67)ccc5c4c3c2)cc1,0.0081981,347.9322,0.1779923,0.1780,0.5057043,3.4090,1.0000000,1.0000,[],16
84.1577,95.1390,-95.1390,0.0000000,COc1ccc(-c2cc(N=Nc3cc(Nc4ccc(C(O)(C#N)C#N)cc4Cl)ccc3SC)c3c4c(cccc24)C(=O)N(N(C)C)C3(C#N)C#N)cc1,1,O=C1NCc2c(N=Nc3cccc(Nc4ccccc4)c3)cc(-c3ccccc3)c3cccc1c23,0.0000000,0.0000,0.0000000,0.0000,0.0000000,0.0000,0.0000000,0.0000,['[#7;!n][#7;!n]'],16
43.0013,40.0733,-40.0733,0.0000000,C#Cc1ccc(NC(=O)c2cc(C(=O)OC)sc2NC(C)=O)cc1Cl,1,O=C(Nc1ccccc1)c1ccsc1,0.0000000,0.0000,0.0000000,0.0000,0.0000000,0.0000,0.0000000,0.0000,"['C#C', 'C(=[O,S])[O,S]']",16
45.5403,56.6897,-56.6897,0.0000000,CCOC(=O)c1ccc(Nc2c([NH+]([O-])O)c(N(c3ccccc3)c3ccccc3)cc3c2sc2ccccc23)cc1,1,c1ccc(Nc2cc(N(c3ccccc3)c3ccccc3)cc3c2sc2ccccc23)cc1,0.0000000,0.0000,0.0000000,0.0000,0.0000000,0.0000,0.0000000,0.0000,"['C(=[O,S])[O,S]']",16
26.9895,35.2976,-34.1454,0.0090012,COc1ccc(N(c2ccc(Cl)cc2)c2ccc3c(c2)-c2ccccc2C3(c2ccc(N(C)C)cc2)c2ccc(N(C)C)cc2)cc1,1,c1ccc(N(c2ccccc2)c2ccc3c(c2)-c2ccccc2C3(c2ccccc2)c2ccccc2)cc1,0.0075228,346.9915,0.1653306,0.1653,0.5746898,2.7696,1.0000000,1.0000,[],16
83.9162,96.4284,-96.4284,0.0000000,C(=CC1=CC=C(C(N)C=C1)c1noc(n1)-c1cc(c(OCCCCCC)cc1)OC)/C=C/c1cc2c(cc1)n1c(c2C)nc2ccc(NCCCC)cc2c1=O,0,,0.0000000,0.0000,0.0000000,0.0000,0.0000000,0.0000,0.0000000,0.0000,None,16
90.4100,109.2342,-1.1871,0.8441182,CCCCCC1=C(N(c2ccccc2)c2ccc3c4ccccc4n(CCCC)c3c2)C2=C(OCCCC)N(c3cc(N(CCCC)CCCC)c4ccc(N(c5ccccc5)c5ccccc5)c(N(CCCC)CCCC)c4c3)c3ccc(Cl)cc3C(c3ccc(N(CCCC)CCCC)cc3)(c3ccc(N(CCCC)c4ccc(OCCCC)cc4)cc3)C2=C1,1,C1=C2C(N(c3ccccc3)c3ccc4c(c3)[nH]c3ccccc34)=CC=C2C(c2ccccc2)(c2ccc(Nc3ccccc3)cc2)c2ccccc2N1c1ccc2ccc(N(c3ccccc3)c3ccccc3)cc2c1,0.9559915,433.4229,0.0347089,0.0347,0.2741165,6.4710,1.0000000,1.0000,[],16
32.4659,33.9752,70.6575,0.8174425,COc1ccc(C(O)=C2C(=O)C(=O)N(c3nc4cc(C)c(C)cc4s3)C2c2ccc(Cl)cc2)cc1Br,1,O=C1C(=O)N(c2nc3ccccc3s2)C(c2ccccc2)C1=Cc1ccccc1,0.8677298,420.4231,0.1595408,0.1595,0.5562739,2.9325,1.0000000,1.0000,[],16
41.0253,51.2078,50.5133,0.7946966,Cc1ccc(-c2nc3ccc(-c4ccc(N(c5ccccc5)c5ccc(C)cc5)cc4)c(-c4cccs4)c3nc2-c2ccc(C(F)(F)F)cc2)cc1,1,c1ccc(-c2nc3ccc(-c4ccc(N(c5ccccc5)c5ccccc5)cc4)c(-c4cccs4)c3nc2-c2ccccc2)cc1,0.8413180,418.1108,0.1654531,0.1655,0.5577626,2.9191,1.0000000,1.0000,[],16
73.0371,74.1914,1.5860,0.5920114,CN1C(=O)c2ccccc2C(=O)C1=Cc1ccc(Oc2nc(CC(C)(C)C3CCCNC3)n(-c3ccccc3)n2)c(C#N)c1,1,O=C1NC(=Cc2ccc(Oc3nc(CCC4CCCNC4)n(-c4ccccc4)n3)cc2)C(=O)c2ccccc21,0.6097157,404.8437,0.2720534,0.2721,0.4687831,3.7881,1.0000000,1.0000,[],16
90.3737,101.8878,-101.8878,0.0000000,[C@H]12C[C@@H](B(OC2=CC(=C2c3c(CCC2=O)c2c(cc3)cccc2)O)Oc2c1ccc1c2ccc2c1ccc1c2c2c3c(ccc2cc1)ccc1c(cccc3)c1)CCCCCC,0,,0.0000000,0.0000,0.0000000,0.0000,0.0000000,0.0000,0.0000000,0.0000,None,16
54.3040,65.9398,44.1009,0.8596929,CCCCC(CC)COc1ccc(N(c2ccc(C=C(C#N)c3ccc(C)cc3)cc2)c2ccc3c4c(C(=O)N5CCCC(O)C5)cccc4n(C)c3c2)cc1,1,O=C(c1cccc2[nH]c3cc(N(c4ccccc4)c4ccc(C=Cc5ccccc5)cc4)ccc3c12)N1CCCCC1,0.9344820,428.8553,0.0940374,0.0940,0.4519554,3.9709,1.0000000,1.0000,[],16
80.4648,86.9053,-86.9053,0.0000000,c1(c2c(N3C4C(c5c(C4)nc([nH]c4=O)N4C5=NC=CC=C4N3CC2)c2ccc(cc2)C#N)c(c(c1F)F)F)F,0,,0.0000000,0.0000,0.0000000,0.0000,0.0000000,0.0000,0.0000000,0.0000,None,16
66.4388,71.1233,-71.1233,0.0000000,c1cc2c(C(=O)c3ccccc3C2=O)c2c3ccc4c(cc(-c5cc6c7c(ccc7c6cccc8)[nH]5)cc4c3ccc2c1)C(c1c(C)cccc1)=O,0,,0.0000000,0.0000,0.0000000,0.0000,0.0000000,0.0000,0.0000000,0.0000,None,16
58.1421,70.6007,-70.6007,0.0000000,c1ccc2c(c3ccc(-c4c(-c5ccc(cc5)N(c5ccc(cc5)-c5c6c(cccc6)c(c6ccccc65)-c5c(cc(cc5)C)C)c5c6ccccc6ccc5)c5c(cc4)ccc(c5)C)ccc3n2CC)c1,0,,0.0000000,0.0000,0.0000000,0.0000,0.0000000,0.0000,0.0000000,0.0000,None,16
40.6221,49.9406,6.4937,0.4408923,CCCCCCN(Cc1ccccc1)C(c1ccc(F)cc1)c1ccc2cc(N(CCCC)CCCC)ccc2n1,1,c1ccc(CNC(c2ccccc2)c2ccc3ccccc3n2)cc1,0.4574002,398.1454,0.1212949,0.1213,0.5330760,3.1455,1.0000000,1.0000,[],16
38.8323,50.6817,-50.6817,0.0000000,c1(c2ccc3c4c(ccc(cc1)c4c2ccc3[N+](=O)[O-])C=Cc1ccc(N(c2ccc(OC)cc2)c2ccc(C)cc2)cc1)OC,0,,0.0000000,0.0000,0.0000000,0.0000,0.0000000,0.0000,0.0000000,0.0000,None,16
100.8786,116.4804,-116.4804,0.0000000,n1ccc(cc1C(=O)Cc1c(C)c(-c2ccc3c(N(C)CCO3)c2)c(C#N)c(N2CCC(CC2)n2nc(-c3cc(c(C(c4ccccc4N4CCOCC4)=O)s3)C#N)sc2)n1)S(=O)(=O)c1ccccc1,0,,0.0000000,0.0000,0.0000000,0.0000,0.0000000,0.0000,0.0000000,0.0000,None,16
35.7484,40.5244,-40.3407,0.0014346,C=CCOc1ccc(Oc2ccc(C#N)c(C#N)c2)c(Oc2ccc([N+](=O)[O-])cc2)c1,1,c1ccc(Oc2ccccc2Oc2ccccc2)cc1,0.0010703,325.7494,0.2721068,0.2721,0.6065779,2.4996,1.0000000,1.0000,[],16
34.1996,39.3062,-39.3062,0.0000000,CCN(CC)c1ccc(N(O)O)cc1CCC(=O)NN,1,c1ccccc1,0.0000000,0.0000,0.0000000,0.0000,0.0000000,0.0000,0.0000000,0.0000,['[#7;!n][#7;!n]'],16
41.5111,55.8938,57.6376,0.8869639,CCCCN(CCCC)c1ccc(C2OP(c3ccc(N(CCCC)CCCC)cc3)(N3CCOCC3)=NC(c3ccc(N(C)C)cc3)=C2c2ccc(N(C)C)cc2)cc1,1,c1ccc(C2=C(c3ccccc3)C(c3ccccc3)OP(c3ccccc3)(N3CCOCC3)=N2)cc1,0.9738704,439.2842,0.0775098,0.0775,0.4050016,4.5193,1.0000000,1.0000,[],16
31.9425,32.9714,-32.5271,0.0034708,CCC=C(C(C)=O)C(=O)c1ccc(OC)cc1O,1,c1ccccc1,0.0026849,335.7525,0.3761667,0.3762,0.6082725,2.4857,1.0000000,1.0000,[],16
35.1805,38.3521,-38.3459,0.0000482,CCN(CCO)Cc1ccc(CN(O)CCN(CCO)CCO)cc1,1,c1ccccc1,0.0000299,286.8768,0.3487266,0.3487,0.5884077,2.6517,1.0000000,1.0000,[],16
81.5469,104.7058,9.2829,0.8905369,CCCCCCOc1ccc(N=C2c3cc(N(c4ccccc4)c4ccc(OCC)cc4)ccc3-c3cc(-c4c(-c5ccc(N=Nc6cc7c(c(OC)c6OC)OCO7)c(N(C)C)c5)c(-c5ccc(OC)cc5)c5ccccn45)ccc32)cc1,1,c1ccc(N=C2c3cc(N(c4ccccc4)c4ccccc4)ccc3-c3cc(-c4c(-c5ccc(N=Nc6ccc7c(c6)OCO7)cc5)c(-c5ccccc5)c5ccccn45)ccc32)cc1,0.9904966,450.4493,0.0512651,0.0513,0.4119512,4.4343,1.0000000,1.0000,[],16
54.0636,55.1734,-55.1734,0.0000000,c1c(Nc2nn3c(Br)c4c(NC=C(C4(S)C)C#N)n3n2)ccc(c1)OC,0,,0.0000000,0.0000,0.0000000,0.0000,0.0000000,0.0000,0.0000000,0.0000,None,16
115.2345,135.5484,-135.5484,0.0000000,C(CC1(c2cc(ccc2-c2c1cc(-c1ccc(cc1)OCCCC)c(-c1nc(nc(-c3ccc(-c4cc5c(-c6c(C5(C)C)cc(cc6)-c5sc(cc5)C=Cc5ccc(cc5)N(c5ccccc5)c5ccccc5)c(Cl)cc4)cc3)[n+]1CCCCCC)-c1c(C#N)ccc(N(c3ccccc3)c3ccc(cc3)C#Cc3ccccc3)c1)c2)[N+]([O-])=O)[N+]([O-])=O)(=O)O,0,,0.0000000,0.0000,0.0000000,0.0000,0.0000000,0.0000,0.0000000,0.0000,None,16
26.2891,25.7084,-25.7084,0.0000000,CCOC(=O)Nc1ccc(C#N)c2ccccc12,1,c1ccc2ccccc2c1,0.0000000,0.0000,0.0000000,0.0000,0.0000000,0.0000,0.0000000,0.0000,"['C(=[O,S])[O,S]']",16
68.2606,81.1613,-29.9328,0.4002224,Cc1ccc(N(c2ccc(C)cc2)c2ccc(-c3cc(C)cc(-c4cc5c6c(cccc6c4N(c4ccc(C)cc4)c4ccc(C)cc4)C=c4cc(C)c6c7ccc(N(c8ccccc8)c8ccc(C)cc8)cc7n(N(c7ccc(C)cc7)c7ccc(C)cc7)c6c4=C5)c3)cc2)cc1,1,C1=c2ccc3c4ccc(N(c5ccccc5)c5ccccc5)cc4n(N(c4ccccc4)c4ccccc4)c3c2=Cc2cc(-c3cccc(-c4ccc(N(c5ccccc5)c5ccccc5)cc4)c3)c(N(c3ccccc3)c3ccccc3)c3cccc1c23,0.4172968,523.6251,0.1079232,0.1079,0.3928821,4.6712,1.0000000,1.0000,[],16
44.7738,47.1732,-47.1732,0.0000000,C1=CN(Cc2ccccc2)C(c2ccccc2)(c2ccccc2)Sc2cc1cc1c2OCOC1,1,C1=CN(Cc2ccccc2)C(c2ccccc2)(c2ccccc2)Sc2cc1cc1c2OCOC1,0.0000000,0.0000,0.0000000,0.0000,0.0000000,0.0000,0.0000000,0.0000,['[*;r{8-17}]'],16
65.3637,72.2421,-72.2421,0.0000000,O=C(O)C1=C(NC(=O)c2ccc(N3c4ccccc4Oc4cc5ccccc5cc43)cc2)C2(c3ccccc3C=CC1=O)c1ccccc1-c1ccccc12,1,O=C1C=Cc2ccccc2C2(C(NC(=O)c3ccc(N4c5ccccc5Oc5cc6ccccc6cc54)cc3)=C1)c1ccccc1-c1ccccc12,0.0000000,0.0000,0.0000000,0.0000,0.0000000,0.0000,0.0000000,0.0000,"['[*;r{8-17}]', 'C(=[O,S])[O,S]']",16
56.7402,74.6231,34.5902,0.8532292,CCN(c1ccc(OC)cc1)c1ccc(-c2c(C(=C(C#N)c3ccc(N(C)C)cc3)c3ccc(N(C)C)c4ccccc34)nn3c(C)ncc(C#N)c23)cc1,1,C(=C(c1nn2cnccc2c1-c1ccc(Nc2ccccc2)cc1)c1cccc2ccccc12)c1ccccc1,0.9231722,426.9941,0.1017913,0.1018,0.4906691,3.5599,1.0000000,1.0000,[],16
41.0508,47.7867,-47.5850,0.0015757,COc1ccc(C=CC2(C#N)CCC3(O)C(=O)C2C3(C)C)cc1OC,1,O=C1C2CCC(C=Cc3ccccc3)C1C2,0.0011482,326.5125,0.9105752,0.9106,0.3846230,4.7775,1.0000000,1.0000,[],16
46.0568,55.9228,-49.1184,0.0531596,CCCCCC[N+]1=C(C=Cc2ccc(N(C)C)cc2)C(C)(CCCS(=O)(=O)O)c2c1cc1ccccc1c2N=Cc1ccc(N(C)CCO)cc1,1,C(=Cc1ccccc1)C1=[NH+]c2cc3ccccc3c(N=Cc3ccccc3)c2C1,0.0509390,551.7561,0.0495008,0.0495,0.4490424,4.0032,1.0000000,1.0000,[],16
65.9143,86.6401,-86.6401,0.0000000,c1c(ccc(N)c1)-n1c2c(cc(cc2)-c2ccc(cc2)N(c2ccccc2)c2ccccc2)c2c1c1c(c(-c3ccc(cc3)N(c3ccccc3)c3ccccc3)c3c(c(n3-c3ccccc3)OC)c3ccccc31)c(N(C)C)cc2,0,,0.0000000,0.0000,0.0000000,0.0000,0.0000000,0.0000,0.0000000,0.0000,None,16
55.2184,55.0001,-55.0001,0.0000000,CC1=CC(=O)n2c1nc1cc(Cl)cc(S(=O)(=O)NCC(C)NC(=O)OC(C)(C)C)c12,1,O=C1C=Cc2nc3ccccc3n21,0.0000000,0.0000,0.0000000,0.0000,0.0000000,0.0000,0.0000000,0.0000,"['C(=[O,S])[O,S]']",16
28.8437,28.8607,-28.7961,0.0005045,CCOc1ccc(NC(C)COc2ccc(Cl)cc2)cc1,1,c1ccc(NCCOc2ccccc2)cc1,0.0003437,313.4093,0.8094948,0.8095,0.6485017,2.1655,1.0000000,1.0000,[],16
40.4137,51.6517,-5.0466,0.3641027,CCCCN(CC)c1ccc(N(c2ccc(N(CCCC)CCCC)cc2)c2ccc3c(c2)C(=O)c2cc(NS(=O)(=O)c4ccc(CC)cc4)ccc2-3)cc1,1,O=C1c2cc(NS(=O)(=O)c3ccccc3)ccc2-c2ccc(N(c3ccccc3)c3ccccc3)cc21,0.3776074,525.4256,0.0887072,0.0887,0.5368253,3.1104,1.0000000,1.0000,[],16
29.7127,43.7556,-38.8195,0.0385636,CCCCN(CCCC)c1ccc(-c2nc3cc(S(=O)(=O)c4ccc(N(c5ccccc5)c5ccccc5)cc4)ccc3o2)cc1,1,O=S(=O)(c1ccc(N(c2ccccc2)c2ccccc2)cc1)c1ccc2oc(-c3ccccc3)nc2c1,0.0350796,364.0141,0.1266456,0.1266,0.5819742,2.7066,1.0000000,1.0000,[],16
64.5692,72.1656,-59.9156,0.0957035,CC(C)N1CCCc2cc(Nc3nc(Nc4cc(NC(=O)c5ccn(C6CCCC6)n5)ccc4O)nc4c3CCN(c3ccc([N+](=O)[O-])cc3)C4)ccc21,1,O=C(Nc1cccc(Nc2nc3c(c(Nc4ccc5c(c4)CCCN5)n2)CCN(c2ccccc2)C3)c1)c1ccn(C2CCCC2)n1,0.0944484,375.4570,0.0478403,0.0478,0.5069508,3.3967,1.0000000,1.0000,[],16
37.3384,42.1764,-20.8543,0.1665793,CN(C)C(C)(C)CC1Cn2c(nc3cc4ccccc4cc3c2=O)N1,1,O=c1c2cc3ccccc3cc2nc2n1CCN2,0.1552576,381.6082,0.7469674,0.7470,0.4966880,3.4990,1.0000000,1.0000,[],16
91.4739,120.2076,-120.2076,0.0000000,CCCCCCCCOc1ccc(N(c2ccc(C#CC3c4c(ccc5ccccc45)N(CCCC(=O)O)C(=O)C34C3=CC(C(=O)NC(=O)Nc5ccc(NC(C)=O)c6ccccc56)=NC(=CC=C3)Oc3ccc(N(C)C)cc34)cc2)c2ccc(OCCCCCCCC)cc2)cc1,1,O=C(NC(=O)C1=NC2=CC=CC(=C1)C1(C(=O)Nc3ccc4ccccc4c3C1C#Cc1ccc(N(c3ccccc3)c3ccccc3)cc1)c1ccccc1O2)Nc1cccc2ccccc12,0.0000000,0.0000,0.0000000,0.0000,0.0000000,0.0000,0.0000000,0.0000,"['[*;r{8-17}]', 'C#C', 'C(=[O,S])[O,S]']",16
35.7513,47.8403,-47.8403,0.0000000,CCCCCCN(CCCC)c1ccc(-c2ccc(C=C3SC(=S)N(CC(=O)Nc4ccccc4)C3=O)s2)cc1,1,O=C(CN1C(=O)C(=Cc2ccc(-c3ccccc3)s2)SC1=S)Nc1ccccc1,0.0000000,0.0000,0.0000000,0.0000,0.0000000,0.0000,0.0000000,0.0000,"['C(=[O,S])[O,S]']",16
88.3420,108.3418,3.8245,0.8762989,CCCCCCOC1=Nc2cc(Nc3ncc(C4=c5ccccc5=Cc5ccccc5N4CCCCCC)c(-c4ccc(-c5ccc(C=C(C#N)C=Nc6ccc(CCCCCC)cc6)s5)cc4)n3)ccc2CC(=Cc2ccc(N(C)CCCCCC)cc2)C1,1,C(=Cc1ccc(-c2ccc(-c3nc(Nc4ccc5c(c4)N=CCC(=Cc4ccccc4)C5)ncc3C3=c4ccccc4=Cc4ccccc4N3)cc2)s1)C=Nc1ccccc1,0.9957377,460.7876,0.0271791,0.0272,0.3710019,4.9577,1.0000000,1.0000,[],16
40.8631,55.4559,58.1783,0.8877671,COc1ccc(N(c2ccc(Oc3ccc4nc(-c5ccc([N+](=O)[O-])cc5)c(N(c5ccc(OC)cc5)c5ccc(OC)cc5)cc4c3)cc2)c2ccc([N+](=O)[O-])cc2)cc1,1,c1ccc(-c2nc3ccc(Oc4ccc(N(c5ccccc5)c5ccccc5)cc4)cc3cc2N(c2ccccc2)c2ccccc2)cc1,0.9692880,437.4786,0.0764343,0.0764,0.5413895,3.0681,1.0000000,1.0000,[],16
47.9767,44.7961,-44.7911,0.0000392,CC1CC(Cl)=CCC1(C)N1C2CC3CC(C2)C1C3,1,C1=CCC(N2C3CC4CC(C3)C2C4)CC1,0.0000238,284.4341,0.6878397,0.6878,0.2998391,6.0225,1.0000000,1.0000,[],16
24.8256,29.2991,-29.2873,0.0000924,CCCCN1c2c(F)cccc2C(C)CC1(C)C,1,c1ccc2c(c1)CCCN2,0.0000579,294.0721,0.7490125,0.7490,0.5558701,2.9361,1.0000000,1.0000,[],16
124.0276,138.8829,-138.8829,0.0000000,N(c1cc(NCC(=O)N)ccc1)C(N=c1c2c(cccc2F)c(OC)cc2N(C(c3cccc4c3c3c(cccc3Oc3c(cc(cc3)N)S(=O)(=O)O)c(c1NC(=O)C[n+]4ccc1ccc(O)cc1)c2)=O)=O)=S,0,,0.0000000,0.0000,0.0000000,0.0000,0.0000000,0.0000,0.0000000,0.0000,None,16
50.2316,53.3394,-53.3394,0.0000000,CC(C(=O)O)N1C2C=C(c3ccc4c(c3)OCO4)CC1C(c1cc3c(cc1[N+](=O)[O-])OCCO3)=C2,1,C1=C(c2ccc3c(c2)OCO3)CC2NC1C=C2c1ccc2c(c1)OCCO2,0.0000000,0.0000,0.0000000,0.0000,0.0000000,0.0000,0.0000000,0.0000,"['C(=[O,S])[O,S]']",16
53.6130,65.7743,-65.7743,0.0000000,c1c(S(Nc2cc(ccc2)Cl)(=O)=O)ccc(-c2c3c(nc(=NC(C)C)n2NC(C)(C)C)cc(N(CC)CC)cc3)cc1,0,,0.0000000,0.0000,0.0000000,0.0000,0.0000000,0.0000,0.0000000,0.0000,None,16
23.9459,25.2840,-23.7465,0.0120112,Cc1ccc(-c2nc3ccc(N)cc3o2)s1,1,c1csc(-c2nc3ccccc3o2)c1,0.0097411,349.8215,0.6512989,0.6513,0.6307351,2.3043,1.0000000,1.0000,[],16
57.3507,65.2795,-51.5135,0.1075475,CC1=C2C=CC(=O)C3=c4ccccc4=CC=C(C1=Cc1ccc([N+](C)(C)C)s1)C23C,1,O=C1C=CC2=CC(=Cc3cccs3)C3=CC=c4ccccc4=C1C23,0.0987031,544.0134,0.6694917,0.6695,0.4080200,4.4822,1.0000000,1.0000,[],16
44.5540,55.7730,-55.7730,0.0000000,COc1ccc(C#Cc2nc(C#N)cc(C#N)c2Oc2ccc(C#Cc3ccc(N(c4ccccc4)c4ccc(C#N)cc4)cc3)cc2)cc1,1,C(#Cc1ncccc1Oc1ccc(C#Cc2ccc(N(c3ccccc3)c3ccccc3)cc2)cc1)c1ccccc1,0.0000000,0.0000,0.0000000,0.0000,0.0000000,0.0000,0.0000000,0.0000,['C#C'],16
26.1399,25.1895,-25.1883,0.0000094,Cc1ccc(C(F)(F)F)c(-c2ccccn2)c1,1,c1ccc(-c2ccccn2)cc1,0.0000052,267.8626,0.7279269,0.7279,0.6761855,1.9564,1.0000000,1.0000,[],16
44.8638,51.3509,-26.6374,0.1930746,CCCCCCCCn1c2ccc(C#N)cc2c2c3cc4c(ccn4CCCC)nc3ccc21,1,c1ccc2c(c1)[nH]c1ccc3nc4cc[nH]c4cc3c12,0.1883797,384.1420,0.2007486,0.2007,0.5863493,2.6692,1.0000000,1.0000,[],16
58.3536,70.2797,40.1306,0.8625809,CCCCCCCCOc1ccc(N(c2ccc(CCCCCCCC)cc2)c2ccc3c(c2)c2ccc(N(c4ccc(OCCCCCCCC)cc4)c4ccc(OCCCCCCCC)cc4)cc2n3-c2ccc(C(=O)c3c[nH]c(C#N)c3N=Nc3ccc(N(CCCCCCCC)CCCCCCCC)cc3)cc2)cc1,1,O=C(c1ccc(-n2c3ccc(N(c4ccccc4)c4ccccc4)cc3c3ccc(N(c4ccccc4)c4ccccc4)cc32)cc1)c1c[nH]cc1N=Nc1ccccc1,0.9859080,473.8784,0.0227104,0.0227,0.3535311,5.1989,1.0000000,1.0000,[],17
69.7965,81.9731,29.8738,0.8738037,CCCCCCOc1c2c(c(OC)c3c(N)cc(C=C(C#N)C(=O)C=Cc4cc(OC)c(Oc5ccc(Br)cc5)cc4[N+](=O)[O-])cc13)CCCC2,1,O=C(C=Cc1ccc(Oc2ccccc2)cc1)C=Cc1ccc2cc3c(cc2c1)CCCC3,0.9822248,476.4401,0.0312759,0.0313,0.4987247,3.4785,1.0000000,1.0000,[],17
20.9151,22.9456,-22.9440,0.0000129,COc1ccc(-n2cnc3ccccc32)cc1,1,c1ccc(-n2cnc3ccccc32)cc1,0.0000073,271.5570,0.6686284,0.6686,0.7158086,1.6717,1.0000000,1.0000,[],17
50.6852,63.1760,39.3857,0.8012629,COc1ccc(N(c2ccc(OC)cc2)c2ccc(-c3ccc(N(c4ccc(-c5ccc(N(c6ccccc6)c6ccccc6)cc5)cc4)c4cccc5cc(-c6cc7c(=O)n(C)nc(C)c7s6)ccc45)cc3)cc2)cc1,1,O=c1[nH]ncc2sc(-c3ccc4c(N(c5ccc(-c6ccc(N(c7ccccc7)c7ccccc7)cc6)cc5)c5ccc(-c6ccc(N(c7ccccc7)c7ccccc7)cc6)cc5)cccc4c3)cc12,0.8627657,419.9608,0.1075157,0.1075,0.4859980,3.6078,1.0000000,1.0000,[],17
49.4992,51.3614,-51.3614,0.0000000,C1c2c(OCc3ccc(F)c(F)c3F)c(c(sc2C=C1)NCCCOC)C#N,0,,0.0000000,0.0000,0.0000000,0.0000,0.0000000,0.0000,0.0000000,0.0000,None,17
74.1697,91.9464,23.0587,0.8984775,COc1ccc(Nc2ccc(-c3ccc(-c4c(N(c5ccc(OC)cc5)c5ccc(N(c6ccccc6)c6ccccc6)cc5)c5cc6cc(N(c7ccccc7)c7ccc(-c8ccccc8)cc7)ccc6c(C=Cc6cc7ccccc7s6)c5c5ccc(OC)cc45)cc3)cc2)cc1,1,C(=Cc1c2ccc(N(c3ccccc3)c3ccc(-c4ccccc4)cc3)cc2cc2c(N(c3ccccc3)c3ccc(N(c4ccccc4)c4ccccc4)cc3)c(-c3ccc(-c4ccc(Nc5ccccc5)cc4)cc3)c3ccccc3c12)c1cc2ccccc2s1,0.9927037,466.6571,0.0639415,0.0639,0.4147194,4.4008,1.0000000,1.0000,[],17
48.8086,57.7728,26.9730,0.6620762,CCCCN(CCCC)c1ccc(SCCCCCCN2c3ccc(C=Cc4ccc(O)cc4)cc3Oc3cc(C(F)(F)F)ccc32)cc1,1,C(=Cc1ccc2c(c1)Oc1ccccc1N2CCCCCCSc1ccccc1)c1ccccc1,0.7144552,409.9575,0.0678682,0.0679,0.5421095,3.0614,1.0000000,1.0000,[],17
85.4686,96.4705,-96.4705,0.0000000,Brc1c(-c2ccc(C3(c4c(cc(cc4)Br)N(c4c5c(ccc(c5)Br)n(c43)CC)Cc3ccc(C)cc3)OCC)nc2)c(C#N)cc2c(c1)cccn2,0,,0.0000000,0.0000,0.0000000,0.0000,0.0000000,0.0000,0.0000000,0.0000,None,17
107.8085,132.4071,-132.4071,0.0000000,CCOC(=O)C1=C(Oc2c(ccc(OC)c2)OC)C(=C(N(C1c1ccc(cc1)OC)c1ccc(cc1)N(c1ccc(C)cc1)c1ccc(cc1)OC)Cl)c1cc2C3(c4ccc(OC)cc4Oc2cc1)c1cc(C#Cc2c4ccccc4c(OCCCCCCCC)cc2)cc2c1cc(c(OC)c2)N1CCCCC1,0,,0.0000000,0.0000,0.0000000,0.0000,0.0000000,0.0000,0.0000000,0.0000,None,17
62.2714,77.0171,18.5450,0.7465787,CCCCN(CCCC)c1cc2nc(Nc3ccc(-c4ccc(N(c5ccccc5)c5ccccc5)cc4)cn3)sc2cc1OC1CCCc2c1ccc([N+](=O)[O-])c2[N+](=O)[O-],1,c1ccc(N(c2ccccc2)c2ccc(-c3ccc(Nc4nc5ccc(OC6CCCc7ccccc76)cc5s4)nc3)cc2)cc1,0.8134480,415.9883,0.0696175,0.0696,0.4456940,4.0406,1.0000000,1.0000,[],17
42.9648,48.8535,-48.8535,0.0000000,CCCCCCN1N=CC(=Cc2ccc3c(=O)c4cc5ccccc5cc4oc3c2)C1=O,1,O=C1NN=CC1=Cc1ccc2c(=O)c3cc4ccccc4cc3oc2c1,0.0000000,0.0000,0.0000000,0.0000,0.0000000,0.0000,0.0000000,0.0000,['[#7;!n][#7;!n]'],17
46.2183,56.6542,-41.2440,0.1203922,CC1CC(C)C(C)N(c2ccc(N=Cc3cc(N)cc(C=Cc4ccc(N(C)C)cc4O)c3)cc2)C1,1,C(=Cc1cccc(C=Nc2ccc(N3CCCCC3)cc2)c1)c1ccccc1,0.1147249,377.8145,0.2295008,0.2295,0.4518604,3.9719,1.0000000,1.0000,[],17
57.4164,80.9920,34.5887,0.9029737,CCCCCCn1c(=O)c(-c2ccc(N(c3ccccc3)c3ccccc3)cc2)nc2c(N(CCCC)CCCC)c(F)cc(NCCC(=O)Nc3ccc4nc[nH]c4c3)c21,1,O=C(CCNc1cccc2nc(-c3ccc(N(c4ccccc4)c4ccccc4)cc3)c(=O)[nH]c12)Nc1ccc2nc[nH]c2c1,0.9953091,461.8326,0.0619102,0.0619,0.4932964,3.5332,1.0000000,1.0000,[],17
40.7744,45.8396,-45.8396,0.0000000,COC(=O)c1cc2c3c(c1)-c1cc(N(c4ccc(OC)cc4)c4ccc(OC)cc4)ccc1C=CC(OC)=C3C=C2,1,C1=Cc2ccc(N(c3ccccc3)c3ccccc3)cc2-c2cccc3c2C(=C1)C=C3,0.0000000,0.0000,0.0000000,0.0000,0.0000000,0.0000,0.0000000,0.0000,"['[*;r{8-17}]', 'C(=[O,S])[O,S]']",17
108.6711,110.2815,-110.2815,0.0000000,c1c(ccc(c1)-c1ccc2sc(-c3ccc(-c4sc(c5C(c6cc7c(n8cc(c(C)c8ccc6c7Cl)C)c6c(cc(s5)CC(C)C)c6)CC4)C)c(-c4ccc(s4)Cl)n3)cc2c1)C,0,,0.0000000,0.0000,0.0000000,0.0000,0.0000000,0.0000,0.0000000,0.0000,None,17
40.4451,50.3945,-50.3945,0.0000000,c12c(c(Nc3ccc([N+]([O-])=O)cc3Cl)nc3ccccc3n1)ccc(Nc1ccc(C)cc1)c2[N+]#[C-],0,,0.0000000,0.0000,0.0000000,0.0000,0.0000000,0.0000,0.0000000,0.0000,None,17
24.7255,24.0183,-23.8947,0.0009654,CC1(C)OC1C=CC=Cc1ccccc1,1,C(C=CC1CO1)=Cc1ccccc1,0.0006920,321.0102,0.5376316,0.5376,0.5424272,3.0585,1.0000000,1.0000,[],17
60.4649,60.9290,-60.9290,0.0000000,c1cccc2c1c1c(c(-c3nc(-c4cccc(-c5c6cnccc6n(c6ccccc65)-c5ccc(cc5)-c5ccc6c(c5)cccc6)c4)nc(c3)-c3ccc4c(c3)cccc4)o2)cccc1,0,,0.0000000,0.0000,0.0000000,0.0000,0.0000000,0.0000,0.0000000,0.0000,None,17
94.8019,106.2720,-106.2720,0.0000000,COc1ccc(NS(=O)(=O)c2ccc3c4c(n(-c5cc(C6=CCC=C(C(=O)O)C(=N)N6c6ccc(Cl)c(Cl)c6Cl)ccc5Cl)c3c2)C(C)(C)c2cc(C)cc(C)c2-4)cc1,1,N=C1C=CCC=C(c2cccc(-n3c4c(c5ccc(S(=O)(=O)Nc6ccccc6)cc53)-c3ccccc3C4)c2)N1c1ccccc1,0.0000000,0.0000,0.0000000,0.0000,0.0000000,0.0000,0.0000000,0.0000,"['C(=[O,S])[O,S]']",17
56.1733,62.0189,-61.4939,0.0041011,CC(C)(C)Oc1ccc(-n2c(-c3ccc(-c4ccc5c(c4)c(-c4cccnc4)nc4ccccc45)cc3)nc3c(-c4ccc(C(C)(C)C)cc4)cc(-c4ccc(C(C)(C)C)cc4)cc32)cc1,1,c1ccc(-c2cc(-c3ccccc3)c3nc(-c4ccc(-c5ccc6c(c5)c(-c5cccnc5)nc5ccccc56)cc4)n(-c4ccccc4)c3c2)cc1,0.0033081,338.0256,0.1498397,0.1498,0.5028396,3.4374,1.0000000,1.0000,[],17
36.8084,47.4786,-17.2562,0.2361123,c1ccc(-c2cn3c(-c4ccc(N(c5ccccc5)c5ccccc5)cc4)nc(-c4ccccc4)c3cc2-c2ccc(N3c4ccccc4Oc4ccccc43)cc2)cc1,1,c1ccc(-c2cn3c(-c4ccc(N(c5ccccc5)c5ccccc5)cc4)nc(-c4ccccc4)c3cc2-c2ccc(N3c4ccccc4Oc4ccccc43)cc2)cc1,0.2351666,387.1952,0.1540534,0.1541,0.5420977,3.0615,1.0000000,1.0000,[],17
49.9786,59.9109,-51.5723,0.0651450,COc1ccc(N(c2ccc(OC)cc2)c2ccc(N(c3ccc(OCCCN4CC(C)C4)cc3)c3ccc4c(N(C)C)cccc4c3C)cc2)cc1,1,c1ccc(N(c2ccccc2)c2ccc(N(c3ccc(OCCCN4CCC4)cc3)c3ccc4ccccc4c3)cc2)cc1,0.0613721,370.3869,0.1044492,0.1044,0.5458506,3.0271,1.0000000,1.0000,[],17
74.7544,81.5468,-80.5221,0.0080055,Cc1ccc(O)c(S(=O)(=O)Nc2cc(S(=O)(=O)Nc3ccc(N4CCCCC4)cc3S(=O)(=O)N3CCOCC3)cc(N3CCN(c4ccc(-c5cc(C(F)(F)F)[nH]n5)cc4)CC3)c2F)c1,1,O=S(=O)(Nc1cc(N2CCN(c3ccc(-c4cc[nH]n4)cc3)CC2)cc(S(=O)(=O)Nc2ccc(N3CCCCC3)cc2S(=O)(=O)N2CCOCC2)c1)c1ccccc1,0.0067742,345.8452,0.1037595,0.1038,0.4782662,3.6879,1.0000000,1.0000,[],17
29.2014,28.7465,-26.9919,0.0137078,Cc1ccc2c3c(cccc13)C(=O)N(c1ccc(Oc3ccccc3)cc1)C2=O,1,O=C1c2cccc3cccc(c23)C(=O)N1c1ccc(Oc2ccccc2)cc1,0.0113310,351.4804,0.4264400,0.4264,0.6696559,2.0050,1.0000000,1.0000,[],17
74.3960,97.9257,-75.1206,0.1781649,COc1ccc(N(c2ccc(OC)cc2)c2ccc(-n3nc(-c4cc(C(C)(C)C)cc(C(C)(C)C)c4)c4cc(C=Cc5ccc(N(c6ccc(-c7ccc(C)cc7)cc6)c6ccc(Oc7ccc(SC)cc7)cc6Oc6ccc(C(C)(C)C)cc6)cc5)ccc43)cc2C#N)cc1,1,C(=Cc1ccc2c(c1)c(-c1ccccc1)nn2-c1ccc(N(c2ccccc2)c2ccccc2)cc1)c1ccc(N(c2ccc(-c3ccccc3)cc2)c2ccc(Oc3ccccc3)cc2Oc2ccccc2)cc1,0.1811246,383.6190,0.0615912,0.0616,0.4007828,4.5717,1.0000000,1.0000,[],17
44.8841,57.1473,-57.1473,0.0000000,Cn1c2ccc(C#Cc3cccc(C#N)c3)cc2c2cc(C#Cc3cc(C#N)cc(C#N)c3)[nH]c(=O)c21,1,O=c1[nH]c(C#Cc2ccccc2)cc2c1[nH]c1ccc(C#Cc3ccccc3)cc12,0.0000000,0.0000,0.0000000,0.0000,0.0000000,0.0000,0.0000000,0.0000,['C#C'],17
36.0413,44.4193,6.5046,0.3978429,CC(C)(C)c1ccc(N(c2ccc(C(C)(C)C)cc2)c2ccc3ccccc3c2-c2cc(C=Nc3ccc(Cl)cc3)c(O)c(C(C)(C)C)c2)cc1,1,C(=Nc1ccccc1)c1cccc(-c2c(N(c3ccccc3)c3ccccc3)ccc3ccccc23)c1,0.4056356,395.8521,0.1763626,0.1764,0.5364240,3.1142,1.0000000,1.0000,[],17
27.9231,28.5783,-28.4603,0.0009220,Cn1cc(C(=O)c2ccc3nc(N)sc3c2)cn1,1,O=C(c1cn[nH]c1)c1ccc2ncsc2c1,0.0006516,320.3562,0.7117129,0.7117,0.6220666,2.3735,1.0000000,1.0000,[],17
28.0554,27.1966,-26.5460,0.0050832,OCC1CCN(c2ccc(-c3ncccn3)cc2)CC1,1,c1cnc(-c2ccc(N3CCCCC3)cc2)nc1,0.0038913,339.7947,0.9289507,0.9290,0.6685709,2.0131,1.0000000,1.0000,[],17
26.6575,33.2032,-32.7311,0.0036881,Cc1ccc(Nc2ccc(Nc3ccccc3N3CCCCCC3)cc2)cc1,1,c1ccc(Nc2ccc(Nc3ccccc3N3CCCCCC3)cc2)cc1,0.0028270,336.3138,0.5126643,0.5127,0.6880991,1.8691,1.0000000,1.0000,[],17
67.5969,81.8033,-22.9007,0.4601759,COc1ccc(-c2cn3c(=O)[nH]c(NC(C#N)c4ccc(-c5ccc(C=C(C#N)C(=O)NC6CC(=O)NC6=O)s5)cc4)nc3cc2=O)cc1,1,O=C(C=Cc1ccc(-c2ccc(CNc3nc4cc(=O)c(-c5ccccc5)cn4c(=O)[nH]3)cc2)s1)NC1CC(=O)NC1=O,0.4835047,399.2834,0.1021379,0.1021,0.4201303,4.3360,1.0000000,1.0000,[],17
25.6421,26.6403,-26.6403,0.0000000,c1c(ccc2c1nc1c(c(ccc1)Cl)[nH]2)=O,0,,0.0000000,0.0000,0.0000000,0.0000,0.0000000,0.0000,0.0000000,0.0000,None,17
112.5036,136.7203,-136.7203,0.0000000,O=C(N1[C@H](c2ccc(cc2)O)C2=COc3CC(CC(N)Cc3c2C=C1)c1c(cc(N(CCC)CCCC)cc1)OC)c1cc2c(cc1)-c1c(cc(cc1)N(c1ccc(cc1)OCCCC)C1CCCCC1)C(c2cc1ccc(N(CCCC)CCCC)cc1)=O,0,,0.0000000,0.0000,0.0000000,0.0000,0.0000000,0.0000,0.0000000,0.0000,None,17
54.7850,72.0656,-72.0656,0.0000000,C=CCN1C(=C(C#N)C#N)C(C(=O)c2ccccc2O)C(C(=O)NCCc2ccccc2)CN1C(=O)c1ccc2ccccc2c1,1,C=C1NN(C(=O)c2ccc3ccccc3c2)CC(C(=O)NCCc2ccccc2)C1C(=O)c1ccccc1,0.0000000,0.0000,0.0000000,0.0000,0.0000000,0.0000,0.0000000,0.0000,['[#7;!n][#7;!n]'],17
52.0032,54.9788,63.5181,0.9257569,O=C1C(=Cc2ccc(-c3cc4c(o3)c3oc(-c5ccccc5)nc3c3ccc5c(c34)CCc3ccccc3-5)cc2)C(=O)c2ccccc21,1,O=C1C(=Cc2ccc(-c3cc4c(o3)c3oc(-c5ccccc5)nc3c3ccc5c(c34)CCc3ccccc3-5)cc2)C(=O)c2ccccc21,0.9927813,466.5402,0.1453307,0.1453,0.5379824,3.0996,1.0000000,1.0000,[],17
37.0716,45.7052,31.9987,0.6070623,CCOc1c(F)c2c(F)c(F)c(F)c(F)c2c2c(C=C(C#N)C#N)c(F)c(F)cc12,1,c1ccc2c(c1)ccc1ccccc12,0.6336811,405.9503,0.1757080,0.1757,0.5077081,3.3892,1.0000000,1.0000,[],17
46.9302,54.3476,-54.3476,0.0000000,CCCCC1CN(C)c2cc(C)ccc2C2(C)CC[N+]1(CC)c1ccccc1C2(C)CC,1,c1ccc2c(c1)CC1CC[NH+]2CCNc2ccccc21,0.0000000,0.0000,0.0000000,0.0000,0.0000000,0.0000,0.0000000,0.0000,['[*;r{8-17}]'],17
90.5423,114.1491,-114.1491,0.0000000,C1C(C(=O)O)N(Cc2c(cc3c(-c4c(cc(cc4)-c4ccc5c(c4[N+](=O)[O-])C(N(c4ccc(cc4)C(=O)OCC)CC=C5)=O)N(CCCCCCCC)c3c2)OCCCCCC)O1)CC(CCCCCCCCCCCC)CCCCCCCCCCCC,0,,0.0000000,0.0000,0.0000000,0.0000,0.0000000,0.0000,0.0000000,0.0000,None,17
31.3049,40.3255,-39.0983,0.0095881,CCCCCCN(CCCCCC)c1ccc(-c2cccc(C(=O)Nc3ccc(N(CC)CC)cc3)c2)cc1,1,O=C(Nc1ccccc1)c1cccc(-c2ccccc2)c1,0.0080079,347.6752,0.1775894,0.1776,0.6242588,2.3560,1.0000000,1.0000,[],17
39.9096,53.9083,40.2314,0.7354660,CCCCCCOc1ccc(N(c2ccc(C)cc2)c2cc3c(s2)C(=C(C#N)C#N)C(=Cc2ccc(OC)cc2)CCC3)cc1,1,C=C1C(=Cc2ccccc2)CCCc2cc(N(c3ccccc3)c3ccccc3)sc21,0.7898782,505.6228,0.0956010,0.0956,0.5288454,3.1853,1.0000000,1.0000,[],17
84.9459,83.4083,-83.4083,0.0000000,CC12CC1(C)C(CCC1CC(c3cc(C#N)c(c(c3)F)C=CC3CCC(C)CC3I)=CC=CC1)=CC=2F,0,,0.0000000,0.0000,0.0000000,0.0000,0.0000000,0.0000,0.0000000,0.0000,None,17
59.6087,72.0767,-72.0767,0.0000000,c1(OCCOCCO)c2ccc(c3c2c(c2c4c3ccc3c4c(cc(-c4ccccc4N(c4ccccc4)c4ccccc4)c3)cc2cc1)C#N)-c1ccc(cc1)N(C)C,0,,0.0000000,0.0000,0.0000000,0.0000,0.0000000,0.0000,0.0000000,0.0000,None,17
50.9629,61.6195,16.6182,0.6112320,COc1ccc(C(=O)c2c3ccccc3c(C3=CCN(C(=O)c4c(N)[nH]c5ccc(Br)cc45)CC3)c3cc[nH]c23)cc1,1,O=C(c1ccccc1)c1c2ccccc2c(C2=CCN(C(=O)c3c[nH]c4ccccc34)CC2)c2cc[nH]c12,0.6374097,406.1251,0.1760754,0.1761,0.5393507,3.0869,1.0000000,1.0000,[],17
59.2302,69.0977,-33.2159,0.2803268,CCCCCCn1c(-c2ccc(-c3cc4sc5cc6ccccc6cc5c4c4ccccc34)cc2)cc2oc3ccc(-c4ccc(N(c5ccc(C)cc5)c5ccc(C)cc5)cc4)cc3c21,1,c1ccc(N(c2ccccc2)c2ccc(-c3ccc4oc5cc(-c6ccc(-c7cc8sc9cc%10ccccc%10cc9c8c8ccccc78)cc6)[nH]c5c4c3)cc2)cc1,0.2844765,389.9856,0.1207936,0.1208,0.4931256,3.5350,1.0000000,1.0000,[],17
44.2859,63.5050,17.1418,0.6300529,CCCCCCCCN(CCCCCC)c1ccc(OC)c(N(CC(=O)c2ccc(N(CC)CC)cc2)C(=O)c2cc3ccccc3oc2=O)c1,1,O=C(CN(C(=O)c1cc2ccccc2oc1=O)c1ccccc1)c1ccccc1,0.6865078,408.5105,0.0459810,0.0460,0.5424045,3.0587,1.0000000,1.0000,[],17
44.8031,53.0232,57.3660,0.8624157,O=S(=O)(Nc1ccc2cc[nH]c2c1)c1ccc(-c2ccc(N=Cc3ccc(N(CCO)CCO)cc3)o2)cc1,1,O=S(=O)(Nc1ccc2cc[nH]c2c1)c1ccc(-c2ccc(N=Cc3ccccc3)o2)cc1,0.9152301,425.8322,0.1772444,0.1772,0.5499008,2.9901,1.0000000,1.0000,[],17
33.5829,39.2290,79.4905,0.9274961,O=C1C(=Cc2cc3occc3s2)C=Cc2ccc(Br)cc21,1,O=C1C(=Cc2cc3occc3s2)C=Cc2ccccc21,0.9549417,486.8449,0.5347011,0.5347,0.5303177,3.1714,1.0000000,1.0000,[],17
70.7333,92.3820,-92.3820,0.0000000,COc1ccc(NC(=O)C23CCCCC4N(C(=O)OC(C)(C)C)C(=O)C=CC42c2ccc(N(c4ccccc4)c4ccccc4)cc2C3c2ccc(N(c3ccccc3)c3ccc(Oc4ccccc4)cc3)cc2)cc1,1,O=C1C=CC23c4ccc(N(c5ccccc5)c5ccccc5)cc4C(c4ccc(N(c5ccccc5)c5ccc(Oc6ccccc6)cc5)cc4)C2(C(=O)Nc2ccccc2)CCCCC3N1,0.0000000,0.0000,0.0000000,0.0000,0.0000000,0.0000,0.0000000,0.0000,"['C(=[O,S])[O,S]']",17
46.3285,52.7845,36.0286,0.6938528,CCCCCCC1(CCCCCC)Oc2cc(N(c3ccccc3)c3ccccc3)c3c(Cl)cccc3c2-c2cc(Cl)c(Cl)cc21,1,c1ccc(N(c2ccccc2)c2cc3c(c4ccccc24)-c2ccccc2CO3)cc1,0.7383502,411.2635,0.1156027,0.1156,0.5326629,3.1493,1.0000000,1.0000,[],17
76.5127,89.5559,-89.0468,0.0039770,CN(C)c1c(C(=O)NCc2cc(-c3cnc(-c4ccccc4)s3)ccc2-c2ccc(O)c(N3CCOCC3)c2)cc(S(=O)(=O)N2CCOCC2)cc1N(O)O,1,O=C(NCc1cc(-c2cnc(-c3ccccc3)s2)ccc1-c1cccc(N2CCOCC2)c1)c1cccc(S(=O)(=O)N2CCOCC2)c1,0.0032197,337.7305,0.1280690,0.1281,0.4958947,3.5070,1.0000000,1.0000,[],17
49.4772,63.7752,49.9628,0.8885782,CN1CCN(C)c2c1c(N(c1ccccc1)c1ccccc1)c1ccc3ccc(=O)oc3c1c2N(c1ccc(C#N)cc1)c1ccc(N(c2ccccc2)c2ccccc2)cc1,1,O=c1ccc2ccc3c(N(c4ccccc4)c4ccccc4)c4c(c(N(c5ccccc5)c5ccc(N(c6ccccc6)c6ccccc6)cc5)c3c2o1)NCCN4,0.9701785,437.8081,0.0811317,0.0811,0.4960704,3.5052,1.0000000,1.0000,[],17
52.3157,61.0566,-61.0566,0.0000000,C1(CCl)CCN(c2c(c3c(cccc3)cc3ccc(Cl)cc32)N(c2ccc3ccccc3c2)c2c3ccccc3ccc2)CC1,0,,0.0000000,0.0000,0.0000000,0.0000,0.0000000,0.0000,0.0000000,0.0000,None,17
56.6902,60.0164,-60.0164,0.0000000,O=c1cc2cc3c(=O)n(-c4ccccc4)c4ccc5c6cccc5c(Br)cc(c4C=6)c3ccccc12,1,O=c1cc2cc3c(=O)n(-c4ccccc4)c4ccc5c6cccc5ccc(c4C=6)c3ccccc12,0.0000000,0.0000,0.0000000,0.0000,0.0000000,0.0000,0.0000000,0.0000,['[*;r{8-17}]'],17
37.7525,40.9973,-40.9250,0.0005646,Cc1ccc(-c2n[nH]c3c2ccc2cc(-c4ccc5ccccc5c4)ccc23)cc1,1,c1ccc(-c2n[nH]c3c2ccc2cc(-c4ccc5ccccc5c4)ccc23)cc1,0.0003982,315.0067,0.3286232,0.3286,0.6429690,2.2083,1.0000000,1.0000,[],17
83.1894,101.7277,-93.9178,0.0610148,O=Nc1cc2c(c(C=Nc3ccccc3)c1Oc1ccc(N(c3ccccc3)c3ccccc3)cc1)-c1c(S(=O)(=O)O)c3c(ccc(=O)c4c5cc(N(c6ccc(Oc7ccccc7)cc6)c6ccc(N(c7ccccc7)c7ccccc7)cc6)ccc5ccc34)c3cccc(c13)N2c1ccccc1,1,O=c1ccc2c3cccc4c3c(cc2c2ccc3ccc(N(c5ccc(Oc6ccccc6)cc5)c5ccc(N(c6ccccc6)c6ccccc6)cc5)cc3c12)-c1c(ccc(Oc2ccc(N(c3ccccc3)c3ccccc3)cc2)c1C=Nc1ccccc1)N4c1ccccc1,0.0591125,550.0464,0.0497801,0.0498,0.3727328,4.9345,1.0000000,1.0000,[],17
34.2958,45.6937,-45.6937,0.0000000,CCCCN(CCCC)c1ccc(S(=O)(=O)c2ccc(C=Cc3cn(C(=O)O)c4ccccc34)cc2)cc1,1,O=S(=O)(c1ccccc1)c1ccc(C=Cc2c[nH]c3ccccc23)cc1,0.0000000,0.0000,0.0000000,0.0000,0.0000000,0.0000,0.0000000,0.0000,"['C(=[O,S])[O,S]']",17
24.8319,30.0114,80.0840,0.8601197,Cc1cc2cc3cc(N)ccc3cc2cc1N,1,c1ccc2cc3ccccc3cc2c1,0.8831613,421.9613,0.4517686,0.4518,0.6436808,2.2028,1.0000000,1.0000,[],17
32.5447,42.1853,-26.1088,0.1255976,COc1ccc(N(c2ccccc2)c2ccc3c(c2)c2ccccc2n3-c2ccc(-c3nc(-c4ccc(-c5ccccc5)cc4)nc(N(c4ccccc4)c4ccccc4)n3)cc2)cc1,1,c1ccc(-c2ccc(-c3nc(-c4ccc(-n5c6ccccc6c6cc(N(c7ccccc7)c7ccccc7)ccc65)cc4)nc(N(c4ccccc4)c4ccccc4)n3)cc2)cc1,0.1216811,378.5393,0.1293045,0.1293,0.5414209,3.0678,1.0000000,1.0000,[],17
32.3324,39.5503,79.5871,0.9307607,Nc1ccc(Nc2c(C(=O)c3ccc([N+](=O)[O-])cc3)c3ccccc3oc2=O)cc1,1,O=C(c1ccccc1)c1c(Nc2ccccc2)c(=O)oc2ccccc12,0.9907273,450.7187,0.1680364,0.1680,0.6251381,2.3489,1.0000000,1.0000,[],17
39.2372,46.4014,-45.8285,0.0044761,COc1ccc(N(c2ccccc2)c2ccc(-c3ccc(-n4c5ccccc5c5ccc(-c6ccc7[nH]c8ccccc8c7c6)cc54)cc3)cc2)cc1,1,c1ccc(N(c2ccccc2)c2ccc(-c3ccc(-n4c5ccccc5c5ccc(-c6ccc7[nH]c8ccccc8c7c6)cc54)cc3)cc2)cc1,0.0035948,338.9308,0.1816108,0.1816,0.5782876,2.7384,1.0000000,1.0000,[],17
45.9560,46.2976,-46.2939,0.0000286,CCCC=C=C(C)Cc1ccc(C(C)(c2ccc(C(F)(F)F)cc2)C(F)(F)F)cc1,1,c1ccc(Cc2ccccc2)cc1,0.0000173,280.9618,0.3240734,0.3241,0.5060673,3.4054,1.0000000,1.0000,[],17
23.5023,26.4356,-22.3705,0.0317582,N#Cc1c(-c2ccccc2)c2cc(F)ccc2[nH]c1=O,1,O=c1cc(-c2ccccc2)c2ccccc2[nH]1,0.0269784,361.0723,0.7333294,0.7333,0.6631933,2.0534,1.0000000,1.0000,[],17
36.8078,50.9189,-49.8388,0.0084385,COc1ccc(N(c2ccc(OC)cc2)c2ccc(-c3cn(-c4ccc(NC(=O)C(F)(F)C(F)(F)C(F)(F)C(F)(F)C(F)(F)F)cc4)nn3)cc2)cc1,1,c1ccc(N(c2ccccc2)c2ccc(-c3cn(-c4ccccc4)nn3)cc2)cc1,0.0070971,346.3544,0.1278005,0.1278,0.5333944,3.1425,1.0000000,1.0000,[],17
66.7428,93.2880,-93.2880,0.0000000,CCCC(=C(C#N)C#N)c1c(-c2ccc(C#Cc3ccc(N(c4ccccc4)c4ccc(C)cc4)cc3)c(C#N)c2)n(C#N)c2cc(F)c(C(=O)C#Cc3ccc(N(c4ccc(C)cc4)c4ccc(C)cc4)cc3)cc12,1,O=C(C#Cc1ccc(N(c2ccccc2)c2ccccc2)cc1)c1ccc2[nH]c(-c3ccc(C#Cc4ccc(N(c5ccccc5)c5ccccc5)cc4)cc3)cc2c1,0.0000000,0.0000,0.0000000,0.0000,0.0000000,0.0000,0.0000000,0.0000,['C#C'],17
28.3300,35.6604,81.7728,0.9174468,N#CC(C#N)=Cc1ccc(N(c2ccccc2)c2ccccc2N(c2ccc(C#N)cc2)c2ccc(N(c3ccccc3)c3ccccc3)cc2)cc1,1,c1ccc(N(c2ccccc2)c2ccc(N(c3ccccc3)c3ccccc3N(c3ccccc3)c3ccccc3)cc2)cc1,0.9848388,445.3158,0.1337536,0.1338,0.5685151,2.8236,1.0000000,1.0000,[],18
50.8331,71.8753,44.0189,0.9054235,CCCCN(CCCC)c1ccc2c(c1)oc(=O)c1c3[nH]c(C(=O)N(c4ccc(N(c5ccccc5)c5ccccc5)cc4)c4ccc(-c5ccc(N(c6ccccc6)c6ccccc6)cc5)c(Cl)c4)cc3c3ccccc3c21,1,O=C(c1cc2c3ccccc3c3c4ccccc4oc(=O)c3c2[nH]1)N(c1ccc(-c2ccc(N(c3ccccc3)c3ccccc3)cc2)cc1)c1ccc(N(c2ccccc2)c2ccccc2)cc1,0.9950644,457.6127,0.0723298,0.0723,0.4525648,3.9641,1.0000000,1.0000,[],18
37.7360,53.7723,-44.7901,0.0701731,CCCCCCOc1ccc(N(c2ccc(OCCCCCC)cc2)c2ccc(N(c3ccc(C#N)cc3)c3ccc(N(c4ccccc4)c4ccc(OCC5CCCCC5)cc4)cc3)cc2Cl)cc1,1,c1ccc(N(c2ccccc2)c2ccc(N(c3ccccc3)c3ccc(N(c4ccccc4)c4ccc(OCC5CCCCC5)cc4)cc3)cc2)cc1,0.0678113,371.5450,0.0559355,0.0559,0.5013644,3.4521,1.0000000,1.0000,[],18
35.3372,49.1227,-48.9511,0.0013409,CCCCCCCCOc1ccc(N(c2ccccc2)c2ccc(Oc3cc(N(c4ccccc4)c4ccccc4)ccc3NCC)cc2)cc1,1,c1ccc(N(c2ccccc2)c2ccc(Oc3cccc(N(c4ccccc4)c4ccccc4)c3)cc2)cc1,0.0010324,325.3577,0.0917846,0.0918,0.5850224,2.6805,1.0000000,1.0000,[],18
37.8474,52.2135,-38.4363,0.1076347,CCCCCCOc1cc(NCC(=O)c2ccc(N(c3ccc(OC)cc3)c3ccc(OC)cc3)cc2)cc(OCC)c1OC,1,O=C(CNc1ccccc1)c1ccc(N(c2ccccc2)c2ccccc2)cc1,0.1044858,376.6746,0.0882136,0.0882,0.5944028,2.6010,1.0000000,1.0000,[],18
77.5098,90.6961,-90.6961,0.0000000,c1cc2cc(n1Cc1c-2cc2-c3c(C)cc(c4c3c(Cc2c1)cc(c4)-c1ccc(cc1)N(c1ccc2c(c1)ccc1C(C)(C(C(C)(C)c12)C)C)C)C)-c1ccc(N(c2ccccc2)c2ccccc2)cc1,0,,0.0000000,0.0000,0.0000000,0.0000,0.0000000,0.0000,0.0000000,0.0000,None,18
50.4157,55.2444,64.7276,0.9372813,NC(=O)C(O)c1ccc([N+]([O-])=C2N=C(Nc3ccccc3)C(=O)NC2=O)cc1,1,O=C1NC(=O)C(=[NH+]c2ccccc2)N=C1Nc1ccccc1,0.9903938,469.6686,0.2505738,0.2506,0.4945595,3.5204,1.0000000,1.0000,[],18
85.0319,110.2580,-110.2580,0.0000000,c12C3(c4c(c5c(ccc(c5)CC(CC)CCCC)c5c4c(c4ccc(C(Cl)=O)cc45)cc3N(c3ccc(C#N)c(c3)C#N)c2ccc(c1)N(c1ccc(cc1)C#N)c1ccc(cc1)C#N)OC)c1cc(c(N(c2ccc(cc2)OC)c2ccc(cc2)OCCCCCCCC)cc1)C#N,0,,0.0000000,0.0000,0.0000000,0.0000,0.0000000,0.0000,0.0000000,0.0000,None,18
39.2425,46.6451,-46.6451,0.0000000,COc1ccc(-c2ccco2)c2cc3c4c(c12)=CC(=CC=C3)C=CC=4O,1,C1=CC2=CC=Cc3cc4c(-c5ccco5)cccc4c(c3=C1)=C2,0.0000000,0.0000,0.0000000,0.0000,0.0000000,0.0000,0.0000000,0.0000,['[*;r{8-17}]'],18
62.9675,77.3225,-77.3225,0.0000000,O=C(/C=C/c1ccc(c(OC)c1)OC)N(c1cc2c(-c3c4c(cccc4N2c2ccc(N(C)C)cc2)cc(N(C)C)cc3)cc1)Cc1c(cccc1)N(c1ccc(cc1)C)c1ccc(cc1)OC,0,,0.0000000,0.0000,0.0000000,0.0000,0.0000000,0.0000,0.0000000,0.0000,None,18
38.5326,56.0189,-56.0189,0.0000000,COc1ccc(N(c2ccc(OC)cc2)c2ccc(-c3nc(C#N)c(N=Cc4ccc(O)c(C(=O)O)c4O)s3)cc2)cc1,1,C(=Nc1cnc(-c2ccc(N(c3ccccc3)c3ccccc3)cc2)s1)c1ccccc1,0.0000000,0.0000,0.0000000,0.0000,0.0000000,0.0000,0.0000000,0.0000,"['C(=[O,S])[O,S]']",18
59.1566,76.7326,28.4024,0.8213667,Cc1ccc(N(c2ccc(C)cc2)c2ccc(-n3c(=S)sc4c(-c5ccc(OC(F)(F)F)cc5)c5c(ccc6nc(-c7ccc(N(c8ccccc8)c8ccccc8)cc7F)sc65)c(-c5ccc(N(c6ccccc6)c6ccccc6)cc5)c43)cc2)cc1,1,S=c1sc2c(-c3ccccc3)c3c(ccc4nc(-c5ccc(N(c6ccccc6)c6ccccc6)cc5)sc43)c(-c3ccc(N(c4ccccc4)c4ccccc4)cc3)c2n1-c1ccc(N(c2ccccc2)c2ccccc2)cc1,0.8965021,423.4405,0.0797761,0.0798,0.4244806,4.2844,1.0000000,1.0000,[],18
29.9913,28.6317,-28.6075,0.0001893,Cc1cccc(CC(Br)c2cc(Br)c(C)c(Br)c2)c1,1,c1ccc(CCc2ccccc2)cc1,0.0001249,302.4157,0.4714029,0.4714,0.5728436,2.7857,1.0000000,1.0000,[],18
36.2112,37.5603,-37.5603,0.0000000,COc1cc(C(=O)N2C(=O)OC3(COC3)C2=O)cc(OC)c1OC,1,O=C1OC2(COC2)C(=O)N1C(=O)c1ccccc1,0.0000000,0.0000,0.0000000,0.0000,0.0000000,0.0000,0.0000000,0.0000,"['C(=[O,S])[O,S]']",18
48.4693,62.4814,-62.4814,0.0000000,c1c2c(cc(c3c2cc(-c2sc(C=Cc4ccc(cc4)N(c4ccccc4)c4ccccc4)cc2)c2c(cc(c(c2)C)N(c2ccc(cc2)C)c2ccccc2)c3)C)cc(c1)N(c1ccc(cc1)C)c1ccc(cc1)C,0,,0.0000000,0.0000,0.0000000,0.0000,0.0000000,0.0000,0.0000000,0.0000,None,18
50.5454,58.4288,-54.6250,0.0297178,COc1cccc2c(N)c(C(C#N)N=C(N)c3ccccc3N=C=O)c3ccccc3c12,1,C(=NCc1cc2ccccc2c2ccccc12)c1ccccc1,0.0265654,360.9002,0.1609783,0.1610,0.4849355,3.6187,1.0000000,1.0000,[],18
43.6881,47.2593,-40.9753,0.0490939,CCNC(=O)c1ccc(-c2ccc(COC)cc2)nc1Nc1cc(C)cc(C)c1,1,c1ccc(Nc2cccc(-c3ccccc3)n2)cc1,0.0429756,366.3075,0.5964968,0.5965,0.6455373,2.1884,1.0000000,1.0000,[],18
88.9970,117.7412,-117.7412,0.0000000,Clc1cc(ccc1)/C(C)=C(/c1ccc(cc1)Cl)c1ccc(cc1)OCCOc1cc2n(c(cc(c2cc1)-c1sc(cc1)CCCCCC)-c1ccc(cc1)N(c1ccc(cc1)Cl)c1ccc(cc1)C)-c1ccc(cc1)N(c1ccc(OCCCCCC)cc1)c1ccc(cc1)C=C(c1ccccc1)N,0,,0.0000000,0.0000,0.0000000,0.0000,0.0000000,0.0000,0.0000000,0.0000,None,18
32.5316,32.5273,-17.4157,0.1180595,CCn1nc(C(=O)N2CCCN(c3ccc([N+](=O)[O-])cc3)CC2)c2ccccc21,1,O=C(c1n[nH]c2ccccc12)N1CCCN(c2ccccc2)CC1,0.1088341,377.1702,0.5014593,0.5015,0.6432043,2.2065,1.0000000,1.0000,[],18
34.8343,41.3053,-9.3898,0.2493393,O=C(Nc1ccc(Cl)c([N+](=O)[O-])c1)c1c(Cl)c2cc(Cl)ccc2oc1=Nc1ccc(F)cc1,1,O=C(Nc1ccccc1)c1cc2ccccc2oc1=Nc1ccccc1,0.2451796,387.7910,0.2397112,0.2397,0.5881686,2.6537,1.0000000,1.0000,[],18
49.2607,59.7067,-59.7067,0.0000000,CCC1(CC)c2ccc3c(c2)C(c2ccc(N(c4ccc(OC)cc4)c4ccc(OC)cc4)cc2)=CC(C)(C)C1C(C)(C)O3,1,C1=C(c2ccc(N(c3ccccc3)c3ccccc3)cc2)c2cc3ccc2OCC(C1)C3,0.0000000,0.0000,0.0000000,0.0000,0.0000000,0.0000,0.0000000,0.0000,['[*;r{8-17}]'],18
50.1332,64.5954,-57.6109,0.0545662,CCCCN(CCCC)c1ccc2ccccc2c1CNc1ccc(Nc2ccc(NC(=O)c3ccc4nc(C)[nH]c4c3)cc2CC)cc1,1,O=C(Nc1ccc(Nc2ccc(NCc3cccc4ccccc34)cc2)cc1)c1ccc2nc[nH]c2c1,0.0511715,368.2960,0.0887019,0.0887,0.5564651,2.9308,1.0000000,1.0000,[],18
66.3474,75.8972,29.5673,0.8239420,N#CC(=Cc1c(Oc2ccccc2)c(C#N)c2cccc3c2c1C=C(c1ccc(N(c2ccccc2)c2ccc4cc(C#N)ccc4c2)cc1)S3)c1ccccc1Cl,1,C(=Cc1c(Oc2ccccc2)cc2cccc3c2c1C=C(c1ccc(N(c2ccccc2)c2ccc4ccccc4c2)cc1)S3)c1ccccc1,0.8871160,497.6163,0.1127490,0.1127,0.4870747,3.5967,1.0000000,1.0000,[],18
54.8944,70.1974,-59.7365,0.0817257,COc1ccc(N(c2ccccc2)c2ccc(Cl)cc2OCC2Cc3cc(OC)c(OC)cc3C(Oc3ccc(C=Cc4ccc(N(c5ccccc5)c5ccccc5)cc4)cc3)C2)cc1,1,C(=Cc1ccc(N(c2ccccc2)c2ccccc2)cc1)c1ccc(OC2CC(COc3ccccc3N(c3ccccc3)c3ccccc3)Cc3ccccc32)cc1,0.0786625,373.2837,0.0895846,0.0896,0.4371324,4.1376,1.0000000,1.0000,[],18
26.6203,29.6968,-29.4769,0.0017176,COc1cc(C=CC(=O)N(C)CC(=O)NC2CC2)cc(OC)c1OC,1,O=C(C=Cc1ccccc1)NCC(=O)NC1CC1,0.0012530,327.4622,0.7199699,0.7200,0.6426531,2.2108,1.0000000,1.0000,[],18
30.6083,28.6565,-28.6462,0.0000799,NC(=O)c1cc2n(n1)CCCN2C1CCCC1,1,c1cc2n(n1)CCCN2C1CCCC1,0.0000495,292.3576,0.8340585,0.8341,0.5752956,2.7644,1.0000000,1.0000,[],18
40.1133,54.4801,62.8554,0.9166843,COc1ccc(N(c2ccc(-c3nc4ccc5nc(-c6ccc(N(c7ccccc7)c7ccccc7)cc6)c(-c6ccccc6)nc5c4nc3-c3ccc(N(c4ccccc4)c4ccccc4)cc3)cc2)c2cccs2)cc1,1,c1ccc(-c2nc3c(ccc4nc(-c5ccc(N(c6ccccc6)c6cccs6)cc5)c(-c5ccc(N(c6ccccc6)c6ccccc6)cc5)nc43)nc2-c2ccc(N(c3ccccc3)c3ccccc3)cc2)cc1,0.9958840,460.4067,0.0998090,0.0998,0.4981032,3.4847,1.0000000,1.0000,[],18
64.1140,82.1098,-82.1098,0.0000000,C=C(C)C(=O)Oc1cc2c(c3ccc(N(CCCC)c4ccc(OC)cc4)cc13)N(c1ccc(C=C3SC(=S)N(CC)C3=O)cc1)c1ccc(N(c3ccccc3)c3ccc(C)cc3)cc1O2,1,O=C1NC(=S)SC1=Cc1ccc(N2c3ccc(N(c4ccccc4)c4ccccc4)cc3Oc3ccc4cc(Nc5ccccc5)ccc4c32)cc1,0.0000000,0.0000,0.0000000,0.0000,0.0000000,0.0000,0.0000000,0.0000,"['C(=[O,S])[O,S]']",18
34.8292,34.5966,8.8186,0.3391816,Cc1cccn2c([N+](=O)[O-])c(-c3c(Cl)cccc3Cl)cc12,1,c1ccc(-c2cc3ccccn3c2)cc1,0.3314782,392.3835,0.4850930,0.4851,0.5905639,2.6334,1.0000000,1.0000,[],18
39.8840,39.3396,-39.3286,0.0000865,COc1ccc2c(c1)NC(=O)CN2C(=O)C1CC(=O)N(c2ccc(Cl)c(Cl)c2)C1,1,O=C1CN(C(=O)C2CC(=O)N(c3ccccc3)C2)c2ccccc2N1,0.0000539,293.2894,0.8041130,0.8041,0.5633129,2.8696,1.0000000,1.0000,[],18
46.5766,46.8638,-16.9219,0.2339211,CNC(=O)C1CCCN(C(=O)c2cc(Cl)c([N+](=O)[O-])c(N=Nc3c(Cl)cc(Cl)cc3Cl)c2)C1,1,O=C(c1cccc(N=Nc2ccccc2)c1)N1CCCCC1,0.2288475,386.8102,0.2789802,0.2790,0.5089356,3.3772,1.0000000,1.0000,[],18
56.8677,66.4875,-66.4875,0.0000000,c1(sc2c3c(c4c(s3)c(s4)-c3sccc3)sc2c1O)-c1c(cc(s1)-c1sc(-c2ccc(s2)-c2sc(C=C(C#N)C#N)cc2)cc1)-c1ccc(N(c2ccccc2)c2ccccc2)cc1,0,,0.0000000,0.0000,0.0000000,0.0000,0.0000000,0.0000,0.0000000,0.0000,None,18
29.8331,31.6617,85.5916,0.9160418,O=[N+]([O-])c1ccc2c(c1)sc1cc3c(cc12)Sc1ccccc1N3c1ccccc1,1,c1ccc(N2c3ccccc3Sc3cc4c(cc32)sc2ccccc24)cc1,0.9684143,437.1643,0.2084967,0.2085,0.6014622,2.5420,1.0000000,1.0000,[],18
46.2025,45.5599,-8.5428,0.2891961,O=P1(c2ccccc2)C=C(c2ccccc2)C(P(=O)(c2ccccc2)c2ccc[nH]2)=C1c1ccccc1,1,O=P1(c2ccccc2)C=C(c2ccccc2)C(P(=O)(c2ccccc2)c2ccc[nH]2)=C1c1ccccc1,0.2882411,390.1856,0.2380959,0.2381,0.4529886,3.9594,1.0000000,1.0000,[],18
39.3100,46.8936,63.7817,0.8646512,CCCCCCCCCCCCN1C(=O)c2ccccc2Oc2c1cc(C#N)c1cc3ccccc3cc21,1,O=C1Nc2ccc3cc4ccccc4cc3c2Oc2ccccc21,0.9212919,426.7094,0.1508851,0.1509,0.5823826,2.7031,1.0000000,1.0000,[],18
119.2236,138.0451,-138.0451,0.0000000,C1COC(C(c2c(c3ccc4c5c3c(c(cc5)OCc3cc(c(OC)c(c3)OC)OC)c(c2-c2ccc(OC)cc2)C(=O)c2ccc(N(C)C)cc2O4)OC)=O)=c2c(cc3c(c2)c2c(-c4ccc(cc4)OC)[nH]c(n2C3c2cc3[nH]c4c(c3cc2OC)cccc4)=O)O1,0,,0.0000000,0.0000,0.0000000,0.0000,0.0000000,0.0000,0.0000000,0.0000,None,18
27.7670,29.0166,-29.0166,0.0000000,CO[P+](C#Cc1ccc(SC)cc1)(OC)OC,1,c1ccccc1,0.0000000,0.0000,0.0000000,0.0000,0.0000000,0.0000,0.0000000,0.0000,['C#C'],18
40.4318,45.3417,-45.0834,0.0020179,CCCCOc1ccc([N+](CCCC)=C(Nc2ccc(OC)cc2)P(=O)(O)OCCCC)cc1,1,C(Nc1ccccc1)=[NH+]c1ccccc1,0.0015908,330.0577,0.0938892,0.0939,0.5116941,3.3501,1.0000000,1.0000,[],18
24.1804,26.2689,-26.2689,0.0000000,COc1ccc(C=C2C(=O)NN(c3ccccc3)C2=O)cc1[N+](=O)[O-],1,O=C1NN(c2ccccc2)C(=O)C1=Cc1ccccc1,0.0000000,0.0000,0.0000000,0.0000,0.0000000,0.0000,0.0000000,0.0000,['[#7;!n][#7;!n]'],18
58.3057,65.3555,53.0740,0.9252308,COc1cc(N(C)C)cc2cc3nc4oc(C(=O)Nc5c(C)c(C)cc(N=O)c5O)cc4cc3cc12,1,O=C(Nc1ccccc1)c1cc2cc3cc4ccccc4cc3nc2o1,0.9871092,472.8979,0.1736802,0.1737,0.5254515,3.2175,1.0000000,1.0000,[],18
41.4141,58.1149,59.2679,0.9170534,Cc1ccc(N(c2ccc(C)cc2)c2ccc(C(C#N)=C(c3cc(C)sc3C#N)c3c4ccccc4c(C#N)c4ccccc34)cc2)cc1,1,C(=C(c1ccsc1)c1c2ccccc2cc2ccccc12)c1ccc(N(c2ccccc2)c2ccccc2)cc1,0.9944953,463.5783,0.1023294,0.1023,0.5231199,3.2397,1.0000000,1.0000,[],18
36.2878,36.8483,-36.6535,0.0015216,O=C(CCC(=O)c1ccc(Cl)cc1)Nc1nc(-c2ccc(Cl)cc2)c(Cc2ccccc2Cl)s1,1,O=C(CCC(=O)c1ccccc1)Nc1nc(-c2ccccc2)c(Cc2ccccc2)s1,0.0011430,326.4631,0.2354981,0.2355,0.6330124,2.2863,1.0000000,1.0000,[],18
26.7433,31.1612,-29.8559,0.0101970,COc1ccc2ncc(-c3ccc(N4CCCCC4)cc3)cc2c1,1,c1ccc2ncc(-c3ccc(N4CCCCC4)cc3)cc2c1,0.0081707,347.8955,0.6865231,0.6865,0.6861333,1.8834,1.0000000,1.0000,[],18
49.6600,68.2094,43.7592,0.8747552,CCN(C)c1ccc2oc3sc(OC)cc3c3c4ccccc4n(-c4ccc(OC)cc4)c4cc(N(c5ccc(OC)cc5)c5ccc(OC)cc5)ccc4c=3c2c1,1,c1ccc(N(c2ccccc2)c2ccc3c4c5ccccc5oc5sccc5c=4c4ccccc4n(-c4ccccc4)c3c2)cc1,0.9390669,429.6961,0.1367941,0.1368,0.4865650,3.6019,1.0000000,1.0000,[],18
105.1370,119.3688,-119.3688,0.0000000,Cc1ccc(N(C2=C3C4=c5c6cc(c(C)c5C=CC=CC6=C4c4c3cc(Br)c3cc(C(C)(C)C)ccc43)=C=CC=CC(=C3C(C)(C)c4ccc(C(C)(C)C)cc4C(C)(C)C3(C)C)C(C#N)=C2C#N)c2ccc(C(C)(C)C)cc2)cc1,1,C1=CC=CC(=C2CCc3ccccc3C2)C=CC(N(c2ccccc2)c2ccccc2)=C2C3=c4c5cc=1cc4C(=C3c1c2ccc2ccccc12)C=CC=C5,0.0000000,0.0000,0.0000000,0.0000,0.0000000,0.0000,0.0000000,0.0000,['[*;r{8-17}]'],18
23.6128,25.1647,-21.1166,0.0316254,N#Cc1c(N)cnc(C(F)(F)F)c1C(F)(F)F,1,c1ccncc1,0.0269880,361.0763,0.7244257,0.7244,0.5385185,3.0947,1.0000000,1.0000,[],18
57.3804,59.1709,-59.1709,0.0000000,c12cc(ccc1n(-c1ccc(cc1)N(c1ccc(-c3cccnc3)cc1)c1cncc(c1)-n1c3ccccc3c3nc(-c4ccccc4)sc3n1)cc2)N(c1ccccc1)c1ccccc1,0,,0.0000000,0.0000,0.0000000,0.0000,0.0000000,0.0000,0.0000000,0.0000,None,18
34.9780,37.6452,-25.7506,0.0929269,Cc1cc(Br)c(C(=O)c2ccc(Br)c(C)c2N)cc1N,1,O=C(c1ccccc1)c1ccccc1,0.0842992,374.1017,0.5881264,0.5881,0.5973709,2.5761,1.0000000,1.0000,[],18
30.3001,34.8448,-34.6124,0.0018156,N#CCCN(CCC#N)c1ccc(NCc2nc3ccncc3[nH]2)cc1,1,c1ccc(NCc2nc3ccncc3[nH]2)cc1,0.0013354,328.1547,0.6494279,0.6494,0.5835961,2.6927,1.0000000,1.0000,[],18
32.4560,32.1821,-24.7266,0.0582461,CC(C)(C)C(=O)Nn1c(-c2ccc(Cl)cc2)csc1=NC(=O)C=Cc1ccccc1,1,O=C(C=Cc1ccccc1)N=c1[nH]c(-c2ccccc2)cs1,0.0516316,368.3985,0.5727220,0.5727,0.5793331,2.7294,1.0000000,1.0000,[],18
43.6646,43.1610,-43.1237,0.0002918,O=C(Nc1cccc(CN2C(=O)N(c3ccccc3)C3(CCOCC3)C2=O)c1)c1cc(C(F)(F)F)cc(C(F)(F)F)c1,1,O=C(Nc1cccc(CN2C(=O)N(c3ccccc3)C3(CCOCC3)C2=O)c1)c1ccccc1,0.0002008,307.5728,0.2717630,0.2718,0.5214054,3.2561,1.0000000,1.0000,[],18
42.9761,48.2909,-3.2888,0.3515788,O=C(c1ccc(-c2nc3ccc(-c4ccc(N(c5ccccc5)c5ccccc5)cc4)cc3s2)cc1)c1cc2oc3ccccc3c2cc1-c1ccccc1,1,O=C(c1ccc(-c2nc3ccc(-c4ccc(N(c5ccccc5)c5ccccc5)cc4)cc3s2)cc1)c1cc2oc3ccccc3c2cc1-c1ccccc1,0.3579333,393.6555,0.1464100,0.1464,0.5587044,2.9107,1.0000000,1.0000,[],18
52.6192,67.4132,50.1765,0.9186694,COc1ccc(-c2cc(=O)n(-c3ccc(OC)cc3C=C(C#N)C#N)c3c2c2ccc(N(c4ccc(C)cc4)c4ccc(OC)cc4)cc2n3C)cc1,1,O=c1cc(-c2ccccc2)c2c3ccc(N(c4ccccc4)c4ccccc4)cc3[nH]c2n1-c1ccccc1,0.9871409,472.8708,0.1384604,0.1385,0.5163751,3.3046,1.0000000,1.0000,[],18
97.0504,116.0002,-116.0002,0.0000000,c1(C(=O)c2ccc(OC(C)=O)cc2)cc2c3=Cc4c(c5ccc(c(OC)c5cc4)N(c4ccc(Br)cc4)c4ccc(cc4)Br)C=3C(c3cc(c(N(c4ccc(C)cc4)c4ccc(cc4)Br)c(Br)c3)N(CCCC)CCCC)=Cc2c(-c2ccc(Br)s2)c1F,0,,0.0000000,0.0000,0.0000000,0.0000,0.0000000,0.0000,0.0000000,0.0000,None,18
33.7337,32.6841,-32.4699,0.0016730,CN(C)C(=O)c1ccc2nc(C(=O)NCc3ccccc3)sc2c1,1,O=C(NCc1ccccc1)c1nc2ccccc2s1,0.0012139,327.1176,0.7948374,0.7948,0.6694663,2.0064,1.0000000,1.0000,[],18
71.0848,87.3640,-87.3640,0.0000000,CCOC(=O)c1nc2sc3c(cc-2nnc2ccc(c4ccccc24)n(C#N)c(=O)c1-c1ccccc1)C(=CC=Cc1ccc(OC)c(OC)c1)N(C(C)(C)C)S3(=O)=O,1,O=c1[nH]c2ccc(nnc3cc4c(sc-3ncc1-c1ccccc1)S(=O)(=O)NC4=CC=Cc1ccccc1)c1ccccc21,0.0000000,0.0000,0.0000000,0.0000,0.0000000,0.0000,0.0000000,0.0000,"['[*;r{8-17}]', 'C(=[O,S])[O,S]']",18
25.6729,40.4865,-37.9785,0.0195934,COc1ccc(N(c2ccc(OC)cc2)c2ccc(-n3nc(-c4ccc(N(c5ccccc5)c5ccccc5)cc4)cc3C#N)cc2)cc1,1,c1ccc(N(c2ccccc2)c2ccc(-c3ccn(-c4ccc(N(c5ccccc5)c5ccccc5)cc4)n3)cc2)cc1,0.0171144,356.0215,0.1483692,0.1484,0.5804501,2.7198,1.0000000,1.0000,[],18
40.8785,59.0775,-48.7627,0.0805840,COc1ccc(N(c2ccc(OC)cc2)c2ccccc2C=Cc2ccc(OCCN3CCN(c4ccc(N(c5ccc(Oc6ccccc6)cc5)c5ccc(Oc6ccccc6)cc5)cc4)CC3)cc2)cc1,1,C(=Cc1ccccc1N(c1ccccc1)c1ccccc1)c1ccc(OCCN2CCN(c3ccc(N(c4ccc(Oc5ccccc5)cc4)c4ccc(Oc5ccccc5)cc4)cc3)CC2)cc1,0.0777160,373.1411,0.0737643,0.0738,0.5145522,3.3223,1.0000000,1.0000,[],18
38.9603,42.4726,-41.0111,0.0114175,CCN(CC)c1ccc2sc(Nc3ccc(C(=O)NC4CC(C)(C)CC(C)(C)C4)cc3)nc2c1,1,O=C(NC1CCCCC1)c1ccc(Nc2nc3ccccc3s2)cc1,0.0094106,349.4431,0.3762685,0.3763,0.5869241,2.6643,1.0000000,1.0000,[],18
54.9040,65.3880,-45.2341,0.1574525,CC(C#N)c1cc(C(=O)C2=C(C#N)C(=C(C#N)C#N)C=C(CCC#N)C2)c(N(c2ccccc2)c2ccccc2)cc1C#N,1,C=C1C=CCC(C(=O)c2ccccc2N(c2ccccc2)c2ccccc2)=C1,0.1530768,538.5734,0.1972196,0.1972,0.4284072,4.2384,1.0000000,1.0000,[],18
54.9051,69.9122,-69.9122,0.0000000,Cc1ccc(-c2ccc(N(c3ccc(N(c4ccccc4)c4c(N(c5ccc(C)cc5)C5CCCCC5)ccc5c6c7c(c(c45)C=CC=C7)N(c4ccccc4)c4ccc(C)cc4-6)cc3)c3cccc4ccccc34)cc2)cc1,1,C1=Cc2c3c(c4c(N(c5ccccc5)c5ccc(N(c6ccc(-c7ccccc7)cc6)c6cccc7ccccc67)cc5)c(N(c5ccccc5)C5CCCCC5)ccc4c2-c2ccccc2N3c2ccccc2)C=C1,0.0000000,0.0000,0.1279806,0.1280,0.3588537,5.1242,1.0000000,1.0000,[],18
37.1635,45.8142,76.4110,0.9548845,COc1ccc(N=c2sc(C#N)c(N)c(-c3cccc(Cl)c3)c2-c2ccc(C)cc2)cc1,1,c1ccc(N=c2sccc(-c3ccccc3)c2-c2ccccc2)cc1,0.9943796,463.8054,0.3685355,0.3685,0.5808892,2.7160,1.0000000,1.0000,[],18
68.4411,77.3593,-77.3593,0.0000000,CCCCCCCCC(CCCCCCC)CCCCCCCCCOc1ccc(N(c2ccc(C=C(C#N)C(=O)O)cc2)c2ccc(-c3ccc4c(c3)C(CCCCCCCC)(CCCCCCCC)c3c-4ccc4ccc(C(C#N)=CC(=O)O)cc34)cc2)cc1,1,c1ccc(N(c2ccccc2)c2ccc(-c3ccc4c(c3)Cc3c-4ccc4ccccc34)cc2)cc1,0.0000000,0.0000,0.0000000,0.0000,0.0000000,0.0000,0.0000000,0.0000,"['C(=[O,S])[O,S]']",18
39.9628,48.2157,57.1766,0.8233771,COc1ccc(N2CCN(c3cc(=O)nc4c5cc6cc(OC)ccc6nc5ccn34)CC2)cc1,1,O=c1cc(N2CCN(c3ccccc3)CC2)n2ccc3nc4ccccc4cc3c2n1,0.8565320,419.3997,0.2945358,0.2945,0.5900810,2.6375,1.0000000,1.0000,[],18
32.4407,48.9559,-5.5676,0.3389710,COc1ccc(N(c2ccc(O)cc2)c2ccc(-c3c(O)c4ccccc4c4c(=O)c5ccc(O)cc5oc34)cc2)cc1,1,O=c1c2ccccc2oc2c(-c3ccc(N(c4ccccc4)c4ccccc4)cc3)cc3ccccc3c12,0.3445546,393.0180,0.1418138,0.1418,0.5764964,2.7539,1.0000000,1.0000,[],19
58.7693,68.3103,-68.3103,0.0000000,c1cc2c(C(c3c(-c4ccc5c6c(cccc56)ccc4)ccc4c3c2ccc4)=O)c(-c2cc3n(c4c(c3cc2)ccc(-c2cc(ccc2)C#N)c4)C)c1,0,,0.0000000,0.0000,0.0000000,0.0000,0.0000000,0.0000,0.0000000,0.0000,None,19
69.9375,83.8215,23.5197,0.8386027,CCCCCCCCCCCCOc1cc(-c2ccc3c(c2)N(CCCC)C(c2ccc(OC)cc2)c2cc4cc(OC)c(SCc5cccc(F)c5)cc4cc2-3)sc1-c1ccc(N(CCCC)CCCC)cc1,1,c1ccc(CSc2ccc3cc4c(cc3c2)-c2ccc(-c3ccc(-c5ccccc5)s3)cc2NC4c2ccccc2)cc1,0.9426110,430.3876,0.0329833,0.0330,0.4164653,4.3798,1.0000000,1.0000,[],19
57.3792,70.3893,-50.4291,0.1559396,CCCCN(CCCC)c1ccc(C(=C(c2cc(C)c(N(CC)CCCC)cc2C)c2ccc(N)cc2O)c2cc(Cl)c(N(C)C)c(N(CCCC)CCCC)c2)cc1,1,c1ccc(C(=C(c2ccccc2)c2ccccc2)c2ccccc2)cc1,0.1574887,381.7918,0.0542265,0.0542,0.4755119,3.7168,1.0000000,1.0000,[],19
32.4106,33.2803,-32.8120,0.0036590,COc1cc(OC)cc(C(=O)Nc2ccc3nc(Nc4c(C)cccc4C)sc3c2)c1,1,O=C(Nc1ccc2nc(Nc3ccccc3)sc2c1)c1ccccc1,0.0028307,336.3280,0.3944796,0.3945,0.6449540,2.1929,1.0000000,1.0000,[],19
46.5673,48.5936,-48.4401,0.0011993,COc1c(F)c(F)c(C2(C)N=S(=O)(F)c3c2cc(F)c(F)c3F)c(F)c1F,1,O=[SH]1=NC(c2ccccc2)c2ccccc21,0.0008899,323.7437,0.3087514,0.3088,0.4136559,4.4136,1.0000000,1.0000,[],19
49.4614,58.7376,-27.5274,0.2438296,CCCCCCCCc1nccnc1Cn1cc2c(sc3ccc(-c4ccc(N(c5ccccc5)c5ccccc5)cc4)cc32)c1CCCCCCCC,1,c1ccc(N(c2ccccc2)c2ccc(-c3ccc4sc5cn(Cc6cnccn6)cc5c4c3)cc2)cc1,0.2492938,388.0310,0.0731853,0.0732,0.5174754,3.2940,1.0000000,1.0000,[],19
48.0015,50.2167,-50.2167,0.0000000,Fc1ccc(Nc2noc3ncc4c(c23)NC=NCC(Cl)=C4)cc1,1,C1=Cc2cnc3onc(Nc4ccccc4)c3c2NC=NC1,0.0000000,0.0000,0.0000000,0.0000,0.0000000,0.0000,0.0000000,0.0000,['[*;r{8-17}]'],19
75.2963,103.1882,-51.0654,0.4072088,CCCCCCCCOc1ccc(N(Cc2cc3ccccc3o2)c2ccc(OCCCCCCCC)c(-c3ccc(N(c4ccc(OCCCCCCCC)cc4)c4cc(OC)c(-c5ccc(N(c6ccc(OCCCCCC)cc6)c6ccc(OCCCCCC)cc6)cc5)cc4C(=O)NCCCC)s3)c2)cc1,1,c1ccc(N(Cc2cc3ccccc3o2)c2cccc(-c3ccc(N(c4ccccc4)c4ccc(-c5ccc(N(c6ccccc6)c6ccccc6)cc5)cc4)s3)c2)cc1,0.4402813,397.3940,0.0368357,0.0368,0.3666629,5.0166,1.0000000,1.0000,[],19
75.0969,84.8777,-84.8777,0.0000000,c1c2c3c(oc2ccc1C1=C(C(C)(c2c(c1ccc2)C#N)C)C#N)ccc(-c1ccc2c(c1)C1(c4c(ccc(C(C)(C)C)c4)-c4c1cc(C(C)(C)C)cc4)C(CC2)CC)cc3,0,,0.0000000,0.0000,0.0000000,0.0000,0.0000000,0.0000,0.0000000,0.0000,None,19
43.2546,49.8961,-48.3319,0.0122203,CC(NCc1cccc2oc(-c3ccc(N(CCO)CCO)cc3)nc12)C1C2CC3CC(C2)CC1C3,1,c1ccc(-c2nc3c(CNCC4C5CC6CC(C5)CC4C6)cccc3o2)cc1,0.0101858,350.3110,0.3782534,0.3783,0.4052490,4.5163,1.0000000,1.0000,[],19
48.2502,54.5034,-54.5034,0.0000000,Brc1cc2c([nH]c(=O)c(cc2)C(F)(F)F)c2oc3cc(c(O)cc3c21)N(C)C,0,,0.0000000,0.0000,0.0000000,0.0000,0.0000000,0.0000,0.0000000,0.0000,None,19
24.8751,24.8405,-24.7935,0.0003672,Cc1ccc(Nc2ccccc2C)c(Br)c1,1,c1ccc(Nc2ccccc2)cc1,0.0002453,309.7457,0.8295630,0.8296,0.7180105,1.6564,1.0000000,1.0000,[],19
29.3526,27.1364,-27.0895,0.0003664,CCOc1cc(Cl)cnc1B(O)O,1,c1ccncc1,0.0002478,309.8568,0.6657960,0.6658,0.5529783,2.9622,1.0000000,1.0000,[],19
82.0219,100.6843,-85.9154,0.1153817,CCOc1ccc(N(c2ccc(OC)cc2)c2ccc(OC)c(C(=CN(Cc3nnn(-c4ccc(Cl)cc4O)c3C)c3c(Cl)c(C)c(Cl)c(Cl)c3Cl)OC)c2O)cc1,1,C(=CN(Cc1cn(-c2ccccc2)nn1)c1ccccc1)c1cccc(N(c2ccccc2)c2ccccc2)c1,0.1142718,377.7660,0.0622338,0.0622,0.4610078,3.8717,1.0000000,1.0000,[],19
56.7196,74.7454,-74.7454,0.0000000,COC(=O)c1ccc(-c2ccc(C=Cc3ccc(OC)cc3)cc2)cc1C(=NS(=O)(=O)c1ccc(C)cc1)c1ccc(C=Cc2ccc(N(c3ccc(OC)cc3)c3ccc(OC)cc3)cc2)c(C=Cc2ccc(N(c3ccccc3)c3ccc(OC)cc3)cc2)c1,1,O=S(=O)(N=C(c1cccc(-c2ccc(C=Cc3ccccc3)cc2)c1)c1ccc(C=Cc2ccc(N(c3ccccc3)c3ccccc3)cc2)c(C=Cc2ccc(N(c3ccccc3)c3ccccc3)cc2)c1)c1ccccc1,0.0000000,0.0000,0.0000000,0.0000,0.0000000,0.0000,0.0000000,0.0000,"['C(=[O,S])[O,S]']",19
85.9564,109.3963,-109.3963,0.0000000,n1cccc(F)c1CCCn1c2c(n(C)c(n(c2nc(c1C#Cc1ccc(cc1)N(O)O)N=Nc1c2cc([N+](=O)[O-])ccc2n(-c2ccc(N(CCO)CCO)cc2)c(=O)c1=NC#N)N)=O)=O,0,,0.0000000,0.0000,0.0000000,0.0000,0.0000000,0.0000,0.0000000,0.0000,None,19
146.1416,185.8428,-185.8428,0.0000000,c1(cn(C(F)F)nc1COc1c2c(c(N3CCCCC3)c(c1Cl)C=NN1C(C(=Cc3ccc(N(c4ccccc4)c4ccccc4)cc3)C1=O)=O)sc(c2)-c1c(C#Cc2ccc(N(c3ccc(OCCCC)cc3)c3ccc(OCCCCCC)cc3)cc2)sc(c1)-c1c2c(cccc2)c(c2ccccc12)-c1ccc(C=C(c2c3c(c(cc2)OC)cc(cc3)N(c2ccc(cc2)OCCCCCCCC)c2ccc(cc2)C(C)(C)C)O,0,,0.0000000,0.0000,0.0000000,0.0000,0.0000000,0.0000,0.0000000,0.0000,None,19
80.6996,106.1866,-101.3311,0.0379338,CCCCN(CCCC)c1ccc2c(c1)C1C(=C(C#N)C#N)C(Oc3ccc4c(c3)C(=O)N(c3ccc(OC)cc3)c3ccccc3S4)=C2C(=O)C1(C)C(=O)NCC=Cc1ccccc1N,1,C=C1C(Oc2ccc3c(c2)C(=O)N(c2ccccc2)c2ccccc2S3)=C2C(=O)C(C(=O)NCC=Cc3ccccc3)C1c1ccccc12,0.0357378,555.7767,0.0587623,0.0588,0.3342606,5.4792,1.0000000,1.0000,[],19
34.4278,42.3608,63.2565,0.8251353,CC(=O)c1ccc(N(c2ccc(C)cc2)c2ccc(C=Cc3ccc(C=Cc4ccc(N(c5ccc(C)cc5)c5ccc(N(c6ccc(C)cc6)c6ccc(C)cc6)cc5)cc4)cc3)cc2)cc1,1,C(=Cc1ccc(N(c2ccccc2)c2ccccc2)cc1)c1ccc(C=Cc2ccc(N(c3ccccc3)c3ccc(N(c4ccccc4)c4ccccc4)cc3)cc2)cc1,0.8950121,423.2672,0.0803040,0.0803,0.5718490,2.7944,1.0000000,1.0000,[],19
80.1427,107.9389,-107.9389,0.0000000,c1c(c(C(=O)c2ccc(cc2)N2CCCCC2)c2c(c3c(c(c2c1SC)Sc1ccc(C(Cl)(c2ccc(cc2)N(c2ccccc2)c2ccccc2)Sc2ccc(cc2)C)cc(c1NC(c1ccc(cc1)Cl)=O)C#N)ccc(c3)N1CCCCC1)Cl)Cl,0,,0.0000000,0.0000,0.0000000,0.0000,0.0000000,0.0000,0.0000000,0.0000,None,19
74.8693,89.1352,-60.7134,0.2220459,CCCCCCOc1c(-c2ccc(-c3ccc(-c4csc(-c5cc6c7ccccc7n(-c7ccc(N(CCCC)CCCC)cc7)c6c6c5N(CCCC)C(C)(C)C=C6C)n4)cc3)c(C)n2)sc2ccccc12,1,C1=Cc2c(c(-c3nc(-c4ccc(-c5ccc(-c6cc7ccccc7s6)nc5)cc4)cs3)cc3c4ccccc4n(-c4ccccc4)c23)NC1,0.2272774,386.7133,0.0671420,0.0671,0.4418008,4.0845,1.0000000,1.0000,[],19
39.6927,44.5672,-40.7969,0.0294556,N#Cc1nc2sc(C#N)c(-c3cccs3)n2c1S(=O)(=O)c1ccc(F)cc1,1,O=S(=O)(c1ccccc1)c1cnc2scc(-c3cccs3)n12,0.0253893,360.3955,0.4743882,0.4744,0.5288585,3.1852,1.0000000,1.0000,[],19
33.1769,53.7554,59.1992,0.8824574,COc1ccc(N(c2ccc(Nc3ccc(NS(=O)(=O)c4ccc(C=Nc5ccc(N(C)C)cc5)o4)cc3)cc2)c2ccc(OC)cc2)cc1,1,O=S(=O)(Nc1ccc(Nc2ccc(N(c3ccccc3)c3ccccc3)cc2)cc1)c1ccc(C=Nc2ccccc2)o1,0.9500291,431.9755,0.1158129,0.1158,0.5578917,2.9180,1.0000000,1.0000,[],19
38.3867,47.4552,-39.6680,0.0608381,CCCCC(CC)CN(CC)c1ccc2c(c1)Cc1cc(N(c3ccc(N(c4ccccc4)c4ccccc4)cc3)c3ccc(N(c4ccccc4)c4ccccc4)cc3)ccc1S2,1,c1ccc(N(c2ccccc2)c2ccc(N(c3ccc(N(c4ccccc4)c4ccccc4)cc3)c3ccc4c(c3)Cc3ccccc3S4)cc2)cc1,0.0575429,369.6432,0.0902138,0.0902,0.4745464,3.7270,1.0000000,1.0000,[],19
32.3848,41.2470,-39.3482,0.0148348,CCCCCCOc1ccc(-c2ccc(N(c3ccc(Oc4ccccc4)cc3)c3ccc(-c4ccc(C(c5ccccc5)(c5ccccc5)c5ccccc5)cc4)cc3)cc2)cc1,1,c1ccc(Oc2ccc(N(c3ccc(-c4ccccc4)cc3)c3ccc(-c4ccc(C(c5ccccc5)(c5ccccc5)c5ccccc5)cc4)cc3)cc2)cc1,0.0130957,353.0714,0.0673878,0.0674,0.5722428,2.7910,1.0000000,1.0000,[],19
31.2705,29.7613,-29.7566,0.0000369,C=CCC1c2ccccc2C1(C)C,1,c1ccc2c(c1)CC2,0.0000222,283.6510,0.5973897,0.5974,0.5278865,3.1944,1.0000000,1.0000,[],19
58.3355,62.9785,-25.4451,0.2932298,CCC1(C#N)CCC(n2nnc3cc(N)c4ccc(N5CCC(CCSC)CC5)c(C#N)c4c32)CC1,1,c1cc2ccc3nnn(C4CCCCC4)c3c2cc1N1CCCCC1,0.2869546,390.1174,0.4100274,0.4100,0.4955144,3.5108,1.0000000,1.0000,[],19
50.6102,76.2502,-68.5671,0.0600238,CCCCCCOc1ccc(Nc2cc(C=Cc3cccc(O)c3C#N)c(OCCCCCC)cc2N=Nc2ccc3c(NCCCC)ccc(N)c3c2N)cc1,1,C(=Cc1ccc(N=Nc2ccc3ccccc3c2)c(Nc2ccccc2)c1)c1ccccc1,0.0594493,549.9809,0.0200967,0.0201,0.4892726,3.5742,1.0000000,1.0000,[],19
30.7562,36.5935,-28.1943,0.0656189,Cc1ccc(N(c2ccc(C)cc2)c2ccc3c(c2)c2ccc(N(c4ccccc4)c4ccccc4)cc2n3-c2cccc3c2oc2ccccc23)cc1,1,c1ccc(N(c2ccccc2)c2ccc3c(c2)c2ccc(N(c4ccccc4)c4ccccc4)cc2n3-c2cccc3c2oc2ccccc23)cc1,0.0609122,370.3000,0.1658810,0.1659,0.5601096,2.8981,1.0000000,1.0000,[],19
50.7155,60.2767,-25.0391,0.2752941,Fc1cccc(-c2c3sc4ccccc4c3cc3c2c2c(F)nc(-c4ccc(N(c5ccccc5)c5ccccc5)cc4)cc2n3-c2cccc(F)c2)c1,1,c1ccc(-c2c3sc4ccccc4c3cc3c2c2cnc(-c4ccc(N(c5ccccc5)c5ccccc5)cc4)cc2n3-c2ccccc2)cc1,0.2763080,389.5460,0.1593134,0.1593,0.5251456,3.2204,1.0000000,1.0000,[],19
40.5352,45.0302,-45.0302,0.0000000,n1(cnc(Nc2c(cc(c([N+](=O)[O-])c2)N(C)C)[N+]([O-])=O)c2ccccc21)C,0,,0.0000000,0.0000,0.0000000,0.0000,0.0000000,0.0000,0.0000000,0.0000,None,19
66.7622,73.0855,-73.0855,0.0000000,C(c1ccc(N(c2cc3c(cc2)sc(c3)-c2c(C(C)C)cc(c(c2)C(C)C)C(C)C)c2ccc3c(c2)c2c(cc(N(c4ccc(C(C)(C)C)cc4)c4ccc(cc4)C(C)(C)C)oc2c2c3cccc2)C(C)(C)C)cc1)#N,0,,0.0000000,0.0000,0.0000000,0.0000,0.0000000,0.0000,0.0000000,0.0000,None,19
27.1823,31.8763,-27.6846,0.0327476,CC1CC(C)CN(C(=O)C(C)(C#N)N=Nc2ccccc2)C1,1,O=C(CN=Nc1ccccc1)N1CCCCC1,0.0279899,361.4832,0.8005578,0.8006,0.4691797,3.7838,1.0000000,1.0000,[],19
68.1088,76.0603,-76.0603,0.0000000,c1([n+]([O-])cc(cc1)C#Cc1c2c(ccc1O)cc(/C=C1/c3cc(ccc3N=N1)Br)oc2CCCCCC)Br,0,,0.0000000,0.0000,0.0000000,0.0000,0.0000000,0.0000,0.0000000,0.0000,None,19
29.3387,30.5837,40.6495,0.5565091,Cc1ccc(NC2=C(c3ccc(F)cc3)C(=O)N(c3cc(Cl)ccc3Cl)C2=O)cc1C,1,O=C1C(Nc2ccccc2)=C(c2ccccc2)C(=O)N1c1ccccc1,0.5576674,402.5157,0.4807258,0.4807,0.6279799,2.3262,1.0000000,1.0000,[],19
43.0853,55.1689,-55.1689,0.0000000,COc1ccc2c(c1)OC1(C(c3ccc(OC)c(OC)c3)=C2)C(C#N)=C(N)N(c2ccc(Cl)cc2)N1Cc1ccccc1,1,C1=CC2(Oc3ccccc3C=C2c2ccccc2)N(Cc2ccccc2)N1c1ccccc1,0.0000000,0.0000,0.0000000,0.0000,0.0000000,0.0000,0.0000000,0.0000,['[#7;!n][#7;!n]'],19
45.5807,61.5730,-61.5730,0.0000000,C=CCn1c(=S)sc2cc(C=NNc3ccc(N4C(=O)CCC4=O)cc3N(c3ccc(OC)cc3)c3ccc(OC)cc3)ccc21,1,O=C1CCC(=O)N1c1ccc(NN=Cc2ccc3[nH]c(=S)sc3c2)c(N(c2ccccc2)c2ccccc2)c1,0.0000000,0.0000,0.0000000,0.0000,0.0000000,0.0000,0.0000000,0.0000,['[#7;!n][#7;!n]'],19
35.6201,39.6202,75.9168,0.9026332,CCCCN(C)C1(c2ccc(N(CCC)CCC)cc2)C=CC(=[N+]=[N-])C=C1,1,[N+]=C1C=CC(c2ccccc2)C=C1,0.9358522,429.1006,0.4300666,0.4301,0.4930786,3.5354,1.0000000,1.0000,[],19
34.2650,32.9064,-32.9064,0.0000000,O=C(Cn1c(=O)ccc2c(Br)cccc21)OCc1ccccc1,1,O=C(Cn1c(=O)ccc2ccccc21)OCc1ccccc1,0.0000000,0.0000,0.0000000,0.0000,0.0000000,0.0000,0.0000000,0.0000,"['C(=[O,S])[O,S]']",19
63.4484,64.0381,-63.7321,0.0023911,O=C(Nc1cccc2c(-c3cc4n(n3)CC3CCC=CC(=O)N3C4)c[nH]c12)c1coc(-c2ccccc2)n1,1,O=C(Nc1cccc2c(-c3cc4n(n3)CC3CCC=CC(=O)N3C4)c[nH]c12)c1coc(-c2ccccc2)n1,0.0018258,331.5562,0.3580677,0.3581,0.4781282,3.6894,1.0000000,1.0000,[],19
82.2470,103.0331,-11.3075,0.7166066,C=C(N)c1ccc2c3c(n(CCCCCC)c2c1)-c1cc(N(c2ccc(CCCC)cc2)c2ccc(CCCCCC)cc2)ccc1C1=Cc2c(c4cc(-c5ccc(-c6ccc(N(c7ccc(C)cc7)c7ccc(C)cc7)cc6)cc5)ccc4n2-c2ccc(OCCCCCCCC)cc2)OC1=C3,1,C1=C2Oc3c(n(-c4ccccc4)c4ccc(-c5ccc(-c6ccc(N(c7ccccc7)c7ccccc7)cc6)cc5)cc34)C=C2c2ccc(N(c3ccccc3)c3ccccc3)cc2-c2[nH]c3ccccc3c21,0.7938446,505.3615,0.0438902,0.0439,0.3656383,5.0306,1.0000000,1.0000,[],19
54.3054,62.0709,-62.0709,0.0000000,c1c(cc2c3c(c4c5c6c(cc(=C(C#N)C#N)cc5cn4c31)cccc6)ccc2)N(c1ccccc1)c1ccc(cc1)OC,0,,0.0000000,0.0000,0.0000000,0.0000,0.0000000,0.0000,0.0000000,0.0000,None,19
39.3672,51.9275,-51.9275,0.0000000,c1c(-c2cnc3sc(N(CCN(C)C)CC(C)C)nn3c2O)ccc(c1)N(CCCC)CCCC,0,,0.0000000,0.0000,0.0000000,0.0000,0.0000000,0.0000,0.0000000,0.0000,None,19
44.7165,64.2993,-40.6637,0.1846533,[C-]#[N+]c1cc(-c2ccc(N(c3ccccc3)c3ccc(C)cc3)cc2)c(-c2ccc(OC)cc2)c2c3cc(C=Cc4ccc(N(c5ccccc5)c5ccc(C)cc5)cc4)ccc3n(-c3ccc(N(c4ccccc4)c4ccccc4)cc3)c12,1,C(=Cc1ccc2c(c1)c1c(-c3ccccc3)c(-c3ccc(N(c4ccccc4)c4ccccc4)cc3)ccc1n2-c1ccc(N(c2ccccc2)c2ccccc2)cc1)c1ccc(N(c2ccccc2)c2ccccc2)cc1,0.1863579,383.9979,0.0755475,0.0755,0.4560388,3.9259,1.0000000,1.0000,[],19
33.0162,31.0597,16.7427,0.3734561,COc1ccc(N=C2NC(=O)C(=Cc3ccc(OCc4ccc(C#N)cc4)c(OC)c3)S2)cc1,1,O=C1NC(=Nc2ccccc2)SC1=Cc1ccc(OCc2ccccc2)cc1,0.3669207,394.0779,0.4851415,0.4851,0.5834453,2.6940,1.0000000,1.0000,[],19
33.8752,38.4244,-32.7267,0.0445132,[C-]#[N+]C(C#N)=C(c1ccccc1)N(CCCCCCCCCCCC)CC(C)(C)C,1,c1ccccc1,0.0403947,365.6058,0.1772764,0.1773,0.5637140,2.8660,1.0000000,1.0000,[],19
37.7634,35.4221,-35.3909,0.0002438,SCOc1cc(CN2CCOCC2)cc2ccccc12,1,c1ccc2cc(CN3CCOCC3)ccc2c1,0.0001607,305.1529,0.6907076,0.6907,0.6332247,2.2847,1.0000000,1.0000,[],19
69.0127,78.8610,-27.6632,0.3999829,CCCCN(CCCC)c1cc(-n2c(=O)c3c(Oc4ccccc4)cc(C(=O)N4CCOCC4)c4c(=O)c(Cc5ccc(Cl)cc5)cn(c2=O)c43)ccc1Cl,1,O=C(c1cc(Oc2ccccc2)c2c(=O)n(-c3ccccc3)c(=O)n3cc(Cc4ccccc4)c(=O)c1c23)N1CCOCC1,0.4137471,396.2162,0.1172114,0.1172,0.5054837,3.4112,1.0000000,1.0000,[],19
50.2653,59.1836,-59.1836,0.0000000,CCOCCn1c(-c2cccs2)nc(C(=O)OCC)c1Cc1ccc2ccccc2c1-c1ccc(N(c2ccccc2)c2ccccc2)cc1,1,c1ccc(N(c2ccccc2)c2ccc(-c3c(Cc4cnc(-c5cccs5)[nH]4)ccc4ccccc34)cc2)cc1,0.0000000,0.0000,0.0000000,0.0000,0.0000000,0.0000,0.0000000,0.0000,"['C(=[O,S])[O,S]']",19
17.4541,25.1826,65.1665,0.7058526,C(=Cc1nc2ccccc2s1)c1ccc(N(c2ccccc2)c2ccccc2)cc1,1,C(=Cc1nc2ccccc2s1)c1ccc(N(c2ccccc2)c2ccccc2)cc1,0.7268568,410.6265,0.2954818,0.2955,0.6472688,2.1750,1.0000000,1.0000,[],19
53.5321,63.6283,46.2512,0.8584334,COc1ccc(N(c2ccc(C)cc2)c2ccc(C=Cc3ccc(N(CCC#N)c4ccc(-c5sc(C=Cc6ccc(C=Cc7ccc(C)cc7)cc6)c6ccccc56)cc4C)cc3)cc2)cc1,1,C(=Cc1ccc(C=Cc2sc(-c3ccc(Nc4ccc(C=Cc5ccc(N(c6ccccc6)c6ccccc6)cc5)cc4)cc3)c3ccccc23)cc1)c1ccccc1,0.9311404,491.7237,0.0961322,0.0961,0.4817319,3.6518,1.0000000,1.0000,[],19
47.5992,58.4433,57.0375,0.9021940,Cc1ccc(N(c2ccc(C)cc2)c2ccc(C3=C(c4ccc(N(c5ccccc5)c5ccccc5)cc4)CN(c4cccs4)C(c4ccc(N(c5ccc(C)cc5)c5ccc(C)cc5)cc4)C3=O)cc2)cc1,1,O=C1C(c2ccc(N(c3ccccc3)c3ccccc3)cc2)=C(c2ccc(N(c3ccccc3)c3ccccc3)cc2)CN(c2cccs2)C1c1ccc(N(c2ccccc2)c2ccccc2)cc1,0.9768289,440.6218,0.1148793,0.1149,0.4552554,3.9345,1.0000000,1.0000,[],19
58.4884,69.3679,-65.9435,0.0267528,Nn1c(=O)[nH]c(=O)c2ccc(N3CCn4nc5ccc(N6c7ccccc7Oc7cc8ccccc8cc76)cc5c4C3)nc21,1,O=c1[nH]c(=O)c2ccc(N3CCn4nc5ccc(N6c7ccccc7Oc7cc8ccccc8cc76)cc5c4C3)nc2[nH]1,0.0233539,359.4656,0.2766901,0.2767,0.5109015,3.3579,1.0000000,1.0000,[],19
103.7405,121.9084,-121.9084,0.0000000,c1cc2c(CCN2C)cc1-c1sc2cc(O)c(cc2c2c1cc(s2)C=Cc1cc2c(cc1)N(CCc1c-2ccc(OCC)c1)c1ccc(N(CCCC)CCCC)cc1)C1=CC(=C2C1C(=O)N(C)C(N(C2=O)C)=O)C#N,0,,0.0000000,0.0000,0.0000000,0.0000,0.0000000,0.0000,0.0000000,0.0000,None,19
30.6088,29.8977,-29.8658,0.0002493,COc1ccc(NC(=S)N2CCC(OC)(c3ccc(Cl)cc3)CC2)cc1,1,S=C(Nc1ccccc1)N1CCC(c2ccccc2)CC1,0.0001640,305.3746,0.7661567,0.7662,0.6321315,2.2933,1.0000000,1.0000,[],19
63.5920,75.9035,21.7426,0.7628603,CCc1ccc(N(c2ccc(C)cc2)c2ccc(-c3ccc(N(c4ccc(C)cc4)c4ccc5c(c4)C4(CCc6cc(Cl)c(C)cc6O4)c4c(C)c(-c6ccc(N(c7ccccc7)c7ccccc7)cc6)c6ccccc6c4-5)cc3)cc2)cc1,1,c1ccc(N(c2ccccc2)c2ccc(-c3ccc(N(c4ccccc4)c4ccc5c(c4)C4(CCc6ccccc6O4)c4cc(-c6ccc(N(c7ccccc7)c7ccccc7)cc6)c6ccccc6c4-5)cc3)cc2)cc1,0.8206595,416.5121,0.1213415,0.1213,0.3745357,4.9103,1.0000000,1.0000,[],19
53.5130,68.4704,26.4993,0.7419506,COc1ccc(N(c2ccc(C)cc2)c2ccc(-c3nc4ccc(-c5ccc(N(c6ccc(C)cc6)c6ccc(O)cc6)cc5)cc4c4cc(N(c5ccc(C)cc5)c5ccc(OC)cc5)ccc34)c(Oc3ccc(C)cc3)c2)cc1,1,c1ccc(Oc2cc(N(c3ccccc3)c3ccccc3)ccc2-c2nc3ccc(-c4ccc(N(c5ccccc5)c5ccccc5)cc4)cc3c3cc(N(c4ccccc4)c4ccccc4)ccc23)cc1,0.7971046,414.8561,0.1018719,0.1019,0.4838269,3.6301,1.0000000,1.0000,[],19
43.0282,43.0535,-43.0422,0.0000883,CCCCCCCCCCCCCCCCCNC(=O)Cc1cc(-n2ccc3ccccc32)ccc1O,1,c1ccc(-n2ccc3ccccc32)cc1,0.0000579,294.0611,0.1601655,0.1602,0.6113479,2.4604,1.0000000,1.0000,[],19
103.2366,129.4661,-12.8459,0.9110959,COc1ccc(N(c2ccc(OC(F)(F)F)cc2)c2ccc3c(c2)C(c2cc(N(c4ccc(C)cc4)c4ccc(C5CCCCC5)cc4C)ccc2C#N)c2cc(C(C)(c4c5ccc6cc(=N)ccc-6c(N)c5c(C)c5c(C#N)c(C)ccc45)C(F)(F)F)cc(C)c2O3)cc1,1,N=c1ccc2cc3cc4ccccc4c(Cc4ccc5c(c4)C(c4cccc(N(c6ccccc6)c6ccc(C7CCCCC7)cc6)c4)c4cc(N(c6ccccc6)c6ccccc6)ccc4O5)c3ccc-2c1,0.9945949,463.3788,0.1156511,0.1157,0.3128122,5.8108,1.0000000,1.0000,[],19
61.6065,65.6119,45.2628,0.8662086,CCCNC(=O)c1nc2c(cnc3nc4ccccc4n32)c2[nH]n(Nc3ccc(C#N)cc3)c12,1,c1ccc(Nn2[nH]c3c4cnc5nc6ccccc6n5c4ncc32)cc1,0.8991385,423.7525,0.3688371,0.3688,0.5297968,3.1763,1.0000000,1.0000,[],19
58.7720,78.9109,-24.2966,0.4266737,CCCCCCOc1cc2cc(N(c3ccc(C(c4ccc(OCC(CC)CCCC)cc4)c4ccc(N(c5ccc(OC)cc5)c5ccc(C(C)(C)C)cc5)cc4)cc3)c3ccc4ccccc4c3)ccc2cc1N(c1ccc(C)cc1)c1ccc(OC)cc1,1,c1ccc(C(c2ccc(N(c3ccccc3)c3ccccc3)cc2)c2ccc(N(c3ccc4ccccc4c3)c3ccc4cc(N(c5ccccc5)c5ccccc5)ccc4c3)cc2)cc1,0.4619400,398.3439,0.0375501,0.0376,0.3758896,4.8923,1.0000000,1.0000,[],19
42.4290,59.8379,26.0112,0.6706962,COc1ccc(N(c2ccc(OC)cc2)c2c(OC)ccc3cc(-c4ccc5c(c4)Nc4sc(-c6ccc(N(c7ccccc7)c7ccccc7)cc6)cc4O5)sc23)cc1,1,c1ccc(N(c2ccccc2)c2ccc(-c3cc4c(s3)Nc3cc(-c5cc6cccc(N(c7ccccc7)c7ccccc7)c6s5)ccc3O4)cc2)cc1,0.7092306,409.6810,0.1394286,0.1394,0.4981497,3.4843,1.0000000,1.0000,[],19
104.7900,125.5305,-125.5305,0.0000000,c1(c(c2c(c3c(c4c(c5c3c(c2=O)c(O)c(c5c2cccc3c2c4ccc2c(cc(c4c32)=O)C(=O)c2cc(ccc2OC)N(CCCC)CCCC)cc4)N(CCCC)CCCC)O)c(C)c1OC)Nc1c(ccc(c1)N(CCCC)CCCC)=O)OC,0,,0.0000000,0.0000,0.0000000,0.0000,0.0000000,0.0000,0.0000000,0.0000,None,19
48.0648,56.5110,-50.8746,0.0440342,Cn1c2ccccc2c2cc3c4ccc(-c5cc(-c6ccc(-c7ccc(N(c8ccccc8)c8ccc(C(C)(C)C)cc8)cc7)cc6)ccn5)cc4n(C)c3cc21,1,c1ccc(N(c2ccccc2)c2ccc(-c3ccc(-c4ccnc(-c5ccc6c(c5)[nH]c5cc7[nH]c8ccccc8c7cc56)c4)cc3)cc2)cc1,0.0400194,365.5002,0.1698691,0.1699,0.5450842,3.0341,1.0000000,1.0000,[],20
108.5809,128.2240,-50.7633,0.6051614,CCN(CC)c1ccc(C(=O)C[n+]2c(C3(C#N)Cc4c(ccc(N(CCC5CCCO5)c5ccccc5)c4C=Cc4nc(NC(=O)c5ccccc5)[n+](C#N)c5cc(-c6ccccc6)ccc45)N(Cc4ccccc4)C3)nn3ccccc32)c([N+](=O)[O-])c1,1,O=C(C[n+]1c(C2Cc3c(ccc(N(CCC4CCCO4)c4ccccc4)c3C=Cc3nc(NC(=O)c4ccccc4)[nH+]c4cc(-c5ccccc5)ccc34)N(Cc3ccccc3)C2)nn2ccccc21)c1ccccc1,0.6725381,512.1861,0.0328849,0.0329,0.3173314,5.7390,1.0000000,1.0000,[],20
63.3975,69.2305,3.4314,0.5676717,CCCCCCCCCNC(=O)c1ccc2c3c(cccc13)N(CCOc1ccc3c(c1)C(=O)c1c(c(N)cc4cc(N)ccc14)C3=O)C2=O,1,O=C1c2ccc(OCCN3C(=O)c4cccc5cccc3c45)cc2C(=O)c2c1ccc1ccccc21,0.6032228,515.4517,0.0856134,0.0856,0.5411993,3.0698,1.0000000,1.0000,[],20
37.8801,45.8302,-45.8302,0.0000000,N#CC(C#N)=C(O)c1cccc(N(c2ccc(C#N)cc2)c2ccc(-c3ccc(N(c4ccccc4)c4ccc(C#Cc5ccc(N(c6ccccc6)c6ccccc6)cc5)cc4)cc3)cc2)c1,1,C(#Cc1ccc(N(c2ccccc2)c2ccc(-c3ccc(N(c4ccccc4)c4ccccc4)cc3)cc2)cc1)c1ccc(N(c2ccccc2)c2ccccc2)cc1,0.0000000,0.0000,0.0000000,0.0000,0.0000000,0.0000,0.0000000,0.0000,['C#C'],20
84.0331,97.9859,-97.9859,0.0000000,Cc1ccc(N(c2ccc(C=O)cc2)c2ccc(-c3nc4c5cc(C)cnc(-c6cc7c(cc(C)c8nsnc87)s6)n(-c6ccc(C(C)(C)C)cc6)c4n35)cc2)cc1,1,c1ccc(N(c2ccccc2)c2ccc(-c3nc4c5cccnc(-c6cc7c(ccc8nsnc87)s6)n(-c6ccccc6)c4n35)cc2)cc1,0.0000000,0.0000,0.0000000,0.0000,0.0000000,0.0000,0.0000000,0.0000,['[*;r{8-17}]'],20
57.4312,65.0566,46.8175,0.8740167,COc1ccc(COc2c3ccccc3c(-c3ccncc3)c3c2c(=O)cc(-c2ccc(OC)cc2)c2c(OC)c(C)sc23)cc1,1,O=c1cc(-c2ccccc2)c2ccsc2c2c(-c3ccncc3)c3ccccc3c(OCc3ccccc3)c12,0.9297071,428.0359,0.1677680,0.1678,0.5526888,2.9648,1.0000000,1.0000,[],20
37.3013,52.9208,66.2161,0.9307576,O=C(Nc1c2ccc(N(c3ccccc3)c3ccccc3)cc2nc2ccc(N(c3ccccc3)c3ccccc3)cc12)c1ccc2c(c1)oc1ccccc12,1,O=C(Nc1c2ccc(N(c3ccccc3)c3ccccc3)cc2nc2ccc(N(c3ccccc3)c3ccccc3)cc12)c1ccc2c(c1)oc1ccccc12,0.9949791,457.4259,0.1582498,0.1582,0.5580205,2.9168,1.0000000,1.0000,[],20
79.4402,91.4203,-91.0207,0.0031217,C=C(C)c1cccc2c1C1(c3ccc(C)cc3)c3c(c4ccccc4c4cc(C)ccc34)C3C2C2C4C(C(=O)c5ccc(C(C)(C)C)cc5C)C5C4C5C1C32,1,O=C(c1ccccc1)C1C2C3C4c5ccccc5C5(c6ccccc6)c6c(c7ccccc7c7ccccc67)C4C3C5C3C1C23,0.0025238,335.0787,0.1312305,0.1312,0.2788472,6.3855,1.0000000,1.0000,[],20
45.4664,62.7162,-49.2192,0.1054452,CCN(CCO)c1ccc(C(=O)c2ccc(NC(=Nc3ccc(C#N)cc3)N3CCCC3=O)cc2)c(C#N)c1,1,O=C(c1ccccc1)c1ccc(NC(=Nc2ccccc2)N2CCCC2=O)cc1,0.0990103,376.0240,0.2583222,0.2583,0.5473617,3.0132,1.0000000,1.0000,[],20
51.7412,53.8645,-50.2571,0.0281826,[C-]#[N+]c1cc(C(F)(F)F)ccc1-c1ccc(C(=O)C=Cc2c(O)cccc2OC)cc1OC,1,O=C(C=Cc1ccccc1)c1ccc(-c2ccccc2)cc1,0.0246571,360.0696,0.2615095,0.2615,0.5696470,2.8137,1.0000000,1.0000,[],20
53.7362,59.1698,-46.9048,0.0958204,COc1ccc(C(O)(C2=C(N3c4ccccc4C(c4ccccc4)(c4ccccc4)c4ccccc43)c3ccccc3Oc3ccc(F)cc32)c2ccccc2)cc1,1,c1ccc(C(C2=C(N3c4ccccc4C(c4ccccc4)(c4ccccc4)c4ccccc43)c3ccccc3Oc3ccccc32)c2ccccc2)cc1,0.0908738,374.9954,0.1758795,0.1759,0.4777864,3.6930,1.0000000,1.0000,[],20
52.5828,62.4354,-11.6391,0.3968458,O=c1c2ccc(-c3ccccc3)cc2oc2c(NCCCCCCBr)c(Nc3ccc(I)cc3)c(N(c3ccc(Br)cc3)c3ccc(Br)cc3)cc12,1,O=c1c2ccc(-c3ccccc3)cc2oc2cc(Nc3ccccc3)c(N(c3ccccc3)c3ccccc3)cc12,0.4206666,396.5252,0.0521754,0.0522,0.5221950,3.2486,1.0000000,1.0000,[],20
43.1774,50.1243,-13.3751,0.2871032,c1ccc(N(c2ccccc2)c2ccc3cc(-c4c5c6c(c(-c7c8ccccc8c(-c8ccc9ccccc9c8)c8ccccc78)ccc6c6ccccc46)-c4ccccc4-5)ccc3c2)cc1,1,c1ccc(N(c2ccccc2)c2ccc3cc(-c4c5c6c(c(-c7c8ccccc8c(-c8ccc9ccccc9c8)c8ccccc78)ccc6c6ccccc46)-c4ccccc4-5)ccc3c2)cc1,0.2912768,390.3457,0.1190207,0.1190,0.5419247,3.0631,1.0000000,1.0000,[],20
39.0424,44.0081,-35.6178,0.0655487,CCCCCCCCN1CCN(c2ccc(C(C(=O)c3ccccc3)N3C(=O)c4ccccc4C3=O)cc2)CC1,1,O=C(c1ccccc1)C(c1ccc(N2CCNCC2)cc1)N1C(=O)c2ccccc2C1=O,0.0610010,370.3168,0.1522328,0.1522,0.5635510,2.8675,1.0000000,1.0000,[],20
61.7628,77.9743,35.8042,0.8888948,CCN(CC)c1c(OC)c(-c2ccc(N(c3ccccc3)c3ccc(OC)cc3)cc2)c(-c2c(OC)c(C)c3ccccc3c2O)c(OC)c1-c1c2ccccc2c(OC)c2ccc(N(c3ccccc3)c3ccccc3)cc12,1,c1ccc(N(c2ccccc2)c2ccc(-c3ccc(-c4c5ccccc5cc5ccc(N(c6ccccc6)c6ccccc6)cc45)cc3-c3ccc4ccccc4c3)cc2)cc1,0.9690454,437.3905,0.0897605,0.0898,0.4587153,3.8966,1.0000000,1.0000,[],20
44.8268,57.4581,-57.4581,0.0000000,C1N(CCC(C1)C(=O)NCc1ccc(cc1)N(C)C)C(=O)c1c2c(ccc(c2)-c2cc(ccc2)OC)oc2cc(ccc21)N(CC)CC,0,,0.0000000,0.0000,0.0000000,0.0000,0.0000000,0.0000,0.0000000,0.0000,None,20
66.7500,75.0528,-63.8115,0.0878220,CCn1c2c(c3ccc(NC(=O)c4ccc(N(c5ccccc5)c5ccccc5)cc4)cc31)C(C)(C)c1ccc(C=CC3=C(F)C4CCC(C3)C4)cc1O2,1,O=C(Nc1ccc2c3c([nH]c2c1)Oc1cc(C=CC2=CC4CCC(C2)C4)ccc1C3)c1ccc(N(c2ccccc2)c2ccccc2)cc1,0.0833898,373.9732,0.1707916,0.1708,0.3789750,4.8514,1.0000000,1.0000,[],20
26.0620,29.4412,91.9598,0.9484453,O=c1c(=O)c2ccc3ccccc3c2[nH]c2ccccc12,1,O=c1c(=O)c2ccc3ccccc3c2[nH]c2ccccc12,0.9749276,439.7444,0.5001244,0.5001,0.6695915,2.0054,1.0000000,1.0000,[],20
56.7781,77.6639,37.1006,0.8965972,CCCCNC(=S)NC(=O)c1ccc(CN2C(=O)C(c3ccc(C=Cc4cc(N(CCCC)CCCC)ccc4NC(C)=O)cc3)=C2c2ccc(N(C)C)cc2)cc1,1,O=C1C(c2ccc(C=Cc3ccccc3)cc2)=C(c2ccccc2)N1Cc1ccccc1,0.9942532,464.0482,0.0494252,0.0494,0.5103174,3.3636,1.0000000,1.0000,[],20
120.0482,143.7411,-143.7411,0.0000000,CC(C)(C)C(F)Oc1ccc(C2=Cc3cc(OC(F)(F)c4ccc(F)cc4)cc4c5c(c6cc(ccc6c3-c3ccc(OC(F)(F)F)cc3)=C2)c2c(F)c3c(Oc6ccc(C#N)cc6)c-5c(OCC(=O)Oc5c(F)c(F)c(F)c(F)c5F)c(Oc5ccc(F)c(F)c5)c(F)c3n42)cc1,1,O=C(COc1c(Oc2ccccc2)cc2c3cc4c5c(c(cc(OCc6ccccc6)cc6c(-c7ccccc7)c7ccc(cc75)=CC(c5ccccc5)=C6)n24)-c1c3Oc1ccccc1)Oc1ccccc1,0.0000000,0.0000,0.0000000,0.0000,0.0000000,0.0000,0.0000000,0.0000,"['[*;r{8-17}]', 'C(=[O,S])[O,S]']",20
76.1021,94.2572,-94.2572,0.0000000,C1N(CCC(CNC(c2c(c3cccc(-c4c5c(c6cccc(OC)c6oc5=O)c(-c5ccc(N(C)C)cc5)c4c3c(c2OC)N)Cl)OC)=O)C1)c1ccc(N(CC)CC)cc1,0,,0.0000000,0.0000,0.0000000,0.0000,0.0000000,0.0000,0.0000000,0.0000,None,20
67.4105,74.2001,-73.0955,0.0086302,Cn1c(C#N)c(C(=O)N2CCN(C(=O)C(c3ccc(Cl)c(Cl)c3)C3CCN(c4nc(-c5ccc6ccccc6c5)cs4)CC3)CC2)c2ccccc21,1,O=C(c1c[nH]c2ccccc12)N1CCN(C(=O)C(c2ccccc2)C2CCN(c3nc(-c4ccc5ccccc5c4)cs3)CC2)CC1,0.0072165,346.5368,0.1704776,0.1705,0.4820553,3.6485,1.0000000,1.0000,[],20
32.0788,37.9422,-34.0441,0.0304539,c1ccc(-c2ccc(-c3cc(-c4cccc5c4sc4ccccc45)nc(-c4ccc(-c5ccc(N(c6ccccc6)c6ccccc6)cc5)cc4)n3)cc2)cc1,1,c1ccc(-c2ccc(-c3cc(-c4cccc5c4sc4ccccc45)nc(-c4ccc(-c5ccc(N(c6ccccc6)c6ccccc6)cc5)cc4)n3)cc2)cc1,0.0271839,361.1570,0.1556867,0.1557,0.5806550,2.7180,1.0000000,1.0000,[],20
74.3643,87.5974,-87.5974,0.0000000,CCCCCCN1C(=C(c2ccc(N(C)C)cc2)c2cccc(OC(=O)CCCNC(=O)c3cc4oc5ccccc5c4c(C(=O)OC)n3)c2)C=Cc2ccc(OC)cc21,1,O=C(CCCNC(=O)c1cc2oc3ccccc3c2cn1)Oc1cccc(C(=C2C=Cc3ccccc3N2)c2ccccc2)c1,0.0000000,0.0000,0.0000000,0.0000,0.0000000,0.0000,0.0000000,0.0000,"['C(=[O,S])[O,S]']",20
98.3781,116.2337,-116.2337,0.0000000,C#CCOC1=C2C(C)(C)C2(CCCC)c2cc(N(c3ccccc3)c3ccccc3)ccc2C12c1cc(OC(C)=O)ccc1C1(C)C=C(OC)C(c3ccccc3)=CC1=C(CC)c1ccc(Sc3ccccc3)c([N+](=O)[O-])c12,1,C1=CC2C(=Cc3ccc(Sc4ccccc4)cc3C3(C=C4CC4c4cc(N(c5ccccc5)c5ccccc5)ccc43)c3ccccc32)C=C1c1ccccc1,0.0000000,0.0000,0.0000000,0.0000,0.0000000,0.0000,0.0000000,0.0000,"['[*;r{8-17}]', 'C#C', 'C(=[O,S])[O,S]']",20
37.5226,45.5662,-43.1205,0.0191071,Cc1ccccc1C=C(C(=O)c1ccccc1)c1c(-c2ccc(N(c3ccccc3)c3ccccc3)cc2)c2ccccc2c2ccccc12,1,O=C(C(=Cc1ccccc1)c1c(-c2ccc(N(c3ccccc3)c3ccccc3)cc2)c2ccccc2c2ccccc12)c1ccccc1,0.0170566,355.9841,0.0712056,0.0712,0.5834149,2.6943,1.0000000,1.0000,[],20
30.4448,32.3762,-32.3762,0.0000000,CCOC(=O)c1ccc2nc3ccc(OCC)cc3c(-c3ccccc3)c2c1,1,c1ccc(-c2c3ccccc3nc3ccccc23)cc1,0.0000000,0.0000,0.0000000,0.0000,0.0000000,0.0000,0.0000000,0.0000,"['C(=[O,S])[O,S]']",20
39.6233,43.1959,-43.1959,0.0000000,C(C(N)=O)C(NC(Nc1cc(c(c(C)c1)N)=O)=O)C(=O)N,0,,0.0000000,0.0000,0.0000000,0.0000,0.0000000,0.0000,0.0000000,0.0000,None,20
25.5973,34.4586,45.3364,0.6233985,CCn1cc(-c2ccc(N(c3ccccc3)c3ccccc3)cc2)cc(C#N)c1=O,1,O=c1ccc(-c2ccc(N(c3ccccc3)c3ccccc3)cc2)c[nH]1,0.6306851,405.8104,0.4269700,0.4270,0.6332793,2.2842,1.0000000,1.0000,[],20
76.9395,89.6951,-89.6951,0.0000000,c1(c(cc(Cl)cc1)Cl)N(c1cc2Oc3c(cc4cc(N(c5ccc(Cl)cc5)c5ccc(Cl)cc5)cc5c4c3c(c1)c1ccccc51)N2c1ccc(OCCCCCCCl)cc1Cl)c1ccc(C#N)cc1,0,,0.0000000,0.0000,0.0000000,0.0000,0.0000000,0.0000,0.0000000,0.0000,None,20
62.2075,70.2857,45.6395,0.9056654,COc1cccc(-c2cc3nc(N4CCC(C)CC4)c4c(Cc5ccc(F)cc5)cc(C#N)c(=N)n4n3c2)c1,1,N=c1ccc(Cc2ccccc2)c2c(N3CCCCC3)nc3cc(-c4ccccc4)cn3n12,0.9459351,488.9264,0.3280682,0.3281,0.5260522,3.2118,1.0000000,1.0000,[],20
61.0808,74.6365,39.6157,0.8925954,Cc1ccc(N(c2ccc(-c3ccc(N(c4ccccc4)c4ccccc4)cc3)cc2)c2ccc3c(c2)C(=C(C#N)C#N)c2c(c(NC4=CCOc5ccccc54)cc4cn[nH]c24)C3(C)C)cc1,1,C=C1c2cc(N(c3ccccc3)c3ccc(-c4ccc(N(c5ccccc5)c5ccccc5)cc4)cc3)ccc2Cc2c(NC3=CCOc4ccccc43)cc3cn[nH]c3c21,0.9603872,485.3847,0.1391697,0.1392,0.4479331,4.0156,1.0000000,1.0000,[],20
65.2039,77.4327,-77.4327,0.0000000,COc1ccc(C(=O)Oc2c(C=O)c(-c3ccccc3)c(O)c(-c3ccc(N(c4ccccc4)c4ccccc4)cc3)c2-c2ccc(-c3ccccc3N(c3ccc(OC(C)C)cc3)c3ccc4ccccc4c3)cc2)cc1,1,O=C(Oc1cc(-c2ccccc2)cc(-c2ccc(N(c3ccccc3)c3ccccc3)cc2)c1-c1ccc(-c2ccccc2N(c2ccccc2)c2ccc3ccccc3c2)cc1)c1ccccc1,0.0000000,0.0000,0.0000000,0.0000,0.0000000,0.0000,0.0000000,0.0000,"['C(=[O,S])[O,S]']",20
40.6886,48.6204,-48.6204,0.0000000,COc1ccc(SC(Oc2ccc(N(c3ccccc3)c3ccc(OC)cc3)cc2)=C2C(=O)NN(c3ccccc3)C2=O)cc1,1,O=C1NN(c2ccccc2)C(=O)C1=C(Oc1ccc(N(c2ccccc2)c2ccccc2)cc1)Sc1ccccc1,0.0000000,0.0000,0.0000000,0.0000,0.0000000,0.0000,0.0000000,0.0000,['[#7;!n][#7;!n]'],20
108.3144,137.9997,-137.9997,0.0000000,c1c(c(c(C(=NO)N=O)cc(-c2ccc3ccccc3[n+]2CC(C)(c2sccc2C)N(c2ccc(cc2)N(C)CCCC)c2ccccc2)c1)-c1ccc(cc1)N(CCCCCC)CCCCCC)C=C1c2c(ccc(c2)N(c2ccccc2)c2ccccc2)N(c2ccc(cc2)C)C1=O,0,,0.0000000,0.0000,0.0000000,0.0000,0.0000000,0.0000,0.0000000,0.0000,None,20
52.7365,57.8566,-57.8566,0.0000000,c12n3c4c(c5c2c(cc4)c(c([N+]([O-])=O)c1O)O)cccc5c1c(OC)c(c(cc13)OC)OC,0,,0.0000000,0.0000,0.0000000,0.0000,0.0000000,0.0000,0.0000000,0.0000,None,20
35.7833,36.0796,-28.3014,0.0607670,CS(=O)(=O)c1ccc(-c2cc(Cc3ccccc3)nc3n[nH]c(N)c23)cc1,1,c1ccc(Cc2cc(-c3ccccc3)c3c[nH]nc3n2)cc1,0.0539331,368.8983,0.5677055,0.5677,0.6152878,2.4283,1.0000000,1.0000,[],20
66.1034,72.3311,-72.3311,0.0000000,C=CC(=O)OCCOc1ccc(-c2ccc(OCC(=C)C)cc2)c(-c2ccc(C=c3ccc(=C4Sc5ccc(c(N(c6ccccc6)c6ccc(C)cc6)c5)S4)s3)s2)c1,1,C(c1ccc(-c2ccccc2-c2ccccc2)s1)=c1ccc(=C2Sc3ccc(c(N(c4ccccc4)c4ccccc4)c3)S2)s1,0.0000000,0.0000,0.0000000,0.0000,0.0000000,0.0000,0.0000000,0.0000,"['C(=[O,S])[O,S]']",20
39.8841,59.5401,55.0562,0.8952837,COc1ccc(C(C#N)=Cc2ccc(-c3ccc(N(c4ccc(C=Cc5ccc(N(c6ccc(C=Cc7ccc(N(c8ccccc8)c8ccc(OC)cc8)cc7)cc6)c6ccc(N(c7ccccc7)c7ccccc7)cc6)cc5)cc4)c4ccc(OC)cc4)cc3)s2)cc1,1,C(=Cc1ccc(-c2ccc(N(c3ccccc3)c3ccc(C=Cc4ccc(N(c5ccc(C=Cc6ccc(N(c7ccccc7)c7ccccc7)cc6)cc5)c5ccc(N(c6ccccc6)c6ccccc6)cc5)cc4)cc3)cc2)s1)c1ccccc1,0.9958030,459.3809,0.0491299,0.0491,0.4444048,4.0551,1.0000000,1.0000,[],20
38.7228,46.0765,67.4086,0.8866025,COc1ccc(Oc2ccc([N+](=O)[O-])cc2[N+](=O)[O-])c(C2C(N)=C(N)N(c3ccccc3)C3=C2C(=O)CC(C)(C)C3)c1,1,O=C1CCCC2=C1C(c1ccccc1Oc1ccccc1)C=CN2c1ccccc1,0.9319561,428.4152,0.2664031,0.2664,0.5033309,3.4325,1.0000000,1.0000,[],20
48.0378,44.8655,-44.8655,0.0000000,CC(C)COC(=O)N1CC2CC[N+](O)(CC2=O)CC1=O,1,O=C1C[NH+]2CCC(CN1)C(=O)C2,0.0000000,0.0000,0.0000000,0.0000,0.0000000,0.0000,0.0000000,0.0000,"['[*;r{8-17}]', 'C(=[O,S])[O,S]']",20
27.7250,36.3732,-33.0720,0.0257905,COc1c2ccccc2cc2nc(N(CC(C)C)CC(C)C)sc12,1,c1ccc2cc3scnc3cc2c1,0.0218720,358.7373,0.5848131,0.5848,0.5994871,2.5584,1.0000000,1.0000,[],20
88.1572,116.6135,-73.1641,0.3394485,CCCCCNc1cc2ccc(N=Nc3cc(OC)c(-n4c(N(c5ccc(OC)cc5)c5ccc(OC)cc5)cc5ccc(Oc6nc(-c7nc(-c8ccc(OC)c(OC)c8)no7)cs6)cc54)cc3C)c(=O)c-2ccc1N,1,O=c1c(N=Nc2ccc(-n3c(N(c4ccccc4)c4ccccc4)cc4ccc(Oc5nc(-c6nc(-c7ccccc7)no6)cs5)cc43)cc2)ccc2cccccc1-2,0.3580166,526.3405,0.0540221,0.0540,0.4260292,4.2662,1.0000000,1.0000,[],20
32.9128,47.8238,-47.8238,0.0000000,CCCCC(CC)COc1ccc(N(c2ccc(C)cc2)c2ccc3nc(NN=Cc4ccc(N5CCCCC5)cc4)sc3c2)cc1,1,C(=NNc1nc2ccc(N(c3ccccc3)c3ccccc3)cc2s1)c1ccc(N2CCCCC2)cc1,0.0000000,0.0000,0.0000000,0.0000,0.0000000,0.0000,0.0000000,0.0000,['[#7;!n][#7;!n]'],20
35.8952,34.4578,-34.4578,0.0000000,CCCCCCC(CC)CCCCCOC(=O)CCC(=O)NC(CO)CO,1,,0.0000000,0.0000,0.0000000,0.0000,0.0000000,0.0000,0.0000000,0.0000,"['C(=[O,S])[O,S]']",20
109.7479,131.4285,-52.4578,0.6169588,CCCCCCCCOc1ccc(-c2ccc3c(cc2N(c2ccccc2)c2ccc(N(c4ccccc4)c4ccccc4)cc2)c2cc(C#N)c(C#N)c4c2c2c(c5sccc5c(C#N)c(SCCCCCCCC)[n+]32)n4-c2ccc(N(c3ccc(C)cc3)c3ccc(C)c(C)c3)c(Cl)c2)cc1,1,c1ccc(-c2ccc3c(cc2N(c2ccccc2)c2ccc(N(c4ccccc4)c4ccccc4)cc2)c2cccc4c2c2c(c5sccc5cc[n+]32)n4-c2ccc(N(c3ccccc3)c3ccccc3)cc2)cc1,0.6880350,511.4124,0.0285207,0.0285,0.3495986,5.2548,1.0000000,1.0000,[],20
73.5348,86.4395,-86.4395,0.0000000,c12ccccc1C(c1ccc(-n3c4ccc5c6c(ccc7n6c5c(c5c4cccc7)c55)cc3)c(c1)-c1ccc(cc1)N(c1ccccc1)c1ccccc1)(c1c(cccc1)C2(C)C)c1ccc(C)s1,0,,0.0000000,0.0000,0.0000000,0.0000,0.0000000,0.0000,0.0000000,0.0000,None,20
41.0279,40.5850,43.2684,0.6551041,CC(=O)N1CCN(c2ccc(Nc3ncnc(OCC(C)C)c3N)cc2[N+](=O)[O-])CC1,1,c1cc(Nc2ccc(N3CCNCC3)cc2)ncn1,0.6619313,407.2952,0.5013086,0.5013,0.5980614,2.5703,1.0000000,1.0000,[],20
34.6914,33.9040,-33.6338,0.0021105,CCc1nc(Cl)c(C(=O)c2ccccc2)n1Cc1ccccc1OC,1,O=C(c1ccccc1)c1cncn1Cc1ccccc1,0.0015635,329.8694,0.6166268,0.6166,0.6525678,2.1342,1.0000000,1.0000,[],20
72.4335,87.9311,12.0775,0.7813178,C=CCCc1ccc(C(=Cc2ccc3c(c2)cc(C=Cc2ccc(N(c4ccccc4)c4ccccc4)cc2)c2c3ccc3c4c(-c5ccccc5)c5ccccc5c-4cc4ccccc4c32)C(=C(C#N)C#N)c2ccc(C=O)cc2)cc1,1,C=C(C(=Cc1ccc2c(c1)cc(C=Cc1ccc(N(c3ccccc3)c3ccccc3)cc1)c1c2ccc2c3c(-c4ccccc4)c4ccccc4c-3cc3ccccc3c21)c1ccccc1)c1ccccc1,0.8799781,421.6303,0.0271739,0.0272,0.4243699,4.2857,1.0000000,1.0000,[],20
75.6069,88.9719,-81.2765,0.0601201,CCCCN(CCCC)C(c1ccc2c(c1)c1cc(Oc3ccc(C=Cc4ccc(N(c5ccccc5)c5ccccc5)cc4)cc3)ccc1n2CC)C(C(=O)C(C)CC(=O)CC(C)C)c1cc2cccccc-2c1,1,C(=Cc1ccc(N(c2ccccc2)c2ccccc2)cc1)c1ccc(Oc2ccc3[nH]c4ccc(CCc5cc6cccccc-6c5)cc4c3c2)cc1,0.0579388,369.7223,0.0564760,0.0565,0.3820561,4.8109,1.0000000,1.0000,[],20
32.6870,33.3339,-32.9198,0.0032346,S=C(Nc1ccc(Br)cc1)Nc1cc(Cl)c(Oc2ccc(Br)cc2)c(Cl)c1,1,S=C(Nc1ccccc1)Nc1ccc(Oc2ccccc2)cc1,0.0025005,334.9779,0.3236896,0.3237,0.6594375,2.0818,1.0000000,1.0000,[],20
61.9924,81.8739,23.2708,0.8214426,CCCCCCC1=Cc2c(OCCCC)c(OCCCC)cc3cccc(c23)C(Nc2c(-c3ccc(N(c4ccccc4)c4ccccc4)cc3)csc2N(CCCC)c2ccccc2)=N1,1,C1=Cc2cccc3cccc(c23)C(Nc2c(-c3ccc(N(c4ccccc4)c4ccccc4)cc3)csc2Nc2ccccc2)=N1,0.9009596,423.9723,0.0648538,0.0649,0.4596819,3.8861,1.0000000,1.0000,[],20
74.8826,90.1133,-90.1133,0.0000000,CCCCCCCCOc1ccc(N(c2ccc(C)cc2)c2cc(N(c3ccccc3)c3ccccc3)cc3c2c(=O)c2ccc(-c4cc(C)c(C=C(C#N)C(=O)OCCCCCC)s4)cc2c2cc(Oc4ccc(C(C)(C)CC)cc4)ccc32)cc1,1,O=c1c2ccc(-c3cccs3)cc2c2cc(Oc3ccccc3)ccc2c2cc(N(c3ccccc3)c3ccccc3)cc(N(c3ccccc3)c3ccccc3)c12,0.0000000,0.0000,0.0000000,0.0000,0.0000000,0.0000,0.0000000,0.0000,"['C(=[O,S])[O,S]']",20
35.0808,49.1511,-49.1511,0.0000000,COc1ccc(N(c2ccccc2)c2ccc(C#Cc3ccc(C#Cc4ccc(CC5CC=C(c6ccc(N(c7ccccc7)c7ccccc7)cc6)CC5)cc4)cc3)cc2)cc1,1,C(#Cc1ccc(CC2CC=C(c3ccc(N(c4ccccc4)c4ccccc4)cc3)CC2)cc1)c1ccc(C#Cc2ccc(N(c3ccccc3)c3ccccc3)cc2)cc1,0.0000000,0.0000,0.0000000,0.0000,0.0000000,0.0000,0.0000000,0.0000,['C#C'],20
60.8245,73.7495,-73.7495,0.0000000,CCCCN(CCCC)c1ccc(NN=C2c3oc(=O)n(CC(=O)c4ccc(N(c5ccccc5)c5ccc(C)cc5)cc4)c3C(=O)N2CC(C)CC)cc1,1,O=C(Cn1c2c(oc1=O)C(=NNc1ccccc1)NC2=O)c1ccc(N(c2ccccc2)c2ccccc2)cc1,0.0000000,0.0000,0.0000000,0.0000,0.0000000,0.0000,0.0000000,0.0000,['[#7;!n][#7;!n]'],20
53.3206,75.8484,38.8776,0.8962968,COc1cc(N=Nc2ccc(-c3ccc(C(=O)c4ccc(N(c5ccccc5)c5ccccc5)cc4)cc3)cc2)cc(C(C)(C)C)c1N(c1ccc(C(C)(C)C)cc1)c1ccc(C=Cc2ccc(N(c3ccccc3)c3ccccc3)cc2)c2ccccc12,1,O=C(c1ccc(-c2ccc(N=Nc3ccc(N(c4ccccc4)c4ccc(C=Cc5ccc(N(c6ccccc6)c6ccccc6)cc5)c5ccccc45)cc3)cc2)cc1)c1ccc(N(c2ccccc2)c2ccccc2)cc1,0.9958463,460.5060,0.0516483,0.0516,0.4353838,4.1576,1.0000000,1.0000,[],20
32.4784,39.6170,-39.5581,0.0004600,COc1ccc(N2c3ccccc3OC(N(C)c3ccc(C)cc3)c3ccccc32)cc1,1,c1ccc(NC2Oc3ccccc3N(c3ccccc3)c3ccccc32)cc1,0.0003210,312.6676,0.3534118,0.3534,0.5646544,2.8577,1.0000000,1.0000,[],20
35.6978,36.7646,-36.5155,0.0019461,COc1ccc(-c2nc(-c3ccccc3)c(-c3ccc(-c4nccn4C)cc3)[nH]2)cc1,1,c1ccc(-c2nc(-c3ccccc3)c(-c3ccc(-c4ncc[nH]4)cc3)[nH]2)cc1,0.0014559,329.0938,0.4000771,0.4001,0.6414738,2.2199,1.0000000,1.0000,[],20
53.7357,68.7068,-68.7068,0.0000000,c1c2c(nc([nH]2)C=CNc2ccc(N(C)CCCC)cc2)cc2c1=OC(=C(O2)CCCCCC)C#N,0,,0.0000000,0.0000,0.0000000,0.0000,0.0000000,0.0000,0.0000000,0.0000,None,20
55.3240,71.4925,32.0977,0.8092984,CN(Cc1ccc(-c2ccc(-c3ccc(-c4ccc(-c5ccc(-c6ccc(N(c7ccccc7)c7ccccc7)cc6)s5)s4)s3)cn2)c(Nc2ccccc2)c1)C(c1ccccc1)c1ccccc1,1,c1ccc(Nc2cc(CNC(c3ccccc3)c3ccccc3)ccc2-c2ccc(-c3ccc(-c4ccc(-c5ccc(-c6ccc(N(c7ccccc7)c7ccccc7)cc6)s5)s4)s3)cn2)cc1,0.8706564,420.7025,0.1109608,0.1110,0.4954014,3.5119,1.0000000,1.0000,[],20
39.8224,51.5599,-31.4499,0.1571096,N#CN(C(=O)C=C(Cl)C(=O)Nc1cccc2ccccc12)C(=O)c1ccc(Cl)cc1,1,O=C(C=CC(=O)Nc1cccc2ccccc12)NC(=O)c1ccccc1,0.1488793,381.0711,0.3631945,0.3632,0.5758415,2.7596,1.0000000,1.0000,[],20
60.9922,74.9895,-74.9895,0.0000000,CC1(C)c2cc(N(c3ccccc3)c3ccccc3)ccc2-c2ccc(N(c3ccc(-c4c(Cl)ccc(-c5ccc(C=CC(=O)O)c(C(=O)O)c5)c4C#N)cc3)c3ccc(N(c4ccccc4)c4ccccc4)cc3)cc21,1,c1ccc(-c2cccc(-c3ccc(N(c4ccc(N(c5ccccc5)c5ccccc5)cc4)c4ccc5c(c4)Cc4cc(N(c6ccccc6)c6ccccc6)ccc4-5)cc3)c2)cc1,0.0000000,0.0000,0.0000000,0.0000,0.0000000,0.0000,0.0000000,0.0000,"['C(=[O,S])[O,S]']",20
52.7993,59.4636,-59.4636,0.0000000,c1c2c(ccc1Nc1ccc(-c3ccccc3)c3c1cc1-c4c(C(C)(C)c1c3)cccc4)c1c(CCC=C1)c1cc(N(c3ccccc3)c3ccccc3)ccc1n2,0,,0.0000000,0.0000,0.0000000,0.0000,0.0000000,0.0000,0.0000000,0.0000,None,20
38.4136,47.8577,-46.8867,0.0075860,COc1ccc(N(c2ccc(Oc3ccccc3)cc2)c2ccc(-c3ccc(-n4c(-c5ccccc5)c(-c5ccccc5)n5c6ccccc6nc45)cc3)cc2)cc1,1,c1ccc(Oc2ccc(N(c3ccccc3)c3ccc(-c4ccc(-n5c(-c6ccccc6)c(-c6ccccc6)n6c7ccccc7nc56)cc4)cc3)cc2)cc1,0.0063207,345.0880,0.1395983,0.1396,0.5583186,2.9141,1.0000000,1.0000,[],21
80.1751,97.2226,-38.1411,0.4615743,COc1ccc(N(c2ccc(OC)cc2)c2ccc(N(CCO[N+](=O)c3cc(N(CCO)CCO)cc4ccccc34)S(=O)(=O)c3c(C)ccc(C)c3C=Cc3ccc(-c4ccn(C)n4)cc3)cc2)cc1,1,O=[N+](OCCN(c1ccc(N(c2ccccc2)c2ccccc2)cc1)S(=O)(=O)c1ccccc1C=Cc1ccc(-c2cc[nH]n2)cc1)c1cccc2ccccc12,0.4947939,399.7739,0.0523236,0.0523,0.4455296,4.0425,1.0000000,1.0000,[],21
39.2191,53.2828,40.8524,0.7354315,CCCCCCCCCCn1c(=O)c2ccc(NCc3ccc(O)cc3)cc2c2cc3ccc(N(c4ccccc4)c4ccccc4)cc3cc21,1,O=c1[nH]c2cc3cc(N(c4ccccc4)c4ccccc4)ccc3cc2c2cc(NCc3ccccc3)ccc12,0.7985599,414.9540,0.0645979,0.0646,0.5651699,2.8531,1.0000000,1.0000,[],21
47.2876,54.7704,-45.9208,0.0691374,COc1ccc(N(c2ccc3oc4cc(-c5ccc(Oc6ccncc6)cc5)ccc4c3c2)c2ccc3c4ccccc4c4ccccc4c3c2)cc1,1,c1ccc(N(c2ccc3oc4cc(-c5ccc(Oc6ccncc6)cc5)ccc4c3c2)c2ccc3c4ccccc4c4ccccc4c3c2)cc1,0.0644650,370.9566,0.1564135,0.1564,0.5640833,2.8628,1.0000000,1.0000,[],21
121.8430,143.2545,-143.2545,0.0000000,N1CC(C(CC)CC=CCC)C(C2C1C=C(C)C(=C2C(Nc1cc2ccc3c4c(cc(c5c(cc(cc3c2)N(c2ccc(OC)cc2)c2ccc(cc2)N(c2ccccc2)c2ccccc2)OCCN(C)CCC)c5ccc4=O)c1)N(CCCC)CCCC)=O)(CCC)c1ccc(N(CCCC)CCCC)cc1,0,,0.0000000,0.0000,0.0000000,0.0000,0.0000000,0.0000,0.0000000,0.0000,None,21
31.5733,36.2202,-35.9826,0.0018561,CCCCCCCCCCCCNS(=O)(=O)c1ccc(NC(C)=O)c(Nc2ccccc2)c1,1,c1ccc(Nc2ccccc2)cc1,0.0014074,328.7256,0.2400754,0.2401,0.6451796,2.1911,1.0000000,1.0000,[],21
56.8711,66.6905,38.8149,0.8242610,O=C1CCn2c(cc3cc(-c4c5ccccc5c(N(c5ccccc5)c5ccccc5)c5ccccc45)c(=O)oc32)N1C(=O)c1ccc2ccccc2c1,1,O=C1CCn2c(cc3cc(-c4c5ccccc5c(N(c5ccccc5)c5ccccc5)c5ccccc45)c(=O)oc32)N1C(=O)c1ccc2ccccc2c1,0.8820962,421.8497,0.1318775,0.1319,0.5140137,3.3275,1.0000000,1.0000,[],21
48.1537,49.2497,-49.2497,0.0000000,C[N+]#CC(C(=O)O)(c1cc2ccc(C#N)cc2o1)S(=O)(=O)O,1,c1ccc2occc2c1,0.0000000,0.0000,0.0000000,0.0000,0.0000000,0.0000,0.0000000,0.0000,"['C(=[O,S])[O,S]']",21
60.7453,80.9310,33.2754,0.8922377,N#CCCN(c1ccccc1)c1ccc(-c2c3sccc3c3nc(-c4ccc(N(c5ccccc5)c5ccccc5)cc4)cc(N(C(=O)C(C#N)=Cc4ccc5cc(N(c6ccccc6)c6ccccc6)ccc5c4)c4ccc(N(c5ccccc5)c5ccccc5)cc4)n23)cc1,1,O=C(C=Cc1ccc2cc(N(c3ccccc3)c3ccccc3)ccc2c1)N(c1ccc(N(c2ccccc2)c2ccccc2)cc1)c1cc(-c2ccc(N(c3ccccc3)c3ccccc3)cc2)nc2c3ccsc3c(-c3ccc(Nc4ccccc4)cc3)n12,0.9894168,470.7309,0.0583302,0.0583,0.3932527,4.6665,1.0000000,1.0000,[],21
77.0993,99.1935,12.1868,0.8701581,O=C(Nc1ccc(N2CCC3(C=C(c4ccccc4)c4ccccc43)c3c(N=Cc4ccc(-c5ccc(C=Cc6ccc(N(c7ccccc7)c7ccccc7)cc6)cc5)s4)c4ccccc4c(=O)n32)cc1)Nc1cc(Cl)ccc1Cl,1,O=C(Nc1ccccc1)Nc1ccc(N2CCC3(C=C(c4ccccc4)c4ccccc43)c3c(N=Cc4ccc(-c5ccc(C=Cc6ccc(N(c7ccccc7)c7ccccc7)cc6)cc5)s4)c4ccccc4c(=O)n32)cc1,0.9508794,432.1715,0.0943328,0.0943,0.3605417,5.1007,1.0000000,1.0000,[],21
62.5765,74.5296,-74.5296,0.0000000,CCOC(=O)C(C#N)(CC=C(C)CCC(C#N)(C(=O)OC)C(C)(C)c1cc(OC)c(Oc2ccc(OC)cc2)cc1OC)c1ccccc1,1,C(=CCCc1ccccc1)CCCCc1ccc(Oc2ccccc2)cc1,0.0000000,0.0000,0.0000000,0.0000,0.0000000,0.0000,0.0000000,0.0000,"['C(=[O,S])[O,S]']",21
64.2057,80.3263,-80.3263,0.0000000,Fc1cccc2c1nc(N)c1c2n(c(n1)-c1ccc(cc1)Nc1ccc2C(c3ccccc3-c2c1)=O)CCCN1CCC(c2c3ccccc3c3c2cccc3)(C#N)CC1,0,,0.0000000,0.0000,0.0000000,0.0000,0.0000000,0.0000,0.0000000,0.0000,None,21
44.5875,47.6163,53.6006,0.7907567,CCCCCCCCCCCCCCN1C(=O)c2ccc3cc([N+](=O)[O-])c4cccc[n+]4c3c2C1=O,1,O=C1NC(=O)c2c1ccc1ccc3cccc[n+]3c21,0.8632711,420.0072,0.0622151,0.0622,0.5550213,2.9437,1.0000000,1.0000,[],21
34.2219,33.9679,-33.8608,0.0008367,CC1OC(Oc2ccc(Oc3ccc([N+](=O)[O-])cc3)cc2)C(O)C(O)C1O,1,c1ccc(Oc2ccc(OC3CCCCO3)cc2)cc1,0.0005963,319.3934,0.5287300,0.5287,0.5113156,3.3538,1.0000000,1.0000,[],21
62.1894,94.9826,-94.9826,0.0000000,C(n1c2nc(N)[nH]c(=O)c2c(C#Cc2ccc(cc2)N(CCO)CCO)c(C#N)c1-c1ccc(N(C)CCC#N)cc1)c1cc(cs1)-c1cccc(c1)N(c1ccccc1)c1ccc(OC)cc1,0,,0.0000000,0.0000,0.0000000,0.0000,0.0000000,0.0000,0.0000000,0.0000,None,21
30.8629,26.5231,-26.5115,0.0000905,CCC(C)c1cccc(OCCCc2ccccc2)c1,1,c1ccc(CCCOc2ccccc2)cc1,0.0000568,293.8521,0.6261332,0.6261,0.6586069,2.0881,1.0000000,1.0000,[],21
87.6877,115.2800,-115.2800,0.0000000,CCCCCCCCCCCCCCc1ccc(N2C(=Cc3ccc(N(c4ccc(OCCCCCCCC)cc4)c4ccc(C5=C(c6ccc(-c7ccc(N(c8ccc(C#N)cc8)c8ccc(C=Cc9ccc(N(c%10ccc(C(C)(C)C)cc%10)c%10ccc(C(C)(C)C)cc%10)cc9N(c9ccc(C(C)(C)C)cc9)c9ccc(C(C)(C)C)cc9)cc8)cc7)cc6)N=C(CCC(=O)O)C5=O)cc4)cc3)C(=O)c3ccccc32)cc1,1,O=C1C=NC(c2ccc(-c3ccc(N(c4ccccc4)c4ccc(C=Cc5ccc(N(c6ccccc6)c6ccccc6)cc5N(c5ccccc5)c5ccccc5)cc4)cc3)cc2)=C1c1ccc(N(c2ccccc2)c2ccc(C=C3C(=O)c4ccccc4N3c3ccccc3)cc2)cc1,0.0000000,0.0000,0.0000000,0.0000,0.0000000,0.0000,0.0000000,0.0000,"['C(=[O,S])[O,S]']",21
32.0527,44.6464,-38.1334,0.0508825,N#CC(C#N)(C=Cc1ccccc1)CCc1ccc(N(c2ccccc2)c2ccccc2)cc1,1,C(=Cc1ccccc1)CCCc1ccc(N(c2ccccc2)c2ccccc2)cc1,0.0457972,367.0300,0.2809273,0.2809,0.5829712,2.6981,1.0000000,1.0000,[],21
33.5829,50.3457,67.5275,0.9208846,COc1ccc(N(c2ccc(C)cc2)c2ccc3c(C=CC(=O)NCc4ccccc4)c4ccccc4c(C#N)c3c2)cc1,1,O=C(C=Cc1c2ccccc2cc2cc(N(c3ccccc3)c3ccccc3)ccc12)NCc1ccccc1,0.9854394,474.2388,0.1457816,0.1458,0.5851744,2.6792,1.0000000,1.0000,[],21
38.1518,43.6170,42.0474,0.6692528,O=c1c2ccccc2n(Cc2ccc(N(CCO)CCO)cc2)c2cc(I)c(I)cc12,1,O=c1c2ccccc2n(Cc2ccccc2)c2ccccc12,0.6937631,408.8788,0.2351068,0.2351,0.5822106,2.7046,1.0000000,1.0000,[],21
49.4796,67.8276,-67.8276,0.0000000,N#CC1(c2ccccc2)OC(c2cc([N+](=O)[O-])ccc2N2CCCCC2)=C(NN=Cc2ccc(N(c3ccccc3)c3ccccc3)cc2)C1=O,1,O=C1C(NN=Cc2ccc(N(c3ccccc3)c3ccccc3)cc2)=C(c2ccccc2N2CCCCC2)OC1c1ccccc1,0.0000000,0.0000,0.0000000,0.0000,0.0000000,0.0000,0.0000000,0.0000,['[#7;!n][#7;!n]'],21
60.7149,81.3179,-8.9311,0.5655218,COc1ccc(C=Cc2ccc(C=Cc3ccc(N(c4ccc(OC)cc4)S(=O)(=O)c4ccc(-c5ccc(N(c6ccc(C)cc6)c6ccc(-c7ccc8c(c7)C(c7ccc(Oc9ccccc9)cc7)c7cccc(N(c9ccccc9)c9ccccc9)c7-8)cc6)cc5)cc4)cc3)cc2)cc1,1,O=S(=O)(c1ccc(-c2ccc(N(c3ccccc3)c3ccc(-c4ccc5c(c4)C(c4ccc(Oc6ccccc6)cc4)c4cccc(N(c6ccccc6)c6ccccc6)c4-5)cc3)cc2)cc1)N(c1ccccc1)c1ccc(C=Cc2ccc(C=Cc3ccccc3)cc2)cc1,0.6102319,404.8672,0.0663906,0.0664,0.3787020,4.8550,1.0000000,1.0000,[],21
90.9177,120.7906,-120.7906,0.0000000,CCCCN1C(C=CC2C(c3ccc4ccc(N(CC)CC)cc4[n+]3N)C=CC3C(c4ccc(F)cc4)c4ccc(O)cc4C4CCCCC23CC4)=C(c2ccccc2)C(CC2CCCCC2)c2ccccc21,1,C(=CC1C(c2ccc3ccccc3[nH+]2)C=CC2C(c3ccccc3)c3ccccc3C3CCCCC12CC3)C1=C(c2ccccc2)C(CC2CCCCC2)c2ccccc2N1,0.0000000,0.0000,0.0000000,0.0000,0.0000000,0.0000,0.0000000,0.0000,['[*;r{8-17}]'],21
85.1989,119.3676,-119.3676,0.0000000,C#CN1CCC(N(c2ccc(C)cc2)c2ccc(C=Cc3cc(N(c4ccc(N(c5ccccc5)c5ccc(C)cc5)cc4)c4ccc(C=Cc5ccc(N(c6ccc(C)cc6)c6ccc(C)cc6)s5)c5ccc(-c6ccc(C=C(c7ccc(C)cc7)c7ccc(C(C)(C)C)cc7)cc6)cc45)c4sc(C#N)cc4n3)cc2C#N)CC1,1,C(=Cc1cc(N(c2ccc(N(c3ccccc3)c3ccccc3)cc2)c2ccc(C=Cc3ccc(N(c4ccccc4)c4ccccc4)s3)c3ccc(-c4ccc(C=C(c5ccccc5)c5ccccc5)cc4)cc23)c2sccc2n1)c1ccc(N(c2ccccc2)C2CCNCC2)cc1,0.0000000,0.0000,0.0000000,0.0000,0.0000000,0.0000,0.0000000,0.0000,['C#C'],21
63.1977,76.2097,36.6049,0.8813644,COc1ccc(N(c2ccc(-c3nc4cc(N(c5ccc(C)cc5)c5ccc(OC)cc5)ccc4nc3-c3ccc(N(c4ccccc4)c4ccccc4)cc3C)cc2)c2ccc(N(c3ccccc3)c3ccc(C#N)cc3)c(-c3ccc(-c4ccc(N(c5ccccc5)c5ccccc5)cc4)cc3)c2)cc1,1,c1ccc(N(c2ccccc2)c2ccc(-c3ccc(-c4cc(N(c5ccccc5)c5ccc(-c6nc7cc(N(c8ccccc8)c8ccccc8)ccc7nc6-c6ccc(N(c7ccccc7)c7ccccc7)cc6)cc5)ccc4N(c4ccccc4)c4ccccc4)cc3)cc2)cc1,0.9708170,438.0502,0.0693513,0.0694,0.4047332,4.5226,1.0000000,1.0000,[],21
55.3799,57.4324,-57.4324,0.0000000,Cc1c(F)c(=O)n(C2CC2)c2cc(N3CCC4(CCCCC4)C3)c(OCC3(C(=O)O)CCC3)cc12,1,O=c1ccc2cc(OCC3CCC3)c(N3CCC4(CCCCC4)C3)cc2n1C1CC1,0.0000000,0.0000,0.0000000,0.0000,0.0000000,0.0000,0.0000000,0.0000,"['C(=[O,S])[O,S]']",21
115.6174,153.8377,-153.8377,0.0000000,C(CC(=NC(=c1c(c(c(c(c1C(C)(C)C)N=C(C)c1ccc(cc1)N(CCO)CC)/C=C/c1ccc(N(c2ccc(cc2)C(C)(C)C)c4ccc(C(C)(C)C)cc1)N(CCCC)CCCC)C=Cc1ccc(cc1)C#N)OCCCCCCCC)C#N)=C1c2c(N(c3ccccc3)c3ccccc31)cccc2)(=O)c1ccccc1,0,,0.0000000,0.0000,0.0000000,0.0000,0.0000000,0.0000,0.0000000,0.0000,None,21
35.8370,41.9235,46.0019,0.6869168,CCCCOc1ccc(C(=Cc2ccc(-c3ccc(N(c4ccc(C)cc4)c4cccc(Cl)c4)cc3)s2)c2ccc(OCCCC)cc2)cc1,1,C(=C(c1ccccc1)c1ccccc1)c1ccc(-c2ccc(N(c3ccccc3)c3ccccc3)cc2)s1,0.7329988,410.9648,0.0997020,0.0997,0.5685217,2.8236,1.0000000,1.0000,[],21
89.0546,117.2918,-117.2918,0.0000000,O(C)c1cc(C2c3c(c4cc(I)cc(c4oc3C(=O)C2=Cc2c(C)c(C#N)c(C)n3c2c2c3ccc(C#N)c2)N(c2ccc(C)cc2)c2ccc(C=Cc3ccc(cc3)N(c3ccc(cc3)C)c3ccc(-c4ccccc4)cc3)cc2)OCCCCCC)cc(c1OCCCCC=C)F,0,,0.0000000,0.0000,0.0000000,0.0000,0.0000000,0.0000,0.0000000,0.0000,None,21
62.2139,61.0247,-58.5697,0.0191796,CCc1noc2nc(C(C)C)cc(Cn3nc([O-])c4cc(-c5ccc(OC)nc5)ccc43)c12,1,c1cncc(-c2ccc3c(cnn3Cc3ccnc4oncc34)c2)c1,0.0162787,355.4687,0.3827002,0.3827,0.5196286,3.2732,1.0000000,1.0000,[],21
110.0419,133.9459,-133.9459,0.0000000,FC(c1cc(Cl)c(c(F)c1-c1ccc(c(c1)O)NC(c1c(cc(N/N=c2\c(=O)c(c(-c3cc(C(F)(F)F)cc(c3)C(F)(F)F)nc3c2c(c(c(c3)Nc2cc(ccc2)Cl)[N+]#[C-])N(c2ccc(cc2)C)c2ccc(C(F)(F)F)cc2)Cl)cc(c1)C(F)(F)F)=O)[N+]([O-])=O)O)(F)F,0,,0.0000000,0.0000,0.0000000,0.0000,0.0000000,0.0000,0.0000000,0.0000,None,21
73.8302,99.8415,-99.8415,0.0000000,CCOCCN(CCOCC)c1ccc(N2CN(Cc3cccc4ccccc34)c3cc4c(cc3Cl)c(N(c3ccccc3)c3ccc(CC)cc3)c2c(N(c2ccc(N(c3ccccc3)c3ccccc3)cc2)c2ccc(N(c3ccccc3)c3ccc(C)cc3)cc2)[n+]4N(c2ccccc2)c2ccc(C)cc2)cc1,1,c1ccc(N2CN(Cc3cccc4ccccc34)c3ccc4c(N(c5ccccc5)c5ccccc5)c2c(N(c2ccc(N(c5ccccc5)c5ccccc5)cc2)c2ccc(N(c5ccccc5)c5ccccc5)cc2)[n+](N(c2ccccc2)c2ccccc2)c4c3)cc1,0.0000000,0.0000,0.0000000,0.0000,0.0000000,0.0000,0.0000000,0.0000,['[*;r{8-17}]'],21
40.2152,55.0589,30.1384,0.6656038,CCCCCCOc1ccc(N(c2ccc(OCCCCCC)cc2)c2ccc(-c3cc4cc5c(cc4s3)c3cc(-c4ccc(N(c6ccccc6)c6ccccc6)cc4)ccc3c(=O)n5-c3ccc(OCCCCCC)cc3)cc2)cc1,1,O=c1c2ccc(-c3ccc(N(c4ccccc4)c4ccccc4)cc3)cc2c2cc3sc(-c4ccc(N(c5ccccc5)c5ccccc5)cc4)cc3cc2n1-c1ccccc1,0.7342084,411.0320,0.0377770,0.0378,0.4661525,3.8162,1.0000000,1.0000,[],21
52.1318,69.0457,-60.5534,0.0663462,Cc1ccc(N2C(=O)C(=Cc3c4ccc(-c5ccccc5)cc4c(N(c4ccccc4)c4ccc(C)cc4)c4cc5ccccc5cc34)c3ccccc3-c3cc(Br)ccc32)cc1,1,O=C1C(=Cc2c3ccc(-c4ccccc4)cc3c(N(c3ccccc3)c3ccccc3)c3cc4ccccc4cc23)c2ccccc2-c2ccccc2N1c1ccccc1,0.0623224,549.4352,0.1227429,0.1227,0.5148915,3.3190,1.0000000,1.0000,[],21
38.9622,37.3336,-37.3336,0.0000000,C=CCC1OCC2C(OCCCC)OC(C)(C)OC12,1,C1OCC2COCC2O1,0.0000000,205.8705,0.5491521,0.5492,0.4207760,4.3283,1.0000000,1.0000,[],21
27.9196,24.8619,-24.8617,0.0000016,CC(C)Cn1nccc1C1CCCNC1,1,c1cc(C2CCCNC2)[nH]n1,0.0000008,248.0108,0.8213532,0.8214,0.5325422,3.1505,1.0000000,1.0000,[],21
52.5776,69.0092,48.3858,0.9171488,CCCCN(CCCC)c1ccc(OC)c(C=Cc2nc3c(OC)c4c(=O)c5ccccc5c(=O)[nH]c4c([N+](=O)[O-])c3[nH]2)c1,1,O=c1[nH]c2cc3[nH]c(C=Cc4ccccc4)nc3cc2c(=O)c2ccccc12,0.9891365,448.9822,0.1238623,0.1239,0.5104007,3.3628,1.0000000,1.0000,[],21
39.6332,59.3876,2.4660,0.4832317,COc1ccc2ccc3c(OCc4ccccc4)ccc(C=Cc4ccc(N(c5ccc(C=Cc6ccc(N(c7ccccc7)c7ccccc7)cc6)cc5)c5ccc(N(c6ccccc6)c6ccccc6)cc5)cc4)c3c2c1,1,C(=Cc1ccc(N(c2ccc(C=Cc3ccc(OCc4ccccc4)c4ccc5ccccc5c34)cc2)c2ccc(N(c3ccccc3)c3ccccc3)cc2)cc1)c1ccc(N(c2ccccc2)c2ccccc2)cc1,0.5141063,400.6128,0.0669431,0.0669,0.4945366,3.5207,1.0000000,1.0000,[],21
38.6377,53.8129,-53.8129,0.0000000,COCCOCCOC(=O)C(=Cc1ccc(N2CCC(=Nc3ccccc3)CC2)cc1)c1ccc(N(c2ccccc2)c2ccccc2)cc1,1,C(=Cc1ccc(N(c2ccccc2)c2ccccc2)cc1)c1ccc(N2CCC(=Nc3ccccc3)CC2)cc1,0.0000000,0.0000,0.0000000,0.0000,0.0000000,0.0000,0.0000000,0.0000,"['C(=[O,S])[O,S]']",21
63.9037,94.1986,13.7298,0.8431907,CCCCCCCCOc1ccc(N(c2ccc(OCCCCCCC)cc2)c2cc(-c3nc4ncc5nc(-c6ccc(C(C)(C)C)cc6)n(-c6ccc(C=Cc7ccc(C=C(C#N)C#N)s7)cc6)c5c4s3)cc(C#N)c2OCCCCCCCC)cc1,1,C(=Cc1cccs1)c1ccc(-n2c(-c3ccccc3)nc3cnc4nc(-c5cccc(N(c6ccccc6)c6ccccc6)c5)sc4c32)cc1,0.9525061,487.4442,0.0294912,0.0295,0.3940329,4.6566,1.0000000,1.0000,[],21
72.0798,91.5826,-91.5826,0.0000000,c1cc(-c2sc3cc(N(c4ccc(cc4)C)c4ccc(cc4)CCCCCC)cc4c3c2c(C(=O)c2ccc(cc2)C=C(C#N)C#N)cc4)c(OC)c2c1cc(cc2)N(c1ccc(cc1)C)c1ccc(B2c3ccccc3Oc3ccccc23)cc1,0,,0.0000000,0.0000,0.0000000,0.0000,0.0000000,0.0000,0.0000000,0.0000,None,21
77.4303,85.1909,-85.1909,0.0000000,c1cc(CN2CCN(CC2)C(=O)c2cn3cc(Cl)cc(C(=CC(c4nc(C#N)c(o4)N)=N)O)c3cc2)ccc1CN1CC(CC(O)=O)CCC1,0,,0.0000000,0.0000,0.0000000,0.0000,0.0000000,0.0000,0.0000000,0.0000,None,21
38.3057,48.5737,33.3990,0.6404118,CCCCCCCCCCCCOc1c(-c2ccc(N(c3ccccc3)c3ccccc3)cc2)sc(N=Nc2ccc(N(C)C)cc2)c1-c1ccc(N)cc1,1,c1ccc(N=Nc2sc(-c3ccc(N(c4ccccc4)c4ccccc4)cc3)cc2-c2ccccc2)cc1,0.6980067,510.9034,0.0479366,0.0479,0.5231586,3.2394,1.0000000,1.0000,[],21
34.0749,45.7566,73.1696,0.9291106,COc1ccc(N(c2ccc(N3CCCCC3)cc2)c2cc3cc(N4CCCCC4)ccc3c(=O)c3ccccc23)cc1,1,O=c1c2ccc(N3CCCCC3)cc2cc(N(c2ccccc2)c2ccc(N3CCCCC3)cc2)c2ccccc12,0.9838878,444.6447,0.2042056,0.2042,0.5934101,2.6093,1.0000000,1.0000,[],21
46.5681,60.3883,49.8798,0.8614695,COc1nc(-c2ccccc2)ccc1N1c2ccc(-c3ccc(C#N)cc3)cc2N(c2ccc(-c3ccc(N(c4ccccc4)c4ccccc4)cc3)cc2)c2c1ccc1ccccc21,1,c1ccc(-c2ccc3c(c2)N(c2ccc(-c4ccc(N(c5ccccc5)c5ccccc5)cc4)cc2)c2c(ccc4ccccc24)N3c2ccc(-c3ccccc3)nc2)cc1,0.9215570,426.7492,0.1443494,0.1443,0.5105861,3.3610,1.0000000,1.0000,[],21
25.2184,23.8898,-23.8819,0.0000618,CC(=O)NP(=O)(Oc1ccccc1)c1ccccc1,1,O=[PH](Oc1ccccc1)c1ccccc1,0.0000377,289.4137,0.8727670,0.8728,0.5630980,2.8715,1.0000000,1.0000,[],21
53.2312,65.2243,-51.0001,0.1111270,CCCCc1cc2c(cc1C)-c1cc(C=Cc3ccc4ccccc4c3)c(C=Cc3cc(OC)c(OC)c(OC)c3)c(OC)c1C2(CCC)CCC,1,C(=Cc1cc2c(cc1C=Cc1ccc3ccccc3c1)-c1ccccc1C2)c1ccccc1,0.1079148,377.0669,0.1022410,0.1022,0.5072300,3.3940,1.0000000,1.0000,[],21
43.0269,50.6836,-47.6110,0.0240053,Cc1ccc(N(c2ccccc2)c2ccc(-c3ccc4c(c3)[nH]c(=O)n4C)c3ocnc23)cc1,1,O=c1[nH]c2ccc(-c3ccc(N(c4ccccc4)c4ccccc4)c4ncoc34)cc2[nH]1,0.0206543,358.1019,0.3377495,0.3377,0.5747294,2.7693,1.0000000,1.0000,[],21
25.0863,25.6618,-25.6618,0.0000000,CC(C)=CCC(=O)OC(=O)C=[N+]=[N-],1,,0.0000000,0.0000,0.0000000,0.0000,0.0000000,0.0000,0.0000000,0.0000,"['C(=[O,S])[O,S]']",21
36.0400,57.1273,53.9123,0.8674970,Cc1ccc(N(c2ccc(C)cc2)c2ccc(-c3ccc(N(c4ccc(-c5c(-c6ccc(C#N)s6)sc(-c6ccc(N(c7ccccc7)c7ccccc7)cc6)c5C#N)cc4)c4ccc(N(c5ccccc5)c5ccccc5)cc4)cc3)cc2)cc1,1,c1ccc(N(c2ccccc2)c2ccc(-c3ccc(N(c4ccc(-c5cc(-c6ccc(N(c7ccccc7)c7ccccc7)cc6)sc5-c5cccs5)cc4)c4ccc(N(c5ccccc5)c5ccccc5)cc4)cc3)cc2)cc1,0.9419528,430.2562,0.0960778,0.0961,0.4710644,3.7638,1.0000000,1.0000,[],21
26.7594,28.8413,-28.8413,0.0000000,N#CC(Cc1ccc([N+](=O)[O-])c(F)c1)C(=O)O,1,c1ccccc1,0.0000000,0.0000,0.0000000,0.0000,0.0000000,0.0000,0.0000000,0.0000,"['C(=[O,S])[O,S]']",21
93.7245,105.0663,-105.0663,0.0000000,c12n3c4c(c5c3c(cc(c5)[N+]#[C-])c3c2ccc2c(ccc2c33)sc2c3cc(C(C)(C)C)ccc34)ccc2c2c3c(ccc21)cc(cc3)C(C(CC(C)(C)C)C)c1ccc(cc1)N1c2c(cccc2)C(c2ccccc12)(C)C,0,,0.0000000,0.0000,0.0000000,0.0000,0.0000000,0.0000,0.0000000,0.0000,None,21
45.7148,56.6989,36.4003,0.7273377,Cc1ccc(N(c2ccc(C)cc2)c2ccc(-c3ccc4c(N(c5ccc(N(c6ccc(C)cc6)c6ccc(C)cc6)cc5)c5cc(-c6ccccc6)c6ccccc6c5)cc5c6ccccc6ccc5c4c3)cc2)cc1,1,c1ccc(-c2cc(N(c3ccc(N(c4ccccc4)c4ccccc4)cc3)c3cc4c5ccccc5ccc4c4cc(-c5ccc(N(c6ccccc6)c6ccccc6)cc5)ccc34)cc3ccccc23)cc1,0.7757524,413.4749,0.1196042,0.1196,0.5109004,3.3579,1.0000000,1.0000,[],21
40.4647,50.4501,-19.3003,0.2433576,C=CC(=Nc1ccc(-c2ccc(-c3ccc(N(c4ccc(C=Cc5ccc(C)cc5)cc4)c4ccc(-c5ccccc5)cc4)cc3)cc2)cc1C#N)c1ccccc1,1,C(=Cc1ccc(N(c2ccc(-c3ccccc3)cc2)c2ccc(-c3ccc(-c4ccc(N=Cc5ccccc5)cc4)cc3)cc2)cc1)c1ccccc1,0.2463117,387.8573,0.0977359,0.0977,0.5390500,3.0897,1.0000000,1.0000,[],21
71.7094,89.3079,-89.3079,0.0000000,c1cc(C(c2ccccc2)(c2ccccc2)n2c(NC=O)c(-c3c(C(C#N)=Cc4cc5c(-c6c(C5(CCCC)CCCC)cccc6)cc4)c4ccccc4cc3)c3c(cc(cc3)OCCCCCC)c2)ccc1,0,,0.0000000,0.0000,0.0000000,0.0000,0.0000000,0.0000,0.0000000,0.0000,None,21
36.6270,38.1858,-36.9911,0.0093332,Cc1ccc(S(=O)(=O)C(C=CC2C=CCC2)=[N+]=[N-])cc1,1,[N+]=C(C=CC1C=CCC1)S(=O)(=O)c1ccccc1,0.0077188,347.2729,0.2819413,0.2819,0.4650677,3.8279,1.0000000,1.0000,[],21
39.3208,39.0260,-38.9189,0.0008366,O=C(Nc1ccc2oc(=O)[nH]c2c1)N1Cc2cnc(-c3ccc(Cl)cc3)nc2C1,1,O=C(Nc1ccc2oc(=O)[nH]c2c1)N1Cc2cnc(-c3ccccc3)nc2C1,0.0005943,319.3573,0.5258714,0.5259,0.5997463,2.5562,1.0000000,1.0000,[],21
45.9650,63.6653,-63.6653,0.0000000,N#Cc1c2c(sc(c2C#N)N2CCCCC2)ccc(Nc2ccc(cc2)C=Cc2ccc(N(c3ccccc3)c3ccc(cc3)OC)cc2)c1,0,,0.0000000,0.0000,0.0000000,0.0000,0.0000000,0.0000,0.0000000,0.0000,None,21
50.3934,61.8084,-61.8084,0.0000000,O=C1c2ccc(-c3ccc(C#Cc4ccc(-c5ccc(F)cc5)s4)cc3)cc2C(=O)c2cc(-c3ccc(F)s3)ccc21,1,O=C1c2ccc(-c3ccc(C#Cc4ccc(-c5ccccc5)s4)cc3)cc2C(=O)c2cc(-c3cccs3)ccc21,0.0000000,0.0000,0.0000000,0.0000,0.0000000,0.0000,0.0000000,0.0000,['C#C'],21
61.2350,69.7951,37.9949,0.8421089,CC1=Cc2cc3c(cc2NC1(C)C)C1(c2ccc(N(c4ccccc4)c4ccccc4)cc2)C3=NC2=C(C1c1ccc(N(c3ccc(C)cc3)c3ccc(C)cc3)cc1)C(C)(C)CCC2,1,C1=Cc2cc3c(cc2NC1)C1(c2ccc(N(c4ccccc4)c4ccccc4)cc2)C3=NC2=C(CCCC2)C1c1ccc(N(c2ccccc2)c2ccccc2)cc1,0.9008499,423.9590,0.1652873,0.1653,0.3936059,4.6620,1.0000000,1.0000,[],21
47.2672,59.4604,-57.8164,0.0128433,N#CC(=CNCC1CCCO1)c1cc(N)c(N2CCCCC2)c(Nc2ccccc2)c1,1,C(=Cc1ccc(N2CCCCC2)c(Nc2ccccc2)c1)NCC1CCCO1,0.0106205,350.7695,0.4495638,0.4496,0.5162602,3.3057,1.0000000,1.0000,[],21
56.0453,61.7938,-41.8793,0.1555820,Cc1ccc(-c2nc3c(C(=O)NCCCC(N)=O)c(CN4CCC(Cc5ccc(Cl)cc5)CC4)ccc3cc2C#N)cc1,1,c1ccc(CC2CCN(Cc3ccc4ccc(-c5ccccc5)nc4c3)CC2)cc1,0.1499094,381.1591,0.2130796,0.2131,0.5666236,2.8403,1.0000000,1.0000,[],21
35.6632,38.4128,-36.4416,0.0153996,CC(C)(C)CCC(=O)N1CCN(c2ccc(N3C(=O)c4ccccc4C3=O)cc2Cl)CC1,1,O=C1c2ccccc2C(=O)N1c1ccc(N2CCNCC2)cc1,0.0126653,352.7038,0.6337833,0.6338,0.6286214,2.3211,1.0000000,1.0000,[],21
59.9416,70.3417,-70.3417,0.0000000,c1c(cc(c(c1)Cl)Cl)-c1c(C#N)c(N)c2n(cc(-n3c(c4c(c5c(cc4)cccc5)c4c3cccc4)=O)cc2)n1,0,,0.0000000,0.0000,0.0000000,0.0000,0.0000000,0.0000,0.0000000,0.0000,None,21
56.9181,78.6519,-78.6519,0.0000000,c12c(ccc3c4c(ccc23)c(S(=O)(=O)c2ccc(Oc3ccccc3)cc2)ccc4c(c2c1ccc(c2)N(c1ccccc1)c1ccccc1)N(c1ccc(cc1)C=Cc1ccccc1)c1ccc(cc1)C(C)(C)C)-c1ccc(cc1)N(c1ccc(cc1)C(C)(C)C)c1ccc(cc1)C(C)(C)C,0,,0.0000000,0.0000,0.0000000,0.0000,0.0000000,0.0000,0.0000000,0.0000,None,22
58.2865,73.1731,-73.1731,0.0000000,CCOC(=O)C1=Nc2ccc(N(c3ccccc3)c3ccccc3)cc2C1=C(c1ccc(N(c2ccccc2)c2ccccc2)cc1)c1ccc(N(c2ccc(C)cc2)c2ccc(-c3cnc(N(c4ccccc4)c4ccccc4)s3)cc2)c2ccccc12,1,C1=Nc2ccc(N(c3ccccc3)c3ccccc3)cc2C1=C(c1ccc(N(c2ccccc2)c2ccccc2)cc1)c1ccc(N(c2ccccc2)c2ccc(-c3cnc(N(c4ccccc4)c4ccccc4)s3)cc2)c2ccccc12,0.0000000,0.0000,0.0000000,0.0000,0.0000000,0.0000,0.0000000,0.0000,"['C(=[O,S])[O,S]']",22
40.7445,48.0937,-41.1742,0.0540586,CC(C)(C)c1ccc(N(c2ccccc2)c2ccc3ccc(C(=O)N4CCCN(Cc5ccc(Cl)cc5)CC4)cc3c2)cc1,1,O=C(c1ccc2ccc(N(c3ccccc3)c3ccccc3)cc2c1)N1CCCN(Cc2ccccc2)CC1,0.0493438,367.8802,0.1937955,0.1938,0.6077032,2.4903,1.0000000,1.0000,[],22
45.4142,63.0154,40.4623,0.8084192,CC1=C(C#N)C(c2c3ccccc3c(NC(=O)c3ccc(C#N)cc3)c3ccccc23)C(c2cccs2)=C(N)N1,1,O=C(Nc1c2ccccc2c(C2C=CNC=C2c2cccs2)c2ccccc12)c1ccccc1,0.8514054,418.9533,0.2137867,0.2138,0.5074336,3.3919,1.0000000,1.0000,[],22
40.2488,46.1948,-38.3443,0.0613320,CCCCCCCCCCCCCCCCN1CCN(c2ccc3c(c2)c(Cl)c2n3CCN(c3ccccc3Cl)C2=O)CC1,1,O=C1c2cc3cc(N4CCNCC4)ccc3n2CCN1c1ccccc1,0.0570455,369.5433,0.1378331,0.1378,0.5685774,2.8231,1.0000000,1.0000,[],22
26.1795,32.4324,-32.0851,0.0027126,CCCCCCOc1ccc(P(=O)(c2ccccc2)c2ccc(N(c3ccc(C)cc3)c3ccc(C)cc3)cc2)cc1,1,O=P(c1ccccc1)(c1ccccc1)c1ccc(N(c2ccccc2)c2ccccc2)cc1,0.0021587,333.3784,0.1100056,0.1100,0.5402551,3.0786,1.0000000,1.0000,[],22
33.7256,50.5799,66.6648,0.9159739,CCCOc1ccc(N2C(=O)C(Nc3cccc4ccccc34)=C(N(C#N)c3ccc(N(C)C)cc3)C2=O)cc1,1,O=C1C(Nc2ccccc2)=C(Nc2cccc3ccccc23)C(=O)N1c1ccccc1,0.9771108,440.7578,0.1639206,0.1639,0.5621789,2.8797,1.0000000,1.0000,[],22
44.0895,51.5377,-51.5377,0.0000000,CC#CCC(I)C(=O)n1c2ccc(I)cc2c2ccc(N(c3ccccc3)c3ccccc3)cc21,1,c1ccc(N(c2ccccc2)c2ccc3c(c2)[nH]c2ccccc23)cc1,0.0000000,0.0000,0.0000000,0.0000,0.0000000,0.0000,0.0000000,0.0000,['C#C'],22
27.7805,35.1380,-33.0922,0.0159827,CCCCOc1ccc2c(c1)c1c(-c3ccc(N(c4ccccc4)c4ccccc4)cc3)cccc1n2CC,1,c1ccc(N(c2ccccc2)c2ccc(-c3cccc4[nH]c5ccccc5c34)cc2)cc1,0.0137081,353.5743,0.1800340,0.1800,0.6209331,2.3827,1.0000000,1.0000,[],22
90.9019,94.8984,-94.8984,0.0000000,CN1CCC(NN2C=C(Nc3ccc(O)c(Nc4cccc(Cl)c4F)c3)CC(CN(C3CCC3)N(C)S(=O)(=O)c3cccs3)=C2S)CC1,1,O=S(=O)(NN(CC1=CN(NC2CCNCC2)C=C(Nc2cccc(Nc3ccccc3)c2)C1)C1CCC1)c1cccs1,0.0000000,0.0000,0.0000000,0.0000,0.0000000,0.0000,0.0000000,0.0000,['[#7;!n][#7;!n]'],22
36.4607,52.3932,-52.3932,0.0000000,c1c(OC)cc(c2-c1cc1ccc(N(c3ccccc3)c3ccc(OC)cc3)cc1s2)N(c1ccccc1)c1ccccc1,0,,0.0000000,0.0000,0.0000000,0.0000,0.0000000,0.0000,0.0000000,0.0000,None,22
80.7376,102.4920,-102.4920,0.0000000,CCNc1ccc2c(c1)c(SCC(=O)N1CCN(S(=O)(=O)c3ccc(-c4ccsc4)s3)CC1)nc1c(OCC(=O)OCC)n(N)c(=O)c(N(c3ccccc3)c3ccccc3)c12,1,O=C(CSc1nc2c[nH]c(=O)c(N(c3ccccc3)c3ccccc3)c2c2ccccc12)N1CCN(S(=O)(=O)c2ccc(-c3ccsc3)s2)CC1,0.0000000,0.0000,0.0000000,0.0000,0.0000000,0.0000,0.0000000,0.0000,"['C(=[O,S])[O,S]']",22
26.6107,27.7185,-27.6773,0.0003216,CC(C)(C)c1cc2ccccc2c(CC(N)=O)c1O,1,c1ccc2ccccc2c1,0.0002136,308.2415,0.8685166,0.8685,0.6359094,2.2635,1.0000000,1.0000,[],22
56.7050,74.7848,-74.7848,0.0000000,c12n(ccc1cc(cc2)S(NCCCC(c1ccc(N2CCC(CC2)CCCCCCCCCCCC)cc1)=O)=O)(CCCCCCCCCC)c1ccc(C#N)cc1,0,,0.0000000,0.0000,0.0000000,0.0000,0.0000000,0.0000,0.0000000,0.0000,None,22
51.9651,75.8163,12.0088,0.6861336,Cc1ccc(N(c2ccccc2)c2ccc(N(c3ccc(C)cc3)c3cc(Nc4cccc(N(C)C)c4)c4c(N(c5ccc(C)cc5)c5ccc(C)cc5)c(-c5noc(-c6ccccc6)n5)ccc4c3)cc2)cc1,1,c1ccc(Nc2cc(N(c3ccccc3)c3ccc(N(c4ccccc4)c4ccccc4)cc3)cc3ccc(-c4noc(-c5ccccc5)n4)c(N(c4ccccc4)c4ccccc4)c23)cc1,0.7312210,410.8663,0.1156463,0.1156,0.4824192,3.6447,1.0000000,1.0000,[],22
62.1642,72.5118,-3.8975,0.5360489,Cc1cc(C(F)(F)F)c(-c2ccc(-c3ccc(N(c4ccccc4)c4ccc(F)cc4)s3)nc2OCCC(C)CCOCc2ccccc2)cc1C#N,1,c1ccc(COCCCCCOc2nc(-c3ccc(N(c4ccccc4)c4ccccc4)s3)ccc2-c2ccccc2)cc1,0.5702175,403.0698,0.0823335,0.0823,0.4730760,3.7425,1.0000000,1.0000,[],22
32.5006,32.9407,-32.5408,0.0031242,O=C(c1ccc(Cl)cc1)c1ccnc(C(=O)c2ccc(C(F)(F)F)cc2)c1,1,O=C(c1ccccc1)c1ccnc(C(=O)c2ccccc2)c1,0.0023675,334.3829,0.5749262,0.5749,0.6586099,2.0881,1.0000000,1.0000,[],22
55.0493,73.5619,-62.5434,0.0860821,CCn1c2ccc(N(c3ccccc3)c3ccc(C#N)c(C#N)c3)cc2c2ccc(OCCC(=O)N3CCN(c4ccc(-c5ccc(C(F)(F)F)cc5)cc4)CC3)cc21,1,O=C(CCOc1ccc2c(c1)[nH]c1ccc(N(c3ccccc3)c3ccccc3)cc12)N1CCN(c2ccc(-c3ccccc3)cc2)CC1,0.0816696,373.7265,0.1371254,0.1371,0.5213277,3.2569,1.0000000,1.0000,[],22
43.6181,56.3412,52.6641,0.8516041,COc1cc(N(c2ccccc2)c2cc3ccccc3c3ccccc23)c2ccsc2c1-c1c2ccccc2c(-c2ccc(C=C(C#N)C#N)s2)c2ccccc12,1,c1ccc(N(c2ccc(-c3c4ccccc4c(-c4cccs4)c4ccccc34)c3sccc23)c2cc3ccccc3c3ccccc23)cc1,0.9239287,427.1104,0.0920806,0.0921,0.4986638,3.4791,1.0000000,1.0000,[],22
44.3639,47.2482,60.8856,0.8447952,N#CC1C(=N)SC(=Cc2ccc3c(c2N2CCCCC2)NCCC3)NC1=O,1,N=C1CC(=O)NC(=Cc2ccc3c(c2N2CCCCC2)NCCC3)S1,0.8599797,419.7074,0.7308817,0.7309,0.4504151,3.9879,1.0000000,1.0000,[],22
68.7130,87.4487,-87.4487,0.0000000,c1c(ccc(Nc2c3ccc(cc3sc3-c3cc2/C=C2/C(c3ccccc3C2=C([N+]#[C-])c2ccc(N(c3ccccc3)c3ccccc3)cc2)=O)=NC2CCCCC2)c1)N(c1ccc(cc1)C)c1ccc(cc1)C,0,,0.0000000,0.0000,0.0000000,0.0000,0.0000000,0.0000,0.0000000,0.0000,None,22
44.4050,61.8125,24.9461,0.6778014,CCCCCCCCOc1ccc(N(c2ccc(CCc3ccc(N(c4ccccc4)c4ccc(C)cc4)cc3)cc2)c2ccc(-c3nc4ccc(N(c5ccc(C)cc5)c5ccc(C)cc5)cc4s3)c(F)c2)cc1,1,c1ccc(N(c2ccccc2)c2ccc(CCc3ccc(N(c4ccccc4)c4ccc(-c5nc6ccc(N(c7ccccc7)c7ccccc7)cc6s5)cc4)cc3)cc2)cc1,0.7341431,411.0283,0.0669865,0.0670,0.4915386,3.5511,1.0000000,1.0000,[],22
48.9832,61.2200,-61.2200,0.0000000,c1c(OC)c2c(c3c(c(=O)c4c(c(OC)ccc4)c3O)oc2cc1)Nc1c2c(cccc2)c(Nc2ccc(cc2)N(C)C)c2c1cccc2,0,,0.0000000,0.0000,0.0000000,0.0000,0.0000000,0.0000,0.0000000,0.0000,None,22
48.0580,52.6086,-52.6086,0.0000000,c1cc(ccc1-n1c2c(cccc2)c2c1cccc2)-c1c2c(c3c(ccc(c3)Cl)o2)n(c2ccc(-c3cc4ccccc4cc3)cc12)C,0,,0.0000000,0.0000,0.0000000,0.0000,0.0000000,0.0000,0.0000000,0.0000,None,22
64.7363,78.0295,-73.7808,0.0331929,COc1ccc(N(c2ccc(C)cc2)c2cc3ccc(OC4C5=C(c6ccccc64)[N+](=O)c4cc(OC)c([N+](=O)[O-])cc4C5=O)cc3c3cc(N(c4ccc(C)cc4)c4ccc(C)cc4)ccc23)cc1,1,O=C1C2=C(c3ccccc3C2Oc2ccc3cc(N(c4ccccc4)c4ccccc4)c4ccc(N(c5ccccc5)c5ccccc5)cc4c3c2)[N+](=O)c2ccccc21,0.0309903,557.3776,0.0541168,0.0541,0.4159707,4.3857,1.0000000,1.0000,[],22
47.9322,61.6004,-56.7818,0.0376456,Cc1ccc(N(c2ccc(C)cc2)c2cc3cc(C4=CCCN(C(=O)c5ccc(N(C)C)cc5)C4)[nH]c3cc2N(C)C)cc1,1,O=C(c1ccccc1)N1CCC=C(c2cc3cc(N(c4ccccc4)c4ccccc4)ccc3[nH]2)C1,0.0337078,363.5656,0.2093127,0.2093,0.5461897,3.0239,1.0000000,1.0000,[],22
31.9869,31.7263,-31.6701,0.0004385,COc1cc2c(OC)nncc2c(OC)c1OCc1ccccc1,1,c1ccc(COc2ccc3cnncc3c2)cc1,0.0002982,311.8643,0.6928427,0.6928,0.6304381,2.3067,1.0000000,1.0000,[],22
47.7310,51.1004,-36.6475,0.1129129,O=c1[nH]c(-c2ccc3c(c2)c2ccccc2n3-c2cccc(Oc3ccccc3)c2)cc2sc(N3CCOCC3)nc12,1,O=c1[nH]c(-c2ccc3c(c2)c2ccccc2n3-c2cccc(Oc3ccccc3)c2)cc2sc(N3CCOCC3)nc12,0.1066220,376.9203,0.2338535,0.2339,0.5768098,2.7512,1.0000000,1.0000,[],22
51.2247,78.6013,36.3083,0.8977313,COc1ccc(Nc2cc(N=Nc3ccc(N(c4ccccc4)c4ccccc4)cc3)cc(Nc3ccccc3)c2)cc1Nc1ncc(-c2ccc(N(c3ccccc3)c3ccccc3)cc2)c(F)c1F,1,c1ccc(Nc2cc(N=Nc3ccc(N(c4ccccc4)c4ccccc4)cc3)cc(Nc3cccc(Nc4ccc(-c5ccc(N(c6ccccc6)c6ccccc6)cc5)cn4)c3)c2)cc1,0.9801985,442.3654,0.0831785,0.0832,0.4896481,3.5703,1.0000000,1.0000,[],22
73.0017,79.5876,-79.5876,0.0000000,n1c(N(c2ccccc2)c2ccccc2)ccc(c1)/C=c1\c(=O)n2C=C3C=Cc4c(N(c5ccccc5)C=c3sc4c2n1)B1OCCCO1,0,,0.0000000,0.0000,0.0000000,0.0000,0.0000000,0.0000,0.0000000,0.0000,None,22
52.0534,64.4314,-64.4314,0.0000000,CCCCCN1c2nc(N(CC)CC)[nH]c(=O)c2Cc2ccc(-c3ccc(Br)s3)c1c2OCCCC,1,O=c1[nH]cnc2c1Cc1ccc(-c3cccs3)c(c1)N2,0.0000000,0.0000,0.2272567,0.2273,0.4561414,3.9248,1.0000000,1.0000,[],22
44.9591,58.8768,-58.8768,0.0000000,CCCCOc1ccc2sc(C=Cc3ccc(N(c4ccc(OCC)cc4)c4ccc(N(c5ccccc5)c5ccc(C=Cc6ccc(C=C(C#N)C(=O)O)s6)cc5)cc4)cc3)cc2c1,1,C(=Cc1cccs1)c1ccc(N(c2ccccc2)c2ccc(N(c3ccccc3)c3ccc(C=Cc4cc5ccccc5s4)cc3)cc2)cc1,0.0000000,0.0000,0.0000000,0.0000,0.0000000,0.0000,0.0000000,0.0000,"['C(=[O,S])[O,S]']",22
70.7622,92.4025,-88.2346,0.0325611,COCCCCCCOc1ccc2cc(S(=O)(=O)c3ccc(N(c4ccccc4)c4ccccc4)cc3)c(S(=O)(=O)c3ccc4c(c3)C(c3cccc5ccccc35)C(Cc3ccc(OC)c(OC)c3)S4)cc2c1,1,O=S(=O)(c1ccc(N(c2ccccc2)c2ccccc2)cc1)c1cc2ccccc2cc1S(=O)(=O)c1ccc2c(c1)C(c1cccc3ccccc13)C(Cc1ccccc1)S2,0.0301628,362.3193,0.0684759,0.0685,0.4043666,4.5272,1.0000000,1.0000,[],22
49.5532,73.8584,44.6054,0.9254990,COc1cc(Cl)c(-c2ccc3c(c2)sc2c(=O)c4ccccc4c(Cl)c(N(c4ccc(C)cc4)c4ccc(Cl)cc4)c23)c(N(c2ccc(C)cc2)c2ccc(C)cc2)c1,1,O=c1c2ccccc2cc(N(c2ccccc2)c2ccccc2)c2c1sc1cc(-c3ccccc3N(c3ccccc3)c3ccccc3)ccc12,0.9923780,452.8652,0.1524975,0.1525,0.5031986,3.4339,1.0000000,1.0000,[],22
28.9920,40.8721,31.2677,0.5635928,CCN(CC)c1ccc2c(c1)oc(=O)c1cc(C(C)=O)c(N(c3ccc(C)cc3)c3ccc(C)cc3)cc12,1,O=c1oc2ccccc2c2cc(N(c3ccccc3)c3ccccc3)ccc12,0.5902539,403.9631,0.1273663,0.1274,0.5839074,2.6901,1.0000000,1.0000,[],22
40.4616,54.6214,60.1354,0.8965378,COc1ccc(N(c2ccccc2)c2ccc(N(c3ccc(N(c4ccccc4)c4ccccc4)cc3)c3nc4ccccc4c(=O)cc3-c3ccc4ccccc4c3)cc2)cc1,1,O=c1cc(-c2ccc3ccccc3c2)c(N(c2ccc(N(c3ccccc3)c3ccccc3)cc2)c2ccc(N(c3ccccc3)c3ccccc3)cc2)nc2ccccc12,0.9632688,435.4678,0.1296141,0.1296,0.5388246,3.0918,1.0000000,1.0000,[],22
29.3966,29.9894,-29.7151,0.0021427,CC(=O)C(C#N)=C(C)Nc1c(C)cc(C)cc1C,1,c1ccccc1,0.0015889,330.0449,0.6524323,0.6524,0.5941519,2.6031,1.0000000,1.0000,[],22
47.4926,60.4925,9.3485,0.5456322,COc1ccc(N(c2ccc(C=Nn3[nH]c(=O)c(CC=Cc4ccc5c(c4)OCO5)c3C)cc2)c2ccc3ccccc3c2)cc1,1,O=c1[nH]n(N=Cc2ccc(N(c3ccccc3)c3ccc4ccccc4c3)cc2)cc1CC=Cc1ccc2c(c1)OCO2,0.5665725,402.9085,0.1684027,0.1684,0.5319095,3.1564,1.0000000,1.0000,[],22
34.0160,40.9608,75.3069,0.9083411,CCCCN(CC)c1ccc(N=c2cc(-c3ccc(OC)cc3)oc3ccc(CC)cc23)cc1,1,c1ccc(N=c2cc(-c3ccccc3)oc3ccccc23)cc1,0.9528330,432.6345,0.2622647,0.2623,0.6040050,2.5209,1.0000000,1.0000,[],22
41.1229,50.7061,-50.7061,0.0000000,CCCCCCC1(CCCCCC)c2cc3ccccc3cc2N=CN(c2ccc(-n3c4ccccc4c4ccccc43)cc2)c2ccc(-c3ccc(N(c4ccccc4)c4ccccc4)cc3)cc21,1,C1=Nc2cc3ccccc3cc2Cc2cc(-c3ccc(N(c4ccccc4)c4ccccc4)cc3)ccc2N1c1ccc(-n2c3ccccc3c3ccccc32)cc1,0.0000000,0.0000,0.0000000,0.0000,0.0000000,0.0000,0.0000000,0.0000,['[*;r{8-17}]'],22
66.5995,81.0544,-51.0734,0.2342267,CCCCCCc1ccc(N(c2ccc(-c3ccc(N(c4ccc(-c5nnc(-c6sc(C7(C#N)CCC(C)(C)CC7)nc6C)o5)cc4)c4ccc(C(C)(CC)CC)cc4)cc3)cc2)c2ccc(-c3ccc(C(C)(C)CC)cc3)cc2)cc1,1,c1ccc(-c2ccc(N(c3ccccc3)c3ccc(-c4ccc(N(c5ccccc5)c5ccc(-c6nnc(-c7cnc(C8CCCCC8)s7)o6)cc5)cc4)cc3)cc2)cc1,0.2407033,387.5268,0.0663087,0.0663,0.4256673,4.2705,1.0000000,1.0000,[],22
33.5929,35.2035,5.8574,0.3207880,COc1ccc2[nH]c(C(=O)c3ccc(S(N)(=O)=O)cc3)c(O)c2c1,1,O=C(c1ccccc1)c1cc2ccccc2[nH]1,0.3096404,391.2946,0.6213067,0.6213,0.6385744,2.2426,1.0000000,1.0000,[],22
31.5256,39.8316,-33.8594,0.0466574,Oc1c(N(c2ccccc2)c2ccc(-c3ccc4cc(N(c5ccccc5)c5ccccc5)ccc4c3)cc2)ccc2sc3ccccc3c12,1,c1ccc(N(c2ccccc2)c2ccc3cc(-c4ccc(N(c5ccccc5)c5ccc6sc7ccccc7c6c5)cc4)ccc3c2)cc1,0.0423816,366.1496,0.1842719,0.1843,0.5713364,2.7989,1.0000000,1.0000,[],22
29.8671,30.7563,-29.3969,0.0106205,CNCc1csc(-c2ccc(C(F)(F)F)c(C(F)(F)F)c2)n1,1,c1ccc(-c2nccs2)cc1,0.0084997,348.3278,0.8283459,0.8283,0.6070033,2.4961,1.0000000,1.0000,[],22
43.1114,47.7525,-47.7525,0.0000000,c1c(cc(Cl)c2oc3cc(c(cc3c(c21)=O)OC(c1ccc(cc1)Cl)=O)Br)=O,0,,0.0000000,0.0000,0.0000000,0.0000,0.0000000,0.0000,0.0000000,0.0000,None,22
54.2983,62.6971,-62.6971,0.0000000,C1CC(C(F)CNc2nc(c(s2)-c2ccc([N+](=O)[O-])cc2)-c2ccc(cc2)C#N)=C([N+]#[C-])[N+]#[C-],0,,0.0000000,0.0000,0.0000000,0.0000,0.0000000,0.0000,0.0000000,0.0000,None,22
34.9083,45.7061,69.7529,0.9020234,C=CCn1c(=O)c2ccccc2c2cc(N=Nc3ccc(C=Cc4ccc(N(c5ccccc5)c5ccccc5)cc4)cc3)c(C)cc21,1,O=c1[nH]c2ccc(N=Nc3ccc(C=Cc4ccc(N(c5ccccc5)c5ccccc5)cc4)cc3)cc2c2ccccc12,0.9880609,447.9453,0.0695903,0.0696,0.5557007,2.9376,1.0000000,1.0000,[],22
46.3072,53.8951,50.8175,0.8180674,N#Cc1ccc(S(=O)(=O)c2ccc(Cl)c(C3=C(O)C(=O)c4cccc(Cl)c43)c2)cc1Cl,1,O=C1C=C(c2cccc(S(=O)(=O)c3ccccc3)c2)c2ccccc21,0.8371450,417.7750,0.4956002,0.4956,0.5803952,2.7202,1.0000000,1.0000,[],22
50.5338,60.6154,30.4687,0.7115946,CC1(C)c2ccccc2N(c2ccc3c(N(c4ccccc4)c4ccccc4)cc4c(N(c5ccccc5)c5ccccc5)ccc(Nc5ccc6c7c5CCCC7CCC6)c4c3c2)c2ccccc21,1,c1ccc(N(c2ccccc2)c2cc3c(N(c4ccccc4)c4ccccc4)ccc(Nc4ccc5c6c4CCCC6CCC5)c3c3cc(N4c5ccccc5Cc5ccccc54)ccc23)cc1,0.7558634,412.2703,0.1457089,0.1457,0.4368619,4.1407,1.0000000,1.0000,[],22
43.1352,59.8647,-25.6916,0.2669774,N=c1c2ccccc2c(-c2ccc(Oc3ccc(N(c4ccccc4)c4ccccc4)cc3)c3ccc(N(c4ccccc4)c4ccccc4)cc23)cn1C(=O)c1ccc([N+](=O)[O-])cc1,1,N=c1c2ccccc2c(-c2ccc(Oc3ccc(N(c4ccccc4)c4ccccc4)cc3)c3ccc(N(c4ccccc4)c4ccccc4)cc23)cn1C(=O)c1ccccc1,0.2714539,389.2810,0.1026713,0.1027,0.5081453,3.3849,1.0000000,1.0000,[],22
40.6679,43.3422,-43.0488,0.0022917,Clc1ccc(CN2Cc3c([nH]c4ccccc34)-c3cc(Br)ccc3C2C2CC2)cc1,1,c1ccc(CN2Cc3c([nH]c4ccccc34)-c3ccccc3C2C2CC2)cc1,0.0017468,331.0751,0.3198830,0.3199,0.5545138,2.9483,1.0000000,1.0000,[],22
32.7421,31.1061,-31.1031,0.0000234,CC(Br)Cn1c(=O)oc2ccccc21,1,O=c1[nH]c2ccccc2o1,0.0000136,278.3571,0.7730189,0.7730,0.5682547,2.8259,1.0000000,1.0000,[],22
71.4136,99.8944,-99.8944,0.0000000,c12c(cc(-c3c4c(nc(C=Cc5ccc(cc5)N(c5ccccc5)c5ccccc5)cc4)nc(-c4ccc(cc4)N(c4ccccc4)CCCCCC)c3)cc2)c2c(ccc(c2)OCCCCCC)c(OCCCCCC)c2ccc(cc21)N(c1ccc(cc1)C=Cc1ccc(OCCCCCC)cc1)c1ccc(OCCCCCCCC)cc1,0,,0.0000000,0.0000,0.0000000,0.0000,0.0000000,0.0000,0.0000000,0.0000,None,22
51.9762,62.4606,-62.1469,0.0024509,CCCCN(CCCC)c1ccc(C2C(CCCCCBr)Oc3ccccc3N2c2ccc(Oc3ccc(C#N)cc3)cc2)cc1,1,c1ccc(Oc2ccc(N3c4ccccc4OCC3c3ccccc3)cc2)cc1,0.0019590,332.3224,0.0870747,0.0871,0.4838209,3.6302,1.0000000,1.0000,[],22
45.8730,63.6701,-63.6701,0.0000000,CCCCCCCOc1ccc(N(c2ccc(C#Cc3ccc(N(c4ccccc4)c4ccc(-n5c6ccc(C#N)cc6c6cc(N(c7ccccc7)c7ccccc7)ccc65)cc4-c4ccc(N(c5ccccc5)c5ccccc5)cc4)cc3)cc2)c2ccc(CCCCCC)cc2)cc1,1,C(#Cc1ccc(N(c2ccccc2)c2ccc(-n3c4ccccc4c4cc(N(c5ccccc5)c5ccccc5)ccc43)cc2-c2ccc(N(c3ccccc3)c3ccccc3)cc2)cc1)c1ccc(N(c2ccccc2)c2ccccc2)cc1,0.0000000,0.0000,0.0000000,0.0000,0.0000000,0.0000,0.0000000,0.0000,['C#C'],22
26.8023,31.8323,-22.2385,0.0749517,Cc1ccc(N(c2ccc(C)cc2)c2ccc(-c3ccc(C=Cc4ccc(OC(F)(F)F)cc4)cc3)cc2)cc1,1,C(=Cc1ccc(-c2ccc(N(c3ccccc3)c3ccccc3)cc2)cc1)c1ccccc1,0.0695512,371.8403,0.1922557,0.1923,0.6365072,2.2588,1.0000000,1.0000,[],22
32.7548,47.9234,-47.8063,0.0009142,CCCCCCCCOc1ccc(N(c2ccc(Oc3ccc(OCc4ccc(N)cc4)cc3)cc2)c2ccc(Oc3ccc(N(c4ccccc4)c4ccccc4)cc3)cc2)cc1,1,c1ccc(COc2ccc(Oc3ccc(N(c4ccccc4)c4ccc(Oc5ccc(N(c6ccccc6)c6ccccc6)cc5)cc4)cc3)cc2)cc1,0.0007008,321.1471,0.0570500,0.0570,0.5668734,2.8381,1.0000000,1.0000,[],22
77.8988,82.6887,35.2295,0.9212355,COc1ccc2c(c1)-c1c([nH]c3ccc4ncccc4c13)C(C(=S)Nc1c(C#N)c(=O)[nH]c3ncnc(SC)c13)C2,1,O=c1cc(NC(=S)C2Cc3ccccc3-c3c2[nH]c2ccc4ncccc4c32)c2cncnc2[nH]1,0.9930298,453.8429,0.1376104,0.1376,0.4516983,3.9737,1.0000000,1.0000,[],22
60.3073,78.5218,35.6290,0.8918024,CCCCCCC1(c2ccc(N3CCCCCC3)cc2)CC(c2ccc(N(c3ccccc3)c3ccccc3)cc2)=C(c2c(C#N)c(N(c3ccccc3)c3ccc(C#N)cc3)c3ccccc3c2C#N)CC1(C)C,1,c1ccc(N(c2ccccc2)c2ccc(C3=C(c4cc(N(c5ccccc5)c5ccccc5)c5ccccc5c4)CCC(c4ccc(N5CCCCCC5)cc4)C3)cc2)cc1,0.9731423,438.9777,0.0952224,0.0952,0.4045260,4.5252,1.0000000,1.0000,[],22
41.1735,42.0952,-42.0952,0.0000000,C(c1ccccc1)=N/C=c1\c(n(nc(C#N)n1)N)=O,0,,0.0000000,0.0000,0.0000000,0.0000,0.0000000,0.0000,0.0000000,0.0000,None,22
32.1822,44.2074,-44.2074,0.0000000,O=C(O)c1ccc([N+](=O)[O-])cc1C=c1sc2nc(-c3ccc(N(c4ccccc4)c4ccccc4)cc3)nn2c1=O,1,O=c1c(=Cc2ccccc2)sc2nc(-c3ccc(N(c4ccccc4)c4ccccc4)cc3)nn12,0.0000000,0.0000,0.0000000,0.0000,0.0000000,0.0000,0.0000000,0.0000,"['C(=[O,S])[O,S]']",22
57.6625,74.8919,43.1040,0.9218430,CN(C)c1ccc(S(=O)(=O)c2cc(Nc3ccc4c(c3)-c3ccccc3C4=Nc3ccc(N(C)CCO)cc3)ccc2N2CCCCC2)cc1C(N)=O,1,O=S(=O)(c1ccccc1)c1cc(Nc2ccc3c(c2)-c2ccccc2C3=Nc2ccccc2)ccc1N1CCCCC1,0.9924980,466.9612,0.1301211,0.1301,0.5207973,3.2620,1.0000000,1.0000,[],22
40.2733,43.9643,-42.8642,0.0085945,O=C(NC1CCCCC1)n1ccc2c(Nc3ccc(Cl)c(F)c3)cc(-c3ccncc3)nc21,1,O=C(NC1CCCCC1)n1ccc2c(Nc3ccccc3)cc(-c3ccncc3)nc21,0.0069891,346.1867,0.3608720,0.3609,0.5821738,2.7049,1.0000000,1.0000,[],22
31.0618,34.3875,-30.0223,0.0341027,COc1ccc(-c2nnc(SCc3cccc(Cl)c3)n2N=Cc2cc(Br)ccc2O)cc1,1,C(=Nn1c(SCc2ccccc2)nnc1-c1ccccc1)c1ccccc1,0.0302328,362.3453,0.2262579,0.2263,0.6092535,2.4776,1.0000000,1.0000,[],22
27.2447,26.3891,-26.3891,0.0000000,COC(=O)C(C)n1c(=O)c2ccccc2c2ccccc21,1,O=c1[nH]c2ccccc2c2ccccc12,0.0000000,0.0000,0.0000000,0.0000,0.0000000,0.0000,0.0000000,0.0000,"['C(=[O,S])[O,S]']",23
26.4542,29.4288,-28.2278,0.0093828,CON=C(c1ccc(N(C)C)cc1)c1ccccc1F,1,N=C(c1ccccc1)c1ccccc1,0.0075135,346.9779,0.6299682,0.6300,0.6533415,2.1283,1.0000000,1.0000,[],23
38.9675,37.4695,-37.4695,0.0000000,CCOC(=O)C1=C(CC)NC(=O)NC1c1ccc(S(=O)(=O)NC#N)cc1,1,O=C1NC=CC(c2ccccc2)N1,0.0000000,0.0000,0.0000000,0.0000,0.0000000,0.0000,0.0000000,0.0000,"['C(=[O,S])[O,S]']",23
77.3447,93.0212,-29.9332,0.4928750,CCCCCCOc1ccc(C(C#N)=Cc2ccc3c(c2)-c2cc(-c4ccccc4)cc(C4C=C(c5ccc6c(c5)C(=O)c5cc(-c7ccc(OCCCCCC)cc7)c(OCCCCCC)cc5-6)c5c4cc4ccccc4c5OCCCCCC)c2-3)cc1,1,O=C1c2cc(C3=CC(c4cc(-c5ccccc5)cc5c4-c4ccc(C=Cc6ccccc6)cc4-5)c4cc5ccccc5cc43)ccc2-c2ccc(-c3ccccc3)cc21,0.5444297,401.9347,0.0253606,0.0254,0.3744241,4.9118,1.0000000,1.0000,[],23
44.3626,57.3449,-57.3449,0.0000000,C1CC(N(c2ccc(N=C(c3ccc(N(CCCC)CCCC)cc3)c3c3cccc1)cc2)c1ccc(-c2sc(cc2)N=C(C#N)[N+]#[C-])cc1)=O,0,,0.0000000,0.0000,0.0000000,0.0000,0.0000000,0.0000,0.0000000,0.0000,None,23
52.3073,70.6840,-31.1836,0.3085964,CCCCCCc1ccc(N(C(=O)C(C#N)=Cc2ccc3occc3c2)c2cnc3c(ccc4cc(-c5ccc(N(c6ccccc6)c6ccccc6)cc5)ccc43)c2)cc1,1,O=C(C=Cc1ccc2occc2c1)N(c1ccccc1)c1cnc2c(ccc3cc(-c4ccc(N(c5ccccc5)c5ccccc5)cc4)ccc32)c1,0.3234479,391.9876,0.0503035,0.0503,0.5028479,3.4373,1.0000000,1.0000,[],23
32.7766,46.3781,66.2445,0.8798640,CCCCCCOc1ccc(N(c2ccc(OCCCCCC)cc2)c2ccc(C=Cc3ccc4cc(OCCCCCC)ccc4c3)c3cc(N(c4ccccc4)c4ccccc4)ccc23)cc1,1,C(=Cc1ccc(N(c2ccccc2)c2ccccc2)c2ccc(N(c3ccccc3)c3ccccc3)cc12)c1ccc2ccccc2c1,0.9812060,442.9435,0.0399357,0.0399,0.5130091,3.3373,1.0000000,1.0000,[],23
51.5264,54.3937,-54.3937,0.0000000,Brc1ccc(C2=NN3CC=CC4Oc5ccc(Br)cc5C43C2c2cccs2)cc1,1,C1=CC2Oc3ccccc3C23C(c2cccs2)C(c2ccccc2)=NN3C1,0.0000000,0.0000,0.0000000,0.0000,0.0000000,0.0000,0.0000000,0.0000,['[#7;!n][#7;!n]'],23
59.0752,83.3404,-83.3404,0.0000000,C(CS(=O)(c1ccc(cc1)S(Nc1cc(-c2nc3c(cc2)ccc(-c2ccc(C)cc2)c3)c(c(N(c2ccc(C)cc2)c2ccc(cc2)C)c1)N(c1ccc(cc1)C)c1ccc(cc1)C)=O)(=O)=O)=Cc1ccc(cc1)N(c1ccccc1)c1ccccc1,0,,0.0000000,0.0000,0.0000000,0.0000,0.0000000,0.0000,0.0000000,0.0000,None,23
42.4177,52.4727,65.0209,0.9179189,Cc1ccc(N(c2ccccc2)c2ccc3cc4cc(N(c5ccc6c(c5)oc5ccccc56)c5ccc6sc7cc(N(c8ccccc8)c8ccccc8)ccc7c6c5)ccc4cc3c2)cc1,1,c1ccc(N(c2ccccc2)c2ccc3cc4cc(N(c5ccc6c(c5)oc5ccccc56)c5ccc6sc7cc(N(c8ccccc8)c8ccccc8)ccc7c6c5)ccc4cc3c2)cc1,0.9872326,447.2079,0.1347130,0.1347,0.5142506,3.3252,1.0000000,1.0000,[],23
63.3932,86.2301,-86.2301,0.0000000,CCCCCCCCc1cc2c3cc1NC(=O)Cn1cc(N4CCCCC4)cc(c1=O)Cc1ccc(cc1)N=C3c1cc(OC)ccc1N2c1ccc(C)cc1,1,O=C1Cn2cc(N3CCCCC3)cc(c2=O)Cc2ccc(cc2)N=C2c3ccccc3N(c3ccccc3)c3ccc(cc32)N1,0.0000000,0.0000,0.0000000,0.0000,0.0000000,0.0000,0.0000000,0.0000,['[*;r{8-17}]'],23
35.3591,57.6662,14.4032,0.5630421,COc1ccc(N(c2ccc(C=CC(=O)N(c3ccc(N(c4ccccc4)c4ccccc4)cc3)C34CCC(C)(CC3)C4(C)C)cc2)c2ccc(OC)cc2)cc1,1,O=C(C=Cc1ccc(N(c2ccccc2)c2ccccc2)cc1)N(c1ccc(N(c2ccccc2)c2ccccc2)cc1)C12CCC(CC1)C2,0.5945901,404.1581,0.1164722,0.1165,0.4491296,4.0022,1.0000000,1.0000,[],23
49.9039,79.7747,33.1115,0.8819237,Cc1ccc2c(=O)c(N(c3ccc(-c4ccc(N(c5ccc(F)cc5)c5ccc(-c6ccc(N(c7ccccc7)c7ccccc7)cc6)cc5)s4)cc3)c3ccc(N(c4ccccc4)c4ccccc4)cc3)c(-c3ccc4c(c3)OCO4)n(C#N)c2c1,1,O=c1c(N(c2ccc(-c3ccc(N(c4ccccc4)c4ccc(-c5ccc(N(c6ccccc6)c6ccccc6)cc5)cc4)s3)cc2)c2ccc(N(c3ccccc3)c3ccccc3)cc2)c(-c2ccc3c(c2)OCO3)[nH]c2ccccc12,0.9590544,434.2409,0.1004837,0.1005,0.4274176,4.2500,1.0000000,1.0000,[],23
40.9128,47.5514,-39.2927,0.0645213,CCCCCCC1(CCCCCC)c2cc(N(C)c3ccc(CCCCC)cc3)ccc2C(=O)C1(CCCCCC)c1ccc(N(c2ccccc2)c2ccccc2)cc1,1,O=C1c2ccc(Nc3ccccc3)cc2CC1c1ccc(N(c2ccccc2)c2ccccc2)cc1,0.0622280,370.5472,0.0549284,0.0549,0.4582899,3.9013,1.0000000,1.0000,[],23
111.4370,130.0236,-130.0236,0.0000000,c1cc(cc2c1c(C#Cc1ccc3Oc4cc(ccc4C(c4ccc(cc4)N(CCCC)CCCCCC)=C4C=C(/C(=C(/C#N)n5c6c(cccc6)c6c5cccc6)n43)N(CCCCCC)c3cc(OCCCCCC)c(c(OCCCCCC)c3)OCCCCCC)c1)c1c(cccc1)c2Cl)-c1cc(Br)sc1Br,0,,0.0000000,0.0000,0.0000000,0.0000,0.0000000,0.0000,0.0000000,0.0000,None,23
41.9771,55.1422,-9.6784,0.3551863,c1ccc(C(=Nc2ccc(-c3cc4snc(N(c5ccccc5)c5ccccc5)c4nc3-c3ccc(N(c4ccccc4)c4ccccc4)cc3)cc2)c2ccc(N(c3ccccc3)c3ccccc3)cc2)cc1,1,c1ccc(C(=Nc2ccc(-c3cc4snc(N(c5ccccc5)c5ccccc5)c4nc3-c3ccc(N(c4ccccc4)c4ccccc4)cc3)cc2)c2ccc(N(c3ccccc3)c3ccccc3)cc2)cc1,0.3668932,394.0766,0.1016480,0.1016,0.4971988,3.4938,1.0000000,1.0000,[],23
57.2656,69.4338,-69.4338,0.0000000,CCCCCCNC(=O)c1ccc(C2=CC=C(N(CCCC)CCCC)c3cc2sc3-c2ccc(-c3ccc4ccccc4c3)s2)nc1F,1,C1=Cc2cc(sc2-c2ccc(-c3ccc4ccccc4c3)s2)C(c2ccccn2)=C1,0.0000000,0.0000,0.0827341,0.0827,0.4415212,4.0876,1.0000000,1.0000,[],23
59.1852,75.7354,-75.3850,0.0027379,CCN(CC)C(=O)CNC(=O)c1ccc2c(c1)cc(C)n2-c1cc(OC)c(N(CC)CC)c(-c2ccc(N(c3ccccc3)c3ccccc3)cc2)c1N(C)C,1,c1ccc(N(c2ccccc2)c2ccc(-c3cccc(-n4ccc5ccccc54)c3)cc2)cc1,0.0021807,333.4888,0.1127881,0.1128,0.5113327,3.3537,1.0000000,1.0000,[],23
39.9946,56.8123,59.8766,0.9116317,N#CC(C#N)=Cc1ccc(-c2cc3c(=O)n(-c4ccccc4)c4nc(-c5ccc(N(c6ccccc6)c6ccccc6)cc5)c(-c5ccc(Oc6ccccc6)cc5)cc4c3s2)s1,1,O=c1c2cc(-c3cccs3)sc2c2cc(-c3ccc(Oc4ccccc4)cc3)c(-c3ccc(N(c4ccccc4)c4ccccc4)cc3)nc2n1-c1ccccc1,0.9826569,476.1681,0.1272339,0.1272,0.4954223,3.5117,1.0000000,1.0000,[],23
35.5261,43.4552,-43.1417,0.0024494,Cc1ccccc1N(c1ccccc1)c1ccc(-c2ccc(-c3ccc4oc5ccc(-c6ccc(N(c7ccccc7)c7ccccc7)cc6)cc5c4c3)cc2)cc1,1,c1ccc(N(c2ccccc2)c2ccc(-c3ccc(-c4ccc5oc6ccc(-c7ccc(N(c8ccccc8)c8ccccc8)cc7)cc6c5c4)cc3)cc2)cc1,0.0019174,332.0888,0.1467156,0.1467,0.5945946,2.5994,1.0000000,1.0000,[],23
50.6958,67.1726,-67.1726,0.0000000,C(c1oc2c(c(c(Oc3ccc(cc3)Cl)c(c2)Cl)-c2ccc(C=C(C(O)=O)C#N)cc2)c(c1)C#N)=S,0,,0.0000000,0.0000,0.0000000,0.0000,0.0000000,0.0000,0.0000000,0.0000,None,23
106.7478,139.7110,-137.1657,0.0198846,COc1ccc(N(c2ccc([N+]3=C(c4nc5cc(N6CCN(C)CC6)c(Nc6nc(-c7oc(=O)oc7C)cs6)cc5n(N5CCCCC5)c4=O)C(C)(C)c4c3ccc3sc(CC(C)=O)cc43)cc2)c2ccc(C=Cc3ccc(N(c4ccccc4)c4ccccc4)cc3)s2)cc1,1,O=c1occ(-c2csc(Nc3cc4c(cc3N3CCNCC3)nc(C3=[N+](c5ccc(N(c6ccccc6)c6ccc(C=Cc7ccc(N(c8ccccc8)c8ccccc8)cc7)s6)cc5)c5ccc6sccc6c5C3)c(=O)n4N3CCCCC3)n2)o1,0.0179098,563.4765,0.0812173,0.0812,0.3463573,5.3014,1.0000000,1.0000,[],23
25.1954,26.9216,-26.0815,0.0065632,Nc1c(-c2cc(Cl)ccc2Cl)nc2ccccn12,1,c1ccc(-c2cn3ccccc3n2)cc1,0.0051341,342.8176,0.7334064,0.7334,0.6464375,2.1814,1.0000000,1.0000,[],23
75.8553,79.1124,-59.4712,0.1534467,COc1cccc(C(O)C(C)(C(=O)c2nc3c(Cl)ccc(C)c3c3c([N+](=O)[O-])c(Cl)c(C)cc23)[P+](c2ccccc2)(c2ccccc2)c2ccccc2)c1,1,O=C(c1nc2ccccc2c2ccccc12)C(Cc1ccccc1)[P+](c1ccccc1)(c1ccccc1)c1ccccc1,0.1557681,381.6504,0.0488302,0.0488,0.4188981,4.3506,1.0000000,1.0000,[],23
38.4261,56.8382,-54.5930,0.0175407,COc1ccc(N(c2ccccc2)c2ccc(Sc3ccc(N(c4ccc(OCc5ccc(-c6ccc(N(c7ccccc7)c7ccccc7)cc6)cn5)cc4)c4ccc(N(c5ccccc5)c5ccccc5)cc4)cc3)cc2)cc1,1,c1ccc(N(c2ccccc2)c2ccc(Sc3ccc(N(c4ccc(OCc5ccc(-c6ccc(N(c7ccccc7)c7ccccc7)cc6)cn5)cc4)c4ccc(N(c5ccccc5)c5ccccc5)cc4)cc3)cc2)cc1,0.0155824,354.9864,0.0793745,0.0794,0.5043840,3.4221,1.0000000,1.0000,[],23
33.9277,35.8346,-35.8346,0.0000000,O=C1C2N=CN=C2c2ccccc2N1N=Cc1ccccc1,1,O=C1C2N=CN=C2c2ccccc2N1N=Cc1ccccc1,0.0000000,0.0000,0.0000000,0.0000,0.0000000,0.0000,0.0000000,0.0000,['[#7;!n][#7;!n]'],23
42.1772,47.0541,58.8419,0.8273124,CCCCn1c2ccccc2c(=O)c2c(N(c3ccccc3)c3ccc4sc(N(c5ccccc5)c5ccccc5)cc4c3)cccc21,1,O=c1c2ccccc2[nH]c2cccc(N(c3ccccc3)c3ccc4sc(N(c5ccccc5)c5ccccc5)cc4c3)c12,0.8811781,421.7542,0.1468496,0.1468,0.5528960,2.9629,1.0000000,1.0000,[],23
48.4804,55.4327,-55.4327,0.0000000,C([C@@H](NC(=O)NCc1ccccc1)/C=C/c1cc2c(cc1)n(n2)-c1ccc(cc1)OCC)(OCC)=O,0,,0.0000000,0.0000,0.0000000,0.0000,0.0000000,0.0000,0.0000000,0.0000,None,23
67.0233,78.0617,-78.0617,0.0000000,c1ccc2c(c1N(c1cc3c(c(c(c4c3cc(c(N(c3ccc(cc3)N(c3ccccc3)c3ccccc3)c3ccc(C)cc3)cc4)N(c3ccc(cc3)C)c3ccc(cc3)C)C)c3c1c(c(c(C)c3C)C)C)c1ccc(C)cc1)ccc(C)c2)c1ccc(C)cc1,0,,0.0000000,0.0000,0.0000000,0.0000,0.0000000,0.0000,0.0000000,0.0000,None,23
29.5410,29.6849,-29.6849,0.0000000,COC(=O)c1ccc(Oc2cc(-c3ccccc3)nc3ccccc23)cc1,1,c1ccc(Oc2cc(-c3ccccc3)nc3ccccc23)cc1,0.0000000,0.0000,0.0000000,0.0000,0.0000000,0.0000,0.0000000,0.0000,"['C(=[O,S])[O,S]']",23
64.0188,79.3799,23.6957,0.8052780,Cc1ccc(-c2c3c4c(c(F)c(F)c(F)c4c4c(F)c(F)c(F)c(F)c24)C(c2ccc(-c4c(F)c(F)c(C#N)c(F)c4F)c(C(F)(F)F)c2)=C(F)C(F)=C3C(F)(F)F)cc1,1,C1=Cc2c(-c3ccccc3)c3ccccc3c3cccc(c23)C(c2ccc(-c3ccccc3)cc2)=C1,0.8789644,421.5265,0.0752464,0.0752,0.4404790,4.0995,1.0000000,1.0000,[],23
73.2285,77.5369,31.9897,0.8556770,Cc1cccc(Nc2ccc(Nc3cc(N=Nc4ccc5c(F)cc(C(=O)Nc6cc(Cl)ccc6C)cc5c4)c(S(=O)(=O)O)c4ccc(S(=O)(=O)O)cc34)c(S(=O)(=O)O)c2)c1,1,O=C(Nc1ccccc1)c1ccc2ccc(N=Nc3cc(Nc4ccc(Nc5ccccc5)cc4)c4ccccc4c3)cc2c1,0.9456809,488.9802,0.0524778,0.0525,0.4871453,3.5960,1.0000000,1.0000,[],23
83.4297,100.6175,-100.6175,0.0000000,n1(c(=O)c2c(cn(Cc3ccc(cc3)OC)c2c2cc(c(c3c1c2-c1c(C3=O)ccc(c1)-c1ccc(cc1)OCC(C)CC)-c1ccc(cc1)NNc1ccccc1)-c1ccc(N(c2ccccc2)c2ccccc2)cc1)=O)-c1ccc(cc1)N(c1ccccc1)c1ccccc1,0,,0.0000000,0.0000,0.0000000,0.0000,0.0000000,0.0000,0.0000000,0.0000,None,23
52.3440,81.9323,34.2282,0.9075038,CC1(C)c2ccccc2N(c2ccc3cc4sc5ccccc5c4cc3c2CN2C(=O)C(N(Cc3ccccc3)c3ccccc3)=C(N(c3ccc(N(c4ccccc4)c4ccccc4)cc3)c3ccc(N(c4ccccc4)c4ccccc4)cc3)C2=O)c2ccccc21,1,O=C1C(N(Cc2ccccc2)c2ccccc2)=C(N(c2ccc(N(c3ccccc3)c3ccccc3)cc2)c2ccc(N(c3ccccc3)c3ccccc3)cc2)C(=O)N1Cc1c(N2c3ccccc3Cc3ccccc32)ccc2cc3sc4ccccc4c3cc12,0.9926736,453.2978,0.0893683,0.0894,0.4143243,4.4055,1.0000000,1.0000,[],23
35.3804,41.9562,-41.8466,0.0008564,CCn1c2c(c3ccccc31)C(c1cccs1)N(c1c(Cl)cccc1Cl)C2=O,1,O=C1c2[nH]c3ccccc3c2C(c2cccs2)N1c1ccccc1,0.0006181,319.7829,0.3538709,0.3539,0.5455496,3.0298,1.0000000,1.0000,[],23
65.0896,82.8766,-82.8766,0.0000000,CC1(C)c2cc(N(c3ccccc3)c3ccccc3)ccc2N(c2ccc(Br)cc2)c2ccc(N(c3ccccc3)c3ccc4cc(C(=C5CC(=O)N(N=Cc6ccc(Br)s6)C5=O)c5ccc(N(c6ccccc6)c6ccccc6)cc5)ccc4c3)cc21,1,O=C1CC(=C(c2ccc(N(c3ccccc3)c3ccccc3)cc2)c2ccc3cc(N(c4ccccc4)c4ccc5c(c4)Cc4cc(N(c6ccccc6)c6ccccc6)ccc4N5c4ccccc4)ccc3c2)C(=O)N1N=Cc1cccs1,0.0000000,0.0000,0.0000000,0.0000,0.0000000,0.0000,0.0000000,0.0000,['[#7;!n][#7;!n]'],23
32.8055,46.8985,24.3200,0.5563950,COc1ccc(N(c2ccccc2)c2ccc(N(c3ccc(N(c4ccc(OC)cc4)c4ccc(OC)cc4)cc3)c3cccc4ccc(N(c5ccc(OC)cc5)c5ccc(OC)cc5)cc34)cc2)cc1,1,c1ccc(N(c2ccccc2)c2ccc(N(c3ccc(N(c4ccccc4)c4ccccc4)cc3)c3cccc4ccc(N(c5ccccc5)c5ccccc5)cc34)cc2)cc1,0.5897427,403.9402,0.0888140,0.0888,0.5494999,2.9937,1.0000000,1.0000,[],23
44.6021,57.4997,-40.4751,0.1330047,Cc1ccc(N(c2ccccc2)c2ccc(-c3c(-c4ccccc4)nc4cccc(-c5cccc(-c6c7ccccc7c(-c7ccc(N(c8ccccc8)c8ccccc8)cc7)c7c6sc6ccccc67)c5)n34)cc2)cc1,1,c1ccc(-c2nc3cccc(-c4cccc(-c5c6ccccc6c(-c6ccc(N(c7ccccc7)c7ccccc7)cc6)c6c5sc5ccccc56)c4)n3c2-c2ccc(N(c3ccccc3)c3ccccc3)cc2)cc1,0.1295745,379.3197,0.1290125,0.1290,0.4816422,3.6528,1.0000000,1.0000,[],23
44.8638,49.4778,43.1351,0.7235387,Cc1ccc(Sc2cc3c4cc(Cl)c(=O)oc4c4cc(C)ccc4c3c3ccccc23)cc1,1,O=c1ccc2c3cc(Sc4ccccc4)c4ccccc4c3c3ccccc3c2o1,0.7580920,412.4018,0.1886851,0.1887,0.5925007,2.6170,1.0000000,1.0000,[],23
34.5594,58.5366,54.7493,0.8850461,CCCCCCCCOc1ccc(N(c2ccc(OCCCCCC)cc2)c2ccc(N=Nc3ccc(N(c4ccc(C)cc4)c4ccc(N(c5ccccc5)c5ccccc5)cc4)cc3)cc2O)cc1,1,c1ccc(N(c2ccccc2)c2ccc(N=Nc3ccc(N(c4ccccc4)c4ccc(N(c5ccccc5)c5ccccc5)cc4)cc3)cc2)cc1,0.9834940,475.6218,0.0454558,0.0455,0.5072889,3.3934,1.0000000,1.0000,[],23
39.6748,50.6117,-50.6117,0.0000000,O=C(C=Cc1sc2cc3c(cc(=[N+](CC)CC)cc-3c(c2)C#N)c1)N(CCCC)CCCC,0,,0.0000000,0.0000,0.0000000,0.0000,0.0000000,0.0000,0.0000000,0.0000,None,23
33.1172,50.9982,41.7618,0.7246879,CCCCN(CCCC)c1ccc(C(=Nc2ccc(N(CCC)CCC)cc2)c2cccc(C(=O)Nc3ccc(N(c4ccccc4)c4ccccc4)cc3)c2)cc1,1,O=C(Nc1ccc(N(c2ccccc2)c2ccccc2)cc1)c1cccc(C(=Nc2ccccc2)c2ccccc2)c1,0.7822656,413.8857,0.0785835,0.0786,0.5373123,3.1059,1.0000000,1.0000,[],23
55.7927,58.7740,-55.2144,0.0278097,NC(CO)C(=O)N(CCCl)CC(=O)C=Cc1cc2c(c(F)c1F)OCO2,1,c1ccc2c(c1)OCO2,0.0239089,359.7267,0.4992675,0.4993,0.4794008,3.6761,1.0000000,1.0000,[],23
42.1827,45.5828,-45.5828,0.0000000,c1c2c3c4c(ccc5c4c(c4ccc(C#C)cc45)c3ccc2ccc1[N+]#[C-])N(C)C,0,,0.0000000,0.0000,0.0000000,0.0000,0.0000000,0.0000,0.0000000,0.0000,None,23
29.8096,34.9743,-34.9743,0.0000000,c1c(c(F)cc2c(=O)c3cc(c(F)c(c3c(c(c21)F)F)=O)F)F,0,,0.0000000,0.0000,0.0000000,0.0000,0.0000000,0.0000,0.0000000,0.0000,None,23
62.7723,65.9862,-65.9862,0.0000000,C=CCOc1ccccc1C1c2sc(=O)n(CC(=O)O)c2Sc2c(C#N)c(C(=O)c3cc(Br)ccc3OC)[nH]c(=O)c21,1,O=C(c1ccccc1)c1cc2c(c(=O)[nH]1)C(c1ccccc1)c1sc(=O)[nH]c1S2,0.0000000,0.0000,0.0000000,0.0000,0.0000000,0.0000,0.0000000,0.0000,"['C(=[O,S])[O,S]']",23
51.7948,47.7940,-47.7417,0.0004082,COc1cc2c(cc1C#N)C1CC2(n2ccc(=O)[nH]c2=O)N1,1,O=c1ccn(C23CC(N2)c2ccccc23)c(=O)[nH]1,0.0002779,311.0986,0.8223713,0.8224,0.3889397,4.7217,1.0000000,1.0000,[],23
71.1790,94.9791,-94.9791,0.0000000,CCCCc1ccc(N(c2ccc(N)cc2)c2ccc3ccc4c5ccccc5c(C=C5C(C#N)=NN(c6ccc(S(=O)(=O)N(c7ccc(OCC)cc7)C(C)C)cc6)C5(F)F)c5ccc2c3c54)cc1,1,O=S(=O)(Nc1ccccc1)c1ccc(N2CC(=Cc3c4ccccc4c4ccc5ccc(N(c6ccccc6)c6ccccc6)c6ccc3c4c56)C=N2)cc1,0.0000000,0.0000,0.0000000,0.0000,0.0000000,0.0000,0.0000000,0.0000,['[#7;!n][#7;!n]'],23
46.6423,59.0126,-26.7838,0.2517871,Cc1c(-c2c(-c3ccc(N(c4ccccc4)c4ccccc4)cc3)ns[n+]2C)[nH]c2cc3c4ccccc4n(C)c3cc12,1,c1ccc(N(c2ccccc2)c2ccc(-c3ns[nH+]c3-c3cc4cc5[nH]c6ccccc6c5cc4[nH]3)cc2)cc1,0.2493822,388.0362,0.2075651,0.2076,0.5306858,3.1679,1.0000000,1.0000,[],23
57.3970,74.0251,-73.6601,0.0028515,CC(=O)N(c1ccc(N(c2ccccc2)c2ccccc2)c(Cl)c1)c1cc(Cl)c(NC(=O)c2cn(C)nc2N(C)C)c(C)c1Cl,1,O=C(Nc1ccc(Nc2ccc(N(c3ccccc3)c3ccccc3)cc2)cc1)c1cn[nH]c1,0.0022419,333.7898,0.1795579,0.1796,0.5224028,3.2466,1.0000000,1.0000,[],23
24.8201,28.8463,-28.8463,0.0000000,CC(C)n1c(O)c(C=NNc2ccccc2)c2ccccc2c1=O,1,O=c1[nH]cc(C=NNc2ccccc2)c2ccccc12,0.0000000,0.0000,0.0000000,0.0000,0.0000000,0.0000,0.0000000,0.0000,['[#7;!n][#7;!n]'],23
26.0084,27.8031,-27.6975,0.0008249,Cc1cc(C)c(C(=O)C#N)c([N+](=O)[O-])c1,1,c1ccccc1,0.0005950,319.3702,0.3185445,0.3185,0.5948507,2.5972,1.0000000,1.0000,[],23
61.3995,83.0231,-83.0231,0.0000000,CCCCCCCCN(CCCCCC)c1ccc(NNc2ccc(N3CCCCCC3)c(C(=O)c3ccc4c(c3)N(c3ccc(OC)cc3)C(=O)CC(c3cccs3)C4)c2)cc1,1,O=C(c1ccc2c(c1)N(c1ccccc1)C(=O)CC(c1cccs1)C2)c1cc(NNc2ccccc2)ccc1N1CCCCCC1,0.0000000,0.0000,0.0000000,0.0000,0.0000000,0.0000,0.0000000,0.0000,['[#7;!n][#7;!n]'],23
66.2654,84.5895,10.8119,0.7453228,N#Cc1[nH]n2c(N(c3ccccc3)c3ccccc3)c(C#N)c(SCc3ccc(C=Cc4ccc(N(c5ccccc5)c5ccc(C=O)cc5)c5c4cc(N(c4ccccc4)c4ccccc4)c4ccccc45)cc3)c2c1C#N,1,C(=Cc1ccc(N(c2ccccc2)c2ccccc2)c2c1cc(N(c1ccccc1)c1ccccc1)c1ccccc12)c1ccc(CSc2cc(N(c3ccccc3)c3ccccc3)n3[nH]ccc23)cc1,0.8231687,416.6982,0.0466770,0.0467,0.4244699,4.2846,1.0000000,1.0000,[],23
55.8176,69.8189,-11.9736,0.4519168,CCCCC1(CCCC)c2ccccc2Sc2cc3c(=S)c4cc(N5CCCCCC5)ccc4n(-c4ccc(N(c5ccccc5)c5ccc(C)cc5)cc4)c3cc21,1,S=c1c2cc(N3CCCCCC3)ccc2n(-c2ccc(N(c3ccccc3)c3ccccc3)cc2)c2cc3c(cc12)Sc1ccccc1C3,0.4737196,521.1424,0.0953387,0.0953,0.4974615,3.4912,1.0000000,1.0000,[],23
18.6657,28.1960,-11.0097,0.1342680,Cc1ccc(N(c2ccc(C)cc2)c2ccc(C(=O)c3ccc(N(c4ccc(C)cc4)c4ccc(C)cc4)cc3)cc2)cc1,1,O=C(c1ccc(N(c2ccccc2)c2ccccc2)cc1)c1ccc(N(c2ccccc2)c2ccccc2)cc1,0.1288162,379.2465,0.1695111,0.1695,0.6780087,1.9430,1.0000000,1.0000,[],23
66.6361,84.0227,-72.6477,0.0888673,O=C(NCc1ccc2c(O)c3cc4cc(Cl)cc(Cl)c4c(Cl)c3c(F)c2c1)c1cc(N(c2ccccc2)c2ccccc2)cc(N(c2ccccc2)c2ccc(N(c3ccccc3)c3ccccc3)cc2)c1,1,O=C(NCc1ccc2cc3cc4ccccc4cc3cc2c1)c1cc(N(c2ccccc2)c2ccccc2)cc(N(c2ccccc2)c2ccc(N(c3ccccc3)c3ccccc3)cc2)c1,0.0849777,545.8032,0.1194710,0.1195,0.4777596,3.6932,1.0000000,1.0000,[],23
45.4255,52.6479,10.9864,0.4971431,COc1cccc2c(-c3ccccc3)c3cc(-c4ccccc4)sc3c(C(=O)C=Cc3cccc(N)c3)c12,1,O=C(C=Cc1ccccc1)c1c2ccccc2c(-c2ccccc2)c2cc(-c3ccccc3)sc12,0.5158116,400.6869,0.1379871,0.1380,0.5901804,2.6366,1.0000000,1.0000,[],23
43.8803,56.7897,-56.1737,0.0048123,CCCCCCCCCCN(CCCCCCCC)c1ccc(C2Nc3c(Cl)cccc3N(Cc3ccc(Cl)cc3)C2=O)c(OC)c1,1,O=C1C(c2ccccc2)Nc2ccccc2N1Cc1ccccc1,0.0039481,339.9525,0.1137745,0.1138,0.5076412,3.3899,1.0000000,1.0000,[],23
43.0091,52.7200,-18.7834,0.2651300,COc1ccc(C2(c3ccccc3)C(=O)C(c3ccccc3)(c3ccc(N(c4ccccc4)c4ccccc4)cc3)c3c(ccc4ccccc34)N2c2ccccc2)cc1,1,O=C1C(c2ccccc2)(c2ccc(N(c3ccccc3)c3ccccc3)cc2)c2c(ccc3ccccc23)N(c2ccccc2)C1(c1ccccc1)c1ccccc1,0.2669798,389.0341,0.1462058,0.1462,0.4653432,3.8249,1.0000000,1.0000,[],23
57.1118,75.1620,36.9713,0.8760421,COc1ccc(C(=Cc2ccc(O)c(OC)c2)c2cc3c(N(c4ccc(OC)cc4)c4ccc(OC)cc4)c4c(cc3cc2OC)C(=O)C2(C=Cc3c(ccc5ccccc35)O2)O4)cc1,1,O=C1c2cc3ccc(C(=Cc4ccccc4)c4ccccc4)cc3c(N(c3ccccc3)c3ccccc3)c2OC12C=Cc1c(ccc3ccccc13)O2,0.9468786,488.7244,0.1263868,0.1264,0.3978480,4.6084,1.0000000,1.0000,[],23
80.7875,113.0417,-98.3487,0.1147890,CCCCCCOc1ccc(C(=C(c2ccccc2)c2ccc(C)cc2)c2cc(Cl)ccc2N(c2ccc(Cl)c(Cl)c2)c2cc(N(c3ccc(C)cc3)c3ccc(CCCCCC)cc3)c(C=C3C(=O)N(C)C(=O)N(CCCCCC)C3=O)c3c2N(CCCCCC)c2cc(C)ccc2N3CCCCCC)cc1,1,O=C1NC(=O)C(=Cc2c(N(c3ccccc3)c3ccccc3)cc(N(c3ccccc3)c3ccccc3C(=C(c3ccccc3)c3ccccc3)c3ccccc3)c3c2Nc2ccccc2N3)C(=O)N1,0.1191941,541.7156,0.0164915,0.0165,0.3523919,5.2151,1.0000000,1.0000,[],23
82.3538,95.3092,7.9634,0.8068175,CCCCCCCCCCCCC1(CCCCCCCCCCCC)c2ccccc2-c2sc3ccc(C=Cc4ccc(N=Cc5ccc6c(O)c(C7=Nc8c(cccc8-c8c9ccccc9cc9ccccc89)Oc8c7ccc7ccccc87)ccc6c5)cc4)cc3c21,1,C(=Cc1ccc2sc3c(c2c1)Cc1ccccc1-3)c1ccc(N=Cc2ccc3cc(C4=Nc5c(cccc5-c5c6ccccc6cc6ccccc56)Oc5c4ccc4ccccc54)ccc3c2)cc1,0.9171780,426.1077,0.0229941,0.0230,0.3800086,4.8378,1.0000000,1.0000,[],23
45.5053,42.7898,-42.7880,0.0000141,OCC1OC(O)C(O)C(OC2OC(F)C(O)C(O)C2O)C1O,1,C1CCC(OC2CCOCC2)OC1,0.0000083,273.0198,0.2677317,0.2677,0.3953016,4.6405,1.0000000,1.0000,[],23
38.9452,60.8892,-60.8892,0.0000000,n1cc(sc1-c1c2ccccc2c(=O)n2cc(cc12)N)-c1ccc(N(c2ccc(cc2)C)c2ccc(cc2)C)cc1,0,,0.0000000,0.0000,0.0000000,0.0000,0.0000000,0.0000,0.0000000,0.0000,None,24
39.4576,52.0170,54.3640,0.8311020,CCCCC=CCCCCCC(=O)Cc1ccc2c(c1)c(=O)c1cc(N(c3ccccc3)c3ccccc3)ccc1n2CCCCCCCC,1,O=c1c2ccccc2[nH]c2ccc(N(c3ccccc3)c3ccccc3)cc12,0.9195274,426.4479,0.0443848,0.0444,0.5527694,2.9641,1.0000000,1.0000,[],24
22.6224,23.3607,-23.3503,0.0000811,O=S(=O)(Nc1ncccn1)c1ccccc1,1,O=S(=O)(Nc1ncccn1)c1ccccc1,0.0000500,292.4768,0.8693456,0.8693,0.7040705,1.7544,1.0000000,1.0000,[],24
58.1091,87.7829,6.9967,0.7404653,CCCCCCC(CCCCCC)(N=Cc1cc2c(=O)c(=C(c3ccc(C)cc3)c3ccc(N(c4ccccc4)c4ccccc4)cc3)c3c(N(c4ccc(C)cc4)c4ccc(C)cc4)c4cc(N(c5ccc(C)cc5)c5ccc(C)cc5)ccc4c(c1)c23)C(C)CC,1,O=c1c(=C(c2ccccc2)c2ccc(N(c3ccccc3)c3ccccc3)cc2)c2c(N(c3ccccc3)c3ccccc3)c3cc(N(c4ccccc4)c4ccccc4)ccc3c3cccc1c23,0.8294086,502.8297,0.0324757,0.0325,0.3684616,4.9921,1.0000000,1.0000,[],24
56.4457,60.8409,-60.8409,0.0000000,CCC(C)c1ccc2cc3c4c(c2c1)CCC[N+]4=CC=CN(C(=O)c1ccccn1)C3,1,O=C(c1ccccn1)N1C=CC=[N+]2CCCc3c2c(cc2ccccc32)C1,0.0000000,0.0000,0.0000000,0.0000,0.0000000,0.0000,0.0000000,0.0000,['[*;r{8-17}]'],24
62.5026,74.9351,-74.9351,0.0000000,Cc1ccc(C(c2ccc(C)cc2)=c2c(-c3ccc(C)cc3C)c(-c3ccc(C)cc3)c3c4c2c(c2ccccc23)C(c2c(C)n(-c3ccc(C)cc3)c3cc(-c5ccc(C)cc5)c(-c5ccc(C)cc5)cc23)=N4)cc1,1,c1ccc(C(c2ccccc2)=c2c(-c3ccccc3)c(-c3ccccc3)c3c4c2c(c2ccccc23)C(c2cn(-c3ccccc3)c3cc(-c5ccccc5)c(-c5ccccc5)cc23)=N4)cc1,0.0000000,0.0000,0.1443696,0.1444,0.3814586,4.8188,1.0000000,1.0000,[],24
35.8538,40.2793,-37.5376,0.0214200,N#Cc1ccc(N(c2ccccc2)c2ccc3c4ccccc4n(-c4c(F)c(F)c(N(c5ccccc5)c5ccccc5)c(F)c4F)c3c2)cc1,1,c1ccc(N(c2ccccc2)c2ccc(-n3c4ccccc4c4ccc(N(c5ccccc5)c5ccccc5)cc43)cc2)cc1,0.0189222,357.1317,0.1246685,0.1247,0.5510661,2.9795,1.0000000,1.0000,[],24
24.3883,23.5541,-23.5541,0.0000000,C#CC(=O)CNC=O,1,,0.0000000,0.0000,0.0000000,0.0000,0.0000000,0.0000,0.0000000,0.0000,['C#C'],24
52.8392,62.2679,-62.2679,0.0000000,CCCCCCCCOc1cccc(N2c3ccccc3N(c3ccc(CCCCCC)cc3)c3ccc(cc3)-c3cc(-c4ccc(N(c5ccccc5)c5ccccc5)cc4)sc32)c1C,1,c1ccc(N(c2ccccc2)c2ccc(-c3cc4c(s3)N(c3ccccc3)c3ccccc3N(c3ccccc3)c3ccc-4cc3)cc2)cc1,0.0000000,0.0000,0.0000000,0.0000,0.0000000,0.0000,0.0000000,0.0000,['[*;r{8-17}]'],24
68.3728,83.4365,-83.4365,0.0000000,CCOC(=O)N(C(=O)c1sc2cc(N(c3ccccc3)c3ccccc3)ccc2c1S(=O)(=O)c1cc2cc(OC(C)=O)ccc2cc1N(c1ccc(C)cc1)c1ccc(-c2ccccc2)cc1)c1ccccc1,1,O=C(Nc1ccccc1)c1sc2cc(N(c3ccccc3)c3ccccc3)ccc2c1S(=O)(=O)c1cc2ccccc2cc1N(c1ccccc1)c1ccc(-c2ccccc2)cc1,0.0000000,0.0000,0.0000000,0.0000,0.0000000,0.0000,0.0000000,0.0000,"['C(=[O,S])[O,S]']",24
31.1242,28.2143,-27.7860,0.0033461,Cn1c(=O)cc(O)c2cc(F)c(F)cc21,1,O=c1ccc2ccccc2[nH]1,0.0025295,335.1035,0.7174287,0.7174,0.6295181,2.3140,1.0000000,1.0000,[],24
31.6703,44.8294,-33.8522,0.0857596,N#Cc1ccc(N2c3ccc(-c4ccc5cc(N(c6ccccc6)c6ccccc6)sc5c4)cc3Sc3cc(N(c4ccccc4)c4ccccc4)ccc32)cc1,1,c1ccc(N(c2ccccc2)c2ccc3c(c2)Sc2cc(-c4ccc5cc(N(c6ccccc6)c6ccccc6)sc5c4)ccc2N3c2ccccc2)cc1,0.0810400,373.6351,0.1538159,0.1538,0.5253019,3.2189,1.0000000,1.0000,[],24
61.9204,75.1156,42.6003,0.9196560,N#Cc1ccc(N(c2ccccc2)c2ccc(-c3nc4ccc(-c5c6c(oc(=O)c7ccccc76)c(-c6ccc(N(c7ccccc7)c7ccccc7)cc6)c6nc7ccccc7n56)c(C#N)c4cc3C#N)cc2)cc1,1,O=c1oc2c(-c3ccc(N(c4ccccc4)c4ccccc4)cc3)c3nc4ccccc4n3c(-c3ccc4nc(-c5ccc(N(c6ccccc6)c6ccccc6)cc5)ccc4c3)c2c2ccccc12,0.9933593,454.3723,0.1293728,0.1294,0.4476643,4.0186,1.0000000,1.0000,[],24
42.3887,53.8096,52.8528,0.8332997,Cc1ccc(N(c2ccccc2)c2ccc(-c3nc(-c4ccc(Cl)cc4)nc4c(C)cc(-c5ccc(-c6ccc(-c7ccc(C(F)(F)F)cc7)s6)s5)cc34)cc2)cc1,1,c1ccc(-c2nc(-c3ccc(N(c4ccccc4)c4ccccc4)cc3)c3cc(-c4ccc(-c5ccc(-c6ccccc6)s5)s4)ccc3n2)cc1,0.8877091,422.4482,0.1528985,0.1529,0.5255328,3.2167,1.0000000,1.0000,[],24
35.9977,37.4333,18.6554,0.4381927,Cc1cc2ccc(C(O)=C3C(=O)C(=O)N(Cc4cccnc4)C3c3ccncc3)cc2cc1C,1,O=C1C(=O)N(Cc2cccnc2)C(c2ccncc2)C1=Cc1ccc2ccccc2c1,0.4424907,397.4913,0.2730652,0.2731,0.5602874,2.8965,1.0000000,1.0000,[],24
67.6499,84.0284,-47.4926,0.2854359,CCCCCCCCN(C)c1ccc(N=Cc2cc(-c3ccc(Br)cc3)cc(N3C(C(=O)Nc4ccccc4C=O)C3c3cccc(C#N)c3)c2)cc1,1,O=C(Nc1ccccc1)C1C(c2ccccc2)N1c1cc(C=Nc2ccccc2)cc(-c2ccccc2)c1,0.2993603,390.7675,0.0467520,0.0468,0.4482336,4.0122,1.0000000,1.0000,[],24
43.1609,60.2042,-53.1306,0.0552620,CCCCn1c(-c2ccc(N(c3ccccc3)c3ccccc3)c(N(c3ccccc3)c3ccccc3)c2)cc2cc(-c3ccc(-c4ccc(N(c5ccc(C)cc5)c5ccc6ccccc6c5)cc4)s3)ccc21,1,c1ccc(N(c2ccc(-c3ccc(-c4ccc5[nH]c(-c6ccc(N(c7ccccc7)c7ccccc7)c(N(c7ccccc7)c7ccccc7)c6)cc5c4)s3)cc2)c2ccc3ccccc3c2)cc1,0.0517767,368.4306,0.1017329,0.1017,0.4883760,3.5833,1.0000000,1.0000,[],24
47.3989,70.6850,-70.6850,0.0000000,c1(cc2c(C(c3c(O)cc(cc3)N(c3ccccc3)c3ccccc3)=c3c(cc(N(c4ccccc4)c4ccccc4)cc3)=O)c3c(ccc(c3)N(c3ccccc3)c3ccccc3)c2nc1)/C=C/c1ccc(N(c2ccccc2)c2ccccc2)cc1,0,,0.0000000,0.0000,0.0000000,0.0000,0.0000000,0.0000,0.0000000,0.0000,None,24
83.4631,115.1741,-115.1741,0.0000000,C(CCC)CC/C=C\c1c(N(c2ccc(cc2)C=Cc2ccc(N(c3ccccc3)c3ccccc3)cc2)c2cc(c(cc2)C#N)C#N)cc2C(CCCCCCCC)(c3c(C(Oc4cc(N(c5ccccc5)c5ccccc5)cc4)ccc3Oc2c1)c1c(cc(N(c2ccccc2)c2ccccc2)cc1)-c1ccc(N(c2ccccc2)c2ccc(cc2)CCCCCC)cc1)C#N,0,,0.0000000,0.0000,0.0000000,0.0000,0.0000000,0.0000,0.0000000,0.0000,None,24
39.5841,47.2335,73.3001,0.9416689,CCN(CC)c1ccc2c(c1)Oc1ccc3ccccc3c1OC2c1ccc2c(c1)C(=O)c1ccccc1C2=O,1,O=C1c2ccccc2C(=O)c2cc(C3Oc4c(ccc5ccccc45)Oc4ccccc43)ccc21,0.9960138,460.0573,0.2356789,0.2357,0.5233901,3.2371,1.0000000,1.0000,[],24
49.8214,78.9695,-78.9695,0.0000000,COc1ccc(N(c2ccccc2)c2ccc(-c3ccc(N(c4ccc(NS(=O)(=O)c5cc(C(=O)Nc6sc(C#N)cc6C(=O)O)ccc5Cl)cc4)c4ccc(N(c5ccccc5)c5ccc(O)cc5)cc4)cc3)cc2)cc1,1,O=C(Nc1cccs1)c1cccc(S(=O)(=O)Nc2ccc(N(c3ccc(-c4ccc(N(c5ccccc5)c5ccccc5)cc4)cc3)c3ccc(N(c4ccccc4)c4ccccc4)cc3)cc2)c1,0.0000000,0.0000,0.0000000,0.0000,0.0000000,0.0000,0.0000000,0.0000,"['C(=[O,S])[O,S]']",24
59.6036,76.4457,-76.4457,0.0000000,c1cc2c(n(c3cc(ccc32)-n2c3c(c4C(c5c(cccc5)-c4c2)=C(c2ccccc2)/C=C2\c4c(cccc4)C(=C2C#N)C#N)CCC3)CCCCCC)cc1,0,,0.0000000,0.0000,0.0000000,0.0000,0.0000000,0.0000,0.0000000,0.0000,None,24
51.8020,58.4724,52.1488,0.8642277,CCCCCCCCCCc1c(-c2ccccc2)cc2cc3ccc(O)c(OCCCCCC)c3nc2c1-c1ccc(-c2ccccc2)s1,1,c1ccc(-c2cc(-c3ccc(-c4ccccc4)s3)c3nc4ccccc4cc3c2)cc1,0.9435035,430.5681,0.0731376,0.0731,0.5431020,3.0523,1.0000000,1.0000,[],24
57.0652,70.6725,-61.8904,0.0686101,COc1ccc(N(c2ccccc2)c2ccc3c(c2)N(c2ccc(N4CCOCC4)cc2C=c2c(=N)c(=Cc4ccc(N5CCCc6ccccc65)s4)c2=O)CC3)cc1,1,N=c1c(=Cc2ccc(N3CCCc4ccccc43)s2)c(=O)c1=Cc1cc(N2CCOCC2)ccc1N1CCc2ccc(N(c3ccccc3)c3ccccc3)cc21,0.0641602,549.0984,0.1580595,0.1581,0.4742828,3.7298,1.0000000,1.0000,[],24
27.8759,36.8052,81.0489,0.9207354,Cc1ccc(N(c2ccc(C)cc2)c2ccc3c(c2)C(=Cc2ccc(N(C)C)cc2)c2cc(N(c4ccccc4)c4ccccc4)ccc2-3)cc1,1,C(=C1c2cc(N(c3ccccc3)c3ccccc3)ccc2-c2ccc(N(c3ccccc3)c3ccccc3)cc21)c1ccccc1,0.9821617,443.5207,0.1607095,0.1607,0.5874735,2.6596,1.0000000,1.0000,[],24
67.9235,80.4020,-80.4020,0.0000000,c1ccc2c(-c3c(N(c4ccc(C(C)(C)C)cc4)c4ccc(cc4)C(C)(C)C)cc4c(N(c5c(cc(c(C(C)(C)C)c5)[N+]#[C-])C(c5ccccc6)(c6ccccc6)c6ccccc6)c4c3)c3ccc(cc3)C(C)(C)C)ccc(N(c3ccc(C#N)cc3)c3ccccc3)c2c1,0,,0.0000000,0.0000,0.0000000,0.0000,0.0000000,0.0000,0.0000000,0.0000,None,24
53.1446,69.5325,38.3990,0.8432149,CN(C)c1ccc(C=CC(=O)C(CC(=NCc2ccc3c(c2)OCO3)c2ccc(N(C)C)cc2)C(=O)c2ccc(N(c3ccccc3)c3ccccc3)c3ccccc23)cc1,1,O=C(C=Cc1ccccc1)C(CC(=NCc1ccc2c(c1)OCO2)c1ccccc1)C(=O)c1ccc(N(c2ccccc2)c2ccccc2)c2ccccc12,0.9375681,429.4149,0.0442082,0.0442,0.4555376,3.9314,1.0000000,1.0000,[],24
57.3569,65.9244,18.7493,0.6615131,CCCCCCCCCCCC1c2ccc(C=O)cc2-c2cc3cc4ccccc4cc3c(N=Nc3ccccc3)c2N1CCCCCCCC,1,c1ccc(N=Nc2c3c(cc4cc5ccccc5cc24)-c2ccccc2CN3)cc1,0.7305875,509.1686,0.0355599,0.0356,0.4742964,3.7296,1.0000000,1.0000,[],24
26.1701,27.7170,-27.7142,0.0000219,N#CC(c1ccoc1)c1c[nH]c2ccccc12,1,c1ccc2c(Cc3ccoc3)c[nH]c2c1,0.0000127,277.6165,0.7218419,0.7218,0.5390067,3.0901,1.0000000,1.0000,[],24
66.6713,88.5046,-88.5046,0.0000000,c1cc2ccc3c4c(c(C=Cc5ccc(cc5)N(c5ccc(cc5)C(C)C)c5ccc(cc5)CCCCCC)ccc4C(CCCCCC)(c4cc(C(F)(F)F)cc3c4)C(c3ccc(cc3)N(c3ccccc3)c3ccccc3)c3ccc(N(c4ccccc4)c4ccccc4)cc3)c2cc1,0,,0.0000000,0.0000,0.0000000,0.0000,0.0000000,0.0000,0.0000000,0.0000,None,24
56.8517,76.8313,-76.8313,0.0000000,CC1CC(CC(C1)C)n1c2c(c(ccc2)C)c2cc(-c3ccc(N(c4ccccc4)c4ccccc4)cc3)c3c(-c4ccc(N(c5ccc(cc5)C)c5ccc(cc5)C)c(c4C#N)C#N)ccc1c23,0,,0.0000000,0.0000,0.0000000,0.0000,0.0000000,0.0000,0.0000000,0.0000,None,24
47.0569,63.7079,-63.7079,0.0000000,c1(n2nc(sc2c(-c2sc(cc2)-c2ccc(N(c3ccccc3)c3ccccc3)cc2)c2cc(ccc21)-c1ccc(cc1)N(c1ccccc1)c1ccccc1)=O)-c1sc(c(C)c1)C,0,,0.0000000,0.0000,0.0000000,0.0000,0.0000000,0.0000,0.0000000,0.0000,None,24
68.2417,90.0448,25.7586,0.9047144,COc1ccc(N(c2ccc(OC)cc2)c2ccc3c(c2)C(=O)C(N2CCC4(CC2)CN(C)c2ccccc24)C3=Cc2cc3nc(-c4ccc5c(c4)c4cc(N(c6ccccc6)c6ccccc6)ccc4n5-c4ccc(N(c5ccccc5)c5ccccc5)cc4)sc3s2)cc1,1,O=C1c2cc(N(c3ccccc3)c3ccccc3)ccc2C(=Cc2cc3nc(-c4ccc5c(c4)c4cc(N(c6ccccc6)c6ccccc6)ccc4n5-c4ccc(N(c5ccccc5)c5ccccc5)cc4)sc3s2)C1N1CCC2(CC1)CNc1ccccc12,0.9912695,468.6212,0.0998191,0.0998,0.3218449,5.6684,1.0000000,1.0000,[],24
28.4489,26.9429,-26.9429,0.0000000,Nc1cc(Br)cc2c1C(=O)N(N)C2=O,1,O=C1NC(=O)c2ccccc21,0.0000000,0.0000,0.0000000,0.0000,0.0000000,0.0000,0.0000000,0.0000,['[#7;!n][#7;!n]'],24
33.2614,37.0478,15.5571,0.4109758,Oc1c2c3c(cccc3c3ccccc13)C=C2COc1ccccc1,1,C1=C(COc2ccccc2)c2cc3ccccc3c3cccc1c23,0.4050021,395.8235,0.4947555,0.4948,0.6237398,2.3601,1.0000000,1.0000,[],24
53.0334,68.4563,-68.4563,0.0000000,Cc1ccc(N(c2ccccc2)c2ccc3c(c2)c2c4n(c5ccc(-c6ccc(C(=O)N7CCCC7c7ccc(N(c8ccccc8)c8ccccc8)cc7)cc6)cc5n34)-c3ccc(cc3)C2=O)cc1,1,O=C1c2ccc(cc2)-n2c3ccc(-c4ccc(C(=O)N5CCCC5c5ccc(N(c6ccccc6)c6ccccc6)cc5)cc4)cc3n3c4ccc(N(c5ccccc5)c5ccccc5)cc4c1c23,0.0000000,0.0000,0.0000000,0.0000,0.0000000,0.0000,0.0000000,0.0000,['[*;r{8-17}]'],24
34.7724,45.5460,71.2205,0.9122384,c1ccc(N(c2ccccc2)c2ccc(B3c4cc(N(c5ccccc5)c5ccccc5)ccc4Oc4cc(-c5ccc(N6CCCCC6)cc5)c5ccccc5c43)cc2)cc1,1,c1ccc(N(c2ccccc2)c2ccc(B3c4cc(N(c5ccccc5)c5ccccc5)ccc4Oc4cc(-c5ccc(N6CCCCC6)cc5)c5ccccc5c43)cc2)cc1,0.9809183,442.7754,0.1353923,0.1354,0.5075377,3.3909,1.0000000,1.0000,[],24
31.1643,46.9326,-7.6545,0.3068605,Cc1ccc(N(c2ccc(C)cc2)c2ccc(C=Cc3ccc(-c4c(-c5ccc(N(c6ccccc6)c6ccccc6)cc5)cc5ccccc5c4N(c4ccc(C)cc4)c4ccc(C)cc4)cc3)cc2)cc1,1,C(=Cc1ccc(N(c2ccccc2)c2ccccc2)cc1)c1ccc(-c2c(-c3ccc(N(c4ccccc4)c4ccccc4)cc3)cc3ccccc3c2N(c2ccccc2)c2ccccc2)cc1,0.3136689,391.4984,0.1066796,0.1067,0.5278783,3.1944,1.0000000,1.0000,[],24
70.7711,84.1948,-84.1948,0.0000000,CCc1ccc(N(c2ccc(C=Cc3ccc(N(c4ccccc4)c4ccccc4)cc3)cc2)c2c3c(N(c4ccc(C)cc4)c4c(C)cc(C)cc4C)c4c5c(c(c6ccccc6c25)CC3)C=C4N(c2ccccc2)c2cccc(Cl)c2)cc1,1,C(=Cc1ccc(N(c2ccccc2)c2c3c(N(c4ccccc4)c4ccccc4)c4c5c(c(c6ccccc6c25)CC3)C=C4N(c2ccccc2)c2ccccc2)cc1)c1ccc(N(c2ccccc2)c2ccccc2)cc1,0.0000000,0.0000,0.0000000,0.0000,0.0000000,0.0000,0.0000000,0.0000,['[*;r{8-17}]'],24
69.5600,82.4472,-74.5785,0.0614739,[C-]#[N+]C(C1=CN(c2ccc3cc(N(c4ccc(C)cc4)c4ccc(C)cc4)c4ccccc4c3n2)C(=Cc2cc3ccc4ccccc4c3cc2C#N)C(=O)C1=O)=C(C#N)C#N,1,O=C1C=CN(c2ccc3cc(N(c4ccccc4)c4ccccc4)c4ccccc4c3n2)C(=Cc2ccc3c(ccc4ccccc43)c2)C1=O,0.0592234,550.0248,0.0534381,0.0534,0.4460282,4.0369,1.0000000,1.0000,[],24
44.7165,59.7193,-59.7193,0.0000000,c1(cc2c(cc1)c1c(cc2-c2ccc(N(c3ccccc3)c3ccc(OC)cc3)cc2)c2-c3c(cc(N(c4ccc(C#N)cc4)c4ccccc4)cc3)C(c2c1)=C(C#N)C#N)C#N,0,,0.0000000,0.0000,0.0000000,0.0000,0.0000000,0.0000,0.0000000,0.0000,None,24
34.4001,38.2635,-38.2590,0.0000357,CCOc1ccc(-c2c(C#N)nn(-c3ccc(OCC)cc3)c2Br)cc1,1,c1ccc(-c2cnn(-c3ccccc3)c2)cc1,0.0000214,283.2755,0.5736838,0.5737,0.6218711,2.3751,1.0000000,1.0000,[],24
56.3542,53.0746,-53.0746,0.0000000,CC(=O)c1csc(-c2cccc(N(C)c3cccc(OC(=O)CNCCN(C)C)c3)c2)n1,1,c1ccc(Nc2cccc(-c3nccs3)c2)cc1,0.0000000,0.0000,0.0000000,0.0000,0.0000000,0.0000,0.0000000,0.0000,"['C(=[O,S])[O,S]']",24
68.7757,89.9017,4.9753,0.7412266,Cc1ccc(N(C(=C2C(=O)NC(c3ccccc3)=C(c3ccc(N(c4ccccc4)c4ccccc4)cc3)N2c2cccc(C)c2C)c2ccc(-c3c4nc(C#N)c(C#N)nc4c(-c4ccccc4)c4c3sc3ccccc34)cc2)c2ccccc2)cc1,1,O=C1NC(c2ccccc2)=C(c2ccc(N(c3ccccc3)c3ccccc3)cc2)N(c2ccccc2)C1=C(c1ccc(-c2c3nccnc3c(-c3ccccc3)c3c2sc2ccccc23)cc1)N(c1ccccc1)c1ccccc1,0.7951149,505.2770,0.1204276,0.1204,0.4036825,4.5356,1.0000000,1.0000,[],24
54.1738,66.6948,46.4501,0.8839445,CCC(=Cc1ccc(N(c2ccccc2)c2ccccc2)s1)CN1C=CN(C(=CC#N)c2ccc(N(C)c3ccc(C)cc3)cc2)c2ccccc21,1,C=C(c1ccc(Nc2ccccc2)cc1)N1C=CN(CC=Cc2ccc(N(c3ccccc3)c3ccccc3)s2)c2ccccc21,0.9521430,432.4689,0.1261331,0.1261,0.4804576,3.6651,1.0000000,1.0000,[],24
29.1625,45.9689,-45.9689,0.0000000,COc1ccc(N(c2ccccc2)c2ccc(C(C#N)=NNC(=O)c3ccsc3)cc2)cc1,1,O=C(NN=Cc1ccc(N(c2ccccc2)c2ccccc2)cc1)c1ccsc1,0.0000000,0.0000,0.0000000,0.0000,0.0000000,0.0000,0.0000000,0.0000,['[#7;!n][#7;!n]'],24
44.1308,70.8707,-70.8707,0.0000000,Cn1c(-c2ccc(cc2)Cl)c(c(c2c1cc(cc2)N(c1ccc(C=Cc2ccc(cc2)N(c2ccccc2)c2ccccc2)cc1)C#N)c1ccc(s1)N(c1ccc(cc1)C)c1ccccc1)=O,0,,0.0000000,0.0000,0.0000000,0.0000,0.0000000,0.0000,0.0000000,0.0000,None,24
32.3288,38.0511,51.3964,0.6988091,N#Cc1ccc(N2C=CN(Cc3ccsc3)CC2)cc1C#N,1,C1=CN(c2ccccc2)CCN1Cc1ccsc1,0.6977714,409.0844,0.8729403,0.8729,0.5371245,3.1076,1.0000000,1.0000,[],24
46.1794,66.5212,1.8996,0.5345378,Cc1ccc(N(c2ccc(C)cc2)c2ccc3c(c2)c(N)nc2sc(Oc4ccc(-c5ccc(-c6ccc(-c7ccc(N(c8ccccc8)c8ccccc8)cc7)s6)nn5)cc4)cc23)cc1,1,c1ccc(N(c2ccccc2)c2ccc(-c3ccc(-c4ccc(-c5ccc(Oc6cc7c(ncc8cc(N(c9ccccc9)c9ccccc9)ccc87)s6)cc5)nn4)s3)cc2)cc1,0.5588312,402.5669,0.1385144,0.1385,0.4907408,3.5592,1.0000000,1.0000,[],24
91.8971,111.4359,-111.4359,0.0000000,c1cccc2cc3c(cccc3)c(c21)-c1c2cc3ccc4C(c5c(-c4c3cc2OC(c2ccc(cc2)N(c2ccccc2)c2ccccc2)=O)c2cc(ccc2-c2cc3c(cc2N(c2ccccc2C)c2ccc(OC)cc2)ccc(c5)[N+](=O)[O-])c(c31)N(C)C)(CC)CC,0,,0.0000000,0.0000,0.0000000,0.0000,0.0000000,0.0000,0.0000000,0.0000,None,24
40.3909,59.8574,6.5043,0.5184510,CCCCCCOc1ccc(N(c2ccc(-c3ccc(-c4ccc(N(c5ccccc5)c5ccccc5)cc4)s3)cc2)c2ccc(-c3sc(-c4ccc(N(c5ccc(C=Cc6ccc(N(c7ccccc7)c7ccccc7)cc6)cc5)c5ccc(C=C(c6ccccc6)c6ccccc6)cc5)cc4)nc3C)cc2)cc1,1,C(=Cc1ccc(N(c2ccc(C=C(c3ccccc3)c3ccccc3)cc2)c2ccc(-c3ncc(-c4ccc(N(c5ccccc5)c5ccc(-c6ccc(-c7ccc(N(c8ccccc8)c8ccccc8)cc7)s6)cc5)cc4)s3)cc2)cc1)c1ccc(N(c2ccccc2)c2ccccc2)cc1,0.5664808,402.9044,0.0377117,0.0377,0.3929873,4.6699,1.0000000,1.0000,[],24
39.9478,52.1912,-52.1912,0.0000000,C(C(c1ccc2ccc3c(c12)cccc3)(c1c2c(cccc2)c(c2c1cccc2)C#N)c1c2ccccc2cc2c1cccc2)#N,0,,0.0000000,0.0000,0.0000000,0.0000,0.0000000,0.0000,0.0000000,0.0000,None,24
52.0770,72.6587,-72.6587,0.0000000,N(CC(Nc1c(cc2c(c1)C(Nc1c(ccc(C)c1)N=C2C)C(C)C)=O)=O)(c1ccc(cc1)N(c1ccccc1)c1ccccc1)c1ccc(cc1)N(c1ccccc1)c1ccccc1,0,,0.0000000,0.0000,0.0000000,0.0000,0.0000000,0.0000,0.0000000,0.0000,None,24
60.4537,75.9937,35.1402,0.8682334,[C-]#[N+]c1c(C(=O)NCCCN(CCCC)CCCC)c(-c2ccc(N(CCCC)CCCC)cc2)c(N)c2c(N)c(C(=O)C3C=CC(C#N)(C#N)CC3)n(C)c12,1,O=C(c1cc2cc(-c3ccccc3)ccc2[nH]1)C1C=CCCC1,0.9797660,442.1260,0.0318510,0.0319,0.3970329,4.6187,1.0000000,1.0000,[],24
62.9303,69.2335,-69.2335,0.0000000,CCCCCCC1CS(c2ccccc2)(c2ccccc2N(c2ccccc2)c2ccccc2)C=C1OC(=O)OC(=C(C#N)C#N)C1CCCCC1,1,C=C(OC(=O)OC1=CS(c2ccccc2)(c2ccccc2N(c2ccccc2)c2ccccc2)CC1)C1CCCCC1,0.0000000,0.0000,0.0000000,0.0000,0.0000000,0.0000,0.0000000,0.0000,"['C(=[O,S])[O,S]']",24
52.4591,71.7006,-71.7006,0.0000000,CCCCN(c1ccc(C)cc1)c1ccc2c(c1)Oc1ccc(N(c3ccc(C)cc3)c3ccc(C)cc3)cc1N(Cc1ccc(NN=Cc3ccc(N(c4ccccc4)c4ccccc4)cc3O)cc1)C2=O,1,O=C1c2ccc(Nc3ccccc3)cc2Oc2ccc(N(c3ccccc3)c3ccccc3)cc2N1Cc1ccc(NN=Cc2ccc(N(c3ccccc3)c3ccccc3)cc2)cc1,0.0000000,0.0000,0.0000000,0.0000,0.0000000,0.0000,0.0000000,0.0000,['[#7;!n][#7;!n]'],24
29.2335,49.9442,-48.2996,0.0128489,Cc1ccc(N(c2ccc(C)cc2)c2ccc(-c3ccc(-c4cc(COc5ccc(N(c6ccccc6)c6ccccc6)cc5)ccc4C)cc3)cc2)cc1,1,c1ccc(N(c2ccccc2)c2ccc(OCc3cccc(-c4ccc(-c5ccc(N(c6ccccc6)c6ccccc6)cc5)cc4)c3)cc2)cc1,0.0110074,351.1623,0.1327687,0.1328,0.6007160,2.5482,1.0000000,1.0000,[],24
47.6864,65.0043,-65.0043,0.0000000,COc1ccc(-c2c(C#N)c(OC(=O)c3ccc(-c4ccc(-c5ccc(N(c6ccccc6)c6ccccc6)cc5)cc4)cc3)nc(-c3ccc(N(c4ccccc4)c4ccccc4)cc3F)c2-c2ccccc2)cc1,1,O=C(Oc1cc(-c2ccccc2)c(-c2ccccc2)c(-c2ccc(N(c3ccccc3)c3ccccc3)cc2)n1)c1ccc(-c2ccc(-c3ccc(N(c4ccccc4)c4ccccc4)cc3)cc2)cc1,0.0000000,0.0000,0.0000000,0.0000,0.0000000,0.0000,0.0000000,0.0000,"['C(=[O,S])[O,S]']",24
40.4880,55.5600,51.1615,0.8337617,c1ccc(C(Cc2ccc(-c3ccc(N(c4ccccc4)c4ccccc4)cc3)cc2)=C2c3ccccc3-c3nc(-c4ccc(N(c5ccccc5)c5ccccc5)cc4)c(-c4ccc(N(c5ccccc5)c5ccccc5)cc4)nc32)cc1,1,c1ccc(C(Cc2ccc(-c3ccc(N(c4ccccc4)c4ccccc4)cc3)cc2)=C2c3ccccc3-c3nc(-c4ccc(N(c5ccccc5)c5ccccc5)cc4)c(-c4ccc(N(c5ccccc5)c5ccccc5)cc4)nc32)cc1,0.9007258,423.9439,0.1022278,0.1022,0.4949878,3.5161,1.0000000,1.0000,[],24
36.3834,50.5740,26.5503,0.6025329,COc1c(O)c(C=Cc2ccc(N(C)C)cc2)cc2c(-c3ccc(N(c4ccccc4)c4ccccc4)cc3)c(C)ccc12,1,C(=Cc1ccc2cccc(-c3ccc(N(c4ccccc4)c4ccccc4)cc3)c2c1)c1ccccc1,0.6262222,405.6029,0.1829214,0.1829,0.5768215,2.7511,1.0000000,1.0000,[],24
36.5247,47.0413,-23.7824,0.1817107,Cc1ccc(N(c2ccccc2)c2ccc(-c3c(-c4ccc(N(c5ccc(C)cc5)c5ccc(C)cc5)cc4)n4c5ccccc5c5cc(N(c6ccc(C)cc6)c6ccc(C)cc6)cc3c54)cc2)cc1,1,c1ccc(N(c2ccccc2)c2ccc(-c3c(-c4ccc(N(c5ccccc5)c5ccccc5)cc4)n4c5ccccc5c5cc(N(c6ccccc6)c6ccccc6)cc3c54)cc2)cc1,0.1796435,383.5102,0.1284343,0.1284,0.5265653,3.2069,1.0000000,1.0000,[],24
59.1050,76.2216,-49.8752,0.2058314,[C-]#[N+]c1sc(-c2ccc(N(c3ccc(F)cc3)c3ccc(OC)cc3)c(C#N)c2)cc1C1=C(c2ccc(C#N)s2)C(F)(F)C(F)(F)C1=Cc1ccc(N(c2ccc(F)cc2)c2ccc(OC)cc2)cc1,1,C(=C1CCC(c2cccs2)=C1c1csc(-c2ccc(N(c3ccccc3)c3ccccc3)cc2)c1)c1ccc(N(c2ccccc2)c2ccccc2)cc1,0.2080908,534.5106,0.0896627,0.0897,0.4262332,4.2638,1.0000000,1.0000,[],24
39.8058,53.9297,-53.9297,0.0000000,c1cc2c([nH]c3ccc(cc3c2=O)C(=O)c2cc3ccc(N(c4ccc(cc4)OC)c4ccccc4)cc3sc2)cc1,0,,0.0000000,0.0000,0.0000000,0.0000,0.0000000,0.0000,0.0000000,0.0000,None,24
47.5356,61.5060,-61.5060,0.0000000,COc1ccc(N(c2ccc(C)cc2)c2ccc3c(c2)c2cc(C=NN(C)C)c(-c4ccc(C)cc4)cc2n3CCC(C)C)cc1,1,c1ccc(-c2ccc3c(c2)[nH]c2ccc(N(c4ccccc4)c4ccccc4)cc23)cc1,0.0000000,0.0000,0.0000000,0.0000,0.0000000,0.0000,0.0000000,0.0000,['[#7;!n][#7;!n]'],24
36.1984,40.3964,-9.2761,0.2431272,Brc1ccc(N(c2ccc(-c3ccc(N(c4ccccc4)c4ccc(N(c5ccccc5)c5ccccc5)cc4)c4ccccc34)cc2)c2ccccc2Br)cc1,1,c1ccc(N(c2ccccc2)c2ccc(-c3ccc(N(c4ccccc4)c4ccc(N(c5ccccc5)c5ccccc5)cc4)c4ccccc34)cc2)cc1,0.2431343,387.6707,0.1356124,0.1356,0.5828138,2.6994,1.0000000,1.0000,[],25
55.9941,60.7803,-60.7803,0.0000000,c1ccc(N2c3ccccc3C(c3ccccc3N3B4c5c(cccc5Oc5c6ccc7c4ccc(c4ccccc64)c57)Oc4ccccc43)c3ccccc32)cc1,1,c1ccc(N2c3ccccc3C(c3ccccc3N3B4c5c(cccc5Oc5c6ccc7c4ccc(c4ccccc64)c57)Oc4ccccc43)c3ccccc32)cc1,0.0000000,0.0000,0.0000000,0.0000,0.0000000,0.0000,0.0000000,0.0000,['[*;r{8-17}]'],25
31.8131,32.8074,-32.5174,0.0022655,COc1ccccc1-n1ccc(C(=O)Nc2cccc(C)c2[N+](=O)[O-])n1,1,O=C(Nc1ccccc1)c1ccn(-c2ccccc2)n1,0.0016906,330.7196,0.5606008,0.5606,0.6352122,2.2690,1.0000000,1.0000,[],25
46.0925,59.2376,-43.7901,0.1206836,COc1ccc(OC)c(NC(=O)c2c(-c3ccc(N(C)C)cc3)c(=O)c(N)c(-c3ccc(NC(C)=O)cc3)n2-c2ccccc2)c1,1,O=C(Nc1ccccc1)c1c(-c2ccccc2)c(=O)cc(-c2ccccc2)n1-c1ccccc1,0.1152501,377.8705,0.1838163,0.1838,0.5726517,2.7874,1.0000000,1.0000,[],25
37.8419,48.4020,-47.7856,0.0048157,O=C(CN1C(=O)NC2(C1=O)c1ccccc1C(=O)c1ccccc12)NC(c1ccccc1)c1cccc2ccccc12,1,O=C(CN1C(=O)NC2(C1=O)c1ccccc1C(=O)c1ccccc12)NC(c1ccccc1)c1cccc2ccccc12,0.0038348,339.6353,0.2978166,0.2978,0.4945351,3.5207,1.0000000,1.0000,[],25
57.5567,69.8086,-69.8086,0.0000000,CC1=CC=c2ccc(N(c3ccccc3)c3ccccc3)cc3c(c4n(-c5cc(C)cc6c5C(C)(C)CCC6(C)C)c(c=3n2-c2ccc(Oc3ccccc3)cc2)=CC=c2c(sc3ccccc23)=C4)C=C1,1,C1=CC=c2ccc(N(c3ccccc3)c3ccccc3)cc3c(c4n(-c5cccc6c5CCCC6)c(c=3n2-c2ccc(Oc3ccccc3)cc2)=CC=c2c(sc3ccccc23)=C4)C=C1,0.0000000,0.0000,0.0000000,0.0000,0.0000000,0.0000,0.0000000,0.0000,['[*;r{8-17}]'],25
27.3356,34.4147,-33.8179,0.0046626,Cc1ccc(C(CC=O)c2ccc(N(c3ccccc3)c3ccccc3)cc2)cc1,1,c1ccc(Cc2ccc(N(c3ccccc3)c3ccccc3)cc2)cc1,0.0036874,339.2081,0.3108374,0.3108,0.5932493,2.6107,1.0000000,1.0000,[],25
59.8612,67.1275,-67.1275,0.0000000,C=C1C(C#N)=C(C)c2cccc(C=C3C(=O)NN=C3c3ccnc4ccccc34)c2SC1C,1,C=C1C=Cc2cccc(C=C3C(=O)NN=C3c3ccnc4ccccc34)c2SC1,0.0000000,0.0000,0.0000000,0.0000,0.0000000,0.0000,0.0000000,0.0000,['[#7;!n][#7;!n]'],25
75.9229,104.5060,-104.5060,0.0000000,O(c1ccc(C#N)cc1-c1cc(F)c(c2c1nn(n2)-c1ccc(cc1)N(c1ccccc1)c1ccccc1)OC(c1ccc(-c2c(cc(cc2)=C(c2sc3ccccc3n2)c2ccc(cc2)OC)-c2ccc(cc2)N(c2ccccc2)c2ccccc2)cc1)=O)c1ccc(cc1)C=Cc1ccc(cc1)N(c1ccccc1)c1ccccc1,0,,0.0000000,0.0000,0.0000000,0.0000,0.0000000,0.0000,0.0000000,0.0000,None,25
51.9507,59.2153,-59.2153,0.0000000,CCN(CC)S(=O)(=O)c1ccc2cc3c(C=C4SC(=S)N(CCCC(=O)O)C4=O)c(F)n(C#N)c3cc2c1,1,O=C1NC(=S)SC1=Cc1c[nH]c2cc3ccccc3cc12,0.0000000,0.0000,0.0000000,0.0000,0.0000000,0.0000,0.0000000,0.0000,"['C(=[O,S])[O,S]']",25
45.6174,44.5846,-44.5846,0.0000000,CCC(=O)Nc1sc(C2(C)CCC(CNC(=O)OC(C)(C)C)CC2)c(C)c1C#N,1,c1csc(C2CCCCC2)c1,0.0000000,0.0000,0.0000000,0.0000,0.0000000,0.0000,0.0000000,0.0000,"['C(=[O,S])[O,S]']",25
43.4751,53.0323,-53.0323,0.0000000,O=C1C(c2c3ccccc3c(-c3ccc(N(c4ccccc4)c4ccccc4)cc3)c3ccccc23)C(N2Cc3ccccc3C=N2)C(=O)N1c1ccccc1,1,O=C1C(c2c3ccccc3c(-c3ccc(N(c4ccccc4)c4ccccc4)cc3)c3ccccc23)C(N2Cc3ccccc3C=N2)C(=O)N1c1ccccc1,0.0000000,0.0000,0.0000000,0.0000,0.0000000,0.0000,0.0000000,0.0000,['[#7;!n][#7;!n]'],25
60.1099,73.0548,26.8923,0.7808367,COc1cc(Nc2ccc(N(c3ccccc3)c3ccccc3)cc2)c(C2=c3ccccc3=NC(c3ccccc3)=C(F)[C]2c2ccccc2)cc1OC,1,C1=C(c2ccccc2)N=c2ccccc2=C(c2ccccc2Nc2ccc(N(c3ccccc3)c3ccccc3)cc2)[C]1c1ccccc1,0.8285926,417.1078,0.1538176,0.1538,0.5324773,3.1511,1.0000000,1.0000,[],25
28.6986,34.2910,-25.6645,0.0673939,COc1ccc(-c2c(O)ccc3nccc(C#N)c23)cc1,1,c1ccc(-c2cccc3ncccc23)cc1,0.0594912,370.0273,0.7776951,0.7777,0.6431389,2.2070,1.0000000,1.0000,[],25
82.3992,88.3272,-43.1356,0.3530590,CCCCCCCCCCOc1ccccc1C=CC(CC1C=C2C=CC=C1c1c(CCCCCCCCC)cc(N(c3ccccc3)c3ccc4c(c3)OCCO4)cc1C2(CCCCCCCC)CCCCCCCC)c1ccc(N(c2ccccc2)c2ccccc2)cc1,1,C1=CC2=CC(CC(C=Cc3ccccc3)c3ccc(N(c4ccccc4)c4ccccc4)cc3)C(=C1)c1ccc(N(c3ccccc3)c3ccc4c(c3)OCCO4)cc1C2,0.3812176,394.7409,0.0355965,0.0356,0.2880945,6.2223,1.0000000,1.0000,[],25
46.6152,56.1163,-56.1163,0.0000000,c1cc(cc(c1)C(=O)Nc1cccc2c1cccc2)C=Cc1oc2ccc3c(c2cc1)nn(c3-c1ccc(cc1)N(c1ccccc1)c1ccccc1)-c1ccccc1,0,,0.0000000,0.0000,0.0000000,0.0000,0.0000000,0.0000,0.0000000,0.0000,None,25
35.3133,53.3067,40.5277,0.7330817,CCCCCCOc1ccc(N(c2ccc(C=Cc3ccc(-c4ccc(C=C(C#N)c5ccc(C#N)c(C#N)c5)s4)s3)cc2)c2ccc(OCC)cc2)cc1,1,C(=Cc1ccc(-c2ccc(C=Cc3ccc(N(c4ccccc4)c4ccccc4)cc3)s2)s1)c1ccccc1,0.7948672,505.2935,0.0720877,0.0721,0.5091385,3.3752,1.0000000,1.0000,[],25
56.6432,72.3127,-72.3127,0.0000000,c1c(ccc2n(CC3CC3)c(c3c(c12)cc1c(=O)c2c(c(c1c3)N(c1c3ccccc3c(cc1)N(c1ccccc1)c1ccccc1)c1ccccc1)cc(cc2)N(c1ccccc1)c1ccccc1)=O)C(F)(F)F,0,,0.0000000,0.0000,0.0000000,0.0000,0.0000000,0.0000,0.0000000,0.0000,None,25
61.0805,75.6513,-41.2876,0.2684670,COc1ccc(C(=CS(=O)(=O)c2ccc(N(c3ccccc3)c3ccccc3)cc2)c2ccc(C)c3nc4cc(Br)sc4c(CO)c23)cc1,1,O=S(=O)(C=C(c1ccccc1)c1cccc2nc3ccsc3cc12)c1ccc(N(c2ccccc2)c2ccccc2)cc1,0.2691714,389.1553,0.1584266,0.1584,0.5229122,3.2417,1.0000000,1.0000,[],25
63.9383,76.1931,-76.1931,0.0000000,c1ccc2c(c1)c1c(c3c4c(sc32)nc2c(cc(o2)/C=C\C#N)c2c4cc3c(c2)C(CCCCCCCC)(CCCCCCCC)c2c-3cccc2)sc(c1)C#N,0,,0.0000000,0.0000,0.0000000,0.0000,0.0000000,0.0000,0.0000000,0.0000,None,25
31.8763,44.5250,-44.5250,0.0000000,C#CCOc1ccc(N=Nc2ccc(N(c3ccccc3)c3ccccc3)c3cc(N(CC)CC)ccc23)cc1,1,c1ccc(N=Nc2ccc(N(c3ccccc3)c3ccccc3)c3ccccc23)cc1,0.0000000,0.0000,0.0000000,0.0000,0.0000000,0.0000,0.0000000,0.0000,['C#C'],25
35.7754,36.2997,-36.2997,0.0000000,COC(=O)C1C(=O)c2cc([N+](=O)[O-])ccc2N1Cc1ccc(I)cc1,1,O=C1CN(Cc2ccccc2)c2ccccc21,0.0000000,0.0000,0.0000000,0.0000,0.0000000,0.0000,0.0000000,0.0000,"['C(=[O,S])[O,S]']",25
38.1314,53.8742,44.4526,0.7681781,CCCCC1(c2ccc(N(c3ccccc3)c3ccccc3)cc2)c2ccc(N(c3ccccc3)c3ccccc3)cc2-c2c1cc(N(c1ccc(C)cc1)c1ccc(S(c3ccccc3)(c3ccccc3)c3ccccc3)cc1)c1ccccc21,1,c1ccc(N(c2ccccc2)c2ccc(C3c4ccc(N(c5ccccc5)c5ccccc5)cc4-c4c3cc(N(c3ccccc3)c3ccc(S(c5ccccc5)(c5ccccc5)c5ccccc5)cc3)c3ccccc43)cc2)cc1,0.8327543,417.4290,0.0899644,0.0900,0.4144188,4.4044,1.0000000,1.0000,[],25
29.0557,25.9805,-25.9751,0.0000426,Cc1ccc(F)c2c1c(C)cn2C,1,c1ccc2[nH]ccc2c1,0.0000258,285.2748,0.5827234,0.5827,0.6209511,2.3825,1.0000000,1.0000,[],25
50.6849,76.6659,19.6961,0.7528284,COc1ccc(N(c2ccc(C)cc2)c2ccc3c(O)c(N=Cc4cc(F)cc(N(c5ccc(C=Cc6ccc7cc(N(c8ccccc8)c8ccccc8)ccc7c6)cc5)c5ccc(-c6ccc(N(c7ccc(C)cc7)c7ccc(C)cc7)cc6)cc5)c4)ccc3c2)cc1,1,C(=Cc1ccc2cc(N(c3ccccc3)c3ccccc3)ccc2c1)c1ccc(N(c2ccc(-c3ccc(N(c4ccccc4)c4ccccc4)cc3)cc2)c2cccc(C=Nc3ccc4cc(N(c5ccccc5)c5ccccc5)ccc4c3)c2)cc1,0.8220214,416.6129,0.0682502,0.0683,0.4233457,4.2978,1.0000000,1.0000,[],25
77.6078,92.4678,-92.4678,0.0000000,c12cc3c(cc2cc2-c4c(cc(cc4)N(c4ccccc4)c4ccccc4)C(=C/C)/C2=C(/C#N)c2cc(C#N)c(c(/C=C(/c4ccc(N(c5ccccc5)c5ccccc5)cc4)C#N)c2)[N+]#[C-])c(C#N)cc2cc(cc(c21)C3(C)C)[N+]#[C-],0,,0.0000000,0.0000,0.0000000,0.0000,0.0000000,0.0000,0.0000000,0.0000,None,25
37.9665,44.5762,63.9675,0.8479979,CSc1ccc(C=Cc2ccc(C=Cc3ccc4c(c3)CCC=C4C#N)s2)cc1,1,C1=Cc2ccc(C=Cc3ccc(C=Cc4ccccc4)s3)cc2CC1,0.8761903,421.2461,0.4022841,0.4023,0.5489252,2.9990,1.0000000,1.0000,[],25
37.5403,54.7887,-52.3891,0.0187471,c1ccc(N(c2ccccc2)c2ccc(-c3ccc(-c4c(-c5ccc6c(c5)c5ccc(N(c7ccccc7)c7ccccc7)cc5n6-c5ccc(N(c6ccccc6)c6ccccc6)cc5)[nH]c5ccccc45)c4ccccc34)cc2)cc1,1,c1ccc(N(c2ccccc2)c2ccc(-c3ccc(-c4c(-c5ccc6c(c5)c5ccc(N(c7ccccc7)c7ccccc7)cc5n6-c5ccc(N(c6ccccc6)c6ccccc6)cc5)[nH]c5ccccc45)c4ccccc34)cc2)cc1,0.0164878,355.6096,0.1248141,0.1248,0.4864239,3.6034,1.0000000,1.0000,[],25
55.7545,69.5033,-69.5033,0.0000000,CCCN(CC(=O)O)C1C=C(c2ccc(-c3ccc(-c4ccc(N(c5ccccc5)c5ccccc5)s4)s3)cc2)c2cc(N(c3ccccc3)c3ccc4ccccc4c3)ccc2-c2ccccc21,1,C1=C(c2ccc(-c3ccc(-c4ccc(N(c5ccccc5)c5ccccc5)s4)s3)cc2)c2cc(N(c3ccccc3)c3ccc4ccccc4c3)ccc2-c2ccccc2C1,0.0000000,0.0000,0.0000000,0.0000,0.0000000,0.0000,0.0000000,0.0000,"['C(=[O,S])[O,S]']",25
35.9314,52.1509,-47.4548,0.0366880,CCCn1nc(-c2ccc(N(c3ccccc3)c3ccccc3)cc2)c(-c2ccc(N(c3ccccc3)c3ccccc3)cc2)c1C1=Nc2ccccc2CCC1,1,c1ccc(N(c2ccccc2)c2ccc(-c3n[nH]c(C4=Nc5ccccc5CCC4)c3-c3ccc(N(c4ccccc4)c4ccccc4)cc3)cc2)cc1,0.0332933,363.4265,0.1325182,0.1325,0.5381060,3.0985,1.0000000,1.0000,[],25
49.7831,60.9081,-60.9081,0.0000000,Fc1cc2c(OCCCc3sc(nn3)SCC)c3c(cc(cc3)N(c3ccccc3)c3ccccc3)c2cc1,0,,0.0000000,0.0000,0.0000000,0.0000,0.0000000,0.0000,0.0000000,0.0000,None,25
95.3046,118.5489,-67.2136,0.4010572,CCCCCCOc1cc(F)c2c(-c3sc4c(OCCCCCC)c5cc6c(cc5c-4c4ccsc34)C(F)(F)c3cc(N(c4ccccc4)c4ccc(OC)cc4)ccc3O6)c(C3(SC)CCC3)nn2c1,1,c1ccc(N(c2ccccc2)c2ccc3c(c2)Cc2cc4c5c6ccsc6c(-c6c(C7CCC7)nn7ccccc67)sc-5cc4cc2O3)cc1,0.4226949,523.3845,0.0748129,0.0748,0.4102738,4.4547,1.0000000,1.0000,[],25
64.1734,79.5574,-73.5347,0.0470524,Cc1ccc2c(N(c3ccccc3)c3ccccc3)c(Sc3ccc(N(c4ccccc4)c4ccc(-c5ccc(C(C)(C)C)cc5)cc4)cc3)c3c(Oc4cc5ccccc5c5ccccc45)nn(-c4ccc(C(C)(C)C)cc4)c3c2c1,1,c1ccc(-c2ccc(N(c3ccccc3)c3ccc(Sc4c(N(c5ccccc5)c5ccccc5)c5ccccc5c5c4c(Oc4cc6ccccc6c6ccccc46)nn5-c4ccccc4)cc3)cc2)cc1,0.0436330,366.4798,0.1139127,0.1139,0.4497930,3.9948,1.0000000,1.0000,[],25
30.0135,33.3188,-32.4767,0.0065790,O=C(Nc1cccc(Br)c1)N1CCC(Nc2ccc(N3CCCCCC3)cc2)CC1,1,O=C(Nc1ccccc1)N1CCC(Nc2ccc(N3CCCCCC3)cc2)CC1,0.0051838,342.9227,0.5805830,0.5806,0.6548256,2.1169,1.0000000,1.0000,[],25
56.7185,68.3421,-68.3421,0.0000000,C#CC(C)(C)c1ccc(-c2ccc3c4c(ccc3c2)-c2ccc(-c3c5ccccc5c(-c5cccc6ccccc56)c5sc(-c6ccc(N(c7ccccc7)c7ccccc7)cc6)cc35)cc2-4)cc1,1,c1ccc(-c2ccc3c4c(ccc3c2)-c2ccc(-c3c5ccccc5c(-c5cccc6ccccc56)c5sc(-c6ccc(N(c7ccccc7)c7ccccc7)cc6)cc35)cc2-4)cc1,0.0000000,0.0000,0.0000000,0.0000,0.0000000,0.0000,0.0000000,0.0000,['C#C'],25
44.7974,52.6085,-50.1665,0.0190779,COc1ccc(N(c2ccc(C)cc2)S(=O)(=O)c2cc3c(cc2S(=O)(=O)N(C)C)C(C)(C)c2ccsc2-3)cc1,1,O=S(=O)(c1ccc2c(c1)-c1sccc1C2)N(c1ccccc1)c1ccccc1,0.0163670,355.5284,0.2610863,0.2611,0.5467508,3.0188,1.0000000,1.0000,[],25
58.1067,81.2266,-46.4875,0.2713992,[C-]#[N+]C(=C1c2ccccc2-c2nc(-c3ccc(N(c4ccccc4)c4ccccc4)c4c3CCCCN4)sc21)c1sc(-c2ccc(N(c3ccccc3)c3ccccc3)cc2)c(C#N)c1C#N,1,C(=C1c2ccccc2-c2nc(-c3ccc(N(c4ccccc4)c4ccccc4)c4c3CCCCN4)sc21)c1ccc(-c2ccc(N(c3ccccc3)c3ccccc3)cc2)s1,0.2739061,530.5848,0.1453451,0.1453,0.4474553,4.0209,1.0000000,1.0000,[],25
44.8105,50.1191,4.2501,0.4247595,CC1=Cc2c(sc(Nc3ccc(Cl)cc3Cl)c2[N+](=O)[O-])CC(C#N)C1,1,C1=Cc2cc(Nc3ccccc3)sc2CCC1,0.4216157,396.5675,0.4968470,0.4968,0.4778313,3.6925,1.0000000,1.0000,[],25
52.4758,68.7341,50.1474,0.9287615,N#Cc1cc2nc(-c3cccc4c5ccccc5c5ccccc5c34)c(C=Cc3ccccc3N(c3ccccc3)c3ccccc3)nc2nc1-c1ccccc1Cl,1,C(=Cc1nc2nc(-c3ccccc3)ccc2nc1-c1cccc2c3ccccc3c3ccccc3c12)c1ccccc1N(c1ccccc1)c1ccccc1,0.9959816,459.8549,0.1513204,0.1513,0.5110084,3.3568,1.0000000,1.0000,[],25
39.7222,42.0340,-41.8504,0.0014342,COc1ccc(-c2ccc3oc(=O)ccc3c2)c2sc(C)c(Cl)c12,1,O=c1ccc2cc(-c3cccc4ccsc34)ccc2o1,0.0010543,325.5851,0.4358352,0.4358,0.6050581,2.5122,1.0000000,1.0000,[],25
39.4658,47.8570,-47.8570,0.0000000,N#Cc1ccc(N(c2ccc(C#Cc3ccccc3)cc2)c2ccc(C=Cc3ccc(N(c4ccccc4)c4ccc(N(c5ccccc5)c5ccc(C=Cc6ccc7ccccc7c6)cc5)cc4)cc3)cc2)cc1,1,C(#Cc1ccc(N(c2ccccc2)c2ccc(C=Cc3ccc(N(c4ccccc4)c4ccc(N(c5ccccc5)c5ccc(C=Cc6ccc7ccccc7c6)cc5)cc4)cc3)cc2)cc1)c1ccccc1,0.0000000,0.0000,0.0000000,0.0000,0.0000000,0.0000,0.0000000,0.0000,['C#C'],25
52.8826,66.9376,-66.9376,0.0000000,c1cnc(-c2ccc(N3c4ccccc4N(c4ccc(cc4)-c4ccc(N(c5ccccc5)c5ccc(OC)cc5)cc4)c4c3cccc4)cc2C)n(Cc2ccc(cc2)N(c2ccccc2)c2ccccc2)n1,0,,0.0000000,0.0000,0.0000000,0.0000,0.0000000,0.0000,0.0000000,0.0000,None,25
105.7241,129.5476,-129.5476,0.0000000,C#CCN(C1=c2cccc(C(C)(C)C)c3cc4c(cc(c2OCCCC)c2[nH]c5cc(Cl)c6oc(=O)cc6c5c5c(=O)c(=O)c(=O)c3c25)S(=O)(=O)C2=CC=CC=CC1=C24)c1ccc(C(C)(C)C)cc1,1,O=c1cc2c(ccc3[nH]c4c5cc6c7cc(ccccc(c5)=C(Nc5ccccc5)C5=C7C(=CC=CC=C5)S6(=O)=O)c5c(=O)c(=O)c(=O)c(c32)c45)o1,0.0000000,0.0000,0.0000000,0.0000,0.0000000,0.0000,0.0000000,0.0000,"['[*;r{8-17}]', 'C#C']",25
35.0848,42.5398,-36.7650,0.0451157,CN(c1ccccc1)c1ccc(C(=O)c2ccccc2C(Cl)CCc2ccccc2)cc1,1,O=C(c1ccc(Nc2ccccc2)cc1)c1ccccc1CCCc1ccccc1,0.0407306,365.6995,0.2078973,0.2079,0.5867079,2.6661,1.0000000,1.0000,[],25
43.6093,58.1616,60.9208,0.9303311,Cc1ccc2c(c1)c(C(=O)c1c(Cl)cccc1Cl)cn2C1=CC=CC(=Cc2ccc(N(c3ccccc3)c3ccccc3)cc2)C=C1,1,O=C(c1ccccc1)c1cn(C2=CC=CC(=Cc3ccc(N(c4ccccc4)c4ccccc4)cc3)C=C2)c2ccccc12,0.9948805,457.2135,0.1608652,0.1609,0.5346462,3.1308,1.0000000,1.0000,[],25
70.5404,80.5110,-80.5110,0.0000000,C12(CBr)CC(N(C3CCc4n(C3)c3c(c4-c4ccc(N(c5ccc(cc5)C)c5ccc(C)cc5)cc4)ccc3Br)C2=O)CC(c2ccc(Br)cc2)C=C1,0,,0.0000000,0.0000,0.0000000,0.0000,0.0000000,0.0000,0.0000000,0.0000,None,25
29.2438,30.9908,-30.5876,0.0031499,Cc1ccc2nc(-c3ccccc3)n(-c3ccc([N+](=O)[O-])cc3)c(=O)c2c1,1,O=c1c2ccccc2nc(-c2ccccc2)n1-c1ccccc1,0.0024134,334.5920,0.4051237,0.4051,0.6734738,1.9765,1.0000000,1.0000,[],25
28.9959,35.2257,34.5149,0.5448483,C=C1c2cc(N(c3ccccc3)c3ccc(Br)cc3)ccc2-c2cc(Br)ccc21,1,C=C1c2ccccc2-c2ccc(N(c3ccccc3)c3ccccc3)cc21,0.5578185,402.5223,0.2381253,0.2381,0.6168200,2.4159,1.0000000,1.0000,[],25
58.7915,56.8583,-56.8583,0.0000000,[C-]#[N+]C1C(=O)OC2=C1NN=Cc1cc(NC(=O)Nc3ccc(F)c(Cl)c3)ccc12,1,O=C(Nc1ccccc1)Nc1ccc2c(c1)C=NNC1=C2OC(=O)C1,0.0000000,0.0000,0.0000000,0.0000,0.0000000,0.0000,0.0000000,0.0000,"['[#7;!n][#7;!n]', 'C(=[O,S])[O,S]']",25
52.5188,63.7849,-63.7849,0.0000000,c1c(C2C(O)c3cc(N(c4ccccc4)c4ccccc4)cc4n(C)c(n(c4c32)CCCC)=O)ccc(N(c2ccc(cc2)OCCCCCC)c2ccccc2)c1,0,,0.0000000,0.0000,0.0000000,0.0000,0.0000000,0.0000,0.0000000,0.0000,None,25
48.8307,65.0594,51.2922,0.9089968,CCCCCCc1ccc(-c2cc3c(s2)C2=C(c4ccc(-c5ccc(N(c6ccccc6)c6ccccc6)cc5)s4)c4ccc(N(c5ccccc5)c5ccccc5)cc4C3=Nc3ccsc32)s1,1,c1ccc(N(c2ccccc2)c2ccc(-c3ccc(C4=C5c6sccc6N=C(c6cc(N(c7ccccc7)c7ccccc7)ccc64)c4cc(-c6cccs6)sc45)s3)cc2)cc1,0.9912019,468.7056,0.1011780,0.1012,0.4006692,4.5731,1.0000000,1.0000,[],25
66.2755,81.7541,15.5536,0.7602160,CCCCCCCCc1ccc(N(c2ccc(C3CCCCC3)cc2)c2ccc3cc4cc(N(c5ccccc5)c5ccccc5)ccc4c(C(=O)c4ccccc4)c3c2N=Cc2cc3ccc(N)cc3n2CCCCCCCC)cc1,1,O=C(c1ccccc1)c1c2ccc(N(c3ccccc3)c3ccccc3)cc2cc2ccc(N(c3ccccc3)c3ccc(C4CCCCC4)cc3)c(N=Cc3cc4ccccc4[nH]3)c12,0.8625489,500.0591,0.0203595,0.0204,0.4305013,4.2140,1.0000000,1.0000,[],25
26.2999,26.9186,-26.3997,0.0040542,O=C(CSc1nnc(-c2ccccc2)n1-c1ccccc1)c1ccccc1O,1,O=C(CSc1nnc(-c2ccccc2)n1-c1ccccc1)c1ccccc1,0.0031523,337.4999,0.3863319,0.3863,0.6759414,1.9582,1.0000000,1.0000,[],25
69.5015,85.9841,31.3189,0.9164301,COc1cc(O)ccc1C1=C(c2ccc(Cl)c(Cl)c2)C2CC3C(=Cc4ccc(F)cc4)C(=CC4C(=O)N(c5ccc(N(C)c6ccc(N(c7ccccc7)c7ccccc7)cc6)cc5)C(=O)C43)C=C2C=C1,1,O=C1C2C=C3C=C4C=CC(c5ccccc5)=C(c5ccccc5)C4CC(C3=Cc3ccccc3)C2C(=O)N1c1ccc(Nc2ccc(N(c3ccccc3)c3ccccc3)cc2)cc1,0.9950221,462.4803,0.1377035,0.1377,0.3158596,5.7623,1.0000000,1.0000,[],25
46.6392,58.6371,18.0790,0.5993450,C=CCN1c2nc3cc(N(c4ccc(C)cc4)c4ccc(C)cc4)c(C)cc3c(C)c2N(c2ccc(N(c3ccccc3)c3ccccc3)cc2)CC1C,1,c1ccc(N(c2ccccc2)c2ccc(N3CCNc4nc5cc(N(c6ccccc6)c6ccccc6)ccc5cc43)cc2)cc1,0.6306903,405.8106,0.1393239,0.1393,0.4748293,3.7240,1.0000000,1.0000,[],25
41.6350,51.5863,-51.5863,0.0000000,c1cccc2c(c(CBr)cc3C(c4c(ccc(c4)N(c4ccc(cc4)C)c4ccc(cc4)C)C(c23)=O)=O)c1,0,,0.0000000,0.0000,0.0000000,0.0000,0.0000000,0.0000,0.0000000,0.0000,None,25
41.8829,38.6261,-38.6261,0.0000000,CCCC(=O)OCCNC(=O)c1cccc2oc(-c3ccccc3Cl)nc12,1,c1ccc(-c2nc3ccccc3o2)cc1,0.0000000,0.0000,0.0000000,0.0000,0.0000000,0.0000,0.0000000,0.0000,"['C(=[O,S])[O,S]']",25
38.9884,50.4213,-14.9555,0.2770768,Cc1ccc(N(c2ccccc2)c2ccc(C=Cc3ccccc3N(c3ccc(C)cc3)c3ccc(-c4cccc5ccccc45)c(-c4ccc(N(c5ccc(C)cc5)c5ccc(C)cc5)cc4)c3)cc2)cc1,1,C(=Cc1ccccc1N(c1ccccc1)c1ccc(-c2cccc3ccccc23)c(-c2ccc(N(c3ccccc3)c3ccccc3)cc2)c1)c1ccc(N(c2ccccc2)c2ccccc2)cc1,0.2818441,389.8448,0.1066796,0.1067,0.5157731,3.3104,1.0000000,1.0000,[],25
26.8223,27.2151,-27.0361,0.0013987,Clc1cc(-c2ncccn2)cc2ccccc12,1,c1cnc(-c2ccc3ccccc3c2)nc1,0.0010118,325.1383,0.6436945,0.6437,0.6774068,1.9474,1.0000000,1.0000,[],25
39.3324,57.3721,14.1024,0.5583946,CCc1nc(-c2ccc(N(c3ccccc3)c3ccc(-c4ccc(C#N)s4)c(C#N)c3)cc2)sc1-c1ccc(Cl)cc1,1,c1ccc(-c2cnc(-c3ccc(N(c4ccccc4)c4ccc(-c5cccs5)cc4)cc3)s2)cc1,0.5784885,403.4371,0.1832432,0.1832,0.5540128,2.9528,1.0000000,1.0000,[],25
51.0590,62.9934,-62.9934,0.0000000,N#Cc1cccnc1N1N=Cc2c3ccccc3nc3c1c1oc(-c4ccc(N(c5ccccc5)c5ccccc5)cc4)cc1nc23,1,C1=NN(c2ccccn2)c2c3nc4ccccc4c1c3nc1cc(-c3ccc(N(c4ccccc4)c4ccccc4)cc3)oc21,0.0000000,0.0000,0.0000000,0.0000,0.0000000,0.0000,0.0000000,0.0000,['[#7;!n][#7;!n]'],25
59.0549,71.4100,29.5892,0.7890564,C=C(CC1=C(C#N)c2cc(N(c3ccccc3)c3ccccc3)ccc2Oc2ccccc21)c1ccc2sc3cc(N(c4ccc(C)cc4)c4ccccc4C)ccc3c2c1,1,C=C(CC1=Cc2cc(N(c3ccccc3)c3ccccc3)ccc2Oc2ccccc21)c1ccc2sc3cc(N(c4ccccc4)c4ccccc4)ccc3c2c1,0.8407053,418.0611,0.1456951,0.1457,0.4893905,3.5730,1.0000000,1.0000,[],25
47.8816,65.7872,-65.7872,0.0000000,O=C(N(N=Nc1ccccc1)c1ccc2oc(-c3ccc(N(c4ccccc4)c4ccccc4)cc3)cc2c1)C1(Cc2ccccc2N(c2ccccc2)c2ccccc2)CCC1,1,O=C(N(N=Nc1ccccc1)c1ccc2oc(-c3ccc(N(c4ccccc4)c4ccccc4)cc3)cc2c1)C1(Cc2ccccc2N(c2ccccc2)c2ccccc2)CCC1,0.0000000,0.0000,0.0000000,0.0000,0.0000000,0.0000,0.0000000,0.0000,['[#7;!n][#7;!n]'],25
64.4419,83.9853,29.8081,0.8890107,Cc1cc(C2C(=C(F)c3cc(F)c(C=Cc4ccc(N(c5ccccc5)c5ccccc5)cc4)c(F)c3F)c3ccc(C=Cc4ccc(N(c5ccccc5)c5ccccc5)cc4)cc3N2CCC(C)C)ccc1F,1,C(=Cc1ccc(N(c2ccccc2)c2ccccc2)cc1)c1ccc(C=C2c3ccc(C=Cc4ccc(N(c5ccccc5)c5ccccc5)cc4)cc3NC2c2ccccc2)cc1,0.9850238,445.4511,0.0575655,0.0576,0.4134162,4.4165,1.0000000,1.0000,[],25
39.2814,45.6993,-45.6993,0.0000000,COc1ccc(N(c2ccccc2)c2ccccc2)cc1N(CC(=O)O)c1ccc(Oc2ccc(Cl)cc2)cc1,1,c1ccc(Oc2ccc(Nc3cccc(N(c4ccccc4)c4ccccc4)c3)cc2)cc1,0.0000000,0.0000,0.0000000,0.0000,0.0000000,0.0000,0.0000000,0.0000,"['C(=[O,S])[O,S]']",26
41.6143,68.3066,46.2496,0.8949707,Cc1ccc(-c2c3c(C#N)c(-c4ccc(N(c5ccccc5)c5ccccc5)cc4)sc3nc3c(-c4ccc(N(c5ccccc5)c5ccccc5)cc4)c(-c4ccc(N(c5ccc(C)cc5)c5ccc(C)cc5)cc4)c(C#N)c(N(c4ccc(C)cc4)c4ccc(C)cc4)c23)cc1,1,c1ccc(-c2c3cc(-c4ccc(N(c5ccccc5)c5ccccc5)cc4)sc3nc3c(-c4ccc(N(c5ccccc5)c5ccccc5)cc4)c(-c4ccc(N(c5ccccc5)c5ccccc5)cc4)cc(N(c4ccccc4)c4ccccc4)c23)cc1,0.9756817,479.9156,0.0954154,0.0954,0.4254754,4.2727,1.0000000,1.0000,[],26
41.7577,51.0199,-51.0199,0.0000000,COCc1cccc2[nH]c(-c3c(-c4ccc(C#N)cc4)[nH]c4ccc(-c5cnc(C6CCCN6C(=O)C(NC(=O)OC)c6ccccc6)[nH]5)cc34)nc12,1,O=C(Cc1ccccc1)N1CCCC1c1ncc(-c2ccc3[nH]c(-c4ccccc4)c(-c4nc5ccccc5[nH]4)c3c2)[nH]1,0.0000000,0.0000,0.0000000,0.0000,0.0000000,0.0000,0.0000000,0.0000,"['C(=[O,S])[O,S]']",26
59.5743,75.9686,-75.9686,0.0000000,C1CN(C=N)CCC1c1c2n(c3-c1cc1c(c1)cccc3)c(-c1ccc(cc1)N)c1c2cc(cc1)N(c1ccccc1)c1ccccc1,0,,0.0000000,0.0000,0.0000000,0.0000,0.0000000,0.0000,0.0000000,0.0000,None,26
49.6877,60.7243,-60.7243,0.0000000,c1cc2c(cc1)cc1sc(=C(C#N)C#N)c3ccc(C=C(C#N)C#N)c(c3c21)-c1c2c(ccs2)c(c2ccccc12)N(c1ccccc1)c1ccccc1,0,,0.0000000,0.0000,0.0000000,0.0000,0.0000000,0.0000,0.0000000,0.0000,None,26
35.2165,47.4124,-47.4124,0.0000000,Clc1ccc(C2=C(c3cccs3)CSC3CC(c4ccc(N(c5ccccc5)c5ccccc5)cc4)=NN23)cc1,1,c1ccc(C2=C(c3cccs3)CSC3CC(c4ccc(N(c5ccccc5)c5ccccc5)cc4)=NN23)cc1,0.0000000,0.0000,0.0000000,0.0000,0.0000000,0.0000,0.0000000,0.0000,['[#7;!n][#7;!n]'],26
62.6997,73.3756,-11.3846,0.4843048,C=CC(NC)C(NC)C(C=Cc1cc2sccc2s1)=C(c1ccc(F)cc1)c1ccc2c(c1)c1ccccc1n2-c1ccccc1,1,C(=Cc1cc2sccc2s1)C=C(c1ccccc1)c1ccc2c(c1)c1ccccc1n2-c1ccccc1,0.5077058,400.3347,0.1152144,0.1152,0.4437155,4.0629,1.0000000,1.0000,[],26
60.3196,87.7773,-43.4175,0.3465605,Nc1[nH]nc2c(N)c(-c3ccc(NC(=O)c4ccc(N5CCc6sc(-c7ccc(-c8ccc(N(c9ccc(F)cc9)c9ccc(F)cc9)cc8)s7)cc6C5)cc4)cc3)c(Cl)cc12,1,O=C(Nc1ccc(-c2ccc3c[nH]nc3c2)cc1)c1ccc(N2CCc3sc(-c4ccc(-c5ccc(N(c6ccccc6)c6ccccc6)cc5)s4)cc3C2)cc1,0.3570366,393.6132,0.1073540,0.1074,0.4885091,3.5820,1.0000000,1.0000,[],26
32.9365,37.4718,-35.9677,0.0117506,CCOc1ccc(-c2ccc(N(c3ccccc3)c3ccc4ccccc4c3)cc2)cc1O,1,c1ccc(-c2ccc(N(c3ccccc3)c3ccc4ccccc4c3)cc2)cc1,0.0097525,349.8343,0.2948709,0.2949,0.6537862,2.1249,1.0000000,1.0000,[],26
39.8007,49.2063,-48.8981,0.0024081,O=C(Nc1cccc(N=Cc2ccn(C3C=Cc4ccccc4CC3)c2)c1)c1ccccc1,1,O=C(Nc1cccc(N=Cc2ccn(C3C=Cc4ccccc4CC3)c2)c1)c1ccccc1,0.0018367,331.6211,0.3515531,0.3516,0.5281423,3.1919,1.0000000,1.0000,[],26
31.2560,30.6020,-30.3980,0.0015940,O=C(CCS(=O)(=O)c1ccc(-c2ccccc2)cc1)c1ccccc1O,1,O=C(CCS(=O)(=O)c1ccc(-c2ccccc2)cc1)c1ccccc1,0.0011596,326.6201,0.6666843,0.6667,0.6830125,1.9062,1.0000000,1.0000,[],26
22.8713,22.8260,-22.8221,0.0000304,COc1ccc(N2C(=O)CC2=O)cc1,1,O=C1CC(=O)N1c1ccccc1,0.0000181,281.4226,0.5163223,0.5163,0.6968614,1.8058,1.0000000,1.0000,[],26
39.1417,49.6251,-48.2620,0.0106487,Cn1c2c(c3ccccc31)C=CN(C(=O)C(C)(C)C)C2c1ccc(N(c2ccccc2)c2ccccc2)cc1,1,C1=Cc2c([nH]c3ccccc23)C(c2ccc(N(c3ccccc3)c3ccccc3)cc2)N1,0.0088905,348.8201,0.2416574,0.2417,0.5200711,3.2689,1.0000000,1.0000,[],26
40.9886,53.9218,-53.9218,0.0000000,COc1ccc(N(c2ccccc2)c2ccc(C34CC(=O)N(c5cccc(F)c5)N=C3CCS4)cc2)cc1,1,O=C1CC2(c3ccc(N(c4ccccc4)c4ccccc4)cc3)SCCC2=NN1c1ccccc1,0.0000000,0.0000,0.0000000,0.0000,0.0000000,0.0000,0.0000000,0.0000,['[#7;!n][#7;!n]'],26
50.8600,73.0993,-48.3568,0.1933010,Cc1ccc(Nc2ccc(-n3c4ccccc4c4cc(-c5[nH]ccc5C=C(c5ccccc5)c5ccc(N(c6ccc(C)cc6)c6ccc(C)cc6)cc5)c(N(c5ccc(C)cc5)c5ccc(C)cc5)cc43)cc2)cc1,1,C(=C(c1ccccc1)c1ccc(N(c2ccccc2)c2ccccc2)cc1)c1cc[nH]c1-c1cc2c3ccccc3n(-c3ccc(Nc4ccccc4)cc3)c2cc1N(c1ccccc1)c1ccccc1,0.1925155,384.4333,0.1209170,0.1209,0.4740768,3.7319,1.0000000,1.0000,[],26
28.6204,38.4469,76.7489,0.8999672,COc1ccc(N(c2ccccc2)c2ccc(C=Nc3nc(-c4ccc(F)c(F)c4)cs3)cc2)cc1,1,C(=Nc1nc(-c2ccccc2)cs1)c1ccc(N(c2ccccc2)c2ccccc2)cc1,0.9497902,431.9210,0.2122359,0.2122,0.6078424,2.4892,1.0000000,1.0000,[],26
57.8262,71.1012,46.0224,0.9150280,N#CC(c1ccccc1)c1ccc(N(c2ccc3cc4c(cc3c2)sc2cc3cc5ccccc5cc3cc24)c2ccc(-c3ccccc3)cc2-c2ccc(C=Cc3ccc(-c4ccccc4)cc3)cc2)cc1,1,C(=Cc1ccc(-c2cc(-c3ccccc3)ccc2N(c2ccc(Cc3ccccc3)cc2)c2ccc3cc4c(cc3c2)sc2cc3cc5ccccc5cc3cc24)cc1)c1ccc(-c2ccccc2)cc1,0.9958232,459.4335,0.1008900,0.1009,0.4490454,4.0032,1.0000000,1.0000,[],26
71.7836,88.4951,-88.4951,0.0000000,CCc1ccc(N(c2ccccc2)c2ccc(-c3cc4c5ccc6c(c7ccccc7n6-c6ccccc6)c5c3C(=CC=C3c5cc([N+](=O)[O-])cc6c(cccc56)N3C)O4)cc2)cc1,1,C(C=C1Oc2cc(-c3ccc(N(c4ccccc4)c4ccccc4)cc3)c1c1c2ccc2c1c1ccccc1n2-c1ccccc1)=C1Nc2cccc3c1cccc23,0.0000000,0.0000,0.1127448,0.1127,0.3732542,4.9275,1.0000000,1.0000,[],26
57.2165,62.4850,54.1313,0.9110644,OCCCN1C=CCC(c2ccc3cc(N4CN(c5ccc6c(c5)oc5ccccc56)c5ccccc54)ccc3n2)=C1,1,C1=CNC=C(c2ccc3cc(N4CN(c5ccc6c(c5)oc5ccccc56)c5ccccc54)ccc3n2)C1,0.9632784,435.4707,0.2250291,0.2250,0.5258794,3.2134,1.0000000,1.0000,[],26
35.5709,38.8658,21.0482,0.4680776,Cc1cc2nc3ccc4ccccc4c3nc2cc1C(F)(F)F,1,c1ccc2c(c1)ccc1nc3ccccc3nc12,0.4703664,398.7115,0.3266638,0.3267,0.6368237,2.2563,1.0000000,1.0000,[],26
62.8144,75.6837,-66.8224,0.0692284,Cc1cc(C(=O)c2cc(Cl)c(N)c(NC(=O)c3ccc4ccccc4c3C)c2Br)ccc1N(C)c1ccc(N(c2ccccc2)c2ccccc2)cc1Br,1,O=C(Nc1cccc(C(=O)c2ccc(Nc3ccc(N(c4ccccc4)c4ccccc4)cc3)cc2)c1)c1ccc2ccccc2c1,0.0653486,371.1147,0.1116635,0.1117,0.5231860,3.2391,1.0000000,1.0000,[],26
56.1079,72.5591,-72.5591,0.0000000,COc1ccc(-c2nc(C3=NN(c4ccccc4)C(=O)C(C(=O)c4ccc5c(c4)c4ccccc4n5-c4ccc(C)cc4)C3=O)sc2-c2ccc(N(c3ccccc3)c3ccccc3)cc2)cc1,1,O=C1C(c2nc(-c3ccccc3)c(-c3ccc(N(c4ccccc4)c4ccccc4)cc3)s2)=NN(c2ccccc2)C(=O)C1C(=O)c1ccc2c(c1)c1ccccc1n2-c1ccccc1,0.0000000,0.0000,0.0000000,0.0000,0.0000000,0.0000,0.0000000,0.0000,['[#7;!n][#7;!n]'],26
43.3627,59.8400,34.3625,0.7359571,COc1cccc(C(=O)N2c3cc4ccccc4cc3N(c3ccc(N(c4ccccc4)c4ccccc4)cc3)c3c(N(c4ccccc4)c4ccccc4)cc4c(ccc5ccccc54)c32)c1,1,O=C(c1ccccc1)N1c2cc3ccccc3cc2N(c2ccc(N(c3ccccc3)c3ccccc3)cc2)c2c(N(c3ccccc3)c3ccccc3)cc3c(ccc4ccccc43)c21,0.7827842,413.9188,0.1351231,0.1351,0.4994977,3.4708,1.0000000,1.0000,[],26
31.4132,29.1372,-29.1372,0.0000000,CC(NC(=O)c1ccccc1N)C(=O)NCC(=O)O,1,c1ccccc1,0.0000000,0.0000,0.0000000,0.0000,0.0000000,0.0000,0.0000000,0.0000,"['C(=[O,S])[O,S]']",26
40.4356,61.3710,45.7771,0.8370947,COc1ccc(N(c2ccc(C)cc2)c2ccc(N(c3ccccc3)c3cc4c5cc(N(c6ccccc6)c6ccccc6)ccc5c5ccccc5c4c4sc(-c5ccc(N(c6ccccc6)c6ccccc6)cc5)cc34)cc2)cc1,1,c1ccc(N(c2ccccc2)c2ccc(-c3cc4c(N(c5ccccc5)c5ccc(N(c6ccccc6)c6ccccc6)cc5)cc5c6cc(N(c7ccccc7)c7ccccc7)ccc6c6ccccc6c5c4s3)cc2)cc1,0.9054484,424.5299,0.1009617,0.1010,0.4802498,3.6672,1.0000000,1.0000,[],26
58.5741,78.0429,-78.0429,0.0000000,c1(ccc(OC)cc1)-c1cc(c2c3c(c4cc(c(cc4n3)N)C#N)c3C(c4c(-c3c2-c2ccc(N(c3ccccc3)c3ccccc3)cc2)c2ccccc2C4=O)c1)-c1ccccc1,0,,0.0000000,0.0000,0.0000000,0.0000,0.0000000,0.0000,0.0000000,0.0000,None,26
30.8676,46.4227,65.6266,0.8753851,CCCCCCCCOc1ccc(-c2ccc3c(-c4ccc(N(c5ccccc5)c5ccccc5)cc4)c4ccc(-c5ccc(N(c6ccccc6)c6ccccc6)cc5)cc4c(-c4ccc(C)cc4)c3c2)cc1,1,c1ccc(-c2ccc3c(-c4ccc(N(c5ccccc5)c5ccccc5)cc4)c4ccc(-c5ccc(N(c6ccccc6)c6ccccc6)cc5)cc4c(-c4ccccc4)c3c2)cc1,0.9612746,434.8713,0.0629529,0.0630,0.5323292,3.1525,1.0000000,1.0000,[],26
48.0344,66.6128,50.0651,0.9115457,Cc1ccc(N(c2ccccc2)c2ccc(C3c4cc(-c5cc(-c6ccccc6)nc6c(-c7ccc(C#N)cc7)[nH]n56)ccc4-c4ccc(N(c5ccccc5)c5ccccc5)cc43)cc2)cc1,1,c1ccc(-c2cc(-c3ccc4c(c3)C(c3ccc(N(c5ccccc5)c5ccccc5)cc3)c3cc(N(c5ccccc5)c5ccccc5)ccc3-4)n3[nH]c(-c4ccccc4)c3n2)cc1,0.9797761,477.8685,0.1486788,0.1487,0.4487712,4.0062,1.0000000,1.0000,[],26
81.2036,103.8238,11.7916,0.9032454,Cc1ccc(-c2sc3c(-c4cc5c([N+](=O)[O-])c(Br)ccc5oc4=Nc4ccc(N(c5ccccc5)c5cccc6ccccc56)cc4)c(-c4ccc(N(c5ccccc5)c5ccccc5)cc4)c4ccc(-c5ccc(N(c6ccccc6)c6ccccc6)cc5)cc4c3c2C#N)c(C(F)(F)F)c1,1,c1ccc(-c2cc3c(s2)c(-c2cc4ccccc4oc2=Nc2ccc(N(c4ccccc4)c4cccc5ccccc45)cc2)c(-c2ccc(N(c4ccccc4)c4ccccc4)cc2)c2ccc(-c4ccc(N(c5ccccc5)c5ccccc5)cc4)cc23)cc1,0.9960205,460.0390,0.0744052,0.0744,0.3674008,5.0065,1.0000000,1.0000,[],26
67.8394,79.6453,-79.6453,0.0000000,Cc1cc(N(c2ccccc2)c2ccccc2)ccc1N1C(=O)c2cc3c(cc2C1=O)C(N(c1ccccc1)c1ccc(N(c2ccccc2)c2ccc(C(C)(C)C)cc2)cc1)=Cc1nc(C(C)(C)C)sc1CO3,1,O=C1c2cc3c(cc2C(=O)N1c1ccc(N(c2ccccc2)c2ccccc2)cc1)C(N(c1ccccc1)c1ccc(N(c2ccccc2)c2ccccc2)cc1)=Cc1ncsc1CO3,0.0000000,0.0000,0.0000000,0.0000,0.0000000,0.0000,0.0000000,0.0000,['[*;r{8-17}]'],26
27.2627,33.8471,-33.3986,0.0035033,CCc1ccc(N(c2ccc(C)cc2)c2ccc(-c3cccc4c3C=CC4)cc2)cc1,1,C1=Cc2c(cccc2-c2ccc(N(c3ccccc3)c3ccccc3)cc2)C1,0.0027223,335.9029,0.3251722,0.3252,0.6259212,2.3427,1.0000000,1.0000,[],26
41.8091,46.9966,70.5131,0.9180449,COc1ccc(CC(C#N)C(=O)c2ncc(-c3ccc(C=O)s3)s2)s1,1,O=C(CCc1cccs1)c1ncc(-c2cccs2)s1,0.9530766,432.6935,0.4447339,0.4447,0.4597005,3.8859,1.0000000,1.0000,[],26
41.0414,53.9998,62.5591,0.9106162,COc1ccc(N(c2ccc(N(c3ccccc3)c3ccccc3)cc2)c2c3ccccc3c(-c3ccc(N(c4ccc(C)cc4)c4cccc5ccccc45)cc3)c3ccc(N(c4ccccc4)c4ccccc4)cc23)cc1,1,c1ccc(N(c2ccccc2)c2ccc(N(c3ccccc3)c3c4ccccc4c(-c4ccc(N(c5ccccc5)c5cccc6ccccc56)cc4)c4ccc(N(c5ccccc5)c5ccccc5)cc34)cc2)cc1,0.9884595,471.6816,0.1009824,0.1010,0.5010185,3.4556,1.0000000,1.0000,[],26
33.2154,37.3739,77.9043,0.9006109,Cc1ccccc1-[n+]1ccc(-c2ccsc2[N+](=O)[O-])cc1,1,c1ccc(-[n+]2ccc(-c3ccsc3)cc2)cc1,0.9322439,428.4645,0.4178712,0.4179,0.5528948,2.9629,1.0000000,1.0000,[],26
50.8202,66.4248,-53.7481,0.0990363,CCc1ccc(N(c2ccc(CC)cc2)c2ccc3c(c2)c(=O)oc2ccc(-c4ccc(-c5ccc6ccc(C=Cc7ccc(N(c8ccccc8)c8ccccc8)cc7)cc6c5)s4)cc23)cc1,1,O=c1oc2ccc(-c3ccc(-c4ccc5ccc(C=Cc6ccc(N(c7ccccc7)c7ccccc7)cc6)cc5c4)s3)cc2c2ccc(N(c3ccccc3)c3ccccc3)cc12,0.0967890,375.7509,0.0695469,0.0695,0.5007137,3.4586,1.0000000,1.0000,[],26
60.8978,68.2681,39.0304,0.8382694,Cn1ncc(Cl)c1Nc1ccc2c(O)c(N=Nc3c(NCl)ccc4cc(Cl)c(Cl)c(Cl)c34)ccc2c1,1,c1ccc2c(N=Nc3ccc4cc(Nc5ccn[nH]5)ccc4c3)cccc2c1,0.9036022,495.7022,0.1097009,0.1097,0.5011229,3.4545,1.0000000,1.0000,[],26
20.8624,29.5421,-29.5421,0.0000000,N#CC1=NN(c2ccccc2)C(=O)C1=Cc1ccc2c(c1)OCO2,1,O=C1C(=Cc2ccc3c(c2)OCO3)C=NN1c1ccccc1,0.0000000,0.0000,0.0000000,0.0000,0.0000000,0.0000,0.0000000,0.0000,['[#7;!n][#7;!n]'],26
45.8898,64.5925,38.2041,0.8030981,N#Cc1cc(=Nc2ccc(N(c3ccc(C=Cc4ccccc4)cc3)c3ccc(N(c4ccccc4)c4ccccc4)cc3)cc2)sc2c(-c3ccc(C=Cc4ccc(N(c5ccccc5)c5ccccc5)cc4)cc3)csc12,1,C(=Cc1ccc(N(c2ccc(N=c3ccc4scc(-c5ccc(C=Cc6ccc(N(c7ccccc7)c7ccccc7)cc6)cc5)c4s3)cc2)c2ccc(N(c3ccccc3)c3ccccc3)cc2)cc1)c1ccccc1,0.8686042,499.4940,0.0960123,0.0960,0.4687039,3.7889,1.0000000,1.0000,[],26
130.1959,170.5136,-170.5136,0.0000000,CC(C(=C\N1C(=CC=C2C(C3CCc4c(ccc(c4)S(C)(C)C)N3CCCC)(c3c(c(C)c4c(c3N(CCCC)c3ccc(C)cc3)cccc4)-c3ccc(cc32)N(c2ccccc2)c2ccccc2)c2ccc(cc2)Cl)=CC2(C1(C#N)c1c(cc(cc1)C)N2CCC)c1ccccc1)C#N)=Cc1ccc(cc1)N(c1ccccc1)c1ccccc1,0,,0.0000000,0.0000,0.0000000,0.0000,0.0000000,0.0000,0.0000000,0.0000,None,26
46.2709,55.1687,20.0547,0.5876826,Cn1c(-c2ccc(N(c3ccccc3)c3ccccc3)cc2)cc2cc3cc(-c4ccc(N(c5ccccc5)c5ccccc5)cc4)cc(CCc4ccc(N(c5ccccc5)c5ccccc5)cc4)c3cc21,1,c1ccc(N(c2ccccc2)c2ccc(CCc3cc(-c4ccc(N(c5ccccc5)c5ccccc5)cc4)cc4cc5cc(-c6ccc(N(c7ccccc7)c7ccccc7)cc6)[nH]c5cc34)cc2)cc1,0.6216148,405.3897,0.1079615,0.1080,0.5187718,3.2815,1.0000000,1.0000,[],26
41.7274,55.0651,61.0309,0.9069996,COc1ccc(C2=C(c3ccncc3)C(=O)N(c3ccc4c(c3)c(=O)c3ccccc3n4-c3ccc(N(c4ccccc4)c4ccccc4)cc3)C2=O)cc1OC,1,O=C1C(c2ccccc2)=C(c2ccncc2)C(=O)N1c1ccc2c(c1)c(=O)c1ccccc1n2-c1ccc(N(c2ccccc2)c2ccccc2)cc1,0.9809577,442.7982,0.1073298,0.1073,0.5381282,3.0983,1.0000000,1.0000,[],26
51.1842,60.7224,49.8444,0.8638032,CCCCCCCCOc1ccc(-c2c(OCCCCCC)ccc(-c3ccc4c5cc(C=C(C#N)C#N)ccc5c5cc6ccccc6cc5c4c3)c2OCCCCCCC)cc1,1,c1ccc(-c2cccc(-c3ccc4c5ccccc5c5cc6ccccc6cc5c4c3)c2)cc1,0.9758026,440.1398,0.0262010,0.0262,0.4995402,3.4703,1.0000000,1.0000,[],26
36.6057,52.4339,-20.2843,0.2511688,COc1ccc(N(c2ccc(C)cc2)c2ccc3c(-c4ccc(N(c5ccccc5)c5ccccc5)cc4)c(-c4ccc5ccccc5c4)n(S(=O)(=O)c4ccc(N(c5ccccc5)c5ccccc5)cc4)c3c2)cc1,1,O=S(=O)(c1ccc(N(c2ccccc2)c2ccccc2)cc1)n1c(-c2ccc3ccccc3c2)c(-c2ccc(N(c3ccccc3)c3ccccc3)cc2)c2ccc(N(c3ccccc3)c3ccccc3)cc21,0.2542605,388.3173,0.1081798,0.1082,0.4969630,3.4962,1.0000000,1.0000,[],26
34.5329,37.8670,-37.8670,0.0000000,c12ccccc2c2c(c3n(c2c1)Cc1ccsc1-3)Br,0,,0.0000000,0.0000,0.0000000,0.0000,0.0000000,0.0000,0.0000000,0.0000,None,26
65.3968,79.1512,-79.1512,0.0000000,c1ccc2c(sc(-c3ccc(N(c4ccc(Oc5ccccc5)cc4)c4ccc(Oc5ccc(cc5)C=C5c6ccccc6C(=C(O)c5c5ccccc5OCC)c4)OCC)c3)n2)c1,0,,0.0000000,0.0000,0.0000000,0.0000,0.0000000,0.0000,0.0000000,0.0000,None,26
43.4221,51.8442,-28.0292,0.1860545,Cn1c2ccc(N(c3ccccc3)c3ccccc3)cc2c2c3cc4c(cc3ccc21)C(C)(C)c1ccccc1N4c1ccc2oc3cc(N(c4ccccc4)c4ccccc4)ccc3c2c1,1,c1ccc(N(c2ccccc2)c2ccc3c(c2)oc2ccc(N4c5ccccc5Cc5cc6ccc7[nH]c8ccc(N(c9ccccc9)c9ccccc9)cc8c7c6cc54)cc23)cc1,0.1831759,383.7685,0.1595487,0.1595,0.4913955,3.5525,1.0000000,1.0000,[],26
32.8113,32.9286,-32.9286,0.0000000,Cc1c(C=NNC(=O)c2ccccc2)sc(=S)n1N,1,O=C(NN=Cc1c[nH]c(=S)s1)c1ccccc1,0.0000000,0.0000,0.0000000,0.0000,0.0000000,0.0000,0.0000000,0.0000,['[#7;!n][#7;!n]'],26
39.2475,58.5332,45.9012,0.8158941,CCCCC1(CCCC)c2cc(C=Cc3ccc4ccc(-c5ccc(C=Cc6ccc(N(c7ccccc7)c7ccccc7)cc6)s5)cc4n3)ccc2-c2ccc(N(c3ccccc3)c3ccccc3)cc21,1,C(=Cc1ccc(-c2ccc3ccc(C=Cc4ccc5c(c4)Cc4cc(N(c6ccccc6)c6ccccc6)ccc4-5)nc3c2)s1)c1ccc(N(c2ccccc2)c2ccccc2)cc1,0.8846685,422.1208,0.0906610,0.0907,0.4715001,3.7592,1.0000000,1.0000,[],26
47.8412,55.6473,-55.6342,0.0001019,Cc1nc2ccc(N3C(=O)CC4(C(=O)N(C)C(N)=NC4c4cccc(F)c4F)c4ccccc43)cc2n1C,1,O=C1CC2(C(=O)NC=NC2c2ccccc2)c2ccccc2N1c1ccc2nc[nH]c2c1,0.0000656,295.4278,0.4375104,0.4375,0.4240429,4.2896,1.0000000,1.0000,[],26
38.9606,46.0485,55.3016,0.7917976,O=C(C=C1C=CC(=O)c2cc(N(c3ccccc3)c3ccccc3)ccc21)c1ccc(Br)s1,1,O=C(C=C1C=CC(=O)c2cc(N(c3ccccc3)c3ccccc3)ccc21)c1cccs1,0.8322545,502.6099,0.2009019,0.2009,0.5808511,2.7163,1.0000000,1.0000,[],26
70.6700,93.8907,-93.8907,0.0000000,[C-]#[N+]c1nc2c(C#Cc3c4c(c(Oc5ccc(-c6ccc(C#N)cc6)cc5)c5ccccc35)CCC(c3ccc(C#N)cc3)=C4)cnn2c2ccc(-c3ccc(N(c4ccccc4)c4ccccc4)cc3)nc12,1,C(#Cc1cnn2c1ncc1nc(-c3ccc(N(c4ccccc4)c4ccccc4)cc3)ccc12)c1c2c(c(Oc3ccc(-c4ccccc4)cc3)c3ccccc13)CCC(c1ccccc1)=C2,0.0000000,0.0000,0.0000000,0.0000,0.0000000,0.0000,0.0000000,0.0000,['C#C'],26
52.4463,65.2106,42.7980,0.8438167,COc1ccc(C(=Cc2ccc(-c3ccc(N(c4ccc(-c5ccc(N(c6ccccc6)c6ccc(C)cc6)cc5)cc4)c4ccccc4C4=CC(=C(C#N)C#N)c5ccccc5C4C)cc3)cc2)c2ccc(C)cc2)cc1,1,C=C1C=C(c2ccccc2N(c2ccc(-c3ccc(C=C(c4ccccc4)c4ccccc4)cc3)cc2)c2ccc(-c3ccc(N(c4ccccc4)c4ccccc4)cc3)cc2)Cc2ccccc21,0.9205229,493.4052,0.0850561,0.0851,0.4228671,4.3035,1.0000000,1.0000,[],26
65.3795,88.2576,21.5910,0.8581923,CCCCCCN(C)c1cc2c3cc(N=Nc4ccc(NCc5ccc(Cl)c(Cl)c5N=O)cc4)c(C)cc3n(CCCCS(=O)(=O)O)c2cc1N(CCCC)CCCC,1,c1ccc(CNc2ccc(N=Nc3ccc4[nH]c5ccccc5c4c3)cc2)cc1,0.9693861,482.4855,0.0273108,0.0273,0.4635894,3.8438,1.0000000,1.0000,[],26
60.3666,69.5968,-68.2414,0.0105889,[C-]#[N+]CC12C(=C)C(C3CCC(CCCCC)CC3)(c3ccc(-c4ccc(N(c5ccccc5)c5ccccc5)cc4)cc31)c1cccc(-c3ccccc3C#N)c12,1,C=C1C2c3cc(-c4ccc(N(c5ccccc5)c5ccccc5)cc4)ccc3C1(C1CCCCC1)c1cccc(-c3ccccc3)c12,0.0092359,349.2378,0.0752579,0.0753,0.3692537,4.9814,1.0000000,1.0000,[],26
31.4256,34.6826,-34.6826,0.0000000,O=C(O)CCCc1ccc(Nc2cccc3c4ccccc4c4ccccc4c23)cc1,1,c1ccc(Nc2cccc3c4ccccc4c4ccccc4c23)cc1,0.0000000,0.0000,0.0000000,0.0000,0.0000000,0.0000,0.0000000,0.0000,"['C(=[O,S])[O,S]']",26
63.3566,82.5057,-20.0607,0.4878520,Cc1ccc(-c2c(-c3ccc([N+](=O)[O-])cc3)c(N)nc3cc4oc(-c5ccc(NC(=O)c6sc7c(c6N)c6c(n7-c7ccc(N(c8ccccc8)c8ccccc8)cc7)CCC6)cc5)cc4cc23)cc1,1,O=C(Nc1ccc(-c2cc3cc4c(-c5ccccc5)c(-c5ccccc5)cnc4cc3o2)cc1)c1cc2c3c(n(-c4ccc(N(c5ccccc5)c5ccccc5)cc4)c2s1)CCC3,0.5149903,400.6512,0.0902859,0.0903,0.4682967,3.7933,1.0000000,1.0000,[],26
37.7023,52.5384,-52.5384,0.0000000,N#CC(=Cc1ccc2c3ccccc3n(CCOC(=O)C=Cc3ccc(N(c4ccccc4)c4ccccc4)cc3)c2c1)NC(=O)c1ccccc1,1,O=C(C=Cc1ccc(N(c2ccccc2)c2ccccc2)cc1)OCCn1c2ccccc2c2ccc(C=CNC(=O)c3ccccc3)cc21,0.0000000,0.0000,0.0000000,0.0000,0.0000000,0.0000,0.0000000,0.0000,"['C(=[O,S])[O,S]']",26
40.5202,48.0962,-48.0962,0.0000000,c12c3c(cccc3cc(-c3ccccc3Nc3c4ccccc4c(cc3)N(c3ccccc3)c3ccccc3)c2)c2c(c1)cc(cc2)N(c1ccccc1)c1ccccc1,0,,0.0000000,0.0000,0.0000000,0.0000,0.0000000,0.0000,0.0000000,0.0000,None,26
62.2070,77.5817,-56.8092,0.1622850,CCCCSCCCn1c(C[n+]2ccc3oc(-c4ccc(N(c5ccccc5)c5ccccc5)cc4)cc3c2)c(-c2ccc(C)cc2)c2cc(C=Cc3ccc(Br)cc3)ccc21,1,C(=Cc1ccc2[nH]c(C[n+]3ccc4oc(-c5ccc(N(c6ccccc6)c6ccccc6)cc5)cc4c3)c(-c3ccccc3)c2c1)c1ccccc1,0.1641050,382.3242,0.0548889,0.0549,0.4857546,3.6103,1.0000000,1.0000,[],26
97.0592,114.7907,-114.7907,0.0000000,c12c(c(c(N(c3ccccc3)c3ccccc3)n2Cc2ccc(OC)cc2)c2c3cc4-c5c(cccc5)-c4c4c3c(c2C(=O)c2ccc(cc2)N(C)C)c2nc3c(cccc3)cc2o4)c2c(c3ccccc31)ccc(c2)N(c1ccc(OC)cc1)c1ccccc1,0,,0.0000000,0.0000,0.0000000,0.0000,0.0000000,0.0000,0.0000000,0.0000,None,26
68.7757,90.9277,-90.9277,0.0000000,CCc1ccc(N(c2ccc(C)cc2)c2ccc3c(c2C)-c2cc(CC)ccc2C2=Cc4c(ccc(-c5sc(-c6cc(C#N)ccc6C#N)c6c5OCCCO6)c42)C3=O)cc1,1,O=C1c2ccc(N(c3ccccc3)c3ccccc3)cc2-c2ccccc2C2=Cc3c1ccc(-c1sc(-c4ccccc4)c4c1OCCCO4)c32,0.0000000,0.0000,0.0000000,0.0000,0.0000000,0.0000,0.0000000,0.0000,['[*;r{8-17}]'],26
91.7694,149.5905,-39.5579,0.8596297,CCCCN(CCCC)c1ccc(C(C(=O)NC(=O)C(=O)C(C#N)(C#N)CC(=O)NC(=O)C(N)CO)C(C)(N)CCC(c2ccc(N(C)C)cc2)C(O)C=Cc2ccc3c(c(-c4ccc(N(C)C)cc4)nn3-c3ccc(N(C)C)cc3)c2F)cc1,1,C(=Cc1ccc2c(c1)c(-c1ccccc1)nn2-c1ccccc1)CC(CCCCc1ccccc1)c1ccccc1,0.9816932,443.2341,0.0259833,0.0260,0.2983176,6.0480,1.0000000,1.0000,[],26
44.2021,57.2938,-41.7658,0.1213125,Cc1ccc(N(c2ccccc2)c2cc3c(ccc4c5ccc(-c6cc(C#N)c7ccccc7c6)cc5ccc34)cc2F)cc1,1,c1ccc(N(c2ccccc2)c2ccc3ccc4c5ccc(-c6ccc7ccccc7c6)cc5ccc4c3c2)cc1,0.1156689,377.9150,0.1942639,0.1943,0.5753186,2.7642,1.0000000,1.0000,[],26
44.9683,63.9546,-56.5214,0.0580720,COc1ccc(C2=CS(=O)(=O)CC2N(c2cccc(C)c2C)S(=O)(=O)c2ccc(C)cc2)cc1N(c1ccccc1)c1ccccc1,1,O=S1(=O)C=C(c2cccc(N(c3ccccc3)c3ccccc3)c2)C(N(c2ccccc2)S(=O)(=O)c2ccccc2)C1,0.0537948,368.8689,0.1583081,0.1583,0.4885849,3.5812,1.0000000,1.0000,[],26
40.1580,39.2755,-30.1647,0.0711782,CN1CCN(c2cccc3c2c(=O)c2occc2n3N)CC1,1,O=c1c2occc2[nH]c2cccc(N3CCNCC3)c12,0.0634388,370.7705,0.6840864,0.6841,0.5659899,2.8459,1.0000000,1.0000,[],27
59.8638,83.7887,-63.0658,0.1618981,CCn1c2ccccc2c2cc(NC(=O)c3c(-c4c5ccccc5cc5ccccc45)c4n(c3-c3ccc5c(c3)CCN5c3ccc(N(c5ccccc5)c5ccccc5)cc3)-c3ccccc3C(C)(C)C4)ccc21,1,O=C(Nc1ccc2[nH]c3ccccc3c2c1)c1c(-c2c3ccccc3cc3ccccc23)c2n(c1-c1ccc3c(c1)CCN3c1ccc(N(c3ccccc3)c3ccccc3)cc1)-c1ccccc1CC2,0.1588600,381.9037,0.1466414,0.1466,0.4618618,3.8624,1.0000000,1.0000,[],27
46.5612,65.9123,-60.4595,0.0426002,Nc1ccc2c(-c3ccc4ccc(Nc5ccc(N(c6ccccc6)c6ccccc6)cc5)cc4c3)nn(-c3ccc(C=Cc4ccc5c(c4)c4ccccc4n5-c4ccccc4)cc3)c2c1,1,C(=Cc1ccc2c(c1)c1ccccc1n2-c1ccccc1)c1ccc(-n2nc(-c3ccc4ccc(Nc5ccc(N(c6ccccc6)c6ccccc6)cc5)cc4c3)c3ccccc32)cc1,0.0392873,365.2915,0.1062004,0.1062,0.5062796,3.4033,1.0000000,1.0000,[],27
71.2878,93.3373,-93.3373,0.0000000,N1=C2C(C(N(Cc3ccccc3)c3c2cccc3)=O)=C(c2ccc3c(c2)c2cc(ccc2n3CCCC)CCCCCC)C(=C1c1ccc(s1)-c1ccc(N(c2ccccc2)c2ccccc2)cc1)C#Cc1cc2c3c(c1CCCCCC)cccc3ccc2,0,,0.0000000,0.0000,0.0000000,0.0000,0.0000000,0.0000,0.0000000,0.0000,None,27
46.9969,70.2428,42.3681,0.8797734,N#Cc1c(N(Cc2ccc(N(c3ccccc3)c3ccccc3)cc2)c2ccc(N(c3ccccc3)c3ccccc3)s2)c2cc(-c3ccc(N4c5ccccc5Oc5ccccc54)cc3)ccc2oc1=N,1,N=c1cc(N(Cc2ccc(N(c3ccccc3)c3ccccc3)cc2)c2ccc(N(c3ccccc3)c3ccccc3)s2)c2cc(-c3ccc(N4c5ccccc5Oc5ccccc54)cc3)ccc2o1,0.9472281,431.3513,0.1305994,0.1306,0.4602961,3.8794,1.0000000,1.0000,[],27
35.7564,51.7118,29.1586,0.6317997,CCCCCCCCn1c2cc3ccccc3cc2c2c3nc(N)nc(N)c3c(-c3ccc(N(c4ccccc4)c4ccccc4)cc3)cc21,1,c1ccc(N(c2ccccc2)c2ccc(-c3cc4[nH]c5cc6ccccc6cc5c4c4ncncc34)cc2)cc1,0.6652956,407.4588,0.1355556,0.1356,0.5465120,3.0210,1.0000000,1.0000,[],27
60.7575,92.4066,22.9140,0.9009425,CC1(C)CN(c2ccc(N=Cc3ccc(-c4c5nc(Nc6cccc(CN7CCCCCC7)c6)ncc5nc5c4nc(-c4ccc(N(c6ccccc6)c6ccccc6)cc4)c4ccccc45)cc3)cc2)CC(C)(C)N1,1,C(=Nc1ccc(N2CCNCC2)cc1)c1ccc(-c2c3nc(Nc4cccc(CN5CCCCCC5)c4)ncc3nc3c2nc(-c2ccc(N(c4ccccc4)c4ccccc4)cc2)c2ccccc23)cc1,0.9909417,469.0250,0.0704410,0.0704,0.4475399,4.0199,1.0000000,1.0000,[],27
46.9634,79.8723,-79.8723,0.0000000,c1cc(c(cc1N)F)-c1cc2c(c(C(=C(C#N)c3onc(c3)-c3ccc(N(c4ccc(cc4)C)c4ccc(cc4)C)cc3)c3ccc(cc3)N(c3ccccc3)c3ccccc3)cc2)cc1,0,,0.0000000,0.0000,0.0000000,0.0000,0.0000000,0.0000,0.0000000,0.0000,None,27
23.1745,28.5416,71.9167,0.7848303,Cc1csc(N=Cc2ccc(N(c3ccccc3)c3ccccc3)cc2)n1,1,C(=Nc1nccs1)c1ccc(N(c2ccccc2)c2ccccc2)cc1,0.8075216,415.5693,0.3674339,0.3674,0.6326984,2.2888,1.0000000,1.0000,[],27
30.1745,42.5887,-36.5249,0.0473737,c1ccc(N(CCON=C2c3ccc(N(c4ccccc4)c4ccccc4)cc3CCc3ccc(N(c4ccccc4)c4ccccc4)cc32)c2ccccc2)cc1,1,c1ccc(N(CCON=C2c3ccc(N(c4ccccc4)c4ccccc4)cc3CCc3ccc(N(c4ccccc4)c4ccccc4)cc32)c2ccccc2)cc1,0.0440685,366.5925,0.0918553,0.0919,0.5446950,3.0376,1.0000000,1.0000,[],27
33.9193,55.0858,-28.7323,0.2058870,Cc1oc2cc(N(C)C)ccc2c(=O)c1-c1ccc2nc(-c3ccc(N(c4ccccc4)c4ccccc4)cc3)cc(-c3ccc(N(c4ccccc4)c4ccccc4)cc3)c2c1,1,O=c1c(-c2ccc3nc(-c4ccc(N(c5ccccc5)c5ccccc5)cc4)cc(-c4ccc(N(c5ccccc5)c5ccccc5)cc4)c3c2)coc2ccccc12,0.2044266,385.2464,0.1370248,0.1370,0.5317624,3.1578,1.0000000,1.0000,[],27
32.1337,40.7824,-15.0759,0.2008327,O=C1c2c(n(-c3cccc4ccccc34)c(=O)[nH]c2=O)C(=O)N1c1ccc(Cl)c(Cl)c1,1,O=C1c2c(n(-c3cccc4ccccc34)c(=O)[nH]c2=O)C(=O)N1c1ccccc1,0.1910308,384.3293,0.4688631,0.4689,0.6063796,2.5012,1.0000000,1.0000,[],27
42.1665,58.9830,-50.4130,0.0669527,c1ccc(N(c2ccccc2)c2ccc3c(c2)c2ccccc2c2c(-c4ccc(N(c5ccccc5)c5ccc6cc(N7c8ccccc8C(c8ccccc8)(c8ccccc8)c8ccccc87)ccc6c5)c5ccccc45)cccc32)cc1,1,c1ccc(N(c2ccccc2)c2ccc3c(c2)c2ccccc2c2c(-c4ccc(N(c5ccccc5)c5ccc6cc(N7c8ccccc8C(c8ccccc8)(c8ccccc8)c8ccccc87)ccc6c5)c5ccccc45)cccc32)cc1,0.0629835,370.6870,0.1264126,0.1264,0.4703890,3.7710,1.0000000,1.0000,[],27
33.7565,60.5843,54.8486,0.9018202,CC(C)=CC(=O)c1ccc2cc(N(c3ccc(C)cc3)c3ccc(C)cc3)c(C#N)cc2c1C=Cc1ccc(N(c2ccccc2)c2ccccc2)cc1,1,C(=Cc1cccc2cc(N(c3ccccc3)c3ccccc3)ccc12)c1ccc(N(c2ccccc2)c2ccccc2)cc1,0.9842781,444.9153,0.0809871,0.0810,0.5251428,3.2204,1.0000000,1.0000,[],27
31.2203,48.3800,-30.4264,0.1402628,c1ccc(C2NC(c3ccc(-c4ccc(N(c5ccccc5)c5ccccc5)cc4)cc3)=C3C(=c4ccccc4=C3c3ccc(N(c4ccccc4)c4ccccc4)cc3)N2)cc1,1,c1ccc(C2NC(c3ccc(-c4ccc(N(c5ccccc5)c5ccccc5)cc4)cc3)=C3C(=c4ccccc4=C3c3ccc(N(c4ccccc4)c4ccccc4)cc3)N2)cc1,0.1364349,540.0342,0.1440716,0.1441,0.5015248,3.4505,1.0000000,1.0000,[],27
56.3356,79.1086,-79.1086,0.0000000,c12c(noc2c(-c2ccc(cc2)-c2cc3c(c4nc(c(-c5ccc(cc5)N)c5cc4ccc3cc5)-c3ccccc3)c2)ccc1)-c1ccc(cc1)N(c1ccccc1)c1ccccc1,0,,0.0000000,0.0000,0.0000000,0.0000,0.0000000,0.0000,0.0000000,0.0000,None,27
34.7688,53.6012,60.5463,0.8917774,CCCCCCc1ccc(N(c2ccc(C=Cc3ccc(C=C(c4ccccc4)c4ccccc4)s3)cc2)c2ccc(-c3nc(-c4ccc(C=Cc5ccc(N(c6ccccc6)c6ccccc6)cc5)cc4)nc4ccccc34)cc2)cc1,1,C(=Cc1ccc(N(c2ccccc2)c2ccccc2)cc1)c1ccc(-c2nc(-c3ccc(N(c4ccccc4)c4ccc(C=Cc5ccc(C=C(c6ccccc6)c6ccccc6)s5)cc4)cc3)c3ccccc3n2)cc1,0.9866825,446.7439,0.0562359,0.0562,0.4617164,3.8640,1.0000000,1.0000,[],27
50.7403,57.9152,29.2376,0.6808817,CCCCCCCCC(=O)n1nc2sc(C#N)c(C(C#N)C#N)n2c1=Nc1ccc(C)cc1C,1,c1ccc(N=c2[nH]nc3sccn23)cc1,0.6983106,409.1122,0.3828201,0.3828,0.4861639,3.6060,1.0000000,1.0000,[],27
57.3440,75.8987,-51.1825,0.1930956,Cc1ccc(N(c2ccc(C)cc2)c2ccc3c(Oc4ccc(N(c5ccccc5)c5ccccc5)cc4)c(C(O)=c4ccc(=C5CC(C)(C)CC(c6ccc(N(c7ccccc7)c7ccccc7)cc6)=C5F)s4)sc3c2)cc1,1,C1=C(c2ccc(N(c3ccccc3)c3ccccc3)cc2)CCCC1=c1ccc(=Cc2sc3cc(N(c4ccccc4)c4ccccc4)ccc3c2Oc2ccc(N(c3ccccc3)c3ccccc3)cc2)s1,0.1924421,535.5718,0.1245753,0.1246,0.4377407,4.1306,1.0000000,1.0000,[],27
53.9922,72.8880,-72.8880,0.0000000,n12c(ccc(c1)-c1ccc(Nc3ccc(cc3)OC)nc1-c1ccc(N(CCCC)CCCC)cc1)n(-c1c(F)c(c(c(F)c1F)C#N)F)c2=N,0,,0.0000000,0.0000,0.0000000,0.0000,0.0000000,0.0000,0.0000000,0.0000,None,27
54.7835,61.6555,-61.6555,0.0000000,CCC(OC(=O)c1cccn2nc(-c3ccc(Nc4ccccc4)nc3)cc12)(c1ccccc1)c1ccc(C)cc1,1,O=C(OC(c1ccccc1)c1ccccc1)c1cccn2nc(-c3ccc(Nc4ccccc4)nc3)cc12,0.0000000,0.0000,0.0000000,0.0000,0.0000000,0.0000,0.0000000,0.0000,"['C(=[O,S])[O,S]']",27
24.7738,29.7368,91.6657,0.9484566,Cc1cc(NC(=O)c2ccccc2)ccc1N=Nc1ccc(N(C)C)cc1,1,O=C(Nc1ccc(N=Nc2ccccc2)cc1)c1ccccc1,0.9701826,437.8096,0.5922626,0.5923,0.6554824,2.1119,1.0000000,1.0000,[],27
41.4694,45.3903,68.6539,0.8909701,COc1cc([N+](=O)[O-])cc2c1c(O)cc1c(=O)c3c(N)cc(N(C)C)cc3oc12,1,O=c1c2ccccc2oc2c1ccc1ccccc12,0.9467432,431.2464,0.1773677,0.1774,0.5608101,2.8919,1.0000000,1.0000,[],27
42.3529,62.7477,48.4043,0.8683756,N#Cc1cnc2nc(Nc3ccc(N(c4ccc(N)cc4)c4ccc(Oc5ccccc5)cc4)cc3)c(N)nc2c1Nc1cccc(N)c1,1,c1ccc(Nc2ccnc3nc(Nc4ccc(N(c5ccccc5)c5ccc(Oc6ccccc6)cc5)cc4)cnc23)cc1,0.9404836,429.9679,0.0955217,0.0955,0.5383250,3.0965,1.0000000,1.0000,[],27
27.7137,29.3952,-29.3295,0.0005136,CCCCCCCCCCSc1nc2ccccc2c(=O)n1C1CCCC1,1,O=c1c2ccccc2ncn1C1CCCC1,0.0003638,314.0247,0.2434300,0.2434,0.6493299,2.1591,1.0000000,1.0000,[],27
49.2993,64.3879,52.9106,0.9163942,O=C(c1ccc(N(c2ccccc2)c2ccccc2)cc1)c1c2c(c3c(ccc4ccccc43)c1S(=O)(=O)c1ccccc1)C=CC(=Cc1ccc(-c3ccccc3)cc1)O2,1,O=C(c1ccc(N(c2ccccc2)c2ccccc2)cc1)c1c2c(c3c(ccc4ccccc43)c1S(=O)(=O)c1ccccc1)C=CC(=Cc1ccc(-c3ccccc3)cc1)O2,0.9929346,466.3055,0.1073458,0.1073,0.5060683,3.4054,1.0000000,1.0000,[],27
33.1996,39.1164,-38.6701,0.0034864,Cc1ccc([S+]2c3ccccc3N(C(=O)c3cccc(Br)c3)c3ccccc32)cc1,1,O=C(c1ccccc1)N1c2ccccc2[S+](c2ccccc2)c2ccccc21,0.0027260,335.9177,0.2834136,0.2834,0.5662860,2.8433,1.0000000,1.0000,[],27
41.6318,47.2509,31.8418,0.6179120,CC1(C)c2ccccc2-c2cc(N(c3ccccc3)c3cc(C#N)cc4c5ccccc5c5c6ccccc6ccc5c34)ccc21,1,c1ccc(N(c2ccc3c(c2)-c2ccccc2C3)c2cccc3c4ccccc4c4c5ccccc5ccc4c23)cc1,0.6424019,406.3603,0.1925792,0.1926,0.5605261,2.8944,1.0000000,1.0000,[],27
36.9557,50.8554,-3.3191,0.3713770,CCc1ccc(N(c2ccc(OC)cc2)c2ccc(-c3cc(=O)n4ccccc4[n+]3CC)cc2C)cc1,1,O=c1cc(-c2ccc(N(c3ccccc3)c3ccccc3)cc2)[nH+]c2ccccn12,0.3732352,394.3719,0.2406051,0.2406,0.5618498,2.8826,1.0000000,1.0000,[],27
38.0017,40.2113,-40.2113,0.0000000,C#CCOc1ccc(C2C(C#N)=C3Nc4ccccc4NC3c3ccccc32)cc1Br,1,C1=C2Nc3ccccc3NC2c2ccccc2C1c1ccccc1,0.0000000,0.0000,0.0000000,0.0000,0.0000000,0.0000,0.0000000,0.0000,['C#C'],27
52.6417,67.0469,-63.1840,0.0301791,[C-]#[N+]c1ccc2c([N+]#[C-])c3cc4c(ccc5c(F)c(N(c6ccccc6)c6ccccc6)c6c(c54)C=CC64c5ccccc5-c5ccccc54)cc3c(N(c3ccccc3)c3ccccc3)c2c1,1,C1=CC2(c3ccccc3-c3ccccc32)c2c(N(c3ccccc3)c3ccccc3)cc3ccc4cc5c(N(c6ccccc6)c6ccccc6)c6ccccc6cc5cc4c3c21,0.0275626,558.6885,0.0939620,0.0940,0.4079892,4.4826,1.0000000,1.0000,[],27
41.4772,57.2612,-39.4665,0.1390210,C=Nc1c(C(=NC(=N)c2cccs2)c2ccc(N(c3ccccc3)c3ccccc3)cc2)cc(-c2ccc(N(c3ccccc3)c3ccccc3)cc2)c2ccccc12,1,N=C(N=C(c1ccc(N(c2ccccc2)c2ccccc2)cc1)c1cc(-c2ccc(N(c3ccccc3)c3ccccc3)cc2)c2ccccc2c1)c1cccs1,0.1364637,379.9684,0.1050218,0.1050,0.5114340,3.3527,1.0000000,1.0000,[],27
48.7778,62.4026,28.8584,0.7129764,CCCCCCCCCCCCN(c1ccc(C=Cc2ccc3cc(N(c4ccccc4)c4ccccc4)ccc3c2)cc1)c1cccc2c(-c3ccc(N(c4ccccc4)c4ccccc4)cc3)c3c4ccccc4n(-c4ccccc4)c3cc12,1,C(=Cc1ccc2cc(N(c3ccccc3)c3ccccc3)ccc2c1)c1ccc(Nc2cccc3c(-c4ccc(N(c5ccccc5)c5ccccc5)cc4)c4c5ccccc5n(-c5ccccc5)c4cc23)cc1,0.7844261,414.0239,0.0468585,0.0469,0.4532668,3.9564,1.0000000,1.0000,[],27
47.4313,49.4568,-49.4568,0.0000000,CC(C)(CN1CC(=Cc2cc(C(=O)c3ccc(Cl)cc3)cs2)C1=O)C(=O)O,1,O=C1NCC1=Cc1cc(C(=O)c2ccccc2)cs1,0.0000000,0.0000,0.0000000,0.0000,0.0000000,0.0000,0.0000000,0.0000,"['C(=[O,S])[O,S]']",27
51.2489,64.9375,36.6580,0.7937147,CCCCCCCCCCc1ccc(-c2nc(-c3ccc(-c4ccc(C=C(C(=O)Nc5ccc(-c6ccc(N(c7ccccc7)c7ccccc7)cc6)cc5)c5ccccc5)cc4)s3)sc2-c2ccc(N(CCCC)CCCC)cc2)cc1,1,O=C(Nc1ccc(-c2ccc(N(c3ccccc3)c3ccccc3)cc2)cc1)C(=Cc1ccc(-c2ccc(-c3nc(-c4ccccc4)c(-c4ccccc4)s3)s2)cc1)c1ccccc1,0.8905054,422.7561,0.0301629,0.0302,0.4531853,3.9573,1.0000000,1.0000,[],27
23.9886,23.7372,-23.5584,0.0013971,c1cnc2sncc2n1,1,c1cnc2sncc2n1,0.0010213,325.2403,0.5451302,0.5451,0.5265291,3.2072,1.0000000,1.0000,[],27
99.1185,121.3124,-55.0879,0.5173790,CCCCCCCCN1c2cccc3c(C45c6c(OC)c(Cl)c(O)c(OC)c6C(C)(CC4N)c4c5c(O)c5c(=O)c6c(OC)cc(CO)cc6oc5c4C#N)ccc(c23)N=C(O)C1(C)C,1,O=c1c2ccccc2oc2cc3c(cc12)C1(c2ccc4c5c(cccc25)NCC=N4)CCC3c2ccccc21,0.5611451,402.6689,0.0575329,0.0575,0.2947788,6.1076,1.0000000,1.0000,[],27
44.7582,54.3279,-47.8938,0.0502663,N#Cc1ccc(-c2nc(-c3ccc4ccccc4c3)cc(C#N)c2-c2cc(C#N)c(-n3c4ccccc4c4cc(C#N)ccc43)c3oc4ccccc4c23)cc1,1,c1ccc(-c2nc(-c3ccc4ccccc4c3)ccc2-c2ccc(-n3c4ccccc4c4ccccc43)c3oc4ccccc4c23)cc1,0.0460059,367.0817,0.1786793,0.1787,0.5036021,3.4298,1.0000000,1.0000,[],27
63.1707,76.7094,36.4181,0.8838083,CCCCCCCCCCCCCCCCN(Cc1ccc(Cl)cc1)c1ccc2c(=O)n(-c3ccc(N(c4ccc(C)cc4)c4ccc(C)cc4)cc3)c3cc(S(=O)(=O)c4ccccc4[N+](=O)[O-])ccc3c(=O)c2c1,1,O=c1c2cc(NCc3ccccc3)ccc2c(=O)n(-c2ccc(N(c3ccccc3)c3ccccc3)cc2)c2cc(S(=O)(=O)c3ccccc3)ccc12,0.9950442,457.5682,0.0314994,0.0315,0.4709103,3.7654,1.0000000,1.0000,[],27
73.6750,83.8923,-83.8923,0.0000000,NC(=Nc1ccc(N=Nc2c3c(cccc3)c3c(c2)c2ccccc2s3)c2ccc(cc21)-c1ccc2c3c(ccc4c(-c5ccc(N(c6ccccc6)c6ccccc6)cc5)ccc34)ccc(c2c1)=O)C#N,0,,0.0000000,0.0000,0.0000000,0.0000,0.0000000,0.0000,0.0000000,0.0000,None,27
63.8084,82.3055,-82.3055,0.0000000,c1cc(ccc1/C=C1\C(=O)N(C)C(N1)=O)-n1c2c(c3c1c(-c1ccc(cc1)N(c1ccc(cc1)C)c1ccc(cc1)C)cc(cc3)-c1ccc(Cl)cc1)c1c(cc2)c2c(cccc2)c2ccccc12,0,,0.0000000,0.0000,0.0000000,0.0000,0.0000000,0.0000,0.0000000,0.0000,None,27
46.7604,62.7087,-62.7087,0.0000000,Cc1ccc(S(=O)(=O)C(C#N)=Cc2cccc(OCCCCCCCOC(=O)c3ccc4cc(N(c5ccccc5)c5ccccc5)ccc4c3)c2Br)cc1,1,O=C(OCCCCCCCOc1cccc(C=CS(=O)(=O)c2ccccc2)c1)c1ccc2cc(N(c3ccccc3)c3ccccc3)ccc2c1,0.0000000,0.0000,0.0000000,0.0000,0.0000000,0.0000,0.0000000,0.0000,"['C(=[O,S])[O,S]']",27
67.9898,74.7456,-74.7456,0.0000000,C(=C)(c1cc2c(=O)n3c(c(c2o1)/C=C(\N)c1ccccn1)cc(n3)-c1ccc(C)cc1)c1ccc2n(c3ccccc3c2c1)C,0,,0.0000000,0.0000,0.0000000,0.0000,0.0000000,0.0000,0.0000000,0.0000,None,27
45.2969,57.8723,-57.7711,0.0007909,CCCCOc1ccc(N(c2ccc(Br)cc2)c2cc(F)nc(SCC(=O)Nc3ccccc3C)n2)cc1,1,O=C(CSc1nccc(N(c2ccccc2)c2ccccc2)n1)Nc1ccccc1,0.0005942,319.3546,0.0819053,0.0819,0.5935318,2.6083,1.0000000,1.0000,[],27
44.5158,63.0470,34.8578,0.7648815,CCCCCCCCOCCCCCCn1c2cc3c(cc2c2cc([N+](=O)[O-])c4ccccc4c21)C(C#N)=CC(C)(C#N)N3CCCCCCCC,1,C1=Cc2cc3c(cc2NC1)[nH]c1c2ccccc2ccc31,0.8453912,418.4456,0.0457752,0.0458,0.4503200,3.9890,1.0000000,1.0000,[],27
65.4304,83.3182,-83.3182,0.0000000,C1(=O)c2c3c(cccc3)c(c3c2c2c(c(c13)C(=O)c1cc3c4c([nH]c3cc1)ccc(C)c4)c1cc(c(c3c1cccc3)N(c1ccccc1)c1ccccc1)c2)C#N,0,,0.0000000,0.0000,0.0000000,0.0000,0.0000000,0.0000,0.0000000,0.0000,None,27
58.5622,85.6478,-85.6478,0.0000000,N#CC(C#N)=Cc1ccc(-c2ccc(C(C(=O)O)=C(C#N)c3cc(C=Cc4ccc(N(c5ccc(C#N)cc5)c5ccc6ccccc6c5)c5ccccc45)cc(-c4ccc(N(c5ccccc5)c5ccccc5)cc4)c3O)cc2)s1,1,C(=Cc1cc(C=Cc2ccc(N(c3ccccc3)c3ccc4ccccc4c3)c3ccccc23)cc(-c2ccc(N(c3ccccc3)c3ccccc3)cc2)c1)c1ccc(-c2cccs2)cc1,0.0000000,0.0000,0.0000000,0.0000,0.0000000,0.0000,0.0000000,0.0000,"['C(=[O,S])[O,S]']",27
47.7469,59.1582,17.6611,0.6001508,Cc1cc2c(ccc3c4cc(Br)ccc4c(Sc4ccc(C=Cc5ccc(N(c6ccccc6)c6ccccc6)cc5)cc4)nc23)s1,1,C(=Cc1ccc(N(c2ccccc2)c2ccccc2)cc1)c1ccc(Sc2nc3c4ccsc4ccc3c3ccccc23)cc1,0.6322563,405.8837,0.1213040,0.1213,0.5556274,2.9383,1.0000000,1.0000,[],27
37.3528,52.3240,46.8399,0.7747178,CCCC1=C(Nc2ccccc2)C(=O)N(c2ccc(Br)cc2)C(=O)C1=Nc1ccc(N(c2ccccc2)c2ccccc2)cc1,1,O=C1C(Nc2ccccc2)=CC(=Nc2ccc(N(c3ccccc3)c3ccccc3)cc2)C(=O)N1c1ccccc1,0.8195257,503.5713,0.1607090,0.1607,0.5674062,2.8334,1.0000000,1.0000,[],27
61.2677,86.2016,19.9529,0.8293322,CCc1nc2c(N(c3ccccc3)c3ccccc3)cc3cc(-c4ccc5ccc6c(N(c7ccccc7)c7ccccc7)c(C7OCC7=O)c(=O)oc6c5c4)ccc3c2n1CC,1,O=C1COC1c1c(N(c2ccccc2)c2ccccc2)c2ccc3ccc(-c4ccc5c(c4)cc(N(c4ccccc4)c4ccccc4)c4nc[nH]c45)cc3c2oc1=O,0.8985771,423.6855,0.1003449,0.1003,0.4368209,4.1412,1.0000000,1.0000,[],27
34.1480,55.2486,49.0711,0.8149974,CCCCCCCCOc1ccc(N(c2ccc(N(c3ccccc3)c3ccccc3)cc2)c2ccc(-c3nc(N)nc4scc(C#N)c34)c3ccccc23)cc1,1,c1ccc(N(c2ccccc2)c2ccc(N(c3ccccc3)c3ccc(-c4ncnc5sccc45)c4ccccc34)cc2)cc1,0.8779555,421.4239,0.1039253,0.1039,0.5221379,3.2491,1.0000000,1.0000,[],27
56.8933,80.1652,-80.1652,0.0000000,C1(C)(c2c(-c3c1cc1c(N(/C(=C/C=C\C(=C(c4ccc(N(c5ccc(cc5)C)c5ccccc5)c4)F)c4ccc(cc4)N(c4ccccc4)c4ccccc4)C#N)CC(C1)(C)C)c3)cc(N(c1ccccc1)c1ccccc1)cc2)C,0,,0.0000000,0.0000,0.0000000,0.0000,0.0000000,0.0000,0.0000000,0.0000,None,27
37.4767,53.6394,-39.5337,0.1102006,N#Cc1ccc(-c2c(-c3ccc(N(c4ccccc4)c4ccccc4)cc3)n[nH]c(=O)c2Oc2ccccc2)cc1N,1,O=c1[nH]nc(-c2ccc(N(c3ccccc3)c3ccccc3)cc2)c(-c2ccccc2)c1Oc1ccccc1,0.1044795,376.6739,0.1973182,0.1973,0.5787298,2.7346,1.0000000,1.0000,[],27
57.5154,69.4035,-69.4035,0.0000000,CC(C)(C)c1ccc(N(c2cccc(C#Cc3ccc(C#N)cc3)c2)c2cccc3c4cc(N(c5ccccc5)c5ccccc5)ccc4c4cc5c(cc2c34)-c2cc(C(C)(C)C)ccc2C5(C)C)cc1,1,C(#Cc1cccc(N(c2ccccc2)c2cccc3c4cc(N(c5ccccc5)c5ccccc5)ccc4c4cc5c(cc2c34)-c2ccccc2C5)c1)c1ccccc1,0.0000000,0.0000,0.0000000,0.0000,0.0000000,0.0000,0.0000000,0.0000,['C#C'],27
31.6908,39.8677,-35.2908,0.0357569,Cc1ccc(N(c2cccc3ccccc23)c2ccc(-c3ccc(-c4ccc(N(c5ccccc5)c5ccccc5)cc4)c4ccccc34)c3ccccc23)cc1,1,c1ccc(N(c2ccccc2)c2ccc(-c3ccc(-c4ccc(N(c5ccccc5)c5cccc6ccccc56)c5ccccc45)c4ccccc34)cc2)cc1,0.0321903,363.0484,0.1536964,0.1537,0.5903227,2.6354,1.0000000,1.0000,[],27
74.7570,87.3994,-87.2602,0.0010876,CCCCCCCCCCCCCCC=CCCCCCCSc1ccc(Oc2ccc(N(c3ccccc3)c3ccccc3)c(CN(C)c3ccc(F)c(F)c3)c2)c(Oc2ccc(Oc3cccc(F)c3)cc2)c1,1,c1ccc(NCc2cc(Oc3ccccc3Oc3ccc(Oc4ccccc4)cc3)ccc2N(c2ccccc2)c2ccccc2)cc1,0.0008691,323.4864,0.0231764,0.0232,0.4670253,3.8069,1.0000000,1.0000,[],27
47.7469,63.9352,50.3383,0.8927619,CCCCCCCCN(CCCCCCCC)c1ccc(C=Cc2oc(-c3ccc(OC)c(OC)c3)cc2-c2cc3cc(N(c4ccc(C)cc4)c4ccc(C)cc4)ccc3oc2=O)cc1,1,O=c1oc2ccc(N(c3ccccc3)c3ccccc3)cc2cc1-c1cc(-c2ccccc2)oc1C=Cc1ccccc1,0.9942274,464.0972,0.0442210,0.0442,0.4872684,3.5947,1.0000000,1.0000,[],27
36.4753,37.3679,65.2344,0.8015804,COc1ccc(N2C(=O)C(=O)C(=C(O)c3ccc4c(c3)CC(C)O4)C2c2cccc(C(F)(F)F)c2)cc1OC,1,O=C1C(=O)N(c2ccccc2)C(c2ccccc2)C1=Cc1ccc2c(c1)CCO2,0.8387249,417.9013,0.2555067,0.2555,0.5179932,3.2890,1.0000000,1.0000,[],27
25.2550,30.3757,-28.3420,0.0158882,N#Cc1ccc(Nc2ccc3c(c2)oc2ccc(N(c4ccccc4)c4ccccc4)cc23)cc1,1,c1ccc(Nc2ccc3c(c2)oc2ccc(N(c4ccccc4)c4ccccc4)cc23)cc1,0.0134241,353.3439,0.2848052,0.2848,0.6270679,2.3335,1.0000000,1.0000,[],27
63.3175,83.7565,11.8119,0.7466279,CCCCCCCCCCCCCCC(CCCCCCCCCC)CN1Cc2cc3c(cc2C1=O)N(c1ccc(N(c2ccccc2)c2ccccc2)cc1)c1cc(Nc2ccc4nc(-c5ccc6cc(N(c7ccccc7)c7ccccc7)ccc6c5)ccc4c2)ccc1S3,1,O=C1NCc2cc3c(cc21)N(c1ccc(N(c2ccccc2)c2ccccc2)cc1)c1cc(Nc2ccc4nc(-c5ccc6cc(N(c7ccccc7)c7ccccc7)ccc6c5)ccc4c2)ccc1S3,0.8310788,417.2990,0.0403427,0.0403,0.3660656,5.0247,1.0000000,1.0000,[],27
29.8897,41.4943,21.3934,0.4913105,COc1ccc(N(c2ccccc2)c2ccc(C=Cc3ccc(N(c4ccc(OC)cc4)c4ccc(Oc5ccccc5[N+](=O)[O-])cc4)cc3)cc2)cc1,1,C(=Cc1ccc(N(c2ccccc2)c2ccc(Oc3ccccc3)cc2)cc1)c1ccc(N(c2ccccc2)c2ccccc2)cc1,0.5213229,400.9266,0.0669144,0.0669,0.5847255,2.6831,1.0000000,1.0000,[],27
55.9955,74.8690,-74.8690,0.0000000,c1c2c(cc(c3c2cccc3)N(c2c3c4c(cccc4)n4c3c(c(c4CC)F)c2CCC)c2ccc(CCCCCC)cc2)sc1-c1ccc(N(c2ccccc2)c2ccccc2)cc1,0,,0.0000000,0.0000,0.0000000,0.0000,0.0000000,0.0000,0.0000000,0.0000,None,27
46.6889,63.5913,47.3913,0.8670513,Cc1ccc(N(c2ccc(C)cc2)c2ccc3c4cc(N(c5ccccc5)c5ccccc5)c(C(=O)CC(=O)c5cccc(C)c5N)cc4n(C)c3c2)cc1,1,O=C(CC(=O)c1cc2[nH]c3cc(N(c4ccccc4)c4ccccc4)ccc3c2cc1N(c1ccccc1)c1ccccc1)c1ccccc1,0.9422817,430.3217,0.0865726,0.0866,0.5279394,3.1939,1.0000000,1.0000,[],27
68.8315,81.2834,-81.2834,0.0000000,c12[nH]c([nH]c2cc2c(c1)n(c(=S)c1ccc3ccccc3c1c2)Cc1c2c(cc(C(C)C)cc2)c2ccccc2c1N(c1ccccc1)c1ccccc1)=O,0,,0.0000000,0.0000,0.0000000,0.0000,0.0000000,0.0000,0.0000000,0.0000,None,27
48.7015,60.0829,-51.7979,0.0647263,CCCCN(c1ccc(C=Cc2sc(N=Cc3[nH]c(=S)[nH]c3-c3ccc(C)cc3)c(C#N)c2C)cc1)C1CCCCC1,1,S=c1[nH]c(C=Nc2ccc(C=Cc3ccc(NC4CCCCC4)cc3)s2)c(-c2ccccc2)[nH]1,0.0604801,549.7823,0.1419302,0.1419,0.5004290,3.4614,1.0000000,1.0000,[],28
32.1097,32.7828,-32.7828,0.0000000,CCCOc1cccc(C=C2SC(=O)N(c3cccc(I)c3)C2=O)c1,1,O=C1SC(=Cc2ccccc2)C(=O)N1c1ccccc1,0.0000000,0.0000,0.0000000,0.0000,0.0000000,0.0000,0.0000000,0.0000,"['C(=[O,S])[O,S]']",28
43.3734,49.9228,-49.9228,0.0000000,C(O)C1=C(c2c(CC1(C)C)c1cccc3c1c(c2)cc(c3)C)c1ccccc1,0,,0.0000000,0.0000,0.0000000,0.0000,0.0000000,0.0000,0.0000000,0.0000,None,28
53.2973,65.7348,50.2291,0.9059679,CCCCCCOc1ccc2c(c1)C(CCCC)(CCCCCC)c1c-2[nH]c(=O)c(C=Cc2ccc3c(c2)Cc2ccccc2-3)c1C=Cc1ccccc1,1,O=c1[nH]c2c(c(C=Cc3ccccc3)c1C=Cc1ccc3c(c1)Cc1ccccc1-3)Cc1ccccc1-2,0.9882963,448.1641,0.0900335,0.0900,0.4644032,3.8350,1.0000000,1.0000,[],28
70.6448,106.7587,-106.7587,0.0000000,C1([C@@]2(C)CC(=C(N(C2=[N+](c2ccc(cc2)N=Cc2ccc(N(c3ccccc3)c3ccccc3)cc2)c2ccccc2)-c2ccc(N(c3ccccc3)c3ccccc3)cc2)C1=C(c1cc2c(cc(Cl)cc2)c2c1cccc2)c1ccc(cc1)N(c1ccc(cc1)C)c1ccccc1)=O)=C(C#N)C#N,0,,0.0000000,0.0000,0.0000000,0.0000,0.0000000,0.0000,0.0000000,0.0000,None,28
54.4700,73.2552,30.4195,0.8099581,Cc1ccc2c(-c3cc(C)c4c(c3C#N)CC(=Cc3cc(C)c5cc(-c6ccc(N(c7ccccc7)c7ccccc7)cc6)sc5c3)C4)cc[n+](C)c2c1,1,C(=C1Cc2ccc(-c3cc[nH+]c4ccccc34)cc2C1)c1ccc2cc(-c3ccc(N(c4ccccc4)c4ccccc4)cc3)sc2c1,0.8617471,419.8676,0.1605858,0.1606,0.4830854,3.6378,1.0000000,1.0000,[],28
37.6263,47.3652,70.6503,0.9219961,COc1ccc(N(c2ccc(N=Nc3ccc4cc(C(=O)c5ccccc5)ccc4c3)cc2)c2ccc(C(=O)c3ccccc3)cc2)cc1,1,O=C(c1ccccc1)c1ccc(N(c2ccccc2)c2ccc(N=Nc3ccc4cc(C(=O)c5ccccc5)ccc4c3)cc2)cc1,0.9951405,457.7823,0.1104873,0.1105,0.5915291,2.6252,1.0000000,1.0000,[],28
41.3870,58.4487,-9.4628,0.3827025,COc1ccc(N(c2ccc(C)cc2)c2c(-c3ccc4c(c3)oc(=O)c3ccc(-c5ccccc5)cc34)cnc3ccc(N(c4ccccc4)c4ccccc4)cc23)cc1,1,O=c1oc2cc(-c3cnc4ccc(N(c5ccccc5)c5ccccc5)cc4c3N(c3ccccc3)c3ccccc3)ccc2c2cc(-c3ccccc3)ccc12,0.3956878,395.4023,0.1074412,0.1074,0.5272976,3.2000,1.0000000,1.0000,[],28
56.0918,70.0190,-70.0190,0.0000000,CSNc1c(-c2ccc(C)cc2)nc2c(-c3ccc(C)cc3)cc3nc[nH]c3c2c1N=Nc1ccc(N(C)C)cc1,1,c1ccc(N=Nc2cc(-c3ccccc3)nc3c(-c4ccccc4)cc4nc[nH]c4c23)cc1,0.0000000,0.0000,0.0000000,0.0000,0.0000000,0.0000,0.0000000,0.0000,['[#7;!n][S;!$(S(=O)=O)]'],28
38.6108,41.8782,-41.4801,0.0031101,CCCCCCCCCCCCC1(C)Cc2cc(-c3csc(N)n3)ccc2C(=O)N1,1,O=C1NCCc2cc(-c3cscn3)ccc21,0.0024008,334.5351,0.3681804,0.3682,0.5274062,3.1989,1.0000000,1.0000,[],28
72.9358,91.4951,-91.4951,0.0000000,c1cc(F)c(-c2c3Nc4cccc5c4c(c3ccc2)c2ccc(cc2c5N=Cc2c3c(cccc3)c(N(c3ccc(cc3)C)c3ccccc3)c2)-c2c(cc([N+]#[C-])cc2)C#N)c(c1)F,0,,0.0000000,0.0000,0.0000000,0.0000,0.0000000,0.0000,0.0000000,0.0000,None,28
51.5072,57.1221,-52.0170,0.0398834,CCCCCN1C=CC=C2C1CCC1(C)C2n2ccc(=O)cc2N1c1ccccc1,1,O=c1ccn2c(c1)N(c1ccccc1)C1CCC3NC=CC=C3C12,0.0347860,363.9195,0.6274769,0.6275,0.4231759,4.2998,1.0000000,1.0000,[],28
53.9950,57.1872,-57.1872,0.0000000,O=C(Oc1ccc2c(ccc3ccc4c3ccc3c4c4ccc2c34)c1)c1cccc2ccccc12,1,O=C(Oc1ccc2c(ccc3ccc4c3ccc3c4c4ccc2c34)c1)c1cccc2ccccc12,0.0000000,0.0000,0.0000000,0.0000,0.0000000,0.0000,0.0000000,0.0000,"['[*;r{8-17}]', 'C(=[O,S])[O,S]']",28
46.2351,48.4663,66.0640,0.8947684,CCCCCCCCCCCCSc1ccc2c(c1)SC(=CC=Cc1ccc(B3OC(C)(C)C(C)(C)O3)cc1)N2CCCCCC,1,C(=Cc1ccc(B2OCCO2)cc1)C=C1Nc2ccccc2S1,0.9770306,440.7190,0.0797596,0.0798,0.5154905,3.3132,1.0000000,1.0000,[],28
68.3969,80.7755,-21.9687,0.4594280,CCCCCc1ccc(OC)c(OC2C=C(c3ccc(F)c(C(F)(F)F)c3)N(CC)c3ccc(-c4ccc(-c5ccc(N(c6ccccc6)c6ccccc6)cc5)s4)cc32)c1,1,C1=C(c2ccccc2)Nc2ccc(-c3ccc(-c4ccc(N(c5ccccc5)c5ccccc5)cc4)s3)cc2C1Oc1ccccc1,0.4854885,399.3696,0.0804578,0.0805,0.4560585,3.9257,1.0000000,1.0000,[],28
89.1429,136.2253,-136.2253,0.0000000,[C@H]12[C@@](c3cccc(c3)NC(=O)c3ccc(N(C)C)cc3)(c3c(ccc(c3)NC(=O)c3ccc(N(c4ccccc4)c4ccccc4)cc3)N(c3ccccc3)c3ccccc3)c3ccccc3N(CCOCCOCCN)c3cc(N(c4ccccc4)c4ccccc4)ccc31)C(c1c(ccc(c1)CCCCCC)C2=O)(c1ccc(cc1)N(c1ccccc1)c1ccccc1)c1ccccc1,0,,0.0000000,0.0000,0.0000000,0.0000,0.0000000,0.0000,0.0000000,0.0000,None,28
79.4338,97.5204,-97.4756,0.0003501,COc1ccc(C=Cc2c3n(c4c(C=c5c(S(=O)(=O)c6ccccc6)c(C#N)sc5=C(C#N)c5ccccc5)c5ccccc5c(OC)c24)CCC(C(=C(c2ccccc2)c2ccccc2)c2cccc([N+](=O)[O-])c2)=C3)cc1,1,O=S(=O)(c1ccccc1)c1csc(=Cc2ccccc2)c1=Cc1c2ccccc2cc2c(C=Cc3ccccc3)c3n(c12)CCC(C(=C(c1ccccc1)c1ccccc1)c1ccccc1)=C3,0.0002561,609.7866,0.0629485,0.0629,0.4088890,4.4716,1.0000000,1.0000,[],28
41.7431,54.3515,-53.6723,0.0053059,Oc1cc2c(cc1F)C(c1ccc(F)cc1F)=c1ccc(=Cc3ccc(N(c4ccccc4)c4ccccc4)cc3O)cc1O2,1,C(c1ccc(N(c2ccccc2)c2ccccc2)cc1)=c1ccc2c(c1)Oc1ccccc1C=2c1ccccc1,0.0042887,579.1452,0.2096750,0.2097,0.5252752,3.2192,1.0000000,1.0000,[],28
57.8177,60.6459,-60.6409,0.0000389,Cn1cc(-c2nn3c(c2C#N)N(CCC#N)C(c2ccc(Cl)cc2)C(NC(C)(C)C)C3)cn1,1,c1ccc(C2CCn3nc(-c4cn[nH]c4)cc3N2)cc1,0.0000236,284.3101,0.6139295,0.6139,0.4405481,4.0987,1.0000000,1.0000,[],28
53.0553,63.8096,53.9595,0.9200710,N#Cc1ccc2c(C(=Nc3ccccc3)c3cc4ccccc4cc3N3CCOCC3)c3cc(N4CCOCC4)ccc3c(O)c2c1,1,c1ccc(N=C(c2cc3ccccc3cc2N2CCOCC2)c2c3ccccc3cc3ccc(N4CCOCC4)cc23)cc1,0.9837559,444.5548,0.1586397,0.1586,0.5349335,3.1281,1.0000000,1.0000,[],28
37.8708,41.2417,-40.9772,0.0020668,O=C1C=C(c2cc([N+](=O)[O-])ccc2Cl)Oc2c(Br)cccc2C1,1,O=C1C=C(c2ccccc2)Oc2ccccc2C1,0.0015391,329.6986,0.5530774,0.5531,0.5690153,2.8192,1.0000000,1.0000,[],28
44.0291,65.6459,19.0920,0.6620152,Cc1ccc(N(c2ccc(C)cc2)c2ccc(C=Cc3ccc(NC(=O)c4c(Cl)cc(N(c5ccccc5)c5ccccc5)c5c(=O)c6ccccc6n(C6CCCCC6)c45)cc3)cc2)cc1,1,O=C(Nc1ccc(C=Cc2ccc(N(c3ccccc3)c3ccccc3)cc2)cc1)c1ccc(N(c2ccccc2)c2ccccc2)c2c(=O)c3ccccc3n(C3CCCCC3)c12,0.7061635,409.5200,0.1038006,0.1038,0.4967054,3.4988,1.0000000,1.0000,[],28
28.0011,40.9077,-38.1702,0.0213868,Cc1ccc2nc(N3CCCN(c4ccc(N(c5ccccc5)c5ccccc5)c5ccccc45)CC3)sc2c1,1,c1ccc(N(c2ccccc2)c2ccc(N3CCCN(c4nc5ccccc5s4)CC3)c3ccccc23)cc1,0.0185216,356.8950,0.2176450,0.2176,0.6108872,2.4642,1.0000000,1.0000,[],28
59.8856,72.5566,40.3119,0.8817857,C(=Cc1cc2cc3cc(-c4cc(-c5ccc(C=Cc6ccc(N7CCCCC7)nc6)cc5)c5ccc6ccccc6c5c4)ccc3cc2cc1N(c1ccccc1)c1ccccc1)c1ccccc1,1,C(=Cc1cc2cc3cc(-c4cc(-c5ccc(C=Cc6ccc(N7CCCCC7)nc6)cc5)c5ccc6ccccc6c5c4)ccc3cc2cc1N(c1ccccc1)c1ccccc1)c1ccccc1,0.9639787,435.6877,0.0774823,0.0775,0.4910736,3.5558,1.0000000,1.0000,[],28
40.4783,62.4905,-62.4905,0.0000000,c1cc(ccc1)N(c1ccc(cc1)C=Nc1c(C=Cc2ccc(N(c3ccccc3)c3ccccc3)cc2)c2ccccc2c1OC)c1ccc(cc1)C=Cc1sc(cc1)C=C([N+]#[C-])C#N,0,,0.0000000,0.0000,0.0000000,0.0000,0.0000000,0.0000,0.0000000,0.0000,None,28
62.8170,75.6627,-2.9520,0.5680520,CN(C)c1ccc(C(=C(Oc2ccc3cc(C#N)ccc3c2)C(C#N)=C2c3cc4ccccc4cc3-c3c2c2ccccc2c2ccccc32)c2ccc(N(c3ccccc3)c3ccccc3)cc2)cc1,1,C(=C1c2cc3ccccc3cc2-c2c1c1ccccc1c1ccccc21)C(Oc1ccc2ccccc2c1)=C(c1ccccc1)c1ccc(N(c2ccccc2)c2ccccc2)cc1,0.6060798,515.3220,0.0820095,0.0820,0.4769152,3.7021,1.0000000,1.0000,[],28
55.7902,64.8469,-64.8469,0.0000000,Cc1cccc(C2=C3C=CC(=Cc4c3sc3ccc(N(c5ccccc5)c5ccccc5)cc43)Sc3c2ccc2ccccc32)c1N,1,C1=CC2=C(c3ccccc3)c3ccc4ccccc4c3SC1=Cc1c2sc2ccc(N(c3ccccc3)c3ccccc3)cc12,0.0000000,0.0000,0.0000000,0.0000,0.0000000,0.0000,0.0000000,0.0000,['[*;r{8-17}]'],28
49.8785,69.2846,-69.2846,0.0000000,CCOC(=O)c1sc2nc(-c3ccc(N(c4ccccc4)c4ccccc4)cc3)c(-c3ccc(NCc4ccc(-c5ccc(N(c6ccccc6)c6ccccc6)cc5)c(C#N)c4)cc3)c(-c3ccc(N(c4ccccc4)c4ccccc4)cc3)c2c1C,1,c1ccc(N(c2ccccc2)c2ccc(-c3ccc(CNc4ccc(-c5c(-c6ccc(N(c7ccccc7)c7ccccc7)cc6)nc6sccc6c5-c5ccc(N(c6ccccc6)c6ccccc6)cc5)cc4)cc3)cc2)cc1,0.0000000,0.0000,0.0000000,0.0000,0.0000000,0.0000,0.0000000,0.0000,"['C(=[O,S])[O,S]']",28
84.1451,99.7762,-69.9314,0.2331620,CCCCCCCCCCCCCCCCCCCCCCCCCCN(C1=C(c2ccc([N+](=O)[O-])cc2)N(c2ccc(N(c3ccccc3)c3ccccc3)cc2)C(c2ccc3c4c(cccc24)C(=O)N3CCCCCCCCCC)c2cc3cc(C=C(C#N)c4ccc([N+](=O)[O-])cc4)ccc3cc21)c1ccc(OCC(CCCCCCCC)CCCCCCCC)cc1,1,O=C1Nc2ccc(C3c4cc5cc(C=Cc6ccccc6)ccc5cc4C(Nc4ccccc4)=C(c4ccccc4)N3c3ccc(N(c4ccccc4)c4ccccc4)cc3)c3cccc1c23,0.2552429,531.6265,0.0118509,0.0119,0.2766738,6.4246,1.0000000,1.0000,[],28
44.1200,55.8912,-54.5691,0.0103293,c1ccc(N(c2ccccc2)c2ccc(-n3c4ccccc4c4ccc(-c5nc(-c6ccc(-n7ccnc7)cc6)c6c7ccccc7c7ccccc7n56)cc43)cc2)cc1,1,c1ccc(N(c2ccccc2)c2ccc(-n3c4ccccc4c4ccc(-c5nc(-c6ccc(-n7ccnc7)cc6)c6c7ccccc7c7ccccc7n56)cc43)cc2)cc1,0.0087347,348.6265,0.1516897,0.1517,0.5280603,3.1927,1.0000000,1.0000,[],28
26.6896,26.4247,-26.3772,0.0003712,CCCN1CCCc2cc(C(F)CCN)ccc21,1,c1ccc2c(c1)CCCN2,0.0002492,309.9156,0.8691573,0.8692,0.5496454,2.9924,1.0000000,1.0000,[],28
57.2761,84.9731,13.6857,0.7707722,CCCCN(CCCC)c1ccc(C=Nc2ccc3c(c2)c2c(C=Cc4ccc(N(CC)C5CC6CCC(C5)N6)c(N)c4)cccc2n3-c2ccccc2)c(C#N)c1,1,C(=Cc1cccc2c1c1cc(N=Cc3ccccc3)ccc1n2-c1ccccc1)c1ccc(NC2CC3CCC(C2)N3)cc1,0.8482112,418.6816,0.0617294,0.0617,0.3602657,5.1046,1.0000000,1.0000,[],28
36.2709,33.7388,-33.7388,0.0000000,CCC(CC)(OOC)N(N)C(C)=O,1,,0.0000000,0.0000,0.0000000,0.0000,0.0000000,0.0000,0.0000000,0.0000,"['[#8][#8]', '[#7;!n][#7;!n]']",28
45.9594,61.6169,52.0424,0.8879633,C(=C1c2ccccc2-c2ccccc21)c1ccc(N(c2ccc(-c3nc4cc(N(c5ccccc5)c5ccccc5)ccc4o3)cc2)c2ccc(-c3nc4ccccc4c4cscc34)cc2)cc1,1,C(=C1c2ccccc2-c2ccccc21)c1ccc(N(c2ccc(-c3nc4cc(N(c5ccccc5)c5ccccc5)ccc4o3)cc2)c2ccc(-c3nc4ccccc4c4cscc34)cc2)cc1,0.9518338,432.3955,0.1444688,0.1445,0.4993851,3.4719,1.0000000,1.0000,[],28
29.6657,34.9779,40.8136,0.5921213,CCCOc1c(OCC)ccc2oc3cc4cc(OCC)ccc4cc3c(=O)c12,1,O=c1c2ccccc2oc2cc3ccccc3cc12,0.6000344,404.4038,0.3784618,0.3785,0.6167842,2.4162,1.0000000,1.0000,[],28
47.9895,66.2166,35.5065,0.7947115,[C-]#[N+]c1cc(C=CC(=O)c2ccc(N(c3ccccc3)c3cccc(OC)c3)cc2)ccc1NCCCOc1ccc(N(c2ccccc2)c2ccccc2)cc1,1,O=C(C=Cc1ccc(NCCCOc2ccc(N(c3ccccc3)c3ccccc3)cc2)cc1)c1ccc(N(c2ccccc2)c2ccccc2)cc1,0.8769460,421.3219,0.0459827,0.0460,0.5313395,3.1618,1.0000000,1.0000,[],28
22.8829,37.9682,-16.3077,0.1692226,CCCC1CCN(c2ccc(-c3ccc(-c4ccc(N(c5ccccc5)c5ccccc5)cc4)s3)cc2)CC1,1,c1ccc(N(c2ccccc2)c2ccc(-c3ccc(-c4ccc(N5CCCCC5)cc4)s3)cc2)cc1,0.1638653,382.3053,0.1975669,0.1976,0.6183290,2.4037,1.0000000,1.0000,[],28
30.5553,41.3915,60.3099,0.7945420,CC(=O)N(c1ccc(C)cc1)c1ccc(N(c2ccc(C)cc2)c2ccc(C)cc2)c([N+](=O)[O-])c1,1,c1ccc(Nc2ccc(N(c3ccccc3)c3ccccc3)cc2)cc1,0.8325024,417.4094,0.2163492,0.2163,0.6092555,2.4776,1.0000000,1.0000,[],28
27.9679,24.5601,-24.5601,0.0000000,O=C(O)C1CCCN1Cc1ccc2ccccc2n1,1,c1ccc2nc(CN3CCCC3)ccc2c1,0.0000000,0.0000,0.0000000,0.0000,0.0000000,0.0000,0.0000000,0.0000,"['C(=[O,S])[O,S]']",28
35.2461,55.6152,-55.6152,0.0000000,c1cc(cc2c1ccc(-c1sc(-c3c4c(cccc4)c(-c4sc(cc4)N(c4ccccc4)c4ccccc4)c4c3cccc4)c1)c2)N(c1ccc(cc1)C)c1ccc(cc1)C,0,,0.0000000,0.0000,0.0000000,0.0000,0.0000000,0.0000,0.0000000,0.0000,None,28
90.2851,107.1585,-107.1585,0.0000000,N(c1ccc(N(c2ccccc2)c2ccccc2)cc1)c1ncc2C(C(c3cc(N(c4ccccc4)c4ccccc4)cc24)c2c(c(c(c(c2)[N+]#[C-])-c2ccc(cc2)C#N)C#N)N(c2ccc(C)cc2)c3c1)(OC)c1ccc(N(c2ccc(cc2)C)c2ccccc2)cc1,0,,0.0000000,0.0000,0.0000000,0.0000,0.0000000,0.0000,0.0000000,0.0000,None,28
76.7254,99.2053,-99.2053,0.0000000,c1(NC(=O)C=C)cc(c(c(c1)N(c1ccc(cc1)N=c1cc2C(c3sccc3-c2c2c1cccc2)=O)c1c2ccccc2c(N(c2ccccc2)c2ccccc2)c2ccccc12)C#N)-n1c2ccccc2c2c3ccccc3c(cc12)C#N,0,,0.0000000,0.0000,0.0000000,0.0000,0.0000000,0.0000,0.0000000,0.0000,None,28
60.0751,69.7510,-13.4124,0.4401453,COc1ccc(-c2c3c(c4c(c2OC)OC(C(=O)c2c5ccccc5cc5ccccc25)C4c2c(C)[nH]c4ccccc24)OCC3)cc1,1,O=C(c1c2ccccc2cc2ccccc12)C1Oc2cc(-c3ccccc3)c3c(c2C1c1c[nH]c2ccccc12)OCC3,0.4553988,398.0578,0.1464309,0.1464,0.4547173,3.9404,1.0000000,1.0000,[],28
35.4290,30.3873,-30.3601,0.0002128,CCC(C(=O)NC1CCCCC1)N(Cc1ccc(Cl)c(Cl)c1)C(=O)CN(c1cccc(OC)c1)S(=O)(=O)c1ccccc1,1,O=C(CN(Cc1ccccc1)C(=O)CN(c1ccccc1)S(=O)(=O)c1ccccc1)NC1CCCCC1,0.0001445,303.9968,0.2440587,0.2441,0.5372149,3.1068,1.0000000,1.0000,[],28
37.6013,68.4463,-66.8178,0.0127225,N#Cc1cc(C(=C(c2ccc(N(c3ccccc3)c3ccccc3)cc2)c2cc(-c3ccc(N(c4ccccc4)c4ccccc4)cc3)c3cc(-c4ccc(N(c5ccccc5)c5ccccc5)cc4)sc3c2)c2ccc(N(c3ccccc3)c3ccccc3)cc2)ccc1N(c1ccccc1)c1ccccc1,1,c1ccc(N(c2ccccc2)c2ccc(C(=C(c3ccc(N(c4ccccc4)c4ccccc4)cc3)c3cc(-c4ccc(N(c5ccccc5)c5ccccc5)cc4)c4cc(-c5ccc(N(c6ccccc6)c6ccccc6)cc5)sc4c3)c3ccc(N(c4ccccc4)c4ccccc4)cc3)cc2)cc1,0.0112220,351.3742,0.0667935,0.0668,0.4103997,4.4531,1.0000000,1.0000,[],28
34.8711,38.5977,-38.5367,0.0004768,O=C1c2ccccc2C(c2ccc3ccccc3n2)N1S(=O)(=O)c1ccc([N+](=O)[O-])cc1,1,O=C1c2ccccc2C(c2ccc3ccccc3n2)N1S(=O)(=O)c1ccccc1,0.0003337,313.0880,0.3457677,0.3458,0.5628157,2.8740,1.0000000,1.0000,[],28
47.3922,53.9142,-53.9142,0.0000000,c1cc(ccc1OC)C(=O)c1c2nc3c(c4c(cc(C#N)c(c4)N)n3n2c2c1cccc2)N,0,,0.0000000,0.0000,0.0000000,0.0000,0.0000000,0.0000,0.0000000,0.0000,None,28
51.8389,69.5364,-67.5166,0.0157794,CN(C)c1ccn2ncc(-c3c(-c4ccc(N(c5ccccc5)c5ccccc5)cc4)n(-c4ccc(Br)cc4)c4ccc(N(c5ccccc5)c5ccc(-c6ccc(N(c7ccccc7)c7ccccc7)cc6)cc5)cc34)c2c1,1,c1ccc(N(c2ccccc2)c2ccc(-c3ccc(N(c4ccccc4)c4ccc5c(c4)c(-c4cnn6ccccc46)c(-c4ccc(N(c6ccccc6)c6ccccc6)cc4)n5-c4ccccc4)cc3)cc2)cc1,0.0138211,353.6646,0.1084260,0.1084,0.4743293,3.7293,1.0000000,1.0000,[],28
27.5066,43.6683,65.3287,0.8515394,COc1ccc(N(c2ccc(C)cc2)c2ccc(C=Cc3ccc(N(c4ccc(C=Cc5ccc(N(c6ccccc6)c6ccccc6)cc5)cc4)c4ccc(-c5ccc(C=C(c6ccccc6)c6ccccc6)s5)cc4)cc3)cc2)cc1,1,C(=Cc1ccc(N(c2ccc(C=Cc3ccc(N(c4ccccc4)c4ccccc4)cc3)cc2)c2ccc(-c3ccc(C=C(c4ccccc4)c4ccccc4)s3)cc2)cc1)c1ccc(N(c2ccccc2)c2ccccc2)cc1,0.9286740,427.8654,0.0797232,0.0797,0.4834524,3.6340,1.0000000,1.0000,[],28
33.2007,42.5045,-42.2418,0.0020520,NC(=Nc1ccc2ccccc2c1)Nc1cc(N(c2ccccc2)c2ccccc2)ccc1Cl,1,C(=Nc1ccc2ccccc2c1)Nc1cccc(N(c2ccccc2)c2ccccc2)c1,0.0015730,329.9355,0.2051555,0.2052,0.6253424,2.3473,1.0000000,1.0000,[],28
51.0755,60.9003,-60.9003,0.0000000,NCCc1cc2c(=O)n(CC#Cc3ccc(N(Nc4ccccc4)c4ccccc4)cc3)c(-c3cccnc3)nc2s1,1,O=c1c2ccsc2nc(-c2cccnc2)n1CC#Cc1ccc(N(Nc2ccccc2)c2ccccc2)cc1,0.0000000,0.0000,0.0000000,0.0000,0.0000000,0.0000,0.0000000,0.0000,"['[#7;!n][#7;!n]', 'C#C']",28
28.1445,37.4790,71.4717,0.8511774,N#CC1(C#N)C(=O)c2ccc(N(c3ccccc3)c3ccccc3)cc2-c2ccccc21,1,O=C1Cc2ccccc2-c2cc(N(c3ccccc3)c3ccccc3)ccc21,0.8786010,421.4894,0.3963924,0.3964,0.5938999,2.6052,1.0000000,1.0000,[],28
47.7687,49.7309,-49.5962,0.0010526,Cc1ccc(N2CC(NC(=O)c3ccc(C(=O)NC4CCOc5ccccc54)cc3)c3ccccc3C2=O)cc1,1,O=C(NC1CCOc2ccccc21)c1ccc(C(=O)NC2CN(c3ccccc3)C(=O)c3ccccc32)cc1,0.0007680,322.1426,0.3620501,0.3621,0.5256332,3.2158,1.0000000,1.0000,[],28
42.8598,63.2412,17.1135,0.6277713,Cc1ccc(C(C#N)=Cc2ccc(-c3ccc4c(c3)c3c(ccc5ccccc53)c(=O)n4-c3ccc(-c4ccc5sc6ccccc6c5c4)s3)s2)cc1,1,O=c1c2ccc3ccccc3c2c2cc(-c3ccc(C=Cc4ccccc4)s3)ccc2n1-c1ccc(-c2ccc3sc4ccccc4c3c2)s1,0.6623393,407.3150,0.1306216,0.1306,0.5184720,3.2843,1.0000000,1.0000,[],28
61.8978,83.7996,-75.9265,0.0615090,CC1c2c3cc(Cl)c(=O)n(-c4ccc(Cl)cc4)c3nn2CCN1c1ncnc(-n2c3ccccc3c3ccc(N(c4ccccc4)c4ccccc4)cc32)c1N,1,O=c1ccc2c3n(nc2n1-c1ccccc1)CCN(c1cc(-n2c4ccccc4c4ccc(N(c5ccccc5)c5ccccc5)cc42)ncn1)C3,0.0570218,369.5385,0.1794664,0.1795,0.4508171,3.9835,1.0000000,1.0000,[],28
33.6456,41.8664,13.5607,0.4330245,O=C(C=C(c1ccccc1)c1cc2ccccc2o1)C(=O)c1ccc2c(c1)OCCO2,1,O=C(C=C(c1ccccc1)c1cc2ccccc2o1)C(=O)c1ccc2c(c1)OCCO2,0.4370526,397.2516,0.2605464,0.2605,0.5976449,2.5738,1.0000000,1.0000,[],28
78.8919,87.8043,25.9029,0.8883377,C=CCN1c2ccc(C#N)cc2C2CC3C4=CC(OC)=C(OC4)C(C#N)=C3C1(c1ccc(O)cc1)C2NCCCCc1nc2ccccc2[nH]1,1,C1=C2C=C3C(CC4c5ccccc5NC3(c3ccccc3)C4NCCCCc3nc4ccccc4[nH]3)C(=C1)CO2,0.9665549,436.5224,0.1252939,0.1253,0.3046132,5.9436,1.0000000,1.0000,[],28
43.7613,63.4091,-52.1709,0.0877978,Cc1ccc(N(c2ccc(C)cc2)c2ccc3c(c2)Sc2c(N(c4ccccc4)c4ccccc4)ccc(-c4ccc(NC(=O)c5cc(C)ccc5C)cc4)c2O3)cc1,1,O=C(Nc1ccc(-c2ccc(N(c3ccccc3)c3ccccc3)c3c2Oc2ccc(N(c4ccccc4)c4ccccc4)cc2S3)cc1)c1ccccc1,0.0830071,373.9187,0.1578842,0.1579,0.5232345,3.2386,1.0000000,1.0000,[],28
46.3415,65.4191,-47.8180,0.1375084,CN1CCN(c2ccc3nc(-c4ccc(N(c5ccccc5)c5cccc(Sc6ccccc6)c5)cc4)cc(Nc4ccc(-n5cncn5)cc4)c3c2)CC1,1,c1ccc(Sc2cccc(N(c3ccccc3)c3ccc(-c4cc(Nc5ccc(-n6cncn6)cc5)c5cc(N6CCNCC6)ccc5n4)cc3)c2)cc1,0.1332738,379.6716,0.1488929,0.1489,0.5392261,3.0881,1.0000000,1.0000,[],28
59.1151,78.6554,33.3440,0.8749951,Cc1ccc(S(=O)(=O)c2ccc3c(c2)c(C(=O)Nc2ccc4c(c2)C(=C2NC(=O)NC2=O)c2cc(N5CCCC5)ccc2-4)c(C#N)n3Cc2ccccc2Cl)cc1,1,O=C1NC(=O)C(=C2c3cc(NC(=O)c4cn(Cc5ccccc5)c5ccc(S(=O)(=O)c6ccccc6)cc45)ccc3-c3ccc(N4CCCC4)cc32)N1,0.9452938,489.0617,0.1100702,0.1101,0.4992885,3.4729,1.0000000,1.0000,[],28
37.6926,49.6060,68.4782,0.9225323,CC(=O)NC(=O)C(C#N)=Cc1cccc(O)c1C=Cc1ccc(N(c2ccccc2)c2ccccc2)cc1,1,C(=Cc1ccc(N(c2ccccc2)c2ccccc2)cc1)c1ccccc1,0.9828289,443.9420,0.1697030,0.1697,0.5778875,2.7419,1.0000000,1.0000,[],28
39.1990,54.7671,-54.7671,0.0000000,c1sc2c(ccc(c2)-c2[n+](C)c3c(cc4c(cccc4)c3)c2)c1C=Cc1ccc(N(c2ccccc2)c2ccccc2)cc1,0,,0.0000000,0.0000,0.0000000,0.0000,0.0000000,0.0000,0.0000000,0.0000,None,28
42.4684,61.2690,49.1610,0.8627346,COc1ccc(N(c2ccccc2)c2cc3c(cc2N(c2ccccc2)c2ccccc2)oc(=O)c2nc(Nc4ccc(O)cc4)c4cncn4c23)cc1,1,O=c1oc2cc(N(c3ccccc3)c3ccccc3)c(N(c3ccccc3)c3ccccc3)cc2c2c1nc(Nc1ccccc1)c1cncn12,0.9378487,429.4671,0.0860164,0.0860,0.5196130,3.2734,1.0000000,1.0000,[],28
65.4692,82.4431,-82.4431,0.0000000,c1ccc2c3c1cccc3N(c1c(ccc(c1)OC)C=Cc1ccc(N3CCC(CC3)CCCCCCCCCC)cc1)c1ccc(cc1)Nc1ccc(cc1)C=C(c1ccc(cc1)CCCCCCCCCC)c1ccc(cc1)CCCCCCCCCCC,0,,0.0000000,0.0000,0.0000000,0.0000,0.0000000,0.0000,0.0000000,0.0000,None,28
77.7982,98.3870,-98.0111,0.0029366,COc1ccc2cc(N(c3ccccc3)c3ccccc3)ccc2c1-c1c(F)c2cc3c(F)c4c(cc3cc2c2ccc(Oc3ccc(F)c(N)c3)cc12)C(=C(C#N)C#N)C4=C(C#N)C#N,1,C=C1C(=C)c2cc3cc4c(cc(-c5cccc6cc(N(c7ccccc7)c7ccccc7)ccc56)c5cc(Oc6ccccc6)ccc54)cc3cc21,0.0023878,585.5242,0.0721878,0.0722,0.4468425,4.0277,1.0000000,1.0000,[],29
38.9293,45.7442,20.7969,0.5198527,Cc1ccc(Nc2c(NCC(=O)N3c4ccccc4Sc4ccccc43)ccc3cccnc23)cc1,1,O=C(CNc1ccc2cccnc2c1Nc1ccccc1)N1c2ccccc2Sc2ccccc21,0.5293262,401.2751,0.2677850,0.2678,0.5963140,2.5849,1.0000000,1.0000,[],29
27.6924,31.2942,-31.1377,0.0012226,COc1cc(C#N)nc2ncnc(N)c12,1,c1cnc2ncncc2c1,0.0008784,323.6017,0.7203818,0.7204,0.5663581,2.8426,1.0000000,1.0000,[],29
37.0648,50.2427,67.8513,0.9226094,[C-]#[N+]c1ccc(-c2ccc(C3=C(c4ccc(N(c5ccccc5)c5ccccc5)cc4)C(=O)N(Cc4ccccc4)C3=O)cc2)cc1C#N,1,O=C1C(c2ccc(-c3ccccc3)cc2)=C(c2ccc(N(c3ccccc3)c3ccccc3)cc2)C(=O)N1Cc1ccccc1,0.9936147,454.8009,0.1237660,0.1238,0.5548011,2.9457,1.0000000,1.0000,[],29
64.6200,86.0412,-86.0412,0.0000000,c1c2c([C@H](N(CC2)[C@H](c2cccc(N(c3ccccc3)c3ccccc3)c2)c2c3c(n(c2)CC)cccc3)c2c(n(-c3ccccc3)c3c2cccc3)N=c2ccc(c3ccccc32)N(c2ccccc2)c2ccccc2)c2ccccc2c1,0,,0.0000000,0.0000,0.0000000,0.0000,0.0000000,0.0000,0.0000000,0.0000,None,29
56.4868,76.2713,38.2156,0.8944283,CCCCCCOc1ccc(N(c2ccc(C(C)(C)CC)cc2)c2ccc(CNC(=O)c3ccc(Nc4ccc(N=Nc5ccc(N(CCC)CCCC)cc5)cc4)c(Cl)c3)cc2Cl)cc1,1,O=C(NCc1ccc(N(c2ccccc2)c2ccccc2)cc1)c1ccc(Nc2ccc(N=Nc3ccccc3)cc2)cc1,0.9942531,464.0484,0.0466811,0.0467,0.4925609,3.5407,1.0000000,1.0000,[],29
23.5685,30.7022,-30.4546,0.0019348,O=c1[nH]cc(-c2ccc(N(c3ccccc3)c3ccccc3)cc2)c2ccccc12,1,O=c1[nH]cc(-c2ccc(N(c3ccccc3)c3ccccc3)cc2)c2ccccc12,0.0014491,329.0435,0.3733708,0.3734,0.6612630,2.0680,1.0000000,1.0000,[],29
76.4232,110.8805,-110.8805,0.0000000,O=C(O)C1N2C(=O)C(C2SCC=1Sc1cc2c(NC(=C(NO)c3ccc(N(c4ccccc4)c4ccccc4)cc3)c3ccccc3)c(c(=Nc3ccc(cc3)C)n2cc1)Oc1ccccc1)(c1ccc(cc1)N)c1ccc(cc1)N(c1ccccc1)c1ccccc1,0,,0.0000000,0.0000,0.0000000,0.0000,0.0000000,0.0000,0.0000000,0.0000,None,29
39.8683,48.3262,-34.0252,0.1117267,Cc1ccc(-c2ccc(-c3ccc(N(c4ccc(C)cc4)c4ccc(C)cc4)cc3)c([N+]#N)c2-n2c3ccccc3c3ccccc32)cc1,1,c1ccc(-c2ccc(-c3ccc(N(c4ccccc4)c4ccccc4)cc3)cc2-n2c3ccccc3c3ccccc32)cc1,0.1064893,376.9052,0.1712235,0.1712,0.5760820,2.7575,1.0000000,1.0000,[],29
59.0261,61.5857,-59.8190,0.0138028,C=CCN(Cc1ccccc1C)C1C=CC23C(O)=C2CC2C(C)(C)CCCC2(C)C(C(=O)NCCCC)C3C1=O,1,O=C1C(NCc2ccccc2)C=CC23C=C2CC2CCCCC2CC13,0.0117464,351.8759,0.2685171,0.2685,0.3422782,5.3607,1.0000000,1.0000,[],29
53.3487,57.9105,-57.9105,0.0000000,[C@@H]12[C@@H]3CC[C@@]4(C(CC[C@@H]4[C@H](C)CCCC(C)C)[C@@H]3CC=C1C([C@@H](C(=C2)C#N)=C1CCCCC1)=O)C,0,,0.0000000,0.0000,0.0000000,0.0000,0.0000000,0.0000,0.0000000,0.0000,None,29
67.8183,94.6826,-94.6826,0.0000000,O=C(COC(=O)c1cccc(N(C(=O)c2sc3ccc([N+](=O)[O-])cc3c2-c2ccc(N(c3ccccc3)c3ccccc3)c(-c3ccccc3)c2)c2ccc([N+](=O)[O-])cc2)c1)c1cccc(NC(=O)c2cccc([N+](=O)[O-])c2)c1,1,O=C(COC(=O)c1cccc(N(C(=O)c2sc3ccccc3c2-c2ccc(N(c3ccccc3)c3ccccc3)c(-c3ccccc3)c2)c2ccccc2)c1)c1cccc(NC(=O)c2ccccc2)c1,0.0000000,0.0000,0.0000000,0.0000,0.0000000,0.0000,0.0000000,0.0000,"['C(=[O,S])[O,S]']",29
31.2683,40.0953,-40.0953,0.0000000,CCOC(=O)C1=C(C)N=c2sc(=Cc3ccc(N4CCCCCC4)cc3)c(=O)n2C1c1c(O)ccc2ccccc12,1,O=c1c(=Cc2ccc(N3CCCCCC3)cc2)sc2n1C(c1cccc3ccccc13)C=CN=2,0.0000000,0.0000,0.0000000,0.0000,0.0000000,0.0000,0.0000000,0.0000,"['C(=[O,S])[O,S]']",29
34.6498,56.6252,37.4260,0.7347754,Cc1ccc(-c2c(-c3ccc(N(c4ccc(C)cc4)c4ccc(-c5ccc(N(c6ccc(C)cc6)c6ccc(C)cc6)cc5)cc4)cc3)c(=N)oc3cc(N(c4ccccc4)c4ccccc4)ccc23)cc1,1,N=c1oc2cc(N(c3ccccc3)c3ccccc3)ccc2c(-c2ccccc2)c1-c1ccc(N(c2ccccc2)c2ccc(-c3ccc(N(c4ccccc4)c4ccccc4)cc3)cc2)cc1,0.7809448,413.8017,0.1325949,0.1326,0.5302449,3.1721,1.0000000,1.0000,[],29
30.7978,32.6262,-32.5470,0.0006186,CCN1CCN(c2c(F)cc3c(c2Br)OCO3)CC1,1,c1cc2c(cc1N1CCNCC1)OCO2,0.0004264,315.7489,0.8312190,0.8312,0.5986052,2.5658,1.0000000,1.0000,[],29
65.0558,93.0129,22.6926,0.9039492,Cc1ccc(N(c2ccc(F)cc2)c2cc(N(c3ccccc3)c3ccccc3)cc3sc(C(=O)c4cc(C=C(C#N)C#N)c5c(c4)N(c4ccc(N(c6ccccc6)c6ccccc6)cc4)c4c(ccc6cc(C)ccc46)S5)c(C#N)c23)cc1,1,O=C(c1ccc2c(c1)N(c1ccc(N(c3ccccc3)c3ccccc3)cc1)c1c(ccc3ccccc13)S2)c1cc2c(N(c3ccccc3)c3ccccc3)cc(N(c3ccccc3)c3ccccc3)cc2s1,0.9915941,468.2062,0.0824971,0.0825,0.4042796,4.5282,1.0000000,1.0000,[],29
66.0397,67.4766,45.6828,0.8840585,COc1cc2cc3cnccc3cc2c(Nc2ccc(F)c(F)c2F)c1N1CC2CC(O)C(C1)O2,1,c1ccc(Nc2c(N3CC4CCC(C3)O4)ccc3cc4cnccc4cc23)cc1,0.9291081,427.9367,0.3195278,0.3195,0.3838309,4.7878,1.0000000,1.0000,[],29
33.9984,44.9383,32.2802,0.6032701,Cc1ccc(N(c2ccc(C)cc2)c2cc3cc(N(c4ccccc4)c4ccccc4)c4c(C)ccc(C)c4c3cc2N(c2ccccc2)c2ccccc2)cc1,1,c1ccc(N(c2ccccc2)c2cc3cc(N(c4ccccc4)c4ccccc4)c4ccccc4c3cc2N(c2ccccc2)c2ccccc2)cc1,0.6329468,405.9160,0.1366990,0.1367,0.5714772,2.7977,1.0000000,1.0000,[],29
52.3066,73.4594,-54.9759,0.1444021,CCCCn1c(-c2c(-c3ccc4ccccc4c3N(c3ccccc3)c3ccccc3)ccc3ccccc23)nc2cc(C=Cc3ccc(N(c4ccccc4)c4ccccc4)cc3)c(C)c(C#N)c21,1,C(=Cc1ccc2[nH]c(-c3c(-c4ccc5ccccc5c4N(c4ccccc4)c4ccccc4)ccc4ccccc34)nc2c1)c1ccc(N(c2ccccc2)c2ccccc2)cc1,0.1421292,380.4815,0.1081941,0.1082,0.4730527,3.7427,1.0000000,1.0000,[],29
31.4026,31.6454,-28.7221,0.0228383,Nc1nc(N)c2nc(OCc3ccccc3)nc(N)c2n1,1,c1ccc(COc2ncc3ncncc3n2)cc1,0.0191827,357.2830,0.6393178,0.6393,0.6116281,2.4582,1.0000000,1.0000,[],29
52.6798,68.1363,48.0595,0.9077800,CCc1c(C=Cc2c(-c3sc(-c4ccc(N(c5ccccc5)c5ccccc5)cc4)c4ccc5ccccc5c34)sc(C#N)c2C=C(C#N)C#N)sc2sc3ccccc3c12,1,C(=Cc1ccsc1-c1sc(-c2ccc(N(c3ccccc3)c3ccccc3)cc2)c2ccc3ccccc3c12)c1cc2c(s1)sc1ccccc12,0.9784434,478.5761,0.1355839,0.1356,0.4469653,4.0264,1.0000000,1.0000,[],29
60.5797,73.2880,32.0852,0.8232284,CCc1ccc(Nc2ccc3c(c2)C(C)(C)C2CC(C)(C)c4cc(N(c5ccc(C)cc5)c5ccc(C)cc5)c(S(=O)(=O)N(c5ccc(C)cc5)c5ccc(C)cc5C)cc4N32)cc1,1,O=S(=O)(c1cc2c(cc1N(c1ccccc1)c1ccccc1)CCC1Cc3cc(Nc4ccccc4)ccc3N21)N(c1ccccc1)c1ccccc1,0.8808209,421.7172,0.1484268,0.1484,0.4330992,4.1839,1.0000000,1.0000,[],29
51.3343,76.6858,-76.6858,0.0000000,c1cc(ccc1-c1c2c(sc(c2N)C(=O)c2ccc(cc2)N(c2ccccc2)c2ccccc2)c2ccc3c(c2n1)N(c1ccccc1)c1ccccc1)ssc3-c1cc2c(cc1)cc(N(c1ccccc1)c1ccccc1)cc2,0,,0.0000000,0.0000,0.0000000,0.0000,0.0000000,0.0000,0.0000000,0.0000,None,29
29.1620,28.3038,-28.3038,0.0000000,COC(=O)c1ccc(-n2ccc3ccc(C#N)cc32)cc1,1,c1ccc(-n2ccc3ccccc32)cc1,0.0000000,0.0000,0.0000000,0.0000,0.0000000,0.0000,0.0000000,0.0000,"['C(=[O,S])[O,S]']",29
56.5614,76.2564,-76.2564,0.0000000,c1(c(C#N)nc2c3c(cccc3)c(-c3ccc(cc3)C#N)c(B(c3c(cccc3)C#N)c3ccc(cc3)N(c3ccccc3)c3ccccc3)c2n1CCCCCC)-c1ccc(cc1)CC#N,0,,0.0000000,0.0000,0.0000000,0.0000,0.0000000,0.0000,0.0000000,0.0000,None,29
45.2238,64.1359,27.9339,0.7192952,NC(=S)c1c(-c2ccc(N(c3ccccc3)c3ccccc3)cc2)c2c3c(cc(-c4ccc5cc(N(c6ccccc6)c6ccccc6)ccc5c4)cc3c1-n1cccc1)S2,1,c1ccc(N(c2ccccc2)c2ccc(-c3cc(-n4cccc4)c4cc(-c5ccc6cc(N(c7ccccc7)c7ccccc7)ccc6c5)cc5c4c3S5)cc2)cc1,0.7634880,412.7237,0.1391684,0.1392,0.4976697,3.4891,1.0000000,1.0000,[],29
40.5375,63.7116,-29.7623,0.2652289,N#Cc1[nH]c2c3c(ccc2c1-c1ccc(C=Cc2ccc(N(c4ccccc4)c4ccccc4)cc2)cc1)C(=O)C(=Nc1ccc(N(c2ccccc2)c2ccccc2)cc1)C=C3,1,O=C1C(=Nc2ccc(N(c3ccccc3)c3ccccc3)cc2)C=Cc2c1ccc1c(-c3ccc(C=Cc4ccc(N(c5ccccc5)c5ccccc5)cc4)cc3)c[nH]c21,0.2671470,530.9567,0.1396339,0.1396,0.4930795,3.5354,1.0000000,1.0000,[],29
65.5173,93.1919,9.6155,0.8031825,N#Cc1ccc(Nc2ncc3c(N)nc4cc(Nc5ccc(N(c6ccc(O)cc6)c6ccc(O)cc6)cc5)c(Nc5ccc(Nc6ccc(Nc7ccc8cc(S(=O)(=O)O)cc(S(=O)(=O)O)c8c7)cc6)cc5)cc4c3n2)cc1,1,c1ccc(Nc2ncc3cnc4cc(Nc5ccc(N(c6ccccc6)c6ccccc6)cc5)c(Nc5ccc(Nc6ccc(Nc7ccc8ccccc8c7)cc6)cc5)cc4c3n2)cc1,0.8989911,423.7349,0.0336912,0.0337,0.4426451,4.0749,1.0000000,1.0000,[],29
71.1985,88.5191,-88.0605,0.0035829,CCC1=C(c2cc(Br)c(CC)c3c2CCCC3)c2cc(-c3ccc(C(F)(F)F)cc3)ccc2C1c1c(-c2ccc(C)cc2)cc(-c2ccc([N+](=O)[O-])cc2)cc1C1CC1,1,C1=C(c2cccc3c2CCCC3)c2cc(-c3ccccc3)ccc2C1c1c(-c2ccccc2)cc(-c2ccccc2)cc1C1CC1,0.0029071,336.6180,0.1074103,0.1074,0.4476838,4.0183,1.0000000,1.0000,[],29
38.7393,60.2320,58.3475,0.9264024,CC1(C#N)c2ccccc2N(c2sc3c(C#N)c(S(N)(=O)=O)ccc3c2C#N)c2ccc(N(c3ccccc3)c3ccccc3)cc21,1,c1ccc(N(c2ccccc2)c2ccc3c(c2)Cc2ccccc2N3c2cc3ccccc3s2)cc1,0.9870818,447.0787,0.1981389,0.1981,0.4599976,3.8827,1.0000000,1.0000,[],29
28.1881,40.3758,76.8457,0.9157935,COc1ccc(Nc2c3cc(-c4ccccc4)ccc3nc3ccc(N(c4ccccc4)c4ccccc4)cc23)cc1,1,c1ccc(Nc2c3cc(-c4ccccc4)ccc3nc3ccc(N(c4ccccc4)c4ccccc4)cc23)cc1,0.9682398,437.1025,0.2029753,0.2030,0.6230517,2.3656,1.0000000,1.0000,[],29
40.6088,54.9570,-39.9925,0.1169103,CCCCCCC1(CCCCCC)c2ccc(N(c3ccccc3)c3ccccc3)cc2Oc2cc3c(F)c(N(c4ccccc4)c4ccccc4)cc(N(C)C)c3cc21,1,c1ccc(N(c2ccccc2)c2ccc3c(c2)Oc2cc4cc(N(c5ccccc5)c5ccccc5)ccc4cc2C3)cc1,0.1145206,377.7926,0.0854674,0.0855,0.4988372,3.4774,1.0000000,1.0000,[],29
46.4135,61.9444,56.4928,0.9252907,COc1ccc(N(Cc2ccccc2)c2cc3c(Cl)cc(C)c4sc(-c5ccc(N(c6ccccc6)c6ccccc6)cc5)c-4c3s2)cc1,1,c1ccc(CN(c2ccccc2)c2cc3cccc4sc(-c5ccc(N(c6ccccc6)c6ccccc6)cc5)c-4c3s2)cc1,0.9913309,468.5438,0.1497046,0.1497,0.5378613,3.1008,1.0000000,1.0000,[],29
48.3640,65.3056,-37.5234,0.2170485,c1ccc(Nc2ccc(Cn3c(-c4cccc5cc6c7ccccc7n(Cc7ccc(N(c8ccccc8)c8ccccc8)cc7)c6cc45)cc4ccc(N(c5ccccc5)c5ccccc5)cc43)cc2)cc1,1,c1ccc(Nc2ccc(Cn3c(-c4cccc5cc6c7ccccc7n(Cc7ccc(N(c8ccccc8)c8ccccc8)cc7)c6cc45)cc4ccc(N(c5ccccc5)c5ccccc5)cc43)cc2)cc1,0.2169584,386.0648,0.1248534,0.1249,0.5074140,3.3921,1.0000000,1.0000,[],29
47.3579,74.0723,-6.4522,0.5282824,CN(c1ccc(-c2ncc(C(=O)c3ccc(N(c4ccccc4)c4ccccc4)cc3)s2)cc1-c1ccc(N(c2ccccc2)c2ccccc2)cc1)c1cccc2c1CNc1ccccc1-2,1,O=C(c1ccc(N(c2ccccc2)c2ccccc2)cc1)c1cnc(-c2ccc(Nc3cccc4c3CNc3ccccc3-4)c(-c3ccc(N(c4ccccc4)c4ccccc4)cc3)c2)s1,0.5539749,402.3533,0.1234006,0.1234,0.4904007,3.5627,1.0000000,1.0000,[],29
73.7297,87.0677,-68.5876,0.1443753,Cc1ccc(N2c3ccccc3Sc3ccc(Nc4nc(Nc5cc(CCc6ccccc6)cc(N=Cc6ccc(N(c7ccccc7)c7ccccc7)cc6)c5)c(-c5cccc(C)c5)c(-c5ccc(C#N)cc5)n4)cc32)cc1,1,C(=Nc1cc(CCc2ccccc2)cc(Nc2nc(Nc3ccc4c(c3)N(c3ccccc3)c3ccccc3S4)nc(-c3ccccc3)c2-c2ccccc2)c1)c1ccc(N(c2ccccc2)c2ccccc2)cc1,0.1426812,380.5306,0.0981425,0.0981,0.4512804,3.9783,1.0000000,1.0000,[],29
44.4080,62.6674,-23.6757,0.3046223,CCCCCCCCCCc1ccc(-n2c3ccccc3c3c(-c4nc5cc(-c6ccc(N(c7ccccc7)c7ccccc7)cc6)ccc5n4-c4ccc(N(c5ccccc5)c5ccccc5)cc4)c4ccccc4cc32)cc1,1,c1ccc(N(c2ccccc2)c2ccc(-c3ccc4c(c3)nc(-c3c5ccccc5cc5c3c3ccccc3n5-c3ccccc3)n4-c3ccc(N(c4ccccc4)c4ccccc4)cc3)cc2)cc1,0.3153189,391.5815,0.0756025,0.0756,0.4782532,3.6881,1.0000000,1.0000,[],29
37.2775,40.2135,62.3454,0.8012415,CCN(CC)c1ccc(N=Nc2nc3c(Cl)cc(Cl)cc3n2Cc2ccccc2Cl)cc1,1,c1ccc(Cn2c(N=Nc3ccccc3)nc3ccccc32)cc1,0.8373561,502.2082,0.2465154,0.2465,0.5783250,2.7381,1.0000000,1.0000,[],29
41.9276,57.5403,-53.8158,0.0290977,Cc1ccc2c(c1)c(=C(C#N)C#N)c(=C(C#N)C#N)n2-c1c(C#N)ccc2nc(-c3ccc(N(c4ccccc4)c4ccccc4)cc3)ccc12,1,C=c1c(=C)n(-c2cccc3nc(-c4ccc(N(c5ccccc5)c5ccccc5)cc4)ccc23)c2ccccc12,0.0258584,559.4005,0.1841298,0.1841,0.4973606,3.4922,1.0000000,1.0000,[],29
31.3026,44.4215,-44.4215,0.0000000,c1(ccc(cc1)C=Cc1ccc2c(c3cc(N(c4ccccc4)c4ccccc4)ccc3n2CC)c1)=[N+](CCCC)CCCC,0,,0.0000000,0.0000,0.0000000,0.0000,0.0000000,0.0000,0.0000000,0.0000,None,29
93.4145,104.9706,-104.9706,0.0000000,c12oc(C(C)Br)cc2ccc2c1cc1C(C)(c3cc(I)c(cc3C(C)(C)c1c2)-c1ccc2c(oc(c(c2N(c2cc(C)c(cc2)Br)c2cc(Br)c(c(Br)c2)Br)Br)Br)c1Br)C,0,,0.0000000,0.0000,0.0000000,0.0000,0.0000000,0.0000,0.0000000,0.0000,None,29
40.7787,57.7169,57.8303,0.9027122,N#Cc1c(SC2C(=Cc3ccc(N(c4ccccc4)c4ccccc4)cc3)C(=O)C(c3ccccc3)=C2c2ccccc2)[nH]c(=O)c(C#N)c1-c1ccc(N(c2ccccc2)c2ccccc2)cc1,1,O=C1C(=Cc2ccc(N(c3ccccc3)c3ccccc3)cc2)C(Sc2cc(-c3ccc(N(c4ccccc4)c4ccccc4)cc3)cc(=O)[nH]2)C(c2ccccc2)=C1c1ccccc1,0.9762166,479.6682,0.1217660,0.1218,0.4423162,4.0787,1.0000000,1.0000,[],29
54.0350,66.7282,-39.7664,0.2106386,CCCN(C)c1cccc(-c2ccc3ccccc3c2)c1-c1ccc(-c2cc3oc(-c4ccc(N(c5ccccc5)c5ccccc5)cc4)cc3cc2N(c2ccccc2)c2ccccc2)s1,1,c1ccc(N(c2ccccc2)c2ccc(-c3cc4cc(N(c5ccccc5)c5ccccc5)c(-c5ccc(-c6ccccc6-c6ccc7ccccc7c6)s5)cc4o3)cc2)cc1,0.2108813,385.6724,0.1150577,0.1151,0.4939919,3.5262,1.0000000,1.0000,[],29
51.1465,68.5753,-68.5753,0.0000000,NCc1cc2c(c(n1)-c1cccc3c1c(c1-c1ccc(-c4ccc(cc4)N(c4ccccc4)c4ccccc4)cc1)c3-c1ccccc1)cccc2,0,,0.0000000,0.0000,0.0000000,0.0000,0.0000000,0.0000,0.0000000,0.0000,None,29
62.0066,79.7264,32.3528,0.8756182,Cc1ccc(N(c2ccc(C)cc2)c2ccc(-c3ccc(OCCOc4cc(N5C(=Nc6ccc(N(C)C)cc6)C(C#N)=CC5c5ccc(Oc6ccc(C#N)cc6)cc5)ccc4Oc4ccc(-c5ccc(C#N)cc5)cc4)cc3)cc2)cc1,1,C1=CC(c2ccc(Oc3ccccc3)cc2)N(c2ccc(Oc3ccc(-c4ccccc4)cc3)c(OCCOc3ccc(-c4ccc(N(c5ccccc5)c5ccccc5)cc4)cc3)c2)C1=Nc1ccccc1,0.9611639,485.1609,0.0765530,0.0766,0.4044986,4.5255,1.0000000,1.0000,[],29
57.1408,66.1251,51.9759,0.9226633,COc1ccc(-c2c(C=Cc3ccc4cc(N(C)C)ccc4c3)c(=O)n(-c3ccc(-c4ccccc4)cc3)c3c2ccc2c4cccc(C#N)c4c4ccccc4c23)cc1,1,O=c1c(C=Cc2ccc3ccccc3c2)c(-c2ccccc2)c2ccc3c4ccccc4c4ccccc4c3c2n1-c1ccc(-c2ccccc2)cc1,0.9888817,448.7276,0.1513740,0.1514,0.5160959,3.3073,1.0000000,1.0000,[],29
64.7064,84.2940,-84.2940,0.0000000,c1cc2N(c3c(cc4c(c3)cc3c(c4)N(c4c(cc(c(C)c4)C)C)c4ccc(cc4)C)c4cc(c(cc4n3)N(c3ccc(cc3)CC)c3ccc(cc3)C)CCCCCC)c3ccccc3-c2cc1C,0,,0.0000000,0.0000,0.0000000,0.0000,0.0000000,0.0000,0.0000000,0.0000,None,29
44.2429,55.0293,26.3048,0.6354229,Cc1ccc(N(c2ccccc2)c2ccc3cc(N(c4ccc(-c5ccc(C=Cc6ccc(C#N)c(C)c6)cc5)cc4)c4cccc5ccccc45)ccc3c2)c(C)c1,1,C(=Cc1ccc(-c2ccc(N(c3ccc4cc(N(c5ccccc5)c5ccccc5)ccc4c3)c3cccc4ccccc34)cc2)cc1)c1ccccc1,0.6694026,407.6597,0.1373895,0.1374,0.5321845,3.1538,1.0000000,1.0000,[],29
38.5483,52.4638,-50.0981,0.0184825,Cc1ccc(N(c2ccccc2)c2ccc(N3C(=O)C4C5c6ccccc6CC5C(c5ccc(C)cc5)(C3=O)C4c3ccccc3)cc2)cc1,1,O=C1C2C3c4ccccc4CC3C(c3ccccc3)(C(=O)N1c1ccc(N(c3ccccc3)c3ccccc3)cc1)C2c1ccccc1,0.0161676,355.3931,0.1685721,0.1686,0.3865744,4.7522,1.0000000,1.0000,[],29
33.5093,53.9899,59.7516,0.8886055,CN(c1ccccc1)c1ccc(N=Nc2cc(C(C#N)=Cc3ccc(N(c4ccccc4)c4ccccc4)cc3)nc3ccc(N(c4ccccc4)c4ccccc4)cc23)cc1,1,C(=Cc1cc(N=Nc2ccc(Nc3ccccc3)cc2)c2cc(N(c3ccccc3)c3ccccc3)ccc2n1)c1ccc(N(c2ccccc2)c2ccccc2)cc1,0.9661554,483.6111,0.0909008,0.0909,0.5103481,3.3633,1.0000000,1.0000,[],29
55.5230,77.1577,35.2554,0.8782271,CCCCCCCCCCCCN(CCCCCCCCCCCC)c1ccc(Cn2c3ccc(N(c4ccc(C=Cc5ccc(N(c6ccccc6)c6ccccc6)cc5)cc4)c4ccc(C=Cc5cc6c(s5)C=Cc5cccc7c8ccccc8n-6c57)cc4)cc3c3ccc(Cl)cc32)cc1,1,C(=Cc1ccc(N(c2ccc(C=Cc3cc4c(s3)C=Cc3cccc5c6ccccc6n-4c35)cc2)c2ccc3c(c2)c2ccccc2n3Cc2ccccc2)cc1)c1ccc(N(c2ccccc2)c2ccccc2)cc1,0.9953443,458.2496,0.0291547,0.0292,0.3797922,4.8407,1.0000000,1.0000,[],29
86.9885,103.2823,-103.2823,0.0000000,COc1ccc2cc(C(C3=[C+]N=CC(c4ccc(N(c5ccc(C)cc5)c5cccc6ccccc56)cc4)=C3)=C3c4cc(C=C(C#N)C#N)ccc4-c4cc(OC)c(OC)c(C)c43)cc(OC)c2c1,1,[C+]1=C(C(=C2c3ccccc3-c3ccccc32)c2ccc3ccccc3c2)C=C(c2ccc(N(c3ccccc3)c3cccc4ccccc34)cc2)C=N1,0.0000000,0.0000,0.0000000,0.0000,0.0000000,0.0000,0.0000000,0.0000,['[#6;+]'],29
63.1345,82.2227,-82.2227,0.0000000,C(=NCC(c1ccc2c(c3c(sc(c3)-c3ccc(c4c3cccc4)N=Nc3ccc4c(c3)ccc(O)c4)c2c1)N)=O)(c1ccccc1)c1ccc(N(c2ccccc2)c2ccccc2)cc1,0,,0.0000000,0.0000,0.0000000,0.0000,0.0000000,0.0000,0.0000000,0.0000,None,29
52.4516,61.6574,-7.2237,0.4252633,CC(C)(C)c1ccc(N(c2ccc(-c3ccc(C#N)cc3)cc2)c2cc3c(cc2-c2ccc4c(ccc5ccccc54)c2)-c2cc(N(c4ccccc4)c4ccccc4)ccc2-c2ccc(C#N)cc2O3)cc1,1,c1ccc(-c2ccc(N(c3ccccc3)c3cc4c(cc3-c3ccc5c(ccc6ccccc65)c3)-c3cc(N(c5ccccc5)c5ccccc5)ccc3-c3ccccc3O4)cc2)cc1,0.4391263,397.3431,0.1420717,0.1421,0.4798867,3.6710,1.0000000,1.0000,[],29
38.9486,53.2721,-12.4515,0.3189114,O=C(Nc1ccc(CS(=O)(=O)c2cccc(F)c2)cc1)c1ccc2nc(-c3ccc(N(c4ccccc4)c4ccccc4)cc3)ccc2c1,1,O=C(Nc1ccc(CS(=O)(=O)c2ccccc2)cc1)c1ccc2nc(-c3ccc(N(c4ccccc4)c4ccccc4)cc3)ccc2c1,0.3213118,391.8814,0.1663979,0.1664,0.5926096,2.6161,1.0000000,1.0000,[],29
22.3819,20.6168,-20.6158,0.0000077,[CH2]C1COC1,1,C1COC1,0.0000043,265.8589,0.4030264,0.4030,0.4608157,3.8738,1.0000000,1.0000,[],29
26.6119,28.7571,-27.5258,0.0096195,CC(=O)c1c(C#N)nc2ccccc2c1N,1,c1ccc2ncccc2c1,0.0076851,347.2249,0.7302088,0.7302,0.6227632,2.3679,1.0000000,1.0000,[],29
58.4827,74.8490,-74.8490,0.0000000,N1(C(N(C(C2C1=C1c3c(C(c4cc(c(cc4)N(c4ccccc4)c4ccccc4)C1=O)cc2)=Nc1ccc(Cl)cc1N3c1ccccc1)=O)c1ccc(cc1)C)=O)c1ccc(cc1)Cl,0,,0.0000000,0.0000,0.0000000,0.0000,0.0000000,0.0000,0.0000000,0.0000,None,29
36.6578,42.0781,14.6999,0.4435780,Cc1ccc(-c2ccc3c(c2)N(c2ccc(C)cc2)c2cc(C)c(C)cc2N3c2cc(C)cc(-c3ccccc3)c2)cc1,1,c1ccc(-c2cccc(N3c4ccccc4N(c4ccccc4)c4cc(-c5ccccc5)ccc43)c2)cc1,0.4509257,397.8618,0.2126822,0.2127,0.6122299,2.4532,1.0000000,1.0000,[],29
24.8091,35.0557,-0.7547,0.2679759,C(=Cc1ccc(N(c2ccccc2)c2ccccc2)cc1)c1ccc(-c2cc3ccccc3c3ccc(N(c4ccccc4)c4ccccc4)cc23)cc1,1,C(=Cc1ccc(N(c2ccccc2)c2ccccc2)cc1)c1ccc(-c2cc3ccccc3c3ccc(N(c4ccccc4)c4ccccc4)cc23)cc1,0.2709950,389.2558,0.1098674,0.1099,0.5995443,2.5579,1.0000000,1.0000,[],29
73.4933,90.9579,4.3908,0.7449124,C=CC=C(C=CNc1ccc(N(c2ccccc2)c2ccccc2)cc1)c1cc2c(c(N(c3ccccc3C)c3ccc(C=C(c4ccccc4)c4ccccc4)c4ccccc34)c1)C1(CCCCC1)C1=C2c2cc3ccccc3cc21,1,C=C(C=CNc1ccc(N(c2ccccc2)c2ccccc2)cc1)c1cc2c(c(N(c3ccccc3)c3ccc(C=C(c4ccccc4)c4ccccc4)c4ccccc34)c1)C1(CCCCC1)C1=C2c2cc3ccccc3cc21,0.8086793,415.6504,0.0864841,0.0865,0.3806093,4.8299,1.0000000,1.0000,[],29
55.0750,67.9217,-48.3347,0.1530234,C(=Cc1nc(-c2ccccc2)nc(-c2cccc(-n3c4ccc(C=Cc5ccc(N(c6ccccc6)c6ccccc6)cc5)cc4c4cc(N5c6ccccc6Sc6ccc(N(c7ccccc7)c7ccccc7)cc65)cnc43)c2)n1)c1ccccc1,1,C(=Cc1nc(-c2ccccc2)nc(-c2cccc(-n3c4ccc(C=Cc5ccc(N(c6ccccc6)c6ccccc6)cc5)cc4c4cc(N5c6ccccc6Sc6ccc(N(c7ccccc7)c7ccccc7)cc65)cnc43)c2)n1)c1ccccc1,0.1517548,381.3155,0.0998208,0.0998,0.4313203,4.2045,1.0000000,1.0000,[],29
41.1903,50.7859,-46.9109,0.0302733,Cc1ccc(-c2ccnc3c2c(-c2ccc(C(C)(C)C)cc2)nc2ccc(-c4ccc5c6ccccc6n(-c6ccccc6)c5c4)cc23)cc1,1,c1ccc(-c2ccnc3c2c(-c2ccccc2)nc2ccc(-c4ccc5c6ccccc6n(-c6ccccc6)c5c4)cc23)cc1,0.0269061,361.0424,0.1786961,0.1787,0.5714034,2.7983,1.0000000,1.0000,[],29
61.4728,79.1103,-79.1103,0.0000000,CC1(C(=O)N(CC(c2c(C)c(c(N(CC)CC)c(-c3ccccc3)c2N1c1ccc(cc1)C)Sc1ccc(C)cc1)c1ccc(cc1)C)=C(c1ccc(C(C)(C)C)cc1)c1ccc(cc1)C)C,0,,0.0000000,0.0000,0.0000000,0.0000,0.0000000,0.0000,0.0000000,0.0000,None,29
43.5774,58.0143,59.5401,0.9183934,N#CC(C#N)=C(c1ccc(N(c2ccccc2)c2ccccc2)cc1)c1cc(-c2ccc(C3=CCC(O)CC3)s2)sc1-c1ccc(N(c2ccccc2)c2ccccc2)cc1,1,C=C(c1ccc(N(c2ccccc2)c2ccccc2)cc1)c1cc(-c2ccc(C3=CCCCC3)s2)sc1-c1ccc(N(c2ccccc2)c2ccccc2)cc1,0.9914418,451.5971,0.1315247,0.1315,0.4469249,4.0268,1.0000000,1.0000,[],30
45.3271,50.0138,66.6406,0.9113629,CC(C)=CCc1c2ccccc2nc2c(N3CCOCC3)c3c(c(O)c12)C=CC(O)C3,1,C1=Cc2cc3cc4ccccc4nc3c(N3CCOCC3)c2CC1,0.9421818,430.3018,0.4903255,0.4903,0.4758192,3.7136,1.0000000,1.0000,[],30
52.7077,65.8855,-65.8855,0.0000000,C(#Cc1c2ccccc2c(CCc2ccc3ccccc3c2)c2nsnc12)C=Cc1cc2ccccc2c2c3ccccc3c3c4ccccc4ccc3c12,1,C(#Cc1c2ccccc2c(CCc2ccc3ccccc3c2)c2nsnc12)C=Cc1cc2ccccc2c2c3ccccc3c3c4ccccc4ccc3c12,0.0000000,0.0000,0.0000000,0.0000,0.0000000,0.0000,0.0000000,0.0000,['C#C'],30
78.5244,107.4633,-107.4633,0.0000000,c1(ccc(cc1N(c1ccc(cc1)C)c1ccc(cc1)C)-c1ccc2ccc3c(cccc3)c2c1)-c1c2c(c(OCCCCCCCCCC)c(-c3ccc(cc3)C=C(c3ccc(CCCCCCCCCCCCCCCCCCCCCCCCC)cc3)c3ccc(cc3)C)c2)nc2cc(ccc21)-c1sc(cc1)C,0,,0.0000000,0.0000,0.0000000,0.0000,0.0000000,0.0000,0.0000000,0.0000,None,30
60.5901,79.8449,-79.8449,0.0000000,Cc1ccc(N(c2ccc(C)cc2)c2cc3cc(N(c4ccccc4)c4ccc(C)cc4)c4cc(-c5ccc(N(c6ccccc6)c6ccccc6)cc5)ccc4c3cc2C2c3cc(-c4cn(CC(=O)O)nn4)ccc3-c3ccc(N(c4ccccc4)c4ccccc4)cc32)cc1,1,c1ccc(N(c2ccccc2)c2ccc(-c3ccc4c(c3)c(N(c3ccccc3)c3ccccc3)cc3cc(N(c5ccccc5)c5ccccc5)c(C5c6cc(-c7c[nH]nn7)ccc6-c6ccc(N(c7ccccc7)c7ccccc7)cc65)cc34)cc2)cc1,0.0000000,0.0000,0.0000000,0.0000,0.0000000,0.0000,0.0000000,0.0000,"['C(=[O,S])[O,S]']",30
48.6024,68.8417,45.0551,0.8898190,O=c1c2cc(N=C(c3cc(N=Nc4ccc(C=Cc5ccc(N(c6ccccc6)c6ccccc6)cc5)cc4)c4ccccc4n3)N(c3ccccc3)c3ccccc3)ccc2oc2cc3ccccc3cc12,1,O=c1c2cc(N=C(c3cc(N=Nc4ccc(C=Cc5ccc(N(c6ccccc6)c6ccccc6)cc5)cc4)c4ccccc4n3)N(c3ccccc3)c3ccccc3)ccc2oc2cc3ccccc3cc12,0.9930568,466.1147,0.0423826,0.0424,0.4656228,3.8219,1.0000000,1.0000,[],30
80.2828,127.9821,-60.1117,0.5302381,CCCCCCCCOc1ccc(-c2c(-c3sc(-c4ccc(N(c5ccccc5)c5ccccc5)cc4)cc3C#N)c3c(=O)[nH]c(-c4cc5ccc6c7ccc(Oc8ccc9c%10ccccc%10n(-c%10ccc(N(c%11ccccc%11)c%11ccccc%11)cc%10)c9c8)cc7n(-c7ccc(CCCCCCCC)cc7)c6c5s4)c(-c4ccc(C)cc4)n3c2-c2ccc(C)s2)cc1,1,O=c1[nH]c(-c2cc3ccc4c5ccc(Oc6ccc7c8ccccc8n(-c8ccc(N(c9ccccc9)c9ccccc9)cc8)c7c6)cc5n(-c5ccccc5)c4c3s2)c(-c2ccccc2)n2c(-c3cccs3)c(-c3ccccc3)c(-c3ccc(-c4ccc(N(c5ccccc5)c5ccccc5)cc4)s3)c12,0.5804584,403.5249,0.0435067,0.0435,0.3066108,5.9109,1.0000000,1.0000,[],30
48.8838,52.5977,-52.5977,0.0000000,CCCCOc1ccc(C=NNC(=O)COc2c3ccc(N)cc3c(OCC)c3cc(OCC)ccc23)cc1OCC,1,O=C(COc1c2ccccc2cc2ccccc12)NN=Cc1ccccc1,0.0000000,0.0000,0.0000000,0.0000,0.0000000,0.0000,0.0000000,0.0000,['[#7;!n][#7;!n]'],30
52.8027,78.4901,39.7036,0.9233880,Cc1c(-c2ccc3c(c2)C(=C(C#N)C#N)c2cc(N(c4ccccc4)c4ccccc4)ccc2-3)nn(C#N)c1CN1C(=O)N=C(c2cccc3ccccc23)C1=O,1,C=C1c2cc(-c3cc(CN4C(=O)N=C(c5cccc6ccccc56)C4=O)[nH]n3)ccc2-c2ccc(N(c3ccccc3)c3ccccc3)cc21,0.9922728,467.2848,0.1483473,0.1483,0.4702360,3.7726,1.0000000,1.0000,[],30
50.0941,67.3886,-64.8651,0.0197147,OC1=C(c2ccc3c(c2)OCO3)CC2c3sc4cc(N(c5ccc(Nc6ccccc6)cc5)c5ccc(-c6ccccc6)cc5)ccc4c3CCC2C1,1,C1=C(c2ccc3c(c2)OCO3)CC2c3sc4cc(N(c5ccc(Nc6ccccc6)cc5)c5ccc(-c6ccccc6)cc5)ccc4c3CCC2C1,0.0172330,356.0977,0.1724574,0.1725,0.4543698,3.9442,1.0000000,1.0000,[],30
59.6583,80.2759,3.2648,0.6526612,CCCCCCCCCCCCc1c(-c2ccc(-c3ccc(C=Cc4sc5ccccc5c4OCC(CC)CCCCCCCC)cc3)s2)ccc2c1N(c1ccc(C)cc1)c1cc3c(cc1O2)sc1ccccc13,1,C(=Cc1cc2ccccc2s1)c1ccc(-c2ccc(-c3ccc4c(c3)N(c3ccccc3)c3cc5c(cc3O4)sc3ccccc35)s2)cc1,0.7159581,410.0376,0.0479210,0.0479,0.4040564,4.5310,1.0000000,1.0000,[],30
32.2256,41.0030,-40.9325,0.0005511,Cc1ccc(N(c2ccc(C)cc2)c2ccc(-n3c(Br)c(C)c4ccc(C)cc43)cc2)cc1,1,c1ccc(N(c2ccccc2)c2ccc(-n3ccc4ccccc43)cc2)cc1,0.0003923,314.8450,0.2414184,0.2414,0.6158995,2.4234,1.0000000,1.0000,[],30
38.7845,50.3440,55.0850,0.8236640,CC1(C)Oc2cc3cc4ccccc4cc3cc2N1c1ccc(-c2ccc3sc(-c4ccc(N(c5ccccc5)c5ccccc5)cc4)cc3c2)cc1,1,c1ccc(N(c2ccccc2)c2ccc(-c3cc4cc(-c5ccc(N6COc7cc8cc9ccccc9cc8cc76)cc5)ccc4s3)cc2)cc1,0.8752109,421.1484,0.1606368,0.1606,0.5350345,3.1271,1.0000000,1.0000,[],30
47.9016,63.2814,54.1606,0.9175158,O=C1c2cc3c(cc2N=C(C=Cc2ccc(N(c4ccccc4)c4ccccc4)cc2)C1c1ccccc1)oc1c(-c2ccccc2)c2ccccc2c(-c2ccc(-c4ccc(N(c5ccccc5)c5ccccc5)cc4)cc2)c13,1,O=C1c2cc3c(cc2N=C(C=Cc2ccc(N(c4ccccc4)c4ccccc4)cc2)C1c1ccccc1)oc1c(-c2ccccc2)c2ccccc2c(-c2ccc(-c4ccc(N(c5ccccc5)c5ccccc5)cc4)cc2)c13,0.9937651,464.9387,0.1223461,0.1223,0.4249278,4.2792,1.0000000,1.0000,[],30
33.4309,47.2888,-47.2888,0.0000000,c1c(c(O)c2c(c1N=Nc1ccc(N(c3ccccc3)c3ccccc3)cc1)ccc1c2c(cc1)N)Nc1ccccc1,0,,0.0000000,0.0000,0.0000000,0.0000,0.0000000,0.0000,0.0000000,0.0000,None,30
72.3382,74.0533,-74.0533,0.0000000,O=C(CNc1c(O)c(O)c2c3c(c(O)c(O)c(O)c13)-c1c(ccc(O)c1O)C2=O)c1cccc(C(O)=NN=Nc2ccccc2)c1,1,O=C(CNc1ccc2c3c(cccc13)-c1ccccc1C2=O)c1cccc(C=NN=Nc2ccccc2)c1,0.0000000,0.0000,0.0000000,0.0000,0.0000000,0.0000,0.0000000,0.0000,['[#7;!n][#7;!n]'],30
58.6186,56.5590,-56.5590,0.0000000,C1C[C@H](C(O)=C1)[C@@]12[S+]([C@@H]1c1c(-c2cccc1)Cl)[O-],0,,0.0000000,0.0000,0.0000000,0.0000,0.0000000,0.0000,0.0000000,0.0000,None,30
37.5224,55.4520,-16.5396,0.3040034,COc1ccc(-c2c(-c3ccc(N(c4ccccc4)c4ccccc4)cc3)c(C#N)nc3sc4cc(-c5ccc(-c6ccc(N(c7ccccc7)c7ccccc7)cc6)cc5)ccc4c23)cc1,1,c1ccc(-c2c(-c3ccc(N(c4ccccc4)c4ccccc4)cc3)cnc3sc4cc(-c5ccc(-c6ccc(N(c7ccccc7)c7ccccc7)cc6)cc5)ccc4c23)cc1,0.3087752,391.2506,0.1295436,0.1295,0.5215365,3.2549,1.0000000,1.0000,[],30
74.9630,104.7467,-104.7467,0.0000000,CCOc1cc(C=NC(=O)c2ccc3c4ccc(cc4)n(-c4ccc(C)cc4)c4ccc(C(=O)N5CCCC(c6ccc(C=Cc7ccc(N(c8ccccc8)c8ccccc8)cc7)cc6)CC5)cc4c3c3ccccc3c2-c2ccc(C)cc2)cc(N(c2ccccc2)c2ccccc2)c1OC,1,O=C(N=Cc1cccc(N(c2ccccc2)c2ccccc2)c1)c1ccc2c3ccc(cc3)n(-c3ccccc3)c3ccc(C(=O)N4CCCC(c5ccc(C=Cc6ccc(N(c7ccccc7)c7ccccc7)cc6)cc5)CC4)cc3c2c2ccccc2c1-c1ccccc1,0.0000000,0.0000,0.0000000,0.0000,0.0000000,0.0000,0.0000000,0.0000,['[*;r{8-17}]'],30
58.0318,67.6599,18.2544,0.6712061,Cc1ccc(N(c2ccccc2)c2cc3ccc(N(CCCN4c5ccccc5N(C(C)(c5ccccc5)c5ccccc5)c5cc(C)c(C)cc54)c4ccccc4)cc3c3cc(N(c4ccccc4)c4ccccc4)ccc23)cc1,1,c1ccc(C(c2ccccc2)N2c3ccccc3N(CCCN(c3ccccc3)c3ccc4cc(N(c5ccccc5)c5ccccc5)c5ccc(N(c6ccccc6)c6ccccc6)cc5c4c3)c3ccccc32)cc1,0.7198583,410.2467,0.0948535,0.0949,0.4549669,3.9377,1.0000000,1.0000,[],30
31.1095,36.6383,-36.0709,0.0044333,Nc1ccc(C2CCCc3ccccc32)nc1Nc1ccccc1,1,c1ccc(Nc2cccc(C3CCCc4ccccc43)n2)cc1,0.0034059,338.3430,0.7242962,0.7243,0.5826863,2.7005,1.0000000,1.0000,[],30
35.7423,46.6044,-45.6656,0.0073350,Cc1ccc(C)c(N(c2ccccc2)c2ccc(C(=O)Nc3ccc(Oc4ccc(NC(=O)c5ccc(N(c6ccccc6)c6ccccc6)cc5)cc4)cc3)cc2)c1,1,O=C(Nc1ccc(Oc2ccc(NC(=O)c3ccc(N(c4ccccc4)c4ccccc4)cc3)cc2)cc1)c1ccc(N(c2ccccc2)c2ccccc2)cc1,0.0061092,344.7161,0.1294020,0.1294,0.5860028,2.6722,1.0000000,1.0000,[],30
74.5790,85.8505,-85.8505,0.0000000,C(CCOCCCC)COc1ccc(cc1F)-c1cc2c3nn(nc3c(-c3cc(ccc3)OCCCCCCOCCCCCC)c3cc(ccc32)-c2sc(cc2)N(c2ccc(cc2)F)c2ccc(cc2)C)c1,0,,0.0000000,0.0000,0.0000000,0.0000,0.0000000,0.0000,0.0000000,0.0000,None,30
53.1453,76.4426,-76.4426,0.0000000,N#Cc1cc(C#N)cc(-c2ccc(C(=Cc3ccc(-c4cc(C=NN5CCCc6ccccc65)ccc4C#N)s3)c3ccc(N(c4ccccc4)c4ccccc4)cc3)cc2)c1,1,C(=NN1CCCc2ccccc21)c1cccc(-c2ccc(C=C(c3ccc(-c4ccccc4)cc3)c3ccc(N(c4ccccc4)c4ccccc4)cc3)s2)c1,0.0000000,0.0000,0.0000000,0.0000,0.0000000,0.0000,0.0000000,0.0000,['[#7;!n][#7;!n]'],30
44.0142,63.3468,-58.5921,0.0371466,N#CC(C#N)=c1c(-c2ccc(N(c3ccccc3)c3ccccc3)cc2)cc(=C2c3cc(-c4ccc(N(c5ccccc5)c5ccccc5)cc4)ccc3C(=O)N2c2ccc(C3CCCCC3)cc2)c(=O)n1-c1ccc(N(c2ccccc2)c2ccccc2)cc1,1,C=c1c(-c2ccc(N(c3ccccc3)c3ccccc3)cc2)cc(=C2c3cc(-c4ccc(N(c5ccccc5)c5ccccc5)cc4)ccc3C(=O)N2c2ccc(C3CCCCC3)cc2)c(=O)n1-c1ccc(N(c2ccccc2)c2ccccc2)cc1,0.0341304,556.2944,0.1069122,0.1069,0.4248063,4.2806,1.0000000,1.0000,[],30
30.2001,25.5598,-25.5591,0.0000058,CCC[P+](=O)CCCCCO,1,,0.0000032,262.5522,0.4785475,0.4785,0.4681188,3.7952,1.0000000,1.0000,[],30
80.7639,111.3528,-31.2999,0.6254136,CCCCCCCCCCCCOc1ccc(C(c2cc(C(C)(C)c3ccc(OCc4ccc5cc(C)ccc5c4CCCCCCCCCC)cc3)c3ccc(N(c4ccccc4)c4ccccc4)cc3c2)c2cc3c(ccc4ccc(N(c5ccccc5)c5ccccc5)cc43)oc2=O)c2ccccc12,1,O=c1oc2ccc3ccc(N(c4ccccc4)c4ccccc4)cc3c2cc1C(c1cc(Cc2ccc(OCc3ccc4ccccc4c3)cc2)c2ccc(N(c3ccccc3)c3ccccc3)cc2c1)c1cccc2ccccc12,0.7037526,409.3941,0.0224147,0.0224,0.3389354,5.4097,1.0000000,1.0000,[],30
48.1315,67.1419,-67.1419,0.0000000,c1(-c2c(cc3c(c2)c2c(c(c3N)Cc3c(c4ccccc4cc3)N(c3ccccc3)c3ccccc3)c3c(cccc3)c2-c2ccccc2)N(c2ccccc2)c2ccccc2)ccc(cc1)N(c1ccccc1)c1ccccc1,0,,0.0000000,0.0000,0.0000000,0.0000,0.0000000,0.0000,0.0000000,0.0000,None,30
22.0590,21.2418,-19.0777,0.0169071,O=CC(=Cc1ccccc1)[N+](=O)[O-],1,c1ccccc1,0.0143192,354.0545,0.3040024,0.3040,0.5930766,2.6122,1.0000000,1.0000,[],30
49.2914,60.2876,-60.2876,0.0000000,CC1(c2ccc(-c3ccc(N(c4ccccc4)c4ccc(F)cc4)cc3)cc2)c2cc(-c3ccc(N(c4ccccc4)c4ccccc4)cc3)sc2-c2sc(-c3ccc(C(=O)O)c(F)c3F)cc21,1,c1ccc(-c2cc3c(s2)-c2sc(-c4ccc(N(c5ccccc5)c5ccccc5)cc4)cc2C3c2ccc(-c3ccc(N(c4ccccc4)c4ccccc4)cc3)cc2)cc1,0.0000000,0.0000,0.0000000,0.0000,0.0000000,0.0000,0.0000000,0.0000,"['C(=[O,S])[O,S]']",30
47.3782,57.5900,-57.5900,0.0000000,O=C(O)C1C=CN(c2cc3cc(NCCCN4CCCCC4)cnc3cc2N2CCCCC2)C(=O)C1,1,O=C1CCC=CN1c1cc2cc(NCCCN3CCCCC3)cnc2cc1N1CCCCC1,0.0000000,0.0000,0.0000000,0.0000,0.0000000,0.0000,0.0000000,0.0000,"['C(=[O,S])[O,S]']",30
63.0769,76.3254,-76.3254,0.0000000,CCCCCCCCOc1ccc(C(=O)NC2=CCN(C(=O)C3CC(=Cc4ccc(N(CCCC)CCCC)cc4)CN3C(=O)OC(C)(C)C)N=C2c2ccccc2F)cc1,1,O=C(NC1=CCN(C(=O)C2CC(=Cc3ccccc3)CN2)N=C1c1ccccc1)c1ccccc1,0.0000000,0.0000,0.0000000,0.0000,0.0000000,0.0000,0.0000000,0.0000,"['[#7;!n][#7;!n]', 'C(=[O,S])[O,S]']",30
64.1395,91.7041,22.4478,0.8918112,CCCCCCOc1ccc(-c2c3ccccc3c3c4c(cccc24)C(CC(c2ccccc2)(c2ccccc2)c2cc4ccccc4c4c2c2ccccc2n4-c2ccc(C=Cc4ccc5ccccc5c4)cc2)=C3)cc1,1,C(=Cc1ccc2ccccc2c1)c1ccc(-n2c3ccccc3c3c(C(CC4=Cc5c6ccccc6c(-c6ccccc6)c6cccc4c56)(c4ccccc4)c4ccccc4)cc4ccccc4c32)cc1,0.9955544,461.2465,0.0432022,0.0432,0.4490550,4.0030,1.0000000,1.0000,[],30
47.8046,70.0316,-18.6085,0.4017431,CCn1c2cc3ccccc3cc2c2cc(CC(C)C)c3c(-c4ccc(N(c5ccccc5)c5ccccc5)cc4)c(CC(=O)c4ccc(OC)cc4)[nH]c3c21,1,O=C(Cc1[nH]c2c(ccc3c4cc5ccccc5cc4[nH]c32)c1-c1ccc(N(c2ccccc2)c2ccccc2)cc1)c1ccccc1,0.4135991,396.2096,0.1347813,0.1348,0.5193356,3.2760,1.0000000,1.0000,[],30
31.1275,43.0130,43.0807,0.6726072,N#Cc1ccc(N(c2ccc(-c3ccc(N(c4ccccc4)c4ccccc4)s3)cc2)c2ccc(N(c3ccccc3)c3ccccc3)cc2)nn1,1,c1ccc(N(c2ccccc2)c2ccc(N(c3ccc(-c4ccc(N(c5ccccc5)c5ccccc5)s4)cc3)c3cccnn3)cc2)cc1,0.7093135,409.6853,0.1425123,0.1425,0.5526907,2.9648,1.0000000,1.0000,[],30
32.5979,49.6922,-47.8279,0.0145650,c1ccc(-c2ccc3c(c(Oc4ccc(N(c5ccccc5)c5ccccc5)cc4)c(-c4ccc(N(c5ccccc5)c5ccccc5)cc4)c4ccccc43)c2-c2ccc(N(c3ccccc3)c3ccccc3)cc2)cc1,1,c1ccc(-c2ccc3c(c(Oc4ccc(N(c5ccccc5)c5ccccc5)cc4)c(-c4ccc(N(c5ccccc5)c5ccccc5)cc4)c4ccccc43)c2-c2ccc(N(c3ccccc3)c3ccccc3)cc2)cc1,0.0127039,352.7373,0.1010689,0.1011,0.5265788,3.2068,1.0000000,1.0000,[],30
27.6705,31.1590,-31.0447,0.0008929,C=CC(=C)CN(c1ccc(Br)cc1)c1ccc(Br)cc1,1,c1ccc(Nc2ccccc2)cc1,0.0006354,320.0826,0.5559478,0.5559,0.6022081,2.5358,1.0000000,1.0000,[],30
40.3098,64.7056,49.3111,0.8907550,COc1ccc(N(c2ccccc2)c2ccc(N=Nc3ccc(C=Cc4cc(Oc5cccc(N(c6ccccc6)c6ccc(C)cc6)c5)ccc4[N+](=O)[O-])cc3OC)cc2)cc1,1,C(=Cc1cccc(Oc2cccc(N(c3ccccc3)c3ccccc3)c2)c1)c1ccc(N=Nc2ccc(N(c3ccccc3)c3ccccc3)cc2)cc1,0.9911720,468.7429,0.0438651,0.0439,0.5101017,3.3657,1.0000000,1.0000,[],30
57.3206,71.7244,35.9845,0.8414755,CCCCCCCCC1(c2ccccc2)c2ccccc2-c2c3c1ccc(B1c4ccccc4-c4ccc(-c5ccc(N(c6ccccc6)c6ccccc6)cc5)cc41)c3c(-c1ccccc1)c1oc3ccccc3c21,1,c1ccc(-c2c3oc4ccccc4c3c3c4c(ccc(B5c6ccccc6-c6ccc(-c7ccc(N(c8ccccc8)c8ccccc8)cc7)cc65)c24)C(c2ccccc2)c2ccccc2-3)cc1,0.9205476,426.5985,0.0797436,0.0797,0.4048867,4.5207,1.0000000,1.0000,[],30
56.1360,72.1780,29.7044,0.7959562,CCCCN(c1ccc2sc3ccc4c(c3c2c1)Oc1c(sc(-c2ccc(N(c3ccccc3)c3ccccc3)s2)c1N(c1ccccc1)c1ccccc1)C4)c1ccc(N(c2ccccc2)c2ccccc2)cc1N(c1ccccc1)c1ccccc1,1,c1ccc(N(c2ccccc2)c2ccc(Nc3ccc4sc5ccc6c(c5c4c3)Oc3c(sc(-c4ccc(N(c5ccccc5)c5ccccc5)s4)c3N(c3ccccc3)c3ccccc3)C6)c(N(c3ccccc3)c3ccccc3)c2)cc1,0.8662280,420.2817,0.0849284,0.0849,0.4105336,4.4515,1.0000000,1.0000,[],30
71.5334,82.8645,-82.8645,0.0000000,CCCCN(C(=O)c1cc2cc3c4c(c2cc1CC)CC1CN(c2ccccc2)c2cccc(OC)c2C=NN1N4CCC3)c1ccccc1,1,O=C(Nc1ccccc1)c1ccc2c3c4c(cc2c1)CCCN4N1N=Cc2ccccc2N(c2ccccc2)CC1C3,0.0000000,0.0000,0.0000000,0.0000,0.0000000,0.0000,0.0000000,0.0000,"['[*;r{8-17}]', '[#7;!n][#7;!n]']",30
45.4178,57.4326,59.5728,0.9141050,Cc1ccc(N(c2ccccc2)c2ccc(-c3ccc4cc(N(c5ccc(-c6nnc(-c7ccccc7)o6)cc5)c5ccc(-c6ccc(C=C(C#N)c7ccc(N(c8ccccc8)c8ccccc8)cc7)s6)cc5)ccc4c3)cc2)cc1,1,C(=Cc1ccc(-c2ccc(N(c3ccc(-c4nnc(-c5ccccc5)o4)cc3)c3ccc4cc(-c5ccc(N(c6ccccc6)c6ccccc6)cc5)ccc4c3)cc2)s1)c1ccc(N(c2ccccc2)c2ccccc2)cc1,0.9958809,460.4149,0.0947257,0.0947,0.4680054,3.7964,1.0000000,1.0000,[],30
60.1309,76.0619,-76.0619,0.0000000,c12nc(c3c(c(c(c(c3n1Cc1ccccc1-c1ccc([N+]#[C-])c3ccccc13)C#N)C#N)C#N)N)c(=O)n(CCCCCCCCC)c2=O,0,,0.0000000,0.0000,0.0000000,0.0000,0.0000000,0.0000,0.0000000,0.0000,None,30
56.2411,82.9812,-82.9812,0.0000000,N(c1cnc(cc1)N1CCCCC1)c1c2c(-c3ccc(cc3)N(c3ccccc3)c3ccccc3)c(c3c(c2c(=Nc2ccccc2)cc1)c1c(c(s3)C#N)cccc1)-c1ccc(cc1)N(c1ccccc1)c1ccccc1,0,,0.0000000,0.0000,0.0000000,0.0000,0.0000000,0.0000,0.0000000,0.0000,None,30
34.7836,42.8809,47.2732,0.7043286,c1ccc(CSc2ccc(N(c3ccc(N(c4ccccc4)c4ccccc4)cc3)c3ccc(C45CC6CC(CC(C6)C4)C5)cc3)c3ccccc23)cc1,1,c1ccc(CSc2ccc(N(c3ccc(N(c4ccccc4)c4ccccc4)cc3)c3ccc(C45CC6CC(CC(C6)C4)C5)cc3)c3ccccc23)cc1,0.7499148,411.9231,0.1300366,0.1300,0.4514427,3.9765,1.0000000,1.0000,[],30
35.2853,31.5572,-31.0328,0.0040971,Cn1ncnc1CCNc1nncc2ccc(Cl)cc12,1,c1ccc2c(NCCc3ncn[nH]3)nncc2c1,0.0031243,337.4026,0.7957706,0.7958,0.5921195,2.6202,1.0000000,1.0000,[],30
35.3239,51.1979,-50.0013,0.0093489,N=C(CC1(S(=O)(=O)c2ccc(N(c3ccccc3)c3ccccc3)cc2)CC1)c1ccc2c(c1)c1ccccc1n2-c1ccc(N(c2ccccc2)c2ccccc2)cc1,1,N=C(CC1(S(=O)(=O)c2ccc(N(c3ccccc3)c3ccccc3)cc2)CC1)c1ccc2c(c1)c1ccccc1n2-c1ccc(N(c2ccccc2)c2ccccc2)cc1,0.0079138,347.5458,0.1250047,0.1250,0.5240709,3.2306,1.0000000,1.0000,[],30
84.2270,113.5904,-0.6524,0.8823280,Cc1ccc(C(C#N)=C2C(c3ccccc3)=C(C#N)C(c3ccc(C=Cc4ccc(N(c5ccccc5)c5ccccc5)cc4)cc3)=CC2(O)c2cc(F)c(C(F)(F)F)c(-c3cc4c5ccc(C#N)cc5c5ccccc5c4c4ccc(-c5ccc(C=CC(F)=C(C#N)C#N)cc5)cc34)c2)cc1,1,C(=Cc1ccc(N(c2ccccc2)c2ccccc2)cc1)c1ccc(C2=CC(c3cccc(-c4cc5c6ccccc6c6ccccc6c5c5ccc(-c6ccccc6)cc45)c3)C(=Cc3ccccc3)C(c3ccccc3)=C2)cc1,0.9940023,455.4850,0.0398086,0.0398,0.3203597,5.6916,1.0000000,1.0000,[],30
46.6839,62.9277,-53.1150,0.0766610,c1ccc(N(c2ccccc2)c2ccc(-c3cc4ccccc4c4ccc(N(c5ccccc5)c5ccc(-c6c(-c7ccc(N(c8ccccc8)c8ccccc8)cc7)c7ccccc7n6-n6c7ccccc7c7ccccc76)cc5)cc34)cc2)cc1,1,c1ccc(N(c2ccccc2)c2ccc(-c3cc4ccccc4c4ccc(N(c5ccccc5)c5ccc(-c6c(-c7ccc(N(c8ccccc8)c8ccccc8)cc7)c7ccccc7n6-n6c7ccccc7c7ccccc76)cc5)cc34)cc2)cc1,0.0729916,372.4047,0.1073047,0.1073,0.4757244,3.7146,1.0000000,1.0000,[],30
24.2465,25.7116,-25.7012,0.0000813,CC(C)NC(C#N)c1cccc(N)c1,1,c1ccccc1,0.0000507,292.6178,0.7129602,0.7130,0.5607888,2.8921,1.0000000,1.0000,[],30
38.4840,54.9667,17.0371,0.5625300,CCc1ccc(N(c2ccc(C)cc2)c2cc3c(-c4ccc(Br)cc4)cc(CBr)cc3cc2Br)cc1,1,c1ccc(-c2cccc3ccc(N(c4ccccc4)c4ccccc4)cc23)cc1,0.5842812,403.6956,0.1634242,0.1634,0.5926091,2.6161,1.0000000,1.0000,[],30
49.9069,70.5536,47.3845,0.9213913,Cc1ccc(N(c2ccccc2)c2cc(C(=O)N(c3ccccc3)c3ccccc3)cc3c(C#N)cc4c(c23)C(C)(C)c2nc3cc5ccccc5cc3cc2-4)cc1,1,O=C(c1cc(N(c2ccccc2)c2ccccc2)c2c3c(ccc2c1)-c1cc2cc4ccccc4cc2nc1C3)N(c1ccccc1)c1ccccc1,0.9866396,446.7085,0.1589923,0.1590,0.4984387,3.4814,1.0000000,1.0000,[],30
50.3473,66.1070,-65.9251,0.0014212,CNC(=O)Cn1nc(-c2c(Cl)cccc2N(c2ccccc2)c2ccc(Cl)cc2)c(Nc2ccc(OC)cc2)c1-c1ccc(F)cc1,1,c1ccc(Nc2c(-c3ccccc3N(c3ccccc3)c3ccccc3)n[nH]c2-c2ccccc2)cc1,0.0010812,325.8589,0.1524353,0.1524,0.5601971,2.8973,1.0000000,1.0000,[],30
34.5585,38.0019,-37.6330,0.0028813,NC(=O)c1c(N)[nH]c(=O)c(-c2cc3ccccc3c3ccccc23)c1O,1,O=c1[nH]cccc1-c1cc2ccccc2c2ccccc12,0.0021996,333.5827,0.4171678,0.4172,0.6128313,2.4483,1.0000000,1.0000,[],30
37.3811,50.1837,-50.1837,0.0000000,COc1ccc(N(c2ccccc2)c2ccc(C#Cc3cc(N4CC(O)C4)cc4nsnc34)cc2)cc1,1,C(#Cc1cc(N2CCC2)cc2nsnc12)c1ccc(N(c2ccccc2)c2ccccc2)cc1,0.0000000,0.0000,0.0000000,0.0000,0.0000000,0.0000,0.0000000,0.0000,['C#C'],30
47.6229,68.1645,-68.1645,0.0000000,c1(C)c(C#N)c2c(n1Cc1ccc(cc1)-c1ccc(cc1)N(c1ccccc1)c1ccccc1)C(c1ccccc1-c1ccc(N(c3ccc(cc3)-c3ccccc3)c3ccccc3)cc1)=C(C#N)C#N2,0,,0.0000000,0.0000,0.0000000,0.0000,0.0000000,0.0000,0.0000000,0.0000,None,30
48.9696,55.9810,-34.8497,0.1650885,C1=Cc2c(-c3cc(-c4ccc(N5c6ccccc6C(c6ccccc6)c6ccccc65)cc4)cc(-c4cc5ccccc5o4)c3)c3ccccc3c3cccc1c23,1,C1=Cc2c(-c3cc(-c4ccc(N5c6ccccc6C(c6ccccc6)c6ccccc65)cc4)cc(-c4cc5ccccc5o4)c3)c3ccccc3c3cccc1c23,0.1611622,382.0896,0.1642999,0.1643,0.5216516,3.2538,1.0000000,1.0000,[],30
64.0499,87.2536,-87.2536,0.0000000,CCCCCCCCCCc1cc(N2CCOCC2)cc(N=Nc2cc3cc(N(c4ccccc4)c4ccccc4)ccc3cc2-c2ccc(C=C(C#N)C(=O)O)c(OCC)c2)c1N1CCC(CCC)C1,1,c1ccc(-c2cc3ccc(N(c4ccccc4)c4ccccc4)cc3cc2N=Nc2cc(N3CCOCC3)ccc2N2CCCC2)cc1,0.0000000,0.0000,0.0000000,0.0000,0.0000000,0.0000,0.0000000,0.0000,"['C(=[O,S])[O,S]']",30
35.8919,54.0507,-30.9824,0.1802208,COc1cc(N(c2ccccc2)c2ccccc2)c2sc(-c3ccc(N(c4ccccc4)c4ccc(N(c5ccccc5)c5ccccc5)cc4)cc3N(c3ccccc3)c3ccc(C#N)cc3)cc2c1,1,c1ccc(N(c2ccccc2)c2ccc(N(c3ccccc3)c3ccc(-c4cc5cccc(N(c6ccccc6)c6ccccc6)c5s4)c(N(c4ccccc4)c4ccccc4)c3)cc2)cc1,0.1792342,383.4800,0.1082568,0.1083,0.5024293,3.4415,1.0000000,1.0000,[],30
47.3170,64.4075,-48.9655,0.1206409,Cc1ccc(C=Cc2ccc(N(c3ccc(C)cc3)C(C(=O)Cc3ccc(-c4ccc(N(c5ccccc5)c5ccccc5)cc4)cc3)C(c3ccc(N(c4ccccc4)c4ccccc4)cc3)c3ccc(N(c4ccc(C)cc4)c4ccc(C)cc4)cc3)cc2)cc1,1,O=C(Cc1ccc(-c2ccc(N(c3ccccc3)c3ccccc3)cc2)cc1)C(C(c1ccc(N(c2ccccc2)c2ccccc2)cc1)c1ccc(N(c2ccccc2)c2ccccc2)cc1)N(c1ccccc1)c1ccc(C=Cc2ccccc2)cc1,0.1198386,378.3509,0.0669227,0.0669,0.4008869,4.5704,1.0000000,1.0000,[],30
39.9074,38.7347,-38.7346,0.0000004,CC(C)(C)C(F)C(C)(F)C(F)(F)C(C)(C)N1CC1,1,C1CN1,0.0000002,233.0050,0.5534859,0.5535,0.4451860,4.0463,1.0000000,1.0000,[],30
43.2152,62.7620,-61.4133,0.0105363,CN1C=C(c2ccc(OCc3ccc(C4CCC(CCC=Cc5ccc(N(c6ccccc6)c6ccccc6)cc5)CC4)cc3)cc2)C(C)(C)c2ccccc21,1,C(=Cc1ccc(N(c2ccccc2)c2ccccc2)cc1)CCC1CCC(c2ccc(COc3ccc(C4=CNc5ccccc5C4)cc3)cc2)CC1,0.0089759,348.9248,0.1244940,0.1245,0.5255070,3.2170,1.0000000,1.0000,[],30
57.6739,72.8230,41.4542,0.8927907,C=C(C=CC(C#N)=Cc1ccc(N(c2ccc(OC)cc2)c2ccc(OCCCC)cc2)cc1)C(=C)c1ccc2cc3cc(N(c4ccccc4)c4ccccc4)ccc3cc2c1,1,C=C(C=CC=Cc1ccc(N(c2ccccc2)c2ccccc2)cc1)C(=C)c1ccc2cc3cc(N(c4ccccc4)c4ccccc4)ccc3cc2c1,0.9958189,459.4223,0.0420561,0.0421,0.4877211,3.5901,1.0000000,1.0000,[],30
34.1801,35.1425,-34.7948,0.0027172,[C-]#[N+]c1cc2c(cc1C)n(C)c(=N)n2CC,1,N=c1[nH]c2ccccc2[nH]1,0.0020401,332.7635,0.7075916,0.7076,0.5278131,3.1951,1.0000000,1.0000,[],30
62.6253,76.2514,-76.2514,0.0000000,c1c2c(cc3c1C(C(=O)N3Cc1ccc(C(=O)C)cc1)=Cc1c3c(-c4c(C3=O)cccc4)ccc(c1)N(c1ccc(cc1)C)c1ccc(C)cc1)-c1ccc(cc1C2(C)C)N(c1ccccc1)c1ccccc1,0,,0.0000000,0.0000,0.0000000,0.0000,0.0000000,0.0000,0.0000000,0.0000,None,31
52.9919,68.8214,-68.8214,0.0000000,c1(-c2c(c([nH]n2-c2ccc(cc2)C)C)/C=C/c2ccc(cc2)N(c2ccccc2)c2ccccc2)ccc(s1)-c1cc2c(cc1)N(c1ccccc1)c1sc(cc1S2)C#N,0,,0.0000000,0.0000,0.0000000,0.0000,0.0000000,0.0000,0.0000000,0.0000,None,31
40.0901,59.3766,22.4653,0.6393901,COc1ccc2c(c1)cc(N(c1ccccc1)c1ccccc1)c1cc(C=Cc3ccc(N(c4ccccc4)c4ccccc4)cc3)c(-c3ccc(N4c5ccccc5C(C)(C)c5ccccc54)cc3)cc12,1,C(=Cc1cc2c(N(c3ccccc3)c3ccccc3)cc3ccccc3c2cc1-c1ccc(N2c3ccccc3Cc3ccccc32)cc1)c1ccc(N(c2ccccc2)c2ccccc2)cc1,0.6829070,408.3294,0.0950142,0.0950,0.4891433,3.5755,1.0000000,1.0000,[],31
68.0386,76.4941,-76.4941,0.0000000,CCOC(=O)c1c2oc3ccccc3c(=O)c2nc2c1c1[nH]c(c3c2ccc2c3n2N(CC)CC)=CC(N(c2ccccc2)c2cccc(Cl)c2)=CC=1,1,O=c1c2ccccc2oc2cc3c4[nH]c(c5c(ccc6[nH]c65)c3nc12)=CC(N(c1ccccc1)c1ccccc1)=CC=4,0.0000000,0.0000,0.0000000,0.0000,0.0000000,0.0000,0.0000000,0.0000,"['C(=[O,S])[O,S]']",31
124.1028,145.4250,-145.4250,0.0000000,c1c(cc(cc1C(F)(F)F)C)N(c1ccc(cc1)C)c1ccc2C(c3c(c(cc4c3cc(cc4)N(c3ccccc3)c3ccccc3)C#N)C(c2c1)(C)C)=c1cc(c2c(c1Cc1ccc(cc1)[N+]#[C-])c(c(-c1ccc(cc1)C(F)(F)F)c1c2cc(c(N(c2ccc(C(F)(F)F)cc2)c2ccc(C)cc2)c1)C#N)-c1ccc(cc1)N(c1ccccc1)c1ccc(cc1)C)N(c1ccc(cc1)C)c1ccc(cc1),0,,0.0000000,0.0000,0.0000000,0.0000,0.0000000,0.0000,0.0000000,0.0000,None,31
40.1735,50.8784,-50.8784,0.0000000,CCOc1cccc(C(=O)c2c(-c3ccc(N(c4ccccc4)c4ccccc4)cc3)n(OC(C)=O)c3ccccc3c2=O)c1,1,O=C(c1ccccc1)c1c(-c2ccc(N(c3ccccc3)c3ccccc3)cc2)[nH]c2ccccc2c1=O,0.0000000,0.0000,0.0000000,0.0000,0.0000000,0.0000,0.0000000,0.0000,"['C(=[O,S])[O,S]']",31
47.8962,71.6945,-58.1447,0.1058574,COc1ccc(N(c2ccc(C)cc2)c2cc3c(cc2C)oc(=O)c2c(-c4ccc(N(c5ccccc5)c5ccc(C)cc5)cc4)c(-c4ccc(C=Cc5ccc(N(c6ccccc6)c6ccccc6)cc5)cc4)c(OC)cc23)cc1,1,O=c1oc2ccc(N(c3ccccc3)c3ccccc3)cc2c2ccc(-c3ccc(C=Cc4ccc(N(c5ccccc5)c5ccccc5)cc4)cc3)c(-c3ccc(N(c4ccccc4)c4ccccc4)cc3)c12,0.1045808,376.6856,0.0575875,0.0576,0.4694591,3.7809,1.0000000,1.0000,[],31
46.2456,55.1352,-55.1352,0.0000000,Cc1ccc(-c2ccc(N(c3ccc(C)cc3)c3ccc(-c4ccc5c6ccc(c5c4N(c4ccccc4)c4ccc(C)cc4)Oc4ccc(N(c5ccccc5)c5ccccc5)cc4-6)cc3)cc2)cc1,1,c1ccc(-c2ccc(N(c3ccccc3)c3ccc(-c4ccc5c6ccc(c5c4N(c4ccccc4)c4ccccc4)Oc4ccc(N(c5ccccc5)c5ccccc5)cc4-6)cc3)cc2)cc1,0.0000000,0.0000,0.1286721,0.1287,0.4566922,3.9187,1.0000000,1.0000,[],31
45.5203,45.7199,-43.6651,0.0160526,COC1c2c(c3ccc(N)cc3c3ccccc23)OC(c2ccccc2)C1O,1,c1ccc(C2CCc3c(c4ccccc4c4ccccc34)O2)cc1,0.0134948,353.4016,0.3939295,0.3939,0.5026692,3.4391,1.0000000,1.0000,[],31
67.5260,88.0350,-88.0350,0.0000000,[nH]1cccc1-c1sc2c(c(c3c(c(-c4ccc(cc4)N(c4ccc(cc4)-c4ccccc4)c4ccc(C=Cc5ccccc5)cc4)c2c(F)c2ccccc23)-c2ccc(-c3ccc(C#N)cc3)cc2)=O)c1-c1ccc(cc1)N(c1ccccc1)c1ccccc1,0,,0.0000000,0.0000,0.0000000,0.0000,0.0000000,0.0000,0.0000000,0.0000,None,31
74.6821,91.4143,-91.4143,0.0000000,C1(C2(CC2)C2N(c3c4oc5c(c4ccc3)ccc(-c3ccccc3)c5)c3c(cc(-c4ccc(-c5sc(cc5)C=Cc5ccc(N(c6ccccc6)c6ccccc6)cc5)cc4)c3C(S2)(c2ccccc2)c2ccccc2)N1c1ccccc1)c1ccccc1,0,,0.0000000,0.0000,0.0000000,0.0000,0.0000000,0.0000,0.0000000,0.0000,None,31
47.9048,65.6550,-65.6550,0.0000000,Cc1ccc(N(c2ccccc2)c2ccc(-c3cccc4c5ccc(c34)-c3ccccc3N(c3ccc(N(c4ccc(C)cc4)c4ccc(C)cc4)cc3)C5=Nc3ccc(-c4ccc(N(c5ccccc5)c5ccccc5)cc4)cc3)cc2)cc1,1,c1ccc(N(c2ccccc2)c2ccc(-c3ccc(N=C4c5ccc(c6c(-c7ccc(N(c8ccccc8)c8ccccc8)cc7)cccc56)-c5ccccc5N4c4ccc(N(c5ccccc5)c5ccccc5)cc4)cc3)cc2)cc1,0.0000000,0.0000,0.0000000,0.0000,0.0000000,0.0000,0.0000000,0.0000,['[*;r{8-17}]'],31
36.8995,42.7796,43.3844,0.6731561,CN(C)CC[n+]1ccc(C=Cc2ccc3c(=O)c4ccc(N(C)C)cc4oc3c2)c2ccccc21,1,O=c1c2ccccc2oc2cc(C=Cc3cc[nH+]c4ccccc34)ccc12,0.6967676,510.9672,0.2563311,0.2563,0.5570704,2.9253,1.0000000,1.0000,[],31
69.5441,98.1928,14.2424,0.8783998,CCCCCCCCOc1cc(N2c3cc(C)ccc3Sc3cc4c(cc32)c2cc(N(c3ccccc3)c3ccccc3)ccc2n4C2C=CC(CC)(c3ccc(-c4ccccc4)cc3)O2)ccc1-c1ccc(C=C(C#N)c2ccc(N(c3ccccc3)c3ccccc3)cc2)s1,1,C(=Cc1ccc(-c2ccc(N3c4ccccc4Sc4cc5c(cc43)c3cc(N(c4ccccc4)c4ccccc4)ccc3n5C3C=CC(c4ccc(-c5ccccc5)cc4)O3)cc2)s1)c1ccc(N(c2ccccc2)c2ccccc2)cc1,0.9903690,450.3031,0.0380654,0.0381,0.3261794,5.6015,1.0000000,1.0000,[],31
44.1000,58.4532,55.1133,0.8872380,CCCCCCCCN(C(=O)c1ccccc1Cl)C(NC(=O)c1cccs1)C(=O)Nc1ccc(N=Nc2ccc(N(c3ccccc3)c3ccccc3)cc2)cc1,1,O=C(NC(NC(=O)c1cccs1)C(=O)Nc1ccc(N=Nc2ccc(N(c3ccccc3)c3ccccc3)cc2)cc1)c1ccccc1,0.9834467,444.3466,0.0512915,0.0513,0.4800368,3.6695,1.0000000,1.0000,[],31
41.5864,47.1746,-38.9132,0.0645417,COc1c(C)cc(N)c(C)c1C(=O)C(c1ccccc1)N1C(=O)c2ccccc2C1=O,1,O=C(c1ccccc1)C(c1ccccc1)N1C(=O)c2ccccc2C1=O,0.0583090,369.7957,0.3854321,0.3854,0.5503463,2.9860,1.0000000,1.0000,[],31
33.5005,45.6470,-45.6470,0.0000000,c1cc(ccc1)-c1c2c(c(-c3c4c(ccc3)-c3ccc(cc3C4(C)C)N(c3ccccc3)c3ccccc3)c3c2cccc3)sc1-c1ccc(cc1)N(c1ccccc1)c1ccccc1,0,,0.0000000,0.0000,0.0000000,0.0000,0.0000000,0.0000,0.0000000,0.0000,None,31
23.9337,26.2134,-26.2134,0.0000000,CCCCCCCCCCCCOc1ccc(C=NNc2ccc([N+](=O)[O-])cc2)cc1,1,C(=NNc1ccccc1)c1ccccc1,0.0000000,0.0000,0.0000000,0.0000,0.0000000,0.0000,0.0000000,0.0000,['[#7;!n][#7;!n]'],31
56.3320,96.8067,-96.8067,0.0000000,N#Cc1cc(Nc2cc(-c3ccc(N(c4ccccc4)c4ccccc4)cc3)cc(-c3cc4cc(N(c5ccc(F)cc5)c5ccc(N(c6ccccc6)c6ccccc6)cc5)ccc4s3)n2)cc(C2CCN(N)CC2)c1,1,c1ccc(N(c2ccccc2)c2ccc(-c3cc(Nc4cccc(C5CCNCC5)c4)nc(-c4cc5cc(N(c6ccccc6)c6ccc(N(c7ccccc7)c7ccccc7)cc6)ccc5s4)c3)cc2)cc1,0.0000000,0.0000,0.0000000,0.0000,0.0000000,0.0000,0.0000000,0.0000,['[#7;!n][#7;!n]'],31
38.6319,43.6758,50.7229,0.7374899,Cc1ccc2oc3ccc(NCCCC(=O)N(c4ccccc4)c4ccccc4)cc3c(=O)c2c1,1,O=C(CCCNc1ccc2oc3ccccc3c(=O)c2c1)N(c1ccccc1)c1ccccc1,0.7697382,413.1030,0.2131139,0.2131,0.6217169,2.3764,1.0000000,1.0000,[],31
47.2041,49.4746,-32.8271,0.1300582,Cc1cccc(C=C(c2ccc(Cl)cc2)c2ccc(N(c3ccccc3)c3ccc4c(ccc5c6ccccc6ccc45)c3)cc2)c1,1,C(=C(c1ccccc1)c1ccc(N(c2ccccc2)c2ccc3c(ccc4c5ccccc5ccc34)c2)cc1)c1ccccc1,0.1259293,378.9645,0.1318072,0.1318,0.5901309,2.6371,1.0000000,1.0000,[],31
43.3447,45.8992,-45.6748,0.0017534,Cc1cc(-n2c(Cl)cc(-c3ccc(Cl)cc3)c2-c2cc3ccccc3s2)ccc1Cl,1,c1ccc(-c2ccn(-c3ccccc3)c2-c2cc3ccccc3s2)cc1,0.0013261,328.0788,0.2484344,0.2484,0.6010179,2.5457,1.0000000,1.0000,[],31
31.7717,28.3348,-28.3348,0.0000000,CC(c1ccco1)N(CC(=O)O)c1ccccc1,1,c1ccc(NCc2ccco2)cc1,0.0000000,0.0000,0.0000000,0.0000,0.0000000,0.0000,0.0000000,0.0000,"['C(=[O,S])[O,S]']",31
37.7509,48.7340,67.3548,0.9069435,CCN(CC)c1ccc2c(c1)B1c3cc(N(c4ccccc4)c4ccccc4)ccc3N(c3ccc(C=Cc4ccc(N(c5ccccc5)c5ccccc5)cc4)cc3)c3cc(N(c4ccccc4)c4ccccc4)cc(c31)O2,1,C(=Cc1ccc(N2c3ccc(N(c4ccccc4)c4ccccc4)cc3B3c4ccccc4Oc4cc(N(c5ccccc5)c5ccccc5)cc2c43)cc1)c1ccc(N(c2ccccc2)c2ccccc2)cc1,0.9956594,460.9860,0.0749758,0.0750,0.4532798,3.9562,1.0000000,1.0000,[],31
47.2364,58.0069,21.7075,0.6227690,N#CC(=Cc1ccsc1N=Nc1ccc(N(c2ccccc2)c2ccccc2)cc1)c1cc(C=NO)cc(N)n1,1,C(=Cc1ccsc1N=Nc1ccc(N(c2ccccc2)c2ccccc2)cc1)c1ccccn1,0.6708174,512.2708,0.0670077,0.0670,0.5169613,3.2989,1.0000000,1.0000,[],31
44.7990,63.2764,56.7192,0.9374650,COc1ccc(N(c2ccc(OC)cc2)c2ccc3c(-c4c(Cl)cnn4C)cc4sc5nc(N)nnc5c4c3c2)cc1,1,c1ccc(N(c2ccccc2)c2ccc3c(-c4ccn[nH]4)cc4sc5ncnnc5c4c3c2)cc1,0.9944127,456.2590,0.2110708,0.2111,0.5329621,3.1465,1.0000000,1.0000,[],31
33.5358,33.0467,-20.3639,0.0990843,NC(=O)c1cc(-c2nccn3cccc23)on1,1,c1cc2c(-c3ccno3)nccn2c1,0.0897189,374.8427,0.7107614,0.7108,0.5763341,2.7553,1.0000000,1.0000,[],31
43.7033,57.3089,21.4958,0.6156614,Cc1ccc(N(c2ccc3c(c2)C(=O)c2ccc(N(c4ccc(N(c5ccccc5)c5ccccc5)cc4)c4cccc(C#N)c4)cc2C3c2ccc(N(c3ccccc3)c3ccccc3)cc2)c2ccccc2F)cc1,1,O=C1c2cc(N(c3ccccc3)c3ccccc3)ccc2C(c2ccc(N(c3ccccc3)c3ccccc3)cc2)c2cc(N(c3ccccc3)c3ccc(N(c4ccccc4)c4ccccc4)cc3)ccc21,0.6538040,406.9031,0.1147184,0.1147,0.4404418,4.0999,1.0000000,1.0000,[],31
50.4851,66.5639,-50.3881,0.1263736,Cc1ccc(N(c2ccccc2)c2ccc(-c3ccc4c(c3)-c3ccc(N(c5ccccc5)c5ccccc5)cc3C4(c3ccc(N(C)c4ccccc4)cc3)c3ccc(N(c4ccccc4)c4ccccc4)cc3)c(N(c3ccc(C)cc3)c3ccc(C=Cc4ccccc4)cc3)c2)cc1,1,C(=Cc1ccc(N(c2ccccc2)c2cc(N(c3ccccc3)c3ccccc3)ccc2-c2ccc3c(c2)-c2ccc(N(c4ccccc4)c4ccccc4)cc2C3(c2ccc(Nc3ccccc3)cc2)c2ccc(N(c3ccccc3)c3ccccc3)cc2)cc1)c1ccccc1,0.1254694,378.9191,0.0748008,0.0748,0.3903157,4.7040,1.0000000,1.0000,[],31
71.5958,89.6746,-89.6746,0.0000000,CC1=CC(C(=O)O)c2sc(-c3ccc(-c4oc5cc(N(c6ccccc6)c6ccc(C=C(C#N)c7ccccc7)cc6)c(C=Cc6ccc(N(c7ccccc7)c7ccccc7)cc6)cc5c4F)s3)cc2N1,1,C1=CNc2cc(-c3ccc(-c4cc5cc(C=Cc6ccc(N(c7ccccc7)c7ccccc7)cc6)c(N(c6ccccc6)c6ccc(C=Cc7ccccc7)cc6)cc5o4)s3)sc2C1,0.0000000,0.0000,0.0000000,0.0000,0.0000000,0.0000,0.0000000,0.0000,"['C(=[O,S])[O,S]']",31
47.6007,62.2535,-62.2535,0.0000000,N#Cc1c(C#Cc2ccc(N(c3ccccc3)c3ccccc3)cc2)c(C#N)c2c(-c3ccccc3)c3cc4ccccc4nc3nc2c1-c1ccccc1F,1,C(#Cc1cc(-c2ccccc2)c2nc3nc4ccccc4cc3c(-c3ccccc3)c2c1)c1ccc(N(c2ccccc2)c2ccccc2)cc1,0.0000000,0.0000,0.0000000,0.0000,0.0000000,0.0000,0.0000000,0.0000,['C#C'],31
60.6833,82.8484,26.9065,0.8574605,CCCCCCCCC1(CCCCCCCC)c2cc(C)ccc2-c2cc(Cc3nc(-c4ccccc4)c(Cc4ccc(N(c5ccccc5)c5ccccc5)cc4)o3)c(C(=C(C#N)C#N)c3ccc(-c4ccc(N(c5ccccc5)c5ccccc5)cc4)cc3)cc21,1,C=C(c1ccc(-c2ccc(N(c3ccccc3)c3ccccc3)cc2)cc1)c1cc2c(cc1Cc1nc(-c3ccccc3)c(Cc3ccc(N(c4ccccc4)c4ccccc4)cc3)o1)-c1ccccc1C2,0.9629278,435.3636,0.0359063,0.0359,0.4048078,4.5217,1.0000000,1.0000,[],31
37.1676,40.4585,-40.2363,0.0017364,COCC(C)Nc1cc(N2CCCCC2)nc(-c2ccc3c(c2)Cc2ccccc2-3)n1,1,c1ccc2c(c1)Cc1cc(-c3nccc(N4CCCCC4)n3)ccc1-2,0.0012882,327.7636,0.4727046,0.4727,0.5568310,2.9275,1.0000000,1.0000,[],31
47.2567,65.2568,-23.9650,0.3225921,C=CCCOc1ccc(C(=O)Nc2cc(N)c(Cl)cc2Cl)c2cc(C=Cc3ccc(N(c4ccccc4)c4ccccc4)cc3)ccc12,1,O=C(Nc1ccccc1)c1cccc2ccc(C=Cc3ccc(N(c4ccccc4)c4ccccc4)cc3)cc12,0.3358313,392.5961,0.0623059,0.0623,0.5625181,2.8767,1.0000000,1.0000,[],31
59.7704,77.7619,-37.4467,0.3149623,CCCCOCCCCCCOc1cc2nc(N3CCC(c4ccc(Nc5ccc(C#N)c(C#N)c5)cc4)CC3)c(OC3CCCCC3)cc2cc1N,1,c1ccc(Nc2ccc(C3CCN(c4nc5ccccc5cc4OC4CCCCC4)CC3)cc2)cc1,0.3253354,392.0811,0.0810576,0.0811,0.5176086,3.2927,1.0000000,1.0000,[],31
25.1356,24.3030,-24.2960,0.0000545,OC1C=C(F)C(F)=CC1,1,C1=CCCC=C1,0.0000337,288.1997,0.5285944,0.5286,0.4422394,4.0795,1.0000000,1.0000,[],31
34.1025,53.8324,65.1216,0.9293278,Cc1ccc(N(c2ccc(C)cc2)c2ccc3cc4c5c(cc(-c6ccc(N(c7ccccc7)c7ccccc7)cc6)c4cc3c2)N(C)C(=O)CC5(C)C)cc1,1,O=C1CCc2c(cc(-c3ccc(N(c4ccccc4)c4ccccc4)cc3)c3cc4cc(N(c5ccccc5)c5ccccc5)ccc4cc23)N1,0.9955378,458.7126,0.1529716,0.1530,0.5294054,3.1800,1.0000000,1.0000,[],31
33.4458,41.5118,71.5023,0.8829229,Cc1ccc(N(c2ccccc2)c2ccc(-c3cc4c(C=O)c(-c5ccc(N(CCO)CCO)cc5)sc4s3)cc2)cc1,1,c1ccc(-c2cc3cc(-c4ccc(N(c5ccccc5)c5ccccc5)cc4)sc3s2)cc1,0.9443392,430.7395,0.1449364,0.1449,0.5442427,3.0418,1.0000000,1.0000,[],31
57.7811,64.8485,-64.8485,0.0000000,CCCCCCCCCCCCCCCCN1C(=O)NC2C1N=C1C=C(c3ccc4cc5ccccc5cc4c3OC)OC(=O)N12,1,O=C1NC2N=C3C=C(c4ccc5cc6ccccc6cc5c4)OC(=O)N3C2N1,0.0000000,0.0000,0.0000000,0.0000,0.0000000,0.0000,0.0000000,0.0000,"['C(=[O,S])[O,S]']",31
63.1147,68.3471,50.2681,0.9266817,CS(=O)(=O)c1ccc2nc(C(=O)Nc3cc(Br)cc4c3C(=C3c5ccccc5-c5[nH]c(=O)sc53)C(=O)N4)ccc2c1,1,O=C1Nc2cccc(NC(=O)c3ccc4ccccc4n3)c2C1=C1c2ccccc2-c2[nH]c(=O)sc21,0.9808890,477.2416,0.2237217,0.2237,0.5248365,3.2233,1.0000000,1.0000,[],31
44.8511,55.2739,-53.3633,0.0149265,O=C1C2c3c(c4ccccc4n(-c4ccccc4)c3=O)NC(c3ccc(O)c(I)c3)C2C(=O)N1c1ccc([N+](=O)[O-])cc1,1,O=C1C2c3c(c4ccccc4n(-c4ccccc4)c3=O)NC(c3ccccc3)C2C(=O)N1c1ccccc1,0.0130469,353.0302,0.1082165,0.1082,0.4569342,3.9161,1.0000000,1.0000,[],31
58.9129,74.6635,-74.6635,0.0000000,O=C(C1=C(O)c2c3c(c(Oc4ccccc4)c4c(Cl)cc(N(c5ccccc5)c5ccccc5)c(Cl)c24)C(=C1Cl)C(N(c1ccccc1)c1ccccc1)=C3)c1ccccc1N(c1ccccc1)c1ccccc1,1,O=C(C1=Cc2c3c(c(Oc4ccccc4)c4ccc(N(c5ccccc5)c5ccccc5)cc24)C(=C1)C(N(c1ccccc1)c1ccccc1)=C3)c1ccccc1N(c1ccccc1)c1ccccc1,0.0000000,0.0000,0.1161774,0.1162,0.3709540,4.9584,1.0000000,1.0000,[],31
35.2432,46.5053,-44.2667,0.0174889,Cc1ccc(N(c2ccc(C)cc2)c2ccc(N(c3ccccc3)c3ccc(-c4ccc(N5CCNCC5CO)cc4)cc3)cc2)cc1,1,c1ccc(N(c2ccccc2)c2ccc(N(c3ccccc3)c3ccc(-c4ccc(N5CCNCC5)cc4)cc3)cc2)cc1,0.0151585,354.6822,0.1665261,0.1665,0.5306554,3.1682,1.0000000,1.0000,[],31
27.3815,42.3791,-41.3852,0.0077648,COc1ccc(N(c2ccc(C)cc2)c2ccc(-c3ccc(Oc4ccc(S(=O)(=O)c5ccc(N(c6ccccc6)c6ccccc6)cc5)cc4)cc3)cc2)cc1,1,O=S(=O)(c1ccc(Oc2ccc(-c3ccc(N(c4ccccc4)c4ccccc4)cc3)cc2)cc1)c1ccc(N(c2ccccc2)c2ccccc2)cc1,0.0064932,345.3822,0.1234577,0.1235,0.5991284,2.5614,1.0000000,1.0000,[],31
47.1663,69.3868,47.8812,0.9161561,COc1ccc(-c2sc3c(ccc4c(-c5ccc(N(c6ccccc6)c6ccccc6)cc5)c5sc(-c6ccc(C=Cc7ccc(C=Cc8ccc(N(c9ccccc9)c9ccccc9)cc8)s7)s6)cc5cc43)c2C#N)cc1,1,C(=Cc1ccc(C=Cc2ccc(-c3cc4cc5c(ccc6cc(-c7ccccc7)sc65)c(-c5ccc(N(c6ccccc6)c6ccccc6)cc5)c4s3)s2)s1)c1ccc(N(c2ccccc2)c2ccccc2)cc1,0.9950336,462.4550,0.1087896,0.1088,0.4428931,4.0721,1.0000000,1.0000,[],31
53.7254,67.0393,50.8513,0.9210204,Cc1ccc(N(c2ccccc2)c2nc3c4ccccc4cn3cc2-c2ccc3nc4c(cc3c2)c2ccccc2c[n+]4C)cc1,1,c1ccc(N(c2ccccc2)c2nc3c4ccccc4cn3cc2-c2ccc3nc4[nH+]cc5ccccc5c4cc3c2)cc1,0.9951783,457.8676,0.1160114,0.1160,0.5204979,3.2648,1.0000000,1.0000,[],31
36.9389,49.0384,26.9459,0.5936276,O=c1cc(C=Cc2ccn(-c3ccc4ccccc4c3)c2)c2ccc(N(c3ccccc3)c3ccccc3)cc2[nH]1,1,O=c1cc(C=Cc2ccn(-c3ccc4ccccc4c3)c2)c2ccc(N(c3ccccc3)c3ccccc3)cc2[nH]1,0.6118646,404.9418,0.2333586,0.2334,0.5721916,2.7914,1.0000000,1.0000,[],31
40.2405,44.7795,-44.7495,0.0002344,COc1cccc(C(C(=O)NC2CCCCC2)N(Cc2cccc(C#N)c2)c2nn[nH]n2)c1OC,1,O=C(NC1CCCCC1)C(c1ccccc1)N(Cc1ccccc1)c1nn[nH]n1,0.0001567,304.8768,0.4823393,0.4823,0.5158768,3.3094,1.0000000,1.0000,[],31
32.6871,35.0063,-25.4161,0.0749237,O=[N+]([O-])c1ccc(Br)c(N=Cc2ccc(-c3ccc(F)c(Cl)c3)o2)c1,1,C(=Nc1ccccc1)c1ccc(-c2ccccc2)o1,0.0687468,371.7046,0.2865441,0.2865,0.5966099,2.5825,1.0000000,1.0000,[],31
31.0293,44.4560,-31.6558,0.1000019,N#Cc1ccc(C(=C(c2ccc(Cl)cc2)n2c3ccccc3c3cc(N(c4ccccc4)c4ccccc4)ccc32)c2ccc(N(c3ccccc3)c3ccccc3)cc2)cc1,1,c1ccc(C(=C(c2ccccc2)n2c3ccccc3c3cc(N(c4ccccc4)c4ccccc4)ccc32)c2ccc(N(c3ccccc3)c3ccccc3)cc2)cc1,0.0957446,375.6206,0.1290241,0.1290,0.5388856,3.0913,1.0000000,1.0000,[],31
39.4286,64.5660,45.0241,0.8561728,Cc1ccc(C(=Cc2ccc(-c3ccc(N(c4ccc(C=Cc5ccc(N(c6ccccc6)c6ccccc6)cc5)cc4)c4ccc5c(c4)c4cc(N(c6ccccc6)c6ccccc6)ccc4n5-c4ccc(N(c5ccccc5)c5ccccc5)c5ccccc45)cc3)s2)c2ccc(C)cc2)cc1,1,C(=Cc1ccc(N(c2ccc(-c3ccc(C=C(c4ccccc4)c4ccccc4)s3)cc2)c2ccc3c(c2)c2cc(N(c4ccccc4)c4ccccc4)ccc2n3-c2ccc(N(c3ccccc3)c3ccccc3)c3ccccc23)cc1)c1ccc(N(c2ccccc2)c2ccccc2)cc1,0.9391502,429.7119,0.0750729,0.0751,0.4073170,4.4908,1.0000000,1.0000,[],31
55.9030,78.5051,-78.5051,0.0000000,C1(NNC(=C(C=1Nc1ccc(cc1)N(c1ccccc1)c1ccccc1)C#N)c1c2nc(cc(c2c(cc1)-c1cc2c(cc1)cccc2)N(c1ccccc1)c1ccccc1)-c1sccc1)=O,0,,0.0000000,0.0000,0.0000000,0.0000,0.0000000,0.0000,0.0000000,0.0000,None,31
55.6984,79.9911,32.8762,0.8817757,CCCCCCc1ccc(-c2cc3c(cc2C=Cc2ccc(N(c4ccccc4)c4ccccc4)cc2)c(=O)n(-c2ccc(-c4ccc(C=C(C#N)C=Cc5cccs5)s4)cc2)c2ccccc32)cc1,1,O=c1c2cc(C=Cc3ccc(N(c4ccccc4)c4ccccc4)cc3)c(-c3ccccc3)cc2c2ccccc2n1-c1ccc(-c2ccc(C=CC=Cc3cccs3)s2)cc1,0.9923704,452.8543,0.0318799,0.0319,0.4684096,3.7921,1.0000000,1.0000,[],31
54.4357,70.5403,-70.5403,0.0000000,CCCCCCCCCCCCCCC1c2ccccc2N(c2cc3c4ccc(Br)cc4n(-c4ccc(OCC)cc4)c3cc2Cl)c2ccccc3ccc=3c21,1,c1ccc(-n2c3ccccc3c3cc(N4c5ccccc5Cc5c4ccccc4ccc5=4)ccc32)cc1,0.0000000,0.0000,0.0000000,0.0000,0.0000000,0.0000,0.0000000,0.0000,['[*;r{8-17}]'],31
37.8666,48.0534,68.8706,0.9134685,Cc1ccc(N(c2ccccc2)c2ccc(C=Cc3c4ccccc4c(-c4ccc(N(c5ccc(C)cc5)c5ccc(C)cc5)cc4)c4ccc(N(c5ccc(C)cc5)c5ccc6ccccc6c5)cc34)cc2)cc1,1,C(=Cc1c2ccccc2c(-c2ccc(N(c3ccccc3)c3ccccc3)cc2)c2ccc(N(c3ccccc3)c3ccc4ccccc4c3)cc12)c1ccc(N(c2ccccc2)c2ccccc2)cc1,0.9951196,462.2644,0.0892290,0.0892,0.5126771,3.3405,1.0000000,1.0000,[],31
49.0087,53.0261,40.2488,0.7287101,CN(C)c1ccc(N2C(=O)C(=Cc3cnc4[nH]ccc4c3)c3c(Nc4cccnc4)ncnc32)cc1,1,O=C1C(=Cc2cnc3[nH]ccc3c2)c2c(Nc3cccnc3)ncnc2N1c1ccccc1,0.7501398,411.9361,0.3535743,0.3536,0.5442070,3.0421,1.0000000,1.0000,[],31
73.3399,96.3354,-56.5821,0.3105724,[C-]#[N+]CCCCCCCCn1c(N=Nc2ccc(N=Cc3ccc(N)c(S(=O)(=O)Oc4ccc(OCCCCCCCC)cc4)c3)c3ccccc23)c(C)c2cc(N=Nc3ccc4cc(N(CCCC)CCCC)ccc4c3)ccc21,1,O=S(=O)(Oc1ccccc1)c1cccc(C=Nc2ccc(N=Nc3cc4cc(N=Nc5ccc6ccccc6c5)ccc4[nH]3)c3ccccc23)c1,0.3431372,527.0502,0.0110633,0.0111,0.4051318,4.5177,1.0000000,1.0000,[],31
31.0540,31.0595,29.5842,0.4737786,CCN(CC)c1ccc2nc(NC(=O)c3ccc(N(C)C)c([N+](=O)[O-])c3)sc2c1,1,O=C(Nc1nc2ccccc2s1)c1ccccc1,0.4716739,398.7685,0.4567827,0.4568,0.6183323,2.4036,1.0000000,1.0000,[],31
35.5561,44.8983,-23.5018,0.1671603,N#Cc1ccc(-c2c3ccccc3c(-c3c(C#N)cc(-c4ccc(-c5ccc(C(F)(F)F)cc5)cc4C#N)c4ccccc34)c3ccccc23)cc1,1,c1ccc(-c2ccc(-c3ccc(-c4c5ccccc5c(-c5ccccc5)c5ccccc45)c4ccccc34)cc2)cc1,0.1627454,382.2163,0.1743275,0.1743,0.5596834,2.9019,1.0000000,1.0000,[],31
49.9485,72.9966,-72.9966,0.0000000,Cc1ccc(N(c2ccccc2)c2ccc(C(O)C3ON=C(c4ccc(-c5ccccc5)cc4)C34CC(c3ccc(N(c5ccccc5)c5ccccc5)cc3)=NN4c3ccccc3)cc2)cc1,1,c1ccc(-c2ccc(C3=NOC(Cc4ccc(N(c5ccccc5)c5ccccc5)cc4)C34CC(c3ccc(N(c5ccccc5)c5ccccc5)cc3)=NN4c3ccccc3)cc2)cc1,0.0000000,0.0000,0.0000000,0.0000,0.0000000,0.0000,0.0000000,0.0000,['[#7;!n][#7;!n]'],31
34.0392,45.5512,60.3719,0.8275241,N=C1SC(=Cc2cc3sc(N(c4ccccc4)c4ccccc4)cc3s2)C(=O)N1c1ccc([N+](=O)[O-])cc1,1,N=C1SC(=Cc2cc3sc(N(c4ccccc4)c4ccccc4)cc3s2)C(=O)N1c1ccccc1,0.8852032,497.8222,0.1292776,0.1293,0.5460180,3.0255,1.0000000,1.0000,[],31
45.4605,46.4354,-46.2074,0.0017811,Cn1c2c(c3cc(N)ccc31)CCN(C(=O)C(C)(C)C)C2c1ccc2ccccc2c1,1,c1ccc2cc(C3NCCc4c3[nH]c3ccccc43)ccc2c1,0.0013284,328.0976,0.4244668,0.4245,0.5427238,3.0558,1.0000000,1.0000,[],31
23.3076,31.3055,-22.2178,0.0709977,C(=Cc1ccn(-c2ccc(N(c3ccccc3)c3ccccc3)cc2)n1)c1ccc(N(c2ccccc2)c2ccccc2)cc1,1,C(=Cc1ccn(-c2ccc(N(c3ccccc3)c3ccccc3)cc2)n1)c1ccc(N(c2ccccc2)c2ccccc2)cc1,0.0660123,371.2321,0.1697226,0.1697,0.6101651,2.4701,1.0000000,1.0000,[],31
61.7045,77.7513,-20.8815,0.4442954,CC(C)(C)c1ccc(-c2c(C#N)c(C#N)c3ccccc3c2-c2ccc3c(c2)c2ccccc2n3-c2ccc3ccc(N4CCCC4CC#N)nc3c2)cc1,1,c1ccc(-c2ccc3ccccc3c2-c2ccc3c(c2)c2ccccc2n3-c2ccc3ccc(N4CCCC4)nc3c2)cc1,0.4568352,398.1207,0.1772228,0.1772,0.4701506,3.7735,1.0000000,1.0000,[],31
42.9556,59.2904,57.0558,0.9089548,Cc1ccc(N(c2ccc(-c3ccc(-c4ccc(C=C(c5ccccc5)c5ccccc5)s4)s3)cc2)c2ccc(-c3cc(O)c(-c4ccc(N(c5ccccc5)c5ccccc5)cc4)c4cc(Cl)ccc34)cc2)cc1,1,C(=C(c1ccccc1)c1ccccc1)c1ccc(-c2ccc(-c3ccc(N(c4ccccc4)c4ccc(-c5ccc(-c6ccc(N(c7ccccc7)c7ccccc7)cc6)c6ccccc56)cc4)cc3)s2)s1,0.9807341,442.6690,0.1246679,0.1247,0.4839479,3.6289,1.0000000,1.0000,[],32
72.8887,94.8774,9.8160,0.8179177,CCCCCCCCN(C1=C(c2ccc(-n3c(-c4cc(OC)c(O)c([N+](=O)[O-])c4)nc4ccc(N5CCCCC5)cc4c3=O)c([N+](=O)[O-])c2)C(=O)N(c2ccc3c(c2)oc2ccccc23)C1=O)c1ccccc1,1,O=C1C(Nc2ccccc2)=C(c2ccc(-n3c(-c4ccccc4)nc4ccc(N5CCCCC5)cc4c3=O)cc2)C(=O)N1c1ccc2c(c1)oc1ccccc12,0.9117293,425.3512,0.0390208,0.0390,0.4517577,3.9730,1.0000000,1.0000,[],32
80.2247,98.3077,-98.3077,0.0000000,C(Cl)Cc1cn2cc(C(c3ccccc3)=NP(c3ccccc3)(Cc3ccc(cc3)C#N)c3ccc(cc3)C#N)c3c(c2nc1-c1ccccc1)ccc(c3OCCCCC)Cl,0,,0.0000000,0.0000,0.0000000,0.0000,0.0000000,0.0000,0.0000000,0.0000,None,32
31.7197,35.1238,-35.1238,0.0000000,CCCCCCNc1c(C(=O)O)c(=O)oc2cc(C)cc(O)c12,1,O=c1ccc2ccccc2o1,0.0000000,0.0000,0.0000000,0.0000,0.0000000,0.0000,0.0000000,0.0000,"['C(=[O,S])[O,S]']",32
43.7137,55.4324,-8.7588,0.3646379,CCCC1(c2ccc(F)cc2)c2cc(-c3ccc(N(c4ccccc4)c4ccccc4)cc3)ccc2-c2cc3ccc4cc(N(c5ccccc5)c5ccc(C)cc5)ccc4c3cc21,1,c1ccc(C2c3cc(-c4ccc(N(c5ccccc5)c5ccccc5)cc4)ccc3-c3cc4ccc5cc(N(c6ccccc6)c6ccccc6)ccc5c4cc32)cc1,0.3749496,394.4514,0.1267661,0.1268,0.4730109,3.7432,1.0000000,1.0000,[],32
66.0467,89.0835,-58.5769,0.2383324,CCCCCCCCCCCCCCCCCCCCCCCCCCOc1ccc(N(c2ccc(OCCCCCC)cc2)c2ccc3c(c2)C(CCCCCCCC)(CC(F)(F)F)c2cc(Nc4ccc(N5CCN(Cc6ccccc6N6CCCC6)CC5)cc4)ccc2-3)cc1,1,c1ccc(N(c2ccccc2)c2ccc3c(c2)Cc2cc(Nc4ccc(N5CCN(Cc6ccccc6N6CCCC6)CC5)cc4)ccc2-3)cc1,0.2501706,388.0818,0.0381909,0.0382,0.3715246,4.9507,1.0000000,1.0000,[],32
39.7243,48.5871,-48.5248,0.0004867,CC1CCN(c2ccc(C(Cc3ccc(N4CCCC4)cc3)NC(=S)NCCc3ccc(F)cc3)cc2)CC1,1,S=C(NCCc1ccccc1)NC(Cc1ccc(N2CCCC2)cc1)c1ccc(N2CCCCC2)cc1,0.0003427,313.3771,0.2945700,0.2946,0.5634072,2.8688,1.0000000,1.0000,[],32
53.3374,72.5005,41.1640,0.8880041,CCCCCCCCCCCCc1ccc(-c2cc3c(c4ccc(-c5ccc(C)s5)c(N(c5ccccc5)c5ccc(C)cc5)c24)-c2cccc(-c4ccc(N(c5ccccc5)c5ccccc5)cc4)c2C3=O)cc1,1,O=C1c2cc(-c3ccccc3)c3c(N(c4ccccc4)c4ccccc4)c(-c4cccs4)ccc3c2-c2cccc(-c3ccc(N(c4ccccc4)c4ccccc4)cc3)c21,0.9744599,480.4615,0.0711099,0.0711,0.4748584,3.7237,1.0000000,1.0000,[],32
49.6243,64.9582,-64.9582,0.0000000,c1c2c(cc(c1)C)c1cc(ccc1c1-c3cc(c(C=Cc4ccc(OC)cc4)c(c3-c1c2)-c1ccccc1)C#N)C=Cc1ccc(cc1)N(c1ccccc1)c1ccccc1,0,,0.0000000,0.0000,0.0000000,0.0000,0.0000000,0.0000,0.0000000,0.0000,None,32
39.5673,45.9395,70.0337,0.9060408,COc1ccc(N(c2ccc(C=Cc3ccc(Cl)cc3)cc2)c2ccc(-c3ccc(C=CC(=O)c4ccc(N(c5ccccc5)c5ccc(C)cc5)cc4)s3)cc2)cc1,1,O=C(C=Cc1ccc(-c2ccc(N(c3ccccc3)c3ccc(C=Cc4ccccc4)cc3)cc2)s1)c1ccc(N(c2ccccc2)c2ccccc2)cc1,0.9950860,457.6607,0.0660119,0.0660,0.5365072,3.1134,1.0000000,1.0000,[],32
82.1063,100.3288,9.3175,0.8566114,CC(C)CN(C1=Nc2cc(C#N)ccc2C1=Cc1ccc(OC2OC3(c4ccccc4-c4ccc(N5c6ccccc6Cc6ccc7cc8ccccc8cc7c65)cc43)c3ccccc32)cc1)c1cccc2ccccc12,1,C(=C1C(Nc2cccc3ccccc23)=Nc2ccccc21)c1ccc(OC2OC3(c4ccccc4-c4ccc(N5c6ccccc6Cc6ccc7cc8ccccc8cc7c65)cc43)c3ccccc32)cc1,0.9231401,426.9892,0.1489329,0.1489,0.3384508,5.4169,1.0000000,1.0000,[],32
31.1244,31.8414,-31.8414,0.0000000,O=C1OC(c2ccc(O)cc2)c2cc(Cl)c(Cl)cc21,1,O=C1OC(c2ccccc2)c2ccccc21,0.0000000,0.0000,0.0000000,0.0000,0.0000000,0.0000,0.0000000,0.0000,"['C(=[O,S])[O,S]']",32
65.5204,79.8918,-77.3504,0.0198550,CN1C(=O)C(=C2C(=O)N(CC(N)=O)c3cc(N(c4ccc(N(c5ccccc5)c5ccccc5)cc4)c4cc5c6c(cccc6c4O)CC5)ccc32)N=C2C=CC=CC21,1,O=C1NC2C=CC=CC2=NC1=C1C(=O)Nc2cc(N(c3ccc(N(c4ccccc4)c4ccccc4)cc3)c3cc4c5c(cccc5c3)CC4)ccc21,0.0174652,563.7544,0.1496217,0.1496,0.4244570,4.2847,1.0000000,1.0000,[],32
49.6004,65.0760,52.8101,0.9209852,N#CC(C#N)=Cc1ccc(C=Cc2ccc3c(c2)c(C#N)cc2cc(-c4ccc5ccc6cc(C#N)ccc6c5c4)c4c5ccccc5ccc4c23)s1,1,C(=Cc1cccs1)c1ccc2c(ccc3cc(-c4ccc5ccc6ccccc6c5c4)c4c5ccccc5ccc4c32)c1,0.9911636,451.2468,0.1357624,0.1358,0.4972312,3.4935,1.0000000,1.0000,[],32
26.8472,40.1770,77.3294,0.9180186,N#CC(C=Cc1cccc(N(c2ccccc2)c2ccccc2)c1C#N)=Cc1ccc(N(c2ccccc2)c2ccccc2)cc1,1,C(C=Cc1cccc(N(c2ccccc2)c2ccccc2)c1)=Cc1ccc(N(c2ccccc2)c2ccccc2)cc1,0.9881281,448.0074,0.1241333,0.1241,0.5599004,2.9000,1.0000000,1.0000,[],32
62.1403,75.4127,-75.4127,0.0000000,c1(cc(C(=O)C)c(O)cc1)-c1sc2=SC(=CC(Cc3ccc(cc3)N(c3ccccc3)c3ccccc3)=c2s1)c1ccc(cc1)N(c1ccc(cc1)N(c1ccccc1)c1ccccc1)c1ccc(C)cc1,0,,0.0000000,0.0000,0.0000000,0.0000,0.0000000,0.0000,0.0000000,0.0000,None,32
42.0770,62.8605,54.9048,0.9200418,COc1cc(C#N)c(N(c2ccccc2)c2ccccc2)c(N=Nc2cc3ccccc3cc2N=Nc2ccc3c4ccccc4c4ccccc4c3c2)c1,1,c1ccc(N(c2ccccc2)c2ccccc2N=Nc2cc3ccccc3cc2N=Nc2ccc3c4ccccc4c4ccccc4c3c2)cc1,0.9941799,455.8133,0.1162765,0.1163,0.5158849,3.3094,1.0000000,1.0000,[],32
38.3536,53.4654,54.4411,0.8430188,Cc1ccc(N(c2ccccc2)c2ccc(N=c3scc(C)n3C=C(C#N)c3ccc(Cl)cc3Cl)cc2)cc1,1,C(=Cn1ccsc1=Nc1ccc(N(c2ccccc2)c2ccccc2)cc1)c1ccccc1,0.8912866,422.8434,0.1918229,0.1918,0.5516820,2.9739,1.0000000,1.0000,[],32
54.7659,73.5723,-73.5723,0.0000000,COc1c2c(cc(c1OC)N1C(C=Cc3c4c5c(cccc5)ccc4nc3C)C(c3c1cccc3)(C)C)cc1c(cc(cc1)N(c1ccccc1)c1ccccc1)c2,0,,0.0000000,0.0000,0.0000000,0.0000,0.0000000,0.0000,0.0000000,0.0000,None,32
73.9099,103.5306,-57.6890,0.3581375,Cc1ccc(-c2cc3c(-c4ccc(C(N)C(=O)N(c5ccccc5)c5ccc(C)cc5)cc4N(c4ccccc4)c4ccc(C)cc4)cc4cc(-c5cc6cc(N(c7ccccc7)c7ccccc7)ccc6cc5C)c(C(=O)c5ccccc5)cc4c3cc2-c2ccc(C)cc2)cc1,1,O=C(c1ccccc1)c1cc2c(cc1-c1ccc3ccc(N(c4ccccc4)c4ccccc4)cc3c1)cc(-c1ccc(CC(=O)N(c3ccccc3)c3ccccc3)cc1N(c1ccccc1)c1ccccc1)c1cc(-c3ccccc3)c(-c3ccccc3)cc12,0.3754939,394.4767,0.0771079,0.0771,0.3786204,4.8561,1.0000000,1.0000,[],32
50.9224,69.7463,45.0307,0.8966953,COc1ccc(C=Cc2ccc(C=Cc3ccc(N(c4cccc(N(c5ccccc5)c5ccccc5)c4)c4cc5ccc(-c6ccc(C)cc6)cc5c5cc6ccc(N(c7ccccc7)c7ccccc7)cc6cc45)cc3)cc2)cc1,1,C(=Cc1ccc(C=Cc2ccc(N(c3cccc(N(c4ccccc4)c4ccccc4)c3)c3cc4ccc(-c5ccccc5)cc4c4cc5ccc(N(c6ccccc6)c6ccccc6)cc5cc34)cc2)cc1)c1ccccc1,0.9907387,450.7322,0.0578489,0.0578,0.4794513,3.6756,1.0000000,1.0000,[],32
27.7922,28.0431,-27.2396,0.0062770,O=C(Nc1ccncc1N1CCCC1)c1ccc(F)cc1,1,O=C(Nc1ccncc1N1CCCC1)c1ccccc1,0.0048539,342.2052,0.9423077,0.9423,0.6867844,1.8787,1.0000000,1.0000,[],32
49.4242,59.4000,-59.4000,0.0000000,O(C)c1ccc(C)cc1-c1c(c2ccc(cc2oc1=O)N#N)-c1ccc(cc1)N1c2ccccc2CC1,0,,0.0000000,0.0000,0.0000000,0.0000,0.0000000,0.0000,0.0000000,0.0000,None,32
54.2329,69.9245,44.5678,0.8944717,CCc1ccc(N(c2ccccc2)c2ccc3c4c(-c5ccc(N(c6ccccc6)c6ccc(OC)cc6)cc5)c5sc(-c6ccc(N(c7ccc(C)cc7)c7ccc(C)cc7)cc6)c(-c6ccc(N(c7ccccc7)c7ccccc7)cc6)c5c3c24)cc1,1,c1ccc(N(c2ccccc2)c2ccc(-c3sc4c(-c5ccc(N(c6ccccc6)c6ccccc6)cc5)c5c6ccc(N(c7ccccc7)c7ccccc7)c5c6c4c3-c3ccc(N(c4ccccc4)c4ccccc4)cc3)cc2)cc1,0.9796374,442.0558,0.0903630,0.0904,0.3704596,4.9651,1.0000000,1.0000,[],32
41.5424,63.4803,41.0989,0.8170245,C(=Cc1ccc(S(c2ccc(N(c3ccccc3)c3ccccc3)cc2)(c2ccc(N(c3ccc(N(c4ccccc4)c4ccccc4)cc3)c3ccc4cc5ccccc5cc4c3)cc2)c2ccc3cc(N(c4ccccc4)c4ccccc4)ccc3c2)cc1)c1ccc(N(c2ccccc2)c2ccccc2)cc1,1,C(=Cc1ccc(S(c2ccc(N(c3ccccc3)c3ccccc3)cc2)(c2ccc(N(c3ccc(N(c4ccccc4)c4ccccc4)cc3)c3ccc4cc5ccccc5cc4c3)cc2)c2ccc3cc(N(c4ccccc4)c4ccccc4)ccc3c2)cc1)c1ccc(N(c2ccccc2)c2ccccc2)cc1,0.9049180,424.4628,0.0524859,0.0525,0.3915192,4.6886,1.0000000,1.0000,[],32
61.6921,77.4767,-0.3000,0.6029434,Cn1c2ccc(-c3ccc(-c4ccc(-c5cc(-c6ccc(N(c7ccccc7)c7ccccc7)cc6)c6c(ccc7cc(-c8ccc(-c9ccncc9)cc8)c8ccccc8c76)c5)s4)s3)cc2c2cc3c(cc21)OCCO3,1,c1ccc(N(c2ccccc2)c2ccc(-c3cc(-c4ccc(-c5ccc(-c6ccc7[nH]c8cc9c(cc8c7c6)OCCO9)s5)s4)cc4ccc5cc(-c6ccc(-c7ccncc7)cc6)c6ccccc6c5c34)cc2)cc1,0.6357020,406.0449,0.1351067,0.1351,0.4605381,3.8768,1.0000000,1.0000,[],32
46.6799,50.5508,-50.0362,0.0040206,CCCCCCCCCCCCCCN1C(=O)C2(CC3C(=O)C(Br)CC32Br)c2ccccc21,1,O=C1CCC2C1CC21C(=O)Nc2ccccc21,0.0032383,337.7930,0.1757747,0.1758,0.4048555,4.5211,1.0000000,1.0000,[],32
36.7283,35.1958,-35.1958,0.0000000,s1cc(n(CC(=O)c2cc3c(cc2)N(CC3)C(C)=O)c1-c1cc2OCCOc2cc1)=O,0,,0.0000000,0.0000,0.0000000,0.0000,0.0000000,0.0000,0.0000000,0.0000,None,32
33.2144,45.0497,71.1886,0.9081119,N#Cc1ccc(N(c2ccc(-c3c4ccccc4c(-c4ccc(N(c5ccccc5)c5ccccc5)cc4)c4ccccc34)cc2)c2ccc3cc4ccccc4c(C#N)c3c2)cc1,1,c1ccc(N(c2ccccc2)c2ccc(-c3c4ccccc4c(-c4ccc(N(c5ccccc5)c5ccc6cc7ccccc7cc6c5)cc4)c4ccccc34)cc2)cc1,0.9728673,438.8640,0.1434077,0.1434,0.5489895,2.9984,1.0000000,1.0000,[],32
64.8630,89.7653,17.3310,0.8366900,CCCCCCOc1ccc(N(c2ccc(-c3ccccc3)cc2)c2ccc(-c3ccc(-c4ccc(C=Cc5ccc(N(c6ccc(N(c7ccccc7)c7ccccc7)cc6)c6ccc(N(CCCC)CCCC)cc6S(=O)(=O)N6CCC(Cc7ccccc7)CC6)cc5)c(Oc5ccccc5)c4)s3)cc2)cc1,1,O=S(=O)(c1ccccc1N(c1ccc(C=Cc2ccc(-c3ccc(-c4ccc(N(c5ccccc5)c5ccc(-c6ccccc6)cc5)cc4)s3)cc2Oc2ccccc2)cc1)c1ccc(N(c2ccccc2)c2ccccc2)cc1)N1CCC(Cc2ccccc2)CC1,0.9456083,431.0045,0.0297716,0.0298,0.3725993,4.9363,1.0000000,1.0000,[],32
48.3833,65.9354,48.7969,0.8963459,Cc1cc2ccccc2cc1-c1ccc(-c2c(O)c3ccccc3oc2=Nc2cccc(N=Nc3ccc(N(c4ccccc4)c4ccccc4)cc3)c2)s1,1,c1ccc(N(c2ccccc2)c2ccc(N=Nc3cccc(N=c4oc5ccccc5cc4-c4ccc(-c5ccc6ccccc6c5)s4)c3)cc2)cc1,0.9579681,433.9443,0.1582048,0.1582,0.5137793,3.3298,1.0000000,1.0000,[],32
35.0398,35.2155,-35.2155,0.0000000,CCCCN(CC(=O)N1N=C(c2cccs2)CC1c1ccco1)C(=O)c1ccc(Br)o1,1,O=C(NCC(=O)N1N=C(c2cccs2)CC1c1ccco1)c1ccco1,0.0000000,0.0000,0.0000000,0.0000,0.0000000,0.0000,0.0000000,0.0000,['[#7;!n][#7;!n]'],32
61.3399,60.9333,54.8228,0.9043447,Cc1c(C)c2c(c(C)c1-c1c3c(C)c(C)c(C)c(C)c3nc3cc[n+]4o[nH]c(=O)c4c13)C(C)(C)CCC2(C)C,1,O=c1[nH]o[n+]2ccc3nc4ccccc4c(-c4ccc5c(c4)CCCC5)c3c12,0.9652383,436.0883,0.1822568,0.1823,0.4524104,3.9658,1.0000000,1.0000,[],32
38.5184,48.8885,-6.3832,0.3320731,O=C1c2ccccc2C(N(Cc2ccc(C(=O)N3CCOCC3)cc2)c2ccccc2)c2cc(Nc3ccccc3)ccc21,1,O=C1c2ccccc2C(N(Cc2ccc(C(=O)N3CCOCC3)cc2)c2ccccc2)c2cc(Nc3ccccc3)ccc21,0.3330072,392.4583,0.2202419,0.2202,0.5380045,3.0994,1.0000000,1.0000,[],32
54.6564,61.4344,46.7535,0.8452181,Cc1ccccc1N(c1ccccc1)c1ccc2c(c1)C1(c3ccccc3C(=O)C1(C)C)c1c(-c3ccc4ccccc4c3)c(C#N)c3ccccc3c1-2,1,O=C1CC2(c3ccccc31)c1cc(N(c3ccccc3)c3ccccc3)ccc1-c1c2c(-c2ccc3ccccc3c2)cc2ccccc12,0.8993074,423.7728,0.1843860,0.1844,0.4357203,4.1538,1.0000000,1.0000,[],32
42.1333,58.1546,-49.6469,0.0664663,c1ccc(Oc2cc3cc(N(c4ccccc4)c4ccccc4)ccc3c(-c3ccc(N(c4ccccc4)c4ccccc4)cc3)c2-c2ccc3oc4cc(N(c5ccccc5)c5ccccc5)sc4c3c2)cc1,1,c1ccc(Oc2cc3cc(N(c4ccccc4)c4ccccc4)ccc3c(-c3ccc(N(c4ccccc4)c4ccccc4)cc3)c2-c2ccc3oc4cc(N(c5ccccc5)c5ccccc5)sc4c3c2)cc1,0.0626396,370.6236,0.1149437,0.1149,0.4886778,3.5803,1.0000000,1.0000,[],32
47.6956,62.2984,-49.6951,0.0984634,C=CC(=CC(=CC)CNCCCCCCCCCCCCCCCCCCCCCCCC)c1cc2ccc(-c3ccc(N(c4ccc(C)cc4)c4ccc(-c5ccccc5)cc4)cc3)cc2s1,1,c1ccc(-c2ccc(N(c3ccccc3)c3ccc(-c4ccc5ccsc5c4)cc3)cc2)cc1,0.0986139,375.9757,0.0326786,0.0327,0.4789482,3.6808,1.0000000,1.0000,[],32
68.0127,81.8157,-81.8157,0.0000000,c1ccc(OC)c2nc(-c3ccc(N(c4ccc(cc4)-c4cc(ccc4)N(c4ccc(cc4)C=c4c(n(n(n4)-c4ccccc4)CCCC)=O)c4cccc(c4)OC)c4ccccc4)cc3)sc21,0,,0.0000000,0.0000,0.0000000,0.0000,0.0000000,0.0000,0.0000000,0.0000,None,32
88.0256,104.1604,-104.1604,0.0000000,c12c(ncc3Oc4c(cc(-c5ccc(cc5)C)cc4F)F)cc(ccc3nc1c(c(c(c2-c1ccc(cc1)OC)Nc1ccccc1)-c1cc2c(cc1)cccc2)-c1ccc(cc1)N(c1ccc(cc1)C)c1ccc(OC)cc1)=O,0,,0.0000000,0.0000,0.0000000,0.0000,0.0000000,0.0000,0.0000000,0.0000,None,32
96.1065,125.7523,-125.7523,0.0000000,c1c2c(cc(OC)c1OC)-c1c(c3c(c(-c4cnc(C5N(CCC5)C(=O)Nc5ccc(cc5)N(c5ccccc5)c5ccccc5)cs4)s1)c1c(ccc(c1)Oc1ccccc1)c5c3N(c1ccccc1)c1ccccc1)C2N(c1ccc(cc1)C)c1ccc(C)cc1,0,,0.0000000,0.0000,0.0000000,0.0000,0.0000000,0.0000,0.0000000,0.0000,None,32
80.0465,99.9127,-95.9961,0.0305986,CCCCC1(CCC)c2cc3nc4c5ccc(=O)c=5ccc(N(c5ccccc5)c5ccccc5)c-4[nH]c(=O)c3cc2-c2sc(-c3cc(-c4ccc(C(F)(F)F)cc4)sc3-c3ccc(OCCC(C)C)cc3)cc21,1,O=c1ccc2c3nc4cc5c(cc4c(=O)[nH]c-3c(N(c3ccccc3)c3ccccc3)ccc1=2)-c1sc(-c2cc(-c3ccccc3)sc2-c2ccccc2)cc1C5,0.0278488,558.5732,0.1107269,0.1107,0.3894246,4.7154,1.0000000,1.0000,[],32
88.8296,124.7013,-124.7013,0.0000000,c1ccc(Cl)c(CN2C(=O)C=C(Nc3cc4c(cc3)n(CC(=O)c3ccc(cc3)Nc3ccc(cc3)CC(C(C)(C)C)=O)c4O)C(=C2c2ccc(cc2)N(c2ccc(cc2)C=Cc2ccc(cc2)N(c2ccccc2)c2ccccc2)c2ccc(cc2)C)c2ccc(cc2)C(C)(C)C)c1,0,,0.0000000,0.0000,0.0000000,0.0000,0.0000000,0.0000,0.0000000,0.0000,None,32
122.0211,141.3843,-141.3843,0.0000000,S(c1c(Cl)c2c(s1)c1ccccc1cc2)(=O)=c1c2[N+](=Cc3ccc(cc3)N3C(/C(=C/c4ccc(N(CC(c5ccccc5)(C)C)c5ccccc5)cc4)C(CC3c3ccc(C(CC(C(c4ccc(cc4)N(c4ccccc4)c4ccccc4)C)=O)c4ccccc4)cc3)(C)C)=O)ccc2ccc1,0,,0.0000000,0.0000,0.0000000,0.0000,0.0000000,0.0000,0.0000000,0.0000,None,32
35.5478,51.1939,-51.1939,0.0000000,C(CNc1c(c(c1=S)N(c1ccccc1)c1ccccc1)Nc1ccc(-c2ccc(N(c3ccccc3)c3ccccc3)cc2)cc1)=Cc1ccc(cc1)N(c1ccccc1)c1ccccc1,0,,0.0000000,0.0000,0.0000000,0.0000,0.0000000,0.0000,0.0000000,0.0000,None,32
26.0493,25.9519,-25.1700,0.0061086,COc1cccc2oc(-c3cccnc3)cc(=O)c12,1,O=c1cc(-c2cccnc2)oc2ccccc12,0.0047650,342.0034,0.7042919,0.7043,0.6571577,2.0992,1.0000000,1.0000,[],32
48.3306,58.1146,-58.1146,0.0000000,CCN(CC)c1ccc2c(ccc3oc(=O)c(C(=O)NN=C4CCCc5oc(C(=O)Nc6ccc(N(C)C)cc6)c(N)c54)cc32)c1,1,O=C(Nc1ccccc1)c1cc2c(o1)CCCC2=NNC(=O)c1cc2c(ccc3ccccc32)oc1=O,0.0000000,0.0000,0.0000000,0.0000,0.0000000,0.0000,0.0000000,0.0000,['[#7;!n][#7;!n]'],32
33.1378,43.7889,74.4403,0.9236651,N#Cc1c(C=Cc2ccc(N(c3ccccc3)c3ccccc3)cc2)cc(-c2cccs2)c2cc3ccccc3cc12,1,C(=Cc1cc(-c2cccs2)c2cc3ccccc3cc2c1)c1ccc(N(c2ccccc2)c2ccccc2)cc1,0.9876654,472.4128,0.1509614,0.1510,0.5800436,2.7233,1.0000000,1.0000,[],32
33.5619,49.0664,57.1407,0.8297431,Cc1ccc(-c2c(-c3ccc(N(c4ccccc4)c4ccccc4)cc3)c3c(-c4ccc(-c5ccc(N(c6ccccc6)c6ccccc6)cc5)cc4)c4cc(Cl)ccc4nc3c3ccccc23)cc1,1,c1ccc(-c2c(-c3ccc(N(c4ccccc4)c4ccccc4)cc3)c3c(-c4ccc(-c5ccc(N(c6ccccc6)c6ccccc6)cc5)cc4)c4ccccc4nc3c3ccccc23)cc1,0.8951457,423.2827,0.1006494,0.1006,0.5345829,3.1313,1.0000000,1.0000,[],32
45.6951,65.0179,48.2310,0.8847573,Cc1ccc(C=Cc2ccc(C=Cc3ccc(N=Cc4cc(C)ccc4N4c5ccccc5N(c5ccc(C)cc5)c5cc(-c6ccc(-c7ccc(C)cc7)s6)c6ccccc6c54)cc3)cc2)cc1,1,C(=Cc1ccc(C=Cc2ccc(N=Cc3ccccc3N3c4ccccc4N(c4ccccc4)c4cc(-c5ccc(-c6ccccc6)s5)c5ccccc5c43)cc2)cc1)c1ccccc1,0.9596291,434.4009,0.1005734,0.1006,0.4870458,3.5970,1.0000000,1.0000,[],32
50.6937,66.1647,46.7720,0.8823178,O=C(Nc1ccc(-c2cc3cc(N(c4ccccc4)c4ccccc4)ccc3s2)cc1)c1sc2cc(C=Cc3ccc(N(Cc4ccccc4)Cc4ccccc4)cc3)cc(Cl)c2c1Cl,1,O=C(Nc1ccc(-c2cc3cc(N(c4ccccc4)c4ccccc4)ccc3s2)cc1)c1cc2ccc(C=Cc3ccc(N(Cc4ccccc4)Cc4ccccc4)cc3)cc2s1,0.9514808,432.3122,0.1170805,0.1171,0.5064353,3.4018,1.0000000,1.0000,[],32
42.3525,60.0095,-53.2489,0.0528172,CCn1c2ccccc2c2ccc(C=Cc3ccc(-c4ccc(C(F)(F)c5cc(F)c(F)c(F)c5F)c(F)c4F)cc3)cc21,1,C(=Cc1ccc2c(c1)[nH]c1ccccc12)c1ccc(-c2ccc(Cc3ccccc3)cc2)cc1,0.0496999,367.9624,0.0768565,0.0769,0.5411993,3.0698,1.0000000,1.0000,[],32
43.0237,51.0132,66.8916,0.9211313,COc1ccccc1NC1=CC(=O)N(c2cccc(C=C3C(=O)c4ccc(Cl)cc4C3=O)c2)C(=O)C1,1,O=C1C(=Cc2cccc(N3C(=O)C=C(Nc4ccccc4)CC3=O)c2)C(=O)c2ccccc21,0.9641258,435.7338,0.2997503,0.2998,0.5683113,2.8254,1.0000000,1.0000,[],32
43.9643,57.1687,54.8901,0.8754590,Cc1ccc(N(c2ccc(C#N)cc2)c2cc3sc4c(N(c5ccccc5)c5ccc6c(c5)c5ccccc5n6C)cccc4c3c3cc(C#N)ccc23)cc1,1,c1ccc(N(c2ccccc2)c2cc3sc4c(N(c5ccccc5)c5ccc6[nH]c7ccccc7c6c5)cccc4c3c3ccccc23)cc1,0.9322385,428.4636,0.1705764,0.1706,0.5144927,3.3229,1.0000000,1.0000,[],32
50.8635,73.0566,41.8177,0.8974552,CCN(CC)c1cc2ccc(N(c3ccccc3)c3ccccc3)cc2cc1C(=O)C=Cc1cc2c(-c3ccc(N=Nc4c5ccccc5cc5ccccc45)cc3)csc2cc1Cl,1,O=C(C=Cc1ccc2scc(-c3ccc(N=Nc4c5ccccc5cc5ccccc45)cc3)c2c1)c1ccc2ccc(N(c3ccccc3)c3ccccc3)cc2c1,0.9942137,464.1231,0.0531887,0.0532,0.4804209,3.6655,1.0000000,1.0000,[],32
61.0019,69.0363,33.7249,0.8028223,CN(C)c1ccccc1C(c1cccs1)c1ccc(-c2cc(C=C3C(=O)c4cc5ccccc5cc43)ccc2Cl)cc1O,1,O=C1C(=Cc2cccc(-c3ccc(C(c4ccccc4)c4cccs4)cc3)c2)c2cc3ccccc3cc21,0.8477601,418.6436,0.1942198,0.1942,0.5076511,3.3898,1.0000000,1.0000,[],32
64.3661,81.7953,34.5336,0.9088199,Cc1ccc(N(c2ccc(C)cc2)c2cc(-c3ccc(Cl)cc3)c(Cl)c(N)c2N(C)c2ccc3cc([N+](=O)[O-])c([N+](=O)[O-])cc3c2S(=O)(=O)c2ccc(C)cc2)cc1,1,O=S(=O)(c1ccccc1)c1c(Nc2ccc(-c3ccccc3)cc2N(c2ccccc2)c2ccccc2)ccc2ccccc12,0.9938486,455.2087,0.0805634,0.0806,0.4920087,3.5463,1.0000000,1.0000,[],32
77.4801,115.4250,-83.6426,0.2483001,CCCCCCCCOc1ccc(N(c2ccc(-c3ccc(CCCCCCCC)cc3)cc2)c2c3ccc(N4Cc5ccc(N(c6ccccc6)c6ccccc6)cc5C4=O)cc3c(C=Cc3c(-c4ccc(OCCCCCC)cc4)sc4c(C)c([N+](=O)[O-])ccc34)c3cc(N(c4ccccc4)c4ccccc4)c(OCCCCCC)cc23)cc1,1,O=C1c2cc(N(c3ccccc3)c3ccccc3)ccc2CN1c1ccc2c(N(c3ccccc3)c3ccc(-c4ccccc4)cc3)c3ccc(N(c4ccccc4)c4ccccc4)cc3c(C=Cc3c(-c4ccccc4)sc4ccccc34)c2c1,0.2691692,530.8448,0.0160216,0.0160,0.3277809,5.5770,1.0000000,1.0000,[],32
51.3857,63.2230,40.5240,0.8105230,N#Cc1ccc(-c2c(-c3ccc(C(F)(F)F)cc3C(F)(F)F)cc(F)c3c(C#N)nc4cc(N(c5ccc(C#N)cc5)c5ccc(C(F)(F)F)cc5)ccc4c23)cc1,1,c1ccc(-c2ccc3cnc4cc(N(c5ccccc5)c5ccccc5)ccc4c3c2-c2ccccc2)cc1,0.8682014,420.4677,0.1278676,0.1279,0.4939181,3.5269,1.0000000,1.0000,[],32
73.0029,85.8824,-85.8824,0.0000000,CCCCn1c2cc(c(=CC=Cc3ccccc3)n3c4c1=CC=CC(C=Cc1ccc(N(c5ccccc5)c5ccccc5)cc1)(C=4)CCC3)=C(C#N)C(=O)C2(C#N)c1ccccc1,1,O=C1C=c2cc([nH]c3c4n(c2=CC=Cc2ccccc2)CCCC(C=Cc2ccc(N(c5ccccc5)c5ccccc5)cc2)(C=CC=3)C=4)C1c1ccccc1,0.0000000,0.0000,0.0000000,0.0000,0.0000000,0.0000,0.0000000,0.0000,['[*;r{8-17}]'],32
59.1888,78.1396,-78.1396,0.0000000,CCN1C2=CC=CC3=C(C2=C(c2ccc(N(c4ccccc4)c4ccccc4)cc2)C(=C(C#N)C#N)N3c2ccc(C(C)C)cc2)c2ccc(C=Cc3ccc(-c4ccc(N(c5ccccc5)c5ccccc5)cc4)s3)cc21,1,C=C1C(c2ccc(N(c3ccccc3)c3ccccc3)cc2)=C2C3=CC=CC(=C2c2ccc(C=Cc4ccc(-c5ccc(N(c6ccccc6)c6ccccc6)cc5)s4)cc2N3)N1c1ccccc1,0.0000000,0.0000,0.1072765,0.1073,0.3483413,5.2729,1.0000000,1.0000,[],32
48.5850,60.6182,-57.5872,0.0236797,CCCCN(c1ccc(OCC)cc1)c1ccc(-[s+]2c3ccc(OC)cc3c3ccc(-c4c(-c5ccccc5)[nH]c5ccccc45)cc32)cc1,1,c1ccc(Nc2ccc(-[s+]3c4ccccc4c4ccc(-c5c(-c6ccccc6)[nH]c6ccccc56)cc43)cc2)cc1,0.0210214,358.2972,0.1388800,0.1389,0.4769163,3.7021,1.0000000,1.0000,[],32
60.5488,75.4035,-68.4629,0.0542234,CCCCCCCCOc1c(C=Nc2ccc(-c3cc(CN)cc4nc(-c5ccc(OC)cc5)c(-c5cc(OC)c(OC)c(OC)c5)cc34)cc2)ccc2c1cc(-c1ccccc1)c1ccccc12,1,C(=Nc1ccc(-c2cccc3nc(-c4ccccc4)c(-c4ccccc4)cc23)cc1)c1ccc2c(c1)cc(-c1ccccc1)c1ccccc12,0.0519365,368.4659,0.0490088,0.0490,0.4886115,3.5809,1.0000000,1.0000,[],32
49.9541,73.4546,-73.4546,0.0000000,c1c2c(c3nc4ccccc4n3c(c2c(n2c1c(n(c2N)-c1ccccc1)=O)-c1ccc(cc1)N1c2ccccc2Oc2ccccc21)=O)=Nc1ccc(cc1)N(c1ccccc1)c1ccccc1,0,,0.0000000,0.0000,0.0000000,0.0000,0.0000000,0.0000,0.0000000,0.0000,None,32
45.1340,56.4203,-28.1862,0.2205783,CCCCCCOc1ccc(Cn2c3ccc(N(Cc4ccccc4)Cc4ncc[nH]4)cc3c3cc(N(c4ccccc4)c4ccccc4)ccc32)cc1,1,c1ccc(CN(Cc2ncc[nH]2)c2ccc3c(c2)c2cc(N(c4ccccc4)c4ccccc4)ccc2n3Cc2ccccc2)cc1,0.2217579,386.3691,0.1014912,0.1015,0.5485844,3.0021,1.0000000,1.0000,[],32
35.6234,57.8691,57.9548,0.9048744,Cc1ccc(-c2cc(=O)c3cc(N(c4ccc(C)cc4)c4ccc(C)cc4)c4cc5oc6cc(N(c7ccccc7)c7ccccc7)ccc6c5c(N(c5ccc(C)cc5)c5ccc(C)cc5)c4c3o2)cc1,1,O=c1cc(-c2ccccc2)oc2c1cc(N(c1ccccc1)c1ccccc1)c1cc3oc4cc(N(c5ccccc5)c5ccccc5)ccc4c3c(N(c3ccccc3)c3ccccc3)c12,0.9753648,439.9403,0.1273904,0.1274,0.4855936,3.6119,1.0000000,1.0000,[],33
55.6120,67.4401,43.8148,0.8691790,COc1ccc(-c2nc(-c3ccc4cc(OC)ccc4c3)c3c(B4OC(C)(C)C(C)(C)O4)c4ccc(N(c5ccccc5)c5ccccc5)cc4c(-c4ccc(-c5ccc6ccccc6c5)cc4)c3n2)cc1,1,c1ccc(-c2nc(-c3ccc4ccccc4c3)c3c(B4OCCO4)c4ccc(N(c5ccccc5)c5ccccc5)cc4c(-c4ccc(-c5ccc6ccccc6c5)cc4)c3n2)cc1,0.9426238,489.6098,0.0999464,0.0999,0.4728644,3.7447,1.0000000,1.0000,[],33
55.6070,79.3886,-32.6655,0.3650243,COc1ccc2c(c1)Oc1cc(C)ccc1N2c1c(F)cccc1C=Cc1ccc(F)c(N2c3ccc(N(c4ccc(F)cc4)c4ccc(F)cc4)cc3C=Cc3ccc(N(c4ccccc4)c4ccccc4)cc32)c1,1,C(=Cc1ccccc1N1c2ccccc2Oc2ccccc21)c1cccc(N2c3ccc(N(c4ccccc4)c4ccccc4)cc3C=Cc3ccc(N(c4ccccc4)c4ccccc4)cc32)c1,0.3793205,394.6535,0.0948087,0.0948,0.4446491,4.0523,1.0000000,1.0000,[],33
43.9541,68.3978,-68.3978,0.0000000,Cc1c(C(=O)OC(C#N)C(=O)c2c(C#N)c(N)n(C)c2C#N)c(-c2ccccc2)nn1C,1,O=C(COC(=O)c1c[nH]nc1-c1ccccc1)c1cc[nH]c1,0.0000000,0.0000,0.0000000,0.0000,0.0000000,0.0000,0.0000000,0.0000,"['C(=[O,S])[O,S]']",33
66.2328,101.3855,-101.3855,0.0000000,c1(cc2c(cc(c(-c3c(ccc4c(c(c(c(c43)-c3ccccc3)-c3ccccc3)N(c3cc(ccc3)F)c3ccccc3)N(c3ccccc3)c3ccccc3)F)F)c(-c3ccc(cc3)C=Cc3ccc(cc3)C)c2)cc1)/C=C/c1ccc(cc1)C=Cc1ccc(cc1)N(c1ccccc1)c1ccccc1,0,,0.0000000,0.0000,0.0000000,0.0000,0.0000000,0.0000,0.0000000,0.0000,None,33
53.6378,71.1094,31.0091,0.7978005,CC(=Cc1ccc(N(c2ccc(C)cc2)c2ccc(C)cc2)cc1)C(=O)N1C(=Cc2nc3ccc(N(c4ccccc4)c4ccccc4)cc3o2)C(C)(C)c2c1cc(O)c1sc(C)cc21,1,O=C(C=Cc1ccc(N(c2ccccc2)c2ccccc2)cc1)N1C(=Cc2nc3ccc(N(c4ccccc4)c4ccccc4)cc3o2)Cc2c1ccc1sccc21,0.8515477,418.9655,0.1457192,0.1457,0.4618651,3.8624,1.0000000,1.0000,[],33
40.4115,47.2197,-22.5105,0.1930403,COc1cc(-c2c(O)c(O)c3ccc4ccc(O)cc4c3c2O)cc(O)n1,1,c1ccc2c(c1)ccc1ccc(-c3ccncc3)cc12,0.1883109,384.1371,0.2088753,0.2089,0.5571621,2.9245,1.0000000,1.0000,[],33
27.2784,24.6587,-24.6553,0.0000265,O=P(O)(O)OCc1ccc(F)c(F)c1,1,c1ccccc1,0.0000155,279.7682,0.7645101,0.7645,0.6450460,2.1922,1.0000000,1.0000,[],33
39.3909,45.7968,70.8078,0.9109739,CCCCCCCCc1ccc(N(c2ccc(C)cc2)c2cc3c(cc4ccc5c6ccccc6c(C)c6ccc3c4c65)c3ccccc23)cc1,1,c1ccc(N(c2ccccc2)c2cc3c(cc4ccc5c6ccccc6cc6ccc3c4c65)c3ccccc23)cc1,0.9937991,464.8788,0.0802162,0.0802,0.5587503,2.9103,1.0000000,1.0000,[],33
37.9448,43.1087,-30.2991,0.1000753,Oc1ccc(-c2c(O)c3c4cccc(O)c4oc3c3c(O)c(O)c(O)c(O)c23)cc1O,1,c1ccc(-c2cc3c4ccccc4oc3c3ccccc23)cc1,0.0954464,375.5831,0.1462701,0.1463,0.5370772,3.1081,1.0000000,1.0000,[],33
45.6058,72.3653,44.0262,0.9093087,C=CCOc1c(-c2cccc(N=Nc3c(N(Cc4ccccc4)c4ccccc4)cc4ccccc4c3O)c2)nc2sc(C#N)c(N)c2c1-c1ccc(N(c2ccccc2)c2ccccc2)cc1,1,c1ccc(CN(c2ccccc2)c2cc3ccccc3cc2N=Nc2cccc(-c3cc(-c4ccc(N(c5ccccc5)c5ccccc5)cc4)c4ccsc4n3)c2)cc1,0.9951100,457.7140,0.0822589,0.0823,0.4612286,3.8693,1.0000000,1.0000,[],33
39.3061,55.4494,59.4523,0.8976697,Cc1ccc(-c2c(N)c(N=Nc3ccccc3-c3ccc(N(c4ccccc4)c4ccccc4)cc3)c(C)c(C#N)c2NC#N)cc1,1,c1ccc(-c2cccc(N=Nc3ccccc3-c3ccc(N(c4ccccc4)c4ccccc4)cc3)c2)cc1,0.9807481,442.6771,0.0770962,0.0771,0.5324728,3.1511,1.0000000,1.0000,[],33
68.9011,90.4282,20.6400,0.8677201,Cc1ccc(C2=C(N(c3ccc(-c4ccccc4)cc3)c3ccc(-c4ccc5c(c4)c4cc(N(c6ccccc6)c6ccccc6)ccc4n5-c4ccc(C(c5ccc(C)cc5)c5ccc(C)cc5)cc4)cc3)N(c3ccc(C)cc3)C3C=CB(c4ccccc4)C=CC3C2=O)cc1,1,O=C1C(c2ccccc2)=C(N(c2ccc(-c3ccccc3)cc2)c2ccc(-c3ccc4c(c3)c3cc(N(c5ccccc5)c5ccccc5)ccc3n4-c3ccc(C(c4ccccc4)c4ccccc4)cc3)cc2)N(c2ccccc2)C2C=CB(c3ccccc3)C=CC12,0.9556239,433.3285,0.0756233,0.0756,0.3446402,5.3263,1.0000000,1.0000,[],33
29.5168,30.7945,-30.7645,0.0002338,COc1ccc(CC(C=N)=CCN)cc1,1,c1ccccc1,0.0001539,304.6855,0.7180248,0.7180,0.5765180,2.7537,1.0000000,1.0000,[],33
52.5449,76.6076,39.2307,0.9049864,CCCCCCOc1ccc2cc(N(c3ccccc3)c3ccccc3)c(N(CCCC)CCCC)cc2c1N=c1sc2cc(Cl)ccc2n(-c2ccccc2Cl)c1=O,1,O=c1c(=Nc2cccc3cc(N(c4ccccc4)c4ccccc4)ccc23)sc2ccccc2n1-c1ccccc1,0.9895524,470.5894,0.0807687,0.0808,0.4874119,3.5932,1.0000000,1.0000,[],33
54.7696,75.7978,33.3169,0.8524585,CCCCCCOc1ccc(N(CCCC)c2c3ccc(OC)cc3c(C=Cc3ccc4c(c3)OCO4)c3c(OCCCC)c(-c4ccc(N(c5ccccc5)c5ccccc5)cc4)c(C#N)cc23)cc1,1,C(=Cc1c2ccccc2c(Nc2ccccc2)c2ccc(-c3ccc(N(c4ccccc4)c4ccccc4)cc3)cc12)c1ccc2c(c1)OCO2,0.9528067,487.3719,0.0377827,0.0378,0.4623764,3.8569,1.0000000,1.0000,[],33
44.4212,62.1765,55.2580,0.9174566,COc1ccc(N2C(=O)C(=C(c3ccc(N(c4ccccc4)c4ccccc4)cc3)c3cc4ccccc4s3)c3c2cc(Cl)c(N(c2ccccc2)c2ccccc2)c3F)cc1,1,O=C1C(=C(c2ccc(N(c3ccccc3)c3ccccc3)cc2)c2cc3ccccc3s2)c2cc(N(c3ccccc3)c3ccccc3)ccc2N1c1ccccc1,0.9886540,448.5050,0.1285078,0.1285,0.5026621,3.4392,1.0000000,1.0000,[],33
43.1914,59.9350,57.7624,0.9195112,O=c1c(-c2cc3cc(N(c4ccccc4)c4ccccc4)ccc3o2)cccc2c(-c3c4ccccc4c(-c4ccc(C(F)(F)F)cc4)c4ccccc34)c(N(c3ccccc3)c3ccccc3)ccc12,1,O=c1c(-c2cc3cc(N(c4ccccc4)c4ccccc4)ccc3o2)cccc2c(-c3c4ccccc4c(-c4ccccc4)c4ccccc34)c(N(c3ccccc3)c3ccccc3)ccc12,0.9894797,449.3344,0.1351911,0.1352,0.5007300,3.4584,1.0000000,1.0000,[],33
31.2946,39.3151,-39.3151,0.0000000,COc1ccc(C#Cc2c3ccccc3c(-c3ccc(N(c4ccccc4)c4ccccc4)cc3)c3cc(Br)ccc23)cc1,1,C(#Cc1c2ccccc2c(-c2ccc(N(c3ccccc3)c3ccccc3)cc2)c2ccccc12)c1ccccc1,0.0000000,0.0000,0.0000000,0.0000,0.0000000,0.0000,0.0000000,0.0000,['C#C'],33
34.1916,38.4481,71.4345,0.8584576,COc1ccccc1Nc1c2c(cc3c1C(=O)c1ccccc1C3=O)CC(=O)N2,1,O=C1Cc2cc3c(c(Nc4ccccc4)c2N1)C(=O)c1ccccc1C3=O,0.8764924,498.7236,0.5625426,0.5625,0.6027985,2.5309,1.0000000,1.0000,[],33
63.5189,70.7300,-70.5147,0.0016819,N#Cc1ccc(C2=NC3(CC2)CCC2C(=C3C3=C(F)C(F)CC3)CCC3CCCCC32)cc1,1,C1=C(C2=C3CCC4CCCCC4C3CCC23CCC(c2ccccc2)=N3)CCC1,0.0012585,327.5098,0.4620734,0.4621,0.3552862,5.1742,1.0000000,1.0000,[],33
35.9893,43.7158,78.7921,0.9570926,COc1ccc2c(O)c(N=Nc3ccc(N4CCc5cc(O)ccc54)cc3)ccc2c1,1,c1ccc2c(c1)CCN2c1ccc(N=Nc2ccc3ccccc3c2)cc1,0.9950917,457.6734,0.3826060,0.3826,0.5957609,2.5896,1.0000000,1.0000,[],33
40.9111,54.3405,-54.3405,0.0000000,COc1c(C=C2C=C(c3ccc(N(c4ccccc4)c4ccc(C)cc4)cc3)OC2=O)c2ccccc2c2sc3ccccc3c12,1,O=C1OC(c2ccc(N(c3ccccc3)c3ccccc3)cc2)=CC1=Cc1cc2c3ccccc3sc2c2ccccc12,0.0000000,0.0000,0.0000000,0.0000,0.0000000,0.0000,0.0000000,0.0000,"['C(=[O,S])[O,S]']",33
36.2866,42.8952,-2.0047,0.3194565,Nc1cc2c3cc(Nc4ccc([N+](=O)[O-])cc4)ccc3n(-c3ccccc3)c2c(N)c1N,1,c1ccc(Nc2ccc3c(c2)c2ccccc2n3-c2ccccc2)cc1,0.3211206,391.8719,0.1780448,0.1780,0.5998666,2.5552,1.0000000,1.0000,[],33
34.3006,48.7920,23.2216,0.5626065,CCCCCCCCN(c1ccc(C=Cc2ccc(N(c3ccccc3)c3ccccc3)cc2)cc1)c1ccc(-c2ccc(N(c3ccccc3)c3ccc(-c4ccc(N(c5ccc(C)cc5)c5ccc(C)cc5)cc4)cc3)cc2)cc1,1,C(=Cc1ccc(N(c2ccccc2)c2ccccc2)cc1)c1ccc(Nc2ccc(-c3ccc(N(c4ccccc4)c4ccc(-c5ccc(N(c6ccccc6)c6ccccc6)cc5)cc4)cc3)cc2)cc1,0.6087146,404.7980,0.0495262,0.0495,0.5108953,3.3580,1.0000000,1.0000,[],33
57.7215,62.4617,-62.4617,0.0000000,O=C(O)NC12CCC(c3ccc(Cl)cc3)(C1)C(NC(=O)c1ccc3nc(C(F)(F)F)ccc3c1O)(c1ccc(Cl)cc1)C2,1,O=C(NC1(c2ccccc2)CC2CCC1(c1ccccc1)C2)c1ccc2ncccc2c1,0.0000000,0.0000,0.0000000,0.0000,0.0000000,0.0000,0.0000000,0.0000,"['C(=[O,S])[O,S]']",33
47.6712,54.9269,18.9873,0.5774546,Cc1ccc(N(c2ccc(-c3ccccc3)cc2)c2ccc(-c3nnc(-c4sc(-c5ccccc5)nc4Cc4ccc(F)cc4)s3)cc2)cc1,1,c1ccc(Cc2nc(-c3ccccc3)sc2-c2nnc(-c3ccc(N(c4ccccc4)c4ccc(-c5ccccc5)cc4)cc3)s2)cc1,0.6026327,404.5215,0.1515462,0.1515,0.5656841,2.8486,1.0000000,1.0000,[],33
43.4681,59.9228,45.4757,0.8234251,COc1ccc(N(c2ccccc2)c2ccc3cc(-c4cc(-c5ccc6c(c5)C(C)(C)c5ccccc5-6)c5sc6cc(N(c7ccccc7)c7ccccc7)ccc6c5n4)c(=O)oc3c2)cc1,1,O=c1oc2cc(N(c3ccccc3)c3ccccc3)ccc2cc1-c1cc(-c2ccc3c(c2)Cc2ccccc2-3)c2sc3cc(N(c4ccccc4)c4ccccc4)ccc3c2n1,0.8814926,421.7868,0.1346196,0.1346,0.4893904,3.5730,1.0000000,1.0000,[],33
67.1712,86.7188,-86.7188,0.0000000,c12cc3c(cccc3)cc1cc1c(c3c(CCCCC)cc(c4ccccc43)CCCCCC)sc1c2-c1cc2c(cc1)Sc1c(N2c2ccc(cc2)C=Cc2ccc(cc2)CCCCCC)cc(cc1)-c1ccc(cc1)N1c2ccccc2Oc2c1cccc2,0,,0.0000000,0.0000,0.0000000,0.0000,0.0000000,0.0000,0.0000000,0.0000,None,33
57.3463,68.3424,-50.5694,0.1388516,Cc1ccc(N2c3ccccc3C(C)(CN3c4ccccc4N(c4ccc(-c5ccccc5)cc4)c4ccc(-n5c6ccc(C)cc6c6ccc(C=Cc7ccccc7)cc65)cc43)c3ccccc32)cc1,1,C(=Cc1ccc2c3ccccc3n(-c3ccc4c(c3)N(CC3c5ccccc5N(c5ccccc5)c5ccccc53)c3ccccc3N4c3ccc(-c4ccccc4)cc3)c2c1)c1ccccc1,0.1351547,379.8473,0.1412048,0.1412,0.4878487,3.5887,1.0000000,1.0000,[],33
84.0228,91.4118,-91.4118,0.0000000,c12c(N)n[nH]c1cc(cc2)S(=O)(c1ccc(N2CCCC(C2)CN2CCC(CC2)c2ccc3c(c(-c4cn5cnc(C(=O)NC)c5c(C#N)c4)c(C(F)(F)F)cnc3N)c2)cc1)=O,0,,0.0000000,0.0000,0.0000000,0.0000,0.0000000,0.0000,0.0000000,0.0000,None,33
46.7216,62.9125,-62.9125,0.0000000,C#CC(=O)c1c2ccccc2c(C=Nc2ccc(N3CCCC(c4ccc(N(c5ccc(C)cc5)c5ccc(C)cc5)cc4)C3)cc2)c2ccccc12,1,C(=Nc1ccc(N2CCCC(c3ccc(N(c4ccccc4)c4ccccc4)cc3)C2)cc1)c1c2ccccc2cc2ccccc12,0.0000000,0.0000,0.0000000,0.0000,0.0000000,0.0000,0.0000000,0.0000,['C#C'],33
51.1939,55.1404,9.0111,0.5011837,N#Cc1c(N)cc2c(=O)c(C(=O)Nc3nc4ccc(F)cc4[nH]3)cn3c2c1OC(c1ccccc1)C3,1,O=C(Nc1nc2ccccc2[nH]1)c1cn2c3c(cccc3c1=O)OC(c1ccccc1)C2,0.5076700,400.3331,0.3353053,0.3353,0.4972401,3.4934,1.0000000,1.0000,[],33
21.1517,22.1915,-22.1744,0.0001334,N#CC(C=O)Cc1ccccc1,1,c1ccccc1,0.0000857,298.3243,0.6278826,0.6279,0.5570525,2.9255,1.0000000,1.0000,[],33
50.0090,70.1104,-70.1104,0.0000000,c12C[C@@H](C(C)(C)C)N(c2c2cc(c(C=Nc3ccc(cc3)N(c3ccccc3)c3ccccc3)c3c2cccc3)c1-c1ccc(cc1)C)CCCCCCCC,0,,0.0000000,0.0000,0.0000000,0.0000,0.0000000,0.0000,0.0000000,0.0000,None,33
44.4342,53.3780,64.4647,0.9206463,O=C1c2ccccc2C(=Cc2ccc(N(c3ccc(C=Cc4ccc(Br)cc4)cc3)c3ccc(-c4ccccc4)cc3)cc2)c2cc3c(ccc4ccccc43)cc21,1,O=C1c2ccccc2C(=Cc2ccc(N(c3ccc(C=Cc4ccccc4)cc3)c3ccc(-c4ccccc4)cc3)cc2)c2cc3c(ccc4ccccc43)cc21,0.9931033,453.9588,0.1180998,0.1181,0.5483156,3.0045,1.0000000,1.0000,[],33
37.7733,38.8115,-31.3281,0.0584640,Clc1ccc2[nH]c(C3=CC=CCC3c3ccc4ccccc4c3)cc2c1,1,C1=CCC(c2ccc3ccccc3c2)C(c2cc3ccccc3[nH]2)=C1,0.0525182,368.5935,0.3943186,0.3943,0.5444165,3.0402,1.0000000,1.0000,[],33
62.4843,90.4311,-90.4311,0.0000000,Cc1ccc(N(c2ccc(C)cc2)c2cc3cc(-c4ccc5scc(-c6ccc(NCc7ccc(C=Cc8c9ccccc9c(C=NN(c9ccccc9)c9ccccc9)c9ccccc89)cc7)cc6)c5c4)sc3c3ccc(-c4ccc(N(c5ccccc5)c5ccccc5)cc4)cc23)cc1,1,C(=Cc1c2ccccc2c(C=NN(c2ccccc2)c2ccccc2)c2ccccc12)c1ccc(CNc2ccc(-c3csc4ccc(-c5cc6cc(N(c7ccccc7)c7ccccc7)c7cc(-c8ccc(N(c9ccccc9)c9ccccc9)cc8)ccc7c6s5)cc34)cc2)cc1,0.0000000,0.0000,0.0000000,0.0000,0.0000000,0.0000,0.0000000,0.0000,['[#7;!n][#7;!n]'],33
35.8291,36.6543,-33.0015,0.0285373,c1ccc2cc3c(cc2c1)Oc1cc2oc4ccccc4c2c(-n2c4ccccc4c4ccccc42)c1O3,1,c1ccc2cc3c(cc2c1)Oc1cc2oc4ccccc4c2c(-n2c4ccccc4c4ccccc42)c1O3,0.0250818,360.2598,0.2302195,0.2302,0.5726976,2.7870,1.0000000,1.0000,[],33
39.3197,62.0741,40.4699,0.8011244,CCCCCCCCCCCCCCCCOc1ccc(N(c2ccc(C=Cc3ccccc3)cc2)c2cc(N=Nc3ccc(N(c4ccccc4)c4ccccc4)cc3)c3ccc(N(c4ccccc4)c4ccccc4)cc3c2N(c2ccccc2)c2ccccc2)cc1,1,C(=Cc1ccc(N(c2ccccc2)c2cc(N=Nc3ccc(N(c4ccccc4)c4ccccc4)cc3)c3ccc(N(c4ccccc4)c4ccccc4)cc3c2N(c2ccccc2)c2ccccc2)cc1)c1ccccc1,0.9068024,495.2973,0.0238874,0.0239,0.4324080,4.1919,1.0000000,1.0000,[],33
37.7405,47.2814,-43.9769,0.0258164,COc1cc(C(=O)c2nn(N)c(N)c2C#N)c(C#N)c(Cl)c1Cl,1,O=C(c1ccccc1)c1cc[nH]n1,0.0219099,358.7566,0.6291256,0.6291,0.5202398,3.2673,1.0000000,1.0000,[],33
53.0729,75.5186,31.0237,0.8323618,CCCCN1c2cc(C(=O)N3CCC4(CC(=O)N(c5ccc(Cl)cc5)C4)C3)ccc2N(c2ccc(Cl)cc2)c2ccc(N(c3ccc(C)cc3)c3ccc(C)cc3)cc21,1,O=C(c1ccc2c(c1)Nc1cc(N(c3ccccc3)c3ccccc3)ccc1N2c1ccccc1)N1CCC2(CC(=O)N(c3ccccc3)C2)C1,0.8917691,422.8975,0.1454022,0.1454,0.4312823,4.2050,1.0000000,1.0000,[],33
47.1243,75.2685,-75.2685,0.0000000,N#CN(NN(c1ccccc1)c1ccccc1)C(=C1CCC1)c1cc2ccc(N(c3ccccc3)c3ccccc3)cc2c2cc(C=Cc3ccc(N(c4ccccc4)c4ccccc4)cc3)sc12,1,C(=Cc1cc2c(s1)c(C(NNN(c1ccccc1)c1ccccc1)=C1CCC1)cc1ccc(N(c3ccccc3)c3ccccc3)cc12)c1ccc(N(c2ccccc2)c2ccccc2)cc1,0.0000000,0.0000,0.0000000,0.0000,0.0000000,0.0000,0.0000000,0.0000,['[#7;!n][#7;!n]'],33
55.5842,83.3618,-83.3618,0.0000000,c1(ccc(C#N)cc1)C#Cc1c2c(c(c3ccc(cc31)-c1ccc(cc1)N)-c1ccc(N(c3ccccc3)c3ccccc3)cc1)c(-c1ccc(cc1)N(c1ccc(cc1)C#N)c1ccccc1)c1c2sc(c1)C=Cc1sc2ccccc2c1,0,,0.0000000,0.0000,0.0000000,0.0000,0.0000000,0.0000,0.0000000,0.0000,None,33
51.4366,78.0784,-2.4957,0.5904899,Cc1cc(C)c(C(=O)Nc2nc3cc(-c4ccc(N(c5ccccc5)c5ccccc5)cc4)cc(-c4ccc(N(c5ccccc5)c5ccccc5)cc4)c3o2)c(C#N)c1N=Cc1ccc(N(c2ccccc2)c2ccccc2)cc1C#N,1,O=C(Nc1nc2cc(-c3ccc(N(c4ccccc4)c4ccccc4)cc3)cc(-c3ccc(N(c4ccccc4)c4ccccc4)cc3)c2o1)c1cccc(N=Cc2ccc(N(c3ccccc3)c3ccccc3)cc2)c1,0.6284367,405.7057,0.1006685,0.1007,0.4353724,4.1578,1.0000000,1.0000,[],33
53.2420,77.8240,-70.0906,0.0604173,CC(=O)c1ccc(-n2c3ccccc3c3cc(C(=O)Nc4cc(C)ccc4-c4cc5ccc(N(c6ccc(C)cc6)c6ccc(C)cc6)cc5s4)nc(N)c32)cc1,1,O=C(Nc1ccccc1-c1cc2ccc(N(c3ccccc3)c3ccccc3)cc2s1)c1cc2c3ccccc3n(-c3ccccc3)c2cn1,0.0560940,369.3497,0.1504130,0.1504,0.5231233,3.2397,1.0000000,1.0000,[],33
45.6091,46.5975,-45.9159,0.0053250,O=C1C2=C(CCN(Cc3ccc4c(c3)OCO4)C2)C(c2ccccc2)C(=O)N1c1ccc(-c2nn[nH]n2)cc1,1,O=C1C2=C(CCN(Cc3ccc4c(c3)OCO4)C2)C(c2ccccc2)C(=O)N1c1ccc(-c2nn[nH]n2)cc1,0.0042211,340.6817,0.3983078,0.3983,0.5100898,3.3658,1.0000000,1.0000,[],33
49.1121,72.0467,-72.0467,0.0000000,c1c2c(-c3ccc(s3)C=Nc3ccc(cc3)C=Cc3ccc(cc3)N(c3ccccc3)c3ccccc3)sc(c2c(-c2ccc(cc2)OCCCCCC)c2-c1c2)N(c1ccccc1)c1ccccc1,0,,0.0000000,0.0000,0.0000000,0.0000,0.0000000,0.0000,0.0000000,0.0000,None,33
51.3340,52.1258,65.6812,0.9203676,C1=CC2=C3C4=C(C(=C1)CC2(c1ccccc1)c1ccccc13)c1ccccc1C4c1ccc2c(c1)Cc1cc3ccccc3cc1-2,1,C1=CC2=C3C4=C(C(=C1)CC2(c1ccccc1)c1ccccc13)c1ccccc1C4c1ccc2c(c1)Cc1cc3ccccc3cc1-2,0.9862550,473.6039,0.1902005,0.1902,0.3670799,5.0109,1.0000000,1.0000,[],33
22.7129,34.9023,-12.8646,0.1721689,Cc1ccc(N(c2ccc(C)cc2)c2ccc(C=Cc3ccc4cc[nH]c4c3)cc2)cc1,1,C(=Cc1ccc2cc[nH]c2c1)c1ccc(N(c2ccccc2)c2ccccc2)cc1,0.1648803,382.3855,0.2859285,0.2859,0.6278350,2.3274,1.0000000,1.0000,[],33
49.8628,61.6643,-25.6824,0.2811087,O=C(COc1ccc(C=Nn2ccc3c4ccccc4c4ccccc4c3c2=O)cc1-c1cc(Br)cc(Br)c1)c1ccc(Br)cc1,1,O=C(COc1ccc(C=Nn2ccc3c4ccccc4c4ccccc4c3c2=O)cc1-c1ccccc1)c1ccccc1,0.2871278,390.1266,0.0917301,0.0917,0.5512847,2.9775,1.0000000,1.0000,[],33
52.5038,73.6675,28.1034,0.7950846,[C-]#[N+]c1c(-c2ccccc2)[n+]2c(n(N)c1=O)C(c1ccc(N(c3ccccc3)c3ccccc3)cc1)CC2c1ccc(N(CCC#N)Cc2ccccc2)cc1,1,O=c1cc(-c2ccccc2)[n+]2c([nH]1)C(c1ccc(N(c3ccccc3)c3ccccc3)cc1)CC2c1ccc(NCc2ccccc2)cc1,0.8657025,420.2325,0.0814340,0.0814,0.4260382,4.2661,1.0000000,1.0000,[],33
39.8183,60.0186,-60.0186,0.0000000,N(c1nc2cc(C#N)ccc2c2c1c1c(c(-c3ccc(N(c4ccccc4)c4ccccc4)cc3)s1)cn2)c1ccc(cc1)C=Cc1ccc(cc1)N(c1ccccc1)c1ccccc1,0,,0.0000000,0.0000,0.0000000,0.0000,0.0000000,0.0000,0.0000000,0.0000,None,33
34.6177,41.7053,22.5404,0.5019191,O=c1cc(-c2ccc(O)c(O)c2)c(=O)c2cc(O)c3occ(O)c3c2o1,1,O=c1cc(-c2ccccc2)c(=O)c2ccc3occc3c2o1,0.5052320,400.2272,0.3817995,0.3818,0.5534965,2.9575,1.0000000,1.0000,[],33
69.7333,98.1973,-98.1973,0.0000000,COc1ccc(N(c2ccc(-c3ccc(C(=O)N(c4ccc(C)cc4)c4ccc(C)cc4)c4cc5c(cc34)CC=C(c3ccc(-c4ccc(-c6sc(C=C(C(=O)O)c7ccc(C(C)(C)C)cc7)c(C#N)c6C#N)s4)cc3)O5)cc2)c2ccc(N(c3ccccc3)c3ccccc3)cc2)cc1,1,O=C(c1ccc(-c2ccc(N(c3ccccc3)c3ccc(N(c4ccccc4)c4ccccc4)cc3)cc2)c2cc3c(cc12)OC(c1ccc(-c2ccc(-c4ccc(C=Cc5ccccc5)s4)s2)cc1)=CC3)N(c1ccccc1)c1ccccc1,0.0000000,0.0000,0.0000000,0.0000,0.0000000,0.0000,0.0000000,0.0000,"['C(=[O,S])[O,S]']",33
52.3315,71.1087,-51.2932,0.1548081,CCCCCCOc1ccc2nc(N(c3ccc(N4CCOCC4)c(Nc4ncc(N)c5ccccc45)c3)c3ccc4c(c3)OCO4)sc2c1,1,c1ccc2c(Nc3cc(N(c4ccc5c(c4)OCO5)c4nc5ccccc5s4)ccc3N3CCOCC3)nccc2c1,0.1520122,381.3372,0.1209118,0.1209,0.5330327,3.1459,1.0000000,1.0000,[],33
68.7133,82.2466,-82.2466,0.0000000,c1c2c3n(ccc2ccc1)c1c(c(c2c(n1CC(N(CCCC)CCCC)=O)c1c(c(c4c5c(cccc5)c(c4c1N=c32)Cl)Cl)Cl)Cl)=O,0,,0.0000000,0.0000,0.0000000,0.0000,0.0000000,0.0000,0.0000000,0.0000,None,33
37.1708,51.8413,61.8891,0.8885187,CCCCCCN1c2cc(N(c3ccccc3)c3ccccc3)ccc2Oc2cc(C=Cc3ccc(N(c4ccccc4)c4ccccc4)cc3)c(N(CCCC)CCCC)cc21,1,C(=Cc1ccc2c(c1)Oc1ccc(N(c3ccccc3)c3ccccc3)cc1N2)c1ccc(N(c2ccccc2)c2ccccc2)cc1,0.9807596,442.6837,0.0562119,0.0562,0.5121139,3.3460,1.0000000,1.0000,[],33
53.5676,71.1517,39.9048,0.8676286,Cc1ccc(C2C3=C(c4ccc(N(c5ccccc5)c5ccccc5)cc4)C(=C(C#N)N(c4cccc(-c5ccc(C#N)cc5)c4)C3)N2c2ccc(C#N)cc2)cc1C,1,C1=C2C(c3ccc(N(c4ccccc4)c4ccccc4)cc3)=C(CN1c1cccc(-c3ccccc3)c1)C(c1ccccc1)N2c1ccccc1,0.9314063,428.3214,0.1534726,0.1535,0.4013614,4.5645,1.0000000,1.0000,[],33
30.2989,45.8970,-18.7488,0.2120952,CCN(CC)c1ccc2c(=O)c3cc(-c4ccc(N(c5ccc(-c6ccccc6)cc5)c5ccc(-c6ccc(N(c7ccccc7)c7ccccc7)cc6)cc5)cc4)c(N(CC)CC)cc3oc2c1,1,O=c1c2ccccc2oc2ccc(-c3ccc(N(c4ccc(-c5ccccc5)cc4)c4ccc(-c5ccc(N(c6ccccc6)c6ccccc6)cc5)cc4)cc3)cc12,0.2134196,385.8373,0.0955302,0.0955,0.5220348,3.2501,1.0000000,1.0000,[],33
39.7257,48.4416,-48.4416,0.0000000,C(=NNc1nc2c(c(N3CCc4ccccc43)n1)CCCC2)c1ccc(N2c3ccccc3Sc3ccccc32)cc1,1,C(=NNc1nc2c(c(N3CCc4ccccc43)n1)CCCC2)c1ccc(N2c3ccccc3Sc3ccccc32)cc1,0.0000000,0.0000,0.0000000,0.0000,0.0000000,0.0000,0.0000000,0.0000,['[#7;!n][#7;!n]'],33
91.7876,123.6026,-123.6026,0.0000000,CCCCCCCCOc1ccc(-c2nc3c(C(N)=O)cc(C(C)(C)C)cn3c(=O)c2C=CC(=NN(C(=O)c2ccc(N(c3ccccc3)c3ccccc3)cc2)C2=C(Cl)C(=O)C(CC(=O)c3ccc(N(c4ccccc4)c4ccccc4)cc3)C2)c2ccc(N(c3ccccc3)c3ccccc3)cc2)cc1,1,O=C(CC1CC(N(N=C(C=Cc2c(-c3ccccc3)nc3ccccn3c2=O)c2ccc(N(c3ccccc3)c3ccccc3)cc2)C(=O)c2ccc(N(c3ccccc3)c3ccccc3)cc2)=CC1=O)c1ccc(N(c2ccccc2)c2ccccc2)cc1,0.0000000,0.0000,0.0000000,0.0000,0.0000000,0.0000,0.0000000,0.0000,['[#7;!n][#7;!n]'],33
40.8995,59.5154,-8.1190,0.4015339,CCCCN1C(=Cc2ccc3c(c2)c2cc(-c4ccc(C=C(c5ccccc5)c5ccccc5)s4)ccc2n3C2CCCCC2)CC(=O)Nc2ccccc21,1,O=C1CC(=Cc2ccc3c(c2)c2cc(-c4ccc(C=C(c5ccccc5)c5ccccc5)s4)ccc2n3C2CCCCC2)Nc2ccccc2N1,0.4112853,396.1060,0.1601515,0.1602,0.5099368,3.3673,1.0000000,1.0000,[],33
54.5936,57.5280,-57.5280,0.0000000,CCCOC(=O)C(=O)NC(c1ccccc1)C1CN(c2ccc(OC)cc2)N=C1c1c2ccccc2cc2ccccc12,1,c1ccc(CC2CN(c3ccccc3)N=C2c2c3ccccc3cc3ccccc23)cc1,0.0000000,0.0000,0.0000000,0.0000,0.0000000,0.0000,0.0000000,0.0000,"['[#7;!n][#7;!n]', 'C(=[O,S])[O,S]']",33
51.7578,71.1875,44.8817,0.9067905,Cc1ccc(N(c2ccc(C=Cc3ccc4sc5ccccc5c4c3)cc2)c2ccc3c(c2)CN(c2ccc(N=Nc4ccc(N(c5ccccc5)c5ccccc5)c5ccccc45)cc2)CCC3=O)cc1,1,O=C1CCN(c2ccc(N=Nc3ccc(N(c4ccccc4)c4ccccc4)c4ccccc34)cc2)Cc2cc(N(c3ccccc3)c3ccc(C=Cc4ccc5sc6ccccc6c5c4)cc3)ccc21,0.9871068,472.8999,0.0957502,0.0958,0.4691812,3.7838,1.0000000,1.0000,[],34
62.2292,78.7782,-78.7782,0.0000000,c1(=O)c2n3c(cc2cc2c(cc(N=Nc4c5ccccc5c(N(c5ccccc5)c5ccccc5)cc4)c(C#N)c2C(=O)C#N)c1)ccc3N1CCCCC1,0,,0.0000000,0.0000,0.0000000,0.0000,0.0000000,0.0000,0.0000000,0.0000,None,34
47.0358,50.9562,67.9410,0.9288842,CCN(CC)c1ccc(NC(C)=O)c(N=Nc2cc(C#N)c(N)nc2-c2ncoc2C)c1,1,c1ccc(N=Nc2cccnc2-c2cocn2)cc1,0.9583099,485.9632,0.5135409,0.5135,0.5136665,3.3309,1.0000000,1.0000,[],34
78.1500,109.9439,7.3305,0.9162056,N#Cc1cc2cc(C(O)c3ccc(-c4ccc5c(c4)[nH]c4ccc(N6CC(c7ccc(N(c8ccccc8)c8ccccc8)cc7)c7c6cc(-c6ccc(C=Cc8nc9ccccc9s8)s6)c6ccccc76)cc45)cc3)ccc2c2ccccc12,1,C(=Cc1nc2ccccc2s1)c1ccc(-c2cc3c(c4ccccc24)C(c2ccc(N(c4ccccc4)c4ccccc4)cc2)CN3c2ccc3[nH]c4cc(-c5ccc(Cc6ccc7c(ccc8ccccc87)c6)cc5)ccc4c3c2)s1,0.9944738,456.3791,0.1262027,0.1262,0.3650572,5.0385,1.0000000,1.0000,[],34
34.4539,42.4687,-42.4160,0.0004115,CCCCCCOc1ccc(-c2csc(C3NC(=O)N(C)C(N)=C3C#N)c2)cc1,1,O=C1NC=CC(c2cc(-c3ccccc3)cs2)N1,0.0002811,311.2235,0.6136506,0.6137,0.5231510,3.2394,1.0000000,1.0000,[],34
61.4862,89.7959,-89.7959,0.0000000,c1(OCC)c2c(c3c(c2O)c2c(c(c3-c3ccc(cc3)C=Cc3ccc(N(c4ccccc4)c4ccccc4)cc3)C#N)-c3c(cc(cc3)C=Cc3ccc(cc3)C=C(C#N)C(=O)O)C2=O)cc2c1cccc2,0,,0.0000000,0.0000,0.0000000,0.0000,0.0000000,0.0000,0.0000000,0.0000,None,34
34.1077,52.9071,60.6131,0.8868767,Cc1ccc(N(c2ccc(C=Cc3cc(C)c(-c4ccc(N(c5ccc(C)cc5)c5ccc(C)cc5)cc4)s3)cc2)c2ccc(C=Cc3cc4ccc(N(c5ccccc5)c5ccccc5)cc4s3)cc2)cc1,1,C(=Cc1ccc(-c2ccc(N(c3ccccc3)c3ccccc3)cc2)s1)c1ccc(N(c2ccccc2)c2ccc(C=Cc3cc4ccc(N(c5ccccc5)c5ccccc5)cc4s3)cc2)cc1,0.9596730,434.4132,0.1075011,0.1075,0.4956630,3.5093,1.0000000,1.0000,[],34
28.0251,48.4037,24.1223,0.5666094,CCC(=O)N(C(=O)c1cccs1)c1ccc(N(c2ccc(N(c3ccccc3)c3ccccc3)cc2)c2ccc(N(c3ccccc3)c3ccccc3)cc2)cc1,1,O=C(Nc1ccc(N(c2ccc(N(c3ccccc3)c3ccccc3)cc2)c2ccc(N(c3ccccc3)c3ccccc3)cc2)cc1)c1cccs1,0.5943292,404.1463,0.1240872,0.1241,0.5718901,2.7940,1.0000000,1.0000,[],34
38.9228,35.1410,-35.1410,0.0000000,COc1ccc(C=C2C(=O)Oc3cc(OC(=O)c4ccc(C)cc4)ccc3C2=O)c(OC)c1OC,1,O=C1Oc2cc(OC(=O)c3ccccc3)ccc2C(=O)C1=Cc1ccccc1,0.0000000,0.0000,0.0000000,0.0000,0.0000000,0.0000,0.0000000,0.0000,"['C(=[O,S])[O,S]']",34
25.8985,34.2239,-31.4603,0.0215904,Brc1cc(Br)c2c(Br)c(-c3sc(Br)c(Br)c3Br)sc2c1,1,c1csc(-c2cc3ccccc3s2)c1,0.0187293,357.0183,0.2392100,0.2392,0.5011891,3.4539,1.0000000,1.0000,[],34
44.6061,55.3801,-55.3801,0.0000000,Cc1cccc(C2=NN(C)C(Oc3ccc(N(c4ccccc4)c4ccccc4)cc3)c3c2oc2ccc(Cl)cc2c3=O)c1,1,O=c1c2c(oc3ccccc13)C(c1ccccc1)=NNC2Oc1ccc(N(c2ccccc2)c2ccccc2)cc1,0.0000000,0.0000,0.0000000,0.0000,0.0000000,0.0000,0.0000000,0.0000,['[#7;!n][#7;!n]'],34
38.3906,41.5391,-41.2610,0.0021726,CCCCCCCCCCOc1cccc(NC(=O)NC(=O)c2ccc(C3C=CC=CC3)cc2)c1,1,O=C(NC(=O)c1ccc(C2C=CC=CC2)cc1)Nc1ccccc1,0.0016559,330.4937,0.2914232,0.2914,0.5597404,2.9014,1.0000000,1.0000,[],34
71.4117,92.0336,-92.0336,0.0000000,C(Nc1ncc2c(c3ccccc3oc-21)=O)CNc1ccc(cc1)N(c1ccc(-c2ccc(N(c3ccccc3)c3ccccc3)cc2)cc1)c1ccc(cc1)-c1c2ccccc2c(-c2ccc(s2)C=C(C#N)c2cc3OCOc3cc2)c2c1cccc2,0,,0.0000000,0.0000,0.0000000,0.0000,0.0000000,0.0000,0.0000000,0.0000,None,34
57.5133,81.4013,-78.4244,0.0232573,CCCCNc1nc(NC(=S)Nc2cccc(Cl)c2)nc2sc(-c3ccc(N(c4ccccc4)c4ccccc4)cc3)c(Cc3ccc4nc(Nc5ccccc5)sc4c3)c12,1,S=C(Nc1ccccc1)Nc1ncc2c(Cc3ccc4nc(Nc5ccccc5)sc4c3)c(-c3ccc(N(c4ccccc4)c4ccccc4)cc3)sc2n1,0.0211198,358.3490,0.0629878,0.0630,0.5085158,3.3813,1.0000000,1.0000,[],34
36.3504,46.3895,71.0385,0.9174061,Nc1c2ccccc2c(-c2ccnc3ccc(N(c4ccccc4)c4ccccc4)cc23)c2ccc(N(c3ccccc3)c3ccccc3)cc12,1,c1ccc(N(c2ccccc2)c2ccc3c(-c4ccnc5ccc(N(c6ccccc6)c6ccccc6)cc45)c4ccccc4cc3c2)cc1,0.9834915,444.3766,0.1371949,0.1372,0.5827338,2.7001,1.0000000,1.0000,[],34
43.5735,51.7820,-50.6727,0.0086664,O=C(c1ccc([N+](=O)[O-])cc1)c1c(-c2ccccc2)nc2ccccc2c1-c1ccc(C(=O)c2cc3ccccc3c3ccccc23)cc1,1,O=C(c1ccccc1)c1c(-c2ccccc2)nc2ccccc2c1-c1ccc(C(=O)c2cc3ccccc3c3ccccc23)cc1,0.0074070,346.8218,0.0753090,0.0753,0.5869970,2.6637,1.0000000,1.0000,[],34
54.8561,65.6191,-12.5096,0.4149181,CCCCCCc1c2c(c(-c3ccc4cc(-c5ccc(N(c6ccccc6)c6ccccc6)cc5)c(CCCC)cc4c3)c3ccccc13)C=N2,1,C1=Nc2cc3ccccc3c(-c3ccc4cc(-c5ccc(N(c6ccccc6)c6ccccc6)cc5)ccc4c3)c21,0.4300354,396.9414,0.1122029,0.1122,0.5390954,3.0893,1.0000000,1.0000,[],34
73.9418,82.1598,-82.1598,0.0000000,c1(cccc2c1nc(c(n2)-c1ccc(cc1)C(C=C)=Cc1c2oc3ccccc3c2c2ccccc21)[N+]#[C-])-c1cc2nc3ccccc3c(-c3cc4c(cc3)cccc4)n2c1,0,,0.0000000,0.0000,0.0000000,0.0000,0.0000000,0.0000,0.0000000,0.0000,None,34
71.7526,91.4607,-91.4607,0.0000000,CCCCCCCCCCc1ccc(C2=C3c4cc(-c5ccc(CCCCCC)cc5)ccc4-c4ccc(cc43)-c3cc4c5c(cc-4c(s3)C=C(c3ccc4c(c3)cc(C#N)c3ccccc34)c3ccccc32)CCCC5)cc1,1,C1=C(c2ccc3c(ccc4ccccc43)c2)c2ccccc2C(c2ccccc2)=C2c3cc(-c4ccccc4)ccc3-c3ccc(cc32)-c2cc3c4c(cc-3c1s2)CCCC4,0.0000000,0.0000,0.0000000,0.0000,0.0000000,0.0000,0.0000000,0.0000,['[*;r{8-17}]'],34
47.5102,52.6087,42.8705,0.7459310,CCN(C1=C(c2nc(-c3ccc(N4CCCC4)cc3)cs2)C=C(c2ccccc2)CC1)c1ccc(C)cc1,1,C1=C(c2ccccc2)CCC(Nc2ccccc2)=C1c1nc(-c2ccc(N3CCCC3)cc2)cs1,0.7771950,413.5651,0.2440500,0.2440,0.5669432,2.8375,1.0000000,1.0000,[],34
35.4709,48.9982,56.3470,0.8230095,N#Cc1sc2nc3ccccc3c(-c3ccc(N(c4ccccc4)c4ccccc4)cc3)c(=S)c2c1-c1ccccc1,1,S=c1c(-c2ccc(N(c3ccccc3)c3ccccc3)cc2)c2ccccc2nc2scc(-c3ccccc3)c12,0.8683817,499.5151,0.1920602,0.1921,0.5705952,2.8054,1.0000000,1.0000,[],34
80.7295,113.5014,-113.5014,0.0000000,[C-]#[N+]c1cc2c(cc1N(c1ccccc1)c1ccccc1)NC(=O)c1nc(N3CCC(CN4COC5(CC(c6ccc(N(C)C)cc6)N6C(=O)CCC=C(C5=O)C6c5ccc(N(C)C)cc5)C4)CC3)ccc1C(Cl)=N2,1,O=C1Nc2cc(N(c3ccccc3)c3ccccc3)ccc2N=Cc2ccc(N3CCC(CN4COC5(CC(c6ccccc6)N6C(=O)CCC=C(C5=O)C6c5ccccc5)C4)CC3)nc21,0.0000000,0.0000,0.0000000,0.0000,0.0000000,0.0000,0.0000000,0.0000,['[*;r{8-17}]'],34
59.9580,67.4291,-64.7218,0.0211510,Nc1cccc(C2=C(c3ccccc3)CCC(Oc3cccc(N(c4ccc(-c5cccc6c5oc5ccccc56)cc4)c4cccc5sc6ccccc6c45)c3)=N2)c1,1,c1ccc(C2=C(c3ccccc3)N=C(Oc3cccc(N(c4ccc(-c5cccc6c5oc5ccccc56)cc4)c4cccc5sc6ccccc6c45)c3)CC2)cc1,0.0185512,356.9126,0.1636604,0.1637,0.4987836,3.4779,1.0000000,1.0000,[],34
48.8725,69.8178,-69.8178,0.0000000,CCCCCCCCCCCCCCN(C(=O)OC(C)(C)C)c1ccc(-c2ccc3nc(-c4ccc(N(c5ccccc5)c5ccccc5)cc4)c(-c4ccc(N(c5ccc(C)cc5)c5ccc(OC)cc5)cc4)nc3c2)cc1,1,c1ccc(-c2ccc3nc(-c4ccc(N(c5ccccc5)c5ccccc5)cc4)c(-c4ccc(N(c5ccccc5)c5ccccc5)cc4)nc3c2)cc1,0.0000000,0.0000,0.0000000,0.0000,0.0000000,0.0000,0.0000000,0.0000,"['C(=[O,S])[O,S]']",34
34.4537,41.0434,52.5500,0.7311988,Cc1ccc(N(c2ccc(C(C)(C)C)cc2)c2cc(C(=O)C(F)(F)F)ccc2-c2ccc(N(c3ccccc3)c3ccccc3)cc2)cc1,1,c1ccc(N(c2ccccc2)c2ccc(-c3ccccc3N(c3ccccc3)c3ccccc3)cc2)cc1,0.7723200,413.2618,0.1526339,0.1526,0.5700670,2.8100,1.0000000,1.0000,[],34
48.3637,50.6122,-47.4605,0.0246231,c1ccc(-c2nc3cccc(-c4ccc(-c5ccc(-c6ccc(N(c7ccc8ccccc8c7)c7cc8ccccc8c8ccccc78)cc6)cc5)c5ccccc45)c3s2)cc1,1,c1ccc(-c2nc3cccc(-c4ccc(-c5ccc(-c6ccc(N(c7ccc8ccccc8c7)c7cc8ccccc8c8ccccc78)cc6)cc5)c5ccccc45)c3s2)cc1,0.0217965,358.6989,0.1491761,0.1492,0.5410256,3.0714,1.0000000,1.0000,[],34
61.1679,80.9152,28.6455,0.8559429,Cc1ccc(N(c2ccccc2)c2ccc(-c3ccc4c(-c5ccc(F)cc5)c5c(cc(-c6ccc(C#N)cc6)c6ccc(N(c7ccc(C)cc7)c7ccc(F)cc7)cc65)c(NC(=C(C#N)C#N)c5c(F)c(F)c(F)c(F)c5F)c4c3)cc2)cc1,1,C=C(Nc1c2cc(-c3ccc(N(c4ccccc4)c4ccccc4)cc3)ccc2c(-c2ccccc2)c2c1cc(-c1ccccc1)c1ccc(N(c3ccccc3)c3ccccc3)cc12)c1ccccc1,0.9630206,484.6081,0.0327357,0.0327,0.4236591,4.2941,1.0000000,1.0000,[],34
45.0468,68.4799,-68.4799,0.0000000,CC[n+]1c(C=Cc2ccc(N(c3ccc(C)cc3)c3ccc4c5ccn(c5-c5c(-c6ccc(N(c7ccccc7)c7ccccc7)cc6)sc6ccc(N(c7ccccc7)c7ccccc7)cc56)c4c3)cc2)sc2ccccc21,1,C(=Cc1[nH+]c2ccccc2s1)c1ccc(N(c2ccccc2)c2ccc3c4ccn(c4-c4c(-c5ccc(N(c6ccccc6)c6ccccc6)cc5)sc5ccc(N(c6ccccc6)c6ccccc6)cc45)c3c2)cc1,0.0000000,0.0000,0.1011208,0.1011,0.3873206,4.7425,1.0000000,1.0000,[],34
38.9772,53.4752,-6.7819,0.3647917,COc1c(-c2ccc(N(c3ccccc3)c3ccccc3)cc2)c2cc(N(c3ccccc3)c3ccc(-c4ccccc4)cc3)ccc2c2oc3cc4ccccc4cc3c12,1,c1ccc(-c2ccc(N(c3ccccc3)c3ccc4c(c3)c(-c3ccc(N(c5ccccc5)c5ccccc5)cc3)cc3c5cc6ccccc6cc5oc43)cc2)cc1,0.3723446,394.3306,0.1457526,0.1458,0.5456685,3.0287,1.0000000,1.0000,[],34
49.4326,74.0467,-32.7339,0.3227560,COc1ccc(-c2c(C#N)c(OC)c(C3CCC(=O)N3Cc3ccc(N(c4ccccc4)c4ccccc4)cc3)c3sc(-c4ccc(N(c5ccccc5)c5ccccc5)cc4)cc23)cc1,1,O=C1CCC(c2ccc(-c3ccccc3)c3cc(-c4ccc(N(c5ccccc5)c5ccccc5)cc4)sc23)N1Cc1ccc(N(c2ccccc2)c2ccccc2)cc1,0.3310691,392.3634,0.1149070,0.1149,0.4540056,3.9482,1.0000000,1.0000,[],34
45.8659,52.4525,-21.2465,0.2437969,CCCCCCCCCCCCCCCCCCCCN1CCN(CC(COC(c2ccccc2)(c2ccccc2)c2ccc(C=Cc3ccc([N+](=O)[O-])cc3)cc2)OCc2ccc(C)cc2)CC1,1,C(=Cc1ccc(C(OCC(CN2CCNCC2)OCc2ccccc2)(c2ccccc2)c2ccccc2)cc1)c1ccccc1,0.2634746,388.8388,0.0137253,0.0137,0.4571278,3.9140,1.0000000,1.0000,[],34
50.1049,71.1930,-31.1891,0.3125309,COc1ccc(-c2c3ccccc3c(C3N(c4ccc(C#N)c5ccccc45)C(=O)C34CCC(C#N)(Nc3ccccc3)C4)c3ccccc23)cc1,1,O=C1N(c2cccc3ccccc23)C(c2c3ccccc3c(-c3ccccc3)c3ccccc23)C12CCC(Nc1ccccc1)C2,0.3188509,391.7586,0.1400819,0.1401,0.4024029,4.5515,1.0000000,1.0000,[],34
57.2227,73.9918,39.6539,0.8878571,CCCCCCCCN(CCCCCCCC)c1c2cc(N=C(c3ccc(C)cc3)c3ccc(N(c4ccccc4)c4ccccc4)cc3)ccc2nc2c(S(=O)(=O)c3ccc(Cl)cc3Cl)cccc12,1,O=S(=O)(c1ccccc1)c1cccc2cc3cc(N=C(c4ccccc4)c4ccc(N(c5ccccc5)c5ccccc5)cc4)ccc3nc12,0.9952060,457.9304,0.0362893,0.0363,0.4749177,3.7231,1.0000000,1.0000,[],34
63.3029,80.2055,-80.2055,0.0000000,c12c3c(cc(-c4ccc(cc4)C)c1C(=O)N(c1ccc(OC)cc1)C1c4ccc(cc4Oc4cc(ccc41)OC)OC)cc(cc3)OCC(C)C#N,0,,0.0000000,0.0000,0.0000000,0.0000,0.0000000,0.0000,0.0000000,0.0000,None,34
56.0046,72.4305,-72.4305,0.0000000,Cn1c2c(CCC)cc(CN3CCC(c4c5c(ccc(-c6ncccc6)n5)cc4)NC3=O)cc2c(-c2ccc(N(c3ccccc3)c3ccccc3)cc2)n1,0,,0.0000000,0.0000,0.0000000,0.0000,0.0000000,0.0000,0.0000000,0.0000,None,34
43.9470,56.4455,-56.4455,0.0000000,COc1cc2c(cc1)n(C1(C(=O)NC(=O)CC1)C)c1c2c(cc(-c2cc3c(cccc3)cc2)n1)=O,0,,0.0000000,0.0000,0.0000000,0.0000,0.0000000,0.0000,0.0000000,0.0000,None,34
38.4317,56.8728,-56.8728,0.0000000,Cc1ccc(C(=O)Oc2ccc(C=NNC(=O)c3ccc(N(c4ccc(C)cc4)c4ccc(C)cc4)c4ccc(N(c5ccccc5)c5ccc(C)cc5)cc34)cc2)cc1,1,O=C(Oc1ccc(C=NNC(=O)c2ccc(N(c3ccccc3)c3ccccc3)c3ccc(N(c4ccccc4)c4ccccc4)cc23)cc1)c1ccccc1,0.0000000,0.0000,0.0000000,0.0000,0.0000000,0.0000,0.0000000,0.0000,"['[#7;!n][#7;!n]', 'C(=[O,S])[O,S]']",34
38.7493,49.3150,68.6173,0.9213461,CC1(C)CCCC2(C)c3c(O)c(O)c(O)c(N=Nc4ccc(N(c5ccccc5)c5ccccc5)cc4)c3CC12,1,c1ccc(N(c2ccccc2)c2ccc(N=Nc3cccc4c3CC3CCCCC43)cc2)cc1,0.9850488,445.4695,0.1760953,0.1761,0.4605501,3.8767,1.0000000,1.0000,[],34
52.8746,76.3328,37.1328,0.8864500,Cc1ccc(N(c2ccc(C)cc2)c2ccc(-c3cccc(C)c3[N+](=O)[O-])c(-c3ccc(N(c4ccc(C)cc4)c4ccc(C)cc4)c4sc5c6ccc(N(c7ccccc7)c7ccccc7)cc6c6cc(C#N)ccc6c5c34)c2)cc1,1,c1ccc(-c2ccc(N(c3ccccc3)c3ccccc3)cc2-c2ccc(N(c3ccccc3)c3ccccc3)c3sc4c5ccc(N(c6ccccc6)c6ccccc6)cc5c5ccccc5c4c23)cc1,0.9750195,439.7853,0.0689210,0.0689,0.4436643,4.0634,1.0000000,1.0000,[],34
57.5162,77.0701,32.8760,0.8589536,CCN1c2cc3cc(N(c4ccccc4)c4ccccc4)ccc3cc2S(=O)(=O)c2c1cc1c(c(=O)c2Oc2ccccc2)N(c2ccc(O)cc2)CS1,1,O=c1c(Oc2ccccc2)c2c(cc3c1N(c1ccccc1)CS3)Nc1cc3cc(N(c4ccccc4)c4ccccc4)ccc3cc1S2(=O)=O,0.9144630,494.2747,0.1710841,0.1711,0.4934893,3.5313,1.0000000,1.0000,[],34
51.4314,71.2349,-16.6893,0.4261376,c1ccc(N(c2ccccc2)c2ccc3c(c2)N(c2ccc4c(c2)C2(c5ccccc5-c5ccc(N(c6ccccc6)c6ccccc6)cc52)c2ccccc2-c2cc(N(c5ccccc5)c5ccccc5)sc2-4)c2cc(N(c4ccccc4)c4ccccc4)c4ccccc4c2CC3)cc1,1,c1ccc(N(c2ccccc2)c2ccc3c(c2)N(c2ccc4c(c2)C2(c5ccccc5-c5ccc(N(c6ccccc6)c6ccccc6)cc52)c2ccccc2-c2cc(N(c5ccccc5)c5ccccc5)sc2-4)c2cc(N(c4ccccc4)c4ccccc4)c4ccccc4c2CC3)cc1,0.4463682,397.6618,0.1140138,0.1140,0.3401198,5.3923,1.0000000,1.0000,[],34
50.3100,63.8982,-63.8982,0.0000000,C(C(CC1C=C2c3c(cccc3)CCC=2C=C1c1ccc(cc1)N(c1ccccc1)c1ccc(cc1)OC)c1ccc(cc1)N(c1ccccc1)c1ccccc1)C=Cc1sc2ccccc2c1,0,,0.0000000,0.0000,0.0000000,0.0000,0.0000000,0.0000,0.0000000,0.0000,None,34
33.3250,51.7707,56.8887,0.8489016,C(=Cc1ccc(-c2ccc(N(c3ccccc3)c3ccccc3)cc2)s1)c1ccc(N(c2ccccc2)c2ccc(-c3ccc4c(-c5ccccc5)c(-c5ccc(N(c6ccccc6)c6ccccc6)cc5)c5ccccc5c4c3)cc2)cc1,1,C(=Cc1ccc(-c2ccc(N(c3ccccc3)c3ccccc3)cc2)s1)c1ccc(N(c2ccccc2)c2ccc(-c3ccc4c(-c5ccccc5)c(-c5ccc(N(c6ccccc6)c6ccccc6)cc5)c5ccccc5c4c3)cc2)cc1,0.9201685,426.5423,0.0947559,0.0948,0.4946041,3.5200,1.0000000,1.0000,[],34
70.2228,92.4222,23.5033,0.9056679,Cc1ccc(N(c2ccc(-c3ccc(OC4(c5ccc(N(c6ccccc6)c6ccccc6)cc5)CCc5ccccc54)c4c(=O)cc(C(F)=C(C#N)c5ccccc5F)sc34)cc2)c2ccc(N(c3ccccc3)c3ccccc3)cc2)cc1,1,O=c1cc(C=Cc2ccccc2)sc2c(-c3ccc(N(c4ccccc4)c4ccc(N(c5ccccc5)c5ccccc5)cc4)cc3)ccc(OC3(c4ccc(N(c5ccccc5)c5ccccc5)cc4)CCc4ccccc43)c12,0.9902477,469.8341,0.0953639,0.0954,0.3815412,4.8177,1.0000000,1.0000,[],34
32.9919,32.8714,-32.8714,0.0000000,C1[C@H]2CC(c3ccc(Cl)cc3)=NO2c2ccccc2N1C(C)=O,0,,0.0000000,0.0000,0.0000000,0.0000,0.0000000,0.0000,0.0000000,0.0000,None,34
67.4896,86.2094,-86.2094,0.0000000,c1cc2c(cc1)nc(Sc1cccc(c1)-c1c3c(cc(cc3)N(c3ccccc3)c3ccccc3)c(-c3cc(C)cc(C)c3)nc1-c1ccc(N(c3ccccc3)c3ccccc3)cc1)n2-c1ccc(cc1)-c1cc2c3c4c(cccc4ccc3)cc2c2ccccc12,0,,0.0000000,0.0000,0.0000000,0.0000,0.0000000,0.0000,0.0000000,0.0000,None,34
34.0191,50.2566,65.6992,0.9059044,COc1ccc(N(c2ccccc2)c2ccc(C=CC(=O)CCS(=O)(=O)c3ccc(C#N)c4ccccc34)cc2)cc1,1,O=C(C=Cc1ccc(N(c2ccccc2)c2ccccc2)cc1)CCS(=O)(=O)c1cccc2ccccc12,0.9658527,436.2889,0.1599085,0.1599,0.5821618,2.7050,1.0000000,1.0000,[],34
53.9586,63.8927,-63.8927,0.0000000,Cc1ccc(N(c2ccc(-c3ccc(C4C(=O)C=Cc5ccc6sc7ccccc7c6c5C=C4N(c4ccccc4)c4ccccc4)cc3)cc2)c2ccc([N+](=O)[O-])cc2)cc1,1,O=C1C=Cc2ccc3sc4ccccc4c3c2C=C(N(c2ccccc2)c2ccccc2)C1c1ccc(-c2ccc(N(c3ccccc3)c3ccccc3)cc2)cc1,0.0000000,0.0000,0.0000000,0.0000,0.0000000,0.0000,0.0000000,0.0000,['[*;r{8-17}]'],34
61.3806,80.0622,35.5300,0.9030637,N#CC(=Cc1ccc(N(c2ccccc2)c2ccc3oc4ccc(-c5noc(C6=C(C7CC7)N(c7ccccc7)C6=O)n5)cc4c3c2)cc1)c1ccc(C#N)cc1,1,O=C1C(c2nc(-c3ccc4oc5ccc(N(c6ccccc6)c6ccc(C=Cc7ccccc7)cc6)cc5c4c3)no2)=C(C2CC2)N1c1ccccc1,0.9783539,441.3779,0.1058682,0.1059,0.5014318,3.4514,1.0000000,1.0000,[],34
49.4941,63.5984,40.6719,0.8146111,COc1ccc(N2c3ccccc3Sc3sc(N(C)c4ccccc4)cc32)cc1-c1ccc(C=Cc2ccc(N(c3ccc(C)cc3)c3ccccc3C)cc2)s1,1,C(=Cc1ccc(-c2cccc(N3c4ccccc4Sc4sc(Nc5ccccc5)cc43)c2)s1)c1ccc(N(c2ccccc2)c2ccccc2)cc1,0.8707137,420.7081,0.1368581,0.1369,0.5000722,3.4650,1.0000000,1.0000,[],34
64.8708,70.4347,-70.4347,0.0000000,Cc1ccc(N2C(=O)C(=NN=Cc3ccc4c5ccc(N(c6ccc(C)cc6)c6cccc(C)c6)cc5c5cc(C)ccc5c4c3)NC(=O)C2=S)cc1,1,O=C1NC(=NN=Cc2ccc3c4ccc(N(c5ccccc5)c5ccccc5)cc4c4ccccc4c3c2)C(=O)N(c2ccccc2)C1=S,0.0000000,0.0000,0.0000000,0.0000,0.0000000,0.0000,0.0000000,0.0000,['[#7;!n][#7;!n]'],34
34.0259,48.6708,30.5653,0.6190323,Cc1ccc(N(c2ccc(C)cc2)c2ccc3c(c2)OCc2cc4c(cc2-3)C(C)(C#N)c2cc(N(c3ccccc3)c3ccc(C)cc3)ccc2-4)cc1,1,c1ccc(N(c2ccccc2)c2ccc3c(c2)Cc2cc4c(cc2-3)COc2cc(N(c3ccccc3)c3ccccc3)ccc2-4)cc1,0.6477182,406.6124,0.1746575,0.1747,0.4803375,3.6663,1.0000000,1.0000,[],34
33.1061,29.2606,-29.2404,0.0001577,Cc1sc2nc(Cc3ccc(Cl)cc3Cl)nc(N)c2c1C,1,c1ccc(Cc2ncc3ccsc3n2)cc1,0.0001015,300.1617,0.7309479,0.7309,0.6250238,2.3498,1.0000000,1.0000,[],34
33.6856,34.3488,-34.2696,0.0006187,COc1ccc(Cl)cc1-c1noc(CN(C)CC(=O)Nc2cc(Cl)ccc2Cl)n1,1,O=C(CNCc1nc(-c2ccccc2)no1)Nc1ccccc1,0.0004314,315.8767,0.5522943,0.5523,0.6375852,2.2503,1.0000000,1.0000,[],34
37.6558,58.0362,9.9359,0.5310315,Cc1ccc(C(=Nc2ccc(-c3ccc(N(c4ccccc4)c4ccc(C)cc4)cc3)c(C)c2)c2ccc(N(c3ccc(C=Cc4ccc(N(c5ccccc5)c5ccccc5)cc4)cc3)c3ccc(N(c4ccccc4)c4ccccc4)cc3)cc2)cc1,1,C(=Cc1ccc(N(c2ccc(C(=Nc3ccc(-c4ccc(N(c5ccccc5)c5ccccc5)cc4)cc3)c3ccccc3)cc2)c2ccc(N(c3ccccc3)c3ccccc3)cc2)cc1)c1ccc(N(c2ccccc2)c2ccccc2)cc1,0.5692728,403.0280,0.0631535,0.0632,0.4760981,3.7107,1.0000000,1.0000,[],34
58.6470,80.1280,-80.1280,0.0000000,c1c(c2c(c3ccccc31)c1c(c(noc1c2C(C#N)(C#N)c1ccccc1)N)-c1ccc(cc1)N1CCCCC1)=C(C#N)C#N,0,,0.0000000,0.0000,0.0000000,0.0000,0.0000000,0.0000,0.0000000,0.0000,None,34
35.5205,36.4339,-36.4234,0.0000825,CCCCc1ccc(-c2ccc(-c3ccc(C(F)(F)CCOC4CCCCC4)cc3)cc2)cc1F,1,c1ccc(-c2ccc(-c3ccc(CCCOC4CCCCC4)cc3)cc2)cc1,0.0000529,293.0865,0.2808226,0.2808,0.6104882,2.4675,1.0000000,1.0000,[],34
52.3702,72.3425,-39.8680,0.2537065,CCCCCCCCc1cc(-c2ccc3c(N4CCCCC4)c4c5ccccc5n(-c5cccc(Cl)c5C)c4cc3c2)ccc1C=Cc1ccc(N(c2ccccc2)c2ccccc2)cc1,1,C(=Cc1ccc(N(c2ccccc2)c2ccccc2)cc1)c1ccc(-c2ccc3c(N4CCCCC4)c4c5ccccc5n(-c5ccccc5)c4cc3c2)cc1,0.2599521,388.6408,0.0750676,0.0751,0.4965582,3.5003,1.0000000,1.0000,[],34
44.0291,54.8498,45.2786,0.7822530,Clc1nc(-c2ccc(N(c3ccccc3)c3ccccc3)cc2)cc(-c2c3ccccc3c(C=Cc3cc4ccccc4o3)c3ccccc23)n1,1,C(=Cc1c2ccccc2c(-c2cc(-c3ccc(N(c4ccccc4)c4ccccc4)cc3)ncn2)c2ccccc12)c1cc2ccccc2o1,0.8351867,417.6198,0.1245009,0.1245,0.5493960,2.9947,1.0000000,1.0000,[],34
48.4813,73.4285,-73.4285,0.0000000,c1cc(ccc1-c1n2c(cc(s2)-c2ccc(OC)cc2)nc(c1-c1ccc(cc1)N(c1ccc(OC)cc1)c1ccccc1)-c1ccc(cc1)N(c1ccccc1)c1ccccc1)=Nc1ccc(OCCCCCC)cc1,0,,0.0000000,0.0000,0.0000000,0.0000,0.0000000,0.0000,0.0000000,0.0000,None,34
29.5946,28.2415,-28.1453,0.0007513,CCC(C)C(=O)Nc1ccccc1NC(=O)c1ccc(Br)cc1,1,O=C(Nc1ccccc1)c1ccccc1,0.0005230,317.9680,0.7969471,0.7969,0.6462284,2.1830,1.0000000,1.0000,[],34
61.8890,80.4410,-14.2282,0.5172876,CCCCCCOc1ccc(N(c2ccc(C)cc2)c2c3sc4ccccc4c3c(-c3ccc(C#N)cc3)c3c2sc2cc(-c4cc5cc6cc(-c7ccc(N)s7)sc6cc5s4)ccc23)cc1,1,c1ccc(-c2c3c(sc4ccccc43)c(N(c3ccccc3)c3ccccc3)c3sc4cc(-c5cc6cc7cc(-c8cccs8)sc7cc6s5)ccc4c23)cc1,0.5426500,401.8568,0.1239674,0.1240,0.4538882,3.9495,1.0000000,1.0000,[],34
33.1203,33.5488,-33.5469,0.0000148,O=C1C2CC=C(c3ccccc3)CC2C(=O)N1c1cccc(O)c1,1,O=C1C2CC=C(c3ccccc3)CC2C(=O)N1c1ccccc1,0.0000084,273.1021,0.8634509,0.8635,0.5552001,2.9421,1.0000000,1.0000,[],34
33.3409,45.6240,-45.6240,0.0000000,COC(=O)c1ccc(N(c2ccc(C=Cc3ccc(N(c4ccccc4)c4ccccc4)cc3)cc2)c2ccc(-c3ccc(-c4ccc(C=C(C#N)C#N)s4)s3)cc2)cc1,1,C(=Cc1ccc(N(c2ccccc2)c2ccc(-c3ccc(-c4cccs4)s3)cc2)cc1)c1ccc(N(c2ccccc2)c2ccccc2)cc1,0.0000000,0.0000,0.0000000,0.0000,0.0000000,0.0000,0.0000000,0.0000,"['C(=[O,S])[O,S]']",34
27.3094,27.5678,-27.3215,0.0019243,COc1ccc2[nH]c3c(c2c1)C(C)=CC(C)(C)N3,1,C1=Cc2c([nH]c3ccccc23)NC1,0.0014112,328.7552,0.7980568,0.7981,0.5681982,2.8264,1.0000000,1.0000,[],35
54.0821,69.0798,43.8793,0.8824934,CCCCCCCCOc1ccc(N=Cc2cccc(Nc3ncc(Nc4ccc5nc(-c6ccccc6)c(-c6ccccc6)nc5c4)cc3N)c2)cc1,1,C(=Nc1ccccc1)c1cccc(Nc2ccc(Nc3ccc4nc(-c5ccccc5)c(-c5ccccc5)nc4c3)cn2)c1,0.9668678,436.6279,0.0675675,0.0676,0.5445404,3.0391,1.0000000,1.0000,[],35
51.7982,66.3425,-65.2102,0.0088461,Cc1ccc(C(=O)c2c(-c3ccc(-c4cc(-c5ccc(C)cc5)nc(-c5ccc(C)cc5)c4)nc3)nc3nc(-c4ccc(C)cc4)c(-c4ccc(C)cc4)c(C)c3c2-c2ccc(C)cc2)cc1,1,O=C(c1ccccc1)c1c(-c2ccc(-c3cc(-c4ccccc4)nc(-c4ccccc4)c3)nc2)nc2nc(-c3ccccc3)c(-c3ccccc3)cc2c1-c1ccccc1,0.0074489,346.8835,0.1352111,0.1352,0.5207894,3.2620,1.0000000,1.0000,[],35
59.2162,77.7773,-36.1258,0.3254018,COc1ccc(-c2c(-c3ccccc3)nc3c(=Cc4[nH]c(C=Nc5ccc(-c6ccc(N(c7ccccc7)c7ccccc7)cc6)cc5[N+](=O)[O-])c(-c5ccc(-c6ccccc6)cc5)c4-c4ccccc4)c4cccnc4n23)cc1,1,C(=Nc1ccc(-c2ccc(N(c3ccccc3)c3ccccc3)cc2)cc1)c1[nH]c(C=c2c3cccnc3n3c(-c4ccccc4)c(-c4ccccc4)nc23)c(-c2ccccc2)c1-c1ccc(-c2ccccc2)cc1,0.3401052,527.1965,0.0659178,0.0659,0.4373813,4.1348,1.0000000,1.0000,[],35
34.2724,50.0784,-50.0784,0.0000000,n12c(=O)/c(=C/c3ccc(N(c4ccccc4)c4ccccc4)cc3)sc1nc(c(-c1c(cccc1)N(c1ccccc1)c1ccccc1)n2)C#N,0,,0.0000000,0.0000,0.0000000,0.0000,0.0000000,0.0000,0.0000000,0.0000,None,35
70.7530,96.1612,-45.6984,0.3942407,CCC1(C)c2cc3sc4cc(C)ccc4c3c(-c3ccc(N(c4ccc(C)cc4)c4ccc(C)cc4)cc3)c2-c2c(C)c(NS(=O)(=O)c3ccc(-c4ccc(C=Nc5ccc(C=Cc6ccc(N(c7ccccc7)c7ccccc7)cc6)cc5)cc4)cc3)c(C)c(C)c21,1,O=S(=O)(Nc1ccc2c(c1)-c1c(cc3sc4ccccc4c3c1-c1ccc(N(c3ccccc3)c3ccccc3)cc1)C2)c1ccc(-c2ccc(C=Nc3ccc(C=Cc4ccc(N(c5ccccc5)c5ccccc5)cc4)cc3)cc2)cc1,0.4156894,396.3031,0.0773362,0.0773,0.3664152,5.0199,1.0000000,1.0000,[],35
43.5504,65.2654,50.0716,0.9010705,Cc1ccc(N(c2ccc(C)cc2)c2ccc(C=Cc3ccc(C=Cc4ccc(-c5ccc6c(-c7ccc(C(C)(C)C)cc7)sc(-c7cc(C(C)(C)C)c(C#N)s7)c6c5)cc4)cc3)cc2)cc1,1,C(=Cc1ccc(-c2ccc3c(-c4ccccc4)sc(-c4cccs4)c3c2)cc1)c1ccc(C=Cc2ccc(N(c3ccccc3)c3ccccc3)cc2)cc1,0.9709277,481.9073,0.1278876,0.1279,0.4856440,3.6114,1.0000000,1.0000,[],35
40.2441,54.9927,44.6813,0.7787035,Cc1ccc(-c2ccc(-c3nc(-c4ccc(-c5ccc(C=Cc6ccc(N(c7ccccc7)c7ccccc7)cc6)s5)cc4)nc(-c4ccc(-c5ccc(C)cc5)cc4-c4ccccc4)n3)cc2)cc1,1,C(=Cc1ccc(-c2ccc(-c3nc(-c4ccc(-c5ccccc5)cc4)nc(-c4ccc(-c5ccccc5)cc4-c4ccccc4)n3)cc2)s1)c1ccc(N(c2ccccc2)c2ccccc2)cc1,0.8324695,417.4069,0.1224470,0.1224,0.5238280,3.2330,1.0000000,1.0000,[],35
52.5210,72.7983,-72.7983,0.0000000,C=CC(=O)OCCOc1ccc(N(c2ccccc2)c2ccc(-c3ccc(N(c4ccc(OC=C(C#N)c5ccccc5)cc4)c4ccc(-c5sc6ccc7ccccc7c6c5-c5ccc(N(c6ccccc6)c6ccccc6)cc5)cc4)cc3)cc2)cc1,1,C(=Cc1ccccc1)Oc1ccc(N(c2ccc(-c3ccc(N(c4ccccc4)c4ccccc4)cc3)cc2)c2ccc(-c3sc4ccc5ccccc5c4c3-c3ccc(N(c4ccccc4)c4ccccc4)cc3)cc2)cc1,0.0000000,0.0000,0.0000000,0.0000,0.0000000,0.0000,0.0000000,0.0000,"['C(=[O,S])[O,S]']",35
53.5945,84.0645,-0.9437,0.6493814,Cc1ccc(N(c2ccc(C)cc2)c2ccc(-c3sc(NC(=O)C(=O)N4CCN(c5ccc(C=Cc6ccc(N(c7ccccc7)c7ccccc7)cc6)cc5)CC4)nc3-c3ccc(NC(=O)c4ccc(NC(=O)c5cc([N+](=O)[O-])cc([N+](=O)[O-])c5)cc4)cc3)cc2)cc1,1,O=C(Nc1nc(-c2ccc(NC(=O)c3ccc(NC(=O)c4ccccc4)cc3)cc2)c(-c2ccc(N(c3ccccc3)c3ccccc3)cc2)s1)C(=O)N1CCN(c2ccc(C=Cc3ccc(N(c4ccccc4)c4ccccc4)cc3)cc2)CC1,0.7208651,410.3010,0.0316443,0.0316,0.4231400,4.3003,1.0000000,1.0000,[],35
47.6479,67.9465,-35.2565,0.2553906,CCCCN(CCCC)c1ccc(N=C2C(C(C)(c3ccc(-c4cc5c6ccccc6sc5c5ccccc45)cc3)c3ccc(N(c4ccccc4)c4ccccc4)cc3)=CC(=O)c3ccccc32)cc1,1,O=C1C=C(C(c2ccc(-c3cc4c5ccccc5sc4c4ccccc34)cc2)c2ccc(N(c3ccccc3)c3ccccc3)cc2)C(=Nc2ccccc2)c2ccccc21,0.2599657,531.3584,0.1027382,0.1027,0.4306675,4.2121,1.0000000,1.0000,[],35
75.1323,86.4536,-86.4536,0.0000000,CCOc1ccc(N(c2ccc(C)cc2)c2ccc(C(=O)Oc3ccc(C)cc3N(c3ccc(Cl)c(Cl)c3)c3ccc(C=Cc4ccc(N(O)c5ccc(Cl)c(O)c5Cl)cc4)c(Cl)c3)cc2)cc1,1,O=C(Oc1ccccc1N(c1ccccc1)c1ccc(C=Cc2ccc(Nc3ccccc3)cc2)cc1)c1ccc(N(c2ccccc2)c2ccccc2)cc1,0.0000000,0.0000,0.0000000,0.0000,0.0000000,0.0000,0.0000000,0.0000,"['C(=[O,S])[O,S]']",35
38.6944,61.9633,-61.9633,0.0000000,COc1ccc(Nc2c(C=C3C(=O)OC(c4ccc(N(c5ccccc5)c5ccccc5)cc4)=C3C#N)sc3nc4cc(C)ccc4n23)cc1,1,O=C1OC(c2ccc(N(c3ccccc3)c3ccccc3)cc2)=CC1=Cc1sc2nc3ccccc3n2c1Nc1ccccc1,0.0000000,0.0000,0.0000000,0.0000,0.0000000,0.0000,0.0000000,0.0000,"['C(=[O,S])[O,S]']",35
39.2392,56.0829,-56.0829,0.0000000,CC1(C)c2cc(C=C(C(=O)Oc3ccc(-c4ccc(N(c5ccccc5)c5ccccc5)cc4)cc3)c3ccccc3)ccc2OC1c1ccc(N(c2ccccc2)c2ccccc2)cc1,1,O=C(Oc1ccc(-c2ccc(N(c3ccccc3)c3ccccc3)cc2)cc1)C(=Cc1ccc2c(c1)CC(c1ccc(N(c3ccccc3)c3ccccc3)cc1)O2)c1ccccc1,0.0000000,0.0000,0.0000000,0.0000,0.0000000,0.0000,0.0000000,0.0000,"['C(=[O,S])[O,S]']",35
65.6900,98.2416,-98.2416,0.0000000,CC1=CC(=O)C(C(=C1)c1cc2C(CC(=c2c2c1C=C(c1cc(OC)ccc1OC)CC2)C#N)(c1ccc(cc1)N(c1ccccc1)c1ccccc1)c1ccc(cc1)N(c1ccccc1)c1ccc(cc1)C)=O,0,,0.0000000,0.0000,0.0000000,0.0000,0.0000000,0.0000,0.0000000,0.0000,None,35
53.9052,70.1805,41.4263,0.8719278,COc1ccc(-c2cc3c(Cl)c4cc(-c5ocnc5C)ccc4n3c(C(N)=O)c2-c2ccc(N(c3ccccc3)c3ccccc3)cc2)cc1,1,c1ccc(-c2cc3cc4cc(-c5cnco5)ccc4n3cc2-c2ccc(N(c3ccccc3)c3ccccc3)cc2)cc1,0.9272320,427.6312,0.1733007,0.1733,0.5301240,3.1732,1.0000000,1.0000,[],35
42.4937,64.5000,-16.9206,0.3717134,Cc1ccc(N(c2ccc(C)cc2)c2ccc3c(c2)c2c(C#N)c(-c4ccc(Cl)cc4)oc2n3CC(=O)N2CC(C)OC(C)C2)cc1,1,O=C(Cn1c2ccc(N(c3ccccc3)c3ccccc3)cc2c2cc(-c3ccccc3)oc21)N1CCOCC1,0.3784712,394.6143,0.1809781,0.1810,0.4649580,3.8290,1.0000000,1.0000,[],35
43.1666,48.8637,-47.9897,0.0068276,Cc1ccc(P(c2ccc(F)cc2)c2c(F)c(F)c3c(F)c(F)ccc3c2-c2ccc(C(F)(F)F)cc2)cc1,1,c1ccc(-c2c(P(c3ccccc3)c3ccccc3)ccc3ccccc23)cc1,0.0056534,343.8693,0.1533453,0.1533,0.5015602,3.4502,1.0000000,1.0000,[],35
60.4518,88.3470,-88.3470,0.0000000,O=C(O)c1c2c(nc3c1C1(C(=Cc4c(cc5OCCN(c45)CC)C#N)C(C(c4c1cccc4)=O)=C(C#N)C#N)C#N3)cc(cc2)N(c1ccccc1)c1ccccc1,0,,0.0000000,0.0000,0.0000000,0.0000,0.0000000,0.0000,0.0000000,0.0000,None,35
29.9562,32.4375,-32.4375,0.0000000,c12c(c3ccccc3c(c2c2ccccc2c2c1cccc2)P(c1ccccc1)(c1ccccc1)=O)=O,0,,0.0000000,0.0000,0.0000000,0.0000,0.0000000,0.0000,0.0000000,0.0000,None,35
84.8811,101.5109,9.3168,0.8658418,CCOc1cc(N=Cc2ccc(N(c3ccccc3)c3ccc(C)cc3)cc2)c(C)c(C2c3c(O)c(N=Nc4ccccc4)cc(C)c3C(=O)C2C=C2C(=O)C(c3ccc(Cl)cc3)N(c3ccc(-c4ccc(C=Cc5ccc(N(c6ccccc6)c6ccccc6)cc5)cc4)cc3)C2=O)c1,1,O=C1c2ccc(N=Nc3ccccc3)cc2C(c2cccc(N=Cc3ccc(N(c4ccccc4)c4ccccc4)cc3)c2)C1C=C1C(=O)C(c2ccccc2)N(c2ccc(-c3ccc(C=Cc4ccc(N(c5ccccc5)c5ccccc5)cc4)cc3)cc2)C1=O,0.9860746,473.7475,0.0280737,0.0281,0.3081507,5.8858,1.0000000,1.0000,[],35
27.7795,32.2078,-14.9617,0.1347348,COc1cc(C=C(C#N)c2nc3ccc(C)cc3s2)cc(OC)c1OC,1,C(=Cc1nc2ccccc2s1)c1ccccc1,0.1243691,378.8098,0.6127765,0.6128,0.6225792,2.3694,1.0000000,1.0000,[],35
35.4457,37.3398,-36.4362,0.0070597,CC(C)NCc1cc2ccc(SC#N)cc2nc1Cl,1,c1ccc2ncccc2c1,0.0056135,343.7919,0.5261297,0.5261,0.5879673,2.6554,1.0000000,1.0000,[],35
77.3185,99.1869,15.1606,0.8933394,Cn1c2ccccc2c2c3oc4c(ccc[n+]4CC(=O)c4c(-c5ccc(N(c6ccccc6)c6ccccc6)cc5)c(C#N)c(N(c5ccccc5)c5ccccc5)c5cc([N+](=O)[O-])ccc45)c3c3c(=O)n(-c4ccccc4)[nH]c3c21,1,O=C(C[n+]1cccc2c3c(oc21)c1c2ccccc2[nH]c1c1[nH]n(-c2ccccc2)c(=O)c13)c1c(-c2ccc(N(c3ccccc3)c3ccccc3)cc2)cc(N(c2ccccc2)c2ccccc2)c2ccccc12,0.9916347,468.1533,0.0549797,0.0550,0.4109761,4.4461,1.0000000,1.0000,[],35
56.5538,89.9800,-89.9800,0.0000000,c1c2c(c3c(N(Cc4ccc(cc4)C=Cc4sc(cc4)C=Cc4sc(cc4)C=C(C#N)c4c5c(ccc4)c(c(C#N)c5-c4ccccc4)C#N)c4ccccc4)n(c3cc2)CC)ccc1N(c1ccccc1)c1ccccc1,0,,0.0000000,0.0000,0.0000000,0.0000,0.0000000,0.0000,0.0000000,0.0000,None,35
75.4362,79.0549,-42.1438,0.2883685,COc1cc(C(=O)Nc2ccc(C(=O)c3ccc(N(c4ccc5ccc(=O)[nH]c5n4)c4ccccc4C)cc3)cc2)cc2nc(C3CCCC3)cn12,1,O=C(Nc1ccc(C(=O)c2ccc(N(c3ccccc3)c3ccc4ccc(=O)[nH]c4n3)cc2)cc1)c1ccn2cc(C3CCCC3)nc2c1,0.2910669,390.3347,0.1459316,0.1459,0.5146465,3.3214,1.0000000,1.0000,[],35
61.6438,76.8091,37.3232,0.8916587,CCCCN(CCCC)c1ccc(C(=C(C#N)C#N)C(=C(c2ccc(N(c3ccc(C)cc3)c3ccc(C)cc3)cc2)N(c2ccccc2)c2ccccc2)S(=O)(=O)c2ccc(N(c3ccc(-c4ccccc4)cc3)c3ccc(F)cc3F)cc2)cc1,1,C=C(C(=C(c1ccc(N(c2ccccc2)c2ccccc2)cc1)N(c1ccccc1)c1ccccc1)S(=O)(=O)c1ccc(N(c2ccccc2)c2ccc(-c3ccccc3)cc2)cc1)c1ccccc1,0.9926998,466.6629,0.0489269,0.0489,0.4234071,4.2971,1.0000000,1.0000,[],35
39.3591,46.9752,71.8559,0.9283681,Cc1ccc(N(c2ccc(F)cc2)c2ccc3cc4cc(N(c5ccc(Cl)cc5)c5ccc6ccccc6c5)ccc4cc3c2)cc1,1,c1ccc(N(c2ccccc2)c2ccc3cc4cc(N(c5ccccc5)c5ccc6ccccc6c5)ccc4cc3c2)cc1,0.9885403,448.3955,0.1690117,0.1690,0.6052058,2.5109,1.0000000,1.0000,[],35
39.1052,51.0446,-26.5325,0.1915008,CC(C#N)=C(N=C(c1ccc(C)cc1)c1cc(C)ccc1C)c1ccc(-c2ccc(N(c3ccc(C)cc3)c3ccc(C)cc3)cc2)cc1,1,C=C(N=C(c1ccccc1)c1ccccc1)c1ccc(-c2ccc(N(c3ccccc3)c3ccccc3)cc2)cc1,0.1898629,384.2470,0.1232812,0.1233,0.5575457,2.9211,1.0000000,1.0000,[],35
62.9685,89.9789,-89.9789,0.0000000,CCCCCCOc1ccc(N=Cc2ccc(C=Cc3ccc(N4c5ccc(-c6cc7ccccc7s6)cc5N(c5ccc(N(c6ccccc6)c6ccccc6)cc5)c5ccc(OCCCCCC)c(C=NN6CCCCC6)c54)cc3)s2)cc1,1,C(=Cc1ccc(C=Nc2ccccc2)s1)c1ccc(N2c3ccc(-c4cc5ccccc5s4)cc3N(c3ccc(N(c4ccccc4)c4ccccc4)cc3)c3cccc(C=NN4CCCCC4)c32)cc1,0.0000000,0.0000,0.0000000,0.0000,0.0000000,0.0000,0.0000000,0.0000,['[#7;!n][#7;!n]'],35
27.4262,39.1815,-30.5533,0.0674077,Cc1ccc(N(c2ccccc2)c2ccc(-c3c(N(c4ccc(C)cc4)c4ccc(C)cc4)cc4ccccc4c3-c3ccc(N(c4ccccc4)c4ccccc4)cc3)cc2)cc1,1,c1ccc(N(c2ccccc2)c2ccc(-c3c(N(c4ccccc4)c4ccccc4)cc4ccccc4c3-c3ccc(N(c4ccccc4)c4ccccc4)cc3)cc2)cc1,0.0631376,370.7153,0.1286448,0.1286,0.5724000,2.7896,1.0000000,1.0000,[],35
68.9484,92.2820,-71.0612,0.1657871,Cc1ccc(C(=O)N2C(=O)C=CC2(C(=O)Nc2sc(C3CC3C)c(-c3ccc(-c4ccc(C#N)cc4)s3)c2C#N)c2ccc(N(c3ccccc3)c3ccccc3)cc2)cc1[N+](=O)[O-],1,O=C1C=CC(C(=O)Nc2cc(-c3ccc(-c4ccccc4)s3)c(C3CC3)s2)(c2ccc(N(c3ccccc3)c3ccccc3)cc2)N1C(=O)c1ccccc1,0.1669156,382.5452,0.0763063,0.0763,0.3846789,4.7767,1.0000000,1.0000,[],35
38.5436,44.0076,-43.9156,0.0007183,N#Cc1ccc(CNS(=O)(=O)c2cccc3[nH]c(Nc4cccc(Cl)c4Cl)nc23)cc1,1,O=S(=O)(NCc1ccccc1)c1cccc2[nH]c(Nc3ccccc3)nc12,0.0005119,317.7357,0.3673423,0.3673,0.6050416,2.5123,1.0000000,1.0000,[],35
43.0198,46.5280,-46.4866,0.0003231,COc1ccc(C(C#N)(c2ccc(Cl)cc2)C(C)[N+](C)(C)S(=O)(=O)c2ccc(C)cc2)cc1,1,O=S(=O)([NH2+]CC(c1ccccc1)c1ccccc1)c1ccccc1,0.0002208,308.6015,0.4263346,0.4263,0.4843171,3.6251,1.0000000,1.0000,[],35
67.1329,104.0465,-96.3001,0.0605183,COc1ccc(C(=C(c2ccc(OC)cc2)c2cc(N(c3ccccc3)c3ccccc3)cc3c2N(c2ccc(N4CCN(c5ccc(Nc6ncc(C#N)c(NCc7ccc(N8CCCCC8)cc7)n6)cc5)C(C(C)(C)C)C4)cc2)c2ccccc2S3)c2ccc(OC)cc2)cc1,1,c1ccc(C(=C(c2ccccc2)c2cc(N(c3ccccc3)c3ccccc3)cc3c2N(c2ccc(N4CCN(c5ccc(Nc6nccc(NCc7ccc(N8CCCCC8)cc7)n6)cc5)CC4)cc2)c2ccccc2S3)c2ccccc2)cc1,0.0579221,369.7189,0.0748068,0.0748,0.3534549,5.2000,1.0000000,1.0000,[],35
34.8939,50.3640,69.2623,0.9345804,Cc1ccc(-c2c(-c3ccc(-c4ccc(C=C(c5ccccc5)c5ccccc5)s4)s3)cc3nc4ccccc4cn23)cc1,1,C(=C(c1ccccc1)c1ccccc1)c1ccc(-c2ccc(-c3cc4nc5ccccc5cn4c3-c3ccccc3)s2)s1,0.9943275,456.0939,0.1855468,0.1855,0.5565498,2.9300,1.0000000,1.0000,[],35
30.9191,39.3074,52.3369,0.7159707,N#CC(=Cc1ccccc1)c1ccc(C(C#N)=Cc2ccc(-c3ccc(N(c4ccccc4)c4ccccc4)cc3)cc2)cc1,1,C(=Cc1ccc(C=Cc2ccc(-c3ccc(N(c4ccccc4)c4ccccc4)cc3)cc2)cc1)c1ccccc1,0.7572865,412.3542,0.1339554,0.1340,0.6158339,2.4239,1.0000000,1.0000,[],35
48.0804,74.7407,35.1459,0.8584895,Cc1ccc(N(c2ccccc2)c2ccc(S(c3ccccc3)(c3ccccc3)c3ccc(N(c4ccccc4)c4ccc5cc(N(c6ccccc6)c6ccccc6)ccc5c4)c4cc(-c5c6ccccc6c(-c6ccc(C=C(C#N)C#N)cc6)c6ccccc56)sc34)cc2)cc1,1,c1ccc(-c2c3ccccc3c(-c3cc4c(N(c5ccccc5)c5ccc6cc(N(c7ccccc7)c7ccccc7)ccc6c5)ccc(S(c5ccccc5)(c5ccccc5)c5ccc(N(c6ccccc6)c6ccccc6)cc5)c4s3)c3ccccc23)cc1,0.9435056,430.5685,0.0712699,0.0713,0.4046002,4.5243,1.0000000,1.0000,[],35
53.7640,71.4137,14.7133,0.6728676,[C-]#[N+]c1cc2ccc(C)c(C(c3ccccc3)c3ccc(N(c4ccc(C)cc4)c4ccc(C)cc4)cc3)c2nc1N(c1ccc(C)cc1)c1ccc(-c2ccc(C=Cc3ccc(C)cc3)cc2)cc1,1,C(=Cc1ccc(-c2ccc(N(c3ccccc3)c3ccc4cccc(C(c5ccccc5)c5ccc(N(c6ccccc6)c6ccccc6)cc5)c4n3)cc2)cc1)c1ccccc1,0.7290689,410.7477,0.0693359,0.0693,0.4503352,3.9888,1.0000000,1.0000,[],35
29.7367,47.8011,-3.4858,0.3462132,N#Cc1ccc(C(=O)N=c2sc(-c3ccc(N(c4ccccc4)c4ccccc4)cc3)nn2-c2ccccc2-c2ccc(N(c3ccccc3)c3ccccc3)cc2)cc1,1,O=C(N=c1sc(-c2ccc(N(c3ccccc3)c3ccccc3)cc2)nn1-c1ccccc1-c1ccc(N(c2ccccc2)c2ccccc2)cc1)c1ccccc1,0.3531963,393.4311,0.1377986,0.1378,0.5340102,3.1367,1.0000000,1.0000,[],35
45.7035,52.5545,66.0364,0.9264914,c1ccc(N(c2ccccc2)c2ccc3c(ccc4cc(-c5cccc(-c6c7ccccc7c7ccc8c9cccc-9ccc9c6c7c89)c5)ccc43)c2)cc1,1,c1ccc(N(c2ccccc2)c2ccc3c(ccc4cc(-c5cccc(-c6c7ccccc7c7ccc8c9cccc-9ccc9c6c7c89)c5)ccc43)c2)cc1,0.9890854,448.9306,0.1620532,0.1621,0.5675162,2.8324,1.0000000,1.0000,[],35
47.7829,64.8095,49.2321,0.8909495,Cc1ccc(C(=Cc2ccc(C(=C3CC(=CC(=Cc4ccc(N(c5ccc(C)cc5)c5ccc(C)cc5)cc4)c4ccc(-c5ccc(C)cc5)cc4)c4cc(N(c5ccccc5)c5ccccc5)ccc43)c3ccc(C)cc3)cc2)c2ccc(C)cc2)cc1,1,C(=C(C=C1CC(=C(c2ccccc2)c2ccc(C=C(c3ccccc3)c3ccccc3)cc2)c2ccc(N(c3ccccc3)c3ccccc3)cc21)c1ccc(-c2ccccc2)cc1)c1ccc(N(c2ccccc2)c2ccccc2)cc1,0.9702916,437.8506,0.0944226,0.0944,0.4489343,4.0044,1.0000000,1.0000,[],35
56.2189,67.8485,-67.8485,0.0000000,c1ccc2c(c3c(cc(cc3O)OC)o2)c1-c1cc2c(c(c3c(c2-c2ccccc2)cccc3)OCC(CC)CCCC)cc2c1c1ccccc1cc2,0,,0.0000000,0.0000,0.0000000,0.0000,0.0000000,0.0000,0.0000000,0.0000,None,35
44.0373,46.9472,-46.9472,0.0000000,CCN(c1ccc(cc1)N=c1c2-c(c(OC)cc1)cc1c(c(ccc1)C(C)C)o2)CC,0,,0.0000000,0.0000,0.0000000,0.0000,0.0000000,0.0000,0.0000000,0.0000,None,35
48.0387,60.5765,-57.3826,0.0249527,c1ccc(N(c2ccccc2)c2ccc3c(c2)Oc2cc4c(cc2C3(c2ccccc2)c2ccccc2)c2c3ccccc3ccc2n4-c2cccc3c2C(N2CCOCC2)c2ccccc2-3)cc1,1,c1ccc(N(c2ccccc2)c2ccc3c(c2)Oc2cc4c(cc2C3(c2ccccc2)c2ccccc2)c2c3ccccc3ccc2n4-c2cccc3c2C(N2CCOCC2)c2ccccc2-3)cc1,0.0221579,358.8815,0.1594648,0.1595,0.4357850,4.1530,1.0000000,1.0000,[],35
60.2243,72.3759,-45.1966,0.2123386,[C-]#[N+]c1ccccc1C(=C(C#N)C(N)=O)n1ccc2c3c(-c4ccc(C#N)cc4)nc(-c4ccc(C)cc4)nc3ccc21,1,C=C(c1ccccc1)n1ccc2c3c(-c4ccccc4)nc(-c4ccccc4)nc3ccc21,0.2111368,385.6891,0.1404039,0.1404,0.5171171,3.2974,1.0000000,1.0000,[],35
56.2389,76.0495,-26.6281,0.3861050,N#CC=C(c1ccccc1)c1ccccc1C=Cc1c(-c2ccc(N(c3ccccc3)c3ccccc3)cc2)cc2nc(Nc3ccc(N4CCOCC4)cc3)[nH]c(=O)c2c1O,1,C=C(c1ccccc1)c1ccccc1C=Cc1cc2c(=O)[nH]c(Nc3ccc(N4CCOCC4)cc3)nc2cc1-c1ccc(N(c2ccccc2)c2ccccc2)cc1,0.4026425,395.7171,0.0873106,0.0873,0.4897687,3.5691,1.0000000,1.0000,[],35
68.5207,91.5394,-91.5394,0.0000000,[C-]#[N+]c1cc(N(c2ccccc2)c2ccc(C)cc2)ccc1C(=Cc1ccc(C#CC2(CC)C(C#N)CC(C#N)(C#N)N2C(=O)CCCCCC)s1)c1ccc(C)cc1,1,C(#CC1CCCN1)c1ccc(C=C(c2ccccc2)c2ccc(N(c3ccccc3)c3ccccc3)cc2)s1,0.0000000,0.0000,0.0000000,0.0000,0.0000000,0.0000,0.0000000,0.0000,['C#C'],35
33.5229,40.6705,70.9306,0.8718836,N#Cc1cc2cc(NCc3cc4ccccc4nc3N)ccc2oc1=O,1,O=c1ccc2cc(NCc3cnc4ccccc4c3)ccc2o1,0.8911459,422.8276,0.5528419,0.5528,0.6115802,2.4585,1.0000000,1.0000,[],35
28.7639,30.9739,-21.5205,0.0738545,CN1CCN(C(=O)c2cc(N)ccc2[N+](=O)[O-])c2ccccc21,1,O=C(c1ccccc1)N1CCNc2ccccc21,0.0663660,371.2942,0.5214669,0.5215,0.6318211,2.2957,1.0000000,1.0000,[],35
50.9251,62.3091,-61.7208,0.0045958,CCCCCCCCOc1ccc(-c2cc3ccc4nc5c(=Nc6ccc(CCCCCC)cc6)c6c(ccc7ccccc76)cc-5sc4c3s2)cc1,1,c1ccc(N=c2c3nc4ccc5cc(-c6ccccc6)sc5c4sc-3cc3ccc4ccccc4c23)cc1,0.0038363,580.3604,0.0597400,0.0597,0.5220360,3.2501,1.0000000,1.0000,[],35
37.4652,44.4064,-32.8508,0.0902783,N=c1c2ccccc2c(C(=O)N=Cc2ccccc2)c(-c2ccccc2)n1-c1ccc(Br)cc1,1,N=c1c2ccccc2c(C(=O)N=Cc2ccccc2)c(-c2ccccc2)n1-c1ccccc1,0.0838542,374.0390,0.2680113,0.2680,0.5881817,2.6536,1.0000000,1.0000,[],35
55.4048,81.5704,31.7076,0.8849846,Fc1ccc2c(c1)C(=Nc1ccc(-c3ccc(C=C(c4ccccc4)c4ccc(C=C(c5ccccc5)c5ccccc5)cc4)s3)c(F)c1)C(c1ccc(-c3ccc(-c4ccc(N(c5ccccc5)c5ccccc5)cc4)s3)cc1)N2c1ccc(N(c2ccccc2)c2ccccc2)cc1,1,C(=C(c1ccccc1)c1ccccc1)c1ccc(C(=Cc2ccc(-c3ccc(N=C4c5ccccc5N(c5ccc(N(c6ccccc6)c6ccccc6)cc5)C4c4ccc(-c5ccc(-c6ccc(N(c7ccccc7)c7ccccc7)cc6)s5)cc4)cc3)s2)c2ccccc2)cc1,0.9727314,438.8083,0.0799597,0.0800,0.3654382,5.0333,1.0000000,1.0000,[],35
80.2269,94.7424,6.0199,0.7872050,CCCCc1ccc(Sc2cc3c4c(cc5ccc(N(c6ccc(C)cc6)c6ccc(C)cc6)cc5c4c2)C(c2ccc4cc5ccc(C(C)(C)C)cc5cc4c2)OC3C2=C(C)CC(C)=C(C)C2)cc1,1,C1=CCC(C2OC(c3ccc4cc5ccccc5cc4c3)c3cc4ccc(N(c5ccccc5)c5ccccc5)cc4c4cc(Sc5ccccc5)cc2c34)=CC1,0.8599106,419.7012,0.0770221,0.0770,0.3872022,4.7440,1.0000000,1.0000,[],35
33.7186,45.0100,56.4521,0.7926728,CCn1c2ccccc2c(=Nc2ncccc2C#N)c2c3ccccc3ccc21,1,c1ccc(N=c2c3ccccc3[nH]c3ccc4ccccc4c23)nc1,0.8223838,416.6398,0.3039604,0.3040,0.5813411,2.7121,1.0000000,1.0000,[],35
57.8567,75.1202,-22.2184,0.4132950,O=C(C1=CN(c2ccc3c4ccccc4c4ccccc4c3c2)C(c2ccc3cc(N(c4ccccc4)c4ccccc4)ccc3c2)=C(c2ccc(N(c3ccccc3)c3ccccc3)cc2)C1c1ccccc1)c1ccc(-c2ccc3ccccc3c2)cc1,1,O=C(C1=CN(c2ccc3c4ccccc4c4ccccc4c3c2)C(c2ccc3cc(N(c4ccccc4)c4ccccc4)ccc3c2)=C(c2ccc(N(c3ccccc3)c3ccccc3)cc2)C1c1ccccc1)c1ccc(-c2ccc3ccccc3c2)cc1,0.4345377,397.1406,0.0849117,0.0849,0.4104418,4.4526,1.0000000,1.0000,[],35
56.1117,68.7591,-59.8333,0.0697322,CCCCC(CC)COc1cc2c(cc1C#N)OC(=c1cc(-c3ccccc3)sc1=C(C#N)c1cccc3c1OCC3=O)C2=O,1,O=C1C(=c2cc(-c3ccccc3)sc2=Cc2cccc3c2OCC3=O)Oc2ccccc21,0.0647702,548.9886,0.2099570,0.2100,0.4448095,4.0505,1.0000000,1.0000,[],35
46.1702,68.9978,-57.5314,0.0895818,CN1c2ccccc2C12c1ccc(NC(=O)C3CC=CCC3C=Nc3ccc(N(c4ccccc4)c4ccccc4)cc3)cc1Oc1cc(N(c3ccccc3)c3ccccc3)ccc12,1,O=C(Nc1ccc2c(c1)Oc1cc(N(c3ccccc3)c3ccccc3)ccc1C21Nc2ccccc21)C1CC=CCC1C=Nc1ccc(N(c2ccccc2)c2ccccc2)cc1,0.0864019,374.3942,0.1097410,0.1097,0.3677876,5.0012,1.0000000,1.0000,[],35
35.3002,47.2615,67.5579,0.8970268,N#CC(C#N)=C1c2ccccc2N(c2ccccc2)c2c1ccc1c2ccc2ccc3ccc4cc(N(c5ccccc5)c5ccccc5)ccc4c3c21,1,C=C1c2ccccc2N(c2ccccc2)c2c1ccc1c2ccc2ccc3ccc4cc(N(c5ccccc5)c5ccccc5)ccc4c3c21,0.9626045,484.7343,0.1365711,0.1366,0.5290030,3.1838,1.0000000,1.0000,[],35
26.4922,42.0837,-37.8192,0.0333168,COc1cc(C=Cc2nc3ccccn3c2-c2ccc(N(c3ccccc3)c3ccccc3)cc2)cc(OC)c1O,1,C(=Cc1nc2ccccn2c1-c1ccc(N(c2ccccc2)c2ccccc2)cc1)c1ccccc1,0.0295952,362.1067,0.2105722,0.2106,0.5821716,2.7050,1.0000000,1.0000,[],35
65.5987,79.8243,-77.5259,0.0179564,CCc1cc(-n2c3ccccc3c3cc(C)ccc32)cc2c(N=c3scc(-c4ccc5c(c4)NC(=O)CO5)n3-c3ccc(C)cc3)c(C)ccc12,1,O=C1COc2ccc(-c3csc(=Nc4cccc5ccc(-n6c7ccccc7c7ccccc76)cc45)n3-c3ccccc3)cc2N1,0.0155099,354.9349,0.1961610,0.1962,0.5226769,3.2440,1.0000000,1.0000,[],35
44.8579,54.2282,63.9594,0.9233408,N#CC(C#N)=C1C(=Cc2ccc(-c3ccc4c(c3)c3ccccc3n4Cc3ccccc3)c(-c3ccc(-c4ccc(N(c5ccccc5)c5ccccc5)cc4)cc3)c2)c2ccccc21,1,C=C1C(=Cc2ccc(-c3ccc4c(c3)c3ccccc3n4Cc3ccccc3)c(-c3ccc(-c4ccc(N(c5ccccc5)c5ccccc5)cc4)cc3)c2)c2ccccc21,0.9931911,465.9010,0.1362066,0.1362,0.5102044,3.3647,1.0000000,1.0000,[],35
83.9470,113.9148,-113.9148,0.0000000,c1c(cc(cc1)C(c1c2c(c(c3c1ccc(c3)C=Cc1ccccc1)-c1ccc(N(c3ccccc3)c3ccccc3)cc1)N(CCCCCC)c1c3ccccc3c(cc1)OCCCCCCCCCCCCCCCC)cc1c3c(cccc3)c3c(c12)cc(cc3)N(c1ccccc1)CCCCCCCCCCCC)-c1ccc(cc1)N(c1ccccc1)c1ccccc1,0,,0.0000000,0.0000,0.0000000,0.0000,0.0000000,0.0000,0.0000000,0.0000,None,35
58.3175,71.4925,-71.4925,0.0000000,n1(C2CC(c3ccc(cc3)-c3ccc(-c4ccccc4)cc3)=C2c2ccc(cc2)-c2ccc(OCCCCCCCCCC)cc2)cc2-c(ccc2c1)-c1ccc(OCCCCCCCCCC)cc1,0,,0.0000000,0.0000,0.0000000,0.0000,0.0000000,0.0000,0.0000000,0.0000,None,35
58.9430,75.4139,-12.8334,0.4889101,CCCCCCCCCCCCCCCCCCC1(C)c2ccccc2N(c2cc3sc(N(c4ccc(C)cc4)c4ccc(C)cc4)cc3s2)c2ccc(O)cc2C1c1cccc2c1[nH]c1ccccc12,1,c1ccc(N(c2ccccc2)c2cc3sc(N4c5ccccc5CC(c5cccc6c5[nH]c5ccccc56)c5ccccc54)cc3s2)cc1,0.5232529,401.0106,0.0665216,0.0665,0.3874397,4.7410,1.0000000,1.0000,[],36
35.1022,49.4939,64.6537,0.8917782,COc1ccc(-c2ccc(N(c3ccc(C)cc3)c3ccc(-c4ccc(-c5ccc(C=Cc6ccc(C=Cc7ccc(N(c8ccc(C)cc8)c8ccc(C)cc8)cc7)s6)s5)s4)cc3)cc2)cc1,1,C(=Cc1ccc(C=Cc2ccc(-c3ccc(-c4ccc(N(c5ccccc5)c5ccc(-c6ccccc6)cc5)cc4)s3)s2)s1)c1ccc(N(c2ccccc2)c2ccccc2)cc1,0.9641830,484.2482,0.1080484,0.1080,0.5186097,3.2830,1.0000000,1.0000,[],36
67.0219,90.1036,19.5643,0.8567800,CCCCCCCCN1CC(CCCCCC)(CCCCCC)c2cc(-c3ccc(C=Cc4ccc(N(c5ccccc5)c5ccc(C=Cc6ccc(-c7ccc(C=C(C#N)C=Cc8ccc(C=Cc9cc%10ccccc%10s9)cc8)cc7)cc6)cc5)cc4)o3)c(-c3ccc(N(c4ccccc4)c4ccccc4)cc3)cc21,1,C(C=Cc1ccc(-c2ccc(C=Cc3ccc(N(c4ccccc4)c4ccc(C=Cc5ccc(-c6cc7c(cc6-c6ccc(N(c8ccccc8)c8ccccc8)cc6)NCC7)o5)cc4)cc3)cc2)cc1)=Cc1ccc(C=Cc2cc3ccccc3s2)cc1,0.9880239,447.9113,0.0171447,0.0171,0.3473880,5.2866,1.0000000,1.0000,[],36
24.5407,29.1893,69.4494,0.7706145,CC1Cc2cc(C(O)=C3C(=O)C(=O)N(c4cccc(C(F)(F)F)c4)C3=O)ccc2O1,1,O=C1C(=O)N(c2ccccc2)C(=O)C1=Cc1ccc2c(c1)CCO2,0.8029078,415.2499,0.2661407,0.2661,0.5402223,3.0789,1.0000000,1.0000,[],36
89.4480,97.8675,-97.8675,0.0000000,c1c2n(c3nccc4c3c2c2c(c1)cccc2cc4)-c1c2c(c(C)c3c(C)cc4c(C)c(ccc4[n+]3C)C#N)c(C)cc2oc(c1[N+]#[C-])=Nc1ccc(cc1)Cl,0,,0.0000000,0.0000,0.0000000,0.0000,0.0000000,0.0000,0.0000000,0.0000,None,36
73.8970,103.3181,-103.3181,0.0000000,C(=C(C(=C(/C#N)c1ccccc1)\C#N)/N(c1ccc(cc1)N(c1ccccc1)c1ccccc1)C=C/c1ccc(cc1)N(c1ccccc1)c1ccccc1)c1c(sc2c1c1c(c3c(cccc3)c1)cc2N(c1ccc(cc1)C)c1ccccc1)N(c1ccc(cc1)C)c1ccc(cc1)C,0,,0.0000000,0.0000,0.0000000,0.0000,0.0000000,0.0000,0.0000000,0.0000,None,36
53.9328,72.0830,-65.7085,0.0498007,COc1ccsc1C=C1CCCn2c(nc(N3CCCCCC3)c(-c3ccccc3)c2=Nc2cccc(N(c3ccccc3)c3ccccc3)c2)C1,1,C(=C1CCCn2c(nc(N3CCCCCC3)c(-c3ccccc3)c2=Nc2cccc(N(c3ccccc3)c3ccccc3)c2)C1)c1cccs1,0.0457416,367.0161,0.1583013,0.1583,0.4985894,3.4799,1.0000000,1.0000,[],36
68.8462,96.8101,-96.8101,0.0000000,N(=C(/c1c(=O)oc2c(cc(C(C)(C)C)cc2)c1O)c1c2c(C(c3ccc(cc3)N(c3ccc(cc3)C)c3ccc(cc3)C)=Nc3ccc(cc3)C)c3cc(S(c4ccc(cc4)C)(=O)=O)ccc3n(c2ccc1)-c1ccccc1)\c1ccc(cc1)C,0,,0.0000000,0.0000,0.0000000,0.0000,0.0000000,0.0000,0.0000000,0.0000,None,36
60.2644,93.3555,-6.6118,0.6776848,[C-]#[N+]C([N+]#[C-])=C(c1cc(N=Nc2ccc3cc(N(c4ccccc4)c4ccccc4)ccc3c2N(c2ccccc2)c2ccccc2)c2cc(N=Cc3ccc(N4CCN(c5ccc(C=Cc6ccc(OCCCCCCCC)cc6)cc5)c5ccccc54)cc3)ccc2c1)N(c1ccccc1)c1ccccc1,1,C=C(c1cc(N=Nc2ccc3cc(N(c4ccccc4)c4ccccc4)ccc3c2N(c2ccccc2)c2ccccc2)c2cc(N=Cc3ccc(N4CCN(c5ccc(C=Cc6ccccc6)cc5)c5ccccc54)cc3)ccc2c1)N(c1ccccc1)c1ccccc1,0.7709857,506.8204,0.0176868,0.0177,0.3509226,5.2359,1.0000000,1.0000,[],36
66.8764,80.8873,-80.8873,0.0000000,O=c1c(=Cc2cc(ccc2)[N+](=O)[O-])c(=O)c2c(c(OCC)c3c(oc(c3/C=C/c3ccc(OC)cc3)-c3ccc(cc3)OCCCCCC)c2C)c2c1OCCC=2,0,,0.0000000,0.0000,0.0000000,0.0000,0.0000000,0.0000,0.0000000,0.0000,None,36
69.5987,83.1756,-83.1756,0.0000000,c1c(cc2c3C(c4c-2ccc2c4c(cc3Nc3ccc(OCCCCCCCCCCCCCCCCCC)cc3O)ccc(c2)-c2ccc(cc2)CCCCCCCC)(CCCCCCCCCCCC)CCCCCCCCCCCCCCCCCCCCCCCC)c1,0,,0.0000000,0.0000,0.0000000,0.0000,0.0000000,0.0000,0.0000000,0.0000,None,36
34.2778,34.0588,-34.0224,0.0002849,[C-]#[N+]c1cc(OC)cc(C(C)O)c1F,1,c1ccccc1,0.0001899,306.9647,0.7351434,0.7351,0.5067309,3.3989,1.0000000,1.0000,[],36
57.4588,72.8454,20.3061,0.7277454,COc1ccc(N(c2ccc(OC)cc2)c2ccc(-c3cc4c5c(cc(Cl)c4s3)C(=Nc3ccc(N(c4ccccc4)c4ccccc4)cc3C)C(=O)N5c3ccc(Nc4ccc(N(C)C)cc4)cc3)cc2)cc1,1,O=C1C(=Nc2ccc(N(c3ccccc3)c3ccccc3)cc2)c2ccc3sc(-c4ccc(N(c5ccccc5)c5ccccc5)cc4)cc3c2N1c1ccc(Nc2ccccc2)cc1,0.7785122,506.3521,0.1163263,0.1163,0.4627551,3.8528,1.0000000,1.0000,[],36
66.7670,89.8968,-89.8968,0.0000000,c1(OC)cc2c(N(CC#C)c3c(cccc3C(CC(Nc3ccc(cc3)C(=Nc3ccc(-c4ccc(N(c5ccccc5)c5ccccc5)cc4)cc3)N(c3ccccc3)c3ccccc3)=O)c3ccccc3)=C(C#N)C#N)cccc2cc1,0,,0.0000000,0.0000,0.0000000,0.0000,0.0000000,0.0000,0.0000000,0.0000,None,36
54.1719,63.5364,51.7991,0.9010581,Cc1ccc(C2=NC3=C4C(=Cc5cc(C)c(-c6ccc(C)cc6)cc54)N3C(c3ccc(C)cc3)(c3ccc(C)cc3)C2)cc1,1,C1=C2C(=C3N=C(c4ccccc4)CC(c4ccccc4)(c4ccccc4)N23)c2cc(-c3ccccc3)ccc21,0.9540365,487.0712,0.2106011,0.2106,0.5285808,3.1878,1.0000000,1.0000,[],36
43.1219,54.0552,63.3218,0.9170085,COc1ccc2c(c1)C(C)(c1ccc(N(c3ccc(C)cc3)c3ccc(C)cc3)cc1)c1cc(N(c3ccc4c(c3)C(=O)c3ccccc3-4)c3ccc4ccccc4c3)ccc1-2,1,O=C1c2ccccc2-c2ccc(N(c3ccc4c(c3)C(c3ccc(N(c5ccccc5)c5ccccc5)cc3)c3ccccc3-4)c3ccc4ccccc4c3)cc21,0.9837323,475.4612,0.1532320,0.1532,0.4775185,3.6958,1.0000000,1.0000,[],36
34.6306,42.7315,23.5324,0.5176867,N#Cc1c(N)nc(Nc2ccccc2)c(N=Nc2nc3ccc([N+](=O)[O-])cc3s2)c1N(c1ccccc1)c1ccccc1,1,c1ccc(Nc2nccc(N(c3ccccc3)c3ccccc3)c2N=Nc2nc3ccccc3s2)cc1,0.5443844,518.0673,0.1022123,0.1022,0.5414717,3.0673,1.0000000,1.0000,[],36
54.5738,74.1428,38.2210,0.8778428,Cc1ccc(-c2c3cc(C)c(-c4ccc(N(c5ccccc5)c5ccccc5)cc4)cc3c(C=C(C#N)c3ccc4oc(N(c5ccccc5)c5ccccc5)nc4c3)c3cc(F)c(F)cc23)cc1,1,C(=Cc1c2ccccc2c(-c2ccccc2)c2ccc(-c3ccc(N(c4ccccc4)c4ccccc4)cc3)cc12)c1ccc2oc(N(c3ccccc3)c3ccccc3)nc2c1,0.9598758,434.4702,0.0777553,0.0778,0.4781109,3.6896,1.0000000,1.0000,[],36
46.3040,60.2072,0.1564,0.4715913,CN(C)c1ccc(-c2sc3cc(-c4ccc(-c5ccccc5)cc4)c4c5ccc(N(c6ccccc6)c6ccccc6)cc5sc4c3c2C=Cc2ccc(N3CCCCC3)cc2)cc1,1,C(=Cc1c(-c2ccccc2)sc2cc(-c3ccc(-c4ccccc4)cc3)c3c4ccc(N(c5ccccc5)c5ccccc5)cc4sc3c12)c1ccc(N2CCCCC2)cc1,0.4899592,399.5639,0.1356086,0.1356,0.4980435,3.4853,1.0000000,1.0000,[],36
55.9920,69.4426,49.9261,0.9325681,COc1ccc(-c2ccc(C=Nc3c(C#N)nc4cc5ccccc5cc4c3C(=O)Nc3cccc(C#N)n3)o2)cc1,1,O=C(Nc1ccccn1)c1c(N=Cc2ccc(-c3ccccc3)o2)cnc2cc3ccccc3cc12,0.9938809,464.7338,0.1784579,0.1785,0.5411816,3.0700,1.0000000,1.0000,[],36
38.6565,51.5362,-31.5878,0.1558473,c1ccc(-c2cc3c(cc2N(c2ccccc2)c2ccccc2)c2cccc(-c4ccc(N(c5ccccc5)c5ccccc5)cc4)c2c2c3ccn2-c2ccc(N(c3ccccc3)c3ccccc3)cc2)cc1,1,c1ccc(-c2cc3c(cc2N(c2ccccc2)c2ccccc2)c2cccc(-c4ccc(N(c5ccccc5)c5ccccc5)cc4)c2c2c3ccn2-c2ccc(N(c3ccccc3)c3ccccc3)cc2)cc1,0.1534993,381.4620,0.1134526,0.1135,0.5160510,3.3077,1.0000000,1.0000,[],36
63.5397,89.8875,-57.0724,0.2563679,O=C(Nc1sc(-c2ccc(-c3ccc(N(c4ccccc4)c4ccccc4)cc3)c(N(c3ccccc3)c3ccccc3)c2)cc1C=C1C=CCC1N1c2cc(N(c3ccccc3)c3ccccc3)ccc2CS(=O)(=O)c2ccccc21)c1ccccc1,1,O=C(Nc1sc(-c2ccc(-c3ccc(N(c4ccccc4)c4ccccc4)cc3)c(N(c3ccccc3)c3ccccc3)c2)cc1C=C1C=CCC1N1c2cc(N(c3ccccc3)c3ccccc3)ccc2CS(=O)(=O)c2ccccc21)c1ccccc1,0.2612265,388.7126,0.1095831,0.1096,0.3760585,4.8901,1.0000000,1.0000,[],36
44.2597,62.0086,47.1921,0.8531304,CCCCCCCCCCn1cc(C(O)C(C#N)=Cc2cc(OCC)c(N(c3ccccc3)c3ccccc3)c(N(CCCC)CCCC)c2)c2ccccc21,1,C(=Cc1ccc(N(c2ccccc2)c2ccccc2)cc1)Cc1c[nH]c2ccccc12,0.9452584,430.9308,0.0502154,0.0502,0.4579989,3.9044,1.0000000,1.0000,[],36
40.1432,50.9411,67.7651,0.9273918,Cc1ccc(-c2c3cc4ccc(N(c5ccc(C)cc5)c5cc(C)ccc5C)cc4cc3cc3c4ccccc4n(C)c23)cc1,1,c1ccc(-c2c3cc4ccc(N(c5ccccc5)c5ccccc5)cc4cc3cc3c2[nH]c2ccccc23)cc1,0.9853243,474.3255,0.1880000,0.1880,0.5713667,2.7986,1.0000000,1.0000,[],36
31.7053,29.8270,-29.8050,0.0001719,CCc1onnc1-c1ccc(O)c(OC)c1,1,c1ccc(-c2conn2)cc1,0.0001107,301.1083,0.8564210,0.8564,0.5807955,2.7168,1.0000000,1.0000,[],36
86.4553,119.0910,-119.0910,0.0000000,N1=C(C)SC(=Cc2c(c3c(n2CC)cc(cc3)C=Cc2sc(c(N)c2-c2ccc(s2)N2c3c(cccc3)CCCCCCCCCCCCCCCCCCCCCCCCCCCCCC)cccc2)=Cc2cccs2)C(=C1C#N)C#N,0,,0.0000000,0.0000,0.0000000,0.0000,0.0000000,0.0000,0.0000000,0.0000,None,36
33.2956,51.4867,64.1151,0.9031385,Cc1ccc(N(c2ccc(C=Cc3ccccc3)cc2)c2ccc3c(N)c4ccc(N(c5ccccc5)c5ccccc5)cc4c(N(c4ccccc4)c4ccc(C)cc4)c3c2)cc1,1,C(=Cc1ccc(N(c2ccccc2)c2ccc3cc4ccc(N(c5ccccc5)c5ccccc5)cc4c(N(c4ccccc4)c4ccccc4)c3c2)cc1)c1ccccc1,0.9937121,465.0310,0.0609922,0.0610,0.5494505,2.9942,1.0000000,1.0000,[],36
43.7861,57.7150,-6.1344,0.4029730,COc1ccc(N(c2ccc(-c3ccc(N4CCCCC4)cc3)cc2)c2ccc(-c3ccc(C=Cc4ccc5sc(C=C(c6ccccc6)c6ccc(N(c7ccccc7)c7ccccc7)cc6)cc5c4)s3)cc2)cc1,1,C(=Cc1ccc(-c2ccc(N(c3ccccc3)c3ccc(-c4ccc(N5CCCCC5)cc4)cc3)cc2)s1)c1ccc2sc(C=C(c3ccccc3)c3ccc(N(c4ccccc4)c4ccccc4)cc3)cc2c1,0.4194868,396.4727,0.1018446,0.1018,0.4707291,3.7674,1.0000000,1.0000,[],36
61.8536,86.4647,-86.4647,0.0000000,c1ccc2-c3c(C(c2c1)(C)C)cc(c1c3ccc(c1)N(c1ccc(cc1)C)c1c(cc(cc1)C=Cc1ccc(cc1)N(c1ccccc1)c1ccccc1)C=c1n(CCCCCCCC)c2c(scc2)c1)-c1c2c(cccc2)cc2c1cccc2,0,,0.0000000,0.0000,0.0000000,0.0000,0.0000000,0.0000,0.0000000,0.0000,None,36
39.3825,47.5865,71.2167,0.9281498,CCN(CCO)c1ccc(N=Nc2cc(C=NO)ccc2Nc2cc(Cl)ccc2Cl)cc1,1,c1ccc(N=Nc2ccccc2Nc2ccccc2)cc1,0.9959227,459.6963,0.1385522,0.1386,0.5659342,2.8464,1.0000000,1.0000,[],36
41.9196,44.6672,78.4650,0.9619696,COc1ccc2nc(N=C3c4ccccc4C(=O)c4c3ccc(=O)n4C)ccc2c1,1,O=C1c2ccccc2C(=Nc2ccc3ccccc3n2)c2ccc(=O)[nH]c21,0.9956114,461.1060,0.4572834,0.4573,0.5734848,2.7801,1.0000000,1.0000,[],36
51.3565,68.3681,-68.3681,0.0000000,CCCCCCCCOc1ccc(C(=Cc2ccc(-c3ccc(-c4c(Cl)cc(N(c5ccccc5)c5ccc(OC)cc5)c5sc6cc(OCCCCCCCC)ccc6c45)cc3)s2)C(=O)O)cc1,1,C(=Cc1ccc(-c2ccc(-c3ccc(N(c4ccccc4)c4ccccc4)c4sc5ccccc5c34)cc2)s1)c1ccccc1,0.0000000,0.0000,0.0000000,0.0000,0.0000000,0.0000,0.0000000,0.0000,"['C(=[O,S])[O,S]']",36
49.3797,49.0468,-49.0468,0.0000000,Cn1c(C=C2SC(=S)N(CC(=O)c3cccs3)C2=O)c(C(=O)c2ccccc2)c2ccccc1c2=O,1,O=C(CN1C(=O)C(=Cc2[nH]c3ccccc(c2C(=O)c2ccccc2)c3=O)SC1=S)c1cccs1,0.0000000,0.0000,0.0000000,0.0000,0.0000000,0.0000,0.0000000,0.0000,"['C(=[O,S])[O,S]']",36
29.1968,50.9694,7.8245,0.4593270,CC(=O)NCc1cc2ccc(N(c3ccc(C)cc3)c3ccc(C)cc3)cc2c(N(c2ccccc2)c2ccccc2)c1-c1ccc(N(c2ccccc2)c2ccccc2)cc1,1,c1ccc(N(c2ccccc2)c2ccc(-c3ccc4ccc(N(c5ccccc5)c5ccccc5)cc4c3N(c3ccccc3)c3ccccc3)cc2)cc1,0.4759773,398.9559,0.1334962,0.1335,0.5401962,3.0791,1.0000000,1.0000,[],36
32.4935,41.4299,78.6003,0.9377360,COc1ccc(N(c2ccc(C)cc2)c2ccc(N=Nc3c4c(c(OC)c5ccccc35)CCCC4)cc2)cc1,1,c1ccc(N(c2ccccc2)c2ccc(N=Nc3c4c(cc5ccccc35)CCCC4)cc2)cc1,0.9950789,462.3551,0.1978685,0.1979,0.5770745,2.7489,1.0000000,1.0000,[],36
71.6336,87.6787,-87.6787,0.0000000,CCOC(=O)c1c2c(c(NCC(=O)N(c3ccccc3)c3ccccc3)c3c1CC(c1ccccc1)C3=O)CCN(c1ccc(C=Cc3ccc4c(c3)C(C)(C)c3ccccc3-4)cc1)CCCC2,1,O=C1c2c(cc3c(c2NCC(=O)N(c2ccccc2)c2ccccc2)CCN(c2ccc(C=Cc4ccc5c(c4)Cc4ccccc4-5)cc2)CCCC3)CC1c1ccccc1,0.0000000,0.0000,0.0000000,0.0000,0.0000000,0.0000,0.0000000,0.0000,"['[*;r{8-17}]', 'C(=[O,S])[O,S]']",36
46.8725,71.6436,38.7279,0.8622773,CCCCCCCCCCCCCCOc1ccc(NC(=O)c2c(N(c3ccccc3)c3ccccc3)c3c4ccccc4c(N(c4ccc(C)cc4)c4ccc(C)cc4)cc3c3cc(Cl)ccc23)c(Cl)c1,1,O=C(Nc1ccccc1)c1c(N(c2ccccc2)c2ccccc2)c2c3ccccc3c(N(c3ccccc3)c3ccccc3)cc2c2ccccc12,0.9524611,432.5450,0.0542830,0.0543,0.4842924,3.6253,1.0000000,1.0000,[],36
50.4153,76.7000,-63.2765,0.1048710,CCCN(C)c1ccc(-c2c3c(cc4cc(OC)ccc24)-c2c(c(-c4ccc(N(c5ccccc5)c5ccccc5)cc4N(c4ccccc4)c4ccccc4)c4cc(OC)c(OC)cc4c2OC)C3)cc1,1,c1ccc(-c2c3c(cc4ccccc24)-c2cc4ccccc4c(-c4ccc(N(c5ccccc5)c5ccccc5)cc4N(c4ccccc4)c4ccccc4)c2C3)cc1,0.1017194,376.3498,0.1014527,0.1015,0.4695761,3.7796,1.0000000,1.0000,[],36
62.8801,94.9693,-94.9693,0.0000000,c12ccc(Cl)cc2c2c(c(c1Br)Br)c(c1c(c3c(c(c1OCCCCCCCCCCCCCCCCCCCCCCCCCCCCCCCCCCCCCCCCCCCCCCCCCCCCCCCCCCCCCCCCCCCCCCCC)Cl)ccc(c3)-c1ccc(N(c3ccccc3)c3ccccc3)cc1)s2)-c1ccc(C(C)(C)C)cc1,0,,0.0000000,0.0000,0.0000000,0.0000,0.0000000,0.0000,0.0000000,0.0000,None,36
36.4942,46.5916,-45.8857,0.0055144,N#Cc1ccc(-n2c3ccc(C#N)cc3c3cc(-c4cccc(-c5ccc6oc7cc(N(c8ccccc8)c8ccccc8)ccc7c6c5)c4)ccc32)cc1,1,c1ccc(N(c2ccccc2)c2ccc3c(c2)oc2ccc(-c4cccc(-c5ccc6c(c5)c5ccccc5n6-c5ccccc5)c4)cc23)cc1,0.0044898,341.3546,0.1729279,0.1729,0.5463566,3.0224,1.0000000,1.0000,[],36
45.0077,56.9004,4.2490,0.4777290,COc1ccc(S(=O)(=O)Nc2cc3c(cc2C(=O)c2ccc(OC)c(OC)c2)Cc2ccccc2N3c2ccc(N(c3ccccc3)c3ccccc3)cc2)cc1,1,O=C(c1ccccc1)c1cc2c(cc1NS(=O)(=O)c1ccccc1)N(c1ccc(N(c3ccccc3)c3ccccc3)cc1)c1ccccc1C2,0.4972672,399.8813,0.1226168,0.1226,0.5473136,3.0137,1.0000000,1.0000,[],36
34.2052,48.5713,66.9264,0.9023257,C(=Cc1ccc2c(-c3ccc(N(c4ccccc4)c4ccccc4)cc3)c3ccccc3c(C=Cc3ccc4c5ccccc5c5ccccc5c4c3)c2c1)c1ccc(N(c2ccccc2)c2ccccc2)cc1,1,C(=Cc1ccc2c(-c3ccc(N(c4ccccc4)c4ccccc4)cc3)c3ccccc3c(C=Cc3ccc4c5ccccc5c5ccccc5c4c3)c2c1)c1ccc(N(c2ccccc2)c2ccccc2)cc1,0.9880792,447.9621,0.0724224,0.0724,0.5318006,3.1574,1.0000000,1.0000,[],36
36.6401,50.1042,23.9688,0.5786960,CCCCCCCc1ccc(-c2ccc(-c3ccc(N(c4ccc(C)cc4)c4ccc(C=Cc5ccc(N(c6ccc(C)cc6)c6ccc(C)cc6)cc5)cc4)cc3)s2)c(C)c1,1,C(=Cc1ccc(N(c2ccccc2)c2ccc(-c3ccc(-c4ccccc4)s3)cc2)cc1)c1ccc(N(c2ccccc2)c2ccccc2)cc1,0.6193060,405.2832,0.0707204,0.0707,0.5403859,3.0774,1.0000000,1.0000,[],36
34.5469,42.3486,-42.3486,0.0000000,C=C1N=C(N)N(c2ccc3cc4ccccc4cc3c2)N=C1c1ccccc1,1,C=C1N=CN(c2ccc3cc4ccccc4cc3c2)N=C1c1ccccc1,0.0000000,0.0000,0.0000000,0.0000,0.0000000,0.0000,0.0000000,0.0000,['[#7;!n][#7;!n]'],36
30.4092,26.3876,-26.3874,0.0000021,Cc1ccc(CCC(=O)NC2CC3CCC2C3)o1,1,O=C(CCc1ccco1)NC1CC2CCC1C2,0.0000011,250.7172,0.8886086,0.8886,0.4574032,3.9109,1.0000000,1.0000,[],36
38.5009,42.3706,-42.3560,0.0001140,Cc1ccc(N(CCC#N)C(=O)c2c(C)n(C3CCCCC3)c3c(C)cccc23)cc1C,1,O=C(Nc1ccccc1)c1cn(C2CCCCC2)c2ccccc12,0.0000734,296.6405,0.4426203,0.4426,0.5849140,2.6815,1.0000000,1.0000,[],36
61.1771,78.0209,-72.6999,0.0415702,COc1cc2c(cc1N(c1ccccc1)c1ccccc1)C(=C1C(=O)c3ccccc3C1=O)Sc1nc3c(Nc4ccc(C)cc4)ccc(N)c3c(C#N)c1N2c1ccccc1,1,O=C1C(=C2Sc3nc4c(Nc5ccccc5)cccc4cc3N(c3ccccc3)c3ccc(N(c4ccccc4)c4ccccc4)cc32)C(=O)c2ccccc21,0.0385194,554.9315,0.0911350,0.0911,0.4783755,3.6868,1.0000000,1.0000,[],36
47.0820,57.2896,51.1567,0.8472372,CSc1c(-c2ccc(-c3sc(C(C)(C)C)c4cc(C=C(C#N)C#N)sc34)s2)sc2ccncc12,1,c1cc2sc(-c3ccc(-c4scc5ccsc45)s3)cc2cn1,0.9025433,495.8336,0.1704498,0.1704,0.4657182,3.8209,1.0000000,1.0000,[],36
50.1537,59.2086,-25.6136,0.2624610,Cc1cc(-n2c3ccccc3c3cc(Nc4ccccc4-c4cc5c(c6ccccc46)c4ccccc4n5-c4ccccc4)ccc32)cc(C#N)c1C#N,1,c1ccc(-n2c3ccccc3c3cc(Nc4ccccc4-c4cc5c(c6ccccc46)c4ccccc4n5-c4ccccc4)ccc32)cc1,0.2609526,388.6972,0.1955088,0.1955,0.5367948,3.1107,1.0000000,1.0000,[],36
74.4788,96.0550,-96.0550,0.0000000,c1coc(c1)C1C2(C(c3c(cc(N(C)C)cc3)N2C)c2cc(c3c(c2)c2c(n(c3C)C(OC(C)(C)C)=O)c3c2cccc3)-c2ccc(N(c3ccccc3)c3ccccc3)cc2)c2ccccc2-c2c1cccc2,0,,0.0000000,0.0000,0.0000000,0.0000,0.0000000,0.0000,0.0000000,0.0000,None,36
42.8464,55.3924,-55.3924,0.0000000,c1cccc2c1n1c3c(-c4c1c(-c1sc(cc1)-c1ccc(N(c5ccccc5)c5ccccc5)cc1)s4)c(N(c1ccccc1)c1ccccc1)cc23,0,,0.0000000,0.0000,0.0000000,0.0000,0.0000000,0.0000,0.0000000,0.0000,None,36
41.3497,45.7505,-45.7505,0.0000000,c1ccc2c3c(c(=O)n4c5c(ccc(C)c5)c(CCCCCCCCCCCCCCCC)c4n3)sc2c1,0,,0.0000000,0.0000,0.0000000,0.0000,0.0000000,0.0000,0.0000000,0.0000,None,36
48.7778,63.6735,-63.6735,0.0000000,c1cc(ccc1C(N)c1ccc2c(cc3cc4-c5c(Cc4c(C)c23)ccc(N(c2ccc(cc2)C)c2ccc(C)cc2)c5)c1)N(c1ccccc1)c1ccccc1,0,,0.0000000,0.0000,0.0000000,0.0000,0.0000000,0.0000,0.0000000,0.0000,None,36
51.0815,60.9114,-56.3107,0.0359428,CN1C(=O)Cc2cc(Nc3ccc(-n4c5ccccc5c5c6c7ccccc7n(-c7ccccc7)c6ccc54)s3)ccc21,1,O=C1Cc2cc(Nc3ccc(-n4c5ccccc5c5c6c7ccccc7n(-c7ccccc7)c6ccc54)s3)ccc2N1,0.0320139,362.9867,0.2276873,0.2277,0.5508792,2.9812,1.0000000,1.0000,[],36
52.7752,58.9821,-45.0884,0.1085446,COc1ccc(-n2c3ccccc3c3c4c5cc(C#N)ccc5n(C5=CC=CCC5)c4c(-c4ccc(N5c6ccccc6Oc6ccccc65)cc4)cc32)cc1,1,C1=CCCC(n2c3ccccc3c3c4c5ccccc5n(-c5ccccc5)c4cc(-c4ccc(N5c6ccccc6Oc6ccccc65)cc4)c32)=C1,0.1034674,376.5559,0.1774538,0.1775,0.5053765,3.4123,1.0000000,1.0000,[],36
50.2003,55.8647,-49.8427,0.0470466,Fc1c(F)c2c(C(F)(F)c3cccnc3)c3c(cc2c2cc(C(F)(F)F)ccc12)oc1ccccc13,1,c1cncc(Cc2c3ccc4ccccc4c3cc3oc4ccccc4c23)c1,0.0428666,366.2787,0.1759281,0.1759,0.5404957,3.0763,1.0000000,1.0000,[],36
64.1295,83.5699,28.4147,0.8748795,CCCCCCCCc1ccc(N(c2ccc(-c3ccc(N(c4ccccc4)c4ccccc4)cc3)cc2)c2cc(Oc3ccc(OC)cc3)cc(C3C(=O)c4ccc(C=Cc5ccc(C#N)cc5)cc4C3=Nc3ccc(N(CCCCCCCC)CCCCCCCC)cc3)c2)cc1,1,O=C1c2ccc(C=Cc3ccccc3)cc2C(=Nc2ccccc2)C1c1cc(Oc2ccccc2)cc(N(c2ccccc2)c2ccc(-c3ccc(N(c4ccccc4)c4ccccc4)cc3)cc2)c1,0.9930126,453.8160,0.0285809,0.0286,0.3613660,5.0893,1.0000000,1.0000,[],36
41.8169,52.5351,-47.7068,0.0377213,CCN(CC)C(COc1ccccc1N)CN(c1ccccc1)c1ccc(N2C=Cc3ccccc3C2)cc1,1,C1=CN(c2ccc(N(CCCOc3ccccc3)c3ccccc3)cc2)Cc2ccccc21,0.0338099,363.5995,0.2130066,0.2130,0.5095394,3.3712,1.0000000,1.0000,[],36
53.4309,52.7993,-52.7993,0.0000000,COc1ccc2ccccc2c1C1c2nc3ccccc3n2C2=Nc3ccccc3OCC1N2,1,c1ccc2c(c1)N=C1NC(CO2)C(c2cccc3ccccc23)c2nc3ccccc3n21,0.0000000,0.0000,0.0000000,0.0000,0.0000000,0.0000,0.0000000,0.0000,['[*;r{8-17}]'],36
75.3306,97.8370,12.8287,0.8645754,C=CCCCCCCN(C)c1ccc2c(c1)[N+](CCCCCCCC)=C(c1ccc(N(c3ccccc3)c3ccccc3)c3ccccc13)C2(c1ccc(-c2ccc3sc4ccc(N(c5ccc(C)cc5)c5ccc(CCCCCC)cc5)cc4c3c2)cc1)N(c1ccc(C)cc1)c1ccc(C(C)(C)C)cc1,1,c1ccc(N(c2ccccc2)c2ccc3sc4ccc(-c5ccc(C6(N(c7ccccc7)c7ccccc7)C(c7ccc(N(c8ccccc8)c8ccccc8)c8ccccc78)=[NH+]c7ccccc76)cc5)cc4c3c2)cc1,0.9887714,448.6192,0.0237140,0.0237,0.3240271,5.6346,1.0000000,1.0000,[],36
43.4475,52.1141,59.6120,0.8728602,N#CC(C#N)=Cc1ccc2c3ccc(-c4ccc(C#N)cc4C#N)cc3n(-c3cc(-c4ccc(N(c5ccccc5)c5ccccc5)cc4)cc4ccccc34)c2c1,1,c1ccc(-c2ccc3c4ccccc4n(-c4cc(-c5ccc(N(c6ccccc6)c6ccccc6)cc5)cc5ccccc45)c3c2)cc1,0.9330069,428.5964,0.1514293,0.1514,0.5097873,3.3688,1.0000000,1.0000,[],36
41.6391,56.3533,-14.5022,0.3269618,COc1ccc(C=Cc2ccc(N(c3ccc(OC)cc3)c3sc(=O)c4nc5cc(N6CCCCC6)ccc5sc3-4)cc2)cc1,1,O=c1sc(N(c2ccccc2)c2ccc(C=Cc3ccccc3)cc2)c2sc3ccc(N4CCCCC4)cc3nc1-2,0.3310809,527.6360,0.1560557,0.1561,0.5470899,3.0157,1.0000000,1.0000,[],36
89.2371,116.6712,-6.8370,0.8580795,CCCCCCCCCCCCCCn1c2ccc(C=Cc3ccc(C(c4ccc(N(c5ccccc5)c5ccccc5)cc4)c4c(OC5CCCCC5)ccc5c4ccc4ccccc45)cc3)cc2c2cc3c(C#N)c(-c4ccc(-c5ccc(-c6ccc(-c7ccc(N(c8ccccc8)c8ccc(CC)cc8)cc7)s6)cc5)s4)ccc3cc21,1,C(=Cc1ccc2[nH]c3cc4ccc(-c5ccc(-c6ccc(-c7ccc(-c8ccc(N(c9ccccc9)c9ccccc9)cc8)s7)cc6)s5)cc4cc3c2c1)c1ccc(C(c2ccc(N(c3ccccc3)c3ccccc3)cc2)c2c(OC3CCCCC3)ccc3c2ccc2ccccc23)cc1,0.9891807,449.0270,0.0187990,0.0188,0.3087313,5.8764,1.0000000,1.0000,[],36
29.9536,31.6179,20.1792,0.4046648,CC(C)Cc1ccc(NC2=C(Cl)C(=O)N(c3ccccc3F)C2=O)cc1,1,O=C1C=C(Nc2ccccc2)C(=O)N1c1ccccc1,0.3922565,395.2462,0.7881626,0.7882,0.6535294,2.1268,1.0000000,1.0000,[],36
55.4209,76.6458,35.7080,0.8777642,CCCCCCc1ccc(-c2c3ccccc3c(-c3ccc(-c4ccc(C=Cc5ccc(C=C(C#N)C#N)s5)s4)cc3)c3cc4c(cc23)C(=O)c2cc(-c3ccc(C(=O)c5ccc(CCCCCC)s5)s3)ccc2-4)cc1,1,O=C(c1cccs1)c1ccc(-c2ccc3c(c2)C(=O)c2cc4c(-c5ccccc5)c5ccccc5c(-c5ccc(-c6ccc(C=Cc7cccs7)s6)cc5)c4cc2-3)s1,0.9863493,446.4719,0.0349631,0.0350,0.4335309,4.1790,1.0000000,1.0000,[],37
52.4576,60.0291,-49.9161,0.0790081,CCCCCCCCCCCCCC(=O)C(=O)C(O)CC(=Cc1cc2ccccc2c2ccc3ccccc3c12)COCc1ccccc1,1,C(=Cc1cc2ccccc2c2ccc3ccccc3c12)COCc1ccccc1,0.0771918,373.0615,0.0484867,0.0485,0.4960496,3.5054,1.0000000,1.0000,[],37
28.5032,44.2230,10.2246,0.4253720,Cc1ccc(-c2cc(-c3ccc(C=Cc4ccc(N(c5ccc(C)cc5)c5ccc(C)cc5)cc4)cc3)[nH]c2-c2ccc(C)cc2)cc1,1,C(=Cc1ccc(N(c2ccccc2)c2ccccc2)cc1)c1ccc(-c2cc(-c3ccccc3)c(-c3ccccc3)[nH]2)cc1,0.4348001,397.1522,0.1674967,0.1675,0.6076815,2.4905,1.0000000,1.0000,[],37
39.0024,56.5926,59.6422,0.9080848,N#Cc1c(-c2ccc3cc(N(c4ccc(C=Cc5ccc(N(c6ccccc6)c6ccccc6)cc5)cc4)c4cccc5ccccc45)ccc3c2)nc(-c2ccccc2)c2cc(N(c3ccccc3)c3ccccc3)ccc12,1,C(=Cc1ccc(N(c2ccc3cc(-c4cc5ccc(N(c6ccccc6)c6ccccc6)cc5c(-c5ccccc5)n4)ccc3c2)c2cccc3ccccc23)cc1)c1ccc(N(c2ccccc2)c2ccccc2)cc1,0.9843280,444.9503,0.1077304,0.1077,0.4826939,3.6419,1.0000000,1.0000,[],37
44.6245,60.1035,9.0404,0.5401864,CCN(CC)c1ccc2c(c1)C(=Nc1c(C)cc3ccccc3c1N=Nc1cc3c(ccc4ccccc43)cc1N(c1ccccc1)c1ccccc1)C(=O)N2,1,O=C1Nc2ccccc2C1=Nc1ccc2ccccc2c1N=Nc1cc2c(ccc3ccccc32)cc1N(c1ccccc1)c1ccccc1,0.5676938,517.0419,0.1187700,0.1188,0.4951101,3.5149,1.0000000,1.0000,[],37
34.3036,42.0074,-39.1159,0.0225899,COc1ccc(N(C2=CC(=C(C#N)C#N)c3ccccc3C2=O)c2ccc(C=Cc3ccc(Nc4ccccc4)cc3)cc2)cc1,1,C=C1C=C(N(c2ccccc2)c2ccc(C=Cc3ccc(Nc4ccccc4)cc3)cc2)C(=O)c2ccccc21,0.0199329,562.2921,0.1418211,0.1418,0.5476782,3.0103,1.0000000,1.0000,[],37
52.1257,67.2041,-67.2041,0.0000000,c12sc(cc1c1c(s2)nc(-c2ccc(cc2)N(c2ccccc2)c2ccccc2)c2n1c(n2)-c1ccc(c(c1)C)C)C=Cc1ccc(cc1)N(c1ccc(cc1)C)c1ccccc1,0,,0.0000000,0.0000,0.0000000,0.0000,0.0000000,0.0000,0.0000000,0.0000,None,37
46.4960,64.3294,-15.0291,0.3851587,CCCCN(c1ccccc1)c1ccc(N=Nc2ccc(N=Nc3c(N(CC)CC)c4c5ccccc5c(NCCC)cc4c4ccccc34)cc2Cl)cc1,1,c1ccc(Nc2ccc(N=Nc3ccc(N=Nc4cc5c6ccccc6ccc5c5ccccc45)cc3)cc2)cc1,0.4019862,524.3125,0.0839017,0.0839,0.4969324,3.4965,1.0000000,1.0000,[],37
76.6887,98.7454,-98.7454,0.0000000,CCCCCCCC[B-](CCCCCCCC)(c1ccc2c(c1)C1C=C(C=Cc3ccc(C=Cc4ccc5c(ccc6ccc7c(N(c8ccc(C)cc8)c8ccc(C)cc8)cccc7c65)c4)cc3)C=CC2(c2ccc(C)cc2)c2ccccc21)c1ccc(C)cc1C,1,[BH2-](c1ccccc1)c1ccc2c(c1)C1C=C(C=Cc3ccc(C=Cc4ccc5c(ccc6ccc7c(N(c8ccccc8)c8ccccc8)cccc7c65)c4)cc3)C=CC2(c2ccccc2)c2ccccc21,0.0000000,0.0000,0.0000000,0.0000,0.0000000,0.0000,0.0000000,0.0000,['[*;r{8-17}]'],37
45.2319,57.0533,48.7025,0.8262172,Cc1ccc(C=Cc2ccc(-c3ccc(N(c4ccc(C)cc4)c4ccc(C=CC(=O)c5ccc(Oc6c(F)c(F)c(F)c(F)c6F)cc5)cc4)c(F)c3)cc2)cc1,1,O=C(C=Cc1ccc(N(c2ccccc2)c2ccc(-c3ccc(C=Cc4ccccc4)cc3)cc2)cc1)c1ccc(Oc2ccccc2)cc1,0.9234578,427.0379,0.0326908,0.0327,0.5318202,3.1572,1.0000000,1.0000,[],37
39.5977,57.1683,-40.5027,0.1301999,Cc1ccc2c(c1)c1cc3cc(F)ccc3cc1n2-c1ccc(-c2ccc(-n3c4ccccc4c4cc(C=Cc5ccc(N(c6ccccc6)c6ccccc6)cc5)ccc43)cc2)cc1,1,C(=Cc1ccc2c(c1)c1ccccc1n2-c1ccc(-c2ccc(-n3c4ccccc4c4cc5ccccc5cc43)cc2)cc1)c1ccc(N(c2ccccc2)c2ccccc2)cc1,0.1261659,378.9878,0.1390153,0.1390,0.5262516,3.2099,1.0000000,1.0000,[],37
32.3090,38.1240,55.4996,0.7314345,N#Cc1c(-c2cc3ccccc3o2)nc2c(F)cc(F)cc2c1C#N,1,c1ccc2nc(-c3cc4ccccc4o3)ccc2c1,0.7434292,411.5508,0.5078673,0.5079,0.5837995,2.6910,1.0000000,1.0000,[],37
53.5950,72.5973,6.6759,0.6193220,Cc1ccc(C(=C2CCC(NC(=O)c3cc(C=Cc4ccc5c(c4)Cc4ccccc4N5c4ccccc4)ccc3N(c3ccc(C)cc3)c3ccc(C)cc3)CC2)c2ccccc2)cc1,1,O=C(NC1CCC(=C(c2ccccc2)c2ccccc2)CC1)c1cc(C=Cc2ccc3c(c2)Cc2ccccc2N3c2ccccc2)ccc1N(c1ccccc1)c1ccccc1,0.6522207,406.8273,0.1392121,0.1392,0.4972417,3.4934,1.0000000,1.0000,[],37
62.2163,85.0280,-3.3284,0.6382784,CCCCCCCCc1c(N=Nc2cc(-c3nc4cc(N(c5ccc(C)cc5)c5ccc(C)cc5)ccc4n3Cc3ccc(C)cc3)sc2C=O)c(NC(C)=O)cc2ccc(N(c3ccccc3)c3ccccc3)cc12,1,c1ccc(Cn2c(-c3cc(N=Nc4ccc5ccc(N(c6ccccc6)c6ccccc6)cc5c4)cs3)nc3cc(N(c4ccccc4)c4ccccc4)ccc32)cc1,0.6986787,510.8688,0.0466139,0.0466,0.4411137,4.0923,1.0000000,1.0000,[],37
38.4872,42.0353,-33.7543,0.0646951,O=C(C=Cc1ccccc1[N+](=O)[O-])c1ccc2cc(Oc3ccc(N4C(=O)C=CC4=O)cc3)ccc2c1,1,O=C(C=Cc1ccccc1)c1ccc2cc(Oc3ccc(N4C(=O)C=CC4=O)cc3)ccc2c1,0.0607935,370.2774,0.1054993,0.1055,0.5963151,2.5849,1.0000000,1.0000,[],37
38.7980,56.4394,37.3935,0.7330693,COc1ccc(N(c2ccc(OC)cc2)c2nc3cc(N(c4ccc(C)cc4)c4ccc(Br)cc4)ccc3c3cc(Br)cc(OC)c23)cc1,1,c1ccc(N(c2ccccc2)c2ccc3c(c2)nc(N(c2ccccc2)c2ccccc2)c2ccccc23)cc1,0.7776273,413.5923,0.1361441,0.1361,0.5553994,2.9403,1.0000000,1.0000,[],37
42.0445,59.3972,58.4248,0.9204848,Cc1ccc(N(c2ccccc2)c2ccc(-c3nc4ccc(C=Cc5ccc(-c6ccc(C=Cc7ccc(N(c8ccccc8)c8ccccc8)cc7)s6)s5)nn4c3-c3ccccc3)cc2)cc1,1,C(=Cc1ccc(-c2ccc(C=Cc3ccc4nc(-c5ccc(N(c6ccccc6)c6ccccc6)cc5)c(-c5ccccc5)n4n3)s2)s1)c1ccc(N(c2ccccc2)c2ccccc2)cc1,0.9958660,459.5458,0.1154797,0.1155,0.4926411,3.5399,1.0000000,1.0000,[],37
38.8969,52.8902,62.5348,0.9017576,N#CC(=C(C#N)c1cc2[nH]c3cc(N(c4ccccc4)c4ccccc4)ccc3c2nc1-c1ccc(N(c2ccccc2)c2ccccc2)cc1)c1ccccc1,1,C(=Cc1cc2[nH]c3cc(N(c4ccccc4)c4ccccc4)ccc3c2nc1-c1ccc(N(c2ccccc2)c2ccccc2)cc1)c1ccccc1,0.9651412,436.0570,0.1495208,0.1495,0.5301169,3.1733,1.0000000,1.0000,[],37
46.3965,69.9933,-69.9933,0.0000000,O(c1cc(cc(c1)-c1c2c(cc(c(c2)NC(=O)c2ccc(cc2)-c2ccc(cc2)N(c2ccccc2)c2ccccc2)C#N)oc2cc(ccc21)N(c1ccc(C)cc1)c1ccc(C)cc1)OC)C,0,,0.0000000,0.0000,0.0000000,0.0000,0.0000000,0.0000,0.0000000,0.0000,None,37
57.5818,83.6368,31.0075,0.8956590,CN(CCc1cc2cc3ccc(N=Nc4ccc(N(c5ccccc5)c5ccccc5)cc4)cc3c(NC(=O)c3ccc([N+](=O)[O-])cc3)c2s1)C(=O)C(c1ccccc1)c1ccccc1,1,O=C(Nc1c2cc(N=Nc3ccc(N(c4ccccc4)c4ccccc4)cc3)ccc2cc2cc(CCNC(=O)C(c3ccccc3)c3ccccc3)sc12)c1ccccc1,0.9848912,474.6461,0.0662603,0.0663,0.4890054,3.5769,1.0000000,1.0000,[],37
46.7814,53.3616,-14.7504,0.3016494,Cc1ccc(N2c3ccc(-c4ccc(N(c5ccccc5)c5ccccc5)cc4)cc3C(c3ccccc3)(c3ccccc3)c3cc(N(c4cccc5ccccc45)c4cccc5ccccc45)ccc32)c(C)c1,1,c1ccc(N(c2ccccc2)c2ccc(-c3ccc4c(c3)C(c3ccccc3)(c3ccccc3)c3cc(N(c5cccc6ccccc56)c5cccc6ccccc56)ccc3N4c3ccccc3)cc2)cc1,0.3060613,391.1122,0.1352507,0.1353,0.5041011,3.4249,1.0000000,1.0000,[],37
31.9227,40.7257,-25.5067,0.1188985,c1ccc(N(c2ccccc2)c2ccc(-c3cc4c(cc3-c3ccc5ccccc5n3)sc3ccccc34)s2)cc1,1,c1ccc(N(c2ccccc2)c2ccc(-c3cc4c(cc3-c3ccc5ccccc5n3)sc3ccccc34)s2)cc1,0.1129899,377.6278,0.2080694,0.2081,0.5782624,2.7386,1.0000000,1.0000,[],37
61.8110,85.6341,27.6500,0.8850319,CC(Cc1c2c(c(N(c3ccccc3)c3ccccc3)c3cc(N(c4ccccc4)c4ccccc4)ccc13)C=C1C(=CC=CC1C(=O)c1ccc(N3CCCC3)cc1)O2)c1ccc(C=Cc2ccc(N(c3ccccc3)c3ccccc3)cc2)cc1,1,O=C(c1ccc(N2CCCC2)cc1)C1C=CC=C2Oc3c(c(N(c4ccccc4)c4ccccc4)c4cc(N(c5ccccc5)c5ccccc5)ccc4c3CCc3ccc(C=Cc4ccc(N(c5ccccc5)c5ccccc5)cc4)cc3)C=C21,0.9786047,478.4928,0.0668322,0.0668,0.3602632,5.1046,1.0000000,1.0000,[],37
28.6818,39.7234,-13.1230,0.2078158,Cc1ccc(N(c2ccc(C)cc2)c2ccc(C=Cc3ccc(NC(=O)N(Cc4ccc(N(c5ccccc5)c5ccccc5)cc4)c4ccccc4)cc3)cc2)cc1,1,O=C(Nc1ccc(C=Cc2ccc(N(c3ccccc3)c3ccccc3)cc2)cc1)N(Cc1ccc(N(c2ccccc2)c2ccccc2)cc1)c1ccccc1,0.2066628,385.3951,0.1258914,0.1259,0.5740826,2.7749,1.0000000,1.0000,[],37
55.0120,75.2370,-75.2370,0.0000000,CCCN(CCC)c1ccc(N=Nc2ccc(-c3ccc(C(=O)N4CCN(NC(=O)N(c5ccc(N(c6ccccc6)c6ccccc6)cc5)C(C)c5ccc(C#N)cc5)CC4)cc3)cc2)cc1,1,O=C(c1ccc(-c2ccc(N=Nc3ccccc3)cc2)cc1)N1CCN(NC(=O)N(Cc2ccccc2)c2ccc(N(c3ccccc3)c3ccccc3)cc2)CC1,0.0000000,0.0000,0.0000000,0.0000,0.0000000,0.0000,0.0000000,0.0000,['[#7;!n][#7;!n]'],37
48.3790,73.5655,11.6019,0.6653706,COc1c(-c2ccc(C)cc2)c(-c2ccc(N(c3ccccc3)c3ccccc3)cc2)nc2cc(N3C(=C(c4ccc(C)cc4)c4ccc(N(c5ccc(C)cc5)c5ccc(C)cc5)cc4)c4ccc(Br)cc4C3c3ccc(C)cc3)ccc12,1,c1ccc(C(=C2c3ccccc3C(c3ccccc3)N2c2ccc3cc(-c4ccccc4)c(-c4ccc(N(c5ccccc5)c5ccccc5)cc4)nc3c2)c2ccc(N(c3ccccc3)c3ccccc3)cc2)cc1,0.7104770,409.7467,0.1148569,0.1149,0.4114521,4.4403,1.0000000,1.0000,[],37
39.9376,50.3572,-11.2747,0.3053323,COc1ccc2c(c1)c(-c1ccc(C)cc1)c(C)c1cc(-c3ccc4ccccc4c3)oc(=O)c12,1,O=c1oc(-c2ccc3ccccc3c2)cc2cc(-c3ccccc3)c3ccccc3c12,0.3026757,390.9386,0.2528690,0.2529,0.6135700,2.4423,1.0000000,1.0000,[],37
80.1162,106.2398,-106.2398,0.0000000,c1cc(N2CC(NC(C(C=Cc3cccc(c3)N(c3ccccc3)c3ccccc3)=Cc3cc(c(Oc4ccc(cc4)C4CCC(CCc5ccc(cc5)N(c5ccc(cc5)C)c5ccccc5)cc4)C(F)(F)F)CC3)=O)CCC2)ccc1/C=C(/c1ccc(cc1)C)C#N,0,,0.0000000,0.0000,0.0000000,0.0000,0.0000000,0.0000,0.0000000,0.0000,None,37
60.5509,74.1782,39.7205,0.8898339,COc1ccc(N(c2ccc(C)cc2)c2ccc(C=Cc3cccc(C(=C(F)c4c5ccccc5c(N(c5ccc(C)cc5)c5ccc(C)cc5)c5cc(N(c6ccc(C)cc6)c6ccc(C)cc6)ccc45)c4ccc(-c5ccc(N(c6ccc(C)cc6)c6ccc(C)cc6)cc5)cc4)c3)cc2)cc1,1,C(=Cc1cccc(C(=Cc2c3ccccc3c(N(c3ccccc3)c3ccccc3)c3cc(N(c4ccccc4)c4ccccc4)ccc23)c2ccc(-c3ccc(N(c4ccccc4)c4ccccc4)cc3)cc2)c1)c1ccc(N(c2ccccc2)c2ccccc2)cc1,0.9853929,474.2739,0.0592734,0.0593,0.4071083,4.4934,1.0000000,1.0000,[],37
52.8600,57.8646,-52.6155,0.0410087,Cc1ccc(N2C(=O)c3cccc4c(C(=O)NCCCCCCNC(=O)c5cnn(-c6cnc(N)nc6N)c5)ccc(c34)C2=O)cc1,1,O=C(NCCCCCCNC(=O)c1ccc2c3c(cccc13)C(=O)N(c1ccccc1)C2=O)c1cnn(-c2cncnc2)c1,0.0374932,364.7637,0.1239769,0.1240,0.5509272,2.9808,1.0000000,1.0000,[],37
32.1945,30.4212,-30.4102,0.0000861,c1ccc(-c2ccc(-c3ccccn3)c3c2CCNC3)cc1,1,c1ccc(-c2ccc(-c3ccccn3)c3c2CCNC3)cc1,0.0000536,293.2222,0.7681298,0.7681,0.6416013,2.2189,1.0000000,1.0000,[],37
50.9890,60.1873,-60.1873,0.0000000,c1cc2c(cc1)C(c1ccccc1C2=O)Nc1ccc2c(c1)c3c1ccccc1c(OCC=C)c3cc2,0,,0.0000000,0.0000,0.0000000,0.0000,0.0000000,0.0000,0.0000000,0.0000,None,37
38.2745,60.9290,-37.6398,0.1819465,Cc1cc(NC(=O)CC2=CC(=O)c3ccc(N(c4ccccc4)c4ccccc4)cc3C2)c(N)c2c(C#N)c(N)sc12,1,O=C(CC1=CC(=O)c2ccc(N(c3ccccc3)c3ccccc3)cc2C1)Nc1ccc2sccc2c1,0.1779371,383.3840,0.1828948,0.1829,0.5202723,3.2670,1.0000000,1.0000,[],37
29.2792,43.8908,-0.5339,0.3387261,Cc1ccc(C=Cc2ccc(-c3ccc(-c4ccc(N(c5ccc(C)cc5)c5cccc(C)c5)cc4-c4ccc(C)cc4)s3)cc2)cc1,1,C(=Cc1ccc(-c2ccc(-c3ccc(N(c4ccccc4)c4ccccc4)cc3-c3ccccc3)s2)cc1)c1ccccc1,0.3435707,392.9707,0.1498877,0.1499,0.5861627,2.6708,1.0000000,1.0000,[],37
49.4333,56.7286,54.0805,0.8656957,N#Cc1c(C#N)c2cc3ccc(N4Cc5ccc(-c6cccc(N(c7ccccc7)c7ccccc7)c6)cc5C4)cc3cc2c2ccccc12,1,c1ccc(N(c2ccccc2)c2cccc(-c3ccc4c(c3)CN(c3ccc5cc6ccc7ccccc7c6cc5c3)C4)c2)cc1,0.9260554,492.5567,0.1390156,0.1390,0.5475345,3.0116,1.0000000,1.0000,[],37
44.4113,44.4771,-43.6595,0.0063876,C=CCc1ccc2c(c1)c1cc(C(C)(C)CCCI)ccc1n2CCCC,1,c1ccc2c(c1)[nH]c1ccccc12,0.0052377,343.0356,0.1696742,0.1697,0.5794084,2.7287,1.0000000,1.0000,[],37
75.7075,86.3126,33.7844,0.9382576,N#CC1=NC(N)(c2ccccc2F)c2c(C(=O)Nc3ccc(Br)cc3)c(-c3ccccc3)n3c(=O)n(CCC4CCOC4)nc3c21,1,O=C(Nc1ccccc1)c1c2c(c3nn(CCC4CCOC4)c(=O)n3c1-c1ccccc1)C=NC2c1ccccc1,0.9952907,461.8752,0.2415091,0.2415,0.4355934,4.1552,1.0000000,1.0000,[],37
51.4248,64.1838,-50.8135,0.1044554,COc1ccc(N(c2ccc(C=Cc3ccc(C)cc3)cc2)c2ccc(C(=O)Nc3ccc4c5ccc(Oc6cccc(N(C)c7ccc(C)cc7)c6)cc5n(-c5ccc(C)cc5)c4c3)cc2)cc1,1,O=C(Nc1ccc2c3ccc(Oc4cccc(Nc5ccccc5)c4)cc3n(-c3ccccc3)c2c1)c1ccc(N(c2ccccc2)c2ccc(C=Cc3ccccc3)cc2)cc1,0.1006799,376.2257,0.1168544,0.1169,0.5073501,3.3928,1.0000000,1.0000,[],37
36.5719,44.6348,38.4400,0.6490221,CCCCCCOc1ccc(C=c2sc(=Cc3cc(OC)c(OC)c(OC)c3)c(=O)n(CC)c2=O)cc1,1,O=c1[nH]c(=O)c(=Cc2ccccc2)sc1=Cc1ccccc1,0.6639712,407.3943,0.3337129,0.3337,0.5967971,2.5809,1.0000000,1.0000,[],37
69.6760,75.6949,-75.6949,0.0000000,Cc1ccc(C(=O)NC(=S)NNc2ccc3c(=O)c(I)c(N4CCN(c5ccc(Br)cc5)CC4)[n+](-c4ccccc4)c(C#N)c3c2)cc1,1,O=C(NC(=S)NNc1ccc2c(=O)cc(N3CCN(c4ccccc4)CC3)[n+](-c3ccccc3)cc2c1)c1ccccc1,0.0000000,0.0000,0.0000000,0.0000,0.0000000,0.0000,0.0000000,0.0000,['[#7;!n][#7;!n]'],37
39.8403,62.5489,42.9881,0.8245076,CCCCCCCCCCCCN(C)c1ccc(N=Nc2ccc(N(c3ccccc3)c3ccccc3)c3cc(N(C#N)c4ccc5ccccc5c4)ccc23)c(C)c1,1,c1ccc(N=Nc2ccc(N(c3ccccc3)c3ccccc3)c3cc(Nc4ccc5ccccc5c4)ccc23)cc1,0.9204077,493.4223,0.0355139,0.0355,0.4955351,3.5106,1.0000000,1.0000,[],37
51.3766,64.0407,-64.0407,0.0000000,c1(CCl)c(c2c(c(c1OC)C#N)C(=O)c1c(C2=O)c(c2c(c1N)c(n(c2=O)C)C#N)C#N)C#N,0,,0.0000000,0.0000,0.0000000,0.0000,0.0000000,0.0000,0.0000000,0.0000,None,37
42.3801,44.9897,-44.8240,0.0012944,N#Cc1cccc(S(=O)(=O)Nc2ccc(C(=O)N3CCSC3=Nc3cc(Cl)ccc3Cl)cc2)c1,1,O=C(c1ccc(NS(=O)(=O)c2ccccc2)cc1)N1CCSC1=Nc1ccccc1,0.0009449,324.3950,0.4657235,0.4657,0.5887123,2.6491,1.0000000,1.0000,[],37
34.9910,52.1717,-52.1717,0.0000000,Cc1ccc(C(=O)Oc2ccc(N(c3ccc(C=Cc4ccc(C=C(c5ccc(C)cc5)c5ccc(C)cc5)s4)cc3)c3ccc(C=C(c4ccc(C)cc4)c4ccc(C)cc4)s3)cc2)cc1,1,O=C(Oc1ccc(N(c2ccc(C=Cc3ccc(C=C(c4ccccc4)c4ccccc4)s3)cc2)c2ccc(C=C(c3ccccc3)c3ccccc3)s2)cc1)c1ccccc1,0.0000000,0.0000,0.0000000,0.0000,0.0000000,0.0000,0.0000000,0.0000,"['C(=[O,S])[O,S]']",37
45.2760,70.4637,45.9056,0.9091352,CCc1ccc(C(C)(NS(=O)(=O)c2ccc(N=Nc3ccc(N(c4ccccc4)c4ccc(C)cc4)cc3)cc2N)c2ccc(N(c3ccccc3)c3ccccc3)cc2)cc1,1,O=S(=O)(NC(c1ccccc1)c1ccc(N(c2ccccc2)c2ccccc2)cc1)c1ccc(N=Nc2ccc(N(c3ccccc3)c3ccccc3)cc2)cc1,0.9938729,455.2518,0.0838817,0.0839,0.4706603,3.7681,1.0000000,1.0000,[],37
35.8262,49.0665,56.6885,0.8262106,Cc1ccc(N(c2ccc(C)cc2)c2ccc(C=Cc3ccc(NS(=O)(=O)c4ccc5c(c4)OCCO5)cc3)c3nsnc23)cc1,1,O=S(=O)(Nc1ccc(C=Cc2ccc(N(c3ccccc3)c3ccccc3)c3nsnc23)cc1)c1ccc2c(c1)OCCO2,0.8766782,498.7050,0.1657512,0.1658,0.5501027,2.9883,1.0000000,1.0000,[],37
45.2289,66.7456,-66.7456,0.0000000,c1(cc2c(c(c1)-c1c(cc3c(cc(cc3)N(c3ccccc3)c3ccccc3)c1)Cl)sc1cc(ccc1c2)-c1ccc(C=Cc2ccccc2)cc1)=O,0,,0.0000000,0.0000,0.0000000,0.0000,0.0000000,0.0000,0.0000000,0.0000,None,37
33.3311,55.8201,48.7481,0.8169387,CCOc1cccc(C=Nn2c(-c3ccc(N(c4ccc(C)cc4)c4ccc(N(c5ccccc5)c5ccccc5)cc4)cc3)csc2=Nc2ccc(N(CC)CC)cc2)c1O,1,C(=Nn1c(-c2ccc(N(c3ccccc3)c3ccc(N(c4ccccc4)c4ccccc4)cc3)cc2)csc1=Nc1ccccc1)c1ccccc1,0.8807330,421.7081,0.1042083,0.1042,0.5040997,3.4249,1.0000000,1.0000,[],37
63.6499,81.0943,28.1546,0.8535069,C=C(C=C1C(=O)c2ccc(C=Cc3ccc(N4CC(C)(C)c5ccccc54)cc3)cc2C1=O)C(=C(c1ccc(N(c2ccccc2)c2ccccc2)cc1)N1CCc2ccccc21)c1ccc(C#N)cc1,1,C=C(C=C1C(=O)c2ccc(C=Cc3ccc(N4CCc5ccccc54)cc3)cc2C1=O)C(=C(c1ccc(N(c2ccccc2)c2ccccc2)cc1)N1CCc2ccccc21)c1ccccc1,0.9428338,489.5676,0.0557225,0.0557,0.4525183,3.9646,1.0000000,1.0000,[],37
36.0282,57.5233,-57.5233,0.0000000,Cc1ccc(N(c2ccc(C)cc2)c2ccc3cc(CNN=C(C#N)c4ccc(CN(c5ccccc5)c5ccccc5)cc4)ccc3c2)cc1,1,C(=NNCc1ccc2cc(N(c3ccccc3)c3ccccc3)ccc2c1)c1ccc(CN(c2ccccc2)c2ccccc2)cc1,0.0000000,0.0000,0.0000000,0.0000,0.0000000,0.0000,0.0000000,0.0000,['[#7;!n][#7;!n]'],37
64.1348,92.6699,-92.6699,0.0000000,C(F)(F)(c1nc(cc(c1)N1c2c3n(c4cc(-c5sc(cc5)C=C(c5ccc(cc5)C#N)c5cc6c(cc5)cccc6)ccc4c3c1sc2C#N)Cl)-c1ccc(cc1)C)F,0,,0.0000000,0.0000,0.0000000,0.0000,0.0000000,0.0000,0.0000000,0.0000,None,37
29.6898,32.4264,-15.9446,0.1287643,O=C(Nc1ccc2nc(NC(=O)c3cccs3)[nH]c2c1)c1ccc([N+](=O)[O-])cc1,1,O=C(Nc1ccc2nc(NC(=O)c3cccs3)[nH]c2c1)c1ccccc1,0.1207276,378.4421,0.3395031,0.3395,0.6422318,2.2140,1.0000000,1.0000,[],37
39.6364,45.1020,73.2307,0.9244735,CNc1ccc(N=Nc2ccc(N=C3Nc4ccccc4OC3(C)C)cc2)cc1C,1,c1ccc(N=Nc2ccc(N=C3COc4ccccc4N3)cc2)cc1,0.9547992,433.1191,0.4758672,0.4759,0.5403485,3.0777,1.0000000,1.0000,[],37
51.6740,63.6260,-53.7913,0.0768341,Cc1c(-c2ccc(N(c3ccccc3)c3ccc(F)cc3F)cc2)c(C#N)c(F)c(F)c1-n1c2ccc(-c3ccc(N(c4ccccc4)c4ccccc4)cc3)cc2c2ccc(N(c3ccccc3)c3ccccc3)cc21,1,c1ccc(N(c2ccccc2)c2ccc(-c3cccc(-n4c5ccc(-c6ccc(N(c7ccccc7)c7ccccc7)cc6)cc5c5ccc(N(c6ccccc6)c6ccccc6)cc54)c3)cc2)cc1,0.0730355,372.4118,0.1143492,0.1143,0.4704052,3.7708,1.0000000,1.0000,[],37
39.4459,51.3315,-49.1668,0.0169113,COc1ccc(-c2cc(C3CCCCN3CC=Cc3ccc(N(c4ccc(C)cc4)c4ccc(OC)cc4)cc3)[nH]n2)cc1,1,C(=Cc1ccc(N(c2ccccc2)c2ccccc2)cc1)CN1CCCCC1c1cc(-c2ccccc2)n[nH]1,0.0146049,354.2722,0.1774244,0.1774,0.5269064,3.2037,1.0000000,1.0000,[],37
37.5715,59.5335,42.7207,0.7988611,COc1ccc(N(c2ccc(C)cc2)c2ccc3c(N=Nc4ccc(Cl)c5c(N(c6ccc(C)cc6)c6ccc(C)cc6)cccc45)ccc(O)c3c2)cc1,1,c1ccc(N(c2ccccc2)c2ccc3c(N=Nc4cccc5c(N(c6ccccc6)c6ccccc6)cccc45)cccc3c2)cc1,0.8495662,501.2037,0.1497972,0.1498,0.5289812,3.1840,1.0000000,1.0000,[],37
32.4947,43.1125,-26.1645,0.1324063,N#CC1(c2ccc(N(c3ccccc3)c3ccccc3)c3ccccc23)CC=Cc2sc3ccccc3c21,1,C1=Cc2sc3ccccc3c2C(c2ccc(N(c3ccccc3)c3ccccc3)c3ccccc23)C1,0.1263637,379.0073,0.2388348,0.2388,0.5026060,3.4397,1.0000000,1.0000,[],37
50.0783,64.0697,24.9393,0.6953826,O=C1c2cc3c(N4c5ccccc5Sc5cc6c(=O)c(-c7ccc(N(c8ccccc8)c8ccccc8)cc7)coc6cc54)cccc3cc2CN1c1ccccc1,1,O=C1c2cc3c(N4c5ccccc5Sc5cc6c(=O)c(-c7ccc(N(c8ccccc8)c8ccccc8)cc7)coc6cc54)cccc3cc2CN1c1ccccc1,0.7319038,410.9041,0.1679249,0.1679,0.5151755,3.3162,1.0000000,1.0000,[],37
73.0885,97.8551,8.5547,0.8313272,N#Cc1c(C=C(c2ccccc2)c2ccccc2)cc(COc2ccc(C=Cc3cc4c(N(c5ccccc5)c5ccccc5)cccc4c4cc(-c5ccc(N(c6ccccc6)c6ccccc6)cc5)c(-c5ccccc5)c(-c5ccc(C[n+]6ccccc6)cc5)c34)cc2)c2ccccc12,1,C(=Cc1cc2c(N(c3ccccc3)c3ccccc3)cccc2c2cc(-c3ccc(N(c4ccccc4)c4ccccc4)cc3)c(-c3ccccc3)c(-c3ccc(C[n+]4ccccc4)cc3)c12)c1ccc(OCc2cc(C=C(c3ccccc3)c3ccccc3)cc3ccccc23)cc1,0.9255376,427.3614,0.0459715,0.0460,0.3900765,4.7071,1.0000000,1.0000,[],37
61.7379,74.6239,-13.9060,0.4743581,CCCCOc1ccc(-c2cc(-c3cc(-c4c5ccccc5c(-c5ccc(N(c6ccc(C)cc6)c6ccc(-c7ccc(C)cc7)cc6)cc5)c5ccccc45)c4c(=O)c5ccc(OCC)cc5sc4c3)ccc2OCCCC)cc1,1,O=c1c2ccccc2sc2cc(-c3cccc(-c4ccccc4)c3)cc(-c3c4ccccc4c(-c4ccc(N(c5ccccc5)c5ccc(-c6ccccc6)cc5)cc4)c4ccccc34)c12,0.5056859,400.2469,0.0632965,0.0633,0.4665589,3.8119,1.0000000,1.0000,[],37
49.8379,53.0171,-53.0171,0.0000000,CCCCCCOc1ccc(C2SC(=NN=CC3SC(c4ccc(N(C)C)cc4)=NN3c3ccccc3)NC2=O)cc1,1,O=C1NC(=NN=CC2SC(c3ccccc3)=NN2c2ccccc2)SC1c1ccccc1,0.0000000,0.0000,0.0000000,0.0000,0.0000000,0.0000,0.0000000,0.0000,['[#7;!n][#7;!n]'],37
31.2229,49.9120,62.8024,0.8805815,COc1ccc(N(c2ccccc2)c2ccc(N3C(=O)C(=Cc4ccc(N(C)C)cc4)C(=O)NC3=S)c3ccccc23)cc1,1,O=C1NC(=S)N(c2ccc(N(c3ccccc3)c3ccccc3)c3ccccc23)C(=O)C1=Cc1ccccc1,0.9457108,488.9739,0.1213206,0.1213,0.5808388,2.7164,1.0000000,1.0000,[],37
59.4087,86.4069,15.4805,0.7959952,CCc1ccc(C=CC(=O)c2c(C(F)(F)F)c(-c3ccc(C)cc3)nc3ccc(-c4ccc(-c5ccc(C=C(C(=O)Nc6ccc(C)cc6)c6ccc(N(c7ccccc7)c7ccccc7)cc6)s5)cc4)cc23)s1,1,O=C(Nc1ccccc1)C(=Cc1ccc(-c2ccc(-c3ccc4nc(-c5ccccc5)cc(C(=O)C=Cc5cccs5)c4c3)cc2)s1)c1ccc(N(c2ccccc2)c2ccccc2)cc1,0.8634356,420.0223,0.0870838,0.0871,0.4620571,3.8603,1.0000000,1.0000,[],37
44.3256,63.2094,46.9828,0.8608764,COc1ccc(-c2ccc3c(n2)=Cc2ccc(-c4ccc(C=Cc5ccc(N(c6ccccc6)c6ccccc6)cc5)cc4)c4ccc(-c5ccccc5)c(c24)C=3c2ccc(C)cc2)cc1,1,C(=Cc1ccc(N(c2ccccc2)c2ccccc2)cc1)c1ccc(-c2ccc3c4c(c(-c5ccccc5)ccc24)C(c2ccccc2)=c2ccc(-c4ccccc4)nc2=C3)cc1,0.9249465,492.7314,0.1282484,0.1282,0.4947926,3.5181,1.0000000,1.0000,[],37
65.1640,82.8389,-34.8772,0.3747009,CCCCCCCCOc1ccc(-c2ccc(-c3cc(-c4ccccc4Cl)nc4sc(-c5cccs5)c(-c5ccc(N(c6ccc(C)cc6)c6ccc(CCCCCCCCCCCCCCCCCCCCCCn7c8ccccc8c8ccccc87)cc6)cc5)c34)s2)cc1,1,c1ccc(-c2cc(-c3ccc(-c4ccccc4)s3)c3c(-c4ccc(N(c5ccccc5)c5ccc(CCCCCCCCCCCCCCCCCCCCCCn6c7ccccc7c7ccccc76)cc5)cc4)c(-c4cccs4)sc3n2)cc1,0.4028514,395.7266,0.0359814,0.0360,0.4033989,4.5391,1.0000000,1.0000,[],38
67.8983,100.9333,-100.9333,0.0000000,c1cc(OCc2ccccc2)c(c2c1cccc2)N=Nc1ccc(cc1)N(c1ccc(cc1)N1CCCCC1)c1ccc(cc1)C=Cc1sc(C=Cc2ccc(cc2)C=Cc2ccc(cc2)N(c2ccc(cc2)C=Cc2ccc(cc2)C(=CC=c2sc3c(c2)cccc3)C)c2ccc(cc2)OCCCCCCCC)c2c1cccc2,0,,0.0000000,0.0000,0.0000000,0.0000,0.0000000,0.0000,0.0000000,0.0000,None,38
44.5341,56.9011,-56.7110,0.0014856,CCn1cc(N(c2ccc(C)cc2)c2ccc(C=Cc3ccc(OC)cc3)cc2)c2cc(C=C3C(=O)c4ccccc4C3=C(C#N)C#N)sc21,1,C=C1C(=Cc2cc3c(N(c4ccccc4)c4ccc(C=Cc5ccccc5)cc4)c[nH]c3s2)C(=O)c2ccccc21,0.0011538,593.4343,0.0915662,0.0916,0.5033327,3.4325,1.0000000,1.0000,[],38
27.9505,42.1917,-42.1917,0.0000000,COc1ccc(N(c2ccc(C)cc2)c2ccc(C=CC(=O)Oc3ccc(C)cc3C#N)cc2)cc1,1,O=C(C=Cc1ccc(N(c2ccccc2)c2ccccc2)cc1)Oc1ccccc1,0.0000000,0.0000,0.0000000,0.0000,0.0000000,0.0000,0.0000000,0.0000,"['C(=[O,S])[O,S]']",38
56.4988,64.4332,-64.4332,0.0000000,Cc1ccc(N(c2ccc(Br)cc2)c2cc3c4c5c6c(cc(I)cc(I)c-6c-5c2=CC=CC=3)OC4(C)C)cc1,1,C1=CC=c2c(N(c3ccccc3)c3ccccc3)cc(c3c4c5c(ccccc-5c2-4)OC3)=C1,0.0000000,0.0000,0.0000000,0.0000,0.0000000,0.0000,0.0000000,0.0000,['[*;r{8-17}]'],38
67.3118,88.4513,-88.4513,0.0000000,c1cc2c(cc(cc2)N(c2ccc(cc2)C#N)c2cc3c(cc2)c2c(cc3)c3c(c4ccccc4oc3=O)c2)c2c1cc(N(c1ccc(OCCCCCCCCCCCC)cc1)c1ccc(cc1)OC)c1c2cc2OCOc2c1,0,,0.0000000,0.0000,0.0000000,0.0000,0.0000000,0.0000,0.0000000,0.0000,None,38
63.9506,96.4516,8.4844,0.8198121,CCCn1cc(-c2nc3c(Nc4cc(C#N)c(N(c5ccccc5)c5ccccc5)c(C=Cc5ccc(N(c6ccccc6)c6ccccc6)cc5)c4)nc(-c4ccc(N(c5ccccc5)c5ccc(C)cc5)cc4)cc3nc2C2CC2)cn1,1,C(=Cc1cc(Nc2nc(-c3ccc(N(c4ccccc4)c4ccccc4)cc3)cc3nc(C4CC4)c(-c4cn[nH]c4)nc23)ccc1N(c1ccccc1)c1ccccc1)c1ccc(N(c2ccccc2)c2ccccc2)cc1,0.8932853,423.0692,0.0841806,0.0842,0.4225363,4.3074,1.0000000,1.0000,[],38
54.3430,66.4129,-61.3356,0.0396663,COc1ccc(-c2oc3c(=O)oc(CN4CCN(c5ccc([N+](=O)[O-])cc5)C(=O)C4C)cc3c2-c2ccc([N+](=O)[O-])c(OC)c2)cc1,1,O=C1CN(Cc2cc3c(-c4ccccc4)c(-c4ccccc4)oc3c(=O)o2)CCN1c1ccccc1,0.0361467,364.3514,0.1409739,0.1410,0.4887662,3.5794,1.0000000,1.0000,[],38
48.7601,57.9599,-57.9237,0.0002828,COc1ccc(Nc2c3ccccc3c3ccc4cc5c(cc2c43)c(=N)cc2c(OC)cc(OC)cc25)cc1,1,N=c1cc2ccccc2c2cc3ccc4c5ccccc5c(Nc5ccccc5)c(cc12)c34,0.0001945,612.7735,0.2453128,0.2453,0.5736432,2.7787,1.0000000,1.0000,[],38
68.3666,88.6213,-80.8608,0.0606284,CCCCCCCCCCCCc1c(=O)oc2c3c4cc(C)ccc4c4cc(N5CCCCC5)cc(c4c13)C(C=C(C#N)C(=O)Nc1ccc(C=Cc3ccc4cc(-c5ccc(N(c6ccccc6)c6ccccc6)cc5)ccc4c3)cc1)=C2,1,O=C(C=CC1=Cc2oc(=O)cc3c4c1cc(N1CCCCC1)cc4c1ccccc1c23)Nc1ccc(C=Cc2ccc3cc(-c4ccc(N(c5ccccc5)c5ccccc5)cc4)ccc3c2)cc1,0.0600871,549.8577,0.0253494,0.0253,0.3433554,5.3449,1.0000000,1.0000,[],38
45.9955,62.8103,-62.8103,0.0000000,COc1ccc2c(N=Nc3ccc(N(c4ccc(C=Cc5cc6ccccc6s5)cc4)c4cccc5ccccc45)cc3)c3ccc(C=NN(c4ccccc4)c4ccccc4)cc3nc2c1,1,C(=Cc1cc2ccccc2s1)c1ccc(N(c2ccc(N=Nc3c4ccccc4nc4cc(C=NN(c5ccccc5)c5ccccc5)ccc34)cc2)c2cccc3ccccc23)cc1,0.0000000,0.0000,0.0000000,0.0000,0.0000000,0.0000,0.0000000,0.0000,['[#7;!n][#7;!n]'],38
33.0740,50.4764,-40.7484,0.0760001,Cc1ccc(N(c2ccc(C)cc2)c2ccc(C3=CC(C)(C)c4cc5c(cc4O3)C(C)(C)c3ccccc3N5c3ccc(N(c4ccccc4)c4ccccc4)cc3)cc2)cc1,1,C1=C(c2ccc(N(c3ccccc3)c3ccccc3)cc2)Oc2cc3c(cc2C1)N(c1ccc(N(c2ccccc2)c2ccccc2)cc1)c1ccccc1C3,0.0714309,372.1518,0.1522350,0.1522,0.5097342,3.3693,1.0000000,1.0000,[],38
48.4568,61.1588,49.5849,0.8651856,CCCCCCCCOc1ccc2c(c1)c1c3ccc(-c4ccccc4)cc3[n+]([O-])cc1n2-c1ccc2c(c1)sc1cc(N(c3ccccc3)c3ccccc3)ccc12,1,c1ccc(-c2ccc3c(c2)[nH+]cc2c3c3ccccc3n2-c2ccc3c(c2)sc2cc(N(c4ccccc4)c4ccccc4)ccc23)cc1,0.9488559,431.7101,0.0663994,0.0664,0.5072302,3.3940,1.0000000,1.0000,[],38
25.6448,26.4297,-26.3267,0.0008051,CC(=O)C1=C(C)N(c2ccccc2)C(=O)NC1c1ccccc1,1,O=C1NC(c2ccccc2)C=CN1c1ccccc1,0.0005604,318.7176,0.9368422,0.9368,0.6081097,2.4870,1.0000000,1.0000,[],38
47.8172,68.6569,-66.4215,0.0174647,Cc1ccc(N(c2ccc(-c3c(Nc4ccc(F)cc4F)nc(N)c(C(N)=O)c3-c3ccc(N(c4ccccc4)c4ccccc4)cc3)cc2)c2ccc3ccccc3c2)cc1,1,c1ccc(Nc2nccc(-c3ccc(N(c4ccccc4)c4ccccc4)cc3)c2-c2ccc(N(c3ccccc3)c3ccc4ccccc4c3)cc2)cc1,0.0153004,354.7849,0.1202173,0.1202,0.5185189,3.2839,1.0000000,1.0000,[],38
69.7336,90.5330,-90.5330,0.0000000,c1c(C)cc2c(c1=Cc1sc(=O)n(c1O)Cc1cc(oc3c1c(c1c([nH]3)cc(cc1)Cl)=O)=O)c1c(c(cc(c1)C)C)n2-c1ccc(cc1)N(c1ccccc1)c1ccccc1,0,,0.0000000,0.0000,0.0000000,0.0000,0.0000000,0.0000,0.0000000,0.0000,None,38
46.9648,45.1584,-40.8995,0.0332729,Cc1ccc(C(=O)Nc2ccc(-c3nn(-c4ccccc4C)c(=O)c(Cl)c3C(=O)Nc3ccc(Cl)cc3)cc2)cc1,1,O=C(Nc1ccc(-c2nn(-c3ccccc3)c(=O)cc2C(=O)Nc2ccccc2)cc1)c1ccccc1,0.0294757,362.0614,0.2190306,0.2190,0.6226988,2.3685,1.0000000,1.0000,[],38
49.5639,55.0747,-54.3723,0.0054874,Cc1ccc(C(C#N)(c2ccc(-c3nc4c(c(=O)[nH]3)CC=N4)cc2)c2cccc(Cl)c2)cc1,1,O=c1[nH]c(-c2ccc(C(c3ccccc3)c3ccccc3)cc2)nc2c1CC=N2,0.0043541,341.0197,0.4156808,0.4157,0.4930227,3.5360,1.0000000,1.0000,[],38
43.0538,45.2380,-45.2380,0.0000000,c1c2c(ccc1Br)c(=O)c(cc(-c1ccccc1)[nH]2)-c1c(Cl)cc(Cl)cc1Cl,0,,0.0000000,0.0000,0.0000000,0.0000,0.0000000,0.0000,0.0000000,0.0000,None,38
47.2717,69.1518,32.7908,0.7964266,COc1ccc(N(c2ccc(C)cc2)c2ccc(C=Cc3ccc(N=C(c4c(C(C)=O)ccn4C)N(c4ccccc4)c4ccccc4)cc3)c(O)c2)cc1,1,C(=Cc1ccc(N(c2ccccc2)c2ccccc2)cc1)c1ccc(N=C(c2ccc[nH]2)N(c2ccccc2)c2ccccc2)cc1,0.8711159,420.7469,0.0622885,0.0623,0.5153110,3.3149,1.0000000,1.0000,[],38
36.6559,38.8148,37.4539,0.5958496,N=c1oc2cc(Sc3ccccc3)ccc2cc1C(=O)c1ccccc1F,1,N=c1oc2cc(Sc3ccccc3)ccc2cc1C(=O)c1ccccc1,0.5993299,404.3720,0.4837525,0.4838,0.6176792,2.4089,1.0000000,1.0000,[],38
37.4653,45.0295,-23.3114,0.1696727,Cc1ccc(-c2c(-c3ccc(-c4ccc(N(c5ccccc5)c5ccccc5)cc4)cc3)c3sc(-c4cccs4)cc3c3c2sc2ccccc23)cc1,1,c1ccc(-c2c(-c3ccc(-c4ccc(N(c5ccccc5)c5ccccc5)cc4)cc3)c3sc(-c4cccs4)cc3c3c2sc2ccccc23)cc1,0.1659085,382.4664,0.1577464,0.1577,0.5494198,2.9945,1.0000000,1.0000,[],38
62.0704,82.5557,30.6037,0.8840584,COc1cc2ccc(N=NC(=N)N=C(c3ccc(-c4cc5c(Nc6cccc(C#N)c6)ncnc5[nH]4)cc3)N3CCc4ccccc43)cc2cc1OC,1,N=C(N=Nc1ccc2ccccc2c1)N=C(c1ccc(-c2cc3c(Nc4ccccc4)ncnc3[nH]2)cc1)N1CCc2ccccc21,0.9635624,435.5583,0.0851847,0.0852,0.4945521,3.5205,1.0000000,1.0000,[],38
46.2306,53.9005,-53.3843,0.0040326,COc1ccc(CCNC(=O)C2=C(N)Oc3ccc4ccccc4c3C2c2ccc3nc(N4CCCCC4)sc3c2)cc1,1,O=C(NCCc1ccccc1)C1=COc2ccc3ccccc3c2C1c1ccc2nc(N3CCCCC3)sc2c1,0.0032054,337.6820,0.2249347,0.2249,0.5263491,3.2090,1.0000000,1.0000,[],38
32.7169,41.8589,-39.5506,0.0180336,CCCCCC1CCC(c2ccc3ccc(-c4ccc(-c5ccc(N(c6ccc(C)cc6)c6ccc(C)cc6)cc5)cc4)cc3c2F)CC1,1,c1ccc(N(c2ccccc2)c2ccc(-c3ccc(-c4ccc5ccc(C6CCCCC6)cc5c4)cc3)cc2)cc1,0.0157349,355.0938,0.1340207,0.1340,0.5785697,2.7360,1.0000000,1.0000,[],38
56.6146,65.7893,-65.7893,0.0000000,COc1ccc(-c2c3cc(OC)ccc3c(C(=O)OC(C)C)c3c(-c4ccc(C#N)cc4)c(C#N)c(C#N)c(-c4cc(O)ccc4OC)c23)cc1,1,c1ccc(-c2ccc(-c3ccccc3)c3c(-c4ccccc4)c4ccccc4cc23)cc1,0.0000000,0.0000,0.0000000,0.0000,0.0000000,0.0000,0.0000000,0.0000,"['C(=[O,S])[O,S]']",38
59.1439,85.9872,-85.9529,0.0002673,CCCCC(CCCC)Cn1c(=O)c(-c2ccsc2)nc2c3c(C#N)c4cc5ccccc5cc4c(N(c4ccccc4)c4ccc(C)cc4)c3c(C#N)c(-c3ccc(N(c4ccccc4)c4ccccc4)cc3)c21,1,O=c1[nH]c2c(-c3ccc(N(c4ccccc4)c4ccccc4)cc3)cc3c(N(c4ccccc4)c4ccccc4)c4cc5ccccc5cc4cc3c2nc1-c1ccsc1,0.0001918,612.9258,0.0707682,0.0708,0.4374448,4.1340,1.0000000,1.0000,[],38
48.7008,52.8271,-52.1502,0.0052884,Cc1ccc(S(=O)(Cl)=NC2C=CC(n3c(Cl)cc4nc(N)[nH]c(=O)c43)C2)cc1,1,O=c1[nH]cnc2ccn(C3C=CC(N=[SH](=O)c4ccccc4)C3)c12,0.0041868,340.5926,0.4790265,0.4790,0.4040089,4.5316,1.0000000,1.0000,[],38
115.4771,129.8353,-129.8353,0.0000000,N([C@H]1[C@H]2SCC(=C(C(=O)O)N2C1=O)SC1C(C(O)(c2ccccc2)N)N(C(=C1c1ccc2[n+](cc(n2)C2CCCCC2)c(c1)=O)c1c(c(O)c2c(c1Br)c1c(c(=O)c2)cccc1)Br)N)=C(N)N,0,,0.0000000,0.0000,0.0000000,0.0000,0.0000000,0.0000,0.0000000,0.0000,None,38
60.4372,71.6779,-71.6779,0.0000000,N#Cc1cnc2c(C#N)c1C1=C(C(=O)C(=O)N1c1ccc(N(c3ccccc3)c3ccccc3)cc1)c1sc(Br)c(C#N)c1C=C2,1,O=C1C(=O)N(c2ccc(N(c3ccccc3)c3ccccc3)cc2)C2=C1c1sccc1C=Cc1cc2ccn1,0.0000000,0.0000,0.0000000,0.0000,0.0000000,0.0000,0.0000000,0.0000,['[*;r{8-17}]'],38
40.5006,65.4963,50.2196,0.9040302,CCN(c1ccc(F)cc1)c1cc2cc(C#N)c(-c3ccc(C=Cc4ccc(N(c5ccccc5)c5ccccc5)cc4)s3)cc2nc1-c1ccc(N(c2ccccc2)c2ccccc2)cc1,1,C(=Cc1ccc(-c2ccc3cc(Nc4ccccc4)c(-c4ccc(N(c5ccccc5)c5ccccc5)cc4)nc3c2)s1)c1ccc(N(c2ccccc2)c2ccccc2)cc1,0.9775209,440.9587,0.1154203,0.1154,0.4838794,3.6296,1.0000000,1.0000,[],38
43.3466,60.2618,12.5244,0.5686420,CCOc1cc(N(c2ccc(C)cc2)c2ccc(C)cc2)cc2sc(-n3ncc4c(C#N)cccc43)cc12,1,c1ccc(N(c2ccccc2)c2ccc3cc(-n4ncc5ccccc54)sc3c2)cc1,0.5859263,403.7691,0.2232688,0.2233,0.5573937,2.9224,1.0000000,1.0000,[],38
54.6006,81.6791,15.2302,0.7571038,CCc1cc(-c2nc(-c3ccc(N(c4ccccc4)c4ccccc4)cc3)c(O)c3c(C#N)c(F)c(O)cc23)cc(C=Cc2ccc(N(c3ccccc3)c3ccccc3)cc2)c1O,1,C(=Cc1cccc(-c2nc(-c3ccc(N(c4ccccc4)c4ccccc4)cc3)cc3ccccc23)c1)c1ccc(N(c2ccccc2)c2ccccc2)cc1,0.8119519,415.8815,0.1114746,0.1115,0.4834141,3.6344,1.0000000,1.0000,[],38
50.3670,69.9524,-69.9524,0.0000000,C(N(C)C)CN=c1[nH]c2c(c3cc4c(oc3c1=Cc1ccc(N(c3ccccc3)c3ccccc3)cc1)cc4)ccc(N(c1ccccc1)c1ccccc1)c2,0,,0.0000000,0.0000,0.0000000,0.0000,0.0000000,0.0000,0.0000000,0.0000,None,38
53.6770,69.3789,-69.3789,0.0000000,Cc1ccc(N(c2ccccc2)c2ccc3c(c2)oc2cc(C(C#N)=C4c5cc(-c6ccccc6)ccc5-c5cc6c4cccc6cc5-c4ccc(N(c5ccccc5)c5ccccc5)cc4)ccc23)cc1,1,C(=C1c2cc(-c3ccccc3)ccc2-c2cc3c1cccc3cc2-c1ccc(N(c2ccccc2)c2ccccc2)cc1)c1ccc2c(c1)oc1cc(N(c3ccccc3)c3ccccc3)ccc12,0.0000000,0.0000,0.1353393,0.1353,0.4232025,4.2995,1.0000000,1.0000,[],38
79.5286,94.2747,-23.5157,0.5528046,Cc1ccc(-c2ccc3c(c2)P(c2c4ccccc4c(-c4ccc(C=Cc5ccc6cc(C=Cc7ccc(C=Cc8ccccc8)cc7)ccc6c5)cc4)c4ccccc24)C(C)(C)C32CCCCc3cc(-c4ccc5ccccc5c4)ccc32)cc1,1,C(=Cc1ccc(C=Cc2ccc3cc(C=Cc4ccc(-c5c6ccccc6c(P6CC7(CCCCc8cc(-c9ccc%10ccccc%10c9)ccc87)c7ccc(-c8ccccc8)cc76)c6ccccc56)cc4)ccc3c2)cc1)c1ccccc1,0.5952708,404.1888,0.0727314,0.0727,0.3443964,5.3298,1.0000000,1.0000,[],38
36.5704,44.3961,-18.0739,0.2056422,CCCCNc1nc2cccc(I)c2c(N)c1C(=O)c1ccc(OC)cc1,1,O=C(c1ccccc1)c1cnc2ccccc2c1,0.1988031,384.8671,0.2897183,0.2897,0.6131301,2.4459,1.0000000,1.0000,[],38
36.2511,47.5636,-37.6720,0.0772786,Cc1ccc(N(c2ccc(NC(=O)CCN)cc2)c2ccc(N(c3ccccc3)c3ccccc3)cc2)c2ccccc12,1,c1ccc(N(c2ccccc2)c2ccc(N(c3ccccc3)c3cccc4ccccc34)cc2)cc1,0.0719973,372.2442,0.1842712,0.1843,0.6057165,2.5067,1.0000000,1.0000,[],38
97.9308,118.0027,-87.1880,0.2407396,CCCCCCCCCCCCC1(CCCCCCCCCCCC)c2cc(F)ccc2-c2c1cc(N(c1ccc3c(c1)C(C)(C)c1ccccc1-3)c1ccc(-c3ccc(-c4ccccc4)c(C)c3)cc1-c1cc3ccc4cc(-c5ccccc5)ccc4c3s1)c1c2c2c(n1-c1ccc(C=C(C=Cc3ccc(C)cc3)c3ccccc3)cc1)CC=CC2,1,C1=CCc2c(c3c4c(cc(N(c5ccc6c(c5)Cc5ccccc5-6)c5ccc(-c6ccc(-c7ccccc7)cc6)cc5-c5cc6ccc7cc(-c8ccccc8)ccc7c6s5)c3n2-c2ccc(C=C(C=Cc3ccccc3)c3ccccc3)cc2)Cc2ccccc2-4)C1,0.2604694,388.6700,0.0168893,0.0169,0.3072670,5.9002,1.0000000,1.0000,[],38
42.2638,62.1859,-5.9066,0.4396818,Cc1ccc(N(c2ccc(C)cc2)c2ccc(C=Cc3ccc(N(c4ccccc4)c4ccc(C=Cc5ccc(N(c6ccccc6)c6ccc7cc8c(cc7c6)C(C)(C)c6ccccc6N8c6ccc(C=Cc7ccc8ccccc8c7)cc6)cc5)cc4)cc3)cc2)cc1,1,C(=Cc1ccc(N(c2ccccc2)c2ccc(C=Cc3ccc(N(c4ccccc4)c4ccc5cc6c(cc5c4)Cc4ccccc4N6c4ccc(C=Cc5ccc6ccccc6c5)cc4)cc3)cc2)cc1)c1ccc(N(c2ccccc2)c2ccccc2)cc1,0.4623809,398.3631,0.0894054,0.0894,0.4389204,4.1172,1.0000000,1.0000,[],38
71.5424,108.9980,-31.4312,0.6059903,CCCCCCCCCCOc1ccc(N(c2ccc(Cl)cc2)c2ccc(N=Nc3ccc(Sc4ccc5cccc(CC(=O)C=Cc6ccc(C=Cc7ccc(C=Cc8ccc(N(c9ccccc9)c9ccccc9)cc8)s7)s6)c5c4)cc3)c3cc(N(C)c4ccc5ccccc5c4)ccc23)cc1,1,O=C(C=Cc1ccc(C=Cc2ccc(C=Cc3ccc(N(c4ccccc4)c4ccccc4)cc3)s2)s1)Cc1cccc2ccc(Sc3ccc(N=Nc4ccc(N(c5ccccc5)c5ccccc5)c5ccc(Nc6ccc7ccccc7c6)cc45)cc3)cc12,0.6772116,511.9548,0.0253994,0.0254,0.3602789,5.1044,1.0000000,1.0000,[],38
51.1916,69.6378,-12.5500,0.4459983,Cc1ccc(N(c2ccc(-c3ccccc3)cc2)c2ccc(N(c3ccc(C)cc3)c3ccc4c(c3)n(C3CCC(=O)NC3=O)c(=O)n4CC(=O)c3ccccc3)cc2)cc1,1,O=C1CCC(n2c(=O)n(CC(=O)c3ccccc3)c3ccc(N(c4ccccc4)c4ccc(N(c5ccccc5)c5ccc(-c6ccccc6)cc5)cc4)cc32)C(=O)N1,0.4664344,398.5401,0.1033428,0.1033,0.4760873,3.7108,1.0000000,1.0000,[],38
68.5638,87.1681,11.0744,0.7675193,CCCCCCCCCCCCCCOc1ccccc1CN(c1ccc(N(c2ccccc2)c2ccccc2)cc1)c1ccc(N=Nc2c(S(=O)(=O)c3ccc(N(CC)CC)cc3)cc3ccc(N(CC)c4ccc([N+](=O)[O-])cc4[N+](=O)[O-])cc3c2O)c([N+](=O)[O-])c1,1,O=S(=O)(c1ccccc1)c1cc2ccc(Nc3ccccc3)cc2cc1N=Nc1ccc(N(Cc2ccccc2)c2ccc(N(c3ccccc3)c3ccccc3)cc2)cc1,0.8779103,498.5807,0.0171132,0.0171,0.3895723,4.7135,1.0000000,1.0000,[],38
50.4188,65.1552,-65.1552,0.0000000,c12ccc(c(c2cc2c(c1F)cc1sc(cc1s2)-c1ccc(C)cc1)-c1ccc(cc1)=Nc1ccc(C)cc1)-c1ccc(cc1)C,0,,0.0000000,0.0000,0.0000000,0.0000,0.0000000,0.0000,0.0000000,0.0000,None,38
32.6549,39.0621,-25.0924,0.1091376,N#Cc1sc(-c2cc3ccc(=O)oc3cc2O)nc1N,1,O=c1ccc2cc(-c3nccs3)ccc2o1,0.0996571,376.1025,0.6615866,0.6616,0.5479004,3.0083,1.0000000,1.0000,[],38
22.1684,21.8976,-21.8976,0.0000000,Cc1ccccc1SN,1,c1ccccc1,0.0000000,0.0000,0.0000000,0.0000,0.0000000,0.0000,0.0000000,0.0000,['[#7;!n][S;!$(S(=O)=O)]'],38
56.4011,65.9334,-13.7484,0.4076947,Cc1ccc(N(c2ccccc2)c2ccc3cc4c5c(c3c2)C2c3c(cc(C#N)c(C#N)c3C#N)C2C=CC=5N=4)cc1,1,C1=CC2c3ccccc3C2c2c3c(cc4ccc(N(c5ccccc5)c5ccccc5)cc24)=NC=31,0.4133748,523.8004,0.2550059,0.2550,0.4271583,4.2530,1.0000000,1.0000,[],38
30.4200,44.6985,-13.7114,0.2420867,Cc1ccc(N(c2ccccc2)c2ccc(-c3cc(N(c4ccc(C)cc4)c4ccc(C)cc4)ccc3-c3nc4cc(-c5ccc(N(c6ccccc6)c6ccccc6)cc5)ccc4s3)cc2)cc1,1,c1ccc(N(c2ccccc2)c2ccc(-c3ccc4sc(-c5ccc(N(c6ccccc6)c6ccccc6)cc5-c5ccc(N(c6ccccc6)c6ccccc6)cc5)nc4c3)cc2)cc1,0.2432719,387.6788,0.1218064,0.1218,0.5378626,3.1008,1.0000000,1.0000,[],38
58.1829,86.4112,-86.4112,0.0000000,c1(OC(F)(F)F)c2c(cc(N(c3ccccc3)c3ccccc3)cc2c2cc3c(c4c(cc(N(c5ccc(C(C)(C)C)cc5)c5ccc(cc5)C)cc4)cc3)cc2)n1-c1ccc(cc1)C=Cc1sc2cc(C(C)(C)C)ccc2c1,0,,0.0000000,0.0000,0.0000000,0.0000,0.0000000,0.0000,0.0000000,0.0000,None,38
91.5551,112.4642,-112.4642,0.0000000,CCCCCCCCCCOC(=O)CCCCCCN1c2c3cc(F)c(c2-c2ccc(C)cc2)C(=O)N(c2ccc(C)cc2)C(c2ccccc2)(c2ccc(C(F)(F)F)cc2)C(C#N)=S3N1CCCCCCCC(=O)N=Cc1c(-c2ccc(C)cc2)sc(C(=O)O)c1OCCCCCCCCCC,1,O=C(CCCCCCCN1Nc2c3ccc(c2-c2ccccc2)C(=O)N(c2ccccc2)C(c2ccccc2)(c2ccccc2)C=S31)N=Cc1ccsc1-c1ccccc1,0.0000000,0.0000,0.0000000,0.0000,0.0000000,0.0000,0.0000000,0.0000,"['[*;r{8-17}]', '[#7;!n][S;!$(S(=O)=O)]', '[#7;!n][#7;!n]', 'C(=[O,S])[O,S]']",38
52.6594,68.0490,-68.0490,0.0000000,Clc1ccc(N=c2sc(c(=O)n2C(=O)c2cc3c(n(c(s3)=NC#N)-c3ccc(CCCCCC)cc3)c(c2)-c2sc(cc2)C=C(C#N)C#N)C#N)cc1,0,,0.0000000,0.0000,0.0000000,0.0000,0.0000000,0.0000,0.0000000,0.0000,None,38
39.8364,54.1397,-54.0217,0.0009220,Cn1c(=O)n(Cc2ccc3c(N)c4cc5cc6ccccc6cc5cc4cc3c2)c(=O)c2ccccc21,1,O=c1[nH]c2ccccc2c(=O)n1Cc1ccc2cc3cc4cc5ccccc5cc4cc3cc2c1,0.0006745,599.2685,0.2452859,0.2453,0.5957531,2.5896,1.0000000,1.0000,[],38
30.7288,42.4194,-14.7773,0.2159539,Clc1cccc(CNc2c(N3CCCC3)cc(N(c3ccccc3)c3ccccc3)c3ccccc23)c1,1,c1ccc(CNc2c(N3CCCC3)cc(N(c3ccccc3)c3ccccc3)c3ccccc23)cc1,0.2105723,385.6522,0.2385932,0.2386,0.6166134,2.4176,1.0000000,1.0000,[],38
44.9789,60.3965,-16.1050,0.3460273,COc1ccc(N(c2ccc(C)cc2)c2cc(Oc3cnc4c(ccc5cc6sccc6cc54)c3)c3ccccc3c2)cc1,1,c1ccc(N(c2ccccc2)c2cc(Oc3cnc4c(ccc5cc6sccc6cc54)c3)c3ccccc3c2)cc1,0.3495379,393.2568,0.1810090,0.1810,0.5662317,2.8438,1.0000000,1.0000,[],38
56.6884,75.0019,-75.0019,0.0000000,CCN(CC#Cc1ccc(C=Cc2ccc3c(c2)C(C)(C#N)c2cc(C=Cc4sc5cc(C)ccc5c4C#N)ccc2-3)cc1)Cc1ccc(N(c2ccccc2)c2ccc(C)cc2)cc1,1,C(#Cc1ccc(C=Cc2ccc3c(c2)Cc2cc(C=Cc4cc5ccccc5s4)ccc2-3)cc1)CNCc1ccc(N(c2ccccc2)c2ccccc2)cc1,0.0000000,0.0000,0.0000000,0.0000,0.0000000,0.0000,0.0000000,0.0000,['C#C'],38
45.5285,58.9162,53.3258,0.8768904,CCCCCCCCCCCCCCN(CCCCCCCCCCCC)c1ccc([N+]23CCCC2=Cc2ccc4c(N(c5ccccc5)c5ccccc5)ccc-4cc23)cc1,1,C1=C2CCC[N+]2(c2ccccc2)c2cc3ccc(N(c4ccccc4)c4ccccc4)c-3ccc21,0.9851986,445.5805,0.0349861,0.0350,0.4355535,4.1557,1.0000000,1.0000,[],38
38.9199,53.2686,-17.7578,0.2774281,Cc1ccc(N(c2ccccc2)c2ccc(C=Cc3ccc(N(C)c4ncc(-c5ccc(N)c(N)c5)s4)cc3)cc2)cc1,1,C(=Cc1ccc(N(c2ccccc2)c2ccccc2)cc1)c1ccc(Nc2ncc(-c3ccccc3)s2)cc1,0.2793233,389.7092,0.1387205,0.1387,0.5678310,2.8297,1.0000000,1.0000,[],38
36.9596,63.1392,-63.1392,0.0000000,c1(cc(n2c1sc(c2)C#N)Nc1ccc(cc1)N(c1ccc(cc1)C)c1ccc(OC)cc1)=Nc1ccc(cc1)C,0,,0.0000000,0.0000,0.0000000,0.0000,0.0000000,0.0000,0.0000000,0.0000,None,38
37.3592,47.9989,-31.9659,0.1252574,C(=Cc1ccc2c(c1)c1ccc(-c3ccc(N(c4ccccc4)c4ccccc4)cc3)cc1n2N(c1ccccc1)c1ccc(N(c2ccccc2)c2ccccc2)cc1)c1ccc(N(c2ccccc2)c2ccccc2)cc1,1,C(=Cc1ccc2c(c1)c1ccc(-c3ccc(N(c4ccccc4)c4ccccc4)cc3)cc1n2N(c1ccccc1)c1ccc(N(c2ccccc2)c2ccccc2)cc1)c1ccc(N(c2ccccc2)c2ccccc2)cc1,0.1226859,378.6410,0.0952132,0.0952,0.5062585,3.4035,1.0000000,1.0000,[],38
53.8630,74.4142,-51.4866,0.1791219,Cc1ccc(-c2cc(-c3nc(-c4ccc(C)cc4)c(-c4ccc(C)cc4)c4c(-c5cc(C)c(C)s5)c(-c5ccc(C)s5)c(-c5ccc(C)cc5)nc34)ccc2-c2ccc(F)cc2C#N)cc1,1,c1ccc(-c2ccc(-c3nc(-c4ccccc4)c(-c4ccccc4)c4c(-c5cccs5)c(-c5cccs5)c(-c5ccccc5)nc34)cc2-c2ccccc2)cc1,0.1763095,383.2628,0.1526914,0.1527,0.4826348,3.6425,1.0000000,1.0000,[],38
61.0299,86.9338,7.9789,0.7415057,COc1ccc(N2Cc3cc(C)ccc3N(c3ccc(C)cc3)c3c2cc2cc(C=Cc4cc(C=Cc5ccc(N(c6ccccc6)c6ccccc6)cc5OC)c5c(c4)OCO5)sc2c3OC)cc1,1,C(=Cc1cc(C=Cc2cc3cc4c(cc3s2)N(c2ccccc2)c2ccccc2CN4c2ccccc2)cc2c1OCO2)c1ccc(N(c2ccccc2)c2ccccc2)cc1,0.7952363,414.7311,0.1123359,0.1123,0.4532912,3.9561,1.0000000,1.0000,[],38
77.9301,114.7784,-1.7578,0.8829735,CCCN(CCC)c1cc2cc3cc(C(=O)C=Cc4cc5cc6c(cc5c(C(C)(C#N)C#N)c4NC(=O)C(=O)Nc4cccc(N=Cc5c(O)ccc7ccccc57)c4)OCO6)ccc3cc2cc1C#N,1,O=C(Nc1cccc(N=Cc2cccc3ccccc23)c1)C(=O)Nc1cc2cc3c(cc2cc1C=CC(=O)c1ccc2cc4ccccc4cc2c1)OCO3,0.9950430,462.4344,0.0328250,0.0328,0.4222676,4.3106,1.0000000,1.0000,[],38
47.1548,61.1212,-61.1212,0.0000000,COC(=O)c1nc2cc(C)c(-c3ccc(N(c4ccc(C)cc4)c4ccc(-c5ccc(C)cc5)cc4)cc3)cc2nc1-c1cc2ccccc2cc1-c1ccccc1,1,c1ccc(-c2ccc(N(c3ccccc3)c3ccc(-c4ccc5ncc(-c6cc7ccccc7cc6-c6ccccc6)nc5c4)cc3)cc2)cc1,0.0000000,0.0000,0.0000000,0.0000,0.0000000,0.0000,0.0000000,0.0000,"['C(=[O,S])[O,S]']",38
35.7367,50.6490,65.9880,0.9112267,COc1ccc(N(c2ccccc2)c2ccc3sc4cc(N(c5ccccc5)c5ccc(C=Cc6ccc(N=Nc7ccc(N(c8ccccc8)c8ccccc8)cc7)cc6)cc5)ccc4c3c2)cc1,1,C(=Cc1ccc(N(c2ccccc2)c2ccc3c(c2)sc2ccc(N(c4ccccc4)c4ccccc4)cc23)cc1)c1ccc(N=Nc2ccc(N(c3ccccc3)c3ccccc3)cc2)cc1,0.9957568,460.7384,0.0805087,0.0805,0.5131896,3.3355,1.0000000,1.0000,[],38
48.5853,74.3024,37.0058,0.8695955,CCCCCCCCCCCCCCc1ccc(C=Cc2ccc(N(c3ccc(C(=O)NCCCC)cc3)c3ccc(-c4sc(-c5ccc(C=C(C#N)c6ccc(C=Cc7ccc(C)cc7)cc6)s5)cc4CCCCCCCCCCCC)cc3)cc2)cc1,1,C(=Cc1ccc(C=Cc2ccc(-c3ccc(-c4ccc(N(c5ccccc5)c5ccc(C=Cc6ccccc6)cc5)cc4)s3)s2)cc1)c1ccccc1,0.9890743,448.9195,0.0237297,0.0237,0.4261381,4.2650,1.0000000,1.0000,[],39
59.4038,73.7139,24.8843,0.7702982,Cc1ccc(-n2c(-c3ccc(C(C)(C)C)cc3)c(C#N)c3cc(C=Cc4ccc5c(c4)C(=O)c4ccc(N6c7ccccc7C(C)(C)c7ccccc76)cc4S5(=O)=O)ccc32)cc1,1,O=C1c2cc(C=Cc3ccc4c(c3)cc(-c3ccccc3)n4-c3ccccc3)ccc2S(=O)(=O)c2cc(N3c4ccccc4Cc4ccccc43)ccc21,0.8172103,416.2596,0.1612244,0.1612,0.4852247,3.6157,1.0000000,1.0000,[],39
40.4190,56.6504,-20.3545,0.2835624,CCOc1cccc2c(-c3ccc(C)c(C=Cc4ccc(N(c5ccccc5)c5ccccc5)cc4)c3)c3oc(=O)ccc3cc12,1,O=c1ccc2cc3ccccc3c(-c3cccc(C=Cc4ccc(N(c5ccccc5)c5ccccc5)cc4)c3)c2o1,0.2888857,390.2197,0.0989957,0.0990,0.5682257,2.8262,1.0000000,1.0000,[],39
38.8356,58.6488,60.7537,0.9328323,COc1ccc2cc(-c3c(N)c(C#N)c(C#N)c4c5c(cc(-c6ccc(N(c7ccccc7)c7ccccc7)cc6)c34)OCO5)ccc2c1,1,c1ccc(N(c2ccccc2)c2ccc(-c3cc4c(c5cccc(-c6ccc7ccccc7c6)c35)OCO4)cc2)cc1,0.9938971,455.2950,0.1811944,0.1812,0.5360974,3.1172,1.0000000,1.0000,[],39
67.9275,87.0658,-87.0658,0.0000000,c1c(cn2c(c1=O)c(c1c2ccc(Br)c1C(c1ccccc1)=O)=C(C#N)C#N)-c1ccc(cc1)N(c1ccc(C=Cc2ccc(cc2)C=Cc2ccc(cc2)CC#N)cc1)c1ccc(cc1)F,0,,0.0000000,0.0000,0.0000000,0.0000,0.0000000,0.0000,0.0000000,0.0000,None,39
40.7422,42.9411,-5.5853,0.2918425,CCN(CC)CCN=C1CC(=O)c2c(ccc3ccccc23)N1,1,N=C1CC(=O)c2c(ccc3ccccc23)N1,0.2777068,389.6218,0.9179336,0.9179,0.5531554,2.9606,1.0000000,1.0000,[],39
33.0427,42.4887,18.5865,0.4771498,COc1cc(OC)c(I)c(C=CC=Cc2ccc(N(c3ccccc3)c3ccccc3)cc2)c1O,1,C(C=Cc1ccc(N(c2ccccc2)c2ccccc2)cc1)=Cc1ccccc1,0.4908527,399.6027,0.1699278,0.1699,0.5850093,2.6806,1.0000000,1.0000,[],39
69.1213,84.3090,-84.3090,0.0000000,c12cc3n(CC(c4ccc(N(CCCC)CCCC)cc4)C(=C4c5ccccc5N(CCCCCC)C4=O)C(c4ccccc4)=C3C=Cc3ccc(cc3)-c3sc(C=O)cc3)cc1cccc2,0,,0.0000000,0.0000,0.0000000,0.0000,0.0000000,0.0000,0.0000000,0.0000,None,39
51.7188,67.9722,-41.0359,0.2104395,N#Cc1c(N)nc2nc(-c3cccc4ccccc34)cc(-c3ccc(N)cc3)c2c1-c1ccc2cc3c(c(C#N)c2c1)OCCCO3,1,c1ccc(-c2cc(-c3cccc4ccccc34)nc3nccc(-c4ccc5cc6c(cc5c4)OCCCO6)c23)cc1,0.2070363,385.4198,0.1915070,0.1915,0.5258742,3.2135,1.0000000,1.0000,[],39
64.0066,91.2895,-6.2624,0.6642739,Cc1ccc(C=Cc2ccc3c(c2)oc2ccc(C=Cc4ccc(C=Cc5ccc(C=Cc6ccc(N(c7ccc(C)cc7)c7ccc(N8C=CC(c9cccc(N(c%10ccccc%10)c%10ccccc%10)c9)=CC8)cc7C=Cc7cncc(C)c7)cc6)cc5)cc4)cc23)cc1,1,C1=CN(c2ccc(N(c3ccccc3)c3ccc(C=Cc4ccc(C=Cc5ccc(C=Cc6ccc7oc8cc(C=Cc9ccccc9)ccc8c7c6)cc5)cc4)cc3)c(C=Cc3cccnc3)c2)CC=C1c1cccc(N(c2ccccc2)c2ccccc2)c1,0.7179260,410.1429,0.0800348,0.0800,0.3968775,4.6206,1.0000000,1.0000,[],39
40.8474,50.8663,64.4894,0.9012170,CN(C)c1ccc(C(=O)C(C#N)=Cc2ccc(N(c3ccc(Br)cc3)c3ccc(-c4ccc(C=C(C#N)c5ccc(Br)cc5)cc4)cc3)cc2)cc1,1,O=C(C=Cc1ccc(N(c2ccccc2)c2ccc(-c3ccc(C=Cc4ccccc4)cc3)cc2)cc1)c1ccccc1,0.9919956,452.3296,0.0596827,0.0597,0.5539640,2.9533,1.0000000,1.0000,[],39
63.3725,81.3578,31.8465,0.8844084,CCCCCCCCN(CCCCCCCC)c1ccc(-c2c3c(=O)c4cc(N(CCCCCCCC)c5ccc(C)cc5)ccc4ccc3c(-c3ccc(F)cc3)c3cc(NC(=O)CCC#N)c4cc(C)ccc4c23)cc1,1,O=c1c2cc(Nc3ccccc3)ccc2ccc2c(-c3ccccc3)c3ccc4ccccc4c3c(-c3ccccc3)c12,0.9915764,451.7708,0.0373504,0.0374,0.4453533,4.0444,1.0000000,1.0000,[],39
45.9539,62.3272,54.5825,0.9133567,Cc1ccc(N(c2ccc(C=C(C#N)C#N)cc2)c2ccc(-c3ccc(-c4ccc(-c5ccc(C=C(Cc6cccc7ccccc67)c6ccc(C#N)cc6)cc5)s4)s3)cc2)cc1,1,C(=C(Cc1cccc2ccccc12)c1ccccc1)c1ccc(-c2ccc(-c3ccc(-c4ccc(N(c5ccccc5)c5ccccc5)cc4)s3)s2)cc1,0.9935598,454.7074,0.0960047,0.0960,0.4918863,3.5475,1.0000000,1.0000,[],39
44.9526,53.1675,-53.1675,0.0000000,c1(N(c2ccc(cc2)OC)c2ccc(cc2)I)c2c(c3c(cc2)c2ccccc2cc3)nc1-c1ccc(cc1)N(C)C,0,,0.0000000,0.0000,0.0000000,0.0000,0.0000000,0.0000,0.0000000,0.0000,None,39
64.2454,75.3447,-75.3447,0.0000000,c12c(-c3c(c(-c4sc(c(CCCCCC)c4C#Cc4ccc(cc4)CCCCCC)CCCCCCCC)c4c(s3)ccs4)OCCCCCCCC)ccc(c2cccc1)-c1ccc(cc1)N(c1ccccc1)c1ccc(OC)cc1,0,,0.0000000,0.0000,0.0000000,0.0000,0.0000000,0.0000,0.0000000,0.0000,None,39
55.6355,69.2976,-69.2976,0.0000000,CCCCCCCCc1ccc(N2c3ccc(cc3C)N(c3ccc(C)cc3)c3ccc4c(sc5ccc(-c6ccc(N(c7ccc(C)cc7)c7ccc(Cl)cc7)cc6)cc54)c3S2(=O)=O)cc1,1,O=S1(=O)c2c(ccc3c2sc2ccc(-c4ccc(N(c5ccccc5)c5ccccc5)cc4)cc23)N(c2ccccc2)c2ccc(cc2)N1c1ccccc1,0.0000000,0.0000,0.0000000,0.0000,0.0000000,0.0000,0.0000000,0.0000,['[*;r{8-17}]'],39
31.3647,30.7718,-30.7205,0.0004005,COc1ccc(NS(=O)(=O)c2cccc(C(=O)NCc3nnc4ccccn34)c2)cc1,1,O=C(NCc1nnc2ccccn12)c1cccc(S(=O)(=O)Nc2ccccc2)c1,0.0002744,310.9639,0.4590496,0.4590,0.6489927,2.1617,1.0000000,1.0000,[],39
28.0372,49.5115,44.6073,0.7353034,Cc1ccc(N(c2ccc(C)cc2)c2ccc(-c3nc(N)c(-c4ccc(N(c5ccc(C)cc5)c5ccc(C)cc5)cc4)c4cc(N(c5ccccc5)c5ccccc5)ccc34)cc2)cc1,1,c1ccc(N(c2ccccc2)c2ccc(-c3cnc(-c4ccc(N(c5ccccc5)c5ccccc5)cc4)c4ccc(N(c5ccccc5)c5ccccc5)cc34)cc2)cc1,0.7795056,413.7105,0.1404454,0.1404,0.5503725,2.9858,1.0000000,1.0000,[],39
56.4374,78.2600,12.7553,0.7110571,CCCCCCCCN(c1ccc(C)cc1)c1ccc2cc(C=Nc3nc4c(C=C5CCc6ccccc6C5=C(C#N)C#N)ccc(N(c5ccccc5)c5ccc(C)cc5)c4s3)ccc2c1,1,C=C1C(=Cc2ccc(N(c3ccccc3)c3ccccc3)c3sc(N=Cc4ccc5cc(Nc6ccccc6)ccc5c4)nc23)CCc2ccccc21,0.7768945,506.4537,0.0581864,0.0582,0.4526833,3.9628,1.0000000,1.0000,[],39
46.2836,67.9201,-51.1094,0.1313336,CCOc1cc2c(OC)c3cc4ccc(C=Cc5ccc(C=Cc6ccc(-c7ccc(OC)cc7)cc6)cc5)cc4cc3c(-c3ccc(N(c4ccccc4)c4ccccc4)cc3)c2cc1-c1ccc(OC)cc1,1,C(=Cc1ccc(-c2ccccc2)cc1)c1ccc(C=Cc2ccc3cc4cc5ccc(-c6ccccc6)cc5c(-c5ccc(N(c6ccccc6)c6ccccc6)cc5)c4cc3c2)cc1,0.1299408,540.6451,0.0756246,0.0756,0.4987509,3.4782,1.0000000,1.0000,[],39
40.7352,59.6060,49.7281,0.8541726,O=C(Nc1ccc(N(c2ccccc2)c2ccccc2)cc1)c1nc2ccccc2cc1N=Nc1nc2ccc(Nc3ccc(N(c4ccccc4)c4ccccc4)cc3)cc2s1,1,O=C(Nc1ccc(N(c2ccccc2)c2ccccc2)cc1)c1nc2ccccc2cc1N=Nc1nc2ccc(Nc3ccc(N(c4ccccc4)c4ccccc4)cc3)cc2s1,0.9186963,493.6735,0.1189810,0.1190,0.5168892,3.2996,1.0000000,1.0000,[],39
40.6268,48.5193,66.2876,0.8969289,Cc1ccc(-c2ccc(N(c3ccc(O)cc3)c3ccc(-c4ccc(C=Cc5ccc(-c6ccccc6)s5)s4)cc3)cc2C)s1,1,C(=Cc1ccc(-c2ccc(N(c3ccccc3)c3ccc(-c4cccs4)cc3)cc2)s1)c1ccc(-c2ccccc2)s1,0.9533005,432.7480,0.1791828,0.1792,0.5553161,2.9411,1.0000000,1.0000,[],39
52.0486,83.3554,31.3523,0.8961540,COc1cc(C)c(C)cc1-n1cnc2nc(-c3ccc(N(c4ccc(C)cc4)c4ccc(C)cc4)cc3)c(C#N)c(NC(=O)c3cc4cc(Br)ccc4oc3=O)c2c1=O,1,O=C(Nc1cc(-c2ccc(N(c3ccccc3)c3ccccc3)cc2)nc2ncn(-c3ccccc3)c(=O)c12)c1cc2ccccc2oc1=O,0.9603446,434.6031,0.1478879,0.1479,0.4999722,3.4660,1.0000000,1.0000,[],39
45.6080,42.7095,-42.7095,0.0000000,CN1C(=O)CCc2cc(S(=O)(=O)N(C)CC(=O)N3N=C(c4ccc(Cl)cc4)CC3c3ccc(F)cc3)ccc21,1,O=C1CCc2cc(S(=O)(=O)NCC(=O)N3N=C(c4ccccc4)CC3c3ccccc3)ccc2N1,0.0000000,0.0000,0.0000000,0.0000,0.0000000,0.0000,0.0000000,0.0000,['[#7;!n][#7;!n]'],39
37.6892,55.4563,52.9354,0.8468102,N#Cc1sc(-c2ccc(Nc3ccc(-c4oc(C=Cc5ccc(N(c6ccccc6)c6ccccc6)cc5)c5ccccc45)cc3)cc2)c(C#N)c1-c1ccc(N(c2ccccc2)c2ccccc2)cc1,1,C(=Cc1oc(-c2ccc(Nc3ccc(-c4cc(-c5ccc(N(c6ccccc6)c6ccccc6)cc5)cs4)cc3)cc2)c2ccccc12)c1ccc(N(c2ccccc2)c2ccccc2)cc1,0.9104132,494.8251,0.1240787,0.1241,0.4840926,3.6274,1.0000000,1.0000,[],39
46.2844,52.4173,-52.4173,0.0000000,Cc1cc(Cl)ccc1-c1c(O)c(C=NNc2ccc([N+](=O)[O-])cc2)c2ccc([N+](=O)[O-])cc2c1[N+](=O)[O-],1,C(=NNc1ccccc1)c1cc(-c2ccccc2)cc2ccccc12,0.0000000,0.0000,0.0000000,0.0000,0.0000000,0.0000,0.0000000,0.0000,['[#7;!n][#7;!n]'],39
52.4383,66.6799,44.6372,0.8696652,CCOc1c(C=C(C#N)C#N)c(-c2ccc(N(c3ccccc3)c3ccccc3)cc2)cc2c1C(=O)C(=Cc1csc3ccccc3c1=O)C2(C)C,1,O=C1C(=Cc2csc3ccccc3c2=O)Cc2cc(-c3ccc(N(c4ccccc4)c4ccccc4)cc3)ccc21,0.9379466,429.4853,0.1161806,0.1162,0.4914104,3.5524,1.0000000,1.0000,[],39
33.3844,44.9497,-1.1540,0.3421539,Cc1ccc(-c2ccc3c(c2)c2cc(N(c4ccc(C)cc4)c4ccc(-c5ccc(C)c(C)c5)cc4)ccc2c2ccc(N(c4ccc(C)cc4)c4ccc(C)cc4)cc23)cc1,1,c1ccc(-c2ccc(N(c3ccccc3)c3ccc4c5ccc(N(c6ccccc6)c6ccccc6)cc5c5ccc(-c6ccccc6)cc5c4c3)cc2)cc1,0.3478679,393.1770,0.1413163,0.1413,0.5869530,2.6641,1.0000000,1.0000,[],39
56.2981,79.4388,-31.5210,0.3743581,CCN1c2cc3nc(-c4ccc(N(c5ccccc5)c5ccccc5)cc4)oc3cc2C=CC1N1CC(Nc2ccc(C#N)cn2)=C1C#N,1,C1=CC(N2C=C(Nc3ccccn3)C2)Nc2cc3nc(-c4ccc(N(c5ccccc5)c5ccccc5)cc4)oc3cc21,0.3819811,394.7760,0.1753421,0.1753,0.4482788,4.0117,1.0000000,1.0000,[],39
32.5411,34.6418,79.6866,0.8931908,CCCCN(CCCC)c1ccc([N+](=O)[O-])c(N=Cc2cccc([N+](=O)[O-])c2O)c1,1,C(=Nc1ccccc1)c1ccccc1,0.9331594,428.6229,0.2996817,0.2997,0.5745393,2.7709,1.0000000,1.0000,[],39
37.4915,51.8568,-8.9691,0.3350605,Cc1ccc(N(c2ccc(C)cc2)c2ccc(C=Cc3ccc(-c4cc5ccccn5c4-c4ccc(C)c5ccccc45)cc3)cc2)cc1,1,C(=Cc1ccc(N(c2ccccc2)c2ccccc2)cc1)c1ccc(-c2cc3ccccn3c2-c2cccc3ccccc23)cc1,0.3393279,392.7658,0.1590262,0.1590,0.5617313,2.8837,1.0000000,1.0000,[],39
37.3886,47.5004,72.2016,0.9351719,Cc1ccc(N(c2ccc(C)cc2)c2ccc(N(c3ccc(C)cc3)c3ccc4c5c(ccc4c3)=NCN=5)c3ccccc23)cc1,1,c1ccc(N(c2ccccc2)c2ccc(N(c3ccccc3)c3ccc4c5c(ccc4c3)=NCN=5)c3ccccc23)cc1,0.9940854,464.3626,0.1918401,0.1918,0.5527615,2.9641,1.0000000,1.0000,[],39
39.8867,45.0990,-42.3941,0.0211323,CCOc1ccc(NC(=O)C2c3cc(Br)ccc3N(CC(C)C)C2c2ccc([N+](=O)[O-])cc2)cc1,1,O=C(Nc1ccccc1)C1c2ccccc2NC1c1ccccc1,0.0182550,356.7346,0.2550775,0.2551,0.5267900,3.2048,1.0000000,1.0000,[],39
57.2899,81.1893,32.3496,0.8870226,COc1ccc(-c2cc3cc(C=Nc4c(Br)cccc4C(=C(c4ccc(C)cc4)c4ccc(C)cc4)c4ccc(C)cc4)c(N(c4ccc(C)cc4)c4ccc(C)cc4)cc3c3cc(Br)c(Br)cc23)cc1,1,C(=Nc1ccccc1C(=C(c1ccccc1)c1ccccc1)c1ccccc1)c1cc2cc(-c3ccccc3)c3ccccc3c2cc1N(c1ccccc1)c1ccccc1,0.9726253,438.7649,0.0732464,0.0732,0.4700478,3.7746,1.0000000,1.0000,[],39
95.2792,119.8896,-119.8896,0.0000000,C1(Nc2ccc3c(cc(cc3)N(c3ccc(CCCCCCCCCCCCCCCC)cc3)c3ccc(cc3)C)cc2C2C1=C1c3c(ccc(c3)C)-c3ccc(cc13)C=Cc1sc(-c3ccc(C=Nc4ccc(cc4)CCCCCCCCCCCCCCCCCCCC)cc3)cc1)=C(C#N)C(=O)N2c1c(O)c(cc(c1)C)C,0,,0.0000000,0.0000,0.0000000,0.0000,0.0000000,0.0000,0.0000000,0.0000,None,39
29.8931,43.6478,68.9449,0.8796310,O=c1c2ccccc2oc2c1c(N(c1ccccc1)c1ccccc1)c(S(=O)(=O)c1ccccc1)c1cc(N(c3ccccc3)c3ccccc3)ccc12,1,O=c1c2ccccc2oc2c1c(N(c1ccccc1)c1ccccc1)c(S(=O)(=O)c1ccccc1)c1cc(N(c3ccccc3)c3ccccc3)ccc12,0.9471991,431.3450,0.1149433,0.1149,0.5537826,2.9549,1.0000000,1.0000,[],39
60.6357,84.5879,-49.3495,0.2753000,CCCCCCCCCCCCCCOc1ccc(N(c2ccc(OCCCCCCCCCC)cc2)c2ccc(-c3ccc(-c4ccc(S(=O)(=O)Nc5nc6cc(-c7ccc(OCCCCCCCCCCCC)cc7)ccc6s5)cc4)c4cc(C#N)ccc34)cc2)cc1,1,O=S(=O)(Nc1nc2cc(-c3ccccc3)ccc2s1)c1ccc(-c2ccc(-c3ccc(N(c4ccccc4)c4ccccc4)cc3)c3ccccc23)cc1,0.2904565,390.3026,0.0375586,0.0376,0.4284453,4.2380,1.0000000,1.0000,[],39
44.3123,61.3522,56.4411,0.9202601,N#Cc1c(-c2ccc(N(c3ccccc3)c3ccccc3)cc2)nc2c(cc(-c3ccc(C(=O)N(c4ccccc4)c4ccccc4)cc3)c3cc(F)c(N(c4ccccc4)c4ccccc4)cc32)c1C#N,1,O=C(c1ccc(-c2cc3ccc(-c4ccc(N(c5ccccc5)c5ccccc5)cc4)nc3c3cc(N(c4ccccc4)c4ccccc4)ccc23)cc1)N(c1ccccc1)c1ccccc1,0.9945599,463.4494,0.1201098,0.1201,0.4883049,3.5841,1.0000000,1.0000,[],39
57.2654,72.7430,-72.7430,0.0000000,c1cc(C#N)c(C#N)c2c3c(c(-c4ccc(N(c5ccc6c(c5)cccc5)c5ccc(c5)N(c5ccccc5)c5ccccc5)ccc6)cccc4c(c3)N(c3ccccc3)c3ccccc3)c3ccccc3c12,0,,0.0000000,0.0000,0.0000000,0.0000,0.0000000,0.0000,0.0000000,0.0000,None,39
26.8911,37.5257,76.4081,0.8901076,Cc1ccc(N(c2ccc(C=Cc3ccc(N(c4ccc(C)cc4)c4ccc(C)cc4)s3)cc2)c2cccc(C)c2)cc1,1,C(=Cc1ccc(N(c2ccccc2)c2ccccc2)s1)c1ccc(N(c2ccccc2)c2ccccc2)cc1,0.9447453,430.8236,0.1777659,0.1778,0.5887134,2.6491,1.0000000,1.0000,[],39
54.6935,75.9509,-75.9509,0.0000000,CCCCCCCCOc1ccc(C(O)C2=Cc3c(N(c4ccc(F)cc4)c4ccc(-c5ccc(C=Cc6ccc(OC)cc6)s5)cc4)c(cc4ccccc34)-c3ccccc32)cc1,1,C(=Cc1ccc(-c2ccc(N(c3ccccc3)c3c4cc5ccccc5c3C=C(Cc3ccccc3)c3ccccc3-4)cc2)s1)c1ccccc1,0.0000000,0.0000,0.0926362,0.0926,0.3976709,4.6107,1.0000000,1.0000,[],39
29.1262,43.5152,74.2494,0.9200360,CCC(=C1C(=O)N(c2ccc(C)cc2)c2ccc(N(c3ccc(C)cc3)c3ccc(C)cc3)cc21)c1ccc(C)cc1,1,O=C1C(=Cc2ccccc2)c2cc(N(c3ccccc3)c3ccccc3)ccc2N1c1ccccc1,0.9752439,439.8858,0.1970858,0.1971,0.5826110,2.7012,1.0000000,1.0000,[],39
48.9867,54.2618,-50.6105,0.0285253,CCCCC(CC)Cc1c(C=Cc2ccccc2)csc1-c1cc2c(=O)c3ccccc3oc2c2ccccc12,1,O=c1c2ccccc2oc2c1cc(-c1cc(C=Cc3ccccc3)cs1)c1ccccc12,0.0255607,360.4704,0.1343137,0.1343,0.5124519,3.3427,1.0000000,1.0000,[],39
27.8739,37.5674,-2.2747,0.2757239,Cc1ccc2c(=O)c3ccc(N(c4ccccc4)c4ccc(-c5ccc(N(c6ccccc6)c6ccccc6)cc5)cc4)cc3oc2c1,1,O=c1c2ccccc2oc2cc(N(c3ccccc3)c3ccc(-c4ccc(N(c5ccccc5)c5ccccc5)cc4)cc3)ccc12,0.2755224,389.5033,0.1661476,0.1661,0.6102798,2.4692,1.0000000,1.0000,[],39
52.7328,60.4879,-60.1158,0.0029073,[C-]#[N+]c1cc(-c2ccc(-c3sc4ccccc4c3-c3cc4cc(Cl)ccc4s3)cc2)ccc1-n1cc(C#N)cn1,1,c1ccc2sc(-c3c(-c4ccc(-c5ccc(-n6cccn6)cc5)cc4)sc4ccccc34)cc2c1,0.0022801,333.9735,0.1981893,0.1982,0.5329078,3.1470,1.0000000,1.0000,[],39
41.6600,65.7236,47.9314,0.8879295,CCCCN(CCCC)c1ccc(N=C2c3c(cc(C#N)cc3-c3ccc(N(c4ccccc4)c4ccc(C)cc4)cc3)OC2(C)c2ccc(N(c3ccccc3)c3ccccc3)cc2)cc1,1,c1ccc(N=C2c3c(cccc3-c3ccc(N(c4ccccc4)c4ccccc4)cc3)OC2c2ccc(N(c3ccccc3)c3ccccc3)cc2)cc1,0.9664550,483.5112,0.0967851,0.0968,0.4406399,4.0976,1.0000000,1.0000,[],39
27.4121,53.7258,62.9310,0.9113812,Cc1ccc(N(c2ccc(C)cc2)c2ccc(C=CC(Nc3cccc(N(c4ccc(C)cc4)c4ccc(C)cc4)c3)=[N+](c3ccc(C)cc3)c3ccc(C)cc3)cc2)cc1,1,C(=Cc1ccc(N(c2ccccc2)c2ccccc2)cc1)C(Nc1cccc(N(c2ccccc2)c2ccccc2)c1)=[N+](c1ccccc1)c1ccccc1,0.9950678,457.6204,0.0800694,0.0801,0.5392626,3.0878,1.0000000,1.0000,[],39
48.7546,62.9938,27.8647,0.7098321,COc1cccc(N(c2cc(C#N)c3[nH]c(-c4cc(OC)c(OC)c(OC)c4)c(N)c3c2)c2cn(C)c3ccccc23)c1,1,c1ccc(-c2cc3cc(N(c4ccccc4)c4c[nH]c5ccccc45)ccc3[nH]2)cc1,0.7436292,411.5622,0.1967600,0.1968,0.5338836,3.1379,1.0000000,1.0000,[],39
57.6067,89.8515,-89.8515,0.0000000,c1c2c([C@H](C[C@@H](C(=Cc3c4c5c(cc3)cccc5N(c3ccccc3)c4cccc2)C#N)c2ccc(N(c3ccccc3)c3ccccc3)cc2)c2ccc(cc2)N(c2ccccc2)c2ccccc2)cc2c1ccc(c2)N1c2ccccc2C(c2ccccc21)(c1ccccc1)c1ccccc1,0,,0.0000000,0.0000,0.0000000,0.0000,0.0000000,0.0000,0.0000000,0.0000,None,39
27.9707,29.6529,-29.6529,0.0000000,CCOC(=O)c1ccc2c(=O)oc(N)cc2c1,1,O=c1occc2ccccc12,0.0000000,0.0000,0.0000000,0.0000,0.0000000,0.0000,0.0000000,0.0000,"['C(=[O,S])[O,S]']",39
77.3728,103.0460,-103.0460,0.0000000,C(c1cc2c(C)nnc(c2c(c1)N#CCc1cc(ccc1)N=Nc1c2ccccc2c(c(c1OCCCCCCCC)N=Nc1ccc(N(c2ccccc2)c2ccccc2)cc1)N(c1ccccc1)c1ccccc1)Nc1ccccc1)(c1ccccc1)=O,0,,0.0000000,0.0000,0.0000000,0.0000,0.0000000,0.0000,0.0000000,0.0000,None,39
43.0187,46.7682,61.9846,0.8496311,COc1cc(-c2ccc(C=C3C(=O)c4cc5ccc(Cl)cc5cc4C3=O)s2)c2ccccc2c1OC,1,O=C1C(=Cc2ccc(-c3cccc4ccccc34)s2)C(=O)c2cc3ccccc3cc21,0.8990860,496.2538,0.1823018,0.1823,0.5818022,2.7081,1.0000000,1.0000,[],39
53.0993,74.8390,36.1060,0.8667578,CCCC(C)CN(c1ccc(C)cc1)c1cc(Cl)cc2c1cc(N(c1ccc(C)cc1)c1ccc(C)cc1)c1ccc(C(=O)c3ccc(C=Cc4ccc(N(c5ccccc5)c5ccccc5)cc4)cc3)cc12,1,O=C(c1ccc(C=Cc2ccc(N(c3ccccc3)c3ccccc3)cc2)cc1)c1ccc2c(N(c3ccccc3)c3ccccc3)cc3c(Nc4ccccc4)cccc3c2c1,0.9593574,434.3250,0.0547638,0.0548,0.4396190,4.1092,1.0000000,1.0000,[],39
33.2564,33.5235,-33.5235,0.0000000,Clc1ccc(-c2ccc(C=NNc3nc(-c4ccc5c(c4)CCCC5)cs3)o2)c(Cl)c1,1,C(=NNc1nc(-c2ccc3c(c2)CCCC3)cs1)c1ccc(-c2ccccc2)o1,0.0000000,0.0000,0.0000000,0.0000,0.0000000,0.0000,0.0000000,0.0000,['[#7;!n][#7;!n]'],39
28.1003,39.5146,-26.4652,0.1019484,Cc1ccc(-c2ccc(-c3cc(-c4ccc(-c5ccc(C)cc5)cc4)c4ccc(N(c5ccc(C)cc5)c5ccc(C)cc5)cc4c3)cc2)cc1,1,c1ccc(-c2ccc(-c3cc(-c4ccc(-c5ccccc5)cc4)c4ccc(N(c5ccccc5)c5ccccc5)cc4c3)cc2)cc1,0.0966112,375.7288,0.1651357,0.1651,0.6360088,2.2627,1.0000000,1.0000,[],39
41.3281,58.6764,58.9939,0.9192994,Cc1ccc(N(c2ccc(C)cc2)c2ccc(C=Nc3sc4c(c3C#N)CCC(c3ccccc3)C4)cc2N2c3ccccc3C(C)(C)c3ccccc32)cc1,1,C(=Nc1cc2c(s1)CC(c1ccccc1)CC2)c1ccc(N(c2ccccc2)c2ccccc2)c(N2c3ccccc3Cc3ccccc32)c1,0.9868096,473.1506,0.1526556,0.1527,0.4690248,3.7855,1.0000000,1.0000,[],39
90.5096,103.5697,-103.5697,0.0000000,Fc1c(c(F)c(F)c(c1-c1c(C(c2c(c(c(c(F)c2F)F)F)F)=C2C(c3ccc(CC)cc3)=C(c3ccc(c(c3)C)C)N=C(C2=C(c2c3c(cccc3)c(cc2)C)c2c(c(F)c(c(F)c2F)F)F)c2c(-c3c(cc(cc3)F)C)ccc(F)c2)c(c(c1F)F)F)F)F,0,,0.0000000,0.0000,0.0000000,0.0000,0.0000000,0.0000,0.0000000,0.0000,None,39
44.1488,62.5349,-62.5349,0.0000000,COc1ccc(N(c2ccc(OC)cc2)N(c2ccc(C=Cc3ccc(N(c4ccc(C)cc4)c4ccc(C)cc4)cc3)cc2)c2cc(N(c3ccc(C)cc3)c3ccc(C)cc3)ccc2N(Cc2ccccc2)Cc2ccc(N(c3ccccc3)c3ccc(C)cc3)cc2)cc1,1,C(=Cc1ccc(N(c2cc(N(c3ccccc3)c3ccccc3)ccc2N(Cc2ccccc2)Cc2ccc(N(c3ccccc3)c3ccccc3)cc2)N(c2ccccc2)c2ccccc2)cc1)c1ccc(N(c2ccccc2)c2ccccc2)cc1,0.0000000,0.0000,0.0000000,0.0000,0.0000000,0.0000,0.0000000,0.0000,['[#7;!n][#7;!n]'],39
38.4298,57.8601,4.1168,0.4841943,Cc1ccc(N(c2ccc(C)cc2)c2ccc(C=Cc3ccc(N(c4ccc(-c5cccc6ccccc56)cc4)c4cccc(C(=O)N(C)c5cccc(C)c5)c4)cc3)cc2)cc1,1,O=C(Nc1ccccc1)c1cccc(N(c2ccc(C=Cc3ccc(N(c4ccccc4)c4ccccc4)cc3)cc2)c2ccc(-c3cccc4ccccc34)cc2)c1,0.5046025,400.1999,0.1217073,0.1217,0.5406442,3.0750,1.0000000,1.0000,[],39
25.1051,34.2608,-6.6659,0.2155851,O=c1oc2c(N(c3ccccc3)c3ccc(C=Cc4ccc(N(c5ccccc5)c5ccccc5)cc4)cc3)cccc2c2ccccc12,1,O=c1oc2c(N(c3ccccc3)c3ccc(C=Cc4ccc(N(c5ccccc5)c5ccccc5)cc4)cc3)cccc2c2ccccc12,0.2165609,386.0394,0.0948696,0.0949,0.5959380,2.5881,1.0000000,1.0000,[],39
55.3390,75.3794,31.3470,0.8338007,CSc1ccc(C=Cc2ccc(N(c3ccc(C)cc3)c3ccc(C=Cc4ccc(N(c5ccc(N(c6ccc(C=Cc7ccc(N(c8ccccc8)c8ccccc8)c8ccccc78)cc6)c6ccc(N(c7ccccc7)c7ccccc7)cc6)cc5)c5ccc(C=Cc6ccc(N(c7ccc(C)cc7)c7ccc(C)cc7)cc6)s5)nc4)cc3)cc2)cc1,1,C(=Cc1ccc(N(c2ccccc2)c2ccc(C=Cc3ccc(N(c4ccc(N(c5ccc(C=Cc6ccc(N(c7ccccc7)c7ccccc7)c7ccccc67)cc5)c5ccc(N(c6ccccc6)c6ccccc6)cc5)cc4)c4ccc(C=Cc5ccc(N(c6ccccc6)c6ccccc6)cc5)s4)nc3)cc2)cc1)c1ccccc1,0.9368804,429.2880,0.0372044,0.0372,0.3485179,5.2703,1.0000000,1.0000,[],39
56.7553,74.3226,43.8227,0.9230106,CCN(c1ccccc1)c1cc(-c2cc(N(c3ccccc3)c3ccccc3)c3c(-c4ccc(N(c5ccccc5)c5ccccc5)cc4)coc3c2O)cc2cc3c(cc12)C(=O)c1ccccc1C3=O,1,O=C1c2ccccc2C(=O)c2cc3c(Nc4ccccc4)cc(-c4cc(N(c5ccccc5)c5ccccc5)c5c(-c6ccc(N(c7ccccc7)c7ccccc7)cc6)coc5c4)cc3cc21,0.9936947,454.9388,0.1384535,0.1385,0.4773770,3.6972,1.0000000,1.0000,[],39
48.5530,61.2190,-41.0415,0.1576368,Cc1ccc(-c2ccc(-c3ccc(C)cc3)c3c2ccc2c(N(c4ccccc4)c4cc(C#N)cc(C#N)c4)cc(-c4ccc(C#N)c(C#N)c4)cc23)cc1,1,c1ccc(-c2cc(N(c3ccccc3)c3ccccc3)c3ccc4c(-c5ccccc5)ccc(-c5ccccc5)c4c3c2)cc1,0.1536071,381.4710,0.1607015,0.1607,0.5239817,3.2315,1.0000000,1.0000,[],39
27.1953,40.6036,-10.4791,0.2353476,Cc1ccc(N(c2ccc(C)cc2)c2ccc(C=Cc3ccccc3NC(=O)c3cccc(N(C)C)c3)cc2)cc1,1,O=C(Nc1ccccc1C=Cc1ccc(N(c2ccccc2)c2ccccc2)cc1)c1ccccc1,0.2318223,386.9923,0.2003978,0.2004,0.6134433,2.4433,1.0000000,1.0000,[],39
60.1232,77.9105,37.5592,0.9021075,Cc1ccc(N(c2ccc(F)cc2)c2c3ccccc3c(C3=CCCc4cc5c(cc43)CC3C=C(c4ccc(N(c6ccccc6)c6ccccc6)cc4)C=CC3=C5c3ccc(N(c4ccccc4)c4ccccc4)cc3)c3ccccc23)cc1,1,C1=CC2=C(c3ccc(N(c4ccccc4)c4ccccc4)cc3)c3cc4c(cc3CC2C=C1c1ccc(N(c2ccccc2)c2ccccc2)cc1)C(c1c2ccccc2c(N(c2ccccc2)c2ccccc2)c2ccccc12)=CCC4,0.9800937,442.3069,0.1129235,0.1129,0.3967602,4.6221,1.0000000,1.0000,[],40
48.8995,69.2725,9.9883,0.6192244,COc1ccc(N=C(c2c(N(c3ccc(C)cc3)c3ccc(OC)cc3)c(C#N)c3nc4ccccc4cc3[n+]2[O-])N(c2ccc(OC)cc2)c2ccc(N(C)C)cc2)cc1,1,c1ccc(N=C(c2[nH+]c3cc4ccccc4nc3cc2N(c2ccccc2)c2ccccc2)N(c2ccccc2)c2ccccc2)cc1,0.6779135,511.9200,0.0414306,0.0414,0.4848891,3.6192,1.0000000,1.0000,[],40
47.8484,59.3818,56.1314,0.9024464,CCCCN(CCCC)c1cc2nc3c(N=Nc4ccccc4)c(NC(=O)c4ccc(S(C)(=O)=O)cc4)sc3nc2cc1OC,1,O=C(Nc1sc2nc3ccccc3nc2c1N=Nc1ccccc1)c1ccccc1,0.9706319,482.0205,0.1277131,0.1277,0.5328773,3.1473,1.0000000,1.0000,[],40
46.6413,74.3656,-7.3310,0.5237072,Cc1ccc(N(c2ccc(C)cc2)c2ccc(C=Cc3ccc(N(c4ccc(C)cc4)c4ccc(C=Cc5ccc6cc(C=Cc7ccc(N(c8ccc(C=Cc9ccc%10ccc%11ccccc%11c%10c9)cc8)c8ccc9ccccc9c8)cc7)c(C=Cc7ccc(N(c8ccc(C)cc8)c8ccc(C)cc8)cc7)cc6c5)cc4)cc3)cc2)cc1,1,C(=Cc1ccc(N(c2ccccc2)c2ccc(C=Cc3ccc4cc(C=Cc5ccc(N(c6ccc(C=Cc7ccc8ccc9ccccc9c8c7)cc6)c6ccc7ccccc7c6)cc5)c(C=Cc5ccc(N(c6ccccc6)c6ccccc6)cc5)cc4c3)cc2)cc1)c1ccc(N(c2ccccc2)c2ccccc2)cc1,0.5678125,402.9633,0.0495178,0.0495,0.3868562,4.7485,1.0000000,1.0000,[],40
42.6395,65.7227,29.6818,0.7453477,Cc1ccc(N(c2ccc(C)cc2)c2ccc3cc(N(c4ccc(C)cc4)c4ccc(C)cc4)c(N(c4ccccc4)c4ccccc4)c(C4C(c5ccc(N(c6ccccc6)c6ccccc6)cc5)=C(c5ccccc5)C(=O)N4C)c3c2)cc1,1,O=C1NC(c2c(N(c3ccccc3)c3ccccc3)c(N(c3ccccc3)c3ccccc3)cc3ccc(N(c4ccccc4)c4ccccc4)cc23)C(c2ccc(N(c3ccccc3)c3ccccc3)cc2)=C1c1ccccc1,0.8031693,415.2679,0.1021702,0.1022,0.4223027,4.3102,1.0000000,1.0000,[],40
82.3150,89.1112,-89.1112,0.0000000,COC1=C(O)C(=O)C=C(c2cccc3c2C2=C(C3=O)C3=CC=C(c4ccc5ccccc5c4)C(=CC=C2)[N+](C)(c2ccc(C)cc2C(F)(F)F)O3)C1=O,1,O=C1C=CC(=O)C(c2cccc3c2C2=C(C3=O)C3=CC=C(c4ccc5ccccc5c4)C(=CC=C2)[NH+](c2ccccc2)O3)=C1,0.0000000,0.0000,0.0000000,0.0000,0.0000000,0.0000,0.0000000,0.0000,['[*;r{8-17}]'],40
37.9463,52.1529,-52.1529,0.0000000,c1c2c3ccc(-c4ccc(C#N)cc4)cc3c(c3c2cc(c(-c2ccc(cc2)C=Cc2ccc(F)cc2)c3)F)cc1,0,,0.0000000,0.0000,0.0000000,0.0000,0.0000000,0.0000,0.0000000,0.0000,None,40
36.5449,44.9124,78.2188,0.9619622,COc1ccnc2cc(N3CCCC3)c3c(c12)OC(=Cc1ccc(C(C)(C)C)cc1)C3=O,1,O=C1C(=Cc2ccccc2)Oc2c1c(N1CCCC1)cc1ncccc21,0.9930244,453.8344,0.4967716,0.4968,0.5728860,2.7853,1.0000000,1.0000,[],40
31.4887,29.3045,-29.2978,0.0000524,CC(C)c1ccc(NC(=O)CNC(=S)N2CCCCCC2)cc1,1,O=C(CNC(=S)N1CCCCCC1)Nc1ccccc1,0.0000316,287.5082,0.8279353,0.8279,0.6745467,1.9686,1.0000000,1.0000,[],40
85.6054,104.3347,-104.3347,0.0000000,COc1ccc(C=Cc2ccc(CN(c3ccc(F)cc3)c3ccc(C4C5CC6CC7C8C(=O)N(c9ccccc9C)C(=O)C(C(Cl)C8=C(c8ccccc86)C46C(=O)N(c4ccc(F)cc4)C6=O)C75)cc3)cc2)cc1,1,O=C1C2CC3=C4c5ccccc5C5CC(C3C(=O)N1c1ccccc1)C2C(C5)C(c1ccc(N(Cc2ccc(C=Cc3ccccc3)cc2)c2ccccc2)cc1)C41C(=O)N(c2ccccc2)C1=O,0.0000000,0.0000,0.0000000,0.0000,0.0000000,0.0000,0.0000000,0.0000,['[*;r{8-17}]'],40
58.7153,88.1728,-88.1728,0.0000000,C(C)(Oc1ccccc1)N1c2c(cc(Cl)c(c2)N=Nc2ccc(N(c3ccc(OC)cc3)c3ccc(cc3)C)cc2)N(c2ccc(cc2)C=Cc2sc(C=Cc3sc(C=C(c4ccc(OC)cc4)c4ccc(cc4)C)cc3)s2)C1=O,0,,0.0000000,0.0000,0.0000000,0.0000,0.0000000,0.0000,0.0000000,0.0000,None,40
28.4417,39.8797,79.4358,0.9321521,CC(=O)c1sc(N2C(=O)C(=O)C(=C(O)c3ccc(C#N)s3)C2c2ccc(Cl)cc2)nc1C,1,O=C1C(=O)N(c2nccs2)C(c2ccccc2)C1=Cc1cccs1,0.9842625,444.9044,0.2451306,0.2451,0.5217613,3.2527,1.0000000,1.0000,[],40
46.5578,68.4410,-21.6868,0.3652679,CCn1c2ccccc2c2cccc(C(C)n3c(-c4ccc(C)cc4)c(-c4ccc(-c5ccc(C)cc5C)s4)[nH]c3=S)c21,1,S=c1[nH]c(-c2ccc(-c3ccccc3)s2)c(-c2ccccc2)n1Cc1cccc2c1[nH]c1ccccc12,0.3704482,394.2424,0.1895935,0.1896,0.5003589,3.4621,1.0000000,1.0000,[],40
44.6303,60.1764,48.4686,0.8487895,Cc1ccc(N(c2ccc(C)cc2)c2ccc(N3C(=O)c4cc(Cl)c(Nc5ccc(-c6cccc(N7c8ccccc8C(c8ccccc8)(c8ccccc8)c8ccccc87)c6)cc5)cc4C3=O)cc2)cc1,1,O=C1c2ccc(Nc3ccc(-c4cccc(N5c6ccccc6C(c6ccccc6)(c6ccccc6)c6ccccc65)c4)cc3)cc2C(=O)N1c1ccc(N(c2ccccc2)c2ccccc2)cc1,0.9090210,424.9908,0.1384647,0.1385,0.4962865,3.5030,1.0000000,1.0000,[],40
59.4621,77.9823,8.4643,0.6753645,Cc1ccc(-c2c3cc4cc(-c5ccccc5)ccc4cc3cc3c2ccc2cc4c(-c5ccc(N(c6ccccc6)c6ccc(C)cc6)cc5)c5sc6ccccc6c5c(-c5ccc(Br)cc5)c4cc23)cc1,1,c1ccc(-c2ccc3cc4cc5c(ccc6cc7c(-c8ccc(N(c9ccccc9)c9ccccc9)cc8)c8sc9ccccc9c8c(-c8ccccc8)c7cc65)c(-c5ccccc5)c4cc3c2)cc1,0.7193275,509.7818,0.1135909,0.1136,0.4896445,3.5704,1.0000000,1.0000,[],40
44.1383,53.5292,-53.3964,0.0010375,CC(C#N)(CCc1ccc(Nc2ccccc2)cc1)Oc1ccc(N(c2ccccc2)c2ccc(C(F)(F)F)cc2)cc1,1,c1ccc(Nc2ccc(CCCOc3ccc(N(c4ccccc4)c4ccccc4)cc3)cc2)cc1,0.0007731,322.2137,0.1794151,0.1794,0.5352353,3.1252,1.0000000,1.0000,[],40
37.7655,51.5688,47.2169,0.7717633,Cn1c(=Nc2ccc(N(c3ccccc3)c3ccccc3)cc2)n(-c2cccc(N=Cc3ccc(C#N)c(C#N)c3)c2)c2ccccc21,1,C(=Nc1cccc(-n2c(=Nc3ccc(N(c4ccccc4)c4ccccc4)cc3)[nH]c3ccccc32)c1)c1ccccc1,0.8164550,416.2047,0.1667882,0.1668,0.5298769,3.1756,1.0000000,1.0000,[],40
56.1076,70.5963,-70.5963,0.0000000,c1c2ccccc2c2c(-c3ccc(-c4c5c(sc(c5-c5ccccc5)-c5ccc(cc5)COCCCCCCCCCC)nc(C#N)c(n4)C#N)cc3)cc3ccccc3c2c1,0,,0.0000000,0.0000,0.0000000,0.0000,0.0000000,0.0000,0.0000000,0.0000,None,40
58.8204,99.2813,-99.2813,0.0000000,Cc1ccc(C=Cc2ccc(C3=NN(c4ccc(C#N)cc4)C(=O)C3=Cc3ccc(-c4ccc(NC(=O)C(=Cc5ccc6c(c5)C(C#N)(c5ccc(C)cc5)c5ccccc5N6c5ccc(C)cc5)c5ccc(C#N)cc5)cc4)s3)cc2)cc1,1,O=C(Nc1ccc(-c2ccc(C=C3C(=O)N(c4ccccc4)N=C3c3ccc(C=Cc4ccccc4)cc3)s2)cc1)C(=Cc1ccc2c(c1)C(c1ccccc1)c1ccccc1N2c1ccccc1)c1ccccc1,0.0000000,0.0000,0.0000000,0.0000,0.0000000,0.0000,0.0000000,0.0000,['[#7;!n][#7;!n]'],40
39.9776,55.9655,-24.7232,0.2440806,Cc1ccc(N(c2ccc(C)cc2)c2ccc3c(C4c5ccccc5-c5c(N(c6ccc(C)cc6)c6ccc(C)cc6)cc6ccccc6c54)ccc(O)c3c2)cc1,1,c1ccc(N(c2ccccc2)c2ccc3c(C4c5ccccc5-c5c(N(c6ccccc6)c6ccccc6)cc6ccccc6c54)cccc3c2)cc1,0.2430531,387.6659,0.1758050,0.1758,0.4878814,3.5884,1.0000000,1.0000,[],40
55.7718,60.7289,-60.7289,0.0000000,c1coc(-c2nc3ccccc3nc2-c2cc3c4ccccc4c2-c2ccccc2C2Cc4ccccc4CC2N3)c1,1,c1coc(-c2nc3ccccc3nc2-c2cc3c4ccccc4c2-c2ccccc2C2Cc4ccccc4CC2N3)c1,0.0000000,0.0000,0.0000000,0.0000,0.0000000,0.0000,0.0000000,0.0000,['[*;r{8-17}]'],40
48.9663,66.0560,-51.7822,0.1115133,COc1ccc(C(=Cc2ccc(-c3c(-c4ccc5cc4C=C(N(c4ccccc4)c4ccccc4)C=C5)c4ccccc4c4ccn(-c5ccc(C)cc5)c34)cc2)c2ccc(C)cc2)cc1,1,C1=Cc2ccc(-c3c(-c4ccc(C=C(c5ccccc5)c5ccccc5)cc4)c4c(ccn4-c4ccccc4)c4ccccc34)c(c2)C=C1N(c1ccccc1)c1ccccc1,0.1079697,377.0731,0.1275949,0.1276,0.4224199,4.3088,1.0000000,1.0000,[],40
31.1092,44.8530,1.2477,0.3601619,COc1ccc(N(c2ccc(Br)cc2)c2c(Br)cc3cc(N(c4ccc(C)cc4)c4ccc(C)cc4)ccc3c2O)cc1,1,c1ccc(N(c2ccccc2)c2ccc3cc(N(c4ccccc4)c4ccccc4)ccc3c2)cc1,0.3644835,393.9638,0.1804871,0.1805,0.5761316,2.7571,1.0000000,1.0000,[],40
49.8612,79.7261,-79.7261,0.0000000,COc1ccc(NC(=O)C(c2ccc(C#N)cc2)N(CCc2ccc(O)c(C=Cc3ccc(N(c4ccc(C)cc4)c4ccc(Br)cc4)cc3)c2)C(=O)C(Cc2ccc(O)cc2)NC(=O)OC(C)(C)C)cc1,1,O=C(Nc1ccccc1)C(c1ccccc1)N(CCc1cccc(C=Cc2ccc(N(c3ccccc3)c3ccccc3)cc2)c1)C(=O)CCc1ccccc1,0.0000000,0.0000,0.0000000,0.0000,0.0000000,0.0000,0.0000000,0.0000,"['C(=[O,S])[O,S]']",40
39.3938,56.1934,61.8602,0.9222940,N#Cc1c(C=Cc2ccc(N(c3ccccc3)c3ccccc3)cc2)oc(-c2ccc3c4ccc(-c5ccc(N(c6ccccc6)c6ccccc6)cc5)cc4c4ccccc4c3c2)c1O,1,C(=Cc1ccc(-c2ccc3c4ccc(-c5ccc(N(c6ccccc6)c6ccccc6)cc5)cc4c4ccccc4c3c2)o1)c1ccc(N(c2ccccc2)c2ccccc2)cc1,0.9911070,451.1768,0.1389319,0.1389,0.5170572,3.2980,1.0000000,1.0000,[],40
50.6321,64.0414,-64.0414,0.0000000,Cc1ccc(N(c2ccc(C)cc2)c2ccc(C=Cc3cc([N+]4CC=c5cc(C)ccc5=N4)ccc3Oc3c(C)cc(C(C)(C)C)cc3C)cc2)cc1,1,C(=Cc1cc([N+]2CC=c3ccccc3=N2)ccc1Oc1ccccc1)c1ccc(N(c2ccccc2)c2ccccc2)cc1,0.0000000,0.0000,0.0000000,0.0000,0.0000000,0.0000,0.0000000,0.0000,['[#7;!n][#7;!n]'],40
52.2559,76.5592,38.4144,0.8982317,COc1ccc(N(c2ccc(OC)cc2)c2ccc3cc(N(c4ccc(C=Cc5ccc6cc7cc(-c8ccc(N(c9ccccc9)c9ccccc9)cc8)ccc7cc6c5)cc4)c4nc(-c5cc6ccccc6o5)cs4)ccc3c2)cc1,1,C(=Cc1ccc2cc3cc(-c4ccc(N(c5ccccc5)c5ccccc5)cc4)ccc3cc2c1)c1ccc(N(c2ccc3cc(N(c4ccccc4)c4ccccc4)ccc3c2)c2nc(-c3cc4ccccc4o3)cs2)cc1,0.9854760,445.7890,0.0748794,0.0749,0.4567597,3.9180,1.0000000,1.0000,[],40
61.0323,70.8057,40.0972,0.8664285,CC(C)(C)c1ccc(N(c2ccc(C(C)(C)c3ccccc3)cc2)c2cccc3c2cc(S(=O)(=O)O)c2c4c(c5ccccc5c23)C=CC(c2ccccc2)C4)cc1,1,C1=CC(c2ccccc2)Cc2c1c1ccccc1c1c2ccc2c(N(c3ccccc3)c3ccc(Cc4ccccc4)cc3)cccc21,0.9323156,428.4769,0.1293212,0.1293,0.4622647,3.8581,1.0000000,1.0000,[],40
37.3884,51.5651,-49.6054,0.0153101,Cc1ccc(N(c2ccc(C)cc2)c2ccc(-c3ccc(-c4ccc(-c5cc(F)c(F)c(-c6ccc(C(F)(F)F)cc6)c5)cc4F)c(F)c3)cc2)cc1,1,c1ccc(-c2cccc(-c3ccc(-c4ccc(-c5ccc(N(c6ccccc6)c6ccccc6)cc5)cc4)cc3)c2)cc1,0.0132007,353.1592,0.1484337,0.1484,0.5797566,2.7257,1.0000000,1.0000,[],40
32.2338,34.3990,-34.2225,0.0013788,CC1CC(C)CN(c2ccc(C(=O)Nc3ccc(NC(=O)Nc4ccccc4)cc3)cc2)C1,1,O=C(Nc1ccccc1)Nc1ccc(NC(=O)c2ccc(N3CCCCC3)cc2)cc1,0.0010112,325.1315,0.4492599,0.4493,0.5843721,2.6861,1.0000000,1.0000,[],40
66.3178,79.3077,34.6308,0.8901444,CCN(CC)c1ccc(C(=O)Nc2c3ccc(I)cc3nc3cc(N(CC(=O)NCc4ccc(OC)cc4)C4=CC(=O)N(c5ccc(C)c(C)c5)C4=O)ccc23)cc1,1,O=C(CN(C1=CC(=O)N(c2ccccc2)C1=O)c1ccc2c(NC(=O)c3ccccc3)c3ccccc3nc2c1)NCc1ccccc1,0.9773593,440.8791,0.0675236,0.0675,0.5026471,3.4393,1.0000000,1.0000,[],40
47.2439,59.7920,-54.6047,0.0405261,CC(C)(c1ccc(C#N)c(C#N)c1)c1ccc(-n2c3ccc(C#N)cc3c3ccc(C#N)cc32)c2c3ccc(C#N)cc3c3cc(C#N)c(C#N)cc3c12,1,c1ccc(Cc2ccc(-n3c4ccccc4c4ccccc43)c3c4ccccc4c4ccccc4c23)cc1,0.0367952,364.5518,0.1664043,0.1664,0.4785304,3.6852,1.0000000,1.0000,[],40
50.1668,64.0594,22.9607,0.6798442,Cc1ccc(N(c2ccc3c(c2)C2(CCCN(C(=C4C=CC=C4)c4ccccc4)C2)c2ccc(C)cc2N3c2ccc(C)cc2)c2ccc3ccccc3c2)cc1,1,C1=CC(=C(c2ccccc2)N2CCCC3(C2)c2ccccc2N(c2ccccc2)c2ccc(N(c4ccccc4)c4ccc5ccccc5c4)cc23)C=C1,0.7175387,410.1222,0.1682457,0.1682,0.4255025,4.2724,1.0000000,1.0000,[],40
45.1876,67.0939,-67.0939,0.0000000,CC1(C)c2ccccc2CN(c2ccc(Nc3ccc(-c4ccc(N(c5ccccc5)c5ccccc5)cc4)cc3)cc2NN=C(C#N)C#N)c2cc(-c3ccc(N(c4ccccc4)c4ccccc4)cc3)ccc21,1,c1ccc(N(c2ccccc2)c2ccc(-c3ccc(Nc4ccc(N5Cc6ccccc6Cc6ccc(-c7ccc(N(c8ccccc8)c8ccccc8)cc7)cc65)cc4)cc3)cc2)cc1,0.0000000,0.0000,0.0000000,0.0000,0.0000000,0.0000,0.0000000,0.0000,['[#7;!n][#7;!n]'],40
57.0149,74.9070,-74.9070,0.0000000,Cc1ccc(-c2c3c(n4c2c(-c2ccccc2)c2ccccc24)=Cc2ccccc2-c2cc-3ccc2C=C2C(=O)c3ccccc3C2=c2ccccc2=C(C#N)C#N)cc1,1,C=c1ccccc1=C1C(=Cc2ccc3cc2-c2ccccc2C=c2c-3c(-c3ccccc3)c3c(-c4ccccc4)c4ccccc4n23)C(=O)c2ccccc21,0.0000000,0.0000,0.0000000,0.0000,0.0000000,0.0000,0.0000000,0.0000,['[*;r{8-17}]'],40
45.3163,50.7644,-31.7907,0.1482320,Cc1cc2ncoc2cc1NC(=O)c1cc2ccccc2oc1=Nc1ccc2ccccc2c1Cl,1,O=C(Nc1ccc2ncoc2c1)c1cc2ccccc2oc1=Nc1ccc2ccccc2c1,0.1410252,380.3829,0.2914039,0.2914,0.5738145,2.7772,1.0000000,1.0000,[],40
38.3290,54.3187,-11.6688,0.3332026,Cc1ccc(-c2ccc(N3c4ccccc4Oc4ccc(-c5sc(-c6ccc(N(c7ccc(C)cc7)c7ccc(C)cc7)cc6)cc5-c5ccc(N(c6ccccc6)c6ccccc6)cc5)cc43)cc2)cc1,1,c1ccc(-c2ccc(N3c4ccccc4Oc4ccc(-c5sc(-c6ccc(N(c7ccccc7)c7ccccc7)cc6)cc5-c5ccc(N(c6ccccc6)c6ccccc6)cc5)cc43)cc2)cc1,0.3402781,392.8118,0.1285868,0.1286,0.5122854,3.3444,1.0000000,1.0000,[],40
33.4891,47.7750,66.3354,0.8914880,O=C(Nc1cccc2ccccc12)C1=C(C=Cc2ccc(N(c3ccccc3)c3ccccc3)cc2)Nc2ccccc2OC1,1,O=C(Nc1cccc2ccccc12)C1=C(C=Cc2ccc(N(c3ccccc3)c3ccccc3)cc2)Nc2ccccc2OC1,0.9441572,430.7019,0.1958444,0.1958,0.5666341,2.8402,1.0000000,1.0000,[],40
46.9323,57.9672,30.0325,0.6874974,Cc1ccc(N=Nc2cc(N=Nc3ccc(N=Nc4ccc(N(c5ccccc5)c5ccccc5)cc4)c4ccccc34)c(C)nc2OCCCCCO)cc1,1,c1ccc(N=Nc2cncc(N=Nc3ccc(N=Nc4ccc(N(c5ccccc5)c5ccccc5)cc4)c4ccccc34)c2)cc1,0.7399722,508.6451,0.0831176,0.0831,0.4969163,3.4967,1.0000000,1.0000,[],40
59.6610,76.0674,-75.0786,0.0077247,CCN1CCN(c2ccccc2-c2ccc3c(-c4ccc(NC(=O)Cc5ccc(NC(=O)c6ccc(N7CCN(CCN8CCCC8)CC7)cc6)c(N)c5)cc4)n[nH]c3n2)CC1,1,O=C(Cc1ccc(NC(=O)c2ccc(N3CCN(CCN4CCCC4)CC3)cc2)cc1)Nc1ccc(-c2n[nH]c3nc(-c4ccccc4N4CCNCC4)ccc23)cc1,0.0065352,345.4526,0.0933862,0.0934,0.5175381,3.2934,1.0000000,1.0000,[],40
52.3685,76.8559,35.7339,0.8796073,Cc1ccc(N(c2ccc(C)cc2)c2cc3ccc(C=Cc4cc(C#N)c5cc(C=Cc6cc7c(C#N)c(-c8ccc(C=C(C#N)C#N)s8)sc7s6)sc5c4)cc3s2)cc1,1,C(=Cc1ccc2cc(N(c3ccccc3)c3ccccc3)sc2c1)c1ccc2cc(C=Cc3cc4cc(-c5cccs5)sc4s3)sc2c1,0.9545826,486.9352,0.1063151,0.1063,0.4299393,4.2206,1.0000000,1.0000,[],40
39.4800,52.8286,-52.1714,0.0051339,Cc1ccc(N(c2ccc(C)cc2)c2ccc(-c3ccc(-c4nn(-c5ccc(Cl)cc5)nc4-c4ccc5ccccc5c4)c(C)c3)cc2)cc1,1,c1ccc(N(c2ccccc2)c2ccc(-c3ccc(-c4nn(-c5ccccc5)nc4-c4ccc5ccccc5c4)cc3)cc2)cc1,0.0041628,340.5300,0.1696843,0.1697,0.5713417,2.7988,1.0000000,1.0000,[],40
36.8365,39.9290,-39.9290,0.0000000,C#CCOc1cc2c3ccccc3c3ccccc3c2cc1-c1c2ccccc2c(-c2ccccc2)c2ccccc12,1,c1ccc(-c2c3ccccc3c(-c3ccc4c5ccccc5c5ccccc5c4c3)c3ccccc23)cc1,0.0000000,0.0000,0.0000000,0.0000,0.0000000,0.0000,0.0000000,0.0000,['C#C'],40
53.5480,79.7126,-24.6747,0.4299838,CCCCCCCCCCCCOc1ccc(-n2c3ccc(-c4sc(-c5ccccc5N(c5ccccc5)c5ccc6cc(C#N)ccc6c5)nc4C#N)cc3c3ccc(-c4ccc(N(c5ccccc5)c5ccccc5)cc4)cc32)cc1,1,c1ccc(N(c2ccccc2)c2ccc(-c3ccc4c5cc(-c6cnc(-c7ccccc7N(c7ccccc7)c7ccc8ccccc8c7)s6)ccc5n(-c5ccccc5)c4c3)cc2)cc1,0.4567012,398.1148,0.0629175,0.0629,0.4384472,4.1226,1.0000000,1.0000,[],40
42.4000,69.2137,45.5075,0.8962595,Cc1ccc(C=Cc2ccc(-c3c(-c4ccc(N(c5ccccc5)c5ccccc5)cc4)nc4c(c(C#N)nc5sc6c(=O)n(-c7ccc(C)cc7)c(-c7ccc(C)cc7)nc6c54)c3-c3ccc(N(c4ccccc4)c4ccccc4)cc3)cc2)cc1,1,O=c1c2sc3ncc4c(-c5ccc(N(c6ccccc6)c6ccccc6)cc5)c(-c5ccc(C=Cc6ccccc6)cc5)c(-c5ccc(N(c6ccccc6)c6ccccc6)cc5)nc4c3c2nc(-c2ccccc2)n1-c1ccccc1,0.9732756,480.9668,0.1062347,0.1062,0.4376090,4.1321,1.0000000,1.0000,[],40
35.1782,50.5644,-50.5644,0.0000000,CCN(C(=O)O)c1ccc(N(c2ccc(C)cc2)c2ccc(C)cc2)c(S(=O)(=O)c2ccc(N(c3ccccc3)c3ccc(C)cc3)cc2)c1,1,O=S(=O)(c1ccc(N(c2ccccc2)c2ccccc2)cc1)c1ccccc1N(c1ccccc1)c1ccccc1,0.0000000,0.0000,0.0000000,0.0000,0.0000000,0.0000,0.0000000,0.0000,"['C(=[O,S])[O,S]']",40
45.6306,65.3287,49.4138,0.8964254,Cc1ccc(N(c2ccccc2)c2ccc(C=Cc3ccc(N(c4cc(N(c5ccc6cc7ccc(N(c8ccccc8)c8ccccc8)cc7cc6c5)c5cccc6ccccc56)c5ccccc5c4)c4ccc(C)cc4C)cc3)cc2)cc1,1,C(=Cc1ccc(N(c2ccccc2)c2cc(N(c3ccc4cc5ccc(N(c6ccccc6)c6ccccc6)cc5cc4c3)c3cccc4ccccc34)c3ccccc3c2)cc1)c1ccc(N(c2ccccc2)c2ccccc2)cc1,0.9809680,442.8043,0.0794592,0.0795,0.4697727,3.7775,1.0000000,1.0000,[],40
31.7483,47.3173,71.2885,0.9266079,Cc1ccc(N(c2ccc(C)cc2)c2ccc3cc(C=C(C#N)c4ccc(N(c5ccc(C)cc5)c5ccc(C)cc5)c5ccccc45)sc3c2)cc1,1,C(=Cc1ccc(N(c2ccccc2)c2ccccc2)c2ccccc12)c1cc2ccc(N(c3ccccc3)c3ccccc3)cc2s1,0.9932731,454.2314,0.1477716,0.1478,0.5366018,3.1125,1.0000000,1.0000,[],40
58.8981,84.7946,-84.7946,0.0000000,COc1ccc2ccc3c(N=Nc4c(O)c(C(=O)Nc5ccc([N+](=O)[O-])cc5)cc(-c5ccccc5)c4C#N)c(N(c4ccccc4)c4ccccc4)c(NNc4ccccc4)cc3c2c1,1,O=C(Nc1ccccc1)c1cc(N=Nc2c(N(c3ccccc3)c3ccccc3)c(NNc3ccccc3)cc3c2ccc2ccccc23)cc(-c2ccccc2)c1,0.0000000,0.0000,0.0000000,0.0000,0.0000000,0.0000,0.0000000,0.0000,['[#7;!n][#7;!n]'],40
65.7968,93.2164,21.6898,0.8977050,COc1ccc(C(=O)c2ccc(-c3ccc(N4C(=O)C(=O)C(C(c5ccc6c(ccc7ccccc76)c5)c5cc6ccc(Cl)cc6cc5C#N)=C4c4ccc(-c5ccc(N(c6ccccc6)c6ccccc6)cc5)cc4)cc3)s2)cc1,1,O=C1C(=O)N(c2ccc(-c3ccc(C(=O)c4ccccc4)s3)cc2)C(c2ccc(-c3ccc(N(c4ccccc4)c4ccccc4)cc3)cc2)=C1C(c1ccc2ccccc2c1)c1ccc2c(ccc3ccccc32)c1,0.9918019,452.0678,0.0648990,0.0649,0.4056392,4.5115,1.0000000,1.0000,[],40
48.6272,67.7417,-61.4519,0.0491389,CCCCN(CCC)c1nc(-c2cccc(N(c3ccc(C)cc3)c3ccc(-c4ccc5cc(N(c6ccc(C)cc6)c6ccc(C)cc6)ccc5c4)cc3)c2)nc(N(C)c2ccc(OC)cc2)n1,1,c1ccc(Nc2ncnc(-c3cccc(N(c4ccccc4)c4ccc(-c5ccc6cc(N(c7ccccc7)c7ccccc7)ccc6c5)cc4)c3)n2)cc1,0.0459282,367.0625,0.0895458,0.0895,0.4947850,3.5182,1.0000000,1.0000,[],40
32.0352,43.2461,-42.9334,0.0024425,COc1ccc(C2=C(O)C(c3ccc([N+](=O)[O-])cc3)N(c3ccc(Br)c([N+](=O)[O-])c3)C2=O)cc1,1,O=C1C(c2ccccc2)=CC(c2ccccc2)N1c1ccccc1,0.0018657,331.7911,0.3386815,0.3387,0.5396687,3.0840,1.0000000,1.0000,[],40
39.7831,51.1676,-23.4592,0.2164721,COc1ccc(-c2nnc(-c3ccc4cc(N(c5ccc(-c6ccc(N(c7ccccc7)c7ccccc7)cc6)cc5)c5ccc(-c6ccc(C(C)(C)C)s6)cc5)ccc4c3)o2)cc1,1,c1ccc(-c2nnc(-c3ccc4cc(N(c5ccc(-c6ccc(N(c7ccccc7)c7ccccc7)cc6)cc5)c5ccc(-c6cccs6)cc5)ccc4c3)o2)cc1,0.2159554,386.0006,0.1292056,0.1292,0.5258777,3.2134,1.0000000,1.0000,[],40
46.8838,67.0284,48.0505,0.8990537,Cc1ccc(N(c2ccc(C)cc2)c2ccc(C=C(C#N)C=Cc3ccc4c(c3)c3cc(C)ccc3n4-c3cc4cc(N(c5ccccc5)c5ccccc5)ccc4cc3C#N)cc2)cc1,1,C(C=Cc1ccc2c(c1)c1ccccc1n2-c1ccc2ccc(N(c3ccccc3)c3ccccc3)cc2c1)=Cc1ccc(N(c2ccccc2)c2ccccc2)cc1,0.9755968,440.0456,0.1015998,0.1016,0.4882035,3.5851,1.0000000,1.0000,[],40
27.8306,36.1366,51.5310,0.6849027,CCc1ccc(N(c2ccc(C)cc2)c2ccc(N(c3ccc(C)cc3)c3ccc4cc(N(c5ccc(C)cc5)c5ccc(C)cc5)ccc4c3)cc2)cc1,1,c1ccc(N(c2ccccc2)c2ccc(N(c3ccccc3)c3ccc4cc(N(c5ccccc5)c5ccccc5)ccc4c3)cc2)cc1,0.7217657,410.3496,0.1396876,0.1397,0.6164352,2.4190,1.0000000,1.0000,[],40
28.6086,25.1841,-24.1368,0.0081824,CC(Nc1ncccc1C#N)c1ccc(Cl)cc1,1,c1ccc(CNc2ccccn2)cc1,0.0064387,345.2901,0.9103231,0.9103,0.6127120,2.4493,1.0000000,1.0000,[],40
28.2453,40.9153,67.6526,0.8481867,C(=Cc1ccc(-c2ccc(N(c3ccccc3)c3ccc4c(c3)sc3c5ccccc5ccc43)cc2)s1)c1ccc(N(c2ccccc2)c2ccccc2)cc1,1,C(=Cc1ccc(-c2ccc(N(c3ccccc3)c3ccc4c(c3)sc3c5ccccc5ccc43)cc2)s1)c1ccc(N(c2ccccc2)c2ccccc2)cc1,0.9052022,424.4987,0.1448562,0.1449,0.5467041,3.0192,1.0000000,1.0000,[],40
58.1208,71.3733,-71.3733,0.0000000,c1cc2c(sc3c2c(cc2c(c(C)cc[n+]2C)c3)-c2cccc3c2n(-c2ccccc2)c(=O)c2c3ccc(c2)N(c2ccc(cc2)C)c2ccc(C)cc2)cc1,0,,0.0000000,0.0000,0.0000000,0.0000,0.0000000,0.0000,0.0000000,0.0000,None,40
34.5115,45.3156,24.9041,0.5485912,Cc1ccc(-c2ccc(-c3cc4ccc(-c5ccc(C)cc5)cc4c4c(-c5ccc(-c6ccccc6)cc5)c5ccccc5cc34)cc2)cc1,1,c1ccc(-c2ccc(-c3cc4ccc(-c5ccccc5)cc4c4c(-c5ccc(-c6ccccc6)cc5)c5ccccc5cc34)cc2)cc1,0.5725208,403.1719,0.1302363,0.1302,0.6241103,2.3571,1.0000000,1.0000,[],40
29.0400,32.1402,-26.6162,0.0431562,CCCCCCCCCCCCCCCCOc1ccc(N=C2NS(=O)(=O)c3ccccc32)cc1,1,O=S1(=O)NC(=Nc2ccccc2)c2ccccc21,0.0387789,365.1443,0.2252534,0.2253,0.5818681,2.7076,1.0000000,1.0000,[],40
47.5352,72.3540,39.7921,0.8761417,CCc1cc(N(c2ccc(C)cc2)c2ccc(C)cc2)ccc1C=Cc1ccc(-c2ccc3sc(NC(=O)c4cccc(C#N)c4)nc3n2)s1,1,O=C(Nc1nc2nc(-c3ccc(C=Cc4ccc(N(c5ccccc5)c5ccccc5)cc4)s3)ccc2s1)c1ccccc1,0.9336960,428.7166,0.1633064,0.1633,0.5302137,3.1724,1.0000000,1.0000,[],40
55.5982,78.0844,4.8433,0.6478730,Cc1ccc(-c2cc(-c3cc(C=Cc4ccc(N(c5ccc(C)cc5)c5ccc(C)cc5)cc4)ccc3N(c3ccc(C)cc3)c3cc(C)cc4c3cc(C)c3ccc(C#N)cc34)c3cc(C)ccc3c2)cc1,1,C(=Cc1ccc(N(c2ccccc2)c2cccc3c2ccc2ccccc23)c(-c2cc(-c3ccccc3)cc3ccccc23)c1)c1ccc(N(c2ccccc2)c2ccccc2)cc1,0.6912763,408.7520,0.1010904,0.1011,0.4830304,3.6384,1.0000000,1.0000,[],40
35.4364,51.4362,61.4244,0.8817234,Cc1ccc(-c2ccc(-c3[nH]c4c(-c5ccccc5)c5ccccc5cc4c3-c3ccc(N(c4ccc(C)cc4)c4ccc(C)cc4)cc3)s2)cc1,1,c1ccc(-c2ccc(-c3[nH]c4c(-c5ccccc5)c5ccccc5cc4c3-c3ccc(N(c4ccccc4)c4ccccc4)cc3)s2)cc1,0.9365217,429.2223,0.1767915,0.1768,0.5601828,2.8975,1.0000000,1.0000,[],40
30.7347,49.4268,33.3913,0.6470157,Cc1ccc(N(c2ccc(C)cc2)c2ccc(-c3cc(-c4ccc(N(c5ccccc5)c5ccc(C=Cc6ccc(C=Cc7ccc(N(c8ccccc8)c8ccccc8)cc7)cc6)cc5)cc4)cc(-c4ccc(N(c5ccccc5)c5ccccc5)cc4)n3)cc2)cc1,1,C(=Cc1ccc(N(c2ccccc2)c2ccccc2)cc1)c1ccc(C=Cc2ccc(N(c3ccccc3)c3ccc(-c4cc(-c5ccc(N(c6ccccc6)c6ccccc6)cc5)nc(-c5ccc(N(c6ccccc6)c6ccccc6)cc5)c4)cc3)cc2)cc1,0.6968257,409.0358,0.0751943,0.0752,0.4820218,3.6488,1.0000000,1.0000,[],40
61.4126,81.9938,-81.9938,0.0000000,CCCCN1Sc2ccc3nc(C#N)ccc3c2N=C1SCc1ccc(N=Cc2ccc(N(c3ccc(-c4ccccc4)cc3)c3ccc(-c4ccc(N(c5ccccc5)c5ccccc5)s4)cc3)cc2)cc1,1,C(=Nc1ccc(CSC2=Nc3c(ccc4ncccc34)SN2)cc1)c1ccc(N(c2ccc(-c3ccccc3)cc2)c2ccc(-c3ccc(N(c4ccccc4)c4ccccc4)s3)cc2)cc1,0.0000000,0.0000,0.0000000,0.0000,0.0000000,0.0000,0.0000000,0.0000,['[#7;!n][S;!$(S(=O)=O)]'],41
35.3460,44.5947,-43.3500,0.0097248,Cc1ccc(-c2ccc(N(c3ccc(C)cc3)c3ccc(-c4ccc5cc(OCCCCC(C)(C)C)ccc5c4)cc3)cc2)cc1,1,c1ccc(-c2ccc(N(c3ccccc3)c3ccc(-c4ccc5ccccc5c4)cc3)cc2)cc1,0.0081856,347.9155,0.1444379,0.1444,0.6089146,2.4804,1.0000000,1.0000,[],41
28.0149,40.2282,77.5816,0.9203894,Cc1ccc(N=Nc2ccc(C(=O)Nc3ccc(N=Nc4ccc(N(c5ccccc5)c5ccccc5)cc4)cc3)cc2C)cc1,1,O=C(Nc1ccc(N=Nc2ccc(N(c3ccccc3)c3ccccc3)cc2)cc1)c1ccc(N=Nc2ccccc2)cc1,0.9808933,442.7609,0.1674770,0.1675,0.5762526,2.7560,1.0000000,1.0000,[],41
49.3923,65.5622,50.8221,0.9092527,CCCCC(=O)C(C)Nc1cc(N=Nc2ccc(N(CCCC)CCCC)cc2)ccc1-c1ccc(N(c2ccc(C)cc2)c2ccc(C#N)cc2)cc1,1,c1ccc(N=Nc2ccc(-c3ccc(N(c4ccccc4)c4ccccc4)cc3)cc2)cc1,0.9929743,453.7563,0.0859313,0.0859,0.4769222,3.7020,1.0000000,1.0000,[],41
58.0663,87.9164,19.8727,0.8421023,CCCCCCCCc1ccc(N(c2ccc(CCCCCC)cc2)c2ccc(SCC)c3c(-c4ccc(N(c5ccccc5)c5ccccc5)cc4)cc(Nc4ccc(CN5CCc6nc(N)sc6C5)cc4)nc23)cc1,1,c1ccc(N(c2ccccc2)c2ccc(-c3cc(Nc4ccc(CN5CCc6ncsc6C5)cc4)nc4c(N(c5ccccc5)c5ccccc5)cccc34)cc2)cc1,0.9370358,429.3166,0.0433262,0.0433,0.4515423,3.9754,1.0000000,1.0000,[],41
47.4879,74.7083,44.3616,0.9302329,COc1ccc(-c2cc3ccc([O-])cc3oc2=Nc2ccc(C)cc2)cc1C1(c2ccc(N(c3ccc(C)cc3)c3ccc(C)cc3)cc2)CC1,1,c1ccc(N=c2oc3ccccc3cc2-c2cccc(C3(c4ccc(N(c5ccccc5)c5ccccc5)cc4)CC3)c2)cc1,0.9954816,461.4239,0.1618066,0.1618,0.5122876,3.3443,1.0000000,1.0000,[],41
40.9130,51.9551,-50.5329,0.0111114,Fc1ccc(CNc2nc(NCCc3cccnc3)c3c(n2)sc2ccc(N4CCCC4)cc23)cc1,1,c1ccc(CNc2nc(NCCc3cccnc3)c3c(n2)sc2ccc(N4CCCC4)cc23)cc1,0.0092471,349.2510,0.2638049,0.2638,0.5906328,2.6328,1.0000000,1.0000,[],41
46.4802,62.5015,55.7906,0.9241564,Cc1ccc(-c2cc(N=C3c4ccccc4C(=O)c4ccc(N(c5ccccc5)c5ccccc5)cc43)ccc2C=Nc2ccc(C#N)cc2)cc1C,1,O=C1c2ccccc2C(=Nc2ccc(C=Nc3ccccc3)c(-c3ccccc3)c2)c2cc(N(c3ccccc3)c3ccccc3)ccc21,0.9887589,448.6071,0.1571296,0.1571,0.5322205,3.1535,1.0000000,1.0000,[],41
46.5165,62.2152,4.2576,0.5193185,Cc1ccc(Nc2nn(-c3ccc([N+](=O)[O-])cc3)cc2-c2cccc(C=Nc3ccc(N(c4ccc(C)cc4)c4cccc5ccccc45)cc3)c2)cc1,1,C(=Nc1ccc(N(c2ccccc2)c2cccc3ccccc23)cc1)c1cccc(-c2cn(-c3ccccc3)nc2Nc2ccccc2)c1,0.5489978,402.1348,0.0869440,0.0869,0.5410405,3.0713,1.0000000,1.0000,[],41
27.3119,27.6849,-27.6849,0.0000000,c1cc2nc[nH]c(=C)c2cc1=C,0,,0.0000000,0.0000,0.0000000,0.0000,0.0000000,0.0000,0.0000000,0.0000,None,41
55.4066,84.7969,5.1553,0.7027522,Cc1ccc(N(c2ccc(C)cc2)c2ccc3c(c2)-c2c(-c4ccc(C=Cc5ccc6ccc(N(c7ccc(C)cc7)c7ccc(C)cc7)nc6n5)cc4)c4ccc(-c5ccc(F)cc5)cc4c(=O)n2C3(c2ccc(C)cc2)c2ccc(C)cc2)cc1,1,O=c1c2cc(-c3ccccc3)ccc2c(-c2ccc(C=Cc3ccc4ccc(N(c5ccccc5)c5ccccc5)nc4n3)cc2)c2n1C(c1ccccc1)(c1ccccc1)c1ccc(N(c3ccccc3)c3ccccc3)cc1-2,0.7507315,411.9704,0.1220124,0.1220,0.4216813,4.3175,1.0000000,1.0000,[],41
29.6099,40.0520,-39.7057,0.0027057,Cc1ccc(-c2cc(-c3ccccc3)cc(-c3ccc(N(c4ccc(C)cc4)c4ccc(C)c(C)c4)cc3)c2-c2ccc(C)cc2)cc1,1,c1ccc(-c2cc(-c3ccccc3)c(-c3ccccc3)c(-c3ccc(N(c4ccccc4)c4ccccc4)cc3)c2)cc1,0.0021166,333.1638,0.1715408,0.1715,0.6236584,2.3608,1.0000000,1.0000,[],41
54.6691,82.8988,-82.8988,0.0000000,COc1ccc(-c2cc(C=Cc3ccc(C#Cc4ccc(N(c5ccc(C)cc5)c5ccc(OC)cc5)cc4)s3)c(C)c3ccc(Oc4ccc(N(c5ccc(C)cc5)c5ccc(C)cc5)cc4)c(-c4ccc(N(c5ccccc5)c5ccccc5)cc4)c23)cc1,1,C(#Cc1ccc(C=Cc2cc(-c3ccccc3)c3c(-c4ccc(N(c5ccccc5)c5ccccc5)cc4)c(Oc4ccc(N(c5ccccc5)c5ccccc5)cc4)ccc3c2)s1)c1ccc(N(c2ccccc2)c2ccccc2)cc1,0.0000000,0.0000,0.0000000,0.0000,0.0000000,0.0000,0.0000000,0.0000,['C#C'],41
44.9355,59.5112,-59.5112,0.0000000,N(CC)=c1sc2=Nc3c(ccc(c3)N(CC)CC)-c2c(n1)-c1ccc(CCCCCCCCCCCCCC)cc1,0,,0.0000000,0.0000,0.0000000,0.0000,0.0000000,0.0000,0.0000000,0.0000,None,41
38.5250,51.2012,37.9115,0.6961930,Cc1ccc(-c2ccc(-c3cc(C=Cc4ccc(-c5ccc6ccccc6c5)o4)sc3-c3ccc(C)cc3)s2)cc1,1,C(=Cc1cc(-c2ccc(-c3ccccc3)s2)c(-c2ccccc2)s1)c1ccc(-c2ccc3ccccc3c2)o1,0.7274697,410.6600,0.1957395,0.1957,0.5791048,2.7314,1.0000000,1.0000,[],41
69.8706,82.3831,37.2700,0.9347900,CN(C)C=C(C(=O)Nc1c(C#N)ccc2oc3c(c(=O)[nH]c12)c1cnccc1c1c(=O)n(-c2ccc(C(F)(F)F)cc2)c(=O)c31)c1ccccc1,1,C=C(C(=O)Nc1cccc2oc3c(c(=O)[nH]c12)c1cnccc1c1c(=O)n(-c2ccccc2)c(=O)c31)c1ccccc1,0.9930386,453.8567,0.2115027,0.2115,0.4918562,3.5478,1.0000000,1.0000,[],41
44.6807,56.8665,23.4317,0.6273293,O=C(c1ccc(N(c2ccccc2)c2ccccc2)cc1)c1cc2ccccc2cc1C1=CC2(c3ccc(N(c4ccccc4)c4ccccc4)cc3)C=CC=CC2=C1,1,O=C(c1ccc(N(c2ccccc2)c2ccccc2)cc1)c1cc2ccccc2cc1C1=CC2(c3ccc(N(c4ccccc4)c4ccccc4)cc3)C=CC=CC2=C1,0.6632910,407.3612,0.1298648,0.1299,0.4716244,3.7579,1.0000000,1.0000,[],41
79.2204,100.7005,-100.7005,0.0000000,O=C(c1ccc(c(C#N)c1)N(CCCN(C)C)c1c2c3c(c(=O)c1)c1c(ccc(c1)N(c1ccc(cc1)OC)c1ccc(cc1)N(c1ccc(cc1)C)c1ccccc1)ccc3c1c(n2)cccc1)Oc1ccc(cc1)-c1ccc(cc1)N(c1ccc(cc1)C)c1ccc(OC)cc1,0,,0.0000000,0.0000,0.0000000,0.0000,0.0000000,0.0000,0.0000000,0.0000,None,41
32.6129,31.3782,52.3584,0.6541920,CSc1cc2nsnc2cc1C(=O)c1ccccc1,1,O=C(c1ccccc1)c1ccc2nsnc2c1,0.6588032,407.1438,0.5443307,0.5443,0.6174113,2.4111,1.0000000,1.0000,[],41
40.7800,58.9299,-58.9299,0.0000000,Cc1ccc(N2CN(c3ccc(C=Cc4ccc5cc(C)c(N(c6ccccc6)c6ccc(C)cc6)cc5c4)cc3)c3ccc2cc3C=Cc2ccc(N(c3ccc(C)cc3)c3ccc(C)cc3)cc2)cc1,1,C(=Cc1ccc2ccc(N(c3ccccc3)c3ccccc3)cc2c1)c1ccc(N2CN(c3ccccc3)c3ccc2c(C=Cc2ccc(N(c4ccccc4)c4ccccc4)cc2)c3)cc1,0.0000000,0.0000,0.1131945,0.1132,0.4301444,4.2182,1.0000000,1.0000,[],41
24.8551,29.7180,-29.7180,0.0000000,COc1ccccc1C=C1SC(=S)N(c2ccc3ccccc3c2)C1=O,1,O=C1C(=Cc2ccccc2)SC(=S)N1c1ccc2ccccc2c1,0.0000000,0.0000,0.0000000,0.0000,0.0000000,0.0000,0.0000000,0.0000,"['C(=[O,S])[O,S]']",41
46.6435,71.0507,8.5073,0.6215470,Cc1ccc(-c2c(C#N)sc(-c3c(C)nc(-c4ccc(N(c5ccccc5)c5ccccc5)cc4)c(-c4ccnc5cc6ccccc6cc45)c3C)c2C#N)cc1,1,c1ccc(-c2csc(-c3cnc(-c4ccc(N(c5ccccc5)c5ccccc5)cc4)c(-c4ccnc5cc6ccccc6cc45)c3)c2)cc1,0.6527006,406.8503,0.1516513,0.1517,0.5052609,3.4134,1.0000000,1.0000,[],41
51.7165,69.2668,-69.2668,0.0000000,c1(cc2c(cc3cc(Br)ccc3c2)c2c3C(CCC(C)(C)c3cc12)C=Cc1ccc(N(c2ccccc2)c2ccc(cc2)C)cc1)-c1ccc(cc1)N(c1ccc(C)cc1)c1ccc(cc1)C,0,,0.0000000,0.0000,0.0000000,0.0000,0.0000000,0.0000,0.0000000,0.0000,None,41
81.2057,95.7043,-95.7043,0.0000000,c1(-c2ccc3c(c2)c(c2c(cc(cc2)C=Cc2ccc(cc2)F)s3)=O)nc2c(=Cc3ccc(SC)cc3)c(-c3ccc(s3)C)c(C#N)c(c2n1CC)-c1c(cc(-c2ccc(C)cc2)cc1)C,0,,0.0000000,0.0000,0.0000000,0.0000,0.0000000,0.0000,0.0000000,0.0000,None,41
45.6782,48.7728,-13.1287,0.2784694,CC(C)Cc1c(-c2ccc(Cl)cc2)c(-c2cc3ccccc3s2)nc2nc(=O)[nH]c(N)c12,1,O=c1nc2nc(-c3cc4ccccc4s3)c(-c3ccccc3)cc2c[nH]1,0.2729847,389.3649,0.3292293,0.3292,0.5572666,2.9236,1.0000000,1.0000,[],41
39.1492,53.5525,56.7484,0.8617264,C(=Cc1ccc(N(c2ccccc2)c2ccccc2)c2nsnc12)c1ccc(N(c2ccc3cc4ccccc4cc3c2)c2ccc3cc4cc(N(c5ccccc5)c5ccccc5)ccc4cc3c2)cc1,1,C(=Cc1ccc(N(c2ccccc2)c2ccccc2)c2nsnc12)c1ccc(N(c2ccc3cc4ccccc4cc3c2)c2ccc3cc4cc(N(c5ccccc5)c5ccccc5)ccc4cc3c2)cc1,0.9343690,491.1648,0.0953683,0.0954,0.5008877,3.4569,1.0000000,1.0000,[],41
21.2733,22.5880,101.3300,0.9681092,O=c1c(=O)c2ccccc2c1=O,1,O=c1c(=O)c2ccccc2c1=O,0.9959051,460.3506,0.5011242,0.5011,0.6775594,1.9463,1.0000000,1.0000,[],41
66.8012,80.6085,-32.0811,0.3791206,Cc1ccc(-c2ccc(-c3ccc(-c4cc(N=Cc5ccc(N(c6ccccc6)c6ccccc6)cc5)cc(-c5cc(-c6ccc(-c7cc8ccccc8s7)cc6)cc(-c6ccc7c(c6)N(c6ccccc6)c6ccccc6O7)c5)c4)s3)s2)s1,1,C(=Nc1cc(-c2cc(-c3ccc(-c4cc5ccccc5s4)cc3)cc(-c3ccc4c(c3)N(c3ccccc3)c3ccccc3O4)c2)cc(-c2ccc(-c3ccc(-c4cccs4)s3)s2)c1)c1ccc(N(c2ccccc2)c2ccccc2)cc1,0.3933660,395.2968,0.1077309,0.1077,0.4340193,4.1733,1.0000000,1.0000,[],41
41.6345,58.8631,42.7689,0.7940006,C(=Cc1ccc(N(c2ccccc2)c2ccccc2)cc1)c1ccc(-c2cc3c(o2)c(C=Nc2ccc(N(c4ccccc4)c4ccccc4)cc2)cc2c4cc(-c5ccccc5)ccc4ccc32)cc1,1,C(=Cc1ccc(N(c2ccccc2)c2ccccc2)cc1)c1ccc(-c2cc3c(o2)c(C=Nc2ccc(N(c4ccccc4)c4ccccc4)cc2)cc2c4cc(-c5ccccc5)ccc4ccc32)cc1,0.8657400,420.2360,0.0695356,0.0695,0.5032985,3.4329,1.0000000,1.0000,[],41
53.5523,65.2033,-65.2033,0.0000000,n1(C)c(c(c2c3cc(Cl)c(cc3[n+](CCCCCCCCCCCCCCCC)c(c21)Cl)N)Cl)=NCCCCCCCCCCCCCCCCCCCCCC,0,,0.0000000,0.0000,0.0000000,0.0000,0.0000000,0.0000,0.0000000,0.0000,None,41
46.6116,62.6159,-60.6162,0.0156224,Cc1ccc(-c2ccc(N(c3ccc4c(c3)-c3ccc5ccccc5c3OC4=Cc3oc(-c4ccc(C)cc4)c4ccccc34)c3ccccc3C)cc2)cc1,1,C(=C1Oc2c(ccc3ccccc23)-c2cc(N(c3ccccc3)c3ccc(-c4ccccc4)cc3)ccc21)c1oc(-c2ccccc2)c2ccccc12,0.0134543,566.6314,0.1709384,0.1709,0.5213851,3.2563,1.0000000,1.0000,[],41
52.1142,73.9204,1.5733,0.5897945,Cc1ccc(N=c2oc3cc(C)c(-c4ccc(C)cc4)cc3c3nc(-c4ccc(C)cc4)cc(-c4cc5c(=O)c6ccccc6oc5cc4N(c4ccccc4)c4ccc(C)cc4)c23)cc1,1,O=c1c2ccccc2oc2cc(N(c3ccccc3)c3ccccc3)c(-c3cc(-c4ccccc4)nc4c3c(=Nc3ccccc3)oc3ccc(-c5ccccc5)cc34)cc12,0.6230140,405.4543,0.1179273,0.1179,0.4886151,3.5809,1.0000000,1.0000,[],41
33.4024,30.0617,-29.7314,0.0025805,NC(=NO)c1ccc(O)c(-c2cc3ccccc3o2)c1,1,c1ccc(-c2cc3ccccc3o2)cc1,0.0019801,332.4385,0.2882147,0.2882,0.6353161,2.2682,1.0000000,1.0000,[],41
40.7283,44.6272,-44.4162,0.0016486,N#Cc1c(Nc2ccccc2)nc(Nc2c(F)cccc2C(F)(F)F)nc1N1CCCC(N)C1,1,c1ccc(Nc2cc(N3CCCCC3)nc(Nc3ccccc3)n2)cc1,0.0012226,327.1954,0.4540151,0.4540,0.5299731,3.1746,1.0000000,1.0000,[],41
30.8456,37.8109,23.9448,0.4824661,Cc1ccc(S[C]C=Cc2ccc(N(c3ccc(C)cc3)c3ccc(C)cc3)cc2)cc1,1,[C](C=Cc1ccc(N(c2ccccc2)c2ccccc2)cc1)Sc1ccccc1,0.4892575,520.4666,0.2676077,0.2676,0.6012630,2.5436,1.0000000,1.0000,[],41
65.9127,84.8913,-84.8913,0.0000000,Cc1ccc(N(c2ccc3c(c2)[C]2C(C#N)=CC(C#N)=C4C(c5cccc(N)c5)=C2C3=C4c2ccc3cc(N(c4ccccc4)c4ccccc4)ccc3c2)c2ccccc2F)cc1,1,C1=C[C]2C3=C(c4ccccc4)C(=C1)C(c1ccc4cc(N(c5ccccc5)c5ccccc5)ccc4c1)=C3c1ccc(N(c3ccccc3)c3ccccc3)cc12,0.0000000,0.0000,0.1544324,0.1544,0.4043875,4.5269,1.0000000,1.0000,[],41
52.2596,74.1305,-14.5541,0.4654409,Cc1ccc(N(c2ccc(C)cc2)c2cc(C)c([N+](=O)[O-])cc2C=Cc2ccc3c(c2)c(CCCC=Cc2ccc(N(c4ccccc4)c4ccccc4)cc2)c(C)c2ccccc23)cc1,1,C(=Cc1ccc(N(c2ccccc2)c2ccccc2)cc1)CCCc1cc2ccccc2c2ccc(C=Cc3ccccc3N(c3ccccc3)c3ccccc3)cc12,0.5040861,400.1775,0.0359306,0.0359,0.4909720,3.5568,1.0000000,1.0000,[],41
46.4007,64.0508,11.5692,0.5907813,CCC1=C(C#N)C(=O)C=C(N(c2cccc(OC)c2)c2ccc(N(c3ccccc3)c3ccccc3)cc2-c2ccc(CC)cc2)C1=O,1,O=C1C=CC(=O)C(N(c2ccccc2)c2ccc(N(c3ccccc3)c3ccccc3)cc2-c2ccccc2)=C1,0.6191264,514.7250,0.1432438,0.1432,0.5341997,3.1349,1.0000000,1.0000,[],41
33.6845,45.3328,74.8487,0.9389178,N#CC1=C(C#N)N(c2ccccn2)C(=O)C1C=Nc1ccc(N(c2ccccc2)c2ccccc2)cc1,1,O=C1C(C=Nc2ccc(N(c3ccccc3)c3ccccc3)cc2)C=CN1c1ccccn1,0.9856423,445.9159,0.3053788,0.3054,0.5040234,3.4257,1.0000000,1.0000,[],41
69.3129,94.7188,18.6378,0.8855982,CCCCN(CCCC)c1ccc(-c2c(C(CCN3CCc4ccccc43)c3ccc(-c4ccc(N(c5ccccc5)c5ccccc5)cc4)s3)cc3c(N(c4ccc(C)cc4)c4ccc(F)cc4)c(-c4ccccc4C)c(C#N)c(N)c(C#N)c2-3)cc1,1,c1ccc(-c2cccc3c(-c4ccccc4)c(C(CCN4CCc5ccccc54)c4ccc(-c5ccc(N(c6ccccc6)c6ccccc6)cc5)s4)cc-3c2N(c2ccccc2)c2ccccc2)cc1,0.9743793,480.4966,0.0766923,0.0767,0.3716429,4.9491,1.0000000,1.0000,[],41
31.5521,39.8058,-27.3830,0.0970530,COc1ccc(NC2CC(=O)N(c3ccc(C)cc3)C(c3ccc(C)cc3)=C2C#N)cc1,1,O=C1CC(Nc2ccccc2)C=C(c2ccccc2)N1c1ccccc1,0.0883321,374.6570,0.5914269,0.5914,0.5648956,2.8556,1.0000000,1.0000,[],41
33.3694,33.5077,-32.9114,0.0046581,Cn1cc(-c2csc(Nc3ccc(I)cc3)n2)ccc1=O,1,O=c1ccc(-c2csc(Nc3ccccc3)n2)c[nH]1,0.0035912,338.9200,0.6688926,0.6689,0.6289169,2.3188,1.0000000,1.0000,[],41
35.7814,65.2564,46.6376,0.8741720,CCCCCCCCCCCCCCCCCCCCN(CC(=O)N(c1ccc(C)cc1)c1ccc(-c2ccc(N(c3ccc(C)cc3)c3ccc(C=Cc4ccc(C)cc4)cc3)cc2)cc1)c1ccc(N=Nc2ccc(N(c3ccccc3)c3ccccc3)cc2)cc1,1,O=C(CNc1ccc(N=Nc2ccc(N(c3ccccc3)c3ccccc3)cc2)cc1)N(c1ccccc1)c1ccc(-c2ccc(N(c3ccccc3)c3ccc(C=Cc4ccccc4)cc3)cc2)cc1,0.9953919,458.3618,0.0225656,0.0226,0.4415238,4.0876,1.0000000,1.0000,[],41
56.9998,74.4800,-74.4800,0.0000000,Cc1ccc(N(c2ccc(C)cc2)c2cc3ccccc3cc2C(Oc2c3ccc4c2COC3=c2ccccc2=C4)=C(C#N)C#N)cc1,1,C=C(Oc1c2ccc3c1COC2=c1ccccc1=C3)c1cc2ccccc2cc1N(c1ccccc1)c1ccccc1,0.0000000,0.0000,0.0000000,0.0000,0.0000000,0.0000,0.0000000,0.0000,['[*;r{8-17}]'],41
64.2104,88.2701,-88.2701,0.0000000,CCCCCCCCc1ccc(-c2cccc3c(-n4c(=O)n5c6c(c(N(CCCCCC)c7ccc(C#N)cc7)ccc64)C(=O)C(c4ccc(N(c6ccccc6)c6ccccc6)cc4)=C(C#N)c4ccccc4-5)cccc23)cc1,1,O=C1C(c2ccc(N(c3ccccc3)c3ccccc3)cc2)=Cc2ccccc2-n2c(=O)n(-c3cccc4c(-c5ccccc5)cccc34)c3ccc(Nc4ccccc4)c1c32,0.0000000,0.0000,0.0000000,0.0000,0.0000000,0.0000,0.0000000,0.0000,['[*;r{8-17}]'],41
57.9011,92.2524,7.4931,0.7792616,Cc1ccc(-c2c(-c3ccc(N(c4ccc(C)cc4)c4ccc(C)cc4)c4ccccc34)sc3nc(-c4ccc(C#N)cc4)c(NC(=O)c4cc(N(c5ccccc5)c5ccccc5)nc(-c5ccc(C=Cc6ccc(N(c7ccccc7)c7ccccc7)cc6)s5)n4)n23)cc1,1,O=C(Nc1c(-c2ccccc2)nc2sc(-c3ccc(N(c4ccccc4)c4ccccc4)c4ccccc34)c(-c3ccccc3)n12)c1cc(N(c2ccccc2)c2ccccc2)nc(-c2ccc(C=Cc3ccc(N(c4ccccc4)c4ccccc4)cc3)s2)n1,0.8447007,418.3883,0.0961110,0.0961,0.3904973,4.7017,1.0000000,1.0000,[],41
59.3135,81.3789,-81.3789,0.0000000,C(C)(C1=CC(C(C=C1)=Cc1cc2c(N(CC)CC2)cc1)=O)=c1ccc(cc1)=C(C(F)(F)C(F)(C(F)(F)F)F)F)c1ccc(cc1)N(c1ccc(cc1)C)c1ccc(cc1)C,0,,0.0000000,0.0000,0.0000000,0.0000,0.0000000,0.0000,0.0000000,0.0000,None,41
45.7495,68.5560,8.2496,0.6000436,COc1ccc2c(OC)c(C#N)c3oc(=O)cc(-c4cc(OC)c5c(c4)OC(c4ccc(N(c6ccccc6)c6ccccc6)cc4)C5(C)C)c3c2c1,1,O=c1cc(-c2ccc3c(c2)OC(c2ccc(N(c4ccccc4)c4ccccc4)cc2)C3)c2c(ccc3ccccc32)o1,0.6356331,406.0417,0.1142187,0.1142,0.4679793,3.7967,1.0000000,1.0000,[],41
69.1319,96.8685,-45.1197,0.4042877,C=COc1c2ccoc2c(N)c2sc(N(c3ccccc3)c3ccccc3)c(C(=Cc3ccc(N(c4ccccc4)c4ccccc4)cc3)c3cc4cc(C)ccc4s3)c12,1,C(=C(c1cc2ccccc2s1)c1c(N(c2ccccc2)c2ccccc2)sc2cc3occc3cc12)c1ccc(N(c2ccccc2)c2ccccc2)cc1,0.4206413,396.5241,0.1041154,0.1041,0.4703669,3.7712,1.0000000,1.0000,[],41
59.0114,80.2141,-7.6314,0.5670525,COc1ccc(-c2ccc(C3=CC(=Cc4ccc(-c5ccc(C)cc5)cc4)N(c4ccc(C(=O)Nc5ccc(N6CCN(c7cc(F)cc(OC)c7)CC6)cc5)cn4)CC3)cc2)cc1,1,O=C(Nc1ccc(N2CCN(c3ccccc3)CC2)cc1)c1ccc(N2CCC(c3ccc(-c4ccccc4)cc3)=CC2=Cc2ccc(-c3ccccc3)cc2)nc1,0.5940513,404.1338,0.1390157,0.1390,0.5127794,3.3395,1.0000000,1.0000,[],41
38.8149,53.4953,-51.9617,0.0119817,Cc1ccc(C=Cc2ccc(-c3ccc(-c4c5c(c(-c6ccc(N(c7ccc(C)cc7)c7cccc(C)c7)cc6)c6ccccc46)CCCC5)cc3)cc2)cc1,1,C(=Cc1ccc(-c2ccc(-c3c4c(c(-c5ccc(N(c6ccccc6)c6ccccc6)cc5)c5ccccc35)CCCC4)cc2)cc1)c1ccccc1,0.0102177,350.3454,0.1412432,0.1412,0.5708998,2.8027,1.0000000,1.0000,[],41
29.2727,35.3858,56.2271,0.7157254,O=c1c2ccccc2ccc2c(Nc3ccc(Cl)c(Cl)c3)nccc12,1,O=c1c2ccccc2ccc2c(Nc3ccccc3)nccc12,0.7256622,410.5612,0.4869803,0.4870,0.6624709,2.0589,1.0000000,1.0000,[],41
38.0992,46.3302,73.5949,0.9369154,C=CCOc1ccc(C2=C(N=c3sc4ccc(Cl)cc4n3C)C(=O)N(c3cccc(Cl)c3)C2=O)cc1,1,O=C1C(N=c2[nH]c3ccccc3s2)=C(c2ccccc2)C(=O)N1c1ccccc1,0.9909540,450.9900,0.2245170,0.2245,0.5566763,2.9289,1.0000000,1.0000,[],41
60.8678,91.2327,21.2045,0.8784152,COc1ccc(N(c2ccc(C)cc2)c2ccc(N=Nc3cc4cc5ncnc(N(C(=O)c6cc7cc(N(C)CCO)ccc7oc6=O)c6ccc(N(c7ccc(C)cc7)c7ccc(OC)cc7)cc6)c5cc4cc3OC)cc2)cc1,1,O=C(c1cc2ccccc2oc1=O)N(c1ccc(N(c2ccccc2)c2ccccc2)cc1)c1ncnc2cc3cc(N=Nc4ccc(N(c5ccccc5)c5ccccc5)cc4)ccc3cc12,0.9749293,480.2548,0.0523255,0.0523,0.4272668,4.2517,1.0000000,1.0000,[],41
37.5719,57.8282,53.7256,0.8715145,COc1ccc(N(c2ccc(C)cc2)c2ccc(S(=O)(=O)c3ccc(N4c5ccccc5N(c5ccc(C)cc5)c5ccc(N(c6ccc(O)cc6)c6ccc(OC)cc6)cc54)cc3)cc2)cc1,1,O=S(=O)(c1ccc(N(c2ccccc2)c2ccccc2)cc1)c1ccc(N2c3ccccc3N(c3ccccc3)c3ccc(N(c4ccccc4)c4ccccc4)cc32)cc1,0.9356246,429.0595,0.1287584,0.1288,0.5269162,3.2036,1.0000000,1.0000,[],41
56.9867,88.8227,25.7173,0.8948436,Cc1ccc(N(CCOCCOCCNC(=O)c2cnc3cc(-c4ccc5cc(-c6ccc(N(c7ccccc7)c7ccccc7)cc6)c(-c6ccccc6)cc5c4)ccc3c2)c2ccc(N=Nc3ccc(N(c4ccc(C)cc4)c4ccc(C)cc4)cc3)cc2)cc1,1,O=C(NCCOCCOCCN(c1ccccc1)c1ccc(N=Nc2ccc(N(c3ccccc3)c3ccccc3)cc2)cc1)c1cnc2cc(-c3ccc4cc(-c5ccc(N(c6ccccc6)c6ccccc6)cc5)c(-c5ccccc5)cc4c3)ccc2c1,0.9954591,461.4780,0.0503501,0.0504,0.4248578,4.2800,1.0000000,1.0000,[],41
48.2271,78.6405,25.9516,0.8171253,CCn1c2ccc(C=CC=Cc3ccc(N(c4ccc(C)cc4)c4ccc(C=Cc5ccc(N(c6ccccc6)c6ccccc6)cc5)s4)cc3)cc2c2cc(C(C)(C)c3ccc(C=Cc4ccc(C#N)cc4)cc3)ccc21,1,C(C=Cc1ccc2[nH]c3ccc(Cc4ccc(C=Cc5ccccc5)cc4)cc3c2c1)=Cc1ccc(N(c2ccccc2)c2ccc(C=Cc3ccc(N(c4ccccc4)c4ccccc4)cc3)s2)cc1,0.8936540,423.1112,0.0714556,0.0715,0.4496053,3.9969,1.0000000,1.0000,[],41
52.5606,68.3977,-47.4102,0.1639647,CN(C)CCCN1CCN(c2ccc(-c3ccc4nc(C5CCCN(Cc6cccc(F)c6)C5)nc(-c5ccc(N(c6ccccc6)c6ccccc6)cc5)c4c3)cc2)CC1,1,c1ccc(CN2CCCC(c3nc(-c4ccc(N(c5ccccc5)c5ccccc5)cc4)c4cc(-c5ccc(N6CCNCC6)cc5)ccc4n3)C2)cc1,0.1620740,382.1627,0.1149047,0.1149,0.4848799,3.6193,1.0000000,1.0000,[],41
88.8542,129.0249,-129.0249,0.0000000,c12nc(cc(c1c(c1c(c(c(-c3ccc(cc3)N=Nc3c(c4ccc(N(c5ccccc5)c5ccccc5)cc4)[nH]c3-c3ccc(N(c4ccccc4)c4ccccc4)cc3)c3c1cccc3)-c1ccc(s1)C=Cc1ccc(-c3sc(cc3)C=Cc3ccc(s3)C#N)cc1)s2)Nc1ccc(cc1)C)-c1c2c(cccc2)c(cc1)C)C,0,,0.0000000,0.0000,0.0000000,0.0000,0.0000000,0.0000,0.0000000,0.0000,None,41
62.1952,75.8717,39.9363,0.9047502,[N-]=[N+]=Nc1ccc2cc(C3(CN)C=C(F)C=CN3c3ncc4cc(N)c(-c5ccccc5)cc4n3)ccc2c1,1,C1=CC(c2ccc3ccccc3c2)N(c2ncc3ccc(-c4ccccc4)cc3n2)C=C1,0.9805894,442.5862,0.1126728,0.1127,0.4498462,3.9942,1.0000000,1.0000,[],41
35.6528,31.5106,-30.9720,0.0042080,CCSc1cccc(CC(=O)c2ccc(F)cn2)c1,1,O=C(Cc1ccccc1)c1ccccn1,0.0032342,337.7793,0.6145157,0.6145,0.6416628,2.2185,1.0000000,1.0000,[],41
46.0933,50.7928,42.9372,0.7322656,Cc1ccc(-c2cc3ccc4c5cc6c(N7CCCCC7)cccc6cc5ccc4c3oc2=O)c(C)c1,1,O=c1oc2c(ccc3c4cc5c(N6CCCCC6)cccc5cc4ccc32)cc1-c1ccccc1,0.7747828,413.4145,0.1405509,0.1406,0.5965330,2.5831,1.0000000,1.0000,[],41
31.1394,52.3869,34.2657,0.6769729,Cc1ccc(-c2ccc(C=Cc3ccc(-c4cc(-c5ccc(N(c6ccc(C)cc6)c6ccc(C)cc6)cc5)oc4-c4ccc(C=Cc5ccc(N(c6ccc(C)cc6)c6ccc(C)cc6)cc5)cc4)cc3)cc2)cc1,1,C(=Cc1ccc(-c2cc(-c3ccc(N(c4ccccc4)c4ccccc4)cc3)oc2-c2ccc(C=Cc3ccc(N(c4ccccc4)c4ccccc4)cc3)cc2)cc1)c1ccc(-c2ccccc2)cc1,0.7225620,410.3927,0.1012600,0.1013,0.5294684,3.1794,1.0000000,1.0000,[],41
51.4084,68.2164,-53.7096,0.1133343,Cc1ccc(C(=O)Nc2cc(C(=O)c3ccc(C)s3)cc3c2nc(C=Cc2ccc(Cl)cc2Cl)n3Cc2ccccc2F)cc1,1,O=C(Nc1cc(C(=O)c2cccs2)cc2c1nc(C=Cc1ccccc1)n2Cc1ccccc1)c1ccccc1,0.1082643,377.1062,0.1662978,0.1663,0.5606462,2.8933,1.0000000,1.0000,[],41
51.8884,70.8774,-70.8774,0.0000000,c1cc(COC(N2CC(C2)(C#N)c2c(F)c(ccc2Cl)C=Cc2oc3c(ccc(c3)N(c3ccccc3)c3ccccc3)cc2)=O)ccc1,0,,0.0000000,0.0000,0.0000000,0.0000,0.0000000,0.0000,0.0000000,0.0000,None,42
39.6232,64.2828,20.8729,0.6652785,Cc1ccc(N(c2ccc(C)cc2)c2ccc3c(c2)-n2c-3c(-c3ccc(-c4ccc(C=Cc5ccc(C=Cc6ccc(C=Cc7ccccc7)cc6)cc5)cc4)cc3)c3cc(C)c(C)cc32)cc1,1,C(=Cc1ccc(C=Cc2ccc(C=Cc3ccc(-c4ccc(-c5c6n(c7ccccc57)-c5cc(N(c7ccccc7)c7ccccc7)ccc5-6)cc4)cc3)cc2)cc1)c1ccccc1,0.7064900,409.5371,0.1175869,0.1176,0.5153461,3.3146,1.0000000,1.0000,[],42
46.5039,59.5974,43.9670,0.8090969,COc1ccc(N(c2ccc(C)cc2)c2ccc3c(ccc4c(C=Cc5ccc(N(c6ccccc6)c6ccc(C=Cc7ccc(C)cc7)cc6)cc5)c5sc6cc(C)ccc6c5cc43)c2)cc1,1,C(=Cc1ccc(N(c2ccccc2)c2ccc(C=Cc3c4ccc5cc(N(c6ccccc6)c6ccccc6)ccc5c4cc4c3sc3ccccc34)cc2)cc1)c1ccccc1,0.8744439,421.0724,0.0950315,0.0950,0.5022930,3.4429,1.0000000,1.0000,[],42
48.0618,63.9203,51.5682,0.9022538,CCc1cc2c(s1)C(C)(C)c1c3c(c4cc(N(c5ccc(C)cc5)c5ccc(C)cc5)ccc4c1N2c1cccc(C)c1)N(c1ccc(C)cc1)c1ccc(C)cc1N3c1cccc(C)c1C,1,c1ccc(N(c2ccccc2)c2ccc3c4c(c5c(c3c2)N(c2ccccc2)c2ccccc2N5c2ccccc2)Cc2sccc2N4c2ccccc2)cc1,0.9668350,436.6168,0.1580277,0.1580,0.4614233,3.8672,1.0000000,1.0000,[],42
44.8261,53.7290,50.4709,0.8140621,COc1ccc(-c2c(-c3ccc(C)cc3)c(-c3ccc(C)cc3)c3c(-c4ccc(C)cc4)c4c(-c5ccc(Cl)cc5)nn(-c5ccc(Cl)cc5)c4nc3c2C#N)cc1,1,c1ccc(-c2cc3nc4c(c(-c5ccccc5)nn4-c4ccccc4)c(-c4ccccc4)c3c(-c3ccccc3)c2-c2ccccc2)cc1,0.8644347,420.1146,0.1612450,0.1612,0.5331721,3.1446,1.0000000,1.0000,[],42
66.7564,84.6849,30.1789,0.8973734,Cc1ccc2c(-c3ccc(C=Cc4ccccc4)cc3)cc(N=C3C(=O)Nc4c3ccc3ccc5nc6cc(-c7ccc8ccccc8c7)ccc6cc5c43)nc2c1,1,O=C1Nc2c(ccc3ccc4nc5cc(-c6ccc7ccccc7c6)ccc5cc4c23)C1=Nc1cc(-c2ccc(C=Cc3ccccc3)cc2)c2ccccc2n1,0.9711425,438.1756,0.1084430,0.1084,0.5010909,3.4548,1.0000000,1.0000,[],42
23.1148,24.6125,-24.2687,0.0026857,N#CC(=Cc1ccc(I)cc1)c1ccc(Cl)cc1,1,C(=Cc1ccccc1)c1ccccc1,0.0020394,332.7600,0.4168601,0.4169,0.6626717,2.0574,1.0000000,1.0000,[],42
84.3365,114.4509,-114.4509,0.0000000,C1CN(C2=Nc3c(ccc(O)c3)-c3c2c2cc(N(C)C)ccc2o3)CCN1c1cc2c(C(=O)c3ccc(OCCCCCC)cc3)cc(c3c2ccc(c3)N(c2ccc(cc2)CCCCCCCC)c2ccc(cc2)C=Cc2ccc(C=Cc3ccc(cc3)-c3ccc(cc3)CCCCCCCC)cc2)c1,0,,0.0000000,0.0000,0.0000000,0.0000,0.0000000,0.0000,0.0000000,0.0000,None,42
44.1606,51.3106,-14.1267,0.2904994,COc1ccc(N(C(=S)CC(=O)Nc2ccc([N+](=O)[O-])cc2N)c2ccc(N(c3ccccc3)c3ccccc3)cc2)cc1,1,O=C(CC(=S)N(c1ccccc1)c1ccc(N(c2ccccc2)c2ccccc2)cc1)Nc1ccccc1,0.2993851,390.7688,0.0711492,0.0711,0.5728926,2.7853,1.0000000,1.0000,[],42
44.1625,58.8276,-58.8276,0.0000000,c12c(cc3Cc4c(-c3c2cccc1)c(-c1ccc(cc1)C=CC(C)=Cc1ccc(N(c2ccc(cc2)C)c2ccc(C)cc2)cc1)cccc4)-c1ccc(cc1)C,0,,0.0000000,0.0000,0.0000000,0.0000,0.0000000,0.0000,0.0000000,0.0000,None,42
33.8610,41.0938,74.6683,0.9043916,COc1ccc(-c2cc(=O)n(C)c3nc(C#N)c(NCc4ccccc4)cc23)cc1,1,O=c1cc(-c2ccccc2)c2cc(NCc3ccccc3)cnc2[nH]1,0.9262880,427.4802,0.5495156,0.5495,0.6129426,2.4474,1.0000000,1.0000,[],42
44.8911,56.9197,-54.0537,0.0223902,Cc1ccc(N(c2ccc(C)cc2)c2ccc(C(=COc3cccc(C)c3C)c3ccc(-c4cccc5ccccc45)cc3)cc2C)cc1,1,C(Oc1ccccc1)=C(c1ccc(-c2cccc3ccccc23)cc1)c1ccc(N(c2ccccc2)c2ccccc2)cc1,0.0196813,357.5672,0.1540857,0.1541,0.5671924,2.8353,1.0000000,1.0000,[],42
38.0062,42.1291,70.7410,0.8817976,CCOc1ccc(N2CCN(C(=O)C3CCC(CNc4ccc(N=Nc5ccccc5)cc4)CC3)CC2)cc1,1,O=C(C1CCC(CNc2ccc(N=Nc3ccccc3)cc2)CC1)N1CCN(c2ccccc2)CC1,0.9192783,426.4114,0.3034999,0.3035,0.6046121,2.5158,1.0000000,1.0000,[],42
40.4784,68.1321,47.5354,0.9036526,Cc1ccc(-c2c3c(c(C=Cc4ccc(N(c5ccccc5)c5ccccc5)cc4)c4cc(Cl)ccc24)C(=O)N(c2ccc(C#N)c(C=Cc4ccc(N(c5ccc(C)cc5)c5ccc(C)cc5)cc4)c2)C3=O)cc1,1,O=C1c2c(c(-c3ccccc3)c3ccccc3c2C=Cc2ccc(N(c3ccccc3)c3ccccc3)cc2)C(=O)N1c1cccc(C=Cc2ccc(N(c3ccccc3)c3ccccc3)cc2)c1,0.9854302,445.7543,0.0901095,0.0901,0.4684803,3.7913,1.0000000,1.0000,[],42
50.7134,72.1515,-69.8806,0.0177417,Cc1cccc(C=Cc2ccc(-c3ccc(COc4cc(F)ccc4C=C(c4cccnc4)N(c4ccccc4)c4ccccc4)cc3)cc2C)c1,1,C(=Cc1ccc(-c2ccc(COc3ccccc3C=C(c3cccnc3)N(c3ccccc3)c3ccccc3)cc2)cc1)c1ccccc1,0.0155096,354.9347,0.1273635,0.1274,0.5478049,3.0092,1.0000000,1.0000,[],42
43.7699,51.1884,-50.8640,0.0025344,CC(C)(CC(c1ccc(C#N)cc1)N1CCOCC1)c1cc(C#N)c2[nH]c(C#N)cc2c1,1,c1ccc(C(CCc2ccc3[nH]ccc3c2)N2CCOCC2)cc1,0.0019043,332.0143,0.6500915,0.6501,0.4853057,3.6149,1.0000000,1.0000,[],42
56.8114,90.9370,23.3000,0.8924772,CCCCCC[n+]1c(C=Cc2c(-c3ccc(C)cc3)oc3c(-c4nc(-c5ccc(C)cc5)n5nc(C)c(C#N)cc45)cccc23)sc2ccc(-c3ccc(N(c4ccccc4)c4ccccc4)cc3)cc21,1,C(=Cc1c(-c2ccccc2)oc2c(-c3nc(-c4ccccc4)n4ncccc34)cccc12)c1[nH+]c2cc(-c3ccc(N(c4ccccc4)c4ccccc4)cc3)ccc2s1,0.9770259,479.2833,0.0801966,0.0802,0.4498683,3.9940,1.0000000,1.0000,[],42
38.1470,42.9076,-41.1518,0.0137175,Nc1nc(Nc2cc(Cl)c(Br)cc2NO)c2ccccc2n1,1,c1ccc(Nc2ncnc3ccccc23)cc1,0.0113030,351.4532,0.5092661,0.5093,0.5979751,2.5710,1.0000000,1.0000,[],42
65.4531,88.7951,-88.7951,0.0000000,CCCN(c1ccc(cc1)C=Cc1sc2cc(c(N=Nc3c(cc(cc3)N(Cc3ccccc3)CC)C#N)c(O)c2c1=Nc1ccc(cc1)N(C)C)[N+]#[C-])Cc1ccc(N2CCCCC2)cc1,0,,0.0000000,0.0000,0.0000000,0.0000,0.0000000,0.0000,0.0000000,0.0000,None,42
29.3395,30.7466,-30.6499,0.0007555,NCC1(c2ccc3cc(Br)c(Br)cc3c2)CCCC1,1,c1ccc2cc(C3CCCC3)ccc2c1,0.0005277,318.0648,0.7643201,0.7643,0.5953186,2.5933,1.0000000,1.0000,[],42
46.3536,51.8600,-51.6504,0.0016371,CCc1c(Br)c(OC)cc2cc(OC)c(OC)c(-c3ccc(C)c(C)c3)c12,1,c1ccc(-c2cccc3ccccc23)cc1,0.0012092,327.0760,0.4650638,0.4651,0.6069946,2.4962,1.0000000,1.0000,[],42
37.6362,48.3859,-48.3859,0.0000000,c12c(cc3c(N(c4ccc(-c5ccc(N(c6ccccc6)c6ccc(cc6)C)cc5)c5ccccc54)cc3)c3c1cc1ccccc1c3)ccc(N(c1ccc(C)cc1)c1ccc(cc1)C)c2,0,,0.0000000,0.0000,0.0000000,0.0000,0.0000000,0.0000,0.0000000,0.0000,None,42
55.1998,66.1205,-6.2429,0.4677938,[C-]#[N+]c1c(C#N)c2c(N3c4ccccc4CCc4ccccc43)cc3c(N4CCCC4)c(N4CCCC4)ccc3c2oc1=N,1,N=c1ccc2c(N3c4ccccc4CCc4ccccc43)cc3c(N4CCCC4)c(N4CCCC4)ccc3c2o1,0.4819388,520.7847,0.1728888,0.1729,0.5057774,3.4083,1.0000000,1.0000,[],42
25.2293,24.7504,-24.1937,0.0043493,CN(C)C(=O)CN=Cc1ccccc1O,1,c1ccccc1,0.0033332,338.1079,0.7468934,0.7469,0.5958478,2.5888,1.0000000,1.0000,[],42
41.1634,65.9089,49.0409,0.8980451,Cc1ccc(N(c2ccc(C)cc2)c2ccc(C=Cc3ccc4c(c3)CCN4S(=O)(=O)c3c(C#N)c(C#N)cc(C(F)(F)F)c3C#N)cc2)cc1,1,O=S(=O)(c1ccccc1)N1CCc2cc(C=Cc3ccc(N(c4ccccc4)c4ccccc4)cc3)ccc21,0.9601364,485.4561,0.1566026,0.1566,0.5151032,3.3169,1.0000000,1.0000,[],42
44.2005,58.2598,2.8392,0.4773362,Cc1ccc(N(c2ccc(C)cc2)c2ccc(-c3cc4ccc5ccc(N(c6ccc(C)cc6)c6ccc(C=Cc7ccc8cc(N(c9ccc(C)cc9)c9ccc(F)cc9)ccc8c7)cc6)cc5c4o3)cc2)cc1,1,C(=Cc1ccc2cc(N(c3ccccc3)c3ccccc3)ccc2c1)c1ccc(N(c2ccccc2)c2ccc3ccc4cc(-c5ccc(N(c6ccccc6)c6ccccc6)cc5)oc4c3c2)cc1,0.4989207,399.9531,0.1138226,0.1138,0.5016247,3.4495,1.0000000,1.0000,[],42
53.8418,76.3226,-75.9227,0.0031239,CCc1ccc(N(c2ccc(-c3sc(N=Nc4cc(C#N)cc5c(N(CC)CC)c(N=Nc6ccc(C#N)cc6)ccc45)c(C#N)c3C#N)s2)c2ccccc2F)cc1,1,c1ccc(N=Nc2ccc3c(N=Nc4ccc(-c5ccc(N(c6ccccc6)c6ccccc6)s5)s4)cccc3c2)cc1,0.0025136,584.9653,0.1120615,0.1121,0.4431033,4.0698,1.0000000,1.0000,[],42
33.0319,53.1214,59.5687,0.8803912,Cc1ccc(N(c2ccc(C)cc2)c2ccc(C=Cc3cc(-c4sc5ccccc5[n+]4O)ccc3N(c3ccc(C)cc3)c3ccc(C)cc3)cc2)cc1,1,C(=Cc1cc(-c2[nH+]c3ccccc3s2)ccc1N(c1ccccc1)c1ccccc1)c1ccc(N(c2ccccc2)c2ccccc2)cc1,0.9559661,433.4164,0.0914776,0.0915,0.5257683,3.2145,1.0000000,1.0000,[],42
38.8167,42.5863,19.4761,0.4848626,N#Cc1ccc(-c2cc3c(F)c4c(F)c(F)c(F)c(F)c4cc3s2)cn1,1,c1cncc(-c2cc3cc4ccccc4cc3s2)c1,0.4944518,399.7590,0.2433217,0.2433,0.5379940,3.0995,1.0000000,1.0000,[],42
49.3778,56.3941,16.4614,0.5691840,CCc1c(C)sc2c(-c3ccc(C)cc3)c3ncc(-c4ccc(C)cc4)c(Cl)c3c(-c3ccc(Cl)cc3)c12,1,c1ccc(-c2cnc3c(-c4ccccc4)c4sccc4c(-c4ccccc4)c3c2)cc1,0.5871506,403.8239,0.2119701,0.2120,0.5722960,2.7905,1.0000000,1.0000,[],42
65.4998,82.1514,20.4967,0.8019383,Cc1ccc(C(=Cc2ccc(-c3cc4c(=O)c5cc6ccccc6cc5c(=Cc5ccc(Cl)cc5)c(=C(C#N)C#N)c4cc3N(c3ccc(C)cc3)c3ccc(C(=C(c4ccccc4)c4ccc(N(c5ccccc5)c5ccccc5)cc4)c4ccccc4)cc3)s2)c2ccc(C)cc2)cc1,1,C=c1c(=Cc2ccccc2)c2cc3ccccc3cc2c(=O)c2cc(-c3ccc(C=C(c4ccccc4)c4ccccc4)s3)c(N(c3ccccc3)c3ccc(C(=C(c4ccccc4)c4ccc(N(c5ccccc5)c5ccccc5)cc4)c4ccccc4)cc3)cc12,0.8710244,499.2619,0.0956739,0.0957,0.3840769,4.7846,1.0000000,1.0000,[],42
67.6015,74.0644,-74.0644,0.0000000,C1(C(=C(C)C(C2C=1c1c(C)c3C(CCCCCCCCCCCCCC)(C=c3cc2n(c1=O)CCCCCCCCCCCC)C#N)(C#N)C#N)C#N)C#N,0,,0.0000000,0.0000,0.0000000,0.0000,0.0000000,0.0000,0.0000000,0.0000,None,42
56.1512,72.4065,-16.2547,0.4386862,CCCCCCC1c2cc(C#N)ccc2-c2cc3cc(C=Cc4ccc(N(c5ccc(-c6ccc(N(c7ccccc7)c7ccc(C)cc7)cc6)cc5)c5cccc(Oc6cccc7cccnc67)c5)cc4)ccc3cc21,1,C(=Cc1ccc2cc3c(cc2c1)-c1ccccc1C3)c1ccc(N(c2ccc(-c3ccc(N(c4ccccc4)c4ccccc4)cc3)cc2)c2cccc(Oc3cccc4cccnc34)c2)cc1,0.4649713,398.4762,0.0713095,0.0713,0.4219260,4.3146,1.0000000,1.0000,[],42
67.0853,79.5677,-43.1433,0.2845655,CCCCCCCCc1ccc(C=Cc2ccc(N=Cc3ccc(C=Cc4ccc5cc(-c6oc7c(ccc8oc(-c9ccc(C=Cc%10ccccc%10)cc9)cc87)c(=O)c6Cc6ccccc6)ccc5c4)cc3)cc2)cc1,1,O=c1c(Cc2ccccc2)c(-c2ccc3cc(C=Cc4ccc(C=Nc5ccc(C=Cc6ccccc6)cc5)cc4)ccc3c2)oc2c1ccc1oc(-c3ccc(C=Cc4ccccc4)cc3)cc12,0.2984055,390.7180,0.0460722,0.0461,0.4577494,3.9072,1.0000000,1.0000,[],42
39.4197,44.4084,-44.4084,0.0000000,CCOc1ccc(N2C(=O)C(=Cc3cc4c(c([N+](=O)[O-])c3)OCc3ccccc3C4)SC2=S)cc1,1,O=C1C(=Cc2ccc3c(c2)Cc2ccccc2CO3)SC(=S)N1c1ccccc1,0.0000000,0.0000,0.0000000,0.0000,0.0000000,0.0000,0.0000000,0.0000,"['C(=[O,S])[O,S]']",42
41.7850,65.2846,50.8813,0.9075459,CCc1nc(-c2ccc(C=Cc3ccc(C)cc3)cc2)nc(N(C)c2ccc(C=Cc3ccc(C=Cc4ccc(N(c5ccc(C)cc5)c5ccc(C)cc5)c5ccccc45)s3)cc2)n1,1,C(=Cc1ccc(-c2ncnc(Nc3ccc(C=Cc4ccc(C=Cc5ccc(N(c6ccccc6)c6ccccc6)c6ccccc56)s4)cc3)n2)cc1)c1ccccc1,0.9833078,444.2544,0.1080865,0.1081,0.4898022,3.5688,1.0000000,1.0000,[],42
38.0584,46.2593,71.5255,0.9201938,Cc1cc(O)c2c(c1O)C(=O)c1c(O)c(O)cc(C(=O)c3ccc(N(C)C)cc3O)c1C2=O,1,O=C(c1ccccc1)c1cccc2c1C(=O)c1ccccc1C2=O,0.9791782,478.1914,0.1801994,0.1802,0.5551412,2.9427,1.0000000,1.0000,[],42
44.0753,63.2941,-37.4025,0.2022783,COc1ccc(N(C#N)C2=C(C#N)N(c3ccc(C)cc3C)C(=O)C2=Cc2ccc(-c3ccc(F)cc3[N+](=O)[O-])o2)cc1,1,O=C1C(=Cc2ccc(-c3ccccc3)o2)C(Nc2ccccc2)=CN1c1ccccc1,0.2044500,534.7520,0.0773797,0.0774,0.5148084,3.3198,1.0000000,1.0000,[],42
62.1915,76.1700,28.5953,0.8184787,Cc1ccc2c(C=Nc3ccccc3C(=O)Nc3ccc(C(=O)CCCN(c4cccc(Cl)c4)c4ccc5c(C)cc(=O)oc5c4)cc3)c(N3CCCC3)ccc2c1,1,O=C(CCCN(c1ccccc1)c1ccc2ccc(=O)oc2c1)c1ccc(NC(=O)c2ccccc2N=Cc2c(N3CCCC3)ccc3ccccc23)cc1,0.8912400,422.8381,0.0752654,0.0753,0.5137223,3.3304,1.0000000,1.0000,[],42
37.2386,49.2124,71.9463,0.9465525,CC(C#N)=C(C#N)C=Cc1nc2cc(Nc3ccccc3)c(-c3ccccc3)cc2o1,1,c1ccc(Nc2cc3ncoc3cc2-c2ccccc2)cc1,0.9925665,466.8608,0.2995499,0.2995,0.5577634,2.9191,1.0000000,1.0000,[],42
36.8190,53.2889,2.9248,0.4391700,CCn1nc(C)c(C=C(C#N)c2ccc(Cl)cc2)c1-c1ccc(C=Cc2ccc(N(c3ccc(C)cc3)c3ccc(C)cc3)cc2)cc1,1,C(=Cc1cn[nH]c1-c1ccc(C=Cc2ccc(N(c3ccccc3)c3ccccc3)cc2)cc1)c1ccccc1,0.4557362,398.0726,0.1161378,0.1161,0.5562639,2.9326,1.0000000,1.0000,[],42
32.1373,49.4361,62.3588,0.8733978,Cc1ccc(-c2ccc(C3C(C#N)=C(c4ccccc4)N=c4sc(=Cc5cn(-c6ccccc6)nc5-c5ccc(C)cc5)c(=O)n43)cc2)cc1,1,O=c1c(=Cc2cn(-c3ccccc3)nc2-c2ccccc2)sc2n1C(c1ccc(-c3ccccc3)cc1)C=C(c1ccccc1)N=2,0.9284521,427.8291,0.1805485,0.1805,0.5094905,3.3717,1.0000000,1.0000,[],42
43.0152,65.8360,12.2135,0.6097617,CCCCCCCCCCCCN(CCCC)c1ccc2ccc(F)c(C=Nc3sc(-c4ccncc4)c(C#N)c3C#N)c2c1,1,C(=Nc1ccc(-c2ccncc2)s1)c1cccc2ccccc12,0.6518788,513.1891,0.0817849,0.0818,0.5200832,3.2688,1.0000000,1.0000,[],42
65.1916,88.9058,28.7520,0.9192013,CCc1ccc(-c2ccc(-c3ccc(C)s3)c3c2N(c2ccc(C)cc2)C(=O)C(=Cc2cc4sc(-c5ccc(Cl)cc5)cc4c(Cl)c2N(c2ccccc2)c2ccccc2)S3(=O)=O)cc1,1,O=C1C(=Cc2cc3sc(-c4ccccc4)cc3cc2N(c2ccccc2)c2ccccc2)S(=O)(=O)c2c(-c3cccs3)ccc(-c3ccccc3)c2N1c1ccccc1,0.9907008,469.3126,0.1353204,0.1353,0.4636791,3.8428,1.0000000,1.0000,[],42
34.2342,49.2991,59.6058,0.8508193,Cc1ccc(-c2cc3ccc([N+](=O)[O-])cc3c(-c3ccc(C=Cc4ccc(N(c5ccc(C)cc5)c5ccc(C)cc5)cc4)cc3)c2C#N)cc1,1,C(=Cc1ccc(N(c2ccccc2)c2ccccc2)cc1)c1ccc(-c2cc(-c3ccccc3)cc3ccccc23)cc1,0.9206668,426.6162,0.0922962,0.0923,0.5613381,2.8872,1.0000000,1.0000,[],42
40.0738,56.3158,-28.1938,0.2197032,COc1c(-c2ccc(F)cc2)c(-c2ccc(C)cc2)c(-c2ccc(N(c3ccc(C)cc3)c3ccc(C)cc3)cc2)c2cc(N3C(=O)c4ccccc4C3=O)ccc12,1,O=C1c2ccccc2C(=O)N1c1ccc2cc(-c3ccccc3)c(-c3ccccc3)c(-c3ccc(N(c4ccccc4)c4ccccc4)cc3)c2c1,0.2183310,386.1523,0.1448305,0.1448,0.5527735,2.9640,1.0000000,1.0000,[],42
42.1016,61.2809,46.6978,0.8435833,Cc1ccc(N(c2ccc(C)cc2)c2cc(C)c3c(c2)N=C(c2ccccc2F)C3=C(C#N)C(N)=O)cc1,1,C=C1C(c2ccccc2)=Nc2cc(N(c3ccccc3)c3ccccc3)ccc21,0.8862609,497.7087,0.2339659,0.2340,0.5539804,2.9531,1.0000000,1.0000,[],42
49.4043,67.1424,-67.1424,0.0000000,c1(cccc2n(CC(=Cc3ccccc3)c3sc(=O)n(CC)c3=C)c3ccccc3c21)N(c1ccccc1)c1ccccc1,0,,0.0000000,0.0000,0.0000000,0.0000,0.0000000,0.0000,0.0000000,0.0000,None,42
37.1522,30.7006,-30.5701,0.0010191,Cc1cc(Br)cc(C(F)(F)F)c1NCC(=O)C1CC1,1,O=C(CNc1ccccc1)C1CC1,0.0007195,321.4340,0.8942714,0.8943,0.5932608,2.6106,1.0000000,1.0000,[],42
62.6991,89.8546,11.0871,0.7886066,COc1ccc(C=Cc2ccc(-c3cc(C#N)c(-c4cc(C)c(OCCOc5ccc6c(-c7ccc(C)cc7)cc(-c7ccc(C)c(C)c7)c(-c7ccc(C)cc7)c6c5)c(C#N)c4)s3)s2)cc1OC,1,C(=Cc1ccc(-c2ccc(-c3ccc(OCCOc4ccc5c(-c6ccccc6)cc(-c6ccccc6)c(-c6ccccc6)c5c4)cc3)s2)s1)c1ccccc1,0.8507385,418.8962,0.1010054,0.1010,0.4690177,3.7856,1.0000000,1.0000,[],42
47.7450,64.0417,-29.5511,0.2694580,N#Cc1cc(C=Cc2ccc(N(c3ccccc3)c3ccccc3)cc2)c2sc(CNc3ncnc(N)c3C=N)nn12,1,C(=Cc1ccn2nc(CNc3ccncn3)sc12)c1ccc(N(c2ccccc2)c2ccccc2)cc1,0.2702033,389.2122,0.1620895,0.1621,0.5065463,3.4007,1.0000000,1.0000,[],42
53.5253,63.9818,-63.9818,0.0000000,c1cc2c(cc1)ccc1-c3c(-c(c12)ccc1cc(ccc31)N(c1ccccc1)c1ccccc1)c1cc(c(s1)C=Cc1ccc(N(c2ccccc2)c2ccccc2)cc1)-c1sc2ccccc2n1,0,,0.0000000,0.0000,0.0000000,0.0000,0.0000000,0.0000,0.0000000,0.0000,None,42
38.6629,40.9788,-40.9788,0.0000000,n1cnc2c(c(n2c1CCCC)NC1CCCCC1)-c1sccc1,0,,0.0000000,0.0000,0.0000000,0.0000,0.0000000,0.0000,0.0000000,0.0000,None,42
67.4035,109.2660,-102.8295,0.0502847,CCCCCCC1(CC)c2ccccc2N(c2ccccc2)c2cc(N=Nc3cc(C#N)c(C#N)cc3C(C#N)=Cc3ccc(-c4ccc(N(c5ccccc5)c5ccccc5)cc4)o3)c(N3CCN(C)CC3)c(-c3ccc(C=Cc4nc5ccccc5s4)s3)c21,1,C(=Cc1ccccc1N=Nc1cc2c(c(-c3ccc(C=Cc4nc5ccccc5s4)s3)c1N1CCNCC1)Cc1ccccc1N2c1ccccc1)c1ccc(-c2ccc(N(c3ccccc3)c3ccccc3)cc2)o1,0.0484905,552.3189,0.0440368,0.0440,0.3446513,5.3261,1.0000000,1.0000,[],42
29.9737,55.0747,46.0657,0.7901597,Cc1ccc(N(c2ccc(C)cc2)c2ccc(C=Cc3ccc4c(c3)c(C=Cc3ccc(N(c5ccc(C)cc5)c5ccc(C)cc5)cc3)c(C#N)n4C3CCCCC3)cc2)cc1,1,C(=Cc1ccc2c(c1)c(C=Cc1ccc(N(c3ccccc3)c3ccccc3)cc1)cn2C1CCCCC1)c1ccc(N(c2ccccc2)c2ccccc2)cc1,0.8457406,418.4746,0.1219778,0.1220,0.5158891,3.3093,1.0000000,1.0000,[],42
67.8287,82.4248,28.4154,0.8659391,N#Cc1cc2ccc(N)ccc-2c1N=Nc1cc(C(=O)NCCCNC(=O)c2cc3sc4c(c3c(N(c3ccccc3)c3ccccc3)n2)CCC4)ccc1N1CCOCC1,1,O=C(NCCCNC(=O)c1cc2sc3c(c2c(N(c2ccccc2)c2ccccc2)n1)CCC3)c1ccc(N2CCOCC2)c(N=Nc2ccc3cccccc2-3)c1,0.9449621,489.1312,0.0810945,0.0811,0.4771954,3.6991,1.0000000,1.0000,[],42
72.1358,92.4990,-92.4990,0.0000000,c1(c(cc2c(c1F)cc1c(cc3c(F)c(F)c(c(c3c1cc2)-c1c(F)c(c(c(c1F)F)F)F)F)-c1cc2c(cc1)cccc2)O)-c1ccc2nc(ccc2c1)-c1ccc(cc1)N(C)c1ccccc1,0,,0.0000000,0.0000,0.0000000,0.0000,0.0000000,0.0000,0.0000000,0.0000,None,42
39.0880,48.5301,-47.8840,0.0050476,CCN(CC)c1ccc(C(NC(=O)CN(c2cccc(Cl)c2)S(=O)(=O)c2ccc3c(c2)OCO3)c2ccc(N(C)C)cc2)cc1,1,O=C(CN(c1ccccc1)S(=O)(=O)c1ccc2c(c1)OCO2)NC(c1ccccc1)c1ccccc1,0.0040755,340.2989,0.1990636,0.1991,0.5275255,3.1978,1.0000000,1.0000,[],42
54.1758,62.6684,-62.1625,0.0039524,Cc1ccc(-n2c(C(=O)N3CCC4(CC3)c3ccccc3-c3ccccc34)cc3ccc(NC(=O)c4ccc(N5CCCNCC5)nc4)cc32)cc1,1,O=C(Nc1ccc2cc(C(=O)N3CCC4(CC3)c3ccccc3-c3ccccc34)n(-c3ccccc3)c2c1)c1ccc(N2CCCNCC2)nc1,0.0031563,337.5137,0.1954521,0.1955,0.4963855,3.5020,1.0000000,1.0000,[],42
34.8861,44.1430,38.2432,0.6436421,Cc1ccc(N(c2ccc(C)cc2)c2ccc(-c3nc(-c4cccc([N+](=O)[O-])c4)c4ccccc4n3)cc2)cc1,1,c1ccc(-c2nc(-c3ccc(N(c4ccccc4)c4ccccc4)cc3)nc3ccccc23)cc1,0.6729917,407.8363,0.1612172,0.1612,0.6175129,2.4103,1.0000000,1.0000,[],42
29.7603,41.6253,77.5678,0.9311958,CC(c1ccccc1)N1C(=O)c2ccc3ccccc3c2C1=Cc1ccc(N(c2ccccc2)c2ccccc2)cc1,1,O=C1c2ccc3ccccc3c2C(=Cc2ccc(N(c3ccccc3)c3ccccc3)cc2)N1Cc1ccccc1,0.9872211,447.1980,0.2090360,0.2090,0.5458008,3.0275,1.0000000,1.0000,[],42
55.3858,66.1544,37.8729,0.8127132,N#Cc1ccc(-c2nc3c(s2)c(-c2ccc(N(c4ccccc4)c4ccccc4)cc2)cc2c(C#N)c(-c4ccc(N(c5ccccc5)c5ccccc5)cc4)c(-c4ccc(C#N)cc4)c(-c4ccc(N(c5ccccc5)c5ccccc5)cc4)c23)cc1,1,c1ccc(-c2nc3c(s2)c(-c2ccc(N(c4ccccc4)c4ccccc4)cc2)cc2cc(-c4ccc(N(c5ccccc5)c5ccccc5)cc4)c(-c4ccccc4)c(-c4ccc(N(c5ccccc5)c5ccccc5)cc4)c23)cc1,0.8770291,421.3303,0.1070435,0.1070,0.4564139,3.9218,1.0000000,1.0000,[],42
45.1055,60.0388,54.2225,0.8926659,Cc1ccc(N(c2ccc(C)cc2)c2ccc3cc(N(c4ccc(C)cc4)c4ccc(-c5c6ccc(N(c7ccccc7)c7ccccc7)cc6c(-c6ccc([N+](=O)[O-])cc6)c6ccc(C#N)cc56)cc4)ccc3c2)cc1,1,c1ccc(-c2c3ccccc3c(-c3ccc(N(c4ccccc4)c4ccc5cc(N(c6ccccc6)c6ccccc6)ccc5c4)cc3)c3ccc(N(c4ccccc4)c4ccccc4)cc23)cc1,0.9799391,477.7788,0.0689462,0.0689,0.4951367,3.5146,1.0000000,1.0000,[],42
24.8220,28.4700,-27.8633,0.0047401,CCc1ccc(-c2nc3ccc(C)cc3c(N)c2C#N)cc1,1,c1ccc(-c2ccc3ccccc3n2)cc1,0.0036398,339.0665,0.7669310,0.7669,0.6470509,2.1767,1.0000000,1.0000,[],42
35.8345,51.4258,67.8341,0.9317180,CCn1c2ccc(C#N)cc2c2cc(C#N)c(N=Nc3ccc(N(c4ccccc4)c4ccccc4)cc3C#N)cc21,1,c1ccc(N(c2ccccc2)c2ccc(N=Nc3ccc4c(c3)[nH]c3ccccc34)cc2)cc1,0.9900594,470.0438,0.1958803,0.1959,0.5399204,3.0817,1.0000000,1.0000,[],43
25.6949,33.7411,-33.7411,0.0000000,N#Cc1ccc(C#Cc2ccc(-c3ccc(C#N)c(C#N)c3)cc2)cc1C#N,1,C(#Cc1ccc(-c2ccccc2)cc1)c1ccccc1,0.0000000,0.0000,0.0000000,0.0000,0.0000000,0.0000,0.0000000,0.0000,['C#C'],43
52.8275,81.0150,36.8297,0.9206616,Cc1ccc(N(c2ccc(C)cc2)c2cc(C(F)(F)F)c3cc(N=Nc4ccc5occ(-c6ccc(Cl)c(Cl)c6)c(=O)c5c4)c(Cl)cc3c2N(c2ccccc2)c2ccccc2)cc1,1,O=c1c(-c2ccccc2)coc2ccc(N=Nc3ccc4c(N(c5ccccc5)c5ccccc5)c(N(c5ccccc5)c5ccccc5)ccc4c3)cc12,0.9916479,468.1360,0.1353981,0.1354,0.4792935,3.6772,1.0000000,1.0000,[],43
33.0432,48.2162,63.9220,0.8760799,Nc1nc2sc(C=Cc3ccc(N(c4ccccc4)c4ccccc4)cc3)c(-c3ccc(-c4ccc(N(c5ccccc5)c5ccccc5)cc4)cc3)c2c(-c2ccccc2)c1-c1ccccc1,1,C(=Cc1sc2ncc(-c3ccccc3)c(-c3ccccc3)c2c1-c1ccc(-c2ccc(N(c3ccccc3)c3ccccc3)cc2)cc1)c1ccc(N(c2ccccc2)c2ccccc2)cc1,0.9398264,429.8410,0.1327311,0.1327,0.5284027,3.1895,1.0000000,1.0000,[],43
33.2139,40.1046,-28.8849,0.0876543,CCN(CC#N)c1c(C#N)c(NCCO)nc2ccccc12,1,c1ccc2ncccc2c1,0.0785996,373.2743,0.7896530,0.7897,0.5754985,2.7626,1.0000000,1.0000,[],43
47.0622,60.0365,-57.0652,0.0232131,Nc1cc(C(=O)C2CCC3=C(C(=O)N3c3ccccc3)C2c2ccc(O)c([N+](=O)[O-])c2)cc(Cl)c1Cl,1,O=C(c1ccccc1)C1CCC2=C(C(=O)N2c2ccccc2)C1c1ccccc1,0.0203973,357.9630,0.1861735,0.1862,0.4754853,3.7171,1.0000000,1.0000,[],43
61.8039,76.3998,-60.8027,0.1218523,CC(C)C1(Nc2cc(-c3ccccc3)c3cc(-c4ccc(N(c5ccccc5)c5ccccc5)cc4)ccc3n2)C=Cc2ccc(N3c4ccccc4C(c4ccccc4)(c4ccc(C#N)cc4)c4ccccc43)cc2C1,1,C1=CC(Nc2cc(-c3ccccc3)c3cc(-c4ccc(N(c5ccccc5)c5ccccc5)cc4)ccc3n2)Cc2cc(N3c4ccccc4C(c4ccccc4)(c4ccccc4)c4ccccc43)ccc21,0.1182730,378.1888,0.1399314,0.1399,0.4080862,4.4814,1.0000000,1.0000,[],43
57.8042,74.5698,41.3321,0.9054842,COc1ccccc1-c1c2ccccc2c(C2(C#N)N=C(N)C(=Nc3ccc(N(C)C)cc3)CC2=Nc2ccc(N(c3ccccc3)c3ccccc3)cc2)c2ccccc12,1,C1=NC(c2c3ccccc3c(-c3ccccc3)c3ccccc23)C(=Nc2ccc(N(c3ccccc3)c3ccccc3)cc2)CC1=Nc1ccccc1,0.9737126,439.2171,0.1466132,0.1466,0.4408830,4.0949,1.0000000,1.0000,[],43
37.9604,59.5494,45.5970,0.8214563,Cc1ccc(C2=C(c3ccccc3)c3c2c(-c2ccc(-c4ccc(C)cc4)cc2)c2ccc(-c4ccc(C)cc4)cc2c3-c2ccc(C=Cc3ccc(N(c4ccccc4)c4ccccc4)cc3)cc2)cc1,1,C(=Cc1ccc(N(c2ccccc2)c2ccccc2)cc1)c1ccc(-c2c3c(c(-c4ccc(-c5ccccc5)cc4)c4ccc(-c5ccccc5)cc24)C(c2ccccc2)=C3c2ccccc2)cc1,0.8815317,421.7909,0.1168836,0.1169,0.5355379,3.1224,1.0000000,1.0000,[],43
45.6473,52.1634,51.2892,0.8082236,Cc1ccc(C2=C(Nc3ccc(-c4ccc(-c5nccs5)s4)cc3Br)C(=O)N(C3CCCCC3)C2=O)cc1,1,O=C1C(Nc2ccc(-c3ccc(-c4nccs4)s3)cc2)=C(c2ccccc2)C(=O)N1C1CCCCC1,0.8480194,418.6654,0.2258938,0.2259,0.5577584,2.9191,1.0000000,1.0000,[],43
47.0867,68.8519,47.8684,0.9118770,CCCCCCc1ccc(C=Cc2ccc(N(c3ccc(C(C)C)cc3)c3cc(C#N)c(-c4ccc(-c5cc6cc(O)c7sccc7c6s5)s4)s3)cc2)cc1,1,C(=Cc1ccc(N(c2ccccc2)c2ccc(-c3ccc(-c4cc5ccc6sccc6c5s4)s3)s2)cc1)c1ccccc1,0.9930397,453.8585,0.0934544,0.0935,0.4841705,3.6266,1.0000000,1.0000,[],43
50.2636,73.0126,-62.0978,0.0852713,Cc1ccc(C2=C(CC(Nc3ccc(-c4ccc5cc(-c6ccc(N(c7ccccc7)c7ccccc7)cc6)ccc5c4)cc3)c3ccc(-c4ccc(C(C)(C)C)s4)s3)CN2c2ccc(C(C)(C)C)cc2)cc1,1,c1ccc(C2=C(CC(Nc3ccc(-c4ccc5cc(-c6ccc(N(c7ccccc7)c7ccccc7)cc6)ccc5c4)cc3)c3ccc(-c4cccs4)s3)CN2c2ccccc2)cc1,0.0814695,373.6975,0.1241856,0.1242,0.4234253,4.2969,1.0000000,1.0000,[],43
58.4525,74.1652,41.2634,0.9017862,C=Cc1ccc(-c2ccc(C3(c4ccc(-c5ccc6sc7cc8cc9ccccc9cc8cc7c6c5)cc4)CC4(C)C=C(C#N)C=CC4N3c3ccccc3)cc2)s1,1,C1=CC2CC(c3ccc(-c4ccc5sc6cc7cc8ccccc8cc7cc6c5c4)cc3)(c3ccc(-c4cccs4)cc3)N(c3ccccc3)C2C=C1,0.9697920,437.6639,0.1572330,0.1572,0.3918604,4.6842,1.0000000,1.0000,[],43
55.6225,100.9551,-100.9551,0.0000000,c1cc(C(=O)C(C=Nc2ccc(N(c3ccccc3)c3ccccc3)cc2)(C#N)C#N)cc2c1N(c1ccc(cc1)-c1sc(cc1)C=C(C#N)c1ccc(cc1)C=Nc1ccc(cc1)C=Cc1ccc(cc1)C=Cc1ccc(cc1)C)c1ccc(cc1)-c1ccc(cc1)C=Cc1ccc(cc1)C=Cc1ccc(cc1)-c1ccc(cc1)C,0,,0.0000000,0.0000,0.0000000,0.0000,0.0000000,0.0000,0.0000000,0.0000,None,43
53.1304,77.6882,39.6719,0.9168763,Cc1ccc(N(c2ccc(C)cc2)c2ccc(C=Cc3cc(N(c4ccc(F)cc4)c4c(N(c5ccccc5)c5ccccc5)c(C#N)cc5cc6ccccc6cc45)c4cc(Cl)cc(Cl)c4n3)cc2)cc1,1,C(=Cc1cc(N(c2ccccc2)c2c(N(c3ccccc3)c3ccccc3)ccc3cc4ccccc4cc23)c2ccccc2n1)c1ccc(N(c2ccccc2)c2ccccc2)cc1,0.9916111,451.8159,0.1208914,0.1209,0.4631567,3.8484,1.0000000,1.0000,[],43
30.2783,33.1492,-32.2717,0.0068558,CCOc1ccc(C(=O)N=c2sc3cc(C(=O)N4CCCCC4)ccc3n2CC)cc1,1,O=C(N=c1[nH]c2ccc(C(=O)N3CCCCC3)cc2s1)c1ccccc1,0.0054144,343.3977,0.5908305,0.5908,0.6342200,2.2768,1.0000000,1.0000,[],43
32.8669,36.2910,-31.0918,0.0406185,CC(C)(C)c1ccc(Nc2nc(NC(=O)c3ccccc3)nc3cnccc23)cc1,1,O=C(Nc1nc(Nc2ccccc2)c2ccncc2n1)c1ccccc1,0.0354318,364.1265,0.4872200,0.4872,0.6433268,2.2055,1.0000000,1.0000,[],43
49.4253,69.6118,47.5629,0.9154273,Cc1ccc(N(c2ccc(N=Nc3c(C4CCCN4c4ccc(N(c5ccccc5)c5ccccc5)cc4)ccc4ccc(O)cc34)cc2)c2ccc(C)c3ccccc23)cc1,1,c1ccc(N(c2ccccc2)c2ccc(N3CCCC3c3ccc4ccccc4c3N=Nc3ccc(N(c4ccccc4)c4cccc5ccccc45)cc3)cc2)cc1,0.9854116,474.2597,0.1399090,0.1399,0.4630027,3.8501,1.0000000,1.0000,[],43
36.4365,41.5317,-35.4997,0.0471255,C=CCn1c(=O)n(N2CCCC2)c2c(=O)n(C)c(C#N)nc21,1,O=c1[nH]cnc2[nH]c(=O)n(N3CCCC3)c12,0.0411111,365.8048,0.7252293,0.7252,0.5116872,3.3502,1.0000000,1.0000,[],43
79.8811,97.6309,-96.2138,0.0110713,CCCCCCCCCCCCN(c1ccc(N(c2ccccc2)c2ccc(C)cc2)cc1)c1c(=C2C(=O)N(CCCCCCCCCC)c3cccc(F)c32)c(=CC(=O)c2ccc(-c3ccc(C)cc3)cc2)c[n+]2ccccc12,1,O=C1Nc2ccccc2C1=c1c(Nc2ccc(N(c3ccccc3)c3ccccc3)cc2)c2cccc[n+]2cc1=CC(=O)c1ccc(-c2ccccc2)cc1,0.0099575,569.9376,0.0278593,0.0279,0.4270257,4.2546,1.0000000,1.0000,[],43
34.4684,51.5844,57.4630,0.8519333,CCCCCCCCN(CCCCCCCC)c1ccc(C=Cc2cccc(N=Nc3ccc4ccc5cc(N(c6ccc(C)cc6)c6ccc(C)cc6)ccc5c4c3)c2)cc1,1,C(=Cc1cccc(N=Nc2ccc3ccc4cc(N(c5ccccc5)c5ccccc5)ccc4c3c2)c1)c1ccccc1,0.9575525,433.8328,0.0295217,0.0295,0.5126778,3.3405,1.0000000,1.0000,[],43
37.3106,52.2086,65.6116,0.9204707,Cc1ccc(C=Nc2nc3c(C#N)cc(-c4ccc(-c5ccc(C(C)(C)C)cc5)s4)cc3s2)s1,1,C(=Nc1nc2ccc(-c3ccc(-c4ccccc4)s3)cc2s1)c1cccs1,0.9721472,438.5716,0.2326047,0.2326,0.5411274,3.0705,1.0000000,1.0000,[],43
38.1099,52.1976,-52.1976,0.0000000,Cc1ccc(N(c2ccc(C)cn2)c2sc(-c3ccc(N(c4ccccc4)c4ccccc4)cc3)cc2-c2cc3ccc2c(Cl)c3)cc1,1,c1ccc(N(c2ccccc2)c2ccc(-c3cc(-c4cc5ccc4cc5)c(N(c4ccccc4)c4ccccn4)s3)cc2)cc1,0.0000000,0.0000,0.1620281,0.1620,0.4606933,3.8751,1.0000000,1.0000,[],43
43.6803,56.5022,-56.5022,0.0000000,Cc1ccc(N(c2ccc(C)cc2)c2ccc(-c3ccc4c5c(-c6ccc7ccccc7c6)cc6c4c3C(C)(C)C(=C6C#N)c3ccccc3-5)cc2)cc1,1,C1=C2Cc3c(-c4ccc(N(c5ccccc5)c5ccccc5)cc4)ccc4c(c(-c5ccc6ccccc6c5)cc1c34)-c1ccccc12,0.0000000,0.0000,0.1797219,0.1797,0.4126124,4.4262,1.0000000,1.0000,[],43
35.8603,59.5297,4.3169,0.4988013,Cc1ccc(C=Cc2ccc(-c3ccc4c(c3)C(c3ccccc3)(c3ccc(N(c5ccc(C=Cc6ccc(N(c7ccccc7)c7ccccc7)cc6)cc5)c5ccc(N(c6ccccc6)c6ccccc6)cc5)cc3)c3cc(N(c5ccc(C)cc5)c5ccc(C)cc5)ccc3-4)cc2)cc1,1,C(=Cc1ccc(-c2ccc3c(c2)C(c2ccccc2)(c2ccc(N(c4ccc(C=Cc5ccc(N(c6ccccc6)c6ccccc6)cc5)cc4)c4ccc(N(c5ccccc5)c5ccccc5)cc4)cc2)c2cc(N(c4ccccc4)c4ccccc4)ccc2-3)cc1)c1ccccc1,0.5319228,401.3883,0.0748203,0.0748,0.4050813,4.5183,1.0000000,1.0000,[],43
43.4522,58.4118,54.1270,0.8792091,Cc1ccc(N(c2ccc(C=Cc3ccc(C=Cc4ccc(C=Cc5cccc6ccccc56)cc4)cc3)cc2)c2ccccc2N(c2ccccc2)c2ccc(C=C(C#N)c3ccccc3)s2)cc1,1,C(=Cc1ccc(N(c2ccccc2)c2ccccc2N(c2ccccc2)c2ccc(C=Cc3ccc(C=Cc4ccc(C=Cc5cccc6ccccc56)cc4)cc3)cc2)s1)c1ccccc1,0.9600694,434.5249,0.0804208,0.0804,0.4866111,3.6014,1.0000000,1.0000,[],43
37.6437,43.2085,9.7837,0.4140014,COc1cccc(N(c2ccccc2)c2cc3c4ccccc4c4ccc(N(c5ccccc5)c5ccccc5)cc4c3s2)c1,1,c1ccc(N(c2ccccc2)c2ccc3c4ccccc4c4cc(N(c5ccccc5)c5ccccc5)sc4c3c2)cc1,0.4227477,396.6179,0.1697564,0.1698,0.5841104,2.6883,1.0000000,1.0000,[],43
60.3292,71.6577,-71.6577,0.0000000,Cc1ccc(-c2c(C#N)sc(Nc3c(C#N)c(N=C4SC(=O)N(c5ccc(C)cc5)C4=N)c(N)n(-c4ccc(Cl)cc4)c3=N)c2C#N)cc1,1,N=C1C(=Nc2cc(Nc3cc(-c4ccccc4)cs3)c(=N)n(-c3ccccc3)c2)SC(=O)N1c1ccccc1,0.0000000,0.0000,0.0000000,0.0000,0.0000000,0.0000,0.0000000,0.0000,"['C(=[O,S])[O,S]']",43
25.6527,30.7311,88.7482,0.9334320,Nc1c2ccccc2c(N)c2cc(Nc3ccccc3)ccc12,1,c1ccc(Nc2ccc3cc4ccccc4cc3c2)cc1,0.9766986,440.5595,0.2800522,0.2801,0.6601596,2.0764,1.0000000,1.0000,[],43
57.1857,86.2519,4.0676,0.7056208,Cc1ccc(C=Cc2ccc(-c3c(-c4ccc(C)cc4)c4cc5c(oc6ccc(-c7ccc(N(c8ccccc8)c8ccccc8)cc7)cc65)c(F)c4c4c(=Nc5ccc(C)cc5)[nH]c5ccccc5c34)cc2)cc1,1,C(=Cc1ccc(-c2c(-c3ccccc3)c3cc4c(cc3c3c(=Nc5ccccc5)[nH]c5ccccc5c23)oc2ccc(-c3ccc(N(c5ccccc5)c5ccccc5)cc3)cc24)cc1)c1ccccc1,0.7538307,412.1510,0.1157031,0.1157,0.4603046,3.8793,1.0000000,1.0000,[],43
74.5531,89.5965,-43.1178,0.3631150,CCCOc1cc2c(cc1C=CCc1c(O)ccc3c(Cl)c(CCNC)ccc13)C1(c3ccccc3Oc3ccccc31)c1cc(N(CCC)CCC)ccc1N2C,1,C(=Cc1ccc2c(c1)C1(c3ccccc3N2)c2ccccc2Oc2ccccc21)Cc1cccc2ccccc12,0.3751196,394.4593,0.1143957,0.1144,0.4380603,4.1270,1.0000000,1.0000,[],43
26.7813,28.5992,-26.7678,0.0143080,N#CC(=Cc1cccc([N+](=O)[O-])c1)c1ccc2c(c1)OCCO2,1,C(=Cc1ccc2c(c1)OCCO2)c1ccccc1,0.0119173,352.0346,0.3751176,0.3751,0.6297930,2.3118,1.0000000,1.0000,[],43
74.6407,99.6758,-99.6758,0.0000000,Oc1ccc(N(c2ccccc2)c2ccccc2C2(c3ccc4c(c3)[nH]c3ccc(-c5ccc(N6c7ccc(cc7)S(c7ccccc7)(c7ccccc7)C=Cc7ccccc76)cc5)cc34)c3ccccc3-c3ccccc32)cc1Cl,1,C1=CS(c2ccccc2)(c2ccccc2)c2ccc(cc2)N(c2ccc(-c3ccc4[nH]c5cc(C6(c7ccccc7N(c7ccccc7)c7ccccc7)c7ccccc7-c7ccccc76)ccc5c4c3)cc2)c2ccccc21,0.0000000,0.0000,0.0000000,0.0000,0.0000000,0.0000,0.0000000,0.0000,['[*;r{8-17}]'],43
29.9527,33.0489,-32.4046,0.0050332,N#[N+]c1cc(CN)cc2c(O)cccc12,1,c1ccc2ccccc2c1,0.0038983,339.8142,0.6942247,0.6942,0.5801974,2.7219,1.0000000,1.0000,[],43
51.1065,73.5596,35.6235,0.8529930,CCN(CC)c1ccc2cc(C(=N)N3C(=O)C4C(=O)N(c5ccc(Nc6ccccc6)cc5)C(=O)C4C34C(=O)N(c3ccc(Br)cc3)c3ccc(Br)cc34)c(=O)oc2c1,1,N=C(c1cc2ccccc2oc1=O)N1C(=O)C2C(=O)N(c3ccc(Nc4ccccc4)cc3)C(=O)C2C12C(=O)N(c1ccccc1)c1ccccc12,0.9488149,431.7010,0.0508765,0.0509,0.3727151,4.9347,1.0000000,1.0000,[],43
35.1835,49.7928,66.8318,0.9111297,CCCCC[n+]1ccc(-c2ccc(N(c3ccccc3)c3ccccc3)cc2)c(-c2ccc(C=Cc3ccc(N(c4ccc(C)cc4)c4ccc(C)cc4)cc3)s2)c1,1,C(=Cc1ccc(-c2c[nH+]ccc2-c2ccc(N(c3ccccc3)c3ccccc3)cc2)s1)c1ccc(N(c2ccccc2)c2ccccc2)cc1,0.9953591,461.7155,0.0804826,0.0805,0.5204962,3.2649,1.0000000,1.0000,[],43
33.4666,33.0980,-31.1000,0.0156095,C=CCNC(=O)c1ccc(-c2noc(-c3ccc(N4CCCC4)cc3)n2)cc1,1,c1ccc(-c2noc(-c3ccc(N4CCCC4)cc3)n2)cc1,0.0128191,352.8365,0.6623351,0.6623,0.6524760,2.1349,1.0000000,1.0000,[],43
27.7561,40.8507,71.6921,0.8792410,CC(=O)Nc1ccc(C=C(C#N)c2ccc(C=Cc3ccc(N(c4ccc(C)cc4)c4ccc(C)cc4)cc3)cc2)cc1,1,C(=Cc1ccc(C=Cc2ccc(N(c3ccccc3)c3ccccc3)cc2)cc1)c1ccccc1,0.9369172,429.2948,0.1520013,0.1520,0.5981590,2.5695,1.0000000,1.0000,[],43
30.2169,31.7274,-26.0536,0.0443264,Cc1ncoc1-c1cc2ccccc2nc1N1CCCCC1,1,c1ccc2nc(N3CCCCC3)c(-c3cnco3)cc2c1,0.0384249,365.0407,0.7102608,0.7103,0.6122201,2.4533,1.0000000,1.0000,[],43
32.6552,36.4497,66.7348,0.8061287,COc1cccc(C=C2C(=O)C(=Cc3ccccc3)N(c3ccccc3OC)C2=O)c1,1,O=C1C(=Cc2ccccc2)C(=O)N(c2ccccc2)C1=Cc1ccccc1,0.8256373,416.8834,0.4493631,0.4494,0.6220598,2.3736,1.0000000,1.0000,[],43
42.0218,67.4727,-39.3069,0.2200453,CCc1ccc(N(c2ccc(C)cc2)c2c3cc(C)ccc3cc3c(-c4ccc(C)cc4)c4ccc(C#N)cc4c(C(=O)c4ccc(N(c5ccc(C)cc5)c5ccc(C)cc5)cc4)c23)cc1,1,O=C(c1ccc(N(c2ccccc2)c2ccccc2)cc1)c1c2ccccc2c(-c2ccccc2)c2cc3ccccc3c(N(c3ccccc3)c3ccccc3)c12,0.2216323,533.6388,0.1014851,0.1015,0.4993775,3.4720,1.0000000,1.0000,[],43
48.1059,56.6243,57.6614,0.8928566,CCCCCCCCCCCCN(Cc1ccccc1)c1c(N=NC2CCCCC2)c2cc(OC)ccc2c2cc3ccccc3c(OC)c12,1,c1ccc(CNc2c(N=NC3CCCCC3)c3ccccc3c3cc4ccccc4cc23)cc1,0.9955680,461.2131,0.0402995,0.0403,0.5281604,3.1918,1.0000000,1.0000,[],43
50.2878,76.6046,27.9065,0.8164926,COc1ccc(N(c2ccc(C)cc2)c2ccc(C=Cc3ccc4cc(Cn5c(C#N)c(-c6ccc(N(c7ccccc7)c7ccccc7)cc6)sc5=Nc5ccc(C=C(c6ccc(C)cc6)c6ccc(Cl)cc6)cc5)ccc4c3)cc2)cc1,1,C(=Cc1ccc2cc(Cn3cc(-c4ccc(N(c5ccccc5)c5ccccc5)cc4)sc3=Nc3ccc(C=C(c4ccccc4)c4ccccc4)cc3)ccc2c1)c1ccc(N(c2ccccc2)c2ccccc2)cc1,0.8868855,422.3587,0.0904947,0.0905,0.4354817,4.1565,1.0000000,1.0000,[],43
48.3102,66.1773,33.2827,0.7770313,Cc1ccc(-c2c(-c3ccc(Br)cc3)c3c(-c4ccc(Br)cc4)c(-c4ccc(N(C)C)cc4)c2N(c2ccccc2)C3(C#N)c2ccc(Br)cc2)cc1,1,c1ccc(-c2c(-c3ccccc3)c3c(-c4ccccc4)c(-c4ccccc4)c2C(c2ccccc2)N3c2ccccc2)cc1,0.8274611,417.0215,0.1597808,0.1598,0.4203655,4.3332,1.0000000,1.0000,[],43
58.6713,72.9166,-72.9166,0.0000000,CC(=C1C(c2ccc(C)cc2)=C(c2ccc(C)cc2)NN1c1ccccc1)c1c(-c2ccccc2)sc2sc(-c3ccc(C(F)(F)F)cc3)c(C#N)c12,1,C(=C1C(c2ccccc2)=C(c2ccccc2)NN1c1ccccc1)c1c(-c2ccccc2)sc2sc(-c3ccccc3)cc12,0.0000000,0.0000,0.0000000,0.0000,0.0000000,0.0000,0.0000000,0.0000,['[#7;!n][#7;!n]'],43
53.9293,71.5649,-71.5649,0.0000000,Cc1ccc(C2=c3c(-c4ccc(Cl)cc4)nc(c4ccc(-c5ccc(C)cc5)cc34)=C(Cl)c3cc(C=Cc4ccc(-c5ccc(N(c6ccccc6)c6ccc(C)cc6)cc5)cc4)ccc32)cc1,1,C(=Cc1ccc2c(c1)C=c1nc(-c3ccccc3)c(c3cc(-c4ccccc4)ccc13)=C2c1ccccc1)c1ccc(-c2ccc(N(c3ccccc3)c3ccccc3)cc2)cc1,0.0000000,0.0000,0.0000000,0.0000,0.0000000,0.0000,0.0000000,0.0000,['[*;r{8-17}]'],43
68.9171,89.2866,-65.9695,0.1821647,CCc1ccc(-n2nc(C3(C(F)(F)F)Oc4cc(-c5ccc6cc(-c7ccc(C=Cc8ccc(N(c9ccccc9)c9ccccc9)cc8)cc7)ccc6c5)ccc4OC(N)=C3N)cc2C)cc1,1,C1=CC(c2ccn(-c3ccccc3)n2)Oc2cc(-c3ccc4cc(-c5ccc(C=Cc6ccc(N(c7ccccc7)c7ccccc7)cc6)cc5)ccc4c3)ccc2O1,0.1806806,383.5865,0.1328839,0.1329,0.4312292,4.2056,1.0000000,1.0000,[],43
65.5149,81.0926,-81.0926,0.0000000,O=C(NCCC[C@H](Nc1c(cc2cc3CN(CC(C)(C)c3cc2s1)=O)C#N)c1cccc([N+]#[C-])c1)c1ccc(cc1)N=Nc1ccccc1,0,,0.0000000,0.0000,0.0000000,0.0000,0.0000000,0.0000,0.0000000,0.0000,None,43
33.3343,40.7840,77.3086,0.9225988,O=[N+]([O-])c1ccc2c(c1)C(=Cc1ccc(N(c3ccccc3)c3ccccc3)c3ccccc13)c1cc([N+](=O)[O-])ccc1-2,1,C(=C1c2ccccc2-c2ccccc21)c1ccc(N(c2ccccc2)c2ccccc2)c2ccccc12,0.9868208,446.8587,0.1489011,0.1489,0.5820739,2.7058,1.0000000,1.0000,[],43
42.1872,53.5942,33.8190,0.6829155,CCCCCCCCn1c2ccc(S(=O)(=O)c3ccccc3)cc2c2cc3cc([N+](=O)[O-])coc-3c21,1,O=S(=O)(c1ccccc1)c1ccc2[nH]c3c4occcc-4cc3c2c1,0.7260140,509.4196,0.1108549,0.1109,0.5705991,2.8053,1.0000000,1.0000,[],43
41.1278,49.4922,-45.4810,0.0313369,c1ccc(N(c2ccccc2)c2c(C3(c4ccc(-c5cccc6ccccc56)o4)c4ccccc4-c4ccccc43)ccc3ccc4ccccc4c23)cc1,1,c1ccc(N(c2ccccc2)c2c(C3(c4ccc(-c5cccc6ccccc56)o4)c4ccccc4-c4ccccc43)ccc3ccc4ccccc4c23)cc1,0.0280241,361.4969,0.1605094,0.1605,0.5454839,3.0304,1.0000000,1.0000,[],43
44.5176,59.4862,-58.9851,0.0039152,Cc1ccc(-c2cc(N(c3ccc(C)cc3)c3ccc(C)cc3)ccc2C2c3cc(C)ccc3C(C)(c3ccc(C)cc3)N(c3ccc(C)cc3)C(=O)C2C)cc1,1,O=C1CC(c2ccc(N(c3ccccc3)c3ccccc3)cc2-c2ccccc2)c2ccccc2C(c2ccccc2)N1c1ccccc1,0.0031511,337.4958,0.1622341,0.1622,0.4420324,4.0819,1.0000000,1.0000,[],43
38.8207,59.7401,-59.7401,0.0000000,c1cc(ccc1)-n1nc2cc(Nc3ccc(N(c4ccccc4)c4ccccc4)cc3)c(-c3ccc(s3)C=Cc3ccc(cc3)N(c3ccccc3)c3ccccc3)cc2c2c1cc(cc2)Br,0,,0.0000000,0.0000,0.0000000,0.0000,0.0000000,0.0000,0.0000000,0.0000,None,43
64.7814,95.1203,15.8029,0.8665874,Cc1ccc(C=Cc2ccc(N3c4cc5cc(N(c6ccccc6)c6ccccc6)c(N(c6ccccc6)c6ccccc6)cc5cc4C=C4C=CC(N5C(=O)CCC5=O)=CC4C3CN(c3ccc(C)cc3)c3ccc(C)cc3)cc2)cc1,1,O=C1CCC(=O)N1C1=CC2C(=Cc3cc4cc(N(c5ccccc5)c5ccccc5)c(N(c5ccccc5)c5ccccc5)cc4cc3N(c3ccc(C=Cc4ccccc4)cc3)C2CN(c2ccccc2)c2ccccc2)C=C1,0.9514318,487.6994,0.0798903,0.0799,0.3663876,5.0203,1.0000000,1.0000,[],43
48.8909,51.6630,-51.6630,0.0000000,CC(C)(C)OC(=O)C(=Cc1ccc2ccccc2c1)COC(=O)C(C)(C)CSc1ccc(N(c2ccccc2)c2ccccc2)cc1,1,O=C(CCSc1ccc(N(c2ccccc2)c2ccccc2)cc1)OCC=Cc1ccc2ccccc2c1,0.0000000,0.0000,0.0000000,0.0000,0.0000000,0.0000,0.0000000,0.0000,"['C(=[O,S])[O,S]']",43
36.6684,53.7495,-47.0940,0.0519957,CCCCCCCCCCCCCCCCOc1ccc2oc3ccc(-c4ccc5c(c4)cc(N(c4ccc(C)cc4)c4ccc(C)cc4)c4ccccc45)cc3c2c1,1,c1ccc(N(c2ccccc2)c2cc3cc(-c4ccc5oc6ccccc6c5c4)ccc3c3ccccc23)cc1,0.0493552,367.8829,0.0569040,0.0569,0.5399241,3.0816,1.0000000,1.0000,[],43
34.9438,53.8272,51.4334,0.8223484,CCCCCCCCN(c1ccc(C)cc1)c1ccc(C=Cc2ccc(N(c3ccc(C)cc3)c3ccc(C=Nc4ccc(C=Cc5ccc(-c6ccc(C)cc6)s5)cc4)cc3)cc2)cc1,1,C(=Cc1ccc(-c2ccccc2)s1)c1ccc(N=Cc2ccc(N(c3ccccc3)c3ccc(C=Cc4ccc(Nc5ccccc5)cc4)cc3)cc2)cc1,0.9100409,425.1254,0.0457767,0.0458,0.5086661,3.3798,1.0000000,1.0000,[],43
38.2351,40.6242,-40.6242,0.0000000,Cc1nn(-c2ccc([N+](=O)[O-])cc2)c2nc(NN=Cc3ccc(O)c(Cl)c3)nc(Cl)c12,1,C(=NNc1ncc2cnn(-c3ccccc3)c2n1)c1ccccc1,0.0000000,0.0000,0.0000000,0.0000,0.0000000,0.0000,0.0000000,0.0000,['[#7;!n][#7;!n]'],43
44.4102,57.0085,-49.7285,0.0568750,O=C(F)c1cccc(N(c2ccccc2)c2ccccc2)c1C(=Cc1cccc(N(c2ccccc2)c2ccccc2)c1)c1c(F)c(F)c(F)c(F)c1F,1,C(=C(c1ccccc1)c1ccccc1N(c1ccccc1)c1ccccc1)c1cccc(N(c2ccccc2)c2ccccc2)c1,0.0546219,369.0440,0.0460946,0.0461,0.5316830,3.1585,1.0000000,1.0000,[],43
62.7755,75.0081,-75.0081,0.0000000,CCCCCCCc1ccc2cc(-c3cc4cc(N5C(=O)C(=Cc6ccc(-c7ccc8cn[nH]c8c7)s6)SC5=S)ccc4cc3[N+](=O)[O-])ccc2c1,1,O=C1C(=Cc2ccc(-c3ccc4cn[nH]c4c3)s2)SC(=S)N1c1ccc2ccc(-c3ccc4ccccc4c3)cc2c1,0.0000000,0.0000,0.0000000,0.0000,0.0000000,0.0000,0.0000000,0.0000,"['C(=[O,S])[O,S]']",43
52.6790,73.3264,-73.3264,0.0000000,N1(S(=O)(c2cc(ccc2)N=C2C=C(C(=O)C(C2=Nc2ccc(N(CC)c3ccc(cc3)C)cc2)N(C)c2c(Cl)cc(cc2)Cl)=O)=O)c2ccccc2Cc2c1cccc2,0,,0.0000000,0.0000,0.0000000,0.0000,0.0000000,0.0000,0.0000000,0.0000,None,43
98.6960,127.9965,-127.9965,0.0000000,C1(F)(F)C(c2cc(F)cc3c2n(c(=O)c2c3CCC2)-c2ccc(cc2)C=C(C#N)c2ccccc2)=C(C(CC1(C)C)=c1c2c(c(ccc2)Nc2ccccc2)c2c(c1-c1ccc(cc1)C)c(c(c(c2F)F)F)C(c1ccc(cc1)F)=O)F,0,,0.0000000,0.0000,0.0000000,0.0000,0.0000000,0.0000,0.0000000,0.0000,None,43
64.0722,74.1672,8.4930,0.6457830,CCCN(c1c(C(=O)C=Cc2c[nH]c3ccccc23)ccc2[nH]c(=O)ccc12)C1CCCc2c(-c3ccc(OC)cc3)ncnc21,1,O=C(C=Cc1c[nH]c2ccccc12)c1ccc2[nH]c(=O)ccc2c1NC1CCCc2c(-c3ccccc3)ncnc21,0.6838777,408.3781,0.1288285,0.1288,0.4762527,3.7090,1.0000000,1.0000,[],43
37.3950,53.9588,62.2878,0.9081764,COc1ccc(N(c2ccc(C)cc2)c2cc3c(cc2Cl)N(c2ccccc2)C(=Cc2ccc(N(c4ccc(C)cc4)c4ccc(C)cc4)cc2)N3c2cccc(C)c2)cc1,1,C(=C1N(c2ccccc2)c2ccc(N(c3ccccc3)c3ccccc3)cc2N1c1ccccc1)c1ccc(N(c2ccccc2)c2ccccc2)cc1,0.9754620,439.9843,0.1367557,0.1368,0.5213134,3.2570,1.0000000,1.0000,[],43
52.0124,64.0993,-36.6915,0.2141234,Cc1ccc(N(c2ccc(C#N)cc2)c2cc3c(c4c2C(C)(C)c2ccccc2-4)c2ccc(N(c4ccccc4)c4ccccc4)cc2n3C2C=CN(CC(C)C)C=C2)cc1,1,C1=CC(n2c3cc(N(c4ccccc4)c4ccccc4)ccc3c3c4c(c(N(c5ccccc5)c5ccccc5)cc32)Cc2ccccc2-4)C=CN1,0.2132342,385.8253,0.1459294,0.1459,0.4637609,3.8419,1.0000000,1.0000,[],44
23.8334,39.9782,10.7399,0.3962352,Cc1ccc(N(c2ccc(C)cc2)c2ccc(-c3c(C#N)cc(-c4ccc(N(c5ccccc5)c5ccccc5)cc4)c4ccccc34)cc2)cc1,1,c1ccc(N(c2ccccc2)c2ccc(-c3ccc(-c4ccc(N(c5ccccc5)c5ccccc5)cc4)c4ccccc34)cc2)cc1,0.4041524,395.7852,0.1615345,0.1615,0.5947857,2.5978,1.0000000,1.0000,[],44
34.8357,59.3590,28.1465,0.6836371,Cc1ccc(N(c2ccc(C)cc2)c2ccc(N=Nc3ccc(N=Cc4cc5c(ccc6ccccc65)cc4N(c4ccc(C)cc4)c4ccc(C)cc4)o3)cc2)cc1,1,C(=Nc1ccc(N=Nc2ccc(N(c3ccccc3)c3ccccc3)cc2)o1)c1cc2c(ccc3ccccc32)cc1N(c1ccccc1)c1ccccc1,0.7366579,508.8314,0.0791290,0.0791,0.4996303,3.4694,1.0000000,1.0000,[],44
32.6393,36.4596,-36.2498,0.0016391,Nc1ccc(N2CCN(c3ccc(N4CCc5ccccc5C4=O)cc3)CC2)cc1,1,O=C1c2ccccc2CCN1c1ccc(N2CCN(c3ccccc3)CC2)cc1,0.0011943,326.9412,0.6821484,0.6821,0.6545605,2.1190,1.0000000,1.0000,[],44
50.6144,70.2444,-66.4393,0.0297277,Cc1ccc(C2=CC3(c4cc(-c5ccc(C)cc5)c(N)cc42)c2ccc(-c4ccc(C)cc4)cc2N(c2ccc(C)cc2)c2c(N(c4ccccc4)c4ccccc4)cc(-c4ccc(N(c5ccccc5)c5ccccc5)cc4)cc23)cc1,1,C1=C(c2ccccc2)c2ccc(-c3ccccc3)cc2C12c1ccc(-c3ccccc3)cc1N(c1ccccc1)c1c(N(c3ccccc3)c3ccccc3)cc(-c3ccc(N(c4ccccc4)c4ccccc4)cc3)cc12,0.0268841,361.0333,0.1309849,0.1310,0.3812653,4.8213,1.0000000,1.0000,[],44
26.4955,34.4342,84.9375,0.9325920,Cc1ccc(N(c2ccc(C)cc2)c2ccc3c4c(cc(C)cc24)C(=O)c2ccccc2-3)cc1,1,O=C1c2ccccc2-c2ccc(N(c3ccccc3)c3ccccc3)c3cccc1c23,0.9774170,479.0926,0.2756295,0.2756,0.6241673,2.3567,1.0000000,1.0000,[],44
30.2166,46.4121,49.9010,0.7524463,Cc1c(N(c2ccccc2)c2ccccc2)c2ccccc2c2c(N)c(C=Cc3ccc(N(c4ccccc4)c4ccccc4)cc3)ccc12,1,C(=Cc1ccc2cc(N(c3ccccc3)c3ccccc3)c3ccccc3c2c1)c1ccc(N(c2ccccc2)c2ccccc2)cc1,0.8062761,415.4825,0.1015756,0.1016,0.5696558,2.8136,1.0000000,1.0000,[],44
47.5802,66.0501,49.3151,0.9012910,CCCCCCCCn1c(=O)c(N=Nc2ccc3ccccc3c2)c2c3cc(C)c(C)cc3oc(Nc3cccc(OC)c3)c-2c1=O,1,O=c1[nH]c(=O)c2c(Nc3ccccc3)oc3ccccc3c-2c1N=Nc1ccc2ccccc2c1,0.9827715,476.0949,0.0825879,0.0826,0.5325760,3.1501,1.0000000,1.0000,[],44
35.2666,52.3915,62.7708,0.8997054,CCN(c1ccccc1)c1cc2ccc(C)cc2cc1C=C1SC(=Nc2ccc(C)cc2C)N(c2ccccc2)C1=O,1,O=C1C(=Cc2cc3ccccc3cc2Nc2ccccc2)SC(=Nc2ccccc2)N1c1ccccc1,0.9539655,432.9112,0.1916556,0.1917,0.5668042,2.8387,1.0000000,1.0000,[],44
37.6024,51.6890,-48.1086,0.0279720,CCN(c1ccc(C)cc1)c1ccc(C2C(=O)N(Cc3cccs3)C(=O)N2c2ccc(Br)cc2)cc1,1,O=C1C(c2ccc(Nc3ccccc3)cc2)N(c2ccccc2)C(=O)N1Cc1cccs1,0.0246286,360.0568,0.2178545,0.2179,0.5438624,3.0453,1.0000000,1.0000,[],44
49.3259,69.0406,35.4160,0.8160677,Cc1ccc(C=Cc2ccc(-c3c(C=C4C(c5ccc(C)cc5)=CCN4c4ccc(C)cc4)cc(C=Cc4ccc(C)cc4)c4ccc(N(c5ccccc5)c5ccccc5)cc34)cc2)cc1,1,C(=Cc1ccc(-c2c(C=C3C(c4ccccc4)=CCN3c3ccccc3)cc(C=Cc3ccccc3)c3ccc(N(c4ccccc4)c4ccccc4)cc23)cc1)c1ccccc1,0.8762960,421.2567,0.1195692,0.1196,0.4942720,3.5233,1.0000000,1.0000,[],44
40.8937,49.3785,70.0985,0.9334141,Cc1ccc(-c2nc3cc4oc5ccccc5c4cc3nc2-c2ccc(-c3ccc(-c4ccc(C)s4)s3)s2)cc1,1,c1ccc(-c2nc3cc4oc5ccccc5c4cc3nc2-c2ccc(-c3ccc(-c4cccs4)s3)s2)cc1,0.9887851,448.6327,0.2112029,0.2112,0.5614726,2.8860,1.0000000,1.0000,[],44
27.6291,42.1705,72.1447,0.8930873,Cc1ccc(N(c2ccc(C)cc2)c2ccc(C=Nc3ccccc3N3c4ccccc4Sc4ccccc43)c3ccccc23)cc1,1,C(=Nc1ccccc1N1c2ccccc2Sc2ccccc21)c1ccc(N(c2ccccc2)c2ccccc2)c2ccccc12,0.9500847,431.9882,0.1717625,0.1718,0.5605221,2.8944,1.0000000,1.0000,[],44
43.6352,54.0067,-54.0067,0.0000000,c1cc(C(F)(F)F)cc2c3c(c4c(ccc(c4)S(=O)(=O)c4ccc(CCCCCCCC)cc4)c2c1)ccc(N(c1ccccc1)c1ccccc1)c3,0,,0.0000000,0.0000,0.0000000,0.0000,0.0000000,0.0000,0.0000000,0.0000,None,44
31.4142,53.0629,43.5141,0.7545082,Cc1ccc(N(c2ccc(C)cc2)c2ccc3cc(-c4ccc(-c5ccc(N(c6ccccc6)c6ccccc6)cc5)cc4)c4cc(N(c5ccc(C)cc5)c5ccc(C)cc5)c(N(c5ccccc5)c5ccc(C)cc5)cc4c3c2)cc1,1,c1ccc(N(c2ccccc2)c2ccc(-c3ccc(-c4cc5ccc(N(c6ccccc6)c6ccccc6)cc5c5cc(N(c6ccccc6)c6ccccc6)c(N(c6ccccc6)c6ccccc6)cc45)cc3)cc2)cc1,0.8109559,415.8109,0.1006333,0.1006,0.5031742,3.4341,1.0000000,1.0000,[],44
45.4329,60.9429,-56.5156,0.0345881,Cc1c(N=Nc2cc(N)c(N=Nc3ccc(N4CCCCC4)cc3)c3cccc(N)c23)ccc2cc(N(C)c3ccccc3)ccc12,1,c1ccc(Nc2ccc3cc(N=Nc4ccc(N=Nc5ccc(N6CCCCC6)cc5)c5ccccc45)ccc3c2)cc1,0.0312859,557.2712,0.1369863,0.1370,0.5155551,3.3126,1.0000000,1.0000,[],44
51.4619,57.9954,-57.9954,0.0000000,N#CC1(c2ccc3ccccc3c2)ON=C(C(=O)O)C1CCC(=O)c1ccc2cc(O)ccc2c1,1,O=C(CCC1C=NOC1c1ccc2ccccc2c1)c1ccc2ccccc2c1,0.0000000,0.0000,0.0000000,0.0000,0.0000000,0.0000,0.0000000,0.0000,"['C(=[O,S])[O,S]']",44
24.2702,25.8634,-24.2724,0.0124297,COc1ccc(-c2oc3cc(O)ccc3c(=O)c2OC)cc1,1,O=c1cc(-c2ccccc2)oc2ccccc12,0.0100197,350.1307,0.8039283,0.8039,0.6677724,2.0190,1.0000000,1.0000,[],44
70.1357,93.8234,15.6199,0.8550260,CC1(C)c2cc(c3c(c2)oc2cccc(N(c4ccccc4)c4ccccc4)c23)C(C)(c2ccc(C=Cc3ccc(F)cc3)cc2)c2cc3ccc(N(c4cccc5ccccc45)c4c5ccccc5c(-c5ccc(N(c6ccccc6)c6ccccc6)cc5)c5ccccc45)cc3cc21,1,C(=Cc1ccc(C2c3cc4ccc(N(c5cccc6ccccc56)c5c6ccccc6c(-c6ccc(N(c7ccccc7)c7ccccc7)cc6)c6ccccc56)cc4cc3Cc3cc2c2c(c3)oc3cccc(N(c4ccccc4)c4ccccc4)c32)cc1)c1ccccc1,0.9395032,429.7791,0.0847598,0.0848,0.3118995,5.8254,1.0000000,1.0000,[],44
51.0403,68.4063,16.2078,0.6610473,COc1ccc(N(c2ccc(C)cc2)c2ccc(C=Cc3ccc(OCc4ccc(N(c5ccc(C)cc5)c5cc(C)c(N6c7ccc(C#N)cc7Oc7cc(N(c8ccc(C)cc8)c8ccc(C)cc8)ccc76)cc5C)cc4)cc3)cc2)cc1,1,C(=Cc1ccc(N(c2ccccc2)c2ccccc2)cc1)c1ccc(OCc2ccc(N(c3ccccc3)c3ccc(N4c5ccccc5Oc5cc(N(c6ccccc6)c6ccccc6)ccc54)cc3)cc2)cc1,0.7100999,409.7268,0.0887105,0.0887,0.4487360,4.0066,1.0000000,1.0000,[],44
26.8826,44.7444,-44.7444,0.0000000,N#CC(CC(=O)c1ccccc1)=NNc1nc2ccc(N(c3ccccc3)c3ccccc3)cc2s1,1,O=C(CC=NNc1nc2ccc(N(c3ccccc3)c3ccccc3)cc2s1)c1ccccc1,0.0000000,0.0000,0.0000000,0.0000,0.0000000,0.0000,0.0000000,0.0000,['[#7;!n][#7;!n]'],44
45.5939,65.7962,41.5612,0.8387303,CCCCn1c(Nc2cc3c(cc2-c2ccc(N(c4ccccc4)c4ccccc4)cc2)OCCO3)nc2ccc(N=Cc3cccc4cc5ccccc5cc34)cc21,1,C(=Nc1ccc2nc(Nc3cc4c(cc3-c3ccc(N(c5ccccc5)c5ccccc5)cc3)OCCO4)[nH]c2c1)c1cccc2cc3ccccc3cc12,0.9050089,424.4742,0.1048260,0.1048,0.5121579,3.3456,1.0000000,1.0000,[],44
28.7477,37.9169,48.9667,0.6787782,CSc1ccc(N(c2ccc(C=Cc3cc4ccccc4s3)cc2)c2ccc(-c3ccc(N(c4ccccc4)c4ccccc4)cc3)cc2)cc1,1,C(=Cc1cc2ccccc2s1)c1ccc(N(c2ccccc2)c2ccc(-c3ccc(N(c4ccccc4)c4ccccc4)cc3)cc2)cc1,0.7173895,410.1142,0.1317636,0.1318,0.5732426,2.7822,1.0000000,1.0000,[],44
35.1769,42.7902,66.0942,0.8506598,N#Cc1ccc(N(c2ccc(N(c3ccccc3)c3ccccc3)cc2)c2nc(-c3cccs3)c(C#N)c3ccccc23)cc1,1,c1ccc(N(c2ccccc2)c2ccc(N(c3ccccc3)c3nc(-c4cccs4)cc4ccccc34)cc2)cc1,0.9008396,423.9577,0.1833513,0.1834,0.5586156,2.9115,1.0000000,1.0000,[],44
53.9726,66.6776,-29.9910,0.2866142,C(=Nc1ccc2c(c1)C(c1ccccc1)c1ccccc1-2)c1ccc(Oc2c(-c3cccs3)sc3c(N4CCCC4)ccc(N(c4ccccc4)c4ccccc4)c23)cc1,1,C(=Nc1ccc2c(c1)C(c1ccccc1)c1ccccc1-2)c1ccc(Oc2c(-c3cccs3)sc3c(N4CCCC4)ccc(N(c4ccccc4)c4ccccc4)c23)cc1,0.2910448,390.3335,0.1288088,0.1288,0.4590700,3.8928,1.0000000,1.0000,[],44
62.0564,87.1307,-87.1307,0.0000000,c1cccc2nc(c(c(c21)C#N)-c1nc2c(ccc3nc(N(c4ccc(cc4)C=Cc4ccc(cc4)N(c4ccccc4)c4ccccc4)ccc3)C#N)cc2c(n1)-c1ccc(CCCCCC)cc1)N(c1ccccc1)c1ccccc1,0,,0.0000000,0.0000,0.0000000,0.0000,0.0000000,0.0000,0.0000000,0.0000,None,44
32.0936,34.8023,-34.8023,0.0000000,CC(C)(C)C(=O)Nc1cccc(NC(=O)C2=NNC(=O)c3ccccc3C2)c1,1,O=C(Nc1ccccc1)C1=NNC(=O)c2ccccc2C1,0.0000000,0.0000,0.0000000,0.0000,0.0000000,0.0000,0.0000000,0.0000,['[#7;!n][#7;!n]'],44
71.9045,91.7385,23.4255,0.8997188,CCOc1cc2c(cc1N1CC=Cc3ccccc31)CN(c1cc(Oc3ccc(N=Nc4ccc(N(C)C)cc4)cc3)nc(-c3ccc(C#N)cc3)n1)C2=C1NC(=O)NC1=O,1,O=C1NC(=O)C(=C2c3ccc(N4CC=Cc5ccccc54)cc3CN2c2cc(Oc3ccc(N=Nc4ccccc4)cc3)nc(-c3ccccc3)n2)N1,0.9860405,446.2256,0.0775518,0.0776,0.4580897,3.9035,1.0000000,1.0000,[],44
55.0927,64.0566,-56.8638,0.0561934,O=C1c2ccc(Br)cc2C(=O)N1C=Cc1ccc(OC(c2ccc3c(c2)OCCO3)c2cc3ccccc3s2)c([N+](=O)[O-])c1,1,O=C1c2ccccc2C(=O)N1C=Cc1ccc(OC(c2ccc3c(c2)OCCO3)c2cc3ccccc3s2)cc1,0.0527569,368.6454,0.0989722,0.0990,0.4816418,3.6528,1.0000000,1.0000,[],44
73.1146,82.9361,-82.9361,0.0000000,CCCCCCCCOc1ccc(C2=C(c3ccc(OC)cc3)C3(c4ccc(C)cc4)c4ccc(OCCCCCCCC)cc4-c4c3cc(OCC(C)(C)CCC=CC(F)(F)F)c2c4C)cc1,1,c1ccc(C2=C(c3ccccc3)C3(c4ccccc4)c4ccccc4-c4cc2ccc43)cc1,0.0000000,0.0000,0.0408987,0.0409,0.3466742,5.2968,1.0000000,1.0000,[],44
32.9532,36.0382,-3.6818,0.2527845,Cc1ccc(C(=O)NC(=S)Nc2sc(-c3ccccc3)c(-c3ccccc3)c2S(=O)(=O)c2ccccc2)cc1,1,O=C(NC(=S)Nc1sc(-c2ccccc2)c(-c2ccccc2)c1S(=O)(=O)c1ccccc1)c1ccccc1,0.2496043,388.0490,0.2095656,0.2096,0.6110462,2.4629,1.0000000,1.0000,[],44
36.2489,54.9422,60.8649,0.9047427,COc1ccc(C=Cc2ccc(N(c3ccc(C)cc3)c3ccc(-c4ccc(-c5ccc(N=Nc6ccc(N(c7ccc(C)cc7)c7ccc(C)cc7)cc6)c(C#N)c5)cc4)cc3)cc2)cc1,1,C(=Cc1ccc(N(c2ccccc2)c2ccc(-c3ccc(-c4ccc(N=Nc5ccc(N(c6ccccc6)c6ccccc6)cc5)cc4)cc3)cc2)cc1)c1ccccc1,0.9859538,473.8425,0.0855261,0.0855,0.5247118,3.2245,1.0000000,1.0000,[],44
32.5580,42.8666,-3.0452,0.3111044,CC(=O)c1ccc(-c2ccc(C=Nc3ccc(N4C(=O)c5c(C)c(C)c(C)c([N+](=O)[O-])c5C4=O)cc3)o2)cc1,1,O=C1c2ccccc2C(=O)N1c1ccc(N=Cc2ccc(-c3ccccc3)o2)cc1,0.3192350,391.7778,0.0933762,0.0934,0.5555303,2.9392,1.0000000,1.0000,[],44
37.7101,49.6510,68.7946,0.9253565,Cc1ccc(-c2cc3ccccc3c(=O)n2C(C=Cc2ccc(N(c3ccc(C)cc3)c3ccc(C)cc3)cc2)=CC=C(c2ccccc2)c2ccccc2)cc1,1,O=c1c2ccccc2cc(-c2ccccc2)n1C(C=Cc1ccc(N(c2ccccc2)c2ccccc2)cc1)=CC=C(c1ccccc1)c1ccccc1,0.9959702,459.8240,0.1306547,0.1307,0.5303527,3.1711,1.0000000,1.0000,[],44
33.5581,52.0692,4.8419,0.4446180,O=[N+]([O-])c1cccc(-c2nc3ccc(Br)cc3n2N=Cc2cc([N+](=O)[O-])ccc2N(c2ccccc2)c2ccccc2)c1,1,C(=Nn1c(-c2ccccc2)nc2ccccc21)c1ccccc1N(c1ccccc1)c1ccccc1,0.4647364,398.4660,0.0940304,0.0940,0.5586447,2.9112,1.0000000,1.0000,[],44
34.8631,59.0923,32.1869,0.7131185,COc1ccc(N(c2ccc(C)cc2)c2ccc(-c3sc4nc(-c5ccc6cc(OC)ccc6c5)n(C)c(=O)c4c3-c3ccc(N(c4ccccc4)c4ccccc4)cc3)cc2)cc1,1,O=c1[nH]c(-c2ccc3ccccc3c2)nc2sc(-c3ccc(N(c4ccccc4)c4ccccc4)cc3)c(-c3ccc(N(c4ccccc4)c4ccccc4)cc3)c12,0.7576995,412.3786,0.1291695,0.1292,0.5190840,3.2784,1.0000000,1.0000,[],44
35.6498,43.0295,-41.8886,0.0089131,O=C(Nc1ccc2ccccc2c1)c1ccc2c3ccccc3c3cccc(-c4cc5ccccc5s4)c3c2c1,1,O=C(Nc1ccc2ccccc2c1)c1ccc2c3ccccc3c3cccc(-c4cc5ccccc5s4)c3c2c1,0.0073603,346.7526,0.2266465,0.2266,0.6177180,2.4086,1.0000000,1.0000,[],44
31.4326,30.8462,-30.8462,0.0000000,Oc1ccc(C2=NNC(c3ccccc3F)=NN2)cc1,1,c1ccc(C2=NNC(c3ccccc3)=NN2)cc1,0.0000000,0.0000,0.0000000,0.0000,0.0000000,0.0000,0.0000000,0.0000,['[#7;!n][#7;!n]'],44
28.6622,41.5829,77.5773,0.9309387,Cc1ccc(N(c2ccc(C)cc2)c2ccc3nc4cc5oc6cc(N(c7ccccc7)c7ccccc7)ccc6c5cc4cc3c2)cc1,1,c1ccc(N(c2ccccc2)c2ccc3nc4cc5oc6cc(N(c7ccccc7)c7ccccc7)ccc6c5cc4cc3c2)cc1,0.9921285,467.4873,0.1709695,0.1710,0.5750413,2.7666,1.0000000,1.0000,[],44
40.3536,48.4966,-25.2971,0.1812460,CCC(C)c1ccc(-n2c(N)c(C=C(C#N)Cc3ccc(OC)c(OC)c3)c3ccccc3c2=O)cc1,1,O=c1c2ccccc2c(C=CCc2ccccc2)cn1-c1ccccc1,0.1745206,383.1285,0.2929261,0.2929,0.5315771,3.1595,1.0000000,1.0000,[],44
53.7047,71.0015,-51.3036,0.1538903,N#Cc1cc(C=O)ccc1N(c1ccc(Cl)cc1)c1cc(-c2cc(Cl)cc3ccccc23)c2ccc(Br)c(Cl)c2n1,1,c1ccc(N(c2ccccc2)c2cc(-c3cccc4ccccc34)c3ccccc3n2)cc1,0.1493064,381.1076,0.1731765,0.1732,0.5421193,3.0613,1.0000000,1.0000,[],44
49.2594,57.8220,33.6934,0.7149643,Cc1cccc(N(c2ccc(-c3sc(C=Cc4ccc(C)s4)cc3C)cc2)c2cc3sc(-c4ccc(C5CCCCC5)s4)cc3s2)c1,1,C(=Cc1ccc(-c2ccc(N(c3ccccc3)c3cc4sc(-c5ccc(C6CCCCC6)s5)cc4s3)cc2)s1)c1cccs1,0.7565542,412.3109,0.1522736,0.1523,0.4958825,3.5071,1.0000000,1.0000,[],44
46.9923,69.0379,-67.0197,0.0157674,COc1ccc(-c2ccc3c(c2)c(C=Cc2ccc(C)cc2)cn3-c2ccc3c(c2)c2ccc(N(c4ccc(C)cc4)c4ccc(C)cc4)cc2n3-c2cc(OC)ccc2OC)cc1,1,C(=Cc1cn(-c2ccc3c(c2)c2ccc(N(c4ccccc4)c4ccccc4)cc2n3-c2ccccc2)c2ccc(-c3ccccc3)cc12)c1ccccc1,0.0137090,353.5750,0.1301308,0.1301,0.5112692,3.3543,1.0000000,1.0000,[],44
55.8523,74.4351,-74.4351,0.0000000,CCCCCCc1ccc(N(c2ccc(C)cc2)c2ccc(-c3c(-c4ccc(C)cc4)c4c(-c5ccc(CCCCCC)s5)c5c(-c6ccc(C)cc6)c(c4n3-c3ccccc3-c3ccc(C)cc3)C=CC(c3ccc(C)cc3)=C5)cc2)cc1,1,C1=Cc2c(-c3ccccc3)c(c(-c3cccs3)c3c(-c4ccccc4)c(-c4ccc(N(c5ccccc5)c5ccccc5)cc4)n(-c4ccccc4-c4ccccc4)c23)C=C1c1ccccc1,0.0000000,0.0000,0.0690720,0.0691,0.3812358,4.8217,1.0000000,1.0000,[],44
43.9346,57.8634,60.8467,0.9274220,CN(C)c1ccc(C(=C(C#N)C#N)c2n[nH]c3ccc(Oc4ccc5ccc(-c6ccc(N(c7ccccc7)c7ccccc7)cc6)cc5c4)cc23)cc1,1,C=C(c1ccccc1)c1n[nH]c2ccc(Oc3ccc4ccc(-c5ccc(N(c6ccccc6)c6ccccc6)cc5)cc4c3)cc12,0.9937931,455.1106,0.1508737,0.1509,0.5301397,3.1731,1.0000000,1.0000,[],44
49.5119,65.5291,50.6275,0.9074734,COc1ccc(N(c2ccc(C3=CC(=C(C#N)c4ccc(C=Cc5ccc(-c6ccc(N(c7ccccc7)c7ccccc7)cc6)cc5)cc4)C(c4ccccc4)=C(C)N3c3ccccc3)cc2)c2cccc3ccccc23)cc1,1,C(=Cc1ccc(-c2ccc(N(c3ccccc3)c3ccccc3)cc2)cc1)c1ccc(C=C2C=C(c3ccc(N(c4ccccc4)c4cccc5ccccc45)cc3)N(c3ccccc3)C=C2c2ccccc2)cc1,0.9938816,464.7325,0.0801987,0.0802,0.4592478,3.8908,1.0000000,1.0000,[],44
34.5721,40.3605,80.4177,0.9435801,COc1c(C#N)cc(N(C)C)c2cc3ccccc3c(SC)c12,1,c1ccc2cc3ccccc3cc2c1,0.9716145,438.3600,0.5188426,0.5188,0.5759974,2.7583,1.0000000,1.0000,[],44
43.6500,54.2090,69.5479,0.9668511,CC1Cc2cc(C3=Nc4ccc(N5CCOCC5)cc4S(=O)(=O)C3)cc3c2N1CCC3(C)C,1,O=S1(=O)CC(c2cc3c4c(c2)CCN4CCC3)=Nc2ccc(N3CCOCC3)cc21,0.9931202,453.9856,0.6739970,0.6740,0.4649511,3.8291,1.0000000,1.0000,[],44
40.6714,58.0532,-58.0532,0.0000000,N(C)(c1nc(n(Cc2ccccc2)c(c1C#N)=Nc1ccc(cc1)N(c1c2ccccc2ccc1)c1ccc(cc1)C)=O)C,0,,0.0000000,0.0000,0.0000000,0.0000,0.0000000,0.0000,0.0000000,0.0000,None,44
43.1883,52.0332,66.7938,0.9283354,Cc1ccc(N2c3cc(C=C(C#N)C#N)ccc3-c3ccc(-c4cc(C)sc4C)cc3C2c2cc(C)sc2C)cc1,1,c1ccc(N2c3ccccc3-c3ccc(-c4ccsc4)cc3C2c2ccsc2)cc1,0.9877067,472.3760,0.2030106,0.2030,0.4776792,3.6941,1.0000000,1.0000,[],44
35.3793,36.7191,-36.5873,0.0010293,CC(=O)Nc1ccc(Nc2cc(N(C3CCCCC3)C3CCCCC3)nc(N3CCCCC3)n2)cc1,1,c1ccc(Nc2cc(N(C3CCCCC3)C3CCCCC3)nc(N3CCCCC3)n2)cc1,0.0007432,321.7863,0.4531318,0.4531,0.5805705,2.7187,1.0000000,1.0000,[],44
24.5791,29.1228,-29.0627,0.0004698,Cc1ccc(Cc2ccc(C(c3ccc(C)cc3)(c3ccc(C)cc3)c3ccc(C)cc3)cc2)cc1,1,c1ccc(Cc2ccc(C(c3ccccc3)(c3ccccc3)c3ccccc3)cc2)cc1,0.0003317,313.0231,0.2191703,0.2192,0.7019067,1.7698,1.0000000,1.0000,[],44
49.8902,61.0561,-61.0561,0.0000000,c1cc2c(cc1)c1c(n2-c2c3ccccc3c(c3c2ccc(N(c2ccccc2)c2ccccc2)c3)-c2ccccc2)c2B(c3c(cccc3)C(C)(c2c1)C)c1cc(ccc1)C#N,0,,0.0000000,0.0000,0.0000000,0.0000,0.0000000,0.0000,0.0000000,0.0000,None,44
50.1482,78.9172,-78.9172,0.0000000,c1cccc(c1OCC)N(c1c2c3c(sc2nc(n1)C(=Cc1ccc(N(c2ccccc2)c2ccccc2)cc1)C#N)c(C#N)ccc1c3c2ccccc2s1)c1ccc(cc1)CC,0,,0.0000000,0.0000,0.0000000,0.0000,0.0000000,0.0000,0.0000000,0.0000,None,44
40.6183,54.2297,59.1173,0.8855238,Cc1ccc(N(c2ccccc2C)c2cc(C)c(C)c3c2cc(C#N)c2ccc(C=Cc4ccc(N(c5ccccc5)c5ccccc5)cc4)cc23)cc1,1,C(=Cc1ccc2ccc3c(N(c4ccccc4)c4ccccc4)cccc3c2c1)c1ccc(N(c2ccccc2)c2ccccc2)cc1,0.9540346,432.9283,0.1170752,0.1171,0.5345896,3.1313,1.0000000,1.0000,[],44
35.9786,51.0159,-51.0159,0.0000000,Cc1ccc(N(c2ccc(C)cc2)c2ccc(-c3ccc(C4CN(c5ccc([N+](=O)[O-])c(C(F)(F)F)c5)C(=S)S4)cc3)cc2)cc1,1,S=C1SC(c2ccc(-c3ccc(N(c4ccccc4)c4ccccc4)cc3)cc2)CN1c1ccccc1,0.0000000,0.0000,0.0000000,0.0000,0.0000000,0.0000,0.0000000,0.0000,"['C(=[O,S])[O,S]']",44
43.0286,68.5971,47.5867,0.9076862,Cc1ccc(N(c2ccc(F)cc2)c2cc3nc4cc5c(cc4c(-c4ccc(F)cc4F)c3cc2F)sc2cc(N(c3ccc(F)cc3)c3ccc(F)cc3)ccc25)cc1,1,c1ccc(-c2c3ccc(N(c4ccccc4)c4ccccc4)cc3nc3cc4c(cc23)sc2cc(N(c3ccccc3)c3ccccc3)ccc24)cc1,0.9797361,477.8903,0.1179658,0.1180,0.5145985,3.3218,1.0000000,1.0000,[],44
41.1197,75.1641,40.9375,0.9070437,Cc1ccc(-c2ccc(-c3ccc4c(-c5ccc(C)cc5)c5c(-c6ccc(N(c7ccccc7)c7ccccc7)cc6)nn(-c6ccc(N=Nc7ccc(N(c8ccccc8)c8ccccc8)cc7)cc6)c5nc4c3)cc2)cc1,1,c1ccc(-c2ccc(-c3ccc4c(-c5ccccc5)c5c(-c6ccc(N(c7ccccc7)c7ccccc7)cc6)nn(-c6ccc(N=Nc7ccc(N(c8ccccc8)c8ccccc8)cc7)cc6)c5nc4c3)cc2)cc1,0.9827652,443.9011,0.1079930,0.1080,0.4897260,3.5695,1.0000000,1.0000,[],44
31.9268,40.9820,79.8420,0.9439374,CCCN(CCC)c1ccccc1C=c1sc2n(c1=O)C(c1ccc(Cl)cc1)C(C#N)=C(C)N=2,1,O=c1c(=Cc2ccccc2)sc2n1C(c1ccccc1)C=CN=2,0.9776372,441.0163,0.4658720,0.4659,0.5144206,3.3236,1.0000000,1.0000,[],44
28.8472,28.6836,-28.2907,0.0030695,NCC(=O)c1c(F)c(Br)cc2c1OCC2,1,c1ccc2c(c1)CCO2,0.0023057,334.0952,0.8343973,0.8344,0.5471060,3.0156,1.0000000,1.0000,[],44
34.8879,42.1758,-42.1758,0.0000000,CCN(N=CC(=NO)C(=O)Nc1cccc(N(c2ccccc2)c2ccccc2)c1)c1ccccc1,1,N=C(C=NNc1ccccc1)C(=O)Nc1cccc(N(c2ccccc2)c2ccccc2)c1,0.0000000,0.0000,0.0000000,0.0000,0.0000000,0.0000,0.0000000,0.0000,['[#7;!n][#7;!n]'],44
35.8660,47.8244,-20.4831,0.2136036,Cc1ccc(N(c2ccc(C)cc2)c2ccc3cc(C(c4ccc(F)cc4)(c4ccc(N(C)c5ccccc5)cc4)C(F)(F)F)ccc3c2)cc1,1,c1ccc(Nc2ccc(C(c3ccccc3)c3ccc4cc(N(c5ccccc5)c5ccccc5)ccc4c3)cc2)cc1,0.2137204,385.8567,0.1164319,0.1164,0.5171841,3.2968,1.0000000,1.0000,[],44
45.8122,67.5338,29.5698,0.7586219,CC1=C(C#N)C(=O)N(c2ccc(C(=O)C=Cc3ccc(N(c4ccccc4)c4ccccc4)cc3)cc2)c2c(-c3ccc(N(c4ccccc4)c4ccccc4)cc3)nn(C)c2N1,1,O=C(C=Cc1ccc(N(c2ccccc2)c2ccccc2)cc1)c1ccc(N2C(=O)C=CNc3[nH]nc(-c4ccc(N(c5ccccc5)c5ccccc5)cc4)c32)cc1,0.8154013,416.1286,0.1024842,0.1025,0.4956111,3.5098,1.0000000,1.0000,[],44
61.7123,70.6717,-45.2238,0.1988116,Cc1cc(O)c(C(=O)c2c(C(=O)c3cc(Br)c(Cc4ccc(Br)cc4)c(Br)c3)c3ccc(O)cc3oc2=O)c(O)c1C,1,O=C(c1ccccc1)c1c(C(=O)c2ccc(Cc3ccccc3)cc2)c2ccccc2oc1=O,0.1979003,384.8055,0.1190426,0.1190,0.5337347,3.1393,1.0000000,1.0000,[],44
29.5465,57.0150,-36.3440,0.1614927,Cc1ccc(-c2sc(-c3ccccc3OCc3ccc(C=Cc4ccc(N(c5ccc(C)cc5)c5ccc(C)cc5)cc4)cc3)c(C#N)c2-c2ccc(N(c3ccccc3)c3ccccc3)cc2)cc1,1,C(=Cc1ccc(N(c2ccccc2)c2ccccc2)cc1)c1ccc(COc2ccccc2-c2cc(-c3ccc(N(c4ccccc4)c4ccccc4)cc3)c(-c3ccccc3)s2)cc1,0.1599447,381.9915,0.1019078,0.1019,0.5090671,3.3759,1.0000000,1.0000,[],45
55.5365,79.5781,-22.5193,0.4457719,COc1ncc(-c2cc(-c3ccc(F)cc3)c3c(N)c(-c4ccc5ccccc5c4)c(C#N)c(-c4ccc(N(c5ccccc5)c5ccccc5)cc4)c3n2)cc1-c1ccc(-c2cccs2)s1,1,c1ccc(-c2cc(-c3cncc(-c4ccc(-c5cccs5)s4)c3)nc3c(-c4ccc(N(c5ccccc5)c5ccccc5)cc4)cc(-c4ccc5ccccc5c4)cc23)cc1,0.4619715,398.3452,0.1375785,0.1376,0.4770766,3.7004,1.0000000,1.0000,[],45
38.8078,58.8650,57.8303,0.9116816,COc1ccc(N(c2ccccc2)c2ccc(C=c3c4cc(C)ccc4c(=Cc4ccc(Cl)cc4)c(=O)n3-c3ccc(C)cc3)c(C#N)c2)cc1,1,O=c1c(=Cc2ccccc2)c2ccccc2c(=Cc2ccc(N(c3ccccc3)c3ccccc3)cc2)n1-c1ccccc1,0.9727046,438.7973,0.1680961,0.1681,0.5305517,3.1692,1.0000000,1.0000,[],45
64.4636,84.1521,33.9870,0.9229621,CCc1ccc2c(c1)N(c1ccc(C=Cc3ccc(N4c5ccccc5CC4C)cc3)cc1)CC1C2=C(C#N)C2C=CC1OC2(C#N)C#N,1,C(=Cc1ccc(N2CC3C(=CC4C=CC3OC4)c3ccccc32)cc1)c1ccc(N2CCc3ccccc32)cc1,0.9959457,459.7580,0.1604431,0.1604,0.3427815,5.3533,1.0000000,1.0000,[],45
23.9684,38.8548,-0.6493,0.2984803,Cc1ccc(N(c2ccccc2)c2ccc(-c3ccc4c5ccc(N(c6ccc(C)cc6)c6ccc(C)cc6)cc5c5cc(N(c6ccc(C)cc6)c6ccc(C)cc6)ccc5c4c3)cc2)cc1,1,c1ccc(N(c2ccccc2)c2ccc(-c3ccc4c5ccc(N(c6ccccc6)c6ccccc6)cc5c5cc(N(c6ccccc6)c6ccccc6)ccc5c4c3)cc2)cc1,0.3025061,390.9298,0.1267795,0.1268,0.5706184,2.8052,1.0000000,1.0000,[],45
21.6570,23.2191,-22.7947,0.0033157,N#Cc1ccc(CNc2ccccc2Cl)s1,1,c1ccc(NCc2cccs2)cc1,0.0024864,334.9163,0.8947220,0.8947,0.6478202,2.1707,1.0000000,1.0000,[],45
48.8293,70.6306,-70.6306,0.0000000,c12C(c3ccc(cc3)/C=C\c3ccccc3)(c3ccc(cc3)N(c3ccccc3)c3ccccc3)C(=C(c1c1ccc(cc1cc2)=O)c1c(cc(cc1)F)F)c1ccc(cc1)C,0,,0.0000000,0.0000,0.0000000,0.0000,0.0000000,0.0000,0.0000000,0.0000,None,45
22.0585,34.4512,44.9860,0.6206036,Cc1ccc(N(c2ccc(C)cc2)c2ccc(C=Cc3ccc(N(c4ccc(C)cc4)c4ccc(C=Cc5ccc(-c6ccc(N(c7ccccc7)c7ccccc7)cc6)cc5)cc4)cc3)cc2)cc1,1,C(=Cc1ccc(N(c2ccccc2)c2ccc(C=Cc3ccc(N(c4ccccc4)c4ccccc4)cc3)cc2)cc1)c1ccc(-c2ccc(N(c3ccccc3)c3ccccc3)cc2)cc1,0.6582539,407.1172,0.1007053,0.1007,0.5786944,2.7349,1.0000000,1.0000,[],45
43.6836,60.3879,56.7720,0.9153114,[C-]#[N+]c1c(N)c(-c2ccc3cc(N(c4ccccc4)c4ccccc4)ccc3c2)c(N)c2cc3cc(C#N)c(N)cc3cc12,1,c1ccc(N(c2ccccc2)c2ccc3cc(-c4ccc5cc6ccccc6cc5c4)ccc3c2)cc1,0.9895759,470.5647,0.1116505,0.1117,0.5282254,3.1912,1.0000000,1.0000,[],45
45.2490,74.1506,5.2153,0.6200466,Cc1ccc(C=Cc2ccc(-c3cc4ccc5c(ccc6c7cc8cc(-c9ccc(N(c%10ccccc%10)c%10ccccc%10)cc9)ccc8cc7n(-c7ccc(N(c8ccccc8)c8ccccc8)cc7)c56)c4cc3C#N)cc2)cc1,1,C(=Cc1ccc(-c2ccc3c(ccc4c3ccc3c5cc6cc(-c7ccc(N(c8ccccc8)c8ccccc8)cc7)ccc6cc5n(-c5ccc(N(c6ccccc6)c6ccccc6)cc5)c43)c2)cc1)c1ccccc1,0.6615537,407.2769,0.0956550,0.0957,0.4713149,3.7611,1.0000000,1.0000,[],45
33.9171,43.0008,57.3335,0.7838616,N#Cc1ccc(C(=Cc2ccc(N(c3ccccc3)c3ccccc3)cc2)C(=O)CCc2ccc(-c3ccccc3)cc2)cc1,1,O=C(CCc1ccc(-c2ccccc2)cc1)C(=Cc1ccc(N(c2ccccc2)c2ccccc2)cc1)c1ccccc1,0.8365752,417.7297,0.1195797,0.1196,0.5977190,2.5732,1.0000000,1.0000,[],45
27.8626,48.3343,24.2328,0.5669305,Cc1ccc(N(c2ccc(C)cc2)c2ccc(C=Cc3ccc(N(c4ccc(C=Cc5ccc(N(c6ccc(C)cc6)c6ccc(C)cc6)cc5)cc4)c4cccc(-c5ccc(-c6ccc(N(c7ccc(C)cc7)c7ccc(C)cc7)cc6)cc5)c4)cc3)cc2)cc1,1,C(=Cc1ccc(N(c2ccc(C=Cc3ccc(N(c4ccccc4)c4ccccc4)cc3)cc2)c2cccc(-c3ccc(-c4ccc(N(c5ccccc5)c5ccccc5)cc4)cc3)c2)cc1)c1ccc(N(c2ccccc2)c2ccccc2)cc1,0.6049021,404.6245,0.0793961,0.0794,0.4974493,3.4913,1.0000000,1.0000,[],45
34.3374,60.9570,56.2736,0.9158635,Cc1ccc(N(c2ccc(C)cc2)c2ccc3c(c2)CC(C(=O)Cc2ccc(C)c(N=Nc4ccc(N(C)C)cc4)c2)O3)cc1,1,O=C(Cc1cccc(N=Nc2ccccc2)c1)C1Cc2cc(N(c3ccccc3)c3ccccc3)ccc2O1,0.9800193,442.2656,0.1594711,0.1595,0.5056726,3.4093,1.0000000,1.0000,[],45
31.8649,39.7125,72.4669,0.8764021,N#CC(C=Nc1ccc(N=Nc2ccc(N3CCCC3)cc2)cc1)=Nc1ccccc1,1,C(C=Nc1ccc(N=Nc2ccc(N3CCCC3)cc2)cc1)=Nc1ccccc1,0.9119861,494.6141,0.3371732,0.3372,0.5545616,2.9479,1.0000000,1.0000,[],45
30.6392,48.0698,38.0327,0.6726761,COc1ccc(C=Cc2cc3ccc(N(c4ccc(C)cc4)c4ccc(C)cc4)cc3c3ccc4cc(OC)ccc4c23)cc1,1,C(=Cc1cc2ccc(N(c3ccccc3)c3ccccc3)cc2c2ccc3ccccc3c12)c1ccccc1,0.7094386,409.6919,0.1371666,0.1372,0.5834101,2.6943,1.0000000,1.0000,[],45
30.8728,33.4972,-30.9995,0.0195137,Cc1cc(=O)oc2ccc(C=CC(=O)c3ccccc3Br)cc12,1,O=C(C=Cc1ccc2oc(=O)ccc2c1)c1ccccc1,0.0165073,355.6226,0.3799794,0.3800,0.6424590,2.2123,1.0000000,1.0000,[],45
52.3649,73.3077,14.2787,0.6842688,CCCCCCc1ccc(N(c2ccc(-c3ccccc3)cc2)c2ccc(C=C3CCc4cc(N5c6ccccc6Oc6ccccc65)ccc4N3c3ccc(CC)cc3)cc2C=Cc2ccc(N(c3ccccc3)c3ccccc3)cc2)cc1,1,C(=Cc1cc(C=C2CCc3cc(N4c5ccccc5Oc5ccccc54)ccc3N2c2ccccc2)ccc1N(c1ccccc1)c1ccc(-c2ccccc2)cc1)c1ccc(N(c2ccccc2)c2ccccc2)cc1,0.7448714,411.6331,0.0629028,0.0629,0.4359833,4.1508,1.0000000,1.0000,[],45
45.6187,59.6692,-25.3104,0.2684279,COc1cc(C2C(C(=O)c3cccc4ccccc34)N=c3sc(=Cc4ccc5c(Br)cccc5c4)c(=O)n32)ccc1O,1,O=C(c1cccc2ccccc12)C1N=c2sc(=Cc3ccc4ccccc4c3)c(=O)n2C1c1ccccc1,0.2662812,388.9953,0.2360845,0.2361,0.4765518,3.7059,1.0000000,1.0000,[],45
23.8948,30.4213,-30.4213,0.0000000,COC(=O)c1c(-c2ccc(N(c3ccccc3)c3ccccc3)cc2)sc2ccccc12,1,c1ccc(N(c2ccccc2)c2ccc(-c3cc4ccccc4s3)cc2)cc1,0.0000000,0.0000,0.0000000,0.0000,0.0000000,0.0000,0.0000000,0.0000,"['C(=[O,S])[O,S]']",45
28.0948,31.9788,-31.9788,0.0000000,c1cc(cc2c(c3cccccc-3c21)=O)Nc1ccc(cc1)OC,0,,0.0000000,0.0000,0.0000000,0.0000,0.0000000,0.0000,0.0000000,0.0000,None,45
25.2084,24.9777,-24.8721,0.0008248,O=P1(C2CC2)c2ccccc2-c2ccccc21,1,O=P1(C2CC2)c2ccccc2-c2ccccc21,0.0005813,319.1166,0.6997157,0.6997,0.5512464,2.9779,1.0000000,1.0000,[],45
35.6376,56.5885,6.9834,0.4966550,Cc1ccc(N(c2ccc(C)cc2)c2ccc(-c3cccc(NC(=O)c4c(C)cc(=O)n(-c5ccccc5)c4C)c3[N+](=O)[O-])cc2)cc1,1,O=C(Nc1cccc(-c2ccc(N(c3ccccc3)c3ccccc3)cc2)c1)c1ccc(=O)n(-c2ccccc2)c1,0.5163311,400.7095,0.1329076,0.1329,0.5666602,2.8400,1.0000000,1.0000,[],45
40.2927,66.0808,-66.0768,0.0000308,CCN(CC)c1ccc(-c2c3cc4cc5cc(N(c6ccccc6)c6ccccc6)ccc5cc4cc3cc3ccc4c(c23)C=CC(c2ccc(C)cc2)(c2ccc(C)cc2)O4)cc1,1,C1=CC(c2ccccc2)(c2ccccc2)Oc2ccc3cc4cc5cc6ccc(N(c7ccccc7)c7ccccc7)cc6cc5cc4c(-c4ccccc4)c3c21,0.0000193,637.8758,0.1348590,0.1349,0.4894207,3.5727,1.0000000,1.0000,[],45
20.2298,30.3733,89.5801,0.9371363,COc1ccc(N(c2ccc(C)cc2)c2ccc(N=Nc3ccc(I)cc3)cc2)cc1,1,c1ccc(N=Nc2ccc(N(c3ccccc3)c3ccccc3)cc2)cc1,0.9941384,455.7358,0.1892634,0.1893,0.6249031,2.3508,1.0000000,1.0000,[],45
49.4036,78.5877,34.3554,0.8823685,Cc1ccc(N2c3ccc(N(c4ccccc4)c4ccccc4)cc3C(c3ccc(Cl)cc3)c3c(C)c(C(=O)c4ccc(Cl)cc4)c4c(C)c5c(F)c(F)c(F)c(F)c5c(F)c4c32)cc1,1,O=C(c1ccccc1)c1cc2c(c3cc4ccccc4cc13)N(c1ccccc1)c1ccc(N(c3ccccc3)c3ccccc3)cc1C2c1ccccc1,0.9791282,478.2180,0.0523371,0.0523,0.4359192,4.1515,1.0000000,1.0000,[],45
31.6735,51.1657,59.7838,0.8667933,Cc1ccc(-c2c(-c3ccc(C)cc3)c(-c3ccc(C)cc3)c3c(-c4ccc(C)cc4)ccnc3c2C=Cc2ccc(N(c3ccc(C)cc3)c3ccc(C)cc3)cc2)cc1,1,C(=Cc1c(-c2ccccc2)c(-c2ccccc2)c(-c2ccccc2)c2c(-c3ccccc3)ccnc12)c1ccc(N(c2ccccc2)c2ccccc2)cc1,0.9278350,427.7286,0.1355059,0.1355,0.5533254,2.9590,1.0000000,1.0000,[],45
41.2732,46.3920,-46.3920,0.0000000,Cc1oc2nc(-c3ccccc3Cl)ccc2c1C(=O)NN=Cc1cc(Cl)cc(Br)c1O,1,O=C(NN=Cc1ccccc1)c1coc2nc(-c3ccccc3)ccc12,0.0000000,0.0000,0.0000000,0.0000,0.0000000,0.0000,0.0000000,0.0000,['[#7;!n][#7;!n]'],45
46.5577,60.7814,37.7084,0.7694518,CCCCCCCCCCCCCCn1c2ccc(N=Cc3ccc(N(c4ccccc4)c4ccccc4)cc3)cc2c2cc(N=Nc3c(N)ccc4cc(Nc5ccc(Cl)cc5)ccc34)ccc21,1,C(=Nc1ccc2[nH]c3ccc(N=Nc4cccc5cc(Nc6ccccc6)ccc45)cc3c2c1)c1ccc(N(c2ccccc2)c2ccccc2)cc1,0.8603138,500.2624,0.0307355,0.0307,0.4801848,3.6679,1.0000000,1.0000,[],45
36.6277,55.6457,25.3195,0.6325405,Cc1ccc(-c2c(C#N)c3c(nc(-c4ccc(C)cc4)c4c3n(-c3ccc(N(c5ccccc5)c5ccccc5)cc3)c(=O)n4-c3ccc(C)cc3)c3ccccc23)cc1,1,O=c1n(-c2ccccc2)c2c(-c3ccccc3)nc3c4ccccc4c(-c4ccccc4)cc3c2n1-c1ccc(N(c2ccccc2)c2ccccc2)cc1,0.6644025,407.4153,0.1512970,0.1513,0.5238274,3.2330,1.0000000,1.0000,[],45
32.0204,43.4815,-15.1343,0.2214622,Clc1ccc(-c2sc(-c3ccc(N(c4ccccc4)c4ccccc4)cc3)cc2-c2cccc3ccsc23)s1,1,c1ccc(N(c2ccccc2)c2ccc(-c3cc(-c4cccc5ccsc45)c(-c4cccs4)s3)cc2)cc1,0.2180428,386.1340,0.1904559,0.1905,0.5815121,2.7106,1.0000000,1.0000,[],45
23.4949,21.9392,-21.9223,0.0001316,N#CCc1ccc(OCCN2CCCCC2)cc1,1,c1ccc(OCCN2CCCCC2)cc1,0.0000835,298.0407,0.7985205,0.7985,0.6874433,1.8739,1.0000000,1.0000,[],45
42.8716,49.6173,-10.6172,0.3046883,CCCOc1ccc(-c2cc(-c3ccc4ccccc4c3)nc3ccc(OCC)c(C=Nc4nc5ccccc5s4)c23)cc1,1,C(=Nc1nc2ccccc2s1)c1cccc2nc(-c3ccc4ccccc4c3)cc(-c3ccccc3)c12,0.3071100,391.1657,0.1563001,0.1563,0.5693594,2.8162,1.0000000,1.0000,[],45
41.6126,67.3269,-38.7820,0.2230068,COc1ccc2cc(C=CC3=CCN(C(=O)c4ccc(N(c5ccc(C#N)cc5)c5ccc(C=Cc6ccc(C#N)cc6)cc5)cc4)C3)ccc2c1,1,O=C(c1ccc(N(c2ccccc2)c2ccc(C=Cc3ccccc3)cc2)cc1)N1CC=C(C=Cc2ccc3ccccc3c2)C1,0.2220879,386.3899,0.1426463,0.1426,0.5303668,3.1709,1.0000000,1.0000,[],45
31.5227,48.2783,-48.2783,0.0000000,c1ccc2c(c1)C(c1c(cc(N(c3ccccc3)c3ccccc3)c(OC)c1)N(c1ccc(cc1)C)c1ccc(cc1)C)=C(C#N)C#N,0,,0.0000000,0.0000,0.0000000,0.0000,0.0000000,0.0000,0.0000000,0.0000,None,45
47.9389,62.1839,55.8079,0.9218107,CN(C)c1ccc2cc(-c3ccc(N=Nc4cc(Nc5ccccc5)ccc4N(C)C)cc3)c(NC(=O)C3C=CC=CC3)nc2c1,1,O=C(Nc1nc2ccccc2cc1-c1ccc(N=Nc2cccc(Nc3ccccc3)c2)cc1)C1C=CC=CC1,0.9871858,472.8323,0.1631920,0.1632,0.4776278,3.6946,1.0000000,1.0000,[],45
42.6350,54.3233,-54.3233,0.0000000,c1(-c2ccc(cc2)N(c2ccc(cc2)-c2oc(-c3ccc(C=Cc4ccc(N(c5ccccc5)c5ccccc5)cc4)cc3)nn2)c2ccc(cc2)C=c2ccc3c(cccc3)c2)ccc(N(c2ccccc2)c2ccccc2)cc1,0,,0.0000000,0.0000,0.0000000,0.0000,0.0000000,0.0000,0.0000000,0.0000,None,45
60.1239,95.3951,-20.6676,0.5838085,Cc1ccc(N(c2ccc(N(c3ccccc3)c3ccccc3)cc2)c2nn(C3CCc4c(nc(N5CCc6ccccc65)c5cc(C#N)c(N)cc45)N3)c(N)c2C#N)cc1,1,c1ccc(N(c2ccccc2)c2ccc(N(c3ccccc3)c3ccn(C4CCc5c(nc(N6CCc7ccccc76)c6ccccc56)N4)n3)cc2)cc1,0.6168604,405.1707,0.1267045,0.1267,0.4221399,4.3121,1.0000000,1.0000,[],45
35.5979,53.6335,16.4983,0.5479046,CCOc1ccc(N2C(=O)C(=Cc3cc4sc5ccccc5c4cc3N=Nc3ccc(N(c4ccccc4)c4ccccc4)cc3)C(=O)NC2=S)cc1,1,O=C1NC(=S)N(c2ccccc2)C(=O)C1=Cc1cc2sc3ccccc3c2cc1N=Nc1ccc(N(c2ccccc2)c2ccccc2)cc1,0.5854550,516.2520,0.0691732,0.0692,0.5240836,3.2305,1.0000000,1.0000,[],45
45.1976,63.6381,50.9835,0.8954806,CN(c1ccccc1)c1ccc(C(=C(c2ccccc2)c2ccc(N(c3cccc4ccccc34)c3cc4ccc5ccccc5c4c4cc5ccccc5cc34)cc2)c2ccc(C=Cc3ccc(N(c4ccccc4)c4ccccc4)cc3)cc2)cc1,1,C(=Cc1ccc(N(c2ccccc2)c2ccccc2)cc1)c1ccc(C(=C(c2ccccc2)c2ccc(N(c3cccc4ccccc34)c3cc4ccc5ccccc5c4c4cc5ccccc5cc34)cc2)c2ccc(Nc3ccccc3)cc2)cc1,0.9883303,448.1960,0.0610351,0.0610,0.4640770,3.8385,1.0000000,1.0000,[],45
18.1364,28.7335,89.4163,0.9230457,Cc1ccc(N(c2ccc(C)cc2)c2ccc(-c3ccc(N=Nc4ccc(N(C)C)cc4)cc3)cc2)cc1,1,c1ccc(N=Nc2ccc(-c3ccc(N(c4ccccc4)c4ccccc4)cc3)cc2)cc1,0.9745827,439.5923,0.2099234,0.2099,0.6444378,2.1969,1.0000000,1.0000,[],45
40.4421,56.1712,-56.1712,0.0000000,c1cccc(c1)N(c1ccc2c(c1)c1cc(N(c3ccccc3)c3ccccc3)ccc1nc2-c1cc2sc(=C(C#N)C#N)cc2c(c1)C#N)c1ccc(cc1)C,0,,0.0000000,0.0000,0.0000000,0.0000,0.0000000,0.0000,0.0000000,0.0000,None,45
35.1255,50.0502,-50.0502,0.0000000,c1(=Nc2ccc(cc2)N(c2ccccc2)c2ccccc2)sc(c(c1C#N)-c1ccc(cc1)N(CCCC)CCCC)-c1sc(cc1)[N+]([O-])=O,0,,0.0000000,0.0000,0.0000000,0.0000,0.0000000,0.0000,0.0000000,0.0000,None,45
74.2024,91.1532,5.6930,0.7566108,COc1ccc(Nc2ccc3c(c2)c(CCN2CCCN(C=Cc4ccc(Br)cc4)CC2)c(N=Nc2ccc(C#N)c4ccc(N(C)C)cc24)c2cc(F)ccc23)cc1,1,C(=CN1CCCN(CCc2c(N=Nc3cccc4ccccc34)c3ccccc3c3ccc(Nc4ccccc4)cc23)CC1)c1ccccc1,0.8132992,504.0224,0.1031800,0.1032,0.4856703,3.6111,1.0000000,1.0000,[],45
33.6398,43.8202,71.4387,0.9004606,Cc1ccc(N(c2ccc(C)cc2)c2ccc(C=Cc3ccc(-c4ccccc4Br)cc3)c3cccnc23)cc1,1,C(=Cc1ccc(N(c2ccccc2)c2ccccc2)c2ncccc12)c1ccc(-c2ccccc2)cc1,0.9552451,433.2318,0.1819819,0.1820,0.5994312,2.5589,1.0000000,1.0000,[],45
56.7555,78.5569,-78.5569,0.0000000,c1ccc2c(c1)c(c(o2)C=Cc1ccc(N(CCC)CCCC)c2c1cccc2)C=c1cc2-c(c(-c3ccccc3)c(C=Cc3ccc(cc3)N(c3ccccc3)c3ccccc3)cc2)c2c1cc(cc2)N(c1ccccc1)c1ccccc1,0,,0.0000000,0.0000,0.0000000,0.0000,0.0000000,0.0000,0.0000000,0.0000,None,45
36.1573,60.2728,-44.8823,0.1202380,Cc1ccc(N(c2ccc(C)cc2)c2ccc(-c3ccc(N4CCN(c5c(C#N)c6ccccc6c(=O)n5-c5ccc(N(c6ccc(C)cc6)c6ccc(C)cc6)cc5)CC4)cc3)cc2)cc1,1,O=c1c2ccccc2cc(N2CCN(c3ccc(-c4ccc(N(c5ccccc5)c5ccccc5)cc4)cc3)CC2)n1-c1ccc(N(c2ccccc2)c2ccccc2)cc1,0.1160786,377.9585,0.1364278,0.1364,0.5296761,3.1774,1.0000000,1.0000,[],45
30.1461,43.3500,-30.9127,0.0971657,Cc1ccc(N(c2ccc(C)cc2)c2ccc(-c3ccc(N(c4ccc(C)cc4)c4ccc(C)cc4)c4ccccc34)cc2-c2ccc(N(c3ccccc3)c3ccc(-c4ccccc4)cc3)cc2)cc1,1,c1ccc(-c2ccc(N(c3ccccc3)c3ccc(-c4cc(-c5ccc(N(c6ccccc6)c6ccccc6)c6ccccc56)ccc4N(c4ccccc4)c4ccccc4)cc3)cc2)cc1,0.0930426,375.2774,0.1209082,0.1209,0.5490175,2.9981,1.0000000,1.0000,[],45
53.2348,75.8801,27.9744,0.8113632,CCn1c(-c2cc(C=Nc3ccc(C#N)cc3)cc(Br)c2N=Nc2c3ccccc3cc3cc(Cl)ccc23)cc2cc(Cl)ccc21,1,C(=Nc1ccccc1)c1ccc(N=Nc2c3ccccc3cc3ccccc23)c(-c2cc3ccccc3[nH]2)c1,0.8759956,498.7734,0.0966871,0.0967,0.5174518,3.2942,1.0000000,1.0000,[],45
29.5399,48.3949,65.7415,0.8916910,COc1ccc2c(c1)c1cc(C=Cc3ccc(C=Cc4ccc(N(c5ccccc5)c5ccccc5)cc4)s3)ccc1n2-c1ccc(Cl)cc1,1,C(=Cc1ccc(C=Cc2ccc3c(c2)c2ccccc2n3-c2ccccc2)s1)c1ccc(N(c2ccccc2)c2ccccc2)cc1,0.9525453,432.5652,0.1505121,0.1505,0.5588489,2.9094,1.0000000,1.0000,[],45
33.9582,49.4177,-47.3669,0.0160221,Cc1ccc(C=Cc2ccc3c(c2)c2cc(-c4ccc(N(c5ccc(C)cc5)c5ccc(-c6ccc(N(c7ccc(C)cc7)c7ccc(C)cc7)cc6)cc5)cc4)ccc2n3-c2ccc(-c3ccc(C)cc3)cc2)cc1,1,C(=Cc1ccc2c(c1)c1cc(-c3ccc(N(c4ccccc4)c4ccc(-c5ccc(N(c6ccccc6)c6ccccc6)cc5)cc4)cc3)ccc1n2-c1ccc(-c2ccccc2)cc1)c1ccccc1,0.0139910,353.7992,0.1130543,0.1131,0.5347263,3.1300,1.0000000,1.0000,[],45
43.8358,61.7087,49.0884,0.8656024,N#Cc1c(-c2ccc(C=Cc3ccc4ccccc4c3)cc2)sc2c(-c3cccc4c3ccc3ccccc34)sc(N(c3ccccc3)c3ccccc3)c12,1,C(=Cc1ccc2ccccc2c1)c1ccc(-c2cc3c(N(c4ccccc4)c4ccccc4)sc(-c4cccc5c4ccc4ccccc45)c3s2)cc1,0.9311666,428.2807,0.1203179,0.1203,0.5207459,3.2625,1.0000000,1.0000,[],45
36.8229,61.3830,10.6458,0.5627248,Cc1ccc(N(c2ccc(C)cc2)c2ccc(-c3nc(-c4ccc(N(c5ccc(C)cc5)c5ccc6ccccc6c5)cc4)c(Nc4ccc(C=Cc5ccc(C=Cc6ccc(N(c7ccccc7)c7ccccc7)cc6)cc5)cc4)o3)cc2)cc1,1,C(=Cc1ccc(Nc2oc(-c3ccc(N(c4ccccc4)c4ccccc4)cc3)nc2-c2ccc(N(c3ccccc3)c3ccc4ccccc4c3)cc2)cc1)c1ccc(C=Cc2ccc(N(c3ccccc3)c3ccccc3)cc2)cc1,0.5981773,404.3199,0.0917196,0.0917,0.4695608,3.7798,1.0000000,1.0000,[],45
46.2001,67.5669,-67.5669,0.0000000,c1cccc2C(=C(C(=c12)c1cccc(C)c1)c1ccc(cc1)N(c1ccccc1)c1ccccc1)c1c2c3ccccc3c(cc2ccc1OC)-c1ccc(cc1)C,0,,0.0000000,0.0000,0.0000000,0.0000,0.0000000,0.0000,0.0000000,0.0000,None,45
51.5361,71.1768,-71.1768,0.0000000,c12Oc3cc(c4c(c3N(c1ccc(c2)N(c1ccccc1)c1ccccc1)CC)cc(c1c2c(cc(cc2)N(c2ccccc2)c2ccccc2)ccc1=N4)N(c1ccc(cc1)C)c1ccc(cc1)C)-c1ccc(cc1)C,0,,0.0000000,0.0000,0.0000000,0.0000,0.0000000,0.0000,0.0000000,0.0000,None,45
35.1047,50.0659,67.5226,0.9186596,CCCCN(CCCC)c1ccc(N=Nc2ccc3[nH]c(=O)cc(C(=S)N(c4ccccc4)c4ccccc4)c3c2)cc1,1,O=c1cc(C(=S)N(c2ccccc2)c2ccccc2)c2cc(N=Nc3ccccc3)ccc2[nH]1,0.9912393,468.6590,0.1165360,0.1165,0.5489855,2.9984,1.0000000,1.0000,[],45
38.1622,56.5722,-47.6779,0.0694869,Cc1ccc(-c2c(-c3cccc(C)c3)c3oc4c(C)cccc4c(=O)c3c3c(-c4ccc(C)cc4)c(C#N)ccc23)cc1,1,O=c1c2ccccc2oc2c(-c3ccccc3)c(-c3ccccc3)c3cccc(-c4ccccc4)c3c12,0.0647417,371.0063,0.1609662,0.1610,0.5672835,2.8345,1.0000000,1.0000,[],45
47.9893,60.8455,54.0743,0.8978116,Cc1ccc(-c2nc(C=Cc3ccc(N(c4ccc(C)cc4)c4cc(-c5ccc(C6CCCCC6)cc5)c5cc(N(c6ccc(C)cc6)c6ccc(C)cc6)ccc5c4)cc3)nc(-c3ccc(Cl)cc3)n2)cc1,1,C(=Cc1nc(-c2ccccc2)nc(-c2ccccc2)n1)c1ccc(N(c2ccccc2)c2cc(-c3ccc(C4CCCCC4)cc3)c3cc(N(c4ccccc4)c4ccccc4)ccc3c2)cc1,0.9686480,437.2475,0.1220634,0.1221,0.4858451,3.6093,1.0000000,1.0000,[],45
41.3092,65.1991,-65.1991,0.0000000,c12ccccc1c(c1c(O)c(c(c(c1c2O)-c1ccc(OC)cc1)O)-c1c(O)ccc(c1)C=Cc1ccc(cc1)N(c1ccccc1)c1ccccc1)=O,0,,0.0000000,0.0000,0.0000000,0.0000,0.0000000,0.0000,0.0000000,0.0000,None,45
29.1439,52.6923,22.6019,0.5882361,Cc1ccc(N(c2ccc(C)cc2)c2cc3c(cc2N=Nc2ccc(N4CCc5cc(C#N)ccc54)cc2)C(=O)c2ccccc2C3=O)cc1,1,O=C1c2ccccc2C(=O)c2cc(N(c3ccccc3)c3ccccc3)c(N=Nc3ccc(N4CCc5ccccc54)cc3)cc21,0.6133248,514.9914,0.1672813,0.1673,0.5334739,3.1417,1.0000000,1.0000,[],45
41.6027,57.7961,-47.6680,0.0791258,CCCCCCCCCCCCN(Cc1ccc(-c2nc3c(ccc4ccccc43)s2)cc1)c1ncnc(Nc2ccc(Nc3ccccc3)cc2)c1N,1,c1ccc(Nc2ccc(Nc3cc(NCc4ccc(-c5nc6c(ccc7ccccc76)s5)cc4)ncn3)cc2)cc1,0.0762223,372.9129,0.0712640,0.0713,0.5466329,3.0199,1.0000000,1.0000,[],45
30.5710,31.6634,-24.6017,0.0551702,c1ccc(-c2ccc(-c3ccc(N(c4ccc(-c5ccccc5)cc4)c4ccc(-c5cccc6cccnc56)cc4)cc3)cc2)cc1,1,c1ccc(-c2ccc(-c3ccc(N(c4ccc(-c5ccccc5)cc4)c4ccc(-c5cccc6cccnc56)cc4)cc3)cc2)cc1,0.0504502,368.1336,0.1808777,0.1809,0.6503737,2.1510,1.0000000,1.0000,[],45
41.2806,50.1135,47.8717,0.7655097,COc1ccc(C(c2ccc(N(C)c3ccc(N(c4ccc(N(c5ccccc5)c5ccccc5)cc4)c4ccc(N(c5ccccc5)c5ccccc5)c5ccccc45)cc3)cc2)c2ccc(N(c3ccccc3)c3ccccc3)cc2)cc1,1,c1ccc(C(c2ccc(Nc3ccc(N(c4ccc(N(c5ccccc5)c5ccccc5)cc4)c4ccc(N(c5ccccc5)c5ccccc5)c5ccccc45)cc3)cc2)c2ccc(N(c3ccccc3)c3ccccc3)cc2)cc1,0.8310618,417.2976,0.0794534,0.0795,0.4621490,3.8593,1.0000000,1.0000,[],45
47.4135,57.0727,58.7021,0.9044910,CCCCCCCCOc1ccc(N(c2ccc(F)cc2)c2cc(-c3ccc(C#N)cc3)nc(-c3ccc(C(=C(C#N)C#N)c4ccccc4)s3)c2)cc1,1,C=C(c1ccccc1)c1ccc(-c2cc(N(c3ccccc3)c3ccccc3)cc(-c3ccccc3)n2)s1,0.9890388,448.8839,0.0771439,0.0771,0.5207466,3.2625,1.0000000,1.0000,[],45
44.1204,67.0576,-67.0576,0.0000000,N#CC(C#N)=c1c(=Cc2cn(CCC(=O)O)c3ccccc23)c(-c2ccc3cc(C#N)ccc3c2)c(C#N)c2ccc(C#N)cc12,1,C=c1c(=Cc2c[nH]c3ccccc23)c(-c2ccc3ccccc3c2)cc2ccccc12,0.0000000,0.0000,0.0000000,0.0000,0.0000000,0.0000,0.0000000,0.0000,"['C(=[O,S])[O,S]']",45
27.8618,41.8468,-27.7388,0.1102194,Cc1ccc(N(c2ccc(C)cc2)c2ccc3c(c2)C(C)(c2ccc4cc(N(c5ccc(C)cc5)c5ccc(C)cc5)ccc4c2)c2ccccc2-3)cc1,1,c1ccc(N(c2ccccc2)c2ccc3c(c2)C(c2ccc4cc(N(c5ccccc5)c5ccccc5)ccc4c2)c2ccccc2-3)cc1,0.1053450,376.7740,0.1636504,0.1637,0.5222477,3.2481,1.0000000,1.0000,[],46
47.1060,62.3093,44.8601,0.8372607,CCCCCCCCOc1ccc(N=Cc2ccc(N=Nc3ccc4c(-c5ccc(C=Nc6ccc(OCCCCCC)cc6)cc5)ccc(C=Nc5ccc(CCCC)cc5)c4c3)cc2)cc1,1,C(=Nc1ccccc1)c1ccc(N=Nc2ccc3c(-c4ccc(C=Nc5ccccc5)cc4)ccc(C=Nc4ccccc4)c3c2)cc1,0.9398226,429.8403,0.0308194,0.0308,0.4899142,3.5676,1.0000000,1.0000,[],46
22.1627,30.3611,91.9625,0.9556534,CN(C)c1ccc(N=Nc2ccc(N=C3CCc4ccccc43)cc2)cc1,1,c1ccc(N=Nc2ccc(N=C3CCc4ccccc43)cc2)cc1,0.9843962,444.9985,0.5115516,0.5116,0.5971929,2.5776,1.0000000,1.0000,[],46
74.5623,103.9264,-103.9264,0.0000000,c1c(NC(C2(C=C3c4ccccc4N(C(=N)C3CC(C=2)c2ccc(C)cc2)C)C#N)=O)cc2c(c(c(cc2c1)-c1ccc(cc1)N(c1ccccc1)c1ccccc1)C#N)-c1ccc(cc1)CC,0,,0.0000000,0.0000,0.0000000,0.0000,0.0000000,0.0000,0.0000000,0.0000,None,46
44.2249,61.1826,25.3544,0.6760708,COc1cc2c(-c3ccc(-c4ccc(N(c5ccccc5)c5ccccc5)cc4)cc3)c(C#N)c(C#N)cc2cc1C(=O)Cc1ccc2ccccc2c1,1,O=C(Cc1ccc2ccccc2c1)c1ccc2c(-c3ccc(-c4ccc(N(c5ccccc5)c5ccccc5)cc4)cc3)cccc2c1,0.7135845,409.9112,0.1404856,0.1405,0.5489114,2.9991,1.0000000,1.0000,[],46
42.7626,53.9141,-53.9141,0.0000000,O(C)c1c(cc2c(c1)nc1c(c(s/c1=C(/C#N)C#N)N)n2)S(c1ccc(cc1)C)(=O)=O,0,,0.0000000,0.0000,0.0000000,0.0000,0.0000000,0.0000,0.0000000,0.0000,None,46
51.8683,66.5841,-36.7259,0.2332669,Cc1ccc(N(c2ccc(C)cc2)c2ccc(C3=NCC(c4ccc([N+](=O)[O-])cc4C)=Cc4c(NC(=O)c5ccc([N+](=O)[O-])cc5)cccc43)cc2)cc1,1,O=C(Nc1cccc2c1C=C(c1ccccc1)CN=C2c1ccc(N(c2ccccc2)c2ccccc2)cc1)c1ccccc1,0.2343214,387.1441,0.1171752,0.1172,0.5288556,3.1852,1.0000000,1.0000,[],46
37.6850,40.9685,-38.7449,0.0173719,CN(C)c1ccc(NC(=O)C(=O)NC(c2cc3ccccc3s2)c2ccccc2Cl)cc1,1,O=C(Nc1ccccc1)C(=O)NC(c1ccccc1)c1cc2ccccc2s1,0.0146368,354.2962,0.3859121,0.3859,0.5675063,2.8325,1.0000000,1.0000,[],46
59.4358,69.6632,33.4023,0.8051999,COCCCC(C)(C)c1cccc2c(-c3ccccc4ccc(N(c5ccc(C)cc5)c5ccc(C)cc5)c3-4)c3ccccc3c(-c3ccc(N(c4ccc(C)cc4)c4ccc(C)cc4)cc3)c12,1,c1ccc(N(c2ccccc2)c2ccc(-c3c4ccccc4c(-c4ccccc5ccc(N(c6ccccc6)c6ccccc6)c4-5)c4ccccc34)cc2)cc1,0.8730144,420.9317,0.0847433,0.0847,0.5064194,3.4020,1.0000000,1.0000,[],46
42.6744,45.8839,-45.8839,0.0000000,c1cccc(c1)N=Nc1c2c(cccc2)c2c(c3c(cccc3)c(=[N+]3CCCC3)c2-c2ccccc2)c1,0,,0.0000000,0.0000,0.0000000,0.0000,0.0000000,0.0000,0.0000000,0.0000,None,46
56.5981,82.9585,-82.9585,0.0000000,CC1Cc2ccccc2N1c1ccc(C#CN(c2ccccc2)c2cc3cc(C(=O)N(CC#N)c4ccccc4)[nH]c3c(C=Cc3ccc(N(c4ccccc4)c4ccccc4)cc3)c2C#N)cc1,1,O=C(Nc1ccccc1)c1cc2cc(N(C#Cc3ccc(N4CCc5ccccc54)cc3)c3ccccc3)cc(C=Cc3ccc(N(c4ccccc4)c4ccccc4)cc3)c2[nH]1,0.0000000,0.0000,0.0000000,0.0000,0.0000000,0.0000,0.0000000,0.0000,['C#C'],46
23.3218,23.6945,-22.3497,0.0105055,O=C1N=C(N2CCOCC2)SC1=Cc1ccc(F)cc1,1,O=C1N=C(N2CCOCC2)SC1=Cc1ccccc1,0.0084222,348.2274,0.7436679,0.7437,0.6398615,2.2325,1.0000000,1.0000,[],46
46.7251,63.4601,-53.6552,0.0766009,Cc1ccc(-c2ccc(N(c3ccc(-c4ccc(N(c5ccccc5)c5ccccc5)cc4)cc3)c3ccc(-c4cccc5c(C#N)nn(C6C=CC=C6c6ccccc6)c45)cc3)cc2)cc1,1,C1=CC(n2ncc3cccc(-c4ccc(N(c5ccc(-c6ccccc6)cc5)c5ccc(-c6ccc(N(c7ccccc7)c7ccccc7)cc6)cc5)cc4)c32)C(c2ccccc2)=C1,0.0725470,372.3332,0.1299876,0.1300,0.4585823,3.8981,1.0000000,1.0000,[],46
35.8728,41.1855,-41.0709,0.0008954,[C-]#[N+]c1ccc2ccccc2c1C(=CC#N)c1ccc(C)cc1C,1,C=C(c1ccccc1)c1cccc2ccccc12,0.0006433,320.2176,0.4236464,0.4236,0.5758547,2.7595,1.0000000,1.0000,[],46
39.2307,63.0455,51.5577,0.8953374,Nc1cc(CCc2ccc(N=Nc3ccc(N(c4ccccc4)c4ccccc4)cc3)cc2Cc2ccc(N=Nc3ccc(N(c4ccccc4)c4ccccc4)cc3)cc2)ccn1,1,c1ccc(N(c2ccccc2)c2ccc(N=Nc3ccc(Cc4cc(N=Nc5ccc(N(c6ccccc6)c6ccccc6)cc5)ccc4CCc4ccncc4)cc3)cc2)cc1,0.9693912,437.5163,0.1041090,0.1041,0.5180804,3.2881,1.0000000,1.0000,[],46
29.6564,37.2507,27.3210,0.5044662,N#CC(=Cc1ccc(-c2ccc3cc(N(c4ccccc4)c4ccccc4)ccc3c2)cc1)c1ccncc1,1,C(=Cc1ccc(-c2ccc3cc(N(c4ccccc4)c4ccccc4)ccc3c2)cc1)c1ccncc1,0.5162188,400.7046,0.2142860,0.2143,0.6102509,2.4694,1.0000000,1.0000,[],46
29.8544,37.7208,-32.4723,0.0410035,Cc1ccc(C2=CCN(c3ccc([N+](=O)c4ccc(C)cc4)cc3)CC2)cc1,1,O=[N+](c1ccccc1)c1ccc(N2CC=C(c3ccccc3)CC2)cc1,0.0357717,364.2340,0.5112845,0.5113,0.6094705,2.4758,1.0000000,1.0000,[],46
35.4124,40.4981,-40.4981,0.0000000,c1c2C(C=c3ccccc3=c2sc1-c1ccc(cc1)C#N)=C(C#N)C#N,0,,0.0000000,0.0000,0.0000000,0.0000,0.0000000,0.0000,0.0000000,0.0000,None,46
30.1575,51.2355,47.8049,0.7737532,Cc1ccc(N(c2ccccc2)c2ccc(C=Cc3ccc(N=Cc4ccc(-c5cc6cc(N(c7ccc(C)cc7)c7ccc(C=Cc8ccc(N(c9ccc(C)cc9)c9ccc(C)cc9)cc8)cc7)ccc6o5)cc4)cc3)cc2)cc1,1,C(=Cc1ccc(N(c2ccccc2)c2ccccc2)cc1)c1ccc(N=Cc2ccc(-c3cc4cc(N(c5ccccc5)c5ccc(C=Cc6ccc(N(c7ccccc7)c7ccccc7)cc6)cc5)ccc4o3)cc2)cc1,0.8426247,418.2174,0.0713510,0.0714,0.4812817,3.6565,1.0000000,1.0000,[],46
31.7803,40.3360,46.9469,0.6818973,Cc1ccc(N(c2ccc(C)cc2)c2ccc3c(c2)-c2cc(C(=O)C=Cc4ccc(N)cc4)ccc2C3)cc1,1,O=C(C=Cc1ccccc1)c1ccc2c(c1)-c1cc(N(c3ccccc3)c3ccccc3)ccc1C2,0.7189392,410.1973,0.1394217,0.1394,0.5978282,2.5723,1.0000000,1.0000,[],46
66.7091,89.6825,-44.6797,0.3515841,CCCCCCCCN(c1cc(C#N)c(C#N)c(C=Cc2ccc(Cl)cc2)c1)c1ccc2c(c1)C(c1ccc(C)cc1)=CN(C(=O)c1ccnn1C(F)F)C2,1,O=C(c1ccn[nH]1)N1C=C(c2ccccc2)c2cc(Nc3cccc(C=Cc4ccccc4)c3)ccc2C1,0.3656745,394.0196,0.0831579,0.0832,0.4727304,3.7461,1.0000000,1.0000,[],46
46.2896,59.6486,-34.4802,0.1966281,COc1cc2c3cc(-c4ccc(C#N)cc4)ccc3n(-c3ccccc3)c2cc1C(=O)CCc1ccccc1N(c1ccccc1)c1ccccc1,1,O=C(CCc1ccccc1N(c1ccccc1)c1ccccc1)c1ccc2c3cc(-c4ccccc4)ccc3n(-c3ccccc3)c2c1,0.1945903,384.5776,0.1355989,0.1356,0.5631801,2.8708,1.0000000,1.0000,[],46
41.2148,54.9553,61.7329,0.9116263,CCCCN(CCC)c1cc2c(N)c(Cl)c(Cl)cc2cc1N=Nc1ccc2nccc(O)c2c1,1,c1ccc2cc(N=Nc3ccc4ncccc4c3)ccc2c1,0.9692320,482.5418,0.1893474,0.1893,0.5243677,3.2278,1.0000000,1.0000,[],46
47.4853,55.1871,60.1036,0.9007082,Nc1ccccc1Nc1cc(-c2ccccc2N=S)cc2c(=O)c3ccccc3ncc12,1,O=c1c2ccccc2ncc2c(Nc3ccccc3)cc(-c3ccccc3)cc12,0.9380695,490.4917,0.3339861,0.3340,0.5786937,2.7349,1.0000000,1.0000,[],46
48.1180,66.0925,49.8944,0.9061482,Cc1ccc(N(c2ccc(Cl)cc2)c2ccc(N(c3ccc(C=Cc4cc5ccc(C#N)cc5s4)c(Cl)c3)c3ccc(C)c(Br)c3)cc2)cc1,1,C(=Cc1cc2ccccc2s1)c1ccc(N(c2ccccc2)c2ccc(N(c3ccccc3)c3ccccc3)cc2)cc1,0.9690552,437.3940,0.1541352,0.1541,0.5327863,3.1482,1.0000000,1.0000,[],46
55.2604,77.8829,-76.1618,0.0134463,CCCCCCCCc1cc2c3cc(-c4ccccc4-c4ccc(C#N)cc4N4c5ccccc5C(C)(C)c5ccc(C)cc54)c4cc(-c5ccc(C)cc5)ccc4c3n(-c3ccc(C)cc3)c2cc1C,1,c1ccc(-c2ccc3c(c2)c(-c2ccccc2-c2ccccc2N2c4ccccc4Cc4ccccc42)cc2c4ccccc4n(-c4ccccc4)c32)cc1,0.0116585,351.7934,0.1143841,0.1144,0.4753424,3.7186,1.0000000,1.0000,[],46
45.8103,60.5540,29.7765,0.7057069,Cc1ccc(-c2nn(-c3cccc(-c4ccc(N(c5ccccc5)c5ccccc5)cc4)c3)c3nc4nc(-c5ccccc5)c(C#N)c(N)c4c(N)c23)o1,1,c1ccc(-c2ccc3cc4c(-c5ccco5)nn(-c5cccc(-c6ccc(N(c7ccccc7)c7ccccc7)cc6)c5)c4nc3n2)cc1,0.7433102,411.5440,0.1676379,0.1676,0.5177040,3.2918,1.0000000,1.0000,[],46
28.6659,36.6958,-35.4491,0.0097399,Cc1ccc(-c2nc3cc4c(cc3c(-c3ccc(C)cc3)c2-c2ccccc2)-c2ccccc2C4)cc1,1,c1ccc(-c2nc3cc4c(cc3c(-c3ccccc3)c2-c2ccccc2)-c2ccccc2C4)cc1,0.0080544,347.7386,0.2489785,0.2490,0.6263812,2.3390,1.0000000,1.0000,[],46
57.3595,64.2546,-62.9283,0.0103617,NC(=NO)c1ccnc(N2CCC(C(=O)N(Cc3ccc(F)cc3)C3C=Cc4ccccc4N(c4ccc(Cl)cc4)C3)CC2)c1,1,O=C(C1CCN(c2ccccn2)CC1)N(Cc1ccccc1)C1C=Cc2ccccc2N(c2ccccc2)C1,0.0088744,348.8002,0.1061819,0.1062,0.4965782,3.5001,1.0000000,1.0000,[],46
25.9488,39.9632,-36.9260,0.0237282,Cc1ccc(N(c2ccc(C)cc2)c2ccc(-c3ncc(COc4ccc(Cl)cc4)o3)cc2)cc1,1,c1ccc(OCc2cnc(-c3ccc(N(c4ccccc4)c4ccccc4)cc3)o2)cc1,0.0206051,358.0754,0.2333641,0.2334,0.6271511,2.3328,1.0000000,1.0000,[],46
30.9316,33.9836,-33.9067,0.0006009,c1ccc(-n2c(-c3ccc4ccccc4c3)nc3c(-c4ccc5ccccc5c4)cccc32)cc1,1,c1ccc(-n2c(-c3ccc4ccccc4c3)nc3c(-c4ccc5ccccc5c4)cccc32)cc1,0.0004280,315.7904,0.2654304,0.2654,0.6467510,2.1790,1.0000000,1.0000,[],46
24.6473,28.6407,81.0378,0.8568634,COc1[nH]c2ccccc2c1N=Nc1cccc2ccccc12,1,c1ccc2c(N=Nc3c[nH]c4ccccc34)cccc2c1,0.8790123,421.5313,0.4814642,0.4815,0.6053055,2.5101,1.0000000,1.0000,[],46
28.5332,44.0326,-32.4391,0.0905744,Cc1ccc(-c2ccc(-c3ccc4c(c3)C(c3ccccc3)(c3ccc(N(c5ccc(C)cc5)c5ccccc5C)cc3)c3ccccc3-4)s2)cc1,1,c1ccc(-c2ccc(-c3ccc4c(c3)C(c3ccccc3)(c3ccc(N(c5ccccc5)c5ccccc5)cc3)c3ccccc3-4)s2)cc1,0.0857306,374.3015,0.1613909,0.1614,0.5182155,3.2868,1.0000000,1.0000,[],46
37.8729,45.8017,-42.6171,0.0248794,Cc1ccc(-c2nc3ccccc3c(Nc3ccc(CCn4ncc5ccccc54)cc3)c2C#N)cc1,1,c1ccc(-c2cc(Nc3ccc(CCn4ncc5ccccc54)cc3)c3ccccc3n2)cc1,0.0215712,358.5836,0.2699151,0.2699,0.6110793,2.4626,1.0000000,1.0000,[],46
38.6777,66.5409,-3.2095,0.4947766,Cc1ccc(N(c2ccc(C(=O)Nc3ccc(N(c4ccc(C)cc4)c4ccc(C)cc4)c(NS(=O)(=O)c4ccc(N(c5ccc(C)cc5)c5ccc(C)cc5)c5ccccc45)c3)cc2)c2cccc(C)c2)cc1,1,O=C(Nc1ccc(N(c2ccccc2)c2ccccc2)c(NS(=O)(=O)c2ccc(N(c3ccccc3)c3ccccc3)c3ccccc23)c1)c1ccc(N(c2ccccc2)c2ccccc2)cc1,0.5182156,400.7914,0.1129094,0.1129,0.5036331,3.4295,1.0000000,1.0000,[],46
52.7217,72.9896,-28.1025,0.3506810,COc1ccc(N(c2ccc(C=Cc3ccc4c(c3)C(N(C(=O)Nc3cccc5ccccc35)c3ccc([N+](=O)[O-])cc3)C(=O)N4)cc2)c2cccc(C)c2)cc1,1,O=C1Nc2ccc(C=Cc3ccc(N(c4ccccc4)c4ccccc4)cc3)cc2C1N(C(=O)Nc1cccc2ccccc12)c1ccccc1,0.3648078,393.9790,0.0816116,0.0816,0.4785642,3.6848,1.0000000,1.0000,[],46
36.2797,47.3030,-35.1026,0.0953159,CCC(=Cc1ccc(C)cc1)c1cc2oc(-c3ccc(C)cc3)cc2cc1N(c1ccc(C)cc1)c1ccc(C)cc1,1,C(=Cc1cc2oc(-c3ccccc3)cc2cc1N(c1ccccc1)c1ccccc1)c1ccccc1,0.0898751,374.8635,0.1848180,0.1848,0.5757900,2.7601,1.0000000,1.0000,[],46
46.7928,51.1460,-34.2259,0.1321882,C1=CC=C(c2c3ccccc3c(-c3c(-c4ccccc4)c4ccccc4c4oc5cccc(-c6cccc(N(c7ccccc7)c7ccccc7)c6)c5c34)c3ccccc23)CC=C1,1,C1=CC=C(c2c3ccccc3c(-c3c(-c4ccccc4)c4ccccc4c4oc5cccc(-c6cccc(N(c7ccccc7)c7ccccc7)c6)c5c34)c3ccccc23)CC=C1,0.1280156,379.1689,0.1492605,0.1493,0.5055164,3.4109,1.0000000,1.0000,[],46
27.3990,34.4273,-34.1791,0.0019391,Cc1ccc(N(c2ccc(C)cc2)c2ccc(C)c(-c3ccc(N(c4ccc(C)cc4)c4ccc(C)cc4C)cc3)c2)cc1,1,c1ccc(N(c2ccccc2)c2ccc(-c3cccc(N(c4ccccc4)c4ccccc4)c3)cc2)cc1,0.0014860,329.3169,0.1876781,0.1877,0.6288245,2.3195,1.0000000,1.0000,[],46
24.5811,37.8369,21.3179,0.4621467,Cc1ccc(N(c2ccc(C)cc2)c2ccc(-c3cnc4ccc5ccc(N(c6ccc(C)cc6)c6ccc(C)cc6)cc5c4c3)cc2)cc1,1,c1ccc(N(c2ccccc2)c2ccc(-c3cnc4ccc5ccc(N(c6ccccc6)c6ccccc6)cc5c4c3)cc2)cc1,0.4751402,398.9195,0.1608104,0.1608,0.6032320,2.5273,1.0000000,1.0000,[],46
62.3290,98.4523,11.7396,0.8608743,CCN(c1ccc(C)cc1)c1c(C)cc(C=Cc2ccc(N(c3ccccc3)c3ccccc3)cc2)c(C)c1C=Nc1ccc2c(-c3ccc(C)cc3)c(NC(=O)C(C#N)=Cc3ccc(C=Cc4ccc(N(c5ccccc5)c5ccccc5)cc4)cc3)cc(C)c2c1,1,O=C(C=Cc1ccc(C=Cc2ccc(N(c3ccccc3)c3ccccc3)cc2)cc1)Nc1ccc2cc(N=Cc3cc(C=Cc4ccc(N(c5ccccc5)c5ccccc5)cc4)ccc3Nc3ccccc3)ccc2c1-c1ccccc1,0.9655231,436.1809,0.0377888,0.0378,0.4024545,4.5509,1.0000000,1.0000,[],46
40.8457,55.7924,-55.7924,0.0000000,c1cc2ccc(-c3ccc5cc(c(cc3c(c2)=O)N(C)C)C=Cc2ccc(N(c3ccccc3)c3ccccc3)cc2)cc1,0,,0.0000000,0.0000,0.0000000,0.0000,0.0000000,0.0000,0.0000000,0.0000,None,46
51.0705,63.4350,-63.4350,0.0000000,N#CC(C#N)(c1ccc2c(c1)C(c1ccc(N(c3ccccc3)c3ccccc3)cc1)C=Cc1ccc(N(c3ccccc3)c3ccccc3)cc1C2=O)C1CCC(=O)CC1=O,1,O=C1CCC(Cc2ccc3c(c2)C(c2ccc(N(c4ccccc4)c4ccccc4)cc2)C=Cc2ccc(N(c4ccccc4)c4ccccc4)cc2C3=O)C(=O)C1,0.0000000,0.0000,0.0000000,0.0000,0.0000000,0.0000,0.0000000,0.0000,['[*;r{8-17}]'],46
32.6886,39.4297,78.5406,0.9216424,Cc1ccc(-n2c(C)nc3c(c2=O)C(=O)c2c(C#N)cccc2C3=O)cc1,1,O=C1c2ccccc2C(=O)c2c1ncn(-c1ccccc1)c2=O,0.9468177,431.2625,0.5229169,0.5229,0.5995433,2.5579,1.0000000,1.0000,[],46
33.2236,62.9083,-62.9083,0.0000000,Cc1ccc(C=Cc2ccc(-c3cc4cc(C=C(C#N)c5ccc(N(c6ccccc6)c6ccccc6)cc5)c5nc4cc3C=CC(N(c3ccc(C)cc3)c3ccc(C)cc3)=C5)cc2)cc1,1,C1=Cc2cc3nc(c(C=Cc4ccc(N(c5ccccc5)c5ccccc5)cc4)cc3cc2-c2ccc(C=Cc3ccccc3)cc2)C=C1N(c1ccccc1)c1ccccc1,0.0000000,0.0000,0.0000000,0.0000,0.0000000,0.0000,0.0000000,0.0000,['[*;r{8-17}]'],46
35.3334,57.6811,50.7243,0.8469170,Cc1ccc(N(CCCCCCNc2ccc([N+](=O)[O-])c3ccc(N(c4ccccc4)c4ccccc4)cc23)c2ccc(C=Cc3ccc(N(c4ccc(C)cc4)c4ccc(C)cc4)cc3)cc2)cc1,1,C(=Cc1ccc(N(c2ccccc2)c2ccccc2)cc1)c1ccc(N(CCCCCCNc2cccc3ccc(N(c4ccccc4)c4ccccc4)cc23)c2ccccc2)cc1,0.9447030,430.8148,0.0377286,0.0377,0.5017747,3.4480,1.0000000,1.0000,[],46
23.4674,35.0276,82.3520,0.9170283,Cc1ccc(C(=Cc2ccc([N+](=O)[O-])cc2)c2ccc(N(c3ccc(C)cc3)c3ccc(C)cc3)cc2)cc1,1,C(=C(c1ccccc1)c1ccc(N(c2ccccc2)c2ccccc2)cc1)c1ccccc1,0.9844549,445.0400,0.1243705,0.1244,0.6313334,2.2996,1.0000000,1.0000,[],46
41.7846,43.3808,-39.5761,0.0297242,O=C(c1ccc(Br)cc1)c1cnc(Sc2ncnc3c2cnn3Cc2ccccc2)s1,1,O=C(c1ccccc1)c1cnc(Sc2ncnc3c2cnn3Cc2ccccc2)s1,0.0261855,360.7396,0.2236229,0.2236,0.5934294,2.6092,1.0000000,1.0000,[],46
44.9987,58.7699,46.8440,0.8251080,CCCCCCCCCCCCCCCCCCCCN(CCCCCCCCCCCCCCCCCC)c1ccc(C=Cc2c(C=Cc3cccc(O)c3)n(C(C)c3ccccc3)c3ccccc23)cc1,1,C(=Cc1c(C=Cc2ccccc2)n(Cc2ccccc2)c2ccccc12)c1ccccc1,0.9202678,426.5570,0.0394345,0.0394,0.4423846,4.0779,1.0000000,1.0000,[],46
44.6243,50.8978,17.2558,0.5324497,CNc1ccc(Nc2ccc3c(C4=CS(=O)(=O)c5ncccc54)c[nH]c3c2)cc1,1,O=S1(=O)C=C(c2c[nH]c3cc(Nc4ccccc4)ccc23)c2cccnc21,0.5342245,401.4887,0.4670195,0.4670,0.5534135,2.9582,1.0000000,1.0000,[],46
33.1578,45.0191,71.6533,0.9115029,O=C1c2cc(OCc3ccccc3)ccc2C(=O)c2c1cc(Nc1ccc(N(c3ccccc3)c3ccccc3)cc1)cc2N(c1ccccc1)c1ccccc1,1,O=C1c2cc(OCc3ccccc3)ccc2C(=O)c2c1cc(Nc1ccc(N(c3ccccc3)c3ccccc3)cc1)cc2N(c1ccccc1)c1ccccc1,0.9765342,479.5187,0.1425008,0.1425,0.5584999,2.9125,1.0000000,1.0000,[],46
41.0886,63.8246,-6.8634,0.4450094,COc1ccc(C=Cc2ccc(-c3sc4cc(N(c5ccc(C)cc5)c5ccc(F)cc5)c(-c5ccccn5)nc4c3-c3ccc(C)cc3)cc2)cc1,1,C(=Cc1ccc(-c2sc3cc(N(c4ccccc4)c4ccccc4)c(-c4ccccn4)nc3c2-c2ccccc2)cc1)c1ccccc1,0.4597003,398.2460,0.1398806,0.1399,0.5398468,3.0823,1.0000000,1.0000,[],46
61.3667,79.4757,30.1154,0.8561803,C=CCN(c1ccc(C(F)(F)F)cc1)c1cc(=O)c2c(N)c(C(=O)NC(C)c3ccc4ccc(N=Nc5ccc(C)cc5)cc4c3)sc2o1,1,O=C(NCc1ccc2ccc(N=Nc3ccccc3)cc2c1)c1cc2c(=O)cc(Nc3ccccc3)oc2s1,0.9241295,427.1415,0.1164842,0.1165,0.4534731,3.9541,1.0000000,1.0000,[],46
20.9027,18.6351,-16.3493,0.0178577,Cc1ccsc1C=CC=O,1,c1ccsc1,0.0149785,354.5506,0.4690313,0.4690,0.5619307,2.8819,1.0000000,1.0000,[],46
38.4880,47.3102,-37.9209,0.0733537,CCCCCCCCC1(c2ccccc2)c2cc(Br)ccc2-c2ccc(N(c3ccc(C)cc3)c3cccc(N(c4ccc(C)cc4)c4ccc(C)cc4)c3)cc21,1,c1ccc(C2c3ccccc3-c3ccc(N(c4ccccc4)c4cccc(N(c5ccccc5)c5ccccc5)c4)cc32)cc1,0.0697552,371.8745,0.1009965,0.1010,0.4951881,3.5141,1.0000000,1.0000,[],46
39.3792,49.7639,-24.0848,0.2006183,Cc1ccc(C=Cc2c(C)ccc3sc(C(c4ccc(C)cc4)c4c5ccccc5cc5ccccc45)cc23)cc1,1,C(=Cc1cccc2sc(C(c3ccccc3)c3c4ccccc4cc4ccccc34)cc12)c1ccccc1,0.1984103,384.8403,0.1492827,0.1493,0.5287014,3.1867,1.0000000,1.0000,[],46
56.8708,73.3511,39.6566,0.8828725,COc1ccc(-c2cc3cc(OC)ccc3c3c(C4C(=Nc5ccccc5)C(=Cc5c6ccccc6cc6ccccc56)N=C4c4ccccc4)cccc23)cc1,1,C(=C1N=C(c2ccccc2)C(c2cccc3c(-c4ccccc4)cc4ccccc4c23)C1=Nc1ccccc1)c1c2ccccc2cc2ccccc12,0.9524403,432.5400,0.1208482,0.1208,0.4750563,3.7216,1.0000000,1.0000,[],46
45.6312,53.4754,-53.4754,0.0000000,c12c3c(-c4[nH]c5c(ccc(c5)-c5ccc(N(c6ccccc6)c6ccccc6)cc5)c4CCc3c3c2cccc3)cc(Nc2ccc(C)cc2)c1,0,,0.0000000,0.0000,0.0000000,0.0000,0.0000000,0.0000,0.0000000,0.0000,None,46
23.3110,27.8552,39.6447,0.5273422,COc1ccccc1N1C(=O)C(Nc2cccc3ccccc23)=C(c2ccccc2)C1=O,1,O=C1C(Nc2cccc3ccccc23)=C(c2ccccc2)C(=O)N1c1ccccc1,0.5277720,401.2074,0.4484732,0.4485,0.6468766,2.1780,1.0000000,1.0000,[],46
36.6884,58.6485,58.6379,0.9163003,COc1cc2sc(-c3ccc4cc(N(c5ccccc5)c5ccccc5)ccc4c3)c(C#N)c2cc1N=Nc1ccccc1C(C)(C)C,1,c1ccc(N=Nc2ccc3sc(-c4ccc5cc(N(c6ccccc6)c6ccccc6)ccc5c4)cc3c2)cc1,0.9787689,441.5927,0.1625473,0.1625,0.5347041,3.1302,1.0000000,1.0000,[],46
32.1314,56.8202,55.8134,0.8799506,COc1ccc(N(c2ccc(C)cc2)c2ccc(C=Cc3ccc(SCc4ccccc4)cc3)c3cc4cc(N(c5ccccc5)c5ccccc5)ccc4cc23)cc1,1,C(=Cc1ccc(N(c2ccccc2)c2ccccc2)c2cc3ccc(N(c4ccccc4)c4ccccc4)cc3cc12)c1ccc(SCc2ccccc2)cc1,0.9633711,484.5008,0.0696649,0.0697,0.5348080,3.1292,1.0000000,1.0000,[],46
44.3966,70.6786,-70.6786,0.0000000,c1c(cccc1-c1c2c(c3c(c4c(cccc4)oc3=O)oc2n(c1=O)-c1ccc(cc1)C)N)C(=C(C#N)C#N)c1ccc(cc1)N(c1ccccc1)c1ccccc1,0,,0.0000000,0.0000,0.0000000,0.0000,0.0000000,0.0000,0.0000000,0.0000,None,46
44.8697,52.6320,64.1541,0.9123913,Cc1ccc(N(c2ccccn2)c2nccc(=O)c3cc(Cl)c4ccccc4c23)cc1,1,O=c1ccnc(N(c2ccccc2)c2ccccn2)c2c1ccc1ccccc12,0.9509391,432.1854,0.3287484,0.3287,0.5908926,2.6306,1.0000000,1.0000,[],46
43.0789,57.8705,28.2736,0.6730008,COc1ccc(N(c2ccc3ccccc3c2)c2cc(C=Cc3ccc(N(c4ccccc4)c4ccccc4)cc3)nc3cccc(C(=O)c4ccc(N(c5ccccc5)c5ccccc5)cc4)c23)cc1,1,O=C(c1ccc(N(c2ccccc2)c2ccccc2)cc1)c1cccc2nc(C=Cc3ccc(N(c4ccccc4)c4ccccc4)cc3)cc(N(c3ccccc3)c3ccc4ccccc4c3)c12,0.7189381,410.1972,0.1013225,0.1013,0.5004671,3.4611,1.0000000,1.0000,[],46
34.9435,52.0002,-52.0002,0.0000000,Cc1ccc(Nc2cc(N=Nc3ccc(N(c4ccccc4)c4ccccc4)cc3)c3ccccc3c2-c2ccc(C=NN(c3ccccc3)c3ccccc3)cc2)cc1,1,C(=NN(c1ccccc1)c1ccccc1)c1ccc(-c2c(Nc3ccccc3)cc(N=Nc3ccc(N(c4ccccc4)c4ccccc4)cc3)c3ccccc23)cc1,0.0000000,0.0000,0.0000000,0.0000,0.0000000,0.0000,0.0000000,0.0000,['[#7;!n][#7;!n]'],47
30.4794,44.2895,56.3071,0.7859114,N#CCCN(CCC#N)c1ccc(C=Cc2cc3ccc(N(c4ccccc4)c4ccccc4)cc3s2)c(O)c1,1,C(=Cc1cc2ccc(N(c3ccccc3)c3ccccc3)cc2s1)c1ccccc1,0.8280326,417.0650,0.1914304,0.1914,0.5475314,3.0117,1.0000000,1.0000,[],47
39.7400,54.1639,48.8791,0.8050233,C=CCN1C(=O)C2C(=Cc3ccc4ccccc4c3)c3ccc(N(c4ccccc4)c4ccccc4)cc3C1=C2c1ccc(N(C)C)cc1,1,O=C1NC2=C(c3ccccc3)C1C(=Cc1ccc3ccccc3c1)c1ccc(N(c3ccccc3)c3ccccc3)cc12,0.8593204,419.6481,0.1557736,0.1558,0.4259058,4.2677,1.0000000,1.0000,[],47
40.5373,50.9781,62.7693,0.8886518,COc1ccc(N(c2ccc(C=C3C(=O)NC(=O)N(c4cccc(Cl)c4)C3=O)cc2)c2ccc(OCCc3ccccc3)cc2)cc1,1,O=C1NC(=O)N(c2ccccc2)C(=O)C1=Cc1ccc(N(c2ccccc2)c2ccc(OCCc3ccccc3)cc2)cc1,0.9543430,486.9951,0.1221979,0.1222,0.5888761,2.6477,1.0000000,1.0000,[],47
62.0680,67.0391,-67.0391,0.0000000,CCCCC#Cn1c(=N)c2cc3c(Br)c4ccccc4c(N)c3c(O)c2c2ccc(C)cc21,1,N=c1[nH]c2ccccc2c2cc3cc4ccccc4cc3cc12,0.0000000,0.0000,0.0000000,0.0000,0.0000000,0.0000,0.0000000,0.0000,['C#C'],47
28.3864,30.9511,-14.5530,0.1281107,CCOc1ccc(N2C(=O)c3oc4ccc(Cl)cc4c(=O)c3C2c2ccc(O)cc2)cc1,1,O=C1c2oc3ccccc3c(=O)c2C(c2ccccc2)N1c1ccccc1,0.1192074,378.2857,0.4588318,0.4588,0.5786186,2.7356,1.0000000,1.0000,[],47
36.9920,44.3810,-43.2458,0.0088683,Cc1ccc(Nc2ccc3c(c2)OCCN3c2ccc(N(c3ccc(F)cc3)c3ccc(N(c4ccccc4)c4ccccc4)cc3)cc2)cc1,1,c1ccc(Nc2ccc3c(c2)OCCN3c2ccc(N(c3ccccc3)c3ccc(N(c4ccccc4)c4ccccc4)cc3)cc2)cc1,0.0074068,346.8214,0.1654351,0.1654,0.5711883,2.8002,1.0000000,1.0000,[],47
36.8651,50.7070,-50.7070,0.0000000,c12c(c3c(cc(N=Cc4ccc(cc4)N(c4ccccc4)c4ccccc4)cc3)sc2cc(c2c1cc1c(c2)cccc1)N(c1ccc(cc1)C)c1ccc(C)cc1)-c1ccc(cc1)C,0,,0.0000000,0.0000,0.0000000,0.0000,0.0000000,0.0000,0.0000000,0.0000,None,47
40.4482,50.2041,-43.6646,0.0510904,Cc1cc(N=Cc2cc(Br)ccc2N(CCC#N)CCC#N)cc2c1C(C#N)C(=O)N2,1,O=C1Cc2ccc(N=Cc3ccccc3)cc2N1,0.0451677,366.8725,0.5830097,0.5830,0.4614406,3.8670,1.0000000,1.0000,[],47
25.8234,35.7737,-4.1166,0.2473215,O=C(Nc1ccc2cc(C=Cc3ccc(N(c4ccccc4)c4ccccc4)cc3)ccc2c1)c1cccs1,1,O=C(Nc1ccc2cc(C=Cc3ccc(N(c4ccccc4)c4ccccc4)cc3)ccc2c1)c1cccs1,0.2437524,387.7071,0.2116481,0.2116,0.6231573,2.3648,1.0000000,1.0000,[],47
39.3635,60.4520,-47.1062,0.1042638,C(=Cc1ccc(N(c2ccccc2)c2ccccc2)cc1CC(c1ccc(N(c2ccccc2)c2ccccc2)cc1)c1cc2ccc3ccccc3c2cc1N(c1ccccc1)c1ccccc1)c1ccccc1,1,C(=Cc1ccc(N(c2ccccc2)c2ccccc2)cc1CC(c1ccc(N(c2ccccc2)c2ccccc2)cc1)c1cc2ccc3ccccc3c2cc1N(c1ccccc1)c1ccccc1)c1ccccc1,0.1021267,376.3981,0.0748751,0.0749,0.4582059,3.9022,1.0000000,1.0000,[],47
28.3617,43.1026,-22.4944,0.1610023,Cc1ccc(C=Cc2ccc(C=Cc3ccc4c(ccc5ccccc54)c3-c3ccc(N(c4ccccc4)c4ccccc4)cc3)cc2)cc1,1,C(=Cc1ccc(C=Cc2ccc3c(ccc4ccccc43)c2-c2ccc(N(c3ccccc3)c3ccccc3)cc2)cc1)c1ccccc1,0.1582031,381.8502,0.1181016,0.1181,0.5895393,2.6421,1.0000000,1.0000,[],47
36.3693,50.7184,-33.0193,0.1382744,CC=C(C=Cc1ccc(-c2ccc(C#N)cc2)c2cc(-c3ccc(N(c4ccccc4)c4ccccc4)cc3)ccc12)c1ccc(N(c2ccccc2)c2ccccc2)cc1,1,C=C(C=Cc1ccc(-c2ccccc2)c2cc(-c3ccc(N(c4ccccc4)c4ccccc4)cc3)ccc12)c1ccc(N(c2ccccc2)c2ccccc2)cc1,0.1349226,379.8257,0.1224663,0.1225,0.5321481,3.1542,1.0000000,1.0000,[],47
37.5702,65.4245,-65.4245,0.0000000,c1(ccc(cc1)C=C1C(=O)N(N=C1c1ccc(cc1)N(c1ccccc1)c1ccccc1)C#N)-c1ccc(N=c2ccc(cc2)N(c2ccccc2)c2ccccc2)cc1,0,,0.0000000,0.0000,0.0000000,0.0000,0.0000000,0.0000,0.0000000,0.0000,None,47
27.5276,25.6879,-25.4463,0.0018877,O=C(COc1ccc(F)cc1Cl)Nc1ccc(N2CCCCC2)cc1,1,O=C(COc1ccccc1)Nc1ccc(N2CCCCC2)cc1,0.0013742,328.4661,0.8517929,0.8518,0.6978576,1.7987,1.0000000,1.0000,[],47
27.0084,37.6859,-37.4834,0.0015821,Cc1ccc(-c2ccc3c(c2)c(-c2ccc(C)cc2)c(-c2ccc(C)cc2)c2ccc(F)cc23)cc1,1,c1ccc(-c2ccc3c(c2)c(-c2ccccc2)c(-c2ccccc2)c2ccccc23)cc1,0.0011906,326.9074,0.2276130,0.2276,0.6711595,1.9937,1.0000000,1.0000,[],47
27.3473,36.3463,29.6566,0.5156483,Cc1ccc(C=Cc2ccc(N(c3ccc(C)cc3)c3ccc(C=Cc4ccc(N(c5ccc(C)cc5)c5ccc(C=Cc6ccc(N(c7ccccc7)c7ccccc7)cc6)cc5)cc4)cc3)cc2)cc1,1,C(=Cc1ccc(N(c2ccccc2)c2ccc(C=Cc3ccc(N(c4ccccc4)c4ccc(C=Cc5ccc(N(c6ccccc6)c6ccccc6)cc5)cc4)cc3)cc2)cc1)c1ccccc1,0.5426989,401.8589,0.0948765,0.0949,0.5759592,2.7586,1.0000000,1.0000,[],47
30.5298,44.6900,8.5004,0.4155504,Cc1ccc(N(c2ccc(C)cc2)c2ccc(-c3cccc4ccccc34)c(N=Cc3ccc(C)s3)c2)cc1,1,C(=Nc1cc(N(c2ccccc2)c2ccccc2)ccc1-c1cccc2ccccc12)c1cccs1,0.4222388,396.5952,0.1986325,0.1986,0.5889763,2.6468,1.0000000,1.0000,[],47
24.6293,38.6005,79.0412,0.9190754,Cc1ccc(C=Cc2ccc(C(C#N)=CC=Cc3ccc(N(c4ccccc4)c4ccccc4)cc3)s2)cc1,1,C(C=Cc1ccc(C=Cc2ccccc2)s1)=Cc1ccc(N(c2ccccc2)c2ccccc2)cc1,0.9828296,476.0575,0.1502608,0.1503,0.5748734,2.7680,1.0000000,1.0000,[],47
52.6967,74.8883,36.5872,0.8709028,CCNc1cc2c(cc1-c1ccc(-c3ccc(N(C)c4ccc(N(c5ccccc5)c5ccccc5)cc4)cc3)o1)c1cc(-c3ccc(C=C(C#N)C#N)s3)ccc1n2CCN(C)C,1,c1ccc(N(c2ccccc2)c2ccc(Nc3ccc(-c4ccc(-c5ccc6[nH]c7ccc(-c8cccs8)cc7c6c5)o4)cc3)cc2)cc1,0.9419448,489.7454,0.1090165,0.1090,0.4742841,3.7297,1.0000000,1.0000,[],47
36.2555,41.6018,-8.7107,0.2569612,OCC1(CNCc2c3ccccc3c(-c3nc4ccccc4s3)c3ccccc23)CCCC1,1,c1ccc2sc(-c3c4ccccc4c(CNCC4CCCC4)c4ccccc34)nc2c1,0.2518940,388.1814,0.2751221,0.2751,0.5973703,2.5761,1.0000000,1.0000,[],47
55.5544,69.6007,-69.6007,0.0000000,C(Cn1c(n(c(c2sc(C(=O)Nc3sc(c(-c4ccc(cc4)CC)c3C)-c3ccccc3)cc21)=O)=NC#N)=N)#N,0,,0.0000000,0.0000,0.0000000,0.0000,0.0000000,0.0000,0.0000000,0.0000,None,47
49.7079,67.5437,48.7030,0.9081773,COc1cccc(C=Nc2c(-c3nccs3)ccc3c(-c4ccc(N(c5ccccc5)c5ccccc5)cc4O)c4ccc(OC)cc4nc23)c1,1,C(=Nc1c(-c2nccs2)ccc2c(-c3ccc(N(c4ccccc4)c4ccccc4)cc3)c3ccccc3nc12)c1ccccc1,0.9790707,441.7515,0.1203887,0.1204,0.5296477,3.1777,1.0000000,1.0000,[],47
31.0394,40.9109,-40.4847,0.0033292,COc1ccc(C2(c3ccc(N(c4ccccc4)c4ccccc4)cc3)c3ccccc3-c3cc(-c4cccs4)ccc32)cc1,1,c1ccc(N(c2ccccc2)c2ccc(C3(c4ccccc4)c4ccccc4-c4cc(-c5cccs5)ccc43)cc2)cc1,0.0026362,335.5529,0.1811818,0.1812,0.5412434,3.0694,1.0000000,1.0000,[],47
40.5450,53.1114,-34.5511,0.1450023,C(=Cc1ccc(-n2c3ccc4ccccc4c3c3c4ccc(-c5ccc(N(c6ccccc6)c6ccccc6)cc5)cc4c(N4c5ccccc5Sc5ccccc54)cc32)cc1)c1ccccc1,1,C(=Cc1ccc(-n2c3ccc4ccccc4c3c3c4ccc(-c5ccc(N(c6ccccc6)c6ccccc6)cc5)cc4c(N4c5ccccc5Sc5ccccc54)cc32)cc1)c1ccccc1,0.1413687,380.4137,0.1409908,0.1410,0.5048729,3.4172,1.0000000,1.0000,[],47
35.7381,45.8629,22.1307,0.5311997,Cc1ccc(C=Cc2ccc(N(c3ccc(C)cc3)c3ccc4c(c3)c(-c3ccc(C)cc3)cc3ccc(N(c5ccccc5)c5ccccc5)cc34)cc2)cc1,1,C(=Cc1ccc(N(c2ccccc2)c2ccc3c(c2)c(-c2ccccc2)cc2ccc(N(c4ccccc4)c4ccccc4)cc23)cc1)c1ccccc1,0.5577090,402.5175,0.1076830,0.1077,0.5758491,2.7595,1.0000000,1.0000,[],47
36.1673,55.6104,34.8832,0.7069810,CCCCCCCCCCCCN1c2ccc(-c3ccc(CCCCCCCC)s3)cc2Oc2ccc(C=Cc3ccc(N(c4ccc(C)cc4)c4ccc(C)cc4)cc3)cc21,1,C(=Cc1ccc2c(c1)Nc1ccc(-c3cccs3)cc1O2)c1ccc(N(c2ccccc2)c2ccccc2)cc1,0.7767279,413.5359,0.0445922,0.0446,0.5113586,3.3534,1.0000000,1.0000,[],47
40.0450,56.5409,-27.8059,0.2244925,CCCCCCCCCCCCCCCCCCCC(c1ccc(N(c2ccccc2)c2ccccc2)cc1)c1cc2ccc(C#N)cc2nc1-c1ccc(N(c2ccccc2)c2ccccc2)cc1,1,c1ccc(N(c2ccccc2)c2ccc(Cc3cc4ccccc4nc3-c3ccc(N(c4ccccc4)c4ccccc4)cc3)cc2)cc1,0.2320376,387.0055,0.0482141,0.0482,0.4691420,3.7842,1.0000000,1.0000,[],47
27.0029,43.9653,72.8298,0.9124611,CC(=O)c1ccc(N=Nc2c(-c3ccccc3)[nH]c3ccc(N=Nc4ccc(N(c5ccccc5)c5ccccc5)cc4)cc23)cc1,1,c1ccc(N=Nc2c(-c3ccccc3)[nH]c3ccc(N=Nc4ccc(N(c5ccccc5)c5ccccc5)cc4)cc23)cc1,0.9807427,442.6740,0.1301822,0.1302,0.5495718,2.9931,1.0000000,1.0000,[],47
20.9625,31.2706,32.7992,0.5005452,C(=Cc1ccc(N(c2ccc(C=Cc3ccc(N(c4ccccc4)c4ccccc4)cc3)cc2)c2ccc(C=Cc3ccc(N(c4ccccc4)c4ccccc4)cc3)cc2)cc1)c1ccc(N(c2ccccc2)c2ccccc2)cc1,1,C(=Cc1ccc(N(c2ccc(C=Cc3ccc(N(c4ccccc4)c4ccccc4)cc3)cc2)c2ccc(C=Cc3ccc(N(c4ccccc4)c4ccccc4)cc3)cc2)cc1)c1ccc(N(c2ccccc2)c2ccccc2)cc1,0.5291644,401.2680,0.0794103,0.0794,0.5646726,2.8575,1.0000000,1.0000,[],47
42.2837,50.6529,38.5159,0.6966311,Oc1ccc2ccc(N=Cc3ccc(C=Cc4ccc(N5c6ccccc6C6CCCCC65)cc4)cc3)cc2c1,1,C(=Cc1ccc(N2c3ccccc3C3CCCCC32)cc1)c1ccc(C=Nc2ccc3ccccc3c2)cc1,0.7313933,410.8759,0.1849237,0.1849,0.5040598,3.4253,1.0000000,1.0000,[],47
36.7473,57.5487,59.0434,0.9108754,Cc1ccc(Nc2ccc3ccc(=Nc4ccc(C(=O)Nc5cccc(Nc6ccc(N=Nc7ccc(N(C)C)cc7)cc6)c5)cc4)ccc3c2)cc1,1,O=C(Nc1cccc(Nc2ccc(N=Nc3ccccc3)cc2)c1)c1ccc(N=c2ccc3ccc(Nc4ccccc4)cc3cc2)cc1,0.9805647,442.5721,0.1243166,0.1243,0.5445446,3.0390,1.0000000,1.0000,[],47
37.7279,40.4669,-29.3239,0.0870547,OC(CNc1ccc2cc(C=Cc3ccncc3)ccc2c1)c1ccco1,1,C(=Cc1ccc2cc(NCCc3ccco3)ccc2c1)c1ccncc1,0.0791913,373.3627,0.5019012,0.5019,0.5642905,2.8609,1.0000000,1.0000,[],47
30.4112,31.7588,-31.6172,0.0011062,O=C(Nc1cc(Cl)ccc1Br)c1ccc(-c2ccc(Cl)cc2Cl)o1,1,O=C(Nc1ccccc1)c1ccc(-c2ccccc2)o1,0.0007984,322.5637,0.4753513,0.4754,0.6618487,2.0636,1.0000000,1.0000,[],47
38.7277,54.9613,57.9104,0.8818103,Cc1ccc(-c2c3ccccc3c(-c3ccc(-c4ccc(C=Cc5ccc([N+](C)(C)C)s5)s4)s3)c3cc(N(c4ccccc4)c4ccccc4)ccc23)cc1,1,C(=Cc1ccc(-c2ccc(-c3c4ccccc4c(-c4ccccc4)c4ccc(N(c5ccccc5)c5ccccc5)cc34)s2)s1)c1cccs1,0.9544790,433.0389,0.1044762,0.1045,0.5027237,3.4386,1.0000000,1.0000,[],47
50.2316,49.2602,-42.5006,0.0528092,CCCCCCOCC1C=C(NC(=O)c2ccc(CN3CCCC3)cc2)NC(c2ccccc2)=C1,1,O=C(NC1=CCC=C(c2ccccc2)N1)c1ccc(CN2CCCC2)cc1,0.0472375,367.3826,0.3877696,0.3878,0.5296187,3.1780,1.0000000,1.0000,[],47
32.1536,46.8869,-44.1614,0.0212931,[C-]#[N+]C1=C(C#N)c2c(cc(-c3ccc(C)cc3)c3ccccc23)C1=Cc1ccc(N(c2ccc(C)cc2)c2ccc(C)cc2)cc1,1,C1=Cc2c(cc(-c3ccccc3)c3ccccc23)C1=Cc1ccc(N(c2ccccc2)c2ccccc2)cc1,0.0185673,563.0778,0.1873415,0.1873,0.5462956,3.0230,1.0000000,1.0000,[],47
25.9499,43.9135,32.5646,0.5974852,COc1ccc(N)cc1N(c1ccc(C=Cc2ccc(N(c3ccccc3)c3ccccc3)cc2)cc1)c1ccc(N(c2ccc(C)cc2)c2ccc(C)cc2)cc1,1,C(=Cc1ccc(N(c2ccccc2)c2ccc(N(c3ccccc3)c3ccccc3)cc2)cc1)c1ccc(N(c2ccccc2)c2ccccc2)cc1,0.6329834,405.9177,0.0993869,0.0994,0.5678436,2.8295,1.0000000,1.0000,[],47
27.0888,38.7155,66.9575,0.8255699,Cc1ccc(N(c2ccc(C)cc2)c2ccc(C=Cc3ccc(C=Cc4ccc(N(c5ccc(C)cc5)c5ccc(C=Cc6ccc(N(c7ccc(C)cc7)c7ccc8ccccc8c7)cc6)cc5)cc4)cc3)cc2)cc1,1,C(=Cc1ccc(N(c2ccccc2)c2ccccc2)cc1)c1ccc(C=Cc2ccc(N(c3ccccc3)c3ccc(C=Cc4ccc(N(c5ccccc5)c5ccc6ccccc6c5)cc4)cc3)cc2)cc1,0.8918767,422.9096,0.0947945,0.0948,0.5408031,3.0735,1.0000000,1.0000,[],47
34.2094,38.7192,79.5719,0.9241496,CN(c1ccccc1)c1ccc(N)c(C=C2CC(=O)NC2=O)c1,1,O=C1CC(=Cc2cccc(Nc3ccccc3)c2)C(=O)N1,0.9499821,431.9648,0.5187448,0.5187,0.5932005,2.6111,1.0000000,1.0000,[],47
63.7513,82.8468,-82.8468,0.0000000,Cc1ccc(-n2c(=O)c3c(=N)n4c(N)c(c3c3ccccc32)C=CC=C4C2C(c3cccs3)=c3ccc(=C(C#N)C#N)cc3-c3ccccc32)cc1,1,C=c1ccc2c(c1)-c1ccccc1C(C1=CC=Cc3cn1c(=N)c1c(=O)n(-c4ccccc4)c4ccccc4c31)C=2c1cccs1,0.0000000,0.0000,0.1921943,0.1922,0.3676731,5.0028,1.0000000,1.0000,[],47
22.9174,27.7450,-13.9946,0.1074252,O=c1cc(-c2ccc([N+](=O)[O-])cc2)c2cc3c(cc2o1)OCO3,1,O=c1cc(-c2ccccc2)c2cc3c(cc2o1)OCO3,0.0991815,376.0448,0.4100465,0.4100,0.6391628,2.2380,1.0000000,1.0000,[],47
25.3584,24.6269,-23.4839,0.0089301,CNCc1csc(-c2cc3ccccc3o2)n1,1,c1ccc2oc(-c3nccs3)cc2c1,0.0070917,346.3460,0.7680312,0.7680,0.6368253,2.2563,1.0000000,1.0000,[],47
31.6428,30.5597,-30.4691,0.0007080,Cc1cc2ccc(CCC=O)cc2c(=O)o1,1,O=c1occc2ccccc12,0.0004930,317.3260,0.7389922,0.7390,0.6161743,2.4211,1.0000000,1.0000,[],47
66.0120,83.2728,19.1358,0.8000676,N#CC(C#N)=Cc1ccc(N=Nc2cc3c(-c4ccc([N+](=O)[O-])c(O)c4)cc(=O)oc3cc2N=Nc2cccc(-n3c4ccc(N)cc4c4cc(N(c5ccccc5)c5ccccc5)ccc43)c2)cc1,1,O=c1cc(-c2ccccc2)c2cc(N=Nc3ccccc3)c(N=Nc3cccc(-n4c5ccccc5c5cc(N(c6ccccc6)c6ccccc6)ccc54)c3)cc2o1,0.8973380,496.4613,0.0313679,0.0314,0.4427856,4.0733,1.0000000,1.0000,[],47
65.4552,97.6109,-97.6109,0.0000000,c12c(ccc(c2)C#Cc2c(cc(N=c3cc(O)cc4ccc(N(c5ccccc5)c5ccccc5)ccc4c3)cc2)N(CC)CC)c(c(cc1)N(c1ccc(cc1)C)c1ccc(cc1)C)N=Nc1c2ccccc2c(N(c2ccc(cc2)C)c2ccc(cc2)C)cc1,0,,0.0000000,0.0000,0.0000000,0.0000,0.0000000,0.0000,0.0000000,0.0000,None,47
38.2587,48.1886,-28.1942,0.1562065,Cc1ccc(NC2=CC(=N)c3cc(C#N)c(N(C)C)cc3C2N)cc1,1,N=C1C=C(Nc2ccccc2)Cc2ccccc21,0.1448276,380.7199,0.8047941,0.8048,0.4852864,3.6151,1.0000000,1.0000,[],47
32.0605,36.7587,0.8587,0.2938864,COc1ccc2c(Nc3cccc(C(F)(F)F)c3)c(C=O)sc2c1,1,c1ccc(Nc2csc3ccccc23)cc1,0.2824521,389.8773,0.6322332,0.6322,0.6134444,2.4433,1.0000000,1.0000,[],47
42.9361,53.7254,-53.7254,0.0000000,C#CCOc1cc2c(cc1-c1ccc(N(c3ccc(C=Cc4ccc(C=Cc5ccc(OC)cc5)cc4)cc3)c3ccc(-c4ccccc4)cc3)cc1)C(C)(C)c1ccccc1-2,1,C(=Cc1ccc(C=Cc2ccc(N(c3ccc(-c4ccccc4)cc3)c3ccc(-c4ccc5c(c4)Cc4ccccc4-5)cc3)cc2)cc1)c1ccccc1,0.0000000,0.0000,0.0000000,0.0000,0.0000000,0.0000,0.0000000,0.0000,['C#C'],47
43.1779,49.2304,-5.5874,0.3409611,CCCCCCc1ccc(-c2ccc3c(c2)sc2cc4c5ccc(-c6ccc(-c7ccc(N)cc7)s6)cc5n(CCCCC)c4cc23)cc1,1,c1ccc(-c2ccc3c(c2)sc2cc4c(cc23)[nH]c2cc(-c3ccc(-c5ccccc5)s3)ccc24)cc1,0.3507121,393.3128,0.1013130,0.1013,0.5515477,2.9751,1.0000000,1.0000,[],47
40.5632,63.6238,-54.6919,0.0697806,Cc1ccc(Nc2cc(-c3cnn(-c4ccc5cc(N(c6ccc(C)cc6)c6ccc(C)cc6)ccc5c4)c3)nc3c(Cl)c(Cl)ccc23)cc1,1,c1ccc(Nc2cc(-c3cnn(-c4ccc5cc(N(c6ccccc6)c6ccccc6)ccc5c4)c3)nc3ccccc23)cc1,0.0648211,371.0205,0.1808196,0.1808,0.5550566,2.9434,1.0000000,1.0000,[],47
63.2837,82.4259,-82.4259,0.0000000,COc1ccc(C(=O)Oc2c(N3CCC(CCOc4ccc(F)cc4)CC3)c3c(F)c4ccc(N(c5ccccc5)c5ccccc5)cc4oc-3c(N(c3ccccc3)c3ccccc3)c2=O)cc1,1,O=C(Oc1c(N2CCC(CCOc3ccccc3)CC2)c2cc3ccc(N(c4ccccc4)c4ccccc4)cc3oc-2c(N(c2ccccc2)c2ccccc2)c1=O)c1ccccc1,0.0000000,0.0000,0.0000000,0.0000,0.0000000,0.0000,0.0000000,0.0000,"['C(=[O,S])[O,S]']",47
59.4214,81.7117,14.1298,0.7487617,CCCCCCCCCCCCCCCCCCCCB(C1=Cc2ccccc2C1(C)C)N(c1ccc(C)cc1)c1ccc(-c2ccc(-c3ccc(C=Nc4ccc(N(c5ccccc5)c5ccccc5)cc4)s3)cc2)cc1,1,B(C1=Cc2ccccc2C1)N(c1ccccc1)c1ccc(-c2ccc(-c3ccc(C=Nc4ccc(N(c5ccccc5)c5ccccc5)cc4)s3)cc2)cc1,0.8426865,418.2225,0.0253891,0.0254,0.4375961,4.1323,1.0000000,1.0000,[],47
23.1118,42.1077,76.8241,0.9291549,N#Cc1cc2cc(C=Cc3ccccc3)ccc2cc1N=Nc1ccc(N(c2ccccc2)c2ccccc2)cc1,1,C(=Cc1ccc2cc(N=Nc3ccc(N(c4ccccc4)c4ccccc4)cc3)ccc2c1)c1ccccc1,0.9933788,454.4044,0.1533941,0.1534,0.5790763,2.7316,1.0000000,1.0000,[],47
36.6140,45.3910,-34.5344,0.0848170,CCC1(c2ccccc2)c2ccccc2N(c2ccc3c(c2)oc2ccc(N(c4ccccc4)c4ccccc4)cc23)c2cc3ccccc3cc21,1,c1ccc(C2c3ccccc3N(c3ccc4c(c3)oc3ccc(N(c5ccccc5)c5ccccc5)cc34)c3cc4ccccc4cc32)cc1,0.0798466,373.4599,0.1757967,0.1758,0.5005581,3.4602,1.0000000,1.0000,[],47
41.9870,57.3198,-50.7070,0.0516620,Cc1ccc(N(c2ccc(F)cc2)c2ccc(C3C=CC=C3c3ccc(N(c4ccc(C)cc4)c4ccc(C)cc4)c(C)c3)c(O)c2)cc1,1,C1=CC(c2ccc(N(c3ccccc3)c3ccccc3)cc2)C(c2ccc(N(c3ccccc3)c3ccccc3)cc2)=C1,0.0473623,367.4126,0.1789416,0.1789,0.4970720,3.4951,1.0000000,1.0000,[],47
23.3676,43.1556,28.1217,0.5568542,Cc1ccc(N(c2ccc(C)cc2)c2ccc(C=Cc3cc4cc(N(c5ccccc5)c5ccccc5)ccc4cc3-c3ccc(N(c4ccccc4)c4ccccc4)cc3)cc2)cc1,1,C(=Cc1cc2cc(N(c3ccccc3)c3ccccc3)ccc2cc1-c1ccc(N(c2ccccc2)c2ccccc2)cc1)c1ccc(N(c2ccccc2)c2ccccc2)cc1,0.5855880,403.7540,0.1135449,0.1135,0.5542356,2.9508,1.0000000,1.0000,[],47
32.9770,54.3961,29.9921,0.6592830,CCN(CC)c1ccc(N=C2CC(=O)C(C#N)=C(N)N2Cc2ccc(-c3ccc(N(c4ccccc4)c4ccccc4)cc3)cc2)cc1,1,O=C1C=CN(Cc2ccc(-c3ccc(N(c4ccccc4)c4ccccc4)cc3)cc2)C(=Nc2ccccc2)C1,0.6916697,408.7721,0.1658340,0.1658,0.5356650,3.1212,1.0000000,1.0000,[],47
28.7330,33.9954,-33.9874,0.0000618,CCC(C)(N)C(=Cc1ccc(C)cc1)c1ccc(C)cc1,1,C(=Cc1ccccc1)c1ccccc1,0.0000378,289.4455,0.7854712,0.7855,0.5850605,2.6802,1.0000000,1.0000,[],47
47.5743,54.7641,5.0021,0.4669235,CN(C)c1cc(Cl)cc2c(N=Nc3ccc(Nc4ccc(Cl)cc4[N+](=O)[O-])cc3)c(C#N)c(C#N)c(C#N)c12,1,c1ccc(Nc2ccc(N=Nc3cccc4ccccc34)cc2)cc1,0.4835123,520.7163,0.1440271,0.1440,0.5191154,3.2781,1.0000000,1.0000,[],47
43.3512,58.4927,-56.2597,0.0174459,COc1cc(N(c2ccc(Cl)cc2)c2ccc(C(F)(F)F)cc2)ccc1-n1c(=O)cc(-c2ccc(Cl)cc2)c2ccc(C)cc21,1,O=c1cc(-c2ccccc2)c2ccccc2n1-c1ccc(N(c2ccccc2)c2ccccc2)cc1,0.0150516,354.6042,0.1808276,0.1808,0.5802035,2.7219,1.0000000,1.0000,[],47
52.2592,67.8076,51.4724,0.9318745,COc1ccc2c([O-])c3c(=O)c4cc([N+](=O)[O-])c(O)cc4oc3cc2c1CNc1ccc(N2CCCCC2)cc1,1,O=c1c2ccccc2oc2cc3c(CNc4ccc(N5CCCCC5)cc4)cccc3cc12,0.9956960,460.8936,0.1644925,0.1645,0.5402950,3.0782,1.0000000,1.0000,[],47
46.7837,60.9226,-10.5364,0.3936416,Cc1c(C)c2c3c(c1C)Oc1cc(N(c4ccccc4)c4ccccc4)ccc1C3(c1sc(-c3ccccc3)cc1C=Cc1ccc(N(c3ccccc3)c3ccccc3)cc1)C2,1,C(=Cc1cc(-c2ccccc2)sc1C12Cc3cccc(c31)Oc1cc(N(c3ccccc3)c3ccccc3)ccc12)c1ccc(N(c2ccccc2)c2ccccc2)cc1,0.4059718,395.8672,0.1365408,0.1365,0.4452525,4.0456,1.0000000,1.0000,[],47
28.5782,43.6225,53.7742,0.7609112,Cc1ccc(N(c2ccc(C)cc2)c2ccc(-c3ccc(-c4ccc(-c5sc(C=Cc6ccc(N(c7ccccc7)c7ccccc7)cc6)c6ccccc56)s4)s3)cc2)cc1,1,C(=Cc1sc(-c2ccc(-c3ccc(-c4ccc(N(c5ccccc5)c5ccccc5)cc4)s3)s2)c2ccccc12)c1ccc(N(c2ccccc2)c2ccccc2)cc1,0.8111148,504.1779,0.1280262,0.1280,0.5300780,3.1737,1.0000000,1.0000,[],47
66.3807,73.0542,-72.9983,0.0004367,C=C(CCC(=Cc1ccc2c(c1)OCO2)CO)C1CC(C)CC2(F)CCCCC12C#N,1,C=C(CCC=Cc1ccc2c(c1)OCO2)C1CCCC2CCCCC21,0.0003018,311.9951,0.5708443,0.5708,0.3893028,4.7170,1.0000000,1.0000,[],48
44.6902,64.3351,42.6743,0.8360112,Cc1c(C#N)c(=O)[nH]c2ccc(N3CCC(c4cc5c(=O)c(-c6ccc(Cl)cc6)csc5cc4N(C)C)CC3)cc12,1,O=c1ccc2cc(N3CCC(c4ccc5scc(-c6ccccc6)c(=O)c5c4)CC3)ccc2[nH]1,0.8767988,421.3071,0.2462059,0.2462,0.5443901,3.0404,1.0000000,1.0000,[],48
35.8216,46.7248,-37.4552,0.0724183,COc1ccc2c(c1)-c1c(C(=O)c3cccs3)c3cc(C#N)ccc3c(=O)n1C2,1,O=C(c1cccs1)c1c2n(c(=O)c3ccccc13)Cc1ccccc1-2,0.0655221,371.1455,0.4270745,0.4271,0.5864294,2.6685,1.0000000,1.0000,[],48
26.9008,34.7244,-34.7244,0.0000000,Cc1ccc(N(c2ccc(C)cc2)c2ccc3c4ccc5c(ccc2c53)cc2ccccc24)cc1,1,c1ccc(N(c2ccccc2)c2ccc3c4ccc5c(ccc2c53)cc2ccccc24)cc1,0.0000000,0.0000,0.0000000,0.0000,0.0000000,0.0000,0.0000000,0.0000,['[*;r{8-17}]'],48
31.3469,36.9474,59.0666,0.7501092,COc1ccc(N(C)c2ccc(-c3nc4ccccc4nc3-c3ccc(O)cc3)cc2)cc1,1,c1ccc(Nc2ccc(-c3nc4ccccc4nc3-c3ccccc3)cc2)cc1,0.7711415,413.1892,0.3453131,0.3453,0.6457092,2.1870,1.0000000,1.0000,[],48
41.2372,56.4601,-56.0168,0.0034632,CN(C)c1ccc2cc3ccccc3c(N=Nc3cc4cc5ccc(Oc6ccccn6)cc5nc4s3)c2c1,1,c1ccc(Oc2ccc3cc4cc(N=Nc5c6ccccc6cc6ccccc56)sc4nc3c2)nc1,0.0027564,583.9613,0.1658196,0.1658,0.5346164,3.1310,1.0000000,1.0000,[],48
28.8668,31.7214,81.2554,0.8826317,COc1ccc(C=C2Oc3cc4cc5c(cc4cc3C2=O)OCO5)cc1,1,O=C1C(=Cc2ccccc2)Oc2cc3cc4c(cc3cc21)OCO4,0.8978426,423.5983,0.6512926,0.6513,0.6184443,2.4027,1.0000000,1.0000,[],48
55.4675,71.6307,-71.6307,0.0000000,c12c(c(-c3c(c(c(c(c3F)F)F)F)F)c(c(c2c(c(c2c1c(c(c(F)c2F)F)F)C#N)-c1ccc2ccccc2c1)N)=Cc1ccc([N+]#[C-])cc1)-c1ccc(cc1)F,0,,0.0000000,0.0000,0.0000000,0.0000,0.0000000,0.0000,0.0000000,0.0000,None,48
59.9394,68.0333,-68.0333,0.0000000,COC1=CC2=C1C=CC=Cc1c3c(-c4c(NC(=O)c5ccccc5)ccc5ccccc45)oc(=O)c1C2=C3SC,1,O=C(Nc1ccc2ccccc2c1-c1oc(=O)c2c3c1C=C2C1=C(C=CC=C3)C=C1)c1ccccc1,0.0000000,0.0000,0.0000000,0.0000,0.0000000,0.0000,0.0000000,0.0000,['[*;r{8-17}]'],48
68.7672,77.0008,-77.0008,0.0000000,CCCCCCCCCCCCCNc1cc(C(=O)Cc2cccc3ccc(C4=C(C(=O)O)CNC4=O)cc23)ccc1N=Nc1ccc([N+](=O)[O-])cc1,1,O=C1NCC=C1c1ccc2cccc(CC(=O)c3ccc(N=Nc4ccccc4)cc3)c2c1,0.0000000,0.0000,0.0000000,0.0000,0.0000000,0.0000,0.0000000,0.0000,"['C(=[O,S])[O,S]']",48
26.4590,34.4647,78.8454,0.8852352,Cc1ccc(N(c2ccc(C)cc2)c2ccc(C=C3c4ccccc4-c4ccc(-c5ccccc5)cc43)cc2)cc1,1,C(=C1c2ccccc2-c2ccc(-c3ccccc3)cc21)c1ccc(N(c2ccccc2)c2ccccc2)cc1,0.9323115,428.4762,0.2159596,0.2160,0.6269399,2.3345,1.0000000,1.0000,[],48
37.2744,50.7420,19.0644,0.5453629,Cc1ccc(N(c2ccccc2)c2ccc(-c3[nH]c4cc(C=Cc5ccc(N(c6ccccc6)c6ccccc6)cc5)ccc4c3Oc3ccc(Br)cc3)cc2)cc1,1,C(=Cc1ccc2c(Oc3ccccc3)c(-c3ccc(N(c4ccccc4)c4ccccc4)cc3)[nH]c2c1)c1ccc(N(c2ccccc2)c2ccccc2)cc1,0.5703497,403.0757,0.1320140,0.1320,0.5453084,3.0320,1.0000000,1.0000,[],48
52.0355,79.0768,-79.0768,0.0000000,c1(cc(ccc1N1c2c(ccnc2)C=Cc2c(C)nc(s2)N=Cc2ccc(N(c3ccccc3)c3ccccc3)cc2)cc(-c2sc(cc2)-c2ccc(cc2)C)c1)N(c1ccccc1)c1ccccc1,0,,0.0000000,0.0000,0.0000000,0.0000,0.0000000,0.0000,0.0000000,0.0000,None,48
58.3432,80.3045,-80.3045,0.0000000,CCCCCCCCCCCCCCCCCCN(c1ccccc1)c1ccc2c(O)c(N=Nc3ccc(C(=O)Nc4ccc5cc(Nc6ccc(N(C)C)cc6)c(N=Nc6cc(C(=O)O)ccc6NC(N)=O)cc5c4)cc3)ccc2c1,1,O=C(Nc1ccc2cc(Nc3ccccc3)c(N=Nc3ccccc3)cc2c1)c1ccc(N=Nc2ccc3cc(Nc4ccccc4)ccc3c2)cc1,0.0000000,0.0000,0.0000000,0.0000,0.0000000,0.0000,0.0000000,0.0000,"['C(=[O,S])[O,S]']",48
42.6268,54.5579,-54.5579,0.0000000,O=C1NC(c2cccc3ccccc23)C2Nc3ccccc3C(c3ccc(N(c4ccccc4)c4ccccc4)cc3)C2=Cc2ccccc21,1,O=C1NC(c2cccc3ccccc23)C2Nc3ccccc3C(c3ccc(N(c4ccccc4)c4ccccc4)cc3)C2=Cc2ccccc21,0.0000000,0.0000,0.0000000,0.0000,0.0000000,0.0000,0.0000000,0.0000,['[*;r{8-17}]'],48
39.3223,57.6593,58.4174,0.9068495,COc1ccc(N2C(=O)C(=Cc3ccc4c(c3)N(Cc3ccc(C=Cc5ccc(N(c6ccccc6)c6ccccc6)cc5)cc3)c3ccccc3S4)c3cc(C)ccc32)cc1,1,O=C1C(=Cc2ccc3c(c2)N(Cc2ccc(C=Cc4ccc(N(c5ccccc5)c5ccccc5)cc4)cc2)c2ccccc2S3)c2ccccc2N1c1ccccc1,0.9832751,444.2328,0.1014311,0.1014,0.5193275,3.2761,1.0000000,1.0000,[],48
35.6364,44.1066,-44.1066,0.0000000,Cc1ccc2c(c1)C1(C)CN(c3ccc(-c4ccc(-c5ccccc5)cc4)cc3)c3cc(N(c4ccccc4)c4ccccc4)ccc3B2c2ccccc21,1,c1ccc(-c2ccc(-c3ccc(N4CC5c6ccccc6B(c6ccccc65)c5ccc(N(c6ccccc6)c6ccccc6)cc54)cc3)cc2)cc1,0.0000000,0.0000,0.0000000,0.0000,0.0000000,0.0000,0.0000000,0.0000,['[*;r{8-17}]'],48
25.9060,37.4124,-37.4124,0.0000000,Cc1ccc(N(c2ccccc2)c2ccc(C=NNc3ccc([N+](=O)[O-])cc3)c([N+](=O)[O-])c2)cc1,1,C(=NNc1ccccc1)c1ccc(N(c2ccccc2)c2ccccc2)cc1,0.0000000,0.0000,0.0000000,0.0000,0.0000000,0.0000,0.0000000,0.0000,['[#7;!n][#7;!n]'],48
46.7239,64.4280,-64.4280,0.0000000,c1c2cc(c(N(c3ccccc3)c3ccccc3)c3c2c(-c2ccc(C#N)cc2C3=c2sc(c(-c3ccc(cc3)C)c2C#N)-c2ccc(cc2)C)cc1)-c1ccc(C)cc1,0,,0.0000000,0.0000,0.0000000,0.0000,0.0000000,0.0000,0.0000000,0.0000,None,48
62.2299,83.5423,22.4056,0.8277182,CCN(CC)c1ccc(N=Nc2ccc(C(=O)C(=O)N3C(=O)c4c(cc(C#N)c5c(OC)cc(OC)cc45)C3(C)C#N)cc2)cc1,1,O=C(C(=O)N1Cc2ccc3ccccc3c2C1=O)c1ccc(N=Nc2ccccc2)cc1,0.8918813,497.0898,0.1163867,0.1164,0.4525683,3.9641,1.0000000,1.0000,[],48
36.7982,60.8338,57.0560,0.9210146,CC1(C)C(=O)N(c2ccc(N=Nc3ccc(N(c4ccccc4)c4ccccc4)cc3)cc2C#N)c2ccc(-c3ccc(N(c4ccccc4)c4ccccc4)cc3)c(Cl)c21,1,O=C1Cc2cc(-c3ccc(N(c4ccccc4)c4ccccc4)cc3)ccc2N1c1ccc(N=Nc2ccc(N(c3ccccc3)c3ccccc3)cc2)cc1,0.9926220,453.2212,0.1289398,0.1289,0.5017751,3.4480,1.0000000,1.0000,[],48
22.3242,34.2497,9.5800,0.3424199,O=C(C=Cc1ccc(N(c2ccccc2)c2ccccc2)cc1)Nc1cc(Cl)cc(Cl)c1O,1,O=C(C=Cc1ccc(N(c2ccccc2)c2ccccc2)cc1)Nc1ccccc1,0.3427211,392.9298,0.2208405,0.2208,0.6340784,2.2779,1.0000000,1.0000,[],48
38.0116,56.1651,-2.3875,0.4201371,COc1cc2c(cc1OC)C(c1c3ccccc3cc3cccc(C)c13)N(C(=O)c1ccc3cc(N4CCCCC4)ccc3c1)CC2,1,O=C(c1ccc2cc(N3CCCCC3)ccc2c1)N1CCc2ccccc2C1c1c2ccccc2cc2ccccc12,0.4295594,396.9203,0.1802746,0.1803,0.5212523,3.2576,1.0000000,1.0000,[],48
33.9333,47.8625,50.7663,0.7705374,C=CN(c1ccc(C=Cc2ccc(N(c3ccccc3)c3ccccc3)cc2)cc1)c1ccc(N=Cc2c(C=Cc3ccc(N(C)C)cc3)ccc3ccccc23)cc1,1,C(=Cc1ccc2ccccc2c1C=Nc1ccc(Nc2ccc(C=Cc3ccc(N(c4ccccc4)c4ccccc4)cc3)cc2)cc1)c1ccccc1,0.8326588,417.4216,0.0862572,0.0863,0.5173795,3.2949,1.0000000,1.0000,[],48
33.0252,46.2390,71.2332,0.9177514,Cc1ccc(N(c2ccc(C)cc2)c2ccc(-c3c(C#N)ncc(-c4ccc(C#N)cc4C)c3C#N)cc2)cc1,1,c1ccc(-c2cncc(-c3ccc(N(c4ccccc4)c4ccccc4)cc3)c2)cc1,0.9678764,436.9749,0.2343441,0.2343,0.5688875,2.8204,1.0000000,1.0000,[],48
56.0965,63.1222,35.8835,0.7734824,Cc1ccc(-c2cc(C)cc3c2C(c2ccc(Nc4csc5nc(-c6ccccc6)cc(-c6ccccc6)c45)cc2)=N3)cc1,1,c1ccc(-c2cc(-c3ccccc3)c3c(Nc4ccc(C5=Nc6cccc(-c7ccccc7)c65)cc4)csc3n2)cc1,0.8110589,415.8181,0.2113714,0.2114,0.5688065,2.8211,1.0000000,1.0000,[],48
44.4670,57.7003,58.3687,0.9067887,CN(C)c1ccc(N=Nc2ccc(-c3ccc(N=Nc4cc5onc(-c6ccccc6)c5c(N)c4N=Nc4ccccc4)cc3)cc2)cc1,1,c1ccc(N=Nc2ccc(-c3ccc(N=Nc4cc5onc(-c6ccccc6)c5cc4N=Nc4ccccc4)cc3)cc2)cc1,0.9771147,479.2403,0.1240667,0.1241,0.5157154,3.3110,1.0000000,1.0000,[],48
24.4094,44.8199,71.6856,0.9101991,O=[N+]([O-])c1ccc2c(N=Nc3ccc(N(c4ccccc4)c4ccccc4)cc3)cc(N=Nc3ccc(N(c4ccccc4)c4ccccc4)cc3)cc2c1,1,c1ccc(N(c2ccccc2)c2ccc(N=Nc3cc(N=Nc4ccc(N(c5ccccc5)c5ccccc5)cc4)c4ccccc4c3)cc2)cc1,0.9952250,462.0265,0.0755726,0.0756,0.5470325,3.0162,1.0000000,1.0000,[],48
47.1800,66.1655,-66.1655,0.0000000,c1ccsc1C(=O)N1CC(=O)N(Cc2ccccc2)C(C1)c1c2c(ccc(c2)N2c3ccccc3CC2)c2ccccc21,0,,0.0000000,0.0000,0.0000000,0.0000,0.0000000,0.0000,0.0000000,0.0000,None,48
61.9592,80.0358,35.8022,0.9049838,CC1(c2ccc3ccc(NC(=O)c4ccncc4)cc3c2)Cc2cc(-c3ccnc(N=Nc4ccc(N5c6ccccc6C(C)(C)c6ccccc65)cc4)c3)ccc2O1,1,O=C(Nc1ccc2ccc(C3Cc4cc(-c5ccnc(N=Nc6ccc(N7c8ccccc8Cc8ccccc87)cc6)c5)ccc4O3)cc2c1)c1ccncc1,0.9692730,437.4731,0.1630170,0.1630,0.4544660,3.9432,1.0000000,1.0000,[],48
44.6613,61.6880,42.3307,0.8126459,COc1ccc(N(c2ccc(C)cc2)c2ccc3c(c2)Oc2c(c(C=Cc4ccc(N(c5ccc(C)cc5)c5ccc(C)cc5)c5ccccc45)c4ccc(C)cc4c2F)C3)cc1,1,C(=Cc1ccc(N(c2ccccc2)c2ccccc2)c2ccccc12)c1c2c(cc3ccccc13)Oc1cc(N(c3ccccc3)c3ccccc3)ccc1C2,0.8690655,420.5500,0.1354307,0.1354,0.4926059,3.5402,1.0000000,1.0000,[],48
40.4592,45.9934,-26.0266,0.1559910,O=C(C=Cc1cccs1)C1NC(=O)N(c2ccccc2)C1c1ccc(C=Cc2ccccc2)cc1,1,O=C(C=Cc1cccs1)C1NC(=O)N(c2ccccc2)C1c1ccc(C=Cc2ccccc2)cc1,0.1502503,381.1881,0.2344666,0.2345,0.5024791,3.4410,1.0000000,1.0000,[],48
40.0104,54.6801,44.4004,0.7740664,CCCCCCOc1cccc2c1N=C(N)c1cc(N=Nc3ccc(N(c4ccccc4)c4ccccc4)cc3)ccc1C2,1,C1=Nc2ccccc2Cc2ccc(N=Nc3ccc(N(c4ccccc4)c4ccccc4)cc3)cc21,0.8258735,416.9012,0.1248941,0.1249,0.5504339,2.9852,1.0000000,1.0000,[],48
46.3700,48.1511,75.2524,0.9640893,COc1ccc2cc3c(cc2c1)CCN(C)[C]3CCN(C)Cc1ccc2c(c1)OCO2,1,c1ccc2cc3c(cc2c1)CCN[C]3CCNCc1ccc2c(c1)OCO2,0.9897979,449.6715,0.5913135,0.5913,0.5750114,2.7668,1.0000000,1.0000,[],48
56.6598,79.8367,-79.8367,0.0000000,c1c2c(c(c(cn2N=Cc2ccccc2OC)C#N)=O)c2c(s1)c1cc(OC)c(cc1nc2-c1ccc(N(c2ccc(cc2)C)c2ccc(C)cc2)cc1)-c1ccc(cc1)N(c1ccccc1)c1ccccc1,0,,0.0000000,0.0000,0.0000000,0.0000,0.0000000,0.0000,0.0000000,0.0000,None,48
40.9259,61.6554,36.4155,0.7661783,C1=CC2(C(=Cc3ccc(N(c4ccccc4)c4ccccc4)cc3)c3ccccc32)C(c2ccc(N(c3ccc(C=Cc4ccc(C=Cc5ccc(N(c6ccccc6)c6ccccc6)cc5)cc4)cc3)c3ccc4ccccc4c3)cc2)=C1c1ccccc1,1,C1=CC2(C(=Cc3ccc(N(c4ccccc4)c4ccccc4)cc3)c3ccccc32)C(c2ccc(N(c3ccc(C=Cc4ccc(C=Cc5ccc(N(c6ccccc6)c6ccccc6)cc5)cc4)cc3)c3ccc4ccccc4c3)cc2)=C1c1ccccc1,0.8324095,417.4022,0.0893024,0.0893,0.3751370,4.9023,1.0000000,1.0000,[],48
34.9172,33.9560,-33.8336,0.0009562,O=c1c(F)c1S(=O)(=O)N1CCCCC1,1,O=c1cc1S(=O)(=O)N1CCCCC1,0.0006764,320.7622,0.7154205,0.7154,0.6479676,2.1696,1.0000000,1.0000,[],48
26.7250,35.5485,24.9615,0.4727348,C(=Cc1ccc(N(c2ccccc2)c2ccc(C=Cc3ccc(N(c4ccccc4)c4ccccc4)cc3)cn2)cc1)c1ccc(N(c2ccccc2)c2ccccc2)cc1,1,C(=Cc1ccc(N(c2ccccc2)c2ccc(C=Cc3ccc(N(c4ccccc4)c4ccccc4)cc3)cn2)cc1)c1ccc(N(c2ccccc2)c2ccccc2)cc1,0.4929279,399.6928,0.1086227,0.1086,0.5885550,2.6504,1.0000000,1.0000,[],48
21.8480,21.3564,-21.3564,0.0000000,O=C(Oc1ccccc1)c1ccco1,1,O=C(Oc1ccccc1)c1ccco1,0.0000000,0.0000,0.0000000,0.0000,0.0000000,0.0000,0.0000000,0.0000,"['C(=[O,S])[O,S]']",48
39.6375,71.1640,41.9644,0.8838158,CCCCCCCCN1c2ccccc2N(c2ccc(C=Cc3ccc(N(c4ccccc4)c4ccccc4)cc3)cc2)c2ccc(C(C#N)=C(c3ccc(C=Cc4ccc(N(c5ccccc5)c5ccccc5)cc4)cc3)c3ccc(OC)cc3)cc21,1,C(=Cc1ccc(N(c2ccccc2)c2ccccc2)cc1)c1ccc(C(=Cc2ccc3c(c2)Nc2ccccc2N3c2ccc(C=Cc3ccc(N(c4ccccc4)c4ccccc4)cc3)cc2)c2ccccc2)cc1,0.9900534,449.9496,0.0382836,0.0383,0.4464647,4.0320,1.0000000,1.0000,[],48
33.8370,38.1975,28.1303,0.5181861,Cc1ccc(N(c2ccccc2)c2cc(-c3ccc4cc5ccccc5cc4c3)ccc2N(c2ccccc2)c2ccccc2)cc1,1,c1ccc(N(c2ccccc2)c2ccc(-c3ccc4cc5ccccc5cc4c3)cc2N(c2ccccc2)c2ccccc2)cc1,0.5350049,401.5227,0.1674680,0.1675,0.6185830,2.4016,1.0000000,1.0000,[],48
42.8402,53.4718,41.0872,0.7387422,Clc1ccc(C2C(C=CC3=C(c4ccccc4)OCCN3c3ccc(Cl)cc3)=Cc3ccccc32)cc1,1,C(=CC1=C(c2ccccc2)OCCN1c1ccccc1)C1=Cc2ccccc2C1c1ccccc1,0.7695144,413.0893,0.2594130,0.2594,0.5109335,3.3576,1.0000000,1.0000,[],48
51.2143,63.0952,-34.6894,0.2219202,COc1cc(Cl)c(-c2nc(C)c(C#N)c(NC=C3Cc4cc5ccccc5cc4C3=O)n2)cc1C,1,O=C1C(=CNc2ccnc(-c3ccccc3)n2)Cc2cc3ccccc3cc21,0.2145945,385.9131,0.3506291,0.3506,0.5504165,2.9854,1.0000000,1.0000,[],48
39.2095,41.4419,-39.0749,0.0184918,Cc1ccc(N(c2ccccc2)c2ccc(N(C3(c4ccccc4)C=CC=CC3)S(=O)(=O)c3ccc(C)cc3)cc2)cc1,1,O=S(=O)(c1ccccc1)N(c1ccc(N(c2ccccc2)c2ccccc2)cc1)C1(c2ccccc2)C=CC=CC1,0.0160435,355.3081,0.1830049,0.1830,0.5052823,3.4132,1.0000000,1.0000,[],48
41.3543,53.5485,-53.5485,0.0000000,O=c1c(/c(c2cc3c(OCO3)cc2c1=Nc1ccccc1)=C1\c2ccccc2N(CC=C)C1=O)N(CC)CC,0,,0.0000000,0.0000,0.0000000,0.0000,0.0000000,0.0000,0.0000000,0.0000,None,48
31.6281,48.7531,68.1761,0.9135099,Cc1ccc(N(c2ccc(C)cc2)c2ccc(C=Cc3ccc(N=NC(=Cc4ccccc4)c4ccc5cc(N(c6ccccc6)c6ccccc6)ccc5c4)cc3)cc2)cc1,1,C(=Cc1ccc(N(c2ccccc2)c2ccccc2)cc1)c1ccc(N=NC(=Cc2ccccc2)c2ccc3cc(N(c4ccccc4)c4ccccc4)ccc3c2)cc1,0.9939429,455.3774,0.0910471,0.0910,0.5273445,3.1995,1.0000000,1.0000,[],48
46.4676,66.9764,-21.2566,0.3571864,COc1ccc2cc(-c3cc(-c4ccc(C=Cc5ccc(N(c6ccccc6)c6ccccc6)cc5)cc4)c4ccc5c(c4n3)CN=C5c3cccc(I)c3)ccc2c1,1,C(=Cc1ccc(N(c2ccccc2)c2ccccc2)cc1)c1ccc(-c2cc(-c3ccc4ccccc4c3)nc3c4c(ccc23)C(c2ccccc2)=NC4)cc1,0.3681470,394.1351,0.1071124,0.1071,0.5175734,3.2930,1.0000000,1.0000,[],48
57.1424,81.6567,-58.7721,0.1787864,CCCCCCCCCCCCCCCCCCCCCCN(CCCCCCCC)c1ccc(C=Cc2ccc(C=C3N=C(Nc4ccc(N5CCN(C)CC5)c(C)c4)N(c4ccc(C=Cc5ccc(N(c6ccccc6)c6ccccc6)cc5)cc4)C3=O)s2)cc1,1,O=C1C(=Cc2ccc(C=Cc3ccccc3)s2)N=C(Nc2ccc(N3CCNCC3)cc2)N1c1ccc(C=Cc2ccc(N(c3ccccc3)c3ccccc3)cc2)cc1,0.1873590,535.9306,0.0234672,0.0235,0.4064365,4.5016,1.0000000,1.0000,[],48
34.3277,58.0868,50.2158,0.8461139,COc1ccc(N(c2ccc(C)cc2)c2ccc(C=CC(F)(F)c3ccc(N(c4ccc(-c5ccc(N(c6ccccc6)c6ccccc6)cc5)cc4)c4c5ccccc5cc5ccccc45)cc3)cc2)cc1,1,C(=Cc1ccc(N(c2ccccc2)c2ccccc2)cc1)Cc1ccc(N(c2ccc(-c3ccc(N(c4ccccc4)c4ccccc4)cc3)cc2)c2c3ccccc3cc3ccccc23)cc1,0.9149787,425.7971,0.1011195,0.1011,0.4979275,3.4865,1.0000000,1.0000,[],48
40.5538,48.2341,-42.7338,0.0429709,N#CCCN(c1ccccc1)c1ccc(CC(c2ccccc2)C2(C#N)SCCS2)cc1,1,c1ccc(Nc2ccc(CC(c3ccccc3)C3SCCS3)cc2)cc1,0.0381106,364.9480,0.3752788,0.3753,0.4982846,3.4829,1.0000000,1.0000,[],48
50.0118,53.6784,-53.6784,0.0000000,O=C(CN1C(=O)C(=Cc2ccc(S(=O)(=O)N3CCOCC3)cc2)SC1=S)NN=Cc1ccc(Br)c(CF)c1,1,O=C(CN1C(=O)C(=Cc2ccc(S(=O)(=O)N3CCOCC3)cc2)SC1=S)NN=Cc1ccccc1,0.0000000,0.0000,0.0000000,0.0000,0.0000000,0.0000,0.0000000,0.0000,"['[#7;!n][#7;!n]', 'C(=[O,S])[O,S]']",48
38.0733,56.9861,-51.4266,0.0434341,COc1ccc(C=CC(=O)NC(c2ccccc2)c2c(-c3ccc(N(c4ccccc4)c4ccccc4)cc3)nc3ccc(Cl)cn23)cc1OC,1,O=C(C=Cc1ccccc1)NC(c1ccccc1)c1c(-c2ccc(N(c3ccccc3)c3ccccc3)cc2)nc2ccccn12,0.0397711,365.4298,0.1369048,0.1369,0.5099088,3.3676,1.0000000,1.0000,[],48
36.7035,51.0988,55.1672,0.8302030,Cc1ccc(C=C2c3ccccc3C(N(c3ccccc3)c3ccc(C)cc3)=C(C(=O)c3ccco3)C2c2ccc(Cl)cc2)cc1,1,O=C(C1=C(N(c2ccccc2)c2ccccc2)c2ccccc2C(=Cc2ccccc2)C1c1ccccc1)c1ccco1,0.8821871,421.8592,0.1670647,0.1671,0.5137553,3.3300,1.0000000,1.0000,[],48
69.0786,84.9049,-84.8987,0.0000486,CCCCCC[n+]1c(C=C2C=Cc3cc(C=C(c4ccc(C#N)cc4)c4ccc(N(CC)Cc5ccccc5)cc4)ccc3N(C)C2=Cc2ccc3cc(-c4ccccc4)c(C)cc3[n+]2CC)sc2ccccc21,1,C1=Cc2cc(C=C(c3ccccc3)c3ccc(NCc4ccccc4)cc3)ccc2NC(=Cc2ccc3cc(-c4ccccc4)ccc3[nH+]2)C1=Cc1[nH+]c2ccccc2s1,0.0000321,632.3374,0.0549999,0.0550,0.4271000,4.2537,1.0000000,1.0000,[],48
44.9929,76.8166,19.4542,0.7521157,CCCCCCCCCCCCCCOc1ccc2ccccc2c1N(c1ccc(C(C)(C)C)cc1)c1ccc2c(c1)C(c1ccc(N(c3ccccc3)c3ccccc3)cc1)c1cc(C=Cc3ccc(N(c4ccccc4)c4ccccc4)cc3)ccc1N2CCCC,1,C(=Cc1ccc2c(c1)C(c1ccc(N(c3ccccc3)c3ccccc3)cc1)c1cc(N(c3ccccc3)c3cccc4ccccc34)ccc1N2)c1ccc(N(c2ccccc2)c2ccccc2)cc1,0.8408239,418.0707,0.0343249,0.0343,0.3866590,4.7511,1.0000000,1.0000,[],48
52.6817,60.9343,-60.9343,0.0000000,C1CN(Cc2c3ccc(cc3c(-c3ccc(cc3)C)c3cc(c(N=C)c(=O)c32)N)C#N)CCO1,0,,0.0000000,0.0000,0.0000000,0.0000,0.0000000,0.0000,0.0000000,0.0000,None,48
44.7490,60.3007,-10.1849,0.3915300,Cc1ccc(N(c2ccc(C)cc2)c2ccc(-c3c(OCCCBr)c(-c4cc5cc(C)c(C)cc5o4)nc4ccc(Br)cc34)cc2)cc1,1,c1ccc(N(c2ccccc2)c2ccc(-c3cc(-c4cc5ccccc5o4)nc4ccccc34)cc2)cc1,0.4048931,395.8186,0.1084932,0.1085,0.5451086,3.0339,1.0000000,1.0000,[],48
29.0831,39.7248,13.2482,0.4138516,Cc1ccc(N(c2ccc(C)cc2)c2ccc(C=Cc3ccc(C(=O)N4c5ccccc5CC4C)cc3)cc2)cc1,1,O=C(c1ccc(C=Cc2ccc(N(c3ccccc3)c3ccccc3)cc2)cc1)N1CCc2ccccc21,0.4205892,396.5218,0.2025469,0.2025,0.5612864,2.8876,1.0000000,1.0000,[],48
29.1047,42.1201,74.4552,0.9107443,O=C1C=C(c2cc(-c3ccccc3)nc3ccc(-c4ccccc4)cc23)C(=O)N1c1ccc(N(c2ccccc2)c2ccccc2)cc1,1,O=C1C=C(c2cc(-c3ccccc3)nc3ccc(-c4ccccc4)cc23)C(=O)N1c1ccc(N(c2ccccc2)c2ccccc2)cc1,0.9702736,437.8438,0.1667034,0.1667,0.5746877,2.7696,1.0000000,1.0000,[],48
54.8931,61.7129,-26.5296,0.2748699,C=NC(=O)c1cccc(C23CCC(c4cc(N=Cc5cc(Cl)ccc5N(C)C)ccc42)C3(C)C)c1,1,C(=Nc1ccc2c(c1)C1CCC2(c2ccccc2)C1)c1ccccc1,0.2706131,389.2348,0.3599578,0.3600,0.3849566,4.7731,1.0000000,1.0000,[],48
37.7048,52.2551,10.5666,0.4907947,COc1ccc(N2C(=O)C(=Cc3nc4c(C)cc(C)cc4cc3Cl)N(C)C2=NC=O)cc1,1,N=C1NC(=Cc2ccc3ccccc3n2)C(=O)N1c1ccccc1,0.4918699,399.6469,0.4379690,0.4380,0.5247375,3.2243,1.0000000,1.0000,[],48
31.8943,27.8880,-27.8880,0.0000000,CCC=CCC1OC1CC=CCC=CCC=CCC=CCCC(=O)OCC(COP(=O)(O)O)OC(=O)CCCCCCCC=CCCCCCCCC,1,C1CO1,0.0000000,0.0000,0.0000000,0.0000,0.0000000,0.0000,0.0000000,0.0000,"['C(=[O,S])[O,S]']",48
44.2642,66.9992,43.9658,0.8669136,Cc1ccc(C=Cc2ccc(C=Cc3ccc(-c4c5ccccc5c(-c5ccc(C=Cc6ccc(F)cc6)cc5)c5cc(-c6ccc(C=C(C#N)c7ccc(F)cc7)s6)c(-c6ccc(C)cc6)cc45)cc3)cc2)cc1,1,C(=Cc1ccc(C=Cc2ccc(-c3c4ccccc4c(-c4ccc(C=Cc5ccccc5)cc4)c4cc(-c5ccc(C=Cc6ccccc6)s5)c(-c5ccccc5)cc34)cc2)cc1)c1ccccc1,0.9509806,432.1951,0.0679767,0.0680,0.4865160,3.6024,1.0000000,1.0000,[],48
50.3394,66.7291,46.0967,0.8814513,CCCCCCCCCCCCCCCCCCN(CCCCCCCCCCCCCCCCCC)c1ccc(N=Nc2ccc3c(Oc4cccc(C(CN)c5ccoc5)c4)cccc3c2)cc1,1,c1ccc(N=Nc2ccc3c(Oc4cccc(Cc5ccoc5)c4)cccc3c2)cc1,0.9941673,464.2101,0.0312291,0.0312,0.4352629,4.1590,1.0000000,1.0000,[],48
41.7271,68.6977,-68.6977,0.0000000,c1(cc2c(cc1N(c1ccccc1)c1ccccc1)c(c1c(n2)ccc2cc(ccc21)OCCC)-c1ccc(C)cc1)=Nc1ccc(cc1)N(c1ccccc1)c1ccccc1,0,,0.0000000,0.0000,0.0000000,0.0000,0.0000000,0.0000,0.0000000,0.0000,None,49
20.7422,27.9845,-27.9845,0.0000000,c1(-c2ccccc2)c2C(c3c(cccc3)C(c2c2c1cccc2)=O)=O,0,,0.0000000,0.0000,0.0000000,0.0000,0.0000000,0.0000,0.0000000,0.0000,None,49
26.5645,31.9237,91.1547,0.9615499,Nc1cc(N=Nc2ccccc2)nc2cc(Cl)ccc12,1,c1ccc(N=Nc2ccc3ccccc3n2)cc1,0.9818344,443.3197,0.6804194,0.6804,0.5992533,2.5604,1.0000000,1.0000,[],49
53.2368,72.6042,-23.3735,0.3846149,Cc1ccc(N(c2ccc(C)cc2)c2ccc(NC3=C(c4cc(C#N)c(-c5ccc(C#N)cc5)c5c4oc4cc(N(c6ccccc6)c6ccccc6)ccc45)C(=O)N3c3ccccc3)cc2)cc1,1,O=C1C(c2ccc(-c3ccccc3)c3c2oc2cc(N(c4ccccc4)c4ccccc4)ccc23)=C(Nc2ccc(N(c3ccccc3)c3ccccc3)cc2)N1c1ccccc1,0.3955567,395.3963,0.1380285,0.1380,0.4719940,3.7539,1.0000000,1.0000,[],49
25.8038,32.4592,53.2111,0.6692986,CN(C)c1ccc2nc(N=C3c4ccccc4C(=O)c4ccccc43)sc2c1,1,O=C1c2ccccc2C(=Nc2nc3ccccc3s2)c2ccccc21,0.6802058,511.8058,0.4271849,0.4272,0.6090532,2.4792,1.0000000,1.0000,[],49
40.9781,53.3908,44.8476,0.7674879,Cc1ccc(-n2c(CCc3ccc(N(c4ccccc4)c4ccccc4)cc3)c3ccccc3c2C(=O)c2sccc2Cl)cc1,1,O=C(c1cccs1)c1c2ccccc2c(CCc2ccc(N(c3ccccc3)c3ccccc3)cc2)n1-c1ccccc1,0.8133815,415.9835,0.1496214,0.1496,0.5650758,2.8540,1.0000000,1.0000,[],49
30.1592,49.6763,0.9731,0.3956985,C1=Cc2ccccc2N(c2ccc3c(-c4ccc(N(c5ccccc5)c5ccccc5)cc4)c(-c4ccc(N(c5ccccc5)c5ccccc5)s4)c4ccccc4c3c2)c2ccccc21,1,C1=Cc2ccccc2N(c2ccc3c(-c4ccc(N(c5ccccc5)c5ccccc5)cc4)c(-c4ccc(N(c5ccccc5)c5ccccc5)s4)c4ccccc4c3c2)c2ccccc21,0.4071958,395.9223,0.1339038,0.1339,0.5156694,3.3114,1.0000000,1.0000,[],49
36.7978,53.9173,19.9811,0.5773309,Cc1ccc(Nc2c3ccc(N(c4ccc(C)cc4)c4ccc(C)cc4)cc3c(N=Nc3c(C)cc(Br)cc3C)c3ccc(C)cc23)cc1,1,c1ccc(N=Nc2c3ccccc3c(Nc3ccccc3)c3ccc(N(c4ccccc4)c4ccccc4)cc23)cc1,0.6055213,515.3474,0.1325988,0.1326,0.5448561,3.0362,1.0000000,1.0000,[],49
49.1485,59.3544,-1.2224,0.4541560,Cc1ccc2c(c1)c(C(C#N)=Cc1ccc(N(c3ccccc3)c3ccccc3)cc1)c(C)c1cc(N)c3c(c12)CCC=C3,1,C1=Cc2ccc3cc(C=Cc4ccc(N(c5ccccc5)c5ccccc5)cc4)c4ccccc4c3c2CC1,0.4752097,398.9225,0.0975483,0.0975,0.5301188,3.1733,1.0000000,1.0000,[],49
27.1724,35.3131,-18.0775,0.1346534,CCN(CC)c1ccc(C=Nc2ccc3oc(=O)cc(-c4ccccc4Cl)c3c2)cc1,1,O=c1cc(-c2ccccc2)c2cc(N=Cc3ccccc3)ccc2o1,0.1278870,379.1563,0.2520066,0.2520,0.6088363,2.4810,1.0000000,1.0000,[],49
54.3788,87.0162,28.8942,0.9055507,Cc1ccc(N(c2ccc(-c3c(C#N)c(N)c4c(C)c(C=C5CCc6cc(N(c7ccccc7)c7ccccc7)ccc65)c(C)cc4c3N=Nc3ccc(N(c4ccccc4)c4ccccc4)cc3)cc2)c2cccc(C)c2)cc1,1,C(=C1CCc2cc(N(c3ccccc3)c3ccccc3)ccc21)c1ccc2c(N=Nc3ccc(N(c4ccccc4)c4ccccc4)cc3)c(-c3ccc(N(c4ccccc4)c4ccccc4)cc3)ccc2c1,0.9886106,471.5369,0.0918670,0.0919,0.4337099,4.1769,1.0000000,1.0000,[],49
44.3219,58.0238,-58.0238,0.0000000,C=CCN1CCCC(C)(C)c2cc([SH](=C)(Nc3ccc(OC)cc3)c3ccc(N(c4ccccc4)c4ccccc4)cc3)ccc21,1,C=[SH](Nc1ccccc1)(c1ccc(N(c2ccccc2)c2ccccc2)cc1)c1ccc2c(c1)CCCCN2,0.0000000,0.0000,0.0000000,0.0000,0.0000000,0.0000,0.0000000,0.0000,['[#7;!n][S;!$(S(=O)=O)]'],49
49.0408,52.1925,52.3521,0.8167542,COc1ccc(-c2nc3ccc(C(=O)c4ccc5ccc(N(c6ccccc6)c6ccccc6)cc5c4)cc3nc2-c2ccc(Br)cc2)cc1,1,O=C(c1ccc2ccc(N(c3ccccc3)c3ccccc3)cc2c1)c1ccc2nc(-c3ccccc3)c(-c3ccccc3)nc2c1,0.8684534,420.4917,0.1468489,0.1468,0.5805004,2.7193,1.0000000,1.0000,[],49
36.4667,42.0715,74.1935,0.9083201,Cc1ccc(-c2c(C=Nc3sc4c(c3N)CCc3ccccc3-4)cc(C)n2-c2ccc(C)cc2)cc1,1,C(=Nc1cc2c(s1)-c1ccccc1CC2)c1ccn(-c2ccccc2)c1-c1ccccc1,0.9550635,433.1858,0.2549347,0.2549,0.5633421,2.8693,1.0000000,1.0000,[],49
32.5293,46.7720,0.0922,0.3661267,COc1ccc(N(c2ccc(C)cc2)c2ccc(-c3ccc(C=Cc4ccc(C=Cc5ccc(C)cc5)cc4)cc3)cc2)c(C=Cc2ccccc2)c1,1,C(=Cc1ccc(C=Cc2ccc(-c3ccc(N(c4ccccc4)c4ccccc4C=Cc4ccccc4)cc3)cc2)cc1)c1ccccc1,0.3750161,394.4545,0.1257003,0.1257,0.5823630,2.7033,1.0000000,1.0000,[],49
34.1220,55.0401,61.3327,0.9091621,CCCCN(CC)c1ccc(C=C(C#N)C=Cc2ccc3ccc(N(c4ccccc4)c4ccccc4)cc3n2)c(C#N)c1,1,C(C=Cc1ccc2ccc(N(c3ccccc3)c3ccccc3)cc2n1)=Cc1ccccc1,0.9811596,477.0838,0.1161871,0.1162,0.5329632,3.1465,1.0000000,1.0000,[],49
44.5421,58.9023,55.0774,0.8904660,Cc1ccc(N(c2ccccc2)c2ccc3cc(C(C#N)=Cc4ccc5cccc(N(c6ccccc6)c6ccc7c(N(c8ccccc8)c8ccccc8)cccc7c6)c5c4)ccc3c2)cc1,1,C(=Cc1ccc2cccc(N(c3ccccc3)c3ccc4c(N(c5ccccc5)c5ccccc5)cccc4c3)c2c1)c1ccc2cc(N(c3ccccc3)c3ccccc3)ccc2c1,0.9665850,436.5325,0.0957727,0.0958,0.5129809,3.3376,1.0000000,1.0000,[],49
43.4201,59.0265,58.7127,0.9198381,CCCCN(c1ccccc1)c1ccc(N=c2sc3cc4sc5ncccc5c4cc3cc2C#N)cc1,1,c1ccc(Nc2ccc(N=c3ccc4cc5c(cc4s3)sc3ncccc35)cc2)cc1,0.9729126,481.1173,0.2223917,0.2224,0.5387481,3.0925,1.0000000,1.0000,[],49
35.2611,39.3338,-24.1980,0.1182479,C=CCNc1ccc2c(c1)c1ccccc1c1[nH]c3ccccc3c21,1,c1ccc2c(c1)[nH]c1c3ccccc3c3ccccc3c21,0.1108527,377.3943,0.2991240,0.2991,0.6316082,2.2974,1.0000000,1.0000,[],49
51.9192,78.9256,36.6889,0.9032382,CCc1c2cc(N(c3ccccc3)c3ccccc3)ccc2nc2c3c(c(-c4ccc(C=Cc5ccc(C=Cc6ccccc6)cc5)cc4)cc12)-c1ccccc1C3(c1ccc(C)cc1)c1ccc(C=Cc2ccccc2)cc1,1,C(=Cc1ccc(C=Cc2ccc(-c3cc4cc5cc(N(c6ccccc6)c6ccccc6)ccc5nc4c4c3-c3ccccc3C4(c3ccccc3)c3ccc(C=Cc4ccccc4)cc3)cc2)cc1)c1ccccc1,0.9889249,448.7704,0.0845134,0.0845,0.4260600,4.2659,1.0000000,1.0000,[],49
35.6439,48.0599,-35.0134,0.1019255,O=C(Nc1cccc(C=Cc2ccc3ccccc3c2)c1)c1cccc(C=Cc2ccc(N(c3ccccc3)c3ccccc3)cc2)c1Br,1,O=C(Nc1cccc(C=Cc2ccc3ccccc3c2)c1)c1cccc(C=Cc2ccc(N(c3ccccc3)c3ccccc3)cc2)c1,0.0970461,375.7828,0.1523479,0.1523,0.5733729,2.7811,1.0000000,1.0000,[],49
37.4919,52.1152,62.1070,0.8923607,Cc1ccc(NC(c2ccc(-c3ccc(-c4ccc(C)cc4)s3)cc2)c2ccc(-c3ccc(C=C(C#N)C#N)s3)s2)cc1,1,c1ccc(NC(c2ccc(-c3ccc(-c4ccccc4)s3)cc2)c2ccc(-c3cccs3)s2)cc1,0.9509540,487.8111,0.1746508,0.1747,0.5025603,3.4402,1.0000000,1.0000,[],49
40.4417,45.9632,-30.3613,0.1218904,CCc1cc(C(=O)C=Cc2ccc([N+](=O)[O-])o2)c2c(C(F)(F)F)cc(C)nc2n1,1,O=C(C=Cc1ccco1)c1ccnc2ncccc12,0.1153292,377.8789,0.2586436,0.2586,0.5461539,3.0243,1.0000000,1.0000,[],49
42.4776,49.1099,-49.0462,0.0004978,COc1ccc(COc2cc(C#N)ccc2NC(=O)C(F)(c2ccc(F)cc2)c2ccc(C#N)cc2)cc1,1,O=C(Nc1ccccc1OCc1ccccc1)C(c1ccccc1)c1ccccc1,0.0003505,313.6195,0.3139808,0.3140,0.5467164,3.0191,1.0000000,1.0000,[],49
23.5690,38.5750,78.8829,0.9176401,Cc1ccc(N(c2ccc(C)cc2)c2ccc(C=Cc3ccc(C(=O)Nc4ccc(N=Nc5ccc(N(C)C)cc5)cc4)cc3)cc2)cc1,1,O=C(Nc1ccc(N=Nc2ccccc2)cc1)c1ccc(C=Cc2ccc(N(c3ccccc3)c3ccccc3)cc2)cc1,0.9879944,447.8842,0.1195715,0.1196,0.5839033,2.6901,1.0000000,1.0000,[],49
35.5832,41.1740,65.8419,0.8360615,CCCCCCCCCCCCOc1ccc(N=Nc2ccc(N(Cc3ccccc3)C(=O)c3ccccc3)cc2)cc1OC,1,O=C(c1ccccc1)N(Cc1ccccc1)c1ccc(N=Nc2ccccc2)cc1,0.9072726,424.7632,0.0788689,0.0789,0.5942999,2.6019,1.0000000,1.0000,[],49
33.7903,39.4251,-39.4251,0.0000000,Cc1ccc(C(=O)NC(Cc2ccccc2)c2nc(C(=O)NNc3ccccc3)cs2)cc1,1,O=C(NC(Cc1ccccc1)c1nc(C(=O)NNc2ccccc2)cs1)c1ccccc1,0.0000000,0.0000,0.0000000,0.0000,0.0000000,0.0000,0.0000000,0.0000,['[#7;!n][#7;!n]'],49
39.4460,58.4942,52.7266,0.8689129,Cc1ccc(N(c2ccc(C)cc2)c2ccc3sc(-c4nnc(N=Cc5ccc(-c6ccc(C=Cc7ccc(N(c8ccccc8)c8ccccc8)cc7)s6)s5)s4)cc3c2)cc1,1,C(=Cc1ccc(-c2ccc(C=Nc3nnc(-c4cc5cc(N(c6ccccc6)c6ccccc6)ccc5s4)s3)s2)s1)c1ccc(N(c2ccccc2)c2ccccc2)cc1,0.9376602,490.5680,0.1147471,0.1147,0.4864513,3.6031,1.0000000,1.0000,[],49
36.6428,57.3645,-49.4469,0.0618568,COc1c(C2(c3ccc(N(c4ccc(C)cc4)c4ccc(C)cc4)cc3)CCCO2)ccc2sc3cc(N(c4ccccc4)c4ccccc4)ccc3c12,1,c1ccc(N(c2ccccc2)c2ccc(C3(c4ccc5sc6cc(N(c7ccccc7)c7ccccc7)ccc6c5c4)CCCO3)cc2)cc1,0.0576413,369.6629,0.1480792,0.1481,0.4772944,3.6981,1.0000000,1.0000,[],49
33.6055,36.7345,-32.3916,0.0339288,COc1ccc2c3c(c(=O)n(-c4ccc5ccccc5n4)c2c1)CCC=C3,1,O=c1c2c(c3ccccc3n1-c1ccc3ccccc3n1)C=CCC2,0.0292844,361.9886,0.5320311,0.5320,0.5946646,2.5988,1.0000000,1.0000,[],49
35.9747,43.7134,73.6419,0.9168385,CN(C)c1ccc(N=Nc2ccc3c(-c4ccc(C=[N+]=[N-])cc4)ccc([N+](=O)[O-])c3c2)cc1,1,c1ccc(N=Nc2ccc3c(-c4ccccc4)cccc3c2)cc1,0.9902334,469.8501,0.1124327,0.1124,0.5505127,2.9845,1.0000000,1.0000,[],49
53.1197,63.4439,-63.4439,0.0000000,c1c(c2c(cc3c4c(cc5c3c2c(=O)c2sc3c(cccc3)c2c5)ccc(c4)N(c2ccccc2)c2ccccc2)c(c1)-c1ccc(cc1)C)N,0,,0.0000000,0.0000,0.0000000,0.0000,0.0000000,0.0000,0.0000000,0.0000,None,49
32.6772,36.1452,-34.9015,0.0097162,O=c1c(-c2cn3c(-c4ccc(Cl)cc4)cccc3n2)c[nH]c2ccccc12,1,O=c1c(-c2cn3c(-c4ccccc4)cccc3n2)c[nH]c2ccccc12,0.0078766,347.4944,0.4654632,0.4655,0.6263365,2.3393,1.0000000,1.0000,[],49
19.4719,35.3224,82.4467,0.9200718,c1ccc(N(c2ccccc2)c2ccc(N=Nc3ccc4sc5ccc(N(c6ccccc6)c6ccccc6)cc5c4c3)cc2)cc1,1,c1ccc(N(c2ccccc2)c2ccc(N=Nc3ccc4sc5ccc(N(c6ccccc6)c6ccccc6)cc5c4c3)cc2)cc1,0.9815624,443.1554,0.1579001,0.1579,0.5989785,2.5626,1.0000000,1.0000,[],49
39.0857,46.8280,-12.9381,0.2647649,Cn1c2ccccc2c2cc(N(c3cccc(-c4ccc5ccccc5c4)c3)c3ccc(N(c4ccccc4)c4ccccc4)cc3C#N)ccc21,1,c1ccc(N(c2ccccc2)c2ccc(N(c3cccc(-c4ccc5ccccc5c4)c3)c3ccc4[nH]c5ccccc5c4c3)cc2)cc1,0.2643384,388.8871,0.1697883,0.1698,0.5566076,2.9295,1.0000000,1.0000,[],49
32.3140,49.6476,66.4352,0.9068968,N#Cc1ccc(N=Cc2ccc(-c3ccc(-c4ccc(C=Cc5ccc(C=Cc6ccc(N(c7ccccc7)c7ccccc7)cc6)cc5)cc4)c4nsnc34)cc2)cc1,1,C(=Cc1ccc(-c2ccc(-c3ccc(C=Nc4ccccc4)cc3)c3nsnc23)cc1)c1ccc(C=Cc2ccc(N(c3ccccc3)c3ccccc3)cc2)cc1,0.9844669,445.0486,0.0967117,0.0967,0.5279852,3.1934,1.0000000,1.0000,[],49
43.1930,51.3006,-46.9061,0.0343320,O=C(CNc1ccccc1NS(=O)(=O)c1ccc(-n2c(=O)c3ccccc3c3ccccc32)cc1)c1cccc2ccccc12,1,O=C(CNc1ccccc1NS(=O)(=O)c1ccc(-n2c(=O)c3ccccc3c3ccccc32)cc1)c1cccc2ccccc12,0.0309294,362.6004,0.1383287,0.1383,0.6039047,2.5217,1.0000000,1.0000,[],49
28.9605,41.6217,-26.4041,0.1188877,Cc1ccc(N(c2ccc(C)cc2)c2ccc3c(c2)c2ccc(N(c4ccc(C)cc4)c4ccccc4F)cc2n3-c2ccc(C)cc2)cc1,1,c1ccc(N(c2ccccc2)c2ccc3c(c2)c2ccc(N(c4ccccc4)c4ccccc4)cc2n3-c2ccccc2)cc1,0.1136882,377.7032,0.1698793,0.1699,0.5823147,2.7037,1.0000000,1.0000,[],49
32.0322,54.4411,61.5918,0.9065075,CCN(CC)c1ccc(N=Nc2ccc(-c3cc4cc5ccc(-c6ccc(N(c7ccccc7)c7ccccc7)cc6)cc5cc4cc3N=Nc3ccc(N(C)C)cc3)cc2)cc1,1,c1ccc(N=Nc2ccc(-c3cc4cc5ccc(-c6ccc(N(c7ccccc7)c7ccccc7)cc6)cc5cc4cc3N=Nc3ccccc3)cc2)cc1,0.9883091,471.8239,0.0859794,0.0860,0.5123568,3.3437,1.0000000,1.0000,[],49
36.2721,49.4906,70.0418,0.9338470,COc1cc2cc(N=Nc3ccc(N(C)C)cc3)ccc2cc1N=Nc1cccc(C(=O)Nc2ccc3ccccc3c2)c1,1,O=C(Nc1ccc2ccccc2c1)c1cccc(N=Nc2ccc3cc(N=Nc4ccccc4)ccc3c2)c1,0.9938510,464.7871,0.1821789,0.1822,0.5627031,2.8750,1.0000000,1.0000,[],49
28.4476,43.0311,-42.2344,0.0062241,COc1ccc(N(c2ccc(C)cc2)c2ccc(C(=O)Nc3cccc4c3CCC4)cc2)cc1,1,O=C(Nc1cccc2c1CCC2)c1ccc(N(c2ccccc2)c2ccccc2)cc1,0.0049745,342.4730,0.3386605,0.3387,0.6508892,2.1471,1.0000000,1.0000,[],49
56.8036,70.5647,-63.7590,0.0531692,Cc1ccc(Nc2cc(NC(=O)c3cccc(N(Cc4ccccc4)Cc4ccccc4)c3)c3c(-c4cc(C)nc5cc(N6CCCCC6)ccc45)cccc3c2)cc1,1,O=C(Nc1cc(Nc2ccccc2)cc2cccc(-c3ccnc4cc(N5CCCCC5)ccc34)c12)c1cccc(N(Cc2ccccc2)Cc2ccccc2)c1,0.0491471,367.8346,0.1371166,0.1371,0.5385153,3.0947,1.0000000,1.0000,[],49
35.7361,55.0269,-6.5144,0.3790038,CCCCCCCCCCCCc1cc2c(N)c(C#N)c(-c3ccc(N(c4ccccc4)c4ccccc4)cc3)nc2c2cc(O)ccc12,1,c1ccc(N(c2ccccc2)c2ccc(-c3ccc4ccc5ccccc5c4n3)cc2)cc1,0.3941229,395.3312,0.0856112,0.0856,0.5506560,2.9832,1.0000000,1.0000,[],49
39.0707,45.2859,-0.9023,0.3467467,C(=Cc1ccc(N(c2ccc(-c3ccsc3)cc2)c2ccc(-c3cc4ccccc4cn3)cc2)cc1)c1ccc(-c2ccccc2)cc1,1,C(=Cc1ccc(N(c2ccc(-c3ccsc3)cc2)c2ccc(-c3cc4ccccc4cn3)cc2)cc1)c1ccc(-c2ccccc2)cc1,0.3517439,393.3620,0.1549766,0.1550,0.5881033,2.6543,1.0000000,1.0000,[],49
47.9997,56.4248,-23.6569,0.2559996,COc1ccc(N(c2ccc(-c3ccc4c(Br)cnc(C)c4c3)cc2)c2cc3ccc4ccccc4c3c3ccccc23)cc1,1,c1ccc(N(c2ccc(-c3ccc4ccncc4c3)cc2)c2cc3ccc4ccccc4c3c3ccccc23)cc1,0.2547020,388.3426,0.1742338,0.1742,0.5804010,2.7202,1.0000000,1.0000,[],49
44.9854,53.3559,-49.6360,0.0290617,CC(C=O)=COc1ccc(Oc2ccc(N(c3ccccc3)c3ccccc3)cc2)c2cc(I)ccc12,1,c1ccc(N(c2ccccc2)c2ccc(Oc3cccc4ccccc34)cc2)cc1,0.0264564,360.8544,0.0774116,0.0774,0.5788966,2.7332,1.0000000,1.0000,[],49
39.3549,55.7758,62.2744,0.9222671,Cc1ccc(N(c2ccccc2)c2ccc(Nc3cccc4cc(N=Cc5cccs5)c(N)c(C#N)c34)cc2)cc1,1,C(=Nc1ccc2c(Nc3ccc(N(c4ccccc4)c4ccccc4)cc3)cccc2c1)c1cccs1,0.9864967,446.5914,0.1534763,0.1535,0.5549228,2.9446,1.0000000,1.0000,[],49
45.6657,69.0571,47.2477,0.9086311,Cc1ccc2c(c1)c1c(c(N=Nc3ccc(C)c(C)c3)c(C#N)c3cc(-c4ccc(N(c5ccccc5)c5ccccc5)cc4)ccc31)c(=O)n2C,1,O=c1[nH]c2ccccc2c2c1c(N=Nc1ccccc1)cc1cc(-c3ccc(N(c4ccccc4)c4ccccc4)cc3)ccc12,0.9770673,440.7367,0.1302021,0.1302,0.5321570,3.1541,1.0000000,1.0000,[],49
18.6826,31.8044,87.0157,0.9282827,O=c1c2ccccc2oc2ccc(N=Nc3ccc(N(c4ccccc4)c4ccccc4)cc3)cc12,1,O=c1c2ccccc2oc2ccc(N=Nc3ccc(N(c4ccccc4)c4ccccc4)cc3)cc12,0.9849651,445.4080,0.1879148,0.1879,0.6103507,2.4686,1.0000000,1.0000,[],49
51.5993,63.6678,-58.7299,0.0385777,Cc1cc2c(=O)c(-c3ccc(Cn4c5ccc(C=O)cc5c5cc(N(c6ccccc6)c6ccccc6)ccc54)c4ccccc34)c(C)oc2c(C)c1C,1,O=c1c(-c2ccc(Cn3c4ccccc4c4cc(N(c5ccccc5)c5ccccc5)ccc43)c3ccccc23)coc2ccccc12,0.0349379,363.9685,0.1551679,0.1552,0.5296625,3.1776,1.0000000,1.0000,[],49
39.8456,57.0187,60.7448,0.9200268,Cc1ccc(N=c2cnc3cc(-c4ccc(C)s4)c4cc(-c5ccc(N(c6ccccc6)c6ccccc6)cc5)ccc4c3o2)cc1,1,c1ccc(N=c2cnc3cc(-c4cccs4)c4cc(-c5ccc(N(c6ccccc6)c6ccccc6)cc5)ccc4c3o2)cc1,0.9808160,442.7162,0.1726692,0.1727,0.5417445,3.0648,1.0000000,1.0000,[],49
27.9835,34.2592,16.1158,0.3935547,Oc1c(Br)cc(Br)cc1C=Nc1ccc(-c2ccc(N3CCCC3)nn2)cc1,1,C(=Nc1ccc(-c2ccc(N3CCCC3)nn2)cc1)c1ccccc1,0.3880566,395.0546,0.4638190,0.4638,0.6000896,2.5534,1.0000000,1.0000,[],49
43.1412,59.5084,-59.5084,0.0000000,O=S(c1ccc(cc1)C)(N1Cc2ccccc2N=C(c2c1cccc2)c1c2ccc(N(c3ccccc3)c3ccccc3)cc2c2cc(OC)ccc12)=O,0,,0.0000000,0.0000,0.0000000,0.0000,0.0000000,0.0000,0.0000000,0.0000,None,49
40.7251,61.4157,-50.8559,0.0824982,Cc1ccc(O)c(C=Nc2ccc(-c3c(-c4ccc(N(c5ccccc5)c5ccccc5)cc4)n(C4(c5ccccc5)Cc5ccccc5C4)c4ccccc34)cc2)c1,1,C(=Nc1ccc(-c2c(-c3ccc(N(c4ccccc4)c4ccccc4)cc3)n(C3(c4ccccc4)Cc4ccccc4C3)c3ccccc23)cc1)c1ccccc1,0.0779193,373.1719,0.1488429,0.1488,0.5128498,3.3389,1.0000000,1.0000,[],49
41.1939,59.7467,57.1848,0.9135270,CC1(C)c2ccccc2-c2c1cc1cc(N=Nc3ccc4ccc5c(c4c3)c3ccccc3c(=O)n5-c3ccccc3)ccc1c2N(c1ccccc1)c1ccccc1,1,O=c1c2ccccc2c2c3cc(N=Nc4ccc5c(N(c6ccccc6)c6ccccc6)c6c(cc5c4)Cc4ccccc4-6)ccc3ccc2n1-c1ccccc1,0.9847278,445.2354,0.1252218,0.1252,0.5093667,3.3729,1.0000000,1.0000,[],49
40.2321,49.7045,62.1463,0.8738347,CCN1C(=Cc2nc3c(N=Nc4ccc(N(C)c5ccccc5)cc4)cccc3s2)N(C)c2ccccc21,1,C(=C1Nc2ccccc2N1)c1nc2c(N=Nc3ccc(Nc4ccccc4)cc3)cccc2s1,0.9231690,493.0064,0.2116914,0.2117,0.5395747,3.0849,1.0000000,1.0000,[],49
74.3692,90.2755,-90.2755,0.0000000,[C-]#[N+]Cc1c(C#Cc2cccc(C(=O)OC(C)(C)C)c2)cc2c(c1-c1ccc(C)cc1)C1=C(c3ccc(C)cc3)C2=C(c2ccc(C)cc2)c2c(cccc2-c2ccc([N+](=O)[O-])cc2)C=C1,1,C(#Cc1cc2c(c(-c3ccccc3)c1)C1=C(c3ccccc3)C2=C(c2ccccc2)c2c(cccc2-c2ccccc2)C=C1)c1ccccc1,0.0000000,0.0000,0.0000000,0.0000,0.0000000,0.0000,0.0000000,0.0000,"['[*;r{8-17}]', 'C#C', 'C(=[O,S])[O,S]']",49
32.4696,57.7381,60.1558,0.9210462,C(=CN(Cc1cc2ccccc2[nH]1)c1ccccc1N=Nc1ccc(N(c2ccccc2)c2ccccc2)cc1)c1ccc(N(c2ccccc2)c2ccccc2)cc1,1,C(=CN(Cc1cc2ccccc2[nH]1)c1ccccc1N=Nc1ccc(N(c2ccccc2)c2ccccc2)cc1)c1ccc(N(c2ccccc2)c2ccccc2)cc1,0.9945170,463.5352,0.1190311,0.1190,0.5176073,3.2927,1.0000000,1.0000,[],49
60.6371,91.9947,-91.9947,0.0000000,COc1ccc(OC)c(-c2cc3cc4c(cc3c(-c3ccc(N(c5ccccc5)c5ccccc5)cc3)c2C#N)c2c(OC(C)=O)c3ccc(N=Cc5ccc(N(c6ccccc6)c6ccccc6)cc5)cc3cc2n4-c2ccc(C)cc2)c1,1,C(=Nc1ccc2cc3c4cc5c(-c6ccc(N(c7ccccc7)c7ccccc7)cc6)cc(-c6ccccc6)cc5cc4n(-c4ccccc4)c3cc2c1)c1ccc(N(c2ccccc2)c2ccccc2)cc1,0.0000000,0.0000,0.0000000,0.0000,0.0000000,0.0000,0.0000000,0.0000,"['C(=[O,S])[O,S]']",49
47.0663,61.1802,9.2336,0.5501078,CCCCCCN(CCCCCC)c1ccc(N=Nc2sc(Oc3ccc(C=Cc4ccc(N(C)C)cc4)cc3OC)nc2-c2ccc(N(c3ccccc3)c3ccccc3)cc2)cc1,1,C(=Cc1ccc(Oc2nc(-c3ccc(N(c4ccccc4)c4ccccc4)cc3)c(N=Nc3ccccc3)s2)cc1)c1ccccc1,0.6009724,515.5537,0.0362228,0.0362,0.4878959,3.5883,1.0000000,1.0000,[],49
39.8740,51.4129,58.7995,0.8610350,Cc1ccc(N(c2ccc(C)cc2)c2ccc3cc(C=Cc4sc5ccc(Br)cc5c4-c4ccc(N(c5ccccc5)c5ccccc5)c5ccccc45)ccc3c2)cc1,1,C(=Cc1sc2ccccc2c1-c1ccc(N(c2ccccc2)c2ccccc2)c2ccccc12)c1ccc2cc(N(c3ccccc3)c3ccccc3)ccc2c1,0.9211360,426.6861,0.1427187,0.1427,0.5175346,3.2934,1.0000000,1.0000,[],49
33.6319,45.2828,54.6557,0.7807697,CCCCCCOc1ccc(N=Nc2cc3cc(C=Cc4ccc5ccccc5c4)ccc3c3ccccc23)cc1,1,C(=Cc1ccc2c(c1)cc(N=Nc1ccccc1)c1ccccc12)c1ccc2ccccc2c1,0.8458946,418.4875,0.0744468,0.0744,0.5900053,2.6381,1.0000000,1.0000,[],49
32.2283,47.6443,-47.6443,0.0000000,CCOC(=O)C1=C(C=Cc2ccc(N(c3ccccc3)c3ccccc3)cc2)N(Cc2ccc3ccccc3c2)C(=O)C1=Cc1ccccc1,1,O=C1C(=Cc2ccccc2)C=C(C=Cc2ccc(N(c3ccccc3)c3ccccc3)cc2)N1Cc1ccc2ccccc2c1,0.0000000,0.0000,0.0000000,0.0000,0.0000000,0.0000,0.0000000,0.0000,"['C(=[O,S])[O,S]']",49
37.4165,56.6784,-56.6784,0.0000000,c1(N2c3c(C(c4c2ccc(c4)N2c4ccccc4Oc4ccccc24)(C)C)cc(N(c2ccccc2)c2ccccc2)ccc3)ccc(cc1)C=Cc1ccc(N(c2ccccc2)c2ccccc2)cc1F,0,,0.0000000,0.0000,0.0000000,0.0000,0.0000000,0.0000,0.0000000,0.0000,None,49
35.4203,39.9044,-39.7975,0.0008353,CCCCCCCCOc1ccc(-c2ccc3ncnc(NCC4(c5ccccc5)CCOCC4)c3c2)cc1,1,c1ccc(-c2ccc3ncnc(NCC4(c5ccccc5)CCOCC4)c3c2)cc1,0.0006139,319.7097,0.1790311,0.1790,0.5979691,2.5711,1.0000000,1.0000,[],50
39.7317,42.7843,-41.6978,0.0084884,CCCCCCCCCc1cc(Nc2ccc(Cc3ccccc3)cc2)ccc1Nc1ccc(Nc2ccccc2)cc1,1,c1ccc(Cc2ccc(Nc3ccc(Nc4ccc(Nc5ccccc5)cc4)cc3)cc2)cc1,0.0071624,346.4546,0.1037831,0.1038,0.6333348,2.2838,1.0000000,1.0000,[],50
37.3321,51.2340,20.3059,0.5589056,Cc1ccc(CNc2ccc3nc4cc5ccc(N6c7ccccc7Oc7ccccc76)cc5cc4nc3c2)cc1,1,c1ccc(CNc2ccc3nc4cc5ccc(N6c7ccccc7Oc7ccccc76)cc5cc4nc3c2)cc1,0.5741222,516.7570,0.2297169,0.2297,0.5921433,2.6200,1.0000000,1.0000,[],50
55.0338,64.1515,-64.1515,0.0000000,N(c1c(n2c(=Nc3c(OC2)cc(OC)c(c3)C)c2c1ccc(c2)Cl)=O)CC(Nc1cccc(C)c1)=O,0,,0.0000000,0.0000,0.0000000,0.0000,0.0000000,0.0000,0.0000000,0.0000,None,50
27.3302,44.4439,44.5844,0.6955337,COc1ccc(-c2ccc(-c3ccc(C=Cc4ccc(-c5ccccc5-c5ccc(N(c6ccccc6)c6ccccc6)cc5)cc4)s3)s2)cc1,1,C(=Cc1ccc(-c2ccc(-c3ccccc3)s2)s1)c1ccc(-c2ccccc2-c2ccc(N(c3ccccc3)c3ccccc3)cc2)cc1,0.7342490,411.0342,0.1413607,0.1414,0.5792364,2.7302,1.0000000,1.0000,[],50
55.0991,71.6944,-71.6944,0.0000000,c1c2c(ccc1)C(=O)N(c1ccc(N(c3ccccc3)c3ccccc3)cc1)C2=c1c2c(c(c(c1[N+]#[C-])C#N)-c1sc(cc1)C=O)cc1c(OCCCO1)c2,0,,0.0000000,0.0000,0.0000000,0.0000,0.0000000,0.0000,0.0000000,0.0000,None,50
70.2751,94.3443,1.7045,0.7503812,CCC(CC)Cc1c(C(=O)c2ccc(Cl)cc2)c2c(c3cc(C)c(C)cc13)C(c1ccc(Cl)cc1)=NC(c1ccc(N(c3ccc(C)cc3)c3ccc(C)cc3)cc1)C(=S)N2Cc1ccc(N(c2ccccc2)c2ccccc2)cc1,1,O=C(c1ccccc1)c1cc2ccccc2c2c1N(Cc1ccc(N(c3ccccc3)c3ccccc3)cc1)C(=S)C(c1ccc(N(c3ccccc3)c3ccccc3)cc1)N=C2c1ccccc1,0.8191979,416.4046,0.0712133,0.0712,0.3974541,4.6134,1.0000000,1.0000,[],50
39.8117,56.2479,-56.2479,0.0000000,C1CC(c2c3c(c4nc(sc4c(N(c4ccccc4)c4ccccc4)n3)c1OCCCCCCCC)ccc2)=O,0,,0.0000000,0.0000,0.0000000,0.0000,0.0000000,0.0000,0.0000000,0.0000,None,50
33.8438,37.4026,-34.9502,0.0191594,Cc1ccc(Oc2ccc(C(=O)c3ccc(C#N)c(C#N)c3)cc2)cc1C,1,O=C(c1ccccc1)c1ccc(Oc2ccccc2)cc1,0.0159437,355.2392,0.6144409,0.6144,0.6506719,2.1487,1.0000000,1.0000,[],50
68.1250,94.4673,-94.4673,0.0000000,c1cc(ccc1OCc1ccccc1)Oc1ccc(cc1)N1c2ccc(cc2N=Cc2c1ccc1N(c3ccccc3)CCC(c12)c1ccccc1)C=Cc1ccc(cc1)N=c1ccc(cc1)N(CCCCCCCC)c1ccccc1,0,,0.0000000,0.0000,0.0000000,0.0000,0.0000000,0.0000,0.0000000,0.0000,None,50
33.7748,42.3167,-42.3167,0.0000000,C(#Cc1ccc2c(ccc3ccc(-c4ccc(N(c5ccccc5)c5ccccc5)cc4)cc32)c1)c1ccc(N(c2ccccc2)c2ccc(-c3ccccc3)cc2)cc1,1,C(#Cc1ccc2c(ccc3ccc(-c4ccc(N(c5ccccc5)c5ccccc5)cc4)cc32)c1)c1ccc(N(c2ccccc2)c2ccc(-c3ccccc3)cc2)cc1,0.0000000,0.0000,0.0000000,0.0000,0.0000000,0.0000,0.0000000,0.0000,['C#C'],50
37.3890,68.3805,-63.6442,0.0370023,CCCCCCCCN(c1ccccc1)c1ccc(N=Nc2cc3cc(N(c4ccccc4)c4ccccc4)c(N=Nc4ccc(C#N)cc4C#N)cc3cc2N)c2ccccc12,1,c1ccc(N=Nc2cc3ccc(N=Nc4ccc(Nc5ccccc5)c5ccccc45)cc3cc2N(c2ccccc2)c2ccccc2)cc1,0.0345628,556.1529,0.0589106,0.0589,0.4701470,3.7735,1.0000000,1.0000,[],50
55.3649,67.9287,-67.9287,0.0000000,c12c3sc(cc3nc3c1cc1cc(sc1c3)-c1ccccc1)cc1nsc(c21)N(c1ccccc1)c1ccc(cc1)CC,0,,0.0000000,0.0000,0.0000000,0.0000,0.0000000,0.0000,0.0000000,0.0000,None,50
51.4793,63.9387,-63.9387,0.0000000,C(=O)(Nc1cc(O)cc2c1ccc(N=c1cc(Cl)c(c(c1)Cl)N=Nc1cc(Cl)c(Cl)cc1)c2)c1ccco1,0,,0.0000000,0.0000,0.0000000,0.0000,0.0000000,0.0000,0.0000000,0.0000,None,50
36.3569,41.7819,-0.2572,0.3244120,Nc1c(-c2ccccc2)c(NCc2ccccc2)cc2oc(=O)c(C(=O)c3ccccc3)c(N)c12,1,O=C(c1ccccc1)c1cc2cc(-c3ccccc3)c(NCc3ccccc3)cc2oc1=O,0.3264382,392.1356,0.1756961,0.1757,0.6055615,2.5080,1.0000000,1.0000,[],50
51.4940,61.3232,-61.3232,0.0000000,CCOc1cc2c(cc1C=Nc1ccc(N(C)C)cc1)oc1cc(C=NN(c3ccc(OC)cc3)c3cccc4ccccc34)ccc12,1,C(=Nc1ccccc1)c1ccc2c(c1)oc1cc(C=NN(c3ccccc3)c3cccc4ccccc34)ccc12,0.0000000,0.0000,0.0000000,0.0000,0.0000000,0.0000,0.0000000,0.0000,['[#7;!n][#7;!n]'],50
34.4393,45.6702,74.8651,0.9416822,O=c1c(=Cc2cccc([N+](=O)[O-])c2)nc(-c2ccc(Cl)cc2)c2n1-c1ccccc1C=CN=2,1,O=c1c(=Cc2ccccc2)nc(-c2ccccc2)c2n1-c1ccccc1C=CN=2,0.9832367,444.2075,0.3466307,0.3466,0.5421989,3.0606,1.0000000,1.0000,[],50
19.8438,37.2733,42.3024,0.6216848,Cc1ccc(N(c2ccc(C)cc2)c2ccc(C=Cc3ccc(N(c4ccc(C=Cc5ccc(N(c6ccccc6)c6ccccc6)cc5)cc4)c4ccc(C(=O)c5ccccc5)cc4)cc3)cc2)cc1,1,O=C(c1ccccc1)c1ccc(N(c2ccc(C=Cc3ccc(N(c4ccccc4)c4ccccc4)cc3)cc2)c2ccc(C=Cc3ccc(N(c4ccccc4)c4ccccc4)cc3)cc2)cc1,0.6659237,407.4895,0.0756217,0.0756,0.5596032,2.9026,1.0000000,1.0000,[],50
27.9463,36.2446,25.3906,0.4815250,c1ccc(N(c2ccccc2)c2ccc3c(c2)c2c(N(c4ccccc4)c4ccccc4)cccc2c2cc4ccccc4n32)cc1,1,c1ccc(N(c2ccccc2)c2ccc3c(c2)c2c(N(c4ccccc4)c4ccccc4)cccc2c2cc4ccccc4n32)cc1,0.4950075,399.7832,0.1756146,0.1756,0.5888991,2.6475,1.0000000,1.0000,[],50
27.8479,42.6946,-36.3575,0.0495092,Cc1ccc(-c2cc(-c3ccc4cc(N(c5ccc(C)cc5)c5ccc(C)cc5)ccc4c3)cc3ccc(C)cc23)cc1,1,c1ccc(-c2cc(-c3ccc4cc(N(c5ccccc5)c5ccccc5)ccc4c3)cc3ccccc23)cc1,0.0448673,366.7967,0.2048467,0.2048,0.6316205,2.2973,1.0000000,1.0000,[],50
38.9266,51.5866,60.1776,0.8731575,Cc1ccc(-n2c3ccccc3c3nc(N=Cc4ccccc4Cl)n(-c4ccc([N+](=O)[O-])cc4)c(=N)c32)cc1,1,N=c1c2c(nc(N=Cc3ccccc3)n1-c1ccccc1)c1ccccc1n2-c1ccccc1,0.9325920,428.5245,0.1457902,0.1458,0.5606397,2.8934,1.0000000,1.0000,[],50
32.1818,42.7372,-41.7646,0.0075987,CCCCN1C(C#N)=C(N)C2C(c3ccccc3)Nc3ccccc3C21,1,C1=CC2C(c3ccccc3)Nc3ccccc3C2N1,0.0059974,344.5145,0.8667546,0.8668,0.4751523,3.7206,1.0000000,1.0000,[],50
35.6827,60.2029,-60.2029,0.0000000,C(Nc1cc(c(cc1C(c1ccc(N(CC)CC)cc1)=O)N=Nc1ccc(N(c2ccccc2)c2ccccc2)cc1)=O)(c1ccc(cc1)N=Nc1ccc(N(CCCC)CCCC)cc1)=O,0,,0.0000000,0.0000,0.0000000,0.0000,0.0000000,0.0000,0.0000000,0.0000,None,50
32.9626,55.3512,49.4366,0.8186554,Cc1ccc(-c2c(-c3ccc(N(c4ccccc4)c4ccccc4)cc3)c3cc(O)ccc3c3cc(C=Cc4ccc(N(c5ccccc5)c5ccccc5)cc4)c(N(c4ccccc4)c4ccccc4)cc23)cc1,1,C(=Cc1cc2c(cc1N(c1ccccc1)c1ccccc1)c(-c1ccccc1)c(-c1ccc(N(c3ccccc3)c3ccccc3)cc1)c1ccccc12)c1ccc(N(c2ccccc2)c2ccccc2)cc1,0.8859789,422.2610,0.0921151,0.0921,0.5081016,3.3854,1.0000000,1.0000,[],50
56.9120,73.8137,45.2861,0.9304675,Cc1ccc(S(=O)(=O)Nc2c(N)c(C#N)c(C3CCCCC3)c3c(N)n(CC#N)c4nc5ccsc5c(=O)c-4c23)cc1,1,O=c1c2c3c(NS(=O)(=O)c4ccccc4)ccc(C4CCCCC4)c3c[nH]c-2nc2ccsc12,0.9936564,454.8725,0.1769649,0.1770,0.4948903,3.5171,1.0000000,1.0000,[],50
58.7397,78.3680,-75.7898,0.0201418,CCN(CC)c1ccc(N=Nc2c(C#N)c(-c3ccccc3)c(N=Nc3cc(C(C)=O)ccc3N)c(N)c2N=Nc2nc3ccc(S(=O)(=O)N4CCCc5ccccc54)cn3c2-c2ccccc2)cc1,1,O=S(=O)(c1ccc2nc(N=Nc3cc(N=Nc4ccccc4)c(-c4ccccc4)cc3N=Nc3ccccc3)c(-c3ccccc3)n2c1)N1CCCc2ccccc21,0.0182423,563.2731,0.0603982,0.0604,0.4286860,4.2352,1.0000000,1.0000,[],50
55.2884,74.7631,37.3134,0.8755976,CC1CC(=O)C(=C(C=Cc2ccc(N(c3ccccc3)c3ccccc3)cc2)c2ccc3ccccc3c2)N1C=Cc1cc(C#N)c2cccc(N(c3ccccc3)c3ccccc3)c2c1,1,O=C1CCN(C=Cc2ccc3cccc(N(c4ccccc4)c4ccccc4)c3c2)C1=C(C=Cc1ccc(N(c2ccccc2)c2ccccc2)cc1)c1ccc2ccccc2c1,0.9458653,488.9412,0.1213676,0.1214,0.4336939,4.1771,1.0000000,1.0000,[],50
29.4346,32.5616,-4.8529,0.2164738,Cc1ccc(-n2nc(C)c(C=C(C#N)c3nc4ccccc4[nH]3)c2N2CCCCC2)cc1,1,C(=Cc1cnn(-c2ccccc2)c1N1CCCCC1)c1nc2ccccc2[nH]1,0.2071674,385.4285,0.4457609,0.4458,0.5906809,2.6324,1.0000000,1.0000,[],50
28.9482,51.4664,65.3324,0.9124905,Cc1ccc(N(c2ccc(C=Cc3ccc(N(c4ccccc4)c4ccccc4)c4ccccc34)cc2)c2ccc(N=Nc3ccc(N(c4ccccc4)c4ccccc4)cc3)c(O)c2)cc1,1,C(=Cc1ccc(N(c2ccccc2)c2ccccc2)c2ccccc12)c1ccc(N(c2ccccc2)c2ccc(N=Nc3ccc(N(c4ccccc4)c4ccccc4)cc3)cc2)cc1,0.9928027,466.5077,0.0926529,0.0927,0.5130267,3.3371,1.0000000,1.0000,[],50
28.2370,49.1882,50.1343,0.7759570,Cc1ccc(N(c2ccc(C=Cc3ccc(N=Cc4ccc(-c5ccc6cc(N(c7ccccc7)c7ccccc7)ccc6c5)cc4)cc3)cc2)c2ccc(C=Cc3ccc(N(c4ccccc4)c4ccccc4)cc3)cc2)cc1,1,C(=Cc1ccc(N(c2ccccc2)c2ccc(C=Cc3ccc(N(c4ccccc4)c4ccccc4)cc3)cc2)cc1)c1ccc(N=Cc2ccc(-c3ccc4cc(N(c5ccccc5)c5ccccc5)ccc4c3)cc2)cc1,0.8444236,418.3654,0.0711203,0.0711,0.5038214,3.4277,1.0000000,1.0000,[],50
53.6396,83.5399,9.5013,0.7268840,CCCCCCCc1c(CCCCCC)cc2cc(C=Cc3ccc(N(c4ccccc4)c4ccccc4)cc3)ccc2c1-c1ccc2c3cc(-c4ccc(C=Cc5ccc(C=Cc6ccc(C=Cc7ccc(C)cc7)cc6)cc5)s4)ccc3n(-c3ccc(C)cc3)c2c1,1,C(=Cc1ccc(C=Cc2ccc(C=Cc3ccc(-c4ccc5c(c4)c4ccc(-c6cccc7cc(C=Cc8ccc(N(c9ccccc9)c9ccccc9)cc8)ccc67)cc4n5-c4ccccc4)s3)cc2)cc1)c1ccccc1,0.8054859,415.4277,0.0408964,0.0409,0.4149327,4.3982,1.0000000,1.0000,[],50
33.7543,35.0987,-34.8422,0.0020040,Cn1c2c(c3ccccc31)C(c1cccn1-c1ccccc1)N(c1ccccc1)C2=O,1,O=C1c2[nH]c3ccccc3c2C(c2cccn2-c2ccccc2)N1c1ccccc1,0.0015081,329.4769,0.3789628,0.3790,0.5649450,2.8551,1.0000000,1.0000,[],50
40.7747,59.5002,58.5324,0.9221302,CCCN(C)c1ccc(C2=C3CCCCC3N(c3ccc(N=Nc4ccc(N(c5ccccc5)c5ccccc5)cc4)cc3)c3ccc(OC)cc32)cc1,1,c1ccc(C2=C3CCCCC3N(c3ccc(N=Nc4ccc(N(c5ccccc5)c5ccccc5)cc4)cc3)c3ccccc32)cc1,0.9955285,461.3099,0.1256404,0.1256,0.4823559,3.6454,1.0000000,1.0000,[],50
61.9261,84.5329,20.9606,0.8241679,C=CCN(C(=O)c1c(Cl)cc(Cl)c2c1ccc1cc(NC(=S)Nc3c(C=Nc4ccc(C=Cc5ccc6ccccc6c5)cc4)ccc4ccccc34)ccc12)c1ccc(N=Nc2ccccc2)cc1,1,O=C(Nc1ccc(N=Nc2ccccc2)cc1)c1cccc2c1ccc1cc(NC(=S)Nc3c(C=Nc4ccc(C=Cc5ccc6ccccc6c5)cc4)ccc4ccccc34)ccc12,0.9246321,427.2196,0.0319166,0.0319,0.4583882,3.9002,1.0000000,1.0000,[],50
33.5841,55.5857,-44.4925,0.0866653,CCCCn1c(=Nc2ccc(C(C)=Cc3ccc(N(c4ccc(C)cc4)c4ccc(C)cc4)cc3)cc2)sc2cc(Cl)ccc21,1,C(=Cc1ccc(N(c2ccccc2)c2ccccc2)cc1)c1ccc(N=c2[nH]c3ccccc3s2)cc1,0.0819366,373.7651,0.1460176,0.1460,0.5694326,2.8156,1.0000000,1.0000,[],50
33.5987,48.4633,-14.7660,0.2632603,COc1ccc2cc(-c3c(C#N)nc(-c4cccc(N(c5ccccc5)c5ccccc5)c4)nc3-c3ccc(N(c4ccccc4)c4ccccc4)cc3)ccc2c1,1,c1ccc(N(c2ccccc2)c2ccc(-c3nc(-c4cccc(N(c5ccccc5)c5ccccc5)c4)ncc3-c3ccc4ccccc4c3)cc2)cc1,0.2645549,388.8991,0.1387722,0.1388,0.5448985,3.0358,1.0000000,1.0000,[],50
26.1945,39.0769,24.7276,0.4984722,Cc1ccc(N(c2ccccc2)c2ccc(C=Cc3ccccc3N(c3ccc(C=Cc4ccc(N(c5ccc(C)cc5)c5ccc(C)cc5)cc4)cc3)c3ccc(C)c(C)c3)cc2)cc1,1,C(=Cc1ccc(N(c2ccccc2)c2ccccc2C=Cc2ccc(N(c3ccccc3)c3ccccc3)cc2)cc1)c1ccc(N(c2ccccc2)c2ccccc2)cc1,0.5222263,400.9659,0.1070121,0.1070,0.5490453,2.9979,1.0000000,1.0000,[],50
50.7453,75.8915,-75.8915,0.0000000,c1c(c2c(cc(c(=Nc3ccc(c(c3)NC(=O)c3ccc(C)cc3)C=Cc3ccc(cc3)N(CC)CC)c2)N(c2ccc(cc2)C)c2ccc(cc2)C)c(c1)-c1ccc(C)cc1)C#N,0,,0.0000000,0.0000,0.0000000,0.0000,0.0000000,0.0000,0.0000000,0.0000,None,50
52.5284,78.9626,-78.9626,0.0000000,C1OC(O)([C@@]2(CCCN(C2)c2cc(ccc2)C=Cc2ccc(cc2)N(c2ccccc2)c2ccccc2)C#N)c2c(cc(cc2)N(c2ccccc2)c2ccccc2)c1,0,,0.0000000,0.0000,0.0000000,0.0000,0.0000000,0.0000,0.0000000,0.0000,None,50
26.5944,33.1224,86.6099,0.9354085,Cc1ccc(N=Nc2ccc(N=Nc3c(O)c(=O)oc4ccccc34)cc2)cc1,1,O=c1cc(N=Nc2ccc(N=Nc3ccccc3)cc2)c2ccccc2o1,0.9780221,478.7909,0.3151736,0.3152,0.5763402,2.7553,1.0000000,1.0000,[],50
37.1182,52.0567,64.3933,0.9097653,Cc1ccc(N(c2ccc(C)cc2)c2cc(-c3ccc(C=C(C#N)c4ccc(Cl)cc4)s3)c3cc(F)ccc3n2)cc1,1,C(=Cc1ccc(-c2cc(N(c3ccccc3)c3ccccc3)nc3ccccc23)s1)c1ccccc1,0.9667664,436.5936,0.1824670,0.1825,0.5648307,2.8561,1.0000000,1.0000,[],50
21.9505,30.5990,32.8149,0.4954210,Nc1c2ccccc2c(-c2ccc3cc(N(c4ccccc4)c4ccccc4)ccc3c2)c2ccccc12,1,c1ccc(N(c2ccccc2)c2ccc3cc(-c4c5ccccc5cc5ccccc45)ccc3c2)cc1,0.5072197,400.3136,0.1980719,0.1981,0.6407239,2.2258,1.0000000,1.0000,[],50
53.2988,69.7527,-69.7524,0.0000028,C=CCc1cccc2c1N(CCCC)C(=C=CC(=CC=Cc1sc3cc(-c4ccc(C)cc4)ccc3[n+]1CCCCCCCC)c1ccc(OC)cc1)S2,1,C(=CC(=CC=Cc1[nH+]c2ccc(-c3ccccc3)cc2s1)c1ccccc1)=C1Nc2ccccc2S1,0.0000016,664.6899,0.0291611,0.0292,0.4682582,3.7937,1.0000000,1.0000,[],50
30.9790,45.5297,71.9125,0.9175176,Cc1ccc(N(c2ccc(C)cc2)c2ccc3cc4ccc(CNc5cc(C)ccc5C)cc4cc3c2)cc1,1,c1ccc(NCc2ccc3cc4ccc(N(c5ccccc5)c5ccccc5)cc4cc3c2)cc1,0.9670486,436.6894,0.2260400,0.2260,0.6175157,2.4103,1.0000000,1.0000,[],50
39.6848,52.7523,55.0323,0.8420674,CN=c1oc2cc3oc(-c4ccc([N+](=O)[O-])cc4)cc3cc2c(C)c1C=Cc1ccc(N(C)C)cc1,1,N=c1oc2cc3oc(-c4ccccc4)cc3cc2cc1C=Cc1ccccc1,0.8885424,422.5392,0.2037133,0.2037,0.5515702,2.9749,1.0000000,1.0000,[],50
38.4801,51.0001,-15.6892,0.2758663,C(=Cc1ccc2cc(-c3ccccc3N(c3ccc(C=Cc4ccc(-c5ccc(N(c6ccccc6)c6ccccc6)cc5)cc4)cc3)c3cc4ccccc4c4ccccc34)ccc2c1)c1ccccc1,1,C(=Cc1ccc2cc(-c3ccccc3N(c3ccc(C=Cc4ccc(-c5ccc(N(c6ccccc6)c6ccccc6)cc5)cc4)cc3)c3cc4ccccc4c4ccccc34)ccc2c1)c1ccccc1,0.2820359,389.8550,0.0889910,0.0890,0.5265688,3.2069,1.0000000,1.0000,[],50
43.8471,48.8127,14.2436,0.4926271,Cc1ccc(-c2cc(=O)oc3c(C#N)c(=O)n(CC(C)C)c(N4CCN(c5ccccc5C)CC4)c23)cc1,1,O=c1cc2oc(=O)cc(-c3ccccc3)c2c(N2CCN(c3ccccc3)CC2)[nH]1,0.4954706,399.8033,0.3733876,0.3734,0.5679714,2.8284,1.0000000,1.0000,[],50
23.8647,34.4379,21.0128,0.4332082,Cc1ccc(S(=O)(=O)n2c3ccccc3c(=O)c3ccc(N(c4ccccc4)c4ccccc4)cc32)cc1,1,O=c1c2ccccc2n(S(=O)(=O)c2ccccc2)c2cc(N(c3ccccc3)c3ccccc3)ccc12,0.4387719,397.3275,0.2279991,0.2280,0.6188614,2.3994,1.0000000,1.0000,[],50
38.8330,47.8509,-45.6472,0.0172163,Nc1c(Nc2ccccc2)cc(N2CCCCC2)cc1Nc1ccc(NC(=O)c2ccc(N(c3ccccc3)c3ccccc3)cc2)cc1,1,O=C(Nc1ccc(Nc2cc(Nc3ccccc3)cc(N3CCCCC3)c2)cc1)c1ccc(N(c2ccccc2)c2ccccc2)cc1,0.0150708,354.6183,0.1110801,0.1111,0.5849018,2.6816,1.0000000,1.0000,[],50
33.6389,38.7240,-26.3524,0.0966539,Cc1ccc(-c2nc3cc(Cl)c(Cl)cc3n(CC(=O)Nc3ccccc3C#N)c2=O)cc1,1,O=C(Cn1c(=O)c(-c2ccccc2)nc2ccccc21)Nc1ccccc1,0.0885011,374.6798,0.4514055,0.4514,0.6295952,2.3134,1.0000000,1.0000,[],50
34.2237,57.0866,55.5573,0.8800305,COc1ccc(-c2cc(-c3ccc(C)cc3)cc3cc4ccc(N(c5ccccc5)c5ccccc5)cc4c(-c4ccc(C=Cc5ccc(C=Cc6ccc(C)cc6)cc5)cc4)c23)cc1,1,C(=Cc1ccc(C=Cc2ccc(-c3c4cc(N(c5ccccc5)c5ccccc5)ccc4cc4cc(-c5ccccc5)cc(-c5ccccc5)c34)cc2)cc1)c1ccccc1,0.9541143,432.9481,0.0950565,0.0951,0.5332072,3.1442,1.0000000,1.0000,[],50
42.7482,65.9888,45.9095,0.8742058,CCCCCCCCOc1ccc(N(c2ccc(C=Cc3ccc(N(c4ccccc4)c4ccc(C=Nc5ccc(C)cc5)cc4)cc3)cc2)c2ccc(N=Nc3ccc4cc(N=Nc5ccc(N(c6ccccc6)c6ccccc6)cc5)ccc4c3)cc2)cc1,1,C(=Cc1ccc(N(c2ccccc2)c2ccc(N=Nc3ccc4cc(N=Nc5ccc(N(c6ccccc6)c6ccccc6)cc5)ccc4c3)cc2)cc1)c1ccc(N(c2ccccc2)c2ccc(C=Nc3ccccc3)cc2)cc1,0.9927390,466.6041,0.0247110,0.0247,0.4382103,4.1253,1.0000000,1.0000,[],50
29.1907,41.1444,35.2493,0.5968261,N#Cc1c(-c2ccccc2)oc2ccc(N(c3ccccc3)c3ccccc3)cc2c1=Nc1ccc2ccccc2c1,1,c1ccc(-c2cc(=Nc3ccc4ccccc4c3)c3cc(N(c4ccccc4)c4ccccc4)ccc3o2)cc1,0.6165435,405.1562,0.2187008,0.2187,0.5745659,2.7707,1.0000000,1.0000,[],50
41.4306,52.0974,-48.9329,0.0247233,CCn1cc(N2c3ccccc3Sc3cc(N(c4ccc(C)cc4)S(=O)(=O)c4ccc(C)cc4)ccc32)cn1,1,O=S(=O)(c1ccccc1)N(c1ccccc1)c1ccc2c(c1)Sc1ccccc1N2c1cn[nH]c1,0.0216335,358.6156,0.2096396,0.2096,0.5682663,2.8258,1.0000000,1.0000,[],50
44.3738,62.1432,54.3172,0.9098468,CN=Cc1cc2cc(N=C(N)c3ccc(N=Nc4ccc(N=Nc5ccc(N(C)C)cc5)cc4)cc3)[nH]c2s1,1,C(=Nc1cc2ccsc2[nH]1)c1ccc(N=Nc2ccc(N=Nc3ccccc3)cc2)cc1,0.9831897,475.8235,0.1186489,0.1186,0.4861221,3.6065,1.0000000,1.0000,[],50
36.3543,55.1642,56.0043,0.8685042,Cc1ccc(-n2c3ccc(NC(=O)c4ccc(C)cc4C#N)cc3c(=O)c3cc(-c4ccc(N(c5ccccc5)c5ccccc5)cc4)ccc32)cc1,1,O=C(Nc1ccc2c(c1)c(=O)c1cc(-c3ccc(N(c4ccccc4)c4ccccc4)cc3)ccc1n2-c1ccccc1)c1ccccc1,0.9227958,426.9366,0.1693053,0.1693,0.5663379,2.8428,1.0000000,1.0000,[],50
40.8971,63.1577,51.0936,0.8925890,CC1=C(C#N)C(c2ccc(Br)cc2)C2=C(CC(C)(C)CC2=O)N1c1ccc(C=Cc2ccc3cc4cc(N(c5ccccc5)c5ccccc5)ccc4cc3c2)cc1,1,O=C1CCCC2=C1C(c1ccccc1)C=CN2c1ccc(C=Cc2ccc3cc4cc(N(c5ccccc5)c5ccccc5)ccc4cc3c2)cc1,0.9643708,435.8109,0.1187470,0.1187,0.4667128,3.8102,1.0000000,1.0000,[],50
35.2201,66.7646,51.9119,0.9271601,N#Cc1ccc(Cc2ccnc(Nc3ccc4c(c3)OCCN4c3ccc(N=Nc4ccc(N(c5ccccc5)c5ccccc5)cc4)cc3)c2)cc1,1,c1ccc(Cc2ccnc(Nc3ccc4c(c3)OCCN4c3ccc(N=Nc4ccc(N(c5ccccc5)c5ccccc5)cc4)cc3)c2)cc1,0.9947627,463.0347,0.1437966,0.1438,0.5363367,3.1150,1.0000000,1.0000,[],50
42.7080,62.2053,-62.2053,0.0000000,c1(cnc2c(c1-c1ccc(cc1)F)c(c1c(c2-c2ccc(Br)cc2)c(c1=O)-c1ccc(cc1)N(c1ccccc1)c1ccccc1)-c1ccc(cc1)C)-c1ccc(cc1)C,0,,0.0000000,0.0000,0.0000000,0.0000,0.0000000,0.0000,0.0000000,0.0000,None,50
47.8444,61.6790,51.2993,0.8826425,Cc1ccc2cccc(N(c3ccc(-c4ccc(C=C(C#N)C#N)s4)cc3)c3ccc4oc5c6ccccc6ccc5c4c3)c2c1N(c1ccccc1)c1ccccc1,1,c1ccc(N(c2ccccc2)c2cccc3cccc(N(c4ccc(-c5cccs5)cc4)c4ccc5oc6c7ccccc7ccc6c5c4)c23)cc1,0.9460003,488.9125,0.1438461,0.1438,0.4983789,3.4820,1.0000000,1.0000,[],50
50.5549,59.1900,-49.9034,0.0725513,CN(CCC#N)c1ccc(CN(CCCc2c[nH]c3cc(F)ccc23)c2ccc([N+](=O)[O-])cc2)cc1F,1,c1ccc(CN(CCCc2c[nH]c3ccccc23)c2ccccc2)cc1,0.0673776,371.4702,0.1904670,0.1905,0.5728514,2.7856,1.0000000,1.0000,[],50
51.6810,88.0077,7.1473,0.7433984,CCC(C)(C)c1ccc2c(c1)C=CC1(C=C(c3ccc([N+](=O)[O-])cc3)C(=Cc3ccc(C=Cc4ccc(N(c5ccccc5)c5ccccc5)cc4)s3)C(=O)N1c1ccc(N(c3ccccc3)c3ccccc3)cc1)C2,1,O=C1C(=Cc2ccc(C=Cc3ccc(N(c4ccccc4)c4ccccc4)cc3)s2)C(c2ccccc2)=CC2(C=Cc3ccccc3C2)N1c1ccc(N(c2ccccc2)c2ccccc2)cc1,0.8163564,503.8024,0.0616611,0.0617,0.3645647,5.0453,1.0000000,1.0000,[],50
54.1665,68.6130,49.0108,0.9189357,COc1ccc(C=Cc2cccc(-c3c(Cl)c4sc(-c5ccc6cc(Cl)ccc6c5)nc4c4cc5ccc(N(c6ccccc6)c6ccccc6)cc5cc34)c2)cc1,1,C(=Cc1cccc(-c2cc3sc(-c4ccc5ccccc5c4)nc3c3cc4ccc(N(c5ccccc5)c5ccccc5)cc4cc23)c1)c1ccccc1,0.9936541,454.8685,0.1129751,0.1130,0.5201266,3.2684,1.0000000,1.0000,[],50
39.9291,56.6786,63.6096,0.9397517,Cc1cc(=O)c2c(-c3ccc(N=Nc4ccc5ccccc5c4)c(C)c3)c3c(cc2o1)C(=O)c1ccccc1C3=O,1,O=C1c2ccccc2C(=O)c2c1cc1occc(=O)c1c2-c1ccc(N=Nc2ccc3ccccc3c2)cc1,0.9958208,460.5727,0.2128598,0.2129,0.5557880,2.9368,1.0000000,1.0000,[],50
