Agent,Prior,Target,Score,SMILES,SMILES_state,Scaffold,lambda_abs,lambda_abs (raw),QED,QED (raw),SA score,SA score (raw),Unwanted SMARTS,Unwanted SMARTS (raw),matchting_patterns (Unwanted SMARTS),step
24.4756,25.7056,-25.6462,0.0004636,C1=Cc2ccccc2OC1,1,C1=Cc2ccccc2OC1,0.0003191,312.6006,0.5248586,0.5249,0.6215612,2.3776,1.0000000,1.0000,[],1
22.6598,22.8040,-22.6349,0.0013210,Cc1cccc(C(C)C)[n+]1C,1,c1cc[nH+]cc1,0.0009625,324.5956,0.5386114,0.5386,0.5450476,3.0344,1.0000000,1.0000,[],1
28.5498,38.0858,-38.0858,0.0000000,N#CC(=Cc1ccc(C(=Cc2ccc(C=Cc3ccc(N(c4ccccc4)c4ccc(C=Cc5ccccc5)cc4)cc3)cc2)c2ccc(C=C(c3ccccc3)c3ccccc3)cc2)cc1)C(=O)O,1,C(=Cc1ccc(N(c2ccccc2)c2ccc(C=Cc3ccc(C=C(c4ccccc4)c4ccc(C=C(c5ccccc5)c5ccccc5)cc4)cc3)cc2)cc1)c1ccccc1,0.0000000,0.0000,0.0000000,0.0000,0.0000000,0.0000,0.0000000,0.0000,"['C(=[O,S])[O,S]']",1
28.1524,29.7340,-29.4942,0.0018736,CCN(CC)c1ccc(-c2n[nH]c(-c3ccc(C)c(C)c3)n2)cc1,1,c1ccc(-c2n[nH]c(-c3ccccc3)n2)cc1,0.0013714,328.4437,0.7468817,0.7469,0.6442239,2.1985,1.0000000,1.0000,[],1
38.8346,40.6714,54.1263,0.7406068,CCCN1C(=CC2=c3ccccc3=CC(Cc3ccccc3)O2)C(C)(C)c2ccccc21,1,C(=C1Cc2ccccc2N1)C1=c2ccccc2=CC(Cc2ccccc2)O1,0.7535391,507.8661,0.5536586,0.5537,0.5034988,3.4309,1.0000000,1.0000,[],1
36.3262,34.2007,-34.2007,0.0000000,CC(=O)Oc1ccc(-c2cc(C3OCCCO3)ccc2Cl)cc1,1,c1ccc(-c2cccc(C3OCCCO3)c2)cc1,0.0000000,0.0000,0.0000000,0.0000,0.0000000,0.0000,0.0000000,0.0000,"['C(=[O,S])[O,S]']",1
27.4332,28.4338,-28.4338,0.0000000,CCCCCCC=CCCCCCCCC(=O)OC(CO)COP(=O)(O)OCC(CO)OC(=O)CCCCCCCCCCCC=CCCCCCCCC,1,,0.0000000,0.0000,0.0000000,0.0000,0.0000000,0.0000,0.0000000,0.0000,"['C(=[O,S])[O,S]']",1
28.3445,30.1405,59.9552,0.7038722,O=C1c2ccccc2C(=C(O)c2ccc([N+](=O)[O-])cc2)c2ccccc21,1,O=C1c2ccccc2C(=Cc2ccccc2)c2ccccc21,0.7221646,410.3712,0.3272151,0.3272,0.6564780,2.1043,1.0000000,1.0000,[],1
24.8854,28.5102,-28.4742,0.0002813,c1ccc(-c2cc(-c3ccccn3)nc(-c3cccs3)c2)cc1,1,c1ccc(-c2cc(-c3ccccn3)nc(-c3cccs3)c2)cc1,0.0001886,306.8920,0.4960080,0.4960,0.6688370,2.0111,1.0000000,1.0000,[],1
68.7876,69.4954,-63.2556,0.0487488,CCCCn1c(C=N)c(N2C=C(c3nnc(-c4ccccn4)o3)CC=NC2)c2ccc(F)cc21,1,C1=NCN(c2c[nH]c3ccccc23)C=C(c2nnc(-c3ccccn3)o2)C1,0.0435298,366.4529,0.3798659,0.3799,0.4856952,3.6109,1.0000000,1.0000,[],1
27.6925,29.4888,90.0774,0.9341116,Nc1nc2c(cc([N+](=O)[O-])c3nonc32)s1,1,c1nc2c(ccc3nonc32)s1,0.9636452,435.5839,0.4998769,0.4999,0.5439737,3.0443,1.0000000,1.0000,[],1
35.4172,35.9873,-35.3492,0.0049854,CN1CCN(c2ccc(C3=NOC(C(=O)NC45CC6CC(CC(C6)C4)C5)C3)cc2)CC1,1,O=C(NC12CC3CC(CC(C3)C1)C2)C1CC(c2ccc(N3CCNCC3)cc2)=NO1,0.0038645,339.7193,0.8104888,0.8105,0.4315991,4.2013,1.0000000,1.0000,[],1
72.4101,75.1821,-75.1821,0.0000000,CCCCCCCCCCC(=O)OCC1=C(C(=O)O)N2C(=O)B(C(O)NC(=O)C(Cc3ccccc3)NC(=O)C3CCCN3Cc3ccccc3)OC2CC=C1C,1,O=C(NCB1OC2CC=CC=CN2C1=O)C(Cc1ccccc1)NC(=O)C1CCCN1Cc1ccccc1,0.0000000,0.0000,0.0000000,0.0000,0.0000000,0.0000,0.0000000,0.0000,"['C(=[O,S])[O,S]']",1
18.6149,19.4438,-19.4438,0.0000001,CCC1=CCCCC1,1,C1=CCCCC1,0.0000000,209.1106,0.4551665,0.4552,0.6119698,2.4554,1.0000000,1.0000,[],1
39.3507,41.7307,-41.7307,0.0000000,CC1=CC(C)C(C)C(CCn2c(C(=O)O)cc3ccccc32)=C1,1,C1=CCCC(CCn2ccc3ccccc32)=C1,0.0000000,0.0000,0.0000000,0.0000,0.0000000,0.0000,0.0000000,0.0000,"['C(=[O,S])[O,S]']",1
34.0932,34.4868,-34.1337,0.0027585,CC(C)C(C(N)=O)N(C)C(=O)c1csc(-c2ccncc2)n1,1,c1cc(-c2nccs2)ccn1,0.0020542,332.8386,0.9098291,0.9098,0.5547973,2.9458,1.0000000,1.0000,[],1
65.4879,67.6879,-67.6879,0.0000000,CC12Oc3cc(Cl)ccc3C(c3c[nH]c4ccc(C=O)cc34)C=C1N=C(N=C(N)N)c1ccc(cc1)C2=O,1,O=C1c2ccc(cc2)C=NC2=CC(c3c[nH]c4ccccc34)c3ccccc3OC12,0.0000000,0.0000,0.0000000,0.0000,0.0000000,0.0000,0.0000000,0.0000,['[*;r{8-17}]'],1
30.8943,32.3223,-32.2912,0.0002428,CCCC(CC)(c1ccc(C)cc1)c1ccc(NCC)cc1,1,c1ccc(Cc2ccccc2)cc1,0.0001604,305.1331,0.6679154,0.6679,0.5940248,2.6042,1.0000000,1.0000,[],1
28.5791,31.4260,-27.0663,0.0340608,CC1(C)c2ccccc2-c2ccc(N(c3ccc(-c4ccc5oc6ccccc6c5c4)cc3)c3ccc4ccccc4c3)cc21,1,c1ccc2c(c1)Cc1cc(N(c3ccc(-c4ccc5oc6ccccc6c5c4)cc3)c3ccc4ccccc4c3)ccc1-2,0.0303019,362.3708,0.2068245,0.2068,0.5882283,2.6532,1.0000000,1.0000,[],1
23.0164,26.5129,-26.5129,0.0000000,c1c2nc3ccccc3c2c2sccc2c1,0,,0.0000000,0.0000,0.0000000,0.0000,0.0000000,0.0000,0.0000000,0.0000,None,1
30.9743,29.1406,-29.1397,0.0000072,CCC1(C)C(=O)NCCCC1c1ccccc1,1,O=C1CC(c2ccccc2)CCCN1,0.0000039,264.8255,0.8322601,0.8323,0.5296131,3.1780,1.0000000,1.0000,[],1
27.4557,26.5533,-26.5413,0.0000935,NC(C(=O)NCc1ccc(CN2CCCC2)cc1)C1CC1,1,O=C(CC1CC1)NCc1ccc(CN2CCCC2)cc1,0.0000583,294.1493,0.8359670,0.8360,0.6105440,2.4670,1.0000000,1.0000,[],1
30.4009,31.6873,-31.6873,0.0000000,COC(=O)c1ccc(C2C3CS(=O)(=O)N=C(S3)N2Cc2ccccc2)cc1,1,O=S1(=O)CC2SC(=N1)N(Cc1ccccc1)C2c1ccccc1,0.0000000,0.0000,0.0000000,0.0000,0.0000000,0.0000,0.0000000,0.0000,"['C(=[O,S])[O,S]']",1
65.1208,69.6758,-69.6758,0.0000000,COc1ccc2cc(-c3ccc(-c4c5c(C#Cc6ccc7ccccc7c6)c(OC)ccc5c(=O)n5cncc(C)c45)cc3)ccc2c1,1,O=c1c2cccc(C#Cc3ccc4ccccc4c3)c2c(-c2ccc(-c3ccc4ccccc4c3)cc2)c2ccncn12,0.0000000,0.0000,0.0000000,0.0000,0.0000000,0.0000,0.0000000,0.0000,['C#C'],1
33.4666,33.8584,-33.8584,0.0000000,CNS(=O)(=O)c1ccc(NC(=O)OCc2ccc(NC=O)cc2)cc1,1,O=C(Nc1ccccc1)OCc1ccccc1,0.0000000,0.0000,0.0000000,0.0000,0.0000000,0.0000,0.0000000,0.0000,"['C(=[O,S])[O,S]']",1
23.8512,26.3757,-8.4892,0.1397382,CS(=O)(=O)c1ccc2sc(=S)sc2c1,1,S=c1sc2ccccc2s1,0.1286306,379.2285,0.7406159,0.7406,0.5854827,2.6766,1.0000000,1.0000,[],1
20.3855,21.4350,-21.4332,0.0000137,Cc1ccc(Cc2ccncc2)cc1,1,c1ccc(Cc2ccncc2)cc1,0.0000078,272.2396,0.6971276,0.6971,0.7362085,1.5312,1.0000000,1.0000,[],1
46.9370,53.1857,-33.4667,0.1540544,CC(C)(C)c1ccc(N(c2ccc(-c3ccc(N(c4ccc(C(C)(C)C)cc4)c4ccc5c(c4)C(C)(C)c4cc(-c6ccc(N7CCC(C(C)(C)C)CC7)nc6)ccc4-5)cc3)cc2)c2ccc(C(C)(C)C)cc2)cc1,1,c1ccc(N(c2ccccc2)c2ccc(-c3ccc(N(c4ccccc4)c4ccc5c(c4)Cc4cc(-c6ccc(N7CCCCC7)nc6)ccc4-5)cc3)cc2)cc1,0.1507182,381.2278,0.1437131,0.1437,0.4837180,3.6313,1.0000000,1.0000,[],1
30.7440,31.7599,5.4849,0.2909746,COc1ccc2nc(Nc3ccc(C)cc3C)c(N)c(C#N)c2c1,1,c1ccc(Nc2ccc3ccccc3n2)cc1,0.2777762,389.6256,0.7605731,0.7606,0.6245005,2.3540,1.0000000,1.0000,[],1
28.9889,30.2948,-30.2774,0.0001360,Oc1cc(OCc2ccccc2)ccc1C1C=Cc2ccccc21,1,C1=CC(c2ccc(OCc3ccccc3)cc2)c2ccccc21,0.0000870,298.4853,0.7231315,0.7231,0.5933994,2.6094,1.0000000,1.0000,[],1
35.3980,37.1255,-9.5155,0.2157028,CC(C)CNc1nc2nc3ccccc3n2cc1C=Nc1ccc(Cl)cc1,1,C(=Nc1ccccc1)c1cnc2nc3ccccc3n2c1,0.2060400,385.3538,0.4764909,0.4765,0.5794520,2.7284,1.0000000,1.0000,[],1
65.9399,68.3888,-67.0747,0.0102662,CCCC1=C(C)N=C(NCCN(C2CS(=O)(=O)c3ccccc32)S(=O)(=O)c2ccccc2)CC1(OC)c1ccccc1,1,O=S1(=O)CC(N(CCNC2=NC=CC(c3ccccc3)C2)S(=O)(=O)c2ccccc2)c2ccccc21,0.0084945,348.3211,0.3392355,0.3392,0.4372604,4.1361,1.0000000,1.0000,[],1
20.4658,23.0424,-23.0424,0.0000000,CCOC(=O)Cc1noc2ccccc12,1,c1ccc2oncc2c1,0.0000000,0.0000,0.0000000,0.0000,0.0000000,0.0000,0.0000000,0.0000,"['C(=[O,S])[O,S]']",1
28.9634,27.8631,-27.8465,0.0001301,Clc1nc(Oc2ccc(Br)cc2)c2[nH]ccc2n1,1,c1ccc(Oc2ncnc3cc[nH]c23)cc1,0.0000830,297.9734,0.7199129,0.7199,0.6092605,2.4775,1.0000000,1.0000,[],1
32.1791,34.5533,-34.5533,0.0000000,Cc1ccc(OCc2ccc3c(c2)c2ccccc2n3Cc2ccc(C(=O)O)cc2)cc1,1,c1ccc(Cn2c3ccccc3c3cc(COc4ccccc4)ccc32)cc1,0.0000000,0.0000,0.0000000,0.0000,0.0000000,0.0000,0.0000000,0.0000,"['C(=[O,S])[O,S]']",1
34.9197,35.8314,-35.8314,0.0000000,COc1cccc(-c2c(OC(C)=O)coc(=O)c2C(=O)O)c1,1,O=c1cc(-c2ccccc2)cco1,0.0000000,0.0000,0.0000000,0.0000,0.0000000,0.0000,0.0000000,0.0000,"['C(=[O,S])[O,S]']",1
49.6907,46.2233,-46.2233,0.0000000,c1(cc(C2CC2)nc2sc(NC(=O)[C@H]3CN(CCC3)S(=O)(c3ccc(Cl)s3)=O)nn12)-c1ccc(C)cc1,0,,0.0000000,0.0000,0.0000000,0.0000,0.0000000,0.0000,0.0000000,0.0000,None,1
28.2452,28.4132,-28.3921,0.0001649,CCCCCCCCCC=Cc1cc(C)c[nH]1,1,c1cc[nH]c1,0.0001075,300.7846,0.5437432,0.5437,0.5917709,2.6232,1.0000000,1.0000,[],1
26.1969,25.8969,-25.8969,0.0000000,CCC(C(=O)OC)c1cc(Br)ccc1OC,1,c1ccccc1,0.0000000,0.0000,0.0000000,0.0000,0.0000000,0.0000,0.0000000,0.0000,"['C(=[O,S])[O,S]']",1
32.7957,35.2406,-34.9206,0.0025003,O=C(c1cccs1)c1cncc(O)c1-c1ccccc1,1,O=C(c1cccs1)c1cnccc1-c1ccccc1,0.0018588,331.7508,0.7438357,0.7438,0.6365550,2.2584,1.0000000,1.0000,[],1
43.2422,45.6088,76.5105,0.9540576,CN(C)c1ccc(C=[N+]2C(=O)CN(CCC(=O)Nc3ccc(Oc4ccc(Cl)cc4)cc3)C2=O)cc1,1,O=C(CCN1CC(=O)[N+](=Cc2ccccc2)C1=O)Nc1ccc(Oc2ccccc2)cc1,0.9951562,462.1823,0.3566348,0.3566,0.5630668,2.8718,1.0000000,1.0000,[],1
56.7423,58.9350,-58.9129,0.0001725,C=CC1CC2C(=O)N(C)c3cc(OC)ccc3C23CCCCC13c1cccc(O)c1,1,O=C1Nc2ccccc2C23CCCCC2(c2ccccc2)CCC13,0.0001126,301.2855,0.7380114,0.7380,0.3984765,4.6005,1.0000000,1.0000,[],1
29.7652,28.9125,-28.8601,0.0004095,Oc1cccnc1C1=CCC(O)CC1,1,C1=C(c2ccccn2)CCCC1,0.0002782,311.1133,0.7101736,0.7102,0.5294361,3.1797,1.0000000,1.0000,[],1
36.8288,39.9820,-39.9820,0.0000000,C(N(c1ccc2c([nH][nH]c(c2c1)=O)C(CCC)CCC)CCCC)CCC,0,,0.0000000,0.0000,0.0000000,0.0000,0.0000000,0.0000,0.0000000,0.0000,None,1
24.7096,23.9524,-23.9524,0.0000000,CCCCCC(C)=CCOC,1,,0.0000000,205.0959,0.4237663,0.4238,0.6316156,2.2974,1.0000000,1.0000,[],1
48.7385,53.0194,-53.0194,0.0000000,CCCCCCCCCCCCCC(=O)NN(C)C(=O)c1sc2ccccc2c1C=C(O)c1ccc(Cl)cc1,1,C(=Cc1csc2ccccc12)c1ccccc1,0.0000000,0.0000,0.0000000,0.0000,0.0000000,0.0000,0.0000000,0.0000,['[#7;!n][#7;!n]'],1
40.8493,40.5436,-40.4437,0.0007805,O=c1cccc2n1C(c1cccc(F)c1)C1CN(Cc3ccc4c(c3)OCO4)CC21,1,O=c1cccc2n1C(c1ccccc1)C1CN(Cc3ccc4c(c3)OCO4)CC21,0.0005507,318.5281,0.6699705,0.6700,0.4865462,3.6021,1.0000000,1.0000,[],1
34.7546,35.5169,-35.5169,0.0000000,CCCCCCOc1ccccc1NC(=O)CC(NC(=O)c1ccc(C)cc1)C(=O)O,1,O=C(CCNC(=O)c1ccccc1)Nc1ccccc1,0.0000000,0.0000,0.0000000,0.0000,0.0000000,0.0000,0.0000000,0.0000,"['C(=[O,S])[O,S]']",1
37.0392,38.3989,-38.1940,0.0016010,O=P1(c2ccccc2)CC2C1C=Cc1nc3ccccc3n12,1,O=P1(c2ccccc2)CC2C1C=Cc1nc3ccccc3n12,0.0011776,326.7878,0.6429047,0.6429,0.4312771,4.2050,1.0000000,1.0000,[],1
28.2644,29.1464,-29.1464,0.0000000,COc1ccc(C#CCCCC2(O)CCCC2)cc1,1,C(#Cc1ccccc1)CCCC1CCCC1,0.0000000,0.0000,0.0000000,0.0000,0.0000000,0.0000,0.0000000,0.0000,['C#C'],1
65.6362,69.9450,-69.9450,0.0000000,c1c(F)cc(C)cc1N1c2c3B(c4c(c5cc(ccc5c(C(C)(C)C)c4)Cc4ccccc4)N(c13)c1ccc(cc1C)C(C)(C)C)c1cc(C(C)(C)C)ccc1N2c1ccc(cc1)F,0,,0.0000000,0.0000,0.0000000,0.0000,0.0000000,0.0000,0.0000000,0.0000,None,1
29.2707,27.7331,-26.6202,0.0086944,Clc1ccc(CNc2ccc3c(Br)cccc3n2)s1,1,c1csc(CNc2ccc3ccccc3n2)c1,0.0069187,346.0760,0.6886286,0.6886,0.6365028,2.2588,1.0000000,1.0000,[],1
37.1297,36.5967,-36.2658,0.0025847,N#Cc1nc2ccc(-c3cncc(C4CCNCC4)n3)cn2n1,1,c1nc2ccc(-c3cncc(C4CCNCC4)n3)cn2n1,0.0019296,332.1576,0.7715905,0.7716,0.5367333,3.1113,1.0000000,1.0000,[],1
22.2595,23.9832,-19.5549,0.0345966,O=[N+]([O-])c1ccc(CN2CCCC2)s1,1,c1csc(CN2CCCC2)c1,0.0297821,362.1772,0.5699579,0.5700,0.6382875,2.2448,1.0000000,1.0000,[],1
27.2823,28.1674,-28.0952,0.0005641,Cc1cc2cccc(C(F)(F)CN)c2cn1,1,c1ccc2cnccc2c1,0.0003869,314.6933,0.8477653,0.8478,0.5852950,2.6782,1.0000000,1.0000,[],1
39.2750,52.3856,-52.3856,0.0000000,CNCc1ccc(-c2cc(C(=O)O)c(-c3ccc(-c4ccc(C=C(C#N)C(=O)O)cc4)o3)s2)s1,1,c1ccc(-c2ccc(-c3ccc(-c4cccs4)s3)o2)cc1,0.0000000,0.0000,0.0000000,0.0000,0.0000000,0.0000,0.0000000,0.0000,"['C(=[O,S])[O,S]']",1
30.0837,28.4042,-28.3816,0.0001767,Cc1ccc(CN(C(=O)CN(c2ccc(F)cc2)S(=O)(=O)c2ccccc2)C(Cc2ccccc2)C(=O)NC2CCCCC2)cc1,1,O=C(NC1CCCCC1)C(Cc1ccccc1)N(Cc1ccccc1)C(=O)CN(c1ccccc1)S(=O)(=O)c1ccccc1,0.0001196,301.9438,0.1935757,0.1936,0.5441142,3.0430,1.0000000,1.0000,[],1
71.0677,77.4796,-76.8803,0.0046824,CCCCc1c(-c2c(C3CCCCC3)c3cc(I)sc3c3cc(I)sc23)ccc(OCC2CCC3C(OCCC)CCCC23)c1C#N,1,c1cc2c(s1)c(-c1ccc(OCC3CCC4CCCCC43)cc1)c(C1CCCCC1)c1ccsc12,0.0038339,339.6327,0.1409274,0.1409,0.3774400,4.8717,1.0000000,1.0000,[],1
29.2607,30.1894,-30.1894,0.0000000,CC1=C(c2ccccc2)N(C(=O)OC(C)(C)C)CCN1c1ccc(Cl)cc1,1,C1=C(c2ccccc2)NCCN1c1ccccc1,0.0000000,0.0000,0.0000000,0.0000,0.0000000,0.0000,0.0000000,0.0000,"['C(=[O,S])[O,S]']",1
32.7342,31.2326,-31.2326,0.0000000,CCC(=NNC(=O)C(=O)Nc1ccc(C)c(Cl)c1)c1ccco1,1,O=C(NN=Cc1ccco1)C(=O)Nc1ccccc1,0.0000000,0.0000,0.0000000,0.0000,0.0000000,0.0000,0.0000000,0.0000,['[#7;!n][#7;!n]'],1
31.2375,29.5068,-29.5068,0.0000000,NNC(Cc1ccc(F)c(Cl)c1)c1ccc2c(c1)OCC2,1,c1ccc(CCc2ccc3c(c2)OCC3)cc1,0.0000000,0.0000,0.0000000,0.0000,0.0000000,0.0000,0.0000000,0.0000,['[#7;!n][#7;!n]'],1
29.6117,31.1065,-31.0279,0.0006140,N#Cc1cccc(CCC(=O)Nc2nccc3ccccc23)c1,1,O=C(CCc1ccccc1)Nc1nccc2ccccc12,0.0004225,315.6507,0.7991004,0.7991,0.6688232,2.0112,1.0000000,1.0000,[],1
23.4773,24.6306,-24.6306,0.0000000,COC(=O)c1ccc(NC(=O)c2cc3ccccc3oc2=O)cc1,1,O=C(Nc1ccccc1)c1cc2ccccc2oc1=O,0.0000000,0.0000,0.0000000,0.0000,0.0000000,0.0000,0.0000000,0.0000,"['C(=[O,S])[O,S]']",1
55.3579,55.3669,-55.3669,0.0000000,CCC1CCC(CC2C3CCCCCC2(CCC2CCCC4CCCCC42)NCC3)CC1,1,C1CCC(CC2C3CCCCCC2(CCC2CCCC4CCCCC42)NCC3)CC1,0.0000000,0.0000,0.0000000,0.0000,0.0000000,0.0000,0.0000000,0.0000,['[*;r{8-17}]'],1
40.3658,45.1392,74.5277,0.9348978,Cc1cc(-c2ccccc2)[n+](C)c2oc(-c3ccc(N(C)C)o3)cc12,1,c1ccc(-c2ccc3cc(-c4ccco4)oc3[nH+]2)cc1,0.9639899,435.6912,0.5154313,0.5154,0.5327308,3.1487,1.0000000,1.0000,[],2
49.1732,50.9031,-50.9031,0.0000000,O=C1C2C(C(=O)N1O)C1C3C(C4CC5(C(=O)O)C(O)C4C15)C23,1,O=C1NC(=O)C2C1C1C3C4CC3C(C4)C3C2C31,0.0000000,0.0000,0.0000000,0.0000,0.0000000,0.0000,0.0000000,0.0000,"['C(=[O,S])[O,S]']",2
29.9370,31.5567,-27.4668,0.0319521,COc1ccccc1CSc1cc2c(cc1C#N)C(=O)CC(C)(C)O2,1,O=C1CCOc2cc(SCc3ccccc3)ccc21,0.0271937,361.1610,0.7517358,0.7517,0.5937731,2.6063,1.0000000,1.0000,[],2
31.4114,32.5395,89.2820,0.9517299,O=C(Nc1ccc(N=Nc2ccc3ccccc3n2)cc1)c1cc(Br)ccc1O,1,O=C(Nc1ccc(N=Nc2ccc3ccccc3n2)cc1)c1ccccc1,0.9907179,450.7076,0.3565477,0.3565,0.6164307,2.4190,1.0000000,1.0000,[],2
55.2608,58.0149,-58.0149,0.0000000,Cc1nc(-c2ccc(Br)cc2)sc1NC(=O)c1c(C=C2SC(=O)NC2=O)cnc2cn(C3COC3)nc12,1,O=C1NC(=O)C(=Cc2cnc3cn(C4COC4)nc3c2C(=O)Nc2cnc(-c3ccccc3)s2)S1,0.0000000,0.0000,0.0000000,0.0000,0.0000000,0.0000,0.0000000,0.0000,"['C(=[O,S])[O,S]']",2
44.7013,48.5618,-48.5618,0.0000000,c1c(ccc(c1)C(C)(C)C)N1c2c(C(c3c1cccc3)(C)C)cc(cc2)-n1c2c(n3c4ccccc4ccc13)ccc(C(C)(C)C)c2,0,,0.0000000,0.0000,0.0000000,0.0000,0.0000000,0.0000,0.0000000,0.0000,None,2
31.9074,36.5608,-36.5608,0.0000000,COC(=O)c1ccc(-c2ccc(C=CC(=Cc3ccc(Cl)cc3)C(=O)O)o2)cc1,1,C(C=Cc1ccc(-c2ccccc2)o1)=Cc1ccccc1,0.0000000,0.0000,0.0000000,0.0000,0.0000000,0.0000,0.0000000,0.0000,"['C(=[O,S])[O,S]']",2
24.2993,26.8516,-26.8286,0.0001792,COc1cccc(NC(=O)CN(c2ccc(C)cc2)S(=O)(=O)c2ccccc2)c1,1,O=C(CN(c1ccccc1)S(=O)(=O)c1ccccc1)Nc1ccccc1,0.0001163,301.6415,0.6421746,0.6422,0.6880715,1.8693,1.0000000,1.0000,[],2
77.7192,83.1355,-83.1355,0.0000000,COc1cccc(-c2ccc(Oc3cc(-c4ccc(C(=O)O)cc4)nc4c3CN3C5N=NN=C5N(c5ccc(O)cc5)C(C)C43)cc2)n1,1,c1ccc(-c2cc(Oc3ccc(-c4ccccn4)cc3)c3c(n2)C2CN(c4ccccc4)C4=NN=NC4N2C3)cc1,0.0000000,0.0000,0.0000000,0.0000,0.0000000,0.0000,0.0000000,0.0000,"['[#7;!n][#7;!n]', 'C(=[O,S])[O,S]']",2
30.8023,31.6184,-31.6184,0.0000000,COC(=O)CC1(C)C(=O)C2C=CC1(C)CC2,1,O=C1CC2C=CC1CC2,0.0000000,0.0000,0.0000000,0.0000,0.0000000,0.0000,0.0000000,0.0000,"['C(=[O,S])[O,S]']",2
26.1445,25.6573,-25.6573,0.0000000,COc1cc(Cl)c(CC(=O)O)c2ccccc12,1,c1ccc2ccccc2c1,0.0000000,0.0000,0.0000000,0.0000,0.0000000,0.0000,0.0000000,0.0000,"['C(=[O,S])[O,S]']",2
24.6238,27.7480,-27.6284,0.0009344,Nc1ccc(C(=O)N(c2ccccc2)c2ccccc2)cc1N,1,O=C(c1ccccc1)N(c1ccccc1)c1ccccc1,0.0006594,320.4865,0.7222267,0.7222,0.6714752,1.9914,1.0000000,1.0000,[],2
27.8802,30.4582,55.6694,0.6728716,COc1cc2c(cc1OC)Nc1cc(OC)c(OC)cc1N2,1,c1ccc2c(c1)Nc1ccccc1N2,0.6701710,407.6974,0.7686741,0.7687,0.6670860,2.0242,1.0000000,1.0000,[],2
26.2069,28.7719,-28.7719,0.0000000,CN(N=Cc1ccc(N(c2ccccc2)c2ccccc2)cc1)c1ccc(C=Cc2ccccc2)cc1,1,C(=Cc1ccc(NN=Cc2ccc(N(c3ccccc3)c3ccccc3)cc2)cc1)c1ccccc1,0.0000000,0.0000,0.0000000,0.0000,0.0000000,0.0000,0.0000000,0.0000,['[#7;!n][#7;!n]'],2
45.4128,47.3548,-47.3548,0.0000000,c12c(ccO-c3ccc(cc3)-c3cc4c(cccc4)s3)c3ccccc3c1ccnc2,0,,0.0000000,0.0000,0.0000000,0.0000,0.0000000,0.0000,0.0000000,0.0000,None,2
31.2381,33.0569,-33.0569,0.0000000,CCOC(=O)c1c(-c2ccc(OC)cc2)c(-c2cccc(C(F)(F)F)c2)nc2ccccc12,1,c1ccc(-c2cc3ccccc3nc2-c2ccccc2)cc1,0.0000000,0.0000,0.0000000,0.0000,0.0000000,0.0000,0.0000000,0.0000,"['C(=[O,S])[O,S]']",2
49.1566,48.7750,-41.8508,0.0540949,COc1ccc2c(-c3cc(F)cc(F)c3)cnc(N)c2c1-c1ccc(C2CC2)cc1C,1,c1ccc(-c2cncc3c(-c4ccc(C5CC5)cc4)cccc23)cc1,0.0482536,367.6252,0.4064594,0.4065,0.5978792,2.5718,1.0000000,1.0000,[],2
52.7233,54.4509,-54.4509,0.0000000,c1c2cc(-c3c(C4(c5c(-c6c4cc(-c4cccc6ccccc47)cc6)cccc5)c4ccccc4)c(c(-c4ccccc4)cc3)-c3ccccc3)ccc2ccc1,0,,0.0000000,0.0000,0.0000000,0.0000,0.0000000,0.0000,0.0000000,0.0000,None,2
29.9607,31.3466,-31.3466,0.0000000,CCCCCCCCCCCC(=O)N(C)CC(=O)NC(CO)C(=O)O,1,,0.0000000,0.0000,0.0000000,0.0000,0.0000000,0.0000,0.0000000,0.0000,"['C(=[O,S])[O,S]']",2
56.5121,58.9094,-58.9094,0.0000000,CCOC(=O)c1c(C(C)(C)C)c(NC(=O)c2ccccc2)nc2c3c(c(-c4ccccc4)cc12)CS(=O)(=O)C3,1,O=C(Nc1ccc2cc(-c3ccccc3)c3c(c2n1)CS(=O)(=O)C3)c1ccccc1,0.0000000,0.0000,0.0000000,0.0000,0.0000000,0.0000,0.0000000,0.0000,"['C(=[O,S])[O,S]']",2
58.8015,62.4647,-62.4647,0.0000000,c1cc(ccc1N1c2ccccc2Oc2c1cccc2)-c1c2n3c(C)c(ccc3c3-c4c(-c(c32)n1)cccc4)-c1ccc(cc1)C,0,,0.0000000,0.0000,0.0000000,0.0000,0.0000000,0.0000,0.0000000,0.0000,None,2
30.5312,31.7121,75.5945,0.8383333,Cn1nc(-c2ccc(Cl)cc2)c2c1-c1ccccc1C(=O)C2=O,1,O=C1C(=O)c2c(-c3ccccc3)n[nH]c2-c2ccccc21,0.8502446,418.8540,0.6404937,0.6405,0.6422884,2.2136,1.0000000,1.0000,[],2
52.9271,49.9520,-49.7931,0.0012415,O=C(c1cccc(Cl)c1)C(C[N+](=O)[O-])C(C=Cc1ccc(Cl)cc1Cl)c1ccc(Cl)cc1,1,O=C(CC(C=Cc1ccccc1)c1ccccc1)c1ccccc1,0.0009356,324.2873,0.1764530,0.1765,0.5023258,3.4425,1.0000000,1.0000,[],2
48.7095,48.3509,-47.8508,0.0039068,O=C1NCc2cccc(N3CC(C(=O)Nc4cccnc4)C(c4cc(Cl)ccc4F)C3)c21,1,O=C1NCc2cccc(N3CC(C(=O)Nc4cccnc4)C(c4ccccc4)C3)c21,0.0030036,336.9737,0.6302893,0.6303,0.5052230,3.4138,1.0000000,1.0000,[],2
30.0836,34.1314,-34.1314,0.0000000,c1ccc2c(c1)n(c(c1c2c(cc2c1cccc2)=O)=O)CCCC,0,,0.0000000,0.0000,0.0000000,0.0000,0.0000000,0.0000,0.0000000,0.0000,None,2
75.9019,81.9945,-81.9945,0.0000000,c1ccc(o1)-c1n(-c2ccccc2)c2nc(C)c(Cc3c(C)c(ccc3)OC(=O)C)c3-c4cccc5C(=O)N(CCCC)c(cc1)c2c45,0,,0.0000000,0.0000,0.0000000,0.0000,0.0000000,0.0000,0.0000000,0.0000,None,2
29.1215,31.2964,-31.2821,0.0001121,CN(CCC(=O)Nc1coc2ccccc12)c1ccccc1,1,O=C(CCNc1ccccc1)Nc1coc2ccccc12,0.0000706,296.2285,0.7759918,0.7760,0.6547660,2.1174,1.0000000,1.0000,[],2
27.0939,28.3551,-28.3064,0.0003811,Cc1ccc(C=Cc2cccc(-c3ccncc3)c2)cc1,1,C(=Cc1cccc(-c2ccncc2)c1)c1ccccc1,0.0002579,310.2911,0.5944856,0.5945,0.6937088,1.8285,1.0000000,1.0000,[],2
33.1766,37.8633,-27.6347,0.0799108,c1ccc(-c2ccc(-c3ccc4cccc5c4c3-c3ccccc3-5)cc2)cc1,1,c1ccc(-c2ccc(-c3ccc4cccc5c4c3-c3ccccc3-5)cc2)cc1,0.0732718,372.4496,0.2971823,0.2972,0.6858546,1.8854,1.0000000,1.0000,[],2
24.7705,26.4295,-26.3988,0.0002406,CCCn1cc(-c2ccccc2)n(CCC)c1=O,1,O=c1[nH]cc(-c2ccccc2)[nH]1,0.0001577,304.9476,0.7934465,0.7934,0.6513792,2.1433,1.0000000,1.0000,[],2
46.2945,47.6547,-47.6547,0.0000000,NC(=NN=c1c2ccccc2c2cccc3sc4cccc1c4c32)c1ccc(-c2cccc3c2oc2ccccc23)cc1,1,C(=NN=c1c2ccccc2c2cccc3sc4cccc1c4c32)c1ccc(-c2cccc3c2oc2ccccc23)cc1,0.0000000,0.0000,0.0000000,0.0000,0.0000000,0.0000,0.0000000,0.0000,['[#7;!n][#7;!n]'],2
47.9243,52.5123,-52.5123,0.0000000,Cc1ccc(-c2ccccc2C(=O)O)cc1C(=O)Nc1ccc(-c2ccc(CNC(=O)c3ccccc3)c3ccccc23)cc1,1,O=C(NCc1ccc(-c2ccc(NC(=O)c3cccc(-c4ccccc4)c3)cc2)c2ccccc12)c1ccccc1,0.0000000,0.0000,0.0000000,0.0000,0.0000000,0.0000,0.0000000,0.0000,"['C(=[O,S])[O,S]']",2
30.8734,34.7656,-34.7438,0.0001702,COc1ccc(C(C)(C)c2ccc(-c3ccc(-c4ccc(C(F)(F)F)cc4)cc3)cc2)cc1,1,c1ccc(Cc2ccc(-c3ccc(-c4ccccc4)cc3)cc2)cc1,0.0001128,301.3124,0.2991473,0.2991,0.6876817,1.8721,1.0000000,1.0000,[],2
49.3906,48.6727,-48.6440,0.0002239,Nc1cccc(C(F)(F)F)c1OCC1CN(C(=O)c2cnn(CC(F)F)c2)CCO1,1,O=C(c1cn[nH]c1)N1CCOC(COc2ccccc2)C1,0.0001486,304.3053,0.5585738,0.5586,0.5119627,3.3475,1.0000000,1.0000,[],2
25.7102,25.5581,-25.5330,0.0001966,Cc1cc(C)cc(OCC2CCS(=O)(=O)C2)c1,1,O=S1(=O)CCC(COc2ccccc2)C1,0.0001276,302.6513,0.8295130,0.8295,0.5772599,2.7473,1.0000000,1.0000,[],2
31.7011,34.5353,58.8628,0.7296729,c1ccc(-c2nc(-c3ccccc3)c3sc4ccc(N(c5ccccc5)c5ccc(N(c6ccccc6)c6ccccc6)cc5)cc4c3n2)cc1,1,c1ccc(-c2nc(-c3ccccc3)c3sc4ccc(N(c5ccccc5)c5ccc(N(c6ccccc6)c6ccccc6)cc5)cc4c3n2)cc1,0.7689027,413.0519,0.1607949,0.1608,0.5862915,2.6697,1.0000000,1.0000,[],2
32.0410,34.0741,-34.0118,0.0004860,COCCCNC(=O)c1ccc2c(c1)CC(c1ccccc1)c1ccccc1S2,1,c1ccc(C2Cc3ccccc3Sc3ccccc32)cc1,0.0003350,313.1284,0.5683160,0.5683,0.5783423,2.7379,1.0000000,1.0000,[],2
41.9384,47.5615,-47.5615,0.0000000,COc1ccc(N(c2ccc(OC)cc2)c2ccc(OC(=O)CN(C)C(=O)c3ccc(OC)cc3O)cc2)cc1,1,O=C(CNC(=O)c1ccccc1)Oc1ccc(N(c2ccccc2)c2ccccc2)cc1,0.0000000,0.0000,0.0000000,0.0000,0.0000000,0.0000,0.0000000,0.0000,"['C(=[O,S])[O,S]']",2
39.1650,40.5997,-40.5997,0.0000000,c1c(=O)c2ccc(SC)c3c2c(c1)N(C(=O)C)CCC3,0,,0.0000000,0.0000,0.0000000,0.0000,0.0000000,0.0000,0.0000000,0.0000,None,2
25.9607,26.0411,-26.0293,0.0000925,Cc1ccc(Cc2nc(-c3cccc(Br)c3)cs2)cc1,1,c1ccc(Cc2nc(-c3ccccc3)cs2)cc1,0.0000581,294.1059,0.6137392,0.6137,0.6838943,1.8998,1.0000000,1.0000,[],2
33.7134,32.0743,-32.0743,0.0000000,C=CCN1C(=O)SC(=CC(=CC)OC)C1=O,1,C=C1SC(=O)NC1=O,0.0000000,0.0000,0.0000000,0.0000,0.0000000,0.0000,0.0000000,0.0000,"['C(=[O,S])[O,S]']",2
55.6913,52.4087,-52.3187,0.0007032,Cc1nc2cc(OC3CC(CCC(=O)c4ccccc4)CC3Oc3ccccc3)ccc2s1,1,O=C(CCC1CC(Oc2ccccc2)C(Oc2ccc3scnc3c2)C1)c1ccccc1,0.0005073,317.6380,0.2708545,0.2709,0.5055225,3.4108,1.0000000,1.0000,[],2
27.4312,30.2710,-23.7519,0.0509302,CCn1cc(C=CC(=O)c2ccc(OC)cc2)c2cccnc21,1,O=C(C=Cc1c[nH]c2ncccc12)c1ccccc1,0.0448355,366.7886,0.5291632,0.5292,0.6476223,2.1722,1.0000000,1.0000,[],2
30.4877,32.6889,-32.5926,0.0007523,O=C1CCC2C(O)=C(c3ccccc3)C(=O)C12,1,O=C1CCC2C=C(c3ccccc3)C(=O)C12,0.0005271,318.0538,0.7490159,0.7490,0.5198342,3.2712,1.0000000,1.0000,[],2
26.0976,28.4090,-28.1440,0.0020699,CCn1c(=Nc2ccccc2)scc(C)c1=O,1,O=c1ccsc(=Nc2ccccc2)[nH]1,0.0015207,329.5679,0.8012233,0.8012,0.6231961,2.3645,1.0000000,1.0000,[],2
52.5778,58.7368,-58.7368,0.0000000,c1cccc2c(C3(C(=O)OCC)OC(O)C(=C3c3ccccc3)c3ccc(cc3)OC)c(C)cc(=O)o1,0,,0.0000000,0.0000,0.0000000,0.0000,0.0000000,0.0000,0.0000000,0.0000,None,2
21.9259,22.0507,-22.0507,0.0000000,CC1(C)CCC2(C)CC2C1,1,C1CCC2CC2C1,0.0000000,201.0353,0.4818676,0.4819,0.4798817,3.6711,1.0000000,1.0000,[],2
34.2291,36.9167,-23.0796,0.1081021,CN(C)c1cc2cc(N3CCOCC3)ccc2n(O)c1=O,1,O=c1ccc2cc(N3CCOCC3)ccc2[nH]1,0.0977533,375.8701,0.8402939,0.8403,0.5940540,2.6039,1.0000000,1.0000,[],2
32.8564,31.7010,-31.6852,0.0001236,CCC(CCC(C)(C)C)n1c(=O)[nH]c2cc(F)ccc21,1,O=c1[nH]c2ccccc2[nH]1,0.0000783,297.3397,0.8917974,0.8918,0.5406061,3.0753,1.0000000,1.0000,[],2
26.7233,27.4887,-27.4887,0.0000000,CCOC(=O)Cc1sc(NC(=O)C=Cc2ccccc2)nc1-c1ccccc1,1,O=C(C=Cc1ccccc1)Nc1nc(-c2ccccc2)cs1,0.0000000,0.0000,0.0000000,0.0000,0.0000000,0.0000,0.0000000,0.0000,"['C(=[O,S])[O,S]']",2
32.4696,35.5597,-34.3087,0.0097740,CC(C)c1cccc(C(C)C)c1-n1nc(-c2ccccc2)c(N2CCCCC2)cc1=O,1,O=c1cc(N2CCCCC2)c(-c2ccccc2)nn1-c1ccccc1,0.0079123,347.5439,0.5024951,0.5025,0.6059527,2.5048,1.0000000,1.0000,[],2
44.8340,47.3777,31.6489,0.6173956,CC1=NC(=O)C(=C2SC(=Nc3cc(C)ccc3C)N(c3ccccc3C)C2=O)O1,1,O=C1N=COC1=C1SC(=Nc2ccccc2)N(c2ccccc2)C1=O,0.6168989,405.1725,0.6865894,0.6866,0.5469726,3.0168,1.0000000,1.0000,[],2
31.0768,31.2567,-31.1118,0.0011315,COCCCN1C(=O)COc2ccc(NC(=O)c3ccccc3F)cc21,1,O=C1COc2ccc(NC(=O)c3ccccc3)cc2N1,0.0008042,322.6428,0.8065839,0.8066,0.6579818,2.0929,1.0000000,1.0000,[],2
35.1992,33.1839,-33.1811,0.0000214,Cc1cc(C(=O)NC2c3ccc(Br)cc3CC2O)n(C)n1,1,O=C(NC1CCc2ccccc21)c1ccn[nH]1,0.0000124,277.3085,0.8692188,0.8692,0.5267320,3.2053,1.0000000,1.0000,[],2
27.0044,27.3470,-27.3470,0.0000000,O=C(NCCN(Cc1ccccc1)Cc1ccccc1)OCCO,1,c1ccc(CNCc2ccccc2)cc1,0.0000000,0.0000,0.0000000,0.0000,0.0000000,0.0000,0.0000000,0.0000,"['C(=[O,S])[O,S]']",2
26.0518,28.1693,-27.7530,0.0032528,Cc1csc(C2Nc3ccccc3C(=O)N2C)n1,1,O=C1NC(c2nccs2)Nc2ccccc21,0.0024488,334.7503,0.8559963,0.8560,0.5483338,3.0044,1.0000000,1.0000,[],2
41.5439,40.5075,-40.5075,0.0000000,Cc1ccc(CC2(N3CCOC3)OC3(CCCCC3)OC2=O)cc1,1,O=C1OC2(CCCCC2)OC1(Cc1ccccc1)N1CCOC1,0.0000000,0.0000,0.0000000,0.0000,0.0000000,0.0000,0.0000000,0.0000,"['C(=[O,S])[O,S]']",2
30.5067,33.6542,-33.6430,0.0000872,C=CC1(c2ccccc2)CCC2CCCC1N2c1ccccc1,1,c1ccc(C2CCC3CCCC2N3c2ccccc2)cc1,0.0000549,293.4955,0.6925134,0.6925,0.4334169,4.1803,1.0000000,1.0000,[],2
25.7074,28.8581,-26.1550,0.0211181,Nc1ccc(NC(=O)c2ccc(-c3nc4ccccc4o3)cc2)cc1,1,O=C(Nc1ccccc1)c1ccc(-c2nc3ccccc3o2)cc1,0.0177015,356.3942,0.5481853,0.5482,0.6979277,1.7982,1.0000000,1.0000,[],2
29.4082,29.5420,-29.5420,0.0000000,CCc1cc(CCCC(C)C)cc(C(=O)O)c1O,1,c1ccccc1,0.0000000,0.0000,0.0000000,0.0000,0.0000000,0.0000,0.0000000,0.0000,"['C(=[O,S])[O,S]']",2
33.2336,35.5021,-34.4187,0.0084639,CN(CCO)c1ccc(-c2ccc(Cl)c(C#N)c2)nc1,1,c1ccc(-c2ccccn2)cc1,0.0066642,345.6663,0.9391136,0.9391,0.6185815,2.4016,1.0000000,1.0000,[],2
29.3697,32.5500,-32.4638,0.0006741,O=C1CCOCCN1c1cc(-c2ccccc2)nc2ccccc12,1,O=C1CCOCCN1c1cc(-c2ccccc2)nc2ccccc12,0.0004678,316.7558,0.7240572,0.7241,0.6598486,2.0787,1.0000000,1.0000,[],2
49.0512,52.4459,42.1586,0.7390976,CCCNC(=O)c1ccc2c(-c3ccccn3)nc3nc(S(=O)(=O)O)nnc3c2c1,1,c1ccc(-c2nc3ncnnc3c3ccccc23)nc1,0.7601202,412.5222,0.3623871,0.3624,0.5680962,2.8273,1.0000000,1.0000,[],2
61.5792,59.8636,-59.8636,0.0000000,COC(=O)CCCOc1ccc2cc(NC(=O)c3ccc(-c4nc(C(=O)NC(C)(C)C)cs4)c(OCCC(C)(C)C)c3)ccc2c1,1,O=C(Nc1ccc2ccccc2c1)c1ccc(-c2nccs2)cc1,0.0000000,0.0000,0.0000000,0.0000,0.0000000,0.0000,0.0000000,0.0000,"['C(=[O,S])[O,S]']",2
29.5906,32.6882,-32.6882,0.0000000,C=CC(=O)OCCCCOc1ccc(C(=O)Oc2ccc(C=C(C#N)C#N)c3cccnc23)cc1,1,O=C(Oc1cccc2cccnc12)c1ccccc1,0.0000000,0.0000,0.0000000,0.0000,0.0000000,0.0000,0.0000000,0.0000,"['C(=[O,S])[O,S]']",3
41.9143,41.9315,-22.8556,0.1490301,Cc1cc(N=Cc2c(C)c(C#N)c(O)[nH]c2=O)cc(C)c1O,1,O=c1[nH]cccc1C=Nc1ccccc1,0.1379039,380.1005,0.7387899,0.7388,0.5383057,3.0966,1.0000000,1.0000,[],3
41.4920,40.4702,-40.2932,0.0013825,CC1(C)C(C=C(Cl)S(N)(=O)=O)C1C(=O)N1CCc2ccccc21,1,O=C(C1CC1)N1CCc2ccccc21,0.0009960,324.9670,0.9032016,0.9032,0.4810186,3.6592,1.0000000,1.0000,[],3
46.6054,46.7102,-34.5848,0.0947297,Nc1ncccc1-c1cc2c(s1)-c1cc(Cn3ccc(=O)[nH]c3=O)ccc1OC2,1,O=c1ccn(Cc2ccc3c(c2)-c2sc(-c4cccnc4)cc2CO3)c(=O)[nH]1,0.0863143,374.3821,0.5465502,0.5466,0.5674775,2.8328,1.0000000,1.0000,[],3
22.5689,24.2565,-19.1240,0.0400977,CN(C)c1ncc([N+](=O)[O-])cc1CO,1,c1ccncc1,0.0348320,363.9344,0.5649579,0.5650,0.6081278,2.4869,1.0000000,1.0000,[],3
48.3898,50.5381,-50.5381,0.0000000,COC1CC2C(=CC1OC(=O)C=C(C)C)CCC1C(=O)C(C)=CC(=O)C12C,1,O=C1C=CC(=O)C2C1CCC1=CCCCC12,0.0000000,0.0000,0.0000000,0.0000,0.0000000,0.0000,0.0000000,0.0000,"['C(=[O,S])[O,S]']",3
30.6512,31.1008,-30.5194,0.0045425,CCc1c(C=O)c2ccccc2c(=O)n1-c1cccs1,1,O=c1c2ccccc2ccn1-c1cccs1,0.0034983,338.6343,0.6907856,0.6908,0.5928324,2.6142,1.0000000,1.0000,[],3
45.0423,48.8658,-48.8147,0.0003989,O=S(=O)(O)c1ccc(Oc2ccc(S(=O)(=O)c3ccc(Oc4ccc(Oc5ccc(Oc6ccc(OCCOC78CC9CC(CC(C9)C7)C8)cc6)cc5)cc4)cc3)cc2)cc1,1,O=S(=O)(c1ccc(Oc2ccccc2)cc1)c1ccc(Oc2ccc(Oc3ccc(Oc4ccc(OCCOC56CC7CC(CC(C7)C5)C6)cc4)cc3)cc2)cc1,0.0002918,311.6295,0.0733193,0.0733,0.4514316,3.9767,1.0000000,1.0000,[],3
54.3354,52.8277,-20.7743,0.2504171,CC(C)N1CCC(n2cc(-c3cnc4ncc(Nc5ccc(F)cc5)c(C5=CC=CC5)n34)cn2)CC1,1,C1=CCC(c2c(Nc3ccccc3)cnc3ncc(-c4cnn(C5CCNCC5)c4)n23)=C1,0.2435587,387.6957,0.3719588,0.3720,0.5173491,3.2952,1.0000000,1.0000,[],3
48.5571,49.5976,-49.5976,0.0000000,C#CC(NC(=O)C1CCC(NC(=O)c2occ3c2C(=O)c2ccccc2C3=O)CC1)C(=O)O,1,O=C1c2ccccc2C(=O)c2c1coc2C(=O)NC1CCCCC1,0.0000000,0.0000,0.0000000,0.0000,0.0000000,0.0000,0.0000000,0.0000,"['C#C', 'C(=[O,S])[O,S]']",3
26.8200,27.8603,-27.8603,0.0000000,COC(=O)C(=S)c1ccsc1C,1,c1ccsc1,0.0000000,0.0000,0.0000000,0.0000,0.0000000,0.0000,0.0000000,0.0000,"['C(=[O,S])[O,S]']",3
26.9817,27.3236,-27.3236,0.0000000,CN(N)C1CCNC(C)(C)C1,1,C1CCNCC1,0.0000000,0.0000,0.0000000,0.0000,0.0000000,0.0000,0.0000000,0.0000,['[#7;!n][#7;!n]'],3
67.6256,68.4204,-54.9061,0.1055810,COc1cc(S(=O)(=O)n2c3ccc(F)cc3c3c4ccccc4c4c5ccccc5ccc4c32)ccc1-c1ccc(C#N)cc1,1,O=S(=O)(c1ccc(-c2ccccc2)cc1)n1c2ccccc2c2c3ccccc3c3c4ccccc4ccc3c21,0.1000624,376.1515,0.1873467,0.1873,0.5720810,2.7924,1.0000000,1.0000,[],3
32.0697,31.4917,-31.4916,0.0000007,CC1CC(C(=O)N2CCOCC2)C2OC12,1,O=C(C1CCC2OC21)N1CCOCC1,0.0000003,237.7413,0.5845536,0.5846,0.4771289,3.6998,1.0000000,1.0000,[],3
20.3958,21.0875,-4.2607,0.1314587,O=[N+]([O-])c1ccc(NCCO)c([N+](=O)[O-])c1,1,c1ccccc1,0.1213271,378.5033,0.5694805,0.5695,0.6580349,2.0925,1.0000000,1.0000,[],3
59.0421,64.2627,-64.2627,0.0000000,c12ccc(c(c1-c1nc3c(nc4cc(sc14)C(C)(C)C)nc(c-3cc2)=C(C#N)C#N)C#N)C(C)(C)C,0,,0.0000000,0.0000,0.0000000,0.0000,0.0000000,0.0000,0.0000000,0.0000,None,3
24.7765,24.2009,-23.3019,0.0070236,CC1CN(CC(=O)c2cccs2)CC(C)O1,1,O=C(CN1CCOCC1)c1cccs1,0.0055271,343.6227,0.7559867,0.7560,0.5516084,2.9746,1.0000000,1.0000,[],3
18.7107,20.0516,-20.0515,0.0000012,NC(N)=NCCCCCN=C(N)N,1,,0.0000006,244.4094,0.2333163,0.2333,0.6078847,2.4888,1.0000000,1.0000,[],3
26.4113,28.7935,-28.7439,0.0003877,COc1ccc(NC(=O)c2ccc(CN(c3cccc(C)c3)S(C)(=O)=O)cc2)cc1,1,O=C(Nc1ccccc1)c1ccc(CNc2ccccc2)cc1,0.0002625,310.4798,0.6161010,0.6161,0.6805064,1.9246,1.0000000,1.0000,[],3
22.9673,23.3661,-23.3661,0.0000000,CCCCC(=O)C(=O)OC(C)C,1,,0.0000000,0.0000,0.0000000,0.0000,0.0000000,0.0000,0.0000000,0.0000,"['C(=[O,S])[O,S]']",3
31.8773,32.7224,-32.5728,0.0011688,Cc1cccc2nc(-c3ccc(CO)cc3)nc(N3CCOCC3)c12,1,c1ccc(-c2nc(N3CCOCC3)c3ccccc3n2)cc1,0.0008328,323.0229,0.7973918,0.7974,0.6440437,2.1999,1.0000000,1.0000,[],3
29.3508,30.8122,-30.8122,0.0000000,CCN(CC)S(=O)(=O)c1cc(CC(=O)O)cc(C(=O)O)c1,1,c1ccccc1,0.0000000,0.0000,0.0000000,0.0000,0.0000000,0.0000,0.0000000,0.0000,"['C(=[O,S])[O,S]']",3
42.4175,42.0677,-42.0677,0.0000000,CS(=O)(=O)c1ccc(-c2c(OC(F)(F)F)ccc3ncccc23)c(F)c1C(=O)O,1,c1ccc(-c2cccc3ncccc23)cc1,0.0000000,0.0000,0.0000000,0.0000,0.0000000,0.0000,0.0000000,0.0000,"['C(=[O,S])[O,S]']",3
38.4504,40.1667,-39.9969,0.0013264,COc1ccc(-c2cc(F)cc3nn(C4CCCC4)nc23)cc1Cl,1,c1ccc(-c2cccc3nn(C4CCCC4)nc23)cc1,0.0009579,324.5434,0.6691733,0.6692,0.6052193,2.5108,1.0000000,1.0000,[],3
26.4881,26.8518,-26.6768,0.0013673,CCC1(c2ccccc2)NC(=O)N(CC(=O)Nc2ccc(N3CCOCC3)cc2)C1=O,1,O=C(CN1C(=O)NC(c2ccccc2)C1=O)Nc1ccc(N2CCOCC2)cc1,0.0009884,324.8842,0.6975435,0.6975,0.5866334,2.6668,1.0000000,1.0000,[],3
28.4784,30.1527,-25.6013,0.0355579,Fc1ccc2c(C=Nc3nccs3)c[nH]c2c1,1,C(=Nc1nccs1)c1c[nH]c2ccccc12,0.0305373,362.4575,0.6894517,0.6895,0.5748902,2.7679,1.0000000,1.0000,[],3
30.0098,28.1216,-27.7981,0.0025274,O=C(CSc1ccc(S(=O)(=O)N2CCCCC2)cn1)N1CCN(c2ccc(F)cc2)CC1,1,O=C(CSc1ccc(S(=O)(=O)N2CCCCC2)cn1)N1CCN(c2ccccc2)CC1,0.0018936,331.9527,0.5947791,0.5948,0.6328924,2.2873,1.0000000,1.0000,[],3
48.6796,52.0571,-49.0503,0.0234910,Cc1cc(C2CC2)ccc1-c1cc(NCc2ccc(F)cc2)nc2sc(-c3ccccc3)cc12,1,c1ccc(CNc2cc(-c3ccc(C4CC4)cc3)c3cc(-c4ccccc4)sc3n2)cc1,0.0203018,357.9111,0.2721634,0.2722,0.6094423,2.4761,1.0000000,1.0000,[],3
37.3746,38.0158,-38.0158,0.0000000,CC(=NN=Cc1cc([N+](=O)[O-])ccc1F)Sc1ccccc1,1,C(=NN=Cc1ccccc1)Sc1ccccc1,0.0000000,0.0000,0.0000000,0.0000,0.0000000,0.0000,0.0000000,0.0000,['[#7;!n][#7;!n]'],3
86.0704,87.7737,-87.7737,0.0000000,c1c2c(cc3C(c4[nH]c5C(C(Br)=C(C#N)C(=O)C(=C5c4c13)Br)(C)C)(C)C)C1(C)c3c(cc(cc3)SC)C(C)(C)C=C1N2CCCCC,0,,0.0000000,0.0000,0.0000000,0.0000,0.0000000,0.0000,0.0000000,0.0000,None,3
20.9390,25.7661,-25.7661,0.0000000,CCOC(=O)c1cc2ccc(Cl)cc2oc1=O,1,O=c1ccc2ccccc2o1,0.0000000,0.0000,0.0000000,0.0000,0.0000000,0.0000,0.0000000,0.0000,"['C(=[O,S])[O,S]']",3
29.8656,31.1173,16.9087,0.3752037,Nc1c(C(=O)NO)sc2nc(-c3ccccc3)cc(-c3ccccc3)c12,1,c1ccc(-c2cc(-c3ccccc3)c3ccsc3n2)cc1,0.3709597,394.2662,0.3742241,0.3742,0.6466108,2.1801,1.0000000,1.0000,[],3
27.5630,30.3447,-30.3447,0.0000000,Nc1ccc2[nH]c(C(=O)O)c(C(=O)O)c(=O)c2c1,1,O=c1cc[nH]c2ccccc12,0.0000000,0.0000,0.0000000,0.0000,0.0000000,0.0000,0.0000000,0.0000,"['C(=[O,S])[O,S]']",3
46.5029,51.9664,-49.3175,0.0206945,CCCC=Cc1c(Oc2ccc(C)cc2)nc(=O)n2c(-c3ccc(OC)cc3)c(-c3ccccc3)oc12,1,O=c1nc(Oc2ccccc2)cc2oc(-c3ccccc3)c(-c3ccccc3)n12,0.0179063,356.5213,0.2237752,0.2238,0.5627140,2.8749,1.0000000,1.0000,[],3
27.6477,27.6482,-27.5021,0.0011412,Cc1ccc(N)cc1NCc1ccc(Cl)c(Cl)c1,1,c1ccc(CNc2ccccc2)cc1,0.0008103,322.7255,0.8129858,0.8130,0.6949177,1.8198,1.0000000,1.0000,[],3
35.4855,35.3604,-33.3393,0.0157895,COc1ccccc1C1Nc2ccccc2NC2=C1C(=O)CC(c1cc(Br)ccc1O)C2,1,O=C1CC(c2ccccc2)CC2=C1C(c1ccccc1)Nc1ccccc1N2,0.0132347,353.1875,0.4106003,0.4106,0.5209306,3.2607,1.0000000,1.0000,[],3
38.5368,39.0732,-39.0732,0.0000000,c1c(c2c3c(ccc4c3c(cc2)ccc4)cc1)-c1cc(-c2ccc3c4c2ccc2c4c(cc3-c3ccccc3)cccc2)ccc1,0,,0.0000000,0.0000,0.0000000,0.0000,0.0000000,0.0000,0.0000000,0.0000,None,3
28.4814,29.1215,-29.1113,0.0000797,CC1c2cccn2CCN1c1cc(F)cc(F)c1,1,c1ccc(N2CCn3cccc3C2)cc1,0.0000495,292.3736,0.7510219,0.7510,0.5480807,3.0067,1.0000000,1.0000,[],3
24.7982,24.2071,-24.2071,0.0000000,CC(C)N(C)C1(CC(=O)O)CCCC1,1,C1CCCC1,0.0000000,0.0000,0.0000000,0.0000,0.0000000,0.0000,0.0000000,0.0000,"['C(=[O,S])[O,S]']",3
29.1019,29.6959,-29.6845,0.0000888,O=C(NOS(=O)(=O)c1ccc(Br)cc1)c1ccc(F)cc1,1,O=C(NOS(=O)(=O)c1ccccc1)c1ccccc1,0.0000551,293.5328,0.8356729,0.8357,0.6592125,2.0835,1.0000000,1.0000,[],3
30.6693,30.5135,-30.5134,0.0000000,COC(=O)c1cc(CS(=O)(=O)Cl)cc(NC(=O)OC(C)(C)C)c1,1,c1ccccc1,0.0000000,0.0000,0.0000000,0.0000,0.0000000,0.0000,0.0000000,0.0000,"['C(=[O,S])[O,S]']",3
24.9664,24.9426,-24.9396,0.0000229,OC1(c2cccs2)CCOC2(CCSCC2)C1,1,c1csc(C2CCOC3(CCSCC3)C2)c1,0.0000134,278.1423,0.8504031,0.8504,0.4191580,4.3475,1.0000000,1.0000,[],3
22.1885,22.4414,-22.4414,0.0000000,CN(CC(=O)O)C1CCSC1,1,C1CCSC1,0.0000000,0.0000,0.0000000,0.0000,0.0000000,0.0000,0.0000000,0.0000,"['C(=[O,S])[O,S]']",3
49.5152,54.8417,-47.8259,0.0548107,CCCCCCCCn1c(-c2ccc(-c3ccc(-c4nc(-c5ccccc5)cc(-c5ccc(-c6ccc(-c7nc(-c8ccccc8)nc(-c8ccccc8)n7)cc6)cc5)n4)cc3)cc2)nc2cc(N(c3ccccc3)c3ccccc3)ccc21,1,c1ccc(-c2cc(-c3ccc(-c4ccc(-c5nc(-c6ccccc6)nc(-c6ccccc6)n5)cc4)cc3)nc(-c3ccc(-c4ccc(-c5nc6cc(N(c7ccccc7)c7ccccc7)ccc6[nH]5)cc4)cc3)n2)cc1,0.0518360,368.4437,0.0745818,0.0746,0.4890284,3.5767,1.0000000,1.0000,[],3
46.0785,44.4694,-44.4634,0.0000466,CSC1CCC(N2CC3CCN(C(=O)Cc4ccc(F)c(C)c4)CC3C2)CC1,1,O=C(Cc1ccccc1)N1CCC2CN(C3CCCCC3)CC2C1,0.0000282,286.2691,0.7538278,0.7538,0.5027150,3.4387,1.0000000,1.0000,[],3
47.4781,49.7729,-49.7729,0.0000000,CCCC(=CN1CC(c2ccc(C)cc2)(S(=O)(=O)c2ccc(C)cc2)CC1=O)C(=O)OC,1,O=C1CC(c2ccccc2)(S(=O)(=O)c2ccccc2)CN1,0.0000000,0.0000,0.0000000,0.0000,0.0000000,0.0000,0.0000000,0.0000,"['C(=[O,S])[O,S]']",3
87.9959,90.0167,-90.0167,0.0000000,COc1ccc(-c2c3c4c(-c5c(F)cccc5Cl)nc(=O)c2-c2ccccc2N3C23CC(C2O)C(C)(C#N)C(CO4)C3O)cc1,1,O=c1nc(-c2ccccc2)c2c3c(-c4ccccc4)c1-c1ccccc1N3C13CC(CO2)CC(C1)C3,0.0000000,0.0000,0.0000000,0.0000,0.0000000,0.0000,0.0000000,0.0000,['[*;r{8-17}]'],3
45.9850,49.0900,-48.7464,0.0026849,C=Nc1cccc2c1CN(C1=C(Cl)N(c3cc(C)cc(C)c3)C(=O)CC1)C2=O,1,O=C1c2ccccc2CN1C1=CN(c2ccccc2)C(=O)CC1,0.0020305,332.7122,0.5537880,0.5538,0.5247083,3.2246,1.0000000,1.0000,[],3
32.2464,36.6433,-26.7992,0.0769071,CCn1cc(-c2ccc(OC)cc2)c2nc3ccccc3c(N)c2c1=O,1,O=c1[nH]cc(-c2ccccc2)c2nc3ccccc3cc12,0.0690517,371.7562,0.5730184,0.5730,0.6313674,2.2993,1.0000000,1.0000,[],3
28.7163,30.5262,-30.5262,0.0000000,COC(=O)c1ccc(-c2ccc(C=C3SC(=O)N(CC(=O)Nc4ccc(OC)cc4)C3=O)o2)cc1,1,O=C(CN1C(=O)SC(=Cc2ccc(-c3ccccc3)o2)C1=O)Nc1ccccc1,0.0000000,0.0000,0.0000000,0.0000,0.0000000,0.0000,0.0000000,0.0000,"['C(=[O,S])[O,S]']",3
26.8786,27.5770,14.6437,0.3298488,COc1ccc(C=C2Oc3c(ccc(OCC(C)C)c3C)C2=O)cc1OC,1,O=C1C(=Cc2ccccc2)Oc2ccccc21,0.3178823,391.7102,0.6940948,0.6941,0.6251324,2.3490,1.0000000,1.0000,[],3
31.7413,32.9955,-14.1927,0.1468969,COc1cc(Nc2nc3cc[nH]c3cc2C#N)cc(OC)c1OC,1,c1ccc(Nc2ccc3[nH]ccc3n2)cc1,0.1353980,379.8699,0.7485123,0.7485,0.6134002,2.4437,1.0000000,1.0000,[],3
43.9773,46.8470,2.0001,0.3816182,COc1ccc(C2=C(c3ccc(C)cc3)C(=CO)C(c3cccc(OC)c3)=C2c2ccccc2)cc1,1,C=C1C(c2ccccc2)=C(c2ccccc2)C(c2ccccc2)=C1c1ccccc1,0.3811957,394.7399,0.2890852,0.2891,0.6100765,2.4709,1.0000000,1.0000,[],3
29.3007,29.0548,-29.0326,0.0001734,CC1C(=O)Nc2cnc(Cl)cc2N1C,1,O=C1CNc2ccncc2N1,0.0001130,301.3256,0.6620910,0.6621,0.5119739,3.3474,1.0000000,1.0000,[],3
30.1560,35.4196,-35.3987,0.0001628,Cc1c(Cl)n2c3ccccc3nc2n1CC(C)C,1,c1ccc2c(c1)nc1[nH]ccn12,0.0001052,300.5536,0.6856938,0.6857,0.5956340,2.5906,1.0000000,1.0000,[],3
33.1595,38.2452,-38.2452,0.0000000,c1(ccc(Cl)cc1)-n1c(c2sc3nc(-c4ccccc4)nc1c32)=O,0,,0.0000000,0.0000,0.0000000,0.0000,0.0000000,0.0000,0.0000000,0.0000,None,3
25.8287,28.1070,-28.0963,0.0000836,CCc1ccc(S(=O)(=O)N(c2ccccc2)C2CCCCC2)cc1,1,O=S(=O)(c1ccccc1)N(c1ccccc1)C1CCCCC1,0.0000518,292.8592,0.7834909,0.7835,0.6681467,2.0162,1.0000000,1.0000,[],3
20.5052,22.9812,-22.9051,0.0005944,c1ccc2c(c1)c1ccccc1c1ccccc21,1,c1ccc2c(c1)c1ccccc1c1ccccc21,0.0004168,315.5025,0.3651778,0.3652,0.8187307,1.0000,1.0000000,1.0000,[],3
27.4766,30.0982,-29.8647,0.0018247,COc1ccc(C2=NC2c2cccs2)cc1,1,c1ccc(C2=NC2c2cccs2)cc1,0.0013347,328.1487,0.7909633,0.7910,0.5720164,2.7929,1.0000000,1.0000,[],3
63.8127,63.4473,-63.4473,0.0000000,COc1cc(C#CCC2([N+](=O)[O-])CCN2C(=O)OC(C)(C)C)ccc1OCCN(C)C(=O)c1ccc(OC)c(OC(C)=O)c1,1,O=C(NCCOc1ccc(C#CCC2CCN2)cc1)c1ccccc1,0.0000000,0.0000,0.0000000,0.0000,0.0000000,0.0000,0.0000000,0.0000,"['C#C', 'C(=[O,S])[O,S]']",3
33.0763,34.9063,-34.9063,0.0000000,O=C(Oc1ccccc1)n1c(=O)oc2cc([N+](=O)[O-])ccc2c1=O,1,O=C(Oc1ccccc1)n1c(=O)oc2ccccc2c1=O,0.0000000,0.0000,0.0000000,0.0000,0.0000000,0.0000,0.0000000,0.0000,"['C(=[O,S])[O,S]']",3
51.0410,56.4813,-43.8847,0.0984108,N#Cc1ccc(C(F)(F)F)nc1-n1nc(-c2ccccc2)c2c1-c1c(c(=O)n(-c3ccccc3)c3ccccc13)C2c1ccccc1,1,O=c1c2c(c3ccccc3n1-c1ccccc1)-c1c(c(-c3ccccc3)nn1-c1ccccn1)C2c1ccccc1,0.0930447,375.2776,0.1982068,0.1982,0.4938580,3.5275,1.0000000,1.0000,[],3
26.7676,26.2271,-26.2271,0.0000000,O=C(O)C(O)C(=O)c1ccc(Br)cc1F,1,c1ccccc1,0.0000000,0.0000,0.0000000,0.0000,0.0000000,0.0000,0.0000000,0.0000,"['C(=[O,S])[O,S]']",3
37.9332,40.5749,-40.5749,0.0000000,c1cc(N(c2ccccc2)c2ccc3c(c2)n2c4c(c5c2ccc2c5c(cccc3)n24)-c2ccccc2)ccc1,0,,0.0000000,0.0000,0.0000000,0.0000,0.0000000,0.0000,0.0000000,0.0000,None,3
36.7091,38.6299,-26.7544,0.0927773,c1ccc(-c2nc(-c3ccc(-c4ccc(N(c5ccccc5)c5ccc(-c6ccc(N(c7ccccc7)c7ccccc7)cc6)cc5)cc4)cc3)nc(-c3ccc4sc5ccccc5c4c3)n2)cc1,1,c1ccc(-c2nc(-c3ccc(-c4ccc(N(c5ccccc5)c5ccc(-c6ccc(N(c7ccccc7)c7ccccc7)cc6)cc5)cc4)cc3)nc(-c3ccc4sc5ccccc5c4c3)n2)cc1,0.0884048,374.6668,0.1293972,0.1294,0.5579689,2.9173,1.0000000,1.0000,[],4
57.4872,62.5666,-62.5666,0.0000000,COC(=O)c1ccc(N=Cc2ccc(N(c3ccc(C(C(=O)OC(C)(C)C)=C4C=CC(=Nc5ccc(C(C)(C)C)cc5)N4)cc3)c3ccc(C(C)(C)C)cc3)cc2)cc1,1,C1=CC(=Nc2ccccc2)NC1=Cc1ccc(N(c2ccccc2)c2ccc(C=Nc3ccccc3)cc2)cc1,0.0000000,0.0000,0.0000000,0.0000,0.0000000,0.0000,0.0000000,0.0000,"['C(=[O,S])[O,S]']",4
26.5121,26.3131,-26.2297,0.0006518,CC(C)(C)c1ccc(Oc2nnc(Cl)c3ccccc23)cc1,1,c1ccc(Oc2nncc3ccccc23)cc1,0.0004534,316.4172,0.6374973,0.6375,0.6558574,2.1091,1.0000000,1.0000,[],4
46.8188,48.6627,-48.6627,0.0000000,O=C(CCc1ccccc1)NN=Cc1ccccc1OC(=O)c1ccc2c(c1)oc1cc([N+](=O)[O-])ccc12,1,O=C(CCc1ccccc1)NN=Cc1ccccc1OC(=O)c1ccc2c(c1)oc1ccccc12,0.0000000,0.0000,0.0000000,0.0000,0.0000000,0.0000,0.0000000,0.0000,"['[#7;!n][#7;!n]', 'C(=[O,S])[O,S]']",4
36.5935,38.9264,-38.4396,0.0038034,CCC1(c2ccccc2)c2ccccc2-c2cccc(-c3ccc(N(c4ccccc4)c4ccc(-c5cccc6ccccc56)cc4)cc3)c21,1,c1ccc(C2c3ccccc3-c3cccc(-c4ccc(N(c5ccccc5)c5ccc(-c6cccc7ccccc67)cc5)cc4)c32)cc1,0.0030413,337.1096,0.1676995,0.1677,0.5324885,3.1510,1.0000000,1.0000,[],4
27.7606,28.8375,-28.2153,0.0048614,Nc1ccc(C(=O)c2ccc3c(c2)OCC3)cc1F,1,O=C(c1ccccc1)c1ccc2c(c1)OCC2,0.0037546,339.4049,0.6641881,0.6642,0.6498372,2.1552,1.0000000,1.0000,[],4
29.4394,30.2493,-30.2099,0.0003080,CC12CNCCC1=Cc1c2[nH]c2ccccc12,1,C1=C2CCNCC2c2[nH]c3ccccc3c21,0.0002065,307.8761,0.7072744,0.7073,0.4938765,3.5273,1.0000000,1.0000,[],4
42.4370,47.6475,-47.6475,0.0000000,c1(sc2c(cccc2)n1)N1CC2CS(=O)(=O)CC2N(C=1c1ccc(s1)C)C=O,0,,0.0000000,0.0000,0.0000000,0.0000,0.0000000,0.0000,0.0000000,0.0000,None,4
30.2916,31.3112,-30.6785,0.0049429,Cc1ccc(Sc2nnc(-c3ccc(C)s3)s2)s1,1,c1csc(Sc2nnc(-c3cccs3)s2)c1,0.0038307,339.6237,0.6731257,0.6731,0.5636092,2.8670,1.0000000,1.0000,[],4
35.6681,35.5754,-35.5475,0.0002180,Cc1cc(Br)ccc1NC(=O)c1nc[nH]c1-c1ccc(Cl)cc1,1,O=C(Nc1ccccc1)c1nc[nH]c1-c1ccccc1,0.0001430,303.8887,0.6569914,0.6570,0.6414325,2.2203,1.0000000,1.0000,[],4
45.9017,44.5201,-44.3373,0.0014275,O=[N+]([O-])OC1CCCC1C=CC1CC1Sc1ccccc1,1,C(=CC1CC1Sc1ccccc1)C1CCCC1,0.0010558,325.6008,0.4508781,0.4509,0.4243778,4.2857,1.0000000,1.0000,[],4
51.3143,55.6427,-3.9244,0.4040490,Cc1ccc(C=C(C#N)C=c2nnc(C)nc2=CC=CNc2ccc(C)cc2)cc1,1,C(=CNc1ccccc1)C=c1ncnnc1=CC=Cc1ccccc1,0.3957093,524.5967,0.6707209,0.6707,0.5087647,3.3788,1.0000000,1.0000,[],4
29.1565,29.3789,-29.3519,0.0002105,CN1CCNCC1Cc1n[nH]c2ccccc12,1,c1ccc2c(CC3CNCCN3)n[nH]c2c1,0.0001375,303.4627,0.8089743,0.8090,0.5314371,3.1609,1.0000000,1.0000,[],4
31.4309,31.5565,-31.5565,0.0000000,CC(=O)NC(CCC(=O)O)C(=O)NC(C(=O)NC(CC(C)C)C(=O)O)C(C)O,1,,0.0000000,0.0000,0.0000000,0.0000,0.0000000,0.0000,0.0000000,0.0000,"['C(=[O,S])[O,S]']",4
51.4423,50.3036,-46.6846,0.0282735,CC(C)C=C(Cl)C=CC(=O)CC(C)C1(N)C=CC=CC1,1,C1=CCCC=C1,0.0242977,359.9062,0.5908904,0.5909,0.3957293,4.6351,1.0000000,1.0000,[],4
28.0230,27.7766,-27.7562,0.0001597,Cc1c(Cl)cccc1NC(=O)CNC(=O)c1cccc(C#N)c1,1,O=C(CNC(=O)c1ccccc1)Nc1ccccc1,0.0001019,300.2108,0.9054647,0.9055,0.6890352,1.8623,1.0000000,1.0000,[],4
37.7113,38.7379,-38.7379,0.0000000,C=CC(=O)OCS(=O)(=O)C(=C)OCC(=C)C(=O)O,1,,0.0000000,0.0000,0.0000000,0.0000,0.0000000,0.0000,0.0000000,0.0000,"['C(=[O,S])[O,S]']",4
28.1042,31.4206,25.6050,0.4455123,O=C1C(=O)N(C2CCN(C(=O)c3ccccc3)CC2)c2ccccc21,1,O=C1C(=O)N(C2CCN(C(=O)c3ccccc3)CC2)c2ccccc21,0.4336663,397.1021,0.7931347,0.7931,0.6746424,1.9679,1.0000000,1.0000,[],4
36.3943,40.7027,-40.5577,0.0011328,N#Cc1ccccc1N1CCC(CN2CC=C(c3ccc(-n4cccn4)cc3)CC2)CC1,1,C1=C(c2ccc(-n3cccn3)cc2)CCN(CC2CCN(c3ccccc3)CC2)C1,0.0008147,322.7834,0.5942116,0.5942,0.5953974,2.5926,1.0000000,1.0000,[],4
38.0089,39.8767,-39.8619,0.0001151,CC1Cc2ccccc2N(Cc2ccccc2)C(N(Cc2ccccc2)c2ccccc2)C1,1,c1ccc(CN(c2ccccc2)C2CCCc3ccccc3N2Cc2ccccc2)cc1,0.0000750,296.8757,0.3151158,0.3151,0.5440843,3.0433,1.0000000,1.0000,[],4
25.6632,26.7615,-26.7615,0.0000000,O=C(OCc1ccc([N+](=O)[O-])cc1)c1cccc(O)c1,1,O=C(OCc1ccccc1)c1ccccc1,0.0000000,0.0000,0.0000000,0.0000,0.0000000,0.0000,0.0000000,0.0000,"['C(=[O,S])[O,S]']",4
39.4576,39.7763,-39.7763,0.0000000,N#Cc1nc(N(CC(=O)O)CC(=O)O)c(Br)nc1C(N)=O,1,c1cnccn1,0.0000000,0.0000,0.0000000,0.0000,0.0000000,0.0000,0.0000000,0.0000,"['C(=[O,S])[O,S]']",4
26.0887,25.4776,-25.4597,0.0001400,CCCCCCCC(=O)c1cc(C)c(O)c(C)c1,1,c1ccccc1,0.0000901,298.8640,0.5673659,0.5674,0.6818509,1.9147,1.0000000,1.0000,[],4
32.6783,34.4416,-22.0626,0.0967104,CC(C)(C)c1ccc2nc3c(-c4nn[nH]n4)cccc3cc2c1,1,c1ccc2nc3c(-c4nn[nH]n4)cccc3cc2c1,0.0880904,374.6244,0.5420603,0.5421,0.6144236,2.4354,1.0000000,1.0000,[],4
25.9802,27.4413,-27.4244,0.0001314,C=Cn1c(CCl)nc2cc(Cl)ccc21,1,c1ccc2[nH]cnc2c1,0.0000840,298.1040,0.7172810,0.7173,0.5727820,2.7863,1.0000000,1.0000,[],4
44.9835,47.9659,-47.9659,0.0000000,C1C(C(O)=O)(C(N)=O)C(c2c(=O)oc3c(c2=O)cccc3)c2ccccc2N1C(=O)C,0,,0.0000000,0.0000,0.0000000,0.0000,0.0000000,0.0000,0.0000000,0.0000,None,4
50.1202,55.7646,-54.7428,0.0079827,Oc1cc(Nc2nc(Nc3ccccc3)nc(-c3ccccc3)n2)cc2c1-c1ccccc1C21C2CCCCC21,1,c1ccc(Nc2nc(Nc3ccc4c(c3)C3(c5ccccc5-4)C4CCCCC43)nc(-c3ccccc3)n2)cc1,0.0066055,345.5696,0.2178457,0.2178,0.4515164,3.9757,1.0000000,1.0000,[],4
26.7524,29.2601,-28.6101,0.0050785,Cc1cc(S(=O)(=O)O)ccc1C(=O)C=Cc1ccccc1,1,O=C(C=Cc1ccccc1)c1ccccc1,0.0039555,339.9732,0.5348452,0.5348,0.6714284,1.9917,1.0000000,1.0000,[],4
35.8652,38.3232,61.3882,0.7789950,CN1C2=C(C=Cc3cccc4cccc2c34)[S+]([O-])c2ccccc21,1,C1=Cc2cccc3cccc(c23)C2=C1[SH+]c1ccccc1N2,0.7957721,414.7668,0.5541930,0.5542,0.4718224,3.7558,1.0000000,1.0000,[],4
72.1767,73.7005,-73.7005,0.0000000,s1c2c(C(=O)c3ccccc3/C2=C(/C#N)[N+]#[C-])c2-c3c(c(c(c(c3-c3c2c1ccc3C#N)[N+]#[C-])C#C)-c1ccc(cc1)-c1cccnc1)-c1ccccc1,0,,0.0000000,0.0000,0.0000000,0.0000,0.0000000,0.0000,0.0000000,0.0000,None,4
52.2188,60.9421,-60.9421,0.0000000,CCCC(O)(O)Cc1ccc2c3cc(C)ccc3c3sc(C=C(C#N)C(=O)O)c(C)c3c2c1,1,c1ccc2c(c1)c1ccccc1c1sccc21,0.0000000,0.0000,0.0000000,0.0000,0.0000000,0.0000,0.0000000,0.0000,"['C(=[O,S])[O,S]']",4
26.4747,26.6732,-26.6684,0.0000375,CCN(C(=O)C(F)(F)F)c1cc(C)ccc1Cl,1,c1ccccc1,0.0000223,283.7151,0.8005587,0.8006,0.6305491,2.3058,1.0000000,1.0000,[],4
41.6098,42.2216,-27.4114,0.1157049,N#Cc1nc(N)c(-c2ccsc2)nc1-c1c(F)c(F)c(O)c(F)c1F,1,c1ccc(-c2cncc(-c3ccsc3)n2)cc1,0.1068222,376.9431,0.5337679,0.5338,0.5189696,3.2795,1.0000000,1.0000,[],4
40.7253,42.6442,78.8074,0.9488403,OC(Cc1ccccc1)C1=c2sc3ccccc3c2=C1I,1,C1=c2c(sc3ccccc23)=C1CCc1ccccc1,0.9712617,438.2219,0.6652729,0.6653,0.5329478,3.1467,1.0000000,1.0000,[],4
36.4589,40.3322,5.3031,0.3565253,O=[N+]([O-])c1ccc(-c2ccc(-c3cc(O)ccc3O)n3c2nc2ccccc23)cc1,1,c1ccc(-c2ccc(-c3ccccc3)n3c2nc2ccccc23)cc1,0.3565289,393.5891,0.2493236,0.2493,0.6093633,2.4767,1.0000000,1.0000,[],4
34.2408,34.1570,-34.1219,0.0002742,C=Cc1ccc(-c2ccccc2OC)cc1C=CCC,1,c1ccc(-c2ccccc2)cc1,0.0001818,306.4922,0.6994620,0.6995,0.6335468,2.2821,1.0000000,1.0000,[],4
32.7579,33.0967,-33.0399,0.0004443,CCCN(CCC)CCCNc1nc(Nc2ccccc2C)ncc1C,1,c1ccc(Nc2ncccn2)cc1,0.0003042,312.0836,0.5691691,0.5692,0.6274542,2.3304,1.0000000,1.0000,[],4
24.3947,24.6964,-24.4583,0.0018599,CC1(C)CC(=O)C2=C(C1)OC(N)=C(C#N)C2c1cccnc1,1,O=C1CCCC2=C1C(c1cccnc1)C=CO2,0.0013603,328.3559,0.8595710,0.8596,0.5302520,3.1720,1.0000000,1.0000,[],4
32.8675,30.4914,-30.4828,0.0000674,O=C(CCn1cnnn1)N1CCN(C(=O)Nc2cccnc2)CC1,1,O=C(CCn1cnnn1)N1CCN(C(=O)Nc2cccnc2)CC1,0.0000413,290.3920,0.8337485,0.8337,0.6243166,2.3555,1.0000000,1.0000,[],4
81.4078,95.6721,-92.9766,0.0210586,COc1ccc2nc(-c3nccs3)c(-c3ccc(-c4nc5sccc5n4-c4ccc(C=Cc5ccccc5C=CC=O)cc4-n4c5ccccc5c5ccccc54)cc3)n2c1,1,C(=Cc1ccc(-n2c(-c3ccc(-c4c(-c5nccs5)nc5ccccn45)cc3)nc3sccc32)c(-n2c3ccccc3c3ccccc32)c1)c1ccccc1,0.0189269,357.1345,0.0779326,0.0779,0.4705274,3.7695,1.0000000,1.0000,[],4
87.2669,89.2212,-89.2212,0.0000000,c1ccc2c3c4c5C(=CC=c6c7ccc(n8C9=CC=C8c8c-6cc(c8)C=C)cc53)=CC(C=C1)c4ccc2,0,,0.0000000,0.0000,0.0000000,0.0000,0.0000000,0.0000,0.0000000,0.0000,None,4
46.2405,51.3093,-51.3093,0.0000000,c12cc3c4ccccc4n4c(=O)cc(-c5ccc(cc5)C(=O)N=c5ccccn5)c4n3c1cccc2,0,,0.0000000,0.0000,0.0000000,0.0000,0.0000000,0.0000,0.0000000,0.0000,None,4
24.6809,26.2804,-26.0193,0.0020401,O=C1c2ccccc2C(=O)N1Cc1nc2ccsc2s1,1,O=C1c2ccccc2C(=O)N1Cc1nc2ccsc2s1,0.0015065,329.4655,0.6831048,0.6831,0.5994447,2.5588,1.0000000,1.0000,[],4
37.5902,43.2451,-43.2451,0.0000000,c1(cnc(CCCCCC)cn1)-c1sc(C=O)n1CCCCCC,0,,0.0000000,0.0000,0.0000000,0.0000,0.0000000,0.0000,0.0000000,0.0000,None,4
33.7680,33.5765,-33.4653,0.0008689,O=c1[nH]cnc2c(Cc3ccc(N4CCNCC4)cc3)cccc12,1,O=c1[nH]cnc2c(Cc3ccc(N4CCNCC4)cc3)cccc12,0.0006105,319.6484,0.7739628,0.7740,0.6235911,2.3613,1.0000000,1.0000,[],4
28.6651,30.6177,-30.6177,0.0000000,CC(C)=NN=C1CC2CC1(C)C2(C)C,1,N=C1CC2CC1C2,0.0000000,0.0000,0.0000000,0.0000,0.0000000,0.0000,0.0000000,0.0000,['[#7;!n][#7;!n]'],4
40.0650,42.5441,-32.6672,0.0771630,Oc1ccc2c(c1)-c1[nH]c3cnc4oc(-c5ccccc5)nc4c3c1CC2,1,c1ccc(-c2nc3c(ncc4[nH]c5c(c43)CCc3ccccc3-5)o2)cc1,0.0699583,371.9084,0.4519794,0.4520,0.5727010,2.7870,1.0000000,1.0000,[],4
22.3891,22.6716,-22.6715,0.0000002,CC(C)(C)CC(=O)NC1(C#N)CCCC1,1,C1CCCC1,0.0000001,222.2953,0.7570860,0.7571,0.5982403,2.5688,1.0000000,1.0000,[],4
32.9108,35.4284,-27.2310,0.0640429,COc1ccc(C2=[N+](c3ccc(OC)c(OC)c3)C(C)(C)C(C)=N2)cc1,1,C1=NC(c2ccccc2)=[N+](c2ccccc2)C1,0.0565750,369.4479,0.7616161,0.7616,0.5639723,2.8638,1.0000000,1.0000,[],4
46.9043,47.5547,-47.4959,0.0004595,CCCNCc1ccc(-c2ccccc2)c(NC(=O)c2cc(C(C)(C)C)c(O)cc2C)n1,1,O=C(Nc1ncccc1-c1ccccc1)c1ccccc1,0.0003186,312.5858,0.4126559,0.4127,0.6057567,2.5064,1.0000000,1.0000,[],4
21.6293,25.3333,-25.2214,0.0008743,c1ccc(-c2ccc(-c3nc4ccccn4c3-c3ccccc3)cc2)cc1,1,c1ccc(-c2ccc(-c3nc4ccccn4c3-c3ccccc3)cc2)cc1,0.0006275,319.9480,0.3727011,0.3727,0.6865552,1.8803,1.0000000,1.0000,[],4
27.0149,26.8024,-26.7859,0.0001286,CC(=O)N1CCc2c1ccc(Cl)c2Cl,1,c1ccc2c(c1)CCN2,0.0000821,297.8532,0.6705157,0.6705,0.6369543,2.2553,1.0000000,1.0000,[],4
34.2317,35.5622,-34.7669,0.0062131,CCn1ccc2nc(C3=CCCC(C)=C3)ccc21,1,C1=CC(c2ccc3[nH]ccc3n2)=CCC1,0.0048528,342.2026,0.7670878,0.7671,0.5671228,2.8359,1.0000000,1.0000,[],4
26.2484,26.7770,-26.7770,0.0000000,O=C(CCCN1C(=O)c2ccccc2C1=O)OCc1cccc(Br)c1,1,O=C(CCCN1C(=O)c2ccccc2C1=O)OCc1ccccc1,0.0000000,0.0000,0.0000000,0.0000,0.0000000,0.0000,0.0000000,0.0000,"['C(=[O,S])[O,S]']",4
31.0178,31.9889,-31.9889,0.0000000,CCCCCCCCCC=CCCCCCCCCCCCCCCCC(=O)NC(CS)C(=O)O,1,,0.0000000,0.0000,0.0000000,0.0000,0.0000000,0.0000,0.0000000,0.0000,"['C(=[O,S])[O,S]']",4
28.4140,28.4717,-28.4607,0.0000859,CC(=CCl)CN(c1ccccc1)S(=O)(=O)c1ccc(C)cc1,1,O=S(=O)(Nc1ccccc1)c1ccccc1,0.0000533,293.1707,0.8150102,0.8150,0.6409500,2.2240,1.0000000,1.0000,[],4
50.7481,51.4593,-51.4593,0.0000000,CC1(C2CC(=O)C34CC=C2C3(C)CCC(=O)O4)CC(=O)C(N)=C(O)C1O,1,O=C1C=CCC(C2CC(=O)C34CC=C2C3CCC(=O)O4)C1,0.0000000,0.0000,0.0000000,0.0000,0.0000000,0.0000,0.0000000,0.0000,"['C(=[O,S])[O,S]']",4
34.5867,36.4207,-36.4207,0.0000000,CC1(C)CC(C(=O)O)n2c1cc(CC(=O)O)cc2=O,1,O=c1cccc2n1CCC2,0.0000000,0.0000,0.0000000,0.0000,0.0000000,0.0000,0.0000000,0.0000,"['C(=[O,S])[O,S]']",4
28.3227,31.2430,-31.1496,0.0007295,N=c1sc(=Nc2ccccc2)n2c(=O)sc3ccccc3n12,1,N=c1sc(=Nc2ccccc2)n2c(=O)sc3ccccc3n12,0.0005142,317.7839,0.5734507,0.5735,0.5421721,3.0609,1.0000000,1.0000,[],4
44.1071,44.3497,-44.3497,0.0000000,O=C1COc2ccccc2C2c3cccn3CN2N1Cc1ccc(Cl)cc1,1,O=C1COc2ccccc2C2c3cccn3CN2N1Cc1ccccc1,0.0000000,0.0000,0.0000000,0.0000,0.0000000,0.0000,0.0000000,0.0000,"['[*;r{8-17}]', '[#7;!n][#7;!n]']",4
29.6124,29.9343,-29.6867,0.0019342,CC1CN(Cc2ccccc2)c2nc(Cl)ccc21,1,c1ccc(CN2CCc3cccnc32)cc1,0.0014205,328.8262,0.7607552,0.7608,0.5790329,2.7320,1.0000000,1.0000,[],4
34.9105,34.3452,-23.4599,0.0850409,CN1CCCC2=C(Cl)C(=O)c3ncccc3C21,1,O=C1C=C2CCCNC2c2cccnc21,0.0766044,372.9716,0.7075070,0.7075,0.5066825,3.3994,1.0000000,1.0000,[],4
33.4991,32.5483,-32.5481,0.0000008,C=COC=C(OC)OCCCC,1,,0.0000004,240.3007,0.4357008,0.4357,0.4964536,3.5013,1.0000000,1.0000,[],4
42.6610,44.6274,-44.5794,0.0003751,COCCC1CCCCC1Oc1cc2c(cn1)nc(N)n2-c1ccc(Cl)cc1,1,c1ccc(-n2cnc3cnc(OC4CCCCC4)cc32)cc1,0.0002546,310.1507,0.6523832,0.6524,0.5072560,3.3937,1.0000000,1.0000,[],4
22.1191,23.8771,-23.8662,0.0000858,Cc1cc2c(N(C)C)ncnc2o1,1,c1ncc2ccoc2n1,0.0000538,293.2628,0.6630787,0.6631,0.5705090,2.8061,1.0000000,1.0000,[],5
41.6328,42.0341,-42.0341,0.0000000,COc1ccc(C=Nn2cnc3ccccc32)cc1-c1cc(Cl)cc(C(=O)O)c1,1,C(=Nn1cnc2ccccc21)c1cccc(-c2ccccc2)c1,0.0000000,0.0000,0.0000000,0.0000,0.0000000,0.0000,0.0000000,0.0000,"['C(=[O,S])[O,S]']",5
30.7716,32.1783,-7.5471,0.1924311,Cc1ccc2cccc(-c3c4ccccc4c(C4CCCCC4)c4ccccc34)c2c1,1,c1ccc2c(-c3c4ccccc4c(C4CCCCC4)c4ccccc34)cccc2c1,0.1858228,383.9595,0.2590622,0.2591,0.6478170,2.1707,1.0000000,1.0000,[],5
28.9600,27.4199,-27.4092,0.0000840,Cc1ncc(S(=O)(=O)N2CCC(C)C(O)C2)s1,1,O=S(=O)(c1cncs1)N1CCCCC1,0.0000522,292.9487,0.8688285,0.8688,0.4989666,3.4761,1.0000000,1.0000,[],5
49.7239,54.1917,66.1785,0.9403924,CN(C)c1ccc(C2=CN(c3ccc(C4CCCCC4)cc3)c3cc(NS(=O)(=O)Cl)ccc3O2)cc1,1,C1=C(c2ccccc2)Oc2ccccc2N1c1ccc(C2CCCCC2)cc1,0.9814464,476.9140,0.3453256,0.3453,0.5551996,2.9421,1.0000000,1.0000,[],5
31.1255,30.2830,-30.2830,0.0000000,CCOC(=O)N1CCN(Nc2cccc(OC)c2)CC1,1,c1ccc(NN2CCNCC2)cc1,0.0000000,0.0000,0.0000000,0.0000,0.0000000,0.0000,0.0000000,0.0000,"['[#7;!n][#7;!n]', 'C(=[O,S])[O,S]']",5
67.0267,67.2869,-62.9828,0.0336262,CCCCCCC1(CCCCC)c2cc(-c3ccc4c(c3)sc3c5cc(CCCc6cccc(CCCC)c6)ccc5ccc43)ccc2-c2sc(Cl)cc21,1,c1ccc(CCCc2ccc3ccc4c5ccc(-c6ccc7c(c6)Cc6ccsc6-7)cc5sc4c3c2)cc1,0.0309376,362.6034,0.0809886,0.0810,0.4711542,3.7628,1.0000000,1.0000,[],5
23.3493,24.4991,-24.0337,0.0036362,Cn1ccsc1=NC(=O)c1ccccc1Cl,1,O=C(N=c1[nH]ccs1)c1ccccc1,0.0027545,336.0310,0.7678727,0.7679,0.6345599,2.2741,1.0000000,1.0000,[],5
29.9422,32.3699,-32.1258,0.0019072,Cn1c(-c2cccnc2)nc2ccc(-c3ccoc3)nc21,1,c1cncc(-c2nc3ccc(-c4ccoc4)nc3[nH]2)c1,0.0014115,328.7571,0.5634396,0.5634,0.6081374,2.4868,1.0000000,1.0000,[],5
34.7098,36.1273,83.5235,0.9347717,Cc1cccc(C)c1Nc1c2ccccc2nn2c(=O)n(C)nc12,1,O=c1[nH]nc2c(Nc3ccccc3)c3ccccc3nn12,0.9560196,433.4302,0.6168275,0.6168,0.5995967,2.5575,1.0000000,1.0000,[],5
66.7375,71.8309,-47.2595,0.1919642,O=C(NCC1C2C3CC=CC3C3(c4ccccc4C4(c5ccccc54)C13)C1C3CCC(C3)C21)c1c2ccccc2cc2ccccc12,1,O=C(NCC1C2C3CC=CC3C3(c4ccccc4C4(c5ccccc54)C13)C1C3CCC(C3)C21)c1c2ccccc2cc2ccccc12,0.1918352,384.3857,0.1605063,0.1605,0.2592287,6.7502,1.0000000,1.0000,[],5
37.3002,38.8066,-28.5365,0.0802351,c1ccc(-c2cc3nc(-c4ccccc4)c4cccc(-c5cccc(-n6c7ccccc7c7ccccc76)c5)c4c3c3ccccc23)cc1,1,c1ccc(-c2cc3nc(-c4ccccc4)c4cccc(-c5cccc(-n6c7ccccc7c7ccccc76)c5)c4c3c3ccccc23)cc1,0.0749996,372.7229,0.1786000,0.1786,0.5957937,2.5893,1.0000000,1.0000,[],5
23.8132,25.8690,-25.8690,0.0000000,O=C(O)C1CCN(c2nc3ccc(Cl)cc3o2)CC1,1,c1ccc2oc(N3CCCCC3)nc2c1,0.0000000,0.0000,0.0000000,0.0000,0.0000000,0.0000,0.0000000,0.0000,"['C(=[O,S])[O,S]']",5
28.2312,28.5580,-28.5580,0.0000000,Cc1cc(C(=O)O)ccc1NCc1oc2ccccc2c1C,1,c1ccc(NCc2cc3ccccc3o2)cc1,0.0000000,0.0000,0.0000000,0.0000,0.0000000,0.0000,0.0000000,0.0000,"['C(=[O,S])[O,S]']",5
65.7314,66.0059,28.7201,0.7400471,CNC(=O)c1cc(-c2ccccc2)nc2c(-c3ccc(C(=O)NCCOCCN4CCCC4=O)cc3)nc(Nc3ccc(C(=O)N4CCCC4)cc3)nc12,1,O=C(NCCOCCN1CCCC1=O)c1ccc(-c2nc(Nc3ccc(C(=O)N4CCCC4)cc3)nc3ccc(-c4ccccc4)nc23)cc1,0.7849627,414.0584,0.1410191,0.1410,0.5416557,3.0656,1.0000000,1.0000,[],5
22.0672,24.8946,-24.5596,0.0026168,Cn1c(-c2ccccc2)csc1=Nc1ccc(Cl)cc1,1,c1ccc(N=c2[nH]c(-c3ccccc3)cs2)cc1,0.0019568,332.3102,0.6558881,0.6559,0.6519049,2.1393,1.0000000,1.0000,[],5
25.2925,28.3408,-28.3278,0.0001016,c1ccc(N2Cn3cccc32)cc1,1,c1ccc(N2Cn3cccc32)cc1,0.0000642,295.1880,0.6382666,0.6383,0.6034511,2.5255,1.0000000,1.0000,[],5
24.1168,24.2618,-24.2618,0.0000000,O=C(O)Cc1ccc(NC(=O)C2CCNCC2)cc1,1,O=C(Nc1ccccc1)C1CCNCC1,0.0000000,0.0000,0.0000000,0.0000,0.0000000,0.0000,0.0000000,0.0000,"['C(=[O,S])[O,S]']",5
47.6122,50.1791,-50.1462,0.0002565,CNC1=C(C)C(=O)NC1(C)CNc1ncnc2c1cnn2C1CCCC1,1,O=C1C=CC(CNc2ncnc3c2cnn3C2CCCC2)N1,0.0001701,305.7711,0.7558410,0.7558,0.4757400,3.7144,1.0000000,1.0000,[],5
63.2538,69.4469,-69.4469,0.0000000,NC(CC[N+]12CC[N+]3C1=C(c1ccccc1)c1ccccc1C2C(C(=O)O)c1ccccc13)(C(=O)O)C(=O)O,1,c1ccc(C2=C3[N+]4CC[NH+]3C(Cc3ccccc34)c3ccccc32)cc1,0.0000000,0.0000,0.0000000,0.0000,0.0000000,0.0000,0.0000000,0.0000,"['C(=[O,S])[O,S]']",5
66.1946,65.2071,-65.1960,0.0000871,OC1C2C(Br)=CC(Br)(CC3C=CCCC3)C2C1(Br)C1CCCCC1,1,C1=CC(CC2C=CC3CC(C4CCCCC4)C23)CCC1,0.0000564,293.7740,0.3320285,0.3320,0.3584972,5.1292,1.0000000,1.0000,[],5
47.0489,56.5843,-56.5843,0.0000000,O=C(O)c1ccc(CN2CCN(c3cccc(C4=CC=C(N(c5ccccc5)c5ccc(N(c6ccccc6)c6ccccc6)cc5)CC4)c3)C2=O)cc1,1,O=C1N(Cc2ccccc2)CCN1c1cccc(C2=CC=C(N(c3ccccc3)c3ccc(N(c4ccccc4)c4ccccc4)cc3)CC2)c1,0.0000000,0.0000,0.0000000,0.0000,0.0000000,0.0000,0.0000000,0.0000,"['C(=[O,S])[O,S]']",5
41.6687,49.1700,70.1359,0.9320780,CN(C)c1ccc(C=Cc2c3ccc(=O)[nH]c3cc3c(=O)c(C#N)cn(C)c23)cc1,1,O=c1ccc2c(C=Cc3ccccc3)c3[nH]ccc(=O)c3cc2[nH]1,0.9658000,436.2715,0.4245332,0.4245,0.5605349,2.8943,1.0000000,1.0000,[],5
29.1587,29.6370,-29.0150,0.0048594,Cc1nn(C)c2c(C(=O)Cc3ccc(F)cc3)cccc12,1,O=C(Cc1ccccc1)c1cccc2cn[nH]c12,0.0037477,339.3849,0.6896310,0.6896,0.6564137,2.1048,1.0000000,1.0000,[],5
22.1332,23.5222,-23.5222,0.0000000,C12c3ccccc3CCC12,0,,0.0000000,0.0000,0.0000000,0.0000,0.0000000,0.0000,0.0000000,0.0000,None,5
23.4375,30.3334,-30.3334,0.0000000,c1(c(nc2n([nH]c(n2)=S)n1)-c1ccccc1)=O,0,,0.0000000,0.0000,0.0000000,0.0000,0.0000000,0.0000,0.0000000,0.0000,None,5
25.1081,27.1993,-24.9957,0.0172150,C(=Cc1nc2ccccc2c2nc(-c3ccccc3)oc12)c1ccccc1,1,C(=Cc1nc2ccccc2c2nc(-c3ccccc3)oc12)c1ccccc1,0.0144600,354.1623,0.3887464,0.3887,0.6352889,2.2684,1.0000000,1.0000,[],5
33.5922,33.3525,-33.3497,0.0000218,CN1C(=O)CC(c2ccncc2)C1c1ccccn1,1,O=C1CC(c2ccncc2)C(c2ccccn2)N1,0.0000126,277.5191,0.8236037,0.8236,0.5246199,3.2254,1.0000000,1.0000,[],5
75.9762,81.5823,-81.5823,0.0000000,[C-]#[N+]C(=C1c2cc3c(c(c2)C(C#C)N1c1ccccc1)-n1c(-c2ccc(F)cc2)cc(CC)c1CC3)c1ccc(O)cc1,1,C(=C1c2cc3c(c(c2)CN1c1ccccc1)-n1c(ccc1-c1ccccc1)CC3)c1ccccc1,0.0000000,0.0000,0.0000000,0.0000,0.0000000,0.0000,0.0000000,0.0000,['C#C'],5
35.1226,35.2352,-35.2133,0.0001711,CN1CCN(c2ccc(C(=O)N3CCN(C(C)(C)C)CC3CN)cc2)CC1,1,O=C(c1ccc(N2CCNCC2)cc1)N1CCNCC1,0.0001102,301.0542,0.8661160,0.8661,0.5624418,2.8773,1.0000000,1.0000,[],5
29.4910,33.7587,-31.3398,0.0188978,CNC(=O)c1cccc(NC(=O)c2ccc3c(c2)N(C)c2ccccc2S3)c1,1,O=C(Nc1ccccc1)c1ccc2c(c1)Nc1ccccc1S2,0.0156550,355.0376,0.6908511,0.6909,0.6537915,2.1248,1.0000000,1.0000,[],5
31.4955,30.7908,-30.5164,0.0021441,COc1ccc(S(=O)(=O)Nc2ccc3sc(SC)nc3c2)c(OC)c1,1,O=S(=O)(Nc1ccc2scnc2c1)c1ccccc1,0.0015888,330.0439,0.6381316,0.6381,0.6366841,2.2574,1.0000000,1.0000,[],5
39.1711,40.6301,-40.6301,0.0000000,Cn1c(Nc2cccc(CCO)c2)nc2nc(C(=O)O)ccc2c1=O,1,O=c1[nH]c(Nc2ccccc2)nc2ncccc12,0.0000000,0.0000,0.0000000,0.0000,0.0000000,0.0000,0.0000000,0.0000,"['C(=[O,S])[O,S]']",5
38.8837,45.4131,-45.4131,0.0000000,c1(CN2CCN(CC2)c2c(c(Nc3cnccc3)c3c(oc4c3cccc4)n2)=O)ccccc1,0,,0.0000000,0.0000,0.0000000,0.0000,0.0000000,0.0000,0.0000000,0.0000,None,5
34.7997,35.9964,-35.9964,0.0000000,O=C1CC(c2ccccc2)CN1C(C#Cc1ccccc1)c1ccccc1,1,O=C1CC(c2ccccc2)CN1C(C#Cc1ccccc1)c1ccccc1,0.0000000,0.0000,0.0000000,0.0000,0.0000000,0.0000,0.0000000,0.0000,['C#C'],5
39.0680,37.9622,-37.5418,0.0032841,Cc1c[n+](CCN2CCOCC2)cc2c1NC(=O)CC2c1ccccc1,1,O=C1CC(c2ccccc2)c2c[n+](CCN3CCOCC3)ccc2N1,0.0024767,334.8738,0.8573304,0.8573,0.5154065,3.3140,1.0000000,1.0000,[],5
24.7830,25.1326,-24.9222,0.0016437,CC(=O)c1ccc(Nc2cc(C)nc(N3CCN(c4ccccc4)CC3)n2)cc1,1,c1ccc(Nc2ccnc(N3CCN(c4ccccc4)CC3)n2)cc1,0.0011986,326.9796,0.6664593,0.6665,0.6597548,2.0794,1.0000000,1.0000,[],5
34.4438,34.0898,-34.0601,0.0002319,Oc1ccc2c(c1)Cc1cc(Cl)c(Cl)cc1SC2,1,c1ccc2c(c1)CSc1ccccc1C2,0.0001523,304.5715,0.7463620,0.7464,0.5943142,2.6017,1.0000000,1.0000,[],5
30.4507,31.6475,-31.6475,0.0000000,CCCCSC#CC(C)(C)NC(C)=O,1,,0.0000000,0.0000,0.0000000,0.0000,0.0000000,0.0000,0.0000000,0.0000,['C#C'],5
65.6174,63.2134,-63.2134,0.0000000,C12([C@@]3(C)[C@H](CCC2[C@@](CC(CC2)=O)(C)C(=O)C1=O)C1=C(C(CC1)=O)[C@H](C3)O)C,0,,0.0000000,0.0000,0.0000000,0.0000,0.0000000,0.0000,0.0000000,0.0000,None,5
48.0282,49.0186,-49.0186,0.0000000,c1ccc(-c2cccc3cc4ccc5c6ccnc(c65)c(c5ccccc45)c23)nc1,1,c1ccc(-c2cccc3cc4ccc5c6ccnc(c65)c(c5ccccc45)c23)nc1,0.0000000,0.0000,0.0000000,0.0000,0.0000000,0.0000,0.0000000,0.0000,['[*;r{8-17}]'],5
45.1924,48.4322,-43.8589,0.0357289,O=C(Nc1cc(-c2ccc(F)cc2)on1)c1ccn2ncc(C(=O)c3c(Cl)cccc3Cl)c2c1,1,O=C(Nc1cc(-c2ccccc2)on1)c1ccn2ncc(C(=O)c3ccccc3)c2c1,0.0314729,362.7956,0.3060532,0.3061,0.5892566,2.6445,1.0000000,1.0000,[],5
23.6210,24.4897,-24.4874,0.0000183,COCCN(Cc1ccccc1)S(=O)(=O)c1ccc(C)cc1,1,O=S(=O)(NCc1ccccc1)c1ccccc1,0.0000105,275.5116,0.7882063,0.7882,0.7033423,1.7596,1.0000000,1.0000,[],5
23.9273,23.5334,-23.5293,0.0000319,CCNC(c1ncc[nH]1)c1ccc(F)cc1F,1,c1ccc(Cc2ncc[nH]2)cc1,0.0000188,281.8809,0.8567719,0.8568,0.5501861,2.9875,1.0000000,1.0000,[],5
25.8868,26.8289,-26.8016,0.0002137,NCC1COc2cc3c(cc21)OCCCO3,1,c1c2c(cc3c1OCCCO3)OCC2,0.0001399,303.6476,0.7758475,0.7758,0.5402701,3.0784,1.0000000,1.0000,[],5
42.0909,41.5481,50.3164,0.7176914,Nc1cnc(-c2ccc(C=COc3ccc(N=S)cc3)cc2)cn1,1,C(=Cc1ccc(-c2cnccn2)cc1)Oc1ccccc1,0.7218255,509.6471,0.7099839,0.7100,0.5552445,2.9417,1.0000000,1.0000,[],5
31.4219,32.8141,-32.6402,0.0013593,FC(F)(F)C1CCN(c2ccc(-c3ccc(Cl)c(Cl)c3)cn2)CC1,1,c1ccc(-c2ccc(N3CCCCC3)nc2)cc1,0.0009824,324.8183,0.6562542,0.6563,0.6390853,2.2386,1.0000000,1.0000,[],5
39.5192,43.6767,-39.0855,0.0358688,Cc1ccc(-c2ccc3c(c2)C(=N)c2c(C(F)(F)F)sc(-c4ccccc4)c2-3)cc1,1,N=C1c2cc(-c3ccccc3)ccc2-c2c1csc2-c1ccccc1,0.0316262,362.8501,0.3017254,0.3017,0.5810288,2.7148,1.0000000,1.0000,[],5
43.5953,48.7051,-3.9090,0.3499701,CN(CCO)c1cccc(C=CC(=O)c2ccc(N=Cc3c(N)cccc3F)cc2)c1,1,O=C(C=Cc1ccccc1)c1ccc(N=Cc2ccccc2)cc1,0.3501887,393.2879,0.2450954,0.2451,0.5796837,2.7264,1.0000000,1.0000,[],5
23.4669,25.5385,-25.5385,0.0000000,COC(=O)CN(c1cc(Cl)ccc1Cl)S(=O)(=O)c1ccc(C)cc1,1,O=S(=O)(Nc1ccccc1)c1ccccc1,0.0000000,0.0000,0.0000000,0.0000,0.0000000,0.0000,0.0000000,0.0000,"['C(=[O,S])[O,S]']",5
67.2673,75.6543,-75.6543,0.0000000,c1c(C(=O)O)ccc(Cn2c3ccc(cc3c3c2ccc(-c2ccc(cc2)N(c2cc4c(C(C)CC)cc5c(c4nc2)cccc5)CC)c2c3cccc2)C(=O)O)c1,0,,0.0000000,0.0000,0.0000000,0.0000,0.0000000,0.0000,0.0000000,0.0000,None,5
28.3702,30.3912,-30.3480,0.0003380,COc1cc(OC)c(OC)c(N(C)S(=O)(=O)c2ccccc2)c1,1,O=S(=O)(Nc1ccccc1)c1ccccc1,0.0002254,308.8249,0.8103383,0.8103,0.6617374,2.0644,1.0000000,1.0000,[],5
31.3822,32.6479,-31.2618,0.0108293,N#Cc1cc(Cl)c(-c2cc(Cl)sc2Cl)nc1Cl,1,c1ccc(-c2ccsc2)nc1,0.0087504,348.6461,0.6679246,0.6679,0.5578259,2.9185,1.0000000,1.0000,[],5
41.0954,39.4968,-39.4395,0.0004480,CC1C2C(CN1C(=S)Nc1ccc(Br)c(F)c1)C2(C)C,1,S=C(Nc1ccccc1)N1CC2CC2C1,0.0003059,312.1414,0.7563674,0.7564,0.4840173,3.6282,1.0000000,1.0000,[],5
31.7267,31.0915,-31.0915,0.0000000,CC(C(=O)O)n1nnc(C(C)(C)C)c1C1CCCCC1,1,c1nn[nH]c1C1CCCCC1,0.0000000,0.0000,0.0000000,0.0000,0.0000000,0.0000,0.0000000,0.0000,"['C(=[O,S])[O,S]']",5
73.3524,79.0112,24.8362,0.8113079,CCCCCOc1cc(-c2ccc(C(=O)COc3ccc(NC4=C(c5ccc(OC(C)C)cc5)C(=O)N(c5ccccc5OCCC)C4=O)cc3)cc2OCCCCC)ccc1OCCCC,1,O=C(COc1ccc(NC2=C(c3ccccc3)C(=O)N(c3ccccc3)C2=O)cc1)c1ccc(-c2ccccc2)cc1,0.9099507,425.1134,0.0294786,0.0295,0.5031266,3.4346,1.0000000,1.0000,[],5
32.0450,32.2734,-32.1585,0.0008979,CC(=O)Nc1ccc2c(c1)CN(Cc1ccc(C#N)s1)C2,1,c1csc(CN2Cc3ccccc3C2)c1,0.0006282,319.9586,0.9468260,0.9468,0.6153860,2.4275,1.0000000,1.0000,[],5
37.7191,38.2892,-32.5616,0.0447472,CCC(CC)COc1ccc(C(=O)C=Cc2ccc(OCCCC(C)O)cc2)cc1,1,O=C(C=Cc1ccccc1)c1ccccc1,0.0401456,365.5358,0.2522707,0.2523,0.5790198,2.7321,1.0000000,1.0000,[],5
57.5634,57.8966,-57.8966,0.0000000,CC(=O)OCC1=CC(O)C(OC2CCOC2)C2C1(C)CCC1C3(C)CCCC(C)(C)C3CCC21C,1,C1=CC2CCC3C4CCCCC4CCC3C2C(OC2CCOC2)C1,0.0000000,0.0000,0.0000000,0.0000,0.0000000,0.0000,0.0000000,0.0000,"['C(=[O,S])[O,S]']",5
36.8664,36.3333,-36.3167,0.0001298,Cc1ccc(C)n1CCOc1ccccc1NC(=O)CCc1ccc2c(c1)OCO2,1,O=C(CCc1ccc2c(c1)OCO2)Nc1ccccc1OCCn1cccc1,0.0000831,297.9961,0.5990106,0.5990,0.6353759,2.2677,1.0000000,1.0000,[],5
40.3432,46.1973,-46.1973,0.0000000,CN(S(c1ccc(cc1)C=CC(=O)c1cc2c(sc(n2)C2CCCCC2)cc1)=O)(C)C,0,,0.0000000,0.0000,0.0000000,0.0000,0.0000000,0.0000,0.0000000,0.0000,None,5
47.0548,50.2887,-50.2887,0.0000000,Cc1ccc(CO)c2c1OC1(CCC(=O)O)Cc3c(O)ccc(O)c3CC1C2=O,1,O=C1c2ccccc2OC2Cc3ccccc3CC12,0.0000000,0.0000,0.0000000,0.0000,0.0000000,0.0000,0.0000000,0.0000,"['C(=[O,S])[O,S]']",5
30.1670,33.6148,-32.9716,0.0050248,O=c1c(-c2ccccc2)c(O)c2cccc(Cl)c2n1-c1ccccc1,1,O=c1c(-c2ccccc2)cc2ccccc2n1-c1ccccc1,0.0039095,339.8456,0.5530957,0.5531,0.6543746,2.1204,1.0000000,1.0000,[],5
44.7285,46.5185,-46.3978,0.0009433,C=Nc1nc(F)c(Oc2nccc(C(C)=O)n2)c(F)c1F,1,c1cnc(Oc2cccnc2)nc1,0.0006785,320.7957,0.4921372,0.4921,0.4966896,3.4989,1.0000000,1.0000,[],5
49.9953,55.0131,66.4036,0.9485677,C=C[S+](O)c1ccc2c(c1)c[n+](C)c1c(O)ccc(N3CCC3)c21,1,c1ccc2c(c1)c[nH+]c1cccc(N3CCC3)c12,0.9880400,447.9261,0.4367428,0.4367,0.4378125,4.1298,1.0000000,1.0000,[],6
23.0806,24.5034,-24.5034,0.0000000,CCCCCCCCCCCCC(=O)NN=Cc1ccc(N(C)C)cc1,1,c1ccccc1,0.0000000,0.0000,0.0000000,0.0000,0.0000000,0.0000,0.0000000,0.0000,['[#7;!n][#7;!n]'],6
56.7054,61.2371,-61.2371,0.0000000,COC(C)(C)OC(=O)C1=C(O)C2(C(C)(C)C)C(=O)C(=C(O)c3cccc(O)c3)C12C,1,O=C1C(=Cc2ccccc2)C2C=CC12,0.0000000,0.0000,0.0000000,0.0000,0.0000000,0.0000,0.0000000,0.0000,"['C(=[O,S])[O,S]']",6
37.1917,35.8582,-35.8555,0.0000215,Cc1ccccc1C1CCN(C(=O)N2CC2c2ccccc2)CC1,1,O=C(N1CCC(c2ccccc2)CC1)N1CC1c1ccccc1,0.0000125,277.3992,0.7545189,0.7545,0.5926825,2.6155,1.0000000,1.0000,[],6
25.0992,27.4451,-27.4401,0.0000396,O=S(=O)(Cc1n[nH]c2ccccc12)c1ccccc1,1,O=S(=O)(Cc1n[nH]c2ccccc12)c1ccccc1,0.0000236,284.3262,0.7965857,0.7966,0.6534558,2.1274,1.0000000,1.0000,[],6
30.7282,33.7109,-33.2354,0.0037151,Cc1cc(-c2nc3ccccc3c3occc23)ccc1N,1,c1ccc(-c2nc3ccccc3c3occc23)cc1,0.0028524,336.4113,0.5183798,0.5184,0.6366327,2.2578,1.0000000,1.0000,[],6
39.6845,39.4013,-39.4013,0.0000000,CC(=O)OCC1OC(Sc2cccc([N+](=O)[O-])c2)C(OC(C)=O)C(NC(=O)OC(C)(C)C)C1OC(C)=O,1,c1ccc(SC2CCCCO2)cc1,0.0000000,0.0000,0.0000000,0.0000,0.0000000,0.0000,0.0000000,0.0000,"['C(=[O,S])[O,S]']",6
57.0474,61.9863,-61.9863,0.0000000,c1(N=Nc2ccc(N(C)C)cc2)c(c(N(C)C)c(c1C(Oc1c(cccc1)N=Nc1ccc(S(N)(=O)=O)cc1)=O)O)O,0,,0.0000000,0.0000,0.0000000,0.0000,0.0000000,0.0000,0.0000000,0.0000,None,6
41.4697,41.0156,13.3497,0.4247289,O=C(C1CCCO1)N1CCc2ccc(Nc3cc(Cl)ccc3[N+](=O)[O-])cc2C1,1,O=C(C1CCCO1)N1CCc2ccc(Nc3ccccc3)cc2C1,0.4172694,396.3737,0.6165598,0.6166,0.5634317,2.8685,1.0000000,1.0000,[],6
44.4070,49.5537,-49.5537,0.0000000,Cc1cc(ccn1)-c1ccc2c(c3cc(-n4c5c(cccn5)c5c4nccc5)ccc3nc2c1)=O,0,,0.0000000,0.0000,0.0000000,0.0000,0.0000000,0.0000,0.0000000,0.0000,None,6
25.6773,23.7179,-23.7076,0.0000809,Cc1ccnc(CNCCCC(F)(F)F)c1,1,c1ccncc1,0.0000501,292.5008,0.7894867,0.7895,0.6329429,2.2869,1.0000000,1.0000,[],6
24.6782,27.6883,-27.6882,0.0000000,O=C(O)CN1C(=S)N(c2ccccc2)C(=O)C1=Cc1ccccc1,1,O=C1C(=Cc2ccccc2)NC(=S)N1c1ccccc1,0.0000000,0.0000,0.0000000,0.0000,0.0000000,0.0000,0.0000000,0.0000,"['C(=[O,S])[O,S]']",6
35.3997,37.3850,-37.3494,0.0002782,Cc1cc(N(C)CC2CCCCC2)cc(N(C)C2CCCCC2)c1,1,c1cc(NCC2CCCCC2)cc(NC2CCCCC2)c1,0.0001849,306.6782,0.6756809,0.6757,0.6150008,2.4307,1.0000000,1.0000,[],6
39.9012,43.1730,-43.1427,0.0002368,Cc1noc(C)c1Oc1cc2ccc(C#N)cc2n1C(C)(C)C,1,c1ccc2[nH]c(Oc3cnoc3)cc2c1,0.0001564,304.8598,0.6900041,0.6900,0.5362794,3.1155,1.0000000,1.0000,[],6
51.5416,56.0438,-53.7629,0.0178198,Nc1ccc(C(=O)Nc2ccc(-c3ccc4c(c3)CN=C4c3ccc(Cl)s3)nc2O)nc1,1,O=C(Nc1ccc(-c2ccc3c(c2)CN=C3c2cccs2)nc1)c1ccccn1,0.0150213,354.5820,0.4055314,0.4055,0.5488816,2.9994,1.0000000,1.0000,[],6
39.1853,40.7718,-40.7718,0.0000000,[C-]#[N+]c1cccc2c1c1ccccc1n2-c1ccccc1C12c3ccccc3-c3cccc1c3-c1ccccc12,1,c1ccc2c(c1)-c1cccc3c1-c1ccccc1C23c1ccccc1-n1c2ccccc2c2ccccc21,0.0000000,0.0000,0.2064855,0.2065,0.4288643,4.2331,1.0000000,1.0000,[],6
28.3386,27.2423,-27.2423,0.0000000,O=C1OCC2CN(CCCF)CCN12,1,O=C1OCC2CNCCN12,0.0000000,0.0000,0.0000000,0.0000,0.0000000,0.0000,0.0000000,0.0000,"['C(=[O,S])[O,S]']",6
29.5259,33.5232,-33.3859,0.0010730,Cc1nc(-c2ccccc2)ccc1-c1c(O)ccc2ccccc12,1,c1ccc(-c2ccc(-c3cccc4ccccc34)cn2)cc1,0.0007704,322.1768,0.5237640,0.5238,0.6778704,1.9440,1.0000000,1.0000,[],6
28.4100,29.0458,-4.1305,0.1946503,COc1ccc(OC)c(NC(=O)C(C#N)=Cc2ccc(O)c(OC)c2)c1,1,O=C(C=Cc1ccccc1)Nc1ccccc1,0.1830233,383.7574,0.6108843,0.6109,0.6527873,2.1325,1.0000000,1.0000,[],6
37.5229,37.5363,9.0446,0.3639128,COc1ccc(N2CC3ON=C(c4ccc[nH]c4=O)C3C2)cc1,1,O=c1[nH]cccc1C1=NOC2CN(c3ccccc3)CC12,0.3507486,393.3146,0.9352481,0.9352,0.5083627,3.3828,1.0000000,1.0000,[],6
21.0323,24.5627,89.1280,0.8882083,COc1ccc2cc(N=O)ccc2c1,1,c1ccc2ccccc2c1,0.9013766,424.0232,0.6766624,0.6767,0.6639481,2.0478,1.0000000,1.0000,[],6
39.7506,40.3803,-39.9404,0.0034363,NCc1ccc(-c2ccc3[nH]cc(C(=O)c4ccc5c(c4)OC(F)(F)O5)c3c2)cc1,1,O=C(c1ccc2c(c1)OCO2)c1c[nH]c2ccc(-c3ccccc3)cc12,0.0026377,335.5591,0.4753570,0.4754,0.6044042,2.5176,1.0000000,1.0000,[],6
61.4128,68.5733,-68.5733,0.0000000,c12OC(C(C)(c2ccc(c1)N(c1cc2c(cc1)-c1ccccc1C2(C)C)CC)CC)=CC=c1c(=O)n(c(C)c(n1CC)=O)CC,0,,0.0000000,0.0000,0.0000000,0.0000,0.0000000,0.0000,0.0000000,0.0000,None,6
54.9685,61.1776,-61.1776,0.0000000,c1(=S)n(CC(=O)c2ccc3c(c2)cccc3)c2cccc3c4c(sc12)cccc41CCC(C)(C)c31,0,,0.0000000,0.0000,0.0000000,0.0000,0.0000000,0.0000,0.0000000,0.0000,None,6
36.4783,39.7717,-35.9648,0.0297413,COc1cccc(-c2cc(Nc3ccc4ccc(N)cc4c3)c3ccccc3n2)c1,1,c1ccc(-c2cc(Nc3ccc4ccccc4c3)c3ccccc3n2)cc1,0.0257833,360.5671,0.3485575,0.3486,0.6546462,2.1183,1.0000000,1.0000,[],6
29.9008,28.8727,-28.8707,0.0000158,CCN(Cc1ccc(Br)cc1)C(=O)c1csc(C)c1,1,O=C(NCc1ccccc1)c1ccsc1,0.0000089,273.7904,0.8047939,0.8048,0.6528103,2.1323,1.0000000,1.0000,[],6
26.1122,24.6820,-24.6775,0.0000348,NC(Cc1ccccc1F)c1ccc(F)cc1Br,1,c1ccc(CCc2ccccc2)cc1,0.0000205,282.8052,0.9116435,0.9116,0.6117790,2.4569,1.0000000,1.0000,[],6
32.8347,35.4239,-24.5192,0.0851930,Cc1csc(C(O)=Cc2c(C)sc3nc4ccccc4n23)n1,1,C(=Cc1csc2nc3ccccc3n12)c1nccs1,0.0772727,373.0738,0.5439267,0.5439,0.5440642,3.0434,1.0000000,1.0000,[],6
21.4412,24.7457,-24.6926,0.0004156,Cc1ccc(N(c2ccc(C)cc2)c2cccc(Br)c2)cc1,1,c1ccc(N(c2ccccc2)c2ccccc2)cc1,0.0002839,311.3306,0.5175193,0.5175,0.6930557,1.8332,1.0000000,1.0000,[],6
22.1878,24.1814,-24.1814,0.0000000,CCOC(=O)c1cc(N)ccc1[N+](=O)[O-],1,c1ccccc1,0.0000000,0.0000,0.0000000,0.0000,0.0000000,0.0000,0.0000000,0.0000,"['C(=[O,S])[O,S]']",6
54.6483,58.2394,-45.1807,0.1020210,Cc1cc(NC(=O)c2ccc3c(c2)C(Nc2cccc(NS(C)(=O)=O)c2)=CN(c2ncccn2)C3)no1,1,O=C(Nc1ccon1)c1ccc2c(c1)C(Nc1ccccc1)=CN(c1ncccn1)C2,0.0948400,375.5067,0.3332650,0.3333,0.5535950,2.9566,1.0000000,1.0000,[],6
29.5350,29.8846,-29.8846,0.0000000,COC(=O)C(=Cc1cccc(N(C)C)c1)B1OC(C)(C)C(C)(C)O1,1,C(=Cc1ccccc1)B1OCCO1,0.0000000,0.0000,0.0000000,0.0000,0.0000000,0.0000,0.0000000,0.0000,"['C(=[O,S])[O,S]']",6
54.8680,56.9439,-54.5601,0.0186235,C=CC1CCCN1c1c(O)c2c(oc1=O)C(=O)c1cc(C(=O)CCCO)ccc1C2=O,1,O=C1c2ccccc2C(=O)c2oc(=O)c(N3CCCC3)cc21,0.0157177,564.9183,0.4567526,0.4568,0.4842229,3.6260,1.0000000,1.0000,[],6
52.2987,52.2355,2.3484,0.4264368,C[N+]1(C(=O)C2CCCCC2c2ccc(C#N)cc2)C(=O)C(=O)C2CCCCC21,1,O=C1C(=O)[NH+](C(=O)C2CCCCC2c2ccccc2)C2CCCCC12,0.4258428,396.7555,0.4478886,0.4479,0.4232888,4.2985,1.0000000,1.0000,[],6
31.7061,33.5164,-33.3942,0.0009546,CCCNc1nc(N2CCCC2)nc2c1nc1n2CCS1,1,c1nc(N2CCCC2)nc2c1nc1n2CCS1,0.0006713,320.6806,0.9354941,0.9355,0.5703577,2.8075,1.0000000,1.0000,[],6
28.2729,27.7606,-27.7579,0.0000206,Cc1oncc1C(=O)Nc1c(F)ccc(F)c1F,1,O=C(Nc1ccccc1)c1cnoc1,0.0000119,276.8586,0.8401898,0.8402,0.6200606,2.3897,1.0000000,1.0000,[],6
31.1827,33.9673,-16.9626,0.1328495,c1ccc(CN2c3ccccc3Sc3c(-c4ccccc4)c(-c4ccccc4)c4ccccc4c32)cc1,1,c1ccc(CN2c3ccccc3Sc3c(-c4ccccc4)c(-c4ccccc4)c4ccccc4c32)cc1,0.1262074,378.9919,0.2412900,0.2413,0.6203723,2.3872,1.0000000,1.0000,[],6
66.8989,70.4811,-70.4811,0.0000000,C1=C2C=C2Oc2ccccc2-c2ccccc2C2=C1OC1C=C2c2ccccc2SC2(CCC(c3ccc4ccccc4c3)CC2)C1,1,C1=C2C=C2Oc2ccccc2-c2ccccc2C2=C1OC1C=C2c2ccccc2SC2(CCC(c3ccc4ccccc4c3)CC2)C1,0.0000000,0.0000,0.0000000,0.0000,0.0000000,0.0000,0.0000000,0.0000,['[*;r{8-17}]'],6
25.4881,26.4508,-26.4508,0.0000000,CCOC(=O)c1cc(OCc2ccccc2)n(-c2ccccc2)n1,1,c1ccc(COc2ccnn2-c2ccccc2)cc1,0.0000000,0.0000,0.0000000,0.0000,0.0000000,0.0000,0.0000000,0.0000,"['C(=[O,S])[O,S]']",6
31.2183,30.7219,-30.6359,0.0006720,O=C1NCS(=O)(=O)C2=C1CN=C2,1,O=C1NCS(=O)(=O)C2=C1CN=C2,0.0004758,316.9413,0.5174465,0.5174,0.4157161,4.3888,1.0000000,1.0000,[],6
37.2880,40.9287,-40.4377,0.0038358,CCCCOc1cc[n+](C)c(-c2scc(-c3ccccc3)c2C)c1,1,c1ccc(-c2csc(-c3cccc[nH+]3)c2)cc1,0.0029724,336.8601,0.4334596,0.4335,0.5819479,2.7069,1.0000000,1.0000,[],6
73.8790,76.0628,-76.0628,0.0000000,FC(F)(F)c1ccc2c(c1)C1=C3C=NC=C(O2)B1c1cccc(-c2cc(CC=S)c(-c4ccccc4)c4ccccc24)c13,1,C1=NC=C2Oc3ccccc3C3=C1c1c(cccc1-c1ccc(-c4ccccc4)c4ccccc14)B23,0.0000000,0.0000,0.1559281,0.1559,0.3894351,4.7153,1.0000000,1.0000,[],6
23.0877,25.0781,-23.9611,0.0087264,O=C(Nc1ccc(F)cc1)c1c(O)c2ccccc2oc1=O,1,O=C(Nc1ccccc1)c1cc2ccccc2oc1=O,0.0069279,346.0906,0.7130461,0.7130,0.6814598,1.9176,1.0000000,1.0000,[],6
29.2754,29.9379,-29.9379,0.0000000,CC(C)C(C(=O)Oc1cccc(C(=O)O)c1)c1ccccc1,1,O=C(Cc1ccccc1)Oc1ccccc1,0.0000000,0.0000,0.0000000,0.0000,0.0000000,0.0000,0.0000000,0.0000,"['C(=[O,S])[O,S]']",6
64.0007,67.7715,-67.7715,0.0000000,Fc1ccc(Br)cc1OCCCCCCN(C(c1cc2c(cc1)C1C(=NC=C1)N(C)C=2)=O)C1CCCCC1,0,,0.0000000,0.0000,0.0000000,0.0000,0.0000000,0.0000,0.0000000,0.0000,None,6
43.7425,48.7644,-48.7644,0.0000000,c1ccc2c3cccc(C(c4ccc5c(c6ccc7c8ccccc8n(c7c6)-c6ncccc6)n5)c4c3)c3c2c1ccc3,0,,0.0000000,0.0000,0.0000000,0.0000,0.0000000,0.0000,0.0000000,0.0000,None,6
36.8389,39.6186,-39.6186,0.0000000,CC(OC(=O)c1c2ccccc2nc2cc(C(F)(F)F)ccc12)C(=O)N(C)c1ccccc1,1,O=C(COC(=O)c1c2ccccc2nc2ccccc12)Nc1ccccc1,0.0000000,0.0000,0.0000000,0.0000,0.0000000,0.0000,0.0000000,0.0000,"['C(=[O,S])[O,S]']",6
52.3703,60.4529,-60.4529,0.0000000,CC(C)(C)c1nn2c(-c3ccnn3-c3ccc(C#N)cc3)c(C(O)C(=O)O)c(=O)n2[nH]1,1,O=c1cc(-c2ccnn2-c2ccccc2)n2nc[nH]n12,0.0000000,0.0000,0.0000000,0.0000,0.0000000,0.0000,0.0000000,0.0000,"['C(=[O,S])[O,S]']",6
28.5562,28.6277,-28.6277,0.0000000,CCCC1CCC(=NNC(=O)Cn2nnc(-c3ccccc3)n2)CC1,1,O=C(Cn1nnc(-c2ccccc2)n1)NN=C1CCCCC1,0.0000000,0.0000,0.0000000,0.0000,0.0000000,0.0000,0.0000000,0.0000,['[#7;!n][#7;!n]'],6
50.2275,56.1110,61.9670,0.9224844,N#Cc1ccc(-c2ccc3cc4ccc(-c5ccc(-c6ccc(-c7ccc8c(c7)C(=O)N(C7CCCCC7)C8=O)s6)s5)nc4nc3c2)cc1,1,O=C1c2ccc(-c3ccc(-c4ccc(-c5ccc6cc7ccc(-c8ccccc8)cc7nc6n5)s4)s3)cc2C(=O)N1C1CCCCC1,0.9917234,451.9634,0.1341510,0.1342,0.5345754,3.1314,1.0000000,1.0000,[],6
22.9872,23.7511,-23.6320,0.0009300,Cc1nc(-c2ccccc2)sc1CCCN,1,c1ccc(-c2nccs2)cc1,0.0006523,320.3683,0.8797428,0.8797,0.6636887,2.0497,1.0000000,1.0000,[],6
40.4174,41.3085,-41.2835,0.0001955,O=C(Nc1cccc(N2CCNCC2)c1)C12CC3CC(C1)N(C3)C2,1,O=C(Nc1cccc(N2CCNCC2)c1)C12CC3CC(C1)N(C3)C2,0.0001278,302.6660,0.8841242,0.8841,0.3791122,4.8496,1.0000000,1.0000,[],6
21.4513,24.2699,-24.2699,0.0000000,COc1cccc2c1CCN2C(=O)O,1,c1ccc2c(c1)CCN2,0.0000000,0.0000,0.0000000,0.0000,0.0000000,0.0000,0.0000000,0.0000,"['C(=[O,S])[O,S]']",6
27.1105,27.2566,-26.4168,0.0065610,CC1=C(C(=O)Nc2ccccc2)C(c2ccc(O)cc2)C2=C(CC(C)(C)CC2=O)N1,1,O=C1CCCC2=C1C(c1ccccc1)C(C(=O)Nc1ccccc1)=CN2,0.0051533,342.8582,0.6991600,0.6992,0.5720489,2.7927,1.0000000,1.0000,[],6
40.3286,47.2878,-39.1836,0.0633146,COc1cc(C(=NS(=O)(=O)c2ccc(C)cc2)Oc2ccc(C)cc2)ccc1Oc1ccc(N(C)C)cc1,1,O=S(=O)(N=C(Oc1ccccc1)c1ccc(Oc2ccccc2)cc1)c1ccccc1,0.0582782,369.7896,0.1942057,0.1942,0.6043237,2.5182,1.0000000,1.0000,[],6
33.6364,35.8866,-35.8261,0.0004722,CC1=C2Oc3ccccc3C(c3ccccc3)(C1)S2,1,C1=C2Oc3ccccc3C(c3ccccc3)(C1)S2,0.0003240,312.7670,0.7401551,0.7402,0.4466735,4.0296,1.0000000,1.0000,[],6
33.1809,31.9087,-31.9028,0.0000461,COc1cc(CC(=O)N2CC3CCCNC3C2)ccc1O,1,O=C(Cc1ccccc1)N1CC2CCCNC2C1,0.0000277,286.0763,0.8765747,0.8766,0.5450045,3.0348,1.0000000,1.0000,[],6
30.1568,32.9483,-32.7548,0.0015119,CC(c1ccc(N(C)C)cc1)n1cnc2c(Cl)nc(N)nc21,1,c1ccc(Cn2cnc3cncnc32)cc1,0.0010975,326.0220,0.7521193,0.7521,0.5526866,2.9648,1.0000000,1.0000,[],6
23.3147,24.1420,-24.1303,0.0000918,Cc1ccc(CSc2nnc(-c3ccc(Cl)cc3)n2Cc2ccccc2)cc1,1,c1ccc(CSc2nnc(-c3ccccc3)n2Cc2ccccc2)cc1,0.0000586,294.1955,0.3551384,0.3551,0.6881754,1.8686,1.0000000,1.0000,[],6
29.4115,31.9580,-28.0974,0.0301608,NC(=O)c1ccc2oc3c(O)cccc3c(=O)c2c1,1,O=c1c2ccccc2oc2ccccc12,0.0256611,360.5141,0.6475675,0.6476,0.6526278,2.1337,1.0000000,1.0000,[],6
46.2446,49.3326,-49.3326,0.0000000,N(c1ccccc1)(c1ccccc1)c1ccc2n(c3CC)c4c(cccc4)c3cc2-c1c1ccc2c3ccccc3oc2c1,0,,0.0000000,0.0000,0.0000000,0.0000,0.0000000,0.0000,0.0000000,0.0000,None,6
30.3542,31.6621,29.1133,0.4748079,COc1ccc2nc3ccc(C(=O)N4CCN(Cc5ccccc5)CC4)cc3c(N)c2c1,1,O=C(c1ccc2nc3ccccc3cc2c1)N1CCN(Cc2ccccc2)CC1,0.4708229,398.7314,0.5007241,0.5007,0.6542782,2.1211,1.0000000,1.0000,[],6
40.1406,39.0426,-39.0426,0.0000000,CC(C)(C)CC(=O)C(=O)OC(C)(C)CC1=CCC=CC=C1,1,C1=CC=CCC=C1,0.0000000,0.0000,0.0000000,0.0000,0.0000000,0.0000,0.0000000,0.0000,"['C(=[O,S])[O,S]']",6
52.5772,55.1028,-54.0265,0.0084085,O=C(Nc1nc(N2CCOCC2)nc(N2CCN(Cc3ccc(-n4cncn4)cc3Br)c3ccccc32)n1)c1ccccc1,1,O=C(Nc1nc(N2CCOCC2)nc(N2CCN(Cc3ccc(-n4cncn4)cc3)c3ccccc32)n1)c1ccccc1,0.0069002,346.0467,0.2699585,0.2700,0.5534763,2.9577,1.0000000,1.0000,[],6
22.8202,22.2222,-22.2160,0.0000481,CC(C)C(=O)CN1CCC(C(C)C)C1,1,C1CCNC1,0.0000292,286.6341,0.6883014,0.6883,0.5558829,2.9360,1.0000000,1.0000,[],7
38.8724,41.2925,-39.4086,0.0147173,N#Cc1ccccc1-c1nc2cc[nH]c2nc1Oc1ccc(O)cc1,1,c1ccc(Oc2nc3[nH]ccc3nc2-c2ccccc2)cc1,0.0121161,352.2165,0.5926181,0.5926,0.5922074,2.6195,1.0000000,1.0000,[],7
30.3061,29.3093,-29.3093,0.0000000,CCOC(=O)CC(C)=CCCCCCl,1,,0.0000000,0.0000,0.0000000,0.0000,0.0000000,0.0000,0.0000000,0.0000,"['C(=[O,S])[O,S]']",7
47.6738,50.7458,-50.7458,0.0000000,CN(S)c1nc(N(Cc2cccc(Oc3ccc(Cl)cc3)c2)C(C)(C)C)c2ccccc2n1,1,c1ccc(Oc2cccc(CNc3ncnc4ccccc34)c2)cc1,0.0000000,0.0000,0.0000000,0.0000,0.0000000,0.0000,0.0000000,0.0000,['[#7;!n][S;!$(S(=O)=O)]'],7
49.8391,50.5219,-50.4535,0.0005345,C=C(O)C(CC)NC(=O)C(Cc1ccc(-c2ccccn2)cc1)NC(=O)c1cc2cc(F)ccc2[nH]1,1,O=C(NCCc1ccc(-c2ccccn2)cc1)c1cc2ccccc2[nH]1,0.0003805,314.5118,0.2578463,0.2578,0.5192629,3.2767,1.0000000,1.0000,[],7
22.3499,24.8057,-1.8030,0.1797087,COc1cc2c(cc1C)C(=O)C(=O)N2,1,O=C1Nc2ccccc2C1=O,0.1677745,382.6121,0.6769725,0.6770,0.6428678,2.2091,1.0000000,1.0000,[],7
39.4253,40.1411,-40.1411,0.0000000,COc1cc(Nc2ccc3c(C(=O)O)cn(C)c3c2)ccc1NS(C)(=O)=O,1,c1ccc(Nc2ccc3cc[nH]c3c2)cc1,0.0000000,0.0000,0.0000000,0.0000,0.0000000,0.0000,0.0000000,0.0000,"['C(=[O,S])[O,S]']",7
27.3654,32.0563,-23.8041,0.0644700,CCn1c(=NC(=O)c2ccc(S(=O)(=O)N(c3ccccc3)c3ccccc3)cc2)sc2cc([N+](=O)[O-])ccc21,1,O=C(N=c1[nH]c2ccccc2s1)c1ccc(S(=O)(=O)N(c2ccccc2)c2ccccc2)cc1,0.0595491,370.0385,0.1822388,0.1822,0.5892861,2.6442,1.0000000,1.0000,[],7
27.6933,29.1391,-29.1222,0.0001319,c1ccc(CCc2c[nH]c3c4c(ccc23)OCO4)cc1,1,c1ccc(CCc2c[nH]c3c4c(ccc23)OCO4)cc1,0.0000839,298.0909,0.7834747,0.7835,0.6361157,2.2619,1.0000000,1.0000,[],7
24.9158,24.6335,-24.6335,0.0000000,COc1ccc2c(c1)C(CC(=O)O)CCN2,1,c1ccc2c(c1)CCCN2,0.0000000,0.0000,0.0000000,0.0000,0.0000000,0.0000,0.0000000,0.0000,"['C(=[O,S])[O,S]']",7
33.0704,33.7749,-33.7749,0.0000000,Cc1ccc(C(Cc2ccc(F)cc2)C(=O)O)cc1[N+](=O)[O-],1,c1ccc(CCc2ccccc2)cc1,0.0000000,0.0000,0.0000000,0.0000,0.0000000,0.0000,0.0000000,0.0000,"['C(=[O,S])[O,S]']",7
24.8297,26.3549,-26.3549,0.0000000,O=C(O)Nc1ncc(C#Cc2ccccc2)s1,1,C(#Cc1cncs1)c1ccccc1,0.0000000,0.0000,0.0000000,0.0000,0.0000000,0.0000,0.0000000,0.0000,"['C#C', 'C(=[O,S])[O,S]']",7
58.3500,61.6900,57.0332,0.9275249,CCCCCCCCCCn1c(=O)nc2n3c(ccc4sc(Cc5ccc(F)cc5)nc43)cnc-2c1=O,1,O=c1nc2n3c(ccc4sc(Cc5ccccc5)nc43)cnc-2c(=O)[nH]1,0.9913387,468.5341,0.1618299,0.1618,0.5396887,3.0838,1.0000000,1.0000,[],7
29.2326,28.3737,-28.3381,0.0002785,C=CC(=O)NS(=O)(=O)c1ccc(OC)cc1OC,1,c1ccccc1,0.0001840,306.6227,0.7969302,0.7969,0.6450470,2.1922,1.0000000,1.0000,[],7
54.0982,57.7874,-57.7874,0.0000000,O=C1c2sc(-c3cccs3)c3ssc2CC2CCN3C(=O)N12,1,O=C1c2sc(-c3cccs3)c3ssc2CC2CCN3C(=O)N12,0.0000000,0.0000,0.0000000,0.0000,0.0000000,0.0000,0.0000000,0.0000,['[#16][#16]'],7
24.6349,24.8575,-24.7920,0.0005113,COc1ccc(OC)c(C2SCC(=O)N2CCc2ccccc2)c1,1,O=C1CSC(c2ccccc2)N1CCc1ccccc1,0.0003491,313.5789,0.8043661,0.8044,0.6059589,2.5047,1.0000000,1.0000,[],7
36.0634,36.7982,-36.7982,0.0000000,c1cccc2c1c1c(c(N(c3ccccc3)c3c4c(ccc3)cc3c5c4cccc5ccc3)ccc1)cc2,0,,0.0000000,0.0000,0.0000000,0.0000,0.0000000,0.0000,0.0000000,0.0000,None,7
61.0465,63.0013,-63.0013,0.0000000,CN(C)c1ccc(C(=O)O)c(-c2c(Cc3ccccc3)c(-c3ccccn3)nn2CCCn2nnc3ccccc32)n1,1,c1ccc(Cc2c(-c3ccccn3)nn(CCCn3nnc4ccccc43)c2-c2ccccn2)cc1,0.0000000,0.0000,0.0000000,0.0000,0.0000000,0.0000,0.0000000,0.0000,"['C(=[O,S])[O,S]']",7
29.5305,32.0746,-32.0746,0.0000000,N#Cc1ccc2cn(-c3ccccc3)nc2c1C(=O)O,1,c1ccc(-n2cc3ccccc3n2)cc1,0.0000000,0.0000,0.0000000,0.0000,0.0000000,0.0000,0.0000000,0.0000,"['C(=[O,S])[O,S]']",7
60.8417,70.7989,-58.6968,0.0945476,CCn1c(-c2cccc(-c3ccc(C=Cc4ccc(C)cc4)o3)c2-c2nc(C)nc3cc(-c4ccccc4)oc23)nc2ccccc21,1,C(=Cc1ccc(-c2cccc(-c3nc4ccccc4[nH]3)c2-c2ncnc3cc(-c4ccccc4)oc23)o1)c1ccccc1,0.0893109,374.7884,0.1790655,0.1791,0.5433053,3.0504,1.0000000,1.0000,[],7
50.7204,54.7474,26.7739,0.6368854,CCNc1cccc(-c2nc3oc(=O)c(O)c(-c4cc5ccccc5o4)c3[nH]2)c1OC,1,O=c1cc(-c2cc3ccccc3o2)c2[nH]c(-c3ccccc3)nc2o1,0.6495586,406.7001,0.3783286,0.3783,0.5456200,3.0292,1.0000000,1.0000,[],7
44.0985,48.8753,-12.5913,0.2834686,Cc1ccc(-c2cnc(-c3ccc(-c4ccc(-c5cccc(-c6ccc(-c7ccc(C(F)(F)F)cc7)cc6)c5)s4)cc3)s2)s1,1,c1ccc(-c2ccc(-c3cccc(-c4ccc(-c5ccc(-c6ncc(-c7cccs7)s6)cc5)s4)c3)cc2)cc1,0.2834227,389.9293,0.1771623,0.1772,0.5781603,2.7395,1.0000000,1.0000,[],7
61.5349,64.9610,41.7496,0.8336770,C=CC1=C(Nc2ccc(C(=Cc3ccc([N+](=O)[O-])cc3)S(=O)O)cc2C#N)C(=O)N(CCCO)C1,1,O=C1NCC=C1Nc1ccc(C=Cc2ccccc2)cc1,0.8837254,422.0208,0.1965597,0.1966,0.4566411,3.9193,1.0000000,1.0000,[],7
24.3277,23.5622,-23.5166,0.0003566,CC(=O)c1cccc(OCc2ccc(I)cc2)c1,1,c1ccc(COc2ccccc2)cc1,0.0002402,309.5169,0.6125210,0.6125,0.7111598,1.7043,1.0000000,1.0000,[],7
54.7208,55.7517,62.9898,0.9276686,[C-]#[N+]C1=C(C#N)Nc2ccccc2C1=Cc1ccc(SCc2ccc(C(=O)c3ccc(Cl)cc3)s2)cc1,1,O=C(c1ccccc1)c1ccc(CSc2ccc(C=C3C=CNc4ccccc43)cc2)s1,0.9934128,454.4607,0.1525492,0.1525,0.5381032,3.0985,1.0000000,1.0000,[],7
52.8855,54.7921,64.3728,0.9309759,COc1ccc(C(=CC(=O)c2ccc(C)cc2)OC2N=CN=CC2=Cc2ccc(N)cc2)cc1,1,O=C(C=C(OC1N=CN=CC1=Cc1ccccc1)c1ccccc1)c1ccccc1,0.9865200,446.6104,0.2270945,0.2271,0.4927004,3.5393,1.0000000,1.0000,[],7
51.2201,48.3336,-47.5227,0.0063348,Cc1c(CCc2nccnc2N2CC(Cl)C2)cnn1CC(C)C,1,c1cnc(N2CCC2)c(CCc2cn[nH]c2)n1,0.0049576,342.4356,0.7625914,0.7626,0.5472436,3.0143,1.0000000,1.0000,[],7
38.2858,38.6650,-38.6650,0.0000002,CC12CCC(C3(O)CCCCCC3)C1(C)OC2,1,C1CCCC(C2CCC3COC32)CC1,0.0000001,223.2737,0.7103910,0.7104,0.4413179,4.0899,1.0000000,1.0000,[],7
30.6048,30.3876,-30.2567,0.0010227,O=C(Cc1ccnc(-c2ccc(Cl)cc2)n1)N1CCN(Cc2ccc(Cl)cc2)CC1,1,O=C(Cc1ccnc(-c2ccccc2)n1)N1CCN(Cc2ccccc2)CC1,0.0007302,321.5938,0.5914115,0.5914,0.6554360,2.1123,1.0000000,1.0000,[],7
37.2461,35.8546,-35.8514,0.0000252,C1CCC2=C(C1)CC1=C3C(CCC1)CN3C2,1,C1CCC2=C(C1)CC1=C3C(CCC1)CN3C2,0.0000149,279.3607,0.5577005,0.5577,0.4547886,3.9396,1.0000000,1.0000,[],7
88.2955,93.0464,-93.0464,0.0000000,CC1(C)c2ccccc2-c2ccc(C#Cc3ccc4c(c3)c3nnnc(-c5ccccc5)c3n4-c3ccc(C4=c5ccc(cc5=C5C6=CC(=CC7CCC=CC57)C=CC=C6)C(c5ccccc5)=C4)cc3)cc21,1,C(#Cc1ccc2c(c1)c1nnnc(-c3ccccc3)c1n2-c1ccc(C2=c3ccc(cc3=C3C4=CC(=CC5CCC=CC35)C=CC=C4)C(c3ccccc3)=C2)cc1)c1ccc2c(c1)Cc1ccccc1-2,0.0000000,0.0000,0.0000000,0.0000,0.0000000,0.0000,0.0000000,0.0000,['C#C'],7
46.9045,49.1101,-49.1101,0.0000000,CN(C)CCN1C=C(c2nnc3ncc(C#N)cc3c2N)NN1,1,C1=C(c2cc3cccnc3nn2)NNN1,0.0000000,0.0000,0.0000000,0.0000,0.0000000,0.0000,0.0000000,0.0000,['[#7;!n][#7;!n]'],7
37.1809,36.5615,-36.5615,0.0000000,CC(C)C(CC(=O)c1ccc(NCc2ccc([N+](=O)[O-])cc2)cc1)C(=O)O,1,c1ccc(CNc2ccccc2)cc1,0.0000000,0.0000,0.0000000,0.0000,0.0000000,0.0000,0.0000000,0.0000,"['C(=[O,S])[O,S]']",7
24.6000,24.8274,-24.8210,0.0000496,Cc1c(F)cccc1NC1CCN(C)C1=O,1,O=C1NCCC1Nc1ccccc1,0.0000300,286.9233,0.8268262,0.8268,0.5787898,2.7341,1.0000000,1.0000,[],7
41.4472,47.2890,-47.2814,0.0000593,CCC(CSP(=O)(O)O)N(c1ccc(Cl)cc1)S(=O)(=O)c1ccc(O)cc1,1,O=S(=O)(Nc1ccccc1)c1ccccc1,0.0000368,289.1400,0.5219534,0.5220,0.5219494,3.2509,1.0000000,1.0000,[],7
30.1570,31.8943,-31.7480,0.0011426,CCCCc1csc2c1oc1cc(N)sc12,1,c1cc2oc3ccsc3c2s1,0.0008191,322.8417,0.7365307,0.7365,0.5152000,3.3160,1.0000000,1.0000,[],7
23.2216,24.9484,-24.9169,0.0002461,Cc1ccc(-c2nnc(-c3ccc(-c4ccccc4)cc3)o2)cc1,1,c1ccc(-c2ccc(-c3nnc(-c4ccccc4)o3)cc2)cc1,0.0001635,305.3405,0.5096303,0.5096,0.7116481,1.7009,1.0000000,1.0000,[],7
35.2720,37.4168,-36.9947,0.0032978,COc1ccc(C(=O)c2c(OC)c(OC)cc3ccc(C)nc23)cc1OC,1,O=C(c1ccccc1)c1cccc2cccnc12,0.0025022,334.9853,0.6174048,0.6174,0.6385927,2.2424,1.0000000,1.0000,[],7
48.6340,51.0768,-42.0862,0.0702390,Cc1cc2c(N)nc(C3CCC(C#N)CC3)nn2c1-c1ccc(-c2cccnc2)s1,1,c1cncc(-c2ccc(-c3ccc4cnc(C5CCCCC5)nn34)s2)c1,0.0632724,370.7400,0.4967366,0.4967,0.5333991,3.1424,1.0000000,1.0000,[],7
29.7885,33.4875,-19.4452,0.1097055,c1ccc(N(c2ccccc2)c2ccc(-n3c4ccccc4c4c5ccccc5n5c6ccccc6nc5c43)cc2)cc1,1,c1ccc(N(c2ccccc2)c2ccc(-n3c4ccccc4c4c5ccccc5n5c6ccccc6nc5c43)cc2)cc1,0.1035958,376.5710,0.2178101,0.2178,0.5964187,2.5841,1.0000000,1.0000,[],7
27.3515,29.2605,-28.3852,0.0068389,c1ccc(-c2nc(-c3ccccc3)nc(-c3ccc4c5ccccc5n(-c5nc(-c6ccccc6)nc(-c6ccccc6)n5)c4c3)n2)cc1,1,c1ccc(-c2nc(-c3ccccc3)nc(-c3ccc4c5ccccc5n(-c5nc(-c6ccccc6)nc(-c6ccccc6)n5)c4c3)n2)cc1,0.0056075,343.7803,0.1822303,0.1822,0.6193172,2.3957,1.0000000,1.0000,[],7
43.2829,47.7705,-47.7705,0.0000000,COC(=O)C(=Cc1ccc(C#N)cc1)c1nc2ccccc2c(=O)n1-c1ccc2[nH]c(C)cc2c1,1,O=c1c2ccccc2nc(C=Cc2ccccc2)n1-c1ccc2[nH]ccc2c1,0.0000000,0.0000,0.0000000,0.0000,0.0000000,0.0000,0.0000000,0.0000,"['C(=[O,S])[O,S]']",7
33.0048,35.1535,-35.1535,0.0000000,CCN(C=C(C(=O)O)C(=O)N(CCOC)C(C)C)CC,1,,0.0000000,0.0000,0.0000000,0.0000,0.0000000,0.0000,0.0000000,0.0000,"['C(=[O,S])[O,S]']",7
47.8157,49.2404,-49.2404,0.0000000,COc1ccc(S(=O)(=O)N(C)N=Cc2ccc3c(C4=CC=CC4)ccnc3c2)cc1,1,O=S(=O)(NN=Cc1ccc2c(C3=CC=CC3)ccnc2c1)c1ccccc1,0.0000000,0.0000,0.0000000,0.0000,0.0000000,0.0000,0.0000000,0.0000,['[#7;!n][#7;!n]'],7
37.2648,35.8984,-35.8895,0.0000698,Cc1cccc(N2CCC(CNC(=O)C3CCCN3C(=O)Nc3ccc(Cl)cc3)CC2)c1,1,O=C(NCC1CCN(c2ccccc2)CC1)C1CCCN1C(=O)Nc1ccccc1,0.0000432,290.8770,0.6890990,0.6891,0.5921121,2.6203,1.0000000,1.0000,[],7
23.0297,23.9538,-23.9488,0.0000391,CC1CC(=O)Nc2cc(Cl)ccc21,1,O=C1CCc2ccccc2N1,0.0000235,284.2643,0.6778702,0.6779,0.5836548,2.6922,1.0000000,1.0000,[],7
42.7680,46.5040,-42.0700,0.0346402,Cn1c(=NC(=O)CCSCc2ccc(-c3ccc(Cl)cc3Cl)o2)sc2c3ccccc3ccc21,1,O=C(CCSCc1ccc(-c2ccccc2)o1)N=c1[nH]c2ccc3ccccc3c2s1,0.0308326,362.5653,0.2126109,0.2126,0.5749647,2.7672,1.0000000,1.0000,[],7
26.8037,29.0317,-28.3486,0.0053369,Clc1ccc(Cl)c2c(-c3ccccc3)ncnc12,1,c1ccc(-c2ncnc3ccccc23)cc1,0.0041440,340.4806,0.6480259,0.6480,0.6602774,2.0755,1.0000000,1.0000,[],7
34.7668,35.8215,-35.8215,0.0000000,Cc1ccc(OC(=O)NCc2ccc(C#Cc3ccc(S(N)(=O)=O)cc3)cc2)cc1,1,O=C(NCc1ccc(C#Cc2ccccc2)cc1)Oc1ccccc1,0.0000000,0.0000,0.0000000,0.0000,0.0000000,0.0000,0.0000000,0.0000,"['C#C', 'C(=[O,S])[O,S]']",7
42.5964,44.7240,-31.2937,0.1049242,Cn1c(=O)n(CCc2ccc(Cl)cc2)c(=O)c2cc(NCCc3cn4c(n3)CCCC4)ccc21,1,O=c1[nH]c2ccc(NCCc3cn4c(n3)CCCC4)cc2c(=O)n1CCc1ccccc1,0.0967133,375.7415,0.4393064,0.4393,0.5875380,2.6591,1.0000000,1.0000,[],7
68.3090,76.1067,-76.1067,0.0000000,COc1c2c(cccc2)c(c2c1COc1cc3c(cc1N2C(=O)/C=C(/c1ccc(N(c2ccccc2)c2ccccc2)cc1)C)cc(n3C)=O)N,0,,0.0000000,0.0000,0.0000000,0.0000,0.0000000,0.0000,0.0000000,0.0000,None,7
34.9512,37.0114,64.1914,0.7906468,O=C1C(=O)N(Cc2ccncc2)c2cc(-c3c[nH]c4ncccc34)ccc21,1,O=C1C(=O)N(Cc2ccncc2)c2cc(-c3c[nH]c4ncccc34)ccc21,0.8029759,415.2546,0.5723358,0.5723,0.6155763,2.4260,1.0000000,1.0000,[],7
44.2624,42.3384,-42.3384,0.0000000,COC(=O)CC(O)CN1CCN(c2nc(C)cc(OCCc3ccccc3)n2)CC1,1,c1ccc(CCOc2ccnc(N3CCNCC3)n2)cc1,0.0000000,0.0000,0.0000000,0.0000,0.0000000,0.0000,0.0000000,0.0000,"['C(=[O,S])[O,S]']",7
53.6294,53.1777,-53.1777,0.0000000,COc1nc(N=NC2C=NN=C2)ccc1-c1cc(O)ccc1Cl,1,C1=NN=CC1N=Nc1ccc(-c2ccccc2)cn1,0.0000000,0.0000,0.0000000,0.0000,0.0000000,0.0000,0.0000000,0.0000,['[#7;!n][#7;!n]'],7
28.0611,30.0573,-29.5723,0.0037883,CN(C)c1c(Cl)nn2c1c(N)nc1ccccc12,1,c1ccc2c(c1)ncc1ccnn12,0.0028867,336.5414,0.7294576,0.7295,0.5738541,2.7769,1.0000000,1.0000,[],7
32.8047,35.1375,-34.3230,0.0063631,CCC1CCCC(c2ccc(N3C(=O)c4cccc5cccc(c45)C3=O)cc2)C1,1,O=C1c2cccc3cccc(c23)C(=O)N1c1ccc(C2CCCCC2)cc1,0.0050468,342.6303,0.4960351,0.4960,0.5585405,2.9121,1.0000000,1.0000,[],7
22.4047,22.8119,-22.8029,0.0000702,Nc1ccc(C(=O)NCc2cccnc2)cc1,1,O=C(NCc1cccnc1)c1ccccc1,0.0000431,290.8598,0.7823518,0.7824,0.7214801,1.6323,1.0000000,1.0000,[],7
46.5492,48.0550,-48.0550,0.0000000,C#CC1=CCc2c(c3ccccc3n2-c2ccc(C=C)nn2)C=C1,1,C1=CCc2c(c3ccccc3n2-c2cccnn2)C=C1,0.0000000,0.0000,0.0000000,0.0000,0.0000000,0.0000,0.0000000,0.0000,['C#C'],7
69.2238,74.1941,-74.1941,0.0000000,c12c(cccc1)c(c(C#N)c1c3c(C(F)(C(C(=C3)c3ccc(cc3)OC)=O)(F)F)c(N)nn12)-c1ncccn1,0,,0.0000000,0.0000,0.0000000,0.0000,0.0000000,0.0000,0.0000000,0.0000,None,7
65.8469,69.7917,-69.7917,0.0000000,c1(N)ncnc2c1nc(Nc1cc3c(c(n4C[C@@H](O)COc43)=O)cc1-c1ccc(O)cc1)c2NC,0,,0.0000000,0.0000,0.0000000,0.0000,0.0000000,0.0000,0.0000000,0.0000,None,7
21.4664,21.8836,-21.8836,0.0000000,CC1CCCC(C)(C)O1,1,C1CCOCC1,0.0000000,192.2145,0.4863184,0.4863,0.5425057,3.0578,1.0000000,1.0000,[],7
50.4093,51.3579,-36.5697,0.1155322,CCC(NC(=O)c1ccccc1)=C(CC1=CC=C1)c1ccc(CCl)cc1,1,O=C(NC=C(CC1=CC=C1)c1ccccc1)c1ccccc1,0.1059484,376.8433,0.6128207,0.6128,0.5783401,2.7380,1.0000000,1.0000,[],7
22.4315,21.9886,-21.9871,0.0000121,Nc1nc2c(ncn2C2OC(CO)C(O)C2O)c(=O)[nH]1,1,O=c1[nH]cnc2c1ncn2C1CCCO1,0.0000070,271.1013,0.3981374,0.3981,0.4751926,3.7202,1.0000000,1.0000,[],7
36.9780,40.7631,-34.3941,0.0497579,Cc1cccc(C=Cc2ccc3c(c2)C2(c4ccccc4-c4ccccc42)c2cc(-c4ccc(C=Cc5ccccc5)cc4)ccc2-3)c1,1,C(=Cc1ccc(-c2ccc3c(c2)C2(c4ccccc4-c4ccccc42)c2cc(C=Cc4ccccc4)ccc2-3)cc1)c1ccccc1,0.0455106,366.9585,0.1701010,0.1701,0.5453891,3.0313,1.0000000,1.0000,[],7
68.0292,74.0919,-74.0919,0.0000000,c1c(N)cc(C(OCCCOc2cc3n(CCCC)c4cc5c(=O)c(c(=O)c5c4c3c(c2O)=O)Nc2cc(ccc2)C(=O)O)=O)cc1,0,,0.0000000,0.0000,0.0000000,0.0000,0.0000000,0.0000,0.0000000,0.0000,None,8
42.3869,41.4620,-40.5204,0.0073566,CC(C)C1=CC(=O)c2c(O)cc(C3OCCO3)cc2CC1,1,O=C1C=CCCc2cc(C3OCCO3)ccc21,0.0057727,344.0973,0.9079590,0.9080,0.5385591,3.0943,1.0000000,1.0000,[],8
24.9538,26.7508,60.8156,0.6841125,COc1cc([N+](=O)[O-])c(N(C)C)cc1N,1,c1ccccc1,0.6938891,408.8853,0.4619581,0.4620,0.6283361,2.3234,1.0000000,1.0000,[],8
41.2151,41.3449,45.4227,0.6778717,CSC1=C([n+]2c[nH]c3ccccc32)SC(=CC(=O)c2cc(C)c(C)s2)S1,1,O=C(C=C1SC=C([n+]2c[nH]c3ccccc32)S1)c1cccs1,0.6986823,409.1314,0.3313644,0.3314,0.4716609,3.7575,1.0000000,1.0000,[],8
34.9168,38.9519,-38.9519,0.0000000,CCCCSC1=C(c2ccc(C(=O)O)cc2)C(=O)N(Cc2ccc(C(=O)O)cc2)C1=O,1,O=C1C=C(c2ccccc2)C(=O)N1Cc1ccccc1,0.0000000,0.0000,0.0000000,0.0000,0.0000000,0.0000,0.0000000,0.0000,"['C(=[O,S])[O,S]']",8
24.7535,25.0413,-25.0210,0.0001590,CCNC(=O)CN(C)c1cccc(Cl)c1,1,c1ccccc1,0.0001016,300.1778,0.8509150,0.8509,0.6804174,1.9252,1.0000000,1.0000,[],8
21.5932,23.0558,-22.9466,0.0008534,Nc1ccc(Oc2ccc(F)cc2)cn1,1,c1ccc(Oc2cccnc2)cc1,0.0005965,319.3972,0.8173910,0.8174,0.7024902,1.7656,1.0000000,1.0000,[],8
31.5114,33.3956,-31.3345,0.0161018,COc1ccc2ccnc(-c3cccc4c3sc3ccccc34)c2c1,1,c1ccc2c(-c3cccc4c3sc3ccccc34)nccc2c1,0.0134853,353.3939,0.3769123,0.3769,0.6473174,2.1746,1.0000000,1.0000,[],8
34.3718,33.8527,-33.8527,0.0000000,CCCCC(CC(=O)O)C(=O)Nc1ccc2c(c1)OC(F)(F)O2,1,c1ccc2c(c1)OCO2,0.0000000,0.0000,0.0000000,0.0000,0.0000000,0.0000,0.0000000,0.0000,"['C(=[O,S])[O,S]']",8
35.0609,37.9557,-18.2979,0.1535764,O=C1CN(c2ccccc2)C(=O)C1=Cc1ccc2nc(Cl)sc2c1,1,O=C1CN(c2ccccc2)C(=O)C1=Cc1ccc2ncsc2c1,0.1436369,380.6152,0.5169205,0.5169,0.5969667,2.5795,1.0000000,1.0000,[],8
30.6788,31.3542,-31.3542,0.0000000,COCCOc1ccc(C=NNC(=O)c2cc(O)cc(O)c2)cc1OC,1,O=C(NN=Cc1ccccc1)c1ccccc1,0.0000000,0.0000,0.0000000,0.0000,0.0000000,0.0000,0.0000000,0.0000,['[#7;!n][#7;!n]'],8
25.3310,25.8823,-25.8740,0.0000649,CCCCC(O)=C(C)C(C)=O,1,,0.0000404,290.1541,0.5014642,0.5015,0.5829890,2.6979,1.0000000,1.0000,[],8
43.7066,46.7185,-46.7185,0.0000000,CCCCn1c(=O)c(C(=O)OCc2ccccc2)c(-c2ccccc2Oc2ccccc2)c2cc(C(=O)O)ccc21,1,O=C(OCc1ccccc1)c1c(-c2ccccc2Oc2ccccc2)c2ccccc2[nH]c1=O,0.0000000,0.0000,0.0000000,0.0000,0.0000000,0.0000,0.0000000,0.0000,"['C(=[O,S])[O,S]']",8
28.9098,27.3048,-27.2995,0.0000412,CCOc1ccccc1C(=O)N1CCC(c2cn3ccsc3n2)CC1,1,O=C(c1ccccc1)N1CCC(c2cn3ccsc3n2)CC1,0.0000247,284.8322,0.7147915,0.7148,0.6158808,2.4235,1.0000000,1.0000,[],8
28.9082,29.6375,-29.6353,0.0000176,CC1OC(O)c2ncnc(N)c21,1,c1ncc2c(n1)COC2,0.0000103,275.2848,0.5740449,0.5740,0.4439311,4.0604,1.0000000,1.0000,[],8
24.3693,26.0937,-25.5679,0.0041080,CC(C)c1cccc2c1nc1ccccn12,1,c1ccc2c(c1)nc1ccccn12,0.0031563,337.5139,0.5994002,0.5994,0.6365204,2.2587,1.0000000,1.0000,[],8
24.4802,25.8151,-25.8046,0.0000821,CCCCOc1ccc(NC(=O)CNc2ccccc2OC)cc1,1,O=C(CNc1ccccc1)Nc1ccccc1,0.0000510,292.6865,0.6849383,0.6849,0.7134036,1.6885,1.0000000,1.0000,[],8
30.4000,31.3020,-31.0569,0.0019149,O=S(=O)(OCl)c1cc(C(F)(F)F)ccc1-c1ccccc1,1,c1ccc(-c2ccccc2)cc1,0.0013989,328.6598,0.8420282,0.8420,0.6231452,2.3649,1.0000000,1.0000,[],8
39.8959,47.2244,-47.2244,0.0000000,c1c(cc(C2N=C3N(C(c4ccc(OC)cc4)=Nc4ccccc4N=3)C(=O)C2=O)cc1)OC,0,,0.0000000,0.0000,0.0000000,0.0000,0.0000000,0.0000,0.0000000,0.0000,None,8
31.8786,33.2975,-33.2733,0.0001888,COc1cc(-c2ccc(NC(C)(C)C)cc2)cc(N)c1O,1,c1ccc(-c2ccccc2)cc1,0.0001234,302.2819,0.5917881,0.5918,0.6433905,2.2050,1.0000000,1.0000,[],8
49.4153,48.9258,-48.9258,0.0000000,NC(CN1CCS(=O)(C2c3ccccc3NC2C2CCCCC2)=N1)c1ccccc1,1,O=S1(C2c3ccccc3NC2C2CCCCC2)=NN(CCc2ccccc2)CC1,0.0000000,0.0000,0.0000000,0.0000,0.0000000,0.0000,0.0000000,0.0000,['[#7;!n][#7;!n]'],8
50.0800,57.4783,-57.4783,0.0000000,[nH]1c(c(c2c1cc(cc2)O)C=c1c(nc2c(n1)cc(cc2)=O)-c1ccc(cc1)O)N,0,,0.0000000,0.0000,0.0000000,0.0000,0.0000000,0.0000,0.0000000,0.0000,None,8
37.4614,40.6680,-40.4064,0.0020435,Oc1ccc(-c2oc3cc(O)ccc3c2C2Oc3ccc(O)cc3C(O)C2O)cc1,1,c1ccc(-c2oc3ccccc3c2C2CCc3ccccc3O2)cc1,0.0015496,329.7727,0.3434859,0.3435,0.4776472,3.6944,1.0000000,1.0000,[],8
33.3814,34.1327,-34.0488,0.0006561,O=C(NCCN1CCNCC1)c1ccccc1C1=CCCC=C1,1,O=C(NCCN1CCNCC1)c1ccccc1C1=CCCC=C1,0.0004527,316.4013,0.8746784,0.8747,0.6044975,2.5168,1.0000000,1.0000,[],8
30.6767,32.1578,-31.6533,0.0039414,c1ccc(C2Cc3ccnn3-c3cccc[n+]32)cc1,1,c1ccc(C2Cc3ccnn3-c3cccc[n+]32)cc1,0.0030372,337.0948,0.6055712,0.6056,0.4919475,3.5469,1.0000000,1.0000,[],8
33.8849,36.8926,-8.8251,0.2192777,Cc1ccc(-c2nnc(-c3ccc(C(F)(F)F)c4nonc34)o2)cc1,1,c1ccc(-c2nnc(-c3cccc4nonc34)o2)cc1,0.2086690,385.5275,0.5393859,0.5394,0.5992696,2.5602,1.0000000,1.0000,[],8
30.3730,31.7631,48.1985,0.6247004,CCC(C)N(C)c1ncc2cc([N+](=O)[O-])ccc2n1,1,c1ccc2ncncc2c1,0.6264248,405.6123,0.6239761,0.6240,0.5489841,2.9984,1.0000000,1.0000,[],8
35.5052,36.4255,-36.2317,0.0015139,Cc1nccn1-c1ccc(NC(=O)Nc2ccc3c(c2)N(C)c2ccccc2S3)cc1,1,O=C(Nc1ccc(-n2ccnc2)cc1)Nc1ccc2c(c1)Nc1ccccc1S2,0.0011170,326.2130,0.4173140,0.4173,0.6199603,2.3905,1.0000000,1.0000,[],8
53.9573,57.4421,-57.4421,0.0000000,CCCCCCCC=CN(Cc1ccc(N(c2ccc(OC)cc2)c2cc(C)ccn2)cc1)N=Cc1ccc(N(C)C)cc1,1,C(=NNCc1ccc(N(c2ccccc2)c2ccccn2)cc1)c1ccccc1,0.0000000,0.0000,0.0000000,0.0000,0.0000000,0.0000,0.0000000,0.0000,['[#7;!n][#7;!n]'],8
27.3979,28.3078,-28.3078,0.0000000,C#CCN(C)c1ccc(OCC)c(C)c1,1,c1ccccc1,0.0000000,0.0000,0.0000000,0.0000,0.0000000,0.0000,0.0000000,0.0000,['C#C'],8
46.1297,45.9880,-45.4944,0.0038560,Cc1cc(=O)c(OCCOc2ccc3c(c2)Cc2ccc([N+](=O)[O-])cc2-3)co1,1,O=c1ccocc1OCCOc1ccc2c(c1)Cc1ccccc1-2,0.0030265,337.0563,0.2867190,0.2867,0.5973674,2.5761,1.0000000,1.0000,[],8
35.0559,36.7744,-35.0341,0.0135965,Cn1ccc(=O)c2ccc(NC(=O)N3CCc4ccccc4C3)nc21,1,O=C(Nc1ccc2c(=O)cc[nH]c2n1)N1CCc2ccccc2C1,0.0110586,351.2133,0.7434722,0.7435,0.6145869,2.4340,1.0000000,1.0000,[],8
32.5239,32.6609,43.1472,0.5922516,CCCC1=C(C(=O)c2ccccc2)C(=O)C(=O)N1CCC,1,O=C1NC=C(C(=O)c2ccccc2)C1=O,0.5966190,404.2495,0.4585807,0.4586,0.6131631,2.4456,1.0000000,1.0000,[],8
27.0048,27.8431,-27.8191,0.0001877,Cn1cc(-c2nc3c(ncn3C)c(=O)[nH]2)cn1,1,O=c1[nH]c(-c2cn[nH]c2)nc2[nH]cnc12,0.0001226,302.2110,0.6404104,0.6404,0.5804099,2.7201,1.0000000,1.0000,[],8
37.3936,38.2758,-38.2758,0.0000000,Cc1ccc2c(c1)OC(=O)OC(S)N2C,1,O=C1OCNc2ccccc2O1,0.0000000,0.0000,0.0000000,0.0000,0.0000000,0.0000,0.0000000,0.0000,"['C(=[O,S])[O,S]']",8
35.4181,35.9159,-35.9159,0.0000000,Cn1c(C(C#N)=CNCCCNC(=O)O)nc2ccccc21,1,c1ccc2[nH]cnc2c1,0.0000000,0.0000,0.0000000,0.0000,0.0000000,0.0000,0.0000000,0.0000,"['C(=[O,S])[O,S]']",8
27.8963,29.5936,-28.5783,0.0079323,CCCOc1ccc(C(=O)N=c2sc3cc(F)ccc3n2CCC)cc1,1,O=C(N=c1[nH]c2ccccc2s1)c1ccccc1,0.0062996,345.0514,0.6248044,0.6248,0.6442121,2.1986,1.0000000,1.0000,[],8
52.2916,54.4685,-50.7588,0.0289825,Cc1cc2c([nH]c3ccccc32)c(-c2cccc(-n3c4ccccc4n4c5c3cccc5n3cnnc34)c2)n1,1,c1cc(-c2nccc3c2[nH]c2ccccc23)cc(-n2c3ccccc3n3c4c2cccc4n2cnnc23)c1,0.0254344,360.4153,0.2562854,0.2563,0.5447271,3.0374,1.0000000,1.0000,[],8
32.3007,32.8282,-32.7302,0.0007655,Cc1ccc(C(C#N)C(c2ccc(Br)cc2)(c2ccc(Br)cc2)c2ccc(Br)cc2)cc1,1,c1ccc(CC(c2ccccc2)(c2ccccc2)c2ccccc2)cc1,0.0005584,318.6790,0.2072756,0.2073,0.5539762,2.9532,1.0000000,1.0000,[],8
36.0160,35.2669,-35.2087,0.0004549,CC1Cc2cc(O)c(O)cc2C(c2ccc(F)cc2Cl)N1C,1,c1ccc(C2NCCc3ccccc32)cc1,0.0003101,312.2895,0.7839466,0.7839,0.5152682,3.3153,1.0000000,1.0000,[],8
29.2227,27.3017,-27.3017,0.0000000,O=C(CNC(=O)c1ccc(Cl)cc1)NN=Cc1ccccc1OCc1ccc(Cl)cc1,1,O=C(CNC(=O)c1ccccc1)NN=Cc1ccccc1OCc1ccccc1,0.0000000,0.0000,0.0000000,0.0000,0.0000000,0.0000,0.0000000,0.0000,['[#7;!n][#7;!n]'],8
66.5917,74.3105,-74.3105,0.0000000,CCn1c2ccc(Cc3cc(C(=O)O)cc(Oc4ncc([N+](=O)[O-])cc4Cl)c3O)cc2c2c(Cl)c(C(=O)O)ccc21,1,c1ccc(Oc2cccc(Cc3ccc4[nH]c5ccccc5c4c3)c2)nc1,0.0000000,0.0000,0.0000000,0.0000,0.0000000,0.0000,0.0000000,0.0000,"['C(=[O,S])[O,S]']",8
29.8906,33.0954,-33.0954,0.0000000,c12c(cccc2)n2c(nn(c2=O)N=Cc2ccc(c([N+]([O-])=O)c2)O)n1,0,,0.0000000,0.0000,0.0000000,0.0000,0.0000000,0.0000,0.0000000,0.0000,None,8
21.4714,23.3051,-23.3051,0.0000000,N#Cc1ccc(C(=O)CCC(=O)O)cc1,1,c1ccccc1,0.0000000,0.0000,0.0000000,0.0000,0.0000000,0.0000,0.0000000,0.0000,"['C(=[O,S])[O,S]']",8
29.3389,31.7801,-31.7801,0.0000000,CN(C)c1ccc(C2CC(c3ccc(Cl)cc3)=NN2C(=O)c2ccc(-c3ccccc3)cc2)cc1,1,O=C(c1ccc(-c2ccccc2)cc1)N1N=C(c2ccccc2)CC1c1ccccc1,0.0000000,0.0000,0.0000000,0.0000,0.0000000,0.0000,0.0000000,0.0000,['[#7;!n][#7;!n]'],8
34.4829,37.8434,-20.8994,0.1323749,Cc1ccc(-c2c(C(N)=O)oc3cc(N(C)C)ccc3c2=O)c(Cl)c1,1,O=c1c(-c2ccccc2)coc2ccccc12,0.1212016,378.4905,0.7776437,0.7776,0.6129982,2.4470,1.0000000,1.0000,[],8
24.5653,24.2779,-24.2779,0.0000000,CCCCCCCCC=CCCCCCCCC(=O)OC(CC)CCC,1,,0.0000000,0.0000,0.0000000,0.0000,0.0000000,0.0000,0.0000000,0.0000,"['C(=[O,S])[O,S]']",8
34.2146,36.4324,-36.4324,0.0000000,O=C(NS)c1cnc(-c2ccc(-c3ccc(F)cc3)cc2)nc1,1,c1ccc(-c2ccc(-c3ncccn3)cc2)cc1,0.0000000,0.0000,0.0000000,0.0000,0.0000000,0.0000,0.0000000,0.0000,['[#7;!n][S;!$(S(=O)=O)]'],8
69.9630,70.6837,-70.6837,0.0000000,c1cccc2c3c(ccc(-c4ccc(-c5cc6c(cc5)cc(cc6)-c5nc6c(sc5c6)ccnc4)c4/C=C\C=C/C)nc(n4)-c4ccccc4)cc3c(cc21)-c1ncccc1,0,,0.0000000,0.0000,0.0000000,0.0000,0.0000000,0.0000,0.0000000,0.0000,None,8
34.3998,39.1856,-39.1856,0.0000000,NN(c1ccc(F)cc1)c1nc(-c2ccc(N3CCCCC3)cc2)ns1,1,c1ccc(Nc2nc(-c3ccc(N4CCCCC4)cc3)ns2)cc1,0.0000000,0.0000,0.0000000,0.0000,0.0000000,0.0000,0.0000000,0.0000,['[#7;!n][#7;!n]'],8
28.6792,29.1817,-28.6867,0.0038679,CCc1cc(N)n2ncc(N3CCN(C)CC3)c2n1,1,c1cnc2c(N3CCNCC3)cnn2c1,0.0029342,336.7192,0.8576489,0.8576,0.5860959,2.6714,1.0000000,1.0000,[],8
41.0455,43.1180,-43.1180,0.0000000,CCOc1ccc2nc3ccc(OC4OC(C(=O)O)C(O)C(C)C4O)cc3nc2c1,1,c1ccc2nc3cc(OC4CCCCO4)ccc3nc2c1,0.0000000,0.0000,0.0000000,0.0000,0.0000000,0.0000,0.0000000,0.0000,"['C(=[O,S])[O,S]']",8
22.4535,21.7878,-21.7878,0.0000000,CCC1=CCOCC1,1,C1=CCOCC1,0.0000000,204.5237,0.4693751,0.4694,0.5221440,3.2491,1.0000000,1.0000,[],8
28.0406,28.8208,-28.8208,0.0000000,N#Cc1cc(Br)ccc1CC(=O)OCc1ccccc1,1,O=C(Cc1ccccc1)OCc1ccccc1,0.0000000,0.0000,0.0000000,0.0000,0.0000000,0.0000,0.0000000,0.0000,"['C(=[O,S])[O,S]']",8
54.9244,60.7825,22.6527,0.6518379,COc1ccc(C2=C(c3ccc(N(c4ccccc4)c4ccccc4)cc3)NC3(O2)c2cc(OC)ccc2-c2c3cc3cc(-c4ccccc4)ccc3c2O)cc1,1,c1ccc(C2=C(c3ccc(N(c4ccccc4)c4ccccc4)cc3)NC3(O2)c2ccccc2-c2cc4ccc(-c5ccccc5)cc4cc23)cc1,0.6870737,408.5390,0.1616228,0.1616,0.4330798,4.1842,1.0000000,1.0000,[],8
35.5155,34.8106,-34.8072,0.0000265,CCC1(C(=O)CN)C=CCC(C)CC1,1,C1=CCCCCC1,0.0000157,279.8677,0.7020322,0.7020,0.4386706,4.1200,1.0000000,1.0000,[],8
20.4913,23.4687,-22.7162,0.0058787,Brc1ccc(-c2ccc3ccc4cccc5ccc2c3c45)cc1,1,c1ccc(-c2ccc3ccc4cccc5ccc2c3c45)cc1,0.0047064,341.8684,0.2830157,0.2830,0.6821961,1.9122,1.0000000,1.0000,[],8
25.0015,25.5669,-25.5669,0.0000000,O=C(O)Cc1ccc(NC(=O)c2cc(O)ccc2O)cc1,1,O=C(Nc1ccccc1)c1ccccc1,0.0000000,0.0000,0.0000000,0.0000,0.0000000,0.0000,0.0000000,0.0000,"['C(=[O,S])[O,S]']",8
41.4389,53.0824,-53.0824,0.0000000,Cc1cccc(N2C(=O)C(=O)N(c3cccc(C=Cc4ccc(C=C(C#N)C(=O)O)cc4)n3)C2=O)c1,1,O=C1C(=O)N(c2cccc(C=Cc3ccccc3)n2)C(=O)N1c1ccccc1,0.0000000,0.0000,0.0000000,0.0000,0.0000000,0.0000,0.0000000,0.0000,"['C(=[O,S])[O,S]']",8
28.1452,28.7910,-28.7910,0.0000000,COC(=O)c1ccc(C2C(C#N)=C(N)Oc3ccc(Cl)cc32)cc1,1,C1=CC(c2ccccc2)c2ccccc2O1,0.0000000,0.0000,0.0000000,0.0000,0.0000000,0.0000,0.0000000,0.0000,"['C(=[O,S])[O,S]']",8
46.4147,50.2879,-50.2879,0.0000000,CN1c2ccccc2N(c2c3c4cccc5c(C#N)ccc(c5n2-4)C(Nc2ccccc2)=C3)c2ccccc21,1,C1=C(Nc2ccccc2)c2cccc3cccc4c1c(N1c5ccccc5Nc5ccccc51)n-4c23,0.0000000,0.0000,0.2643999,0.2644,0.4742896,3.7297,1.0000000,1.0000,[],8
48.8790,47.9846,-47.9173,0.0005261,NC(=Nc1nc2c(c(N3CCN(CCO)CC3)n1)CCN2)N1CCN(Cc2ccccn2)CC1,1,C(=Nc1nc2c(c(N3CCNCC3)n1)CCN2)N1CCN(Cc2ccccn2)CC1,0.0003690,314.1790,0.3868874,0.3869,0.5467008,3.0193,1.0000000,1.0000,[],8
68.6285,73.0825,-73.0825,0.0000000,COC(=O)CC(O)CC1C(=O)N(c2ccc(C(=O)O)cc2)C1(C)C=CC(C)=CC=CC(O)=CC=CC(C)=CC=CC=CC=C(C)C=CC=C(C=CC=C(C)C#N)C(C)(C)C,1,O=C1CCN1c1ccccc1,0.0000000,0.0000,0.0000000,0.0000,0.0000000,0.0000,0.0000000,0.0000,"['C(=[O,S])[O,S]']",8
28.2811,28.5029,-28.5011,0.0000140,Cc1cc(C2CCCN2C(=O)Cc2ccc(Cl)cc2)no1,1,O=C(Cc1ccccc1)N1CCCC1c1ccon1,0.0000079,272.4082,0.8710144,0.8710,0.5922723,2.6189,1.0000000,1.0000,[],8
37.7012,37.3339,-37.3339,0.0000000,CC(C)CC(CO)N1C(=O)C2C(C(=O)Nc3ccccc3)C3CCC2(O3)C1C(=O)NN=Cc1ccc(Cl)cc1,1,O=C(Nc1ccccc1)C1C2CCC3(O2)C(C(=O)NN=Cc2ccccc2)NC(=O)C13,0.0000000,0.0000,0.0000000,0.0000,0.0000000,0.0000,0.0000000,0.0000,['[#7;!n][#7;!n]'],9
28.6420,27.2803,-27.1987,0.0006369,Cc1ccc([N+](=O)[O-])cc1NC(=O)CNCCN(C)C,1,c1ccccc1,0.0004475,316.2742,0.4416790,0.4417,0.6674722,2.0213,1.0000000,1.0000,[],9
49.3398,54.0981,-52.9254,0.0091612,Cc1cccc(Cc2nc(C#N)cc(C3CN(Cc4c(C)nn(-c5ccccc5)c4C(F)(F)F)C3)n2)c1,1,c1ccc(Cc2nccc(C3CN(Cc4cnn(-c5ccccc5)c4)C3)n2)cc1,0.0074879,346.9406,0.3550899,0.3551,0.5495358,2.9934,1.0000000,1.0000,[],9
34.6781,38.0734,-38.0734,0.0000000,COc1ccc2c(c1)C(=O)OC2=Cc1ccc(OC)cc1N1CCN(C)CC1,1,O=C1OC(=Cc2ccccc2N2CCNCC2)c2ccccc21,0.0000000,0.0000,0.0000000,0.0000,0.0000000,0.0000,0.0000000,0.0000,"['C(=[O,S])[O,S]']",9
31.9048,34.7626,-34.7626,0.0000000,C(#Cc1cc2c3ccccc3n3c4cc(N(c5ccccc5)c5ccccc5)ccc4c(c1)c23)c1ccccc1,1,C(#Cc1cc2c3ccccc3n3c4cc(N(c5ccccc5)c5ccccc5)ccc4c(c1)c23)c1ccccc1,0.0000000,0.0000,0.0000000,0.0000,0.0000000,0.0000,0.0000000,0.0000,['C#C'],9
47.1531,52.2105,-52.1111,0.0007762,CN(C)C(=O)CC1CC(Nc2cc(NCCc3ccc(O)cc3)nc3nc(-c4ccccc4)nn23)C1,1,c1ccc(CCNc2cc(NC3CCC3)n3nc(-c4ccccc4)nc3n2)cc1,0.0005580,318.6711,0.3307717,0.3308,0.5703501,2.8075,1.0000000,1.0000,[],9
24.5354,24.6256,-24.6241,0.0000123,Nc1ncnc2c1ncn2C1OC(CO)CC1(F)F,1,c1ncc2ncn(C3CCCO3)c2n1,0.0000069,271.0106,0.8158957,0.8159,0.4619292,3.8617,1.0000000,1.0000,[],9
44.3912,48.0119,-0.7229,0.3694452,CN(c1ccccc1)c1cc2c(cn1)C(=O)c1c(cc(F)c3[nH]c(=O)[nH]c13)OC2,1,O=C1c2cnc(Nc3ccccc3)cc2COc2ccc3[nH]c(=O)[nH]c3c21,0.3620059,393.8475,0.5481579,0.5482,0.5372220,3.1067,1.0000000,1.0000,[],9
19.2566,23.4114,93.0652,0.9099734,CN(C)c1ccc(N=Nc2ccc(N=Nc3ccc([N+](=O)[O-])cc3)cc2)cc1,1,c1ccc(N=Nc2ccc(N=Nc3ccccc3)cc2)cc1,0.9527867,487.3767,0.2800024,0.2800,0.6003371,2.5513,1.0000000,1.0000,[],9
51.8370,52.9789,-52.6480,0.0025847,CN(C)c1cccc(-c2nc3c([nH]2)CCN(C2CCN(c4ncc(-c5noc(C(C)(C)C)n5)cn4)CC2)C3)c1,1,c1ccc(-c2nc3c([nH]2)CCN(C2CCN(c4ncc(-c5ncon5)cn4)CC2)C3)cc1,0.0019697,332.3812,0.4066389,0.4066,0.5286610,3.1870,1.0000000,1.0000,[],9
34.0378,34.9306,-33.8513,0.0084316,O=c1cc(Cn2cnc3c(=S)[nH]cnc32)c2ccccc2o1,1,O=c1cc(Cn2cnc3c(=S)[nH]cnc32)c2ccccc2o1,0.0068000,345.8868,0.4547953,0.4548,0.5813957,2.7116,1.0000000,1.0000,[],9
31.7047,30.8033,-30.7592,0.0003443,Cc1cc(Br)cc(Br)c1Oc1ccc(C#N)c(CBr)c1,1,c1ccc(Oc2ccccc2)cc1,0.0002335,309.2090,0.5210094,0.5210,0.6031678,2.5278,1.0000000,1.0000,[],9
41.3580,43.9140,8.2498,0.4075297,COc1ccc(Br)cc1C=Nc1cc2ccc(NC(=O)c3ccc(Cl)cc3)cc2oc1=O,1,O=C(Nc1ccc2cc(N=Cc3ccccc3)c(=O)oc2c1)c1ccccc1,0.4100846,396.0521,0.2546989,0.2547,0.6129657,2.4472,1.0000000,1.0000,[],9
30.6540,33.8162,-33.7385,0.0006075,Cc1ccc2oc3cc4ccoc4cc3c2c1C,1,c1ccc2c(c1)oc1cc3ccoc3cc12,0.0004270,315.7643,0.4315293,0.4315,0.6060086,2.5043,1.0000000,1.0000,[],9
42.8471,43.6872,-40.6111,0.0240317,CN1CCC2C(C1)c1nc3c(cc1C(=O)N2O)CC=C3,1,O=C1NC2CCNCC2c2nc3c(cc21)CC=C3,0.0203210,357.9215,0.7222856,0.7223,0.4204794,4.3318,1.0000000,1.0000,[],9
38.6532,40.5345,-40.5345,0.0000000,COc1cc2c(=O)c(C(=O)O)cn(-c3ccccc3F)c2cc1N1CCN(C(=O)c2ccc(Br)cc2)CC1,1,O=C(c1ccccc1)N1CCN(c2ccc3c(=O)ccn(-c4ccccc4)c3c2)CC1,0.0000000,0.0000,0.0000000,0.0000,0.0000000,0.0000,0.0000000,0.0000,"['C(=[O,S])[O,S]']",9
43.2656,47.1412,65.0129,0.8762042,Cn1c(C(C#N)=c2c(=O)n(C3CCCCO3)c3n2CCC=3)nc2ccccc21,1,O=c1c(=Cc2nc3ccccc3[nH]2)n2c(n1C1CCCCO1)=CCC2,0.8957630,423.3543,0.6730421,0.6730,0.4560692,3.9256,1.0000000,1.0000,[],9
26.7925,28.8552,-28.8430,0.0000949,O=S(=O)(NC1CC[S+]([O-])C1)c1ccccc1,1,O=S(=O)(NC1CC[SH+]C1)c1ccccc1,0.0000597,294.3935,0.8030020,0.8030,0.4667872,3.8094,1.0000000,1.0000,[],9
55.4071,58.3239,-58.2698,0.0004228,CCc1cc(N2C=CCN(C3CCN(Cc4ccccc4)C3)C2=O)ccc1Oc1ccc2c(c1)C(C)(C)C(=O)N2,1,O=C1Cc2cc(Oc3ccc(N4C=CCN(C5CCN(Cc6ccccc6)C5)C4=O)cc3)ccc2N1,0.0002938,311.7043,0.3848824,0.3849,0.4953725,3.5122,1.0000000,1.0000,[],9
27.4177,36.0752,-36.0752,0.0000000,C=Cc1cc(-c2ccc(C=C(C#N)C(=O)O)s2)c(C)s1,1,c1csc(-c2ccsc2)c1,0.0000000,0.0000,0.0000000,0.0000,0.0000000,0.0000,0.0000000,0.0000,"['C(=[O,S])[O,S]']",9
62.0270,60.2118,-59.6487,0.0043991,Cc1cnc(Nc2[nH]c3ncc(C(=O)N4CCOCC4)cc3c2COCc2ccc(C#N)cc2)nc1C,1,O=C(c1cnc2[nH]c(Nc3ncccn3)c(COCc3ccccc3)c2c1)N1CCOCC1,0.0034491,338.4800,0.3947387,0.3947,0.5407013,3.0744,1.0000000,1.0000,[],9
32.5609,34.7361,-34.7067,0.0002295,Cc1ccc2oc3ccc(-c4cccc5oc(C)cc45)cc3c2c1,1,c1cc(-c2ccc3oc4ccccc4c3c2)c2ccoc2c1,0.0001541,304.6958,0.3476341,0.3476,0.6467859,2.1787,1.0000000,1.0000,[],9
63.7574,63.1671,-63.1671,0.0000000,C(O)c1cc2C(C(O)=O)(CCCC)CC(O2)CCn1cc(CCc1ccccc1)=O,0,,0.0000000,0.0000,0.0000000,0.0000,0.0000000,0.0000,0.0000000,0.0000,None,9
22.5425,27.2191,90.6482,0.9208384,O=C1c2ccccc2C(=O)c2c1ccc1c2OCO1,1,O=C1c2ccccc2C(=O)c2c1ccc1c2OCO1,0.9393728,429.7543,0.6150730,0.6151,0.6546004,2.1187,1.0000000,1.0000,[],9
53.8733,57.3385,-57.3385,0.0000000,c12c(OC)cccc2[C@@]2(C(=O)c3c(cc4c(OCO4)c3)[C@@H](C3CCCC3)CC=2)O1,0,,0.0000000,0.0000,0.0000000,0.0000,0.0000000,0.0000,0.0000000,0.0000,None,9
51.9133,51.7970,-51.7970,0.0000000,CC1=CC(Cc2ccccc2Br)=NC2N(CCC(=O)O)C(=O)CCN12,1,O=C1CCN2C=CC(Cc3ccccc3)=NC2N1,0.0000000,0.0000,0.0000000,0.0000,0.0000000,0.0000,0.0000000,0.0000,"['C(=[O,S])[O,S]']",9
43.4331,43.9400,-26.1494,0.1389890,CCCCc1cccc2c3ccccc3c3ccc(-c4c5ccccc5c(-c5ccc6c(c5)sc5ccccc56)c5ccccc45)cc3c12,1,c1ccc2c(c1)sc1cc(-c3c4ccccc4c(-c4ccc5c6ccccc6c6ccccc6c5c4)c4ccccc34)ccc12,0.1351561,379.8474,0.1294273,0.1294,0.5838559,2.6905,1.0000000,1.0000,[],9
23.5653,23.8939,38.7958,0.4897634,C=C(CC)N(Br)Br,1,,0.4869729,399.4341,0.6576186,0.6576,0.4129330,4.4223,1.0000000,1.0000,[],9
66.9054,70.4465,39.9695,0.8626244,CC1CN(c2cc(-c3ccc(N(C)C)cc3)c(O)c3c2CC2C(=O)C(=O)C(=O)C(O)(C(N)=O)C2(N(C)C)C3=O)CC1C,1,O=C1CC2C(=O)c3cc(-c4ccccc4)cc(N4CCCC4)c3CC2C(=O)C1=O,0.9037246,495.6870,0.3431140,0.3431,0.3768904,4.8790,1.0000000,1.0000,[],9
30.3958,30.4743,-30.4743,0.0000000,COC(=O)c1ccccc1N1CCCN(C(=O)Cc2ccccc2)CC1,1,O=C(Cc1ccccc1)N1CCCN(c2ccccc2)CC1,0.0000000,0.0000,0.0000000,0.0000,0.0000000,0.0000,0.0000000,0.0000,"['C(=[O,S])[O,S]']",9
20.6082,23.7887,-23.7887,0.0000000,CCCCOC(=O)c1cc2ccccc2o1,1,c1ccc2occc2c1,0.0000000,0.0000,0.0000000,0.0000,0.0000000,0.0000,0.0000000,0.0000,"['C(=[O,S])[O,S]']",9
43.5210,42.9666,-38.0659,0.0382866,Nc1ccc(Nc2nc(Oc3ccccc3)nc(N(Cc3ccc(F)cc3)C(=O)C(F)(F)F)n2)cc1,1,c1ccc(CNc2nc(Nc3ccccc3)nc(Oc3ccccc3)n2)cc1,0.0339962,363.6613,0.2656798,0.2657,0.5927166,2.6152,1.0000000,1.0000,[],9
25.5125,27.0177,-27.0177,0.0000000,O=Cc1cc(CO)ccc1C#Cc1ccccc1,1,C(#Cc1ccccc1)c1ccccc1,0.0000000,0.0000,0.0000000,0.0000,0.0000000,0.0000,0.0000000,0.0000,['C#C'],9
34.7846,35.4869,-35.4869,0.0000000,Brc1cc(CNCC(O)c2ccccc2)c2c(o1)ccc(OC)c2,0,,0.0000000,0.0000,0.0000000,0.0000,0.0000000,0.0000,0.0000000,0.0000,None,9
27.6547,28.4603,8.9005,0.2918813,O=C1C(=O)N(Cc2ccc(O)cc2F)c2ccccc21,1,O=C1C(=O)N(Cc2ccccc2)c2ccccc21,0.2772971,389.5996,0.8522722,0.8523,0.6676438,2.0200,1.0000000,1.0000,[],9
23.4393,24.6020,-24.5826,0.0001511,Cc1cccc2c1NC(=O)C2O,1,O=C1Cc2ccccc2N1,0.0000979,299.7666,0.5985908,0.5986,0.5587067,2.9107,1.0000000,1.0000,[],9
89.8117,89.1271,-89.1271,0.0000000,CC12CCC(C3CC=C3c3ccc(OCc4ccccc4)cc3)C=CC13C(O)CCC3(O)C2C1=CC(=O)OCN1C(=O)c1ccncc1Cl,1,O=C1C=C(C2C3CCCC34C=CC(C3CC=C3c3ccc(OCc5ccccc5)cc3)CCC24)N(C(=O)c2ccncc2)CO1,0.0000000,0.0000,0.0000000,0.0000,0.0000000,0.0000,0.0000000,0.0000,"['C(=[O,S])[O,S]']",9
27.6362,28.3489,-27.6760,0.0052573,CSc1ccccc1NC(=S)Nc1nc2ccccc2s1,1,S=C(Nc1ccccc1)Nc1nc2ccccc2s1,0.0041044,340.3759,0.5310841,0.5311,0.6624367,2.0592,1.0000000,1.0000,[],9
35.9811,35.1510,-35.0738,0.0006031,CS(=O)(=O)N(Cc1coc(-c2ccc3c(c2)OCO3)n1)c1cccc(F)c1,1,c1ccc(NCc2coc(-c3ccc4c(c3)OCO4)n2)cc1,0.0004179,315.5313,0.6655761,0.6656,0.6062524,2.5023,1.0000000,1.0000,[],9
23.6494,25.1213,-25.1213,0.0000000,O=C(O)Nc1c2ccccc2nc2ccccc12,1,c1ccc2nc3ccccc3cc2c1,0.0000000,0.0000,0.0000000,0.0000,0.0000000,0.0000,0.0000000,0.0000,"['C(=[O,S])[O,S]']",9
51.0895,53.7402,-52.9352,0.0062897,Cc1nn(C)c2nccc(C(=O)N3CCCC(c4nnc(Cn5c(-c6ccc(F)cc6)cn(C)c5=O)n4C)C3)c12,1,O=C(c1ccnc2[nH]ncc12)N1CCCC(c2nnc(Cn3c(-c4ccccc4)c[nH]c3=O)[nH]2)C1,0.0050582,342.6550,0.3373878,0.3374,0.5003968,3.4618,1.0000000,1.0000,[],9
36.0953,41.2098,-39.7213,0.0116288,CC1Oc2ccccc2N(c2ccccc2)c2ccc(N(c3ccccc3)c3ccc(-c4nc5ccccc5n4C)cc3)cc21,1,c1ccc(N(c2ccc(-c3nc4ccccc4[nH]3)cc2)c2ccc3c(c2)COc2ccccc2N3c2ccccc2)cc1,0.0098048,349.8930,0.2015164,0.2015,0.5331470,3.1448,1.0000000,1.0000,[],9
41.1486,41.0332,-41.0332,0.0000000,CC(C)(c1cc2n(c3cc(ccc3c2cc1)C(C)(C)C)-c1c(cc(cc1)C#N)-n1c2c(c3c(cc(cc3)C(C)(C)C)c1)ccc(c2)C(C)(C)C)C,0,,0.0000000,0.0000,0.0000000,0.0000,0.0000000,0.0000,0.0000000,0.0000,None,9
32.6068,36.0255,-6.7712,0.2285491,c1csc(-c2cccc3[nH]c(-c4n[nH]c5ccc(-c6ncc(-c7ccncc7)[nH]6)nc45)cc23)c1,1,c1csc(-c2cccc3[nH]c(-c4n[nH]c5ccc(-c6ncc(-c7ccncc7)[nH]6)nc45)cc23)c1,0.2227277,386.4300,0.2881009,0.2881,0.5500353,2.9889,1.0000000,1.0000,[],9
25.5807,26.2628,-26.2628,0.0000000,COc1ccc(C(Cc2ccc(C)cc2)NN)c(F)c1,1,c1ccc(CCc2ccccc2)cc1,0.0000000,0.0000,0.0000000,0.0000,0.0000000,0.0000,0.0000000,0.0000,['[#7;!n][#7;!n]'],9
24.7841,26.6969,-26.6939,0.0000236,COc1ccc(S(=O)(=O)n2cc(-c3ccccc3)cn2)cc1,1,O=S(=O)(c1ccccc1)n1cc(-c2ccccc2)cn1,0.0000137,278.4123,0.7427220,0.7427,0.6699786,2.0025,1.0000000,1.0000,[],9
34.6273,38.4655,-4.9146,0.2621160,Cn1ncc2c(=O)n(-c3ccc(NCc4c5ccccc5cc5ccccc45)cc3)cnc21,1,O=c1c2cn[nH]c2ncn1-c1ccc(NCc2c3ccccc3cc3ccccc23)cc1,0.2540751,388.3067,0.3974194,0.3974,0.6167513,2.4164,1.0000000,1.0000,[],9
23.5303,24.0346,-24.0277,0.0000542,Cc1nc(CC(C)(C)C)sc1C#N,1,c1cscn1,0.0000331,287.9967,0.6888907,0.6889,0.5492835,2.9957,1.0000000,1.0000,[],9
34.0957,35.7903,-35.4522,0.0026411,c1cnc2c(c1)Cc1cc3cc(C4CCCCC4)sc3cc1-2,1,c1cnc2c(c1)Cc1cc3cc(C4CCCCC4)sc3cc1-2,0.0020079,332.5902,0.4254536,0.4255,0.5834039,2.6944,1.0000000,1.0000,[],9
43.1231,45.4494,-43.8370,0.0125971,CS(=O)(=O)N1CCCC(Cc2ccc(NC(=O)c3noc4cc(C#N)ccc34)cc2)C1,1,O=C(Nc1ccc(CC2CCCNC2)cc1)c1noc2ccccc12,0.0102699,350.4012,0.6539986,0.6540,0.5506821,2.9830,1.0000000,1.0000,[],9
38.0714,40.4167,-35.2768,0.0401556,c1ccc(-c2nc(-c3cccnc3)nc(-c3cccc4c3c3cccc5c6ccccc6n4c53)n2)cc1,1,c1ccc(-c2nc(-c3cccnc3)nc(-c3cccc4c3c3cccc5c6ccccc6n4c53)n2)cc1,0.0357286,364.2204,0.2679292,0.2679,0.5983896,2.5676,1.0000000,1.0000,[],9
37.6460,42.5326,73.7913,0.9087805,CCCNc1nc2c(O)c3nonc3c(N)c2[nH]1,1,c1nc2cc3nonc3cc2[nH]1,0.9438516,430.6392,0.4050197,0.4050,0.5056028,3.4100,1.0000000,1.0000,[],9
22.0996,25.7740,-25.7685,0.0000429,C=CCOc1ccc(-c2ccc(OC)cc2)cc1OC,1,c1ccc(-c2ccccc2)cc1,0.0000257,285.2317,0.7441580,0.7442,0.7112669,1.7035,1.0000000,1.0000,[],9
35.6484,36.4450,-34.0435,0.0187621,[N-]=[N+]=NC(=O)c1ccccc1NS(=O)(=O)CN,1,c1ccccc1,0.0157829,355.1274,0.4661831,0.4662,0.5589504,2.9085,1.0000000,1.0000,[],9
31.2977,35.1219,-35.1219,0.0000000,O=C1OC(=O)C2(Sc3ccccc3)Cc3ccccc3C=C12,1,O=C1OC(=O)C2(Sc3ccccc3)Cc3ccccc3C=C12,0.0000000,0.0000,0.0000000,0.0000,0.0000000,0.0000,0.0000000,0.0000,"['C(=[O,S])[O,S]']",9
19.5900,22.4243,-22.3322,0.0007189,Nc1cc2c(cc1Cl)OCO2,1,c1ccc2c(c1)OCO2,0.0005035,317.5560,0.6040627,0.6041,0.6556829,2.1104,1.0000000,1.0000,[],9
20.1384,21.1191,-19.1403,0.0154594,CC(=O)c1ccc(C)cc1N(C)C,1,c1ccccc1,0.0126886,352.7240,0.6457318,0.6457,0.6797914,1.9298,1.0000000,1.0000,[],9
61.6262,69.7310,-69.7310,0.0000000,Cc1ccc(-c2sc(-c3ccc(OCCOc4ccc(-c5ccc(C(=O)O)s5)cc4)cc3-c3ccc(-c4ccc(-c5ccc(-c6ccc(-c7cccs7)s6)s5)cc4)s3)c3sccc23)s1,1,c1csc(-c2ccc(OCCOc3ccc(-c4sc(-c5cccs5)c5ccsc45)c(-c4ccc(-c5ccc(-c6ccc(-c7ccc(-c8cccs8)s7)s6)cc5)s4)c3)cc2)c1,0.0000000,0.0000,0.0000000,0.0000,0.0000000,0.0000,0.0000000,0.0000,"['C(=[O,S])[O,S]']",9
26.3219,28.9158,-28.7383,0.0013873,COc1cccc(-c2cc3ccccc3oc2=O)c1,1,O=c1oc2ccccc2cc1-c1ccccc1,0.0010017,325.0296,0.6554643,0.6555,0.7039563,1.7552,1.0000000,1.0000,[],9
41.2005,43.7991,-43.6363,0.0012721,COc1ccc(-c2cnc(CNc3nc(-c4ccc(F)c(F)c4)nc4ccccc34)nc2)cc1,1,c1ccc(-c2cnc(CNc3nc(-c4ccccc4)nc4ccccc34)nc2)cc1,0.0009346,324.2753,0.3566093,0.3566,0.6218451,2.3753,1.0000000,1.0000,[],9
32.7867,32.1294,-31.9171,0.0016590,O=C(NCC1COc2ccccc2O1)c1nn(Cc2ccccc2)cc1[N+](=O)[O-],1,O=C(NCC1COc2ccccc2O1)c1ccn(Cc2ccccc2)n1,0.0012243,327.2107,0.5080169,0.5080,0.5730323,2.7841,1.0000000,1.0000,[],9
76.2428,82.7615,-82.7615,0.0000000,CCCCCCN(CCCC)c1ccc(N=Cc2cccc3c2C(=O)c2cc4c(C=C5C=Nc6ncccc65)c(c(=O)c2C3(C)C)-c2ccccc2-4)cc1,1,O=C1c2cc3c(C=C4C=Nc5ncccc54)c(c(=O)c2Cc2cccc(C=Nc4ccccc4)c21)-c1ccccc1-3,0.0000000,0.0000,0.0935767,0.0936,0.4138454,4.4113,1.0000000,1.0000,[],9
25.2700,26.4954,-23.9481,0.0199012,Nc1nc(Cl)c(C=O)c2ccccc12,1,c1ccc2cnccc2c1,0.0166466,355.7154,0.5754098,0.5754,0.6180338,2.4061,1.0000000,1.0000,[],9
57.2203,59.2876,47.5156,0.8343997,N#Cc1c(N2CCNCC2)ccc2cc(C=Cc3ccc(Nc4cccc5ccc6c(c45)CCCN6)cc3)[nH]c12,1,C(=Cc1cc2ccc(N3CCNCC3)cc2[nH]1)c1ccc(Nc2cccc3ccc4c(c23)CCCN4)cc1,0.8811007,421.7462,0.2017059,0.2017,0.5283447,3.1900,1.0000000,1.0000,[],9
57.8105,61.3826,-61.3826,0.0000000,CCOC(=O)c1ccccc1C(=O)N1CCC2=C(C(=O)Nc3ccccc3Cl)C(O)N(C)C(=O)C21,1,O=C(Nc1ccccc1)C1=C2CCN(C(=O)c3ccccc3)C2C(=O)NC1,0.0000000,0.0000,0.0000000,0.0000,0.0000000,0.0000,0.0000000,0.0000,"['C(=[O,S])[O,S]']",10
54.7346,57.8804,3.2137,0.4772978,N#Cc1cc2cc(-c3ccc4c(c3)N(c3ccccc3)c3ccccc3C4)ccc2c2c1[nH]c1cc3ccccc3nc12,1,c1ccc(N2c3ccccc3Cc3ccc(-c4ccc5c(ccc6[nH]c7cc8ccccc8nc7c65)c4)cc32)cc1,0.4865656,399.4164,0.2338390,0.2338,0.5583171,2.9141,1.0000000,1.0000,[],10
42.4616,44.6599,-42.6994,0.0153163,CC(C)n1cc(-c2ccc3ncc(C(=O)N(C)C)cc3c2)c2cn(C)nc2c1=O,1,O=c1[nH]cc(-c2ccc3ncccc3c2)c2c[nH]nc12,0.0126846,352.7205,0.5392254,0.5392,0.5681486,2.8269,1.0000000,1.0000,[],10
37.5830,39.3117,-39.3117,0.0000000,CC12Cc3c(c4cc(O)ccc4oc3=O)C1(C)CCC(=O)O2,1,O=C1CCC2c3c(c(=O)oc4ccccc34)CC2O1,0.0000000,0.0000,0.0000000,0.0000,0.0000000,0.0000,0.0000000,0.0000,"['C(=[O,S])[O,S]']",10
34.7027,36.6722,-36.6722,0.0000000,Cc1cc(N)c2cccc(OC3=CC=C(C(=O)O)CC3)c2n1,1,C1=CCCC(Oc2cccc3cccnc23)=C1,0.0000000,0.0000,0.0000000,0.0000,0.0000000,0.0000,0.0000000,0.0000,"['C(=[O,S])[O,S]']",10
43.4772,46.5847,-12.5269,0.2660762,Cc1cc(N=P(c2ccccc2)(c2ccccc2)c2ccccc2O)ccc1Nc1ncccc1C(N)=O,1,c1ccc(P(=Nc2ccc(Nc3ccccn3)cc2)(c2ccccc2)c2ccccc2)cc1,0.2628919,388.8062,0.2390252,0.2390,0.5536308,2.9563,1.0000000,1.0000,[],10
50.1382,51.6878,-51.6264,0.0004801,Cc1ccc(C(=O)CCC(=O)N2CCC(c3ccc(F)cc3)(c3ccc(OCCCNC(=O)c4ccc(F)cc4)cc3)CC2)cc1,1,O=C(CCC(=O)N1CCC(c2ccccc2)(c2ccc(OCCCNC(=O)c3ccccc3)cc2)CC1)c1ccccc1,0.0003458,313.4750,0.1355375,0.1355,0.5930979,2.6120,1.0000000,1.0000,[],10
49.3519,50.4129,-48.7303,0.0131447,COc1ccccc1-c1cccc(CN2CCCC(c3ccc(C(=O)NS(C)(=O)=O)c(N)c3)C2)c1,1,c1ccc(-c2cccc(CN3CCCC(c4ccccc4)C3)c2)cc1,0.0108381,350.9921,0.4823830,0.4824,0.5653353,2.8517,1.0000000,1.0000,[],10
54.7561,57.6936,-2.2753,0.4329555,COc1cc2c(C)sc(N(c3ccccc3)c3ccc(Cl)c4c(Cl)ccc(C)c34)c2s1,1,c1ccc(N(c2cccc3ccccc23)c2scc3ccsc23)cc1,0.4383968,397.3109,0.2518459,0.2518,0.5392148,3.0882,1.0000000,1.0000,[],10
56.6709,54.8893,-54.8713,0.0001400,Cn1c(Cc2cc(CC(=O)NS(=O)(=O)c3ccccn3)cc(CC3(C)CC3)n2)nc2ccccc21,1,O=C(Cc1cc(Cc2nc3ccccc3[nH]2)nc(CC2CC2)c1)NS(=O)(=O)c1ccccn1,0.0000914,299.0305,0.4068300,0.4068,0.5450168,3.0347,1.0000000,1.0000,[],10
34.1794,33.9948,-33.8194,0.0013703,O=c1nc(Nc2ccc(F)cc2)[nH]c2nc3ccc(Br)cn3c12,1,O=c1nc(Nc2ccccc2)[nH]c2nc3ccccn3c12,0.0009974,324.9826,0.5651549,0.5652,0.5847204,2.6831,1.0000000,1.0000,[],10
31.3729,39.9686,-25.7236,0.1112892,CN(C)c1ccc(C=CN(Cc2ccc(S(=O)(=O)O)cc2)c2ccc(Cl)cc2)cc1,1,C(=CN(Cc1ccccc1)c1ccccc1)c1ccccc1,0.1024082,376.4314,0.5008781,0.5009,0.6055579,2.5080,1.0000000,1.0000,[],10
39.8129,40.5642,-40.5067,0.0004493,COc1ccc2c(c1OCc1ccc(C3(N)CCC3)cc1)CCCC2=O,1,O=C1CCCc2c(OCc3ccc(C4CCC4)cc3)cccc21,0.0003038,312.0664,0.8796597,0.8797,0.6184102,2.4030,1.0000000,1.0000,[],10
34.5969,35.3069,-35.3069,0.0000000,CCCCCC=CCN1CCC(C(=O)O)=C1C,1,C1=CNCC1,0.0000000,0.0000,0.0000000,0.0000,0.0000000,0.0000,0.0000000,0.0000,"['C(=[O,S])[O,S]']",10
48.0311,48.5284,-48.5284,0.0000000,Nc1c(C(=O)O)cc2nc3ccc(O)c4c3c(c2c1S(=O)(=O)O)C(=O)C=C4,1,O=C1C=Cc2cccc3nc4ccccc4c1c23,0.0000000,0.0000,0.0000000,0.0000,0.0000000,0.0000,0.0000000,0.0000,"['C(=[O,S])[O,S]']",10
27.8044,30.8679,-30.8679,0.0000000,COc1cccc2c1C(C(=c1ccccc1=2)C#N)=O,0,,0.0000000,0.0000,0.0000000,0.0000,0.0000000,0.0000,0.0000000,0.0000,None,10
38.5120,39.1045,-38.4650,0.0049963,CC(C)NC(=O)c1cc2c(-c3ccccc3N)nn(-c3cccnc3)c2s1,1,c1ccc(-c2nn(-c3cccnc3)c3sccc23)cc1,0.0038980,339.8135,0.5287487,0.5287,0.6056890,2.5069,1.0000000,1.0000,[],10
57.3409,63.2339,-63.2339,0.0000000,COc1ccc(C)c(N2Cc3nc(N4CCN(C=O)CC4)nc(OCC4CC5(CN4C(=O)OC(C)(C)C)C(=O)Nc4ccccc45)c3C2=O)c1,1,O=C1c2c(nc(N3CCNCC3)nc2OCC2CC3(CN2)C(=O)Nc2ccccc23)CN1c1ccccc1,0.0000000,0.0000,0.0000000,0.0000,0.0000000,0.0000,0.0000000,0.0000,"['C(=[O,S])[O,S]']",10
37.8723,41.7835,-41.7835,0.0000000,c1cc2c3c4c(c(-c5cc6oc(nc6cc5)C)ccc4n3c3ccccc32)c1,0,,0.0000000,0.0000,0.0000000,0.0000,0.0000000,0.0000,0.0000000,0.0000,None,10
23.9529,23.5289,-23.5289,0.0000000,CNN1C=NNN1,1,C1=NNNN1,0.0000000,0.0000,0.0000000,0.0000,0.0000000,0.0000,0.0000000,0.0000,['[#7;!n][#7;!n]'],10
27.5886,29.8259,-29.8049,0.0001639,NCc1ccc(COc2ccccc2Nc2ccccc2)cc1,1,c1ccc(COc2ccccc2Nc2ccccc2)cc1,0.0001055,300.5808,0.7061678,0.7062,0.7178068,1.6578,1.0000000,1.0000,[],10
24.9402,25.1353,-25.1334,0.0000147,CC(C)(CO)NC(=O)c1ccc2c(c1)CCCC2,1,c1ccc2c(c1)CCCC2,0.0000083,273.0016,0.8587087,0.8587,0.6569496,2.1007,1.0000000,1.0000,[],10
49.6460,53.7792,-53.7792,0.0000000,CC(C)(C)C1(C)C(=O)N(c2ccc(O)cc2)C(=O)N1C(=O)c1c(C(=O)O)sc2c1[nH]c1ccccc12,1,O=C(c1csc2c1[nH]c1ccccc12)N1CC(=O)N(c2ccccc2)C1=O,0.0000000,0.0000,0.0000000,0.0000,0.0000000,0.0000,0.0000000,0.0000,"['C(=[O,S])[O,S]']",10
43.9696,42.3056,-42.3056,0.0000000,COc1cccc(NC(=S)N[S+]([O-])c2cc([N+](=O)[O-])c(NCC3CC3)s2)n1,1,S=C(N[SH+]c1ccc(NCC2CC2)s1)Nc1ccccn1,0.0000000,0.0000,0.0000000,0.0000,0.0000000,0.0000,0.0000000,0.0000,['[#7;!n][S;!$(S(=O)=O)]'],10
31.4360,33.1660,-33.1353,0.0002399,COc1cc(S(=O)(=O)O)ccc1Oc1ccnc(N)c1,1,c1ccc(Oc2ccncc2)cc1,0.0001571,304.9049,0.8257715,0.8258,0.6478996,2.1701,1.0000000,1.0000,[],10
26.9399,27.8122,-27.7084,0.0008112,Cc1nc2ncccn2c1-c1ccccc1F,1,c1ccc(-c2cnc3ncccn23)cc1,0.0005711,318.9249,0.6395194,0.6395,0.6325266,2.2902,1.0000000,1.0000,[],10
35.5719,38.2259,-37.7584,0.0036523,COc1ccc(C2CN(c3nccc4ccccc34)CCN2CCCCc2ccccc2)cc1,1,c1ccc(CCCCN2CCN(c3nccc4ccccc34)CC2c2ccccc2)cc1,0.0028552,336.4218,0.3013984,0.3014,0.5848609,2.6819,1.0000000,1.0000,[],10
44.9852,45.4293,-6.2673,0.3059538,CC=Cc1cc([N+](=O)[O-])c(-c2cc(-c3ccccc3)nc(-c3ccc(C#N)cc3)n2)o1,1,c1ccc(-c2cc(-c3ccco3)nc(-c3ccccc3)n2)cc1,0.3021480,390.9114,0.3012914,0.3013,0.5673898,2.8335,1.0000000,1.0000,[],10
54.1008,58.3292,-58.2447,0.0006597,COc1cc(OC)c(F)c(CC(O)C2(C)Cc3[nH]c4ccccc4c3O2)c1O,1,c1ccc(CCC2Cc3[nH]c4ccccc4c3O2)cc1,0.0004628,316.6391,0.6254990,0.6255,0.4646699,3.8321,1.0000000,1.0000,[],10
61.7768,63.3641,32.0683,0.7455659,CCOc1cc(-c2cc(C)[nH]n2)ccc1OC1CCN(c2ccc(N=CC=CC(=O)NC3CCOCC3)cn2)CC1,1,O=C(C=CC=Nc1ccc(N2CCC(Oc3ccc(-c4cc[nH]n4)cc3)CC2)nc1)NC1CCOCC1,0.7752401,413.4429,0.2719232,0.2719,0.5301663,3.1728,1.0000000,1.0000,[],10
48.5132,57.1537,-57.1537,0.0000000,COC(=O)c1c2c3cnc4ccccc4n(c1C)-c1ccccc1C=c1sc(n(c1=O)C2c1ccc(N(C)C)cc1)=N3,1,O=c1c2sc3n1C(c1ccccc1)c1ccn(c4ccccc4ncc1N=3)-c1ccccc1C=2,0.0000000,0.0000,0.0000000,0.0000,0.0000000,0.0000,0.0000000,0.0000,"['[*;r{8-17}]', 'C(=[O,S])[O,S]']",10
44.4493,44.7522,-44.7183,0.0002650,CC(=O)c1ccc2c(c1)C1CCC(C1C1CCCCC1)S2(=O)=O,1,O=S1(=O)c2ccccc2C2CCC1C2C1CCCCC1,0.0001766,306.1750,0.7655724,0.7656,0.4062328,4.5041,1.0000000,1.0000,[],10
25.5772,27.0156,-27.0122,0.0000261,CC1C=Cn2c(=O)n(C)c(=O)n21,1,O=c1[nH]c(=O)n2n1C=CC2,0.0000156,279.7966,0.5174170,0.5174,0.4256283,4.2709,1.0000000,1.0000,[],10
27.2617,29.9816,54.8455,0.6627118,COc1ccc(C(O)=C2C(=O)C(=O)N(c3nc4ccc(C)cc4s3)C2c2ccco2)cc1,1,O=C1C(=O)N(c2nc3ccccc3s2)C(c2ccco2)C1=Cc1ccccc1,0.6836656,408.3674,0.2741403,0.2741,0.5678049,2.8299,1.0000000,1.0000,[],10
24.9355,24.8722,-24.8722,0.0000000,CN(N=Cc1ccccc1)C(c1ccccc1)c1ccccc1,1,C(=NNC(c1ccccc1)c1ccccc1)c1ccccc1,0.0000000,0.0000,0.0000000,0.0000,0.0000000,0.0000,0.0000000,0.0000,['[#7;!n][#7;!n]'],10
25.8498,27.9155,-27.7507,0.0012872,Nc1ncc(-c2ccc(C(F)(F)F)cc2)c(-c2ccc(Cl)cc2)n1,1,c1ccc(-c2cncnc2-c2ccccc2)cc1,0.0009250,324.1631,0.7027588,0.7028,0.6623295,2.0600,1.0000000,1.0000,[],10
46.1964,51.7314,-51.7314,0.0000000,Cc1cc(cc(C)c1N1c2c3B(c4cc(ccc4N(c4ccc(-c5c(cc(C)cc5C)C)cc4)c3s1)C)c1ccc(cc1O2)C(C)(C)C)-c1ccc(cc1)C,0,,0.0000000,0.0000,0.0000000,0.0000,0.0000000,0.0000,0.0000000,0.0000,None,10
23.7368,25.0136,-16.5590,0.0660515,COc1ccc(OC)c(C(=O)C=Cc2ccc(Cl)cc2)c1,1,O=C(C=Cc1ccccc1)c1ccccc1,0.0585887,369.8509,0.6115248,0.6115,0.6971843,1.8035,1.0000000,1.0000,[],10
54.9207,58.0005,59.6666,0.9192741,COc1ccc(Nc2cnc3n2C(=O)c2cc(NCCCCCCC(=O)N4CCCC4)ccc2C3=O)cc1OC,1,O=C1c2ccc(NCCCCCCC(=O)N3CCCC3)cc2C(=O)n2c(Nc3ccccc3)cnc21,0.9684844,482.8108,0.2426585,0.2427,0.5693223,2.8165,1.0000000,1.0000,[],10
23.2872,24.1707,-24.1707,0.0000000,O=C(O)c1ccc(Oc2ccccc2Oc2ccccc2)cc1,1,c1ccc(Oc2ccccc2Oc2ccccc2)cc1,0.0000000,0.0000,0.0000000,0.0000,0.0000000,0.0000,0.0000000,0.0000,"['C(=[O,S])[O,S]']",10
35.2504,37.5495,-32.8576,0.0366556,CC(=O)N1C(=O)c2ccccc2N(C)C12C=Cc1ccccc12,1,O=C1NC2(C=Cc3ccccc32)Nc2ccccc21,0.0315752,362.8320,0.7510113,0.7510,0.4727295,3.7462,1.0000000,1.0000,[],10
21.5773,22.2030,-21.9096,0.0022927,O=Cc1cc2c(cc1Br)OCCCO2,1,c1ccc2c(c1)OCCCO2,0.0016989,330.7729,0.7245724,0.7246,0.6219234,2.3747,1.0000000,1.0000,[],10
24.8721,29.9165,-20.7077,0.0719439,O=C(NCc1ccccc1)C(=O)n1c2ccccc2c(=O)c2ccccc21,1,O=C(NCc1ccccc1)C(=O)n1c2ccccc2c(=O)c2ccccc21,0.0648398,371.0239,0.4432033,0.4432,0.6566344,2.1031,1.0000000,1.0000,[],10
18.6504,20.5370,-20.5348,0.0000168,c1ccc(Cc2nc3ccccc3o2)cc1,1,c1ccc(Cc2nc3ccccc3o2)cc1,0.0000096,274.5738,0.6459665,0.6460,0.7163972,1.6676,1.0000000,1.0000,[],10
63.1635,65.4178,-65.0740,0.0026863,CCn1c(-c2nc3cc(Cl)ccc3n2C)nc2cc(-n3nc(N(C)CCc4ccccc4)sc3=O)c(C)cc21,1,O=c1sc(NCCc2ccccc2)nn1-c1ccc2[nH]c(-c3nc4ccccc4[nH]3)nc2c1,0.0020829,332.9893,0.2457685,0.2458,0.5435998,3.0477,1.0000000,1.0000,[],10
35.8108,35.8457,-35.8457,0.0000000,CC(=N)N(C(=O)OC(C)(C)C)C1=ICCCC1,1,C1=ICCCC1,0.0000000,0.0000,0.0000000,0.0000,0.0000000,0.0000,0.0000000,0.0000,"['C(=[O,S])[O,S]']",10
32.1047,31.4345,-31.3597,0.0005846,Cn1nccc1-c1ccccc1-c1cc(N)ccc1F,1,c1ccc(-c2ccccc2-c2ccn[nH]2)cc1,0.0004028,315.1327,0.7223643,0.7224,0.6491212,2.1607,1.0000000,1.0000,[],10
47.1007,49.3151,-48.7133,0.0047016,COc1ccccc1NC(=O)c1ccc(CCc2c3c(nc4ccccc24)CN(C)CC3)c(C)c1,1,O=C(Nc1ccccc1)c1ccc(CCc2c3c(nc4ccccc24)CNCC3)cc1,0.0036866,339.2058,0.4040720,0.4041,0.6133929,2.4437,1.0000000,1.0000,[],10
55.0415,56.2310,-56.1855,0.0003552,COCCC(Nc1nc(N)n2ncc(C3CCC(N4CCN(c5ccc(OC)cc5)CC4)CC3)c2n1)OC,1,c1ccc(N2CCN(C3CCC(c4cnn5cncnc45)CC3)CC2)cc1,0.0002446,309.7154,0.3836041,0.3836,0.4947888,3.5181,1.0000000,1.0000,[],10
27.4770,28.5560,-27.8164,0.0057784,O=C(NC1CCCCC1)c1cc2cccnc2[nH]c1=O,1,O=C(NC1CCCCC1)c1cc2cccnc2[nH]c1=O,0.0044639,341.2914,0.8767045,0.8767,0.6524545,2.1351,1.0000000,1.0000,[],10
33.2062,31.7056,-31.7056,0.0000001,CC(C)=CCC1(C)C(O)CCC2CC(O)CCC21C,1,C1CCC2CCCCC2C1,0.0000000,216.6039,0.7486635,0.7487,0.4223403,4.3097,1.0000000,1.0000,[],10
27.9231,29.2026,88.6422,0.9206627,O=c1[nH]c(=O)c2c([nH]1)=NC(c1ccc(Br)cc1)N=c1ccccc1=2,1,O=c1[nH]c(=O)c2c([nH]1)=NC(c1ccccc1)N=c1ccccc1=2,0.9428725,430.4402,0.6582629,0.6583,0.4908105,3.5585,1.0000000,1.0000,[],10
43.1410,42.2544,-42.2519,0.0000192,CC(=NCCO)Oc1c(C)cc(-c2ccc(COc3ccccc3)cc2)cc1C,1,c1ccc(OCc2ccc(-c3ccccc3)cc2)cc1,0.0000112,276.2426,0.4383315,0.4383,0.6142656,2.4366,1.0000000,1.0000,[],10
22.9527,23.4206,-23.4206,0.0000000,C1=CC=C2C=CC=NN2C=C1,1,C1=CC=C2C=CC=NN2C=C1,0.0000000,0.0000,0.0000000,0.0000,0.0000000,0.0000,0.0000000,0.0000,['[#7;!n][#7;!n]'],10
25.5954,26.2223,-26.2223,0.0000000,CC(=O)c1nc(-c2ccccc2)sc1C(=O)O,1,c1ccc(-c2nccs2)cc1,0.0000000,0.0000,0.0000000,0.0000,0.0000000,0.0000,0.0000000,0.0000,"['C(=[O,S])[O,S]']",10
59.5466,60.4658,-60.4658,0.0000000,CCCCC(CC)C(=O)OC1CCC2(OC)c3c4ccc5c3C12CCN(C)C5C4,1,c1cc2c3c4c1CC2NCCC31CCCC41,0.0000000,0.0000,0.0000000,0.0000,0.0000000,0.0000,0.0000000,0.0000,"['C(=[O,S])[O,S]']",10
24.2709,24.0956,-24.0507,0.0003506,CCN(CC)c1cc[n+](C(C)C)cc1,1,c1cc[nH+]cc1,0.0002364,309.3440,0.6660132,0.6660,0.5742607,2.7734,1.0000000,1.0000,[],10
21.5815,24.0722,-24.0434,0.0002245,Clc1ccc(-c2nc(-c3ccco3)no2)cc1,1,c1ccc(-c2nc(-c3ccco3)no2)cc1,0.0001471,304.1953,0.6925446,0.6925,0.6750166,1.9651,1.0000000,1.0000,[],10
29.8551,30.9797,-30.8464,0.0010415,CCc1ccc2nc(-c3ccc(-n4cccn4)cc3)oc2c1,1,c1ccc2oc(-c3ccc(-n4cccn4)cc3)nc2c1,0.0007454,321.8176,0.5662434,0.5662,0.6534279,2.1276,1.0000000,1.0000,[],10
42.0331,48.2251,-45.9136,0.0180589,CCn1c(-c2ccc3c(c2)oc2cc(N(c4ccccc4)c4ccccc4)ccc23)cc2cnc3c4ccccc4n(-c4ccccc4)c3c21,1,c1ccc(N(c2ccccc2)c2ccc3c(c2)oc2cc(-c4cc5cnc6c7ccccc7n(-c7ccccc7)c6c5[nH]4)ccc23)cc1,0.0156298,355.0199,0.1807844,0.1808,0.5445505,3.0390,1.0000000,1.0000,[],10
39.2306,41.5833,-32.7189,0.0692529,Nc1nc(-c2ccccc2O)nc2ccc(N3CCC4(CCSC4)CC3)cc12,1,c1ccc(-c2ncc3cc(N4CCC5(CCSC5)CC4)ccc3n2)cc1,0.0617621,370.4602,0.6768986,0.6769,0.5209504,3.2605,1.0000000,1.0000,[],10
26.1952,26.9427,-26.9418,0.0000069,Fc1ccc(-n2cnc(SC(F)(F)F)n2)cc1,1,c1ccc(-n2cncn2)cc1,0.0000038,264.4198,0.6160654,0.6161,0.5998513,2.5554,1.0000000,1.0000,[],10
31.2608,31.4060,-30.1714,0.0096451,CN1CCN(C(=O)c2cc3ccccc3n(Cc3cccc(C(F)(F)F)c3)c2=O)CC1,1,O=C(c1cc2ccccc2n(Cc2ccccc2)c1=O)N1CCNCC1,0.0077339,347.2943,0.6408110,0.6408,0.6400836,2.2308,1.0000000,1.0000,[],10
25.4963,23.9197,-23.9165,0.0000248,CC(NCCCO)c1ccc(O)cc1,1,c1ccccc1,0.0000145,279.0565,0.6228275,0.6228,0.6282771,2.3239,1.0000000,1.0000,[],10
21.9715,23.4631,-23.4621,0.0000079,Cc1nc2c(CNC3CC3)cccc2[nH]1,1,c1cc(CNC2CC2)c2nc[nH]c2c1,0.0000043,265.8448,0.7982505,0.7983,0.6362459,2.2609,1.0000000,1.0000,[],11
30.2241,33.1056,-32.6234,0.0037671,CC(=O)c1c(C(F)(F)F)nc2nc(-c3ccccc3)ccn12,1,c1ccc(-c2ccn3ccnc3n2)cc1,0.0028732,336.4905,0.6794023,0.6794,0.6021492,2.5363,1.0000000,1.0000,[],11
31.6750,30.9882,-30.6898,0.0023309,COc1ccc(C(NCc2cnn3cccnc23)C2CC2)cc1,1,c1ccc(C(NCc2cnn3cccnc23)C2CC2)cc1,0.0017299,330.9694,0.7604189,0.7604,0.5599767,2.8993,1.0000000,1.0000,[],11
25.3525,25.8532,-25.8514,0.0000147,Cc1ccc(S(=O)(=O)NS(=O)(=O)CC#N)cc1,1,c1ccccc1,0.0000083,272.9567,0.8397593,0.8398,0.6179284,2.4069,1.0000000,1.0000,[],11
55.6860,60.1342,-60.1342,0.0000000,c12n3c([C@H](C)N(C)C([C@@H]3c3ccc(N4CC5(C4)CN(c4ccccc4)CC5)c3)=O)nc2cccc1,0,,0.0000000,0.0000,0.0000000,0.0000,0.0000000,0.0000,0.0000000,0.0000,None,11
125.3967,136.7264,-136.7264,0.0000000,C(C(C)(c1c(CC(O)=O)ccc(C)c1O)C)N1OC(Oc2cc3c(c8ccccc3cc2)=N)(c2ccc(cc2)N(C)C)N(C1)c1ccc(cc1)Sc1c2c(ccc(c2)N(c2ccc(cc2)OC)c2ccc(cc2)OC)c2c(n1)ccc(c2)N(C)C,0,,0.0000000,0.0000,0.0000000,0.0000,0.0000000,0.0000,0.0000000,0.0000,None,11
27.0225,25.9791,-25.7686,0.0016441,CC1CCN(CCCNC(=O)C=Cc2ccccc2Cl)CC1,1,O=C(C=Cc1ccccc1)NCCCN1CCCCC1,0.0012002,326.9943,0.6414591,0.6415,0.6634492,2.0515,1.0000000,1.0000,[],11
38.1372,41.4305,-25.9274,0.1211175,CN(C(=O)c1ccc2c(c1)n(C)c1nc(-c3ccc([N+](=O)[O-])cc3)cn21)c1ccccc1,1,O=C(Nc1ccccc1)c1ccc2c(c1)[nH]c1nc(-c3ccccc3)cn12,0.1136663,377.7009,0.3091103,0.3091,0.6062619,2.5022,1.0000000,1.0000,[],11
28.7989,31.0235,-31.0235,0.0000000,COC(=O)C(C#N)c1ccc(-c2ccc3ccccc3c2)cc1,1,c1ccc(-c2ccc3ccccc3c2)cc1,0.0000000,0.0000,0.0000000,0.0000,0.0000000,0.0000,0.0000000,0.0000,"['C(=[O,S])[O,S]']",11
37.2908,38.4366,-38.4366,0.0000000,C1c2c3C45C1C=Cc5ccc4ccc2C(C)(CC3)C,0,,0.0000000,0.0000,0.0000000,0.0000,0.0000000,0.0000,0.0000000,0.0000,None,11
28.6153,31.3065,2.8143,0.2665691,O=[N+]([O-])c1ccc(O)c(C=Nc2ccc(Nc3cccc4ccccc34)cc2)c1,1,C(=Nc1ccc(Nc2cccc3ccccc23)cc1)c1ccccc1,0.2621568,388.7649,0.2532452,0.2532,0.6361035,2.2620,1.0000000,1.0000,[],11
57.5222,59.0431,-59.0431,0.0000000,CCCOCCOCCOCCOCCOCCOCCOCCC(=O)Oc1cc2c(c3c[n+](C4CCCCC4)ccc13)C(N)=NC2,1,C1=NCc2ccc3cc[n+](C4CCCCC4)cc3c21,0.0000000,0.0000,0.0000000,0.0000,0.0000000,0.0000,0.0000000,0.0000,"['C(=[O,S])[O,S]']",11
55.4783,57.3656,-32.2530,0.1961923,CCOC1=CC2=NC(=O)C3C=CC4(c5ccc(OC)cc5)C(=O)N(c5ccc(C)cc5)C(=O)C4C3C2(C)C=C1,1,O=C1N=C2C=CC=CC2C2C1C=CC1(c3ccccc3)C(=O)N(c3ccccc3)C(=O)C21,0.1887005,384.1648,0.4194698,0.4195,0.3988689,4.5956,1.0000000,1.0000,[],11
29.1355,30.1143,-30.0979,0.0001276,CN(C)C1CCN(c2ccc3c(c2)NC(=O)C3)C1=O,1,O=C1Cc2ccc(N3CCCC3=O)cc2N1,0.0000811,297.7213,0.8563198,0.8563,0.5400330,3.0806,1.0000000,1.0000,[],11
71.5879,81.0274,-36.9580,0.3442925,N#Cc1ccc2c(c1)C(N1CCC3(NS(=O)(=O)c4cc(C=Cc5cnc(N)nc5N)cc(N)c4O)CC3C1)c1ccccc1C2=O,1,O=C1c2ccccc2C(N2CCC3(NS(=O)(=O)c4cccc(C=Cc5cncnc5)c4)CC3C2)c2ccccc21,0.3520324,393.3757,0.1534555,0.1535,0.4024656,4.5507,1.0000000,1.0000,[],11
50.4724,53.8299,-53.8299,0.0000000,COC(=O)c1ccccc1-n1cc(-c2ccc(N(c3ccc(O)cc3)c3cc(OC)c(OC)c(OC)c3)nc2)nn1,1,c1ccc(N(c2ccccc2)c2ccc(-c3cn(-c4ccccc4)nn3)cn2)cc1,0.0000000,0.0000,0.0000000,0.0000,0.0000000,0.0000,0.0000000,0.0000,"['C(=[O,S])[O,S]']",11
29.2367,35.4200,-35.4200,0.0000000,COc1ccc2nc(NC(=O)C(Cc3ccccc3)NC(=O)O)sc2c1,1,O=C(CCc1ccccc1)Nc1nc2ccccc2s1,0.0000000,0.0000,0.0000000,0.0000,0.0000000,0.0000,0.0000000,0.0000,"['C(=[O,S])[O,S]']",11
34.4711,39.8006,-39.8006,0.0000000,N#Cc1ccc(Nc2nc(C(=O)NNC(=O)c3ccccc3)c3ccccc3n2)cc1,1,O=C(NNC(=O)c1nc(Nc2ccccc2)nc2ccccc12)c1ccccc1,0.0000000,0.0000,0.0000000,0.0000,0.0000000,0.0000,0.0000000,0.0000,['[#7;!n][#7;!n]'],11
48.3450,51.6304,-51.5994,0.0002425,COc1ccc(Oc2cccc(Oc3c(OC)ccc4c3SCC4)c2-c2cc(OC)c(OC)c(OC)c2)cc1,1,c1ccc(Oc2cccc(Oc3cccc4c3SCC4)c2-c2ccccc2)cc1,0.0001665,305.5342,0.2011829,0.2012,0.5821577,2.7051,1.0000000,1.0000,[],11
23.4650,29.7699,-29.6383,0.0010283,CCCCCCOc1ccc(N(c2ccc(OCCCC)cc2)c2ccc(OCCCC)cc2)cc1,1,c1ccc(N(c2ccccc2)c2ccccc2)cc1,0.0007625,322.0650,0.1766609,0.1767,0.6723650,1.9848,1.0000000,1.0000,[],11
35.1720,36.2750,-34.4182,0.0145059,Cc1cccc(N2C(=O)COC23Oc2ccccc2C3=O)c1,1,O=C1COC2(Oc3ccccc3C2=O)N1c1ccccc1,0.0118661,351.9873,0.8097058,0.8097,0.4842990,3.6253,1.0000000,1.0000,[],11
26.5178,29.8293,-28.8141,0.0079313,c1ccc(N(c2ccccc2)c2ccc(Nc3cccc(-c4ccccn4)c3)cc2)cc1,1,c1ccc(N(c2ccccc2)c2ccc(Nc3cccc(-c4ccccn4)c3)cc2)cc1,0.0064378,345.2885,0.3059170,0.3059,0.6667293,2.0269,1.0000000,1.0000,[],11
43.4961,46.6985,-44.7310,0.0153711,CCCCCCc1ccc(-c2ccc(-c3ccc(-c4ccc(-n5c6ccccc6c6oc7cc(-c8ccc(CCCCCC)cc8)ccc7c65)cc4)s3)cc2)cc1,1,c1ccc(-c2ccc(-c3ccc(-c4ccc(-n5c6ccccc6c6oc7cc(-c8ccccc8)ccc7c65)cc4)s3)cc2)cc1,0.0134593,353.3727,0.0951653,0.0952,0.5481978,3.0056,1.0000000,1.0000,[],11
27.0594,28.2300,-28.2300,0.0000000,CCCCCCCCCCCCCCCCCCCCCCCC(=O)Oc1cc(O)ccc1O,1,c1ccccc1,0.0000000,0.0000,0.0000000,0.0000,0.0000000,0.0000,0.0000000,0.0000,"['C(=[O,S])[O,S]']",11
44.2232,44.8424,-44.8424,0.0000000,COC(=O)Nc1ccc(N=c2oc3c(Cl)cncc3n2C=O)cc1,1,c1ccc(N=c2[nH]c3cnccc3o2)cc1,0.0000000,0.0000,0.0000000,0.0000,0.0000000,0.0000,0.0000000,0.0000,"['C(=[O,S])[O,S]']",11
32.3083,36.2912,-29.0805,0.0563332,COc1ccc(S(=O)(=O)N2Cc3ccccc3C2=C2C(=O)Nc3ccccc32)cc1,1,O=C1Nc2ccccc2C1=C1c2ccccc2CN1S(=O)(=O)c1ccccc1,0.0495755,367.9337,0.6580705,0.6581,0.6103767,2.4684,1.0000000,1.0000,[],11
28.6797,30.1328,-29.8194,0.0024481,CC(C)C(=O)Nc1cnc(-c2ccc(N(C)C)cc2)o1,1,c1ccc(-c2ncco2)cc1,0.0018060,331.4373,0.9299563,0.9300,0.6235471,2.3617,1.0000000,1.0000,[],11
38.6116,41.9943,-41.0252,0.0075715,c1ccc(-c2c3ccccc3n3c4ccccc4n(-c4cccc(Oc5ccc(-c6ccc(N(c7ccccc7)c7ccccc7)cc6)cc5)c4)c23)cc1,1,c1ccc(-c2c3ccccc3n3c4ccccc4n(-c4cccc(Oc5ccc(-c6ccc(N(c7ccccc7)c7ccccc7)cc6)cc5)c4)c23)cc1,0.0062809,345.0190,0.1580119,0.1580,0.5687001,2.8220,1.0000000,1.0000,[],11
29.6555,29.5031,-29.4380,0.0005087,Cc1ccc(C(=O)NCc2c(OCc3cccc(Br)c3)ccc3ccccc23)cc1,1,O=C(NCc1c(OCc2ccccc2)ccc2ccccc12)c1ccccc1,0.0003553,313.7700,0.3607267,0.3607,0.6778747,1.9440,1.0000000,1.0000,[],11
65.8036,67.4509,-39.2513,0.2203096,CC=C(C)N=C(C(=O)N1CC(c2ccccc2)C1c1ccccc1)c1nc(C)c2ncc(N3CCOCC3)cc2n1,1,N=C(C(=O)N1CC(c2ccccc2)C1c1ccccc1)c1ncc2ncc(N3CCOCC3)cc2n1,0.2148357,385.9286,0.3073439,0.3073,0.4417546,4.0850,1.0000000,1.0000,[],11
39.4017,42.8993,-40.8048,0.0163639,Cn1c(=O)c2c(Cl)c(N3CCC(CC#N)CC3)ccc2n2cnnc12,1,O=c1[nH]c2nncn2c2ccc(N3CCCCC3)cc12,0.0135004,353.4063,0.7038884,0.7039,0.5390025,3.0902,1.0000000,1.0000,[],11
65.6405,73.5173,11.5330,0.6644550,CN(CCC[n+]1ncc(-c2cc(-c3ccc(NC=O)cc3)c3c(c2N)N=S=N3)c2ccccc21)Cc1ccc(N(C)C)cc1,1,c1ccc(CNCCC[n+]2ncc(-c3cc4c(c(-c5ccccc5)c3)N=S=N4)c3ccccc32)cc1,0.7096484,510.2970,0.1024937,0.1025,0.4815942,3.6533,1.0000000,1.0000,[],11
58.4314,59.7131,-59.0535,0.0051530,C=C(C=CC)c1cccc(-c2ccc(N(c3ccc(-c4ccccc4)cc3)c3ccc(-c4c(-c5ccccc5)cc(-c5ccccc5)c(-c5ccccc5)c4-c4ccccc4N)cc3)cc2)c1,1,c1ccc(-c2ccc(N(c3ccc(-c4ccccc4)cc3)c3ccc(-c4c(-c5ccccc5)cc(-c5ccccc5)c(-c5ccccc5)c4-c4ccccc4)cc3)cc2)cc1,0.0042594,340.7801,0.0979548,0.0980,0.5278105,3.1951,1.0000000,1.0000,[],11
52.0024,60.5731,-60.5731,0.0000000,c12c3c(sc1=CC=CC=C2)n(-c1ccc(-c2cc1ccc1c2cccc1)c1ccccc1n3)=O,0,,0.0000000,0.0000,0.0000000,0.0000,0.0000000,0.0000,0.0000000,0.0000,None,11
31.6520,31.5891,-31.5828,0.0000499,COc1ccc(C)cc1C(=O)N1CCC2(CC1)CCN(c1ccccc1)C2=O,1,O=C(c1ccccc1)N1CCC2(CC1)CCN(c1ccccc1)C2=O,0.0000301,286.9724,0.8189476,0.8189,0.5885584,2.6504,1.0000000,1.0000,[],11
29.8572,32.0852,-32.0655,0.0001534,COn1c(=O)oc2cccc(N3CCNCC3)c21,1,O=c1[nH]c2c(N3CCNCC3)cccc2o1,0.0000984,299.8271,0.8154238,0.8154,0.5690248,2.8192,1.0000000,1.0000,[],11
29.8149,30.2082,-28.8108,0.0109166,CN(C)CCN1CCN(c2ccc(-c3cccc(C(F)(F)F)c3)nn2)CC1,1,c1ccc(-c2ccc(N3CCNCC3)nn2)cc1,0.0087499,348.6455,0.7984172,0.7984,0.6395125,2.2352,1.0000000,1.0000,[],11
31.4457,34.7734,-34.7135,0.0004684,CCCCCCOc1ccc(-c2nnc(-c3ccc(-c4ccc(CCOCCCCC)cc4)cc3)o2)cc1,1,c1ccc(-c2ccc(-c3nnc(-c4ccccc4)o3)cc2)cc1,0.0003361,313.1669,0.1404233,0.1404,0.6321682,2.2930,1.0000000,1.0000,[],11
33.9588,33.3777,-32.6278,0.0058579,N#CC(=C(Sc1ccc(Cl)cc1)c1ccccc1)C(O)c1ccccc1,1,C(Cc1ccccc1)=C(Sc1ccccc1)c1ccccc1,0.0046469,341.7298,0.4311676,0.4312,0.5554572,2.9398,1.0000000,1.0000,[],11
28.2497,29.4600,-29.4600,0.0000000,C(=O)(Nc1ccc([N+](=O)[O-])cc1)COc1c(=O)c1=O,0,,0.0000000,0.0000,0.0000000,0.0000,0.0000000,0.0000,0.0000000,0.0000,None,11
61.4313,62.7403,-62.7403,0.0000000,c1ccccc1-c1c(cc2=c3c(SC=c2c1)c1cc(F)c(C)cc1c3=[N+](CC)CC)C,0,,0.0000000,0.0000,0.0000000,0.0000,0.0000000,0.0000,0.0000000,0.0000,None,11
23.9386,25.4796,-25.4600,0.0001537,COc1ccc(Br)cc1-c1cccc(Br)c1,1,c1ccc(-c2ccccc2)cc1,0.0000984,299.8221,0.7554094,0.7554,0.7129468,1.6917,1.0000000,1.0000,[],11
55.1430,59.4020,-59.4020,0.0000000,s1c2c(sc3-c4c(N(c3c2)c2ccc(-c3ccc(cc3)C3C(=O)C=3N(C)c3ccccc3)cc2)cccc4)cc1,0,,0.0000000,0.0000,0.0000000,0.0000,0.0000000,0.0000,0.0000000,0.0000,None,11
33.3180,36.7617,-36.7617,0.0000000,COc1cc2cc3c(nc2cc1OC)-c1ccc(C=CC(=O)O)cc1C3,1,c1ccc2c(c1)Cc1cc3ccccc3nc1-2,0.0000000,0.0000,0.0000000,0.0000,0.0000000,0.0000,0.0000000,0.0000,"['C(=[O,S])[O,S]']",11
28.8771,29.6156,-28.5366,0.0084296,Cc1ccc(Oc2ccc(Cl)c([N+](=O)[O-])c2)nn1,1,c1ccc(Oc2cccnn2)cc1,0.0067147,345.7488,0.6291318,0.6291,0.6434393,2.2046,1.0000000,1.0000,[],11
29.4275,31.5497,81.3407,0.8819559,C1=CCC(c2[nH]cc3cc4ccccc4cc23)C=C1,1,C1=CCC(c2[nH]cc3cc4ccccc4cc23)C=C1,0.9019101,424.0885,0.6259388,0.6259,0.5096738,3.3699,1.0000000,1.0000,[],11
25.1385,25.2289,-25.2289,0.0000000,O=C1SC(=Cc2ccc(F)cc2)C(=O)N1Cc1ccc(F)cc1,1,O=C1SC(=Cc2ccccc2)C(=O)N1Cc1ccccc1,0.0000000,0.0000,0.0000000,0.0000,0.0000000,0.0000,0.0000000,0.0000,"['C(=[O,S])[O,S]']",11
31.4909,34.9582,-34.0739,0.0069092,CN(C)C1=Nc2ccccc2N(C(=O)c2ccccc2)c2ccc(Cl)cc21,1,O=C(c1ccccc1)N1c2ccccc2C=Nc2ccccc21,0.0054654,343.5000,0.5803320,0.5803,0.6152694,2.4285,1.0000000,1.0000,[],11
31.1499,30.2274,-30.0802,0.0011499,COc1cccc(C(=O)c2ccc(NC(C)=O)cc2C)c1,1,O=C(c1ccccc1)c1ccccc1,0.0008145,322.7813,0.8766568,0.8767,0.7086640,1.7219,1.0000000,1.0000,[],11
45.5550,48.1804,73.5999,0.9514085,Nc1cc2nc(C(=O)C=Cc3ccc(Br)cc3)c(O)c(=O)n2c(N2CCNCC2)n1,1,O=C(C=Cc1ccccc1)c1cc(=O)n2c(N3CCNCC3)nccc2n1,0.9904965,469.5508,0.3858043,0.3858,0.5442358,3.0419,1.0000000,1.0000,[],11
51.9121,58.2684,-58.2684,0.0000000,Cc1sc2nc(Nc3ccc(S(C)(=O)=O)cc3)n3ncc(C(=O)NCC(=O)O)c3c2c1-c1ccc(Cl)cc1,1,c1ccc(Nc2nc3scc(-c4ccccc4)c3c3ccnn23)cc1,0.0000000,0.0000,0.0000000,0.0000,0.0000000,0.0000,0.0000000,0.0000,"['C(=[O,S])[O,S]']",11
44.9649,45.3830,-44.2129,0.0091416,COc1ccc(-c2nc(N3CCOCC3)ncc2-c2ccc3c(c2)CN(C(CO)C(C)(C)C)C3=O)cn1,1,O=C1NCc2cc(-c3cnc(N4CCOCC4)nc3-c3cccnc3)ccc21,0.0073841,346.7879,0.5462681,0.5463,0.5020783,3.4450,1.0000000,1.0000,[],11
26.4764,30.0421,-29.7288,0.0024481,O=C(c1ccc(O)cc1)c1ccc2nc(-c3ccc(O)cc3)[nH]c2c1,1,O=C(c1ccccc1)c1ccc2nc(-c3ccccc3)[nH]c2c1,0.0018395,331.6377,0.4977084,0.4977,0.6646051,2.0428,1.0000000,1.0000,[],11
24.9943,26.7066,-26.6854,0.0001652,c1ccc2c(c1)OCC1COc3ccccc3C21,1,c1ccc2c(c1)OCC1COc3ccccc3C21,0.0001066,300.6988,0.7012640,0.7013,0.6395400,2.2350,1.0000000,1.0000,[],11
20.7585,24.0597,-23.9860,0.0005762,Nc1nccc2scnc12,1,c1cc2scnc2cn1,0.0003995,315.0420,0.6165519,0.6166,0.5937400,2.6066,1.0000000,1.0000,[],11
37.0427,36.8126,-36.5522,0.0020341,CC1OC2(c3ccccc3-c3ccccc32)c2c1cccc2-n1c2ccccc2c2ccccc21,1,c1ccc2c(c1)-c1ccccc1C21OCc2cccc(-n3c4ccccc4c4ccccc43)c21,0.0015569,329.8235,0.2470093,0.2470,0.4975353,3.4904,1.0000000,1.0000,[],11
42.2749,46.7370,52.8111,0.7777191,C=C1NC(=C2CCN(C)CC2)c2sc(Nc3nc4ccc(OC)cc4s3)nc2N1,1,C=C1NC(=C2CCNCC2)c2sc(Nc3nc4ccccc4s3)nc2N1,0.7921994,414.5297,0.5720960,0.5721,0.5132110,3.3353,1.0000000,1.0000,[],11
39.3660,38.9459,-38.9385,0.0000577,CCCCCCCCNC(=O)NS(=O)(=O)c1ccc(C(=O)NCC)o1,1,c1ccoc1,0.0000356,288.7882,0.5148094,0.5148,0.6223162,2.3715,1.0000000,1.0000,[],11
29.6798,29.9963,-28.5789,0.0110733,C=CCn1c(SC(C)C(=O)Nc2ccc(OC)cc2)nc2sc3c(c2c1=O)CCC3,1,O=C(CSc1nc2sc3c(c2c(=O)[nH]1)CCC3)Nc1ccccc1,0.0091496,349.1349,0.3369112,0.3369,0.5699902,2.8107,1.0000000,1.0000,[],11
39.1341,39.8182,-36.9445,0.0224509,c1cc(COc2cccc3c2CCCC3)cc(Nc2cccc3ccncc23)c1,1,c1cc(COc2cccc3c2CCCC3)cc(Nc2cccc3ccncc23)c1,0.0190545,357.2088,0.4327092,0.4327,0.6419317,2.2164,1.0000000,1.0000,[],11
47.8400,56.2306,-56.2306,0.0000000,N#CC(=Cc1ccc(-c2ccc3scc(-c4ccc5oc6cc(-c7ccccn7)ccc6c5c4)c3c2)s1)C(=O)O,1,c1ccc(-c2ccc3c(c2)oc2ccc(-c4csc5ccc(-c6cccs6)cc45)cc23)nc1,0.0000000,0.0000,0.0000000,0.0000,0.0000000,0.0000,0.0000000,0.0000,"['C(=[O,S])[O,S]']",11
48.5814,49.6968,49.3712,0.7739689,CCOc1cc(NCCCO)cc2c3cc(-c4ccncc4)nnc3n(CC)c12,1,c1ccc2c(c1)[nH]c1nnc(-c3ccncc3)cc12,0.7925444,414.5525,0.4437878,0.4438,0.5778189,2.7425,1.0000000,1.0000,[],11
43.5414,47.7972,57.2379,0.8205867,CN1CCN(c2ccc(Nc3ccc4c(n3)N=C4n3nnc4cc(Cl)ccc43)cc2)CC1,1,c1ccc2c(c1)nnn2C1=Nc2nc(Nc3ccc(N4CCNCC4)cc3)ccc21,0.8426008,418.2155,0.4544178,0.4544,0.5662420,2.8437,1.0000000,1.0000,[],11
22.1640,23.7908,-23.6888,0.0007967,COc1ccc2nn(C)cc2c1,1,c1ccc2n[nH]cc2c1,0.0005601,318.7118,0.6361944,0.6362,0.6593934,2.0822,1.0000000,1.0000,[],11
38.2517,41.7684,-41.7684,0.0000000,COc1ccc2oc3c(c(=O)c2c1)OC(=O)C3=C(O)c1ccc(OC)c(C)c1,1,O=C1Oc2c(oc3ccccc3c2=O)C1=Cc1ccccc1,0.0000000,0.0000,0.0000000,0.0000,0.0000000,0.0000,0.0000000,0.0000,"['C(=[O,S])[O,S]']",12
42.4137,41.6953,-41.6953,0.0000000,Cc1cnn(-c2ccc(CCN3CCC4(CC3)CN(C(=O)O)CCO4)cc2)c1,1,c1cnn(-c2ccc(CCN3CCC4(CC3)CNCCO4)cc2)c1,0.0000000,0.0000,0.0000000,0.0000,0.0000000,0.0000,0.0000000,0.0000,"['C(=[O,S])[O,S]']",12
52.6487,53.4449,-53.4449,0.0000000,c1c(N2C(c3c4c5c(ccc4C2=O)ccc2c5C(N(C2=O)CCCCCC)=O)cccc3)c2c(cccc2)nc1C(NCC)=O,0,,0.0000000,0.0000,0.0000000,0.0000,0.0000000,0.0000,0.0000000,0.0000,None,12
66.7857,69.8684,-69.8684,0.0000000,CC(C)(C)OC(=O)OCCOc1ccc(Oc2ccc(-c3oc4ccccc4c3-c3c4c5c(c6ccccc6c4nn3-c3ccccc3)C=CCC5)cc2)cc1,1,C1=Cc2c(c3c(-c4c(-c5ccc(Oc6ccccc6)cc5)oc5ccccc45)n(-c4ccccc4)nc3c3ccccc23)CC1,0.0000000,0.0000,0.0000000,0.0000,0.0000000,0.0000,0.0000000,0.0000,"['C(=[O,S])[O,S]']",12
38.7149,42.3953,-23.1733,0.1501720,CN1C(=O)c2ccc(C3=Nc4ccccc4C(c4ccc(N(C)C)cc4)=NC3)cc2C1=O,1,O=C1NC(=O)c2cc(C3=Nc4ccccc4C(c4ccccc4)=NC3)ccc21,0.1396653,380.2605,0.6005749,0.6006,0.5886947,2.6492,1.0000000,1.0000,[],12
54.0101,58.1746,-52.5159,0.0442088,CCn1c2ccccc2c2cccc(S(=O)(=O)N3CCc4c(c(N)c5c(=O)[nH]c(=O)[nH]c5c4N)C3)c21,1,O=c1[nH]c(=O)c2cc3c(cc2[nH]1)CCN(S(=O)(=O)c1cccc2c1[nH]c1ccccc12)C3,0.0398901,365.4636,0.2177330,0.2177,0.5339507,3.1373,1.0000000,1.0000,[],12
26.1280,28.7543,-28.7543,0.0000000,CC(Cc1ccc(N(C)C)cc1O)C(=O)O,1,c1ccccc1,0.0000000,0.0000,0.0000000,0.0000,0.0000000,0.0000,0.0000000,0.0000,"['C(=[O,S])[O,S]']",12
31.6407,33.6405,-33.6405,0.0000000,CCN1C(=O)C(C(=O)O)(c2ccccc2)CC12CCCC2,1,O=C1NC2(CCCC2)CC1c1ccccc1,0.0000000,0.0000,0.0000000,0.0000,0.0000000,0.0000,0.0000000,0.0000,"['C(=[O,S])[O,S]']",12
32.3792,33.6067,-32.8861,0.0056297,COc1ccc2c(c1)CCC(NC(=O)c1cnc3ccccn13)=C2,1,O=C(NC1=Cc2ccccc2CC1)c1cnc2ccccn12,0.0043653,341.0478,0.8070432,0.8070,0.5801465,2.7224,1.0000000,1.0000,[],12
29.4719,31.2666,-31.2353,0.0002442,Cc1ccc(-n2c(Cl)cc(-c3ccccc3)c2O)cc1,1,c1ccc(-c2ccn(-c3ccccc3)c2)cc1,0.0001607,305.1552,0.7170768,0.7171,0.6506380,2.1490,1.0000000,1.0000,[],12
28.1639,29.0254,-29.0170,0.0000659,CC1CN(C(=O)CCc2ccccc2Cl)c2ccccc2O1,1,O=C(CCc1ccccc1)N1CCOc2ccccc21,0.0000403,290.1385,0.8535966,0.8536,0.6042385,2.5189,1.0000000,1.0000,[],12
38.4274,43.0878,-41.3319,0.0137181,CCOc1ccc(N(c2ccc(OC)cc2)c2ccc(-c3ccc(N(c4cccc(C)c4)c4cccc(N(C)C)c4)cc3)cc2)cc1,1,c1ccc(N(c2ccccc2)c2ccc(-c3ccc(N(c4ccccc4)c4ccccc4)cc3)cc2)cc1,0.0117624,351.8909,0.1438572,0.1439,0.6014040,2.5424,1.0000000,1.0000,[],12
47.2488,47.4556,-14.9611,0.2538631,CC1(C)c2ccccc2-c2ccc3cc(N(c4cccc(N(c5ccc(N(c6ccccc6)c6ccccc6)cc5)c5ccc(N(c6ccccc6)c6ccccc6)cc5)c4)c4cccc5ccccc45)ccc3c21,1,c1ccc(N(c2ccccc2)c2ccc(N(c3ccc(N(c4ccccc4)c4ccccc4)cc3)c3cccc(N(c4ccc5c6c(ccc5c4)-c4ccccc4C6)c4cccc5ccccc45)c3)cc2)cc1,0.2561185,388.4234,0.1209422,0.1209,0.5071868,3.3944,1.0000000,1.0000,[],12
58.8025,57.2446,-57.2446,0.0000000,NCCNC(=O)COc1ccc(C(CCN2C(=O)SC3NCNCC32)c2ccccc2)cc1,1,O=C1SC2NCNCC2N1CCC(c1ccccc1)c1ccccc1,0.0000000,0.0000,0.0000000,0.0000,0.0000000,0.0000,0.0000000,0.0000,"['C(=[O,S])[O,S]']",12
43.2352,44.2643,-44.2639,0.0000030,CCC(=O)NC1(CCC2CC(OC)C2)NC1=O,1,O=C1NC1CCC1CCC1,0.0000016,254.7921,0.6652859,0.6653,0.4820255,3.6488,1.0000000,1.0000,[],12
37.6645,38.4326,-38.4326,0.0000000,CCSc1ccc(C2=NC(NC(=O)O)(C(F)(F)F)CC2)cc1,1,c1ccc(C2=NCCC2)cc1,0.0000000,0.0000,0.0000000,0.0000,0.0000000,0.0000,0.0000000,0.0000,"['C(=[O,S])[O,S]']",12
41.2451,44.5549,51.6672,0.7517354,CCC1=Cc2ccccc2N(C2CCC(=C3C=CC(=[N+](C)C)C=C3)C2)C1,1,[N+]=C1C=CC(=C2CCC(N3CC=Cc4ccccc43)C2)C=C1,0.7619364,507.3694,0.6846312,0.6846,0.4559589,3.9268,1.0000000,1.0000,[],12
71.0090,78.8738,-78.8738,0.0000000,C(COc1cc(cc2c1C(N(C2=O)CC)=O)oc1c(c(O)c2c(=O)c3ccc(cc3oc2c1)O)N(c1ccc2c(c1)cccc2)CC)=O,0,,0.0000000,0.0000,0.0000000,0.0000,0.0000000,0.0000,0.0000000,0.0000,None,12
44.4862,46.3132,-45.9291,0.0030009,Cc1ccn2c1C(C)(C)c1cn(-c3ccc(S(C)(=O)=O)cc3)nc1-c1ccccc1-2,1,c1ccc(-n2cc3c(n2)-c2ccccc2-n2cccc2C3)cc1,0.0022899,334.0202,0.4757717,0.4758,0.5695468,2.8146,1.0000000,1.0000,[],12
27.8177,25.7637,-25.7490,0.0001145,CNCc1ccc(Oc2cc(OC)ccc2Br)cc1,1,c1ccc(Oc2ccccc2)cc1,0.0000718,296.4058,0.9034410,0.9034,0.6935704,1.8295,1.0000000,1.0000,[],12
25.8894,26.7703,-26.7471,0.0001807,O=C(NCc1ccc(O)c(O)c1)c1ccccc1Br,1,O=C(NCc1ccccc1)c1ccccc1,0.0001166,301.6734,0.7612421,0.7612,0.6982030,1.7962,1.0000000,1.0000,[],12
26.6742,27.8215,-27.7576,0.0004993,c1ccc(-c2cn(-c3ccccn3)c(C3CC3)n2)cc1,1,c1ccc(-c2cn(-c3ccccn3)c(C3CC3)n2)cc1,0.0003413,313.3315,0.7174042,0.7174,0.6497008,2.1562,1.0000000,1.0000,[],12
22.6911,24.1108,-24.1062,0.0000364,Cc1ccccc1-c1nc2ccccc2n1Cc1ccccc1,1,c1ccc(Cn2c(-c3ccccc3)nc3ccccc32)cc1,0.0000219,283.4950,0.5166919,0.5167,0.7135867,1.6873,1.0000000,1.0000,[],12
33.0255,34.6338,-34.6338,0.0000000,CC(=CC=COCNC(=O)O)C(=O)O,1,,0.0000000,0.0000,0.0000000,0.0000,0.0000000,0.0000,0.0000000,0.0000,"['C(=[O,S])[O,S]']",12
68.5292,72.7819,-46.3485,0.2065107,C=CCN(CC)CC1C(=O)N(Cc2c(O)n(C)c3ccccc23)C(=O)N1c1nc(-c2ccc(OC)cc2)cc2ncc(NC(C)=O)cc12,1,O=C1CN(c2nc(-c3ccccc3)cc3ncccc23)C(=O)N1Cc1c[nH]c2ccccc12,0.2052333,385.3002,0.1457311,0.1457,0.4677731,3.7989,1.0000000,1.0000,[],12
66.4484,62.8273,-62.8273,0.0000000,Cn1nnc(-c2ccc(OCc3sc(C(C)(C)C)nc3C(=O)Nc3cnn(C4CCC(C(=O)O)CC4)c3)cc2CC(=O)O)n1,1,O=C(Nc1cnn(C2CCCCC2)c1)c1ncsc1COc1ccc(-c2nn[nH]n2)cc1,0.0000000,0.0000,0.0000000,0.0000,0.0000000,0.0000,0.0000000,0.0000,"['C(=[O,S])[O,S]']",12
59.1150,63.5617,-63.5617,0.0000000,CC(C)(C)OC(=O)N1CCC(Oc2cc3c(cc2F)-c2ccc(N4CCOCC4)cc2CC3(C#N)N(C=O)C2CCC(=O)NC2=O)C1,1,O=C1CCC(NC2Cc3cc(N4CCOCC4)ccc3-c3ccc(OC4CCNC4)cc32)C(=O)N1,0.0000000,0.0000,0.0000000,0.0000,0.0000000,0.0000,0.0000000,0.0000,"['C(=[O,S])[O,S]']",12
41.5155,44.9144,-44.9144,0.0000000,CN1CCN(c2cc(N)nc(Nc3ccc(C(=O)NC(Cc4ccc(Cl)s4)C(=O)O)cc3)n2)CC1,1,O=C(NCCc1cccs1)c1ccc(Nc2nccc(N3CCNCC3)n2)cc1,0.0000000,0.0000,0.0000000,0.0000,0.0000000,0.0000,0.0000000,0.0000,"['C(=[O,S])[O,S]']",12
44.2505,43.9867,-43.9699,0.0001311,COc1ccc(CN2CCN(C(=O)c3cn[nH]c3-c3cccc(C(F)(F)F)c3Cl)CC2)c(OC)c1,1,O=C(c1cn[nH]c1-c1ccccc1)N1CCN(Cc2ccccc2)CC1,0.0000845,298.1714,0.5213599,0.5214,0.5929574,2.6132,1.0000000,1.0000,[],12
43.9707,49.7842,58.3061,0.8444553,N#CC(C#N)=C1OC(C=O)=C(N2C(=O)C=CC2=O)c2c(O)cccc21,1,C=C1OC=C(N2C(=O)C=CC2=O)c2ccccc21,0.8697067,420.6113,0.4843449,0.4843,0.4796150,3.6739,1.0000000,1.0000,[],12
28.7813,32.6801,-6.3864,0.2054193,CN(C)Cc1ccc2c(c1)C(=[N+]=[N-])c1ccccc1-2,1,[N+]=C1c2ccccc2-c2ccccc21,0.1952727,384.6248,0.5082224,0.5082,0.5854765,2.6766,1.0000000,1.0000,[],12
26.3648,25.8500,-25.8500,0.0000001,CCC(C)C(F)=C(F)C(F)(F)F,1,,0.0000000,216.4444,0.5787233,0.5787,0.4810095,3.6593,1.0000000,1.0000,[],12
53.8449,62.4567,-62.4567,0.0000000,COC1=C2C3=C(Nc4ccccc4)CCN3CCN2C2=CC(=CC1=O)N2CC1CC(=O)NC1=O,1,O=C1C=C2C=C(N2CC2CC(=O)NC2=O)N2CCN3CCC(Nc4ccccc4)=C3C2=C1,0.0000000,0.0000,0.0000000,0.0000,0.0000000,0.0000,0.0000000,0.0000,['[*;r{8-17}]'],12
47.2973,47.0639,-42.9851,0.0318657,C1=C(c2ccccc2)CCC(n2c3ccccc3c3cc(-c4ccc5oc6c(c5c4)c4ccccc4c4nc5ccccc5n46)ccc32)=C1,1,C1=C(c2ccccc2)CCC(n2c3ccccc3c3cc(-c4ccc5oc6c(c5c4)c4ccccc4c4nc5ccccc5n46)ccc32)=C1,0.0283634,361.6314,0.1953404,0.1953,0.5296112,3.1781,1.0000000,1.0000,[],12
38.8717,40.8530,-40.5307,0.0025175,CN1CCCN(CC2CCCCC2)C1c1c[nH]c2ncc(Br)cc12,1,c1cnc2[nH]cc(C3NCCCN3CC3CCCCC3)c2c1,0.0018735,331.8365,0.8344142,0.8344,0.5195935,3.2735,1.0000000,1.0000,[],12
38.5257,40.1453,-40.1321,0.0001028,c1cc2c3c(c1)[n+]#c(N1CCCC1)n3CCS2,1,c1cc2c3c(c1)[n+]#c(N1CCCC1)n3CCS2,0.0000652,295.3495,0.7031939,0.7032,0.4721861,3.7519,1.0000000,1.0000,[],12
62.6558,65.8022,18.7294,0.6604035,N=c1c2cc(N3c4ccccc4C4C=CC=CC43)ccc2sc2c(NC3CC=Cc4ccccc43)cc(-c3cc4ccccc4c4ccccc34)cc12,1,N=c1c2cc(N3c4ccccc4C4C=CC=CC43)ccc2sc2c(NC3CC=Cc4ccccc43)cc(-c3cc4ccccc4c4ccccc34)cc12,0.7003213,409.2160,0.1419235,0.1419,0.4080985,4.4812,1.0000000,1.0000,[],12
40.6288,43.3650,-43.3650,0.0000000,CS(=O)(=O)Nc1ccc(NN=C(O)c2ccc(S(=O)(=O)O)cc2)c(N=O)c1,1,C(=NNc1ccccc1)c1ccccc1,0.0000000,0.0000,0.0000000,0.0000,0.0000000,0.0000,0.0000000,0.0000,['[#7;!n][#7;!n]'],12
26.4989,27.6777,-27.5575,0.0009394,Cc1ccc2c(-c3nc4ccccc4[nH]3)cccc2n1,1,c1ccc2[nH]c(-c3cccc4ncccc34)nc2c1,0.0006684,320.6338,0.5591590,0.5592,0.6763949,1.9549,1.0000000,1.0000,[],12
67.3526,67.9309,-67.9309,0.0000000,c1cc2ccc(-c3c4c5c6c(c7ccc8c(c8ccc9ccccc9c87)c7cccc4c6-5)ccc3)c3c2c2cccc1c2ccc3,0,,0.0000000,0.0000,0.0000000,0.0000,0.0000000,0.0000,0.0000000,0.0000,None,12
39.0346,40.7798,-5.4521,0.2759976,Cn1c2ccccc2c2cc3c(cc21)c1ccccc1n3-c1ccc(-c2ccc3nc[nH]c3c2)cc1,1,c1ccc2c(c1)[nH]c1cc3c4ccccc4n(-c4ccc(-c5ccc6nc[nH]c6c5)cc4)c3cc12,0.2713989,389.2780,0.2778947,0.2779,0.6068222,2.4976,1.0000000,1.0000,[],12
21.4460,22.1636,-22.1497,0.0001089,Cc1nc(N)sc1C(N)=O,1,c1cscn1,0.0000691,295.9903,0.6076018,0.6076,0.6177545,2.4083,1.0000000,1.0000,[],12
133.9979,133.4503,-133.4503,0.0000000,Cc1c([N+](C)(C)C(=O)c2c(C(C)(C)C(=C([O-])C3=CC45C=CC=C(C4=CC3)c3ccccc3OC5=O)c3ccccc3)c2=O)ccc(C(C)(C)C)c1OC1c2cc(-c3ccccc3)ccc2N(c2ccc(-c3ccccc3)cc2)C1(C)C,1,O=C([NH2+]c1cccc(OC2CN(c3ccc(-c4ccccc4)cc3)c3ccc(-c4ccccc4)cc32)c1)c1c(CC(=CC2=CC34C=CC=C(C3=CC2)c2ccccc2OC4=O)c2ccccc2)c1=O,0.0000000,0.0000,0.0000000,0.0000,0.0000000,0.0000,0.0000000,0.0000,"['C(=[O,S])[O,S]']",12
37.8646,36.0457,-36.0457,0.0000000,CC(=NN=C1NC(=O)C2(CCCCC2)S1)c1ccc(F)c(Cl)c1,1,O=C1NC(=NN=Cc2ccccc2)SC12CCCCC2,0.0000000,0.0000,0.0000000,0.0000,0.0000000,0.0000,0.0000000,0.0000,['[#7;!n][#7;!n]'],12
29.0241,27.5571,-27.1887,0.0028786,Clc1cccnc1-n1ccc2c1CCCC2,1,c1ccc(-n2ccc3c2CCCC3)nc1,0.0021592,333.3807,0.7369880,0.7370,0.6015329,2.5414,1.0000000,1.0000,[],12
27.3939,29.7492,-29.1015,0.0050600,N#Cc1ccc(N=[N+]([O-])c2ccccc2C#N)cc1,1,c1ccc(N=[NH+]c2ccccc2)cc1,0.0039699,340.0128,0.4635274,0.4635,0.5834132,2.6943,1.0000000,1.0000,[],12
27.6039,28.2434,-28.2202,0.0001817,COc1ccc(C=O)cc1-c1nc2ccccn2n1,1,c1ccc(-c2nc3ccccn3n2)cc1,0.0001181,301.8072,0.6714519,0.6715,0.6253453,2.3473,1.0000000,1.0000,[],12
27.7867,28.3445,-25.8665,0.0193594,Clc1ccccc1CNc1ccc2oc(-c3cccnc3)nc2c1,1,c1ccc(CNc2ccc3oc(-c4cccnc4)nc3c2)cc1,0.0161606,355.3883,0.5596618,0.5597,0.6620948,2.0617,1.0000000,1.0000,[],12
37.2821,34.8724,-9.8447,0.1955291,CC(C)(C)C(O)CCNc1nc2ccccc2c(-c2ccccc2)c1C#N,1,c1ccc(-c2ccnc3ccccc23)cc1,0.1838666,383.8185,0.6737630,0.6738,0.5674514,2.8330,1.0000000,1.0000,[],12
37.6410,40.9252,-40.9252,0.0000000,CC(=O)Oc1ccc(C(=O)c2ccc(OCC#CO)cc2)c([N+](=O)[O-])c1,1,O=C(c1ccccc1)c1ccccc1,0.0000000,0.0000,0.0000000,0.0000,0.0000000,0.0000,0.0000000,0.0000,"['C#C', 'C(=[O,S])[O,S]']",12
41.9172,45.2028,-11.3787,0.2642505,Cc1cc(C(C)(C)C)cc(-n2c3ccccc3c3ccccc32)c1N=Cc1cc(-c2ccccc2)cc(-c2ccccc2)c1N,1,C(=Nc1ccccc1-n1c2ccccc2c2ccccc21)c1cc(-c2ccccc2)cc(-c2ccccc2)c1,0.2642788,388.8837,0.1589267,0.1589,0.5636805,2.8663,1.0000000,1.0000,[],12
35.8929,35.2393,-16.1862,0.1488523,CCNc1cc2cc(OC)c(O)cc2c(CC)n1,1,c1ccc2cnccc2c1,0.1366274,379.9835,0.8705092,0.8705,0.6166975,2.4169,1.0000000,1.0000,[],12
40.3748,38.0335,-38.0207,0.0001003,CCC(CC)N(C(=O)c1ccccn1)C1CCN(S(=O)(=O)C2CCCC2)CC1,1,O=C(NC1CCN(S(=O)(=O)C2CCCC2)CC1)c1ccccn1,0.0000632,295.0244,0.6940498,0.6940,0.5758076,2.7599,1.0000000,1.0000,[],12
48.5991,51.0003,-50.2823,0.0056090,CC(C)(C)c1ccc2c(c1)N(c1cccc(N3Cc4ccccc4-c4ccc(O)cc43)n1)c1ccccc1S2,1,c1cc(N2Cc3ccccc3-c3ccccc32)nc(N2c3ccccc3Sc3ccccc32)c1,0.0045200,341.4276,0.2428629,0.2429,0.5585787,2.9118,1.0000000,1.0000,[],12
29.5826,36.1781,21.4624,0.4503167,CCCCCCn1c(C=Cc2ccc(N(c3ccccc3)c3ccccc3)cc2)cc2ccc(CCCCC)cc21,1,C(=Cc1cc2ccccc2[nH]1)c1ccc(N(c2ccccc2)c2ccccc2)cc1,0.4659742,398.5200,0.1271548,0.1272,0.5918596,2.6224,1.0000000,1.0000,[],12
65.4830,72.3581,44.0618,0.9095305,CCn1c2ccccc2c2cc(C(=Cc3ccc(NC(=O)Nc4ccc5nc(-c6ccccc6)cc(-c6ccc(N(C)C)cc6)c5c4)cc3)N=Nc3ncc[nH]3)ccc21,1,O=C(Nc1ccc(C=C(N=Nc2ncc[nH]2)c2ccc3[nH]c4ccccc4c3c2)cc1)Nc1ccc2nc(-c3ccccc3)cc(-c3ccccc3)c2c1,0.9892940,470.8575,0.0947935,0.0948,0.4985873,3.4799,1.0000000,1.0000,[],12
37.3540,39.9503,-39.9503,0.0000000,O=C(O)CN1C(=O)C(=Cc2ccccc2C(=O)NC(CO)Cc2ccccc2)SC1=S,1,O=C1NC(=S)SC1=Cc1ccccc1C(=O)NCCc1ccccc1,0.0000000,0.0000,0.0000000,0.0000,0.0000000,0.0000,0.0000000,0.0000,"['C(=[O,S])[O,S]']",12
32.0331,29.3758,-29.3587,0.0001331,CCCCCCCCCCc1ccc(C=CC(F)(F)OC(F)(F)F)cc1,1,c1ccccc1,0.0000877,298.5716,0.2700029,0.2700,0.6002505,2.5520,1.0000000,1.0000,[],12
34.4392,42.9610,75.4918,0.9254122,O=c1[nH]n2nc3c(nc2c1-c1ccc(Cl)cc1)N(c1ccc(Cl)cc1)C3,1,O=c1[nH]n2nc3c(nc2c1-c1ccccc1)N(c1ccccc1)C3,0.9497085,431.9024,0.5665567,0.5666,0.5640995,2.8626,1.0000000,1.0000,[],12
30.7949,31.7299,-31.7299,0.0000000,COC(=O)Nc1ccc2ncnc(Nc3cccc(Cl)c3Cl)c2c1,1,c1ccc(Nc2ncnc3ccccc23)cc1,0.0000000,0.0000,0.0000000,0.0000,0.0000000,0.0000,0.0000000,0.0000,"['C(=[O,S])[O,S]']",12
60.1117,65.6524,-65.6524,0.0000000,c1cc2c3c(ccc2)N2/C(=C4\C=C(c5ccc(cc5)C)N(c5ccc(cc5)C)C4(c4c(-c5ccccc54)cccc3)c3ccccc3)c3ccccc3-c2cc1,0,,0.0000000,0.0000,0.0000000,0.0000,0.0000000,0.0000,0.0000000,0.0000,None,12
30.0736,33.7905,-33.2975,0.0038509,C=CCN1C(=O)NC(c2cccc([N+](=O)[O-])c2)C(c2nc(-c3cccc(C)c3)no2)=C1C,1,O=C1NC=C(c2nc(-c3ccccc3)no2)C(c2ccccc2)N1,0.0030107,336.9995,0.3455007,0.3455,0.5415792,3.0663,1.0000000,1.0000,[],12
40.0129,39.5694,-33.9794,0.0436721,Cc1nc(C)c(C=C(C#N)C(=O)N2CCN(C(=O)Cc3cccs3)CC2)s1,1,O=C(C=Cc1cncs1)N1CCN(C(=O)Cc2cccs2)CC1,0.0381168,364.9499,0.5839016,0.5839,0.5723188,2.7903,1.0000000,1.0000,[],12
35.6330,34.5656,-34.5656,0.0000000,O=C(O)CC(NC(=O)C(Cc1ccccc1)NC(=O)Cc1ccc2c(c1)OCCO2)C(=O)O,1,O=C(Cc1ccc2c(c1)OCCO2)NCCc1ccccc1,0.0000000,0.0000,0.0000000,0.0000,0.0000000,0.0000,0.0000000,0.0000,"['C(=[O,S])[O,S]']",12
81.6123,90.6466,-90.6466,0.0000000,c1(C)c(c2cc(C)c(cc2c(c1)-c1ccc(N2CCCCC2)c2-c3cc(N4CCN(CC4)CCCCCCCCCCCC)ccc3O/C(C12)=C/c1ccc(CCCCCCCCCCCC)cc1)C#N)C#N,0,,0.0000000,0.0000,0.0000000,0.0000,0.0000000,0.0000,0.0000000,0.0000,None,13
33.7448,34.9605,-32.6151,0.0183236,Cc1ccc2nc(Nc3ccc(Oc4ncccn4)cc3)c3ccnn3c2c1,1,c1cnc(Oc2ccc(Nc3nc4ccccc4n4nccc34)cc2)nc1,0.0153324,354.8080,0.5026114,0.5026,0.6056561,2.5072,1.0000000,1.0000,[],13
42.5361,44.1017,-30.4823,0.1064012,CC1(C)C2CCC1CN(CC(=Cc1ccccc1)C(=O)c1ccc(C#N)cc1)C2,1,O=C(C(=Cc1ccccc1)CN1CC2CCC(C2)C1)c1ccccc1,0.0981922,375.9241,0.5260889,0.5261,0.4386136,4.1207,1.0000000,1.0000,[],13
27.7183,29.0534,-28.8239,0.0017932,CC(c1ccc(Cl)cc1)c1cnc(Cl)cn1,1,c1ccc(Cc2cnccn2)cc1,0.0013093,327.9401,0.8096859,0.8097,0.5754011,2.7634,1.0000000,1.0000,[],13
29.2085,28.8086,-28.8086,0.0000000,O=C(CSc1ncnc2ccccc12)Oc1ccc(OCc2ccccc2)cc1,1,O=C(CSc1ncnc2ccccc12)Oc1ccc(OCc2ccccc2)cc1,0.0000000,0.0000,0.0000000,0.0000,0.0000000,0.0000,0.0000000,0.0000,"['C(=[O,S])[O,S]']",13
49.6355,49.6935,-49.6935,0.0000000,C1(C)(C=C2[C@H]3Nc4c([C@]3(CCC[C@@H]24)C)c1O)C,0,,0.0000000,0.0000,0.0000000,0.0000,0.0000000,0.0000,0.0000000,0.0000,None,13
36.4086,35.9937,-35.9269,0.0005214,Cc1cn2ccnc2nc1CCOF,1,c1cnc2nccn2c1,0.0003586,313.8680,0.7442594,0.7443,0.5133773,3.3337,1.0000000,1.0000,[],13
36.6763,39.6806,-36.5422,0.0245188,CN(C)CCNc1ccc(C2=NCc3c(Br)cc(C(F)(F)F)cc32)cc1,1,c1ccc(C2=NCc3ccccc32)cc1,0.0205902,358.0674,0.7447221,0.7447,0.5861973,2.6705,1.0000000,1.0000,[],13
35.8021,37.8444,-36.1307,0.0133886,O=[N+]([O-])c1ccc(Cl)cc1CN1CC=C(c2nc(C3CC3)no2)CC1,1,C1=C(c2nc(C3CC3)no2)CCN(Cc2ccccc2)C1,0.0109704,351.1253,0.5951737,0.5952,0.5811304,2.7139,1.0000000,1.0000,[],13
55.3624,67.3654,-67.3654,0.0000000,CCc1ccccc1N1c2ccccc2N(C)c2c(C#N)cc(N(c3ccc(C=Cc4ccc(C=C(C#N)C(=O)O)s4)cc3)c3cccc(C)n3)cc21,1,C(=Cc1cccs1)c1ccc(N(c2ccc3c(c2)N(c2ccccc2)c2ccccc2N3)c2ccccn2)cc1,0.0000000,0.0000,0.0000000,0.0000,0.0000000,0.0000,0.0000000,0.0000,"['C(=[O,S])[O,S]']",13
32.0221,33.8011,-30.6545,0.0245829,c1ccc(-c2cccc(N(c3ccc(-c4ccccc4)c(-c4ccccc4)c3)c3ccc4c(c3)c3ccccc3n4-c3ccccc3)c2)cc1,1,c1ccc(-c2cccc(N(c3ccc(-c4ccccc4)c(-c4ccccc4)c3)c3ccc4c(c3)c3ccccc3n4-c3ccccc3)c2)cc1,0.0216184,358.6079,0.1686117,0.1686,0.6126420,2.4499,1.0000000,1.0000,[],13
27.8121,28.5085,-28.4486,0.0004674,COc1cc(C=C(F)B2OC(C)(C)C(C)(C)O2)ccc1F,1,C(=Cc1ccccc1)B1OCCO1,0.0003186,312.5862,0.7945240,0.7945,0.5339181,3.1376,1.0000000,1.0000,[],13
45.3570,47.2429,-47.2429,0.0000000,COC(=O)CC#Cc1ccc(N2c3ccccc3S(=O)(=O)c3cc(-c4cccc(C)c4)ccc32)cc1,1,O=S1(=O)c2ccccc2N(c2ccccc2)c2ccc(-c3ccccc3)cc21,0.0000000,0.0000,0.0000000,0.0000,0.0000000,0.0000,0.0000000,0.0000,"['C#C', 'C(=[O,S])[O,S]']",13
32.5359,37.6415,-30.6276,0.0547959,CCCCOc1ccc2c(c1)c1nc(C(N)CO)ccc1n2CC,1,c1ccc2c(c1)[nH]c1cccnc12,0.0482521,367.6248,0.6525162,0.6525,0.5604228,2.8953,1.0000000,1.0000,[],13
51.6936,54.0595,-54.0595,0.0000000,CCCOc1ccc(C2=NNCC2)cc1Nc1cc(N2CCCC2c2cccc(OC)c2)ncn1,1,c1ccc(C2CCCN2c2cc(Nc3cccc(C4=NNCC4)c3)ncn2)cc1,0.0000000,0.0000,0.0000000,0.0000,0.0000000,0.0000,0.0000000,0.0000,['[#7;!n][#7;!n]'],13
54.0006,56.1289,-56.1289,0.0000000,COC1=CC=C2C(N3CCOCC3)=NC2C(C(C)=O)N=C(c2ccc(OC)c(C(=O)O)c2)C=C1OC,1,C1=CC=C2C(N3CCOCC3)=NC2CN=C(c2ccccc2)C=C1,0.0000000,0.0000,0.0000000,0.0000,0.0000000,0.0000,0.0000000,0.0000,"['[*;r{8-17}]', 'C(=[O,S])[O,S]']",13
22.5318,24.5616,-12.2437,0.0962337,CS(=O)(=O)Nc1cccc2nonc12,1,c1ccc2nonc2c1,0.0865635,374.4164,0.7888135,0.7888,0.6273364,2.3314,1.0000000,1.0000,[],13
67.9202,67.2725,-67.2725,0.0000000,CCOc1c2c(c3ccccc3c1O)C(OC(=O)CC)C1(C)CC(OC(=O)CC)C(C#N)CC1C2,1,c1ccc2c3c(ccc2c1)CC1CCCCC1C3,0.0000000,0.0000,0.0000000,0.0000,0.0000000,0.0000,0.0000000,0.0000,"['C(=[O,S])[O,S]']",13
20.4702,22.4891,-22.4891,0.0000000,O=C(O)c1cn2c(nc3ccccc32)s1,1,c1ccc2c(c1)nc1sccn12,0.0000000,0.0000,0.0000000,0.0000,0.0000000,0.0000,0.0000000,0.0000,"['C(=[O,S])[O,S]']",13
40.3672,42.9457,74.5394,0.9178527,FC1CCN(c2nc3nccnc3n3c(NCc4ccccc4)cnc23)CC1,1,c1ccc(CNc2cnc3c(N4CCCCC4)nc4nccnc4n23)cc1,0.9407099,430.0118,0.5888090,0.5888,0.5553177,2.9411,1.0000000,1.0000,[],13
45.3479,44.4574,-44.4574,0.0000000,CCn1c2c(cc(c(c2)F)I)c(=O)c(=O)c1C(=O)NC1CCC(C)CC1,0,,0.0000000,0.0000,0.0000000,0.0000,0.0000000,0.0000,0.0000000,0.0000,None,13
23.4240,24.4995,-24.1100,0.0030428,Nc1nc(-c2ccco2)c(-c2ccccc2)s1,1,c1ccc(-c2scnc2-c2ccco2)cc1,0.0022845,333.9945,0.7458166,0.7458,0.6487533,2.1635,1.0000000,1.0000,[],13
49.6277,56.0397,-33.1941,0.1784817,Cc1cc(F)c(F)c(F)c1C=Cc1ccc(N(c2ccc(OCCOCCO)cc2)c2ccc(-c3cc(F)c(F)c(F)c3)cc2)cc1,1,C(=Cc1ccc(N(c2ccccc2)c2ccc(-c3ccccc3)cc2)cc1)c1ccccc1,0.1801092,383.5445,0.0632998,0.0633,0.5490710,2.9976,1.0000000,1.0000,[],13
30.4622,28.8968,-28.8879,0.0000696,CC1COC(c2nccs2)CN1,1,c1csc(C2CNCCO2)n1,0.0000432,290.8817,0.7116397,0.7116,0.4621628,3.8592,1.0000000,1.0000,[],13
27.3241,26.1252,-26.1088,0.0001278,CCC(=O)Nc1ccc(Cc2ccccc2)nc1,1,c1ccc(Cc2ccccn2)cc1,0.0000806,297.6586,0.8921448,0.8921,0.7042989,1.7528,1.0000000,1.0000,[],13
25.7375,28.3758,-25.0945,0.0256348,Cc1cc(N2CCCc3ccccc32)nc2ccccc12,1,c1ccc2c(c1)CCCN2c1ccc2ccccc2n1,0.0216161,358.6067,0.6429990,0.6430,0.6719220,1.9881,1.0000000,1.0000,[],13
40.5619,40.2801,-40.2353,0.0003499,O=C1N2CCN(CC2)C1(Cc1ccc(F)cn1)c1ccc(F)cc1,1,O=C1N2CCN(CC2)C1(Cc1ccccn1)c1ccccc1,0.0002350,309.2815,0.8636505,0.8637,0.4590074,3.8934,1.0000000,1.0000,[],13
38.3724,43.4959,-40.5398,0.0230952,CCn1c2ccccc2c2cc3c(cc21)OCCN3c1ccc(C(c2ccccc2)(c2ccccc2)c2ccccc2)cc1,1,c1ccc(C(c2ccccc2)(c2ccccc2)c2ccc(N3CCOc4cc5[nH]c6ccccc6c5cc43)cc2)cc1,0.0202038,357.8575,0.1852286,0.1852,0.5839778,2.6895,1.0000000,1.0000,[],13
31.5096,30.0757,-29.9637,0.0008757,O=C(CN1CCN(c2nccs2)CC1)Nc1ccc(S(=O)(=O)Nc2nccs2)cc1,1,O=C(CN1CCN(c2nccs2)CC1)Nc1ccc(S(=O)(=O)Nc2nccs2)cc1,0.0006221,319.8535,0.5516686,0.5517,0.6249843,2.3501,1.0000000,1.0000,[],13
42.9454,48.2922,-48.2922,0.0000000,COc1ccc2c(c1)NN=C(c1ccc(N(C)C)cc1O)C1CCCNC21,1,c1ccc(C2=NNc3ccccc3C3NCCCC23)cc1,0.0000000,0.0000,0.0000000,0.0000,0.0000000,0.0000,0.0000000,0.0000,['[#7;!n][#7;!n]'],13
36.4358,39.8274,-10.2700,0.2309173,CCN(CC)c1ccc(C=Nc2cc(C(C)(C)c3ccc(N)cc3)ccc2OC)cc1,1,C(=Nc1cccc(Cc2ccccc2)c1)c1ccccc1,0.2233146,386.4668,0.3519038,0.3519,0.6020456,2.5371,1.0000000,1.0000,[],13
49.3579,48.5016,-26.7578,0.1698730,CC=C(C#N)C=CC(=O)CCN1CCC(NCc2ccc(OC(F)(F)F)c(Cl)c2)CC1,1,c1ccc(CNC2CCNCC2)cc1,0.1623196,382.1823,0.3296520,0.3297,0.5451529,3.0334,1.0000000,1.0000,[],13
66.0309,65.0846,-65.0846,0.0000000,c12[C@@H]3[C@@H](C(OC(C)(C)C)=O)CCOc3ccc1N(c1ccc(C)cc1C2(C)C)C(O)OCC(Cl)(Cl)Cl,0,,0.0000000,0.0000,0.0000000,0.0000,0.0000000,0.0000,0.0000000,0.0000,None,13
27.9507,30.1915,-30.1915,0.0000000,CCOC(=O)C1C(N)=NC(C)=C(C#N)C1c1cccc([N+](=O)[O-])c1,1,C1=CC(c2ccccc2)CC=N1,0.0000000,0.0000,0.0000000,0.0000,0.0000000,0.0000,0.0000000,0.0000,"['C(=[O,S])[O,S]']",13
76.5143,83.8286,18.4291,0.7988887,CCCCCN(C)c1ccc(-c2ccc(CCc3ccc(-c4ccc(C=C(c5ccc(-c6cnc(-c7ccccc7)s6)nc5)c5nc(-c6ccc(-c7cccs7)cc6)cs5)s4)cc3)cc2)cc1C#N,1,C(=C(c1ccc(-c2cnc(-c3ccccc3)s2)nc1)c1nc(-c2ccc(-c3cccs3)cc2)cs1)c1ccc(-c2ccc(CCc3ccc(-c4ccccc4)cc3)cc2)s1,0.8671467,420.3680,0.0850819,0.0851,0.4679081,3.7974,1.0000000,1.0000,[],13
39.6077,42.4043,-42.4043,0.0000000,COC(=O)c1c(C=Cc2cc(OC)ccc2OC)nc2ccc(F)cc2c1-c1ccccc1,1,C(=Cc1cc(-c2ccccc2)c2ccccc2n1)c1ccccc1,0.0000000,0.0000,0.0000000,0.0000,0.0000000,0.0000,0.0000000,0.0000,"['C(=[O,S])[O,S]']",13
77.7460,85.1707,-85.1707,0.0000000,NC1=NN2C(=NCc3sccc32)N1c1ccc(N2CCN(Cc3ccc4c(c3)CCN4C3CCc4cc(-c5noc(-c6ccco6)n5)ccc43)CC2)cc1,1,C1=NN2C(=NCc3sccc32)N1c1ccc(N2CCN(Cc3ccc4c(c3)CCN4C3CCc4cc(-c5noc(-c6ccco6)n5)ccc43)CC2)cc1,0.0000000,0.0000,0.0000000,0.0000,0.0000000,0.0000,0.0000000,0.0000,['[#7;!n][#7;!n]'],13
27.4081,25.8936,-25.8936,0.0000000,COc1ccccc1OC(C)C(=O)NN=Cc1ccc(F)cc1,1,O=C(COc1ccccc1)NN=Cc1ccccc1,0.0000000,0.0000,0.0000000,0.0000,0.0000000,0.0000,0.0000000,0.0000,['[#7;!n][#7;!n]'],13
47.4554,49.3616,-49.3613,0.0000024,CN(C)C1CC2CCC1=CC1C2C2CCC1(C)O2,1,C1=C2CCC(CC2)C2C3CCC(O3)C12,0.0000013,252.6835,0.6606764,0.6607,0.3026704,5.9756,1.0000000,1.0000,[],13
32.4426,34.4553,-34.4553,0.0000000,COC(=O)C(=C(O)c1ccccc1)C(C[N+](=O)[O-])c1ccccc1Cl,1,C(=Cc1ccccc1)Cc1ccccc1,0.0000000,0.0000,0.0000000,0.0000,0.0000000,0.0000,0.0000000,0.0000,"['C(=[O,S])[O,S]']",13
22.6271,24.1957,-24.1826,0.0001025,O=c1[nH]c(=O)n(C2OC(CO)C(O)C2O)cc1O,1,O=c1ccn(C2CCCO2)c(=O)[nH]1,0.0000662,295.5271,0.3773408,0.3773,0.4781644,3.6890,1.0000000,1.0000,[],13
46.0408,50.4066,-50.4066,0.0000000,O=C(O)C=Cc1ccc(CCCCO)c2cc3[nH]cnc3cc12,1,c1ccc2cc3[nH]cnc3cc2c1,0.0000000,0.0000,0.0000000,0.0000,0.0000000,0.0000,0.0000000,0.0000,"['C(=[O,S])[O,S]']",13
63.5414,70.1463,-70.1463,0.0000000,N#CC(C#N)=Cc1ccc2c(c1)-c1cc3cc4[nH]c5c(ccc6cc(C(F)(F)F)c(C(=O)O)cc65)c(=O)c4c-3nc(C#N)c1-2,1,O=c1c2ccc3ccccc3c2[nH]c2cc3cc4c(cnc-3c12)-c1ccccc1-4,0.0000000,0.0000,0.0000000,0.0000,0.0000000,0.0000,0.0000000,0.0000,"['C(=[O,S])[O,S]']",13
37.8744,39.7005,-39.7005,0.0000000,CCCOc1ccc(Nc2ncc(Cl)c(NCC=CC(=O)O)n2)cc1,1,c1ccc(Nc2ncccn2)cc1,0.0000000,0.0000,0.0000000,0.0000,0.0000000,0.0000,0.0000000,0.0000,"['C(=[O,S])[O,S]']",13
51.1801,51.3998,-51.3998,0.0000000,COC(=O)c1cc(CC(N)=O)cc(NC(=O)Nc2ccc(Oc3ccnc4nc(OC)ncc34)cc2)c1OC,1,O=C(Nc1ccccc1)Nc1ccc(Oc2ccnc3ncncc23)cc1,0.0000000,0.0000,0.0000000,0.0000,0.0000000,0.0000,0.0000000,0.0000,"['C(=[O,S])[O,S]']",13
26.0651,25.4562,-25.4562,0.0000000,CCOc1ccc(C=NNC(=O)CNC(=O)c2cccc(Br)c2)cc1,1,O=C(CNC(=O)c1ccccc1)NN=Cc1ccccc1,0.0000000,0.0000,0.0000000,0.0000,0.0000000,0.0000,0.0000000,0.0000,['[#7;!n][#7;!n]'],13
31.6314,33.7351,-33.7135,0.0001690,CN1CCCC1CCCCOc1ccc2c(c1)CCC(=O)N2,1,O=C1CCc2cc(OCCCCC3CCCN3)ccc2N1,0.0001089,300.9305,0.8204466,0.8204,0.5787760,2.7342,1.0000000,1.0000,[],13
44.9869,51.3813,-51.3813,0.0000000,N(c1cc2c(c3c1cc(N(C)C)cc3)c1cc(c(N(C)C)cc=1s2)=[N+](C)C)C,0,,0.0000000,0.0000,0.0000000,0.0000,0.0000000,0.0000,0.0000000,0.0000,None,13
25.8907,25.3865,-25.3601,0.0002065,Brc1ccc(-c2nnc3cnccn23)cc1,1,c1ccc(-c2nnc3cnccn23)cc1,0.0001349,303.2547,0.6850964,0.6851,0.6402592,2.2294,1.0000000,1.0000,[],13
57.6549,58.9304,-58.9304,0.0000000,COC1=CN2CCN=C2C2=c3ccc(Cc4ccc(Cl)cc4)cc3=C1C1(CCN(C(=O)OC(C)(C)C)CC1)O2,1,C1=CN2CCN=C2C2=c3ccc(Cc4ccccc4)cc3=C1C1(CCNCC1)O2,0.0000000,0.0000,0.0000000,0.0000,0.0000000,0.0000,0.0000000,0.0000,"['[*;r{8-17}]', 'C(=[O,S])[O,S]']",13
23.6132,26.6272,-26.6272,0.0000000,c12cc3nc4c(cccc4)nc3c3ccccc3c2cccc1,0,,0.0000000,0.0000,0.0000000,0.0000,0.0000000,0.0000,0.0000000,0.0000,None,13
40.9850,43.3916,-43.1427,0.0019450,CC(O)C(C)CCN=C=Nc1ccc(N)c(S(=O)(=O)O)c1,1,c1ccccc1,0.0014634,329.1501,0.4187097,0.4187,0.4549556,3.9378,1.0000000,1.0000,[],13
28.1425,30.2454,-27.0416,0.0250301,c1ccc(-c2ccc(N(c3ccc(-c4ccc5ccc6ccccc6c5c4)cc3)c3cccc4ccccc34)cc2)cc1,1,c1ccc(-c2ccc(N(c3ccc(-c4ccc5ccc6ccccc6c5c4)cc3)c3cccc4ccccc34)cc2)cc1,0.0219060,358.7546,0.1937167,0.1937,0.6540104,2.1232,1.0000000,1.0000,[],13
58.1793,61.5531,-61.3799,0.0013531,Cc1nc(NCC2CCC(C(C)C)CC2)cc(-n2c(C)cc3c(Nc4ccc(S(=O)(=O)C(C)C)cc4)ncnc32)n1,1,c1ccc(Nc2ncnc3c2ccn3-c2cc(NCC3CCCCC3)ncn2)cc1,0.0010143,325.1652,0.2286129,0.2286,0.5428447,3.0547,1.0000000,1.0000,[],13
32.5608,33.9602,-33.9602,0.0000000,O=C(O)C(=O)C=Cc1ccc2cc3c(cc2n1)OCO3,1,c1cnc2cc3c(cc2c1)OCO3,0.0000000,0.0000,0.0000000,0.0000,0.0000000,0.0000,0.0000000,0.0000,"['C(=[O,S])[O,S]']",13
77.8296,83.6905,2.9624,0.6769761,CCCCCCCCCCOc1ccc(N=C2NC(=Cc3ccc(N(c4ccc(C(c5ccccc5)=c5c6c(oc5=CC=CC=Cc5nc7ccccc7s5)CCCC6)cc4)c4ccc5ccccc5c4)cc3)S2)cc1,1,C(=CC=c1oc2c(c1=C(c1ccccc1)c1ccc(N(c3ccc(C=C4NC(=Nc5ccccc5)S4)cc3)c3ccc4ccccc4c3)cc1)CCCC2)C=Cc1nc2ccccc2s1,0.7379775,508.7574,0.0606196,0.0606,0.4194696,4.3438,1.0000000,1.0000,[],13
19.9274,22.3457,-22.3261,0.0001528,Oc1ccc2c(c1)NCCO2,1,c1ccc2c(c1)NCCO2,0.0000988,299.8727,0.5849611,0.5850,0.6200031,2.3902,1.0000000,1.0000,[],13
25.3412,28.0161,95.7111,0.9666181,CCCN1C(=O)C(=c2sc(=C(C#N)C(=O)Nc3ccccc3)s2)c2ccccc21,1,O=C(C=c1sc(=C2C(=O)Nc3ccccc32)s1)Nc1ccccc1,0.9869257,446.9467,0.7063520,0.7064,0.5763725,2.7550,1.0000000,1.0000,[],13
39.2370,42.5716,-42.5716,0.0000000,CN(CCn1c(=O)n(c2c(c1=O)n1c(n2)c2c(ccc(c2)OC)c1)C)C,0,,0.0000000,0.0000,0.0000000,0.0000,0.0000000,0.0000,0.0000000,0.0000,None,13
40.2279,42.7621,-42.7621,0.0000000,CC(C)=CCc1ccc(-c2nnc(C=C(C)C(=O)O)o2)c(O)c1,1,c1ccc(-c2nnco2)cc1,0.0000000,0.0000,0.0000000,0.0000,0.0000000,0.0000,0.0000000,0.0000,"['C(=[O,S])[O,S]']",13
39.4285,38.3758,-38.3656,0.0000795,Cc1ccc(C(c2ccccc2)C2CCC(C)(O)C2)c(O)c1,1,c1ccc(C(c2ccccc2)C2CCCC2)cc1,0.0000492,292.3094,0.8819186,0.8819,0.5037143,3.4287,1.0000000,1.0000,[],13
38.4964,42.6643,-42.6643,0.0000000,O=C(O)CCCCC=CC(=O)c1ccc2c(c1)S(=O)(=O)c1ccccc1C2=O,1,O=C1c2ccccc2S(=O)(=O)c2ccccc21,0.0000000,0.0000,0.0000000,0.0000,0.0000000,0.0000,0.0000000,0.0000,"['C(=[O,S])[O,S]']",13
25.2116,27.1898,-25.0068,0.0170551,O=C(c1cc2sccc2o1)c1cccs1,1,O=C(c1cc2sccc2o1)c1cccs1,0.0141292,353.9075,0.6314246,0.6314,0.5775714,2.7446,1.0000000,1.0000,[],13
34.3013,41.2412,-12.2364,0.2266002,CNc1cc2c(Nc3ccc4c(c3)OCO4)nc(-c3ccc(C#N)cc3)nc2s1,1,c1ccc(-c2nc(Nc3ccc4c(c3)OCO4)c3ccsc3n2)cc1,0.2165194,386.0367,0.5099627,0.5100,0.5829276,2.6985,1.0000000,1.0000,[],13
32.6188,41.1187,-41.1187,0.0000000,Nc1cc2oc(nc2c2-c1cc[n+](C)c2)=O,0,,0.0000000,0.0000,0.0000000,0.0000,0.0000000,0.0000,0.0000000,0.0000,None,14
54.6452,57.8250,-57.8250,0.0000000,COc1cc2ccc3c(c2o1)OC(=O)C3=C1C=C(n2nc3ccccc3n2)C1=O,1,O=C1Oc2c(ccc3ccoc23)C1=C1C=C(n2nc3ccccc3n2)C1=O,0.0000000,0.0000,0.0000000,0.0000,0.0000000,0.0000,0.0000000,0.0000,"['C(=[O,S])[O,S]']",14
39.1182,40.3380,-40.3380,0.0000000,CCCOc1ccnc(Nc2ccc(N)c(N3CCN(C(=O)O)CC3)c2)n1,1,c1cnc(Nc2cccc(N3CCNCC3)c2)nc1,0.0000000,0.0000,0.0000000,0.0000,0.0000000,0.0000,0.0000000,0.0000,"['C(=[O,S])[O,S]']",14
23.6480,25.9428,-25.9428,0.0000000,COC(=O)c1nc2ccc(C)cc2[nH]c1=O,1,O=c1cnc2ccccc2[nH]1,0.0000000,0.0000,0.0000000,0.0000,0.0000000,0.0000,0.0000000,0.0000,"['C(=[O,S])[O,S]']",14
59.8054,67.0135,-67.0135,0.0000000,Nc1ccc(CCN2C(=O)C(=C(c3sc(C=CC(=O)O)nc3-c3ccccc3)N3CCCCCC3)c3ccccc32)cc1,1,O=C1C(=C(c2scnc2-c2ccccc2)N2CCCCCC2)c2ccccc2N1CCc1ccccc1,0.0000000,0.0000,0.0000000,0.0000,0.0000000,0.0000,0.0000000,0.0000,"['C(=[O,S])[O,S]']",14
35.6637,36.9173,-36.9173,0.0000000,CCCCCCN(c1ccc(C)cc1)c1ccc(-c2ccc(OC(=O)c3ccc(C)cc3)cc2)cc1,1,O=C(Oc1ccc(-c2ccc(Nc3ccccc3)cc2)cc1)c1ccccc1,0.0000000,0.0000,0.0000000,0.0000,0.0000000,0.0000,0.0000000,0.0000,"['C(=[O,S])[O,S]']",14
57.6535,64.7387,-64.7387,0.0000000,Cc1c2OCC(c2ccc1-c1cc2c(cc1)N(CCO2)Cc1c(c(c2nnn(c2n1)C)C)C)(=O)=O,0,,0.0000000,0.0000,0.0000000,0.0000,0.0000000,0.0000,0.0000000,0.0000,None,14
33.3217,35.3539,-35.3275,0.0002065,COc1ccc(CNCCOc2ccc3c(c2)C(C)(C)C(=O)N3)cc1OC,1,O=C1Cc2cc(OCCNCc3ccccc3)ccc2N1,0.0001349,303.2523,0.6990770,0.6991,0.6367611,2.2568,1.0000000,1.0000,[],14
28.4599,29.8892,-29.8645,0.0001935,CC(=O)c1ccccc1COc1nc2ccccc2s1,1,c1ccc(COc2nc3ccccc3s2)cc1,0.0001260,302.5128,0.6772572,0.6773,0.6632781,2.0528,1.0000000,1.0000,[],14
31.2554,31.3745,-31.3657,0.0000686,COc1cccc(C2(C)Cc3ccc(OC)cc3C2)c1,1,c1ccc(C2Cc3ccccc3C2)cc1,0.0000421,290.6019,0.8435285,0.8435,0.5874834,2.6595,1.0000000,1.0000,[],14
86.5633,93.8417,-90.0684,0.0294791,CN(C(=O)CCc1ccc(-c2ccc(N3CC4(COC4)C3)nc2)nc1N1CCC(c2cc(C#N)c3c(c2)C(=O)N(CC2CCOCC2)CC(C)(C)O3)CC1)c1ccc(C#N)cc1,1,O=C(CCc1ccc(-c2ccc(N3CC4(COC4)C3)nc2)nc1N1CCC(c2ccc3c(c2)C(=O)N(CC2CCOCC2)CCO3)CC1)Nc1ccccc1,0.0263993,360.8303,0.1673148,0.1673,0.4118566,4.4354,1.0000000,1.0000,[],14
109.7015,107.8875,-107.8875,0.0000000,CCCCCCC(C)(C)C(=O)OC12C(C(=O)C=CC=C(C)C)C(OC(C)=O)C3OC4OCC56CCC(C)C41C5(CC(C=C(C)C)C(=O)OC)C32O6,1,C1CC23COC4OC5CCC6C4(C1)C2C56O3,0.0000000,0.0000,0.0000000,0.0000,0.0000000,0.0000,0.0000000,0.0000,"['C(=[O,S])[O,S]']",14
22.1418,23.6939,-23.6875,0.0000504,O=C1C2C3C=CC(C3)C2C(=O)N1c1ccc(Oc2ccccc2)cc1,1,O=C1C2C3C=CC(C3)C2C(=O)N1c1ccc(Oc2ccccc2)cc1,0.0000308,287.2261,0.6348842,0.6349,0.4662448,3.8152,1.0000000,1.0000,[],14
38.4996,36.8726,-36.8726,0.0000000,CCC(NC(=O)NN)C1CCC2C3CCC4CC(O)CCC4(C)C3CCC12C,1,C1CCC2C(C1)CCC1C3CCCC3CCC21,0.0000000,0.0000,0.0000000,0.0000,0.0000000,0.0000,0.0000000,0.0000,['[#7;!n][#7;!n]'],14
55.0864,61.9642,-50.4212,0.0901789,Cc1ccccc1N1C(=O)NC(N=Cc2cccc(O)c2O)C1=Nc1ccc(N2CCN(CCc3ccccc3)CC2)cn1,1,O=C1NC(N=Cc2ccccc2)C(=Nc2ccc(N3CCN(CCc4ccccc4)CC3)cn2)N1c1ccccc1,0.0849102,374.1874,0.1995021,0.1995,0.4783361,3.6872,1.0000000,1.0000,[],14
29.7348,28.2703,-28.2703,0.0000000,CCc1ccc(-n2nnnc2-c2cccc(C(=O)O)c2)cc1,1,c1ccc(-c2nnnn2-c2ccccc2)cc1,0.0000000,0.0000,0.0000000,0.0000,0.0000000,0.0000,0.0000000,0.0000,"['C(=[O,S])[O,S]']",14
33.5552,38.0406,-28.7817,0.0723348,COc1ccc(C=C(NC(C)=O)c2nc3c([N+](=O)[O-])cccc3[nH]2)cc1,1,C(=Cc1nc2ccccc2[nH]1)c1ccccc1,0.0649316,371.0403,0.5413626,0.5414,0.5963150,2.5849,1.0000000,1.0000,[],14
24.6883,28.2205,-25.9833,0.0174785,O=c1[nH]c2ccc([N+](=O)[O-])cc2nc1-c1ccc(Cl)cc1,1,O=c1[nH]c2ccccc2nc1-c1ccccc1,0.0144954,354.1893,0.5813710,0.5814,0.6609469,2.0704,1.0000000,1.0000,[],14
40.3765,43.0089,-42.7255,0.0022147,Nc1nc2sc3cc(F)cc(C(F)(F)F)c3c2c(=O)n1-c1cc(Cl)ccc1Cl,1,O=c1c2c(ncn1-c1ccccc1)sc1ccccc12,0.0016747,330.6163,0.3833071,0.3833,0.5676020,2.8317,1.0000000,1.0000,[],14
53.4080,52.9371,-52.9371,0.0000000,CCOC(=O)C(=Nc1cc(Cl)cc(Cl)c1)C1=C(Cc2cccc([N+](=O)[O-])c2)c2cccc(Cl)c2C1=O,1,O=C1C(C=Nc2ccccc2)=C(Cc2ccccc2)c2ccccc21,0.0000000,0.0000,0.0000000,0.0000,0.0000000,0.0000,0.0000000,0.0000,"['C(=[O,S])[O,S]']",14
50.7716,51.9229,-47.0048,0.0384226,Fc1cc2c(c3ccccc13)OCc1sc3[nH]c(-c4ccsc4)cc3c1-2,1,c1ccc2c3c(ccc2c1)-c1c(sc2[nH]c(-c4ccsc4)cc12)CO3,0.0339263,363.6382,0.3409485,0.3409,0.5368478,3.1102,1.0000000,1.0000,[],14
31.3016,33.2568,-30.8467,0.0188293,O=c1[nH]c2nc(N3CCCCC3)nn2c2cc(Br)ccc12,1,O=c1[nH]c2nc(N3CCCCC3)nn2c2ccccc12,0.0156082,355.0046,0.7330619,0.7331,0.5750650,2.7664,1.0000000,1.0000,[],14
37.4470,36.8194,-36.4134,0.0031716,CC(=O)C1=C(C)OC12c1ccccc1Oc1ccc(Cl)cc12,1,C1=CC2(O1)c1ccccc1Oc1ccccc12,0.0023979,334.5219,0.7727315,0.7727,0.4896180,3.5706,1.0000000,1.0000,[],14
28.0340,29.7907,-29.7839,0.0000533,BrC(c1ccc2c(c1)CC2)C1CCCCC1,1,c1cc2c(cc1CC1CCCCC1)CC2,0.0000325,287.7928,0.6819495,0.6819,0.5809952,2.7151,1.0000000,1.0000,[],14
24.0235,26.0233,-25.8042,0.0017116,O=C(c1ccc2ccccc2c1)c1ccnc2ccccc12,1,O=C(c1ccc2ccccc2c1)c1ccnc2ccccc12,0.0012602,327.5244,0.5024043,0.5024,0.7041052,1.7541,1.0000000,1.0000,[],14
24.1805,27.5975,-27.0311,0.0044253,CC(=O)NC(C#N)=Cc1ccc(NC(C)=O)cc1,1,c1ccccc1,0.0033860,338.2789,0.7916663,0.7917,0.6157472,2.4246,1.0000000,1.0000,[],14
40.9804,42.5695,71.1446,0.8883911,C=C1CCc2c(NCCCC)oc3cc([N+](=O)[O-])cc1c23,1,C=C1CCc2coc3cccc1c23,0.9144146,425.7186,0.4984592,0.4985,0.5363697,3.1147,1.0000000,1.0000,[],14
89.0829,93.9414,-81.2189,0.0993941,COc1coc2c(Oc3ccnc4ccccc34)nc(-n3ccc4c(N5CCC6(O)CN(C)CCC56)nc(C(=O)CBr)nc43)cc12,1,c1ccc2c(Oc3nc(-n4ccc5c(N6CCC7CNCCC76)ncnc54)cc4ccoc34)ccnc2c1,0.0947486,375.4951,0.1773400,0.1773,0.4051608,4.5174,1.0000000,1.0000,[],14
28.3643,29.3109,-28.6402,0.0052395,CC(=O)Nc1cccc(NC(=O)c2nn(C3CCCCC3)c(=O)c3ccccc23)c1,1,O=C(Nc1ccccc1)c1nn(C2CCCCC2)c(=O)c2ccccc12,0.0040593,340.2555,0.6842480,0.6842,0.6460221,2.1846,1.0000000,1.0000,[],14
47.1222,53.0037,51.9448,0.8199102,CN(C)c1ccc(C=C2C(c3ccccc3)=CC(=O)C3=C2NC(=O)NC3c2ccc(-c3ccc([N+](=O)[O-])cc3)o2)cc1,1,O=C1NC2=C(C(=O)C=C(c3ccccc3)C2=Cc2ccccc2)C(c2ccc(-c3ccccc3)o2)N1,0.8646895,499.8618,0.2125089,0.2125,0.4970408,3.4954,1.0000000,1.0000,[],14
51.2150,51.4812,-51.4812,0.0000000,O(c1n(C)c2c(c([nH]1)=O)cnc2-c1cccc(c1C#N)F)CCCN,0,,0.0000000,0.0000,0.0000000,0.0000,0.0000000,0.0000,0.0000000,0.0000,None,14
67.5455,75.2869,30.3129,0.8249986,CN(C)c1cccc(C(C#N)=CC=c2ccc(=C=C(O)c3ccccc3C(=O)C=Cc3cc(F)ccc3[N+](=O)[O-])cc2)c1,1,O=C(C=Cc1ccccc1)c1ccccc1C=C=c1ccc(=CC=Cc2ccccc2)cc1,0.9024671,424.1570,0.0687899,0.0688,0.4823733,3.6452,1.0000000,1.0000,[],14
36.0672,35.8260,-35.4010,0.0033204,CC1=CCc2cc3ccccc3c3c(C)c(C)n1c23,1,C1=Cn2ccc3c4ccccc4cc(c32)C1,0.0025373,335.1368,0.5360254,0.5360,0.5731930,2.7827,1.0000000,1.0000,[],14
64.4058,67.9739,-67.9739,0.0000000,c1(ccc2c(C(Nc3c-2cn(C(n2cccc2)=O)c(-c2c(ccc(c2)C#N)OCC)n3)=O)n1)N,0,,0.0000000,0.0000,0.0000000,0.0000,0.0000000,0.0000,0.0000000,0.0000,None,14
48.3694,51.5636,-51.5636,0.0000000,c1c2ccccc2cc(-c2cccc(-c3cc(-c4nc5c6c(oc5nc4-c4ccc(cc4)-c4ccc5ccccc5n4)cccc6)c4cccnc43)c2)c1,0,,0.0000000,0.0000,0.0000000,0.0000,0.0000000,0.0000,0.0000000,0.0000,None,14
40.5703,39.7638,-39.7578,0.0000470,CCCCCCCCCCCC=CC(O)C(CSc1ccc(C)cc1)NC(=O)NC1CCCC1,1,O=C(NCCSc1ccccc1)NC1CCCC1,0.0000302,286.9847,0.1205633,0.1206,0.5142320,3.3254,1.0000000,1.0000,[],14
23.9868,22.7790,-22.7114,0.0005281,Cc1cc(C)n(-c2ccc(N)cn2)n1,1,c1ccc(-n2cccn2)nc1,0.0003617,313.9640,0.7367847,0.7368,0.6454518,2.1890,1.0000000,1.0000,[],14
34.7697,39.5279,-39.1917,0.0026262,O=C1N(Cc2ccc3c(n2)[nH]c2ccccc23)CCN1c1ccccc1,1,O=C1N(Cc2ccc3c(n2)[nH]c2ccccc23)CCN1c1ccccc1,0.0019703,332.3845,0.6077317,0.6077,0.6318378,2.2956,1.0000000,1.0000,[],14
62.3608,63.4881,-63.4881,0.0000000,CCCCOc1ccc(C(=O)OC2=CC(=O)OC(C=Cc3ccc(Oc4ccc(S(=O)(=O)c5ccc(OCCC)cc5)cc4)c(OCCC)c3)C=C2)cc1,1,O=C1C=C(OC(=O)c2ccccc2)C=CC(C=Cc2ccc(Oc3ccc(S(=O)(=O)c4ccccc4)cc3)cc2)O1,0.0000000,0.0000,0.0000000,0.0000,0.0000000,0.0000,0.0000000,0.0000,"['C(=[O,S])[O,S]']",14
26.0057,25.3974,-25.3974,0.0000000,O=C(O)CCC(C(=O)O)c1ccccc1,1,c1ccccc1,0.0000000,0.0000,0.0000000,0.0000,0.0000000,0.0000,0.0000000,0.0000,"['C(=[O,S])[O,S]']",14
48.3185,49.5200,-49.1216,0.0031128,O=C(Nc1ccc(F)cc1)c1cccc2cc3c(cc12)C1(C(=O)Nc2ccccc21)C(=O)N3,1,O=C(Nc1ccccc1)c1cccc2cc3c(cc12)C1(C(=O)Nc2ccccc21)C(=O)N3,0.0023975,334.5198,0.4058693,0.4059,0.5089114,3.3774,1.0000000,1.0000,[],14
46.0051,44.1034,-44.1034,0.0000000,C#CCNC(=O)C(=O)Oc1c(Cl)c(OCC)cc(CC)c1CC,1,c1ccccc1,0.0000000,0.0000,0.0000000,0.0000,0.0000000,0.0000,0.0000000,0.0000,"['C#C', 'C(=[O,S])[O,S]']",14
44.5311,48.5442,-48.5442,0.0000000,c12c3c4cc(N=C)c(-c5ccc(Br)cc5)c4sc3ccc1C=C2,0,,0.0000000,0.0000,0.0000000,0.0000,0.0000000,0.0000,0.0000000,0.0000,None,14
39.1012,48.3625,-48.3625,0.0000000,[O-][N+](=O)c1c(cc2c(c1)n(c(n2)=O)-c1ccc(Cl)cc1)C=Nc1ccc(cc1)Cl,0,,0.0000000,0.0000,0.0000000,0.0000,0.0000000,0.0000,0.0000000,0.0000,None,14
76.2593,79.2719,-79.2719,0.0000000,CC(=O)Oc1ccc2c(c1)C(c1ccc[nH]1)NN2c1ncnc2sc(NC3CC=NNC3C)nc12,1,C1=NNCC(Nc2nc3c(N4NC(c5ccc[nH]5)c5ccccc54)ncnc3s2)C1,0.0000000,0.0000,0.0000000,0.0000,0.0000000,0.0000,0.0000000,0.0000,"['[#7;!n][#7;!n]', 'C(=[O,S])[O,S]']",14
71.4870,79.4842,-79.4842,0.0000000,COC(=O)c1c(C)c(OC)cc2c1C1=C(C)C(=O)c3ccccc3C1(C(=O)c1c(-c3ccc(Cl)cc3)nc3ccccc3c1-c1ccc(Br)cc1)O2,1,O=C1C=C2c3ccccc3OC2(C(=O)c2c(-c3ccccc3)nc3ccccc3c2-c2ccccc2)c2ccccc21,0.0000000,0.0000,0.0000000,0.0000,0.0000000,0.0000,0.0000000,0.0000,"['C(=[O,S])[O,S]']",14
43.0664,46.3488,-46.3488,0.0000000,C=CC=CC(=CC=C(C)C=CC=C(C)C=CC=Cc1nnc(C)o1)C(=O)O,1,c1nnco1,0.0000000,0.0000,0.0000000,0.0000,0.0000000,0.0000,0.0000000,0.0000,"['C(=[O,S])[O,S]']",14
40.8427,45.7978,73.7683,0.9341101,C1=CCC(N(c2ccccc2)c2ccc3c4c2N=C4c2ccccc2-c2cc(N(c4ccccc4)c4ccccc4)ccc2-3)C=C1,1,C1=CCC(N(c2ccccc2)c2ccc3c4c2N=C4c2ccccc2-c2cc(N(c4ccccc4)c4ccccc4)ccc2-3)C=C1,0.9957601,460.7299,0.1920971,0.1921,0.4811407,3.6580,1.0000000,1.0000,[],14
23.3422,23.8501,-23.8489,0.0000096,COc1ccncc1-c1ccc(C)cc1,1,c1ccc(-c2cccnc2)cc1,0.0000053,268.1732,0.7411607,0.7412,0.7177255,1.6583,1.0000000,1.0000,[],14
42.4478,44.4308,52.3377,0.7560033,Cc1c(C(=O)N=N)c2c(n1-c1ccccc1)C(c1ccccc1)SC2,1,c1ccc(C2SCc3ccn(-c4ccccc4)c32)cc1,0.7658263,412.8648,0.6541927,0.6542,0.5086713,3.3798,1.0000000,1.0000,[],14
35.1737,35.3027,-35.3027,0.0000000,c12CCC3C=CCC(=C3C=c1[nH]nc2)OC,0,,0.0000000,0.0000,0.0000000,0.0000,0.0000000,0.0000,0.0000000,0.0000,None,14
61.1940,61.9728,-46.8152,0.1184187,N#CN=C1NCC=CC1Cc1nnc(-c2ccc3ncc4cc(Cc5ccccc5)cn4c3c2)o1,1,N=C1NCC=CC1Cc1nnc(-c2ccc3ncc4cc(Cc5ccccc5)cn4c3c2)o1,0.1116816,377.4853,0.3099374,0.3099,0.4518302,3.9722,1.0000000,1.0000,[],14
41.7504,45.0222,-44.9936,0.0002236,CN1C(=O)C(c2ccccc2)C2(c3ccc(Cl)cc3)c3ccccc3-c3ccccc3C2(c2ccccc2)C1=O,1,O=C1NC(=O)C2(c3ccccc3)c3ccccc3-c3ccccc3C2(c2ccccc2)C1c1ccccc1,0.0001529,304.6129,0.2243407,0.2243,0.4822543,3.6464,1.0000000,1.0000,[],14
25.3625,27.8720,92.9176,0.9436690,c1ccc(N=Nc2ccc(Sc3nc4ccccc4o3)cc2)cc1,1,c1ccc(N=Nc2ccc(Sc3nc4ccccc4o3)cc2)cc1,0.9774621,440.9297,0.4067877,0.4068,0.6268820,2.3350,1.0000000,1.0000,[],14
42.0688,47.1095,-39.3130,0.0609107,CC(C)(C)c1cc2sc3cc(-c4cnc(N5C6CCC5CC6)s4)ccc3c2o1,1,c1cc2sc3cc(-c4cnc(N5C6CCC5CC6)s4)ccc3c2o1,0.0552098,369.1670,0.3510803,0.3511,0.4685777,3.7903,1.0000000,1.0000,[],14
33.7364,37.0782,-35.9839,0.0085493,COc1cccc(Nc2cc(C)c3cccc(CNC(C)C)c3n2)c1,1,c1ccc(Nc2ccc3ccccc3n2)cc1,0.0067981,345.8838,0.6795110,0.6795,0.6454250,2.1892,1.0000000,1.0000,[],14
37.3829,40.0680,-40.0267,0.0003225,CCc1n(Cc2ccc(C#N)cc2)c2c(=O)[nH]c(=O)n(C)c2[n+]1C,1,O=c1[nH]c(=O)c2c([nH]1)[nH+]cn2Cc1ccccc1,0.0002164,308.3818,0.7046097,0.7046,0.5432869,3.0506,1.0000000,1.0000,[],14
42.1546,44.6851,-44.6851,0.0000000,O=C(OC)C1C2[N+]3(C=CC=N2)N(c2ccc(cc2)Br)CN=1,0,,0.0000000,0.0000,0.0000000,0.0000,0.0000000,0.0000,0.0000000,0.0000,None,14
52.4024,53.1629,-53.1629,0.0000000,COc1cc(Oc2ccc3c(cnn3Cc3ccc(N(C)C)cc3)c2)nc2c1C(=O)C(=O)S2,1,O=C1Sc2nc(Oc3ccc4c(cnn4Cc4ccccc4)c3)ccc2C1=O,0.0000000,0.0000,0.0000000,0.0000,0.0000000,0.0000,0.0000000,0.0000,"['C(=[O,S])[O,S]']",14
30.2372,34.2026,-34.0491,0.0011992,C=CCN(c1ccc(F)cc1)S(=O)(=O)c1ccc(S(=O)(=O)C(F)(F)F)cc1,1,O=S(=O)(Nc1ccccc1)c1ccccc1,0.0008675,323.4661,0.5267738,0.5268,0.6241885,2.3565,1.0000000,1.0000,[],14
29.4590,32.2566,-32.2566,0.0000000,CC1Cc2cc(C(O)=C3C(=O)C(=O)N(CC(=O)O)C3c3cccnc3)ccc2O1,1,O=C1NC(c2cccnc2)C(=Cc2ccc3c(c2)CCO3)C1=O,0.0000000,0.0000,0.0000000,0.0000,0.0000000,0.0000,0.0000000,0.0000,"['C(=[O,S])[O,S]']",14
33.3522,32.1607,-32.0339,0.0009907,O=C(C=Cc1ccc(Cn2ccc3ccccc3c2=O)cc1)N1CCCC1,1,O=C(C=Cc1ccc(Cn2ccc3ccccc3c2=O)cc1)N1CCCC1,0.0007034,321.1877,0.6677713,0.6678,0.6590415,2.0848,1.0000000,1.0000,[],14
21.4350,21.8445,-21.8445,0.0000002,C=CCCC1=CCCCC1,1,C1=CCCCC1,0.0000001,221.8293,0.5211472,0.5211,0.5944031,2.6010,1.0000000,1.0000,[],14
39.7884,40.2260,-40.2260,0.0000000,COc1ccc2nc(C(Oc3ccc(CC4SC(=O)NC4=O)cc3)C(=O)O)oc2c1,1,O=C1NC(=O)C(Cc2ccc(OCc3nc4ccccc4o3)cc2)S1,0.0000000,0.0000,0.0000000,0.0000,0.0000000,0.0000,0.0000000,0.0000,"['C(=[O,S])[O,S]']",14
52.1798,53.9068,-52.1332,0.0138568,Cc1nc(-n2cnc3c(cnn3-c3ccccc3C(=O)NC3CC3)c2=O)c2sc3ccccc3c2n1,1,O=C(NC1CC1)c1ccccc1-n1ncc2c(=O)n(-c3ncnc4c3sc3ccccc34)cnc21,0.0115259,351.6677,0.3987581,0.3988,0.5657756,2.8478,1.0000000,1.0000,[],15
41.1286,42.0823,82.2989,0.9717284,C=C(C)Cc1cccc(=c2ccc(=C)[nH]2)c1=C,1,C=c1ccc(=c2ccccc2=C)[nH]1,0.9944161,463.7343,0.7515631,0.7516,0.4773206,3.6978,1.0000000,1.0000,[],15
32.4543,38.0889,-38.0889,0.0000000,c1c(C(=O)N(c2ccccc2)C)cc2Oc3cc(Cl)ccc3N=c2c1,0,,0.0000000,0.0000,0.0000000,0.0000,0.0000000,0.0000,0.0000000,0.0000,None,15
57.5062,62.4547,50.4812,0.8823113,Cc1ccc(S(=O)(=O)Oc2c(O)cc(-c3nn[nH]n3)cc2C=Nc2sc(=S)n(N)c2C#N)cc1,1,O=S(=O)(Oc1ccc(-c2nn[nH]n2)cc1C=Nc1c[nH]c(=S)s1)c1ccccc1,0.9445092,430.7746,0.1493835,0.1494,0.4981306,3.4845,1.0000000,1.0000,[],15
58.0603,70.1197,19.4655,0.6998843,CCCCCCc1ccc(N(c2ccccc2)c2ccc(-c3nc4c(c(-c5ccc(Cl)s5)c3C(C#N)=Cc3ccc(N(c5ccccc5)c5ccccc5)cc3)-c3ccc(CCCCCC)cc3-4)cc2)cc1,1,C(=Cc1c(-c2ccc(N(c3ccccc3)c3ccccc3)cc2)nc2c(c1-c1cccs1)-c1ccccc1-2)c1ccc(N(c2ccccc2)c2ccccc2)cc1,0.7642485,412.7695,0.0563764,0.0564,0.4688404,3.7875,1.0000000,1.0000,[],15
56.3817,59.1144,-59.1144,0.0000000,CC([C@@H](Oc1cc2[C@@H]3[C@H](CCCCO)[C@@H](c4ncccc4)Nc4c3c(ccc4)cc2cc1)C=C(C(=O)OCC)C)(C)C,0,,0.0000000,0.0000,0.0000000,0.0000,0.0000000,0.0000,0.0000000,0.0000,None,15
40.4631,41.2998,-41.2388,0.0004768,O=C(Nc1cccc(NC(=O)C2CCCC2)c1)c1ccc(-c2nnn(-c3ccc(F)cc3)n2)cc1,1,O=C(Nc1cccc(NC(=O)C2CCCC2)c1)c1ccc(-c2nnn(-c3ccccc3)n2)cc1,0.0003308,312.9913,0.4195077,0.4195,0.6388169,2.2407,1.0000000,1.0000,[],15
32.4499,42.2153,-42.2153,0.0000000,N#Cc1ccc2nc(NN=Cc3ccc(N(c4ccccc4)c4ccccc4)cc3)nc(-c3ccc(N(c4ccccc4)c4ccccc4)cc3)c2c1,1,C(=NNc1nc(-c2ccc(N(c3ccccc3)c3ccccc3)cc2)c2ccccc2n1)c1ccc(N(c2ccccc2)c2ccccc2)cc1,0.0000000,0.0000,0.0000000,0.0000,0.0000000,0.0000,0.0000000,0.0000,['[#7;!n][#7;!n]'],15
35.5369,40.1801,-40.1801,0.0000000,COc1ccc(C2=C(CCC(=O)O)C3(C)CCCC=C3CC2)cc1,1,C1=C(c2ccccc2)CCC2=CCCCC12,0.0000000,0.0000,0.0000000,0.0000,0.0000000,0.0000,0.0000000,0.0000,"['C(=[O,S])[O,S]']",15
67.7138,71.3734,-71.3734,0.0000000,C1Oc2cc3c(c(N/N=C\c4c(cc(c5c4oc(c5-c4c(ccc5ccccc45)C)F)=O)=O)ccc3)c(OC)c2C1,0,,0.0000000,0.0000,0.0000000,0.0000,0.0000000,0.0000,0.0000000,0.0000,None,15
57.0010,60.2021,32.9434,0.7276991,CCCCCCC(=C1C(=O)N(C)C(=O)N(c2cccc(N3CCN(CC4CC4)CC3)c2)C1=O)c1ccc(SC)cc1,1,O=C1NC(=O)N(c2cccc(N3CCN(CC4CC4)CC3)c2)C(=O)C1=Cc1ccccc1,0.7716075,413.2179,0.1360662,0.1361,0.5567195,2.9285,1.0000000,1.0000,[],15
28.3219,30.3098,-30.1661,0.0011232,Nc1nnc(COc2ccc3oc4ccccc4c3c2)nc1N,1,c1ccc2c(c1)oc1ccc(OCc3nccnn3)cc12,0.0008070,322.6800,0.5974559,0.5975,0.6079354,2.4884,1.0000000,1.0000,[],15
31.3598,38.2542,77.5524,0.9047397,Cc1cnc(-c2ccc(-c3ccc(-c4sc(N(c5ccccc5)c5ccccc5)cc4-c4ccc(N(c5ccccc5)c5ccccc5)cc4)s3)s2)s1,1,c1ccc(N(c2ccccc2)c2ccc(-c3cc(N(c4ccccc4)c4ccccc4)sc3-c3ccc(-c4ccc(-c5nccs5)s4)s3)cc2)cc1,0.9707913,438.0403,0.1385481,0.1385,0.5312551,3.1626,1.0000000,1.0000,[],15
43.5138,46.9885,-46.7036,0.0022257,Cc1ccc(-c2nccn2C2=[IH]=Cc3ccccc32)cc1,1,C1=[IH]=C(n2ccnc2-c2ccccc2)c2ccccc21,0.0016730,330.6057,0.4801448,0.4801,0.5431566,3.0518,1.0000000,1.0000,[],15
62.9005,76.0887,-76.0887,0.0000000,c12c3nc(C)nn3cnc2n(c(C#N)c(c1N=Cc1cc(COCCC)c(OCCCC)cc1)=O)Nc1ccc(cc1)OC,0,,0.0000000,0.0000,0.0000000,0.0000,0.0000000,0.0000,0.0000000,0.0000,None,15
68.3145,80.8669,-80.8669,0.0000000,COc1ccc(Nc2ccc(C(=O)c3ccc(N=Nc4ccc(O)c5ccccc45)cc3)cc2N)cc1-c1nc2c(O)c(C=C3SC(=O)NC3=O)ccc2o1,1,O=C1NC(=O)C(=Cc2ccc3oc(-c4cccc(Nc5ccc(C(=O)c6ccc(N=Nc7cccc8ccccc78)cc6)cc5)c4)nc3c2)S1,0.0000000,0.0000,0.0000000,0.0000,0.0000000,0.0000,0.0000000,0.0000,"['C(=[O,S])[O,S]']",15
46.5460,49.4717,-49.4717,0.0000000,C1=C2c3cc4ccccc4c4c3C(CC(c3ccccc3)=N4)c3ccccc3N(c3ccc(-c4ccccc4)cc3)C2CCC1,1,C1=C2c3cc4ccccc4c4c3C(CC(c3ccccc3)=N4)c3ccccc3N(c3ccc(-c4ccccc4)cc3)C2CCC1,0.0000000,0.0000,0.0000000,0.0000,0.0000000,0.0000,0.0000000,0.0000,['[*;r{8-17}]'],15
59.8262,58.8427,-58.8427,0.0000000,c1cccc(-c2cc3c(c4c(c5ccccc5c(c4)-c4ccc(-c5cc6cc(-c7ccc8c(cccc8)c7)ccc6-c5cc4)cc3)C=C)cc2)n1,0,,0.0000000,0.0000,0.0000000,0.0000,0.0000000,0.0000,0.0000000,0.0000,None,15
46.5519,45.8970,-45.8331,0.0004994,CN1CCC(NC(=O)NC2C3CC4CC(C3)CC2C4)C(c2ccn(C)c(=O)c2)C1,1,O=C(NC1CCNCC1c1cc[nH]c(=O)c1)NC1C2CC3CC(C2)CC1C3,0.0003436,313.4044,0.8210850,0.8211,0.3895006,4.7144,1.0000000,1.0000,[],15
27.0614,25.9285,-25.9285,0.0000000,[C-]#[N+]CC(O)CC(=O)OCc1ccccc1,1,c1ccccc1,0.0000000,0.0000,0.0000000,0.0000,0.0000000,0.0000,0.0000000,0.0000,"['C(=[O,S])[O,S]']",15
54.2913,59.0906,-59.0906,0.0000000,N#Cc1ccc2nc(F)c(-c3cnc4cc(OCCOC(=O)C=[N+]=[N-])ccc4n3)n2n1,1,c1ccc2nc(-c3cnc4cccnn34)cnc2c1,0.0000000,0.0000,0.0000000,0.0000,0.0000000,0.0000,0.0000000,0.0000,"['C(=[O,S])[O,S]']",15
32.9008,32.1720,-32.1620,0.0000787,N#Cc1ccc(OC2CN(S(=O)(=O)c3cc4ccccc4o3)C2)nc1,1,O=S(=O)(c1cc2ccccc2o1)N1CC(Oc2ccccn2)C1,0.0000489,292.2389,0.7113361,0.7113,0.5916340,2.6243,1.0000000,1.0000,[],15
21.1235,24.2475,-24.0925,0.0012110,O=Cc1cc2cc(F)ccc2o1,1,c1ccc2occc2c1,0.0008724,323.5279,0.6054759,0.6055,0.6306297,2.3052,1.0000000,1.0000,[],15
48.4172,52.4996,-44.9358,0.0590921,O=C(Nc1ccc(C(F)(F)F)cc1)c1cc(CNCC2(c3ccc(Cl)cc3)C=C2)nc2nccn12,1,O=C(Nc1ccccc1)c1cc(CNCC2(c3ccccc3)C=C2)nc2nccn12,0.0533400,368.7715,0.3420372,0.3420,0.5499389,2.9897,1.0000000,1.0000,[],15
43.4817,46.3579,-46.3579,0.0000000,O=C(O)CNC(=O)CNC(=O)c1ccc(N2CCN(C(=O)O)C=C2C(=O)O)cc1,1,C1=CN(c2ccccc2)CCN1,0.0000000,0.0000,0.0000000,0.0000,0.0000000,0.0000,0.0000000,0.0000,"['C(=[O,S])[O,S]']",15
37.2378,38.0756,-37.9547,0.0009441,Clc1cc2nc(Cl)n(C3CCCCc4ccccc43)c2nc1Cl,1,c1ccc2c(c1)CCCCC2n1cnc2cccnc21,0.0006818,320.8487,0.4079015,0.4079,0.5465450,3.0207,1.0000000,1.0000,[],15
36.0122,39.5358,-39.2893,0.0019262,COc1ccc(Cc2cc(OC)c(O)c(-c3c(O)ccc4ccccc34)c2)cc1OC,1,c1ccc(Cc2cccc(-c3cccc4ccccc34)c2)cc1,0.0014367,328.9501,0.4322646,0.4323,0.6397344,2.2335,1.0000000,1.0000,[],15
32.7294,34.0313,-33.6931,0.0026419,CN1CCN(CC(=O)Nc2cccc(NC(=O)CCN3C(=O)c4ccccc4C3=O)c2)CC1,1,O=C(CCN1C(=O)c2ccccc2C1=O)Nc1cccc(NC(=O)CN2CCNCC2)c1,0.0019797,332.4364,0.6214580,0.6215,0.6565920,2.1035,1.0000000,1.0000,[],15
52.1824,52.6204,-52.6204,0.0000000,CN(C(=O)O)c1nc(CNS(=O)(=O)c2cccc(COC(=O)c3ccc4[nH]ccc4c3)c2)cs1,1,O=C(OCc1cccc(S(=O)(=O)NCc2cscn2)c1)c1ccc2[nH]ccc2c1,0.0000000,0.0000,0.0000000,0.0000,0.0000000,0.0000,0.0000000,0.0000,"['C(=[O,S])[O,S]']",15
42.2660,40.7527,-32.9021,0.0613325,CN(C)c1nc2c(c(-c3nccs3)n1)C1CC1CN2,1,c1csc(-c2ncnc3c2C2CC2CN3)n1,0.0540220,368.9172,0.9087495,0.9087,0.4464390,4.0323,1.0000000,1.0000,[],15
41.0156,42.1369,-42.0794,0.0004493,CCCCN(Cc1ccc2nc(-c3ccncc3)n(Cc3ccccc3)c2c1)Cc1ccco1,1,c1ccc(Cn2c(-c3ccncc3)nc3ccc(CNCc4ccco4)cc32)cc1,0.0003164,312.5078,0.2422746,0.2423,0.6188693,2.3993,1.0000000,1.0000,[],15
49.1670,53.9688,32.6314,0.6765641,CCCCOc1c2cc(CS(=O)(=O)O)ccc2c(N)c2cc(CCCC(C)C)sc12,1,c1ccc2cc3sccc3cc2c1,0.7038463,409.3990,0.2190009,0.2190,0.5618005,2.8830,1.0000000,1.0000,[],15
32.0716,35.1165,85.9543,0.9458662,CCCCc1ccc(Nc2cc3ccc([N+](=O)[O-])cc3[nH]c2=O)cc1,1,O=c1[nH]c2ccccc2cc1Nc1ccccc1,0.9721195,438.5605,0.5110337,0.5110,0.6488231,2.1630,1.0000000,1.0000,[],15
31.0389,29.0217,-28.9028,0.0009285,CCOc1ccc(-c2noc(C(C)Sc3nnc(SC)s3)n2)cc1,1,c1ccc(-c2noc(CSc3nncs3)n2)cc1,0.0006632,320.5483,0.5522337,0.5522,0.5582231,2.9150,1.0000000,1.0000,[],15
67.1335,77.4149,40.8768,0.9241537,CCn1c2ccccc2c2c(N=Nc3ccccc3C(=O)c3nc4c5c(sc6ccsc65)sc4n3C(C)=O)c3ccccc3nc21,1,O=C(c1nc2c([nH]1)sc1sc3ccsc3c12)c1ccccc1N=Nc1c2ccccc2nc2[nH]c3ccccc3c12,0.9954737,461.4427,0.1362792,0.1363,0.4776951,3.6939,1.0000000,1.0000,[],15
29.2472,32.6515,-32.6392,0.0000957,O=C(Nc1ccc(Br)cc1)C1Cc2ccccc2N(Cc2ccccc2)C1=O,1,O=C(Nc1ccccc1)C1Cc2ccccc2N(Cc2ccccc2)C1=O,0.0000604,294.5291,0.5993614,0.5994,0.6069409,2.4966,1.0000000,1.0000,[],15
38.3926,38.0804,71.0566,0.8526329,[B]CCC(C)N1CC(C)N(CCC)CC1=O,1,O=C1CNCCN1,0.8718432,499.1826,0.6542825,0.6543,0.4401842,4.1028,1.0000000,1.0000,[],15
62.9185,64.1040,-64.1040,0.0000000,C(P(O)(O)=O)CC(=C)NB1OC(CC(O1)Cn1c(c[nH]c1=O)=O)C(=O)O,0,,0.0000000,0.0000,0.0000000,0.0000,0.0000000,0.0000,0.0000000,0.0000,None,15
52.6880,55.5682,-55.5682,0.0000000,c1(ncc2n3c(c(c2c1C#N)N)c(n(c3)[C@H]1C[C@@H]1C)=O)NC,0,,0.0000000,0.0000,0.0000000,0.0000,0.0000000,0.0000,0.0000000,0.0000,None,15
32.0241,34.4566,-33.7977,0.0051478,c1ccc(-n2c3ccccc3c3cc(-n4c5ccccc5c5c4ccc4c6ccccc6n(-c6ccccc6)c45)c4ccccc4c32)cc1,1,c1ccc(-n2c3ccccc3c3cc(-n4c5ccccc5c5c4ccc4c6ccccc6n(-c6ccccc6)c45)c4ccccc4c32)cc1,0.0041584,340.5183,0.1859937,0.1860,0.5999308,2.5547,1.0000000,1.0000,[],15
40.7814,42.0277,-36.2266,0.0453213,O=C(Nc1nc(-c2ccc(F)cc2)c(-c2ccco2)s1)c1ccc2nc(-c3ccc(F)cc3)[nH]c2c1,1,O=C(Nc1nc(-c2ccccc2)c(-c2ccco2)s1)c1ccc2nc(-c3ccccc3)[nH]c2c1,0.0405849,365.6589,0.2645214,0.2645,0.6083003,2.4854,1.0000000,1.0000,[],15
33.0842,34.5385,-34.5251,0.0001052,CC(C)c1ccc2oc3oc4ccc(-c5ccccc5)cc4c3c2c1,1,c1ccc(-c2ccc3oc4oc5ccccc5c4c3c2)cc1,0.0000678,295.7876,0.3449237,0.3449,0.6218916,2.3749,1.0000000,1.0000,[],15
56.9213,58.7654,-30.7344,0.2189926,C=[N+]([O-])C(=O)C(=O)Nc1cc2c(N)ncnc2cc1-c1cnc2[nH]cc(Cc3ccccc3)c2c1,1,c1ccc(Cc2c[nH]c3ncc(-c4ccc5cncnc5c4)cc23)cc1,0.2189519,386.1918,0.1212090,0.1212,0.5365485,3.1130,1.0000000,1.0000,[],15
51.2763,55.4524,-53.7398,0.0133801,CCC(C)NC(C)C1CCc2c(c(=O)n(C)c3cc(C)c(O)cc23)C1,1,O=c1[nH]c2ccccc2c2c1CCCC2,0.0108717,351.0261,0.8948732,0.8949,0.4690472,3.7853,1.0000000,1.0000,[],15
30.3566,30.0292,-30.0292,0.0000000,Oc1ccc(C=NNc2nnc3n2CCCCC3)cc1Cl,1,C(=NNc1nnc2n1CCCCC2)c1ccccc1,0.0000000,0.0000,0.0000000,0.0000,0.0000000,0.0000,0.0000000,0.0000,['[#7;!n][#7;!n]'],15
35.5763,41.4976,-41.4976,0.0000000,c1([nH]c(n(c2c1=Nc1c(cccc1)N2CCCC)=N)-c1ccccc1)=O,0,,0.0000000,0.0000,0.0000000,0.0000,0.0000000,0.0000,0.0000000,0.0000,None,15
46.8924,51.0305,-47.1380,0.0304107,Cc1ccc(-c2cc(C(C#N)=NOCC(O)CO)c(O)c(-c3ccc(C)cc3)c2)cc1,1,c1ccc(-c2cccc(-c3ccccc3)c2)cc1,0.0263917,360.8271,0.3995468,0.3995,0.5361694,3.1165,1.0000000,1.0000,[],15
41.7390,48.0195,-43.9484,0.0318052,COc1ccc(F)cc1CNc1ccc(C=Nc2cnn(C)c2N2CCOCC2)cc1,1,C(=Nc1cn[nH]c1N1CCOCC1)c1ccc(NCc2ccccc2)cc1,0.0272798,361.1963,0.5864209,0.5864,0.5890815,2.6460,1.0000000,1.0000,[],15
51.1067,58.0343,51.2460,0.8537530,CN(c1ccc(-c2cc3c4c(ccnc4n2)-c2ccccc2-3)cc1)c1cccc(Oc2ccc(N3c4ccccc4Sc4ccccc43)cc2)c1,1,c1cc(Nc2ccc(-c3cc4c5c(ccnc5n3)-c3ccccc3-4)cc2)cc(Oc2ccc(N3c4ccccc4Sc4ccccc43)cc2)c1,0.9060780,424.6100,0.1748392,0.1748,0.5461200,3.0246,1.0000000,1.0000,[],15
32.6975,35.0170,59.0476,0.7348799,OCc1ccc(C2(c3ccc(Cl)cc3)N=c3ccccc3=N2)o1,1,c1ccc(C2(c3ccco3)N=c3ccccc3=N2)cc1,0.7371500,411.1962,0.8047275,0.8047,0.5539132,2.9537,1.0000000,1.0000,[],15
28.2837,29.6796,-27.2329,0.0191152,O=C(NC1CC2C=CC1C2)c1cnc2ccccc2n1,1,O=C(NC1CC2C=CC1C2)c1cnc2ccccc2n1,0.0158692,355.1875,0.8477964,0.8478,0.4468399,4.0278,1.0000000,1.0000,[],15
22.3293,24.5830,-24.0052,0.0045142,CCC(=O)Nc1ccc2c(c1)c1ccccc1n2CC,1,c1ccc2c(c1)[nH]c1ccccc12,0.0034533,338.4934,0.7583857,0.7584,0.6968808,1.8057,1.0000000,1.0000,[],15
19.3492,20.6340,-20.6226,0.0000891,O=Cc1c[nH]c2ncccc12,1,c1cnc2[nH]ccc2c1,0.0000560,293.6957,0.6174470,0.6174,0.6230727,2.3655,1.0000000,1.0000,[],15
30.1690,30.9307,-30.9233,0.0000582,N#Cc1ccc(C2CCN(C3CN(C(=O)c4ccccc4)C3)CC2)cc1,1,O=C(c1ccccc1)N1CC(N2CCC(c3ccccc3)CC2)C1,0.0000353,288.7038,0.8577375,0.8577,0.6561698,2.1067,1.0000000,1.0000,[],15
30.4615,31.8105,-31.8105,0.0000000,CCCN(N=Cc1ccc2c(c1)OCO2)c1ccccn1,1,C(=NNc1ccccn1)c1ccc2c(c1)OCO2,0.0000000,0.0000,0.0000000,0.0000,0.0000000,0.0000,0.0000000,0.0000,['[#7;!n][#7;!n]'],15
42.2732,43.0775,-43.0775,0.0000000,C(Br)Cc1cc(C)c2c3c1ccc1c3c(ccc1O)ccc2,0,,0.0000000,0.0000,0.0000000,0.0000,0.0000000,0.0000,0.0000000,0.0000,None,15
63.1880,70.5761,34.8613,0.8237293,C=C1N=C(N)N2C=Nc3c(C(=O)NC4CCC4)nc(-c4ccc(Cl)c5ccccc45)nc3C2=N1,1,C=C1N=CN2C=Nc3c(C(=O)NC4CCC4)nc(-c4cccc5ccccc45)nc3C2=N1,0.8407125,418.0616,0.6032955,0.6033,0.4985100,3.4807,1.0000000,1.0000,[],15
51.1281,55.2192,-55.2192,0.0000000,c1(ccccc1)-n1nc2c(c(C)n(Cc3ccc(cc3)S(=O)(=O)CC3OCCC3)n2)c1-c1ccc(cc1)OC,0,,0.0000000,0.0000,0.0000000,0.0000,0.0000000,0.0000,0.0000000,0.0000,None,15
76.8837,98.2034,-98.2034,0.0000000,Cc1ccc2c(c1)C(N)=c1nc(C)[nH]c(=O)c1=NC(C#N)=C2c1ccc(N(N)c2ccc3cc(-c4ccc(N)cc4)c(-c4ccc(N)c5ccccc45)nc3c2)cc1,1,O=c1[nH]cnc2c1=NC=C(c1ccc(Nc3ccc4cc(-c5ccccc5)c(-c5cccc6ccccc56)nc4c3)cc1)c1ccccc1C=2,0.0000000,0.0000,0.0000000,0.0000,0.0000000,0.0000,0.0000000,0.0000,"['[*;r{8-17}]', '[#7;!n][#7;!n]']",15
37.5240,40.5317,-40.5317,0.0000000,c12ccc(cc2c2c(c3c(oc2c1)cccc3)=O)-c1cc(ccc1)-c1ccncc1,0,,0.0000000,0.0000,0.0000000,0.0000,0.0000000,0.0000,0.0000000,0.0000,None,15
26.4970,30.0345,-29.6857,0.0027249,O=c1[nH]c(-c2ccccc2O)c(S(=O)(=O)O)s1,1,O=c1[nH]c(-c2ccccc2)cs1,0.0020419,332.7730,0.7089182,0.7089,0.5820405,2.7061,1.0000000,1.0000,[],15
21.0443,23.8921,-23.8738,0.0001434,C=CCSc1ccc2c(c1)OCO2,1,c1ccc2c(c1)OCO2,0.0000927,299.1762,0.5441680,0.5442,0.6261786,2.3406,1.0000000,1.0000,[],15
30.9328,27.4261,-27.4261,0.0000000,CC(C)OC(=O)c1nnn(CC2CCCO2)c1N,1,c1cn(CC2CCCO2)nn1,0.0000000,0.0000,0.0000000,0.0000,0.0000000,0.0000,0.0000000,0.0000,"['C(=[O,S])[O,S]']",15
32.7453,38.2351,4.0152,0.3300808,CC1=NS(=O)(=O)c2cc(Nc3sc4ccccc4c3N)ccc21,1,O=S1(=O)N=Cc2ccc(Nc3cc4ccccc4s3)cc21,0.3181767,391.7249,0.7421839,0.7422,0.5603938,2.8956,1.0000000,1.0000,[],15
50.5841,59.0664,59.8949,0.9293857,CCCCCCN1C(=O)C(=c2sc(=Cc3ccc(-c4cccc(N)c4)o3)s2)Cc2c(C)cccc21,1,O=C1Nc2ccccc2CC1=c1sc(=Cc2ccc(-c3ccccc3)o2)s1,0.9807389,442.6718,0.2450223,0.2450,0.5335854,3.1407,1.0000000,1.0000,[],16
31.6389,31.3942,-31.3942,0.0000000,COC(=O)c1nc2ccc(NCCCCO)cc2s1,1,c1ccc2scnc2c1,0.0000000,0.0000,0.0000000,0.0000,0.0000000,0.0000,0.0000000,0.0000,"['C(=[O,S])[O,S]']",16
31.3249,35.8843,11.1692,0.3676051,N#Cc1ccc(C(=O)c2ccc(N(c3ccccc3)c3ccc(-c4nc5ccccc5o4)cc3)cc2)cc1,1,O=C(c1ccccc1)c1ccc(N(c2ccccc2)c2ccc(-c3nc4ccccc4o3)cc2)cc1,0.3694046,394.1938,0.2203699,0.2204,0.6280409,2.3258,1.0000000,1.0000,[],16
26.7646,26.7556,-26.7556,0.0000000,O=C(O)C1(C2(O)CC=CCC2)CCCC1,1,C1=CCC(C2CCCC2)CC1,0.0000000,0.0000,0.0000000,0.0000,0.0000000,0.0000,0.0000000,0.0000,"['C(=[O,S])[O,S]']",16
26.0611,32.9425,8.7715,0.3258911,CN(C)c1ccc(C=Nc2c(C(=N)N)sc3ccccc23)cc1,1,C(=Nc1csc2ccccc12)c1ccccc1,0.3163210,391.6319,0.5629895,0.5630,0.5912766,2.6274,1.0000000,1.0000,[],16
44.1861,50.3640,-50.3640,0.0000000,C(OCc1ccccc1)(N)=Nc1c2c(cc(C#C)c1)c1c(n2)ccc(c1)N,0,,0.0000000,0.0000,0.0000000,0.0000,0.0000000,0.0000,0.0000000,0.0000,None,16
25.0471,26.0285,-26.0285,0.0000000,Cc1cc(=O)n2c(n1)sc1c(C(=O)O)cccc12,1,O=c1ccnc2sc3ccccc3n12,0.0000000,0.0000,0.0000000,0.0000,0.0000000,0.0000,0.0000000,0.0000,"['C(=[O,S])[O,S]']",16
24.4400,25.0211,-24.6503,0.0028972,N#Cc1nc(-c2ccc(Cl)cc2)ns1,1,c1ccc(-c2ncsn2)cc1,0.0021739,333.4545,0.7441106,0.7441,0.5921680,2.6198,1.0000000,1.0000,[],16
64.0975,64.8362,-64.6893,0.0011481,CC1(C=O)CCC(N2CC=C(c3ccc(Cl)cc3Cl)CC2)C(C2CN3CCCC3CO2)=N1,1,C1=C(c2ccccc2)CCN(C2CCCN=C2C2CN3CCCC3CO2)C1,0.0008329,323.0237,0.6005292,0.6005,0.4011057,4.5677,1.0000000,1.0000,[],16
34.3701,32.6558,-32.6558,0.0000000,Cc1ccc(S(=O)(=O)NC(C(=O)O)C(C)C(C)C(C)C)cc1,1,c1ccccc1,0.0000000,0.0000,0.0000000,0.0000,0.0000000,0.0000,0.0000000,0.0000,"['C(=[O,S])[O,S]']",16
51.9512,53.2742,-53.2742,0.0000000,c1(c(C)cccc1)-n1c2[nH]c(=O)c3c(n(CCOC)c(=O)[nH]c3c2n(c1O)C)=O,0,,0.0000000,0.0000,0.0000000,0.0000,0.0000000,0.0000,0.0000000,0.0000,None,16
50.9558,55.6282,-55.5077,0.0009413,CC1CCCC(n2ccnc2-c2ccc(-c3ccc(N4CCOc5ccccc54)cc3)c(C(C)(C)C)c2)C1,1,c1ccc2c(c1)OCCN2c1ccc(-c2ccc(-c3nccn3C3CCCCC3)cc2)cc1,0.0006892,320.9660,0.2775513,0.2776,0.5014800,3.4510,1.0000000,1.0000,[],16
73.4340,77.5974,-77.5974,0.0000000,c1c(ccc(c1C#N)[N+](=O)[O-])Oc1ccc(cc1)N=[N+]=1OC2(CCCCC2)C(c2cc(OC)c(OC)cc21)=C(c1ccc(OC)cc1)c1ccc(OC)cc1,0,,0.0000000,0.0000,0.0000000,0.0000,0.0000000,0.0000,0.0000000,0.0000,None,16
126.2514,136.9555,-136.9555,0.0000000,C=CCc1cc(CC)c2c(c1)C1=C(C=Cc3nc4cc(C(=O)OC)c(S(=O)(=O)O)cc4c(-c4ccc(Cl)cc4Cl)c3-2)C(=C2CC(=O)CN2c2ccc(C=CC=Cc3ccc(N(c4ccccc4)c4ccccc4)cc3)cc2)C(C#N)=[N+]1CCCS(=O)(=O)O,1,O=C1CC(=C2C=[NH+]C3=C2C=Cc2nc4ccccc4c(-c4ccccc4)c2-c2ccccc23)N(c2ccc(C=CC=Cc3ccc(N(c4ccccc4)c4ccccc4)cc3)cc2)C1,0.0000000,0.0000,0.0000000,0.0000,0.0000000,0.0000,0.0000000,0.0000,"['[*;r{8-17}]', 'C(=[O,S])[O,S]']",16
30.8841,31.7283,-31.7062,0.0001727,CSc1ccc(-c2ccc(CCCC(=O)NCc3ccccc3)cc2)cc1,1,O=C(CCCc1ccc(-c2ccccc2)cc1)NCc1ccccc1,0.0001127,301.2961,0.5106279,0.5106,0.6990827,1.7899,1.0000000,1.0000,[],16
24.1326,24.8319,-24.8319,0.0000000,CN(C)CCC#Cc1ccc([N+](=O)[O-])cc1,1,c1ccccc1,0.0000000,0.0000,0.0000000,0.0000,0.0000000,0.0000,0.0000000,0.0000,['C#C'],16
39.5804,40.6556,-37.6380,0.0235748,COc1ccc(C2=C(Sc3ccc(-c4ccccc4)cc3)c3ccc(N)cc3C2)cc1,1,c1ccc(C2=C(Sc3ccc(-c4ccccc4)cc3)c3ccccc3C2)cc1,0.0202135,357.8627,0.3472207,0.3472,0.6216263,2.3771,1.0000000,1.0000,[],16
36.4221,41.6205,-26.3083,0.1196266,Cc1ccc2nc3c(=O)nnc(C(=O)N4CCCCC4)c-3oc2c1,1,O=C(c1nnc(=O)c2nc3ccccc3oc1-2)N1CCCCC1,0.1097211,542.7309,0.6362191,0.6362,0.5918267,2.6227,1.0000000,1.0000,[],16
24.7967,26.0687,-26.0687,0.0000000,NNC(=O)C(=O)N=C=S,1,,0.0000000,0.0000,0.0000000,0.0000,0.0000000,0.0000,0.0000000,0.0000,['[#7;!n][#7;!n]'],16
30.9170,33.3365,47.3255,0.6301721,C[n+]1c2ccccc2c(F)c2ccccc21,1,c1ccc2[nH+]c3ccccc3cc2c1,0.6395870,406.2275,0.3982213,0.3982,0.6202114,2.3885,1.0000000,1.0000,[],16
32.8801,35.3684,-35.3535,0.0001163,c1ccc(-c2cc(-c3ccc4c(c3)OCC4)cc(-c3cccs3)c2)cc1,1,c1ccc(-c2cc(-c3ccc4c(c3)OCC4)cc(-c3cccs3)c2)cc1,0.0000750,296.8820,0.3983871,0.3984,0.6486073,2.1646,1.0000000,1.0000,[],16
40.3528,42.7203,-42.7203,0.0000000,O=C(Nc1cccc(Oc2ccc(Cl)cc2)c1)OC1CCN(S(=O)O)C1,1,O=C(Nc1cccc(Oc2ccccc2)c1)OC1CCNC1,0.0000000,0.0000,0.0000000,0.0000,0.0000000,0.0000,0.0000000,0.0000,"['[#7;!n][S;!$(S(=O)=O)]', 'C(=[O,S])[O,S]']",16
45.2678,46.4619,-30.4285,0.1252608,CCCC(=O)n1nc(-c2cccc(OC)c2)cc1-c1snc2ccc(Cl)cc12,1,c1ccc(-c2cc(-c3snc4ccccc34)[nH]n2)cc1,0.1168633,378.0413,0.4080977,0.4081,0.5752928,2.7644,1.0000000,1.0000,[],16
59.4005,60.5946,-60.5946,0.0000000,CCCCN=NSN(C)C(=O)N=c1nncc2n1C(C)CC(=O)N2,1,N=c1nncc2n1CCC(=O)N2,0.0000000,0.0000,0.0000000,0.0000,0.0000000,0.0000,0.0000000,0.0000,['[#7;!n][S;!$(S(=O)=O)]'],16
17.2320,19.1955,-19.1799,0.0001218,Cc1ccc2n[nH]nc2c1,1,c1ccc2n[nH]nc2c1,0.0000778,297.2724,0.5875134,0.5875,0.6471184,2.1761,1.0000000,1.0000,[],16
28.4651,28.4513,-28.4513,0.0000000,COC(=O)c1ccc(CO)c2ncoc12,1,c1ccc2ocnc2c1,0.0000000,0.0000,0.0000000,0.0000,0.0000000,0.0000,0.0000000,0.0000,"['C(=[O,S])[O,S]']",16
54.8674,65.9329,52.9051,0.9284219,CC[n+]1c(Nc2ccc(C)cc2)ccc2c3ccccc3c3oc(-c4ccc5c(c4)C=CC4(CCN(C)CC4)O5)c[n+]3c21,1,C1=CC2(CCNCC2)Oc2ccc(-c3c[n+]4c5[nH+]c(Nc6ccccc6)ccc5c5ccccc5c4o3)cc21,0.9936005,454.7767,0.1801856,0.1802,0.4326422,4.1892,1.0000000,1.0000,[],16
55.3035,58.5683,-58.5683,0.0000000,CN1NN(c2ccc(N)cc2)c2cccc3c2C(=C(c2ccccc2)C3C#N)O1,1,c1ccc(C2=C3ONNN(c4ccccc4)c4cccc(c43)C2)cc1,0.0000000,0.0000,0.0000000,0.0000,0.0000000,0.0000,0.0000000,0.0000,['[#7;!n][#7;!n]'],16
45.7234,48.6678,-48.6678,0.0000000,O=C(O)C(Cl)CN1CC(N=C(c2ccccc2)c2ccc(Cl)cc2)C1=O,1,O=C1NCC1N=C(c1ccccc1)c1ccccc1,0.0000000,0.0000,0.0000000,0.0000,0.0000000,0.0000,0.0000000,0.0000,"['C(=[O,S])[O,S]']",16
105.3916,115.9879,-115.9879,0.0000000,C=C1Cn2cc(c3c4c(cnc32)C(=O)N4c2ccc(S(=O)(=O)O)cc2)CCC2=C(C(C)(C(=O)O)CC2)C23CCC(=O)C4(CCC5C(=O)Nc6sc(N)nc6C5(C)C4)C2CCC13,1,C=C1Cn2cc(c3c4c(cnc32)C(=O)N4c2ccccc2)CCC2=C(CCC2)C23CCC(=O)C4(CCC5C(=O)Nc6scnc6C5C4)C2CCC13,0.0000000,0.0000,0.0000000,0.0000,0.0000000,0.0000,0.0000000,0.0000,"['[*;r{8-17}]', 'C(=[O,S])[O,S]']",16
38.9473,41.6058,-33.3831,0.0642397,Nc1ccc(-n2ncc3nc(-c4cnn(C5CCCC5)c4)sc3c2=O)cc1,1,O=c1c2sc(-c3cnn(C4CCCC4)c3)nc2cnn1-c1ccccc1,0.0573078,369.5961,0.5517358,0.5517,0.5786752,2.7351,1.0000000,1.0000,[],16
71.3624,76.4823,-76.4823,0.0000000,CC1(C)c2ccccc2-c2ccc(N(c3ccc4ccccc4c3)c3ccc4c(ccc5c4c4ccccc4n5N4c5ccccc5OC45C=CC=C4C=Cc6cccc5c6S4)c3)cc21,1,C1=CC2(Oc3ccccc3N2n2c3ccccc3c3c4ccc(N(c5ccc6c(c5)Cc5ccccc5-6)c5ccc6ccccc6c5)cc4ccc32)c2cccc3c2SC(=C1)C=C3,0.0000000,0.0000,0.0000000,0.0000,0.0000000,0.0000,0.0000000,0.0000,['[*;r{8-17}]'],16
28.1069,25.9709,-25.9647,0.0000488,COc1ccc(Cl)cc1CNC1CCC(=O)NC1=O,1,O=C1CCC(NCc2ccccc2)C(=O)N1,0.0000294,286.7229,0.8156932,0.8157,0.5939814,2.6045,1.0000000,1.0000,[],16
50.4427,53.3315,-53.3315,0.0000000,c1c2c(n(-c3ccccc3)c3c2cccc3)c2c3c(c(N(c4ccccc4)c4cc5c(cc4)sc4c6cccc6N(c4cc5)c4ccccc4)c2)cccc13,0,,0.0000000,0.0000,0.0000000,0.0000,0.0000000,0.0000,0.0000000,0.0000,None,16
46.5812,46.2940,59.8862,0.8295328,CCNC1=C(OC)C(O)c2oc(C(C)C)c(CC=C(C)C)c2C1=O,1,O=C1C=CCc2occc21,0.8421530,418.1789,0.7782402,0.7782,0.4455915,4.0418,1.0000000,1.0000,[],16
35.8313,38.8464,-38.8464,0.0000000,O=C(O)c1ccccc1[S+]([O-])Cc1ccc(OCC23CC4CC(CC(C4)C2)C3)cc1,1,c1ccc([SH+]Cc2ccc(OCC34CC5CC(CC(C5)C3)C4)cc2)cc1,0.0000000,0.0000,0.0000000,0.0000,0.0000000,0.0000,0.0000000,0.0000,"['C(=[O,S])[O,S]']",16
30.2855,29.3662,-29.3618,0.0000344,COc1ccc(C2=CCN(C(=O)NCc3cccc(C(F)(F)F)c3)CC2)cc1,1,O=C(NCc1ccccc1)N1CC=C(c2ccccc2)CC1,0.0000203,282.6988,0.8213572,0.8214,0.6434863,2.2043,1.0000000,1.0000,[],16
46.9004,54.5209,-38.0973,0.1283092,CCCCCCCCCn1c(=O)c(Cl)cc2cc(Nc3nc4c(OC(C)C)cc(OC)cc4s3)ccc21,1,O=c1ccc2cc(Nc3nc4ccccc4s3)ccc2[nH]1,0.1231565,378.6884,0.1716675,0.1717,0.5809340,2.7156,1.0000000,1.0000,[],16
46.4494,46.8716,-46.7790,0.0007241,C=CC(=O)NC1CN2CC1CN(c1ccncc1NC(=O)c1cnc3ccccn13)C2,1,O=C(Nc1cnccc1N1CC2CCN(C2)C1)c1cnc2ccccn12,0.0005128,317.7545,0.6090761,0.6091,0.3897440,4.7113,1.0000000,1.0000,[],16
35.0313,36.8733,-36.8733,0.0000000,O=C(O)c1ccc2c(c1)[S+]([O-])c1c(Cl)ncnc1N2,1,c1ccc2c(c1)Nc1ncncc1[SH+]2,0.0000000,0.0000,0.0000000,0.0000,0.0000000,0.0000,0.0000000,0.0000,"['C(=[O,S])[O,S]']",16
41.7520,43.5802,-43.4482,0.0010309,O=C(c1ccccc1Cl)N1COCc2sc(S(=O)(=O)Nc3cccc(Cl)c3)cc21,1,O=C(c1ccccc1)N1COCc2sc(S(=O)(=O)Nc3ccccc3)cc21,0.0007386,321.7189,0.5843760,0.5844,0.5757347,2.7605,1.0000000,1.0000,[],16
36.0716,38.9924,-38.9088,0.0006530,c1ccc(-c2nc3c(-c4cc(-c5cccnc5)cc5c4oc4ccccc45)cccc3o2)cc1,1,c1ccc(-c2nc3c(-c4cc(-c5cccnc5)cc5c4oc4ccccc45)cccc3o2)cc1,0.0004669,316.7368,0.2794279,0.2794,0.6117561,2.4571,1.0000000,1.0000,[],16
38.4180,40.9090,-40.9090,0.0000000,c12-c3c(cc(=O)c(C(OCC)=O)c-3)CCn2c(cn1)-c1ccc(cc1)OC,0,,0.0000000,0.0000,0.0000000,0.0000,0.0000000,0.0000,0.0000000,0.0000,None,16
30.7460,33.0407,-33.0407,0.0000000,O=C(O)c1cc(Cl)c2[nH]c(-c3ccc4c(c3)OCO4)nc2c1,1,c1ccc2[nH]c(-c3ccc4c(c3)OCO4)nc2c1,0.0000000,0.0000,0.0000000,0.0000,0.0000000,0.0000,0.0000000,0.0000,"['C(=[O,S])[O,S]']",16
36.0263,46.1763,69.5307,0.9039608,COc1ccc(-n2c3nc(-c4ccc(C)cc4)cc-3[n+]([O-])c3cc(OC)ccc32)cc1,1,c1ccc(-c2cc3[nH+]c4ccccc4n(-c4ccccc4)c-3n2)cc1,0.9426348,489.6076,0.3160721,0.3161,0.5977054,2.5733,1.0000000,1.0000,[],16
24.1423,24.3115,-1.5683,0.1776812,COc1ccc(N2CCN(CN3C(=O)c4ccccc4C3=O)CC2)cc1,1,O=C1c2ccccc2C(=O)N1CN1CCN(c2ccccc2)CC1,0.1647847,382.3780,0.7896169,0.7896,0.6798294,1.9296,1.0000000,1.0000,[],16
46.6876,55.3837,-55.3837,0.0000000,COc1ccc2nc(NN=Cc3ccc(Oc4ccc(N=Cc5ccc(-c6sccc6OC)o5)cc4)s3)sc2c1,1,C(=NNc1nc2ccccc2s1)c1ccc(Oc2ccc(N=Cc3ccc(-c4cccs4)o3)cc2)s1,0.0000000,0.0000,0.0000000,0.0000,0.0000000,0.0000,0.0000000,0.0000,['[#7;!n][#7;!n]'],16
46.0418,50.1704,-49.5829,0.0045901,COc1ccc(N(C(=O)c2cccc(C#N)c2)C2=CCC3N(C2=O)c2ccc(Cl)cc2C3(C)C)cc1,1,O=C(c1ccccc1)N(C1=CCC2Cc3ccccc3N2C1=O)c1ccccc1,0.0035978,338.9400,0.4530524,0.4531,0.4959185,3.5067,1.0000000,1.0000,[],16
133.4685,143.0104,-143.0104,0.0000000,c1c2c3CCN3CCC3(n4c(cn(-c5ccc(cc5)N=N/C=C/C5=C(O)C(=C(C6=CC7=CC(=NS8(=O)=O)c8ccccc7)c8ccc(cc8)C7=c6c(=O)c9ccccc6n8)C3=O)=O)c54)C2=O,0,,0.0000000,0.0000,0.0000000,0.0000,0.0000000,0.0000,0.0000000,0.0000,None,16
34.2006,38.7628,33.0237,0.5608319,O=C1CCC(NCc2ccc3nnnnc3n2)C(=O)N1,1,O=C1CCC(NCc2ccc3nnnnc3n2)C(=O)N1,0.5593397,402.5893,0.6620846,0.6621,0.4962173,3.5037,1.0000000,1.0000,[],16
54.3735,56.4714,-54.3799,0.0163399,CNc1ccc(Oc2c(Cl)cc3c(c2C(=O)c2cn(C)c4c(Cl)cc(OC)cc24)OCCO3)cc1,1,O=C(c1c(Oc2ccccc2)ccc2c1OCCO2)c1c[nH]c2ccccc12,0.0138310,353.6725,0.3040876,0.3041,0.5590931,2.9072,1.0000000,1.0000,[],16
23.6614,22.9084,-22.5030,0.0031670,Cc1cc(C=O)c(C#N)c(C)n1,1,c1ccncc1,0.0024080,334.5678,0.5829963,0.5830,0.5687099,2.8219,1.0000000,1.0000,[],16
46.8919,49.5632,38.0863,0.6847616,CC1(C)c2ccccc2-c2c1n(-c1cccc(-c3nc(=O)n4c5ccccc5c5cccc(C#N)c5c4n3)c1)c1ccccc21,1,O=c1nc(-c2cccc(-n3c4c(c5ccccc53)-c3ccccc3C4)c2)nc2c3ccccc3c3ccccc3n12,0.7163494,410.0585,0.1935927,0.1936,0.5348131,3.1292,1.0000000,1.0000,[],16
53.4986,54.3621,-53.5866,0.0060582,CCC12Cc3cc(C(=O)NO)ccc3C(C1)N(C(=O)c1cc3ccc(C)cc3oc1=O)C2,1,O=C(c1cc2ccccc2oc1=O)N1CC2Cc3ccccc3C1C2,0.0048660,342.2322,0.3729491,0.3729,0.4158905,4.3867,1.0000000,1.0000,[],16
29.9200,32.7773,-32.4871,0.0022670,COc1ccc(-n2ncc3cc4c(cc32)C(=O)NCC4)cc1,1,O=C1NCCc2cc3cnn(-c4ccccc4)c3cc21,0.0016742,330.6132,0.7886383,0.7886,0.6256056,2.3452,1.0000000,1.0000,[],16
35.9484,36.2268,-35.9716,0.0019939,CCOc1cc2c(cc1OCC)N(C(=O)c1ccc3c(c1)NC(=O)C3)CC2,1,O=C1Cc2ccc(C(=O)N3CCc4ccccc43)cc2N1,0.0014577,329.1076,0.8824995,0.8825,0.6204457,2.3866,1.0000000,1.0000,[],16
48.3898,52.6232,-52.6232,0.0000000,O=C(O)c1cccc2c(=O)n(CCOc3ccc(CCCNc4ccc(N5CCOCC5)c5nonc45)cc3)cnc12,1,O=c1c2ccccc2ncn1CCOc1ccc(CCCNc2ccc(N3CCOCC3)c3nonc23)cc1,0.0000000,0.0000,0.0000000,0.0000,0.0000000,0.0000,0.0000000,0.0000,"['C(=[O,S])[O,S]']",16
30.7338,32.7605,-32.3099,0.0035203,Nc1nc2ccccc2cc1-c1c[nH]c2cnccc12,1,c1ccc2ncc(-c3c[nH]c4cnccc34)cc2c1,0.0026909,335.7765,0.5511194,0.5511,0.6273032,2.3316,1.0000000,1.0000,[],16
48.4042,52.4620,-52.3816,0.0006278,CC1OC(n2cc(F)c3nc(N)nc(N)c32)C2OC(c3ccc(F)cc3)(C(C)(C)C)OC12,1,c1ccc(C2OC3COC(n4ccc5ncncc54)C3O2)cc1,0.0004408,316.1101,0.6213580,0.6214,0.3984807,4.6005,1.0000000,1.0000,[],16
25.5761,25.9465,-25.9465,0.0000000,C=CC1=C(C)NSS1,1,C1=CSSN1,0.0000000,0.0000,0.0000000,0.0000,0.0000000,0.0000,0.0000000,0.0000,"['[#16][#16]', '[#7;!n][S;!$(S(=O)=O)]']",16
43.8779,48.6545,37.6014,0.6738741,COc1ccc(CNC(=O)C2CCN(c3nnc(-c4ccc(OC)c(OC)c4)c4ccn(-c5ccccc5)c(=O)c34)CC2)cc1,1,O=C(NCc1ccccc1)C1CCN(c2nnc(-c3ccccc3)c3ccn(-c4ccccc4)c(=O)c23)CC1,0.6974341,409.0671,0.2500787,0.2501,0.5826728,2.7006,1.0000000,1.0000,[],16
51.3876,56.1112,-55.7916,0.0024965,Cc1cc(-c2ccc(NC(=O)NCCCN3CCOCC3)cc2)ccc1-c1nc2cc(CCNCC3CCCO3)ccc2o1,1,O=C(NCCCN1CCOCC1)Nc1ccc(-c2ccc(-c3nc4cc(CCNCC5CCCO5)ccc4o3)cc2)cc1,0.0019477,332.2589,0.1822157,0.1822,0.5295576,3.1786,1.0000000,1.0000,[],16
70.1988,75.4583,-75.4583,0.0000000,Cc1ccccc1N=c1sc2nc3c(N)c(N=Nc4ccc(S(=O)(=O)C(C)CC(=O)O)cc4Cl)nc(N)c3c(N)c2c(=O)n1C,1,O=c1[nH]c(=Nc2ccccc2)sc2nc3cc(N=Nc4ccccc4)ncc3cc12,0.0000000,0.0000,0.0000000,0.0000,0.0000000,0.0000,0.0000000,0.0000,"['C(=[O,S])[O,S]']",16
52.3972,51.7730,-51.7730,0.0000000,COC(=O)c1ccc2c(c1)OCC21C2C(=O)C(=O)N(C1c1cc(Cl)cc(Cl)c1)N2C,1,O=C1C(=O)N2NC1C1(COc3ccccc31)C2c1ccccc1,0.0000000,0.0000,0.0000000,0.0000,0.0000000,0.0000,0.0000000,0.0000,"['[#7;!n][#7;!n]', 'C(=[O,S])[O,S]']",16
26.1741,26.6665,-26.6546,0.0000925,CC1c2ccccc2N(C)CC1O,1,c1ccc2c(c1)CCCN2,0.0000583,294.1394,0.6503539,0.6504,0.5287424,3.1863,1.0000000,1.0000,[],17
37.7291,43.3219,-43.3219,0.0000000,O=C(C1=CC(=O)c2cc3c(cc2Oc2ccccc21)OCO3)c1ccccc1O,1,O=C(C1=CC(=O)c2cc3c(cc2Oc2ccccc21)OCO3)c1ccccc1,0.0000000,0.0000,0.0000000,0.0000,0.0000000,0.0000,0.0000000,0.0000,['[*;r{8-17}]'],17
39.0130,44.8450,16.5170,0.4793905,COc1cc(Nc2ncc(-c3ccc4nn(C)nc4c3)nn2)ccc1N1CCC(C(C)(C)C)CC1,1,c1cc(N2CCCCC2)ccc1Nc1ncc(-c2ccc3n[nH]nc3c2)nn1,0.4790250,399.0885,0.4411883,0.4412,0.5630218,2.8722,1.0000000,1.0000,[],17
91.2723,97.3325,-97.3325,0.0000000,c12c3ccccc3c(-c3cc4c([C@@]5([C@@]6(CCC7CC6)CCC7CCCC[C@@H]7[C@H]5CC4)CCC)ccc4[nH]c(CN)nc34)nc2ccc(c1)-c1ccc(C#N)cc1,0,,0.0000000,0.0000,0.0000000,0.0000,0.0000000,0.0000,0.0000000,0.0000,None,17
52.3519,56.0150,-56.0150,0.0000000,CNc1sc(C)c(-c2[nH]c3ccccc3c2Nc2cc(C)c(F)c(F)c2)c1C(=O)OC,1,c1ccc(Nc2c(-c3ccsc3)[nH]c3ccccc23)cc1,0.0000000,0.0000,0.0000000,0.0000,0.0000000,0.0000,0.0000000,0.0000,"['C(=[O,S])[O,S]']",17
39.4093,42.7309,-42.7309,0.0000000,C1(=C=c2cccc3c4ncccc4ccc=23)C=c2ccccc2=C1,0,,0.0000000,0.0000,0.0000000,0.0000,0.0000000,0.0000,0.0000000,0.0000,None,17
19.8783,21.8945,-21.8551,0.0003081,Brc1ccc(NC2CCCC2)cc1,1,c1ccc(NC2CCCC2)cc1,0.0002039,307.7391,0.8284179,0.8284,0.7192424,1.6478,1.0000000,1.0000,[],17
28.9338,27.2694,-27.2523,0.0001341,CC1Cc2cc3c(cc2C(C)(C)N1C)OCO3,1,c1c2c(cc3c1OCO3)CNCC2,0.0000860,298.3667,0.6870310,0.6870,0.5176886,3.2919,1.0000000,1.0000,[],17
32.3634,33.2170,-33.1723,0.0003491,c1ccc(-c2nc3ccc(-c4ccncc4)cc3n2-c2ccc3sc4ccccc4c3c2)cc1,1,c1ccc(-c2nc3ccc(-c4ccncc4)cc3n2-c2ccc3sc4ccccc4c3c2)cc1,0.0002417,309.5843,0.2703731,0.2704,0.6246877,2.3525,1.0000000,1.0000,[],17
27.6472,28.2434,64.2523,0.7226225,Cc1[nH]c2ccccc2c1N=Nc1ccc(Cl)nc1,1,c1cncc(N=Nc2c[nH]c3ccccc23)c1,0.7335392,410.9948,0.5202701,0.5203,0.5802606,2.7214,1.0000000,1.0000,[],17
25.7758,25.9436,-25.9436,0.0000000,CC(C)C1OC(O)C2OC12,1,C1OCC2OC12,0.0000000,194.3289,0.5316384,0.5316,0.4167913,4.3758,1.0000000,1.0000,[],17
33.9029,37.1761,-19.6031,0.1372893,O=C(N1CCOCC1)N1CCN(c2c3ccccc3nc3sc(-c4ccccc4)cc23)CC1,1,O=C(N1CCOCC1)N1CCN(c2c3ccccc3nc3sc(-c4ccccc4)cc23)CC1,0.1282901,379.1955,0.4372951,0.4373,0.6046496,2.5155,1.0000000,1.0000,[],17
23.2600,25.4246,-19.1374,0.0491187,Oc1ccc(C=Nc2ccc(N3CCCCC3)cc2)cc1O,1,C(=Nc1ccc(N2CCCCC2)cc1)c1ccccc1,0.0428413,366.2720,0.6681218,0.6681,0.6480101,2.1692,1.0000000,1.0000,[],17
37.9866,42.4515,66.6030,0.8519882,O=c1nc2cc3c(n2c2ccc(N4CCC(O)CC4)cc12)=CCCC3,1,O=c1nc2cc3c(n2c2ccc(N4CCCCC4)cc12)=CCCC3,0.8639547,420.0702,0.7345408,0.7345,0.5486983,3.0010,1.0000000,1.0000,[],17
34.8722,34.8762,-34.8762,0.0000000,Cc1ccc(C(C(=O)NN=Cc2ccc(O)cc2)C(F)(F)F)cc1,1,O=C(Cc1ccccc1)NN=Cc1ccccc1,0.0000000,0.0000,0.0000000,0.0000,0.0000000,0.0000,0.0000000,0.0000,['[#7;!n][#7;!n]'],17
21.8481,20.6810,-20.6810,0.0000000,CCS(=O)(=O)CC1CCCO1,1,C1CCOC1,0.0000000,195.6811,0.6353274,0.6353,0.5568633,2.9272,1.0000000,1.0000,[],17
37.7570,43.1433,-43.1433,0.0000000,c12OCOc1ccc(C[C@H](NC(=O)[C@H](Cc1ccccc1)NC(=O)c1ccc(cc1)Cl)=O)c2,0,,0.0000000,0.0000,0.0000000,0.0000,0.0000000,0.0000,0.0000000,0.0000,None,17
18.4296,22.5237,-3.8937,0.1455467,Oc1cccc2cc3ccccc3cc12,1,c1ccc2cc3ccccc3cc2c1,0.1350477,379.8374,0.5408581,0.5409,0.7118071,1.6997,1.0000000,1.0000,[],17
62.0693,65.5597,-65.5597,0.0000000,Cc1cc(O)cc(C2C(C(=O)O)=C(O)C(=O)N2c2cccc(C=Cc3ccc4c(c3)n(C3CCC(=O)NC3=O)c(=O)n4C)c2)c1O,1,O=C1CCC(n2c(=O)[nH]c3ccc(C=Cc4cccc(N5C(=O)C=CC5c5ccccc5)c4)cc32)C(=O)N1,0.0000000,0.0000,0.0000000,0.0000,0.0000000,0.0000,0.0000000,0.0000,"['C(=[O,S])[O,S]']",17
29.1999,31.3197,-27.8844,0.0268384,Nc1ncc2cc(F)c(-c3ccc(OC(F)F)cc3)cc2n1,1,c1ccc(-c2ccc3cncnc3c2)cc1,0.0225587,359.0806,0.8025670,0.8026,0.6289957,2.3182,1.0000000,1.0000,[],17
51.4572,53.3346,-53.2865,0.0003755,N#CCC(N)c1ccc(CCCn2cnc3sc(C4CCCO4)cc3c2=O)cc1,1,O=c1c2cc(C3CCCO3)sc2ncn1CCCc1ccccc1,0.0002553,310.1790,0.6406389,0.6406,0.4866947,3.6006,1.0000000,1.0000,[],17
51.8534,53.9465,-48.3593,0.0436503,CC1=CC(C#N)(C=Cc2ccc(OCc3ccccc3)c(O)c2)Nc2ncc(-c3ccccc3)cc21,1,C(=CC1C=Cc2cc(-c3ccccc3)cnc2N1)c1ccc(OCc2ccccc2)cc1,0.0389242,365.1866,0.3219389,0.3219,0.5038099,3.4278,1.0000000,1.0000,[],17
24.3427,26.2036,-26.1977,0.0000463,C1=C(N=C2NCCCS2)CCCC1,1,C1=C(N=C2NCCCS2)CCCC1,0.0000282,286.2380,0.6966480,0.6966,0.4625534,3.8550,1.0000000,1.0000,[],17
62.5931,65.2386,51.9172,0.9152795,C=Cc1ccc2c(-c3ccc(-c4cc5sccc5s4)s3)c3ccsc3cc2c1C=C1C(=O)C(c2cccnc2)=C1N=C,1,O=C1C(=Cc2cccc3c(-c4ccc(-c5cc6sccc6s5)s4)c4ccsc4cc23)C=C1c1cccnc1,0.9853942,445.7271,0.1384738,0.1385,0.4668297,3.8090,1.0000000,1.0000,[],17
27.7437,29.9437,-29.2948,0.0050695,c1ccc2c(c1)oc1c2ccc2c3ccc(-n4c5ccccc5c5ccccc54)cc3ccc21,1,c1ccc2c(c1)oc1c2ccc2c3ccc(-n4c5ccccc5c5ccccc54)cc3ccc21,0.0040562,340.2472,0.2362236,0.2362,0.6346571,2.2734,1.0000000,1.0000,[],17
44.7485,50.7831,-50.7831,0.0000000,C=C/C=c1/ccc2c3c1cccc3[n+](/C=C/c1cc3OCOc3cc1)n2,0,,0.0000000,0.0000,0.0000000,0.0000,0.0000000,0.0000,0.0000000,0.0000,None,17
36.9707,44.6882,-44.6882,0.0000000,CCCCCC[n+]1ccc(-c2ccc(C=NN=C3N=Nc4cc(N)ccc43)cc2)cc1,1,C(=NN=C1N=Nc2ccccc21)c1ccc(-c2cc[nH+]cc2)cc1,0.0000000,0.0000,0.0000000,0.0000,0.0000000,0.0000,0.0000000,0.0000,['[#7;!n][#7;!n]'],17
43.2560,43.2400,-43.0108,0.0017906,N#CC1c2cc(O)c(F)cc2C(=N)C(C#N)(C#N)C1c1cccc(F)c1,1,N=C1CC(c2ccccc2)Cc2ccccc21,0.0013139,327.9787,0.8204765,0.8205,0.4434566,4.0658,1.0000000,1.0000,[],17
42.5490,44.8808,-42.9831,0.0148256,CCC1CCCN(Cc2ccc(NC(=O)c3cnc(-c4ccc(Cl)cc4)cc3OC)cc2)C1,1,O=C(Nc1ccc(CN2CCCCC2)cc1)c1ccc(-c2ccccc2)nc1,0.0123191,352.3990,0.4473115,0.4473,0.5919183,2.6219,1.0000000,1.0000,[],17
64.1643,62.5738,-62.5738,0.0000000,CCCCCc1noc(CCC(=O)N2C(=O)OCC2CCNC(=O)Nc2ccc(-c3nn[nH]n3)c(Cl)c2)n1,1,O=C(NCCC1COC(=O)N1C(=O)CCc1ncno1)Nc1ccc(-c2nn[nH]n2)cc1,0.0000000,0.0000,0.0000000,0.0000,0.0000000,0.0000,0.0000000,0.0000,"['C(=[O,S])[O,S]']",17
48.2944,56.1452,-56.1452,0.0000000,n12c(n(c(=O)c3c1cccc3)-c1ccc(cc1)C#Cc1c(c3c(s1)ccc(c3)N(CC)CC)=O)nc1c2cccc1,0,,0.0000000,0.0000,0.0000000,0.0000,0.0000000,0.0000,0.0000000,0.0000,None,17
51.0216,55.0790,-55.0790,0.0000000,c1c(-c2[nH]c3cc(-c4sc(-c5sc(Cl)cc5)c5sc(-c6cccs6)c4C5=O)sc3c2)ccc(OCC(CCCC)CC)c1,0,,0.0000000,0.0000,0.0000000,0.0000,0.0000000,0.0000,0.0000000,0.0000,None,17
49.7367,50.3426,-50.2349,0.0008414,O=C(CC1CCN(Cc2cc(CCc3cccc(F)c3)ccc2Cl)CC1)c1ccsc1,1,O=C(CC1CCN(Cc2cccc(CCc3ccccc3)c2)CC1)c1ccsc1,0.0006054,319.5572,0.3474948,0.3475,0.6185233,2.4021,1.0000000,1.0000,[],17
30.1728,31.3044,-31.3044,0.0000000,Cc1ccc(C=C2CCc3nc4cc(C(=O)O)ccc4nc32)cc1,1,C(=C1CCc2nc3ccccc3nc21)c1ccccc1,0.0000000,0.0000,0.0000000,0.0000,0.0000000,0.0000,0.0000000,0.0000,"['C(=[O,S])[O,S]']",17
58.1552,55.1625,-53.9328,0.0096076,CCC1(NCCC(CCCN(C)C)Nc2cccc(Sc3ncnc4[nH]ccc34)n2)CCCC1,1,c1cc(NCCCNC2CCCC2)nc(Sc2ncnc3[nH]ccc23)c1,0.0079534,347.6005,0.2847192,0.2847,0.4708649,3.7659,1.0000000,1.0000,[],17
42.0479,48.8423,-48.8423,0.0000000,CN(c1ccc([N+]#N)cc1)c1ccc(C=Nc2cccc(C(=O)O)c2)c2ccccc12,1,C(=Nc1ccccc1)c1ccc(Nc2ccccc2)c2ccccc12,0.0000000,0.0000,0.0000000,0.0000,0.0000000,0.0000,0.0000000,0.0000,"['C(=[O,S])[O,S]']",17
64.6494,74.6073,-74.6073,0.0000000,COc1cc(-c2noc(C3(C#N)OC(=O)NC3=CC=Cc3sc(C#N)c(C#N)c3-c3ccc(N(C)C)cc3)n2)cc(OC)c1OC,1,O=C1NC(=CC=Cc2sccc2-c2ccccc2)C(c2nc(-c3ccccc3)no2)O1,0.0000000,0.0000,0.0000000,0.0000,0.0000000,0.0000,0.0000000,0.0000,"['C(=[O,S])[O,S]']",17
60.1515,66.5272,-66.5272,0.0000000,O(c1ccc2c3c(c(ccc3)C)n3c(c2O1)c(nn3)-c1ccc2c(cc(n2C)Nc2ccc(cc2)OC)c1)C,0,,0.0000000,0.0000,0.0000000,0.0000,0.0000000,0.0000,0.0000000,0.0000,None,17
24.4119,26.8733,-10.9380,0.1244944,CCCCCCCCSC(C#N)=C(C#N)C#N,1,,0.1156749,377.9157,0.4813540,0.4814,0.5369496,3.1093,1.0000000,1.0000,[],17
43.9125,43.3781,55.3053,0.7709644,Cn1c(CN2CCCc3ccccc32)c2ccccc2c(C(=O)NCC2CCCO2)c1=O,1,O=C(NCC1CCCO1)c1c(=O)[nH]c(CN2CCCc3ccccc32)c2ccccc12,0.7799488,413.7386,0.6726406,0.6726,0.5456353,3.0290,1.0000000,1.0000,[],17
38.4324,46.3533,-39.2781,0.0552752,N#Cc1ccc(N(c2ccccc2)c2ccc(-c3ccc(N(c4ccc(-c5ccc(N(c6ccccc6)c6ccccc6)cc5)cc4)c4ccc5c(c4)-c4oc6ccccc6c4C5)cc3)cc2)cc1,1,c1ccc(N(c2ccccc2)c2ccc(-c3ccc(N(c4ccc(-c5ccc(N(c6ccccc6)c6ccccc6)cc5)cc4)c4ccc5c(c4)-c4oc6ccccc6c4C5)cc3)cc2)cc1,0.0513242,368.3301,0.1294887,0.1295,0.5222436,3.2481,1.0000000,1.0000,[],17
35.1508,37.4461,-37.4239,0.0001737,Cc1cc2c(ccn2N)cc1Oc1ccccc1N,1,c1ccc(Oc2ccc3[nH]ccc3c2)cc1,0.0001134,301.3671,0.5446318,0.5446,0.6174413,2.4109,1.0000000,1.0000,[],17
24.6806,26.0753,-25.5780,0.0038849,C=C1C=CC=CC1C=C=O,1,C=C1C=CC=CC1,0.0030269,337.0577,0.4958597,0.4959,0.3788992,4.8524,1.0000000,1.0000,[],17
27.5341,26.5216,-26.3381,0.0014342,COc1ccc(Nc2ncc(C(F)(F)F)c(Nc3ccc(Cl)cc3)n2)cc1,1,c1ccc(Nc2ccnc(Nc3ccccc3)n2)cc1,0.0010426,325.4647,0.5856994,0.5857,0.6577176,2.0949,1.0000000,1.0000,[],17
42.0455,45.1466,-35.5128,0.0752647,CCCCCc1c([N+](=O)[O-])c(CCCc2ccccc2)n(Cc2ccc(OC)cc2)c1O,1,c1ccc(CCCc2cccn2Cc2ccccc2)cc1,0.0697054,371.8661,0.2124040,0.2124,0.6076674,2.4906,1.0000000,1.0000,[],17
40.0118,42.8647,-41.7693,0.0085581,O=S(=O)(Nc1ccc(CCNc2c(-c3ccc(F)cc3)nc3ncccn23)cn1)c1ccccc1,1,O=S(=O)(Nc1ccc(CCNc2c(-c3ccccc3)nc3ncccn23)cn1)c1ccccc1,0.0069686,346.1546,0.3360806,0.3361,0.6022336,2.5355,1.0000000,1.0000,[],17
32.0348,32.8430,-32.8430,0.0000000,COc1ccccc1C1Nc2ccc(Cl)cc2C2CC(c3ccc(Cl)cc3)=NN21,1,c1ccc(C2=NN3C(C2)c2ccccc2NC3c2ccccc2)cc1,0.0000000,0.0000,0.0000000,0.0000,0.0000000,0.0000,0.0000000,0.0000,['[#7;!n][#7;!n]'],17
37.0875,41.3103,-41.3103,0.0000000,C(\CC)=c1nc(n2c(ncn2)n1)=C/C=C\C,0,,0.0000000,0.0000,0.0000000,0.0000,0.0000000,0.0000,0.0000000,0.0000,None,17
43.1636,46.9248,-46.9032,0.0001689,Cc1nc(N)c2cnn(CCCNC(=O)c3cccc(=[N+]=[N-])cc3)c2n1,1,[N+]=c1cccc(C(=O)NCCCn2ncc3cncnc32)cc1,0.0001115,301.1800,0.3958816,0.3959,0.5558167,2.9366,1.0000000,1.0000,[],17
40.8402,43.1297,-40.6557,0.0193283,CCOCCNc1nc(SCC)nc2c1ncn2-c1cc(C(F)(F)F)ccc1C#N,1,c1ccc(-n2cnc3cncnc32)cc1,0.0164773,355.6025,0.3205073,0.3205,0.5608532,2.8915,1.0000000,1.0000,[],17
55.1266,68.4304,48.4564,0.9131781,CN1CCN(c2cc3c(-c4ccccc4)c(C#N)c(N)nc3cc2-c2ccc(N3CCC(=Cc4scc[n+]4C)CC3)cc2)CC1,1,C(=C1CCN(c2ccc(-c3cc4nccc(-c5ccccc5)c4cc3N3CCNCC3)cc2)CC1)c1[nH+]ccs1,0.9650918,436.0410,0.2334839,0.2335,0.5109524,3.3574,1.0000000,1.0000,[],17
39.7589,45.3419,-45.3419,0.0000000,c1c2c(ccc1)nc([nH]c2=O)C=[N+]1[O-]2C(=CC=C2)N(C1=O)C,0,,0.0000000,0.0000,0.0000000,0.0000,0.0000000,0.0000,0.0000000,0.0000,None,17
37.9795,42.2495,-42.2495,0.0000000,c12c3ccc4c1c1c4c(cc2)cc(c1ccc3NO)N(C)C,0,,0.0000000,0.0000,0.0000000,0.0000,0.0000000,0.0000,0.0000000,0.0000,None,17
36.4348,43.5103,69.6952,0.8844182,CN(C)c1ccc(-n2c3ccccc3c3cc(-c4cccc5ncccc45)c4nonc4c32)cc1,1,c1ccc(-n2c3ccccc3c3cc(-c4cccc5ncccc45)c4nonc4c32)cc1,0.9230433,426.9744,0.3003456,0.3003,0.5866830,2.6664,1.0000000,1.0000,[],17
95.9609,102.6791,-102.6791,0.0000000,CCCCCNc1nc2c(OCCCC)nsc2nc2n(CC3(C(=O)N4C=NC(OCC)=C(c5cccc(-n6ccnc6)c5)CC4)CC4CNCCN43)n1N=C2,1,O=C(N1C=NC=C(c2cccc(-n3ccnc3)c2)CC1)C1(Cn2c3nc4sncc4ncn2N=C3)CC2CNCCN21,0.0000000,0.0000,0.0000000,0.0000,0.0000000,0.0000,0.0000000,0.0000,['[*;r{8-17}]'],17
30.8905,31.1616,-31.1566,0.0000387,CCCc1nc(N)c2cc(CCCO)[nH]c2n1,1,c1ncc2cc[nH]c2n1,0.0000232,284.1375,0.7296654,0.7297,0.5672579,2.8347,1.0000000,1.0000,[],17
23.1114,22.5150,-22.5139,0.0000090,COCCNC1CCCc2sccc21,1,c1cc2c(s1)CCCC2,0.0000050,267.3893,0.7719715,0.7720,0.5755607,2.7621,1.0000000,1.0000,[],17
22.4463,23.0620,-23.0304,0.0002471,CC(C)CCOc1ccc(NC(N)=S)cc1,1,c1ccccc1,0.0001622,305.2523,0.7743688,0.7744,0.6885457,1.8659,1.0000000,1.0000,[],17
33.8077,31.7983,-31.7983,0.0000000,COC(=O)CC(c1ccc(OC)cc1OC)c1c(-c2ccc(Cl)cc2)[nH][nH]c1=O,1,O=c1[nH][nH]c(-c2ccccc2)c1Cc1ccccc1,0.0000000,0.0000,0.0000000,0.0000,0.0000000,0.0000,0.0000000,0.0000,"['C(=[O,S])[O,S]']",17
76.4194,79.7189,31.0093,0.8650635,NC(=O)C(CN=Nc1ccc(N2C(=O)CN(C(=O)C=Cc3ccc(C(=O)Nc4ccc(O)cc4)cc3)C(=O)C2=O)cc1)=C1C=CC(=O)C=C1,1,O=C1C=CC(=CCN=Nc2ccc(N3C(=O)CN(C(=O)C=Cc4ccc(C(=O)Nc5ccccc5)cc4)C(=O)C3=O)cc2)C=C1,0.9362854,429.1792,0.1020042,0.1020,0.4984034,3.4817,1.0000000,1.0000,[],17
66.7958,72.6542,-72.6542,0.0000000,c1ccc(cc1[C@@H](C(c1cn(C2CCCC2)c2cc(c(-c3csc(N4CCCC4)n3)cc21)=O)=C)C(=O)C)F,0,,0.0000000,0.0000,0.0000000,0.0000,0.0000000,0.0000,0.0000000,0.0000,None,17
57.1064,60.7176,-60.7176,0.0000000,N(C(=O)CCC1CNCC1)c1cc(-c2cc[n+](nN2)C)cc2ccccc21,0,,0.0000000,0.0000,0.0000000,0.0000,0.0000000,0.0000,0.0000000,0.0000,None,17
42.2596,47.7082,54.0558,0.7950309,CCCCCCSc1ccc(-c2sc(C(C#N)=Cc3ccn(C)c3)cc2C#N)cc1,1,C(=Cc1ccc(-c2ccccc2)s1)c1cc[nH]c1,0.8369959,417.7631,0.2019138,0.2019,0.5396264,3.0844,1.0000000,1.0000,[],17
32.8072,31.6501,-31.6501,0.0000000,CCOP(=O)(OCC)C(C)C(=O)N1C(=O)OCC1c1ccccc1,1,O=C1NC(c2ccccc2)CO1,0.0000000,0.0000,0.0000000,0.0000,0.0000000,0.0000,0.0000000,0.0000,"['C(=[O,S])[O,S]']",17
48.1865,52.6432,63.6813,0.9087849,COc1cc(-c2nc3c(C)c(N)c(N)c(C#N)c3nc2C#N)ccc1NC=O,1,c1ccc(-c2cnc3ccccc3n2)cc1,0.9393442,429.7488,0.4618677,0.4619,0.5213178,3.2570,1.0000000,1.0000,[],18
52.7002,58.1408,-56.4163,0.0134725,O=C(NCC(Nc1ccc2nn(-c3ccc(O)cc3O)nc2c1)c1ccccc1)c1cc(-c2ncc[nH]2)on1,1,O=C(NCC(Nc1ccc2nn(-c3ccccc3)nc2c1)c1ccccc1)c1cc(-c2ncc[nH]2)on1,0.0114674,351.6119,0.1997200,0.1997,0.4979007,3.4868,1.0000000,1.0000,[],18
58.5108,56.6597,-56.6597,0.0000000,CN1CC(O)C(NC(=O)CCCCCCC(=O)OC2OC(CO)C(OP(=O)(O)O)C2O)C1=O,1,O=C(CCCCCCC(=O)OC1CCCO1)NC1CCNC1=O,0.0000000,0.0000,0.0000000,0.0000,0.0000000,0.0000,0.0000000,0.0000,"['C(=[O,S])[O,S]']",18
86.1882,95.3070,-61.4636,0.2644018,[C-]#[N+]C1CCN(c2ccc(C=C(C)C(=O)c3ccc(N(C(=O)Nc4ccc(SC(F)(F)F)cc4)c4nc(Nc5ccc(-c6nn[nH]n6)cc5)cc(OC5CCC5)n4)cc3)cc2)CC1,1,O=C(C=Cc1ccc(N2CCCCC2)cc1)c1ccc(N(C(=O)Nc2ccccc2)c2nc(Nc3ccc(-c4nn[nH]n4)cc3)cc(OC3CCC3)n2)cc1,0.2766346,389.5637,0.0438857,0.0439,0.4562202,3.9239,1.0000000,1.0000,[],18
53.7305,56.3543,-56.2145,0.0010918,CC(C)c1ccc(-n2ncc3c(N4CCC(Oc5ccc(C(=O)CCN(C)Cc6cccnc6)cc5)CC4)nc(N)nc32)cc1,1,O=C(CCNCc1cccnc1)c1ccc(OC2CCN(c3ncnc4c3cnn4-c3ccccc3)CC2)cc1,0.0008134,322.7660,0.1905018,0.1905,0.5614349,2.8863,1.0000000,1.0000,[],18
21.9834,23.8602,-23.8581,0.0000166,Cc1nc2ncnc(N)c2o1,1,c1ncc2ocnc2n1,0.0000096,274.5523,0.5914746,0.5915,0.5493545,2.9951,1.0000000,1.0000,[],18
56.5974,61.3289,-61.3289,0.0000000,CC1Cc2ccccc2C(Oc2cnc3cc(C#Cc4ccc(C(=O)NC5CN6CCC5CC6)s4)ccc3n2)C1,1,O=C(NC1CN2CCC1CC2)c1ccc(C#Cc2ccc3nc(OC4CCCc5ccccc54)cnc3c2)s1,0.0000000,0.0000,0.0000000,0.0000,0.0000000,0.0000,0.0000000,0.0000,['C#C'],18
63.9189,66.1248,-66.1248,0.0000000,CCN(CC)C(=O)c1ccc(C(=O)Cn2c(-c3ccc(N(C)C)cc3)c3c(c2-c2ccc(F)cc2)C(NC(F)(F)F)OC3=O)cc1,1,O=C(Cn1c(-c2ccccc2)c2c(c1-c1ccccc1)C(=O)OC2)c1ccccc1,0.0000000,0.0000,0.0000000,0.0000,0.0000000,0.0000,0.0000000,0.0000,"['C(=[O,S])[O,S]']",18
74.5499,76.4697,-76.4697,0.0000000,c1cc2c3c(c4c(c5ccccc5n4-c4nc(c5C(c6c(C(C)=C)ccc(c6)C(=O)n6c7ccccc7c7c6cccc7)=CC6)=Nc54)cc3)oc2cc1,0,,0.0000000,0.0000,0.0000000,0.0000,0.0000000,0.0000,0.0000000,0.0000,None,18
35.1485,35.4172,-35.2799,0.0010730,COc1ccccc1N1CCN(C(=O)CNc2nc(N(C)C)nc3sccc23)CC1,1,O=C(CNc1ncnc2sccc12)N1CCN(c2ccccc2)CC1,0.0007670,322.1283,0.6492392,0.6492,0.6070629,2.4956,1.0000000,1.0000,[],18
36.0486,38.8350,84.5123,0.9636508,O=C1C(=Nc2ccccc2)c2cccc3[nH]c4cc1c3c24,1,O=C1C(=Nc2ccccc2)c2cccc3[nH]c4cc1c3c24,0.9955509,458.7447,0.5563184,0.5563,0.4677184,3.7994,1.0000000,1.0000,[],18
29.5030,30.8168,-23.5741,0.0565837,COc1ccc(-n2cnc3nnc(-c4ccncc4)nc32)cc1,1,c1ccc(-n2cnc3nnc(-c4ccncc4)nc32)cc1,0.0500008,368.0313,0.5775591,0.5776,0.6177223,2.4086,1.0000000,1.0000,[],18
51.3720,52.1263,-51.3925,0.0057326,O=S(=O)(c1c(F)cccc1F)N1CC(NC2CN3CCC2C3)Nc2ccccc21,1,O=S(=O)(c1ccccc1)N1CC(NC2CN3CCC2C3)Nc2ccccc21,0.0044894,341.3535,0.7942067,0.7942,0.3879098,4.7349,1.0000000,1.0000,[],18
51.0662,54.9756,47.8692,0.8034752,Cc1nnc(-n2nnc3ccccc32)c2sc(C(=O)c3cnn(-c4ccc(N5CCCC5)cc4)c3)cc12,1,O=C(c1cnn(-c2ccc(N3CCCC3)cc2)c1)c1cc2cnnc(-n3nnc4ccccc43)c2s1,0.8343104,417.5508,0.3114883,0.3115,0.5564143,2.9312,1.0000000,1.0000,[],18
37.2143,39.3740,-19.1887,0.1576983,CC1CCc2cc(N=C=S)sc2N1CCO,1,c1cc2c(s1)NCCC2,0.1475005,380.9525,0.6650986,0.6651,0.4358387,4.1524,1.0000000,1.0000,[],18
100.9689,109.6792,-109.6792,0.0000000,c1ccc(cc1)COc1c2C3(C(=CC(=Cc4ccc(o4)-c4ccccc4)C3=CO)c3ccc(cc3)OC)C3(CC)c4ccccc4-c4ccccc24)cc2C(N(c4ccc(cc4)C(=O)OC(c4ccccc4)=O)C(=O)c2c1)=O,0,,0.0000000,0.0000,0.0000000,0.0000,0.0000000,0.0000,0.0000000,0.0000,None,18
47.8088,51.0772,58.3986,0.8552794,COc1cc2[nH]c(=O)c3c(N)ncc(NC4CCCCC4)c3c2cc1-c1cccc(CNC(=O)C2CC2)c1,1,O=C(NCc1cccc(-c2ccc3[nH]c(=O)c4cncc(NC5CCCCC5)c4c3c2)c1)C1CC1,0.8959856,423.3802,0.2560260,0.2560,0.5736867,2.7784,1.0000000,1.0000,[],18
51.7933,53.9477,-53.9477,0.0000000,CC1=Cc2nc(NCCN3CCCC3)cc3c2CN(C=CC3)N1C,1,C1=CN2Cc3c(cc(NCCN4CCCC4)nc3C=CN2)C1,0.0000000,0.0000,0.0000000,0.0000,0.0000000,0.0000,0.0000000,0.0000,['[#7;!n][#7;!n]'],18
44.3477,46.2125,-2.8503,0.3387675,CN=C1C2=CC(C)C(=O)C2=c2ccccc2=C1C=O,1,N=C1C=c2ccccc2=C2C(=O)CC=C12,0.3295501,527.7111,0.6789423,0.6789,0.4426553,4.0748,1.0000000,1.0000,[],18
39.8512,46.4900,-46.4900,0.0000000,ONC(=O)C1C(c2ccccc2)=Nc2c1c1nc(oc1cc2)=O,0,,0.0000000,0.0000,0.0000000,0.0000,0.0000000,0.0000,0.0000000,0.0000,None,18
28.4863,30.3670,-29.8234,0.0042471,N#Cc1ccc(-c2ccc3cc(-c4ccc(F)cc4)[nH]c3c2)cc1,1,c1ccc(-c2ccc3cc(-c4ccccc4)[nH]c3c2)cc1,0.0032802,337.9333,0.5203923,0.5204,0.6681027,2.0166,1.0000000,1.0000,[],18
33.4883,37.4735,77.3634,0.8971640,CCN1C(=O)C(=C(O)c2ccccc2)C(=O)N(c2ccc(Br)cc2)C1=S,1,O=C1NC(=S)N(c2ccccc2)C(=O)C1=Cc1ccccc1,0.9314733,428.3328,0.3467690,0.3468,0.6279669,2.3263,1.0000000,1.0000,[],18
27.9724,35.8419,20.0480,0.4366397,COc1ccc2sc(=N)n(N=Cc3ccc(C#N)cc3)c2c1,1,N=c1sc2ccccc2n1N=Cc1ccccc1,0.4265440,396.7866,0.7553809,0.7554,0.5829514,2.6983,1.0000000,1.0000,[],18
28.1720,26.5697,-26.5697,0.0000000,CCCCCCCCCCCCCCCCCCCCCCCC(=O)OCC(COCCC(C(=O)[O-])[N+](C)(C)C)OC(=O)CCCCCCCCCCCCCCCCCCCCCC,1,,0.0000000,0.0000,0.0000000,0.0000,0.0000000,0.0000,0.0000000,0.0000,"['C(=[O,S])[O,S]']",18
22.9565,24.9332,-24.8801,0.0004145,COc1ccc(NC(c2ccccc2)c2ccc(OC)cc2)cc1,1,c1ccc(NC(c2ccccc2)c2ccccc2)cc1,0.0002806,311.2071,0.7003708,0.7004,0.6584691,2.0892,1.0000000,1.0000,[],18
33.4229,29.4506,-29.4419,0.0000679,CCc1noc(C2CC2C(=O)Nc2cccc(C)c2C)n1,1,O=C(Nc1ccccc1)C1CC1c1ncno1,0.0000416,290.4730,0.9372996,0.9373,0.5473115,3.0137,1.0000000,1.0000,[],18
48.9382,49.9487,-49.9487,0.0000000,O=C(NC1CC1)c1ccc(-c2ccc3nc4n(c3c2)CC(Cc2ccc(F)cc2)(C(=O)O)N4)cc1,1,O=C(NC1CC1)c1ccc(-c2ccc3nc4n(c3c2)CC(Cc2ccccc2)N4)cc1,0.0000000,0.0000,0.0000000,0.0000,0.0000000,0.0000,0.0000000,0.0000,"['C(=[O,S])[O,S]']",18
63.6005,77.1145,38.6954,0.9047646,CCCCCCc1nc(N)c2cc(N=C(c3ccc(N(CCC)CCC)cc3)c3ccc4c5c(cccc35)C(=O)N4c3ccc(OCCCCC)cc3)oc2n1,1,O=C1c2cccc3c(C(=Nc4cc5cncnc5o4)c4ccccc4)ccc(c23)N1c1ccccc1,0.9959114,460.3339,0.0647912,0.0648,0.4943376,3.5227,1.0000000,1.0000,[],18
78.4601,89.9427,-70.7478,0.1499599,Cc1cc2nc(N)sc2c(N)c1CCNCCSc1nn(CCCCc2nc(-c3ccc(NC4=CCCC=C4)cc3)no2)c(=O)c2cccnc12,1,O=c1c2cccnc2c(SCCNCCc2ccc3ncsc3c2)nn1CCCCc1nc(-c2ccc(NC3=CCCC=C3)cc2)no1,0.1513976,381.2854,0.0514445,0.0514,0.4743381,3.7292,1.0000000,1.0000,[],18
29.4768,30.8794,-30.8707,0.0000679,N#CC(Cc1ccc(N)cc1)NC(=O)CC1CCCC1,1,O=C(CC1CCCC1)NCCc1ccccc1,0.0000417,290.5041,0.8070220,0.8070,0.5814504,2.7111,1.0000000,1.0000,[],18
51.9322,58.2244,-58.2244,0.0000000,N#Cc1ccc2cccc(N3CCN4c5ccccc5N(c5ccccc5C(=O)O)CCC43)c2n1,1,c1ccc(N2CCC3N(CCN3c3cccc4cccnc34)c3ccccc32)cc1,0.0000000,0.0000,0.0000000,0.0000,0.0000000,0.0000,0.0000000,0.0000,"['C(=[O,S])[O,S]']",18
39.4125,42.3523,-42.3523,0.0000000,NCCNCCOc1ccc(Nc2ccc(C(=O)O)cc2NC2CCCC2)cc1,1,c1ccc(Nc2ccccc2NC2CCCC2)cc1,0.0000000,0.0000,0.0000000,0.0000,0.0000000,0.0000,0.0000000,0.0000,"['C(=[O,S])[O,S]']",18
43.9481,48.4002,72.1121,0.9415018,COc1ccc(-n2c(C(=O)c3cccc(C)c3)cc(=O)c3nc4ccccc4nc32)cc1,1,O=C(c1ccccc1)c1cc(=O)c2nc3ccccc3nc2n1-c1ccccc1,0.9831725,444.1653,0.3159346,0.3159,0.6190850,2.3976,1.0000000,1.0000,[],18
37.9757,42.0847,-41.9756,0.0008520,O=C1CCC(Nc2cccc(C(=O)N3CCC(C(=O)NC4CCN(c5ccccc5)CC4)CC3)c2)C(=O)N1,1,O=C1CCC(Nc2cccc(C(=O)N3CCC(C(=O)NC4CCN(c5ccccc5)CC4)CC3)c2)C(=O)N1,0.0006074,319.5940,0.5082271,0.5082,0.5577512,2.9192,1.0000000,1.0000,[],18
34.3266,36.7074,-36.6001,0.0008386,CN1C(=O)C2(CSC(N3CCCC3)=N2)c2cc(S(N)(=O)=O)ccc21,1,O=C1Nc2ccccc2C12CSC(N1CCCC1)=N2,0.0005915,319.3061,0.7893815,0.7894,0.4605378,3.8768,1.0000000,1.0000,[],18
65.2272,69.3827,50.5286,0.9368072,N#CC1=C2Cc3cc4csn4cc3CC2c2cc3c(cc2C1=O)cc1oc2ccccc2n13,1,O=C1C=C2Cc3cc4csn4cc3CC2c2cc3c(cc21)cc1oc2ccccc2n13,0.9897488,449.6187,0.2858278,0.2858,0.4082417,4.4795,1.0000000,1.0000,[],18
43.6579,47.4710,-47.4710,0.0000000,CCn1c(C=C(C#N)C=CC2=[N+](CCCCCC(=O)[O-])c3ccccc3C2(C)C)nc2ccccc21,1,C(C=Cc1nc2ccccc2[nH]1)=CC1=[NH+]c2ccccc2C1,0.0000000,0.0000,0.0000000,0.0000,0.0000000,0.0000,0.0000000,0.0000,"['C(=[O,S])[O,S]']",18
45.1879,48.6661,-48.6661,0.0000000,n1c2CCC=Cc2c2c3c(ccc2)c2c4c(cccc4)n(c2c1)-c1nc(c2oc4ccccc4c2n1)n3,0,,0.0000000,0.0000,0.0000000,0.0000,0.0000000,0.0000,0.0000000,0.0000,None,18
25.8170,24.7099,-24.7098,0.0000000,O=C(O)Cn1cc(C(F)(F)F)c(=O)[nH]c1=O,1,O=c1cc[nH]c(=O)[nH]1,0.0000000,0.0000,0.0000000,0.0000,0.0000000,0.0000,0.0000000,0.0000,"['C(=[O,S])[O,S]']",18
24.2742,26.9056,-26.9013,0.0000335,CCCCCCCC(=O)N(c1ccccc1)c1ccc(OC)cc1,1,c1ccc(Nc2ccccc2)cc1,0.0000200,282.5217,0.5517456,0.5517,0.6876244,1.8726,1.0000000,1.0000,[],18
36.5799,44.1034,76.4606,0.9419064,CCCCCCN(C)c1ccc(C=C(C#N)C(=O)Nc2ccccc2C=O)o1,1,O=C(C=Cc1ccco1)Nc1ccccc1,0.9886899,471.4602,0.2808707,0.2809,0.5784612,2.7369,1.0000000,1.0000,[],18
56.3654,61.1972,-61.1972,0.0000000,c12nc3c4c(n(-c5ccc(OC[C@@H]6NCCN=6)cc5)cc4cnc3)c2nc(nc1N)N,0,,0.0000000,0.0000,0.0000000,0.0000,0.0000000,0.0000,0.0000000,0.0000,None,18
52.5047,63.5933,49.7615,0.8855841,COc1ccc(N=Nc2ccc(N=Cc3ncc(-c4ccc(N=Nc5ccc(N=Nc6ccc(N(C)C)cc6)cc5)cc4)n3O)cc2N)cc1O,1,C(=Nc1ccc(N=Nc2ccccc2)cc1)c1ncc(-c2ccc(N=Nc3ccc(N=Nc4ccccc4)cc3)cc2)[nH]1,0.9807610,477.3155,0.0529267,0.0529,0.4750352,3.7218,1.0000000,1.0000,[],18
53.8810,61.6783,-61.6783,0.0000000,CN(C)c1ccc(C#Cc2c(-c3ccc(N(c4ccccc4)c4ccc5c(c4)c4ccccc4n5-c4ccccc4)cc3)[nH]c3cc(O)c(NC(=O)OC(C)(C)C)cc23)cc1,1,C(#Cc1c(-c2ccc(N(c3ccccc3)c3ccc4c(c3)c3ccccc3n4-c3ccccc3)cc2)[nH]c2ccccc12)c1ccccc1,0.0000000,0.0000,0.0000000,0.0000,0.0000000,0.0000,0.0000000,0.0000,"['C#C', 'C(=[O,S])[O,S]']",18
44.8900,48.3307,-43.9182,0.0344728,C=NS(=O)(=O)Nc1ccc(Nc2nc3cc(C(=O)NC4CCN(C)CC4)ccc3n2C)cc1,1,O=C(NC1CCNCC1)c1ccc2[nH]c(Nc3ccccc3)nc2c1,0.0299461,362.2386,0.4574058,0.4574,0.5717174,2.7956,1.0000000,1.0000,[],18
38.9564,42.0748,67.1538,0.8533484,CCCCOc1ccc(-c2sc(O)c3cc(-c4cccc5ccccc45)ccc23)cc1,1,c1ccc(-c2scc3cc(-c4cccc5ccccc45)ccc23)cc1,0.8900186,422.7020,0.2779174,0.2779,0.6222842,2.3718,1.0000000,1.0000,[],18
37.4413,38.4233,-38.4233,0.0000000,CCCN1CCN(c2nc3scnc3s2)C(C(=O)O)C1,1,c1nc2sc(N3CCNCC3)nc2s1,0.0000000,0.0000,0.0000000,0.0000,0.0000000,0.0000,0.0000000,0.0000,"['C(=[O,S])[O,S]']",18
52.5975,54.4069,-54.4069,0.0000000,CCN(CC)c1ccc2c(c1)CCC1=C2CCCC1(C)c1ccc(C(=O)C(=O)OC)nc1,1,c1cncc(C2CCCC3=C2CCc2ccccc23)c1,0.0000000,0.0000,0.0000000,0.0000,0.0000000,0.0000,0.0000000,0.0000,"['C(=[O,S])[O,S]']",18
35.4857,34.8943,-34.7641,0.0010169,Cc1c(NC(=O)c2ccnn2C)ccc2[nH]c(=S)[nH]c12,1,O=C(Nc1ccc2[nH]c(=S)[nH]c2c1)c1ccn[nH]1,0.0007260,321.5317,0.6336696,0.6337,0.5828804,2.6989,1.0000000,1.0000,[],18
43.6177,42.7032,-27.8607,0.1159576,O=C(Nc1c[nH]c(=O)c(NC(c2ccccc2)(c2ccccc2)c2ccccc2)c1)c1cnc(Cl)cc1Cl,1,O=C(Nc1c[nH]c(=O)c(NC(c2ccccc2)(c2ccccc2)c2ccccc2)c1)c1cccnc1,0.1110063,377.4112,0.1575220,0.1575,0.5820183,2.7063,1.0000000,1.0000,[],18
28.1539,26.5288,-26.4969,0.0002489,CN1CCC(CCNc2nc[nH]c(=O)c2Br)CC1,1,O=c1cc(NCCC2CCNCC2)nc[nH]1,0.0001633,305.3247,0.8873299,0.8873,0.5786549,2.7352,1.0000000,1.0000,[],18
80.9899,84.1039,-84.1039,0.0000000,N#Cc1ccc(C2(c3ccoc(=O)n3)OC(n3ccnn3)=Cc3cc2c(N=Nc2nc(C4CCCCC4)n[nH]2)c2ccccc32)cc1,1,O=c1nc(C2(c3ccccc3)OC(n3ccnn3)=Cc3cc2c(N=Nc2nc(C4CCCCC4)n[nH]2)c2ccccc32)cco1,0.0000000,0.0000,0.2031119,0.2031,0.3489195,5.2646,1.0000000,1.0000,[],18
34.7677,41.6663,-35.3829,0.0490888,CCCc1nc(-c2ccc(N=Cc3ccc(OC)c(OC)c3)cc2)sc1C#N,1,C(=Nc1ccc(-c2nccs2)cc1)c1ccccc1,0.0432777,366.3870,0.5056387,0.5056,0.5899333,2.6387,1.0000000,1.0000,[],18
63.6831,70.7853,36.8170,0.8406426,O=C=Nc1ccccc1N=C(c1ccccc1)N(c1ccccc1)c1ccc(N(c2ccccc2)c2ccc3c(c2)c2ccccc2n3-c2cccc3c2C(=O)N(c2ccc4c(c2)OCO4)C3=O)cc1,1,O=C1c2cccc(-n3c4ccccc4c4cc(N(c5ccccc5)c5ccc(N(C(=Nc6ccccc6)c6ccccc6)c6ccccc6)cc5)ccc43)c2C(=O)N1c1ccc2c(c1)OCO2,0.9261374,427.4563,0.0581598,0.0582,0.4640373,3.8390,1.0000000,1.0000,[],18
84.8953,91.2631,-91.2631,0.0000000,c1(C2C3C(=C(Nc4[nH]c([nH]c(c34)O)=NCCN=Cc3cc(OCCN4CC5CCC4CO5)ccc3)=O)C(=O)N=2)cc(C(F)(F)F)cc(C(F)(F)F)c1,0,,0.0000000,0.0000,0.0000000,0.0000,0.0000000,0.0000,0.0000000,0.0000,None,18
34.4188,37.0283,-35.4892,0.0120243,CCc1ccc(-c2nc3ccccc3c(C#N)c2-c2ccc(COC)cc2)cc1,1,c1ccc(-c2cc3ccccc3nc2-c2ccccc2)cc1,0.0098836,349.9808,0.4183337,0.4183,0.6488219,2.1630,1.0000000,1.0000,[],18
59.4379,68.7222,-68.7222,0.0000000,C1CCC(C(Oc2ccc(N3N=C(C#N)C(c4cccs4)=C4c5c(NC4=O)ccc(c5)N4CCCC4=O)ccc3cc2)=O)CC1,0,,0.0000000,0.0000,0.0000000,0.0000,0.0000000,0.0000,0.0000000,0.0000,None,18
23.3984,26.0714,-26.0714,0.0000000,N#CC(=Cc1ccc(OC(=O)c2ccc(Cl)cc2)cc1)C(=O)O,1,O=C(Oc1ccccc1)c1ccccc1,0.0000000,0.0000,0.0000000,0.0000,0.0000000,0.0000,0.0000000,0.0000,"['C(=[O,S])[O,S]']",18
39.7250,43.4509,46.8362,0.7053679,CCCNc1ccc2ccc3ccc(NC(=O)CC)cc3c2[n+]1CC,1,c1ccc2c(c1)ccc1ccc[nH+]c12,0.7154800,410.0121,0.5151271,0.5151,0.5748220,2.7685,1.0000000,1.0000,[],18
37.2451,41.9641,75.3398,0.9164373,Cc1ccc(N=C2SC(=C3C=C(O)c4ccccc4N3)C(=O)N2C)cc1,1,O=C1NC(=Nc2ccccc2)SC1=C1C=Cc2ccccc2N1,0.9323931,428.4902,0.7361332,0.7361,0.5607235,2.8926,1.0000000,1.0000,[],18
27.5120,25.4085,-25.4085,0.0000000,CC(C)NC(=O)C1CN(C(=O)OC(C)(C)C)CCO1,1,C1COCCN1,0.0000000,0.0000,0.0000000,0.0000,0.0000000,0.0000,0.0000000,0.0000,"['C(=[O,S])[O,S]']",18
29.6497,30.5587,-30.5587,0.0000000,CCCCCc1ccc(-c2ccc(C#Cc3ccc(C4CCC(C)CC4)cc3)cc2)c(F)c1F,1,C(#Cc1ccc(C2CCCCC2)cc1)c1ccc(-c2ccccc2)cc1,0.0000000,0.0000,0.0000000,0.0000,0.0000000,0.0000,0.0000000,0.0000,['C#C'],18
64.6597,74.9949,-74.9949,0.0000000,C(c1c2OCc3ccccc3-c2c2c(c3ccccc3s2)s1)=C1N(C)c2cc(ccc2N1C)-c1sc(nc1C)NCCC,0,,0.0000000,0.0000,0.0000000,0.0000,0.0000000,0.0000,0.0000000,0.0000,None,18
56.8245,63.1372,-63.1372,0.0000000,CCOC(=O)C1=C(CN2CC3CCC2CN3c2cc(OCC)ccn2)Nc2nc3ccccc3cc2N1,1,C1=C(CN2CC3CCC2CN3c2ccccn2)Nc2nc3ccccc3cc2N1,0.0000000,0.0000,0.0000000,0.0000,0.0000000,0.0000,0.0000000,0.0000,"['C(=[O,S])[O,S]']",18
95.3687,103.2766,12.5096,0.9045796,CCCN1CCNc2c3c(c(N)c(O)c21)C1=CN(c2n[nH]c4sc(-c5ccnc(N6CCN(C)CC6)c5)cc24)c2ccn(-c4ccc(F)cc4)c2C=C1C3O,1,C1=C2Cc3c(ccc4c3NCCN4)C2=CN(c2n[nH]c3sc(-c4ccnc(N5CCNCC5)c4)cc23)c2ccn(-c3ccccc3)c21,0.9905800,450.5460,0.0900034,0.0900,0.3856530,4.7641,1.0000000,1.0000,[],19
46.7699,47.9366,-43.7181,0.0329571,Cc1nnc2c(Cl)c(-c3ccc(N4CCN(C)CC4)cc3)nc(N3CCC4CCC(C3)O4)n12,1,c1cc(N2CCNCC2)ccc1-c1cc2nncn2c(N2CCC3CCC(C2)O3)n1,0.0285247,361.6947,0.5854429,0.5854,0.4199619,4.3380,1.0000000,1.0000,[],19
53.4278,62.2273,-59.2983,0.0228830,CCOc1ccc(-c2c(-c3ccc(-n4c(=O)[nH]c5c(N)nc6ccccc6c54)cc3)oc3nc(N)n(C)c23)cc1,1,O=c1[nH]c2cnc3ccccc3c2n1-c1ccc(-c2oc3nc[nH]c3c2-c2ccccc2)cc1,0.0197927,357.6297,0.2754313,0.2754,0.5390294,3.0899,1.0000000,1.0000,[],19
65.8963,72.8631,-72.8631,0.0000000,CC(c1[nH]nc(n1)N/N=C\c1cc(c(-c2cc3c4c(n(CC#N)c2cc1)cc(OC(F)(F)F)cc4)ccc3)C(=O)O)=O,0,,0.0000000,0.0000,0.0000000,0.0000,0.0000000,0.0000,0.0000000,0.0000,None,19
47.0431,57.1623,54.9515,0.8758886,Cc1cc2c(N=Cc3cc4cc(N(C)C)ccc4o3)nc(NCCc3ccc(O)c(O)c3)nc2s1,1,C(=Nc1nc(NCCc2ccccc2)nc2sccc12)c1cc2ccccc2o1,0.9272088,427.6275,0.2017450,0.2017,0.5300351,3.1741,1.0000000,1.0000,[],19
25.1261,24.6667,-24.6662,0.0000043,CCOP(=O)(CCc1ccc(-c2ccccc2)cc1)OCC,1,c1ccc(-c2ccccc2)cc1,0.0000023,259.0865,0.6304742,0.6305,0.6585947,2.0882,1.0000000,1.0000,[],19
29.9988,29.1507,-27.6673,0.0115893,C=CNC=C1C(=O)NC(=O)N(C)C1=O,1,C=C1C(=O)NC(=O)NC1=O,0.0095283,349.5793,0.4513513,0.4514,0.5224043,3.2466,1.0000000,1.0000,[],19
31.9984,30.9621,-30.9572,0.0000382,O=C(NCCc1nc2ccccc2s1)C1CC(=O)N(c2cccc(Cl)c2)C1,1,O=C(NCCc1nc2ccccc2s1)C1CC(=O)N(c2ccccc2)C1,0.0000228,283.9648,0.7116953,0.7117,0.5954427,2.5923,1.0000000,1.0000,[],19
37.7189,39.4112,-37.5033,0.0149055,COc1cc2cnc(NC(=O)CCc3ccc(N)cc3C)nc2cc1OC,1,O=C(CCc1ccccc1)Nc1ncc2ccccc2n1,0.0122268,352.3164,0.6504411,0.6504,0.6312469,2.3003,1.0000000,1.0000,[],19
84.4679,93.4313,-93.4313,0.0000000,c12cc3c(cc2c(c(c(-c2cc4c(c(-c5cc6c7c(cccc7)ccc6n5-c5c(n(c6c5cccc6)C)=O)c2)ccc4)n1)O)n3)-c1cc(ccc1)N(C)C,0,,0.0000000,0.0000,0.0000000,0.0000,0.0000000,0.0000,0.0000000,0.0000,None,19
166.4640,182.9547,-182.9547,0.0000000,c1(ccc2c(/c(c3Oc2c(c2-c4c(cc(c(C=Nc5ccc(cc5)NC(=O)CCSSCCCCCCOc5ccc6oc(c(c7ccc7c5cc(c7)=O)[N+]#N)=O)c6)c2n3)C=4c2ccc(cc2)N=Nc2ccc(N3c4ccccc4C(C)(C)c4ccccc34)cc2)=O)=C1)/C=C/N1C2CCCCN2CCC1)O,0,,0.0000000,0.0000,0.0000000,0.0000,0.0000000,0.0000,0.0000000,0.0000,None,19
25.2108,28.2437,-28.1229,0.0009434,N#Cc1nc2cc(Cl)c(Cl)cc2s1,1,c1ccc2scnc2c1,0.0006690,320.6423,0.6928708,0.6929,0.5860211,2.6720,1.0000000,1.0000,[],19
52.9602,56.1848,-56.1848,0.0000000,Cc1nn(C)cc1-c1nc2ncc(NC(=O)C3CCCN3Cc3ccc(C#Cc4ccc(NC(=O)C5CCN(C)CC5)cc4)cc3)cc2[nH]1,1,O=C(Nc1ccc(C#Cc2ccc(CN3CCCC3C(=O)Nc3cnc4nc(-c5cn[nH]c5)[nH]c4c3)cc2)cc1)C1CCNCC1,0.0000000,0.0000,0.0000000,0.0000,0.0000000,0.0000,0.0000000,0.0000,['C#C'],19
47.3962,49.3770,-49.3770,0.0000000,CCc1ccc(C2(C(F)(F)F)N=C(C#N)N3CC(N4CCCCC4)=CN32)cc1,1,C1=NC(c2ccccc2)N2C=C(N3CCCCC3)CN12,0.0000000,0.0000,0.0000000,0.0000,0.0000000,0.0000,0.0000000,0.0000,['[#7;!n][#7;!n]'],19
54.6330,57.3238,-57.3238,0.0000000,Nc1cc(-c2cc(F)cc(Cl)c2)nc2c1nc(N)n2COCCOCCOCCNC(=O)C(=O)O,1,c1ccc(-c2ccc3nc[nH]c3n2)cc1,0.0000000,0.0000,0.0000000,0.0000,0.0000000,0.0000,0.0000000,0.0000,"['C(=[O,S])[O,S]']",19
37.1483,36.4144,-36.4144,0.0000000,CSC1=NC2C(C(=O)O)SC(C)C2N1,1,C1=NC2CSCC2N1,0.0000000,0.0000,0.0000000,0.0000,0.0000000,0.0000,0.0000000,0.0000,"['C(=[O,S])[O,S]']",19
38.5728,39.4368,76.4061,0.9050227,CN(C)Cc1c(=O)c(Br)c2c(c3ccccc13)OCO2,1,O=c1cc2c(c3ccccc3c1)OCO2,0.9155047,425.8707,0.8454146,0.8454,0.5800855,2.7229,1.0000000,1.0000,[],19
52.8535,58.3629,-49.5832,0.0685915,NC1CCN(C(=O)Nc2sc(C3CC3)cc2-c2nc(-c3cc4ccccn4c3)cc3[nH]ncc23)CC1,1,O=C(Nc1sc(C2CC2)cc1-c1nc(-c2cc3ccccn3c2)cc2[nH]ncc12)N1CCCCC1,0.0627211,370.6386,0.3075414,0.3075,0.5064589,3.4016,1.0000000,1.0000,[],19
69.6577,84.4773,29.0266,0.8867494,CN(C)c1ccc(-c2ccc(-c3nc(-c4ccc(-c5ccc(C6=CCC(c7ccc8nc(-c9ccc(-c%10ccc(N(c%11ccccc%11)c%11ccccn%11)cc%10)cc9)nc(-c9nc(-c%10ccccc%10)nc(-c%10ccccc%10)n9)c8c7)=C6)cc5)cc4)c4ccccc4n3)s2)cc1,1,C1=C(c2ccc(-c3ccc(-c4nc(-c5ccc(-c6ccccc6)s5)nc5ccccc45)cc3)cc2)C=C(c2ccc3nc(-c4ccc(-c5ccc(N(c6ccccc6)c6ccccn6)cc5)cc4)nc(-c4nc(-c5ccccc5)nc(-c5ccccc5)n4)c3c2)C1,0.9658943,436.3026,0.0984077,0.0984,0.4133764,4.4170,1.0000000,1.0000,[],19
89.3144,95.7828,-87.3012,0.0662621,CCCn1c(C=Cc2cc(S(=O)(=O)O)cc3c(CC)c(C=CC=CC=C4SC=CN4C)[nH]c23)cc2c1[n+](CC)c1cc(Cl)ccc1[n+]2C(C)=NO,1,C(=CC=C1NC=CS1)C=Cc1cc2cccc(C=Cc3cc4[nH+]c5ccccc5[nH+]c4[nH]3)c2[nH]1,0.0657979,548.8057,0.0252924,0.0253,0.3923880,4.6775,1.0000000,1.0000,[],19
56.5034,63.7118,-27.4875,0.2830018,COc1cccc(-c2cc(N)c3c(n2)sc2c(N4CCNc5cc(NC(C)=O)ccc54)nc(-c4ccc(C)cc4)nc23)c1,1,c1ccc(-c2ccc3c(n2)sc2c(N4CCNc5ccccc54)nc(-c4ccccc4)nc23)cc1,0.2822824,389.8683,0.1974374,0.1974,0.5480648,3.0068,1.0000000,1.0000,[],19
38.6691,43.5439,-42.9561,0.0045917,COc1cc(-c2nc3ncc4c(n(C)c(=O)n4C)n3n2)cc(C)c1O,1,O=c1[nH]c2cnc3nc(-c4ccccc4)nn3c2[nH]1,0.0035607,338.8270,0.5844098,0.5844,0.5633451,2.8693,1.0000000,1.0000,[],19
23.4553,24.5866,-8.6268,0.1246859,CNc1cc(Cl)c(Cl)c2cccnc12,1,c1ccc2ncccc2c1,0.1136044,377.6942,0.8047041,0.8047,0.6326385,2.2893,1.0000000,1.0000,[],19
29.9564,33.2212,-32.5788,0.0050188,COc1ccc(-c2nn(Cc3ccccc3)c3ccc(C(=O)c4ccccc4)cc23)cc1,1,O=C(c1ccccc1)c1ccc2c(c1)c(-c1ccccc1)nn2Cc1ccccc1,0.0039714,340.0169,0.3181638,0.3182,0.6700791,2.0018,1.0000000,1.0000,[],19
30.6619,32.1817,-32.1033,0.0006131,Fc1ccc(Nc2ccc(OCC3CCN(c4ccccc4)CC3)cc2)cc1,1,c1ccc(Nc2ccc(OCC3CCN(c4ccccc4)CC3)cc2)cc1,0.0004259,315.7362,0.5826463,0.5826,0.6889013,1.8633,1.0000000,1.0000,[],19
29.3006,29.5264,-29.5216,0.0000379,COc1cc(N2CCN(Cc3nc4ccccc4[nH]3)CC2)ccc1F,1,c1ccc(N2CCN(Cc3nc4ccccc4[nH]3)CC2)cc1,0.0000226,283.8294,0.7928611,0.7929,0.6609708,2.0702,1.0000000,1.0000,[],19
37.6293,43.5886,80.4126,0.9687594,CC(=O)Nc1cc(N2CCCC2)c(C=CC=O)c2c1N=S=N2,1,c1cc2c(cc1N1CCCC1)N=S=N2,0.9922436,467.3260,0.6951309,0.6951,0.5108886,3.3580,1.0000000,1.0000,[],19
32.0194,32.8353,-30.2114,0.0204989,O=S(=O)(Br)c1ccc2cc(-c3nccs3)ccc2c1,1,c1ccc2cc(-c3nccs3)ccc2c1,0.0171106,356.0190,0.6526265,0.6526,0.6087996,2.4813,1.0000000,1.0000,[],19
23.9471,24.8398,-24.6784,0.0012607,CC(=O)c1ccc(NC(=O)CNc2cccc3ccccc23)cc1,1,O=C(CNc1cccc2ccccc12)Nc1ccccc1,0.0009038,323.9119,0.6965560,0.6966,0.7119795,1.6985,1.0000000,1.0000,[],19
61.7677,65.3816,-61.3533,0.0314711,CCOCCn1cc(-c2cc3cc(OCC)c(NC4COCC4O)nc3s2)c(Nc2ccc(F)c(F)c2)n1,1,c1ccc(Nc2n[nH]cc2-c2cc3ccc(NC4CCOC4)nc3s2)cc1,0.0279347,361.4612,0.2314110,0.2314,0.4541041,3.9471,1.0000000,1.0000,[],19
31.1751,35.2100,-35.1170,0.0007265,CCCc1ccc(S(=O)(=O)N(CCC)c2cccc(N(C)C)c2)cc1,1,O=S(=O)(Nc1ccccc1)c1ccccc1,0.0005067,317.6244,0.7041731,0.7042,0.6534460,2.1275,1.0000000,1.0000,[],19
39.6943,42.9788,-35.3392,0.0596843,O=C(Nc1cc(Nc2ccccc2O)nc2cc(N3CCOCC3)ccc12)NC1CCCCC1,1,O=C(Nc1cc(Nc2ccccc2)nc2cc(N3CCOCC3)ccc12)NC1CCCCC1,0.0535237,368.8109,0.4003946,0.4004,0.6072118,2.4944,1.0000000,1.0000,[],19
30.7700,35.8307,-16.1306,0.1539071,Nc1cc2c(=O)n3c(nc2c2c1CCCC2=O)CCC3,1,O=C1CCCc2ccc3c(=O)n4c(nc3c21)CCC4,0.1425410,380.5182,0.7340600,0.7341,0.5651977,2.8529,1.0000000,1.0000,[],19
34.1239,35.9605,-35.9489,0.0000906,CCCCCCCCc1cc(-c2ccc(OC3CCN(C)C3)cc2)no1,1,c1cc(-c2ccc(OC3CCNC3)cc2)no1,0.0000573,293.9452,0.5395392,0.5395,0.5768818,2.7506,1.0000000,1.0000,[],19
42.8744,43.9553,-43.9045,0.0003970,CCc1ccc(-c2cc(NC(=O)c3c(N(C)C)sc4c3CCCCC4)n[nH]2)cc1,1,O=C(Nc1cc(-c2ccccc2)[nH]n1)c1csc2c1CCCCC2,0.0002707,310.8165,0.5641637,0.5642,0.5854328,2.6770,1.0000000,1.0000,[],19
41.7524,44.1479,49.7714,0.7337448,COc1c(N2CCC(C(C)N3CCCCC3)CC2)ccc2c(C)snc12,1,c1cc2csnc2cc1N1CCC(CN2CCCCC2)CC1,0.7379487,411.2410,0.7763025,0.7763,0.5139992,3.3277,1.0000000,1.0000,[],19
44.4967,45.5360,-45.5360,0.0000000,COCc1ccc(OC(=O)N2CC3(CNC3)Oc3cc(OC)ccc32)cc1,1,O=C(Oc1ccccc1)N1CC2(CNC2)Oc2ccccc21,0.0000000,0.0000,0.0000000,0.0000,0.0000000,0.0000,0.0000000,0.0000,"['C(=[O,S])[O,S]']",19
36.3402,40.8873,-40.8873,0.0000000,c1c2-c3ccc4ccc5ccccc5n4c3C3(c4ccccc4C(C3=O)=O)c2ccc1,0,,0.0000000,0.0000,0.0000000,0.0000,0.0000000,0.0000,0.0000000,0.0000,None,19
20.6387,22.4267,-22.4189,0.0000605,Oc1ccc(CNC2CC2)cc1Cl,1,c1ccc(CNC2CC2)cc1,0.0000369,289.1637,0.7796192,0.7796,0.6886545,1.8651,1.0000000,1.0000,[],19
37.6615,40.0817,81.1539,0.9471530,[B]OC1=CN=NC12C=CC=CC2,1,C1=CCC2(C=C1)C=CN=N2,0.9878018,472.2907,0.5337360,0.5337,0.3042291,5.9499,1.0000000,1.0000,[],19
28.6388,28.2156,-28.2156,0.0000000,C#CCOc1ccc(C=C(C#N)C(=O)Nc2cccc(Cl)c2)cc1OCC,1,O=C(C=Cc1ccccc1)Nc1ccccc1,0.0000000,0.0000,0.0000000,0.0000,0.0000000,0.0000,0.0000000,0.0000,['C#C'],19
52.4632,53.2113,36.4969,0.7008447,CCCCc1cccc(N(c2ccc(-c3cccs3)cc2)c2ccc(-c3ccc(-c4nc5c(s4)sc4ccsc45)c4nsnc34)cc2)c1,1,c1ccc(N(c2ccc(-c3cccs3)cc2)c2ccc(-c3ccc(-c4nc5c(s4)sc4ccsc45)c4nsnc34)cc2)cc1,0.7409164,508.5918,0.1493833,0.1494,0.5076911,3.3894,1.0000000,1.0000,[],19
57.0539,62.3163,-62.3163,0.0000000,S(C)(Nc1cc2c(cc1OC)SC[C@@H](c1ccc(C3CC(c4ccc(cc4)N4CCCCC4)=NN=3)cc1)N=2)(=O)=O,0,,0.0000000,0.0000,0.0000000,0.0000,0.0000000,0.0000,0.0000000,0.0000,None,19
26.9535,27.7549,-27.7549,0.0000000,O=C(O)C(=O)c1n[nH]c2cccc(F)c12,1,c1ccc2[nH]ncc2c1,0.0000000,0.0000,0.0000000,0.0000,0.0000000,0.0000,0.0000000,0.0000,"['C(=[O,S])[O,S]']",19
34.8340,37.4551,-33.7991,0.0285624,Cn1nnc2ccc(Nc3ccc(NC(=O)C=Cc4ccccc4)cn3)nc21,1,O=C(C=Cc1ccccc1)Nc1ccc(Nc2ccc3nn[nH]c3n2)nc1,0.0244324,359.9677,0.5231410,0.5231,0.6073647,2.4931,1.0000000,1.0000,[],19
42.1156,50.9785,-50.9785,0.0000000,C1=Nc2ccccc2N(c2ccc(NC3c4cccc(c4)-c4ccccc43)cc2)c2ccccc21,1,C1=Nc2ccccc2N(c2ccc(NC3c4cccc(c4)-c4ccccc43)cc2)c2ccccc21,0.0000000,0.0000,0.2936429,0.2936,0.4762739,3.7088,1.0000000,1.0000,[],19
47.0585,49.6076,-44.7768,0.0377406,C=C(Cc1ccc(Nc2ccc3nn(-c4ccccc4F)nc3c2)cc1)N1CCNC(=O)C1,1,C=C(Cc1ccc(Nc2ccc3nn(-c4ccccc4)nc3c2)cc1)N1CCNC(=O)C1,0.0328939,363.2910,0.4753027,0.4753,0.5780917,2.7401,1.0000000,1.0000,[],19
40.2375,44.2782,-23.5133,0.1622263,C=CC(=O)NC1CCC(Nc2nccc(-c3nccn4nc(-c5c(O)cccc5O)cc34)n2)CC1,1,c1ccc(-c2cc3c(-c4ccnc(NC5CCCCC5)n4)nccn3n2)cc1,0.1549099,381.5794,0.3144572,0.3145,0.5382193,3.0974,1.0000000,1.0000,[],19
59.5913,63.6196,-61.4935,0.0166101,CN(C)CC(=O)Nc1ccc2c(NCCn3cc[nH]c3=O)nn(-c3ccccc3C=N)c2n1,1,O=c1[nH]ccn1CCNc1nn(-c2ccccc2)c2ncccc12,0.0141139,353.8955,0.2872524,0.2873,0.5285041,3.1885,1.0000000,1.0000,[],19
49.5653,59.2808,-59.2808,0.0000000,N#Cc1ccc(-c2ccc3c(c2)nc(-c2ccc(C=CC(=O)O)c(N4CCCCC4)c2)n3-c2ccc(N3CCNCC3)cc2)cc1,1,c1ccc(-c2ccc3c(c2)nc(-c2cccc(N4CCCCC4)c2)n3-c2ccc(N3CCNCC3)cc2)cc1,0.0000000,0.0000,0.0000000,0.0000,0.0000000,0.0000,0.0000000,0.0000,"['C(=[O,S])[O,S]']",19
30.2039,33.0861,-33.0861,0.0000000,n1c2nccnc2n2[nH]c(=O)n(C)c2n1,0,,0.0000000,0.0000,0.0000000,0.0000,0.0000000,0.0000,0.0000000,0.0000,None,19
52.2032,55.9470,-48.9613,0.0545764,CC(C)=CC(=CCC(C)=Cc1cc2c([nH]1)CCC1CCCN21)CO,1,c1cc2c([nH]1)CCC1CCCN21,0.0480497,367.5769,0.7757754,0.7758,0.4318485,4.1984,1.0000000,1.0000,[],19
50.0676,51.8096,-51.4970,0.0024426,CC(NOS(=O)(=O)O)c1ccc(-c2ccc(=O)n(CCc3nc4ccccc4n3C)n2)cc1,1,O=c1ccc(-c2ccccc2)nn1CCc1nc2ccccc2[nH]1,0.0018744,331.8418,0.2974216,0.2974,0.5265377,3.2072,1.0000000,1.0000,[],19
38.1959,40.7936,-40.7936,0.0000000,Cc1nn(-c2ccc(OCc3ccc(Cl)cc3)cc2)c(S(=O)(=O)Cl)c1C(=O)O,1,c1ccc(COc2ccc(-n3cccn3)cc2)cc1,0.0000000,0.0000,0.0000000,0.0000,0.0000000,0.0000,0.0000000,0.0000,"['C(=[O,S])[O,S]']",19
33.3846,32.5001,-32.4197,0.0006281,O=C(NC1CCCC1)C1CCCCN1C(=O)c1ccc(-c2ccccc2)o1,1,O=C(NC1CCCC1)C1CCCCN1C(=O)c1ccc(-c2ccccc2)o1,0.0004323,315.8984,0.8895228,0.8895,0.6028942,2.5301,1.0000000,1.0000,[],19
34.6126,34.1148,-33.7746,0.0026581,COc1ccc(CCNC(=O)N2CCN(C(=O)c3ccc([N+](=O)[O-])cc3)CC2)cc1OC,1,O=C(NCCc1ccccc1)N1CCN(C(=O)c2ccccc2)CC1,0.0020035,332.5667,0.5199658,0.5200,0.6592817,2.0830,1.0000000,1.0000,[],19
46.1764,59.5966,-59.5966,0.0000000,N(c1cc2cc(n(C)c2cc1NC(=O)c1cc([N+](=O)[O-])ccc1-c1ccc(cc1)N1CCOCC1)=O)=O,0,,0.0000000,0.0000,0.0000000,0.0000,0.0000000,0.0000,0.0000000,0.0000,None,19
40.0266,43.3458,-19.4725,0.1865106,Cc1nc(Nc2cccc(N)c2)nc2c1sc1ncnc(-c3ccncc3)c12,1,c1ccc(Nc2ncc3sc4ncnc(-c5ccncc5)c4c3n2)cc1,0.1771920,383.3286,0.4455735,0.4456,0.5763720,2.7550,1.0000000,1.0000,[],19
31.2556,31.7603,-31.7520,0.0000650,CC1(C)CN=C(c2ccc(-c3ccc(Cl)cc3Cl)cc2)O1,1,c1ccc(-c2ccc(C3=NCCO3)cc2)cc1,0.0000399,290.0226,0.7435961,0.7436,0.6201910,2.3886,1.0000000,1.0000,[],19
43.3300,48.8090,-48.8090,0.0000000,CCCCCCCN1C2C=C(c3c(SC)ssc3=N)CC1CC2,1,N=c1sscc1C1=CC2CCC(C1)N2,0.0000000,0.0000,0.0000000,0.0000,0.0000000,0.0000,0.0000000,0.0000,['[#16][#16]'],19
50.0665,54.3393,-42.3582,0.0936023,COc1ccc2c(c1)c1sc(C(=O)N(CCc3ccccc3)CC(N)=O)c(C)c1c(=O)n2-c1ccc(C2CCCCC2)cc1,1,O=C(NCCc1ccccc1)c1cc2c(=O)n(-c3ccc(C4CCCCC4)cc3)c3ccccc3c2s1,0.0879697,374.6081,0.2008180,0.2008,0.5679572,2.8285,1.0000000,1.0000,[],19
75.4768,84.5121,30.4476,0.8981225,O=C1c2nc(Nc3sc4c(c3-c3nc5nc(N6CCOCC6)ccc5[nH]3)CCCC4)c3ncccc3c2C(=O)N1CN=Cc1ccc2[nH]c3ccccc3c2c1,1,O=C1c2nc(Nc3sc4c(c3-c3nc5nc(N6CCOCC6)ccc5[nH]3)CCCC4)c3ncccc3c2C(=O)N1CN=Cc1ccc2[nH]c3ccccc3c2c1,0.9726349,481.2312,0.1113525,0.1114,0.4667777,3.8095,1.0000000,1.0000,[],19
122.7298,135.5313,-135.5313,0.0000000,CC1=CCC2C(=C(C#N)c3c(c(nc(/C=C4/C(=O)N=c5n6c(nc(c7=C6c6c(N=C7CCCC=C6)nc(N=C(n7cnnn6)C#N)n5)N4CC)=O)c3N=2)F)C#N)C=1,0,,0.0000000,0.0000,0.0000000,0.0000,0.0000000,0.0000,0.0000000,0.0000,None,19
63.5206,67.1897,-67.0643,0.0009791,CNC(=O)c1ccc2nc3c(n2c1)C(c1ccc(C(=O)NC2(C#N)CCC2)cc1)N(C1CCN(OC2CCC2)CC1)CC3,1,O=C(NC1CCC1)c1ccc(C2c3c(nc4ccccn34)CCN2C2CCN(OC3CCC3)CC2)cc1,0.0007095,321.2811,0.4366538,0.4367,0.4581323,3.9030,1.0000000,1.0000,[],19
51.2244,55.0386,-53.3656,0.0130706,C=NC(=NC1=NCC(=O)c2ccc(F)cc21)c1ccccc1C1=NC=CC(C)C1,1,O=C1CN=C(N=Cc2ccccc2C2=NC=CCC2)c2ccccc21,0.0107824,350.9356,0.5617376,0.5617,0.4330105,4.1850,1.0000000,1.0000,[],20
90.3356,98.3525,-98.3525,0.0000000,CC(=O)N(CC(=O)N1c2ccc(Br)cc2C=C2CCN(C(=O)OCP=O)CC21)c1ccc(C(=O)Nc2ccc3c(NCCCN)nc(C)nc3c2)cc1,1,O=C(Nc1ccc2cncnc2c1)c1ccc(NCC(=O)N2c3ccccc3C=C3CCNCC32)cc1,0.0000000,0.0000,0.0000000,0.0000,0.0000000,0.0000,0.0000000,0.0000,"['C(=[O,S])[O,S]']",20
48.3666,59.6887,-59.6887,0.0000000,CCCCCCCCCCCCCCN1C(=O)SC(=Cc2ccc(N(CCCCCCCCCCCCCC)c3ccc(C#Cc4ccc(N=Nc5ccc(N(CCCCCCCCCCCC)CCCCCCCCCCCC)cc5)s4)cc3)cc2)C1=O,1,O=C1NC(=O)C(=Cc2ccc(Nc3ccc(C#Cc4ccc(N=Nc5ccccc5)s4)cc3)cc2)S1,0.0000000,0.0000,0.0000000,0.0000,0.0000000,0.0000,0.0000000,0.0000,"['C#C', 'C(=[O,S])[O,S]']",20
47.0466,57.1921,32.2802,0.6990023,CCCCCCCCCCN(CCCCCCCCCC)c1ccc(N=Nc2ccc(N=Nc3ccc(N=Nc4cccc(OC=Nc5ccccc5)c4)cc3)cc2)c(O)n1,1,C(=Nc1ccccc1)Oc1cccc(N=Nc2ccc(N=Nc3ccc(N=Nc4cccnc4)cc3)cc2)c1,0.7849371,505.9433,0.0232703,0.0233,0.4667373,3.8099,1.0000000,1.0000,[],20
66.1165,70.5362,45.9823,0.9103005,[C-]#[N+]c1ccc(SCCCCCCCCCCNc2ccc3c(n2)C=C(c2ccc(F)cc2)C=C(C)N3C)c(C=N)c1,1,C1=CC(c2ccccc2)=Cc2nc(NCCCCCCCCCCSc3ccccc3)ccc2N1,0.9955591,458.7650,0.0811487,0.0811,0.4865567,3.6020,1.0000000,1.0000,[],20
54.8715,62.8529,-62.8529,0.0000000,c1cc2ccccc2c2c(-c3c4cccc5-c6c7c(cccc7sc6N(C)c54)C)ccnc3oc3ccccc23,0,,0.0000000,0.0000,0.0000000,0.0000,0.0000000,0.0000,0.0000000,0.0000,None,20
28.5742,29.3670,-26.8392,0.0197487,Cc1nc(C)c(C(=O)C2=C(O)C(=O)N(c3cccc(Br)c3)C2c2ccccc2)s1,1,O=C(C1=CC(=O)N(c2ccccc2)C1c1ccccc1)c1cncs1,0.0165872,355.6759,0.5264833,0.5265,0.5698004,2.8123,1.0000000,1.0000,[],20
40.2744,42.4084,-41.5130,0.0069950,CC1CN(c2ccc(Nc3nccn4cc(-c5ccc(O)c(Cl)c5)nc34)cc2)CCO1,1,c1ccc(-c2cn3ccnc(Nc4ccc(N5CCOCC5)cc4)c3n2)cc1,0.0055840,343.7343,0.4826337,0.4826,0.5421181,3.0614,1.0000000,1.0000,[],20
28.7442,28.0188,-28.0162,0.0000196,c1ccc(CCC2CCCN2C2CCOC2)cc1,1,c1ccc(CCC2CCCN2C2CCOC2)cc1,0.0000113,276.3440,0.8085022,0.8085,0.5631866,2.8707,1.0000000,1.0000,[],20
56.0173,61.5846,-43.9386,0.1378596,O=Cc1ccccc1NC(=O)C(=O)N1Cc2cc(-c3nn[nH]n3)ccc2-c2nc3[nH]ncc3nc21,1,O=C(Nc1ccccc1)C(=O)N1Cc2cc(-c3nn[nH]n3)ccc2-c2nc3[nH]ncc3nc21,0.1313660,379.4911,0.2626457,0.2626,0.5186302,3.2828,1.0000000,1.0000,[],20
64.9954,67.2555,-67.2555,0.0000000,COC(=O)c1cc(OC)c2c(O)c3c(c(O)c2c1O)CC(C)C(=C1CN(C(C)=O)CCN1)C3,1,c1ccc2cc3c(cc2c1)CCC(=C1CNCCN1)C3,0.0000000,0.0000,0.0000000,0.0000,0.0000000,0.0000,0.0000000,0.0000,"['C(=[O,S])[O,S]']",20
57.9168,59.3602,-59.1995,0.0012552,Cc1ccncc1-c1ccnc2cc(CNC(=O)c3cnc4c(c3)NC(=O)C43C(=O)Nc4cc(F)ccc43)sc12,1,O=C(NCc1cc2nccc(-c3cccnc3)c2s1)c1cnc2c(c1)NC(=O)C21C(=O)Nc2ccccc21,0.0009347,324.2766,0.2863144,0.2863,0.4413260,4.0899,1.0000000,1.0000,[],20
44.1208,48.2506,-48.2506,0.0000000,c1n2c(=O)c(=Cc3ccc(-n4cncc4)cc3)sc2nc(n1)=c1ccc2c(ccs2)n1,0,,0.0000000,0.0000,0.0000000,0.0000,0.0000000,0.0000,0.0000000,0.0000,None,20
38.1621,41.6879,61.6587,0.8073947,CN(c1ccc2c(c1)CCC1=C2Nc2ccccc2N1)S(=O)(=O)CCN1CCCCC1,1,O=S(=O)(CCN1CCCCC1)Nc1ccc2c(c1)CCC1=C2Nc2ccccc2N1,0.8159452,416.1678,0.7361638,0.7362,0.5622590,2.8790,1.0000000,1.0000,[],20
34.9156,37.0152,52.2214,0.6971614,C=Nc1c2ccccc2cc2c1nc1c3ccccc3c3ccccc3n21,1,c1ccc2cc3c(cc2c1)nc1c2ccccc2c2ccccc2n31,0.7220275,410.3638,0.2546631,0.2547,0.5976068,2.5741,1.0000000,1.0000,[],20
63.6599,71.7434,42.7725,0.8946552,C=COCCC(C)Sc1cnc2oc(=O)c(N=Nc3nn[nH]n3)c(Nc3ccc(N)cc3)c2c1,1,O=c1oc2ncccc2c(Nc2ccccc2)c1N=Nc1nn[nH]n1,0.9744064,480.4848,0.0968662,0.0969,0.4348803,4.1634,1.0000000,1.0000,[],20
22.8556,23.8641,-23.8441,0.0001561,NC=CC=CCOc1ccccc1,1,c1ccccc1,0.0001005,300.0548,0.7110406,0.7110,0.6087771,2.4815,1.0000000,1.0000,[],20
53.3279,63.8604,-63.8604,0.0000000,N#Cc1cc(C(=O)OCc2ccc3sc4ccccc4c3c2)c2ccc3c4ccccc4n(N)c3c2c1Cl,1,O=C(OCc1ccc2sc3ccccc3c2c1)c1cccc2c1ccc1c3ccccc3[nH]c21,0.0000000,0.0000,0.0000000,0.0000,0.0000000,0.0000,0.0000000,0.0000,"['C(=[O,S])[O,S]']",20
49.4473,57.9692,-57.9692,0.0000000,c1cccc2c3c(n(-c4cccc5c4c4c(n5-c5cccc(-c6cc(c(C#N)nc6)C=Cc6ccccc6)c5)ccc4)c12)cccc3,0,,0.0000000,0.0000,0.0000000,0.0000,0.0000000,0.0000,0.0000000,0.0000,None,20
42.0211,38.4444,-38.4444,0.0000000,COC(=O)C(c1ccccc1)C1CCC(c2ccccc2[N+](=O)[O-])CC1,1,c1ccc(CC2CCC(c3ccccc3)CC2)cc1,0.0000000,0.0000,0.0000000,0.0000,0.0000000,0.0000,0.0000000,0.0000,"['C(=[O,S])[O,S]']",20
52.4640,56.0571,51.8237,0.8428186,CN(c1ccc(Cl)cc1)c1ccc2c(c1)oc1cc3c(ccc4sc(C=Cc5ccc(N(c6ccccc6)c6ccccc6)cc5Cl)nc43)cc12,1,C(=Cc1nc2c(ccc3cc4c(cc32)oc2cc(Nc3ccccc3)ccc24)s1)c1ccc(N(c2ccccc2)c2ccccc2)cc1,0.8962235,423.4079,0.1642358,0.1642,0.5293324,3.1807,1.0000000,1.0000,[],20
19.9485,20.4798,-20.4393,0.0003165,Clc1ccc2ncccc2c1,1,c1ccc2ncccc2c1,0.0002121,308.1648,0.5821505,0.5822,0.7325588,1.5561,1.0000000,1.0000,[],20
33.3987,34.1869,-33.8376,0.0027290,Cc1cc(O)c(-c2nnc(COc3cccc(C(C)C)c3)o2)c(=O)o1,1,O=c1occcc1-c1nnc(COc2ccccc2)o1,0.0020392,332.7588,0.7582985,0.7583,0.6036126,2.5241,1.0000000,1.0000,[],20
29.6269,42.2992,76.8165,0.9305921,O=C1c2ccsc2-c2sc(-c3ccc(N(c4ccccc4)c4ccc(N(c5ccccc5)c5ccccc5)cc4)nc3)cc21,1,O=C1c2ccsc2-c2sc(-c3ccc(N(c4ccccc4)c4ccc(N(c5ccccc5)c5ccccc5)cc4)nc3)cc21,0.9905938,469.4380,0.1815620,0.1816,0.5551231,2.9428,1.0000000,1.0000,[],20
44.9081,49.5993,-1.5088,0.3757071,O=C1C=CC=C2C1N(CCC1CNC1)C(=O)N2C12CC3CC(CC(C3)C1)C2,1,O=C1C=CC=C2C1N(CCC1CNC1)C(=O)N2C12CC3CC(CC(C3)C1)C2,0.3665610,394.0610,0.8311899,0.8312,0.3681079,4.9969,1.0000000,1.0000,[],20
31.3531,34.5592,-34.5592,0.0000000,c1cc2n(C)c3nc(Nc4c(Cl)cccc4C)nc(c3n2cc1)=O,0,,0.0000000,0.0000,0.0000000,0.0000,0.0000000,0.0000,0.0000000,0.0000,None,20
35.6730,36.2903,-36.1171,0.0013533,C=Cc1ccc2c(c1)ncc1c2cc(C)n1CC,1,c1ccc2c(c1)ncc1[nH]ccc12,0.0009791,324.7814,0.6529111,0.6529,0.6063486,2.5015,1.0000000,1.0000,[],20
67.2376,80.7430,-6.7948,0.5777202,N#CC(=Nc1ccc(-c2nc(Nc3ccc(-c4ccc(N)cc4)c(-c4ccc([N+](=O)[O-])cc4)n3)c3c(nnc4ccccc43)n2)cc1)Nc1nc(Nc2ccccc2)nc(N2CCCC2)n1,1,C(=Nc1ccc(-c2nc(Nc3ccc(-c4ccccc4)c(-c4ccccc4)n3)c3c(nnc4ccccc43)n2)cc1)Nc1nc(Nc2ccccc2)nc(N2CCCC2)n1,0.6420938,406.3457,0.0235915,0.0236,0.4632522,3.8474,1.0000000,1.0000,[],20
53.0666,56.9957,14.3469,0.5573644,C=CN1CCC(n2c(=O)nc(N3CCN(C)C4(CC4)C3)c3nc(-c4ccc5[nH]ccc5c4)ncc32)CC1,1,O=c1nc(N2CCNC3(CC3)C2)c2nc(-c3ccc4[nH]ccc4c3)ncc2n1C1CCNCC1,0.5629771,402.7497,0.4634623,0.4635,0.4566973,3.9187,1.0000000,1.0000,[],20
33.2615,41.1113,45.6330,0.6776900,Clc1cccc(C=Cc2nc3nc4ccccc4nc3c3cccnc23)c1,1,C(=Cc1nc2nc3ccccc3nc2c2cccnc12)c1ccccc1,0.6970223,409.0459,0.3025645,0.3026,0.5971887,2.5776,1.0000000,1.0000,[],20
65.1186,73.4310,-5.5483,0.5303337,N#CC1=C2OC(c3ccc(N=Cc4c(O)ccc5cccnc45)cc3)C(c3nc4ccccc4[nH]3)N2C=CC1C1CC1=O,1,O=C1CC1C1C=CN2C(=C1)OC(c1ccc(N=Cc3cccc4cccnc34)cc1)C2c1nc2ccccc2[nH]1,0.5467614,402.0368,0.2451633,0.2452,0.3961696,4.6296,1.0000000,1.0000,[],20
43.0071,44.2067,-44.1868,0.0001550,CCCN(Cc1ccc(C)cc1)Cc1cn(S(=O)(=O)c2ccc(N)cc2)c2ccc(C)cc12,1,O=S(=O)(c1ccccc1)n1cc(CNCc2ccccc2)c2ccccc21,0.0001020,300.2154,0.3524090,0.3524,0.6202640,2.3881,1.0000000,1.0000,[],20
72.2295,78.5983,39.3498,0.9214702,CN1CCN(c2ccc3c(n2)c(N2CCN(Cc4ccc(N(C)S(C)(=O)=O)cc4)CC2)nc2nc(Cc4c[nH]c(O)c4)c(-c4ccccc4)nc23)CC1,1,c1ccc(CN2CCN(c3nc4nc(Cc5cc[nH]c5)c(-c5ccccc5)nc4c4ccc(N5CCNCC5)nc34)CC2)cc1,0.9788229,441.6209,0.2056324,0.2056,0.4965706,3.5001,1.0000000,1.0000,[],20
83.5950,99.4704,-99.4704,0.0000000,O(c1nn(cc1Oc1cc(-c2cc(cc(c2)-c2ccc3c(c2)nco3)OC)nc(n1)Oc1cc2c(cc1)nc(-c1nc(nc(-c3c(O)cc(O)cc3)n1)O)n2)O)c1ccccc1O,0,,0.0000000,0.0000,0.0000000,0.0000,0.0000000,0.0000,0.0000000,0.0000,None,20
60.1476,68.0178,-68.0178,0.0000000,N=NN=C(N)c1ccc(N2CCOC23CCN(c2c4ccccc4nc4nc(-c5ccc(Oc6ccccc6)cc5)c(N)nc24)CC3)cc1,1,c1ccc(Oc2ccc(-c3cnc4c(N5CCC6(CC5)OCCN6c5ccccc5)c5ccccc5nc4n3)cc2)cc1,0.0000000,0.0000,0.0000000,0.0000,0.0000000,0.0000,0.0000000,0.0000,['[#7;!n][#7;!n]'],20
42.6898,56.2004,16.9229,0.5712757,COc1ccc(N(c2ccccc2)c2ccc(C=CC=Cc3cc4c5cc(Cl)c(O)cc5onc-4n3)cc2)cc1,1,C(C=Cc1cc2c3ccccc3onc-2n1)=Cc1ccc(N(c2ccccc2)c2ccccc2)cc1,0.5905877,516.0219,0.2018848,0.2019,0.5605587,2.8941,1.0000000,1.0000,[],20
32.3045,34.3114,-34.3114,0.0000000,CCOC1=NNC(=O)C1=Cc1cn(Cc2ccc(Cl)cc2)c2ccccc12,1,O=C1NN=CC1=Cc1cn(Cc2ccccc2)c2ccccc12,0.0000000,0.0000,0.0000000,0.0000,0.0000000,0.0000,0.0000000,0.0000,['[#7;!n][#7;!n]'],20
27.7582,27.2971,-27.2971,0.0000000,CCCCOc1c(C(=O)O)sc2cc(F)ccc12,1,c1ccc2sccc2c1,0.0000000,0.0000,0.0000000,0.0000,0.0000000,0.0000,0.0000000,0.0000,"['C(=[O,S])[O,S]']",20
35.1147,38.5792,72.9274,0.8711453,COc1cccc(C2C(=C(O)c3ccc(N(C)C)cc3)C(=O)C(=O)N2c2cc(C)ccc2C)c1,1,O=C1C(=O)N(c2ccccc2)C(c2ccccc2)C1=Cc1ccccc1,0.9058980,424.5870,0.3322504,0.3323,0.5768540,2.7508,1.0000000,1.0000,[],20
27.7285,29.1127,-29.1127,0.0000000,CCC=CCC=CCC=CCC=CCCCOCC(COC1OC(CO)C(O)C(O)C1O)OC(=O)CCCCCCCCCCCC,1,C1CCOCC1,0.0000000,0.0000,0.0000000,0.0000,0.0000000,0.0000,0.0000000,0.0000,"['C(=[O,S])[O,S]']",20
30.7529,32.6796,-26.9734,0.0445799,COc1ccc(-c2ccnc3cc(N4CCN(C)CC4)ccc23)c(OC)c1,1,c1ccc(-c2ccnc3cc(N4CCNCC4)ccc23)cc1,0.0386096,365.0949,0.7070317,0.7070,0.6527998,2.1324,1.0000000,1.0000,[],20
27.1282,29.5006,-29.0942,0.0031754,N#Cc1ccc2sc3c(ccc4c5ccccc5n(-c5ccccc5)c43)c2c1,1,c1ccc(-n2c3ccccc3c3ccc4c5ccccc5sc4c32)cc1,0.0024599,334.7996,0.3037819,0.3038,0.6277444,2.3281,1.0000000,1.0000,[],20
58.7332,59.2427,-59.2427,0.0000000,COc1ccc(F)c(NS(=O)(=O)c2ccc(-c3sc(C(=O)O)c4ncn(CC5(N(C)C)CC5)c34)cc2)c1,1,O=S(=O)(Nc1ccccc1)c1ccc(-c2scc3ncn(CC4CC4)c23)cc1,0.0000000,0.0000,0.0000000,0.0000,0.0000000,0.0000,0.0000000,0.0000,"['C(=[O,S])[O,S]']",20
29.2716,29.9320,-29.9208,0.0000878,NC(N)=NC1CC(c2ccnc(N)c2)C1,1,c1cc(C2CCC2)ccn1,0.0000557,293.6472,0.4730613,0.4731,0.5519634,2.9714,1.0000000,1.0000,[],20
48.3081,54.3409,57.6655,0.8750498,N=c1c2ccccc2c2c(c3c4c(c(=O)[nH]c13)SCO4)C(=O)NC2,1,N=c1c2ccccc2c2c(c3c4c(c(=O)[nH]c13)SCO4)C(=O)NC2,0.8974250,423.5489,0.5832811,0.5833,0.4846279,3.6219,1.0000000,1.0000,[],20
44.9759,51.9700,-51.9700,0.0000000,COc1ccc(NC(=Cc2cc(=O)c3cc(C)cc(N)c3o2)CCC(=O)O)cc1,1,O=c1cc(C=CNc2ccccc2)oc2ccccc12,0.0000000,0.0000,0.0000000,0.0000,0.0000000,0.0000,0.0000000,0.0000,"['C(=[O,S])[O,S]']",20
61.6555,67.9540,-46.2395,0.1696451,CCCCN(CC=CCl)c1ccc(N(c2ccccc2)c2ccc3c4cc(Cl)ccc4n(Cc4cnc(Cl)c(Cl)c4)c3c2)cc1,1,c1ccc(N(c2ccccc2)c2ccc3c4ccccc4n(Cc4cccnc4)c3c2)cc1,0.1670423,382.5551,0.1279019,0.1279,0.5401325,3.0797,1.0000000,1.0000,[],20
31.9893,33.5907,-33.5907,0.0000000,CCCCN(CCCC)c1ccc(OC(=O)c2ccc(CCC(=O)O)cc2)cc1,1,O=C(Oc1ccccc1)c1ccccc1,0.0000000,0.0000,0.0000000,0.0000,0.0000000,0.0000,0.0000000,0.0000,"['C(=[O,S])[O,S]']",20
64.2494,76.7441,-60.6644,0.1256229,N#Cc1cnc2ccc(NC(=O)c3cc(Cl)ccc3OCc3cn4ccccc4n3)cc2c1Nc1ccc(Oc2ccn3ncnc3c2)c(C=C2SC(N3CCOCC3)=NC2=O)c1,1,O=C1N=C(N2CCOCC2)SC1=Cc1cc(Nc2ccnc3ccc(NC(=O)c4ccccc4OCc4cn5ccccc5n4)cc23)ccc1Oc1ccn2ncnc2c1,0.1221852,378.5904,0.1256967,0.1257,0.4688840,3.7870,1.0000000,1.0000,[],20
34.9028,45.5474,18.4848,0.5002514,Cc1nc(-c2ccc(N(c3ccccc3)c3ccccc3)cc2)sc1-c1ccc(-c2ccc(Oc3ccc(C(=O)c4ccccc4)cc3)cc2)s1,1,O=C(c1ccccc1)c1ccc(Oc2ccc(-c3ccc(-c4cnc(-c5ccc(N(c6ccccc6)c6ccccc6)cc5)s4)s3)cc2)cc1,0.5200385,400.8707,0.1335179,0.1335,0.5746757,2.7697,1.0000000,1.0000,[],20
64.7618,77.7080,-77.7080,0.0000000,CC1=NN(C)N2c3ccccc3N=C(N(C)c3c(-c4ccc(N5CCOCC5)cc4)nc4c(=O)nc(N)nc-4n3C)N12,1,O=c1ncnc2[nH]c(NC3=Nc4ccccc4N4NN=CN34)c(-c3ccc(N4CCOCC4)cc3)nc1-2,0.0000000,0.0000,0.0000000,0.0000,0.0000000,0.0000,0.0000000,0.0000,['[#7;!n][#7;!n]'],20
52.3431,63.0508,-60.3229,0.0213117,CCCCOc1cc2ncnc(Nc3ccc(C)c(C)c3)c2cc1NC(=O)CNc1ccc2nc(-c3ccc(N(C)CCO)cc3)[nH]c2c1,1,O=C(CNc1ccc2nc(-c3ccccc3)[nH]c2c1)Nc1ccc2ncnc(Nc3ccccc3)c2c1,0.0191107,357.2414,0.0769373,0.0769,0.5508773,2.9812,1.0000000,1.0000,[],20
37.5324,40.4423,-36.4715,0.0310217,COc1ccc2nc(C(C)(C)C)c(Nc3cccc(-c4cnc(C)o4)c3)n2n1,1,c1cc(Nc2cnc3cccnn23)cc(-c2cnco2)c1,0.0266450,360.9336,0.5532940,0.5533,0.5650759,2.8540,1.0000000,1.0000,[],20
75.1603,85.9367,28.7054,0.8956414,Cc1cc(-c2c(-c3ccc(-c4nc(N)c(N)c(Nc5ccc(Cl)cc5)n4)cc3)c3sc(Nc4ccc5cc(O)ccc5c4)cc3sc2=N)ccc1O,1,N=c1sc2cc(Nc3ccc4ccccc4c3)sc2c(-c2ccc(-c3nccc(Nc4ccccc4)n3)cc2)c1-c1ccccc1,0.9768503,440.6320,0.0847828,0.0848,0.4982144,3.4836,1.0000000,1.0000,[],20
54.3454,68.2970,-68.2970,0.0000000,n1c2c(nc3c(cccc3n2c2nc(-c3c4c(cccc4)n(c3)-c3cc4ccccc4cc3)nc(n1)=N)cc2N)=O,0,,0.0000000,0.0000,0.0000000,0.0000,0.0000000,0.0000,0.0000000,0.0000,None,20
36.3063,38.5328,-38.5328,0.0000000,Cc1ccc(Oc2ccc(C=C3NC(=O)N(NC4=NS(=O)(=O)c5ccccc54)C3=O)cc2)cc1,1,O=C1NC(=Cc2ccc(Oc3ccccc3)cc2)C(=O)N1NC1=NS(=O)(=O)c2ccccc21,0.0000000,0.0000,0.0000000,0.0000,0.0000000,0.0000,0.0000000,0.0000,['[#7;!n][#7;!n]'],20
43.8926,48.5129,-43.9412,0.0357159,COc1ccc(-c2nnc3cc(C(N)=O)c(NC(=O)c4cc(=O)[nH]c5ccccc45)nn23)cc1,1,O=C(Nc1ccc2nnc(-c3ccccc3)n2n1)c1cc(=O)[nH]c2ccccc12,0.0312726,362.7241,0.3655832,0.3656,0.6002370,2.5522,1.0000000,1.0000,[],20
44.6555,50.2936,-49.5396,0.0058908,CNCc1cn(C2CCN(C(=O)c3ccc(-c4ccc5cc(N6CCNCC6)ccc5c4)cc3)C2)nn1,1,O=C(c1ccc(-c2ccc3cc(N4CCNCC4)ccc3c2)cc1)N1CCC(n2ccnn2)C1,0.0046787,341.8040,0.4274325,0.4274,0.5390578,3.0897,1.0000000,1.0000,[],20
42.5783,47.5248,-45.5278,0.0156017,COc1cc2ccc(Nc3nc4sc5c(c4c(=O)n3C3CCN(C)CC3)CCCC5)cc2[nH]c1=O,1,O=c1ccc2ccc(Nc3nc4sc5c(c4c(=O)n3C3CCNCC3)CCCC5)cc2[nH]1,0.0130143,353.0027,0.4446594,0.4447,0.5644091,2.8599,1.0000000,1.0000,[],20
23.8132,24.0046,-23.7660,0.0018645,O=c1oc2ccccc2c(-c2ccc(Cl)cc2)c1O,1,O=c1cc(-c2ccccc2)c2ccccc2o1,0.0013670,328.4088,0.6852648,0.6853,0.6702282,2.0007,1.0000000,1.0000,[],20
39.8537,43.3505,-43.3388,0.0000914,CN1CCN(c2ccc(C3(O)CCc4cc(-c5ccc6c(c5)OCCO6)ccc4O3)cc2)CC1,1,c1cc2c(cc1-c1ccc3c(c1)OCCO3)CCC(c1ccc(N3CCNCC3)cc1)O2,0.0000576,294.0110,0.6393255,0.6393,0.5359657,3.1184,1.0000000,1.0000,[],20
34.1242,38.2525,-18.9016,0.1511784,O=c1c2ncnn2c2c(c3nc4ccccc4n13)CN(c1ccccc1)C2,1,O=c1c2ncnn2c2c(c3nc4ccccc4n13)CN(c1ccccc1)C2,0.1418943,380.4606,0.4624076,0.4624,0.5736066,2.7791,1.0000000,1.0000,[],20
36.6523,36.2933,-36.2933,0.0000000,COc1ccc(C=Cc2ccc(OC)c(OC(=O)Oc3ccc([N+](=O)[O-])cc3)c2OC)cc1,1,O=C(Oc1ccccc1)Oc1cccc(C=Cc2ccccc2)c1,0.0000000,0.0000,0.0000000,0.0000,0.0000000,0.0000,0.0000000,0.0000,"['C(=[O,S])[O,S]']",20
41.2107,49.3152,-49.3152,0.0000000,c1ccccc1COc1ccc(cc1OCC)C=c1c(=O)n2nc(nc2s/c1=C1/C(N(CC(CCCC)CC)c2c1cccc2)=O)=O,0,,0.0000000,0.0000,0.0000000,0.0000,0.0000000,0.0000,0.0000000,0.0000,None,20
61.2889,70.1958,-20.8643,0.3854023,CCCCCCCc1nc2cnc3c(c2n1CCOCCCc1ccc(N2CC2)cc1)Nc1ccccc1N3CC,1,c1ccc2c(c1)Nc1ncc3ncn(CCOCCCc4ccc(N5CC5)cc4)c3c1N2,0.3966964,395.4481,0.1208729,0.1209,0.5564829,2.9306,1.0000000,1.0000,[],21
46.0210,46.2134,-45.9943,0.0017120,COc1ccc(-c2nc(=O)n(COc3cccc4c3ccn4Cc3ccc(F)cc3)[nH]2)cc1,1,O=c1nc(-c2ccccc2)[nH]n1COc1cccc2c1ccn2Cc1ccccc1,0.0012737,327.6403,0.4032050,0.4032,0.5972199,2.5773,1.0000000,1.0000,[],21
63.1857,67.2534,-20.5810,0.3646279,CN(C)c1ccc(Nc2cc(-c3sc(=O)[nH]c3Nc3ccc4c(c3)oc3c5ccccc5ccc43)cc3c(Nc4ccccc4)cccc23)cc1,1,O=c1[nH]c(Nc2ccc3c(c2)oc2c4ccccc4ccc32)c(-c2cc(Nc3ccccc3)c3cccc(Nc4ccccc4)c3c2)s1,0.3739429,394.4048,0.1275470,0.1275,0.5317844,3.1576,1.0000000,1.0000,[],21
76.4074,84.9319,-84.9319,0.0000000,CCN1CC(=CC=CC=C2C=C=NN2c2ccc(N(C)C)cc2)C=C1C=CC=Cc1cc[n+](CCCCCC(=O)NCc2ccc(C(=O)Nc3cc(N)ccc3N)cc2)cc1,1,O=C(CCCCC[n+]1ccc(C=CC=CC2=CC(=CC=CC=C3C=C=NN3c3ccccc3)CN2)cc1)NCc1ccc(C(=O)Nc2ccccc2)cc1,0.0000000,0.0000,0.0000000,0.0000,0.0000000,0.0000,0.0000000,0.0000,['[#7;!n][#7;!n]'],21
88.5516,98.1609,-98.1609,0.0000000,C=CC(=O)N1CCCC(n2nnc(-c3ccc(-c4cc5c(c(C#Cc6sc(N7c8ccc(C)cc8CCc8cc(N9CCOCC9)ccc87)nc6OC)n4)-c4ccc(N)cc4C5=O)cc3)n2)C1,1,O=C1c2ccccc2-c2c1cc(-c1ccc(-c3nnn(C4CCCNC4)n3)cc1)nc2C#Cc1cnc(N2c3ccccc3CCc3cc(N4CCOCC4)ccc32)s1,0.0000000,0.0000,0.0000000,0.0000,0.0000000,0.0000,0.0000000,0.0000,['C#C'],21
53.6498,61.6086,51.3057,0.8821432,CCCCc1ccc(C(=O)NCCn2c(=O)c3c(Nc4ccc(N(CC)CC)cc4)c4ccccc4nc3n(CCCC)c2=S)cc1,1,O=C(NCCn1c(=S)[nH]c2nc3ccccc3c(Nc3ccccc3)c2c1=O)c1ccccc1,0.9579847,433.9488,0.0877288,0.0877,0.5593809,2.9046,1.0000000,1.0000,[],21
32.7949,39.0830,-28.6563,0.0814588,COc1ccc(-c2nnc(-c3noc4cc(N(C)C)ccc34)s2)cc1,1,c1ccc(-c2nnc(-c3noc4ccccc34)s2)cc1,0.0734931,372.4850,0.5511507,0.5512,0.6141576,2.4375,1.0000000,1.0000,[],21
46.3171,45.0964,-44.8027,0.0022945,CCn1cc(S(=O)(=O)NCCS(C)(=O)=O)c2oc(-c3ccccc3)cc(=O)c21,1,O=c1cc(-c2ccccc2)oc2cc[nH]c12,0.0017119,330.8556,0.6159975,0.6160,0.5745819,2.7706,1.0000000,1.0000,[],21
63.4882,71.8136,-71.8136,0.0000000,O(CCN1CCN(c2ccccc2)C=1[N+](=O)O)[n+]1c(-c2ccccc2)n(CCC#N)nc1-c1ccc(cc1)N(C)C,0,,0.0000000,0.0000,0.0000000,0.0000,0.0000000,0.0000,0.0000000,0.0000,None,21
25.9175,25.9768,2.1235,0.2195335,CN(C)c1cnc(Nc2ccc(F)cc2)nc1,1,c1ccc(Nc2ncccn2)cc1,0.2052773,385.3031,0.8819778,0.8820,0.6617098,2.0646,1.0000000,1.0000,[],21
41.6981,48.3638,73.4222,0.9514526,C=c1ccc2cc3c(=O)[nH]c(N)nc3c3c(NC4CCCC4)ccc1c23,1,C=c1ccc2cc3c(=O)[nH]cnc3c3c(NC4CCCC4)ccc1c23,0.9902813,469.7963,0.3847621,0.3848,0.5533979,2.9584,1.0000000,1.0000,[],21
61.4334,74.5553,-71.3628,0.0249409,COc1cc(C=C(CCN2CCCCC2)C(=O)Nc2ccc(N3CCN(C(C)=O)CC3)cn2)ccc1-c1cn(C2CCN(C)C2)c(=O)c2[nH]ccc12,1,O=C(Nc1ccc(N2CCNCC2)cn1)C(=Cc1ccc(-c2cn(C3CCNC3)c(=O)c3[nH]ccc23)cc1)CCN1CCCCC1,0.0218802,358.7415,0.2251541,0.2252,0.4617970,3.8631,1.0000000,1.0000,[],21
27.6019,27.9568,-27.8827,0.0005792,C=CCc1ccc(Sc2ccc(C)cc2)c(N)c1,1,c1ccc(Sc2ccccc2)cc1,0.0004004,315.0662,0.6446374,0.6446,0.6438341,2.2016,1.0000000,1.0000,[],21
38.6978,42.0442,-37.8237,0.0329724,Nc1ccc(Oc2c3ccccc3cc3c2oc2cc(N)c(Cl)cc23)cc1,1,c1ccc(Oc2c3ccccc3cc3c2oc2ccccc23)cc1,0.0287677,361.7896,0.3529004,0.3529,0.6138774,2.4398,1.0000000,1.0000,[],21
32.3009,32.0377,-30.4030,0.0127712,N#CC(=Cc1cn(-c2ccccc2)nc1-c1cccc(Cl)c1)C(=O)Nc1cccnc1,1,O=C(C=Cc1cn(-c2ccccc2)nc1-c1ccccc1)Nc1cccnc1,0.0105943,350.7424,0.3544543,0.3545,0.6258516,2.3432,1.0000000,1.0000,[],21
42.5034,45.4501,-45.4501,0.0000000,CCCCOc1ccc(C=NN=Cc2cc3cnc4ccccc4n3n2)cc1,1,C(=NN=Cc1cc2cnc3ccccc3n2n1)c1ccccc1,0.0000000,0.0000,0.0000000,0.0000,0.0000000,0.0000,0.0000000,0.0000,['[#7;!n][#7;!n]'],21
63.2511,63.4792,-63.4792,0.0000000,C=C1C=C2C(CCC34CCC3(O)C3(CC(C)C(=O)C23CC)O4)C1,1,C=C1C=C2C(CCC34CCC3C3(CCC(=O)C23)O4)C1,0.0000000,0.0000,0.0000000,0.0000,0.0000000,0.0000,0.0000000,0.0000,['[*;r{8-17}]'],21
34.1222,33.7803,-33.7803,0.0000000,CCCCOc1ccc(C=C2SC(=S)N(NC(=O)c3cccc(Cl)c3Cl)C2=O)cc1,1,O=C(NN1C(=O)C(=Cc2ccccc2)SC1=S)c1ccccc1,0.0000000,0.0000,0.0000000,0.0000,0.0000000,0.0000,0.0000000,0.0000,"['[#7;!n][#7;!n]', 'C(=[O,S])[O,S]']",21
30.8319,37.0961,-27.7664,0.0728883,CCCn1c2ccc(Br)cc2c2cc3nnoc3cc21,1,c1ccc2c(c1)[nH]c1cc3onnc3cc12,0.0655060,371.1426,0.5433256,0.5433,0.5714480,2.7979,1.0000000,1.0000,[],21
30.3081,30.6142,-30.6142,0.0000000,COC(=O)c1ccc2c(c1)-c1cc(C#N)ccc1CC2,1,c1ccc2c(c1)CCc1ccccc1-2,0.0000000,0.0000,0.0000000,0.0000,0.0000000,0.0000,0.0000000,0.0000,"['C(=[O,S])[O,S]']",21
34.7674,42.3188,-40.9466,0.0107210,CN(C)c1ccc(C(C)(c2ccccc2)c2ccc(N3CCCC3)nc2-c2ccccc2)cc1,1,c1ccc(-c2nc(N3CCCC3)ccc2C(c2ccccc2)c2ccccc2)cc1,0.0088546,348.7758,0.3251099,0.3251,0.5664205,2.8421,1.0000000,1.0000,[],21
60.5394,71.2349,-71.2349,0.0000000,CC=CC=C1N(C(=Cc2ccc(-c3ccc(N(Cc4ccc(-c5ccc(N(c6ccccc6)c6ccccc6)cc5)cc4)c4ccc(C=C(C#N)C(=O)O)cc4)cc3)cc2)CC)c2ccccc2N1c1ccccc1,1,C=C1N(C=Cc2ccc(-c3ccc(N(Cc4ccc(-c5ccc(N(c6ccccc6)c6ccccc6)cc5)cc4)c4ccccc4)cc3)cc2)c2ccccc2N1c1ccccc1,0.0000000,0.0000,0.0000000,0.0000,0.0000000,0.0000,0.0000000,0.0000,"['C(=[O,S])[O,S]']",21
41.2003,44.8429,43.8779,0.6931316,CCCCCCc1nc(N)c(N=Nc2ccc(N=Nc3ccncc3)cc2)nc1N,1,c1cc(N=Nc2ccc(N=Nc3cnccn3)cc2)ccn1,0.7134300,510.0970,0.3333106,0.3333,0.5276207,3.1969,1.0000000,1.0000,[],21
50.1804,52.9557,-52.9115,0.0003453,CCCCCCC(Oc1ccccc1)O[PH](=S)Oc1ccc([S+](c2ccccc2)c2ccc(O)cc2)cc1,1,S=[PH](OCOc1ccccc1)Oc1ccc([S+](c2ccccc2)c2ccccc2)cc1,0.0002511,309.9997,0.0716776,0.0717,0.4320437,4.1961,1.0000000,1.0000,[],21
30.3959,33.6305,-33.6305,0.0000000,c1cc2cncn2c2n3c(ccc3)nc12,0,,0.0000000,0.0000,0.0000000,0.0000,0.0000000,0.0000,0.0000000,0.0000,None,21
26.5898,28.0724,-22.8606,0.0407171,N#Cc1ccc(Nc2cnc3cn[nH]c3n2)cc1,1,c1ccc(Nc2cnc3cn[nH]c3n2)cc1,0.0351562,364.0386,0.7094242,0.7094,0.5989270,2.5631,1.0000000,1.0000,[],21
32.1138,31.8253,-31.7637,0.0004808,Cc1ccc2sc3nc(N)n(-c4ccccc4)c3c2c1,1,c1ccc(-n2cnc3sc4ccccc4c32)cc1,0.0003307,312.9908,0.5690529,0.5691,0.6178523,2.4075,1.0000000,1.0000,[],21
77.3325,81.1369,-81.1369,0.0000000,c12c(cccc2)[nH]c2c(C(/C=C/C3=[N+]([O-])c4c(C3(CCC)CCC)cc(s4)/C=C3/C(N(CCCCCC)C(NC3=O)=O)=O)N=CC=C2)c1,0,,0.0000000,0.0000,0.0000000,0.0000,0.0000000,0.0000,0.0000000,0.0000,None,21
32.2380,35.6387,65.0073,0.7862970,COc1ccc2nc3ccccc3c(Nc3ccc(NC(=O)CCl)cc3)c2c1,1,c1ccc(Nc2c3ccccc3nc3ccccc23)cc1,0.8089792,415.6714,0.3568551,0.3569,0.6661453,2.0312,1.0000000,1.0000,[],21
81.5061,83.5585,-18.9482,0.5047687,Nc1ccc(NC(=O)c2ccc(N3CCC4(CC(N=CN=Cc5ccc(-c6ccccc6)cc5S(=O)(O)=S)C4c4ccccc4)C3)nc2)cc1,1,O=C(Nc1ccccc1)c1ccc(N2CCC3(CC(N=CN=Cc4ccc(-c5ccccc5)cc4)C3c3ccccc3)C2)nc1,0.5373906,401.6269,0.0851999,0.0852,0.3716931,4.9484,1.0000000,1.0000,[],21
53.1252,53.1776,-53.1776,0.0000000,O=C(O)N1CC2(CCN(c3nc(CC4CCN(Cc5ccccc5)C4=O)cc(N4CCc5ccccc5C4)n3)CC2)C1,1,O=C1C(Cc2cc(N3CCc4ccccc4C3)nc(N3CCC4(CC3)CNC4)n2)CCN1Cc1ccccc1,0.0000000,0.0000,0.0000000,0.0000,0.0000000,0.0000,0.0000000,0.0000,"['C(=[O,S])[O,S]']",21
77.3579,96.6400,16.7560,0.8859068,C=CCOc1c(C#N)cc(C=Nc2ccc(C=Cc3ccc4sc(C#N)cc(=Nc5ccc(Nc6n[nH]c(Nc7ccc(Nc8ccccc8)cc7)n6)cc5)c4c3)c(C)c2)cc1OCC,1,C(=Cc1ccc2sccc(=Nc3ccc(Nc4n[nH]c(Nc5ccc(Nc6ccccc6)cc5)n4)cc3)c2c1)c1ccc(N=Cc2ccccc2)cc1,0.9894511,470.6953,0.0419358,0.0419,0.4511206,3.9801,1.0000000,1.0000,[],21
24.4120,27.1473,-16.7885,0.0809281,CC12C=CC=CC1=Cc1ccc(O)cc12,1,C1=CC2=Cc3ccccc3C2C=C1,0.0729227,372.3937,0.6753280,0.6753,0.4728397,3.7450,1.0000000,1.0000,[],21
44.9175,51.8927,-49.8940,0.0156146,Nc1ccccc1NC(=O)c1ccc(C=Cc2cnn(-c3cccc(Nc4nc(-c5ccccc5)cc(=O)[nH]4)c3)c2)cc1,1,O=C(Nc1ccccc1)c1ccc(C=Cc2cnn(-c3cccc(Nc4nc(-c5ccccc5)cc(=O)[nH]4)c3)c2)cc1,0.0134517,353.3665,0.1586708,0.1587,0.5739433,2.7761,1.0000000,1.0000,[],21
43.4976,48.8768,-45.9285,0.0230330,Cn1cnc2c(Nc3cc4ncsc4c4ccccc34)c3c(nc21)CCC3,1,c1ccc2c(c1)c(Nc1c3c(nc4[nH]cnc14)CCC3)cc1ncsc12,0.0195722,357.5056,0.4762563,0.4763,0.5596099,2.9026,1.0000000,1.0000,[],21
34.4613,35.9201,-35.9201,0.0000000,Cc1ccc2oc(-c3ccc(O)c4ccccc34)c(CC(=O)O)c2c1,1,c1ccc2oc(-c3cccc4ccccc34)cc2c1,0.0000000,0.0000,0.0000000,0.0000,0.0000000,0.0000,0.0000000,0.0000,"['C(=[O,S])[O,S]']",21
55.4964,58.9611,54.6525,0.8876066,CN1C(=N)NC(=O)C1=Cc1ccc2c(c1)oc(=O)c1c(-c3ccco3)nc3ccc(Cl)cc3c12,1,N=C1NC(=O)C(=Cc2ccc3c(c2)oc(=O)c2c(-c4ccco4)nc4ccccc4c23)N1,0.9380860,429.5114,0.2186658,0.2187,0.5246002,3.2256,1.0000000,1.0000,[],21
53.1251,56.0578,-55.7652,0.0022862,CCOCC(=O)c1nc2nc(Oc3ccc(Cl)cc3)[nH]c(=O)c2n1Cc1ccc2cnccc2c1,1,O=c1[nH]c(Oc2ccccc2)nc2ncn(Cc3ccc4cnccc4c3)c12,0.0017423,331.0469,0.3217047,0.3217,0.5509322,2.9807,1.0000000,1.0000,[],21
63.0258,68.3627,-32.7979,0.2778495,N#CC1=C(N)[N+](Cc2ccc(F)c(F)c2)=C(Nc2cc([N+](=O)[O-])cc([N+](=O)[O-])c2)C2C=CC3C=CCC3C12,1,C1=CC2C=CC3C(Nc4ccccc4)=[N+](Cc4ccccc4)C=CC3C2C1,0.2767286,389.5688,0.2552732,0.2553,0.3823067,4.8077,1.0000000,1.0000,[],21
50.0623,58.8701,-58.8701,0.0000000,N(S(=O)(c1ccc(cc1)C)=O)c1cccc(c1)-c1sc2c(=O)n(-c3ccc(C(N[C@H](CC)C)=O)cc3)nc2n1,0,,0.0000000,0.0000,0.0000000,0.0000,0.0000000,0.0000,0.0000000,0.0000,None,21
27.1621,27.7709,-27.5497,0.0017284,CCN(CC)CCCC(=O)c1ccc(OC)c(O)c1,1,c1ccccc1,0.0012594,327.5177,0.7342099,0.7342,0.6700377,2.0021,1.0000000,1.0000,[],21
35.7146,35.4018,-35.3703,0.0002461,CCC(C)(C)Cc1cc2cc(C)c3ccccc3c2o1,1,c1ccc2c(c1)ccc1ccoc12,0.0001634,305.3351,0.5772255,0.5772,0.6064306,2.5008,1.0000000,1.0000,[],21
66.9346,66.1463,-66.1463,0.0000000,COC(=O)c1cc2oc3c(C)c4nc(NC(=O)c5ccnc(C)n5)[nH]c4c(Br)c3c2cc1Br,1,O=C(Nc1nc2cc3oc4ccccc4c3cc2[nH]1)c1ccncn1,0.0000000,0.0000,0.0000000,0.0000,0.0000000,0.0000,0.0000000,0.0000,"['C(=[O,S])[O,S]']",21
34.2430,38.0555,-22.1216,0.1244838,COc1ccc(OC)c(NC(=O)C(C)n2nc3ccc(N)cn3c2=O)c1,1,O=C(Cn1nc2ccccn2c1=O)Nc1ccccc1,0.1141651,377.7545,0.7114642,0.7115,0.5553580,2.9407,1.0000000,1.0000,[],21
59.2432,62.6175,-62.6175,0.0000000,c12c3c(nc(n1)-c1cc(c(c(N)c1)O)NC(C=C)=O)CC(Cc3ccc2=O)N1CCCCC1,0,,0.0000000,0.0000,0.0000000,0.0000,0.0000000,0.0000,0.0000000,0.0000,None,21
96.0219,106.9817,-106.9817,0.0000000,CC1=NN(C)C(=C(C#N)N=C2C=CC(=NC#N)C=C2)C1=NSNc1ccc(NC2CCC(NC(C)c3oc4ccccc4c3Br)CC2)cc1,1,N=C1C=CC(=NC=C2NN=CC2=NSNc2ccc(NC3CCC(NCc4cc5ccccc5o4)CC3)cc2)C=C1,0.0000000,0.0000,0.0000000,0.0000,0.0000000,0.0000,0.0000000,0.0000,"['[#7;!n][S;!$(S(=O)=O)]', '[#7;!n][#7;!n]']",21
32.1398,38.6433,39.6950,0.6120180,CN(c1ccc(N(c2ccccc2)c2ccccc2)cc1)c1ccc2oc(-c3ccc(N(c4ccccc4)c4ccccc4)c4ccccc34)nc2c1,1,c1ccc(N(c2ccccc2)c2ccc(Nc3ccc4oc(-c5ccc(N(c6ccccc6)c6ccccc6)c6ccccc56)nc4c3)cc2)cc1,0.6405667,406.2737,0.1512097,0.1512,0.5715249,2.7972,1.0000000,1.0000,[],21
37.3386,34.5947,-34.4893,0.0008237,CC(Sc1nccn1-c1ccc(F)c(F)c1)C(=O)Nc1cccc([N+](=O)[O-])c1,1,O=C(CSc1nccn1-c1ccccc1)Nc1ccccc1,0.0005912,319.2995,0.3781898,0.3782,0.5813560,2.7120,1.0000000,1.0000,[],21
33.2801,37.1934,-35.5028,0.0132074,c1ccc2cc(-c3nc4ccc(-c5cn6c(ccc7ccccc76)n5)cc4o3)ccc2c1,1,c1ccc2cc(-c3nc4ccc(-c5cn6c(ccc7ccccc76)n5)cc4o3)ccc2c1,0.0110299,351.1847,0.3042356,0.3042,0.6221998,2.3725,1.0000000,1.0000,[],21
29.7480,30.4039,-30.4039,0.0000000,COC(=O)c1ccc(N=C2NC(=O)C(c3ccc(OC)cc3)S2)cc1,1,O=C1NC(=Nc2ccccc2)SC1c1ccccc1,0.0000000,0.0000,0.0000000,0.0000,0.0000000,0.0000,0.0000000,0.0000,"['C(=[O,S])[O,S]']",21
110.0039,120.3911,-120.3911,0.0000000,O=C(NC1CC=C(c2cc(C)c3OCc4c(nc(c(c4-c4cc(c5n4CCCc5c3)O)CCC(=O)O)=O)-c2cc2ccccc21)c1cc(c(OC)cc1)OCCCN1C2CCC1CC2)c1ccc(CCCCC)cc1,0,,0.0000000,0.0000,0.0000000,0.0000,0.0000000,0.0000,0.0000000,0.0000,None,21
44.7914,49.0753,-48.6216,0.0035446,CN(C)C(=O)c1ccc2n1CCC(C(Cl)=[N+]1CCCCC1)C2=O,1,O=C1c2cccn2CCC1C=[N+]1CCCCC1,0.0027005,335.8155,0.7773809,0.7774,0.4457127,4.0404,1.0000000,1.0000,[],21
68.3544,75.5667,-75.5667,0.0000000,c1c(ccc2c3c4c(ccc31)c1cc(NCCCCCCCC)ccc1n4c(n2)-c1[nH]c(nc1-c1ccccc1)-c1sc(cc1)C=C(C(O)=O)C#N)Br,0,,0.0000000,0.0000,0.0000000,0.0000,0.0000000,0.0000,0.0000000,0.0000,None,21
26.1908,26.9393,-26.9355,0.0000292,C=CCN(Cc1nnc(-c2ccccc2)o1)C(=O)c1ccc(Cl)cc1,1,O=C(NCc1nnc(-c2ccccc2)o1)c1ccccc1,0.0000173,280.9360,0.6224493,0.6224,0.6550936,2.1149,1.0000000,1.0000,[],21
23.7007,22.9336,-22.9292,0.0000348,Nc1ccn(C2OC(CO)C(O)C2O)c(=O)n1,1,O=c1ncccn1C1CCCO1,0.0000211,283.1208,0.4489305,0.4489,0.4917529,3.5489,1.0000000,1.0000,[],21
97.6111,108.0612,-108.0612,0.0000000,c1(c(c2c3c(ccc4c3c3n2CCC(CC#Cc2ccc(OC)cc2)C#N3)c2c4c1ccc2)N1CC2=C(CCC2)S1)NNC,0,,0.0000000,0.0000,0.0000000,0.0000,0.0000000,0.0000,0.0000000,0.0000,None,21
65.0745,70.8695,-70.8695,0.0000000,CC(/C=C\C=C(\C=C)n1c2c3c(c4c(oc5ccc6C=CCc1c6c34)N(c1ccccc1)c1ccccc1)ccc2)=C\C=C/C,0,,0.0000000,0.0000,0.0000000,0.0000,0.0000000,0.0000,0.0000000,0.0000,None,21
24.0037,26.3688,-26.3618,0.0000547,CCOc1ccccc1NC(=NC)NCCc1ccco1,1,N=C(NCCc1ccco1)Nc1ccccc1,0.0000334,288.1081,0.6333293,0.6333,0.6322104,2.2927,1.0000000,1.0000,[],21
42.7214,46.5089,-46.5089,0.0000000,NNc1cc[n+](-c2ccc3nc(NCCN=C(N)N)[nH]c3c2)cc1,1,c1cc[n+](-c2ccc3nc[nH]c3c2)cc1,0.0000000,0.0000,0.0000000,0.0000,0.0000000,0.0000,0.0000000,0.0000,['[#7;!n][#7;!n]'],21
82.0756,92.5867,-92.5867,0.0000000,CCC[N+](=C1CCC(=O)NC2=CC=C1N(c1ccc(Br)cc1)c1ccc(Nc3ccc(C#N)cc3)cc12)c1cc(-c2ccccn2)c2ccccc2[n+]1CC,1,O=C1CCC(=[NH+]c2cc(-c3ccccn3)c3ccccc3[nH+]2)C2=CC=C(N1)c1cc(Nc3ccccc3)ccc1N2c1ccccc1,0.0000000,0.0000,0.0000000,0.0000,0.0000000,0.0000,0.0000000,0.0000,['[*;r{8-17}]'],21
45.1862,49.7548,-33.9181,0.1237241,CCN(CC)c1ccc(-c2cc(N3CCCC3)c3cccc(ON=Cc4ccccc4F)c3n2)cc1,1,C(=NOc1cccc2c(N3CCCC3)cc(-c3ccccc3)nc12)c1ccccc1,0.1179144,378.1514,0.2023171,0.2023,0.5810907,2.7142,1.0000000,1.0000,[],21
50.9521,50.8138,-50.8138,0.0000000,CCOc1cc2nc(-c3ccc([S+](N)[O-])cc3)c(-c3cccc4[nH]ccc34)nc2cc1OC,1,c1ccc(-c2nc3ccccc3nc2-c2cccc3[nH]ccc23)cc1,0.0000000,0.0000,0.0000000,0.0000,0.0000000,0.0000,0.0000000,0.0000,['[#7;!n][S;!$(S(=O)=O)]'],21
92.3610,105.7841,-105.7841,0.0000000,O=C(O)c1cnoc1Nc1ccnc(Oc2ccc3sc(-c4c(F)nc(C5C=CCC=C5)nc4N4CCN(N=Cc5cccs5)CC4)nc3c2)c1,1,C1=CC(c2ncc(-c3nc4cc(Oc5cc(Nc6ccno6)ccn5)ccc4s3)c(N3CCN(N=Cc4cccs4)CC3)n2)C=CC1,0.0000000,0.0000,0.0000000,0.0000,0.0000000,0.0000,0.0000000,0.0000,"['[#7;!n][#7;!n]', 'C(=[O,S])[O,S]']",21
43.8259,46.2374,-46.2374,0.0000000,CN1C(=CC=CC=CC=CC=C2OC=C(N3CCCCC3=O)O2)C(C)(C)c2ccccc21,1,O=C1CCCCN1C1=COC(=CC=CC=CC=CC=C2Cc3ccccc3N2)O1,0.0000000,755.1252,0.5649546,0.5650,0.4874133,3.5932,1.0000000,1.0000,[],21
66.0420,74.3893,-74.1575,0.0018111,Nc1c(C=CC=Cc2sc3ccccc3[n+]2-c2ccc(C=Cc3cc4ccccc4[nH]3)s2)sc2ccc3n[s+]([O-])nc3c12,1,C(C=Cc1sc2ccccc2[n+]1-c1ccc(C=Cc2cc3ccccc3[nH]2)s1)=Cc1cc2c(ccc3n[sH+]nc32)s1,0.0014216,591.1653,0.1086143,0.1086,0.3857208,4.7632,1.0000000,1.0000,[],22
25.8275,27.9565,-27.9531,0.0000267,CN1C=CC2C3C=CC(C3)C2C1=O,1,O=C1NC=CC2C3C=CC(C3)C12,0.0000160,280.1306,0.5096620,0.5097,0.3538792,5.1940,1.0000000,1.0000,[],22
41.9577,59.4038,-54.4640,0.0385921,CCCC[N+](CCCC)=c1ccc2c(C(C#N)=Cc3cn(-c4ccccc4)nc3-c3ccc(OCCC)cc3)c3cc(O)ccc3oc-2c1,1,[N+]=c1ccc2c(C=Cc3cn(-c4ccccc4)nc3-c3ccccc3)c3ccccc3oc-2c1,0.0357700,555.7665,0.0764066,0.0764,0.5105806,3.3610,1.0000000,1.0000,[],22
36.4165,41.7466,-40.7965,0.0074225,O=c1cc2oc3cc(NCc4ccc([N+](=O)[O-])cc4)ccc3nc-2cc1Nc1ccccc1,1,O=c1cc2oc3cc(NCc4ccccc4)ccc3nc-2cc1Nc1ccccc1,0.0060929,575.3130,0.2029017,0.2029,0.6130172,2.4468,1.0000000,1.0000,[],22
33.2492,32.4651,-32.4651,0.0000000,COC(=O)C12CC3CC(CC(CCOC4CCCCO4)(C3)C1)C2,1,C1CCC(OCCC23CC4CC(CC(C4)C2)C3)OC1,0.0000000,0.0000,0.0000000,0.0000,0.0000000,0.0000,0.0000000,0.0000,"['C(=[O,S])[O,S]']",22
58.4078,71.4825,47.5219,0.9297221,CCOc1cccc(Cn2nc(NCC(C)C)c3c2SC(=Cc2ccc(OCc4ccco4)c4c2C(=O)CN4)C3=O)c1,1,O=C1C(=Cc2ccc(OCc3ccco3)c3c2C(=O)CN3)Sc2c1cnn2Cc1ccccc1,0.9902373,469.8458,0.1908561,0.1909,0.5000147,3.4656,1.0000000,1.0000,[],22
51.1799,57.7396,-57.7396,0.0000000,CCCCCCOc1ccc(N2C(=O)N(c3ccc(C#N)cc3)c3cc2c2cc3C=C(CCCCCC)c3ccccc3-2)cc1,1,O=C1N(c2ccccc2)c2cc(c3cc2C=Cc2ccccc2-3)N1c1ccccc1,0.0000000,0.0000,0.1444765,0.1445,0.4537484,3.9511,1.0000000,1.0000,[],22
42.3791,48.6446,-37.7159,0.0853798,CC1(C)CC(=O)c2c([nH]c3ccccc3c2=Nc2ccc(OCc3cc(=O)[nH]c(N4CCCC4)n3)cc2)C1,1,O=C1CCCc2[nH]c3ccccc3c(=Nc3ccc(OCc4cc(=O)[nH]c(N5CCCC5)n4)cc3)c21,0.0782392,373.2202,0.4016019,0.4016,0.5301520,3.1730,1.0000000,1.0000,[],22
21.7036,21.1397,-21.1397,0.0000000,O=CC=CCCCCCC(=O)O,1,,0.0000000,0.0000,0.0000000,0.0000,0.0000000,0.0000,0.0000000,0.0000,"['C(=[O,S])[O,S]']",22
46.7386,50.3830,-36.6607,0.1072055,C=C(C)N(C)c1ncc2c(-c3ccccc3)n(-c3ccc(N4C(=O)c5ccccc5C4=O)cc3)nc2n1,1,O=C1c2ccccc2C(=O)N1c1ccc(-n2nc3ncncc3c2-c2ccccc2)cc1,0.1000442,376.1493,0.3155157,0.3155,0.5665113,2.8413,1.0000000,1.0000,[],22
45.7076,49.2584,-49.0480,0.0016443,COc1cc2c(C(=O)CN(C)C)c(-c3ccc4c(c3)OCCO4)n(-c3ccc(Cl)cc3)c2cc1C,1,c1ccc(-n2c(-c3ccc4c(c3)OCCO4)cc3ccccc32)cc1,0.0012298,327.2594,0.3204177,0.3204,0.5920790,2.6206,1.0000000,1.0000,[],22
25.0900,25.0057,-24.9799,0.0002019,CN1CCN(C2CN(C(=O)c3ccccc3)C2)CC1,1,O=C(c1ccccc1)N1CC(N2CCNCC2)C1,0.0001311,302.9381,0.7843152,0.7843,0.6885402,1.8659,1.0000000,1.0000,[],22
37.4694,42.5241,75.5575,0.9225125,COc1ccc(N(c2ccc(OC)cc2)c2nc3cc4ccccc4cc3c3cc4ccc(N(c5ccccc5)c5ccccc5)cc4cc23)cc1,1,c1ccc(N(c2ccccc2)c2ccc3cc4c(cc3c2)c(N(c2ccccc2)c2ccccc2)nc2cc3ccccc3cc24)cc1,0.9943159,463.9285,0.1185340,0.1185,0.5694304,2.8156,1.0000000,1.0000,[],22
42.1579,55.6350,57.1143,0.8808539,COc1ccc(C2C(C#N)=c3nc4c5ccccc5c(=Cc5cc(OC)c(O)c(OC)c5)c(=O)n4c3=C2C#N)cc1,1,O=c1c(=Cc2ccccc2)c2ccccc2c2nc3c(n12)=CC(c1ccccc1)C=3,0.9179789,493.7773,0.3581378,0.3581,0.4781502,3.6892,1.0000000,1.0000,[],22
50.4919,58.4986,-54.9830,0.0274662,NCCc1ccc(-c2nc3c(c4nc(N)ccc24)C(NCc2cccs2)CC(=O)N3)cc1,1,O=C1CC(NCc2cccs2)c2c(nc(-c3ccccc3)c3cccnc23)N1,0.0238135,359.6823,0.3606794,0.3607,0.5071926,3.3943,1.0000000,1.0000,[],22
26.1076,25.4199,-25.2585,0.0012613,O=C(CCC(=O)c1ccc(Cl)cc1)Nc1cccc2ccccc12,1,O=C(CCC(=O)c1ccccc1)Nc1cccc2ccccc12,0.0009057,323.9347,0.6586158,0.6586,0.7159863,1.6705,1.0000000,1.0000,[],22
46.9438,46.2388,-44.7354,0.0117453,COc1ccc2cc(CN3CCC4(O)CC4C3CNC(=O)c3cnccn3)ccc2c1,1,O=C(NCC1C2CC2CCN1Cc1ccc2ccccc2c1)c1cnccn1,0.0095750,349.6329,0.6392519,0.6393,0.4792788,3.6774,1.0000000,1.0000,[],22
54.0074,53.8814,-53.8814,0.0000000,c1(C)sc(C2(C)C2CCC=CC(O)=O)nc1CN(CCCC)CCCC,0,,0.0000000,0.0000,0.0000000,0.0000,0.0000000,0.0000,0.0000000,0.0000,None,22
41.1237,43.9813,-43.8601,0.0009463,CC1c2ccccc2-c2c(nc(N)n2-c2ccccc2)C(=O)N1Cc1ccccc1,1,O=C1c2ncn(-c3ccccc3)c2-c2ccccc2CN1Cc1ccccc1,0.0006771,320.7735,0.5408026,0.5408,0.5562331,2.9328,1.0000000,1.0000,[],22
37.4938,38.4435,-38.3727,0.0005534,CN(C)C(=O)C12CC1CC1(C=CC(=CN)C1)C2,1,C=C1C=CC2(C1)CC1CC1C2,0.0003853,314.6484,0.7471305,0.7471,0.3289529,5.5592,1.0000000,1.0000,[],22
39.2337,41.6253,-41.6253,0.0000000,c1ccc2c3cc(c4c5c(oc4c3c3c(cccc3)n2)cccc51)-c1nc(nc(n1)-c1ccccc1)-c1ccc(-n2c3ccccc3c3ccccc32)cc1,0,,0.0000000,0.0000,0.0000000,0.0000,0.0000000,0.0000,0.0000000,0.0000,None,22
74.3988,85.4214,-81.4868,0.0307392,C=CCC(C)C=CC1OC(Oc2c(-c3ccc(O)cc3)c3cn(C)nc3c3nc(NC(=O)CC4=CCCCC4)sc23)C(O)C(O)C1O,1,O=C(CC1=CCCCC1)Nc1nc2c(s1)c(OC1CCCCO1)c(-c1ccccc1)c1c[nH]nc12,0.0278019,361.4080,0.1416161,0.1416,0.3668006,5.0147,1.0000000,1.0000,[],22
55.3280,60.1852,-60.1852,0.0000000,c1cc2ccc3cccc(N(c4c(-c5cccc6c5c5c(ccc5)ccc6)cc(c4)Nc4ccc(cc4)-c4ccccc4)c4cccc(O)c4)c3c2cc1,0,,0.0000000,0.0000,0.0000000,0.0000,0.0000000,0.0000,0.0000000,0.0000,None,22
46.4004,53.2216,-42.3614,0.0848455,CC1(C)c2cc(-c3ccc4cc[nH]c4c3)ccc2-c2cc3nc(-c4ccc5c(c4)c4ccccc4n5-c4ccccc4)ccc3cc21,1,c1ccc(-n2c3ccccc3c3cc(-c4ccc5cc6c(cc5n4)-c4ccc(-c5ccc7cc[nH]c7c5)cc4C6)ccc32)cc1,0.0791749,373.3603,0.2147074,0.2147,0.5633147,2.8696,1.0000000,1.0000,[],22
43.4139,52.6764,-34.1292,0.1449005,COc1ccc(N2c3ccc(-c4ccc(N(c5ccccc5)c5ccccc5)cc4)cc3N(c3ccc(N4CCCC4)cc3)c3noc(C)c32)cc1,1,c1ccc(N(c2ccccc2)c2ccc(-c3ccc4c(c3)N(c3ccc(N5CCCC5)cc3)c3nocc3N4c3ccccc3)cc2)cc1,0.1405009,380.3358,0.1581497,0.1581,0.5496975,2.9919,1.0000000,1.0000,[],22
31.9867,32.4880,-31.4208,0.0083376,Cc1ccc(-c2nnn(C)c2C(=O)c2ccc(C#N)cc2)cc1,1,O=C(c1ccccc1)c1[nH]nnc1-c1ccccc1,0.0066178,345.5899,0.6973829,0.6974,0.6353501,2.2679,1.0000000,1.0000,[],22
50.5711,56.3713,-54.2648,0.0164571,CN(CCN1CCCC1)c1ccc2sc3ccccc3c2c1-c1cc2c3ccccc3oc2c2c1sc1ccccc12,1,c1ccc2c(c1)oc1c2cc(-c2c(NCCN3CCCC3)ccc3sc4ccccc4c23)c2sc3ccccc3c21,0.0141265,353.9054,0.2012394,0.2012,0.5436953,3.0468,1.0000000,1.0000,[],22
42.4558,54.8759,35.4436,0.7056210,CN(C)c1ccc(-c2ccc(-c3ccc(-c4ccc(C5(c6ccc(N(c7ccccc7)c7ccccc7)cc6)CN6C=CC=CC6=N5)cc4)s3)s2)cc1,1,C1=CC2=NC(c3ccc(-c4ccc(-c5ccc(-c6ccccc6)s5)s4)cc3)(c3ccc(N(c4ccccc4)c4ccccc4)cc3)CN2C=C1,0.7478474,411.8037,0.1480916,0.1481,0.4641538,3.8377,1.0000000,1.0000,[],22
42.3166,53.6840,-50.2365,0.0269337,COc1ccc2c(c1)nc(Cc1ccc(C#N)cc1)n2C=Cc1ccc(N(C)C)cc1N1CCN(C)CC1,1,C(=Cn1c(Cc2ccccc2)nc2ccccc21)c1ccccc1N1CCNCC1,0.0232971,359.4385,0.3534275,0.3534,0.5564572,2.9308,1.0000000,1.0000,[],22
62.8619,66.3408,-66.3408,0.0000000,CC1(c2cc(ccc2-c2ccc(cc21)C=Cc1cc2C(c3c(CCCCCC)cc(C)cc3)c3c(cc(N(c4c(C)cccc4)c4ccc(cc4)C)c3)-c2cc1)C)C,0,,0.0000000,0.0000,0.0000000,0.0000,0.0000000,0.0000,0.0000000,0.0000,None,22
28.6160,28.7622,-28.7489,0.0001042,CCNC(=O)C(CC)N(Cc1ccc(Cl)cc1)C(=O)CN(c1cccc(C)c1)S(=O)(=O)c1ccc(C)cc1,1,O=C(CN(c1ccccc1)S(=O)(=O)c1ccccc1)NCc1ccccc1,0.0000672,295.6913,0.3566602,0.3567,0.5558297,2.9365,1.0000000,1.0000,[],22
76.8760,87.4786,-87.4786,0.0000000,c12c(c(nc(N)n1)-c1cc3c(N)c(oc3cc1Nc1nc(-c3cc4CN=C(c5[nH]nc(c5)N)c4n3)ccn1)Br)cccc2,0,,0.0000000,0.0000,0.0000000,0.0000,0.0000000,0.0000,0.0000000,0.0000,None,22
51.0814,54.8534,-53.6787,0.0091777,C=CCn1c2cc(NC(=O)CCOCCOCCOCCN(C)C)ccc2c2c3c(ccc21)C=CCO3,1,C1=Cc2ccc3[nH]c4ccccc4c3c2OC1,0.0075962,347.0977,0.2439288,0.2439,0.5337427,3.1392,1.0000000,1.0000,[],22
57.8362,62.0255,50.8903,0.8821550,O=C1c2ccccc2-c2c1cc(N(c1ccccc1)c1ccc(-c3ccccc3)cc1)cc2-c1ccc2c(ccc3nnc(-c4ccc5ccccc5c4)nc32)n1,1,O=C1c2ccccc2-c2c1cc(N(c1ccccc1)c1ccc(-c3ccccc3)cc1)cc2-c1ccc2c(ccc3nnc(-c4ccc5ccccc5c4)nc32)n1,0.9412603,430.1194,0.1587031,0.1587,0.5310739,3.1643,1.0000000,1.0000,[],22
33.1865,33.9012,-32.2633,0.0127960,CCOCCNc1ncc2[nH]c(-c3ccc(OC)cc3)nc2n1,1,c1ccc(-c2nc3ncncc3[nH]2)cc1,0.0104140,350.5540,0.6518602,0.6519,0.6248004,2.3516,1.0000000,1.0000,[],22
50.6088,55.6699,-46.7971,0.0693189,Cc1ccc(-c2sc(NCCc3ccc4c(c3)CCCO4)nc2-c2ccc(C#N)cc2)c(I)n1,1,c1ccc(-c2nc(NCCc3ccc4c(c3)CCCO4)sc2-c2cccnc2)cc1,0.0640950,370.8898,0.2053912,0.2054,0.5617885,2.8831,1.0000000,1.0000,[],22
53.1585,54.8372,-54.3125,0.0040986,CN1c2ccc(C3CCCC3)cc2Cc2c(NS(=O)(=O)C3=CCC4=C3CCCC4)cccc21,1,O=S(=O)(Nc1cccc2c1Cc1cc(C3CCCC3)ccc1N2)C1=CCC2=C1CCCC2,0.0031710,337.5645,0.5388585,0.5389,0.5340497,3.1363,1.0000000,1.0000,[],22
35.6190,37.7812,-31.4363,0.0495696,CCCOc1nc2sc(-c3ccccc3[N+](=O)[O-])cc2s1,1,c1ccc(-c2cc3scnc3s2)cc1,0.0437279,366.5044,0.5036785,0.5037,0.5908942,2.6306,1.0000000,1.0000,[],22
77.8106,96.2621,-96.2621,0.0000000,c12Sc3c(N(CCCC)c2c2c(cc1)NC1=CC=CCC1N2C)ccc(N(c1ccc(OCCCCC)cc1)c1cc2n-2c(cc1)-c1ccc(N(c2ccccc2)c2ccccc2)cc1)[n+]3CC,0,,0.0000000,0.0000,0.0000000,0.0000,0.0000000,0.0000,0.0000000,0.0000,None,22
61.6185,81.2560,-80.4544,0.0062629,CC(Nc1nc(-c2ccc(N)cc2)nc(N2CCC3(CC2)Cc2ccccc2N3)n1)c1ccc(-n2c(N3CC(N)C3)nc3c(=O)[nH]c(N)nc32)cc1,1,O=c1[nH]cnc2c1nc(N1CCC1)n2-c1ccc(CNc2nc(-c3ccccc3)nc(N3CCC4(CC3)Cc3ccccc3N4)n2)cc1,0.0052088,342.9752,0.1323069,0.1323,0.4083694,4.4779,1.0000000,1.0000,[],22
66.6695,73.3138,36.2273,0.8557903,C=Cc1cc(O)cc(C2=C(CC)C=C3C(=O)C(=CC=C4CCC(C)(O)C5CCC45C)CCC3(C)C2)c1,1,O=C1C(=CC=C2CCCC3CCC23)CCC2CC(c3ccccc3)=CC=C12,0.8904495,422.7499,0.4303090,0.4303,0.3641297,5.0512,1.0000000,1.0000,[],22
48.9166,55.6556,-55.6556,0.0000000,C(=O)(C1C2(CC(C3C(=O)c4ccccc4C=3CC=2CC1)=O)c1ccc(N(C)C)cc1)O,0,,0.0000000,0.0000,0.0000000,0.0000,0.0000000,0.0000,0.0000000,0.0000,None,22
33.4106,37.8467,-21.4392,0.1281837,CC(=O)Nc1ccc(-c2c(C#N)c(N)nc3sc(C#N)c(O)c23)cc1,1,c1ccc(-c2ccnc3sccc23)cc1,0.1179605,378.1562,0.6504764,0.6505,0.5811547,2.7137,1.0000000,1.0000,[],22
53.4607,66.5143,44.1505,0.8645684,Cc1ccc(-c2nc3c(-n4c5ccccc5n5c6ccccc6nc45)cccc3c(C#N)c2Nc2ccc(-c3ccc(N4c5ccccc5Oc5ccccc54)nc3)cc2)cc1,1,c1ccc(-c2nc3c(-n4c5ccccc5n5c6ccccc6nc45)cccc3cc2Nc2ccc(-c3ccc(N4c5ccccc5Oc5ccccc54)nc3)cc2)cc1,0.9195188,426.4467,0.1788776,0.1789,0.4920452,3.5459,1.0000000,1.0000,[],22
39.4698,52.2323,15.1042,0.5260666,CC(NC(=O)C=Cc1ccc(N2CCCC2)cc1)c1c(-c2ccc([N+](=O)[O-])cc2)c2ccccc2oc1=O,1,O=C(C=Cc1ccc(N2CCCC2)cc1)NCc1c(-c2ccccc2)c2ccccc2oc1=O,0.5474732,402.0680,0.1447966,0.1448,0.5478544,3.0087,1.0000000,1.0000,[],22
45.0110,48.1580,-47.1370,0.0079764,Cn1c(C2Cc3ccc4c(ccc(=O)n4C)c3O2)nc2c1CCCNC2,1,O=c1ccc2c3c(ccc2[nH]1)CC(c1nc2c([nH]1)CCCNC2)O3,0.0063429,345.1263,0.7290595,0.7291,0.4869269,3.5982,1.0000000,1.0000,[],22
22.7756,25.9898,-25.2420,0.0058420,Cc1ccc(Nc2ncnc3sc(-c4ccccc4)cc23)cc1,1,c1ccc(Nc2ncnc3sc(-c4ccccc4)cc23)cc1,0.0045800,341.5715,0.5487419,0.5487,0.6728752,1.9810,1.0000000,1.0000,[],22
44.3253,46.4126,-46.4126,0.0000000,Cc1ccc(C(C#N)(CCCN2CCC(=O)OC2=O)c2ccccc2C)cc1,1,O=C1CCN(CCCC(c2ccccc2)c2ccccc2)C(=O)O1,0.0000000,0.0000,0.0000000,0.0000,0.0000000,0.0000,0.0000000,0.0000,"['C(=[O,S])[O,S]']",22
89.8764,93.0948,-92.3923,0.0054890,Cn1c(C(C)(C)C)nc2ccc(-c3nn(OS)cc3-c3ccc(Oc4nc5c(OCCCN6CC6)nn(CC6CC6)c5c(=O)[nH]4)cc3)cc21,1,O=c1[nH]c(Oc2ccc(-c3c[nH]nc3-c3ccc4nc[nH]c4c3)cc2)nc2c(OCCCN3CC3)nn(CC3CC3)c12,0.0045999,341.6187,0.0755654,0.0756,0.4749475,3.7228,1.0000000,1.0000,[],22
46.6931,50.6110,-49.4826,0.0088158,CCNc1cccc(N2CCN(c3ccc4c(Nc5ccc6c(c5)C=NC6)ncnc4c3)CC2(C)C)c1,1,C1=NCc2ccc(Nc3ncnc4cc(N5CCN(c6ccccc6)CC5)ccc34)cc21,0.0071955,346.5049,0.3530330,0.3530,0.5382990,3.0967,1.0000000,1.0000,[],22
42.9939,49.6151,22.8136,0.5658495,Nc1cccc(CN=Nc2ccc(C3(Nc4ccccc4F)CC3)cc2)c1,1,c1ccc(CN=Nc2ccc(C3(Nc4ccccc4)CC3)cc2)cc1,0.5704296,403.0792,0.4313568,0.4314,0.5796900,2.7263,1.0000000,1.0000,[],22
49.0483,50.5250,-50.4425,0.0006449,N#Cc1cccc(Cc2nc3c(s2)NC(=O)N(c2nc(N)nc4c2COCC4)CC3)c1,1,O=C1Nc2sc(Cc3ccccc3)nc2CCN1c1ncnc2c1COCC2,0.0004503,316.3427,0.6492011,0.6492,0.5170426,3.2981,1.0000000,1.0000,[],22
58.9006,68.7993,-12.5971,0.4390789,COc1ccc(C2=CCC(C)C2c2ncc(C(=O)c3ccc(C)o3)s2)cc1C=Cc1ccc(N2CCCCC2)cc1,1,O=C(c1ccco1)c1cnc(C2CCC=C2c2cccc(C=Cc3ccc(N4CCCCC4)cc3)c2)s1,0.4529656,397.9513,0.1583277,0.1583,0.4620603,3.8603,1.0000000,1.0000,[],22
58.1306,68.8125,-18.2859,0.3947391,Cc1cccc(N(c2ccccc2)c2ccccc2-c2cccc3c2-c2nc4ccccc4n2C3=N)c1-n1c2ccccc2c2ccc3ccccc3c21,1,N=C1c2cccc(-c3ccccc3N(c3ccccc3)c3ccccc3-n3c4ccccc4c4ccc5ccccc5c43)c2-c2nc3ccccc3n21,0.4012655,395.6549,0.1952815,0.1953,0.5206032,3.2638,1.0000000,1.0000,[],22
50.9194,54.0808,-53.9174,0.0012762,O=C(Nc1cc(F)ccc1F)n1cnc2cc(Oc3ccnc(Oc4ccc(F)cc4)c3[N+](=O)[O-])ccc21,1,O=C(Nc1ccccc1)n1cnc2cc(Oc3ccnc(Oc4ccccc4)c3)ccc21,0.0009563,324.5255,0.2020778,0.2021,0.5734408,2.7805,1.0000000,1.0000,[],22
61.6911,68.7079,49.8732,0.9264146,Nc1nc2c(o1)c1cc(-c3cccc(-c4ccc(N(c5ccccc5)c5ccc6c(c5)C(=O)c5ccccc5-6)cc4)c3-c3cccc4ccccc34)c3ccccc3c1n2-c1ccccc1,1,O=C1c2ccccc2-c2ccc(N(c3ccccc3)c3ccc(-c4cccc(-c5cc6c7ocnc7n(-c7ccccc7)c6c6ccccc56)c4-c4cccc5ccccc45)cc3)cc21,0.9900135,449.9057,0.1728610,0.1729,0.4906489,3.5601,1.0000000,1.0000,[],22
58.7535,62.1598,-62.1598,0.0000000,O=Cc1ccc(N2c3cc4c(c5ccnc(c35)C2(C(=O)O)c2cccs2)C(=O)c2ccccc2C4=O)cc1,1,O=C1c2ccccc2C(=O)c2c1cc1c3c(nccc23)C(c2cccs2)N1c1ccccc1,0.0000000,0.0000,0.0000000,0.0000,0.0000000,0.0000,0.0000000,0.0000,"['C(=[O,S])[O,S]']",22
65.1367,68.5831,48.9478,0.9182104,O=c1ccc(S(=O)(=O)NCCCOCCCOCCNc2ccc(Nc3nc4ccccc4n4nnnc34)cc2)nc2ccccc12,1,O=c1ccc(S(=O)(=O)NCCCOCCCOCCNc2ccc(Nc3nc4ccccc4n4nnnc34)cc2)nc2ccccc12,0.9879617,447.8544,0.1296553,0.1297,0.5342812,3.1342,1.0000000,1.0000,[],22
47.0406,48.9901,-48.9509,0.0003064,COc1ccc(-n2nc(-c3ccc4c(c3)OCO4)c3c2NCC32CCCC23CCCC3)cc1,1,c1ccc(-n2nc(-c3ccc4c(c3)OCO4)c3c2NCC32CCCC23CCCC3)cc1,0.0002075,307.9262,0.5640373,0.5640,0.4268644,4.2564,1.0000000,1.0000,[],22
52.4360,55.4331,-55.4331,0.0000000,Cc1nc(-c2ccccc2-c2ccc(N3CCC(=C(C#N)C#N)OC3=O)cc2)nc(=O)n1C,1,C=C1CCN(c2ccc(-c3ccccc3-c3nc[nH]c(=O)n3)cc2)C(=O)O1,0.0000000,0.0000,0.0000000,0.0000,0.0000000,0.0000,0.0000000,0.0000,"['C(=[O,S])[O,S]']",22
48.1672,57.1084,-55.8809,0.0095897,COc1cc(C#N)ccc1N(c1ccc(OC2CCCC2)cc1)c1onc([SH](=O)=O)c1C#N,1,c1ccc(N(c2ccc(OC3CCCC3)cc2)c2ccno2)cc1,0.0077789,347.3578,0.5115564,0.5116,0.5109228,3.3577,1.0000000,1.0000,[],22
69.8795,73.6122,46.1366,0.9355373,CC1C=C(NC(=O)C2CCN(c3cnc4n3C3C=NC3=NC=N4)CC2)C([N+](=O)[O-])=CN1Cl,1,O=C(NC1=CCNC=C1)C1CCN(c2cnc3n2C2C=NC2=NC=N3)CC1,0.9786537,441.5327,0.4157794,0.4158,0.3714326,4.9519,1.0000000,1.0000,[],22
61.3634,69.1768,44.8942,0.8911799,CCCCCCCCCC(=O)Nc1c(N)cc(C2=NS(=O)(=O)Cc3c2cc(-c2ccccc2)c2nn(C)nc32)c2ccccc12,1,O=S1(=O)Cc2c(cc(-c3ccccc3)c3n[nH]nc23)C(c2cccc3ccccc23)=N1,0.9610002,434.7915,0.1189597,0.1190,0.5079302,3.3871,1.0000000,1.0000,[],22
42.6503,41.0741,-40.8500,0.0017515,CC(C)Oc1ncccc1Nc1ncnc2c1cnn2-c1ccc(CC(=O)NC(C)(C)C)cc1,1,c1ccc(-n2ncc3c(Nc4cccnc4)ncnc32)cc1,0.0013025,327.8836,0.4264922,0.4265,0.5930625,2.6123,1.0000000,1.0000,[],22
34.2878,36.4707,-35.6844,0.0061429,CCOc1ccc(Nc2cc(C(=O)NC)nc(-c3ccc(N)cc3)n2)cc1,1,c1ccc(Nc2ccnc(-c3ccccc3)n2)cc1,0.0048238,342.1372,0.5812537,0.5813,0.6477255,2.1714,1.0000000,1.0000,[],23
29.1174,28.4060,-28.4058,0.0000015,CCCCSCCOc1cn[nH]c1,1,c1cn[nH]c1,0.0000008,247.0373,0.6863630,0.6864,0.5735312,2.7797,1.0000000,1.0000,[],23
36.5350,37.0728,-37.0214,0.0004014,CC(C)C1C2=CC=C(O)CC2C12OCCO2,1,C1=CCC2C(=C1)CC21OCCO1,0.0002741,310.9517,0.7400764,0.7401,0.3719827,4.9445,1.0000000,1.0000,[],23
40.8890,48.3792,-48.0019,0.0029473,CCCC[n+]1c(C=CC=CC=CC(=O)Nc2ccc(Br)cc2)[nH]c2ccc(N(CC)CC)cc21,1,O=C(C=CC=CC=Cc1[nH]c2ccccc2[nH+]1)Nc1ccccc1,0.0023257,585.8111,0.1688126,0.1688,0.5234287,3.2368,1.0000000,1.0000,[],23
41.2277,50.5605,53.6235,0.8139377,CCCCCCCCCCn1c(=O)n(-c2ccc(N=Nc3cccc([N+](=O)[O-])c3)cc2)c(=O)c2[nH]c(O)nc21,1,O=c1[nH]c2nc[nH]c2c(=O)n1-c1ccc(N=Nc2ccccc2)cc1,0.8791515,421.5456,0.0920582,0.0921,0.5500947,2.9883,1.0000000,1.0000,[],23
50.3214,52.9652,-52.9652,0.0000000,CN(Cc1ccccc1)c1ccnc2sc3c(c12)N(C(=O)CNSc1ccc(N)cc1)CCC3,1,O=C(CNSc1ccccc1)N1CCCc2sc3nccc(NCc4ccccc4)c3c21,0.0000000,0.0000,0.0000000,0.0000,0.0000000,0.0000,0.0000000,0.0000,['[#7;!n][S;!$(S(=O)=O)]'],23
33.5413,37.9579,79.6556,0.9188558,CN(C)c1ccc(N(C)c2ccc(N=C(O)C=Cc3cccs3)cc2)cc1,1,C(=Cc1cccs1)C=Nc1ccc(Nc2ccccc2)cc1,0.9503358,432.0458,0.4303371,0.4303,0.5787544,2.7344,1.0000000,1.0000,[],23
39.3909,44.2873,-43.2869,0.0078158,CC(=O)C(=Cc1ccc(OS(=O)O)cc1)c1nc2ccccc2n1C1CCCCC1,1,C(=Cc1nc2ccccc2n1C1CCCCC1)c1ccccc1,0.0063002,345.0525,0.4351465,0.4351,0.5264564,3.2079,1.0000000,1.0000,[],23
29.8289,30.2569,-30.2519,0.0000393,COc1ccc(OCC(=O)NC(c2ccccc2)c2nc3ccccc3n2C)cc1,1,O=C(COc1ccccc1)NC(c1ccccc1)c1nc2ccccc2[nH]1,0.0000238,284.3970,0.5106356,0.5106,0.6142646,2.4366,1.0000000,1.0000,[],23
34.8341,37.9130,-3.4132,0.2695295,CN=c1nc(-[n+]2ccccc2)c2ccc(Br)cc2[nH]1,1,N=c1nc(-[n+]2ccccc2)c2ccccc2[nH]1,0.2582083,388.5422,0.6869665,0.6870,0.5085471,3.3810,1.0000000,1.0000,[],23
23.9915,26.0105,-24.9760,0.0080824,COc1ccc(CNc2ccc3ccccc3c2)cc1,1,c1ccc(CNc2ccc3ccccc3c2)cc1,0.0063697,345.1724,0.7499868,0.7500,0.7391267,1.5114,1.0000000,1.0000,[],23
61.0629,66.3459,-66.1982,0.0011536,COc1ccc(CN2CCc3nc(N4CCN(c5ccc(N(Cc6ccc(N)cc6)C(=O)N(C)c6ccc(N)cc6)cc5)CC4)[nH]c(=O)c3C2)cc1,1,O=C(Nc1ccccc1)N(Cc1ccccc1)c1ccc(N2CCN(c3nc4c(c(=O)[nH]3)CN(Cc3ccccc3)CC4)CC2)cc1,0.0008645,323.4289,0.1796134,0.1796,0.5297816,3.1765,1.0000000,1.0000,[],23
21.4351,26.9880,-26.9284,0.0004660,Cn1c(=N)sc2ccc(N)cc21,1,N=c1[nH]c2ccccc2s1,0.0003203,312.6411,0.5883662,0.5884,0.5668473,2.8383,1.0000000,1.0000,[],23
18.9940,19.1473,-13.9046,0.0409586,O=CC(=O)c1ccccc1,1,c1ccccc1,0.0360606,364.3246,0.3441569,0.3442,0.7129644,1.6916,1.0000000,1.0000,[],23
21.6436,23.4374,-23.4374,0.0000000,O=[N+]([O-])c1ccc(NN=Cc2ccc(O)cc2)cc1,1,C(=NNc1ccccc1)c1ccccc1,0.0000000,0.0000,0.0000000,0.0000,0.0000000,0.0000,0.0000000,0.0000,['[#7;!n][#7;!n]'],23
28.0287,27.8797,-27.8758,0.0000303,CCCC(=O)Nc1nc(-c2ccc(OC)cc2)no1,1,c1ccc(-c2ncon2)cc1,0.0000177,281.2092,0.8942076,0.8942,0.6692978,2.0076,1.0000000,1.0000,[],23
93.9662,102.0002,-102.0002,0.0000000,CCN(CC)c1ccc(-c2cc3c4c(n5c(c4c2)-c2nc4nc6nc(Nc7ccc(F)cc7F)ccc6cc4cc2C5)CCCN(CCCSc2ccc(C(C)C)cc2)C3=O)c2ccccc12,1,O=C1c2cc(-c3cccc4ccccc34)cc3c4n(c(c23)CCCN1CCCSc1ccccc1)Cc1cc2cc3ccc(Nc5ccccc5)nc3nc2nc1-4,0.0000000,0.0000,0.0000000,0.0000,0.0000000,0.0000,0.0000000,0.0000,['[*;r{8-17}]'],23
62.5479,69.9095,-38.7855,0.2431569,N#Cc1cc(-c2ccc(-c3ccc(-c4cnc(C5=Cc6c(c7ccccc7c7[nH]ccc67)C5=O)[nH]4)cc3)cc2)ccc1-c1nc2ccccc2o1,1,O=C1C(c2ncc(-c3ccc(-c4ccc(-c5ccc(-c6nc7ccccc7o6)cc5)cc4)cc3)[nH]2)=Cc2c1c1ccccc1c1[nH]ccc21,0.2411788,532.4450,0.1916339,0.1916,0.5122884,3.3443,1.0000000,1.0000,[],23
51.6248,56.0083,-55.3734,0.0049599,COc1ccc(Nc2c3c(nn2C)C(=Cc2occc2C)C2CCCC2C3)cc1OC,1,C(=C1c2n[nH]c(Nc3ccccc3)c2CC2CCCC12)c1ccco1,0.0038775,339.7560,0.5836165,0.5836,0.4658019,3.8200,1.0000000,1.0000,[],23
27.5625,28.6225,-28.6224,0.0000011,CC1C2C=CC(C2)C1c1nc(N)n[nH]1,1,C1=CC2CC1CC2c1ncn[nH]1,0.0000005,243.0648,0.6559963,0.6560,0.3673429,5.0073,1.0000000,1.0000,[],23
35.1162,35.2657,-35.2657,0.0000000,COC(=O)C1(C(=O)O)C=Cc2ccc(OC)cc2C1,1,C1=Cc2ccccc2CC1,0.0000000,0.0000,0.0000000,0.0000,0.0000000,0.0000,0.0000000,0.0000,"['C(=[O,S])[O,S]']",23
36.6296,41.7871,-40.2819,0.0117594,Nc1ccc(-c2ccc(N3CCC(c4ccc(-c5ccccc5)cc4)C3=O)cc2)s1,1,O=C1C(c2ccc(-c3ccccc3)cc2)CCN1c1ccc(-c2cccs2)cc1,0.0096671,349.7379,0.4362638,0.4363,0.5728605,2.7856,1.0000000,1.0000,[],23
31.3724,37.6659,-30.6321,0.0549515,CCCCCCCCCCCCN1c2ccccc2Sc2cc(N3c4ccccc4N(c4ccccc4)c4ccccc43)ccc21,1,c1ccc(N2c3ccccc3N(c3ccc4c(c3)Sc3ccccc3N4)c3ccccc32)cc1,0.0510260,368.2634,0.1183575,0.1184,0.5876188,2.6584,1.0000000,1.0000,[],23
46.1127,52.6541,67.6288,0.9397096,COc1ccc(CN=Nc2nnn3c2c(Cl)nc2ccc4nsnc4c23)cc1,1,c1ccc(CN=Nc2nnn3c2cnc2ccc4nsnc4c23)cc1,0.9770985,440.7519,0.4105940,0.4106,0.5099096,3.3676,1.0000000,1.0000,[],23
30.3688,25.8758,-25.8758,0.0000000,CC(OC(=O)c1cccc(C(F)(F)F)c1)C(=O)NC(N)=O,1,c1ccccc1,0.0000000,0.0000,0.0000000,0.0000,0.0000000,0.0000,0.0000000,0.0000,"['C(=[O,S])[O,S]']",23
42.4014,46.0630,-33.5522,0.0977407,CC(=O)Nc1ccc(OB=CC2=C(C)C=C(C)C2)cc1,1,B(=CC1=CC=CC1)Oc1ccccc1,0.0881442,374.6317,0.8510307,0.8510,0.5154149,3.3139,1.0000000,1.0000,[],23
45.9184,49.7151,71.0408,0.9434053,CCCCCCSc1cc2[nH]c3c(c2c(-c2ccc(OC)cc2)n1)C(=O)C(C)=CC3=O,1,O=C1C=CC(=O)c2c1[nH]c1ccnc(-c3ccccc3)c21,0.9853016,474.3425,0.3357162,0.3357,0.5641822,2.8619,1.0000000,1.0000,[],23
46.7639,56.0001,-29.1546,0.2097299,CC1(C)c2cc(N(c3ccccc3)c3ccc(NC(=S)Nc4ccc(N(c5ccccc5)c5ccccc5)cc4)cc3)ccc2-c2ccc(N(c3ccccc3)c3ccc(N(c4ccccc4)C4CCCCC4)cc3)cc21,1,S=C(Nc1ccc(N(c2ccccc2)c2ccccc2)cc1)Nc1ccc(N(c2ccccc2)c2ccc3c(c2)Cc2cc(N(c4ccccc4)c4ccc(N(c5ccccc5)C5CCCCC5)cc4)ccc2-3)cc1,0.2104933,385.6471,0.1051468,0.1051,0.4971665,3.4942,1.0000000,1.0000,[],23
58.1322,62.6403,-61.5058,0.0088635,CC(=O)NC(=Cc1ccc(-c2ccc3c(c2)CC(CN)O3)cc1)C(=O)NC(Cc1ccccc1)C(O)C(O)CO,1,O=C(C=Cc1ccc(-c2ccc3c(c2)CCO3)cc1)NCCc1ccccc1,0.0073907,346.7976,0.1998171,0.1998,0.4645114,3.8338,1.0000000,1.0000,[],23
38.2803,40.7637,-40.7637,0.0000000,c1(cc2c(C=C)c3c(c2cc1)cccc3)-c1c2c(ccc1)c1ccc3ccccc3c1n2-c1ccccc1,0,,0.0000000,0.0000,0.0000000,0.0000,0.0000000,0.0000,0.0000000,0.0000,None,23
29.5505,33.4721,-33.4721,0.0000000,O=C1Cc2cc(C=Cc3ccc(C4CCCCC4)cc3)ccc2O1,1,O=C1Cc2cc(C=Cc3ccc(C4CCCCC4)cc3)ccc2O1,0.0000000,0.0000,0.0000000,0.0000,0.0000000,0.0000,0.0000000,0.0000,"['C(=[O,S])[O,S]']",23
68.4815,81.0132,-81.0132,0.0000000,c1c(O)ccc2c1-c1c(CC2Nc2ccc(cc2)N=C2C(=Cc3ccc(NCCO)cc3)C(N(C=2c2ccccc2)CC)=O)c2ccccc2n1C,0,,0.0000000,0.0000,0.0000000,0.0000,0.0000000,0.0000,0.0000000,0.0000,None,23
48.8186,52.6354,-31.3181,0.1665413,c1ccc(N(c2ccccc2)c2ccc3cc(C4(c5ccccc5)c5ccccc5-c5ccccc54)cc(N(c4ccc(-c5ccc6c(c5)Cc5ccccc5-6)cc4)c4cccc5ccccc45)c3c2)cc1,1,c1ccc(N(c2ccccc2)c2ccc3cc(C4(c5ccccc5)c5ccccc5-c5ccccc54)cc(N(c4ccc(-c5ccc6c(c5)Cc5ccccc5-6)cc4)c4cccc5ccccc45)c3c2)cc1,0.1635651,382.2815,0.1423425,0.1423,0.4963463,3.5024,1.0000000,1.0000,[],23
36.1086,38.4258,-38.4257,0.0000010,C=C1CC2C1C1C=CC2(C(C)(C)CC)CC1,1,C=C1CC2C3C=CC(CC3)C12,0.0000005,242.4321,0.5925991,0.5926,0.3217572,5.6698,1.0000000,1.0000,[],23
68.4750,75.0232,-37.7686,0.2910519,CC(C)Cn1c(=O)c2cc(-c3ccc(N4CCN(c5ccccn5)CC4)cc3)[nH]c2c2cnc(Nc3ccc(N4CCN(C)Cc5ccccc54)cc3C#N)nc21,1,O=c1[nH]c2nc(Nc3ccc(N4CCNCc5ccccc54)cc3)ncc2c2[nH]c(-c3ccc(N4CCN(c5ccccn5)CC4)cc3)cc12,0.2931581,390.4445,0.1610214,0.1610,0.5021772,3.4440,1.0000000,1.0000,[],23
84.8552,94.7655,20.3079,0.8990107,C=NC=C(C=CC)n1cc2c(n1)N(c1cc3c(-c4cc(C)c(=O)[nH]c4C)nc(Nc4ccc(N5CCN(CC)CC5)c(OC)c4)nc3nn1)c1cccnc1N2,1,O=c1ccc(-c2nc(Nc3ccc(N4CCNCC4)cc3)nc3nnc(N4c5cccnc5Nc5c[nH]nc54)cc23)c[nH]1,0.9778643,478.8704,0.1026531,0.1027,0.4294890,4.2258,1.0000000,1.0000,[],23
41.1896,47.8773,-47.4027,0.0037078,N#CC1=C(O)C(=O)N(c2ccc(-n3nc4ccccc4n3)nc2)C1c1ccc(F)cc1,1,O=C1C=CC(c2ccccc2)N1c1ccc(-n2nc3ccccc3n2)nc1,0.0028522,336.4105,0.5527124,0.5527,0.5261288,3.2110,1.0000000,1.0000,[],23
31.6159,32.1799,-31.6969,0.0037734,CCCCn1c2c(c(N=C(N)N)nc1=O)CCCC2,1,O=c1ncc2c([nH]1)CCCC2,0.0028903,336.5551,0.6203703,0.6204,0.5660357,2.8455,1.0000000,1.0000,[],23
72.4482,76.4240,-1.8273,0.5827864,C=C(CCSC)C1=C(N=Cc2c(-c3cncnc3)c3c(n2C(=O)N2CCOCC2)CC(C)(C)C=C3)CCCC1,1,O=C(N1CCOCC1)n1c(C=NC2=CCCCC2)c(-c2cncnc2)c2c1CCC=C2,0.5942438,404.1425,0.3767373,0.3767,0.4447263,4.0515,1.0000000,1.0000,[],23
69.4488,79.9648,33.7855,0.8886749,CN(C)c1ccc(C2=C(N3CCCN(c4ccc(N=C(c5ccc(NC=O)cc5)c5nc6ccc(N7CCOCC7)cc6[nH]5)cc4)CC3)CN=C(c3ccccc3Cl)O2)cc1,1,c1ccc(C2=NCC(N3CCCN(c4ccc(N=C(c5ccccc5)c5nc6ccc(N7CCOCC7)cc6[nH]5)cc4)CC3)=C(c3ccccc3)O2)cc1,0.9652357,436.0875,0.0992900,0.0993,0.4695729,3.7797,1.0000000,1.0000,[],23
41.2294,37.6621,-37.6089,0.0004151,CCOCCOc1ccc(C(=O)N2CCN(C)C(=O)C2)c2ccccc12,1,O=C1CN(C(=O)c2cccc3ccccc23)CCN1,0.0002807,311.2083,0.7445615,0.7446,0.6424778,2.2121,1.0000000,1.0000,[],23
48.6825,50.6471,-50.6471,0.0000000,O=C(O)c1ccccc1Nc1nc2c([N+](=O)[O-])cc(S(=O)(=O)c3cccc([N+](=O)[O-])c3)cc2n2cccc12,1,O=S(=O)(c1ccccc1)c1ccc2nc(Nc3ccccc3)c3cccn3c2c1,0.0000000,0.0000,0.0000000,0.0000,0.0000000,0.0000,0.0000000,0.0000,"['C(=[O,S])[O,S]']",23
62.7592,69.2329,-69.2329,0.0000000,COc1cc2ncnc(Nc3ccc(Oc4ccc5c(ccn5C)c4)c(OC)c3)c2cc1Nc1ncnc(C#CC2=C3C=CC=CC3NN=C2)c1N,1,C(#Cc1cc(Nc2ccc3ncnc(Nc4ccc(Oc5ccc6[nH]ccc6c5)cc4)c3c2)ncn1)C1=C2C=CC=CC2NN=C1,0.0000000,0.0000,0.0000000,0.0000,0.0000000,0.0000,0.0000000,0.0000,"['[#7;!n][#7;!n]', 'C#C']",23
51.6689,58.4858,-58.4858,0.0000000,c1c(ccc2c3ccccc3oc21)N1c2ccc(N(c3ccc(C)cc3)c3ccc(cc3)C)cc2c2cc(c(C)cc2[n+]1C)C=Cc1ccccc1,0,,0.0000000,0.0000,0.0000000,0.0000,0.0000000,0.0000,0.0000000,0.0000,None,23
77.6347,85.8549,21.5638,0.8392092,COc1cnc(-c2cc3c4cc(N(c5ccc(OCC6CCC(C7CCC(C)C7)CC6)cc5)c5ccccn5)ccc4c4ccc5ccccc5c4c3cc2N)nc1,1,c1ccc(N(c2ccc(OCC3CCC(C4CCCC4)CC3)cc2)c2ccc3c(c2)c2cc(-c4ncccn4)ccc2c2c4ccccc4ccc32)nc1,0.9057301,424.5656,0.1156708,0.1157,0.4377578,4.1304,1.0000000,1.0000,[],23
51.8682,64.8434,-5.4465,0.4640380,CCN(CC)c1ccc(-c2nnc(SCC(=O)Nc3sc4cc(N(C)C)ccc4[n+]3[O-])n2-c2cccc(NC(=O)CCN3CCCC3)c2)cc1,1,O=C(CCN1CCCC1)Nc1cccc(-n2c(SCC(=O)Nc3[nH+]c4ccccc4s3)nnc2-c2ccccc2)c1,0.4888698,399.5165,0.0828682,0.0829,0.5169126,3.2994,1.0000000,1.0000,[],23
44.6842,49.1815,-49.1815,0.0000000,c1nc([n+]([O-])c2-c(n1)c1cnn(-c3ccccc3)c1nn2)N,0,,0.0000000,0.0000,0.0000000,0.0000,0.0000000,0.0000,0.0000000,0.0000,None,23
57.5368,66.6673,-66.6673,0.0000000,COc1ccc2c(n1)N(C)C1(Cl)Nc3nonc3-c3c(N)sc1c3-2,1,c1cnc2c(c1)-c1c3csc1C(N2)Nc1nonc1-3,0.0000000,0.0000,0.5028483,0.5028,0.3424930,5.3575,1.0000000,1.0000,[],23
30.7418,32.6471,-29.8403,0.0219283,C(=Cc1ccc(N(Cc2ccco2)C2CCCCC2)cc1)c1ccccc1,1,C(=Cc1ccc(N(Cc2ccco2)C2CCCCC2)cc1)c1ccccc1,0.0185626,356.9194,0.4515872,0.4516,0.6423821,2.2129,1.0000000,1.0000,[],23
57.2490,60.0272,-59.9017,0.0009806,CC1(NC(=O)c2ccc3[nH]ccc3c2)CCCN2C=CC3(CCC3)C3CCCCC321,1,O=C(NC1CCCN2C=CC3(CCC3)C3CCCCC132)c1ccc2[nH]ccc2c1,0.0007034,321.1876,0.7072553,0.7073,0.3619150,5.0817,1.0000000,1.0000,[],23
80.3745,102.8013,-102.8013,0.0000000,c1c(ccc2c3c4c5c(cccc5ccc4c21)-c1sc(-c2ccc(s2)-c2sc(cc2)-c2sc(-c4sc(C=C(C#N)C(=O)N(C)C)c(C#N)n4)cc2)c2cc(c(c(CCCCCC)c21)NCCCCCC)N(CCCCCC)CCCC)cccc3,0,,0.0000000,0.0000,0.0000000,0.0000,0.0000000,0.0000,0.0000000,0.0000,None,23
54.2762,57.5608,-57.5608,0.0000000,CCCN1C2=NN3C(c4ccc5c(c4)OCO5)Nc4ccccc4N3C2NC(=O)c2ccccc21,1,O=C1NC2C(=NN3C(c4ccc5c(c4)OCO5)Nc4ccccc4N23)Nc2ccccc21,0.0000000,0.0000,0.0000000,0.0000,0.0000000,0.0000,0.0000000,0.0000,['[#7;!n][#7;!n]'],23
36.3763,43.8150,-43.8150,0.0000000,CC(C)N(C)c1c(cccc1)-c1c2cc(ccc-2oc2cc(ccc21)N(c1ccccc1)c1ccccc1)=O,0,,0.0000000,0.0000,0.0000000,0.0000,0.0000000,0.0000,0.0000000,0.0000,None,23
37.4049,40.9067,-40.9067,0.0000000,c12c3c4c(cc2)c2ccccc2n4[C@@H](Oc2cccc-3c2ccc1)N,0,,0.0000000,0.0000,0.0000000,0.0000,0.0000000,0.0000,0.0000000,0.0000,None,23
38.5725,49.2162,-36.6631,0.0980712,c1ccc(N(c2ccc(-c3ccc4ccc(-c5cnc(N(c6ccccc6)c6ccccc6)c6ccccc56)cc4c3)cc2)c2ccccn2)cc1,1,c1ccc(N(c2ccc(-c3ccc4ccc(-c5cnc(N(c6ccccc6)c6ccccc6)c6ccccc56)cc4c3)cc2)c2ccccn2)cc1,0.0930163,375.2740,0.1615431,0.1615,0.5729186,2.7851,1.0000000,1.0000,[],23
32.6504,36.1123,87.6121,0.9665970,COc1cccc(N=C2C(=O)Nc3ncc(N)nc32)c1,1,O=C1Nc2nccnc2C1=Nc1ccccc1,0.9818985,443.3588,0.8506039,0.8506,0.5552856,2.9414,1.0000000,1.0000,[],23
117.7958,130.4658,-130.4658,0.0000000,CCCCN=CC(=NN=Cc1cc(O)ccc1N=Cc1c2sc3ccc4cc(NCC(C)O)c(N)c(N)c4c3n2c2ccccc2[n+]1=O)[n+]1cn(C(=O)CS(=O)(=O)O)c2c(N)nc(N)nc21,1,O=[n+]1c(C=Nc2ccccc2C=NN=C[n+]2c[nH]c3cncnc32)c2sc3ccc4ccccc4c3n2c2ccccc21,0.0000000,0.0000,0.0000000,0.0000,0.0000000,0.0000,0.0000000,0.0000,['[#7;!n][#7;!n]'],23
23.0243,24.4216,23.4814,0.3742428,CN(C)c1ccc([N+](=O)[O-])c(C#N)c1,1,c1ccccc1,0.3662778,394.0478,0.5246579,0.5247,0.6264045,2.3388,1.0000000,1.0000,[],23
30.0523,29.7347,-26.3657,0.0263205,COc1ccc(Cl)cc1C(=O)C(=O)c1c(C)cc(C)cc1C,1,O=C(C(=O)c1ccccc1)c1ccccc1,0.0222603,358.9327,0.6222533,0.6223,0.6545929,2.1187,1.0000000,1.0000,[],23
47.8161,59.6988,-50.3933,0.0726993,FC(F)(F)c1cc(-c2cc(-c3ccccc3-c3ccc(N(c4ccccc4)c4ccccc4)cc3)nc(-c3ccc(N(c4ccccc4)c4ccccc4)c(-c4ccc(N(c5ccccc5)c5ccccc5)cc4)n3)n2)ccc1-c1ccccc1,1,c1ccc(-c2ccc(-c3cc(-c4ccccc4-c4ccc(N(c5ccccc5)c5ccccc5)cc4)nc(-c4ccc(N(c5ccccc5)c5ccccc5)c(-c5ccc(N(c6ccccc6)c6ccccc6)cc5)n4)n3)cc2)cc1,0.0691331,371.7700,0.1019525,0.1020,0.4773577,3.6974,1.0000000,1.0000,[],23
29.3311,31.6616,-31.5644,0.0007595,Cc1cnn2c1CC=C2c1ccncc1,1,C1=C(c2ccncc2)n2nccc2C1,0.0005329,318.1714,0.6999591,0.7000,0.5565451,2.9300,1.0000000,1.0000,[],23
30.8754,31.1617,-29.4477,0.0133907,O=C(c1ccc(F)cc1)C1C(=O)c2ccccc2N(CCO)C1=O,1,O=C1Nc2ccccc2C(=O)C1C(=O)c1ccccc1,0.0109221,351.0769,0.6868116,0.6868,0.5825300,2.7019,1.0000000,1.0000,[],23
49.9910,54.2683,-54.2683,0.0000000,c12ncn3c(c2c(n(CC(C)C)c1=O)N)[n+](c1c(n[nH]c(=O)c31)N)-c1ccccc1,0,,0.0000000,0.0000,0.0000000,0.0000,0.0000000,0.0000,0.0000000,0.0000,None,23
50.1232,53.7878,-53.7878,0.0000000,c1cccc(CN2C3Cn4c(ccc4C(N2C)=O)-n2c(c4c(c2C3=O)ccnc4)=O)c1,0,,0.0000000,0.0000,0.0000000,0.0000,0.0000000,0.0000,0.0000000,0.0000,None,23
26.4164,27.8487,-27.8447,0.0000312,C=C1CCc2c(cc(O)c(O)c2O)C1,1,C=C1CCc2ccccc2C1,0.0000188,281.8673,0.4339613,0.4340,0.5360382,3.1177,1.0000000,1.0000,[],24
54.6775,62.7886,-59.3976,0.0264921,CCCn1ncc(-c2ccc3nc(N4CCCC4)n(C)c3c2)c1NC(=O)c1sccc1C(=O)Nc1ccncc1,1,O=C(Nc1ccncc1)c1ccsc1C(=O)Nc1[nH]ncc1-c1ccc2nc(N3CCCC3)[nH]c2c1,0.0231098,359.3488,0.2655238,0.2655,0.5487113,3.0009,1.0000000,1.0000,[],24
78.9243,85.6968,-85.6968,0.0000000,c1ccc2C(C)(C)C(=Cc3sc4cc5c6nc(sc6cc5sc4n3-c3ccc(-c4sc5n(c4)c4c(cccc4)n5)s3)=O)N(C(C)(c2c1)C)C1CCCCC1,0,,0.0000000,0.0000,0.0000000,0.0000,0.0000000,0.0000,0.0000000,0.0000,None,24
42.7585,49.8002,-49.8002,0.0000000,Cc1c(cccc1OC)/C=c1/c(n2c(=NC(c3ccccc3)=c3ccccc23)n2c3ccccc3nc12)=O,0,,0.0000000,0.0000,0.0000000,0.0000,0.0000000,0.0000,0.0000000,0.0000,None,24
32.7605,33.8592,-33.8590,0.0000020,CC1(C)CCc2nn(C3COC3)nc21,1,C1Cc2nn(C3COC3)nc2C1,0.0000010,250.3718,0.6695402,0.6695,0.4859790,3.6079,1.0000000,1.0000,[],24
31.0937,35.2974,2.0556,0.2918206,CCCC(C#N)C(=O)c1ccc2ccc3cccc4ccc1c2c34,1,c1cc2ccc3cccc4ccc(c1)c2c34,0.2859791,390.0656,0.3577554,0.3578,0.5617509,2.8835,1.0000000,1.0000,[],24
81.5013,95.0165,-95.0165,0.0000000,c12C(=C(c3cc4S(c5c(cc(c(c5)Cl)Cl)N(c4cc3)N3C(=O)c4c(C3=O)ccc(c4)-c3ccc(cc3)N(C)C)=S)=C(c1ccc(N(C)C)cc2)c1ccc(cc1)N(C)C)c1ccc(N(C)C)cc1,0,,0.0000000,0.0000,0.0000000,0.0000,0.0000000,0.0000,0.0000000,0.0000,None,24
76.2991,95.6679,-95.6679,0.0000000,CCN(CC)c1ccc(N=Nc2ccc(C#Cc3c(Nc4ccc(N=Nc5ccc(Nc6ccc(N=Nc7ccc(N8CCCC8)cc7)cc6)s5)cc4N=Nc4ccc(Nc5ccc(C=Cc6ccccc6)cc5)cc4)cc(N)cc3C(=O)C(F)(F)F)cc2)cc1,1,C(#Cc1ccccc1Nc1ccc(N=Nc2ccc(Nc3ccc(N=Nc4ccc(N5CCCC5)cc4)cc3)s2)cc1N=Nc1ccc(Nc2ccc(C=Cc3ccccc3)cc2)cc1)c1ccc(N=Nc2ccccc2)cc1,0.0000000,0.0000,0.0000000,0.0000,0.0000000,0.0000,0.0000000,0.0000,['C#C'],24
42.0353,44.3993,-44.2440,0.0012133,CCn1c2ccc(C)cc2c2cc(N3C(=O)C(C)(C4C=CC=CC4)N=C3C)ccc21,1,O=C1C(C2C=CC=CC2)N=CN1c1ccc2[nH]c3ccccc3c2c1,0.0008823,323.6497,0.5519898,0.5520,0.4679078,3.7974,1.0000000,1.0000,[],24
61.9401,76.2592,-76.2592,0.0000000,N1(CC(=O)N)c2c(cc(cc2)C=C(c2n3c(nc2C)c(ccc3)Nc2cccc(-c3nnnn3C)c2)C#N)Oc2ccccc2N=1,0,,0.0000000,0.0000,0.0000000,0.0000,0.0000000,0.0000,0.0000000,0.0000,None,24
73.2553,89.9447,-58.7889,0.2434044,CN(C)c1ccc(N=Nc2c3ccccc3c(N3CCCC3=O)c3ccc([PH](N(c4ccc(N5CCOCC5)cc4)c4cc(C#N)ccc4[N+](=O)[O-])=[N+]4C=Nc5ccccc54)cc23)cc1,1,O=C1CCCN1c1c2ccccc2c(N=Nc2ccccc2)c2cc([PH](N(c3ccccc3)c3ccc(N4CCOCC4)cc3)=[N+]3C=Nc4ccccc43)ccc12,0.2545681,531.6651,0.0433719,0.0434,0.3845228,4.7788,1.0000000,1.0000,[],24
25.8814,29.2353,-28.2994,0.0073117,C(=Cc1ccccc1)Sc1nnc2sc(-c3ccccc3)nn12,1,C(=Cc1ccccc1)Sc1nnc2sc(-c3ccccc3)nn12,0.0058264,344.1985,0.5102316,0.5102,0.6063330,2.5016,1.0000000,1.0000,[],24
27.9755,27.0454,-27.0269,0.0001449,CCCCc1cccc2cc(F)c(F)c(F)c12,1,c1ccc2ccccc2c1,0.0000929,299.2058,0.6853742,0.6854,0.6456802,2.1873,1.0000000,1.0000,[],24
45.8833,49.8170,-49.8170,0.0000000,c12ccccc2n([C@H](Cl)c2ccccc2)c2c1ncc1c2c2c(n1)cccc2,0,,0.0000000,0.0000,0.0000000,0.0000,0.0000000,0.0000,0.0000000,0.0000,None,24
53.1339,59.7970,-59.7970,0.0000000,Cc1c(c2c(N)c3cccc4c3n(c2c(n1)C(=O)c1occc1CCCC)C4=O)N,0,,0.0000000,0.0000,0.0000000,0.0000,0.0000000,0.0000,0.0000000,0.0000,None,24
65.9904,72.5381,-58.0007,0.1135731,CCCCCCCOc1cc(Oc2cc3oc(=O)ccc3cc2NCCO)c2occ(-c3cccc4ccc(=O)n(C)c34)c(=O)c2c1,1,O=c1ccc2cccc(-c3coc4c(Oc5ccc6ccc(=O)oc6c5)cccc4c3=O)c2[nH]1,0.1103539,377.3393,0.1018992,0.1019,0.5237263,3.2339,1.0000000,1.0000,[],24
62.7208,63.9836,55.2484,0.9314997,CCC1CN(c2nc(=O)c3c(O)c4c(O)c(NC(=O)C5CCCCC5)ccc4oc-3c2C)CCN1,1,O=C(Nc1ccc2oc3cc(N4CCNCC4)nc(=O)c-3cc2c1)C1CCCCC1,0.9757987,440.1380,0.3286256,0.3286,0.4891857,3.5751,1.0000000,1.0000,[],24
36.0362,41.0189,79.2262,0.9394147,COc1ccc(N(O)O)cc1C=C1C(=O)N(c2ccccc2)c2ccc(N(C)C)cc21,1,O=C1C(=Cc2ccccc2)c2ccccc2N1c1ccccc1,0.9700542,437.7615,0.4680414,0.4680,0.5816082,2.7098,1.0000000,1.0000,[],24
57.4920,67.0117,-67.0117,0.0000000,Cc1c(Sc2nc3ccc(N)cc3s2)c(=O)oc2ccc(Nc3nc(Nc4ccc(C=CC(=O)O)cc4)nc4cc(Cl)ccc34)cc12,1,O=c1oc2ccc(Nc3nc(Nc4ccccc4)nc4ccccc34)cc2cc1Sc1nc2ccccc2s1,0.0000000,0.0000,0.0000000,0.0000,0.0000000,0.0000,0.0000000,0.0000,"['C(=[O,S])[O,S]']",24
47.3880,50.9969,71.0057,0.9531453,C[n+]1ccc2ccc(Cn3c(=O)ccc4nc(N)nnc43)cc2c1,1,O=c1ccc2ncnnc2n1Cc1ccc2cc[nH+]cc2c1,0.9805517,442.5647,0.5518006,0.5518,0.5629016,2.8733,1.0000000,1.0000,[],24
23.4068,23.2843,-23.2843,0.0000000,COC(C(=O)O)C1CCN(C)CC1,1,C1CCNCC1,0.0000000,0.0000,0.0000000,0.0000,0.0000000,0.0000,0.0000000,0.0000,"['C(=[O,S])[O,S]']",24
33.9848,33.4962,-33.4804,0.0001229,NC(=O)CSc1nnc(-c2ccncc2)n1-c1ccc(CN2CCOCC2)cc1,1,c1cc(-c2nncn2-c2ccc(CN3CCOCC3)cc2)ccn1,0.0000786,297.3817,0.5923934,0.5924,0.6341972,2.2770,1.0000000,1.0000,[],24
76.2336,79.1670,-79.1670,0.0000000,CCCCC1C=CC=C1c1cc(-c2ccc(C3C=CN(NCC)N=C3N)s2)nn1C1CCCO1,1,C1=CCC(c2cc(-c3ccc(C4C=CNN=C4)s3)nn2C2CCCO2)=C1,0.0000000,0.0000,0.0000000,0.0000,0.0000000,0.0000,0.0000000,0.0000,['[#7;!n][#7;!n]'],24
51.5529,57.5176,-57.5176,0.0000000,O=C(Nc1ccccc1)c1c2ccc3c4ccc5cccc6ccc(c1c3c2nc4)-c65,1,O=C(Nc1ccccc1)c1c2ccc3c4ccc5cccc6ccc(c1c3c2nc4)-c65,0.0000000,0.0000,0.0000000,0.0000,0.0000000,0.0000,0.0000000,0.0000,['[*;r{8-17}]'],24
47.5405,49.8466,-48.5471,0.0101529,O=C(Nc1nccs1)C1CCN(c2nn3c(-c4nc(-c5ccc(Cl)cc5)cs4)cnc3c(=O)[nH]2)CC1,1,O=C(Nc1nccs1)C1CCN(c2nn3c(-c4nc(-c5ccccc5)cs4)cnc3c(=O)[nH]2)CC1,0.0083520,348.1358,0.3441728,0.3442,0.5486568,3.0014,1.0000000,1.0000,[],24
42.6472,42.8343,-42.8343,0.0000000,CC(O)C(=O)C(C#Cc1ccc(F)cc1)C(O)Cc1ccccc1,1,C(#Cc1ccccc1)CCCc1ccccc1,0.0000000,0.0000,0.0000000,0.0000,0.0000000,0.0000,0.0000000,0.0000,['C#C'],24
39.6050,40.8242,39.0466,0.6239910,C=CC1=CC=CC(=C(N)c2ccccc2CCl)C1,1,C1=CCC(=Cc2ccccc2)C=C1,0.6215698,405.3876,0.8084955,0.8085,0.5088963,3.3776,1.0000000,1.0000,[],24
90.0827,99.4015,-99.4015,0.0000000,c1c2c3c(ccc4c3c3ccccc3n4-c3ccc(cc3)N(C)C)n-2c(/C=c2\s/c(c(n2)=C2C=CC(=C(S#N)n3nc(C)ccc3=O)S2)=C(/C#N)[N+]#[C-])c(N(C)C)c1,0,,0.0000000,0.0000,0.0000000,0.0000,0.0000000,0.0000,0.0000000,0.0000,None,24
37.4901,37.3785,-37.3785,0.0000000,CCC=CCC=CCC=CCC=CCCCCCCCCCCCCCCCOCC(COC1OC(COC2OC(CO)C(O)C(O)C2O)C(O)C(O)C1O)OC(=O)CCCCCCCCCCCCCCCCC=CCC=CCC=CCCCCC,1,C1CCC(COC2CCCCO2)OC1,0.0000000,0.0000,0.0000000,0.0000,0.0000000,0.0000,0.0000000,0.0000,"['C(=[O,S])[O,S]']",24
77.1889,79.9143,-79.9143,0.0000000,CCOC(=O)C(=N[n+]1c(N=C2C=NC(=Cc3cnc4c(c3)c(CC)cc(=O)n4C)S2)sc2ccccc21)c1ccccc1OC,1,O=c1ccc2cc(C=C3N=CC(=Nc4sc5ccccc5[n+]4N=Cc4ccccc4)S3)cnc2[nH]1,0.0000000,0.0000,0.0000000,0.0000,0.0000000,0.0000,0.0000000,0.0000,"['C(=[O,S])[O,S]']",24
23.1145,23.8179,-23.6522,0.0012947,NCCCCON1C(=O)c2ccccc2C1=O,1,O=C1NC(=O)c2ccccc21,0.0009355,324.2858,0.6078761,0.6079,0.6436849,2.2027,1.0000000,1.0000,[],24
95.3143,107.4992,-107.4992,0.0000000,CCCCCCS(=O)(=C=C1CCCc2cc(SC3=C(CCCC)NCC3=Cc3ccccc3)ccc21)N1c2ccccc2N(N=CCC2CCCCC2)C1c1ccc(N2CCCCC2)cc1,1,O=[SH](=C=C1CCCc2cc(SC3=CNCC3=Cc3ccccc3)ccc21)N1c2ccccc2N(N=CCC2CCCCC2)C1c1ccc(N2CCCCC2)cc1,0.0000000,0.0000,0.0000000,0.0000,0.0000000,0.0000,0.0000000,0.0000,"['[#7;!n][S;!$(S(=O)=O)]', '[#7;!n][#7;!n]']",24
67.8319,73.2632,-73.2632,0.0000000,C=C(Oc1ccc(C)cc1C(=O)N=C(N)N)C(=CC)NOc1ccc(-c2nc3ccc(SOOO)cc3s2)cc1,1,C=C(NOc1ccc(-c2nc3ccccc3s2)cc1)C(=C)Oc1ccccc1,0.0000000,0.0000,0.0000000,0.0000,0.0000000,0.0000,0.0000000,0.0000,['[#8][#8]'],24
46.5545,47.1702,36.5580,0.6541266,CCCN1C(=O)C(S)=C(C2=CC=CS2(=O)=O)C1c1cccs1,1,O=C1C=C(C2=CC=CS2(=O)=O)C(c2cccs2)N1,0.6540285,406.9139,0.8466604,0.8467,0.4473863,4.0217,1.0000000,1.0000,[],24
66.3550,73.1327,-28.3474,0.3498853,CCCC12CCC(N(C)c3ncnc4[nH]nc(C(=O)c5c(N)ccc(-c6ccc(N(C)C)cc6)c5N5Cc6ccccc6C5)c34)(CC1)CC2,1,O=C(c1cccc(-c2ccccc2)c1N1Cc2ccccc2C1)c1n[nH]c2ncnc(NC34CCC(CC3)CC4)c12,0.3604552,393.7745,0.1227790,0.1228,0.4094184,4.4651,1.0000000,1.0000,[],24
41.4700,43.4131,-38.4608,0.0386902,COc1ccc(CSc2nc(C)c3c(F)cc(C)cc3n2)cc1N,1,c1ccc(CSc2ncc3ccccc3n2)cc1,0.0338202,363.6030,0.4354001,0.4354,0.6106691,2.4660,1.0000000,1.0000,[],24
60.1190,70.5488,-70.5488,0.0000000,c1c(cc(cc1)NC(=O)c1cccc(c1)F)S(=O)(=O)/N=C1/C(C(=O)Nc2ccc(N3CCCC3)cc2)c2ccc(N3CCNCC3)cc2N=1,0,,0.0000000,0.0000,0.0000000,0.0000,0.0000000,0.0000,0.0000000,0.0000,None,24
63.8707,71.8413,46.3216,0.9231483,COc1nc(-c2[nH]c(=O)n3c(cc4[nH]c(N5CCN(c6ncccn6)CC5)nc43)c2N)nn2c(=O)[nH]nc12,1,O=c1[nH]nc2cnc(-c3cc4cc5[nH]c(N6CCN(c7ncccn7)CC6)nc5n4c(=O)[nH]3)nn12,0.9787703,478.4066,0.2223923,0.2224,0.4847953,3.6201,1.0000000,1.0000,[],24
109.5676,120.3313,-120.3313,0.0000000,C=N[N+]1=C(Br)C2=C(C)c3c([nH]c4cc(CN5C=CC=CC5)sc34)OCN(CCOCCc3c(O)c(N(C)CCN(C)C)c4c(c31)COC4)c1ccc2cc1,1,C1=CCN(Cc2cc3[nH]c4c(c3s2)C=C2C=[NH+]c3c(ccc5c3COC5)CCOCCN(CO4)c3ccc2cc3)C=C1,0.0000000,0.0000,0.0000000,0.0000,0.0000000,0.0000,0.0000000,0.0000,"['[*;r{8-17}]', '[#7;!n][#7;!n]']",24
71.2923,82.7228,-26.8250,0.4367018,C=CC1CCN(c2ccc(N3CCC(N4CCC(NC(=NC)N5c6ccccc6CC5C)=C4C)C3)c3cn[nH]c(=O)c23)C(=C)C1,1,C=C1CCCCN1c1ccc(N2CCC(N3C=C(NC(=N)N4CCc5ccccc54)CC3)C2)c2cn[nH]c(=O)c12,0.4469191,397.6860,0.2299009,0.2299,0.3811229,4.8232,1.0000000,1.0000,[],24
56.1518,56.5153,-56.5153,0.0000000,c1(C)ccc(N2C(=O)N(C)C3C(C)=C(C)C#NC=32)c(C(=O)N)c1O,0,,0.0000000,0.0000,0.0000000,0.0000,0.0000000,0.0000,0.0000000,0.0000,None,24
24.0378,26.7357,-26.6115,0.0009704,COc1cc2c(cc1O)CCCN2C,1,c1ccc2c(c1)CCCN2,0.0006863,320.9199,0.7376104,0.7376,0.6493564,2.1589,1.0000000,1.0000,[],24
57.7132,70.4440,-70.4440,0.0000000,c1cccc2Sc3ccc(-c4cc5-c6c7c(cc(c8c6cccc8)-c6ccc(N(C)C)cc6)n5CC)ccc4cc3N(c21)CCCC,0,,0.0000000,0.0000,0.0000000,0.0000,0.0000000,0.0000,0.0000000,0.0000,None,24
65.7635,82.7688,-60.4696,0.1742126,CCc1nc(C(=N)NC(=S)CC=Cc2ccc(N(C)C)cc2)ccc1C(=O)NC(=Cc1cc(OC)c(OC)c(OC)c1)C(=O)Nc1nc2ccccc2s1,1,N=C(NC(=S)CC=Cc1ccccc1)c1ccc(C(=O)NC(=Cc2ccccc2)C(=O)Nc2nc3ccccc3s2)cn1,0.1785612,383.4303,0.0399287,0.0399,0.4922279,3.5441,1.0000000,1.0000,[],24
97.8542,110.8286,-110.8286,0.0000000,c1(c2c(c(C(SC3=CCCC=C3)=C(c3cc4C5(c6cc(/C=C/c7ccc(cc7)N(c7ccccc7)c7cccc8c9ccccc7n8)ccc(c6)-c4cc3)N(c3ccccc3)c3ccccc3)c3ccccc-53)cc1)cccc2)N1c2ccccc2Oc2ccccc21,0,,0.0000000,0.0000,0.0000000,0.0000,0.0000000,0.0000,0.0000000,0.0000,None,24
31.3363,38.3382,-36.2677,0.0161751,CCCN(CCC)c1nc(-c2ccc(N)cc2)nc2c3c(ccc12)OCC3,1,c1ccc(-c2ncc3ccc4c(c3n2)CCO4)cc1,0.0133422,353.2765,0.6568379,0.6568,0.5859852,2.6723,1.0000000,1.0000,[],24
44.7269,53.9040,-53.9040,0.0000000,ClC1=C2C=C3OC(=C4C=c5ccccc5=c5c6ccc(c5c2cc6)C3=N4)C=C1,1,C1=CC2=C3C=c4ccccc4=c4c5ccc6c4c(cc5)C(=N3)C(=CC6=C1)O2,0.0000000,0.0000,0.0000000,0.0000,0.0000000,0.0000,0.0000000,0.0000,['[*;r{8-17}]'],24
44.9626,52.1871,50.1386,0.7994201,CCNC1=CN2C3=NCC(=O)C3=CC(Nc3ccc(N4CCC(N5CCCC5)CC4)cc3)=C2C=C1,1,O=C1CN=C2C1=CC(Nc1ccc(N3CCC(N4CCCC4)CC3)cc1)=C1C=CC=CN21,0.8124471,504.0832,0.6623281,0.6623,0.4919022,3.5474,1.0000000,1.0000,[],24
30.3263,35.2123,-35.1385,0.0005768,CCCCCCN1C(=N)c2ccc(C)cc2C1c1ccc(N(C)C)cc1,1,N=C1NC(c2ccccc2)c2ccccc21,0.0003991,315.0326,0.6810170,0.6810,0.5582254,2.9150,1.0000000,1.0000,[],24
40.4442,43.8890,-14.3742,0.2305844,COc1cc(C)c(C=[N+]([O-])c2nc3c(C)cc(C)cc3o2)c(C)c1,1,C(=[NH+]c1nc2ccccc2o1)c1ccccc1,0.2243826,386.5335,0.3112433,0.3112,0.5368643,3.1100,1.0000000,1.0000,[],24
77.7513,93.2370,-93.2370,0.0000000,c1(c2ccccc2n(c1)Cc1ccc(cc1)CCC)-c1nc2c(s1)=CCC=C1O2=C(C=1)c1c2ccc(N(c3ccccc3)c3ccc(cc3)CCCC)cc2sc1-c1ccc(N(c2ccccc2)c2ccccc2)c2ccccc21,0,,0.0000000,0.0000,0.0000000,0.0000,0.0000000,0.0000,0.0000000,0.0000,None,24
114.5886,120.0960,-120.0960,0.0000000,C=CC(C#N)(C#N)CNCCOc1c2c(c3ccc4c5c(ccc1c53)-c1ccccc1Oc1cc(N(c3ccccc3)c3ccc(OCCCC(=O)OCC5C=CC=CC5)cc3)ccc1-4)=C(Cc1ccc(OCCCC)cc1)C(OCCCC)=C2Cl,1,O=C(CCCOc1ccc(N(c2ccccc2)c2ccc3c(c2)Oc2ccccc2-c2ccc4cc5c(c6ccc-3c2c46)=C(Cc2ccccc2)C=C5)cc1)OCC1C=CC=CC1,0.0000000,0.0000,0.0000000,0.0000,0.0000000,0.0000,0.0000000,0.0000,"['[*;r{8-17}]', 'C(=[O,S])[O,S]']",24
51.9150,55.4265,-55.1647,0.0020456,Nc1nc(Cl)c(CN2CCN(C(=O)CC(=O)C3CC3)c3ccc(-c4cn[nH]c4)cc32)s1,1,O=C(CC(=O)N1CCN(Cc2cncs2)c2cc(-c3cn[nH]c3)ccc21)C1CC1,0.0015255,329.6017,0.5494397,0.5494,0.5247357,3.2243,1.0000000,1.0000,[],24
104.6606,116.4532,-116.4532,0.0000000,c1(Nc2nccc(C=Cc3cn(-c4ccc(CCOC(=O)C(C)(N=Cc5cc(C#N)c(Oc6ccc(-c7c8c(cccc8)n8c8c(ccc7)nc8)cc6)n5)cc4)Cl)nc3)n2)ccc([N+]([O-])=O)cc1,0,,0.0000000,0.0000,0.0000000,0.0000,0.0000000,0.0000,0.0000000,0.0000,None,24
65.3240,69.8374,-69.8374,0.0000000,COc1cc2c(c(OC)c1)C1=NOC3(c4ccccc4)C(c4ccccc4)=c4cc(C#Cc5ccccc5)ccc4=C3C3(C(=O)Nc4ccccc43)C1=C2,1,O=C1Nc2ccccc2C12C1=Cc3ccccc3C1=NOC1(c3ccccc3)C(c3ccccc3)=c3cc(C#Cc4ccccc4)ccc3=C12,0.0000000,0.0000,0.0000000,0.0000,0.0000000,0.0000,0.0000000,0.0000,['C#C'],24
78.0226,88.6435,-88.6435,0.0000000,c1cc(cc(c1)N1c2ccc(-n3cc(C)nc3)cc2N2CC[C@@H]1C2C)-c1c2nc3-c(nc2oc2cc(C)ccc12)nsn3,0,,0.0000000,0.0000,0.0000000,0.0000,0.0000000,0.0000,0.0000000,0.0000,None,24
132.1856,153.4036,-153.4036,0.0000000,c12c(N=S=N2)cc(N=Nc2c3ccccc3c(c(n2)N)N)cc1NS(=O)(=O)c1ccc(cc1)N=NC1C(C=CC=C1Nc1c2-c(cc(c2)N(c2ccc(cc2)/C=C2\SC(N(C2=O)C)=Nc2nc3c(s2)cccc3)=NNC(=S)N(C2CCCCC2)CCCCCCCCCCCC)nn1CCCCCCCCCCCC)=O,0,,0.0000000,0.0000,0.0000000,0.0000,0.0000000,0.0000,0.0000000,0.0000,None,24
67.0539,72.0633,-72.0633,0.0000000,c1c2c3c(c(-c4cnccc4)c4c5c6c(c(n4c3cc(c1)s2)=O)c(ncn6)NCCCN1CCCCC1)N1CCNCC1,0,,0.0000000,0.0000,0.0000000,0.0000,0.0000000,0.0000,0.0000000,0.0000,None,24
38.1984,37.3788,-37.3788,0.0000000,CCc1cc2ccc(I)c(SCC(=O)O)c2[nH]1,1,c1ccc2[nH]ccc2c1,0.0000000,0.0000,0.0000000,0.0000,0.0000000,0.0000,0.0000000,0.0000,"['C(=[O,S])[O,S]']",24
52.2359,63.3336,-1.5963,0.4823227,CCCCCc1ccc(-c2c(C=Cc3ccc(N=Cc4cc(C=N)ccc4O)cc3)ccc3sc(-c4ccc(N(c5ccccc5)c5ccccc5)cc4)nc23)cc1,1,C(=Cc1ccc2sc(-c3ccc(N(c4ccccc4)c4ccccc4)cc3)nc2c1-c1ccccc1)c1ccc(N=Cc2ccccc2)cc1,0.5131844,400.5727,0.0656657,0.0657,0.5045364,3.4206,1.0000000,1.0000,[],24
78.6766,83.8965,-83.8965,0.0000000,C1(C)(/C(N(c2c1cc(cc2)-c1ccc(N(C=C(C#N)C#N)/C=C2\C(=O)C(=O)N(Cc3ccccc3)C2=O)s1)=C([N+]#[C-])C#N)=C\c1ccc(cc1)N(CCCCCC)CCCCCC)OCCCCC,0,,0.0000000,0.0000,0.0000000,0.0000,0.0000000,0.0000,0.0000000,0.0000,None,24
36.3241,35.8782,-35.8782,0.0000000,O=C(CC#CCn1ccnn1)NC12CC3CC(CC(C3)C1)C2,1,O=C(CC#CCn1ccnn1)NC12CC3CC(CC(C3)C1)C2,0.0000000,0.0000,0.0000000,0.0000,0.0000000,0.0000,0.0000000,0.0000,['C#C'],24
28.2690,31.5083,41.7611,0.5724169,CN1CCN(c2cccc3c2CCCC3=C(C#N)C#N)CC1,1,C=C1CCCc2c1cccc2N1CCNCC1,0.5674738,402.9483,0.7465432,0.7465,0.5802490,2.7215,1.0000000,1.0000,[],24
25.5301,24.1872,-24.1870,0.0000012,CN1CCC(c2ccn(C)n2)C1,1,c1cc(C2CCNC2)n[nH]1,0.0000006,244.9396,0.6145637,0.6146,0.5415747,3.0664,1.0000000,1.0000,[],24
46.8131,52.7332,42.0956,0.7408502,O=c1cc(C=Cc2cc3c(s2)CN=C3)c2cc3ccccc3cc2n1C1CCCCC1,1,O=c1cc(C=Cc2cc3c(s2)CN=C3)c2cc3ccccc3cc2n1C1CCCCC1,0.7653012,412.8330,0.3321330,0.3321,0.5278539,3.1947,1.0000000,1.0000,[],25
67.9993,72.3066,-72.3066,0.0000000,Cc1c(-c2ccc3c(c2)CC(C)O3)c(N)nc2onc(-c3cccc(S(=O)(=O)N=CNNCC(=O)O)c3)c12,1,c1ccc(-c2noc3ncc(-c4ccc5c(c4)CCO5)cc23)cc1,0.0000000,0.0000,0.0000000,0.0000,0.0000000,0.0000,0.0000000,0.0000,"['[#7;!n][#7;!n]', 'C(=[O,S])[O,S]']",25
56.8061,62.7372,-0.9990,0.4823293,CCCCCCCCCCCCCCCC(=S)NC(CC)=Nc1cccc(C(=O)N=c2c(N3CCOCC3)nccn2C)c1,1,O=C(N=c1[nH]ccnc1N1CCOCC1)c1ccccc1,0.5100837,400.4380,0.0789421,0.0789,0.5107994,3.3589,1.0000000,1.0000,[],25
69.6981,74.7459,-23.3121,0.4018265,N#Cc1nc(-c2c(N)ccc(CC3CCCCC3)c2Nc2cc(CC3CCCCC3)ccc2N)c(Nc2ccccc2)c2c1oc1ccccc12,1,c1ccc(Nc2c(-c3cccc(CC4CCCCC4)c3Nc3cccc(CC4CCCCC4)c3)ncc3oc4ccccc4c23)cc1,0.4163327,396.3319,0.1124144,0.1124,0.5038185,3.4277,1.0000000,1.0000,[],25
49.6936,57.2981,-2.4458,0.4285332,COc1cc(C=C2CC(=O)N(c3nc4sc(C)c(C)c4c4n[nH]c(=O)n34)CC2=O)cc(OC)c1OC,1,O=C1CN(c2nc3sccc3c3n[nH]c(=O)n23)C(=O)CC1=Cc1ccccc1,0.4275315,396.8304,0.4068702,0.4069,0.5176738,3.2920,1.0000000,1.0000,[],25
37.4317,40.5980,-15.9437,0.1926113,Cn1c(=S)[nH]c(=O)n2c3cc(N4CCCCC4)c(N4CCOCC4)cc3nc12,1,O=c1[nH]c(=S)[nH]c2nc3cc(N4CCOCC4)c(N4CCCCC4)cc3n12,0.1811600,383.6216,0.6643769,0.6644,0.5527266,2.9645,1.0000000,1.0000,[],25
51.7307,56.7089,-56.7089,0.0000000,CCOC(=O)C1=C(CC(=O)c2ccc(SC)cc2)N=C2c3ccccc3N(C(=O)Cl)C(=O)C21,1,O=C(CC1=CC2C(=O)Nc3ccccc3C2=N1)c1ccccc1,0.0000000,0.0000,0.0000000,0.0000,0.0000000,0.0000,0.0000000,0.0000,"['C(=[O,S])[O,S]']",25
42.0676,46.4177,-45.5801,0.0065435,Cc1cc(C)c(Cc2ccc(-c3ccc(N4CCC(N(C)C)C4)cc3)cc2C#N)c(=O)[nH]1,1,O=c1[nH]cccc1Cc1ccc(-c2ccc(N3CCCC3)cc2)cc1,0.0051544,342.8606,0.6621130,0.6621,0.5379951,3.0995,1.0000000,1.0000,[],25
36.9952,41.9138,-35.5286,0.0498840,C=CC(=O)Nc1cc(Nc2cc(-c3cccc(N)n3)nc3c2cnn3C)c(OC)cc1N(C)CCN(C)C,1,c1ccc(Nc2cc(-c3ccccn3)nc3[nH]ncc23)cc1,0.0449843,366.8263,0.2720838,0.2721,0.5316497,3.1589,1.0000000,1.0000,[],25
73.4890,97.0296,14.5732,0.8718969,CC1(C)CCCC(c2cc(-c3ccc(Nc4cc(-c5ccc(C6=CC=C(N)N(c7ccc(N(c8ccccc8)c8ccccc8)cc7)C=C6)nn5)nc(N=C5C=CC(=O)C=C5)n4)cc3)nc(Nc3ccc(N)cc3)n2)C1,1,O=C1C=CC(=Nc2nc(Nc3ccc(-c4cc(C5CCCCC5)nc(Nc5ccccc5)n4)cc3)cc(-c3ccc(C4=CC=CN(c5ccc(N(c6ccccc6)c6ccccc6)cc5)C=C4)nn3)n2)C=C1,0.9640995,484.2745,0.0631181,0.0631,0.3777786,4.8672,1.0000000,1.0000,[],25
53.4948,58.7519,59.6317,0.9248716,Oc1c(-c2nc(-c3cccnc3)nc(-c3ccnc(N=Nc4c(O)c5ccccc5c5ccccc45)n3)n2)ccc2ccccc12,1,c1cncc(-c2nc(-c3ccc4ccccc4c3)nc(-c3ccnc(N=Nc4cc5ccccc5c5ccccc45)n3)n2)c1,0.9913966,451.5395,0.1486292,0.1486,0.5298617,3.1757,1.0000000,1.0000,[],25
53.3549,60.0716,-60.0716,0.0000000,Cn1c(=O)[nH]c2ccc(NC(=O)Nc3cccc(N)c3)cc2sc2cc(C3=CC=NNN3)ccc21,1,O=C(Nc1ccccc1)Nc1ccc2[nH]c(=O)[nH]c3ccc(C4=CC=NNN4)cc3sc2c1,0.0000000,0.0000,0.0000000,0.0000,0.0000000,0.0000,0.0000000,0.0000,"['[*;r{8-17}]', '[#7;!n][#7;!n]']",25
42.7081,52.0980,-52.0980,0.0000000,c1c(C#N)c(cc2c1c1c3c(cc4ccccc4c3N3CCCCC3)n3c4ccccc4nc3c1n2)C#N,0,,0.0000000,0.0000,0.0000000,0.0000,0.0000000,0.0000,0.0000000,0.0000,None,25
47.8436,46.7150,-46.6075,0.0008401,NC(=O)c1nn(C2CNCCC2F)c2nc(N)nc(Nc3cccc(F)c3)c12,1,c1ccc(Nc2ncnc3c2cnn3C2CCCNC2)cc1,0.0005999,319.4577,0.5280217,0.5280,0.4736883,3.7360,1.0000000,1.0000,[],25
46.2670,60.5288,56.1522,0.9115704,Nc1ccccc1NCc1ccc(-c2ccc(N=C3C(=O)N(c4ccc(N=Nc5ccccc5)cc4)c4cc(O)ccc43)cc2)s1,1,O=C1C(=Nc2ccc(-c3ccc(CNc4ccccc4)s3)cc2)c2ccccc2N1c1ccc(N=Nc2ccccc2)cc1,0.9835135,444.3913,0.1160566,0.1161,0.5438027,3.0458,1.0000000,1.0000,[],25
53.8152,66.7866,-48.1388,0.1456862,CN(C)c1ccc(C=Cc2cc(C=C3CN(c4ccccc4)C3=N)ccc2OCc2ccccc2C(O)=Nc2ccc(N(C)C)cc2)cc1,1,N=C1C(=Cc2ccc(OCc3ccccc3C=Nc3ccccc3)c(C=Cc3ccccc3)c2)CN1c1ccccc1,0.1442326,380.6677,0.0850051,0.0850,0.5263043,3.2094,1.0000000,1.0000,[],25
48.1364,59.1446,-48.7613,0.0811196,Cn1c(=C2c3ccccc3N2c2ccccc2)c(=C(C#N)C#N)c2ccc(-c3ccc(N(c4ccccc4)c4ccc(-c5cccs5)s4)cc3)cc21,1,C=c1c(=C2c3ccccc3N2c2ccccc2)[nH]c2cc(-c3ccc(N(c4ccccc4)c4ccc(-c5cccs5)s4)cc3)ccc12,0.0762360,547.0850,0.1729829,0.1730,0.4973809,3.4920,1.0000000,1.0000,[],25
32.6038,40.0468,40.3473,0.6280787,CCCCCCCCn1ccc2c3[nH]c(=O)cnc3ccc(=O)c21,1,O=c1cnc2ccc(=O)c3[nH]ccc3c2[nH]1,0.6277940,405.6758,0.6749038,0.6749,0.5761363,2.7571,1.0000000,1.0000,[],25
61.5572,67.5334,-67.5334,0.0000000,[C@@H]12[C@@H]3C[C@](C)(CC[C@@]3(C=C(C)C=C2)c2ccccc2C=1)OP1(=O)Oc2c(cccc2)-c2ccccc21,0,,0.0000000,0.0000,0.0000000,0.0000,0.0000000,0.0000,0.0000000,0.0000,None,25
23.7908,27.9827,95.4814,0.9645631,Cc1cccc(O)c1N=Nc1c(N)nc2ccccn12,1,c1ccc(N=Nc2cnc3ccccn23)cc1,0.9856598,445.9293,0.6976800,0.6977,0.5610644,2.8896,1.0000000,1.0000,[],25
39.9384,42.4658,-42.4600,0.0000453,CCOC(Cc1ccc(-n2cnc3ncnc(N)c32)cc1)CC1CCCC1,1,c1ncc2c(n1)ncn2-c1ccc(CCCC2CCCC2)cc1,0.0000274,285.9609,0.6862519,0.6863,0.5286686,3.1870,1.0000000,1.0000,[],25
34.4007,36.7682,-36.1423,0.0048895,Cc1ccc(C2=NC3CCCCC3N2C(=O)C=Cc2ccc(Cl)cc2)cc1,1,O=C(C=Cc1ccccc1)N1C(c2ccccc2)=NC2CCCCC21,0.0037932,339.5165,0.6701079,0.6701,0.5262908,3.2095,1.0000000,1.0000,[],25
39.9925,38.2663,-38.2663,0.0000000,CCOC(=O)CC1CN(C(=O)CCc2ccc(Cl)c(Cl)c2)C(=O)N1,1,O=C(CCc1ccccc1)N1CCNC1=O,0.0000000,0.0000,0.0000000,0.0000,0.0000000,0.0000,0.0000000,0.0000,"['C(=[O,S])[O,S]']",25
65.2868,86.5569,5.4925,0.7191363,CN1CCN(c2nc(-c3ccc(N4CC=NC4)cc3)ccc2CN=C2NC3=C(C#N)N=C[N+](=Cc4ccc(N(C)C)cc4)C3N2)CC1,1,C1=NC=C2NC(=NCc3ccc(-c4ccc(N5CC=NC5)cc4)nc3N3CCNCC3)NC2[N+]1=Cc1ccccc1,0.7427644,508.4870,0.3848823,0.3849,0.3954968,4.6381,1.0000000,1.0000,[],25
39.4384,47.0060,-33.5616,0.1050348,Nc1cnc(-c2cccc3c2OCc2cc(-c4ccc5nc(N)[nH]c5c4)sc2-3)cn1,1,c1cc(-c2cnccn2)c2c(c1)-c1sc(-c3ccc4nc[nH]c4c3)cc1CO2,0.0973109,375.8156,0.3938468,0.3938,0.5445120,3.0393,1.0000000,1.0000,[],25
82.3623,102.8423,-19.7209,0.6493863,COc1ccc(-n2nc(C)cc2-c2cnc(Nc3ccc(C=CC(=O)N4CCC(N5C(=S)N(c6nc7ccccc7s6)C6CCCCC65)CC4)o3)c(Nc3ccc4c(cnn4Cc4ccc(F)cc4)c3)n2)cc1,1,O=C(C=Cc1ccc(Nc2ncc(-c3ccnn3-c3ccccc3)nc2Nc2ccc3c(cnn3Cc3ccccc3)c2)o1)N1CCC(N2C(=S)N(c3nc4ccccc4s3)C3CCCCC32)CC1,0.7007836,409.2400,0.0834656,0.0835,0.3781457,4.8624,1.0000000,1.0000,[],25
30.3926,31.4877,-31.4860,0.0000130,C=CC1CCCC(c2ccc(CCc3ccc(F)cc3)cc2)C1,1,c1ccc(CCc2ccc(C3CCCCC3)cc2)cc1,0.0000074,271.6935,0.5879412,0.5879,0.5629431,2.8729,1.0000000,1.0000,[],25
31.5195,42.2804,73.6308,0.9055561,CCN(CC)S(=O)(=O)c1ccc(N=Nc2c(O)nc3ccc(N=Nc4ccc(N(C)C)cc4)cn23)cc1,1,c1ccc(N=Nc2ccc3ncc(N=Nc4ccccc4)n3c2)cc1,0.9515418,487.6735,0.2720905,0.2721,0.5228462,3.2423,1.0000000,1.0000,[],25
73.3388,81.7229,28.1926,0.8587143,Nc1cc(C(=O)N=C2N=Cc3nc4ccc(-c5ccccc5)cc4c(N=Cc4cccs4)c32)cc(-c2ccc(N=Cc3cc([N+](=O)[O-])ccc3O)cc2)c1,1,O=C(N=C1N=Cc2nc3ccc(-c4ccccc4)cc3c(N=Cc3cccs3)c21)c1cccc(-c2ccc(N=Cc3ccccc3)cc2)c1,0.9416832,430.2028,0.0684568,0.0685,0.4773439,3.6976,1.0000000,1.0000,[],25
32.5622,36.4831,-34.3535,0.0166369,CCCCCCCCCCCC(C#N)=Nc1ccc(Oc2ccc(OCCCCCCCC)cc2)cc1,1,c1ccc(Oc2ccccc2)cc1,0.0144770,354.1753,0.1254063,0.1254,0.5940767,2.6037,1.0000000,1.0000,[],25
100.5043,122.1494,-122.1494,0.0000000,CCN(CC)C1=NN(c2ccc(N3CCCC3)cc2)C(=O)C1N=Nc1nc2cc(N3CCCC3)ccc2c(-c2ncccc2N)c1N=Nc1c2c3nc(N)c=3c3[nH]cnc3[nH]c(N)nn1-2,1,O=C1C(N=Nc2nc3cc(N4CCCC4)ccc3c(-c3ccccn3)c2N=Nc2c3c4ncc=4c4[nH]cnc4[nH]cnn2-3)C=NN1c1ccc(N2CCCC2)cc1,0.0000000,0.0000,0.0000000,0.0000,0.0000000,0.0000,0.0000000,0.0000,"['[*;r{8-17}]', '[#7;!n][#7;!n]']",25
29.9526,35.2592,-35.2592,0.0000000,CCOc1ccc2nc(NC(=Cc3ccc(N(C)C)cc3)C(=O)O)sc2c1,1,C(=Cc1ccccc1)Nc1nc2ccccc2s1,0.0000000,0.0000,0.0000000,0.0000,0.0000000,0.0000,0.0000000,0.0000,"['C(=[O,S])[O,S]']",25
28.5397,26.6035,-26.6035,0.0000000,CCCCCC=CCC=CCC=CCC=CCCCCCCCCCCOC(=O)CCCCCCCC=CCCCCCCCC,1,,0.0000000,0.0000,0.0000000,0.0000,0.0000000,0.0000,0.0000000,0.0000,"['C(=[O,S])[O,S]']",25
93.8701,103.5013,-103.5013,0.0000000,c1cc(nc2ccc(nc12)C(F)(F)F)N1[C@H]2CC(C[C@@H]1CC2)=C(c1ccc(N2CC3(C(=O)N)C4N(C(c5ncccc5)=N3)CCN2)ccc4[nH]1)N,0,,0.0000000,0.0000,0.0000000,0.0000,0.0000000,0.0000,0.0000000,0.0000,None,25
68.2378,88.7568,-88.7568,0.0000000,CC1NC(=S)OC1c1nc(-c2ccccc2)n(-c2cccc(Cl)c2)c1NC(=O)c1ccc(-c2c(O)ccc3cc(C(=O)Nc4ccccn4)n(C)c23)nc1N,1,O=C(Nc1c(C2CNC(=S)O2)nc(-c2ccccc2)n1-c1ccccc1)c1ccc(-c2cccc3cc(C(=O)Nc4ccccn4)[nH]c23)nc1,0.0000000,0.0000,0.0000000,0.0000,0.0000000,0.0000,0.0000000,0.0000,"['C(=[O,S])[O,S]']",25
50.0788,55.3547,-55.3547,0.0000000,FC(F)(C1=C(c2ccc([N+](=O)[O-])c3c4c(cccc4n23)C(=O)C)c2ccccc2C=C1)F,0,,0.0000000,0.0000,0.0000000,0.0000,0.0000000,0.0000,0.0000000,0.0000,None,25
29.6130,30.6078,-30.6076,0.0000015,CCCCCCCCC=CCCCCCCCCCC(=O)NC(COC1OC(CO)C(O)C(O)C1O)C(O)C(O)CCCCCCCCCCCCCC,1,C1CCOCC1,0.0000008,247.9332,0.0245152,0.0245,0.3941395,4.6553,1.0000000,1.0000,[],25
28.0521,26.7501,-26.6486,0.0007934,C=CC(=O)Nc1cc(Cl)c(Br)cc1O,1,c1ccccc1,0.0005583,318.6775,0.6443729,0.6444,0.6111497,2.4621,1.0000000,1.0000,[],25
60.8699,67.6379,-67.6379,0.0000000,NCCNc1ccc2cnc(C(=O)Nc3ccc(C(=O)c4ccc(NC(=O)CCn5c(C(=O)O)csc5=O)cc4)cc3)cc2c1,1,O=C(CCn1ccsc1=O)Nc1ccc(C(=O)c2ccc(NC(=O)c3cc4ccccc4cn3)cc2)cc1,0.0000000,0.0000,0.0000000,0.0000,0.0000000,0.0000,0.0000000,0.0000,"['C(=[O,S])[O,S]']",25
41.3032,46.0586,60.4936,0.8324386,N=Cc1c(Nc2cccnc2)cc(C2=CCCN=C2)c(=O)n1N,1,O=c1[nH]cc(Nc2cccnc2)cc1C1=CCCN=C1,0.8514634,418.9583,0.5878185,0.5878,0.4795818,3.6742,1.0000000,1.0000,[],25
121.7819,138.0563,-138.0563,0.0000000,c12sc(-c3c4nsnc4c(-c4sc5c6c(cc(s6)C6N(C(c7ccsc6N7)=O)c6ccc(s6)-c6sc(cc6)-c6sccc6)n5)sc4c4sc(c43)-c3ccc4c(ccs4)c3N)nc2cc(s1)C=C1C(=C(C=C)C1=O)Cc1ccc(cc1)N(C)C,0,,0.0000000,0.0000,0.0000000,0.0000,0.0000000,0.0000,0.0000000,0.0000,None,25
25.2180,31.6633,0.5549,0.2517048,COc1ccc2c(c1)sc1cc(N(C)C)ccc1[n+]2=O,1,O=[n+]1c2ccccc2sc2ccccc21,0.2415257,532.4244,0.5366264,0.5366,0.5745297,2.7710,1.0000000,1.0000,[],25
38.9496,45.3824,-34.2594,0.0868984,C=C(C)c1nc(-c2ccc(N(c3ccccc3)c3ccccc3)cc2)cc(-n2c3ccccc3c3cc(C4CCCCC4)ccc32)n1,1,c1ccc(N(c2ccccc2)c2ccc(-c3cc(-n4c5ccccc5c5cc(C6CCCCC6)ccc54)ncn3)cc2)cc1,0.0816590,373.7250,0.1800075,0.1800,0.5590714,2.9074,1.0000000,1.0000,[],25
86.1152,103.9595,7.1279,0.8678704,CCCCCCCCCCn1cc(C=CC(=O)Nc2ccc(N=Nc3ccc4nc(N)c(Nc5ccc(S(=O)(=O)O)cc5)c(Nc5ccc(-c6ccc7c(c6)C(=O)CN7CC)nn5)c4n3)cc2)c2ccccc21,1,O=C(C=Cc1c[nH]c2ccccc12)Nc1ccc(N=Nc2ccc3ncc(Nc4ccccc4)c(Nc4ccc(-c5ccc6c(c5)C(=O)CN6)nn4)c3n2)cc1,0.9928252,466.4735,0.0195193,0.0195,0.4321049,4.1954,1.0000000,1.0000,[],25
61.0739,62.3690,-49.6226,0.0995816,Cn1cc(C2=C(C=NC(C)(C)C)C(=O)NC2)c2cc(C(=O)NCCCN=C(N)N)c(C(N)=O)cc21,1,O=C1C=C(c2c[nH]c3ccccc23)CN1,0.0940407,375.4052,0.2079925,0.2080,0.5004755,3.4610,1.0000000,1.0000,[],25
73.0202,90.7374,16.6359,0.8388544,CCCCCCC1CCN(c2ccc(Oc3ccc(N(c4ccc(C(=N)OC(C(=O)c5ccc(OC)cc5)c5ccccc5)cc4)c4ccc(N(c5ccc(-c6ccc(C=Cc7ccc(N(c8ccccc8)c8ccccc8)cc7)s6)cc5)c5ccc(N(c6ccccc6)c6ccccc6)cc5)cc4)cc3)cc2)CC1,1,N=C(OC(C(=O)c1ccccc1)c1ccccc1)c1ccc(N(c2ccc(Oc3ccc(N4CCCCC4)cc3)cc2)c2ccc(N(c3ccc(-c4ccc(C=Cc5ccc(N(c6ccccc6)c6ccccc6)cc5)s4)cc3)c3ccc(N(c4ccccc4)c4ccccc4)cc3)cc2)cc1,0.9598693,434.4684,0.0213246,0.0213,0.3435056,5.3428,1.0000000,1.0000,[],25
64.0914,71.2006,-65.6085,0.0436886,CCCCc1cnc(Nc2ccc(S(=O)(=O)O)cc2N)c(-c2ccc(-c3onc(C)c3Nc3ccccc3N)cc2)c1,1,c1ccc(Nc2cnoc2-c2ccc(-c3cccnc3Nc3ccccc3)cc2)cc1,0.0405366,365.6455,0.0854381,0.0854,0.5599610,2.8994,1.0000000,1.0000,[],25
51.8804,56.9721,-17.8923,0.3053113,CN(C)c1cccc(-c2ccc3c(c2)C(=O)N=CC3C=Cc2ccc(N)c(N3CCCCC3)c2)c1,1,O=C1N=CC(C=Cc2cccc(N3CCCCC3)c2)c2ccc(-c3ccccc3)cc21,0.2980661,390.7004,0.4695906,0.4696,0.5008610,3.4571,1.0000000,1.0000,[],25
57.3836,69.3779,49.4645,0.9284562,CC(=O)N=Nc1cc(Nc2ncnc3ccc(-c4cccc(C5=CCS(=O)(=O)C5=N)c4)nc23)ccc1O,1,N=C1C(c2cccc(-c3ccc4ncnc(Nc5ccccc5)c4n3)c2)=CCS1(=O)=O,0.9796213,442.0470,0.2573647,0.2574,0.4977175,3.4886,1.0000000,1.0000,[],25
40.5040,47.7416,-47.7416,0.0000000,c1cccc(-c2c3c(CCC3)n(-c3ccc(S(C)(=O)=O)cc3)nc2=Nc2ccc(cc2)N(C)C)c1,0,,0.0000000,0.0000,0.0000000,0.0000,0.0000000,0.0000,0.0000000,0.0000,None,25
46.4488,59.0818,60.5292,0.9344604,COc1ccc(N=Nc2ccc(N(C=C(c3ccc(NC(C)=O)cc3)c3nn[nH]n3)C3CC3)cc2)c(OC)c1,1,C(=C(c1ccccc1)c1nn[nH]n1)N(c1ccc(N=Nc2ccccc2)cc1)C1CC1,0.9849260,445.3794,0.2564483,0.2564,0.5344074,3.1330,1.0000000,1.0000,[],25
37.0307,46.6353,57.2486,0.8115927,C(=Cc1ccc(N(c2ccccc2)c2ccccc2)c2c1sc1cnc(N(c3ccccc3)c3ccccc3)cc12)c1ccc(N2CCCCC2)cc1,1,C(=Cc1ccc(N(c2ccccc2)c2ccccc2)c2c1sc1cnc(N(c3ccccc3)c3ccccc3)cc12)c1ccc(N2CCCCC2)cc1,0.8656645,420.2290,0.1395266,0.1395,0.5318821,3.1567,1.0000000,1.0000,[],25
65.8166,76.4314,-76.0100,0.0032923,CNc1ccc(-c2c(-c3ccco3)c[n+]3c4c2=CC(c2ccc(N5CCCC5)s2)=CC2=CC(OCC5CO5)=CC=C(C3)C=42)cc1,1,C1=C(OCC2CO2)C=C2C=C(c3ccc(N4CCCC4)s3)C=c3c(-c4ccccc4)c(-c4ccco4)c[n+]4c3=C2C(=C1)C4,0.0026130,584.5432,0.2011244,0.2011,0.4031554,4.5422,1.0000000,1.0000,[],25
45.0921,49.0095,-34.6471,0.1122060,CN(C)P1(=Nc2ccc(Cl)cc2C#N)N(C)CCN1c1ccc(N=Cc2ccccc2)cc1,1,C(=Nc1ccc(N2CCN[PH]2=Nc2ccccc2)cc1)c1ccccc1,0.1054319,376.7840,0.3090982,0.3091,0.4725882,3.7477,1.0000000,1.0000,[],25
90.9481,98.7919,-98.7919,0.0000000,C(C([C@@H]1CC([N+](=O)[O-])=c2/c3=NC4=C(c3cc(-c3ccc(cc3)N(C)C)c2c1)N(c1c(C)c2c(s1)cc(s2)=C)C4=O)=O)=C/C,0,,0.0000000,0.0000,0.0000000,0.0000,0.0000000,0.0000,0.0000000,0.0000,None,25
71.5688,77.0716,-72.2616,0.0375780,C=Nc1cc2c(cc3c4ccc5c6cc7cccc8c7c(c6c(=CCC#N)c5c4cc-3n2CC)c2c8c3ccccc3n2C)c2ncccc12,1,C=c1c2c3cc4[nH]c5ccc6cccnc6c5cc-4c3ccc2c2cc3cccc4c5c6ccccc6[nH]c5c(c12)c34,0.0341706,556.2812,0.1426435,0.1426,0.4643157,3.8360,1.0000000,1.0000,[],25
51.7961,59.9729,-58.3139,0.0129611,OCCNCCOc1ccc(-c2cnc3c(Nc4ccc5c(c4)OCO5)nc(OCc4ccc(N=C(c5ccccc5)c5ccccc5)cc4)nn23)cc1,1,c1ccc(C(=Nc2ccc(COc3nc(Nc4ccc5c(c4)OCO5)c4ncc(-c5ccccc5)n4n3)cc2)c2ccccc2)cc1,0.0113414,351.4905,0.0752899,0.0753,0.5252786,3.2191,1.0000000,1.0000,[],25
31.2576,34.6325,79.4421,0.8912080,Oc1ccc2[nH]c(-c3ccc(N=Nc4ccncc4)cc3)cc2c1,1,c1ccc2[nH]c(-c3ccc(N=Nc4ccncc4)cc3)cc2c1,0.9151351,425.8189,0.5000805,0.5001,0.6023466,2.5346,1.0000000,1.0000,[],25
29.4506,31.0967,-25.7511,0.0417620,CCN(CCN(C)C)c1ccc2c(c1)oc(=O)c1ccccc12,1,O=c1oc2ccccc2c2ccccc12,0.0363772,364.4231,0.5348752,0.5349,0.6415969,2.2190,1.0000000,1.0000,[],25
32.6462,31.0040,-31.0038,0.0000015,CCCCCC(O)C=CC1C=CCC(C)(O)C1,1,C1=CCCCC1,0.0000008,247.1914,0.5508512,0.5509,0.4262393,4.2638,1.0000000,1.0000,[],25
48.1968,59.1485,-18.6566,0.3163430,CN1CCN(c2ccc3c(c2)C=CC(C(=O)Nc2ccc(N4CCc5[nH]c6ccccc6c5C4)cc2)(c2ccccc2)C3=O)CC1,1,O=C(Nc1ccc(N2CCc3[nH]c4ccccc4c3C2)cc1)C1(c2ccccc2)C=Cc2cc(N3CCNCC3)ccc2C1=O,0.3165734,391.6446,0.2306962,0.2307,0.4907021,3.5596,1.0000000,1.0000,[],25
33.0426,36.2563,79.9455,0.9078266,O=c1c2ccccc2sc2ncc(NCc3ccccc3O)cc12,1,O=c1c2ccccc2sc2ncc(NCc3ccccc3)cc12,0.9292880,427.9664,0.5531334,0.5531,0.6291579,2.3169,1.0000000,1.0000,[],25
63.2239,75.3759,-66.8442,0.0666535,CN1CCN(c2cccc(-c3ccc(N4CC=C(Nc5cc(N6CCOCC6)ncn5)N=C4N)cc3O)c2C#N)Cc2cccnc21,1,C1=NC(Nc2cc(N3CCOCC3)ncn2)=CCN1c1ccc(-c2cccc(N3CCNc4ncccc4C3)c2)cc1,0.0610574,370.3275,0.2859029,0.2859,0.4833479,3.6351,1.0000000,1.0000,[],25
66.4971,69.7853,-56.7774,0.1016242,CCCN(CCC)C(=O)NC(C)(C)CCNC(=O)c1sc2cc(N3CCOCC3)c(-c3ncnc4[nH]ncc34)cc2c1C(C)C,1,c1nc(-c2cc3ccsc3cc2N2CCOCC2)c2cn[nH]c2n1,0.0966014,375.7276,0.1763883,0.1764,0.4936736,3.5294,1.0000000,1.0000,[],25
55.9463,78.3709,-78.3709,0.0000000,C(C(C)(CN1c2c(cc(cc2)-c2sc(-c3sc(-c4sc(C=C(C#N)C(O)=O)cc4)cc3)cc2)=[N+](c2ccc(N(c3ccccc3)c3ccccc3)cc2)C1)CC)NC,0,,0.0000000,0.0000,0.0000000,0.0000,0.0000000,0.0000,0.0000000,0.0000,None,26
54.8399,58.8501,38.2536,0.7586230,C=C1C(C2CCN(C3=CC=C(C)NC3)CC2)c2sc(C(N)=O)cc2N1C,1,C=C1Nc2ccsc2C1C1CCN(C2=CC=CNC2)CC1,0.7649193,412.8100,0.8586389,0.8586,0.4254436,4.2731,1.0000000,1.0000,[],26
43.2519,45.9864,-43.6219,0.0184725,CCOP(=O)(OCC)c1ccc(-n2c(NC)nc3c(-c4ccc(N)cc4)ncnc32)cc1,1,c1ccc(-c2ncnc3c2ncn3-c2ccccc2)cc1,0.0157445,355.1005,0.3043513,0.3044,0.5465727,3.0204,1.0000000,1.0000,[],26
28.8606,41.0087,4.2404,0.3535088,Nc1c2ccccc2nc2cc(-c3ccc(N=Cc4ccc(N(c5ccccc5)c5ccccc5)cc4)cc3)ccc12,1,C(=Nc1ccc(-c2ccc3cc4ccccc4nc3c2)cc1)c1ccc(N(c2ccccc2)c2ccccc2)cc1,0.3578590,393.6520,0.1686578,0.1687,0.6000438,2.5538,1.0000000,1.0000,[],26
31.8156,33.0369,67.3303,0.7841191,Nc1ccc(S(=O)(=O)NCCCN2CCN(c3ncccn3)CC2)c2nonc12,1,O=S(=O)(NCCCN1CCN(c2ncccn2)CC1)c1cccc2nonc12,0.8057821,415.4482,0.3998700,0.3999,0.5900469,2.6378,1.0000000,1.0000,[],26
50.8889,55.4052,-8.7988,0.3641124,Cc1cc(N2CCN(C)CC2)ccc1Nc1ncc2ccc(-c3ncc4[nH]c(=O)n(CCOc5ccccc5)c4n3)cc2n1,1,O=c1[nH]c2cnc(-c3ccc4cnc(Nc5ccc(N6CCNCC6)cc5)nc4c3)nc2n1CCOc1ccccc1,0.3644874,393.9640,0.2632489,0.2632,0.5640311,2.8632,1.0000000,1.0000,[],26
55.5317,65.9803,-65.9803,0.0000000,c1(-c2cccc(-c3ccc4c(n(c(-c5ccc(c(-c6ccc(cc6)N(c6ccccc6)c6ccccc6)c5)-c5ccc6-c7c(cccc8)C(c7c6)=O)c5)nc4c3)-c3ccccc3)n2)ccccc1,0,,0.0000000,0.0000,0.0000000,0.0000,0.0000000,0.0000,0.0000000,0.0000,None,26
28.2473,24.0743,-24.0743,0.0000000,CS(=O)(=O)CCCNc1cccc(C(=O)O)n1,1,c1ccncc1,0.0000000,0.0000,0.0000000,0.0000,0.0000000,0.0000,0.0000000,0.0000,"['C(=[O,S])[O,S]']",26
69.4333,77.1963,-77.1963,0.0000000,Cc1[nH]nc(-c2cc3c(N)c(C#N)cc(C#Cc4ccc(C(=N)N5CCC(CN6CCCCC6)CC5)nc4)c3s2)c1N(C)C,1,N=C(c1ccc(C#Cc2cccc3cc(-c4cc[nH]n4)sc23)cn1)N1CCC(CN2CCCCC2)CC1,0.0000000,0.0000,0.0000000,0.0000,0.0000000,0.0000,0.0000000,0.0000,['C#C'],26
40.4266,41.1433,-41.1433,0.0000000,COc1ccc(NC(=O)C(C)OC(=O)c2ccccc2Oc2ccc(-n3cccn3)nn2)cc1,1,O=C(COC(=O)c1ccccc1Oc1ccc(-n2cccn2)nn1)Nc1ccccc1,0.0000000,0.0000,0.0000000,0.0000,0.0000000,0.0000,0.0000000,0.0000,"['C(=[O,S])[O,S]']",26
37.8094,46.1238,70.1204,0.9081580,CCCCN(CCCC)c1nc(-c2ccccc2)nc2sn(N=Cc3ccc(N(c4ccccc4)c4ccccc4)cc3)c(=S)c12,1,S=c1c2cnc(-c3ccccc3)nc2sn1N=Cc1ccc(N(c2ccccc2)c2ccccc2)cc1,0.9870923,447.0877,0.0926651,0.0927,0.5317448,3.1580,1.0000000,1.0000,[],26
33.5474,40.3526,-4.4772,0.2802765,Oc1c(C=Cc2ccc(-c3ccc(N(c4ccccc4)c4ccc(-c5ccc(N(c6ccccc6)c6ccccc6)cc5)cc4)cc3)cc2)ccc2ccccc12,1,C(=Cc1ccc2ccccc2c1)c1ccc(-c2ccc(N(c3ccccc3)c3ccc(-c4ccc(N(c5ccccc5)c5ccccc5)cc4)cc3)cc2)cc1,0.2818862,389.8470,0.1418601,0.1419,0.5929707,2.6131,1.0000000,1.0000,[],26
41.3518,50.3301,70.9519,0.9475160,COc1ccc(N(C)c2cc(-n3nc(C=C(C#N)C#N)c4ccccc43)ccc2N)cc1,1,c1ccc(Nc2cccc(-n3ncc4ccccc43)c2)cc1,0.9872001,447.1800,0.3668037,0.3668,0.5603116,2.8963,1.0000000,1.0000,[],26
40.2500,48.9380,73.1606,0.9538954,C=C(NCc1ccc2c(c1)C(=O)c1cc(N3CCN(C)CC3)ccc1-2)Nc1ccccc1O,1,C=C(NCc1ccc2c(c1)C(=O)c1cc(N3CCNCC3)ccc1-2)Nc1ccccc1,0.9908311,469.1580,0.3935849,0.3936,0.5922400,2.6192,1.0000000,1.0000,[],26
37.5003,40.7587,-37.7288,0.0236710,COc1cc2nccc(Oc3cc4[nH]c(=O)c(=O)n(C)c4cc3N3CCNCC3)c2cc1OC,1,O=c1[nH]c2cc(Oc3ccnc4ccccc34)c(N3CCNCC3)cc2[nH]c1=O,0.0201932,357.8516,0.4326176,0.4326,0.5747200,2.7694,1.0000000,1.0000,[],26
36.2519,41.0620,5.7253,0.3655256,COc1cc(C(O)=C2C(=O)C(=O)N(c3ccc(Cl)cc3)C23C(=O)N(C)c2ccccc23)cc(Br)c1OC,1,O=C1C(=O)N(c2ccccc2)C2(C(=O)Nc3ccccc32)C1=Cc1ccccc1,0.3670264,394.0828,0.2673477,0.2673,0.4810051,3.6594,1.0000000,1.0000,[],26
51.2604,53.1955,-53.1955,0.0000000,CC(C)(P(C(C)C)c1[n+](cc(cc1C(C)(C)C)-c1c2cccc3-c4ccccc4-c(c1)c23)C(C)(C)C)C,0,,0.0000000,0.0000,0.0000000,0.0000,0.0000000,0.0000,0.0000000,0.0000,None,26
47.6700,49.3237,-34.7786,0.1136333,CCN(CC)c1ccc(C(=O)NCCNC(=O)c2cc(OC)c(N)cc2F)cc1[N+](=O)[O-],1,O=C(NCCNC(=O)c1ccccc1)c1ccccc1,0.1074214,377.0111,0.2197381,0.2197,0.6104051,2.4682,1.0000000,1.0000,[],26
64.5055,75.8574,-75.8574,0.0000000,c1c(ccc(c1)OCC)N1C(=O)C(=Cc2ccc3n(c4c(c3c2)c2c3=CN(C)CC=c3cc2)[n+]4ccc2ccccc21)N1CCCC1,0,,0.0000000,0.0000,0.0000000,0.0000,0.0000000,0.0000,0.0000000,0.0000,None,26
39.6248,43.3289,-43.3289,0.0000000,O=C(O)CSc1nc2cc(Cl)ccn2c1C(=O)c1ccc(Nc2nn[nH]n2)cc1,1,O=C(c1ccc(Nc2nn[nH]n2)cc1)c1cnc2ccccn12,0.0000000,0.0000,0.0000000,0.0000,0.0000000,0.0000,0.0000000,0.0000,"['C(=[O,S])[O,S]']",26
52.3419,56.4070,-55.2940,0.0086957,N#Cc1ccc(-n2c3ccccc3c3cc(-c4ccc(CSC5CC6C(C5)C5CC6C6CC56)s4)ccc32)cc1,1,c1ccc(-n2c3ccccc3c3cc(-c4ccc(CSC5CC6C(C5)C5CC6C6CC56)s4)ccc32)cc1,0.0072553,346.5954,0.2213571,0.2214,0.3685920,4.9903,1.0000000,1.0000,[],26
83.5738,93.0593,-81.5352,0.0900317,CCCCN1C(=CC2=NC(=Cc3ccc4c(c3)c3cc(N(CC)CC)ccc3n4-c3ccc4nc5c(nc4c3)c3c(c(=O)n5C)=NC(SC)N=3)C2=O)Oc2ccccc21,1,O=C1C(=Cc2ccc3c(c2)c2ccccc2n3-c2ccc3nc4[nH]c(=O)c5c(c4nc3c2)=NCN=5)N=C1C=C1Nc2ccccc2O1,0.0868241,545.5479,0.1050168,0.1050,0.4003659,4.5769,1.0000000,1.0000,[],26
51.7434,52.6578,-52.6461,0.0000912,CC(=O)N1CCCC(C(=O)NC(Cc2ccccc2)c2cccc(C(F)(F)F)c2Cl)(C2CCCCC2)C1=O,1,O=C1NCCCC1(C(=O)NC(Cc1ccccc1)c1ccccc1)C1CCCCC1,0.0000584,294.1519,0.4193286,0.4193,0.4763393,3.7081,1.0000000,1.0000,[],26
45.0312,50.7919,-32.6548,0.1416958,C=C1c2cc(-c3cccs3)ccc2-c2cc3[nH]nc(-c4ccco4)c3nc21,1,C=C1c2cc(-c3cccs3)ccc2-c2cc3[nH]nc(-c4ccco4)c3nc21,0.1331836,379.6631,0.4089601,0.4090,0.5481926,3.0056,1.0000000,1.0000,[],26
50.3615,59.5886,-59.5886,0.0000000,c12c(OC)cccc1c1CN(C#N)C#NN(c3ccc(cc3)-c3ccc(N4CCCC4)cc3)c1[nH]2,0,,0.0000000,0.0000,0.0000000,0.0000,0.0000000,0.0000,0.0000000,0.0000,None,26
37.1142,46.7119,67.6085,0.8931286,Nc1c(C(=O)Nc2ccc(N=Nc3c(O)ccc4nc5ccccc5nc34)cc2)[nH]c2ccccc12,1,O=C(Nc1ccc(N=Nc2cccc3nc4ccccc4nc23)cc1)c1cc2ccccc2[nH]1,0.9487449,488.3147,0.1775713,0.1776,0.5715321,2.7972,1.0000000,1.0000,[],26
27.6283,26.1189,-26.0586,0.0004707,CCCNC(=O)CSc1nc2ccccc2c(=O)n1-c1ccc(C(C)(C)C)cc1,1,O=c1c2ccccc2ncn1-c1ccccc1,0.0003245,312.7856,0.4869260,0.4869,0.6606431,2.0727,1.0000000,1.0000,[],26
33.9875,38.0986,81.3980,0.9335672,Nc1ccc2c(c1N)C(=O)Cc1[nH]c(=O)[nH]c1-2,1,O=C1Cc2[nH]c(=O)[nH]c2-c2ccccc21,0.9648141,435.9519,0.4856947,0.4857,0.5207878,3.2621,1.0000000,1.0000,[],26
26.0181,24.9967,-24.9967,0.0000000,CC(C)(C)NS(=O)F,1,,0.0000000,0.0000,0.0000000,0.0000,0.0000000,0.0000,0.0000000,0.0000,['[#7;!n][S;!$(S(=O)=O)]'],26
27.1201,28.6434,-28.6431,0.0000022,CCCCCCCCCCCCC(=O)NC(=O)C(C)O,1,,0.0000012,251.6892,0.5405211,0.5405,0.6044038,2.5176,1.0000000,1.0000,[],26
40.6534,49.1657,-48.3235,0.0065796,CCNc1cn(Cc2cnn(CC)c2)c2nc(-c3ccccc3)nc(N)c12,1,c1ccc(-c2ncc3ccn(Cc4cn[nH]c4)c3n2)cc1,0.0052053,342.9677,0.5497187,0.5497,0.5871850,2.6621,1.0000000,1.0000,[],26
61.5614,67.1969,-54.8864,0.0961754,Cc1ccc(-n2nc(-c3ccc([N+](=O)[O-])cc3)c3c2N(C)C(=O)C2(S3)C(=S)N3CCCN=C32)cc1,1,O=C1Nc2c(c(-c3ccccc3)nn2-c2ccccc2)SC12C(=S)N1CCCN=C12,0.0899039,374.8673,0.3020511,0.3021,0.4252152,4.2758,1.0000000,1.0000,[],26
30.0412,31.4846,-31.4697,0.0001165,CCOc1ccc(C)c(N(C)c2ccc(OC)cc2)c1,1,c1ccc(Nc2ccccc2)cc1,0.0000734,296.6368,0.8143247,0.8143,0.6862540,1.8825,1.0000000,1.0000,[],26
58.9076,59.8421,-59.8421,0.0000000,CC(C)(ON=C(C(=O)NC1C(=O)N2C(C=O)C(C#N)(CO)C12)c1nsc(NC(=O)c2ccc(O)cc2)n1)C(=O)O,1,N=C(C(=O)NC1C(=O)N2CCC12)c1nsc(NC(=O)c2ccccc2)n1,0.0000000,0.0000,0.0000000,0.0000,0.0000000,0.0000,0.0000000,0.0000,"['C(=[O,S])[O,S]']",26
102.9628,128.4419,-128.4419,0.0000000,c1(c(cccc1)OC)NC(=O)c1oc(-c2c(NCCCNc3nc(Nc4ccc(cc4)N4CCCCC4)nc(Nc4cc(N=Nc5nc6c(cccc6)c6n5ncn6)nc4)nc3NCCOC(=O)C(=C)C)c(C#N)nc(n2)Nc2ccccc2N)nc1,0,,0.0000000,0.0000,0.0000000,0.0000,0.0000000,0.0000,0.0000000,0.0000,None,26
59.6108,71.7802,-71.7802,0.0000000,C1N(c2cc3c(c4ccc(NCCN5Cc6c(c7ccc(OC)cc7nc6)c5N)cc4=NC3=O)cc2)CCOC1,0,,0.0000000,0.0000,0.0000000,0.0000,0.0000000,0.0000,0.0000000,0.0000,None,26
57.2433,56.7066,-56.7066,0.0000000,CCCCN1CC(c2ccccc2Cl)C(=O)C(=O)c2c1c(OC(=O)CC)c(O)c1ccccc21,1,O=C1C(=O)C(c2ccccc2)CNc2ccc3ccccc3c21,0.0000000,0.0000,0.0000000,0.0000,0.0000000,0.0000,0.0000000,0.0000,"['C(=[O,S])[O,S]']",26
63.9330,81.4055,30.0357,0.8706346,CN(C)c1ccc(N=Nc2ccc(N=Nc3ccc(OCCC[n+]4cc(-c5cc6c7ccc(C#N)cc7c7ccc(C=Cc8ccc(O)cc8)cc7c6s5)ccc4N(c4ccccc4)c4ccccc4)cc3)cc2)cc1,1,C(=Cc1ccc2c3ccccc3c3cc(-c4ccc(N(c5ccccc5)c5ccccc5)[n+](CCCOc5ccc(N=Nc6ccc(N=Nc7ccccc7)cc6)cc5)c4)sc3c2c1)c1ccccc1,0.9790702,478.2488,0.0340513,0.0341,0.4265181,4.2605,1.0000000,1.0000,[],26
49.0049,58.6640,54.9384,0.8875182,CCCCCCn1c2cc3c(cc2c2ncccc21)c1ccc(N)cc1c1nc(C=O)c(OC)cc31,1,c1cnc2c(c1)[nH]c1cc3c(cc12)c1ccccc1c1ncccc31,0.9559835,433.4209,0.1157430,0.1157,0.5523674,2.9677,1.0000000,1.0000,[],26
50.7741,52.3285,66.0733,0.9250139,[B]c1cc(-c2nnc3cc(C4CCCN(C(N)=O)C4)nn3c2N)c2ccccc2c1,1,c1ccc2c(-c3cn4nc(C5CCCNC5)cc4nn3)cccc2c1,0.9565626,486.4288,0.4985654,0.4986,0.4752747,3.7193,1.0000000,1.0000,[],26
36.9279,41.2008,-41.2008,0.0000000,c12c3c4nsnc4ccc3nc3c1C(=O)c1ccccc1-c1ccccc1-32,0,,0.0000000,0.0000,0.0000000,0.0000,0.0000000,0.0000,0.0000000,0.0000,None,26
33.1044,41.1628,-9.1065,0.2504400,CCCCCCCCNc1nc(C=Cc2ccccc2Cl)nc2ccc(N(C)C)cc12,1,C(=Cc1ncc2ccccc2n1)c1ccccc1,0.2439162,387.7168,0.3201162,0.3201,0.6071504,2.4949,1.0000000,1.0000,[],26
30.6369,30.6915,-30.5610,0.0010193,O=C1CN(c2ccc(CN3CCOCC3)c(O)c2)S(=O)(=O)N1,1,O=C1CN(c2ccc(CN3CCOCC3)cc2)S(=O)(=O)N1,0.0007233,321.4911,0.7694729,0.7695,0.5843801,2.6860,1.0000000,1.0000,[],26
44.3488,49.2446,-49.2446,0.0000000,O=C(O)c1nc2sc(=Cc3ccc([N+](=O)[O-])s3)c(=Cc3ccc(-c4cccc([N+](=O)[O-])c4)o3)c(=O)n2n1,1,O=c1c(=Cc2ccc(-c3ccccc3)o2)c(=Cc2cccs2)sc2ncnn12,0.0000000,0.0000,0.0000000,0.0000,0.0000000,0.0000,0.0000000,0.0000,"['C(=[O,S])[O,S]']",26
32.1470,38.1420,-37.7549,0.0030242,O=C(Nc1ccc(N2CCC(c3nc4ccccc4[nH]3)CC2)cc1)c1cccc(N2CCCC2=O)c1,1,O=C(Nc1ccc(N2CCC(c3nc4ccccc4[nH]3)CC2)cc1)c1cccc(N2CCCC2=O)c1,0.0023157,334.1422,0.4056393,0.4056,0.6254825,2.3462,1.0000000,1.0000,[],26
37.7979,45.7193,-44.2225,0.0116934,CCCCCCNc1ccc2c(c1)sc1ccc(Nc3ccc(N4CCN(C)CC4)cc3)cc12,1,c1ccc2c(c1)sc1ccc(Nc3ccc(N4CCNCC4)cc3)cc12,0.0097685,349.8523,0.2463280,0.2463,0.6206564,2.3849,1.0000000,1.0000,[],26
74.2802,92.7471,20.7099,0.8863828,CN(C)c1ccc(-c2ccc3c(ccc(Sc4nn(-c5nc6ccc(CN7C(=O)C(=Cc8ccc(O)cc8)NC(=O)C7=NO)cc6c(=O)[nH]5)c(N)c4N)[n+]3C)c2)cc1,1,N=C1C(=O)NC(=Cc2ccccc2)C(=O)N1Cc1ccc2nc(-n3ccc(Sc4ccc5cc(-c6ccccc6)ccc5[nH+]4)n3)[nH]c(=O)c2c1,0.9815184,443.1290,0.0555360,0.0555,0.4456849,4.0407,1.0000000,1.0000,[],26
52.2076,59.7198,-52.5389,0.0561009,CN(c1nc(N)c2ccc(-n3cnc4ccc(-c5ccc(C#N)cc5)cc43)nc2n1)C1(N)CCCCC1,1,c1ccc(-c2ccc3ncn(-c4ccc5cnc(NC6CCCCC6)nc5n4)c3c2)cc1,0.0505191,368.1492,0.3512663,0.3513,0.5199003,3.2706,1.0000000,1.0000,[],26
62.0679,66.0596,-62.4843,0.0279321,CC1CN(c2nccc(Nc3cc(C#N)ccn3)n2)CCC1Nc1c(C#N)cccc1S(=O)(=O)c1cc(CO)cs1,1,O=S(=O)(c1cccs1)c1ccccc1NC1CCN(c2nccc(Nc3ccccn3)n2)CC1,0.0245251,360.0099,0.2720766,0.2721,0.4432296,4.0683,1.0000000,1.0000,[],26
68.7798,75.8714,-75.8714,0.0000000,C(\[N+]([O-])=O)=N/N=C1/c2c(N=C2CC(c2c(cccc2)CC)=O)cc2c1C=NNC2=N,0,,0.0000000,0.0000,0.0000000,0.0000,0.0000000,0.0000,0.0000000,0.0000,None,26
64.8385,73.1406,41.0428,0.8920580,CCCNC(=O)Nc1ccc2nc3cc(N=O)ccc3c(N(C)c3ccc(N4CCN(C(=O)c5cc(O)c6c(c5)OCO6)CC4)cc3)c2c1,1,O=C(c1ccc2c(c1)OCO2)N1CCN(c2ccc(Nc3c4ccccc4nc4ccccc34)cc2)CC1,0.9597247,485.5723,0.1254576,0.1255,0.5247384,3.2243,1.0000000,1.0000,[],26
38.0769,40.3447,-0.4645,0.3115638,Cc1sc(C=CC(=O)Nc2ccc(N3CCCNCC3)c(Cl)c2)cc1Br,1,O=C(C=Cc1cccs1)Nc1ccc(N2CCCNCC2)cc1,0.3004131,390.8219,0.6442693,0.6443,0.5917000,2.6238,1.0000000,1.0000,[],26
27.3492,30.9749,-30.9749,0.0000000,c1cn2c(/c(=C/c3ccccc3)[nH]c2=O)nc1N,0,,0.0000000,0.0000,0.0000000,0.0000,0.0000000,0.0000,0.0000000,0.0000,None,26
54.4655,59.4083,-59.4083,0.0000000,CNC(=S)NN=Cc1ccc2ncc(-c3ccc(N)c4c(Nc5ccc(OCc6ccccn6)c(OC)c5)ncnc34)cc2c1,1,c1ccc(COc2ccc(Nc3ncnc4c(-c5cnc6ccccc6c5)cccc34)cc2)nc1,0.0000000,0.0000,0.0000000,0.0000,0.0000000,0.0000,0.0000000,0.0000,['[#7;!n][#7;!n]'],26
39.0152,44.2719,74.3511,0.9267421,O=C1NC(c2cc3sccc3s2)=NC1=Nc1nc2ccc(Cl)cc2s1,1,O=C1NC(c2cc3sccc3s2)=NC1=Nc1nc2ccccc2s1,0.9559274,486.5936,0.5212862,0.5213,0.5036706,3.4292,1.0000000,1.0000,[],26
53.0604,72.3971,-72.3971,0.0000000,c1c(ccc(C=Cc2ccc(-c3sc(cc3)N=c3c(Nc4ccc(cc4)N=Cc4ccc(N(C)C)cc4)cccc3)nc2)c1)N(c1ccc(cc1)N=Nc1ccc(N(C)C)cc1)CCCCCCCCCCCCCCCCCC,0,,0.0000000,0.0000,0.0000000,0.0000,0.0000000,0.0000,0.0000000,0.0000,None,26
27.8255,30.7774,-30.7774,0.0000000,c1cc(cc2C)nc(N3CCCC3)nc21,0,,0.0000000,0.0000,0.0000000,0.0000,0.0000000,0.0000,0.0000000,0.0000,None,26
36.0735,44.0101,-37.8653,0.0480061,Nc1ccc2ccc(NC(=O)c3ccc(CNc4c[nH]c5ccccc45)cc3)nc2n1,1,O=C(Nc1ccc2cccnc2n1)c1ccc(CNc2c[nH]c3ccccc23)cc1,0.0427611,366.2507,0.3409234,0.3409,0.6180925,2.4056,1.0000000,1.0000,[],26
40.1522,44.6678,-43.8962,0.0060284,COC1=C2C=C(C)C(Oc3ccccc3)CC2(C)C(C)=C1C,1,C1=CC2CC(Oc3ccccc3)C=CC2=C1,0.0047194,341.8985,0.7775799,0.7776,0.4618297,3.8628,1.0000000,1.0000,[],26
74.0572,83.3554,33.5102,0.9130125,CCCCCCCCn1c2ccccc2c2c3ccccc3c(C=C3C(=O)N=C(N4CC=C(c5ccccc5Nc5ncc(C(F)(F)F)cn5)CC4)N3c3cc(Cl)cc(Cl)c3)cc21,1,O=C1N=C(N2CC=C(c3ccccc3Nc3ncccn3)CC2)N(c2ccccc2)C1=Cc1cc2[nH]c3ccccc3c2c2ccccc12,0.9939181,455.3327,0.0972597,0.0973,0.4653556,3.8248,1.0000000,1.0000,[],26
32.1127,31.9746,-14.5408,0.1362023,CC1(C)C=C(C#N)c2c([nH]c3c2CCCC3)N1,1,C1=Cc2c([nH]c3c2CCCC3)NC1,0.1257951,378.9513,0.7154819,0.7155,0.4935097,3.5311,1.0000000,1.0000,[],26
35.0516,41.6283,-1.6551,0.3122909,c1cc2c(ccc3c4nc5c(cnc6n[nH]nc65)cc4[nH]c23)[nH]1,1,c1cc2c(ccc3c4nc5c(cnc6n[nH]nc65)cc4[nH]c23)[nH]1,0.3063234,391.1256,0.4012314,0.4012,0.5361823,3.1164,1.0000000,1.0000,[],26
50.0661,52.1211,-50.5368,0.0123780,COc1cccc(-c2ccc(-c3cccc(NC(C)=O)c3)c3nc(Nc4ccc(CNCCN5CCN(C)CC5)cc4)nn23)c1,1,c1ccc(-c2ccc(-c3ccccc3)n3nc(Nc4ccc(CNCCN5CCNCC5)cc4)nc23)cc1,0.0104920,350.6360,0.1790588,0.1791,0.5783918,2.7375,1.0000000,1.0000,[],26
42.5881,50.1333,-49.1366,0.0077867,O=C1c2ccccc2C(=O)N1c1ccc(-n2c3ccccc3c3ccc(-c4ccc5oc6ccc(-c7nc8ccccc8n7-c7ccccc7)nc6c5c4)cc32)cc1,1,O=C1c2ccccc2C(=O)N1c1ccc(-n2c3ccccc3c3ccc(-c4ccc5oc6ccc(-c7nc8ccccc8n7-c7ccccc7)nc6c5c4)cc32)cc1,0.0064701,345.3432,0.1636481,0.1636,0.5353089,3.1246,1.0000000,1.0000,[],26
67.1325,75.0499,-73.5292,0.0118805,NC(=O)c1cn(-c2ccc(C(=O)Nc3cccc(C=O)c3)cc2)nc1Nc1cc(Nc2ncnc3nc(NCC(F)F)ccc23)ccc1F,1,O=C(Nc1ccccc1)c1ccc(-n2ccc(Nc3cccc(Nc4ncnc5ncccc45)c3)n2)cc1,0.0102498,350.3797,0.1019983,0.1020,0.5246218,3.2254,1.0000000,1.0000,[],27
132.3983,167.1689,-167.1689,0.0000000,c1cc(ccc1)COC(=O)N[C@@H](CCn1c(-c2sc3c(cc(Nc4cc(N=C5CCC=CC=5)ncn4)cc3)[n+]2-c2ccc(s2)C=C2C(c3c(C2=O)cc(cc3)C(c2ccc(cc2)N(c2scc(-c3ccccc3)n2)\N=C/c2ccc(cc2)N)=O)=O)c2c(cccc2)n1)C,0,,0.0000000,0.0000,0.0000000,0.0000,0.0000000,0.0000,0.0000000,0.0000,None,27
53.3710,69.6729,-69.6729,0.0000000,C1C2(CC3CC(C2)C3)C1(c1ccc(N(c2ccccc2)c2cccc3c2n(c2ccccc32)-c2ccc(N(c3ccccc3)c3ccc(cc3)N(c3ccccc3)c3ccccc3)n2)cc1)c1ncccc1,0,,0.0000000,0.0000,0.0000000,0.0000,0.0000000,0.0000,0.0000000,0.0000,None,27
39.3341,40.3611,-36.9224,0.0268642,CCC(C)(C)c1ccc(N(c2ccccc2)c2ccc(-n3c4ccccc4c4c5c(ccc43)oc3ccccc35)cc2)cc1,1,c1ccc(N(c2ccccc2)c2ccc(-n3c4ccccc4c4c5c(ccc43)oc3ccccc35)cc2)cc1,0.0236397,359.6008,0.1982404,0.1982,0.5820332,2.7061,1.0000000,1.0000,[],27
46.9036,48.3645,-48.3645,0.0000000,CC(C)(C)OC(=O)n1c(-c2cc3cccc(N4CCCCC4=O)c3s2)c(C#N)c2cccnc21,1,O=C1CCCCN1c1cccc2cc(-c3cc4cccnc4[nH]3)sc12,0.0000000,0.0000,0.0000000,0.0000,0.0000000,0.0000,0.0000000,0.0000,"['C(=[O,S])[O,S]']",27
44.1489,52.0226,58.2874,0.8617970,COCCNc1cc2oc(=N)c(N=Nc3c(N)[nH]c4ccccc34)cc2cc1Cl,1,N=c1oc2ccccc2cc1N=Nc1c[nH]c2ccccc12,0.9042858,495.6168,0.2602875,0.2603,0.5278949,3.1943,1.0000000,1.0000,[],27
77.3460,92.4523,-92.4523,0.0000000,c1ccccc1C=Cc1c2c(c(N=Nc3ccc(N(C)C)cc3)n3c2c2OCC(c4ccc(-c5ccc(cc5)N(C)C)cc4=S)Nc2c3C#N)nc2c1cccc2,0,,0.0000000,0.0000,0.0000000,0.0000,0.0000000,0.0000,0.0000000,0.0000,None,27
37.6448,43.8522,-43.8522,0.0000000,CCN(CC)c1ccc(C=Nc2c(C(=O)OC)ccc3c2CCC(=O)C3=O)cc1,1,O=C1CCc2c(N=Cc3ccccc3)cccc2C1=O,0.0000000,0.0000,0.0000000,0.0000,0.0000000,0.0000,0.0000000,0.0000,"['C(=[O,S])[O,S]']",27
54.4453,60.9554,-60.9554,0.0000000,C=C(C)c1ccc(N2C(=O)NN3C2=NC(C)c2cc(O)ccc23)cc1,1,O=C1NN2C(=NCc3ccccc32)N1c1ccccc1,0.0000000,0.0000,0.0000000,0.0000,0.0000000,0.0000,0.0000000,0.0000,['[#7;!n][#7;!n]'],27
44.8765,42.6708,-40.5479,0.0165853,CCc1cc(-n2cc3c(=O)[nH]c(=O)nc-3n(Cc3cccc(F)c3)c2=O)ccc1C,1,O=c1nc2n(Cc3ccccc3)c(=O)n(-c3ccccc3)cc-2c(=O)[nH]1,0.0137655,353.6203,0.5629300,0.5629,0.5858868,2.6731,1.0000000,1.0000,[],27
60.8911,67.5578,-67.5578,0.0000000,CC(=O)OCC1OC2OC(OC3c4cc(C=Cc5ccc(N(C)C)cc5)c(O)c(O)c4CC(O)C3O)C=CC2C1O,1,C(=Cc1ccc2c(c1)C(OC1C=CC3CCOC3O1)CCC2)c1ccccc1,0.0000000,0.0000,0.0000000,0.0000,0.0000000,0.0000,0.0000000,0.0000,"['C(=[O,S])[O,S]']",27
79.1815,81.5477,-81.5477,0.0000000,c12N=CC(/C(=c3\c(c(=C\CC)ccc3)=C)N=c2c(cco1)=N)Nc1c(-c2c3ccccc3sc2)cccc1,0,,0.0000000,0.0000,0.0000000,0.0000,0.0000000,0.0000,0.0000000,0.0000,None,27
86.6245,111.6967,-111.6967,0.0000000,c1(cc2c(cc1)oc(=Nc1ccc(N(CC)CC)cc1)c2C(C)=Nc1cc(NC2=CN(NN2)c2ccc(N=C/C=C\c3ccc(cc3)N(C)C)cc2)cc(N=Nc2c3c(nn2-c2ccc(N(C)C)cc2)cccc3)n1)O,0,,0.0000000,0.0000,0.0000000,0.0000,0.0000000,0.0000,0.0000000,0.0000,None,27
67.9207,73.9189,-40.4329,0.2616096,CNc1ccc2c(-c3ccc(OC4CCCCC4)cn3)ccnc2c1Cc1ccc2c(NC)nc(N3CCN(CCO)CC3)nc2c1F,1,c1cc(Cc2ccc3cnc(N4CCNCC4)nc3c2)c2nccc(-c3ccc(OC4CCCCC4)cn3)c2c1,0.2614869,388.7273,0.1695353,0.1695,0.5127698,3.3396,1.0000000,1.0000,[],27
52.4505,64.4845,-64.4845,0.0000000,c1c2c(cc(NC(CC3N(C)Cn4c3sc(c4C=Cc3ccc(N(C)C)cc3)N3CCCCC3)=S)cc2)sc1,0,,0.0000000,0.0000,0.0000000,0.0000,0.0000000,0.0000,0.0000000,0.0000,None,27
35.6880,35.2034,-35.2034,0.0000000,COC1=C(OC(=O)c2ccccc2)C2C=CON2C1=O,1,O=C(OC1=CC(=O)N2OC=CC12)c1ccccc1,0.0000000,0.0000,0.0000000,0.0000,0.0000000,0.0000,0.0000000,0.0000,"['C(=[O,S])[O,S]']",27
48.4875,56.2191,-39.3131,0.1320784,N#Cc1nc(-c2ccc(-c3nc4ccccc4c4ccccc34)cc2)nc(-n2c3ccccc3c3cc(-c4ccc(N(c5ccccc5)c5ccc(-c6ccccn6)cc5)cc4)ccc32)n1,1,c1ccc(N(c2ccc(-c3ccc4c(c3)c3ccccc3n4-c3ncnc(-c4ccc(-c5nc6ccccc6c6ccccc56)cc4)n3)cc2)c2ccc(-c3ccccn3)cc2)cc1,0.1281518,379.1821,0.1405331,0.1405,0.5046552,3.4194,1.0000000,1.0000,[],27
30.8509,35.8815,86.7063,0.9577168,COc1ccccc1N=Nc1cc(N)c(N=Nc2ccccc2)c(O)c1,1,c1ccc(N=Nc2ccc(N=Nc3ccccc3)cc2)cc1,0.9916940,468.0754,0.4488320,0.4488,0.5698889,2.8116,1.0000000,1.0000,[],27
40.0261,45.0257,49.5044,0.7385157,CCOCCc1ccc2nc(NC(=O)c3c(O)c4ccc(N(CC)CC)cc4oc3=O)sc2c1,1,O=C(Nc1nc2ccccc2s1)c1cc2ccccc2oc1=O,0.7669064,412.9303,0.2616497,0.2616,0.5836415,2.6923,1.0000000,1.0000,[],27
53.2944,61.8984,6.9436,0.5378277,c1ccc2c(c1)Cc1ccc(-c3ccc(-n4c5ccccc5c5cc(-c6ccc7noc(-c8cccc9oc%10ncccc%10c89)c7c6)ccc54)cc3)nc1-2,1,c1ccc2c(c1)Cc1ccc(-c3ccc(-n4c5ccccc5c5cc(-c6ccc7noc(-c8cccc9oc%10ncccc%10c89)c7c6)ccc54)cc3)nc1-2,0.5567713,402.4762,0.1835851,0.1836,0.5208970,3.2610,1.0000000,1.0000,[],27
60.8047,75.5943,41.9172,0.9180587,CSCCN1CCN(c2ccc3c(c2)C2=C(CCC2=Nc2ccc(NC(C)=O)cc2)C(=Cc2ccc(N4CCCC4=O)cc2)C3=O)CC1,1,O=C1C(=Cc2ccc(N3CCCC3=O)cc2)C2=C(C(=Nc3ccccc3)CC2)c2cc(N3CCNCC3)ccc21,0.9661793,483.6031,0.2663259,0.2663,0.5189918,3.2793,1.0000000,1.0000,[],27
182.6012,201.6737,-201.6737,0.0000000,CC1(NC(c2cc3CN(C(C#CC4CCCCC4)=O)C(=Cc3cc2)c2nc3c(-c4ccc5-n6nc(CC=O)c(SC)nc6C(C6c5c54)=C(N=C6NCCCOC)Nc4ccc(NC56CCCCC6)ccc5nc4)nn3c3c2cc(Nc2c([N+](=O)[O-])cc([N+]([O-])=O)cc2)cc3)=O)CCN(CC1)C,0,,0.0000000,0.0000,0.0000000,0.0000,0.0000000,0.0000,0.0000000,0.0000,None,27
35.2964,38.2333,-36.6156,0.0126380,c1ccc(-c2nc(Nc3ccc4nc(-c5ccccc5)[nH]c4c3)c3c4c(sc3n2)CCCC4)cc1,1,c1ccc(-c2nc(Nc3ccc4nc(-c5ccccc5)[nH]c4c3)c3c4c(sc3n2)CCCC4)cc1,0.0105632,350.7102,0.2777480,0.2777,0.6139149,2.4395,1.0000000,1.0000,[],27
85.2571,107.7869,-20.8220,0.6794133,CCCCCCCCN1CCN(c2c(Oc3ccc4c(c3)oc3ncccc34)cccc2N(CC2CCCCC2)c2ccc(N3CCN(C=Nc4ccc(N=Cc5c(O)nc(Nc6ccc(N7CCCCC7)cc6)[nH]c5=O)cc4)CC3)cc2)CC1,1,O=c1[nH]c(Nc2ccc(N3CCCCC3)cc2)ncc1C=Nc1ccc(N=CN2CCN(c3ccc(N(CC4CCCCC4)c4cccc(Oc5ccc6c(c5)oc5ncccc56)c4N4CCNCC4)cc3)CC2)cc1,0.7556710,412.2589,0.0334887,0.0335,0.3967791,4.6219,1.0000000,1.0000,[],27
64.5258,75.8469,-75.8469,0.0000000,[C-]#[N+]C1=C2C=CC1(c1ccc(N(c3ccccc3)c3ccc(C=C(C(=O)O)c4ccc(N(C)C)cc4)cc3)cc1)C(OC(=O)c1cccnc1)C2,1,O=C(OC1CC2=CC1(c1ccc(N(c3ccccc3)c3ccc(C=Cc4ccccc4)cc3)cc1)C=C2)c1cccnc1,0.0000000,0.0000,0.0000000,0.0000,0.0000000,0.0000,0.0000000,0.0000,"['C(=[O,S])[O,S]']",27
43.6202,44.2989,-43.9231,0.0029355,CC(=O)c1ccc(N2CC=C3C(CC4C(=CCC5C(=O)N(c6ccc(N7CCOCC7)cc6)C(=O)C54)C3c3ccc(O)c(N)c3)C2=O)cc1,1,O=C1C2CC3C(=CCC4C(=O)N(c5ccc(N6CCOCC6)cc5)C(=O)C43)C(c3ccccc3)C2=CCN1c1ccccc1,0.0023466,334.2865,0.1308758,0.1309,0.4103727,4.4534,1.0000000,1.0000,[],27
36.9038,41.9208,80.2296,0.9543005,CN1C(=CN=c2[nH]nc(-c3ccc([N+](=O)[O-])cc3)s2)Sc2ccccc21,1,C(N=c1[nH]nc(-c2ccccc2)s1)=C1Nc2ccccc2S1,0.9833321,475.7295,0.5457627,0.5458,0.5314871,3.1604,1.0000000,1.0000,[],27
41.1843,54.8022,65.9380,0.9432825,CCCCCc1cc(N(C)C)ccc1N=Nc1ccc(-c2nc3nc(N)cc(N)c3o2)cc1,1,c1ccc(N=Nc2ccc(-c3nc4ncccc4o3)cc2)cc1,0.9958590,460.4727,0.2446364,0.2446,0.5431349,3.0520,1.0000000,1.0000,[],27
59.0809,71.2614,47.2955,0.9262261,CN(C)c1ccc2c3cc4c(cc3n(-c3cccc5c3N(C)C53C(C#N)=C5CCC3CC5)c2c1)C(=O)c1ccccc1-4,1,O=C1c2ccccc2-c2cc3c4ccccc4n(-c4cccc5c4NC54C=C5CCC4CC5)c3cc21,0.9876641,472.4141,0.2230270,0.2230,0.3710001,4.9578,1.0000000,1.0000,[],27
47.4599,51.4145,-51.4145,0.0000000,c1cn2c(nc(-c3ccc4c(=O)c5c(O)cccc5oc4c3=O)nc2C)cc1,0,,0.0000000,0.0000,0.0000000,0.0000,0.0000000,0.0000,0.0000000,0.0000,None,27
34.8663,38.4361,-36.1282,0.0180304,c1ccc(-c2nc(-c3ccccc3)nc(-c3ccc4c(c3)c3cc5c(cc3n4-c3cnc4c(c3)oc3ccccc34)oc3ccccc35)n2)cc1,1,c1ccc(-c2nc(-c3ccccc3)nc(-c3ccc4c(c3)c3cc5c(cc3n4-c3cnc4c(c3)oc3ccccc34)oc3ccccc35)n2)cc1,0.0155841,354.9876,0.1876034,0.1876,0.5470279,3.0163,1.0000000,1.0000,[],27
80.6651,88.3914,-88.3914,0.0000000,CCCCCCCCCCN(CN(C)N=Cc1cccc(-n2cc(C3C(=O)Nc4ccccc43)nn2)c1)N=Cc1ccc(N(CCCCCC)Cc2ccc(NC(=O)CCCCCCCCC)cc2)cc1,1,O=C1Nc2ccccc2C1c1cn(-c2cccc(C=NNCNN=Cc3ccc(NCc4ccccc4)cc3)c2)nn1,0.0000000,0.0000,0.0000000,0.0000,0.0000000,0.0000,0.0000000,0.0000,['[#7;!n][#7;!n]'],27
51.6793,57.4920,-57.3384,0.0012000,CN(OCc1ccc(Nc2nc3ccccc3s2)nc1-c1ccccc1)C(=O)Nc1cc2ccccc2o1,1,O=C(NOCc1ccc(Nc2nc3ccccc3s2)nc1-c1ccccc1)Nc1cc2ccccc2o1,0.0008955,323.8113,0.2121063,0.2121,0.5580164,2.9168,1.0000000,1.0000,[],27
58.7179,65.8765,57.6128,0.9647598,OCc1c2c(nc3c4c(ccc13)OC1C=C3COC3=C1N4)CCCC2,1,C1=C2COC2=C2Nc3c(ccc4cc5c(nc34)CCCC5)OC12,0.9852001,445.5816,0.8394027,0.8394,0.4391289,4.1148,1.0000000,1.0000,[],27
30.8378,34.0542,30.8322,0.5069256,CCc1ccc2[nH]c(C=C3N=c4ccccc4=C3C)cc2c1,1,C(=C1C=c2ccccc2=N1)c1cc2ccccc2[nH]1,0.4995151,520.0211,0.7457621,0.7458,0.5718117,2.7947,1.0000000,1.0000,[],27
66.7622,78.3356,-78.3356,0.0000000,CN(N=Cc1ccc(N(C)C)cc1)C(=O)CN(N=C(C=Cc1ccc(N(c2ccccc2)c2ccccc2)cc1)C=Cc1ccc(NC=O)cc1N(C)C)c1ccc(N=Cc2ccncc2)cc1,1,O=C(CN(N=C(C=Cc1ccccc1)C=Cc1ccc(N(c2ccccc2)c2ccccc2)cc1)c1ccc(N=Cc2ccncc2)cc1)NN=Cc1ccccc1,0.0000000,0.0000,0.0000000,0.0000,0.0000000,0.0000,0.0000000,0.0000,['[#7;!n][#7;!n]'],27
66.5373,77.3380,-77.3380,0.0000000,C1CN(C(=O)c2cccc(-c3ccncc3)c2)c2c(c3ccc(cn3cc2-c2ccc(N3CCN(CC3)CCN3C(c4ccccc4C3=O)=O)nc2)=O)N1,0,,0.0000000,0.0000,0.0000000,0.0000,0.0000000,0.0000,0.0000000,0.0000,None,27
69.6101,82.8992,27.2673,0.8606764,CCc1c(C(=O)CSC(C)(C)CCOC)c(C=Cc2ccc(N(CC)CC)cc2O)c(N2CCCC2)c2nsnc12,1,C(=Cc1ccc2nsnc2c1N1CCCC1)c1ccccc1,0.9200263,493.4787,0.1533563,0.1534,0.4818709,3.6504,1.0000000,1.0000,[],27
50.2426,54.4007,36.6432,0.7112800,CC1(C)c2ccccc2-c2c1cc1c3cc(N)ccc3c3c4ccccc4sc3c1c2N(c1ccc2ccccc2c1)c1ccc2ccccc2c1,1,c1ccc2c(c1)Cc1cc3c4ccccc4c4c5ccccc5sc4c3c(N(c3ccc4ccccc4c3)c3ccc4ccccc4c3)c1-2,0.7521191,412.0511,0.1484356,0.1484,0.5261489,3.2109,1.0000000,1.0000,[],27
82.0104,92.2282,-92.2282,0.0000000,CC1=NN(C(=O)c2cccs2)C(N)(c2ccc(N3CCCC(NCC4=C(c5ccc(N)cc5)C(=O)N=C4Nc4cccnc4)C3)s2)C1,1,O=C1N=C(Nc2cccnc2)C(CNC2CCCN(c3ccc(C4CC=NN4C(=O)c4cccs4)s3)C2)=C1c1ccccc1,0.0000000,0.0000,0.0000000,0.0000,0.0000000,0.0000,0.0000000,0.0000,['[#7;!n][#7;!n]'],27
39.0089,56.0306,56.5369,0.8794338,CCN(CC)c1ccc(C=Nc2ccc(-c3ccc(N(C)C)cc3)c(C=C3N=C(c4ccc(N(c5ccccc5)c5ccccc5)cc4)N(c4ccccc4)C3=O)c2)cc1,1,O=C1C(=Cc2cc(N=Cc3ccccc3)ccc2-c2ccccc2)N=C(c2ccc(N(c3ccccc3)c3ccccc3)cc2)N1c1ccccc1,0.9570863,433.7089,0.0863053,0.0863,0.5139554,3.3281,1.0000000,1.0000,[],27
60.2111,71.3336,-71.3336,0.0000000,CCN(CCO)c1ccc(-c2nc(C=Nc3c(C=C4SC(=S)NC4=O)cnn3C)c3cccc(Cl)c3n2)cn1,1,O=C1NC(=S)SC1=Cc1cn[nH]c1N=Cc1nc(-c2cccnc2)nc2ccccc12,0.0000000,0.0000,0.0000000,0.0000,0.0000000,0.0000,0.0000000,0.0000,"['C(=[O,S])[O,S]']",27
80.5912,96.1182,14.3278,0.8628592,C=NC=CC=C(Nc1ccc(N(C)CC2CC2)cc1C#N)c1ccc(C(=N)c2ccccc2)c2nc(-c3cc(C4CC4)nc(N4CCCC4)c3)oc12,1,C=C(Nc1ccc(NCC2CC2)cc1)c1ccc(C(=N)c2ccccc2)c2nc(-c3cc(C4CC4)nc(N4CCCC4)c3)oc12,0.9379703,429.4897,0.0936916,0.0937,0.4575769,3.9091,1.0000000,1.0000,[],27
62.5053,71.5189,-71.5189,0.0000000,C=CC=C(C=C(N)C(=O)O)C(=O)c1cnc(N2CC3CCC(C2)N3c2ccc(N3CCCCC3)cn2)c(N)c1,1,c1ccc(N2CC3CCC(C2)N3c2ccc(N3CCCCC3)cn2)nc1,0.0000000,0.0000,0.0000000,0.0000,0.0000000,0.0000,0.0000000,0.0000,"['C(=[O,S])[O,S]']",27
65.3850,92.4571,-92.4571,0.0000000,O=C(C=Cc1ccc(N(c2ccccc2)c2ccccc2)c2nsnc12)Oc1ccc(N(c2ccc(N(c3ccccc3)c3ccccc3)cc2)c2ccc3c(c2)c(=O)c2c(n3-c3ccc(N(c4ccccc4)c4ccccc4)cc3)SC2=NS(=O)(=O)c2ccc(N(c3ccccc3)c3ccccc3)cc2)cc1,1,O=C(C=Cc1ccc(N(c2ccccc2)c2ccccc2)c2nsnc12)Oc1ccc(N(c2ccc(N(c3ccccc3)c3ccccc3)cc2)c2ccc3c(c2)c(=O)c2c(n3-c3ccc(N(c4ccccc4)c4ccccc4)cc3)SC2=NS(=O)(=O)c2ccc(N(c3ccccc3)c3ccccc3)cc2)cc1,0.0000000,0.0000,0.0000000,0.0000,0.0000000,0.0000,0.0000000,0.0000,"['C(=[O,S])[O,S]']",27
25.0328,25.3102,-25.3102,0.0000000,NNC=CC=C=O,1,,0.0000000,0.0000,0.0000000,0.0000,0.0000000,0.0000,0.0000000,0.0000,['[#7;!n][#7;!n]'],27
24.9161,25.9129,-25.9129,0.0000000,Nc1ncccc1C(=O)NN=CC=Cc1ccccc1,1,O=C(NN=CC=Cc1ccccc1)c1cccnc1,0.0000000,0.0000,0.0000000,0.0000,0.0000000,0.0000,0.0000000,0.0000,['[#7;!n][#7;!n]'],27
45.7726,61.1848,-61.1848,0.0000000,C(CC)n1ncc(S(=O)(=O)Nc2c(cnn2-c2ccc(N3CCC(O)C3)nc2)=O)c1N,0,,0.0000000,0.0000,0.0000000,0.0000,0.0000000,0.0000,0.0000000,0.0000,None,27
46.0430,55.1049,-55.1049,0.0000000,c1ccccc1-n1c2cc3c(oc4c3cc3-c5c(cccc5)C(c3n4)=N)c(c2c2nc(-c3ccccc3)nc(-c3ccccc3)n21)-c1ccccc1,0,,0.0000000,0.0000,0.0000000,0.0000,0.0000000,0.0000,0.0000000,0.0000,None,27
51.5536,60.3957,-58.6352,0.0137537,N#Cc1ccc(-n2c(C3C=CC(=O)CC3)nc3scc(-c4n[nH]c5cc(N)ccc45)c3c2=O)cc1,1,O=C1C=CC(c2nc3scc(-c4n[nH]c5ccccc45)c3c(=O)n2-c2ccccc2)CC1,0.0115044,351.6472,0.3685655,0.3686,0.4789729,3.6806,1.0000000,1.0000,[],27
56.2604,65.0455,-64.6441,0.0031364,CCCCCCCCCCCCCCCCN1CCN(c2ccc(N(C)CC3CCc4c(nc(N5CCC(Cc6ccccc6)CC5)nc4NC4CC4)C3)cc2)CC1,1,c1ccc(CC2CCN(c3nc4c(c(NC5CC5)n3)CCC(CNc3ccc(N5CCNCC5)cc3)C4)CC2)cc1,0.0025375,335.1376,0.0907185,0.0907,0.4745193,3.7273,1.0000000,1.0000,[],27
43.4929,48.8777,-47.9848,0.0069757,Cc1ccc(N(C)C)c2c1[nH]c1c(=O)n(C3CCCCCC3)n(C)c12,1,O=c1c2[nH]c3ccccc3c2[nH]n1C1CCCCCC1,0.0054971,343.5632,0.7142587,0.7143,0.5524517,2.9669,1.0000000,1.0000,[],27
38.9573,45.0607,-15.9588,0.2273587,C1=CC(=C2C3CCCC23)C=CC(N2CC=CC3=C2C=CCC3)=C1,1,C1=CC(=C2C3CCCC23)C=CC(N2CC=CC3=C2C=CCC3)=C1,0.2174301,533.9051,0.6432749,0.6433,0.3983861,4.6017,1.0000000,1.0000,[],27
66.4322,76.1402,-76.1402,0.0000000,CN=C(N)c1ccc(C#Cc2ccc(-n3c(Cc4cccc(Nc5ccc(O)cc5)n4)c(C)c4cc(N)c(N)nc43)cc2)cc1,1,C(#Cc1ccc(-n2c(Cc3cccc(Nc4ccccc4)n3)cc3cccnc32)cc1)c1ccccc1,0.0000000,0.0000,0.0000000,0.0000,0.0000000,0.0000,0.0000000,0.0000,['C#C'],27
46.5125,53.9414,-53.9414,0.0000000,c1c(C=Cc2ccc(N(CCCC)CCCC)cc2)c2c(n3c(cc2o1)nc1c3c([nH][nH]c1=O)=O)=O,0,,0.0000000,0.0000,0.0000000,0.0000,0.0000000,0.0000,0.0000000,0.0000,None,27
27.8838,26.4636,-26.4636,0.0000000,O=C(O)CCCNC(=O)NCCc1ccccc1O,1,c1ccccc1,0.0000000,0.0000,0.0000000,0.0000,0.0000000,0.0000,0.0000000,0.0000,"['C(=[O,S])[O,S]']",27
36.6624,40.1337,-40.1337,0.0000000,N#Cc1cc(ccc1N=Nc1c(n(CCCC)c(n(c1=O)CCCCCC)N)=O)OCCCCC,0,,0.0000000,0.0000,0.0000000,0.0000,0.0000000,0.0000,0.0000000,0.0000,None,27
50.0186,54.4138,-54.4138,0.0000000,CNC(=O)c1ccc2c(c1)cc(-c1cn(-c3ccc(NN)cc3)nn1)n2Cc1c(C)cccc1C,1,c1ccc(Cn2c(-c3cn(-c4ccccc4)nn3)cc3ccccc32)cc1,0.0000000,0.0000,0.0000000,0.0000,0.0000000,0.0000,0.0000000,0.0000,['[#7;!n][#7;!n]'],27
66.3527,80.0054,37.3409,0.9167681,CCCCN(C)c1ccc(N=Cc2ccc(-c3nc4cc(-c5ccc(C6(O)C(=O)N(c7ccc(OC)cc7)C7CCCCC76)s5)ccc4o3)s2)cc1,1,O=C1C(c2ccc(-c3ccc4oc(-c5ccc(C=Nc6ccccc6)s5)nc4c3)s2)C2CCCCC2N1c1ccccc1,0.9906895,450.6741,0.1335297,0.1335,0.4145465,4.4029,1.0000000,1.0000,[],27
45.1325,53.3075,14.7431,0.5316457,Nc1nn2c(nnc3c4nonc4c(N)cc32)c1N=Nc1cnc2ccccn12,1,c1ccn2c(N=Nc3cnn4c3nnc3c5nonc5ccc34)cnc2c1,0.5408477,518.2220,0.3327516,0.3328,0.4751994,3.7201,1.0000000,1.0000,[],27
51.3439,67.7808,-67.7808,0.0000000,CCCCCCN(c1ccc(N=Nc2ccc(N=Nc3ccc(N(C)C)cc3)cc2)cc1)c1ccc(N=Nc2ccc(N=Nc3ccc(NC(=O)C4C=CC=C(C(=O)O)C4=O)c(O)c3)cc2)cc1,1,O=C1C=CC=CC1C(=O)Nc1ccc(N=Nc2ccc(N=Nc3ccc(Nc4ccc(N=Nc5ccc(N=Nc6ccccc6)cc5)cc4)cc3)cc2)cc1,0.0000000,0.0000,0.0000000,0.0000,0.0000000,0.0000,0.0000000,0.0000,"['C(=[O,S])[O,S]']",27
84.4999,97.6629,-97.6629,0.0000000,COc1ccc(C2=C(C=CCN)CN3C(=N)N=C(N4CC5CCCC5N4)C(=C2Nc2ccco2)C3=O)cc1OC(C)C,1,N=C1N=C(N2CC3CCCC3N2)C2=C(Nc3ccco3)C(c3ccccc3)=CCN1C2=O,0.0000000,0.0000,0.0000000,0.0000,0.0000000,0.0000,0.0000000,0.0000,['[#7;!n][#7;!n]'],27
48.2890,55.1858,65.4896,0.9427767,C=CCNc1ncc(Nc2ccc3c(c2)CC(=O)N3)nc1-c1ccnc2c1NC(=O)C2,1,O=C1Cc2cc(Nc3cncc(-c4ccnc5c4NC(=O)C5)n3)ccc2N1,0.9766359,440.5296,0.4586213,0.4586,0.5199479,3.2701,1.0000000,1.0000,[],27
47.6637,58.5024,59.3293,0.9205601,CCN(CC)c1ccc(N=Nc2ccc3[nH]c(NC(=O)Nc4cccc5ccccc45)c(C(=O)N(Cc4ccccc4)c4ccccc4)c3c2)cc1,1,O=C(Nc1[nH]c2ccc(N=Nc3ccccc3)cc2c1C(=O)N(Cc1ccccc1)c1ccccc1)Nc1cccc2ccccc12,0.9933628,454.3782,0.1180111,0.1180,0.5396305,3.0844,1.0000000,1.0000,[],27
56.7518,75.7811,38.1760,0.8902896,Cc1ccnc2c(NC(=O)Nc3cc4cc(N=Cc5ccc(N(C)c6ccccc6)cc5)ccc4cc3N=Nc3ccc(N=Nc4ccc(N=Nc5ccc(N(C)C)cc5)cc4)cc3)cccc12,1,O=C(Nc1cc2cc(N=Cc3ccc(Nc4ccccc4)cc3)ccc2cc1N=Nc1ccc(N=Nc2ccc(N=Nc3ccccc3)cc2)cc1)Nc1cccc2cccnc12,0.9714639,481.6992,0.0875813,0.0876,0.4572781,3.9123,1.0000000,1.0000,[],28
31.5714,38.5064,9.2305,0.3729445,CN1C(=O)C(=Cc2cn(N3CCCC3=O)c3ccccc23)c2ccccc21,1,O=C1Nc2ccccc2C1=Cc1cn(N2CCCC2=O)c2ccccc12,0.3628769,393.8884,0.6599390,0.6599,0.5812829,2.7126,1.0000000,1.0000,[],28
71.2340,88.9269,-54.5278,0.2687434,CCCCCCCC[SH](CCCCCC)c1ccc(Oc2ccc(N(CCCCCC)c3ccc(N=Nc4nnc5ccc6nc7cc(-c8ccc(N)cc8N)c(O)cc7nc6c5n4)c(N)n3)cc2)cc1,1,c1ccc(Oc2ccc(Nc3ccc(N=Nc4nnc5ccc6nc7cc(-c8ccccc8)ccc7nc6c5n4)cn3)cc2)cc1,0.2971125,529.3491,0.0090365,0.0090,0.3708061,4.9604,1.0000000,1.0000,[],28
29.9629,30.7272,34.6352,0.5106432,c1ccc(-n2c3ccccc3c3cc4c(cc32)c2cccnc2n4-c2ccccc2)cc1,1,c1ccc(-n2c3ccccc3c3cc4c(cc32)c2cccnc2n4-c2ccccc2)cc1,0.5171341,400.7444,0.2942086,0.2942,0.6408374,2.2249,1.0000000,1.0000,[],28
64.0083,82.6121,31.4353,0.8909949,CN(C)c1ccc(N=Nc2ccc(C=Nc3ccc(C(C=O)=Nc4ccc(CN(Cc5ccc(N=C(N)N)nc5)C(=O)c5cccc(Br)c5)cc4)cc3)c(-c3ccccn3)c2)cc1,1,O=C(c1ccccc1)N(Cc1ccc(N=Cc2ccc(N=Cc3ccc(N=Nc4ccccc4)cc3-c3ccccn3)cc2)cc1)Cc1cccnc1,0.9931837,465.9130,0.0444581,0.0445,0.4601821,3.8807,1.0000000,1.0000,[],28
64.1113,71.2221,3.3580,0.5826574,O=C(c1ccc(F)c(Cl)c1)C1CCN(CC2Oc3ccc(-c4nc5cc(Nc6c[nH]c7ccccc67)nnc5o4)cc3NC2=O)CC1,1,O=C(c1ccccc1)C1CCN(CC2Oc3ccc(-c4nc5cc(Nc6c[nH]c7ccccc67)nnc5o4)cc3NC2=O)CC1,0.6093598,404.8274,0.1630711,0.1631,0.4683755,3.7924,1.0000000,1.0000,[],28
53.2508,66.8948,23.3742,0.7052270,C[N+]1(C)CCCc2c1c1cc(Nc3ccc(N4CCN(c5ccc(N6CCCCC6)cc5)CC4)c4cccnc34)ccc1[nH]c2=O,1,O=c1[nH]c2ccc(Nc3ccc(N4CCN(c5ccc(N6CCCCC6)cc5)CC4)c4cccnc34)cc2c2c1CCC[NH2+]2,0.7365434,411.1622,0.2162711,0.2163,0.5272638,3.2003,1.0000000,1.0000,[],28
60.5879,85.1237,29.9665,0.8991418,Oc1c(-c2ccc(C3=C4CC=CC=C4CS3)cc2)nc2nc(-c3ccccc3)cc-2n1-c1ccc(Nc2ccc(N=Nc3nc4ccccc4n3-c3ccccc3)cc2)cc1,1,C1=CCC2=C(c3ccc(-c4cn(-c5ccc(Nc6ccc(N=Nc7nc8ccccc8n7-c7ccccc7)cc6)cc5)c5cc(-c6ccccc6)nc-5n4)cc3)SCC2=C1,0.9664942,483.4980,0.1407054,0.1407,0.4698703,3.7765,1.0000000,1.0000,[],28
75.5186,73.2224,-73.2224,0.0000000,C1CN(C2C3C(C=C1)n1c(C=3C(NC(CC)=O)=O)cc(OC)c(c1N2)OC)CCC(F)(F)F,0,,0.0000000,0.0000,0.0000000,0.0000,0.0000000,0.0000,0.0000000,0.0000,None,28
60.6736,63.6866,-63.6866,0.0000000,Clc1cccc2C(=CCl)OC3C(C(c4ccccc4)=C(c14)N3)(C)C,0,,0.0000000,0.0000,0.0000000,0.0000,0.0000000,0.0000,0.0000000,0.0000,None,28
56.4352,55.1957,-55.1957,0.0000000,COC1C2=C(C(=O)OC2)C2CC=C(CO)C1N2CC(=O)c1ccccc1,1,O=C1OCC2=C1C1CC=CC(C2)N1CC(=O)c1ccccc1,0.0000000,0.0000,0.0000000,0.0000,0.0000000,0.0000,0.0000000,0.0000,"['C(=[O,S])[O,S]']",28
36.3910,34.4146,-34.4055,0.0000709,CCNC(=NCc1cccc2c1OC(C)(C)C2)N1CCCN(C(C)=O)CC1,1,C(=NCc1cccc2c1OCC2)N1CCCNCC1,0.0000440,291.0851,0.6539631,0.6540,0.5657847,2.8477,1.0000000,1.0000,[],28
54.5123,67.1086,-67.1086,0.0000000,CC(=O)Nc1cccc(N(C)c2cc(O)c3ccccc3[n+]2C=C2C(=N)N(C3CCCCC3)N=C2N)c1,1,N=C1C(=C[n+]2c(Nc3ccccc3)ccc3ccccc32)C=NN1C1CCCCC1,0.0000000,0.0000,0.0000000,0.0000,0.0000000,0.0000,0.0000000,0.0000,['[#7;!n][#7;!n]'],28
51.5795,57.0657,-56.6750,0.0030520,Nc1cc(-c2ccc3ccn(Nc4nnc5nc(N6CCOCC6)cc(N6CCOCC6)n45)c3c2)ncn1,1,c1cc(-c2ccc3ccn(Nc4nnc5nc(N6CCOCC6)cc(N6CCOCC6)n45)c3c2)ncn1,0.0023586,334.3418,0.3549762,0.3550,0.5048006,3.4180,1.0000000,1.0000,[],28
76.7003,94.9756,-94.9756,0.0000000,c1ccc2c(C(c3ccc(C=C4C(=C(c5c-4ccc4c5nc(C=Cc5ccc(N(C)C)cc5)o4)O)O3)=O)=S)ccc(c2c1)NC1CC=C(c2ccc(cc2)N(c2ccccc2)c2ccccc2)C=1C#N,0,,0.0000000,0.0000,0.0000000,0.0000,0.0000000,0.0000,0.0000000,0.0000,None,28
45.4897,58.7171,-22.3733,0.2839354,CCCCOc1cc(-c2noc(NCC)c2O)c2nc(N)nc(N3CCN(C)CC3)c2c1,1,c1cc(-c2ccon2)c2ncnc(N3CCNCC3)c2c1,0.2760085,389.5297,0.4491587,0.4492,0.5477238,3.0099,1.0000000,1.0000,[],28
67.3220,75.5906,-75.5906,0.0000000,C=CCC1(C2OCCO2)C2=NN=Cc3nc4ncc(N(c5ccc(N(c6ccccc6)c6ccccc6)cc5)c5cccc(C)c5)cc4n3C21,1,C1=NN=C2C(C3OCCO3)C2n2c1nc1ncc(N(c3ccccc3)c3ccc(N(c4ccccc4)c4ccccc4)cc3)cc12,0.0000000,0.0000,0.0000000,0.0000,0.0000000,0.0000,0.0000000,0.0000,['[#7;!n][#7;!n]'],28
52.1285,56.7150,39.3880,0.7508049,C=CC1=[N+](C=C)c2ccccc2C1C=CC=Cc1ccc2c(c1)C(=O)c1cc3c4ccccc4n(CC)c3cc1-2,1,O=C1c2cc(C=CC=CC3C=[NH+]c4ccccc43)ccc2-c2cc3[nH]c4ccccc4c3cc21,0.7968886,414.8416,0.1600320,0.1600,0.4504634,3.9874,1.0000000,1.0000,[],28
88.4589,106.2048,-106.2048,0.0000000,N(C(=O)Nc1ccccc1)=Nc1ccc(Cn2c(O)c3c(n4cc(c(c4c4c3cccc4)=N)-c3ccccc3)c2N)c2c1N=NN2Cc1ccc(-c2ccc(N=Nc3ccc(cc3)N3CCN(CC3)C)cc2)cc1,0,,0.0000000,0.0000,0.0000000,0.0000,0.0000000,0.0000,0.0000000,0.0000,None,28
81.9980,96.7777,-96.7777,0.0000000,c12ccc(cc1N=C/C2=C/c1[nH]c(c2c(c3c(N4c5c(C(C)(c6ccccc64)C)cccc5)ccc(C)nc=23)n1)NCCCC)N=Nc1cc2c(cc1)nccc2,0,,0.0000000,0.0000,0.0000000,0.0000,0.0000000,0.0000,0.0000000,0.0000,None,28
159.6130,192.4073,-192.4073,0.0000000,c1(Cl)cc(Cl)c(c2nc(c(n21)N)N=Nc1c(O)c2c(N)nc(N)nc2nc1N)N=Nc1cc(c(N=Nc2ccc(cc2)N=Nc2ccc(Nc3nc(nc(n3)Nc3c(cc(cc3)N=Nc3ccc(N=Nc4c(c5c(cc(S(=O)(O)=O)cc5cc4S(=O)(O)=O)NCCCCCCCC)N)cc3)Nc3ccc(Nc4nc(N)nc(N/N=C/c5c(c(O)n(c5O)CC(CCCC)CC)O)n4)cc3)O)cc2)c2c1C(=O)c1c(cc,0,,0.0000000,0.0000,0.0000000,0.0000,0.0000000,0.0000,0.0000000,0.0000,None,28
61.8902,67.0301,-66.6975,0.0025986,CCCCn1cc(S(=O)(=O)Nc2ccc3c(c2)CN(C(=O)Nc2ccc4oc(-c5cccc(N6CCNCC6)c5)nc4c2)C3)c2cccnc21,1,O=C(Nc1ccc2oc(-c3cccc(N4CCNCC4)c3)nc2c1)N1Cc2ccc(NS(=O)(=O)c3c[nH]c4ncccc34)cc2C1,0.0020403,332.7644,0.1585314,0.1585,0.5330684,3.1455,1.0000000,1.0000,[],28
29.8623,29.5611,-29.5610,0.0000011,CCCCCCCCPCCCCCCCCS(=O)(=O)O,1,,0.0000006,244.2060,0.2373507,0.2374,0.5330743,3.1455,1.0000000,1.0000,[],28
38.4687,39.2899,-39.2899,0.0000000,C#CCC1(O)CCN(c2ccnc(Nc3cccc(Br)c3)n2)CC1,1,c1ccc(Nc2nccc(N3CCCCC3)n2)cc1,0.0000000,0.0000,0.0000000,0.0000,0.0000000,0.0000,0.0000000,0.0000,['C#C'],28
32.5615,35.4454,-35.4454,0.0000000,CCOC(=O)c1oc2nc(O)n(-c3ccccc3)c(=N)c2c1C,1,N=c1c2ccoc2ncn1-c1ccccc1,0.0000000,0.0000,0.0000000,0.0000,0.0000000,0.0000,0.0000000,0.0000,"['C(=[O,S])[O,S]']",28
29.9683,39.8255,79.2429,0.9302218,CCN(CC)c1ccc(-n2c(=NC=CC=Cc3ccc(N(C)C)cc3)sc3ccccc32)cc1,1,C(C=Cc1ccccc1)=CN=c1sc2ccccc2n1-c1ccccc1,0.9782959,441.3482,0.2676768,0.2677,0.5502682,2.9867,1.0000000,1.0000,[],28
84.3884,97.8383,-97.8383,0.0000000,c1(n(c2c3c(N4C(=C(c5sc6cc(OCC)ccc6n5)CCO)CCCc4c(c3[nH]c2c1C(N)=O)N)C=C1N=c2ccccc2=N1)O)=O,0,,0.0000000,0.0000,0.0000000,0.0000,0.0000000,0.0000,0.0000000,0.0000,None,28
27.7593,27.4884,96.0633,0.9652480,O=C(C=Cc1ccc([N+](=O)[O-])o1)Nc1ccc(N2CCCC2)cc1,1,O=C(C=Cc1ccco1)Nc1ccc(N2CCCC2)cc1,0.9930172,466.1768,0.5160726,0.5161,0.6418485,2.2170,1.0000000,1.0000,[],28
97.9171,119.1640,-14.8562,0.8149044,COc1nnc(Nc2ccc(N=Nc3ccc(N=Nc4ccc(C(=O)Nc5ccc([N+](=O)[O-])c6cc7ccccc7nc56)cc4)c(Nc4nnc5c6cc(C)ccc6n(N=Cc6nc(N)nc(Nc7ccccc7)n6)c5n4)c3)cc2)[nH]c1=N,1,N=c1cnnc(Nc2ccc(N=Nc3ccc(N=Nc4ccc(C(=O)Nc5cccc6cc7ccccc7nc56)cc4)c(Nc4nnc5c6ccccc6n(N=Cc6ncnc(Nc7ccccc7)n6)c5n4)c3)cc2)[nH]1,0.9381466,490.4773,0.0155310,0.0155,0.3851893,4.7701,1.0000000,1.0000,[],28
48.3265,56.9846,-56.9846,0.0000000,c12c(cccc1)NC(=O)c1c(n3c(ncc3-c3cc(C#N)ccc3OC)nc1N)=NC2c1ccccc1,0,,0.0000000,0.0000,0.0000000,0.0000,0.0000000,0.0000,0.0000000,0.0000,None,28
34.9246,40.0032,-8.7921,0.2438364,CCCCNC(=O)CN1C(=O)C2C=CC=CC2=C1c1cccc(N(C)C)c1,1,O=C1NC(c2ccccc2)=C2C=CC=CC12,0.2316507,386.9819,0.7560657,0.7561,0.5099124,3.3676,1.0000000,1.0000,[],28
74.1284,91.4481,-91.4481,0.0000000,NC12N(c3c(C)cc(cc13)-c1c3ccc(-n4c5c(c6c4cccn6)nc(-c4c(O)cc(cc4)N(C)C)n5)ccc3ncn1)C=CNC2=O,0,,0.0000000,0.0000,0.0000000,0.0000,0.0000000,0.0000,0.0000000,0.0000,None,28
63.0615,76.2940,-76.2940,0.0000000,O=C(NCCC)COc1ccc(NC2C(=O)N(C(=O)C=2c2ccccc2)c2ccc3c4c(c5cc(ccc5c3N)NC(=O)CN(C)C)cccc42)cc1,0,,0.0000000,0.0000,0.0000000,0.0000,0.0000000,0.0000,0.0000000,0.0000,None,28
25.4441,25.2904,-25.2775,0.0001008,NCc1ccc(N2CNC(=O)C2)cc1,1,O=C1CN(c2ccccc2)CN1,0.0000634,295.0569,0.6935433,0.6935,0.6262660,2.3399,1.0000000,1.0000,[],28
27.8816,27.6121,-27.5864,0.0002010,Oc1ccc(N2CCN([n+]3ccccc3)CC2)cc1,1,c1ccc(N2CCN([n+]3ccccc3)CC2)cc1,0.0001306,302.9023,0.8173976,0.8174,0.5950373,2.5957,1.0000000,1.0000,[],28
67.5913,69.7288,-69.7288,0.0000000,CN1C=CN2c3ccc(cc3)N(c3ccccc3)c3ccc4sc(C5C=CC=CN5)c(c4c3)SC(N3c4ccccc4Sc4ccccc43)=NC12,1,C1=CNC(c2sc3ccc4cc3c2SC(N2c3ccccc3Sc3ccccc32)=NC2NC=CN2c2ccc(cc2)N4c2ccccc2)C=C1,0.0000000,0.0000,0.0000000,0.0000,0.0000000,0.0000,0.0000000,0.0000,['[*;r{8-17}]'],28
65.2395,72.4201,-72.4201,0.0000000,C(C(=O)/C=C(\N=Cc1c(c2c3c4c(ccc(c4C(c4c3c3c(cccc3)o4)=O)cc2)c1O)N)N)O,0,,0.0000000,0.0000,0.0000000,0.0000,0.0000000,0.0000,0.0000000,0.0000,None,28
22.9481,24.0604,-21.2212,0.0221812,N#Cc1cc(N)nc(N)c1Br,1,c1ccncc1,0.0186175,356.9521,0.6688295,0.6688,0.5496313,2.9925,1.0000000,1.0000,[],28
24.1326,23.9825,-23.9825,0.0000000,CCCCCCCCC=CCCCCCCCC=CC(=O)O,1,,0.0000000,0.0000,0.0000000,0.0000,0.0000000,0.0000,0.0000000,0.0000,"['C(=[O,S])[O,S]']",28
52.2504,58.3997,-58.3997,0.0000000,CC(=O)NCCCCCCNC(=O)C=Cc1c(N=O)ccc2cc(NSN(C)C)ccc12,1,c1ccc2ccccc2c1,0.0000000,0.0000,0.0000000,0.0000,0.0000000,0.0000,0.0000000,0.0000,['[#7;!n][S;!$(S(=O)=O)]'],28
50.3352,53.3822,-53.3822,0.0000000,c1ccc2CCC(C)=NN3CC=CC=C4OC=COc2c4c31,0,,0.0000000,0.0000,0.0000000,0.0000,0.0000000,0.0000,0.0000000,0.0000,None,28
41.6149,45.0908,76.3332,0.9486250,COc1ccc(N2C(=S)NC(=NC(=S)Nc3cc(Cl)ccc3O)C2=Nc2ccccc2)cc1,1,S=C(N=C1NC(=S)N(c2ccccc2)C1=Nc1ccccc1)Nc1ccccc1,0.9915630,468.2467,0.3355640,0.3356,0.5506190,2.9836,1.0000000,1.0000,[],28
47.2253,53.2689,-29.6941,0.1841778,O=C(C=Cc1ncc[nH]1)COc1ccc(-c2ccc(C(=O)c3ccc(NC4=NCCCN4)cc3)cc2)cc1,1,O=C(C=Cc1ncc[nH]1)COc1ccc(-c2ccc(C(=O)c3ccc(NC4=NCCCN4)cc3)cc2)cc1,0.1787736,383.4460,0.2242105,0.2242,0.5642440,2.8613,1.0000000,1.0000,[],28
58.2579,65.1464,-63.7387,0.0109981,CN(C)c1ccc(-c2nn(-c3ccc(C#N)cc3)c3c2C=CN(S(=O)(=O)c2cccc([N+](=O)[O-])c2)C(=O)N3c2ccc(CCl)cc2)cc1,1,O=C1N(c2ccccc2)c2c(c(-c3ccccc3)nn2-c2ccccc2)C=CN1S(=O)(=O)c1ccccc1,0.0094723,349.5147,0.0962703,0.0963,0.5117490,3.3496,1.0000000,1.0000,[],28
33.4043,34.9205,-34.9205,0.0000000,C=C1OC(C)(C)OC(=O)C1=CNc1c(N)cnn1C(C)C,1,C=C1OCOC(=O)C1=CNc1ccn[nH]1,0.0000000,0.0000,0.0000000,0.0000,0.0000000,0.0000,0.0000000,0.0000,"['C(=[O,S])[O,S]']",28
49.8320,54.8940,62.9785,0.9208784,C=CC(=O)CNc1cc(O)c2cccnc2c1Nc1ccc(OC)c(N2CCN(C)CC2)c1,1,c1cc(Nc2cccc3cccnc23)cc(N2CCNCC2)c1,0.9588979,434.1977,0.3564746,0.3565,0.5596066,2.9026,1.0000000,1.0000,[],28
23.8639,24.0180,-24.0180,0.0000000,CCC=CCC=CCC=CCC=CCCCCCCC(=O)OCC(O)COP(=O)([O-])OCC[N+](C)(C)C,1,,0.0000000,0.0000,0.0000000,0.0000,0.0000000,0.0000,0.0000000,0.0000,"['C(=[O,S])[O,S]']",28
74.6286,89.2567,-89.2567,0.0000000,c1cc(ccc1)-c1c2c(ccc1)n1c3c(c4c1c(ccc4)-c1ccc(cc1)N(c1ccc(cc1)-c1ccc(cc1)N=C(OCCC(C)(C)O)c1ccc(-c4ccc(N(C)C)cc4)cc1)cc2)ncc3,0,,0.0000000,0.0000,0.0000000,0.0000,0.0000000,0.0000,0.0000000,0.0000,None,28
47.5759,50.7751,-50.7353,0.0003110,Cc1ccc(Nc2cc(OC(N)c3cccnc3N3CCCCC3)nc(N)n2)c(C)c1,1,c1ccc(Nc2cc(OCc3cccnc3N3CCCCC3)ncn2)cc1,0.0002104,308.0801,0.5162914,0.5163,0.5282850,3.1906,1.0000000,1.0000,[],28
45.0935,58.8997,56.0260,0.8978571,CCN(CC)c1ccc(N=Nc2c(C=Nc3ccc4oc(=O)c(C=Cc5ccc(N)cc5)nc4c3)cc(OC)cc2OC)cc1,1,O=c1oc2ccc(N=Cc3ccccc3N=Nc3ccccc3)cc2nc1C=Cc1ccccc1,0.9761156,479.7153,0.0922173,0.0922,0.5150303,3.3176,1.0000000,1.0000,[],28
48.5918,66.2783,26.3892,0.7239649,CCN(CC)c1ccc(C=Nc2c(N)nc3c(c(SCC(=O)Nc4cccc(C)c4)nn3-c3ccc(OC)cc3)c2-c2cccc(OC)c2)cc1,1,O=C(CSc1nn(-c2ccccc2)c2ncc(N=Cc3ccccc3)c(-c3ccccc3)c12)Nc1ccccc1,0.7779300,413.6113,0.0912612,0.0913,0.5318272,3.1572,1.0000000,1.0000,[],28
67.8039,84.4792,-84.4792,0.0000000,c1(c(OC)cc2c3c(c(=Cc4ccc(cc4)N(C)C)c(cc2n1)=C1SC=CS1)cc(N(CCC)CCC)c(N1CCCCC1)c3)N,0,,0.0000000,0.0000,0.0000000,0.0000,0.0000000,0.0000,0.0000000,0.0000,None,28
50.8103,52.7037,66.9783,0.9350155,CCCN1C(=O)C(=O)C(=C(O)c2c(Cc3cccc(Br)c3)noc(=O)c2O)C1c1ccc(N(C)C)cc1,1,O=C1NC(c2ccccc2)C(=Cc2cc(=O)onc2Cc2ccccc2)C1=O,0.9872392,447.2137,0.2492605,0.2493,0.5139202,3.3284,1.0000000,1.0000,[],28
27.8065,27.8978,-27.7215,0.0013771,CCCCCCCNc1ccc(F)cc1NC(C)=O,1,c1ccccc1,0.0009927,324.9312,0.6933964,0.6934,0.6875567,1.8731,1.0000000,1.0000,[],28
33.1300,30.9947,-30.9390,0.0004352,Cc1nc2sc3c(c2c(=O)[nH]1)CCN(C(=O)c1ccc(Br)o1)C3,1,O=C(c1ccco1)N1CCc2c(sc3nc[nH]c(=O)c23)C1,0.0002963,311.7971,0.6886128,0.6886,0.5877411,2.6573,1.0000000,1.0000,[],28
50.5456,48.4093,-43.4363,0.0388512,CCc1cc2c3ccccc3[nH]c2c2sn(CC(=O)N3CCCCC3CC)c(=O)c12,1,O=C(Cn1sc2c(ccc3c4ccccc4[nH]c32)c1=O)N1CCCCC1,0.0339458,363.6446,0.5011800,0.5012,0.5103812,3.3630,1.0000000,1.0000,[],28
65.1393,75.2566,-75.2566,0.0000000,c1cccc2N3C(c4c(c(-c5cc(c(C#N)cc5)Nc5cc6c(cc5)cnn6cc(-c5nnn(n5)C)cc4)=O)c3Cc12)=O,0,,0.0000000,0.0000,0.0000000,0.0000,0.0000000,0.0000,0.0000000,0.0000,None,28
58.2894,75.5264,-75.5264,0.0000000,CCCCN(C)CCCNc1nc2n(c(=NC3CCCCC3)n1)C1=CC=C(N2)C1=CC=C1CC(=N)CN1,1,N=C1CNC(=CC=C2C3=CC=C2n2c(ncnc2=NC2CCCCC2)N3)C1,0.0000000,0.0000,0.3593414,0.3593,0.3723472,4.9396,1.0000000,1.0000,[],28
38.4544,39.6538,-39.6538,0.0000000,O=C(NC1CCCCC1)c1c2c(nc(c1C#N)N)[nH]c(N)c(n2)C,0,,0.0000000,0.0000,0.0000000,0.0000,0.0000000,0.0000,0.0000000,0.0000,None,28
52.3606,65.3751,8.3035,0.5756138,Nc1nc2oc(=NC3CC3)cc(-c3ccc(N(c4ccccc4)c4ccc(Oc5ccccc5)cc4)cc3)c2cc1Nc1nn[nH]n1,1,c1ccc(Oc2ccc(N(c3ccccc3)c3ccc(-c4cc(=NC5CC5)oc5ncc(Nc6nn[nH]n6)cc45)cc3)cc2)cc1,0.6021877,404.5013,0.1483218,0.1483,0.5158111,3.3101,1.0000000,1.0000,[],28
91.6882,111.2081,-111.2081,0.0000000,c1(-c2oc3c(c4c(cc3n2)nncc4)-c2ccc3c(n(-c4ccc(cc4)N/C=c4\c5cccc6c5c(cc4)NC6=O)[nH]c3=O)c2)c(-c2ccc(cc2)N)c2c(N)nc3ccccc3n2n1,0,,0.0000000,0.0000,0.0000000,0.0000,0.0000000,0.0000,0.0000000,0.0000,None,28
30.1904,32.4759,-32.4759,0.0000000,C1CC(N2CCCC2)Cc2[nH]c1c2,0,,0.0000000,0.0000,0.0000000,0.0000,0.0000000,0.0000,0.0000000,0.0000,None,28
30.1773,32.7369,-32.6424,0.0007380,C=Cc1ncc(CCl)c(N=C)c1Cl,1,c1ccncc1,0.0005225,317.9585,0.5594613,0.5595,0.4682264,3.7940,1.0000000,1.0000,[],28
58.3014,67.9374,48.6704,0.9109983,Nc1cccc2c(NCC3CCNCCN3c3cccc(C(=O)N4CCCC4)c3)c3cc(Cl)cc(Cl)c3nc12,1,O=C(c1cccc(N2CCNCCC2CNc2c3ccccc3nc3ccccc23)c1)N1CCCC1,0.9657446,436.2533,0.2105192,0.2105,0.5128403,3.3390,1.0000000,1.0000,[],28
52.1787,58.1223,-47.9162,0.0797349,O=S(=O)(O)c1cc(NC2=CC=CC(c3ccc(N4CCCCC4)cc3)C=C2)ccc1Nc1nc(Nc2ccccc2)nc(Nc2ccccc2N2CCCCC2)n1,1,C1=CC(c2ccc(N3CCCCC3)cc2)C=CC(Nc2ccc(Nc3nc(Nc4ccccc4)nc(Nc4ccccc4N4CCCCC4)n3)cc2)=C1,0.0769283,373.0213,0.0768332,0.0768,0.4623992,3.8566,1.0000000,1.0000,[],29
34.1507,32.6043,-30.5576,0.0159896,Cc1ccccc1C(=O)Nc1ccc2c(=O)n(C3CCCCC3)c(=S)[nH]c2c1,1,O=C(Nc1ccc2c(=O)n(C3CCCCC3)c(=S)[nH]c2c1)c1ccccc1,0.0131886,353.1491,0.6066854,0.6067,0.6425803,2.2113,1.0000000,1.0000,[],29
42.8913,44.9546,-44.9486,0.0000468,C[N+]1=C(C=CC=CC=C(CO)CN(CCO)C2=CCC=CC=C2)C(C)(C)c2ccccc21,1,C(=CC=CC1=[NH+]c2ccccc2C1)C=CCNC1=CCC=CC=C1,0.0000288,633.5045,0.4495167,0.4495,0.4648525,3.8302,1.0000000,1.0000,[],29
21.9653,25.2323,44.2787,0.5430544,O=[N+]([O-])c1ccc(N2CCCC2)c2cccnc12,1,c1cc(N2CCCC2)c2cccnc2c1,0.5390840,401.7009,0.6007343,0.6007,0.6613940,2.0670,1.0000000,1.0000,[],29
47.7967,56.0804,-35.8163,0.1583128,C=CCNc1nc(N)c(Cl)c(N=C(C)C2=CC(=C)C=C2c2ccccc2)n1,1,C=C1C=C(C=Nc2ccncn2)C(c2ccccc2)=C1,0.1486191,381.0488,0.5492906,0.5493,0.4926745,3.5395,1.0000000,1.0000,[],29
25.3000,30.4749,-19.0201,0.0894905,Cn1c(C(C#N)=CNc2ccc(-c3nc4ccccc4s3)cc2)nc2ccccc21,1,C(=Cc1nc2ccccc2[nH]1)Nc1ccc(-c2nc3ccccc3s2)cc1,0.0821201,373.7916,0.3808920,0.3809,0.6043314,2.5182,1.0000000,1.0000,[],29
53.1994,64.6366,20.8975,0.6682357,CN(C)c1ccc(C=Cc2o[n+](C(=O)c3cccc(N=Nc4c(O)n(Cc5ccccc5)c5cc(N(C)C)ccc45)c3)c3ccccc23)cc1,1,O=C(c1cccc(N=Nc2cn(Cc3ccccc3)c3ccccc23)c1)[n+]1oc(C=Cc2ccccc2)c2ccccc21,0.7095789,510.3007,0.1233556,0.1234,0.4866461,3.6011,1.0000000,1.0000,[],29
27.8743,31.7841,-16.2644,0.1212474,N#CNc1ccc2ncc(S(N)(=O)=O)nc2n1,1,c1cnc2nccnc2c1,0.1121478,377.5363,0.5446462,0.5446,0.5180622,3.2883,1.0000000,1.0000,[],29
38.0227,46.3191,-26.5905,0.1541296,COc1ccc(-c2cc(N=Cc3ccc(N4c5ccccc5C(C)(C)c5ccccc54)cc3)no2)cc1,1,C(=Nc1cc(-c2ccccc2)on1)c1ccc(N2c3ccccc3Cc3ccccc32)cc1,0.1478621,380.9837,0.2354127,0.2354,0.5866269,2.6668,1.0000000,1.0000,[],29
58.1347,71.9338,-71.8503,0.0006524,O=C1C(=Cc2ccc3c(c2)[n+](-c2ccccc2)c2n3CC(=c3ccc(=C4CCCCC4)[nH]c3=O)C=C2)c2ccccc2N1c1ccccc1,1,O=C1C(=Cc2ccc3c(c2)[n+](-c2ccccc2)c2n3CC(=c3ccc(=C4CCCCC4)[nH]c3=O)C=C2)c2ccccc2N1c1ccccc1,0.0004765,603.0439,0.1707905,0.1708,0.4693840,3.7817,1.0000000,1.0000,[],29
41.0149,43.7362,-16.6375,0.2117086,COc1ccc(N(C)S(=O)(=O)c2ccc(Nc3ncccc3-c3nc4ncccc4s3)cc2)cc1,1,O=S(=O)(Nc1ccccc1)c1ccc(Nc2ncccc2-c2nc3ncccc3s2)cc1,0.2044266,385.2464,0.3205259,0.3205,0.5992462,2.5604,1.0000000,1.0000,[],29
45.6317,53.2126,-53.2126,0.0000000,N1(CC(=C2c3c(cccc3)NC2=O)CC1)c1cc2c(cc1)=NNN2Cc1ccc(cc1)OC,0,,0.0000000,0.0000,0.0000000,0.0000,0.0000000,0.0000,0.0000000,0.0000,None,29
51.5820,63.8329,-63.8329,0.0000000,CN(C)c1ccc(N=Nc2oc3cc(NC#N)c(C=NN=Cc4ccc(N=[N+]=[N-])cc4)cc3c2N=NC2CCCCC2)cc1,1,C(=NN=Cc1ccc2oc(N=Nc3ccccc3)c(N=NC3CCCCC3)c2c1)c1ccccc1,0.0000000,0.0000,0.0000000,0.0000,0.0000000,0.0000,0.0000000,0.0000,['[#7;!n][#7;!n]'],29
58.0433,66.3156,-66.3156,0.0000000,Oc1c2cc3c(c1F)C1(Cc4ccccc4)C=CC(=C1)C3(c1ccc(N(c3ccccc3)c3ccccc3)cc1)CCC2,1,C1=CC2(Cc3ccccc3)C=C1C1(c3ccc(N(c4ccccc4)c4ccccc4)cc3)CCCc3ccc2c1c3,0.0000000,0.0000,0.2231118,0.2231,0.3672096,5.0091,1.0000000,1.0000,[],29
32.5356,35.6515,-29.2276,0.0501872,C=CCN=C1SC(=Cc2ccncc2)c2ccccc2N1C,1,N=C1Nc2ccccc2C(=Cc2ccncc2)S1,0.0437175,366.5017,0.7913290,0.7913,0.5636076,2.8670,1.0000000,1.0000,[],29
25.2459,27.1635,-26.7395,0.0033125,c1cc(N2CCCC2)ccc1-c1csc(NC2CCCCC2)n1,1,c1cc(N2CCCC2)ccc1-c1csc(NC2CCCCC2)n1,0.0024875,334.9209,0.8409635,0.8410,0.6642433,2.0455,1.0000000,1.0000,[],29
46.5224,55.9889,64.3443,0.9401031,Cc1ccc2c(c1)cc(N=C1C(=O)Nc3ccccc31)c(=O)n2CCn1c(=NC2CC2)sc2ccccc21,1,O=C1Nc2ccccc2C1=Nc1cc2ccccc2n(CCn2c(=NC3CC3)sc3ccccc32)c1=O,0.9816716,443.2211,0.3479914,0.3480,0.5345958,3.1312,1.0000000,1.0000,[],29
30.6030,39.6831,-39.6831,0.0000000,O=C(Oc1ccc2c(c1)OCCO2)c1ccc(-c2ccc(N=Nc3ccc(N4CCCCC4)cc3)cc2)cc1,1,O=C(Oc1ccc2c(c1)OCCO2)c1ccc(-c2ccc(N=Nc3ccc(N4CCCCC4)cc3)cc2)cc1,0.0000000,0.0000,0.0000000,0.0000,0.0000000,0.0000,0.0000000,0.0000,"['C(=[O,S])[O,S]']",29
42.1794,69.0637,40.4211,0.8553496,Cc1ccc(-n2c(C)c(C=Nc3ccc(N4CCCC4)c(C=Nc4ccc(N=Cc5ccc(N(c6ccccc6)c6ccccc6)cc5)cc4)c3)c(C)c2N=Cc2ccc(N(C)C)cc2)cc1,1,C(=Nc1ccc(N=Cc2cc(N=Cc3cc(N=Cc4ccccc4)n(-c4ccccc4)c3)ccc2N2CCCC2)cc1)c1ccc(N(c2ccccc2)c2ccccc2)cc1,0.9265210,427.5173,0.1022472,0.1022,0.4646011,3.8329,1.0000000,1.0000,[],29
57.0829,66.1323,-65.7585,0.0029204,CCCCNc1nc(Nc2ccn(CCCN)n2)nc2c1nc(-c1cccnc1N)n2C1CN(C)CCC1CC,1,c1cncc(-c2nc3cnc(Nc4cc[nH]n4)nc3n2C2CCCNC2)c1,0.0023012,334.0739,0.1925180,0.1925,0.4492463,4.0009,1.0000000,1.0000,[],29
28.3832,26.1753,-26.1738,0.0000117,CC(=O)N1CCN(c2nc(N)nc(N3CCCCC3)n2)CC1,1,c1nc(N2CCCCC2)nc(N2CCNCC2)n1,0.0000066,270.4315,0.8289606,0.8290,0.6360502,2.2624,1.0000000,1.0000,[],29
34.6673,33.8655,47.1975,0.6333047,N=CC(=CN)c1nc2ccc(N)cc2nc1N,1,c1ccc2nccnc2c1,0.6430931,406.3930,0.4449775,0.4450,0.5189429,3.2798,1.0000000,1.0000,[],29
55.4161,71.3536,46.3249,0.9193634,CCCCc1ccc(-n2c(-c3ccc(N=Nc4cccnc4N)cc3)nc3nc(N)c(C#N)c(-c4ccc(Cl)cc4)c3c2=O)c(N)c1,1,O=c1c2c(-c3ccccc3)ccnc2nc(-c2ccc(N=Nc3cccnc3)cc2)n1-c1ccccc1,0.9943233,456.0857,0.1122777,0.1123,0.5204259,3.2655,1.0000000,1.0000,[],29
30.3648,33.2536,-33.2536,0.0000000,COc1cc(N2CCN(C)CC2)cc2[nH]c3c(c(=O)c12)COC3=O,1,O=C1OCc2c1[nH]c1cc(N3CCNCC3)ccc1c2=O,0.0000000,0.0000,0.0000000,0.0000,0.0000000,0.0000,0.0000000,0.0000,"['C(=[O,S])[O,S]']",29
29.2932,29.3727,-29.3477,0.0001952,FC(F)(F)C(c1ccccc1)C1N=CC=N1,1,C1=NC(Cc2ccccc2)N=C1,0.0001277,302.6567,0.7403936,0.7404,0.4776701,3.6942,1.0000000,1.0000,[],29
71.1748,82.4891,-82.4891,0.0000000,C=CCNC(=S)NNC(=O)c1ccc(N2CCCCC2)cc1C=c1c2c(c(=Cc3ccc(N4CCOCC4)cc3)[nH]c1=O)CCCN=C2c1ccc(N)cc1,1,O=c1[nH]c(=Cc2ccc(N3CCOCC3)cc2)c2c(c1=Cc1cccc(N3CCCCC3)c1)C(c1ccccc1)=NCCC2,0.0000000,0.0000,0.0000000,0.0000,0.0000000,0.0000,0.0000000,0.0000,['[#7;!n][#7;!n]'],29
40.2679,42.3154,-42.2576,0.0004515,CCc1cccc2c1c1c(n2CC)NC(=O)C1CC(=O)NC,1,O=C1Cc2c([nH]c3ccccc23)N1,0.0003062,312.1525,0.9102903,0.9103,0.5148019,3.3199,1.0000000,1.0000,[],29
29.9687,28.8744,-27.1551,0.0134315,COCc1cc(N)cc(S(=O)(=O)O)c1N,1,c1ccccc1,0.0110588,351.2135,0.5076624,0.5077,0.5911709,2.6283,1.0000000,1.0000,[],29
56.6632,66.4455,27.4676,0.7336956,CN(C)c1ccc(C=C2CN=C(c3nnc(N4CCOCC4)c(-c4ccc(NC(=O)C(N)c5ccccc5)nc4)n3)C2)cc1,1,O=C(Cc1ccccc1)Nc1ccc(-c2nc(C3=NCC(=Cc4ccccc4)C3)nnc2N2CCOCC2)cn1,0.7605668,412.5488,0.3150601,0.3151,0.4722583,3.7511,1.0000000,1.0000,[],29
42.6650,46.2984,69.3651,0.9036206,CCN(CC)c1ccc2c(Cn3c(NC4CCCC4)nc4ccccc43)scc2c1,1,c1ccc2c(Cn3c(NC4CCCC4)nc4ccccc43)scc2c1,0.9380104,429.4972,0.3717643,0.3718,0.5808207,2.7166,1.0000000,1.0000,[],29
49.9161,61.0453,51.5543,0.8796845,CCCCOc1ccc(N(c2ccc(N(CCCC)CCCC)cc2)c2ccc(N(c3ccccc3)c3ccc(CC(=O)C(=O)C(OC)OCCCC)cc3)cc2)cc1,1,c1ccc(N(c2ccccc2)c2ccc(N(c3ccccc3)c3ccccc3)cc2)cc1,0.9904239,469.6342,0.0311162,0.0311,0.4735501,3.7375,1.0000000,1.0000,[],29
79.5682,87.7603,-87.7603,0.0000000,S(C1=CC=C2c3c(c(N=c4cc(n(cc4)C)=Nc4ccc(N(C)C)cc4)ccc3N(C(C)(C2=C1)C)C)N1CC=CN1)O,0,,0.0000000,0.0000,0.0000000,0.0000,0.0000000,0.0000,0.0000000,0.0000,None,29
57.5038,69.2203,-32.5883,0.2861875,Nc1ccc2oc3c(-c4ccc(N(c5ccccc5)c5ccccc5)c5sc(-c6cccc(N(c7ccccc7)c7ccccc7)n6)cc45)cccc3c2c1-c1ccc(N(c2ccccc2)c2ccc(-c3ccccc3)cc2)cc1,1,c1ccc(-c2ccc(N(c3ccccc3)c3ccc(-c4cccc5oc6c(-c7ccc(N(c8ccccc8)c8ccccc8)c8sc(-c9cccc(N(c%10ccccc%10)c%10ccccc%10)n9)cc78)cccc6c45)cc3)cc2)cc1,0.2915514,390.3602,0.1161386,0.1161,0.4582481,3.9017,1.0000000,1.0000,[],29
65.9488,74.9499,-74.9499,0.0000000,C=CCN(N=Cc1ccc(C=Cc2ccc(N(C)C)cc2)cc1OC)C1c2[nH]c3ccc(Cl)cc3c(=O)c2C2CNCCN21,1,O=c1c2c([nH]c3ccccc13)C(NN=Cc1ccc(C=Cc3ccccc3)cc1)N1CCNCC21,0.0000000,0.0000,0.0000000,0.0000,0.0000000,0.0000,0.0000000,0.0000,['[#7;!n][#7;!n]'],29
49.5158,53.0781,-52.5589,0.0040567,O=c1oc(-c2ccc(-c3nc(-c4cccc5ccccc45)nc(-c4ccc(-c5nc(-c6ccccc6)nc(-c6ccc(-c7cccnc7)cc6)n5)c5ccccc45)n3)cc2)nc2ccccc12,1,O=c1oc(-c2ccc(-c3nc(-c4cccc5ccccc45)nc(-c4ccc(-c5nc(-c6ccccc6)nc(-c6ccc(-c7cccnc7)cc6)n5)c5ccccc45)n3)cc2)nc2ccccc12,0.0032707,337.9017,0.1452926,0.1453,0.5240428,3.2309,1.0000000,1.0000,[],29
62.4021,61.8656,-61.8656,0.0000000,Cc1ccc(F)cc1C#Cc1ccc(C(=O)N2CCCC2C(=O)N2CCOCC2)c2oc(=O)n(-c3ccccc3)c12,1,O=C(C1CCCN1C(=O)c1ccc(C#Cc2ccccc2)c2c1oc(=O)n2-c1ccccc1)N1CCOCC1,0.0000000,0.0000,0.0000000,0.0000,0.0000000,0.0000,0.0000000,0.0000,['C#C'],29
40.3594,39.0017,-39.0017,0.0000000,COC(=O)c1cccc(N2C=CC=CC2=C(N)C(N)=O)c1,1,C=C1C=CC=CN1c1ccccc1,0.0000000,0.0000,0.0000000,0.0000,0.0000000,0.0000,0.0000000,0.0000,"['C(=[O,S])[O,S]']",29
40.8694,51.8207,-50.4030,0.0110758,Nc1ccc(-c2nc3c(S(=O)(=O)c4ccc(N5CCCC5)cc4)ccc(N4CCCC4)c3[nH]2)cc1Cl,1,O=S(=O)(c1ccc(N2CCCC2)cc1)c1ccc(N2CCCC2)c2[nH]c(-c3ccccc3)nc12,0.0091487,349.1338,0.3366701,0.3367,0.5796991,2.7262,1.0000000,1.0000,[],29
38.7825,42.3006,69.9688,0.8771047,CCCCC=C1c2ccccc2-c2c1c1c(c3ccccc23)NCC1,1,C=C1c2ccccc2-c2c1c1c(c3ccccc23)NCC1,0.9048514,424.4544,0.4290922,0.4291,0.5838814,2.6903,1.0000000,1.0000,[],29
43.0717,64.6295,51.1023,0.9041549,CN(C)c1ccc(C=Nn2c(Nc3ccc(N=Nc4ccc([N+](=O)[O-])cc4)cc3)nc3ccc(CC=Cc4ccco4)cc3c2=O)cc1,1,O=c1c2cc(CC=Cc3ccco3)ccc2nc(Nc2ccc(N=Nc3ccccc3)cc2)n1N=Cc1ccccc1,0.9940947,455.6548,0.0650961,0.0651,0.5175947,3.2928,1.0000000,1.0000,[],29
52.5876,55.7889,-55.2694,0.0040588,Cc1cccc(N2CCN(c3ccc(Nc4noc(C)c4-c4csc(C)n4)cc3O)CC2)c1,1,c1ccc(N2CCN(c3ccc(Nc4nocc4-c4cscn4)cc3)CC2)cc1,0.0031605,337.5281,0.4063173,0.4063,0.5870207,2.6635,1.0000000,1.0000,[],29
52.9369,56.2608,51.0000,0.8379750,Nc1ccc(CCC(CP(=O)(O)C(=O)c2cccc(N)c2N)SCc2ccccc2)cc1,1,O=C(c1ccccc1)[PH](=O)CC(CCc1ccccc1)SCc1ccccc1,0.8808782,421.7231,0.2480754,0.2481,0.4854822,3.6131,1.0000000,1.0000,[],29
60.1183,61.9306,-14.4217,0.3711635,CCCN=C1C=CC(C2=Nc3cc(C(F)(F)F)ccc3N(C3(C(=O)NCc4ccc(F)cc4)COC3)C2)=CC1,1,N=C1C=CC(C2=Nc3ccccc3N(C3(C(=O)NCc4ccccc4)COC3)C2)=CC1,0.3664533,394.0560,0.4680239,0.4680,0.4808171,3.6613,1.0000000,1.0000,[],29
70.1704,93.5554,-93.5554,0.0000000,Fc1ccc(cc1)-n1nc2c(=Nc3ccc(-c4ccc(N=Nc5c-4ccc(N=Nc4ccc(N(CCCC)CCCC)cc4N)c5O)nc4ccccc44)nc3O)ncnn2c1NCC,0,,0.0000000,0.0000,0.0000000,0.0000,0.0000000,0.0000,0.0000000,0.0000,None,29
44.5908,46.9424,-46.9424,0.0000000,Nc1ccc(SSc2ccc(CSC(CC(=O)O)C(=O)O)cc2)cc1N,1,c1ccc(SSc2ccccc2)cc1,0.0000000,0.0000,0.0000000,0.0000,0.0000000,0.0000,0.0000000,0.0000,"['[#16][#16]', 'C(=[O,S])[O,S]']",29
25.0539,25.5466,-25.5255,0.0001647,CN(C)c1ccccc1Oc1ccc(Cl)cc1,1,c1ccc(Oc2ccccc2)cc1,0.0001056,300.5922,0.8061407,0.8061,0.7130860,1.6908,1.0000000,1.0000,[],29
115.2300,127.1223,-127.1223,0.0000000,c12c(cccc2)cc2c(n(c(C)n2)-c2cnc(/C=C/C3(C)CN(c4ccc(N5c6c(cccc6)N(c6cccc(n6)Br)c6ccccc6)cc5N(c5ccc(-n6c7c(cccc7)nc6-c6c(cccc6)-c6ncccn6)cc5)c4)CC3)nn2)c1,0,,0.0000000,0.0000,0.0000000,0.0000,0.0000000,0.0000,0.0000000,0.0000,None,29
23.9214,24.6485,-24.6169,0.0002465,Brc1ccc2c(c1)oc1ccc(-c3ccccc3)cc12,1,c1ccc(-c2ccc3oc4ccccc4c3c2)cc1,0.0001649,305.4323,0.4176102,0.4176,0.6965479,1.8081,1.0000000,1.0000,[],29
21.9349,25.6896,-23.4054,0.0178452,Nc1cc(N)c2n[nH]nc2c1N,1,c1ccc2n[nH]nc2c1,0.0150691,354.6170,0.3984508,0.3985,0.5204346,3.2655,1.0000000,1.0000,[],29
38.2991,37.8689,-30.5987,0.0567986,N#Cc1cccc(-n2c(=S)[nH]nc(Cc3cccc(Cl)c3)c2=O)c1,1,O=c1c(Cc2ccccc2)n[nH]c(=S)n1-c1ccccc1,0.0498398,367.9945,0.7313021,0.7313,0.6107620,2.4652,1.0000000,1.0000,[],29
29.1365,30.4498,85.9417,0.9093082,O=CNc1ccc(N=Nc2ccccn2)cc1O,1,c1ccc(N=Nc2ccccn2)cc1,0.9362904,429.1801,0.4906009,0.4906,0.5720830,2.7924,1.0000000,1.0000,[],29
34.3993,32.3620,5.0023,0.2919081,CNC1CCc2cnc(N)c([N+](=O)[O-])c21,1,c1cc2c(cn1)CCC2,0.2828117,389.8966,0.5528504,0.5529,0.5038169,3.4277,1.0000000,1.0000,[],29
45.7983,56.3255,-56.3255,0.0000000,c12cc(C)c(cc1oc(=O)c1c2c2cccc3C(c4c(cccc4)-c1n3)=N2)N1CCCC1,0,,0.0000000,0.0000,0.0000000,0.0000,0.0000000,0.0000,0.0000000,0.0000,None,29
47.0151,61.0100,55.1331,0.9073678,Cn1cccc1C=Nc1ccc(-c2cc(=O)n3nc(N4CCN(c5ccc(N=Nc6nnc(Cl)s6)cc5)CC4)sc3n2)cc1,1,O=c1cc(-c2ccc(N=Cc3ccc[nH]3)cc2)nc2sc(N3CCN(c4ccc(N=Nc5nncs5)cc4)CC3)nn12,0.9720717,481.4586,0.1512703,0.1513,0.5056714,3.4093,1.0000000,1.0000,[],29
63.0705,75.9214,-75.9214,0.0000000,[N-]=[N+]=C=Cc1nnc(Cn2nnc3c4nc(N5CCCC5)ccc5nnc=5c4c(N)nc32)o1,1,c1nnc(Cn2nnc3c4nc(N5CCCC5)ccc5nnc=5c4cnc32)o1,0.0000000,0.0000,0.0000000,0.0000,0.0000000,0.0000,0.0000000,0.0000,['[*;r{8-17}]'],29
24.3648,32.7098,31.0849,0.4983955,ClC(=C(C=Cc1ccc(N(c2ccccc2)c2ccccc2)cc1)c1ccccc1)c1ccccc1,1,C(=Cc1ccc(N(c2ccccc2)c2ccccc2)cc1)C(=Cc1ccccc1)c1ccccc1,0.5135860,400.5902,0.1642446,0.1642,0.6329107,2.2871,1.0000000,1.0000,[],29
23.9891,25.1681,-22.4471,0.0212578,COc1cccc(C=Nc2ccc3ccccc3c2)c1O,1,C(=Nc1ccc2ccccc2c1)c1ccccc1,0.0176903,356.3872,0.7249308,0.7249,0.6577166,2.0949,1.0000000,1.0000,[],29
56.4460,65.4002,11.4188,0.6001484,CN1CCN(c2nc(NCCCN3CCCC3)c3c(-c4ccc(N(c5ccccc5)c5ccccc5)cc4)ccc-3c(-c3cccc4c(N)cccc34)n2)CC1,1,c1ccc(N(c2ccccc2)c2ccc(-c3ccc4c(-c5cccc6ccccc56)nc(N5CCNCC5)nc(NCCCN5CCCC5)c3-4)cc2)cc1,0.6366434,406.0891,0.1004255,0.1004,0.5310021,3.1649,1.0000000,1.0000,[],29
51.3493,48.2767,-48.2767,0.0000000,CCOC(=O)C1CN(C(=O)C2(F)CC=CCN(CCOC)C2)CCO1,1,O=C(C1CC=CCNC1)N1CCOCC1,0.0000000,0.0000,0.0000000,0.0000,0.0000000,0.0000,0.0000000,0.0000,"['C(=[O,S])[O,S]']",29
53.7511,56.9084,-56.9084,0.0000000,C1(C(=O)Nc2ccc(Cl)cc2)C(c2c3c(ccc2=O)nccc3)C2N(c3ccccc3N=2)C=1c1ccccc1Cl,0,,0.0000000,0.0000,0.0000000,0.0000,0.0000000,0.0000,0.0000000,0.0000,None,29
43.2145,49.2099,-22.3516,0.2098304,CCCN(C)c1ccc(NC(=S)Nc2ccc(-c3nc(N)nc4ccccc34)cc2Cl)cc1,1,S=C(Nc1ccccc1)Nc1ccc(-c2ncnc3ccccc23)cc1,0.2031018,385.1578,0.2862419,0.2862,0.6193202,2.3957,1.0000000,1.0000,[],29
96.4317,112.9745,-112.9745,0.0000000,FC1(c2ccc(cc2)-c2c(ccc3cc(-c4ccc5c(OCO5)c4)nc(N/N=C(/c4cc5c(cc[n+](CC(CO)=O)n5)c4)-c4ccc(cc4)N(CC)CC)cc32)=N)CO1,0,,0.0000000,0.0000,0.0000000,0.0000,0.0000000,0.0000,0.0000000,0.0000,None,29
62.2246,70.0632,-70.0632,0.0000000,CCCN1CCN(S(=O)(=O)c2ccc3onc(-c4ccc5nc6n(c5c4)C4CN(C)C(=O)C=CC=C4N6)c3c2)CC1,1,O=C1C=CC=C2Nc3nc4ccc(-c5noc6ccc(S(=O)(=O)N7CCNCC7)cc56)cc4n3C2CN1,0.0000000,0.0000,0.0000000,0.0000,0.0000000,0.0000,0.0000000,0.0000,['[*;r{8-17}]'],29
54.4186,59.0094,-44.9024,0.1102107,CC=NCC1C(Oc2ccc(C=Cc3cc(N)ccc3N)cc2)CC2CCC1O2,1,C(=Cc1ccc(OC2CC3CCC(C2)O3)cc1)c1ccccc1,0.1028690,376.4857,0.4335334,0.4335,0.3733749,4.9259,1.0000000,1.0000,[],29
69.2026,95.6797,-42.0202,0.4192151,CN(C)c1ccc(N=Nc2ccc(N=Nc3ccc(N=C4C=CC(=NC(=Nc5cc(Cl)ccc5O)c5ccc6c(c5)N(c5cc(-c7ccc(N(c8ccccc8)c8ccccc8)cc7)ccc5N5CCCCC5)c5cc(N7CCCCC7)ccc5O6)C=C4)cc3)cc2)cc1,1,C1=CC(=Nc2ccc(N=Nc3ccc(N=Nc4ccccc4)cc3)cc2)C=CC1=NC(=Nc1ccccc1)c1ccc2c(c1)N(c1cc(-c3ccc(N(c4ccccc4)c4ccccc4)cc3)ccc1N1CCCCC1)c1cc(N3CCCCC3)ccc1O2,0.4503280,522.1644,0.0467763,0.0468,0.3751301,4.9024,1.0000000,1.0000,[],30
56.7494,65.4539,-65.4539,0.0000000,O=C(NN(C)C)c1c2c(c(=O)n(C)c(=O)n2C)c2cc(c1n2Cc1ccc(cc1)OC)NCCOC,0,,0.0000000,0.0000,0.0000000,0.0000,0.0000000,0.0000,0.0000000,0.0000,None,30
65.0659,72.8639,-72.8639,0.0000000,c1c2c(-c3ccc4-c5ccc(N(c6ccccc6)c6ccc(cc6)-n6c(C=C)c(/C=C\C=C\C=C)c7Oc6c7C=CCN5)cc4C3(C)C)c3c(c(c2ccc1)-c1ccccc1)cccc3,0,,0.0000000,0.0000,0.0000000,0.0000,0.0000000,0.0000,0.0000000,0.0000,None,30
54.3388,60.4592,-49.7756,0.0834662,C=CCNc1nc2c3cc(-c4ccccc4-c4c5ccccc5nn4-c4ccccc4)ccc3c(=O)[nH]c2n1C1CCCCC1,1,O=c1[nH]c2c(ncn2C2CCCCC2)c2cc(-c3ccccc3-c3c4ccccc4nn3-c3ccccc3)ccc12,0.0782935,373.2283,0.1821265,0.1821,0.5407332,3.0741,1.0000000,1.0000,[],30
47.5622,48.6767,-47.2022,0.0115197,O=C(c1ccc(CN(CCc2cccs2)S(=O)(=O)c2ccccc2)cc1)N1CCN(c2ccc(N3CCCCC3)cn2)CC1,1,O=C(c1ccc(CN(CCc2cccs2)S(=O)(=O)c2ccccc2)cc1)N1CCN(c2ccc(N3CCCCC3)cn2)CC1,0.0096471,349.7151,0.2297634,0.2298,0.5907136,2.6321,1.0000000,1.0000,[],30
35.7443,34.8366,-33.8539,0.0076770,COc1c(OCc2ccc(C)cc2)ccc(C=Nn2c(C)nc3ccc(C)cc3c2=O)c1Br,1,O=c1c2ccccc2ncn1N=Cc1ccc(OCc2ccccc2)cc1,0.0062252,344.9216,0.3217245,0.3217,0.5971879,2.5776,1.0000000,1.0000,[],30
55.0340,60.0993,20.1624,0.6270448,CN1C(=C2c3ccccc3-c3ccc(N(c4ccccc4)c4ccccc4)cc32)c2cc(N=Nc3nc4ccsc4c(=O)n3-c3ccccc3)ccc21,1,O=c1c2sccc2nc(N=Nc2ccc3c(c2)C(=C2c4ccccc4-c4ccc(N(c5ccccc5)c5ccccc5)cc42)N3)n1-c1ccccc1,0.6573593,512.9259,0.1618085,0.1618,0.5079172,3.3872,1.0000000,1.0000,[],30
41.6941,51.1891,58.4001,0.8561656,N#CC(C#N)=C(C#N)C=Cc1ccc(-c2ccc3oc4cc(N=Cc5ccc(N(c6ccccc6)c6ccccc6)cc5)ccc4c3c2)s1,1,C(=Nc1ccc2c(c1)oc1ccc(-c3cccs3)cc12)c1ccc(N(c2ccccc2)c2ccccc2)cc1,0.9285367,492.1571,0.0927818,0.0928,0.5084410,3.3820,1.0000000,1.0000,[],30
31.8395,37.7895,-37.7895,0.0000000,n1c2ccccc2c(c2C=NCN=c21)N1CCN(C2CCCCC2)CC1,0,,0.0000000,0.0000,0.0000000,0.0000,0.0000000,0.0000,0.0000000,0.0000,None,30
61.0409,72.7758,-72.3140,0.0036075,CCn1cc(C(=Nc2ccc(-c3ccc4[nH]c(N)c(-c5nn(C)c6ccc(C)cc56)c4c3)cc2)NC)c2ccccc21,1,C(=Nc1ccc(-c2ccc3[nH]cc(-c4n[nH]c5ccccc45)c3c2)cc1)c1c[nH]c2ccccc12,0.0028851,336.5355,0.1524009,0.1524,0.5348924,3.1284,1.0000000,1.0000,[],30
45.6088,47.0813,-20.9942,0.2038057,O=C(NC(CO)CO)c1ccc(-c2cc3ccc(NCCO)cc3[s+]2[O-])cc1,1,c1ccc(-c2cc3ccccc3[sH+]2)cc1,0.1964156,384.7036,0.3655164,0.3655,0.4904543,3.5621,1.0000000,1.0000,[],30
25.7782,24.4647,-24.4647,0.0000000,COc1cc(OC)cc(C(=O)NN=Cc2ccc(F)cc2)c1,1,O=C(NN=Cc1ccccc1)c1ccccc1,0.0000000,0.0000,0.0000000,0.0000,0.0000000,0.0000,0.0000000,0.0000,['[#7;!n][#7;!n]'],30
41.2892,47.3142,64.5398,0.8738597,NCCNc1c2c(cc(N)c1-c1cccc(CN)c1N)C(=O)c1ccccc1C2=O,1,O=C1c2ccccc2C(=O)c2cc(-c3ccccc3)ccc21,0.9101403,494.8614,0.3213672,0.3214,0.5674642,2.8329,1.0000000,1.0000,[],30
48.3207,55.9763,64.9340,0.9446117,CN(Cc1ccccc1)c1c(N)c(C=C2C=Nc3ccccc32)nc2cnc(N3CCCC3)nc12,1,C1=Nc2ccccc2C1=Cc1cc(NCc2ccccc2)c2nc(N3CCCC3)ncc2n1,0.9786496,478.4695,0.4451795,0.4452,0.5433383,3.0501,1.0000000,1.0000,[],30
45.6951,44.2775,-44.2775,0.0000000,c12sc3c(c4c(cc3)cccc4c2cc(-c2ccc(cc2)-c2ccc3n(ccn3)c2)cc1)=O,0,,0.0000000,0.0000,0.0000000,0.0000,0.0000000,0.0000,0.0000000,0.0000,None,30
83.9068,100.6699,-100.6699,0.0000000,C(=O)(c1cc2cc(Nc3cc(C(c4ccccc4)N=Cc4cc(c5=NCC[N+]=5c4ccc3)-c3ccc(cc3)N(c3ccccc3)c3ccccc3)c3ccccc3nc-2c2ccccc21)=O)Nc1ccc2ccccc2c1,0,,0.0000000,0.0000,0.0000000,0.0000,0.0000000,0.0000,0.0000000,0.0000,None,30
73.6908,84.6426,-79.5889,0.0394820,C=CCNc1nc(Nc2ccc(N)cc2)nc(Nc2c(C(=N)Nc3cc(=O)oc4cccc(-c5ccc(OC)cc5)c34)ncn2-c2ccccc2)n1,1,N=C(Nc1cc(=O)oc2cccc(-c3ccccc3)c12)c1ncn(-c2ccccc2)c1Nc1ncnc(Nc2ccccc2)n1,0.0379507,364.9006,0.0254357,0.0254,0.4998544,3.4672,1.0000000,1.0000,[],30
55.3648,64.7970,53.4599,0.9238823,CCOc1nc2cc(C)c(N3CCN(CCCn4c5nc6ccccc6nc5c5cc(N)cc([N+](=O)[O-])c54)CC3)cc2s1,1,c1ccc2nc3c(nc2c1)c1ccccc1n3CCCN1CCN(c2ccc3ncsc3c2)CC1,0.9937280,454.9965,0.1325006,0.1325,0.5337007,3.1396,1.0000000,1.0000,[],30
62.7747,75.0118,24.4375,0.7769475,CCCCN(CCCC)c1ccc(C=Cc2ccsc2N(C)c2cnc(Nc3ccc4c5c([nH]c4c3)CCC5)cn2)c(C)c1,1,C(=Cc1ccsc1Nc1cnc(Nc2ccc3c4c([nH]c3c2)CCC4)cn1)c1ccccc1,0.8275145,417.0256,0.1400558,0.1401,0.5079143,3.3872,1.0000000,1.0000,[],30
32.8955,37.8130,77.8760,0.9038206,COn1c2ccccc2c2nc(=O)c3ccccc3nc21,1,O=c1nc2c(nc3ccccc13)[nH]c1ccccc12,0.9263854,427.4957,0.5347348,0.5347,0.6155996,2.4258,1.0000000,1.0000,[],30
33.4568,36.4918,46.1214,0.6454152,COc1ccc(CNc2ccc3ncnc(-c4ccc(N(C)C)cc4)c3c2)cc1OC,1,c1ccc(CNc2ccc3ncnc(-c4ccccc4)c3c2)cc1,0.6523616,406.8340,0.4596339,0.4596,0.6458705,2.1858,1.0000000,1.0000,[],30
34.7239,42.1922,75.7797,0.9216561,COc1ccc(N2C(=O)N(c3nc4ccccc4s3)C(=O)C(=C(O)c3ccccc3)C2=S)cc1,1,O=C1C(=Cc2ccccc2)C(=S)N(c2ccccc2)C(=O)N1c1nc2ccccc2s1,0.9718643,438.4587,0.2300619,0.2301,0.5948523,2.5972,1.0000000,1.0000,[],30
65.9898,81.4882,-81.4882,0.0000000,c1cc2cc3-c4nc(sc4CCc3cc2c2c(c1N=C(N)N)cccc2)Nc1ccc(cc1)N=Nc1ccc2c(SC(C#N)=C2C#N)c1C#N,0,,0.0000000,0.0000,0.0000000,0.0000,0.0000000,0.0000,0.0000000,0.0000,None,30
113.3373,134.1754,-134.1754,0.0000000,c1(C)c(c(NC(NC2C3CC4CC(O)(C3)CC42)=O)sc1-c1ccccc1)N=Nc1ccc(Nc2nc(nc(Nc3ccc(cc3)N=Nc3sc4cc(ccc4n3)Nc3ccc(N=Nc4cc(-c5cn(cn5)CCCCC)nc4N)ncn3)c2)N=Nc2cc(Nc3nc(NCC)nc(Nc4ccccc4)n3)ccc2)nc1,0,,0.0000000,0.0000,0.0000000,0.0000,0.0000000,0.0000,0.0000000,0.0000,None,30
43.8111,44.1898,-41.1966,0.0233839,Cc1ccc(-n2nc(OC3CCN(C(=O)C4CNc5ccccc5C4)CC3)ccc2=O)cc1,1,O=C(C1CNc2ccccc2C1)N1CCC(Oc2ccc(=O)n(-c3ccccc3)n2)CC1,0.0196862,357.5699,0.6689073,0.6689,0.5434161,3.0494,1.0000000,1.0000,[],30
101.6826,121.0327,-7.4310,0.8875130,CN(C(=CC=NC(=O)c1ccc(N(c2ccccc2)c2ccccc2)cc1)Nc1cc2c(-c3ccc(N(c4ccccc4)c4ccccc4)c4ccccc34)c3ccccc3c(C=CCC3C=CCC=C3)c2cc1-c1cc(C#N)cc(N2CCC(=N)CC2)c1)C1CCCCC1,1,N=C1CCN(c2cccc(-c3cc4c(C=CCC5C=CCC=C5)c5ccccc5c(-c5ccc(N(c6ccccc6)c6ccccc6)c6ccccc56)c4cc3NC(=CC=NC(=O)c3ccc(N(c4ccccc4)c4ccccc4)cc3)NC3CCCCC3)c2)CC1,0.9905090,450.4637,0.0501207,0.0501,0.3592828,5.1182,1.0000000,1.0000,[],30
68.2025,83.9044,32.5379,0.9097053,[C-]#[N+]C1=Cc2cn(C(=S)c3cc(OCCCCCC)ccc3-n3nc4c5ccccc5c5cc(N)sc5c4n3)c3cccc(c23)C=C1,1,S=C(c1ccccc1-n1nc2c3ccccc3c3ccsc3c2n1)n1cc2c3c(cccc31)C=CC=C2,0.9894173,470.7304,0.1006910,0.1007,0.4571131,3.9141,1.0000000,1.0000,[],30
75.6387,82.3403,-82.3403,0.0000000,NC(=NNC(=O)c1n[nH]c(-c2c3ccccc3c(Nc3cccc4ccccc34)c3ccccc23)n1)C(N=NC(=C1C=Nc2ccccc21)c1ccccc1)(c1ccccc1)c1ccccc1,1,O=C(NN=CC(N=NC(=C1C=Nc2ccccc21)c1ccccc1)(c1ccccc1)c1ccccc1)c1n[nH]c(-c2c3ccccc3c(Nc3cccc4ccccc34)c3ccccc23)n1,0.0000000,0.0000,0.0000000,0.0000,0.0000000,0.0000,0.0000000,0.0000,['[#7;!n][#7;!n]'],30
39.1885,51.2687,67.8410,0.9305446,Oc1ccc2ccccc2c1C=Nc1ccc2c(N=Nc3ccc4c5c(oc4c3)CCCC5)ccnc2c1,1,C(=Nc1ccc2c(N=Nc3ccc4c5c(oc4c3)CCCC5)ccnc2c1)c1cccc2ccccc12,0.9888349,448.6815,0.1953197,0.1953,0.5399579,3.0813,1.0000000,1.0000,[],30
33.7342,43.6495,9.8917,0.4182907,CNc1ccc(C=CC(=O)Nc2ccc(Oc3ccc4c5c(cccc35)C(=O)N4)cc2)cc1,1,O=C(C=Cc1ccccc1)Nc1ccc(Oc2ccc3c4c(cccc24)C(=O)N3)cc1,0.4179564,396.4044,0.3299758,0.3300,0.6201012,2.3894,1.0000000,1.0000,[],30
29.0642,33.1296,-22.6743,0.0816819,O=C1c2ccccc2CN1CCNc1ccnc2ccc([N+](=O)[O-])cc12,1,O=C1c2ccccc2CN1CCNc1ccnc2ccccc12,0.0736167,372.5046,0.5648660,0.5649,0.6266065,2.3372,1.0000000,1.0000,[],30
39.1667,43.9208,-17.0023,0.2103008,c1ccc(-c2nc(-c3c(-c4ccccc4)c4ccccc4c4nc5c6ccccc6c6ccccc6c5n34)c3ccc4ccccc4c3n2)cc1,1,c1ccc(-c2nc(-c3c(-c4ccccc4)c4ccccc4c4nc5c6ccccc6c6ccccc6c5n34)c3ccc4ccccc4c3n2)cc1,0.2070501,385.4207,0.1790892,0.1791,0.5608677,2.8914,1.0000000,1.0000,[],30
103.6937,127.6169,-127.6169,0.0000000,C(=O)(/C=C/c1cc2c(cc1Br)C(=O)c1cc(-c3c(-c4ccc(s4)-c4ccc(N(C)C)cc4)c4c(sc(N)c4-c4ccc(NC(=O)C)cc4)c4c3C=CC(C)(O4)C)nn1C2=O)Nc1ccc(N=Nc2c3nsnc3c(N=Nc3ccc(cc3)N(C)C)s2)cc1,0,,0.0000000,0.0000,0.0000000,0.0000,0.0000000,0.0000,0.0000000,0.0000,None,30
44.8219,51.6035,50.2830,0.7959881,CNc1cnc(CC2(N)C=CCN=C2)c2nc(Nc3cnn(C)c3)ncc12,1,C1=CC(Cc2nccc3cnc(Nc4cn[nH]c4)nc23)C=NC1,0.8142728,416.0474,0.5866199,0.5866,0.4277810,4.2457,1.0000000,1.0000,[],30
91.2004,109.1979,-44.4341,0.5059672,CN1CCN(c2nc(C=Cc3cnc(N4CCC(C#N)CC4)nc3)cc(-c3ccc(-c4ccc(-c5cccc6c5CN(C5CCN(CCC=C(c7ccc(Cl)cc7)c7ccc8c(c7)CN(C7CCC(=O)NC7=O)C8=O)CC5)C(=O)N6)cc4)s3)n2)CC1,1,O=C1CCC(N2Cc3cc(C(=CCCN4CCC(N5Cc6c(cccc6-c6ccc(-c7ccc(-c8cc(C=Cc9cnc(N%10CCCCC%10)nc9)nc(N9CCNCC9)n8)s7)cc6)NC5=O)CC4)c4ccccc4)ccc3C2=O)C(=O)N1,0.5367897,401.6006,0.0980588,0.0981,0.3574310,5.1441,1.0000000,1.0000,[],30
40.7804,47.7193,-47.6442,0.0005863,Cc1[nH]c2ccc(=[N+]3CC(=O)NC3=O)ccc2c1C(=O)N1CCCC1,1,O=C1C[N+](=c2ccc3[nH]cc(C(=O)N4CCCC4)c3cc2)C(=O)N1,0.0004083,315.2798,0.5933849,0.5934,0.5289493,3.1843,1.0000000,1.0000,[],30
68.3802,89.6478,10.5228,0.7825823,CCCCCNc1nc(Nc2ccc(N=Nc3ccc(N=Nc4noc5cc(N=Nc6n[nH]c7cc(N(CC)CC)ccc67)ccc45)c(OC)c3)cc2)nc2ncc(-c3ccc(N(C)C)cc3)cc12,1,c1ccc(-c2cnc3nc(Nc4ccc(N=Nc5ccc(N=Nc6noc7cc(N=Nc8n[nH]c9ccccc89)ccc67)cc5)cc4)ncc3c2)cc1,0.8639114,499.9338,0.0513303,0.0513,0.4252578,4.2753,1.0000000,1.0000,[],30
75.1110,94.4480,22.5926,0.9143801,CS(=O)(=O)N1CCN(c2ccc(C=Cc3ncc(C#N)c4c3C=CC3=NC(=O)N(Cc5csc6sc(NC7CCCCC7)cc56)C34)cc2)CC1,1,O=C1N=C2C=Cc3c(ccnc3C=Cc3ccc(N4CCNCC4)cc3)C2N1Cc1csc2sc(NC3CCCCC3)cc12,0.9752516,480.1107,0.2015369,0.2015,0.4137746,4.4122,1.0000000,1.0000,[],30
57.7648,70.1191,-70.1191,0.0000000,c1cc2c(c[nH]c2cc1)C=Nc1cc(S(=O)(c2ccc(N=c3nccc[nH]3)c3N=CC(=c23)N)=O)ccc1,0,,0.0000000,0.0000,0.0000000,0.0000,0.0000000,0.0000,0.0000000,0.0000,None,30
48.1273,63.0074,53.3261,0.9088554,CCN(CC)c1ccc(C=Nc2ccc3c(c2)C2(CC)Oc4ccc(N=Nc5ccc(N)cc5OC)cc4N2CC3)cc1,1,C(=Nc1ccc2c(c1)C1Oc3ccc(N=Nc4ccccc4)cc3N1CC2)c1ccccc1,0.9821355,443.5045,0.1233837,0.1234,0.4567838,3.9177,1.0000000,1.0000,[],30
56.6693,61.0473,-61.0473,0.0000000,c12c3c(ccc2)c2c4c(n(c5c2c2c(ccc(c25)cc1)c4)-c1cc2c(n(-c4ccccc4)c4ccccc42)cc1)=CC3,0,,0.0000000,0.0000,0.0000000,0.0000,0.0000000,0.0000,0.0000000,0.0000,None,30
63.7402,76.3443,-76.3443,0.0000000,c12cc(ccc2n2ccc3cccc(c3c2nc1C(=N[C@H]1[C@@](C)(c2ccc(N(C)C)cc2)OC(=N1)c1ccccc1)O)NC(=O)C)OC,0,,0.0000000,0.0000,0.0000000,0.0000,0.0000000,0.0000,0.0000000,0.0000,None,30
43.7745,49.7473,-49.7473,0.0000000,O=C(OC)c1ccc2c(n3c(c(=NS(=O)(c4ccc(cc4)C)=O)n2)N(C)NC3=O)c1,0,,0.0000000,0.0000,0.0000000,0.0000,0.0000000,0.0000,0.0000000,0.0000,None,30
38.0254,44.6154,-42.4057,0.0172635,CN1CCN(c2ccc(NS(=O)(=O)c3ccc4c(Nc5ccc6[nH]ncc6c5)ncnc4c3)cc2F)CC1,1,O=S(=O)(Nc1ccc(N2CCNCC2)cc1)c1ccc2c(Nc3ccc4[nH]ncc4c3)ncnc2c1,0.0146445,354.3020,0.3009539,0.3010,0.5876557,2.6581,1.0000000,1.0000,[],30
47.8148,46.3597,-39.8274,0.0510336,CCCN(C(=S)NC(=O)c1cccnc1)C1N=C2N(CCN2c2ccccc2)C1=O,1,O=C(NC(=S)NC1N=C2N(CCN2c2ccccc2)C1=O)c1cccnc1,0.0446881,366.7512,0.7410834,0.7411,0.5057310,3.4088,1.0000000,1.0000,[],30
95.6618,124.1091,-124.1091,0.0000000,c1c(cc(O)c(C=C2C(NC(=Nc3cc(ccc3)C(=O)Nc3ccc(S(=O)(=O)Nc4nnc(Nc5ccc(cc5)S(=O)(=O)O)nc4n3CC)O)N=C3c4c(NC3=O)cccc4)=NC2=O)[nH]1)CN=CNc1nc2ccccc2[nH]1,0,,0.0000000,0.0000,0.0000000,0.0000,0.0000000,0.0000,0.0000000,0.0000,None,30
60.0588,66.5464,-62.5339,0.0313476,Cc1nc2ncc(NC3CCCN(CC#N)C3)cn2c1-c1cccc2c(-c3ccc(NS(C)(=O)=O)cc3)csc12,1,c1ccc(-c2csc3c(-c4cnc5ncc(NC6CCCNC6)cn45)cccc23)cc1,0.0277044,361.3687,0.2528471,0.2528,0.4840668,3.6277,1.0000000,1.0000,[],30
77.9127,86.5819,-51.3264,0.2754337,CC1=CC2(C=CC1=Nc1ccc3c(c1)-c1ccc4ccc5cccc(N6c7ccccc7C(C)=C(C#N)c7ccccc76)c5c4c1C3)C=Nc1ccccc12,1,C1=CC2(C=CC1=Nc1ccc3c(c1)-c1ccc4ccc5cccc(N6c7ccccc7C=Cc7ccccc76)c5c4c1C3)C=Nc1ccccc12,0.2778061,389.6272,0.1684105,0.1684,0.3833269,4.7943,1.0000000,1.0000,[],30
58.2093,71.4595,-71.4595,0.0000000,c1cc(ccc1-c1c2c(nc(n(c2=O)-c2cccc3ccccc32)NCCN2CCCC2)n(c(=O)n1C)-c1ccc2c(c1)ccc(N)n2)N=O,0,,0.0000000,0.0000,0.0000000,0.0000,0.0000000,0.0000,0.0000000,0.0000,None,30
57.7217,70.4134,-70.4134,0.0000000,CCNc1ccc(N=Nc2ccc(N=Nc3ccc(C(=NNc4cc(Cl)c5ccccc5n4)c4ccc(OC)c(OCC)c4)cc3)cc2)cc1S(=O)(=O)O,1,c1ccc(N=Nc2ccc(N=Nc3ccc(C(=NNc4ccc5ccccc5n4)c4ccccc4)cc3)cc2)cc1,0.0000000,0.0000,0.0000000,0.0000,0.0000000,0.0000,0.0000000,0.0000,['[#7;!n][#7;!n]'],30
35.2951,42.9883,-40.5620,0.0189557,CCCCCCCCCCCCC1(CC)Oc2ccccc2-c2oc3ccc(N)cc3c21,1,c1ccc2c(c1)OCc1c-2oc2ccccc12,0.0163406,355.5106,0.2288667,0.2289,0.5216588,3.2537,1.0000000,1.0000,[],30
46.2632,53.2362,-53.2362,0.0000000,C=S(=O)(Nc1ccc2c(=O)n([O-])c(-c3ccc(OC)c(OC)c3)[o+]c2c1)c1ccccc1,1,C=S(=O)(Nc1ccc2c(=O)[nH]c(-c3ccccc3)[o+]c2c1)c1ccccc1,0.0000000,0.0000,0.0000000,0.0000,0.0000000,0.0000,0.0000000,0.0000,['[#7;!n][S;!$(S(=O)=O)]'],30
50.1156,57.7210,-57.7210,0.0000000,CCOC(=O)N1CCC(Oc2ccc(CNc3ccc(N=CN(C)C)cc3N)c3ccsc23)CC1,1,c1ccc(NCc2ccc(OC3CCNCC3)c3sccc23)cc1,0.0000000,0.0000,0.0000000,0.0000,0.0000000,0.0000,0.0000000,0.0000,"['C(=[O,S])[O,S]']",30
38.2115,47.1572,-47.1572,0.0000000,CC(=O)Oc1ccc(CC2NC(N)=C(C#N)C3C=Cc4ccccc4N=C23)cc1,1,C1=CC2C=Cc3ccccc3N=C2C(Cc2ccccc2)N1,0.0000000,0.0000,0.0000000,0.0000,0.0000000,0.0000,0.0000000,0.0000,"['C(=[O,S])[O,S]']",30
106.6461,122.6849,-122.0630,0.0048587,C=CCN(CCO)C1=CC(=C2c3cc4c(-c5c(N=Cc6ccc(N(C)C)cc6)c6cc(N)ccc6n[n+]5OC)ccc(N(C)C)c4c(C)c3N2CC=C)C(C#N)=C1[N+](=O)[O-],1,C1=CC(=C2Nc3cc4cccc(-c5[nH+]nc6ccccc6c5N=Cc5ccccc5)c4cc32)C=C1,0.0041715,579.4473,0.0322393,0.0322,0.3976088,4.6114,1.0000000,1.0000,[],30
121.9402,153.8405,-153.8405,0.0000000,c1c2[C@]3(C)CCC[C@](C)(C3CCc2cc2n(c3c(nc2c1=O)cc(c(=O)o3)N=Cc1cc(cc(c1)Oc1ccc(NC2=C(C)C(=O)c3ccccc3C2=O)o1)N1CCC(CC1)C(=O)Nc1ccc(-c2sc3c(ccc(N4CCCCC4)n3)n2)cc1)C(NCCCCCCCCCC)=O)S(=O)(O)=O,0,,0.0000000,0.0000,0.0000000,0.0000,0.0000000,0.0000,0.0000000,0.0000,None,30
45.4881,52.6887,63.7681,0.9098187,NS(=O)(=O)c1ccc(Nc2cc3sc(N=O)nc3c(Nc3cccc4ccccc34)c2F)cc1,1,c1ccc(Nc2cc(Nc3cccc4ccccc34)c3ncsc3c2)cc1,0.9579893,486.0500,0.2446038,0.2446,0.5628830,2.8734,1.0000000,1.0000,[],30
91.9373,120.1442,-120.1442,0.0000000,c1c2cnc(cc2c2ccc3c(-c4ccc(cc4)-c4cc5ccccc5o4)ccc4nc(nc-1c4c23)Nc1ccc(cc1)Nc1nc(nc(n1)Nc1ccc(N=Cc2ccc(N=Nc3ccccc3)cc2)c(OC)c1)N(N)c1nc2ccccc2s1)N(C)C,0,,0.0000000,0.0000,0.0000000,0.0000,0.0000000,0.0000,0.0000000,0.0000,None,30
31.7549,40.7198,74.9499,0.9036697,CCSc1ncc2c(n1)C=C(C=Cc1ccc(N(C)C)cc1)S2(=O)=O,1,O=S1(=O)C(C=Cc2ccccc2)=Cc2ncncc21,0.9267534,492.4456,0.5904233,0.5904,0.5163471,3.3049,1.0000000,1.0000,[],30
63.4871,71.4276,32.6385,0.8130167,COc1cc(O)c(Oc2ccccc2)cc1NC(=S)C[n+]1cc(-c2c(O)cccc2O)nc(N=C=S)n1,1,S=C(C[n+]1cc(-c2ccccc2)ncn1)Nc1cccc(Oc2ccccc2)c1,0.8748919,421.1167,0.1106311,0.1106,0.4969625,3.4962,1.0000000,1.0000,[],30
39.5778,45.3111,-45.3111,0.0000000,O=c1ccc(n2c(n[nH]c21)Nc1c2c([nH]c1C)ccc(c2)Cl)=O,0,,0.0000000,0.0000,0.0000000,0.0000,0.0000000,0.0000,0.0000000,0.0000,None,30
86.9082,100.6521,-100.6521,0.0000000,c1(N2CC(=NC)Nc3c4C(N=C(N=c4c(=O)[nH]2)c2ccc(N=c4ccc(cn4)N4CCNCC4)o2)=NC3)cc2cc[nH]c(=O)c2cc1,0,,0.0000000,0.0000,0.0000000,0.0000,0.0000000,0.0000,0.0000000,0.0000,None,30
67.0825,84.0220,27.5287,0.8714903,CCCCCCCCNc1ccc(-c2ccc(C(=O)Nc3ccc4c(c3)NC(=O)C4=Nc3ccc(N(c4ccccc4)c4ccccc4)cc3)cc2N=Cc2[nH]c3cc(N)ccc3[n+]2C)cc1,1,O=C1Nc2cc(NC(=O)c3ccc(-c4ccccc4)c(N=Cc4[nH]c5ccccc5[nH+]4)c3)ccc2C1=Nc1ccc(N(c2ccccc2)c2ccccc2)cc1,0.9859535,473.8428,0.0267657,0.0268,0.4608719,3.8732,1.0000000,1.0000,[],30
72.1036,76.8057,-75.2383,0.0122448,NS(=O)(=O)c1ccc(N2CCN(c3cc(-c4ccccc4OCC(=O)NC4CCCC4C(=O)NC4CCNC4=O)nc(N4CCCC4)n3)CC2)cc1,1,O=C(COc1ccccc1-c1cc(N2CCN(c3ccccc3)CC2)nc(N2CCCC2)n1)NC1CCCC1C(=O)NC1CCNC1=O,0.0103577,350.4946,0.2229088,0.2229,0.4470862,4.0250,1.0000000,1.0000,[],30
47.0050,70.7716,48.5196,0.9319623,CN(C)c1ccc(C=CN2CCN(c3ccc4nc(N5CCC(C(=O)Nc6ccc(Cl)cc6Cl)CC5)c5[n+](c4c3)CCN5)CC2)cc1,1,O=C(Nc1ccccc1)C1CCN(c2nc3ccc(N4CCN(C=Cc5ccccc5)CC4)cc3[n+]3c2NCC3)CC1,0.9860564,446.2382,0.2347966,0.2348,0.5052966,3.4130,1.0000000,1.0000,[],31
36.1346,44.6377,-19.2131,0.1986295,CN1CCc2c(cc(NC(=O)C=Cc3ccc(N(C)C)cc3Cl)c3ccccc23)C1,1,O=C(C=Cc1ccccc1)Nc1cc2c(c3ccccc13)CCNC2,0.1875136,384.0804,0.5902188,0.5902,0.5978891,2.5718,1.0000000,1.0000,[],31
30.1172,30.7616,90.4141,0.9466854,COc1ccc2c(c1)OC(=Cc1[nH]ccc1O)C2=O,1,O=C1C(=Cc2ccc[nH]2)Oc2ccccc21,0.9613067,434.8806,0.8099189,0.8099,0.5776674,2.7438,1.0000000,1.0000,[],31
64.9868,83.9344,-83.9344,0.0000000,O=C(N1C[C@@H]2N(c3c4c(n(nc4)-c4ccc(-n5c(nc(c5)Nc5ccc(cc5)NC5CCOCC5)c4)N)ccn3)CCC2=N1)OC,0,,0.0000000,0.0000,0.0000000,0.0000,0.0000000,0.0000,0.0000000,0.0000,None,31
57.8129,74.5763,8.2795,0.6473114,COc1ccc(N=Nc2ccc(N=Nc3ccc(N=Nc4ccc(N=Nc5ccc(N(C)C)cc5)cc4)cc3)c3cc(N)ccc23)cc1N=Nc1ccc(N=Nc2ccc(N=Nc3ccc(N=Nc4ccc([N+](C)=N)cc4)cc3)cc2)cc1,1,c1ccc(N=Nc2ccc(N=Nc3ccc(N=Nc4ccc(N=Nc5cccc(N=Nc6ccc(N=Nc7ccc(N=Nc8ccc(N=Nc9ccccc9)cc8)cc7)c7ccccc67)c5)cc4)cc3)cc2)cc1,0.7109006,510.2310,0.0454896,0.0455,0.4053911,4.5145,1.0000000,1.0000,[],31
60.0694,66.8038,-66.8038,0.0000000,CC(n1c2ccc(Nc3cc4n(nc(n4/N=C/CO)N)cc3)cc2n2c(nnc21)N1CCCCC1)C,0,,0.0000000,0.0000,0.0000000,0.0000,0.0000000,0.0000,0.0000000,0.0000,None,31
30.0589,32.1292,-31.7618,0.0028700,COc1ccc2c(c1)cc(C(=O)Nc1nnc(-c3ccc(Cl)cc3)o1)n2C,1,O=C(Nc1nnc(-c2ccccc2)o1)c1cc2ccccc2[nH]1,0.0021669,333.4197,0.5731562,0.5732,0.6371294,2.2539,1.0000000,1.0000,[],31
48.6029,49.8413,64.3734,0.8923021,CC1(C)c2ccccc2-c2ccc(C(=O)c3ccccc3-n3c4ccc5cccc6c7ccccc7n(c7ccccc73)-c4c56)cc21,1,O=C(c1ccc2c(c1)Cc1ccccc1-2)c1ccccc1-n1c2ccc3cccc4c5ccccc5n(c5ccccc51)-c2c34,0.9621580,435.1318,0.1122656,0.1123,0.5572140,2.9240,1.0000000,1.0000,[],31
55.1707,63.0053,-12.8272,0.3920162,CN(C)C(=O)c1ccc(-c2ccc(Nc3ccc(Nc4ccccc4Nc4ccc(N=Cc5ccc6cccnc6c5)cc4)c4ccccc34)cc2)cc1,1,C(=Nc1ccc(Nc2ccccc2Nc2ccc(Nc3ccc(-c4ccccc4)cc3)c3ccccc23)cc1)c1ccc2cccnc2c1,0.4035995,395.7603,0.1236162,0.1236,0.5551834,2.9423,1.0000000,1.0000,[],31
76.0386,86.4085,-86.4085,0.0000000,O=S1(=Nc2ccc3nc4ccccc4c(Nc4ccc5c(c4)S4=NC=[N+](C=CN6CCCC6)N4C5)c3c2)C=CC=CC1,1,O=S1(=Nc2ccc3nc4ccccc4c(Nc4ccc5c(c4)S4=NC=[N+](C=CN6CCCC6)N4C5)c3c2)C=CC=CC1,0.0000000,0.0000,0.0000000,0.0000,0.0000000,0.0000,0.0000000,0.0000,"['[#7;!n][S;!$(S(=O)=O)]', '[#7;!n][#7;!n]']",31
35.8265,43.7169,73.5230,0.9159369,O=C1c2ccccc2-c2cc(N(c3ccc(N(c4ccccc4)c4ccc5c(c4)oc4ccccc45)cc3)c3cccc(-c4ccccc4)c3)ccc21,1,O=C1c2ccccc2-c2cc(N(c3ccc(N(c4ccccc4)c4ccc5c(c4)oc4ccccc45)cc3)c3cccc(-c4ccccc4)c3)ccc21,0.9758153,440.1457,0.1678706,0.1679,0.5765710,2.7533,1.0000000,1.0000,[],31
61.5250,69.8374,48.4690,0.9242690,C=CC(=Cc1csc2c1C(CCCC)=CC2=Cc1ccc(N2CCCC2)cc1)c1[nH]cn[n+]1CCC,1,C1=Cc2c(C=Cc3[nH]cn[nH+]3)csc2C1=Cc1ccc(N2CCCC2)cc1,0.9799635,442.2347,0.2309034,0.2309,0.4595199,3.8879,1.0000000,1.0000,[],31
26.6507,28.3957,-13.4939,0.1164200,N#CC(C#N)=CN=C(c1ccccc1)c1ccc(Br)cc1,1,N=C(c1ccccc1)c1ccccc1,0.1067200,376.9315,0.6223630,0.6224,0.5869926,2.6637,1.0000000,1.0000,[],31
66.0635,80.3883,-80.3883,0.0000000,c1(C(=O)O)ccc2c(c1)cc(n2C)C(c1cc2c(Nc3nnnn3C)nc3c(c(N)cc(OCCCC)c3)n2c2ccccc21)=O,0,,0.0000000,0.0000,0.0000000,0.0000,0.0000000,0.0000,0.0000000,0.0000,None,31
60.8641,65.8823,-65.8823,0.0000000,O=C(c1ccc(cc1)-c1c2c(cc(O)c1)cc1cc(nc1c2)N(c1c2c(ncn1)[nH]cc2)C(C)C)N,0,,0.0000000,0.0000,0.0000000,0.0000,0.0000000,0.0000,0.0000000,0.0000,None,31
37.9446,38.7948,-38.7586,0.0002823,COc1ccccc1N1C(=O)CN(Cc2nc(-c3ccccn3)cs2)CC1=O,1,O=C1CN(Cc2nc(-c3ccccn3)cs2)CC(=O)N1c1ccccc1,0.0001884,306.8779,0.6194186,0.6194,0.6096027,2.4747,1.0000000,1.0000,[],31
72.2634,93.4723,-22.0481,0.5580015,C=C(C)CC1(c2ccc(N=Cc3ccc(N(C)CCO)cc3)cc2)N=C(NO)N=C1c1c(C#N)c(-c2cccc(NC(C)=O)c2)nn1-c1ccccc1,1,C(=Nc1ccc(C2N=CN=C2c2cc(-c3ccccc3)nn2-c2ccccc2)cc1)c1ccccc1,0.6003959,404.4202,0.0649978,0.0650,0.4331422,4.1834,1.0000000,1.0000,[],31
93.1815,122.3342,-87.3577,0.2732538,Cc1ccc(-[n+]2c(N=Nc3ccc(N=S(=O)=O)s3)sc3c(N)c4cc(N=Nc5c(F)cc(C=Nc6cc(N=Nc7ccc(Nc8ccc(N=Nc9ccc(N%10CCCC%10)cc9)cc8)nc7N)ccc6Cl)c(N)c5F)ccc4nc32)cc1,1,C(=Nc1cccc(N=Nc2ccc(Nc3ccc(N=Nc4ccc(N5CCCC5)cc4)cc3)nc2)c1)c1ccc(N=Nc2ccc3nc4c(cc3c2)sc(N=Nc2cccs2)[n+]4-c2ccccc2)cc1,0.2905909,529.6904,0.0328041,0.0328,0.3536103,5.1978,1.0000000,1.0000,[],31
45.3053,46.8613,-46.8140,0.0003695,CC(=O)NC(CC1CCCCC1)C(=O)N1CCNC(=O)C1Cc1c(-c2ccc(C)cc2)[nH]c2ccccc12,1,O=C1NCCN(C(=O)CCC2CCCCC2)C1Cc1c(-c2ccccc2)[nH]c2ccccc12,0.0002539,310.1194,0.4337266,0.4337,0.5028747,3.4371,1.0000000,1.0000,[],31
92.4217,95.8477,-95.8477,0.0000000,C1(=O)C2c3ccc4OC[C@@]([C@@H]5C[C@@H](c6oc(n7CCCC=C6)N=N)NC5=O)(c5cnccc5)Oc4c3CCNC=Nc2[nH]c1,0,,0.0000000,0.0000,0.0000000,0.0000,0.0000000,0.0000,0.0000000,0.0000,None,31
45.4479,52.8268,65.5414,0.9247513,CC(C)COc1ccc(N2C(=O)C(=O)C(=C(O)c3oc4ccc(Cl)cc4c3N)C2c2cccc(Cl)c2)cc1,1,O=C1C(=O)N(c2ccccc2)C(c2ccccc2)C1=Cc1cc2ccccc2o1,0.9903386,450.2686,0.1521533,0.1522,0.5346860,3.1304,1.0000000,1.0000,[],31
75.6482,100.0910,-99.1541,0.0073196,CC[n+]1c(C=C2C(=O)N(c3ccc(N4CCOCC4)cc3)C(=S)N2c2cc(F)c(C)c(Cc3cc[n+]([O-])c4ccc(=O)ccc34)c2)n(Cc2ccccc2)c2ccccc21,1,O=C1C(=Cc2[nH+]c3ccccc3n2Cc2ccccc2)N(c2cccc(Cc3cc[nH+]c4ccc(=O)ccc34)c2)C(=S)N1c1ccc(N2CCOCC2)cc1,0.0062593,575.0187,0.0659827,0.0660,0.4574160,3.9108,1.0000000,1.0000,[],31
40.3138,44.8236,-44.8236,0.0000000,c12cc(=S)[nH][nH]c1c(n[nH]c2=O)N(C)CC=C,0,,0.0000000,0.0000,0.0000000,0.0000,0.0000000,0.0000,0.0000000,0.0000,None,31
50.3311,59.9871,-7.7225,0.4083170,Cn1c2cc3ccccc3c(CC=Cc3cccs3)c2c2c3c4ccccc4c4ccccc4c3c(Cl)cc21,1,C(=Cc1cccs1)Cc1c2ccccc2cc2[nH]c3ccc4c5ccccc5c5ccccc5c4c3c12,0.4151263,396.2780,0.1974023,0.1974,0.5537147,2.9555,1.0000000,1.0000,[],31
28.8227,30.7253,70.3570,0.7897058,N#Cc1cc2[nH]c3c(c2[nH]c1=O)CCC=C3,1,O=c1ccc2[nH]c3c(c2[nH]1)CCC=C3,0.7999723,415.0496,0.6954888,0.6955,0.5173354,3.2953,1.0000000,1.0000,[],31
44.1228,52.5691,-52.5691,0.0000000,c1c(O)c(-c2n(c3ccccc3n2)CCC)ccc1N1CCC=C(c2ccccc2N)=C1,0,,0.0000000,0.0000,0.0000000,0.0000,0.0000000,0.0000,0.0000000,0.0000,None,31
90.6410,112.2891,-112.2891,0.0000000,O=C1C23CC(=Nc4ccc5c(=O)oc6cc(N7CCCCC7)ccc6c5n4)C(C(=O)CO)(C2)C(C3O)C12C=Cc1cc(O)c(N=C=S)c(c1O)O2,1,O=C1C23CC(=Nc4ccc5c(=O)oc6cc(N7CCCCC7)ccc6c5n4)C(C2)C(C3)C12C=Cc1cccc(c1)O2,0.0000000,0.0000,0.0756957,0.0757,0.2305174,7.3371,1.0000000,1.0000,[],31
40.7019,45.1468,4.7862,0.3901014,CN(C)c1ccc(C=CC=C2OCC=C(c3ccc(Cl)cc3)C2c2ccc(N(C)C)cc2)cc1,1,C(=Cc1ccccc1)C=C1OCC=C(c2ccccc2)C1c1ccccc1,0.3883183,395.0666,0.3764999,0.3765,0.5114537,3.3525,1.0000000,1.0000,[],31
50.0050,66.7460,47.5797,0.8931702,CN(C)c1ccc(C=Nc2ccc(Nc3nc(-c4ccc(N=Cc5ccc(N(C)C)cc5)cc4)nc(-c4ccc(N(c5ccc(N=Nc6ccc(N(C)C)cc6)cc5)c5ccc(N6C(=O)CCC6=O)cc5)nc4)n3)cc2)cc1,1,O=C1CCC(=O)N1c1ccc(N(c2ccc(N=Nc3ccccc3)cc2)c2ccc(-c3nc(Nc4ccc(N=Cc5ccccc5)cc4)nc(-c4ccc(N=Cc5ccccc5)cc4)n3)cn2)cc1,0.9913592,451.4920,0.0524371,0.0524,0.4428721,4.0724,1.0000000,1.0000,[],31
75.8487,94.1331,-94.1331,0.0000000,c1([C@H](C)NCc2nnc3n2ccc2c3nc3c4ccccc4c4c(N)nc(nn4n3)Nc3ccc(OC)cc3)ccc(cc1N2)Nc1nc(NC2CCCCC2)nc(NCCN)n1,0,,0.0000000,0.0000,0.0000000,0.0000,0.0000000,0.0000,0.0000000,0.0000,None,31
72.4874,87.6948,-87.6948,0.0000000,c12n(c3ccccc3c2nc(-c2cc3cccc(N)c3cc2)nc1-c1cc2c3N=C(C)C(c3ccc2s1)=c1ccc(N2CCCC2)s1)CCCC,0,,0.0000000,0.0000,0.0000000,0.0000,0.0000000,0.0000,0.0000000,0.0000,None,31
48.0153,58.7720,-27.5795,0.2436913,CNc1c2c(nc3ccc(OC)cc13)Nc1nc(Nc3cccc(CN(C)CCN(C)C)c3)ncc1N(C)C2=O,1,O=C1Nc2cnc(Nc3ccccc3)nc2Nc2nc3ccccc3cc21,0.2385084,387.3960,0.2858471,0.2858,0.5325636,3.1503,1.0000000,1.0000,[],31
60.4282,71.9389,41.3876,0.8853631,CCNc1cc2c(cc1N)nc(N=C(C)C(N)=O)n2-c1ccc2c(Cl)nc(N)nc2n1,1,c1ccc2c(c1)ncn2-c1ccc2cncnc2n1,0.9378510,429.4675,0.2079014,0.2079,0.5045773,3.4202,1.0000000,1.0000,[],31
55.7946,68.2808,46.3978,0.8959268,CCn1c2ccccc2c2cc(C=C(C#N)C(=Nc3cnccc3-c3ccc(-c4ccc(N(c5ccccc5)c5ccccc5)c5ccccc45)s3)c3cc4ccccc4s3)ccc21,1,C(=Cc1ccc2[nH]c3ccccc3c2c1)C(=Nc1cnccc1-c1ccc(-c2ccc(N(c3ccccc3)c3ccccc3)c3ccccc23)s1)c1cc2ccccc2s1,0.9723904,438.6695,0.1016754,0.1017,0.4790382,3.6799,1.0000000,1.0000,[],31
91.1898,117.3260,-101.5630,0.1231484,COc1cc(NS(=O)(=O)c2ccc(N=Nc3c(O)nc4ccccn4c3=O)cc2)ccc1C1=Nc2ccccc2N2C=CC(=NS(=O)(=O)c3cc(N=Nc4ccc(N=Nc5ccc(N=Nc6ccc(N=Nc7ccc(N(C)C)cc7)[nH]6)cc5)cc4)c4ccc(N(C)C)cc4c3)C2N1,1,O=c1c(N=Nc2ccc(S(=O)(=O)Nc3ccc(C4=Nc5ccccc5N5C=CC(=NS(=O)(=O)c6cc(N=Nc7ccc(N=Nc8ccc(N=Nc9ccc(N=Nc%10ccccc%10)[nH]9)cc8)cc7)c7ccccc7c6)C5N4)cc3)cc2)cnc2ccccn12,0.1239708,541.2300,0.0549114,0.0549,0.3014943,5.9950,1.0000000,1.0000,[],31
41.2210,41.9925,-41.3514,0.0050081,Cc1cc(Nc2nc3ccc(NC(=O)NC(=O)c4ccccc4)cn3n2)n(C)n1,1,O=C(NC(=O)c1ccccc1)Nc1ccc2nc(Nc3ccn[nH]3)nn2c1,0.0039177,339.8685,0.4926327,0.4926,0.5965808,2.5827,1.0000000,1.0000,[],31
35.2092,35.1337,-34.7579,0.0029365,CCOc1ccc(Cc2cc(-c3nc4ccccc4[nH]3)c3ccccc3n2)cc1,1,c1ccc(Cc2cc(-c3nc4ccccc4[nH]3)c3ccccc3n2)cc1,0.0022407,333.7838,0.4218072,0.4218,0.6468191,2.1784,1.0000000,1.0000,[],31
95.3967,120.6904,-5.6096,0.8990681,CCCCCC[n+]1c(C=c2ccc(=Cc3cc4c(Cl)c(N(CC)CC)c(N5CCn6c(-c7cccnc7)nc(-c7cc(Cl)cc(OC)c7)c6C5=O)cc4o3)cc2)nc(N)n2nc(N)nc21,1,O=C1c2c(-c3ccccc3)nc(-c3cccnc3)n2CCN1c1ccc2cc(C=c3ccc(=Cc4ncn5ncnc5[nH+]4)cc3)oc2c1,0.9861503,473.6875,0.0827115,0.0827,0.3990104,4.5938,1.0000000,1.0000,[],31
24.2769,23.9907,-23.9894,0.0000103,O=CNCCc1nc(-c2ccccc2)no1,1,c1ccc(-c2ncon2)cc1,0.0000057,268.9855,0.5994933,0.5995,0.6494783,2.1579,1.0000000,1.0000,[],31
50.4604,53.5114,-53.5114,0.0000000,c1([N+](=O)[O-])ccc2c(N=Nc3c4ccccc4c(=O)[nH]c3Nc3ccc(cc3)Br)c3ccccc3n(c2c1)CCN(CC)CC,0,,0.0000000,0.0000,0.0000000,0.0000,0.0000000,0.0000,0.0000000,0.0000,None,31
43.1098,48.7056,-42.8856,0.0454694,Nc1nc(NCC(=O)c2ccsc2)c(=O)c2ncn(C3CCC(=O)NC3=O)c2n1,1,O=C1CCC(n2cnc3c(=O)c(NCC(=O)c4ccsc4)ncnc32)C(=O)N1,0.0404161,365.6118,0.3888838,0.3889,0.4896704,3.5701,1.0000000,1.0000,[],31
72.1127,88.8277,-88.8277,0.0000000,CN(C)c1ccc(C2(C#Cc3ccc4c(ccn4-c4ccc(N(c5ccccc5)c5ccccc5)cc4)c3)c3cc(N(C)c4nc5n(c(=O)c4Nc4ccccc4)-c4ccccc4C5=O)ccc3-c3ncccc32)cc1,1,O=C1c2ccccc2-n2c1nc(Nc1ccc3c(c1)C(C#Cc1ccc4c(ccn4-c4ccc(N(c5ccccc5)c5ccccc5)cc4)c1)(c1ccccc1)c1cccnc1-3)c(Nc1ccccc1)c2=O,0.0000000,0.0000,0.0000000,0.0000,0.0000000,0.0000,0.0000000,0.0000,['C#C'],31
57.0050,69.7310,-60.9135,0.0688861,Nc1ccc(C=Nc2ccc3c4c5cc(N6CCCCC6)ccc5sc4n(-c4cc5c6ccccc6n6c5c(c4)[n+]4ccccc64)c3c2)cc1,1,C(=Nc1ccc2c3c4cc(N5CCCCC5)ccc4sc3n(-c3cc4c5ccccc5n5c4c(c3)[n+]3ccccc53)c2c1)c1ccccc1,0.0650382,371.0594,0.1155932,0.1156,0.4860497,3.6072,1.0000000,1.0000,[],31
30.4650,30.2129,-29.8976,0.0024629,CC(C)(C)c1ccc2ccc3c4cccnc4sc3c2n1,1,c1cnc2c(c1)ccc1c3cccnc3sc12,0.0018622,331.7710,0.4395610,0.4396,0.6046592,2.5155,1.0000000,1.0000,[],31
67.8410,84.9948,12.2006,0.7593389,CCN(CC)c1ccc(-c2[nH][nH]c(=O)c2N=Nc2nc3nc(-c4ccccc4Nc4ccc(NC(=O)c5ccco5)c(S(=O)(=O)N5CCCCC5)c4)oc3c3ccccc23)cc1,1,O=C(Nc1ccc(Nc2ccccc2-c2nc3nc(N=Nc4c(-c5ccccc5)[nH][nH]c4=O)c4ccccc4c3o2)cc1S(=O)(=O)N1CCCCC1)c1ccco1,0.8234341,503.2820,0.0807667,0.0808,0.4661921,3.8158,1.0000000,1.0000,[],31
61.1435,91.8648,-91.8648,0.0000000,C(=C/c1ccc(N=Nc2ccc(N=Nc3ccc(N(N=Cc4cc(N=Nc5ccc(N=Nc6ccc(N(C)C)cc6)cc5)c(c4)OCCCCC)C=Nc4ccc(C(=O)O)cc4)c4ccccc43)cc2)cc1)\c1ccc(N=Nc2ccc(N(C)C)cc2)cc1,0,,0.0000000,0.0000,0.0000000,0.0000,0.0000000,0.0000,0.0000000,0.0000,None,31
66.7648,78.9886,-78.9886,0.0000000,c1cc(ccc1)[C@@]12[C@@H]3[C@@H](C=CC=C3)C=Cc3c1c1cc(-c4ccc(cc4)N(c4ccccc4)c4ccc(cc4)C(C)(C)C)cc1n2c1c3cc2ccccc2c1N(c1ccccc1)c1ccc(cc1)N(C)C,0,,0.0000000,0.0000,0.0000000,0.0000,0.0000000,0.0000,0.0000000,0.0000,None,31
46.4164,59.9376,47.1527,0.8366435,CC[n+]1c(-c2cccc(NC(=O)Nc3ccc(-c4nc5ccc(N=Nc6cccc(S(=O)(=O)O)c6)cc5s4)cc3)c2)oc2ccccc21,1,O=C(Nc1ccc(-c2nc3ccc(N=Nc4ccccc4)cc3s2)cc1)Nc1cccc(-c2[nH+]c3ccccc3o2)c1,0.9089028,424.9753,0.0831127,0.0831,0.5223274,3.2473,1.0000000,1.0000,[],31
25.7329,28.4153,-21.0206,0.0577712,Cn1c2ccccc2c(=O)c2c(=S)[nH][nH]c21,1,O=c1c2ccccc2[nH]c2[nH][nH]c(=S)c12,0.0512058,368.3037,0.5818986,0.5819,0.5567195,2.9285,1.0000000,1.0000,[],31
51.9842,57.2325,-56.7026,0.0041400,CCCCCCCNc1ccc(C=CCC2=C(OCCO)CCc3ccccc3N2)cc1,1,C(=Cc1ccccc1)CC1=CCCc2ccccc2N1,0.0032582,337.8598,0.3052077,0.3052,0.5714334,2.7980,1.0000000,1.0000,[],31
45.2868,53.7803,-53.7803,0.0000000,C=CCNc1nnc(-c2ccc(NC(C)=O)cc2)n1-c1ccc(C=NNC(=O)c2ccccc2O)cc1OC,1,O=C(NN=Cc1ccc(-n2cnnc2-c2ccccc2)cc1)c1ccccc1,0.0000000,0.0000,0.0000000,0.0000,0.0000000,0.0000,0.0000000,0.0000,['[#7;!n][#7;!n]'],31
34.4996,38.8852,-38.8451,0.0003137,CN1CCN(c2nccn2Cc2cn(-c3ccc(N4CCCC4)cc3)nn2)CC1,1,c1cn(Cc2cn(-c3ccc(N4CCCC4)cc3)nn2)c(N2CCNCC2)n1,0.0002102,308.0664,0.6607067,0.6607,0.5949616,2.5963,1.0000000,1.0000,[],31
95.9035,112.4305,-112.4305,0.0000000,C1C=C2C(C(=C3[N+](=C2C=Cc2c(cc(N(C)C)cc2)N2CCN(C)CC2)C=CCC3c2ccc(s2)-c2cnc(cc2)N=C=S)=Cc2ccc(SC)cc2)=CC1=Cc1oc2c(cc(cc2)N(C)C)n1,0,,0.0000000,0.0000,0.0000000,0.0000,0.0000000,0.0000,0.0000000,0.0000,None,31
46.0533,53.2189,-37.9811,0.1190454,CC1(c2cc(C(=O)NCCCN3CCN(c4ccccc4)CC3)c(N)c3ncccc23)C(=O)Nc2ncccc21,1,O=C(NCCCN1CCN(c2ccccc2)CC1)c1cc(C2C(=O)Nc3ncccc32)c2cccnc2c1,0.1128688,377.6147,0.2453100,0.2453,0.5055856,3.4102,1.0000000,1.0000,[],31
24.2036,25.4755,-25.4706,0.0000383,CCN1CCc2nc(N(C)C)sc2C1,1,c1nc2c(s1)CNCC2,0.0000229,283.9850,0.7402877,0.7403,0.5964141,2.5841,1.0000000,1.0000,[],31
60.6127,71.4453,-22.9865,0.3785848,CN(C)c1cccc2c(-c3cc(I)c(O)cc3N=Cc3ccc(Nc4cc(N)cc(N)c4)cc3O)c(N)ccc12,1,C(=Nc1ccccc1-c1cccc2ccccc12)c1ccc(Nc2ccccc2)cc1,0.3970940,395.4661,0.0675167,0.0675,0.5207218,3.2627,1.0000000,1.0000,[],31
81.6351,94.7219,-94.7219,0.0000000,N1(c2ccccc2)Cc2cc(c(N3CCC4(CC3)Oc3c(N4CCN(C3=O)CCCCCCCCCCC(N3CCN(CC3)c3ccc(cc3)Nc3ncnc(N4CCCc5c4cccc5)n3)=O)=N)cc2OC1)OC,0,,0.0000000,0.0000,0.0000000,0.0000,0.0000000,0.0000,0.0000000,0.0000,None,31
28.1749,33.9546,67.8141,0.7950684,O=C(Nc1ccc(N=Nc2ccccc2)cc1)N1CCN(c2nc(-c3cccs3)cs2)CC1,1,O=C(Nc1ccc(N=Nc2ccccc2)cc1)N1CCN(c2nc(-c3cccs3)cs2)CC1,0.8222035,416.6264,0.3295194,0.3295,0.6051805,2.5111,1.0000000,1.0000,[],31
69.4537,81.2701,-81.2701,0.0000000,C1CCC1(Cl)N1c2c(c3c(c(ccc3)-c3ccc(NCCNc4nc5c(cc(cc5)Cl)[nH]4)n3)cc2)N(c2ccccc2)C1=O,0,,0.0000000,0.0000,0.0000000,0.0000,0.0000000,0.0000,0.0000000,0.0000,None,31
61.6137,70.8101,-69.5941,0.0095000,C=Nc1ccc(-c2ccc(N(c3ccc(-c4cc5ccccc5n4-c4ccccc4)cc3)c3nc(-c4ccccc4)nc(-c4ccc(-c5ccc6c(c5)sc5ccccc56)cc4)n3)cc2)c2c1CCC=C2,1,C1=Cc2c(cccc2-c2ccc(N(c3ccc(-c4cc5ccccc5n4-c4ccccc4)cc3)c3nc(-c4ccccc4)nc(-c4ccc(-c5ccc6c(c5)sc5ccccc56)cc4)n3)cc2)CC1,0.0080630,347.7503,0.1282419,0.1282,0.4629751,3.8504,1.0000000,1.0000,[],31
35.1198,35.2524,-34.3060,0.0073936,COc1ccc(C2N=C(N)C(C#N)=C(c3ccccc3)C2C)cc1,1,C1=NC(c2ccccc2)CC(c2ccccc2)=C1,0.0058027,344.1539,0.9374616,0.9375,0.5159698,3.3085,1.0000000,1.0000,[],31
37.6443,39.5494,-38.4942,0.0082444,COc1cc(C(=O)Nc2cccc3c2C(=O)c2cn(C)nc2C3)cc(OC)c1OC,1,O=C(Nc1cccc2c1C(=O)c1c[nH]nc1C2)c1ccccc1,0.0065985,345.5580,0.5470351,0.5470,0.5987828,2.5643,1.0000000,1.0000,[],31
36.1661,41.0658,-40.7796,0.0022354,CCCCCCCNC(=O)C(C)=Cc1ccccc1N(C)C,1,c1ccccc1,0.0016684,330.5753,0.5463346,0.5463,0.6356201,2.2658,1.0000000,1.0000,[],31
100.4629,132.2216,-22.9034,0.8540486,CCN(CC)c1nc(Nc2ccc(N=Nc3ccccc3)cc2)nc(Nc2ccc(Nc3ccc(N=Nc4cc(Oc5ccc(N=Nc6ccc7cc(Oc8ccc(N)cc8)ccc7c6)cc5)c(Cl)c5ccc(=O)[nH]c45)c(S(=O)(=O)CC)c3)c(Nc3ccc(N=Nc4ccc(N(C)c5ccc(Nc6nc(C=Cc7ccc(N=Nc8ccccc8)cc7)cs6)cc5)cc4)cc3)c2)n1,1,O=c1ccc2cc(Oc3ccc(N=Nc4ccc5cc(Oc6ccccc6)ccc5c4)cc3)cc(N=Nc3ccc(Nc4ccc(Nc5ncnc(Nc6ccc(N=Nc7ccccc7)cc6)n5)cc4Nc4ccc(N=Nc5ccc(Nc6ccc(Nc7nc(C=Cc8ccc(N=Nc9ccccc9)cc8)cs7)cc6)cc5)cc4)cc3)c2[nH]1,0.9936031,465.2190,0.0148360,0.0148,0.2815400,6.3374,1.0000000,1.0000,[],31
56.8076,65.6527,39.4109,0.8208092,COC1C(=O)c2c(c3ccccc3n2-c2ccc(N(c3ccncc3)c3nc4ccccc4c4ccccc34)cc2)C=C1C#N,1,O=C1CC=Cc2c1n(-c1ccc(N(c3ccncc3)c3nc4ccccc4c4ccccc34)cc1)c1ccccc21,0.8695097,420.5924,0.1895522,0.1896,0.4786113,3.6843,1.0000000,1.0000,[],32
65.4154,81.7424,-81.7424,0.0000000,CN(C)c1ccc(N=Nc2ccc(-c3nc(Nc4ccc(N=Nc5ccc(O)cc5)cc4)nc(Nc4nc5sc(C=NNc6nc(-c7cccc(C(=O)O)c7)cs6)nc5cc4N)n3)cc2)cc1,1,C(=NNc1nc(-c2ccccc2)cs1)c1nc2ccc(Nc3nc(Nc4ccc(N=Nc5ccccc5)cc4)nc(-c4ccc(N=Nc5ccccc5)cc4)n3)nc2s1,0.0000000,0.0000,0.0000000,0.0000,0.0000000,0.0000,0.0000000,0.0000,"['[#7;!n][#7;!n]', 'C(=[O,S])[O,S]']",32
41.3186,52.2360,56.6467,0.8506461,Nc1cccc(CC2=Cc3ccc(OCc4ccc(N=Cc5ccccc5O)cc4)cc3C2=O)c1,1,O=C1C(Cc2ccccc2)=Cc2ccc(OCc3ccc(N=Cc4ccccc4)cc3)cc21,0.8905326,422.7591,0.2567561,0.2568,0.5818322,2.7079,1.0000000,1.0000,[],32
82.6665,94.0269,-94.0269,0.0000000,c1(OCC)c(c2c3c4c(c(ccc4nc2c2cc(OCCCSc4nc5c(cccc5)c5nc6c(cccc6)nc5o4)cc2)OCC)c2ccccc2n31)NCCCO,0,,0.0000000,0.0000,0.0000000,0.0000,0.0000000,0.0000,0.0000000,0.0000,None,32
48.4423,72.1709,23.7249,0.7491864,CCOc1ccc(-n2c(-c3ccc(NC(C)=O)cc3)cc(C=C(C#N)C(=O)Nc3ccc4nc(N5CCCCC5)ccc4c3)c2-c2ccc(N(C)C)cc2)cc1,1,O=C(C=Cc1cc(-c2ccccc2)n(-c2ccccc2)c1-c1ccccc1)Nc1ccc2nc(N3CCCCC3)ccc2c1,0.8040294,415.3270,0.1004197,0.1004,0.5325372,3.1505,1.0000000,1.0000,[],32
48.6057,63.3601,-63.3601,0.0000000,CNc1ccc2c(c1)oc1c3ccc(Nc4ccccc4)cc3c(C#Cc3cc(N(C)C)c4ccc(N(C)C)cc4n3)nc21,1,C(#Cc1nc2c3ccccc3oc2c2ccc(Nc3ccccc3)cc12)c1ccc2ccccc2n1,0.0000000,0.0000,0.0000000,0.0000,0.0000000,0.0000,0.0000000,0.0000,['C#C'],32
88.4342,97.6643,-97.6643,0.0000000,O=Cc1ccc(N2C(c3ccccc3)=CC=C(c3cccc4c(N=C5Oc6ccccc6N=C6C5=NNC5=NC6=C6C=CC(c7ccc(N(c8ccccc8)c8ccccc8)cc7)=C5O6)cccc34)c3ccccc32)cc1,1,C1=CC(c2ccc(N(c3ccccc3)c3ccccc3)cc2)=C2OC1=C1N=C2NN=C2C(=Nc3cccc4c(C5=CC=C(c6ccccc6)N(c6ccccc6)c6ccccc65)cccc34)Oc3ccccc3N=C21,0.0000000,0.0000,0.0000000,0.0000,0.0000000,0.0000,0.0000000,0.0000,['[#7;!n][#7;!n]'],32
109.4947,145.4498,-145.4498,0.0000000,c12c([nH]c(=O)c3c1n(C)nc(c3=O)N=Nc1cc(c(cc1)N=Nc1cc3c(c(N=Nc4ccc(cc4N)N=Nc4ccc5c(c4)cccc5)cc(c3)NCS(=O)(=O)O)cc1)O)cc(c(c2)N)N=Nc1cc(ccc1O)N=Nc1ccc(N=Nc2ccc3c(ccc(N=Nc4ccc(N=Nc5ccc(N=Nc6cc(N)ccc6)c(OC)c5)c4)c3)c2)cc1,0,,0.0000000,0.0000,0.0000000,0.0000,0.0000000,0.0000,0.0000000,0.0000,None,32
72.4024,87.9323,19.2773,0.8375745,CNc1nc2c(N3CCN(c4ccc(C)cc4)CC3)n3c(C)ccc3nc2c2c1-c1ccc(N3CCCCC3)cc1C2(c1ccc(N(C)C)cc1)c1ccc(N(c2ccccc2)c2ccccc2)cc1,1,c1ccc(N2CCN(c3c4ncc5c(c4nc4cccn34)C(c3ccccc3)(c3ccc(N(c4ccccc4)c4ccccc4)cc3)c3cc(N4CCCCC4)ccc3-5)CC2)cc1,0.8980814,496.3734,0.1455973,0.1456,0.4206754,4.3295,1.0000000,1.0000,[],32
46.2840,51.0417,-50.9995,0.0003298,Nc1ccc(N2CCN(c3ccc4c(c3)C(N3CCC3)CCO4)C2=S)c(F)c1,1,S=C1N(c2ccccc2)CCN1c1ccc2c(c1)C(N1CCC1)CCO2,0.0002225,308.6842,0.6302502,0.6303,0.5260127,3.2121,1.0000000,1.0000,[],32
61.2637,84.6211,-84.6211,0.0000000,C(c1cn2c(nc(-c3ccc(cc3)Nc3ncc(-c4ccc(NCc5ccc(NC(=O)C)cc5)cn4)cc3)nc2-c2ccc(N(CCO)CC)cc2)c(n1)C#N)#N,0,,0.0000000,0.0000,0.0000000,0.0000,0.0000000,0.0000,0.0000000,0.0000,None,32
22.7320,23.2541,-23.2352,0.0001478,OB(O)c1cc2c(cc1Br)OCO2,1,c1ccc2c(c1)OCO2,0.0000953,299.4753,0.6755649,0.6756,0.5541345,2.9517,1.0000000,1.0000,[],32
48.6797,70.4500,-70.4500,0.0000000,c1cc2n(c3c([nH]c2c2ccc(cc12)N=Nc1ccc(cc1)N=Nc1ccc(N=Nc2ccccc2)cc1)=NCCC3)-c1ccc(N=Nc2ccc(N=Nc3ccc(NCC)cc3)cc2)cc1,0,,0.0000000,0.0000,0.0000000,0.0000,0.0000000,0.0000,0.0000000,0.0000,None,32
69.1238,89.6576,-50.3705,0.3069303,CN(C)c1ccc(N=Nc2ccc3c(O)c(N=Nc4c(O)c(N=Nc5ccc6c(c5)Sc5ccccc5N6Cc5ccc(N=Cc6cc(O)ccc6O)cc5)c(N=Nc5ccc(N=Nc6ccc7ccc8cccc9ccc6c7c89)cc5)c5ccccc45)ccc3c2)cc1,1,C(=Nc1ccc(CN2c3ccccc3Sc3cc(N=Nc4cc(N=Nc5ccc6cc(N=Nc7ccccc7)ccc6c5)c5ccccc5c4N=Nc4ccc(N=Nc5ccc6ccc7cccc8ccc5c6c78)cc4)ccc32)cc1)c1ccccc1,0.3279808,527.7883,0.0335906,0.0336,0.3629622,5.0673,1.0000000,1.0000,[],32
36.2445,40.1631,-35.0033,0.0403108,CC(CCCS(=O)(=O)O)Nc1nc2c(=O)[nH]c(N)nc2c(=O)[nH]1,1,O=c1[nH]cnc2c(=O)[nH]cnc12,0.0355373,364.1600,0.4122759,0.4123,0.4906341,3.5603,1.0000000,1.0000,[],32
65.3477,89.4711,-89.4711,0.0000000,c1(c2c(cc([nH]2)-c2c3c(cc(nc3N3CCC(C)CC3)N)c(N)nc2N)nn1Cc1ccc(cc1)N)=NC(=O)NCCC,0,,0.0000000,0.0000,0.0000000,0.0000,0.0000000,0.0000,0.0000000,0.0000,None,32
61.6111,76.7776,-76.7776,0.0000000,COc1ccc(N(c2ccccc2)c2ccc(-c3c(C=C4SC(=O)N(c5cccc(C(=S)Cn6nnc7ccccc76)c5)C4=O)c4ccccc4n3C=O)cc2)cc1,1,O=C1SC(=Cc2c(-c3ccc(N(c4ccccc4)c4ccccc4)cc3)[nH]c3ccccc23)C(=O)N1c1cccc(C(=S)Cn2nnc3ccccc32)c1,0.0000000,0.0000,0.0000000,0.0000,0.0000000,0.0000,0.0000000,0.0000,"['C(=[O,S])[O,S]']",32
88.3996,100.8012,-93.4202,0.0576641,CN=C(C=C(N)CN)C=c1[nH]c(=CC=Cc2ccc(OCCCNC(O)=C3CC3)c(N(C)C)c2)nc1Nc1ccc(OCCN2CCOCC2)c(OC)c1,1,C=c1[nH]c(=CC=Cc2ccc(OCCCNC=C3CC3)cc2)nc1Nc1ccc(OCCN2CCOCC2)cc1,0.0551894,550.8372,0.0601993,0.0602,0.4342414,4.1708,1.0000000,1.0000,[],32
85.8696,109.2158,-2.6891,0.8322402,CC1c2cc(N)ccc2N(C)c2cc(-n3ccc4c5ccc(-c6ccc(N=Nc7c(N)nn(-c8ccc(N=Nc9ccc(N=Nc%10ccc(N=Nc%11ccc(N=Nc%12ccccc%12)cc%11)cc%10)nc9O)cc8)c7N)cc6)nc5c(N)nc43)ccc21,1,c1ccc(N=Nc2ccc(N=Nc3ccc(N=Nc4ccc(N=Nc5ccc(-n6cc(N=Nc7ccc(-c8ccc9c(cnc%10c9ccn%10-c9ccc%10c(c9)Nc9ccccc9C%10)n8)cc7)cn6)cc5)cn4)cc3)cc2)cc1,0.9246874,492.7718,0.0536633,0.0537,0.3413172,5.3747,1.0000000,1.0000,[],32
38.2452,45.9836,76.5081,0.9569663,CCOc1ccc(O)c(-c2sc3ccc(N(CC)CC)cc3[n+]2C)[n+]1CC,1,c1ccc(-c2[nH+]c3ccccc3s2)[nH+]c1,0.9830102,475.9408,0.6292924,0.6293,0.5012423,3.4533,1.0000000,1.0000,[],32
62.9737,77.2427,-62.7581,0.1131612,c1ccc(-c2ccc3ccc(-c4ccc(-c5nc(-c6ccc(-c7nc(-c8ccccc8)nc(-c8ccc(-c9ccc%10nccc(N(c%11ccccc%11)c%11ccccc%11)c%10c9)cc8)n7)cc6)nc6ccccc56)cc4)cc3c2)cc1,1,c1ccc(-c2ccc3ccc(-c4ccc(-c5nc(-c6ccc(-c7nc(-c8ccccc8)nc(-c8ccc(-c9ccc%10nccc(N(c%11ccccc%11)c%11ccccc%11)c%10c9)cc8)n7)cc6)nc6ccccc56)cc4)cc3c2)cc1,0.1092386,377.2154,0.1276605,0.1277,0.5045859,3.4201,1.0000000,1.0000,[],32
32.7988,37.4007,-5.3554,0.2503540,CC1(C)CCCC1CC(C#N)=Cc1ccc(N(c2ccccc2)c2ccccc2)cc1,1,C(=Cc1ccc(N(c2ccccc2)c2ccccc2)cc1)CC1CCCC1,0.2430381,387.6650,0.3850411,0.3850,0.5369506,3.1092,1.0000000,1.0000,[],32
57.4735,73.5256,20.3427,0.7333456,Cc1ccc2cc(N=Nc3cc(N=Nc4ccc5c6c(cccc46)NC5=O)c4cc(N5CCN(C)CC5)ccc4c3-c3ccc(N(C)C)cc3)ccc2n1,1,O=C1Nc2cccc3c(N=Nc4cc(N=Nc5ccc6ncccc6c5)c(-c5ccccc5)c5ccc(N6CCNCC6)cc45)ccc1c23,0.7749127,506.5775,0.1660439,0.1660,0.4961259,3.5046,1.0000000,1.0000,[],32
52.7018,64.0081,50.0742,0.8912685,N#CC(C#N)=c1sc(=Cc2cccc(C=CN(c3ccccc3)c3ccc(-c4ccc5c(c4)cc(C#N)c4ccccc45)cc3)c2)c(=O)n1-c1ccccc1,1,C=c1sc(=Cc2cccc(C=CN(c3ccccc3)c3ccc(-c4ccc5c(ccc6ccccc65)c4)cc3)c2)c(=O)n1-c1ccccc1,0.9536303,432.8286,0.1527081,0.1527,0.5059210,3.4069,1.0000000,1.0000,[],32
52.8259,61.6432,-61.6432,0.0000000,CCP(=O)(O)CCCCN1CCCC1c1cccc2sc(C=C3SC(=O)NC3=O)c(N)c12,1,O=C1NC(=O)C(=Cc2cc3c(C4CCCN4)cccc3s2)S1,0.0000000,0.0000,0.0000000,0.0000,0.0000000,0.0000,0.0000000,0.0000,"['C(=[O,S])[O,S]']",32
61.3096,69.7204,-69.7204,0.0000000,c12c(c(c3c(cc4c(n5c(c6cccc(c6nc5=N)F)nc4c3)=O)n1)-c1ccc(cc1)N(CCCC)C)ccs2,0,,0.0000000,0.0000,0.0000000,0.0000,0.0000000,0.0000,0.0000000,0.0000,None,32
71.6277,83.1861,-83.1861,0.0000000,C1N(C(=O)Nc2c3ccccc3c3cccc4ccc(NCCOC)c3c24)CCC(C1)CCCCNCC(c1ccc(c2c1N(CCC2)C)=O)O,0,,0.0000000,0.0000,0.0000000,0.0000,0.0000000,0.0000,0.0000000,0.0000,None,32
40.7344,42.2197,-42.2197,0.0000000,COc1ccc(C(=O)C2(O)c3ccccc3SC(=O)C2(F)F)cc1,1,O=C1CC(C(=O)c2ccccc2)c2ccccc2S1,0.0000000,0.0000,0.0000000,0.0000,0.0000000,0.0000,0.0000000,0.0000,"['C(=[O,S])[O,S]']",32
46.8693,53.0288,-51.9897,0.0081181,N#Cc1cc(-c2ccc(S(=O)(=O)n3c4c(c5ccccc53)C=CCC4)cc2)cc(N2c3ccccc3N(c3ccccc3)c3ccccc32)c1,1,O=S(=O)(c1ccc(-c2cccc(N3c4ccccc4N(c4ccccc4)c4ccccc43)c2)cc1)n1c2c(c3ccccc31)C=CCC2,0.0067366,345.7844,0.1828391,0.1828,0.5353881,3.1238,1.0000000,1.0000,[],32
63.4391,79.9261,-79.9261,0.0000000,c1cc2C(C)/C(=C/c3ccc(N([C@H]4COc5ccccc4C=5)C#N)cc3)C=Cc2cc1N(c1ccc2ccccc2c1)c1ccc(Nc2ccccc2)cc1,0,,0.0000000,0.0000,0.0000000,0.0000,0.0000000,0.0000,0.0000000,0.0000,None,32
45.6268,64.3227,-17.2538,0.3677252,CN(C)c1ccc(C=Nc2ccc(-c3nc(-c4ccc(-c5ccc(N=Cc6ccc(N(c7ccccc7)c7ccccc7)cc6)cc5)cc4)nc(-c4ccc5c(c4)C4(c6ccccc6-5)c5ccccc5-c5cccc6cccc4c56)n3)cc2)cc1,1,C(=Nc1ccc(-c2ccc(-c3nc(-c4ccc(N=Cc5ccccc5)cc4)nc(-c4ccc5c(c4)C4(c6ccccc6-5)c5ccccc5-c5cccc6cccc4c56)n3)cc2)cc1)c1ccc(N(c2ccccc2)c2ccccc2)cc1,0.3812176,394.7409,0.1140450,0.1140,0.3844507,4.7797,1.0000000,1.0000,[],32
99.2679,124.0382,-124.0382,0.0000000,c1ccc2c(cc[nH]c2=O)c1-c1nc2c(ccc(-n3c(-c4ccc(N)c(-c5c6ccc(cc6c(N6CCCCC6)c5)N)c4=N)ccc4nccn34)n2)nc1N=Cc1sc2ccccc2n1,0,,0.0000000,0.0000,0.0000000,0.0000,0.0000000,0.0000,0.0000000,0.0000,None,32
27.0805,26.5027,-26.2814,0.0017287,N#Cc1ccc(C2CN3CCC2CC3)cc1Cl,1,c1ccc(C2CN3CCC2CC3)cc1,0.0012667,327.5805,0.7617534,0.7618,0.4852685,3.6153,1.0000000,1.0000,[],32
30.0178,36.0159,-35.9421,0.0005763,CN=C(NCc1nnc(-c2ccccc2)o1)NCC1(c2ccc3c(c2)OCO3)CCCC1,1,N=C(NCc1nnc(-c2ccccc2)o1)NCC1(c2ccc3c(c2)OCO3)CCCC1,0.0004038,315.1597,0.4527178,0.4527,0.5666667,2.8399,1.0000000,1.0000,[],32
41.8997,41.6163,-41.6163,0.0000000,O=C(NN=Cc1c(O)c(O)c[nH]c1=O)C1CCCN1c1ccccc1,1,O=C(NN=Cc1ccc[nH]c1=O)C1CCCN1c1ccccc1,0.0000000,0.0000,0.0000000,0.0000,0.0000000,0.0000,0.0000000,0.0000,['[#7;!n][#7;!n]'],32
42.3751,41.2494,-16.7074,0.1917348,O=C(c1ccccc1)c1oc2cc(C3CO3)ccc2c1Nc1c(Cl)cccc1Cl,1,O=C(c1ccccc1)c1oc2cc(C3CO3)ccc2c1Nc1ccccc1,0.1851616,383.9120,0.2832973,0.2833,0.5597701,2.9011,1.0000000,1.0000,[],32
82.0387,93.4536,-93.4536,0.0000000,CC(=O)Nc1ccc(C=Cc2ccc(S(=O)(=O)N3C=C4C(=Nc5ccccc54)CC3=CC(=O)OC3=CC=C(C4(C(=O)NCCCCCC(=O)NO)CCCCC4)CC3)cc2)cc1,1,O=C(C=C1CC2=Nc3ccccc3C2=CN1S(=O)(=O)c1ccc(C=Cc2ccccc2)cc1)OC1=CC=C(C2CCCCC2)CC1,0.0000000,0.0000,0.0000000,0.0000,0.0000000,0.0000,0.0000000,0.0000,"['C(=[O,S])[O,S]']",32
219.1089,260.6968,-260.6968,0.0000000,c1c(ccc2c1-c1c3[C@H](SC(=Nc3n(-c3ccccc3)n1)NC2=Nc1cc(ccc1C)NC(=O)CCCCCOCCOCCOc1ccc(Nc2ccc(N=c3cc(OC)c(cc3)N=O)cc2)c2c1N=C([N+]2=Cc1c(cc(N2CCCCC2)cc1)N=Cc1c2ccccc2cc2c1N=C=Nc1ccc(Nc3ccc(N4CCOCC4)c4c3nccn4)cc1-2)=N)Oc1ccc(cc1)N=Cc1cc(c(Nc2ccccc2)cc1)Nc1ccc(cc1)Nc1,0,,0.0000000,0.0000,0.0000000,0.0000,0.0000000,0.0000,0.0000000,0.0000,None,32
25.2874,25.9132,-25.9060,0.0000557,CCCN1CCC(NC(=NCCc2ccc(Cl)s2)NCC)CC1,1,C(=NCCc1cccs1)NC1CCNCC1,0.0000342,288.3562,0.5808682,0.5809,0.5853786,2.6775,1.0000000,1.0000,[],32
45.9675,50.6110,-50.6110,0.0000000,Cc1c(C=NNc2ccc(N3CCCC3)cc2)cccc1C1C(=O)N=Cc2ccccc21,1,O=C1N=Cc2ccccc2C1c1cccc(C=NNc2ccc(N3CCCC3)cc2)c1,0.0000000,0.0000,0.0000000,0.0000,0.0000000,0.0000,0.0000000,0.0000,['[#7;!n][#7;!n]'],32
53.4546,57.6257,64.3055,0.9525876,COc1cc2nc(=O)c(Br)cnc2cc1NC1CCN(C(=O)C2CCN(CC3Cc4ccccc4N3)CC2)C1,1,O=C(C1CCN(CC2Cc3ccccc3N2)CC1)N1CCC(Nc2ccc3nc(=O)ccnc3c2)C1,0.9899288,470.1870,0.4483391,0.4483,0.4749514,3.7227,1.0000000,1.0000,[],32
30.1900,28.9674,-28.9674,0.0000000,Nc1c(C=CC(=O)O)cc(F)c(F)c1F,1,c1ccccc1,0.0000000,0.0000,0.0000000,0.0000,0.0000000,0.0000,0.0000000,0.0000,"['C(=[O,S])[O,S]']",32
55.4559,61.1444,-56.4487,0.0366852,CN1CC2CCC(C1)C2N=CC1=CCCC(NC(=O)c2cccc(Cl)c2)=C1c1nc2ccccc2s1,1,O=C(NC1=C(c2nc3ccccc3s2)C(C=NC2C3CCC2CNC3)=CCC1)c1ccccc1,0.0323433,363.1016,0.4092996,0.4093,0.3906306,4.7000,1.0000000,1.0000,[],32
34.0157,40.4416,-40.4416,0.0000000,c1ccc2c(c1)ccc1c2[nH]c2ccccc2nc2ccc3ccccc3n21,1,c1ccc2c(c1)ccc1c2[nH]c2ccccc2nc2ccc3ccccc3n21,0.0000000,0.0000,0.0000000,0.0000,0.0000000,0.0000,0.0000000,0.0000,['[*;r{8-17}]'],32
52.0168,67.2745,22.8339,0.7039714,CCN(CC)c1ccc(N=Nc2ccc(N=Nc3ccc(-c4ccc(C=Nc5cc(N6CCCC6)ccc5C=Cc5ccc(NCc6ccc(C#N)cc6)cc5)cc4)cc3)c(N)c2)cc1,1,C(=Cc1ccc(N2CCCC2)cc1N=Cc1ccc(-c2ccc(N=Nc3ccc(N=Nc4ccccc4)cc3)cc2)cc1)c1ccc(NCc2ccccc2)cc1,0.7753620,506.5495,0.0432580,0.0433,0.4700994,3.7741,1.0000000,1.0000,[],32
33.5190,41.9330,38.1330,0.6255152,N=C(N)c1c2cccc(O)c2nc2c(N)nc(N)nc12,1,c1ccc2nc3cncnc3cc2c1,0.6461581,406.5382,0.2413846,0.2414,0.5581304,2.9158,1.0000000,1.0000,[],32
24.5616,22.4501,-22.4462,0.0000307,O=C(Cc1ccccc1)NCC1CCCNC1,1,O=C(Cc1ccccc1)NCC1CCCNC1,0.0000181,281.4280,0.8223781,0.8224,0.6307520,2.3042,1.0000000,1.0000,[],32
59.7641,69.6999,-69.6999,0.0000000,c1c2ncnc(N)c2c2c(cc(c(OC)c2)OCCCN(C)C)n1CCN1CCCN(C1=O)CCC1=Nc2ccccc2N1,0,,0.0000000,0.0000,0.0000000,0.0000,0.0000000,0.0000,0.0000000,0.0000,None,32
97.8206,110.3978,-110.3978,0.0000000,CCN(CC)c1ccc(N=Cc2c(O)c(=O)[nH]c3cc(C=CNC(=O)N[N+](=CC=Cc4ccc(N(C)C)cc4)C4=C5Oc6cc(O)ccc6N5C(Cc5ccccn5)C(=O)C4=O)ccc23)cc1,1,O=C(NC=Cc1ccc2c(C=Nc3ccccc3)cc(=O)[nH]c2c1)N[N+](=CC=Cc1ccccc1)C1=C2Oc3ccccc3N2C(Cc2ccccn2)C(=O)C1=O,0.0000000,0.0000,0.0000000,0.0000,0.0000000,0.0000,0.0000000,0.0000,['[#7;!n][#7;!n]'],32
54.3819,64.1832,-64.1832,0.0000000,C1Cc2sc3c(c(NNC(CCNC)=O)c(c(N)n3)C)nc2C=1C=Cc1ccc(N(CC)CC)cc1,0,,0.0000000,0.0000,0.0000000,0.0000,0.0000000,0.0000,0.0000000,0.0000,None,32
51.4213,61.8818,57.6295,0.9336826,COc1ccc(-n2nnc(N=NC(=O)Cc3c(-c4ccc(N(C)C)cc4)c4ccccc4c(=O)c4ccccc34)n2)cc1,1,O=C(Cc1c(-c2ccccc2)c2ccccc2c(=O)c2ccccc12)N=Nc1nnn(-c2ccccc2)n1,0.9886945,448.5443,0.2191367,0.2191,0.5413018,3.0689,1.0000000,1.0000,[],32
75.9868,83.3167,-83.3167,0.0000000,c12cnc(-c3ccncc3)cc2c2c(cccc2)n1-c1ccc2c(c(n3c4ccccc4nc3c2-c2ccncc2)=C2C=CC(=NC3=C(n4cccc4)Sc4c3cccc4)C=C2)c1,0,,0.0000000,0.0000,0.0000000,0.0000,0.0000000,0.0000,0.0000000,0.0000,None,32
34.4641,41.0798,-39.2973,0.0139254,N#Cc1cccc(-c2ccc(-c3ccc4c5c6ccccc6ccc5n(-c5ccc(N(c6ccccc6)c6ccccc6)cc5)c4c3)cc2)c1,1,c1ccc(-c2ccc(-c3ccc4c5c6ccccc6ccc5n(-c5ccc(N(c6ccccc6)c6ccccc6)cc5)c4c3)cc2)cc1,0.0118705,351.9913,0.1816676,0.1817,0.5811784,2.7135,1.0000000,1.0000,[],32
47.2210,58.6726,54.3547,0.8830260,COc1ccc(OC)c(NS(=O)(=O)c2cc(N)ccc2NC=CC=C(c2ccc(N(C)C)cc2)c2ccc(N3CCCCC3)cc2)c1,1,O=S(=O)(Nc1ccccc1)c1ccccc1NC=CC=C(c1ccccc1)c1ccc(N2CCCCC2)cc1,0.9527164,432.6063,0.1088545,0.1089,0.5528821,2.9631,1.0000000,1.0000,[],32
64.4252,82.1653,-82.1653,0.0000000,c1cc2c(c3c(c(c2c2c1nccc2)=N)=Nc1c(c2c(c(N)c(N=Nc4cccc(NCC)c4)cc2NC=O)c1O)N=N)cccc3,0,,0.0000000,0.0000,0.0000000,0.0000,0.0000000,0.0000,0.0000000,0.0000,None,32
28.7207,26.9942,-26.9906,0.0000282,CCNC(=NCc1ccccc1F)NCc1c(CC)noc1CC,1,C(=NCc1ccccc1)NCc1cnoc1,0.0000167,280.5659,0.6036767,0.6037,0.5598556,2.9004,1.0000000,1.0000,[],32
55.1615,59.7389,-59.7389,0.0000000,c1c2CCN(c3ccc4c(nc(N5CCN(C(C)c6[nH]c([nH]n6)=S)c6ccccc6)c(c5n4)Cl)c3)c2ccc1,0,,0.0000000,0.0000,0.0000000,0.0000,0.0000000,0.0000,0.0000000,0.0000,None,32
40.4214,47.0276,-45.5088,0.0118659,CSc1ccc2sc(N3CCCN(c4nccc5cccc(N)c45)CC3)nc2c1,1,c1ccc2c(N3CCCN(c4nc5ccccc5s4)CC3)nccc2c1,0.0097971,349.8843,0.3763441,0.3763,0.5949797,2.5961,1.0000000,1.0000,[],32
46.4118,53.4916,64.5818,0.9224487,CCN(CC)c1ccc(N=Nc2ccc(F)c(N(Cc3ccccc3)C(N)=NC=C[N+](=O)[O-])c2)cc1,1,c1ccc(CNc2cccc(N=Nc3ccccc3)c2)cc1,0.9955602,458.7675,0.1205181,0.1205,0.5215863,3.2544,1.0000000,1.0000,[],32
37.6519,44.0004,-39.5366,0.0348739,Nc1ccc2c(F)c3nc(N4CCC4)[nH]c3cc2n1,1,c1cnc2cc3[nH]c(N4CCC4)nc3cc2c1,0.0299057,362.2235,0.6995247,0.6995,0.5748603,2.7681,1.0000000,1.0000,[],32
39.2938,46.5761,-6.4893,0.3131782,Cc1ccc(C=Cc2ccc(N(c3ccccc3)c3ccc(N(c4ccc(N(c5ccccc5)c5ccccc5)cc4)c4cccc5ccccc45)cc3)cc2)cc1Cl,1,C(=Cc1ccc(N(c2ccccc2)c2ccc(N(c3ccc(N(c4ccccc4)c4ccccc4)cc3)c3cccc4ccccc34)cc2)cc1)c1ccccc1,0.3186727,391.7497,0.1210821,0.1211,0.5702647,2.8083,1.0000000,1.0000,[],32
54.7910,70.5297,41.1599,0.8725748,CN(C)c1ccc(C=Nc2ccc(Oc3ccc(NC(=O)Nc4ccc(Nc5cc(N(C)C)ccc5C=Nc5ccc(Oc6cccc(Oc7ccc(N=Nc8ccc(N(C)C)cc8)cc7)c6F)cc5)cc4)cc3)cc2)cc1,1,O=C(Nc1ccc(Nc2ccccc2C=Nc2ccc(Oc3cccc(Oc4ccc(N=Nc5ccccc5)cc4)c3)cc2)cc1)Nc1ccc(Oc2ccc(N=Cc3ccccc3)cc2)cc1,0.9658330,436.2824,0.0537284,0.0537,0.4591783,3.8916,1.0000000,1.0000,[],32
55.9998,65.6318,-65.6318,0.0000000,N1(C(c2c(C)nn(c1N=C2)-c1ccc(N=C=O)cc1)=O)c1cccc(C=Cc2cccnc2)c1,0,,0.0000000,0.0000,0.0000000,0.0000,0.0000000,0.0000,0.0000000,0.0000,None,32
64.0480,79.6849,-79.6849,0.0000000,c12c3nc4cc(c(N)c(N)c4c(N=Nc4ccc(N=c5cc(N)nc6Cl)ccc5N)cc4c2cccc1ccc3N)N,0,,0.0000000,0.0000,0.0000000,0.0000,0.0000000,0.0000,0.0000000,0.0000,None,32
51.9601,67.6707,-67.6707,0.0000000,c12C(=O)CCC(N(c3ccc(cc3)-c3ccc(N(c4ccccc4)c4ccccc4)c4c3cccc4)c3ccc(s3)N(c3ccccc3)c3ccccc3)=c1c1ccc(N(c3ccccc3)c3ccccc3)cc1cc2,0,,0.0000000,0.0000,0.0000000,0.0000,0.0000000,0.0000,0.0000000,0.0000,None,33
52.0049,57.8172,-57.8172,0.0000000,CN(C)c1ccc(-c2oc(C3CCNCC3)nc2C2=C(O)CN(c3ccc(N)cc3)N2)cc1,1,C1=C(c2nc(C3CCNCC3)oc2-c2ccccc2)NN(c2ccccc2)C1,0.0000000,0.0000,0.0000000,0.0000,0.0000000,0.0000,0.0000000,0.0000,['[#7;!n][#7;!n]'],33
53.7125,65.3688,-65.3688,0.0000000,COc1ccc(OC)c(C=NNC(N)=Nc2cccc(NC(=O)C(N=Nc3cc(OC)ccc3O)=C3C=CC(=[N+]=[N-])C=C3)c2)c1,1,[N+]=C1C=CC(=C(N=Nc2ccccc2)C(=O)Nc2cccc(N=CNN=Cc3ccccc3)c2)C=C1,0.0000000,0.0000,0.0000000,0.0000,0.0000000,0.0000,0.0000000,0.0000,['[#7;!n][#7;!n]'],33
48.4536,59.5421,-54.5683,0.0388578,CN1CCN(c2ccc(-c3cc4c(c(-c5ccc(C6CNC6=O)cc5)nn4-c4ccc(N)cc4)c4c(N)ncnc34)cc2)CC1,1,O=C1NCC1c1ccc(-c2nn(-c3ccccc3)c3cc(-c4ccc(N5CCNCC5)cc4)c4ncncc4c23)cc1,0.0349963,363.9873,0.1971086,0.1971,0.4906886,3.5597,1.0000000,1.0000,[],33
86.6708,86.3254,31.5811,0.9211446,C=CC1=C2C=CC(=O)C2C(c2cc(CCc3cccc(Oc4ccc5c(c4)C(=O)N(C)C5)c3)ccc2Cl)Nc2nc3nccnc3c(O)c21,1,O=C1NCc2ccc(Oc3cccc(CCc4cccc(C5Nc6nc7nccnc7cc6C=C6C=CC(=O)C65)c4)c3)cc21,0.9856416,445.9153,0.1843216,0.1843,0.4134020,4.4167,1.0000000,1.0000,[],33
39.6148,41.5685,-40.2509,0.0102939,COc1ccc(C(=O)Cc2nc3ccccc3n2Cc2nnc3ccccc3c2Cl)cc1,1,O=C(Cc1nc2ccccc2n1Cc1cc2ccccc2nn1)c1ccccc1,0.0084559,348.2711,0.3414123,0.3414,0.6152294,2.4288,1.0000000,1.0000,[],33
60.4796,71.5683,20.7976,0.7216080,CN(C)c1ccc(C=CC2=C(c3cc(Nc4cccc(C=O)n4)n[nH]3)CC(c3ccc4c(c3)CCO4)=CC2)cc1,1,C(=Cc1ccccc1)C1=C(c2cc(Nc3ccccn3)n[nH]2)CC(c2ccc3c(c2)CCO3)=CC1,0.7521060,412.0503,0.2470607,0.2471,0.5042046,3.4239,1.0000000,1.0000,[],33
42.3046,54.6953,-54.6953,0.0000000,c1(-c2cc3c(cc(=[N+]4CCCCC4)o3)s2)cc(-c2ccc(N(c3ccccc3)c3ccccc3)cc2)nc(c1)-c1ccc2ccccc2n1,0,,0.0000000,0.0000,0.0000000,0.0000,0.0000000,0.0000,0.0000000,0.0000,None,33
34.9040,33.6373,-33.6373,0.0000000,O=C(Nc1sc2ccccc2c1C(=O)O)c1cc2cc(Br)ccc2oc1=O,1,O=C(Nc1cc2ccccc2s1)c1cc2ccccc2oc1=O,0.0000000,0.0000,0.0000000,0.0000,0.0000000,0.0000,0.0000000,0.0000,"['C(=[O,S])[O,S]']",33
21.6236,38.1088,79.5283,0.9190396,CN(C)c1ccc(N=Nc2ccc(C=Nc3ccc(N=Nc4ccccc4N=Nc4ccc(N(C)C)cc4)cc3)cc2)cc1,1,C(=Nc1ccc(N=Nc2ccccc2N=Nc2ccccc2)cc1)c1ccc(N=Nc2ccccc2)cc1,0.9901825,469.9071,0.1215264,0.1215,0.5536453,2.9562,1.0000000,1.0000,[],33
31.6309,40.1472,-6.1815,0.2653564,c1ccc(Nc2nc(-c3ccccc3)nc3c4cc(Nc5cccc6ccccc56)ccc4c4cccnc4c23)cc1,1,c1ccc(Nc2nc(-c3ccccc3)nc3c4cc(Nc5cccc6ccccc56)ccc4c4cccnc4c23)cc1,0.2626540,388.7928,0.2132350,0.2132,0.5990331,2.5622,1.0000000,1.0000,[],33
84.7682,97.7070,-97.7070,0.0000000,c1cc(S(=O)(N)=O)cc(c1)N=c1c(S)c2c(cc(c(N=Nc3cccc4ccccc34)c2)N=Cc2ccc(s2)N)n(-c2ccc3c(c2)C(c2c(N3C)cccc2)=O)c1O,0,,0.0000000,0.0000,0.0000000,0.0000,0.0000000,0.0000,0.0000000,0.0000,None,33
43.6752,48.8879,66.2276,0.8993402,CCN1C(=Cc2cc3ccccc3s2)C(=O)N(C)c2ccc(Nc3ccc(CO)cc3)nc21,1,O=C1Nc2ccc(Nc3ccccc3)nc2NC1=Cc1cc2ccccc2s1,0.9320363,428.4289,0.3949811,0.3950,0.5665997,2.8405,1.0000000,1.0000,[],33
39.1094,42.7568,-41.6714,0.0084798,N=Cc1cc(-n2c(NC(=O)c3ccccc3)cc3cccnc32)ccc1N,1,O=C(Nc1cc2cccnc2n1-c1ccccc1)c1ccccc1,0.0068758,346.0079,0.3829537,0.3830,0.5912705,2.6274,1.0000000,1.0000,[],33
40.7308,48.2030,-46.0590,0.0167496,CN(C)c1ccc(N(c2ccc(N)cc2)c2ccc3c4cccc(O)c4n(-c4ccccn4)c3c2)cc1,1,c1ccc(N(c2ccccc2)c2ccc3c4ccccc4n(-c4ccccn4)c3c2)cc1,0.0142580,354.0074,0.2572769,0.2573,0.5844788,2.6852,1.0000000,1.0000,[],33
32.5571,32.7038,-32.6919,0.0000929,C=C(C)COc1ccc(CN=C(N)Nc2ccc(Cl)cc2)cc1C,1,C(=NCc1ccccc1)Nc1ccccc1,0.0000590,294.2714,0.4599473,0.4599,0.6343536,2.2757,1.0000000,1.0000,[],33
88.1819,106.3004,-106.3004,0.0000000,Cc1nc(-c2c3ccccc3cc3ccccc23)sc1C=C(C#N)C(=O)NC1=NC(C#N)=C(N)[n+]2ccnc3ccc(nc32)-c2ccc(cc2)CCC(=O)Nc2ccc(cc2)COC(=O)C=C1,1,O=C(C=Cc1cnc(-c2c3ccccc3cc3ccccc23)s1)NC1=NC=C[n+]2ccnc3ccc(nc32)-c2ccc(cc2)CCC(=O)Nc2ccc(cc2)COC(=O)C=C1,0.0000000,0.0000,0.0000000,0.0000,0.0000000,0.0000,0.0000000,0.0000,"['C(=[O,S])[O,S]']",33
29.0173,37.1245,-37.1245,0.0000000,CN(C)c1ccc(C=Nc2ccc(C(=O)Oc3ccc(N4CCN(c5ccccc5)CC4)cc3)cc2)cc1,1,O=C(Oc1ccc(N2CCN(c3ccccc3)CC2)cc1)c1ccc(N=Cc2ccccc2)cc1,0.0000000,0.0000,0.0000000,0.0000,0.0000000,0.0000,0.0000000,0.0000,"['C(=[O,S])[O,S]']",33
36.1402,35.5394,-35.3476,0.0014980,Cc1ccc2c(CCNC(=O)Nc3ccc(-c4nc5ccccc5[nH]4)cc3)c(C)[nH]c2c1,1,O=C(NCCc1c[nH]c2ccccc12)Nc1ccc(-c2nc3ccccc3[nH]2)cc1,0.0011166,326.2097,0.2925913,0.2926,0.6318489,2.2955,1.0000000,1.0000,[],33
48.0031,49.4425,-49.2831,0.0012450,C=C(NC1CCC2(C)C(=CCC3C2CCC2(C)C(O)C(=O)CCC32)C1)C(N)N,1,O=C1CCC2C(CCC3C4CCCCC4=CCC23)C1,0.0009166,324.0648,0.4403931,0.4404,0.3871205,4.7451,1.0000000,1.0000,[],33
46.8940,61.5602,44.8548,0.8313678,CCCC=Cc1cc2nc3ccccc3[n+](N=Cc3ccc(N(CC)CC)cc3)c2cc1-c1ccc(NC(=O)C(C)C)cc1,1,C(=N[n+]1c2ccccc2nc2ccc(-c3ccccc3)cc21)c1ccccc1,0.8987553,496.2933,0.0962188,0.0962,0.5209554,3.2605,1.0000000,1.0000,[],33
61.1402,63.9858,-49.0115,0.1169865,CCCn1c2ccccc2c2nc(C(=O)Cc3c(O)ccc4cc(OCCCc5cc(N)ccc5N)ccc34)ccc21,1,O=C(Cc1cccc2cc(OCCCc3ccccc3)ccc12)c1ccc2[nH]c3ccccc3c2n1,0.1139743,377.7340,0.0941523,0.0942,0.5593939,2.9045,1.0000000,1.0000,[],33
50.5482,57.7346,63.3125,0.9456807,COc1cc(C=Nc2ccc3nn(C4=CC(=O)CC(=O)C=N4)cc3c2)ccc1OCc1ccccc1,1,O=C1C=NC(n2cc3cc(N=Cc4ccc(OCc5ccccc5)cc4)ccc3n2)=CC(=O)C1,0.9944292,463.7086,0.2812721,0.2813,0.5355218,3.1226,1.0000000,1.0000,[],33
44.4135,64.5000,-58.3609,0.0479622,N#Cc1c(N)nc(N=C2C(c3ccc(N=Cc4c(O)ccc5ccccc45)nc3N)=Nc3ccccc32)c2c(N)onc12,1,C(=Nc1ccc(C2=Nc3ccccc3C2=Nc2nccc3nocc23)cn1)c1cccc2ccccc12,0.0436350,553.5197,0.2093597,0.2094,0.4692940,3.7826,1.0000000,1.0000,[],33
40.4360,45.4274,-34.1147,0.0883806,COc1ccc(N(CC(C)C(C)=O)c2ccc(C=Cc3cccnc3)cc2)cc1,1,C(=Cc1cccnc1)c1ccc(Nc2ccccc2)cc1,0.0804660,373.5511,0.5035485,0.5035,0.5600083,2.8990,1.0000000,1.0000,[],33
37.9417,33.9401,-33.9401,0.0000000,O=C(CCCCCC(=O)ON1C(=O)CCC1=O)NCCCOCCOCCOCCCNC(=O)CCCCC1CCSS1,1,O=C(CCCCCC(=O)ON1C(=O)CCC1=O)NCCCOCCOCCOCCCNC(=O)CCCCC1CCSS1,0.0000000,0.0000,0.0000000,0.0000,0.0000000,0.0000,0.0000000,0.0000,"['[#16][#16]', 'C(=[O,S])[O,S]']",33
49.0086,56.3314,-48.8702,0.0582905,CN1CCN(CCOc2ccc(-c3ccnc4cc(Nc5cccc(N(CCC#N)c6ccccc6)n5)nn34)cc2)CC1,1,c1ccc(Nc2cccc(Nc3cc4nccc(-c5ccc(OCCN6CCNCC6)cc5)n4n3)n2)cc1,0.0532579,368.7538,0.2282714,0.2283,0.5482250,3.0053,1.0000000,1.0000,[],33
44.4765,54.5466,65.8328,0.9404636,Nc1nc(Oc2ccc(N=Nc3nc4ccccc4s3)cc2)nc2c1C=CNc1ccccc1-2,1,C1=Cc2cnc(Oc3ccc(N=Nc4nc5ccccc5s4)cc3)nc2-c2ccccc2N1,0.9888732,448.7193,0.2793267,0.2793,0.5354915,3.1229,1.0000000,1.0000,[],33
28.0311,33.5027,-33.5027,0.0000000,c12cccc3-c4c(C(c(cc1)[n+]23)=N)cccc4,0,,0.0000000,0.0000,0.0000000,0.0000,0.0000000,0.0000,0.0000000,0.0000,None,33
41.4528,58.1794,60.3642,0.9261217,Cc1cc2c(=O)n3c(oc4ccc(N)cc43)c(C=Nc3ccc(N=Nc4ccc(N(C)C)cc4)cc3)c2cc1N,1,O=c1c2ccccc2c(C=Nc2ccc(N=Nc3ccccc3)cc2)c2oc3ccccc3n12,0.9948352,457.1174,0.1425732,0.1426,0.5118794,3.3483,1.0000000,1.0000,[],33
61.9883,70.3389,-29.7418,0.3171643,CCNc1cc(Nc2ccc(N)cc2)c2c(c1)oc1ccc3cc(NC4=CC(C)=CC(C)(C)C=C4C)ccc3c12,1,C1=CCC=CC(Nc2ccc3c(ccc4oc5cccc(Nc6ccccc6)c5c43)c2)=C1,0.3205038,391.8412,0.1650697,0.1651,0.5136128,3.3314,1.0000000,1.0000,[],33
50.3609,57.4793,-56.8967,0.0045515,CCCCCOc1cc(C(=O)Nc2ccc3c(c2)c(-c2ccc(N)cc2)c(S(N)(=O)=O)n3Cc2ccc(OC)cc2)ccc1OC,1,O=C(Nc1ccc2c(c1)c(-c1ccccc1)cn2Cc1ccccc1)c1ccccc1,0.0037290,339.3303,0.0990942,0.0991,0.5800340,2.7233,1.0000000,1.0000,[],33
55.2325,67.2257,-67.2257,0.0000000,COc1ccc2c(C#N)c(C#CCCN3Cc4ccsc4N=C3Nc3ccc([N+](=O)[O-])cc3)[nH]c2c1,1,C(#Cc1cc2ccccc2[nH]1)CCN1Cc2ccsc2N=C1Nc1ccccc1,0.0000000,0.0000,0.0000000,0.0000,0.0000000,0.0000,0.0000000,0.0000,['C#C'],33
27.7458,27.6399,-27.6041,0.0002801,Nc1ccc2c(C(=O)N3CCC4CCCCC43)c[nH]c2c1,1,O=C(c1c[nH]c2ccccc12)N1CCC2CCCCC21,0.0001859,306.7317,0.7896820,0.7897,0.5444314,3.0401,1.0000000,1.0000,[],33
51.4064,67.9885,-2.8776,0.5086794,Cc1cc(NC(=O)c2oc3ccccc3c3c(N)ccc(=O)c2-3)ccc1Nc1ccc(N=Cc2ccc(N=Nc3ccc(N=Nc4ccc(N)cc4)cc3)cc2)cc1,1,O=C(Nc1ccc(Nc2ccc(N=Cc3ccc(N=Nc4ccc(N=Nc5ccccc5)cc4)cc3)cc2)cc1)c1oc2ccccc2c2cccc(=O)c1-2,0.5489762,517.8661,0.0464534,0.0465,0.4930480,3.5357,1.0000000,1.0000,[],33
42.8372,52.0043,-52.0043,0.0000000,C1(=Cc2ccc(cc2)N2CCCC2)C(N(C2C=C(C=C3C=CC=CC23)=N1)C)=O,0,,0.0000000,0.0000,0.0000000,0.0000,0.0000000,0.0000,0.0000000,0.0000,None,33
49.4401,67.4588,-17.0215,0.3940416,CC1CCN(C(=O)NC2=NC(c3ccccc3)C(N3C=C(C=Cc4ccc(N5CCCC5=O)cc4)CC3)CC2)CC1,1,O=C(NC1=NC(c2ccccc2)C(N2C=C(C=Cc3ccc(N4CCCC4=O)cc3)CC2)CC1)N1CCCCC1,0.3904602,395.1644,0.4840262,0.4840,0.4465877,4.0306,1.0000000,1.0000,[],33
67.2319,86.8615,2.8242,0.7006693,CCN(CCO)CCCCCCN(C)c1ccc(N=Nc2ccc(N=Nc3ccc(N=Nc4ccc5c(N=Nc6ccc7c(C#N)c(N)c(N)c(N)c7c6F)c(O)[nH]c5c4)c4ccccc34)cc2)cc1,1,c1ccc(N=Nc2ccc(N=Nc3ccc(N=Nc4ccc5c(N=Nc6ccc7ccccc7c6)c[nH]c5c4)c4ccccc34)cc2)cc1,0.7867125,505.8287,0.0257212,0.0257,0.4064027,4.5021,1.0000000,1.0000,[],33
72.2403,93.8814,20.0335,0.8899604,CCN(CC)c1ccc(N=Nc2cccc(-c3[nH]ncc3N=Nc3ccc(Nc4cnc(N(C)C)nc4Nc4ccc(N5CCN(C)CC5)c(N=Nc5c(-c6ccccc6)[nH]c6ccccc56)c4)cc3)n2)c(N)c1,1,c1ccc(N=Nc2cccc(-c3[nH]ncc3N=Nc3ccc(Nc4cncnc4Nc4ccc(N5CCNCC5)c(N=Nc5c(-c6ccccc6)[nH]c6ccccc56)c4)cc3)n2)cc1,0.9958117,460.5965,0.0426504,0.0427,0.4075975,4.4874,1.0000000,1.0000,[],33
43.1831,54.5746,-2.4749,0.4070287,COc1ccc(C2N=c3nc4c(nc3=C2N2CCOCC2)[SH]=C2c3ccccc3N=CN24)c(OC)c1,1,C1=Nc2ccccc2C2=[SH]c3nc4c(nc3N12)=NC(c1ccccc1)C=4N1CCOCC1,0.4060131,524.1309,0.4321033,0.4321,0.4190056,4.3494,1.0000000,1.0000,[],33
35.9372,45.4948,61.9809,0.8396536,C(=Cc1nc2ccccc2s1)c1cc2c(s1)c(-c1ccc(N(c3ccccc3)c3ccccc3)cc1)cc1c2c2ccccc2n1-c1ccc(N(c2ccccc2)c2ccccc2)cc1,1,C(=Cc1nc2ccccc2s1)c1cc2c(s1)c(-c1ccc(N(c3ccccc3)c3ccccc3)cc1)cc1c2c2ccccc2n1-c1ccc(N(c2ccccc2)c2ccccc2)cc1,0.8987642,423.7078,0.1368477,0.1368,0.5040557,3.4253,1.0000000,1.0000,[],33
54.9917,61.7898,-61.7898,0.0000000,COCCCN1CCN(CC1)c1ccc(-c2c(oc3c2nccc3N2CCC(CC2)N2CCc3ccccc3C2=O)=O)cc1,0,,0.0000000,0.0000,0.0000000,0.0000,0.0000000,0.0000,0.0000000,0.0000,None,33
22.1909,23.8861,-23.8861,0.0000000,CN(C)c1ccc(C=NNc2nc3ccccc3s2)cc1,1,C(=NNc1nc2ccccc2s1)c1ccccc1,0.0000000,0.0000,0.0000000,0.0000,0.0000000,0.0000,0.0000000,0.0000,['[#7;!n][#7;!n]'],33
39.9672,54.4314,64.6519,0.9303387,CC1=C(C#N)C2(N=Nc3c4ccccc4nc4ccc([N+](=O)[O-])cc34)C=CC=CC2=N1,1,C1=CC2=NC=CC2(N=Nc2c3ccccc3nc3ccccc23)C=C1,0.9849899,445.4262,0.2470181,0.2470,0.4518072,3.9725,1.0000000,1.0000,[],33
41.8078,54.7179,56.7947,0.8711928,O=C1C(=C(c2ccc(N(c3ccccc3)c3ccccc3)cc2)c2cc(-c3ccc(-c4ccc5cc(N(c6ccccc6)c6ccccc6)ccc5c4)cc3)ccn2)c2ccccc2N1c1ccccc1,1,O=C1C(=C(c2ccc(N(c3ccccc3)c3ccccc3)cc2)c2cc(-c3ccc(-c4ccc5cc(N(c6ccccc6)c6ccccc6)ccc5c4)cc3)ccn2)c2ccccc2N1c1ccccc1,0.9376702,429.4339,0.1212516,0.1213,0.5102709,3.3641,1.0000000,1.0000,[],33
71.9124,79.9970,-79.9970,0.0000000,COc1ccc(Oc2nc3ccc(NC(=O)OC(C)(C)C)cc3cc2CS(=O)(=O)c2c3c4ccccc4[s+]c(N4CCCC4)c3c3ccccn23)cc1,1,O=S(=O)(Cc1cc2ccccc2nc1Oc1ccccc1)c1c2c3ccccc3[s+]c(N3CCCC3)c2c2ccccn12,0.0000000,0.0000,0.0000000,0.0000,0.0000000,0.0000,0.0000000,0.0000,"['C(=[O,S])[O,S]']",33
58.8484,66.3435,-66.3435,0.0000000,c1(F)ccc(cc1F)N1C(/C(=C\c2cc(ccc2N2CCOCC2)-n2c(=O)[nH]c(c2C)[N+]=1C)C#N)=O,0,,0.0000000,0.0000,0.0000000,0.0000,0.0000000,0.0000,0.0000000,0.0000,None,33
85.2266,104.1186,-104.1186,0.0000000,O=S(N1CCN(CC1)C1N=C2C=C/C(=C3/N(c4c(cc(C=Cc5ccc(cc5)N=Nc5ccc(N(CC)CC)cc5)c(C)c4C=3)C#N)C)C=Cc3c2cccc3)ccc1N=C1c2c(N=C1)cccc2,0,,0.0000000,0.0000,0.0000000,0.0000,0.0000000,0.0000,0.0000000,0.0000,None,33
56.7726,72.2071,39.7489,0.8746566,CN(C)c1ccc(N=Nc2ccc(N=Nc3cc4ccc(N5C=CC6=C(c7c[nH]c8ccccc78)C(=O)N6C5=N)cc4s3)cc2)cc1,1,N=C1N2C(=O)C(c3c[nH]c4ccccc34)=C2C=CN1c1ccc2cc(N=Nc3ccc(N=Nc4ccccc4)cc3)sc2c1,0.9331536,491.3781,0.1704809,0.1705,0.4694507,3.7810,1.0000000,1.0000,[],33
43.2592,48.6583,-48.6583,0.0000000,COC(=O)C(c1ccc2c(c1)oc1ccccc12)N1CCCC(=Nc2ccccc2)C1,1,c1ccc(N=C2CCCN(Cc3ccc4c(c3)oc3ccccc34)C2)cc1,0.0000000,0.0000,0.0000000,0.0000,0.0000000,0.0000,0.0000000,0.0000,"['C(=[O,S])[O,S]']",33
36.3355,39.5877,-39.5877,0.0000000,O=C(CCc1ccc2c3c(cccc31)=N[C@@H](c1ccccc1)N2)N,0,,0.0000000,0.0000,0.0000000,0.0000,0.0000000,0.0000,0.0000000,0.0000,None,33
34.5993,39.3151,-38.7949,0.0040641,O=C1CCCN1c1ccc2cc(S(=O)(=O)Nc3ccc(N4CCNCC4)cc3F)ccc2c1,1,O=C1CCCN1c1ccc2cc(S(=O)(=O)Nc3ccc(N4CCNCC4)cc3)ccc2c1,0.0031231,337.3985,0.6005397,0.6005,0.6130486,2.4466,1.0000000,1.0000,[],33
44.1304,56.7724,-39.9952,0.1310725,Cc1cc(-c2ccc(C=C(C#N)c3ccc(N)cc3)c(-c3cc(N)cc(N)c3)c2)ccc1N,1,C(=Cc1ccc(-c2ccccc2)cc1-c1ccccc1)c1ccccc1,0.1256104,378.9330,0.1865191,0.1865,0.5831574,2.6965,1.0000000,1.0000,[],33
39.9356,52.5725,-15.1963,0.2920017,CCN(CC)c1ccc(C=Nc2ccc(-c3cn4c(N(C)Cc5ccc(C)cc5)c(C#N)c(N)nc4n3)cc2)cc1,1,C(=Nc1ccc(-c2cn3c(NCc4ccccc4)ccnc3n2)cc1)c1ccccc1,0.2909590,390.3290,0.2167072,0.2167,0.5413147,3.0688,1.0000000,1.0000,[],33
40.9840,49.9705,-40.2845,0.0756718,c1ccc(Nc2ccc3c(ccc4c3cc(-c3ccccc3)n4-c3ccc4c(c3)c3cccc(-c5ccc(N(c6ccccc6)c6ccccc6)cc5)c3n4-c3ccccc3)n2)cc1,1,c1ccc(Nc2ccc3c(ccc4c3cc(-c3ccccc3)n4-c3ccc4c(c3)c3cccc(-c5ccc(N(c6ccccc6)c6ccccc6)cc5)c3n4-c3ccccc3)n2)cc1,0.0709840,372.0784,0.1576280,0.1576,0.5249738,3.2220,1.0000000,1.0000,[],33
77.6207,91.1158,13.3581,0.8162022,CCCCCOc1ccc(N(c2ccc(N=Nc3ccc(N=Nc4ccc(N(CC)CC)cc4)cc3)cc2)c2ccc3c(O)c(N=Nc4ccc(C(C)=Nc5ccc(N=c6ccc(C)c7n6C(=O)C(C)=C7)cc5)cc4)sc3c2)cc1,1,O=C1C=Cc2cccc(=Nc3ccc(N=Cc4ccc(N=Nc5cc6ccc(N(c7ccccc7)c7ccc(N=Nc8ccc(N=Nc9ccccc9)cc8)cc7)cc6s5)cc4)cc3)n21,0.9077901,495.1698,0.0456655,0.0457,0.3946351,4.6490,1.0000000,1.0000,[],33
32.5696,34.3308,2.5170,0.2878733,O=C(Nc1cc([N+](=O)[O-])ccc1S(=O)(=O)O)c1ccc(N2CCCC2)cc1,1,O=C(Nc1ccccc1)c1ccc(N2CCCC2)cc1,0.2788466,389.6834,0.4551300,0.4551,0.6576797,2.0952,1.0000000,1.0000,[],33
73.1320,78.1478,-78.1478,0.0000000,c1n(c(-c2ccc(-c3cc4c(C(C)(c5cccc6c5n-6c5n(c(-c6cccs6)cc5)-c5ccccc5)[n+]4C)cc3)cc2)[n+](-c2ccccc2)c1)-c1ccccc1,0,,0.0000000,0.0000,0.0000000,0.0000,0.0000000,0.0000,0.0000000,0.0000,None,33
33.1733,45.2710,71.3190,0.9108601,CN1CCN(c2cc3c(cc2N=Nc2ccc(N(C)C)cc2)oc(-c2ccc(O)cc2)[n+]3C)CC1,1,c1ccc(N=Nc2cc3oc(-c4ccccc4)[nH+]c3cc2N2CCNCC2)cc1,0.9512814,487.7346,0.3323826,0.3324,0.5253507,3.2184,1.0000000,1.0000,[],33
68.0310,86.9583,-66.9468,0.1563401,CN(C)c1ccc(C=C(C#N)N=Nc2c(N)c(N)c(-[n+]3c(N=Cc4ccc(NCCCNc5ccc(N=Nc6ccc(N(C)C)cc6)cc5)cc4)sc4ccccc43)c(N)c2C#N)cc1,1,C(=Cc1ccccc1)N=Nc1ccc(-[n+]2c(N=Cc3ccc(NCCCNc4ccc(N=Nc5ccccc5)cc4)cc3)sc3ccccc32)cc1,0.1647270,537.6266,0.0155294,0.0155,0.4173124,4.3696,1.0000000,1.0000,[],33
25.2217,31.7068,8.3695,0.3130961,CNc1ccc2c(=O)c3cc(NC)ccc3oc2c1,1,O=c1c2ccccc2oc2ccccc12,0.3008049,390.8422,0.6901149,0.6901,0.6411612,2.2224,1.0000000,1.0000,[],33
75.4141,99.1678,-99.1678,0.0000000,N(C1C=C2C(C(C=1C#N)=c1ccc(=c3ccccc3=C)c(=C\C=C/C)c1-c1ccc(N=Cc3ccc(N(C)C)cc3)cc1)C=Cc1ccccc12)C(=O)c1ccc(N=Nc2ccc(N(C)C)cc2)cc1,0,,0.0000000,0.0000,0.0000000,0.0000,0.0000000,0.0000,0.0000000,0.0000,None,33
57.7059,66.4285,-63.4778,0.0230527,Fc1cc(F)cc(-c2ccc(-c3ccc(F)c(OCc4ccnc5ccc(C6=CC=CC6)cc45)c3F)cc2F)c1,1,C1=CCC(c2ccc3nccc(COc4cccc(-c5ccc(-c6ccccc6)cc5)c4)c3c2)=C1,0.0201383,357.8214,0.2000454,0.2000,0.5537804,2.9549,1.0000000,1.0000,[],33
34.7935,42.8442,-42.8442,0.0000000,C1=CN(NCc2ccc(N(c3ccccc3)c3ccc(N=Nc4ccccc4)cc3)cc2)CC1,1,C1=CN(NCc2ccc(N(c3ccccc3)c3ccc(N=Nc4ccccc4)cc3)cc2)CC1,0.0000000,0.0000,0.0000000,0.0000,0.0000000,0.0000,0.0000000,0.0000,['[#7;!n][#7;!n]'],33
39.4863,43.8883,-37.8585,0.0471076,Oc1cccc(-c2ccc3nc(Nc4ccc(C5CCN(c6cccnc6)CC5)cc4)ncc3c2)c1,1,c1ccc(-c2ccc3nc(Nc4ccc(C5CCN(c6cccnc6)CC5)cc4)ncc3c2)cc1,0.0420884,366.0709,0.3024942,0.3025,0.6106011,2.4666,1.0000000,1.0000,[],34
47.7112,63.6722,-56.5100,0.0559547,CN(C)c1ccc(-c2nc3ccc(-c4ccc5cc(-c6ccc(-c7cc(-c8ccc(-c9ccccc9)s8)c8ccccc8c7)cc6)ccc5n4)cc3[nH]2)cc1,1,c1ccc(-c2nc3ccc(-c4ccc5cc(-c6ccc(-c7cc(-c8ccc(-c9ccccc9)s8)c8ccccc8c7)cc6)ccc5n4)cc3[nH]2)cc1,0.0514130,368.3499,0.1779669,0.1780,0.5500309,2.9889,1.0000000,1.0000,[],34
35.2472,37.9220,-18.5996,0.1509565,CN=c1sc2cc(Br)ccc2n1N=Cc1cc(Br)ccc1OCc1ccc(Cl)cc1,1,N=c1sc2ccccc2n1N=Cc1ccccc1OCc1ccccc1,0.1445278,380.6936,0.2434571,0.2435,0.5824702,2.7024,1.0000000,1.0000,[],34
41.3491,46.7284,-41.0431,0.0444165,CN1C(=O)c2cccc3c(N4C(=O)C5C6C=CC(C=Cc7ccccc7)(O6)C5C4=O)ccc1c23,1,O=C1Nc2ccc(N3C(=O)C4C5C=CC(C=Cc6ccccc6)(O5)C4C3=O)c3cccc1c23,0.0394521,365.3388,0.4495107,0.4495,0.3843906,4.7805,1.0000000,1.0000,[],34
34.8994,44.0743,74.5430,0.9266974,c1ccc(Nc2ncnc(Nc3ccccc3Nc3ccc(N=Nc4[nH]nc5ccccc45)cc3)n2)cc1,1,c1ccc(Nc2ncnc(Nc3ccccc3Nc3ccc(N=Nc4[nH]nc5ccccc45)cc3)n2)cc1,0.9895190,470.6245,0.1609937,0.1610,0.5675940,2.8317,1.0000000,1.0000,[],34
52.0232,58.3328,-36.5632,0.1700751,c1ccc(-c2ccc(-c3ccc(-c4cnc5cccc(-n6c7ccccc7c7c8c(-c9cccnc9)nc(-c9ccccc9)cc8ccc76)n45)cc3)cc2)cc1,1,c1ccc(-c2ccc(-c3ccc(-c4cnc5cccc(-n6c7ccccc7c7c8c(-c9cccnc9)nc(-c9ccccc9)cc8ccc76)n45)cc3)cc2)cc1,0.1659859,382.4724,0.1721759,0.1722,0.5305194,3.1695,1.0000000,1.0000,[],34
39.5611,44.2989,-44.2989,0.0000000,CCCCn1c(=S)n(CCCCCC(=O)O)c2cc(N=Cc3ccc(C)cc3)ccc21,1,S=c1[nH]c2ccc(N=Cc3ccccc3)cc2[nH]1,0.0000000,0.0000,0.0000000,0.0000,0.0000000,0.0000,0.0000000,0.0000,"['C(=[O,S])[O,S]']",34
59.9493,60.0092,-60.0092,0.0000000,c1ccc2c(c1)c1c(c(n3c(c1)c(-c1ccccc1)c1c3cccc1)=O)cc2-c1cc(-n2c3c(c4ccccc24)cc2c4c(ccc2c3)cccc4)ccc1,0,,0.0000000,0.0000,0.0000000,0.0000,0.0000000,0.0000,0.0000000,0.0000,None,34
51.9346,69.7537,-69.7537,0.0000000,O=[N+]([O-])c1ccccc1-c1oc(=O)c2c([nH]c3c2cccc3)cc1=Nc1ccc(N=Nc2ccc(N=Nc3ccc(N=Nc4ccc(N(C)C)cc4)c4ccccc34)cc2)cc1,0,,0.0000000,0.0000,0.0000000,0.0000,0.0000000,0.0000,0.0000000,0.0000,None,34
24.9999,23.8392,-23.8315,0.0000604,CCNC(CSc1ccc(F)cc1)c1ccccc1,1,c1ccc(CCSc2ccccc2)cc1,0.0000368,289.1573,0.7901810,0.7902,0.6299324,2.3107,1.0000000,1.0000,[],34
41.9981,48.7517,2.1645,0.3977822,CCCCNc1ccc(Nc2c(C(F)(F)F)ccc3c(NC(=O)c4ccc(F)cc4)cccc23)cc1,1,O=C(Nc1cccc2c(Nc3ccccc3)cccc12)c1ccccc1,0.4046655,395.8084,0.1705593,0.1706,0.6271729,2.3327,1.0000000,1.0000,[],34
27.1817,28.2468,-28.2381,0.0000679,c1cnc(-c2ccc(Oc3nncs3)cc2)nc1,1,c1cnc(-c2ccc(Oc3nncs3)cc2)nc1,0.0000418,290.5374,0.7207201,0.7207,0.6212494,2.3801,1.0000000,1.0000,[],34
57.6318,69.2026,-4.4026,0.5062502,NC1=NC(c2ccsc2)c2c(nc(N)n(C3=Nc4cc(NCc5ccc(NC(=O)Nc6ccccc6)cc5)ccc4OC3)c2=O)N1,1,O=C(Nc1ccccc1)Nc1ccc(CNc2ccc3c(c2)N=C(n2cnc4c(c2=O)C(c2ccsc2)N=CN4)CO3)cc1,0.5269804,401.1729,0.1518561,0.1519,0.4580092,3.9043,1.0000000,1.0000,[],34
39.2003,51.3212,63.6539,0.8982426,Nc1nc2c(N)c(N=Nc3ccc(C(=O)NCCSc4ccc(Cl)cc4)cc3)ccc2o1,1,O=C(NCCSc1ccccc1)c1ccc(N=Nc2ccc3ocnc3c2)cc1,0.9616202,434.9725,0.1407630,0.1408,0.5679091,2.8290,1.0000000,1.0000,[],34
40.5647,48.4442,-48.2407,0.0015894,COc1ccc2ccc3c(-n4c(=O)n(-c5ccc6ccccc6c5)c5ccccc54)cccc3c2c1,1,O=c1n(-c2ccc3ccccc3c2)c2ccccc2n1-c1cccc2c1ccc1ccccc12,0.0011937,326.9356,0.2572167,0.2572,0.6210057,2.3821,1.0000000,1.0000,[],34
44.8512,46.0306,-46.0306,0.0000000,O=C(O)C1OC(Oc2c(-c3ccc(O)c(O)c3)oc3ccc(O)cc3c2=O)C(O)C(O)C1OC1OC(CO)C(O)C(O)C1O,1,O=c1c(OC2CCC(OC3CCCCO3)CO2)c(-c2ccccc2)oc2ccccc12,0.0000000,0.0000,0.0000000,0.0000,0.0000000,0.0000,0.0000000,0.0000,"['C(=[O,S])[O,S]']",34
61.5150,68.4950,-51.3705,0.1337844,COC1=Cc2ccc([N+](=O)[O-])cc2C(=O)C1=Nc1ccccc1Nc1nc2c(N(c3ccccc3)c3ccccc3)c3ccccc3n2[nH]1,1,O=C1C(=Nc2ccccc2Nc2nc3c(N(c4ccccc4)c4ccccc4)c4ccccc4n3[nH]2)C=Cc2ccccc21,0.1303876,540.6022,0.1246661,0.1247,0.5045868,3.4201,1.0000000,1.0000,[],34
72.1043,82.7747,-82.7747,0.0000000,c1(C/C=C/CCC2C(C(CC=2)=c2c=ccc3c2NC(C2C=CC(CC2=3)=O)=O)=O)ccc(N(c2ccccc2)c2ccccc2)nc1,0,,0.0000000,0.0000,0.0000000,0.0000,0.0000000,0.0000,0.0000000,0.0000,None,34
58.6635,63.0469,46.6733,0.8571886,OC(N=Cc1ccccn1)c1[nH]ncc1-c1cnc2nc(-c3cccc4[nH]ccc34)cnc2n1,1,C(=NCc1[nH]ncc1-c1cnc2nc(-c3cccc4[nH]ccc34)cnc2n1)c1ccccn1,0.8937984,423.1277,0.3435957,0.3436,0.4633055,3.8468,1.0000000,1.0000,[],34
61.6799,78.4357,-70.6393,0.0609095,CN(C)c1ccc(N=Nc2c3ccccc3cc3c2c2c(c4ccccc4n2C)c2c3c3ccccc3n2-c2ccc(N=Cc3c(O)[nH]c4cccc(N5CCCc6ccccc65)c34)cc2)cc1,1,C(=Nc1ccc(-n2c3ccccc3c3c4cc5ccccc5c(N=Nc5ccccc5)c4c4[nH]c5ccccc5c4c32)cc1)c1c[nH]c2cccc(N3CCCc4ccccc43)c12,0.0575923,550.3469,0.0949051,0.0949,0.4477418,4.0177,1.0000000,1.0000,[],34
30.3056,37.3395,70.4492,0.8420988,Cc1cc(-c2ccc(N=NC3C=Cc4ccccc4N3)cc2)n[nH]1,1,C1=CC(N=Nc2ccc(-c3cc[nH]n3)cc2)Nc2ccccc21,0.8574837,419.4840,0.6726923,0.6727,0.4991118,3.4746,1.0000000,1.0000,[],34
41.0324,48.5181,-48.5181,0.0000000,c1cccc2c1cc1nc(-c3ccccc3)nc3c1n2-c1c(N3c2ccccc2)c2ccccc2c(Sc2ccccc2)n1,0,,0.0000000,0.0000,0.0000000,0.0000,0.0000000,0.0000,0.0000000,0.0000,None,34
42.1590,58.7016,-58.7016,0.0000000,NC1=C2SC(c3ccc(N(c4ccccc4)c4ccccc4)cc3)=C2Sc2cc1c1nc3sc1c2NCC3,1,C1=C2SC(c3ccc(N(c4ccccc4)c4ccccc4)cc3)=C2Sc2cc1c1nc3sc1c2NCC3,0.0000000,0.0000,0.2354335,0.2354,0.4060036,4.5070,1.0000000,1.0000,[],34
56.6347,73.8531,31.9490,0.8265789,CCCN(CCC)c1ccc(C(C(=O)Nc2ncc(-c3[nH]nc4cnc(N5CCN(CC)CC5)cc34)s2)c2ccc(N(CCC)CCC)cc2)cc1,1,O=C(Nc1ncc(-c2[nH]nc3cnc(N4CCNCC4)cc23)s1)C(c1ccccc1)c1ccccc1,0.8931113,423.0493,0.0991829,0.0992,0.5029726,3.4361,1.0000000,1.0000,[],34
32.2826,34.6586,-33.7550,0.0070592,Cc1ccc(CNc2cccc(C3=NCc4ccccc43)c2)cc1,1,c1ccc(CNc2cccc(C3=NCc4ccccc43)c2)cc1,0.0055429,343.6538,0.7233447,0.7233,0.6624797,2.0588,1.0000000,1.0000,[],34
61.4004,78.3739,-78.3739,0.0000000,CN(C)c1ccc(C=Nc2cc(O)c3ccc(-n4c(CC(=O)O)nc5scc(N=Nc6c(O)n(N=Cc7cccc(O)c7O)c7ccccc67)c5c4=O)cc3c2)cc1,1,O=c1c2c(N=Nc3cn(N=Cc4ccccc4)c4ccccc34)csc2ncn1-c1ccc2ccc(N=Cc3ccccc3)cc2c1,0.0000000,0.0000,0.0000000,0.0000,0.0000000,0.0000,0.0000000,0.0000,"['C(=[O,S])[O,S]']",34
63.9930,79.6950,-1.6309,0.6098760,COC(=Nc1nc(C=Cc2ccc(N3CCCCC3)cc2)nc(-c2cccc(N3CCOCC3)c2)c1-c1ccc(S(N)(=O)=O)s1)C1CC1,1,C(=Cc1nc(N=CC2CC2)c(-c2cccs2)c(-c2cccc(N3CCOCC3)c2)n1)c1ccc(N2CCCCC2)cc1,0.6395785,406.2271,0.1545601,0.1546,0.4994298,3.4714,1.0000000,1.0000,[],34
46.5003,59.9093,-37.3282,0.1764148,Cc1ccc(C2=NC(=Cc3ccccc3)CC2=C2C=Nc3c(c4ccccc4[nH]c3=O)O2)cc1,1,O=c1[nH]c2ccccc2c2c1N=CC(=C1CC(=Cc3ccccc3)N=C1c1ccccc1)O2,0.1679724,537.3725,0.4055728,0.4056,0.5198196,3.2714,1.0000000,1.0000,[],34
30.2229,36.7947,84.9682,0.9512725,Nc1c(N=Cc2c(O)c3ccccc3[nH]c2=O)ccc2nonc12,1,O=c1[nH]c2ccccc2cc1C=Nc1ccc2nonc2c1,0.9903990,469.6627,0.3826392,0.3826,0.5496410,2.9924,1.0000000,1.0000,[],34
32.4864,34.7164,-34.7164,0.0000000,NC(N)=Nc1ccc(-c2nnc(NSCc3ccccc3)s2)cc1,1,c1ccc(CSNc2nnc(-c3ccccc3)s2)cc1,0.0000000,0.0000,0.0000000,0.0000,0.0000000,0.0000,0.0000000,0.0000,['[#7;!n][S;!$(S(=O)=O)]'],34
64.2859,70.5370,35.8562,0.8311970,Cc1ccc(S(=O)(=O)Nc2cccc(C(=O)CNc3cccc4cc(NCCCCCCCCCCCCCCCc5c6ccccc6nc6cc(N)ccc56)ccc34)c2)cc1,1,O=C(CNc1cccc2cc(NCCCCCCCCCCCCCCCc3c4ccccc4nc4ccccc34)ccc12)c1cccc(NS(=O)(=O)c2ccccc2)c1,0.9433029,430.5273,0.0206415,0.0206,0.5213813,3.2564,1.0000000,1.0000,[],34
40.1773,51.8849,-51.8849,0.0000000,c12c(N(c3ccc(cc3)N3CCCC3)C(=O)C3=c4ccccc4=NC3=1)cc(cc2)Nc1ccccc1,0,,0.0000000,0.0000,0.0000000,0.0000,0.0000000,0.0000,0.0000000,0.0000,None,34
54.5557,65.8327,32.3927,0.7673857,N=C(N)C12CCC(c3ccc(-c4ccc(-c5ncc(N=Nc6nc7ccccc7c7nnc(-c8ccccc8)n67)[nH]5)cc4)cc3)(CC1)CC2,1,c1ccc(-c2nnc3c4ccccc4nc(N=Nc4cnc(-c5ccc(-c6ccc(C78CCC(CC7)CC8)cc6)cc5)[nH]4)n23)cc1,0.8313190,502.6825,0.0902227,0.0902,0.4253505,4.2742,1.0000000,1.0000,[],34
57.8857,73.0552,-64.2253,0.0689842,CN(C)c1ccc(C(=O)N2CCN(c3ccc(N)cc3)c3ncc4c(c(-c5ccc(N(C)C)cc5)c(Nc5cccc(Cl)c5)n4-c4ccc(Cl)cc4)c32)cc1,1,O=C(c1ccccc1)N1CCN(c2ccccc2)c2ncc3c(c(-c4ccccc4)c(Nc4ccccc4)n3-c3ccccc3)c21,0.0645439,370.9708,0.1489941,0.1490,0.5123985,3.3433,1.0000000,1.0000,[],34
48.4701,58.3814,-58.3814,0.0000000,c1c2cnc(nc2c(c(nc1C#N)N)-c1c(OC)c(ccc1)N=C=S)NC,0,,0.0000000,0.0000,0.0000000,0.0000,0.0000000,0.0000,0.0000000,0.0000,None,34
79.8154,89.1808,26.4111,0.9030614,O=C(C(=O)C1(c2ccccc2)NC2C=CC(N(c3ccccc3)c3ccc(NC4OC([N+](=O)[O-])=CC4O)cc3)=CC1=C2)c1ccccc1,1,O=C(C(=O)C1(c2ccccc2)NC2C=CC(N(c3ccccc3)c3ccc(NC4CC=CO4)cc3)=CC1=C2)c1ccccc1,0.9935123,465.3729,0.0856620,0.0857,0.3318574,5.5153,1.0000000,1.0000,[],34
37.2092,39.9121,-39.7171,0.0015235,CC1(CNC(=O)COc2ccc([N+](=O)[O-])cc2)COc2cc(O)ccc21,1,O=C(COc1ccccc1)NCC1COc2ccccc21,0.0011141,326.1851,0.6045219,0.6045,0.5510479,2.9797,1.0000000,1.0000,[],34
83.9977,96.3481,-21.1588,0.5874167,CCn1c2ccccc2c2cc(-c3cc(-n4c5c(c6nc7ccccc7n64)C(=O)CC(Oc4ccccc4N=Nc4ccccc4)C5)cc4c3C3(c5ccc(C=S)cc5O4)c4ccccc4-c4ccccc43)ccc21,1,O=C1CC(Oc2ccccc2N=Nc2ccccc2)Cc2c1c1nc3ccccc3n1n2-c1cc2c(c(-c3ccc4[nH]c5ccccc5c4c3)c1)C1(c3ccccc3O2)c2ccccc2-c2ccccc21,0.6257655,405.5817,0.1117877,0.1118,0.3508913,5.2364,1.0000000,1.0000,[],34
50.1002,59.9058,-58.1795,0.0134864,CC(NC(=O)C1(c2nc(Nc3ccc(N4CCN(C)CC4)cc3)nc3[nH]ccc23)CCNCC1)C1C=CC=CCC1,1,O=C(NCC1C=CC=CCC1)C1(c2nc(Nc3ccc(N4CCNCC4)cc3)nc3[nH]ccc23)CCNCC1,0.0113109,351.4610,0.3489015,0.3489,0.4361586,4.1487,1.0000000,1.0000,[],34
42.7585,58.7959,19.5334,0.6119477,Cc1nc2ccccc2c(N=Nc2ccc(N=Cc3ccc(N=Nc4ccc(N=Nc5ccc(N6CCCC6)cc5)cc4)s3)c3ccccc23)c1O,1,C(=Nc1ccc(N=Nc2ccnc3ccccc23)c2ccccc12)c1ccc(N=Nc2ccc(N=Nc3ccc(N4CCCC4)cc3)cc2)s1,0.6476380,513.3914,0.1190694,0.1191,0.4827586,3.6412,1.0000000,1.0000,[],34
32.4005,27.9575,-27.8865,0.0005546,COCC1CCCN(c2cccc(SC)c2N)C1,1,c1ccc(N2CCCCC2)cc1,0.0003831,314.5883,0.6716232,0.6716,0.5602482,2.8969,1.0000000,1.0000,[],34
32.8097,36.9670,-36.9084,0.0004580,Cc1cc2c(-c3cccc(O)c3)cccc2nc1-c1ccccc1,1,c1ccc(-c2ccc3c(-c4ccccc4)cccc3n2)cc1,0.0003144,312.4400,0.5237640,0.5238,0.6824101,1.9106,1.0000000,1.0000,[],34
60.1162,82.3310,-82.3310,0.0000000,CCCCOc1cc(N(CC)C2CCCCC2)c(C=C2N=C(c3ccc(N4CCCC4)cc3)OC2=NC#Cc2ccc(N)cc2)cc1N=Cc1ccc(N(C)C)cc1,1,C(#Cc1ccccc1)N=C1OC(c2ccc(N3CCCC3)cc2)=NC1=Cc1cc(N=Cc2ccccc2)ccc1NC1CCCCC1,0.0000000,0.0000,0.0000000,0.0000,0.0000000,0.0000,0.0000000,0.0000,['C#C'],34
52.0477,69.9002,-69.9002,0.0000000,CC(=Nc1ccc2ccccc2c1O)Nc1c(C=NN(C(N)=O)c2ccc3c(c2)OCCCO3)c2ccccc2c2ccccc12,1,C(=NNc1ccc2c(c1)OCCCO2)c1c(NC=Nc2ccc3ccccc3c2)c2ccccc2c2ccccc12,0.0000000,0.0000,0.0000000,0.0000,0.0000000,0.0000,0.0000000,0.0000,['[#7;!n][#7;!n]'],34
67.0539,77.8096,-77.8096,0.0000000,CCOc1ncc2c(N3CCN(c4nc5c(c(N6CCN(c7ccccn7)CC6)n4)CCN(Cc4ccc6c(c4)CN(c4ccc(Cl)cc4)N6)C5)CC3)cccc2n1,1,c1ccc(N2Cc3cc(CN4CCc5c(nc(N6CCN(c7cccc8ncncc78)CC6)nc5N5CCN(c6ccccn6)CC5)C4)ccc3N2)cc1,0.0000000,0.0000,0.0000000,0.0000,0.0000000,0.0000,0.0000000,0.0000,['[#7;!n][#7;!n]'],34
38.7038,47.5997,67.7019,0.9007936,c1ccc(N=Nc2ccccc2-c2ccc(-c3ccc(-c4ccc(N(c5ccccc5)c5ccccc5)c5ccccc45)o3)o2)cc1,1,c1ccc(N=Nc2ccccc2-c2ccc(-c3ccc(-c4ccc(N(c5ccccc5)c5ccccc5)c5ccccc45)o3)o2)cc1,0.9602978,434.5898,0.1614920,0.1615,0.5685328,2.8235,1.0000000,1.0000,[],34
36.2484,40.6236,-38.7180,0.0148881,N#CC(=Cc1cccc(-c2nc3ccc4ccccc4c3o2)c1)c1nn[nH]n1,1,C(=Cc1nn[nH]n1)c1cccc(-c2nc3ccc4ccccc4c3o2)c1,0.0123520,352.4283,0.4805444,0.4805,0.5779871,2.7410,1.0000000,1.0000,[],34
58.3903,78.4722,32.7498,0.8689223,CCCCN(CCCC)c1ccc(C=Cc2c(C(N)=O)c(N)n(-c3ccc([N+](=O)[O-])cc3)c(=O)c2CCC)c(N=Cc2ccc(N(CC)CC)cc2Nc2ccc(N=Nc3ccc(N(CC)CC)cc3)cc2)c1,1,O=c1cc(C=Cc2ccccc2N=Cc2ccccc2Nc2ccc(N=Nc3ccccc3)cc2)ccn1-c1ccccc1,0.9928499,466.4356,0.0205165,0.0205,0.4255205,4.2722,1.0000000,1.0000,[],34
36.4993,45.8593,72.1568,0.9220006,CN(C)CCCNc1c(C=Cc2ccccc2S)c2ccc(N(C)C)cc2oc1=O,1,O=c1cc(C=Cc2ccccc2)c2ccccc2o1,0.9641894,435.7538,0.3129311,0.3129,0.5567702,2.9280,1.0000000,1.0000,[],34
74.6377,87.1884,14.8436,0.7971249,CCCCOc1ccc(O)c(C=Nc2ccc(CNC(=O)c3cc(-c4cc(N=Nc5c(N(CCC)CCC)ccc6cc(N=C=S)ccc56)ccc4CC)cc([N+](=O)[O-])c3)cc2)c1,1,O=C(NCc1ccc(N=Cc2ccccc2)cc1)c1cccc(-c2cccc(N=Nc3cccc4ccccc34)c2)c1,0.9068041,495.2971,0.0193300,0.0193,0.4624656,3.8559,1.0000000,1.0000,[],34
84.3153,106.3343,10.1435,0.9099826,CC(=Cc1cc[n+](-c2nccs2)cc1)c1ccc(S(=NC(=S)Nc2ccc(Oc3cccc4c(=Nc5ccc(N(C)C)cc5)n(C)c(=O)[nH]c34)c(Cl)c2)c2ccccc2)cc1,1,O=c1[nH]c(=Nc2ccccc2)c2cccc(Oc3ccc(NC(=S)N=S(c4ccccc4)c4ccc(C=Cc5cc[n+](-c6nccs6)cc5)cc4)cc3)c2[nH]1,0.9914373,468.4087,0.1047607,0.1048,0.3969705,4.6195,1.0000000,1.0000,[],34
39.9094,53.4685,62.6476,0.9071577,CN(C)c1ccc2c(-c3ccccc3)c(C(=O)CCCCc3ccc(N(c4ccccc4)c4ccccc4)cc3)c(=S)oc2c1,1,O=C(CCCCc1ccc(N(c2ccccc2)c2ccccc2)cc1)c1c(-c2ccccc2)c2ccccc2oc1=S,0.9878194,472.2748,0.0830726,0.0831,0.5724932,2.7888,1.0000000,1.0000,[],34
57.3160,70.2578,-63.3502,0.0539656,CCCNc1cc2c(cc1-c1ccc(NC(C)=O)cc1)c(S(=O)(=O)CC(F)(F)F)c(-c1ccc(N(CCC)CCC)cc1)n2Cc1ccccc1,1,c1ccc(Cn2c(-c3ccccc3)cc3cc(-c4ccccc4)ccc32)cc1,0.0502488,368.0879,0.1126759,0.1127,0.5304324,3.1703,1.0000000,1.0000,[],34
24.4664,26.1226,-26.0749,0.0003724,CCOc1cc(N)ccc1N1CC2CCCC2C1,1,c1ccc(N2CC3CCCC3C2)cc1,0.0002503,309.9621,0.8333954,0.8334,0.5553458,2.9408,1.0000000,1.0000,[],34
51.2458,64.0444,-39.5749,0.1911683,C=Nc1cc(N(c2cccnc2)c2ncc(-c3cccnc3)s2)sc1-n1c2ccccc2c2cc(N(c3ccccc3)c3ccccc3)ccc21,1,c1ccc(N(c2ccccc2)c2ccc3c(c2)c2ccccc2n3-c2ccc(N(c3cccnc3)c3ncc(-c4cccnc4)s3)s2)cc1,0.1891980,384.2000,0.1406744,0.1407,0.4953806,3.5121,1.0000000,1.0000,[],34
64.0743,76.5607,-39.6133,0.2886517,Cc1ccc(CN(C(=O)c2ccncc2)c2c(C(=O)N3CCCC3)ccc(=CC=Cc3ccc(N(C)C)cc3)c2=Cc2ccc(N(C)C)cc2)cc1,1,O=C(c1ccc(=CC=Cc2ccccc2)c(=Cc2ccccc2)c1N(Cc1ccccc1)C(=O)c1ccncc1)N1CCCC1,0.2905353,529.6933,0.1593509,0.1594,0.5166875,3.3016,1.0000000,1.0000,[],34
49.5688,51.9670,-50.5117,0.0113697,CC(=O)Nc1cc(=CC=Cc2cccnc2)c2c(n1)-c1sc(N)cc1CN=2,1,C(=Cc1cccnc1)C=c1ccnc2c1=NCc1ccsc1-2,0.0092100,570.7930,0.7349261,0.7349,0.4851225,3.6168,1.0000000,1.0000,[],34
55.4135,62.1641,-62.1641,0.0000000,C=C(C)C(=O)OCCCCCCN(C)c1ccc(N=Nc2c3c(c(N)c4ncc(C#N)n24)C(=O)c2ccccc2C3=O)cc1,1,O=C1c2ccccc2C(=O)c2c1cc1nccn1c2N=Nc1ccccc1,0.0000000,0.0000,0.0000000,0.0000,0.0000000,0.0000,0.0000000,0.0000,"['C(=[O,S])[O,S]']",34
54.4280,60.0979,54.2515,0.8933544,CC(C)Oc1ccc(C=NCc2cc3cc4ccccc4cc3c3c2C(N=Cc2cc[nH]c2)=CC(C)(C)N3)c(O)c1,1,C(=NCc1cc2cc3ccccc3cc2c2c1C(N=Cc1cc[nH]c1)=CCN2)c1ccccc1,0.9590681,434.2447,0.1435413,0.1435,0.4762936,3.7086,1.0000000,1.0000,[],34
47.0720,59.1747,-58.2992,0.0068396,CC=CCOc1ccc(-c2ccc3[nH]c(-c4ccccc4)c(Oc4ccc(N=Cc5ccc(N)cc5)cc4)c3c2)cc1,1,C(=Nc1ccc(Oc2c(-c3ccccc3)[nH]c3ccc(-c4ccccc4)cc23)cc1)c1ccccc1,0.0057119,343.9818,0.1071196,0.1071,0.5746231,2.7702,1.0000000,1.0000,[],34
38.4185,50.5236,65.8851,0.9094432,CCNc1ccc(N=Nc2ccc(-c3cccc(C(=O)c4ccc(N=Cc5ccc(N(CC)CC)cc5O)cc4)c3)cc2)cc1,1,O=C(c1ccc(N=Cc2ccccc2)cc1)c1cccc(-c2ccc(N=Nc3ccccc3)cc2)c1,0.9902380,450.1551,0.0853424,0.0853,0.5551397,2.9427,1.0000000,1.0000,[],34
32.8447,43.2129,70.7239,0.8901314,CCOc1ccc2c(=Nc3ccc(N=Nc4ccccc4)cc3)c3ccc(N(C)C)cc3oc2c1,1,c1ccc(N=Nc2ccc(N=c3c4ccccc4oc4ccccc34)cc2)cc1,0.9429582,430.4575,0.1918124,0.1918,0.5754400,2.7631,1.0000000,1.0000,[],34
75.4935,99.7945,-99.7945,0.0000000,CNc1sc2c(NC(=O)Nc3cccc(C)c3)ccc(-c3cc(N4CCN(C(C)=O)CC4)ccc3N=Nc3ccc(N4Cc5ccccc5C(=Nc5ccc(Nc6ccccc6)cc5)N4)cc3)c2c1N,1,O=C(Nc1ccccc1)Nc1ccc(-c2cc(N3CCNCC3)ccc2N=Nc2ccc(N3Cc4ccccc4C(=Nc4ccc(Nc5ccccc5)cc4)N3)cc2)c2ccsc12,0.0000000,0.0000,0.0000000,0.0000,0.0000000,0.0000,0.0000000,0.0000,['[#7;!n][#7;!n]'],34
40.5079,43.5954,-43.5954,0.0000000,CCCNC1C=CC=C2CC(c3ccccc3)=Nc3ccccc3N2N1,1,C1=CCNN2C(=C1)CC(c1ccccc1)=Nc1ccccc12,0.0000000,0.0000,0.0000000,0.0000,0.0000000,0.0000,0.0000000,0.0000,['[#7;!n][#7;!n]'],34
63.2884,84.4671,24.1133,0.8482843,C=CCN(CC=C)S(=O)(=O)c1cc(Oc2ccccc2)ccc1N=Nc1c(N=Cc2ccc(N(C)C)cc2)nc(N(C)CCC)nc1NC(=O)C=Cc1ccc(N=Nc2ccc(N=Nc3ccccc3)cc2)cc1,1,O=C(C=Cc1ccc(N=Nc2ccc(N=Nc3ccccc3)cc2)cc1)Nc1ncnc(N=Cc2ccccc2)c1N=Nc1ccc(Oc2ccccc2)cc1,0.9586521,485.8698,0.0282760,0.0283,0.4178749,4.3629,1.0000000,1.0000,[],35
38.9805,48.2608,-40.8022,0.0582703,Cc1cc2nc(C=Cc3cc(N4CCCC4)cc(N)n3)oc2c2ccccc12,1,C(=Cc1nc2ccc3ccccc3c2o1)c1cc(N2CCCC2)ccn1,0.0517390,368.4222,0.5472317,0.5472,0.5738299,2.7771,1.0000000,1.0000,[],35
65.3217,84.7277,-84.7277,0.0000000,c1(cccc(c1)N1CCCCC1=O)C=Cc1c2ccccc2[n+](c2c1cccc2)CCCCCC=c1c(=O)n(C)c2cc(c(cc2[n+]1N)OC)Nc1ccccc1,0,,0.0000000,0.0000,0.0000000,0.0000,0.0000000,0.0000,0.0000000,0.0000,None,35
50.2142,62.3839,-40.5980,0.1702023,CCCCCCCCNc1cccc(N=c2[nH]c3cc(-c4cc5cc6ccccc6cc5[nH]c4=O)ccc3oc2=O)c1,1,O=c1[nH]c2cc3ccccc3cc2cc1-c1ccc2oc(=O)c(=Nc3ccccc3)[nH]c2c1,0.1680341,382.6323,0.1179236,0.1179,0.5426307,3.0566,1.0000000,1.0000,[],35
30.4724,41.0509,78.1123,0.9309628,c1ccc(N(c2ccccc2)c2ccc(N=Nc3ccc4c(ccc5cc(N6CCCCCC6)ccc54)c3)cc2)cc1,1,c1ccc(N(c2ccccc2)c2ccc(N=Nc3ccc4c(ccc5cc(N6CCCCCC6)ccc54)c3)cc2)cc1,0.9948930,462.7598,0.1536257,0.1536,0.5923033,2.6187,1.0000000,1.0000,[],35
59.1088,70.2098,47.8553,0.9223832,N#Cc1c(NC=O)c(=O)n(C(F)F)c2c(-c3c[nH]c(=O)c4ccccc34)c(O)c(N)c(N)c12,1,O=c1ccc2cccc(-c3c[nH]c(=O)c4ccccc34)c2[nH]1,0.9842955,444.9276,0.1787369,0.1787,0.4940661,3.5254,1.0000000,1.0000,[],35
79.6578,105.2613,-105.2613,0.0000000,CCN(CC)c1ccc(C=CN=Nc2ccc(N(c3ccccc3)c3ccc(F)c4c5c6c7c(ccc6=C(C)C=CC7=CC5=O)cc5ccccc5c(N(C)C)c34)cc2)cc1,1,O=C1C=C2C=CC=c3ccc4cc5ccccc5cc5c(N(c6ccccc6)c6ccc(N=NC=Cc7ccccc7)cc6)cccc5c1c3c42,0.0000000,0.0000,0.0000000,0.0000,0.0000000,0.0000,0.0000000,0.0000,['[*;r{8-17}]'],35
33.2397,40.6484,71.5961,0.8769100,CCCCCCN(C)c1ccc(-c2onc3cc(F)c(C)cc23)cc1,1,c1ccc(-c2onc3ccccc23)cc1,0.8992781,423.7693,0.4970228,0.4970,0.6211867,2.3806,1.0000000,1.0000,[],35
37.3115,39.9618,-38.1786,0.0139310,O=C(C=C(c1ccccn1)C1C(=O)c2ccccc2C1=O)c1ccccc1,1,O=C(C=C(c1ccccn1)C1C(=O)c2ccccc2C1=O)c1ccccc1,0.0115687,351.7084,0.4032942,0.4033,0.6091972,2.4781,1.0000000,1.0000,[],35
40.4495,52.7064,-16.1202,0.2858296,Cc1ccc(Oc2ccc(-c3ccc(N4C(=O)C=CC4=O)cc3)cc2CCc2ccc(N=Cc3ccc(N(c4ccccc4)c4ccccc4)cc3)cc2)cc1,1,O=C1C=CC(=O)N1c1ccc(-c2ccc(Oc3ccccc3)c(CCc3ccc(N=Cc4ccc(N(c5ccccc5)c5ccccc5)cc4)cc3)c2)cc1,0.2922067,390.3946,0.0927779,0.0928,0.5418963,3.0634,1.0000000,1.0000,[],35
38.9568,52.2979,68.8574,0.9465261,CCN(CC)c1ccc(C=Cc2ncc3nc(N)nc(N4CCN(C)CC4)c3c2N2CCOCC2)c(O)c1,1,C(=Cc1ncc2ncnc(N3CCNCC3)c2c1N1CCOCC1)c1ccccc1,0.9786183,441.5143,0.4847747,0.4848,0.5298913,3.1754,1.0000000,1.0000,[],35
28.2754,30.6970,-30.6752,0.0001698,CONC1C=CC=C2C(O)CCC21,1,C1=CCC2CCCC2=C1,0.0001114,301.1720,0.6182936,0.6183,0.3878624,4.7355,1.0000000,1.0000,[],35
38.3612,48.5335,33.1488,0.6381428,N#Cc1ccccc1N=Cc1cc2nc(N(c3ccccc3)c3cccc4c3sc3ccccc34)ccc2c2ccccc12,1,C(=Nc1ccccc1)c1cc2nc(N(c3ccccc3)c3cccc4c3sc3ccccc34)ccc2c2ccccc12,0.6701187,407.6949,0.1502700,0.1503,0.5474904,3.0121,1.0000000,1.0000,[],35
31.0216,42.1536,79.1546,0.9477200,CN(C)c1ccc(C=Cc2c(C=Cc3ccc([N+](=O)[O-])cc3)c(=O)[nH]c3ccccc23)cc1,1,O=c1[nH]c2ccccc2c(C=Cc2ccccc2)c1C=Cc1ccccc1,0.9920556,467.5881,0.3034102,0.3034,0.5963445,2.5847,1.0000000,1.0000,[],35
26.9449,27.7957,-27.7650,0.0002392,COc1ccc(-n2cnc3ccccc3c2=O)cc1O,1,O=c1c2ccccc2ncn1-c1ccccc1,0.0001568,304.8853,0.7726797,0.7727,0.6764321,1.9546,1.0000000,1.0000,[],35
74.4289,73.3669,-73.3149,0.0004061,COc1ccc([P+](c2ccccc2)(c2ccc(OC)cc2)C(C)C2OC(OC3C(C)CCCC3(C)C)C(CO)C(O)C2OCc2ccccc2)cc1,1,c1ccc(COC2CCC(OC3CCCCC3)OC2C[P+](c2ccccc2)(c2ccccc2)c2ccccc2)cc1,0.0002922,311.6446,0.1451397,0.1451,0.3698208,4.9737,1.0000000,1.0000,[],35
35.3336,42.5256,16.2980,0.4595600,CN(C)c1ccc2cc(C(N=[N+]=[N-])C(=O)c3ccc4c(c3)OCO4)ccc2c1,1,O=C(Cc1ccc2ccccc2c1)c1ccc2c(c1)OCO2,0.4656818,398.5072,0.2758303,0.2758,0.5271189,3.2016,1.0000000,1.0000,[],35
31.2044,48.3561,67.9709,0.9088048,c1ccc(N=Nc2ccc(N=Nc3ccc(N=Nc4ccc(N=Nc5ccc(Nc6ccc(N=Nc7nc(Nc8ccccc8)c8ccccc8n7)cc6)cc5)cc4)cc3)cc2)cc1,1,c1ccc(N=Nc2ccc(N=Nc3ccc(N=Nc4ccc(N=Nc5ccc(Nc6ccc(N=Nc7nc(Nc8ccccc8)c8ccccc8n7)cc6)cc5)cc4)cc3)cc2)cc1,0.9850881,474.5015,0.1038225,0.1038,0.5117157,3.3499,1.0000000,1.0000,[],35
38.3149,46.6048,-45.1645,0.0112522,CCCCCOc1cccc(C=CNc2nc3c(OCCCC)cccc3c(=O)[nH]2)c1,1,O=c1[nH]c(NC=Cc2ccccc2)nc2ccccc12,0.0092756,349.2847,0.3640047,0.3640,0.5907156,2.6321,1.0000000,1.0000,[],35
35.2859,41.4529,-40.9655,0.0038080,Clc1ccc(N2CC2)c(-[n+]2cc3ccccc3o2)c1,1,c1ccc(-[n+]2cc3ccccc3o2)c(N2CC2)c1,0.0029344,336.7200,0.5269247,0.5269,0.5553584,2.9407,1.0000000,1.0000,[],35
37.3407,44.5317,76.4672,0.9453036,O=C1CCC(Nc2ccc(NCc3cccc4c3O4)c([N+](=O)[O-])c2)C(=O)N1,1,O=C1CCC(Nc2ccc(NCc3cccc4c3O4)cc2)C(=O)N1,0.9958328,459.4585,0.2640644,0.2641,0.5396930,3.0838,1.0000000,1.0000,[],35
51.5074,57.7096,-57.7096,0.0000000,CCOC(=O)N1C(N)=NC1(C)c1ccc(N=Cc2c(O)n(-c3ccc(OC)c(OC)c3)c(=S)[nH]c2=O)cc1,1,O=c1[nH]c(=S)n(-c2ccccc2)cc1C=Nc1ccc(C2N=CN2)cc1,0.0000000,0.0000,0.0000000,0.0000,0.0000000,0.0000,0.0000000,0.0000,"['C(=[O,S])[O,S]']",35
44.8119,48.7207,32.3356,0.6332522,C(=Cc1nnnn1-c1ccccc1)c1ccc2cccc(N3c4ccccc4Sc4ccccc43)c2c1Sc1ccccc1,1,C(=Cc1nnnn1-c1ccccc1)c1ccc2cccc(N3c4ccccc4Sc4ccccc43)c2c1Sc1ccccc1,0.6599597,407.1997,0.1884807,0.1885,0.5480984,3.0065,1.0000000,1.0000,[],35
40.4436,49.4431,-49.4431,0.0000000,CCN(CC)c1ccc(N(C)c2ccc(C#CC=CCCCCCC(=O)N3CCCCC3)cc2)cc1,1,O=C(CCCCCC=CC#Cc1ccc(Nc2ccccc2)cc1)N1CCCCC1,0.0000000,0.0000,0.0000000,0.0000,0.0000000,0.0000,0.0000000,0.0000,['C#C'],35
66.4123,79.5410,-79.5410,0.0000000,c1c(cccc1)-n1c(n2ccc3c(cc(-c4ccc(N(c5ccccc5)c5ccccc5)cc4)c4ccc(OC(=O)C=Cc5ccc(N(c6ccccc6)c6ccccc6)cc5)cc3n14)-c2ccc(=O)c1ccccc1)=S,0,,0.0000000,0.0000,0.0000000,0.0000,0.0000000,0.0000,0.0000000,0.0000,None,35
56.0354,67.5450,45.7837,0.8853798,CCCCCCCC(=O)Nc1c(-c2ccc3nc(N)c4sc5ccccc5c(=O)c4c3c2)ccc2cc(NCCCCCC)ccc12,1,O=c1c2ccccc2sc2cnc3ccc(-c4ccc5ccccc5c4)cc3c12,0.9724948,438.7118,0.0622636,0.0623,0.5501510,2.9878,1.0000000,1.0000,[],35
50.2153,74.0870,36.5838,0.8646154,CN(c1ccccc1)c1ccc(N=Nc2ccc(N=Nc3ccc(N=Nc4ccc(N=Nc5ccc(C=CC(=Nc6ccc(N=Nc7ccccc7)cc6)Nc6ccc(C=Cc7ccc(C=NO)cc7)cc6)cc5)cc4)cc3)cc2)cc1,1,C(=Cc1ccc(N=Nc2ccc(N=Nc3ccc(N=Nc4ccc(N=Nc5ccc(Nc6ccccc6)cc5)cc4)cc3)cc2)cc1)C(=Nc1ccc(N=Nc2ccccc2)cc1)Nc1ccc(C=Cc2ccccc2)cc1,0.9874106,472.6377,0.0204324,0.0204,0.4335370,4.1789,1.0000000,1.0000,[],35
69.2598,86.9622,-86.9622,0.0000000,c12c(cc(cc2N=C2C=CC=C2C)NC2=CC=C(C2)c2cccc(Nc3ccc(Nc4ccc(N(CC)CC)cc4)cc3)c2)nc(Nc2ccccc2)c2cccc12,0,,0.0000000,0.0000,0.0000000,0.0000,0.0000000,0.0000,0.0000000,0.0000,None,35
41.6389,52.9373,65.9087,0.9284840,S=C(N=Cc1nc2ccc3ccccc3c2nc1Nc1ccccc1)Nc1ccc2ccccc2n1,1,S=C(N=Cc1nc2ccc3ccccc3c2nc1Nc1ccccc1)Nc1ccc2ccccc2n1,0.9914083,468.4456,0.1611933,0.1612,0.5697784,2.8125,1.0000000,1.0000,[],35
43.8384,58.4949,5.5670,0.5004831,NC(=Nc1ccc(Oc2ccc(C=Nc3ccc(Sc4ccc(C(Cc5ccccc5)=C5C=Nc6ccccc65)cc4)cc3)cc2)cc1)c1ccccc1,1,C(=Nc1ccc(Oc2ccc(C=Nc3ccc(Sc4ccc(C(Cc5ccccc5)=C5C=Nc6ccccc65)cc4)cc3)cc2)cc1)c1ccccc1,0.5249705,401.0854,0.1069737,0.1070,0.5237827,3.2334,1.0000000,1.0000,[],35
25.0135,25.8965,-25.8965,0.0000000,O=C(Oc1ccc(Br)cc1)c1cc[n+]([O-])cc1,1,O=C(Oc1ccccc1)c1cc[nH+]cc1,0.0000000,0.0000,0.0000000,0.0000,0.0000000,0.0000,0.0000000,0.0000,"['C(=[O,S])[O,S]']",35
23.1045,27.4355,-27.3267,0.0008499,[N-]=[N+]=Nc1ccc2c(c1)C=CS2(=O)=O,1,O=S1(=O)C=Cc2ccccc21,0.0006121,319.6772,0.4020317,0.4020,0.4889130,3.5779,1.0000000,1.0000,[],35
57.4021,61.1137,-61.1137,0.0000000,C#CCN1C(=O)C2(c3cc(Nc4ccn[nH]4)cc4c3C(=O)NC4=O)N=C12,1,O=C1NC(=O)c2c1cc(Nc1ccn[nH]1)cc2C12N=C1NC2=O,0.0000000,0.0000,0.0000000,0.0000,0.0000000,0.0000,0.0000000,0.0000,['C#C'],35
112.5521,120.5557,-120.5557,0.0000000,CC(c1ccc2c(c1)c1ccc3c4c1c(c1c4c4c(c(C)cc2=Cc2cc(ccc2)Cl)c(F)ccc4cc3)cc1)(c1cc(c(NC2C(C)C=C(C=CC=2)CC)cc1)C#N)C,0,,0.0000000,0.0000,0.0000000,0.0000,0.0000000,0.0000,0.0000000,0.0000,None,35
31.3753,37.8921,-37.8921,0.0000000,[C-]#[N+]c1ccc(C[N+](=Cc2ccc(N(C)C)cc2)CC#C)cc1,1,C(=[NH+]Cc1ccccc1)c1ccccc1,0.0000000,0.0000,0.0000000,0.0000,0.0000000,0.0000,0.0000000,0.0000,['C#C'],35
84.7563,102.2560,4.0556,0.8305598,COc1cccc(-c2c3cc(NCCNCCNc4nc(-c5ccccc5)cc(-c5ccc6ccccc6n5)n4)ccc3nc3ncn(CC(=O)c4ccc(O)c(N=NC5=CCCN5)c4)c(=O)c23)c1,1,O=C(Cn1cnc2nc3ccc(NCCNCCNc4nc(-c5ccccc5)cc(-c5ccc6ccccc6n5)n4)cc3c(-c3ccccc3)c2c1=O)c1cccc(N=NC2=CCCN2)c1,0.9398233,490.1595,0.0250785,0.0251,0.4465806,4.0307,1.0000000,1.0000,[],35
42.8445,44.2627,-44.2627,0.0000000,C=COCCCCCCc1ccc2cc3cc(C(=O)Oc4ccc(-c5ccc(C#N)cc5)cc4)ccc3cc2c1,1,O=C(Oc1ccc(-c2ccccc2)cc1)c1ccc2cc3ccccc3cc2c1,0.0000000,0.0000,0.0000000,0.0000,0.0000000,0.0000,0.0000000,0.0000,"['C(=[O,S])[O,S]']",35
25.7908,26.2130,-19.1986,0.0548004,Nc1nc2cccc(Cl)c2nc1-c1ccc(Cl)cc1,1,c1ccc(-c2cnc3ccccc3n2)cc1,0.0479111,367.5440,0.7308651,0.7309,0.6648333,2.0411,1.0000000,1.0000,[],35
28.7978,25.8849,-25.8734,0.0000899,COc1ccc(C(C)NC(=O)c2ccc3cc[nH]c3c2)cc1,1,O=C(NCc1ccccc1)c1ccc2cc[nH]c2c1,0.0000561,293.7222,0.7711282,0.7711,0.6284561,2.3224,1.0000000,1.0000,[],35
50.1801,63.2939,53.4187,0.9118169,CCCCOc1ccc2cc(Nc3ccc4c(c3)cc3c5ccc6cc(N=Nc7ccc(N(C)C)cc7)ccc6c5sn43)ccc2c1,1,c1ccc(N=Nc2ccc3c(ccc4c3sn3c5ccc(Nc6ccc7ccccc7c6)cc5cc43)c2)cc1,0.9818330,476.6811,0.1270729,0.1271,0.5218139,3.2522,1.0000000,1.0000,[],35
38.9217,49.4182,-49.4182,0.0000000,C#CCNc1cc(O)c2c(=NCCCC)cc(-c3ccc(N(C)C)cc3)oc2c1,1,N=c1cc(-c2ccccc2)oc2ccccc12,0.0000000,0.0000,0.0000000,0.0000,0.0000000,0.0000,0.0000000,0.0000,['C#C'],35
40.4788,44.1644,-44.1329,0.0002464,COc1ccc(NC(=O)CCCCNC(=O)NC(c2ccccc2)(c2ccccc2)c2cccc3ccccc23)cc1,1,O=C(CCCCNC(=O)NC(c1ccccc1)(c1ccccc1)c1cccc2ccccc12)Nc1ccccc1,0.0001720,305.8913,0.1182376,0.1182,0.6114421,2.4597,1.0000000,1.0000,[],35
51.1339,63.6331,-63.6331,0.0000000,NN=C(N=Nc1ccc(N2CCOCC2)cc1)c1nc2ccc(NC=C(c3nc4ccccc4[nH]3)c3nnc4n3CCCCC4)cc2s1,1,N=C(N=Nc1ccc(N2CCOCC2)cc1)c1nc2ccc(NC=C(c3nc4ccccc4[nH]3)c3nnc4n3CCCCC4)cc2s1,0.0000000,0.0000,0.0000000,0.0000,0.0000000,0.0000,0.0000000,0.0000,['[#7;!n][#7;!n]'],35
47.7578,52.6644,-51.9166,0.0058417,C=CC(=O)Nc1ccc(-c2nccs2)c(-c2nc3cc(NC(=O)CNCC(C)C)ccc3o2)c1,1,c1ccc(-c2nccs2)c(-c2nc3ccccc3o2)c1,0.0046855,341.8200,0.2963489,0.2963,0.5729299,2.7850,1.0000000,1.0000,[],35
56.7794,61.2604,-60.9492,0.0024310,CCC1=CC(c2ccc(N)cc2)(c2ccc(N3CCC(CCCCN=C(NC#N)c4ccc(N(C)C)cc4)CC3)cc2)c2ccccc21,1,C1=CC(c2ccccc2)(c2ccc(N3CCC(CCCCN=Cc4ccccc4)CC3)cc2)c2ccccc21,0.0019874,332.4785,0.0431795,0.0432,0.4660146,3.8177,1.0000000,1.0000,[],35
32.7976,30.9191,-30.9148,0.0000333,Cn1nccc1-n1ccc(N2CCOCC2)n1,1,c1cc(-n2ccc(N3CCOCC3)n2)[nH]n1,0.0000197,282.3769,0.7550130,0.7550,0.5717406,2.7953,1.0000000,1.0000,[],35
71.2213,82.4014,-82.4014,0.0000000,CC(C)(C)c1cc2c(cc1)n1Cc3c4N(c5ccccc5)=C(C)c5c(cc(N(c6ccc(C(C)(C)C)cc6)c6ccc(cc6)OC)c5)N(c4cc(-c2c1)c3)c1ccc(OC)cc1,0,,0.0000000,0.0000,0.0000000,0.0000,0.0000000,0.0000,0.0000000,0.0000,None,35
32.6751,34.9633,40.0549,0.5860796,Cc1cccc(=Nc2ccc(N)c3ccccc23)o1,1,c1ccc(=Nc2cccc3ccccc23)oc1,0.5836372,403.6668,0.6712677,0.6713,0.5830364,2.6975,1.0000000,1.0000,[],35
50.0636,51.9879,-51.9647,0.0001810,Cc1cccc2c1C=C1C2C(=Cc2ccccc2)CC2C(O)CCC12,1,C(=C1CC2CCCC2C2=Cc3ccccc3C12)c1ccccc1,0.0001181,301.8041,0.7479332,0.7479,0.4480649,4.0141,1.0000000,1.0000,[],35
43.6799,50.4049,-50.4049,0.0000000,CCNc1nc2c3c(-c4ccccc4)[nH]nc3c1=C(c1ccccc1)C=CC=2,1,C1=CC(c2ccccc2)=c2cnc(c3c(-c4ccccc4)[nH]nc23)=C1,0.0000000,0.0000,0.0000000,0.0000,0.0000000,0.0000,0.0000000,0.0000,['[*;r{8-17}]'],35
31.7017,41.5450,75.6603,0.9156665,C(=Nc1ccc2nc3cc(N(c4ccccc4)c4ccccn4)ccc3cc2c1)c1ccccc1,1,C(=Nc1ccc2nc3cc(N(c4ccccc4)c4ccccn4)ccc3cc2c1)c1ccccc1,0.9696695,437.6186,0.1972922,0.1973,0.6019695,2.5377,1.0000000,1.0000,[],35
63.0235,71.6848,-65.4224,0.0489254,CN(C)c1ccc(C2NC(c3ccc(N4CCOCC4)cc3)Nc3c2c(N)nc2c(S(=O)(=O)Nc4c(O)ccc5ccccc45)cccc32)cc1,1,O=S(=O)(Nc1cccc2ccccc12)c1cccc2c3c(cnc12)C(c1ccccc1)NC(c1ccc(N2CCOCC2)cc1)N3,0.0453701,366.9234,0.1224105,0.1224,0.4450798,4.0475,1.0000000,1.0000,[],35
47.2286,53.8227,-53.8227,0.0000000,Oc1ccc(C2Nc3ccc(-c4ccccc4)cc3N(c3ccc4oc5cc(N(c6ccccc6)c6ccccc6)ccc5c4c3)N2)cc1O,1,c1ccc(-c2ccc3c(c2)N(c2ccc4oc5cc(N(c6ccccc6)c6ccccc6)ccc5c4c2)NC(c2ccccc2)N3)cc1,0.0000000,0.0000,0.0000000,0.0000,0.0000000,0.0000,0.0000000,0.0000,['[#7;!n][#7;!n]'],35
24.8550,35.6360,-5.4530,0.2358047,NC(=O)c1ccc(-c2ccc(C=Cc3ccc(N(c4ccccc4)c4ccccc4)cc3)cc2)o1,1,C(=Cc1ccc(N(c2ccccc2)c2ccccc2)cc1)c1ccc(-c2ccco2)cc1,0.2303944,386.9051,0.2554579,0.2555,0.6298441,2.3114,1.0000000,1.0000,[],35
24.0327,28.3249,-27.9005,0.0033159,CCOc1cccc2c(N3CCN(C)CC3)cc(=O)oc12,1,O=c1cc(N2CCNCC2)c2ccccc2o1,0.0024951,334.9543,0.8077914,0.8078,0.6420617,2.2154,1.0000000,1.0000,[],35
60.7581,70.9250,36.3425,0.8380270,CC(=O)Nc1c(I)cc(C)c2ccc3nc(N=c4c(=N)c5c(N)nc(NC#N)nc45)ccc3c12,1,N=c1c(=Nc2ccc3c(ccc4ccccc43)n2)c2ncncc12,0.9035094,424.2862,0.1135903,0.1136,0.4710733,3.7637,1.0000000,1.0000,[],35
26.2546,25.0951,-25.0951,0.0000000,Cc1ccc(C)n1-c1ncccc1C(=O)O,1,c1ccc(-n2cccc2)nc1,0.0000000,0.0000,0.0000000,0.0000,0.0000000,0.0000,0.0000000,0.0000,"['C(=[O,S])[O,S]']",35
46.9444,51.7698,-51.7698,0.0000000,CN(C)c1ccc(CCC(=O)N2CSNc3cc(-c4cccc(=O)[nH]4)ccc3C2)cc1,1,O=C(CCc1ccccc1)N1CSNc2cc(-c3cccc(=O)[nH]3)ccc2C1,0.0000000,0.0000,0.0000000,0.0000,0.0000000,0.0000,0.0000000,0.0000,['[#7;!n][S;!$(S(=O)=O)]'],35
51.3921,68.1488,32.9270,0.7896553,CCCCN=C1C(C=Cc2ccc(Cc3cc(-c4oc5ccccc5[n+]4CCC)no3)cc2)=Nc2ccccc21,1,N=C1C(C=Cc2ccc(Cc3cc(-c4[nH+]c5ccccc5o4)no3)cc2)=Nc2ccccc21,0.8427036,418.2239,0.1370974,0.1371,0.4974834,3.4910,1.0000000,1.0000,[],35
40.8711,46.9024,-34.4150,0.0975579,CCN(CC)c1cnc2ccc(-c3ccc4ncnc(Nc5ccc(N6CCN(C)CC6)cc5)c4c3)cc2c1,1,c1cnc2ccc(-c3ccc4ncnc(Nc5ccc(N6CCNCC6)cc5)c4c3)cc2c1,0.0908884,374.9973,0.2763255,0.2763,0.5913505,2.6267,1.0000000,1.0000,[],35
22.2416,23.9100,-23.8908,0.0001497,CN1[B]Nc2ccccc21,1,[B]1Nc2ccccc2N1,0.0000975,299.7243,0.5296577,0.5297,0.4944934,3.5211,1.0000000,1.0000,[],35
40.4949,41.8815,-31.3098,0.0825914,C=CC=[N+]=C1C(=O)N=C(N)N(c2ccc(C)c(C)c2)C1=O,1,[N+]=C1C(=O)N=CN(c2ccccc2)C1=O,0.0746463,372.6675,0.6231402,0.6231,0.4863885,3.6037,1.0000000,1.0000,[],35
55.7196,86.2087,28.2116,0.8939080,N#CC(C#N)=C1C(=CNc2ccc(-c3ccnc4nc(-c5ccc(Oc6ccc(N=Nc7ccc(N=Nc8ccc(N=Cc9ccccc9)cc8)cc7)cc6)cc5)[nH]c34)cc2)c2ccccc21,1,C=C1C(=CNc2ccc(-c3ccnc4nc(-c5ccc(Oc6ccc(N=Nc7ccc(N=Nc8ccc(N=Cc9ccccc9)cc8)cc7)cc6)cc5)[nH]c34)cc2)c2ccccc21,0.9824538,476.2968,0.0702390,0.0702,0.4570329,3.9150,1.0000000,1.0000,[],35
35.9853,41.2876,18.6286,0.4680950,C(=Cc1ccccc1C=Cc1ccc(N(c2ccccc2)c2ccc(C=Cc3ccc4c(c3)oc3ccccc34)cc2)cc1)c1ccccc1,1,C(=Cc1ccccc1C=Cc1ccc(N(c2ccccc2)c2ccc(C=Cc3ccc4c(c3)oc3ccccc34)cc2)cc1)c1ccccc1,0.4833636,399.2772,0.1458478,0.1458,0.5859198,2.6729,1.0000000,1.0000,[],35
33.9230,46.8717,50.7897,0.7629798,Nc1cc(C2=CC=CC3c4ccccc4OC23)ccc1C=Cc1ccc(N(c2ccccc2)c2ccccc2)cc1,1,C1=CC2c3ccccc3OC2C(c2ccc(C=Cc3ccc(N(c4ccccc4)c4ccccc4)cc3)cc2)=C1,0.8067822,415.5177,0.1755154,0.1755,0.4878131,3.5891,1.0000000,1.0000,[],36
58.9021,62.7524,56.8836,0.9346561,CC[n+]1c(C(=C(C#N)C#N)C2COC(C(C)C)C2)c(C)nc2ccc(N=[N+]=[N-])cc21,1,C=C(c1cnc2ccccc2[nH+]1)C1CCOC1,0.9939103,464.6812,0.2372375,0.2372,0.3942993,4.6532,1.0000000,1.0000,[],36
45.2031,55.6494,63.5531,0.9312695,CCC(=O)Nc1cccc2c1C(=C1C(=O)N=C(c3ccccc3)C1c1c[nH]c3ccc(OC)cc13)C(=O)N2,1,O=C1N=C(c2ccccc2)C(c2c[nH]c3ccccc23)C1=C1C(=O)Nc2ccccc21,0.9747224,439.6537,0.3304574,0.3305,0.5049511,3.4165,1.0000000,1.0000,[],36
35.1596,39.8855,77.4932,0.9170218,C1=Nc2c(cnc3c2CCCN3c2ccccc2)Oc2ccccc21,1,C1=Nc2c(cnc3c2CCCN3c2ccccc2)Oc2ccccc21,0.9443837,430.7487,0.4923605,0.4924,0.5767730,2.7515,1.0000000,1.0000,[],36
41.6036,40.0317,-39.9910,0.0003180,CCOc1ccccc1NC(=O)N1CCC(c2nn3cccc3c(=O)n2-c2cccc(Cl)c2)CC1,1,O=C(Nc1ccccc1)N1CCC(c2nn3cccc3c(=O)n2-c2ccccc2)CC1,0.0002162,308.3715,0.4280976,0.4281,0.5951101,2.5950,1.0000000,1.0000,[],36
39.3955,54.5692,6.9464,0.4805904,CCCN(CC)c1ccc2ccc(N=Nc3ccc(N=Nc4ccc(N=Nc5ccc(N=Nc6ccccc6)cc5)cc4)cc3)c(N=Nc3ccc(N=Nc4ccc(N(CCC)CCC)cc4)cc3)c2c1,1,c1ccc(N=Nc2ccc(N=Nc3ccc(N=Nc4ccc(N=Nc5ccc6ccccc6c5N=Nc5ccc(N=Nc6ccccc6)cc5)cc4)cc3)cc2)cc1,0.5122286,519.4688,0.0658076,0.0658,0.4589962,3.8936,1.0000000,1.0000,[],36
90.0380,110.6482,-110.6482,0.0000000,O=C(N)c1ccc(C)c(Nc2cc(Nc3c(N=Nc4ccccc4)cc(N=c4[nH]c(ccc4C#N)N=Nc4ccc(Nc5nc(Nc6ccc(cc6)N6CCON=6)ccc5)nc4Nc4ccccc4)cc3)nc(n2)Nc2ccccc2)c1,0,,0.0000000,0.0000,0.0000000,0.0000,0.0000000,0.0000,0.0000000,0.0000,None,36
52.8008,68.2211,20.4314,0.6925976,CCN(CC)c1ccc(C=CC(=Nc2ccc3ccc(NC(=S)CNC4C(=O)N(C)c5ccccc54)cc3c2)NO)cc1,1,O=C1Nc2ccccc2C1NCC(=S)Nc1ccc2ccc(N=CC=Cc3ccccc3)cc2c1,0.7497408,411.9130,0.0727664,0.0728,0.4708413,3.7662,1.0000000,1.0000,[],36
31.6647,38.0719,82.7037,0.9435596,CC(=O)c1ccc2c(-c3ccccc3)c(N=Nc3ccccc3)cnc2c1,1,c1ccc(N=Nc2cnc3ccccc3c2-c2ccccc2)cc1,0.9857379,445.9895,0.3102976,0.3103,0.6267996,2.3356,1.0000000,1.0000,[],36
39.6113,49.0559,-46.0014,0.0238630,c1ccc(N(c2ccccc2)c2ccc(-c3ccc4oc5c(-c6cncc7ccccc67)c(-c6ccc(N(c7ccccc7)c7ccccc7)c7ccccc67)ccc5c4c3)cc2)cc1,1,c1ccc(N(c2ccccc2)c2ccc(-c3ccc4oc5c(-c6cncc7ccccc67)c(-c6ccc(N(c7ccccc7)c7ccccc7)c7ccccc67)ccc5c4c3)cc2)cc1,0.0211222,358.3503,0.1450369,0.1450,0.5235066,3.2360,1.0000000,1.0000,[],36
46.9877,49.8522,-49.7320,0.0009391,CCCCCOc1ccc(CCNC(=O)C=C(c2ccccc2)c2ccc(Oc3ccccc3)cc2)cn1,1,O=C(C=C(c1ccccc1)c1ccc(Oc2ccccc2)cc1)NCCc1cccnc1,0.0006973,321.0931,0.1534403,0.1534,0.6214086,2.3788,1.0000000,1.0000,[],36
20.6385,22.2539,3.0470,0.1976630,c1ccc2c[n+]3ccccc3cc2c1,1,c1ccc2c[n+]3ccccc3cc2c1,0.1892601,384.2044,0.3696592,0.3697,0.6084986,2.4838,1.0000000,1.0000,[],36
27.7924,30.2947,-30.0584,0.0018461,CCCCCC(O)=Cc1ccc(N(CCC)CCC)cc1,1,c1ccccc1,0.0013746,328.4696,0.4349164,0.4349,0.6192583,2.3962,1.0000000,1.0000,[],36
32.7454,44.7748,75.7900,0.9419127,CCCNC(=O)c1ccc(NC2=C(Nc3ccc(N(CC)CC)cc3)C(=O)N(c3ccc(NC(C)=O)cc3)C2=O)cc1,1,O=C1C(Nc2ccccc2)=C(Nc2ccccc2)C(=O)N1c1ccccc1,0.9945564,463.4564,0.2283534,0.2284,0.5959700,2.5878,1.0000000,1.0000,[],36
51.4232,57.1886,61.0575,0.9237973,N#Cc1c(N=Nc2ccc(N=Nc3c(-c4ccccc4)nn(O)c3N)cc2)cccc1NC1=NS(=O)(=O)c2ccccc21,1,O=S1(=O)N=C(Nc2cccc(N=Nc3ccc(N=Nc4c[nH]nc4-c4ccccc4)cc3)c2)c2ccccc21,0.9920934,467.5359,0.1459688,0.1460,0.4968186,3.4977,1.0000000,1.0000,[],36
24.0268,24.9125,-24.8952,0.0001349,Nc1ccc(N=C2NCCO2)cc1,1,c1ccc(N=C2NCCO2)cc1,0.0000868,298.4639,0.6257625,0.6258,0.5313234,3.1619,1.0000000,1.0000,[],36
34.4020,45.7017,7.4040,0.4148879,CN(C)c1ccc(C=Cc2nc3cnccc3n2-c2ccc(N(c3ccc(N(C)C)cc3)c3ccc(N(C)C)cc3)cc2)cc1,1,C(=Cc1nc2cnccc2n1-c1ccc(N(c2ccccc2)c2ccccc2)cc1)c1ccccc1,0.4241792,396.6815,0.1681834,0.1682,0.5613983,2.8866,1.0000000,1.0000,[],36
40.7032,41.6820,-32.8140,0.0692808,COc1cccc(Nc2cc(C(=O)NCc3cccc(C(F)(F)F)c3)c3c(C)noc3n2)c1,1,O=C(NCc1ccccc1)c1cc(Nc2ccccc2)nc2oncc12,0.0625491,370.6068,0.4129624,0.4130,0.6113208,2.4607,1.0000000,1.0000,[],36
24.8272,27.8859,-20.2327,0.0597905,CCCCCCCCC=CC=CC=CC=CC1=CCCC=C1,1,C1=CCCC=C1,0.0544079,368.9990,0.2783072,0.2783,0.5258719,3.2135,1.0000000,1.0000,[],36
23.4671,24.1838,-14.9665,0.0720103,N#CC(=Cc1ccc(OCc2ccccc2)cc1)c1nc2ccccc2o1,1,C(=Cc1nc2ccccc2o1)c1ccc(OCc2ccccc2)cc1,0.0649016,371.0349,0.4468329,0.4468,0.6492500,2.1597,1.0000000,1.0000,[],36
48.6147,59.9631,17.6132,0.6060655,C[N+](=O)c1ccc2nc(Nc3ccccc3)c(C=Nc3ccc(C(=O)c4ccc(NC(N)=O)cc4)cc3)c(N)c2c1,1,O=C(c1ccccc1)c1ccc(N=Cc2cc3ccccc3nc2Nc2ccccc2)cc1,0.6416190,406.3233,0.1054765,0.1055,0.5566449,2.9291,1.0000000,1.0000,[],36
35.4127,44.6063,-6.8360,0.2950802,CN(C)c1ccc(NC(=O)c2ccc(NS(=O)(=O)c3ccc(N=Cc4cccc(Cl)c4O)cc3)cc2)cc1,1,O=C(Nc1ccccc1)c1ccc(NS(=O)(=O)c2ccc(N=Cc3ccccc3)cc2)cc1,0.2925957,390.4150,0.2368038,0.2368,0.6133258,2.4443,1.0000000,1.0000,[],36
34.3012,42.7567,76.8985,0.9348058,Nc1ccc2c3ccccc3c(N3C(=O)c4ccccc4C3=O)[n+](-c3ccccc3)c2c1,1,O=C1c2ccccc2C(=O)N1c1c2ccccc2c2ccccc2[n+]1-c1ccccc1,0.9916221,451.8302,0.1971028,0.1971,0.5855809,2.6758,1.0000000,1.0000,[],36
34.0512,35.4782,-31.7403,0.0292024,O=C1c2ccccc2C(=O)N1C1Cc2ccccc2N(c2nnnn2-c2ccccc2)C1,1,O=C1c2ccccc2C(=O)N1C1Cc2ccccc2N(c2nnnn2-c2ccccc2)C1,0.0251391,360.2852,0.4721157,0.4721,0.5537147,2.9555,1.0000000,1.0000,[],36
38.6445,46.5452,-46.5452,0.0000000,CCN=c1c2ccccc2ccn1-c1ccc2c(c1)OCC(C(=O)O)=C2,1,N=c1c2ccccc2ccn1-c1ccc2c(c1)OCC=C2,0.0000000,0.0000,0.0000000,0.0000,0.0000000,0.0000,0.0000000,0.0000,"['C(=[O,S])[O,S]']",36
35.3331,40.8269,-40.8269,0.0000000,CC(=NNC(=S)NCCCN1CCCCC1)c1ccc(N2c3ccccc3Oc3ccccc32)cc1,1,S=C(NCCCN1CCCCC1)NN=Cc1ccc(N2c3ccccc3Oc3ccccc32)cc1,0.0000000,0.0000,0.0000000,0.0000,0.0000000,0.0000,0.0000000,0.0000,['[#7;!n][#7;!n]'],36
25.8068,33.0087,89.1134,0.9540796,O=c1c(C=Cc2ccc(N3CCC(Cc4ccccc4)CC3)cc2)nnc2ccccn12,1,O=c1c(C=Cc2ccc(N3CCC(Cc4ccccc4)CC3)cc2)nnc2ccccn12,0.9851689,445.5584,0.4670288,0.4670,0.6073730,2.4931,1.0000000,1.0000,[],36
29.7094,44.9440,72.9416,0.9209813,CN(C)c1ccc(N=Nc2ccc(N=Nc3ccc(-c4nc(Nc5ccccc5)c(C#N)c(N)c4C#N)cc3)cc2)cc1,1,c1ccc(N=Nc2ccc(N=Nc3ccc(-c4cccc(Nc5ccccc5)n4)cc3)cc2)cc1,0.9807978,477.2943,0.1804168,0.1804,0.5346866,3.1304,1.0000000,1.0000,[],36
30.2993,37.0267,84.9590,0.9530135,c1ccc(SC2=Nc3ccccc3C2=Nc2nc3ccccc3o2)cc1,1,c1ccc(SC2=Nc3ccccc3C2=Nc2nc3ccccc3o2)cc1,0.9857491,474.0019,0.4575113,0.4575,0.5760332,2.7580,1.0000000,1.0000,[],36
58.3582,68.9945,11.3939,0.6280346,C=CC(=CN=C(C)c1cnc(N)nc1)NC1=CC(=N)N(c2ccc(-c3ccco3)cc2)CC1,1,N=C1C=C(NC=CN=Cc2cncnc2)CCN1c1ccc(-c2ccco2)cc1,0.6423690,406.3587,0.3681998,0.3682,0.4789462,3.6808,1.0000000,1.0000,[],36
30.9816,42.4240,71.8389,0.8926795,C(=Nc1ccc(N=Nc2ccccc2)cc1)c1ccc2cc3ccccc3nc2c1,1,C(=Nc1ccc(N=Nc2ccccc2)cc1)c1ccc2cc3ccccc3nc2c1,0.9466797,431.2328,0.1785806,0.1786,0.6128891,2.4479,1.0000000,1.0000,[],36
52.5171,74.1218,41.8264,0.9058456,COc1ccc(Nc2n[nH]c3cc(C=Nc4ccccc4N=C4C(c5ccccc5N=Nc5ccc(N(C)C)cc5)=Nc5ccccc54)cc(N)c23)cc1,1,C(=Nc1ccccc1N=C1C(c2ccccc2N=Nc2ccccc2)=Nc2ccccc21)c1ccc2c(Nc3ccccc3)n[nH]c2c1,0.9935274,454.6524,0.0736575,0.0737,0.4851120,3.6169,1.0000000,1.0000,[],36
30.6754,31.2645,-31.2287,0.0002798,CC1CP(Cl)N(c2ccccc2)P(Cl)N1,1,c1ccc(N2PCCNP2)cc1,0.0001872,306.8109,0.7621972,0.7622,0.3797723,4.8409,1.0000000,1.0000,[],36
39.8730,51.0139,-43.9558,0.0551420,O=C(Nc1ccccc1N(CCc1ccccc1)c1ccccc1)c1ccc2cc(-c3ccc4cc(N(c5ccccc5)c5ccccc5)ccc4c3)ccc2c1,1,O=C(Nc1ccccc1N(CCc1ccccc1)c1ccccc1)c1ccc2cc(-c3ccc4cc(N(c5ccccc5)c5ccccc5)ccc4c3)ccc2c1,0.0509414,368.2444,0.1436525,0.1437,0.5653011,2.8520,1.0000000,1.0000,[],36
33.5027,42.0527,78.4463,0.9413989,O=C(CNc1cccc(N=Nc2ccccc2)c1)N=Nc1c(O)n(-c2ccccc2)c2ccccc12,1,O=C(CNc1cccc(N=Nc2ccccc2)c1)N=Nc1cn(-c2ccccc2)c2ccccc12,0.9940468,455.5664,0.2389995,0.2390,0.5549624,2.9443,1.0000000,1.0000,[],36
45.7446,53.4914,-31.1975,0.1741713,C=Nc1ccc(N2CCN(C3CC(CC(=C)c4ccccc4)C3)c3ccccc32)cc1,1,C=C(CC1CC(N2CCN(c3ccccc3)c3ccccc32)C1)c1ccccc1,0.1652824,382.4172,0.4157385,0.4157,0.5686363,2.8226,1.0000000,1.0000,[],36
57.9424,58.5648,-58.5648,0.0000000,O=C(NN=Cc1cccc2c1N(c1ccc(NC(=O)c3ccco3)cc1)C(c1ccccc1)(c1ccccc1)O2)c1ccc2ccccc2n1,1,O=C(NN=Cc1cccc2c1N(c1ccc(NC(=O)c3ccco3)cc1)C(c1ccccc1)(c1ccccc1)O2)c1ccc2ccccc2n1,0.0000000,0.0000,0.0000000,0.0000,0.0000000,0.0000,0.0000000,0.0000,['[#7;!n][#7;!n]'],36
50.3490,64.6627,36.1766,0.7878070,C(=Cc1ccccc1)C=C1N(c2ccccc2)c2ccccc2N1c1cc(N(c2ccccc2)c2ccccc2)nc(-n2c3c4ccccc4c=3n(-c3ccccc3)c3cccnc32)n1,1,C(=Cc1ccccc1)C=C1N(c2ccccc2)c2ccccc2N1c1cc(N(c2ccccc2)c2ccccc2)nc(-n2c3c4ccccc4c=3n(-c3ccccc3)c3cccnc32)n1,0.8402395,418.0233,0.1443274,0.1443,0.4707828,3.7668,1.0000000,1.0000,[],36
49.6864,54.6394,57.6959,0.8776193,CCCN1C(=O)C(=Cc2ccc(N(C)C)cc2)Oc2cc(Nc3ccccc3)c(OCc3ccc(OCc4ccccc4)cc3)cc21,1,O=C1Nc2cc(OCc3ccc(OCc4ccccc4)cc3)c(Nc3ccccc3)cc2OC1=Cc1ccccc1,0.9381815,429.5292,0.1398630,0.1399,0.5795995,2.7271,1.0000000,1.0000,[],36
54.8685,75.6733,-75.6733,0.0000000,c1(cc2c3c(cc(o3)-c3sc(NC(C)C)cc3)cc(N3CCCC3)nc2cc1)N1CCC(c2ccc(N3CCCCC3)cc2)=C1,0,,0.0000000,0.0000,0.0000000,0.0000,0.0000000,0.0000,0.0000000,0.0000,None,36
44.5771,59.1361,59.3980,0.9260477,CN(C)c1ccc(N=Nc2ccc(C=Cc3nc(-c4ccc(-c5ccc(N=Nc6cccc7ccccc67)cc5)cc4)n4ccccc34)cc2)cc1,1,C(=Cc1nc(-c2ccc(-c3ccc(N=Nc4cccc5ccccc45)cc3)cc2)n2ccccc12)c1ccc(N=Nc2ccccc2)cc1,0.9940329,464.4590,0.1430854,0.1431,0.5269127,3.2036,1.0000000,1.0000,[],36
68.5919,80.0734,-80.0734,0.0000000,c1(CCNC2CCN(c3ncc(cc3)-c3c4c(c5c(c(=O)cc([nH]5)N)c3)[nH]c(=O)c4NC3CCCCC3)CC2)ccc(cc1)N1CCN(C)CC1,0,,0.0000000,0.0000,0.0000000,0.0000,0.0000000,0.0000,0.0000000,0.0000,None,36
47.3533,49.5113,-28.4769,0.1643316,Cn1c(N)nc(=O)c2nc(C(C#N)=Cc3cccc(F)c3)n(Cc3ccccc3)c21,1,O=c1nc[nH]c2c1nc(C=Cc1ccccc1)n2Cc1ccccc1,0.1543001,381.5287,0.5307247,0.5307,0.5640935,2.8627,1.0000000,1.0000,[],36
40.7980,52.0929,59.9106,0.8750271,CC1=C(N=Cc2ccc(N(C)C)cc2O)CSC(c2nc(-c3ccccc3O)cs2)=N1,1,C(=NC1=CN=C(c2nc(-c3ccccc3)cs2)SC1)c1ccccc1,0.8991681,496.2439,0.5267460,0.5267,0.5143174,3.3246,1.0000000,1.0000,[],36
33.1717,34.9480,-30.5324,0.0344965,O=c1[nH]c(SCc2ccccc2)nc2c1C(c1cccs1)c1c(c3ccccc3oc1=O)N2,1,O=c1[nH]c(SCc2ccccc2)nc2c1C(c1cccs1)c1c(c3ccccc3oc1=O)N2,0.0308239,362.5621,0.2014548,0.2015,0.5132914,3.3346,1.0000000,1.0000,[],36
37.4322,52.2461,36.5458,0.6936866,CCOc1cc(N=Nc2ccccc2)ccc1C1=NC(=Cc2cc(OC)ccc2OCc2ccccc2)C(c2ccccc2)=N1,1,C(=C1N=C(c2ccc(N=Nc3ccccc3)cc2)N=C1c1ccccc1)c1ccccc1OCc1ccccc1,0.7325398,509.0607,0.1434037,0.1434,0.5544241,2.9491,1.0000000,1.0000,[],36
49.4409,58.4324,-21.5444,0.2881881,CC(C)(O)C(C=Cc1ccc(O)c2nc(N3CCCC3)ccc12)NC(=O)C1Nc2ccccc2N1,1,O=C(NCC=Cc1cccc2nc(N3CCCC3)ccc12)C1Nc2ccccc2N1,0.2828431,389.8983,0.3715760,0.3716,0.4789761,3.6805,1.0000000,1.0000,[],36
42.0667,49.9904,63.4357,0.8861412,CCN(CC)c1ccc(C2C(C(=O)Nc3ccccc3)=C(C)N=c3sc(=Cc4cn(C5CC5)c5ccc(S(C)(=O)=O)cc45)c(=O)n32)cc1,1,O=C(Nc1ccccc1)C1=CN=c2sc(=Cc3cn(C4CC4)c4ccccc34)c(=O)n2C1c1ccccc1,0.9366783,429.2509,0.2243740,0.2244,0.4990461,3.4753,1.0000000,1.0000,[],36
52.2191,74.0130,39.6562,0.8880406,CCCCCC(=O)Nc1ccc(C=Cc2ccc(N=Nc3ccc4c(-c5ccc(N=Cc6ccc(N(CC)CC)cc6)cc5)nc(N)c(-c5ccc(N(c6ccccc6)c6ccccc6)cc5)c4c3)cc2)cc1,1,C(=Cc1ccc(N=Nc2ccc3c(-c4ccc(N=Cc5ccccc5)cc4)ncc(-c4ccc(N(c5ccccc5)c5ccccc5)cc4)c3c2)cc1)c1ccccc1,0.9957249,459.1799,0.0362871,0.0363,0.4681586,3.7947,1.0000000,1.0000,[],36
62.0454,75.1435,-75.1435,0.0000000,c1(ccc(OCCCC)cc1)N(c1nc(c2c(n1)cc(N(c1ccccc1)c1ccccc1)cc2)Nc1c2cccc3-c4ccccc4-c1n23)C#N,0,,0.0000000,0.0000,0.0000000,0.0000,0.0000000,0.0000,0.0000000,0.0000,None,36
66.3416,82.9388,-4.1051,0.6158885,CCN(CC)c1nc2c(c(N3CCN(C)CC3=O)n1)C=CC(=N)C2Cc1ccc(N2c3ccccc3Cc3cc(N4CCCCC4)ccc32)cc1,1,N=C1C=Cc2c(ncnc2N2CCNCC2=O)C1Cc1ccc(N2c3ccccc3Cc3cc(N4CCCCC4)ccc32)cc1,0.6442258,406.4466,0.1837487,0.1837,0.4461277,4.0357,1.0000000,1.0000,[],36
68.1454,76.4995,-76.4995,0.0000000,c1cc(COCC2=CC(=O)c3c4nc5cc(ccc5c5ccc(c3c42)N(C5=O)Cc2ccc(C=C)cc2)Nc2ccccc2)ccc1N(C)C,0,,0.0000000,0.0000,0.0000000,0.0000,0.0000000,0.0000,0.0000000,0.0000,None,36
25.6976,24.8001,-24.7538,0.0003612,Cc1cccc(NC=C(Cl)Cl)c1,1,c1ccccc1,0.0002424,309.6170,0.7706006,0.7706,0.6186044,2.4014,1.0000000,1.0000,[],36
53.1347,68.6562,19.5810,0.6893533,O=C(CCc1ccccc1)Nc1ccc(-n2nccc2CCNc2ccc(N=Cc3ccc4c(c3)c3ccccc3n4-c3ccccc3)cc2[N+](=O)[O-])cc1,1,O=C(CCc1ccccc1)Nc1ccc(-n2nccc2CCNc2ccc(N=Cc3ccc4c(c3)c3ccccc3n4-c3ccccc3)cc2)cc1,0.7449275,411.6363,0.0697476,0.0697,0.5387471,3.0925,1.0000000,1.0000,[],36
71.3373,96.6230,-10.0010,0.6767344,CCCCn1c(=N)c2c(n(CC)c1=O)C=C(c1ccc(-c3ccc(N4CCCCC4)cc3)cc1NC(=O)c1ccc(N=Cc3ccc(N(C)C)cc3)cc1)C1C(C)CCCN21,1,N=c1[nH]c(=O)[nH]c2c1N1CCCCC1C(c1ccc(-c3ccc(N4CCCCC4)cc3)cc1NC(=O)c1ccc(N=Cc3ccccc3)cc1)=C2,0.7217753,410.3502,0.1222204,0.1222,0.4131445,4.4198,1.0000000,1.0000,[],36
31.4908,30.4172,-30.4170,0.0000013,CCCCCCCCCCCCCCCCCCCC=CC(O)C(COC1OC(CO)C(O)C(O)C1O)NC(=O)C(O)CCCCCCCCCCCCCCCCCCCC,1,C1CCOCC1,0.0000007,246.3783,0.0232439,0.0232,0.3809785,4.8251,1.0000000,1.0000,[],36
29.9018,38.7935,77.1605,0.9058903,CN(C)c1ccc(C=C2C(=O)Nc3ccccc3N(c3cccc(N(C)C)c3)C2=O)cc1,1,O=C1Nc2ccccc2N(c2ccccc2)C(=O)C1=Cc1ccccc1,0.9310037,428.2531,0.4923710,0.4924,0.6168081,2.4160,1.0000000,1.0000,[],36
59.6540,69.9550,-37.4054,0.2542937,CCn1c(C)nc2sc3c(c2c1=O)C(c1ccc(N2CCCC2)cc1O)CN3c1ccc(C(=O)Nc2ccc(OC)cc2)cc1,1,O=C(Nc1ccccc1)c1ccc(N2CC(c3ccc(N4CCCC4)cc3)c3c2sc2nc[nH]c(=O)c32)cc1,0.2522300,388.2007,0.2103055,0.2103,0.4979258,3.4865,1.0000000,1.0000,[],36
51.8788,67.6055,-67.6055,0.0000000,C(=C/c1c2ccc(=O)cc-2oc2c1ccc(N(CC)CC)c2)\c1c2ccc(N(C)C)cc2oc2/C(=N/c3cc[n+](C)cc3)C=C(c3ccc(N(CC)CC)cc3)c12,0,,0.0000000,0.0000,0.0000000,0.0000,0.0000000,0.0000,0.0000000,0.0000,None,36
32.4717,37.4503,-23.6564,0.1077650,O=C1CCCN1Cc1ccc(CNc2ncc(-c3ccc4ccccc4n3)s2)cc1,1,O=C1CCCN1Cc1ccc(CNc2ncc(-c3ccc4ccccc4n3)s2)cc1,0.0990846,376.0331,0.4772616,0.4773,0.6244144,2.3547,1.0000000,1.0000,[],36
17.7475,21.5337,-13.4357,0.0632657,C1=Cc2ccccc2Nc2ccccc21,1,C1=Cc2ccccc2Nc2ccccc21,0.0561994,369.3713,0.5703447,0.5703,0.6485716,2.1649,1.0000000,1.0000,[],36
35.6448,37.2527,-35.7685,0.0115955,Nc1ccccc1-c1nccc(=O)n1N1CCNC1=O,1,O=C1NCCN1n1c(-c2ccccc2)nccc1=O,0.0093639,349.3885,0.7604693,0.7605,0.5607111,2.8927,1.0000000,1.0000,[],36
63.7494,73.9534,-73.9534,0.0000000,c12ccc(=O)c3c(c2c(N)ccn1)[nH]c1c(c3NCCCCCCCCCC)c2Nc3ccccc3Sc2c(NCCCCCCCC)c1,0,,0.0000000,0.0000,0.0000000,0.0000,0.0000000,0.0000,0.0000000,0.0000,None,36
34.3508,37.7110,85.4770,0.9624060,O=C1C=C(Nc2cccc(NC(=O)c3cc(=O)[nH]c4ccccc34)c2)C(=O)c2ccccc21,1,O=C1C=C(Nc2cccc(NC(=O)c3cc(=O)[nH]c4ccccc34)c2)C(=O)c2ccccc21,0.9951203,457.7372,0.4462194,0.4462,0.6230189,2.3659,1.0000000,1.0000,[],36
57.9825,80.8027,-70.9384,0.0770643,CCN(CC)c1ccc2c(N=Nc3ccc(N=Nc4ccc5ccccc5n4)c(-c4ccc(Nc5cnccn5)cc4C(=O)N4CCN(Cc5ccccc5)CC4)c3)c3ccccc3nc2c1,1,O=C(c1cc(Nc2cnccn2)ccc1-c1cc(N=Nc2c3ccccc3nc3ccccc23)ccc1N=Nc1ccc2ccccc2n1)N1CCN(Cc2ccccc2)CC1,0.0738648,547.4559,0.0891557,0.0892,0.4641605,3.8376,1.0000000,1.0000,[],37
67.5380,92.1130,6.8836,0.7734111,CCNc1c(N=Nc2ccc(C(=CN(c3ccc(N=C(C#N)C#N)cc3)c3ccc(N)cc3N=Nc3ccc(N=Nc4ccccc4N=Nc4ccccc4)cc3)c3ccc4ccccc4c3)cc2)ccc2cc(N(C)C)ccc12,1,C(=C(c1ccc(N=Nc2ccc3ccccc3c2)cc1)c1ccc2ccccc2c1)N(c1ccccc1)c1ccccc1N=Nc1ccc(N=Nc2ccccc2N=Nc2ccccc2)cc1,0.8545733,500.7724,0.0515372,0.0515,0.3928674,4.6714,1.0000000,1.0000,[],37
44.9887,60.7479,56.7406,0.9178792,CCN(CC)c1ccc2cc(-n3c4ccc(N=Nc5ccc(N=Nc6ccncc6)cc5)cc4c4cc(-c5c6ccccc6cc6ccccc56)ccc43)ccc2c1,1,c1ccc2cc(-n3c4ccc(N=Nc5ccc(N=Nc6ccncc6)cc5)cc4c4cc(-c5c6ccccc6cc6ccccc56)ccc43)ccc2c1,0.9942491,464.0560,0.1088685,0.1089,0.5045474,3.4205,1.0000000,1.0000,[],37
45.9164,52.3035,30.5130,0.6470040,CC(C)c1nc2ccc(-c3ccc4ccccc4c3)cc2nc1-n1c2ccc(-c3ccc(N(C)C)cc3)cc2c2cc(N(c3ccccc3)c3ccccc3)ccc21,1,c1ccc(-c2ccc3c(c2)c2cc(N(c4ccccc4)c4ccccc4)ccc2n3-c2cnc3ccc(-c4ccc5ccccc5c4)cc3n2)cc1,0.6796638,408.1672,0.1550077,0.1550,0.5319211,3.1563,1.0000000,1.0000,[],37
35.9279,41.6978,70.7730,0.8786782,O=C1C(O)=C(N2CCCC2)C(=O)N1c1ccc(Oc2ccc(-c3ccc(N(c4ccccc4)c4ccccc4)cc3)cc2)cc1,1,O=C1C=C(N2CCCC2)C(=O)N1c1ccc(Oc2ccc(-c3ccc(N(c4ccccc4)c4ccccc4)cc3)cc2)cc1,0.9312931,428.3022,0.1823705,0.1824,0.5867549,2.6657,1.0000000,1.0000,[],37
48.5249,67.3495,40.5440,0.8429180,CCNc1nc(N=C2NC(=O)C(=Cc3ccc(N(CC)CC)cc3O)S2)c2c(-c3ccco3)nc3ccccc3n2c1=O,1,O=C1NC(=Nc2ncc(=O)n3c2c(-c2ccco2)nc2ccccc23)SC1=Cc1ccccc1,0.8987678,496.2918,0.1595091,0.1595,0.4862180,3.6055,1.0000000,1.0000,[],37
47.2668,65.3694,44.0530,0.8548629,OCCc1c(N=Cc2ccccc2O)cccc1Nc1nc(Nc2cccc(N=Nc3ccc(N=Nc4ccccc4)cc3)c2)nc2ccc3ccccc3c12,1,C(=Nc1cccc(Nc2nc(Nc3cccc(N=Nc4ccc(N=Nc5ccccc5)cc4)c3)nc3ccc4ccccc4c23)c1)c1ccccc1,0.9426517,430.3958,0.0556887,0.0557,0.4948674,3.5173,1.0000000,1.0000,[],37
55.7142,67.7375,50.6941,0.9252471,CN=C(N)NC1C(=O)n2c(c(NCC=Cc3ccccc3)c3cc(N)ccc32)C(=O)C(=O)C1O,1,O=C1CCC(=O)n2c(c(NCC=Cc3ccccc3)c3ccccc32)C1=O,0.9927798,466.5424,0.1629077,0.1629,0.4410223,4.0933,1.0000000,1.0000,[],37
33.9029,40.9205,47.2833,0.6890918,CN(C(=O)CN1C(=O)C(=c2c(=O)n3c4ccccc4nc3c3ccccc23)c2ccccc21)c1ccccc1,1,O=C(CN1C(=O)C(=c2c(=O)n3c4ccccc4nc3c3ccccc23)c2ccccc21)Nc1ccccc1,0.7057329,409.4975,0.3617215,0.3617,0.5832791,2.6954,1.0000000,1.0000,[],37
55.7987,66.6823,-66.6823,0.0000000,CN=C1N=Nc2ccc(cc2)C#CC2=CC=C1C(=O)N(c1ccc(C(=O)NCCc3coc4ccccc34)cc1)c1ccccc12,1,N=C1N=Nc2ccc(cc2)C#CC2=CC=C1C(=O)N(c1ccc(C(=O)NCCc3coc4ccccc34)cc1)c1ccccc12,0.0000000,0.0000,0.0000000,0.0000,0.0000000,0.0000,0.0000000,0.0000,"['[*;r{8-17}]', 'C#C']",37
31.1797,48.5316,67.0326,0.9028451,CN(C)c1ccc(N=Nc2ccc(N=Nc3ccc(N=Nc4cc(N=O)c5sc(-c6ccccc6)cc5c4)cc3)cc2)cc1,1,c1ccc(N=Nc2ccc(N=Nc3ccc(N=Nc4ccc5sc(-c6ccccc6)cc5c4)cc3)cc2)cc1,0.9731463,481.0207,0.1225628,0.1226,0.5124639,3.3426,1.0000000,1.0000,[],37
29.9781,35.1506,-34.7733,0.0029476,N#Cc1ccc2c(c1)-c1cc(-c3cccc(N(c4ccccc4)c4ccccc4)c3)ccc1C2,1,c1ccc(N(c2ccccc2)c2cccc(-c3ccc4c(c3)-c3ccccc3C4)c2)cc1,0.0022806,333.9762,0.2791075,0.2791,0.6262354,2.3401,1.0000000,1.0000,[],37
37.7211,42.6313,-31.9743,0.0832581,NCCNCCNc1ccc(Nc2c(NC(=O)CN)ccc3c2C(=O)c2ccccc2C3=O)cc1,1,O=C1c2ccccc2C(=O)c2c(Nc3ccccc3)cccc21,0.0778114,546.8444,0.1919651,0.1920,0.5914793,2.6256,1.0000000,1.0000,[],37
35.6773,43.4284,-43.4284,0.0000000,CCN(CC)n1c(=O)c(NN=Cc2ccc(N=Nc3ccccc3)cc2)nc2ccccc21,1,O=c1[nH]c2ccccc2nc1NN=Cc1ccc(N=Nc2ccccc2)cc1,0.0000000,0.0000,0.0000000,0.0000,0.0000000,0.0000,0.0000000,0.0000,['[#7;!n][#7;!n]'],37
49.7348,61.4796,-61.4796,0.0000000,CCCCCCCCCCC1=C2Nc3ccccc3N=C2N(c2ccc(-c3ccc(N=C(c4ccccc4)c4cccs4)s3)cc2)S1,1,C1=C2Nc3ccccc3N=C2N(c2ccc(-c3ccc(N=C(c4ccccc4)c4cccs4)s3)cc2)S1,0.0000000,0.0000,0.0000000,0.0000,0.0000000,0.0000,0.0000000,0.0000,['[#7;!n][S;!$(S(=O)=O)]'],37
49.8217,57.4313,-57.4313,0.0000000,O=CNc1ccc2c(c1)C1C=CCN(N=Cc3ccc([N+](=O)[O-])cc3)C(=O)C1N2CCC(=O)O,1,O=C1C2Nc3ccccc3C2C=CCN1N=Cc1ccccc1,0.0000000,0.0000,0.0000000,0.0000,0.0000000,0.0000,0.0000000,0.0000,"['[#7;!n][#7;!n]', 'C(=[O,S])[O,S]']",37
38.7985,60.7242,-60.7242,0.0000000,c1c2c(c(c1O)N=Nc1cc(ccc1S(=O)(=O)O)N=Nc1ccc(N=Nc3ccc(N=Nc4ccc(N=Nc5ccc(cc5)N=Nc5ccc(cc5)N=Nc5ccc(N(C)C)cc5)cc4)cc3)cc1)cccc2,0,,0.0000000,0.0000,0.0000000,0.0000,0.0000000,0.0000,0.0000000,0.0000,None,37
23.9761,27.7881,28.7337,0.4415764,Oc1ccc2ccccc2c1C=Nc1ccc(SCc2ccccc2)cc1,1,C(=Nc1ccc(SCc2ccccc2)cc1)c1cccc2ccccc12,0.4426357,397.4977,0.3178838,0.3179,0.6451910,2.1910,1.0000000,1.0000,[],37
37.6856,35.7778,-35.7778,0.0000000,COC(=O)NCC1CCCN1c1cc(-c2ccc(C(F)(F)F)cc2)ccn1,1,c1ccc(-c2ccnc(N3CCCC3)c2)cc1,0.0000000,0.0000,0.0000000,0.0000,0.0000000,0.0000,0.0000000,0.0000,"['C(=[O,S])[O,S]']",37
42.3492,58.2540,9.4294,0.5287760,CCCCCCCCCCN(C)c1ccc(N=Nc2ccc(N=Nc3ccc(N=Nc4cc5c(cc4Cl)C(=O)C=CC5=O)cc3OCCCCCCCC)cc2)cc1,1,O=C1C=CC(=O)c2cc(N=Nc3ccc(N=Nc4ccc(N=Nc5ccccc5)cc4)cc3)ccc21,0.5702471,516.9289,0.0517050,0.0517,0.4789544,3.6807,1.0000000,1.0000,[],37
34.2835,46.8805,-9.5323,0.2917827,Nc1ccc2ccccc2c1C=Nc1cccc(Nc2cccc(N3CCc4ccccc43)n2)c1,1,C(=Nc1cccc(Nc2cccc(N3CCc4ccccc43)n2)c1)c1cccc2ccccc12,0.2900980,390.2837,0.2210264,0.2210,0.5826880,2.7005,1.0000000,1.0000,[],37
59.8832,74.0452,9.6627,0.6539679,CN(C)c1ccc(C=Nc2cccc(N(c3ccccc3)c3ccc4ccc5oc(=O)c(-c6ccc7cc(C8C=CC(C9CCCCC9)=CC8)ccc7c6)cc5c4c3)c2)cc1,1,O=c1oc2ccc3ccc(N(c4ccccc4)c4cccc(N=Cc5ccccc5)c4)cc3c2cc1-c1ccc2cc(C3C=CC(C4CCCCC4)=CC3)ccc2c1,0.7036447,409.3885,0.0829308,0.0829,0.4471576,4.0242,1.0000000,1.0000,[],37
32.6539,44.0272,74.8208,0.9285000,O=c1c(O)c(C=Cc2ccc(N(c3ccccc3)c3ccccc3)cc2)oc2c(N(c3ccccc3)c3ccccc3)c3ccccc3cc12,1,O=c1cc(C=Cc2ccc(N(c3ccccc3)c3ccccc3)cc2)oc2c(N(c3ccccc3)c3ccccc3)c3ccccc3cc12,0.9912015,468.7061,0.1661955,0.1662,0.5501394,2.9879,1.0000000,1.0000,[],37
52.0432,71.7203,-71.7203,0.0000000,c1c2nc(N)c3c(ccc(c3)N=Nc3ccc(cc3)N=Nc3ccc(N=Nc4ccc(N=Cc5cccc(c5O)O)cc4)cc3)cc2cc(N=Nc2ccc(N=Nc3ccc(CCCC)cc3)cc2)c1,0,,0.0000000,0.0000,0.0000000,0.0000,0.0000000,0.0000,0.0000000,0.0000,None,37
24.1134,28.7689,-28.3284,0.0034411,CCN(CC)c1ccc(P(c2ccccc2)c2ccc(N(c3ccccc3)c3ccccc3)cc2)cc1,1,c1ccc(N(c2ccccc2)c2ccc(P(c3ccccc3)c3ccccc3)cc2)cc1,0.0027221,335.9023,0.1908843,0.1909,0.5698731,2.8117,1.0000000,1.0000,[],37
31.3504,30.4762,-30.4762,0.0000000,N=C(N)N(N)c1ccc(-c2ccc(Br)cc2)cc1,1,c1ccc(-c2ccccc2)cc1,0.0000000,0.0000,0.0000000,0.0000,0.0000000,0.0000,0.0000000,0.0000,['[#7;!n][#7;!n]'],37
48.5236,63.6829,54.8114,0.9257368,CCN(c1ccccc1)c1ccc(-c2cccc(N(c3ccccc3)c3ccc(C4=c5ccccc5=CC5(CCN(c6ccccc6)CC5)O4)cc3)c2)cc1,1,C1=c2ccccc2=C(c2ccc(N(c3ccccc3)c3cccc(-c4ccc(Nc5ccccc5)cc4)c3)cc2)OC12CCN(c1ccccc1)CC2,0.9947187,456.8739,0.1481003,0.1481,0.4761907,3.7097,1.0000000,1.0000,[],37
41.4128,44.6844,-44.5047,0.0014040,N#Cc1cccc(-c2nc3c(-c4csc5ccc(C=O)cc45)cccc3[nH]2)c1,1,c1ccc(-c2nc3c(-c4csc5ccccc45)cccc3[nH]2)cc1,0.0010339,325.3732,0.4030413,0.4030,0.5918618,2.6224,1.0000000,1.0000,[],37
30.6500,38.0076,73.6052,0.8719753,CCN(CC)c1ccc(C=Cc2ccc(C=Cc3ccc(N(c4ccccc4)c4ccccc4)cc3)c([S+](C)C)c2)cc1,1,C(=Cc1ccc(C=Cc2ccc(N(c3ccccc3)c3ccccc3)cc2)cc1)c1ccccc1,0.9388674,429.6583,0.1130640,0.1131,0.5578518,2.9183,1.0000000,1.0000,[],37
47.1318,50.1639,-39.5385,0.0830113,Cc1ccc2c(C)c(C(C)(C)C)c3c(-c4ccccc4)nc(Cl)nc3c2c1,1,c1ccc(-c2ncnc3c2ccc2ccccc23)cc1,0.0767676,372.9967,0.2640686,0.2641,0.6002654,2.5519,1.0000000,1.0000,[],37
27.7125,33.8828,-25.7081,0.0638644,c1ccc(N(c2ccc(-c3nc4ccccc4o3)cc2)c2ccc(-c3cccc4cc(N(c5ccccc5)c5ccccc5)ccc34)cc2)cc1,1,c1ccc(N(c2ccc(-c3nc4ccccc4o3)cc2)c2ccc(-c3cccc4cc(N(c5ccccc5)c5ccccc5)ccc34)cc2)cc1,0.0591606,369.9629,0.1630600,0.1631,0.5927614,2.6148,1.0000000,1.0000,[],37
34.5240,33.6847,-33.0855,0.0046811,O=C(Nc1ccc(O)cc1)Nc1ccc(=O)n(Cc2ccc(Cl)cc2)c1,1,O=C(Nc1ccccc1)Nc1ccc(=O)n(Cc2ccccc2)c1,0.0036150,338.9921,0.6097257,0.6097,0.6750870,1.9646,1.0000000,1.0000,[],37
35.1148,43.9949,77.1579,0.9465061,Cc1ccc(-c2nc3c4ccc(N5CCCC5)cc4ccn3c(=N)c2C#N)cc1,1,N=c1cc(-c2ccccc2)nc2c3ccc(N4CCCC4)cc3ccn12,0.9740387,439.3562,0.5245106,0.5245,0.5877183,2.6575,1.0000000,1.0000,[],37
36.2248,50.7975,68.5430,0.9323472,CN(C)c1ccc(N=Nc2ccc3cc(N=Nc4ccc(-c5nc6ccccn6c5N5CCOCC5)cc4)ccc3c2)cc1,1,c1ccc(N=Nc2ccc3cc(N=Nc4ccc(-c5nc6ccccn6c5N5CCOCC5)cc4)ccc3c2)cc1,0.9943739,463.8164,0.1766048,0.1766,0.5306020,3.1687,1.0000000,1.0000,[],37
29.2032,29.6460,-29.6460,0.0000000,CCOC(=O)C(=C=PBr)C#N,1,,0.0000000,0.0000,0.0000000,0.0000,0.0000000,0.0000,0.0000000,0.0000,"['C(=[O,S])[O,S]']",37
42.7341,59.5815,57.4489,0.9142996,C=CCCc1cccc(C=Cc2nc3ccc(-c4ccc(N=Nc5ccc(N(CC)CC)cc5)cc4)cc3s2)c1OCC=C,1,C(=Cc1nc2ccc(-c3ccc(N=Nc4ccccc4)cc3)cc2s1)c1ccccc1,0.9936701,454.8961,0.0943478,0.0943,0.5288396,3.1854,1.0000000,1.0000,[],37
52.6899,64.5062,54.8554,0.9325124,COc1c(N=c2ccc(C)c3sccc3n2)ccc(Nc2ccc(N=Nc3ccc(N(C)C)cc3)cn2)c1C,1,c1ccc(N=Nc2ccc(Nc3ccc(N=c4cccc5sccc5n4)cc3)nc2)cc1,0.9892328,449.0799,0.2150999,0.2151,0.5094376,3.3722,1.0000000,1.0000,[],37
36.7237,41.7048,-41.3357,0.0028834,c1ccc(-c2cc3c4ccccc4n(-c4cccc(-c5ccc6c(c5)Cc5ccccc5-6)c4)c3c3oc4ccccc4c23)cc1,1,c1ccc(-c2cc3c4ccccc4n(-c4cccc(-c5ccc6c(c5)Cc5ccccc5-6)c4)c3c3oc4ccccc4c23)cc1,0.0022538,333.8475,0.2055635,0.2056,0.5783374,2.7380,1.0000000,1.0000,[],37
36.6582,38.0460,-38.0460,0.0000000,O=C(O)C1CCCN(C(=O)Nc2cccc(-c3ccc(N4CCCCC4=O)cc3)c2)C1,1,O=C(Nc1cccc(-c2ccc(N3CCCCC3=O)cc2)c1)N1CCCCC1,0.0000000,0.0000,0.0000000,0.0000,0.0000000,0.0000,0.0000000,0.0000,"['C(=[O,S])[O,S]']",37
40.8813,52.3166,63.0766,0.9015089,CN(C)c1ccc(C(=O)NCCN(C=c2[nH]c(=O)c(=Cc3nc4ccccc4s3)s2)c2ccccc2)cc1,1,O=C(NCCN(C=c1[nH]c(=O)c(=Cc2nc3ccccc3s2)s1)c1ccccc1)c1ccccc1,0.9420514,489.7242,0.3137672,0.3138,0.5433108,3.0504,1.0000000,1.0000,[],37
28.4424,32.4311,-31.6339,0.0062288,CCOc1cccc2cc(N=Cc3cccc(OC)c3)ccc12,1,C(=Nc1ccc2ccccc2c1)c1ccccc1,0.0048821,342.2683,0.6211658,0.6212,0.6627941,2.0565,1.0000000,1.0000,[],37
60.0846,71.2707,-71.2707,0.0000000,c1cc(nc2c1cc([nH]2)N=c1c2-c(nc3ccccc13)ccc1c2n(-c2cc3c(cc2)cccc3)cc1)N=Nc1ccc(N(C)C)cc1,0,,0.0000000,0.0000,0.0000000,0.0000,0.0000000,0.0000,0.0000000,0.0000,None,37
33.6078,52.2827,63.6519,0.9057386,C(=Nc1ccc(N=Nc2ccc(N=Nc3ccc(OCc4ccccc4)c4cccc(N=Cc5ccc(N(c6ccccc6)c6ccccc6)cc5)c34)cc2)cc1)c1ccccn1,1,C(=Nc1ccc(N=Nc2ccc(N=Nc3ccc(OCc4ccccc4)c4cccc(N=Cc5ccc(N(c6ccccc6)c6ccccc6)cc5)c34)cc2)cc1)c1ccccn1,0.9904767,469.5736,0.0806731,0.0807,0.4869097,3.5984,1.0000000,1.0000,[],37
29.0639,28.9105,42.3586,0.5567902,COc1cc(Cl)c(O)c(C=C(C#N)c2ccc([N+](=O)[O-])cc2)c1,1,C(=Cc1ccccc1)c1ccccc1,0.5615693,402.6876,0.3949200,0.3949,0.6210902,2.3814,1.0000000,1.0000,[],37
28.0499,29.9160,-24.6858,0.0408608,Cn1cc(C=Nc2ccc(Cl)cc2N)c2ccccc21,1,C(=Nc1ccccc1)c1c[nH]c2ccccc12,0.0355256,364.1563,0.5567199,0.5567,0.6253529,2.3472,1.0000000,1.0000,[],37
56.7694,78.1337,35.2976,0.8861820,CCn1c(N2CCNCC2)nc2c3cccnc3c3sc(N=Nc4ccc5c(c4)cc(N=Nc4ccc(N=Nc6ccc(N(C)C)cc6)cc4)c(=O)n5C)cc3c21,1,O=c1[nH]c2ccc(N=Nc3cc4c5[nH]c(N6CCNCC6)nc5c5cccnc5c4s3)cc2cc1N=Nc1ccc(N=Nc2ccccc2)cc1,0.9520691,487.5487,0.1445381,0.1445,0.4460881,4.0362,1.0000000,1.0000,[],37
61.7858,86.3402,-1.8237,0.6602852,COc1cc(-c2c(N=Nc3ccc(N=Nc4ccccc4)cc3)c(N)nc3sc4c(c23)CCC=C4)c(-c2ccc(N=Nc3ccccc3)cc2)c2c1S(=O)(=O)C=C2C,1,O=S1(=O)C=Cc2c1ccc(-c1c(N=Nc3ccc(N=Nc4ccccc4)cc3)cnc3sc4c(c13)CCC=C4)c2-c1ccc(N=Nc2ccccc2)cc1,0.6988568,510.8596,0.1438278,0.1438,0.4378997,4.1288,1.0000000,1.0000,[],37
22.1516,24.1437,-24.1207,0.0001799,Cc1cccc2c1oc1ccccc12,1,c1ccc2c(c1)oc1ccccc12,0.0001175,301.7553,0.5136445,0.5136,0.7111638,1.7043,1.0000000,1.0000,[],37
52.8686,63.4553,-63.4553,0.0000000,CNC(=O)c1ccc2oc(C=Cc3cc[n+]4c(c3)C(NNc3ccccc3)=CCC4)cc2c1,1,C(=Cc1cc2ccccc2o1)c1cc[n+]2c(c1)C(NNc1ccccc1)=CCC2,0.0000000,0.0000,0.0000000,0.0000,0.0000000,0.0000,0.0000000,0.0000,['[#7;!n][#7;!n]'],37
41.9944,49.9054,-49.9054,0.0000000,c1(c(cc2CC3CCC(C3c2c1)N=C=S)N=C=S)=C=O,0,,0.0000000,0.0000,0.0000000,0.0000,0.0000000,0.0000,0.0000000,0.0000,None,37
30.1550,40.5856,81.1866,0.9513452,O=C1C(=Cc2ccccc2N2CCCC2)Oc2cc3nsnc3cc21,1,O=C1C(=Cc2ccccc2N2CCCC2)Oc2cc3nsnc3cc21,0.9723341,481.3532,0.6567385,0.6567,0.5882749,2.6528,1.0000000,1.0000,[],37
29.6236,29.7071,-29.6828,0.0001903,COC1c2cccc3cccc(c23)C1C#N,1,c1cc2c3c(cccc3c1)CC2,0.0001242,302.3553,0.7223758,0.7224,0.5105444,3.3614,1.0000000,1.0000,[],37
35.3271,44.3633,25.8788,0.5487666,O=C1C(=c2ccc(=CN=Cc3c[nH]c4ccccc34)s2)c2ccccc2N1c1ccccc1,1,O=C1C(=c2ccc(=CN=Cc3c[nH]c4ccccc34)s2)c2ccccc2N1c1ccccc1,0.5549248,517.6050,0.3920653,0.3921,0.5348406,3.1289,1.0000000,1.0000,[],37
61.6142,67.0237,-67.0237,0.0000000,CCCCOc1ccc(OC(=O)c2cc(N3C(=O)Cc4cc(Nc5ccc(F)cc5)cc(OC)c43)ncc2OC)cc1,1,O=C(Oc1ccccc1)c1ccnc(N2C(=O)Cc3cc(Nc4ccccc4)ccc32)c1,0.0000000,0.0000,0.0000000,0.0000,0.0000000,0.0000,0.0000000,0.0000,"['C(=[O,S])[O,S]']",37
35.0095,50.0570,54.2812,0.8151425,Oc1cc(C=Cc2ccc(N=Nc3ccccc3)cc2)cc(C=Nc2cccc(NC(=S)Nc3ccccc3)c2)c1O,1,S=C(Nc1ccccc1)Nc1cccc(N=Cc2cccc(C=Cc3ccc(N=Nc4ccccc4)cc3)c2)c1,0.8978177,423.5953,0.0490440,0.0490,0.5615162,2.8856,1.0000000,1.0000,[],37
24.9786,25.9226,-25.3943,0.0041275,CCCCCCCCOc1cc(C=O)ccc1N,1,c1ccccc1,0.0032064,337.6853,0.4109865,0.4110,0.6725501,1.9834,1.0000000,1.0000,[],37
49.3539,55.4317,-54.7889,0.0050221,NC1=CC=CN(CCOc2ccc3c(c2)N(CCO)c2ccccc2C3c2c[nH]c3ccccc23)C1,1,C1=CCN(CCOc2ccc3c(c2)Nc2ccccc2C3c2c[nH]c3ccccc23)C=C1,0.0039864,340.0580,0.3542598,0.3543,0.4923359,3.5430,1.0000000,1.0000,[],37
48.9275,55.1562,61.8914,0.9144347,c1ccc(C23CCC4CC2N(c2ccc(N=P(c5ccccc5)(c5ccccc5)c5ccccc5)cc2)C4C2CCCCC23)cc1,1,c1ccc(C23CCC4CC2N(c2ccc(N=P(c5ccccc5)(c5ccccc5)c5ccccc5)cc2)C4C2CCCCC23)cc1,0.9842992,444.9301,0.1731161,0.1731,0.3361937,5.4503,1.0000000,1.0000,[],37
55.5370,57.3145,-57.3145,0.0000000,c1cccc2[nH]c(C)c(c21)CC(N[C@H]1[C@@H]2N(C(C(O)=O)=C(CSc3c4c(Nc5ccccc5)nc(nc3N4)N)CS2)C1=O)=O,0,,0.0000000,0.0000,0.0000000,0.0000,0.0000000,0.0000,0.0000000,0.0000,None,37
76.3119,88.8744,12.7306,0.7937893,CCCN(CC1COc2ccccc21)c1ccccc1C(N)=COc1c(NC=O)c(N)c2ccccc2[n+](N)c1=N,1,N=c1[nH+]c2ccccc2ccc1OC=Cc1ccccc1NCC1COc2ccccc21,0.8622127,419.9101,0.0875112,0.0875,0.4270550,4.2542,1.0000000,1.0000,[],37
28.9236,39.7512,14.4632,0.4235501,CCN(CC)c1ccc(CNc2ccc3cc(N=Cc4ccc(N5CCCC5)cc4)ccc3c2)cc1,1,C(=Nc1ccc2cc(NCc3ccccc3)ccc2c1)c1ccc(N2CCCC2)cc1,0.4272440,396.8177,0.2517315,0.2517,0.6119617,2.4554,1.0000000,1.0000,[],37
29.2769,36.1135,-35.0104,0.0086175,CNc1nc(-c2ccc(N=C(c3ccccc3)c3ccccc3)cc2)nc2[nH]ncc12,1,c1ccc(C(=Nc2ccc(-c3ncc4cn[nH]c4n3)cc2)c2ccccc2)cc1,0.0069844,346.1794,0.3931962,0.3932,0.6039585,2.5212,1.0000000,1.0000,[],37
72.3172,79.5518,30.6554,0.8609937,O=C1C=CC=CC12COc1ccc(N=C3c4c(O)ccc(O)c4-c4ccccc4C3NCCCc3ncc[nH]3)cc12,1,O=C1C=CC=CC12COc1ccc(N=C3c4ccccc4-c4ccccc4C3NCCCc3ncc[nH]3)cc12,0.9178057,426.1977,0.1954287,0.1954,0.3826976,4.8026,1.0000000,1.0000,[],37
38.7780,55.6919,57.2085,0.8820345,CCCCOc1ccc2c(c1)nc(-c1ccc(N=Nc3ccc(N(C)C)cc3)cc1)c(=O)c(=O)n2CCc1ccc(OC)cc1,1,O=c1c(-c2ccc(N=Nc3ccccc3)cc2)nc2ccccc2n(CCc2ccccc2)c1=O,0.9589875,485.7776,0.0841043,0.0841,0.5635561,2.8674,1.0000000,1.0000,[],37
75.7547,94.9925,19.5425,0.8948046,CN1CCN(Cc2ccc(-c3ccc(-c4ccc(N=Nc5n[nH]nc5N)c(SCc5ccc(N(c6ccccc6)c6ccccn6)cc5)c4)c(Nc4cc(-c5ccc(C(F)(F)F)cc5)[nH]n4)n3)cc2)CC1,1,c1ccc(-c2cc(Nc3nc(-c4ccc(CN5CCNCC5)cc4)ccc3-c3ccc(N=Nc4cn[nH]n4)c(SCc4ccc(N(c5ccccc5)c5ccccn5)cc4)c3)n[nH]2)cc1,0.9906090,450.5798,0.0569804,0.0570,0.4440830,4.0587,1.0000000,1.0000,[],38
46.6251,54.3713,68.2314,0.9578334,NC(=O)Nc1noc2ccc3c(c12)N=CC3=Nc1cccc2ccccc12,1,C1=Nc2c(ccc3oncc23)C1=Nc1cccc2ccccc12,0.9859794,473.8224,0.5593762,0.5594,0.5422740,3.0599,1.0000000,1.0000,[],38
33.2151,37.7963,-9.9035,0.2179130,C(=NCc1ccc2cc3ccccc3cc2c1-c1ccccc1)c1ccc(-c2ccccc2)cc1,1,C(=NCc1ccc2cc3ccccc3cc2c1-c1ccccc1)c1ccc(-c2ccccc2)cc1,0.2142177,385.8888,0.1846876,0.1847,0.6293303,2.3155,1.0000000,1.0000,[],38
32.9188,33.1787,-32.6334,0.0042605,O=C(Cc1ccccc1Sc1ccc(O)cc1)c1ccccc1O,1,O=C(Cc1ccccc1Sc1ccccc1)c1ccccc1,0.0032668,337.8887,0.6645984,0.6646,0.6576986,2.0950,1.0000000,1.0000,[],38
33.6259,29.6688,-29.6688,0.0000000,COC(=O)CCN(C)c1nc(C)ccc1C(N)=S,1,c1ccncc1,0.0000000,0.0000,0.0000000,0.0000,0.0000000,0.0000,0.0000000,0.0000,"['C(=[O,S])[O,S]']",38
41.7178,52.5647,4.9846,0.4496042,CCN(CC)c1ccc(N=Nc2ccc(N=Nc3ccc(C(Nc4ccc(N(CC)CC)cc4)=C4C=CC(=Nc5ccc(N=Nc6cc[n+](C)cc6)cc5)C=C4)cc3)cc2)cc1,1,C1=CC(=C(Nc2ccccc2)c2ccc(N=Nc3ccc(N=Nc4ccccc4)cc3)cc2)C=CC1=Nc1ccc(N=Nc2cc[nH+]cc2)cc1,0.4749545,521.0886,0.0775494,0.0775,0.4636382,3.8433,1.0000000,1.0000,[],38
50.6884,53.8461,-53.8461,0.0000000,O=C(O)C(Cc1ccc2ccccc2n1)c1cccc(-c2cc(-c3nc4cc(Cl)ccc4o3)c3ccccc3n2)c1,1,c1cc(CCc2ccc3ccccc3n2)cc(-c2cc(-c3nc4ccccc4o3)c3ccccc3n2)c1,0.0000000,0.0000,0.0000000,0.0000,0.0000000,0.0000,0.0000000,0.0000,"['C(=[O,S])[O,S]']",38
75.9113,86.2096,-29.8090,0.4406299,CCN(CC)c1ccc(C=C(c2ccc(N=Cc3ccc(N(C)Cc4ccc([N+](=O)[O-])cc4)cc3)cc2)c2cccc(NC(=O)c3cc(-c4oc(=S)[nH]c4-c4ccccc4)ccc3OC)c2)cc1,1,O=C(Nc1cccc(C(=Cc2ccccc2)c2ccc(N=Cc3ccc(NCc4ccccc4)cc3)cc2)c1)c1cccc(-c2oc(=S)[nH]c2-c2ccccc2)c1,0.4786013,399.0701,0.0303670,0.0304,0.4801046,3.6688,1.0000000,1.0000,[],38
30.3305,35.9042,-35.9042,0.0000000,c12c(cccc2)/c(cc(Cl)c1)=N/c1ccc(N(C)C)cc1,0,,0.0000000,0.0000,0.0000000,0.0000,0.0000000,0.0000,0.0000000,0.0000,None,38
62.3293,65.7615,-59.5286,0.0486949,CNC(Nc1ccc2c3cc(nc2c1)OC(NS(=O)(=O)c1ccccc1)O3)c1ccccc1,1,O=S(=O)(NC1Oc2cc(c3ccc(NCc4ccccc4)cc3n2)O1)c1ccccc1,0.0437088,366.4995,0.3608467,0.3608,0.4084604,4.4768,1.0000000,1.0000,[],38
25.9784,26.7636,-26.7636,0.0000000,COc1ccc(N=C(C#Cc2ccccc2)c2ccccc2)cc1,1,C(#Cc1ccccc1)C(=Nc1ccccc1)c1ccccc1,0.0000000,0.0000,0.0000000,0.0000,0.0000000,0.0000,0.0000000,0.0000,['C#C'],38
48.5716,57.8594,57.5447,0.9015945,CN(C)c1nc(NCc2ccccc2)nc(Nc2ccc(N=Cc3c4ccccc4nc4ccc(NCCCN)cc34)cc2)n1,1,C(=Nc1ccc(Nc2ncnc(NCc3ccccc3)n2)cc1)c1c2ccccc2nc2ccccc12,0.9869344,473.0460,0.0710002,0.0710,0.5558760,2.9361,1.0000000,1.0000,[],38
35.2903,43.4145,-43.4145,0.0000000,N1(C2(CC2)c2ccccc2OC=1c1ccc(cc1)OC)c1ccc(N(C)C)cc1,0,,0.0000000,0.0000,0.0000000,0.0000,0.0000000,0.0000,0.0000000,0.0000,None,38
54.4597,68.4261,-68.4261,0.0000000,C1NC(CCC1)C1(C=Cc2c1cc1c(c2)Nc2c(cccc2)N1)N=c1ccc2c(c3ccccc3n2C)c1O,0,,0.0000000,0.0000,0.0000000,0.0000,0.0000000,0.0000,0.0000000,0.0000,None,38
48.6382,49.8597,-49.8597,0.0000000,c12c3c(c(=O)c(cn2[C@@H](CC1)C)=O)-n1c(CCc3cccc1)=O,0,,0.0000000,0.0000,0.0000000,0.0000,0.0000000,0.0000,0.0000000,0.0000,None,38
31.9185,29.7400,-29.0751,0.0051946,Cc1c(NC(N)=O)cccc1Nc1nccc(-c2cccnc2)n1,1,c1ccc(Nc2nccc(-c3cccnc3)n2)cc1,0.0040231,340.1577,0.6847257,0.6847,0.6425831,2.2113,1.0000000,1.0000,[],38
44.7537,50.8521,-49.5437,0.0102219,O=C1CC(=O)N(C2CC2)c2nc(NC3CC(=O)N(c4ccc(Cl)cc4)C3=O)ccc21,1,O=C1CC(=O)N(C2CC2)c2nc(NC3CC(=O)N(c4ccccc4)C3=O)ccc21,0.0082726,348.0312,0.5977715,0.5978,0.5295146,3.1790,1.0000000,1.0000,[],38
24.8816,24.1682,-24.1662,0.0000156,Clc1ccc(CCNCc2c[nH]c3ccccc23)cc1,1,c1ccc(CCNCc2c[nH]c3ccccc23)cc1,0.0000089,273.6949,0.6768243,0.6768,0.7006048,1.7791,1.0000000,1.0000,[],38
30.5791,45.6178,-45.6178,0.0000000,COC(=O)c1ccc(C=Nc2nc3c(N=Nc4ccc(N=Nc5ccccc5)cc4)c(N=Nc4ccccc4)ccc3s2)cc1,1,C(=Nc1nc2c(N=Nc3ccc(N=Nc4ccccc4)cc3)c(N=Nc3ccccc3)ccc2s1)c1ccccc1,0.0000000,0.0000,0.0000000,0.0000,0.0000000,0.0000,0.0000000,0.0000,"['C(=[O,S])[O,S]']",38
49.7357,57.8600,-57.7041,0.0012178,CCCC[N+](CCCC)=C1C=C(C=Cc2cc(N)cc([N+](=O)[O-])c2)C2=C(C(=O)C=C(c3ccccc3)C2)C1=O,1,[N+]=C1C=C(C=Cc2ccccc2)C2=C(C(=O)C=C(c3ccccc3)C2)C1=O,0.0009339,595.7322,0.1008429,0.1008,0.4841621,3.6267,1.0000000,1.0000,[],38
36.7565,44.2711,47.4131,0.7162833,CCCCN(CCO)c1cnn2cc(-c3ccc(N=C=S)cc3)cnc12,1,c1ccc(-c2cnc3ccnn3c2)cc1,0.7292621,410.7584,0.4853548,0.4854,0.5472454,3.0143,1.0000000,1.0000,[],38
27.2312,32.1895,-32.1888,0.0000058,C=CCNC(=NC)N(C)C(C)C=C,1,,0.0000032,262.6870,0.4014471,0.4014,0.4344083,4.1689,1.0000000,1.0000,[],38
71.8787,89.1586,10.7884,0.7808357,O=[N+]([O-])c1c(N(c2ccccc2)c2ccccc2)cccc1N(c1ccc2cc(NCc3ccc(S(=O)(=O)c4ccc(Cc5ccc(N=Cc6ccc(N(c7ccccc7)c7ccccc7)cc6)cc5)cc4)cc3)ccc2c1)c1ccc(O)c2ncccc12,1,O=S(=O)(c1ccc(CNc2ccc3cc(N(c4cccc(N(c5ccccc5)c5ccccc5)c4)c4cccc5ncccc45)ccc3c2)cc1)c1ccc(Cc2ccc(N=Cc3ccc(N(c4ccccc4)c4ccccc4)cc3)cc2)cc1,0.8653072,420.1956,0.0455983,0.0456,0.4206989,4.3292,1.0000000,1.0000,[],38
30.2692,38.1439,67.0470,0.8218035,N#Cc1ccc(N2C(=O)C(Nc3ccccc3N)=C(c3cccc([N+](=O)[O-])c3)C2=O)cc1,1,O=C1C(Nc2ccccc2)=C(c2ccccc2)C(=O)N1c1ccccc1,0.8561129,419.3627,0.2758001,0.2758,0.6057352,2.5066,1.0000000,1.0000,[],38
42.3589,60.7315,55.4505,0.9076723,CN(C)c1ccc(N=Nc2cccc3c(CC(=O)Nc4ccc(CC(NC(=O)c5ccccc5)c5ccccc5O)cc4)c(N)ccc23)cc1,1,O=C(Cc1cccc2c(N=Nc3ccccc3)cccc12)Nc1ccc(CC(NC(=O)c2ccccc2)c2ccccc2)cc1,0.9914491,468.3936,0.0815854,0.0816,0.5083839,3.3826,1.0000000,1.0000,[],38
27.0450,26.6018,-26.2231,0.0029590,C=CC(=O)C(C)c1c[nH]c2ccccc12,1,c1ccc2[nH]ccc2c1,0.0022245,333.7047,0.7570795,0.7571,0.5569237,2.9266,1.0000000,1.0000,[],38
34.2969,43.8718,-40.3011,0.0278961,O=C(C1=CC(c2ccccc2)c2ccccc2N1)N(c1ccccc1)c1nc2ccccc2[nH]1,1,O=C(C1=CC(c2ccccc2)c2ccccc2N1)N(c1ccccc1)c1nc2ccccc2[nH]1,0.0242315,359.8758,0.3399921,0.3400,0.5271833,3.2010,1.0000000,1.0000,[],38
52.6929,74.7491,-74.7491,0.0000000,c1(ccccc1)C(c1ccccc1)=C(c1ccc(N(c2ccccc2)c2ccccc2)cc1)C=Cc1cc2ccc(=NC(=C)N=Cc3ccc(N=Cc4cnccc4)cc3)nc2cc1,0,,0.0000000,0.0000,0.0000000,0.0000,0.0000000,0.0000,0.0000000,0.0000,None,38
51.4600,64.1635,-64.1635,0.0000000,c12c(-c3nnc4CCC[C@H](c34)N=Nc3[nH]c(cc3C=Nc3ccccc3)Nc3ccccc3)cccc2cccc1,0,,0.0000000,0.0000,0.0000000,0.0000,0.0000000,0.0000,0.0000000,0.0000,None,38
72.5522,90.3101,22.9793,0.8850732,CON=Cc1ccc2c(c1)C(=Cc1n(C)cc[n+]1-c1ccc(C=CC=Cc3cnc4ccccc4n3)c(Cl)c1)C(=O)N2c1cccc(NC(C)=O)c1,1,O=C1C(=Cc2[nH]cc[n+]2-c2ccc(C=CC=Cc3cnc4ccccc4n3)cc2)c2ccccc2N1c1ccccc1,0.9795674,442.0178,0.0543669,0.0544,0.4697067,3.7782,1.0000000,1.0000,[],38
34.2909,43.7861,44.5217,0.6899048,CCN(CC)c1ccc(C=CC=Cc2ccc(C=COC(C)CCO)cc2)cc1,1,C(C=Cc1ccccc1)=Cc1ccccc1,0.7073333,409.5813,0.3755718,0.3756,0.5251411,3.2204,1.0000000,1.0000,[],38
64.9656,75.9137,-75.9137,0.0000000,Cc1cc(N)ccc1N=Nc1ccc(C=NN2C(=O)c3cccc4c(N=Nc5cc(S(=O)(=O)O)cc6ccc(N=Nc7ccc(S(=O)(=O)O)cc7C)cc56)c5cccc(N)c5c2c34)cc1,1,O=C1c2cccc3c(N=Nc4cccc5ccc(N=Nc6ccccc6)cc45)c4ccccc4c(c23)N1N=Cc1ccc(N=Nc2ccccc2)cc1,0.0000000,0.0000,0.0000000,0.0000,0.0000000,0.0000,0.0000000,0.0000,['[#7;!n][#7;!n]'],38
43.2524,53.0087,-53.0087,0.0000000,CC(=O)c1ccc2c(c1)nc(N1C3=Cc4ccccc4C(c4ccc(N(C)C)cc4)=NC1=CC=C3)c1ccccc12,1,C1=CC2=Cc3ccccc3C(c3ccccc3)=NC(=C1)N2c1nc2ccccc2c2ccccc12,0.0000000,0.0000,0.0000000,0.0000,0.0000000,0.0000,0.0000000,0.0000,['[*;r{8-17}]'],38
16.2496,30.4060,87.6735,0.9224961,C(=Nc1ccc(N=Nc2ccc(N=Nc3ccccc3)cc2)cc1)c1ccc(N(c2ccccc2)c2ccccc2)cc1,1,C(=Nc1ccc(N=Nc2ccc(N=Nc3ccccc3)cc2)cc1)c1ccc(N(c2ccccc2)c2ccccc2)cc1,0.9904996,469.5472,0.1289697,0.1290,0.6017510,2.5396,1.0000000,1.0000,[],38
51.0202,81.7088,23.4683,0.8216956,CCCCOc1ccc(Oc2c3ccccc3nc3cc(N=Nc4ccccc4Nc4ccccc4)c(N)cc23)c(N=Nc2ccc(N=Nc3ccccc3)c(OCCC)c2O)c1,1,c1ccc(N=Nc2ccc(N=Nc3ccccc3Oc3c4ccccc4nc4cc(N=Nc5ccccc5Nc5ccccc5)ccc34)cc2)cc1,0.9183323,493.7263,0.0354077,0.0354,0.4670978,3.8061,1.0000000,1.0000,[],38
34.7934,40.3358,-33.2805,0.0551200,CCN(CC)c1ccc(-c2[nH]c3ccc(NC(=O)c4ccc(C(C)(C)C)cc4)cc3c2O)cc1,1,O=C(Nc1ccc2[nH]c(-c3ccccc3)cc2c1)c1ccccc1,0.0496817,367.9582,0.2950097,0.2950,0.6185264,2.4021,1.0000000,1.0000,[],38
40.7162,48.6602,-48.6602,0.0000000,n1c2C(c3ccccc3)=NC(C3=CC=CNc2n3CCCC)nc1-c1ccccc1,0,,0.0000000,0.0000,0.0000000,0.0000,0.0000000,0.0000,0.0000000,0.0000,None,38
30.0868,34.5205,-34.4038,0.0009120,Oc1ccc2c(c1)OC1=Cc3cccnc3C12,1,C1=C2Oc3ccccc3C2c2ncccc21,0.0006460,320.2622,0.7461690,0.7462,0.5064871,3.4013,1.0000000,1.0000,[],38
28.1324,37.0989,-36.8193,0.0021841,N=C(N)c1ccc(CNCc2ccc(-c3ccc(N(c4ccccc4)c4ccccc4)cc3)cc2)cc1,1,c1ccc(CNCc2ccc(-c3ccc(N(c4ccccc4)c4ccccc4)cc3)cc2)cc1,0.0016945,330.7441,0.1514800,0.1515,0.6514720,2.1426,1.0000000,1.0000,[],38
61.2715,65.8684,-65.8684,0.0000000,N(N1CC(c2ccccc21)CC)c1cc2c3n(C=CNC3=S)c3ccsc3c2cc1,0,,0.0000000,0.0000,0.0000000,0.0000,0.0000000,0.0000,0.0000000,0.0000,None,38
63.0090,76.3114,-76.3097,0.0000133,N#CC(C#N)=c1cc(-c2ccccc2)c(=C2C=CC(=Nc3ccc(-c4ccc(NC(=O)CC5C=CCC5)cc4)s3)O2)c(-c2ccccc2)n1,1,C=c1cc(-c2ccccc2)c(=C2C=CC(=Nc3ccc(-c4ccc(NC(=O)CC5C=CCC5)cc4)s3)O2)c(-c2ccccc2)n1,0.0000079,647.5335,0.1784005,0.1784,0.4295821,4.2247,1.0000000,1.0000,[],38
88.7268,105.6587,-8.2922,0.7606752,C=CCCCCCOc1ccc(N=Nc2ccc(-c3cc4ccc(N=Nc5ccc6ccc(-c7ccc(N=Nc8ccc(N9CCCC9)cc8)cc7)c(N)c6c5O)cc4nc3N3C=C(C)NCC3)cc2)cc1C,1,C1=CN(c2nc3cc(N=Nc4ccc5ccc(-c6ccc(N=Nc7ccc(N8CCCC8)cc7)cc6)cc5c4)ccc3cc2-c2ccc(N=Nc3ccccc3)cc2)CCN1,0.8486179,501.2841,0.0354147,0.0354,0.4191408,4.3477,1.0000000,1.0000,[],38
25.6462,26.9311,-26.8322,0.0007725,c1ccc2c(c1)ccc1c3ccccc3[pH]c21,1,c1ccc2c(c1)ccc1c3ccccc3[pH]c21,0.0005530,318.5740,0.3930893,0.3931,0.5314020,3.1612,1.0000000,1.0000,[],38
47.7129,55.5686,63.2750,0.9284653,COc1ccc(C2=CC34C(C#N)=Cc5ccccc5N3C=CN=C4N2c2ccc(OC)cc2)cc1,1,C1=CN2c3ccccc3C=CC23C=C(c2ccccc2)N(c2ccccc2)C3=N1,0.9615068,434.9392,0.5082991,0.5083,0.4353788,4.1577,1.0000000,1.0000,[],38
55.4221,67.8796,-67.8796,0.0000000,CN1C(OC(=O)c2ccccc2)=CC(=NN=Cc2ccccc2)C1=c1ccccc1=C1C=CC(=Nc2ccccc2)C(c2ccccc2)=C1,1,O=C(OC1=CC(=NN=Cc2ccccc2)C(=c2ccccc2=C2C=CC(=Nc3ccccc3)C(c3ccccc3)=C2)N1)c1ccccc1,0.0000000,0.0000,0.0000000,0.0000,0.0000000,0.0000,0.0000000,0.0000,"['[#7;!n][#7;!n]', 'C(=[O,S])[O,S]']",38
29.3587,34.5798,-34.5231,0.0004430,Nc1ccccc1N1CC2(C(=O)Nc3ccccc32)C1=O,1,O=C1Nc2ccccc2C12CN(c1ccccc1)C2=O,0.0003066,312.1659,0.4717505,0.4718,0.5007589,3.4582,1.0000000,1.0000,[],38
33.3622,41.1107,-41.1107,0.0000000,S=c1[nH]c(-c2ccc(NNc3ccccc3)cc2)c(-c2ccccc2)c2ccccc12,1,S=c1[nH]c(-c2ccc(NNc3ccccc3)cc2)c(-c2ccccc2)c2ccccc12,0.0000000,0.0000,0.0000000,0.0000,0.0000000,0.0000,0.0000000,0.0000,['[#7;!n][#7;!n]'],38
28.1534,32.3136,-32.3136,0.0000000,CCc1cc2c(N)nc(NN=Cc3ccc(O)c(O)c3)nc2s1,1,C(=NNc1ncc2ccsc2n1)c1ccccc1,0.0000000,0.0000,0.0000000,0.0000,0.0000000,0.0000,0.0000000,0.0000,['[#7;!n][#7;!n]'],38
45.5469,58.5327,-58.5327,0.0000000,CCCN1C(=O)CCC1Nc1ccc(N=Nc2c(O)ccc3ccccc23)c(C#Cc2ccc(NC(C)=O)cc2)c1,1,O=C1CCC(Nc2ccc(N=Nc3cccc4ccccc34)c(C#Cc3ccccc3)c2)N1,0.0000000,0.0000,0.0000000,0.0000,0.0000000,0.0000,0.0000000,0.0000,['C#C'],38
62.7041,69.2753,-69.2753,0.0000000,C=C1CCC(=O)C1Cc1c(N)c2c(SC#N)c(C(=O)OC)ccc2oc1=N,1,C=C1CCC(=O)C1Cc1cc2ccccc2oc1=N,0.0000000,0.0000,0.0000000,0.0000,0.0000000,0.0000,0.0000000,0.0000,"['C(=[O,S])[O,S]']",38
62.7365,68.6436,-14.8970,0.4198955,C=C1Cc2ccccc2N1CN(c1ccc(C#N)cc1)c1ccc2c(N(C#N)c3ccccc3)c3ccccn3c2c1,1,C=C1Cc2ccccc2N1CN(c1ccccc1)c1ccc2c(Nc3ccccc3)c3ccccn3c2c1,0.4315013,397.0063,0.1566162,0.1566,0.5048413,3.4176,1.0000000,1.0000,[],38
38.5648,55.5153,-55.5153,0.0000000,O=C1C(=Cc2ccc(N=Nc3ccccc3)cc2)N=C(c2ccccc2)C2C=CC=CC2N1N=Cc1ccccc1,1,O=C1C(=Cc2ccc(N=Nc3ccccc3)cc2)N=C(c2ccccc2)C2C=CC=CC2N1N=Cc1ccccc1,0.0000000,0.0000,0.0000000,0.0000,0.0000000,0.0000,0.0000000,0.0000,['[#7;!n][#7;!n]'],38
52.5020,66.3053,52.3322,0.9268559,CCOC1Oc2cc(Oc3ccccc3)c3cc(N)ccc3c(=O)c2NC1=Nc1ccc(N(c2ccccc2)c2ccccc2)cc1,1,O=c1c2c(cc(Oc3ccccc3)c3ccccc13)OCC(=Nc1ccc(N(c3ccccc3)c3ccccc3)cc1)N2,0.9926443,453.2542,0.1639688,0.1640,0.4794815,3.6752,1.0000000,1.0000,[],38
31.4532,34.2350,11.3276,0.3559577,CCc1ccc2nc(Nc3ccc(OC)cc3)nc(-c3ccccc3)c2c1,1,c1ccc(Nc2nc(-c3ccccc3)c3ccccc3n2)cc1,0.3472796,393.1488,0.5052261,0.5052,0.6798697,1.9293,1.0000000,1.0000,[],38
32.5103,38.9693,-36.4979,0.0193081,CCN(CC)c1ccc2c(c1)N(C)C1(C(=O)N(c3ccccc3)c3ccccc31)c1cccn1-2,1,O=C1N(c2ccccc2)c2ccccc2C12Nc1ccccc1-n1cccc12,0.0163987,355.5498,0.4016575,0.4017,0.4761066,3.7106,1.0000000,1.0000,[],38
35.8626,36.9979,-36.9979,0.0000000,O=C1OCC2OC1=CC1CNCC12,1,O=C1OCC2OC1=CC1CNCC12,0.0000000,0.0000,0.0000000,0.0000,0.0000000,0.0000,0.0000000,0.0000,"['C(=[O,S])[O,S]']",38
24.6044,27.7044,-27.2636,0.0034436,Nc1ccccc1C(=O)Nc1cccc(-c2nc3ccccc3s2)c1,1,O=C(Nc1cccc(-c2nc3ccccc3s2)c1)c1ccccc1,0.0026283,335.5206,0.5242157,0.5242,0.6865756,1.8802,1.0000000,1.0000,[],38
51.0006,66.4587,-66.4587,0.0000000,Cc1ccc(Cl)cc1Nc1ccc(C2=c3c(O)c(sc3=C(C#N)C#N)-c3ccc(-c4ccc(N(c5ccccc5)c5ccccc5)cc4)cc3N2)cc1,1,C=c1sc2cc1=C(c1ccc(Nc3ccccc3)cc1)Nc1cc(-c3ccc(N(c4ccccc4)c4ccccc4)cc3)ccc1-2,0.0000000,0.0000,0.1515210,0.1515,0.4450450,4.0479,1.0000000,1.0000,[],38
41.7684,47.8757,-45.9008,0.0154288,CCCCNC(=O)Nc1c(O)c2ccc(C(=O)N3CCC(c4ccc(N)cc4)CC3)cc2oc1=O,1,O=C(c1ccc2ccc(=O)oc2c1)N1CCC(c2ccccc2)CC1,0.0130991,353.0742,0.2398094,0.2398,0.5996010,2.5575,1.0000000,1.0000,[],38
27.5671,41.2341,72.7363,0.8903938,CN(C)c1ccc(C=Nc2ccc(N=Nc3ccc4c(N=Nc5ccccc5)cc(N)c(N)c4c3)cc2)cc1,1,C(=Nc1ccc(N=Nc2ccc3c(N=Nc4ccccc4)cccc3c2)cc1)c1ccccc1,0.9565211,486.4396,0.1289847,0.1290,0.5374120,3.1050,1.0000000,1.0000,[],38
31.4322,33.6762,-33.6762,0.0000000,COc1cccc2c1C(C)(C)C1=NN(c3ccccc3)C(=O)C1=C2,1,O=C1C2=Cc3ccccc3CC2=NN1c1ccccc1,0.0000000,0.0000,0.0000000,0.0000,0.0000000,0.0000,0.0000000,0.0000,['[#7;!n][#7;!n]'],38
29.5228,40.3954,79.4459,0.9362600,CN(c1ccccc1)c1ccc(N=Nc2ccc(-n3nc(C#N)c(-c4ccccc4)n3)cc2)cc1,1,c1ccc(Nc2ccc(N=Nc3ccc(-n4ncc(-c5ccccc5)n4)cc3)cc2)cc1,0.9849718,445.4129,0.2583842,0.2584,0.5804908,2.7194,1.0000000,1.0000,[],38
33.7929,44.3107,-43.0115,0.0101505,CCCCCCCCc1ccc(N=Nc2ccc(N=Nc3ccc(N=Nc4sc(N=Nc5ccc(N(CC)CC)cc5)cc4-c4ccccc4)cc3)cc2)cc1,1,c1ccc(N=Nc2ccc(N=Nc3ccc(N=Nc4sc(N=Nc5ccccc5)cc4-c4ccccc4)cc3)cc2)cc1,0.0088464,571.2344,0.0595440,0.0595,0.4904584,3.5621,1.0000000,1.0000,[],38
31.1641,32.2246,-31.7087,0.0040304,COc1nc(C2(N)CCC2)sc1C=O,1,c1csc(C2CCC2)n1,0.0030832,337.2585,0.7669175,0.7669,0.5164868,3.3035,1.0000000,1.0000,[],38
31.0460,40.0550,63.0875,0.8058008,c1ccc(Oc2ccc(N=c3c(-c4ccccc4)nnc4ccc(-c5ccccc5)cn34)cc2)cc1,1,c1ccc(Oc2ccc(N=c3c(-c4ccccc4)nnc4ccc(-c5ccccc5)cn34)cc2)cc1,0.8386896,417.8985,0.2725550,0.2726,0.6125546,2.4506,1.0000000,1.0000,[],39
44.6490,49.6954,9.3661,0.4614183,C1=CCC(c2nc(-c3ccc(N(c4ccc(-c5ccccc5)cc4)c4ccc5ccc6cccc7ccc4c5c67)cc3)nc3c2c2ccccc2n3-c2ccccc2)=C1,1,C1=CCC(c2nc(-c3ccc(N(c4ccc(-c5ccccc5)cc4)c4ccc5ccc6cccc7ccc4c5c67)cc3)nc3c2c2ccccc2n3-c2ccccc2)=C1,0.4767934,398.9914,0.1520629,0.1521,0.5140701,3.3270,1.0000000,1.0000,[],39
47.0120,55.1896,-55.1896,0.0000000,c12cc(ccc2oc1)NC(=O)c1cc(-c2ccc3ccccc3c2)nc2ccc(cc21)NC(C)=O,0,,0.0000000,0.0000,0.0000000,0.0000,0.0000000,0.0000,0.0000000,0.0000,None,39
57.0456,70.4379,39.1063,0.8558136,CCCCCCN(CCCCCC)c1ccc(N=C(c2nc(-c3ccccc3)cc(C(N)=O)c2-c2ccccc2)c2cc3c(N(c4ccccc4)c4ccccc4)cc(N(C)C)cc3oc2=O)cc1,1,O=c1oc2cccc(N(c3ccccc3)c3ccccc3)c2cc1C(=Nc1ccccc1)c1nc(-c2ccccc2)ccc1-c1ccccc1,0.9521875,487.5205,0.0434354,0.0434,0.4708449,3.7661,1.0000000,1.0000,[],39
28.1100,49.5541,65.7337,0.9006855,O=C1C=C(C=Cc2ccc(N(c3ccccc3)c3ccccc3)cc2)CN1c1ccc(N=Nc2ccc(N=Nc3ccc(N4CCCC4)cc3)cc2)cc1,1,O=C1C=C(C=Cc2ccc(N(c3ccccc3)c3ccccc3)cc2)CN1c1ccc(N=Nc2ccc(N=Nc3ccc(N4CCCC4)cc3)cc2)cc1,0.9697558,482.3495,0.1259166,0.1259,0.5153134,3.3149,1.0000000,1.0000,[],39
35.0637,45.7708,70.8253,0.9109074,O=C1c2cccc(Nc3ccc(N=Nc4ccccc4)cc3)c2C(=O)N1c1ccc(C=Cc2ccc(N=Nc3c(O)[nH]c4ccccc34)cc2)cc1,1,O=C1c2cccc(Nc3ccc(N=Nc4ccccc4)cc3)c2C(=O)N1c1ccc(C=Cc2ccc(N=Nc3c[nH]c4ccccc34)cc2)cc1,0.9955119,461.3504,0.0794449,0.0794,0.5204830,3.2650,1.0000000,1.0000,[],39
67.5870,84.0710,6.3600,0.7064922,N#Cc1cn(-c2ccc(N=Nc3c(Nc4ccccc4)ccc4ccccc34)cc2)c2ccc(C=CN=Nc3nc4cc5sc(C=Cc6ccccc6O)nc5cc4s3)cc12,1,C(=Cc1ccc2c(ccn2-c2ccc(N=Nc3c(Nc4ccccc4)ccc4ccccc34)cc2)c1)N=Nc1nc2cc3sc(C=Cc4ccccc4)nc3cc2s1,0.7518035,507.9673,0.1323186,0.1323,0.4549710,3.9376,1.0000000,1.0000,[],39
23.2210,33.5211,86.0573,0.9342064,CCCCN(CCCC)c1ccc(N=Cc2ccc(N=Nc3ccccc3)cc2)cc1O,1,C(=Nc1ccccc1)c1ccc(N=Nc2ccccc2)cc1,0.9839559,444.6915,0.2485793,0.2486,0.5788989,2.7331,1.0000000,1.0000,[],39
49.9848,56.1877,26.1214,0.6430393,CC1C(=S)N(c2ccccc2)C(=O)C1C=CC1C=CC(=S)N1S(=O)(=O)c1ccccc1,1,O=C1C(C=CC2C=CC(=S)N2S(=O)(=O)c2ccccc2)CC(=S)N1c1ccccc1,0.6542263,406.9234,0.4879783,0.4880,0.4287415,4.2345,1.0000000,1.0000,[],39
70.1889,94.2980,20.4585,0.8965356,COc1c(Br)c(C=Cc2ccc(N(C)C)cc2)cc2c1N(C)Cc1cc(N(C)C)cc(-c3ccc(N4CCN(C)CC4)c(N=CC=Cc4ccc(N=Nc5ccccc5)cc4)c3)c1-2,1,C(=Cc1ccc(N=Nc2ccccc2)cc1)C=Nc1cc(-c2cccc3c2-c2cc(C=Cc4ccccc4)ccc2NC3)ccc1N1CCNCC1,0.9861504,446.3127,0.0692669,0.0693,0.4521567,3.9686,1.0000000,1.0000,[],39
30.1582,39.3304,58.4253,0.7637160,Oc1c(N=Cc2ccc(C=Nc3cccc4ccccc34)cc2)ccc2ccc(N(c3ccccc3)c3ccccc3)cc12,1,C(=Nc1ccc2ccc(N(c3ccccc3)c3ccccc3)cc2c1)c1ccc(C=Nc2cccc3ccccc23)cc1,0.8022505,415.2049,0.1947957,0.1948,0.5721369,2.7919,1.0000000,1.0000,[],39
21.3590,33.5477,85.4222,0.9294520,c1ccc(N=Nc2ccc(N=Nc3ccc(N=Nc4ccc5c(ccc6ccccc65)c4)cc3)cc2)cc1,1,c1ccc(N=Nc2ccc(N=Nc3ccc(N=Nc4ccc5c(ccc6ccccc65)c4)cc3)cc2)cc1,0.9906165,469.4115,0.1644184,0.1644,0.6052142,2.5109,1.0000000,1.0000,[],39
26.3284,34.9493,80.0832,0.8986915,Clc1ccc(C=c2nc3c(s2)=Nc2[nH]c4ccccc4c2C(c2ccccc2)=N3)cc1,1,C(c1ccccc1)=c1nc2c(s1)=Nc1[nH]c3ccccc3c1C(c1ccccc1)=N2,0.9337586,491.2724,0.3788235,0.3788,0.5330061,3.1461,1.0000000,1.0000,[],39
48.4791,62.5045,-12.9791,0.3869176,CCc1c(N)cc(C=CC(=O)c2ccc(N(C)C)cc2)cc1-c1nc2ccc3cc(N(c4ccccc4)c4ccccc4)ccc3c2s1,1,O=C(C=Cc1cccc(-c2nc3ccc4cc(N(c5ccccc5)c5ccccc5)ccc4c3s2)c1)c1ccccc1,0.4014208,395.6620,0.0962413,0.0962,0.5431132,3.0522,1.0000000,1.0000,[],39
26.3827,33.7057,37.2357,0.5542299,c1ccc(N(c2ccc(-c3c4ccccc4c(-c4ccccc4N(c4ccccc4)c4ccccc4)c4ccccc34)cc2)c2ccc3ccccc3c2)cc1,1,c1ccc(N(c2ccc(-c3c4ccccc4c(-c4ccccc4N(c4ccccc4)c4ccccc4)c4ccccc34)cc2)c2ccc3ccccc3c2)cc1,0.5773456,403.3863,0.1446215,0.1446,0.5969605,2.5795,1.0000000,1.0000,[],39
67.6751,84.4898,-84.4898,0.0000000,Brc1cc2c3c(c4nc5ccccc5c(=N)c4c(n3CC)=O)c1=Nc1c-2cc(s1)N=NC1=C(c2ccccc2-c2ccccc21)c1ccc(N(CC)CC)cc1,0,,0.0000000,0.0000,0.0000000,0.0000,0.0000000,0.0000,0.0000000,0.0000,None,39
31.7321,35.9266,-35.0457,0.0068819,NC1=Nc2ccccc2N(c2cccc3[nH]c4ccccc4c23)C1,1,C1=Nc2ccccc2N(c2cccc3[nH]c4ccccc4c23)C1,0.0054571,343.4834,0.5449159,0.5449,0.5961377,2.5864,1.0000000,1.0000,[],39
37.3810,56.6044,61.1933,0.9202941,N#Cc1c(N)cc(Nc2ccc3[nH]ncc3c2)cc1Nc1ccc(N=Nc2ccc(N=Nc3ccccc3)cc2)cc1,1,c1ccc(N=Nc2ccc(N=Nc3ccc(Nc4cccc(Nc5ccc6[nH]ncc6c5)c4)cc3)cc2)cc1,0.9953133,461.8225,0.1102291,0.1102,0.5367785,3.1108,1.0000000,1.0000,[],39
32.6637,43.6633,77.5426,0.9469211,CCN1C(=O)C(=Nc2ccc(N=Nc3ccccc3)cc2)N(c2cccc(Cl)c2Cl)C1=S,1,O=C1NC(=S)N(c2ccccc2)C1=Nc1ccc(N=Nc2ccccc2)cc1,0.9942472,464.0596,0.2881223,0.2881,0.5563431,2.9319,1.0000000,1.0000,[],39
47.3743,50.3381,-37.7269,0.0985249,COc1ccc(Nc2c(C=Nc3cccc4nc(SC)oc34)nnn2-c2ccc([N+](=O)[O-])cc2)cc1,1,C(=Nc1cccc2ncoc12)c1nnn(-c2ccccc2)c1Nc1ccccc1,0.0943400,375.4433,0.1257959,0.1258,0.5367177,3.1114,1.0000000,1.0000,[],39
34.9593,49.7313,11.4642,0.4780899,CCN(CC)c1ccc(C2NC(=Nc3ccccc3)N=C(c3ccc(N(C)C)cc3)C2c2ccc(N(C)C)cc2)c(O)c1,1,c1ccc(N=C2N=C(c3ccccc3)C(c3ccccc3)C(c3ccccc3)N2)cc1,0.4899156,399.5620,0.2259117,0.2259,0.4611162,3.8705,1.0000000,1.0000,[],39
32.9538,42.2677,72.6564,0.8978441,CC1(C)c2ccccc2-c2cc(N=Nc3ccccc3)c(C=Nc3ccccc3-c3nc4ccccc4s3)cc21,1,C(=Nc1ccccc1-c1nc2ccccc2s1)c1cc2c(cc1N=Nc1ccccc1)-c1ccccc1C2,0.9578385,433.9094,0.1602576,0.1603,0.5513586,2.9768,1.0000000,1.0000,[],39
75.4725,91.9798,-91.9749,0.0000390,C=CC=c1c(-c2ccccc2NCCNc2c3ccccc3nc3c(N)cccc23)n[nH]c1=C1C=C(C=C2Nc3ccccc3N2C)c2ccc(N3CCCC3)cc21,1,C=c1c(-c2ccccc2NCCNc2c3ccccc3nc3ccccc23)n[nH]c1=C1C=C(C=C2Nc3ccccc3N2)c2ccc(N3CCCC3)cc21,0.0000255,634.8626,0.0567216,0.0567,0.4520489,3.9698,1.0000000,1.0000,[],39
34.7296,37.9554,-36.4267,0.0119432,Nc1nc(-c2ccc(NC(=O)C3CC3)cc2)nc2nc3ccccc3n12,1,O=C(Nc1ccc(-c2ncn3c(n2)nc2ccccc23)cc1)C1CC1,0.0097104,349.7869,0.5953426,0.5953,0.6309565,2.3026,1.0000000,1.0000,[],39
32.1474,43.5001,74.7338,0.9237021,CC=Cc1ccc2c3ccccc3c3ccccc3c2c1N=Nc1ccc(N(C)c2ccccc2)cc1,1,c1ccc(Nc2ccc(N=Nc3cccc4c5ccccc5c5ccccc5c34)cc2)cc1,0.9824412,443.6953,0.1792008,0.1792,0.5781282,2.7398,1.0000000,1.0000,[],39
30.3395,33.1611,-7.5701,0.1999293,O=C1NC(=Nc2cccc([N+](=O)[O-])c2)SC1=Cc1ccc(OCc2cccc3ccccc23)cc1,1,O=C1NC(=Nc2ccccc2)SC1=Cc1ccc(OCc2cccc3ccccc23)cc1,0.1954861,384.6396,0.2004724,0.2005,0.5790840,2.7315,1.0000000,1.0000,[],39
45.4800,71.8494,-43.6172,0.2205641,Oc1ccccc1C=Nc1c(O)ccc(-c2c(-c3ccc(N=C=S)cc3F)c3ccccc3c3ccc(N(c4ccccc4)c4ccccc4)cc23)c1F,1,C(=Nc1cccc(-c2c(-c3ccccc3)c3ccccc3c3ccc(N(c4ccccc4)c4ccccc4)cc23)c1)c1ccccc1,0.2227350,386.4305,0.0929568,0.0930,0.5062643,3.4035,1.0000000,1.0000,[],39
20.9734,29.9416,14.3394,0.3459451,C(=Cc1ccccc1N(c1ccccc1)c1cccc2ccccc12)c1ccc(N(c2ccccc2)c2ccccc2)cc1,1,C(=Cc1ccccc1N(c1ccccc1)c1cccc2ccccc12)c1ccc(N(c2ccccc2)c2ccccc2)cc1,0.3494778,393.2539,0.1694029,0.1694,0.6230880,2.3653,1.0000000,1.0000,[],39
38.8504,40.3556,-27.4436,0.1008755,CCc1nc(N2CCN(c3cccc(Cl)c3)CC2)c(S(=O)(=O)c2ccc(Cl)cc2)c2ccccc12,1,O=S(=O)(c1ccccc1)c1c(N2CCN(c3ccccc3)CC2)ncc2ccccc12,0.0937612,375.3695,0.3072326,0.3072,0.6123551,2.4522,1.0000000,1.0000,[],39
25.6166,32.8794,80.4776,0.8856015,c1ccc(N=Nc2ccc(OCc3ccc4c(c3)Cc3ccccc3-4)cc2)cc1,1,c1ccc(N=Nc2ccc(OCc3ccc4c(c3)Cc3ccccc3-4)cc2)cc1,0.9228860,426.9504,0.2973558,0.2974,0.6419021,2.2166,1.0000000,1.0000,[],39
32.0531,36.2233,-32.5759,0.0284948,Oc1cc(=Nc2ccc(Cl)c3ccncc23)oc2ccccc12,1,c1ccc2oc(=Nc3cccc4ccncc34)ccc2c1,0.0243534,359.9317,0.5580616,0.5581,0.5710726,2.8012,1.0000000,1.0000,[],39
36.5504,51.8927,67.6198,0.9336917,CNC(=O)c1nnc(-c2ccccc2N=Nc2ccc(N=Nc3ccccc3)cc2)nc1-c1ccc2ccccc2c1,1,c1ccc(N=Nc2ccc(N=Nc3ccccc3-c3nncc(-c4ccc5ccccc5c4)n3)cc2)cc1,0.9910937,451.1605,0.2010854,0.2011,0.5491062,2.9973,1.0000000,1.0000,[],39
32.7787,45.6393,63.0078,0.8488055,CN(C)c1ccc(C=Cc2csc(-c3nc(N)cc4ccccc34)n2)cc1,1,C(=Cc1csc(-c2nccc3ccccc23)n1)c1ccccc1,0.8676069,420.4114,0.5363752,0.5364,0.5968492,2.5805,1.0000000,1.0000,[],39
26.1847,28.9629,-28.7268,0.0018440,CCCCCCCCc1ccc(-c2ccc(-n3c4ccccc4c4ccccc43)cc2)cc1,1,c1ccc(-c2ccc(-n3c4ccccc4c4ccccc43)cc2)cc1,0.0014034,328.6950,0.2048331,0.2048,0.6750256,1.9650,1.0000000,1.0000,[],39
63.6046,87.5834,10.4287,0.7657189,CC[n+]1ccccc1N=Nc1ccc(N=Nc2ccc(N=Nc3cc4c(s3)sc3cc5c(N=Cc6ccc(N=Nc7ccccc7)cc6)c(CNCC6(C)CCC6)sc5cc34)cc2)cc1,1,C(=Nc1c(CNCC2CCC2)sc2cc3c(cc12)sc1sc(N=Nc2ccc(N=Nc4ccc(N=Nc5cccc[nH+]5)cc4)cc2)cc13)c1ccc(N=Nc2ccccc2)cc1,0.8405555,501.9511,0.0613478,0.0613,0.4025933,4.5491,1.0000000,1.0000,[],39
27.8558,41.1127,63.8009,0.8196375,C(=Cc1ccc2cc(N(c3ccccc3)c3ccccc3)ccc2c1)c1ccc2c(c1)N=Cc1cc(N(c3ccccc3)c3ccccc3)ccc1S2,1,C(=Cc1ccc2cc(N(c3ccccc3)c3ccccc3)ccc2c1)c1ccc2c(c1)N=Cc1cc(N(c3ccccc3)c3ccccc3)ccc1S2,0.8727889,420.9096,0.1473310,0.1473,0.5438274,3.0456,1.0000000,1.0000,[],39
30.9244,32.4726,-32.4726,0.0000000,CCCCOc1ccc(C=NNc2nc3cc([N+](=O)[O-])ccc3o2)cc1OC,1,C(=NNc1nc2ccccc2o1)c1ccccc1,0.0000000,0.0000,0.0000000,0.0000,0.0000000,0.0000,0.0000000,0.0000,['[#7;!n][#7;!n]'],39
48.5856,61.2742,-52.4964,0.0685764,N#Cc1c(N)nc2ccc(-c3cccc(Nc4cc5c(CO)c(N)[nH]c5cc4N)c3)cc2c1N,1,c1cc(Nc2ccc3[nH]ccc3c2)cc(-c2ccc3ncccc3c2)c1,0.0634358,370.7699,0.2010185,0.2010,0.5533441,2.9589,1.0000000,1.0000,[],39
33.4182,37.0696,-37.0519,0.0001382,CC1c2ccccc2N(c2ccccc2)C12CC=CCC2,1,C1=CCC2(CC1)Cc1ccccc1N2c1ccccc1,0.0000893,298.7715,0.6279746,0.6280,0.4602443,3.8800,1.0000000,1.0000,[],39
38.9575,60.1140,57.9397,0.9222941,CN(C)CCn1c2nc(N=Cc3ccc(N(C)C)cc3)c(N=Nc3ccc(N(C)C)cc3)cc2c2nc3ccccc3nc21,1,C(=Nc1nc2[nH]c3nc4ccccc4nc3c2cc1N=Nc1ccccc1)c1ccccc1,0.9920905,467.5399,0.1343736,0.1344,0.5185789,3.2833,1.0000000,1.0000,[],39
31.5054,34.6843,-33.0207,0.0129963,Cc1[nH]c(=O)c(C#N)c(N2CCCCC2)c1-c1cccc(Br)c1,1,O=c1cc(N2CCCCC2)c(-c2ccccc2)c[nH]1,0.0104988,350.6431,0.8677802,0.8678,0.6015496,2.5412,1.0000000,1.0000,[],39
35.8156,47.8354,74.6867,0.9572042,CN(C)c1ccc(C=Cc2cnc3ccc(=O)ccc3c2NCCCO)cc1,1,O=c1ccc2cc(C=Cc3ccccc3)cnc2cc1,0.9803795,442.4671,0.6175929,0.6176,0.5928562,2.6140,1.0000000,1.0000,[],39
38.2786,44.8402,-44.8402,0.0000000,CN(C)c1ccc(C=NNC2=C(Nc3ccccc3-c3ccccc3)c3ccccc3S2(=O)=O)cc1,1,O=S1(=O)C(NN=Cc2ccccc2)=C(Nc2ccccc2-c2ccccc2)c2ccccc21,0.0000000,0.0000,0.0000000,0.0000,0.0000000,0.0000,0.0000000,0.0000,['[#7;!n][#7;!n]'],39
42.3420,47.9023,-47.9023,0.0000000,COC(=O)c1cccc(Cn2c(-c3ccc(NC(C)=O)cc3)cc(=O)c3cc(N)ccc32)c1,1,O=c1cc(-c2ccccc2)n(Cc2ccccc2)c2ccccc12,0.0000000,0.0000,0.0000000,0.0000,0.0000000,0.0000,0.0000000,0.0000,"['C(=[O,S])[O,S]']",39
54.7201,59.3973,-56.0838,0.0258866,O=C1N(C(Cc2ccccc2O)c2ccccc2)C(=O)C2(Cl)C=C(O)C=CN12,1,O=C1C2C=CC=CN2C(=O)N1C(Cc1ccccc1)c1ccccc1,0.0222393,358.9222,0.4670722,0.4671,0.4585785,3.8981,1.0000000,1.0000,[],39
43.2563,50.8061,62.2842,0.8835182,CCCCCCCCCCCCCCCCC=Cc1cc2ccccc2c2[n+]1Cc1cc(N(c3ccccc3)c3ccccc3)ccc1O2,1,c1ccc(N(c2ccccc2)c2ccc3c(c2)C[n+]2ccc4ccccc4c2O3)cc1,0.9706870,438.0005,0.0639923,0.0640,0.5191827,3.2775,1.0000000,1.0000,[],39
26.7062,42.9196,-42.9196,0.0000000,CN(C)c1ccc(C=Nc2ccc(CN3C(=O)C(C(=O)O)Oc4ccccc43)cc2)cc1,1,O=C1COc2ccccc2N1Cc1ccc(N=Cc2ccccc2)cc1,0.0000000,0.0000,0.0000000,0.0000,0.0000000,0.0000,0.0000000,0.0000,"['C(=[O,S])[O,S]']",39
37.6441,47.6892,-40.0387,0.0597694,O=c1c2cc(N(c3ccccc3)c3cccc(C=C(c4ccccc4)c4cccc(N(c5ccccc5)c5ccccc5)c4)c3)ccc2ccn1-c1ccccc1,1,O=c1c2cc(N(c3ccccc3)c3cccc(C=C(c4ccccc4)c4cccc(N(c5ccccc5)c5ccccc5)c4)c3)ccc2ccn1-c1ccccc1,0.0556336,369.2549,0.1310555,0.1311,0.5549349,2.9445,1.0000000,1.0000,[],39
49.8437,70.9086,42.0894,0.8827967,CCCCn1c(N=Nc2cc(C=Nc3ccc(-c4nnc(N5CCCCC5)nc4Nc4ccc(C(=N)N)cc4)cc3)c(O)c(OCC)c2)nc2ccccc21,1,C(=Nc1ccc(-c2nnc(N3CCCCC3)nc2Nc2ccccc2)cc1)c1cccc(N=Nc2nc3ccccc3[nH]2)c1,0.9797202,442.1010,0.0480566,0.0481,0.4932397,3.5338,1.0000000,1.0000,[],39
22.9573,30.1040,92.6989,0.9593975,C(=Cc1cc[n+](-c2ccccc2)cc1)c1ccc(Oc2ccccc2)cc1,1,C(=Cc1cc[n+](-c2ccccc2)cc1)c1ccc(Oc2ccccc2)cc1,0.9943183,456.0762,0.4068524,0.4069,0.6357915,2.2644,1.0000000,1.0000,[],39
43.8753,43.3100,-32.5871,0.0837725,C1=C(c2ccccc2)NC(c2cccc3c2oc2ccc(-n4c5ccccc5c5ccc6c7ccccc7oc6c54)cc23)N=C1c1ccccc1,1,C1=C(c2ccccc2)NC(c2cccc3c2oc2ccc(-n4c5ccccc5c5ccc6c7ccccc7oc6c54)cc23)N=C1c1ccccc1,0.0784956,373.2587,0.2052553,0.2053,0.4802768,3.6670,1.0000000,1.0000,[],39
34.1113,38.2890,25.9031,0.5015004,C=C1C(n2c3ccccc3c3ccc(C)cc32)=Cc2ccccc2N1c1ccccc1,1,C=C1C(n2c3ccccc3c3ccccc32)=Cc2ccccc2N1c1ccccc1,0.5080634,400.3502,0.2948067,0.2948,0.6000059,2.5541,1.0000000,1.0000,[],39
35.4498,43.6335,73.8591,0.9179107,Oc1c(N=Nc2ccc(Nc3ccccc3)cc2)sc2cccc(-c3ccc(Cl)s3)c12,1,c1ccc(Nc2ccc(N=Nc3cc4c(-c5cccs5)cccc4s3)cc2)cc1,0.9650128,483.9844,0.2561299,0.2561,0.5781115,2.7399,1.0000000,1.0000,[],39
37.3956,47.5259,40.5182,0.6878448,CN(C)c1ccc(C2=NCc3c(c4cc5ccccc5c(O)c4c4ccccc34)C=C2)cc1,1,C1=Cc2c(c3ccccc3c3cc4ccccc4cc23)CN=C1c1ccccc1,0.7137190,409.9184,0.2442929,0.2443,0.5624899,2.8769,1.0000000,1.0000,[],39
61.9124,76.6826,-1.7346,0.5855308,CCN(CC)c1ccc2c(-c3ccc(CN4CCN(c5c(O)c(O)nc6cc(-c7ccccc7)ccc56)CC4C)cc3)c(NC(C)=O)c(=O)oc2c1,1,O=c1cc(-c2ccc(CN3CCN(c4ccnc5cc(-c6ccccc6)ccc45)CC3)cc2)c2ccccc2o1,0.6165555,405.1567,0.1311690,0.1312,0.4754071,3.7179,1.0000000,1.0000,[],39
64.6509,75.2187,37.9180,0.8838803,O=[N+]([O-])c1cccc(C=C(C=Nc2c(O)c(C=Nc3ccc(C=Cc4ccc(N=Nc5ccccc5)cc4)cc3)c3ccccc3c2O)C2C3=CC=CC=C2c2ccccc2C=C3)c1,1,C1=CC=C2c3ccccc3C=CC(=C1)C2C(C=Nc1cc(C=Nc2ccc(C=Cc3ccc(N=Nc4ccccc4)cc3)cc2)c2ccccc2c1)=Cc1ccccc1,0.9908898,450.9124,0.0441178,0.0441,0.3479751,5.2781,1.0000000,1.0000,[],39
16.0648,25.5149,48.4491,0.5778437,c1ccc(N(c2ccccc2)c2ccc(-c3c4ccccc4c(-c4ccc(N(c5ccccc5)c5ccccc5)cc4)c4ccccc34)cc2)cc1,1,c1ccc(N(c2ccccc2)c2ccc(-c3c4ccccc4c(-c4ccc(N(c5ccccc5)c5ccccc5)cc4)c4ccccc34)cc2)cc1,0.6012393,404.4584,0.1491971,0.1492,0.6685435,2.0133,1.0000000,1.0000,[],39
77.0651,120.3776,-120.3776,0.0000000,Brc1cc(-c2nc(c3c(N)ncnc3n2)N2CCOCC2C)c(N)c(N=Nc2ccc(N=Nc3ccc(cc3)N=Nc3ccc(N=Nc4ccc(N=Nc5ccc(N=Nc6ccc(N=Nc7cc(ccc7N)N=Nc7ccc(N=Nc6ccc(N8CCCCC8)cc7)cc6)c5)c4)=O)cc3)cc2)c1,0,,0.0000000,0.0000,0.0000000,0.0000,0.0000000,0.0000,0.0000000,0.0000,None,39
30.8416,32.2898,-30.0461,0.0175289,CN(C)c1ccc(-c2ccc(Nc3ncccc3Cl)nn2)cc1,1,c1ccc(-c2ccc(Nc3ccccn3)nn2)cc1,0.0144104,354.1245,0.7853556,0.7854,0.6426633,2.2107,1.0000000,1.0000,[],39
36.2354,40.0467,-16.9562,0.1803942,O=c1oc2ccc(Nc3c(Cl)c(=O)c3=O)cc2oc1=O,1,O=c1cc(Nc2ccc3oc(=O)c(=O)oc3c2)c1=O,0.1687898,382.6909,0.6942997,0.6943,0.5621657,2.8798,1.0000000,1.0000,[],39
27.2670,30.9104,-23.4634,0.0581792,O=c1c2ccccc2ccc2cc(-c3nccs3)ccc12,1,O=c1c2ccccc2ccc2cc(-c3nccs3)ccc12,0.0515959,368.3905,0.5170144,0.5170,0.6590558,2.0847,1.0000000,1.0000,[],39
36.6348,49.9456,-16.0812,0.2645658,CN(C)c1ccc(C=Nc2ccc(C=COc3cc(N(C)C)c(O)c4ccccc34)cc2)cc1,1,C(=Cc1ccc(N=Cc2ccccc2)cc1)Oc1cccc2ccccc12,0.2605918,388.6769,0.2581216,0.2581,0.5633958,2.8689,1.0000000,1.0000,[],39
44.4430,55.6024,19.7012,0.5883096,CC1CCN(C2=CC3NC(NC=Cc4c5ccccc5cc5ccccc45)C(=O)N=C3C=C2)C1,1,O=C1N=C2C=CC(N3CCCC3)=CC2NC1NC=Cc1c2ccccc2cc2ccccc12,0.5930470,515.9114,0.5723915,0.5724,0.4188170,4.3516,1.0000000,1.0000,[],39
32.5983,39.7772,-36.5201,0.0254454,COc1ccc(C=Nc2ccc(Cl)cc2N2CCCCC2)cc1-c1nc2ccccc2[nH]1,1,C(=Nc1ccccc1N1CCCCC1)c1cccc(-c2nc3ccccc3[nH]2)c1,0.0219112,358.7572,0.3511488,0.3511,0.6033506,2.5263,1.0000000,1.0000,[],39
31.7283,36.9265,84.5724,0.9492104,CCCCN(CCCC)c1ccc(N=Nc2cc3sc(N)nc3c(F)c2F)cc1,1,c1ccc(N=Nc2ccc3ncsc3c2)cc1,0.9881648,471.9586,0.3819540,0.3820,0.5504429,2.9852,1.0000000,1.0000,[],40
23.9382,24.2155,-24.2099,0.0000436,N#Cc1ccc(NS(=O)(=O)Nc2ccccc2)cc1,1,O=S(=O)(Nc1ccccc1)Nc1ccccc1,0.0000260,285.3831,0.8964966,0.8965,0.6804576,1.9249,1.0000000,1.0000,[],40
47.0979,53.0949,31.6041,0.6617110,COc1ccc(N2c3ccc(-c4ccccc4)c(NC(=O)C=Cc4cc(OC)c(OC)c(OC)c4)c3NC2C)cc1,1,O=C(C=Cc1ccccc1)Nc1c(-c2ccccc2)ccc2c1NCN2c1ccccc1,0.6886675,408.6196,0.2179480,0.2179,0.5253319,3.2186,1.0000000,1.0000,[],40
51.8226,66.6004,-65.9711,0.0049168,Nc1cccc2c1C(=C=c1nc3ccc4nc(c-3n1)c4N=Nc1ccc(N=Nc3ccccc3)cc1)c1ccccc1-2,1,C(=C1c2ccccc2-c2ccccc21)=c1nc2ccc3nc(c-2n1)c3N=Nc1ccc(N=Nc2ccccc2)cc1,0.0039954,579.9176,0.1789399,0.1789,0.4277563,4.2460,1.0000000,1.0000,[],40
40.2280,49.3552,69.1342,0.9256982,Nc1ccc(N=Nc2ccc3c(c2)OCO3)c2ccc3ccc4ccccc4c(=O)c3c12,1,O=c1c2ccccc2ccc2ccc3c(N=Nc4ccc5c(c4)OCO5)cccc3c12,0.9718732,481.5378,0.2712831,0.2713,0.5779374,2.7414,1.0000000,1.0000,[],40
35.8250,42.8099,75.1613,0.9216496,CCCCCNc1cc(-c2ccccc2)nc2[nH]nc(N=Nc3cccc4ccccc34)c12,1,c1ccc(-c2ccc3c(N=Nc4cccc5ccccc45)n[nH]c3n2)cc1,0.9778990,441.1471,0.1931184,0.1931,0.5762235,2.7563,1.0000000,1.0000,[],40
44.7930,52.4124,41.3559,0.7325649,COc1cccc(OC)c1Nc1cc(-c2ccccc2)c2c(oc3ccccc32)c1C(=O)c1ccc(N(C)C)cc1,1,O=C(c1ccccc1)c1c(Nc2ccccc2)cc(-c2ccccc2)c2c1oc1ccccc12,0.7674130,412.9611,0.1952061,0.1952,0.5857085,2.6747,1.0000000,1.0000,[],40
46.4021,56.5105,-7.0861,0.3861286,C[n+]1ccccc1-c1cc(N2c3ccccc3N3c4ccccc4N(c4ccccc4)c4cccc2c43)ccc1-n1c2ccccc2c2ccccc21,1,c1ccc(N2c3ccccc3N3c4ccccc4N(c4ccc(-n5c6ccccc6c6ccccc65)c(-c5cccc[nH+]5)c4)c4cccc2c43)cc1,0.3933600,395.2965,0.1724324,0.1724,0.5359674,3.1184,1.0000000,1.0000,[],40
55.0960,65.1101,-59.2204,0.0460134,Nc1ncc(C=C2C3C=CC(c4cccn4-c4cccc(N=Cc5ccccc5)c4)=CC23)cn1,1,C1=CC2C(=Cc3cncnc3)C2C=C1c1cccn1-c1cccc(N=Cc2ccccc2)c1,0.0409909,365.7716,0.3931244,0.3931,0.4464537,4.0321,1.0000000,1.0000,[],40
29.9234,33.5551,57.4924,0.7113089,C[N+](Cc1ccccc1)=C1N=C2C=CC=CN2C1=O,1,O=C1C(=[NH+]Cc2ccccc2)N=C2C=CC=CN12,0.7153975,410.0077,0.7355583,0.7356,0.5152106,3.3159,1.0000000,1.0000,[],40
28.1503,40.5847,70.4181,0.8672094,Nc1ccc(Cc2ccc3ccc(Nc4ccc(N=Nc5ccccc5)cc4)cc3c2)cc1,1,c1ccc(Cc2ccc3ccc(Nc4ccc(N=Nc5ccccc5)cc4)cc3c2)cc1,0.9128810,425.5075,0.2115236,0.2115,0.6287652,2.3200,1.0000000,1.0000,[],40
14.7158,23.2031,-19.1652,0.0315460,c1ccc(N(c2ccccc2)c2ccc(-c3ccc(-c4ccc(N(c5ccccc5)c5ccccc5)cc4)cc3)cc2)cc1,1,c1ccc(N(c2ccccc2)c2ccc(-c3ccc(-c4ccc(N(c5ccccc5)c5ccccc5)cc4)cc3)cc2)cc1,0.0279452,361.4654,0.1810903,0.1811,0.7256769,1.6033,1.0000000,1.0000,[],40
30.5121,38.7155,36.6410,0.5887221,CN(C)c1ccc(N=Nc2cc([N+](=O)[O-])ccc2N=Nc2ccc3c(c2)C(=O)c2ccccc2C3=O)cc1,1,O=C1c2ccccc2C(=O)c2cc(N=Nc3ccccc3N=Nc3ccccc3)ccc21,0.6172450,514.8116,0.1363311,0.1363,0.5583325,2.9140,1.0000000,1.0000,[],40
28.7312,44.8134,68.9772,0.8889896,c1ccc(N=Nc2ccc(N=Nc3cc(Nc4ccc5ccccc5c4)ccc3N=Nc3ccc4ccccc4c3)cc2)cc1,1,c1ccc(N=Nc2ccc(N=Nc3cc(Nc4ccc5ccccc5c4)ccc3N=Nc3ccc4ccccc4c3)cc2)cc1,0.9440142,489.3275,0.1777978,0.1778,0.5734087,2.7808,1.0000000,1.0000,[],40
44.0878,47.7079,-8.6381,0.3052327,OCB(O)c1cccc(C(=CC=Cc2ccccc2)N2CCCC2)n1,1,C(=Cc1ccccc1)C=C(c1ccccn1)N1CCCC1,0.2950592,390.5439,0.6263373,0.6263,0.5195845,3.2736,1.0000000,1.0000,[],40
20.0105,32.2222,87.3635,0.9342636,O=C(c1ccc(N=Nc2ccccc2)cc1)N(c1ccccc1)c1ccc(N=Nc2ccccc2)cc1,1,O=C(c1ccc(N=Nc2ccccc2)cc1)N(c1ccccc1)c1ccc(N=Nc2ccccc2)cc1,0.9872472,447.2206,0.2133649,0.2134,0.6230964,2.3653,1.0000000,1.0000,[],40
32.8283,44.7695,62.5052,0.8380834,Cc1ccc(C=C2SC(=Nc3cccc(C)c3)C(c3ccc(N(c4ccccc4)c4ccccc4)cc3)=C2c2ccccc2)cc1,1,C(=C1SC(=Nc2ccccc2)C(c2ccc(N(c3ccccc3)c3ccccc3)cc2)=C1c1ccccc1)c1ccccc1,0.8873134,422.4051,0.1786660,0.1787,0.5657691,2.8478,1.0000000,1.0000,[],40
21.7242,19.9800,-19.9797,0.0000023,CN1CCC2(CNC2)C1,1,C1CC2(CN1)CNC2,0.0000012,252.1354,0.4878321,0.4878,0.4907832,3.5588,1.0000000,1.0000,[],40
23.3334,40.3254,79.2828,0.9344396,N#Cc1ccc(C(=O)Nc2ccc(N=Nc3ccccc3)cc2)c(N=Nc2ccc(N=Nc3ccccc3)cc2)c1,1,O=C(Nc1ccc(N=Nc2ccccc2)cc1)c1ccccc1N=Nc1ccc(N=Nc2ccccc2)cc1,0.9918276,452.1021,0.1987107,0.1987,0.5617096,2.8839,1.0000000,1.0000,[],40
34.5156,42.4344,-32.8638,0.0747702,Cc1ccc(-c2nc(-c3ccccc3)c(-c3ccc(-c4ccc(N(c5ccccc5)c5ccccc5)cc4)cc3)nc2N)cc1,1,c1ccc(-c2cnc(-c3ccc(-c4ccc(N(c5ccccc5)c5ccccc5)cc4)cc3)c(-c3ccccc3)n2)cc1,0.0692535,371.7903,0.2037442,0.2037,0.6336210,2.2815,1.0000000,1.0000,[],40
53.3786,70.0242,-70.0242,0.0000000,CCCn1cc(C(=O)c2ccc(N)cc2)c2c3ccc4cccc5ccc(NC(=O)c6ccccc6)c(c(cc21)n3)c54,1,O=C(Nc1ccc2cccc3ccc4nc(cc5[nH]cc(C(=O)c6ccccc6)c45)c1c23)c1ccccc1,0.0000000,0.0000,0.0000000,0.0000,0.0000000,0.0000,0.0000000,0.0000,['[*;r{8-17}]'],40
33.7043,38.1768,-38.1768,0.0000000,COc1ccc(C(=NNC(=O)Nc2ccc3c(c2)OCCCO3)c2ccccn2)cc1,1,O=C(NN=C(c1ccccc1)c1ccccn1)Nc1ccc2c(c1)OCCCO2,0.0000000,0.0000,0.0000000,0.0000,0.0000000,0.0000,0.0000000,0.0000,['[#7;!n][#7;!n]'],40
54.3164,63.7861,51.8450,0.9033678,CCCCC[n+]1c(C=C=CC2=C(COc3ccc4ccccc4c3)CC3C(=C2)c2ccccc2N3Cc2ccccc2)oc2ccccc21,1,C(=CC1=C(COc2ccc3ccccc3c2)CC2C(=C1)c1ccccc1N2Cc1ccccc1)=Cc1[nH+]c2ccccc2o1,0.9895135,449.3697,0.0800970,0.0801,0.4521422,3.9688,1.0000000,1.0000,[],40
38.3028,50.9094,69.7283,0.9424819,O=NC1=Cc2ccccc2C12C(c1ccc3ccccc3c1)=Nc1ccc3ccccc3c12,1,C1=CC2(C(c3ccc4ccccc4c3)=Nc3ccc4ccccc4c32)c2ccccc21,0.9949743,462.5846,0.2710414,0.2710,0.4656235,3.8219,1.0000000,1.0000,[],40
28.7646,40.1556,73.6389,0.8890194,COc1cc(Cl)c(Nc2ccc(N=Nc3ccccc3)cc2)c2sc(N)nc12,1,c1ccc(N=Nc2ccc(Nc3cccc4ncsc34)cc2)cc1,0.9228998,426.9525,0.3589254,0.3589,0.5864275,2.6685,1.0000000,1.0000,[],40
26.4145,30.9802,92.7616,0.9667333,Nc1ccc(Cl)cc1N=Nc1c(N)cc(Cl)cc1Cl,1,c1ccc(N=Nc2ccccc2)cc1,0.9926597,453.2772,0.5879419,0.5879,0.5798491,2.7249,1.0000000,1.0000,[],40
26.4384,28.1375,-20.3652,0.0607210,COc1ccc(Nc2c(C#N)cnc3c(N)cccc23)cc1,1,c1ccc(Nc2ccnc3ccccc23)cc1,0.0534194,368.7885,0.7217590,0.7218,0.6510723,2.1457,1.0000000,1.0000,[],40
32.1453,31.9270,-23.5848,0.0651739,O=C1C=C(C23CCC(CC2)C3)c2ccccc21,1,O=C1C=C(C23CCC(CC2)C3)c2ccccc21,0.0579115,369.7168,0.7078389,0.7078,0.4982571,3.4832,1.0000000,1.0000,[],40
32.8840,35.5564,6.1788,0.3260558,COc1ccc(N2C(=O)C(=Cc3cccc(Cl)c3)N=C2c2ccc3ccccc3c2)cc1,1,O=C1C(=Cc2ccccc2)N=C(c2ccc3ccccc3c2)N1c1ccccc1,0.3208253,391.8572,0.3488905,0.3489,0.6350406,2.2703,1.0000000,1.0000,[],40
26.1395,38.3704,79.8625,0.9236949,N#Cc1cc2oc3ccccc3c2cc1N=Nc1ccc2ccccc2n1,1,c1ccc2nc(N=Nc3ccc4oc5ccccc5c4c3)ccc2c1,0.9623380,435.1856,0.3453253,0.3453,0.5767963,2.7513,1.0000000,1.0000,[],40
51.1982,67.7684,53.2756,0.9456557,CCN(CC)c1ccc(C2=Nc3cc(=Nc4ccc(NC(C)=O)cc4)c(C=C(SC)SC)cn3C2(C)C)cc1,1,c1ccc(N=c2ccn3c(c2)N=C(c2ccccc2)C3)cc1,0.9949228,462.6958,0.2963558,0.2964,0.4829887,3.6388,1.0000000,1.0000,[],40
35.3336,43.7545,61.6773,0.8236856,CN(c1ccc(C=Nc2ccc(N=Cc3ccc([N+](=O)c4ccccc4)cc3)cc2)cc1)C1CCCCC1,1,O=[N+](c1ccccc1)c1ccc(C=Nc2ccc(N=Cc3ccc(NC4CCCCC4)cc3)cc2)cc1,0.8713477,420.7693,0.1793099,0.1793,0.5604957,2.8947,1.0000000,1.0000,[],40
41.5938,45.9334,-45.9334,0.0000000,C=C(c1ccccc1)N(C)c1ccc(N(c2ccccc2)c2cc3c4cccc5c(ccc2c45)=CC(N(c2ccccc2)c2ccccc2)=C3)cc1,1,C=C(Nc1ccc(N(c2ccccc2)c2cc3c4cccc5c(ccc2c45)=CC(N(c2ccccc2)c2ccccc2)=C3)cc1)c1ccccc1,0.0000000,0.0000,0.0000000,0.0000,0.0000000,0.0000,0.0000000,0.0000,['[*;r{8-17}]'],40
42.3744,50.3868,67.7200,0.9227094,CN(C)c1ccc(N=Nc2ccc(C(=O)Nc3ccc(C4C(Cl)CCC(Cl)C4c4ccccc4)cc3)cc2)cc1,1,O=C(Nc1ccc(C2CCCCC2c2ccccc2)cc1)c1ccc(N=Nc2ccccc2)cc1,0.9859758,446.1747,0.1775531,0.1776,0.4683896,3.7923,1.0000000,1.0000,[],40
27.7178,28.8848,67.9622,0.7566173,COc1c(O)cc(C=C2C(=O)c3ccccc3C2=O)cc1Br,1,O=C1C(=Cc2ccccc2)C(=O)c2ccccc21,0.7629262,412.6900,0.6571524,0.6572,0.6300817,2.3095,1.0000000,1.0000,[],40
31.9202,39.9271,-39.9271,0.0000000,COC(=O)c1ccc2nc(-n3c4ccccc4c4cc(N(C)C)ccc43)cnc2c1,1,c1ccc2nc(-n3c4ccccc4c4ccccc43)cnc2c1,0.0000000,0.0000,0.0000000,0.0000,0.0000000,0.0000,0.0000000,0.0000,"['C(=[O,S])[O,S]']",40
36.6080,44.8322,62.2243,0.8363786,CS(=O)(=O)c1cccc([N+](=O)[O-])c1N=Nc1ccc(N=Nc2ccc(N=Nc3nccs3)cc2)cc1,1,c1ccc(N=Nc2ccc(N=Nc3ccc(N=Nc4nccs4)cc3)cc2)cc1,0.8956496,496.6589,0.1316088,0.1316,0.5183904,3.2851,1.0000000,1.0000,[],40
36.1629,46.4347,53.6888,0.7822149,C=CC1=CC(c2ccc(N)cc2)=C(N(c2ccccc2)c2ccccc2)C1Sc1ccccc1,1,C1=CC(Sc2ccccc2)C(N(c2ccccc2)c2ccccc2)=C1c1ccccc1,0.8146967,416.0778,0.2836580,0.2837,0.5185664,3.2834,1.0000000,1.0000,[],40
56.6454,69.3858,47.4014,0.9124007,CCN(c1cc2c(cc1N=Nc1nc3ccccc3o1)ncn2C)C1CCCN1C(=O)c1ccc(O)c(O)c1,1,O=C(c1ccccc1)N1CCCC1Nc1cc2[nH]cnc2cc1N=Nc1nc2ccccc2o1,0.9685502,482.7874,0.2168092,0.2168,0.4617031,3.8642,1.0000000,1.0000,[],40
47.7760,68.5496,-68.5496,0.0000000,CCCCCCCc1cnc(-c2ccc(cc2)C=C(c2ccc(N(c3ccccc3)c3ccccc3)cc2)c2ccc(C=c3c(N)cccc3)cc2)nc1-c1ccccc1N,0,,0.0000000,0.0000,0.0000000,0.0000,0.0000000,0.0000,0.0000000,0.0000,None,40
50.4704,58.5824,-58.5824,0.0000000,[nH]1c2ccc3sccc3n2c(n1)N=Nc1cc2N(CC=Cc2cc1)c1ccc2ccccc2n1,0,,0.0000000,0.0000,0.0000000,0.0000,0.0000000,0.0000,0.0000000,0.0000,None,40
26.7658,31.5275,-31.4735,0.0004217,CCCC(CC)(Cc1ccccc1)c1ccc(N(c2ccccc2)c2ccccc2)cc1,1,c1ccc(CCc2ccc(N(c3ccccc3)c3ccccc3)cc2)cc1,0.0002956,311.7722,0.2617613,0.2618,0.5816401,2.7095,1.0000000,1.0000,[],40
27.1587,29.7933,-28.1128,0.0131291,COc1cccc(N2CCN(C(=O)c3ccc4c(c3)Nc3ccccc3S4)CC2)c1,1,O=C(c1ccc2c(c1)Nc1ccccc1S2)N1CCN(c2ccccc2)CC1,0.0107734,350.9264,0.5154643,0.5155,0.6407039,2.2259,1.0000000,1.0000,[],40
35.1831,48.2835,-45.6661,0.0204487,C(=Cc1cnc2[nH]cc(-c3cc4ccccc4[nH]3)c2c1)c1ccc(N2CCC(c3ccccc3)CC2)cc1,1,C(=Cc1cnc2[nH]cc(-c3cc4ccccc4[nH]3)c2c1)c1ccc(N2CCC(c3ccccc3)CC2)cc1,0.0175976,356.3291,0.2533409,0.2533,0.5872129,2.6618,1.0000000,1.0000,[],40
37.8856,40.3030,-31.7527,0.0667989,CCCN(CCC)C(=O)Nc1ccc2nc3ccc(N4CCN(C)CC4)cn3c2c1,1,c1ccc2c(c1)nc1ccc(N3CCNCC3)cn12,0.0593019,369.9904,0.6722552,0.6723,0.5976028,2.5741,1.0000000,1.0000,[],40
44.1160,50.4150,-45.8308,0.0358140,CC1(C)C(=CC=CC2=C(N3CCOCC3)C(=O)C(C#N)=C2)C1(C)C,1,O=C1C=CC(C=CC=C2CC2)=C1N1CCOCC1,0.0307378,557.4692,0.8000578,0.8001,0.4825478,3.6434,1.0000000,1.0000,[],40
31.2353,30.4946,-30.4946,0.0000000,COc1cccc(-c2nnc(NN=Cc3ccco3)o2)c1,1,C(=NNc1nnc(-c2ccccc2)o1)c1ccco1,0.0000000,0.0000,0.0000000,0.0000,0.0000000,0.0000,0.0000000,0.0000,['[#7;!n][#7;!n]'],40
33.8425,39.0063,-37.1655,0.0143809,Nc1nn(-c2ccc(OCc3ccc([N+](=O)[O-])cc3)cn2)c2ccccc12,1,c1ccc(COc2ccc(-n3ncc4ccccc43)nc2)cc1,0.0119283,352.0448,0.4303575,0.4304,0.6324212,2.2910,1.0000000,1.0000,[],40
42.8346,54.7948,61.0663,0.9051645,CCN(CC)c1ccc(C=Nc2ccc3c(=O)oc(C=Cc4ccc(N(C)C)cc4[N+](=O)[O-])c(NC)c3c2)cc1,1,O=c1oc(C=Cc2ccccc2)cc2cc(N=Cc3ccccc3)ccc12,0.9716116,481.6412,0.1379374,0.1379,0.5259561,3.2127,1.0000000,1.0000,[],40
29.3934,40.6630,-40.6630,0.0000000,O=C1c2ccc(Br)cc2C=Nc2ccccc2N1c1ccc(N=Nc2ccccc2)cc1,1,O=C1c2ccccc2C=Nc2ccccc2N1c1ccc(N=Nc2ccccc2)cc1,0.0000000,0.0000,0.0000000,0.0000,0.0000000,0.0000,0.0000000,0.0000,['[*;r{8-17}]'],40
35.0360,42.7897,65.5525,0.8464237,O=c1oc2ccc(-c3ccc4sc(N=Cc5c(O)ccc6ccccc56)nc4c3)cc2c2ccccc12,1,O=c1oc2ccc(-c3ccc4sc(N=Cc5cccc6ccccc56)nc4c3)cc2c2ccccc12,0.9004737,423.9133,0.1529854,0.1530,0.5821587,2.7051,1.0000000,1.0000,[],40
26.9255,39.0705,80.8611,0.9369658,CC(=O)Nc1cccc(N=Nc2cc(N=Nc3ccccc3)ccc2N=Nc2ccccc2)c1,1,c1ccc(N=Nc2ccc(N=Nc3ccccc3)c(N=Nc3ccccc3)c2)cc1,0.9835576,475.5791,0.2807305,0.2807,0.5698524,2.8119,1.0000000,1.0000,[],40
66.8194,87.8688,-87.8688,0.0000000,CN(C)c1ccc(C=CC(N=Cc2ccc(N)cc2N(C)C)=Nc2ccc(CCNc3ccc(CN4CCc5ccccc5C4C(=O)NN=Cc4ccc(N(C)C)cc4)cn3)cc2)cc1,1,O=C(NN=Cc1ccccc1)C1c2ccccc2CCN1Cc1ccc(NCCc2ccc(N=C(C=Cc3ccccc3)N=Cc3ccccc3)cc2)nc1,0.0000000,0.0000,0.0000000,0.0000,0.0000000,0.0000,0.0000000,0.0000,['[#7;!n][#7;!n]'],40
39.4305,55.4141,-33.2406,0.1732305,CN(C)c1ccc(C=Nc2ccccc2C=Cc2ccc(-c3cn4c(NC=O)cccc4n3)cc2)cc1,1,C(=Cc1ccccc1N=Cc1ccccc1)c1ccc(-c2cn3ccccc3n2)cc1,0.1696806,382.7597,0.1538656,0.1539,0.5533198,2.9591,1.0000000,1.0000,[],40
32.8204,43.0887,-40.6772,0.0188400,CNc1c(N)ccc(-c2ccc(N=Cc3ccccc3)cc2)c1-c1ccc(N(c2ccccc2)c2ccccc2)cc1,1,C(=Nc1ccc(-c2ccccc2-c2ccc(N(c3ccccc3)c3ccccc3)cc2)cc1)c1ccccc1,0.0164170,355.5621,0.1480662,0.1481,0.5913370,2.6268,1.0000000,1.0000,[],40
49.9421,54.2177,-32.7760,0.1675135,CC1C=CC=C(c2c(N)[nH]c3ccc(O)c(C=NC4CCCCC4C)c23)C1,1,C1=CCCC(c2c[nH]c3cccc(C=NC4CCCCC4)c23)=C1,0.1575965,381.8007,0.6358557,0.6359,0.4111393,4.4441,1.0000000,1.0000,[],40
28.6752,27.9911,-27.8699,0.0009471,Cc1cccc(-c2oc3ccccc3c2C(=O)Nc2ccc(Cl)cc2)c1,1,O=C(Nc1ccccc1)c1c(-c2ccccc2)oc2ccccc12,0.0006780,320.7887,0.4639744,0.4640,0.6846680,1.8941,1.0000000,1.0000,[],40
47.1134,64.9618,51.9543,0.9134073,CN1C=NC(=Cc2ccc(N3C=C(Nc4ccccc4)C=CC3)c(N=Cc3ccc(N(c4ccccc4)c4ccccc4)cc3)c2)C=C1c1ccccc1,1,C1=CC(Nc2ccccc2)=CN(c2ccc(C=C3C=C(c4ccccc4)NC=N3)cc2N=Cc2ccc(N(c3ccccc3)c3ccccc3)cc2)C1,0.9813512,443.0293,0.1445470,0.1445,0.4803400,3.6663,1.0000000,1.0000,[],40
22.8442,36.6038,-36.6038,0.0000000,c1c2c(cc(c1)Nc1ccc(N=Nc3ccccc3)cc1)N=c1c=2cccc1,0,,0.0000000,0.0000,0.0000000,0.0000,0.0000000,0.0000,0.0000000,0.0000,None,40
53.6704,63.6875,-63.6875,0.0000000,CC(C)(C)C(C#N)=C(c1ccc(C#Cc2ccc3c(ccc4c(N5CCOc6ccccc65)cccc43)c2)cc1)c1ccc(N(c2ccccc2)c2ccccc2)cc1,1,C=C(c1ccc(C#Cc2ccc3c(ccc4c(N5CCOc6ccccc65)cccc43)c2)cc1)c1ccc(N(c2ccccc2)c2ccccc2)cc1,0.0000000,0.0000,0.0000000,0.0000,0.0000000,0.0000,0.0000000,0.0000,['C#C'],40
24.7476,31.4076,5.3723,0.2873428,CCCCCOc1ccc(C=Nc2ccc(Nc3ccc(N(CC)CC)cc3)cc2)cc1,1,C(=Nc1ccc(Nc2ccccc2)cc1)c1ccccc1,0.2842569,389.9738,0.2378509,0.2379,0.6372123,2.2533,1.0000000,1.0000,[],40
52.4403,54.4907,-26.5825,0.2180327,[C-]#[N+]c1ccc(N(c2ccc(C=C)cc2)c2cccc3c4c(ccc23)-c2ccccc2C4(C)C)c(C#N)c1,1,c1ccc(N(c2ccccc2)c2cccc3c4c(ccc23)-c2ccccc2C4)cc1,0.2133719,385.8342,0.2362945,0.2363,0.5393594,3.0869,1.0000000,1.0000,[],40
37.2998,61.4936,54.0448,0.9026436,Oc1ccc(N=Nc2ccc(N=Nc3ccccc3)cc2)cc1-c1nnc(SCCCN2CCC(Oc3ccc(N=Nc4ccccc4)cc3)CC2)n1-c1ccccc1,1,c1ccc(N=Nc2ccc(N=Nc3cccc(-c4nnc(SCCCN5CCC(Oc6ccc(N=Nc7ccccc7)cc6)CC5)n4-c4ccccc4)c3)cc2)cc1,0.9946032,463.3623,0.0622460,0.0622,0.4969129,3.4967,1.0000000,1.0000,[],40
33.4410,35.5475,-35.2948,0.0019742,O=C(Nc1ccc(N2CCCCC2)c(-c2ccccc2)c1)C1CCN(S(=O)(=O)c2ccccc2)CC1,1,O=C(Nc1ccc(N2CCCCC2)c(-c2ccccc2)c1)C1CCN(S(=O)(=O)c2ccccc2)CC1,0.0014682,329.1856,0.4901550,0.4902,0.6481826,2.1679,1.0000000,1.0000,[],40
43.2348,61.4431,18.3999,0.6237730,N#CC(=Cc1cccnc1)C(=O)Nc1ccc2nc(-c3ccc(N(c4ccccc4)c4ccccc4)cc3)cc(N3C4C=CC=CC3CC4)c2c1,1,O=C(C=Cc1cccnc1)Nc1ccc2nc(-c3ccc(N(c4ccccc4)c4ccccc4)cc3)cc(N3C4C=CC=CC3CC4)c2c1,0.6619464,407.2959,0.1290432,0.1290,0.3945882,4.6496,1.0000000,1.0000,[],41
24.1571,32.2902,80.2962,0.8795808,O=C(N=Nc1ccc2ccccc2c1N=Nc1ccc(N=Nc2ccccc2)cc1)c1ccccc1,1,O=C(N=Nc1ccc2ccccc2c1N=Nc1ccc(N=Nc2ccccc2)cc1)c1ccccc1,0.9262813,492.5209,0.2279837,0.2280,0.5710108,2.8017,1.0000000,1.0000,[],41
30.6355,42.4125,-42.4125,0.0000000,c1cc(ccc1)CN(c1ccccc1)c1ccccc1C=Cc1ccc2-c3c(cccc3)C(c3ccccc3)=c2c1,0,,0.0000000,0.0000,0.0000000,0.0000,0.0000000,0.0000,0.0000000,0.0000,None,41
22.3665,24.7739,-24.7684,0.0000426,Nc1ccc(CCC2=CC=CC2)cc1,1,C1=CCC(CCc2ccccc2)=C1,0.0000256,285.1987,0.7193856,0.7194,0.6154832,2.4267,1.0000000,1.0000,[],41
52.3302,66.7286,-62.1186,0.0360156,O=C1C2=CC=CCC2C(N=C2c3ccccc3-c3cccc(N(C=Cc4ccccc4)c4ccc(-c5ccccc5)cc4)c32)=C1N=Cc1ccccc1,1,O=C1C2=CC=CCC2C(N=C2c3ccccc3-c3cccc(N(C=Cc4ccccc4)c4ccc(-c5ccccc5)cc4)c32)=C1N=Cc1ccccc1,0.0326517,556.7919,0.1498942,0.1499,0.4470440,4.0255,1.0000000,1.0000,[],41
36.3448,42.5330,-19.8080,0.1775391,C1=Nc2ccccc2Cc2ccc3c(c21)N3C1CCCC1,1,C1=Nc2ccccc2Cc2ccc3c(c21)N3C1CCCC1,0.1668234,382.5380,0.5852781,0.5853,0.5707671,2.8039,1.0000000,1.0000,[],41
33.0727,41.5171,76.7218,0.9237419,CS(=O)(=O)c1ccc(-c2cccc(N=Nc3ccc(N=Nc4ccccc4)c4ccccc34)n2)cc1,1,c1ccc(N=Nc2ccc(N=Nc3cccc(-c4ccccc4)n3)c3ccccc23)cc1,0.9756968,479.9087,0.2242091,0.2242,0.5742437,2.7735,1.0000000,1.0000,[],41
26.2139,39.2552,64.3770,0.8096261,O=C(Nc1ccccc1)c1ccc(C=Cc2cc[n+](Cc3ccc(N=Cc4ccccc4O)cc3)cc2)cc1,1,O=C(Nc1ccccc1)c1ccc(C=Cc2cc[n+](Cc3ccc(N=Cc4ccccc4)cc3)cc2)cc1,0.8552504,419.2869,0.1761254,0.1761,0.5902857,2.6357,1.0000000,1.0000,[],41
20.8118,25.1845,96.6587,0.9518997,CCOc1ccccc1N=Nc1ccc([N+](=O)[O-])cc1,1,c1ccc(N=Nc2ccccc2)cc1,0.9820158,443.4307,0.4587834,0.4588,0.6479180,2.1700,1.0000000,1.0000,[],41
33.8904,41.3920,19.2001,0.4733756,Nc1ccc2nc(-c3ccccn3)c(Nc3cccc(N4CCCC4=O)c3)cc2c1,1,O=C1CCCN1c1cccc(Nc2cc3ccccc3nc2-c2ccccn2)c1,0.4704511,398.7152,0.4872918,0.4873,0.6083742,2.4848,1.0000000,1.0000,[],41
28.3981,34.7498,86.8766,0.9502057,O=S(=O)(O)c1cc2c(cc1N=Nc1ccc(N=Nc3ccccc3)cc1O)OCO2,1,c1ccc(N=Nc2ccc(N=Nc3ccc4c(c3)OCO4)cc2)cc1,0.9858772,473.9024,0.4239989,0.4240,0.5536698,2.9559,1.0000000,1.0000,[],41
41.0633,49.7259,6.6241,0.4402345,C=CC(=C)Nc1ccc2nc(N=C)c(C(C=C)N=C=O)cc2c1,1,c1ccc2ncccc2c1,0.4434256,397.5324,0.3598761,0.3599,0.4226574,4.3060,1.0000000,1.0000,[],41
50.2105,71.2026,45.1096,0.9086891,O=C1NCCN(Cc2cc(N=Nc3ccc(N=Nc4ccccc4)cc3)c(O)cc2O)c2ccc(NC(=S)NCC3=CCCC=C3)cc21,1,O=C1NCCN(Cc2cccc(N=Nc3ccc(N=Nc4ccccc4)cc3)c2)c2ccc(NC(=S)NCC3=CCCC=C3)cc21,0.9904243,469.6338,0.0899098,0.0899,0.4881405,3.5858,1.0000000,1.0000,[],41
56.1821,74.0676,-74.0676,0.0000000,c12ccccc2cc2c(-c3ccc(-c4c5c(ccc4)cccc5)c4c3cccc4)cc(C#N)c(-c3ccc(cc3)N=Cc3ccc(N(c4ccccc4)c4ccccc4)cc3)n2c1N=Cc1ccc(cc1)N(C)C,0,,0.0000000,0.0000,0.0000000,0.0000,0.0000000,0.0000,0.0000000,0.0000,None,41
26.1791,28.8188,-18.8112,0.0781840,Nc1cc2cccc(-c3ccco3)c2cn1,1,c1coc(-c2cccc3ccncc23)c1,0.0699009,371.8988,0.6710761,0.6711,0.6350569,2.2702,1.0000000,1.0000,[],41
27.9196,32.4431,86.1613,0.9265965,N=C1N=c2ccccc2=CC1=Cc1ccco1,1,N=C1N=c2ccccc2=CC1=Cc1ccco1,0.9418497,489.7643,0.7847887,0.7848,0.5473645,3.0132,1.0000000,1.0000,[],41
33.6649,53.5575,-53.5575,0.0000000,C#Cc1ccc2c(-c3ccc(N=Nc4ccc(N(C)C)cc4)cc3)c3ccc(N=Cc4ccc(N(CC)CC)cc4)cc3c(-c3ccccc3)c2c1,1,C(=Nc1ccc2c(-c3ccc(N=Nc4ccccc4)cc3)c3ccccc3c(-c3ccccc3)c2c1)c1ccccc1,0.0000000,0.0000,0.0000000,0.0000,0.0000000,0.0000,0.0000000,0.0000,['C#C'],41
29.8539,45.7877,-20.8151,0.1950983,CCN(CC)c1ccc(N=Nc2c(N)c(N=Nc3ccccc3N=Nc3ccccc3)c(O)c3ccccc23)cc1,1,c1ccc(N=Nc2ccccc2N=Nc2cc(N=Nc3ccccc3)c3ccccc3c2)cc1,0.1929546,535.5361,0.1421140,0.1421,0.5303950,3.1707,1.0000000,1.0000,[],41
33.6186,49.3530,48.8577,0.7672713,CCCCOc1cc(N=Nc2ccccc2)ccc1N=Nc1ccc2ccccc2c1N=Nc1cc(N=Nc2ccc(N(CC)CC)cc2)ccc1O,1,c1ccc(N=Nc2ccc(N=Nc3ccc4ccccc4c3N=Nc3cccc(N=Nc4ccccc4)c3)cc2)cc1,0.8304532,502.7494,0.0842661,0.0843,0.4914714,3.5518,1.0000000,1.0000,[],41
24.6893,34.3877,-25.6583,0.0681984,COc1ccc(C=Cc2ccc(N(c3ccccc3)c3ccccc3)cc2)c(Oc2ccccc2)c1,1,C(=Cc1ccccc1Oc1ccccc1)c1ccc(N(c2ccccc2)c2ccccc2)cc1,0.0627644,370.6466,0.2115083,0.2115,0.6446871,2.1950,1.0000000,1.0000,[],41
31.7111,39.2732,-39.2732,0.0000000,CC(C)CC(O)(C(=O)O)c1ccc(C(=O)c2ccc(N(c3ccccc3)c3ccccc3)cc2)cc1,1,O=C(c1ccccc1)c1ccc(N(c2ccccc2)c2ccccc2)cc1,0.0000000,0.0000,0.0000000,0.0000,0.0000000,0.0000,0.0000000,0.0000,"['C(=[O,S])[O,S]']",41
28.4618,26.7597,-26.5521,0.0016218,[O-][P+](CCCc1ccccc1)=NO,1,c1ccccc1,0.0011934,326.9324,0.5919992,0.5920,0.4948633,3.5174,1.0000000,1.0000,[],41
39.9326,43.0830,-9.5961,0.2616160,COc1ccc(Nc2cc3cccc4c3c(n2)CN4CCC(C)C)cc1OC,1,c1ccc(Nc2cc3cccc4c3c(n2)CN4)cc1,0.2504391,388.0974,0.6003425,0.6003,0.5987797,2.5643,1.0000000,1.0000,[],41
28.8997,30.5520,-30.5497,0.0000176,CCC=CCC=CCC=CCC=CCC=CCC=CCCCCCCCC(O)CCCCCCCCCCCCCCCCCCCC,1,,0.0000110,276.0359,0.0514283,0.0514,0.5066663,3.3995,1.0000000,1.0000,[],41
30.3233,46.2426,69.6495,0.9054074,CCN(CC)c1ccc(C=Nc2ccc(N=CC(=Cc3ccc(N(CC)CC)cc3)C(=O)c3ccc(N4CCCC4)cc3)cc2)cc1,1,O=C(C(C=Nc1ccc(N=Cc2ccccc2)cc1)=Cc1ccccc1)c1ccc(N2CCCC2)cc1,0.9888164,471.3366,0.0795957,0.0796,0.5282926,3.1905,1.0000000,1.0000,[],41
35.9322,39.5984,-39.5984,0.0000000,c1cc(Br)ccc1-c1[nH]nc(n1Cc1ccccc1-c1ccccc1)=O,0,,0.0000000,0.0000,0.0000000,0.0000,0.0000000,0.0000,0.0000000,0.0000,None,41
45.0525,68.6605,46.6648,0.9009787,COc1cc(-c2ccc(NC(=O)c3cccc4ccccc34)cc2)nc2cc(F)c(N=[N+]=[N-])c(N=Nc3ccc(N=Nc4ccccc4)cc3)c12,1,O=C(Nc1ccc(-c2ccc3c(N=Nc4ccc(N=Nc5ccccc5)cc4)cccc3n2)cc1)c1cccc2ccccc12,0.9795527,477.9902,0.0923447,0.0923,0.5173527,3.2952,1.0000000,1.0000,[],41
27.7060,41.9081,66.1117,0.8439048,C(c1ccc(N(c2ccccc2)c2ccccc2)cc1)=S1CNc2ccc(N(c3ccccc3)c3ccccc3)cc21,1,C(c1ccc(N(c2ccccc2)c2ccccc2)cc1)=S1CNc2ccc(N(c3ccccc3)c3ccccc3)cc21,0.8931558,496.9456,0.1956295,0.1956,0.5110669,3.3563,1.0000000,1.0000,[],41
50.5094,51.8051,-51.8051,0.0000000,c1cc2c3c(C=Cc3c1O)B(c1c2ccc(c1)C#N)c1ccccc1,0,,0.0000000,0.0000,0.0000000,0.0000,0.0000000,0.0000,0.0000000,0.0000,None,41
58.4980,69.8956,-69.8956,0.0000000,c1cc(S(=O)(=O)CC)ccc1-c1ccc(cc1)-n1c2ccc(C=Nc3ccccc3)cc2/c(c1=O)=c1/ccc(OCCCCC)cc1,0,,0.0000000,0.0000,0.0000000,0.0000,0.0000000,0.0000,0.0000000,0.0000,None,41
42.9960,45.8082,-37.5184,0.0647637,COc1nc(N2CCC(N3CCCC3)CC2)cc(-c2c(C)cccc2Cl)c1[N+](=O)[O-],1,c1ccc(-c2ccnc(N3CCC(N4CCCC4)CC3)c2)cc1,0.0579477,369.7240,0.5057195,0.5057,0.5841317,2.6881,1.0000000,1.0000,[],41
55.3428,74.0659,-74.0659,0.0000000,CCCCNC(=O)N1c2cc(N=Cc3ccccc3N=Nc3ccc(N(C)C)cc3)ccc2S(=O)N(C)C1c1cccc(N=Nc2ccccc2)c1,1,O=S1NC(c2cccc(N=Nc3ccccc3)c2)Nc2cc(N=Cc3ccccc3N=Nc3ccccc3)ccc21,0.0000000,0.0000,0.0000000,0.0000,0.0000000,0.0000,0.0000000,0.0000,['[#7;!n][S;!$(S(=O)=O)]'],41
27.4209,34.0740,-32.2241,0.0144524,c1ccc(-c2cc(-c3ccccc3)c(-c3ccc4ccccc4c3-c3ccccc3)[nH]2)cc1,1,c1ccc(-c2cc(-c3ccccc3)c(-c3ccc4ccccc4c3-c3ccccc3)[nH]2)cc1,0.0121297,352.2288,0.2925253,0.2925,0.6529108,2.1316,1.0000000,1.0000,[],41
26.1117,42.4204,78.4116,0.9440000,Oc1c(-c2ccc3cccc(N=Nc4ccc(N=Nc5ccccc5)cc4)c3c2)ccc2ccccc12,1,c1ccc(N=Nc2ccc(N=Nc3cccc4ccc(-c5ccc6ccccc6c5)cc34)cc2)cc1,0.9948713,457.1940,0.2459907,0.2460,0.5865353,2.6676,1.0000000,1.0000,[],41
53.8692,65.2245,-65.2245,0.0000000,C[n+]1ccccc1N=Nc1ccc(N=C2C=CC(=Nc3ccc(Oc4cc(N)ccn4)cc3)C(=O)N2N)cc1,1,O=C1NC(=Nc2ccc(N=Nc3cccc[nH+]3)cc2)C=CC1=Nc1ccc(Oc2ccccn2)cc1,0.0000000,0.0000,0.0000000,0.0000,0.0000000,0.0000,0.0000000,0.0000,['[#7;!n][#7;!n]'],41
31.6611,45.7511,44.6255,0.7060671,O=c1cc(O)c2c(N=Cc3ccc(N(c4ccccc4)c4ccccc4)cc3)c(-c3ccccc3)ccc2o1,1,O=c1ccc2c(N=Cc3ccc(N(c4ccccc4)c4ccccc4)cc3)c(-c3ccccc3)ccc2o1,0.7398142,411.3460,0.1812221,0.1812,0.5910910,2.6289,1.0000000,1.0000,[],41
34.9207,42.7960,6.4617,0.3848263,CN(C)C1Cc2cc(-c3ccccc3)ccc3c4ccccc4c1c2-3,1,c1ccc(-c2ccc3c4ccccc4c4c-3c(c2)CC4)cc1,0.3796250,394.6675,0.4524382,0.4524,0.5761662,2.7568,1.0000000,1.0000,[],41
71.3690,87.6530,-87.6530,0.0000000,c12ncc([S+]([O-])CCCC)cc2nc2c(cc(/C=C/c3ccc(s3)N(c3ccccc3)c3ccccc3)cc2)n1-c1ccc[n+](c1)C(=NC#N)N,0,,0.0000000,0.0000,0.0000000,0.0000,0.0000000,0.0000,0.0000000,0.0000,None,41
45.5561,59.9722,-31.0167,0.2262151,O=P1(c2ccc(N=Cc3ccc(N(c4ccccc4)c4ccccc4)cc3)cc2)OCc2ccc(Nc3ccccc3N3CCCC3)cc21,1,O=P1(c2ccc(N=Cc3ccc(N(c4ccccc4)c4ccccc4)cc3)cc2)OCc2ccc(Nc3ccccc3N3CCCC3)cc21,0.2269533,386.6933,0.1236045,0.1236,0.4797895,3.6720,1.0000000,1.0000,[],41
32.9317,44.5628,-40.6609,0.0304840,CCCCCCCN(CCCC)c1cc2c(-c3ccc(N(c4ccccc4)c4ccccc4)cc3)cccc2s1,1,c1ccc(N(c2ccccc2)c2ccc(-c3cccc4sccc34)cc2)cc1,0.0273741,361.2348,0.1277914,0.1278,0.5891468,2.6454,1.0000000,1.0000,[],41
78.5964,92.7233,-92.7233,0.0000000,CC1c2c(C=C1)c1-c3c(NC=c2c(c2C1=CC(=Cc2c1c(cccc1)c3O)c1ccc(N=Nc2ccccc2)cc1)C)N=Nc1ccccc1N,0,,0.0000000,0.0000,0.0000000,0.0000,0.0000000,0.0000,0.0000000,0.0000,None,41
36.6484,47.1412,-8.5260,0.3016811,CC(C)c1c(N(c2ccccc2)c2ccccc2)ccc2c1-c1cc(-c3ccc(N(c4ccccc4)c4ccccc4)cc3)ccc1-2,1,c1ccc(N(c2ccccc2)c2ccc(-c3ccc4c(c3)-c3cc(N(c5ccccc5)c5ccccc5)ccc3-4)cc2)cc1,0.3028074,390.9453,0.1702081,0.1702,0.5963839,2.5844,1.0000000,1.0000,[],41
39.5027,61.7678,-8.7962,0.4138403,CCCN(CCC)c1ccc(C=Nc2ccc(N=Nc3ccc(N=Nc4cc5nc(C)cc(=O)n5cc4NC)cc3)cc2)cc1,1,O=c1ccnc2cc(N=Nc3ccc(N=Nc4ccc(N=Cc5ccccc5)cc4)cc3)ccn12,0.4292667,523.0927,0.1137429,0.1137,0.5049073,3.4169,1.0000000,1.0000,[],41
55.2560,77.4100,30.5205,0.8432067,CCCN(CCC)c1ccc(C=CC=Cc2ccc3nc(N4C=CC=C(Cl)C4)nc(Nc4cccc(OC)c4Br)c3c2)cc1,1,C1=CCN(c2nc(Nc3ccccc3)c3cc(C=CC=Cc4ccccc4)ccc3n2)C=C1,0.8997720,423.8286,0.1515076,0.1515,0.5067101,3.3991,1.0000000,1.0000,[],41
30.8284,33.0027,-32.9900,0.0000989,CCC=CCC1CC2=Cc3ccccc3C21,1,C1=C2CCC2c2ccccc21,0.0000627,294.9268,0.6422563,0.6423,0.4762416,3.7091,1.0000000,1.0000,[],41
41.7283,49.3726,63.3736,0.8808294,CC=Cc1nc(NC2CCCCC2)c(CN=Cc2ccccc2O)[nH]c1=O,1,O=c1cnc(NC2CCCCC2)c(CN=Cc2ccccc2)[nH]1,0.8975509,423.5638,0.6769760,0.6770,0.5350836,3.1267,1.0000000,1.0000,[],41
31.6227,36.2486,-22.9217,0.1041161,Cc1ccc(N(C)c2ccc3ccc4cccc5ccc2c3c45)c(I)c1,1,c1ccc(Nc2ccc3ccc4cccc5ccc2c3c45)cc1,0.0982089,375.9261,0.2033309,0.2033,0.6115687,2.4586,1.0000000,1.0000,[],41
34.9859,43.9628,79.9333,0.9679381,CCN1C(=O)C(=Cc2cc3ccc(N=O)cc3nc2N)c2ccccc21,1,O=C1Nc2ccccc2C1=Cc1cnc2ccccc2c1,0.9948905,462.7650,0.5715279,0.5715,0.5787573,2.7344,1.0000000,1.0000,[],41
25.0220,25.1004,-24.9871,0.0008850,CN1C(=O)CC(=Cc2ccccc2[N+](=O)[O-])C1=O,1,O=C1CC(=Cc2ccccc2)C(=O)N1,0.0006391,320.1463,0.3413442,0.3413,0.6074001,2.4928,1.0000000,1.0000,[],41
33.9447,33.1412,-33.0613,0.0006241,NC1=C(c2ccccc2)C(=O)C2CCCC1O2,1,O=C1C(c2ccccc2)=CC2CCCC1O2,0.0004335,315.9299,0.7995206,0.7995,0.4465637,4.0309,1.0000000,1.0000,[],41
30.3101,34.5144,-34.5144,0.0000000,COc1ccc(NN=Cc2cc(-c3ccccc3)n(-c3ccccc3)c2N)cc1,1,C(=NNc1ccccc1)c1cc(-c2ccccc2)n(-c2ccccc2)c1,0.0000000,0.0000,0.0000000,0.0000,0.0000000,0.0000,0.0000000,0.0000,['[#7;!n][#7;!n]'],41
63.4003,73.2114,-73.2114,0.0000000,Cc1nc(N(C)C2=CCCN(C)C2)sc1C=NNC(=S)c1cc(-c2ccccc2)nn1-c1ccc(N=Nc2ccccn2)cc1,1,S=C(NN=Cc1cnc(NC2=CCCNC2)s1)c1cc(-c2ccccc2)nn1-c1ccc(N=Nc2ccccn2)cc1,0.0000000,0.0000,0.0000000,0.0000,0.0000000,0.0000,0.0000000,0.0000,['[#7;!n][#7;!n]'],41
23.7859,32.0104,-6.4970,0.1993241,Nc1ccccc1C=Cc1ccc(N(c2ccccc2)c2ccc(N(c3ccccc3)c3ccccc3)cc2)cc1,1,C(=Cc1ccc(N(c2ccccc2)c2ccc(N(c3ccccc3)c3ccccc3)cc2)cc1)c1ccccc1,0.1959161,384.6692,0.1571948,0.1572,0.6456503,2.1875,1.0000000,1.0000,[],41
38.8266,57.9261,-26.5909,0.2448059,Cc1ccc(-c2c3c(c4cc(N(c5ccccc5)c5ccccc5)ccc4c2C=Cc2ccc(N(c4ccccc4)c4ccccc4)cc2)C(=NC=Cc2ccc(N(c4ccccc4)c4ccccc4)cc2)c2ccccc2-3)cc1,1,C(=Cc1ccc(N(c2ccccc2)c2ccccc2)cc1)N=C1c2ccccc2-c2c(-c3ccccc3)c(C=Cc3ccc(N(c4ccccc4)c4ccccc4)cc3)c3ccc(N(c4ccccc4)c4ccccc4)cc3c21,0.2482406,532.0302,0.1013657,0.1014,0.4740255,3.7325,1.0000000,1.0000,[],41
42.0466,48.0705,-48.0705,0.0000000,CCN(c1ccccc1)c1ccc(-n2ncc3cccc(SNc4ccccc4)c32)cc1,1,c1ccc(NSc2cccc3cnn(-c4ccc(Nc5ccccc5)cc4)c23)cc1,0.0000000,0.0000,0.0000000,0.0000,0.0000000,0.0000,0.0000000,0.0000,['[#7;!n][S;!$(S(=O)=O)]'],41
42.0719,39.9182,-39.9182,0.0000000,CS(=O)(=O)c1ccc(OC(=O)c2c(O)n(CC(N)=O)c3ccccc23)cc1,1,O=C(Oc1ccccc1)c1c[nH]c2ccccc12,0.0000000,0.0000,0.0000000,0.0000,0.0000000,0.0000,0.0000000,0.0000,"['C(=[O,S])[O,S]']",41
41.9031,52.2534,41.2506,0.7304999,CCCCNc1nc(-c2cc(N=Nc3cc4ccccc4nc3N)ccc2O)c(N=Nc2ccc([N+](=O)[O-])cc2)s1,1,c1ccc(N=Nc2scnc2-c2cccc(N=Nc3cnc4ccccc4c3)c2)cc1,0.7940515,505.3477,0.0654047,0.0654,0.5185422,3.2837,1.0000000,1.0000,[],41
36.3964,49.1319,-20.9938,0.2198283,CC(=Nc1ccc(N(C)C)cc1)c1ccc(-c2cccc3cc(N(c4ccccc4)c4ccccc4)ccc23)cn1,1,C(=Nc1ccccc1)c1ccc(-c2cccc3cc(N(c4ccccc4)c4ccccc4)ccc23)cn1,0.2162291,386.0181,0.1918753,0.1919,0.5905158,2.6338,1.0000000,1.0000,[],41
20.2275,37.4783,77.1725,0.8957091,CN(C)c1ccc(C=Nc2ccc(N=Nc3ccc(-c4ccc(N=Nc5ccc(N(c6ccccc6)c6ccccc6)cc5)cc4)cc3)cc2)cc1,1,C(=Nc1ccc(N=Nc2ccc(-c3ccc(N=Nc4ccc(N(c5ccccc5)c5ccccc5)cc4)cc3)cc2)cc1)c1ccccc1,0.9688081,437.3049,0.1011229,0.1011,0.5685678,2.8232,1.0000000,1.0000,[],41
34.8126,38.5162,-37.1291,0.0108367,C1=Cc2c(c3ccccc3n2-c2ccccc2-c2ccccc2-c2ccccc2Nc2cccc3ccccc23)CC1,1,C1=Cc2c(c3ccccc3n2-c2ccccc2-c2ccccc2-c2ccccc2Nc2cccc3ccccc23)CC1,0.0090460,349.0100,0.2305841,0.2306,0.5874525,2.6598,1.0000000,1.0000,[],41
33.2955,34.3670,-24.3300,0.0784133,C=CCc1cc(O)c(C(C)=Nc2ccccc2)cc1N,1,C(=Nc1ccccc1)c1ccccc1,0.0714952,372.1623,0.3820726,0.3821,0.5862973,2.6696,1.0000000,1.0000,[],41
33.9398,41.2940,43.9553,0.6660107,CC(C)C(=O)c1c(NC=C2C(=O)c3ccccc3C2=O)ccc2ccccc12,1,O=C1C(=CNc2ccc3ccccc3c2)C(=O)c2ccccc21,0.6780841,408.0885,0.3968831,0.3969,0.6167303,2.4166,1.0000000,1.0000,[],41
42.2429,46.8829,-46.8829,0.0000000,c1c2nc(-c3ccnc4c3cccc4N[C@@H](CC)c3ccccc3)c(-c3ccccc3)oc2ccc1,0,,0.0000000,0.0000,0.0000000,0.0000,0.0000000,0.0000,0.0000000,0.0000,None,41
30.2650,35.6313,-33.8125,0.0142091,CN(C)c1ccc(-c2nc3ccccc3c(=O)n2NCc2cccc3ccccc23)cc1,1,O=c1c2ccccc2nc(-c2ccccc2)n1NCc1cccc2ccccc12,0.0117744,351.9021,0.4334543,0.4335,0.6358594,2.2639,1.0000000,1.0000,[],41
53.2828,67.8303,-67.8303,0.0000000,[N-]=[N+]=C1C=CC(N=Nc2ccc(S(=O)(=O)Cc3ccc(N=Nc4ccccc4)cc3)cc2)=CC1=NNc1ccc2c(O)c3cc(Oc4ccccc4)ccc3cc2c1,1,[N+]=C1C=CC(N=Nc2ccc(S(=O)(=O)Cc3ccc(N=Nc4ccccc4)cc3)cc2)=CC1=NNc1ccc2cc3cc(Oc4ccccc4)ccc3cc2c1,0.0000000,0.0000,0.0000000,0.0000,0.0000000,0.0000,0.0000000,0.0000,['[#7;!n][#7;!n]'],42
23.5569,36.9588,85.0710,0.9533574,C1=CC(COCc2ccc(N=Nc3ccc(N=Nc4ccccc4)cc3)cc2)C=C1,1,C1=CC(COCc2ccc(N=Nc3ccc(N=Nc4ccccc4)cc3)cc2)C=C1,0.9941147,455.6917,0.3598464,0.3598,0.5628306,2.8739,1.0000000,1.0000,[],42
28.8878,35.2883,-22.7493,0.0979611,COc1ccc(-c2ccccc2N(c2ccc(C=Cc3ccccc3)cc2)c2ccc3ccccc3c2)cc1,1,C(=Cc1ccc(N(c2ccc3ccccc3c2)c2ccccc2-c2ccccc2)cc1)c1ccccc1,0.0920747,375.1523,0.2009548,0.2010,0.6329740,2.2866,1.0000000,1.0000,[],42
27.1049,43.4806,74.4800,0.9215676,c1ccc(N=Nc2ccc(-c3ccc(N=Nc4c(Oc5ccccc5N=Nc5ccccc5)ccc5ccccc45)cc3)cc2)cc1,1,c1ccc(N=Nc2ccc(-c3ccc(N=Nc4c(Oc5ccccc5N=Nc5ccccc5)ccc5ccccc45)cc3)cc2)cc1,0.9859267,446.1362,0.1500453,0.1500,0.5680764,2.8275,1.0000000,1.0000,[],42
71.4576,93.6511,22.0531,0.9039390,NC(=O)C(c1cccnc1)N(C=CC1=C(c2ccccc2)CCCC1)c1ccccc1-n1nc(-n2c(N=Nc3ccccc3)cc3ccccc32)nc1-c1ccccc1,1,C(=CN(Cc1cccnc1)c1ccccc1-n1nc(-n2c(N=Nc3ccccc3)cc3ccccc32)nc1-c1ccccc1)C1=C(c2ccccc2)CCCC1,0.9776534,441.0243,0.1240171,0.1240,0.4294881,4.2258,1.0000000,1.0000,[],42
22.9565,31.1536,1.6239,0.2560735,N#Cc1ccc(-c2ccc(-c3ccc(N(c4ccccc4)c4ccccc4)s3)cc2)cc1,1,c1ccc(-c2ccc(-c3ccc(N(c4ccccc4)c4ccccc4)s3)cc2)cc1,0.2504687,388.0991,0.2807879,0.2808,0.6380912,2.2464,1.0000000,1.0000,[],42
33.0014,45.2456,-41.2849,0.0309427,COc1ccccc1N=Cc1ccc2nc(N)c(-c3ccc4ccccc4c3)c(C)c2c1,1,C(=Nc1ccccc1)c1ccc2ncc(-c3ccc4ccccc4c3)cc2c1,0.0269662,361.0673,0.3308181,0.3308,0.6089463,2.4801,1.0000000,1.0000,[],42
35.0995,50.6142,-50.6142,0.0000000,c1cc(cc(N(C)c2ccccc2)c1)Nc1ccc2cc3ccccc3c(N=c3ccc(cc3)N(C)C)c2c1,0,,0.0000000,0.0000,0.0000000,0.0000,0.0000000,0.0000,0.0000000,0.0000,None,42
43.8821,40.3810,-40.2865,0.0007384,CC1(C)OB(c2ccc3cc(Oc4ccc(N)cc4F)nn3c2)OC1(C)C,1,c1ccc(Oc2cc3ccc(B4OCCO4)cn3n2)cc1,0.0005213,317.9337,0.5674191,0.5674,0.5257933,3.2142,1.0000000,1.0000,[],42
79.9467,85.6546,34.9061,0.9418806,C=CC1=C(C#N)C=C(N[PH]2=NC(O)=C(C#N)C(=N)N2c2ccccc2)C=C2CCCC(C(=O)Nc3ccccc3)N21,1,N=C1C=CN=[PH](NC2=CC=CN3C(=C2)CCCC3C(=O)Nc2ccccc2)N1c1ccccc1,0.9930143,466.1813,0.3232364,0.3232,0.3802992,4.8340,1.0000000,1.0000,[],42
41.0312,47.7668,50.5371,0.7679995,CCCCCCOc1cc(OC)ccc1C=Cc1cccc2c1nc1ccccc1[n+]2-c1ccc(OC)cc1,1,C(=Cc1cccc2c1nc1ccccc1[n+]2-c1ccccc1)c1ccccc1,0.8309580,502.7104,0.0772525,0.0773,0.5703891,2.8072,1.0000000,1.0000,[],42
28.6125,39.5814,80.0271,0.9344410,CN1CCCc2cc(N=Cc3cc4ccc(N5CCCC5)cc4oc3=O)ccc21,1,O=c1oc2cc(N3CCCC3)ccc2cc1C=Nc1ccc2c(c1)CCCN2,0.9633147,484.5181,0.4894985,0.4895,0.5807354,2.7173,1.0000000,1.0000,[],42
48.9655,56.1341,59.8308,0.9059753,CCNc1c(C2=CC3C=CC=CC3=N2)c2c(N)ccc(NC)c2c2ccccc12,1,C1=CC2=NC(c3cc4ccccc4c4ccccc34)=CC2C=C1,0.9422146,430.3083,0.4085195,0.4085,0.4643883,3.8352,1.0000000,1.0000,[],42
45.3280,55.8519,60.6674,0.9103075,O=C1N=C2C=CC=CC2C=NC1=Cc1ccc(N=Nc2ccccc2)c(N=Nc2ccc(Nc3ccccc3)cc2)c1,1,O=C1N=C2C=CC=CC2C=NC1=Cc1ccc(N=Nc2ccccc2)c(N=Nc2ccc(Nc3ccccc3)cc2)c1,0.9714312,481.7120,0.1838867,0.1839,0.4576234,3.9085,1.0000000,1.0000,[],42
35.5918,44.8431,-44.8431,0.0000000,O=C(CN1C(=O)C(=Cc2ccc(N(c3ccccc3)c3ccccc3)cc2)SC1=S)N1CCN(S(=O)(=O)c2ccc3ccccc3c2)CC1,1,O=C(CN1C(=O)C(=Cc2ccc(N(c3ccccc3)c3ccccc3)cc2)SC1=S)N1CCN(S(=O)(=O)c2ccc3ccccc3c2)CC1,0.0000000,0.0000,0.0000000,0.0000,0.0000000,0.0000,0.0000000,0.0000,"['C(=[O,S])[O,S]']",42
39.6265,46.5419,73.6883,0.9392988,CNC1CCN(S(=O)(=O)c2ccc(N=Nc3c(O)ccc4ccccc34)c(-c3nc4ccccc4s3)c2)CC1,1,O=S(=O)(c1ccc(N=Nc2cccc3ccccc23)c(-c2nc3ccccc3s2)c1)N1CCCCC1,0.9928005,466.5110,0.2285222,0.2285,0.5634442,2.8684,1.0000000,1.0000,[],42
57.0958,73.1544,42.6510,0.9047293,Cc1nc(NC2C=C(c3ccccc3N=Cc3cc(Cl)ccc3O)CCC2)sc1C=CC(=S)NC1C2CC3CC(C2)CC1C3,1,S=C(C=Cc1cnc(NC2C=C(c3ccccc3N=Cc3ccccc3)CCC2)s1)NC1C2CC3CC(C2)CC1C3,0.9812685,442.9804,0.1297423,0.1297,0.3518745,5.2224,1.0000000,1.0000,[],42
34.8699,36.9960,-36.9613,0.0002707,COc1cc2c(cc1OC)CN(Cc1ccccc1Cl)C(c1ccc(N(C)C)cc1)C2,1,c1ccc(CN2Cc3ccccc3CC2c2ccccc2)cc1,0.0001817,306.4862,0.4927928,0.4928,0.5777020,2.7435,1.0000000,1.0000,[],42
35.0910,43.4375,72.0177,0.9019940,O=c1[nH]c2ccc3ccccc3c2nc1-c1ccc(N=Nc2ccccc2)cc1N=C=S,1,O=c1[nH]c2ccc3ccccc3c2nc1-c1ccc(N=Nc2ccccc2)cc1,0.9652602,436.0954,0.1448885,0.1449,0.5597854,2.9010,1.0000000,1.0000,[],42
27.5917,40.8981,66.0026,0.8351615,Oc1c(C=Nc2ccccc2)cccc1C=Nc1ccc(N(c2ccccc2)c2ccc3oc4ccccc4c3c2)cc1,1,C(=Nc1ccccc1)c1cccc(C=Nc2ccc(N(c3ccccc3)c3ccc4oc5ccccc5c4c3)cc2)c1,0.8811492,421.7512,0.1983599,0.1984,0.5655795,2.8495,1.0000000,1.0000,[],42
37.3445,52.0877,63.8468,0.9057383,Cc1c(O)c(O)cc2c1c(=O)c1c(-c3ccc(N=Nc4ccc(N(C)C)cc4)cc3)ccc(O)c1n2C,1,O=c1c2ccccc2[nH]c2cccc(-c3ccc(N=Nc4ccccc4)cc3)c12,0.9679698,437.0075,0.1550186,0.1550,0.5446602,3.0380,1.0000000,1.0000,[],42
34.1975,37.7304,-2.5820,0.2745965,N#Cc1ccc(Cl)cc1Oc1nc2ccccc2[n+]([O-])c1N,1,c1ccc(Oc2c[nH+]c3ccccc3n2)cc1,0.2641056,388.8741,0.5791294,0.5791,0.5703616,2.8074,1.0000000,1.0000,[],42
50.2201,51.7971,-51.6661,0.0010232,CCC1(O)CCC2C(CCC3C4CCC(=C5[CH]CCCC5)C4CCC23)C1,1,[CH]1CCCCC1=C1CCC2C1CCC1C3CCCCC3CCC21,0.0007396,321.7331,0.5716425,0.5716,0.3841289,4.7839,1.0000000,1.0000,[],42
26.5622,38.0655,45.8491,0.6555834,O=[N+]([O-])c1cccc(C=Nc2ccc3c(c2)N=C(c2ccccc2)CN3Cc2ccccc2)c1,1,C(=Nc1ccc2c(c1)N=C(c1ccccc1)CN2Cc1ccccc1)c1ccccc1,0.6829223,408.3301,0.1931307,0.1931,0.5888212,2.6482,1.0000000,1.0000,[],42
37.9168,45.1289,5.1420,0.3927415,CCN(CC)c1ccc(C=Nc2ccc3c(c2)Oc2cc(N(CC)CC)ccc2SC3c2ccccc2)cc1,1,C(=Nc1ccc2c(c1)Oc1ccccc1SC2c1ccccc1)c1ccccc1,0.3990795,395.5561,0.1998092,0.1998,0.5059339,3.4067,1.0000000,1.0000,[],42
26.4843,30.1531,-30.0684,0.0006622,Fc1c(F)c(F)c(-c2ccc3c(ccc4ccccc43)c2)c(F)c1F,1,c1ccc(-c2ccc3c(ccc4ccccc43)c2)cc1,0.0004815,317.0692,0.1631872,0.1632,0.6417601,2.2177,1.0000000,1.0000,[],42
24.4780,28.4076,54.4756,0.6475246,Nc1c2ccccc2c(N2CCNCC2)c2ccccc12,1,c1ccc2c(N3CCNCC3)c3ccccc3cc2c1,0.6518151,406.8079,0.5305459,0.5305,0.6379985,2.2471,1.0000000,1.0000,[],42
49.1567,52.8086,-52.8086,0.0000000,c1c2c(c3N(C(=C)C(c3c3c(O)c4c(cccc4)cc31)=C)CCCCCC)cccc2,0,,0.0000000,0.0000,0.0000000,0.0000,0.0000000,0.0000,0.0000000,0.0000,None,42
25.3553,40.1893,75.8773,0.9067706,c1ccc(N=Nc2ccc(N=Nc3ccc(N=Nc4ccc(NCc5ccc6c(ccc7ccccc76)c5)cc4)cc3)cc2)cc1,1,c1ccc(N=Nc2ccc(N=Nc3ccc(N=Nc4ccc(NCc5ccc6c(ccc7ccccc76)c5)cc4)cc3)cc2)cc1,0.9733291,480.9445,0.1305652,0.1306,0.5738465,2.7770,1.0000000,1.0000,[],42
41.7381,58.3652,60.4882,0.9285423,CN(C)c1ccc2c(Nc3ccc4nc(Oc5ccc(O)cc5)sc4c3)cc(N=Nc3ccc(N=Nc4ccccc4)cc3)cc2c1,1,c1ccc(N=Nc2ccc(N=Nc3cc(Nc4ccc5nc(Oc6ccccc6)sc5c4)c4ccccc4c3)cc2)cc1,0.9944968,463.5752,0.1534698,0.1535,0.5307491,3.1673,1.0000000,1.0000,[],42
31.5718,38.7723,-34.9279,0.0300347,[N-]=[N+]=Nc1cccc(-c2cc3ccc(=O)[nH]c3nc2N)c1,1,O=c1ccc2cc(-c3ccccc3)cnc2[nH]1,0.0259689,360.6470,0.4251565,0.4252,0.5646234,2.8580,1.0000000,1.0000,[],42
24.1125,25.2298,-11.9019,0.1041238,CC1=c2cccc(N)c2=NC1=O,1,O=C1C=c2ccccc2=N1,0.0955313,544.4062,0.5248439,0.5248,0.5502191,2.9872,1.0000000,1.0000,[],42
38.6634,57.5049,55.3262,0.8814932,CCN(CC)c1ccc(C=Nc2ccc(C3=Nc4ccccc4C3=Nc3ccc(Nc4cc(=O)oc5cccc(OC)c45)cc3)cc2)cc1,1,O=c1cc(Nc2ccc(N=C3C(c4ccc(N=Cc5ccccc5)cc4)=Nc4ccccc43)cc2)c2ccccc2o1,0.9494184,488.1634,0.1183967,0.1184,0.5268651,3.2041,1.0000000,1.0000,[],42
45.7319,61.3696,-4.5933,0.4435645,C(C=Cc1cccnc1)=CN=C1C=CC(CNc2ccc(N3c4ccccc4C=Nc4ccccc43)cc2)=N1,1,C(C=Cc1cccnc1)=CN=C1C=CC(CNc2ccc(N3c4ccccc4C=Nc4ccccc43)cc2)=N1,0.4517770,522.1008,0.2304623,0.2305,0.4955029,3.5109,1.0000000,1.0000,[],42
32.4561,43.3593,72.7184,0.9068570,N#Cc1c(Nc2ccc(N=Nc3ccccc3)cc2)nc(NC2CCCC2)c(Cl)c1N,1,c1ccc(N=Nc2ccc(Nc3cccc(NC4CCCC4)n3)cc2)cc1,0.9416934,430.2048,0.3755786,0.3756,0.5677873,2.8300,1.0000000,1.0000,[],42
52.6185,73.2484,44.2410,0.9178863,CCCCN(C)c1c(C(=O)N2CCN(c3ccccc3)CC2)cnc2nc(C)cc(-c3ccc(-c4ccc(N=Nc5ccc6ccccc6n5)cc4)s3)c12,1,O=C(c1cnc2nccc(-c3ccc(-c4ccc(N=Nc5ccc6ccccc6n5)cc4)s3)c2c1)N1CCN(c2ccccc2)CC1,0.9886374,448.4890,0.1301802,0.1302,0.5050889,3.4151,1.0000000,1.0000,[],42
32.9159,40.3244,-12.3227,0.2187638,Oc1ccccc1C=Nc1c(O)c(-n2ccnc2-c2ccccc2)cc2ccccc12,1,C(=Nc1cc(-n2ccnc2-c2ccccc2)cc2ccccc12)c1ccccc1,0.2107401,385.6632,0.3682952,0.3683,0.5908754,2.6308,1.0000000,1.0000,[],42
56.8567,66.5182,-66.5182,0.0000000,O=C(C=Cc1ccccc1)OCCOc1ccc2cc(CC(C(=O)OCC3c4ccccc4-c4ccccc43)c3ccc(Nc4ccccc4)cc3)oc2c1,1,O=C(C=Cc1ccccc1)OCCOc1ccc2cc(CC(C(=O)OCC3c4ccccc4-c4ccccc43)c3ccc(Nc4ccccc4)cc3)oc2c1,0.0000000,0.0000,0.0000000,0.0000,0.0000000,0.0000,0.0000000,0.0000,"['C(=[O,S])[O,S]']",42
38.5403,47.6464,23.0836,0.5525785,CC(=O)n1c(C=Cc2nc3ccccc3s2)cc2cc(-c3cccc(N(c4ccccc4)c4ccccc4)c3)ccc21,1,C(=Cc1nc2ccccc2s1)c1cc2cc(-c3cccc(N(c4ccccc4)c4ccccc4)c3)ccc2[nH]1,0.5699943,403.0599,0.2027014,0.2027,0.5695935,2.8142,1.0000000,1.0000,[],42
38.4086,52.4935,50.1867,0.8021890,Nc1nc2ccc(NC(=O)C3COc4ccccc4O3)cc2cc1-c1ccccc1N=Nc1ccccc1,1,O=C(Nc1ccc2ncc(-c3ccccc3N=Nc3ccccc3)cc2c1)C1COc2ccccc2O1,0.8382723,417.8650,0.2610671,0.2611,0.5344569,3.1325,1.0000000,1.0000,[],42
23.2049,43.7462,75.1707,0.9290387,O=C1C(=Cc2ccc(N=Nc3ccccc3)cc2)NC(=S)N1c1ccc(N=Nc2ccccc2)c(O)c1,1,O=C1C(=Cc2ccc(N=Nc3ccccc3)cc2)NC(=S)N1c1ccc(N=Nc2ccccc2)cc1,0.9924753,453.0057,0.1613256,0.1613,0.5571216,2.9249,1.0000000,1.0000,[],42
28.6842,38.8820,43.5754,0.6441983,Cc1ccc2ncc(C=Cc3ccc(N=Nc4ccccc4)cc3)c(N)c2c1,1,C(=Cc1cnc2ccccc2c1)c1ccc(N=Nc2ccccc2)cc1,0.6544761,406.9354,0.4088997,0.4089,0.6006202,2.5490,1.0000000,1.0000,[],42
17.9402,26.0901,96.2292,0.9556201,Cc1ccc(N=Nc2ccccc2N=Nc2ccc(N(C)C)cc2)cc1,1,c1ccc(N=Nc2ccccc2N=Nc2ccccc2)cc1,0.9869930,447.0034,0.4651432,0.4651,0.6066882,2.4987,1.0000000,1.0000,[],42
45.8190,60.4755,57.6549,0.9228934,CCn1c2ccccc2c2nc(N=Nc3ccc(CCCCNc4nn(-c5ccccc5)c(=O)c5ccccc45)cc3)c(O)nc21,1,O=c1c2ccccc2c(NCCCCc2ccc(N=Nc3cnc4[nH]c5ccccc5c4n3)cc2)nn1-c1ccccc1,0.9954361,458.4669,0.1203887,0.1204,0.5383493,3.0962,1.0000000,1.0000,[],42
37.4272,51.4411,67.1425,0.9264339,COc1ccc(N=Nc2ccc(N=c3cc(N=Nc4ccccc4)c4ccccc4o3)cc2)c(C(=O)Nc2ccccc2)c1,1,O=C(Nc1ccccc1)c1ccccc1N=Nc1ccc(N=c2cc(N=Nc3ccccc3)c3ccccc3o2)cc1,0.9864539,473.4434,0.1813146,0.1813,0.5425316,3.0575,1.0000000,1.0000,[],42
50.6022,70.2795,45.8499,0.9072615,CCCCCCOc1ccc(N(c2ccc(C=C3CCN(C(=O)NC4CCCC(C)C4)CC3)cc2)c2ccc(N=Nc3ccccc3)cc2)cc1OCCCCC,1,O=C(NC1CCCCC1)N1CCC(=Cc2ccc(N(c3ccccc3)c3ccc(N=Nc4ccccc4)cc3)cc2)CC1,0.9938924,455.2867,0.0807221,0.0807,0.4492777,4.0006,1.0000000,1.0000,[],42
58.8139,79.5720,-33.0517,0.3634401,CCN(C)c1ccc(C=Nc2cccc(-c3ccc(C=CN4CC=C(C(=O)N5CC(S)CC5=O)C4)o3)c2)cc1,1,O=C1CCCN1C(=O)C1=CCN(C=Cc2ccc(-c3cccc(N=Cc4ccccc4)c3)o2)C1,0.3669311,394.0783,0.2346869,0.2347,0.4447797,4.0509,1.0000000,1.0000,[],42
40.6423,53.6871,-53.6871,0.0000000,c1c(N(c2ccccc2)c2ccc(C3(CC=C(c4ccc(N(c5ccccc5)c5ccccc5)cc4)c4ccccc4)ccc3)cc2)ccc2C(c3ccccc3-c12)=O,0,,0.0000000,0.0000,0.0000000,0.0000,0.0000000,0.0000,0.0000000,0.0000,None,42
46.4869,62.6218,55.0860,0.9195923,N#CC1(c2ccc(N(c3ccccc3)c3ccccc3)cc2)N=c2ccccc2=C1C1(C2N=CN=C2N)C(c2ccccc2)=Nc2ccccc21,1,C1=NC=NC1C1(C2=c3ccccc3=NC2c2ccc(N(c3ccccc3)c3ccccc3)cc2)C(c2ccccc2)=Nc2ccccc21,0.9825263,443.7490,0.1964821,0.1965,0.4012672,4.5656,1.0000000,1.0000,[],42
45.6641,61.1149,6.0182,0.5244770,CCCCC(=O)Nc1ccn2nc(Sc3ccc(N=Cc4ccc(N(CC)CC)cc4O)cc3)nc2c1Br,1,C(=Nc1ccc(Sc2nc3ccccn3n2)cc1)c1ccccc1,0.5423585,401.8440,0.1801743,0.1802,0.5298815,3.1755,1.0000000,1.0000,[],42
24.0494,34.0936,84.4255,0.9259300,O=[N+]([O-])c1ccc(N=Nc2ccc(Nc3cc(-c4ccccc4)nc4ccccc34)cc2)cc1,1,c1ccc(N=Nc2ccc(Nc3cc(-c4ccccc4)nc4ccccc34)cc2)cc1,0.9862288,446.3752,0.1628762,0.1629,0.6268763,2.3350,1.0000000,1.0000,[],42
32.0159,36.6836,31.6262,0.5336696,COc1cc(C=CC=Cc2ccc(N(C)C)cc2)cc(Br)c1OCc1ccccc1,1,C(C=Cc1ccc(OCc2ccccc2)cc1)=Cc1ccccc1,0.5393096,401.7107,0.3413077,0.3413,0.6332791,2.2842,1.0000000,1.0000,[],42
46.8885,58.2296,58.8553,0.9147258,CN1C(=C2C(=O)N(c3ccccc3C(=O)C=Cc3ccccc3N=O)C(=O)N(C3CCCCC3)C2=O)Sc2ccccc21,1,O=C(C=Cc1ccccc1)c1ccccc1N1C(=O)C(=C2Nc3ccccc3S2)C(=O)N(C2CCCCC2)C1=O,0.9842272,444.8796,0.1304817,0.1305,0.5238335,3.2329,1.0000000,1.0000,[],42
30.0064,36.5291,-35.8756,0.0051051,COc1cccc(N(C)c2ccc(N(c3ccccc3)c3ccc(N(C)C)cc3)cc2)c1OC,1,c1ccc(Nc2ccc(N(c3ccccc3)c3ccccc3)cc2)cc1,0.0040635,340.2668,0.2861619,0.2862,0.6198548,2.3914,1.0000000,1.0000,[],42
22.9752,24.1630,-23.9102,0.0019750,Cc1cccc(N=Cc2cccnc2)c1C,1,C(=Nc1ccccc1)c1cccnc1,0.0014528,329.0710,0.6968052,0.6968,0.6433232,2.2055,1.0000000,1.0000,[],42
23.0824,32.6823,-32.6823,0.0000000,c1cc2C3=Nc4ccccc4N=Cc3ccc2c2c1cccc2,0,,0.0000000,0.0000,0.0000000,0.0000,0.0000000,0.0000,0.0000000,0.0000,None,42
45.7484,55.9014,61.1267,0.9142813,CNC(=O)C1(C)C=CCN(C(=O)c2ccc(-c3ccc(N=Nc4ccccc4)cc3)c(F)c2)C1,1,O=C(c1ccc(-c2ccc(N=Nc3ccccc3)cc2)cc1)N1CC=CCC1,0.9502901,432.0353,0.3966493,0.3966,0.5107546,3.3593,1.0000000,1.0000,[],42
38.3882,46.6616,18.0472,0.5055370,COc1ccc(-c2ccc(C=Cc3ccc(N(c4ccccc4)c4ccccc4)cc3)[nH]2)cc1-c1ccccc1F,1,C(=Cc1ccc(-c2cccc(-c3ccccc3)c2)[nH]1)c1ccc(N(c2ccccc2)c2ccccc2)cc1,0.5180577,400.7846,0.2095887,0.2096,0.5924264,2.6176,1.0000000,1.0000,[],42
30.7566,29.3528,-29.2934,0.0004638,C=CCNC(=O)Nc1ccc2nc(NC(C)=O)sc2c1,1,c1ccc2scnc2c1,0.0003153,312.4710,0.7566881,0.7567,0.6464298,2.1815,1.0000000,1.0000,[],42
54.0580,61.3227,47.9487,0.8536831,CN(C)c1ccc(C=Nc2cc(N=Cc3ccccc3)cc(CC(=O)c3ccc(C#N)c(C#N)c3F)c2C#N)c(O)c1,1,O=C(Cc1cc(N=Cc2ccccc2)cc(N=Cc2ccccc2)c1)c1ccccc1,0.9029722,424.2195,0.2052097,0.2052,0.5035058,3.4308,1.0000000,1.0000,[],42
29.0172,42.7018,56.1003,0.7718914,COc1ccc(N=Nc2cc(C=Cc3ccc(N(c4ccccc4)c4ccccc4)cc3)ccc2-c2ccccn2)cc1,1,C(=Cc1ccc(-c2ccccn2)c(N=Nc2ccccc2)c1)c1ccc(N(c2ccccc2)c2ccccc2)cc1,0.8212515,416.5558,0.1309680,0.1310,0.5813571,2.7120,1.0000000,1.0000,[],42
31.5953,48.4264,47.6631,0.7506995,CC(C)NCc1cccc2c1ccn2-c1ccc2cc(N=Nc3ccccc3)ccc2c1,1,c1ccc(N=Nc2ccc3cc(-n4ccc5ccccc54)ccc3c2)cc1,0.7779169,413.6104,0.2820611,0.2821,0.6004338,2.5505,1.0000000,1.0000,[],42
23.8391,31.9580,85.1715,0.9150743,S=C(CN=Cc1ccc(N=Nc2ccccc2)cc1)c1ccccc1,1,S=C(CN=Cc1ccc(N=Nc2ccccc2)cc1)c1ccccc1,0.9636512,435.5858,0.2361089,0.2361,0.5983510,2.5679,1.0000000,1.0000,[],42
40.9765,51.4532,-51.4532,0.0000000,C1=CC2=NC(c3ccc4ncc(Nc5ccc6ccccc6c5)cc4c3)CN2S1,1,C1=CC2=NC(c3ccc4ncc(Nc5ccc6ccccc6c5)cc4c3)CN2S1,0.0000000,0.0000,0.0000000,0.0000,0.0000000,0.0000,0.0000000,0.0000,['[#7;!n][S;!$(S(=O)=O)]'],42
50.7192,55.9567,-55.9567,0.0000000,c12c3c(c4c(c2CC(=Cc2ccccc2)c1cc3[N+](=O)[O-])occ4)N(CC)CC,0,,0.0000000,0.0000,0.0000000,0.0000,0.0000000,0.0000,0.0000000,0.0000,None,43
23.2849,37.1421,83.3975,0.9417152,c1ccc(N=Nc2ccc(-c3cnc4ccc(N5CCCC5)cc4n3)cc2)cc1,1,c1ccc(N=Nc2ccc(-c3cnc4ccc(N5CCCC5)cc4n3)cc2)cc1,0.9766302,440.5269,0.3902946,0.3903,0.6261937,2.3405,1.0000000,1.0000,[],43
52.8433,54.1810,-54.0302,0.0011784,CCC1CN(C2c3ccccc3Sc3c(NCCCSO)cccc32)C(CC)CO1,1,c1ccc2c(c1)Sc1ccccc1C2N1CCOCC1,0.0008675,323.4666,0.3766783,0.3767,0.4288832,4.2329,1.0000000,1.0000,[],43
31.9622,39.9492,73.7617,0.8883664,C(=Cc1ccc2ccc(C=Cc3ccc(-c4ccccc4)cc3)cc2c1)c1ccc(N=Nc2ccc(N(c3ccccc3)c3ccccc3)cc2)cc1,1,C(=Cc1ccc2ccc(C=Cc3ccc(-c4ccccc4)cc3)cc2c1)c1ccc(N=Nc2ccc(N(c3ccccc3)c3ccccc3)cc2)cc1,0.9587748,434.1638,0.1044234,0.1044,0.5886692,2.6495,1.0000000,1.0000,[],43
43.5147,54.6163,61.0809,0.9038841,C(=Nc1ccc2c(c1)CN(CCCN1Cc3ccccc3-c3ccccc31)C(c1ccccc1)=C2)c1ccccn1,1,C(=Nc1ccc2c(c1)CN(CCCN1Cc3ccccc3-c3ccccc31)C(c1ccccc1)=C2)c1ccccn1,0.9582567,434.0224,0.1979541,0.1980,0.5500518,2.9887,1.0000000,1.0000,[],43
35.6150,46.9866,-46.9866,0.0000000,O=S(=O)(c1ccc2sc3cc(=NN(c4ccccc4)c4ccccc4)ccc-3nc2c1)N1CCOCC1,1,O=S(=O)(c1ccc2sc3cc(=NN(c4ccccc4)c4ccccc4)ccc-3nc2c1)N1CCOCC1,0.0000000,0.0000,0.0000000,0.0000,0.0000000,0.0000,0.0000000,0.0000,['[#7;!n][#7;!n]'],43
60.6886,76.3730,-67.6298,0.0683060,CCCCC[n+]1ccc(-c2cc(OC)nc3c2nc(N=Nc2c4ccccc4nc4ccccc24)n3Cc2ccc(SC)cc2)cc1,1,c1ccc(Cn2c(N=Nc3c4ccccc4nc4ccccc34)nc3c(-c4cc[nH+]cc4)ccnc32)cc1,0.0662729,548.7221,0.0463504,0.0464,0.5133747,3.3337,1.0000000,1.0000,[],43
29.1127,43.8927,-43.8927,0.0000000,CCN(C)c1ccc(N=Nc2ccc(N=Nc3ccccc3)c(OC(=O)c3ccc(N=Nc4ccccc4)cc3)c2)cc1,1,O=C(Oc1cc(N=Nc2ccccc2)ccc1N=Nc1ccccc1)c1ccc(N=Nc2ccccc2)cc1,0.0000000,0.0000,0.0000000,0.0000,0.0000000,0.0000,0.0000000,0.0000,"['C(=[O,S])[O,S]']",43
33.5429,45.2760,69.0156,0.8929032,CCCc1sc2nc(-c3ccccc3C)cc(C(=O)Nc3ccc(N=Nc4ccccc4)cc3)c2c1C,1,O=C(Nc1ccc(N=Nc2ccccc2)cc1)c1cc(-c2ccccc2)nc2sccc12,0.9409468,430.0580,0.2244792,0.2245,0.5876420,2.6582,1.0000000,1.0000,[],43
26.1529,33.7287,85.8400,0.9341306,Oc1cc(N=Nc2c(O)c(O)cc3ccccc23)ccc1N=Nc1ccccc1,1,c1ccc(N=Nc2ccc(N=Nc3cccc4ccccc34)cc2)cc1,0.9822949,476.3964,0.2660153,0.2660,0.5643277,2.8606,1.0000000,1.0000,[],43
45.6732,57.0046,-54.6465,0.0184228,Cc1cc(N2C(=O)CCC2C(=O)NCCc2cccs2)ccc1N(c1ccccc1)c1ccc2ccccc2c1,1,O=C(NCCc1cccs1)C1CCC(=O)N1c1ccc(N(c2ccccc2)c2ccc3ccccc3c2)cc1,0.0158680,355.1867,0.2192355,0.2192,0.5390574,3.0897,1.0000000,1.0000,[],43
28.3159,41.8734,79.2253,0.9460835,O=C1Nc2ccccc2NC1c1ccc(N=Nc2ccc(N=Nc3ccccc3)cc2)cc1O,1,O=C1Nc2ccccc2NC1c1ccc(N=Nc2ccc(N=Nc3ccccc3)cc2)cc1,0.9960006,460.0934,0.2779174,0.2779,0.5167358,3.3011,1.0000000,1.0000,[],43
26.6519,30.8885,-30.8885,0.0000000,c12c(=c3c(ccc4ccccc34)=NC2=O)cccc1,0,,0.0000000,0.0000,0.0000000,0.0000,0.0000000,0.0000,0.0000000,0.0000,None,43
23.3219,36.9450,79.7283,0.9115101,C(=Cc1ccc(N=Nc2ccc(N=Cc3ccc(N(c4ccccc4)c4ccccc4)cc3)c3ccccc23)cc1)c1ccccc1,1,C(=Cc1ccc(N=Nc2ccc(N=Cc3ccc(N(c4ccccc4)c4ccccc4)cc3)c3ccccc23)cc1)c1ccccc1,0.9893206,470.8302,0.0917708,0.0918,0.5827845,2.6997,1.0000000,1.0000,[],43
53.0310,63.2112,45.6961,0.8508379,CC[n+]1c(C=Cc2ccccc2C=Cc2cccc(C3=CC=C(c4ccccc4OC)Cc4ccccc43)c2)[nH]c2ccccc21,1,C(=Cc1ccccc1C=Cc1[nH]c2ccccc2[nH+]1)c1cccc(C2=CC=C(c3ccccc3)Cc3ccccc32)c1,0.9108741,425.2364,0.1373032,0.1373,0.5146955,3.3209,1.0000000,1.0000,[],43
32.0107,51.4600,-0.9927,0.3942757,C=CCN(Cc1ccccc1)c1ccc(C=Nc2ccc(N(C)S(=O)(=O)c3ccc(N=Cc4ccccc4O)cc3)cc2)cc1,1,O=S(=O)(Nc1ccc(N=Cc2ccc(NCc3ccccc3)cc2)cc1)c1ccc(N=Cc2ccccc2)cc1,0.4070466,395.9156,0.1143247,0.1143,0.5555171,2.9393,1.0000000,1.0000,[],43
24.7102,26.8233,-26.8037,0.0001535,O=C1CCCN1CC1c2ccccc2-c2ccccc21,1,O=C1CCCN1CC1c2ccccc2-c2ccccc21,0.0000982,299.8008,0.8126580,0.8127,0.6520730,2.1380,1.0000000,1.0000,[],43
28.3044,33.4817,-25.1995,0.0647046,COc1cc(C=Cc2nnc(-c3ccccc3)c3ccccc23)cc(OC)c1OC,1,C(=Cc1nnc(-c2ccccc2)c2ccccc12)c1ccccc1,0.0580970,369.7537,0.4296386,0.4296,0.6306528,2.3050,1.0000000,1.0000,[],43
37.1185,38.7772,71.7786,0.8637167,CCCCCCCCCCC1CSC2=NC(=O)c3ccccc3C2=N1,1,O=C1N=C2SCCN=C2c2ccccc21,0.8861735,422.2819,0.5345867,0.5346,0.5240790,3.2306,1.0000000,1.0000,[],43
39.4581,58.2161,27.7089,0.6712890,C(=Cc1ccccc1Nc1ccccc1)CC1C2CCCN2CCN1Cc1ccc(N=Nc2ccccc2)cc1,1,C(=Cc1ccccc1Nc1ccccc1)CC1C2CCCN2CCN1Cc1ccc(N=Nc2ccccc2)cc1,0.6997045,409.1841,0.2216683,0.2217,0.4937136,3.5290,1.0000000,1.0000,[],43
39.5329,44.7572,71.9018,0.9113986,C(=Cc1ccc(-c2ccc(-c3nc4ccccc4s3)c3cccnc23)o1)c1ccc(N(c2ccccc2)c2ccccc2)cc1,1,C(=Cc1ccc(-c2ccc(-c3nc4ccccc4s3)c3cccnc23)o1)c1ccc(N(c2ccccc2)c2ccccc2)cc1,0.9681036,437.0545,0.1832510,0.1833,0.5748587,2.7682,1.0000000,1.0000,[],43
40.3563,63.4683,43.9545,0.8392404,O=C1C(C(=O)c2ccccc2N=Cc2c(O)nc(Nc3ccc(N=Nc4ccccc4)cc3)nc2Nc2ccccc2)=Cc2cnccc21,1,O=C1C(C(=O)c2ccccc2N=Cc2cnc(Nc3ccc(N=Nc4ccccc4)cc3)nc2Nc2ccccc2)=Cc2cnccc21,0.9228923,426.9513,0.0580197,0.0580,0.5061539,3.4046,1.0000000,1.0000,[],43
42.5379,57.8601,59.2371,0.9148222,O=Nc1cccc2c1ccc1cccc(-c3ccc(N=Cc4cccc(C=Nc5ccncc5)c4O)cc3)c12,1,C(=Nc1ccncc1)c1cccc(C=Nc2ccc(-c3cccc4ccc5ccccc5c34)cc2)c1,0.9815487,443.1472,0.1392419,0.1392,0.5437089,3.0467,1.0000000,1.0000,[],43
18.4130,25.0367,94.1688,0.9312934,O=C(Nc1ccc(N=Nc2ccccc2)cc1)C(c1ccccc1)c1ccccc1,1,O=C(Nc1ccc(N=Nc2ccccc2)cc1)C(c1ccccc1)c1ccccc1,0.9668093,436.6081,0.3581512,0.3582,0.6599920,2.0776,1.0000000,1.0000,[],43
29.8259,39.8514,-39.8514,0.0000000,N(C)=c1cc2c(c(=NNc3ccccc3N=Nc3ccccc3)cc1)cccc2,0,,0.0000000,0.0000,0.0000000,0.0000,0.0000000,0.0000,0.0000000,0.0000,None,43
25.5385,34.8473,84.9321,0.9357765,CN(C)c1ccc(N=Nc2ccc(-c3ccc(Br)c(I)c3)cc2)cc1,1,c1ccc(N=Nc2ccc(-c3ccccc3)cc2)cc1,0.9817661,443.2782,0.2718487,0.2718,0.6119762,2.4553,1.0000000,1.0000,[],43
17.2989,25.8274,-24.6559,0.0091523,c1ccc(N=c2c3ccccc3cnc3ccccc23)cc1,1,c1ccc(N=c2c3ccccc3cnc3ccccc23)cc1,0.0073720,346.7700,0.4998179,0.4998,0.6576685,2.0953,1.0000000,1.0000,[],43
31.8350,42.1261,73.7148,0.9050071,CN(C)c1ccc(N=Nc2cc(N(c3ccccc3)c3ccccc3)cnc2C#N)c2ccccc12,1,c1ccc(N(c2ccccc2)c2cncc(N=Nc3cccc4ccccc34)c2)cc1,0.9535171,487.1991,0.2363779,0.2364,0.5676563,2.8312,1.0000000,1.0000,[],43
47.9254,60.2821,-51.1357,0.0714566,Nc1c(C=Nc2ccco2)nc(Nc2ccccc2)nc1N=Nc1ccc(N=Nc2cccc3ccccc23)cc1,1,C(=Nc1ccco1)c1cc(N=Nc2ccc(N=Nc3cccc4ccccc34)cc2)nc(Nc2ccccc2)n1,0.0670198,548.5917,0.1471368,0.1471,0.5080581,3.3858,1.0000000,1.0000,[],43
37.8358,57.9250,57.5403,0.9020722,C(=Cc1ccccc1)CSc1nc(=Nc2ccc(N=Cc3ccc(Oc4ccccc4)cc3)cc2)cc2nc(-c3ccccc3)c3ccccc3n12,1,C(=Cc1ccccc1)CSc1nc(=Nc2ccc(N=Cc3ccc(Oc4ccccc4)cc3)cc2)cc2nc(-c3ccccc3)c3ccccc3n12,0.9929643,466.2593,0.0619671,0.0620,0.5241736,3.2297,1.0000000,1.0000,[],43
35.8800,41.1644,-40.8798,0.0022238,CC(=O)Nc1ccc2c(-c3ccccc3)c(-c3ccccc3O)c(-c3ccccc3)c(-c3ccccc3)c2c1,1,c1ccc(-c2c(-c3ccccc3)c(-c3ccccc3)c3ccccc3c2-c2ccccc2)cc1,0.0017017,330.7903,0.2453375,0.2453,0.6358415,2.2640,1.0000000,1.0000,[],43
41.2584,50.3449,46.5219,0.7567714,N#CC(C#N)=c1cc2c3c(c1)N(c1ccc(N(c4ccccc4)c4ccccc4)cc1)c1ccccc1OC=3CCC2,1,C=c1cc2c3c(c1)N(c1ccc(N(c4ccccc4)c4ccccc4)cc1)c1ccccc1OC=3CCC2,0.7913694,505.5250,0.2332917,0.2333,0.5288958,3.1848,1.0000000,1.0000,[],43
25.7881,34.3871,-33.7272,0.0051548,CN(C)c1ccc(C=CC2CCCN2C(=S)Nc2ccccc2)cc1,1,S=C(Nc1ccccc1)N1CCCC1C=Cc1ccccc1,0.0039791,340.0378,0.8094615,0.8095,0.5737654,2.7777,1.0000000,1.0000,[],43
37.8092,49.6811,14.2068,0.4991240,COc1cc(N=NC2C(=O)N(C)c3ccccc32)ccc1OCc1cccc(-c2ccccc2)c1,1,O=C1Nc2ccccc2C1N=Nc1ccc(OCc2cccc(-c3ccccc3)c2)cc1,0.5069625,400.3024,0.2850891,0.2851,0.5515677,2.9750,1.0000000,1.0000,[],43
28.4757,47.8473,-6.0623,0.3264455,C(=Nc1ccc(-c2ccc3c(-c4ccccc4N=Cc4ccc(N(c5ccccc5)c5ccccc5)cc4)cccc3c2)cc1)c1ccc(N(c2ccccc2)c2ccccc2)cc1,1,C(=Nc1ccc(-c2ccc3c(-c4ccccc4N=Cc4ccc(N(c5ccccc5)c5ccccc5)cc4)cccc3c2)cc1)c1ccc(N(c2ccccc2)c2ccccc2)cc1,0.3337937,392.4967,0.1149898,0.1150,0.5424182,3.0586,1.0000000,1.0000,[],43
31.6035,35.7444,-35.2883,0.0035636,CCCCCCCc1nc(Nc2ccccc2)c2c(n1)sc1ccc(OC)cc12,1,c1ccc(Nc2ncnc3sc4ccccc4c23)cc1,0.0027781,336.1237,0.3014139,0.3014,0.6277724,2.3279,1.0000000,1.0000,[],43
26.4339,39.5585,80.9536,0.9415005,CCn1c(-c2c[nH]c3ccccc23)c(N=Nc2ccc(N=Nc3ccccc3)cc2)c2ccccc21,1,c1ccc(N=Nc2ccc(N=Nc3c(-c4c[nH]c5ccccc45)[nH]c4ccccc34)cc2)cc1,0.9939928,464.5322,0.2363865,0.2364,0.5687078,2.8219,1.0000000,1.0000,[],43
45.0897,54.8220,62.8159,0.9190462,Oc1c(C=Nc2ccc(N=Nc3cc4ccccc4c4ccccc34)cc2)c(-c2[nH]c3ccccc3c2-c2ccccc2)cc2ccccc12,1,C(=Nc1ccc(N=Nc2cc3ccccc3c3ccccc23)cc1)c1cc2ccccc2cc1-c1[nH]c2ccccc2c1-c1ccccc1,0.9952600,458.0540,0.1056980,0.1057,0.5355265,3.1225,1.0000000,1.0000,[],43
39.8821,49.9764,-32.0244,0.1402507,CC(Cc1cccc2occc12)N(C)C(=O)C=Cc1ccc(N(c2ccccc2)c2ccccc2)cc1,1,O=C(C=Cc1ccc(N(c2ccccc2)c2ccccc2)cc1)NCCc1cccc2occc12,0.1345870,379.7945,0.2084966,0.2085,0.5482188,3.0054,1.0000000,1.0000,[],43
24.0196,26.0408,-25.2863,0.0058941,O=Cc1nc2ccccc2c(-c2ccccc2)c1Cl,1,c1ccc(-c2ccnc3ccccc23)cc1,0.0046031,341.6264,0.6455765,0.6456,0.6471779,2.1757,1.0000000,1.0000,[],43
41.1565,56.3791,-56.3791,0.0000000,[C@@]1(N(C2=C(C(=O)C=1c1ccc(cc1)N(C)C)C(c1ccccc12)=O)c1cccc(c1)[N+](=O)[O-])=S,0,,0.0000000,0.0000,0.0000000,0.0000,0.0000000,0.0000,0.0000000,0.0000,None,43
24.8292,41.4385,77.4927,0.9291499,Nc1cc(N=Nc2ccccc2)ccc1N=Nc1ccc2nc(-c3ccccc3)ccc2c1,1,c1ccc(N=Nc2ccc(N=Nc3ccc4nc(-c5ccccc5)ccc4c3)cc2)cc1,0.9811294,477.1015,0.2251914,0.2252,0.5867628,2.6657,1.0000000,1.0000,[],43
17.3097,24.8871,3.2293,0.2196597,C(=Nc1ccccc1)=Nc1ccc(N=Nc2ccccc2)cc1,1,C(=Nc1ccccc1)=Nc1ccc(N=Nc2ccccc2)cc1,0.2108518,385.6705,0.4041859,0.4042,0.6147788,2.4325,1.0000000,1.0000,[],43
35.0751,34.9794,9.0442,0.3439342,O=C(Nc1ccc2c(c1)C(=O)c1ccccc1-2)C(=O)N1CCN(c2ncccc2Cl)CC1,1,O=C(Nc1ccc2c(c1)C(=O)c1ccccc1-2)C(=O)N1CCN(c2ccccn2)CC1,0.3360815,392.6082,0.4778999,0.4779,0.6289939,2.3182,1.0000000,1.0000,[],43
45.7711,53.1598,57.1341,0.8616712,O=Cc1cc2c(O)[n+](-c3ccccc3)c3ccccc3c2cc1Oc1c2ccccc2cc2ccccc12,1,c1ccc(-[n+]2cc3ccc(Oc4c5ccccc5cc5ccccc45)cc3c3ccccc32)cc1,0.9259360,427.4243,0.1176404,0.1176,0.5605912,2.8938,1.0000000,1.0000,[],43
38.5635,35.1325,-30.7255,0.0344292,O=C(NCCO)c1cccc(-n2c(=S)[nH]c3ccc(Br)cc3c2=O)c1,1,O=c1c2ccccc2[nH]c(=S)n1-c1ccccc1,0.0296380,362.1229,0.5665821,0.5666,0.6361665,2.2615,1.0000000,1.0000,[],43
36.8258,46.2807,-46.2807,0.0000000,n12c(nc3c(c1=NC(C=2c1ccc2ccccc2c1)=O)cccc3)-c1ccc2OCC(Nc2c1)=O,0,,0.0000000,0.0000,0.0000000,0.0000,0.0000000,0.0000,0.0000000,0.0000,None,43
62.0444,70.0003,48.3629,0.9247126,c1ccc(C(=Nc2ncc3c(n2)-c2c4c(cc5cccc-3c25)N(c2ccccc2)c2ccccc2S4)N=C2c3ccccc3-c3c2ccc2ccccc32)cc1,1,c1ccc(C(=Nc2ncc3c(n2)-c2c4c(cc5cccc-3c25)N(c2ccccc2)c2ccccc2S4)N=C2c3ccccc3-c3c2ccc2ccccc32)cc1,0.9960328,460.0051,0.1340897,0.1341,0.4911873,3.5546,1.0000000,1.0000,[],43
26.3438,34.7917,36.7375,0.5588216,CC1(C)c2ccccc2-c2ccc(-c3cc(-c4ccc(N(c5ccccc5)c5ccccc5)cc4)nc4cc(N(c5ccccc5)c5ccccc5)ccc34)cc21,1,c1ccc(N(c2ccccc2)c2ccc(-c3cc(-c4ccc5c(c4)Cc4ccccc4-5)c4ccc(N(c5ccccc5)c5ccccc5)cc4n3)cc2)cc1,0.5817488,403.5825,0.1551059,0.1551,0.5659533,2.8462,1.0000000,1.0000,[],43
34.6486,38.3809,-38.3809,0.0000000,c12cc(ccc2oc(N/N=C/c2cccc(c2)OCC)cc1)=O,0,,0.0000000,0.0000,0.0000000,0.0000,0.0000000,0.0000,0.0000000,0.0000,None,43
34.9160,54.3001,33.7480,0.6878759,CCCCCCc1c(-c2ccc3c(c2)-c2ccccc2C3=Nc2ccccc2)sc(C=Cc2cccs2)c1C=Cc1ccccc1,1,C(=Cc1cc(-c2ccc3c(c2)-c2ccccc2C3=Nc2ccccc2)sc1C=Cc1cccs1)c1ccccc1,0.7297119,410.7831,0.1259792,0.1260,0.5313313,3.1618,1.0000000,1.0000,[],43
39.9568,55.9295,63.1530,0.9303318,C=Cc1cc2c(n1-c1cc(N=Cc3ccc(N=O)cc3)ccc1N=Nc1ccccc1)CCC2,1,C(=Nc1ccc(N=Nc2ccccc2)c(-n2ccc3c2CCC3)c1)c1ccccc1,0.9959288,460.2873,0.1605575,0.1606,0.5100375,3.3664,1.0000000,1.0000,[],43
31.2909,42.3748,71.7666,0.8917291,CCOc1ccc(C=Nc2cccc([N+](=O)[O-])c2C)cc1OS(=O)(=O)c1ccc(N=Nc2ccccc2)cc1,1,O=S(=O)(Oc1cccc(C=Nc2ccccc2)c1)c1ccc(N=Nc2ccccc2)cc1,0.9764149,440.4249,0.0679409,0.0679,0.5699214,2.8113,1.0000000,1.0000,[],43
27.9590,47.5120,-47.5120,0.0000000,CCCCCCOc1ccc(C#Cc2ccc(C=Cc3ccc(N=Cc4ccc(N=Nc5ccccc5)cc4)cc3)cc2)cn1,1,C(#Cc1cccnc1)c1ccc(C=Cc2ccc(N=Cc3ccc(N=Nc4ccccc4)cc3)cc2)cc1,0.0000000,0.0000,0.0000000,0.0000,0.0000000,0.0000,0.0000000,0.0000,['C#C'],43
26.6094,30.8253,-30.4875,0.0026386,c1ccc(-c2ccc(N(c3ccccc3)c3ccc(C4CCCCC4c4ccccc4)cc3)cc2)cc1,1,c1ccc(-c2ccc(N(c3ccccc3)c3ccc(C4CCCCC4c4ccccc4)cc3)cc2)cc1,0.0020442,332.7851,0.2340439,0.2340,0.5823508,2.7034,1.0000000,1.0000,[],43
36.6794,43.9289,-34.1109,0.0767027,C1=CC(Nc2ncnc3ccccc23)C(c2cccc3nonc23)N=C1,1,C1=CC(Nc2ncnc3ccccc23)C(c2cccc3nonc23)N=C1,0.0691235,371.7683,0.6141604,0.6142,0.4741284,3.7314,1.0000000,1.0000,[],43
33.0421,39.7092,-39.7092,0.0000000,C(c1c(cccn1CCc1ccccc1)=NCc1ccccc1)=Nc1ccccc1,0,,0.0000000,0.0000,0.0000000,0.0000,0.0000000,0.0000,0.0000000,0.0000,None,43
36.5045,55.5396,38.1976,0.7323217,O=S(=Nc1ccc2ccc(-c3ccc4ncccc4n3)cc2c1)(c1ccccc1)c1ccc(N=Nc2ccccc2)cc1,1,O=S(=Nc1ccc2ccc(-c3ccc4ncccc4n3)cc2c1)(c1ccccc1)c1ccc(N=Nc2ccccc2)cc1,0.7706307,413.1578,0.1850594,0.1851,0.5115974,3.3511,1.0000000,1.0000,[],43
29.1365,38.5135,76.2046,0.8962353,O=C(Nc1ccccc1)c1c(N=Nc2ccccc2)cccc1N=Nc1cccc(O)c1,1,O=C(Nc1ccccc1)c1c(N=Nc2ccccc2)cccc1N=Nc1ccccc1,0.9343973,428.8402,0.3154883,0.3155,0.5920784,2.6206,1.0000000,1.0000,[],43
45.3333,61.0042,59.0204,0.9376921,O=C(N=c1ccccc2nc(Nc3ccccc3)nnc12)c1ccc2cc(-[n+]3ccccc3)ccc2n1,1,O=C(N=c1ccccc2nc(Nc3ccccc3)nnc12)c1ccc2cc(-[n+]3ccccc3)ccc2n1,0.9765487,440.4882,0.3757596,0.3758,0.5372638,3.1063,1.0000000,1.0000,[],43
53.9723,74.0679,43.1981,0.9161402,CCN(CC)c1ccc(C=C2c3cccn3C(=O)CN2c2ccc3ccc(N=Nc4ccc(N(C)C)cc4)cc3c2C#N)o1,1,O=C1CN(c2ccc3ccc(N=Nc4ccccc4)cc3c2)C(=Cc2ccco2)c2cccn21,0.9788726,478.3530,0.1714359,0.1714,0.4869128,3.5984,1.0000000,1.0000,[],43
28.7019,38.8959,-26.1865,0.0992920,CN(c1ccccc1)c1ccc(-n2c3ccccc3c3cc(-c4ccc(C=Cc5ccc(N(c6ccccc6)c6ccccc6)cc5)cc4)ccc32)cc1,1,C(=Cc1ccc(N(c2ccccc2)c2ccccc2)cc1)c1ccc(-c2ccc3c(c2)c2ccccc2n3-c2ccc(Nc3ccccc3)cc2)cc1,0.0946344,375.4806,0.1394564,0.1395,0.5844346,2.6856,1.0000000,1.0000,[],43
33.3182,38.9983,73.5516,0.8792963,Cn1c2cc3ccccc3cc2[n+]2cc(N)c3ccccc3c12,1,c1ccc2cc3c(cc2c1)[nH]c1c2ccccc2cc[n+]31,0.9074605,424.7875,0.4335348,0.4335,0.5680797,2.8275,1.0000000,1.0000,[],43
57.0769,79.1157,-72.2750,0.0534433,COc1ccc(NC(=O)COc2ccc3oc4ccccc4c3c2N=Cc2cccc(N=Cc3ccc(N=Cc4ccccc4)cc3)n2)c(Oc2ccccc2)c1,1,O=C(COc1ccc2oc3ccccc3c2c1N=Cc1cccc(N=Cc2ccc(N=Cc3ccccc3)cc2)n1)Nc1ccccc1Oc1ccccc1,0.0497265,367.9685,0.1171887,0.1172,0.5051613,3.4144,1.0000000,1.0000,[],43
35.3741,36.3239,85.8416,0.9544173,CCN(CC)CCCNC(=S)Nc1ccc2cc(=O)[nH]nc2c1,1,O=c1cc2ccccc2n[nH]1,0.9814931,443.1138,0.5311882,0.5312,0.6086954,2.4822,1.0000000,1.0000,[],44
35.7490,42.1556,50.1325,0.7210009,Oc1ccc2oc3ccccc3c2c1C=Cc1ccc2c(c1)Sc1ccccc1N2c1ccccc1,1,C(=Cc1cccc2oc3ccccc3c12)c1ccc2c(c1)Sc1ccccc1N2c1ccccc1,0.7484904,411.8408,0.2539964,0.2540,0.5830472,2.6974,1.0000000,1.0000,[],44
31.6471,34.9654,-33.9184,0.0081797,CCCCCCCCC1=CCCCC1=CC=Nc1ccccc1,1,C1=CC(=CC=Nc2ccccc2)CCC1,0.0066498,345.6427,0.3382902,0.3383,0.5747014,2.7695,1.0000000,1.0000,[],44
51.5536,61.9090,57.0444,0.9293228,CCOc1cc(Br)cc(C=Nc2c3cc(S(C)(=O)=O)ccc3c(N)c3c(C#N)c[nH]c(=O)c23)c1O,1,O=c1[nH]ccc2cc3ccccc3c(N=Cc3ccccc3)c12,0.9892015,449.0481,0.1895126,0.1895,0.5198109,3.2715,1.0000000,1.0000,[],44
54.0266,78.6830,-61.1281,0.1371474,CC1(C=Cc2ccccc2)C(c2ccc(N=Cc3ccc(N(c4ccccc4)c4ccccc4)cc3)cc2)C(N=Cc2ccccc2N=Cc2ccc3ccccc3c2)C(=Nc2ccccc2)N1c1ccccc1,1,C(=CC1C(c2ccc(N=Cc3ccc(N(c4ccccc4)c4ccccc4)cc3)cc2)C(N=Cc2ccccc2N=Cc2ccc3ccccc3c2)C(=Nc2ccccc2)N1c1ccccc1)c1ccccc1,0.1355468,379.8837,0.1019963,0.1020,0.3734769,4.9245,1.0000000,1.0000,[],44
35.6124,36.8431,-3.7566,0.2584880,O=C1CCNc2cc(-c3ccc4ccncc4n3)ccc21,1,O=C1CCNc2cc(-c3ccc4ccncc4n3)ccc21,0.2455871,387.8149,0.7400502,0.7401,0.6072515,2.4941,1.0000000,1.0000,[],44
39.8951,42.7736,-42.4771,0.0023164,c1ccc(-c2cnc(-c3ccccn3)c(-c3ccc(-c4cnccn4)cc3-c3ccccn3)n2)cc1,1,c1ccc(-c2cnc(-c3ccccn3)c(-c3ccc(-c4cnccn4)cc3-c3ccccn3)n2)cc1,0.0017685,331.2096,0.2941082,0.2941,0.5968367,2.5806,1.0000000,1.0000,[],44
28.0141,35.5833,-35.5833,0.0000000,C=CCN(c1ccccc1)c1ccc(C=NNc2nc3ccccc3nc2-c2ccccc2)cc1,1,C(=NNc1nc2ccccc2nc1-c1ccccc1)c1ccc(Nc2ccccc2)cc1,0.0000000,0.0000,0.0000000,0.0000,0.0000000,0.0000,0.0000000,0.0000,['[#7;!n][#7;!n]'],44
19.1153,35.6969,84.8901,0.9420861,c1ccc(N=Nc2c(N=Nc3ccc(-c4cccs4)cc3)ccc3ccccc23)cc1,1,c1ccc(N=Nc2c(N=Nc3ccc(-c4cccs4)cc3)ccc3ccccc23)cc1,0.9911975,468.7112,0.2552291,0.2552,0.5977597,2.5728,1.0000000,1.0000,[],44
47.5219,61.5229,-61.5229,0.0000000,C(#Cc1ccc2c(-c3cc(Nc4ccccc4)cc(N=Nc4ccccc4)c3-c3ccc(N=Nc4ccc(N=Nc5ccccc5)cc4)cc3)cc3ccccc3c2c1)c1ccccc1,1,C(#Cc1ccc2c(-c3cc(Nc4ccccc4)cc(N=Nc4ccccc4)c3-c3ccc(N=Nc4ccc(N=Nc5ccccc5)cc4)cc3)cc3ccccc3c2c1)c1ccccc1,0.0000000,0.0000,0.0000000,0.0000,0.0000000,0.0000,0.0000000,0.0000,['C#C'],44
31.9890,43.1654,75.9626,0.9306870,COc1cc2c(Nc3c(O)cccc3F)cc(C)nc2cc1N=Nc1ccccc1,1,c1ccc(N=Nc2ccc3c(Nc4ccccc4)ccnc3c2)cc1,0.9746708,439.6309,0.2927735,0.2928,0.5883446,2.6522,1.0000000,1.0000,[],44
24.9519,26.1935,-25.4359,0.0059187,C1=CC(N=Cc2cnccn2)C=C1,1,C1=CC(N=Cc2cnccn2)C=C1,0.0046553,341.7494,0.6304905,0.6305,0.4832371,3.6362,1.0000000,1.0000,[],44
38.1651,50.4526,-48.8399,0.0125994,Cc1c(Br)c2ccc(Nc3nc(-c4ccccc4)nc(-c4ccccc4)n3)cc2oc1=N,1,N=c1ccc2ccc(Nc3nc(-c4ccccc4)nc(-c4ccccc4)n3)cc2o1,0.0104946,350.6387,0.3151371,0.3151,0.5939240,2.6050,1.0000000,1.0000,[],44
37.2492,56.1016,50.3096,0.8313376,CN(C)c1ccc(C=Cc2ccc(C=Cc3ccc(N(c4ccccc4)c4ccccc4)cc3)cc2)c(N=Nc2ccc(N(C)S(=O)(=O)c3ccc(N=Nc4ccccc4)cc3)cc2)c1,1,O=S(=O)(Nc1ccc(N=Nc2ccccc2C=Cc2ccc(C=Cc3ccc(N(c4ccccc4)c4ccccc4)cc3)cc2)cc1)c1ccc(N=Nc2ccccc2)cc1,0.9061772,495.3774,0.0757423,0.0757,0.5037791,3.4281,1.0000000,1.0000,[],44
12.2705,28.4935,92.2078,0.9429795,c1ccc(N=Nc2ccc(N=Nc3ccc(-c4ccc(N=Nc5ccccc5)cc4)cc3)cc2)cc1,1,c1ccc(N=Nc2ccc(N=Nc3ccc(-c4ccc(N=Nc5ccccc5)cc4)cc3)cc2)cc1,0.9956604,460.9835,0.2139278,0.2139,0.6598257,2.0789,1.0000000,1.0000,[],44
15.0698,26.2390,5.3207,0.2465606,C(=Nc1ccc(Nc2ccccc2)cc1)c1ccc(N(c2ccccc2)c2ccccc2)cc1,1,C(=Nc1ccc(Nc2ccccc2)cc1)c1ccc(N(c2ccccc2)c2ccccc2)cc1,0.2412297,387.5580,0.2569453,0.2569,0.6545766,2.1188,1.0000000,1.0000,[],44
35.7181,41.8993,-41.8993,0.0000000,c1ccc2c3n(cc2)c2c(cccc2)c3c1-c1c2ccccc2c(-c2ccc(N(c3ccccc3)c3ccccc3)cc2)c2c1nccc2,0,,0.0000000,0.0000,0.0000000,0.0000,0.0000000,0.0000,0.0000000,0.0000,None,44
44.0098,59.0441,56.0441,0.8991265,Cn1c(=Nc2ccc(N3C(=O)c4ccccc4C3=C(C#N)C#N)c(N=Nc3ccccc3[N+](=O)[O-])c2)c2ccccc2c2ccccc21,1,C=C1c2ccccc2C(=O)N1c1ccc(N=c2[nH]c3ccccc3c3ccccc23)cc1N=Nc1ccccc1,0.9907266,450.7179,0.0619046,0.0619,0.4961904,3.5040,1.0000000,1.0000,[],44
52.9332,55.1735,-46.7146,0.0660851,Cc1sc(C#N)nc1-c1cc2c(O)cccc2c(N=S(C)(=O)c2ccccc2)n1,1,O=[SH](=Nc1nc(-c2cscn2)cc2ccccc12)c1ccccc1,0.0594460,370.0185,0.5008663,0.5009,0.4839441,3.6289,1.0000000,1.0000,[],44
37.2807,41.1440,-41.1440,0.0000000,c12ccccc2c2N(CCc2c1C(=O)c1ccc(cc1)N=[N+]=[N-])C,0,,0.0000000,0.0000,0.0000000,0.0000,0.0000000,0.0000,0.0000000,0.0000,None,44
48.5392,64.4753,52.3252,0.9125039,C(=Cc1ccc(Oc2cc(Cc3ccc(N=Nc4ccccc4)cc3)nn2-c2ncccn2)cc1)c1ccc(N=Nc2ccc(N=Nc3ccccc3)cc2)cc1,1,C(=Cc1ccc(Oc2cc(Cc3ccc(N=Nc4ccccc4)cc3)nn2-c2ncccn2)cc1)c1ccc(N=Nc2ccc(N=Nc3ccccc3)cc2)cc1,0.9955359,461.2920,0.0860060,0.0860,0.5037779,3.4281,1.0000000,1.0000,[],44
32.0400,38.2088,-38.2088,0.0000000,O=C1OCC(=Cc2c(F)cccc2Nc2ccccc2)C1=O,1,O=C1OCC(=Cc2ccccc2Nc2ccccc2)C1=O,0.0000000,0.0000,0.0000000,0.0000,0.0000000,0.0000,0.0000000,0.0000,"['C(=[O,S])[O,S]']",44
36.2478,42.8825,-41.4308,0.0113415,Nc1ccccc1N(c1ccccc1)c1ccc2oc3ccccc3c2c1-c1ccc2c3ccccc3n(-c3ccccc3)c2c1,1,c1ccc(N(c2ccccc2)c2ccc3oc4ccccc4c3c2-c2ccc3c4ccccc4n(-c4ccccc4)c3c2)cc1,0.0095341,349.5860,0.2025660,0.2026,0.5727065,2.7869,1.0000000,1.0000,[],44
31.9406,34.4270,-34.0848,0.0026731,[C-]#[N+]c1ccc2c(c1)c1ccccc1n2C1CCCc2ccccc21,1,c1ccc2c(c1)CCCC2n1c2ccccc2c2ccccc21,0.0020453,332.7909,0.3652513,0.3653,0.5579051,2.9178,1.0000000,1.0000,[],44
23.9562,27.0698,-27.0629,0.0000540,O=C(NCc1cccc2ccccc12)c1c[nH]c2ccccc12,1,O=C(NCc1cccc2ccccc12)c1c[nH]c2ccccc12,0.0000330,287.9634,0.5834410,0.5834,0.6990297,1.7903,1.0000000,1.0000,[],44
70.3392,83.4763,-75.4500,0.0627057,CSc1c(-c2ccc(NC(C)=O)cc2)c(=O)n(-c2ccccc2)c2c1=C(c1ccc(N(C)C)cc1)CCC1=CC=C(Sc3nccn3C)C=21,1,O=c1c(-c2ccccc2)cc2c(n1-c1ccccc1)=C1C(=CC=C1Sc1ncc[nH]1)CCC=2c1ccccc1,0.0580633,550.2530,0.1828057,0.1828,0.4864550,3.6031,1.0000000,1.0000,[],44
20.4542,24.8281,91.2385,0.9067704,c1ccc(N=Nc2ccc(NC3CCCC3)cc2)cc1,1,c1ccc(N=Nc2ccc(NC3CCCC3)cc2)cc1,0.9189363,426.3615,0.7323829,0.7324,0.6632870,2.0527,1.0000000,1.0000,[],44
30.2001,31.1270,-30.1003,0.0080209,CN(Cc1ccccc1)c1cc(=O)[nH]c2cc(Cl)ccc12,1,O=c1cc(NCc2ccccc2)c2ccccc2[nH]1,0.0063228,345.0916,0.7977958,0.7978,0.6532370,2.1291,1.0000000,1.0000,[],44
26.5846,25.0596,-24.8421,0.0016990,CSc1ccc(NC(=S)Nc2ccc(F)cc2)cc1,1,S=C(Nc1ccccc1)Nc1ccccc1,0.0012404,327.3524,0.6483003,0.6483,0.7057535,1.7424,1.0000000,1.0000,[],44
12.9054,29.8267,88.8198,0.9269259,C(=Nc1ccc(N=Nc2ccc(N=Nc3ccccc3)cc2)cc1)c1ccc(N=Nc2ccccc2)cc1,1,C(=Nc1ccc(N=Nc2ccc(N=Nc3ccccc3)cc2)cc1)c1ccc(N=Nc2ccccc2)cc1,0.9901803,469.9096,0.1519815,0.1520,0.6069295,2.4967,1.0000000,1.0000,[],44
44.1609,61.0918,42.2187,0.8071136,N#Cc1c(O)cc2c3ccccc3c3cc(N=Nc4ccc(N=Nc5ccccc5)cc4)c4ccc(N=Nc5ccccc5)cc4c3c2c1N,1,c1ccc(N=Nc2ccc(N=Nc3cc4c5ccccc5c5ccccc5c4c4cc(N=Nc5ccccc5)ccc34)cc2)cc1,0.8691576,499.4413,0.1052508,0.1053,0.5084139,3.3823,1.0000000,1.0000,[],44
37.8365,51.5265,65.0519,0.9107684,COc1ccc(-c2nc3ccc(-c4ccccc4)cc3o2)cc1NC(=O)Nc1cccc(N=Nc2ccc(N(C)C)cc2)c1,1,O=C(Nc1cccc(N=Nc2ccccc2)c1)Nc1cccc(-c2nc3ccc(-c4ccccc4)cc3o2)c1,0.9687428,437.2815,0.1740610,0.1741,0.5813560,2.7120,1.0000000,1.0000,[],44
38.3341,40.5063,-40.5063,0.0000000,CNC(=S)N(N=Cc1ccc(C)cc1C)c1ccc2ccccc2c1,1,C(=NNc1ccc2ccccc2c1)c1ccccc1,0.0000000,0.0000,0.0000000,0.0000,0.0000000,0.0000,0.0000000,0.0000,['[#7;!n][#7;!n]'],44
25.4082,36.5290,62.8808,0.7766391,Cn1c(=NCC(=O)Nc2ccc(N=Nc3ccccc3)cc2)c2ccccc2c2ccccc21,1,O=C(CN=c1[nH]c2ccccc2c2ccccc12)Nc1ccc(N=Nc2ccccc2)cc1,0.8096260,415.7169,0.2507194,0.2507,0.5870430,2.6633,1.0000000,1.0000,[],44
28.9008,52.0589,-52.0589,0.0000000,CCCn1c(NN=Cc2ccc(N(c3ccccc3)c3ccccc3)cc2)nc2cc(C=Nc3ccccc3)ccc2c1=O,1,O=c1[nH]c(NN=Cc2ccc(N(c3ccccc3)c3ccccc3)cc2)nc2cc(C=Nc3ccccc3)ccc12,0.0000000,0.0000,0.0000000,0.0000,0.0000000,0.0000,0.0000000,0.0000,['[#7;!n][#7;!n]'],44
51.5417,78.0457,-72.8410,0.0406613,NC1=C2C(=C(N)c3c2nc2ccccc2c3Nc2ccc(N=Nc3ccccc3)cc2)N=C(NC2CCCCC2N2CCCC2)C1=O,1,O=C1C=C2C(=Cc3c2nc2ccccc2c3Nc2ccc(N=Nc3ccccc3)cc2)N=C1NC1CCCCC1N1CCCC1,0.0369452,555.4023,0.1752247,0.1752,0.4312036,4.2059,1.0000000,1.0000,[],44
36.4331,42.6660,-42.5968,0.0005406,COc1ccc(C2=CC3(OCC2COCc2ccccc2)C(=O)N(c2ccccc2)c2ccccc23)cc1,1,O=C1N(c2ccccc2)c2ccccc2C12C=C(c1ccccc1)C(COCc1ccccc1)CO2,0.0003848,314.6342,0.2882788,0.2883,0.4554109,3.9328,1.0000000,1.0000,[],44
33.7437,44.6711,72.8721,0.9183058,CN(C)c1ccc(C=CC(=O)Nc2cccc(Oc3ccc(NC(=O)c4ccc(N=Nc5ccc(N(C)C)cc5)cc4)cc3)c2)cc1,1,O=C(C=Cc1ccccc1)Nc1cccc(Oc2ccc(NC(=O)c3ccc(N=Nc4ccccc4)cc3)cc2)c1,0.9906080,450.5786,0.1129414,0.1129,0.5817696,2.7084,1.0000000,1.0000,[],44
28.1287,36.1063,-36.1063,0.0000000,NSc1c(N)[nH]c2c(N=Nc3ccccc3)cccc12,1,c1ccc(N=Nc2cccc3cc[nH]c23)cc1,0.0000000,0.0000,0.0000000,0.0000,0.0000000,0.0000,0.0000000,0.0000,['[#7;!n][S;!$(S(=O)=O)]'],44
33.2148,38.4285,-38.4285,0.0000000,CCC[n+]1c(C#CC(CCC)(CCC)c2ccccc2)ccc2ccccc21,1,C(#Cc1ccc2ccccc2[nH+]1)Cc1ccccc1,0.0000000,0.0000,0.0000000,0.0000,0.0000000,0.0000,0.0000000,0.0000,['C#C'],44
31.1735,40.7094,-28.7999,0.0930428,Nc1ccccc1-n1c2ccccc2c2ccc(-c3ccc(N(c4ccccc4)c4ccc(C=Cc5ccccc5)cc4)cc3)cc21,1,C(=Cc1ccc(N(c2ccccc2)c2ccc(-c3ccc4c5ccccc5n(-c5ccccc5)c4c3)cc2)cc1)c1ccccc1,0.0882321,374.6436,0.1452250,0.1452,0.5940550,2.6039,1.0000000,1.0000,[],44
27.3068,32.9955,-32.9955,0.0000000,O=C1c2ccccc2C(=Nc2ccccc2)N1N=Cc1ccccc1F,1,O=C1c2ccccc2C(=Nc2ccccc2)N1N=Cc1ccccc1,0.0000000,0.0000,0.0000000,0.0000,0.0000000,0.0000,0.0000000,0.0000,['[#7;!n][#7;!n]'],44
33.9798,43.3673,74.1245,0.9179047,CC(=O)NC(C(Cc1ccccc1)Nc1ccc(N=Nc2ccccc2)cc1)P(=O)(O)O,1,c1ccc(CCNc2ccc(N=Nc3ccccc3)cc2)cc1,0.9654765,436.1657,0.2751949,0.2752,0.5072089,3.3942,1.0000000,1.0000,[],44
38.8781,32.5991,-32.0214,0.0045133,O=c1c2cc(Br)ccc2nc(C2CCCCC2)n1N=Cc1cc([N+](=O)[O-])ccc1OCc1cc(Cl)ccc1Cl,1,O=c1c2ccccc2nc(C2CCCCC2)n1N=Cc1ccccc1OCc1ccccc1,0.0036778,339.1796,0.1175636,0.1176,0.5677075,2.8307,1.0000000,1.0000,[],44
19.8094,24.0289,54.4877,0.6134106,O=c1c2ccccc2oc2ccc(N(c3ccccc3)c3ccccc3)cc12,1,O=c1c2ccccc2oc2ccc(N(c3ccccc3)c3ccccc3)cc12,0.6234496,405.4745,0.3470080,0.3470,0.6667942,2.0264,1.0000000,1.0000,[],44
34.7106,56.2559,59.2031,0.9020233,O=c1c(-c2nn[nH]n2)c(-c2ccc(N=Nc3ccccc3)cc2)c2cc(N=Nc3ccccc3)ccc2n1Cc1ccc(Cl)cc1,1,O=c1c(-c2nn[nH]n2)c(-c2ccc(N=Nc3ccccc3)cc2)c2cc(N=Nc3ccccc3)ccc2n1Cc1ccccc1,0.9611927,434.8474,0.1695649,0.1696,0.5412355,3.0695,1.0000000,1.0000,[],44
39.6423,47.1535,38.9919,0.6730109,CCN(CC)c1ccc(C2C(C#N)C(C#N)=C3SC=C(c4ccccc4)N3C2c2ccc(SC)cc2)cc1,1,C1=C2SC=C(c3ccccc3)N2C(c2ccccc2)C(c2ccccc2)C1,0.6975266,409.0718,0.2861785,0.2862,0.4436242,4.0639,1.0000000,1.0000,[],44
24.9522,36.7554,84.6947,0.9488290,FC(F)(F)c1nc(Nc2ccccc2)n(-c2ccc(N=Nc3ccccc3)cc2)n1,1,c1ccc(N=Nc2ccc(-n3ncnc3Nc3ccccc3)cc2)cc1,0.9855796,445.8679,0.3862184,0.3862,0.6008847,2.5468,1.0000000,1.0000,[],44
31.9537,39.1392,-2.4127,0.2869252,C(=Cc1nc2c(ccc3ccc(-c4ccccc4)nc32)[nH]1)c1ccc(N=Cc2ccccc2)cc1,1,C(=Cc1nc2c(ccc3ccc(-c4ccccc4)nc32)[nH]1)c1ccc(N=Cc2ccccc2)cc1,0.2829777,389.9055,0.2736305,0.2736,0.5949224,2.5966,1.0000000,1.0000,[],44
27.4685,34.4112,-33.7944,0.0048185,c1ccc(-c2nc(N3CCCCC3)c3cc(-c4ccc5ccccc5c4)ccc3n2)cc1,1,c1ccc(-c2nc(N3CCCCC3)c3cc(-c4ccc5ccccc5c4)ccc3n2)cc1,0.0038076,339.5577,0.3144022,0.3144,0.6584813,2.0891,1.0000000,1.0000,[],44
37.8517,53.1848,55.6394,0.8501894,Fc1ccc(C2CCC(=S)c3cc(C=Cc4ccc(N=Nc5ccccc5)cc4)cnc32)cc1,1,S=C1CCC(c2ccccc2)c2ncc(C=Cc3ccc(N=Nc4ccccc4)cc3)cc21,0.8969287,423.4905,0.2198819,0.2199,0.5087413,3.3791,1.0000000,1.0000,[],44
32.7296,47.1702,14.5032,0.4818234,CCCNCc1cccc(C=Nc2ccc(N=Cc3ccccc3N=Nc3ccccc3)cc2)c1O,1,C(=Nc1ccc(N=Cc2ccccc2N=Nc2ccccc2)cc1)c1ccccc1,0.4995425,399.9801,0.1392714,0.1393,0.5577115,2.9196,1.0000000,1.0000,[],44
21.1967,30.6261,-30.6261,0.0000000,O=C(NN=Cc1ccc2ccccc2c1)c1ccc(N=Nc2ccccc2)cc1,1,O=C(NN=Cc1ccc2ccccc2c1)c1ccc(N=Nc2ccccc2)cc1,0.0000000,0.0000,0.0000000,0.0000,0.0000000,0.0000,0.0000000,0.0000,['[#7;!n][#7;!n]'],44
30.9770,38.1335,57.9141,0.7503718,[N-]=[N+]=C(c1ccc2c(c1)c1ccccc1n2-c1ccccc1)c1ccc2ccccc2c1O,1,[N+]=C(c1ccc2ccccc2c1)c1ccc2c(c1)c1ccccc1n2-c1ccccc1,0.7870994,414.1963,0.1911477,0.1911,0.6030670,2.5286,1.0000000,1.0000,[],44
30.6041,31.7516,-31.7516,0.0000000,S=C(S)c1ccc2c(c1)NCCCO2,1,c1ccc2c(c1)NCCCO2,0.0000000,0.0000,0.0000000,0.0000,0.0000000,0.0000,0.0000000,0.0000,"['C(=[O,S])[O,S]']",44
26.5382,30.2825,-5.6893,0.1921347,O=c1ccccc2[nH]c3cccc(-c4ccccc4)c3c12,1,O=c1ccccc2[nH]c3cccc(-c4ccccc4)c3c12,0.1810504,383.6136,0.5482901,0.5483,0.6703462,1.9998,1.0000000,1.0000,[],44
56.7647,79.9442,-79.9442,0.0000000,C1(C)c2c(cccc2)N=C(c2cccc(c2)N=Nc2c(=O)n(-c3ccccc3)c(O)cc2N=Nc2c3ccccc3ccc2N=Cc2ccc(N(c3ccccc3)c3ccccc3)cc2)C=1N=c1ccccc1,0,,0.0000000,0.0000,0.0000000,0.0000,0.0000000,0.0000,0.0000000,0.0000,None,44
17.5905,28.0769,75.0337,0.8055515,c1ccc(N=Nc2ccc(-c3ccc(-c4ccccc4)s3)cc2)cc1,1,c1ccc(N=Nc2ccc(-c3ccc(-c4ccccc4)s3)cc2)cc1,0.8308656,417.2825,0.3436070,0.3436,0.6650608,2.0394,1.0000000,1.0000,[],44
24.0834,36.8766,83.7642,0.9425063,O=Cc1ccc(N=Nc2ccccc2)cc1Nc1cccc2ccccc12,1,c1ccc(N=Nc2cccc(Nc3cccc4ccccc34)c2)cc1,0.9840849,444.7806,0.3169766,0.3170,0.6217646,2.3760,1.0000000,1.0000,[],44
48.8031,60.6424,61.7211,0.9559645,CCCn1c(=O)cc(C)c2sc(C=Cc3c(O)c4cc(F)c(F)cc4oc3=O)cc21,1,O=c1ccc2sc(C=Cc3cc4ccccc4oc3=O)cc2[nH]1,0.9901065,450.0083,0.4614060,0.4614,0.5383593,3.0961,1.0000000,1.0000,[],44
29.4857,37.8947,82.4072,0.9398587,COc1cc(NC(=O)c2ccc(N=Nc3ccc(N(C)C)cc3)cc2)c(Cl)cc1N=Nc1ccccc1,1,O=C(Nc1ccc(N=Nc2ccccc2)cc1)c1ccc(N=Nc2ccccc2)cc1,0.9910471,451.1032,0.2397442,0.2397,0.5875272,2.6592,1.0000000,1.0000,[],44
43.6163,56.3778,-56.3778,0.0000000,Oc1ccccc1C=Nc1ccc(C=NC(=S)NN=Cc2ccc(COc3cccc(C=Nc4ccc(N=Nc5ccc6ccccc6c5O)cc4)c3)cc2)cc1,1,S=C(N=Cc1ccc(N=Cc2ccccc2)cc1)NN=Cc1ccc(COc2cccc(C=Nc3ccc(N=Nc4ccc5ccccc5c4)cc3)c2)cc1,0.0000000,0.0000,0.0000000,0.0000,0.0000000,0.0000,0.0000000,0.0000,['[#7;!n][#7;!n]'],44
39.5295,44.5191,-17.2498,0.2130416,c1ccc(C2=Nc3ccccc3C2c2cc(-c3ccc4ccccc4c3)c3nsnc3c2)cc1,1,c1ccc(C2=Nc3ccccc3C2c2cc(-c3ccc4ccccc4c3)c3nsnc3c2)cc1,0.2072870,385.4364,0.2743523,0.2744,0.5352854,3.1248,1.0000000,1.0000,[],44
30.7323,39.1222,-29.1002,0.0782976,O=c1c2ccccc2n(S(=O)(=O)c2ccc3c(S(=O)(=O)O)cccc3c2)c2ccccc12,1,O=c1c2ccccc2n(S(=O)(=O)c2ccc3ccccc3c2)c2ccccc12,0.0716826,372.1929,0.3206172,0.3206,0.6255765,2.3454,1.0000000,1.0000,[],44
23.2292,33.1691,85.0435,0.9235360,c1ccc(Cn2c(SCc3ccc(N=Nc4ccccc4)cc3)nc3ccccc32)cc1,1,c1ccc(Cn2c(SCc3ccc(N=Nc4ccccc4)cc3)nc3ccccc32)cc1,0.9776133,441.0045,0.1937038,0.1937,0.6442368,2.1984,1.0000000,1.0000,[],45
31.2468,36.0605,69.7431,0.8265906,Cc1sc(O)c2c1ccc1c3ccccc3c3ccccc3c12,1,c1ccc2c(c1)c1ccccc1c1c3cscc3ccc21,0.8562185,419.3720,0.3289806,0.3290,0.6180158,2.4062,1.0000000,1.0000,[],45
26.7923,39.3768,79.6912,0.9302185,O=C1C(=Cc2ccc(-c3ccc(N(c4ccccc4)c4ccccc4)cc3)cc2)N=C(c2nc3ccccc3s2)N1c1ccccc1,1,O=C1C(=Cc2ccc(-c3ccc(N(c4ccccc4)c4ccccc4)cc3)cc2)N=C(c2nc3ccccc3s2)N1c1ccccc1,0.9921457,467.4634,0.1658680,0.1659,0.5784586,2.7369,1.0000000,1.0000,[],45
34.9587,40.9814,77.9881,0.9294497,CCCCc1ccccc1N=Nc1ccc(NC2=CC(=O)c3ccccc3C2=O)c(C)c1,1,O=C1C=C(Nc2ccc(N=Nc3ccccc3)cc2)C(=O)c2ccccc21,0.9629849,484.6190,0.4109737,0.4110,0.5870141,2.6635,1.0000000,1.0000,[],45
20.6854,28.4935,56.8556,0.6667901,c1ccc(N=Nc2c(-c3ccccc3)c(-c3ccccc3)nc3ccccc23)cc1,1,c1ccc(N=Nc2c(-c3ccccc3)c(-c3ccccc3)nc3ccccc23)cc1,0.6851403,408.4416,0.2888777,0.2889,0.6439647,2.2006,1.0000000,1.0000,[],45
31.1382,44.4176,-40.9608,0.0270067,CN=C(N=C(N)c1c(N=Cc2ccc(OC)cc2)c2ccccc2c2ccccc12)c1ccccc1,1,N=C(N=Cc1c(N=Cc2ccccc2)c2ccccc2c2ccccc12)c1ccccc1,0.0238528,359.7006,0.1800619,0.1801,0.5718627,2.7943,1.0000000,1.0000,[],45
32.6978,42.0393,74.5713,0.9110202,CC[n+]1ccccc1C=Cc1sc(Cl)cc1-c1ccco1,1,C(=Cc1sccc1-c1ccco1)c1cccc[nH+]1,0.9331517,491.3784,0.6090545,0.6091,0.5329458,3.1467,1.0000000,1.0000,[],45
76.6820,86.6758,-86.6758,0.0000000,N1(Cc2c(ccc(n2)Nc2cc(ncc2)N)C=C)C=C[N+](=NC=CC2CCn3c(C=C2)ccc3)C=1C=C,0,,0.0000000,0.0000,0.0000000,0.0000,0.0000000,0.0000,0.0000000,0.0000,None,45
43.0072,44.1220,-43.5562,0.0044207,COc1cc(-c2ccc3[nH]c(-c4ccccc4)c(CC(=O)N4CCC(=O)CC4)c3n2)cc(OC)c1OC,1,O=C1CCN(C(=O)Cc2c(-c3ccccc3)[nH]c3ccc(-c4ccccc4)nc23)CC1,0.0034599,338.5141,0.3976849,0.3977,0.5886702,2.6494,1.0000000,1.0000,[],45
26.6314,38.3993,77.1448,0.9026886,CC(C)N(c1ccccc1)c1ccc(N=Nc2ccccc2)cc1N=Nc1ccc(N=Nc2ccccc2)cc1,1,c1ccc(N=Nc2ccc(N=Nc3cc(N=Nc4ccccc4)ccc3Nc3ccccc3)cc2)cc1,0.9599494,485.5090,0.1769398,0.1769,0.5602247,2.8971,1.0000000,1.0000,[],45
29.9298,33.8609,-33.8517,0.0000719,Cc1ccccc1Oc1c2c(nn1-c1ccccc1)-c1ccccc1C2,1,c1ccc(Oc2c3c(nn2-c2ccccc2)-c2ccccc2C3)cc1,0.0000451,291.3560,0.4314647,0.4315,0.6403348,2.2288,1.0000000,1.0000,[],45
24.7699,35.1568,83.4476,0.9265969,c1ccc(N=Nc2ccc(N3CCN(c4ccc(N=Nc5ncns5)cc4)CC3)cc2)cc1,1,c1ccc(N=Nc2ccc(N3CCN(c4ccc(N=Nc5ncns5)cc4)CC3)cc2)cc1,0.9698137,482.3280,0.3037292,0.3037,0.5663929,2.8423,1.0000000,1.0000,[],45
30.8185,49.0987,70.1065,0.9312912,C(=Nc1c(N=Nc2ccccc2)cc(N=Nc2ccccc2)c2ccsc12)c1cccc2ccccc12,1,C(=Nc1c(N=Nc2ccccc2)cc(N=Nc2ccccc2)c2ccsc12)c1cccc2ccccc12,0.9950587,462.3998,0.1629103,0.1629,0.5476945,3.0102,1.0000000,1.0000,[],45
54.9240,73.5810,-73.5810,0.0000000,N(C(=O)c1c2c(c(c([nH]2)-c2ccc3NC(C4CC=CC4=c3c2)=O)C(=O)Nc2ccc(N=Nc3ccccc3)cc2)ccc1)N,0,,0.0000000,0.0000,0.0000000,0.0000,0.0000000,0.0000,0.0000000,0.0000,None,45
31.6481,38.5156,74.5548,0.8833622,Oc1c(C(Nc2ccc(N=Nc3ccccc3)cc2)c2ccccc2)c(O)c2ccccc2c1O,1,c1ccc(N=Nc2ccc(NC(c3ccccc3)c3ccc4ccccc4c3)cc2)cc1,0.9507092,432.1320,0.1190280,0.1190,0.5447552,3.0371,1.0000000,1.0000,[],45
34.9248,43.7086,-43.7086,0.0000000,c1([N+]([O-])=O)c(=O)c2ccc(N=Nc3sccc3)cc2c(N)c1N,0,,0.0000000,0.0000,0.0000000,0.0000,0.0000000,0.0000,0.0000000,0.0000,None,45
30.9498,37.2082,82.0035,0.9313421,O=Nc1ccc(N=Nc2cc3ccccc3cc2N2CCCCC2)nc1,1,c1ccc(N=Nc2cc3ccccc3cc2N2CCCCC2)nc1,0.9648850,484.0254,0.4274051,0.4274,0.5579720,2.9172,1.0000000,1.0000,[],45
39.5778,55.5401,63.5595,0.9304660,CN(C)c1ccc(C=C2C=CC(N=Nc3ccc(CC(=Nc4ccccc4)N4CCCC4)cc3)S2)cc1,1,C1=CC(N=Nc2ccc(CC(=Nc3ccccc3)N3CCCC3)cc2)SC1=Cc1ccccc1,0.9932216,465.8520,0.1855886,0.1856,0.4704427,3.7704,1.0000000,1.0000,[],45
49.1361,62.7517,-62.7161,0.0002775,CC12C=CCN(c3ccccc3)C(=O)C1C1C=CC(C(c3ccccc3)c3ccccc3)C(=O)C1C(c1ccccc1)(c1ccccc1)O2,1,O=C1C(C(c2ccccc2)c2ccccc2)C=CC2C3C(=O)N(c4ccccc4)CC=CC3OC(c3ccccc3)(c3ccccc3)C12,0.0001942,307.2071,0.1742882,0.1743,0.4125772,4.4267,1.0000000,1.0000,[],45
24.0735,38.0221,77.0044,0.8986440,CCCCCCn1c(=O)c2cc(Cl)c(N=Nc3ccccc3)cc2c2ccccc21,1,O=c1[nH]c2ccccc2c2cc(N=Nc3ccccc3)ccc12,0.9544184,433.0237,0.1716608,0.1717,0.6162893,2.4202,1.0000000,1.0000,[],45
38.6666,43.1051,-43.1051,0.0000000,COC(=O)c1ccc(NC(=O)C(=O)NC(C)(C)C)cc1N=Nc1ccc(N=Nc2ccccc2)cc1,1,c1ccc(N=Nc2ccc(N=Nc3ccccc3)cc2)cc1,0.0000000,0.0000,0.0000000,0.0000,0.0000000,0.0000,0.0000000,0.0000,"['C(=[O,S])[O,S]']",45
24.7731,35.2771,54.3486,0.7002013,Oc1c(C=Nc2ccc(C=Cc3ccc(N=Nc4ccccc4)cc3)cc2)cccc1-c1ccccc1,1,C(=Cc1ccc(N=Nc2ccccc2)cc1)c1ccc(N=Cc2cccc(-c3ccccc3)c2)cc1,0.7390794,411.3046,0.1410305,0.1410,0.5947738,2.5979,1.0000000,1.0000,[],45
64.9283,73.7887,-73.7887,0.0000000,c1cc(ccc1)-c1c2cccccc-2c(c1-c1ccccc1)/C=C1/C=C(/C=c2/n/c(=C3/OC(=C(c4ccccc4)/C=C/c4ccccc4)C=C3)sc2=C(C#N)C#N)CC=1,0,,0.0000000,0.0000,0.0000000,0.0000,0.0000000,0.0000,0.0000000,0.0000,None,45
37.1736,40.3090,-26.1225,0.1108318,CN(C(=O)COc1ccc2ccccc2c1C=Nn1ncc2ccccc2c1=O)c1ccccc1,1,O=C(COc1ccc2ccccc2c1C=Nn1ncc2ccccc2c1=O)Nc1ccccc1,0.1031955,376.5241,0.3489472,0.3489,0.5890896,2.6459,1.0000000,1.0000,[],45
38.1147,57.2898,58.5562,0.9050461,C1=CN(c2ccccc2)Cc2c1c(N=Nc1ccccc1)nc(-c1ccc(N=Nc3ccc(N=Nc4ccccc4)c4ccccc34)cc1)c2-c1ccccc1,1,C1=CN(c2ccccc2)Cc2c1c(N=Nc1ccccc1)nc(-c1ccc(N=Nc3ccc(N=Nc4ccccc4)c4ccccc34)cc1)c2-c1ccccc1,0.9726023,481.2445,0.1387867,0.1388,0.4932733,3.5335,1.0000000,1.0000,[],45
36.5962,51.4083,-51.4083,0.0000000,CN(C)c1ccc(C=Nc2c(C#CCS(=O)(=O)c3ccccc3)cc3ccc(O)cc3[n+]2C)cc1,1,O=S(=O)(CC#Cc1cc2ccccc2[nH+]c1N=Cc1ccccc1)c1ccccc1,0.0000000,0.0000,0.0000000,0.0000,0.0000000,0.0000,0.0000000,0.0000,['C#C'],45
23.4864,34.7587,84.3713,0.9307028,C(=Cc1ccc2c(c1)N=N2)c1ccc(N(c2ccccc2)c2ccccc2)cc1,1,C(=Cc1ccc2c(c1)N=N2)c1ccc(N(c2ccccc2)c2ccccc2)cc1,0.9747678,439.6736,0.2863124,0.2863,0.6060160,2.5042,1.0000000,1.0000,[],45
48.0463,58.6395,6.5011,0.5089106,CC=C(C)c1ccccc1S(=O)(=O)Nc1ccc(N2c3ccccc3C=Cc3cc(N(c4ccccc4)c4ccccc4)ccc32)cc1,1,O=S(=O)(Nc1ccc(N2c3ccccc3C=Cc3cc(N(c4ccccc4)c4ccccc4)ccc32)cc1)c1ccccc1,0.5251191,401.0918,0.1786552,0.1787,0.5518330,2.9725,1.0000000,1.0000,[],45
32.7121,47.1760,34.8689,0.6409754,Oc1ccccc1C=Nc1ccc2c3cc(N(c4ccccc4)c4ccccc4)ccc3c3nn(-c4ccccc4)nc3c2c1,1,C(=Nc1ccc2c3cc(N(c4ccccc4)c4ccccc4)ccc3c3nn(-c4ccccc4)nc3c2c1)c1ccccc1,0.6720545,407.7901,0.1568183,0.1568,0.5588066,2.9098,1.0000000,1.0000,[],45
51.2273,63.2086,-8.8043,0.4250337,Cc1ccccc1N(Cc1ccccc1)c1cc2ccccc2cc1C=Nc1ccc(-n2c3cc(Cl)ccc3c3ccc4ccccc4c32)cc1,1,C(=Nc1ccc(-n2c3ccccc3c3ccc4ccccc4c32)cc1)c1cc2ccccc2cc1N(Cc1ccccc1)c1ccccc1,0.4365554,397.2297,0.1539775,0.1540,0.5471590,3.0151,1.0000000,1.0000,[],45
38.3728,65.1022,-65.1022,0.0000000,c1cc(cc2c1OCC2)N1C(=O)C(=C(c2ccccc2)N=1)c1ccc(N=Nc2ccccc2N=Nc2ccccc2O)cc1,0,,0.0000000,0.0000,0.0000000,0.0000,0.0000000,0.0000,0.0000000,0.0000,None,45
51.4206,63.7267,51.8143,0.9026640,N#CC1=C(c2c(-c3ccc4ccccc4c3)nc3ccc4ccccc4c3c2O)CCC=C1C=C1NC(=S)NC1=O,1,O=C1NC(=S)NC1=CC1=CCCC(c2cc3c(ccc4ccccc43)nc2-c2ccc3ccccc3c2)=C1,0.9711527,438.1795,0.1298671,0.1299,0.5127449,3.3399,1.0000000,1.0000,[],45
19.4866,30.2711,10.7063,0.3201357,C(=C1CCc2ccc3ccccc3c21)c1ccc(N(c2ccccc2)c2ccccc2)cc1,1,C(=C1CCc2ccc3ccccc3c21)c1ccc(N(c2ccccc2)c2ccccc2)cc1,0.3169639,391.6642,0.2790624,0.2791,0.6312347,2.3004,1.0000000,1.0000,[],45
47.1580,60.0470,-47.9293,0.0946692,CCCCCCCCOc1c(-c2ccc(C=Cc3ccc(N(c4ccccc4)c4ccccc4)cc3)cc2)cc2ccc(OC)c(O)c2c1-c1nc2ccccc2o1,1,C(=Cc1ccc(N(c2ccccc2)c2ccccc2)cc1)c1ccc(-c2cc(-c3nc4ccccc4o3)c3ccccc3c2)cc1,0.0918651,375.1250,0.0780483,0.0780,0.5275466,3.1976,1.0000000,1.0000,[],45
37.5752,51.2801,-43.0568,0.0642449,Oc1ccccc1C=Nc1ccc(C2Nc3ccccc3C(N(c3ccccc3)c3cccnc3)N2)cc1,1,C(=Nc1ccc(C2Nc3ccccc3C(N(c3ccccc3)c3cccnc3)N2)cc1)c1ccccc1,0.0592534,369.9810,0.2185189,0.2185,0.4773158,3.6979,1.0000000,1.0000,[],45
28.6042,31.0097,-30.9009,0.0008499,CN(Cc1ccc(-c2ccccc2)cc1)Cc1ncc(-c2ccc(Br)cc2)o1,1,c1ccc(-c2ccc(CNCc3ncc(-c4ccccc4)o3)cc2)cc1,0.0006107,319.6516,0.3522931,0.3523,0.6638996,2.0481,1.0000000,1.0000,[],45
34.4628,34.3489,-34.2996,0.0003848,CCCN(C)c1cc(-c2ccccc2)cc(O)c1OC,1,c1ccc(-c2ccccc2)cc1,0.0002576,310.2776,0.8944672,0.8945,0.6486149,2.1646,1.0000000,1.0000,[],45
43.2197,56.0237,58.4131,0.8940372,CCN(CC)c1ccc(C=Nc2ccc(Oc3ccc(N=Nc4ccc(N=Nc5ccccc5)cc4)cc3)cc2OCCCCCCN2C(=O)c3cccc4cccc2c34)cc1,1,O=C1c2cccc3cccc(c23)N1CCCCCCOc1cc(Oc2ccc(N=Nc3ccc(N=Nc4ccccc4)cc3)cc2)ccc1N=Cc1ccccc1,0.9942018,464.1455,0.0460182,0.0460,0.4935647,3.5305,1.0000000,1.0000,[],45
58.2338,64.9517,-64.9517,0.0000000,c1ccccc1CN1C2=C(/C=c3/ccc4c(c=3)cccc4)N=C(c3ccccc3O)C=C2C2=C1C=CC=N2,0,,0.0000000,0.0000,0.0000000,0.0000,0.0000000,0.0000,0.0000000,0.0000,None,45
34.5047,44.3424,-44.3424,0.0000000,O=C(CC(=O)Nc1ccc(Oc2ccccc2)cc1)NN=Cc1cn(Cc2ccc(N=Nc3ccccc3)cc2)c2ccccc12,1,O=C(CC(=O)Nc1ccc(Oc2ccccc2)cc1)NN=Cc1cn(Cc2ccc(N=Nc3ccccc3)cc2)c2ccccc12,0.0000000,0.0000,0.0000000,0.0000,0.0000000,0.0000,0.0000000,0.0000,['[#7;!n][#7;!n]'],45
22.2039,34.0168,85.0324,0.9300719,Oc1ccc2nc(N3CCN(c4ccccc4)CC3)c(N=Nc3ccccc3)c(O)c2c1,1,c1ccc(N=Nc2cc3ccccc3nc2N2CCN(c3ccccc3)CC2)cc1,0.9619334,435.0650,0.4284784,0.4285,0.6005428,2.5496,1.0000000,1.0000,[],45
32.4701,50.8006,11.9769,0.4904487,CN1CCC(N(Cc2ccc(N=Cc3ccccc3O)cc2)Cc2ccccc2N=Cc2ccc([N+](=O)[O-])cc2)CC1,1,C(=Nc1ccc(CN(Cc2ccccc2N=Cc2ccccc2)C2CCNCC2)cc1)c1ccccc1,0.5101939,400.4428,0.1291449,0.1291,0.5567212,2.9285,1.0000000,1.0000,[],45
25.1262,41.4638,79.8062,0.9474215,O=S1(=O)C(c2cccc(N=Nc3ccc(N=Nc4ccccc4)cc3)c2)=C(O)c2ccccc21,1,O=S1(=O)C(c2cccc(N=Nc3ccc(N=Nc4ccccc4)cc3)c2)=Cc2ccccc21,0.9930311,466.1550,0.3048127,0.3048,0.5563866,2.9315,1.0000000,1.0000,[],45
40.1589,64.2416,52.8825,0.9150316,C(=Cc1ccco1)CNC(C=Cc1ccc2c(c1)C=CCN2c1ccccc1)=Cc1ccc(N=Nc2ccccc2)cc1,1,C(=Cc1ccco1)CNC(C=Cc1ccc2c(c1)C=CCN2c1ccccc1)=Cc1ccc(N=Nc2ccccc2)cc1,0.9834781,475.6324,0.1365416,0.1365,0.5159218,3.3090,1.0000000,1.0000,[],45
35.1376,41.9112,7.4039,0.3852749,Cc1ccc2c(N)c3cc(Cl)cc(N4C(=O)c5ccccc5C4=O)c3nc2c1,1,O=C1c2ccccc2C(=O)N1c1cccc2cc3ccccc3nc12,0.3816487,394.7607,0.3780344,0.3780,0.6211701,2.3808,1.0000000,1.0000,[],45
41.0217,51.0120,8.6965,0.4664729,COc1cc(Br)cc(C=Nc2ccc(NC(=O)C=Cc3ccc(-c4cc(Cl)ccc4O)o3)cc2)c1OC,1,O=C(C=Cc1ccc(-c2ccccc2)o1)Nc1ccc(N=Cc2ccccc2)cc1,0.4797609,399.1205,0.1661176,0.1661,0.5781225,2.7398,1.0000000,1.0000,[],45
54.9258,80.6866,-80.6866,0.0000000,c1c2N(C)c3c(nc(cc3)Nc3nc(nc(N=C(C=Cc4ccccc4)N=Nc4ccccc4)Nc3cccc1)=O)-c1ccccc1C2=Nc1ccccc1,0,,0.0000000,0.0000,0.0000000,0.0000,0.0000000,0.0000,0.0000000,0.0000,None,45
40.4746,49.1092,69.8246,0.9291703,Cc1ccc(C=Nc2cc(N=Nc3ccccc3)c3cccc(-c4ccc5ccccc5c4)c3c2N)cc1,1,C(=Nc1cc(N=Nc2ccccc2)c2cccc(-c3ccc4ccccc4c3)c2c1)c1ccccc1,0.9949607,462.6140,0.1458518,0.1459,0.5795833,2.7272,1.0000000,1.0000,[],45
52.0910,70.9502,-70.9502,0.0000000,C(NC(=O)CCc1cc2c3cc(N(C)C)ccc3ncc2c2c1cccc2)CCCCC(N=c1ccccc1N(C)C)=O,0,,0.0000000,0.0000,0.0000000,0.0000,0.0000000,0.0000,0.0000000,0.0000,None,45
33.8302,53.5322,50.7153,0.8144337,CC(=O)c1ccc2c(c1)c1ccccc1n2-c1cccc(C=Nc2cccc(N=Cc3ccc(N=Nc4ccccc4)cc3)c2)c1,1,C(=Nc1cccc(N=Cc2cccc(-n3c4ccccc4c4ccccc43)c2)c1)c1ccc(N=Nc2ccccc2)cc1,0.8779525,421.4236,0.0978343,0.0978,0.5523032,2.9683,1.0000000,1.0000,[],45
36.0343,48.0372,70.4466,0.9256547,c1ccc(-c2c(-c3ccc4sc5ccccc5c4c3)ccc3c(N=Nc4c5ccccc5cc5ccccc45)cccc23)cc1,1,c1ccc(-c2c(-c3ccc4sc5ccccc5c4c3)ccc3c(N=Nc4c5ccccc5cc5ccccc45)cccc23)cc1,0.9916785,468.0957,0.1438620,0.1439,0.5726801,2.7871,1.0000000,1.0000,[],45
16.1941,32.7872,86.5718,0.9324921,N#Cc1ccc(-c2ccc(N=Nc3ccc(N=Nc4ccc(N=Nc5ccccc5)cc4)cc3)cc2)cc1,1,c1ccc(N=Nc2ccc(N=Nc3ccc(N=Nc4ccc(-c5ccccc5)cc4)cc3)cc2)cc1,0.9865409,473.3725,0.2077998,0.2078,0.6099901,2.4716,1.0000000,1.0000,[],45
27.9646,30.5004,-30.4253,0.0005870,CSc1ccc(-c2cc(-c3ccc4ccccc4c3)c3ccccc3c2)cc1,1,c1ccc(-c2cc(-c3ccc4ccccc4c3)c3ccccc3c2)cc1,0.0004162,315.4861,0.2870006,0.2870,0.6766942,1.9527,1.0000000,1.0000,[],45
27.1588,30.1483,-30.1301,0.0001420,CN=C(NCc1cccc(N(C)Cc2ccccc2)c1)N1CCC(CC(=O)NC)CC1,1,N=C(NCc1cccc(NCc2ccccc2)c1)N1CCCCC1,0.0000918,299.0770,0.5322699,0.5323,0.5981642,2.5694,1.0000000,1.0000,[],45
24.1850,38.8528,70.3627,0.8532459,CCN(CC)c1ccc(N=Nc2nc(-c3ccc(N=Nc4ccccc4)cc3)[nH]c(=O)c2C)cc1,1,O=c1cc(N=Nc2ccccc2)nc(-c2ccc(N=Nc3ccccc3)cc2)[nH]1,0.8925069,497.0192,0.2740028,0.2740,0.5533856,2.9585,1.0000000,1.0000,[],45
48.2863,62.8799,53.4650,0.9089444,CC1c2nccn2CCN1C(=O)c1ccc(N=Cc2cc3c(cc2N=Nc2ccc(N=Nc4ccccc4)cc2)OCO3)cc1Cl,1,O=C(c1ccc(N=Cc2cc3c(cc2N=Nc2ccc(N=Nc4ccccc4)cc2)OCO3)cc1)N1CCn2ccnc2C1,0.9803560,477.5462,0.1315592,0.1316,0.4544154,3.9437,1.0000000,1.0000,[],45
34.5038,37.1323,-37.1323,0.0000000,C(#CC1CCCCC1)c1nc2cc3ccc4ccccc4c3cc2s1,1,C(#CC1CCCCC1)c1nc2cc3ccc4ccccc4c3cc2s1,0.0000000,0.0000,0.0000000,0.0000,0.0000000,0.0000,0.0000000,0.0000,['C#C'],45
36.9116,52.3586,67.6441,0.9375212,CCN(CC)c1ccc(C2=C(Nc3ccc(OCC4CCCCC4)c(C(C)=O)c3)C(=O)N(c3ccccc3)C2=O)cc1,1,O=C1C(Nc2ccc(OCC3CCCCC3)cc2)=C(c2ccccc2)C(=O)N1c1ccccc1,0.9947142,463.1353,0.1975336,0.1975,0.5820006,2.7064,1.0000000,1.0000,[],45
40.5245,48.7484,-43.4294,0.0415545,CN(C)c1ccc2cc(-c3ccc4ccc(C5CCCN5C(=O)c5ccc(Cl)s5)nc4c3)ccc2c1,1,O=C(c1cccs1)N1CCCC1c1ccc2ccc(-c3ccc4ccccc4c3)cc2n1,0.0372146,364.6796,0.2466396,0.2466,0.5418864,3.0635,1.0000000,1.0000,[],45
20.7432,36.6719,5.2074,0.3271818,C(=Nc1ccc(-c2ccc(-c3ccccn3)cc2)cc1)c1ccc(N=Nc2ccccc2)cc1,1,C(=Nc1ccc(-c2ccc(-c3ccccn3)cc2)cc1)c1ccc(N=Nc2ccccc2)cc1,0.3281989,392.2224,0.1933693,0.1934,0.6213821,2.3790,1.0000000,1.0000,[],45
41.1853,42.6423,-0.2866,0.3309042,CC(C)Nc1nc2ccccn2c(=O)c1-c1nc(N2CCCC2)c2ccccc2n1,1,O=c1c(-c2nc(N3CCCC3)c3ccccc3n2)cnc2ccccn12,0.3213829,391.8849,0.5626496,0.5626,0.5972787,2.5769,1.0000000,1.0000,[],45
39.3999,47.4687,-41.4053,0.0473704,Fc1cc(F)c2ccc(N(c3ccccc3)c3ccc4c(-c5ccc(-c6ccccc6)cc5)cccc4c3)cc2c1,1,c1ccc(-c2ccc(-c3cccc4cc(N(c5ccccc5)c5ccc6ccccc6c5)ccc34)cc2)cc1,0.0428035,366.2620,0.2126657,0.2127,0.6144792,2.4349,1.0000000,1.0000,[],45
32.4871,46.5580,69.2796,0.9049811,CN(C)c1ccc(C=Nc2ccc(N=Nc3ccc(N=Cc4ccc(N=Cc5ccc(N=Nc6ccc(NC(=O)c7ccccc7)cc6)cc5)cc4)cc3)cc2)cc1,1,O=C(Nc1ccc(N=Nc2ccc(C=Nc3ccc(C=Nc4ccc(N=Nc5ccc(N=Cc6ccccc6)cc5)cc4)cc3)cc2)cc1)c1ccccc1,0.9834931,444.3777,0.0930403,0.0930,0.5276324,3.1968,1.0000000,1.0000,[],45
31.7133,35.9997,20.7115,0.4430557,O=[N+]([O-])c1ccccc1Nc1nc2ccccc2c2cc(-c3ccccc3)cc(-c3ccccc3)c12,1,c1ccc(Nc2nc3ccccc3c3cc(-c4ccccc4)cc(-c4ccccc4)c23)cc1,0.4543687,398.0127,0.1570461,0.1570,0.6338410,2.2798,1.0000000,1.0000,[],45
24.2942,41.7020,77.7934,0.9335582,O=c1c2cc(N=Nc3ccccc3)c(N=Nc3ccccc3)cc2nc(Nc2ccccc2)n1Cc1ccccc1,1,O=c1c2cc(N=Nc3ccccc3)c(N=Nc3ccccc3)cc2nc(Nc2ccccc2)n1Cc1ccccc1,0.9906828,469.3338,0.1969223,0.1969,0.5737636,2.7777,1.0000000,1.0000,[],46
20.1081,33.3281,86.3720,0.9351570,COc1ccc(N=Nc2ccc(N=Nc3ccccc3)cc2)c(F)c1O,1,c1ccc(N=Nc2ccc(N=Nc3ccccc3)cc2)cc1,0.9607345,434.7148,0.5424744,0.5425,0.5874842,2.6595,1.0000000,1.0000,[],46
30.7263,44.5900,67.3628,0.8746315,O=C(NCCC=Cc1ccc2ccccc2n1)c1csc(N=Nc2ccccc2)c1,1,O=C(NCCC=Cc1ccc2ccccc2n1)c1csc(N=Nc2ccccc2)c1,0.9154222,425.8591,0.2763577,0.2764,0.5649752,2.8549,1.0000000,1.0000,[],46
49.2921,58.1986,-58.1986,0.0000000,N=C(c1ccc(cc1)/C=c1/c(=O)[nH]/c(=C\c2cc(c(cc2)OCCC)O)c(n1)=CCc1ccccc1)c1ccccc1,0,,0.0000000,0.0000,0.0000000,0.0000,0.0000000,0.0000,0.0000000,0.0000,None,46
22.1704,33.6298,86.2137,0.9362767,Cc1c(N=Nc2ccc(N=Nc3ccccc3)c3ccccc23)ccc2ccccc12,1,c1ccc(N=Nc2ccc(N=Nc3ccc4ccccc4c3)c3ccccc23)cc1,0.9828631,476.0360,0.2700425,0.2700,0.6020658,2.5369,1.0000000,1.0000,[],46
35.0227,46.5714,58.2202,0.8186845,C=CCn1c(=O)n(C)c(=O)c2c3nc4ccccc4cc3n(N=Cc3ccc(N(CC)CC)cc3)c21,1,O=c1[nH]c(=O)c2c3nc4ccccc4cc3n(N=Cc3ccccc3)c2[nH]1,0.8562995,419.3792,0.2594062,0.2594,0.5434240,3.0493,1.0000000,1.0000,[],46
43.0623,53.8178,-4.1319,0.3881711,O=[N+]([O-])c1cccc(C=NCC(=Nc2ccccc2)c2ccc3ccccc3c2)c1NCC(O)c1ccccc1,1,C(=NCC(=Nc1ccccc1)c1ccc2ccccc2c1)c1ccccc1NCCc1ccccc1,0.4011122,395.6480,0.1143469,0.1143,0.5113257,3.3537,1.0000000,1.0000,[],46
24.8441,35.9216,84.6086,0.9416424,CN(C)c1ccc(N=Nc2ccc(-c3nc4ccccc4nc3-c3ccc(Br)cc3)cc2)cc1,1,c1ccc(N=Nc2ccc(-c3nc4ccccc4nc3-c3ccccc3)cc2)cc1,0.9940035,455.4873,0.2249296,0.2249,0.6170260,2.4142,1.0000000,1.0000,[],46
24.1497,37.5002,71.2828,0.8498671,Nc1cc(N=Nc2ccccc2)cc(C=Nc2ccc(-c3ccc(N=Nc4ccccc4)cc3)cc2)c1O,1,C(=Nc1ccc(-c2ccc(N=Nc3ccccc3)cc2)cc1)c1cccc(N=Nc2ccccc2)c1,0.9168910,426.0667,0.1013114,0.1013,0.5610128,2.8901,1.0000000,1.0000,[],46
44.2667,56.3856,-56.3856,0.0000000,CN(C)c1ccc(C=C2SC(=NN(c3ccccc3)c3ccc4c(c3)N=Cc3ccccc3N4C)NC2=O)cc1,1,O=C1NC(=NN(c2ccccc2)c2ccc3c(c2)N=Cc2ccccc2N3)SC1=Cc1ccccc1,0.0000000,0.0000,0.0000000,0.0000,0.0000000,0.0000,0.0000000,0.0000,['[#7;!n][#7;!n]'],46
25.9771,47.0397,70.1287,0.9153782,c1ccc(N=Nc2ccc(-c3ccnc(Nc4ccc5cc(N=Nc6ccccc6)ccc5c4)c3)cc2)cc1,1,c1ccc(N=Nc2ccc(-c3ccnc(Nc4ccc5cc(N=Nc6ccccc6)ccc5c4)c3)cc2)cc1,0.9666598,436.5576,0.2195535,0.2196,0.5850841,2.6800,1.0000000,1.0000,[],46
33.9225,47.5500,72.5722,0.9384547,O=C1C(c2ccc(N=Nc3ccccc3)cc2)=C(c2ccc3c(c2)OCCO3)C(=O)N1c1cccs1,1,O=C1C(c2ccc(N=Nc3ccccc3)cc2)=C(c2ccc3c(c2)OCCO3)C(=O)N1c1cccs1,0.9907497,450.7451,0.2373641,0.2374,0.5613790,2.8868,1.0000000,1.0000,[],46
24.1128,33.3557,-33.3557,0.0000000,O=C(O)c1cc(Oc2ccc(N=Nc3ccccc3)cc2)c2ccccc2n1,1,c1ccc(N=Nc2ccc(Oc3ccnc4ccccc34)cc2)cc1,0.0000000,0.0000,0.0000000,0.0000,0.0000000,0.0000,0.0000000,0.0000,"['C(=[O,S])[O,S]']",46
39.1917,57.2637,59.4160,0.9115598,CN(Cc1ccccc1)c1ccc(N=Nc2cc(Cl)cc3c2ccn3-c2ccc([N+](=O)[O-])o2)cc1,1,c1ccc(CNc2ccc(N=Nc3cccc4c3ccn4-c3ccco3)cc2)cc1,0.9790695,478.2492,0.1332878,0.1333,0.5475597,3.0114,1.0000000,1.0000,[],46
32.6308,40.3647,70.8782,0.8690849,CNc1ccccc1C(c1ccccc1)=c1cc2ccccc2cc1=Cc1ccccc1,1,C(c1ccccc1)=c1cc2ccccc2cc1=C(c1ccccc1)c1ccccc1,0.8986778,496.3025,0.3848549,0.3849,0.6011398,2.5446,1.0000000,1.0000,[],46
32.8408,36.9566,-36.8073,0.0011666,CCCCCCCCCCCCOc1ccc(C(=O)c2ccccc2-c2ccccc2)nc1,1,O=C(c1ccccn1)c1ccccc1-c1ccccc1,0.0008717,323.5193,0.1751523,0.1752,0.6504305,2.1506,1.0000000,1.0000,[],46
29.5175,47.5952,67.3316,0.8978658,CN1c2ccccc2C=CC1n1c(=Nc2ccc(C=Cc3ccc(N=Nc4ccccc4)cc3)cc2)sc2ccccc21,1,C(=Cc1ccc(N=c2sc3ccccc3n2C2C=Cc3ccccc3N2)cc1)c1ccc(N=Nc2ccccc2)cc1,0.9636592,435.5882,0.1439277,0.1439,0.4863954,3.6037,1.0000000,1.0000,[],46
39.4797,45.2312,-45.2312,0.0000000,c1nccc2c3c(=C=C=C=c3sc12)=Cc1ccc2c(c1)cccc2,0,,0.0000000,0.0000,0.0000000,0.0000,0.0000000,0.0000,0.0000000,0.0000,None,46
37.3890,51.7749,-18.6121,0.2590845,c1ccc(N=Nc2cc3ccccc3nc2COc2ccc3c(c2)C(N2CCNCC2)CCC3)cc1,1,c1ccc(N=Nc2cc3ccccc3nc2COc2ccc3c(c2)C(N2CCNCC2)CCC3)cc1,0.2535544,388.2768,0.3215716,0.3216,0.5221279,3.2492,1.0000000,1.0000,[],46
43.5351,56.4089,-44.5944,0.0923005,CCCCCCCc1cc2c(=O)[nH]c(-c3ccc(N=Cc4ccc(OCc5ccccc5C#N)c(OCC)c4)cc3)nc2s1,1,O=c1[nH]c(-c2ccc(N=Cc3ccc(OCc4ccccc4)cc3)cc2)nc2sccc12,0.0886252,374.6965,0.1008675,0.1009,0.5567021,2.9286,1.0000000,1.0000,[],46
34.3412,48.6341,-48.6341,0.0000000,O=[N+]([O-])c1ccc(C=Nc2c(C=NNc3ccccc3)cnc3c(N(c4ccccc4)c4ccccc4)cccc23)cc1,1,C(=NNc1ccccc1)c1cnc2c(N(c3ccccc3)c3ccccc3)cccc2c1N=Cc1ccccc1,0.0000000,0.0000,0.0000000,0.0000,0.0000000,0.0000,0.0000000,0.0000,['[#7;!n][#7;!n]'],46
35.4930,61.2662,34.7146,0.7498504,CCN(CC)c1ccc(C=C2C(=O)Nc3cc(N=Nc4ccc([N+](=O)[O-])cc4)c(-c4ccc(N=Nc5ccccc5)cc4)cc32)cc1OC,1,O=C1Nc2cc(N=Nc3ccccc3)c(-c3ccc(N=Nc4ccccc4)cc3)cc2C1=Cc1ccccc1,0.8161106,503.8202,0.0656111,0.0656,0.5190232,3.2790,1.0000000,1.0000,[],46
36.0148,37.9575,48.5081,0.6755120,CCn1c(N=O)c(N=Cc2ccccc2O)c2cc(Br)ccc21,1,C(=Nc1c[nH]c2ccccc12)c1ccccc1,0.6846526,511.5830,0.5002932,0.5003,0.5597330,2.9015,1.0000000,1.0000,[],46
19.5205,29.9764,93.0932,0.9614817,CCOc1ccc(N=Nc2ccc(N=Nc3ccccc3)cc2)c(OC)c1,1,c1ccc(N=Nc2ccc(N=Nc3ccccc3)cc2)cc1,0.9956815,459.0696,0.4288428,0.4288,0.6135973,2.4421,1.0000000,1.0000,[],46
33.4578,42.6121,-42.6121,0.0000000,c1cccc2c1C(=CC1=C(N3CCN=C3c3ccccc3)C(c3ccccc13)=O)ccc2,0,,0.0000000,0.0000,0.0000000,0.0000,0.0000000,0.0000,0.0000000,0.0000,None,46
28.9448,38.0560,56.3156,0.7372777,O=C1C(Nc2cccc3sc4ccccc4c(=O)c23)c2ccccc2N1c1ccccc1,1,O=C1C(Nc2cccc3sc4ccccc4c(=O)c23)c2ccccc2N1c1ccccc1,0.7598624,412.5069,0.3417356,0.3417,0.5573283,2.9230,1.0000000,1.0000,[],46
27.6475,35.9084,62.9273,0.7721545,O=C(Nc1ccc(N=C(c2ccccc2)c2ccccc2)cc1)c1ccc(N=Cc2c(O)ccc3ccccc23)cc1,1,O=C(Nc1ccc(N=C(c2ccccc2)c2ccccc2)cc1)c1ccc(N=Cc2cccc3ccccc23)cc1,0.8105125,415.7795,0.1969190,0.1969,0.5993646,2.5594,1.0000000,1.0000,[],46
37.7208,47.9687,63.5989,0.8716216,Nc1ccc2ccc(C(O)=C3C(=O)C(=O)N(c4nc5ccc(F)cc5s4)C3c3ccc([N+](=O)[O-])cc3)cc2c1,1,O=C1C(=O)N(c2nc3ccccc3s2)C(c2ccccc2)C1=Cc1ccc2ccccc2c1,0.9515532,432.3292,0.0743548,0.0744,0.5418327,3.0640,1.0000000,1.0000,[],46
25.8712,40.4712,79.8984,0.9403872,CCCCN1c2ccccc2N(c2ccc(N=Nc3ccccc3)cc2)c2cc(Cl)ccc21,1,c1ccc(N=Nc2ccc(N3c4ccccc4Nc4ccccc43)cc2)cc1,0.9867238,446.7780,0.2725269,0.2725,0.6136650,2.4415,1.0000000,1.0000,[],46
48.0380,68.5058,-10.8075,0.4507681,CCCCCOc1cc(N(CC)CC)ccc1C=Nc1ccc(C=CCOc2ccc(-c3cc(C4=NOCC4)no3)cc2)cc1,1,C(=Cc1ccc(N=Cc2ccccc2)cc1)COc1ccc(-c2cc(C3=NOCC3)no2)cc1,0.4722756,398.7947,0.0937166,0.0937,0.5195737,3.2737,1.0000000,1.0000,[],46
51.8874,56.5850,-56.5850,0.0000000,c1cc2cccnc2c(c1-c1cc2c3c([n+](CCc4ccccc4)c2cc1)cc(Br)cc3)-c1ccc(N(C)C)cc1,0,,0.0000000,0.0000,0.0000000,0.0000,0.0000000,0.0000,0.0000000,0.0000,None,46
23.4487,35.3066,-3.3432,0.2497144,CC(C=Cc1ccc2c(ccc3ccccc32)c1)=Cc1ccc(N(c2ccccc2)c2ccccc2)cc1,1,C(C=Cc1ccc2c(ccc3ccccc32)c1)=Cc1ccc(N(c2ccccc2)c2ccccc2)cc1,0.2481415,387.9641,0.1667572,0.1668,0.6177852,2.4081,1.0000000,1.0000,[],46
45.2751,59.9721,-43.6297,0.1276749,C(=Nc1ccc(COc2ccc(Oc3ccc(N=Nc4ccccc4)cc3)cc2)cc1)c1cc(-c2ccccc2)ccc1N=Cc1ccc(OCCCCCCOc2ccccc2)cc1,1,C(=Nc1ccc(COc2ccc(Oc3ccc(N=Nc4ccccc4)cc3)cc2)cc1)c1cc(-c2ccccc2)ccc1N=Cc1ccc(OCCCCCCOc2ccccc2)cc1,0.1285011,379.2160,0.0409161,0.0409,0.5180327,3.2886,1.0000000,1.0000,[],46
37.6587,34.2216,-34.2055,0.0001259,CCC(C)c1ccccc1NC(=O)N1C(=O)C2(CCCC2)c2ccccc21,1,O=C(Nc1ccccc1)N1C(=O)C2(CCCC2)c2ccccc21,0.0000802,297.6092,0.7734838,0.7735,0.5162956,3.3054,1.0000000,1.0000,[],46
56.7852,79.7398,31.6763,0.8704382,O=C1C(=Cc2ccccn2)C(NCc2cn(Cc3ccc(N=Nc4ccccc4N=Nc4ccc(N=Nc5ccccc5)cc4)cc3)c[n+]2O)c2ccccc21,1,O=C1C(=Cc2ccccn2)C(NCc2cn(Cc3ccc(N=Nc4ccccc4N=Nc4ccc(N=Nc5ccccc5)cc4)cc3)c[nH+]2)c2ccccc21,0.9640604,484.2867,0.0556436,0.0556,0.4205537,4.3309,1.0000000,1.0000,[],46
22.3653,42.0941,74.1043,0.9078002,C(=Cc1ccc(-c2ccccc2)c(N=Nc2ccccc2N=Nc2ccccc2)c1)c1ccc(N(c2ccccc2)c2ccccc2)cc1,1,C(=Cc1ccc(-c2ccccc2)c(N=Nc2ccccc2N=Nc2ccccc2)c1)c1ccc(N(c2ccccc2)c2ccccc2)cc1,0.9800226,442.2674,0.1094253,0.1094,0.5716390,2.7962,1.0000000,1.0000,[],46
24.1661,34.6298,86.0660,0.9429363,Nc1nc2ccccc2c(NCCc2cccs2)c1N=Nc1ccccc1,1,c1ccc(N=Nc2cnc3ccccc3c2NCCc2cccs2)cc1,0.9773027,440.8513,0.4101268,0.4101,0.6002862,2.5517,1.0000000,1.0000,[],46
35.6288,44.3396,-35.9348,0.0656629,O=C(Cn1c(=S)n(CCCCN=Cc2ccccc2O)c2ccccc21)c1cccc2ccccc12,1,O=C(Cn1c(=S)n(CCCCN=Cc2ccccc2)c2ccccc21)c1cccc2ccccc12,0.0617719,370.4621,0.1061476,0.1061,0.5815406,2.7104,1.0000000,1.0000,[],46
58.9311,73.2695,21.6430,0.7415045,O=C1C=CC=CC1=C1C=Cc2ncc3ccc(C=Cc4ccc5c(c4)C=c4c-5cccc4=CC=Cc4ccccc4)cc3c21,1,O=C1C=CC=CC1=C1C=Cc2ncc3ccc(C=Cc4ccc5c(c4)C=c4c-5cccc4=CC=Cc4ccccc4)cc3c21,0.7852657,505.9221,0.1604825,0.1605,0.4833470,3.6351,1.0000000,1.0000,[],46
40.4462,49.9003,-49.9003,0.0000000,c1cc(ccc1-c1ccc2cc3NC4=C(C(c3c3ccccc32)=O)c2ccccc21)c1ccccc1cc4,0,,0.0000000,0.0000,0.0000000,0.0000,0.0000000,0.0000,0.0000000,0.0000,None,46
31.9598,35.2843,15.0047,0.3928827,c1ccc(-c2c3ccccc3c(-c3ccn4cccc(-c5ccccc5)c34)c3ccccc23)cc1,1,c1ccc(-c2c3ccccc3c(-c3ccn4cccc(-c5ccccc5)c34)c3ccccc23)cc1,0.3950031,395.3712,0.2387405,0.2387,0.6422862,2.2136,1.0000000,1.0000,[],46
44.7093,68.6845,-68.6845,0.0000000,c1(=O)ncc2C3C=CC=CC3C(=c2n1-c1ccc(cc1)N=Cc1ccc(-c2ccc(N=Nc3ccc(N=Nc4ccccc4)cc3)cc2)cc1)c1ccccc1,0,,0.0000000,0.0000,0.0000000,0.0000,0.0000000,0.0000,0.0000000,0.0000,None,46
56.7563,66.4751,-64.2032,0.0177492,O=C(Nc1nc2c(c(NC3CC3)n1)N(c1ccccc1)C(C=Cc1c[nH]c3ccccc13)CC2)c1ccccc1Cl,1,O=C(Nc1nc2c(c(NC3CC3)n1)N(c1ccccc1)C(C=Cc1c[nH]c3ccccc13)CC2)c1ccccc1,0.0153478,354.8191,0.1906755,0.1907,0.5026481,3.4393,1.0000000,1.0000,[],46
27.7661,40.6226,77.2416,0.9208138,CN(c1ccccc1)c1ccc(N=Nc2ccc3oc(-c4ccccc4I)nc3c2)cc1,1,c1ccc(Nc2ccc(N=Nc3ccc4oc(-c5ccccc5)nc4c3)cc2)cc1,0.9804029,442.4803,0.1697758,0.1698,0.5916420,2.6243,1.0000000,1.0000,[],46
27.8777,44.6061,73.3277,0.9213579,Cc1nc(N=Nc2ccccc2)cc2ccc3ccc(N=Nc4ccccc4)cc3c12,1,c1ccc(N=Nc2ccc3ccc4cc(N=Nc5ccccc5)ncc4c3c2)cc1,0.9739851,439.3333,0.2197316,0.2197,0.5653841,2.8512,1.0000000,1.0000,[],46
36.3348,53.4200,-53.4200,0.0000000,CN(C)c1ccc(N=Nc2cc3ccc(C#Cc4cc(N=Nc5ccccc5)ccc4C(N)=S)cc3s2)cc1,1,C(#Cc1ccc2cc(N=Nc3ccccc3)sc2c1)c1cccc(N=Nc2ccccc2)c1,0.0000000,0.0000,0.0000000,0.0000,0.0000000,0.0000,0.0000000,0.0000,['C#C'],46
13.0985,23.1529,99.9643,0.9618531,Fc1ccc(N=Nc2ccc(N=Nc3ccccc3)cc2)cc1,1,c1ccc(N=Nc2ccc(N=Nc3ccccc3)cc2)cc1,0.9910262,451.0777,0.4840077,0.4840,0.6518015,2.1401,1.0000000,1.0000,[],46
46.7509,56.0051,30.3447,0.6746073,CCOc1ccc(O)c(C=Cc2ccc(-c3ccc(C=Cc4ccc(C=Cc5ccc(N(CC)CC)cc5)cc4)cc3N)cc2)c1,1,C(=Cc1ccc(C=Cc2ccc(-c3ccc(C=Cc4ccccc4)cc3)cc2)cc1)c1ccccc1,0.7171181,410.0996,0.1095731,0.1096,0.5655065,2.8502,1.0000000,1.0000,[],46
43.4811,50.3683,-50.2488,0.0009338,[N-]=[N+]=Nc1cccc(C2C=CC=CC2(NS(=O)(=O)c2ccc3ccccc3c2)C(=O)Nc2ccccc2)c1,1,O=C(Nc1ccccc1)C1(NS(=O)(=O)c2ccc3ccccc3c2)C=CC=CC1c1ccccc1,0.0006955,321.0649,0.1672778,0.1673,0.4660675,3.8171,1.0000000,1.0000,[],46
26.7615,38.7954,83.6677,0.9567431,CN(C)c1ccc(N=Nc2ccc3c(=O)[nH]c(C=Cc4ccccc4O)nc3c2)cc1,1,O=c1[nH]c(C=Cc2ccccc2)nc2cc(N=Nc3ccccc3)ccc12,0.9915239,451.7027,0.4369231,0.4369,0.5685356,2.8235,1.0000000,1.0000,[],46
47.0952,66.5648,16.3123,0.6474768,C=CC1=CN(C)C(c2cc(N=NC=Cc3ccccc3)c3ccc(N=Nc4ccccc4)cc3n2)=CC=C1,1,C1=CC=C(c2cc(N=NC=Cc3ccccc3)c3ccc(N=Nc4ccccc4)cc3n2)NC=C1,0.6723276,512.1965,0.2402348,0.2402,0.4788072,3.6823,1.0000000,1.0000,[],46
25.4185,26.0728,-26.0717,0.0000091,C=C(C=CC)CCCCCCCCCCCCCCCCCCC,1,,0.0000053,268.0544,0.1630261,0.1630,0.6300814,2.3095,1.0000000,1.0000,[],46
39.9887,56.6690,61.4598,0.9228808,c1ccc(N=Nc2ccc(N=Nc3ccc4ccccc4c3-c3ccc4cc(N(c5ccccc5)c5ccc(-c6ccc7c8ccccc8n(-c8ccccc8)c7c6)cc5)ccc4c3)cc2)cc1,1,c1ccc(N=Nc2ccc(N=Nc3ccc4ccccc4c3-c3ccc4cc(N(c5ccccc5)c5ccc(-c6ccc7c8ccccc8n(-c8ccccc8)c7c6)cc5)ccc4c3)cc2)cc1,0.9952171,457.9557,0.1263281,0.1263,0.5057471,3.4086,1.0000000,1.0000,[],46
27.2369,38.1416,13.6516,0.4046343,C(=Cc1ccc2ccc(N(c3ccccc3)c3ccccc3)cc2c1)c1ccc(N=Cc2ccccn2)cc1,1,C(=Cc1ccc2ccc(N(c3ccccc3)c3ccccc3)cc2c1)c1ccc(N=Cc2ccccn2)cc1,0.4132161,396.1925,0.1608771,0.1609,0.5956298,2.5907,1.0000000,1.0000,[],46
23.1023,41.4714,47.8248,0.6976269,C(=Cc1ccc(-c2ccccc2N(c2ccccc2)c2ccccc2)c(N=Nc2ccccc2)c1)c1ccc(N(c2ccccc2)c2ccccc2)cc1,1,C(=Cc1ccc(-c2ccccc2N(c2ccccc2)c2ccccc2)c(N=Nc2ccccc2)c1)c1ccc(N(c2ccccc2)c2ccccc2)cc1,0.7449403,411.6370,0.0996719,0.0997,0.5721796,2.7915,1.0000000,1.0000,[],46
55.9347,65.4177,-64.9240,0.0038576,Cc1ccc(-n2c3c(c4ccccc42)-c2ccccc2-c2ccc(-c4ccc(C(=NCc5ccc(C#N)cc5)c5ccccc5)cc4)cc2-n2cccc2-3)cc1,1,c1ccc(CN=C(c2ccccc2)c2ccc(-c3ccc4c(c3)-n3cccc3-c3c(c5ccccc5n3-c3ccccc3)-c3ccccc3-4)cc2)cc1,0.0030935,337.2948,0.1580425,0.1580,0.5265070,3.2075,1.0000000,1.0000,[],46
15.0218,32.2061,87.5249,0.9353990,c1ccc(N=Nc2ccc(Nc3ccc(N=Nc4ccccc4)cc3-c3ccccc3)cc2)cc1,1,c1ccc(N=Nc2ccc(Nc3ccc(N=Nc4ccccc4)cc3-c3ccccc3)cc2)cc1,0.9842567,444.9003,0.2448276,0.2448,0.6221678,2.3727,1.0000000,1.0000,[],46
32.5039,39.9508,51.8985,0.7175724,CN(C)c1ccc(C=CC=CCN=Nc2csc3ccccc23)cc1,1,C(C=Cc1ccccc1)=CCN=Nc1csc2ccccc12,0.7364201,411.1553,0.3785625,0.3786,0.5465270,3.0209,1.0000000,1.0000,[],46
30.2849,41.6362,76.5251,0.9231346,O=[N+]([O-])c1ccc(Oc2nc(-c3ccccc3)nc(-c3ccc(N=Nc4ccccc4)cc3)n2)c(Br)c1,1,c1ccc(N=Nc2ccc(-c3nc(Oc4ccccc4)nc(-c4ccccc4)n3)cc2)cc1,0.9952928,458.1299,0.1142882,0.1143,0.5937219,2.6067,1.0000000,1.0000,[],46
34.4606,37.5357,-37.5357,0.0000000,COc1ccccc1N=NC(=C1SC(=O)NC1=O)C(C)C,1,O=C1NC(=O)C(=CN=Nc2ccccc2)S1,0.0000000,0.0000,0.0000000,0.0000,0.0000000,0.0000,0.0000000,0.0000,"['C(=[O,S])[O,S]']",46
39.4762,52.8427,63.2943,0.9073203,CCCCN(c1ccccc1)c1ccc(-c2ccc(N(c3ccccc3)c3ccc(-c4ccc(C=Cc5ccc(N=Nc6ccccc6)cc5)s4)c4ccccc34)cc2)cc1,1,C(=Cc1ccc(-c2ccc(N(c3ccccc3)c3ccc(-c4ccc(Nc5ccccc5)cc4)cc3)c3ccccc23)s1)c1ccc(N=Nc2ccccc2)cc1,0.9836835,444.5057,0.1025152,0.1025,0.5143037,3.3247,1.0000000,1.0000,[],46
33.9378,48.6280,67.4766,0.9070672,Cc1[nH]c(O)c(-c2ccccc2)c(=O)c1C=c1sc2nc(-c3ccc(N=Nc4ccccc4)cc3)nn2c1=O,1,O=c1c(C=c2sc3nc(-c4ccc(N=Nc5ccccc5)cc4)nn3c2=O)c[nH]cc1-c1ccccc1,0.9498563,431.9360,0.2971635,0.2972,0.5416634,3.0656,1.0000000,1.0000,[],46
42.1793,51.7376,66.5213,0.9238979,Oc1c(N=Nc2cccc3ccccc23)ccc2c(N3CCC(Cc4ccccc4)CC3)c(I)cnc12,1,c1ccc(CC2CCN(c3ccnc4cc(N=Nc5cccc6ccccc56)ccc34)CC2)cc1,0.9861133,446.2832,0.1629223,0.1629,0.5645511,2.8586,1.0000000,1.0000,[],46
25.2887,36.6485,37.5068,0.5793381,NC(=S)Cc1cnc2cc(N=Nc3ccccc3)ccc2c1,1,c1ccc(N=Nc2ccc3cccnc3c2)cc1,0.5790874,403.4638,0.5707392,0.5707,0.6047844,2.5144,1.0000000,1.0000,[],46
44.0945,63.7717,-63.7717,0.0000000,c1c2c(c(n3C(C(=Cc3o2)c2ccccc2)C=Nc2ccc(cc2)N=Cc2ccccc2O)=S)ccc1N(CC)CC,0,,0.0000000,0.0000,0.0000000,0.0000,0.0000000,0.0000,0.0000000,0.0000,None,47
43.9163,49.0310,-47.6043,0.0111461,C=CCOc1c(Sc2ccc(N(CC)CC)c3ccccc23)[nH]c2cccc(OCC)c12,1,c1ccc2[nH]c(Sc3cccc4ccccc34)cc2c1,0.0092924,349.3046,0.2597179,0.2597,0.5600600,2.8986,1.0000000,1.0000,[],47
36.3471,62.3351,28.5011,0.7096574,O=C(CSc1ccccc1)Nc1ccc(-c2cn3cc(C=Cc4ccc(N=Nc5ccccc5)cc4)ccc3n2)cc1N=Nc1ccccc1,1,O=C(CSc1ccccc1)Nc1ccc(-c2cn3cc(C=Cc4ccc(N=Nc5ccccc5)cc4)ccc3n2)cc1N=Nc1ccccc1,0.7573485,412.3578,0.1096195,0.1096,0.5321782,3.1539,1.0000000,1.0000,[],47
39.1663,50.5198,-18.4287,0.2507116,C[n+]1ccccc1N=Nc1ccc(N=Nc2ccc(-c3cccc[n+]3C)c3ccc[n+](C)c23)cc1,1,c1ccc(N=Nc2ccc(N=Nc3ccc(-c4cccc[nH+]4)c4ccc[nH+]c34)cc2)[nH+]c1,0.2478139,532.0550,0.2347105,0.2347,0.4807923,3.6616,1.0000000,1.0000,[],47
34.8837,40.7795,80.2042,0.9451853,Cc1ccc(N=C2C(=Cc3c(C)n(C)c4ccccc34)C(=O)N(c3ccccc3)C(=S)N2C)cc1,1,O=C1C(=Cc2c[nH]c3ccccc23)C(=Nc2ccccc2)NC(=S)N1c1ccccc1,0.9949806,462.5710,0.2610831,0.2611,0.5681806,2.8266,1.0000000,1.0000,[],47
34.3070,49.2205,69.0760,0.9241908,Cn1c(=NC(=O)Cc2ccccc2)nc(C=C2C=Nc3ccccc32)c2ccccc21,1,O=C(Cc1ccccc1)N=c1nc(C=C2C=Nc3ccccc32)c2ccccc2[nH]1,0.9519368,432.4199,0.5047714,0.5048,0.5617651,2.8834,1.0000000,1.0000,[],47
43.1043,54.5477,-54.5477,0.0000000,C1=NNCC(c2ccccc2)=C1c1ncc(-c2ccc(N(c3ccccc3)c3ccccc3)cc2-c2ccccc2)[nH]1,1,C1=NNCC(c2ccccc2)=C1c1ncc(-c2ccc(N(c3ccccc3)c3ccccc3)cc2-c2ccccc2)[nH]1,0.0000000,0.0000,0.0000000,0.0000,0.0000000,0.0000,0.0000000,0.0000,['[#7;!n][#7;!n]'],47
46.2533,56.1845,42.7989,0.7733071,COc1ccc2c(-c3ccc4c(C(=O)c5ccccc5)c(-c5ccccc5)nc(=O)n4c3O)c3ccccc3cc2c1,1,O=C(c1ccccc1)c1c(-c2ccccc2)nc(=O)n2cc(-c3c4ccccc4cc4ccccc34)ccc12,0.8146682,416.0758,0.1806081,0.1806,0.5766413,2.7527,1.0000000,1.0000,[],47
23.4172,39.7024,77.7867,0.9178835,CN(c1ccc(C=Nc2ccc(N=Cc3ccccc3)cc2)cc1)c1ccc(N=Nc2ccc(N=Nc3ccccc3)cc2)cc1,1,C(=Nc1ccc(N=Cc2ccc(Nc3ccc(N=Nc4ccc(N=Nc5ccccc5)cc4)cc3)cc2)cc1)c1ccccc1,0.9901322,469.9632,0.1142487,0.1142,0.5717102,2.7956,1.0000000,1.0000,[],47
21.5743,27.8205,92.8812,0.9429826,Cc1cccc(NC(=O)C(=O)Nc2ccc(N=Nc3ccccc3)cc2)c1,1,O=C(Nc1ccccc1)C(=O)Nc1ccc(N=Nc2ccccc2)cc1,0.9687276,437.2760,0.5087238,0.5087,0.6620328,2.0622,1.0000000,1.0000,[],47
32.0944,47.3843,72.1483,0.9338490,Cc1cc(N=Nc2ccc(N=Nc3ccccc3)cc2)ccc1-c1cc2ccccc2n1C(C)(C)C,1,c1ccc(N=Nc2ccc(N=Nc3ccc(-c4cc5ccccc5[nH]4)cc3)cc2)cc1,0.9869418,446.9602,0.2289504,0.2290,0.5563818,2.9315,1.0000000,1.0000,[],47
25.8298,42.0139,75.5188,0.9182240,CN(C)c1ccc(N=Nc2ccc(-c3ccc4c(N=C5c6ccccc6-c6ccccc65)cccc4c3)cc2)cc1,1,c1ccc(N=Nc2ccc(-c3ccc4c(N=C5c6ccccc6-c6ccccc65)cccc4c3)cc2)cc1,0.9721233,438.5620,0.2048966,0.2049,0.5799152,2.7244,1.0000000,1.0000,[],47
32.2127,42.8878,-25.8798,0.1328750,Oc1cccc2cc(C=Nc3ccc4c(c3)c3ccccc3n4-c3cccc4ccccc34)ccc12,1,C(=Nc1ccc2c(c1)c1ccccc1n2-c1cccc2ccccc12)c1ccc2ccccc2c1,0.1259442,378.9660,0.2624813,0.2625,0.6096254,2.4746,1.0000000,1.0000,[],47
28.9321,39.7542,79.9335,0.9350599,CN(C)c1nc2ccccc2c(N=Nc2ccc3ccccc3c2)c1C=Nc1ccccc1,1,C(=Nc1ccccc1)c1cnc2ccccc2c1N=Nc1ccc2ccccc2c1,0.9897884,449.6612,0.2130577,0.2131,0.5767195,2.7520,1.0000000,1.0000,[],47
27.6920,47.4744,72.2177,0.9350943,O=C1C(=Cc2ccc(N=Nc3ccccc3)cc2)Oc2c1c(=O)[nH]c1ccc(N=Nc3ccccc3)cc21,1,O=C1C(=Cc2ccc(N=Nc3ccccc3)cc2)Oc2c1c(=O)[nH]c1ccc(N=Nc3ccccc3)cc21,0.9935073,454.6187,0.1963142,0.1963,0.5466604,3.0196,1.0000000,1.0000,[],47
61.2805,71.5426,-71.5426,0.0000000,CC1(c2cc3ccccc3o2)NC(=O)N=C1S1(c2ccccc2)C(=O)c2c(-c3ccccc3)c(O)cc(=O)n21,1,O=C1N=C(S2(c3ccccc3)C(=O)c3c(-c4ccccc4)ccc(=O)n32)C(c2cc3ccccc3o2)N1,0.0000000,0.0000,0.0000000,0.0000,0.0000000,0.0000,0.0000000,0.0000,"['C(=[O,S])[O,S]']",47
31.2832,36.9122,-36.5331,0.0029620,c1ccc2c(c1)ccc1c3ccc(-n4c5ccccc5c5ccccc54)cc3ccc21,1,c1ccc2c(c1)ccc1c3ccc(-n4c5ccccc5c5ccccc54)cc3ccc21,0.0022973,334.0552,0.2474745,0.2475,0.6780075,1.9430,1.0000000,1.0000,[],47
28.0789,30.8693,-30.8693,0.0000000,O=c1cc(C=NNC(=S)Nc2ccccc2)c2ccc(Br)cc2o1,1,O=c1cc(C=NNC(=S)Nc2ccccc2)c2ccccc2o1,0.0000000,0.0000,0.0000000,0.0000,0.0000000,0.0000,0.0000000,0.0000,['[#7;!n][#7;!n]'],47
37.8892,33.0438,-33.0432,0.0000043,CC1OCC=C2C(OCc3ccccc3)CCCC21,1,C1=C2C(CCCC2OCc2ccccc2)COC1,0.0000023,259.1468,0.7693221,0.7693,0.4821888,3.6471,1.0000000,1.0000,[],47
31.6774,44.6499,75.5967,0.9394262,Fc1ccc(-c2nc3scc(N=Nc4ccc(N(c5ccccc5)c5ccccc5)cc4)c3o2)cc1,1,c1ccc(-c2nc3scc(N=Nc4ccc(N(c5ccccc5)c5ccccc5)cc4)c3o2)cc1,0.9938424,464.8024,0.2184209,0.2184,0.5775769,2.7446,1.0000000,1.0000,[],47
36.0502,39.3341,-39.1757,0.0012374,[C-]#[N+]c1c(-c2ccccc2)c2ccccc2n1CC(=O)COc1ccccc1,1,O=C(COc1ccccc1)Cn1cc(-c2ccccc2)c2ccccc21,0.0009032,323.9043,0.4220325,0.4220,0.6135739,2.4423,1.0000000,1.0000,[],47
25.6180,43.8022,77.0897,0.9444682,CN1c2cc(N=Nc3ccccc3)ccc2C=CC1c1ccc(N=Nc2ccccc2)cc1,1,C1=CC(c2ccc(N=Nc3ccccc3)cc2)Nc2cc(N=Nc3ccccc3)ccc21,0.9927632,453.4325,0.2926027,0.2926,0.5126019,3.3413,1.0000000,1.0000,[],47
32.9842,48.1664,67.3093,0.9021541,c1ccc(N=Nc2ccc(-c3nc4cc(N5CCC(Nc6ccc(Nc7ccccc7)cc6)CC5)ccc4o3)cc2)cc1,1,c1ccc(N=Nc2ccc(-c3nc4cc(N5CCC(Nc6ccc(Nc7ccccc7)cc6)CC5)ccc4o3)cc2)cc1,0.9578307,433.9073,0.1799550,0.1800,0.5889442,2.6471,1.0000000,1.0000,[],47
36.7365,46.4954,-46.4954,0.0000000,CCCCCCOc1cccc(C=Nc2ccc(C3(C(=O)O)C=CC4=NC=NC4=N3)cc2)c1,1,C1=CC(c2ccc(N=Cc3ccccc3)cc2)N=C2N=CN=C12,0.0000000,0.0000,0.0000000,0.0000,0.0000000,0.0000,0.0000000,0.0000,"['C(=[O,S])[O,S]']",47
21.7942,43.5300,75.4761,0.9297353,c1ccc(N=Nc2ccc(Cn3c(=Nc4ccc(N=Nc5ccccc5)cc4)ccc4ccccc43)cc2)cc1,1,c1ccc(N=Nc2ccc(Cn3c(=Nc4ccc(N=Nc5ccccc5)cc4)ccc4ccccc43)cc2)cc1,0.9876887,447.6079,0.1888076,0.1888,0.5747547,2.7691,1.0000000,1.0000,[],47
45.2361,58.4890,55.8364,0.8931675,CC(C)(C)C(=O)Nc1ccc(-c2cc(CCC3=Cc4ccc(N=Nc5ccccc5)cc4OC3)on2)cc1,1,C1=C(CCc2cc(-c3ccccc3)no2)COc2cc(N=Nc3ccccc3)ccc21,0.9386370,429.6148,0.2561426,0.2561,0.5499001,2.9901,1.0000000,1.0000,[],47
24.4233,33.4311,-31.3203,0.0164913,c1ccc(C2=Nc3ccccc3C23c2ccccc2N(c2ccccc2)c2ccccc23)cc1,1,c1ccc(C2=Nc3ccccc3C23c2ccccc2N(c2ccccc2)c2ccccc23)cc1,0.0140059,353.8109,0.2752860,0.2753,0.5666038,2.8405,1.0000000,1.0000,[],47
36.3834,34.6709,-34.6511,0.0001550,O=C=NCc1cccc(CN2CCN(C(=O)c3cc4ccccc4[nH]3)CC2)c1,1,O=C(c1cc2ccccc2[nH]1)N1CCN(Cc2ccccc2)CC1,0.0001005,300.0577,0.5514174,0.5514,0.6166834,2.4170,1.0000000,1.0000,[],47
27.9766,33.7661,-30.6996,0.0239573,c1ccc(N(c2ccccc2)c2ccc(-c3cccc4c5ccccc5n(-c5ccccc5)c34)c3oc4ccccc4c23)cc1,1,c1ccc(N(c2ccccc2)c2ccc(-c3cccc4c5ccccc5n(-c5ccccc5)c34)c3oc4ccccc4c23)cc1,0.0209375,358.2528,0.2031937,0.2032,0.5836870,2.6920,1.0000000,1.0000,[],47
19.4280,32.3174,81.8166,0.8916718,c1ccc(N=Nc2ccc(-c3cnc(Nc4ccccc4)s3)cc2)cc1,1,c1ccc(N=Nc2ccc(-c3cnc(Nc4ccccc4)s3)cc2)cc1,0.9214985,426.7404,0.3925185,0.3925,0.6396865,2.2339,1.0000000,1.0000,[],47
28.3434,34.9637,-23.3218,0.0909522,CCN(CC)c1ccc2c(C=Cc3ccc4ccccc4n3)c3ccc(=O)cc-3oc2c1,1,O=c1ccc2c(C=Cc3ccc4ccccc4n3)c3ccccc3oc-2c1,0.0842029,545.9118,0.3060652,0.3061,0.5739907,2.7757,1.0000000,1.0000,[],47
27.8893,38.9504,74.7108,0.8879782,Clc1ccc(-c2ccc(N=Nc3ccc(N=Nc4ccccc4)cc3)[nH]2)cc1Cl,1,c1ccc(N=Nc2ccc(N=Nc3ccc(-c4ccccc4)[nH]3)cc2)cc1,0.9262895,492.5196,0.3135804,0.3136,0.5690134,2.8193,1.0000000,1.0000,[],47
30.5950,30.9782,-30.7013,0.0021634,IC1=C2C=CC=CC2C=CC1,1,C1=CC2=CCC=CC2C=C1,0.0016357,330.3603,0.4600973,0.4601,0.4089084,4.4713,1.0000000,1.0000,[],47
34.7368,56.0099,58.0058,0.8907480,CCC[n+]1c(C=Cc2ccc(N3CCCC3=O)cc2)sc2cccc(N=Cc3ccc(N(c4ccccc4)c4ccccc4)cc3)c21,1,O=C1CCCN1c1ccc(C=Cc2[nH+]c3c(N=Cc4ccc(N(c5ccccc5)c5ccccc5)cc4)cccc3s2)cc1,0.9615237,485.0558,0.1112612,0.1113,0.5341066,3.1358,1.0000000,1.0000,[],47
29.4266,42.0982,55.0465,0.7589423,C(C=Cc1ccc(N(c2ccccc2)c2ccccc2)c2ccccc12)=COc1ccccc1-c1ccccc1,1,C(C=Cc1ccc(N(c2ccccc2)c2ccccc2)c2ccccc12)=COc1ccccc1-c1ccccc1,0.8033363,415.2793,0.1476170,0.1476,0.5944422,2.6007,1.0000000,1.0000,[],47
37.1351,40.5476,-38.1156,0.0189998,CN(C)c1ccc2oc3cc(Cl)c(-c4ccc(Cl)c(Cl)c4)cc3c2c1,1,c1ccc(-c2ccc3oc4ccccc4c3c2)cc1,0.0160858,355.3371,0.3573701,0.3574,0.6334953,2.2825,1.0000000,1.0000,[],47
33.5664,47.0365,-42.2741,0.0372059,CCCc1ccc2cc(N(c3ccccc3)c3ccccc3)ccc2c1-c1cc2ccccc2cc1-c1ccccc1,1,c1ccc(-c2cc3ccccc3cc2-c2cccc3cc(N(c4ccccc4)c4ccccc4)ccc23)cc1,0.0332919,363.4261,0.1946487,0.1946,0.6104451,2.4678,1.0000000,1.0000,[],47
28.2810,43.5259,76.7158,0.9393884,Nc1ccccc1N=Nc1cccc(NC(=O)c2cccc(N=Nc3ccccc3)c2)n1,1,O=C(Nc1cccc(N=Nc2ccccc2)n1)c1cccc(N=Nc2ccccc2)c1,0.9877569,447.6690,0.2647426,0.2647,0.5782881,2.7384,1.0000000,1.0000,[],47
36.9729,42.8332,-42.8332,0.0000000,O=C(NNC1=C(CCc2ccccc2)C(=O)N(c2ccccc2)C1=O)c1cccc([N+](=O)[O-])c1,1,O=C(NNC1=C(CCc2ccccc2)C(=O)N(c2ccccc2)C1=O)c1ccccc1,0.0000000,0.0000,0.0000000,0.0000,0.0000000,0.0000,0.0000000,0.0000,['[#7;!n][#7;!n]'],47
40.0378,44.9423,-44.8537,0.0006920,O=c1oc2ccc(F)cc2c2ccn(Cc3cc4ccccc4c4ccccc34)c12,1,O=c1oc2ccccc2c2ccn(Cc3cc4ccccc4c4ccccc34)c12,0.0004974,317.4238,0.2577373,0.2577,0.6214818,2.3782,1.0000000,1.0000,[],47
31.0594,51.6962,66.6928,0.9249139,O=C(CN1CCN(c2ccc(N=Nc3ccc(N=Nc4ccccc4)cc3)cc2)CC1)N1c2ccccc2N=Cc2sccc21,1,O=C(CN1CCN(c2ccc(N=Nc3ccc(N=Nc4ccccc4)cc3)cc2)CC1)N1c2ccccc2N=Cc2sccc21,0.9871829,472.8348,0.1721882,0.1722,0.5214033,3.2562,1.0000000,1.0000,[],47
42.3812,47.7825,-47.7825,0.0000000,c1cc(c(cc1)C#N)-c1cc2c(n(c3c(cc(C#N)c(c3)-c3cc4c(cc3)cccc4)c2)-c2ccccc2)cc1,0,,0.0000000,0.0000,0.0000000,0.0000,0.0000000,0.0000,0.0000000,0.0000,None,47
33.4388,38.2020,-37.9838,0.0017048,O=c1[nH]c2c(c(=O)[nH]1)C(c1cccc(Cl)c1F)C=Cc1ccccc1-2,1,O=c1[nH]c2c(c(=O)[nH]1)C(c1ccccc1)C=Cc1ccccc1-2,0.0012498,327.4342,0.6997285,0.6997,0.5216619,3.2537,1.0000000,1.0000,[],47
30.3749,35.3066,84.4240,0.9353952,CC(=O)c1cc(N=Nc2ccc([N+](=O)[O-])cc2)cc([N+](=O)[O-])c1N,1,c1ccc(N=Nc2ccccc2)cc1,0.9803506,442.4508,0.2897143,0.2897,0.5836954,2.6919,1.0000000,1.0000,[],47
47.0059,48.2571,-48.2571,0.0000000,O=C(COC(=O)c1c2ccccc2nc2ccccc12)Nc1ccc2c(c1)c1ccccc1n2CC(=O)Nc1ccc(F)cc1,1,O=C(COC(=O)c1c2ccccc2nc2ccccc12)Nc1ccc2c(c1)c1ccccc1n2CC(=O)Nc1ccccc1,0.0000000,0.0000,0.0000000,0.0000,0.0000000,0.0000,0.0000000,0.0000,"['C(=[O,S])[O,S]']",47
26.2278,38.4419,78.9507,0.9171304,Nc1ccc(S(=O)(=O)c2ccc(Sc3ccc(N=Nc4ccccc4)cc3)cc2)c(N)c1,1,O=S(=O)(c1ccccc1)c1ccc(Sc2ccc(N=Nc3ccccc3)cc2)cc1,0.9628264,435.3328,0.2608614,0.2609,0.6003579,2.5511,1.0000000,1.0000,[],47
39.1142,50.2985,17.9008,0.5328072,CCCN(CCC)c1ccc(C=CC(C)=c2ccc(=CC=Cc3ccc(N(C)C)cc3)cc2OC)cc1,1,C(=Cc1ccccc1)C=c1ccc(=CC=Cc2ccccc2)cc1,0.5430413,518.1261,0.2926754,0.2927,0.5301047,3.1734,1.0000000,1.0000,[],47
28.8845,46.3458,67.1452,0.8866482,C[N+](=O)c1ccc(N=Nc2cc(Oc3ccccc3)ccc2N=Nc2ccc(N=Nc3ccccc3)cc2)cc1,1,c1ccc(N=Nc2ccc(N=Nc3ccc(Oc4ccccc4)cc3N=Nc3ccccc3)cc2)cc1,0.9493493,488.1790,0.1407210,0.1407,0.5461257,3.0245,1.0000000,1.0000,[],47
16.9601,35.0867,80.5241,0.9032087,c1ccc(N=Nc2ccc(NCc3ccc(-c4ccc(N=Nc5ccccc5)cc4)cc3)cc2)cc1,1,c1ccc(N=Nc2ccc(NCc3ccc(-c4ccc(N=Nc5ccccc5)cc4)cc3)cc2)cc1,0.9503839,432.0569,0.2267729,0.2268,0.6394601,2.2357,1.0000000,1.0000,[],47
23.8602,35.9498,84.1297,0.9381217,CN(C)c1ccc(C=Nc2ccc(N=Nc3ccccc3)c(N=Nc3ccccc3)c2)cc1,1,C(=Nc1ccc(N=Nc2ccccc2)c(N=Nc2ccccc2)c1)c1ccccc1,0.9930786,466.0802,0.2137082,0.2137,0.5774373,2.7458,1.0000000,1.0000,[],47
27.7964,38.0518,-32.5988,0.0426017,C=CCn1c2ccccc2c2cc(C3=Cc4ccccc4N(C)c4ccccc43)ccc21,1,C1=C(c2ccc3[nH]c4ccccc4c3c2)c2ccccc2Nc2ccccc21,0.0379796,364.9091,0.2762893,0.2763,0.6035110,2.5250,1.0000000,1.0000,[],47
33.1945,57.1518,61.3828,0.9260519,CCN(CC)c1ccc(C=Nc2c(C=Cc3ccc(N(C)C)cc3)c3nc(-c4ccc(C)cc4)ccc3c(=O)n2-c2ccccc2)cc1,1,O=c1c2ccc(-c3ccccc3)nc2c(C=Cc2ccccc2)c(N=Cc2ccccc2)n1-c1ccccc1,0.9936823,465.0827,0.1415366,0.1415,0.5447580,3.0371,1.0000000,1.0000,[],47
21.0712,34.5888,-10.4740,0.1883969,CCCCCCn1c2ccccc2c2cccc(C=Cc3ccc(N(c4ccccc4)c4ccccc4)cc3)c21,1,C(=Cc1cccc2c1[nH]c1ccccc12)c1ccc(N(c2ccccc2)c2ccccc2)cc1,0.1860100,383.9729,0.1287661,0.1288,0.6109587,2.4636,1.0000000,1.0000,[],47
54.6715,57.6791,26.1464,0.6548866,C=NC(=C1CC1)c1cnc(C=C(N)I)c(Nc2ccccc2)c1C=N,1,C(=C1CC1)c1cncc(Nc2ccccc2)c1,0.6731470,407.8439,0.3431309,0.3431,0.4676242,3.8005,1.0000000,1.0000,[],47
14.5438,30.4586,91.5363,0.9530847,c1ccc(N=Nc2ccc(N=Nc3ccc(-c4cccnc4)cc3)cc2)cc1,1,c1ccc(N=Nc2ccc(N=Nc3ccc(-c4cccnc4)cc3)cc2)cc1,0.9936840,465.0799,0.3369966,0.3370,0.6249472,2.3504,1.0000000,1.0000,[],47
26.2471,37.8363,62.2195,0.7816859,Nc1nc(-c2ccc(N=Nc3ccccc3)cc2)nc2oc(-c3ccccc3)c(N)c12,1,c1ccc(N=Nc2ccc(-c3ncc4cc(-c5ccccc5)oc4n3)cc2)cc1,0.8067424,415.5150,0.3479299,0.3479,0.5881246,2.6541,1.0000000,1.0000,[],47
15.2897,26.5138,95.0143,0.9494383,CN(c1ccccc1)c1ccc(N=Nc2ccc(N=Nc3ccccc3)cc2)cc1,1,c1ccc(N=Nc2ccc(N=Nc3ccc(Nc4ccccc4)cc3)cc2)cc1,0.9924384,467.0478,0.3049836,0.3050,0.6360703,2.2622,1.0000000,1.0000,[],47
47.8674,53.0840,24.9324,0.6095036,CC1CCN(CCNC(=O)Nc2ccc3c(c2)C(=Nc2ccccc2)c2cc(C4CCC4)ccc2-3)CC1,1,O=C(NCCN1CCCCC1)Nc1ccc2c(c1)C(=Nc1ccccc1)c1cc(C3CCC3)ccc1-2,0.6233295,405.4689,0.3057351,0.3057,0.5911633,2.6283,1.0000000,1.0000,[],47
50.3618,64.4841,34.7642,0.7753771,N#Cc1cccc(C=Nc2ccc(C=Cc3ccc4c(N=Cc5ccccc5)c5c(cc4c3)C(=Cc3ccccc3N=Cc3ccccc3)C(c3ccccc3)C=C5)cc2)c1,1,C(=Cc1ccc2c(N=Cc3ccccc3)c3c(cc2c1)C(=Cc1ccccc1N=Cc1ccccc1)C(c1ccccc1)C=C3)c1ccc(N=Cc2ccccc2)cc1,0.8372194,417.7809,0.1006844,0.1007,0.4328543,4.1868,1.0000000,1.0000,[],47
18.7942,35.1288,84.8749,0.9375285,c1ccc(N=Nc2ccc(N=Nc3ccc(Nc4cccc(N(c5ccccc5)c5ccccc5)c4)cc3)cc2)cc1,1,c1ccc(N=Nc2ccc(N=Nc3ccc(Nc4cccc(N(c5ccccc5)c5ccccc5)c4)cc3)cc2)cc1,0.9959490,459.7670,0.1839657,0.1840,0.6107380,2.4654,1.0000000,1.0000,[],47
44.6278,62.2730,5.4464,0.5290582,CC(=O)Nn1c2cc(N(c3ccccc3)c3ccccc3)ccc2c2c(C)c(N=Cc3ccc(N(c4ccccc4)c4ccccc4)cc3)ncc21,1,C(=Nc1cc2c(cn1)[nH]c1cc(N(c3ccccc3)c3ccccc3)ccc12)c1ccc(N(c2ccccc2)c2ccccc2)cc1,0.5501597,402.1858,0.1545644,0.1546,0.5227486,3.2433,1.0000000,1.0000,[],47
50.5884,58.4668,-18.3099,0.3137254,COc1ccc(C=CC2(C)C=Nc3c2n(Cc2ccccc2)c2ccc(O)cc2c3=O)cc1[N+](=O)[O-],1,O=c1c2c(n(Cc3ccccc3)c3ccccc13)C(C=Cc1ccccc1)C=N2,0.3113723,391.3824,0.2947275,0.2947,0.4926713,3.5396,1.0000000,1.0000,[],47
28.2045,34.0479,-31.7489,0.0179611,O=C1c2ccccc2C2(C=CC=CC2=O)c2ccccc21,1,O=C1c2ccccc2C2(C=CC=CC2=O)c2ccccc21,0.0148737,354.4732,0.7376488,0.7376,0.5307387,3.1674,1.0000000,1.0000,[],47
46.9450,55.2189,-0.4900,0.4275692,N#CC12C=Cc3ccccc3N1C(c1ccc(N=Nc3ccccc3)cc1C=N)=NO2,1,C1=CC2ON=C(c3ccc(N=Nc4ccccc4)cc3)N2c2ccccc21,0.4262607,396.7740,0.4561890,0.4562,0.4487749,4.0062,1.0000000,1.0000,[],47
27.7124,35.5591,-29.1780,0.0498526,O=C1C(=Cc2cccc(Cl)c2)SC(=Nc2ccccc2)N1c1cccc(-c2ccccc2)c1,1,O=C1C(=Cc2ccccc2)SC(=Nc2ccccc2)N1c1cccc(-c2ccccc2)c1,0.0447111,366.7570,0.2870614,0.2871,0.6348769,2.2716,1.0000000,1.0000,[],48
16.8728,27.7914,93.9449,0.9510650,c1ccc(N=Nc2ccc(N=Nc3ccccc3Nc3ccccc3)cc2)cc1,1,c1ccc(N=Nc2ccc(N=Nc3ccccc3Nc3ccccc3)cc2)cc1,0.9911273,468.7981,0.3376706,0.3377,0.6333165,2.2839,1.0000000,1.0000,[],48
31.6639,39.1008,70.5901,0.8569604,COc1cc(OCc2ccccc2)ccc1C=Nc1ccc2c(c1)C(=O)C(=O)N2,1,O=C1Nc2ccc(N=Cc3ccc(OCc4ccccc4)cc3)cc2C1=O,0.8770094,421.3283,0.5097588,0.5098,0.6227137,2.3683,1.0000000,1.0000,[],48
21.2674,33.1348,87.6408,0.9435594,N#Cc1ccc2c(-c3ccccc3)c3ccccc3c(N=Nc3ccccc3)c2c1,1,c1ccc(N=Nc2c3ccccc3c(-c3ccccc3)c3ccccc23)cc1,0.9951299,462.2414,0.2302455,0.2302,0.6250091,2.3499,1.0000000,1.0000,[],48
18.0500,32.4238,86.7495,0.9310410,c1ccc(N=Nc2ccc(N=Nc3ccc(OCc4ccc(N(c5ccccc5)c5ccccc5)cc4)cc3)cc2)cc1,1,c1ccc(N=Nc2ccc(N=Nc3ccc(OCc4ccc(N(c5ccccc5)c5ccccc5)cc4)cc3)cc2)cc1,0.9935753,465.2663,0.1567105,0.1567,0.6148316,2.4320,1.0000000,1.0000,[],48
21.4839,31.1296,92.6293,0.9668662,OCCOc1cc(O)ccc1N=Nc1ccc(N=Nc2ccccc2)cc1,1,c1ccc(N=Nc2ccc(N=Nc3ccccc3)cc2)cc1,0.9953326,461.7777,0.5354863,0.5355,0.5911621,2.6283,1.0000000,1.0000,[],48
18.5311,32.0133,87.1394,0.9308808,O=C(Nc1ccc2ccccc2c1)c1ccc(N=Nc2ccc3ccccc3n2)cc1,1,O=C(Nc1ccc2ccccc2c1)c1ccc(N=Nc2ccc3ccccc3n2)cc1,0.9699553,437.7246,0.3271201,0.3271,0.6337755,2.2803,1.0000000,1.0000,[],48
39.5391,51.1805,68.4578,0.9346747,O=c1nc(CC2=CCCCC2)nc(C2CC2c2ccc(N=Nc3ccccc3)cc2)[nH]1,1,O=c1nc(CC2=CCCCC2)nc(C2CC2c2ccc(N=Nc3ccccc3)cc2)[nH]1,0.9737353,439.2267,0.4051036,0.4051,0.4685228,3.7909,1.0000000,1.0000,[],48
43.4772,57.2817,44.0483,0.7916404,COc1ccc(-c2nc(Nc3ccc(N=Nc4ccccc4)cc3)c3c(-c4cccc(OC)c4OC)n(C)nc3n2)cc1OC,1,c1ccc(N=Nc2ccc(Nc3nc(-c4ccccc4)nc4n[nH]c(-c5ccccc5)c34)cc2)cc1,0.8393577,417.9522,0.1575722,0.1576,0.5529603,2.9623,1.0000000,1.0000,[],48
25.9857,35.9639,-28.2797,0.0600333,CN(C)c1ccc(C=Nc2ccc(-c3ccc(NC(=O)Cc4cccs4)cc3)cc2)cc1,1,O=C(Cc1cccs1)Nc1ccc(-c2ccc(N=Cc3ccccc3)cc2)cc1,0.0540874,368.9311,0.3380874,0.3381,0.6368299,2.2563,1.0000000,1.0000,[],48
25.8743,35.3383,-22.2947,0.1019029,CN1C(=CC=C2c3ccccc3C(=O)N2c2ccccc2)C(=O)c2ccccc21,1,O=C1C(=CC=C2c3ccccc3C(=O)N2c2ccccc2)Nc2ccccc21,0.0928698,544.7449,0.5954350,0.5954,0.5929751,2.6130,1.0000000,1.0000,[],48
30.6152,43.8719,76.6887,0.9418797,O=C(C=Cc1ccc(N=Nc2cccc3ccccc23)cc1)Nc1ccc2c(c1)C(=O)NC2=O,1,O=C(C=Cc1ccc(N=Nc2cccc3ccccc23)cc1)Nc1ccc2c(c1)C(=O)NC2=O,0.9940843,455.6355,0.2304626,0.2305,0.6001614,2.5528,1.0000000,1.0000,[],48
33.7423,35.9456,-35.9456,0.0000000,O=C1C(=Cc2cc(O)c(O)c([N+](=O)[O-])c2)SC(=S)N1c1cccc(S(=O)(=O)O)c1,1,O=C1C(=Cc2ccccc2)SC(=S)N1c1ccccc1,0.0000000,0.0000,0.0000000,0.0000,0.0000000,0.0000,0.0000000,0.0000,"['C(=[O,S])[O,S]']",48
32.6548,32.8648,90.2410,0.9617640,CN(C)c1ccc(C2=C(C(=O)Cc3ccccc3)C(=O)N(Cc3ccco3)C2=O)cc1,1,O=C(Cc1ccccc1)C1=C(c2ccccc2)C(=O)N(Cc2ccco2)C1=O,0.9954801,461.4275,0.4373025,0.4373,0.6105276,2.4672,1.0000000,1.0000,[],48
22.6279,46.1016,71.4491,0.9183645,C(=C1CCC(c2ccc(N=Nc3ccc(N=Nc4ccccc4)cc3)cc2)=[N+]1c1ccccc1)c1ccccc1,1,C(=C1CCC(c2ccc(N=Nc3ccc(N=Nc4ccccc4)cc3)cc2)=[N+]1c1ccccc1)c1ccccc1,0.9830180,475.9356,0.1519693,0.1520,0.5388292,3.0918,1.0000000,1.0000,[],48
40.6278,60.0880,-7.9997,0.4069404,Brc1ccc(-c2onc3cnc(C=Cc4ccc(N=Nc5ccccc5)cc4)c(N=Nc4cccc5ccccc45)c23)cc1,1,C(=Cc1ncc2noc(-c3ccccc3)c2c1N=Nc1cccc2ccccc12)c1ccc(N=Nc2ccccc2)cc1,0.4165875,523.6567,0.1632713,0.1633,0.5261764,3.2106,1.0000000,1.0000,[],48
33.8271,38.4746,52.3635,0.7096727,CCN(CC)c1ccc(CN2c3ccccc3C(=O)N(C)c3cc([N+](=O)[O-])ccc32)cc1,1,O=C1Nc2ccccc2N(Cc2ccccc2)c2ccccc21,0.7253425,410.5438,0.3884209,0.3884,0.6210893,2.3814,1.0000000,1.0000,[],48
32.1298,54.1172,-54.1172,0.0000000,c1c2C(Nc3ccccc3N=Cc2c(Nc2ccc(cc2)N=Nc2ccccc2N=Nc2ccccc2)c1)=O,0,,0.0000000,0.0000,0.0000000,0.0000,0.0000000,0.0000,0.0000000,0.0000,None,48
26.8304,49.8449,36.1425,0.6717766,c1ccc(N=Nc2ccc(N=Nc3c4ccc(-c5ccccc5)cc4cc4ccc(-c5ccc(N(c6ccccc6)c6ccccc6)cc5)cc34)cc2)cc1,1,c1ccc(N=Nc2ccc(N=Nc3c4ccc(-c5ccccc5)cc4cc4ccc(-c5ccc(N(c6ccccc6)c6ccccc6)cc5)cc34)cc2)cc1,0.7141816,510.0570,0.1089220,0.1089,0.5619006,2.8822,1.0000000,1.0000,[],48
24.7543,38.5359,70.2338,0.8497636,CC(CN1CCN(c2ccc(N=Nc3ccccc3)cc2)CC1)c1cccc2ccccc12,1,c1ccc(N=Nc2ccc(N3CCN(CCc4cccc5ccccc45)CC3)cc2)cc1,0.8853801,422.1967,0.3009641,0.3010,0.5734149,2.7807,1.0000000,1.0000,[],48
42.6847,67.6721,47.4297,0.8992333,N#CC1(c2ccc3ccccc3c2-c2ccc(N=Nc3ccccc3)cc2)CCC(c2ccc(F)cc2)C=C1c1ccc(N=Nc2ccccc2)cc1,1,C1=C(c2ccc(N=Nc3ccccc3)cc2)C(c2ccc3ccccc3c2-c2ccc(N=Nc3ccccc3)cc2)CCC1c1ccccc1,0.9666551,436.5561,0.1465522,0.1466,0.4407902,4.0959,1.0000000,1.0000,[],48
21.7342,47.9265,67.4296,0.9012202,O=C(c1ccc(N=Nc2ccc(N=Nc3ccccc3)cc2)cc1)c1cc(N=Nc2ccccc2)ccc1N=Nc1ccc(N=Nc2ccccc2)cc1,1,O=C(c1ccc(N=Nc2ccc(N=Nc3ccccc3)cc2)cc1)c1cc(N=Nc2ccccc2)ccc1N=Nc1ccc(N=Nc2ccccc2)cc1,0.9793458,478.1018,0.0906567,0.0907,0.5444816,3.0396,1.0000000,1.0000,[],48
35.5342,39.4931,75.3322,0.8970724,CN1CCC(Nc2ccccc2C(=O)Cc2ccccc2N=O)CC1,1,O=C(Cc1ccccc1)c1ccccc1NC1CCNCC1,0.9139788,425.6583,0.6387680,0.6388,0.6150280,2.4304,1.0000000,1.0000,[],48
22.8521,39.2863,75.9335,0.9001551,O=[N+]([O-])c1ccc(C=Nc2ccc(C(O)c3ccc(N=Nc4ccccc4)cc3)cc2)cc1,1,C(=Nc1ccc(Cc2ccc(N=Nc3ccccc3)cc2)cc1)c1ccccc1,0.9627007,435.2948,0.1484236,0.1484,0.5530662,2.9614,1.0000000,1.0000,[],48
24.3898,47.2940,66.9269,0.8923503,N=Cc1cc(N=Cc2ccc(N=Nc3ccccc3)cc2)ccc1NC(=O)c1ccc(N=Nc2ccccc2)cc1,1,O=C(Nc1ccc(N=Cc2ccc(N=Nc3ccccc3)cc2)cc1)c1ccc(N=Nc2ccccc2)cc1,0.9553636,433.2620,0.1419326,0.1419,0.5503423,2.9861,1.0000000,1.0000,[],48
37.5343,38.0704,-38.0220,0.0003783,OC1C=C(C2C=C2c2ccc(I)cc2)CC1,1,C1=C(C2C=C2c2ccccc2)CCC1,0.0002574,310.2672,0.6531060,0.6531,0.4636508,3.8431,1.0000000,1.0000,[],48
54.4104,67.5767,50.5621,0.9229593,COc1ccc(C2N=C(c3ccc(N=Nc4ccccc4)cc3)C3(c4ccccc4)SC2C(=O)CC3=O)c(O)c1,1,O=C1CC(=O)C2(c3ccccc3)SC1C(c1ccccc1)N=C2c1ccc(N=Nc2ccccc2)cc1,0.9854643,445.7801,0.2090439,0.2090,0.3809159,4.8259,1.0000000,1.0000,[],48
47.0600,60.0487,-60.0487,0.0000000,C1(N(c2ccccc2)C(=O)C2CC=CC(c3ccc(N=Cc4ccccc4)cc3)=O)N3CCC3=N2,0,,0.0000000,0.0000,0.0000000,0.0000,0.0000000,0.0000,0.0000000,0.0000,None,48
47.6960,50.4776,-50.4453,0.0002528,O=C(CC1CN(C(=O)c2ccc3ccccc3c2)c2ccccc2NC1=O)NCc1cccc2[nH]ncc12,1,O=C(CC1CN(C(=O)c2ccc3ccccc3c2)c2ccccc2NC1=O)NCc1cccc2[nH]ncc12,0.0001716,305.8641,0.3248533,0.3249,0.5376264,3.1030,1.0000000,1.0000,[],48
40.0049,49.2122,30.0710,0.6193998,COc1ccccc1OCc1ccc(C=Nc2cc(C=Nc3ccc(N=Cc4ccc(N(C)C)cc4)cc3)ccc2C#N)cc1,1,C(=Nc1ccc(N=Cc2cccc(N=Cc3ccc(COc4ccccc4)cc3)c2)cc1)c1ccccc1,0.6501822,406.7298,0.1443198,0.1443,0.5500453,2.9888,1.0000000,1.0000,[],48
39.1733,43.6603,-43.6603,0.0000000,c1c(n(c2cccc(N/C=N/c3ncccn3)n21)-c1ccccc1)=O,0,,0.0000000,0.0000,0.0000000,0.0000,0.0000000,0.0000,0.0000000,0.0000,None,48
31.6242,40.8537,70.6495,0.8711186,CN(C)c1ccc(N=Nc2cccc(C=Cc3ccc(N(c4ccccc4)c4cccc(O)c4)cc3)c2)cc1,1,C(=Cc1cccc(N=Nc2ccccc2)c1)c1ccc(N(c2ccccc2)c2ccccc2)cc1,0.9254604,427.3493,0.1669971,0.1670,0.5858745,2.6732,1.0000000,1.0000,[],48
49.5457,64.4269,33.2230,0.7628899,Cc1ccc(-c2nc(N3C(=O)C(=Cc4ccc(N=Nc5ccccc5)cc4)C(O)=C(N=Nc4ccccc4Sc4ccccc4)C3=O)n[nH]2)cc1,1,O=C1C(=Cc2ccc(N=Nc3ccccc3)cc2)C=C(N=Nc2ccccc2Sc2ccccc2)C(=O)N1c1n[nH]c(-c2ccccc2)n1,0.8241359,503.2295,0.0877327,0.0877,0.4993516,3.4722,1.0000000,1.0000,[],48
40.8679,48.6911,-46.9218,0.0138229,NC(=O)c1ccccc1CCCC12C=CC(=O)C=C1C=C1CCCC12,1,O=C1C=CC2(CCCc3ccccc3)C(=C1)C=C1CCCC12,0.0112557,351.4072,0.8881395,0.8881,0.4646109,3.8328,1.0000000,1.0000,[],48
41.4124,54.5548,-54.5548,0.0000000,O=C(O)c1cccc(N=Nc2ccc(O)c(C=Nc3cc(-c4ccccc4)[n+](-c4ccccc4)c4cccc[n+]34)c2)c1,1,C(=Nc1cc(-c2ccccc2)[n+](-c2ccccc2)c2cccc[n+]12)c1cccc(N=Nc2ccccc2)c1,0.0000000,0.0000,0.0000000,0.0000,0.0000000,0.0000,0.0000000,0.0000,"['C(=[O,S])[O,S]']",48
31.5881,47.8171,52.0184,0.7799648,Cn1ccc(=NC(Cc2ccc(N=Nc3ccccc3)cc2)C(=O)c2ccccc2)cc1,1,O=C(c1ccccc1)C(Cc1ccc(N=Nc2ccccc2)cc1)N=c1cc[nH]cc1,0.8131326,415.9657,0.2738248,0.2738,0.5186503,3.2826,1.0000000,1.0000,[],48
25.0760,44.8499,41.3151,0.6731644,O=c1c(N=Nc2ccccc2)cn(-c2ccccc2)n1Cc1ccc(N=Nc2ccccc2)cc1,1,O=c1c(N=Nc2ccccc2)cn(-c2ccccc2)n1Cc1ccc(N=Nc2ccccc2)cc1,0.6987001,409.1323,0.2323801,0.2324,0.5661688,2.8443,1.0000000,1.0000,[],48
38.7511,41.7178,32.3967,0.5790190,C=CCNc1cc(=O)n2c(-c3ccc4c(c3)OCO4)cc(-c3ccc(Cl)cc3)nc2n1,1,O=c1ccnc2nc(-c3ccccc3)cc(-c3ccc4c(c3)OCO4)n12,0.5828987,403.6338,0.4707424,0.4707,0.5751675,2.7655,1.0000000,1.0000,[],48
29.5163,32.3546,-32.3546,0.0000000,c12n([nH]c(c1NC(=O)C)=O)cc1ccccc1c2=O,0,,0.0000000,0.0000,0.0000000,0.0000,0.0000000,0.0000,0.0000000,0.0000,None,48
43.8091,57.2041,-57.2041,0.0000000,C1/C(=N\OC)c2c(C(=O)N1)c(c(c(C=Cc1ccccc1)N=Nc1ccccc1)c2O)C,0,,0.0000000,0.0000,0.0000000,0.0000,0.0000000,0.0000,0.0000000,0.0000,None,48
48.3965,54.8086,53.5764,0.8467575,CCCCCCCCCCCCSc1ccccc1N=Nc1ccc(-c2nc3ccc(N)n(CCCCCCCCCC)c-3n2)s1,1,c1ccc(N=Nc2ccc(-c3nc4ccc[nH]c-4n3)s2)cc1,0.9381750,490.4720,0.0460447,0.0460,0.5125090,3.3422,1.0000000,1.0000,[],48
35.1231,40.5282,-22.0036,0.1447237,COc1cc(C=Nc2ccc(C=Nc3ccncc3)cc2)cc(OC)c1N,1,C(=Nc1ccncc1)c1ccc(N=Cc2ccccc2)cc1,0.1348901,379.8227,0.5279126,0.5279,0.5876098,2.6585,1.0000000,1.0000,[],48
34.8026,38.3035,47.8393,0.6729904,COc1cccc(C=c2sc3n(c2=O)C(c2ccc(C)cc2)C(C(=O)Nc2ccccc2)=C(c2ccccc2)N=3)c1OCc1ccc([N+](=O)[O-])cc1,1,O=C(Nc1ccccc1)C1=C(c2ccccc2)N=c2sc(=Cc3ccccc3OCc3ccccc3)c(=O)n2C1c1ccccc1,0.7141707,409.9424,0.1231409,0.1231,0.5119684,3.3475,1.0000000,1.0000,[],48
36.8454,45.5248,77.8085,0.9635408,CN(C)c1ccc2cc(-c3nc(=N)oc4ccc(N5CCCC5)cc34)c(=O)oc2c1,1,N=c1nc(-c2cc3ccccc3oc2=O)c2cc(N3CCCC3)ccc2o1,0.9934407,465.4928,0.5254372,0.5254,0.5603784,2.8957,1.0000000,1.0000,[],48
16.3193,30.1381,90.8451,0.9451816,Clc1ccc(N=Nc2ccccc2)c(N=Nc2ccc(N=Nc3ccccc3)cc2)c1,1,c1ccc(N=Nc2ccc(N=Nc3ccccc3N=Nc3ccccc3)cc2)cc1,0.9921415,467.4691,0.2761055,0.2761,0.5982783,2.5685,1.0000000,1.0000,[],48
52.8877,67.0950,-64.5659,0.0197584,CCCCOc1cc(C)c(C(=O)C(=Cc2cc(Cl)c(OCc3ccc(F)cc3)c(OCC)c2)c2cccc3ccccc23)c(OC)c1Cl,1,O=C(C(=Cc1ccc(OCc2ccccc2)cc1)c1cccc2ccccc12)c1ccccc1,0.0178858,356.5086,0.0503392,0.0503,0.5503879,2.9857,1.0000000,1.0000,[],48
37.7784,52.5498,66.8103,0.9325009,CCn1c2ccccc2c2cc(-c3nc(=S)[nH]c4cccc(N=Nc5ccccc5Cc5ccccc5)c34)ccc21,1,S=c1nc(-c2ccc3[nH]c4ccccc4c3c2)c2c(N=Nc3ccccc3Cc3ccccc3)cccc2[nH]1,0.9953550,461.7253,0.1656844,0.1657,0.5618053,2.8830,1.0000000,1.0000,[],48
27.0400,37.5481,84.8316,0.9560921,CN(c1ccccc1)c1ccc(N=Nc2oc(O)c(-c3ccccc3)c2N)cc1,1,c1ccc(Nc2ccc(N=Nc3cc(-c4ccccc4)co3)cc2)cc1,0.9942189,464.1133,0.3887721,0.3888,0.5755044,2.7625,1.0000000,1.0000,[],48
28.4673,39.7629,76.3108,0.9068264,CN(CCCCCCOc1ccc(N=Nc2ccc(N(c3ccccc3)c3ccccc3)cc2)cc1)c1ccc(N=Nc2ccccc2)cc1,1,c1ccc(N=Nc2ccc(NCCCCCCOc3ccc(N=Nc4ccc(N(c5ccccc5)c5ccccc5)cc4)cc3)cc2)cc1,0.9899191,449.8025,0.0767589,0.0768,0.5721733,2.7916,1.0000000,1.0000,[],48
37.6330,46.0140,75.2858,0.9476547,Oc1c(C=Nc2ccccc2)cc2ccccc2c1C=Nc1ccc(N2CC3CC2C3)cc1,1,C(=Nc1ccccc1)c1cc(C=Nc2ccc(N3CC4CC3C4)cc2)c2ccccc2c1,0.9906468,450.6239,0.3599014,0.3599,0.4921360,3.5450,1.0000000,1.0000,[],48
50.5541,54.1785,-54.1722,0.0000485,CC12C3=CCCCC3=CCC1CCC1C3CCC(C)(n4ccnc4)C3CCC12,1,C1=C2CCCC=C2C2C(C1)CCC1C3CCC(n4ccnc4)C3CCC12,0.0000299,286.9094,0.5462594,0.5463,0.3721367,4.9425,1.0000000,1.0000,[],48
49.1675,58.9999,50.5695,0.8560115,[C-]#[N+]c1ccc2sc(N3c4ccccc4N(c4cccc5ccccc45)c4ccccc43)c(N=C(C#N)c3cccs3)c2c1,1,C(=Nc1c(N2c3ccccc3N(c3cccc4ccccc34)c3ccccc32)sc2ccccc12)c1cccs1,0.9145870,494.2575,0.1493069,0.1493,0.5066072,3.4001,1.0000000,1.0000,[],48
14.7414,23.8114,96.4330,0.9394094,CCN(CC)c1ccc(C=Nc2ccc(N=Nc3ccccc3)cc2)cc1,1,C(=Nc1ccc(N=Nc2ccccc2)cc1)c1ccccc1,0.9784132,441.4084,0.3428601,0.3429,0.6169634,2.4147,1.0000000,1.0000,[],48
39.8777,41.8808,-18.0766,0.1859706,c1cc(-c2nc3ccccc3s2)c2ccc(N(c3ccc4oc5ccc6ccccc6c5c4c3)c3cccc4ccccc34)cc2c1,1,c1cc(-c2nc3ccccc3s2)c2ccc(N(c3ccc4oc5ccc6ccccc6c5c4c3)c3cccc4ccccc34)cc2c1,0.1813214,383.6334,0.1964842,0.1965,0.5700179,2.8104,1.0000000,1.0000,[],48
25.7004,35.1728,82.3753,0.9183440,O=C(NCCc1ccc(N=Nc2ccccc2)cc1)n1c2ccccc2c2ccccc21,1,O=C(NCCc1ccc(N=Nc2ccccc2)cc1)n1c2ccccc2c2ccccc21,0.9583707,434.0534,0.3066347,0.3066,0.6273288,2.3314,1.0000000,1.0000,[],48
44.4380,54.0013,51.2320,0.8221350,CN1CCN(CC(=O)Nc2cccc(C3=Nc4c(cc(N=Nc5ccc(N(C)C)cc5)c5ccccc45)C3)c2)CC1,1,O=C(CN1CCNCC1)Nc1cccc(C2=Nc3c(cc(N=Nc4ccccc4)c4ccccc34)C2)c1,0.8575174,500.5130,0.2813556,0.2814,0.5549236,2.9446,1.0000000,1.0000,[],48
31.5527,46.2711,68.5705,0.8971999,CCCCCCCCCCCCc1csc(-c2ccc3cc(N=Nc4ccc(N(c5ccccc5)c5ccccc5)cc4)ccc3c2)n1,1,c1ccc(N(c2ccccc2)c2ccc(N=Nc3ccc4cc(-c5nccs5)ccc4c3)cc2)cc1,0.9808358,442.7276,0.0727820,0.0728,0.5631206,2.8713,1.0000000,1.0000,[],48
19.7586,28.8462,87.1284,0.9060516,CN(C)c1ccc(N=Nc2ccc(N=Nc3ccc(N=Nc4ccc(N=Nc5ccccc5)cc4)cc3)cc2)cc1,1,c1ccc(N=Nc2ccc(N=Nc3ccc(N=Nc4ccc(N=Nc5ccccc5)cc4)cc3)cc2)cc1,0.9634801,484.4672,0.1714458,0.1714,0.5941911,2.6028,1.0000000,1.0000,[],48
15.2298,35.5493,84.3341,0.9365885,c1ccc(N=Nc2ccc(N=Nc3ccc(-c4ccccc4)cc3N=Nc3ccccc3)cc2)cc1,1,c1ccc(N=Nc2ccc(N=Nc3ccc(-c4ccccc4)cc3N=Nc3ccccc3)cc2)cc1,0.9900953,470.0041,0.2139278,0.2139,0.6128895,2.4479,1.0000000,1.0000,[],48
38.4492,51.9618,-51.9618,0.0000000,c1c2c(OC)c3c(cc(cc3)O)c(=O)oc2c(c(O)c1)N=Nc1cccc(c1)N=Nc1ccccc1,0,,0.0000000,0.0000,0.0000000,0.0000,0.0000000,0.0000,0.0000000,0.0000,None,48
29.9533,42.5101,61.0127,0.8087721,CC(C)(C=Cc1nc2ccccc2c2ccccc12)N=Nc1cccc2ccccc12,1,C(=Cc1nc2ccccc2c2ccccc12)CN=Nc1cccc2ccccc12,0.8487504,418.7271,0.2212222,0.2212,0.5715015,2.7974,1.0000000,1.0000,[],48
27.5587,39.6143,81.0197,0.9424533,N#Cc1cccc2c(N=Nc3ccccc3)c3ccccc3c(-c3ccc(O)cc3)c12,1,c1ccc(N=Nc2c3ccccc3c(-c3ccccc3)c3ccccc23)cc1,0.9921559,467.4491,0.2499034,0.2499,0.6008806,2.5468,1.0000000,1.0000,[],48
39.1341,58.3796,7.9274,0.5180232,O=S(=O)(N1CCN(c2ccc(-c3ccc(N=Nc4ccccc4)cc3)cn2)CC1)N1CCn2cccc2C1c1ccccc1,1,O=S(=O)(N1CCN(c2ccc(-c3ccc(N=Nc4ccccc4)cc3)cn2)CC1)N1CCn2cccc2C1c1ccccc1,0.5338936,401.4742,0.2005453,0.2005,0.5129090,3.3383,1.0000000,1.0000,[],48
15.4370,25.7216,6.6287,0.2527370,COc1ccccc1N=Cc1ccc(N=Nc2ccccc2)cc1,1,C(=Nc1ccccc1)c1ccc(N=Nc2ccccc2)cc1,0.2437540,387.7072,0.4293214,0.4293,0.6368911,2.2558,1.0000000,1.0000,[],48
29.2281,49.2051,69.0373,0.9237691,O=c1c2ccccc2oc2nc(-c3ccco3)cc(-c3ccc(N=Nc4ccc(N=Nc5ccccc5)cc4)cc3)c12,1,O=c1c2ccccc2oc2nc(-c3ccco3)cc(-c3ccc(N=Nc4ccc(N=Nc5ccccc5)cc4)cc3)c12,0.9885586,471.5869,0.1524443,0.1524,0.5506684,2.9831,1.0000000,1.0000,[],49
36.0256,53.9514,7.3619,0.4790104,CCN(CC)c1ccc(N=Nc2sc(=NC(=O)c3ccccc3)n(-c3ccc(N=Nc4c(Nc5ccccc5)ccc5ccccc45)cc3)c2-c2ccccc2)cc1,1,O=C(N=c1sc(N=Nc2ccccc2)c(-c2ccccc2)n1-c1ccc(N=Nc2c(Nc3ccccc3)ccc3ccccc23)cc1)c1ccccc1,0.4993057,520.0302,0.1250544,0.1251,0.5002511,3.4632,1.0000000,1.0000,[],49
16.7030,28.0485,94.3671,0.9563721,Oc1c(N=Nc2ccccc2)ccc2c(N=Nc3ccccc3)cccc12,1,c1ccc(N=Nc2ccc3c(N=Nc4ccccc4)cccc3c2)cc1,0.9940355,455.5456,0.3824392,0.3824,0.6038248,2.5224,1.0000000,1.0000,[],49
47.8922,58.1702,-58.1702,0.0000000,n12c(cnc1cc(cc2)N1CC=C[C@H]2c3ccccc3NC1=2)S(c1ccccc1)(=O)=O,0,,0.0000000,0.0000,0.0000000,0.0000,0.0000000,0.0000,0.0000000,0.0000,None,49
32.7148,52.2181,59.8636,0.8756383,C(=C(c1ccc(N=Nc2ccccc2)cc1)c1cccc2ccccc12)c1sc2ccc(N(c3ccccc3)c3ccccc3)cc2c1-c1ccccc1,1,C(=C(c1ccc(N=Nc2ccccc2)cc1)c1cccc2ccccc12)c1sc2ccc(N(c3ccccc3)c3ccccc3)cc2c1-c1ccccc1,0.9380478,429.5042,0.1371467,0.1371,0.5367513,3.1111,1.0000000,1.0000,[],49
14.4128,21.2893,102.9928,0.9709544,Oc1ccc(N=Nc2ccc(N=Nc3ccccc3)cc2)cc1,1,c1ccc(N=Nc2ccc(N=Nc3ccccc3)cc2)cc1,0.9959956,460.1068,0.5705537,0.5706,0.6430848,2.2074,1.0000000,1.0000,[],49
39.0313,45.2567,-28.9949,0.1270454,CCN(CC)c1cc2c(N)ncc(-c3n[nH]c(=O)c4ccccc34)c2cc1F,1,O=c1[nH]nc(-c2cncc3ccccc23)c2ccccc12,0.1173880,378.0963,0.5660651,0.5661,0.5774750,2.7455,1.0000000,1.0000,[],49
41.6472,67.5980,51.5626,0.9309424,CC(C)C(=O)N1CC(N2Cc3ccccc3C2=O)c2cc(NC(=O)c3ccc(N=Nc4ccc(N=Nc5ccccc5)cc4)cc3)ccc21,1,O=C(Nc1ccc2c(c1)C(N1Cc3ccccc3C1=O)CN2)c1ccc(N=Nc2ccc(N=Nc3ccccc3)cc2)cc1,0.9959471,460.2382,0.1689643,0.1690,0.4877817,3.5894,1.0000000,1.0000,[],49
32.3136,48.9018,69.9727,0.9287069,COc1ccc(Nc2cc3c(N=Nc4ccc5ccccc5n4)nc4ccccc4c(=O)c3cc2N)cc1,1,O=c1c2ccccc2nc(N=Nc2ccc3ccccc3n2)c2cc(Nc3ccccc3)ccc12,0.9860938,473.7323,0.1944346,0.1944,0.5619001,2.8822,1.0000000,1.0000,[],49
35.2173,62.4199,-62.4199,0.0000000,O=C(N1CCC(C=Cc2ccc(N=Nc3ccccc3)cc2)CC1)N(N=Cc1ccc(N(c2ccccc2)c2ccccc2)cc1)C1CCC1,1,O=C(N1CCC(C=Cc2ccc(N=Nc3ccccc3)cc2)CC1)N(N=Cc1ccc(N(c2ccccc2)c2ccccc2)cc1)C1CCC1,0.0000000,0.0000,0.0000000,0.0000,0.0000000,0.0000,0.0000000,0.0000,['[#7;!n][#7;!n]'],49
32.3046,47.1403,-47.1403,0.0000000,O=C(NN=Cc1ccc(-c2ccccc2)o1)c1cc(N=Nc2ccccc2)ccc1N=Nc1ccccc1,1,O=C(NN=Cc1ccc(-c2ccccc2)o1)c1cc(N=Nc2ccccc2)ccc1N=Nc1ccccc1,0.0000000,0.0000,0.0000000,0.0000,0.0000000,0.0000,0.0000000,0.0000,['[#7;!n][#7;!n]'],49
48.0351,58.6039,59.6978,0.9242319,CN(C)c1ccc(N=Nc2ccc(C(=O)c3ccccc3N=Nc3ccccc3C=Cn3ccc(=O)o3)cc2)cc1,1,O=C(c1ccc(N=Nc2ccccc2)cc1)c1ccccc1N=Nc1ccccc1C=Cn1ccc(=O)o1,0.9940445,464.4378,0.1382174,0.1382,0.5028384,3.4374,1.0000000,1.0000,[],49
11.1817,26.6387,82.5707,0.8531981,C(=Cc1ccc(N=Nc2ccccc2)cc1)c1ccc(N=Nc2ccccc2)cc1,1,C(=Cc1ccc(N=Nc2ccccc2)cc1)c1ccc(N=Nc2ccccc2)cc1,0.8936478,423.1105,0.2342126,0.2342,0.6571655,2.0991,1.0000000,1.0000,[],49
21.3805,33.5206,85.2956,0.9282516,CCCCCCN=CNc1ccc(N=Nc2ccc(N=Nc3ccccc3)cc2)cc1,1,c1ccc(N=Nc2ccc(N=Nc3ccccc3)cc2)cc1,0.9943032,456.0471,0.1456114,0.1456,0.5706205,2.8052,1.0000000,1.0000,[],49
29.5588,45.8842,71.2991,0.9154945,O=C(c1cccc([N+](=O)[O-])c1)N1CCC(c2ccc3cc(N=Nc4ccccc4)ccc3c2)CC1,1,O=C(c1ccccc1)N1CCC(c2ccc3cc(N=Nc4ccccc4)ccc3c2)CC1,0.9723746,438.6631,0.1779161,0.1779,0.6100546,2.4710,1.0000000,1.0000,[],49
32.3548,41.8078,-27.5405,0.1114633,C=CCc1c(-c2ccccc2)c2cccc(Cl)c2c2ccc(N(c3ccccc3)c3ccccc3)cc12,1,c1ccc(-c2cc3cc(N(c4ccccc4)c4ccccc4)ccc3c3ccccc23)cc1,0.1062651,376.8795,0.1638875,0.1639,0.6042556,2.5188,1.0000000,1.0000,[],49
42.3160,47.7335,-46.8969,0.0065359,Fc1ccc2oc3ccnc(-n4cc(-c5ccc(N(c6ccccc6)c6ccccc6)cc5)nc4-c4ccccc4)c3c2c1,1,c1ccc(-c2nc(-c3ccc(N(c4ccccc4)c4ccccc4)cc3)cn2-c2nccc3oc4ccccc4c23)cc1,0.0053402,343.2472,0.1989026,0.1989,0.5731732,2.7828,1.0000000,1.0000,[],49
21.9952,41.0208,76.6731,0.9194838,C(=Cc1cc(-c2ccccc2)ccc1Nc1ccc(N=Nc2ccccc2)cc1)c1ccc(N=Nc2ccccc2)cc1,1,C(=Cc1cc(-c2ccccc2)ccc1Nc1ccc(N=Nc2ccccc2)cc1)c1ccc(N=Nc2ccccc2)cc1,0.9850062,445.4382,0.1399209,0.1399,0.5888821,2.6476,1.0000000,1.0000,[],49
38.2150,47.7797,65.9669,0.8886451,O=c1n(-c2ccc(N=Nc3ccccc3)cc2)nc2nc3c(c(N4CCCCC4)n12)CN(Cc1ccccc1)C3,1,O=c1n(-c2ccc(N=Nc3ccccc3)cc2)nc2nc3c(c(N4CCCCC4)n12)CN(Cc1ccccc1)C3,0.9332966,428.6468,0.2591489,0.2591,0.5497435,2.9915,1.0000000,1.0000,[],49
34.6304,42.9535,-36.6028,0.0496148,O=c1cc(C2C(c3ccccc3)=NC(c3ccccc3)=C2c2ccccc2)c2ccccc2c2ccccc12,1,O=c1cc(C2C(c3ccccc3)=NC(c3ccccc3)=C2c2ccccc2)c2ccccc2c2ccccc12,0.0448719,366.7978,0.2390272,0.2390,0.5547462,2.9462,1.0000000,1.0000,[],49
24.9195,40.5446,38.2404,0.6155078,COc1ccc(S(=O)(=O)N(C=Cc2ccccc2)c2ccccc2N=Nc2ccccc2)cc1,1,O=S(=O)(c1ccccc1)N(C=Cc1ccccc1)c1ccccc1N=Nc1ccccc1,0.6328893,405.9133,0.2614621,0.2615,0.5922359,2.6193,1.0000000,1.0000,[],49
40.6781,49.5362,-49.5362,0.0000000,COC(=O)c1ccc(C(=O)OCCCN2C(=O)C(c3ccc(N(c4ccccc4)c4ccccc4)cc3)=CC2=Nc2ccccc2)cc1,1,O=C(OCCCN1C(=O)C(c2ccc(N(c3ccccc3)c3ccccc3)cc2)=CC1=Nc1ccccc1)c1ccccc1,0.0000000,0.0000,0.0000000,0.0000,0.0000000,0.0000,0.0000000,0.0000,"['C(=[O,S])[O,S]']",49
27.3263,44.6235,68.9447,0.8872519,CC(C(=O)Nc1ccc(N=Nc2ccccc2)cc1)c1ccc(-c2ccc(N=Nc3ccccc3)cc2)cc1,1,O=C(Cc1ccc(-c2ccc(N=Nc3ccccc3)cc2)cc1)Nc1ccc(N=Nc2ccccc2)cc1,0.9379100,429.4785,0.2075285,0.2075,0.5611465,2.8889,1.0000000,1.0000,[],49
25.2241,49.6310,-49.6310,0.0000000,O=C1C(=Cc2ccc(N=Nc3ccccc3)cc2)C(c2ccc(N=Nc3ccccc3)cc2)=NN1S(=O)(=O)c1ccccc1,1,O=C1C(=Cc2ccc(N=Nc3ccccc3)cc2)C(c2ccc(N=Nc3ccccc3)cc2)=NN1S(=O)(=O)c1ccccc1,0.0000000,0.0000,0.0000000,0.0000,0.0000000,0.0000,0.0000000,0.0000,['[#7;!n][#7;!n]'],49
34.3995,51.6042,65.2574,0.9129811,CCCCCCOc1cc(N(c2ccccc2)c2ccc(N(c3ccccc3)c3ccccc3)cc2)cc(C)c1N=Nc1ccc2ccccc2c1,1,c1ccc(N(c2ccccc2)c2ccc(N(c3ccccc3)c3ccc(N=Nc4ccc5ccccc5c4)cc3)cc2)cc1,0.9946530,456.7391,0.0847740,0.0848,0.5511809,2.9785,1.0000000,1.0000,[],49
27.7966,41.5153,-41.5153,0.0000000,O=[N+]([O-])c1ccc(O)c(C=NN=Cc2cccc(-c3ccc(N=Nc4ccccc4)cc3)c2O)c1,1,C(=NN=Cc1cccc(-c2ccc(N=Nc3ccccc3)cc2)c1)c1ccccc1,0.0000000,0.0000,0.0000000,0.0000,0.0000000,0.0000,0.0000000,0.0000,['[#7;!n][#7;!n]'],49
34.7570,46.1787,-9.4911,0.2866219,CCCCN(C)c1ccc(N=Nc2csc3c(O)c(N=Nc4ccccc4)c(O)n23)cc1,1,c1ccc(N=Nc2cc3scc(N=Nc4ccccc4)n3c2)cc1,0.2835900,530.0618,0.2733552,0.2734,0.5099830,3.3669,1.0000000,1.0000,[],49
24.4417,40.1832,77.1378,0.9165704,O=C1C(=Cc2ccc(N(c3ccccc3)c3ccccc3)cc2)c2cc3c(cc2N1c1ccccc1)Sc1ccccc1N3c1ccccc1,1,O=C1C(=Cc2ccc(N(c3ccccc3)c3ccccc3)cc2)c2cc3c(cc2N1c1ccccc1)Sc1ccccc1N3c1ccccc1,0.9774405,479.0810,0.1657428,0.1657,0.5621449,2.8800,1.0000000,1.0000,[],49
22.8360,35.5316,67.2548,0.8030190,C(=Nc1ccc(-c2ccc(N=Nc3ccc(-c4ccc(N=Nc5ccccc5)cc4)cc3)cc2)cc1)c1ccccn1,1,C(=Nc1ccc(-c2ccc(N=Nc3ccc(-c4ccc(N=Nc5ccccc5)cc4)cc3)cc2)cc1)c1ccccn1,0.8540756,419.1842,0.1391625,0.1392,0.5955723,2.5912,1.0000000,1.0000,[],49
31.8016,41.4283,78.7684,0.9390366,CN(C)c1ccc(N=Nc2ccc3ccc([N+]([O-])=Nc4ccccn4)cc3c2)cc1,1,c1ccc(N=Nc2ccc3ccc([NH+]=Nc4ccccn4)cc3c2)cc1,0.9947157,463.1322,0.2153200,0.2153,0.5543678,2.9496,1.0000000,1.0000,[],49
27.3193,38.7642,78.9942,0.9199880,CN(C)c1ccc(-c2ccccc2)c2nc(N=Nc3ccccc3)ccc12,1,c1ccc(N=Nc2ccc3cccc(-c4ccccc4)c3n2)cc1,0.9527466,432.6136,0.3996372,0.3996,0.6097925,2.4732,1.0000000,1.0000,[],49
28.3387,43.8242,-22.4610,0.1669001,C(=Nc1ccc(-c2nc3ccccc3c(=Nc3ccccc3)n2-c2ccccc2)cc1)c1ccc(N(c2ccccc2)c2ccccc2)cc1,1,C(=Nc1ccc(-c2nc3ccccc3c(=Nc3ccccc3)n2-c2ccccc2)cc1)c1ccc(N(c2ccccc2)c2ccccc2)cc1,0.1630861,382.2434,0.1547046,0.1547,0.5607508,2.8924,1.0000000,1.0000,[],49
44.4010,41.8852,-41.7141,0.0013373,CN(C)CCNC(=O)c1ccc(NC(=O)C2C(=O)CCN2C(=O)Cc2cccs2)cc1,1,O=C1CCN(C(=O)Cc2cccs2)C1C(=O)Nc1ccccc1,0.0009712,324.6935,0.6022856,0.6023,0.5552307,2.9419,1.0000000,1.0000,[],49
27.9359,30.6067,-30.6064,0.0000018,O=C1CC(=O)N1C1=NCCC1,1,O=C1CC(=O)N1C1=NCCC1,0.0000010,249.6233,0.3603299,0.3603,0.5279294,3.1940,1.0000000,1.0000,[],49
29.5100,40.8272,76.3816,0.9156933,CC(C)SC1=NC(=O)C(=Cc2ccc(N(c3ccccc3)c3ccccc3)cc2)C(=O)N1c1cccc(Cl)c1,1,O=C1N=CN(c2ccccc2)C(=O)C1=Cc1ccc(N(c2ccccc2)c2ccccc2)cc1,0.9731774,481.0077,0.1786587,0.1787,0.5893135,2.6440,1.0000000,1.0000,[],49
29.8822,48.2435,-47.4180,0.0064498,CCN(CC)c1ccc(C=Cc2c(N=Nc3ccc(N=Nc4ccccc4)cc3)c3cc(O)ccc3oc2=S)cc1,1,S=c1oc2ccccc2c(N=Nc2ccc(N=Nc3ccccc3)cc2)c1C=Cc1ccccc1,0.0053309,576.7720,0.1437032,0.1437,0.5222510,3.2480,1.0000000,1.0000,[],49
39.0393,37.6675,77.4569,0.8994090,N#Cc1c(Cc2ccccc2)nc(=S)n2c(N)cccc12,1,S=c1nc(Cc2ccccc2)cc2ccccn12,0.9138521,425.6408,0.7369280,0.7369,0.5690066,2.8193,1.0000000,1.0000,[],49
23.8260,39.9961,78.2754,0.9239964,CC1=Cc2cccc(C=Cc3ccc(N=Nc4ccccc4)cc3)c2NC1,1,C1=Cc2cccc(C=Cc3ccc(N=Nc4ccccc4)cc3)c2NC1,0.9593219,434.3151,0.3947602,0.3948,0.5568105,2.9277,1.0000000,1.0000,[],49
36.0965,52.3775,-52.3775,0.0000000,CC(c1ccccc1)c1cc(C=NNc2ccccc2)cc(N=Nc2ccc(N=Nc3ccccc3)cc2)c1C(=O)c1ccccc1,1,O=C(c1ccccc1)c1c(Cc2ccccc2)cc(C=NNc2ccccc2)cc1N=Nc1ccc(N=Nc2ccccc2)cc1,0.0000000,0.0000,0.0000000,0.0000,0.0000000,0.0000,0.0000000,0.0000,['[#7;!n][#7;!n]'],49
39.9233,58.8976,57.6744,0.9107182,O=Nc1ccc(-c2cc3sc(-c4ccc(N=Nc5ccccc5)cc4)c(-c4ccc(N=Nc5ccccc5)cc4)c3nc2N=Nc2ccc(N=Nc3ccccc3)cc2)cc1,1,c1ccc(N=Nc2ccc(N=Nc3nc4c(-c5ccc(N=Nc6ccccc6)cc5)c(-c5ccc(N=Nc6ccccc6)cc5)sc4cc3-c3ccccc3)cc2)cc1,0.9929369,466.3018,0.0894773,0.0895,0.4873643,3.5937,1.0000000,1.0000,[],49
24.2348,35.7504,83.9723,0.9353336,O=C=NC1CCC(c2ccccc2)(c2ccc(N=Nc3ccccc3)cc2)CC1,1,c1ccc(N=Nc2ccc(C3(c4ccccc4)CCCCC3)cc2)cc1,0.9822045,443.5473,0.2766231,0.2766,0.5700379,2.8103,1.0000000,1.0000,[],49
28.4350,33.6271,-32.1030,0.0119069,Cn1ccc2c(oc3ccccc32)c1=NCc1ccco1,1,c1coc(CN=c2[nH]ccc3c2oc2ccccc23)c1,0.0097158,349.7930,0.5618190,0.5618,0.5759711,2.7585,1.0000000,1.0000,[],49
43.7685,73.4984,-63.5409,0.0777930,CN(C)c1ccc(C=c2ccn(-c3ccc(N=Nc4c(=O)nc5nc6ccccc6nc5c5ccccc45)cc3)c(=O)c2=Cc2ccccc2)cc1,1,O=c1nc2nc3ccccc3nc2c2ccccc2c1N=Nc1ccc(-n2ccc(=Cc3ccccc3)c(=Cc3ccccc3)c2=O)cc1,0.0729011,547.6098,0.1759702,0.1760,0.5000312,3.4654,1.0000000,1.0000,[],49
37.0903,42.7294,-15.7851,0.2105018,OC(c1ccc(C=C2N=Nc3ccccc32)nc1)c1cccs1,1,C(=C1N=Nc2ccccc21)c1ccc(Cc2cccs2)cn1,0.1984917,384.8459,0.7521039,0.7521,0.5077125,3.3892,1.0000000,1.0000,[],49
33.4278,41.8727,-41.8727,0.0000000,Oc1ccccc1N=Nc1cc(O)c2ccccc3cccc4c(N=Nc5ccccc5)cc1c2c34,1,c1ccc(N=Nc2cc3c(N=Nc4ccccc4)ccc4ccccc5cccc2c5c43)cc1,0.0000000,0.0000,0.0000000,0.0000,0.0000000,0.0000,0.0000000,0.0000,['[*;r{8-17}]'],49
35.4350,56.3775,34.0154,0.7061939,C1=Cc2cc(-c3cc(C=Nc4ccccc4)c(N=Nc4ccc(N=Nc5ccccc5)cc4)s3)ccc2N=1,1,C1=Cc2cc(-c3cc(C=Nc4ccccc4)c(N=Nc4ccc(N=Nc5ccccc5)cc4)s3)ccc2N=1,0.7471833,508.2345,0.1519124,0.1519,0.4853091,3.6148,1.0000000,1.0000,[],49
20.0455,34.1709,60.2364,0.7375569,c1ccc(N=Nc2ccc(OCCCCOc3ccc(-c4ccc(N=Nc5ccccc5)cc4)cc3)cc2)cc1,1,c1ccc(N=Nc2ccc(OCCCCOc3ccc(-c4ccc(N=Nc5ccccc5)cc4)cc3)cc2)cc1,0.7834529,413.9615,0.1198128,0.1198,0.6403352,2.2288,1.0000000,1.0000,[],49
14.4469,26.1778,-4.4064,0.1700888,CCc1ccc(N=Cc2ccc(N=Nc3ccccc3)cc2)cc1,1,C(=Nc1ccccc1)c1ccc(N=Nc2ccccc2)cc1,0.1611987,382.0926,0.3850788,0.3851,0.6394336,2.2359,1.0000000,1.0000,[],49
18.0047,28.3080,70.8293,0.7745102,Oc1ccc(C=Cc2ccc(N=Nc3ccccc3)cc2)cc1O,1,C(=Cc1ccc(N=Nc2ccccc2)cc1)c1ccccc1,0.7961579,414.7926,0.3690566,0.3691,0.6357039,2.2651,1.0000000,1.0000,[],49
41.2370,55.8974,59.6662,0.9028407,C1=CCCC(C2=Nc3ncccc3N(c3cc(N=Nc4ccccc4)c4c(c3)oc3ccccc34)C2c2ccccc2)=C1,1,C1=CCCC(C2=Nc3ncccc3N(c3cc(N=Nc4ccccc4)c4c(c3)oc3ccccc34)C2c2ccccc2)=C1,0.9604139,434.6229,0.1980355,0.1980,0.4663008,3.8146,1.0000000,1.0000,[],49
42.1292,56.0299,-56.0299,0.0000000,c12c(=O)c(C=c3c(n4nc(-c5cc(c(OC)cc5)OCCC)nc(c4c(N)c3-c3ccccc3)C)=O)cccc1cccc2,0,,0.0000000,0.0000,0.0000000,0.0000,0.0000000,0.0000,0.0000000,0.0000,None,49
42.1693,43.7916,-43.2462,0.0042609,Cc1ccc2nc(-c3c(-c4ccccc4)nc4ccc(I)cc4c3-c3ccccc3)c(C#N)cc2c1,1,c1ccc(-c2nc3ccccc3c(-c3ccccc3)c2-c2ccc3ccccc3n2)cc1,0.0034006,338.3258,0.1994389,0.1994,0.5977738,2.5727,1.0000000,1.0000,[],49
30.4369,54.9875,63.1056,0.9226023,O=S(=O)(c1ccccc1)c1c(Nc2ccc(N=Nc3ccccc3)cc2)cc(-c2ccccc2)c2ccc(N=Nc3ccc(N=Nc4ccccc4)cc3)cc12,1,O=S(=O)(c1ccccc1)c1c(Nc2ccc(N=Nc3ccccc3)cc2)cc(-c2ccccc2)c2ccc(N=Nc3ccc(N=Nc4ccccc4)cc3)cc12,0.9923005,467.2455,0.1325692,0.1326,0.5327341,3.1487,1.0000000,1.0000,[],49
34.1524,40.1192,-32.8633,0.0566865,O=C1c2ccccc2NC2C=C(C=Cc3ccncc3)c3ccccc3N12,1,O=C1c2ccccc2NC2C=C(C=Cc3ccncc3)c3ccccc3N12,0.0499042,368.0092,0.7343591,0.7344,0.5171231,3.2974,1.0000000,1.0000,[],49
39.6187,63.8089,40.4941,0.8148668,CCCN(CCC)c1ccc(C=Cc2c(O)c(N=Nc3ccc(N=Nc4ccccc4)cc3)cc3c2C(=O)N(Cc2ccco2)C3=O)cc1,1,O=C1c2cc(N=Nc3ccc(N=Nc4ccccc4)cc3)cc(C=Cc3ccccc3)c2C(=O)N1Cc1ccco1,0.8868198,497.6484,0.0769863,0.0770,0.5041183,3.4247,1.0000000,1.0000,[],49
24.7082,31.5252,0.7587,0.2522185,Cc1ccc(N(c2ccccc2)c2ccc(C=Cc3cccs3)nc2)cc1,1,C(=Cc1cccs1)c1ccc(N(c2ccccc2)c2ccccc2)cn1,0.2444012,387.7453,0.3736030,0.3736,0.6242062,2.3564,1.0000000,1.0000,[],49
39.7121,42.8319,-42.8319,0.0000000,CCCN[S+]([O-])Nc1cc(S(=O)(=O)CC)ccc1Nc1ccccc1,1,c1ccc(Nc2ccccc2)cc1,0.0000000,0.0000,0.0000000,0.0000,0.0000000,0.0000,0.0000000,0.0000,['[#7;!n][S;!$(S(=O)=O)]'],49
13.9992,25.3970,97.8046,0.9625125,CC(C)c1ccc(N=Nc2ccc(N=Nc3ccccc3)cc2)cc1,1,c1ccc(N=Nc2ccc(N=Nc3ccccc3)cc2)cc1,0.9957520,460.7509,0.4319764,0.4320,0.6381861,2.2456,1.0000000,1.0000,[],49
43.5762,59.7185,55.4399,0.8996751,CCN(CC)c1ccc(C=Nc2ccc(-c3nc4cc(S(C)(=O)=O)ccc4nc3-c3ccc(-c4ccccc4)o3)cc2)c(Cl)c1,1,C(=Nc1ccc(-c2nc3ccccc3nc2-c2ccc(-c3ccccc3)o2)cc1)c1ccccc1,0.9621939,435.1425,0.1476065,0.1476,0.5567420,2.9283,1.0000000,1.0000,[],49
12.6258,31.0149,-31.0149,0.0000000,C(=Nc1ccc(N=Nc2ccc(N=Nc3ccccc3)cc2)cc1)c1ccc(N=Nc2ccccc2)cc1,1,C(=Nc1ccc(N=Nc2ccc(N=Nc3ccccc3)cc2)cc1)c1ccc(N=Nc2ccccc2)cc1,0.9901803,469.9096,0.1519815,0.1520,0.6069295,2.4967,1.0000000,1.0000,[],49
16.6639,30.3860,80.9706,0.8699734,c1ccc(N=Nc2ccc(N=Nc3ccc(N=Nc4ccc(N=Nc5ccc(N=Nc6ccccc6)cc5)cc4)cc3)cc2)cc1,1,c1ccc(N=Nc2ccc(N=Nc3ccc(N=Nc4ccc(N=Nc5ccc(N=Nc6ccccc6)cc5)cc4)cc3)cc2)cc1,0.9283069,492.1946,0.1391652,0.1392,0.6232362,2.3641,1.0000000,1.0000,[],49
22.7559,34.9349,77.0143,0.8746030,c1ccc(N=Nc2ccc(N3CCN(Cc4nc(-c5ccccc5)co4)CC3)cc2)cc1,1,c1ccc(N=Nc2ccc(N3CCN(Cc4nc(-c5ccccc5)co4)CC3)cc2)cc1,0.9066129,424.6784,0.3527677,0.3528,0.6191209,2.3973,1.0000000,1.0000,[],49
26.5838,34.0022,85.7672,0.9356988,Nc1c(O)cc(CBr)cc1N=Nc1ccccc1,1,c1ccc(N=Nc2ccccc2)cc1,0.9719566,438.4954,0.3842610,0.3843,0.5843046,2.6867,1.0000000,1.0000,[],49
46.0837,47.4908,-41.5272,0.0465910,CC(c1ccccc1)c1ccc(-c2ccc(-c3nc(-c4ccccc4)nc(-c4ccc5oc6ccccc6c5c4)n3)cc2)c(Nc2ccccc2)c1,1,c1ccc(Cc2ccc(-c3ccc(-c4nc(-c5ccccc5)nc(-c5ccc6oc7ccccc7c6c5)n4)cc3)c(Nc3ccccc3)c2)cc1,0.0424721,366.1738,0.1742805,0.1743,0.5227979,3.2428,1.0000000,1.0000,[],49
35.6997,44.0832,48.0533,0.7198162,O=S(=O)(NC=C(Sc1ccc(N=Nc2ccccc2)cc1)c1cccs1)c1ccccc1,1,O=S(=O)(NC=C(Sc1ccc(N=Nc2ccccc2)cc1)c1cccs1)c1ccccc1,0.7516786,412.0255,0.2148364,0.2148,0.5641465,2.8622,1.0000000,1.0000,[],50
29.5701,32.5563,-4.4135,0.2198657,Cc1cccc2c1cc[n+]1c3ccccc3oc(=O)c21,1,O=c1oc2ccccc2[n+]2ccc3ccccc3c12,0.2120652,385.7495,0.3604555,0.3605,0.5825062,2.7021,1.0000000,1.0000,[],50
20.2777,36.4081,79.5541,0.9059548,O=[N+]([O-])c1ccc(O)c(C=Nc2ccc(C=Cc3ccc(N=Nc4ccc(N=Nc5ccccc5)cc4)cc3)cc2)c1,1,C(=Cc1ccc(N=Nc2ccc(N=Nc3ccccc3)cc2)cc1)c1ccc(N=Cc2ccccc2)cc1,0.9953336,458.2247,0.0642437,0.0642,0.5496284,2.9926,1.0000000,1.0000,[],50
38.3263,58.5908,59.2910,0.9209514,Nc1ccccc1N=Nc1ccc(N=Nc2ccc(-c3nc4ccccc4cc3-c3ccc(C=Cc4nc5ccccc5o4)cc3)cc2)cc1,1,C(=Cc1nc2ccccc2o1)c1ccc(-c2cc3ccccc3nc2-c2ccc(N=Nc3ccc(N=Nc4ccccc4)cc3)cc2)cc1,0.9909152,469.0569,0.1304550,0.1305,0.5332249,3.1441,1.0000000,1.0000,[],50
42.0073,67.6972,-67.6972,0.0000000,C(=NN=C1C(c2ccccc2)=Nc2ccccc21)c1ccc(-n2ncnc2-c2ccc(N=Nc3ccc(N=Nc4ccc(N=Nc5ccccc5)cc4)cc3)cc2)cc1,1,C(=NN=C1C(c2ccccc2)=Nc2ccccc21)c1ccc(-n2ncnc2-c2ccc(N=Nc3ccc(N=Nc4ccc(N=Nc5ccccc5)cc4)cc3)cc2)cc1,0.0000000,0.0000,0.0000000,0.0000,0.0000000,0.0000,0.0000000,0.0000,['[#7;!n][#7;!n]'],50
39.4459,60.6603,-27.4366,0.2595605,CCCCn1c(C=C2C=C(C)C(=O)C2=Cc2ccc(N(c3ccccc3)c3ccccc3)cc2)c(C=Cc2ccccc2N=Cc2ccc(N(CC)CC)cc2)c2ccccc21,1,O=C1C=CC(=Cc2[nH]c3ccccc3c2C=Cc2ccccc2N=Cc2ccccc2)C1=Cc1ccc(N(c2ccccc2)c2ccccc2)cc1,0.2663410,531.0014,0.0764929,0.0765,0.4766442,3.7049,1.0000000,1.0000,[],50
26.5791,26.6955,-26.6082,0.0006814,Cc1ccc2oc3c(N)c(C)ccc3c2c1,1,c1ccc2c(c1)oc1ccccc12,0.0004768,316.9630,0.5745051,0.5745,0.6457964,2.1864,1.0000000,1.0000,[],50
36.3824,54.9257,-54.9257,0.0000000,O=C=NC1C(c2ccccc2)=Nc2ccc(-c3ccc(NN=Cc4cccc(N=Nc5ccccc5)c4)cc3)cc21,1,C(=NNc1ccc(-c2ccc3c(c2)CC(c2ccccc2)=N3)cc1)c1cccc(N=Nc2ccccc2)c1,0.0000000,0.0000,0.0000000,0.0000,0.0000000,0.0000,0.0000000,0.0000,['[#7;!n][#7;!n]'],50
37.7386,57.4383,42.8787,0.7837269,O=C(NCc1cccnc1-c1ccc(N=Nc2ccccc2)cc1)c1cccc2c1C1C=CC=CC1=N2,1,O=C(NCc1cccnc1-c1ccc(N=Nc2ccccc2)cc1)c1cccc2c1C1C=CC=CC1=N2,0.8163514,416.1972,0.2914354,0.2914,0.4980379,3.4854,1.0000000,1.0000,[],50
30.4928,51.6263,65.6242,0.9160197,CCN(CC)c1ccc2c(c1)Oc1cc(N=Nc3ccccc3)ccc1C2(C=Cc1ccccc1)c1ccc(N=O)cc1,1,C(=CC1(c2ccccc2)c2ccccc2Oc2cc(N=Nc3ccccc3)ccc21)c1ccccc1,0.9873676,447.3249,0.1320790,0.1321,0.4745066,3.7274,1.0000000,1.0000,[],50
38.4360,47.5666,-16.3089,0.2442011,OCCCc1cccc(C=Nc2nc(C=Cc3ccccc3)c(-c3ccccc3)s2)c1,1,C(=Cc1nc(N=Cc2ccccc2)sc1-c1ccccc1)c1ccccc1,0.2375999,387.3416,0.3216384,0.3216,0.5937833,2.6062,1.0000000,1.0000,[],50
20.1967,36.6729,84.7272,0.9484377,CNc1ccc(OCc2ccc(N=Nc3ccc(N=Nc4ccccc4)cc3)cc2)cc1,1,c1ccc(N=Nc2ccc(N=Nc3ccc(COc4ccccc4)cc3)cc2)cc1,0.9934897,454.5891,0.2916388,0.2916,0.6136388,2.4417,1.0000000,1.0000,[],50
23.1020,42.0412,77.9035,0.9370673,CCn1c2ccc(N=Nc3ccccc3N=Nc3ccccc3)cc2c2cc(C(C)=O)ccc21,1,c1ccc(N=Nc2ccccc2N=Nc2ccc3[nH]c4ccccc4c3c2)cc1,0.9954662,458.5390,0.1899588,0.1900,0.5811550,2.7137,1.0000000,1.0000,[],50
20.1805,33.4695,85.8954,0.9325384,C(=Nc1ccc(N(c2ccccc2)c2ccc(N=Nc3ccccc3)c3ccccc23)cc1)c1ccccc1,1,C(=Nc1ccc(N(c2ccccc2)c2ccc(N=Nc3ccccc3)c3ccccc23)cc1)c1ccccc1,0.9956110,461.1069,0.1580375,0.1580,0.5969465,2.5796,1.0000000,1.0000,[],50
26.7550,44.2793,73.6975,0.9216933,O=C1c2ccccc2-c2ccc(N=Cc3ccc(N(c4ccccc4)c4ccccc4)cc3)c(N=Nc3ccc(N=Nc4ccccc4)cc3)c21,1,O=C1c2ccccc2-c2ccc(N=Cc3ccc(N(c4ccccc4)c4ccccc4)cc3)c(N=Nc3ccc(N=Nc4ccccc4)cc3)c21,0.9957464,459.2349,0.1141830,0.1142,0.5380883,3.0987,1.0000000,1.0000,[],50
10.3337,26.3802,-26.3802,0.0000000,C(=Cc1ccc(N=Nc2ccccc2)cc1)c1ccc(N=Nc2ccccc2)cc1,1,C(=Cc1ccc(N=Nc2ccccc2)cc1)c1ccc(N=Nc2ccccc2)cc1,0.8936478,423.1105,0.2342126,0.2342,0.6571655,2.0991,1.0000000,1.0000,[],50
14.1219,26.8911,96.2663,0.9621677,C=Cc1ccc(N=Nc2ccc(N=Nc3ccccc3)cc2)cc1,1,c1ccc(N=Nc2ccc(N=Nc3ccccc3)cc2)cc1,0.9948533,462.8443,0.4486530,0.4487,0.6181861,2.4048,1.0000000,1.0000,[],50
25.7387,37.9116,73.0553,0.8669285,COc1ccc(O)c(C=Nc2ccc3nc(Nc4ccc(N=Nc5ccccc5)cc4)sc3c2)c1,1,C(=Nc1ccc2nc(Nc3ccc(N=Nc4ccccc4)cc3)sc2c1)c1ccccc1,0.9181515,426.2476,0.1831466,0.1831,0.5841627,2.6879,1.0000000,1.0000,[],50
19.8254,36.4789,82.3839,0.9286150,c1ccc(N=Nc2ccc(Cc3ccc(N=Nc4cccc(N=Nc5ccccc5)c4)cc3)cc2)cc1,1,c1ccc(N=Nc2ccc(Cc3ccc(N=Nc4cccc(N=Nc5ccccc5)c4)cc3)cc2)cc1,0.9833906,444.3093,0.1980930,0.1981,0.6194305,2.3948,1.0000000,1.0000,[],50
16.2525,29.7093,91.0015,0.9430531,Oc1cc(N=Nc2ccc(N=Nc3ccccc3)cc2)c(O)c2ccccc12,1,c1ccc(N=Nc2ccc(N=Nc3ccc4ccccc4c3)cc2)cc1,0.9876999,472.3821,0.2974530,0.2975,0.5915518,2.6250,1.0000000,1.0000,[],50
33.1485,41.3804,-41.3804,0.0000000,c1c2cccc3n(-c4ccc(cc4)N=Nc4ccccc4)c4c3c2c(ccc4)cc1,0,,0.0000000,0.0000,0.0000000,0.0000,0.0000000,0.0000,0.0000000,0.0000,None,50
20.0066,38.3537,57.1209,0.7458956,C(=C(c1ccc(N=Nc2ccccc2)cc1)c1ccc(N=Nc2ccccc2)cc1)c1ccc(-c2ccccc2)cc1,1,C(=C(c1ccc(N=Nc2ccccc2)cc1)c1ccc(N=Nc2ccccc2)cc1)c1ccc(-c2ccccc2)cc1,0.7900116,414.3860,0.1361447,0.1361,0.6241851,2.3565,1.0000000,1.0000,[],50
49.7227,65.8373,-65.8373,0.0000000,c1(Cl)nc(cnc1-c1ccc(cc1)Cl)-c1ccc(cc1)N=Nc1cc(ccc1)N=c1cc2c3ccccc3oc2cc1,0,,0.0000000,0.0000,0.0000000,0.0000,0.0000000,0.0000,0.0000000,0.0000,None,50
21.8021,24.5115,-24.3160,0.0015276,c1ccc2c(c1)oc1cc3c(cc12)oc1ccccc13,1,c1ccc2c(c1)oc1cc3c(cc12)oc1ccccc13,0.0011301,326.3398,0.3670855,0.3671,0.6783852,1.9402,1.0000000,1.0000,[],50
26.8440,47.1611,73.4670,0.9424068,Oc1ccccc1CN(C=Cc1ccc(N=Nc2ccccc2)cc1)c1ccc2ccccc2c1,1,C(=CN(Cc1ccccc1)c1ccc2ccccc2c1)c1ccc(N=Nc2ccccc2)cc1,0.9928266,453.5287,0.2496587,0.2497,0.5813190,2.7123,1.0000000,1.0000,[],50
30.3195,42.0525,-42.0525,0.0000000,O=C(O)c1cn(-c2ccccc2)c(=O)c2ccc(Oc3ccc(N=Nc4ccccc4)cc3)cc12,1,O=c1c2ccc(Oc3ccc(N=Nc4ccccc4)cc3)cc2ccn1-c1ccccc1,0.0000000,0.0000,0.0000000,0.0000,0.0000000,0.0000,0.0000000,0.0000,"['C(=[O,S])[O,S]']",50
37.0129,61.2702,51.5720,0.8815798,CCCCCCOc1ccc(-c2ccc(N=Nc3ccc(N=Nc4ccccc4)cc3)cc2C=Cc2nc3ccccc3s2)cc1N=Nc1ccccc1,1,C(=Cc1cc(N=Nc2ccc(N=Nc3ccccc3)cc2)ccc1-c1cccc(N=Nc2ccccc2)c1)c1nc2ccccc2s1,0.9630638,435.4051,0.0776553,0.0777,0.5060695,3.4054,1.0000000,1.0000,[],50
42.6790,49.5525,67.5127,0.9145720,Cc1nc(N=C2CCCC(=O)c3ccc(N=Nc4ccccc4)cc32)[nH]c(=O)c1C,1,O=C1CCCC(=Nc2nccc(=O)[nH]2)c2cc(N=Nc3ccccc3)ccc21,0.9442493,430.7209,0.4782080,0.4782,0.5307028,3.1678,1.0000000,1.0000,[],50
34.1426,44.1487,57.8612,0.7969523,CCCNc1cccc(C(=O)Nc2ccc3ccccc3c2)c1N=Nc1nc2ccccc2s1,1,O=C(Nc1ccc2ccccc2c1)c1ccccc1N=Nc1nc2ccccc2s1,0.8327680,502.5699,0.2394564,0.2395,0.5996358,2.5572,1.0000000,1.0000,[],50
34.6872,42.9126,40.0765,0.6483520,CC(=O)C(NC(=O)C=Cc1ccc(-c2ccccc2)o1)c1ccc(N=Nc2ccccc2)cc1,1,O=C(C=Cc1ccc(-c2ccccc2)o1)NCc1ccc(N=Nc2ccccc2)cc1,0.6717279,407.7740,0.2365089,0.2365,0.5471224,3.0154,1.0000000,1.0000,[],50
27.4949,38.7097,-24.2861,0.1126844,O=C(Cc1ccc(N=Nc2ccccc2)cc1)Nc1c(C2CC2)oc2ccccc12,1,O=C(Cc1ccc(N=Nc2ccccc2)cc1)Nc1c(C2CC2)oc2ccccc12,0.1048353,376.7151,0.3605517,0.3606,0.6075980,2.4912,1.0000000,1.0000,[],50
15.3300,30.4777,88.6189,0.9304420,O=[N+]([O-])c1ccccc1-c1ccc(N=Nc2ccc(N=Nc3ccccc3)cc2)cc1,1,c1ccc(N=Nc2ccc(N=Nc3ccc(-c4ccccc4)cc3)cc2)cc1,0.9879983,472.1122,0.1833911,0.1834,0.6144377,2.4352,1.0000000,1.0000,[],50
44.2742,64.7583,35.1711,0.7806983,CC(C=Cc1cccc(C=Nc2ccc3c(ccc(=O)n3-c3ccc(N=Nc4ccccc4)cc3)c2C#N)c1O)=Cc1ccccc1,1,O=c1ccc2cc(N=Cc3cccc(C=CC=Cc4ccccc4)c3)ccc2n1-c1ccc(N=Nc2ccccc2)cc1,0.8388743,417.9133,0.1052154,0.1052,0.5193286,3.2761,1.0000000,1.0000,[],50
42.6436,42.4632,-41.9470,0.0040321,Oc1cccc(CC2C=CC(=Cc3cccc4ccccc34)C2)c1,1,C1=CC(Cc2ccccc2)CC1=Cc1cccc2ccccc12,0.0030972,337.3081,0.6528144,0.6528,0.5408912,3.0727,1.0000000,1.0000,[],50
44.6507,50.5366,-50.0435,0.0038524,c1csc(C2=C(Cc3ccc4oc5ccccc5c4c3)c3cccc(OC4CCCC4)c3CC2)c1,1,c1csc(C2=C(Cc3ccc4oc5ccccc5c4c3)c3cccc(OC4CCCC4)c3CC2)c1,0.0030387,337.1003,0.2523427,0.2523,0.5697066,2.8132,1.0000000,1.0000,[],50
18.7687,39.5059,80.3125,0.9360811,Cc1sc(-c2ccc(N=Nc3ccc(N=Nc4ccccc4)cc3)cc2)cc1N=Nc1ccccc1,1,c1ccc(N=Nc2ccc(N=Nc3ccc(-c4cc(N=Nc5ccccc5)cs4)cc3)cc2)cc1,0.9923955,452.8903,0.2051572,0.2052,0.5688746,2.8205,1.0000000,1.0000,[],50
28.4625,53.0254,64.3932,0.9173323,O=C(Nc1cnc(N=Nc2ccccc2)c2ccccc12)c1ccc(C=Nc2ccc(N=Nc3ccccc3)cc2)o1,1,O=C(Nc1cnc(N=Nc2ccccc2)c2ccccc12)c1ccc(C=Nc2ccc(N=Nc3ccccc3)cc2)o1,0.9820952,443.4796,0.1503405,0.1503,0.5412837,3.0691,1.0000000,1.0000,[],50
40.3101,36.8912,-36.5668,0.0025343,COc1ccc(N(Cc2ccccc2)S(=O)(=O)c2cccc(Br)c2)c2cccnc12,1,O=S(=O)(c1ccccc1)N(Cc1ccccc1)c1cccc2ncccc12,0.0019273,332.1445,0.3685712,0.3686,0.6436609,2.2029,1.0000000,1.0000,[],50
28.2941,36.1402,83.7058,0.9362966,O=C(NCc1cccc(Cn2cnc3ccccc32)c1)c1ccc(N=Nc2ccccc2)cc1,1,O=C(NCc1cccc(Cn2cnc3ccccc32)c1)c1ccc(N=Nc2ccccc2)cc1,0.9793167,441.8826,0.2932570,0.2933,0.6323395,2.2916,1.0000000,1.0000,[],50
16.3512,24.5138,96.2487,0.9434573,Clc1ccccc1C=Nc1ccc(N=Nc2ccccc2)cc1,1,C(=Nc1ccc(N=Nc2ccccc2)cc1)c1ccccc1,0.9783979,441.4005,0.3882687,0.3883,0.6352254,2.2689,1.0000000,1.0000,[],50
45.1041,66.0134,49.2990,0.9008781,CCN(CC)c1ccc(C=CC(=O)c2csc(=Nc3ccccc3)c3cc(N=Nc4cccc5cc(N=Nc6ccccc6)ccc45)ccc23)cc1,1,O=C(C=Cc1ccccc1)c1csc(=Nc2ccccc2)c2cc(N=Nc3cccc4cc(N=Nc5ccccc5)ccc34)ccc12,0.9859810,473.8212,0.0766005,0.0766,0.4991121,3.4746,1.0000000,1.0000,[],50
20.4016,24.7517,97.8727,0.9580026,COc1cccc(O)c1N=Nc1ccccc1,1,c1ccc(N=Nc2ccccc2)cc1,0.9711337,438.1722,0.8117390,0.8117,0.6433629,2.2052,1.0000000,1.0000,[],50
37.3301,39.8519,32.4104,0.5645489,CN=Nc1cc2c(s1)Cc1cc(C#N)ccc1C2,1,c1ccc2c(c1)Cc1ccsc1C2,0.5646852,402.8251,0.6078906,0.6079,0.4995028,3.4707,1.0000000,1.0000,[],50
52.4929,58.7521,58.0061,0.9121740,CCCCCCCC(=O)N(CCCCCCC)c1cc2c(=O)c3cnc(-c4ccccc4)[nH]c-3cc2cc1OCCCCCC,1,O=c1c2cnc(-c3ccccc3)[nH]c-2cc2ccccc12,0.9956133,461.1012,0.0796772,0.0797,0.5528122,2.9637,1.0000000,1.0000,[],50
18.8903,36.4063,78.5591,0.8981670,c1ccc(N=Nc2ccc(N=Nc3ccc(N=Nc4ccc(-c5ccccc5)cc4N=Nc4ccccc4)cc3)cc2)cc1,1,c1ccc(N=Nc2ccc(N=Nc3ccc(N=Nc4ccc(-c5ccccc5)cc4N=Nc4ccccc4)cc3)cc2)cc1,0.9579937,486.0488,0.1544405,0.1544,0.5888269,2.6481,1.0000000,1.0000,[],50
24.9538,35.4654,75.7938,0.8692122,CCN(CC)c1ccc(C=C2C=Nc3ccc(N(C)C)cc32)cc1,1,C1=Nc2ccccc2C1=Cc1ccccc1,0.8788460,498.4856,0.7838625,0.7839,0.6012759,2.5435,1.0000000,1.0000,[],50
19.7404,35.1948,83.1366,0.9244642,O=C(Nc1ccc(C=Cc2ccc(N=Nc3ccc(N=Nc4ccccc4)cc3)cc2)cc1)c1ccc(N=Nc2ccccc2)cc1,1,O=C(Nc1ccc(C=Cc2ccc(N=Nc3ccc(N=Nc4ccccc4)cc3)cc2)cc1)c1ccc(N=Nc2ccccc2)cc1,0.9952878,458.1182,0.1207851,0.1208,0.5873846,2.6604,1.0000000,1.0000,[],50
28.6279,31.2898,-31.2815,0.0000649,C=C(c1ccccc1)C(N=C=Nc1ccccc1)c1ccccc1,1,C=C(c1ccccc1)C(N=C=Nc1ccccc1)c1ccccc1,0.0000404,290.1548,0.5204349,0.5204,0.5491389,2.9970,1.0000000,1.0000,[],50
39.1287,52.9464,48.3862,0.7916607,CCN(CC)c1ccc(-c2c(NC(=O)c3cccs3)nc3cc(C)ccc3c2C=Cc2ccc(N(C)C)cc2)cc1,1,O=C(Nc1nc2ccccc2c(C=Cc2ccccc2)c1-c1ccccc1)c1cccs1,0.8331360,417.4588,0.1960752,0.1961,0.5679563,2.8286,1.0000000,1.0000,[],50
33.4581,46.3669,-46.3669,0.0000000,Nc1c(C=NNc2nc(Nc3ccccc3)cc(Nc3ccccc3)n2)cc(N=Nc2ccccc2)c2ccccc12,1,C(=NNc1nc(Nc2ccccc2)cc(Nc2ccccc2)n1)c1cc(N=Nc2ccccc2)c2ccccc2c1,0.0000000,0.0000,0.0000000,0.0000,0.0000000,0.0000,0.0000000,0.0000,['[#7;!n][#7;!n]'],50
38.9359,58.4654,-41.0650,0.1359401,CCCC(=O)N=Nc1cc2sc3ccccc3c2c(=O)cc1N=Nc1ccc(N=Nc2ccccc2)cc1,1,O=c1cc(N=Nc2ccc(N=Nc3ccccc3)cc2)ccc2sc3ccccc3c12,0.1305592,540.5858,0.1998483,0.1998,0.5193741,3.2757,1.0000000,1.0000,[],50
24.3813,45.5446,57.3645,0.8039775,c1ccc(N=Nc2ccc(N=Nc3sc4ccc(N=Nc5ccccc5)cc4c3C(=Nc3ccccc3)c3ccccc3)cc2)cc1,1,c1ccc(N=Nc2ccc(N=Nc3sc4ccc(N=Nc5ccccc5)cc4c3C(=Nc3ccccc3)c3ccccc3)cc2)cc1,0.8627427,500.0414,0.1128556,0.1129,0.5358563,3.1194,1.0000000,1.0000,[],50
20.6657,32.8701,88.7316,0.9500138,Cc1cc(N)c(-c2ccc(N=Nc3ccccc3)cc2)s1,1,c1ccc(N=Nc2ccc(-c3cccs3)cc2)cc1,0.9722086,438.5962,0.6166274,0.6166,0.6065770,2.4996,1.0000000,1.0000,[],50
51.7377,63.2200,-45.8354,0.1358167,CN(c1ccccc1)c1ccc(-c2cc(-c3ccc(-c4ncc(C5=NOC(O)C5)cn4)cc3)n(-c3ccccc3)c2)cc1,1,c1ccc(Nc2ccc(-c3cc(-c4ccc(-c5ncc(C6=NOCC6)cn5)cc4)n(-c4ccccc4)c3)cc2)cc1,0.1301392,379.3740,0.2179687,0.2180,0.5077828,3.3885,1.0000000,1.0000,[],50
37.2418,50.8430,67.1199,0.9215856,Oc1ccc(C2=NCc3ccccc3N=C2c2ccc3c(O)c4ccccc4c(N=Nc4ccccc4)c3c2)cc1,1,c1ccc(N=Nc2c3ccccc3cc3ccc(C4=Nc5ccccc5CN=C4c4ccccc4)cc23)cc1,0.9819179,476.6293,0.1752414,0.1752,0.5467116,3.0192,1.0000000,1.0000,[],50
39.2259,43.6923,-43.5129,0.0014015,O=C(Nc1ccc2ccccc2c1)NC1CCCN(C(=Cc2ccccc2)c2ccccc2)C1,1,O=C(Nc1ccc2ccccc2c1)NC1CCCN(C(=Cc2ccccc2)c2ccccc2)C1,0.0010382,325.4187,0.3375735,0.3376,0.5785041,2.7365,1.0000000,1.0000,[],50
32.6352,41.1483,-41.1483,0.0000000,c1(N(c2ccc(cc2)-c2ccc3n(-c4ccc(N(c5ccccc5)c5ccccc5)cc4)c4ccccc43)cc2)ccc(cc1)N(c1ccccc1)c1ccccc1,0,,0.0000000,0.0000,0.0000000,0.0000,0.0000000,0.0000,0.0000000,0.0000,None,50
76.5236,88.8929,-88.8929,0.0000000,CCCC(C)Oc1cccc(C=Nc2ccc3nc(-c4ccc(F)cc4)cc(N=Nc4ccc5c(c4)C(=O)C=C(Nc4ccccc4)c4ccccc4N5c4ccccc4)c3n2)c1,1,O=C1C=C(Nc2ccccc2)c2ccccc2N(c2ccccc2)c2ccc(N=Nc3cc(-c4ccccc4)nc4ccc(N=Cc5ccccc5)nc34)cc21,0.0000000,0.0000,0.0000000,0.0000,0.0000000,0.0000,0.0000000,0.0000,['[*;r{8-17}]'],50
20.6240,24.9863,-24.2556,0.0057083,Clc1ccccc1C=Nc1ccc2ccccc2c1,1,C(=Nc1ccc2ccccc2c1)c1ccccc1,0.0044654,341.2951,0.5617415,0.5617,0.6805189,1.9245,1.0000000,1.0000,[],50
25.2525,44.3017,74.5385,0.9284389,COc1cc(B(c2ccccc2)c2ccccc2)cc(F)c1N=Nc1ccc(N=Nc2ccccc2)cc1,1,c1ccc(N=Nc2ccc(N=Nc3ccc(B(c4ccccc4)c4ccccc4)cc3)cc2)cc1,0.9918039,467.9295,0.1651636,0.1652,0.5377361,3.1019,1.0000000,1.0000,[],50
29.4975,33.8570,69.4698,0.8072404,C1=CC(=Nc2ccc(N(c3ccccc3)c3ccccc3)cc2)C=CC1=NOCCOc1ccccc1,1,C1=CC(=Nc2ccc(N(c3ccccc3)c3ccccc3)cc2)C=CC1=NOCCOc1ccccc1,0.8595136,500.3345,0.1379796,0.1380,0.5799832,2.7238,1.0000000,1.0000,[],50
50.3333,57.7443,60.1063,0.9207079,O=S1(c2ccccc2)=NCCC(c2ccccc2)C12N=C(c1ccccc1)C(C(=S)c1ccccc1)=C2c1ccccc1,1,O=S1(c2ccccc2)=NCCC(c2ccccc2)C12N=C(c1ccccc1)C(C(=S)c1ccccc1)=C2c1ccccc1,0.9932327,454.1660,0.1456741,0.1457,0.3991142,4.5925,1.0000000,1.0000,[],50
36.1475,42.2048,-42.1791,0.0002009,CCCC(CC(c1ccc(N(C)C)cc1)N(C)C=O)c1ccccc1,1,c1ccc(CCCc2ccccc2)cc1,0.0001321,303.0260,0.6098871,0.6099,0.5247024,3.2246,1.0000000,1.0000,[],50
34.7322,42.4810,-35.5583,0.0540833,N#Cc1cc2c(c3ccccc13)N(c1ccccc1)C(=O)N(c1ccccc1)C2c1ccccc1,1,O=C1N(c2ccccc2)c2c(ccc3ccccc23)C(c2ccccc2)N1c1ccccc1,0.0488621,367.7682,0.2838041,0.2838,0.5590330,2.9077,1.0000000,1.0000,[],50
