Agent,Prior,Target,Score,SMILES,SMILES_state,Scaffold,lambda_abs,lambda_abs (raw),QED,QED (raw),SA score,SA score (raw),Unwanted SMARTS,Unwanted SMARTS (raw),matchting_patterns (Unwanted SMARTS),step
37.9387,44.3310,-43.4744,0.0066921,CCCCCCCCCCCCOc1cc2[o+]c3c4ccccc4n(CC)c3cc2c2ccccc12,1,c1ccc2c(c1)ccc1[o+]c3c(cc12)[nH]c1ccccc13,0.0056065,576.2216,0.0947019,0.0947,0.5631375,2.8712,1.0000000,1.0000,[],1
25.2553,34.0421,-34.0421,0.0000000,O=C1c2cc(C#Cc3ccc(N(c4ccccc4)c4ccccc4)cc3)ccc2-c2c1ccc1ccccc21,1,O=C1c2cc(C#Cc3ccc(N(c4ccccc4)c4ccccc4)cc3)ccc2-c2c1ccc1ccccc21,0.0000000,0.0000,0.0000000,0.0000,0.0000000,0.0000,0.0000000,0.0000,['C#C'],1
22.8393,33.5650,-33.5650,0.0000000,N#Cc1cc(F)c(C#Cc2ccc(N(c3ccccc3)c3ccccc3)cc2)c(F)c1,1,C(#Cc1ccc(N(c2ccccc2)c2ccccc2)cc1)c1ccccc1,0.0000000,0.0000,0.0000000,0.0000,0.0000000,0.0000,0.0000000,0.0000,['C#C'],1
36.4232,41.7670,78.2101,0.9373203,CCN(CC)c1ccc(C=Cc2ccc(C(=O)c3cc4c(C)cccc4oc3=O)cc2)cc1,1,O=C(c1ccc(C=Cc2ccccc2)cc1)c1cc2ccccc2oc1=O,0.9940200,455.5173,0.1920408,0.1920,0.6209318,2.3827,1.0000000,1.0000,[],1
25.1611,26.0514,-25.5687,0.0037709,Oc1cccc(-c2nnc(Nc3ccccc3)s2)c1,1,c1ccc(Nc2nnc(-c3ccccc3)s2)cc1,0.0028584,336.4343,0.7615903,0.7616,0.6811505,1.9199,1.0000000,1.0000,[],1
38.1486,41.1461,-32.1460,0.0703135,N#CC(=Cc1ccc(C(C#N)c2cccc(F)c2)cc1)c1c[nH]c2ccccc12,1,C(=Cc1c[nH]c2ccccc12)c1ccc(Cc2ccccc2)cc1,0.0635348,370.7880,0.4415889,0.4416,0.5512657,2.9777,1.0000000,1.0000,[],1
38.8912,37.8815,-37.8797,0.0000145,CC(C)(C)CC=CC=CCCCCOc1ccccc1Br,1,c1ccccc1,0.0000084,273.1121,0.3812418,0.3812,0.6014190,2.5423,1.0000000,1.0000,[],1
33.2594,36.0787,-34.5952,0.0115902,CN1CCN(c2cc(C=C3C(C)(C)C3(C)C)ccc2C#N)CC1,1,C(=C1CC1)c1cccc(N2CCNCC2)c1,0.0093279,349.3463,0.8330625,0.8331,0.5737386,2.7779,1.0000000,1.0000,[],1
18.8071,23.8293,-21.1665,0.0208036,c1csc(-c2cnc3ccccc3n2)c1,1,c1csc(-c2cnc3ccccc3n2)c1,0.0173656,356.1824,0.6177927,0.6178,0.6845430,1.8950,1.0000000,1.0000,[],1
37.0314,38.4016,-13.5544,0.1941189,COc1ccc(NC(=O)c2sc(=S)n(-c3ccc(N(C)C)cc3)c2SCc2ccccc2)cc1,1,O=C(Nc1ccccc1)c1sc(=S)n(-c2ccccc2)c1SCc1ccccc1,0.1890907,384.1924,0.2078828,0.2079,0.6093157,2.4771,1.0000000,1.0000,[],1
21.9010,30.9826,-30.9826,0.0000000,COc1ccc(N(c2ccccc2)c2ccccc2C=C(C#N)C(=O)O)cc1,1,c1ccc(N(c2ccccc2)c2ccccc2)cc1,0.0000000,0.0000,0.0000000,0.0000,0.0000000,0.0000,0.0000000,0.0000,"['C(=[O,S])[O,S]']",1
29.7289,34.9589,-34.9589,0.0000000,CC(C)CN(CC(=O)O)C(=O)c1ccc(C=NN(c2ccccc2)c2ccccc2)cc1,1,C(=NN(c1ccccc1)c1ccccc1)c1ccccc1,0.0000000,0.0000,0.0000000,0.0000,0.0000000,0.0000,0.0000000,0.0000,"['[#7;!n][#7;!n]', 'C(=[O,S])[O,S]']",1
23.2521,26.9708,-24.8286,0.0167360,O=Cc1ccc(-c2ccc(C=NO)cc2)s1,1,c1ccc(-c2cccs2)cc1,0.0140547,353.8492,0.3818050,0.3818,0.6141368,2.4377,1.0000000,1.0000,[],1
21.3712,26.1703,-25.6814,0.0038195,CCCCCn1c2ccccc2c2cc(CCCC)ccc21,1,c1ccc2c(c1)[nH]c1ccccc12,0.0029455,336.7610,0.4486405,0.4486,0.6879548,1.8702,1.0000000,1.0000,[],1
51.3168,55.0871,-55.0871,0.0000000,c1(nc(C)c2c(Cc3cc(C)ccc3)cnn21)C=C1C(=O)N(C)C(N1)=O,0,,0.0000000,0.0000,0.0000000,0.0000,0.0000000,0.0000,0.0000000,0.0000,None,1
123.3066,140.9770,-140.9770,0.0000000,c12c3c(C4C(=Cc5nc6ccc(cc6n5C)OC(=O)c5ccc(cc5)F)C(=C(N)O4)C(OC)=O)sc3ccc2=NC(=O)C=1CC1C(C(O)C=CC2=CC(=[N+](C(C)(C)C)C(=O)C=2C)C)C(=C(NC=1C)C)C(=O)O,0,,0.0000000,0.0000,0.0000000,0.0000,0.0000000,0.0000,0.0000000,0.0000,None,1
60.7062,77.1948,-77.1948,0.0000000,Cc1ccc(-c2c(-c3ccc(-c4ccc(C=C(C#N)C(=O)O)s4)cc3)c(C(C)(C)O)nc3sc4nc(-c5ccc(-c6ccc(C(=O)O)cc6)cc5)cn4c23)s1,1,c1ccc(-c2ccc(-c3cn4c(n3)sc3ncc(-c5ccc(-c6cccs6)cc5)c(-c5cccs5)c34)cc2)cc1,0.0000000,0.0000,0.0000000,0.0000,0.0000000,0.0000,0.0000000,0.0000,"['C(=[O,S])[O,S]']",1
39.6224,42.9939,-42.9939,0.0000000,CCCCOC(=O)C1=C(C(C)C)Nc2c(C(=O)OCC)c(-c3ccc(OC)cc3)nn2C1c1ccccc1,1,C1=CC(c2ccccc2)n2nc(-c3ccccc3)cc2N1,0.0000000,0.0000,0.0000000,0.0000,0.0000000,0.0000,0.0000000,0.0000,"['C(=[O,S])[O,S]']",1
84.1035,94.1180,-94.1180,0.0000000,c12cc(ccc2C(CCC)(c2c-1cccc2)C)C=CC1C(C(=c2c(C=1Sc1ccccc1)c1cc(O)c(cc1c(=C(C#N)C(=O)O)c2O)O)N(C)C)C,0,,0.0000000,0.0000,0.0000000,0.0000,0.0000000,0.0000,0.0000000,0.0000,None,1
59.9954,66.4213,-66.4213,0.0000000,CC(C)N(C)CC(C#N)=C(O)OCC(S)COC(=O)NCCC#CC#CC#CC#CC#CC#CS,1,,0.0000000,0.0000,0.0000000,0.0000,0.0000000,0.0000,0.0000000,0.0000,"['C#C', 'C(=[O,S])[O,S]']",1
38.1968,44.1718,-40.3169,0.0301163,Cc1nc(-c2cccc(-c3noc(-c4ccccc4)n3)c2)sc1C=Cc1ccc(F)cc1,1,C(=Cc1cnc(-c2cccc(-c3noc(-c4ccccc4)n3)c2)s1)c1ccccc1,0.0263093,360.7922,0.2918654,0.2919,0.6124867,2.4511,1.0000000,1.0000,[],1
44.8636,51.9222,9.0243,0.4761451,CCn1c2ccccc2c2cc(-c3ccc(N(c4ccc(N(c5ccccc5)c5ccccc5)cc4)c4ccc5c(c4)C(C)(C)c4cc(OC)ccc4-5)cc3)nnc21,1,c1ccc(N(c2ccccc2)c2ccc(N(c3ccc(-c4cc5c(nn4)[nH]c4ccccc45)cc3)c3ccc4c(c3)Cc3ccccc3-4)cc2)cc1,0.4931133,399.7009,0.1468637,0.1469,0.5267745,3.2049,1.0000000,1.0000,[],1
32.3652,33.5760,-33.3533,0.0017400,COc1ccc(CN(CCc2ccc(N(C)C)cc2)S(=O)(=O)c2ccc(Cl)cc2)cc1,1,O=S(=O)(c1ccccc1)N(CCc1ccccc1)Cc1ccccc1,0.0012874,327.7572,0.4596777,0.4597,0.6642874,2.0452,1.0000000,1.0000,[],1
23.2639,22.3695,-22.3695,0.0000000,CC(C)(C)OC(=O)NCC(O)C(=O)O,1,,0.0000000,0.0000,0.0000000,0.0000,0.0000000,0.0000,0.0000000,0.0000,"['C(=[O,S])[O,S]']",1
47.9800,54.8152,-54.8152,0.0000000,o1c(cc2ccc(OCCCCCCCCCC)cc2c1=O)=C(c1c2ccccc2ccc1)c1ccc(-c2ccc(cc2)N(c2ccccc2)c2ccccc2)cc1,0,,0.0000000,0.0000,0.0000000,0.0000,0.0000000,0.0000,0.0000000,0.0000,None,1
37.3086,52.3661,-52.3661,0.0000000,N#CC(=Cc1ccc(-c2ccc(-c3cccn4c3c(-c3ccccc3)c3ccccc34)cc2)cc1)C(=O)O,1,c1ccc(-c2ccc(-c3cccn4c3c(-c3ccccc3)c3ccccc34)cc2)cc1,0.0000000,0.0000,0.0000000,0.0000,0.0000000,0.0000,0.0000000,0.0000,"['C(=[O,S])[O,S]']",1
29.8432,36.3223,-36.3223,0.0000000,CC(=O)c1ccc(Nc2ccc(C#Cc3ccc(C#N)cc3)cn2)cc1,1,C(#Cc1ccc(Nc2ccccc2)nc1)c1ccccc1,0.0000000,0.0000,0.0000000,0.0000,0.0000000,0.0000,0.0000000,0.0000,['C#C'],1
32.9013,34.3325,-34.3325,0.0000000,O=C(O)c1cccc2cc(-c3ccccc3)n(-c3ccc(O)cc3)c12,1,c1ccc(-c2cc3ccccc3n2-c2ccccc2)cc1,0.0000000,0.0000,0.0000000,0.0000,0.0000000,0.0000,0.0000000,0.0000,"['C(=[O,S])[O,S]']",1
55.0529,62.4353,-62.4353,0.0000000,c1(ccc2SC(=Cc3sc(N(c4ccc5c6ccccc6n(c5cc4)CC)CCCN4CCCCC4)nc3)c3cccc1c32)C#N,0,,0.0000000,0.0000,0.0000000,0.0000,0.0000000,0.0000,0.0000000,0.0000,None,1
37.1889,40.0970,-40.0970,0.0000000,Cc1ccc2cccc3c2c1CCc1ccccc1N3c1cccc2ccccc12,1,c1ccc2c(c1)CCc1cccc3cccc(c13)N2c1cccc2ccccc12,0.0000000,0.0000,0.0000000,0.0000,0.0000000,0.0000,0.0000000,0.0000,['[*;r{8-17}]'],1
27.4242,26.8816,-18.3660,0.0665285,COc1cc(OC)c(OC)c([N+](=O)[O-])c1O,1,c1ccccc1,0.0591183,369.9547,0.6181028,0.6181,0.6412116,2.2220,1.0000000,1.0000,[],1
25.9745,28.9173,-28.9173,0.0000000,CCOC(=O)c1cc2ccc(N(CC)CC)cc2n(C)c1=O,1,O=c1ccc2ccccc2[nH]1,0.0000000,0.0000,0.0000000,0.0000,0.0000000,0.0000,0.0000000,0.0000,"['C(=[O,S])[O,S]']",1
40.7359,39.6396,-39.6183,0.0001669,Cc1ccc(C)c(-n2ccnc2-c2cc(Cl)cc(S(=O)(=O)C(C)C)c2)c1,1,c1ccc(-c2nccn2-c2ccccc2)cc1,0.0001082,300.8610,0.6320588,0.6321,0.6078310,2.4893,1.0000000,1.0000,[],1
18.9730,22.6347,-22.6347,0.0000000,CNC(=O)CC#N,1,,0.0000000,207.4533,0.4868312,0.4868,0.5832281,2.6959,1.0000000,1.0000,[],1
20.9090,28.2407,-23.7197,0.0353201,CCCCOc1ccc(C=Cc2ccc(C=C(c3ccccc3)c3ccccc3)cc2)cc1,1,C(=Cc1ccc(C=C(c2ccccc2)c2ccccc2)cc1)c1ccccc1,0.0314875,362.8008,0.1906712,0.1907,0.6594154,2.0820,1.0000000,1.0000,[],1
45.7895,47.6541,-47.6541,0.0000000,Cc1cc(C)c2cc3c(C)c(C(OC(C)(C)C)C(=O)O)c(-c4ccc(C(=O)O)cc4)c3cc2o1,1,c1ccc(-c2ccc3cc4cccoc4cc23)cc1,0.0000000,0.0000,0.0000000,0.0000,0.0000000,0.0000,0.0000000,0.0000,"['C(=[O,S])[O,S]']",1
24.2445,24.4024,-24.3983,0.0000315,COc1ccccc1N1CC(C(=O)N2CCCC2)CC1=O,1,O=C(C1CC(=O)N(c2ccccc2)C1)N1CCCC1,0.0000185,281.6843,0.8498698,0.8499,0.6262341,2.3402,1.0000000,1.0000,[],1
26.1644,28.5587,-28.5587,0.0000000,CCC1C(=O)SC2c3ccccc3C(=O)N12,1,O=C1CN2C(=O)c3ccccc3C2S1,0.0000000,0.0000,0.0000000,0.0000,0.0000000,0.0000,0.0000000,0.0000,"['C(=[O,S])[O,S]']",1
27.3332,27.5009,-27.0645,0.0034093,C=CC1(n2c3ccccc3c3ccccc32)C=CC=CC1,1,C1=CCC(n2c3ccccc3c3ccccc32)C=C1,0.0026108,335.4478,0.5650467,0.5650,0.5104619,3.3622,1.0000000,1.0000,[],1
84.9410,99.7536,-99.7536,0.0000000,o1c2c(c3cc4n(CCCCCCCC)c5c(sc-5c4nc31)c1N=C3C(C(=C(c1c3)SCCCCCCCC)c1ccc(C=C(C(=O)O)C#N)cc1)=Nc1ccccc1)cccc2,0,,0.0000000,0.0000,0.0000000,0.0000,0.0000000,0.0000,0.0000000,0.0000,None,1
23.8707,26.1950,-26.1620,0.0002578,O=Cc1ccc2oc3ccc(F)cc3c2c1,1,c1ccc2c(c1)oc1ccccc12,0.0001712,305.8420,0.5797689,0.5798,0.6605546,2.0734,1.0000000,1.0000,[],1
20.9416,23.8953,-23.8872,0.0000633,NCC1CCCN(c2ccccc2)C1,1,c1ccc(N2CCCCC2)cc1,0.0000388,289.7081,0.7709892,0.7710,0.6471385,2.1760,1.0000000,1.0000,[],1
32.7999,32.0063,-22.8295,0.0716937,O=C(Pc1ccccc1OCl)c1ccccc1,1,O=C(Pc1ccccc1)c1ccccc1,0.0636747,370.8135,0.7917101,0.7917,0.5467190,3.0191,1.0000000,1.0000,[],1
29.3996,35.1284,-35.1284,0.0000000,c12c3c4cccc3ccc1ccc1C(=O)N(c3ccc(cc3)OC)C(=O)c1c42,0,,0.0000000,0.0000,0.0000000,0.0000,0.0000000,0.0000,0.0000000,0.0000,None,1
25.4853,29.6554,-29.2651,0.0030490,N#Cc1ccc(-c2ccc3nc(-c4ccccc4O)[nH]c3c2)cc1,1,c1ccc(-c2ccc3nc(-c4ccccc4)[nH]c3c2)cc1,0.0023082,334.1071,0.5732349,0.5732,0.6525031,2.1347,1.0000000,1.0000,[],1
20.2916,21.7610,-21.7609,0.0000004,CCCCCCCCCCCCCCCCC=CN,1,,0.0000002,233.2652,0.3446237,0.3446,0.6460988,2.1840,1.0000000,1.0000,[],1
31.4473,33.4859,-33.4667,0.0001499,CCCCCCCCC(CN(CCCCCCCC)CCCCCCCC)=NCCCCCCC,1,,0.0001034,300.3660,0.0748159,0.0748,0.6050378,2.5123,1.0000000,1.0000,[],1
53.6222,59.2195,61.1324,0.9402488,CC1(n2c3c(c4cc(C#N)ccc42)CCC3)CC(C=Cc2ccc(CS(=O)(=O)O)cc2)=CC(=C(C#N)C#N)C1,1,C=C1C=C(C=Cc2ccccc2)CC(n2c3c(c4ccccc42)CCC3)C1,0.9881511,471.9713,0.3211227,0.3211,0.4446537,4.0523,1.0000000,1.0000,[],1
30.1443,31.7508,-31.7508,0.0000000,O=C(O)c1ccc2nc(Nc3cccc(O)c3O)sc2c1,1,c1ccc(Nc2nc3ccccc3s2)cc1,0.0000000,0.0000,0.0000000,0.0000,0.0000000,0.0000,0.0000000,0.0000,"['C(=[O,S])[O,S]']",1
51.1870,58.8972,-58.8972,0.0000000,c1[nH]c(=O)c(-c2ccc(CNc3ccc(C=Cc4cc5c(cc(cc5)N=Cc5ccc(N(C)C)cc5)cc4)cc3)cc2)s1,0,,0.0000000,0.0000,0.0000000,0.0000,0.0000000,0.0000,0.0000000,0.0000,None,1
29.2146,33.5943,-33.5943,0.0000000,CC(C)(C)OC(=O)c1ccc2c(c1)NC(=O)C2=Cc1ccc(C(=O)O)cc1,1,O=C1Nc2ccccc2C1=Cc1ccccc1,0.0000000,0.0000,0.0000000,0.0000,0.0000000,0.0000,0.0000000,0.0000,"['C(=[O,S])[O,S]']",1
40.0899,44.8988,-43.2832,0.0126213,N#Cc1ccc(CNC(=O)c2cc(-c3ccc4c(c3)OCCO4)cc(N3CCCCC3)c2O)cc1,1,O=C(NCc1ccccc1)c1cc(-c2ccc3c(c2)OCCO3)cc(N2CCCCC2)c1,0.0103168,350.4513,0.5661847,0.5662,0.6058403,2.5057,1.0000000,1.0000,[],1
52.8795,56.9392,-50.7347,0.0484728,CCNc1ncnc2c1ccn2C=Cc1nc(CCOC)nc2c1CCc1ccc(OC)cc1-2,1,C(=Cn1ccc2cncnc21)c1ncnc2c1CCc1ccccc1-2,0.0430658,366.3313,0.4242070,0.4242,0.5155261,3.3128,1.0000000,1.0000,[],1
41.1563,41.6030,-41.4924,0.0008637,COc1ccc(Nc2cc(C)nc(-c3ccccc3)n2)cc1CNS(=O)(=O)c1ccc(C(F)(F)F)cc1,1,O=S(=O)(NCc1cccc(Nc2ccnc(-c3ccccc3)n2)c1)c1ccccc1,0.0006249,319.9023,0.3047734,0.3048,0.6185105,2.4022,1.0000000,1.0000,[],1
32.0563,33.7339,-33.7339,0.0000000,CCCC(=CC(=O)O)c1ccc(-c2cc3ccccc3oc2=O)cc1,1,O=c1oc2ccccc2cc1-c1ccccc1,0.0000000,0.0000,0.0000000,0.0000,0.0000000,0.0000,0.0000000,0.0000,"['C(=[O,S])[O,S]']",1
46.5633,45.8770,-45.8770,0.0000000,N1(c2c(cccc2)C(=O)OCCCC)C(=O)[C@@]2(C)N=C(c3ccccc3)c3ccccc3S2(=O)=O,0,,0.0000000,0.0000,0.0000000,0.0000,0.0000000,0.0000,0.0000000,0.0000,None,1
23.1162,33.3819,-33.3819,0.0000000,N#CC(=Cc1ccc(-c2ncc(-c3ccccc3)s2)s1)C(=O)O,1,c1ccc(-c2cnc(-c3cccs3)s2)cc1,0.0000000,0.0000,0.0000000,0.0000,0.0000000,0.0000,0.0000000,0.0000,"['C(=[O,S])[O,S]']",1
45.3637,50.1414,-50.1414,0.0000000,COc1ccc2c(c1)-c1c(OC)ccc3c1CC21CCC(C)(C)CC31,1,c1ccc2c(c1)-c1cccc3c1CC21CCCCC31,0.0000000,0.0000,0.7246127,0.7246,0.4052805,4.5159,1.0000000,1.0000,[],1
39.4277,45.7669,60.1858,0.8277549,COc1c2ccccc2c(-c2ccccc2)c2cc(C=CC(C)=C(C)CCC=C(C)C)c3ccccc3c12,1,c1ccc(-c2c3ccccc3cc3c2ccc2ccccc23)cc1,0.8937085,423.1174,0.0941878,0.0942,0.5653179,2.8518,1.0000000,1.0000,[],1
36.2276,40.3963,-39.7246,0.0052470,N#Cc1ccc(-n2c3ccccc3c3c4ccc(-c5ccc6c(c5)c5ccccc5n6-c5ccccc5)cc4n(-c4ccccc4)c32)cc1,1,c1ccc(-n2c3ccccc3c3cc(-c4ccc5c6c7ccccc7n(-c7ccccc7)c6n(-c6ccccc6)c5c4)ccc32)cc1,0.0042416,340.7343,0.1919693,0.1920,0.5795281,2.7277,1.0000000,1.0000,[],1
81.1857,84.4477,-84.4477,0.0000000,C(C)(=NCCN(CC(=C)c1ccc(C=c2[nH]c(C(=C)OC)nc2)cn1)C=C(CC)C)c1c(C)cc(OC)cc1C,0,,0.0000000,0.0000,0.0000000,0.0000,0.0000000,0.0000,0.0000000,0.0000,None,1
23.6338,25.3104,-25.2927,0.0001379,COc1ccc(-c2cccc(C(C)=O)c2C)cc1,1,c1ccc(-c2ccccc2)cc1,0.0000877,298.5764,0.7610699,0.7611,0.7184874,1.6530,1.0000000,1.0000,[],1
40.5259,43.0854,-43.0854,0.0000000,CC1=CC(O)=NC1=C(C(=O)O)C(CC(=O)O)C(=O)O,1,C=C1C=CC=N1,0.0000000,0.0000,0.0000000,0.0000,0.0000000,0.0000,0.0000000,0.0000,"['C(=[O,S])[O,S]']",1
35.9862,39.2197,-39.2197,0.0000000,Cc1cc(C(C)C)cc(C(C)C)c1NC(=O)c1c(F)cccc1C#Cc1ccccc1,1,O=C(Nc1ccccc1)c1ccccc1C#Cc1ccccc1,0.0000000,0.0000,0.0000000,0.0000,0.0000000,0.0000,0.0000000,0.0000,['C#C'],1
30.9943,39.1348,-39.1348,0.0000000,Cn1c2ccc(Cl)cc2c2cc(C(=O)O)cc(-c3ccc(N(c4ccccc4)c4ccccc4)cc3)c21,1,c1ccc(N(c2ccccc2)c2ccc(-c3cccc4c3[nH]c3ccccc34)cc2)cc1,0.0000000,0.0000,0.0000000,0.0000,0.0000000,0.0000,0.0000000,0.0000,"['C(=[O,S])[O,S]']",2
26.3769,34.3218,-33.8081,0.0040134,N#Cc1cccc(-c2nc(C#N)c3c4ccccc4c4ccccc4n23)c1,1,c1ccc(-c2ncc3c4ccccc4c4ccccc4n23)cc1,0.0031220,337.3948,0.3996405,0.3996,0.6133350,2.4442,1.0000000,1.0000,[],2
40.1476,43.5149,-43.5149,0.0000000,CN(CCCn1cc(-c2ccc3cc(O)ccc3c2)c2ccc(C(=O)O)cc21)C(=O)OC(C)(C)C,1,c1ccc2cc(-c3c[nH]c4ccccc34)ccc2c1,0.0000000,0.0000,0.0000000,0.0000,0.0000000,0.0000,0.0000000,0.0000,"['C(=[O,S])[O,S]']",2
28.7795,33.4578,-33.3884,0.0005425,CCC(C)c1ccc2c(c1)CC(CC)N2CC,1,c1ccc2c(c1)CCN2,0.0003735,314.3106,0.7438613,0.7439,0.5389471,3.0907,1.0000000,1.0000,[],2
39.0201,45.0854,-45.0854,0.0000000,c1ccc(c(-c2cc3c(cc(N(CC)CC)cc3)oc-2cc1=[N+](CC)CC)S(O)(=O)=O)N(CCCC)CCCC,0,,0.0000000,0.0000,0.0000000,0.0000,0.0000000,0.0000,0.0000000,0.0000,None,2
68.0340,78.3817,-78.3817,0.0000000,c12c(n3c4c1c(c1-c5cccc6c5c(N(c5ccccc6)c6ccc(C=C(C(C)C)C#N)s6)cc5C(c14)(C)C)ccc3)nsn2,0,,0.0000000,0.0000,0.0000000,0.0000,0.0000000,0.0000,0.0000000,0.0000,None,2
44.1087,48.8683,-41.1900,0.0599866,CCc1c(C#N)c2c(c3ccc(=O)oc13)C(O)C(C)(C)C(C)(C)O2,1,O=c1ccc2c3c(ccc2o1)OCCC3,0.0529174,368.6803,0.8109956,0.8110,0.4658525,3.8194,1.0000000,1.0000,[],2
35.7181,37.7542,-37.6684,0.0006702,Cc1nn(-c2ccccc2)cc1-c1c[nH]c(-c2ccc(N(C)C)cc2)n1,1,c1ccc(-c2nc(-c3cnn(-c4ccccc4)c3)c[nH]2)cc1,0.0004687,316.7769,0.6007806,0.6008,0.5979202,2.5715,1.0000000,1.0000,[],2
43.4457,49.1951,-46.8180,0.0185708,N#Cc1c(-c2ccc(Cl)cc2)sc2c(-c3ccc(Cl)c(Cl)c3)cn(CC(O)CO)c12,1,c1ccc(-c2cc3[nH]cc(-c4ccccc4)c3s2)cc1,0.0157689,355.1176,0.3582628,0.3583,0.5183394,3.2856,1.0000000,1.0000,[],2
31.7622,30.9190,-30.9190,0.0000000,C=C(C)C(=O)OCCCCCCN(CC)CCCCCCCC(=O)OC(=O)CCCCCC,1,,0.0000000,0.0000,0.0000000,0.0000,0.0000000,0.0000,0.0000000,0.0000,"['C(=[O,S])[O,S]']",2
39.4035,44.8303,73.8678,0.9273288,CCCCCCCCn1c2ccccc2c2c3c(ccc4c5ccccc5ccc43)c3c(c21)C=C3C,1,C1=Cc2c1c1ccc3c4ccccc4ccc3c1c1c2[nH]c2ccccc21,0.9895086,449.3646,0.1624655,0.1625,0.5795856,2.7272,1.0000000,1.0000,[],2
69.8786,77.8954,-77.8954,0.0000000,CCCCCCCCc1cc(CCCCCCC)c2c(-c3ccc(-c4ccc5c(c4)c4ccccc4n5CC)cn3)sc3ccc=3[n+](CC(=O)OCCCCCC)c2c1,1,c1ccc2c(c1)[nH]c1ccc(-c3ccc(-c4sc5ccc=5[nH+]c5ccccc45)nc3)cc12,0.0000000,0.0000,0.0000000,0.0000,0.0000000,0.0000,0.0000000,0.0000,"['C(=[O,S])[O,S]']",2
31.4416,35.8269,-35.8269,0.0000000,c1ccc(cc1)-c1cc(C(=O)OCC)c(c1C(OCC)=O)C#N,0,,0.0000000,0.0000,0.0000000,0.0000,0.0000000,0.0000,0.0000000,0.0000,None,2
33.2127,37.9077,-37.9020,0.0000448,CCCCN(CCCC)c1nc(N(CC)CCCCCCN(CCCC)C(C)C)nc(N(CCCC)CCCC)n1,1,c1ncncn1,0.0000288,286.4948,0.0973659,0.0974,0.5641850,2.8619,1.0000000,1.0000,[],2
21.6562,23.3684,-23.3675,0.0000065,CCN(C(C)=O)c1cccc(C)c1,1,c1ccccc1,0.0000035,263.7402,0.6787642,0.6788,0.6903355,1.8529,1.0000000,1.0000,[],2
19.0949,21.7174,-21.3067,0.0032084,COC1=CC=C(c2ccccc2)CC1,1,C1=CCCC(c2ccccc2)=C1,0.0024236,334.6377,0.6874985,0.6875,0.6269450,2.3345,1.0000000,1.0000,[],2
23.8217,27.1515,-9.5218,0.1377325,Cc1ccc(-c2cc(C#N)c3ccccc3n2)s1,1,c1csc(-c2ccc3ccccc3n2)c1,0.1269482,379.0647,0.6503697,0.6504,0.6453897,2.1895,1.0000000,1.0000,[],2
26.0808,28.5308,-28.0883,0.0034573,COc1cc2oc(=O)cc(OCc3ccccc3)c2cc1OC,1,O=c1cc(OCc2ccccc2)c2ccccc2o1,0.0026186,335.4803,0.6759104,0.6759,0.6819891,1.9137,1.0000000,1.0000,[],2
35.8296,38.9279,-38.9279,0.0000000,COc1ccc(C(=O)NS(=O)(=O)c2ccc(NN=Cc3ccc([N+](=O)[O-])cc3[N+](=O)[O-])cc2)cc1,1,O=C(NS(=O)(=O)c1ccc(NN=Cc2ccccc2)cc1)c1ccccc1,0.0000000,0.0000,0.0000000,0.0000,0.0000000,0.0000,0.0000000,0.0000,['[#7;!n][#7;!n]'],2
27.0031,27.1025,-27.1025,0.0000000,CC(C)(C)NCc1ccn(-c2ccc(C(=O)O)cc2)n1,1,c1ccc(-n2cccn2)cc1,0.0000000,0.0000,0.0000000,0.0000,0.0000000,0.0000,0.0000000,0.0000,"['C(=[O,S])[O,S]']",2
18.5018,24.8699,-24.3828,0.0038053,c1ccc(-c2nc(-c3ccc(N(c4ccccc4)c4ccccc4)cc3)n(-c3ccccc3)n2)cc1,1,c1ccc(-c2nc(-c3ccc(N(c4ccccc4)c4ccccc4)cc3)n(-c3ccccc3)n2)cc1,0.0029915,336.9299,0.2498528,0.2499,0.6576419,2.0955,1.0000000,1.0000,[],2
23.6719,30.3582,-13.3078,0.1332058,COc1ccc2oc(=O)cc(C=Cc3ccc(O)c(OC)c3)c2c1,1,O=c1cc(C=Cc2ccccc2)c2ccccc2o1,0.1221020,378.5820,0.7413617,0.7414,0.6335384,2.2822,1.0000000,1.0000,[],2
52.1105,58.6955,-58.6955,0.0000000,c1cc(C)cc(c1-c1ccc2c(cc(C#Cc3c4ccc(C#N)cc4c(C#Cc4ccccc4)n3)c3c2cccc3)c1)C,0,,0.0000000,0.0000,0.0000000,0.0000,0.0000000,0.0000,0.0000000,0.0000,None,2
52.4254,60.2332,-59.7054,0.0041235,CCC1c2cc(N3CCCCC3)ccc2C(=O)N1C1=NCC(C2CC3CCCC3S2)S1,1,O=C1c2ccc(N3CCCCC3)cc2CN1C1=NCC(C2CC3CCCC3S2)S1,0.0032021,337.6707,0.5831233,0.5831,0.4042827,4.5282,1.0000000,1.0000,[],2
25.1955,30.8926,-30.2959,0.0046617,c1ccc2c(c1)c1ccccc1c1c2c2ccccc2n1-c1ccc(-n2c3ccccc3c3ccccc32)cc1,1,c1ccc2c(c1)c1ccccc1c1c2c2ccccc2n1-c1ccc(-n2c3ccccc3c3ccccc32)cc1,0.0037263,339.3224,0.2056033,0.2056,0.6641464,2.0463,1.0000000,1.0000,[],2
23.7431,24.6669,-24.4080,0.0020223,O=C(c1ccccc1)c1ccc(C=CCS)cc1,1,O=C(c1ccccc1)c1ccccc1,0.0014920,329.3601,0.6473487,0.6473,0.6647121,2.0420,1.0000000,1.0000,[],2
26.2383,33.1931,-33.0760,0.0009141,CCCCCCOc1ccc(-c2nc(-c3ccc(OCCCCCC)cc3)n3ccccc23)cc1,1,c1ccc(-c2nc(-c3ccccc3)n3ccccc23)cc1,0.0006750,320.7400,0.1731076,0.1731,0.6328990,2.2872,1.0000000,1.0000,[],2
35.6480,40.4481,-40.4481,0.0000000,C=CCC(C#Cc1ccccc1)(CC=C)c1ccc(C=CC2C=CC=CC2)cc1,1,C(#Cc1ccccc1)Cc1ccc(C=CC2C=CC=CC2)cc1,0.0000000,0.0000,0.0000000,0.0000,0.0000000,0.0000,0.0000000,0.0000,['C#C'],2
46.2463,46.5240,-46.5240,0.0000000,C1(c2ccc(-c3ccc(cc3)C(=O)OCC)cc2)=CC(=O)C2C(C=1)Cc1cc(C)ccc12,0,,0.0000000,0.0000,0.0000000,0.0000,0.0000000,0.0000,0.0000000,0.0000,None,2
19.0245,21.9630,-20.8490,0.0087031,O=C(C=Cc1ccccc1)c1ccccc1O,1,O=C(C=Cc1ccccc1)c1ccccc1,0.0069250,346.0859,0.6412736,0.6413,0.7133502,1.6889,1.0000000,1.0000,[],2
30.2261,38.5382,-37.9831,0.0043366,Cc1cc(-c2ccc(N(c3ccccc3)c3ccccc3)cc2)cc(C)c1-c1cc2ccccc2[nH]1,1,c1ccc(N(c2ccccc2)c2ccc(-c3ccc(-c4cc5ccccc5[nH]4)cc3)cc2)cc1,0.0034283,338.4144,0.2689983,0.2690,0.6258846,2.3429,1.0000000,1.0000,[],2
65.0646,69.8702,-69.8702,0.0000000,c12nnsc2c2c3c4c(ccc(s4)=O)c4c(c3sc2c1CCCCCC)c1c(s4)cc2n(c3c(c2c1)sc1ccccc31)CCCCCCCC,0,,0.0000000,0.0000,0.0000000,0.0000,0.0000000,0.0000,0.0000000,0.0000,None,2
45.0876,43.0446,-43.0446,0.0000000,Cc1ccc(Cl)cc1-n1c(=S)[nH]c2cc(-c3cccc(C(=O)O)c3)[nH]c2c1=O,1,O=c1c2[nH]c(-c3ccccc3)cc2[nH]c(=S)n1-c1ccccc1,0.0000000,0.0000,0.0000000,0.0000,0.0000000,0.0000,0.0000000,0.0000,"['C(=[O,S])[O,S]']",2
22.6105,21.2685,-6.7670,0.1132931,O=c1[nH]cc(Cl)cc1[N+](=O)[O-],1,O=c1cccc[nH]1,0.1043221,376.6556,0.5084771,0.5085,0.5996486,2.5571,1.0000000,1.0000,[],2
16.8615,32.3643,-32.3643,0.0000000,N#CC(=Cc1ccc(-c2ccc(C=C(C#N)C(=O)O)s2)s1)C(=O)O,1,c1csc(-c2cccs2)c1,0.0000000,0.0000,0.0000000,0.0000,0.0000000,0.0000,0.0000000,0.0000,"['C(=[O,S])[O,S]']",2
32.2725,36.3425,-35.5527,0.0061710,CC=Cc1ccc(-c2ccc(C(=O)c3ccccc3)c(C#N)c2)cc1,1,O=C(c1ccccc1)c1ccc(-c2ccccc2)cc1,0.0048416,342.1774,0.5956828,0.5957,0.6582350,2.0910,1.0000000,1.0000,[],2
49.0010,62.4490,-62.4490,0.0000000,C#CC(C#N)=Cc1ccc(C#Cc2ccc(-c3cc(-c4ccc5ccccc5c4)n(CC(=O)O)n3)s2)s1,1,C(#Cc1ccc(-c2cc(-c3ccc4ccccc4c3)[nH]n2)s1)c1cccs1,0.0000000,0.0000,0.0000000,0.0000,0.0000000,0.0000,0.0000000,0.0000,"['C#C', 'C(=[O,S])[O,S]']",2
66.3301,80.9381,-80.9381,0.0000000,c1(C(=O)OCC)ccc(-c2sc(N(c3c4c5c(S(=O)(=O)c4c(O)c2)cc(-c2ccc(C(O)=O)cc2)cc5C3=O)c2ccc(C=C(C(=O)O)C#N)cc2)c2ccccc2)cc1,0,,0.0000000,0.0000,0.0000000,0.0000,0.0000000,0.0000,0.0000000,0.0000,None,2
35.1313,48.6462,-48.6462,0.0000000,COc1ccc(N(c2ccc(C)cc2)c2ccc(-c3ccc(-c4cc(C=C(C#N)C(=O)O)c(C)o4)o3)cc2)cc1,1,c1ccc(N(c2ccccc2)c2ccc(-c3ccc(-c4ccco4)o3)cc2)cc1,0.0000000,0.0000,0.0000000,0.0000,0.0000000,0.0000,0.0000000,0.0000,"['C(=[O,S])[O,S]']",2
25.1078,25.8913,-25.8093,0.0006403,COc1cccc(-c2coc(=S)[nH]2)c1,1,S=c1[nH]c(-c2ccccc2)co1,0.0004432,316.1695,0.7690974,0.7691,0.5988763,2.5635,1.0000000,1.0000,[],2
30.1429,32.8590,77.6023,0.8629785,Cc1ccc(-c2c(N)n(-c3cccc4cccnc34)c3nc4ccccc4nc23)cc1,1,c1ccc(-c2cn(-c3cccc4cccnc34)c3nc4ccccc4nc23)cc1,0.8901368,422.7151,0.4052190,0.4052,0.6155562,2.4261,1.0000000,1.0000,[],2
15.9149,17.6098,-17.6087,0.0000084,c1ccc(-c2nnco2)cc1,1,c1ccc(-c2nnco2)cc1,0.0000047,266.7501,0.6146203,0.6146,0.6805524,1.9243,1.0000000,1.0000,[],2
38.1956,40.2736,-40.2629,0.0000833,C=CCc1ccc(-c2ccc(S(=O)(=O)N(CCCCCCCC)OC)cc2)cc1,1,c1ccc(-c2ccccc2)cc1,0.0000538,293.2639,0.2291026,0.2291,0.6116346,2.4581,1.0000000,1.0000,[],2
59.3782,71.3083,-71.3083,0.0000000,CCn1c2ccc(C=C(C#Cc3ccc4cc(C#Cc5nccc6c7ccccc7n(CC)c56)ccc4c3)c3ccccn3)cc2c2ccc(OC)cc21,1,C(#Cc1ccc2cc(C#Cc3nccc4c3[nH]c3ccccc34)ccc2c1)C(=Cc1ccc2[nH]c3ccccc3c2c1)c1ccccn1,0.0000000,0.0000,0.0000000,0.0000,0.0000000,0.0000,0.0000000,0.0000,['C#C'],2
51.3557,56.3777,-44.6994,0.0912366,Cc1ccc(N=C(C=Cc2ccc3cc(Cl)ccc3n2)c2ccc(-c3cc4oc5ccccc5c4c4ccccc34)cc2)cc1,1,C(=Cc1ccc2ccccc2n1)C(=Nc1ccccc1)c1ccc(-c2cc3oc4ccccc4c3c3ccccc23)cc1,0.0858858,374.3230,0.1847693,0.1848,0.5587633,2.9101,1.0000000,1.0000,[],2
33.3913,30.9415,-30.9403,0.0000093,CC1(CCOc2ccncc2)CC=CC1,1,C1=CCC(CCOc2ccncc2)C1,0.0000052,267.8220,0.7009223,0.7009,0.5668538,2.8383,1.0000000,1.0000,[],2
30.6625,41.4485,-41.4485,0.0000000,CCCCCc1ccsc1N(c1ccccc1)c1ccc(-c2ccc(C=C(C#N)C(=O)O)s2)s1,1,c1ccc(N(c2cccs2)c2ccc(-c3cccs3)s2)cc1,0.0000000,0.0000,0.0000000,0.0000,0.0000000,0.0000,0.0000000,0.0000,"['C(=[O,S])[O,S]']",2
31.5037,40.8876,-40.8876,0.0000000,c1c(-c2c3c(oc4c2ccc(N)c4)cc(N(CC)CC)cc3)nc(-c2ccccc2)s1,0,,0.0000000,0.0000,0.0000000,0.0000,0.0000000,0.0000,0.0000000,0.0000,None,2
43.4327,55.4436,-55.4436,0.0000000,CCCCC(CC)CN1C(=O)C(=Cc2ccc3c4sc5cccc-5c(-c5cccs5)c4n(CC(CC)CCCC)c3c2)SC1=S,1,O=C1NC(=S)SC1=Cc1ccc2c(c1)[nH]c1c(-c3cccs3)c3cccc-3sc12,0.0000000,0.0000,0.0000000,0.0000,0.0000000,0.0000,0.0000000,0.0000,"['C(=[O,S])[O,S]']",2
32.4953,33.5136,-33.5136,0.0000000,c1ccc2Sc3c(nccc3)-c3c2c1c1nc2c(n13)cccc2,0,,0.0000000,0.0000,0.0000000,0.0000,0.0000000,0.0000,0.0000000,0.0000,None,2
75.7933,87.9184,-87.9184,0.0000000,CCC1=CC(CC)c2cc(-c3oc(C=C4C=COC4=O)c(CC)c3C=C3OC(=O)C(OC)=C3C#N)ccc2S1(=O)=O,1,O=C1C=CC(=Cc2cc(C=C3C=COC3=O)oc2-c2ccc3c(c2)CC=CS3(=O)=O)O1,0.0000000,0.0000,0.0000000,0.0000,0.0000000,0.0000,0.0000000,0.0000,"['C(=[O,S])[O,S]']",2
53.6962,60.8861,50.9690,0.8738679,COc1ccc(F)c2cc(-c3ccc(-c4ccc(-c5cc6c(cc5C#N)C(C)(C)CCC6(C)C)c(C#N)c4)c4nsnc34)sc12,1,c1ccc2sc(-c3ccc(-c4ccc(-c5ccc6c(c5)CCCC6)cc4)c4nsnc34)cc2c1,0.9271345,427.6155,0.1939974,0.1940,0.5027073,3.4387,1.0000000,1.0000,[],2
108.4169,122.6855,-122.6855,0.0000000,CCn1ncc2c1sc(=N)n2CN1C=C(C=Cc2ccncc2)N=c2ccc(=C(C#N)c3ccc(C=c4ccc(=CC5=NC(C=C(C)C(=O)O)C=C5)cc4)cc3)cc21,1,N=c1sc2[nH]ncc2n1CN1C=C(C=Cc2ccncc2)N=c2ccc(=Cc3ccc(C=c4ccc(=CC5=NCC=C5)cc4)cc3)cc21,0.0000000,0.0000,0.0000000,0.0000,0.0000000,0.0000,0.0000000,0.0000,"['C(=[O,S])[O,S]']",2
45.3829,46.0758,-42.8367,0.0253059,CN(C)Cc1nccc(-c2cc3cnc(-c4ccccc4F)n3cc2Cl)n1,1,c1ccc(-c2ncc3cc(-c4ccncn4)ccn23)cc1,0.0215421,358.5686,0.5280815,0.5281,0.5570748,2.9253,1.0000000,1.0000,[],2
31.6853,41.7028,-41.7028,0.0000000,O=C(O)C(F)=Cc1ccc(-c2ccc(N(c3ccccc3)c3ccc(C=Cc4ccncc4)cc3)s2)cc1,1,C(=Cc1ccc(N(c2ccccc2)c2ccc(-c3ccccc3)s2)cc1)c1ccncc1,0.0000000,0.0000,0.0000000,0.0000,0.0000000,0.0000,0.0000000,0.0000,"['C(=[O,S])[O,S]']",2
35.4016,40.6410,-37.0030,0.0284218,CN1C2=C(C(c3ccccc3)c3c(c4ccccc4c4ccccc34)N2)S(=O)(=O)c2ccccc21,1,O=S1(=O)C2=C(Nc3ccccc31)Nc1c(c3ccccc3c3ccccc13)C2c1ccccc1,0.0248807,360.1701,0.2766659,0.2767,0.5201644,3.2681,1.0000000,1.0000,[],2
43.9459,48.0394,-48.0394,0.0000000,O=C(O)c1cc2c(c(CCS(=O)(=O)O)c1F)Sc1ccccc1N2c1ccccc1,1,c1ccc(N2c3ccccc3Sc3ccccc32)cc1,0.0000000,0.0000,0.0000000,0.0000,0.0000000,0.0000,0.0000000,0.0000,"['C(=[O,S])[O,S]']",2
24.1164,28.4071,-28.0358,0.0029003,CCn1c2ccc(C=O)cc2c2ccc(O)cc21,1,c1ccc2c(c1)[nH]c1ccccc12,0.0021770,333.4702,0.6968113,0.6968,0.6437708,2.2021,1.0000000,1.0000,[],2
41.3208,48.0598,-48.0598,0.0000000,c12C(C3C4C(CCC4)c2c(c(c2c(cccc2)c31)C(C)(C)C)C(C)(C)C)(C)C,0,,0.0000000,0.0000,0.0000000,0.0000,0.0000000,0.0000,0.0000000,0.0000,None,2
22.8337,24.2707,-24.2667,0.0000314,Fc1ccc(-c2cc(-c3ccc(Br)cc3)no2)cc1,1,c1ccc(-c2cc(-c3ccccc3)on2)cc1,0.0000186,281.7264,0.6708212,0.6708,0.6927211,1.8356,1.0000000,1.0000,[],2
28.1436,27.1493,-27.1434,0.0000458,Cc1nc(NCc2ccccc2C)c2cnn(C)c2n1,1,c1ccc(CNc2ncnc3[nH]ncc23)cc1,0.0000275,285.9919,0.7921709,0.7922,0.6449546,2.1929,1.0000000,1.0000,[],2
42.8313,48.4639,-45.6398,0.0220637,N#Cc1cccc(N(c2ccncc2)c2ccc(-c3ccc4sc5cc(-c6ccc(C#N)cc6C#N)ccc5c4c3)cc2)c1,1,c1ccc(-c2ccc3c(c2)sc2ccc(-c4ccc(N(c5ccccc5)c5ccncc5)cc4)cc23)cc1,0.0192220,357.3057,0.2024773,0.2025,0.5545895,2.9476,1.0000000,1.0000,[],2
23.4179,28.7824,-14.2476,0.1135528,Cn1cc(C=Nc2nc3ccccc3s2)c2ccccc21,1,C(=Nc1nc2ccccc2s1)c1c[nH]c2ccccc12,0.1045382,376.6807,0.4986737,0.4987,0.6275095,2.3300,1.0000000,1.0000,[],2
44.1491,45.7804,-45.7804,0.0000000,N#Cc1ccc(NCC(O)(Oc2cccc(Cl)c2)C(=O)O)c(Cl)c1,1,c1ccc(NCCOc2ccccc2)cc1,0.0000000,0.0000,0.0000000,0.0000,0.0000000,0.0000,0.0000000,0.0000,"['C(=[O,S])[O,S]']",2
59.4708,74.5378,37.9474,0.8787905,CCc1cc(C=C2C(=O)c3ccccc3C2=O)c(F)cc1N(c1ccc(C=O)cc1)c1ccc(C=C(C#N)C=Cc2ccc(-c3ccc4c5ccccc5n(CC)c4c3)s2)s1,1,O=C1C(=Cc2ccc(N(c3ccccc3)c3ccc(C=CC=Cc4ccc(-c5ccc6c(c5)[nH]c5ccccc56)s4)s3)cc2)C(=O)c2ccccc21,0.9802631,477.5984,0.0426040,0.0426,0.4584771,3.8992,1.0000000,1.0000,[],3
47.8467,61.6850,-61.6850,0.0000000,CCCCCCC(CCCN)N1c2ccc(-c3cccs3)cc2Sc2cc(C=C(C#N)C(=O)O)c(Cl)cc21,1,c1csc(-c2ccc3c(c2)Sc2ccccc2N3)c1,0.0000000,0.0000,0.0000000,0.0000,0.0000000,0.0000,0.0000000,0.0000,"['C(=[O,S])[O,S]']",3
33.0547,38.6084,-38.2815,0.0025536,Fc1ccccc1Oc1ccc(-n2[nH]cc2-c2cccs2)cc1,1,c1ccc(Oc2ccc(-n3[nH]cc3-c3cccs3)cc2)cc1,0.0019219,332.1140,0.5301837,0.5302,0.6228501,2.3672,1.0000000,1.0000,[],3
26.6405,30.8369,-30.8369,0.0000000,COC(=O)c1cc(-c2cc3ccccc3c3ccccc23)no1,1,c1ccc2c(c1)cc(-c1ccon1)c1ccccc12,0.0000000,0.0000,0.0000000,0.0000,0.0000000,0.0000,0.0000000,0.0000,"['C(=[O,S])[O,S]']",3
36.6745,45.2753,-45.2753,0.0000000,CCOC(=O)C(C#N)=Cc1c(N2CCCC2)cc2c(c1C#N)-c1ccccc1CC2,1,c1ccc2c(c1)CCc1cc(N3CCCC3)ccc1-2,0.0000000,0.0000,0.0000000,0.0000,0.0000000,0.0000,0.0000000,0.0000,"['C(=[O,S])[O,S]']",3
42.3240,45.5474,72.1149,0.9192368,C1=CC(Nc2ccc(N3CCCCC3)cc2)C2(CCCCC2)c2nc3ccccc3nc21,1,C1=CC(Nc2ccc(N3CCCCC3)cc2)C2(CCCCC2)c2nc3ccccc3nc21,0.9485205,431.6353,0.5333399,0.5333,0.4689692,3.7861,1.0000000,1.0000,[],3
27.3434,36.7009,-11.8642,0.1940372,CN(Cc1ccc([N+](=O)[O-])cc1)C(=O)C=Cc1ccc(N(C)CCO)cc1,1,O=C(C=Cc1ccccc1)NCc1ccccc1,0.1844574,383.8612,0.4391381,0.4391,0.6313705,2.2993,1.0000000,1.0000,[],3
36.5316,45.0370,74.1469,0.9311244,CCn1c2cc3c(cc2c2cc4ccc(C=C(C#N)C=O)cc4cc21)CCCCC3,1,c1ccc2cc3c(cc2c1)[nH]c1cc2c(cc13)CCCCC2,0.9919910,452.3232,0.1766348,0.1766,0.5567420,2.9283,1.0000000,1.0000,[],3
68.7534,78.9014,-78.9014,0.0000000,CC(C)C1=Nc2c3sccc3c(-c3ccccc3)n3nc(C(=O)C(CC(=O)O)c4ccc5c(c4)OCCO5)c(c23)N1c1cccc2ccccc12,1,O=C(Cc1ccc2c(c1)OCCO2)c1nn2c(-c3ccccc3)c3ccsc3c3c2c1N(c1cccc2ccccc12)C=N3,0.0000000,0.0000,0.0000000,0.0000,0.0000000,0.0000,0.0000000,0.0000,"['C(=[O,S])[O,S]']",3
28.0837,30.4553,-30.4286,0.0002086,CC1=C(Oc2ccc(N(C)C)cc2)CCC1=O,1,O=C1C=C(Oc2ccccc2)CC1,0.0001358,303.3270,0.8007474,0.8007,0.6128303,2.4483,1.0000000,1.0000,[],3
77.0846,83.9210,-83.9210,0.0000000,c1c(F)c2N(C(=O)C)CC3Sc2c(C=1)cc3C(c1sc2c(sc(=C3C(OC(=C3)C)=S)c2)n1)=O,0,,0.0000000,0.0000,0.0000000,0.0000,0.0000000,0.0000,0.0000000,0.0000,None,3
28.6031,33.9511,-28.9191,0.0393125,CCCCOc1ccc2c(c1)c1ccccc1c1c2c2ccccc2n1CC,1,c1ccc2c(c1)[nH]c1c3ccccc3c3ccccc3c21,0.0350264,363.9970,0.2347138,0.2347,0.6485618,2.1650,1.0000000,1.0000,[],3
40.4137,47.6372,-47.6372,0.0000000,CCOC(=O)c1ccc(-c2c3ccc(OC)cc3nc3cc([N+](=O)[O-])ccc23)c(C(=O)OCC)c1,1,c1ccc(-c2c3ccccc3nc3ccccc23)cc1,0.0000000,0.0000,0.0000000,0.0000,0.0000000,0.0000,0.0000000,0.0000,"['C(=[O,S])[O,S]']",3
48.4690,53.1357,40.9008,0.7346601,COc1ccccc1-c1nc(-c2ccccc2)[nH]c1-c1cc2nc(-c3ccccc3)c(-c3ccc(-c4ccc(-n5c6ccccc6c6ccccc65)cc4)cc3)nc2c2ccccc12,1,c1ccc(-c2nc(-c3ccccc3)c(-c3cc4nc(-c5ccccc5)c(-c5ccc(-c6ccc(-n7c8ccccc8c8ccccc87)cc6)cc5)nc4c4ccccc34)[nH]2)cc1,0.7770168,413.5540,0.1550447,0.1550,0.5286826,3.1868,1.0000000,1.0000,[],3
37.3640,41.8102,-18.6369,0.1810413,CC1CCCC(c2cccc3c2nc2c4c(cccc43)C=C2)C1,1,C1=Cc2nc3c(C4CCCCC4)cccc3c3cccc1c23,0.1730459,383.0170,0.3831727,0.3832,0.5024883,3.4409,1.0000000,1.0000,[],3
40.8220,49.1657,-39.1457,0.0782815,C(=Cc1ccc(-c2nc3ccccc3s2)cc1)c1ccc(-c2nc(-c3cccc(-c4nc5ccccc5o4)c3)nc(-c3cccc4ccccc34)n2)cc1,1,C(=Cc1ccc(-c2nc3ccccc3s2)cc1)c1ccc(-c2nc(-c3cccc(-c4nc5ccccc5o4)c3)nc(-c3cccc4ccccc34)n2)cc1,0.0735441,372.4931,0.1531767,0.1532,0.5548388,2.9454,1.0000000,1.0000,[],3
62.3541,66.2189,-66.2189,0.0000000,c12c3cc(cc4OCCCn2c3cc2c(cn(c(c3cc21)=O)CSC)c34)[N+](=O)[O-],0,,0.0000000,0.0000,0.0000000,0.0000,0.0000000,0.0000,0.0000000,0.0000,None,3
71.7319,75.9418,-75.9418,0.0000000,c1c2Oc3c4c(cc(cc4)N(c4ccccc4)c4c(OC)cccc4)sc3-c2ccc1N(c1ccc(cc1)Br)c1ccc(C2=C3C(C)=CC3=O)ccc2cc1,0,,0.0000000,0.0000,0.0000000,0.0000,0.0000000,0.0000,0.0000000,0.0000,None,3
126.5228,134.4135,-134.4135,0.0000000,CC(C)(N1c2c(C(C)(c3c1ccc(-c1ccc(C)c4c1cccc4)c3)C)c1ccc(C(C)C)cc1n2cc1-c2c(Cc3c(cc(C(C)(C)C)c(C(C)(C)C)c3)C(C)(C)C)Cn3c(c(C(C)(C)C)c2)cc2c(CCCC)cccc3nc12)C,0,,0.0000000,0.0000,0.0000000,0.0000,0.0000000,0.0000,0.0000000,0.0000,None,3
24.6349,31.4215,-4.8465,0.2076172,CN(C)c1ccc(C(=Cc2ccc(C#N)cc2)c2ccc(N)cc2)cc1,1,C(=C(c1ccccc1)c1ccccc1)c1ccccc1,0.1965652,384.7139,0.5487946,0.5488,0.6493627,2.1588,1.0000000,1.0000,[],3
96.6830,110.9521,-110.9521,0.0000000,c1ccc(N2C3C(C=C2)c2cc4ccc(-c5cc6c(n(c7c6c6cccc8ccccc67)CCCCCCCCCCCC)cc5)cc4c(n2Cc2ccc(cc2)C(C)(C)C)=C3C2C(N(CCCOC)C(C2)=O)=O)cc1,0,,0.0000000,0.0000,0.0000000,0.0000,0.0000000,0.0000,0.0000000,0.0000,None,3
33.0926,41.8100,-41.1767,0.0049476,Cc1ccc(C=Cc2cccc(-c3nc4cc(N(c5ccccc5)c5ccccc5)ccc4n3C)c2)cc1,1,C(=Cc1cccc(-c2nc3cc(N(c4ccccc4)c4ccccc4)ccc3[nH]2)c1)c1ccccc1,0.0039667,340.0040,0.2165585,0.2166,0.6175702,2.4098,1.0000000,1.0000,[],3
23.4967,25.0970,-25.0837,0.0001041,O=S(=O)(c1ccc(Cl)cc1)c1cc(Cl)cc(Cl)c1,1,O=S(=O)(c1ccccc1)c1ccccc1,0.0000652,295.3501,0.8169913,0.8170,0.6916186,1.8436,1.0000000,1.0000,[],3
25.9511,26.9983,-26.9983,0.0000000,CCOC(=O)c1ccc(C(=O)OCC)c(CCl)c1,1,c1ccccc1,0.0000000,0.0000,0.0000000,0.0000,0.0000000,0.0000,0.0000000,0.0000,"['C(=[O,S])[O,S]']",3
35.7013,40.3148,-40.3148,0.0000000,N#Cc1ccc2c(c1)N1c3ccccc3Cc3ccccc3N(c3ccccc3)C1C=C2,1,C1=CC2N(c3ccccc3)c3ccccc3Cc3ccccc3N2c2ccccc21,0.0000000,0.0000,0.0000000,0.0000,0.0000000,0.0000,0.0000000,0.0000,['[*;r{8-17}]'],3
40.9754,48.3093,-22.4253,0.2022188,CCCCCCSc1ccc2ccc3c(ccc4c(=O)n(CCCCCC)c(=O)c5ncsc5c43)c2c1,1,O=c1[nH]c(=O)c2ncsc2c2c1ccc1c3ccccc3ccc12,0.2024984,385.1172,0.0975243,0.0975,0.5654427,2.8507,1.0000000,1.0000,[],3
40.1598,46.9581,-46.9581,0.0000000,c12c3c(cc4c5c(cccc5)n(c4c3c3c(n12)cccc3)CCN1CCCCC1)-c1ccc(F)cc1,0,,0.0000000,0.0000,0.0000000,0.0000,0.0000000,0.0000,0.0000000,0.0000,None,3
23.6365,23.7591,-23.7196,0.0003087,Brc1cccc2c1C(c1ccccc1)(c1ccccc1)c1ccccc1-2,1,c1ccc(C2(c3ccccc3)c3ccccc3-c3ccccc32)cc1,0.0002113,308.1237,0.3069012,0.3069,0.6509426,2.1467,1.0000000,1.0000,[],3
35.5214,38.9595,86.0116,0.9763368,Cc1c(C#N)c(C#N)c(N=Nc2ccc(S(N)(=O)=O)cc2)c(=O)n1C,1,O=c1[nH]cccc1N=Nc1ccccc1,0.9936547,465.1305,0.8250064,0.8250,0.5452709,3.0324,1.0000000,1.0000,[],3
64.9928,69.2160,-68.8783,0.0026383,CCn1c2ccccc2c2ccc(CC3(C)c4cccc(F)c4C(C)(C)c4cccc(N5CCCC5)c4[N+]3(C)C)cc21,1,c1ccc2c(c1)Cc1cccc(N3CCCC3)c1[NH2+]C2Cc1ccc2c(c1)[nH]c1ccccc12,0.0020631,332.8854,0.1992934,0.1993,0.4756145,3.7157,1.0000000,1.0000,[],3
74.7158,94.8829,-94.8829,0.0000000,c1(NC(=O)c2ccc(NCCCCCC(O)=O)nn2)c(C=c2c3N(CCCc3cc2=Cc2sc(-c3ccc(s3)C=C(C#N)C(O)=O)cc2)CC(CC)CCCC)nc(nc1)-c1ccc(cc1)N,0,,0.0000000,0.0000,0.0000000,0.0000,0.0000000,0.0000,0.0000000,0.0000,None,3
51.6451,63.2945,-63.2945,0.0000000,COc1ccc(-c2ccc(C=C3SC(=S)NC3=O)o2)c(C=CC(=O)c2ccc3c(c2)NC(=O)CC3c2ccccc2)c1,1,O=C1CC(c2ccccc2)c2ccc(C(=O)C=Cc3ccccc3-c3ccc(C=C4SC(=S)NC4=O)o3)cc2N1,0.0000000,0.0000,0.0000000,0.0000,0.0000000,0.0000,0.0000000,0.0000,"['C(=[O,S])[O,S]']",3
91.5259,102.1362,-102.1362,0.0000000,c12c3CCc1c(=O)oc1c1c(c3)c1sc3cc4c5c(sc(C=C6C(=O)C(=C2O)C#N)c3s6)c(=O)c5cc(C(=O)CCCCC)c4c1,0,,0.0000000,0.0000,0.0000000,0.0000,0.0000000,0.0000,0.0000000,0.0000,None,3
59.2630,69.2827,49.6978,0.9295349,COc1ccc2ccccc2c1-c1cc(C)c2cc(C=C(C#N)C#N)c3[n+](c2c1)C(C)(C)C=C3C,1,C1=Cc2ccc3ccc(-c4cccc5ccccc45)cc3[n+]2C1,0.9814278,476.9251,0.2502203,0.2502,0.5041161,3.4247,1.0000000,1.0000,[],3
34.7943,42.4262,-42.4262,0.0000000,c1c(S(=O)(=O)c2cc3c4c(sc3cc2)c(-c2ccc(N(c3ccccc3)c3ccccc3)cc2)s4)ccc(c1)C,0,,0.0000000,0.0000,0.0000000,0.0000,0.0000000,0.0000,0.0000000,0.0000,None,3
65.3653,68.6434,27.4439,0.7506822,CCCCCCc1cc(-c2cnc(-c3ccc(-c4cc(-c5ccc(C)s5)cc(C(CC)CC)c4)s3)s2)sc1-c1ccc(-c2ccc3c(c2)-c2sccc2C3=O)s1,1,O=C1c2ccc(-c3ccc(-c4ccc(-c5cnc(-c6ccc(-c7cccc(-c8cccs8)c7)s6)s5)s4)s3)cc2-c2sccc21,0.8074307,415.5630,0.1021131,0.1021,0.4695517,3.7799,1.0000000,1.0000,[],3
25.8228,34.3386,47.4429,0.6389181,CCCCN(CCCC)c1ccc(C=Cc2cc[n+](CCCn3c4ccccc4c4ccccc43)cc2)cc1,1,C(=Cc1cc[n+](CCCn2c3ccccc3c3ccccc32)cc1)c1ccccc1,0.6712865,512.2477,0.1424757,0.1425,0.5801271,2.7225,1.0000000,1.0000,[],3
36.9351,33.5395,-33.4413,0.0007670,Cc1ccc(N(C)CCC(=O)N(Cc2cccnc2)Cc2ccccn2)cc1,1,O=C(CCNc1ccccc1)N(Cc1cccnc1)Cc1ccccn1,0.0005394,318.3044,0.6010569,0.6011,0.6370907,2.2542,1.0000000,1.0000,[],3
23.7076,26.6814,-26.6502,0.0002437,O=C(c1ccc(N2Cc3ccccc3C2)cc1)N1CCCCC1,1,O=C(c1ccc(N2Cc3ccccc3C2)cc1)N1CCCCC1,0.0001594,305.0615,0.8415623,0.8416,0.6904406,1.8521,1.0000000,1.0000,[],3
47.6946,49.8716,-13.8374,0.2815172,N#Cc1c(C=CNC(=O)c2cccc(C(F)(F)F)c2)nc(-c2ccc3[nH]cnc3c2)[nH]c1=O,1,O=C(NC=Cc1cc(=O)[nH]c(-c2ccc3[nH]cnc3c2)n1)c1ccccc1,0.2738720,389.4134,0.4378101,0.4378,0.5367958,3.1107,1.0000000,1.0000,[],3
21.9961,23.9815,-23.8119,0.0013252,O=C1c2ccccc2C(F)(F)C1(F)F,1,O=C1CCc2ccccc21,0.0009622,324.5917,0.5934073,0.5934,0.5619986,2.8813,1.0000000,1.0000,[],3
17.8281,21.9217,-19.8986,0.0158054,CC(=O)c1ccccc1N1CCCCC1,1,c1ccc(N2CCCCC2)cc1,0.0129458,352.9447,0.6887560,0.6888,0.7195374,1.6457,1.0000000,1.0000,[],3
36.9816,37.1867,-37.1867,0.0000000,ON1NC=Cc2[nH]c(-c3c[nH]c4ccccc34)nc21,1,C1=Cc2[nH]c(-c3c[nH]c4ccccc34)nc2NN1,0.0000000,0.0000,0.0000000,0.0000,0.0000000,0.0000,0.0000000,0.0000,['[#7;!n][#7;!n]'],3
42.9613,46.1827,-46.1827,0.0000000,c12ccccc2n(-c2ccccc2)c2c1c1c(cc2)C(c2c(cccc2)[N+]=1[O-])(Cc1ccccc1)C,0,,0.0000000,0.0000,0.0000000,0.0000,0.0000000,0.0000,0.0000000,0.0000,None,3
23.4761,27.1844,-27.1844,0.0000000,CCCc1cc(C(=O)OCC)c(NC(=O)c2ccccc2O)s1,1,O=C(Nc1cccs1)c1ccccc1,0.0000000,0.0000,0.0000000,0.0000,0.0000000,0.0000,0.0000000,0.0000,"['C(=[O,S])[O,S]']",3
40.4955,46.2234,-34.5593,0.0911261,Cc1cccc(N2C(=O)c3s[n+](C)c(-c4ccc(F)cc4)c3C2=O)c1,1,O=C1c2s[nH+]c(-c3ccccc3)c2C(=O)N1c1ccccc1,0.0829678,373.9131,0.5227228,0.5227,0.5708890,2.8028,1.0000000,1.0000,[],3
30.4209,38.5471,-35.4120,0.0244930,c1cc2c3c(c1)Nc1cc(-n4c5ccccc5c5ccccc54)ccc1N3CCC2,1,c1cc2c3c(c1)Nc1cc(-n4c5ccccc5c5ccccc54)ccc1N3CCC2,0.0210685,358.3221,0.3366086,0.3366,0.6148861,2.4316,1.0000000,1.0000,[],3
27.3555,31.5216,-31.4398,0.0006390,O=[N+]([O-])c1ccc(-c2cccc3onc(-c4ccccc4)c23)cc1,1,c1ccc(-c2cccc3onc(-c4ccccc4)c23)cc1,0.0004508,316.3555,0.3906459,0.3906,0.6637645,2.0491,1.0000000,1.0000,[],3
50.3589,65.6516,-65.6516,0.0000000,CCCCn1c(=C(C#N)C(=O)O)sc(=Cc2ccc(-c3cc4c(cc3Cl)N(C)c3cc(C(=O)O)ccc3N4CC)s2)c1=O,1,C=c1[nH]c(=O)c(=Cc2ccc(-c3ccc4c(c3)Nc3ccccc3N4)s2)s1,0.0000000,0.0000,0.0000000,0.0000,0.0000000,0.0000,0.0000000,0.0000,"['C(=[O,S])[O,S]']",3
27.7698,29.3996,-29.2740,0.0009814,COc1cc2cccc3c2c(c1O)CCO3,1,c1cc2c3c(cccc3c1)OCC2,0.0006936,321.0353,0.7954962,0.7955,0.6150814,2.4300,1.0000000,1.0000,[],3
32.8744,38.3624,-33.7360,0.0361436,CN1c2ccccc2-c2ccc(-c3ccccc3)cc2C1(C)C=O,1,c1ccc(-c2ccc3c(c2)CNc2ccccc2-3)cc1,0.0311683,362.6866,0.6281704,0.6282,0.5663927,2.8423,1.0000000,1.0000,[],3
28.0097,30.1178,-30.1178,0.0000000,COC(=O)c1ccc2c(c1)Nc1ccc(C(C)=O)cc1O2,1,c1ccc2c(c1)Nc1ccccc1O2,0.0000000,0.0000,0.0000000,0.0000,0.0000000,0.0000,0.0000000,0.0000,"['C(=[O,S])[O,S]']",3
73.9008,87.8380,-87.8380,0.0000000,N#CC1C(c2cc(-c3cnc(-c4ccc5c(c4)C(=CC4(CCCCC4)c4ccc(cc4)B4OC(C)(C(C)(O4)C)C)N=5)s3)ccc2-c2c1cc(-c1sc(C=C(C#N)C(=O)O)c(C)c1)cc2)=C(C#N)C#N,0,,0.0000000,0.0000,0.0000000,0.0000,0.0000000,0.0000,0.0000000,0.0000,None,3
72.2735,81.8196,-81.8196,0.0000000,O(CCOC)c1c(C=Cc2c(c(c(cs2)CCOC(C=Cc2c(OCC)cc(cc2)N(CCOC)CCOCCO)=O)OC)CC)cc(cc1)OC,0,,0.0000000,0.0000,0.0000000,0.0000,0.0000000,0.0000,0.0000000,0.0000,None,3
34.5946,45.7749,-45.7749,0.0000000,COC(=O)C(C#N)=Cc1oc(C#Cc2ccc(OC)cc2)c2c1CCC2,1,C(#Cc1occ2c1CCC2)c1ccccc1,0.0000000,0.0000,0.0000000,0.0000,0.0000000,0.0000,0.0000000,0.0000,"['C#C', 'C(=[O,S])[O,S]']",3
33.3666,36.5795,11.6879,0.3770892,COc1cccc(C(=O)Nc2ccc3nc4ccc5ccccc5c4cc3c2)c1,1,O=C(Nc1ccc2nc3ccc4ccccc4c3cc2c1)c1ccccc1,0.3744280,394.4273,0.3186977,0.3187,0.6794273,1.9325,1.0000000,1.0000,[],3
44.9325,52.7887,-52.7887,0.0000000,C(#Cc1nc2cc3ccc4cccc5ccc(c2nc1-c1ccccn1)c3c45)c1cc2ccccc2o1,1,C(#Cc1nc2cc3ccc4cccc5ccc(c2nc1-c1ccccn1)c3c45)c1cc2ccccc2o1,0.0000000,0.0000,0.0000000,0.0000,0.0000000,0.0000,0.0000000,0.0000,['C#C'],3
30.5413,45.1671,-45.1671,0.0000000,CCCn1c2ccccc2c2c(-c3ccc(C=C(C#N)C(=O)O)s3)c3ccccc3nc21,1,c1csc(-c2c3ccccc3nc3[nH]c4ccccc4c23)c1,0.0000000,0.0000,0.0000000,0.0000,0.0000000,0.0000,0.0000000,0.0000,"['C(=[O,S])[O,S]']",3
41.7966,50.6438,-50.6438,0.0000000,O=C(O)CN(c1ccc2cc3ccccc3c(C=Cc3ccc4ccccc4c3)c2c1)C1CCS(=O)(=O)C1,1,O=S1(=O)CCC(Nc2ccc3cc4ccccc4c(C=Cc4ccc5ccccc5c4)c3c2)C1,0.0000000,0.0000,0.0000000,0.0000,0.0000000,0.0000,0.0000000,0.0000,"['C(=[O,S])[O,S]']",3
91.3088,98.0043,-98.0043,0.0000000,c12C=C(Cc2cc2C3C(C=c2c1N=c1c=2c(N4C5C(CCC4C1)=CCCC=5)cc1c(c4c([nH]1)cccc4)c2C(C)C)C=CC(O3)(C)C)C(C)C,0,,0.0000000,0.0000,0.0000000,0.0000,0.0000000,0.0000,0.0000000,0.0000,None,3
72.9903,79.7688,-79.7688,0.0000000,CCCCCCCC1(C)c2ccc(N(C)CCCCCC)cc2C(C)(C)c2c(C#Cc3cc(C(=O)O)cc([N+](=O)[O-])c3)cc(N(Cc3ccccc3)C(=O)OC(C)(C)C)cc21,1,C(#Cc1cc(NCc2ccccc2)cc2c1Cc1ccccc1C2)c1ccccc1,0.0000000,0.0000,0.0000000,0.0000,0.0000000,0.0000,0.0000000,0.0000,"['C#C', 'C(=[O,S])[O,S]']",3
39.7548,42.5813,-40.6636,0.0149818,COc1cccc2cccc(OCCOCCOc3cc4oc(=O)ccc4cc3O)c12,1,O=c1ccc2ccc(OCCOCCOc3cccc4ccccc34)cc2o1,0.0125776,352.6274,0.3204413,0.3204,0.6145893,2.4340,1.0000000,1.0000,[],3
83.3473,93.1154,-93.1154,0.0000000,c1c2C(=O)N(c3ccc(cc3)C(=O)OCC)C3(CC)c4c(cccc4)-c4ccc(c(O1)c2c2ccc(-c1ccc(-c5c6c(cc7c5cccc7)c5c(cccc5)cc6)ccc1)c2)c3ccc4,0,,0.0000000,0.0000,0.0000000,0.0000,0.0000000,0.0000,0.0000000,0.0000,None,3
46.7925,52.4041,-50.8215,0.0123637,CCN(CC)c1ccc2cc(-c3cnn(-c4cc(C(=O)N(CCOC)CCOC)ccc4Cl)c3)ccc2c1,1,c1ccc(-n2cc(-c3ccc4ccccc4c3)cn2)cc1,0.0104018,350.5412,0.2254311,0.2254,0.5824530,2.7025,1.0000000,1.0000,[],3
61.8265,68.3763,-54.6834,0.1069756,Cn1c(=NC(=O)COc2ccc(-c3cc4c(ccc5c(-c6ccc(Cl)cc6)noc54)o3)cc2)c(-c2ccccc2)cc2ccc(Cl)cc21,1,O=C(COc1ccc(-c2cc3c(ccc4c(-c5ccccc5)noc43)o2)cc1)N=c1[nH]c2ccccc2cc1-c1ccccc1,0.1017880,376.3579,0.1759411,0.1759,0.5377825,3.1015,1.0000000,1.0000,[],4
58.4208,72.6300,-72.6300,0.0000000,c1cc2c3c4ccccc4c4n(Cc5ccc(C=Cc6sc(C=C(c7ccc(cc7)N(C)C)CCCCCC)n6CCCCCC)ccc5-c5c4cccc5)c3ccc2cc1,0,,0.0000000,0.0000,0.0000000,0.0000,0.0000000,0.0000,0.0000000,0.0000,None,4
30.1503,30.1772,-27.1460,0.0236814,COc1ccccc1C(Nc1cnn(C)c1)=C(C#N)C#N,1,C=C(Nc1cn[nH]c1)c1ccccc1,0.0197574,357.6099,0.8676153,0.8676,0.5831315,2.6967,1.0000000,1.0000,[],4
37.4701,43.9093,-43.9093,0.0000000,c12c3ccc(N(c4ccccc4)c4ccccc4)c1ccc1c1c(cc2)c(cc3)C(=O)N(c1ccccc1)c1ccccc1,0,,0.0000000,0.0000,0.0000000,0.0000,0.0000000,0.0000,0.0000000,0.0000,None,4
23.5573,26.1256,-26.1256,0.0000000,c1cccc2C(=O)c3c(C(=O)c21)c(c1c(n3)cccc1)=O,0,,0.0000000,0.0000,0.0000000,0.0000,0.0000000,0.0000,0.0000000,0.0000,None,4
35.9324,42.2935,80.6550,0.9605351,N#Cc1cc2c3cnc(-c4ccccc4)sc-3cc2oc1=N,1,N=c1ccc2c3cnc(-c4ccccc4)sc-3cc2o1,0.9866473,473.2852,0.5770333,0.5770,0.5769917,2.7496,1.0000000,1.0000,[],4
43.5996,50.1650,60.3177,0.8631455,COc1cccc(-c2cn3c(n2)c(C(C#N)=Cc2ccc([N+](=O)[O-])s2)nc2ccccc23)c1,1,C(=Cc1nc2ccccc2n2cc(-c3ccccc3)nc12)c1cccs1,0.9128712,425.5062,0.1949858,0.1950,0.5620101,2.8812,1.0000000,1.0000,[],4
24.3392,27.0055,-27.0055,0.0000000,COC(=O)c1nc2ccccn2c1N(C)C,1,c1ccn2ccnc2c1,0.0000000,0.0000,0.0000000,0.0000,0.0000000,0.0000,0.0000000,0.0000,"['C(=[O,S])[O,S]']",4
61.7786,68.5586,-68.5586,0.0000000,CCCCOC(=O)c1nc(OC)nc2c1nc(-c1ccc3cccc(F)c3n1)c1cc3c(cc12)OCCCO3,1,c1ccc2nc(-c3nc4cncnc4c4cc5c(cc34)OCCCO5)ccc2c1,0.0000000,0.0000,0.0000000,0.0000,0.0000000,0.0000,0.0000000,0.0000,"['C(=[O,S])[O,S]']",4
27.2815,29.3954,-28.9347,0.0035992,Cc1ccc2c(c1)-c1ccccc1C1(C2=O)c2ccccc2-c2ccccc21,1,O=C1c2ccccc2-c2ccccc2C12c1ccccc1-c1ccccc12,0.0027933,336.1833,0.3670980,0.3671,0.5922629,2.6190,1.0000000,1.0000,[],4
53.0423,59.0367,-31.9530,0.2115917,COc1ccc(C=CC(=O)c2cccc3[nH]c(=O)c(-c4ccc(F)cc4)cc23)c(OC(C)C(C)C)c1,1,O=C(C=Cc1ccccc1)c1cccc2[nH]c(=O)c(-c3ccccc3)cc12,0.2070497,385.4207,0.2237651,0.2238,0.5453833,3.0313,1.0000000,1.0000,[],4
33.7295,37.0931,-36.9267,0.0013002,CCCCCCCCc1cc(=O)oc2c(C3=CC(=O)CCC3)c(OC)ccc12,1,O=C1C=C(c2cccc3ccc(=O)oc23)CCC1,0.0009535,324.4937,0.4036496,0.4036,0.5925444,2.6166,1.0000000,1.0000,[],4
51.1068,57.7868,14.4629,0.5644507,CCC[n+]1c(-c2ccc3c(-c4ccccc4)c(C=C4Sc5ccccc5N4CC)sc3c2)sc2cc(OC)ccc2c1=O,1,O=c1[nH+]c(-c2ccc3c(-c4ccccc4)c(C=C4Nc5ccccc5S4)sc3c2)sc2ccccc12,0.5876540,516.1535,0.1667618,0.1668,0.5186541,3.2826,1.0000000,1.0000,[],4
55.8830,57.0382,-57.0382,0.0000000,CCN(CC)c1ccc(C=C[N+]2(CCOC(=O)C3=CCC(c4ccc([N+](=O)[O-])cc4)c4ccccc43)C(=O)c3ccccc3C2=O)cc1,1,O=C(OCC[N+]1(C=Cc2ccccc2)C(=O)c2ccccc2C1=O)C1=CCC(c2ccccc2)c2ccccc21,0.0000000,0.0000,0.0000000,0.0000,0.0000000,0.0000,0.0000000,0.0000,"['C(=[O,S])[O,S]']",4
32.1506,30.5013,-30.4614,0.0003119,Cc1c(I)c(Br)c2[nH]c(=O)[nH]c2c1Br,1,O=c1[nH]c2ccccc2[nH]1,0.0002117,308.1470,0.4878460,0.4878,0.4907255,3.5594,1.0000000,1.0000,[],4
43.0325,49.9092,-49.9092,0.0000000,N(c1ccc(cc1)-c1c2cc(ccc2sc2ccc3n(c4c(c3c21)cccc4)-c1ccccc1)C)CCCC,0,,0.0000000,0.0000,0.0000000,0.0000,0.0000000,0.0000,0.0000000,0.0000,None,4
42.0605,50.4510,38.4635,0.6946444,CC1(C)c2ccccc2-c2ccc(N(c3ccc(C=Cc4ccc(C#N)cc4)cc3)c3ccc4sc5ccccc5c4c3)cc21,1,C(=Cc1ccc(N(c2ccc3c(c2)Cc2ccccc2-3)c2ccc3sc4ccccc4c3c2)cc1)c1ccccc1,0.7273349,410.6526,0.1853796,0.1854,0.5670893,2.8362,1.0000000,1.0000,[],4
49.1678,59.4877,-59.4877,0.0000000,CCCCCCCC[n+]1nc(-c2ccccc2)nc2c(C=C(C#N)C(=O)O)c(C)n(CC(C)C)c21,1,c1ccc(-c2n[nH+]c3[nH]ccc3n2)cc1,0.0000000,0.0000,0.0000000,0.0000,0.0000000,0.0000,0.0000000,0.0000,"['C(=[O,S])[O,S]']",4
68.3050,83.2619,-83.2619,0.0000000,c1(N(C)C)ccc(-c2ccc(-c3ccc(cc3)N(c3ccc(OCCCC)cc3)c3c4c(oc3CCCCCC)c(-c3sc(C=C(C(=O)O)C#N)cc3-c3ccccc3)cc4)cc2)c(OCCCCCC)c1,0,,0.0000000,0.0000,0.0000000,0.0000,0.0000000,0.0000,0.0000000,0.0000,None,4
42.0137,52.5954,-46.8937,0.0445446,COc1ccc(-c2c3cc(NC(C)C)c(=N)cc-3oc3c2c(=O)oc2ccncc23)cc1,1,N=c1ccc2c(-c3ccccc3)c3c(=O)oc4ccncc4c3oc-2c1,0.0397443,554.5778,0.3086571,0.3087,0.5495258,2.9935,1.0000000,1.0000,[],4
16.3824,22.5712,-0.5879,0.1717450,CCN(CC)c1ccc2c(c1)c1ccccc1n2CC,1,c1ccc2c(c1)[nH]c1ccccc12,0.1598827,381.9865,0.6664386,0.6664,0.6729631,1.9803,1.0000000,1.0000,[],4
32.5929,42.3946,-42.3946,0.0000000,C[N+](C)=c1ccc2c(-c3ccccc3)c3cc(C#CCO)c(-c4ccccc4)cc3oc-2c1,1,[N+]=c1ccc2c(-c3ccccc3)c3ccc(-c4ccccc4)cc3oc-2c1,0.0000000,0.0000,0.0000000,0.0000,0.0000000,0.0000,0.0000000,0.0000,['C#C'],4
28.9116,32.8167,-32.8167,0.0000000,O=C(O)C=Cc1ccc(C=C(O)I)cc1,1,c1ccccc1,0.0000000,0.0000,0.0000000,0.0000,0.0000000,0.0000,0.0000000,0.0000,"['C(=[O,S])[O,S]']",4
19.9711,27.7106,-27.2819,0.0033492,COc1ccc(N(c2ccccc2)c2ccc(-n3c4ccccc4c4ccccc43)cc2)cc1,1,c1ccc(N(c2ccccc2)c2ccc(-n3c4ccccc4c4ccccc43)cc2)cc1,0.0026087,335.4391,0.2683723,0.2684,0.6659282,2.0329,1.0000000,1.0000,[],4
33.7789,35.1813,-35.1780,0.0000260,Cn1c(C(c2ccc(C(C)(C)C)cc2)c2c[nH]c3ccccc23)nc2ccccc21,1,c1ccc(C(c2nc3ccccc3[nH]2)c2c[nH]c3ccccc23)cc1,0.0000156,279.8235,0.3712355,0.3712,0.5686126,2.8228,1.0000000,1.0000,[],4
40.3537,46.2140,-46.2140,0.0000000,CC(O)CN(CC(=O)O)c1ccc(NC(=O)c2ccccc2-c2ccc(C=C(C#N)C#N)o2)cc1,1,O=C(Nc1ccccc1)c1ccccc1-c1ccco1,0.0000000,0.0000,0.0000000,0.0000,0.0000000,0.0000,0.0000000,0.0000,"['C(=[O,S])[O,S]']",4
57.7726,64.1342,-64.1342,0.0000000,COc1cccc2c1=CC(C(=O)O)=NC1=CC=c3c1c(-c1ccccc1)c1c(c3=2)C(=O)N(c2ccccc2)C1=O,1,O=C1c2c(-c3ccccc3)c3c4c(c2C(=O)N1c1ccccc1)=c1ccccc1=CC=NC3=CC=4,0.0000000,0.0000,0.0000000,0.0000,0.0000000,0.0000,0.0000000,0.0000,"['[*;r{8-17}]', 'C(=[O,S])[O,S]']",4
29.1378,28.5898,-28.5898,0.0000000,CCOC(=O)C(C)N(c1ccc(C(=O)OC)cc1)S(C)(=O)=O,1,c1ccccc1,0.0000000,0.0000,0.0000000,0.0000,0.0000000,0.0000,0.0000000,0.0000,"['C(=[O,S])[O,S]']",4
53.7928,59.5312,-59.5312,0.0000000,c1(-c2c3c(cc4c2cccc4)cccc3)cc(-c2cc3C(C(C#C)Cc3c2)CC)ccc1N,0,,0.0000000,0.0000,0.0000000,0.0000,0.0000000,0.0000,0.0000000,0.0000,None,4
24.4377,31.1562,-31.1562,0.0000000,CCCCC(CC)Cn1cc[n+]2c1CCCCCC2,1,c1c[n+]2c([nH]1)CCCCCC2,0.0000000,0.0000,0.0000000,0.0000,0.0000000,0.0000,0.0000000,0.0000,['[*;r{8-17}]'],4
30.6485,34.9840,-34.9840,0.0000000,CC(C)OC(=O)COc1ccc(N(c2ccccc2)c2ccccc2)cc1Br,1,c1ccc(N(c2ccccc2)c2ccccc2)cc1,0.0000000,0.0000,0.0000000,0.0000,0.0000000,0.0000,0.0000000,0.0000,"['C(=[O,S])[O,S]']",4
27.7439,30.6673,-30.6673,0.0000000,O=C1c2ccccc2C(=O)N1C#CC#Cc1ccsc1,1,O=C1c2ccccc2C(=O)N1C#CC#Cc1ccsc1,0.0000000,0.0000,0.0000000,0.0000,0.0000000,0.0000,0.0000000,0.0000,['C#C'],4
26.3352,31.0804,-31.0804,0.0000000,O=[N+]([O-])c1ccccc1C=NNc1nc2ccccc2n1-c1ccccc1,1,C(=NNc1nc2ccccc2n1-c1ccccc1)c1ccccc1,0.0000000,0.0000,0.0000000,0.0000,0.0000000,0.0000,0.0000000,0.0000,['[#7;!n][#7;!n]'],4
30.6808,34.9843,61.4596,0.7534681,c1ccc(N(c2ccccc2)c2cc3ccccc3c3cc4c5cc6ccccc6cc5c5ccccc5c4cc23)cc1,1,c1ccc(N(c2ccccc2)c2cc3ccccc3c3cc4c5cc6ccccc6cc5c5ccccc5c4cc23)cc1,0.7944805,414.6808,0.1576070,0.1576,0.6352219,2.2689,1.0000000,1.0000,[],4
33.7254,35.6511,-23.4423,0.0953809,COc1ccc2c(C)c(C)c3cc(C)c(=O)oc3c2c1OC,1,O=c1ccc2ccc3ccccc3c2o1,0.0868781,374.4595,0.5317769,0.5318,0.6112773,2.4610,1.0000000,1.0000,[],4
33.4775,35.7174,-30.8136,0.0383115,Cc1ccc(C(=O)N2CCc3c2nc(N)c(C#N)c3-c2ccccc2)cc1,1,O=C(c1ccccc1)N1CCc2c(-c3ccccc3)ccnc21,0.0328670,363.2818,0.7602381,0.7602,0.6294595,2.3145,1.0000000,1.0000,[],4
27.3220,27.9754,-27.8015,0.0013585,O=c1[nH]c2ccccc2c2ccc(P)cc12,1,O=c1[nH]c2ccccc2c2ccccc12,0.0009953,324.9593,0.4631184,0.4631,0.5662577,2.8435,1.0000000,1.0000,[],4
26.9058,29.3138,-25.4149,0.0304605,Oc1ccc(C=Cc2cc3cc(Cl)ccc3o2)cc1O,1,C(=Cc1cc2ccccc2o1)c1ccccc1,0.0259200,360.6260,0.6732507,0.6733,0.6265237,2.3378,1.0000000,1.0000,[],4
53.3880,56.5717,-56.5717,0.0000000,CC1=C(C(C)(CCC)C)c2c(ccc(-c3ccccc3)c2)C21C(CC=C1C2CCCC=1)(C)C,0,,0.0000000,0.0000,0.0000000,0.0000,0.0000000,0.0000,0.0000000,0.0000,None,4
33.1892,35.5188,-34.1017,0.0110708,Cc1cc2ncc(-c3ccc4c(c3)CCCC4)nc2cc1C,1,c1ccc2nc(-c3ccc4c(c3)CCCC4)cnc2c1,0.0089373,348.8777,0.6429632,0.6430,0.6520248,2.1384,1.0000000,1.0000,[],4
19.9855,24.3097,97.2968,0.9500508,C[n+]1c2ccccc2cc2cc3ccccc3cc21,1,c1ccc2cc3[nH+]c4ccccc4cc3cc2c1,0.9910658,468.8738,0.3253386,0.3253,0.6367517,2.2569,1.0000000,1.0000,[],4
29.5360,33.0439,-25.5673,0.0584103,Nc1ccccc1-c1cn2c(=O)c(-c3ccccc3)cnc2s1,1,O=c1c(-c2ccccc2)cnc2sc(-c3ccccc3)cn12,0.0517213,368.4183,0.5734503,0.5735,0.6129529,2.4473,1.0000000,1.0000,[],4
29.3523,28.8105,-27.3196,0.0116477,COc1cccc(-c2nn3c(=O)cc(-c4ccccc4)nc3s2)c1,1,O=c1cc(-c2ccccc2)nc2sc(-c3ccccc3)nn12,0.0094588,349.4991,0.5749392,0.5749,0.6612675,2.0680,1.0000000,1.0000,[],4
90.4605,94.8620,-94.8620,0.0000000,c1c(c2cccc3-c4c5C([n+]6c7c2cccc7c(c6ccc5)c13)=CC=CC4C)-c1c2cccc3-c(nc(c(-c4ccccc4)c1n3)c2)C,0,,0.0000000,0.0000,0.0000000,0.0000,0.0000000,0.0000,0.0000000,0.0000,None,4
33.9668,38.5418,-38.5418,0.0000000,CCN(CC)c1nc2c(C=NNC(=O)c3ccccc3)cccc2c2ccccc12,1,O=C(NN=Cc1cccc2c1ncc1ccccc12)c1ccccc1,0.0000000,0.0000,0.0000000,0.0000,0.0000000,0.0000,0.0000000,0.0000,['[#7;!n][#7;!n]'],4
46.3462,52.1144,-52.1144,0.0000000,BrC1=Cc2ccc3c4cc(c(-c5ccc(Br)cc5)sc(cc24)=C1)c1ccccc13,1,C1=Cc2ccc3c4cc(c(-c5ccccc5)sc(cc24)=C1)c1ccccc13,0.0000000,0.0000,0.0000000,0.0000,0.0000000,0.0000,0.0000000,0.0000,['[*;r{8-17}]'],4
58.7662,70.6924,-70.6924,0.0000000,C1CC(CC1)NC(=O)c1cc(c(-c2c3c(nc(cc3)-c3ccc(cc3)C3(c4ccc(cc4)OC)c4ccccc4-c4c3cccc4)[nH]c3c2cccc3)cc1C)C,0,,0.0000000,0.0000,0.0000000,0.0000,0.0000000,0.0000,0.0000000,0.0000,None,4
52.1739,61.5999,50.9303,0.8791424,CC(C)(C)c1ccc2c(c1)sc1c2c2cc(C(C)(C)C)ccc2n1-c1ccc(C=c2sc3nc(-c4ccc(C(C)(C)C)c(C(C)(C)C)c4)nn3c2=O)cc1,1,O=c1c(=Cc2ccc(-n3c4ccccc4c4c5ccccc5sc43)cc2)sc2nc(-c3ccccc3)nn12,0.9353761,429.0148,0.1806523,0.1807,0.4964180,3.5017,1.0000000,1.0000,[],4
53.3534,68.3039,-68.3039,0.0000000,CCCCCCOc1ccc(N(c2ccccc2)c2ccc(-c3ccc(-c4ccc(C=C(C#N)C(=O)O)s4)cc3)cc2)c(C=Cc2ccc3sc4cc(CCCCCC)c(OC)cc4c3c2)c1,1,C(=Cc1ccccc1N(c1ccccc1)c1ccc(-c2ccc(-c3cccs3)cc2)cc1)c1ccc2sc3ccccc3c2c1,0.0000000,0.0000,0.0000000,0.0000,0.0000000,0.0000,0.0000000,0.0000,"['C(=[O,S])[O,S]']",4
38.3030,34.3127,-34.2781,0.0002707,CCC(OC)C(=O)NCc1nc(-c2ccccn2)oc1C,1,c1ccc(-c2ncco2)nc1,0.0001786,306.2961,0.8806907,0.8807,0.5601079,2.8981,1.0000000,1.0000,[],4
86.6599,89.2937,-89.2937,0.0000000,C=CC=CC(=CC(=C)c1cc(C)c(C#N)c(-c2cccc(C=C)c2)c1)Cc1ccc(Oc2ccc3c(C(=O)O)c(OC)ccc3c2)cc1,1,C=C(C=CCc1ccc(Oc2ccc3ccccc3c2)cc1)c1cccc(-c2ccccc2)c1,0.0000000,0.0000,0.0000000,0.0000,0.0000000,0.0000,0.0000000,0.0000,"['C(=[O,S])[O,S]']",4
26.6101,28.1092,-27.0605,0.0081925,Fc1ccc2ncnc(-c3ccc4c(c3)OCCO4)c2c1,1,c1ccc2c(-c3ccc4c(c3)OCCO4)ncnc2c1,0.0064957,345.3865,0.6871848,0.6872,0.6536196,2.1261,1.0000000,1.0000,[],4
49.0413,59.9813,20.5008,0.6287668,CCn1c2ccccc2c2cc(N(c3ccc4c(c3)S(=O)(=O)c3cc5c(cc3-4)C(C)(C)c3ccc(N(C)C)cc3-5)c3ccc4oc5ccccc5c4c3)ccc21,1,O=S1(=O)c2cc(N(c3ccc4[nH]c5ccccc5c4c3)c3ccc4oc5ccccc5c4c3)ccc2-c2cc3c(cc21)-c1ccccc1C3,0.6578308,407.0968,0.1753313,0.1753,0.4991928,3.4738,1.0000000,1.0000,[],4
63.2730,64.3796,-62.2993,0.0162523,CC(C)Oc1ccc(S(=O)(=O)N(c2ccc(C(F)(F)F)cc2)c2nc(-c3ccccc3)nc(-c3ccc(-c4ccc5c6ccccc6n(-c6ccc(O)cc6)c5c4)cc3)n2)cc1,1,O=S(=O)(c1ccccc1)N(c1ccccc1)c1nc(-c2ccccc2)nc(-c2ccc(-c3ccc4c5ccccc5n(-c5ccccc5)c4c3)cc2)n1,0.0140996,353.8844,0.1458743,0.1459,0.5157812,3.3104,1.0000000,1.0000,[],4
50.3980,54.7956,-54.7956,0.0000000,CCCCCCCCC=CCCCCCCCCCC(=O)OC(COc1ccc2c(c1)oc(=O)c1c3c(oc12)=CCCC=3)COP(=O)(O)OCC,1,O=c1oc2ccccc2c2oc3c(c12)=CCCC=3,0.0000000,0.0000,0.0000000,0.0000,0.0000000,0.0000,0.0000000,0.0000,"['C(=[O,S])[O,S]']",4
48.3952,55.7069,64.5780,0.9397258,CC1(C)C(C=CC=C2c3ccccc3C=C3CCC4=C3N2c2ccccc2C4(C)C)=Cc2ccccc21,1,C(=CC1=Cc2ccccc2C1)C=C1c2ccccc2C=C2CCC3=C2N1c1ccccc1C3,0.9823952,476.3336,0.3539932,0.3540,0.4931387,3.5348,1.0000000,1.0000,[],4
25.2691,22.6966,-22.6700,0.0002078,CCc1sc(CCl)nc1C,1,c1cscn1,0.0001366,303.3853,0.6303929,0.6304,0.5652260,2.8526,1.0000000,1.0000,[],4
32.8463,43.3942,-43.3942,0.0000000,c12c3c(c(=O)oc2c(-c2ccc(C=CC(O)=O)cc2)ccc1ccc3)N(CC)CC,0,,0.0000000,0.0000,0.0000000,0.0000,0.0000000,0.0000,0.0000000,0.0000,None,4
45.1931,51.5524,-51.5524,0.0000000,C#CON=Cc1c(C#N)c(-c2ccc(C=O)cc2)nc2c1ccc1ccccc12,1,c1ccc(-c2ccc3ccc4ccccc4c3n2)cc1,0.0000000,0.0000,0.0000000,0.0000,0.0000000,0.0000,0.0000000,0.0000,['C#C'],4
62.5330,76.2520,-76.2520,0.0000000,c1(ccc(C(=C2C(C(C#N)=C(N2c2ccc(cc2)-c2c(CC)cc(oc2C)C)c2c(OC)cc(OC)cc2OC)=O)OCC)cc1)C#N,0,,0.0000000,0.0000,0.0000000,0.0000,0.0000000,0.0000,0.0000000,0.0000,None,4
37.3658,42.2169,-42.2169,0.0000000,CC(C)(C)OC(=O)NCCCCC(NC(=O)c1ccc(-c2ccc3ccc4nccnc4c3n2)cc1)C(=O)O,1,c1ccc(-c2ccc3ccc4nccnc4c3n2)cc1,0.0000000,0.0000,0.0000000,0.0000,0.0000000,0.0000,0.0000000,0.0000,"['C(=[O,S])[O,S]']",4
49.2076,52.2172,-52.2172,0.0000000,CCOC(=O)C1=C(C=Cc2ccccc2OC)C(C#N)=C(SCC(=O)OC(C)C)NC1c1ccc(SC)cc1,1,C1=CC(C=Cc2ccccc2)=CC(c2ccccc2)N1,0.0000000,0.0000,0.0000000,0.0000,0.0000000,0.0000,0.0000000,0.0000,"['C(=[O,S])[O,S]']",4
42.1916,46.5467,-46.5467,0.0000000,C[N+](C)=c1ccc2c(-c3ccccc3)c3ccc4c(c3oc-2c1)SCCCNC4=O,1,[N+]=c1ccc2c(-c3ccccc3)c3ccc4c(c3oc-2c1)SCCCNC4=O,0.0000000,0.0000,0.0000000,0.0000,0.0000000,0.0000,0.0000000,0.0000,['[*;r{8-17}]'],4
32.0685,34.5000,-34.4488,0.0003998,c1ccc2c(c1)-c1ccccc1[IH]1(c3ccccc3-2)c2ccccc2-c2ccccc21,1,c1ccc2c(c1)-c1ccccc1[IH]1(c3ccccc3-2)c2ccccc2-c2ccccc21,0.0002832,311.3050,0.1830264,0.1830,0.5305904,3.1688,1.0000000,1.0000,[],4
46.3644,55.0419,-55.0419,0.0000000,c1c2c(n(c3ccccc32)-c2ccc3N(c4ccc(-c5ccc(-c6c7c(c(-c8ccccc8)ccc7)ccc6)s5)C(c3c4)(C)C)c2)ccc1,0,,0.0000000,0.0000,0.0000000,0.0000,0.0000000,0.0000,0.0000000,0.0000,None,5
31.0381,41.0908,-41.0908,0.0000000,CCn1c2ccc(NC(=O)C(C)(C)C)cc2c2ccc(C=C3SC(=S)N(CC(=O)O)C3=O)cc21,1,O=C1NC(=S)SC1=Cc1ccc2c(c1)[nH]c1ccccc12,0.0000000,0.0000,0.0000000,0.0000,0.0000000,0.0000,0.0000000,0.0000,"['C(=[O,S])[O,S]']",5
51.1893,57.1782,-49.2229,0.0621510,CC(C)(C)c1ccc(-c2c3c(cc4cc(C#N)ccc24)N(c2ccc(C(C)(C)C)cc2C(C)(C)C)c2cc(-c4ccc(C#N)cc4)c(C#N)cc2CC3)cc1,1,c1ccc(-c2ccc3c(c2)N(c2ccccc2)c2cc4ccccc4c(-c4ccccc4)c2CC3)cc1,0.0574838,369.6314,0.1826860,0.1827,0.5028556,3.4373,1.0000000,1.0000,[],5
28.9377,29.5547,-29.5547,0.0000000,C=C(CCC)OC(=O)CCCC(CC)CCCC,1,,0.0000000,0.0000,0.0000000,0.0000,0.0000000,0.0000,0.0000000,0.0000,"['C(=[O,S])[O,S]']",5
38.1880,39.9765,-34.6185,0.0418595,C=C(Nc1ccc(NC(=O)c2cccc3ccccc23)cc1OC)c1ccco1,1,C=C(Nc1ccc(NC(=O)c2cccc3ccccc23)cc1)c1ccco1,0.0366828,364.5173,0.4424756,0.4425,0.6440147,2.2002,1.0000000,1.0000,[],5
40.9036,47.3631,-46.2379,0.0087900,N#Cc1ccc(N(c2ccc(C#N)cc2)c2ccc(-c3cccc4c5cc(C#N)ccc5n(Cc5ccc(C#N)cn5)c34)cc2)cc1,1,c1ccc(N(c2ccccc2)c2ccc(-c3cccc4c5ccccc5n(Cc5ccccn5)c34)cc2)cc1,0.0073153,346.6855,0.1879383,0.1879,0.5464522,3.0215,1.0000000,1.0000,[],5
21.7968,28.0054,84.6045,0.8797645,CCN(CC)c1ccc(C=Cc2nc3ccccc3c3ccccc23)cc1,1,C(=Cc1nc2ccccc2c2ccccc12)c1ccccc1,0.9089398,424.9802,0.3860794,0.3861,0.6425233,2.2118,1.0000000,1.0000,[],5
33.6916,41.2648,-41.2648,0.0000000,c1c(C)ccc(-c2c3-c(c(c(=O)cc3oc2-c2ccc(C)cc2)C#N)-c2ccc(C)cc2)c1,0,,0.0000000,0.0000,0.0000000,0.0000,0.0000000,0.0000,0.0000000,0.0000,None,5
52.3450,50.9882,41.5927,0.7232884,CN1CC(COc2ccc(C(=O)c3nn(-c4ccc(F)cc4)c4nc5ccccc5nc34)cc2)CC1=O,1,O=C1CC(COc2ccc(C(=O)c3nn(-c4ccccc4)c4nc5ccccc5nc34)cc2)CN1,0.7462306,411.7108,0.3282274,0.3282,0.5368383,3.1103,1.0000000,1.0000,[],5
43.1693,52.5814,45.2904,0.7646231,CCCCCCCCCCCCN(CC)c1ccc(C=Cc2ccc(N(c3ccccc3)c3cc(C=Cc4ccc(N(C)C)cc4)nc4ccccc34)cc2)cc1,1,C(=Cc1ccc(N(c2ccccc2)c2cc(C=Cc3ccccc3)nc3ccccc23)cc1)c1ccccc1,0.8377748,417.8252,0.0538980,0.0539,0.5326798,3.1492,1.0000000,1.0000,[],5
42.9152,48.1483,-48.1483,0.0000000,c1c(Cl)cc2c(c1)n1ccc3cccc(c31)c1ccc3c(cccc3)c-2c1,0,,0.0000000,0.0000,0.0000000,0.0000,0.0000000,0.0000,0.0000000,0.0000,None,5
17.5434,23.0488,-22.9997,0.0003833,COc1cccc(C=Cc2ccncc2)c1,1,C(=Cc1ccncc1)c1ccccc1,0.0002574,310.2663,0.7769937,0.7770,0.6931891,1.8323,1.0000000,1.0000,[],5
42.4842,48.1531,-5.9124,0.3300056,N#Cc1ccc(-c2ccc3c4nc(C#N)cnc4n(S(=O)(=O)c4ccc(N5CCCCC5)cc4)c3c2)cc1,1,O=S(=O)(c1ccc(N2CCCCC2)cc1)n1c2cc(-c3ccccc3)ccc2c2nccnc21,0.3265322,392.1402,0.3201241,0.3201,0.5709585,2.8022,1.0000000,1.0000,[],5
145.3083,163.0253,-163.0253,0.0000000,C(=Cc1ccc(C2CC3CC2CC3)cc1)[N+]1=C(CC)c2cc(N(c3ccc(cc3)-n3c4c(cc(-c5c(oc(c5)CCCCCC)N=CC5=c6sc(C)cc6)ccc5)cc3CCC)c3c(cns3)C4CCCCCC)ccc2C2N(C=1)CCC2,0,,0.0000000,0.0000,0.0000000,0.0000,0.0000000,0.0000,0.0000000,0.0000,None,5
16.4712,21.6487,-21.6487,0.0000000,Clc1ccc(C#Cc2ccccc2)cc1,1,C(#Cc1ccccc1)c1ccccc1,0.0000000,0.0000,0.0000000,0.0000,0.0000000,0.0000,0.0000000,0.0000,['C#C'],5
24.9831,28.1639,95.1274,0.9632133,CC(C)(C)c1csc(C(C#N)=Cc2ccc(N3CCCC3)cc2)n1,1,C(=Cc1nccs1)c1ccc(N2CCCC2)cc1,0.9811479,442.9094,0.7311231,0.7311,0.6063889,2.5012,1.0000000,1.0000,[],5
28.7837,35.1637,-35.1637,0.0000000,CCOC(=O)c1cn2c(-c3ccc(Cl)cc3)ccc2nc1-c1ccc(Cl)cc1,1,c1ccc(-c2ccn3c(-c4ccccc4)ccc3n2)cc1,0.0000000,0.0000,0.0000000,0.0000,0.0000000,0.0000,0.0000000,0.0000,"['C(=[O,S])[O,S]']",5
40.3584,48.3689,-48.3689,0.0000000,c12NC(=C(C(OCC)=O)C(N)=c2c2c(c(C(c3ccc(cc3)C#N)=O)n1)cccc2)C#N,0,,0.0000000,0.0000,0.0000000,0.0000,0.0000000,0.0000,0.0000000,0.0000,None,5
22.6640,23.3198,-23.3190,0.0000066,Cc1nc(-c2cccc(C(F)(F)F)c2)no1,1,c1ccc(-c2ncon2)cc1,0.0000036,263.9123,0.7524232,0.7524,0.6681640,2.0161,1.0000000,1.0000,[],5
36.3533,49.0738,-49.0738,0.0000000,c12oc3cc(N(c4ccccc4)c4ccccc4)ccc3c(c-2cccc1C=C(C(O)=O)C#N)OC,0,,0.0000000,0.0000,0.0000000,0.0000,0.0000000,0.0000,0.0000000,0.0000,None,5
31.9411,39.6042,83.6086,0.9625995,CN(CCO)c1cccc(N2C(=O)c3cc(C=O)c4ccccc4c3C2=O)c1,1,O=C1c2ccc3ccccc3c2C(=O)N1c1ccccc1,0.9895424,449.4001,0.5488425,0.5488,0.6025264,2.5331,1.0000000,1.0000,[],5
16.8247,22.8322,-22.8255,0.0000527,COc1ccc(C#N)cc1OC,1,c1ccccc1,0.0000320,287.6204,0.6642037,0.6642,0.7273721,1.5916,1.0000000,1.0000,[],5
43.0843,45.2511,12.9164,0.4544341,CC1=CCC(c2ccc(C=Cc3ccc(N(c4ccccc4)c4ccc(-c5cccc6cc7ccccc7cc56)cc4)cc3)cc2)C=C1,1,C1=CCC(c2ccc(C=Cc3ccc(N(c4ccccc4)c4ccc(-c5cccc6cc7ccccc7cc56)cc4)cc3)cc2)C=C1,0.4718210,398.7749,0.1273469,0.1273,0.5148092,3.3198,1.0000000,1.0000,[],5
32.9676,35.9567,-24.3046,0.0910318,C=CCn1c(C=C(C#N)c2ccccc2)nc(-c2ccccc2)c1-c1ccccc1,1,C(=Cc1nc(-c2ccccc2)c(-c2ccccc2)[nH]1)c1ccccc1,0.0843945,374.1151,0.2810517,0.2811,0.6117136,2.4575,1.0000000,1.0000,[],5
40.7577,42.8654,71.0079,0.8896345,N=C1C(=Nc2ccc(Br)cc2)C(=O)NC1=C(c1ccccc1)c1ccc(-c2ccccc2)cc1,1,N=C1C(=Nc2ccccc2)C(=O)NC1=C(c1ccccc1)c1ccc(-c2ccccc2)cc1,0.9274997,427.6743,0.3143267,0.3143,0.5849318,2.6813,1.0000000,1.0000,[],5
41.0996,42.5227,-42.5101,0.0000983,CCC(C)c1ccc(CC2=CCCC2Br)c(-c2ccccc2)c1,1,C1=C(Cc2ccccc2-c2ccccc2)CCC1,0.0000632,295.0147,0.3974530,0.3975,0.5111493,3.3555,1.0000000,1.0000,[],5
45.7969,52.8813,38.3803,0.7129815,CN(C)c1ccc2oc(C=Cc3ccn4c(-c5ccc(CO)cc5)cnc4c3)[n+](C)c2c1,1,C(=Cc1[nH+]c2ccccc2o1)c1ccn2c(-c3ccccc3)cnc2c1,0.7287418,509.2702,0.4267258,0.4267,0.5450570,3.0343,1.0000000,1.0000,[],5
62.0438,72.1309,-72.1309,0.0000000,CCCN1c2ccc3c4c2Sc2ccc(c(c21)C=CC=CC41CCCCC1=C(c1ccc(N(C)C)cc1)c1ccc2c(c1)OCCO2)CCO3,1,C1=Cc2c3ccc4c2Nc2ccc(c(c2S4)C2(C=C1)CCCCC2=C(c1ccccc1)c1ccc2c(c1)OCCO2)OCC3,0.0000000,0.0000,0.0000000,0.0000,0.0000000,0.0000,0.0000000,0.0000,['[*;r{8-17}]'],5
59.3267,70.5645,-70.5645,0.0000000,CCn1c(=Cc2c(CC(=O)O)ccc[n+]2C)c(=C2C=C(C=Cc3ccccc3C=CC3=[N+](C)c4ccccc4C3(C)C)CC(C)(C)C2)c2ccccc21,1,C(=Cc1ccccc1C=CC1=[NH+]c2ccccc2C1)C1=CC(=c2c(=Cc3cccc[nH+]3)[nH]c3ccccc23)CCC1,0.0000000,0.0000,0.0000000,0.0000,0.0000000,0.0000,0.0000000,0.0000,"['C(=[O,S])[O,S]']",5
34.4330,38.7981,-38.7981,0.0000000,c1cc2c(c(c3c(c4-c5c(C(c42)(C)C)cc2ccccc2c5)cccc3)-c2ccc(cc2)C#N)cc1,0,,0.0000000,0.0000,0.0000000,0.0000,0.0000000,0.0000,0.0000000,0.0000,None,5
27.0390,29.0629,-29.0629,0.0000000,COC(=O)c1ccc2ccc3ncccc3c2n1,1,c1cnc2c(c1)ccc1ncccc12,0.0000000,0.0000,0.0000000,0.0000,0.0000000,0.0000,0.0000000,0.0000,"['C(=[O,S])[O,S]']",5
24.5407,30.9776,18.4017,0.3857750,c1ccc(CN(c2ccccc2)c2ccc(-c3cnc(-c4ccc(N(c5ccccc5)c5ccccc5)cc4)s3)cc2)cc1,1,c1ccc(CN(c2ccccc2)c2ccc(-c3cnc(-c4ccc(N(c5ccccc5)c5ccccc5)cc4)s3)cc2)cc1,0.3921842,395.2430,0.1679534,0.1680,0.6139669,2.4391,1.0000000,1.0000,[],5
17.3244,21.8317,-21.8311,0.0000045,CCc1nccs1,1,c1cscn1,0.0000024,259.5179,0.5399039,0.5399,0.6101318,2.4704,1.0000000,1.0000,[],5
37.2618,38.6666,-35.3144,0.0261887,Cn1c(=O)n(CC(=O)Nc2ccccc2)c(=N)c2sc(-c3ccc(F)cc3)nc21,1,N=c1c2sc(-c3ccccc3)nc2[nH]c(=O)n1CC(=O)Nc1ccccc1,0.0222753,358.9402,0.5428094,0.5428,0.6054729,2.5087,1.0000000,1.0000,[],5
38.8098,49.0347,71.4146,0.9410105,COC1=CC(=O)C(=Cc2ccc(NC(=O)C=Cc3ccc(N(c4ccccc4)c4ccccc4)cc3)cc2)C=C1O,1,O=C(C=Cc1ccc(N(c2ccccc2)c2ccccc2)cc1)Nc1ccc(C=C2C=CC=CC2=O)cc1,0.9950568,457.5959,0.2235138,0.2235,0.5727857,2.7862,1.0000000,1.0000,[],5
32.3021,38.2185,-37.8862,0.0025958,Cc1c(-c2cccc3c2[nH]c2ccccc23)c(-c2ccccc2)cc2ccccc12,1,c1ccc(-c2cc3ccccc3cc2-c2cccc3c2[nH]c2ccccc23)cc1,0.0019868,332.4755,0.3106418,0.3106,0.6497352,2.1560,1.0000000,1.0000,[],5
40.3153,40.8948,-40.8948,0.0000000,O=C(O)c1ncccc1-c1cccc(-c2cn(C3CCCCC3)nn2)c1O,1,c1cncc(-c2cccc(-c3cn(C4CCCCC4)nn3)c2)c1,0.0000000,0.0000,0.0000000,0.0000,0.0000000,0.0000,0.0000000,0.0000,"['C(=[O,S])[O,S]']",5
40.7790,43.1853,-42.6687,0.0040354,CCCCC(CC)Cn1c2cc3c(cc2c2c(C(C)(C)C)cc(C(C)(C)C)cc21)C(C)(C)CC3(C)C,1,c1ccc2c(c1)[nH]c1cc3c(cc12)CCC3,0.0031754,337.5794,0.3256546,0.3257,0.4894913,3.5719,1.0000000,1.0000,[],5
44.3408,45.1574,77.5429,0.9585963,COc1cccc2c1C(=O)C(c1cc3c(o1)C(=O)c1ccc(C)cc1C3=O)=C2O,1,O=C1C(c2cc3c(o2)C(=O)c2ccccc2C3=O)=Cc2ccccc21,0.9856433,474.0834,0.5597478,0.5597,0.5729414,2.7849,1.0000000,1.0000,[],5
24.3707,30.2210,-30.0297,0.0014947,c1ccc2c(c1)-c1ccccc1C21c2ccccc2N(c2ccc(-n3c4ccccc4c4ccccc43)cc2)c2ccccc21,1,c1ccc2c(c1)-c1ccccc1C21c2ccccc2N(c2ccc(-n3c4ccccc4c4ccccc43)cc2)c2ccccc21,0.0011298,326.3370,0.2000095,0.2000,0.5744550,2.7717,1.0000000,1.0000,[],5
39.5887,44.7983,-44.7983,0.0000000,CCOC(=O)c1ccc(-c2cc(C=CC(=S)c3ccc(N(CC)CC)cc3)ccc2C)cc1,1,S=C(C=Cc1cccc(-c2ccccc2)c1)c1ccccc1,0.0000000,0.0000,0.0000000,0.0000,0.0000000,0.0000,0.0000000,0.0000,"['C(=[O,S])[O,S]']",5
42.7219,49.2184,51.9909,0.7906974,CN(C)c1ccc2nc(-c3ccc(CC4(C#N)CC4)cc3[N+](=O)[O-])sc2c1,1,c1ccc2sc(-c3ccc(CC4CC4)cc3)nc2c1,0.8091329,415.6822,0.4709953,0.4710,0.5755034,2.7626,1.0000000,1.0000,[],5
38.9876,41.5774,-41.1148,0.0036135,c1ccc2cc3c(cc2c1)oc1ccc(-c2ccc4c5ccccc5c5cc(-n6c7ccccc7c7ccccc76)ccc5c4c2)cc13,1,c1ccc2cc3c(cc2c1)oc1ccc(-c2ccc4c5ccccc5c5cc(-n6c7ccccc7c7ccccc76)ccc5c4c2)cc13,0.0028690,336.4745,0.1783537,0.1784,0.5987551,2.5645,1.0000000,1.0000,[],5
33.9331,34.9513,-34.9513,0.0000000,COC(=O)C(=CC=CC(C)=CC=CC(C)=[N+](C)C)C(=O)OC,1,,0.0000000,0.0000,0.0000000,0.0000,0.0000000,0.0000,0.0000000,0.0000,"['C(=[O,S])[O,S]']",5
49.9068,50.8492,-50.8492,0.0000000,COC(=O)Nc1cc(C#CC#CC#Cc2cc(O)ccc2C)cc(OC)c1OC,1,C(#CC#Cc1ccccc1)C#Cc1ccccc1,0.0000000,0.0000,0.0000000,0.0000,0.0000000,0.0000,0.0000000,0.0000,"['C#C', 'C(=[O,S])[O,S]']",5
32.6145,39.6700,-39.6700,0.0000000,O=C1C2=CC3CCCC3C2C(=O)N1N=Cc1ccc(C=Cc2ccc([N+](=O)[O-])cc2)cc1,1,O=C1C2=CC3CCCC3C2C(=O)N1N=Cc1ccc(C=Cc2ccccc2)cc1,0.0000000,0.0000,0.0000000,0.0000,0.0000000,0.0000,0.0000000,0.0000,['[#7;!n][#7;!n]'],5
35.7313,36.0798,-36.0798,0.0000000,c12c(cccc2)n2c3c(c(ccc3)Cl)c(c2n1)C#C,0,,0.0000000,0.0000,0.0000000,0.0000,0.0000000,0.0000,0.0000000,0.0000,None,5
34.9300,46.6973,-46.6973,0.0000000,N#CC(=Cc1ccc(-c2nc3ccccc3n3c(=O)c4ccc(F)cc4cc23)cc1)C(=O)O,1,O=c1c2ccccc2cc2c(-c3ccccc3)nc3ccccc3n12,0.0000000,0.0000,0.0000000,0.0000,0.0000000,0.0000,0.0000000,0.0000,"['C(=[O,S])[O,S]']",5
33.4767,35.5104,-35.4680,0.0003318,COc1ccc(N(C)CCCCCCCCCCCCCCCC#N)cc1OC,1,c1ccccc1,0.0002297,309.0317,0.2450820,0.2451,0.6368105,2.2564,1.0000000,1.0000,[],5
94.8032,106.0806,-106.0806,0.0000000,C(=C\C=C(/C=C/c1c(n2c(cc(n2)=CC(O)=O)n1CCCCCCCCCCc1ccccc1)N(CCCC)CCCC)C#N)(\C=C1c2ccccc2Oc2c1ccc(C(OCC)=O)c2)OC,0,,0.0000000,0.0000,0.0000000,0.0000,0.0000000,0.0000,0.0000000,0.0000,None,5
16.3167,21.6397,-21.6397,0.0000000,CCOC(=O)C=Cc1ccc(C)cc1,1,c1ccccc1,0.0000000,0.0000,0.0000000,0.0000,0.0000000,0.0000,0.0000000,0.0000,"['C(=[O,S])[O,S]']",5
66.1296,73.1766,-63.2735,0.0773683,C=Cc1c(C=CC)c2cc(-c3ccc4c5sccc5n(C=CC=CC)c4c3)ccc2n1-c1ccc2c3c(cccc13)C=C2,1,C1=Cc2ccc(-n3ccc4cc(-c5ccc6c(c5)[nH]c5ccsc56)ccc43)c3cccc1c23,0.0725656,372.3362,0.1759938,0.1760,0.4733749,3.7393,1.0000000,1.0000,[],5
50.0307,61.4643,-0.6509,0.4751048,CC(C)c1ccc(N(c2ccc(C=Cc3ccc(N(c4ccccc4)c4ccccc4)cc3)cc2)c2ccc3c(c2)C(C)(C)c2ccc(N(c4ccc(C(C)C)cc4)c4ccc(-c5ccc(C=C(C#N)C#N)s5)s4)cc2-3)cc1,1,C(=Cc1ccc(N(c2ccccc2)c2ccc3c(c2)Cc2ccc(N(c4ccccc4)c4ccc(-c5cccs5)s4)cc2-3)cc1)c1ccc(N(c2ccccc2)c2ccccc2)cc1,0.5042498,519.8154,0.0756340,0.0756,0.4423040,4.0788,1.0000000,1.0000,[],5
48.0806,61.4163,-61.4163,0.0000000,c1(ccc(C#N)cc1)N1c2c3c(cc(C(C)(C)C)cc3sc2C=C2C(c3c(cc(c(OC)c3)OC)=C2)(C)C)OC1,0,,0.0000000,0.0000,0.0000000,0.0000,0.0000000,0.0000,0.0000000,0.0000,None,5
31.0381,31.1630,-31.1630,0.0000000,O=S(=O)(O)C=[SH](=S)C1CC1,1,C1CC1,0.0000000,0.0000,0.0000000,0.0000,0.0000000,0.0000,0.0000000,0.0000,"['C(=[O,S])[O,S]']",5
74.9686,82.9963,-82.9963,0.0000000,c12c3c(cc4c(-c5ccc(C)c6c5C(C)(CC6)C)c5c(ccc6c(CCCCCCCC)ccc7c65)c4C3(C)C)c3c(cc(c(CCCCCCC)c3)C)c2ccc2ccccc12,0,,0.0000000,0.0000,0.0000000,0.0000,0.0000000,0.0000,0.0000000,0.0000,None,5
37.9290,42.7366,-42.7366,0.0000000,c12c(c3c(ccc(C)c3oc2C(NC1=O)=O)-c1ccc(F)cc1)F,0,,0.0000000,0.0000,0.0000000,0.0000,0.0000000,0.0000,0.0000000,0.0000,None,5
45.3231,46.8916,-46.8916,0.0000000,CC(OO)C(=O)C(=Cc1ccc([N+](=O)[O-])cc1[N+](=O)[O-])C(=O)OC(C)(C)C,1,c1ccccc1,0.0000000,0.0000,0.0000000,0.0000,0.0000000,0.0000,0.0000000,0.0000,"['[#8][#8]', 'C(=[O,S])[O,S]']",5
40.5998,44.5275,-44.5275,0.0000000,COCCN(CCCCN=C(NC(=O)OC(C)(C)C)C(=N)NC(=O)OC(C)(C)C)CCOC,1,,0.0000000,0.0000,0.0000000,0.0000,0.0000000,0.0000,0.0000000,0.0000,"['C(=[O,S])[O,S]']",5
52.1221,61.2095,-61.2095,0.0000000,COC(=O)CC12CCC(c3ccc(-c4nc5ccccc5s4)cc3)(CC1)c1cc(-c3ccc4nc5cc6ccccc6cc5cc4c3)ccc12,1,c1ccc2cc3nc4ccc(-c5ccc6c(c5)C5(c7ccc(-c8nc9ccccc9s8)cc7)CCC6CC5)cc4cc3cc2c1,0.0000000,0.0000,0.0000000,0.0000,0.0000000,0.0000,0.0000000,0.0000,"['C(=[O,S])[O,S]']",5
30.8894,34.9999,-34.9073,0.0007229,CCN1c2ccccc2N(CCO)C2(C)CCCCC12C,1,c1ccc2c(c1)NC1CCCCC1N2,0.0005031,317.5470,0.9230055,0.9230,0.4743706,3.7288,1.0000000,1.0000,[],5
49.3695,52.8562,46.5897,0.7769210,CC(C)CN(CC(C)C)S(=O)(=O)c1ccc(C=C2CC(C)c3cc(N4CCCC4)c([N+](=O)[O-])cc32)cc1,1,C(=C1CCc2cc(N3CCCC3)ccc21)c1ccccc1,0.8101034,415.7506,0.2739360,0.2739,0.5089791,3.3767,1.0000000,1.0000,[],5
37.9244,44.2275,-44.2275,0.0000000,c1cc2nc(n3c2c(cc(c3)-c2ccc(cc2)N(CC)CC)c1)C=Cc1n[nH]nn1,0,,0.0000000,0.0000,0.0000000,0.0000,0.0000000,0.0000,0.0000000,0.0000,None,5
33.6958,40.6980,73.7986,0.8945050,COc1ccc2nc3cc4ccc5ccccc5c4cc3c(-c3ccc(N(c4ccccc4)c4ccccc4)cc3)c2c1,1,c1ccc(N(c2ccccc2)c2ccc(-c3c4ccccc4nc4cc5ccc6ccccc6c5cc34)cc2)cc1,0.9528124,432.6295,0.1568273,0.1568,0.6069531,2.4965,1.0000000,1.0000,[],5
22.5666,24.4034,-24.4034,0.0000000,CCOC(=O)CCCCCCCCCCCCCC=C(C)C,1,,0.0000000,0.0000,0.0000000,0.0000,0.0000000,0.0000,0.0000000,0.0000,"['C(=[O,S])[O,S]']",6
48.6650,54.4689,-54.4311,0.0002950,CCc1ccc2c(c1)-c1cscc1C1(CC)c3ccc(C(CC)(CC)CC)cc3C(C)(C)C21,1,c1ccc2c(c1)CC1c3ccccc3-c3cscc3C21,0.0002024,307.6593,0.3462197,0.3462,0.4311701,4.2063,1.0000000,1.0000,[],6
54.6503,64.0380,38.9350,0.8044760,CCCCCCCCc1ccc(N(c2ccncc2)c2cc3c(cc2F)c2ccc(-c4sc(C=C(C#N)C=C(C#N)C#N)cc4CCCCCCCC)cc2n3C)cc1,1,c1ccc(N(c2ccncc2)c2ccc3c(c2)[nH]c2cc(-c4cccs4)ccc23)cc1,0.8923501,497.0370,0.0435413,0.0435,0.4643842,3.8352,1.0000000,1.0000,[],6
31.4045,33.0403,-32.6340,0.0031740,Cc1nc(N(C)CCO)c2scc(-c3ccccn3)c2n1,1,c1ccc(-c2csc3cncnc23)nc1,0.0023895,334.4837,0.8018284,0.8018,0.5682746,2.8258,1.0000000,1.0000,[],6
30.0529,32.0801,-32.0801,0.0000000,CCN(CC)c1cc(C)c(N=Nc2cccc(OC(C)=O)c2)cc1C,1,c1ccc(N=Nc2ccccc2)cc1,0.0000000,0.0000,0.0000000,0.0000,0.0000000,0.0000,0.0000000,0.0000,"['C(=[O,S])[O,S]']",6
43.9958,54.2313,-54.2313,0.0000000,Cc1nc2c(C#Cc3ccc(NC(=O)Cc4c[nH]c5ccccc45)cc3)c(C(C)(C)C)nn2c(C)c1C#N,1,O=C(Cc1c[nH]c2ccccc12)Nc1ccc(C#Cc2cnn3cccnc23)cc1,0.0000000,0.0000,0.0000000,0.0000,0.0000000,0.0000,0.0000000,0.0000,['C#C'],6
79.0563,82.1146,18.2943,0.7844443,CC=C(C)C12OC(=CC=C(C)C3=CC(C)(C)CC(=O)c4cc5cc(N)ccc5cc43)C1C(=O)c1cc(C)c(CC)cc12,1,O=C1CCC=C(C=CC=C2OC3c4ccccc4C(=O)C23)c2cc3ccccc3cc21,0.8246762,416.8111,0.2569968,0.2570,0.3888204,4.7232,1.0000000,1.0000,[],6
44.7247,45.8134,-45.8134,0.0000000,C=CCSC(=O)C1C(c2ccc(F)cc2)CCCN1C=C(C#N)C#N,1,c1ccc(C2CCCNC2)cc1,0.0000000,0.0000,0.0000000,0.0000,0.0000000,0.0000,0.0000000,0.0000,"['C(=[O,S])[O,S]']",6
35.5924,33.9708,-33.7957,0.0013680,COc1ccc(C2(CNCc3ccc(-c4nc(C)cs4)cc3)CCCC2)cc1,1,c1ccc(C2(CNCc3ccc(-c4nccs4)cc3)CCCC2)cc1,0.0009945,324.9506,0.5575300,0.5575,0.6295186,2.3140,1.0000000,1.0000,[],6
55.1397,58.8533,57.2512,0.9070662,[C-]#[N+]c1c(-c2c3ccccc3c(-c3nc(-c4ccccc4)c4ccccc4n3)c3ccccc23)c2c(c3c1c1ccccc1n3C)-c1ccccc1C2=O,1,O=C1c2ccccc2-c2c1c(-c1c3ccccc3c(-c3nc(-c4ccccc4)c4ccccc4n3)c3ccccc13)cc1c2[nH]c2ccccc21,0.9740518,439.3618,0.1371174,0.1371,0.5231963,3.2390,1.0000000,1.0000,[],6
42.1865,47.5652,-47.5652,0.0000000,N#Cc1cccc(NS(=O)(=O)c2ccc(-c3cccc4c3ccn4CCOC=O)cc2)c1,1,O=S(=O)(Nc1ccccc1)c1ccc(-c2cccc3[nH]ccc23)cc1,0.0000000,0.0000,0.0000000,0.0000,0.0000000,0.0000,0.0000000,0.0000,"['C(=[O,S])[O,S]']",6
41.9413,54.2695,30.3749,0.6612842,CCN(CC)c1ccc(C=Cc2ccc(-c3cc(-c4ccc(C=Cc5c(C)nn(-c6ccccc6)c5-c5ccccc5)s4)c4ccccc4n3)cc2)cc1,1,C(=Cc1ccc(-c2cc(-c3ccc(C=Cc4cnn(-c5ccccc5)c4-c4ccccc4)s3)c3ccccc3n2)cc1)c1ccccc1,0.7000823,409.2037,0.1248844,0.1249,0.5371111,3.1078,1.0000000,1.0000,[],6
25.1211,29.6480,-29.6480,0.0000000,N#Cc1ccc(C#Cc2ccc3cccnc3c2O)cc1,1,C(#Cc1ccc2cccnc2c1)c1ccccc1,0.0000000,0.0000,0.0000000,0.0000,0.0000000,0.0000,0.0000000,0.0000,['C#C'],6
47.1042,54.6212,-54.6212,0.0000000,CN(C)c1ccc(-c2ccc(NC3=CC(=CC=C4Cc5cc(-c6ccccc6)ccc5N4CCCCCC(=O)O)CC(=O)C3)cc2)cc1,1,O=C1CC(=CC=C2Cc3cc(-c4ccccc4)ccc3N2)C=C(Nc2ccc(-c3ccccc3)cc2)C1,0.0000000,0.0000,0.0000000,0.0000,0.0000000,0.0000,0.0000000,0.0000,"['C(=[O,S])[O,S]']",6
33.8999,39.0670,-39.0670,0.0000000,CCOC(=O)c1nc(-c2ccc(F)cc2)oc1-c1cc(=O)oc2cc(N(CC)CC)ccc12,1,O=c1cc(-c2cnc(-c3ccccc3)o2)c2ccccc2o1,0.0000000,0.0000,0.0000000,0.0000,0.0000000,0.0000,0.0000000,0.0000,"['C(=[O,S])[O,S]']",6
63.4460,63.6396,55.4550,0.9304265,Cc1cc(-c2ccc(C=C3Cc4cc(Cl)ccc4C3=O)s2)ccc1N=Nc1ccc(Cl)cc1C1=NC(C)(C)CO1,1,O=C1C(=Cc2ccc(-c3ccc(N=Nc4ccccc4C4=NCCO4)cc3)s2)Cc2ccccc21,0.9935937,454.7650,0.1726215,0.1726,0.5140933,3.3268,1.0000000,1.0000,[],6
23.2975,29.5211,-29.5211,0.0000000,c1ccc(cc1)-c1nc(-c2ccccc2)c2sc3ccccc3n2n1,0,,0.0000000,0.0000,0.0000000,0.0000,0.0000000,0.0000,0.0000000,0.0000,None,6
36.4456,41.1182,-40.8095,0.0024117,N#Cc1cccc2c1Sc1ccccc1C21C=Cc2c1sc1ccccc21,1,C1=CC2(c3ccccc3Sc3ccccc32)c2sc3ccccc3c21,0.0018477,331.6859,0.3436204,0.3436,0.4435907,4.0643,1.0000000,1.0000,[],6
37.2802,44.5142,-28.6444,0.1239833,Cc1cc(C)cc(-c2nnc(C=Cc3ccc4c(c3)C(=Cc3ccc(F)cc3)C(=O)N4)o2)c1,1,O=C1Nc2ccc(C=Cc3nnc(-c4ccccc4)o3)cc2C1=Cc1ccccc1,0.1157445,377.9231,0.3886221,0.3886,0.5855939,2.6756,1.0000000,1.0000,[],6
27.9808,31.4631,-31.4631,0.0000000,CCOC(=O)CCCCCn1c(C)cc2nc3ccccc3nc21,1,c1ccc2nc3[nH]ccc3nc2c1,0.0000000,0.0000,0.0000000,0.0000,0.0000000,0.0000,0.0000000,0.0000,"['C(=[O,S])[O,S]']",6
34.4358,35.5958,-35.1538,0.0034529,Cc1ccc(S(=O)(=O)Nc2ccccc2NC(=O)c2ccc(-c3cc4ccccc4s3)cc2)cc1,1,O=C(Nc1ccccc1NS(=O)(=O)c1ccccc1)c1ccc(-c2cc3ccccc3s2)cc1,0.0026955,335.7955,0.2665175,0.2665,0.6529735,2.1311,1.0000000,1.0000,[],6
26.0488,29.2574,-29.2574,0.0000000,Cc1c2ccccc2nc2cc(C(=O)O)cnc12,1,c1ccc2nc3cccnc3cc2c1,0.0000000,0.0000,0.0000000,0.0000,0.0000000,0.0000,0.0000000,0.0000,"['C(=[O,S])[O,S]']",6
75.6860,87.7575,-87.7575,0.0000000,c1c2c3cc(-c4cc(C)c(-c5sc(C)c(-c6cc7c(C(CCC7(C)C)(C)C)cc6)c6c5oc5c6sc6c5nccc6)c4)cc(c3n(c2ccc1-c1sc(C=C(C#N)C#N)cc1)CC)C#N,0,,0.0000000,0.0000,0.0000000,0.0000,0.0000000,0.0000,0.0000000,0.0000,None,6
77.8449,83.8585,-83.8585,0.0000000,C(=C(C(=O)O)C#N)=c1/c(c2c3c([nH]c2o1)c1c(c2c(cc(C)cc2)s1)c1c(cc(cc1)=C(C#N)C#N)=C3C)(C)C,0,,0.0000000,0.0000,0.0000000,0.0000,0.0000000,0.0000,0.0000000,0.0000,None,6
39.2987,50.8182,63.9060,0.8962827,CCCCCCc1cc(N(c2ccccc2)c2ccccc2)ccc1-c1nc2c(s1)c1sc(C=Cc3ccc(N(CCCCCC)CCCCCC)cc3)cc1n2CCCCCC,1,C(=Cc1cc2[nH]c3nc(-c4ccc(N(c5ccccc5)c5ccccc5)cc4)sc3c2s1)c1ccccc1,0.9959587,459.7931,0.0481218,0.0481,0.4811429,3.6580,1.0000000,1.0000,[],6
73.9807,80.6542,-80.6542,0.0000000,c1c([N+](=O)[O-])c2c(cc1)nc1c3C2(CC3)C=Cc1cc1N(CC)c2c(C(=O)c1c(c1c2cc(C=O)cc1)N(CC)CC)C,0,,0.0000000,0.0000,0.0000000,0.0000,0.0000000,0.0000,0.0000000,0.0000,None,6
29.8999,31.1405,-31.1405,0.0000000,O=C1N=C(C(=O)OCc2ccccc2)C(c2ccccc2)=C1Cl,1,O=C1C=C(c2ccccc2)C(C(=O)OCc2ccccc2)=N1,0.0000000,0.0000,0.0000000,0.0000,0.0000000,0.0000,0.0000000,0.0000,"['C(=[O,S])[O,S]']",6
29.5870,34.9907,-34.9907,0.0000000,Cc1cc2c(s1)C=Cc1ccc3c-2c1-c1ccccc1O3,1,C1=Cc2sccc2-c2c3ccc1c2-c1ccccc1O3,0.0000000,0.0000,0.3403891,0.3404,0.4512790,3.9783,1.0000000,1.0000,[],6
41.0696,51.3896,-45.2690,0.0478168,CCCN1c2ccc(-c3ccc4c(CC)cc(=O)oc4c3)cc2C(C)(C)c2ccc3ccccc3c21,1,O=c1ccc2ccc(-c3ccc4c(c3)Cc3ccc5ccccc5c3N4)cc2o1,0.0430669,366.3315,0.2458854,0.2459,0.5903560,2.6351,1.0000000,1.0000,[],6
35.0736,37.4489,-37.0918,0.0027897,CC(=O)N1c2ccccc2C=Cc2cc(CCCN3C(=O)c4ccccc4C3=O)ccc21,1,O=C1c2ccccc2C(=O)N1CCCc1ccc2c(c1)C=Cc1ccccc1N2,0.0021080,333.1198,0.5508937,0.5509,0.6058287,2.5058,1.0000000,1.0000,[],6
28.1715,36.6864,26.1364,0.4908027,CC(C)(C)c1cc(-c2cc(-c3ccc(C=C(C#N)C#N)s3)ccn2)cc(C(C)(C)C)c1,1,c1ccc(-c2cc(-c3cccs3)ccn2)cc1,0.4922843,399.6649,0.4080547,0.4081,0.5610609,2.8896,1.0000000,1.0000,[],6
24.4056,29.5581,-29.0129,0.0042590,c1ccc2c(c1)c1ccccc1n2-c1ccc(-n2c3ccccc3c3c(-n4c5ccccc5c5ccccc54)cccc32)cc1,1,c1ccc2c(c1)c1ccccc1n2-c1ccc(-n2c3ccccc3c3c(-n4c5ccccc5c5ccccc54)cccc32)cc1,0.0033932,338.3023,0.1996962,0.1997,0.6468161,2.1785,1.0000000,1.0000,[],6
34.8111,34.8539,-34.6222,0.0018097,CC1(C)c2ccccc2SC2=C(C(N)=O)CC(=O)N21,1,O=C1CC=C2Sc3ccccc3CN12,0.0013220,328.0453,0.8510924,0.8511,0.5329010,3.1471,1.0000000,1.0000,[],6
42.1782,54.9216,-46.5071,0.0657379,c1ccc(N(c2ccccc2)c2ccc(-c3ccc(-c4ccc(-c5nc(-c6ccc(-n7nc8ccccc8n7)cc6)oc5-c5ccccn5)cc4)c4cccnc34)cc2)cc1,1,c1ccc(N(c2ccccc2)c2ccc(-c3ccc(-c4ccc(-c5nc(-c6ccc(-n7nc8ccccc8n7)cc6)oc5-c5ccccn5)cc4)c4cccnc34)cc2)cc1,0.0613926,370.3908,0.1439877,0.1440,0.5221295,3.2492,1.0000000,1.0000,[],6
73.3996,91.2164,-91.2164,0.0000000,c1ccccc1N(c1ccc(cc1)C=Cc1c(c(cc2cc3N(CCC)C(CC(c3cc2c1)C)(C)C)C=C1C(N(CCCC)C(C(C#N)=C1C#N)=CC=Cc1ccc(cc1)N(c1ccccc1)c1ccc(cc1)OC)=O)CCC)c1ccccc1,0,,0.0000000,0.0000,0.0000000,0.0000,0.0000000,0.0000,0.0000000,0.0000,None,6
45.8110,52.0331,66.9909,0.9298748,c1coc(-c2oc(-c3ccc(N(c4ccc(-c5ccc6sc7ccccc7c6c5)cc4)c4ccc5c(ccc6ccccc65)c4)cc3)c3ccccc23)c1,1,c1coc(-c2oc(-c3ccc(N(c4ccc(-c5ccc6sc7ccccc7c6c5)cc4)c4ccc5c(ccc6ccccc65)c4)cc3)c3ccccc23)c1,0.9941497,455.7569,0.1610135,0.1610,0.5394726,3.0858,1.0000000,1.0000,[],6
33.2693,36.9200,-30.6418,0.0490481,Cn1nc(N)c2[nH]c3ccc(N4CCCCC4)cc3c2c1=O,1,O=c1[nH]ncc2[nH]c3ccc(N4CCCCC4)cc3c12,0.0427529,366.2485,0.7195906,0.7196,0.5951357,2.5948,1.0000000,1.0000,[],6
113.2133,117.1860,-117.1860,0.0000000,c1cccc(c1)C1=C(c2ccccc2)CC(C(=O)OCc2ccccc2)=C1C(=O)Oc1c2nc3c(cc2c2c(c4ccc5ccccc5c42)c1-c1ccccc1)C(Cc1ccccc1)c3cc1-c2c(C(c1nc1ccccc12)C=Cc1ccccc1)C(C)=O,0,,0.0000000,0.0000,0.0000000,0.0000,0.0000000,0.0000,0.0000000,0.0000,None,6
40.2328,45.4763,-45.1980,0.0021737,CNC1CC(Oc2ccc3c(-c4cccnc4)cc(=O)oc3c2)OC(CO)C1O,1,O=c1cc(-c2cccnc2)c2ccc(OC3CCCCO3)cc2o1,0.0016300,330.3224,0.5511529,0.5512,0.4669174,3.8080,1.0000000,1.0000,[],6
33.2563,34.4029,87.9160,0.9556164,COc1ccc(CN2C(=O)C(=Cc3c(O)c4ccccc4oc3=O)NC2=S)cc1,1,O=C1C(=Cc2cc3ccccc3oc2=O)NC(=S)N1Cc1ccccc1,0.9927348,453.3897,0.3896019,0.3896,0.6007157,2.5482,1.0000000,1.0000,[],6
64.2961,76.2353,-50.8299,0.1984799,CC1(C)c2ccc(C(=O)c3ccc(N4C5=C6C(CCC6C6(CCCC6)c6ccc(Br)cc65)c5cc(N(c6ccccc6)c6ccccc6)ccc54)cc3)cc2-c2ccc(N(c3ccccc3)c3ccccc3)cc21,1,O=C(c1ccc(N2C3=C4C(CCC4C4(CCCC4)c4ccccc43)c3cc(N(c4ccccc4)c4ccccc4)ccc32)cc1)c1ccc2c(c1)-c1ccc(N(c3ccccc3)c3ccccc3)cc1C2,0.1984532,384.8432,0.1346596,0.1347,0.3574416,5.1439,1.0000000,1.0000,[],6
68.4393,80.8165,-80.8165,0.0000000,C1CC(C=Cc2cc3c(n4CCCCCc4s3)c3c2c2ccccc2n3CC)=C2C(CC(C3CCCCN3C2)=Cc2ccc(N(CC)CC)cc2)=C1,0,,0.0000000,0.0000,0.0000000,0.0000,0.0000000,0.0000,0.0000000,0.0000,None,6
31.1674,34.4681,-9.9619,0.1914545,CCCCCCCCCCCCCCC1=CC(=Nc2ccc(N(CC)CC)cc2)CCC1,1,C1=CC(=Nc2ccccc2)CCC1,0.1861880,383.9857,0.2208833,0.2209,0.5812155,2.7132,1.0000000,1.0000,[],6
35.0042,40.3367,-40.3367,0.0000000,c1cccc2n3cnc(C#N)c3c(c3cnccc12)=N3,0,,0.0000000,0.0000,0.0000000,0.0000,0.0000000,0.0000,0.0000000,0.0000,None,6
38.3542,45.7050,-29.6458,0.1254625,CN(C)c1ccc2ccccc2c1C=Cc1ccc(C(N=Cc2ccc(N(c3ccccc3)c3ccccc3)cc2)c2ccccc2)cc1,1,C(=Cc1cccc2ccccc12)c1ccc(C(N=Cc2ccc(N(c3ccccc3)c3ccccc3)cc2)c2ccccc2)cc1,0.1223080,378.6028,0.1102228,0.1102,0.5107406,3.3595,1.0000000,1.0000,[],6
44.5811,53.3726,67.7767,0.9464783,CCc1c2cc3ccccc3cc2c(-c2cc3cc(OC)c(OC)cc3n2CC)n1CC,1,c1ccc2cc3c(-c4cc5ccccc5[nH]4)[nH]cc3cc2c1,0.9928079,453.5003,0.2913477,0.2913,0.5725541,2.7882,1.0000000,1.0000,[],6
28.3711,32.6153,-32.6153,0.0000000,c1c2c(cc3-n4c(sc5c4cccc5)-c3c2)ccc1,0,,0.0000000,0.0000,0.0000000,0.0000,0.0000000,0.0000,0.0000000,0.0000,None,6
36.2616,38.9792,-38.9220,0.0004467,CCCC1(c2ccc(C)cc2)c2cc(OC)ccc2-c2cc(C)c(C)cc21,1,c1ccc(C2c3ccccc3-c3ccccc32)cc1,0.0003078,312.2113,0.5030676,0.5031,0.5659891,2.8459,1.0000000,1.0000,[],6
65.7468,75.1839,-75.1839,0.0000000,n1c(C=Cc2ccc3c([n+]4c5-c(cc(CC)cc5)[n+]5c(c4n32)cccc5)C(=O)C)ccc(c1)-c1c(noc1C)C,0,,0.0000000,0.0000,0.0000000,0.0000,0.0000000,0.0000,0.0000000,0.0000,None,6
77.9368,86.8692,-86.8692,0.0000000,c12C(=O)OC3(c1c(c(-c1c4c(cccc4)c4n5ccccc5nc41)cc2)-c1cc2OCCOc2c(-c2ccccc2OC)c1C#N)C(N(Cc1ccccc1)c1ccccc31)=O,0,,0.0000000,0.0000,0.0000000,0.0000,0.0000000,0.0000,0.0000000,0.0000,None,6
35.5440,35.7589,-32.5850,0.0247960,COc1ccc(CN=Cc2cc3cc4c(cc3nc2OC)OCO4)cc1OC,1,C(=NCc1ccccc1)c1cnc2cc3c(cc2c1)OCO3,0.0209651,358.2675,0.6086132,0.6086,0.5908273,2.6312,1.0000000,1.0000,[],6
37.9220,39.4501,-39.4501,0.0000000,O=Cc1ccc(C=C(C(=O)O)C(=O)NCC(=O)O)cc1[N+](=O)[O-],1,c1ccccc1,0.0000000,0.0000,0.0000000,0.0000,0.0000000,0.0000,0.0000000,0.0000,"['C(=[O,S])[O,S]']",6
37.3748,44.5062,74.7008,0.9313044,CN(c1ccccc1)c1ccc(-c2nnc3c(n2)c2c(c4ccccc43)C=CC(C)(C)O2)cc1,1,C1=Cc2c(c3nc(-c4ccc(Nc5ccccc5)cc4)nnc3c3ccccc23)OC1,0.9769126,440.6620,0.2865828,0.2866,0.5630683,2.8718,1.0000000,1.0000,[],6
21.7407,27.5932,8.1521,0.2792599,CCN(CC)c1ccc(C=Cc2ccc(N(C)C)cc2)c(O)c1,1,C(=Cc1ccccc1)c1ccccc1,0.2655487,388.9545,0.7972147,0.7972,0.6327308,2.2886,1.0000000,1.0000,[],6
23.5501,27.5458,-27.3524,0.0015110,CCN1CCC(C)(C)c2cc3c(cc21)OCCO3,1,c1c2c(cc3c1OCCO3)NCCC2,0.0010945,325.9926,0.7612609,0.7613,0.5992692,2.5602,1.0000000,1.0000,[],6
29.5918,39.0400,-39.0400,0.0000000,N=c1ccc2c(-c3cc(N)cc(C(=O)O)c3)c3ccc(N4CCCCC4)cc3oc-2c1,1,N=c1ccc2c(-c3ccccc3)c3ccc(N4CCCCC4)cc3oc-2c1,0.0000000,0.0000,0.0000000,0.0000,0.0000000,0.0000,0.0000000,0.0000,"['C(=[O,S])[O,S]']",6
40.7256,51.0197,56.6419,0.8411058,C1=Cc2ccccc2N(c2cccc(-c3nc(-c4cccs4)c4nncn4n3)c2)c2ccccc21,1,C1=Cc2ccccc2N(c2cccc(-c3nc(-c4cccs4)c4nncn4n3)c2)c2ccccc21,0.8780609,421.4345,0.2820452,0.2820,0.5618677,2.8824,1.0000000,1.0000,[],6
30.3947,33.8510,-33.7221,0.0010072,Cc1ccc(-c2c(-c3ccc(-c4ccccc4)cc3)nc3ccccc3c2-c2ccncc2)cc1,1,c1ccc(-c2ccc(-c3nc4ccccc4c(-c4ccncc4)c3-c3ccccc3)cc2)cc1,0.0007365,321.6880,0.2697204,0.2697,0.6554173,2.1124,1.0000000,1.0000,[],6
18.2764,25.6043,32.7871,0.4561831,CCN(CC)c1ccc(C=Cc2cc3ccccc3s2)cc1,1,C(=Cc1cc2ccccc2s1)c1ccccc1,0.4499113,397.8174,0.5654346,0.5654,0.6380570,2.2466,1.0000000,1.0000,[],6
32.6714,35.8279,-34.2291,0.0124902,Cc1ccc(Cn2c(C=Cc3ccc(C#N)cc3)nc3cc(F)ccc32)cc1,1,C(=Cc1nc2ccccc2n1Cc1ccccc1)c1ccccc1,0.0102513,350.3813,0.4727872,0.4728,0.6375743,2.2504,1.0000000,1.0000,[],6
59.6702,65.5344,-65.5344,0.0000000,CCc1cc2c(=O)n(C)c3cc4c(cc3c2c2cc3ccc5c6ccc(c(cc12)c35)=CC=CC=6)C(C)(C)CCC4(C)C,1,O=c1[nH]c2cc3c(cc2c2c1ccc1cc4c5ccc(c6ccc(cc12)c64)=CC=CC=5)CCCC3,0.0000000,0.0000,0.0000000,0.0000,0.0000000,0.0000,0.0000000,0.0000,['[*;r{8-17}]'],6
21.7674,26.7776,86.1335,0.8821174,c1ccc2cc3cc4cc5occc5cc4cc3cc2c1,1,c1ccc2cc3cc4cc5occc5cc4cc3cc2c1,0.9171780,493.8923,0.3189441,0.3189,0.6370915,2.2542,1.0000000,1.0000,[],6
58.8717,65.9810,-65.9810,0.0000000,c12c3ccc(c2CC(N(CC)CC(CC)NC(CC)c2ccc4c5c2c(ccc5ccc4)C1=O)=O)ccc3,0,,0.0000000,0.0000,0.0000000,0.0000,0.0000000,0.0000,0.0000000,0.0000,None,6
36.0192,42.8524,16.4041,0.4629420,CCN(CC)c1ccc(N=c2c3cc4c(cc3c(-c3ccccc3)cn2C(C)C)OCCO4)cc1,1,c1ccc(N=c2[nH]cc(-c3ccccc3)c3cc4c(cc23)OCCO4)cc1,0.4666128,398.5479,0.3152191,0.3152,0.5662023,2.8440,1.0000000,1.0000,[],6
34.7572,37.2676,-30.5372,0.0525815,CC1(C)c2ccccc2Sc2ccc3c4ccccc4n(-c4nc(-c5ccccc5)c5ccccc5n4)c3c21,1,c1ccc(-c2nc(-n3c4ccccc4c4ccc5c(c43)Cc3ccccc3S5)nc3ccccc23)cc1,0.0477381,367.5027,0.2280793,0.2281,0.5733549,2.7813,1.0000000,1.0000,[],7
13.5917,19.6118,-19.5846,0.0002126,CC1(C)c2ccccc2-c2ccccc21,1,c1ccc2c(c1)Cc1ccccc1-2,0.0001395,303.6138,0.5944700,0.5945,0.7155370,1.6736,1.0000000,1.0000,[],7
56.0197,60.1825,-60.1825,0.0000000,CC1=CC(=Cc2cc3c(oc2=O)c(-c2ccc(C4CCCCC4)cc2)cc2c3oc3ccc4c(c32)CCCC4)OC1=O,1,O=C1C=CC(=Cc2cc3c(oc2=O)c(-c2ccc(C4CCCCC4)cc2)cc2c3oc3ccc4c(c32)CCCC4)O1,0.0000000,0.0000,0.0000000,0.0000,0.0000000,0.0000,0.0000000,0.0000,"['C(=[O,S])[O,S]']",7
32.8365,33.4194,-33.3740,0.0003547,CCC1(CC)CCCC12c1ccccc1-c1ccc(C)cc12,1,c1ccc2c(c1)-c1ccccc1C21CCCC1,0.0002408,309.5443,0.6127530,0.6128,0.4851840,3.6161,1.0000000,1.0000,[],7
54.9250,61.7929,-61.7929,0.0000000,c1c2oc3c(c4c(cc5-c6c(cc(-c7sc8c(cccc8)c7C(C)(C)C)cc6)C5(C)C)sc4-c4c3c2c(C(C)(C)C4)c1)-c1sc(C)cc1,0,,0.0000000,0.0000,0.0000000,0.0000,0.0000000,0.0000,0.0000000,0.0000,None,7
52.1758,62.5774,-60.1886,0.0186628,CCCn1c(-n2ccc(C=Cc3ccc(-c4cccs4)cn3)n2)nc2cc(S(=O)(=O)NCC)ccc21,1,C(=Cc1ccn(-c2nc3ccccc3[nH]2)n1)c1ccc(-c2cccs2)cn1,0.0159444,355.2397,0.2885436,0.2885,0.5428675,3.0544,1.0000000,1.0000,[],7
27.8211,33.8532,-28.4402,0.0422889,COc1ccc2cc(C(=C3c4ccccc4-c4ccccc43)c3ccc(Cl)cc3)ccc2c1,1,c1ccc(C(=C2c3ccccc3-c3ccccc32)c2ccc3ccccc3c2)cc1,0.0376840,364.8210,0.2656268,0.2656,0.6418638,2.2169,1.0000000,1.0000,[],7
67.0006,76.5814,-76.5814,0.0000000,N#CC1=C(N)Oc2c3c4c(oc(c3cc3c2c1-c1cc2ccccc2cc1)nc1ccccc31)nc1c4nc2cc([N+]#[C-])c(cc2c2ccccc21)C#N,0,,0.0000000,0.0000,0.0000000,0.0000,0.0000000,0.0000,0.0000000,0.0000,None,7
40.8136,42.3839,-42.3839,0.0000000,CCOC(=O)CC=Cc1c(-c2ccccc2)sc2ncn(CC(C)=O)c12,1,c1ccc(-c2cc3[nH]cnc3s2)cc1,0.0000000,0.0000,0.0000000,0.0000,0.0000000,0.0000,0.0000000,0.0000,"['C(=[O,S])[O,S]']",7
30.6638,30.5013,-30.5013,0.0000000,COc1ccc(C(C(=O)O)N2CCOCC2)c(C#N)c1,1,c1ccc(CN2CCOCC2)cc1,0.0000000,0.0000,0.0000000,0.0000,0.0000000,0.0000,0.0000000,0.0000,"['C(=[O,S])[O,S]']",7
43.8165,42.6275,-42.3894,0.0018601,CC(C)n1c(-c2ccn(CCCC(F)(F)F)c2)c(Cl)c2ncccc21,1,c1cnc2cc(-c3cc[nH]c3)[nH]c2c1,0.0013801,328.5130,0.5338909,0.5339,0.5490187,2.9981,1.0000000,1.0000,[],7
60.7966,72.8751,-72.8751,0.0000000,c12sc(C=c3s/c(cc3)=C3\C(N(C(S3)=S)CC(=O)O)=O)c3ccc(=[N+](CC)CC)cc2n(CC)c2c3ccc(c2)P(OCC)(=O)OCC,0,,0.0000000,0.0000,0.0000000,0.0000,0.0000000,0.0000,0.0000000,0.0000,None,7
58.1447,66.3422,-66.3422,0.0000000,Fc1ccc(cc1)CC(=O)N1CCC(c2cc3=C(c4sccc4)CC(c3nc2=O)O)C=1c1ccc(N(C)C)cc1,0,,0.0000000,0.0000,0.0000000,0.0000,0.0000000,0.0000,0.0000000,0.0000,None,7
63.3254,75.7445,-49.2558,0.2069424,CCCCC1(CCCC)c2ccccc2-c2cc(-c3nnc(-c4ccc(N(c5ccc(-c6ccc7cc(-c8cc(C=Cc9ccccc9)c9ccccc9n8)ccc7c6)cc5)c5ccc6c(c5)C(C)(C)c5ccccc5-6)cc4)o3)ccc21,1,C(=Cc1cc(-c2ccc3cc(-c4ccc(N(c5ccc(-c6nnc(-c7ccc8c(c7)-c7ccccc7C8)o6)cc5)c5ccc6c(c5)Cc5ccccc5-6)cc4)ccc3c2)nc2ccccc12)c1ccccc1,0.2082683,385.5011,0.1023932,0.1024,0.4389983,4.1163,1.0000000,1.0000,[],7
48.3885,50.1210,-50.0125,0.0008472,CC(C)(O)c1nc(SCc2ccc(F)cc2)n(-c2ccc(S(C)(=O)=S)cc2)n1,1,c1ccc(CSc2ncnn2-c2ccccc2)cc1,0.0006017,319.4910,0.5938369,0.5938,0.5223140,3.2474,1.0000000,1.0000,[],7
38.1397,47.1697,-47.1697,0.0000000,c1c(ccc2c1oc1-c(c2-c2ccc(cc2O)NC(=O)CC(C)(C)C)cc(=N)cc1)F,0,,0.0000000,0.0000,0.0000000,0.0000,0.0000000,0.0000,0.0000000,0.0000,None,7
27.0538,34.4928,49.5422,0.6565238,CCc1ccc(C=Cc2nc3ccc(N(CC)CC)cc3c(=O)[nH]2)cc1,1,O=c1[nH]c(C=Cc2ccccc2)nc2ccccc12,0.6556803,406.9933,0.7139686,0.7140,0.6153582,2.4278,1.0000000,1.0000,[],7
32.0883,41.3495,56.4976,0.7644305,CN(C)c1ccc(C=CC2=CC(=Cc3ccc(-n4c5ccccc5c5ccccc54)cc3)C(=O)c3ccccc32)cc1,1,O=C1C(=Cc2ccc(-n3c4ccccc4c4ccccc43)cc2)C=C(C=Cc2ccccc2)c2ccccc21,0.8018158,504.8249,0.2029271,0.2029,0.5785564,2.7361,1.0000000,1.0000,[],7
30.7167,31.4406,-31.1210,0.0024973,CCN(Cc1nnc2ccccn12)c1ccc(C(C)=O)cc1,1,c1ccc(NCc2nnc3ccccn23)cc1,0.0018618,331.7683,0.6788544,0.6789,0.6370913,2.2542,1.0000000,1.0000,[],7
17.4530,22.9890,40.8357,0.4986304,N#CC(C#N)=Cc1ccc(COc2ccccc2)o1,1,c1ccc(OCc2ccco2)cc1,0.4893165,399.5359,0.7804688,0.7805,0.6235720,2.3615,1.0000000,1.0000,[],7
47.6260,55.0400,-55.0400,0.0000000,C#Cc1ccc(N2CCN(C)c3cc(-c4sc(-c5nc6ccccc6o5)cc4C=O)ccc32)cc1,1,c1ccc(N2CCNc3cc(-c4ccc(-c5nc6ccccc6o5)s4)ccc32)cc1,0.0000000,0.0000,0.0000000,0.0000,0.0000000,0.0000,0.0000000,0.0000,['C#C'],7
37.6077,39.9642,-39.2871,0.0052894,CN(C)c1ccc(NC(=O)Nc2ccc(N3CCCOc4ccccc43)cc2)c2ccccc12,1,O=C(Nc1ccc(N2CCCOc3ccccc32)cc1)Nc1cccc2ccccc12,0.0041817,340.5792,0.3725523,0.3726,0.6304279,2.3068,1.0000000,1.0000,[],7
57.2871,64.3488,-64.3488,0.0000000,Brc1ccc2c(c1)c1cc(-c3ccccc3)cc(N=Cc3csc(-c4ccccc4)n3)c1n2CC(=NN=Cc1ccccc1)c1ccccc1,1,C(=NN=C(Cn1c2ccccc2c2cc(-c3ccccc3)cc(N=Cc3csc(-c4ccccc4)n3)c21)c1ccccc1)c1ccccc1,0.0000000,0.0000,0.0000000,0.0000,0.0000000,0.0000,0.0000000,0.0000,['[#7;!n][#7;!n]'],7
48.7847,53.7420,29.2343,0.6482519,C=CN1C=Cc2c(c3c4c(c(-c5cccs5)nc3n2-c2ccc(C#N)cc2)CCC4)C1,1,C1=Cc2c(c3c4c(c(-c5cccs5)nc3n2-c2ccccc2)CCC4)CN1,0.6613561,407.2673,0.4055633,0.4056,0.5063170,3.4030,1.0000000,1.0000,[],7
32.1460,35.0871,-35.0871,0.0000000,C1c2ccccc2SC2=C(c3ccccc3C(=O)C=2C1)C,0,,0.0000000,0.0000,0.0000000,0.0000,0.0000000,0.0000,0.0000000,0.0000,None,7
60.5251,63.3235,-63.3235,0.0000000,C=C1CC2C3=CCc4cc(OCCC5CCCNC5)c(O)cc4C3CCC2C1(O)C(=O)O,1,C=C1CC2CCC3C(=CCc4cc(OCCC5CCCNC5)ccc43)C2C1,0.0000000,0.0000,0.0000000,0.0000,0.0000000,0.0000,0.0000000,0.0000,"['C(=[O,S])[O,S]']",7
41.0092,48.1592,71.2558,0.9329291,Cn1c(=O)c(=Cc2cccc3ccccc23)c2ccccc2c1=CC=Cc1ccc(N(c2ccccc2)c2ccccc2)c2ccccc12,1,O=c1[nH]c(=CC=Cc2ccc(N(c3ccccc3)c3ccccc3)c3ccccc23)c2ccccc2c1=Cc1cccc2ccccc12,0.9934962,465.4000,0.1828347,0.1828,0.5419394,3.0630,1.0000000,1.0000,[],7
57.0694,66.4157,-66.4157,0.0000000,O(CCCN1C2CCCC2C2C1Oc1ccc(-c3cc4n(c5c(cc(cc5)C(C)C)c4cc3)-c3ccc(cc3C(F)(F)F)C(F)(F)F)cc2c1)C,0,,0.0000000,0.0000,0.0000000,0.0000,0.0000000,0.0000,0.0000000,0.0000,None,7
104.0110,109.7471,-109.7471,0.0000000,CC#Cc1ccc2c(c1C=Cc1ccc(N(C)C)cc1)-c1ccc(-c3cccc4c3c3c(C5CCCC5)c5cc(c6c7cccc(N)c7n(C7CCNC7)c6c54)C=C(N(C)C)C=C3C)cc1C2,1,C1=Cc2c(C3CCCC3)c3cc(c4c5ccccc5n(C5CCNC5)c4c3c3cccc(-c4ccc5c(c4)Cc4cccc(C=Cc6ccccc6)c4-5)c23)C=C1,0.0000000,0.0000,0.0000000,0.0000,0.0000000,0.0000,0.0000000,0.0000,"['[*;r{8-17}]', 'C#C']",7
27.5283,31.3546,-22.1510,0.0719031,C(=Cc1nc2ccccc2c2ccccc12)c1nc2ccccc2s1,1,C(=Cc1nc2ccccc2c2ccccc12)c1nc2ccccc2s1,0.0652724,371.1011,0.3597796,0.3598,0.6363251,2.2602,1.0000000,1.0000,[],7
23.5904,28.0192,-27.3322,0.0053665,CC(C)(C)c1ccc(-c2cnc3c(-c4ccccc4)nccn23)cc1,1,c1ccc(-c2nccn3c(-c4ccccc4)cnc23)cc1,0.0042055,340.6412,0.4958835,0.4959,0.6459574,2.1851,1.0000000,1.0000,[],7
44.4196,56.1469,65.2513,0.9484237,CCN(CC)c1ccc(-c2nc(C=Cc3ccc(C(F)(F)F)cn3)c(C#N)c3n[nH]nc23)c(OC)c1,1,C(=Cc1cc2n[nH]nc2c(-c2ccccc2)n1)c1ccccn1,0.9894179,470.7298,0.3710742,0.3711,0.5192658,3.2767,1.0000000,1.0000,[],7
29.1581,38.6420,-38.6420,0.0000000,CCCCN(CCCC)c1ccc(C#Cc2ccc(C(=O)C(OCC)OCC)s2)cc1,1,C(#Cc1cccs1)c1ccccc1,0.0000000,0.0000,0.0000000,0.0000,0.0000000,0.0000,0.0000000,0.0000,['C#C'],7
32.1708,38.8695,57.5598,0.7533538,COc1ccc(C=Cc2cc3c(s2)C=Cc2ccsc2S3)cc1,1,C(=Cc1cc2c(s1)C=Cc1ccsc1S2)c1ccccc1,0.7737487,413.3502,0.4085128,0.4085,0.5304504,3.1701,1.0000000,1.0000,[],7
44.1538,52.3289,57.0195,0.8542838,CCCC[n+]1ccsc1-c1ccc(N(c2ccccc2)c2ccc(C=C3C=Cc4ccccc4C3(CCCC)CCCC)cc2)cc1,1,C1=Cc2ccccc2CC1=Cc1ccc(N(c2ccccc2)c2ccc(-c3[nH+]ccs3)cc2)cc1,0.9217196,426.7737,0.1099005,0.1099,0.5013785,3.4520,1.0000000,1.0000,[],7
33.6670,34.9903,-33.7995,0.0093032,O=C(c1ccc2oc3ccccc3c(=O)c2c1)N1CCCC(F)(F)C1,1,O=C(c1ccc2oc3ccccc3c(=O)c2c1)N1CCCCC1,0.0074531,346.8897,0.6313493,0.6313,0.6239368,2.3585,1.0000000,1.0000,[],7
32.2506,35.0131,-35.0131,0.0000000,CCOC(=O)CCc1cc(-c2ccc(OC)cc2)c(OC)c2ccccc12,1,c1ccc(-c2ccc3ccccc3c2)cc1,0.0000000,0.0000,0.0000000,0.0000,0.0000000,0.0000,0.0000000,0.0000,"['C(=[O,S])[O,S]']",7
30.8846,29.9969,-29.9836,0.0001040,COC1(CCCCl)C=CC=CC1C,1,C1=CCCC=C1,0.0000663,295.5448,0.6339592,0.6340,0.4193336,4.3454,1.0000000,1.0000,[],7
71.1263,86.0883,-86.0883,0.0000000,c1(-c2[nH]c3c(n2)ccc(C3=Cc2[nH]c(c(CCCCCCCC)c2CCCCCC)-c2nc(CN(CC)CC)nc2C)-c2ccc(cc2)Cl)ccc(N(CC)CC)cc1,0,,0.0000000,0.0000,0.0000000,0.0000,0.0000000,0.0000,0.0000000,0.0000,None,7
60.1106,74.4818,-74.4818,0.0000000,c1c(cccc1F)N1C(=O)c2c(c3n(CCCC)c(c4c(-c5ccc(-c6ccc(N(CC)CC)cc6)cc5)ccc4c3n2)-c2ccc(cc2)N(CC)CC)C1,0,,0.0000000,0.0000,0.0000000,0.0000,0.0000000,0.0000,0.0000000,0.0000,None,7
52.1650,58.7802,-58.6405,0.0010917,CCCCCCn1c2c(c3c(-c4ccccc4)c(-c4ccccc4)c(-c4cccc(C(F)(F)F)c4C)c(-c4ccccc4)c31)CCCC2,1,c1ccc(-c2c(-c3ccccc3)c(-c3ccccc3)c3c4c([nH]c3c2-c2ccccc2)CCCC4)cc1,0.0008217,322.8768,0.1384749,0.1385,0.5555415,2.9391,1.0000000,1.0000,[],7
54.7489,59.7520,-59.7520,0.0000000,COC(=O)c1cc(-c2cc(Cl)cc(C(=O)O)c2)c2sc(N(C)c3nc(OC)nc(OC)n3)cn12,1,c1ccc(-c2ccn3cc(Nc4ncncn4)sc23)cc1,0.0000000,0.0000,0.0000000,0.0000,0.0000000,0.0000,0.0000000,0.0000,"['C(=[O,S])[O,S]']",7
33.9611,39.8086,-39.8086,0.0000000,C(\c1cc2c3c(-c4ccc(N(c5ccccc5)c5ccccc5)cc4)c4c(cccc4)c3ccc2cc1)=C/c1ccc(N(c2ccccc2)c2ccccc2)cc1,0,,0.0000000,0.0000,0.0000000,0.0000,0.0000000,0.0000,0.0000000,0.0000,None,7
26.8019,32.7632,-32.7136,0.0003875,CCCCCCCCCCCn1nc2c3ccccc3c3ccccc3c2n1,1,c1ccc2c(c1)c1ccccc1c1n[nH]nc21,0.0002716,310.8523,0.2160779,0.2161,0.6279829,2.3262,1.0000000,1.0000,[],7
36.5228,42.0134,-42.0134,0.0000000,O(c1cc2c(cc3c(N(c4ccc(C)cc4)C4C=CCCC=34)c2)cc1)C,0,,0.0000000,0.0000,0.0000000,0.0000,0.0000000,0.0000,0.0000000,0.0000,None,7
41.5159,46.6013,-46.6013,0.0000000,CCCCN1C(=CC(CC)=C2SC(=S)NC2=O)c2ccc(CCC)cc2S1(=O)=O,1,O=C1NC(=S)SC1=CC=C1NS(=O)(=O)c2ccccc21,0.0000000,0.0000,0.0000000,0.0000,0.0000000,0.0000,0.0000000,0.0000,"['C(=[O,S])[O,S]']",7
31.3475,35.8145,-35.7430,0.0005582,Cc1cc2cc(-c3ccccc3)c3ccccc3c2cc1C,1,c1ccc(-c2cc3ccccc3c3ccccc23)cc1,0.0003916,314.8247,0.3604840,0.3605,0.7029148,1.7626,1.0000000,1.0000,[],7
68.9947,74.4472,-74.4472,0.0000000,c12c(c3Sc4c(c(NC)cc(C#N)c4)-c4c3c3ccccc3n4[C@H]3C4[C@H]1C(CC4)CC3)cccc2,0,,0.0000000,0.0000,0.0000000,0.0000,0.0000000,0.0000,0.0000000,0.0000,None,7
21.5823,22.7879,-22.7879,0.0000000,CC#CC1OC=CO1,1,C1=COCO1,0.0000000,0.0000,0.0000000,0.0000,0.0000000,0.0000,0.0000000,0.0000,['C#C'],7
73.3370,82.8474,-82.8474,0.0000000,c12c(ccc3c2CCC[N+]=3CCCCCC(N=C2C(=C(C=C3CCCCC3C)C=C2)CCc2ccc(cc2)S(O)=O)=O)cc(cc1)N(C)C,0,,0.0000000,0.0000,0.0000000,0.0000,0.0000000,0.0000,0.0000000,0.0000,None,7
29.9612,33.0767,-33.0745,0.0000169,CCCCCCCCn1nnnc1N(CCN)Cc1ccccc1,1,c1ccc(CNc2nnn[nH]2)cc1,0.0000098,274.7275,0.6056759,0.6057,0.6112071,2.4616,1.0000000,1.0000,[],7
35.1906,44.7453,-2.7739,0.3279015,Cc1ccc(-c2oc3cc(C)ccc3c2-c2ccc(C=Cc3ccc(N(c4ccc(C)cc4)c4ccc(C)c(C)c4)cc3)cc2)cc1,1,C(=Cc1ccc(N(c2ccccc2)c2ccccc2)cc1)c1ccc(-c2c(-c3ccccc3)oc3ccccc23)cc1,0.3308724,392.3538,0.1671808,0.1672,0.5868308,2.6651,1.0000000,1.0000,[],7
69.4912,76.8159,17.4015,0.7360737,CCCCCCCCN1C(=O)C(C)=CC(=Cc2ccc(-c3ccc(-c4ccc(-c5ccc(-c6ccc(-c7sc(-c8ccc(-c9c%10ccccc%10c(-c%10ccccc%10)c%10ccccc9%10)s8)c8c7ccc7ccccc78)cc6)s5)s4)s3)s2)C1=O,1,O=C1C=CC(=Cc2ccc(-c3ccc(-c4ccc(-c5ccc(-c6ccc(-c7sc(-c8ccc(-c9c%10ccccc%10c(-c%10ccccc%10)c%10ccccc9%10)s8)c8c7ccc7ccccc78)cc6)s5)s4)s3)s2)C(=O)N1,0.8152955,503.8791,0.0418429,0.0418,0.4228323,4.3039,1.0000000,1.0000,[],7
24.3051,31.5890,-31.5890,0.0000000,CCN(CC)c1ccc(C=C(C)CC(=O)O)c(OC)c1,1,c1ccccc1,0.0000000,0.0000,0.0000000,0.0000,0.0000000,0.0000,0.0000000,0.0000,"['C(=[O,S])[O,S]']",7
50.9000,55.5900,-55.5900,0.0000000,CN(C)c1ccc(C=Cc2ccc(C=Cc3nnc4c(n3)[nH]c3c(NCCC(=O)O)ccc([N+](=O)[O-])c34)cc2)cc1,1,C(=Cc1ccc(C=Cc2nnc3c(n2)[nH]c2ccccc23)cc1)c1ccccc1,0.0000000,0.0000,0.0000000,0.0000,0.0000000,0.0000,0.0000000,0.0000,"['C(=[O,S])[O,S]']",7
40.5394,44.9628,-33.7971,0.0872318,Cc1ccc(-c2cc(=O)c3c(C)c4ccccc4c(-c4ccnc5ccccc45)c3o2)cc1,1,O=c1cc(-c2ccccc2)oc2c(-c3ccnc4ccccc34)c3ccccc3cc12,0.0807885,373.5984,0.2696358,0.2696,0.6144146,2.4354,1.0000000,1.0000,[],7
48.3215,53.1409,-53.1409,0.0000000,N#Cc1cccc(C#Cc2cc3c4c(ccc5c4c2C=CC5(O)c2ccccc2)Cc2ccccc2-3)c1,1,C(#Cc1cc2c3c(ccc4c3c1C=CC4c1ccccc1)Cc1ccccc1-2)c1ccccc1,0.0000000,0.0000,0.0000000,0.0000,0.0000000,0.0000,0.0000000,0.0000,['C#C'],7
24.1227,32.5607,86.8690,0.9330448,N#CC(C#N)=Cc1ccc(N(c2ccccc2)c2ccc(-c3ccc(-n4c5ccccc5c5ccccc54)cc3)cc2)cc1,1,c1ccc(N(c2ccccc2)c2ccc(-c3ccc(-n4c5ccccc5c5ccccc54)cc3)cc2)cc1,0.9905728,450.5376,0.1894877,0.1895,0.5944975,2.6002,1.0000000,1.0000,[],7
52.3961,52.4082,-40.7392,0.0911642,COc1ccc(C2(CN3C=C(c4cccnc4)N=CC3)CCN(Cc3ccc4ccccc4n3)CC2)cc1,1,C1=NC(c2cccnc2)=CN(CC2(c3ccccc3)CCN(Cc3ccc4ccccc4n3)CC2)C1,0.0843189,374.1045,0.3306737,0.3307,0.5378664,3.1007,1.0000000,1.0000,[],7
49.8640,64.4885,46.4596,0.8667822,CCCCCCCCC1(CCCCCCCC)c2ccccc2N(c2cc(F)cc(F)c2)c2ccc(-c3ccc4c5cc(C=C(C#N)C#N)ccc5c5nc6ccccc6n5c4c3)cc21,1,c1ccc(N2c3ccccc3Cc3cc(-c4ccc5c6ccccc6c6nc7ccccc7n6c5c4)ccc32)cc1,0.9595115,434.3680,0.0519539,0.0520,0.4728133,3.7453,1.0000000,1.0000,[],7
36.6358,40.1857,-40.1857,0.0000000,CCCCOc1ccc(C=CC(=O)OCc2cc3ccc2C=CC(=O)O3)cc1OC,1,O=C(C=Cc1ccccc1)OCc1cc2ccc1C=CC(=O)O2,0.0000000,0.0000,0.0000000,0.0000,0.0000000,0.0000,0.0000000,0.0000,"['[*;r{8-17}]', 'C(=[O,S])[O,S]']",7
27.4492,32.6032,-29.9507,0.0207223,C(=Cc1cccs1)c1ncc(-c2ncco2)cn1,1,C(=Cc1cccs1)c1ncc(-c2ncco2)cn1,0.0172880,356.1330,0.7196916,0.7197,0.5537173,2.9555,1.0000000,1.0000,[],7
25.3136,32.3708,-31.3439,0.0080232,COc1cc2oc(=O)cc(-c3ccc4oc(=O)ccc4c3)c2cc1OC,1,O=c1ccc2cc(-c3cc(=O)oc4ccccc34)ccc2o1,0.0064115,345.2439,0.5255576,0.5256,0.6392977,2.2369,1.0000000,1.0000,[],7
26.0425,32.5723,-32.5723,0.0000000,O=C(O)C=Cc1cc2ccccc2c2nc3ccccc3cc12,1,c1ccc2nc3c(ccc4ccccc43)cc2c1,0.0000000,0.0000,0.0000000,0.0000,0.0000000,0.0000,0.0000000,0.0000,"['C(=[O,S])[O,S]']",7
32.3676,36.1136,-34.3714,0.0136111,CN1C(=O)C(C)(C)c2cc(-c3cn[nH]c(=O)c3-c3ccccc3)ccc21,1,O=C1Cc2cc(-c3cn[nH]c(=O)c3-c3ccccc3)ccc2N1,0.0110580,351.2126,0.7743883,0.7744,0.6118403,2.4564,1.0000000,1.0000,[],8
37.5136,52.4630,-52.4630,0.0000000,N#CC(C#N)=Cc1ccc(-c2ccc(N3CCCCC3)c(OCCCC(=O)O)c2C=C2C(=O)c3ccccc3C2=O)s1,1,O=C1C(=Cc2cc(N3CCCCC3)ccc2-c2cccs2)C(=O)c2ccccc21,0.0000000,0.0000,0.0000000,0.0000,0.0000000,0.0000,0.0000000,0.0000,"['C(=[O,S])[O,S]']",8
58.1061,58.3514,26.3734,0.6619123,CCCCCNC([O-])c1c2c(nc3ccccc13)-c1cc(C(=O)N(C)C)cc([N+](=O)[O-])c1C2=O,1,O=C1c2ccccc2-c2nc3ccccc3cc21,0.6933522,408.8578,0.1846138,0.1846,0.4958125,3.5078,1.0000000,1.0000,[],8
41.4353,40.6206,-40.6203,0.0000023,CCCCCCC=CCCCCCCCCCCN1CCN(CCCCCCCCCCCCCC)C1CCCN(C)C,1,C1CNCN1,0.0000013,252.5506,0.0545449,0.0545,0.5247611,3.2241,1.0000000,1.0000,[],8
36.0699,38.3255,-38.3255,0.0000000,O=C1c2cc([N+](=O)[O-])ccc2C(=CC=NNc2ccc([N+](=O)[O-])cc2)N1c1ccccc1,1,O=C1c2ccccc2C(=CC=NNc2ccccc2)N1c1ccccc1,0.0000000,0.0000,0.0000000,0.0000,0.0000000,0.0000,0.0000000,0.0000,['[#7;!n][#7;!n]'],8
32.0004,43.6880,76.3500,0.9377969,CCCCN(c1ccc2c(c1)c1cc(C=C(C#N)C#N)ccc1n2CCCC)C1CCC1,1,c1ccc2c(c1)[nH]c1ccc(NC3CCC3)cc12,0.9784814,478.5565,0.3417038,0.3417,0.5671774,2.8354,1.0000000,1.0000,[],8
21.1712,21.8972,-21.8518,0.0003547,CC(=O)C1=CCc2ccccc21,1,C1=Cc2ccccc2C1,0.0002395,309.4867,0.6120621,0.6121,0.6244401,2.3545,1.0000000,1.0000,[],8
36.7703,50.3789,66.9062,0.9162895,Cc1cc(C=C(C#N)c2ccc(-c3ccc(C=O)s3)s2)ccc1C=Cc1ccc(N(c2ccccc2)c2ccccc2)cc1,1,C(=Cc1ccc(N(c2ccccc2)c2ccccc2)cc1)c1ccc(C=Cc2ccc(-c3cccs3)s2)cc1,0.9954914,461.4002,0.0936577,0.0937,0.5464368,3.0217,1.0000000,1.0000,[],8
37.8962,41.5456,-41.5456,0.0000000,COC(=O)c1c2cc(OC)c(OC)cc2cc2c(C(=O)OC(C)(C)C)c3ccccc3nc12,1,c1ccc2cc3nc4ccccc4cc3cc2c1,0.0000000,0.0000,0.0000000,0.0000,0.0000000,0.0000,0.0000000,0.0000,"['C(=[O,S])[O,S]']",8
69.3698,85.4678,-85.4678,0.0000000,CCCCCCCCCCCCN(CC)c1ccc(C=Cc2ccnc(C=Cc3ccc(-c4cc5c(s4)-c4ccc(C=C6N(CC(CC)CCCC)c7ccccc7C6(C)CC(=O)O)cc4C5(C)C)s3)c2)cc1,1,C(=Cc1ccnc(C=Cc2ccc(-c3cc4c(s3)-c3ccc(C=C5Cc6ccccc6N5)cc3C4)s2)c1)c1ccccc1,0.0000000,0.0000,0.0000000,0.0000,0.0000000,0.0000,0.0000000,0.0000,"['C(=[O,S])[O,S]']",8
48.4326,61.6507,2.0468,0.4976369,CCN(CC)c1ccc(C=Cc2ccnc(N=Cc3cccc(Cn4c5ccccc5c5cc(C#N)ccc54)c3)c2)c(C)c1,1,C(=Cc1ccnc(N=Cc2cccc(Cn3c4ccccc4c4ccccc43)c2)c1)c1ccccc1,0.5146441,400.6362,0.1620629,0.1621,0.5426493,3.0565,1.0000000,1.0000,[],8
26.8963,28.0184,-1.0164,0.2109528,Cc1cc[n+]([O-])c(C(=O)c2cccs2)c1,1,O=C(c1cccc[nH+]1)c1cccs1,0.2018722,385.0751,0.4397755,0.4398,0.5666113,2.8404,1.0000000,1.0000,[],8
48.7053,52.9402,-8.9049,0.3440256,CCc1ccc2ccccc2c1-c1c(-c2ccc(P(=O)(CC)CC)cc2)c2ccccc2c2c(CC)c3ccccc3n12,1,c1ccc(-c2c(-c3cccc4ccccc34)n3c4ccccc4cc3c3ccccc23)cc1,0.3483540,393.2002,0.1721570,0.1722,0.5366178,3.1123,1.0000000,1.0000,[],8
61.8980,66.6842,-66.6842,0.0000000,N(c1cccc(c1C)C)(c1cc2C(c3c(-c2cc1)ccc(N(c1ccc(cc1)-c1ccc(cc1)-n1c2ccccc2c2c1cccc2)c1ccc2c(c1)C(c1cc(CCCC)ccc-21)(CCCC)CCCC)cc3)=O)c1ccc(CCCC)cc1,0,,0.0000000,0.0000,0.0000000,0.0000,0.0000000,0.0000,0.0000000,0.0000,None,8
40.0601,49.9510,66.3236,0.9083948,CCc1ccc(N(c2ccc(C=C(c3ccccc3)c3ccccc3)cc2)c2ccc3c(c2)C(CC)(CC)c2cc(C=Cc4ccc(C=Cc5cc[n+](CC)cc5)cc4)ccc2-3)cc1,1,C(=Cc1ccc(C=Cc2ccc3c(c2)Cc2cc(N(c4ccccc4)c4ccc(C=C(c5ccccc5)c5ccccc5)cc4)ccc2-3)cc1)c1cc[nH+]cc1,0.9941882,464.1709,0.0782199,0.0782,0.4943066,3.5230,1.0000000,1.0000,[],8
73.4417,78.9003,-78.9003,0.0000000,O=C1/C(=C/c2cc3c(cc2)OCO3)SC(=S)N1CCCC(=O)Nc1ccc2c(=NC=c3c(=c2c([nH]c3)=O)C=Cc2ccc(S(O)(=O)=O)cc2)c1,0,,0.0000000,0.0000,0.0000000,0.0000,0.0000000,0.0000,0.0000000,0.0000,None,8
48.4674,49.1507,-49.1507,0.0000000,C(N1CCCC1(CO)CC)c1n2CCc3cccc(c32)cc1N,0,,0.0000000,0.0000,0.0000000,0.0000,0.0000000,0.0000,0.0000000,0.0000,None,8
51.1358,63.8913,-63.8913,0.0000000,Cc1sc(-c2ccccc2)c(C)c1C=CC(=Cc1ccc2c(c1)-c1ccccc1C1(c3ccccc3-c3ccccc31)c1cccn1-2)CC(=O)O,1,C(C=Cc1ccc2c(c1)-c1ccccc1C1(c3ccccc3-c3ccccc31)c1cccn1-2)=Cc1csc(-c2ccccc2)c1,0.0000000,0.0000,0.0000000,0.0000,0.0000000,0.0000,0.0000000,0.0000,"['C(=[O,S])[O,S]']",8
26.9195,29.4479,-29.0859,0.0028281,Cc1oc2c3ccccc3c3ccccc3c2c1N,1,c1ccc2c(c1)c1ccccc1c1occc21,0.0021478,333.3232,0.4600076,0.4600,0.6464410,2.1814,1.0000000,1.0000,[],8
60.3790,67.1561,-67.1561,0.0000000,C(C)CCn1c([n+](CCC)c2n(CCCC)c(C#N)c(C=Cc3ccc(cc3)Cl)c(c21)CCCCCCCCCCCC)CCCCCC,0,,0.0000000,0.0000,0.0000000,0.0000,0.0000000,0.0000,0.0000000,0.0000,None,8
49.9909,55.5894,57.5512,0.8839114,CCN1c2cc(C(C)=O)ccc2C2(C(=O)c3ccccc3C2=O)c2cc(CCc3nnc(C)o3)ccc21,1,O=C1c2ccccc2C(=O)C12c1ccccc1Nc1ccc(CCc3nnco3)cc12,0.9271940,427.6251,0.2796845,0.2797,0.5126599,3.3407,1.0000000,1.0000,[],8
33.0880,34.5974,8.0424,0.3331233,CC1(C)c2ccccc2-c2cc(-c3c4ccccc4cc4ccc(-c5ccccc5)nc34)ccc21,1,c1ccc(-c2ccc3cc4ccccc4c(-c4ccc5c(c4)-c4ccccc4C5)c3n2)cc1,0.3321481,392.4163,0.2412931,0.2413,0.6211146,2.3812,1.0000000,1.0000,[],8
56.2244,70.8024,-70.7831,0.0001510,N#CC(C#N)=CC1=C(c2ccccc2)C(=O)n2c1c1cc(-c3nc4ccccc4cc3C#N)ccc1c2-c1ccc(C=Cc2ccc(N(c3ccccc3)c3ccccc3)cc2)cc1,1,O=C1C(c2ccccc2)=Cc2c3cc(-c4ccc5ccccc5n4)ccc3c(-c3ccc(C=Cc4ccc(N(c5ccccc5)c5ccccc5)cc4)cc3)n21,0.0001037,619.6113,0.1059396,0.1059,0.4747612,3.7247,1.0000000,1.0000,[],8
33.2484,47.5428,-47.5428,0.0000000,c1c2OCCOc2cc2c(c3c(cc2c1)ccc(N(CC)CC)c3)-c1cc[n+](cc1)CC,0,,0.0000000,0.0000,0.0000000,0.0000,0.0000000,0.0000,0.0000000,0.0000,None,8
29.8090,36.8244,38.1522,0.5857552,COc1ccc(-c2c(Oc3ccccc3)c3cc4ccccc4cc3n2-c2ccc(OC)cc2)cc1,1,c1ccc(Oc2c(-c3ccccc3)n(-c3ccccc3)c3cc4ccccc4cc23)cc1,0.6011133,404.4527,0.2450631,0.2451,0.6330904,2.2857,1.0000000,1.0000,[],8
43.9993,43.5712,-33.3134,0.0801395,C=CCc1cccc(C=Cc2ncc([N+](=O)[O-])n2C2CCCCC2)c1,1,C(=Cc1nccn1C1CCCCC1)c1ccccc1,0.0730302,372.4109,0.4135644,0.4136,0.5638462,2.8649,1.0000000,1.0000,[],8
34.2558,42.7902,-42.7373,0.0004139,C=CCNC(=O)C(=O)N(CCCCCCCC)Cc1ccc(-c2nccs2)cc1,1,c1ccc(-c2nccs2)cc1,0.0002881,311.4929,0.3087597,0.3088,0.6045825,2.5161,1.0000000,1.0000,[],8
28.4507,34.4673,-34.4673,0.0000000,COC(=O)c1cccc2c1C(=O)c1ccccc1C2=Cc1ccc(N(C)C)cc1,1,O=C1c2ccccc2C(=Cc2ccccc2)c2ccccc21,0.0000000,0.0000,0.0000000,0.0000,0.0000000,0.0000,0.0000000,0.0000,"['C(=[O,S])[O,S]']",8
49.7206,52.6761,-52.6761,0.0000000,CC1(C)C=C(c2nc(C=C3CCCCC3(C#N)C#N)cs2)C(=O)N1C(=O)O,1,O=C1NCC=C1c1nc(C=C2CCCCC2)cs1,0.0000000,0.0000,0.0000000,0.0000,0.0000000,0.0000,0.0000000,0.0000,"['C(=[O,S])[O,S]']",8
62.0151,69.8026,-69.8026,0.0000000,c1cc2c3cc4ccc5c6c4c(cc(c6C(CC5)c3c3c4c2cccc4ccc3)C)c1Cc1c2ccccc2c2c(c3ccccc3c3ccccc32)n1,0,,0.0000000,0.0000,0.0000000,0.0000,0.0000000,0.0000,0.0000000,0.0000,None,8
71.8257,88.6276,-88.6276,0.0000000,CCCCN(CCCC)c1ccc(-c2cc(-c3ccc(-n4nc(-c5ccc(C#N)cc5)c(-c5ccc(C(C#N)=Cc6ccc(N(C)CCC(=O)O)cc6)cc5)n4)cc3)nc(-c3cccc(C=Cc4ccc(N(c5ccccc5)c5ccccc5)cc4)c3)c2)cc1,1,C(=Cc1ccc(-c2nn(-c3ccc(-c4cc(-c5ccccc5)cc(-c5cccc(C=Cc6ccc(N(c7ccccc7)c7ccccc7)cc6)c5)n4)cc3)nc2-c2ccccc2)cc1)c1ccccc1,0.0000000,0.0000,0.0000000,0.0000,0.0000000,0.0000,0.0000000,0.0000,"['C(=[O,S])[O,S]']",8
79.7883,88.5678,-88.5678,0.0000000,C#CC(=O)C(=Cc1cc(C#N)c(C#N)c(C=C(CCCCCCCCCC)c2ccc3c4c2cc2c(cccc32)=C(c2ccc(C=Cc3ccc(CCCC)cc3)cc2)C=C4)c1)C(=O)O,1,C1=Cc2c3cc4c(cccc4c2ccc3C=Cc2ccccc2)=C1c1ccc(C=Cc2ccccc2)cc1,0.0000000,0.0000,0.0000000,0.0000,0.0000000,0.0000,0.0000000,0.0000,"['[*;r{8-17}]', 'C#C', 'C(=[O,S])[O,S]']",8
52.6874,55.5520,-55.5520,0.0000000,c1c(-c2ccccc2)c2c3c4c(c5c6ccccc6n(c5ccc14)-c1ccccc1)ncc3c1c(cccc1)c2-c1c(cccc1-c1ccccc1)N,0,,0.0000000,0.0000,0.0000000,0.0000,0.0000000,0.0000,0.0000000,0.0000,None,8
34.1727,39.2059,-39.2059,0.0000000,CCOc1cc(N(CC)CC)ccc1-c1sc(-c2ccc(N(C)C)cc2)cc1C#Cc1ccccc1,1,C(#Cc1cc(-c2ccccc2)sc1-c1ccccc1)c1ccccc1,0.0000000,0.0000,0.0000000,0.0000,0.0000000,0.0000,0.0000000,0.0000,['C#C'],8
78.7097,86.8176,-86.8176,0.0000000,CCCCn1c2ccccc2c2ccc(-c3ccc(C#CC(=O)c4ccc5c(c4)-c4ccc(-c6cccc(C)c6)cc4C5(C)CCCOc4c(C=Cc5ccccc5)ccc5ccccc45)s3)cc21,1,O=C(C#Cc1ccc(-c2ccc3c(c2)[nH]c2ccccc23)s1)c1ccc2c(c1)-c1ccc(-c3ccccc3)cc1C2CCCOc1c(C=Cc2ccccc2)ccc2ccccc12,0.0000000,0.0000,0.0000000,0.0000,0.0000000,0.0000,0.0000000,0.0000,['C#C'],8
27.3973,27.3047,-27.3047,0.0000000,CCOC(=O)C(C#N)=Cc1cc(OC)c(OC)cc1OC,1,c1ccccc1,0.0000000,0.0000,0.0000000,0.0000,0.0000000,0.0000,0.0000000,0.0000,"['C(=[O,S])[O,S]']",8
55.5876,60.5163,-60.5163,0.0000000,c12OCCN3c2c(cc(C=CC=C=Cc2ccc4N(c5ccc(S(O)(=O)=O)cc5C(C)(C)c4c2)CC)c3)cc(c1)S(O)(=O)=O,0,,0.0000000,0.0000,0.0000000,0.0000,0.0000000,0.0000,0.0000000,0.0000,None,8
32.1936,29.8644,-29.7905,0.0005775,Cc1nn(Cc2ccccc2Cl)c2ccc(C(F)(F)F)nc12,1,c1ccc(Cn2ncc3ncccc32)cc1,0.0003984,315.0115,0.6961557,0.6962,0.6321896,2.2928,1.0000000,1.0000,[],8
25.3342,27.7312,-26.9524,0.0060843,CS(=O)(=O)Nc1ccc(C(=O)C#N)cc1,1,c1ccccc1,0.0047687,342.0119,0.6062714,0.6063,0.6495332,2.1575,1.0000000,1.0000,[],8
39.2463,46.4820,74.8950,0.9482576,CN(C)c1ccc2c(c1)c1nc3ccccc3nc1n2CC(O)COc1ccc2c(c1)oc1ccccc12,1,c1ccc2nc3c(nc2c1)c1ccccc1n3CCCOc1ccc2c(c1)oc1ccccc12,0.9956757,460.9448,0.2942602,0.2943,0.5402777,3.0784,1.0000000,1.0000,[],8
40.9945,49.6067,-19.2894,0.2368537,CCN(CC)c1cc(C(=O)N(C)CCNC)c2oc(=N)c3ccccc3c2c1,1,N=c1oc2ccccc2c2ccccc12,0.2256555,386.6128,0.6175895,0.6176,0.5614058,2.8866,1.0000000,1.0000,[],8
44.1600,47.6518,-47.6518,0.0000000,c1ccc2c3ccccc3nc3ncc4c5cc(c1)c(c1ccccc51)c4c32,1,c1ccc2c3ccccc3nc3ncc4c5cc(c1)c(c1ccccc51)c4c32,0.0000000,0.0000,0.0000000,0.0000,0.0000000,0.0000,0.0000000,0.0000,['[*;r{8-17}]'],8
70.0382,73.1388,-73.1388,0.0000000,c1c2c(ccc1)cc1c3c(ccc(c3)-c3ccc(c4c3c3ccccc3o4)Br)n3c1n2CC(C3=C(c1cn(C)c2c1cccc2)C)=O,0,,0.0000000,0.0000,0.0000000,0.0000,0.0000000,0.0000,0.0000000,0.0000,None,8
21.8640,25.2028,-24.0267,0.0091877,COc1ccc(NC(=O)C=Cc2ccc3c(c2)OCO3)cc1OC,1,O=C(C=Cc1ccc2c(c1)OCO2)Nc1ccccc1,0.0072742,346.6238,0.8550086,0.8550,0.6726021,1.9830,1.0000000,1.0000,[],8
35.5021,44.0412,-31.3177,0.0994018,COc1cccc(C=Cc2ccc(C=Cc3ccncc3)c(Sc3ccc(SC)cc3)c2)c1,1,C(=Cc1ccc(C=Cc2ccncc2)c(Sc2ccccc2)c1)c1ccccc1,0.0937647,375.3700,0.1918577,0.1919,0.5934392,2.6091,1.0000000,1.0000,[],8
47.5273,56.8666,-56.8666,0.0000000,c1cc2oc(nc2cc1C=Cc1cc(c(=C(C#N)C#N)cc1)Oc1ccc(C(F)(F)F)cc1)-c1ccc(cc1)OC,0,,0.0000000,0.0000,0.0000000,0.0000,0.0000000,0.0000,0.0000000,0.0000,None,8
82.2835,92.3940,-92.3940,0.0000000,c1(ccc(Br)cc1)N(C=C)c1cc(-c2sc(cc2C=C(C#N)C#N)C=C2C=C(C(=NC(C)=Cc3sc(cc3)-c3ccc(s3)C=C(C#N)C(O)=O)C=C2)C#N)nc(C(C)(C)C)s1,0,,0.0000000,0.0000,0.0000000,0.0000,0.0000000,0.0000,0.0000000,0.0000,None,8
29.5121,38.8457,-27.0457,0.0921876,CCN(CC)c1ccc(C=CN(c2ccccc2C)S(=O)(=O)c2ccc(OC)cc2)cc1,1,O=S(=O)(c1ccccc1)N(C=Cc1ccccc1)c1ccccc1,0.0844786,374.1270,0.4185809,0.4186,0.6032366,2.5272,1.0000000,1.0000,[],8
47.6117,47.4461,-47.1599,0.0022354,Cc1cc(NC(=O)N2CC(=Cc3ccc(Cl)cc3)S2(=O)=O)n(C(F)(F)F)n1,1,O=C(Nc1ccn[nH]1)N1CC(=Cc2ccccc2)S1(=O)=O,0.0016554,330.4906,0.8049757,0.8050,0.5146804,3.3210,1.0000000,1.0000,[],8
26.6055,28.0465,-16.5027,0.0901860,c1ccc2cc(-c3ccc(-c4c5ccccc5c(-c5cccc6ccccc56)c5ccccc45)cc3)ccc2c1,1,c1ccc2cc(-c3ccc(-c4c5ccccc5c(-c5cccc6ccccc56)c5ccccc45)cc3)ccc2c1,0.0841760,374.0844,0.2090473,0.2090,0.6763109,1.9555,1.0000000,1.0000,[],8
41.7680,51.9706,66.9504,0.9290703,CCOc1ccc(C=Nc2c(C#N)cc3nc4cc(C=O)ccc4nc3c2[N+](=O)[O-])cc1,1,C(=Nc1ccc2nc3ccccc3nc2c1)c1ccccc1,0.9957876,459.3410,0.1457619,0.1458,0.5546822,2.9468,1.0000000,1.0000,[],8
50.5240,60.2039,56.1828,0.9092710,CCN(CC)c1ccc(C=Cc2cccc(N=Nc3ccc4c(cc(C=CC=C5N(C)c6ccc(C)cc6C5(C)C)n4CC)c3C)c2)cc1,1,C(=Cc1cc2cc(N=Nc3cccc(C=Cc4ccccc4)c3)ccc2[nH]1)C=C1Cc2ccccc2N1,0.9839880,475.2864,0.1116802,0.1117,0.4962347,3.5035,1.0000000,1.0000,[],8
25.4033,27.9861,-27.7868,0.0015571,CCCCCCCCCCCC=Cc1ccc2c(c1)[nH]c1ccccc12,1,c1ccc2c(c1)[nH]c1ccccc12,0.0011574,326.5992,0.3359461,0.3359,0.6475872,2.1725,1.0000000,1.0000,[],8
55.7236,69.2148,-69.2148,0.0000000,CCCCCCCCCCc1cc(C=C(C#N)C(=O)O)sc1C=C(C=c1c(=C2C=CC(=[N+](CC)CC)C=C2)c2ccccc2n1C)c1ccc(N(CC)CCO)cc1,1,[N+]=C1C=CC(=c2c(=CC(=Cc3cccs3)c3ccccc3)[nH]c3ccccc23)C=C1,0.0000000,0.0000,0.0000000,0.0000,0.0000000,0.0000,0.0000000,0.0000,"['C(=[O,S])[O,S]']",8
36.5002,42.2689,-37.7534,0.0352778,C=CCCCC1(CCCCCC)c2ccccc2-c2ccc(-c3ccc(-c4ccc(C(C)(C)C)cc4)s3)cc21,1,c1ccc(-c2ccc(-c3ccc4c(c3)Cc3ccccc3-4)s2)cc1,0.0319571,362.9668,0.1330369,0.1330,0.5273882,3.1991,1.0000000,1.0000,[],8
30.6732,39.6832,-39.6832,0.0000000,n12nc(ccc2c2n(c3c(cccc3)c2c2ccccc12)-c1ccccc1)=O,0,,0.0000000,0.0000,0.0000000,0.0000,0.0000000,0.0000,0.0000000,0.0000,None,8
36.0960,40.6389,-40.6389,0.0000000,CCOC(=O)Cn1c2ccccc2c(=O)c2c3[nH]c4ccccc4c3cc(C(=O)OCC)c21,1,O=c1c2ccccc2[nH]c2ccc3c4ccccc4[nH]c3c12,0.0000000,0.0000,0.0000000,0.0000,0.0000000,0.0000,0.0000000,0.0000,"['C(=[O,S])[O,S]']",8
36.8774,41.4040,-41.4040,0.0000000,O=C1N(c2ccccc2)c2cc3sc4ccccc(c4=O)c3cc2C1(F)F,1,O=C1Cc2cc3c(cc2N1c1ccccc1)sc1ccccc3c1=O,0.0000000,0.0000,0.4567059,0.4567,0.5066885,3.3993,1.0000000,1.0000,[],8
28.2799,27.6324,-27.5904,0.0003282,O=c1oc2ccc(-c3ccco3)cc2n1-c1ccccc1,1,O=c1oc2ccc(-c3ccco3)cc2n1-c1ccccc1,0.0002212,308.6210,0.5589448,0.5589,0.6425423,2.2116,1.0000000,1.0000,[],8
39.5747,53.9232,46.1336,0.7816940,Cc1ccsc1C=Cc1ccc(-c2ccc(C(=O)C=Cc3ccc(-n4c5ccccc5c5ccccc54)nc3)cc2)s1,1,O=C(C=Cc1ccc(-n2c3ccccc3c3ccccc32)nc1)c1ccc(-c2ccc(C=Cc3cccs3)s2)cc1,0.8311186,417.3020,0.1392885,0.1393,0.5649002,2.8555,1.0000000,1.0000,[],8
30.2550,31.2039,-29.9231,0.0100063,Clc1cccc(Cl)c1C=C(C[n+]1ccccc1)c1ccccc1,1,C(=C(C[n+]1ccccc1)c1ccccc1)c1ccccc1,0.0081473,347.8642,0.4343958,0.4344,0.6075202,2.4918,1.0000000,1.0000,[],8
45.1570,47.9715,-47.9715,0.0000000,O=c1c2ccccc2c2cc3ccccc(cc12)c1ccc3c(C23CC4CC(CC2C4)c2ccccc2-c2ccccc23)c1,1,O=c1c2ccccc2c2cc3ccccc(cc12)c1ccc3c(C23CC4CC(CC2C4)c2ccccc2-c2ccccc23)c1,0.0000000,0.0000,0.0000000,0.0000,0.0000000,0.0000,0.0000000,0.0000,['[*;r{8-17}]'],8
35.4712,40.0404,-40.0404,0.0000000,Fc1ccc(cc1)-c1c2c(C(=O)N(CCN3CCCCC3)C2=O)oc2ccc(cc12)C(C)(C)C,0,,0.0000000,0.0000,0.0000000,0.0000,0.0000000,0.0000,0.0000000,0.0000,None,8
25.0701,31.6253,33.0357,0.5051638,CCN(CC)c1ccc2c(ccc3ccc(C=Nc4ccccc4)cc32)c1,1,C(=Nc1ccccc1)c1ccc2ccc3ccccc3c2c1,0.5115334,400.5010,0.2920956,0.2921,0.6335956,2.2817,1.0000000,1.0000,[],8
57.5168,66.3414,-66.3414,0.0000000,C(N(c1ccccc1)c1ccc(-c2sc3c(sc4cc5c(C(C=C5C=C)(C)C)n3)cc4c2)cc1)c1ccc(cc1)C=C,0,,0.0000000,0.0000,0.0000000,0.0000,0.0000000,0.0000,0.0000000,0.0000,None,9
40.9411,40.9815,-40.3161,0.0051979,C=C1CC(C)Cc2c1nc1cc(C)c(C)c(C)c1c2CC,1,C=C1CCCc2cc3ccccc3nc21,0.0040473,340.2232,0.6883214,0.6883,0.4945875,3.5202,1.0000000,1.0000,[],9
27.1708,34.0140,-24.1005,0.0774490,CN(c1ccc2c(c1)C(C)(C)c1ccc3ccccc3c1-2)C1CCCCC1,1,c1ccc2c3c(ccc2c1)Cc1cc(NC2CCCCC2)ccc1-3,0.0699649,371.9095,0.4822973,0.4823,0.6223336,2.3714,1.0000000,1.0000,[],9
37.4466,38.6653,-38.6653,0.0000000,O=C1c2c(C(=O)C=1NCCCCN1CCCCCC1)cc(cc2)C,0,,0.0000000,0.0000,0.0000000,0.0000,0.0000000,0.0000,0.0000000,0.0000,None,9
23.5350,26.3945,21.9030,0.3773242,O=C1c2ccccc2C(=O)c2cc(C(=O)N3CCCCC3)ccc21,1,O=C1c2ccccc2C(=O)c2cc(C(=O)N3CCCCC3)ccc21,0.3655297,394.0128,0.6924157,0.6924,0.6860464,1.8841,1.0000000,1.0000,[],9
57.6068,76.4287,-75.7744,0.0051118,CCCCCCn1c(C=Cc2ccc(N(CC)CC)cc2)nc2cc(C=CC3=NC(=Cc4cc(CC)c5c6ccccc6ccc5[n+]4CC)C(CC)(CC)C3)ccc21,1,C(=Cc1ccc2[nH]c(C=Cc3ccccc3)nc2c1)C1=NC(=Cc2ccc3c(ccc4ccccc43)[nH+]2)CC1,0.0043214,579.0624,0.0526117,0.0526,0.4518160,3.9724,1.0000000,1.0000,[],9
35.7685,44.5612,10.7370,0.4320177,COc1cc2c(ccc3ccc(C)cc32)cc1C=Cc1cnc2ccccc2n1,1,C(=Cc1cnc2ccccc2n1)c1ccc2c(ccc3ccccc32)c1,0.4319220,397.0249,0.3406497,0.3406,0.6235402,2.3617,1.0000000,1.0000,[],9
32.3963,33.3768,-6.2696,0.2117751,CC(C)c1ccc2c(c1)C(C)(C)c1cc(-c3c4ccccc4c(-c4ccccc4)c4ccccc34)ccc1-2,1,c1ccc(-c2c3ccccc3c(-c3ccc4c(c3)Cc3ccccc3-4)c3ccccc23)cc1,0.2068112,385.4049,0.2173039,0.2173,0.6285970,2.3213,1.0000000,1.0000,[],9
44.7043,49.1585,-49.1585,0.0000000,COC(=O)CCCCCCC[n+]1nnc2cc(C)cc3nc4ccccc4nc3c1-2,1,c1ccc2nc3c4[nH+]nnc-4cccc3nc2c1,0.0000000,0.0000,0.0000000,0.0000,0.0000000,0.0000,0.0000000,0.0000,"['C(=[O,S])[O,S]']",9
44.3390,45.0146,-35.5235,0.0741494,CCn1cc2c(O)cc3oc(-c4ccc(N(C)C)cc4)nc3c2c1C,1,c1ccc(-c2nc3c(ccc4c[nH]cc43)o2)cc1,0.0664999,371.3177,0.5966340,0.5966,0.5725915,2.7879,1.0000000,1.0000,[],9
56.6129,64.7504,-48.4060,0.1276902,COc1ccc(C)cc1N1CCCc2c1ccc(C(=O)c1ccc3c(c1)C(C)(C)c1ccccc1-3)c2-c1cc2ccccc2s1,1,O=C(c1ccc2c(c1)Cc1ccccc1-2)c1ccc2c(c1-c1cc3ccccc3s1)CCCN2c1ccccc1,0.1223994,378.6121,0.1831584,0.1832,0.5547813,2.9459,1.0000000,1.0000,[],9
35.9690,39.3256,30.7370,0.5473644,Cc1ccc(-c2ccc(C=C3NC(=O)NC3=O)c3ncccc23)s1,1,O=C1NC(=O)C(=Cc2ccc(-c3cccs3)c3cccnc23)N1,0.5463845,402.0203,0.5564630,0.5565,0.5814337,2.7113,1.0000000,1.0000,[],9
19.4567,24.2017,-21.3621,0.0221839,CCN(CC)c1c(C#N)ccc2ccccc12,1,c1ccc2ccccc2c1,0.0184543,356.8547,0.7967034,0.7967,0.6460596,2.1843,1.0000000,1.0000,[],9
37.3866,37.4300,-36.7078,0.0056422,COc1ccccc1C(=O)Nc1ccc(C(=N)N2c3ccccc3CC2C)cc1,1,N=C(c1ccc(NC(=O)c2ccccc2)cc1)N1CCc2ccccc21,0.0044387,341.2297,0.5042665,0.5043,0.5936944,2.6070,1.0000000,1.0000,[],9
58.9861,66.0366,-66.0366,0.0000000,C(c1ccc(-c2sc(-c3cc4c(-c5c(C4=C(C#N)C#N)c4c(cc5c4CCC=C2)CCC=C2OCC(C)(C)C=C2)cc3)C)cc1)CCC,0,,0.0000000,0.0000,0.0000000,0.0000,0.0000000,0.0000,0.0000000,0.0000,None,9
58.5579,68.6971,-68.6971,0.0000000,c12c(-c3cc(C)c(OC)c(c3)C=Cc3ccc(cc3)C)n3ccccc3[n+](c1cc(c(c2)=O)-c1ccc(cc1)F)C,0,,0.0000000,0.0000,0.0000000,0.0000,0.0000000,0.0000,0.0000000,0.0000,None,9
30.1719,35.1523,-29.9957,0.0402859,CCn1c2ccccc2c2c(-c3ccsc3C=O)cccc21,1,c1ccc2c(c1)[nH]c1cccc(-c3ccsc3)c12,0.0352033,364.0537,0.4672536,0.4673,0.6175301,2.4101,1.0000000,1.0000,[],9
23.5907,26.6154,-26.4477,0.0013100,COc1ccc2[nH]c(-c3ccc(Cl)cc3)c(C#N)c2c1,1,c1ccc(-c2cc3ccccc3[nH]2)cc1,0.0009400,324.3384,0.7586023,0.7586,0.6610073,2.0700,1.0000000,1.0000,[],9
34.7989,38.4383,5.6831,0.3446987,Cc1cc(C)c(S(=O)(=O)N(c2c3ccccc3cc3ccccc23)C(C)(C)C)c(C)c1,1,O=S(=O)(Nc1c2ccccc2cc2ccccc12)c1ccccc1,0.3411804,392.8554,0.3304542,0.3305,0.5978236,2.5723,1.0000000,1.0000,[],9
41.2023,42.5650,-41.3919,0.0091645,CNS(=O)(=O)c1cc(NC2C(=O)CCC2C(C)C)ccc1Cl,1,O=C1CCCC1Nc1ccccc1,0.0072960,346.6566,0.8606747,0.8607,0.5088570,3.3779,1.0000000,1.0000,[],9
26.1626,29.8765,-29.5662,0.0024241,CS(=O)(=O)c1ccc(C=CC(=O)c2ccccc2C#N)cc1,1,O=C(C=Cc1ccccc1)c1ccccc1,0.0018065,331.4406,0.6424935,0.6425,0.6538397,2.1245,1.0000000,1.0000,[],9
41.5973,47.5361,-47.0582,0.0037333,CCCCCCOc1cc(C=Cc2ccc(CCCC)cc2)cc(C=Cc2cccc(N(C)C)c2)c1,1,C(=Cc1cccc(C=Cc2ccccc2)c1)c1ccccc1,0.0029739,336.8654,0.1678802,0.1679,0.6087908,2.4814,1.0000000,1.0000,[],9
53.2361,64.4075,-63.4574,0.0074225,C1=Cc2ccccc2C(=Cc2ccc(C3(c4ccc5nc(NC6CCCCCC6)sc5c4)CCc4ccccc43)c3ccccc23)c2ccccc21,1,C1=Cc2ccccc2C(=Cc2ccc(C3(c4ccc5nc(NC6CCCCCC6)sc5c4)CCc4ccccc43)c3ccccc23)c2ccccc21,0.0061470,344.7836,0.1818739,0.1819,0.4746261,3.7261,1.0000000,1.0000,[],9
34.8033,40.5617,-26.5257,0.1096566,CCCC=Cc1ccc2c(=O)c3cc4c5ccccc5n(-c5ccccc5)c4cc3oc2c1,1,O=c1c2ccccc2oc2cc3c(cc12)c1ccccc1n3-c1ccccc1,0.1028335,376.4815,0.2674015,0.2674,0.6089833,2.4798,1.0000000,1.0000,[],9
66.5236,73.2822,41.9218,0.9000307,CSc1ccc(C(C(C#N)=C2SC(C)=C(C#N)S2)=c2sc3ccc(C)c(N(c4ccccc4)c4ccccc4)c3c2=C2C=CC(C)=C2)cc1,1,C1=CC(=c2c(=C(C=C3SC=CS3)c3ccccc3)sc3cccc(N(c4ccccc4)c4ccccc4)c23)C=C1,0.9705874,482.0374,0.1294688,0.1295,0.4575851,3.9090,1.0000000,1.0000,[],9
41.2833,44.6387,-44.6387,0.0000000,COc1cc(OC)cc(N2COc3ccc(C#Cc4cccc5c4OCO5)cc3C2)c1,1,C(#Cc1cccc2c1OCO2)c1ccc2c(c1)CN(c1ccccc1)CO2,0.0000000,0.0000,0.0000000,0.0000,0.0000000,0.0000,0.0000000,0.0000,['C#C'],9
48.0586,52.6035,-42.1564,0.0816179,Cc1cc(N(c2cccc(-c3ccc4c5ccccc5n(C)c4c3)c2)c2nc3ccccc3c3ccccc23)cc2oc3ccccc3c12,1,c1cc(-c2ccc3c(c2)[nH]c2ccccc23)cc(N(c2ccc3c(c2)oc2ccccc23)c2nc3ccccc3c3ccccc23)c1,0.0764354,372.9457,0.1816895,0.1817,0.5543514,2.9498,1.0000000,1.0000,[],9
26.2193,31.2721,93.8277,0.9773420,CCOc1cc(C=C(C#N)C#N)cc(Cl)c1N1CCCCC1,1,c1ccc(N2CCCCC2)cc1,0.9947250,463.1130,0.7826941,0.7827,0.5902649,2.6359,1.0000000,1.0000,[],9
53.0598,67.8944,-67.8944,0.0000000,N#CC(C#N)=Cc1ccc(-c2cc3ccc4c5ccc6ccc(cccc7n6-c6ccccc6-7)n6c7ccccc7c(-c7ccc(-c8nc9ccccc9s8)cc7)c6c5sc4c3s2)s1,1,c1csc(-c2cc3ccc4c5ccc6ccc(cccc7n6-c6ccccc6-7)n6c7ccccc7c(-c7ccc(-c8nc9ccccc9s8)cc7)c6c5sc4c3s2)c1,0.0000000,0.0000,0.0000000,0.0000,0.0000000,0.0000,0.0000000,0.0000,['[*;r{8-17}]'],9
45.8642,48.2039,-47.9044,0.0023398,CN(Cc1ccccc1)C(=O)c1ccc(C=Cc2cc(OCc3ccccc3)nc(CCc3ccccc3)n2)cc1,1,O=C(NCc1ccccc1)c1ccc(C=Cc2cc(OCc3ccccc3)nc(CCc3ccccc3)n2)cc1,0.0018157,331.4957,0.1769585,0.1770,0.6070559,2.4957,1.0000000,1.0000,[],9
20.0681,26.4117,-25.8363,0.0044953,CCn1c2ccccc2c2cc3c(cc21)Cc1ccccc1-3,1,c1ccc2c(c1)Cc1cc3[nH]c4ccccc4c3cc1-2,0.0035156,338.6882,0.3887352,0.3887,0.6586986,2.0874,1.0000000,1.0000,[],9
36.0319,38.0223,-34.7186,0.0258107,Oc1ccccc1-c1cc(-c2ccc3nc(-c4ccccc4)nc(-c4ccccc4)c3c2)c2ccccc2n1,1,c1ccc(-c2cc(-c3ccc4nc(-c5ccccc5)nc(-c5ccccc5)c4c3)c3ccccc3n2)cc1,0.0224300,359.0171,0.2624522,0.2625,0.6265512,2.3376,1.0000000,1.0000,[],9
47.2402,54.4556,-54.4556,0.0000000,C1(c2ccccc2-c2c2cccc1)c1[nH]c(-c2ccc(cc2)N(c2ccccc2)c2ccccc2)c2cc3c(cc21)CCCC3,0,,0.0000000,0.0000,0.0000000,0.0000,0.0000000,0.0000,0.0000000,0.0000,None,9
19.5356,24.1570,-20.2344,0.0306457,C(=Nc1nc2ccccc2s1)c1cccs1,1,C(=Nc1nc2ccccc2s1)c1cccs1,0.0261586,360.7281,0.6227177,0.6227,0.6171355,2.4133,1.0000000,1.0000,[],9
25.5256,30.5790,-30.2597,0.0024947,Cc1ccc(-c2nc3ccc(C)cn3c2-c2ccc(N(c3ccccc3)c3ccccc3)cc2)cc1,1,c1ccc(-c2nc3ccccn3c2-c2ccc(N(c3ccccc3)c3ccccc3)cc2)cc1,0.0019189,332.0972,0.2536020,0.2536,0.6305540,2.3058,1.0000000,1.0000,[],9
46.9815,56.9461,19.7195,0.5989500,CCN(CC)c1ccc(C=Cc2ccc3c(ccc4cc5c(cc43)N(c3ccc4c(c3)C(C)(C)c3ccccc3C=N4)CCC5)c2)cc1,1,C(=Cc1ccc2c(ccc3cc4c(cc32)N(c2ccc3c(c2)Cc2ccccc2C=N3)CCC4)c1)c1ccccc1,0.6294633,405.7535,0.1354399,0.1354,0.5257936,3.2142,1.0000000,1.0000,[],9
27.9244,30.5531,-30.4082,0.0011317,CCn1c2ccccc2c2cc(C(=O)NCCc3cccc4ccccc34)ccc21,1,O=C(NCCc1cccc2ccccc12)c1ccc2[nH]c3ccccc3c2c1,0.0008224,322.8855,0.3945191,0.3945,0.6715501,1.9908,1.0000000,1.0000,[],9
33.4931,46.0167,-30.2490,0.1231848,CCN(CC)c1ccc2c(=N)c3c(-c4ccc(N(C)C)c([N+](=O)[O-])c4)cc(-c4ccccc4)cc3oc2c1,1,N=c1c2ccccc2oc2cc(-c3ccccc3)cc(-c3ccccc3)c12,0.1187619,378.2396,0.1430409,0.1430,0.5591310,2.9069,1.0000000,1.0000,[],9
45.9282,51.6661,-7.9382,0.3416237,N#Cc1ccc2c(c1)C(=Nc1ccc(C#N)cc1-c1cccc3c1sc1ccccc13)c1ccc(-n3c4ccccc4c4ccccc43)cc1-2,1,c1ccc(-c2cccc3c2sc2ccccc23)c(N=C2c3ccccc3-c3cc(-n4c5ccccc5c5ccccc54)ccc32)c1,0.3447660,393.0282,0.1905926,0.1906,0.5306784,3.1680,1.0000000,1.0000,[],9
58.1205,67.9972,39.1901,0.8374013,CCCN1c2ccc(-n3c4ccccc4c4cc(C=C(C(C#N)=NO)c5ccc(N(c6ccc(OC)cc6)c6ccc(OC)cc6)cc5)ccc43)cc2C(C)(C)C1(C)C,1,C(=Cc1ccc2c(c1)c1ccccc1n2-c1ccc2c(c1)CCN2)c1ccc(N(c2ccccc2)c2ccccc2)cc1,0.9200201,426.5204,0.0608868,0.0609,0.4892420,3.5745,1.0000000,1.0000,[],9
37.4771,40.9641,-40.9641,0.0000000,COC(=O)c1ccc2c(-c3ccc(OC)c(N(C)C)c3)sc(C=O)c2c1,1,c1ccc(-c2scc3ccccc23)cc1,0.0000000,0.0000,0.0000000,0.0000,0.0000000,0.0000,0.0000000,0.0000,"['C(=[O,S])[O,S]']",9
25.2502,35.8853,63.3085,0.7749510,CCN(CC)c1ccc(C=Cc2cc(-c3ccc(Cl)cc3)nc3cc(C)ccc23)cc1,1,C(=Cc1cc(-c2ccccc2)nc2ccccc12)c1ccccc1,0.8010841,415.1252,0.3113717,0.3114,0.6296283,2.3131,1.0000000,1.0000,[],9
43.4532,47.4706,-47.4706,0.0000000,c1ccc2-c3cccc4c3c(cc3c4ccc4c3sc3ccc(cc34)C=Cc3ccc(C(F)(F)F)cc3)cc2c1,0,,0.0000000,0.0000,0.0000000,0.0000,0.0000000,0.0000,0.0000000,0.0000,None,9
29.5036,37.0981,-37.0981,0.0000000,COc1cc(C=Cc2ccc(N(C)C)cc2)c(OC)cc1C#Cc1ccc(Cl)cc1,1,C(#Cc1ccc(C=Cc2ccccc2)cc1)c1ccccc1,0.0000000,0.0000,0.0000000,0.0000,0.0000000,0.0000,0.0000000,0.0000,['C#C'],9
41.9712,44.5760,-44.3066,0.0021042,CC1(C)CCC(C)(C)c2cc3c(cc21)c1cc(C(C)(C)c2ccccc2)c2ccccc2c1n3-c1ccc2c(c1)C(C)(C)c1ccccc1-2,1,c1ccc(Cc2cc3c4cc5c(cc4n(-c4ccc6c(c4)Cc4ccccc4-6)c3c3ccccc23)CCCC5)cc1,0.0016271,330.3028,0.1816437,0.1816,0.5291681,3.1822,1.0000000,1.0000,[],9
47.7687,52.4888,29.1086,0.6374799,CCC=C(C#N)C1=C2C(c3ccc(C(C)(C)C)cc3)=CC=CC2C(=O)N1,1,O=C1NC=C2C(c3ccccc3)=CC=CC12,0.6368970,406.1010,0.8010302,0.8010,0.4726788,3.7467,1.0000000,1.0000,[],9
31.8015,36.9370,-36.9370,0.0000000,CCOC(=O)N=Cc1cccc(C=Nc2ccc(C#N)cc2)c1,1,C(=Nc1ccccc1)c1ccccc1,0.0000000,0.0000,0.0000000,0.0000,0.0000000,0.0000,0.0000000,0.0000,"['C(=[O,S])[O,S]']",9
52.6719,67.1068,-67.1068,0.0000000,COC(=O)c1cc(C=Cc2ccc3c4ccc(OCCCC(C)=O)cn4c-3cc2)nc2ccc(OC)cc12,1,C(=Cc1ccc2ccccc2n1)c1ccc2c3ccccn3c-2cc1,0.0000000,0.0000,0.0000000,0.0000,0.0000000,0.0000,0.0000000,0.0000,"['C(=[O,S])[O,S]']",9
39.6917,43.4764,-42.6332,0.0065876,O=c1cc(-n2cccc2)c2cccc(-c3cccc4ccnn34)c2o1,1,O=c1cc(-n2cccc2)c2cccc(-c3cccc4ccnn34)c2o1,0.0052445,343.0497,0.4621187,0.4621,0.5665699,2.8408,1.0000000,1.0000,[],9
26.4315,28.1889,-28.0660,0.0009601,O=S(=O)(Nc1ccccc1)c1ccc(Nc2nc3ccccc3s2)cc1,1,O=S(=O)(Nc1ccccc1)c1ccc(Nc2nc3ccccc3s2)cc1,0.0006853,320.9039,0.5188105,0.5188,0.6909046,1.8488,1.0000000,1.0000,[],9
35.9820,49.8651,-23.5098,0.2059009,CCCCN1c2ccc(-c3c4ccc(=N)cc-4oc4cc(N(C)CC)ccc34)cc2C2CCCC21,1,N=c1ccc2c(-c3ccc4c(c3)C3CCCC3N4)c3ccccc3oc-2c1,0.1998802,535.0596,0.3018026,0.3018,0.4750767,3.7214,1.0000000,1.0000,[],9
20.0780,25.6884,-25.4188,0.0021061,CCCn1c2ccccc2c2cccc(OCC)c21,1,c1ccc2c(c1)[nH]c1ccccc12,0.0015549,329.8094,0.6623030,0.6623,0.6870406,1.8768,1.0000000,1.0000,[],9
34.2760,44.9398,-44.9398,0.0000000,CCOC(=O)C1CCN(C(=O)c2cc(C=Cc3ccc(N(CCC#N)CCC#N)cc3)ccc2C#N)CC1,1,O=C(c1cccc(C=Cc2ccccc2)c1)N1CCCCC1,0.0000000,0.0000,0.0000000,0.0000,0.0000000,0.0000,0.0000000,0.0000,"['C(=[O,S])[O,S]']",9
21.6334,24.7102,-23.5660,0.0089388,O=[N+]([O-])c1ccc(C=Cc2ccccc2Br)cc1,1,C(=Cc1ccccc1)c1ccccc1,0.0071974,346.5079,0.4748732,0.4749,0.6808419,1.9221,1.0000000,1.0000,[],9
13.4795,15.9621,-15.9294,0.0002551,c1ccc2c(c1)oc1ccccc12,1,c1ccc2c(c1)oc1ccccc12,0.0001698,305.7483,0.4996349,0.4996,0.7423955,1.4894,1.0000000,1.0000,[],9
28.1884,37.2389,34.9471,0.5639526,N#CC(C#N)=CNc1ccc(C=Cc2nc3ccccc3cc2C#N)cc1,1,C(=Cc1ccc2ccccc2n1)c1ccccc1,0.5601162,402.6235,0.6946325,0.6946,0.5705383,2.8059,1.0000000,1.0000,[],9
39.9203,41.3795,58.5181,0.7804504,CCN(CC)CCN(CC)CCNC=C1C=CC2=CC=CCC2C1,1,C=C1C=CC2=CC=CCC2C1,0.7948369,414.7045,0.6180538,0.6181,0.4650712,3.8278,1.0000000,1.0000,[],9
19.5253,24.5029,72.1150,0.7548270,CN(C)c1cccc2c1C(=O)c1ccccc1C2=O,1,O=C1c2ccccc2C(=O)c2ccccc21,0.7596017,507.5086,0.6666275,0.6666,0.6740854,1.9720,1.0000000,1.0000,[],9
53.4848,57.4495,-56.7788,0.0052398,CC(C)(C)c1ccc(-c2ncccc2-c2nc(-c3ccc(-n4c5ccccc5c5c6c(c(C(C)(C)C)cc54)-c4ccccc4C6(C)C)cc3)n(-c3ccccc3)n2)cc1,1,c1ccc(-c2ncccc2-c2nc(-c3ccc(-n4c5ccccc5c5c6c(ccc54)-c4ccccc4C6)cc3)n(-c3ccccc3)n2)cc1,0.0042593,340.7798,0.1752061,0.1752,0.5092470,3.3741,1.0000000,1.0000,[],9
66.1040,70.6463,-70.6463,0.0000000,CCCCCCCCc1cc2c3cc(OC)c4ccccc4c3nc(-c3ccc(C(C)(C)C)cc3)c2c2c3nc4c(ccncc12)N4C=C3,1,C1=CN2c3ccncc4ccc5c6ccc7ccccc7c6nc(-c6ccccc6)c5c4c1nc32,0.0000000,0.0000,0.0000000,0.0000,0.0000000,0.0000,0.0000000,0.0000,['[*;r{8-17}]'],9
48.9408,56.7584,10.4528,0.5250873,CSc1ccc(-c2ccc(N)c3cc(C4=Cc5ccccc5C=C(C=Cc5ccc(N(c6ccccc6)c6ccccc6)cc5)C4)ccc23)cc1,1,C(=Cc1ccc(N(c2ccccc2)c2ccccc2)cc1)C1=Cc2ccccc2C=C(c2ccc3c(-c4ccccc4)cccc3c2)C1,0.5488015,402.1262,0.1284810,0.1285,0.5322214,3.1535,1.0000000,1.0000,[],9
38.3300,46.8065,-9.6018,0.2906622,N#CC(=Cc1ccc(N=[N+]=[N-])cc1)c1ccc(-n2cc(-c3cccc4ccccc34)c3ccccc32)cc1,1,C(=Cc1ccc(-n2cc(-c3cccc4ccccc34)c3ccccc32)cc1)c1ccccc1,0.2985697,390.7265,0.0783853,0.0784,0.5799630,2.7240,1.0000000,1.0000,[],9
43.7240,57.3366,-5.2695,0.4067740,CCN(CC)c1cc(C=CC(C#N)=Cc2nccs2)ccc1C=Cc1cc[n+](CCCS(=O)(=O)O)c(C)c1,1,C(C=Cc1nccs1)=Cc1ccc(C=Cc2cc[nH+]cc2)cc1,0.4196717,523.5191,0.1356135,0.1356,0.4797288,3.6727,1.0000000,1.0000,[],9
33.7604,37.1023,-37.1023,0.0000000,COC(=O)c1ccc(C=C2c3cc(N=O)ccc3-c3cc(OC)ccc32)cc1,1,C(=C1c2ccccc2-c2ccccc21)c1ccccc1,0.0000000,0.0000,0.0000000,0.0000,0.0000000,0.0000,0.0000000,0.0000,"['C(=[O,S])[O,S]']",9
25.1928,24.9518,-24.9518,0.0000000,CCCC=CCC1(C#N)CCCCC1,1,C1CCCCC1,0.0000000,202.7361,0.6106306,0.6106,0.5488772,2.9994,1.0000000,1.0000,[],10
23.0731,30.8945,-30.2302,0.0051895,COc1ccc2nc(Nc3ccc(N(c4ccccc4)c4ccccc4)cc3)sc2c1,1,c1ccc(N(c2ccccc2)c2ccc(Nc3nc4ccccc4s3)cc2)cc1,0.0041200,340.4172,0.3064110,0.3064,0.6592973,2.0829,1.0000000,1.0000,[],10
30.3131,29.2339,-28.5501,0.0053420,CCN(CC)C(=O)c1cc(N2CCCC2)ccc1OC,1,c1ccc(N2CCCC2)cc1,0.0041131,340.3990,0.8287642,0.8288,0.6828915,1.9071,1.0000000,1.0000,[],10
67.8953,69.8880,-69.8880,0.0000000,CCC[PH]1(C)c2ccc3c4ccccc4c4ccc(C)c1c4c3c2-c1nc2c3c(c4ccccc4c2o1)C=CCC3,1,C1=Cc2c(c3nc(-c4c5ccc6c7ccccc7c7cccc(c7c46)P5)oc3c3ccccc23)CC1,0.0000000,0.0000,0.1620757,0.1621,0.4071907,4.4924,1.0000000,1.0000,[],10
20.6659,33.7966,80.6506,0.8941192,N#CC(C#N)=Cc1ccc(-c2ccc(-c3ccc(C=Cc4ccc(N(c5ccccc5)c5ccccc5)cc4)s3)s2)s1,1,C(=Cc1ccc(-c2ccc(-c3cccs3)s2)s1)c1ccc(N(c2ccccc2)c2ccccc2)cc1,0.9530377,487.3160,0.1649576,0.1650,0.5444818,3.0396,1.0000000,1.0000,[],10
38.9721,55.1958,61.4363,0.9111887,COc1nc(-c2c3ccccc3c(C=Cc3ccc(N(c4ccccc4)c4ccccc4)cc3)c3ccc(C#N)cc23)sc1C=C(C#N)C#N,1,C(=Cc1c2ccccc2c(-c2nccs2)c2ccccc12)c1ccc(N(c2ccccc2)c2ccccc2)cc1,0.9916600,468.1201,0.0913133,0.0913,0.5156813,3.3113,1.0000000,1.0000,[],10
49.4374,59.7638,-59.7638,0.0000000,C1NC(CC1n1c2ccccc2c2c3c(c4cc5ccccc5cc4c3CC)c(=O)oc12)=O,0,,0.0000000,0.0000,0.0000000,0.0000,0.0000000,0.0000,0.0000000,0.0000,None,10
49.4323,62.3907,-52.7001,0.0757073,CCN(CC)c1ccc(-c2ccc3c(c2)C(c2ccc(N(c4ccc(-c5cc6ccccc6s5)cc4)c4cccc5ccccc45)cc2)C2CCCC2=N3)c(C)c1,1,c1ccc(-c2ccc3c(c2)C(c2ccc(N(c4ccc(-c5cc6ccccc6s5)cc4)c4cccc5ccccc45)cc2)C2CCCC2=N3)cc1,0.0714408,372.1534,0.1460015,0.1460,0.4445373,4.0536,1.0000000,1.0000,[],10
31.7309,45.5169,68.9800,0.8945074,N#CC(C#N)=Cc1ccc(-c2ccc(N(c3cc4ccccc4c4ccccc34)c3ccc4ccc5cccc6ccc3c4c56)cc2)s1,1,c1csc(-c2ccc(N(c3cc4ccccc4c4ccccc34)c3ccc4ccc5cccc6ccc3c4c56)cc2)c1,0.9584404,485.9276,0.1408807,0.1409,0.5389842,3.0903,1.0000000,1.0000,[],10
37.9680,48.9493,69.0392,0.9217851,CCN(CC)c1ccc(N=Nc2ccc3cc(CN(CCO)CCC=Cc4ccc(N(C)CCO)cc4)sc3c2)cc1,1,C(=Cc1ccccc1)CCNCc1cc2ccc(N=Nc3ccccc3)cc2s1,0.9915129,468.3116,0.1333264,0.1333,0.5247326,3.2243,1.0000000,1.0000,[],10
28.1442,32.4103,7.6794,0.3132010,CC=CC1=C(c2ccccc2)C(c2ccccc2)=C1c1ccccc1,1,C1=C(c2ccccc2)C(c2ccccc2)=C1c1ccccc1,0.3038148,390.9971,0.5051638,0.5052,0.6487675,2.1634,1.0000000,1.0000,[],10
18.1317,25.1941,-21.8541,0.0260937,CCN(CC)c1ccc(-c2cc3ccccc3s2)cc1,1,c1ccc(-c2cc3ccccc3s2)cc1,0.0220505,358.8275,0.6173740,0.6174,0.6739495,1.9730,1.0000000,1.0000,[],10
23.1657,29.5048,-15.9950,0.1055458,CCCCCCCCCCCCNC(=O)C=Cc1ccc(N(c2ccccc2)c2ccccc2)cc1,1,c1ccc(N(c2ccccc2)c2ccccc2)cc1,0.1002402,376.1729,0.1629404,0.1629,0.6375555,2.2506,1.0000000,1.0000,[],10
26.1186,35.1752,53.8535,0.6955370,Cc1ccc2c(C=Cc3ccc(C=Cc4ccc(N(C)C)cc4)cc3)c3ccccc3cc2c1,1,C(=Cc1ccc(C=Cc2c3ccccc3cc3ccccc23)cc1)c1ccccc1,0.7256823,410.5623,0.1954433,0.1954,0.6223339,2.3714,1.0000000,1.0000,[],10
52.8355,63.7220,55.8139,0.9338742,N#CC(C#N)=Cc1cccc2c3c(c4nonc4c12)C(c1ccccc1)=CC=CC3=Cc1c(O)ccc2ccccc12,1,C1=CC(=Cc2cccc3ccccc23)c2c(c3nonc3c3ccccc23)C(c2ccccc2)=C1,0.9894353,449.2882,0.2267405,0.2267,0.5014477,3.4513,1.0000000,1.0000,[],10
42.4630,49.2469,-49.2469,0.0000000,CCCCC(=Cc1ccc(N2CCCC2)cc1)C1C(=O)OC(C)=CC1(C)C,1,O=C1OC=CCC1C=Cc1ccc(N2CCCC2)cc1,0.0000000,0.0000,0.0000000,0.0000,0.0000000,0.0000,0.0000000,0.0000,"['C(=[O,S])[O,S]']",10
37.8210,45.5116,52.6527,0.7669092,CSc1ccc2c(c1)SC(=C=Cc1ccc(C=C3c4ccccc4-c4ccccc43)s1)c1ccccc1-2,1,C(=Cc1ccc(C=C2c3ccccc3-c3ccccc32)s1)=C1Sc2ccccc2-c2ccccc21,0.8112160,415.8293,0.1661121,0.1661,0.5279725,3.1936,1.0000000,1.0000,[],10
29.2710,32.9188,27.3400,0.4707719,S=c1[nH]c2ccccc2c2c1C1CCCCCN21,1,S=c1[nH]c2ccccc2c2c1C1CCCCCN21,0.4633690,398.4063,0.7073282,0.7073,0.5427062,3.0559,1.0000000,1.0000,[],10
60.5379,76.9693,33.9226,0.8663435,CCC=Cc1c(C=C(C#N)C#N)cc(C=Cc2ccc(N(c3ccc(C=Cc4cccc(-n5c6ccccc6c6ccccc65)c4)cc3)c3ccc4c(c3)c3ccccc3n4CC)cc2)c(CCC)c1CCCCCCCC,1,C(=Cc1ccc(N(c2ccc(C=Cc3cccc(-n4c5ccccc5c5ccccc54)c3)cc2)c2ccc3[nH]c4ccccc4c3c2)cc1)c1ccccc1,0.9682201,437.0956,0.0409295,0.0409,0.4292218,4.2289,1.0000000,1.0000,[],10
32.2142,39.8593,-25.8755,0.1092489,Nc1ccccc1Nc1ccc(C=Cc2cc(C=Cc3ccccn3)ccn2)cc1,1,C(=Cc1cc(C=Cc2ccccn2)ccn1)c1ccc(Nc2ccccc2)cc1,0.1012389,376.2926,0.3880004,0.3880,0.6075948,2.4912,1.0000000,1.0000,[],10
66.0615,77.2793,40.0937,0.9169766,Cc1nncc2c1N(c1ccc(-n3c4ccccc4c4ccc(-c5ccc(C=C6C(=O)C(c7ccc(-c8ccccc8)cc7)=C6C#N)cc5)cc43)cc1)c1ccccc1C=C2,1,O=C1C(=Cc2ccc(-c3ccc4c5ccccc5n(-c5ccc(N6c7ccccc7C=Cc7cnncc76)cc5)c4c3)cc2)C=C1c1ccc(-c2ccccc2)cc1,0.9824372,443.6928,0.1570783,0.1571,0.4889455,3.5775,1.0000000,1.0000,[],10
28.2650,35.1721,86.6850,0.9520089,CC(C)n1c(C#N)c(-c2ccc(Cl)cc2)c(=O)c2nc3ccccc3nc21,1,O=c1c(-c2ccccc2)c[nH]c2nc3ccccc3nc12,0.9829087,443.9934,0.4758585,0.4759,0.5908240,2.6312,1.0000000,1.0000,[],10
16.6002,26.8178,94.0891,0.9445852,N#CC(C#N)=Cc1ccc(C=Cc2ccc(N(c3ccccc3)c3ccccc3)cc2)cc1,1,C(=Cc1ccc(N(c2ccccc2)c2ccccc2)cc1)c1ccccc1,0.9956388,458.9623,0.2351502,0.2352,0.6240260,2.3578,1.0000000,1.0000,[],10
20.9140,26.1777,-26.1346,0.0003374,CCCCCCC1(O)c2ccccc2-c2ccccc21,1,c1ccc2c(c1)Cc1ccccc1-2,0.0002254,308.8260,0.7651513,0.7652,0.6592246,2.0835,1.0000000,1.0000,[],10
50.5353,58.6613,-58.6613,0.0000000,COC(=O)c1cnc(Nc2cc3nc4ccc(=O)oc4nc3cc2N2CCCC2)[nH]c1=O,1,O=c1ccnc(Nc2cc3nc4ccc(=O)oc4nc3cc2N2CCCC2)[nH]1,0.0000000,0.0000,0.0000000,0.0000,0.0000000,0.0000,0.0000000,0.0000,"['C(=[O,S])[O,S]']",10
30.9324,36.0278,-36.0278,0.0000000,O=C(O)c1ccccc1-c1nnc(-c2ccc(-n3nnc4ccccc43)cc2)s1,1,c1ccc(-c2nnc(-c3ccc(-n4nnc5ccccc54)cc3)s2)cc1,0.0000000,0.0000,0.0000000,0.0000,0.0000000,0.0000,0.0000000,0.0000,"['C(=[O,S])[O,S]']",10
31.8323,33.5804,16.5636,0.3917502,COc1ccc2cc3c4ccccc4n(OC)c3c(O)c2c1,1,c1ccc2cc3c(cc2c1)[nH]c1ccccc13,0.3826189,394.8053,0.6123172,0.6123,0.6145939,2.4340,1.0000000,1.0000,[],10
26.5821,30.3579,-18.4799,0.0927968,CN1c2ccccc2Sc2cc3c(cc21)C(C)(C)c1cc(N(c2ccccc2)c2ccccc2)ccc1-3,1,c1ccc(N(c2ccccc2)c2ccc3c(c2)Cc2cc4c(cc2-3)Sc2ccccc2N4)cc1,0.0865564,374.4154,0.2453968,0.2454,0.5890270,2.6464,1.0000000,1.0000,[],10
42.8437,53.7559,-53.7559,0.0000000,N#CC(C#Cc1ccccc1)=C1Nc2ccccc2-c2c3c(cc(Nc4ccccc4)c21)OCCO3,1,C(#Cc1ccccc1)C=C1Nc2ccccc2-c2c3c(cc(Nc4ccccc4)c21)OCCO3,0.0000000,0.0000,0.0000000,0.0000,0.0000000,0.0000,0.0000000,0.0000,['C#C'],10
39.8193,46.9569,-2.2019,0.3496486,N#Cc1ccc(COc2ccc3c4cc(N(c5ccccc5)c5ccccc5)ccc4c4cccc5ccc2c3c54)cc1,1,c1ccc(COc2ccc3c4cc(N(c5ccccc5)c5ccccc5)ccc4c4cccc5ccc2c3c54)cc1,0.3548927,393.5116,0.1525876,0.1526,0.5979993,2.5708,1.0000000,1.0000,[],10
52.9375,56.4324,-56.4324,0.0000000,c1(Nc2c3ccccc3c(-c3ccc4c(c(n5c4CCC5(C)C)=O)n3)cc2)c(cc(cc1)C(=O)C)OC,0,,0.0000000,0.0000,0.0000000,0.0000,0.0000000,0.0000,0.0000000,0.0000,None,10
38.8463,40.2926,-39.1731,0.0087465,COc1ccc(C(=CC(=O)Nc2ccc3oc(=O)cc(C)c3c2)C(N)=O)cc1,1,O=C(C=Cc1ccccc1)Nc1ccc2oc(=O)ccc2c1,0.0070260,346.2443,0.5235504,0.5236,0.6231782,2.3646,1.0000000,1.0000,[],10
42.9045,45.3946,-45.3946,0.0000000,COc1ccc2c(O)c3ccccc3c3c2c1-c1ccc(OC=O)cc1C3=O,1,O=C1c2ccccc2-c2cccc3cc4ccccc4c1c23,0.0000000,0.0000,0.0000000,0.0000,0.0000000,0.0000,0.0000000,0.0000,"['C(=[O,S])[O,S]']",10
32.9048,46.0823,71.6709,0.9199466,N#CC(C#N)=Cc1ccc(N(c2ccccc2)c2ccc3nc4cc(-c5ccccc5)c(-c5ccccc5)c(-c5ccccc5)c4nc3c2)cc1,1,c1ccc(-c2cc3nc4ccc(N(c5ccccc5)c5ccccc5)cc4nc3c(-c3ccccc3)c2-c2ccccc2)cc1,0.9901503,469.9430,0.1265671,0.1266,0.5480815,3.0067,1.0000000,1.0000,[],10
22.0237,32.9203,83.7968,0.9118530,C=C(C#N)CC(=O)C=Cc1ccc(N(CC)CC)cc1,1,c1ccccc1,0.9347084,428.8955,0.5604923,0.5605,0.5838064,2.6909,1.0000000,1.0000,[],10
33.6465,35.7928,-11.7587,0.1877663,C1=Cc2c(c3c(n2-c2ccc(-c4ccccc4)cn2)C=CC(c2ccccc2)C3)CC1,1,C1=Cc2c(c3c(n2-c2ccc(-c4ccccc4)cn2)C=CC(c2ccccc2)C3)CC1,0.1799602,383.5335,0.3675515,0.3676,0.5152627,3.3154,1.0000000,1.0000,[],10
34.7839,33.0402,-32.9355,0.0008179,O=c1[nH]c(=S)n(CCO)cc1CCc1ccccc1,1,O=c1[nH]c(=S)[nH]cc1CCc1ccccc1,0.0005717,318.9356,0.8169915,0.8170,0.6310693,2.3017,1.0000000,1.0000,[],10
34.4346,38.3164,-0.1336,0.2983026,CCc1cc(-c2ccc3cc(N(C)C)ccc3c2)cc2nccnc12,1,c1ccc2cc(-c3ccc4nccnc4c3)ccc2c1,0.2884626,390.1973,0.5253579,0.5254,0.6279410,2.3265,1.0000000,1.0000,[],10
21.7776,22.3593,-22.3593,0.0000000,COCC1CCCCCC1,1,C1CCCCCC1,0.0000000,178.4998,0.5384040,0.5384,0.7033714,1.7594,1.0000000,1.0000,[],10
60.5190,62.8136,-62.8136,0.0000000,c1cc(ccc1C)/C=N\Nc1nc2c(c3c(cc4c-3cccc4)s2)c2c1cc(C(C)=C)cc2,0,,0.0000000,0.0000,0.0000000,0.0000,0.0000000,0.0000,0.0000000,0.0000,None,10
39.1692,43.6210,-40.8595,0.0215746,Cn1c(C(N)=O)c(CCCCCCCCCCO)c(=N)c2ccccc21,1,N=c1cc[nH]c2ccccc12,0.0181799,356.6890,0.5377250,0.5377,0.5897844,2.6400,1.0000000,1.0000,[],10
46.6287,51.8421,-51.8421,0.0000000,n1c2c3c(cc4c(CCCCC4)c3)nc(n2ccc1)COC(=O)c1ccc(cc1)C(C)=O,0,,0.0000000,0.0000,0.0000000,0.0000,0.0000000,0.0000,0.0000000,0.0000,None,10
68.1164,84.1450,-84.1450,0.0000000,CCCCCCOc1ccc2[nH]c3cc(C=CC=C4C=C(C=C5N(CCCCCC)c6ccccc6C5(C)CCCC)C=C(c5ccccc5)N4)c(-c4ccc(C=C(C#N)C(=O)O)cc4)cc3c2c1,1,C(=Cc1cc2[nH]c3ccccc3c2cc1-c1ccccc1)C=C1C=C(C=C2Cc3ccccc3N2)C=C(c2ccccc2)N1,0.0000000,0.0000,0.0000000,0.0000,0.0000000,0.0000,0.0000000,0.0000,"['C(=[O,S])[O,S]']",10
29.8543,35.6526,-35.6526,0.0000000,C(#Cc1ccc2cc(C=Cc3ccc(C=Cc4ccc(N(c5ccccc5)c5ccccc5)cc4)cc3)ccc2c1)c1ccccc1,1,C(#Cc1ccc2cc(C=Cc3ccc(C=Cc4ccc(N(c5ccccc5)c5ccccc5)cc4)cc3)ccc2c1)c1ccccc1,0.0000000,0.0000,0.0000000,0.0000,0.0000000,0.0000,0.0000000,0.0000,['C#C'],10
74.9481,76.7585,-76.7585,0.0000000,c1(C(=O)Oc2c3OC(c4cc5c(O)cccc5cc4)=C(C(c4ccccc4)=O)c4ccccc4-c2c(O)c2c3OC3(CCCCC3)Oc2c2ccc(cc2)OC)ccccc1,0,,0.0000000,0.0000,0.0000000,0.0000,0.0000000,0.0000,0.0000000,0.0000,None,10
54.8391,59.6159,58.2729,0.9210067,Cc1sc(-c2ccc3c(c2)=CCCC=3)nc1-c1ccc(N(c2ccccc2)c2cccc3c2-c2cnccc2C3(C)C)cc1,1,C1=c2ccc(-c3nc(-c4ccc(N(c5ccccc5)c5cccc6c5-c5cnccc5C6)cc4)cs3)cc2=CCC1,0.9780289,441.2125,0.2012665,0.2013,0.5197283,3.2722,1.0000000,1.0000,[],10
21.6686,22.3937,-22.3902,0.0000273,NC(=O)c1ccc(Oc2ccccc2)cc1,1,c1ccc(Oc2ccccc2)cc1,0.0000159,280.0356,0.8514183,0.8514,0.7612976,1.3637,1.0000000,1.0000,[],10
54.2717,64.7156,49.4084,0.8915934,O=Cc1c2c3c(n1-c1sc(-c4ccccc4)nc1C(=O)c1c4ccccc4cc4ccccc14)C=C3Oc1ccccc1-2,1,O=C(c1nc(-c2ccccc2)sc1-n1cc2c3c1C=C3Oc1ccccc1-2)c1c2ccccc2cc2ccccc12,0.9615340,434.9472,0.1174686,0.1175,0.5159872,3.3084,1.0000000,1.0000,[],10
30.6497,33.9930,-33.9930,0.0000000,COC(=O)c1ccc(F)c(C=C2SC(=S)N(c3ccc(C(=O)O)cc3)C2=O)c1,1,O=C1C(=Cc2ccccc2)SC(=S)N1c1ccccc1,0.0000000,0.0000,0.0000000,0.0000,0.0000000,0.0000,0.0000000,0.0000,"['C(=[O,S])[O,S]']",10
139.2947,154.1980,-154.1980,0.0000000,CCCCCc1cc(N=Cc2c(F)c(F)c(-c3ccc4c(-c5ccc(CN(c6ccccc6)c6ccccc6)cc5)ccc5c4c3C=C(C=Nc3ccc(C=C4SC(=O)N(C(C)CSC)C4=O)cc3)C=C5)c(F)c2-c2cccc3ccccc23)sc1-c1cc2cc(C=Nc3ccc(-c4ccc(-c5cccc6cc7ccccc7cc56)s4)cc3)ccc2cn1,1,O=C1NC(=O)C(=Cc2ccc(N=CC3=Cc4c(-c5ccc(C=Nc6ccc(-c7cc8cc(C=Nc9ccc(-c%10ccc(-c%11cccc%12cc%13ccccc%13cc%11%12)s%10)cc9)ccc8cn7)s6)c(-c6cccc7ccccc67)c5)ccc5c(-c6ccc(CN(c7ccccc7)c7ccccc7)cc6)ccc(c45)C=C3)cc2)S1,0.0000000,0.0000,0.0000000,0.0000,0.0000000,0.0000,0.0000000,0.0000,"['C(=[O,S])[O,S]']",10
47.6769,56.5474,65.2042,0.9511848,CCCCN(CC)c1ccc(C=C2Oc3c(c4c(C)cn(C)c(=O)c4c4ccccc34)C2=N)cc1,1,N=C1C(=Cc2ccccc2)Oc2c1c1cc[nH]c(=O)c1c1ccccc21,0.9950147,462.4965,0.3339912,0.3340,0.5379493,3.1000,1.0000000,1.0000,[],10
60.5020,75.1899,-75.1899,0.0000000,CCN(CC)c1ccc(C(=O)c2ccc3c(c2)c2cc(C=CC4=Cc5nc(-c6ccc(C(=O)O)cc6)nc6ccc(cc56)C=C4)ccc2n3CC)c2ccccc12,1,O=C(c1ccc2[nH]c3ccc(C=CC4=Cc5nc(-c6ccccc6)nc6ccc(cc56)C=C4)cc3c2c1)c1cccc2ccccc12,0.0000000,0.0000,0.0000000,0.0000,0.0000000,0.0000,0.0000000,0.0000,"['[*;r{8-17}]', 'C(=[O,S])[O,S]']",10
61.0174,67.1516,-67.1516,0.0000000,C(=O)(c1ccc2c(c1)c(c1n2c2ccccc2c2c3ncn(c3c3[nH]c(=O)c4ccccc4c(=O)c23)C1)C#N)C,0,,0.0000000,0.0000,0.0000000,0.0000,0.0000000,0.0000,0.0000000,0.0000,None,10
34.0623,37.3726,-37.3467,0.0002017,CCCC1C(C)CC(=O)N1c1ccc2ccccc2c1,1,O=C1CCCN1c1ccc2ccccc2c1,0.0001314,302.9690,0.8077364,0.8077,0.5479499,3.0079,1.0000000,1.0000,[],10
60.8641,67.2066,-66.2260,0.0076611,Cc1cn(-c2ccc(C=C3CC3(C(=O)Nc3ccc4nc(-c5nonc5N)n(CCc5ccccc5)c4c3)c3ccc(Cl)cc3)cc2)cn1,1,O=C(Nc1ccc2nc(-c3cnon3)n(CCc3ccccc3)c2c1)C1(c2ccccc2)CC1=Cc1ccc(-n2ccnc2)cc1,0.0063765,345.1841,0.1639555,0.1640,0.4727338,3.7461,1.0000000,1.0000,[],10
51.2173,57.0004,58.2913,0.9007162,O=C1C(=Cc2cc(-n3c(OCc4ccc(N(c5ccccc5)c5ccccc5)cc4)cc4ccccc43)ccc2F)C(=O)c2ccccc21,1,O=C1C(=Cc2cccc(-n3c(OCc4ccc(N(c5ccccc5)c5ccccc5)cc4)cc4ccccc43)c2)C(=O)c2ccccc21,0.9690635,437.3970,0.1225424,0.1225,0.5562079,2.9331,1.0000000,1.0000,[],10
41.8154,48.3966,-44.7319,0.0286303,CN(C(=O)c1ccccc1)c1ccc(Nc2ccc(-c3ccc(C=Cc4ccc(F)c(F)c4)cc3)cc2)cc1,1,O=C(Nc1ccc(Nc2ccc(-c3ccc(C=Cc4ccccc4)cc3)cc2)cc1)c1ccccc1,0.0251537,360.2917,0.2192544,0.2193,0.6327472,2.2884,1.0000000,1.0000,[],10
40.5357,49.7835,-49.7835,0.0000000,CC(C)=CCC1(C)Cc2cccc(C=Cc3ccc(C=C(C#N)C(=O)O)s3)c2O1,1,C(=Cc1cccc2c1OCC2)c1cccs1,0.0000000,0.0000,0.0000000,0.0000,0.0000000,0.0000,0.0000000,0.0000,"['C(=[O,S])[O,S]']",10
37.1753,48.1440,45.8941,0.7346725,CN(C)c1ccccc1C=CC=Cc1oc(=O)sc1C=C(C#N)C=Cc1ccccc1,1,O=c1oc(C=CC=Cc2ccccc2)c(C=CC=Cc2ccccc2)s1,0.7586225,507.5668,0.3375717,0.3376,0.5139450,3.3282,1.0000000,1.0000,[],10
64.2275,71.9423,-71.9423,0.0000000,N1(C(=O)c2c3c4c5c(c(cc6C(N(C(c(cc4)c3cc2)=O)=O)CC)=O)N(CCCCCCCCCCCC)C(C)(C=C5C(C=6)=O)C)CCCCC1,0,,0.0000000,0.0000,0.0000000,0.0000,0.0000000,0.0000,0.0000000,0.0000,None,10
45.9949,52.7907,-35.0491,0.1386065,O=C1CCc2ccc(OCCN3c4ccccc4Sc4cc(-c5ccc6c(c5)oc5ccccc56)ccc43)c3cccc1c23,1,O=C1CCc2ccc(OCCN3c4ccccc4Sc4cc(-c5ccc6c(c5)oc5ccccc56)ccc43)c3cccc1c23,0.1330259,379.6483,0.1998368,0.1998,0.5638863,2.8645,1.0000000,1.0000,[],10
50.6216,57.9166,59.4637,0.9170339,CN(C)c1c2ccccc2c(CNC(=O)C2CCCC2)c2ccc(C=Cc3cc[n+](CC4CS4)cc3)cc12,1,O=C(NCc1c2ccccc2cc2cc(C=Cc3cc[n+](CC4CS4)cc3)ccc12)C1CCCC1,0.9811367,477.0972,0.1643813,0.1644,0.4879099,3.5881,1.0000000,1.0000,[],10
31.6312,37.1753,-33.7007,0.0271459,NC(=O)C1=C(C=Cc2ccccc2)C=C(Br)C1,1,C1=CC(C=Cc2ccccc2)=CC1,0.0227979,359.1978,0.9125634,0.9126,0.5556915,2.9377,1.0000000,1.0000,[],10
76.0824,77.4234,-77.4234,0.0000000,N#Cc1c(N)c(O)n(CC(O)COc2ccccc2)c1-c1cc(NN=C2C=C3C=NC=C3CC2)c2ncccc2c1,1,C1=NC=C2CCC(=NNc3cc(-c4cccn4CCCOc4ccccc4)cc4cccnc34)C=C12,0.0000000,0.0000,0.0000000,0.0000,0.0000000,0.0000,0.0000000,0.0000,['[#7;!n][#7;!n]'],10
24.0393,24.2818,-24.2806,0.0000095,Cc1[nH]cnc1C=CBr,1,c1c[nH]cn1,0.0000053,268.0991,0.7157452,0.7157,0.4951645,3.5143,1.0000000,1.0000,[],11
24.0904,24.6126,-24.6126,0.0000000,COC(=O)C(CC(C)C)NC(=O)c1cccc(N(C)C)c1,1,c1ccccc1,0.0000000,0.0000,0.0000000,0.0000,0.0000000,0.0000,0.0000000,0.0000,"['C(=[O,S])[O,S]']",11
41.5571,52.7825,53.8334,0.8329367,C=C(C)COCCN(C)c1ccc(C=Cc2nc3ccc(-c4ccc(C=CC#N)cc4)cc3s2)cc1,1,C(=Cc1nc2ccc(-c3ccccc3)cc2s1)c1ccccc1,0.8908967,422.7997,0.1295338,0.1295,0.5561945,2.9332,1.0000000,1.0000,[],11
49.8512,55.3710,66.5694,0.9526599,CCN1C2=C(C(=O)C(=C3Nc4ccc(I)cc4C3=N)C2)C(=O)C1(C)C,1,N=C1C(=C2CC3=C(C(=O)CN3)C2=O)Nc2ccccc21,0.9941494,455.7563,0.3940858,0.3941,0.4726654,3.7468,1.0000000,1.0000,[],11
24.7570,31.6661,-7.6081,0.1879529,C(=Cc1cccc2c1[nH]c1cc3ccccc3cc12)c1ccccc1,1,C(=Cc1cccc2c1[nH]c1cc3ccccc3cc12)c1ccccc1,0.1795272,383.5016,0.3507738,0.3508,0.6512314,2.1445,1.0000000,1.0000,[],11
56.9733,64.3943,-64.3943,0.0000000,c1(oc(=O)c2c(oc(-c3nc4c([nH]3)cccc4)c1)c(C=C)c2=C)-c1ccc(s1)N(CC)CC,0,,0.0000000,0.0000,0.0000000,0.0000,0.0000000,0.0000,0.0000000,0.0000,None,11
58.0535,69.3183,-24.0070,0.3539949,CC(F)(F)c1ccc(-c2ccc(N(CCCN3C(=O)c4ccccc4C3=O)c3ccc(C=Cc4ccc(-c5cn6c7ccccc7nc6c6ccccc56)cc4)cc3)nn2)cc1,1,O=C1c2ccccc2C(=O)N1CCCN(c1ccc(C=Cc2ccc(-c3cn4c5ccccc5nc4c4ccccc34)cc2)cc1)c1ccc(-c2ccccc2)nn1,0.3662837,394.0481,0.0954801,0.0955,0.4996305,3.4694,1.0000000,1.0000,[],11
29.8512,31.9248,-30.7243,0.0093791,Cc1ccc(-c2sc3ccccc3[n+]2CC(=O)c2ccccc2)c(C)c1,1,O=C(C[n+]1c(-c2ccccc2)sc2ccccc21)c1ccccc1,0.0076574,347.1855,0.3554867,0.3555,0.6137254,2.4410,1.0000000,1.0000,[],11
25.2819,28.9132,-21.2254,0.0600608,C(=Nc1ccccc1)c1ccc(C=Nc2cccc3ccccc23)cc1,1,C(=Nc1ccccc1)c1ccc(C=Nc2cccc3ccccc23)cc1,0.0538567,368.8821,0.3889687,0.3890,0.6467893,2.1787,1.0000000,1.0000,[],11
20.4337,24.2314,-23.3833,0.0066261,c1ccc2c(c1)ccc1c3ccccc3c3cnccc3c21,1,c1ccc2c(c1)ccc1c3ccccc3c3cnccc3c21,0.0053120,343.1893,0.3315303,0.3315,0.6797510,1.9301,1.0000000,1.0000,[],11
54.4847,54.9701,6.2186,0.4780370,Cc1cc(-c2ccccc2)c2c(-c3nc4ccccc4c4ccc(N(c5ccc6c(c5)C(C)(C)CCC6(C)C)c5ccccc5-c5ccccc5)cc34)cccc2c1,1,c1ccc(-c2ccccc2N(c2ccc3c(c2)CCCC3)c2ccc3c(c2)c(-c2cccc4cccc(-c5ccccc5)c24)nc2ccccc23)cc1,0.4941152,399.7444,0.1574575,0.1575,0.5254017,3.2180,1.0000000,1.0000,[],11
25.6751,25.1585,-25.1508,0.0000601,CC(=O)CC(=N)c1ccc(C)cc1,1,c1ccccc1,0.0000367,289.1304,0.7036477,0.7036,0.6423423,2.2132,1.0000000,1.0000,[],11
38.9934,46.5594,-46.5594,0.0000000,N#CC(C#N)=Cc1ccc(-c2ccc(N(c3ccc(C4=CC=CC=CC=C4)cc3)c3ccc(-c4ccc5oc6ccccc6c5c4)cc3)cc2)cc1,1,C1=CC=CC(c2ccc(N(c3ccc(-c4ccccc4)cc3)c3ccc(-c4ccc5oc6ccccc6c5c4)cc3)cc2)=CC=C1,0.0000000,0.0000,0.0000000,0.0000,0.0000000,0.0000,0.0000000,0.0000,['[*;r{8-17}]'],11
33.7554,45.4453,61.9631,0.8391280,CCN(CC)c1ccc(C=Cc2ccc(N=Nc3n[nH]c(-c4ccc(OC)c(OC)c4)c3C#N)c(C#N)c2)cc1,1,C(=Cc1ccc(N=Nc2cc(-c3ccccc3)[nH]n2)cc1)c1ccccc1,0.8910739,497.1805,0.1695400,0.1695,0.5328426,3.1476,1.0000000,1.0000,[],11
21.2516,25.4779,-25.1791,0.0023340,c1ccc2c(c1)c1ccccc1c1cc(-n3c4ccccc4c4ccccc43)ccc21,1,c1ccc2c(c1)c1ccccc1c1cc(-n3c4ccccc4c4ccccc43)ccc21,0.0017863,331.3183,0.2474745,0.2475,0.7029148,1.7626,1.0000000,1.0000,[],11
39.5811,44.8217,-28.3984,0.1283074,O=C(C(=Cc1ccc(Cl)cc1)c1cc(=O)c(O)cc(=O)o1)c1ccc(Cl)cc1,1,O=C(C(=Cc1ccccc1)c1cc(=O)ccc(=O)o1)c1ccccc1,0.1189453,378.2586,0.5033722,0.5034,0.6036142,2.5241,1.0000000,1.0000,[],11
19.5838,23.9647,-23.2688,0.0054361,CCCCN1C(=O)c2cccc3cccc(c23)C1=O,1,O=C1NC(=O)c2cccc3cccc1c23,0.0041950,340.6140,0.7873998,0.7874,0.6922155,1.8393,1.0000000,1.0000,[],11
29.6773,26.4872,-26.4872,0.0000000,CCCCCOC(COCCCC)COCCCC#N,1,,0.0000000,197.5511,0.4304791,0.4305,0.5578863,2.9180,1.0000000,1.0000,[],11
42.9200,46.0348,-46.0348,0.0000000,c1c(ccc(c1)-c1c([O-])n(C)c2sc(C(=O)OCC)c(C)c2n1)OCC,0,,0.0000000,0.0000,0.0000000,0.0000,0.0000000,0.0000,0.0000000,0.0000,None,11
64.7222,78.2760,23.8886,0.7981612,CC(C)(C)c1noc(-c2cc3c4ccc(Br)c5c(-n6c7ccccc7c7cc(C=Cc8ccccc8)ccc76)ccc(c54)n3n2)n1,1,C(=Cc1ccc2c(c1)c1ccccc1n2-c1ccc2c3c1cccc3c1cc(-c3ncno3)nn12)c1ccccc1,0.8444672,418.3690,0.1760638,0.1761,0.5288633,3.1851,1.0000000,1.0000,[],11
24.9326,30.4671,92.1901,0.9582599,CCN(CC)c1ccc(N=Nc2ccc3oc(=O)c(C)c(C)c3c2)cc1,1,O=c1ccc2cc(N=Nc3ccccc3)ccc2o1,0.9919087,452.2114,0.4401961,0.4402,0.5974342,2.5756,1.0000000,1.0000,[],11
40.1450,49.2467,-49.2467,0.0000000,c1c(cc2c(-c3c(occ(-c4ccccc4)c3C=C2)-c2ccc(cc2)N(C)CCO)c1)OC,0,,0.0000000,0.0000,0.0000000,0.0000,0.0000000,0.0000,0.0000000,0.0000,None,11
38.5516,42.8410,8.3127,0.3996379,CCCC1c2cc(N=C(C#N)c3ccccc3)ccc2-c2cc3ccccc3cc21,1,C(=Nc1ccc2c(c1)Cc1cc3ccccc3cc1-2)c1ccccc1,0.3993263,395.5672,0.3366429,0.3366,0.5364215,3.1142,1.0000000,1.0000,[],11
64.6751,70.2023,-48.1011,0.1726660,C=C(Cl)CN(C)c1c(-c2nc(N(CC)CC)n(-c3ccc(Cl)cc3)n2)c(C#N)nc2c(Cc3ccccc3)cnn12,1,c1ccc(Cc2cnn3cc(-c4ncn(-c5ccccc5)n4)cnc23)cc1,0.1681866,382.6441,0.1945635,0.1946,0.5031075,3.4348,1.0000000,1.0000,[],11
31.8259,38.2245,79.8105,0.9221486,Cn1c2ccccc2c2c3cc4cc5ccccc5cc4cc3c3cc4ccccc4cc3c21,1,c1ccc2cc3cc4c(cc3cc2c1)c1cc2ccccc2cc1c1[nH]c2ccccc2c41,0.9814143,476.9331,0.1666088,0.1666,0.6230317,2.3658,1.0000000,1.0000,[],11
42.9178,45.6981,-38.3850,0.0571337,CCc1c(-c2ccc(C(F)(F)F)cc2)oc2cc(N(C)Cc3ccc(N(C)C)cc3)c(O)cc12,1,c1ccc(CNc2ccc3cc(-c4ccccc4)oc3c2)cc1,0.0514813,368.3651,0.3279790,0.3280,0.5855073,2.6764,1.0000000,1.0000,[],11
25.3847,29.9462,-29.9462,0.0000000,c1(n2c(c(cc1)C)nc1c(c2=O)cccc1)=O,0,,0.0000000,0.0000,0.0000000,0.0000,0.0000000,0.0000,0.0000000,0.0000,None,11
39.4547,39.9817,-39.7288,0.0019759,CC1(C)CCCC1(C)C1=Nc2ccccc2C(=NCc2ccccc2)C1,1,c1ccc(CN=C2CC(C3CCCC3)=Nc3ccccc32)cc1,0.0014665,329.1730,0.6179691,0.6180,0.5044601,3.4213,1.0000000,1.0000,[],11
43.3567,49.1882,-49.1882,0.0000000,CCCCCCC1(C2CC2)CS(=O)(=O)c2c(c(=O)oc(-c3ccccc3)n2)C=1,0,,0.0000000,0.0000,0.0000000,0.0000,0.0000000,0.0000,0.0000000,0.0000,None,11
70.4887,89.3372,-89.3372,0.0000000,CCN1CCC2(CC1)OC=Cc1ccc(-c3ccc4[nH]c5c(c4c3)Cc3c-5c(C)cc4c3-c3ccc(cc3C(C)(CC)CC(C)C)C4(C)C)cc12,1,C1=Cc2ccc(-c3ccc4[nH]c5c(c4c3)Cc3c-5ccc4c3-c3ccc(cc3)C4)cc2C2(CCNCC2)O1,0.0000000,0.0000,0.1904279,0.1904,0.3338960,5.4846,1.0000000,1.0000,[],11
28.0267,28.2777,-28.2777,0.0000000,COC(=O)c1ccc(Nc2nc3c(Br)cccc3[nH]2)cc1,1,c1ccc(Nc2nc3ccccc3[nH]2)cc1,0.0000000,0.0000,0.0000000,0.0000,0.0000000,0.0000,0.0000000,0.0000,"['C(=[O,S])[O,S]']",11
63.0276,71.1307,-71.1307,0.0000000,COC(=O)c1nn(C)c2c1C(=Cc1sc3c(c1OC)C1(C(=O)N(C)c4ccccc41)c1cc(N(C)C)ccc1-3)C(C#N)=C2C,1,O=C1Nc2ccccc2C12c1ccccc1-c1sc(C=C3C=Cc4[nH]ncc43)cc12,0.0000000,0.0000,0.0000000,0.0000,0.0000000,0.0000,0.0000000,0.0000,"['C(=[O,S])[O,S]']",11
53.6627,57.6347,-57.3096,0.0025404,CCCCCCCCCCCCN1C(=O)C2C(=O)C3CC(=C(SC(C)C)N2C1=O)C1C3C1(C)C,1,O=C1NC(=O)N2C=C3CC(C(=O)C12)C1CC31,0.0020066,332.5833,0.1630623,0.1631,0.3627468,5.0703,1.0000000,1.0000,[],11
54.3845,67.2480,-67.2480,0.0000000,c1cc2c3c4c(c(oc5cc(cc(c35)c3c2c(c(OC)cc3)-c2ccccc2)=O)c1)cc(cc4)-c1ccc(s1)C=O,0,,0.0000000,0.0000,0.0000000,0.0000,0.0000000,0.0000,0.0000000,0.0000,None,11
31.6108,44.6494,-22.6232,0.1720796,COc1ccc(-c2ccc(-n3c4ccc(Br)cc4c4cc(Br)ccc43)c(C=Cc3ccc(N(c4ccccc4)c4ccccc4)cc3)c2)cc1,1,C(=Cc1cc(-c2ccccc2)ccc1-n1c2ccccc2c2ccccc21)c1ccc(N(c2ccccc2)c2ccccc2)cc1,0.1687792,382.6901,0.1430475,0.1430,0.5696355,2.8138,1.0000000,1.0000,[],11
45.3076,57.4263,-49.1611,0.0645722,Cc1cc(F)cc(C)c1C=Cc1ccc(C=Cc2cc(C)c3c(c2)nc2c4ccccc4n(C)c(=O)n23)cc1,1,O=c1[nH]c2ccccc2c2nc3cc(C=Cc4ccc(C=Cc5ccccc5)cc4)ccc3n12,0.0593191,369.9938,0.2262022,0.2262,0.5543507,2.9498,1.0000000,1.0000,[],11
39.7956,43.3736,-43.3736,0.0000000,COC(=O)c1ccc(-[n+]2c3ccccc3n3cc(OC)ccc32)c(-c2ccccc2)c1,1,c1ccc(-c2ccccc2-[n+]2c3ccccc3n3ccccc32)cc1,0.0000000,0.0000,0.0000000,0.0000,0.0000000,0.0000,0.0000000,0.0000,"['C(=[O,S])[O,S]']",11
45.1134,52.5405,-52.5405,0.0000000,CCCCCCn1c(=O)c2cccc3c2-c2c4cccc(c1=O)c2cccc3c(-c1cccc(NC)c1)cc4,1,O=c1[nH]c(=O)c2cccc3ccc(-c4ccccc4)c4cccc2c3-c2c1cccc24,0.0000000,0.0000,0.0000000,0.0000,0.0000000,0.0000,0.0000000,0.0000,['[*;r{8-17}]'],11
25.3466,34.7223,-2.6174,0.2508195,CN(C)c1ccc(C=Cc2ccc3c(c2)c(-c2ccccc2)nc2ccccc23)cc1,1,C(=Cc1ccc2c(c1)c(-c1ccccc1)nc1ccccc12)c1ccccc1,0.2464296,387.8642,0.2324934,0.2325,0.6501879,2.1525,1.0000000,1.0000,[],11
35.7395,42.0263,75.1785,0.9156628,CCN(CC)c1ccc2c(c1)c1ccc(C=C3C(=O)c4cccc5c4N3CCC5)cc1n2CC,1,O=C1C(=Cc2ccc3c(c2)[nH]c2ccccc23)N2CCCc3cccc1c32,0.9563365,486.4877,0.3193897,0.3194,0.5640097,2.8634,1.0000000,1.0000,[],11
29.7108,38.6619,-35.6392,0.0236147,N#Cc1ccc(-n2c3ccccc3c3ccc(N(c4ccc(-n5c6ccccc6c6ccccc65)cc4)c4ccc5c(c4)sc4ccccc45)cc32)cc1,1,c1ccc(-n2c3ccccc3c3ccc(N(c4ccc(-n5c6ccccc6c6ccccc65)cc4)c4ccc5c(c4)sc4ccccc45)cc32)cc1,0.0207220,358.1382,0.1786316,0.1786,0.5631815,2.8708,1.0000000,1.0000,[],11
45.0058,53.5996,-53.5996,0.0000000,CCN1C(=CC(C#N)=CC=c2c(=CC=CC=CC=C3C=Cc4ccccc4C3(C)C)c3ccccc3n2CC)Sc2ccccc21,1,C(C=CC=c1c(=CC=CC=C2Nc3ccccc3S2)[nH]c2ccccc12)=CC=C1C=Cc2ccccc2C1,0.0000000,766.1542,0.1531038,0.1531,0.4518251,3.9723,1.0000000,1.0000,[],11
34.4431,44.1835,73.4967,0.9193766,Cc1c(C=C2C(=O)N(c3ccc(C=Cc4ccc(N(c5ccccc5)c5ccccc5)cc4)cc3)c3ccccc32)sc2c1CCCC2,1,O=C1C(=Cc2cc3c(s2)CCCC3)c2ccccc2N1c1ccc(C=Cc2ccc(N(c3ccccc3)c3ccccc3)cc2)cc1,0.9891145,448.9599,0.1280266,0.1280,0.5489216,2.9990,1.0000000,1.0000,[],11
37.3080,33.5020,-33.4876,0.0001131,CC(=O)NCCOCCOCCOCCOCCOc1cc(C(C)C)ccc1C(C)C,1,c1ccccc1,0.0000732,296.6111,0.3529097,0.3529,0.6066535,2.4990,1.0000000,1.0000,[],11
56.5692,66.6347,-66.6347,0.0000000,CCN(CC)c1ccc(C=Cc2ccc(N(c3ccccc3)c3ccc(C(=O)Nc4cc5c6c(cccc6c4)C4=[N+]([O-])C(=CC5(C)C)C(c5ccccc5)=C4)cc3)cc2)cc1,1,O=C(Nc1cc2c3c(cccc3c1)C1=[NH+]C(=CC2)C(c2ccccc2)=C1)c1ccc(N(c2ccccc2)c2ccc(C=Cc3ccccc3)cc2)cc1,0.0000000,0.0000,0.0000000,0.0000,0.0000000,0.0000,0.0000000,0.0000,['[*;r{8-17}]'],11
72.8416,77.7968,-23.3259,0.4255538,Cc1ccc2c(c1)c1cc(N(C)C)ccc1n2-c1ccc(Cl)c2c(-c3nc4cc(-c5ccc(C=Cc6ccc([S+](C)[O-])cc6)s5)ccc4o3)cccc12,1,C(=Cc1ccc(-c2ccc3oc(-c4cccc5c(-n6c7ccccc7c7ccccc76)cccc45)nc3c2)s1)c1ccccc1,0.4390529,397.3399,0.1523445,0.1523,0.4507477,3.9842,1.0000000,1.0000,[],11
26.3867,33.6235,-33.6235,0.0000000,c12-c(cc3ccc(cc-3o1)=[N+](C)C)cccc2=N,0,,0.0000000,0.0000,0.0000000,0.0000,0.0000000,0.0000,0.0000000,0.0000,None,11
31.9904,40.4441,51.0659,0.7149218,N#Cc1ccc(N(c2ccc(C#N)cc2)c2c3ccccc3c(C=Cc3ccc4ccccc4c3)c3ccccc23)cc1,1,C(=Cc1c2ccccc2c(N(c2ccccc2)c2ccccc2)c2ccccc12)c1ccc2ccccc2c1,0.7528765,412.0952,0.1590561,0.1591,0.5837474,2.6914,1.0000000,1.0000,[],11
41.6196,52.3648,0.9212,0.4162964,CC1(C)c2cc(-c3cc(-c4cc5c(c6ccccc46)C(=O)c4ccccc4-5)c4ccc5cccc6ccc3c4c65)ccc2-n2cccc21,1,O=C1c2ccccc2-c2cc(-c3cc(-c4ccc5c(c4)Cc4cccn4-5)c4ccc5cccc6ccc3c4c56)c3ccccc3c21,0.4253014,396.7314,0.1782863,0.1783,0.5374757,3.1044,1.0000000,1.0000,[],11
31.4577,33.8758,-29.0501,0.0377013,Cn1c2cc3c(cc2c2ccc4c(c21)C(C)(C)c1ccccc1-4)c1ccccc1n3-c1ccccc1,1,c1ccc(-n2c3ccccc3c3cc4c(cc32)[nH]c2c3c(ccc24)-c2ccccc2C3)cc1,0.0335964,363.5284,0.2307743,0.2308,0.5944556,2.6005,1.0000000,1.0000,[],11
61.9236,79.7033,-79.7033,0.0000000,C1C(C(C#N)=C(n2c1=C(c1ccc(c(c1)-c1n(CC)c(=O)c3ccccc3n1)C=2)C#N)C#N)c1ccc(s1)C=O,0,,0.0000000,0.0000,0.0000000,0.0000,0.0000000,0.0000,0.0000000,0.0000,None,11
63.6647,71.0931,-70.7468,0.0027051,CCc1cc(C2c3ccccc3C3CCCC2N3c2ccc(C(C)CC)cc2)ccc1CC1=NCCCC1c1cccc2ccccc12,1,c1ccc(N2C3CCCC2C(c2ccc(CC4=NCCCC4c4cccc5ccccc45)cc2)c2ccccc23)cc1,0.0021423,333.2953,0.1665197,0.1665,0.3631026,5.0653,1.0000000,1.0000,[],11
48.1878,56.2025,-56.2025,0.0000000,C(C#N)CN(CCO)c1cc2=[N+]3C4(C=Cc3cc2nc1)CCCC4,0,,0.0000000,0.0000,0.0000000,0.0000,0.0000000,0.0000,0.0000000,0.0000,None,11
66.6619,84.3827,23.6802,0.8442414,CCCCCCCN1c2ccc(C#N)cc2Sc2cc(C=CCN3c4ccc(C=CC(=O)c5sc(C#N)c(C#N)c5C)cc4CCC3C)ccc21,1,O=C(C=Cc1ccc2c(c1)CCCN2CC=Cc1ccc2c(c1)Sc1ccccc1N2)c1cccs1,0.9212350,493.2991,0.0821338,0.0821,0.4405078,4.0991,1.0000000,1.0000,[],11
41.9272,48.6775,-48.6775,0.0000000,COC(=O)CC1(C#N)C=Cc2ccccc2C1c1c(C#N)nn2ccccc12,1,C1=Cc2ccccc2C(c2cnn3ccccc23)C1,0.0000000,0.0000,0.0000000,0.0000,0.0000000,0.0000,0.0000000,0.0000,"['C(=[O,S])[O,S]']",11
32.9064,42.3136,-42.3136,0.0000000,COc1ccc(C#Cc2ccc3c(c2)c2cc(-c4ccc(N(c5ccccc5)c5ccccc5)cc4)ccc2n3-c2ccc(-c3nc(-c4ccccc4)nc(-c4ccccc4)n3)cc2)cc1,1,C(#Cc1ccc2c(c1)c1cc(-c3ccc(N(c4ccccc4)c4ccccc4)cc3)ccc1n2-c1ccc(-c2nc(-c3ccccc3)nc(-c3ccccc3)n2)cc1)c1ccccc1,0.0000000,0.0000,0.0000000,0.0000,0.0000000,0.0000,0.0000000,0.0000,['C#C'],11
32.8103,40.3144,-40.3144,0.0000000,CCCCOC(=O)c1ccc2cccc3c4cccc5cccc6cc1c(c(c6)c54)c23,1,c1cc2cc3cccc4cccc5c6cccc(c1)c6c(c2)c3c45,0.0000000,0.0000,0.0000000,0.0000,0.0000000,0.0000,0.0000000,0.0000,"['[*;r{8-17}]', 'C(=[O,S])[O,S]']",11
40.0108,43.5162,36.7936,0.6274209,O=C1NC(=O)c2c1c1ccccc1c1ccc(-c3ccc4c(c3)c3ccccc3n4-c3cccc4ccccc34)cc21,1,O=C1NC(=O)c2c1c1ccccc1c1ccc(-c3ccc4c(c3)c3ccccc3n4-c3cccc4ccccc34)cc21,0.6538002,406.9030,0.1766303,0.1766,0.5938974,2.6052,1.0000000,1.0000,[],11
20.6016,26.5534,-26.5534,0.0000000,N#Cc1ccc(C#Cc2cc3ccccc3[nH]2)cc1,1,C(#Cc1cc2ccccc2[nH]1)c1ccccc1,0.0000000,0.0000,0.0000000,0.0000,0.0000000,0.0000,0.0000000,0.0000,['C#C'],11
24.9409,25.4283,-25.4283,0.0000000,CCOC(=O)CCN=C1CCc2ccccc21,1,N=C1CCc2ccccc21,0.0000000,0.0000,0.0000000,0.0000,0.0000000,0.0000,0.0000000,0.0000,"['C(=[O,S])[O,S]']",11
24.4013,26.5173,-26.4830,0.0002678,CN=C(N)c1cc(N(C)C)ccn1,1,c1ccncc1,0.0001793,306.3396,0.5291854,0.5292,0.5824883,2.7022,1.0000000,1.0000,[],11
42.1651,60.3918,-60.3918,0.0000000,COc1ccc(N(c2ccccc2)c2ccc(C=Cc3ccc(C=Cc4ccc(-c5ccc(N(c6ccc(C=C(c7ccccc7)c7ccccc7)cc6)c6ccc(-c7ccc(C=C(C#N)C(=O)O)s7)cc6)cc5)s4)o3)cc2)cc1,1,C(=Cc1ccc(C=Cc2ccc(-c3ccc(N(c4ccc(C=C(c5ccccc5)c5ccccc5)cc4)c4ccc(-c5cccs5)cc4)cc3)s2)o1)c1ccc(N(c2ccccc2)c2ccccc2)cc1,0.0000000,0.0000,0.0000000,0.0000,0.0000000,0.0000,0.0000000,0.0000,"['C(=[O,S])[O,S]']",11
27.5625,31.9574,-31.9574,0.0000000,CCN1C(=O)C(=Cc2c(C)c3ccccc3n(C)c2=O)SC1=S,1,O=C1NC(=S)SC1=Cc1cc2ccccc2[nH]c1=O,0.0000000,0.0000,0.0000000,0.0000,0.0000000,0.0000,0.0000000,0.0000,"['C(=[O,S])[O,S]']",11
25.5635,33.6001,-33.6001,0.0000000,CCCCN1c2ccc(S(=O)(=O)NCCCCCC(=O)O)cc2C(C)=CC1(C)C,1,C1=Cc2ccccc2NC1,0.0000000,0.0000,0.0000000,0.0000,0.0000000,0.0000,0.0000000,0.0000,"['C(=[O,S])[O,S]']",11
31.6693,44.7134,-44.7134,0.0000000,N#CC(C#N)=Cc1ccc(-c2ccc(N(Cc3ccccc3)c3ccc(C=C4SC(=S)N(CCC(=O)O)C4=O)cc3)cc2)s1,1,O=C1NC(=S)SC1=Cc1ccc(N(Cc2ccccc2)c2ccc(-c3cccs3)cc2)cc1,0.0000000,0.0000,0.0000000,0.0000,0.0000000,0.0000,0.0000000,0.0000,"['C(=[O,S])[O,S]']",12
37.4190,53.9491,-53.9491,0.0000000,CCCCOc1ccc(-c2c3c(C#N)c(-c4ccc(C=C(C#N)C(=O)O)s4)sc3nc3c2c2ccccc2n3CCCC)cc1,1,c1ccc(-c2c3cc(-c4cccs4)sc3nc3[nH]c4ccccc4c23)cc1,0.0000000,0.0000,0.0000000,0.0000,0.0000000,0.0000,0.0000000,0.0000,"['C(=[O,S])[O,S]']",12
39.1997,52.2371,50.4893,0.8025503,CCN(CC)c1ccc(C=Cc2ccc(N(c3ccc(C=Cc4ccccc4F)cc3)c3ccc(C=Cc4ccc5ccccc5n4)c4ccccc34)cc2)cc1,1,C(=Cc1ccc(N(c2ccc(C=Cc3ccccc3)cc2)c2ccc(C=Cc3ccc4ccccc4n3)c3ccccc23)cc1)c1ccccc1,0.8606026,419.7637,0.1162614,0.1163,0.5276357,3.1967,1.0000000,1.0000,[],12
41.8457,47.1648,-43.3959,0.0294448,O=C1c2ccc3c(c2C(=O)N(c2ccc4oc(-c5ccc(Cl)cc5)nc4c2)C3=O)C(=O)N1c1ccc(F)cc1,1,O=C1c2ccc3c(c2C(=O)N(c2ccc4oc(-c5ccccc5)nc4c2)C3=O)C(=O)N1c1ccccc1,0.0258921,360.6140,0.2660444,0.2660,0.4870665,3.5968,1.0000000,1.0000,[],12
35.8356,44.3393,4.1531,0.3788473,O=c1c(C=Nc2ccc3cc(S(=O)(=O)O)ccc3c2)cc2c(c3ccccc13)CCCC2,1,O=c1c(C=Nc2ccc3ccccc3c2)cc2c(c3ccccc13)CCCC2,0.3764468,394.5208,0.3471308,0.3471,0.5841872,2.6877,1.0000000,1.0000,[],12
47.5156,67.0428,-67.0428,0.0000000,N#CC(C#N)=Cc1ccc2c(C#CC#Cc3ccc(C#Cc4[nH]c(C#Cc5ccc(C#N)cc5)nc4C#N)cc3)sc(-c3cccs3)c2c1,1,C(C#Cc1sc(-c2cccs2)c2ccccc12)#Cc1ccc(C#Cc2cnc(C#Cc3ccccc3)[nH]2)cc1,0.0000000,0.0000,0.0000000,0.0000,0.0000000,0.0000,0.0000000,0.0000,['C#C'],12
26.9015,35.3945,52.3088,0.6851823,CC(C#N)(C#N)c1sc(C=C(C#N)C#N)c2c1OCCO2,1,c1scc2c1OCCO2,0.6885777,408.6151,0.7730997,0.7731,0.4520505,3.9698,1.0000000,1.0000,[],12
28.6229,36.5066,-31.3725,0.0401098,CC(=O)N=c1ccc2ccccc2c2cc3ccccc3cc12,1,N=c1ccc2ccccc2c2cc3ccccc3cc12,0.0350292,363.9979,0.4664360,0.4664,0.6293828,2.3151,1.0000000,1.0000,[],12
34.7303,41.8544,70.8732,0.8806847,C(=Cc1nc(-c2ccccc2)n(-c2ccccc2)n1)C1=CN(c2ccccc2)c2ccccc2N1c1ccccc1,1,C(=Cc1nc(-c2ccccc2)n(-c2ccccc2)n1)C1=CN(c2ccccc2)c2ccccc2N1c1ccccc1,0.9292248,427.9560,0.2160828,0.2161,0.5667040,2.8396,1.0000000,1.0000,[],12
56.8515,66.7861,-56.0083,0.0842017,CCn1cccc1-c1ccc(-c2cc(-n3c4ccccc4c4cc(-c5nccn5C)ccc43)cc(-c3nccc4ccccc34)n2)[nH]1,1,c1c[nH]c(-c2ccc(-c3cc(-n4c5ccccc5c5cc(-c6ncc[nH]6)ccc54)cc(-c4nccc5ccccc45)n3)[nH]2)c1,0.0788064,373.3053,0.2042912,0.2043,0.5175947,3.2928,1.0000000,1.0000,[],12
88.9277,106.0828,-106.0827,0.0000014,CCCCNC(=O)C=CC(C=Cc1ccc(N(CC)CC)cc1)=CC1=CC(=C=NC2(C)CC(C)(C)N(C)c3c2ccc(C=C2C=c4ccc(OC)cc4=C2c2ccc(N4CCCC4)cc2)c3C)C1,1,C(=NC1CCNc2cc(C=C3C=c4ccccc4=C3c3ccc(N4CCCC4)cc3)ccc21)=C1C=C(C=CC=Cc2ccccc2)C1,0.0000008,673.0356,0.0525302,0.0525,0.3660893,5.0244,1.0000000,1.0000,[],12
28.8311,34.9802,-16.1985,0.1467324,COc1cc2ccc3c(c2cc1OC)c1ccccc1c1c2ccccc2c2ccccc2c31,1,c1ccc2c(c1)ccc1c2c2ccccc2c2c3ccccc3c3ccccc3c12,0.1397640,380.2694,0.2515459,0.2515,0.6593249,2.0827,1.0000000,1.0000,[],12
38.8458,39.8798,-39.7622,0.0009187,COc1ccc(C)c2sc(N(C(C)(C)C)S(=O)(=O)c3ccc(C)cc3)c(C)c12,1,O=S(=O)(Nc1cc2ccccc2s1)c1ccccc1,0.0006561,320.4311,0.5365140,0.5365,0.5727879,2.7862,1.0000000,1.0000,[],12
22.3068,25.8572,-20.5700,0.0413057,Cn1c(=NC(=O)c2ccc([N+](=O)[O-])cc2)sc2ccccc21,1,O=C(N=c1[nH]c2ccccc2s1)c1ccccc1,0.0359397,364.2867,0.5388800,0.5389,0.6509143,2.1469,1.0000000,1.0000,[],12
48.1853,58.8201,-58.8201,0.0000000,c1(cc2c(cc3oc4cc5OCOc5cc4cc3c2)cc1N(CC)CC)C=CC(=C1C(=O)N(CC)C(=O)S1)C,0,,0.0000000,0.0000,0.0000000,0.0000,0.0000000,0.0000,0.0000000,0.0000,None,12
52.6019,59.8870,-59.8870,0.0000000,c1c2c3ccccc3nc3c2c2c(cc(c4c(cccc4)c2cc3)-c2cc3oc4cc(OCCCC)ccc4c3cc2)c1,0,,0.0000000,0.0000,0.0000000,0.0000,0.0000000,0.0000,0.0000000,0.0000,None,12
30.1375,32.6596,-32.6483,0.0000880,CCCCCCCCCOc1cc(C)nc(=O)n1CCCCCCCC,1,O=c1nccc[nH]1,0.0000562,293.7536,0.3357569,0.3358,0.6208888,2.3830,1.0000000,1.0000,[],12
44.5556,59.4364,-36.3778,0.1801455,Cc1cc(C=Nc2ccc(N(c3ccccc3)c3ccccc3)cc2)ccc1-c1nnc(-c2ccc(C=O)cc2)n1C=Cc1ccco1,1,C(=Cn1c(-c2ccccc2)nnc1-c1ccc(C=Nc2ccc(N(c3ccccc3)c3ccccc3)cc2)cc1)c1ccco1,0.1787749,383.4461,0.1116624,0.1117,0.5305770,3.1690,1.0000000,1.0000,[],12
68.6189,83.6095,27.4002,0.8672630,Cc1cc(N(C=Cc2ccc(-c3ccc(-c4ccc(N(C)c5ccccc5)c(C#N)c4)s3)s2)c2ccc(C#N)s2)ccc1-c1ccc(-c2sc(C=C(C#N)C#N)nc2C)n1C,1,C(=CN(c1ccc(-c2ccc(-c3cncs3)[nH]2)cc1)c1cccs1)c1ccc(-c2ccc(-c3ccc(Nc4ccccc4)cc3)s2)s1,0.9376952,490.5615,0.1187590,0.1188,0.4193817,4.3449,1.0000000,1.0000,[],12
45.6701,48.7539,-48.7539,0.0000000,COC(=O)C(C)Oc1ccc2nc(C=Cc3ccc(Cl)cc3Cl)n(-c3c(Cl)cccc3Cl)c2c1,1,C(=Cc1nc2ccccc2n1-c1ccccc1)c1ccccc1,0.0000000,0.0000,0.0000000,0.0000,0.0000000,0.0000,0.0000000,0.0000,"['C(=[O,S])[O,S]']",12
35.3164,48.4995,-48.4995,0.0000000,C(=CC(=Cc1ccc2c(cc3-c(oc4ccccc4c3-c3ccccc3)c2C#N)c1)C)=O,0,,0.0000000,0.0000,0.0000000,0.0000,0.0000000,0.0000,0.0000000,0.0000,None,12
35.7868,41.8524,73.6168,0.9021032,CCC1(C)c2ccccc2-c2ccc(C(C)=C(C=C(C#N)C#N)c3ccc(SC)cc3)cc21,1,C(=Cc1ccc2c(c1)Cc1ccccc1-2)c1ccccc1,0.9627438,435.3078,0.1725238,0.1725,0.4906570,3.5600,1.0000000,1.0000,[],12
49.2679,55.0760,62.5738,0.9191391,CC1(C)OB(c2ccc(N(Cc3ccccc3)Cc3ccccc3)cc2C=C2C=C(c3cc4ccccc4s3)N(c3ccccc3)C2=O)OC1(C)C,1,O=C1C(=Cc2cc(N(Cc3ccccc3)Cc3ccccc3)ccc2B2OCCO2)C=C(c2cc3ccccc3s2)N1c1ccccc1,0.9948355,462.8819,0.1113073,0.1113,0.5082664,3.3837,1.0000000,1.0000,[],12
41.8158,41.0315,-41.0315,0.0000000,O=C(ON1Cc2ccnc3cccc1c23)c1cc2ccncc2o1,1,O=C(ON1Cc2ccnc3cccc1c23)c1cc2ccncc2o1,0.0000000,0.0000,0.0000000,0.0000,0.0000000,0.0000,0.0000000,0.0000,"['C(=[O,S])[O,S]']",12
34.8409,38.7463,-30.4831,0.0645560,c1ccc2c(c1)-c1ccccc1C21c2cccc3cc(N(c4ccc5ccccc5c4)c4ccc5c(c4)sc4ccccc45)cc1c23,1,c1ccc2c(c1)-c1ccccc1C21c2cccc3cc(N(c4ccc5ccccc5c4)c4ccc5c(c4)sc4ccccc45)cc1c23,0.0597137,370.0703,0.1915913,0.1916,0.5125787,3.3415,1.0000000,1.0000,[],12
37.0072,44.7120,-33.0473,0.0911307,C=CC(=CCC)c1nc2c3ccccc3n(CCC)c2nc1-c1ccccc1,1,c1ccc(-c2cnc3c(n2)[nH]c2ccccc23)cc1,0.0839570,374.0535,0.3575759,0.3576,0.5760848,2.7575,1.0000000,1.0000,[],12
22.1225,27.4457,-27.4457,0.0000000,c1cccc(c1)-c1nc2sc(c(n2n1)=O)C=Cc1ccc(N(C)C)cc1,0,,0.0000000,0.0000,0.0000000,0.0000,0.0000000,0.0000,0.0000000,0.0000,None,12
50.6582,73.6389,-73.0533,0.0045752,COCCN1c2ccc(-c3sc(C=Cc4ccc(N(C)C)cc4)c4ccc(-c5ccc(C=C(C#N)C=O)s5)nc34)cc2C2C(=O)CCC21,1,O=C1CCC2Nc3ccc(-c4sc(C=Cc5ccccc5)c5ccc(-c6cccs6)nc45)cc3C12,0.0037979,580.4702,0.0839284,0.0839,0.4039531,4.5323,1.0000000,1.0000,[],12
24.8335,30.2270,-24.5120,0.0446480,C(=Cc1cc2ccccc2c2c1oc1ccccc12)c1cccs1,1,C(=Cc1cc2ccccc2c2c1oc1ccccc12)c1cccs1,0.0396203,365.3869,0.3411838,0.3412,0.6159428,2.4230,1.0000000,1.0000,[],12
36.9578,42.5112,-42.5112,0.0000000,N#CC(=Cc1ccc([N+](=O)[O-])c(C=C2SC(=S)N(Cc3ccccc3)C2=O)c1)c1ccccc1,1,O=C1C(=Cc2cccc(C=Cc3ccccc3)c2)SC(=S)N1Cc1ccccc1,0.0000000,0.0000,0.0000000,0.0000,0.0000000,0.0000,0.0000000,0.0000,"['C(=[O,S])[O,S]']",12
29.0759,29.0579,-28.9717,0.0006742,CC(Br)c1cc(-c2ccc([N+](=O)[O-])cc2)on1,1,c1ccc(-c2ccno2)cc1,0.0004752,316.9278,0.4917578,0.4918,0.5604206,2.8953,1.0000000,1.0000,[],12
58.3954,59.2289,-59.2289,0.0000000,CC([S@@+](NC(c1c(cc(cc1)N1CCN(CC1)CCC(F)(C(C(C(F)(C(C(F)(F)F)(F)F)F)(F)F)F)(F)F)c1ccc(C(F)(F)F)cc1)F)(C)C)(C)C,0,,0.0000000,0.0000,0.0000000,0.0000,0.0000000,0.0000,0.0000000,0.0000,None,12
96.8121,108.0780,-108.0780,0.0000000,CCCCCCCCC1C(=O)C=Cc2cc(C=Cc3ccc(C=Cc4ccc(CS(=O)(=O)c5ccc6c(c5)C(C)(CCCCCCCC)c5cc(C=Cc7ccc(C8=CC(=Cc9ccc(S(N)(=O)=O)cc9)C=C(c9ccc(C=CC(=O)O)cc9)O8)cc7)ccc5-6)cc4)cc3)ccc21,1,O=C1C=Cc2cc(C=Cc3ccc(C=Cc4ccc(CS(=O)(=O)c5ccc6c(c5)Cc5cc(C=Cc7ccc(C8=CC(=Cc9ccccc9)C=C(c9ccccc9)O8)cc7)ccc5-6)cc4)cc3)ccc2C1,0.0000000,0.0000,0.0000000,0.0000,0.0000000,0.0000,0.0000000,0.0000,"['C(=[O,S])[O,S]']",12
15.2683,21.2777,-12.8588,0.0657727,N#Cc1c2ccccc2nc2ccccc12,1,c1ccc2nc3ccccc3cc2c1,0.0586127,369.8556,0.5268247,0.5268,0.6920913,1.8402,1.0000000,1.0000,[],12
21.6981,24.5552,-24.4943,0.0004762,COc1ccc(C(=O)c2ccccc2Br)cc1,1,O=C(c1ccccc1)c1ccccc1,0.0003226,312.7186,0.8061573,0.8062,0.7394449,1.5093,1.0000000,1.0000,[],12
50.2278,64.6738,-63.0089,0.0130074,CCN(CC)c1ccc(N=Nc2sc(-c3nc4ccc(-c5ccc(N(c6ccccc6)c6ccccc6)cc5)cc4s3)c(-c3ccc4cc5ccccc5[n+](C)c4c3)c2C#N)c(C)c1,1,c1ccc(N=Nc2cc(-c3ccc4cc5ccccc5[nH+]c4c3)c(-c3nc4ccc(-c5ccc(N(c6ccccc6)c6ccccc6)cc5)cc4s3)s2)cc1,0.0114210,568.4327,0.0737448,0.0737,0.4643906,3.8351,1.0000000,1.0000,[],12
32.6172,40.8527,-40.8527,0.0000000,c12c(N(C3CC3)c3ccc(cc3S(=O)(=O)C=1)-c1ccncc1)cccc2,0,,0.0000000,0.0000,0.0000000,0.0000,0.0000000,0.0000,0.0000000,0.0000,None,12
34.8046,39.6175,-39.6175,0.0000000,Nc1c(C(=O)O)cc(O)c2c1c(-c1ccccc1)cc1ccccc12,1,c1ccc(-c2cc3ccccc3c3ccccc23)cc1,0.0000000,0.0000,0.0000000,0.0000,0.0000000,0.0000,0.0000000,0.0000,"['C(=[O,S])[O,S]']",12
31.3371,32.1364,-23.0923,0.0706569,CCC(C)c1nnc2scc(-c3ccccc3)c2n1,1,c1ccc(-c2csc3nncnc23)cc1,0.0629198,370.6753,0.7125129,0.7125,0.5446869,3.0377,1.0000000,1.0000,[],12
51.4935,63.8574,-61.1159,0.0214173,CN1CC(Nc2ccc3c(=O)c4cc(N=Cc5sc6ccccc6[n+]5C)cc(=N)cc4oc3c2)C1,1,N=c1cc(N=Cc2[nH+]c3ccccc3s2)cc2c(=O)c3ccc(NC4CNC4)cc3oc2c1,0.0184342,563.1574,0.3001692,0.3002,0.5070516,3.3957,1.0000000,1.0000,[],12
30.4138,37.2821,-36.7276,0.0043320,CN(Cc1ccc(N(c2ccccc2)c2ccccc2)cc1)Cc1ccc2c3ccccc3c3ccccc3c2c1,1,c1ccc(N(c2ccccc2)c2ccc(CNCc3ccc4c5ccccc5c5ccccc5c4c3)cc2)cc1,0.0034593,338.5125,0.1899038,0.1899,0.6519482,2.1390,1.0000000,1.0000,[],12
90.0545,109.6696,-109.6696,0.0000000,c12c3cc(-c4nc(-c5ccc(N(CC)CC)cc5)nc5cc(Cl)c(N(CC)CC)cc54)ccc3nc3c(C)c4C(CCCC)(CC)c5c(-c4cc3c2ccc(C(=O)OC)c1)c(-c1ccc(C=C(C#N)C#N)s1)s5,0,,0.0000000,0.0000,0.0000000,0.0000,0.0000000,0.0000,0.0000000,0.0000,None,12
23.6261,27.4772,-26.7701,0.0055240,CC1(C)c2ccccc2-c2ccc(-n3c4ccccc4c4ncccc43)cc21,1,c1ccc2c(c1)Cc1cc(-n3c4ccccc4c4ncccc43)ccc1-2,0.0043908,341.1115,0.3341842,0.3342,0.6394749,2.2355,1.0000000,1.0000,[],12
25.5241,27.9773,-24.4192,0.0277970,CCN(CC)c1ccc2c(c1)C(=O)NCC2C,1,O=C1NCCc2ccccc21,0.0234157,359.4949,0.8674692,0.8675,0.5506929,2.9829,1.0000000,1.0000,[],12
37.3115,43.9899,67.6389,0.8720993,N#CC(C#N)=Cc1nc2oc3ccccc3[n+]2c2c1ccc1c3ccccc3n(-c3ccccc3)c12,1,c1ccc(-n2c3ccccc3c3ccc4cnc5oc6ccccc6[n+]5c4c32)cc1,0.9205599,493.3997,0.2246576,0.2247,0.5111435,3.3555,1.0000000,1.0000,[],12
57.4169,71.9141,36.8527,0.8497406,CCCN1C(=O)c2cc3ccccc3cc2C1=CC=CC=Cc1cc(Cl)ccc1-c1cc(C=Cc2ccc(C=C(C#N)C#N)s2)ccc1OC,1,O=C1NC(=CC=CC=Cc2ccccc2-c2cccc(C=Cc3cccs3)c2)c2cc3ccccc3cc21,0.9176387,493.8263,0.1079678,0.1080,0.4869362,3.5981,1.0000000,1.0000,[],12
59.5682,73.7993,-73.7993,0.0000000,c1cc(cc2c3ccc4n(-c5ccc(cc5)C=Cc5ccc(-n6c7c(nc6-c6ccccc6)cccc8)cc5)c(-c5ccccc5)cc4c3ccc21)C=C1C=Cc2ccccc2N1CCCCCCCCC,0,,0.0000000,0.0000,0.0000000,0.0000,0.0000000,0.0000,0.0000000,0.0000,None,12
48.4818,52.9867,-52.9867,0.0000000,CC(C)(C)N1C(=O)c2c(c3cc(C#CCC(O)C(=O)O)ccc3c(=O)c3ccccc23)C1=O,1,O=C1NC(=O)c2c1c1ccccc1c(=O)c1ccccc21,0.0000000,0.0000,0.0000000,0.0000,0.0000000,0.0000,0.0000000,0.0000,"['C#C', 'C(=[O,S])[O,S]']",12
25.5187,27.2485,35.6521,0.4914110,CN(C)CCNc1nc2ccccc2nc1C#N,1,c1ccc2nccnc2c1,0.4800302,399.1323,0.8778412,0.8778,0.6264137,2.3387,1.0000000,1.0000,[],12
46.9926,56.7476,-14.3773,0.3310187,COc1ccc2cc3c4c(C)c(C)[nH]c(=O)c4c4ccc(=N)c(cc2c1)c34,1,N=c1ccc2c3c(=O)[nH]ccc3c3cc4ccccc4cc1c32,0.3238288,527.9935,0.4643571,0.4644,0.5654127,2.8510,1.0000000,1.0000,[],12
42.9804,59.7856,29.1315,0.6946646,Cc1cc(C=Cc2ccc(C=CC3C=C(C=Cc4ccc(N(c5ccccc5)c5ccccc5)cc4)C(c4ccccc4)=C3)cc2)cc(N(c2ccccc2)c2ccccc2)c1C=Cc1ccc(N(c2ccccc2)c2ccccc2)cc1,1,C(=Cc1ccc(N(c2ccccc2)c2ccccc2)cc1)C1=CC(C=Cc2ccc(C=Cc3ccc(C=Cc4ccc(N(c5ccccc5)c5ccccc5)cc4)c(N(c4ccccc4)c4ccccc4)c3)cc2)C=C1c1ccccc1,0.7518417,412.0349,0.0793134,0.0793,0.4204692,4.3319,1.0000000,1.0000,[],12
60.2273,68.2791,-68.2791,0.0000000,O(c1c2c(ccc(o2)=O)c2c3c4CCCc1c(c4c(cc3c1cc(OC)cc(c1o2)=O)N)C)C,0,,0.0000000,0.0000,0.0000000,0.0000,0.0000000,0.0000,0.0000000,0.0000,None,12
32.9233,41.6781,-41.6781,0.0000000,c1ccc(cc1)-c1c2c3cc(C#N)cc4c3c3c2c(ccc3ccc1)cc4,0,,0.0000000,0.0000,0.0000000,0.0000,0.0000000,0.0000,0.0000000,0.0000,None,12
21.7533,24.8821,-13.1221,0.0918751,O=c1c2c3ccccc3n(Cc3ccccc3)c2nc2ccccn12,1,O=c1c2c3ccccc3n(Cc3ccccc3)c2nc2ccccn12,0.0835965,374.0025,0.4944008,0.4944,0.6528903,2.1317,1.0000000,1.0000,[],12
40.8295,45.2568,74.4823,0.9354616,CCC1=C2C(OC)=C2c2ccccc2-c2ncc3ccccc3c21,1,C1=C2C=C2c2ccccc2-c2ncc3ccccc3c21,0.9570318,433.6945,0.6275526,0.6276,0.5765259,2.7537,1.0000000,1.0000,[],12
41.2159,45.3070,-39.5491,0.0449843,COc1cc([N+](=O)[O-])c(OC)cc1N(C(=N)C=O)S(=O)(=O)c1ccccc1,1,O=S(=O)(Nc1ccccc1)c1ccccc1,0.0403886,365.6041,0.2492705,0.2493,0.5764088,2.7547,1.0000000,1.0000,[],12
53.8956,70.2904,-11.8479,0.4565819,Cn1c(-c2ccc(C#N)cc2)nnc1-c1ccc(-n2cc(C#N)cn2)c2cc(-c3ccc4sc(C=C(C#N)C#N)cc4c3)ccc12,1,c1ccc(-c2nnc(-c3ccc(-n4cccn4)c4cc(-c5ccc6sccc6c5)ccc34)[nH]2)cc1,0.4689802,398.6511,0.1833176,0.1833,0.5026822,3.4390,1.0000000,1.0000,[],12
25.8581,26.8598,-26.4988,0.0028204,C=C1c2ccccc2Oc2c(C)ccc(C)c21,1,C=C1c2ccccc2Oc2ccccc21,0.0021327,333.2463,0.5449455,0.5449,0.6124834,2.4512,1.0000000,1.0000,[],12
31.1906,39.0848,-39.0848,0.0000000,n1c2ccccc2ccc(=O)n1CCCCCCCCS(=O)(=O)O,0,,0.0000000,0.0000,0.0000000,0.0000,0.0000000,0.0000,0.0000000,0.0000,None,12
38.4497,44.2986,35.6266,0.6244151,CC1(C)c2ccccc2-c2ccc(N(c3ccc(C=Cc4ccc(N(c5ccccc5)c5ccc(C=Cc6cccc(N(c7ccccc7)c7ccccc7)c6)cc5)cc4)cc3)c3cccc4ccccc34)cc21,1,C(=Cc1ccc(N(c2ccc3c(c2)Cc2ccccc2-3)c2cccc3ccccc23)cc1)c1ccc(N(c2ccccc2)c2ccc(C=Cc3cccc(N(c4ccccc4)c4ccccc4)c3)cc2)cc1,0.6631209,407.3530,0.1066623,0.1067,0.5081596,3.3848,1.0000000,1.0000,[],12
28.8429,35.0846,38.4127,0.5741981,CCn1c(-c2ccc(OC)cc2)cc2cc(C=C[N+](=O)[O-])ccc21,1,c1ccc(-c2cc3ccccc3[nH]2)cc1,0.5753800,403.2989,0.5099496,0.5099,0.6222197,2.3723,1.0000000,1.0000,[],12
32.8878,43.2469,53.4216,0.7552232,N#CC(C#N)=Cc1c(Cl)c(Cl)c(Cl)c(Cl)c1-n1c(-c2ccccc2)c(C#N)c2ccccc21,1,c1ccc(-c2cc3ccccc3n2-c2ccccc2)cc1,0.7988867,414.9761,0.1590321,0.1590,0.5413679,3.0683,1.0000000,1.0000,[],12
48.4990,54.5440,-54.5440,0.0000000,C1=CC2C3=CC(c4ccc(NC5=CC(N6CCCCC6)=CCC5)cc4)=C2Oc2ccccc2C=C13,1,C1=CC2C3=CC(c4ccc(NC5=CC(N6CCCCC6)=CCC5)cc4)=C2Oc2ccccc2C=C13,0.0000000,0.0000,0.0000000,0.0000,0.0000000,0.0000,0.0000000,0.0000,['[*;r{8-17}]'],12
29.8072,35.1514,-3.0074,0.2511249,Cn1c(C=Cc2ccc(N=C=Nc3ccccc3)cc2)cc2ccccc21,1,C(=Nc1ccccc1)=Nc1ccc(C=Cc2cc3ccccc3[nH]2)cc1,0.2435556,387.6955,0.3771403,0.3771,0.5838826,2.6903,1.0000000,1.0000,[],12
44.7125,50.1754,-50.1754,0.0000000,COC(=O)CNC1=CC(c2ccccc2)Cc2cc(-c3cccc4c3oc3ccccc34)ccc21,1,C1=CC(c2ccccc2)Cc2cc(-c3cccc4c3oc3ccccc34)ccc21,0.0000000,0.0000,0.0000000,0.0000,0.0000000,0.0000,0.0000000,0.0000,"['C(=[O,S])[O,S]']",13
22.0272,28.6296,-28.4966,0.0010389,C=C(C)C=Cc1ccccc1C=Cc1ccccc1,1,C(=Cc1ccccc1)c1ccccc1,0.0007467,321.8365,0.4970457,0.4970,0.6446835,2.1950,1.0000000,1.0000,[],13
44.3684,56.7492,-56.5377,0.0016531,CCN1C(=Cc2c(C=CC=C3N(C)c4ccccc4C3(C)C)nc3sc(CSC)cn23)C(=O)c2ccccc21,1,O=C1C(=Cc2c(C=CC=C3Cc4ccccc4N3)nc3sccn23)Nc2ccccc21,0.0012549,592.5216,0.2299036,0.2299,0.4884584,3.5825,1.0000000,1.0000,[],13
66.9992,65.7583,-65.7583,0.0000000,C1NC(=O)C(=O)N1c1cc2-c3nn(C[C@@](N)(C)C(O)=O)c4OCC(Oc4c3)c2cc1,0,,0.0000000,0.0000,0.0000000,0.0000,0.0000000,0.0000,0.0000000,0.0000,None,13
31.8108,40.6968,81.3009,0.9531066,CN1c2ccccc2C(C)(C)c2cc(C#N)c(C=C(C#N)c3nc4ccccc4s3)nc21,1,C(=Cc1nc2ccccc2s1)c1ccc2c(n1)Nc1ccccc1C2,0.9948400,457.1275,0.3605407,0.3605,0.5350130,3.1273,1.0000000,1.0000,[],13
68.4681,78.5183,-47.6575,0.2411001,CCCCCCCCc1cccc(N=Cc2nnc(-c3ccc(-c4ccc5ccc6ccc(-c7ccc(-c8cc9nc%10ccccc%10nc9c9ccccc89)cc7)nc6c5n4)nc3)nc2CCCCCC)c1,1,C(=Nc1ccccc1)c1cnc(-c2ccc(-c3ccc4ccc5ccc(-c6ccc(-c7cc8nc9ccccc9nc8c8ccccc78)cc6)nc5c4n3)nc2)nn1,0.2525768,388.2207,0.0361444,0.0361,0.4561590,3.9246,1.0000000,1.0000,[],13
31.8107,39.1689,41.6041,0.6310395,CCn1c2ccccc2c2cc(N(C)C(=S)N=Cc3ccc(OC)cc3)ccc21,1,S=C(N=Cc1ccccc1)Nc1ccc2[nH]c3ccccc3c2c1,0.6449606,406.4814,0.3262455,0.3262,0.6021212,2.5365,1.0000000,1.0000,[],13
56.8337,62.9842,-19.2578,0.3416122,COc1ccc(-c2nc(-c3cc(-c4ccc(-c5ccc([N+](=O)[O-])cc5)s4)c(-c4ccc(N(c5ccccc5)c5ccccc5)cc4)n3-c3ccc([N+](=O)[O-])cc3)cc(C(F)(F)F)n2)cc1,1,c1ccc(-c2nccc(-c3cc(-c4ccc(-c5ccccc5)s4)c(-c4ccc(N(c5ccccc5)c5ccccc5)cc4)n3-c3ccccc3)n2)cc1,0.3538008,393.4598,0.0875624,0.0876,0.4979140,3.4866,1.0000000,1.0000,[],13
41.9977,53.3181,-34.1917,0.1494247,Cc1cc(C)c(C=C(C#N)C(=O)c2ccc3oc(=Nc4ccc(Cl)cc4)c4ccccc4c3c2)c(C)c1,1,O=C(C=Cc1ccccc1)c1ccc2oc(=Nc3ccccc3)c3ccccc3c2c1,0.1467852,380.8906,0.1075840,0.1076,0.5702872,2.8081,1.0000000,1.0000,[],13
65.0427,70.6899,-70.6899,0.0000000,c12c3oc4c5c6c(c(C(C)=CC)c(c4c3c3c(C)cccc3c2c(ccc1C)C)C)cc(cc6c(C)c5)C=C,0,,0.0000000,0.0000,0.0000000,0.0000,0.0000000,0.0000,0.0000000,0.0000,None,13
54.5011,61.4615,55.3603,0.9126703,CCCCSC1C=CC=C(S(=O)(=O)c2ccccc2)C(C=Cc2ccc3c(c2)CCCN3CCC)=C1C,1,O=S(=O)(C1=CC=CCC=C1C=Cc1ccc2c(c1)CCCN2)c1ccccc1,0.9593346,434.3186,0.2899481,0.2899,0.4771281,3.6999,1.0000000,1.0000,[],13
48.2893,50.6086,-50.6086,0.0000000,CCc1c2c3c(ccc4c3c1ccc(C(=O)c1ccccc1CC)c4)C(C)CC2,0,,0.0000000,0.0000,0.0000000,0.0000,0.0000000,0.0000,0.0000000,0.0000,None,13
45.7667,64.3049,-61.1490,0.0246554,CCCCCc1nc(N)sc1Cc1ccc(-n2c3ccccc3c3cc(C=Cc4ccc(-n5c6ccccc6c6cc(C=Cc7ccccc7)ccc65)cc4)ccc32)cc1,1,C(=Cc1ccc2c(c1)c1ccccc1n2-c1ccc(C=Cc2ccc3c(c2)c2ccccc2n3-c2ccc(Cc3cncs3)cc2)cc1)c1ccccc1,0.0221309,358.8680,0.0989003,0.0989,0.5192401,3.2769,1.0000000,1.0000,[],13
25.9432,35.2069,-28.7663,0.0503174,COc1ccc(-c2cc3ccc4ccccc4c3c3cc(C=Cc4ccccc4)ccc23)cc1,1,C(=Cc1ccc2c(-c3ccccc3)cc3ccc4ccccc4c3c2c1)c1ccccc1,0.0456643,366.9969,0.1978312,0.1978,0.6480130,2.1692,1.0000000,1.0000,[],13
40.8665,49.3702,12.1387,0.4805386,CCN1c2ccccc2C(=O)c2ccc(CN3c4ccccc4C=Cc4ccccc43)cc2C1C,1,O=C1c2ccc(CN3c4ccccc4C=Cc4ccccc43)cc2CNc2ccccc21,0.4858221,399.3841,0.3164049,0.3164,0.5350330,3.1271,1.0000000,1.0000,[],13
42.1681,49.8956,-42.2261,0.0599173,CCCCCCc1c(-c2ccc(N(c3ccccc3)c3ccccc3)cc2)nc2ccc(-c3ccc(-c4ccc(OC)cc4)nn3)cc2c1-c1ccccc1,1,c1ccc(-c2ccc(-c3ccc4nc(-c5ccc(N(c6ccccc6)c6ccccc6)cc5)cc(-c5ccccc5)c4c3)nn2)cc1,0.0560588,369.3425,0.1112044,0.1112,0.5595686,2.9029,1.0000000,1.0000,[],13
27.9790,29.4240,-28.3376,0.0084876,COc1ccc2cc(-c3ccc(OC)c(Br)c3)c(=O)oc2c1,1,O=c1oc2ccccc2cc1-c1ccccc1,0.0067496,345.8055,0.6550833,0.6551,0.6668144,2.0262,1.0000000,1.0000,[],13
63.6711,68.3169,-68.3169,0.0000000,CCC1C23CCC(CC)(CC)C1(C2=CC(C)(C)CC)c1cc2c(cc13)OC(CC)(CC)C=C2,1,C=C1C23CCCC1(C2)c1cc2c(cc13)C=CCO2,0.0000000,0.0000,0.3793182,0.3793,0.3067094,5.9093,1.0000000,1.0000,[],13
45.8188,61.0822,-34.8716,0.2047706,CC(C)c1nnc(-c2ccc(C=Cc3cccc(C=Cc4ccc(N(c5ccccc5)c5ccccc5)cc4)c3)cc2N2c3ccccc3C=Cc3ccccc32)s1,1,C(=Cc1cccc(C=Cc2ccc(-c3nncs3)c(N3c4ccccc4C=Cc4ccccc43)c2)c1)c1ccc(N(c2ccccc2)c2ccccc2)cc1,0.2037810,385.2033,0.1297908,0.1298,0.5107840,3.3590,1.0000000,1.0000,[],13
32.3081,32.3324,-32.3324,0.0000000,CCOC(=O)C1CCCN(C(=O)c2cc(-c3cc(OC)c(OC)c(OC)c3)on2)C1,1,O=C(c1cc(-c2ccccc2)on1)N1CCCCC1,0.0000000,0.0000,0.0000000,0.0000,0.0000000,0.0000,0.0000000,0.0000,"['C(=[O,S])[O,S]']",13
25.2844,26.2635,-25.8947,0.0028814,O=C(Nc1ccccc1)c1ccc(C(=O)Nc2ccc3ccccc3c2)cc1,1,O=C(Nc1ccccc1)c1ccc(C(=O)Nc2ccc3ccccc3c2)cc1,0.0021775,333.4725,0.5117896,0.5118,0.7301268,1.5727,1.0000000,1.0000,[],13
32.3357,42.9687,22.1145,0.5084618,CCCCN(CCCC)c1cccc(N=Nc2c(C#N)nc(N(C)C)c(C#N)c2C#N)c1,1,c1ccc(N=Nc2cccnc2)cc1,0.5100429,519.5638,0.4557980,0.4558,0.5169401,3.2991,1.0000000,1.0000,[],13
32.2738,33.6577,-33.6577,0.0000000,CCn1cc(C=C2N=C(c3ccc4ncccc4c3)OC2=O)c2ccccc21,1,O=C1OC(c2ccc3ncccc3c2)=NC1=Cc1c[nH]c2ccccc12,0.0000000,0.0000,0.0000000,0.0000,0.0000000,0.0000,0.0000000,0.0000,"['C(=[O,S])[O,S]']",13
44.6360,46.1809,76.9231,0.9617504,CC(CNc1ccc2c(C(F)(F)F)c3c(n2n1)C(=O)c1ccccc1C3=O)N(C)C,1,O=C1c2ccccc2C(=O)c2c1cc1cccnn21,0.9920857,452.4534,0.5517877,0.5518,0.5062611,3.4035,1.0000000,1.0000,[],13
69.5801,76.0352,-76.0352,0.0000000,C=CC(=O)Oc1ccc2c(c1)c(-c1ccc(-c3ccc(N(c4ccccc4)c4ccccc4)cc3)cc1)c(C=Cc1ccc(N(c3ccccc3)c3ccccc3)cc1-c1ccncc1)c1ccc(OCC3CO3)cc12,1,C(=Cc1c(-c2ccc(-c3ccc(N(c4ccccc4)c4ccccc4)cc3)cc2)c2ccccc2c2cc(OCC3CO3)ccc12)c1ccc(N(c2ccccc2)c2ccccc2)cc1-c1ccncc1,0.0000000,0.0000,0.0000000,0.0000,0.0000000,0.0000,0.0000000,0.0000,"['C(=[O,S])[O,S]']",13
22.5694,26.0372,18.1167,0.3449526,COc1cccc2cc3ccccc3c(O)c12,1,c1ccc2cc3ccccc3cc2c1,0.3334038,392.4777,0.6383749,0.6384,0.6906542,1.8506,1.0000000,1.0000,[],13
25.5817,35.9591,-25.9558,0.0781509,Cn1c(=N)ccc2oc3ccc(C=O)cc3c21,1,N=c1ccc2oc3ccccc3c2[nH]1,0.0701320,371.9374,0.6465664,0.6466,0.5620305,2.8810,1.0000000,1.0000,[],13
28.5793,32.8230,-32.8230,0.0000000,Cc1cc(C)c(C#Cc2c(C)cc(C)c(C#N)c2C)c(C)c1,1,C(#Cc1ccccc1)c1ccccc1,0.0000000,0.0000,0.0000000,0.0000,0.0000000,0.0000,0.0000000,0.0000,['C#C'],13
37.4801,41.3690,-41.3690,0.0000000,Clc1ccc(C2=CC3c4ccccc4C=CCN3N2c2ccc(Br)cc2)cc1,1,C1=Cc2ccccc2C2C=C(c3ccccc3)N(c3ccccc3)N2C1,0.0000000,0.0000,0.0000000,0.0000,0.0000000,0.0000,0.0000000,0.0000,['[#7;!n][#7;!n]'],13
49.4415,56.5642,-56.2322,0.0025936,CN1C=Nc2c(oc3ccccc23)N(c2ccc(-c3nc4ccccn4n3)cn2)C1=O,1,O=C1NC=Nc2c(oc3ccccc23)N1c1ccc(-c2nc3ccccn3n2)cn1,0.0019735,332.4025,0.4308456,0.4308,0.5243794,3.2277,1.0000000,1.0000,[],13
21.8479,29.8620,-29.0684,0.0061998,c1ccc2c(c1)ccc1c3ccccc3c3ccc(-n4c5ccccc5c5ccccc54)cc3c21,1,c1ccc2c(c1)ccc1c3ccccc3c3ccc(-n4c5ccccc5c5ccccc54)cc3c21,0.0050185,342.5691,0.2226857,0.2227,0.6604466,2.0742,1.0000000,1.0000,[],13
54.8644,64.3415,-64.3415,0.0000000,CCCCn1c(-c2ccc3c(c2)c2ccccc2n3CC2=c3ccccc3=C3CN(c4ccccc4)c4c3cccc42)nc2cc3ccccc3cc21,1,c1ccc(N2CC3=c4ccccc4=C(Cn4c5ccccc5c5cc(-c6nc7cc8ccccc8cc7[nH]6)ccc54)c4cccc3c42)cc1,0.0000000,0.0000,0.1672683,0.1673,0.4209487,4.3262,1.0000000,1.0000,[],13
36.3127,42.5687,-42.5687,0.0000000,C(=NN=Cc1ccc(-c2c3ccccc3nc3c2c2ccccc2n3-c2ccc(-c3ccccc3)cc2)cc1)c1ccccc1,1,C(=NN=Cc1ccc(-c2c3ccccc3nc3c2c2ccccc2n3-c2ccc(-c3ccccc3)cc2)cc1)c1ccccc1,0.0000000,0.0000,0.0000000,0.0000,0.0000000,0.0000,0.0000000,0.0000,['[#7;!n][#7;!n]'],13
45.1174,52.8059,-52.8059,0.0000000,CCCCC1c2cc(C#Cc3ccc(N(c4ccccc4)c4ccccc4)cc3)ccc2S(=O)(=O)CN1S(=O)(=O)c1ccccc1,1,O=S1(=O)CN(S(=O)(=O)c2ccccc2)Cc2cc(C#Cc3ccc(N(c4ccccc4)c4ccccc4)cc3)ccc21,0.0000000,0.0000,0.0000000,0.0000,0.0000000,0.0000,0.0000000,0.0000,['C#C'],13
40.0936,53.4427,-14.3067,0.3057496,Cc1oc(-c2ccc(C=Cc3ccc(N(c4ccccc4)c4ccc(C=Cc5ccccc5)cc4)cc3)cc2)cc1C=Cc1ccc2c(c1)C(C)(C)c1ccccc1-2,1,C(=Cc1ccc(N(c2ccccc2)c2ccc(C=Cc3ccc(-c4cc(C=Cc5ccc6c(c5)Cc5ccccc5-6)co4)cc3)cc2)cc1)c1ccccc1,0.3104888,391.3376,0.1295657,0.1296,0.5338006,3.1387,1.0000000,1.0000,[],13
41.1397,48.5602,-48.2935,0.0020835,CN(CCCN1Cc2[nH]c3ccc(C=Nc4ccccc4)cc3c2C1=O)c1cccc2ccccc12,1,O=C1c2c([nH]c3ccc(C=Nc4ccccc4)cc23)CN1CCCNc1cccc2ccccc12,0.0015871,330.0320,0.2730067,0.2730,0.5717105,2.7956,1.0000000,1.0000,[],13
34.6962,45.9762,-45.9762,0.0000000,O=C(Nc1cccc(c1)-c1c2ccc(=N)c(-c3c-2oc2ccccc2c3=O)cc1)C,0,,0.0000000,0.0000,0.0000000,0.0000,0.0000000,0.0000,0.0000000,0.0000,None,13
53.3832,61.3378,-61.3378,0.0000000,c1c2c(C(c3c-2ccc(-c2nc4c(c5cc(-c6cc7c(cccc7)o6)ccc4n5)cc2)c3)(C)C)cc(-c2c3n(c4c2cccc4)c2ccccc2n3)c1,0,,0.0000000,0.0000,0.0000000,0.0000,0.0000000,0.0000,0.0000000,0.0000,None,13
111.6638,138.1421,-30.6277,0.8399558,CCCCC(CC)CC(C1=CC(=O)C(=Cc2ccc(-c3nc4ccccc4nc3C=Cc3ncc(C#N)c(-c4cc(CN5CCC6CCC(=O)N=C65)ccc4N4C(=O)C=CC4=O)c3O)cc2)C=C1)=C1SC(C#N)=C(C#N)S1,1,O=C1CCC2CCN(Cc3ccc(N4C(=O)C=CC4=O)c(-c4ccnc(C=Cc5nc6ccccc6nc5-c5ccc(C=C6C=CC(C=C7SC=CS7)=CC6=O)cc5)c4)c3)C2=N1,0.9247005,492.7698,0.0761999,0.0762,0.3197708,5.7008,1.0000000,1.0000,[],13
38.3928,47.7006,-47.7006,0.0000000,c1(-c2c3c(=CC=3)c3n2ccc2c3cccc2)cc2c(cc1)n(c1c2cccc1)CC,0,,0.0000000,0.0000,0.0000000,0.0000,0.0000000,0.0000,0.0000000,0.0000,None,13
26.5039,26.3570,-26.3212,0.0002801,Clc1ccc2c(c1)C1(c3ccccc3S2)c2ccccc2-c2ccccc21,1,c1ccc2c(c1)Sc1ccccc1C21c2ccccc2-c2ccccc21,0.0001920,307.0869,0.2681397,0.2681,0.5731459,2.7831,1.0000000,1.0000,[],13
33.2345,37.4727,-2.9611,0.2696218,C1=C2c3ccccc3NC2c2cc(-c3ccc(N(c4ccccc4)c4ccccc4)cc3)ccc21,1,C1=C2c3ccccc3NC2c2cc(-c3ccc(N(c4ccccc4)c4ccccc4)cc3)ccc21,0.2648531,388.9158,0.2953229,0.2953,0.5489973,2.9983,1.0000000,1.0000,[],13
43.5066,45.4238,-45.4238,0.0000000,COC(=O)c1ccccc1-c1[nH]c(S(=O)(=O)c2ccc3ccccc3c2)c2ccccc12,1,O=S(=O)(c1ccc2ccccc2c1)c1[nH]c(-c2ccccc2)c2ccccc12,0.0000000,0.0000,0.0000000,0.0000,0.0000000,0.0000,0.0000000,0.0000,"['C(=[O,S])[O,S]']",13
39.0939,40.2910,-27.9996,0.0960269,O=[N+]([O-])c1cccc2ccc3n(Cc4ccccc4F)cc[n+]3c12,1,c1ccc(Cn2cc[n+]3c4ccccc4ccc23)cc1,0.0889690,374.7426,0.3293348,0.3293,0.5679801,2.8283,1.0000000,1.0000,[],13
60.9125,70.3164,-32.7362,0.2935955,C(=Cc1cc(C=Cc2nc3ccccc3c3ccccc23)ccc1-n1ccc2ccccc2c1=Nc1ccccc1)c1ccc(Sn2ccnc2)cc1,1,C(=Cc1cc(C=Cc2nc3ccccc3c3ccccc23)ccc1-n1ccc2ccccc2c1=Nc1ccccc1)c1ccc(Sn2ccnc2)cc1,0.2989089,390.7441,0.1171527,0.1172,0.4968720,3.4971,1.0000000,1.0000,[],13
22.9978,28.9371,14.0425,0.3357778,N#Cc1cc([N+](=O)[O-])cc2nc3ccccc3nc12,1,c1ccc2nc3ccccc3nc2c1,0.3302405,392.3228,0.3756085,0.3756,0.6252609,2.3479,1.0000000,1.0000,[],13
53.1964,62.0868,33.8283,0.7493368,COc1ccc(-c2nc3nc4ccc5c(c4c(-c4ccc(N(c6ccccc6)c6ccccc6)cc4)c3c(-c3ccccc3)c2C#N)=C(c2ccc(Br)cc2)C=5)cc1,1,C1=c2ccc3nc4nc(-c5ccccc5)cc(-c5ccccc5)c4c(-c4ccc(N(c5ccccc5)c5ccccc5)cc4)c3c2=C1c1ccccc1,0.7960165,505.2168,0.1430978,0.1431,0.5088686,3.3778,1.0000000,1.0000,[],13
44.6459,56.3978,-38.0098,0.1436561,Cc1ccc(Nc2ccc(C=Cc3ccc(N4CCN(C)C5CCCC54)cc3)cc2C#N)cc1,1,C(=Cc1ccc(N2CCNC3CCCC32)cc1)c1ccc(Nc2ccccc2)cc1,0.1348400,379.8181,0.4553391,0.4553,0.5156035,3.3121,1.0000000,1.0000,[],13
53.1107,64.8958,-34.6228,0.2365077,N#Cc1ccc2c(c1)C(C#N)(N=c1cc(Nc3ccc(-c4nnc(-c5ccccc5)o4)cc3)c1=N)c1ccccc1-2,1,N=c1c(Nc2ccc(-c3nnc(-c4ccccc4)o3)cc2)cc1=NC1c2ccccc2-c2ccccc21,0.2314571,386.9701,0.2931526,0.2932,0.4778293,3.6925,1.0000000,1.0000,[],13
34.6246,37.2341,-37.2341,0.0000000,CC(C)(C)c1ccc(-n2c(SCC(=O)O)nc3cc(C(=O)c4ccccc4)ccc32)cc1,1,O=C(c1ccccc1)c1ccc2c(c1)ncn2-c1ccccc1,0.0000000,0.0000,0.0000000,0.0000,0.0000000,0.0000,0.0000000,0.0000,"['C(=[O,S])[O,S]']",13
36.9224,42.4437,-38.4818,0.0309527,CCCCCCn1c(C=Cc2cc([N+](=O)[O-])c(Cl)cc2Cl)nc2ccccc2c1=O,1,O=c1[nH]c(C=Cc2ccccc2)nc2ccccc12,0.0272947,361.2024,0.2291111,0.2291,0.6041155,2.5199,1.0000000,1.0000,[],13
62.3058,76.2154,-76.2154,0.0000000,s1cc(c2c1C(c1cc3ccccc3cc1C2=O)=O)-c1sc(cc1)-c1sc2c(sc(c2)-c2sc(c3C=Cc4ccc5c(c24)cccc5)-c2ncccc23)c1,0,,0.0000000,0.0000,0.0000000,0.0000,0.0000000,0.0000,0.0000000,0.0000,None,13
32.9943,42.8152,-42.8152,0.0000000,c1(ccccc1N(c1ccc2c3c4c(c(ccc4cc2)N(c2ccccc2)c2ccccc2)cccc31)c1ccccc1)-c1cc2C(C)(c3c(-c2cc1)cccc3)C,0,,0.0000000,0.0000,0.0000000,0.0000,0.0000000,0.0000,0.0000000,0.0000,None,13
27.1577,27.6650,-27.6650,0.0000000,CC(=NNC(=O)c1ccccc1O)c1ccccc1[N+](=O)[O-],1,O=C(NN=Cc1ccccc1)c1ccccc1,0.0000000,0.0000,0.0000000,0.0000,0.0000000,0.0000,0.0000000,0.0000,['[#7;!n][#7;!n]'],13
53.7928,73.8766,-73.8766,0.0000000,c1(ccc(cc1)N(CC)CC)-c1c(c2ccc(cc2oc1C=Cc1ccc(N(CC)CC)cc1C)OCCC)C=Cc1cc(c(c(CC)c1)OC)C=Cc1ccc(N(CC)CC)cc1,0,,0.0000000,0.0000,0.0000000,0.0000,0.0000000,0.0000,0.0000000,0.0000,None,13
21.3287,30.0025,90.2660,0.9395979,CSc1ccc2cc3ccc(N(C)C)cc3cc2c1,1,c1ccc2cc3ccccc3cc2c1,0.9668682,436.6281,0.4853260,0.4853,0.6502896,2.1517,1.0000000,1.0000,[],13
38.7968,53.2638,-21.0279,0.2518431,CCn1c2ccccc2c2ccc(-c3nc(C=Cc4ccc5c(c4)C(C)(C)c4ccccc4-5)nc(-c4cccc(C(F)(F)F)c4)n3)cc21,1,C(=Cc1nc(-c2ccccc2)nc(-c2ccc3c(c2)[nH]c2ccccc23)n1)c1ccc2c(c1)Cc1ccccc1-2,0.2500568,388.0753,0.1888266,0.1888,0.5439717,3.0443,1.0000000,1.0000,[],13
38.8640,54.7958,-25.0209,0.2326163,CCn1c2ccccc2c2cc(-c3nc4ccc(C=Cc5cc(-c6ccc(C=Cc7ccc(N(c8ccccc8)c8ccccc8)cc7)cc6)nn5-c5ccccc5)cc4s3)ccc21,1,C(=Cc1ccc(N(c2ccccc2)c2ccccc2)cc1)c1ccc(-c2cc(C=Cc3ccc4nc(-c5ccc6[nH]c7ccccc7c6c5)sc4c3)n(-c3ccccc3)n2)cc1,0.2335638,387.0982,0.1218033,0.1218,0.5061234,3.4049,1.0000000,1.0000,[],13
33.2737,36.9902,-36.9551,0.0002747,COc1ccc(Oc2ccc3c4cnccc4n(N)c3c2)cc1,1,c1ccc(Oc2ccc3c(c2)[nH]c2ccncc23)cc1,0.0001832,306.5745,0.5861573,0.5862,0.6367030,2.2573,1.0000000,1.0000,[],13
42.1833,53.0380,-53.0380,0.0000000,CC1(C)OB(c2ccc(C=Cc3nc(-c4ccc(N(c5ccccc5)c5ccccc5)cc4)c(C#N)n3-c3ccc(C(=O)O)cc3)cc2)OC1(C)C,1,C(=Cc1nc(-c2ccc(N(c3ccccc3)c3ccccc3)cc2)cn1-c1ccccc1)c1ccc(B2OCCO2)cc1,0.0000000,0.0000,0.0000000,0.0000,0.0000000,0.0000,0.0000000,0.0000,"['C(=[O,S])[O,S]']",13
51.8125,61.4062,-61.4062,0.0000000,C(=Cc1ccc(N2CCCc3ccccc32)cc1)CN(c1ccc(C=C2CC=C3C=CC2=C3)cc1)C1Cc2ccccc2C1,1,C(=Cc1ccc(N2CCCc3ccccc32)cc1)CN(c1ccc(C=C2CC=C3C=CC2=C3)cc1)C1Cc2ccccc2C1,0.0000000,0.0000,0.2182398,0.2182,0.4416010,4.0867,1.0000000,1.0000,[],13
30.9978,40.2869,-37.0107,0.0255957,COc1ccc(C=Cc2nc3ncc(-c4ccc(Cl)cc4)c(-c4ccc(Cl)cc4)n3n2)cc1,1,C(=Cc1nc2ncc(-c3ccccc3)c(-c3ccccc3)n2n1)c1ccccc1,0.0222100,358.9076,0.2774270,0.2774,0.6061824,2.5029,1.0000000,1.0000,[],13
44.9709,61.6676,-61.6676,0.0000000,c12c(-c3cccnc3)c3c(oc(-c4ccc(cc4)C)c3C=Cc3ccc(-n4c5ccccc5c5c4cccc5)c3)cc2n(C)c2ccccc21,0,,0.0000000,0.0000,0.0000000,0.0000,0.0000000,0.0000,0.0000000,0.0000,None,13
56.2395,63.9425,-63.9425,0.0000000,CCCCCCCCCc1c(CCCCCCCC)ccc2cc(-c3cc(CCC)cc4c5ccc6ccc(=O)c(ccc35)c64)ccc12,1,O=c1ccc2ccc3c4ccc1c2c3cccc4-c1ccc2ccccc2c1,0.0000000,0.0000,0.0857965,0.0858,0.4576644,3.9081,1.0000000,1.0000,[],13
28.7163,38.5875,83.2077,0.9515254,CCN(CC)c1ccc(C=Cc2nnc(CN3CCCCC3)c3nc4ccccc4n23)cc1,1,C(=Cc1nnc(CN2CCCCC2)c2nc3ccccc3n12)c1ccccc1,0.9889122,448.7578,0.3912929,0.3913,0.5784628,2.7369,1.0000000,1.0000,[],14
44.7869,47.2976,-47.2976,0.0000000,Cc1cnc(-c2ccc3nc4n(c3c2)C2CC=C4CC2)c(C#N)c1F,1,C1=C2CCC(C1)n1c2nc2ccc(-c3ccccn3)cc21,0.0000000,0.0000,0.6580407,0.6580,0.4273193,4.2511,1.0000000,1.0000,[],14
34.1983,46.6094,-22.7089,0.1867225,CCCCCCc1sc(-c2ccc(N(c3ccccc3)c3ccccc3)cc2)c(C=Cc2ccncc2)c1-c1ccc(N(c2ccccc2)c2ccccc2)cc1,1,C(=Cc1c(-c2ccc(N(c3ccccc3)c3ccccc3)cc2)csc1-c1ccc(N(c2ccccc2)c2ccccc2)cc1)c1ccncc1,0.1864283,384.0029,0.0971044,0.0971,0.5366162,3.1124,1.0000000,1.0000,[],14
46.7919,48.2268,-48.2268,0.0000000,c1c(cccc1)-c1c2ccccc2nc(n1)C1C=C2N(C3C(C=CN=3)C=2)c2c1cccc2,0,,0.0000000,0.0000,0.0000000,0.0000,0.0000000,0.0000,0.0000000,0.0000,None,14
63.4242,77.8328,-77.8030,0.0002330,CN(C)c1ccc(C(=O)c2ccc3c(c2)N(c2ccc(F)cc2)C(=CC=C2C=Cc4cc(S(=O)(=O)O)ccc4C2(C)C)C=C3C=Cc2ccc(N(c3ccccc3)c3ccccc3)cc2)cc1,1,O=C(c1ccccc1)c1ccc2c(c1)N(c1ccccc1)C(=CC=C1C=Cc3ccccc3C1)C=C2C=Cc1ccc(N(c2ccccc2)c2ccccc2)cc1,0.0001639,614.6321,0.1022790,0.1023,0.4537189,3.9514,1.0000000,1.0000,[],14
50.2960,62.3330,-62.3330,0.0000000,c12c3ccc4ccc(c(ccc2ccc2cccc3c2ccc2c1c4ccc2)N1c2ccccc2OCC1=O)=O,0,,0.0000000,0.0000,0.0000000,0.0000,0.0000000,0.0000,0.0000000,0.0000,None,14
28.1423,34.7174,66.8073,0.7931617,CCc1ccc(N(c2ccccc2)c2ccc(C=CC3=Nc4ccccc4C3)cc2)cc1,1,C(=Cc1ccc(N(c2ccccc2)c2ccccc2)cc1)C1=Nc2ccccc2C1,0.8214775,416.5726,0.3114098,0.3114,0.6092452,2.4777,1.0000000,1.0000,[],14
19.1650,21.7633,-21.3420,0.0032913,Nc1ccc2ccc(=O)oc2c1,1,O=c1ccc2ccccc2o1,0.0025167,335.0483,0.4686725,0.4687,0.6640944,2.0467,1.0000000,1.0000,[],14
58.5406,64.3570,-64.3570,0.0000000,CC12CC(=S)C3=C1C(=CCO3)C=C2C#Cc1ccc(F)cc1F,1,S=C1CC2C(C#Cc3ccccc3)=CC3=CCOC1=C32,0.0000000,0.0000,0.0000000,0.0000,0.0000000,0.0000,0.0000000,0.0000,['C#C'],14
34.0369,36.8810,-36.7595,0.0009489,CCC1(C)c2c(ccc3ccccc23)OCN1S(=O)(=O)c1ccc(OC)cc1,1,O=S(=O)(c1ccccc1)N1COc2ccc3ccccc3c2C1,0.0006754,320.7456,0.6497563,0.6498,0.5491807,2.9966,1.0000000,1.0000,[],14
35.0177,42.2314,10.5251,0.4121602,N#Cc1ccc2cc3c(-c4ccc(Cl)cc4)nn(C#N)c3cc2c1,1,c1ccc(-c2n[nH]c3cc4ccccc4cc23)cc1,0.4064111,395.8870,0.5079010,0.5079,0.5871801,2.6621,1.0000000,1.0000,[],14
43.5153,46.5467,69.4717,0.9063935,CCCCCC[n+]1ccccc1-c1ccc2nc3c(cc2c1)Nc1ccccc1N3,1,c1ccc(-c2ccc3nc4c(cc3c2)Nc2ccccc2N4)[nH+]c1,0.9533721,432.7654,0.2522653,0.2523,0.5598718,2.9002,1.0000000,1.0000,[],14
24.4206,25.9697,-24.5213,0.0113151,O=c1oc2ccccc2cc1-c1ccc(-n2cccc2)cc1,1,O=c1oc2ccccc2cc1-c1ccc(-n2cccc2)cc1,0.0092045,349.2004,0.5165328,0.5165,0.6657404,2.0343,1.0000000,1.0000,[],14
21.5292,29.8468,-29.7489,0.0007644,Cc1noc(-c2ccccc2)c1C=Cc1ccccc1,1,C(=Cc1cnoc1-c1ccccc1)c1ccccc1,0.0005352,318.2187,0.6751751,0.6752,0.6562817,2.1058,1.0000000,1.0000,[],14
36.7443,43.0646,-43.0646,0.0000000,c1(-c2ccc(N(c3ccccc3)c3ccccc3)c3sc4ccccc4c23)cc2c(cc1)c1c(cc(N(c3ccccc3)c3ccccc3)cc1)c2-c1ccccc1,0,,0.0000000,0.0000,0.0000000,0.0000,0.0000000,0.0000,0.0000000,0.0000,None,14
63.5729,64.6038,-64.6038,0.0000000,CCCCCCN(CCCCCC)CCCCCOc1ccc2c(c1)C=CCOC1(c3nnc(C)s3)CC=CC=C21,1,C1=CCC2(c3nncs3)OCC=Cc3ccccc3C2=C1,0.0000000,0.0000,0.0000000,0.0000,0.0000000,0.0000,0.0000000,0.0000,['[*;r{8-17}]'],14
24.6585,33.9042,89.1462,0.9613307,CCOc1ccc(C=C2C=Cc3cc4ccccc4cc3C2=O)cc1,1,O=C1C(=Cc2ccccc2)C=Cc2cc3ccccc3cc21,0.9847824,445.2748,0.5913942,0.5914,0.6341052,2.2777,1.0000000,1.0000,[],14
23.5521,30.1425,85.8785,0.9064140,Cc1ccc(N(c2ccccc2)c2ccc3cccc4c3c2-c2ccccc2-4)cc1,1,c1ccc(N(c2ccccc2)c2ccc3cccc4c3c2-c2ccccc2-4)cc1,0.9456691,431.0173,0.2971399,0.2971,0.6445822,2.1958,1.0000000,1.0000,[],14
28.2099,32.3608,-32.3608,0.0000000,CCOC(=O)C1CCN(C(=O)c2c(C)c3ccc(N(CC)CC)cc3oc2=O)CC1,1,O=C(c1cc2ccccc2oc1=O)N1CCCCC1,0.0000000,0.0000,0.0000000,0.0000,0.0000000,0.0000,0.0000000,0.0000,"['C(=[O,S])[O,S]']",14
36.9080,51.9828,69.8619,0.9519115,CCN(CC)c1ccc(-c2cc(C#N)nc(C=Cc3cc(N(C)C)c([N+](=O)[O-])s3)n2)cc1,1,C(=Cc1cccs1)c1nccc(-c2ccccc2)n1,0.9950034,457.4788,0.3503626,0.3504,0.5204566,3.2652,1.0000000,1.0000,[],14
38.3666,41.7700,-41.7700,0.0000000,O=C(c1ccc(cc1)N1C(c2c3c(C1=O)ccc1c3c(c3ccccc32)cc(c1)-c1ccccc1)=O)OC,0,,0.0000000,0.0000,0.0000000,0.0000,0.0000000,0.0000,0.0000000,0.0000,None,14
29.5727,39.9971,21.4389,0.4799687,CCN1C(=Cc2nc3ccccc3s2)C(C)(C)c2cc(-n3c4ccccc4c4ccccc43)ccc21,1,C(=C1Cc2cc(-n3c4ccccc4c4ccccc43)ccc2N1)c1nc2ccccc2s1,0.4878409,399.4718,0.2503150,0.2503,0.5884377,2.6514,1.0000000,1.0000,[],14
40.8058,49.7975,35.3592,0.6652869,CC1=CC(C)(C)N(C)c2cc(C)c(C=Nc3ccc(C=Cc4cncc5ccccc45)c(C)c3)cc21,1,C1=Cc2cc(C=Nc3ccc(C=Cc4cncc5ccccc45)cc3)ccc2NC1,0.6867449,408.5224,0.2795425,0.2795,0.5407466,3.0740,1.0000000,1.0000,[],14
35.7457,48.5071,70.5146,0.9298571,N#CC(C#N)=CC(C#N)=Cc1ccc(-n2c3ccccc3c3cc4c5ccccc5n(-c5cccc(C#N)c5)c4cc32)cc1,1,c1ccc(-n2c3ccccc3c3cc4c5ccccc5n(-c5ccccc5)c4cc32)cc1,0.9949625,462.6104,0.1586276,0.1586,0.5301803,3.1727,1.0000000,1.0000,[],14
51.2250,59.9392,-50.7536,0.0717626,Cc1cc(-c2ccc3nnnn3c2)cc(P(N=C=S)(=C(C#N)C#N)c2ccccc2)c1C,1,C=[PH](c1ccccc1)c1cccc(-c2ccc3nnnn3c2)c1,0.0662977,371.2823,0.2656783,0.2657,0.4336904,4.1771,1.0000000,1.0000,[],14
70.7241,86.0763,-86.0763,0.0000000,c1cc(N(c2ccccc2)c2ccc(cc2)C=O)ccc1C=Cc1nc2c(CCc3ccc(N(c4ccc(cc4)C=CC=C4C=CC(=N4)C)C)cc3F)ccc3ccccc3c2nc1,0,,0.0000000,0.0000,0.0000000,0.0000,0.0000000,0.0000,0.0000000,0.0000,None,14
31.6619,41.4738,-24.8701,0.1297161,CCN1C(=O)C(=Cc2c(C#N)cccc2OC)SC1=NS(=O)(=O)c1ccc(C)cc1,1,O=C1NC(=NS(=O)(=O)c2ccccc2)SC1=Cc1ccccc1,0.1193671,378.3022,0.6580019,0.6580,0.5892949,2.6441,1.0000000,1.0000,[],14
55.1600,66.6635,-66.6635,0.0000000,c1c(-c2ccc3c4c2CCc4ccc3N(c2ccccc2)c2ccccc2)cc2C(=CCC(=[N+]=[N-])n3c4ccccc4c(c13)c2)C,0,,0.0000000,0.0000,0.0000000,0.0000,0.0000000,0.0000,0.0000000,0.0000,None,14
44.3094,57.4097,-57.4097,0.0000000,c1c2c3nc(C=Cc4ccc(C)cc4)cc(=O)n3c(c2cc(Cl)c1C=Cc1ccc(N(c2ccccc2)c2ccccc2)cc1)-c1ccccc1,0,,0.0000000,0.0000,0.0000000,0.0000,0.0000000,0.0000,0.0000000,0.0000,None,14
29.0450,35.8838,39.7002,0.5904998,CCC1C(=Cc2cc3ccccc3s2)c2ccccc2N1C,1,C(=C1CNc2ccccc21)c1cc2ccccc2s1,0.5916910,404.0276,0.5893269,0.5893,0.5382013,3.0976,1.0000000,1.0000,[],14
31.3247,34.6523,-34.6523,0.0000000,C(Cn1c2c(c3ccc4c(cccc4)c31)CCN=2)C,0,,0.0000000,0.0000,0.0000000,0.0000,0.0000000,0.0000,0.0000000,0.0000,None,14
63.0530,78.9539,36.7930,0.9042725,CC(=O)c1ccc(-n2c(=S)c(C#N)c(C(CN)C(=O)c3cc(Br)c(Br)c(Br)c3Br)c3ccccc32)o1,1,O=C(Cc1cc(=S)n(-c2ccco2)c2ccccc12)c1ccccc1,0.9861277,446.2946,0.0926671,0.0927,0.4495245,3.9978,1.0000000,1.0000,[],14
36.7690,40.3531,-37.9524,0.0187561,CC=Cc1c2c(cc3c1C(C)(C)CCC3(C)C)N(C)C(C)(C)C=C2C,1,C1=Cc2cc3c(cc2NC1)CCCC3,0.0157281,355.0890,0.5508314,0.5508,0.5052867,3.4131,1.0000000,1.0000,[],14
30.8540,37.7064,64.0859,0.7952528,CCN(CC)c1ccc(C2=CC(=O)C(c3ccccc3)=C2c2ccc(Br)cc2)cc1,1,O=C1C=C(c2ccccc2)C(c2ccccc2)=C1c1ccccc1,0.8169187,503.7616,0.4017587,0.4018,0.6177581,2.4083,1.0000000,1.0000,[],14
21.7908,21.6345,-21.6345,0.0000000,COC(=O)Nc1cccc(C(F)(F)F)c1,1,c1ccccc1,0.0000000,0.0000,0.0000000,0.0000,0.0000000,0.0000,0.0000000,0.0000,"['C(=[O,S])[O,S]']",14
20.5668,20.6873,-20.6838,0.0000272,FC(F)(F)c1ccc2nnnn2c1,1,c1ccn2nnnc2c1,0.0000161,280.1382,0.6221993,0.6222,0.5917482,2.6234,1.0000000,1.0000,[],14
37.5297,52.1561,47.0029,0.7746797,CCN(CC)c1ccc(C=Cc2nc(C)n(-c3ccc(Br)cc3)c2C=Cc2cccc(Br)c2)cc1,1,C(=Cc1ncn(-c2ccccc2)c1C=Cc1ccccc1)c1ccccc1,0.8133081,415.9782,0.2041824,0.2042,0.5674986,2.8326,1.0000000,1.0000,[],14
26.9243,45.1400,66.5207,0.8723496,Cc1cc(C=C(C#N)C#N)sc1-c1ccc(-c2ccc(-c3ccc(C=C(C#N)CC#N)cc3)s2)s1,1,c1ccc(-c2ccc(-c3ccc(-c4cccs4)s3)s2)cc1,0.9187804,493.6612,0.2461282,0.2461,0.4957100,3.5088,1.0000000,1.0000,[],14
45.2501,62.3122,26.4079,0.6931262,CCN(CC)c1ccc(-c2oc(C)c(C=CC(=Nc3ccc(N(CC)CC)cc3C)c3nc4ccc(OC)cc4[nH]c3=O)c2C#N)cc1,1,O=c1[nH]c2ccccc2nc1C(C=Cc1coc(-c2ccccc2)c1)=Nc1ccccc1,0.7346787,508.9419,0.1365951,0.1366,0.4986938,3.4788,1.0000000,1.0000,[],14
60.1352,73.5306,42.7082,0.9081160,CCN(CC)c1ccc(N=Nc2ccc(C(=O)c3ccc(N(c4ccc(OC)cc4)c4ccc(-n5nc6c(c5C)-c5ccccc5C6)cc4)c(OC)c3)cc2)c(OC)c1,1,O=C(c1ccc(N=Nc2ccccc2)cc1)c1ccc(N(c2ccccc2)c2ccc(-n3cc4c(n3)Cc3ccccc3-4)cc2)cc1,0.9927952,466.5191,0.0800552,0.0801,0.5025154,3.4406,1.0000000,1.0000,[],14
44.7388,53.9190,-51.3209,0.0202978,O=C(c1ccc(C=Cc2c(S(=O)(=O)O)ccc3oc(=O)c4ccccc4c23)cc1)c1cccc2ccccc12,1,O=C(c1ccc(C=Cc2cccc3oc(=O)c4ccccc4c23)cc1)c1cccc2ccccc12,0.0180616,356.6168,0.0866669,0.0867,0.5884584,2.6512,1.0000000,1.0000,[],14
23.1108,31.7723,75.5145,0.8381782,CCCCc1ccc(C(=O)C=Cc2ccc(N(C)CCO)cc2)cc1,1,O=C(C=Cc1ccccc1)c1ccccc1,0.8538905,419.1681,0.5460237,0.5460,0.6597798,2.0792,1.0000000,1.0000,[],14
51.6799,57.1245,-57.1245,0.0000000,CCn1c(=O)n(C2CCC2)c2ccc(-c3ccc(N4CCC5(C=C5C(=O)O)CC4)cc3F)cc21,1,O=c1[nH]c2cc(-c3ccc(N4CCC5(C=C5)CC4)cc3)ccc2n1C1CCC1,0.0000000,0.0000,0.0000000,0.0000,0.0000000,0.0000,0.0000000,0.0000,"['C(=[O,S])[O,S]']",14
34.6661,42.9836,-40.7755,0.0172508,N#Cc1ccc2c(ccn2-c2ccc3c(c2)nc(-c2ccccc2)c2ccc4ccccc4c23)c1,1,c1ccc(-c2nc3cc(-n4ccc5ccccc54)ccc3c3c2ccc2ccccc23)cc1,0.0147025,354.3456,0.2528220,0.2528,0.6097235,2.4737,1.0000000,1.0000,[],14
32.6145,41.4624,69.0581,0.8634420,CC(C)(C)c1ccc(C=C(C#N)C#N)c2ccc3c4cc(C#N)c(C#N)cc4ccc3c12,1,c1ccc2c(c1)ccc1c3ccccc3ccc21,0.9056398,424.5542,0.2601842,0.2602,0.5411920,3.0699,1.0000000,1.0000,[],14
36.0635,39.8896,-39.8896,0.0000000,c12ccc3c(ccc4c3c2c(ccc1)cc4NC(=O)c1c(cc(cc1C)C)C)=O,0,,0.0000000,0.0000,0.0000000,0.0000,0.0000000,0.0000,0.0000000,0.0000,None,14
29.6346,36.1466,5.3195,0.3239538,CCN(CC)c1ccc(N=c2cc3oc4ccccc4c(-c4ccccc4)c-3c3ccccc23)cc1,1,c1ccc(N=c2cc3oc4ccccc4c(-c4ccccc4)c-3c3ccccc23)cc1,0.3253533,527.9180,0.1875719,0.1876,0.5991457,2.5613,1.0000000,1.0000,[],14
36.5076,39.5546,-39.5546,0.0000000,c1c2c(ccc1=O)n(CCCN1CCCCC1)c1c2n(c2ccccc21)CC,0,,0.0000000,0.0000,0.0000000,0.0000,0.0000000,0.0000,0.0000000,0.0000,None,14
32.2621,38.9189,83.4126,0.9557148,C1=COC2=CSC=C(c3ccc(N(c4ccccc4)c4ccccc4)cc3)C2=C1,1,C1=COC2=CSC=C(c3ccc(N(c4ccccc4)c4ccccc4)cc3)C2=C1,0.9899151,449.7982,0.4537531,0.4538,0.5498976,2.9901,1.0000000,1.0000,[],14
51.4397,63.7474,-63.7474,0.0000000,N#CC(C#N)=CNC(=O)C=Cc1ccc(N2N=C(COc3ccc4c(c3)oc(=O)c3ccccc34)CC2=O)cc1,1,O=C1CC(COc2ccc3c(c2)oc(=O)c2ccccc23)=NN1c1ccccc1,0.0000000,0.0000,0.0000000,0.0000,0.0000000,0.0000,0.0000000,0.0000,['[#7;!n][#7;!n]'],14
45.7550,53.0730,-53.0730,0.0000000,CC(=O)Nc1ccc(N2C(=O)C(=C(c3ccc(N4CCCCC4)cc3)c3ccc4onc(C)c4c3)SC2=S)cc1,1,O=C1C(=C(c2ccc(N3CCCCC3)cc2)c2ccc3oncc3c2)SC(=S)N1c1ccccc1,0.0000000,0.0000,0.0000000,0.0000,0.0000000,0.0000,0.0000000,0.0000,"['C(=[O,S])[O,S]']",14
47.9491,64.9701,37.7968,0.8028664,CCN(CC)c1ccc(C=Cc2ccc(-c3c4ccccc4nc4cc(-n5c6ccc(-c7ccc(-c8ccc(N(C)C)cc8)s7)cc6c6cc(N(c7ccccc7)c7ccccc7)ccc65)ccc34)cc2)cc1,1,C(=Cc1ccc(-c2c3ccccc3nc3cc(-n4c5ccc(-c6ccc(-c7ccccc7)s6)cc5c5cc(N(c6ccccc6)c6ccccc6)ccc54)ccc23)cc1)c1ccccc1,0.8712588,420.7607,0.0850025,0.0850,0.4797626,3.6723,1.0000000,1.0000,[],14
34.3417,40.8337,-39.5337,0.0101559,c1ccc(-c2cnc3c4ccccc4c4c(-c5nccs5)cccc4n23)cc1,1,c1ccc(-c2cnc3c4ccccc4c4c(-c5nccs5)cccc4n23)cc1,0.0083497,348.1328,0.3254486,0.3254,0.6133036,2.4445,1.0000000,1.0000,[],14
27.8716,37.4073,36.4588,0.5770790,N#Cc1ccc(N=Cc2ccc(N(c3ccc(-c4nc5ccccc5o4)cc3)c3ccc4ccccc4c3)cc2)cc1,1,C(=Nc1ccccc1)c1ccc(N(c2ccc(-c3nc4ccccc4o3)cc2)c2ccc3ccccc3c2)cc1,0.5967340,404.2547,0.1969545,0.1970,0.5896986,2.6407,1.0000000,1.0000,[],14
30.3768,37.1030,-31.6785,0.0423783,N#Cc1c(NC(=O)Cn2c3ccccc3c3ccccc32)nc2ccccc2c1-c1ccccc1,1,O=C(Cn1c2ccccc2c2ccccc21)Nc1cc(-c2ccccc2)c2ccccc2n1,0.0375181,364.7712,0.3309567,0.3310,0.6325538,2.2899,1.0000000,1.0000,[],14
28.1318,27.3629,-10.5551,0.1313108,Clc1ccc(-c2nc(N3CCCC3)nc3nc[nH]c23)cc1,1,c1ccc(-c2nc(N3CCCC3)nc3nc[nH]c23)cc1,0.1200457,378.3722,0.7887835,0.7888,0.6318579,2.2955,1.0000000,1.0000,[],14
27.4433,27.6196,-16.0056,0.0907349,C=CCN=c1scc(-c2cccs2)n1N=Cc1c(Cl)cccc1Cl,1,N=c1scc(-c2cccs2)n1N=Cc1ccccc1,0.0833215,373.9635,0.4010207,0.4010,0.5597647,2.9012,1.0000000,1.0000,[],14
23.3596,36.0448,84.3781,0.9408041,N#CC(C#N)=Cc1cc2sc(-c3ccc(-n4c5ccccc5c5ccccc54)cc3)cc2s1,1,c1ccc2c(c1)c1ccccc1n2-c1ccc(-c2cc3sccc3s2)cc1,0.9910608,451.1200,0.2517249,0.2517,0.5738617,2.7768,1.0000000,1.0000,[],14
39.9419,47.6578,-47.6578,0.0000000,Brc1ccc2c3c(ccc2c1)C1CCc2c(Br)ccc4cccc(c24)C=C1C=C3,1,C1=Cc2c(ccc3ccccc23)C2CCc3cccc4cccc(c34)C=C12,0.0000000,0.0000,0.0000000,0.0000,0.0000000,0.0000,0.0000000,0.0000,['[*;r{8-17}]'],14
25.9187,29.5964,92.7134,0.9555456,CN(C)c1cc2nc3ccccc3nc2n2c(=O)cccc12,1,O=c1cccc2ccc3nc4ccccc4nc3n12,0.9918053,467.9277,0.3990008,0.3990,0.6037492,2.5230,1.0000000,1.0000,[],14
20.4783,22.6488,-22.4937,0.0012120,Oc1ccccc1-c1nc(-c2ccccc2)no1,1,c1ccc(-c2noc(-c3ccccc3)n2)cc1,0.0008656,323.4427,0.7447769,0.7448,0.6985476,1.7938,1.0000000,1.0000,[],14
20.2582,23.3147,-23.2883,0.0002056,CCCC1(C)c2ccccc2-c2ccccc21,1,c1ccc2c(c1)Cc1ccccc1-2,0.0001343,303.2008,0.6860618,0.6861,0.6587031,2.0874,1.0000000,1.0000,[],14
23.2180,27.4552,93.5412,0.9452844,Nc1ccc2cccc3c4cccc5cccc(c1c23)c54,1,c1cc2cccc3c4cccc5cccc(c(c1)c23)c54,0.9959882,459.8730,0.2292389,0.2292,0.6616327,2.0652,1.0000000,1.0000,[],14
27.5910,38.5472,-38.5472,0.0000000,CCN(CC)c1ccc(C=Cc2ccc(N(c3ccc(C=C4SC(=S)N(CC(=O)O)C4=O)cc3)c3cccc(C)c3)cc2)cc1,1,O=C1NC(=S)SC1=Cc1ccc(N(c2ccccc2)c2ccc(C=Cc3ccccc3)cc2)cc1,0.0000000,0.0000,0.0000000,0.0000,0.0000000,0.0000,0.0000000,0.0000,"['C(=[O,S])[O,S]']",14
64.2082,80.2800,-80.2800,0.0000000,CCN(CC)c1ccc(C=Nc2cc(C(=O)O)cc(C=C3SC(=S)N(Cc4cccc(NC(=O)CSC56CC7CC(CC(C7)C5)C6)c4)C3=O)c2C(=O)O)c(O)c1,1,O=C(CSC12CC3CC(CC(C3)C1)C2)Nc1cccc(CN2C(=O)C(=Cc3cccc(N=Cc4ccccc4)c3)SC2=S)c1,0.0000000,0.0000,0.0000000,0.0000,0.0000000,0.0000,0.0000000,0.0000,"['C(=[O,S])[O,S]']",15
46.4054,61.2761,40.8642,0.7979714,CCCCCCCCCCCCCCN(CC)c1ccc(C=CC=C(O)c2c(-c3ccc(N(c4ccccc4)c4ccccc4)cc3)noc2-c2ccc(N(CCCCCCCCCCCC)CCCCCCCCCCCC)cc2)cc1,1,C(C=Cc1c(-c2ccc(N(c3ccccc3)c3ccccc3)cc2)noc1-c1ccccc1)=Cc1ccccc1,0.9028149,424.2000,0.0233520,0.0234,0.4528368,3.9611,1.0000000,1.0000,[],15
34.1817,43.6084,71.2891,0.8976368,Cn1c2ccccc2c2cc3c(cc(C#N)c4c(N(c5ccccc5)c5ccccc5)cc(C#N)cc43)cc21,1,c1ccc(N(c2ccccc2)c2cccc3c2ccc2cc4[nH]c5ccccc5c4cc23)cc1,0.9462727,431.1455,0.2286621,0.2287,0.5694638,2.8153,1.0000000,1.0000,[],15
16.7440,21.9628,-9.7470,0.0954356,COc1cc(C=C(C#N)C#N)cc(OC)c1OC,1,c1ccccc1,0.0859170,374.3273,0.7582924,0.7583,0.6266246,2.3370,1.0000000,1.0000,[],15
31.2036,35.3669,-17.0033,0.1434660,C=CCCNc1c2ccc(C)cc2nc2nc(C)ccc12,1,c1ccc2nc3ncccc3cc2c1,0.1343744,379.7747,0.4364710,0.4365,0.6060293,2.5041,1.0000000,1.0000,[],15
27.8022,33.3909,37.6898,0.5553181,C1=Cc2ccc(-c3ccnc(-c4ccccc4)n3)cc2Nc2ccccc21,1,C1=Cc2ccc(-c3ccnc(-c4ccccc4)n3)cc2Nc2ccccc21,0.5588263,402.5667,0.4230171,0.4230,0.6193056,2.3958,1.0000000,1.0000,[],15
44.7163,56.3052,-56.3052,0.0000000,N#CC(=CC=c1sc(-c2c3ccccc3c(c3c2cccn3)-c2ccc(N(c3ccccc3)c3ccccc3)cc2)nc1)c1cccc2ccccc21,0,,0.0000000,0.0000,0.0000000,0.0000,0.0000000,0.0000,0.0000000,0.0000,None,15
19.0246,19.6090,-19.4659,0.0011181,CSc1ccc(CBr)cc1,1,c1ccccc1,0.0008039,322.6389,0.5405875,0.5406,0.6730181,1.9799,1.0000000,1.0000,[],15
66.9474,74.5462,41.2810,0.9049003,O=C(CCCCCN1C(c2ccc(-n3c4ccccc4c4ccccc43)s2)=C2C=Cc3ccccc3C2C1C=Cc1ccc(F)s1)c1cccs1,1,O=C(CCCCCN1C(c2ccc(-n3c4ccccc4c4ccccc43)s2)=C2C=Cc3ccccc3C2C1C=Cc1cccs1)c1cccs1,0.9865105,446.6026,0.0981003,0.0981,0.4194710,4.3438,1.0000000,1.0000,[],15
52.0679,69.0794,-69.0794,0.0000000,c1cc(-c2sc(C#N)c(c2N=c2c(CC(C)C)cc3c(C)ccnc3c2C)C#N)ccc1N(c1ccccc1)c1ccccc1,0,,0.0000000,0.0000,0.0000000,0.0000,0.0000000,0.0000,0.0000000,0.0000,None,15
44.9146,61.0856,-61.0856,0.0000000,C(=Cc1ccc(N(c2ccc(C=Cc3ccc(N(c4c(cc(C=C(c5ccc(OC)cc5)c5ccccc5)cc4)c4ccccc4)c4ccccc4)c3)cc2)c2c3c(ccc2)cccc3)cc1)(C#N)C#N,0,,0.0000000,0.0000,0.0000000,0.0000,0.0000000,0.0000,0.0000000,0.0000,None,15
44.0437,50.3878,67.4022,0.9202337,CCC1(CC)c2cc3ccccc3cc2-c2sc(C=CC=C3c4ccccc4-c4ccc(C)cc4C3(C)C)nc21,1,C(=Cc1nc2c(s1)-c1cc3ccccc3cc1C2)C=C1Cc2ccccc2-c2ccccc21,0.9746612,480.3733,0.2221153,0.2221,0.5063928,3.4022,1.0000000,1.0000,[],15
35.6434,52.0884,63.8921,0.9060976,N#CC(C#N)=Cc1ccc2c(c1)c1ccc(-c3ccc(C=C(C#N)C#N)s3)cc1n2-c1cccc(-n2c3ccccc3c3cc(N(c4ccccc4)c4ccccc4)ccc32)c1,1,c1ccc(N(c2ccccc2)c2ccc3c(c2)c2ccccc2n3-c2cccc(-n3c4ccccc4c4ccc(-c5cccs5)cc43)c2)cc1,0.9735497,439.1482,0.1420196,0.1420,0.4821885,3.6471,1.0000000,1.0000,[],15
81.9916,91.1615,-5.9763,0.6655095,CN(C(=O)c1cc(C(F)(F)F)cc(C(F)(F)F)c1)C1=CN2C=Cc3ccccc3C2N(Cc2ccccc2-c2ccc(C=CC=Cc3ccc(C4=CCCCC4)o3)cc2)C1=O,1,O=C(NC1=CN2C=Cc3ccccc3C2N(Cc2ccccc2-c2ccc(C=CC=Cc3ccc(C4=CCCCC4)o3)cc2)C1=O)c1ccccc1,0.7115927,409.8056,0.1096555,0.1097,0.4136859,4.4132,1.0000000,1.0000,[],15
63.0756,69.7667,-69.7667,0.0000000,N#Cc1ccc2c(c1)C1(C#Cc3cc4ccc5cccc(c5c4c4ccccc34)C=Cc3ccccc31)c1c-2c(N(c2ccccc2)c2ccc3ccccc3c2)cc2ccc(Cl)cc12,1,C1#CC2(c3ccccc3C=Cc3cccc4ccc5cc1c1ccccc1c5c34)c1ccccc1-c1c(N(c3ccccc3)c3ccc4ccccc4c3)cc3ccccc3c12,0.0000000,0.0000,0.0000000,0.0000,0.0000000,0.0000,0.0000000,0.0000,"['[*;r{8-17}]', 'C#C']",15
40.5305,44.9956,-44.9956,0.0000000,COC(=O)C1Cc2ccccc2C(c2ccccc2)=C(C(=O)NC2CCCCC2)C1=[N+]=[N-],1,[N+]=C1CCc2ccccc2C(c2ccccc2)=C1C(=O)NC1CCCCC1,0.0000000,0.0000,0.0000000,0.0000,0.0000000,0.0000,0.0000000,0.0000,"['C(=[O,S])[O,S]']",15
26.9669,36.5792,83.4449,0.9376887,COc1ccc(N(c2ccccc2)c2ccc(Sc3ccc4c(c3)C(=O)c3ccccc3C4=O)cc2)cc1,1,O=C1c2ccccc2C(=O)c2cc(Sc3ccc(N(c4ccccc4)c4ccccc4)cc3)ccc21,0.9894691,470.6766,0.2252048,0.2252,0.6201016,2.3894,1.0000000,1.0000,[],15
39.5688,44.3118,-39.1619,0.0402333,c1ccc2c(c1)ccc1c2c2ccccc2n1-c1nc(-n2c3ccccc3c3cc(-c4ccc(-n5c6ccccc6c6ccccc65)c5ccccc45)ccc32)nc2ccccc12,1,c1ccc2c(c1)ccc1c2c2ccccc2n1-c1nc(-n2c3ccccc3c3cc(-c4ccc(-n5c6ccccc6c6ccccc65)c5ccccc45)ccc32)nc2ccccc12,0.0363567,364.4167,0.1778335,0.1778,0.5327356,3.1487,1.0000000,1.0000,[],15
35.7381,41.1113,-38.8230,0.0178780,CC1(C)C=C(CN2CCCCC2)c2cc3cc(Cl)ccc3c(=O)n21,1,O=c1c2ccccc2cc2n1CC=C2CN1CCCCC1,0.0147343,354.3694,0.8138022,0.8138,0.5682183,2.8262,1.0000000,1.0000,[],15
25.5063,39.9429,57.9727,0.7649659,CCN(CC)c1ccc(C=CC=Cc2ccc3c(c2)c2cc(C=C(C#N)C#N)ccc2n3-c2ccc(C=O)cc2)cc1,1,C(C=Cc1ccc2c(c1)c1ccccc1n2-c1ccccc1)=Cc1ccccc1,0.8203196,416.4871,0.1053970,0.1054,0.5415818,3.0663,1.0000000,1.0000,[],15
51.3328,68.1828,-68.1828,0.0000000,c1csc(C(=O)C(=Cc2occc2)c2c(c(C=Cc3ccc(N(CC)CC)cc3OC)c3ccccc23)C=O)c1,0,,0.0000000,0.0000,0.0000000,0.0000,0.0000000,0.0000,0.0000000,0.0000,None,15
25.3836,36.6229,77.8396,0.8942388,C(=Cc1ccccc1)C(C=Cc1ccc(N(c2ccccc2)c2ccccc2)s1)=Cc1ccc(N(c2ccccc2)c2ccccc2)cc1,1,C(=Cc1ccccc1)C(C=Cc1ccc(N(c2ccccc2)c2ccccc2)s1)=Cc1ccc(N(c2ccccc2)c2ccccc2)cc1,0.9599853,434.5011,0.1288135,0.1288,0.5625548,2.8763,1.0000000,1.0000,[],15
27.7476,32.5824,31.3187,0.4992280,c1ccc(-c2nc(-c3ccccc3)c3cc4ccccc4c(-c4ccc5ccccc5c4)c3n2)cc1,1,c1ccc(-c2nc(-c3ccccc3)c3cc4ccccc4c(-c4ccc5ccccc5c4)c3n2)cc1,0.5078238,400.3398,0.2470018,0.2470,0.6375653,2.2505,1.0000000,1.0000,[],15
56.3367,73.4594,-73.4594,0.0000000,C1(C(c2ccc3ccccc3c2N=1)=Cc1cc[n+](-c2cc3ccc(cc3cc2)C=C(C#N)C#N)cc1)c1cc2CCC[N+](=c2cc1)c1ccc(cc1)N(CC)CC,0,,0.0000000,0.0000,0.0000000,0.0000,0.0000000,0.0000,0.0000000,0.0000,None,15
41.6296,52.7464,-52.7464,0.0000000,c1cc(N(c2ccccc2)c2ccc(cc2)C=Cc2nc3c(c(=NC#N)n2)c(=Nc2ccc(OC)cc2)c2ccccc2n3C)ccc1,0,,0.0000000,0.0000,0.0000000,0.0000,0.0000000,0.0000,0.0000000,0.0000,None,15
47.0593,54.2888,48.1754,0.8005014,COc1cc2ccc3cc4ccccc4cc3c2cc1N(c1ccc(-c2ccccc2C(=O)c2ccccc2)cc1)c1ccc2ccccc2c1,1,O=C(c1ccccc1)c1ccccc1-c1ccc(N(c2ccc3ccccc3c2)c2ccc3ccc4cc5ccccc5cc4c3c2)cc1,0.8617036,419.8637,0.0972042,0.0972,0.5715780,2.7968,1.0000000,1.0000,[],15
43.5177,57.4957,42.4426,0.7807685,N#CC(=CC=Cc1ccc2c(c1)c1ccccc1n2CN=C=C1C=Cc2ccccc2C1=O)n1c2ccccc2c2ccccc21,1,O=C1C(=C=NCn2c3ccccc3c3cc(C=CC=Cn4c5ccccc5c5ccccc54)ccc32)C=Cc2ccccc21,0.8450474,418.4171,0.0867565,0.0868,0.4918255,3.5482,1.0000000,1.0000,[],15
27.0972,33.0693,86.1433,0.9313488,C[n+]1cccc2cc(C=Cc3nc4ccccc4o3)ccc21,1,C(=Cc1nc2ccccc2o1)c1ccc2[nH+]cccc2c1,0.9575825,433.8408,0.5220020,0.5220,0.5932540,2.6107,1.0000000,1.0000,[],15
20.4444,22.8082,65.3777,0.6889526,O=C1NC(=S)NC(=O)C1=Cc1ccc(-c2ccccc2)o1,1,O=C1NC(=S)NC(=O)C1=Cc1ccc(-c2ccccc2)o1,0.6971451,510.9478,0.5041942,0.5042,0.6276509,2.3289,1.0000000,1.0000,[],15
47.9661,62.0621,-44.9116,0.1339884,CC1=CC(c2ccccc2)=CC1=Cc1ccc(C=CC2=CC(C)(c3ccccc3C=Cc3ccccc3)c3cc(F)ccc32)[nH]1,1,C1=CC(c2ccccc2)=CC1=Cc1ccc(C=CC2=CC(c3ccccc3C=Cc3ccccc3)c3ccccc32)[nH]1,0.1293180,540.7050,0.1834836,0.1835,0.4509813,3.9816,1.0000000,1.0000,[],15
63.8326,69.9113,-69.9113,0.0000000,c1c(-c2c(-c3ncc(N=CC44CCCCC4#N)ccc4ccc3)nn(-c3ccccc3)n2)cccc1,0,,0.0000000,0.0000,0.0000000,0.0000,0.0000000,0.0000,0.0000000,0.0000,None,15
30.3686,32.2282,-31.8000,0.0033450,CC(=O)c1cc2ccccc2cc1-c1c(O)ccc2ccccc12,1,c1ccc2cc(-c3cccc4ccccc34)ccc2c1,0.0025556,335.2152,0.4913706,0.4914,0.6707916,1.9965,1.0000000,1.0000,[],15
51.0796,66.5341,50.5627,0.9148194,[C-]#[N+]c1cc(-n2c3ccccc3c3nc(C=Cc4ccc5c(c4)C(C)(C)c4ccccc4-5)ccc32)ccc1C=C1C(=O)C(F)(F)C(F)(F)C1(F)F,1,O=C1CCCC1=Cc1ccc(-n2c3ccccc3c3nc(C=Cc4ccc5c(c4)Cc4ccccc4-5)ccc32)cc1,0.9935893,454.7576,0.1050027,0.1050,0.4651992,3.8264,1.0000000,1.0000,[],15
63.3552,77.3731,-77.3731,0.0000000,c1(cc2OC3(CCCC3)C=c2c2-c1ccc1c(-c3ccccc3)nc(C)nc21)C=Cc1ccc(cc1)C=Cc1c(cc(cc1)N(c1ccccc1)c1ccccc1)C,0,,0.0000000,0.0000,0.0000000,0.0000,0.0000000,0.0000,0.0000000,0.0000,None,15
44.6464,58.3912,-58.3912,0.0000000,c1c2OCCc3c(-c2ccc1C(=O)C)ccc(C=Cc1ccc(cc1)C=Cc1ccc2cccc4ccc(c1)c24)c3,0,,0.0000000,0.0000,0.0000000,0.0000,0.0000000,0.0000,0.0000000,0.0000,None,15
35.6516,52.1683,33.3364,0.6680051,CCCCCCCCN(CCCCCCCC)c1ccc(C=Cc2ccc3c(c2)CCN3C=C2C=Cc3cc([N+](=O)[O-])ccc3C2=O)cc1,1,O=C1C(=CN2CCc3cc(C=Cc4ccccc4)ccc32)C=Cc2ccccc21,0.7328558,509.0432,0.0421100,0.0421,0.5176446,3.2923,1.0000000,1.0000,[],15
39.9863,45.2297,-45.2297,0.0000000,c1(C=Cc2sc3nnc4c(oc(c4O)-c4ccccc4)n3c2=O)ccc(OC)cc1,0,,0.0000000,0.0000,0.0000000,0.0000,0.0000000,0.0000,0.0000000,0.0000,None,15
65.7014,75.7747,-75.7747,0.0000000,C(C1CCCCC1)CN1c2ccc(c3C(c4ccc(c(c4C(=O)c32)N=O)C=c2c([nH]n(CC=C)c2=CCC(C)C)=O)=C1)=O,0,,0.0000000,0.0000,0.0000000,0.0000,0.0000000,0.0000,0.0000000,0.0000,None,15
33.0551,32.4151,-20.4868,0.0931899,COc1ccc(C(=O)C2=Cc3ccc(OC)cc3OC2CO)cc1,1,O=C(C1=Cc2ccccc2OC1)c1ccccc1,0.0836525,374.0105,0.8560105,0.8560,0.5648976,2.8556,1.0000000,1.0000,[],15
28.3941,23.7733,-23.7710,0.0000179,CCN(CC)S(=O)(=O)c1ccc(CCC(=O)N2CCOCC2)cc1,1,O=C(CCc1ccccc1)N1CCOCC1,0.0000102,275.2533,0.7443395,0.7443,0.6679227,2.0179,1.0000000,1.0000,[],15
56.6495,68.0257,39.6424,0.8411575,COc1cc(Br)cc(CNc2ccc(-c3ccc(C=Cc4ccc(C=CN=Cc5ccc6cc7ccccc7cc6c5)cc4)cc3)cc2)c1,1,C(=Cc1ccc(C=Cc2ccc(-c3ccc(NCc4ccccc4)cc3)cc2)cc1)N=Cc1ccc2cc3ccccc3cc2c1,0.9114742,425.3169,0.0875908,0.0876,0.5524844,2.9667,1.0000000,1.0000,[],15
44.5654,54.3948,-52.7816,0.0126030,CN(C)S(=O)(=O)c1ccc(N(c2cccc(C#N)c2)c2cccc(Nc3ncc(C#N)cc3Cl)c2)cc1,1,c1ccc(N(c2ccccc2)c2cccc(Nc3ccccn3)c2)cc1,0.0105018,350.6462,0.3154071,0.3154,0.5825448,2.7017,1.0000000,1.0000,[],15
35.8246,46.5040,26.9092,0.5735401,C=C[n+]1[nH]cc(C=Cc2ccc(N(c3ccccc3)c3ccccc3)cc2)c1-c1ccc(N(CC)CC)cc1,1,C(=Cc1c[nH][nH+]c1-c1ccccc1)c1ccc(N(c2ccccc2)c2ccccc2)cc1,0.5945752,404.1574,0.1901216,0.1901,0.5430272,3.0530,1.0000000,1.0000,[],15
57.3469,70.9263,-70.9263,0.0000000,c1c(ccc(N(c2ccccc2)c2ccccc2)c1)-c1oc(=C([N+]#[C-])C#N)c2c(c3c(c(n(C)c3c12)=C(C#N)C#N)-c1ccc(OCCCCCC)cc1)OCCCCCC,0,,0.0000000,0.0000,0.0000000,0.0000,0.0000000,0.0000,0.0000000,0.0000,None,15
36.0035,48.7871,52.0745,0.7879817,CC1(C)c2ccccc2-c2ccc(N(CCC#N)c3ccccc3C=C(C#N)c3ccc(C=O)cc3)cc21,1,C(=Cc1ccccc1Nc1ccc2c(c1)Cc1ccccc1-2)c1ccccc1,0.8366036,417.7319,0.1489343,0.1489,0.5579917,2.9171,1.0000000,1.0000,[],15
33.7444,35.7603,87.5935,0.9637017,COc1ccc(N=O)cc1C1=C2C=CC=C2C=C1,1,C1=CC2=C(c3ccccc3)C=CC2=C1,0.9837211,475.4688,0.7473163,0.7473,0.5314422,3.1608,1.0000000,1.0000,[],15
50.7992,54.6933,-43.1006,0.0905680,C=C(C)c1ccc(N(c2ccccc2)c2ccc3c(c2)C(c2ccc(-c4nc(-c5ccccc5)nc(-c5ccc6ccccc6c5)n4)cc2)=CCC3)cc1,1,C1=C(c2ccc(-c3nc(-c4ccccc4)nc(-c4ccc5ccccc5c4)n3)cc2)c2cc(N(c3ccccc3)c3ccccc3)ccc2CC1,0.0856908,374.2960,0.1587584,0.1588,0.5411099,3.0707,1.0000000,1.0000,[],15
40.3005,47.6467,-42.1402,0.0430190,CC1(C)c2ccccc2-c2ccc(N(c3ccccc3)c3ccc(-n4c5ccccc5c5cc(N(c6cccc(C#N)c6)c6ccc7sc8ccccc8c7c6)ccc54)cc3)cc21,1,c1ccc(N(c2ccc(-n3c4ccccc4c4cc(N(c5ccccc5)c5ccc6sc7ccccc7c6c5)ccc43)cc2)c2ccc3c(c2)Cc2ccccc2-3)cc1,0.0391790,365.2603,0.1605711,0.1606,0.5063722,3.4024,1.0000000,1.0000,[],15
59.1188,77.7053,-77.7053,0.0000000,Cc1cc(N(c2ccccc2)c2ccccc2)ccc1C=CC1=Cc2c(-c3ccc(C=Cc4ccc(N(C)C)cc4)cc3)c(nc3sc(C=Cc4cccnc4)c(N=CC=Cc4ccccc4)c23)C=C1,1,C(=Cc1ccccc1)C=Nc1c(C=Cc2cccnc2)sc2nc3c(-c4ccc(C=Cc5ccccc5)cc4)c(c12)C=C(C=Cc1ccc(N(c2ccccc2)c2ccccc2)cc1)C=C3,0.0000000,0.0000,0.0805151,0.0805,0.3798732,4.8396,1.0000000,1.0000,[],15
32.2486,35.4767,54.8965,0.7060404,c1ccc2cc(-c3ccc4c(ccc5cc(-c6ccc7ccccc7c6)c6cc7ccccc7cc6c54)c3)ccc2c1,1,c1ccc2cc(-c3ccc4c(ccc5cc(-c6ccc7ccccc7c6)c6cc7ccccc7cc6c54)c3)ccc2c1,0.7422276,411.4825,0.1539737,0.1540,0.6453509,2.1898,1.0000000,1.0000,[],15
37.1715,40.4958,77.1593,0.9191800,CC(=C[N+]=[N-])c1nc2ccc(C)cc2n1C,1,c1ccc2[nH]cnc2c1,0.9376604,429.4320,0.7072178,0.7072,0.5290947,3.1829,1.0000000,1.0000,[],15
30.9933,38.5688,-0.5801,0.2967869,N=C1c2ccccc2-c2cc(NC3CC3)ccc21,1,N=C1c2ccccc2-c2cc(NC3CC3)ccc21,0.2843542,389.9790,0.6971180,0.6971,0.6294273,2.3147,1.0000000,1.0000,[],15
47.2265,57.8608,-54.9392,0.0228251,CCn1c2ccc(-c3ccc(C=Cc4ccccc4)cc3-c3ccc(N4c5ccccc5Sc5ccccc54)cc3)cc2c2cccc(C#N)c21,1,C(=Cc1ccc(-c2ccc3[nH]c4ccccc4c3c2)c(-c2ccc(N3c4ccccc4Sc4ccccc43)cc2)c1)c1ccccc1,0.0200551,357.7756,0.1649309,0.1649,0.5482007,3.0056,1.0000000,1.0000,[],15
25.8825,31.3779,-31.1199,0.0020152,C[N+](C)=c1ccc2c(cc1)C(C)(C)c1ccccc1-2,1,[N+]=c1ccc2c(cc1)-c1ccccc1C2,0.0014905,329.3493,0.6322989,0.6323,0.6048930,2.5135,1.0000000,1.0000,[],15
25.6974,25.0274,-25.0274,0.0000000,CC(C)(C)OC(=O)N1CCCC1C(=O)Nc1ccccc1C(=O)O,1,O=C(Nc1ccccc1)C1CCCN1,0.0000000,0.0000,0.0000000,0.0000,0.0000000,0.0000,0.0000000,0.0000,"['C(=[O,S])[O,S]']",15
59.7807,65.1733,-64.2886,0.0069116,Cc1cccnc1-c1ccc2c(n1)c(C)nn2-c1cc2ccccc2c2c(CC#N)cc(-c3ccc(Cl)cc3)nc12,1,c1ccc(-c2ccc3c(n2)c(-n2ncc4nc(-c5ccccn5)ccc42)cc2ccccc23)cc1,0.0056638,343.8893,0.2063115,0.2063,0.5429152,3.0540,1.0000000,1.0000,[],15
40.0016,42.3922,-42.3922,0.0000000,c1ccc2c3c(ccc2N(c2ccc(-c4ccccc4)cc2)C)ccc(Nc2ccc(cc2)-c2ccccc2)c1C3(C)C,0,,0.0000000,0.0000,0.0000000,0.0000,0.0000000,0.0000,0.0000000,0.0000,None,15
58.3203,58.8246,-58.8246,0.0000000,c1(-c2c3c(cccc3)ccc2)cc2c(-c3c(C2(C)C)c2n(c4c(ccc5OCC(Nc4c5c2)=O)C)cc3)cc1,0,,0.0000000,0.0000,0.0000000,0.0000,0.0000000,0.0000,0.0000000,0.0000,None,15
37.8441,47.6104,64.9732,0.8795591,CCCCCCN(c1ccccc1)c1ccc(C=Cc2nc3ccc(-c4ccc5c(c4)Sc4ccccc4O5)cc3s2)cc1,1,C(=Cc1nc2ccc(-c3ccc4c(c3)Sc3ccccc3O4)cc2s1)c1ccc(Nc2ccccc2)cc1,0.9403882,429.9494,0.1438788,0.1439,0.5548366,2.9454,1.0000000,1.0000,[],15
32.3724,36.6317,-36.6317,0.0000000,CN1CCc2c(sc3cc4cccc(C(=O)O)n4c(=O)c23)C1,1,O=c1c2c3c(sc2cc2ccccn12)CNCC3,0.0000000,0.0000,0.0000000,0.0000,0.0000000,0.0000,0.0000000,0.0000,"['C(=[O,S])[O,S]']",15
28.3957,44.2540,79.2915,0.9651988,CCN(CC)c1ccc(C=Cc2ccc(C#N)c3c(C#N)cc(=O)[nH]c23)cc1,1,O=c1ccc2cccc(C=Cc3ccccc3)c2[nH]1,0.9869912,472.9981,0.6810863,0.6811,0.5638365,2.8650,1.0000000,1.0000,[],15
38.9897,40.7440,-1.9971,0.3027109,Cc1nc2ccc(N=NC(C#N)c3cccc4ccccc34)cc2o1,1,c1ccc2c(CN=Nc3ccc4ncoc4c3)cccc2c1,0.2954347,390.5635,0.4572498,0.4572,0.5179031,3.2898,1.0000000,1.0000,[],15
54.8221,63.2368,-62.2188,0.0079531,COc1cc(N(C)CCN2CCOCC2)ccc1-c1cc(C=Cc2c(C(C)C)cc(N(C)C)cc2C(C)(C)C)[nH]n1,1,C(=Cc1cc(-c2ccc(NCCN3CCOCC3)cc2)n[nH]1)c1ccccc1,0.0064901,345.3770,0.3056162,0.3056,0.5213214,3.2569,1.0000000,1.0000,[],15
28.4180,38.4897,40.3256,0.6157449,Cn1c2ccccc2c2cc(C=CC=CC=Cc3ccc4c(c3)c3ccccc3n4C)ccc21,1,C(=CC=Cc1ccc2[nH]c3ccccc3c2c1)C=Cc1ccc2[nH]c3ccccc3c2c1,0.6341599,405.9727,0.2451886,0.2452,0.6044344,2.5173,1.0000000,1.0000,[],15
21.9956,27.0501,-24.9416,0.0164722,O=Cc1cc(-c2cccs2)n2ccccc12,1,c1csc(-c2ccc3ccccn23)c1,0.0136247,353.5071,0.6140519,0.6141,0.5952677,2.5937,1.0000000,1.0000,[],16
70.2018,81.3743,-81.3743,0.0000000,CCC(CC)N1C(=O)C(=c2cc(C)c(=CC=c3nc(-c4ccc(N(C)C)cc4)c(=Cc4ccccc4OC)n3-c3ccc(I)cc3)s2)SC1=S,1,O=C1NC(=S)SC1=c1ccc(=CC=c2nc(-c3ccccc3)c(=Cc3ccccc3)n2-c2ccccc2)s1,0.0000000,0.0000,0.0000000,0.0000,0.0000000,0.0000,0.0000000,0.0000,"['C(=[O,S])[O,S]']",16
28.4251,34.9070,-34.9070,0.0000000,CC1=C2CC=Cc3c1cc(c1ccccc31)C=Cc1ccccc12,1,C1=Cc2c3cc(c4ccccc24)C=Cc2ccccc2C(=C3)C1,0.0000000,0.0000,0.0000000,0.0000,0.0000000,0.0000,0.0000000,0.0000,['[*;r{8-17}]'],16
28.1216,32.3896,-8.9788,0.1828967,O=c1oc(-c2cccs2)nc2c3ccccc3c3ccccc3c12,1,O=c1oc(-c2cccs2)nc2c3ccccc3c3ccccc3c12,0.1738522,383.0781,0.3958360,0.3958,0.6389437,2.2397,1.0000000,1.0000,[],16
28.5831,30.2811,-30.2563,0.0001937,O=[N+]([O-])c1cccc(-c2nc3cccnc3o2)n1,1,c1ccc(-c2nc3cccnc3o2)nc1,0.0001277,302.6554,0.5045201,0.5045,0.5781931,2.7392,1.0000000,1.0000,[],16
55.9474,67.3655,-67.3655,0.0000002,CCCN=c1ccc2c(C=Cc3ccc(C=CC=C4Cc5ccccc5N4CCC)c(CC)[n+]3CC)c3ccc(N)cc3oc-2c1,1,N=c1ccc2c(C=Cc3ccc(C=CC=C4Cc5ccccc5N4)c[nH+]3)c3ccccc3oc-2c1,0.0000001,690.6747,0.0977743,0.0978,0.4546471,3.9412,1.0000000,1.0000,[],16
31.9655,41.2577,-41.2577,0.0000000,CN(C)c1ccc(C(C#N)=Cc2ccc(C=CC(C#Cc3ccccc3)=Cc3ccccc3)cc2)cc1,1,C(#Cc1ccccc1)C(C=Cc1ccc(C=Cc2ccccc2)cc1)=Cc1ccccc1,0.0000000,0.0000,0.0000000,0.0000,0.0000000,0.0000,0.0000000,0.0000,['C#C'],16
36.4276,36.8241,-36.8217,0.0000190,CCCCCCCCCCNC(=O)C(C)(CC)n1c(CC)nc2ccccc21,1,c1ccc2[nH]cnc2c1,0.0000111,276.1655,0.4310642,0.4311,0.5509892,2.9802,1.0000000,1.0000,[],16
21.6182,24.0911,-24.0863,0.0000372,c1ccc2c(c1)ncc1cn[nH]c12,1,c1ccc2c(c1)ncc1cn[nH]c12,0.0000224,283.7503,0.5595949,0.5596,0.6406099,2.2267,1.0000000,1.0000,[],16
58.5133,77.3242,-77.3242,0.0000000,CCOC(=O)c1cc(N=Nc2c(C)cc(C=Cc3c4n(c5ccc(OC)cc35)CCCC4=O)nc2CC)c(C)cc1N=Nc1nccnn1,1,O=C1CCCn2c1c(C=Cc1ccc(N=Nc3ccc(N=Nc4nccnn4)cc3)cn1)c1ccccc12,0.0000000,0.0000,0.0000000,0.0000,0.0000000,0.0000,0.0000000,0.0000,"['C(=[O,S])[O,S]']",16
59.5050,74.6006,-74.6006,0.0000000,Cc1c(C=Cc2ccc(N(c3ccc(C#N)cc3)c3cccc4ccccc34)cc2)sc(C=C(C#N)C#N)c1C=C1C(=O)c2ccc(C=CC=NN=Cc3ccc(C#N)cc3)cc2C1=O,1,O=C1C(=Cc2csc(C=Cc3ccc(N(c4ccccc4)c4cccc5ccccc45)cc3)c2)C(=O)c2cc(C=CC=NN=Cc3ccccc3)ccc21,0.0000000,0.0000,0.0000000,0.0000,0.0000000,0.0000,0.0000000,0.0000,['[#7;!n][#7;!n]'],16
34.4244,50.5669,-50.5669,0.0000000,c1(-c2c3ccccc3c(-c3ccc(N(c4ccccc4)c4ccccc4)cc3)n2)c2c(cc3ccccc3c2)c(c2ccccc12)-c1ccc2-c3c(cccc3)C(C)(C)c2c1,0,,0.0000000,0.0000,0.0000000,0.0000,0.0000000,0.0000,0.0000000,0.0000,None,16
41.4835,44.9042,76.4860,0.9483611,Cc1ccn2c3c(nc2c1)C=CC(=Cc1cc(C(F)(F)F)ccc1F)C3=O,1,O=C1C(=Cc2ccccc2)C=Cc2nc3ccccn3c21,0.9831767,444.1680,0.4402985,0.4403,0.5408370,3.0732,1.0000000,1.0000,[],16
33.0802,47.2003,23.4886,0.5522568,N#CC(C#N)=Cc1ccc(N=Cc2ccc(-c3cc(C#N)c4nc5ccccc5n4c3)cc2)cc1,1,C(=Nc1ccccc1)c1ccc(-c2ccc3nc4ccccc4n3c2)cc1,0.5668486,402.9207,0.2409406,0.2409,0.5552675,2.9415,1.0000000,1.0000,[],16
39.4690,45.7272,57.3439,0.8052427,COc1ccc(-c2nc(-c3ccc(-c4ccc(N(c5ccccc5)c5ccccc5)cc4)cc3)cc(-c3ccc(-c4ccc5nc6ccccc6nc5c4)cc3)n2)cc1,1,c1ccc(-c2nc(-c3ccc(-c4ccc(N(c5ccccc5)c5ccccc5)cc4)cc3)cc(-c3ccc(-c4ccc5nc6ccccc6nc5c4)cc3)n2)cc1,0.8575305,419.4882,0.1365744,0.1366,0.5806730,2.7178,1.0000000,1.0000,[],16
24.3725,29.4809,-24.1497,0.0416500,Nc1cc2c3cccnc3ccc2c2ccccc12,1,c1ccc2c(c1)ccc1c3cccnc3ccc21,0.0366462,364.5061,0.3730053,0.3730,0.6789179,1.9363,1.0000000,1.0000,[],16
50.8800,57.5628,56.1055,0.8880341,N#Cc1nc2c3ccccc3c3cc4c(cc3c2c(C#N)c1-c1ccccc1)c1ccccc1n4C(=N)c1cccc2ccccc12,1,N=C(c1cccc2ccccc12)n1c2ccccc2c2cc3c(cc21)c1ccccc1c1ncc(-c2ccccc2)cc31,0.9556841,433.3439,0.1221319,0.1221,0.5324841,3.1510,1.0000000,1.0000,[],16
21.3484,26.0371,-25.9542,0.0006480,COc1ccc2c3ccc(N)cc3n(C)c2c1,1,c1ccc2c(c1)[nH]c1ccccc12,0.0004501,316.3377,0.6479595,0.6480,0.6728824,1.9809,1.0000000,1.0000,[],16
26.6522,32.3884,22.6956,0.4303436,c1ccc(N(c2ccccc2)c2ccc3cc(-c4c5ccccc5c(-c5cccc6ccccc56)c5ccccc45)ccc3c2)cc1,1,c1ccc(N(c2ccccc2)c2ccc3cc(-c4c5ccccc5c(-c5cccc6ccccc56)c5ccccc45)ccc3c2)cc1,0.4389795,397.3366,0.1784214,0.1784,0.6273259,2.3314,1.0000000,1.0000,[],16
45.6379,58.0966,-58.0966,0.0000000,COC(=O)c1c2c(nc3ccccc13)CCN(c1nsc(C=O)c1C=Cc1ccccc1OC)C2,1,C(=Cc1csnc1N1CCc2nc3ccccc3cc2C1)c1ccccc1,0.0000000,0.0000,0.0000000,0.0000,0.0000000,0.0000,0.0000000,0.0000,"['C(=[O,S])[O,S]']",16
28.5465,41.8939,80.4987,0.9561918,CCN(CC)c1ccc2sc(-c3cc4ccc(N(C)C)cc4s3)c(C#N)c2c1,1,c1ccc2sc(-c3cc4ccccc4s3)cc2c1,0.9956943,460.8979,0.3761933,0.3762,0.5664311,2.8420,1.0000000,1.0000,[],16
43.6475,46.7729,-41.6509,0.0400155,O=C(c1ccccc1)c1ccc(Nc2ccc3c(c2)N(C(=O)c2ccc4ccccc4c2)CC32CCCCC2)cc1,1,O=C(c1ccccc1)c1ccc(Nc2ccc3c(c2)N(C(=O)c2ccc4ccccc4c2)CC32CCCCC2)cc1,0.0358344,364.2537,0.2286722,0.2287,0.5537609,2.9551,1.0000000,1.0000,[],16
29.9198,35.8303,-34.0460,0.0139400,c1ccc(N(c2ccccc2)c2ccc(Sc3ccccc3-c3ccc(N(c4ccccc4)c4ccc(N(c5ccccc5)c5ccccc5)cc4)cc3)cc2)cc1,1,c1ccc(N(c2ccccc2)c2ccc(Sc3ccccc3-c3ccc(N(c4ccccc4)c4ccc(N(c5ccccc5)c5ccccc5)cc4)cc3)cc2)cc1,0.0120190,352.1280,0.1225227,0.1225,0.6124854,2.4512,1.0000000,1.0000,[],16
53.4969,60.1631,1.8431,0.4844231,Cc1c(C#N)c2c(c(=O)n1C)C(=O)CC1=C2CCCC1c1ccc(-n2c(C)nc3ccccc32)cc1,1,O=C1CC2=C(CCCC2c2ccc(-n3cnc4ccccc43)cc2)c2cc[nH]c(=O)c21,0.4879968,399.4786,0.3830796,0.3831,0.4858494,3.6093,1.0000000,1.0000,[],16
18.9490,29.4715,79.1903,0.8489198,N#Cc1cc(N(c2ccccc2)c2ccccc2)ccc1C=Cc1ccc(N(c2ccccc2)c2ccccc2)cc1,1,C(=Cc1ccc(N(c2ccccc2)c2ccccc2)cc1)c1ccc(N(c2ccccc2)c2ccccc2)cc1,0.8973802,423.5436,0.1802349,0.1802,0.6211429,2.3810,1.0000000,1.0000,[],16
44.0500,44.1890,54.3607,0.7699194,COc1ccc(OC)c(NC(=O)c2ccc(NC(=O)C(=Cc3ccc(C)cc3)N=Cc3c(O)ccc4ccccc34)cc2)c1,1,O=C(Nc1ccc(C(=O)Nc2ccccc2)cc1)C(=Cc1ccccc1)N=Cc1cccc2ccccc12,0.8203581,416.4899,0.1249948,0.1250,0.5777790,2.7428,1.0000000,1.0000,[],16
50.1214,60.6045,-31.3056,0.2288976,COc1ccc(-c2ccc(-c3cc(C=Cc4ccc(N(c5ccccc5)c5ccccc5)cc4)c4c(c3-c3ccc(-c5ccccn5)cc3)CC4)cn2)cc1,1,C(=Cc1cc(-c2ccc(-c3ccccc3)nc2)c(-c2ccc(-c3ccccn3)cc2)c2c1CC2)c1ccc(N(c2ccccc2)c2ccccc2)cc1,0.2286740,386.7995,0.1325342,0.1325,0.5442193,3.0420,1.0000000,1.0000,[],16
44.2112,62.8542,-62.8542,0.0000000,[C@@H](C)(c1ccc2oc3cc(ccc3c2c1)C=Cc1ccc(C=Cc2ccc(s2)C=C2C=C(C#N)C#N2)cc1)C,0,,0.0000000,0.0000,0.0000000,0.0000,0.0000000,0.0000,0.0000000,0.0000,None,16
36.5524,53.6480,58.3996,0.8753717,N#CC(C#N)=Cc1cc(-c2ccccc2)cc(-c2ccc(-c3ccc4c(c3C=C(C#N)C#N)c3ccccc3n4-c3ccccc3)cc2)c1,1,c1ccc(-c2cccc(-c3ccc(-c4ccc5c(c4)c4ccccc4n5-c4ccccc4)cc3)c2)cc1,0.9312656,428.2975,0.1720193,0.1720,0.5312085,3.1630,1.0000000,1.0000,[],16
33.3073,30.8810,-30.8765,0.0000349,Cc1ccc(S(=O)(=O)OCC(COCc2ccccc2)N=Cc2ccccc2)cc1,1,O=S(=O)(OCC(COCc1ccccc1)N=Cc1ccccc1)c1ccccc1,0.0000213,283.1855,0.3580056,0.3580,0.5615354,2.8854,1.0000000,1.0000,[],16
27.6849,31.3531,-31.3531,0.0000000,CC1=NN(c2cccc(C(=O)NCC(C)(C)C)c2)C(=O)C1,1,O=C1CC=NN1c1ccccc1,0.0000000,0.0000,0.0000000,0.0000,0.0000000,0.0000,0.0000000,0.0000,['[#7;!n][#7;!n]'],16
59.7519,69.8637,-69.8637,0.0000000,CCCC(=O)Nc1cc(-c2nc(C#N)c(N=Nc3c(C#CCNC(=O)NC)ccc4ccccc34)c(C#N)c2C#N)ccc1OC,1,c1ccc(-c2ccc(N=Nc3cccc4ccccc34)cn2)cc1,0.0000000,0.0000,0.0000000,0.0000,0.0000000,0.0000,0.0000000,0.0000,['C#C'],16
60.3834,85.2997,30.5540,0.9051070,CC(C)(C)c1ccc(N(c2ccc(C=Cc3cccs3)cc2)c2ccc(-c3ccc(-c4ccc(N(c5ccc(-c6ccc(C=C(C#N)C#N)cc6)cc5)c5cc6c(cc5-n5ccc7cc(C(C)(C)C)ccc75)CCC6)cc4)s3)cc2)cc1,1,C(=Cc1cccs1)c1ccc(N(c2ccccc2)c2ccc(-c3ccc(-c4ccc(N(c5ccc(-c6ccccc6)cc5)c5cc6c(cc5-n5ccc7ccccc75)CCC6)cc4)s3)cc2)cc1,0.9837142,444.5265,0.1079802,0.1080,0.4204410,4.3323,1.0000000,1.0000,[],16
22.6820,24.9770,-23.5945,0.0108003,CCN(CC)c1nc(NC)nc2ccccc12,1,c1ccc2ncncc2c1,0.0086244,348.4873,0.8759021,0.8759,0.6470197,2.1769,1.0000000,1.0000,[],16
30.6569,41.6949,36.0700,0.6075381,Cc1ccc(-c2cc(-c3ccc(-c4ccc(N(c5ccccc5)c5ccccc5)cc4)cc3)n3ncc(C#N)c3n2)cc1,1,c1ccc(-c2cc(-c3ccc(-c4ccc(N(c5ccccc5)c5ccccc5)cc4)cc3)n3nccc3n2)cc1,0.6288757,405.7261,0.2058276,0.2058,0.5978534,2.5720,1.0000000,1.0000,[],16
25.9482,27.0833,-26.6726,0.0032083,CC(C)N=Cc1cc(C#N)ccn1,1,c1ccncc1,0.0024354,334.6907,0.6398675,0.6399,0.5524788,2.9667,1.0000000,1.0000,[],16
25.7263,37.6784,-37.6784,0.0000000,CCCCN(CCCC)c1ccc(C#CC(C)(CC)c2ccc(N(c3ccccc3)c3ccccc3)cc2)cc1,1,C(#Cc1ccccc1)Cc1ccc(N(c2ccccc2)c2ccccc2)cc1,0.0000000,0.0000,0.0000000,0.0000,0.0000000,0.0000,0.0000000,0.0000,['C#C'],16
25.8285,32.4453,6.6006,0.3050459,N#Cc1c(N)n[nH]c1C=Cc1c2ccccc2cc2ccccc12,1,C(=Cc1c2ccccc2cc2ccccc12)c1ccn[nH]1,0.2954207,390.5628,0.5404909,0.5405,0.5931152,2.6118,1.0000000,1.0000,[],16
31.7732,36.1698,-35.0963,0.0083868,O=C(c1ccc(Cl)cc1)c1cc2ccccc2n2c(-c3ccsc3)nnc12,1,O=C(c1ccccc1)c1cc2ccccc2n2c(-c3ccsc3)nnc12,0.0067898,345.8705,0.3828689,0.3829,0.6192666,2.3961,1.0000000,1.0000,[],16
65.4226,71.3535,32.3342,0.8100594,CCCCCCCCCCCCN(CCCCCCCCCCC)c1ccc2c(c1)C(=C(C(F)(F)C(F)(F)C(F)(F)C(F)(F)C(F)(F)C(F)(F)C(F)(F)C(F)(F)F)S(=O)(=O)CCCCCCCC)c1cccc(OCCCCCC)c1-2,1,C=C1c2ccccc2-c2ccccc21,0.9017981,495.9253,0.0418444,0.0418,0.4223729,4.3093,1.0000000,1.0000,[],16
34.3000,43.3003,75.4720,0.9279090,CCn1c2ccccc2c2c3c(ccc21)C(=O)C(=CC(C#N)=Cc1cccc2ccccc12)O3,1,O=C1C(=CC=Cc2cccc3ccccc23)Oc2c1ccc1[nH]c3ccccc3c21,0.9812187,442.9510,0.2234211,0.2234,0.5529754,2.9622,1.0000000,1.0000,[],16
51.3140,56.8634,60.2630,0.9150498,Cc1cc(N(c2ccccc2)c2ccccc2)ccc1N(c1ccc(C=C2C(=O)C3(C)CCC2C3(C)C)cc1)c1cccc(-c2cccc3c2C(=O)c2ccccc2C3=O)c1,1,O=C1c2ccccc2C(=O)c2c1cccc2-c1cccc(N(c2ccc(C=C3C(=O)C4CCC3C4)cc2)c2ccc(N(c3ccccc3)c3ccccc3)cc2)c1,0.9879936,472.1165,0.1434158,0.1434,0.3859409,4.7604,1.0000000,1.0000,[],16
34.4896,38.1577,-27.8150,0.0808020,N#Cc1cc2cc(OCCC[SH](=O)=O)ccc2oc1=O,1,O=c1ccc2ccccc2o1,0.0732772,372.4505,0.5024163,0.5024,0.5413919,3.0681,1.0000000,1.0000,[],16
49.8314,52.0875,-52.0875,0.0000000,CCCCCCCCCc1c(C=C2NC(=O)S2)sc(=NS(=O)(=O)c2ccccc2)n1CC,1,O=C1NC(=Cc2c[nH]c(=NS(=O)(=O)c3ccccc3)s2)S1,0.0000000,0.0000,0.0000000,0.0000,0.0000000,0.0000,0.0000000,0.0000,"['C(=[O,S])[O,S]']",16
31.4509,44.3564,-44.3564,0.0000000,c12c3c4c(ccc(c4ccc1cc1c4ccccc4n(CC)c1c2C#N)C#N)cccc3,0,,0.0000000,0.0000,0.0000000,0.0000,0.0000000,0.0000,0.0000000,0.0000,None,16
44.7483,48.6469,-21.4435,0.2125261,Cc1ccc(-c2nc(N(c3ccccc3)c3ccccc3)sc2-c2ccsc2-c2nnc(-c3c(C)cc(C)cc3C)o2)cc1,1,c1ccc(-c2nnc(-c3sccc3-c3sc(N(c4ccccc4)c4ccccc4)nc3-c3ccccc3)o2)cc1,0.2094135,385.5764,0.1796718,0.1797,0.5510197,2.9799,1.0000000,1.0000,[],16
66.6287,88.1466,-87.6892,0.0035736,CN(C)Cc1ccc2c(c1)C=C(C=C(C#N)C#N)CC2=Cc1ccc(C=CC2=C=C(C=Cc3ccc(C=C(C#N)C#N)o3)OS(=O)(=O)C2)o1,1,O=S1(=O)CC(C=Cc2ccc(C=C3CC=Cc4ccccc43)o2)=C=C(C=Cc2ccco2)O1,0.0028891,583.4495,0.1298399,0.1298,0.3969481,4.6197,1.0000000,1.0000,[],16
32.2382,32.7905,-29.5830,0.0250586,CC(=NC1=CCC=CC=C1)Nc1ccc([N+](=O)[O-])cc1,1,C1=CCC=C(N=CNc2ccccc2)C=C1,0.0215344,358.5647,0.3922714,0.3923,0.5415725,3.0664,1.0000000,1.0000,[],16
38.4773,50.9489,-50.9489,0.0000000,CCCCCc1c(C=C(C#N)C#N)sc(-c2ccc(-c3ccc(N(c4ccccc4)c4ccccc4)cc3)cc2C#Cc2ccccc2)c1C#N,1,C(#Cc1cc(-c2ccc(N(c3ccccc3)c3ccccc3)cc2)ccc1-c1cccs1)c1ccccc1,0.0000000,0.0000,0.0000000,0.0000,0.0000000,0.0000,0.0000000,0.0000,['C#C'],16
45.5192,65.8062,45.6139,0.8704692,CCN(CC)c1ccc(C=Cc2c(C=C(C#N)C#N)cc(C(=C3C=Cc4ccccc4N3C)n3nnc4ccccc43)cc2C=C(C#N)C#N)cc1,1,C1=Cc2ccccc2NC1=C(c1ccc(C=Cc2ccccc2)cc1)n1nnc2ccccc21,0.9415864,489.8163,0.1119610,0.1120,0.4525977,3.9638,1.0000000,1.0000,[],16
38.6867,46.2838,-46.2838,0.0000000,c1cccc2c3c(cc(cc3)C#N)c3ccc(c4c3c2c1cc4)N(c1cccc2c1cccc2)c1ccc2c(c1)C(C)(CCC2(C)C)C,0,,0.0000000,0.0000,0.0000000,0.0000,0.0000000,0.0000,0.0000000,0.0000,None,16
24.8300,25.1327,-25.1069,0.0002015,CN1CCN(c2cc(F)c(F)cc2F)CC1,1,c1ccc(N2CCNCC2)cc1,0.0001314,302.9692,0.6793192,0.6793,0.6750219,1.9651,1.0000000,1.0000,[],16
58.2751,78.5275,-78.5275,0.0000000,c1cc(ccc1C=Cc1ccc2c(-c3ccc(C=N)cc3)c3nc4c(nc3c3ccccc3c2n1)cc(N(c1ccccc1)c1ccccc1)cc4)N=Cc1ccc2c(C3CCCCC3N2CC)c1,0,,0.0000000,0.0000,0.0000000,0.0000,0.0000000,0.0000,0.0000000,0.0000,None,16
32.6479,32.6740,-32.6740,0.0000000,O=C(O)c1ccccc1C(=O)Oc1ccc(C=NNC(=O)c2cccc3ccccc23)cc1,1,O=C(Oc1ccc(C=NNC(=O)c2cccc3ccccc23)cc1)c1ccccc1,0.0000000,0.0000,0.0000000,0.0000,0.0000000,0.0000,0.0000000,0.0000,"['[#7;!n][#7;!n]', 'C(=[O,S])[O,S]']",16
57.6886,79.0476,39.9833,0.9299294,Cc1nc(C=Cc2cc(-c3ccc(C4=Cc5ccc(N6CCCc7ccccc76)cc5CC4)s3)sc2-c2nc3ccc(Cl)cc3o2)nc2ccccc12,1,C(=Cc1cc(-c2ccc(C3=Cc4ccc(N5CCCc6ccccc65)cc4CC3)s2)sc1-c1nc2ccccc2o1)c1ncc2ccccc2n1,0.9947250,456.8871,0.1696380,0.1696,0.4867654,3.5999,1.0000000,1.0000,[],16
54.5337,75.0961,40.4732,0.9028849,CCN(CC)c1ccc(N=Nc2ccc3c(c2)C(C#N)=CC3c2ccc3c(c2)C(=CC=Cc2ccccc2)C(=O)c2ccccc2N3c2ccc(C=C(C#N)C#N)cc2)cc1,1,O=C1C(=CC=Cc2ccccc2)c2cc(C3C=Cc4cc(N=Nc5ccccc5)ccc43)ccc2N(c2ccccc2)c2ccccc21,0.9915597,451.7490,0.0773991,0.0774,0.4201173,4.3361,1.0000000,1.0000,[],16
24.3708,39.4788,-0.3345,0.3058151,CCN(CC)c1ccc(C=Cc2cc3ccccc3cc2-c2ccc(C=Cc3ccncc3)cc2)cc1,1,C(=Cc1cc2ccccc2cc1-c1ccc(C=Cc2ccncc2)cc1)c1ccccc1,0.3052643,391.0714,0.2058925,0.2059,0.6030779,2.5285,1.0000000,1.0000,[],16
27.8178,36.7046,41.2347,0.6089008,CCN(CC)c1ccc2c(-c3ccccc3C(=O)NCC3CCCO3)c3ccc(=O)cc-3oc2c1,1,O=C(NCC1CCCO1)c1ccccc1-c1c2ccc(=O)cc-2oc2ccccc12,0.6200844,514.6809,0.3702871,0.3703,0.5408849,3.0727,1.0000000,1.0000,[],16
33.4438,39.4692,77.7665,0.9159046,COc1ccc(Nc2ccc(-c3nnc4ccc5c6ccccc6[nH]c5c4n3)cc2)cc1,1,c1ccc(Nc2ccc(-c3nnc4ccc5c6ccccc6[nH]c5c4n3)cc2)cc1,0.9506320,432.1142,0.3635812,0.3636,0.6252007,2.3484,1.0000000,1.0000,[],16
27.2606,28.9104,21.2946,0.3922267,COCCN1C(=O)C(=O)C(=C(O)c2ccc3c(c2)OCCO3)C1c1ccc(F)cc1,1,O=C1NC(c2ccccc2)C(=Cc2ccc3c(c2)OCCO3)C1=O,0.3870392,395.0081,0.4609417,0.4609,0.5794699,2.7282,1.0000000,1.0000,[],16
16.6502,28.4918,-17.1108,0.0889141,C(=Cc1ccc(-n2cccc2)cc1)c1ccc(N(c2ccccc2)c2ccccc2)cc1,1,C(=Cc1ccc(-n2cccc2)cc1)c1ccc(N(c2ccccc2)c2ccccc2)cc1,0.0824521,373.8393,0.2556615,0.2557,0.6568426,2.1016,1.0000000,1.0000,[],16
33.3301,40.8653,-39.6450,0.0095337,C(=Cc1ccc(-c2cc3ccc(C=Cc4ccccc4)cc3cc2-c2ccccc2)cc1)c1ccccc1,1,C(=Cc1ccc(-c2cc3ccc(C=Cc4ccccc4)cc3cc2-c2ccccc2)cc1)c1ccccc1,0.0079116,347.5429,0.2062494,0.2062,0.6665502,2.0282,1.0000000,1.0000,[],16
49.1653,64.5445,36.1704,0.7868356,N#Cc1sc(C=Cc2ccc(C=Cc3ccc(N(c4ccccc4)c4ccccc4)cc3)cc2)nc1-c1ccc(NO)c2c1ccc1ccccc12,1,C(=Cc1ccc(N(c2ccccc2)c2ccccc2)cc1)c1ccc(C=Cc2nc(-c3cccc4c3ccc3ccccc34)cs2)cc1,0.8500311,418.8358,0.0897003,0.0897,0.5210215,3.2598,1.0000000,1.0000,[],16
27.1876,33.5428,-33.5428,0.0000000,c1(CN2CCCCC2)cc2c(cc1)ccc(=[N+](C)C)c2,0,,0.0000000,0.0000,0.0000000,0.0000,0.0000000,0.0000,0.0000000,0.0000,None,16
38.5139,48.4340,32.3827,0.6313806,CCCCCCCCOc1ccc(N(c2ccccc2)c2ccc(C=Cc3cc(OCCCCCCCC)cc4cc(C=Cc5ccc(N(CCCCCCCC)CCCCCCCC)cc5)ccc34)cc2)cc1,1,C(=Cc1ccc2c(C=Cc3ccc(N(c4ccccc4)c4ccccc4)cc3)cccc2c1)c1ccccc1,0.6998703,409.1927,0.0285045,0.0285,0.4941450,3.5246,1.0000000,1.0000,[],17
39.5388,48.5328,-48.5328,0.0000000,n1c(-c2ccc3c(C=Cc4ccccc4)ccc4c3c2ccc4N)n(CC)c2ccccc12,0,,0.0000000,0.0000,0.0000000,0.0000,0.0000000,0.0000,0.0000000,0.0000,None,17
46.1313,45.3201,-45.0418,0.0021743,O=[N+]([O-])c1ccc2oc3cc(Oc4cocn4)ccc3c2n1,1,c1cnc2c(c1)oc1cc(Oc3cocn3)ccc12,0.0016392,330.3836,0.4192980,0.4193,0.5454194,3.0310,1.0000000,1.0000,[],17
37.8116,49.5699,66.9410,0.9102412,COC(=Cc1ccc(N(c2ccccc2)c2ccc(N(c3ccc(C=C(C#N)C#N)cc3)c3ccc4c(c3)C(C)(C)C=C4)cc2)cc1)c1ccccc1,1,C1=Cc2ccc(N(c3ccccc3)c3ccc(N(c4ccccc4)c4ccc(C=Cc5ccccc5)cc4)cc3)cc2C1,0.9945560,463.4572,0.0815187,0.0815,0.5052991,3.4130,1.0000000,1.0000,[],17
34.8118,53.3103,60.0392,0.8855433,CCCCn1c(N)c(C#N)c(C=Cc2ccc(N(CC)CC)c(C=Cc3ccc(N(CC)CC)cc3)c2)c(C#N)c1=N,1,N=c1cc(C=Cc2cccc(C=Cc3ccccc3)c2)cc[nH]1,0.9368110,490.7247,0.2158808,0.2159,0.5078077,3.3883,1.0000000,1.0000,[],17
30.8100,47.0166,-47.0166,0.0000000,c1cc(ccc1-c1nc2n(c1)c1c(sc(C=C(C#N)C#N)c1)c2-c1ccc(cc1)N(c1ccccc1)c1ccccc1)N(c1ccccc1)c1ccccc1,0,,0.0000000,0.0000,0.0000000,0.0000,0.0000000,0.0000,0.0000000,0.0000,None,17
46.7360,49.7562,-47.3310,0.0189468,COCn1ccnc1NS(=O)(=O)c1ccccc1C=Cc1nc2ccc(C#N)cc2[nH]1,1,O=S(=O)(Nc1ncc[nH]1)c1ccccc1C=Cc1nc2ccccc2[nH]1,0.0159604,355.2508,0.4599949,0.4600,0.5471725,3.0150,1.0000000,1.0000,[],17
20.6475,21.2148,-20.9890,0.0017640,CCNc1ccc(Cl)cn1,1,c1ccncc1,0.0012876,327.7586,0.7101282,0.7101,0.6812809,1.9189,1.0000000,1.0000,[],17
33.5703,41.3397,-41.3397,0.0000000,c1sc(-c2c3cc4c(cc3oc(c2)=N)c(=O)[nH]n4)cc1,0,,0.0000000,0.0000,0.0000000,0.0000,0.0000000,0.0000,0.0000000,0.0000,None,17
23.9030,33.9157,-33.9157,0.0000000,c1(C)cccc2ccc3ccc(cc-3c21)=N,0,,0.0000000,0.0000,0.0000000,0.0000,0.0000000,0.0000,0.0000000,0.0000,None,17
44.5701,53.2850,65.1797,0.9255057,Cn1c2ccccc2c2c1c1ccccc1c1c3ccccc3n(-c3cnc4c(-c5ccccc5)c5ccc6ccccc6c5nc4n3)c12,1,c1ccc(-c2c3ccc4ccccc4c3nc3nc(-n4c5ccccc5c5c6ccccc6c6[nH]c7ccccc7c6c54)cnc23)cc1,0.9932563,454.2041,0.1418453,0.1418,0.5380476,3.0990,1.0000000,1.0000,[],17
39.1335,39.1771,-39.0265,0.0011765,CN(C)c1ccc(CCN(CCS(=O)(=O)c2ccccc2)C(=O)c2ccccc2)cn1,1,O=C(c1ccccc1)N(CCc1cccnc1)CCS(=O)(=O)c1ccccc1,0.0008507,323.2531,0.5136889,0.5137,0.6319327,2.2949,1.0000000,1.0000,[],17
38.6391,45.7804,1.0038,0.3655019,CCN(CC)c1ccc(C2=NC(c3ccc(N(C)C)cc3)N=C3C=Cc4ccccc4C32O)cc1,1,C1=Cc2ccccc2C2C1=NC(c1ccccc1)N=C2c1ccccc1,0.3594715,393.7281,0.5273486,0.5273,0.4648085,3.8306,1.0000000,1.0000,[],17
39.7605,53.0815,65.6106,0.9272819,CC(C)=CCCC(C)=CCCC12C=CC3=Cc4c(c5ccccc5c5ccccc45)C(=O)C3=C1CC2,1,O=C1C2=C3CCC3C=CC2=Cc2c1c1ccccc1c1ccccc21,0.9796544,477.9349,0.2587463,0.2587,0.4627161,3.8532,1.0000000,1.0000,[],17
31.2757,39.9245,-32.3543,0.0591422,CCSc1ccc(N(c2ccccc2)c2ccc3cc(S(=O)(=O)CC)ccc3c2)cc1,1,c1ccc(N(c2ccccc2)c2ccc3ccccc3c2)cc1,0.0535729,368.8214,0.2804094,0.2804,0.6284943,2.3221,1.0000000,1.0000,[],17
30.8591,32.5668,91.7686,0.9713703,O=C1C(Cl)=Nc2c1ccc1cccc(Cl)c21,1,O=C1C=Nc2c1ccc1ccccc21,0.9923869,467.1220,0.6953250,0.6953,0.5802436,2.7215,1.0000000,1.0000,[],17
35.6293,46.8070,-46.8070,0.0000000,C(c1c2c(nc(n(C)c2=O)=N)n(CCC#N)c1C#N)#N,0,,0.0000000,0.0000,0.0000000,0.0000,0.0000000,0.0000,0.0000000,0.0000,None,17
19.1234,24.2900,33.3006,0.4499267,O=Cc1cc2ccc3cccc4ccc(c1)c2c34,1,c1cc2ccc3cccc4ccc(c1)c2c34,0.4499126,397.8174,0.3497334,0.3497,0.6575012,2.0965,1.0000000,1.0000,[],17
57.8428,63.2471,-62.3022,0.0073822,CCN1C(=[N+]2CCOCC2)C(=CC=C2C(=Nc3c(C)cccc3C)c3cccc(S(=O)(=O)c4ccccc4)c3N2C)c2ccccc21,1,O=S(=O)(c1ccccc1)c1cccc2c1NC(=CC=C1C(=[N+]3CCOCC3)Nc3ccccc31)C2=Nc1ccccc1,0.0060741,575.3469,0.2203089,0.2203,0.4779228,3.6915,1.0000000,1.0000,[],17
32.2453,37.7607,1.7097,0.3083631,CC1(C)c2ccccc2-c2ccc(N(c3ccc4ccc5cccnc5c4c3)c3ccc4c(c3)c3ccccc3n4-c3ccccc3)cc21,1,c1ccc(-n2c3ccccc3c3cc(N(c4ccc5c(c4)Cc4ccccc4-5)c4ccc5ccc6cccnc6c5c4)ccc32)cc1,0.3096452,391.2948,0.1810577,0.1811,0.5627770,2.8744,1.0000000,1.0000,[],17
44.7873,57.7343,-57.7343,0.0000000,CCCC(=O)Oc1cc(-c2cc(CC)c(-c3ccc(-c4ccc(C=C(C#N)C#N)s4)s3)cn2)ccc1OCC,1,c1ccc(-c2ccc(-c3ccc(-c4cccs4)s3)cn2)cc1,0.0000000,0.0000,0.0000000,0.0000,0.0000000,0.0000,0.0000000,0.0000,"['C(=[O,S])[O,S]']",17
61.1920,71.1064,-71.1064,0.0000000,CCCCN1C(=O)C(=C2C(=CC=C(C#N)c3ccc4c(c3)C(CC)(CC)c3ccccc3-4)C(=O)N(CC)C2=CC=C2C=Cc3ccccc3C2=O)SC1=S,1,O=C1NC(=CC=C2C=Cc3ccccc3C2=O)C(=C2SC(=S)NC2=O)C1=CC=Cc1ccc2c(c1)Cc1ccccc1-2,0.0000000,0.0000,0.0000000,0.0000,0.0000000,0.0000,0.0000000,0.0000,"['C(=[O,S])[O,S]']",17
31.0240,39.7654,4.9278,0.3491661,CN(C)c1ccc(-c2cnc3ccc(=N)sc3c2N2CCCCC2)cc1,1,N=c1ccc2ncc(-c3ccccc3)c(N3CCCCC3)c2s1,0.3373854,392.6716,0.7440528,0.7441,0.5730616,2.7838,1.0000000,1.0000,[],17
29.5761,34.2518,-33.9234,0.0025654,c1ccc(-n2c3ccccc3c3cc(-c4ccc5c(c4)c4ccccc4n5CC4CCCCC4)ccc32)cc1,1,c1ccc(-n2c3ccccc3c3cc(-c4ccc5c(c4)c4ccccc4n5CC4CCCCC4)ccc32)cc1,0.0019840,332.4603,0.2256007,0.2256,0.6230237,2.3659,1.0000000,1.0000,[],17
37.0830,45.8843,-43.7834,0.0164132,CCCCCC1(CCCC)c2ccc(-n3c4ccccc4c4ccccc43)cc2-c2ccc(C=Cc3ccc(F)cc3)cc21,1,C(=Cc1ccc2c(c1)Cc1ccc(-n3c4ccccc4c4ccccc43)cc1-2)c1ccccc1,0.0143563,354.0831,0.1127040,0.1127,0.5274612,3.1984,1.0000000,1.0000,[],17
18.9825,22.5773,-22.5130,0.0005021,c1ccc(N2c3ccccc3Sc3ccccc32)nc1,1,c1ccc(N2c3ccccc3Sc3ccccc32)nc1,0.0003474,313.5258,0.4855939,0.4856,0.6602736,2.0755,1.0000000,1.0000,[],17
43.3927,54.7168,20.9859,0.5914269,CCc1cc2cc(C=c3sc(=C(C#N)C#N)n(CC)c3=S)sc2cc1N(c1ccccc1)c1ccc(C=C(C#N)C#N)cc1,1,C=c1[nH]c(=S)c(=Cc2cc3ccc(N(c4ccccc4)c4ccccc4)cc3s2)s1,0.6225960,514.5650,0.1342608,0.1343,0.4767938,3.7034,1.0000000,1.0000,[],17
40.6757,52.0476,-52.0476,0.0000000,n1c2ccccc2n(c1-c1c2-c(cc(=N)c1C#N)c1ccccc1o2)CCCCCCN,0,,0.0000000,0.0000,0.0000000,0.0000,0.0000000,0.0000,0.0000000,0.0000,None,17
38.4143,49.4676,-49.4676,0.0000000,CCCCN1C(=O)C(=Cc2ccc(-[n+]3ccc(C=Cc4ccc(C)cc4)cc3-c3cc4ccccc4s3)cc2)SC1=S,1,O=C1NC(=S)SC1=Cc1ccc(-[n+]2ccc(C=Cc3ccccc3)cc2-c2cc3ccccc3s2)cc1,0.0000000,0.0000,0.0000000,0.0000,0.0000000,0.0000,0.0000000,0.0000,"['C(=[O,S])[O,S]']",17
30.9676,52.8262,53.1213,0.8277150,CCCCCCCCCCCCN(CC=Cc1ccccc1)c1ccc(C=CC=Cc2ccc(C=C(C#N)C#N)cc2N(c2ccccc2)c2ccccc2)cc1,1,C(C=Cc1ccccc1N(c1ccccc1)c1ccccc1)=Cc1ccc(NCC=Cc2ccccc2)cc1,0.9203257,493.4344,0.0401702,0.0402,0.5022984,3.4428,1.0000000,1.0000,[],17
35.4682,34.7210,-34.7210,0.0000000,Clc1ccc(NN=Cc2nc3ncccn3n2)c(Cl)c1,1,C(=NNc1ccccc1)c1nc2ncccn2n1,0.0000000,0.0000,0.0000000,0.0000,0.0000000,0.0000,0.0000000,0.0000,['[#7;!n][#7;!n]'],17
31.5529,44.5029,-44.0019,0.0039143,N#Cc1c(-c2ccccc2)noc1CCCNC(=O)c1ccc(N(c2ccccc2)c2ccccc2)cc1,1,O=C(NCCCc1cc(-c2ccccc2)no1)c1ccc(N(c2ccccc2)c2ccccc2)cc1,0.0030992,337.3151,0.2203342,0.2203,0.6071513,2.4949,1.0000000,1.0000,[],17
70.3397,82.5724,-8.5986,0.5779203,CCCCCCN(c1ccc2c(c1)cc1ccc3cc(-c4cccc5ccc(C=Cc6ccc(CCCn7c8ccccc8c8ccccc87)cc6)nc45)ccc3n12)S(=O)(=O)c1ccc(C)cc1,1,O=S(=O)(Nc1ccc2c(c1)cc1ccc3cc(-c4cccc5ccc(C=Cc6ccc(CCCn7c8ccccc8c8ccccc87)cc6)nc45)ccc3n12)c1ccccc1,0.6138700,405.0336,0.0963110,0.0963,0.4833418,3.6352,1.0000000,1.0000,[],17
44.9447,56.8963,-6.2869,0.3953860,CCN(CC)c1cc(-c2cc3cc(OC)c4c(=O)oc5c(C)c(C)ccc5c4c3o2)ccc1N(C)C,1,O=c1oc2ccccc2c2c1ccc1cc(-c3ccccc3)oc12,0.4017464,395.6767,0.1930404,0.1930,0.5430898,3.0524,1.0000000,1.0000,[],17
35.9762,37.3626,-37.1818,0.0014123,Cc1cc2oc3c(Br)c(N)ccc3c2n1C,1,c1ccc2c(c1)oc1cc[nH]c12,0.0010267,325.2976,0.6391054,0.6391,0.5535336,2.9572,1.0000000,1.0000,[],17
27.4218,39.6315,-35.8781,0.0293234,O=c1oc(-c2ccc(C=Cc3ccccc3)cc2)c(-c2ccc3c(ccc4ccccc43)c2)c2ccccc12,1,O=c1oc(-c2ccc(C=Cc3ccccc3)cc2)c(-c2ccc3c(ccc4ccccc43)c2)c2ccccc12,0.0259787,360.6512,0.1778618,0.1779,0.6184449,2.4027,1.0000000,1.0000,[],17
22.1661,30.3331,65.4969,0.7486718,COc1ccc(-c2c(C#N)c3nc4ccccc4nc3c3ccccc23)cc1,1,c1ccc(-c2cc3nc4ccccc4nc3c3ccccc23)cc1,0.7724811,413.2718,0.3083416,0.3083,0.6402550,2.2294,1.0000000,1.0000,[],17
31.1297,38.3044,41.6434,0.6245923,N#Cc1c(C#N)c2c3c(cc4ccc5cccc1c5c42)ncc1ccccc13,1,c1ccc2c(c1)cnc1cc3ccc4cccc5ccc(c12)c3c45,0.6441015,406.4407,0.2473767,0.2474,0.5813850,2.7117,1.0000000,1.0000,[],17
46.5630,54.5668,-54.5668,0.0000000,c1(-c2ccccc2F)c2n3ccc(-c4c(C)cccc4C)c(n3c3c2c(c2ccccc32)cc1)=O,0,,0.0000000,0.0000,0.0000000,0.0000,0.0000000,0.0000,0.0000000,0.0000,None,17
19.4235,26.2369,-25.7019,0.0041797,COc1cc(N(c2ccccc2)c2ccccc2)ccc1N(c1ccccc1)c1ccccc1,1,c1ccc(N(c2ccccc2)c2ccc(N(c3ccccc3)c3ccccc3)cc2)cc1,0.0033004,337.9999,0.2507875,0.2508,0.6710418,1.9946,1.0000000,1.0000,[],17
31.6737,38.3074,-38.3074,0.0000000,c1ccc(-c2c3c(c(-c4cc(Cl)ccc4Cl)ccc3)nn2)cc1,0,,0.0000000,0.0000,0.0000000,0.0000,0.0000000,0.0000,0.0000000,0.0000,None,17
31.0903,37.8094,59.6832,0.7616604,CCN(CC)c1ccc(-c2nc3c(s2)C(C)(C)C(=O)c2ccccc2-3)cc1,1,O=C1Cc2sc(-c3ccccc3)nc2-c2ccccc21,0.7724885,413.2722,0.5770491,0.5770,0.5907170,2.6321,1.0000000,1.0000,[],17
27.1553,33.0611,-33.0611,0.0000000,C=C(C#Cc1c2ccccc2nc2ccccc12)CCC,1,c1ccc2nc3ccccc3cc2c1,0.0000000,0.0000,0.0000000,0.0000,0.0000000,0.0000,0.0000000,0.0000,['C#C'],17
27.4675,34.2889,-29.4901,0.0374906,c1ccc2c(c1)c1ccccc1n2-c1ccc(-n2c3ccc(-n4c5ccccc5c5ccccc54)cc3c3nccnc32)cc1,1,c1ccc2c(c1)c1ccccc1n2-c1ccc(-n2c3ccc(-n4c5ccccc5c5ccccc54)cc3c3nccnc32)cc1,0.0334770,363.4883,0.2103933,0.2104,0.6111219,2.4623,1.0000000,1.0000,[],17
49.1404,53.3177,-52.9503,0.0028702,CC12CCCC3(CC1)C1C(=Cc4ccc(Br)cc41)C=CC23C,1,C1=CC2C3CCCC2(CC3)C2C1=Cc1ccccc12,0.0022046,333.6070,0.4998230,0.4998,0.3464714,5.2998,1.0000000,1.0000,[],17
44.2308,56.3776,-56.3776,0.0000000,c12c(oc3c1c(=N)n(n3)CC=C)cc(N=Nc1ccc(N(CCCCCCCCCCCCCCCCCC)CCCCCCCCCCCCCCCC)cc1)cc2,0,,0.0000000,0.0000,0.0000000,0.0000,0.0000000,0.0000,0.0000000,0.0000,None,17
29.5145,29.8321,41.0937,0.5541086,N#Cc1cn2c(cc3ccccc32)[nH]c1=S,1,S=c1ccn2c(cc3ccccc32)[nH]1,0.5527933,402.3014,0.5975300,0.5975,0.5539538,2.9534,1.0000000,1.0000,[],17
31.6792,39.4899,21.3840,0.4755777,C(=Cc1ccc(N(c2cccc(-c3ccccc3)c2)c2cc3c4ccccc4sc3c3ccccc23)cc1)c1ccc(N(c2ccccc2)c2ccccc2)cc1,1,C(=Cc1ccc(N(c2cccc(-c3ccccc3)c2)c2cc3c4ccccc4sc3c3ccccc23)cc1)c1ccc(N(c2ccccc2)c2ccccc2)cc1,0.4930058,399.6962,0.1357428,0.1357,0.5643204,2.8607,1.0000000,1.0000,[],17
41.0880,54.5648,7.2984,0.4833060,CCCCCCCC(=O)c1ccc(-c2ccc3cnc(-c4ccc(C=Cc5ccc(N(CC)CC)cc5)cc4)nc3c2)cc1,1,C(=Cc1ccc(-c2ncc3ccc(-c4ccccc4)cc3n2)cc1)c1ccccc1,0.5106028,400.4605,0.0743315,0.0743,0.5893880,2.6434,1.0000000,1.0000,[],17
19.3475,20.3482,-20.3256,0.0001764,O=C1c2ccccc2C(=O)N1CCCCBr,1,O=C1NC(=O)c2ccccc21,0.0001155,301.5616,0.4830514,0.4831,0.6838689,1.8999,1.0000000,1.0000,[],17
25.6028,30.5055,-26.5222,0.0311190,COc1ccc(C=Cc2cc(-c3ccc(OC)cc3)nc3ccccc23)cc1,1,C(=Cc1cc(-c2ccccc2)nc2ccccc12)c1ccccc1,0.0268517,361.0198,0.4276521,0.4277,0.6736762,1.9750,1.0000000,1.0000,[],17
47.4674,58.1655,-58.1655,0.0000000,c1(cc(C=Cc2c(=Cc3ccc(s3)C)c(-c3ccc([N+](=O)[O-])cc3)c(c(=O)n2C)-c2ccccc2)ccc1OC)OC,0,,0.0000000,0.0000,0.0000000,0.0000,0.0000000,0.0000,0.0000000,0.0000,None,17
32.4109,35.3893,86.2599,0.9503847,O=C1C=CC=NC1=Cc1ccc(O)c(S(=O)(=O)O)c1,1,O=C1C=CC=NC1=Cc1ccccc1,0.9739845,439.3330,0.6247343,0.6247,0.5561696,2.9334,1.0000000,1.0000,[],17
36.6555,43.7370,-43.7370,0.0000000,c1c(c(ccc1F)C#N)C#Cc1c(c(n(cc1F)C)=O)=O,0,,0.0000000,0.0000,0.0000000,0.0000,0.0000000,0.0000,0.0000000,0.0000,None,17
64.9069,75.3489,-75.3489,0.0000000,c1(cc2c3n(c4ccc(N(CC)CC)cc4c3C=Cc3ccc(CCC=C)cc3)c(=O)c(N=Nc3ccc(Br)cc3)c2cc1C=O)C#N,0,,0.0000000,0.0000,0.0000000,0.0000,0.0000000,0.0000,0.0000000,0.0000,None,17
20.3173,30.4342,-30.4342,0.0000000,CCCCN(CCCC)c1ccc(C#CC#N)c2ccccc12,1,c1ccc2ccccc2c1,0.0000000,0.0000,0.0000000,0.0000,0.0000000,0.0000,0.0000000,0.0000,['C#C'],17
26.4595,38.3990,79.4641,0.9208056,CCN(CC)c1ccc(C=Cc2nc3cc4c(cc3o2)N(CC)C(C)(C)C=C4C)cc1,1,C1=Cc2cc3nc(C=Cc4ccccc4)oc3cc2NC1,0.9525287,432.5612,0.4398181,0.4398,0.5581895,2.9153,1.0000000,1.0000,[],17
71.8082,80.1477,-80.1477,0.0000000,C=C=C1C(N(CC)Sc2ccc(-c3ccc4nc(-c5ccc(N(CCCCCCCC)CCCCCCCC)cc5)oc4c3)cc2)=NN(c2ccc(N(c3ccccc3)c3ccccc3)cc2)C1C,1,C=C1CN(c2ccc(N(c3ccccc3)c3ccccc3)cc2)N=C1NSc1ccc(-c2ccc3nc(-c4ccccc4)oc3c2)cc1,0.0000000,0.0000,0.0000000,0.0000,0.0000000,0.0000,0.0000000,0.0000,"['[#7;!n][S;!$(S(=O)=O)]', '[#7;!n][#7;!n]']",17
38.1697,45.6181,-45.6181,0.0000000,c1c2C(N(C(=O)c2ccc1-c1c2c(cccc2)c(c2cc3ccccc3cc12)=C)CCCCCCCC)=O,0,,0.0000000,0.0000,0.0000000,0.0000,0.0000000,0.0000,0.0000000,0.0000,None,17
40.5044,46.4486,56.7102,0.8059274,COc1ccc(N=C2C=CC(=C3Cc4cc5c(cc4C3=O)C(=O)C=C5)C=C2)cc1,1,O=C1C=Cc2cc3c(cc21)C(=O)C(=C1C=CC(=Nc2ccccc2)C=C1)C3,0.8165569,503.7879,0.7018708,0.7019,0.5321738,3.1539,1.0000000,1.0000,[],17
64.2938,72.6349,45.7670,0.9250147,CC1=CC(C=C2N(C)c3ccccc3C2(C)C)C(=O)C(C=Cc2cc(C3=C(C)c4ccccc4C3=O)c(Cl)c(C(C)(C)C)c2)=C1C(C)(C)C,1,O=C1C(c2cccc(C=CC3=CC=CC(C=C4Cc5ccccc5N4)C3=O)c2)=Cc2ccccc21,0.9767004,479.4397,0.2773334,0.2773,0.4258569,4.2683,1.0000000,1.0000,[],17
29.4187,41.3310,51.3987,0.7244508,C(=Cc1ccc(Nc2ccc(N=Cc3ccc(C=Cc4ccc(N(c5ccccc5)c5ccccc5)cc4)cc3)cc2)cc1)c1ccncc1,1,C(=Cc1ccc(Nc2ccc(N=Cc3ccc(C=Cc4ccc(N(c5ccccc5)c5ccccc5)cc4)cc3)cc2)cc1)c1ccncc1,0.7718284,413.2315,0.1125050,0.1125,0.5840532,2.6888,1.0000000,1.0000,[],17
84.4404,102.9869,-102.9869,0.0000000,CCCCCCC1=C(c2ccc(C=C(C#N)C#N)s2)c2ccc(-c3ccc(-c4nc5ccc(C(=O)Cc6ccc(-c7ccc(-c8nc(-c9ccc(C=C(C#N)C(=O)O)s9)c(C)s8)s7)nn6)cc5n4CC)s3)c3cccc1c23,1,O=C(Cc1ccc(-c2ccc(-c3nc(-c4cccs4)cs3)s2)nn1)c1ccc2nc(-c3ccc(-c4ccc5c6c(cccc46)C=C5c4cccs4)s3)[nH]c2c1,0.0000000,0.0000,0.0000000,0.0000,0.0000000,0.0000,0.0000000,0.0000,"['C(=[O,S])[O,S]']",17
33.9935,41.9407,16.3682,0.4555381,N#Cc1c(-c2cccs2)c(C#N)c2c(=O)[nH]ccc2c1-c1cccs1,1,O=c1[nH]ccc2c(-c3cccs3)cc(-c3cccs3)cc12,0.4506446,397.8495,0.5617218,0.5617,0.5556905,2.9377,1.0000000,1.0000,[],17
33.0571,38.1169,-30.0292,0.0631854,CN(C=C(C#N)C=C(F)C#N)C1CCC1,1,C1CCC1,0.0566732,369.4679,0.5241741,0.5242,0.4636290,3.8434,1.0000000,1.0000,[],18
34.3117,37.3908,-37.3908,0.0000000,CCOC(=O)c1cn(CC)c2cc(Oc3cnc4[nH]cc(C#N)c4c3)ccc2c1=O,1,O=c1cc[nH]c2cc(Oc3cnc4[nH]ccc4c3)ccc12,0.0000000,0.0000,0.0000000,0.0000,0.0000000,0.0000,0.0000000,0.0000,"['C(=[O,S])[O,S]']",18
32.1941,38.5811,-27.5109,0.0864861,N#[N+]c1ccc(Cn2c3ccccc3c3cc(C=Cc4ccc(N(c5ccccc5)c5ccccc5)cc4)ccc32)cc1,1,C(=Cc1ccc2c(c1)c1ccccc1n2Cc1ccccc1)c1ccc(N(c2ccccc2)c2ccccc2)cc1,0.0817242,373.7344,0.1453577,0.1454,0.5848145,2.6823,1.0000000,1.0000,[],18
39.9505,55.7131,60.5795,0.9085354,COc1ccc(C=C2C=Cc3cc(Cl)ccc3C2=O)cc1C=CC=Cc1ccc(N2CCCc3ccccc32)cc1,1,O=C1C(=Cc2cccc(C=CC=Cc3ccc(N4CCCc5ccccc54)cc3)c2)C=Cc2ccccc21,0.9669055,436.6407,0.1751660,0.1752,0.5574101,2.9223,1.0000000,1.0000,[],18
31.4207,39.5508,67.5425,0.8366664,Oc1ccccc1C=Nc1cccc(N=Nc2ccc3c(ccc4ccccc43)c2)c1,1,C(=Nc1cccc(N=Nc2ccc3c(ccc4ccccc43)c2)c1)c1ccccc1,0.8835552,422.0028,0.1858816,0.1859,0.5993267,2.5597,1.0000000,1.0000,[],18
33.2942,41.6160,-41.6160,0.0000000,c1cc(c(-c2c3n(c4c(c(ccc4)-n4c5c(cccc5)c5ccccc45)n3)c3c2cccc3)cc1)N(c1ccccc1)c1ccccc1,0,,0.0000000,0.0000,0.0000000,0.0000,0.0000000,0.0000,0.0000000,0.0000,None,18
60.5473,69.1540,-68.7151,0.0034284,CCN(CC)c1cc(C=CC=CN=C(N)c2ccccc2)cc(-c2cccc(C(=O)C=Cc3ccccc3N=Cc3ccccc3O)c2)[o+]1,1,O=C(C=Cc1ccccc1N=Cc1ccccc1)c1cccc(-c2cc(C=CC=CN=Cc3ccccc3)cc[o+]2)c1,0.0028769,583.4954,0.0331097,0.0331,0.4734042,3.7390,1.0000000,1.0000,[],18
30.2148,42.5770,73.4266,0.9062779,CCN(CC)c1ccc2cc(N=Nc3ccc4nc(-c5c(O)ccc6ccccc56)sc4c3)ccc2c1,1,c1ccc2cc(N=Nc3ccc4nc(-c5cccc6ccccc56)sc4c3)ccc2c1,0.9554581,486.7139,0.2308903,0.2309,0.5726759,2.7872,1.0000000,1.0000,[],18
54.5956,67.8536,-67.8536,0.0000000,C(CCC)CN(CCCC)c1cc(n2c(=Cc3ccc(N(CC)CC)cc3)c(-c3ccc(cc3)N(CC)CC)c3cc(ccc3-2)c1)=NC#N,0,,0.0000000,0.0000,0.0000000,0.0000,0.0000000,0.0000,0.0000000,0.0000,None,18
51.7179,62.7837,42.5799,0.8231532,[N-]=[N+]=Nc1ccccc1-c1cc(C=Cc2cc(-c3ccccc3)cc3oc(=O)c4ccccc4c23)cc(-c2ccccc2)[o+]1,1,O=c1oc2cc(-c3ccccc3)cc(C=Cc3cc(-c4ccccc4)[o+]c(-c4ccccc4)c3)c2c2ccccc12,0.9079460,495.1496,0.0497118,0.0497,0.5266148,3.2064,1.0000000,1.0000,[],18
47.6925,49.0315,-48.5992,0.0033773,Cc1cccc(C(C#N)=Cc2n[nH]nc2-c2nnc(CN3CCCCC3)o2)c1,1,C(=Cc1n[nH]nc1-c1nnc(CN2CCCCC2)o1)c1ccccc1,0.0025649,335.2545,0.6821837,0.6822,0.5586351,2.9113,1.0000000,1.0000,[],18
45.3219,57.4282,-53.5212,0.0305240,C=C(c1ccc(N(c2ccccc2)c2ccccc2)cc1)c1cn(Cc2ccccc2Cl)nc1C=Cc1ccc(C#N)cc1,1,C=C(c1ccc(N(c2ccccc2)c2ccccc2)cc1)c1cn(Cc2ccccc2)nc1C=Cc1ccccc1,0.0271961,361.1620,0.1686959,0.1687,0.5654545,2.8506,1.0000000,1.0000,[],18
30.2113,42.4566,68.5684,0.8673825,Clc1ccc(C=Cc2nc(C=Cc3cccs3)c(C=Cc3ccc(N(c4ccccc4)c4ccccc4)cc3)o2)cc1,1,C(=Cc1nc(C=Cc2cccs2)c(C=Cc2ccc(N(c3ccccc3)c3ccccc3)cc2)o1)c1ccccc1,0.9219776,426.8125,0.1696689,0.1697,0.5519657,2.9713,1.0000000,1.0000,[],18
48.3561,61.8710,-61.8710,0.0000000,CCN(CC)c1ccc2c(c1)c1cc(C=C(C#N)c3nc4ccccc4s3)ccc1n2CCCn1c2ccccc2c2cc(F)c(C(=O)O)cc21,1,C(=Cc1nc2ccccc2s1)c1ccc2c(c1)c1ccccc1n2CCCn1c2ccccc2c2ccccc21,0.0000000,0.0000,0.0000000,0.0000,0.0000000,0.0000,0.0000000,0.0000,"['C(=[O,S])[O,S]']",18
63.0073,72.7137,-72.7137,0.0000000,COc1ccc2ccccc2c1C=C1CCCc2c(C(=O)O)nn(-c3ccc(C=Cc4ccc(S(=O)(=O)c5c(C(C)C)cccc5C(C)C)cc4)cc3)c21,1,O=S(=O)(c1ccccc1)c1ccc(C=Cc2ccc(-n3ncc4c3C(=Cc3cccc5ccccc35)CCC4)cc2)cc1,0.0000000,0.0000,0.0000000,0.0000,0.0000000,0.0000,0.0000000,0.0000,"['C(=[O,S])[O,S]']",18
22.5508,31.6698,-31.6698,0.0000000,N#CC(=Cc1ccc2c3ccccc3c3ccccc3c2c1)C(=O)O,1,c1ccc2c(c1)c1ccccc1c1ccccc21,0.0000000,0.0000,0.0000000,0.0000,0.0000000,0.0000,0.0000000,0.0000,"['C(=[O,S])[O,S]']",18
33.6972,47.3592,2.3794,0.3885829,CC1(C)c2ccccc2-c2ccc(C=C3C=C(C=CC4=C(c5ccccc5)c5ccccc5C4=O)c4ccccc43)cc21,1,O=C1C(C=CC2=CC(=Cc3ccc4c(c3)Cc3ccccc3-4)c3ccccc32)=C(c2ccccc2)c2ccccc21,0.3929462,524.7224,0.2175472,0.2175,0.5457969,3.0275,1.0000000,1.0000,[],18
23.9376,30.0021,-29.3873,0.0048028,COc1ccc(C(O)=Cn2c3ccccc3c3ccccc32)cc1,1,C(=Cn1c2ccccc2c2ccccc21)c1ccccc1,0.0037366,339.3526,0.5193912,0.5194,0.6437102,2.2025,1.0000000,1.0000,[],18
44.2930,52.2692,-52.2692,0.0000000,C=CCN1C(=S)SC(=Cc2ccc(-c3ccc(N(c4ccc(C)cc4)c4ccc(-c5ccc(-c6ccc(C)cc6)s5)cc4)cc3)o2)C1=S,1,S=C1NC(=S)C(=Cc2ccc(-c3ccc(N(c4ccccc4)c4ccc(-c5ccc(-c6ccccc6)s5)cc4)cc3)o2)S1,0.0000000,0.0000,0.0000000,0.0000,0.0000000,0.0000,0.0000000,0.0000,"['C(=[O,S])[O,S]']",18
44.8687,60.2943,-57.5082,0.0217666,O=c1[nH]c2cccc(C=Cc3ccc4nc5c(c(C=Cc6ccccc6C=Cc6ccccc6)c4c3)CCCC5)c2o1,1,O=c1[nH]c2cccc(C=Cc3ccc4nc5c(c(C=Cc6ccccc6C=Cc6ccccc6)c4c3)CCCC5)c2o1,0.0189348,357.1391,0.2120442,0.2120,0.5370017,3.1088,1.0000000,1.0000,[],18
39.8310,46.0636,-45.7468,0.0024749,CN(c1ccc(-c2cc3cc(-c4ccccc4)ccc3n2C2CC2)cc1)c1ccc2c(c1)OCO2,1,c1ccc(-c2ccc3c(c2)cc(-c2ccc(Nc4ccc5c(c4)OCO5)cc2)n3C2CC2)cc1,0.0019010,331.9951,0.2686910,0.2687,0.6061745,2.5029,1.0000000,1.0000,[],18
57.1381,72.8488,-66.3543,0.0507385,N#CC(C#N)=Cc1ccc(-c2ccc(C=C3C=C(C=C4C=c5ccccc5=N4)C=C(C=O)C3=O)c(-c3ccccc3[N+](=O)[O-])n2)cc1,1,O=C1C=CC(C=C2C=c3ccccc3=N2)=CC1=Cc1ccc(-c2ccccc2)nc1-c1ccccc1,0.0480574,552.4213,0.0642764,0.0643,0.4690150,3.7856,1.0000000,1.0000,[],18
38.1505,42.9774,-30.3121,0.0989472,CC1(C)c2ccccc2-c2ccc(-n3c4ccccc4c4ccc(-c5cc(-n6c7ccccc7c7ccccc76)cc6nccnc56)cc43)cc21,1,c1ccc2c(c1)Cc1cc(-n3c4ccccc4c4ccc(-c5cc(-n6c7ccccc7c7ccccc76)cc6nccnc56)cc43)ccc1-2,0.0934890,375.3347,0.1903766,0.1904,0.5490760,2.9976,1.0000000,1.0000,[],18
48.2880,55.9797,61.2496,0.9158539,CC(C=C(C#N)C#N)=Cn1c2ccccc2c2cc(N)c(-c3ccc4ccc5ccccc5c4c3)cc21,1,c1ccc2c(c1)ccc1ccc(-c3ccc4c(c3)[nH]c3ccccc34)cc12,0.9870688,472.9323,0.1215126,0.1215,0.5405995,3.0754,1.0000000,1.0000,[],18
45.2116,50.1931,-50.1931,0.0000000,N=c1[nH]c2ccc(-c3cccc(N(c4ccc(N(c5ccccc5)c5ccccc5)cc4)c4ccc5ncccc5c4)c3)c3c1cccc23,1,N=c1[nH]c2ccc(-c3cccc(N(c4ccc(N(c5ccccc5)c5ccccc5)cc4)c4ccc5ncccc5c4)c3)c3c1cccc23,0.0000000,0.0000,0.1843853,0.1844,0.4508814,3.9828,1.0000000,1.0000,[],18
27.9640,25.4651,-25.4006,0.0005040,Cc1ccc(CNc2cccc(N(C)C)n2)s1,1,c1ccc(NCc2cccs2)nc1,0.0003425,313.3691,0.8993855,0.8994,0.6235237,2.3618,1.0000000,1.0000,[],18
38.8868,44.7961,-44.3118,0.0037837,COc1c2c(=O)c3ccccc3c(=O)c2c(N)c2c(=O)c3cc4c(ccn4C)cc3c(=O)c12,1,O=c1c2ccccc2c(=O)c2cc3c(=O)c4cc5[nH]ccc5cc4c(=O)c3cc12,0.0029639,583.1713,0.3136360,0.3136,0.5462624,3.0233,1.0000000,1.0000,[],18
32.0063,33.3153,-29.9492,0.0262976,CN(C)c1cccc2c(O)cc(-c3ccsc3)nc12,1,c1ccc2nc(-c3ccsc3)ccc2c1,0.0221379,358.8715,0.7704164,0.7704,0.5910987,2.6289,1.0000000,1.0000,[],18
51.0324,57.5058,61.0108,0.9259109,CN(C)c1ccc2c(c1)S(=O)(=O)c1cc(N=Nc3cc(C#N)cc(C(=O)Nc4ccccc4)c3)c(N(C)C)cc1-2,1,O=C(Nc1ccccc1)c1cccc(N=Nc2ccc3c(c2)S(=O)(=O)c2ccccc2-3)c1,0.9760098,479.7645,0.2526253,0.2526,0.5317047,3.1583,1.0000000,1.0000,[],18
26.1854,26.4484,-14.1090,0.0964020,c1ccc(-c2nc(N3CCOCC3)nc3ccccc23)cc1,1,c1ccc(-c2nc(N3CCOCC3)nc3ccccc23)cc1,0.0867838,374.4466,0.7268358,0.7268,0.6860008,1.8844,1.0000000,1.0000,[],18
21.8950,26.4973,62.6005,0.6960768,OC1=C(c2ccccc2)c2cccc3cccc1c23,1,C1=C(c2ccccc2)c2cccc3cccc1c23,0.6977311,409.0824,0.6614318,0.6614,0.6713451,1.9924,1.0000000,1.0000,[],18
50.7598,61.7048,-50.2571,0.0894350,CN(c1cccc(C#N)c1)c1nc(C(C#N)=Cc2cc(-c3cccs3)cnc2F)ns1,1,C(=Cc1nsc(Nc2ccccc2)n1)c1cncc(-c2cccs2)c1,0.0829810,373.9150,0.2980312,0.2980,0.5158190,3.3100,1.0000000,1.0000,[],18
31.0338,49.9386,69.5421,0.9334429,Cc1ccc(NC2=NC(=O)C(=Cc3ccoc3C=Cc3ccc(N(c4ccccc4)c4ccccc4)cc3)S2)cc1,1,O=C1N=C(Nc2ccccc2)SC1=Cc1ccoc1C=Cc1ccc(N(c2ccccc2)c2ccccc2)cc1,0.9897337,470.3974,0.2035610,0.2036,0.5678378,2.8296,1.0000000,1.0000,[],18
25.6977,26.6616,-26.6550,0.0000515,CC1=CCCN(C(=S)N(C)C)C1,1,C1=CCNCC1,0.0000319,287.6111,0.4158238,0.4158,0.5030620,3.4352,1.0000000,1.0000,[],18
16.4753,24.7382,54.2649,0.6172118,C(C=Cc1ccc(N(c2ccccc2)c2ccccc2)cc1)=Cc1ccc(N(c2ccccc2)c2ccccc2)cc1,1,C(C=Cc1ccc(N(c2ccccc2)c2ccccc2)cc1)=Cc1ccc(N(c2ccccc2)c2ccccc2)cc1,0.6419452,406.3387,0.1682892,0.1683,0.6706122,1.9978,1.0000000,1.0000,[],18
41.1473,49.5812,-27.2947,0.1741138,C(=C(c1nc2ccccc2nc1-c1ccco1)C1CC1)c1ccc(-n2c3ccccc3c3ccccc32)cc1,1,C(=C(c1nc2ccccc2nc1-c1ccco1)C1CC1)c1ccc(-n2c3ccccc3c3ccccc32)cc1,0.1681378,382.6404,0.2354503,0.2355,0.5817046,2.7090,1.0000000,1.0000,[],18
29.2333,29.0023,-28.5305,0.0036862,Cc1cc(=O)n2[nH]c(=O)c(F)cc2n1,1,O=c1ccc2nccc(=O)n2[nH]1,0.0028183,336.2804,0.6341874,0.6342,0.5638771,2.8646,1.0000000,1.0000,[],18
33.5949,35.7518,-35.7518,0.0000000,CCOC(=O)c1cc2ncccc2c(NC(C)C)c1C#N,1,c1ccc2ncccc2c1,0.0000000,0.0000,0.0000000,0.0000,0.0000000,0.0000,0.0000000,0.0000,"['C(=[O,S])[O,S]']",18
35.0819,46.2625,57.7204,0.8123665,N#CC(C#N)=C(C#N)n1c(-c2ccc(C=Nc3ccccc3)cc2)nc2cc(C#N)ccc21,1,C(=Nc1ccccc1)c1ccc(-c2nc3ccccc3[nH]2)cc1,0.8428117,418.2328,0.3330509,0.3331,0.5390545,3.0897,1.0000000,1.0000,[],18
54.3713,61.8104,44.9554,0.8341082,CCN(CC)c1ccc(-c2c(-c3ccccc3)c3ccc(N(CC)c4nocc4C)c(C#N)c3[nH]c2=O)cc1,1,O=c1[nH]c2cc(Nc3ccon3)ccc2c(-c2ccccc2)c1-c1ccccc1,0.8762476,421.2518,0.2375582,0.2376,0.5280684,3.1926,1.0000000,1.0000,[],18
45.6651,50.4891,62.6939,0.8842419,Nc1ccc(Nc2ccccc2)c2c1c(S(=O)(=O)c1c([N+](=O)[O-])ccc3ccccc13)cc1ccccc12,1,O=S(=O)(c1cccc2ccccc12)c1cc2ccccc2c2c(Nc3ccccc3)cccc12,0.9533405,432.7577,0.1075722,0.1076,0.5844179,2.6857,1.0000000,1.0000,[],18
20.6733,24.5665,52.3701,0.6010673,COc1ccc(C=Cc2ccc([N+](=O)[O-])cc2[N+](=O)[O-])cc1,1,C(=Cc1ccccc1)c1ccccc1,0.6042342,404.5942,0.4764760,0.4765,0.6635032,2.0511,1.0000000,1.0000,[],18
35.5519,45.0308,-44.6602,0.0028953,CCCCCCCCN1C(=N)c2cccc3c2C1(CC)c1ccccc1-3,1,N=C1NC2c3ccccc3-c3cccc1c32,0.0021977,333.5730,0.5561364,0.5561,0.5293316,3.1807,1.0000000,1.0000,[],18
32.0343,37.2815,82.9916,0.9396332,CCc1ccc(N)c(N=Nc2ccc(N(c3ccccc3)c3ccccc3)cc2CC)c1,1,c1ccc(N=Nc2ccc(N(c3ccccc3)c3ccccc3)cc2)cc1,0.9902018,450.1144,0.2414539,0.2415,0.5981212,2.5698,1.0000000,1.0000,[],18
30.0978,36.9565,-36.9565,0.0000000,Cc1[nH]c(c(c(=O)c1C#N)C#N)=Cc1cn2ccccc2n1,0,,0.0000000,0.0000,0.0000000,0.0000,0.0000000,0.0000,0.0000000,0.0000,None,18
47.6696,60.6810,-49.3397,0.0886038,Cn1nc(C=Cc2ccccc2)nc1-c1ccc(C=Cc2ccc3c(c2)N(c2nc4ccccc4n2C)c2ccccc2S3)cc1,1,C(=Cc1n[nH]c(-c2ccc(C=Cc3ccc4c(c3)N(c3nc5ccccc5[nH]3)c3ccccc3S4)cc2)n1)c1ccccc1,0.0835057,373.9897,0.1746277,0.1746,0.5344845,3.1323,1.0000000,1.0000,[],18
23.7424,32.2285,88.2157,0.9409702,CCC[n+]1c(C=Cc2ccc(OC)cc2)c2ccccc2c2ccccc21,1,C(=Cc1[nH+]c2ccccc2c2ccccc12)c1ccccc1,0.9822761,476.4081,0.3226139,0.3226,0.6090773,2.4791,1.0000000,1.0000,[],18
33.7064,40.0511,-24.4328,0.1220183,C1=Cc2ccc(-c3ccc(-c4c5ccccc5c(-c5ccc(C=Cc6ccccc6)cc5)c5ccccc45)cc3)cc2CC1,1,C1=Cc2ccc(-c3ccc(-c4c5ccccc5c(-c5ccc(C=Cc6ccccc6)cc5)c5ccccc45)cc3)cc2CC1,0.1173359,378.0909,0.1450502,0.1451,0.6039713,2.5211,1.0000000,1.0000,[],18
31.4726,36.3434,26.0712,0.4876138,c1ccc(-c2c3ccccc3c(-n3c4ccccc4c4ccccc43)c3ccc(-c4cccc5c4oc4ccccc45)cc23)cc1,1,c1ccc(-c2c3ccccc3c(-n3c4ccccc4c4ccccc43)c3ccc(-c4cccc5c4oc4ccccc45)cc23)cc1,0.5003584,400.0156,0.1886539,0.1887,0.5948981,2.5968,1.0000000,1.0000,[],18
50.6526,61.7341,40.3725,0.7977080,COC(C=C(C#N)C#N)=Cc1sc(-c2ccc3c(c2)c2ccccc2n3-c2ccc(CN(C)C3CCCCC3)cc2)cc1C=O,1,c1csc(-c2ccc3c(c2)c2ccccc2n3-c2ccc(CNC3CCCCC3)cc2)c1,0.8688706,499.4686,0.0719713,0.0720,0.5082687,3.3837,1.0000000,1.0000,[],18
26.8282,31.6387,-31.4051,0.0018250,CC(c1ccc(N(c2ccccc2)c2ccccc2)cc1)c1ccc2c(c1)C(C)(C)c1ccccc1-2,1,c1ccc(N(c2ccccc2)c2ccc(Cc3ccc4c(c3)Cc3ccccc3-4)cc2)cc1,0.0013843,328.5458,0.2496432,0.2496,0.5729673,2.7846,1.0000000,1.0000,[],18
35.7454,38.4565,-38.4148,0.0003257,CC(C)n1c(C=Cc2ccccc2)nnc1CCc1nc2ccccc2[nH]1,1,C(=Cc1nnc(CCc2nc3ccccc3[nH]2)[nH]1)c1ccccc1,0.0002200,308.5622,0.5444203,0.5444,0.5980429,2.5705,1.0000000,1.0000,[],18
33.5417,39.3407,-38.2875,0.0082281,CN1CCC(CCC=Cc2cc(=N)oc3ccccc23)CC1,1,N=c1cc(C=CCCC2CCNCC2)c2ccccc2o1,0.0064830,345.3651,0.9243884,0.9244,0.5711562,2.8005,1.0000000,1.0000,[],18
49.7837,60.3445,19.5602,0.6242557,Cc1ccccc1-n1nc(C#N)c(C#N)c1-c1cc(C#N)c2cc(-c3ccc(N(c4ccccc4)c4ccccc4)cc3)c3ccoc3c2c1,1,c1ccc(N(c2ccccc2)c2ccc(-c3cc4ccc(-c5ccnn5-c5ccccc5)cc4c4occc34)cc2)cc1,0.6518240,406.8083,0.1786513,0.1787,0.5235112,3.2360,1.0000000,1.0000,[],18
27.7148,28.0021,-27.9887,0.0001044,Nc1[nH]nc2c1CC=N2,1,C1=Nc2n[nH]cc2C1,0.0000669,295.6428,0.5175766,0.5176,0.4325274,4.1905,1.0000000,1.0000,[],18
36.9314,53.9567,-47.4916,0.0505079,CCN1C(=CC=CC2=Cc3cc(N(c4ccccc4)c4ccccc4)ccc3C2=Cc2ccc(N(C)C)cc2)C(C)(C)c2ccc(Cl)cc21,1,C(=CC1=Cc2cc(N(c3ccccc3)c3ccccc3)ccc2C1=Cc1ccccc1)C=C1Cc2ccccc2N1,0.0463346,552.8373,0.1640592,0.1641,0.5187582,3.2816,1.0000000,1.0000,[],18
26.0560,33.8360,84.8581,0.9272979,O=C1C=Cc2ccccc2C1=Cc1cc2ccccc2o1,1,O=C1C=Cc2ccccc2C1=Cc1cc2ccccc2o1,0.9476817,431.4502,0.6073437,0.6073,0.6227932,2.3677,1.0000000,1.0000,[],18
31.9010,32.6543,-32.6155,0.0003039,CCCCCCCCc1c(C)ccc2c(S(=O)(=O)O)cccc12,1,c1ccc2ccccc2c1,0.0002043,307.7580,0.5263764,0.5264,0.6541011,2.1225,1.0000000,1.0000,[],18
81.7529,80.4110,-80.4110,0.0000000,c1c2c(-c3c4c5c(cc1O2)-c1c2c(cccc6cccc-52)n6c2nc5ccccc5c3c1c2C4)c1ccccc1,0,,0.0000000,0.0000,0.0000000,0.0000,0.0000000,0.0000,0.0000000,0.0000,None,18
27.7407,41.0156,78.0537,0.9302292,N#Cc1ccc(C=C2N=C(C=Cc3ccc(N(c4ccccc4)c4ccccc4)cc3)c3ccccc32)cc1,1,C(=Cc1ccc(N(c2ccccc2)c2ccccc2)cc1)C1=NC(=Cc2ccccc2)c2ccccc21,0.9813307,476.9828,0.2337296,0.2337,0.5823679,2.7033,1.0000000,1.0000,[],18
26.1402,33.9054,-33.9054,0.0000000,C(CCC[n+]1c2c(cc3ccccc3c2)c2ccccc12)CCCN,0,,0.0000000,0.0000,0.0000000,0.0000,0.0000000,0.0000,0.0000000,0.0000,None,18
25.8033,40.2153,76.4777,0.9116639,CCN(CC)c1ccc(C=Cc2ccc(N=Nc3ccc(N(CC)CC)cc3C)c(C(=O)N3CCCCC3)c2)cc1,1,O=C(c1cc(C=Cc2ccccc2)ccc1N=Nc1ccccc1)N1CCCCC1,0.9700664,482.2339,0.1765734,0.1766,0.5601196,2.8980,1.0000000,1.0000,[],18
23.9274,30.8235,-30.8235,0.0000000,O(c1ccc(-c2c3c(cc4ccccc43)ccn2)cc1)C,0,,0.0000000,0.0000,0.0000000,0.0000,0.0000000,0.0000,0.0000000,0.0000,None,18
18.9992,23.4599,42.4708,0.5150838,N#CC(C#N)=CC=CC=Cc1ccccc1,1,c1ccccc1,0.5123249,400.5354,0.5626903,0.5627,0.5822148,2.7046,1.0000000,1.0000,[],18
20.3545,22.8161,-22.8161,0.0000000,COC(=O)C=Cc1ccccc1Cl,1,c1ccccc1,0.0000000,0.0000,0.0000000,0.0000,0.0000000,0.0000,0.0000000,0.0000,"['C(=[O,S])[O,S]']",19
41.6332,55.9382,-7.2344,0.3804988,CN(C)c1ccc(C=C(C#N)C(C=Cc2ccc(N(C=S)c3ccccc3)cc2)c2ccccc2)cc1,1,C(=CC(C=Cc1ccc(Nc2ccccc2)cc1)c1ccccc1)c1ccccc1,0.3879738,395.0508,0.1712821,0.1713,0.5000144,3.4656,1.0000000,1.0000,[],19
33.0502,35.3088,-35.2715,0.0002921,Cc1nc2ccc(C=NC34CC5CC(CC(C5)C3)C4)cc2n1C,1,C(=NC12CC3CC(CC(C3)C1)C2)c1ccc2nc[nH]c2c1,0.0001953,307.2672,0.7620699,0.7621,0.4459724,4.0375,1.0000000,1.0000,[],19
51.9679,62.3223,-62.3223,0.0000000,CN(C)c1ccc(-c2ccc3c(c2)CC(C2(C)C=CN(C(=O)OCC4c5ccccc5-c5ncccc54)C2)=C3)cc1,1,O=C(OCC1c2ccccc2-c2ncccc21)N1C=CC(C2=Cc3ccc(-c4ccccc4)cc3C2)C1,0.0000000,0.0000,0.0000000,0.0000,0.0000000,0.0000,0.0000000,0.0000,"['C(=[O,S])[O,S]']",19
46.2217,53.9559,-53.9559,0.0000000,c12n(c3ccc(cc3c2cccc1)-c1nc(nc(n1)-c1ccc2c(c1)cccc2)-c1ccc2c(c3c(c4ccccc4c2c1)C=CC=C3)-c1ccc2c(c1)cccc2)-c1ccccc1,0,,0.0000000,0.0000,0.0000000,0.0000,0.0000000,0.0000,0.0000000,0.0000,None,19
33.2310,48.9581,-19.5098,0.2300650,N#Cc1c2c(c3ccccc3c1C#N)C(=O)C(=C=C=C=C=C=C=C=C=C=C=C=C=C=C=C=C=C1c3ccccc3-c3ccccc31)C=C2,1,O=C1C(=C=C=C=C=C=C=C=C=C=C=C=C=C=C=C=C=C2c3ccccc3-c3ccccc32)C=Cc2ccc3ccccc3c21,0.2313936,533.0338,0.1322603,0.1323,0.4015085,4.5626,1.0000000,1.0000,[],19
28.2977,41.7255,58.1679,0.7804178,CCCCCCC1(N=Nc2ccc(C=Cc3ccc(N(c4ccccc4)c4ccccc4)cc3)cc2)c2ccccc2-c2ccccc21,1,C(=Cc1ccc(N(c2ccccc2)c2ccccc2)cc1)c1ccc(N=NC2c3ccccc3-c3ccccc32)cc1,0.8463857,418.5284,0.0757013,0.0757,0.5472814,3.0140,1.0000000,1.0000,[],19
25.5150,29.5281,-20.1892,0.0729604,CNc1nc(C=Cc2nc3ccccc3o2)cs1,1,C(=Cc1nc2ccccc2o1)c1cscn1,0.0647827,371.0137,0.7798854,0.7799,0.5915446,2.6251,1.0000000,1.0000,[],19
36.2846,41.5943,-36.1289,0.0426978,O=c1oc2ccccc2c(O)c1-n1c2ccccc2c2c3c(ccc21)CCC3,1,O=c1oc2ccccc2cc1-n1c2ccccc2c2c3c(ccc21)CCC3,0.0375726,364.7876,0.4202196,0.4202,0.6007460,2.5479,1.0000000,1.0000,[],19
48.6267,66.7735,-66.7735,0.0000000,CCN(CC)c1ccc(-c2sc3cc(-c4ccc5c(c4)cc(-c4ccc(C=C(C#N)C#N)cc4)n5C)sc3c2C=NN=Cc2ccc(N(c3ccccc3)c3ccccc3)cc2)cc1,1,C(=NN=Cc1c(-c2ccccc2)sc2cc(-c3ccc4[nH]c(-c5ccccc5)cc4c3)sc12)c1ccc(N(c2ccccc2)c2ccccc2)cc1,0.0000000,0.0000,0.0000000,0.0000,0.0000000,0.0000,0.0000000,0.0000,['[#7;!n][#7;!n]'],19
43.0432,43.8987,-36.5133,0.0576986,COc1ccc(OC)c(CCCC(C)(C)c2cc(C=O)c(O)c(C=O)c2)c1,1,c1ccc(CCCCc2ccccc2)cc1,0.0508622,368.2267,0.6650628,0.6651,0.5890844,2.6459,1.0000000,1.0000,[],19
39.6396,41.7251,32.0455,0.5763333,CCN1c2ccccc2Sc2cc(NC(=O)c3c(-c4ccccn4)[nH]n(-c4ccccc4)c3=O)ccc21,1,O=C(Nc1ccc2c(c1)Sc1ccccc1N2)c1c(-c2ccccn2)[nH]n(-c2ccccc2)c1=O,0.5881599,403.8692,0.3014866,0.3015,0.5804329,2.7199,1.0000000,1.0000,[],19
21.2622,29.5638,87.8142,0.9170153,CCN(CC)c1ccc(C=CC(=O)c2c3ccccc3cc3ccccc23)cc1,1,O=C(C=Cc1ccccc1)c1c2ccccc2cc2ccccc12,0.9678991,436.9828,0.2100948,0.2101,0.6430975,2.2073,1.0000000,1.0000,[],19
21.6869,28.5183,11.0666,0.3092570,N#CC(Br)=Cc1ccc(Nc2ccccc2)cc1,1,c1ccc(Nc2ccccc2)cc1,0.2951581,390.5491,0.8345421,0.8345,0.6400486,2.2311,1.0000000,1.0000,[],19
34.9598,37.9333,-37.2988,0.0049574,CC1(C)c2ccccc2C=Cc2ccc(-c3ccc(-c4ccc5c(c4)Cc4ccccc4-5)cc3)cc21,1,C1=Cc2ccc(-c3ccc(-c4ccc5c(c4)Cc4ccccc4-5)cc3)cc2Cc2ccccc21,0.0039634,339.9948,0.2413395,0.2413,0.6031963,2.5276,1.0000000,1.0000,[],19
31.5559,40.6333,-22.5485,0.1412879,CN(c1ccc(-c2nc3ncccc3s2)cc1)c1cccc(C=Cc2ccccc2)c1,1,C(=Cc1cccc(Nc2ccc(-c3nc4ncccc4s3)cc2)c1)c1ccccc1,0.1340598,379.7453,0.2799540,0.2800,0.6136724,2.4415,1.0000000,1.0000,[],19
27.0750,37.2785,-37.2785,0.0000000,CSc1ccc(N(c2ccccc2)c2ccc(C=C(C#N)CCC(=O)O)cc2)cc1,1,c1ccc(N(c2ccccc2)c2ccccc2)cc1,0.0000000,0.0000,0.0000000,0.0000,0.0000000,0.0000,0.0000000,0.0000,"['C(=[O,S])[O,S]']",19
37.6847,48.5235,10.6486,0.4622817,O=C(C=Cc1ccc2ccccc2c1)c1cccc(N(C=C2C(=O)N(c3ccccc3)c3ccccc32)c2ccccc2)c1,1,O=C(C=Cc1ccc2ccccc2c1)c1cccc(N(C=C2C(=O)N(c3ccccc3)c3ccccc32)c2ccccc2)c1,0.4775402,399.0239,0.1422122,0.1422,0.5793722,2.7291,1.0000000,1.0000,[],19
60.5394,75.7148,-75.7148,0.0000000,n1n2CC(c3ccc(cc3)OC)Nc2c(c1C(=O)c1ccc(cc1)C)C=CC(C#Cc1ccc(cc1)C=C(C#N)C#N)#N,0,,0.0000000,0.0000,0.0000000,0.0000,0.0000000,0.0000,0.0000000,0.0000,None,19
44.1790,67.2597,-67.2597,0.0000000,c1c(c(ccc1C#N)N(C)C)-c1c2nonc2c(c2nn(CCCCCC)c(n21)=C(C#N)C#N)-c1ccc(cc1)N(c1ccccc1)c1ccccc1,0,,0.0000000,0.0000,0.0000000,0.0000,0.0000000,0.0000,0.0000000,0.0000,None,19
21.6221,24.5346,-24.3969,0.0010759,COc1ccc(C=Nc2ccccn2)cc1,1,C(=Nc1ccccn1)c1ccccc1,0.0007648,322.0966,0.7330315,0.7330,0.6643932,2.0444,1.0000000,1.0000,[],19
29.2647,41.4948,-31.5714,0.0775261,Cc1cc(N(c2ccc(-c3ccc(N(c4ccccc4)c4ccccc4)cc3)cc2)c2ccc(-c3cccc(C=Cc4ccc(N(c5ccccc5)c5ccccc5)cc4)c3)cc2)ccc1N(c1ccccc1)c1ccccc1,1,C(=Cc1cccc(-c2ccc(N(c3ccc(-c4ccc(N(c5ccccc5)c5ccccc5)cc4)cc3)c3ccc(N(c4ccccc4)c4ccccc4)cc3)cc2)c1)c1ccc(N(c2ccccc2)c2ccccc2)cc1,0.0741350,372.5869,0.0894368,0.0894,0.5236447,3.2347,1.0000000,1.0000,[],19
41.5933,53.2623,-53.2516,0.0000839,CCN(CC)c1ccc(OC(=C(C#N)C#N)C(C#N)=C2C=CC(=O)C(C=Cc3ccc4c5ccccc5c5ccccc5c4c3)=C2)cc1,1,C=C(C=C1C=CC(=O)C(C=Cc2ccc3c4ccccc4c4ccccc4c3c2)=C1)Oc1ccccc1,0.0000559,626.3070,0.0971192,0.0971,0.4988179,3.4776,1.0000000,1.0000,[],19
60.3352,73.7024,-73.7024,0.0000000,CCCCCCCOC(=O)C1=CC(=Cc2oc(-c3ccc(OCCCCCC)cc3)c3c2C(=O)N(CCCCCCC)C3=O)C(=O)N1c1ccc(N(c2ccccc2)c2ccccc2)cc1,1,O=C1NC(=O)c2c(-c3ccccc3)oc(C=C3C=CN(c4ccc(N(c5ccccc5)c5ccccc5)cc4)C3=O)c21,0.0000000,0.0000,0.0000000,0.0000,0.0000000,0.0000,0.0000000,0.0000,"['C(=[O,S])[O,S]']",19
41.4095,51.8630,12.3216,0.5014420,O=C1c2cc(-c3sc(-c4ccc5ccccc5n4)cc3-c3ccc(N(c4ccccc4)c4ccccc4)cc3)ccc2-c2ncccc21,1,O=C1c2cc(-c3sc(-c4ccc5ccccc5n4)cc3-c3ccc(N(c4ccccc4)c4ccccc4)cc3)ccc2-c2ncccc21,0.5163873,400.7119,0.1827588,0.1828,0.5647787,2.8566,1.0000000,1.0000,[],19
42.0958,40.1474,-40.1474,0.0000000,COC(=O)CCCC=Cc1oc(CCCN)cc1C,1,c1ccoc1,0.0000000,0.0000,0.0000000,0.0000,0.0000000,0.0000,0.0000000,0.0000,"['C(=[O,S])[O,S]']",19
52.9147,59.6370,-46.4177,0.1032764,Cc1ccc(NC(=O)c2cccc(NC(=O)c3ccc4oc(-c5nc6ccccc6s5)c(-c5ccc(C(F)(F)F)cc5)c(=O)c4c3)c2)cc1,1,O=C(Nc1ccccc1)c1cccc(NC(=O)c2ccc3oc(-c4nc5ccccc5s4)c(-c4ccccc4)c(=O)c3c2)c1,0.0978153,375.8778,0.1828784,0.1829,0.5787542,2.7344,1.0000000,1.0000,[],19
55.3128,79.0134,36.4362,0.9019499,CCCCCC(=O)Nc1cc(-c2cccn3cc(C#N)nc23)ccc1C=Cc1ccc(NC(=O)c2ccc(C=C(C#N)C#N)o2)cc1,1,O=C(Nc1ccc(C=Cc2ccc(-c3cccn4ccnc34)cc2)cc1)c1ccco1,0.9827628,443.8995,0.0864794,0.0865,0.5157489,3.3107,1.0000000,1.0000,[],19
37.4358,43.2379,-43.2379,0.0000000,CN(c1ccccc1)c1ccc2cc(C#Cc3ccc(C#Cc4ccc(N(c5ccccc5)c5ccc(C#N)cc5)cc4)cc3)sc2c1,1,C(#Cc1ccc(N(c2ccccc2)c2ccccc2)cc1)c1ccc(C#Cc2cc3ccc(Nc4ccccc4)cc3s2)cc1,0.0000000,0.0000,0.0000000,0.0000,0.0000000,0.0000,0.0000000,0.0000,['C#C'],19
30.8623,40.6552,81.4492,0.9539406,COc1ccc2oc3cc(-c4ccc(C=C(C#N)C#N)[nH]4)ccc3c2c1,1,c1c[nH]c(-c2ccc3c(c2)oc2ccccc23)c1,0.9825472,443.7622,0.5309654,0.5310,0.5645190,2.8589,1.0000000,1.0000,[],19
28.4771,42.2136,76.4310,0.9269111,N#CC(C#N)=Cc1ccc(-c2nc3ccccc3nc2-c2ccc(N(c3ccccc3)C3CCCC3)cc2)cc1,1,c1ccc(-c2nc3ccccc3nc2-c2ccc(N(c3ccccc3)C3CCCC3)cc2)cc1,0.9809908,442.8175,0.2111263,0.2111,0.5767753,2.7515,1.0000000,1.0000,[],19
47.9761,60.0857,51.5789,0.8723801,CCN1CCc2c(cc(-c3ccc(-c4ccccc4)[nH]3)nc2-c2ccc(-c3ccc(C=C(C#N)C#N)cc3)s2)C1,1,c1ccc(-c2ccc(-c3cc4c(c(-c5ccc(-c6ccccc6)s5)n3)CCNC4)[nH]2)cc1,0.9203380,426.5674,0.2229638,0.2230,0.5314167,3.1610,1.0000000,1.0000,[],19
37.6078,52.1287,29.0367,0.6341050,CCN(c1ccc(C=Cc2ccccc2)cc1)c1ccc(C=Cc2cccc3ccccc23)c(C=Cc2ccc3ccccc3c2O)c1,1,C(=Cc1ccc(Nc2ccc(C=Cc3cccc4ccccc34)c(C=Cc3ccc4ccccc4c3)c2)cc1)c1ccccc1,0.6638539,407.3886,0.1625317,0.1625,0.5536173,2.9564,1.0000000,1.0000,[],19
28.5790,45.1822,54.2963,0.7771757,N#CC(C#N)=Cc1ccc(-n2c3ccc(-c4ccc5c(-c6ccccc6)nc6ccccc6c5c4)cc3c3c4ccccc4ccc32)cc1,1,c1ccc(-c2nc3ccccc3c3cc(-c4ccc5c(c4)c4c6ccccc6ccc4n5-c4ccccc4)ccc23)cc1,0.8251909,416.8498,0.1448518,0.1449,0.5600646,2.8985,1.0000000,1.0000,[],19
56.3970,68.1681,-68.1681,0.0000000,CCN(CC)c1ccc(N2N=C(c3ccc(Br)cc3)C(=[N+](c3ccc(C=C(C#N)C#N)cc3)c3ccc(N=C(c4ccccc4)c4ccc5ccccc5c4)cc3)C2=C(C#N)C#N)cc1,1,C=C1C(=[N+](c2ccccc2)c2ccc(N=C(c3ccccc3)c3ccc4ccccc4c3)cc2)C(c2ccccc2)=NN1c1ccccc1,0.0000000,0.0000,0.0000000,0.0000,0.0000000,0.0000,0.0000000,0.0000,['[#7;!n][#7;!n]'],19
23.7503,35.6644,59.4421,0.7430195,CCn1c2ccccc2c2sc(-c3ccc(C=C(C#N)C#N)s3)cc21,1,c1csc(-c2cc3[nH]c4ccccc4c3s2)c1,0.7611253,507.4178,0.4190110,0.4190,0.5591207,2.9069,1.0000000,1.0000,[],19
34.4473,37.6516,-36.9037,0.0058423,Cc1ccccc1-c1nc2n(c1C=CC#N)CCNC2,1,c1ccc(-c2cn3c(n2)CNCC3)cc1,0.0045382,341.4716,0.8478503,0.8479,0.5428447,3.0547,1.0000000,1.0000,[],19
33.5442,48.6181,73.3735,0.9530594,CCCN1C(=O)c2c(c3oc(=N)c(C=Cc4ccccc4)cc3c3ccccc23)C1=O,1,N=c1oc2c3c(c4ccccc4c2cc1C=Cc1ccccc1)C(=O)NC3=O,0.9924568,452.9789,0.3705432,0.3705,0.5740353,2.7753,1.0000000,1.0000,[],19
18.1078,26.7035,-25.9365,0.0059920,CCN(CC)c1ccc(-c2nnc(-c3ccc(N(C)C)cc3)o2)cc1,1,c1ccc(-c2nnc(-c3ccccc3)o2)cc1,0.0046769,341.7999,0.6708007,0.6708,0.6541041,2.1224,1.0000000,1.0000,[],19
59.6373,68.8566,-68.8566,0.0000000,OC(C=C1c2ccccc2C=Cc2ccccc21)=S=Nc1cc(-c2ccc3ccccc3c2)ccc1C#Cc1ccncc1,1,C(#Cc1ccc(-c2ccc3ccccc3c2)cc1N=S=CC=C1c2ccccc2C=Cc2ccccc21)c1ccncc1,0.0000000,0.0000,0.0000000,0.0000,0.0000000,0.0000,0.0000000,0.0000,"['C#C', 'C(=[O,S])[O,S]']",19
34.0885,37.7268,-5.4524,0.2521436,O=C(Cn1cnc2c(oc3ccccc32)c1=O)Nc1ccc2c(c1)C(=O)c1ccccc1-2,1,O=C(Cn1cnc2c(oc3ccccc32)c1=O)Nc1ccc2c(c1)C(=O)c1ccccc1-2,0.2425875,387.6384,0.4662687,0.4663,0.6283379,2.3234,1.0000000,1.0000,[],19
30.2029,32.6522,63.5330,0.7514472,CC(C)c1ccc2c(c1)C(=O)c1c(ccc3ccc(C(C)C)cc13)C2=O,1,O=C1c2ccccc2C(=O)c2c1ccc1ccccc21,0.7659932,412.8749,0.4569204,0.4569,0.6375008,2.2510,1.0000000,1.0000,[],19
91.1763,104.1234,-104.1234,0.0000000,CN(C)c1ccc(C=Nc2cc3c4nc5c6ccccc(c6ccc(-c6ccc(-c7ccc(C=Cc8ccc(N=Cc9cc%10ccccc%10s9)s8)s7)s6)ccc-4c3s2)c2ccc(C(F)(F)F)n25)cc1,1,C(=Cc1ccc(-c2ccc(-c3ccc4c5sc(N=Cc6ccccc6)cc5c-4nc4c5ccccc(c5cc3)c3cccn34)s2)s1)c1ccc(N=Cc2cc3ccccc3s2)s1,0.0000000,0.0000,0.0000000,0.0000,0.0000000,0.0000,0.0000000,0.0000,['[*;r{8-17}]'],19
64.3111,78.8095,-78.8095,0.0000000,c1(-c2ccc(-c3nc4ccc(cc4n3-c3ccc(-c4c(cc(cc4)-n4nc(CC)c(=C4)c4ccccc4=C(C#N)C#N)c3N)C#N)C#N)cc2)ccccn1,0,,0.0000000,0.0000,0.0000000,0.0000,0.0000000,0.0000,0.0000000,0.0000,None,19
41.0082,48.9178,-48.7993,0.0009254,C=C(C=C(C)c1ccsc1)n1c(-c2ccc(OC)c(OC)c2)nc2ccccc21,1,C=C(C=Cc1ccsc1)n1c(-c2ccccc2)nc2ccccc21,0.0006699,320.6572,0.3523098,0.3523,0.5785745,2.7359,1.0000000,1.0000,[],19
49.6764,57.5003,-57.5003,0.0000000,C=CC1=CC(=O)OC1C=Cc1ccc(-c2cc3ccc(N4CCCC4)cc3oc2=O)cc1,1,O=C1C=CC(C=Cc2ccc(-c3cc4ccc(N5CCCC5)cc4oc3=O)cc2)O1,0.0000000,0.0000,0.0000000,0.0000,0.0000000,0.0000,0.0000000,0.0000,"['C(=[O,S])[O,S]']",19
28.7751,33.9021,-33.1022,0.0062489,CC1(C)c2ccccc2-c2c1ccc(-c1ccccc1-n1c3ccccc3c3ccccc31)c2-n1c2ccccc2c2ccccc21,1,c1ccc2c(c1)Cc1ccc(-c3ccccc3-n3c4ccccc4c4ccccc43)c(-n3c4ccccc4c4ccccc43)c1-2,0.0050974,342.7392,0.1908981,0.1909,0.5888745,2.6477,1.0000000,1.0000,[],19
35.7731,48.6817,70.7061,0.9327169,CC(=O)N(Cc1ccccc1)c1cc(C=CC=Cc2ccc(N(C)C)cc2)cc2nc3ccccc3nc12,1,C(C=Cc1cc(NCc2ccccc2)c2nc3ccccc3nc2c1)=Cc1ccccc1,0.9931166,466.0201,0.1769226,0.1769,0.5732004,2.7826,1.0000000,1.0000,[],19
66.9812,68.9363,-62.2020,0.0526118,CCCCCCCCCCc1c(N(C=C(C#N)c2cccs2)CCCCCCCCCC)cc2c3ccsc3n3cnc1c23,1,C(=Cc1cccs1)Nc1cc2ncn3c4sccc4c(c1)c23,0.0499824,368.0271,0.0601002,0.0601,0.4920858,3.5455,1.0000000,1.0000,[],19
52.6665,56.0345,-56.0345,0.0000000,c1ccc2n(c3c(cc4c(c3)ccc3ccccc43)c2c1)-c1ccc2n(c3ccccc3c2c1)-c1ccc([N+]([O-])=O)cc1)[N+]#[C-],0,,0.0000000,0.0000,0.0000000,0.0000,0.0000000,0.0000,0.0000000,0.0000,None,19
31.9393,50.3025,68.1475,0.9253905,CCn1c(-c2ccccc2)ccc1-c1ccc(-c2nc(C#N)c(-c3ccc(C=C(C#N)C#N)cc3)s2)cc1,1,c1ccc(-c2ccc(-c3ccc(-c4ncc(-c5ccccc5)s4)cc3)[nH]2)cc1,0.9792053,441.8230,0.2182309,0.2182,0.5512847,2.9775,1.0000000,1.0000,[],19
31.6743,47.8329,70.4146,0.9238087,CCc1ccc2c(C=C(C#N)C#N)c(-c3ccc(N(CC)CC)cc3)c(-c3ccc(N(CC)CC)cc3)c(-c3ccccc3)c2c1,1,c1ccc(-c2cc3ccccc3c(-c3ccccc3)c2-c2ccccc2)cc1,0.9911584,468.7597,0.1411617,0.1412,0.5466791,3.0195,1.0000000,1.0000,[],19
22.8174,23.8467,-23.7893,0.0004479,Cc1c(C)c2ccc(Cl)cc2oc1=O,1,O=c1ccc2ccccc2o1,0.0003055,312.1288,0.6232280,0.6232,0.6702863,2.0003,1.0000000,1.0000,[],19
33.3647,36.3643,-28.0339,0.0650813,CN(C)c1nnc(S(=O)(=O)c2ccc(NC(=O)c3sc4ccccc4c3N)cc2)s1,1,O=C(Nc1ccc(S(=O)(=O)c2nncs2)cc1)c1cc2ccccc2s1,0.0583615,369.8061,0.4688841,0.4689,0.5959328,2.5881,1.0000000,1.0000,[],19
23.6342,32.7274,-25.7406,0.0545847,C(=Cc1cccc(N(c2ccccc2)c2ccccc2)c1)c1ccc(-c2ccc3ccccc3c2)cc1,1,C(=Cc1cccc(N(c2ccccc2)c2ccccc2)c1)c1ccc(-c2ccc3ccccc3c2)cc1,0.0495951,367.9383,0.2174973,0.2175,0.6516315,2.1414,1.0000000,1.0000,[],19
42.3812,57.6049,-57.5271,0.0006081,CCCC(=CC=Cc1ccc(N(CC)CC)cc1)c1ccc(C=c2nc(C=Cc3ccccc3)c(=C(C#N)C#N)s2)cc1,1,C=c1sc(=Cc2ccc(C=CC=Cc3ccccc3)cc2)nc1C=Cc1ccccc1,0.0004421,603.8554,0.1682830,0.1683,0.4977977,3.4878,1.0000000,1.0000,[],19
27.9706,36.9832,26.7631,0.4980182,c1ccc(N(c2ccc(-c3nc(-c4ccc(N(c5ccccc5)c5ccccc5)cc4)c4ccccc4n3)cc2)c2ccc(-c3cccs3)cc2)cc1,1,c1ccc(N(c2ccc(-c3nc(-c4ccc(N(c5ccccc5)c5ccccc5)cc4)c4ccccc4n3)cc2)c2ccc(-c3cccs3)cc2)cc1,0.5153778,400.6681,0.1501899,0.1502,0.5906502,2.6327,1.0000000,1.0000,[],19
43.0949,51.6767,-51.6767,0.0000000,Cc1cc(C#N)cc(-c2cc(-n3c4ccccc4c4cc(C#CC#N)ccc43)nc(C#N)n2)c1,1,c1ccc(-c2cc(-n3c4ccccc4c4ccccc43)ncn2)cc1,0.0000000,0.0000,0.0000000,0.0000,0.0000000,0.0000,0.0000000,0.0000,['C#C'],19
40.9279,48.0524,-48.0524,0.0000000,c1cc(N(c2ccccc2)c2c3c(C(=O)c4c(C3=O)cccc4)cc2)ccc1C(=O)c1cc2c3ccccc3n(c2cc1)C,0,,0.0000000,0.0000,0.0000000,0.0000,0.0000000,0.0000,0.0000000,0.0000,None,19
35.8482,35.6735,-35.6735,0.0000000,CCOC(=O)c1nc(C)c(C(=O)OC(c2ccccc2)(c2ccccc2)c2ccccc2)[nH]1,1,O=C(OC(c1ccccc1)(c1ccccc1)c1ccccc1)c1cnc[nH]1,0.0000000,0.0000,0.0000000,0.0000,0.0000000,0.0000,0.0000000,0.0000,"['C(=[O,S])[O,S]']",19
39.8834,55.4429,59.6111,0.8988595,CN(C)C1=CCC(=C2c3ccccc3-c3ccc(N(c4ccccc4)c4ccc(-c5ccc6c(c5)C(C)(C)c5ccccc5N6C)cc4)cc32)C=C1,1,C1=CCC(=C2c3ccccc3-c3ccc(N(c4ccccc4)c4ccc(-c5ccc6c(c5)Cc5ccccc5N6)cc4)cc32)C=C1,0.9568510,486.3531,0.1800353,0.1800,0.5145753,3.3221,1.0000000,1.0000,[],19
47.8013,54.2389,-13.1514,0.3209957,COc1cc(-c2ccnc(Nc3cc(-c4nc(C)cs4)c4cccnc4c3)n2)ccc1N1CCCC1,1,c1cnc2cc(Nc3nccc(-c4ccc(N5CCCC5)cc4)n3)cc(-c3nccs3)c2c1,0.3179225,391.7122,0.2896021,0.2896,0.5915590,2.6250,1.0000000,1.0000,[],19
32.4270,35.9116,-35.9116,0.0000000,c1(=O)c2c(cccc2)nc2c(c(n(C)n21)=O)-c1cc2c(cc1)cccc2,0,,0.0000000,0.0000,0.0000000,0.0000,0.0000000,0.0000,0.0000000,0.0000,None,19
34.4696,38.4683,-38.4683,0.0000000,c1c(c(F)ccc1N1C(=O)c2ccc3cccc4ccc(c3c24)C1=O)I,0,,0.0000000,0.0000,0.0000000,0.0000,0.0000000,0.0000,0.0000000,0.0000,None,19
44.5815,56.8552,-56.8552,0.0000000,c1(-c2ccc3c(c4c(c5cc(-c6cc7ccc(cc7cc6)C=C6C=Cc7c(C6=O)cccc7)cc5)sc4c3)c2)cccs1,0,,0.0000000,0.0000,0.0000000,0.0000,0.0000000,0.0000,0.0000000,0.0000,None,20
50.2570,67.4263,-67.4263,0.0000000,c1(-c2cc3C4C(CCC=4)C(C)(C)c3cc2N=O)cc(OC)c(cc1)C=C1C=C(C#N)C#N,0,,0.0000000,0.0000,0.0000000,0.0000,0.0000000,0.0000,0.0000000,0.0000,None,20
47.8873,68.1567,-68.1567,0.0000000,C=CCN(C(=O)C1C2C(=O)N(CC=Cc3ccccc3)C(=O)C2C(=O)N1[N+]=CC=Cc1ccccc1)c1ccc([N+](=O)[O-])cc1,1,O=C(Nc1ccccc1)C1C2C(=O)N(CC=Cc3ccccc3)C(=O)C2C(=O)N1[N+]=CC=Cc1ccccc1,0.0000000,0.0000,0.0000000,0.0000,0.0000000,0.0000,0.0000000,0.0000,['[#7;!n][#7;!n]'],20
30.1929,45.2212,-45.2212,0.0000000,c12c3c(cccc3)c3ccccc3c2cc(c(=N)c1C)C=Nc1ccc(cc1)N(c1ccccc1)c1ccccc1,0,,0.0000000,0.0000,0.0000000,0.0000,0.0000000,0.0000,0.0000000,0.0000,None,20
46.6213,56.8817,-34.6123,0.1739802,C(=Cc1cccc(N(c2cccc(N(C3=C(c4cnccn4)CCC3)c3ccccc3)c2)c2ccc3ccccc3c2)c1)c1ccc(N(c2ccccc2)c2ccccc2)cc1,1,C(=Cc1cccc(N(c2cccc(N(C3=C(c4cnccn4)CCC3)c3ccccc3)c2)c2ccc3ccccc3c2)c1)c1ccc(N(c2ccccc2)c2ccccc2)cc1,0.1723247,382.9622,0.1150488,0.1150,0.5095131,3.3715,1.0000000,1.0000,[],20
35.9354,46.8462,31.1258,0.6091561,CCN(CC)c1ccc(C=Nc2c3cc(N(CC)CC)ccc3cc3ccc(N(CCO)CCO)cc23)c(O)c1,1,C(=Nc1c2ccccc2cc2ccccc12)c1ccccc1,0.6395326,513.7751,0.1434531,0.1435,0.5283121,3.1903,1.0000000,1.0000,[],20
23.3731,36.5174,-31.8042,0.0368217,CC[n+]1c(C=CC=Cc2ccccc2N(c2ccccc2)c2ccccc2)c2ccccc2c2ccccc21,1,C(C=Cc1[nH+]c2ccccc2c2ccccc12)=Cc1ccccc1N(c1ccccc1)c1ccccc1,0.0334975,556.5048,0.1195010,0.1195,0.5636668,2.8665,1.0000000,1.0000,[],20
37.5156,55.4649,64.4583,0.9369001,CCOn1cc(C=Cc2ccc(N(c3ccccc3)c3ccccc3)cc2C#N)c2nc3ccccc3c(C#N)c21,1,C(=Cc1c[nH]c2cc3ccccc3nc12)c1ccc(N(c2ccccc2)c2ccccc2)cc1,0.9943540,463.8551,0.2084062,0.2084,0.5285670,3.1879,1.0000000,1.0000,[],20
20.8672,30.3560,-0.2682,0.2350609,CCCCCCN(C)c1ccc(C=Cc2ccc(N(c3ccccc3)c3ccccc3)cc2)cc1,1,C(=Cc1ccc(N(c2ccccc2)c2ccccc2)cc1)c1ccccc1,0.2328691,387.0561,0.1624217,0.1624,0.6386157,2.2423,1.0000000,1.0000,[],20
23.7763,30.1839,84.3086,0.8944731,N#CC(C#N)=Cc1c(-c2ccc([N+](=O)[O-])cc2)nc2ccccn2c1=O,1,O=c1cc(-c2ccccc2)nc2ccccn12,0.9251332,427.2979,0.4087589,0.4088,0.5840622,2.6887,1.0000000,1.0000,[],20
31.6327,44.2241,74.0464,0.9239882,N#CC(C#N)=C(c1ccc(-c2ccc(N3C=Cc4ccccc4C3)cc2)cc1)c1ccc(N(c2ccccc2)c2ccccc2)cc1,1,C=C(c1ccc(-c2ccc(N3C=Cc4ccccc4C3)cc2)cc1)c1ccc(N(c2ccccc2)c2ccccc2)cc1,0.9852690,445.6330,0.1706264,0.1706,0.5513150,2.9772,1.0000000,1.0000,[],20
48.9463,66.2543,-66.2543,0.0000000,c1ccc(cc1)N(c1ccc2-c3c(C#N)cc(-c4ccc5-c6c(-c7ccccc7C5(C)C)c4c6)cc(-c4ccc(N(c5ccccc5)c5ccccc5)cc4)c3C=Cc2c1)c1ccccc1,0,,0.0000000,0.0000,0.0000000,0.0000,0.0000000,0.0000,0.0000000,0.0000,None,20
19.4883,28.8786,-28.4314,0.0034939,c1ccc(N(c2ccccc2)c2ccc(-c3ccc4c(c3)c3ccccc3n4-c3ccc(N(c4ccccc4)c4ccccc4)cc3)cc2)cc1,1,c1ccc(N(c2ccccc2)c2ccc(-c3ccc4c(c3)c3ccccc3n4-c3ccc(N(c4ccccc4)c4ccccc4)cc3)cc2)cc1,0.0027751,336.1122,0.1616658,0.1617,0.6264262,2.3386,1.0000000,1.0000,[],20
35.6312,48.8677,-48.8677,0.0000000,c12c(c3ccccc3c2C#N)-c2ccccc2C1=C1C=C(c2ccccc2)CC1=O,0,,0.0000000,0.0000,0.0000000,0.0000,0.0000000,0.0000,0.0000000,0.0000,None,20
34.6673,39.7912,-34.3083,0.0428350,Cn1c2ccccc2c2c3ccc4c(c3c3c(c5ccccc5n3-c3ccccc3)c21)C(C)(C)c1ccccc1-4,1,c1ccc(-n2c3ccccc3c3c4[nH]c5ccccc5c4c4ccc5c(c4c32)Cc2ccccc2-5)cc1,0.0385923,365.0898,0.2070804,0.2071,0.5714235,2.7981,1.0000000,1.0000,[],20
25.1692,33.6781,87.7071,0.9483218,Cn1c2ccc(F)cc2c2cc(C=C3C(=O)c4ccccc4C3=O)ccc21,1,O=C1C(=Cc2ccc3[nH]c4ccccc4c3c2)C(=O)c2ccccc21,0.9862099,446.3601,0.3585554,0.3586,0.6344633,2.2749,1.0000000,1.0000,[],20
23.2484,32.1949,-31.0827,0.0086895,c1ccc(N(c2ccccc2)c2ccc(-c3cc4ccccc4cc3-c3cccc4ccccc34)cc2)cc1,1,c1ccc(N(c2ccccc2)c2ccc(-c3cc4ccccc4cc3-c3cccc4ccccc34)cc2)cc1,0.0071535,346.4410,0.2285183,0.2285,0.6629741,2.0551,1.0000000,1.0000,[],20
46.0752,63.9948,-63.9948,0.0000000,CCN(CC)c1cc2c(cc1N)Oc1cc(-c3ccc4c5ccc6cccc(c6c35)C=C4)ccc1C=C2,1,C1=Cc2ccc(-c3ccc4c5ccc6cccc(c6c35)C=C4)cc2Oc2ccccc21,0.0000000,0.0000,0.2019347,0.2019,0.4304837,4.2142,1.0000000,1.0000,[],20
33.3184,36.7372,-25.9803,0.0840383,Cc1cc(N)ccc1-c1csc(NC(=O)C=Cc2ccc(N)cc2)n1,1,O=C(C=Cc1ccccc1)Nc1nc(-c2ccccc2)cs1,0.0761705,372.9049,0.4906368,0.4906,0.6351272,2.2696,1.0000000,1.0000,[],20
42.1203,57.1090,11.6668,0.5373109,C=C=C=C=c1c2ccc(=C(C#N)C#N)n(-c3ccc(-n4c5ccc(C#N)cc5c5ccc(C#N)cc54)cc3)c=2c2ccccc12,1,C=c1c2ccc(=C)n(-c3ccc(-n4c5ccccc5c5ccccc54)cc3)c=2c2ccccc12,0.5537152,517.6581,0.2285412,0.2285,0.4642268,3.8369,1.0000000,1.0000,[],20
20.0699,34.8405,-14.3561,0.1600345,CCN(CC)Cc1csc(C=Cc2ccc(N(c3ccccc3)c3ccccc3)cc2)c1,1,C(=Cc1cccs1)c1ccc(N(c2ccccc2)c2ccccc2)cc1,0.1532121,381.4380,0.2595645,0.2596,0.6136155,2.4419,1.0000000,1.0000,[],20
23.4521,27.6575,34.6928,0.4871116,c1ccc2c(c1)ccc1cnc3ccc4ccccc4c3c12,1,c1ccc2c(c1)ccc1cnc3ccc4ccccc4c3c12,0.4896473,399.5503,0.3315303,0.3315,0.6779201,1.9436,1.0000000,1.0000,[],20
46.1409,62.1865,-5.5795,0.4422416,Cc1ccc(OCC(=O)Nc2ccc(-c3ccccc3)s2)c(C=C(C#N)S(=O)(=O)c2ccc(N(c3ccccc3)c3ccccc3)cc2)c1,1,O=C(COc1ccccc1C=CS(=O)(=O)c1ccc(N(c2ccccc2)c2ccccc2)cc1)Nc1ccc(-c2ccccc2)s1,0.4567075,398.1151,0.1368144,0.1368,0.5571485,2.9246,1.0000000,1.0000,[],20
26.4204,26.4183,-26.3878,0.0002384,CC(N)C(C)C(=O)N=C=O,1,,0.0001608,305.1557,0.4295003,0.4295,0.4158554,4.3871,1.0000000,1.0000,[],20
24.6108,28.9784,-25.9701,0.0235027,C(=Cc1ccc2c(c1)sc1ccccc12)c1ccc2ccccc2c1,1,C(=Cc1ccc2c(c1)sc1ccccc12)c1ccc2ccccc2c1,0.0202269,357.8701,0.2949909,0.2950,0.6598886,2.0784,1.0000000,1.0000,[],20
37.0283,54.8720,60.8391,0.9039925,CN(C)c1ccc(C=Cc2cccc3c2c2ccccc2n3-c2ccc3c(c2)c2ccccc2n3-c2ccc(N(c3ccccc3)c3ccc(C=C(C#N)C#N)cc3)cc2)cc1,1,C(=Cc1cccc2c1c1ccccc1n2-c1ccc2c(c1)c1ccccc1n2-c1ccc(N(c2ccccc2)c2ccccc2)cc1)c1ccccc1,0.9787208,441.5676,0.1077807,0.1078,0.5048194,3.4178,1.0000000,1.0000,[],20
32.3624,32.8397,-30.9856,0.0144852,N#CC(C#N)=C(C#N)CCCC(=O)c1ccc([N+](=O)[O-])cc1,1,c1ccccc1,0.0121326,352.2314,0.3426824,0.3427,0.5704135,2.8070,1.0000000,1.0000,[],20
62.3667,72.5089,-72.5089,0.0000000,N#Cc1c2c3ccc(c4ccc(c(c1)C#Cc1ccc(cc1)N1CCCCC1)c2ccc2ccc(c2c34)Cl)N1C[C@H](C)CC1,0,,0.0000000,0.0000,0.0000000,0.0000,0.0000000,0.0000,0.0000000,0.0000,None,20
54.3986,59.9984,-59.9984,0.0000000,N#CC(C(=O)OCc1ccc(-c2ccccc2)c2c1OCO2)=C(C=Cc1ccccc1)c1cccc([N+](=O)[O-])c1,1,O=C(C=C(C=Cc1ccccc1)c1ccccc1)OCc1ccc(-c2ccccc2)c2c1OCO2,0.0000000,0.0000,0.0000000,0.0000,0.0000000,0.0000,0.0000000,0.0000,"['C(=[O,S])[O,S]']",20
33.9096,46.5664,36.9926,0.6528052,CN1C(=O)c2cc3ccccc3cc2C(C)(C)C1=CC=CC=Cc1ccc(N(c2ccccc2)c2ccccc2)cc1C#N,1,O=C1NC(=CC=CC=Cc2ccc(N(c3ccccc3)c3ccccc3)cc2)Cc2cc3ccccc3cc21,0.6813999,511.7461,0.1906619,0.1907,0.5397393,3.0833,1.0000000,1.0000,[],20
32.7239,33.4522,-33.2168,0.0018391,N#CC(NC(=O)c1ccc2ccccc2c1O)c1cccc2ccccc12,1,O=C(NCc1cccc2ccccc12)c1ccc2ccccc2c1,0.0013593,328.3480,0.5615002,0.5615,0.5931234,2.6118,1.0000000,1.0000,[],20
39.8463,47.5060,68.1178,0.9033104,CCCCCCN(c1ccc(N)cc1)c1ccc2c(c1)C(=Cc1nc3ccccc3s1)c1ccccc1-2,1,C(=C1c2ccccc2-c2ccc(Nc3ccccc3)cc21)c1nc2ccccc2s1,0.9617541,484.9880,0.1669257,0.1669,0.5787920,2.7341,1.0000000,1.0000,[],20
38.7517,45.9364,33.5930,0.6213237,CCN(CC)CCn1c(=O)c2nc(C#N)nc(-c3nc4ccccc4n3C)c2c2ccccc21,1,O=c1[nH]c2ccccc2c2c(-c3nc4ccccc4[nH]3)ncnc12,0.6332067,405.9281,0.3655272,0.3655,0.5598963,2.9000,1.0000000,1.0000,[],20
42.9524,57.3054,48.5105,0.8266861,CCCCCCN1C(=C(C#N)C#N)c2ccccc2-c2cc(CNC(=O)c3sc4c(c3C)c(=O)n(C)c(=O)n4C)ccc21,1,C=C1Nc2ccc(CNC(=O)c3cc4c(=O)[nH]c(=O)[nH]c4s3)cc2-c2ccccc21,0.8705443,420.6917,0.2169586,0.2170,0.5277147,3.1960,1.0000000,1.0000,[],20
23.8365,24.7719,-24.7669,0.0000390,CC(N)c1cn(C)c2ccccc12,1,c1ccc2[nH]ccc2c1,0.0000234,284.2088,0.7055717,0.7056,0.6038008,2.5226,1.0000000,1.0000,[],20
65.4890,75.5925,34.2897,0.8584543,C=C(CCSC)CN(CCCCS(=O)(=O)N(c1ccccc1)c1ccccc1)c1ccc(C(c2ccc(N(CC)CC)cc2)N(C)c2ccc3c(c2)C(=O)c2ccccc2C3=O)cc1,1,O=C1c2ccccc2C(=O)c2cc(NC(c3ccccc3)c3ccc(NCCCCS(=O)(=O)N(c4ccccc4)c4ccccc4)cc3)ccc21,0.9515520,487.6711,0.0521283,0.0521,0.4312249,4.2056,1.0000000,1.0000,[],20
63.2342,79.1758,-79.1758,0.0000000,Cn1c(=[n+]2cc3c(C=Cc4ccc(N(c5ccccc5)c5ccccc5)cc4)cc2=C=C(C#N)C(Nc2cccc(Cl)c2)=N3)sc2ccccc21,1,C1=CC(Nc2ccccc2)=Nc2c[n+](=c3[nH]c4ccccc4s3)c=1cc2C=Cc1ccc(N(c2ccccc2)c2ccccc2)cc1,0.0000000,0.0000,0.0000000,0.0000,0.0000000,0.0000,0.0000000,0.0000,['[*;r{8-17}]'],20
38.1443,41.5131,-38.8150,0.0210790,O=[N+]([O-])c1ccc(-c2nc(-n3c4ccccc4c4ccccc43)n(-c3ccccc3)n2)c(O)c1,1,c1ccc(-c2nc(-n3c4ccccc4c4ccccc43)n(-c3ccccc3)n2)cc1,0.0181067,356.6444,0.2782689,0.2783,0.6004266,2.5506,1.0000000,1.0000,[],20
37.7902,51.6534,62.6749,0.8931898,N#CC(C#N)=Cc1ccc(-c2ccc3c(C(=O)C=Cc4ccc(N(c5ccccc5)c5ccccc5)cc4)cc4sc5ccccc5c4c3c2)s1,1,O=C(C=Cc1ccc(N(c2ccccc2)c2ccccc2)cc1)c1cc2sc3ccccc3c2c2cc(-c3cccs3)ccc12,0.9710872,438.1542,0.0904496,0.0904,0.5221712,3.2488,1.0000000,1.0000,[],20
42.1792,49.6862,44.9703,0.7395035,CC(C)(C)NC(=O)N(Cc1ccc(Cl)c(N2CCCCC2)c1)c1ccc(C=C(C#N)C#N)cc1,1,c1ccc(NCc2cccc(N3CCCCC3)c2)cc1,0.7519681,412.0423,0.5158618,0.5159,0.5737715,2.7776,1.0000000,1.0000,[],20
32.4100,38.2031,-38.1607,0.0003313,CC(=O)Nc1ccc2c(c1)N(c1cc(C(C)(C)C)ccc1C(C)(C)C)CCC2,1,c1ccc(N2CCCc3ccccc32)cc1,0.0002224,308.6830,0.6625576,0.6626,0.6157365,2.4247,1.0000000,1.0000,[],20
29.7248,35.9508,-35.8475,0.0008068,CCCCCCSc1nnc(-c2ccc(N(C)c3ccccc3)cc2)n1Cc1ccccc1,1,c1ccc(Cn2cnnc2-c2ccc(Nc3ccccc3)cc2)cc1,0.0005916,319.3070,0.1734955,0.1735,0.6425744,2.2114,1.0000000,1.0000,[],20
30.0324,36.1222,-35.5632,0.0043676,c1ccc(-c2ccc3c4cc(-c5ccc6c7ccccc7n(-c7ccccc7)c6c5)ccc4n(-c4ccc(N(c5ccccc5)c5ccccc5)cc4)c3c2)cc1,1,c1ccc(-c2ccc3c4cc(-c5ccc6c7ccccc7n(-c7ccccc7)c6c5)ccc4n(-c4ccc(N(c5ccccc5)c5ccccc5)cc4)c3c2)cc1,0.0035155,338.6879,0.1593032,0.1593,0.5947837,2.5978,1.0000000,1.0000,[],20
39.9196,57.3426,62.2330,0.9341842,CN(C)c1ccc(C=CC(=Cc2nc(-c3ccc4c5c6ccccc6ccc5n(C)c4c3)sc2C#N)c2ccccc2)cc1,1,C(=Cc1ccccc1)C(=Cc1csc(-c2ccc3c(c2)[nH]c2ccc4ccccc4c23)n1)c1ccccc1,0.9953584,461.7171,0.1822426,0.1822,0.5328737,3.1474,1.0000000,1.0000,[],20
28.9093,30.3695,-29.5562,0.0063539,CC(C)c1ccc2c(c1)c1cc(C(C)(C)C)ccc1n2-c1ccc(C#N)cc1,1,c1ccc(-n2c3ccccc3c3ccccc32)cc1,0.0050708,342.6821,0.3725613,0.3726,0.6369755,2.2551,1.0000000,1.0000,[],20
32.8961,42.1030,-42.1030,0.0000000,CCCS(=O)(=O)Nc1ccc(C=CC(=O)c2ccc(NC(=O)c3ccc(C(=O)OC)cc3)cc2)cc1,1,O=C(C=Cc1ccccc1)c1ccc(NC(=O)c2ccccc2)cc1,0.0000000,0.0000,0.0000000,0.0000,0.0000000,0.0000,0.0000000,0.0000,"['C(=[O,S])[O,S]']",20
44.5981,55.4554,28.9224,0.6592017,CCN(Cc1ccccc1)c1ccc(N=C2C=CC(=C(C)c3ccc4c(c3)c3ccccc3n4-c3ccccc3C#N)C=C2)cc1,1,C1=CC(=Nc2ccc(NCc3ccccc3)cc2)C=CC1=Cc1ccc2c(c1)c1ccccc1n2-c1ccccc1,0.6891549,511.3557,0.1845568,0.1846,0.5391046,3.0892,1.0000000,1.0000,[],20
37.1084,40.2693,73.0107,0.8849995,COc1ccc(OC)c(C=c2ccc3nc(-c4ccc(C(C)C)cc4)cn23)c1,1,C(c1ccccc1)=c1ccc2nc(-c3ccccc3)cn12,0.9079620,424.8525,0.5098282,0.5098,0.5995181,2.5581,1.0000000,1.0000,[],20
44.9292,58.9225,58.9701,0.9210361,N#CC(C#N)=Cc1c(C#N)nc2c3ccc(C=C4C(=O)c5ccccc5C4=C(C#N)C#N)cc3n(-c3ccc(C(F)(F)F)cc3)c2c1-c1ccccc1,1,C=C1C(=Cc2ccc3c4nccc(-c5ccccc5)c4n(-c4ccccc4)c3c2)C(=O)c2ccccc21,0.9929550,453.7262,0.1316784,0.1317,0.4790794,3.6794,1.0000000,1.0000,[],20
45.1739,63.1645,-63.1645,0.0000000,c1(=O)n2c(c(cc2-c2ccc(cc2)C=Cc2ccc(N(CCCCCCCCCCCC)CCCCCCCCCC)cc2)Cl)nc2-c3ccccc3C(c21)=O,0,,0.0000000,0.0000,0.0000000,0.0000,0.0000000,0.0000,0.0000000,0.0000,None,20
20.6008,28.2172,71.2628,0.7771877,CCCCCCCCN(CCCCCCC)c1ccc(C=CC=C(C#N)C#N)cc1,1,c1ccccc1,0.8218424,503.4004,0.1599800,0.1600,0.5857877,2.6740,1.0000000,1.0000,[],20
37.0702,37.8683,-36.0721,0.0140324,c1ccc2[nH]c(-c3cccc4c3oc3cc5c6ccccc6c6ccccc6c5cc34)nc2c1,1,c1ccc2[nH]c(-c3cccc4c3oc3cc5c6ccccc6c6ccccc6c5cc34)nc2c1,0.0118132,351.9382,0.2628511,0.2629,0.6161910,2.4210,1.0000000,1.0000,[],20
42.0241,52.5303,-52.5303,0.0000000,O=C(C=Cc1ccccc1)Oc1ccccc1C=Cc1cccc(-n2ccc(C=Cc3ccc(N(c4ccccc4)c4ccccc4)cc3)n2)c1,1,O=C(C=Cc1ccccc1)Oc1ccccc1C=Cc1cccc(-n2ccc(C=Cc3ccc(N(c4ccccc4)c4ccccc4)cc3)n2)c1,0.0000000,0.0000,0.0000000,0.0000,0.0000000,0.0000,0.0000000,0.0000,"['C(=[O,S])[O,S]']",20
17.1442,20.9841,-20.5480,0.0034073,CN(C)c1cccc(F)c1C#N,1,c1ccccc1,0.0025869,335.3474,0.6320057,0.6320,0.6495808,2.1571,1.0000000,1.0000,[],20
31.4807,35.3352,-33.8177,0.0118559,CC1(C)c2ccccc2-c2ccc(N(c3ccc(-n4c5ccccc5c5ccccc54)cc3)c3ccccc3-c3ccc4oc5ccccc5c4c3)cc21,1,c1ccc2c(c1)Cc1cc(N(c3ccc(-n4c5ccccc5c5ccccc54)cc3)c3ccccc3-c3ccc4oc5ccccc5c4c3)ccc1-2,0.0100365,350.1491,0.1790333,0.1790,0.5523797,2.9676,1.0000000,1.0000,[],20
17.3955,27.2525,34.0544,0.4789600,CN(C)c1ccc(C=Nc2ccc(C=Cc3ccc(N(c4ccccc4)c4ccccc4)cc3)cc2)cc1,1,C(=Cc1ccc(N(c2ccccc2)c2ccccc2)cc1)c1ccc(N=Cc2ccccc2)cc1,0.4931920,399.7043,0.1584799,0.1585,0.6262388,2.3401,1.0000000,1.0000,[],20
35.5683,40.7425,82.2841,0.9611446,CCn1c2ccccc2c2cc3c(c(N=NC(N)=O)c21)OCO3,1,c1ccc2c(c1)[nH]c1cc3c(cc12)OCO3,0.9808692,442.7470,0.7313606,0.7314,0.5517108,2.9737,1.0000000,1.0000,[],20
27.1191,43.9831,6.2136,0.3921614,CCCCCCCCCCN(CCCCCCCCCC)c1ccc(C=Cc2ccc3c(ccc4ccc(N(c5ccccc5)c5ccccc5)cc43)c2)cc1,1,C(=Cc1ccc2c(ccc3ccc(N(c4ccccc4)c4ccccc4)cc32)c1)c1ccccc1,0.4202338,396.5060,0.0346084,0.0346,0.5605949,2.8938,1.0000000,1.0000,[],20
28.0694,47.0426,37.2730,0.6587155,CCN(CC)c1ccc(C=Cc2cc(C=Cc3ccc(N(c4ccccc4)c4ccccc4)cc3)c3cc4c(cc3c2)OCC4(C)C)cc1,1,C(=Cc1cc(C=Cc2ccc(N(c3ccccc3)c3ccccc3)cc2)c2cc3c(cc2c1)OCC3)c1ccccc1,0.6949258,408.9383,0.1385937,0.1386,0.5372823,3.1062,1.0000000,1.0000,[],20
33.6967,40.3258,-40.3258,0.0000000,N#CC(C#N)=C1C(=CN=c2c=1ccc(C#N)c2F)=C(C#N)C#N,0,,0.0000000,0.0000,0.0000000,0.0000,0.0000000,0.0000,0.0000000,0.0000,None,20
40.2071,60.2660,-60.2660,0.0000000,N#CC(C#N)=Cc1ccc(N2CCc3c2ccc(C#Cc2ccc(C#N)cc2)c3-c2ccc(C=C(C#N)C#N)s2)c(C#N)c1,1,C(#Cc1ccc2c(c1-c1cccs1)CCN2c1ccccc1)c1ccccc1,0.0000000,0.0000,0.0000000,0.0000,0.0000000,0.0000,0.0000000,0.0000,['C#C'],20
28.9271,32.9144,-32.7305,0.0014370,[C-]#[N+]C(C#N)=C1Nc2c(C)cccc2O1,1,C=C1Nc2ccccc2O1,0.0010551,325.5938,0.5128779,0.5129,0.5029513,3.4363,1.0000000,1.0000,[],20
43.2840,56.7993,-56.7993,0.0000000,c1cc(sc1)C=Cc1sc2c(sc(c2)=C2C(C)=Cc3c(cccc3)C2=NC#N)c1,0,,0.0000000,0.0000,0.0000000,0.0000,0.0000000,0.0000,0.0000000,0.0000,None,20
19.8267,32.9429,90.4844,0.9642762,CN(C)c1ccc(-c2cc(C=C(C#N)C#N)c3ccccc3n2)cc1,1,c1ccc(-c2ccc3ccccc3n2)cc1,0.9848517,474.6749,0.6699167,0.6699,0.6108411,2.4646,1.0000000,1.0000,[],20
22.1241,23.6070,-23.3681,0.0018663,COc1ccc2cc(C(C)N)ccc2c1,1,c1ccc2ccccc2c1,0.0013619,328.3686,0.8104440,0.8104,0.6507792,2.1479,1.0000000,1.0000,[],21
31.5300,47.0422,74.8102,0.9519713,CCN(CC)c1ccc(C=Cc2c(C#N)c(N)c(C#N)c(N(C)C3CCCCC3)c2C#N)cc1,1,C(=Cc1cccc(NC2CCCCC2)c1)c1ccccc1,0.9882091,471.9174,0.4286700,0.4287,0.5341794,3.1351,1.0000000,1.0000,[],21
24.6926,33.9445,82.7952,0.9120289,c1ccc2c(c1)-c1cccc3c(-c4ccc5ccccc5c4)c4c(ccc5ccccc54)c-2c13,1,c1ccc2c(c1)-c1cccc3c(-c4ccc5ccccc5c4)c4c(ccc5ccccc54)c-2c13,0.9671424,436.7214,0.1802689,0.1803,0.6393713,2.2364,1.0000000,1.0000,[],21
41.8368,49.0505,-41.3589,0.0600907,CCn1c(-c2ccc(C=CC(=O)c3ccc4c(c3)OCCO4)cc2)nc2ccc(-c3cccnc3)cc21,1,O=C(C=Cc1ccc(-c2nc3ccc(-c4cccnc4)cc3[nH]2)cc1)c1ccc2c(c1)OCCO2,0.0550836,369.1407,0.2033342,0.2033,0.6018917,2.5384,1.0000000,1.0000,[],21
38.9062,59.3010,-59.3010,0.0000000,c1(C#N)ccc(-c2n3c4c(cccc4)c(c3cc2C#N)-c2sc(C=C(C#N)C#N)cc2CCCCCCCCCCCC)s1,0,,0.0000000,0.0000,0.0000000,0.0000,0.0000000,0.0000,0.0000000,0.0000,None,21
39.8181,36.2852,-36.2852,0.0000000,Cc1ccc(OCC(=O)Oc2ncnc3c4ccccc4nn23)c(C)c1,1,O=C(COc1ccccc1)Oc1ncnc2c3ccccc3nn12,0.0000000,0.0000,0.0000000,0.0000,0.0000000,0.0000,0.0000000,0.0000,"['C(=[O,S])[O,S]']",21
46.7706,52.9349,-52.9349,0.0000000,n12cc(c(=NS(=O)(c3ccc(cc3)C)=O)c3c(n2cnn1)nc1ccccc31)N,0,,0.0000000,0.0000,0.0000000,0.0000,0.0000000,0.0000,0.0000000,0.0000,None,21
39.5873,55.7915,60.7850,0.9107537,CCCCOc1ccc(C=C2C=Cc3ccccc3N2)c(N(CC)c2ccc3c(c2)c2ccccc2n3CC)c1,1,C1=Cc2ccccc2NC1=Cc1ccccc1Nc1ccc2[nH]c3ccccc3c2c1,0.9667831,436.5992,0.1935212,0.1935,0.5455384,3.0299,1.0000000,1.0000,[],21
29.2164,40.7839,78.2498,0.9299508,CCC1(CC)c2ccccc2-c2cc(N(c3ccc(-c4ccc(C=C(C#N)C#N)cc4)cc3)c3ccc(C(C)(C)C)cc3)ccc21,1,c1ccc(-c2ccc(N(c3ccccc3)c3ccc4c(c3)-c3ccccc3C4)cc2)cc1,0.9913101,468.5701,0.1753659,0.1754,0.5459173,3.0264,1.0000000,1.0000,[],21
25.5247,35.1098,-3.8299,0.2443741,O=c1cc(-c2cc3ccccc3c3ccccc23)oc2cc(N(c3ccccc3)c3ccccc3)ccc12,1,O=c1cc(-c2cc3ccccc3c3ccccc23)oc2cc(N(c3ccccc3)c3ccccc3)ccc12,0.2400638,387.4887,0.2310645,0.2311,0.6189291,2.3988,1.0000000,1.0000,[],21
42.8820,54.4692,10.5616,0.5080532,CCCCCCc1ccc(Nc2ccc3c(c2)N=C(C=Cc2ccccc2)c2ccc(-c4ccc(N(c5ccccc5)c5ccccc5)cc4)cc2C3)cc1,1,C(=Cc1ccccc1)C1=Nc2cc(Nc3ccccc3)ccc2Cc2cc(-c3ccc(N(c4ccccc4)c4ccccc4)cc3)ccc21,0.5309778,401.3471,0.1205002,0.1205,0.5405685,3.0757,1.0000000,1.0000,[],21
36.4275,44.4760,-9.1715,0.2758165,CN(C)C1=NC(=O)C(=Cc2ccc3c(c2)c2ccccc2n3-c2ccc(C3=CCCCC3)cc2)N1,1,O=C1N=CNC1=Cc1ccc2c(c1)c1ccccc1n2-c1ccc(C2=CCCCC2)cc1,0.2691255,389.1528,0.3743112,0.3743,0.5601549,2.8977,1.0000000,1.0000,[],21
40.1680,53.2613,23.2462,0.5977149,CN(C)c1ccccc1-n1sc2cc(C=Cc3ccc(N(c4ccccc4)c4ccccc4)cc3)cc(CCO)c21,1,C(=Cc1ccc2c(c1)sn2-c1ccccc1)c1ccc(N(c2ccccc2)c2ccccc2)cc1,0.6217986,405.3982,0.1807691,0.1808,0.5503735,2.9858,1.0000000,1.0000,[],21
54.6038,62.7996,-62.7996,0.0000000,O=Cc1ccc(-c2ccc(-c3ccc(-c4ccc5cc(-c6ccc(N(c7ccccc7)c7ccc8c(c7)C7(CC=CC=C8)Oc8ccccc87)cc6)ccc5c4)s3)s2)s1,1,C1=CCC2(Oc3ccccc32)c2cc(N(c3ccccc3)c3ccc(-c4ccc5cc(-c6ccc(-c7ccc(-c8cccs8)s7)s6)ccc5c4)cc3)ccc2C=C1,0.0000000,0.0000,0.0000000,0.0000,0.0000000,0.0000,0.0000000,0.0000,['[*;r{8-17}]'],21
32.4353,44.3834,77.3690,0.9511913,N#CC1=C(N)OC2=C(C(=O)CCC2)C(O)=C1C=Cc1ccc(N(c2ccccc2)c2ccccc2)cc1,1,O=C1CCCC2=C1C=C(C=Cc1ccc(N(c3ccccc3)c3ccccc3)cc1)C=CO2,0.9881141,447.9944,0.4147407,0.4147,0.5412428,3.0694,1.0000000,1.0000,[],21
19.3790,34.1451,-26.1095,0.0627781,N#Cc1c[nH]c2ccc(C=Cc3ccc(N(c4ccccc4)c4ccccc4)cc3)cc12,1,C(=Cc1ccc2[nH]ccc2c1)c1ccc(N(c2ccccc2)c2ccccc2)cc1,0.0569273,369.5194,0.3013813,0.3014,0.6223063,2.3716,1.0000000,1.0000,[],21
42.5938,57.9423,-57.9423,0.0000000,Cn1c(C=NN=Cc2ccc(N(c3ccc(C=Cc4ccccc4)cc3)c3ccc(N(c4ccccc4)c4ccccc4)cc3)cc2)c(C#N)c2cc(C#N)ccc21,1,C(=Cc1ccc(N(c2ccc(C=NN=Cc3cc4ccccc4[nH]3)cc2)c2ccc(N(c3ccccc3)c3ccccc3)cc2)cc1)c1ccccc1,0.0000000,0.0000,0.0000000,0.0000,0.0000000,0.0000,0.0000000,0.0000,['[#7;!n][#7;!n]'],21
41.7034,44.3966,-44.0617,0.0026170,CCCOc1ccccc1-c1nc(-c2ccccc2)c2c(-c3ccccc3OC)cn(-c3ccccc3)c2n1,1,c1ccc(-c2nc(-c3ccccc3)c3c(-c4ccccc4)cn(-c4ccccc4)c3n2)cc1,0.0020323,332.7219,0.2065422,0.2065,0.6133522,2.4441,1.0000000,1.0000,[],21
28.0985,41.7152,40.3948,0.6414846,CC1(C)CNc2ccc(C=Cc3ccc(-c4ccc(N(c5ccccc5)c5ccccc5)cc4)s3)cc2O1,1,C(=Cc1ccc(-c2ccc(N(c3ccccc3)c3ccccc3)cc2)s1)c1ccc2c(c1)OCCN2,0.6630524,407.3496,0.2440540,0.2441,0.5682738,2.8258,1.0000000,1.0000,[],21
42.6451,53.6570,-53.6570,0.0000000,c1nc2sc(c(n2c2ccccc21)=O)C(c1ccc(cc1)N(CC)CC)=C1SC(=S)N(CC(Nc2ccc(C(OCC)=O)cc2)=O)C1=O,0,,0.0000000,0.0000,0.0000000,0.0000,0.0000000,0.0000,0.0000000,0.0000,None,21
22.5500,24.5697,-24.5556,0.0001103,N#CNC(N)=NCc1ccc2c(c1)OCO2,1,c1ccc2c(c1)OCO2,0.0000716,296.3665,0.3221344,0.3221,0.5868853,2.6646,1.0000000,1.0000,[],21
31.1596,34.9547,85.4565,0.9407126,O=Nc1c(Nc2ccc(S(=O)(=O)c3ccccc3)cc2)ccc2ccccc12,1,O=S(=O)(c1ccccc1)c1ccc(Nc2ccc3ccccc3c2)cc1,0.9714352,481.7104,0.4375179,0.4375,0.6444594,2.1967,1.0000000,1.0000,[],21
47.7701,56.6019,-56.6019,0.0000000,c1ccccc1C1CCC(C2=CC=C3c4ccccc4C=Cc4c3c(-c3ccc5-c6c(C(c5c3)(C)C)cccc6)C=C42)=C1,0,,0.0000000,0.0000,0.0000000,0.0000,0.0000000,0.0000,0.0000000,0.0000,None,21
15.1937,25.1871,29.0387,0.4236390,N#CC(C#N)=Cc1ccc(-c2ccc(C#N)cc2)s1,1,c1ccc(-c2cccs2)cc1,0.4127827,396.1731,0.7732853,0.7733,0.5895487,2.6420,1.0000000,1.0000,[],21
33.5077,46.4737,71.7496,0.9236194,CC1=CC(C)(C)N(C)c2ccc(N=Cc3ccc(N(C)c4ccc(C=Cc5ccc(C=C(C#N)C#N)cc5)cc4)cc3)cc21,1,C1=Cc2cc(N=Cc3ccc(Nc4ccc(C=Cc5ccccc5)cc4)cc3)ccc2NC1,0.9955647,461.2213,0.1254565,0.1255,0.5231327,3.2396,1.0000000,1.0000,[],21
31.3964,38.0232,-3.5612,0.2692349,c1ccc2cc(-c3cnc4c(-c5ccc(-n6c7ccccc7c7ccccc76)cc5)nc5ccccc5c4n3)ccc2c1,1,c1ccc2cc(-c3cnc4c(-c5ccc(-n6c7ccccc7c7ccccc76)cc5)nc5ccccc5c4n3)ccc2c1,0.2669478,389.0323,0.2064507,0.2065,0.6013001,2.5433,1.0000000,1.0000,[],21
56.6922,66.8211,-66.8146,0.0000506,COc1c2ccccc2cc2c([N+](=O)[O-])c(N=Nc3c(C#N)c(C=CC4=[N+](C)c5ccccc5C4(C)C)c(-c4ccccc4)n3-c3ccccc3)ccc12,1,C(=Cc1cc(N=Nc2ccc3cc4ccccc4cc3c2)n(-c2ccccc2)c1-c1ccccc1)C1=[NH+]c2ccccc2C1,0.0000335,631.8682,0.0514603,0.0515,0.4827605,3.6412,1.0000000,1.0000,[],21
32.7793,36.7421,19.1683,0.4368000,CCCCCCCOc1ccc(C=Cc2ccc(N=Cc3ccc(N(C(C)C)C(C)C)cc3)cc2)cc1,1,C(=Cc1ccc(N=Cc2ccccc2)cc1)c1ccccc1,0.4513767,397.8816,0.1260300,0.1260,0.5926716,2.6156,1.0000000,1.0000,[],21
33.6240,47.7811,73.9451,0.9509859,Cc1cccc(C2=CC(=O)c3c(C=C4C=Cc5ccccc5N=C4)c4ccccc4n3C2)c1,1,O=C1C=C(c2ccccc2)Cn2c1c(C=C1C=Cc3ccccc3N=C1)c1ccccc12,0.9942932,456.0280,0.3383463,0.3383,0.5404136,3.0771,1.0000000,1.0000,[],21
19.1453,26.8197,10.7292,0.2933511,C(=C(c1ccccc1)c1ccccc1)c1cccc2cc3ccccc3cc12,1,C(=C(c1ccccc1)c1ccccc1)c1cccc2cc3ccccc3cc12,0.2904785,390.3037,0.2307397,0.2307,0.6711074,1.9941,1.0000000,1.0000,[],21
48.1391,59.7003,59.9506,0.9347727,COc1ccc2c(c1-c1c3ccccc3nc3c(-c4ccccc4)ncnc13)C=CC1Cc3ccccc3N21,1,C1=CC2Cc3ccccc3N2c2cccc(-c3c4ccccc4nc4c(-c5ccccc5)ncnc34)c21,0.9897732,449.6449,0.2322205,0.2322,0.4994659,3.4711,1.0000000,1.0000,[],21
44.6657,63.0391,39.8114,0.8035194,CCN(CC)c1ccc(C=CC2Sc3ccccc3N(CC(=O)Nc3cccc(C(=O)C=Cc4ccccc4OC)c3)S2(=O)=O)cc1,1,O=C(CN1c2ccccc2SC(C=Cc2ccccc2)S1(=O)=O)Nc1cccc(C(=O)C=Cc2ccccc2)c1,0.8613358,419.8302,0.1246468,0.1246,0.4848462,3.6196,1.0000000,1.0000,[],21
40.0171,44.6305,-44.6255,0.0000389,C=C(C)C1CCc2nc3c(n21)NC(=O)CC3c1cccc(F)c1,1,O=C1CC(c2ccccc2)c2nc3n(c2N1)CCC3,0.0000233,284.1794,0.8620815,0.8621,0.4620740,3.8602,1.0000000,1.0000,[],21
41.4795,41.9372,-41.2571,0.0053136,CN1C(=O)c2ccc(NC(=O)N3CCn4nnc(N)c4C3)cc2C1=O,1,O=C1NC(=O)c2cc(NC(=O)N3CCn4nncc4C3)ccc21,0.0041254,340.4316,0.7102084,0.7102,0.5723656,2.7899,1.0000000,1.0000,[],21
46.7227,52.6837,-52.6837,0.0000000,C=NC(=NCc1cccc(C(N)=NN=Cc2c3ccccc3cc3ccccc23)c1)c1ccccc1N,1,C(=NCc1cccc(C=NN=Cc2c3ccccc3cc3ccccc23)c1)c1ccccc1,0.0000000,0.0000,0.0000000,0.0000,0.0000000,0.0000,0.0000000,0.0000,['[#7;!n][#7;!n]'],21
64.5889,87.3124,-87.3124,0.0000000,c1cc(cc(c1COc1cc2CC(C=Cc2cc1)c1c(C#N)c(n(c(c1C#N)=C(C#N)C#N)C)=O)Cn1c2ccccc2c2ccccc12)C=C(C#N)C#N,0,,0.0000000,0.0000,0.0000000,0.0000,0.0000000,0.0000,0.0000000,0.0000,None,21
66.4027,77.3983,34.2882,0.8725510,CCN(CC)c1ccc(C=Cc2ccc(N=Cc3ncc(-c4ccccc4)[n+]4c5ccccc5n(C)c34)cc2)c(-c2cc(-n3c4ccccc4c4ccccc43)ccc2O)c1,1,C(=Cc1ccccc1-c1cccc(-n2c3ccccc3c3ccccc32)c1)c1ccc(N=Cc2ncc(-c3ccccc3)[n+]3c2[nH]c2ccccc23)cc1,0.9512081,487.7518,0.0852005,0.0852,0.4740123,3.7326,1.0000000,1.0000,[],21
31.0499,40.5310,-15.9649,0.1919225,C=C=CC(=C=C=C=Cc1ccccc1C=Cc1ccccc1)CC=C,1,C(=Cc1ccccc1)c1ccccc1,0.1867858,384.0285,0.2426195,0.2426,0.4898601,3.5682,1.0000000,1.0000,[],21
26.7725,40.0031,20.6687,0.4739983,CCc1nc(-c2ccc(C#N)c(C#N)c2)sc1C=C(C#N)C#N,1,c1ccc(-c2nccs2)cc1,0.4650615,398.4802,0.8046125,0.8046,0.5293152,3.1809,1.0000000,1.0000,[],21
25.6910,30.7827,-29.2887,0.0116717,CC1(C)c2ccccc2-c2c(-n3c4ccccc4c4cccc(C#N)c43)cccc21,1,c1ccc2c(c1)Cc1cccc(-n3c4ccccc4c4ccccc43)c1-2,0.0096873,349.7608,0.3069318,0.3069,0.6047470,2.5147,1.0000000,1.0000,[],21
29.0911,40.1241,-26.7495,0.1044890,CCN(CC)c1ccc(C=Cc2cc(C=Cc3ccccc3)cc(C=Cc3ccccc3N(c3ccccc3)c3ccccc3)c2)cc1,1,C(=Cc1cc(C=Cc2ccccc2)cc(C=Cc2ccccc2N(c2ccccc2)c2ccccc2)c1)c1ccccc1,0.1002057,376.1687,0.1253078,0.1253,0.5810041,2.7150,1.0000000,1.0000,[],21
29.5976,38.1957,-16.1677,0.1720937,CN(C)c1cc2ccc(N(c3ccccc3)c3ccccc3)cc2c2ccc(F)cc12,1,c1ccc(N(c2ccccc2)c2ccc3ccc4ccccc4c3c2)cc1,0.1648296,382.3815,0.2825864,0.2826,0.6343897,2.2755,1.0000000,1.0000,[],21
31.9485,53.3095,-53.3095,0.0000000,c12ccccc1n(c1c2cc(-c2cc(cc(C=C(c3ccccc3)c3ccccc3)=C(C#N)C#N)c2)cc1)CCCCCCCC,0,,0.0000000,0.0000,0.0000000,0.0000,0.0000000,0.0000,0.0000000,0.0000,None,21
34.8824,37.5304,-37.5304,0.0000000,c12c(n(c(=O)[nH](C)c1nc(n2C)=O)C)=O,0,,0.0000000,0.0000,0.0000000,0.0000,0.0000000,0.0000,0.0000000,0.0000,None,21
16.2380,21.9782,98.6386,0.9423195,Nc1cccc2nc3ccccc3nc12,1,c1ccc2nc3ccccc3nc2c1,0.9715406,438.3309,0.4422538,0.4423,0.6870763,1.8766,1.0000000,1.0000,[],21
20.2832,28.2020,-25.9344,0.0177161,N=c1oc2ccccc2cc1-c1ccc([N+](=O)[O-])cc1,1,N=c1oc2ccccc2cc1-c1ccccc1,0.0147193,354.3582,0.5691235,0.5691,0.6470259,2.1768,1.0000000,1.0000,[],21
49.5470,55.4764,-55.4764,0.0000000,s1cc(C(=O)N)c2[nH]c(C)c(=C=C3Nc4ccccc4C3=O)n12,0,,0.0000000,0.0000,0.0000000,0.0000,0.0000000,0.0000,0.0000000,0.0000,None,21
23.6930,35.7448,78.4852,0.8924225,COc1ccc(N(c2ccc(Br)cc2)c2ccc(C=C3C(=O)c4ccccc4C3=O)cc2)cc1,1,O=C1C(=Cc2ccc(N(c3ccccc3)c3ccccc3)cc2)C(=O)c2ccccc21,0.9412850,489.8757,0.2075472,0.2075,0.6325541,2.2899,1.0000000,1.0000,[],21
27.0291,35.4087,80.4728,0.9053239,CN(C)c1ccc(N=c2oc3ccccc3c(C(=O)c3ccccc3)c2C#N)cc1,1,O=C(c1ccccc1)c1cc(=Nc2ccccc2)oc2ccccc12,0.9325025,491.4909,0.4655977,0.4656,0.6022941,2.5350,1.0000000,1.0000,[],21
35.8767,48.0189,66.4340,0.8941637,CC12C=CC(C=Cc3ccc(N(c4ccccc4)c4ccccc4)cc3)=CC1=CCC(N1c3ccccc3C=Cc3ccccc31)=C2,1,C(=Cc1ccc(N(c2ccccc2)c2ccccc2)cc1)C1=CC2=CCC(N3c4ccccc4C=Cc4ccccc43)=CC2C=C1,0.9523708,432.5233,0.1902099,0.1902,0.4557378,3.9292,1.0000000,1.0000,[],21
38.9485,49.6029,-49.6029,0.0000000,c12c(cccc1)C(C=c2cc1/C(c2ccccc2C=1c1ccccc1)=C(/[N+]#[C-])C#N)=C(\C#N)C#N,0,,0.0000000,0.0000,0.0000000,0.0000,0.0000000,0.0000,0.0000000,0.0000,None,21
49.5118,72.2314,-72.2314,0.0000000,[C-]#[N+]C(C#N)=Cc1ccc(N(c2ccc(C=Cc3ccc(N(c4ccccc4)c4ccc(C=C(C#N)C#N)cc4)cc3)cc2)c2ccc3c(c2)CC2=C(C=CC(=S)C=C3)C=C(Br)CO2)cc1,1,S=C1C=CC2=C(Cc3cc(N(c4ccccc4)c4ccc(C=Cc5ccc(N(c6ccccc6)c6ccccc6)cc5)cc4)ccc3C=C1)OCC=C2,0.0000000,0.0000,0.0000000,0.0000,0.0000000,0.0000,0.0000000,0.0000,['[*;r{8-17}]'],21
32.9056,51.4600,1.9523,0.4172840,N#CC(C#N)=Cc1ccc2c(c1)C(=O)c1cc(C=C3C=Cc4ccccc4C3=O)cnc1-2,1,O=C1C(=Cc2cnc3c(c2)C(=O)c2ccccc2-3)C=Cc2ccccc21,0.4177267,396.3941,0.3410388,0.3410,0.5370280,3.1085,1.0000000,1.0000,[],21
51.9570,54.5659,-54.5659,0.0000000,Cc1ccc(S(=O)(=O)NC23C=Cc4c(oc5ccccc45)C(c4cccs4)=C(CC2)C3)cc1,1,O=S(=O)(NC12C=Cc3c(oc4ccccc34)C(c3cccs3)=C(CC1)C2)c1ccccc1,0.0000000,0.0000,0.0000000,0.0000,0.0000000,0.0000,0.0000000,0.0000,['[*;r{8-17}]'],21
42.3355,53.2603,-53.2603,0.0000000,c1c(=O)c(c2ccc(=Nc3ccccc3)c3C=CC=Cc-32)n1,0,,0.0000000,0.0000,0.0000000,0.0000,0.0000000,0.0000,0.0000000,0.0000,None,21
47.9436,59.3373,-59.3373,0.0000000,c1c2C(c3ccccc3)=C(C(=CC=Cc3ccc(N4CCCCC4)cc3)O)C(=O)c2cc2Cc3c(cccc3)C=c21,0,,0.0000000,0.0000,0.0000000,0.0000,0.0000000,0.0000,0.0000000,0.0000,None,21
30.8916,45.4969,27.8775,0.5732369,CCCCCCCCN(CCCCCC)c1ccc(C=CC=Cc2ccc3[nH]c4c(c3c2)C=CC(C)(C)C=C4)cc1,1,C(C=Cc1ccc2[nH]c3c(c2c1)C=CCC=C3)=Cc1ccccc1,0.6007553,404.4365,0.1392529,0.1393,0.5162548,3.3058,1.0000000,1.0000,[],21
51.0967,54.0891,-54.0891,0.0000000,CN1C=CC2=C3C(=CCC3=C1c1cccc3cccc(Br)c13)N(C)N=C2,1,C1=CC2=C3C(=CCC3=C(c3cccc4ccccc34)N1)NN=C2,0.0000000,0.0000,0.0000000,0.0000,0.0000000,0.0000,0.0000000,0.0000,['[#7;!n][#7;!n]'],21
37.2526,40.1157,-40.1061,0.0000749,CS(=O)(=O)N1c2ccccc2CC1C(Cl)=C(F)F,1,c1ccc2c(c1)CCN2,0.0000463,291.6433,0.8406303,0.8406,0.5134527,3.3330,1.0000000,1.0000,[],21
50.8929,75.7531,-75.7531,0.0000000,C(=S)(c1ccc(N(c2ccc(cc2)-c2sc(C=Cc3sc(cc3)C=S(=O)=O)cc2CCCCC)c2ccc(s2)-c2ccc(N(c3ccccc3)c3ccccc3)cc2)cc1,0,,0.0000000,0.0000,0.0000000,0.0000,0.0000000,0.0000,0.0000000,0.0000,None,21
53.5402,61.3867,42.8926,0.8146827,CCc1ccc2c(ccc3cc(-c4ccc(N(c5ccccc5)c5ccc(-c6ccc(-c7sc(C=C(C#N)C=C(C#N)C#N)cc7C)cc6)cc5)cc4)ccc32)c1,1,c1ccc(N(c2ccc(-c3ccc(-c4cccs4)cc3)cc2)c2ccc(-c3ccc4c(ccc5ccccc54)c3)cc2)cc1,0.8844671,497.9006,0.0836638,0.0837,0.4991595,3.4741,1.0000000,1.0000,[],21
48.8277,57.6168,-19.4789,0.2979527,O=C(C=Cc1cccnc1)c1ccc2nc(C=Cc3ccc4ccccc4c3[N+](=O)[O-])c([N+](=O)[O-])cc2c1,1,O=C(C=Cc1cccnc1)c1ccc2nc(C=Cc3ccc4ccccc4c3)ccc2c1,0.3039182,391.0024,0.1051767,0.1052,0.5540417,2.9526,1.0000000,1.0000,[],21
39.5037,34.3461,-34.3225,0.0001848,O=C(Nc1ccc(S(=O)(=O)NCC(F)(F)C(F)(F)F)cc1)c1c(F)cccc1F,1,O=C(Nc1ccccc1)c1ccccc1,0.0001202,302.0013,0.6678431,0.6678,0.6245333,2.3538,1.0000000,1.0000,[],21
29.7298,37.6798,-37.6798,0.0000000,c1cc(OC)c(-c2cn3c(nc4cc(C)ccc4c3=O)n2)cc1,0,,0.0000000,0.0000,0.0000000,0.0000,0.0000000,0.0000,0.0000000,0.0000,None,21
16.8974,26.4314,-26.4314,0.0000000,c1c2-c(ccc(c2)=N)ccc1,0,,0.0000000,0.0000,0.0000000,0.0000,0.0000000,0.0000,0.0000000,0.0000,None,22
32.0111,45.1771,61.8645,0.8362628,N#CC(C#N)=Cc1ccc(-n2c3ccccc3c3c4ccccc4sc32)c(C=Cc2ccccc2)c1,1,C(=Cc1ccccc1-n1c2ccccc2c2c3ccccc3sc21)c1ccccc1,0.8839859,422.0484,0.1884829,0.1885,0.5598581,2.9004,1.0000000,1.0000,[],22
48.8241,55.8154,-55.8154,0.0000000,C12=C(C(c3c2cccc3)=NNc2ccccc2)C(=NC2=C1C1C(N=2)N(c2ccccc12)C)C,0,,0.0000000,0.0000,0.0000000,0.0000,0.0000000,0.0000,0.0000000,0.0000,None,22
17.1381,29.8633,79.6785,0.8557953,CCn1c2ccccc2c2c(C=C(C#N)C#N)c(C(F)(F)F)ccc21,1,c1ccc2c(c1)[nH]c1ccccc12,0.8729764,420.9279,0.5977359,0.5977,0.5703110,2.8079,1.0000000,1.0000,[],22
33.6075,49.8095,56.3319,0.8292298,CCn1c(C=Cc2ccc(C=CC=Cc3ccccc3)cc2)c(-c2ccccc2)c(-c2ccccc2)c1NC(=O)C=Cc1ccccc1,1,O=C(C=Cc1ccccc1)Nc1[nH]c(C=Cc2ccc(C=CC=Cc3ccccc3)cc2)c(-c2ccccc2)c1-c1ccccc1,0.8903985,422.7442,0.1131875,0.1132,0.5594850,2.9037,1.0000000,1.0000,[],22
48.1695,52.0675,-49.1144,0.0230707,C=C1C=CC(=O)N1CCCCCC(=O)Nc1ccc(S(=O)(=O)Nc2ccc(-c3c(N)n[nH]c3-c3ccc(F)cc3)cc2)cc1,1,C=C1C=CC(=O)N1CCCCCC(=O)Nc1ccc(S(=O)(=O)Nc2ccc(-c3cn[nH]c3-c3ccccc3)cc2)cc1,0.0203306,357.9268,0.1509341,0.1509,0.5593846,2.9046,1.0000000,1.0000,[],22
20.3517,27.8426,97.4202,0.9786161,COc1ccc(C=c2ccccc2=C(C#N)C#N)cc1,1,C=c1ccccc1=Cc1ccccc1,0.9944594,463.6493,0.8257804,0.8258,0.5887569,2.6487,1.0000000,1.0000,[],22
19.4802,29.6726,92.7782,0.9566464,CN1C(=Cc2cc3c(ccc4ccccc43)o2)C=Cc2ccccc21,1,C1=Cc2ccccc2NC1=Cc1cc2c(ccc3ccccc32)o1,0.9916983,451.9303,0.4212502,0.4213,0.5925610,2.6165,1.0000000,1.0000,[],22
31.6875,43.4362,-43.4362,0.0000000,C1(C(NCCC)=Cc2ccc(cc2C=1)N1CCCCC1)=C(C#N)C#N,0,,0.0000000,0.0000,0.0000000,0.0000,0.0000000,0.0000,0.0000000,0.0000,None,22
34.2995,37.9242,-37.7879,0.0010645,O=C(CC1(F)C=CC=CC=C1)c1ccc2c(c1)CCC2,1,O=C(CC1C=CC=CC=C1)c1ccc2c(c1)CCC2,0.0007588,322.0108,0.7529642,0.7530,0.5471293,3.0154,1.0000000,1.0000,[],22
27.0358,31.6833,-24.2871,0.0577829,N#CC(C#N)=Cc1ccc2nc(-c3ccccn3)oc2c1,1,c1ccc(-c2nc3ccccc3o2)nc1,0.0509334,368.2426,0.6676596,0.6677,0.5895650,2.6419,1.0000000,1.0000,[],22
31.0093,42.2777,79.4150,0.9507242,CCN(CC)c1ccc(Oc2ccc(OC)c(C=C3C=c4ccccc4=N3)c2)cc1,1,C(=C1C=c2ccccc2=N1)c1cccc(Oc2ccccc2)c1,0.9755917,479.9568,0.5739155,0.5739,0.5945967,2.5994,1.0000000,1.0000,[],22
26.0469,31.7040,-31.7040,0.0000000,C#CCN(C)S(=O)(=O)c1cc2ccccc2c2ccccc12,1,c1ccc2c(c1)ccc1ccccc12,0.0000000,0.0000,0.0000000,0.0000,0.0000000,0.0000,0.0000000,0.0000,['C#C'],22
27.3174,39.8454,77.3132,0.9153013,CCC(C)(C=CC=Cc1ccc(C=C(C#N)C#N)cc1)SC,1,c1ccccc1,0.9442270,430.7163,0.5345417,0.5345,0.4678458,3.7981,1.0000000,1.0000,[],22
25.2235,29.5414,68.3894,0.7650843,c1ccc2c(-c3ccc4cc5ccccc5c-4cc3)cccc2c1,1,c1ccc2c(-c3ccc4cc5ccccc5c-4cc3)cccc2c1,0.7873941,414.2154,0.3205672,0.3206,0.7202091,1.6411,1.0000000,1.0000,[],22
43.2981,65.6311,48.0069,0.8877970,CN(C)c1ccc(C=Cc2c(F)c(C(C=C(C#N)C#N)=C(F)c3c(F)c(F)c(F)c(F)c3F)c(F)c(F)c2C=C(C#N)C=Cc2ccccc2)cc1,1,C(C=Cc1ccc(C=Cc2ccccc2)cc1C=Cc1ccccc1)=Cc1ccccc1,0.9909488,469.0164,0.0431667,0.0432,0.4472281,4.0234,1.0000000,1.0000,[],22
23.4248,26.6739,-26.6675,0.0000504,Cn1c2c(c3ccccc31)CCCC2,1,c1ccc2c3c([nH]c2c1)CCCC3,0.0000307,287.1766,0.5941794,0.5942,0.6726390,1.9827,1.0000000,1.0000,[],22
31.9696,45.4056,-45.4056,0.0000000,Cc1ccc2c3c(C#N)c(O)c4cc(ccc(c1)c3-4)=C2,1,C1=c2ccc3ccccc1c1ccc(c2)-c31,0.0000000,0.0000,0.0000000,0.0000,0.0000000,0.0000,0.0000000,0.0000,['[*;r{8-17}]'],22
36.4383,49.9024,67.9376,0.9206246,N#CC(C#N)=Cc1cc2ccccc2c2c(-c3ccc(N(c4ccccc4)c4ccccc4)cc3C#N)c3ccc(C#N)cc3cc12,1,c1ccc(N(c2ccccc2)c2ccc(-c3c4ccccc4cc4ccc5ccccc5c34)cc2)cc1,0.9955514,461.2540,0.1116421,0.1116,0.5301041,3.1734,1.0000000,1.0000,[],22
50.8449,68.0153,45.0366,0.8832174,CCCCCCCCCCCCCCN(C)c1ccc(C=Cc2ccc(C(=O)Nc3ccccc3N=Nc3ccc(C(=O)Nc4cccc(S(=O)(=O)NCC(F)(F)F)c4)cc3)cc2)cc1,1,O=C(Nc1ccccc1)c1ccc(N=Nc2ccccc2NC(=O)c2ccc(C=Cc3ccccc3)cc2)cc1,0.9939303,455.3548,0.0304723,0.0305,0.5047976,3.4180,1.0000000,1.0000,[],22
17.1610,23.4899,23.4058,0.3663731,N#CC(C#N)=Cc1ccc(I)s1,1,c1ccsc1,0.3585608,393.6852,0.5884125,0.5884,0.5010995,3.4548,1.0000000,1.0000,[],22
34.7282,36.0568,-36.0568,0.0000000,CCCCC(=O)NN=C1C=C(C(=O)O)Cc2ccccc21,1,N=C1C=CCc2ccccc21,0.0000000,0.0000,0.0000000,0.0000,0.0000000,0.0000,0.0000000,0.0000,"['[#7;!n][#7;!n]', 'C(=[O,S])[O,S]']",22
33.2434,46.9874,67.4903,0.8943573,C=CCN(CC=C)c1ccc(N=Nc2ccc(N=Nc3ccccc3C=Cc3ccc4ccc5ccccc5c4c3)cc2)cc1,1,C(=Cc1ccccc1N=Nc1ccc(N=Nc2ccccc2)cc1)c1ccc2ccc3ccccc3c2c1,0.9825210,476.2544,0.0647556,0.0648,0.5277159,3.1960,1.0000000,1.0000,[],22
24.6781,33.4009,60.0827,0.7303403,Cc1ccccc1C(C#N)=Cc1ccc(C=Cc2ccc(N(c3ccccc3)c3ccccc3)cc2)cc1,1,C(=Cc1ccc(C=Cc2ccc(N(c3ccccc3)c3ccccc3)cc2)cc1)c1ccccc1,0.7677559,412.9820,0.1683503,0.1684,0.6149508,2.4311,1.0000000,1.0000,[],22
55.9109,64.4782,-64.4782,0.0000000,Cn1c2c(cccc3c4cc5ccccc5c5c(=C(C#N)C#N)c4c5c32)c(=O)n2cnnc12,1,C=c1c2c3ccccc3cc3c4cccc5c(=O)n6cnnc6[nH]c5c4c2c13,0.0000000,0.0000,0.3706875,0.3707,0.4234886,4.2961,1.0000000,1.0000,[],22
23.8231,36.2265,85.5634,0.9514833,CCN(CC)c1ccc(C(C#N)=Cc2ccc(-c3ccc4ccccc4c3)s2)cc1,1,C(=Cc1ccc(-c2ccc3ccccc3c2)s1)c1ccccc1,0.9950074,457.4874,0.3092223,0.3092,0.6136249,2.4419,1.0000000,1.0000,[],22
32.0484,41.8558,60.5779,0.8002633,CCN(CC)c1ccc(-c2c(-c3ccc(C#N)cc3)c3cnn(C)c3oc2=O)cc1,1,O=c1oc2[nH]ncc2c(-c2ccccc2)c1-c1ccccc1,0.8182639,416.3363,0.4918952,0.4919,0.5772997,2.7470,1.0000000,1.0000,[],22
61.7472,70.7713,-70.7713,0.0000000,c1ccccc1[C@@H]1[C@H](c2ccccc2-c2ccccc21)N=c1ccc(-c2c3ccccc3cc(c2O)C=Cc2ccc(cc2)N(c2ccccc2)CC)cc1,0,,0.0000000,0.0000,0.0000000,0.0000,0.0000000,0.0000,0.0000000,0.0000,None,22
37.5337,42.2372,73.0790,0.9009076,CN1c2ccccc2N(C)c2cc(C=CC(=O)Nc3ccc(C(N)=O)cc3)ccc21,1,O=C(C=Cc1ccc2c(c1)Nc1ccccc1N2)Nc1ccccc1,0.9174649,426.1488,0.6429540,0.6430,0.6291343,2.3171,1.0000000,1.0000,[],22
26.2450,36.1435,76.8048,0.8824090,COc1ccc(C=Nc2ccc3c(C=Cc4ccc(N(C)C)cc4)cc(=O)oc3c2)cc1,1,O=c1cc(C=Cc2ccccc2)c2ccc(N=Cc3ccccc3)cc2o1,0.9214954,426.7400,0.2904267,0.2904,0.5963681,2.5845,1.0000000,1.0000,[],22
24.1595,39.2527,71.5531,0.8656707,CCN(CC)c1ccc(C=CC2=Cc3ccccc3C(c3ccc(N(c4ccccc4)c4ccccc4)cc3)O2)cc1,1,C(=Cc1ccccc1)C1=Cc2ccccc2C(c2ccc(N(c3ccccc3)c3ccccc3)cc2)O1,0.9190828,426.3828,0.1822170,0.1822,0.5216854,3.2535,1.0000000,1.0000,[],22
36.3763,44.2926,-22.9173,0.1669943,CC1=CC(=CC=C2C=Cc3ccccc3N2C)C2(CCc3ccccc32)O1,1,C1=CC(=CC=C2C=Cc3ccccc3N2)C2(CCc3ccccc32)O1,0.1568687,538.2590,0.6484692,0.6485,0.4258728,4.2681,1.0000000,1.0000,[],22
23.4353,29.2066,-24.9396,0.0333362,CN(C)c1ccc(C=Cc2ccccn2)c2ccccc12,1,C(=Cc1cccc2ccccc12)c1ccccn1,0.0284463,361.6640,0.7001571,0.7002,0.6483236,2.1668,1.0000000,1.0000,[],22
63.0506,73.1700,16.2430,0.6985397,CC(C#N)=Cc1cc2nc3ccccc3c(C=C3C=CC(=O)N(CC(=O)c4cc(C)c5c(c4)OCCO5)C3=O)c2s1,1,O=C(CN1C(=O)C=CC(=Cc2c3ccccc3nc3ccsc23)C1=O)c1ccc2c(c1)OCCO2,0.7413263,411.4314,0.1340928,0.1341,0.4931738,3.5345,1.0000000,1.0000,[],22
34.4871,34.7595,-34.7595,0.0000000,CCOC(=O)c1ccc(C(C)(C)C)c2c1C(C(C)(C)C)=CC2=O,1,O=C1C=Cc2ccccc21,0.0000000,0.0000,0.0000000,0.0000,0.0000000,0.0000,0.0000000,0.0000,"['C(=[O,S])[O,S]']",22
36.2903,40.6392,63.0623,0.8101682,Cc1nc(N)sc1-c1cc2c(ccc(=O)c3ccccc32)s1,1,O=c1ccc2sc(-c3cncs3)cc2c2ccccc12,0.8246583,416.8097,0.5633664,0.5634,0.6019432,2.5380,1.0000000,1.0000,[],22
41.7913,50.4570,-50.4570,0.0000000,CCN(CC)c1ccc(C=CC(=O)OC(C)CNc2cccc(C(C)=O)c2)cc1,1,O=C(C=Cc1ccccc1)OCCNc1ccccc1,0.0000000,0.0000,0.0000000,0.0000,0.0000000,0.0000,0.0000000,0.0000,"['C(=[O,S])[O,S]']",22
40.5027,48.9372,-48.9372,0.0000000,CC#CCN1c2ccccc2C(C)(C)c2cc(C=C(C#N)c3ccc4c(c3)OCCO4)ccc21,1,C(=Cc1ccc2c(c1)OCCO2)c1ccc2c(c1)Cc1ccccc1N2,0.0000000,0.0000,0.0000000,0.0000,0.0000000,0.0000,0.0000000,0.0000,['C#C'],22
32.9819,46.3715,72.6410,0.9297854,Cc1cc(C=C(C#N)C#N)ccc1N1c2ccccc2C=Cc2cc(C=Nc3ccc(-c4ccccc4)cc3)ccc21,1,C1=Cc2cc(C=Nc3ccc(-c4ccccc4)cc3)ccc2N(c2ccccc2)c2ccccc21,0.9935320,454.6603,0.1620534,0.1621,0.5476581,3.0105,1.0000000,1.0000,[],22
52.9578,75.0564,31.3660,0.8314251,CCc1nc(C=Cc2ccc(N(CC)CC)cc2)cc(C=Cc2ccc3c(c2)C(C)(CC)c2ccc(S(=O)(=O)c4ccc5c(c4)C(C)=CC(C)(C)N5CC)cc2-3)n1,1,O=S(=O)(c1ccc2c(c1)C=CCN2)c1ccc2c(c1)-c1ccc(C=Cc3cc(C=Cc4ccccc4)ncn3)cc1C2,0.8947594,423.2381,0.1256931,0.1257,0.4326550,4.1891,1.0000000,1.0000,[],22
43.3966,52.5806,-42.7482,0.0768156,CCn1c2ccccc2c2ccc(N(c3cc(-n4c5ccccc5c5ccccc54)cc4ccccc34)C3c4ccccc4Oc4ccccc43)cc21,1,c1ccc2c(c1)Oc1ccccc1C2N(c1ccc2c(c1)[nH]c1ccccc12)c1cc(-n2c3ccccc3c3ccccc32)cc2ccccc12,0.0717850,372.2096,0.1803871,0.1804,0.5328020,3.1480,1.0000000,1.0000,[],22
41.3077,50.7163,11.3293,0.4847314,CCCCCCOc1ccccc1C=Nc1ccc(C=CC=Cc2ccc3c(c2)C2(CCCCC2)N=C3C)cc1,1,C(C=Cc1ccc2c(c1)C1(CCCCC1)N=C2)=Cc1ccc(N=Cc2ccccc2)cc1,0.5041809,400.1816,0.1378947,0.1379,0.4930407,3.5358,1.0000000,1.0000,[],22
22.2309,25.6405,-21.3405,0.0335941,CN(C)c1ccc2oc3ccc(N(C)C)cc3c2c1,1,c1ccc2c(c1)oc1ccccc12,0.0286855,361.7576,0.6946269,0.6946,0.6479393,2.1698,1.0000000,1.0000,[],22
32.4985,37.9205,-37.3955,0.0041012,C=CCCC(CC=C)(CCC)C(C#N)=CC=Cc1ccccc1,1,c1ccccc1,0.0032489,337.8288,0.2755896,0.2756,0.4759469,3.7122,1.0000000,1.0000,[],22
39.9369,46.7769,74.7031,0.9490620,COc1ccc2c3cnccc3n3c4c5c(ccc4c1c23)C(=O)c1ccccc1C5=O,1,O=C1c2ccccc2C(=O)c2c1ccc1c3cccc4c5cnccc5n(c21)c43,0.9864760,446.5745,0.3870471,0.3870,0.5807301,2.7173,1.0000000,1.0000,[],22
42.1086,42.9290,-42.9290,0.0000000,CCC(=Cc1cc(OC)cc(Br)c1OCc1cccc(F)c1)C(=O)O,1,c1ccc(COc2ccccc2)cc1,0.0000000,0.0000,0.0000000,0.0000,0.0000000,0.0000,0.0000000,0.0000,"['C(=[O,S])[O,S]']",22
42.8609,40.5982,-40.5743,0.0001871,CCOc1cccc(-n2nc(-c3ccc(F)cc3)cc2C(=O)N2CCc3cc(OC)ccc32)c1,1,O=C(c1cc(-c2ccccc2)nn1-c1ccccc1)N1CCc2ccccc21,0.0001239,302.3246,0.3949110,0.3949,0.6276833,2.3286,1.0000000,1.0000,[],22
53.2592,72.8332,-72.8332,0.0000000,CC1=[N+]=C=C=C=C=C2C(=Cc3cc(C#N)c(-c4c(C=Cc5ccc(N(C)c6ccccc6)cc5)ccc5ccccc45)cc3C1(C)C)c1ccccc1C2(C)C,1,C1=C=C=C2Cc3ccccc3C2=Cc2ccc(-c3c(C=Cc4ccc(Nc5ccccc5)cc4)ccc4ccccc34)cc2CC=[N+]=C=1,0.0000000,0.0000,0.0000000,0.0000,0.0000000,0.0000,0.0000000,0.0000,['[*;r{8-17}]'],22
29.1074,33.9949,88.7646,0.9590589,CC1=C(c2ccc([N+](=O)[O-])cc2)C2=Nc3ccccc3C2=N1,1,C1=C(c2ccccc2)C2=Nc3ccccc3C2=N1,0.9825765,476.2192,0.6208765,0.6209,0.5825745,2.7015,1.0000000,1.0000,[],22
30.7968,42.1854,-10.1127,0.2505678,N=C=C=Cc1ccc2c(c1)c1ccccc1n2C=Cc1ccc2ccccc2c1,1,C(=Cn1c2ccccc2c2ccccc21)c1ccc2ccccc2c1,0.2460780,387.8437,0.2618017,0.2618,0.5537940,2.9548,1.0000000,1.0000,[],22
21.3216,26.1722,12.1754,0.2995903,c1ccc2nc3cc(-c4nc5ccccc5o4)ccc3nc2c1,1,c1ccc2nc3cc(-c4nc5ccccc5o4)ccc3nc2c1,0.2912983,390.3469,0.4245265,0.4245,0.6737178,1.9747,1.0000000,1.0000,[],22
60.5813,72.5376,-72.5376,0.0000000,N(C)=c1c2cc(S(=O)(=O)O)ccc2c2=c(c1=Nc2c(-c1[nH]c2c(n1)cccc2)CCCC)C=C(c1ccccc1)C#N,0,,0.0000000,0.0000,0.0000000,0.0000,0.0000000,0.0000,0.0000000,0.0000,None,22
26.8597,37.4589,-22.2913,0.1184970,CCN1C(=CC=CC=Cc2ccc3c(c2)OCCO3)C(=O)c2ccccc21,1,O=C1C(=CC=CC=Cc2ccc3c(c2)OCCO3)Nc2ccccc21,0.1089602,542.8157,0.5891022,0.5891,0.5752757,2.7645,1.0000000,1.0000,[],22
45.5680,52.0624,-52.0624,0.0000000,CN(c1cc2c(cc1)c(c1c(=Nc3ccc(CN(C)C)cc3-1)C=C2)=O)C,0,,0.0000000,0.0000,0.0000000,0.0000,0.0000000,0.0000,0.0000000,0.0000,None,22
25.4623,29.8384,90.8286,0.9427111,c1ccc2c(c1)nnc1nc3c4ccccc4c4ccccc4c3nc12,1,c1ccc2c(c1)nnc1nc3c4ccccc4c4ccccc4c3nc12,0.9869807,446.9930,0.2889809,0.2890,0.6280102,2.3260,1.0000000,1.0000,[],22
35.2557,44.7380,50.5697,0.7445915,CN(C)c1ccc(C=Cc2ccc3cc(C=Cc4ccccc4B(O)O)ccc3n2)cc1,1,C(=Cc1ccc2nc(C=Cc3ccccc3)ccc2c1)c1ccccc1,0.7659342,412.8713,0.3604454,0.3604,0.5774985,2.7452,1.0000000,1.0000,[],22
43.1876,60.1102,-52.0434,0.0630222,CN(C)c1ccc2cc3n(-c4ccc(-c5ccc(-c6ccc7sccc7c6)s5)cc4)cc(C#N)cc-3c(=O)c2c1,1,O=c1c2cccn(-c3ccc(-c4ccc(-c5ccc6sccc6c5)s4)cc3)c-2cc2ccccc12,0.0580326,550.2591,0.2050126,0.2050,0.5402260,3.0788,1.0000000,1.0000,[],22
26.1327,41.9414,75.7488,0.9194550,CCN(CC)c1ccc(C=Cc2ccc(N(c3ccc(C=Cc4scnc4C)cc3)c3ccc(C=C(C#N)C#N)cc3)cc2)cc1,1,C(=Cc1ccc(N(c2ccccc2)c2ccc(C=Cc3cncs3)cc2)cc1)c1ccccc1,0.9950041,457.4802,0.1089486,0.1089,0.5296772,3.1774,1.0000000,1.0000,[],22
31.2007,38.5074,-38.5074,0.0000000,O=C(O)c1ccc(N2N=C(c3ccc(-c4cccs4)s3)C2=O)cc1,1,O=C1C(c2ccc(-c3cccs3)s2)=NN1c1ccccc1,0.0000000,0.0000,0.0000000,0.0000,0.0000000,0.0000,0.0000000,0.0000,"['[#7;!n][#7;!n]', 'C(=[O,S])[O,S]']",22
32.2391,37.9777,65.8326,0.8110176,O=CC1=CC=C(c2ccc([N+](=O)[O-])cc2)c2cccc3cccc1c23,1,C1=Cc2cccc3cccc(c23)C(c2ccccc2)=C1,0.8351828,417.6195,0.3951470,0.3951,0.5912274,2.6278,1.0000000,1.0000,[],22
31.5097,43.4712,9.1486,0.4110923,CN(c1ccccc1)c1cccc(-c2oc3ccc(C=C(C#N)C#N)cc3c2-c2ccccc2)c1,1,c1ccc(Nc2cccc(-c3oc4ccccc4c3-c3ccccc3)c2)cc1,0.4142626,396.2393,0.2542296,0.2542,0.5868598,2.6648,1.0000000,1.0000,[],22
47.3831,48.9655,66.9757,0.9057904,COc1cc2c3c(=O)c(C=Cc4ccc(O)cc4)c(C)nc-3n(C)c(C)c2cc1OC,1,O=c1c(C=Cc2ccccc2)cnc2[nH]cc3ccccc3c1-2,0.9324548,491.4992,0.4943086,0.4943,0.5663286,2.8429,1.0000000,1.0000,[],22
36.0510,44.6288,-42.6573,0.0154026,C=Cc1cc2ccccc2cc1-c1ccc(N(c2ccc(-c3ccccc3)cc2)c2ccc(-c3nnc(-c4ccccc4)n3-c3ccccc3)cc2)cc1,1,c1ccc(-c2ccc(N(c3ccc(-c4ccc5ccccc5c4)cc3)c3ccc(-c4nnc(-c5ccccc5)n4-c4ccccc4)cc3)cc2)cc1,0.0132763,353.2220,0.1509795,0.1510,0.5822498,2.7043,1.0000000,1.0000,[],22
38.1367,46.5169,12.7325,0.4628855,c1ccc(-c2nc(-c3ccccc3)c(-c3cccs3)nc2-c2ccc3nnc(-c4ccco4)nc3c2)cc1,1,c1ccc(-c2nc(-c3ccccc3)c(-c3cccs3)nc2-c2ccc3nnc(-c4ccco4)nc3c2)cc1,0.4705358,398.7189,0.2355071,0.2355,0.5854915,2.6765,1.0000000,1.0000,[],22
35.6511,56.4522,-56.4340,0.0001423,CCN1C(C=CC=CC=C2N(CC)c3ccc(C=C(C#N)C#N)cc3C2(C)C)=CC=Cc2cc(N3CCOCC3)ccc21,1,C(=CC=C1Cc2ccccc2N1)C=CC1=CC=Cc2cc(N3CCOCC3)ccc2N1,0.0000947,620.5921,0.2540439,0.2540,0.4768925,3.7023,1.0000000,1.0000,[],23
71.5741,84.0706,-84.0706,0.0000000,c1(c(C#N)c(C#N)c(c(C#N)c(c1N1c2cc(-c3ccc4c(c3)C=Cc3cccnc43)n/c(c2C=C1C#N)=C(C#N)C#N)C#N)C#N)C#N,0,,0.0000000,0.0000,0.0000000,0.0000,0.0000000,0.0000,0.0000000,0.0000,None,23
36.3544,51.8596,67.3226,0.9311109,CCNc1c(-c2ccccc2)c2ccc3c(C=Cc4ccc(N(CC)CC)cc4)cc(=O)oc3c2c2ccccc12,1,O=c1cc(C=Cc2ccccc2)c2ccc3c(-c4ccccc4)cc4ccccc4c3c2o1,0.9957386,460.7852,0.1549549,0.1550,0.5660568,2.8453,1.0000000,1.0000,[],23
25.0815,29.8712,-29.4145,0.0035684,Cc1ccccc1-c1nc2ccccc2c(=O)n1N=Cc1cccc([N+](=O)[O-])c1,1,O=c1c2ccccc2nc(-c2ccccc2)n1N=Cc1ccccc1,0.0027821,336.1397,0.3000468,0.3000,0.6311191,2.3013,1.0000000,1.0000,[],23
33.9284,45.6306,38.7306,0.6590717,CCN(CC)c1ccc(C=Cc2oc3ccccc3c(=O)c2C=Cc2[nH]nc[n+]2C)cc1,1,O=c1c(C=Cc2[nH]nc[nH+]2)c(C=Cc2ccccc2)oc2ccccc12,0.6710160,512.2610,0.4403132,0.4403,0.5142575,3.3252,1.0000000,1.0000,[],23
75.4016,97.7927,-97.7927,0.0000000,CCCCCn1c2c(cc(c2c2c1ccc(C=C(C#N)C#N)c2)C=C(C#N)C#N)-c1c(-c2occc2C=Cc2sc(N=C(c3c(ccs3)C)CC)cc2)nsn1,0,,0.0000000,0.0000,0.0000000,0.0000,0.0000000,0.0000,0.0000000,0.0000,None,23
40.7932,49.0504,-46.7057,0.0183182,CC(=O)c1ccc(C(=O)Nc2ccc(C(=O)Nc3ccccc3C=Cc3cccc(Cl)c3)cc2)s1,1,O=C(Nc1ccccc1C=Cc1ccccc1)c1ccc(NC(=O)c2cccs2)cc1,0.0157507,355.1049,0.2066399,0.2066,0.6303141,2.3077,1.0000000,1.0000,[],23
21.1793,39.7412,-38.3685,0.0107237,N#CC(C#N)=Cc1cc(-c2ccc(N(c3ccccc3)c3ccc(Oc4ccccc4)cc3)cc2)sc1C=C(C#N)C#N,1,c1ccc(Oc2ccc(N(c3ccccc3)c3ccc(-c4cccs4)cc3)cc2)cc1,0.0090488,570.9866,0.1716245,0.1716,0.5338807,3.1379,1.0000000,1.0000,[],23
34.6755,50.2399,49.4283,0.7786574,CN(C)c1ccc(C=Cc2ccc(C=Cc3cc(N(c4ccccc4)c4ccccc4)ccc3C=Cc3ccc4c(c3)C=Cc3ccccc3N4c3ccccc3)cc2)cc1,1,C(=Cc1ccc(C=Cc2cc(N(c3ccccc3)c3ccccc3)ccc2C=Cc2ccc3c(c2)C=Cc2ccccc2N3c2ccccc2)cc1)c1ccccc1,0.8327911,417.4319,0.1209586,0.1210,0.5222808,3.2478,1.0000000,1.0000,[],23
40.1463,51.0436,-31.2935,0.1542975,CN1c2ccc(C=CC=Cc3cccc[n+]3C)cc2C(C)(C)c2cc(-c3ccc(N(c4ccccc4)c4ccccc4)o3)ccc21,1,C(C=Cc1cccc[nH+]1)=Cc1ccc2c(c1)Cc1cc(-c3ccc(N(c4ccccc4)c4ccccc4)o3)ccc1N2,0.1510632,538.7429,0.1345364,0.1345,0.5183823,3.2852,1.0000000,1.0000,[],23
15.1823,24.7799,99.0188,0.9671776,COc1ccc(N(c2ccccc2)c2ccc(C=C(C#N)C#N)cc2)cc1,1,c1ccc(N(c2ccccc2)c2ccccc2)cc1,0.9926376,453.2443,0.5617513,0.5618,0.6359681,2.2630,1.0000000,1.0000,[],23
28.5055,33.7716,23.7494,0.4493827,N#Cc1c(-c2ccc(Cl)cc2)c(=O)[nH]c2c1ccc1ccccc12,1,O=c1[nH]c2c(ccc3ccccc32)cc1-c1ccccc1,0.4444650,397.5782,0.5059078,0.5059,0.6344917,2.2747,1.0000000,1.0000,[],23
41.0777,45.3972,-45.3972,0.0000000,c12=Cc3c(-c4ncccc4)cc(-c4ccccc4)cc3Oc1ccc(c2)N(c1ccccc1)c1ccccc1,0,,0.0000000,0.0000,0.0000000,0.0000,0.0000000,0.0000,0.0000000,0.0000,None,23
17.5854,25.0531,-12.0215,0.1018094,c1ccc(-c2nc(-c3ccccc3)nc(-c3ccc(-c4ccc(N(c5ccccc5)c5ccccc5)cc4)cc3)n2)cc1,1,c1ccc(-c2nc(-c3ccccc3)nc(-c3ccc(-c4ccc(N(c5ccccc5)c5ccccc5)cc4)cc3)n2)cc1,0.0957796,375.6250,0.1972889,0.1973,0.6859319,1.8849,1.0000000,1.0000,[],23
23.3556,42.6170,74.8642,0.9178221,CCN(CC)c1ccc(C=Cc2sc(-c3ccc(N(c4ccccc4)c4ccccc4)nc3)nc2-c2ccccc2)cc1,1,C(=Cc1sc(-c2ccc(N(c3ccccc3)c3ccccc3)nc2)nc1-c1ccccc1)c1ccccc1,0.9792220,441.8319,0.1618488,0.1618,0.5720128,2.7930,1.0000000,1.0000,[],23
21.8153,36.4291,-36.4291,0.0000000,CCOC(=O)c1sc2ccc(N(CC)CC)cc2c1C=C(C#N)C#N,1,c1ccc2sccc2c1,0.0000000,0.0000,0.0000000,0.0000,0.0000000,0.0000,0.0000000,0.0000,"['C(=[O,S])[O,S]']",23
33.8356,42.0865,59.4945,0.7936013,N#CC(=NC=Cc1cccc2ccccc12)c1ccc(-c2ccccc2)c2ccccc12,1,C(=Cc1cccc2ccccc12)N=Cc1ccc(-c2ccccc2)c2ccccc12,0.8247648,416.8177,0.2814060,0.2814,0.6031668,2.5278,1.0000000,1.0000,[],23
55.3551,81.8558,-81.8558,0.0000000,CSN(CCCCCCN(CCCN(c1ccccc1)c1ccccc1)c1ccc2c(c1)cc(C=C(C#N)C#N)c1ccccc12)N=Cc1ccc(N(c2ccccc2)c2ccccc2)cc1C=C(C#N)C#N,1,C(=NNCCCCCCN(CCCN(c1ccccc1)c1ccccc1)c1ccc2c(ccc3ccccc32)c1)c1ccc(N(c2ccccc2)c2ccccc2)cc1,0.0000000,0.0000,0.0000000,0.0000,0.0000000,0.0000,0.0000000,0.0000,"['[#7;!n][S;!$(S(=O)=O)]', '[#7;!n][#7;!n]']",23
34.6149,39.2631,-39.0331,0.0017971,c1ccc(-c2cc3c4ccccc4n(-c4ccc(-c5noc6ccccc56)cc4)c3c3ccccc23)cc1,1,c1ccc(-c2cc3c4ccccc4n(-c4ccc(-c5noc6ccccc56)cc4)c3c3ccccc23)cc1,0.0013598,328.3520,0.2489802,0.2490,0.6218221,2.3755,1.0000000,1.0000,[],23
41.7813,54.7345,-54.7345,0.0000000,CCCCCCCCN(CC)c1ccc(C(=O)Oc2ccc(-c3sc(-c4ccc(N(CCCCCCCC)CCCCCCCC)cc4)c(C#N)c3C(=O)O)cc2)cc1,1,O=C(Oc1ccc(-c2ccc(-c3ccccc3)s2)cc1)c1ccccc1,0.0000000,0.0000,0.0000000,0.0000,0.0000000,0.0000,0.0000000,0.0000,"['C(=[O,S])[O,S]']",23
51.0489,61.9895,58.0148,0.9375338,O=C1c2ccccc2C(=Cc2ccco2)c2cc3c(cc21)OCN(Cc1ccccc1Cl)C3=Cc1ccccc1,1,O=C1c2ccccc2C(=Cc2ccco2)c2cc3c(cc21)OCN(Cc1ccccc1)C3=Cc1ccccc1,0.9916909,468.0794,0.2245317,0.2245,0.5553334,2.9409,1.0000000,1.0000,[],23
23.5543,38.3185,54.6671,0.7264499,N#CC(C#N)=Cc1ccc(-c2ccc(-c3ccc(N(c4ccccc4)c4ccc5oc6ccccc6c5c4)cc3)s2)s1,1,c1ccc(N(c2ccc(-c3ccc(-c4cccs4)s3)cc2)c2ccc3oc4ccccc4c3c2)cc1,0.7629018,507.3115,0.1850332,0.1850,0.5522661,2.9686,1.0000000,1.0000,[],23
39.6456,53.9900,-53.9900,0.0000000,COc1c(C(=O)OC(C)C)nc2cc3ccccn3c2c1C=Cc1ccc(N(c2ccccc2)c2ccccc2)cc1,1,C(=Cc1ccnc2cc3ccccn3c12)c1ccc(N(c2ccccc2)c2ccccc2)cc1,0.0000000,0.0000,0.0000000,0.0000,0.0000000,0.0000,0.0000000,0.0000,"['C(=[O,S])[O,S]']",23
26.1249,30.8328,-30.8328,0.0000000,CCN(CC)c1ccc(C=NNc2ccc3ncnn3n2)cc1,1,C(=NNc1ccc2ncnn2n1)c1ccccc1,0.0000000,0.0000,0.0000000,0.0000,0.0000000,0.0000,0.0000000,0.0000,['[#7;!n][#7;!n]'],23
43.5784,50.8649,-3.7198,0.3683208,Cc1cc(C)cc(-c2ccc3c(c2)C(C)(C)c2cc(C=C4C(=C(C#N)C#N)c5cc(C)cc(F)c5C4=C(C#N)C#N)ccc2-3)c1,1,C=C1C(=Cc2ccc3c(c2)Cc2cc(-c4ccccc4)ccc2-3)C(=C)c2ccccc21,0.3719749,525.6866,0.2199918,0.2200,0.4992384,3.4734,1.0000000,1.0000,[],23
30.1948,45.9619,4.3403,0.3929858,CCN(CC)c1ccc(-c2ccc(C=CC=C3c4ccccc4C(=O)c4ccc5ccccc5c43)s2)cc1,1,O=C1c2ccccc2C(=CC=Cc2ccc(-c3ccccc3)s2)c2c1ccc1ccccc21,0.3969117,524.5422,0.2221946,0.2222,0.5764800,2.7541,1.0000000,1.0000,[],23
22.6560,31.9188,-31.6059,0.0024447,c1ccc(-c2cc(-c3ccc(N(c4ccccc4)c4ccccc4)cc3)c3ccccn23)cc1,1,c1ccc(-c2cc(-c3ccc(N(c4ccccc4)c4ccccc4)cc3)c3ccccn23)cc1,0.0018759,331.8506,0.2620642,0.2621,0.6406480,2.2264,1.0000000,1.0000,[],23
23.4448,28.6195,89.9374,0.9262254,CCCCN(CC)c1ccc(N=Nc2ccc(N=Nc3ccc(OC)cc3)cc2)cc1,1,c1ccc(N=Nc2ccc(N=Nc3ccccc3)cc2)cc1,0.9673615,483.2035,0.3135594,0.3136,0.5968785,2.5802,1.0000000,1.0000,[],23
66.2724,81.0319,-81.0274,0.0000352,CCN1c2ccc(-c3ccc4c(c3)C=C(C=C3C=CC(=CC5=C(O)C(=Cc6ccc7ccccc7n6)C5)C3=O)C=CN4C)cc2C(C)CC1(C)C,1,O=C1C(=CC2=Cc3cc(-c4ccc5c(c4)CCCN5)ccc3NC=C2)C=CC1=CC1=CC(=Cc2ccc3ccccc3n2)C1,0.0000219,636.4701,0.2144082,0.2144,0.4102542,4.4549,1.0000000,1.0000,[],23
37.6610,42.1667,-37.6277,0.0354602,C(=Cc1nccn1C1C=Cc2ccccc2N1)c1ncco1,1,C(=Cc1nccn1C1C=Cc2ccccc2N1)c1ncco1,0.0304603,362.4292,0.7991470,0.7991,0.4525960,3.9638,1.0000000,1.0000,[],23
47.4072,51.2382,64.1942,0.9018159,C=C(C(C)=Cc1c2ccccc2cc[n+]1C)C(N)=NCCCCCC(C)C,1,c1ccc2c[nH+]ccc2c1,0.9548639,433.1354,0.2146507,0.2147,0.5141323,3.3264,1.0000000,1.0000,[],23
36.4112,46.9775,63.1998,0.8607599,N#CC1=CC=Cc2c(ccc(C=Cc3ccccc3)c2-c2ccccc2)N1C=Cc1ccccc1,1,C1=Cc2c(ccc(C=Cc3ccccc3)c2-c2ccccc2)N(C=Cc2ccccc2)C=C1,0.8997091,423.8210,0.2864534,0.2865,0.5478593,3.0087,1.0000000,1.0000,[],23
22.7106,25.9297,-25.9297,0.0000000,c1ccc2c(c1)c1cccc3c1c1c4ccc5cccc(c5c4-1)c23,1,c1ccc2c(c1)c1cccc3c1c1c4ccc5cccc(c5c4-1)c23,0.0000000,0.0000,0.2864773,0.2865,0.5246533,3.2251,1.0000000,1.0000,[],23
38.2178,54.0787,-54.0787,0.0000000,CCN(CC)c1ccc2c(c1)C=CC1=C(C#N)c3ccccc3C12OC(=O)C=Cc1ccc(N(C)C)cc1,1,O=C(C=Cc1ccccc1)OC12C(=Cc3ccccc31)C=Cc1ccccc12,0.0000000,0.0000,0.0000000,0.0000,0.0000000,0.0000,0.0000000,0.0000,"['C(=[O,S])[O,S]']",23
15.9890,25.2521,-10.0761,0.1185624,CCN(CC)c1ccc(C=Cc2ccc3ccccc3c2)cc1,1,C(=Cc1ccc2ccccc2c1)c1ccccc1,0.1089861,377.1872,0.5337189,0.5337,0.6780570,1.9426,1.0000000,1.0000,[],23
37.5855,49.6916,-49.6916,0.0000000,C(C(C)(N(C)C)C)N1CCN(c2c(cc3C(C)(CC[N+]=3C)C)c2)CC1,0,,0.0000000,0.0000,0.0000000,0.0000,0.0000000,0.0000,0.0000000,0.0000,None,23
40.8525,56.4604,51.5986,0.8442114,C=c1cc(C#N)sc1=Cc1sc(-c2cc(C)c3ccccc3c2)c2ccccc12,1,C=c1ccsc1=Cc1sc(-c2ccc3ccccc3c2)c2ccccc12,0.8771570,498.6568,0.3415948,0.3416,0.5322558,3.1532,1.0000000,1.0000,[],23
12.6215,27.1398,64.2055,0.7136351,CCN(CC)c1ccc(C=CC=Cc2ccc(N(c3ccccc3)c3ccccc3)cc2)cc1,1,C(C=Cc1ccc(N(c2ccccc2)c2ccccc2)cc1)=Cc1ccccc1,0.7405483,411.3874,0.2381242,0.2381,0.6380014,2.2471,1.0000000,1.0000,[],23
37.2167,42.1635,67.4919,0.8566828,O=C1CC=Cc2c1ccc1nc3ccc4cc(Cl)ccc4c3nc21,1,O=C1CC=Cc2c1ccc1nc3ccc4ccccc4c3nc21,0.8903678,422.7408,0.3289936,0.3290,0.5763302,2.7554,1.0000000,1.0000,[],23
27.8599,36.1003,29.6797,0.5139060,C(=Cc1ccc(N(c2ccc(-c3nc4ccccc4o3)cc2)c2ccc(N(c3ccccc3)c3ccccc3)cc2)cc1)c1ccc(N(c2ccccc2)c2ccccc2)cc1,1,C(=Cc1ccc(N(c2ccc(-c3nc4ccccc4o3)cc2)c2ccc(N(c3ccccc3)c3ccccc3)cc2)cc1)c1ccc(N(c2ccccc2)c2ccccc2)cc1,0.5374794,401.6308,0.1150718,0.1151,0.5761620,2.7568,1.0000000,1.0000,[],23
26.9916,40.5985,-38.7335,0.0145701,CN(C)c1ccc(-c2c(C=Cc3ccccc3)nn(Cc3ccccc3)c2C=Cc2ccccc2)cc1,1,C(=Cc1nn(Cc2ccccc2)c(C=Cc2ccccc2)c1-c1ccccc1)c1ccccc1,0.0123601,352.4356,0.2237930,0.2238,0.5988212,2.5640,1.0000000,1.0000,[],23
24.0311,41.5819,66.2644,0.8425493,N#CC(C#N)=Cc1cc(C=Cc2ccc(C=Cc3ccc(N(c4ccccc4)c4ccccc4)cc3)cc2)on1,1,C(=Cc1ccc(N(c2ccccc2)c2ccccc2)cc1)c1ccc(C=Cc2ccno2)cc1,0.8973049,423.5348,0.1519574,0.1520,0.5527554,2.9642,1.0000000,1.0000,[],23
41.7435,45.3370,-36.1865,0.0714879,CCCn1c2ccc(-c3ccc4c5ccccc5n(-c5ccccc5)c4c3)cc2c2ccc(-c3nnc(-c4ccccc4)s3)cc21,1,c1ccc(-c2nnc(-c3ccc4c(c3)[nH]c3ccc(-c5ccc6c7ccccc7n(-c7ccccc7)c6c5)cc34)s2)cc1,0.0663440,371.2904,0.1877320,0.1877,0.5830888,2.6971,1.0000000,1.0000,[],23
21.3244,25.3555,-0.2443,0.1961812,N#Cc1c2ccccc2nc2c1sc1ccccc12,1,c1ccc2nc3c(cc2c1)sc1ccccc13,0.1862191,383.9879,0.4673066,0.4673,0.6343405,2.2758,1.0000000,1.0000,[],23
67.7062,85.0630,-15.2907,0.5450964,N#CC(C#N)=Cc1ccc2c(c1)cc(C=C(C#N)C#N)c1c3oc(=S)n(-c4ccc(C=Cc5cccc6ccccc56)cc4)c3c[s+]21,1,S=c1oc2c(c[s+]3c4ccccc4ccc23)n1-c1ccc(C=Cc2cccc3ccccc23)cc1,0.5825201,516.3831,0.0801991,0.0802,0.4122339,4.4308,1.0000000,1.0000,[],23
24.8574,31.5565,-30.0754,0.0115708,CC(C)(C)c1cc2ccc(-c3ccc4ccccc4c3)c3ccc4cccc1c4c23,1,c1ccc2cc(-c3ccc4ccc5cccc6ccc3c4c56)ccc2c1,0.0096519,349.7206,0.2486490,0.2486,0.6392123,2.2376,1.0000000,1.0000,[],23
55.7957,63.5394,-63.5394,0.0000000,c12c(=C(C(=O)C=1)-c1ccccc1)ccc(c2)N(c1ccc(-c2cc3c(C(C4C=CC=CC4=3)(C)C)cc2)cc1)c1ccc(cc1)N(c1ccccc1)c1ccccc1,0,,0.0000000,0.0000,0.0000000,0.0000,0.0000000,0.0000,0.0000000,0.0000,None,23
40.3211,54.2923,-53.3016,0.0077400,N#Cc1cn(-c2ccccc2)nc1-c1cc(NC(=O)c2cc3ccccc3c3ccccc23)ccc1C=Cc1ccccc1,1,O=C(Nc1ccc(C=Cc2ccccc2)c(-c2ccn(-c3ccccc3)n2)c1)c1cc2ccccc2c2ccccc12,0.0064204,345.2590,0.1611583,0.1612,0.5848377,2.6821,1.0000000,1.0000,[],23
50.2222,65.8333,-6.2814,0.4652492,CC(C=Cc1oc(Nc2ccc(C)cc2)c(C)c1C#N)=Cc1oc(C)c2c1CC(=O)C(C)=C2C#N,1,O=C1C=Cc2coc(C=CC=Cc3ccc(Nc4ccccc4)o3)c2C1,0.4669220,521.4387,0.4106092,0.4106,0.4731877,3.7413,1.0000000,1.0000,[],23
34.4525,47.8565,75.0752,0.9604039,CC(C)=CC=CC(C=Cc1ccccc1)=CC=CC(C)=Cc1ccc2c(c1)OCO2,1,C(C=CC=Cc1ccc2c(c1)OCO2)=CC=Cc1ccccc1,0.9956484,458.9865,0.4501490,0.4501,0.5402871,3.0783,1.0000000,1.0000,[],23
33.3360,47.9604,14.1648,0.4853530,CC(C=Cc1ccccc1)=Cc1c(-c2ccccc2)c2c(C#N)cc(C#N)cc2n1C,1,C(C=Cc1[nH]c2ccccc2c1-c1ccccc1)=Cc1ccccc1,0.4884196,399.4970,0.3583062,0.3583,0.5673299,2.8341,1.0000000,1.0000,[],23
36.0005,59.8280,59.4253,0.9316662,CCN(CC)c1ccc(C=Cc2c(-c3ccc(N(c4ccccc4)c4ccccc4)cc3)nc(C#N)nc2-c2ncn[nH]2)cc1,1,C(=Cc1c(-c2ccc(N(c3ccccc3)c3ccccc3)cc2)ncnc1-c1ncn[nH]1)c1ccccc1,0.9943260,456.0910,0.1719095,0.1719,0.5338876,3.1378,1.0000000,1.0000,[],23
21.9400,25.5525,-25.5132,0.0003070,c1ccc(-n2c3c4ccccc4ccc3c3ccc4ccccc4c32)cc1,1,c1ccc(-n2c3c4ccccc4ccc3c3ccc4ccccc4c32)cc1,0.0002100,308.0591,0.3001957,0.3002,0.6853329,1.8893,1.0000000,1.0000,[],23
26.1715,32.5750,74.2790,0.8347966,CCN(CC)c1ccc2oc3cc(NC(C)=O)ccc3c(=O)c2c1,1,O=c1c2ccccc2oc2ccccc12,0.8424867,418.2061,0.7424713,0.7425,0.6438257,2.2016,1.0000000,1.0000,[],23
22.4197,33.6635,-11.5151,0.1730337,CCCCCCCC[n+]1ccc(C=Cc2ccc(N(CC)CC)cc2CCCCCC)cc1,1,C(=Cc1cc[nH+]cc1)c1ccccc1,0.1686917,537.3167,0.1734093,0.1734,0.5767401,2.7518,1.0000000,1.0000,[],23
20.9326,26.7115,-22.0116,0.0367178,N#CC(C#N)=Cc1cc(-c2ccccc2)ccc1C#N,1,c1ccc(-c2ccccc2)cc1,0.0314370,362.7828,0.7686084,0.7686,0.6120442,2.4548,1.0000000,1.0000,[],23
37.6455,47.6026,71.7842,0.9327094,CN(c1ccc2ccccc2c1)c1nc(-c2ccc(C=C(C#N)C#N)o2)c2ccc3ccccc3c2n1,1,c1coc(-c2nc(Nc3ccc4ccccc4c3)nc3c2ccc2ccccc23)c1,0.9908339,469.1546,0.1941294,0.1941,0.5560833,2.9342,1.0000000,1.0000,[],23
38.0227,44.7565,54.5219,0.7756123,N=c1ccc2c(s1)c1c(nc(SCc3ccccc3)n1-c1ccccc1)n2-c1ccccc1,1,N=c1ccc2c(s1)c1c(nc(SCc3ccccc3)n1-c1ccccc1)n2-c1ccccc1,0.8055049,415.4290,0.2851581,0.2852,0.5772539,2.7474,1.0000000,1.0000,[],23
46.2676,50.1491,62.4151,0.8794079,CCCCCCCCCCN(CCCCCCC)c1ccc(C(=C(CCC=C(C#N)C#N)c2ccccc2)c2ccc(N(C)C)cc2)cc1,1,C(=C(c1ccccc1)c1ccccc1)c1ccccc1,0.9684398,482.8267,0.0578831,0.0579,0.5336311,3.1403,1.0000000,1.0000,[],23
53.6136,68.4406,-68.4406,0.0000000,C1(c2c(c(-c3c(cc(N(CC)CC)cc3)C=C(c3ccc(N(CC)CC)cc3)c3ccccc3)ccc2-c2ccc(N(c3ccccc3)c3ccccc3)cc2)N=c2ccccc12)c1ccccc1,0,,0.0000000,0.0000,0.0000000,0.0000,0.0000000,0.0000,0.0000000,0.0000,None,23
36.0810,44.6250,-44.6250,0.0000000,O=C(C=Cc1ccc(OC(=O)c2cc3ccccc3oc2=O)cc1)c1ccc(NC(=O)c2ccccc2Cl)cc1,1,O=C(C=Cc1ccc(OC(=O)c2cc3ccccc3oc2=O)cc1)c1ccc(NC(=O)c2ccccc2)cc1,0.0000000,0.0000,0.0000000,0.0000,0.0000000,0.0000,0.0000000,0.0000,"['C(=[O,S])[O,S]']",23
26.5335,36.7066,-26.1627,0.0823735,O=CNc1ccc(C(=O)c2ccc(N3c4ccccc4C=Cc4ccccc43)cc2)cc1,1,O=C(c1ccccc1)c1ccc(N2c3ccccc3C=Cc3ccccc32)cc1,0.0760903,372.8925,0.2649223,0.2649,0.6188312,2.3996,1.0000000,1.0000,[],23
34.4608,43.8142,-43.8142,0.0000000,COc1ccc(N(c2ccc(OC)cc2)c2ccc(-c3sc4c5c3N(CCN=4)c3ccccc3N=5)cc2)cc1,1,c1ccc(N(c2ccccc2)c2ccc(-c3sc4c5c3N(CCN=4)c3ccccc3N=5)cc2)cc1,0.0000000,0.0000,0.2386897,0.2387,0.4509861,3.9816,1.0000000,1.0000,[],23
22.3328,25.2961,-24.1575,0.0088950,c1ccc(Nc2ccc(-c3cc4ccccc4o3)cc2)cc1,1,c1ccc(Nc2ccc(-c3cc4ccccc4o3)cc2)cc1,0.0071371,346.4158,0.5109766,0.5110,0.7120687,1.6979,1.0000000,1.0000,[],23
27.8002,38.0139,78.6550,0.9114757,COc1ccc(N(c2ccccc2)c2ccc(C=Cc3ccc(N(c4ccc(C=C(C#N)C#N)cc4)c4ccc(SC)cc4)cc3)cc2)cc1,1,C(=Cc1ccc(N(c2ccccc2)c2ccccc2)cc1)c1ccc(N(c2ccccc2)c2ccccc2)cc1,0.9953256,458.2060,0.0778855,0.0779,0.5581157,2.9159,1.0000000,1.0000,[],24
42.0446,61.1187,50.2066,0.8697289,C=CC(O)C(C=Cc1ccc(N(c2ccc(C=Cc3ccccc3)cc2)c2ccc(C=Cc3ccc(-c4ccc(N(c5ccccc5)c5ccccc5)cc4)s3)cc2)cc1)=C(c1ccccc1)c1ccccc1,1,C(=Cc1ccc(N(c2ccc(C=Cc3ccccc3)cc2)c2ccc(C=Cc3ccc(-c4ccc(N(c5ccccc5)c5ccccc5)cc4)s3)cc2)cc1)C=C(c1ccccc1)c1ccccc1,0.9617515,435.0112,0.0559614,0.0560,0.4486184,4.0079,1.0000000,1.0000,[],24
32.8484,46.0196,45.0674,0.7116171,N#CC(C#N)=Cc1cc(Nc2nc(C#N)c(C#N)nc2C#N)ccc1[N+](=O)[O-],1,c1ccc(Nc2cnccn2)cc1,0.7259843,410.5788,0.4737243,0.4737,0.5069734,3.3965,1.0000000,1.0000,[],24
25.7098,32.2114,-31.9246,0.0022403,c1ccc(-c2c(-c3ccccc3)c3cc(-c4nc5ccccc5n4-c4ccccc4)ccc3c3ccccc23)cc1,1,c1ccc(-c2c(-c3ccccc3)c3cc(-c4nc5ccccc5n4-c4ccccc4)ccc3c3ccccc23)cc1,0.0017231,330.9266,0.2102534,0.2103,0.6400299,2.2312,1.0000000,1.0000,[],24
63.4413,83.9569,-83.9569,0.0000000,CC(C)(c1ccc(cc1)-c1sc2c(c1)-c1c(c(c3-c(ccc(=[N+](C)C)c3)o1)-c1c(c(C(CC)(C)C)cc(c1)CC)C=Cc1ccc(cc1)N(CC)CC)C2(CC)CC)C,0,,0.0000000,0.0000,0.0000000,0.0000,0.0000000,0.0000,0.0000000,0.0000,None,24
39.9604,54.5274,-54.5274,0.0000000,CN(c1ccc2c(c1)NC(C)(C=C2C=Cc1c(c(c(-c2ccccc2)oc1C)=O)C#N)C)C,0,,0.0000000,0.0000,0.0000000,0.0000,0.0000000,0.0000,0.0000000,0.0000,None,24
27.2537,41.2299,75.8449,0.9146473,N#CC(C#N)=Cc1ccc(-c2cc3ccccc3c3ccc(-c4ccc(N(c5ccccc5)c5ccccc5)cc4)cc23)s1,1,c1ccc(N(c2ccccc2)c2ccc(-c3ccc4c(c3)c(-c3cccs3)cc3ccccc34)cc2)cc1,0.9791691,441.8037,0.1454093,0.1454,0.5663100,2.8431,1.0000000,1.0000,[],24
49.4722,55.1028,-46.4219,0.0678194,Fc1ccc2c3c(n(-c4ccc(N(c5ccccc5)c5ccccc5)cc4)c2c1)C(c1ccccc1)=NC1c2ccccc2C=CC31,1,C1=CC2c3c(n(-c4ccc(N(c5ccccc5)c5ccccc5)cc4)c4ccccc34)C(c3ccccc3)=NC2c2ccccc21,0.0630107,370.6920,0.1906458,0.1906,0.4733504,3.7396,1.0000000,1.0000,[],24
27.0490,37.4691,82.4485,0.9368564,CCn1c2ccc(Cl)cc2c2cc(C=CC=C3C(=O)c4ccccc4C3=O)ccc21,1,O=C1C(=CC=Cc2ccc3[nH]c4ccccc4c3c2)C(=O)c2ccccc21,0.9815918,476.8270,0.2853745,0.2854,0.6078667,2.4890,1.0000000,1.0000,[],24
57.2383,70.5273,-70.5273,0.0000000,c1(=O)c2c(cc3oc4ccccc4c(c13)=O)c(O)n(c2C)-c1c(cc(N=Cc2oc(N(CC)CC)cc2)cc1C)C,0,,0.0000000,0.0000,0.0000000,0.0000,0.0000000,0.0000,0.0000000,0.0000,None,24
48.5045,56.1675,-56.1675,0.0000000,N#Cc1ccc(C=O)c(C#Cc2cccc(-n3c4ccccc4c4c(C#N)c5ccccc5nc43)c2)c1C#N,1,C(#Cc1cccc(-n2c3ccccc3c3cc4ccccc4nc32)c1)c1ccccc1,0.0000000,0.0000,0.0000000,0.0000,0.0000000,0.0000,0.0000000,0.0000,['C#C'],24
26.9364,43.9689,59.2330,0.8062648,Cn1c2ccccc2c2ccc(C=Cc3ccc4c(c3)c3cc(C=C(C#N)C#N)ccc3n4-c3ccccc3)cc21,1,C(=Cc1ccc2c(c1)c1ccccc1n2-c1ccccc1)c1ccc2c(c1)[nH]c1ccccc12,0.8531081,419.1002,0.1703327,0.1703,0.5678632,2.8294,1.0000000,1.0000,[],24
13.8793,26.2789,8.6580,0.2729448,C(=Cc1ccc(N(c2ccccc2)c2ccccc2)cc1)c1ccc(-c2ccc(N(c3ccccc3)c3ccccc3)cc2)cc1,1,C(=Cc1ccc(N(c2ccccc2)c2ccccc2)cc1)c1ccc(-c2ccc(N(c3ccccc3)c3ccccc3)cc2)cc1,0.2726351,389.3457,0.1543297,0.1543,0.6775401,1.9464,1.0000000,1.0000,[],24
31.7386,40.9100,-39.7617,0.0089710,CC(=O)Nc1cccc(C=CC=Cc2ccccc2)c1-c1cccc2ccccc12,1,C(C=Cc1ccccc1-c1cccc2ccccc12)=Cc1ccccc1,0.0072996,346.6621,0.3595257,0.3595,0.6333194,2.2839,1.0000000,1.0000,[],24
11.6842,24.7067,-24.7067,0.0000000,C(C=Cc1ccc(N(c2ccccc2)c2ccccc2)cc1)=Cc1ccc(N(c2ccccc2)c2ccccc2)cc1,1,C(C=Cc1ccc(N(c2ccccc2)c2ccccc2)cc1)=Cc1ccc(N(c2ccccc2)c2ccccc2)cc1,0.6419452,406.3387,0.1682892,0.1683,0.6706122,1.9978,1.0000000,1.0000,[],24
28.9518,38.3928,-38.3848,0.0000622,CC[n+]1c(C=CC=CC2=Cc3ccc4ccccc4c3C(C)(C)O2)sc2ccccc21,1,C(C=Cc1[nH+]c2ccccc2s1)=CC1=Cc2ccc3ccccc3c2CO1,0.0000396,630.0580,0.2485626,0.2486,0.5210557,3.2595,1.0000000,1.0000,[],24
35.7269,52.3687,-24.9550,0.2141700,N#CC(C#N)=Cc1ccc(CCN2C(=O)c3c(F)cc(Br)cc3C2=C(C#N)C#N)cc1,1,C=C1c2ccccc2C(=O)N1CCc1ccccc1,0.2033617,385.1752,0.6090611,0.6091,0.5225804,3.2449,1.0000000,1.0000,[],24
41.7823,57.6917,58.6078,0.9085903,COc1c(Br)cc(OC)c2c(N=Nc3ccc(N=Nc4ccc(N=Nc5ccc(N(c6ccccc6)c6ccccc6)cc5)cc4)cc3C#N)cccc12,1,c1ccc(N(c2ccccc2)c2ccc(N=Nc3ccc(N=Nc4ccc(N=Nc5cccc6ccccc56)cc4)cc3)cc2)cc1,0.9805328,477.4460,0.1215756,0.1216,0.4973775,3.4920,1.0000000,1.0000,[],24
46.4013,53.6582,-53.1835,0.0037087,CCN(CC)CCCNC(=O)CN(CCO)C(=O)c1cccc(N(CC)c2ccc(-c3ccccc3)cc2)c1,1,c1ccc(Nc2ccc(-c3ccccc3)cc2)cc1,0.0029078,336.6207,0.2763699,0.2764,0.6020165,2.5374,1.0000000,1.0000,[],24
12.8737,19.6634,-19.0092,0.0051111,N#CC(C#N)=Cc1ccccc1Cl,1,c1ccccc1,0.0039672,340.0052,0.6365903,0.6366,0.6195419,2.3939,1.0000000,1.0000,[],24
36.7100,47.2003,-47.2003,0.0000000,c12cc3c(cc2ccc2ccccc21)-c1c2c(cc4c(c2)C(c2ccccc2-4)(C)C)cc2ccccc2c-31,0,,0.0000000,0.0000,0.0000000,0.0000,0.0000000,0.0000,0.0000000,0.0000,None,24
36.1005,47.6651,-32.0782,0.1217730,C(=Cc1ccc(N(c2ccccc2)c2ccccc2)cc1)C=C1C=CC(C=Cc2ccc(-c3ccc4ccccc4n3)o2)=N1,1,C(=Cc1ccc(N(c2ccccc2)c2ccccc2)cc1)C=C1C=CC(C=Cc2ccc(-c3ccc4ccccc4n3)o2)=N1,0.1165076,541.9962,0.1836872,0.1837,0.5365522,3.1130,1.0000000,1.0000,[],24
22.1714,32.5740,18.1820,0.3965308,C(=Cc1ccc(N(c2ccccc2)c2ccc(-c3cc4ccccc4c4ccccc34)cc2)cc1)c1ccc(N(c2ccccc2)c2ccccc2)cc1,1,C(=Cc1ccc(N(c2ccccc2)c2ccc(-c3cc4ccccc4c4ccccc34)cc2)cc1)c1ccc(N(c2ccccc2)c2ccccc2)cc1,0.4091914,396.0120,0.1098674,0.1099,0.6109926,2.4634,1.0000000,1.0000,[],24
45.5822,66.2534,-66.2534,0.0000000,C=CC(=O)OCCN(C)c1ccc(Nc2ccc3c(c2)N=CC(=Cc2ccc(N(CCCCCCCC)CCCCCCCC)cc2)C(=N)O3)cc1,1,N=C1Oc2ccc(Nc3ccccc3)cc2N=CC1=Cc1ccccc1,0.0000000,0.0000,0.0000000,0.0000,0.0000000,0.0000,0.0000000,0.0000,"['C(=[O,S])[O,S]']",24
27.8268,43.6206,68.5095,0.8760164,N#CC(C#N)=Cc1ccc(C=Cc2ccc(-c3nc(C=Cc4ccc(N(c5ccccc5)c5ccccc5)cc4)nc(N(c4ccccc4)c4ccccc4)n3)cc2)cc1,1,C(=Cc1ccc(-c2nc(C=Cc3ccc(N(c4ccccc4)c4ccccc4)cc3)nc(N(c3ccccc3)c3ccccc3)n2)cc1)c1ccccc1,0.9513857,432.2898,0.0901549,0.0902,0.5262442,3.2099,1.0000000,1.0000,[],24
36.1208,45.9123,-45.0915,0.0064122,CCn1c(-c2ccc(OC)cc2)c(-c2cc(N(c3ccccc3)c3ccccc3)ccn2)ccc1=O,1,O=c1ccc(-c2cc(N(c3ccccc3)c3ccccc3)ccn2)c(-c2ccccc2)[nH]1,0.0051870,342.9294,0.2534828,0.2535,0.6107515,2.4653,1.0000000,1.0000,[],24
22.3684,25.1997,-25.1607,0.0003052,Brc1cccc(-c2ccc3ccccc3n2)c1,1,c1ccc(-c2ccc3ccccc3n2)cc1,0.0002036,307.7216,0.6327539,0.6328,0.7201726,1.6413,1.0000000,1.0000,[],24
35.4286,55.1646,40.1607,0.7447287,Cc1c(C=Nc2ccc(C=C(C#N)C#N)c(C=Nc3ccccc3)c2C#N)c(=O)oc2ccccc12,1,O=c1oc2ccccc2cc1C=Nc1cccc(C=Nc2ccccc2)c1,0.7818752,413.8608,0.2049395,0.2049,0.5110200,3.3567,1.0000000,1.0000,[],24
36.4732,38.2589,-33.6196,0.0362446,Cc1ccc(-c2c(-c3ccccc3O)nc3ccccc3c2C(=O)Nc2ccc(Br)c(C)c2)cc1,1,O=C(Nc1ccccc1)c1c(-c2ccccc2)c(-c2ccccc2)nc2ccccc12,0.0321032,363.0180,0.2517378,0.2517,0.6305726,2.3056,1.0000000,1.0000,[],24
28.3937,32.3734,42.9638,0.5885719,O=c1c2ccccc2n(-c2ccccc2)c2ccc(-c3ccc4c(c3)c3ccccc3n4-c3ccccc3)cc12,1,O=c1c2ccccc2n(-c2ccccc2)c2ccc(-c3ccc4c(c3)c3ccccc3n4-c3ccccc3)cc12,0.6060335,404.6759,0.2171674,0.2172,0.6549306,2.1161,1.0000000,1.0000,[],24
35.6770,47.7009,-47.7009,0.0000000,c1(C=C2c3c(C=Cc4ccccc42)cccc3)cc(c(=C2c3ccccc3C=C2C)cc1)[N+]([O-])=O,0,,0.0000000,0.0000,0.0000000,0.0000,0.0000000,0.0000,0.0000000,0.0000,None,24
47.4696,60.1037,-60.1037,0.0000000,CCCCCCCCCCn1c2cc(C=C(C#N)C#N)c(I)cc2c2c3c4c(C=C5CCCCC5)ccc3c(cc21)C=CC=C4,1,C1=Cc2cc3[nH]c4ccccc4c3c3c(c(C=C4CCCCC4)ccc23)C=C1,0.0000000,0.0000,0.0000000,0.0000,0.0000000,0.0000,0.0000000,0.0000,['[*;r{8-17}]'],24
28.7657,33.3445,-0.5614,0.2561183,O=C1Cc2ccccc2-c2ccc3c(c21)C(=O)c1ccccc1-3,1,O=C1Cc2ccccc2-c2ccc3c(c21)C(=O)c1ccccc1-3,0.2461980,387.8507,0.4845112,0.4845,0.6427889,2.2097,1.0000000,1.0000,[],24
21.0421,34.7362,87.4947,0.9549292,CCN(CC)c1ccc(C=Cc2ccc3c(c2)C(=N)c2ccccc2C3=O)cc1,1,N=C1c2ccccc2C(=O)c2ccc(C=Cc3ccccc3)cc21,0.9870816,472.9214,0.4538271,0.4538,0.6045793,2.5161,1.0000000,1.0000,[],24
27.6327,38.3345,-25.1938,0.1026617,CCn1c2ccc(N(c3ccccc3)c3ccccc3)cc2c2ccc(-c3ccc(N(c4ccccc4)c4ccccc4)c4ccccc34)cc21,1,c1ccc(N(c2ccccc2)c2ccc3[nH]c4cc(-c5ccc(N(c6ccccc6)c6ccccc6)c6ccccc56)ccc4c3c2)cc1,0.0975747,375.8481,0.1613735,0.1614,0.5823221,2.7037,1.0000000,1.0000,[],24
22.9520,32.2673,84.8277,0.9148047,CCN(CC)c1ccc(C=CC(=O)c2ccc3c(c2)C(C)(C)CCN3C)cc1,1,O=C(C=Cc1ccccc1)c1ccc2c(c1)CCCN2,0.9413980,430.1465,0.4879386,0.4879,0.6020629,2.5370,1.0000000,1.0000,[],24
41.3275,54.0393,-54.0393,0.0000000,CCOC(=O)c1c(-c2ccccc2)cn2c(-c3ccccc3)c(-c3ccccc3)nc2c1C=Cc1cccc(N=[N+]=[N-])c1,1,C(=Cc1cc(-c2ccccc2)cn2c(-c3ccccc3)c(-c3ccccc3)nc12)c1ccccc1,0.0000000,0.0000,0.0000000,0.0000,0.0000000,0.0000,0.0000000,0.0000,"['C(=[O,S])[O,S]']",24
28.2248,27.4193,-26.7628,0.0051286,c1ccc2c(N3CC4(CCCCC4)C3)nccc2c1,1,c1ccc2c(N3CC4(CCCCC4)C3)nccc2c1,0.0039631,339.9940,0.7621539,0.7622,0.5887902,2.6484,1.0000000,1.0000,[],24
51.9407,61.8412,-59.7239,0.0165416,CCn1c2ccccc2c2cc(-c3ccc4c(c3-c3cccs3)=c3ccc(-c5cc6ccccc6c6c5ccc5ccccc56)cc3=4)ccc21,1,c1csc(-c2c(-c3ccc4[nH]c5ccccc5c4c3)ccc3c2=c2ccc(-c4cc5ccccc5c5c4ccc4ccccc45)cc2=3)c1,0.0142933,354.0346,0.1666222,0.1666,0.5339548,3.1372,1.0000000,1.0000,[],24
43.5913,51.4457,-51.4457,0.0000000,Cc1ccc(NN=C(c2nnc(-c3ccccc3)c(-c3ccccc3)n2)c2ccc(-n3c4ccccc4c4ccccc43)cc2C#N)c(C)c1,1,c1ccc(NN=C(c2ccc(-n3c4ccccc4c4ccccc43)cc2)c2nnc(-c3ccccc3)c(-c3ccccc3)n2)cc1,0.0000000,0.0000,0.0000000,0.0000,0.0000000,0.0000,0.0000000,0.0000,['[#7;!n][#7;!n]'],24
32.0735,40.4371,78.5133,0.9293007,CN(C)c1c(F)cc(C=C(C#N)c2ccc([N+](=O)[O-])cc2)c2ncccc12,1,C(=Cc1cccc2cccnc12)c1ccccc1,0.9730242,438.9287,0.2970096,0.2970,0.5791413,2.7310,1.0000000,1.0000,[],24
25.8160,36.6251,30.1802,0.5219166,CN(C)c1ccc(C=Cc2ccccc2N(c2ccc(C=Cc3ccccc3)cc2)c2ccc(C=Cc3ccc(N(c4ccccc4)c4ccccc4)cc3)cc2)cc1,1,C(=Cc1ccc(N(c2ccc(C=Cc3ccc(N(c4ccccc4)c4ccccc4)cc3)cc2)c2ccccc2C=Cc2ccccc2)cc1)c1ccccc1,0.5472524,402.0583,0.1083630,0.1084,0.5805227,2.7191,1.0000000,1.0000,[],24
19.3024,27.1427,-21.0806,0.0473604,N#CC(C#N)=Cc1ccc(-c2nnc(-c3ccccc3)o2)cc1,1,c1ccc(-c2nnc(-c3ccccc3)o2)cc1,0.0412141,365.8331,0.6856021,0.6856,0.6338671,2.2796,1.0000000,1.0000,[],24
55.9958,69.3443,48.3522,0.9195035,CCCN(CC)c1ccc(N=Nc2ccc3c(c2)C(=CO)C(=O)N3c2ccc(-n3nc4ccccc4c3CC)cc2)cc1,1,C=C1C(=O)N(c2ccc(-n3cc4ccccc4n3)cc2)c2ccc(N=Nc3ccccc3)cc21,0.9950493,462.4206,0.1089694,0.1090,0.5297785,3.1765,1.0000000,1.0000,[],24
24.9903,33.5635,41.5376,0.5867274,CCN1C(=O)C(=Cc2ccc3c(c2)c2ccccc2n3CC)c2ccccc21,1,O=C1Nc2ccccc2C1=Cc1ccc2[nH]c3ccccc3c2c1,0.5916305,404.0249,0.4256492,0.4256,0.6394986,2.2354,1.0000000,1.0000,[],24
33.3148,44.7750,-23.3198,0.1676188,N#CC(C#N)=Cc1ccc(-c2nc(-c3ccccc3)c(-c3ccc(F)cc3)cc2C#N)cc1C#N,1,c1ccc(-c2ccc(-c3ccccc3)c(-c3ccccc3)n2)cc1,0.1598469,381.9836,0.3338041,0.3338,0.5687998,2.8211,1.0000000,1.0000,[],24
39.5317,47.4684,-47.4684,0.0000000,N#CC(C#N)=CC=Cc1ccc(N2C(=O)CCN2C2CCC(F)(F)C2)cc1,1,O=C1CCN(C2CCCC2)N1c1ccccc1,0.0000000,0.0000,0.0000000,0.0000,0.0000000,0.0000,0.0000000,0.0000,['[#7;!n][#7;!n]'],24
24.7531,40.1865,1.7111,0.3273251,CCCCCCCCCCCCN(CCCCCCCCCCCC)c1ccc(C=Cc2ccc(NC(=O)c3cccc(N(c4ccccc4)c4ccccc4)c3)cc2)cc1,1,O=C(Nc1ccc(C=Cc2ccccc2)cc1)c1cccc(N(c2ccccc2)c2ccccc2)c1,0.3468026,393.1259,0.0370323,0.0370,0.5523161,2.9682,1.0000000,1.0000,[],24
13.6089,20.1614,-19.4520,0.0055422,Cc1ccccc1C=C(C#N)C#N,1,c1ccccc1,0.0043272,340.9521,0.6043741,0.6044,0.6199610,2.3905,1.0000000,1.0000,[],24
18.8615,27.5158,-0.2277,0.2131882,c1ccc(N(c2ccccc2)c2ccc3c(c2)c2ccccc2c2ccc(N(c4ccccc4)c4ccccc4)cc23)cc1,1,c1ccc(N(c2ccccc2)c2ccc3c(c2)c2ccccc2c2ccc(N(c4ccccc4)c4ccccc4)cc23)cc1,0.2089802,385.5479,0.1859993,0.1860,0.6743797,1.9698,1.0000000,1.0000,[],24
24.1550,34.5523,-13.0296,0.1681465,Fc1ccc(N(c2ccccc2)c2ccc(-c3ccccc3C=Cc3ccc(N(c4ccccc4)c4ccccc4)cc3)cc2)cc1,1,C(=Cc1ccccc1-c1ccc(N(c2ccccc2)c2ccccc2)cc1)c1ccc(N(c2ccccc2)c2ccccc2)cc1,0.1641327,382.3264,0.1504618,0.1505,0.6258686,2.3431,1.0000000,1.0000,[],24
28.5475,35.1386,-33.6227,0.0118430,C=CC(=C)CCC1CCN(c2ccc3ccccc3n2)CC1,1,c1ccc2nc(N3CCCCC3)ccc2c1,0.0095705,349.6278,0.7229722,0.7230,0.6166553,2.4172,1.0000000,1.0000,[],24
53.8497,62.7781,-62.7781,0.0000000,c1cccc2c(-c3ccccn3)cc3sc(N=C4C=CC(=CC4=O)N=Nc4c(C)cccc4C(C)C)c3c21,0,,0.0000000,0.0000,0.0000000,0.0000,0.0000000,0.0000,0.0000000,0.0000,None,24
20.6375,33.4856,5.6031,0.3053801,Cc1ccc2sc(C=Cc3ccc(N(c4ccccc4)c4ccccc4)cc3)cc2c1,1,C(=Cc1cc2ccccc2s1)c1ccc(N(c2ccccc2)c2ccccc2)cc1,0.3017226,390.8895,0.2759273,0.2759,0.6301921,2.3087,1.0000000,1.0000,[],24
33.1723,55.3893,44.0358,0.7767581,N#CC(C#N)=Cc1ccc(-c2ncc(C=Cc3c(-c4ccccc4)c4ccccc4n3-c3cccc4ccccc34)s2)s1,1,C(=Cc1c(-c2ccccc2)c2ccccc2n1-c1cccc2ccccc12)c1cnc(-c2cccs2)s1,0.8197600,503.5541,0.1821242,0.1821,0.5291972,3.1820,1.0000000,1.0000,[],24
35.2189,50.6819,67.9153,0.9265405,CCN(CC)c1cccc(C=Nc2c(C)cc(C)cc2C=C2C=Cc3cc(C)ccc3C2=O)c1,1,O=C1C(=Cc2ccccc2N=Cc2ccccc2)C=Cc2ccccc21,0.9719120,438.4777,0.2887850,0.2888,0.5496397,2.9925,1.0000000,1.0000,[],24
39.8122,51.7171,-51.7171,0.0000000,Brc1cc2cc(C=c3c([nH]c(=c4ccc(N(CC)CC)cc4)c3=C=O)=O)ccc2cc1,0,,0.0000000,0.0000,0.0000000,0.0000,0.0000000,0.0000,0.0000000,0.0000,None,24
19.4521,23.5511,-23.4652,0.0006713,CCC(N)c1ccc(N(CC)CC)cc1,1,c1ccccc1,0.0004649,316.6898,0.8022596,0.8023,0.6149346,2.4312,1.0000000,1.0000,[],24
30.8440,42.9253,23.7948,0.5212510,CC(=O)N(C)c1ccc2c(C=C(C#N)C#N)c(-c3ccc(N(C)C)cc3)c(=O)oc2c1,1,O=c1oc2ccccc2cc1-c1ccccc1,0.5220965,519.0397,0.4751341,0.4751,0.5545728,2.9478,1.0000000,1.0000,[],24
25.2974,44.7202,70.9096,0.9033582,COc1ccc(C=Cc2ccc(C=C(C#N)C#N)cc2)c(N=Cc2ccc(N(c3ccccc3)c3ccccc3)cc2)c1,1,C(=Cc1ccccc1N=Cc1ccc(N(c2ccccc2)c2ccccc2)cc1)c1ccccc1,0.9773823,440.8904,0.1029383,0.1029,0.5572767,2.9235,1.0000000,1.0000,[],24
38.5747,52.1457,33.0633,0.6656952,CNc1ccc2c(c1)C(C)(C)c1cc(C=Cc3ccc(C=C(C#N)C=Cc4ccc(C=C(C#N)C#N)s4)cc3)ccc1-2,1,C(C=Cc1cccs1)=Cc1ccc(C=Cc2ccc3c(c2)Cc2ccccc2-3)cc1,0.7036359,510.6119,0.1386443,0.1386,0.5033703,3.4321,1.0000000,1.0000,[],24
44.3811,56.7294,-56.7294,0.0000000,CCCCCCCCCCCCN1C(=CC=CC=CC2=C(C=Cc3ccc(Nc4ccccc4)s3)c3ccccc3C2(C)C)C(=O)c2ccccc21,1,O=C1C(=CC=CC=CC2=C(C=Cc3ccc(Nc4ccccc4)s3)c3ccccc3C2)Nc2ccccc21,0.0000000,743.9084,0.0634983,0.0635,0.4887906,3.5791,1.0000000,1.0000,[],24
32.1530,44.3431,66.8692,0.8688462,N#CC(C#N)=Cc1cc2cc(-n3c4ccccc4c4ccccc43)ccc3c4ccccc4n(-c4ccccc4)c1c23,1,c1ccc(-n2c3ccccc3c3ccc(-n4c5ccccc5c5ccccc54)cc4ccc2c43)cc1,0.9167137,493.9585,0.2119941,0.2120,0.5643618,2.8603,1.0000000,1.0000,[],24
35.4239,54.0082,64.1020,0.9227357,N#CC(C#N)=Cc1cc(-c2cc3oc4c(-c5ccc(N(c6ccccc6)c6ccccc6)cc5)c(C=C(C#N)C#N)ccc4c3c3ccccc23)cs1,1,c1ccc(N(c2ccccc2)c2ccc(-c3cccc4c3oc3cc(-c5ccsc5)c5ccccc5c34)cc2)cc1,0.9895605,449.4190,0.1533996,0.1534,0.4916078,3.5504,1.0000000,1.0000,[],24
24.9360,27.2668,-23.4343,0.0299414,COc1ccc(-c2ccccc2)c2c(C=O)cccc12,1,c1ccc(-c2cccc3ccccc23)cc1,0.0254297,360.4132,0.6566689,0.6567,0.6821666,1.9124,1.0000000,1.0000,[],25
22.6279,32.7241,-32.7241,0.0000000,CCn1c2ccc(N)cc2c2cc(C=C(C#N)C(=O)O)ccc21,1,c1ccc2c(c1)[nH]c1ccccc12,0.0000000,0.0000,0.0000000,0.0000,0.0000000,0.0000,0.0000000,0.0000,"['C(=[O,S])[O,S]']",25
21.7649,22.7732,-22.6166,0.0012233,Brc1sc(-c2ccccc2)nc1-c1ccccc1,1,c1ccc(-c2csc(-c3ccccc3)n2)cc1,0.0008791,323.6106,0.6298822,0.6299,0.6839058,1.8997,1.0000000,1.0000,[],25
23.9100,31.4447,73.7106,0.8215256,CCCCCCCCC=CC=CC=CC=CC=CC=CC=Cc1ccc2c(c1)OCO2,1,c1ccc2c(c1)OCO2,0.8636323,499.9596,0.2234089,0.2234,0.5392392,3.0880,1.0000000,1.0000,[],25
25.0418,35.0197,78.4103,0.8861714,COc1ccc2cc(C=Cc3ccc(C=O)cc3)ccc2c1C=C(C#N)C#N,1,C(=Cc1ccc2ccccc2c1)c1ccccc1,0.9202901,426.5603,0.3514354,0.3514,0.5897865,2.6400,1.0000000,1.0000,[],25
19.2398,35.0625,82.9849,0.9222451,CCN(CC)c1ccc(C=C[n+]2ccc(C=Cc3cccc(N(c4ccccc4)c4ccccc4)c3)cc2)cc1,1,C(=C[n+]1ccc(C=Cc2cccc(N(c3ccccc3)c3ccccc3)c2)cc1)c1ccccc1,0.9832214,475.8026,0.1693501,0.1694,0.5600188,2.8989,1.0000000,1.0000,[],25
31.4909,46.1459,67.2007,0.8855203,CCN(CC)c1cc(C=CC=Cc2ccc(OC)cc2)ccc1N=Nc1ccc(N(c2ccccc2)c2ccccc2)cc1,1,C(C=Cc1ccc(N=Nc2ccc(N(c3ccccc3)c3ccccc3)cc2)cc1)=Cc1ccccc1,0.9552063,486.7780,0.1091815,0.1092,0.5598678,2.9003,1.0000000,1.0000,[],25
34.3104,37.7655,-37.6168,0.0011616,CNC(=O)c1c(-c2ccc(Cl)cc2)oc2ccc(-c3cccc(N(C)S(C)(=O)=O)c3)cc12,1,c1ccc(-c2ccc3oc(-c4ccccc4)cc3c2)cc1,0.0008439,323.1668,0.4375815,0.4376,0.6183077,2.4038,1.0000000,1.0000,[],25
19.1792,25.4536,77.7568,0.8063313,CN(C)c1nc2ccccc2nc1[N+](=O)[O-],1,c1ccc2nccnc2c1,0.8200099,416.4643,0.5651443,0.5651,0.6180573,2.4059,1.0000000,1.0000,[],25
47.8322,65.3472,16.8690,0.6423143,CCCCCCCCN(c1ccc(C=C(C#N)c2ccccc2)cc1)c1ccc(C(F)(F)F)c(-c2cc(Cl)ccc2Cl)c1,1,C(=Cc1ccc(Nc2cccc(-c3ccccc3)c2)cc1)c1ccccc1,0.6852997,408.4496,0.0894086,0.0894,0.5701461,2.8093,1.0000000,1.0000,[],25
39.6209,52.9655,56.9369,0.8586127,CCN(CC)c1ccc(C=Cc2ccc(-c3ccc(C=Nc4ccc(C=Cc5ccc(NC(=O)c6ccccc6)c(OC)c5)cc4)o3)cc2)cc1,1,O=C(Nc1ccc(C=Cc2ccc(N=Cc3ccc(-c4ccc(C=Cc5ccccc5)cc4)o3)cc2)cc1)c1ccccc1,0.9278732,427.7348,0.0980037,0.0980,0.5588462,2.9094,1.0000000,1.0000,[],25
47.0808,68.9149,3.5149,0.5658579,O=C(Nc1ccc(Br)cc1)c1ccc(N2c3ccccc3C=Cc3cc(-c4cc(C=Cc5ccccc5)c5cc(C=CC=Cc6ccccc6)ccc5n4)ccc32)cc1,1,O=C(Nc1ccccc1)c1ccc(N2c3ccccc3C=Cc3cc(-c4cc(C=Cc5ccccc5)c5cc(C=CC=Cc6ccccc6)ccc5n4)ccc32)cc1,0.5915036,404.0192,0.1475071,0.1475,0.5178139,3.2907,1.0000000,1.0000,[],25
23.9258,38.5659,82.9286,0.9491756,CCN(CC)c1ccc(C=CC=Cc2ccc3c(c2)C(=O)N(c2ccccc2)C3=O)cc1,1,O=C1c2ccc(C=CC=Cc3ccccc3)cc2C(=O)N1c1ccccc1,0.9890636,448.9087,0.3432062,0.3432,0.6177977,2.4080,1.0000000,1.0000,[],25
30.1174,36.8950,-20.2684,0.1298950,[N-]=[N+]=NS(=O)(=O)c1cc(C=Cc2cccs2)ccc1N,1,C(=Cc1cccs1)c1ccccc1,0.1215658,378.5276,0.4037336,0.4037,0.5520040,2.9710,1.0000000,1.0000,[],25
36.1141,46.0826,-46.0826,0.0000000,C=CCN1C(=O)C(=Cc2sc(N3c4ccccc4C(=C)C3c3ccccc3)nc2C)SC1=S,1,C=C1c2ccccc2N(c2ncc(C=C3SC(=S)NC3=O)s2)C1c1ccccc1,0.0000000,0.0000,0.0000000,0.0000,0.0000000,0.0000,0.0000000,0.0000,"['C(=[O,S])[O,S]']",25
58.0775,55.5119,-55.5119,0.0000000,C=Cc1ccccc1C=Cc1ccc(NS(C)(=O)=O)c(-c2ncc(-c3cccc(C(=O)O)c3)s2)c1,1,C(=Cc1cccc(-c2ncc(-c3ccccc3)s2)c1)c1ccccc1,0.0000000,0.0000,0.0000000,0.0000,0.0000000,0.0000,0.0000000,0.0000,"['C(=[O,S])[O,S]']",25
39.6492,51.0838,-51.0838,0.0000000,c12c3ccc4c5c(ccc6c(c(ccc6c54)C=C2)-c2ccc(cc2)C=C(C#N)C#N)c3C=C1,0,,0.0000000,0.0000,0.0000000,0.0000,0.0000000,0.0000,0.0000000,0.0000,None,25
17.4183,27.3482,80.0351,0.8389320,N#CC(C#N)=Cc1ccc(-c2ccc3ccccc3c2)s1,1,c1csc(-c2ccc3ccccc3c2)c1,0.8525097,419.0484,0.6223285,0.6223,0.6124756,2.4512,1.0000000,1.0000,[],25
35.1819,42.9926,78.1175,0.9461720,O=c1cc2ccccc2c(-c2ccccc2)c2cc(-c3nc4ccccc4s3)ccc12,1,O=c1cc2ccccc2c(-c2ccccc2)c2cc(-c3nc4ccccc4s3)ccc12,0.9892659,470.8863,0.2969806,0.2970,0.6486998,2.1639,1.0000000,1.0000,[],25
59.5500,77.2778,-77.2778,0.0000000,c1c(cccc1S(=O)(=O)C(F)(F)C(F)(C(C(F)(C(C(C(F)(C(C(F)(C(c1ccccc1)(C(N(C)C)=O)c1ccccc1)F)(F)F)F)=O)(F)F)(F)F)F)(F)F)C=Cc1ccc(N(C)C)cc1,0,,0.0000000,0.0000,0.0000000,0.0000,0.0000000,0.0000,0.0000000,0.0000,None,25
25.9722,46.6127,-46.6127,0.0000000,c12ccccc2n2c3c(C=Cc4ccccc43)c3cccc(c32)c1C=Cc1ccc(N(c2ccccc2)c2ccccc2)cc1,0,,0.0000000,0.0000,0.0000000,0.0000,0.0000000,0.0000,0.0000000,0.0000,None,25
41.8127,60.8893,-60.8893,0.0000000,c1cc2c3c(Oc4ccccc4C3=C=C=c2cc1)=[N+]=c1c2ccccc2c(-c2ccccc2)c(-c2ccccc2)c1-c1ccccc1,0,,0.0000000,0.0000,0.0000000,0.0000,0.0000000,0.0000,0.0000000,0.0000,None,25
33.7327,42.2551,49.7017,0.7184123,C=CCOc1c2ccccc2c(C=C(C#N)C#N)c2ccc(N(CCCC)c3ccccc3)cc12,1,c1ccc(Nc2ccc3cc4ccccc4cc3c2)cc1,0.7595770,507.5101,0.1454217,0.1454,0.5592214,2.9060,1.0000000,1.0000,[],25
28.2469,36.4336,-31.3778,0.0394983,CCc1cccc2c1c(N(c1ccccc1)c1ccc3ccccc3c1)cc1ccccc12,1,c1ccc(N(c2ccc3ccccc3c2)c2cc3ccccc3c3ccccc23)cc1,0.0351233,364.0281,0.2554408,0.2554,0.6342247,2.2768,1.0000000,1.0000,[],25
25.0397,36.9362,82.2688,0.9312885,N#CC(C#N)=Cc1ccc(N(c2ccc(N(c3ccccc3)c3ccc4ccccc4c3)cc2)c2ccc3ccccc3c2)cc1,1,c1ccc(N(c2ccc(N(c3ccccc3)c3ccc4ccccc4c3)cc2)c2ccc3ccccc3c2)cc1,0.9913146,451.4356,0.1738298,0.1738,0.5942629,2.6022,1.0000000,1.0000,[],25
25.2067,48.0455,-43.5785,0.0348987,N#CC(C#N)=Cc1ccc2c(c1)c(C=C1C=Cc3c(ccc4ccccc34)C1=O)c1ccccn12,1,O=C1C(=Cc2c3ccccc3n3ccccc23)C=Cc2c1ccc1ccccc21,0.0311014,557.3375,0.2167145,0.2167,0.5364981,3.1135,1.0000000,1.0000,[],25
23.7600,24.4092,-24.4071,0.0000169,CCCCCCCCCCCC[N+](CC)(CC)CCc1ccccc1,1,c1ccccc1,0.0000101,275.0577,0.2230171,0.2230,0.6282690,2.3239,1.0000000,1.0000,[],25
42.4679,51.9378,-40.6833,0.0879264,CN(C)c1ccc(-c2c(C=Nc3ccn4nc(-c5ccco5)nc4c3)nc(-c3ccccc3)n2C)cc1,1,C(=Nc1ccn2nc(-c3ccco3)nc2c1)c1nc(-c2ccccc2)[nH]c1-c1ccccc1,0.0816554,373.7245,0.2745656,0.2746,0.5354180,3.1235,1.0000000,1.0000,[],25
31.2617,41.3870,-3.1471,0.2987486,CCN(CC)c1ccc(C=c2ccc(=CC=Cc3ccc4ccc5ccccc5c4c3)cc2)cc1,1,C(=Cc1ccc2ccc3ccccc3c2c1)C=c1ccc(=Cc2ccccc2)cc1,0.2966115,529.3752,0.2465476,0.2465,0.5604231,2.8953,1.0000000,1.0000,[],25
30.4696,35.7588,-34.5861,0.0091620,CC1(C)c2ccccc2-c2ccc(-c3ccccc3N3c4ccccc4C(C)(C)C3(C)C)cc21,1,c1ccc2c(c1)Cc1cc(-c3ccccc3N3CCc4ccccc43)ccc1-2,0.0075178,346.9842,0.2989073,0.2989,0.5914780,2.6257,1.0000000,1.0000,[],25
24.9664,27.6261,-24.1252,0.0273505,N#CC1=C2Nc3ccccc3C2c2ccccc2C1=O,1,O=C1C=C2Nc3ccccc3C2c2ccccc21,0.0231004,359.3442,0.7889608,0.7890,0.5379912,3.0996,1.0000000,1.0000,[],25
38.2949,50.8629,57.8962,0.8496804,CCCCCCN(CCCCCC)c1ccc(C=Cc2ccc(N=Cc3ccc(N(CCC#N)c4ccc(N(C)C)cc4)cc3)cc2Cl)cc1,1,C(=Cc1ccc(N=Cc2ccc(Nc3ccccc3)cc2)cc1)c1ccccc1,0.9369488,429.3006,0.0526814,0.0527,0.5294083,3.1800,1.0000000,1.0000,[],25
29.0459,51.5432,-51.4941,0.0003835,C=c1c(=Cc2cc(C=C(C#N)C#N)c(C=C(C#N)C#N)s2)ccc2cc(N(C)C)ccc12,1,C=c1c(=Cc2cccs2)ccc2ccccc12,0.0002622,609.5314,0.5800896,0.5801,0.4575019,3.9099,1.0000000,1.0000,[],25
14.2516,20.0718,-20.0717,0.0000009,C=CCNC(=NC)NC#N,1,,0.0000005,242.1642,0.1828176,0.1828,0.5080653,3.3857,1.0000000,1.0000,[],25
37.7464,46.9003,-41.6695,0.0408656,N#CC(=Cc1cc(F)cc(F)c1)c1nc(C#N)c(-c2ccc(F)c(F)c2)s1,1,C(=Cc1ncc(-c2ccccc2)s1)c1ccccc1,0.0358468,364.2576,0.4538924,0.4539,0.5573308,2.9230,1.0000000,1.0000,[],25
27.6416,39.1126,82.4401,0.9496300,CCn1c2c(c3cc4ccccc4cc31)C=CC(=O)C2=C=O,1,C=C1C(=O)C=Cc2c1[nH]c1cc3ccccc3cc21,0.9800135,442.2624,0.5062402,0.5062,0.5465916,3.0203,1.0000000,1.0000,[],25
29.6922,49.4486,70.4392,0.9366241,N#CC(C#N)=Cc1ccc2c(c1)C=Cc1ccc(C=CC3c4ccccc4-c4ccccc43)cc1N2c1ccccc1,1,C(=CC1c2ccccc2-c2ccccc21)c1ccc2c(c1)N(c1ccccc1)c1ccccc1C=C2,0.9934449,465.4858,0.2110963,0.2111,0.5335994,3.1405,1.0000000,1.0000,[],25
28.7664,41.1178,76.4459,0.9184668,N#CC(C#N)=Cc1c(-c2ccccc2)sc(-c2ccc(N(c3ccccc3)c3ccccc3)cc2)c1-c1ccc(C=O)s1,1,c1ccc(-c2cc(-c3cccs3)c(-c3ccc(N(c4ccccc4)c4ccccc4)cc3)s2)cc1,0.9876986,447.6167,0.1308030,0.1308,0.5414858,3.0672,1.0000000,1.0000,[],25
49.1030,66.2719,-66.2719,0.0000000,CCCCCCCCCCN(CC)c1ccc(C=CC=CC2=C3C(=O)C4(OOC3(C)CC=C2)C2CC3CC(C2)CC4C3)cc1,1,O=C1C2=C(C=CC=Cc3ccccc3)C=CCC2OOC12C1CC3CC(C1)CC2C3,0.0000000,0.0000,0.0000000,0.0000,0.0000000,0.0000,0.0000000,0.0000,['[#8][#8]'],25
24.5515,37.1743,86.9594,0.9697944,N#CC(C#N)=Cc1cc2sc3c(c2cc1C=C(C#N)C#N)CCC3,1,c1ccc2c3c(sc2c1)CCC3,0.9907883,450.7911,0.7705780,0.7706,0.4950708,3.5153,1.0000000,1.0000,[],25
12.7813,21.0095,102.8649,0.9677688,CCN(CC)c1ccc(C=C(C#N)C#N)cc1,1,c1ccccc1,0.9854010,445.7322,0.7400761,0.7401,0.6138330,2.4402,1.0000000,1.0000,[],25
27.5756,44.7907,62.7346,0.8400415,N#CC(=Cc1c(C2CCCC2)c2ccc(N(c3ccccc3)c3ccccc3)cc2c2ccccc12)c1ccccc1,1,C(=Cc1c(C2CCCC2)c2ccc(N(c3ccccc3)c3ccccc3)cc2c2ccccc12)c1ccccc1,0.9003605,423.8996,0.1193066,0.1193,0.5824521,2.7025,1.0000000,1.0000,[],25
30.8684,45.4831,-20.8317,0.1925890,CCN(CC)c1ccc(C=Nc2ccc(C(=O)Nc3c(C=Cc4ccccc4)cccc3N=C=O)cc2)cc1,1,O=C(Nc1ccccc1C=Cc1ccccc1)c1ccc(N=Cc2ccccc2)cc1,0.1904334,384.2873,0.1340079,0.1340,0.5663516,2.8427,1.0000000,1.0000,[],25
21.6191,33.1433,27.6100,0.4746353,N#CC(C#N)=Cc1ccc(-c2ccc(C3=Cc4ccccc4C3=O)cc2)cc1,1,O=C1C(c2ccc(-c3ccccc3)cc2)=Cc2ccccc21,0.4692104,398.6611,0.5789855,0.5790,0.6081855,2.4864,1.0000000,1.0000,[],25
31.0242,41.8560,-41.8560,0.0000000,N#CC(C#N)=Cc1cccc(N(c2ccccc2)c2ccc(-c3ccc(-c4ccc(C=C(C#N)C(=O)O)o4)cc3)cc2)c1,1,c1ccc(N(c2ccccc2)c2ccc(-c3ccc(-c4ccco4)cc3)cc2)cc1,0.0000000,0.0000,0.0000000,0.0000,0.0000000,0.0000,0.0000000,0.0000,"['C(=[O,S])[O,S]']",25
29.0817,33.3598,89.5288,0.9600677,CC1=C(C)c2ccccc2C1=Cc1cc[n+](CC(=O)c2ccccc2)cc1,1,O=C(C[n+]1ccc(C=C2C=Cc3ccccc32)cc1)c1ccccc1,0.9919710,467.7041,0.4666244,0.4666,0.5997102,2.5565,1.0000000,1.0000,[],25
19.8833,33.5143,78.9862,0.8789098,O=C1c2ccc(C=Cc3ccc(N(c4ccccc4)c4ccccc4)cc3)cc2C(=O)N1Cc1ccccc1,1,O=C1c2ccc(C=Cc3ccc(N(c4ccccc4)c4ccccc4)cc3)cc2C(=O)N1Cc1ccccc1,0.9330695,428.6072,0.1652896,0.1653,0.6294097,2.3149,1.0000000,1.0000,[],25
23.8461,28.0558,-27.1470,0.0071001,c1ccc(-c2cc3c4ccccc4c4ccccc4c3c3ccccc23)cc1,1,c1ccc(-c2cc3c4ccccc4c4ccccc4c3c3ccccc23)cc1,0.0057482,344.0510,0.2626346,0.2626,0.7184418,1.6534,1.0000000,1.0000,[],25
25.2136,43.4503,35.1705,0.6142256,CCn1c2ccccc2c2cccc(-c3cc(C=C(C#N)C#N)cc(C=C(C#N)C#N)c3)c21,1,c1ccc(-c2cccc3c2[nH]c2ccccc23)cc1,0.6264814,405.6149,0.3573044,0.3573,0.5416243,3.0659,1.0000000,1.0000,[],25
28.1541,38.4461,82.8665,0.9477552,CCCCN(c1ccc(C=C(C#N)C#N)cc1)c1ccc(C#N)c(SC)c1,1,c1ccc(Nc2ccccc2)cc1,0.9802534,442.3961,0.4636356,0.4636,0.5584338,2.9131,1.0000000,1.0000,[],25
12.3364,22.4493,19.5475,0.3281001,C(=Cc1ccc(N(c2ccccc2)c2ccccc2)cc1)c1ccc(N(c2ccccc2)c2ccccc2)cc1,1,C(=Cc1ccc(N(c2ccccc2)c2ccccc2)cc1)c1ccc(N(c2ccccc2)c2ccccc2)cc1,0.3287228,392.2482,0.1863859,0.1864,0.7002966,1.7813,1.0000000,1.0000,[],25
26.7204,40.0582,-40.0582,0.0000000,c1c(C)cc2c3cccc4c3c(CC4)c2c1C=C(C#N)C#N,0,,0.0000000,0.0000,0.0000000,0.0000,0.0000000,0.0000,0.0000000,0.0000,None,25
28.6595,42.8424,8.6364,0.4021782,CCN(CC)c1ccc(C=Cc2ccc(N(CC)c3ccc(-c4ccc(-c5ccc(C)cc5C)s4)cc3)cc2)cc1,1,C(=Cc1ccc(Nc2ccc(-c3ccc(-c4ccccc4)s3)cc2)cc1)c1ccccc1,0.4110083,396.0935,0.1578609,0.1579,0.5829245,2.6985,1.0000000,1.0000,[],25
25.3782,27.7881,-27.7881,0.0000000,O=[N+]([O-])c1cccc(C=NN=Cc2ccccc2Oc2ccccc2)c1,1,C(=NN=Cc1ccccc1Oc1ccccc1)c1ccccc1,0.0000000,0.0000,0.0000000,0.0000,0.0000000,0.0000,0.0000000,0.0000,['[#7;!n][#7;!n]'],25
27.4165,39.1567,72.2794,0.8705941,Cc1ccc2c(c1)N(c1ccc(C=C(C#N)C=C(C#N)C#N)cc1)c1ccccc1C2(C)C,1,c1ccc(N2c3ccccc3Cc3ccccc32)cc1,0.9061248,495.3841,0.3341929,0.3342,0.5474692,3.0122,1.0000000,1.0000,[],25
49.5619,56.4223,-56.4223,0.0000000,CN(C)c1ccc(C2=NN(C)C(c3ccc([N+](=O)[O-])cc3)C2c2c(Nc3ccc([N+](=O)[O-])cc3F)c(=O)c2=O)cc1,1,O=c1c(Nc2ccccc2)c(C2C(c3ccccc3)=NNC2c2ccccc2)c1=O,0.0000000,0.0000,0.0000000,0.0000,0.0000000,0.0000,0.0000000,0.0000,['[#7;!n][#7;!n]'],25
21.7381,21.5702,-21.5643,0.0000465,Cc1cc(N=[N+]=[N-])no1,1,c1cnoc1,0.0000289,286.5331,0.3255140,0.3255,0.4930240,3.5360,1.0000000,1.0000,[],25
26.4242,33.5537,-33.5537,0.0000000,Nc1ncc(C#Cc2ccc3c(c2)C(=O)C=C3)cn1,1,O=C1C=Cc2ccc(C#Cc3cncnc3)cc21,0.0000000,0.0000,0.0000000,0.0000,0.0000000,0.0000,0.0000000,0.0000,['C#C'],25
33.5235,38.9567,65.3482,0.8148815,CCNc1ccc(C=CC=CC=Cc2ccc3cc(S(=O)(=O)O)ccc3c2)cc1,1,C(=CC=Cc1ccc2ccccc2c1)C=Cc1ccccc1,0.8397477,417.9836,0.3849709,0.3850,0.6018834,2.5385,1.0000000,1.0000,[],25
22.4975,29.3590,-29.0309,0.0025633,CN(C)c1ccc(C=C=Cc2ccccc2O)cc1,1,C(=Cc1ccccc1)=Cc1ccccc1,0.0019036,332.0103,0.8390176,0.8390,0.5942651,2.6021,1.0000000,1.0000,[],25
46.1148,55.8364,63.2865,0.9306482,COc1cc(N=Nc2ccc3ccc4cccc5ccc2c3c45)ccc1C(C#N)=C(Cl)C#N,1,c1ccc(N=Nc2ccc3ccc4cccc5ccc2c3c45)cc1,0.9954113,461.5922,0.1590960,0.1591,0.5390969,3.0893,1.0000000,1.0000,[],25
27.9737,32.7221,50.6248,0.6511477,C=CCN(CC=C)c1ccc(C=Cc2nccc3ccccc23)cc1,1,C(=Cc1nccc2ccccc12)c1ccccc1,0.6566790,407.0413,0.5266061,0.5266,0.5990652,2.5619,1.0000000,1.0000,[],25
21.8777,29.0189,-27.5496,0.0114783,c1ccc(N(c2ccccc2)c2ccc(-c3ccc(N(c4ccccc4)c4ccc(C5c6ccccc6-c6ccccc65)cc4)cc3)cc2)cc1,1,c1ccc(N(c2ccccc2)c2ccc(-c3ccc(N(c4ccccc4)c4ccc(C5c6ccccc6-c6ccccc65)cc4)cc3)cc2)cc1,0.0097039,349.7796,0.1611521,0.1612,0.6354517,2.2671,1.0000000,1.0000,[],25
54.6032,59.0102,-59.0102,0.0000000,c1(CC)oc(cc(c1)=O)C=c1sc(=CC(CC)=C2Oc3c(cccc3)N2CC)n(CC)c1=,0,,0.0000000,0.0000,0.0000000,0.0000,0.0000000,0.0000,0.0000000,0.0000,None,25
39.5251,36.7504,-36.5285,0.0017339,Cc1cccc(Nc2cccc(CCc3nnc(-c4ccccc4)o3)c2)c1,1,c1ccc(Nc2cccc(CCc3nnc(-c4ccccc4)o3)c2)cc1,0.0012797,327.6919,0.4908399,0.4908,0.6703019,2.0001,1.0000000,1.0000,[],26
40.4786,54.9074,-54.9074,0.0000000,CCc1c2cc(C(=O)OCc3ccc(F)cc3)ccc2nc2ccc(N=Nc3ccc(N(CC)CC)cc3)c(-c3ccccc3)c12,1,O=C(OCc1ccccc1)c1ccc2nc3ccc(N=Nc4ccccc4)c(-c4ccccc4)c3cc2c1,0.0000000,0.0000,0.0000000,0.0000,0.0000000,0.0000,0.0000000,0.0000,"['C(=[O,S])[O,S]']",26
32.3491,32.1391,-32.1391,0.0000000,CC(=NNc1nc2ccccc2c(=O)n1CC(C)C)c1ccc(F)cc1,1,O=c1[nH]c(NN=Cc2ccccc2)nc2ccccc12,0.0000000,0.0000,0.0000000,0.0000,0.0000000,0.0000,0.0000000,0.0000,['[#7;!n][#7;!n]'],26
25.8386,30.2381,-29.6102,0.0049059,N#Cc1ccc(-c2nc3ccccc3nc2-c2cccc(C#N)c2)cc1,1,c1ccc(-c2nc3ccccc3nc2-c2ccccc2)cc1,0.0038166,339.5834,0.5327661,0.5328,0.6555569,2.1114,1.0000000,1.0000,[],26
40.0684,53.7320,65.3343,0.9302055,COc1ccc(C=Cc2cccc3c2C(C=Cc2ccccc2)=C(c2ccc(C=C(C#N)C#N)cc2)C3=O)cc1OC,1,O=C1C(c2ccccc2)=C(C=Cc2ccccc2)c2c(C=Cc3ccccc3)cccc21,0.9934543,465.4702,0.1645828,0.1646,0.5493425,2.9952,1.0000000,1.0000,[],26
33.0008,50.7988,39.0152,0.7016719,CC(F)(F)c1c2ccccc2c(-c2ccc(C=C(C#N)C#N)cc2)c2cc(Cl)ccc12,1,c1ccc(-c2c3ccccc3cc3ccccc23)cc1,0.7280845,410.6937,0.2460933,0.2461,0.5840113,2.6892,1.0000000,1.0000,[],26
25.4380,45.9001,72.8169,0.9274764,CCN(CC)c1ccc(C=NC(=NC)NC#N)c(C=Cc2ccc(N(C)CCO)cc2)c1,1,C(=Cc1ccccc1)c1ccccc1,0.9843526,444.9677,0.2078174,0.2078,0.5175614,3.2931,1.0000000,1.0000,[],26
39.4938,63.6749,-63.6749,0.0000000,c12c(c(=O)n3c(n2)cccc3)cc(C=C2C=c3c(ccc(c3)C=C(C#N)=C(C#N)C#N)C2=O)cc1,0,,0.0000000,0.0000,0.0000000,0.0000,0.0000000,0.0000,0.0000000,0.0000,None,26
30.2726,36.0311,-36.0311,0.0000000,CCN(CC)c1ccc(C=Nc2cccc(OC(=O)c3ccccc3)c2OC)cc1,1,O=C(Oc1cccc(N=Cc2ccccc2)c1)c1ccccc1,0.0000000,0.0000,0.0000000,0.0000,0.0000000,0.0000,0.0000000,0.0000,"['C(=[O,S])[O,S]']",26
34.8238,33.6471,-33.5569,0.0007051,Cc1c([N+](=O)[O-])cc(Cl)cc1S(=O)(=O)N1CCc2sccc2C1,1,O=S(=O)(c1ccccc1)N1CCc2sccc2C1,0.0004940,317.3495,0.6107046,0.6107,0.6026818,2.5318,1.0000000,1.0000,[],26
27.7594,49.7083,69.4490,0.9309167,CCN(CC)c1ccc(N=CC2=C(c3ccccc3)N=C(C)C2c2ccc(-n3c4ccccc4c4ccccc43)cc2)cc1,1,C1=NC(c2ccccc2)=C(C=Nc2ccccc2)C1c1ccc(-n2c3ccccc3c3ccccc32)cc1,0.9952943,461.8667,0.1670838,0.1671,0.5110252,3.3567,1.0000000,1.0000,[],26
48.9444,74.5037,-74.5037,0.0000000,CCN(CC)c1ccc(C=Cc2ccc3c(c2)CCN2C=Cc4ccccc4-c4cc(NC(=O)c5ccc(C=C(C#N)C#N)cc5)ccc4C32)cc1,1,O=C(Nc1ccc2c(c1)-c1ccccc1C=CN1CCc3cc(C=Cc4ccccc4)ccc3C21)c1ccccc1,0.0000000,0.0000,0.0000000,0.0000,0.0000000,0.0000,0.0000000,0.0000,['[*;r{8-17}]'],26
24.4612,34.8415,-34.4386,0.0031481,CCn1c2ccccc2c2cc(-c3ccc4c(c3)c3ccccc3n4-c3cccc(N(c4ccccc4)c4ccccc4)c3)ccc21,1,c1ccc(N(c2ccccc2)c2cccc(-n3c4ccccc4c4cc(-c5ccc6[nH]c7ccccc7c6c5)ccc43)c2)cc1,0.0024786,334.8822,0.1842458,0.1842,0.6016250,2.5406,1.0000000,1.0000,[],26
29.2522,37.5077,79.4438,0.9136832,Cc1nc(-c2ccc(N=Nc3ccccc3)cc2)ccc1C=C(C#N)C#N,1,c1ccc(N=Nc2ccc(-c3ccccn3)cc2)cc1,0.9444791,430.7684,0.4336651,0.4337,0.5786456,2.7353,1.0000000,1.0000,[],26
28.5925,45.0422,-0.2560,0.3498923,CCCCCCCCCCCCN(c1ccc(C=Cc2ccc(N(C)C)cc2)cc1)c1ccc(-c2ccc(N(c3ccccc3)c3ccccc3)cc2)cc1C#N,1,C(=Cc1ccc(Nc2ccc(-c3ccc(N(c4ccccc4)c4ccccc4)cc3)cc2)cc1)c1ccccc1,0.3670539,394.0841,0.0574630,0.0575,0.5407207,3.0743,1.0000000,1.0000,[],26
35.4491,56.4879,60.2493,0.9120089,N#CC(C#N)=Cc1ccc(C=Cc2c(-c3ncc(C=C(C#N)C#N)s3)cc(C=Cc3ccc(N(c4ccccc4)c4ccccc4)cc3)c(C#N)c2C#N)cc1,1,C(=Cc1ccc(C=Cc2ccc(N(c3ccccc3)c3ccccc3)cc2)cc1-c1nccs1)c1ccccc1,0.9920923,467.5374,0.0992491,0.0992,0.4662719,3.8149,1.0000000,1.0000,[],26
21.9769,41.0377,73.9838,0.8986055,Cc1cc(C=C(C#N)C#N)sc1-c1ccc(N(c2ccc(C=C(C#N)C#N)cc2)c2ccc3c(c2)C(C)(C)c2ccccc2-3)cc1,1,c1ccc(N(c2ccc(-c3cccs3)cc2)c2ccc3c(c2)Cc2ccccc2-3)cc1,0.9570529,486.3000,0.1783796,0.1784,0.5093067,3.3735,1.0000000,1.0000,[],26
23.8302,41.1571,75.5955,0.9121297,N#CC(C#N)=CC(=Cc1ccc(-c2ccc(N(c3ccccc3)c3ccc4c(ccc5ccccc54)c3)cc2)cc1)c1ccccc1,1,C(=Cc1ccc(-c2ccc(N(c3ccccc3)c3ccc4c(ccc5ccccc54)c3)cc2)cc1)c1ccccc1,0.9954280,461.5525,0.0792406,0.0792,0.5609716,2.8904,1.0000000,1.0000,[],26
36.0316,48.7542,44.8200,0.7310481,N#CC(C#N)=Cc1cc(-c2ccccc2)ccc1C=Cc1ccc2c(c1)nc1c3ccccc3c3ccccc3n21,1,C(=Cc1ccc2c(c1)nc1c3ccccc3c3ccccc3n21)c1ccc(-c2ccccc2)cc1,0.7759582,413.4877,0.1315399,0.1315,0.5641447,2.8622,1.0000000,1.0000,[],26
23.2500,44.9724,57.7201,0.8022856,CCN(CC)c1ccc(C=Cc2cc(-c3ccc(-c4ccc(-c5ccc(N(c6ccccc6)c6ccccc6)cc5)s4)cc3)nc3ccccc23)cc1,1,C(=Cc1cc(-c2ccc(-c3ccc(-c4ccc(N(c5ccccc5)c5ccccc5)cc4)s3)cc2)nc2ccccc12)c1ccccc1,0.8555751,419.3154,0.1336679,0.1337,0.5560935,2.9341,1.0000000,1.0000,[],26
31.1359,39.5001,-39.5001,0.0000000,CCCn1c2ccc(CC(=O)OCC)cc2c2cccc(C=C(C#N)C#N)c21,1,c1ccc2c(c1)[nH]c1ccccc12,0.0000000,0.0000,0.0000000,0.0000,0.0000000,0.0000,0.0000000,0.0000,"['C(=[O,S])[O,S]']",26
30.6431,33.7948,-33.7948,0.0000000,C(CC)CN=c1n(CC=C)c(c2CCCN=c2[nH]1)=O,0,,0.0000000,0.0000,0.0000000,0.0000,0.0000000,0.0000,0.0000000,0.0000,None,26
22.8717,30.3244,45.5260,0.5925817,COc1ccccc1C1=Cc2ccccc2C1=C(C#N)C#N,1,C=C1C(c2ccccc2)=Cc2ccccc21,0.5873917,403.8347,0.7815843,0.7816,0.5941231,2.6033,1.0000000,1.0000,[],26
26.4098,36.8975,-30.3000,0.0515428,CN(c1ccccc1)c1ccccc1C=Cc1ccc2ccc3ccccc3c2c1,1,C(=Cc1ccccc1Nc1ccccc1)c1ccc2ccc3ccccc3c2c1,0.0466553,367.2413,0.2241580,0.2242,0.6453329,2.1899,1.0000000,1.0000,[],26
36.1225,47.4687,67.8479,0.9009110,N#CC(C#N)=Cc1ccc2ccc(-c3ccc(N(c4ccccc4)c4ccc(-c5nc6ccccc6cc5-c5ccccc5)cc4)cc3)nc2c1,1,c1ccc(-c2cc3ccccc3nc2-c2ccc(N(c3ccccc3)c3ccc(-c4ccc5ccccc5n4)cc3)cc2)cc1,0.9611145,434.8247,0.1602871,0.1603,0.5558130,2.9366,1.0000000,1.0000,[],26
51.6362,68.9068,-68.9068,0.0000000,c1cc(C=c2c(=Cc3sc(-c4ccc(-n5c6ccccc6c6cccc5c6)c4)cc3)nc3ccccn23)cc[n+]1-c1ccccc1,0,,0.0000000,0.0000,0.0000000,0.0000,0.0000000,0.0000,0.0000000,0.0000,None,26
37.4110,50.6129,60.8602,0.8708837,CCN(CC)c1ccc(C=Cc2ccc(N(C)C)cc2C2=C(c3ccccc3)CCOS2(=O)=O)cc1,1,O=S1(=O)OCCC(c2ccccc2)=C1c1ccccc1C=Cc1ccccc1,0.9133893,425.5771,0.2639565,0.2640,0.5426909,3.0561,1.0000000,1.0000,[],26
55.6724,69.8976,-55.8139,0.1100294,CC(C)=c1nc2c3ccccc3ccc3nc(Cc4c(C)noc4C)cc(c3-2)n(-c2ccccc2C)c1=O,1,C=c1nc2c3ccccc3ccc3nc(Cc4cnoc4)cc(c3-2)n(-c2ccccc2)c1=O,0.1031375,376.5173,0.2973317,0.2973,0.5349185,3.1282,1.0000000,1.0000,[],26
24.0533,40.7880,78.0785,0.9286442,CCN(CC)c1ccc(C=Cc2ccc(N(c3ccc(C=C(C#N)C#N)cc3)c3ccc(C(=O)NC(C)C)cc3)cc2)cc1,1,C(=Cc1ccc(N(c2ccccc2)c2ccccc2)cc1)c1ccccc1,0.9957795,460.6800,0.1418726,0.1419,0.5647646,2.8567,1.0000000,1.0000,[],26
19.9433,24.2114,-20.9425,0.0255385,O=Cc1ccccc1-n1c2ccccc2c2ccccc21,1,c1ccc(-n2c3ccccc3c3ccccc32)cc1,0.0217101,358.6549,0.4884182,0.4884,0.6841130,1.8982,1.0000000,1.0000,[],26
36.5811,47.1751,-47.1751,0.0000000,c1c2OCOc2cc2C(c3occc3C=c21)=Cc1ccc(NC(=O)C)cc1,0,,0.0000000,0.0000,0.0000000,0.0000,0.0000000,0.0000,0.0000000,0.0000,None,26
52.3054,63.6408,-63.6408,0.0000000,CCc1cc(N2CCCCC2)ccc1C#CC(C=Cc1ccc(N(C)C)cc1)=CC=C1c2ccccc2C(C)(C)c2cc(N3CCCCC3)ccc21,1,C(#Cc1ccc(N2CCCCC2)cc1)C(C=Cc1ccccc1)=CC=C1c2ccccc2Cc2cc(N3CCCCC3)ccc21,0.0000000,0.0000,0.0000000,0.0000,0.0000000,0.0000,0.0000000,0.0000,['C#C'],26
40.0701,52.3716,-39.1476,0.1033128,CCc1c(C)nc2c(c1C=Cc1ccc3ccccc3c1)c(=O)[nH]c(=Nc1ccccc1)n2-c1ccccc1,1,O=c1[nH]c(=Nc2ccccc2)n(-c2ccccc2)c2nccc(C=Cc3ccc4ccccc4c3)c12,0.0967580,375.7471,0.2689765,0.2690,0.5533491,2.9588,1.0000000,1.0000,[],26
43.6578,52.6866,-52.6866,0.0000000,c12cc3c(oc4c3cccc4)cc2C(CCCCCC)=Nc2c3c(c(cc2C=1)C)cccc3,0,,0.0000000,0.0000,0.0000000,0.0000,0.0000000,0.0000,0.0000000,0.0000,None,26
48.3272,61.7201,54.3975,0.9071687,CCN(CC)c1cccc(N=Cc2sc3cc(C=CC(=O)Cc4ccc(N(c5ccccc5)c5ccccc5)cc4)ccc3c2C=O)c1,1,O=C(C=Cc1ccc2cc(C=Nc3ccccc3)sc2c1)Cc1ccc(N(c2ccccc2)c2ccccc2)cc1,0.9944573,456.3466,0.0711063,0.0711,0.5262576,3.2098,1.0000000,1.0000,[],26
49.3154,69.5865,-40.1197,0.2302092,CCc1cc(C=Cc2ccc3cccc4c3c2CN(CC)C4=O)ccc1C=C1CC2(CCCCC2)CC1=Nc1ccccc1,1,O=C1NCc2c(C=Cc3ccc(C=C4CC5(CCCCC5)CC4=Nc4ccccc4)cc3)ccc3cccc1c23,0.2275021,386.7272,0.2095170,0.2095,0.4650531,3.8280,1.0000000,1.0000,[],26
34.4804,52.2492,59.2294,0.8709267,CCN(CC)c1ccc(N=Nc2ccc(C=C3C=CC=CC(=O)N3c3ccc(N=Nc4ccc(C=C(C#N)C#N)cc4)cc3)cc2)cc1,1,O=C1C=CC=CC(=Cc2ccc(N=Nc3ccccc3)cc2)N1c1ccc(N=Nc2ccccc2)cc1,0.9365067,490.7804,0.1280798,0.1281,0.4910125,3.5564,1.0000000,1.0000,[],26
24.8776,38.0431,75.7992,0.8893933,CCCCN(c1ccccc1)c1ccc(C=Cc2ccc(C=C(C#N)C#N)c(C#N)c2)cc1,1,C(=Cc1ccc(Nc2ccccc2)cc1)c1ccccc1,0.9308324,491.7758,0.2832329,0.2832,0.5689612,2.8197,1.0000000,1.0000,[],26
28.8529,46.2997,70.4654,0.9122277,CCN(CC)c1ccc(C=Cc2ccc(C(=C3C=CC(=[N+](C)C)C=C3)c3c(C)cccc3C=Cc3ccccc3)cc2)cc1,1,[N+]=C1C=CC(=C(c2ccc(C=Cc3ccccc3)cc2)c2ccccc2C=Cc2ccccc2)C=C1,0.9783322,478.6332,0.1421933,0.1422,0.5342478,3.1345,1.0000000,1.0000,[],26
23.4941,27.5227,-15.3940,0.0947558,c1ccc2cc3cc(C4CCCN4)ccc3cc2c1,1,c1ccc2cc3cc(C4CCCN4)ccc3cc2c1,0.0858516,374.3183,0.6276906,0.6277,0.6034271,2.5257,1.0000000,1.0000,[],26
33.6513,41.1417,72.3686,0.8867991,CCn1c2ccccc2c2cc(-c3ccc(N=Nc4ccccc4O)cc3C#N)ccc21,1,c1ccc(N=Nc2ccc(-c3ccc4[nH]c5ccccc5c4c3)cc2)cc1,0.9246627,427.2243,0.3084930,0.3085,0.5931798,2.6113,1.0000000,1.0000,[],26
33.6913,44.7278,-43.9689,0.0059289,COc1cccc(C=Cc2ccccc2)c1NC(N)=NCc1ccc(N(C)C)cc1,1,C(=Cc1ccccc1NC=NCc1ccccc1)c1ccccc1,0.0047328,341.9295,0.3377757,0.3378,0.6131659,2.4456,1.0000000,1.0000,[],26
29.8742,34.2563,-17.0924,0.1340929,COc1ccc2c(ccc3cc(-c4cc5cc6ccccc6cc5o4)ccc32)c1,1,c1ccc2cc3oc(-c4ccc5c(ccc6ccccc65)c4)cc3cc2c1,0.1265764,379.0282,0.2916472,0.2916,0.6475198,2.1730,1.0000000,1.0000,[],26
32.2418,40.7372,-30.6891,0.0785012,CCN(c1ccc(-c2c3ccccc3nc3ccccc23)c2ccccc12)C1CCCCC1,1,c1ccc2c(-c3ccc(NC4CCCCC4)c4ccccc34)c3ccccc3nc2c1,0.0722936,372.2922,0.2662321,0.2662,0.6290491,2.3177,1.0000000,1.0000,[],26
22.4238,37.4429,75.5837,0.8830206,N#CC(C#N)=Cc1ccc(N(c2ccc(-c3ccc(C=C(C#N)C#N)s3)cc2)c2ccc3ccccc3c2)cc1,1,c1ccc(N(c2ccc(-c3cccs3)cc2)c2ccc3ccccc3c2)cc1,0.9342293,491.1895,0.2045163,0.2045,0.5443915,3.0404,1.0000000,1.0000,[],26
32.2992,43.5840,74.5056,0.9225751,CN(c1ccccc1)c1ccc(C=C(C=Cc2cc3ccccc3o2)C=C(C#N)c2ccccc2)cc1,1,C(=Cc1ccccc1)C(C=Cc1cc2ccccc2o1)=Cc1ccc(Nc2ccccc2)cc1,0.9828053,443.9268,0.1731423,0.1731,0.5626997,2.8750,1.0000000,1.0000,[],26
34.9751,44.3381,73.5212,0.9207759,N#CC(C#N)=Cc1ccc(N(c2ccccc2)c2ccc3c(c2)c2ccccc2n3-c2nc(-c3ccccc3)nc(-c3cccc4ccccc34)n2)cc1,1,c1ccc(-c2nc(-c3cccc4ccccc34)nc(-n3c4ccccc4c4cc(N(c5ccccc5)c5ccccc5)ccc43)n2)cc1,0.9853054,445.6603,0.1544082,0.1544,0.5371248,3.1076,1.0000000,1.0000,[],26
24.5287,30.0019,-8.4092,0.1686930,COc1cc(N(C)C)ccc1C=Nc1ccc(C(=O)c2ccccc2)cc1,1,O=C(c1ccccc1)c1ccc(N=Cc2ccccc2)cc1,0.1587188,381.8922,0.4719129,0.4719,0.6519455,2.1390,1.0000000,1.0000,[],26
15.8427,21.9251,97.8002,0.9353536,c1ccc2cc3cc4ccccc4cc3cc2c1,1,c1ccc2cc3cc4ccccc4cc3cc2c1,0.9676462,436.8948,0.3651778,0.3652,0.7647064,1.3413,1.0000000,1.0000,[],26
45.4157,63.1061,-55.6336,0.0583792,COc1ccccc1C=CC=Cc1cc2ccccc2cc1C=CC(C)=CC=CC(C)=CC=CC=CC=CC=CC=Cc1cccc(OC)c1C=Cc1ccccc1,1,C(=CC=CC=CC=CC=Cc1cc2ccccc2cc1C=CC=Cc1ccccc1)C=CC=CC=CC=Cc1ccccc1C=Cc1ccccc1,0.0555555,550.7612,0.0694780,0.0695,0.4737960,3.7349,1.0000000,1.0000,[],26
39.1408,51.0066,51.2423,0.7988198,COc1ccc(-c2cc3oc4ccccc4c3c(=O)c(=O)n2Cc2c(C)oc3ccccc3c2=O)cc1,1,O=c1c(Cn2c(-c3ccccc3)cc3oc4ccccc4c3c(=O)c2=O)coc2ccccc12,0.8283809,417.0916,0.3130766,0.3131,0.5794755,2.7282,1.0000000,1.0000,[],26
42.0632,45.9718,-45.9718,0.0000000,c1c(cccc1OC)C=C1c2c(nc(=N)n3c2nc(n3)-c2ccccc2)sc1=C,0,,0.0000000,0.0000,0.0000000,0.0000,0.0000000,0.0000,0.0000000,0.0000,None,26
29.5158,43.8395,70.8334,0.8958819,CN(C)c1ccc(C=Nc2ccc(C=C(C#N)C(=O)C=Cc3ccc4ccc5ccccc5c4c3)cc2)cc1,1,O=C(C=Cc1ccc(N=Cc2ccccc2)cc1)C=Cc1ccc2ccc3ccccc3c2c1,0.9700779,437.7704,0.0974396,0.0974,0.5703255,2.8077,1.0000000,1.0000,[],26
36.3112,48.7941,69.1580,0.9215009,COc1ccc2c(c1)c(C=C1C=Cc3ccccc3C1=O)c(-c1cccc([N+](=O)[O-])c1)c1ccccc12,1,O=C1C(=Cc2c(-c3ccccc3)c3ccccc3c3ccccc23)C=Cc2ccccc21,0.9941009,455.6660,0.1128602,0.1129,0.5861782,2.6707,1.0000000,1.0000,[],26
31.9881,37.1952,84.1870,0.9482985,O=C(Nc1ccccc1)c1ccccc1N=Nc1cc(Cl)ccc1Nc1ccccc1,1,O=C(Nc1ccccc1)c1ccccc1N=Nc1ccccc1Nc1ccccc1,0.9903919,450.3293,0.3092807,0.3093,0.6469762,2.1772,1.0000000,1.0000,[],26
23.8757,38.7497,44.0032,0.6465069,N#CC(C#N)=c1c2ccccc2c(=C(C#N)C#N)c2cc(-c3c4ccccc4c(-c4ccccc4)c4ccccc34)ccc12,1,C=c1c2ccccc2c(=C)c2cc(-c3c4ccccc4c(-c4ccccc4)c4ccccc34)ccc12,0.6725926,512.1834,0.2014474,0.2014,0.5677980,2.8299,1.0000000,1.0000,[],26
36.9399,50.8758,-50.5795,0.0023148,CCn1c(C=C(C#N)C#N)c(C=CC2=C(C)[n+]3c(ccc4ccccc43)C2=O)c2ccccc21,1,O=C1C(C=Cc2c[nH]c3ccccc23)=C[n+]2c1ccc1ccccc12,0.0017726,588.7654,0.3023543,0.3024,0.4958345,3.5076,1.0000000,1.0000,[],26
40.1212,56.2971,62.1832,0.9256274,COCc1nc2ccccc2c(-c2cccc(-c3ccc(N(c4ccccc4)c4ccccc4)cc3)c2)c1C=C1C=Cc2ccccc2C1=O,1,O=C1C(=Cc2cnc3ccccc3c2-c2cccc(-c3ccc(N(c4ccccc4)c4ccccc4)cc3)c2)C=Cc2ccccc21,0.9902947,450.2189,0.1541219,0.1541,0.5510638,2.9795,1.0000000,1.0000,[],26
42.4141,48.4891,46.4303,0.7415582,CCCCCCCCCCCCCCOc1ccc(N(CC)CC)cc1N=Cc1ccc(N=Cc2ccccc2F)cc1,1,C(=Nc1ccccc1)c1ccc(N=Cc2ccccc2)cc1,0.7966055,414.8226,0.0920770,0.0921,0.5649095,2.8554,1.0000000,1.0000,[],26
31.0065,44.0744,75.1564,0.9314909,CN1C(=C2c3ccccc3-c3c2c(-c2ccc(F)cc2)nc2ccccc32)C=Cc2ccccc21,1,C1=Cc2ccccc2NC1=C1c2ccccc2-c2c1c(-c1ccccc1)nc1ccccc21,0.9803581,477.5450,0.2516619,0.2517,0.5846966,2.6833,1.0000000,1.0000,[],26
43.1202,55.9771,58.8409,0.8970162,O=C1C(=CN(OCc2ccccc2)c2ccc3c4ccc(=O)ccc4c4ccccc4c3c2)C=Cc2ccccc21,1,O=C1C(=CN(OCc2ccccc2)c2ccc3c4ccc(=O)ccc4c4ccccc4c3c2)C=Cc2ccccc21,0.9639527,484.3204,0.1276910,0.1277,0.5471763,3.0149,1.0000000,1.0000,[],26
42.8093,58.8615,57.2533,0.9071471,CCN(CC)c1ccc(C=Cc2ccc(N(c3ccccc3)c3ccc(-c4ccc(N(CC)CC(C)C)c(F)c4C=C(C#N)C#N)cc3)cc2)cc1,1,C(=Cc1ccc(N(c2ccccc2)c2ccc(-c3ccccc3)cc2)cc1)c1ccccc1,0.9889724,448.8176,0.0858907,0.0859,0.5148940,3.3190,1.0000000,1.0000,[],26
18.4818,23.2663,-16.8857,0.0498483,C(=CC=Cc1ccncc1)C=Cc1ccccc1,1,C(=CC=Cc1ccncc1)C=Cc1ccccc1,0.0434390,366.4292,0.7146969,0.7147,0.6339767,2.2787,1.0000000,1.0000,[],26
36.2438,53.0145,-53.0145,0.0000000,N#CC(=Cc1ccc(-c2nnc(-c3cc(C(=O)Nc4ccc(N(c5ccccc5)c5ccccc5)cc4)cc4nsnc34)o2)cc1)C(=O)O,1,O=C(Nc1ccc(N(c2ccccc2)c2ccccc2)cc1)c1cc(-c2nnc(-c3ccccc3)o2)c2nsnc2c1,0.0000000,0.0000,0.0000000,0.0000,0.0000000,0.0000,0.0000000,0.0000,"['C(=[O,S])[O,S]']",26
60.3850,74.5251,-74.5251,0.0000000,n1(c2ccc3nccc(C)c3c2cc2c1sc(-n1c3ncccc3c3cc(C=CC=Cc4ccc(N(C)C)cc4)ccc13)n2)C,0,,0.0000000,0.0000,0.0000000,0.0000,0.0000000,0.0000,0.0000000,0.0000,None,27
15.3646,23.0525,-13.0747,0.0779514,N#CC(C#N)=Cc1nc2ccccc2s1,1,c1ccc2scnc2c1,0.0697774,371.8782,0.6811662,0.6812,0.5819191,2.7071,1.0000000,1.0000,[],27
38.7670,50.5781,-50.5781,0.0000000,c1(=O)[nH]c(=O)cc(c1C=Cc1c(OC)cc(cc1)N1CCOCC1)C=Cc1ccc(N(C)C)cc1,0,,0.0000000,0.0000,0.0000000,0.0000,0.0000000,0.0000,0.0000000,0.0000,None,27
30.3740,38.3502,58.4593,0.7563240,CCCCc1cn(-c2ccc(OC)cc2)c2ccc(C=C(C#N)C#N)cc12,1,c1ccc(-n2ccc3ccccc32)cc1,0.7674691,412.9645,0.5552431,0.5552,0.6001731,2.5527,1.0000000,1.0000,[],27
44.7724,48.0004,68.4815,0.9100152,c1ccc(Nc2ccc3c4c5ncccc5cc-4occ3c2)nc1,1,c1ccc(Nc2ccc3c4c5ncccc5cc-4occ3c2)nc1,0.9363918,490.8014,0.4851093,0.4851,0.6017788,2.5393,1.0000000,1.0000,[],27
47.2466,57.2774,59.7133,0.9139901,CCN1C(=Cc2ccc(C=Cc3c(O)c(-c4ccc(-c5ccccc5)cc4)c(C#N)c(C#N)c3-c3ccccc3)cc2)Sc2ccccc21,1,C(=Cc1cc(-c2ccc(-c3ccccc3)cc2)ccc1-c1ccccc1)c1ccc(C=C2Nc3ccccc3S2)cc1,0.9738810,439.2887,0.1742821,0.1743,0.5384736,3.0951,1.0000000,1.0000,[],27
44.3174,58.7330,-58.7330,0.0000000,CN(C)c1ccc(C=NN=Cc2cc(C=CC(=N)C=N)c3cc(O)ccc3c2N)cc1,1,C(=NN=Cc1ccc2ccccc2c1)c1ccccc1,0.0000000,0.0000,0.0000000,0.0000,0.0000000,0.0000,0.0000000,0.0000,['[#7;!n][#7;!n]'],27
19.9058,37.6856,77.9383,0.9033119,CCN(CC)c1ccc(C=Cc2c3ccc(N(c4ccccc4)c4ccccc4)cc3cc3ccc(N(CC)CC)cc23)cc1,1,C(=Cc1c2ccccc2cc2cc(N(c3ccccc3)c3ccccc3)ccc12)c1ccccc1,0.9748250,480.3011,0.1099126,0.1099,0.5705558,2.8057,1.0000000,1.0000,[],27
33.8212,47.8862,-47.8862,0.0000000,N#CC(C#N)=Cc1ccc2c(ccc3cc4ccc5c(ccc3c3ccccc43)c3ccccc3n25)c1,1,c1ccc2c(c1)ccc1cc3ccc4c(ccc1c1ccccc31)c1ccccc1n24,0.0000000,0.0000,0.0000000,0.0000,0.0000000,0.0000,0.0000000,0.0000,['[*;r{8-17}]'],27
31.8920,38.0153,-38.0153,0.0000000,C(C1CCCC1)n1c(c2c(cc1=O)ccc1c2ccc2ccccc21)=O,0,,0.0000000,0.0000,0.0000000,0.0000,0.0000000,0.0000,0.0000000,0.0000,None,27
26.0864,27.7077,-27.6966,0.0000865,C=CSC(=C)C(=C)C(C)(C)C,1,,0.0000547,293.4601,0.5743339,0.5743,0.4454909,4.0429,1.0000000,1.0000,[],27
23.5503,36.9823,79.3513,0.9088563,N#CC(C#N)=Cc1ccc(N(c2ccccc2)c2ccc(N(c3ccc(C=Cc4ccc(N(c5ccccc5)c5ccccc5)cc4)cc3)c3ccc(C=C(C#N)C#N)cc3)cc2)cc1,1,C(=Cc1ccc(N(c2ccccc2)c2ccc(N(c3ccccc3)c3ccccc3)cc2)cc1)c1ccc(N(c2ccccc2)c2ccccc2)cc1,0.9904333,450.3766,0.0841103,0.0841,0.5442358,3.0419,1.0000000,1.0000,[],27
28.8587,35.4774,33.2767,0.5371414,CCCCc1ccc(N=c2oc3cc4ccccc4cc3cc2C(=O)c2ccccc2)cc1,1,O=C(c1ccccc1)c1cc2cc3ccccc3cc2oc1=Nc1ccccc1,0.5518147,402.2584,0.2076912,0.2077,0.6210459,2.3818,1.0000000,1.0000,[],27
11.2624,22.4718,19.5250,0.3281001,C(=Cc1ccc(N(c2ccccc2)c2ccccc2)cc1)c1ccc(N(c2ccccc2)c2ccccc2)cc1,1,C(=Cc1ccc(N(c2ccccc2)c2ccccc2)cc1)c1ccc(N(c2ccccc2)c2ccccc2)cc1,0.3287228,392.2482,0.1863859,0.1864,0.7002966,1.7813,1.0000000,1.0000,[],27
24.1970,37.0968,-37.0968,0.0000000,CCOC(=O)CCC=Cc1ccc(C=C2C=Cc3ccccc3N2)cc1,1,C1=Cc2ccccc2NC1=Cc1ccccc1,0.0000000,0.0000,0.0000000,0.0000,0.0000000,0.0000,0.0000000,0.0000,"['C(=[O,S])[O,S]']",27
37.5942,42.6762,-42.1977,0.0037379,CCCc1c(-n2ccnc2)ccc2c1sc1c3ccccc3n(C)c21,1,c1ccc2c(c1)[nH]c1c3ccc(-n4ccnc4)cc3sc21,0.0028984,336.5855,0.4120759,0.4121,0.5707700,2.8038,1.0000000,1.0000,[],27
25.3494,33.5201,89.3993,0.9603078,COc1cccc(N(c2ccc(C=C(C#N)C#N)cc2)c2cccc(F)c2)c1,1,c1ccc(N(c2ccccc2)c2ccccc2)cc1,0.9872103,447.1887,0.5385632,0.5386,0.6154710,2.4268,1.0000000,1.0000,[],27
33.7806,32.4678,-32.4575,0.0000804,CCn1nnnc1C(N)c1ccc2c(c1)OCCO2,1,c1cc2c(cc1Cc1nnn[nH]1)OCCO2,0.0000498,292.4281,0.8658114,0.8658,0.5489081,2.9991,1.0000000,1.0000,[],27
25.8223,27.0860,-27.0515,0.0002699,Cn1c(=O)n(Cc2ccccc2)c(=O)c2c3c(sc21)CCC3,1,O=c1[nH]c2sc3c(c2c(=O)n1Cc1ccccc1)CCC3,0.0001785,306.2943,0.7286195,0.7286,0.6422926,2.2136,1.0000000,1.0000,[],27
40.0462,47.1093,-47.1093,0.0000000,CCOC(=O)C(=Cc1c2c(nc3ccc([N+](=O)[O-])cc13)C(=O)c1ccccc1C2=O)OCc1ccccc1,1,O=C1c2ccccc2C(=O)c2c1nc1ccccc1c2C=COCc1ccccc1,0.0000000,0.0000,0.0000000,0.0000,0.0000000,0.0000,0.0000000,0.0000,"['C(=[O,S])[O,S]']",27
23.1757,31.7405,-14.7029,0.1331059,N#CC(C#N)=Cc1ccc2sc(Br)c(Br)c2c1,1,c1ccc2sccc2c1,0.1227910,378.6516,0.6755873,0.6756,0.5369579,3.1092,1.0000000,1.0000,[],27
32.7761,38.3874,-38.3874,0.0000000,c1ccc(-n2c3c(cc4c(n(C)c5ccccc54)c3=O)c3c2cccc3)c2sc3c(cccc3)c12,0,,0.0000000,0.0000,0.0000000,0.0000,0.0000000,0.0000,0.0000000,0.0000,None,27
26.4666,43.4668,74.9765,0.9253384,N#CC(C#N)=Cc1ccc(-c2cccc(N(c3ccc(C=C(C#N)C#N)cc3)c3ccc4c(ccc5ccccc54)c3)c2)cc1,1,c1ccc(-c2cccc(N(c3ccccc3)c3ccc4c(ccc5ccccc54)c3)c2)cc1,0.9918518,467.8654,0.1458033,0.1458,0.5472133,3.0146,1.0000000,1.0000,[],27
20.4030,25.0787,-24.5064,0.0044704,c1cc(-c2nc3ccccc3s2)cc(-n2c3ccccc3c3ccccc32)c1,1,c1cc(-c2nc3ccccc3s2)cc(-n2c3ccccc3c3ccccc32)c1,0.0035164,338.6907,0.3161790,0.3162,0.6724327,1.9843,1.0000000,1.0000,[],27
42.2722,70.7183,-70.7183,0.0000000,c1c(-c2ccc3Oc4c(ccc(N=Nc5ccc(N(CC)CCCC)c5)C=Cc4c3)C=C(C#N)C#N)ccc2c2ccccc2n1C,0,,0.0000000,0.0000,0.0000000,0.0000,0.0000000,0.0000,0.0000000,0.0000,None,27
63.9734,77.7829,-69.4483,0.0651141,CCNc1ccc(C#N)cc1C=Nc1cccc(C=Cc2nc(N=Nc3ccc(N(CC)CC)cc3Nc3ccc(N4C(=O)c5ccccc5C4=O)cc3)sc2C#N)n1,1,O=C1c2ccccc2C(=O)N1c1ccc(Nc2ccccc2N=Nc2nc(C=Cc3cccc(N=Cc4ccccc4)n3)cs2)cc1,0.0626154,549.3809,0.0617158,0.0617,0.4527078,3.9625,1.0000000,1.0000,[],27
28.6253,49.1892,9.5746,0.4590923,C(=Cc1cccs1)C1=Cc2ccccc2Oc2ccc(N=Cc3ccc(N(c4ccccc4)c4ccccc4)cc3)cc21,1,C(=Cc1cccs1)C1=Cc2ccccc2Oc2ccc(N=Cc3ccc(N(c4ccccc4)c4ccccc4)cc3)cc21,0.4712642,398.7506,0.1777717,0.1778,0.5497277,2.9917,1.0000000,1.0000,[],27
38.9566,48.3493,67.8099,0.9074937,CCN(CC)c1ccc(C=CC=CC=CC2=CC(C)=CC3C2=CC=CN3CCCNC)cc1,1,C(=CC=Cc1ccccc1)C=CC1=CC=CC2NC=CC=C12,0.9515923,487.6616,0.3220465,0.3220,0.4506974,3.9848,1.0000000,1.0000,[],27
24.0345,41.9771,76.5281,0.9258214,N#CC(C#N)=Cc1ccc(N(c2ccc(C=Cc3ccc(-c4ccc(C(F)(F)F)cc4)s3)cc2)c2ccc(C=C(C#N)C#N)cc2)cc1,1,C(=Cc1ccc(-c2ccccc2)s1)c1ccc(N(c2ccccc2)c2ccccc2)cc1,0.9913810,451.5197,0.1557868,0.1558,0.5201582,3.2681,1.0000000,1.0000,[],27
26.1886,37.8424,-37.8424,0.0000000,C(#N)c1c(c(sc2c1ccc1c2cccc1)C=C(C#N)C#N)=C(C#N)C#N,0,,0.0000000,0.0000,0.0000000,0.0000,0.0000000,0.0000,0.0000000,0.0000,None,27
32.0191,46.1673,-35.7266,0.0815680,CCN(CC)c1ccc(N=c2cc3oc4ccccc4cc-3c(-c3ccc(-n4c5ccccc5c5ccccc54)cc3)c2)cc1,1,c1ccc(N=c2cc3oc4ccccc4cc-3c(-c3ccc(-n4c5ccccc5c5ccccc54)cc3)c2)cc1,0.0763537,547.0669,0.1825231,0.1825,0.5618148,2.8829,1.0000000,1.0000,[],27
18.9835,30.0452,41.5006,0.5589512,CCn1c2ccccc2c2cc(C=C(C#N)C#N)cnc21,1,c1ccc2c(c1)[nH]c1ncccc12,0.5551747,402.4060,0.6687971,0.6688,0.5893086,2.6440,1.0000000,1.0000,[],27
17.5922,26.8030,-14.2829,0.0978131,c1ccc(-c2cc(-c3ccc(N(c4ccccc4)c4ccccc4)cc3)nc(-c3ccccc3)n2)cc1,1,c1ccc(-c2cc(-c3ccc(N(c4ccccc4)c4ccccc4)cc3)nc(-c3ccccc3)n2)cc1,0.0912605,375.0461,0.2406836,0.2407,0.6827541,1.9081,1.0000000,1.0000,[],27
22.3371,36.1363,85.2663,0.9484581,CCN(CC)c1ccc(C=Cc2ccc3cccc(C=C(C#N)C#N)c3c2)cc1,1,C(=Cc1ccc2ccccc2c1)c1ccccc1,0.9864363,473.4577,0.3747082,0.3747,0.5916818,2.6239,1.0000000,1.0000,[],27
38.3346,53.0588,-53.0588,0.0000000,c1ccc2cc3c(cc2c1)c(-c1cccc(N(c2ccccc2)c2ccccc2)c1)ccc(-c1c2ccccc2c(c2ccccc12)-c1ccc(cc1)C=C(C#N)C#N)c3,0,,0.0000000,0.0000,0.0000000,0.0000,0.0000000,0.0000,0.0000000,0.0000,None,27
25.7938,43.4883,77.5987,0.9459923,CCN(CC)c1ccc(C=Cc2c(-c3ccc(C#N)cc3)c(C#N)c(=O)n3ccccc23)cc1,1,O=c1cc(-c2ccccc2)c(C=Cc2ccccc2)c2ccccn12,0.9837930,475.4200,0.3808826,0.3809,0.5757945,2.7600,1.0000000,1.0000,[],27
23.1624,36.9319,47.4250,0.6590385,N#CC(C#N)=Cc1ccc(C(C#N)=Cc2cccc(Sc3ccccc3)c2)cc1,1,C(=Cc1cccc(Sc2ccccc2)c1)c1ccccc1,0.6722960,407.8020,0.3773160,0.3773,0.5906821,2.6324,1.0000000,1.0000,[],27
55.7844,73.6546,41.0090,0.8958091,CCc1nc(N=Cc2c(OC)cccc2-c2ccnc(C(C)N(C)C)c2)sc1C=Cc1ccc(N(CC)CC)cc1,1,C(=Cc1cnc(N=Cc2ccccc2-c2ccncc2)s1)c1ccccc1,0.9584794,485.9170,0.1616785,0.1617,0.4705584,3.7692,1.0000000,1.0000,[],27
46.8583,58.0096,62.1116,0.9384463,COc1cc(N)c2c(c1)C(=O)c1cccc(-c3ccc(Nc4ccc(C=C(C#N)C#N)cc4C)cc3)c1C2=O,1,O=C1c2ccccc2C(=O)c2c1cccc2-c1ccc(Nc2ccccc2)cc1,0.9940703,464.3904,0.2125859,0.2126,0.5647513,2.8568,1.0000000,1.0000,[],27
31.2649,45.9414,-17.6921,0.2206975,COc1ccc2c(c1)C=Cc1ccccc1C2=C=CC(C)=C(C#N)C#N,1,C=C1c2ccccc2C=Cc2ccccc21,0.2132899,385.8289,0.3702061,0.3702,0.5141841,3.3259,1.0000000,1.0000,[],27
38.5453,40.1011,-39.7716,0.0025738,CCCc1ccc2nc(-c3nc(-c4ccc(Cl)cc4Cl)no3)sc2c1,1,c1ccc(-c2noc(-c3nc4ccccc4s3)n2)cc1,0.0019537,332.2929,0.4119529,0.4120,0.6169477,2.4149,1.0000000,1.0000,[],27
45.2756,62.5505,-62.5505,0.0000000,CCCCc1ccc(cc1)-n1c2ccc(cc2c2ccccc12)-n1c2c(c3ccccc13)cc(cc2)-c1sc2c(c(-c3ccc(cc3)C=C(C#N)C#N)cn2)c1,0,,0.0000000,0.0000,0.0000000,0.0000,0.0000000,0.0000,0.0000000,0.0000,None,27
44.2382,66.4019,48.7627,0.8997235,CCN(CC)c1ccc(C=Cc2cc(C=Cc3ccc(N(CC)CC)cc3)c3cc4ccc(=O)oc4cc3c2C2SCC(=O)N2Cc2ccccc2)cc1,1,O=C1CSC(c2c(C=Cc3ccccc3)cc(C=Cc3ccccc3)c3cc4ccc(=O)oc4cc23)N1Cc1ccccc1,0.9903798,469.6845,0.0669179,0.0669,0.4640391,3.8389,1.0000000,1.0000,[],27
46.8551,54.7346,62.4732,0.9156865,CCC[N+]1=C(c2ccc(C=O)c(N=Cc3ccc(OC)cc3)c2)Cc2ccc3ccccc3c21,1,C(=Nc1cccc(C2=[NH+]c3c(ccc4ccccc34)C2)c1)c1ccccc1,0.9742221,439.4353,0.1840525,0.1841,0.5353935,3.1238,1.0000000,1.0000,[],27
24.8535,39.3565,28.5491,0.5305121,N#CC(C#N)=Cc1cc(-c2ccc(N3c4ccccc4CCc4ccccc43)cc2)c2ccccc2c1,1,c1ccc2c(c1)CCc1ccccc1N2c1ccc(-c2cccc3ccccc23)cc1,0.5421534,401.8351,0.2468191,0.2468,0.5962055,2.5858,1.0000000,1.0000,[],27
30.9720,55.0739,-55.0739,0.0000000,c1(c2ccc(cc-2c2c(cccc2)c1C)=[N+]=Cc1ccc(N(CC)CC)cc1)C=C(C#N)C#N,0,,0.0000000,0.0000,0.0000000,0.0000,0.0000000,0.0000,0.0000000,0.0000,None,27
41.0324,54.0412,-54.0412,0.0000000,[C-]#[N+]c1cc(C=Cc2ccc(N(C)C)cc2)c(C2=CC=C3C=CC2(C)c2ccccc23)c2ccccc12,1,C1=CC2C(c3c(C=Cc4ccccc4)ccc4ccccc34)=CC=C1c1ccccc12,0.0000000,0.0000,0.2106748,0.2107,0.4112147,4.4432,1.0000000,1.0000,[],27
14.4452,26.6731,94.6125,0.9475435,CN(c1ccc(C=C(C#N)C#N)cc1)c1ccc(N(c2ccccc2)c2ccccc2)cc1,1,c1ccc(Nc2ccc(N(c3ccccc3)c3ccccc3)cc2)cc1,0.9914557,451.6150,0.3023645,0.3024,0.6111949,2.4617,1.0000000,1.0000,[],27
61.5977,73.4173,-73.4173,0.0000000,c1c2[nH]cc(c3c2c2c(cccc2)c1C3)/C=N/c1c(c2c(cccc2)cc1)/C=C1/C=Cc2ccccc2N1c1ccccc1,0,,0.0000000,0.0000,0.0000000,0.0000,0.0000000,0.0000,0.0000000,0.0000,None,27
23.0603,32.1976,61.0511,0.7285057,CCCCn1c2ccccc2c2cc(C=C(C#N)C=O)ccc21,1,c1ccc2c(c1)[nH]c1ccccc12,0.7461870,411.7083,0.3893806,0.3894,0.5967933,2.5809,1.0000000,1.0000,[],27
23.9983,27.3718,97.2376,0.9735114,FC(F)(F)c1ccccc1N=Nc1ccc(N2CCCC2)cc1,1,c1ccc(N=Nc2ccc(N3CCCC3)cc2)cc1,0.9942368,455.9206,0.6647956,0.6648,0.6342396,2.2766,1.0000000,1.0000,[],27
31.4092,50.5377,68.5676,0.9305102,COc1cc2c(cc1C=C1C=Cc3ccccc3C1=O)C=CC2=Cc1ccc(N(c2ccccc2)c2ccccc2)cc1,1,O=C1C(=Cc2ccc3c(c2)C=CC3=Cc2ccc(N(c3ccccc3)c3ccccc3)cc2)C=Cc2ccccc21,0.9883387,471.7960,0.1953016,0.1953,0.5520421,2.9707,1.0000000,1.0000,[],27
31.1635,34.1843,86.0521,0.9393471,N#Cc1nc(C=Cc2ccccc2)sc1N=Nc1cccc2ccccc12,1,C(=Cc1ncc(N=Nc2cccc3ccccc23)s1)c1ccccc1,0.9770872,479.2536,0.3748115,0.3748,0.5737888,2.7775,1.0000000,1.0000,[],27
40.0521,47.6147,67.5307,0.8995730,CN(C)c1cc(C=O)cc(C2C(=O)c3[nH]c4ccccc(=O)c4c(=O)c32)c1,1,O=C1c2[nH]c3ccccc(=O)c3c(=O)c2C1c1ccccc1,0.9172932,426.1242,0.7229281,0.7229,0.4943562,3.5225,1.0000000,1.0000,[],27
16.1308,23.9514,83.9173,0.8427245,c1ccc(N(c2ccccc2)c2ccc3cc4ccccc4cc3c2)cc1,1,c1ccc(N(c2ccccc2)c2ccc3cc4ccccc4cc3c2)cc1,0.8734195,420.9714,0.3066399,0.3066,0.7018604,1.7701,1.0000000,1.0000,[],27
29.6801,43.4001,72.3766,0.9045055,CCN(CC)c1ccc(C=Cc2ccnc3c4c(ccc23)N=CCO4)cc1,1,C(=Cc1ccnc2c3c(ccc12)N=CCO3)c1ccccc1,0.9250491,427.2847,0.6179178,0.6179,0.5512358,2.9780,1.0000000,1.0000,[],27
19.0432,21.4541,-20.7062,0.0058431,N#Cc1ccccc1N1CCCC1,1,c1ccc(N2CCCC2)cc1,0.0045527,341.5064,0.6486833,0.6487,0.7018328,1.7703,1.0000000,1.0000,[],27
75.4736,92.8806,-92.8806,0.0000000,O(C)c1cc(c2c(c1)c(=Nc1ccc(cc1)N1C(C)(C=C(C=C1)C=C(C=Cc1cc3c(C(N(C3=O)CCC)=O)cc1)CC)c1ccccc1)c1c(c2)cccn1)C,0,,0.0000000,0.0000,0.0000000,0.0000,0.0000000,0.0000,0.0000000,0.0000,None,27
72.7004,98.0850,-98.0850,0.0000000,Cc1cc(-c2cc(C#Cc3ccc(N(C)C)cc3)cc(N=C(C#N)C3=C(O)CC(C)(C)CC3=O)n2)nc2c(C#N)c(C=Cc3ccc(C=C(C#N)C#N)s3)cc(=O)n12,1,O=C1CCCC=C1C=Nc1cc(C#Cc2ccccc2)cc(-c2ccn3c(=O)cc(C=Cc4cccs4)cc3n2)n1,0.0000000,0.0000,0.0000000,0.0000,0.0000000,0.0000,0.0000000,0.0000,['C#C'],27
30.9168,46.9058,-29.9273,0.1326448,N#CC(C#N)=CC(C#N)=Cc1ccc(N(c2ccc(C=C(C#N)C#N)cc2)c2ccc3sc4ccccc4c3c2)s1,1,c1ccc(N(c2ccc3sc4ccccc4c3c2)c2cccs2)cc1,0.1285477,540.7795,0.1508800,0.1509,0.4852961,3.6150,1.0000000,1.0000,[],27
30.6907,41.9083,47.1387,0.6956798,CN(c1ccccc1)c1ccc(N=NC2=CC(=O)C(=Cc3cccc4ccccc34)C=C2)cc1,1,O=C1C=C(N=Nc2ccc(Nc3ccccc3)cc2)C=CC1=Cc1cccc2ccccc12,0.7229743,509.5849,0.2342288,0.2342,0.5723674,2.7899,1.0000000,1.0000,[],27
42.1838,53.0341,-53.0341,0.0000000,CN(C)c1ccc(C=CC=Cc2ccc(C=CCCOC(=O)c3cnc(-c4ccc(N(C)C)cc4)s3)cc2)cc1,1,O=C(OCCC=Cc1ccc(C=CC=Cc2ccccc2)cc1)c1cnc(-c2ccccc2)s1,0.0000000,0.0000,0.0000000,0.0000,0.0000000,0.0000,0.0000000,0.0000,"['C(=[O,S])[O,S]']",27
27.8927,41.1992,62.1137,0.8071319,CC1(C)c2ccccc2-c2ccc(-c3ccc(N(c4ccc(-c5ccc(-c6nc7ccccc7s6)s5)cc4)c4ccc(N(c5ccccc5)c5ccccc5)cc4)cc3)cc21,1,c1ccc(N(c2ccccc2)c2ccc(N(c3ccc(-c4ccc5c(c4)Cc4ccccc4-5)cc3)c3ccc(-c4ccc(-c5nc6ccccc6s5)s4)cc3)cc2)cc1,0.8595034,419.6646,0.1445991,0.1446,0.5372983,3.1060,1.0000000,1.0000,[],27
21.5953,36.3059,72.9709,0.8537244,Cc1ccsc1-c1cc(C=C(C#N)C#N)c(-c2ccc3ccccc3c2)s1,1,c1csc(-c2ccc(-c3ccc4ccccc4c3)s2)c1,0.8854123,422.2002,0.3568606,0.3569,0.5594017,2.9044,1.0000000,1.0000,[],27
19.2528,33.7158,88.4555,0.9544631,N#CC(C#N)=CC(C#N)=Cc1ccc2cc3ccccc3cc2c1,1,c1ccc2cc3ccccc3cc2c1,0.9931548,465.9593,0.3848515,0.3849,0.5645652,2.8585,1.0000000,1.0000,[],28
20.6976,28.8629,-22.2434,0.0517146,Clc1ccc(C=C(c2ccccc2)c2ccccc2)c(N(c2ccccc2)c2ccccc2)c1,1,C(=C(c1ccccc1)c1ccccc1)c1ccccc1N(c1ccccc1)c1ccccc1,0.0467856,367.2730,0.2293521,0.2294,0.6450397,2.1922,1.0000000,1.0000,[],28
29.6881,37.7484,-37.7484,0.0000000,N(c1c(=O)n(C)c(s1)=S)=Cc1c2ccccc2ccc1O,0,,0.0000000,0.0000,0.0000000,0.0000,0.0000000,0.0000,0.0000000,0.0000,None,28
32.1741,44.4307,40.9710,0.6672003,CC1(C)c2ccccc2-c2ccc(C=Cc3ccc(N(c4ccc(C=C(c5ccccc5)c5ccccc5)cc4)c4ccccc4C=Cc4ccc(N(c5ccccc5)c5ccccc5)cc4)cc3)cc21,1,C(=Cc1ccccc1N(c1ccc(C=Cc2ccc3c(c2)Cc2ccccc2-3)cc1)c1ccc(C=C(c2ccccc2)c2ccccc2)cc1)c1ccc(N(c2ccccc2)c2ccccc2)cc1,0.7110127,409.7750,0.1063793,0.1064,0.5109196,3.3577,1.0000000,1.0000,[],28
48.5238,51.4835,-43.2954,0.0639695,CCN(C=C(C#N)c1nccs1)c1ccc(O)c(S(=O)(=O)NC2(C)CCC2)c1,1,O=S(=O)(NC1CCC1)c1cccc(NC=Cc2nccs2)c1,0.0568790,369.5096,0.6671071,0.6671,0.5036630,3.4292,1.0000000,1.0000,[],28
24.7176,37.6844,33.5313,0.5563722,N#CC(C#N)=Cc1ccc2c3ccc(-n4c5ccccc5c5ccccc54)cc3c3ccccc3c2c1,1,c1ccc2c(c1)c1ccccc1c1cc(-n3c4ccccc4c4ccccc43)ccc21,0.5749404,403.2793,0.1878137,0.1878,0.5964772,2.5836,1.0000000,1.0000,[],28
26.6228,30.6164,-29.2241,0.0108772,Cn1c2ccccc2c2c3ccccc3c(-c3ccccc3)c(Br)c21,1,c1ccc(-c2cc3[nH]c4ccccc4c3c3ccccc23)cc1,0.0089929,348.9456,0.2948715,0.2949,0.6472939,2.1748,1.0000000,1.0000,[],28
43.6510,59.0950,-43.0035,0.1257153,CCC(C=Cc1ccc(N(CC)CC)cc1C#N)c1ccc2c(c1)C1(C)CCCC(C)(C)C1=CC2,1,C(=Cc1ccccc1)Cc1ccc2c(c1)C1CCCCC1=CC2,0.1182442,378.1858,0.3821129,0.3821,0.4355861,4.1553,1.0000000,1.0000,[],28
20.2104,29.3346,85.7253,0.8989058,N#CC(C#N)=Cc1cc2sc(-c3ccc(C#N)cc3)cc2s1,1,c1ccc(-c2cc3sccc3s2)cc1,0.9184690,426.2935,0.6288855,0.6289,0.5524440,2.9670,1.0000000,1.0000,[],28
43.2532,59.8988,-59.8988,0.0000000,c12c(=O)n(c(=O)n(c2cc(F)c(c1F)=C(c1ccc(cc1)N(C)C)C=C(C#N)C#N)CC)CCC,0,,0.0000000,0.0000,0.0000000,0.0000,0.0000000,0.0000,0.0000000,0.0000,None,28
34.7837,49.9883,65.3609,0.9011658,N#CC(C=Cc1ccc(-c2ccc3cc4c(cc3c2)CCC4)s1)=Cc1ccc2ccccc2n1,1,C(C=Cc1ccc(-c2ccc3cc4c(cc3c2)CCC4)s1)=Cc1ccc2ccccc2n1,0.9542782,432.9888,0.2025160,0.2025,0.5571631,2.9245,1.0000000,1.0000,[],28
31.9966,36.3918,-36.3645,0.0002127,OCC1(Cc2ccc3ccccc3c2)c2ccccc2C=Cc2ccccc21,1,C1=Cc2ccccc2C(Cc2ccc3ccccc3c2)c2ccccc21,0.0001409,303.7278,0.4849666,0.4850,0.6069798,2.4963,1.0000000,1.0000,[],28
41.3643,56.9002,64.7571,0.9504480,N#CC(C#N)=Cc1cnc(N2C=Cc3ccccc3C2=C(C#N)C#N)c(C#N)c1I,1,C=C1c2ccccc2C=CN1c1ccccn1,0.9880754,472.0413,0.4474551,0.4475,0.4653335,3.8250,1.0000000,1.0000,[],28
31.2535,41.9663,71.9733,0.8901531,CCC=Cc1ccc2c(c1)C(=Cc1ccc(N(c3ccccc3)c3ccccc3)cc1)c1ccc3ccccc3c1-2,1,C(=C1c2ccccc2-c2c1ccc1ccccc21)c1ccc(N(c2ccccc2)c2ccccc2)cc1,0.9399331,429.8615,0.2086339,0.2086,0.5916348,2.6243,1.0000000,1.0000,[],28
36.0518,52.2138,-32.1230,0.1569590,CCN(CC)c1ccc2c(=C(C#N)C#N)c3ccc(N(c4ccccc4)c4ccccc4)cc3c(=C3C=CC=C3C)c2c1,1,C=c1c2ccccc2c(=C2C=CC=C2)c2cc(N(c3ccccc3)c3ccccc3)ccc12,0.1519470,538.6683,0.1980039,0.1980,0.5175295,3.2934,1.0000000,1.0000,[],28
41.4054,55.3042,64.0174,0.9322000,CCn1c(-c2ccc(C=C(C#N)c3cccs3)s2)cc2cc(-c3ccc(C=C(C#N)C#N)c(Cl)c3)ccc21,1,C(=Cc1ccc(-c2cc3cc(-c4ccccc4)ccc3[nH]2)s1)c1cccs1,0.9907864,450.7888,0.1990045,0.1990,0.5225260,3.2454,1.0000000,1.0000,[],28
32.7302,43.1505,-38.8293,0.0337597,COc1cccc2c1C(=c1ccc3c(c1)C=CC=3c1ccc(N(c3ccccc3)c3ccccc3)cc1)c1ccccc1C2=O,1,O=C1c2ccccc2C(=c2ccc3c(c2)C=CC=3c2ccc(N(c3ccccc3)c3ccccc3)cc2)c2ccccc21,0.0300673,557.7162,0.2059943,0.2060,0.5491605,2.9968,1.0000000,1.0000,[],28
23.0933,30.4866,58.5926,0.6959310,CC1(C)CC1c1ccc(C=C(C#N)C#N)s1,1,c1csc(C2CC2)c1,0.7008271,409.2422,0.7245816,0.7246,0.4695284,3.7801,1.0000000,1.0000,[],28
15.1897,23.0894,94.4248,0.9180799,C(=Cc1ccccc1)C=C1C=Cc2ccccc2N1,1,C(=Cc1ccccc1)C=C1C=Cc2ccccc2N1,0.9299648,428.0788,0.8066513,0.8067,0.6051119,2.5117,1.0000000,1.0000,[],28
22.3804,32.4816,-32.4816,0.0000000,c1ccc2cccc(c2c1)C=C1C=c2c(C=C1)cccc2,0,,0.0000000,0.0000,0.0000000,0.0000,0.0000000,0.0000,0.0000000,0.0000,None,28
26.0762,47.4527,-29.6841,0.1388171,CC(=Cc1cc(C=C(C#N)C#N)c(C=C(C#N)C#N)s1)Cc1ccc(N(c2ccccc2)c2ccccc2)cc1,1,C(=Cc1cccs1)Cc1ccc(N(c2ccccc2)c2ccccc2)cc1,0.1333017,540.3258,0.2108894,0.2109,0.5085855,3.3806,1.0000000,1.0000,[],28
38.9173,46.6233,-46.0567,0.0044266,COc1ccc(C=Nc2ccc(S(=O)(=O)CC(C#N)NC(=O)c3cc(OC)c(OC)c(OC)c3)cc2)cc1,1,O=C(NCCS(=O)(=O)c1ccc(N=Cc2ccccc2)cc1)c1ccccc1,0.0034806,338.5793,0.3667713,0.3668,0.5347785,3.1295,1.0000000,1.0000,[],28
37.8853,55.0249,61.2248,0.9082008,CN(C)c1ccc(-c2nc(C=Cc3ccccc3)c(C=C(C#N)C#N)nc2-c2ccc3c(c2)C(=O)c2ccccc2C3=O)cc1,1,O=C1c2ccccc2C(=O)c2cc(-c3ncc(C=Cc4ccccc4)nc3-c3ccccc3)ccc21,0.9647877,484.0566,0.1898860,0.1899,0.5380814,3.0987,1.0000000,1.0000,[],28
20.5530,30.6728,77.1323,0.8422267,C(=Cc1nc2ccccc2c2nc3ccccc3nc12)c1ccccc1,1,C(=Cc1nc2ccccc2c2nc3ccccc3nc12)c1ccccc1,0.8737011,420.9991,0.3160791,0.3161,0.6412406,2.2218,1.0000000,1.0000,[],28
28.0008,34.5115,2.3301,0.2878249,C(=Cc1c2ccccc2cc2ccc3ccccc3c12)c1cc2ccccc2c2ccccc12,1,C(=Cc1c2ccccc2cc2ccc3ccccc3c12)c1cc2ccccc2c2ccccc12,0.2892415,390.2385,0.1454373,0.1454,0.6346394,2.2735,1.0000000,1.0000,[],28
36.2486,42.6155,71.9883,0.8953418,C[n+]1c2ccccc2c(N(c2ccc3ccccc3c2)c2cccc3ccccc23)c2ccc3ccccc3c21,1,c1ccc2cc(N(c3cccc4ccccc34)c3c4ccccc4[nH+]c4c3ccc3ccccc34)ccc2c1,0.9602428,485.4259,0.1300588,0.1301,0.5822819,2.7040,1.0000000,1.0000,[],28
26.4488,42.9799,55.9188,0.7726459,CCN(CC)c1ccc(C=Cc2nc3ccc(N=Nc4ccc(C=C(C#N)C#N)cc4)cc3s2)c(C)c1,1,C(=Cc1nc2ccc(N=Nc3ccccc3)cc2s1)c1ccccc1,0.8156812,503.8512,0.1784689,0.1785,0.5302228,3.1723,1.0000000,1.0000,[],28
36.2582,47.1923,10.1910,0.4483074,CN1c2ccc(-c3ccc(N(c4ccc(N(c5ccccc5)c5ccc(C=Cc6ccc(N(c7ccccc7)c7ccccc7)cc6)cc5)cc4)c4ccc5ccccc5c4)cc3)cc2C=CC1(C)C,1,C1=Cc2cc(-c3ccc(N(c4ccc(N(c5ccccc5)c5ccc(C=Cc6ccc(N(c7ccccc7)c7ccccc7)cc6)cc5)cc4)c4ccc5ccccc5c4)cc3)ccc2NC1,0.4669584,398.5629,0.1132743,0.1133,0.5091955,3.3746,1.0000000,1.0000,[],28
31.4565,36.8045,-31.9630,0.0378242,COc1ccc(C=Cc2ccc(NC(C)=O)cn2)c2ccccc12,1,C(=Cc1cccc2ccccc12)c1ccccn1,0.0323826,363.1152,0.7767781,0.7768,0.6504682,2.1503,1.0000000,1.0000,[],28
36.6940,55.0548,-55.0548,0.0000000,C(C(C)(C)c1ccc(-c2ccc(-c3sc(c(C=C4C=Cc5ccccc5C=4)c3)C)cc2)cc1)#N,0,,0.0000000,0.0000,0.0000000,0.0000,0.0000000,0.0000,0.0000000,0.0000,None,28
44.5672,66.8063,45.6240,0.8783613,CCCCCCCCN(CC)c1ccc(C=Cc2ccc(-c3nc(N=Cc4ccc(C=C(C#N)C#N)cc4)c(-c4cccc[n+]4C)c(-c4ccccc4)c3C#N)cc2)cc1,1,C(=Cc1ccc(-c2cc(-c3ccccc3)c(-c3cccc[nH+]3)c(N=Cc3ccccc3)n2)cc1)c1ccccc1,0.9899130,470.2041,0.0301067,0.0301,0.4729395,3.7439,1.0000000,1.0000,[],28
17.2563,17.2103,-17.2070,0.0000259,c1ccc2[nH]cnc2c1,1,c1ccc2[nH]cnc2c1,0.0000153,279.5969,0.5583728,0.5584,0.6822022,1.9121,1.0000000,1.0000,[],28
38.2741,44.9983,67.3092,0.8774024,CC(=Cc1sc2ccccc2c1-c1cccc2c1ccc1ccccc12)C=C1Sc2ccccc2N1C,1,C(=Cc1sc2ccccc2c1-c1cccc2c1ccc1ccccc12)C=C1Nc2ccccc2S1,0.9253902,492.6618,0.2174177,0.2174,0.5669793,2.8372,1.0000000,1.0000,[],28
27.7920,41.2489,-9.9355,0.2446359,C(=Cc1cc(-c2ccc(-n3c4ccccc4c4ccccc43)cc2)cc2c1ccc1ccccc12)c1ccc(N(c2ccccc2)c2ccccc2)cc1,1,C(=Cc1cc(-c2ccc(-n3c4ccccc4c4ccccc43)cc2)cc2c1ccc1ccccc12)c1ccc(N(c2ccccc2)c2ccccc2)cc1,0.2457725,387.8258,0.1195123,0.1195,0.5748494,2.7682,1.0000000,1.0000,[],28
27.8768,44.2673,75.3457,0.9344765,N#CC(C#N)=Cc1ccc(C=Cc2cc(-c3cc4ccccc4c4ccccc34)ccn2)o1,1,C(=Cc1ccco1)c1cc(-c2cc3ccccc3c3ccccc23)ccn1,0.9876165,447.5436,0.2253441,0.2253,0.5704314,2.8068,1.0000000,1.0000,[],28
43.1570,65.0738,50.8418,0.9055907,CCN(CC)c1ccc(C=Nc2ccc(-c3c(-c4ccc(N(C)C)cc4)cc(-c4ccc(C=C(C#N)C#N)s4)c4ccc(S(C)(=O)=O)cc34)cc2)cc1,1,C(=Nc1ccc(-c2c(-c3ccccc3)cc(-c3cccs3)c3ccccc23)cc1)c1ccccc1,0.9837381,444.5427,0.0970598,0.0971,0.5061322,3.4048,1.0000000,1.0000,[],28
21.2610,33.1241,18.6107,0.4041783,N#CC(C#N)=c1c(=CC=Cc2ccc(N(c3ccccc3)c3ccccc3)cc2)sc2ccccc12,1,C=c1c(=CC=Cc2ccc(N(c3ccccc3)c3ccccc3)cc2)sc2ccccc12,0.4064891,524.1095,0.2710304,0.2710,0.5614409,2.8862,1.0000000,1.0000,[],28
18.2168,31.5793,87.8923,0.9333718,CN(C)c1ccc(-c2c3ccc(=N)cc-3oc3ccccc23)cc1,1,N=c1ccc2c(-c3ccccc3)c3ccccc3oc-2c1,0.9575776,486.1605,0.5423652,0.5424,0.6244985,2.3540,1.0000000,1.0000,[],28
29.8071,44.3671,77.1378,0.9492572,COc1ccc(-c2sc(-c3ccc(C=C(C#N)C#N)s3)cc2C=C(C#N)C#N)cc1NC(C#N)=C(C#N)C#N,1,c1ccc(-c2ccc(-c3cccs3)s2)cc1,0.9956772,459.0588,0.3375630,0.3376,0.4634814,3.8449,1.0000000,1.0000,[],28
36.2239,43.8652,-29.7238,0.1104799,CCC1(CC)c2ccccc2-c2ccc(C=Cc3cc(Br)c4c5c(cccc35)CC4)cc21,1,C(=Cc1ccc2c3c(cccc13)CC2)c1ccc2c(c1)Cc1ccccc1-2,0.1039448,376.6117,0.2563773,0.2564,0.5658728,2.8469,1.0000000,1.0000,[],28
19.4766,21.4143,-21.1209,0.0022918,N#Cc1ccc2c(c1)NCC2,1,c1ccc2c(c1)CCN2,0.0017085,330.8339,0.5989323,0.5989,0.6212292,2.3803,1.0000000,1.0000,[],28
19.4020,27.3625,63.6390,0.7109492,CCCCN(CCCC)c1ccc(C=C(C=C(C#N)C#N)c2ccccc2)cc1,1,C(=Cc1ccccc1)c1ccccc1,0.7367076,508.8286,0.2634745,0.2635,0.5811684,2.7136,1.0000000,1.0000,[],28
33.8352,46.0401,70.0716,0.9071227,Cn1c2ccccc2c2ccc3ccc(N(c4ccc(C=O)cc4)c4ccccc4C=C(C#N)C#N)cc3c21,1,c1ccc(N(c2ccccc2)c2ccc3ccc4c5ccccc5[nH]c4c3c2)cc1,0.9652477,436.0914,0.1758998,0.1759,0.5559841,2.9351,1.0000000,1.0000,[],28
16.9888,31.8232,20.7891,0.4110333,CCN(CC)c1ccc(C=Cc2ccc3ccccc3c2OC)cc1,1,C(=Cc1ccc2ccccc2c1)c1ccccc1,0.4039290,395.7752,0.5241331,0.5241,0.6534303,2.1276,1.0000000,1.0000,[],28
29.5463,35.1331,28.6043,0.4979484,CCn1ccc2cc3c4c(c5ccccc5c3cc21)CCC=C4,1,C1=Cc2c(c3ccccc3c3cc4[nH]ccc4cc23)CC1,0.5003352,400.0146,0.3838474,0.3838,0.5862466,2.6701,1.0000000,1.0000,[],28
26.5422,34.0877,-34.0877,0.0000000,c1(-c2ccc(cc2)N(c2ccccc2)c2ccccc2)cc2n(nc3c(cccc3)c2cc1)-c1ccccc1,0,,0.0000000,0.0000,0.0000000,0.0000,0.0000000,0.0000,0.0000000,0.0000,None,28
33.6375,27.9955,-27.8054,0.0014850,Nc1ccc(Cl)c(C(=O)N2CCc3cc(Cl)ccc32)n1,1,O=C(c1ccccn1)N1CCc2ccccc21,0.0010685,325.7306,0.8800015,0.8800,0.6372595,2.2529,1.0000000,1.0000,[],28
36.3414,51.9636,25.2741,0.6034188,CCN1C(=O)C(=Cc2nc(-c3ccc(C)cc3)c(C#N)c(C#N)c2C#N)C(=O)N(CC)C1=O,1,O=C1NC(=O)C(=Cc2cccc(-c3ccccc3)n2)C(=O)N1,0.6074460,404.7402,0.5274331,0.5274,0.5383688,3.0961,1.0000000,1.0000,[],28
59.9304,81.5544,-81.5544,0.0000000,S1CC(=C(C(c2nc(cc(c2)C(C)=Cc2ccc(N(CC)CC)cc2)=C2N=C3C=CC=CC3=C2)=C1)[N+]#N)SC,0,,0.0000000,0.0000,0.0000000,0.0000,0.0000000,0.0000,0.0000000,0.0000,None,28
40.3412,56.0549,51.1800,0.8377724,C(=Cc1ccccc1)C1=CC(=Cc2cc3c(s2)C=CC3=Cc2nn(-c3ccccc3)c3ccccc23)c2ccccc21,1,C(=Cc1ccccc1)C1=CC(=Cc2cc3c(s2)C=CC3=Cc2nn(-c3ccccc3)c3ccccc23)c2ccccc21,0.8846123,497.8852,0.2072568,0.2073,0.5137740,3.3299,1.0000000,1.0000,[],28
32.5555,38.6837,-38.6837,0.0000000,C1(C)(C)C=Cc2c(cc3c(c2)OC(=Cc2ccc(cc2)N(C)C)C3=O)C=1,0,,0.0000000,0.0000,0.0000000,0.0000,0.0000000,0.0000,0.0000000,0.0000,None,28
22.8087,28.8947,94.4878,0.9639253,CC(=O)C(C#N)=Cc1cc(N(C)C)ccc1N,1,c1ccccc1,0.9952287,462.0178,0.4874125,0.4874,0.5874725,2.6596,1.0000000,1.0000,[],28
53.1614,83.5509,31.7821,0.9010390,CCN(CC)c1ccc(C=Cc2c(C)nc(C=Cc3cc(-c4ccc(N(c5ccccc5)c5ccc(C(C#N)=Cc6ccc(C=C(C#N)C#N)cc6)cc5)cc4)ccc3Cl)c(C#N)c2Cl)cc1,1,C(=Cc1ccc(N(c2ccccc2)c2ccc(-c3cccc(C=Cc4ccc(C=Cc5ccccc5)cn4)c3)cc2)cc1)c1ccccc1,0.9871966,472.8231,0.0788192,0.0788,0.4550495,3.9367,1.0000000,1.0000,[],28
35.4323,48.0895,0.0864,0.3763748,Cc1ccc2c(C)c(S(=O)(=O)c3ccccc3)c(-c3ccccc3)cc2c1C=Cc1ccc(N(c2ccccc2)c2ccccc2)cc1,1,O=S(=O)(c1ccccc1)c1cc2cccc(C=Cc3ccc(N(c4ccccc4)c4ccccc4)cc3)c2cc1-c1ccccc1,0.3837716,394.8583,0.1549771,0.1550,0.5651537,2.8533,1.0000000,1.0000,[],28
21.4293,39.8704,77.2502,0.9150050,N#CC(C#N)=Cc1cc2c(ccc3ccccc32)cc1C=CC=Cc1ccc(N(c2ccccc2)c2ccccc2)cc1,1,C(C=Cc1ccc2c(ccc3ccccc32)c1)=Cc1ccc(N(c2ccccc2)c2ccccc2)cc1,0.9878644,447.7659,0.1130325,0.1130,0.5536635,2.9560,1.0000000,1.0000,[],28
27.9736,40.3008,81.1459,0.9488029,CCN(CC)c1ccc(N=Nc2cccc3c2ccc2ccccc23)cc1,1,c1ccc(N=Nc2cccc3c2ccc2ccccc23)cc1,0.9951643,462.1641,0.2740562,0.2741,0.6339250,2.2791,1.0000000,1.0000,[],28
32.8158,45.0275,-45.0275,0.0000000,COC(=O)c1ccc(N)c(C=Cc2ccc(N(c3ccc(C=Cc4ccc(N(c5ccccc5)c5ccccc5)cc4)cc3)c3ccc4ccccc4c3)cc2)c1,1,C(=Cc1ccc(N(c2ccc(C=Cc3ccc(N(c4ccccc4)c4ccccc4)cc3)cc2)c2ccc3ccccc3c2)cc1)c1ccccc1,0.0000000,0.0000,0.0000000,0.0000,0.0000000,0.0000,0.0000000,0.0000,"['C(=[O,S])[O,S]']",28
46.6000,62.0285,34.2421,0.7521143,CCN(CC)c1ccc(C=CC2=CN(C(=O)Nc3ccc(Nc4cccc(C=Cc5ccc(N(c6ccccc6)c6ccccc6)cc5)c4)cc3)C(c3ccccc3)C=C2)cc1,1,O=C(Nc1ccc(Nc2cccc(C=Cc3ccc(N(c4ccccc4)c4ccccc4)cc3)c2)cc1)N1C=C(C=Cc2ccccc2)C=CC1c1ccccc1,0.8081591,415.6139,0.1074683,0.1075,0.4583229,3.9009,1.0000000,1.0000,[],28
31.4737,37.9206,-9.6465,0.2208908,Fc1ccc(N(c2ccccc2)c2ccc(C=Cc3cc4ccccc4c4sc5ccccc5c34)cc2)cc1,1,C(=Cc1cc2ccccc2c2sc3ccccc3c12)c1ccc(N(c2ccccc2)c2ccccc2)cc1,0.2168457,386.0576,0.2036323,0.2036,0.6004071,2.5507,1.0000000,1.0000,[],28
22.8023,37.9434,82.4929,0.9409082,C=CCn1c(=Cc2ccc(N(C)C)cc2)sc(=O)c1=Cc1ccc(N(CC)CC)cc1,1,O=c1sc(=Cc2ccccc2)[nH]c1=Cc1ccccc1,0.9702940,482.1485,0.5077314,0.5077,0.5508102,2.9818,1.0000000,1.0000,[],28
38.1815,49.4176,55.2132,0.8174284,CCN1C(=O)C(=Cc2c(O)n(C=Cc3ccc(OC)c([N+](=O)[O-])c3)c(=O)c3ccccc23)C=C1c1ccccc1,1,O=C1NC(c2ccccc2)=CC1=Cc1cn(C=Cc2ccccc2)c(=O)c2ccccc12,0.8639346,499.9317,0.1888343,0.1888,0.5315257,3.1600,1.0000000,1.0000,[],28
37.5053,42.9598,52.7612,0.7478203,CCCSc1c(OCC)ccc(N=Nc2ccc([N+](=O)[O-])cc2)c1N=Nc1ccc(N(CC)CC)cc1,1,c1ccc(N=Nc2ccccc2N=Nc2ccccc2)cc1,0.8033158,504.7221,0.0966297,0.0966,0.5371510,3.1074,1.0000000,1.0000,[],28
25.6317,23.1233,-17.7854,0.0417018,Cc1cc2[nH]cnc(=S)c2s1,1,S=c1nc[nH]c2ccsc12,0.0362810,364.3932,0.6344445,0.6344,0.5240493,3.2308,1.0000000,1.0000,[],28
16.2637,23.6434,99.4907,0.9619849,O=Nc1c2ccccc2nc2ccccc12,1,c1ccc2nc3ccccc3cc2c1,0.9929613,466.2640,0.4507103,0.4507,0.6657059,2.0345,1.0000000,1.0000,[],28
40.6695,57.9163,-57.9163,0.0000000,CCOC(=O)C(C#N)=Cc1ccc(C#N)c(N(C=Cc2ccc(N(C)c3ccccc3)cc2)c2ccc(N(c3ccccc3)c3ccccc3)cc2)c1,1,C(=CN(c1ccccc1)c1ccc(N(c2ccccc2)c2ccccc2)cc1)c1ccc(Nc2ccccc2)cc1,0.0000000,0.0000,0.0000000,0.0000,0.0000000,0.0000,0.0000000,0.0000,"['C(=[O,S])[O,S]']",29
20.8804,27.7152,90.2599,0.9216809,COc1c(C=Cc2ccc(N(C)C)cc2)oc2ccccc2c1=O,1,O=c1cc(C=Cc2ccccc2)oc2ccccc12,0.9361008,429.1457,0.7272233,0.7272,0.6290760,2.3175,1.0000000,1.0000,[],29
27.0435,29.9273,-29.4211,0.0039545,Cc1noc(N2C=CSC=C2)n1,1,C1=CN(c2ncno2)C=CS1,0.0030457,337.1251,0.6612439,0.6612,0.4459822,4.0374,1.0000000,1.0000,[],29
37.2115,53.1832,48.0063,0.7905430,N#CC(=Cc1cccc(-n2c3ccccc3c3ccccc32)c1)C=C(C=Cc1ccccc1)S#N,1,C(=CC=Cc1cccc(-n2c3ccccc3c3ccccc32)c1)C=Cc1ccccc1,0.8330708,417.4537,0.1921127,0.1921,0.5477104,3.0100,1.0000000,1.0000,[],29
27.2602,47.5867,-16.1015,0.2459776,CCN(CC)c1ccc(C=CC2=CC(=Cc3ccc(-c4ccc5ccccc5c4)s3)N(C)c3ccccc32)cc1,1,C(=Cc1ccccc1)C1=CC(=Cc2ccc(-c3ccc4ccccc4c3)s2)Nc2ccccc21,0.2433087,532.3190,0.2033733,0.2034,0.5493519,2.9951,1.0000000,1.0000,[],29
42.7375,67.2383,41.2664,0.8476926,Cc1c(-c2ccc(C=CC(=O)c3ccc(N(C)C)cc3)cc2)c(C=C(C#N)C#N)n2c(=S)[nH]c3ccccc3c12,1,O=C(C=Cc1ccc(-c2cc3c4ccccc4[nH]c(=S)n3c2)cc1)c1ccccc1,0.9147018,494.2415,0.1043460,0.1043,0.5289674,3.1841,1.0000000,1.0000,[],29
48.6268,64.6105,52.4287,0.9143688,C=Cc1c(C=CC)c(C=C)n(CC)c1-c1c(C=C(C#N)C#N)nc(-c2ccc(N(c3ccccc3)c3ccccc3)cc2)c2ccc(-c3ccc(N(c4ccccc4)c4ccccc4)cc3)cc12,1,c1ccc(N(c2ccccc2)c2ccc(-c3ccc4c(-c5ccc(N(c6ccccc6)c6ccccc6)cc5)ncc(-c5ccc[nH]5)c4c3)cc2)cc1,0.9946798,456.7939,0.1017815,0.1018,0.4514503,3.9764,1.0000000,1.0000,[],29
27.2252,34.6425,-34.2439,0.0031137,CCCc1cn(-c2ccccc2C#N)c2ccccc12,1,c1ccc(-n2ccc3ccccc32)cc1,0.0023466,334.2867,0.6833516,0.6834,0.6536630,2.1258,1.0000000,1.0000,[],29
12.8006,22.0232,-10.5905,0.0893177,N#CC(C#N)=Cc1cccc2ccccc12,1,c1ccc2ccccc2c1,0.0804072,373.5425,0.6690662,0.6691,0.6414512,2.2201,1.0000000,1.0000,[],29
24.1310,30.8500,88.7200,0.9341401,N#CC(=CNc1ccc(N=Nc2ccc([N+](=O)[O-])cc2)cc1)c1nnnn1-c1ccccc1,1,C(=Cc1nnnn1-c1ccccc1)Nc1ccc(N=Nc2ccccc2)cc1,0.9935125,454.6274,0.1858103,0.1858,0.5639796,2.8637,1.0000000,1.0000,[],29
24.1748,40.9906,-4.8059,0.2826927,N#CC(C#N)=Cc1ccc2cc(N(c3ccccc3)c3ccc(-c4sc(C=C(C#N)C#N)c5ccccc45)cc3)ccc2c1,1,c1ccc(N(c2ccc(-c3scc4ccccc34)cc2)c2ccc3ccccc3c2)cc1,0.2829326,530.0969,0.1828465,0.1828,0.5219829,3.2506,1.0000000,1.0000,[],29
28.1524,47.3587,53.2723,0.7861791,CCN(CC)c1ccc(C=C(C=Cc2ccc(N(c3ccccc3)c3ccccc3)cc2)c2ccc(N=Nc3ccc(N(CC)CC)cc3)c(C#N)c2)cc1,1,C(=Cc1ccc(N(c2ccccc2)c2ccccc2)cc1)C(=Cc1ccccc1)c1ccc(N=Nc2ccccc2)cc1,0.8603151,500.2623,0.0601909,0.0602,0.5135043,3.3325,1.0000000,1.0000,[],29
23.1410,37.9002,58.9433,0.7565902,CCN(CC)c1ccc(C=CC=Cc2ccc(N(c3ccccc3)c3ccc(-c4cccc5ccccc45)cc3)cc2)cc1,1,C(C=Cc1ccc(N(c2ccccc2)c2ccc(-c3cccc4ccccc34)cc2)cc1)=Cc1ccccc1,0.8000366,415.0540,0.1511589,0.1512,0.5972631,2.5770,1.0000000,1.0000,[],29
25.8782,29.9550,88.9144,0.9286678,N#Cc1ccc(N=Nc2cccc3[nH]c4ccccc4c23)cc1,1,c1ccc(N=Nc2cccc3[nH]c4ccccc4c23)cc1,0.9564298,433.5366,0.4800428,0.4800,0.6167043,2.4168,1.0000000,1.0000,[],29
33.7757,38.9606,-38.9053,0.0004313,C=CN1c2ccccc2CCc2ccc(CN=C=S)cc21,1,c1ccc2c(c1)CCc1ccccc1N2,0.0002952,311.7572,0.6032485,0.6032,0.5442541,3.0417,1.0000000,1.0000,[],29
18.1506,30.2350,75.6226,0.8270123,CCN(CC)c1ccc(C=Cc2cc(N(CC)CC)ccc2C=O)cc1,1,C(=Cc1ccccc1)c1ccccc1,0.8486381,418.7177,0.4490483,0.4490,0.6065100,2.5002,1.0000000,1.0000,[],29
26.1950,38.6601,49.1498,0.6860148,N#Cc1c(C=Cc2cc3ccccc3s2)c2cccc3ccc4cccc1c4c32,1,C(=Cc1cc2cccc3ccc4cccc1c4c32)c1cc2ccccc2s1,0.7082494,409.6294,0.2784849,0.2785,0.5829406,2.6983,1.0000000,1.0000,[],29
23.6372,41.4926,60.1392,0.7939982,CCN(CC)c1ccc(C=Cc2cc(N(c3ccccc3)c3ccccc3)ccc2C=Cc2ccc(N(c3ccccc3)c3ccccc3)cc2)c(I)c1,1,C(=Cc1cc(N(c2ccccc2)c2ccccc2)ccc1C=Cc1ccc(N(c2ccccc2)c2ccccc2)cc1)c1ccccc1,0.8585876,419.5824,0.0848108,0.0848,0.5540267,2.9527,1.0000000,1.0000,[],29
32.2634,49.1311,-49.1311,0.0000000,c1(-c2nc3c4c(c5c(c3cc2)cccc5)C=C(C#N)C#N)cccc(c1)-c1nc2ccccc2s1,0,,0.0000000,0.0000,0.0000000,0.0000,0.0000000,0.0000,0.0000000,0.0000,None,29
30.4182,41.2842,21.1959,0.4881259,C[N+](C)=COc1ccc(-c2cnc(C=Cc3ccc(N(c4ccccc4)c4ccccc4)cc3)o2)cc1,1,C(=Cc1ncc(-c2ccccc2)o1)c1ccc(N(c2ccccc2)c2ccccc2)cc1,0.5076651,400.3329,0.1282423,0.1282,0.5618540,2.8826,1.0000000,1.0000,[],29
29.0276,46.1181,44.6839,0.7093904,Cc1cc(N=Cc2ccc(N(c3ccccc3)c3ccccc3)cc2)c(C)cc1C=Cc1cc(N(c2ccccc2)c2ccccc2)ccc1C=Cc1ccc(N(c2ccccc2)c2ccccc2)cc1,1,C(=Cc1cc(N(c2ccccc2)c2ccccc2)ccc1C=Cc1ccc(N(c2ccccc2)c2ccccc2)cc1)c1ccc(N=Cc2ccc(N(c3ccccc3)c3ccccc3)cc2)cc1,0.7664810,412.9045,0.0755629,0.0756,0.5163988,3.3044,1.0000000,1.0000,[],29
24.3298,39.9643,76.3840,0.9089716,COc1cc(C=C(C#N)c2ccc(N(c3ccccc3)c3ccccc3)cc2)ccc1C#N,1,C(=Cc1ccc(N(c2ccccc2)c2ccccc2)cc1)c1ccccc1,0.9551630,433.2110,0.2431431,0.2431,0.6237937,2.3597,1.0000000,1.0000,[],29
28.3629,39.5954,73.1407,0.8807508,CN(c1ccc(C=C(C#N)c2ccccc2)cc1)c1ccc(C=C(C#N)C(=O)c2ccccc2)s1,1,O=C(C=Cc1ccc(Nc2ccc(C=Cc3ccccc3)cc2)s1)c1ccccc1,0.9459125,488.9312,0.1221007,0.1221,0.5749829,2.7671,1.0000000,1.0000,[],29
19.0473,39.6519,72.0463,0.8726416,N#CC(C=Cc1ccccc1)=Cc1ccc(N(c2ccccc2)c2ccc(C=CC=Cc3ccc(N(c4ccccc4)c4ccccc4)cc3)cc2)cc1,1,C(C=Cc1ccc(N(c2ccccc2)c2ccc(C=CC=Cc3ccc(N(c4ccccc4)c4ccccc4)cc3)cc2)cc1)=Cc1ccccc1,0.9446731,430.8086,0.0942529,0.0943,0.5681744,2.8266,1.0000000,1.0000,[],29
28.3444,36.1782,-35.1379,0.0081276,COc1ccc(C=Cc2cccc(O)c2-n2c3ccccc3c3ccccc32)cc1,1,C(=Cc1ccccc1-n1c2ccccc2c2ccccc21)c1ccccc1,0.0065850,345.5356,0.3472857,0.3473,0.6395049,2.2353,1.0000000,1.0000,[],29
37.0091,64.6398,45.4592,0.8601487,N#CC(C#N)=Cc1ccc(C#N)c(CN2CCN(C(=Cc3ccc(N4CCCC4)cc3)c3ccc(N(c4ccccc4)c4ccccc4)cc3)CC2)c1,1,C(=C(c1ccc(N(c2ccccc2)c2ccccc2)cc1)N1CCN(Cc2ccccc2)CC1)c1ccc(N2CCCC2)cc1,0.9283737,492.1837,0.1066041,0.1066,0.5250279,3.2215,1.0000000,1.0000,[],29
53.9528,68.8134,-68.8134,0.0000000,c12c(cccc1)N(C(=CC=Cc1ccc3N(C4CCCC(c5ccccc5)=C4)C(C=Cc31)=O)c1ccc(C(F)(F)F)cc1)C2=Cc1ccccc1,0,,0.0000000,0.0000,0.0000000,0.0000,0.0000000,0.0000,0.0000000,0.0000,None,29
31.0203,30.5154,-30.5020,0.0001054,Cc1ccc(S(=O)(=O)N(CC(=O)Nc2cc(C(F)(F)F)ccc2Cl)c2ccc(C)c(C)c2)cc1,1,O=C(CN(c1ccccc1)S(=O)(=O)c1ccccc1)Nc1ccccc1,0.0000675,295.7286,0.4343286,0.4343,0.6393876,2.2362,1.0000000,1.0000,[],29
36.4305,57.9831,55.8668,0.8894519,CCN(CC)c1ccc(C=Cc2ccc(N=Nc3cc4c(cc3C#N)CCCC4)cc2C=Nc2ccc(N=Nc3ccccc3)cc2)cc1,1,C(=Cc1ccc(N=Nc2ccc3c(c2)CCCC3)cc1C=Nc1ccc(N=Nc2ccccc2)cc1)c1ccccc1,0.9706940,481.9969,0.0815586,0.0816,0.5040882,3.4250,1.0000000,1.0000,[],29
25.0340,38.3368,-38.3368,0.0000000,c1c2-c(ccc(=Nc3ccc(C)cc3)c-2ccc1C#N)c1ccc(N(CC)CC)cc1,0,,0.0000000,0.0000,0.0000000,0.0000,0.0000000,0.0000,0.0000000,0.0000,None,29
29.0530,30.8222,-30.8047,0.0001368,CCNC(=NCc1cccnc1OCC)NC(C)c1ccc(C)s1,1,C(=NCc1cccnc1)NCc1cccs1,0.0000883,298.6442,0.5931830,0.5932,0.5245990,3.2256,1.0000000,1.0000,[],29
25.2405,42.0688,76.2419,0.9243022,N#CC(C#N)=Cc1ccccc1N(c1ccccc1)c1ccc(-n2cc(C=C(C#N)C#N)c3ccccc32)cc1,1,c1ccc(N(c2ccccc2)c2ccc(-n3ccc4ccccc43)cc2)cc1,0.9789349,441.6798,0.2146755,0.2147,0.5397834,3.0829,1.0000000,1.0000,[],29
29.7425,43.0117,77.6262,0.9424833,O=c1c(C=Cc2ccccc2)cc(-c2ccc3ccccc3c2)ccc1N(c1ccccc1)c1ccccc1,1,O=c1c(C=Cc2ccccc2)cc(-c2ccc3ccccc3c2)ccc1N(c1ccccc1)c1ccccc1,0.9948090,462.9379,0.2264445,0.2264,0.6146173,2.4338,1.0000000,1.0000,[],29
76.3425,91.1264,-91.1264,0.0000000,CCN(CC)c1ccc(C2CC=Cc3cccc4c3C2(c2ccc(N(CC)CC)cc2)ON(CC#CCn2c(N3CCCCC3)nc3ccc(C=Cc5ccc(N(C)C)cc5)cc3c2=O)C4=O)cc1,1,O=C1c2cccc3c2C(c2ccccc2)(ON1CC#CCn1c(N2CCCCC2)nc2ccc(C=Cc4ccccc4)cc2c1=O)C(c1ccccc1)CC=C3,0.0000000,0.0000,0.0000000,0.0000,0.0000000,0.0000,0.0000000,0.0000,['C#C'],29
27.0699,44.7314,73.3119,0.9222130,CCN(CC)c1ccc(N=Nc2ccc(C(=O)Nc3ccc(C=Cc4nc(-c5ccc(N(c6ccccc6)c6ccccc6)cc5)no4)cc3)cc2)cc1,1,O=C(Nc1ccc(C=Cc2nc(-c3ccc(N(c4ccccc4)c4ccccc4)cc3)no2)cc1)c1ccc(N=Nc2ccccc2)cc1,0.9947372,463.0877,0.1196573,0.1197,0.5413842,3.0681,1.0000000,1.0000,[],29
28.2020,47.0387,22.0504,0.5397587,N#CC(C#N)=CN(c1ccccc1)c1cc(C=C2C=Cc3ccccc3C=C2)c2ccccc2c1,1,C1=Cc2ccccc2C=CC1=Cc1cc(Nc2ccccc2)cc2ccccc12,0.5501381,402.1848,0.2975290,0.2975,0.5336791,3.1398,1.0000000,1.0000,[],29
21.1713,28.4112,-25.5001,0.0227430,c1ccc(N(c2ccccc2)c2ccc(-c3ccc(-n4c5ccccc5c5ccc(N(c6ccccc6)c6ccccc6)cc54)cc3)cc2)cc1,1,c1ccc(N(c2ccccc2)c2ccc(-c3ccc(-n4c5ccccc5c5ccc(N(c6ccccc6)c6ccccc6)cc54)cc3)cc2)cc1,0.0199371,357.7102,0.1616658,0.1617,0.6245415,2.3537,1.0000000,1.0000,[],29
40.1497,44.7832,-16.9555,0.2174040,COC1=CCCC2=C1C(c1cccs1)C(Br)C(C)=N2,1,C1=CC2=C(CC1)N=CCC2c1cccs1,0.2062244,385.3661,0.7196223,0.7196,0.4431686,4.0690,1.0000000,1.0000,[],29
23.5910,25.8722,95.7660,0.9502992,O=C1C(=Cc2cc3ccccc3[nH]c2=O)C(=O)c2ccccc21,1,O=C1C(=Cc2cc3ccccc3[nH]c2=O)C(=O)c2ccccc21,0.9744717,439.5437,0.5547778,0.5548,0.6461013,2.1840,1.0000000,1.0000,[],29
48.7936,69.7547,17.2181,0.6794748,CCOc1cc(C=Nc2ccc(Sc3ccc(N4CCCC4)cc3)cc2)ccc1N(CC)c1ccc(C=C(C)C#N)c(C=Cc2ccccc2)c1,1,C(=Cc1cccc(Nc2ccc(C=Nc3ccc(Sc4ccc(N5CCCC5)cc4)cc3)cc2)c1)c1ccccc1,0.7343937,411.0423,0.0699975,0.0700,0.5121748,3.3454,1.0000000,1.0000,[],29
47.7130,66.0702,-66.0702,0.0000000,CN(C)c1ccc(C(=Cc2ccc(N(c3ccc(C4=Nc5ccccc5C=Cc5ccccc54)cc3)c3c(F)c(F)c(F)c(F)c3F)cc2)c2ccc(C=C(C#N)C#N)cc2)cc1,1,C1=Cc2ccccc2C(c2ccc(N(c3ccccc3)c3ccc(C=C(c4ccccc4)c4ccccc4)cc3)cc2)=Nc2ccccc21,0.0000000,0.0000,0.0000000,0.0000,0.0000000,0.0000,0.0000000,0.0000,['[*;r{8-17}]'],29
22.3334,32.7489,68.0714,0.7876588,C=CC(C=Cc1ccc2ccccc2c1)=C(C#N)C#N,1,c1ccc2ccccc2c1,0.7997122,415.0320,0.6038892,0.6039,0.5703210,2.8078,1.0000000,1.0000,[],29
43.8451,46.9666,-46.7358,0.0018029,O=Cc1cccc(-c2nc3cc(-n4c5ccccc5c5ccccc54)ccc3n2-c2ccc(B3OCCO3)cc2)c1,1,c1ccc(-c2nc3cc(-n4c5ccccc5c5ccccc54)ccc3n2-c2ccc(B3OCCO3)cc2)cc1,0.0013793,328.5064,0.1913809,0.1914,0.5526717,2.9650,1.0000000,1.0000,[],29
48.1472,54.9008,11.2558,0.5168486,COc1ccc2cc3cc(-c4ccc(-c5ccc(N)c(C=N)c5)nc4)ccc3cc2c1,1,c1ccc(-c2ccc(-c3ccc4cc5ccccc5cc4c3)cn2)cc1,0.5301301,401.3101,0.2097546,0.2098,0.5990116,2.5624,1.0000000,1.0000,[],29
30.9580,37.1720,-17.7242,0.1519355,CC1(C)c2ccccc2-c2ccc(N(c3ccccc3)c3ccc(-c4nc(-c5ccccc5)nc(-c5ccccc5)c4-c4ccccc4)cc3)cc21,1,c1ccc(-c2nc(-c3ccccc3)c(-c3ccccc3)c(-c3ccc(N(c4ccccc4)c4ccc5c(c4)Cc4ccccc4-5)cc3)n2)cc1,0.1471785,380.9247,0.1693597,0.1694,0.5849960,2.6808,1.0000000,1.0000,[],29
39.5759,52.5557,64.1332,0.9116323,CN(C)c1ccc(C=Cc2nc(NCc3cccc([N+](=O)[O-])c3)nc(C=Cc3cccc([N+](=O)[O-])c3)c2C#N)cc1,1,C(=Cc1cc(C=Cc2ccccc2)nc(NCc2ccccc2)n1)c1ccccc1,0.9698012,437.6673,0.1810549,0.1811,0.5455586,3.0297,1.0000000,1.0000,[],29
23.0022,28.4486,-28.2262,0.0017380,OCC1c2ccccc2-c2cc(N3CCCCC3)ccc21,1,c1ccc2c(c1)Cc1ccc(N3CCCCC3)cc1-2,0.0012615,327.5355,0.9039854,0.9040,0.5981820,2.5693,1.0000000,1.0000,[],29
23.9002,40.9244,73.8071,0.8963398,CCN(C=Cc1ccc(N(c2ccccc2)c2ccccc2)cc1)c1ccc(C(=O)C=Cc2ccc(N(CC)CC)cc2)cc1,1,O=C(C=Cc1ccccc1)c1ccc(NC=Cc2ccc(N(c3ccccc3)c3ccccc3)cc2)cc1,0.9697437,437.6460,0.1005268,0.1005,0.5675527,2.8321,1.0000000,1.0000,[],29
54.0758,80.5807,-80.5807,0.0000000,c1(c(c2c3c(ccc2)C(=CC(=O)c3cc1)C)-c1ccc(N=Nc2ccccc2)c(C=C(C#N)C#N)c1C#N)N=c1ccc(cc1)=N,0,,0.0000000,0.0000,0.0000000,0.0000,0.0000000,0.0000,0.0000000,0.0000,None,29
36.0453,36.8518,-36.8518,0.0000000,CN(C)c1ccc(C2=NSC3=NC(=O)C(=Cc4ccc(F)cc4Cl)C(=N)N32)cc1,1,N=C1C(=Cc2ccccc2)C(=O)N=C2SN=C(c3ccccc3)N12,0.0000000,0.0000,0.0000000,0.0000,0.0000000,0.0000,0.0000000,0.0000,['[#7;!n][S;!$(S(=O)=O)]'],29
25.0170,36.0453,80.6807,0.9119221,Cc1ccccc1-c1ccc(-c2ccc(N(c3ccccc3)c3ccccc3)cc2)cc1C=C(C#N)C#N,1,c1ccc(-c2ccc(-c3ccc(N(c4ccccc4)c4ccccc4)cc3)cc2)cc1,0.9616210,434.9728,0.2242888,0.2243,0.6011573,2.5445,1.0000000,1.0000,[],29
14.2083,22.4113,-19.4124,0.0234288,N#CC(C#N)=Cc1ccc(-c2ccc(C#N)cc2)cc1,1,c1ccc(-c2ccccc2)cc1,0.0195728,357.5060,0.7686084,0.7686,0.6388395,2.2405,1.0000000,1.0000,[],29
65.4109,91.6438,-91.6438,0.0000000,c12c(c3c(C(C=C4C=C(N5c6ccccc6C5)C=Cc5c4cccc3)=C/C=C\C=C)c(-c3ccccc3)c2C=CC=CC=c2ccccc2=C)cccc1,0,,0.0000000,0.0000,0.0000000,0.0000,0.0000000,0.0000,0.0000000,0.0000,None,29
24.0496,30.0603,40.8053,0.5536373,Cc1cc2c(N(c3ccccc3)c3ccccc3)c3ccccc3cc2s1,1,c1ccc(N(c2ccccc2)c2c3ccccc3cc3sccc23)cc1,0.5619056,402.7024,0.3147067,0.3147,0.6388466,2.2405,1.0000000,1.0000,[],29
29.2650,45.8648,-21.0966,0.1935014,N#CC(C#N)=Cc1ccc(-c2ccc(-c3ccc4c5ccccc5c5ccccc5c4c3)c(-c3ccc(C=C(C#N)C#N)cc3)c2)cc1,1,c1ccc(-c2ccc(-c3ccc4c5ccccc5c5ccccc5c4c3)c(-c3ccccc3)c2)cc1,0.1909600,384.3243,0.1434119,0.1434,0.5682834,2.8257,1.0000000,1.0000,[],29
27.4548,42.1772,60.2434,0.8001604,CCN(CC)c1ccc(C=Cc2ccc(C=Nc3ccc4c5ccccc5c5cc(N=Cc6ccc(N(CC)CC)cc6)ccc5c4c3)cc2)cc1,1,C(=Cc1ccc(C=Nc2ccc3c4ccccc4c4cc(N=Cc5ccccc5)ccc4c3c2)cc1)c1ccccc1,0.8695700,420.5982,0.0731562,0.0732,0.5565580,2.9299,1.0000000,1.0000,[],29
41.1136,56.9409,-56.9409,0.0000000,C1(C)C(C=CC(=C(C=CC=C(C)C=CC=C(C=CC=C2C(C)(C)c3ccccc3N=2)C)C)C=1)=C,0,,0.0000000,0.0000,0.0000000,0.0000,0.0000000,0.0000,0.0000000,0.0000,None,29
33.1064,47.7463,67.8963,0.9034577,CN(C)c1ccc(C=Cc2oc(C=Cc3ccc(F)cc3N(c3ccccc3)c3ccccc3)nc2C=Cc2ccc(N(c3ccccc3)c3ccccc3)cc2)cc1,1,C(=Cc1oc(C=Cc2ccccc2N(c2ccccc2)c2ccccc2)nc1C=Cc1ccc(N(c2ccccc2)c2ccccc2)cc1)c1ccccc1,0.9753957,439.9543,0.1166705,0.1167,0.5115155,3.3519,1.0000000,1.0000,[],29
29.8362,47.4103,71.6592,0.9302307,O=C1c2ccccc2C(=O)c2cc(C=Cc3ccc(C=C4C=Cc5ccccc54)cc3N(c3ccccc3)c3ccccc3)ccc21,1,O=C1c2ccccc2C(=O)c2cc(C=Cc3ccc(C=C4C=Cc5ccccc54)cc3N(c3ccccc3)c3ccccc3)ccc21,0.9908981,450.9224,0.1775182,0.1775,0.5550001,2.9439,1.0000000,1.0000,[],29
21.8379,33.5242,83.9402,0.9176908,CC1(C)c2cc(-c3ccc(C=C(C#N)C#N)s3)ccc2-c2ccc(N(c3ccccc3)c3ccccc3)cc21,1,c1ccc(N(c2ccccc2)c2ccc3c(c2)Cc2cc(-c4cccs4)ccc2-3)cc1,0.9703029,482.1451,0.2172103,0.2172,0.5641565,2.8621,1.0000000,1.0000,[],29
20.5115,28.3961,-12.5234,0.1240057,CN(C)c1ccc(C=Cc2ccc3ccc4ccccc4c3c2)cc1,1,C(=Cc1ccc2ccc3ccccc3c2c1)c1ccccc1,0.1161508,377.9661,0.3189665,0.3190,0.6728458,1.9812,1.0000000,1.0000,[],29
17.7923,29.8781,20.9176,0.3968417,N#Cc1cccc(C=CC=Cc2ccc(N(c3ccccc3)c3ccccc3)cc2)c1,1,C(C=Cc1ccc(N(c2ccccc2)c2ccccc2)cc1)=Cc1ccccc1,0.3960522,395.4188,0.3103775,0.3104,0.6306593,2.3049,1.0000000,1.0000,[],29
18.5450,33.7094,86.1821,0.9366521,CCCCN(c1ccc(C=Cc2ccc(N(CC)CC)cc2)cc1)c1ccc(C=C(C#N)C#N)cc1,1,C(=Cc1ccc(Nc2ccccc2)cc1)c1ccccc1,0.9923616,467.1583,0.2081806,0.2082,0.5746875,2.7696,1.0000000,1.0000,[],29
25.3153,38.8463,77.6915,0.9104518,N#CC(C#N)=Cc1c2ccccc2c(C=Cc2ccc3ncccc3c2)c2ccccc12,1,C(=Cc1c2ccccc2cc2ccccc12)c1ccc2ncccc2c1,0.9670798,436.7000,0.1813147,0.1813,0.5830933,2.6970,1.0000000,1.0000,[],29
35.2429,46.3797,71.8355,0.9235561,N#CC(C#N)=Cc1ccc2c(c1)sc(=Nc1cc(C#N)ccc1[N+](=O)[O-])n2-c1ccccc1,1,c1ccc(N=c2sc3ccccc3n2-c2ccccc2)cc1,0.9744416,439.5306,0.2423029,0.2423,0.5379273,3.1002,1.0000000,1.0000,[],30
29.4966,31.7550,-31.7550,0.0000000,C=CCN1C(=O)C(=Cc2ccc(OC(=O)CCCCC)cc2)SC1=S,1,O=C1NC(=S)SC1=Cc1ccccc1,0.0000000,0.0000,0.0000000,0.0000,0.0000000,0.0000,0.0000000,0.0000,"['C(=[O,S])[O,S]']",30
25.4470,45.2528,64.3586,0.8563395,CCN(CC)c1ccc(C=Cc2cc(-c3ccc(C=C(C#N)C#N)cc3)cc(-c3ccc(N(CC)CC)cc3)c2C#N)cc1,1,C(=Cc1cc(-c2ccccc2)cc(-c2ccccc2)c1)c1ccccc1,0.9172885,426.1235,0.1315780,0.1316,0.5426146,3.0568,1.0000000,1.0000,[],30
20.0876,31.2716,61.0859,0.7215428,CC(C=C(C#N)C#N)=Cc1cc2ccccc2c2ccccc12,1,c1ccc2c(c1)ccc1ccccc12,0.7404894,411.3841,0.3621832,0.3622,0.5923361,2.6184,1.0000000,1.0000,[],30
23.8336,31.7356,91.2449,0.9607850,CCn1c2ccccc2c2cc3sc(C=C(C#N)C#N)cc3cc21,1,c1ccc2c(c1)[nH]c1cc3ccsc3cc12,0.9944188,463.7289,0.4590045,0.4590,0.5676011,2.8317,1.0000000,1.0000,[],30
16.8975,21.0543,-20.8366,0.0017007,N#Cc1ccc(N(c2ccccc2)c2ccccc2)cc1,1,c1ccc(N(c2ccccc2)c2ccccc2)cc1,0.0012406,327.3545,0.6671901,0.6672,0.7032071,1.7605,1.0000000,1.0000,[],30
27.0924,38.3610,78.8184,0.9154642,CCC(C)NC(=O)CN1C=Cc2ccccc2C1=Cc1ccc(N(CC)CC)cc1,1,C1=Cc2ccccc2C(=Cc2ccccc2)N1,0.9359239,429.1136,0.6553143,0.6553,0.5290154,3.1837,1.0000000,1.0000,[],30
17.1148,34.5778,82.7679,0.9167629,N#CC(C#N)=Cc1ccc(-c2ccc(N(c3ccc(C=Cc4ccc(N(c5ccccc5)c5ccccc5)cc4)cc3)c3ccc(C=C(C#N)C#N)cc3)cc2)cc1,1,C(=Cc1ccc(N(c2ccccc2)c2ccc(-c3ccccc3)cc2)cc1)c1ccc(N(c2ccccc2)c2ccccc2)cc1,0.9947045,456.8447,0.0965619,0.0966,0.5561284,2.9338,1.0000000,1.0000,[],30
24.4669,41.2768,58.3577,0.7783946,CCN(CC)c1ccc(C=Cc2cc(C=Cc3ccc(N(CC)CC)cc3)c3ccccc3c2N)cc1,1,C(=Cc1cc(C=Cc2ccccc2)c2ccccc2c1)c1ccccc1,0.8203905,416.4923,0.1790873,0.1791,0.5813214,2.7123,1.0000000,1.0000,[],30
26.8597,44.5538,76.9791,0.9494763,COc1cc(C=CN2c3ccccc3C=Cc3ccccc32)ccc1C=C(C#N)C#N,1,C(=CN1c2ccccc2C=Cc2ccccc21)c1ccccc1,0.9819499,476.6098,0.4734469,0.4734,0.5458288,3.0272,1.0000000,1.0000,[],30
23.0907,38.3007,81.5376,0.9362372,Cc1c(-c2ccc(C=C(C#N)C#N)c3ccccc23)cccc1N(c1ccccc1)c1ccccc1,1,c1ccc(N(c2ccccc2)c2cccc(-c3cccc4ccccc34)c2)cc1,0.9861287,446.2954,0.2459132,0.2459,0.5905781,2.6333,1.0000000,1.0000,[],30
22.2673,30.7131,-30.7131,0.0000000,CCCOC(=O)CCCC=Cc1ccc(N(CC)CC)cc1,1,c1ccccc1,0.0000000,0.0000,0.0000000,0.0000,0.0000000,0.0000,0.0000000,0.0000,"['C(=[O,S])[O,S]']",30
20.6699,26.2456,28.7423,0.4295923,CN(C)c1ccc2c(c1)C(=O)c1ccccc1CC2,1,O=C1c2ccccc2CCc2ccccc21,0.4177664,396.3959,0.7759878,0.7760,0.6663511,2.0297,1.0000000,1.0000,[],30
18.6908,29.3531,-8.1537,0.1656198,CCN(CC)c1ccc(C=Nc2ccc(C=CCc3ccccc3)cc2)cc1,1,C(=Cc1ccc(N=Cc2ccccc2)cc1)Cc1ccccc1,0.1564598,381.7074,0.4121999,0.4122,0.6292452,2.3162,1.0000000,1.0000,[],30
28.7290,46.9654,-46.9654,0.0000000,N#CC(C#N)=Cc1ccc(C=Nc2ccc(SCC(=O)NN=Cc3ccc4ccccc4c3)cc2)cc1,1,O=C(CSc1ccc(N=Cc2ccccc2)cc1)NN=Cc1ccc2ccccc2c1,0.0000000,0.0000,0.0000000,0.0000,0.0000000,0.0000,0.0000000,0.0000,['[#7;!n][#7;!n]'],30
44.3130,65.2895,-65.2895,0.0000000,C(CC#N)CCN1c2c(C(C1=CC=Cc1ccc(-c3ccc(C=C(C#N)C#N)c(OC)c3)cc1)(=O)=O)cc(cc2)C=C(C#N)C#N,0,,0.0000000,0.0000,0.0000000,0.0000,0.0000000,0.0000,0.0000000,0.0000,None,30
34.3909,55.8824,56.9481,0.8814887,CCN(CC)c1ccc(C=Cc2cc(N(c3ccccc3)c3ccccc3)ccc2C=CC2=C3C=CN(C(C)(C)C)C=C3C=CC=C2)cc1,1,C1=CC2=CNC=CC2=C(C=Cc2ccc(N(c3ccccc3)c3ccccc3)cc2C=Cc2ccccc2)C=C1,0.9420882,489.7169,0.1595604,0.1596,0.4865195,3.6024,1.0000000,1.0000,[],30
47.5142,57.1336,-57.1336,0.0000000,C1c2c(C3=CC=C=C=C=3)cc(N3CCCC3)cc2C(C=Cc2c3ccccc3ccc2)=N1,0,,0.0000000,0.0000,0.0000000,0.0000,0.0000000,0.0000,0.0000000,0.0000,None,30
21.6691,38.9349,80.3672,0.9320479,CCCCCCCCN(c1ccc(C=C(C#N)C#N)cc1)c1ccc2c(c1)c1ccccc1n2CC,1,c1ccc(Nc2ccc3[nH]c4ccccc4c3c2)cc1,0.9950432,457.5659,0.1612118,0.1612,0.5798646,2.7248,1.0000000,1.0000,[],30
36.5930,45.0256,-45.0256,0.0000000,c1(ccccc1)-c1nc(-c2cccc(c2)-n2c3c(cccc3)c3ccccc32)nc(c1C=CCC)=C,0,,0.0000000,0.0000,0.0000000,0.0000,0.0000000,0.0000,0.0000000,0.0000,None,30
46.9107,56.8785,-56.8785,0.0000000,CCC(=O)Nc1cc2c(cc1C=C(C#N)C#N)C(C)(c1ccc(Cl)cc1)C(=O)N2CCCCCC(=O)OC,1,O=C1Nc2ccccc2C1c1ccccc1,0.0000000,0.0000,0.0000000,0.0000,0.0000000,0.0000,0.0000000,0.0000,"['C(=[O,S])[O,S]']",30
37.0004,48.0207,-0.9888,0.3674361,CC(=O)C(C=Cc1ccc(-c2ccc(C=Cc3ccccc3)cc2C=C(C#N)C#N)cc1)=Cc1ccccc1,1,C(C=Cc1ccc(-c2ccc(C=Cc3ccccc3)cc2)cc1)=Cc1ccccc1,0.3790347,394.6403,0.1047911,0.1048,0.5512597,2.9777,1.0000000,1.0000,[],30
35.3196,60.0356,-60.0356,0.0000000,CCN(CC)c1ccc(C=Cc2cc3ccccc3c(C(C)=NNc3ccc(C=C(C#N)C#N)cc3)c2C#N)c(C)c1,1,C(=Cc1cc(C=NNc2ccccc2)c2ccccc2c1)c1ccccc1,0.0000000,0.0000,0.0000000,0.0000,0.0000000,0.0000,0.0000000,0.0000,['[#7;!n][#7;!n]'],30
39.4306,58.1520,57.6119,0.9044057,CCCCCCC(=Cc1ccc(N(c2ccccc2)c2ccccc2)cc1)c1sc(-c2ccc3ccc4cccc5ccc2c3c45)cc1C=C(C#N)C#N,1,C(=Cc1ccc(-c2ccc3ccc4cccc5ccc2c3c45)s1)c1ccc(N(c2ccccc2)c2ccccc2)cc1,0.9916181,451.8250,0.0719349,0.0719,0.5086205,3.3803,1.0000000,1.0000,[],30
68.1943,83.3557,30.6634,0.8907743,N#CC(C#N)=Cc1cc(C=C(C#N)c2cc(C=Cc3ccccc3)c(C=O)c(-c3ccccc3)c2F)c(C=Cc2ccc(OS(=O)C(F)(F)F)cc2)c2ccccc12,1,C(=Cc1cc(C=Cc2ccc3ccccc3c2C=Cc2ccccc2)cc(-c2ccccc2)c1)c1ccccc1,0.9877375,447.6516,0.0558539,0.0559,0.4191114,4.3481,1.0000000,1.0000,[],30
16.4482,22.6950,95.1926,0.9209973,CCN(CC)c1ccc(C=C2C(=O)c3ccccc3C2=O)cc1,1,O=C1C(=Cc2ccccc2)C(=O)c2ccccc21,0.9386346,490.3857,0.6327915,0.6328,0.6568110,2.1018,1.0000000,1.0000,[],30
27.3719,43.5389,74.6700,0.9235069,Cc1cc(-c2ccc(-c3ccc(-c4ccccc4)s3)s2)sc1-c1ccc(N(C)c2ccc(C=C(C#N)C#N)cc2)cc1,1,c1ccc(Nc2ccc(-c3ccc(-c4ccc(-c5ccc(-c6ccccc6)s5)s4)s3)cc2)cc1,0.9847093,445.2220,0.1725182,0.1725,0.5427800,3.0553,1.0000000,1.0000,[],30
26.1666,41.0024,77.1000,0.9226754,Cc1cccc(C=Cc2cc(C=C(C#N)C#N)cc(C=C(C#N)C#N)c2C=C(C#N)C#N)c1,1,C(=Cc1ccccc1)c1ccccc1,0.9556748,433.3415,0.4623126,0.4623,0.4901303,3.5654,1.0000000,1.0000,[],30
49.3015,72.5721,-72.5721,0.0000000,CCCOC(=O)C(=Cc1ccc(C=C(C#N)c2ccc(C=C(C#N)C#N)s2)c(N=Cc2ccc(C=C(C#N)C#N)cc2)c1)CF,1,C(=Cc1ccccc1N=Cc1ccccc1)c1cccs1,0.0000000,0.0000,0.0000000,0.0000,0.0000000,0.0000,0.0000000,0.0000,"['C(=[O,S])[O,S]']",30
30.5327,41.4266,71.1986,0.8798843,N#CC(C#N)=CC(=Cc1ccc(N(c2ccccc2)c2ccc(N(c3ccccc3)c3ccc4ccccc4c3)cc2)cc1)c1ccccc1,1,C(=Cc1ccc(N(c2ccccc2)c2ccc(N(c3ccccc3)c3ccc4ccccc4c3)cc2)cc1)c1ccccc1,0.9547271,486.8990,0.0894836,0.0895,0.5615637,2.8851,1.0000000,1.0000,[],30
31.5754,51.2457,-43.5934,0.0597839,Cn1ccn(-c2ccc(C=Cc3ccc(N=Cc4cccc(C=Cc5ccccc5)c4)cc3)cc2)c1=O,1,O=c1[nH]ccn1-c1ccc(C=Cc2ccc(N=Cc3cccc(C=Cc4ccccc4)c3)cc2)cc1,0.0550546,369.1347,0.1779808,0.1780,0.5834115,2.6943,1.0000000,1.0000,[],30
36.7443,45.1446,67.9222,0.8833344,BrCCC=Cc1c2ccccc2cc2ccc(C=CC=Cc3ccc(N(c4ccccc4)c4ccccc4)cc3)cc12,1,C(C=Cc1ccc2cc3ccccc3cc2c1)=Cc1ccc(N(c2ccccc2)c2ccccc2)cc1,0.9583836,434.0569,0.0899137,0.0899,0.5654560,2.8506,1.0000000,1.0000,[],30
21.8541,32.8333,23.9540,0.4436509,C(C=Cc1ccccc1-c1ccc(N(c2ccccc2)c2ccccc2)cc1)=Cc1ccc(N(c2ccccc2)c2ccccc2)cc1,1,C(C=Cc1ccccc1-c1ccc(N(c2ccccc2)c2ccccc2)cc1)=Cc1ccc(N(c2ccccc2)c2ccccc2)cc1,0.4567382,398.1165,0.1410879,0.1411,0.6217786,2.3759,1.0000000,1.0000,[],30
28.8080,46.3769,67.5350,0.8899364,CCN(CC)c1ccc(C=Cc2cc(N(CC)CC)ccc2C=Cc2ccc(C=Cc3ccccc3)cc2N=Cc2ccc(N(CC)CC)cc2)cc1,1,C(=Cc1ccc(C=Cc2ccccc2C=Cc2ccccc2)c(N=Cc2ccccc2)c1)c1ccccc1,0.9745591,439.5819,0.0711993,0.0712,0.5258307,3.2139,1.0000000,1.0000,[],30
22.8266,32.6548,-32.6548,0.0000000,c1(ccc2c3c1cccc3ccc2)N=CC=Cc1ccc(cc1)N(CC)CC,0,,0.0000000,0.0000,0.0000000,0.0000,0.0000000,0.0000,0.0000000,0.0000,None,30
31.3799,39.7384,-36.8713,0.0223996,C=Cc1nc(C=Cc2ccc3ccccc3c2)cc(C(F)(F)F)n1,1,C(=Cc1ccncn1)c1ccc2ccccc2c1,0.0188183,357.0708,0.6383274,0.6383,0.5778849,2.7419,1.0000000,1.0000,[],30
38.1809,39.4230,84.9640,0.9717741,C=CCN(C)c1ccc2c(=CBr)c(=O)c3cccc1c32,1,C=c1c(=O)c2cccc3cccc1c32,0.9946049,456.6414,0.6880306,0.6880,0.5413162,3.0688,1.0000000,1.0000,[],30
18.7011,31.4274,68.9508,0.7842044,N#CC(C#N)=c1sc(=Cc2ccc(N(c3ccccc3)c3ccccc3)cc2)c2ccccc12,1,C=c1sc(=Cc2ccc(N(c3ccccc3)c3ccccc3)cc2)c2ccccc12,0.8123717,504.0886,0.3164384,0.3164,0.5723737,2.7898,1.0000000,1.0000,[],30
35.5839,46.9976,62.1787,0.8529396,O=c1nc2cc3ccccc3cc2c2ccccc2c1C=CC=Cc1ccc(N2CCCCC2)cc1,1,O=c1nc2cc3ccccc3cc2c2ccccc2c1C=CC=Cc1ccc(N2CCCCC2)cc1,0.8929239,496.9720,0.2544225,0.2544,0.5941492,2.6031,1.0000000,1.0000,[],30
23.9720,26.0827,-23.4378,0.0206633,COc1ccccc1C=C(C#N)C(=O)Nc1ccc(C)cc1,1,O=C(C=Cc1ccccc1)Nc1ccccc1,0.0171787,356.0629,0.6921208,0.6921,0.6881052,1.8691,1.0000000,1.0000,[],30
38.2161,57.3645,-57.3645,0.0000000,[C-]#[N+]c1sc(C(=CN(c2ccccc2)c2ccc(C#CC#N)cc2)c2ccccc2)cc1C=CC=C(C#N)C#N,1,C(=C(c1ccccc1)c1cccs1)N(c1ccccc1)c1ccccc1,0.0000000,0.0000,0.0000000,0.0000,0.0000000,0.0000,0.0000000,0.0000,['C#C'],30
15.8729,26.3312,57.1967,0.6525620,Cn1c2ccccc2c2cc(C=C(C#N)C#N)ccc21,1,c1ccc2c(c1)[nH]c1ccccc12,0.6542664,406.9253,0.6230631,0.6231,0.6179454,2.4068,1.0000000,1.0000,[],30
37.4909,52.1444,-52.1444,0.0000000,Cc1ccc(S(=O)(=O)N(c2ccc(C#Cc3ccccc3)cc2)C(C#N)c2ccc(C=CC=Cc3ccccc3)cc2)cc1,1,O=S(=O)(c1ccccc1)N(Cc1ccc(C=CC=Cc2ccccc2)cc1)c1ccc(C#Cc2ccccc2)cc1,0.0000000,0.0000,0.0000000,0.0000,0.0000000,0.0000,0.0000000,0.0000,['C#C'],30
27.6261,31.2741,87.5312,0.9281663,COC(C)(C)CNc1ccc2cc3ccccc3nc2c1,1,c1ccc2nc3ccccc3cc2c1,0.9427953,430.4247,0.7263313,0.7263,0.6379122,2.2478,1.0000000,1.0000,[],30
38.0430,46.1688,-10.8872,0.2756375,CC1(C)c2cc(S(=O)(=O)O)ccc2-c2cc3c(C=Cc4ccccc4)n(-c4ccc(N(c5ccccc5)c5ccccc5)cc4)nc3cc21,1,C(=Cc1c2cc3c(cc2nn1-c1ccc(N(c2ccccc2)c2ccccc2)cc1)Cc1ccccc1-3)c1ccccc1,0.2757929,389.5180,0.1724343,0.1724,0.5423572,3.0592,1.0000000,1.0000,[],30
23.7136,29.4713,-29.4713,0.0000000,CCOC(=O)C(C#N)=Cc1ccc(N(c2ccccc2)c2ccc3ccccc3c2)cc1,1,c1ccc(N(c2ccccc2)c2ccc3ccccc3c2)cc1,0.0000000,0.0000,0.0000000,0.0000,0.0000000,0.0000,0.0000000,0.0000,"['C(=[O,S])[O,S]']",30
23.0192,43.2219,-43.2219,0.0000000,CCCC#Cc1ccc(N(c2ccc(C=C(C#N)C#N)cc2)c2ccc(-c3sc(C=C(C#N)C#N)cc3C)cc2)cc1,1,c1ccc(N(c2ccccc2)c2ccc(-c3cccs3)cc2)cc1,0.0000000,0.0000,0.0000000,0.0000,0.0000000,0.0000,0.0000000,0.0000,['C#C'],30
25.1163,46.3950,70.5417,0.9135679,N#CC(=Cc1c2ccccc2c(C=Cc2ccccc2)c2cc(C=Cc3ccc(N(c4ccccc4)c4ccccc4)cc3)ccc12)c1ccccc1,1,C(=Cc1c2ccccc2c(C=Cc2ccccc2)c2cc(C=Cc3ccc(N(c4ccccc4)c4ccccc4)cc3)ccc12)c1ccccc1,0.9944258,463.7152,0.0864218,0.0864,0.5590076,2.9080,1.0000000,1.0000,[],30
59.6262,75.5273,-75.5273,0.0000000,c12c(N(C3C(C=2c2cc4c(cc(cc4C#N)[N+]#[C-])cc2)c2ccccc2C1=C(C#N)C#N)CC1C=C(c2ccccc2C=3)C=C1)C,0,,0.0000000,0.0000,0.0000000,0.0000,0.0000000,0.0000,0.0000000,0.0000,None,30
41.6083,55.5341,-14.0373,0.3241939,CN(C)c1ccc(C=Cc2ccccc2-n2ncc(C#N)c2-c2nc(-c3ccc(N(C)C)cc3)c3ccccc3n2)cc1,1,C(=Cc1ccccc1-n1nccc1-c1nc(-c2ccccc2)c2ccccc2n1)c1ccccc1,0.3259644,392.1122,0.1901660,0.1902,0.5571336,2.9248,1.0000000,1.0000,[],30
27.8478,45.7861,-45.7861,0.0000000,CCN(CC)c1ccc(N=Nc2ccc(C=NN=Cc3cc(N(c4ccccc4)c4ccccc4)ccc3C=CC=Cc3ccccc3)cc2)cc1,1,C(C=Cc1ccc(N(c2ccccc2)c2ccccc2)cc1C=NN=Cc1ccc(N=Nc2ccccc2)cc1)=Cc1ccccc1,0.0000000,0.0000,0.0000000,0.0000,0.0000000,0.0000,0.0000000,0.0000,['[#7;!n][#7;!n]'],30
29.4888,41.8296,71.9830,0.8891610,CCCCCCN(CCCCCC)c1ccc(C=CC(=O)c2ccc(NC(=O)CCCC#N)cc2)cc1,1,O=C(C=Cc1ccccc1)c1ccccc1,0.9531358,432.7079,0.1269234,0.1269,0.6079326,2.4885,1.0000000,1.0000,[],30
16.6473,28.2917,53.2908,0.6373632,CCN(CC)c1ccc(C(C=Cc2ccccc2)=CC=Cc2ccccc2)cc1,1,C(=Cc1ccccc1)C=C(C=Cc1ccccc1)c1ccccc1,0.6486976,406.6590,0.3699743,0.3700,0.6238587,2.3592,1.0000000,1.0000,[],30
27.9427,42.4695,34.7289,0.6031125,N#CC(C#N)=CC1=Cc2c3ccc(C=C(C#N)C#N)cc3cc[n+]2C1,1,C1=Cc2c3ccccc3cc[n+]2C1,0.6058946,515.3304,0.6270337,0.6270,0.4572149,3.9130,1.0000000,1.0000,[],30
53.9283,65.3641,30.0034,0.7450584,O=[N+]([O-])C1=CC2=C(c3cc(Cl)c(Cl)cc3C=Cc3ccc([N+](=O)[O-])cc3)OC(c3ccc(N(c4ccccc4)c4ccccc4)cc3)=NC2=CC=C1,1,C1=CC=C2N=C(c3ccc(N(c4ccccc4)c4ccccc4)cc3)OC(c3ccccc3C=Cc3ccccc3)=C2C=C1,0.8048744,504.6147,0.0849425,0.0849,0.4940207,3.5259,1.0000000,1.0000,[],30
16.9067,28.5570,91.6344,0.9389950,N#CC(C#N)=Cc1ccc(C=CC=C(c2ccccc2)c2ccccc2)cc1,1,C(=Cc1ccccc1)C=C(c1ccccc1)c1ccccc1,0.9733784,439.0762,0.3989079,0.3989,0.6144308,2.4353,1.0000000,1.0000,[],30
23.9118,39.2572,69.0749,0.8463446,C(=Cc1cc2ccccc2c2cc3cccnc3cc12)c1ccc(N(c2ccccc2)c2ccccc2)cc1,1,C(=Cc1cc2ccccc2c2cc3cccnc3cc12)c1ccc(N(c2ccccc2)c2ccccc2)cc1,0.9035596,424.2924,0.1332829,0.1333,0.6056891,2.5069,1.0000000,1.0000,[],30
14.8025,26.6629,97.3008,0.9684667,CN(C)c1ccc2cc(C=C(C#N)C#N)ccc2c1,1,c1ccc2ccccc2c1,0.9851881,474.4272,0.7646430,0.7646,0.6121886,2.4536,1.0000000,1.0000,[],30
26.0068,37.9136,9.2553,0.3685070,N#CC(C#N)=Cc1ccc(-c2c3ccccc3c(-c3ccc(-c4ccc(-c5ccccc5)c5ccccc45)cc3)c3ccccc23)cc1,1,c1ccc(-c2ccc(-c3ccc(-c4c5ccccc5c(-c5ccccc5)c5ccccc45)cc3)c3ccccc23)cc1,0.3755479,394.4792,0.1441185,0.1441,0.6131978,2.4453,1.0000000,1.0000,[],30
29.9505,37.4331,52.5450,0.7029545,N#CC(C#N)=Cc1ccc(-c2nc3ccc(C=Cc4nc5ccccc5s4)cc3s2)cc1,1,C(=Cc1nc2ccccc2s1)c1ccc2nc(-c3ccccc3)sc2c1,0.7272099,410.6458,0.2742126,0.2742,0.5759552,2.7586,1.0000000,1.0000,[],30
20.0096,38.2404,78.6215,0.9129836,N#CC(C#N)=Cc1ccc(-c2ccc(N3c4ccccc4Sc4cc(C=C(C#N)C#N)ccc43)cc2)cc1,1,c1ccc(-c2ccc(N3c4ccccc4Sc4ccccc43)cc2)cc1,0.9638914,484.3396,0.2294960,0.2295,0.5503666,2.9859,1.0000000,1.0000,[],30
29.4371,28.6440,-28.1432,0.0039123,O=c1[nH]c(-c2cccnc2)cc2oncc12,1,O=c1[nH]c(-c2cccnc2)cc2oncc12,0.0029944,336.9403,0.6656409,0.6656,0.5781064,2.7400,1.0000000,1.0000,[],30
24.9231,30.2947,-27.8219,0.0193185,c1cnc2c(c1)ccc1c2ccc2c3ccccc3c3ccccc3c21,1,c1cnc2c(c1)ccc1c2ccc2c3ccccc3c3ccccc3c21,0.0164805,355.6047,0.2777288,0.2777,0.6716098,1.9904,1.0000000,1.0000,[],30
44.6963,59.3185,-59.3185,0.0000000,c1cc(ccc2c3ccccc3sc21)N(c1cc2c(cc1)c1ccccc1c1ccccc21)c1ccc(C(C=Cc2ccc(N(C)C)cc2)=O)cc1,0,,0.0000000,0.0000,0.0000000,0.0000,0.0000000,0.0000,0.0000000,0.0000,None,30
28.2275,40.3644,50.2219,0.7077051,O=C1C(=Cc2c3ccccc3c(N=Nc3ccccc3)c3ccccc23)C=Cc2ccccc21,1,O=C1C(=Cc2c3ccccc3c(N=Nc3ccccc3)c3ccccc23)C=Cc2ccccc21,0.7450472,508.3569,0.1583625,0.1584,0.5813140,2.7123,1.0000000,1.0000,[],31
30.3065,38.2036,7.3970,0.3562550,Cc1ccc(C(=O)c2c(-c3ccccc3)c3ccccc3n(C)c2=N)cc1,1,N=c1[nH]c2ccccc2c(-c2ccccc2)c1C(=O)c1ccccc1,0.3475339,393.1610,0.5256929,0.5257,0.6450428,2.1922,1.0000000,1.0000,[],31
31.4333,42.4270,75.6479,0.9224606,C=CCN(CCCC)c1ccc(-c2ccc(C=C(C=Cc3ccccc3)[N+](=O)[O-])cc2)cc1,1,C(C=Cc1ccc(-c2ccccc2)cc1)=Cc1ccccc1,0.9897743,449.6461,0.1349048,0.1349,0.5812768,2.7126,1.0000000,1.0000,[],31
37.3892,53.6963,-20.6991,0.2577902,Cn1c(C=C2C=Cc3ccccc3C2=O)cc(-c2cccc3ccc4cccnc4c23)c1N,1,O=C1C(=Cc2cc(-c3cccc4ccc5cccnc5c34)c[nH]2)C=Cc2ccccc21,0.2534667,531.7282,0.2667962,0.2668,0.5467834,3.0185,1.0000000,1.0000,[],31
34.4296,34.1838,-34.1822,0.0000123,CC(C)(C)c1cc(C(=O)NC2C=CCC(O)C2)on1,1,O=C(NC1C=CCCC1)c1ccno1,0.0000069,271.0113,0.7983693,0.7984,0.4691066,3.7846,1.0000000,1.0000,[],31
25.3381,51.2364,67.0564,0.9241618,CCN(CC)c1ccc(C=CC(=O)NCC=Cc2ccc(N(c3ccccc3)c3ccccc3)cc2)cc1C=C(C#N)C#N,1,O=C(C=Cc1ccccc1)NCC=Cc1ccc(N(c2ccccc2)c2ccccc2)cc1,0.9931726,454.0692,0.1353246,0.1353,0.5390906,3.0894,1.0000000,1.0000,[],31
40.3566,48.2740,-48.2740,0.0000000,c1c2c(CCCC2=O)c2c(sc3ccccc23)c1N=c1ccc(C(C)=O)cc1,0,,0.0000000,0.0000,0.0000000,0.0000,0.0000000,0.0000,0.0000000,0.0000,None,31
33.0155,39.7223,32.7483,0.5661772,CN(c1ccc(C=CC=Cc2cccc3sc4ccccc4c23)cc1)c1ccc2ccccc2c1,1,C(C=Cc1cccc2sc3ccccc3c12)=Cc1ccc(Nc2ccc3ccccc3c2)cc1,0.5821051,403.5984,0.2280780,0.2281,0.5928278,2.6143,1.0000000,1.0000,[],31
23.5425,30.3390,-29.0662,0.0099434,CCC1(CC)c2ccccc2-c2ccc(N(c3ccccc3)c3ccc(C#N)cc3)cc21,1,c1ccc(N(c2ccccc2)c2ccc3c(c2)Cc2ccccc2-3)cc1,0.0081628,347.8849,0.3296088,0.3296,0.6131057,2.4461,1.0000000,1.0000,[],31
34.4931,56.5891,-56.5891,0.0000000,CCC(=Cc1ccc(N(c2ccccc2)c2ccc(-c3ccc(CC(=O)O)c(C=C(C#N)C#N)c3C=C(C#N)C#N)cc2)cc1)c1ccccc1,1,C(=Cc1ccc(N(c2ccccc2)c2ccc(-c3ccccc3)cc2)cc1)c1ccccc1,0.0000000,0.0000,0.0000000,0.0000,0.0000000,0.0000,0.0000000,0.0000,"['C(=[O,S])[O,S]']",31
33.1120,42.5294,-42.5294,0.0000000,c1c(cccc1)-n1c2c(c(-c3ccc(cc3)N3c4ccccc4C=CC3=O)c3ccccc32)c(c2ccccc21)=O,0,,0.0000000,0.0000,0.0000000,0.0000,0.0000000,0.0000,0.0000000,0.0000,None,31
21.0788,34.3081,-25.5798,0.0681897,N#CC(C#N)=Cc1ccc(-c2cc(C=Cc3ccccc3)on2)cc1,1,C(=Cc1cc(-c2ccccc2)no1)c1ccccc1,0.0607064,370.2608,0.6371576,0.6372,0.5969315,2.5798,1.0000000,1.0000,[],31
43.6478,50.4438,-50.4438,0.0000000,Cc1c(C(=O)c2ccc(NNc3ccc(N=Nc4ccc(N)cc4)cc3)cc2)sc2ccc(Cl)cc12,1,O=C(c1ccc(NNc2ccc(N=Nc3ccccc3)cc2)cc1)c1cc2ccccc2s1,0.0000000,0.0000,0.0000000,0.0000,0.0000000,0.0000,0.0000000,0.0000,['[#7;!n][#7;!n]'],31
24.2027,45.4412,73.2693,0.9274257,CCN(CC)c1ccc(C=CC=CC(=Cc2ccc(N(c3ccccc3)c3ccccc3)cc2)c2nnc(C)s2)cc1,1,C(C=Cc1ccccc1)=CC(=Cc1ccc(N(c2ccccc2)c2ccccc2)cc1)c1nncs1,0.9935054,454.6154,0.1484424,0.1484,0.5508479,2.9815,1.0000000,1.0000,[],31
33.4678,50.3519,-50.3519,0.0000000,CN(C)c1ccc(C=Cc2cc(NC(=O)OCC3c4ccccc4-c4ccccc43)c(Cl)cc2C=C(C#N)C#N)cc1,1,O=C(Nc1cccc(C=Cc2ccccc2)c1)OCC1c2ccccc2-c2ccccc21,0.0000000,0.0000,0.0000000,0.0000,0.0000000,0.0000,0.0000000,0.0000,"['C(=[O,S])[O,S]']",31
16.6526,27.6103,-15.7480,0.0926742,CCCCC(C#N)=Cc1ccc(C=C(C#N)C#N)cc1,1,c1ccccc1,0.0835354,373.9939,0.7449618,0.7450,0.5634951,2.8680,1.0000000,1.0000,[],31
23.7241,32.4057,85.5973,0.9218982,C(=Cc1cccs1)c1ccc(N=Nc2ccc(N(c3ccccc3)c3ccccc3)cc2)cc1,1,C(=Cc1cccs1)c1ccc(N=Nc2ccc(N(c3ccccc3)c3ccccc3)cc2)cc1,0.9725424,438.7311,0.2234758,0.2235,0.6090419,2.4793,1.0000000,1.0000,[],31
37.6336,49.4720,71.6039,0.9459055,CCN(CC)c1ccc(C2C=Cc3ccccc3N2c2ccc(C=C3NC(=S)N(C)C3=O)cc2C)cc1,1,O=C1NC(=S)NC1=Cc1ccc(N2c3ccccc3C=CC2c2ccccc2)cc1,0.9933826,465.5893,0.3066566,0.3067,0.5004635,3.4611,1.0000000,1.0000,[],31
26.9976,37.6929,82.6315,0.9400339,N#CC(C#N)=Cc1ccc2n[n+](-c3ccccc3)c3ccccc3c2c1,1,c1ccc(-[n+]2nc3ccccc3c3ccccc32)cc1,0.9838722,475.3659,0.3151143,0.3151,0.5557586,2.9371,1.0000000,1.0000,[],31
29.9791,43.5596,55.1032,0.7708027,N#CC(C#N)=Cc1cc2ccc(-c3ccc(-c4ccccn4)cn3)cc2c2ccccc12,1,c1ccc(-c2ccc(-c3ccc4ccc5ccccc5c4c3)nc2)nc1,0.8030723,415.2612,0.2506358,0.2506,0.5925857,2.6163,1.0000000,1.0000,[],31
27.0617,42.6960,76.2782,0.9294856,Cn1ccc(-c2ccc(N(c3ccc(C=C(C#N)C#N)cc3)c3ccc(-c4ccc(C=C(C#N)C#N)cc4)cc3)cc2)n1,1,c1ccc(-c2ccc(N(c3ccccc3)c3ccc(-c4cc[nH]n4)cc3)cc2)cc1,0.9885007,471.6424,0.1880794,0.1881,0.5485473,3.0024,1.0000000,1.0000,[],31
43.3128,46.3064,12.2313,0.4573259,CCN(CC)c1ccc(Cl)cc1C=Cc1nc2c(c(=O)[nH]1)CN(Cc1ccc(F)cc1)CC2,1,O=c1[nH]c(C=Cc2ccccc2)nc2c1CN(Cc1ccccc1)CC2,0.4532874,397.9654,0.5236610,0.5237,0.5688118,2.8210,1.0000000,1.0000,[],31
72.5888,92.8652,-92.8652,0.0000000,CCN(CC)c1ccc(C=Nc2c(C=NNC3=NC(=Cc4ccc(N=Cc5ccc(C=C(C#N)C#N)cc5)cc4)C=C3)c(I)cc3c2C(=O)c2c(I)ccc(N=[N+]=[N-])c2C3=O)cc1,1,O=C1c2ccccc2C(=O)c2c1ccc(C=NNC1=NC(=Cc3ccc(N=Cc4ccccc4)cc3)C=C1)c2N=Cc1ccccc1,0.0000000,0.0000,0.0000000,0.0000,0.0000000,0.0000,0.0000000,0.0000,['[#7;!n][#7;!n]'],31
27.6559,28.4585,-28.4397,0.0001467,N#Cc1cc([N+](=O)[O-])ccc1C(N)C#N,1,c1ccccc1,0.0000951,299.4598,0.5663247,0.5663,0.5233949,3.2371,1.0000000,1.0000,[],31
21.8082,40.9776,76.2201,0.9156073,N#CC(C#N)=Cc1ccc(-c2ccc(-c3ccc(N(c4ccccc4)c4ccccc4)cc3)s2)cc1C=Cc1ccc(N(c2ccccc2)c2ccccc2)cc1,1,C(=Cc1cccc(-c2ccc(-c3ccc(N(c4ccccc4)c4ccccc4)cc3)s2)c1)c1ccc(N(c2ccccc2)c2ccccc2)cc1,0.9936914,465.0670,0.0976151,0.0976,0.5391862,3.0885,1.0000000,1.0000,[],31
29.3498,41.9712,16.8021,0.4591667,CCN(CC)c1ccc(C=Cc2ccc(S(=O)(=O)c3sc(-c4ccc(OC)cc4)nc3C)cc2)cc1,1,O=S(=O)(c1ccc(C=Cc2ccccc2)cc1)c1cnc(-c2ccccc2)s1,0.4670444,398.5667,0.2238440,0.2238,0.6012952,2.5433,1.0000000,1.0000,[],31
52.2421,72.2168,39.9702,0.8764611,CC=Cc1ccc(OP(=O)(OCCCCCCC)c2ccc(N(c3ccc(C=Cc4ccc(C=Cc5ccc(N)cc5)cc4)cc3)c3ccc(C=C(C#N)C#N)cc3)cc2)cc1,1,O=[PH](Oc1ccccc1)c1ccc(N(c2ccccc2)c2ccc(C=Cc3ccc(C=Cc4ccccc4)cc3)cc2)cc1,0.9909374,450.9698,0.0284169,0.0284,0.4406277,4.0978,1.0000000,1.0000,[],31
18.8398,38.6276,79.9318,0.9262453,N#CC(C#N)=Cc1ccc(N(c2ccc(C=C(C#N)C#N)cc2)c2ccc(-c3ccc(N(c4ccccc4)c4ccccc4)cc3)c3ccccc23)cc1,1,c1ccc(N(c2ccccc2)c2ccc(-c3ccc(N(c4ccccc4)c4ccccc4)c4ccccc34)cc2)cc1,0.9942784,464.0003,0.1397125,0.1397,0.5455291,3.0300,1.0000000,1.0000,[],31
22.6354,36.4256,-36.4256,0.0000000,c1c2c(cc3-c2cc2ccccc2c3)ccc1C=Cc1ccc(N(c2ccccc2)c2ccccc2)cc1,0,,0.0000000,0.0000,0.0000000,0.0000,0.0000000,0.0000,0.0000000,0.0000,None,31
21.9855,37.7114,82.5158,0.9392754,N#CC(C#N)=Cc1ccc(N(c2ccc(C=C(C#N)C#N)cc2)c2ccc3ccccc3c2N)cc1,1,c1ccc(N(c2ccccc2)c2ccc3ccccc3c2)cc1,0.9895180,470.6255,0.2581617,0.2582,0.5485086,3.0028,1.0000000,1.0000,[],31
30.8847,44.0039,-44.0039,0.0000000,n1c2ccccc2n2c(c3c(nc21)c(C=Nc1ccc(cc1)C=C(C#N)C#N)ccc3)=O,0,,0.0000000,0.0000,0.0000000,0.0000,0.0000000,0.0000,0.0000000,0.0000,None,31
25.6389,29.0665,0.6148,0.2318853,CCSc1ncc(C#N)c(-c2ccc(N(C)C)cc2)n1,1,c1ccc(-c2ccncn2)cc1,0.2199996,386.2582,0.6372342,0.6372,0.6196840,2.3927,1.0000000,1.0000,[],31
27.9862,47.0743,-47.0743,0.0000000,N#CC(C#N)=Cc1cc(N2CCCC2)c(C=C(C#N)C#N)cc1C=C(C#N)C(=O)O,1,c1ccc(N2CCCC2)cc1,0.0000000,0.0000,0.0000000,0.0000,0.0000000,0.0000,0.0000000,0.0000,"['C(=[O,S])[O,S]']",31
26.2486,41.0746,75.0741,0.9074117,CCN(CC)c1ccc(C=Cc2ccc(Nc3ccc(C=Cc4ccc([N+](=O)[O-])c(C=C(C#N)C#N)c4)cc3)cc2)cc1,1,C(=Cc1ccc(Nc2ccc(C=Cc3ccccc3)cc2)cc1)c1ccccc1,0.9883512,471.7843,0.0841853,0.0842,0.5547273,2.9464,1.0000000,1.0000,[],31
41.2955,49.5383,-49.5383,0.0000000,CCN(CC)c1ccc(N=C2c3ccccc3C=CC2(C#Cc2ccc(OC)cc2)CCc2ccccc2)cc1,1,C(#CC1(CCc2ccccc2)C=Cc2ccccc2C1=Nc1ccccc1)c1ccccc1,0.0000000,0.0000,0.0000000,0.0000,0.0000000,0.0000,0.0000000,0.0000,['C#C'],31
57.4829,69.3861,45.5856,0.8982163,Cc1nc2c3ccccc3c3ccc(S(=O)(=O)c4ccc(C=C(C#N)c5cccc(N(C)c6ccccc6)c5)s4)cc3n2c1C=C(C#N)C#N,1,O=S(=O)(c1ccc2c3ccccc3c3nccn3c2c1)c1ccc(C=Cc2cccc(Nc3ccccc3)c2)s1,0.9690458,437.3906,0.1209110,0.1209,0.4943026,3.5230,1.0000000,1.0000,[],31
24.0191,40.3802,32.4042,0.5686282,CCN(CC)c1ccc(C=Cc2ccc(-c3nc(C)c(-c4ccc(N(c5ccccc5)c5ccccc5)cc4)s3)cc2)cc1,1,C(=Cc1ccc(-c2ncc(-c3ccc(N(c4ccccc4)c4ccccc4)cc3)s2)cc1)c1ccccc1,0.5928931,404.0817,0.1477400,0.1477,0.5899230,2.6388,1.0000000,1.0000,[],31
40.2389,49.4020,-49.4020,0.0000000,C12(C#N)C3=C(C=C2)=Nc2c(C3(C=C1)C)cccc2,0,,0.0000000,0.0000,0.0000000,0.0000,0.0000000,0.0000,0.0000000,0.0000,None,31
37.9021,43.2778,14.4245,0.4507996,COc1ccc(C2=CC(=C3c4ccccc4C(=O)c4cc(-c5ccccc5)ccc43)c3ccccc3O2)cc1,1,O=C1c2ccccc2C(=C2C=C(c3ccccc3)Oc3ccccc32)c2ccc(-c3ccccc3)cc21,0.4569321,521.8751,0.2431647,0.2432,0.5989197,2.5631,1.0000000,1.0000,[],31
33.4676,54.1829,63.1129,0.9163730,CCC(=Cc1ccccc1)c1ccccc1N(c1ccccc1)c1ccc(C=Cc2ccc(N(CC)c3ccc(C=C(C#N)C#N)cc3)cc2)cc1,1,C(=Cc1ccccc1N(c1ccccc1)c1ccc(C=Cc2ccc(Nc3ccccc3)cc2)cc1)c1ccccc1,0.9955754,458.8050,0.0958851,0.0959,0.5277932,3.1953,1.0000000,1.0000,[],31
33.0919,49.7484,-49.7484,0.0000000,c12N(C)C(=CC=c2cc2c(C=CC=C2)c1C)C=Cc1ccc(N(c2ccccc2)c2ccccc2)cc1,0,,0.0000000,0.0000,0.0000000,0.0000,0.0000000,0.0000,0.0000000,0.0000,None,31
37.5101,54.0337,-54.0337,0.0000000,C(=NNc1ccccc1)c1ccc(C=Nc2ccc(N=Cc3cc4cc5ccccc5cc4c4c3ccc3ccccc34)cc2)s1,1,C(=NNc1ccccc1)c1ccc(C=Nc2ccc(N=Cc3cc4cc5ccccc5cc4c4c3ccc3ccccc34)cc2)s1,0.0000000,0.0000,0.0000000,0.0000,0.0000000,0.0000,0.0000000,0.0000,['[#7;!n][#7;!n]'],31
39.3624,51.3819,-47.1259,0.0332503,N#CC(=Cc1ccccc1-c1ccc2c(c1)c1ccccc1n2-c1ccc(-c2cc(-c3ccccc3)nc(-c3ccccn3)c2)cc1)c1ccccc1,1,C(=Cc1ccccc1-c1ccc2c(c1)c1ccccc1n2-c1ccc(-c2cc(-c3ccccc3)nc(-c3ccccn3)c2)cc1)c1ccccc1,0.0300518,362.2780,0.1246817,0.1247,0.5587588,2.9102,1.0000000,1.0000,[],31
21.1392,29.3702,-27.2852,0.0162891,Clc1ccc2c(c1)sc1cc(-c3ccc(N(c4ccccc4)c4ccccc4)cc3)ccc12,1,c1ccc(N(c2ccccc2)c2ccc(-c3ccc4c(c3)sc3ccccc34)cc2)cc1,0.0138260,353.6686,0.2521876,0.2522,0.6444045,2.1971,1.0000000,1.0000,[],31
31.5415,39.6426,79.0240,0.9270827,CCN(CCCN(c1ccc(N=Nc2ccc(N(c3ccccc3)c3ccccc3)cc2)cc1)C(C)C)c1ccccc1,1,c1ccc(NCCCNc2ccc(N=Nc3ccc(N(c4ccccc4)c4ccccc4)cc3)cc2)cc1,0.9953948,458.3686,0.1327343,0.1327,0.5843455,2.6863,1.0000000,1.0000,[],31
57.3136,73.2303,6.5819,0.6235330,CCOc1ccccc1C=Cc1cc(C=C(C#N)C#N)c(-c2nc(-c3ccccc3)nc(-c3ccccc3)n2)c(-c2ccc(CC)c(OC)c2)c1C#N,1,C(=Cc1ccc(-c2nc(-c3ccccc3)nc(-c3ccccc3)n2)c(-c2ccccc2)c1)c1ccccc1,0.6640138,407.3964,0.0970390,0.0970,0.5118492,3.3486,1.0000000,1.0000,[],31
24.2845,46.8599,70.1885,0.9144407,N#CC(C#N)=Cc1ccc(N(c2ccc(C=Cc3ccc(N(c4ccccc4)c4ccccc4)cc3C=C(C#N)C#N)cc2)c2ccccc2C=Cc2ccccc2)cc1,1,C(=Cc1ccccc1N(c1ccccc1)c1ccc(C=Cc2ccc(N(c3ccccc3)c3ccccc3)cc2)cc1)c1ccccc1,0.9960131,459.9408,0.0905766,0.0906,0.5065969,3.4002,1.0000000,1.0000,[],31
27.9480,56.7663,59.2746,0.9065694,CCN(CC)c1ccc(C=Cc2c(-c3ccc(C=C(C#N)C#N)cc3)oc(=O)c3cccc(C=C(C#N)C#N)c23)cc1,1,O=c1oc(-c2ccccc2)c(C=Cc2ccccc2)c2ccccc12,0.9608915,485.2399,0.2110453,0.2110,0.5086935,3.3795,1.0000000,1.0000,[],31
26.3198,35.3622,58.0599,0.7298599,C(C=Cc1ccccc1N(c1ccccc1)c1ccccc1)=Cc1ccc(N2CCCCCC2)cc1,1,C(C=Cc1ccccc1N(c1ccccc1)c1ccccc1)=Cc1ccc(N2CCCCCC2)cc1,0.7578130,412.3853,0.2483168,0.2483,0.6169773,2.4146,1.0000000,1.0000,[],31
22.8491,26.7289,-26.4985,0.0018006,c1ccc(C(=Nc2cccc3c2Cc2ccccc2-3)c2ccccc2)cc1,1,c1ccc(C(=Nc2cccc3c2Cc2ccccc2-3)c2ccccc2)cc1,0.0013489,328.2641,0.3342464,0.3342,0.6460278,2.1846,1.0000000,1.0000,[],31
23.1586,38.3330,80.8519,0.9311319,N#CC(C#N)=Cc1c(-c2ccc(N(c3ccccc3)c3ccccc3)cc2)nc2cc(-c3ccccc3)ccn12,1,c1ccc(-c2ccn3cc(-c4ccc(N(c5ccccc5)c5ccccc5)cc4)nc3c2)cc1,0.9860061,473.8015,0.2092250,0.2092,0.5759169,2.7590,1.0000000,1.0000,[],31
31.0217,43.1161,-39.1039,0.0313453,Cc1cc(=O)c2cc(-n3c4ccccc4c4ccccc43)ccc2n1-c1ccc(-c2ccc(C#N)cc2)cc1,1,O=c1ccn(-c2ccc(-c3ccccc3)cc2)c2ccc(-n3c4ccccc4c4ccccc43)cc12,0.0275863,361.3210,0.2467804,0.2468,0.6127122,2.4493,1.0000000,1.0000,[],31
43.8010,65.2929,-14.0118,0.4006339,CCN(C1=CC=C1C=Cc1cc2c3ccccc3c3ccccc3c2n1-c1ccc(C=C(C#N)C#N)cc1)c1ccc(C=C(C#N)C#N)cc1,1,C(=Cc1cc2c3ccccc3c3ccccc3c2n1-c1ccccc1)C1=CC=C1Nc1ccccc1,0.4145272,523.7488,0.1216337,0.1216,0.4742798,3.7298,1.0000000,1.0000,[],31
38.5274,54.7085,10.0371,0.5058247,CCN(CC)c1ccc(C=Nc2ccc(C=C(C(=O)N(CCC#N)n3ccccc3=O)c3ccccc3)cc2)cc1,1,O=C(Nn1ccccc1=O)C(=Cc1ccc(N=Cc2ccccc2)cc1)c1ccccc1,0.5273097,401.1872,0.1307431,0.1307,0.5336449,3.1401,1.0000000,1.0000,[],31
25.3763,33.6201,36.1130,0.5447899,Nc1ccc(N=Nc2ccc(N=Nc3ccccc3)cc2)c2c1C(=O)c1ccccc1C2=O,1,O=C1c2ccccc2C(=O)c2c(N=Nc3ccc(N=Nc4ccccc4)cc3)cccc21,0.5578164,517.4778,0.2473647,0.2474,0.5795763,2.7273,1.0000000,1.0000,[],31
32.3286,44.3237,55.0082,0.7760298,O=Cc1ccc(C2=C(c3ccccc3)C(=Cc3ccccc3)C=C2c2ccccc2)cc1Cl,1,C(=C1C=C(c2ccccc2)C(c2ccccc2)=C1c1ccccc1)c1ccccc1,0.8055207,415.4301,0.2830495,0.2830,0.5990776,2.5618,1.0000000,1.0000,[],31
31.5732,49.3921,53.9497,0.8073573,C=C(C)Cn1c(=NC(=O)C(C)=Cc2ccc(N(CC)CC)cc2)sc2cc(F)ccc21,1,O=C(C=Cc1ccccc1)N=c1[nH]c2ccccc2s1,0.8355373,417.6475,0.3462740,0.3463,0.5633543,2.8692,1.0000000,1.0000,[],31
40.0512,55.2478,-13.4830,0.3262872,CCc1ccccc1-c1cc(-c2cccc(CC)c2C#N)sc1-c1ccccc1C=C(C#N)C#N,1,c1ccc(-c2cc(-c3ccccc3)c(-c3ccccc3)s2)cc1,0.3248026,392.0547,0.2672945,0.2673,0.5465045,3.0211,1.0000000,1.0000,[],31
33.4766,54.4761,-54.4761,0.0000000,s1c2c(c(-c3ccc(cc3)N(CC)CC)c3C(SCC(=O)c32)=C(C#N)C#N)cc1C=C(C#N)C#N,0,,0.0000000,0.0000,0.0000000,0.0000,0.0000000,0.0000,0.0000000,0.0000,None,31
46.5641,69.6298,50.0354,0.9348846,CC(=O)Nc1ccc(-c2ccc(C=c3c(=C4c5ccccc5C=Cc5ccccc54)n(C)c4ccccc34)s2)c(C=C(C#N)C#N)c1,1,C1=Cc2ccccc2C(=c2[nH]c3ccccc3c2=Cc2ccc(-c3ccccc3)s2)c2ccccc21,0.9942034,464.1423,0.2025753,0.2026,0.4988222,3.4775,1.0000000,1.0000,[],31
35.0405,58.8320,57.6401,0.9099386,CC(C)(C)c1ccc2cc3cc(-c4ccc(N(c5ccc(C=Cc6ccc(C=C(C#N)C#N)cc6)cc5)c5ccc(C=C(C#N)C#N)cc5)cc4)ccc3nc2c1,1,C(=Cc1ccc(N(c2ccccc2)c2ccc(-c3ccc4nc5ccccc5cc4c3)cc2)cc1)c1ccccc1,0.9919715,452.2966,0.0873225,0.0873,0.5072279,3.3940,1.0000000,1.0000,[],31
35.0360,53.7319,-53.7319,0.0000000,Cc1nc2ccc(C=NN=Cc3cccc(C=Cc4ccc(N(C)C)cc4)c3)cc2c2nccnc12,1,C(=Cc1cccc(C=NN=Cc2ccc3ncc4nccnc4c3c2)c1)c1ccccc1,0.0000000,0.0000,0.0000000,0.0000,0.0000000,0.0000,0.0000000,0.0000,['[#7;!n][#7;!n]'],31
32.6406,36.8763,-34.5119,0.0184722,N#Cc1ccc(-c2ccc(-n3c4ccccc4c4cc(-c5ccc(-n6c7ccccc7c7ccccc76)cc5)ccc43)cc2)nc1,1,c1ccc(-c2ccc(-n3c4ccccc4c4cc(-c5ccc(-n6c7ccccc7c7ccccc76)cc5)ccc43)cc2)nc1,0.0159060,355.2131,0.2059395,0.2059,0.6041725,2.5195,1.0000000,1.0000,[],31
34.3674,55.1836,-26.4552,0.2244407,CCN(CC)c1ccc(C=Cc2ccc(-c3ccc(N(c4ccccc4)c4ccccc4)cc3C=Cc3ccccc3)c([N+]=[C-]N(C)C)c2)cc1,1,C(=Cc1ccc(-c2ccc(N(c3ccccc3)c3ccccc3)cc2C=Cc2ccccc2)cc1)c1ccccc1,0.2329349,387.0601,0.0403271,0.0403,0.5047075,3.4189,1.0000000,1.0000,[],31
14.4440,29.7107,91.5441,0.9473029,N#CC(C#N)=Cc1ccc(N(c2ccc(C=C(C#N)C#N)cc2)c2ccc3ccccc3c2)cc1,1,c1ccc(N(c2ccccc2)c2ccc3ccccc3c2)cc1,0.9925999,466.8116,0.3019755,0.3020,0.5724151,2.7895,1.0000000,1.0000,[],32
39.7864,41.3541,-38.6553,0.0210850,Cc1ccccc1-c1ccc(Cc2ccc(NCc3ccccc3)cc2)c(C#N)n1,1,c1ccc(CNc2ccc(Cc3ccc(-c4ccccc4)nc3)cc2)cc1,0.0178366,356.4782,0.4313189,0.4313,0.6444488,2.1968,1.0000000,1.0000,[],32
37.7700,40.8912,74.4276,0.9009281,O=[N+]([O-])c1ccc2c(c1)COc1cc(NCc3cccc4ccccc34)ccc1-2,1,c1ccc2c(c1)COc1cc(NCc3cccc4ccccc34)ccc1-2,0.9348825,428.9265,0.3514389,0.3514,0.6379285,2.2476,1.0000000,1.0000,[],32
33.6654,51.8442,-1.1244,0.3962488,CCC(=Cc1ccc(N(c2ccc(OC)cc2)c2c3ccccc3c(-c3ccc(N(c4ccccc4)c4ccccc4)cc3)c3ccc(C=C(C#N)C#N)cc23)cc1)CC,1,c1ccc(N(c2ccccc2)c2ccc(-c3c4ccccc4c(N(c4ccccc4)c4ccccc4)c4ccccc34)cc2)cc1,0.4128937,523.8220,0.0913149,0.0913,0.5073062,3.3932,1.0000000,1.0000,[],32
28.1049,40.2373,74.6199,0.8973226,N#CC(C#N)=c1cc(-c2cccs2)c2ccccc2c1=Cc1cccs1,1,C=c1cc(-c2cccs2)c2ccccc2c1=Cc1cccs1,0.9225768,493.0967,0.5166882,0.5167,0.5494971,2.9938,1.0000000,1.0000,[],32
15.7125,32.0182,85.9400,0.9215488,N#CC(C=Cc1ccc(N(c2ccccc2)c2ccccc2)cc1)=Cc1ccc(N(c2ccccc2)c2ccccc2)cc1,1,C(C=Cc1ccc(N(c2ccccc2)c2ccccc2)cc1)=Cc1ccc(N(c2ccccc2)c2ccccc2)cc1,0.9891085,448.9539,0.1289935,0.1290,0.6109132,2.4640,1.0000000,1.0000,[],32
24.2256,33.8728,56.2425,0.7040258,CN1C(=CC=Cc2c3ccccc3c(-c3ccccc3)c3ccccc23)C=Cc2ccccc21,1,C(=Cc1c2ccccc2c(-c2ccccc2)c2ccccc12)C=C1C=Cc2ccccc2N1,0.7295777,509.2243,0.2561209,0.2561,0.5900151,2.6380,1.0000000,1.0000,[],32
17.4756,25.8019,45.5430,0.5573823,CN(C)c1ccc(C=Cc2ccc(C=Cc3ccc(N(c4ccccc4)c4ccccc4)cc3)cc2)cc1,1,C(=Cc1ccc(C=Cc2ccc(N(c3ccccc3)c3ccccc3)cc2)cc1)c1ccccc1,0.5736279,403.2210,0.1989804,0.1990,0.6675847,2.0204,1.0000000,1.0000,[],32
28.1170,41.7208,23.5591,0.5099992,Cn1c(=O)ccc2ccc(C(=O)Cn3c4ccccc4c(=O)c4ccccc43)cc21,1,O=C(Cn1c2ccccc2c(=O)c2ccccc21)c1ccc2ccc(=O)[nH]c2c1,0.5139385,400.6055,0.3445480,0.3445,0.6372645,2.2529,1.0000000,1.0000,[],32
20.5667,31.9986,79.2197,0.8688933,N#CC(C#N)=Cc1cn(-c2ccc(N(c3ccccc3)c3ccccc3)cc2)c2ccccc12,1,c1ccc(N(c2ccccc2)c2ccc(-n3ccc4ccccc43)cc2)cc1,0.9088297,424.9657,0.2675676,0.2676,0.6015231,2.5415,1.0000000,1.0000,[],32
33.6985,46.0389,4.9878,0.3986468,C(=Cc1ccc(N(c2ccccc2)c2ccccc2)cc1)c1ccc(N(Cc2ccc3c(-c4ccccc4)nc4ccccc4c3n2)c2ccccc2)cc1,1,C(=Cc1ccc(N(c2ccccc2)c2ccccc2)cc1)c1ccc(N(Cc2ccc3c(-c4ccccc4)nc4ccccc4c3n2)c2ccccc2)cc1,0.4128167,396.1746,0.1046701,0.1047,0.5639110,2.8643,1.0000000,1.0000,[],32
26.3946,42.6274,11.9854,0.4266624,CCN(CC)c1ccc(C=Nc2cc(Cl)ccc2-c2ccc(N=Cc3ccc(N(c4ccccc4)c4ccccc4)cc3)cc2)cc1,1,C(=Nc1ccc(-c2ccccc2N=Cc2ccccc2)cc1)c1ccc(N(c2ccccc2)c2ccccc2)cc1,0.4400625,397.3844,0.1330375,0.1330,0.5640623,2.8630,1.0000000,1.0000,[],32
22.3843,39.8756,15.5609,0.4330973,COc1ccc(C=C(C#N)C#N)cc1-c1cc2cc(C=C(C#N)C#N)ccc2s1,1,c1ccc(-c2cc3ccccc3s2)cc1,0.4278143,396.8430,0.5499377,0.5499,0.5422229,3.0604,1.0000000,1.0000,[],32
33.4105,46.5487,-41.0628,0.0428586,CCN1C(=Cc2ccc(C=CC(C#N)=Cc3ccco3)o2)C=Cc2ccccc21,1,C(C=Cc1ccc(C=C2C=Cc3ccccc3N2)o1)=Cc1ccco1,0.0379499,555.0997,0.3801910,0.3802,0.5240454,3.2309,1.0000000,1.0000,[],32
36.5461,46.0229,36.8747,0.6476381,CCN(CC)c1ccc(C=CC(C(=CC=Cc2ccco2)c2ccccc2)=C(C#N)C#N)cc1,1,C=C(C=Cc1ccccc1)C(=CC=Cc1ccco1)c1ccccc1,0.6694542,512.3378,0.2563639,0.2564,0.5390041,3.0902,1.0000000,1.0000,[],32
42.4420,56.6059,-56.6059,0.0000000,N(CCC)(CCC)c1ccc2c(c3cc(ccc3c(-c3ccc(SC)cc3)c2c1)N=Nc1ccc(cc1)N(CC)CC)=S,0,,0.0000000,0.0000,0.0000000,0.0000,0.0000000,0.0000,0.0000000,0.0000,None,32
15.2421,27.2824,-9.0115,0.1427408,N#CC(C#N)=Cc1cc(-c2ccccc2)nc2ccccc12,1,c1ccc(-c2ccc3ccccc3n2)cc1,0.1318285,379.5351,0.6566057,0.6566,0.6324278,2.2909,1.0000000,1.0000,[],32
24.8979,39.6925,77.5942,0.9163022,O=C1C(=Cc2ccc(N(c3ccccc3)c3ccccc3)cc2)c2ccc(C=Cc3ccc(N(c4ccccc4)c4ccccc4)cc3)cc2N1Cc1ccccc1,1,O=C1C(=Cc2ccc(N(c3ccccc3)c3ccccc3)cc2)c2ccc(C=Cc3ccc(N(c4ccccc4)c4ccccc4)cc3)cc2N1Cc1ccccc1,0.9935462,465.3156,0.0973651,0.0974,0.5661049,2.8449,1.0000000,1.0000,[],32
20.0148,40.6350,72.2882,0.8822128,CCN(CC)c1ccc(C=CC(=O)c2ccc(C=Cc3ccc(N(CC)CC)cc3C=C(C#N)C#N)cc2)cc1,1,O=C(C=Cc1ccccc1)c1ccc(C=Cc2ccccc2)cc1,0.9535244,487.1973,0.1034820,0.1035,0.5471533,3.0151,1.0000000,1.0000,[],32
45.5775,46.2650,-46.2650,0.0000000,CC(NC(=O)C1(NC(=O)OCC2c3ccccc3-c3ccccc32)CCc2ccccc21)C(=O)NN=Cc1ccccc1,1,O=C(CNC(=O)C1(NC(=O)OCC2c3ccccc3-c3ccccc32)CCc2ccccc21)NN=Cc1ccccc1,0.0000000,0.0000,0.0000000,0.0000,0.0000000,0.0000,0.0000000,0.0000,"['[#7;!n][#7;!n]', 'C(=[O,S])[O,S]']",32
34.8087,53.9259,55.2206,0.8527074,N#CC(C#N)=Cc1c(-c2ccc(-c3ccc(N(c4ccccc4)c4ccccc4)cc3)cc2)c(C=C(C#N)C#N)c(-c2ccccc2)c(C(=O)c2ccccc2)c1-c1ccccc1,1,O=C(c1ccccc1)c1c(-c2ccccc2)cc(-c2ccc(-c3ccc(N(c4ccccc4)c4ccccc4)cc3)cc2)cc1-c1ccccc1,0.9234139,427.0312,0.0949186,0.0949,0.5219693,3.2507,1.0000000,1.0000,[],32
26.1549,47.0118,-47.0118,0.0000000,O=c1n(c2c(cccc2)c(=O)c1)-c1ccc(c(C=C(C#N)C#N)c1)C=C(C#N)C#N,0,,0.0000000,0.0000,0.0000000,0.0000,0.0000000,0.0000,0.0000000,0.0000,None,32
20.4009,32.3288,88.3371,0.9427022,COc1cccc(N=Nc2ccc(N=Nc3ccc(C=C(C#N)C#N)cc3)cc2)c1,1,c1ccc(N=Nc2ccc(N=Nc3ccccc3)cc2)cc1,0.9846433,474.8255,0.3341511,0.3342,0.5650176,2.8545,1.0000000,1.0000,[],32
21.4845,42.0763,80.3485,0.9564444,N#CC(C#N)=Cc1cc(-c2ccc3ccccc3c2)sc1C=C(C#N)C#N,1,c1csc(-c2ccc3ccccc3c2)c1,0.9836582,475.5114,0.5803802,0.5804,0.5337246,3.1394,1.0000000,1.0000,[],32
21.3909,37.9279,-37.9279,0.0000000,c1c2c3c(cccc3c(C=C3C=Cc4c(cccc4)C3=O)c2ccc1)N(C)C,0,,0.0000000,0.0000,0.0000000,0.0000,0.0000000,0.0000,0.0000000,0.0000,None,32
32.3062,49.6486,-49.6486,0.0000000,CCN(CC)c1ccc(C=C2N=C(c3ccccc3OC)C3=CC=Cc4cccc(c4)C=C23)cc1,1,C1=Cc2cccc(c2)C=C2C(=Cc3ccccc3)N=C(c3ccccc3)C2=C1,0.0000000,0.0000,0.0000000,0.0000,0.0000000,0.0000,0.0000000,0.0000,['[*;r{8-17}]'],32
33.9962,56.9035,37.3464,0.7363266,C(=Cc1ccc(N=Cc2ccc(N(c3ccccc3)c3ccccc3)cc2)cc1)c1ccc(C=Nc2ccc3c(N=Cc4ccc(N(c5ccccc5)c5ccccc5)cc4)nc4ccccc4c3c2)cc1,1,C(=Cc1ccc(N=Cc2ccc(N(c3ccccc3)c3ccccc3)cc2)cc1)c1ccc(C=Nc2ccc3c(N=Cc4ccc(N(c5ccccc5)c5ccccc5)cc4)nc4ccccc4c3c2)cc1,0.8026065,415.2292,0.0620178,0.0620,0.5021937,3.4438,1.0000000,1.0000,[],32
25.1654,34.4432,87.2806,0.9509672,CCN(CC)c1ccc(N=Nc2ccc(N=CN(C)CCC#N)cc2)cc1,1,c1ccc(N=Nc2ccccc2)cc1,0.9938543,455.2188,0.3381023,0.3381,0.5519201,2.9718,1.0000000,1.0000,[],32
22.8780,28.8910,-23.9452,0.0386391,CN(C)S(=O)(=O)c1ccc2cccc(NC=C(C#N)C#N)c2c1,1,c1ccc2ccccc2c1,0.0330626,363.3484,0.8703393,0.8703,0.5933810,2.6096,1.0000000,1.0000,[],32
23.4921,35.0690,84.4702,0.9339003,CCN(CC)c1ccc(C=C(C#N)S(=O)(=O)c2cccc(N(CC)CC)c2)cc1,1,O=S(=O)(C=Cc1ccccc1)c1ccccc1,0.9582483,434.0201,0.5588786,0.5589,0.5940769,2.6037,1.0000000,1.0000,[],32
19.8935,25.8384,-7.8495,0.1405380,c1ccc(-c2ccc3c4c(cccc24)-c2ccccc2-3)cc1,1,c1ccc(-c2ccc3c4c(cccc24)-c2ccccc2-3)cc1,0.1320233,379.5536,0.3445441,0.3445,0.7127418,1.6932,1.0000000,1.0000,[],32
23.1153,39.6121,13.6970,0.4164772,C=CC(N=Cc1ccc(C=Cc2ccc(N(CC)CC)cc2)cc1)c1ccccc1,1,C(=Cc1ccc(C=NCc2ccccc2)cc1)c1ccccc1,0.4228465,396.6223,0.2156155,0.2156,0.5437040,3.0468,1.0000000,1.0000,[],32
35.8392,57.8871,57.0792,0.8981739,CC(=Cc1ccc(N(c2ccccc2)c2ccccc2)cc1)C(=C(c1ccccc1)c1ccccc1)c1ccc(N(c2ccc(C=C(C#N)C#N)cc2)c2ccc(C=C(C#N)c3ccccc3)cc2)cc1,1,C(=Cc1ccc(N(c2ccccc2)c2ccccc2)cc1)C(=C(c1ccccc1)c1ccccc1)c1ccc(N(c2ccccc2)c2ccc(C=Cc3ccccc3)cc2)cc1,0.9894317,449.2845,0.0616935,0.0617,0.5033121,3.4327,1.0000000,1.0000,[],32
17.8184,37.7914,79.7839,0.9185570,Cc1cc(C=C(C#N)C#N)ccc1N(c1ccc(C=Cc2ccc(N(c3ccccc3)c3ccccc3)cc2)cc1)c1ccc(C=C(C#N)C#N)cc1,1,C(=Cc1ccc(N(c2ccccc2)c2ccccc2)cc1)c1ccc(N(c2ccccc2)c2ccccc2)cc1,0.9947597,456.9590,0.1053701,0.1054,0.5365567,3.1129,1.0000000,1.0000,[],32
15.7151,23.2275,7.4302,0.2395128,C(=Cc1ccc(N(c2ccccc2)c2ccccc2)cc1)c1ccncc1,1,C(=Cc1ccc(N(c2ccccc2)c2ccccc2)cc1)c1ccncc1,0.2306282,386.9194,0.3977233,0.3977,0.6741004,1.9719,1.0000000,1.0000,[],32
51.3973,64.2458,-64.2458,0.0000000,CC(C)(C)OC(=O)N1C(=O)C=CC1=C=C=C=C=C=C=C=CC=Cc1cccc(B(O)O)c1C=Cc1ccc(N=Cc2ccccc2)cc1,1,O=C1C=CC(=C=C=C=C=C=C=C=CC=Cc2ccccc2C=Cc2ccc(N=Cc3ccccc3)cc2)N1,0.0000000,0.0000,0.0000000,0.0000,0.0000000,0.0000,0.0000000,0.0000,"['C(=[O,S])[O,S]']",32
43.3664,60.4457,26.9412,0.6827105,N#CC(C#N)=Cc1cc(N(C#N)c2nc3c(=O)ccccc3[nH]2)cc(N(c2ccccc2)c2ccccc2)c1,1,O=c1ccccc2[nH]c(Nc3cccc(N(c4ccccc4)c4ccccc4)c3)nc12,0.7190318,410.2023,0.1598697,0.1599,0.5136257,3.3313,1.0000000,1.0000,[],32
36.9933,52.9207,3.0110,0.4369663,Cc1cc(C=C(C#N)C#N)ccc1C=Cc1cccc2c1N(CCCCCO)S(=O)(=O)C=C2,1,O=S1(=O)C=Cc2cccc(C=Cc3ccccc3)c2N1,0.4388992,397.3331,0.3440739,0.3441,0.5070965,3.3953,1.0000000,1.0000,[],32
19.4683,32.7191,89.7015,0.9564111,CCN(CC)c1cc2oc(=O)c3ccccc3c2cc1C=C(C#N)C#N,1,O=c1oc2ccccc2c2ccccc12,0.9937161,454.9758,0.4022802,0.4023,0.5694771,2.8152,1.0000000,1.0000,[],32
25.2275,38.8025,-33.0244,0.0451414,N#Cc1cc(C=Cc2ccc(N(c3ccccc3)c3ccccc3)cc2)[n+](C2CC2)c2ccccc12,1,C(=Cc1ccc2ccccc2[n+]1C1CC1)c1ccc(N(c2ccccc2)c2ccccc2)cc1,0.0406109,554.3338,0.2385802,0.2386,0.5646440,2.8578,1.0000000,1.0000,[],32
45.1087,56.5672,-11.0523,0.3555853,CC(CN)CCNS(=O)(=O)c1ccc(C=Cc2ccc(-c3nc4ccccc4o3)c(C=C(C#N)C#N)c2)cc1,1,C(=Cc1ccc(-c2nc3ccccc3o2)cc1)c1ccccc1,0.3592489,393.7177,0.2044856,0.2045,0.5010898,3.4548,1.0000000,1.0000,[],32
45.9679,63.7923,36.4388,0.7830558,CCN(CC)c1ccc(C=Cc2c(O)c(C=Nc3ccc(C=Cc4c(N)oc5ccccc5c4=O)o3)n(CC)c2C)cc1,1,O=c1c(C=Cc2ccc(N=Cc3cc(C=Cc4ccccc4)c[nH]3)o2)coc2ccccc12,0.8309379,502.7119,0.1645935,0.1646,0.4847410,3.6207,1.0000000,1.0000,[],32
32.3557,42.1061,-42.1061,0.0000000,c12c(C(=O)c3ccccc3C=1c1ccc([N+]([O-])=O)cc1)cc(cc2)N=Nc1ccc2ccccc2c1,0,,0.0000000,0.0000,0.0000000,0.0000,0.0000000,0.0000,0.0000000,0.0000,None,32
37.5219,55.8379,-55.8379,0.0000000,c1ccc(c(OC)c1)C1=C(C=c2cc3c(cc2=C1)C=Cc1ccccc1C=3)C=Cc1ccc(N(c2ccccc2)c2ccccc2)cc1,0,,0.0000000,0.0000,0.0000000,0.0000,0.0000000,0.0000,0.0000000,0.0000,None,32
37.1478,41.8424,-41.8424,0.0000000,C#CC#CC#CC#Cc1cc2ccccc2cc1N=C=S,1,c1ccc2ccccc2c1,0.0000000,0.0000,0.0000000,0.0000,0.0000000,0.0000,0.0000000,0.0000,['C#C'],32
30.1474,47.3863,56.5693,0.8121531,CCN(CC)c1ccc(C=Cc2c(C)c3cc(C(=O)Nc4ccc(F)c(F)c4)ccc3[nH]c2=O)cc1,1,O=C(Nc1ccccc1)c1ccc2[nH]c(=O)c(C=Cc3ccccc3)cc2c1,0.8419107,418.1591,0.3177758,0.3178,0.6005927,2.5492,1.0000000,1.0000,[],32
30.8328,54.1248,16.3539,0.5506146,N#CC(C=Cc1ccc(C=C2C=Cc3ccccc3C2=O)s1)=Cc1cccc(N(c2ccccc2)c2cccc3ccccc23)c1,1,O=C1C(=Cc2ccc(C=CC=Cc3cccc(N(c4ccccc4)c4cccc5ccccc45)c3)s2)C=Cc2ccccc21,0.5811619,516.4437,0.1028641,0.1029,0.5246587,3.2250,1.0000000,1.0000,[],32
48.6192,49.9822,-49.9822,0.0000000,CC(=O)c1ccc(-c2c[n+](-c3ccc(C(=O)O)cc3)c(-c3ccccc3)n2Cc2ccccc2Br)cc1,1,c1ccc(Cn2c(-c3ccccc3)c[n+](-c3ccccc3)c2-c2ccccc2)cc1,0.0000000,0.0000,0.0000000,0.0000,0.0000000,0.0000,0.0000000,0.0000,"['C(=[O,S])[O,S]']",32
27.7201,46.1781,59.7193,0.8273240,CCN(CC)c1ccc(C=Cc2cc(-c3ccc(-c4cc5ccccc5c5ccccc45)c4ccccc34)nc3ccccc23)cc1,1,C(=Cc1cc(-c2ccc(-c3cc4ccccc4c4ccccc34)c3ccccc23)nc2ccccc12)c1ccccc1,0.8765883,421.2860,0.1682643,0.1683,0.5780942,2.7401,1.0000000,1.0000,[],32
50.9249,69.7503,15.8972,0.6691211,COC(=Cc1ccc(N=Cc2cc(-n3c4ccccc4c4cc(C=C(C#N)C#N)ccc43)ccc2OC)cc1)CN1c2ccccc2Sc2ccccc21,1,C(=Cc1ccc(N=Cc2cccc(-n3c4ccccc4c4ccccc43)c2)cc1)CN1c2ccccc2Sc2ccccc21,0.7189074,410.1956,0.0838447,0.0838,0.4989514,3.4762,1.0000000,1.0000,[],32
26.5398,29.7337,93.2248,0.9606135,CCCC[n+]1c(-c2cc[n+](CC)cc2)ccc2ccccc21,1,c1ccc2[nH+]c(-c3cc[nH+]cc3)ccc2c1,0.9845881,445.1350,0.6300943,0.6301,0.5607016,2.8928,1.0000000,1.0000,[],32
26.4843,45.3127,59.6082,0.8196944,CN(C)c1ccc(-c2cccc(N(c3ccccc3)c3ccc(C=C(C#N)C#N)c(C=C(C#N)C#N)c3)c2)cc1,1,c1ccc(-c2cccc(N(c3ccccc3)c3ccccc3)c2)cc1,0.8604887,500.2466,0.2327294,0.2327,0.5394191,3.0863,1.0000000,1.0000,[],32
33.3793,45.7691,-45.7691,0.0000000,[C@H]1(C(=O)NCCCC)C=CC(=Cc2ccc(N(C)C)cc2)C=CC=1,0,,0.0000000,0.0000,0.0000000,0.0000,0.0000000,0.0000,0.0000000,0.0000,None,32
49.4840,66.6972,49.8716,0.9106939,CC1(C)C(=O)N(C=C=C=C=C=C=C=C=Cc2ccc(-c3ccc(C=C(C#N)C#N)s3)cc2)c2cc(-c3ccc(N(c4ccccc4)c4ccc(C=CC#N)cc4)cc3)ccc21,1,O=C1Cc2ccc(-c3ccc(N(c4ccccc4)c4ccccc4)cc3)cc2N1C=C=C=C=C=C=C=C=Cc1ccc(-c2cccs2)cc1,0.9902514,469.8299,0.1071856,0.1072,0.4221893,4.3115,1.0000000,1.0000,[],32
43.0733,61.2011,-61.2011,0.0000000,N#CCC(=C=C1OC(=O)c2ccccc21)c1cc(C=C(C#N)C#N)ccc1NC(=O)c1ccc(Cl)cc1,1,O=C(Nc1ccccc1C=C=C1OC(=O)c2ccccc21)c1ccccc1,0.0000000,0.0000,0.0000000,0.0000,0.0000000,0.0000,0.0000000,0.0000,"['C(=[O,S])[O,S]']",32
38.0201,44.3633,65.0287,0.8546251,N#CC(C#N)=c1sc2c3ccccc3c(O)c3cc(-c4ccccc4)c1n32,1,C=c1sc2c3ccccc3cc3cc(-c4ccccc4)c1n32,0.8792002,498.4495,0.4718892,0.4719,0.5418183,3.0641,1.0000000,1.0000,[],32
19.0755,34.5953,85.1879,0.9358061,N#CC(C#N)=Cc1ccc(N(c2ccc(C=C(C#N)C#N)cc2)c2ccc(CCc3ccccc3)cc2)cc1,1,c1ccc(CCc2ccc(N(c3ccccc3)c3ccccc3)cc2)cc1,0.9881073,472.0119,0.2293553,0.2294,0.5825520,2.7017,1.0000000,1.0000,[],32
43.3028,51.1777,-51.1777,0.0000000,c1c(ccc(c1Cl)[N+]=c1c2c(oc3c2cccc3)ccc1-c1ccc(N(c2ccccc2)c2ccccc2)cc1)Cl,0,,0.0000000,0.0000,0.0000000,0.0000,0.0000000,0.0000,0.0000000,0.0000,None,32
42.4217,59.1824,-56.0599,0.0243951,COc1c(C2(c3ccnn3-c3ccccc3)c3ccccc3C=Cc3ccccc32)ccc2c1C=Cc1ccccc1N2C,1,C1=Cc2cc(C3(c4ccnn4-c4ccccc4)c4ccccc4C=Cc4ccccc43)ccc2Nc2ccccc21,0.0213669,358.4781,0.2119138,0.2119,0.5165856,3.3026,1.0000000,1.0000,[],32
30.5918,51.1208,52.1890,0.8071076,CCN(CC)S(=O)(=O)c1ccc2cc(N(c3ccc(-c4ccc(C=C(C#N)C#N)s4)cc3)c3ccc4ccccc4c3)ccc2c1,1,c1csc(-c2ccc(N(c3ccc4ccccc4c3)c3ccc4ccccc4c3)cc2)c1,0.8586872,500.4087,0.1471837,0.1472,0.5465379,3.0208,1.0000000,1.0000,[],32
26.9074,36.3397,33.8408,0.5482846,Cc1ccccc1C=c1ccc(=C(C#N)C#N)cc1C=Cc1ccccc1,1,C=c1ccc(=Cc2ccccc2)c(C=Cc2ccccc2)c1,0.5447302,518.0522,0.6676553,0.6677,0.5557198,2.9375,1.0000000,1.0000,[],32
20.8100,42.2463,76.2399,0.9256739,CCN(CC)c1ccc(C=Cc2ccc(C=Cc3ccc(N(CC)CC)cc3)c3c2ccc2ccc(C#N)cc23)cc1,1,C(=Cc1ccc(C=Cc2ccccc2)c2c1ccc1ccccc12)c1ccccc1,0.9957773,459.3144,0.1282441,0.1282,0.5599361,2.8997,1.0000000,1.0000,[],32
19.2881,30.6250,71.6983,0.7994006,N#CC(C#N)=Cc1c2ccccc2c(-c2ccc3ccccc3c2)c2ccccc12,1,c1ccc2cc(-c3c4ccccc4cc4ccccc34)ccc2c1,0.8348653,417.5945,0.2392031,0.2392,0.6212865,2.3798,1.0000000,1.0000,[],32
29.4298,49.2438,66.6482,0.9054060,CCCCCCCCN(C)c1ccc(C=Cc2cc3cc(-n4c5ccccc5c5ccccc54)ccc3cc2C=C(C#N)C#N)cc1,1,C(=Cc1ccc2ccc(-n3c4ccccc4c4ccccc43)cc2c1)c1ccccc1,0.9887286,471.4225,0.0784599,0.0785,0.5420426,3.0621,1.0000000,1.0000,[],32
35.0309,54.1528,58.4738,0.8798960,C=CC(=C(C#N)C=Cc1ccc(N(CC)CC)cc1)c1ccc(N=Nc2ccc(N=Cc3ccc(Cl)cc3)cc2)cc1,1,C(C=Cc1ccc(N=Nc2ccc(N=Cc3ccccc3)cc2)cc1)=Cc1ccccc1,0.9602877,485.4131,0.0779798,0.0780,0.5242389,3.2290,1.0000000,1.0000,[],33
25.9953,35.4619,-35.4619,0.0000000,N#CC(=Cc1ccc(N(c2ccccc2)c2ccc(N(c3ccc(C=Cc4ccccc4)cc3)c3ccc(C=C(c4ccccc4)c4ccccc4)cc3)cc2)cc1)C(=O)O,1,C(=Cc1ccc(N(c2ccc(C=C(c3ccccc3)c3ccccc3)cc2)c2ccc(N(c3ccccc3)c3ccccc3)cc2)cc1)c1ccccc1,0.0000000,0.0000,0.0000000,0.0000,0.0000000,0.0000,0.0000000,0.0000,"['C(=[O,S])[O,S]']",33
20.9519,35.3043,-17.9729,0.1354017,CCN(CC)c1ccc(C=Cc2c3n(c(=O)c4ccccc24)CCCC3)cc1,1,O=c1c2ccccc2c(C=Cc2ccccc2)c2n1CCCC2,0.1251431,378.8867,0.6027339,0.6027,0.6084032,2.4846,1.0000000,1.0000,[],33
26.5306,41.2295,-14.5814,0.2081890,O=C(Nc1cc(C=Cc2ccccc2)ccc1N=Cc1ccccc1C=Cc1ccccc1)c1ccccc1,1,O=C(Nc1cc(C=Cc2ccccc2)ccc1N=Cc1ccccc1C=Cc1ccccc1)c1ccccc1,0.2049936,385.2842,0.1661865,0.1662,0.6086007,2.4830,1.0000000,1.0000,[],33
38.6965,48.2007,64.0202,0.8767256,CN(C)c1ccc(C(=O)C=Cc2ccc(N(c3ccc(-c4ccc(F)c(F)c4)cc3)c3ccc(N(c4ccccc4)c4ccccc4)cc3)cc2)cc1,1,O=C(C=Cc1ccc(N(c2ccc(-c3ccccc3)cc2)c2ccc(N(c3ccccc3)c3ccccc3)cc2)cc1)c1ccccc1,0.9474277,431.3947,0.0993033,0.0993,0.5778278,2.7424,1.0000000,1.0000,[],33
16.5450,29.1323,92.7471,0.9521824,CCN(CC)c1ccc(C=Cc2nc3ccccc3cc2C#N)cc1,1,C(=Cc1ccc2ccccc2n1)c1ccccc1,0.9723660,438.6596,0.6525002,0.6525,0.6197612,2.3921,1.0000000,1.0000,[],33
29.4441,48.2325,66.5416,0.8966731,CCN(CC)c1ccc2c(c1)cc(C=C(C#N)C#N)c1ccc(NC(=O)c3ccc4ccccc4c3)cc12,1,O=C(Nc1ccc2ccc3ccccc3c2c1)c1ccc2ccccc2c1,0.9497483,488.0886,0.1939203,0.1939,0.5805863,2.7186,1.0000000,1.0000,[],33
39.0644,56.2292,63.0840,0.9321345,Cc1nc(C=Cc2ccc(N(c3ccccc3)c3ccc(C=C(C#N)C#N)cc3)c(F)c2)nc2cc(C=C(C#N)C#N)ccc12,1,C(=Cc1ncc2ccccc2n1)c1ccc(N(c2ccccc2)c2ccccc2)cc1,0.9951727,457.8548,0.1757254,0.1757,0.5087448,3.3790,1.0000000,1.0000,[],33
37.5735,52.1905,-41.8676,0.0806480,CC1(C)c2ccc(C=C(C#N)C#N)cc2C(c2ccc(N=Cc3ccccc3)cc2)c2cc(-c3ccc4ccccc4c3)ccc21,1,C(=Nc1ccc(C2c3ccccc3Cc3ccc(-c4ccc5ccccc5c4)cc32)cc1)c1ccccc1,0.0761591,372.9031,0.1483286,0.1483,0.4909807,3.5568,1.0000000,1.0000,[],33
54.1458,68.0281,-18.4333,0.3874592,CCN(CC)c1ccc(C=Cc2cnc(C(C#N)=CC=Cc3ccc(N(c4ccc(O)cc4)c4cccc(C=C(C)C#N)c4)cc3)cc2C=C(C#N)C#N)cc1,1,C(C=Cc1ccc(C=Cc2ccccc2)cn1)=Cc1ccc(N(c2ccccc2)c2ccccc2)cc1,0.4037862,524.2313,0.0934245,0.0934,0.4606921,3.8751,1.0000000,1.0000,[],33
34.0879,39.0960,-39.0960,0.0000000,CCOC(=O)c1cc(C=Nc2ccc(Br)cc2C)cc2c1[nH]c1ccccc12,1,C(=Nc1ccccc1)c1ccc2[nH]c3ccccc3c2c1,0.0000000,0.0000,0.0000000,0.0000,0.0000000,0.0000,0.0000000,0.0000,"['C(=[O,S])[O,S]']",33
30.9634,46.0691,25.0027,0.5552484,CCN(CC)c1ccc2cc(N(C=Cc3cccc4ccccc34)c3ccc4ccccc4c3)ccc2c1,1,C(=CN(c1ccc2ccccc2c1)c1ccc2ccccc2c1)c1cccc2ccccc12,0.5711423,403.1108,0.2187395,0.2187,0.5876529,2.6581,1.0000000,1.0000,[],33
14.5895,28.7041,89.1738,0.9209211,C(=Nc1ccc(N=Nc2ccc(N(c3ccccc3)c3ccccc3)cc2)cc1)c1ccc(N(c2ccccc2)c2ccccc2)cc1,1,C(=Nc1ccc(N=Nc2ccc(N(c3ccccc3)c3ccccc3)cc2)cc1)c1ccc(N(c2ccccc2)c2ccccc2)cc1,0.9924163,452.9203,0.1128990,0.1129,0.6153545,2.4278,1.0000000,1.0000,[],33
30.7963,33.1216,54.8026,0.6869075,CC(=O)c1ccnn2c(N)cc(=O)nc12,1,O=c1ccn2ncccc2n1,0.6902587,408.7003,0.6534394,0.6534,0.5875446,2.6590,1.0000000,1.0000,[],33
27.1451,43.6602,75.5659,0.9314537,N#CC(C#N)=Cc1cc2cc(N=Nc3nc4ccccc4c4ccccc34)ccc2s1,1,c1ccc2c(c1)nc(N=Nc1ccc3sccc3c1)c1ccccc12,0.9933220,454.3111,0.1741464,0.1741,0.5431428,3.0519,1.0000000,1.0000,[],33
33.9963,45.5208,46.4655,0.7186429,Brc1ccc2cc3c(cc2c1)C=CC(=Cc1cccc2cccnc12)C=C3,1,C1=Cc2cc3ccccc3cc2C=CC1=Cc1cccc2cccnc12,0.7405720,411.3888,0.3214998,0.3215,0.5760239,2.7580,1.0000000,1.0000,[],33
27.6433,36.1424,83.4120,0.9340185,O=C1C=Cc2c(ccc3ccccc23)C1=Cc1ccc2ccc3ccccc3c2c1,1,O=C1C=Cc2c(ccc3ccccc23)C1=Cc1ccc2ccc3ccccc3c2c1,0.9862276,473.6258,0.2197990,0.2198,0.6177617,2.4083,1.0000000,1.0000,[],33
35.0914,47.8233,65.5500,0.8857289,N#CC(C#N)=Cc1ccc(-c2ccc(-c3ccc(CN(c4ccc(C=C(c5ccccc5)c5ccccc5)cc4)c4cccc(N(c5ccccc5)c5ccccc5)c4)cc3)s2)s1,1,C(=C(c1ccccc1)c1ccccc1)c1ccc(N(Cc2ccc(-c3ccc(-c4cccs4)s3)cc2)c2cccc(N(c3ccccc3)c3ccccc3)c2)cc1,0.9650906,483.9594,0.0856833,0.0857,0.4997014,3.4687,1.0000000,1.0000,[],33
37.1607,44.2016,71.8314,0.9065078,C=CSC1=NC(=Cc2cccc3c4ccccc4n(CC)c23)C(=O)N1c1ccccc1,1,O=C1C(=Cc2cccc3c2[nH]c2ccccc23)N=CN1c1ccccc1,0.9428319,430.4320,0.3545347,0.3545,0.5734065,2.7808,1.0000000,1.0000,[],33
29.7488,38.4826,83.2055,0.9506884,CC=C(C)C=CC=C(C)C=Cc1cc2ccc(N(CC)CC)cc2oc1=O,1,O=c1ccc2ccccc2o1,0.9856101,474.1088,0.4386892,0.4387,0.5466108,3.0201,1.0000000,1.0000,[],33
35.0554,38.6512,-38.6512,0.0000000,COc1cccc(C=NN2C(=O)c3ccccc3C2=O)c1OC=Cc1ccccc1,1,O=C1c2ccccc2C(=O)N1N=Cc1ccccc1OC=Cc1ccccc1,0.0000000,0.0000,0.0000000,0.0000,0.0000000,0.0000,0.0000000,0.0000,['[#7;!n][#7;!n]'],33
17.9988,27.7894,-4.2932,0.1835636,N#CC(C#N)=Cc1cc(-c2ccccc2)c2ccccc2c1,1,c1ccc(-c2cccc3ccccc23)cc1,0.1719950,382.9371,0.6242299,0.6242,0.6446224,2.1955,1.0000000,1.0000,[],33
18.7609,35.5038,81.5148,0.9142079,COc1ccc(N(c2ccc(C=C(C#N)C#N)cc2)c2ccc(N(c3ccccc3)c3ccc(C=Cc4ccc(N(c5ccccc5)c5ccccc5)cc4)cc3)cc2)cc1,1,C(=Cc1ccc(N(c2ccccc2)c2ccc(N(c3ccccc3)c3ccccc3)cc2)cc1)c1ccc(N(c2ccccc2)c2ccccc2)cc1,0.9955244,458.6800,0.0856264,0.0856,0.5570198,2.9258,1.0000000,1.0000,[],33
37.0206,49.4035,68.1813,0.9186315,N#CC(C#N)=Cc1ccc2c(-c3ccccc3)c3cc(-c4ccccc4)ccc3c(-c3ccc4cc(C=Cc5ccccc5)ccc4c3)c2c1,1,C(=Cc1ccc2cc(-c3c4ccccc4c(-c4ccccc4)c4cc(-c5ccccc5)ccc34)ccc2c1)c1ccccc1,0.9941362,455.7317,0.1037779,0.1038,0.5678454,2.8295,1.0000000,1.0000,[],33
47.1868,76.1309,-76.1309,0.0000000,c1c(c2ccccc2c(c1)C=C(C#N)C#N)-c1c2c(oc(c1)=Cc1sc(cc1C)-c1ccc(N(CC)CC)cc1)cc(c(c2)C=Cc1ccc(C=C(C#N)C#N)cc1)=O,0,,0.0000000,0.0000,0.0000000,0.0000,0.0000000,0.0000,0.0000000,0.0000,None,33
36.0012,49.0964,-49.0963,0.0000000,N=C1C2=c3ccccc3=NC(=C(C=Cc3c(O)ccc4ccccc34)c3ccccc31)N2,1,N=C1C2=c3ccccc3=NC(=C(C=Cc3cccc4ccccc34)c3ccccc31)N2,0.0000000,0.0000,0.4576157,0.4576,0.4675038,3.8017,1.0000000,1.0000,[],33
36.2987,47.8825,-47.8825,0.0000000,CCn1c2ccccc2c2cc(C#CC3(C#N)CCC(C=Cc4ccc(C#N)cc4)CC3)ccc21,1,C(#CC1CCC(C=Cc2ccccc2)CC1)c1ccc2[nH]c3ccccc3c2c1,0.0000000,0.0000,0.0000000,0.0000,0.0000000,0.0000,0.0000000,0.0000,['C#C'],33
39.1549,43.8443,-40.2778,0.0278639,O=C1C(c2ccccc2)=C(c2ccc(-c3cccc(-c4ccccn4)c3)cc2)C(=O)N1C1CCCC1,1,O=C1C(c2ccccc2)=C(c2ccc(-c3cccc(-c4ccccn4)c3)cc2)C(=O)N1C1CCCC1,0.0241955,359.8593,0.3073899,0.3074,0.6210831,2.3815,1.0000000,1.0000,[],33
27.4159,48.0969,67.1576,0.9004262,N#CC(C#N)=Cc1ccc(C(C#N)=Cc2ccc(N(c3ccc(C=Cc4ccc(N(c5ccccc5)c5ccccc5)cc4)cc3)c3ccc(-c4ccc(-c5ccc(N(c6ccccc6)c6ccccc6)cc5)s4)cc3)cc2)cc1,1,C(=Cc1ccc(N(c2ccc(C=Cc3ccc(N(c4ccccc4)c4ccccc4)cc3)cc2)c2ccc(-c3ccc(-c4ccc(N(c5ccccc5)c5ccccc5)cc4)s3)cc2)cc1)c1ccccc1,0.9885250,471.6191,0.0708388,0.0708,0.4842664,3.6256,1.0000000,1.0000,[],33
41.7617,55.0185,-55.0185,0.0000000,O=c1[nH]c(-c2ccc(Br)cc2N=Cc2ccc(C=NN=Cc3ccccc3)cc2)nc2cc3ccccc3cc12,1,O=c1[nH]c(-c2ccccc2N=Cc2ccc(C=NN=Cc3ccccc3)cc2)nc2cc3ccccc3cc12,0.0000000,0.0000,0.0000000,0.0000,0.0000000,0.0000,0.0000000,0.0000,['[#7;!n][#7;!n]'],33
34.8405,46.8130,22.2719,0.5397257,CCN(CC)c1ccc(C=Ic2ccc(C(C#N)N=C=O)cc2)cc1,1,C(=Ic1ccccc1)c1ccccc1,0.5491912,402.1433,0.3602598,0.3603,0.4333708,4.1808,1.0000000,1.0000,[],33
31.3869,49.1814,69.9490,0.9307060,N#CC(C#N)=Cc1c(-c2cccc(N(c3ccccc3)c3ccccc3)c2)nn(-c2ccccc2)c1C=C1Nc2ccccc2S1,1,C(=C1Nc2ccccc2S1)c1cc(-c2cccc(N(c3ccccc3)c3ccccc3)c2)nn1-c1ccccc1,0.9918460,467.8731,0.1812504,0.1813,0.5273571,3.1994,1.0000000,1.0000,[],33
33.8129,48.4100,72.2722,0.9428296,CCN(CC)c1ccc2nc3ccc(F)cc3c(C=Cc3cc(Br)ccc3OC)c2c1,1,C(=Cc1c2ccccc2nc2ccccc12)c1ccccc1,0.9899877,470.1226,0.2712122,0.2712,0.6015620,2.5411,1.0000000,1.0000,[],33
29.8572,33.2020,-32.9140,0.0022496,Cc1ccc(-c2nc(-c3ccc(C)cc3)nc(-c3c(C)c4ccc(C)cc4oc3=O)n2)cc1,1,O=c1oc2ccccc2cc1-c1nc(-c2ccccc2)nc(-c2ccccc2)n1,0.0017096,330.8407,0.3163277,0.3163,0.6204015,2.3869,1.0000000,1.0000,[],33
17.2662,28.9538,95.1966,0.9699250,N#CC(C#N)=Cc1ccc(C=Cc2cccc3ccccc23)o1,1,C(=Cc1cccc2ccccc12)c1ccco1,0.9930505,466.1246,0.6364237,0.6364,0.5958681,2.5887,1.0000000,1.0000,[],33
37.1314,51.9319,59.1020,0.8674526,CCN(CC)c1ccc(C=CC=Cc2ccc(N=Nc3c(-c4ccc(Cl)cc4Cl)c(C#N)c(C)n(-c4ccccc4)c3=O)cc2)cc1,1,O=c1c(N=Nc2ccc(C=CC=Cc3ccccc3)cc2)c(-c2ccccc2)ccn1-c1ccccc1,0.9354976,490.9633,0.1107060,0.1107,0.5266250,3.2063,1.0000000,1.0000,[],33
32.7521,46.5072,29.9886,0.5976236,CC1(C)c2ccccc2-c2c(N(c3ccc(N=Cc4ccc(N(c5ccccc5)c5ccccc5)cc4)cc3)c3ccc(-c4cc5ccccc5s4)cc3)cccc21,1,C(=Nc1ccc(N(c2ccc(-c3cc4ccccc4s3)cc2)c2cccc3c2-c2ccccc2C3)cc1)c1ccc(N(c2ccccc2)c2ccccc2)cc1,0.6279299,405.6822,0.1363759,0.1364,0.5230023,3.2408,1.0000000,1.0000,[],33
18.4325,36.4232,88.8484,0.9786841,COc1ccc(C=C2C=Cc3ccccc3N2)cc1C=C(C#N)C#N,1,C1=Cc2ccccc2NC1=Cc1ccccc1,0.9954920,458.6014,0.8369950,0.8370,0.5511212,2.9790,1.0000000,1.0000,[],33
34.1002,41.9894,-41.9894,0.0000000,FC(c1cc2cc(c(=C=O)c3cccc(c32)cc1)C=O)(F)F,0,,0.0000000,0.0000,0.0000000,0.0000,0.0000000,0.0000,0.0000000,0.0000,None,33
27.1041,36.1348,77.3836,0.8868624,CN(CCO)c1ccc(C=CC(=O)c2ccc3c(c2)Cc2ccccc2-3)cc1,1,O=C(C=Cc1ccccc1)c1ccc2c(c1)Cc1ccccc1-2,0.9160717,425.9505,0.3993768,0.3994,0.6296321,2.3131,1.0000000,1.0000,[],33
25.5610,39.1497,13.4103,0.4106254,C(=Cc1cccc2ccccc12)c1ccc(N2c3ccccc3C=Cc3c2ccc2ccccc32)cc1,1,C(=Cc1cccc2ccccc12)c1ccc(N2c3ccccc3C=Cc3c2ccc2ccccc32)cc1,0.4147292,396.2602,0.2317172,0.2317,0.6040003,2.5209,1.0000000,1.0000,[],33
29.6710,49.1473,68.4305,0.9185762,CCN(CC)c1ccc(C=Cc2ccc(N(c3ccc(C=C(C#N)C#N)cc3)c3cc(OC)cc(-c4ccc5ccccc5c4)c3)cc2)cc1,1,C(=Cc1ccc(N(c2ccccc2)c2cccc(-c3ccc4ccccc4c3)c2)cc1)c1ccccc1,0.9951394,462.2202,0.1031119,0.1031,0.5448933,3.0358,1.0000000,1.0000,[],33
24.6667,38.8302,1.9788,0.3188199,Cn1c(-c2ccc(N(c3ccccc3)c3ccccc3)cc2)nc2c(-c3ccc(N(c4ccccc4)c4ccccc4)cc3)ncnc21,1,c1ccc(N(c2ccccc2)c2ccc(-c3nc4c(-c5ccc(N(c6ccccc6)c6ccccc6)cc5)ncnc4[nH]3)cc2)cc1,0.3210146,391.8666,0.1691570,0.1692,0.5955403,2.5914,1.0000000,1.0000,[],33
34.8966,50.3399,-50.3399,0.0000000,s1c2c(c(N)c1=NC(C=Cc1ccc(cc1)N(CC)CC)=O)cc(cc2)C=Cc1ccccc1,0,,0.0000000,0.0000,0.0000000,0.0000,0.0000000,0.0000,0.0000000,0.0000,None,33
31.1160,39.4701,6.1754,0.3566057,CC1=CC(=O)N(C)C2CCC3C4CCC5=CC(=O)C=CC5=C4CCC3C12,1,O=C1C=CC2=C3CCC4C5C=CC(=O)NC5CCC4C3CCC2=C1,0.3489553,393.2290,0.6632217,0.6632,0.3938772,4.6586,1.0000000,1.0000,[],33
24.6656,43.4648,33.4915,0.6012216,CCN(CC)c1ccc(C=Nc2ccc(C=CC(=O)Nc3ccc(-n4c5ccccc5c5ccccc54)cc3)cc2)cc1,1,O=C(C=Cc1ccc(N=Cc2ccccc2)cc1)Nc1ccc(-n2c3ccccc3c3ccccc32)cc1,0.6295269,405.7564,0.1411703,0.1412,0.5942060,2.6026,1.0000000,1.0000,[],33
38.3164,54.4453,46.9399,0.7920721,CCN(CC)c1ccc(-c2cc3c(s2)C(=O)c2ccccc2C32C=c3cc(C=O)ccc3=N2)cc1,1,O=C1c2ccccc2C2(C=c3ccccc3=N2)c2cc(-c3ccccc3)sc21,0.8207414,503.4818,0.3820835,0.3821,0.4367138,4.1424,1.0000000,1.0000,[],33
19.8189,34.1008,87.8951,0.9530937,CCN(CC)c1ccc(C=Cc2c3ccccc3nc3cc(OC)ccc23)cc1,1,C(=Cc1c2ccccc2nc2ccccc12)c1ccccc1,0.9912729,451.3831,0.3601493,0.3601,0.6351538,2.2694,1.0000000,1.0000,[],33
23.4519,39.0063,79.5901,0.9265350,N#CC(C#N)=Cc1ccc(N(c2ccc(C=C(C#N)C#N)cc2)c2c3ccccc3cc3cc4ccccc4cc23)cc1,1,c1ccc(N(c2ccccc2)c2c3ccccc3cc3cc4ccccc4cc23)cc1,0.9907585,469.2444,0.1580602,0.1581,0.5449874,3.0350,1.0000000,1.0000,[],33
30.5241,54.3484,-54.1807,0.0013098,CCC(C=C(C#N)C#N)=Cc1ccc2c(c1)c(C=C(C#N)C#N)cc(C=Cc1ccc(N(CC)CC)cc1)[n+]2CC,1,C(=Cc1ccc2ccccc2[nH+]1)c1ccccc1,0.0009958,595.0345,0.1526688,0.1527,0.4696041,3.7793,1.0000000,1.0000,[],33
19.1566,33.9720,67.6082,0.7935958,N#CC(C#N)=Cc1ccc(C=C(C#N)c2ccc(C=C(c3ccccc3)c3ccccc3)cc2)cc1,1,C(=Cc1ccc(C=C(c2ccccc2)c2ccccc2)cc1)c1ccccc1,0.8314080,417.3244,0.2183256,0.2183,0.6027473,2.5313,1.0000000,1.0000,[],33
61.6712,72.9082,2.2571,0.5872288,C=C(C=CC1=CC2c3cc(Cl)ccc3OC2CC1C(C=Cc1ccco1)=Cc1ccc([N+](=O)[O-])cc1)C=Cc1ccccc1,1,C=C(C=CC1=CC2c3ccccc3OC2CC1C(C=Cc1ccco1)=Cc1ccccc1)C=Cc1ccccc1,0.6240248,405.5011,0.1090063,0.1090,0.4093582,4.4658,1.0000000,1.0000,[],33
27.1087,50.5950,67.4179,0.9219757,CCNC(=O)c1cc(N(CC)CC)ccc1N=Nc1ccc(N=Cc2ccc(N(c3ccccc3)c3ccccc3)cc2)cc1,1,C(=Nc1ccc(N=Nc2ccccc2)cc1)c1ccc(N(c2ccccc2)c2ccccc2)cc1,0.9950342,462.4539,0.1153922,0.1154,0.5564241,2.9311,1.0000000,1.0000,[],33
32.9160,42.4587,70.4195,0.8818611,CCN(CC)c1ccc(C2=Cc3cc4cc(N(c5ccccc5)c5ccc(OC)cc5)ccc4cc3C2=O)cc1,1,O=C1C(c2ccccc2)=Cc2cc3cc(N(c4ccccc4)c4ccccc4)ccc3cc21,0.9317271,491.6240,0.2028772,0.2029,0.5860649,2.6716,1.0000000,1.0000,[],33
39.0600,53.1042,66.2243,0.9322539,CC(=O)C(C#N)=Cc1ccc(C=CC(C)=Cc2cc3cc(N4CCOCC4)ccc3o2)cc1,1,C(C=Cc1cc2cc(N3CCOCC3)ccc2o1)=Cc1ccccc1,0.9794794,441.9701,0.2730237,0.2730,0.5625147,2.8767,1.0000000,1.0000,[],33
24.2272,36.6483,58.1127,0.7403201,N#CC(C#N)=Cc1sc(-c2ccc(C=Cc3ccc(N(c4ccccc4)c4ccccc4)cc3)cc2)c(C#N)c1C#N,1,C(=Cc1ccc(N(c2ccccc2)c2ccccc2)cc1)c1ccc(-c2cccs2)cc1,0.7842450,505.9877,0.1471892,0.1472,0.5403895,3.0773,1.0000000,1.0000,[],33
36.5883,51.3299,5.7025,0.4455662,CCCCC1(CCC)c2ccccc2C=Cc2ccc(N(CC)c3ccc(C=C(c4ccccc4)c4ccc(N)cc4)cc3)cc21,1,C1=Cc2ccc(Nc3ccc(C=C(c4ccccc4)c4ccccc4)cc3)cc2Cc2ccccc21,0.4633466,398.4053,0.1203357,0.1203,0.4948639,3.5174,1.0000000,1.0000,[],33
35.1431,45.1963,68.5016,0.8882653,Cc1ccc(C=CC=Cc2ccc3c(c2)C(=O)c2ccccc2C3=O)c(C=C(C#N)C#N)c1,1,O=C1c2ccccc2C(=O)c2cc(C=CC=Cc3ccccc3)ccc21,0.9282600,427.7977,0.2992078,0.2992,0.5608779,2.8913,1.0000000,1.0000,[],33
39.1621,51.7411,52.4254,0.8138010,COc1ccc(N(c2ccc(C=C(C=C(c3ccccc3)c3ccccc3)c3ccccc3)cc2)c2ccc(-c3ccc(-c4ccc(C)cc4)c(OC)c3)cc2)cc1,1,C(=C(C=C(c1ccccc1)c1ccccc1)c1ccccc1)c1ccc(N(c2ccccc2)c2ccc(-c3ccc(-c4ccccc4)cc3)cc2)cc1,0.8789483,421.5248,0.0916458,0.0916,0.5552437,2.9417,1.0000000,1.0000,[],33
24.6032,38.2092,-18.6166,0.1530674,CCN(CC)c1ccc(N=Nc2c3ccccc3c(O)c3cc(C=C(C#N)C#N)ccc23)cc1,1,c1ccc(N=Nc2c3ccccc3cc3ccccc23)cc1,0.1479985,539.0046,0.1900216,0.1900,0.5479085,3.0082,1.0000000,1.0000,[],33
18.4114,33.9976,86.3878,0.9405110,N#CC(C#N)=Cc1ccc(N(c2ccccc2)c2ccc(-c3cccc(C=C(C#N)C#N)c3)cc2)cc1,1,c1ccc(-c2ccc(N(c3ccccc3)c3ccccc3)cc2)cc1,0.9889835,471.1713,0.2673738,0.2674,0.5702124,2.8087,1.0000000,1.0000,[],33
24.5913,35.3381,-21.5690,0.1075711,C(=Cc1ccc(N(c2ccccc2)c2ccccc2)cc1)c1ccc(Nc2nc(Nc3ccccc3)nc(Nc3ccccc3)n2)cc1,1,C(=Cc1ccc(N(c2ccccc2)c2ccccc2)cc1)c1ccc(Nc2nc(Nc3ccccc3)nc(Nc3ccccc3)n2)cc1,0.1031864,376.5230,0.1237532,0.1238,0.6293349,2.3155,1.0000000,1.0000,[],33
23.7275,37.3536,79.8046,0.9152983,N#CC(C#N)=Cc1ccc(C=Cc2ccc(N=Nc3ccc(N=Cc4ccc(N5CCCC5)cc4)cc3)cc2)cc1,1,C(=Cc1ccc(N=Nc2ccc(N=Cc3ccc(N4CCCC4)cc3)cc2)cc1)c1ccccc1,0.9926938,466.6718,0.0981016,0.0981,0.5519385,2.9716,1.0000000,1.0000,[],33
53.1250,61.6515,-61.6515,0.0000000,c1ccc2c(C3(CC3=O)C=C2C=c2c3=c4c(cccc4)=C(C=C(C=3)C)C)ccc2c1,0,,0.0000000,0.0000,0.0000000,0.0000,0.0000000,0.0000,0.0000000,0.0000,None,33
29.7321,42.9747,76.0148,0.9296058,N#CC(C#N)=Cc1ccc(N(c2ccccc2)c2ccc(-c3ccccc3)c(-c3nc(-c4ccccc4)c4ccccc4n3)c2)cc1,1,c1ccc(-c2ccc(N(c3ccccc3)c3ccccc3)cc2-c2nc(-c3ccccc3)c3ccccc3n2)cc1,0.9909649,451.0031,0.1699041,0.1699,0.5713060,2.7992,1.0000000,1.0000,[],34
20.7675,34.9112,76.9234,0.8737077,Clc1ccc2c(-c3ccccc3)c3ccccc3c(C=Cc3ccc(N(c4ccccc4)c4ccccc4)cc3)c2c1,1,C(=Cc1c2ccccc2c(-c2ccccc2)c2ccccc12)c1ccc(N(c2ccccc2)c2ccccc2)cc1,0.9315146,428.3398,0.1450554,0.1451,0.6158841,2.4235,1.0000000,1.0000,[],34
23.7349,27.9520,93.4508,0.9484590,CCN(CC)c1ccc(C=C2C(=O)c3ccccc3N2C)cc1,1,O=C1C(=Cc2ccccc2)Nc2ccccc21,0.9624114,484.7924,0.7907264,0.7907,0.6226639,2.3687,1.0000000,1.0000,[],34
18.0770,30.3937,84.1903,0.8951879,COc1ccc2cc(C=C(C#N)C#N)c3ccccc3c2c1,1,c1ccc2c(c1)ccc1ccccc12,0.9179125,426.2131,0.5163193,0.5163,0.6212591,2.3800,1.0000000,1.0000,[],34
35.6553,38.8078,59.5600,0.7684979,C=CCOc1ccc(-c2ccc(O)c(CC)c2)cc1C=C(C#N)C#N,1,c1ccc(-c2ccccc2)cc1,0.7781965,413.6280,0.6192065,0.6192,0.5856557,2.6751,1.0000000,1.0000,[],34
12.8920,27.2065,89.6366,0.9128366,C(=Cc1ccc(N(c2ccccc2)c2ccccc2)cc1)c1ccc(N=Nc2ccccc2)cc1,1,C(=Cc1ccc(N(c2ccccc2)c2ccccc2)cc1)c1ccc(N=Nc2ccccc2)cc1,0.9678244,436.9568,0.1786887,0.1787,0.6548930,2.1164,1.0000000,1.0000,[],34
19.0965,30.7406,-8.5638,0.1732561,C(=Cc1cccc2c1ccc1c3ccccc3ccc21)c1ccc(N(c2ccccc2)c2ccccc2)cc1,1,C(=Cc1cccc2c1ccc1c3ccccc3ccc21)c1ccc(N(c2ccccc2)c2ccccc2)cc1,0.1686996,382.6839,0.1687990,0.1688,0.6389416,2.2397,1.0000000,1.0000,[],34
23.5176,45.2172,75.8880,0.9461341,CC1=C(C=Cc2cccc(N(C)c3ccc(C=C(C#N)C#N)cc3)c2)C(=O)c2ccccc21,1,O=C1C(C=Cc2cccc(Nc3ccccc3)c2)=Cc2ccccc21,0.9808721,442.7486,0.4320215,0.4320,0.5530796,2.9613,1.0000000,1.0000,[],34
19.5244,33.5615,82.8213,0.9092405,CCN(CC)c1ccc(C=C(C#N)c2ccc(C=Cc3ccc(N(C)C)cc3)cc2)cc1,1,C(=Cc1ccc(C=Cc2ccccc2)cc1)c1ccccc1,0.9499148,431.9494,0.2947727,0.2948,0.6161512,2.4213,1.0000000,1.0000,[],34
18.8947,22.4380,-20.5657,0.0146271,Cc1ccc2c(=O)c3ccccc3oc2c1C,1,O=c1c2ccccc2oc2ccccc12,0.0120302,352.1382,0.5463644,0.5464,0.6899279,1.8558,1.0000000,1.0000,[],34
40.4653,43.5016,5.2639,0.3809801,N#CC(C#N)=Cc1ccc2c(ccn2CCOCC(=O)NC2CCCc3ccccc32)c1,1,O=C(COCCn1ccc2ccccc21)NC1CCCc2ccccc21,0.3763254,394.5151,0.4526240,0.4526,0.5275265,3.1978,1.0000000,1.0000,[],34
31.7056,45.4012,-45.4012,0.0000000,c12nc(C=Cc3ccc(N(C)C)cc3)c(c(=C(C#N)C#N)c2cccc1)-c1oc(-c2ccccc2)nn1,0,,0.0000000,0.0000,0.0000000,0.0000,0.0000000,0.0000,0.0000000,0.0000,None,34
21.7151,41.1741,-41.1741,0.0000000,c1cc2c3c(ccc(c3ccc2)-c2ccc(cc2)C=C(c2ccc(N(CC)CC)cc2)C#N)c1,0,,0.0000000,0.0000,0.0000000,0.0000,0.0000000,0.0000,0.0000000,0.0000,None,34
31.5758,38.7283,51.7562,0.7069095,COc1c(-c2ccccc2)c(C#N)c(C=Cc2ccco2)n(C)c1=O,1,O=c1cc(-c2ccccc2)cc(C=Cc2ccco2)[nH]1,0.7091483,409.6766,0.7304291,0.7304,0.5791814,2.7307,1.0000000,1.0000,[],34
25.0964,45.6275,42.0723,0.6851543,CCC(C=Cc1cc2ccccc2s1)=Cc1sc(C=C(C#N)C#N)c(C=C(C#N)C#N)c1C,1,C(C=Cc1cc2ccccc2s1)=Cc1cccs1,0.7106608,510.2436,0.2776334,0.2776,0.4680026,3.7964,1.0000000,1.0000,[],34
27.1968,43.9987,72.2398,0.9081136,C=CC(C#N)=Cc1ccc(N(c2ccccc2)c2ccc(C=Cc3ccc(N(c4ccc(C=C(C#N)C#N)cc4)c4ccccc4C)cc3)cc2)cc1,1,C(=Cc1ccc(N(c2ccccc2)c2ccccc2)cc1)c1ccc(N(c2ccccc2)c2ccccc2)cc1,0.9932005,454.1141,0.0772418,0.0772,0.5199666,3.2700,1.0000000,1.0000,[],34
34.9833,49.6054,64.4720,0.8912295,N#CC(C#N)=Cc1ccc(N(C(=O)c2ccccc2)c2ccc(C=Cc3ccc(C=C(C#N)c4nc(-c5ccccc5)cs4)o3)cc2)cc1,1,O=C(c1ccccc1)N(c1ccccc1)c1ccc(C=Cc2ccc(C=Cc3nc(-c4ccccc4)cs3)o2)cc1,0.9546784,486.9112,0.1436090,0.1436,0.5254045,3.2179,1.0000000,1.0000,[],34
45.8312,57.6788,-57.3188,0.0028125,Cc1nc2cc(C3(Cn4cnc5c(N)ncnc54)CC3)ccc2c(Cl)c1C=Cc1ccccc1,1,C(=Cc1cnc2cc(C3(Cn4cnc5cncnc54)CC3)ccc2c1)c1ccccc1,0.0021608,333.3887,0.3525450,0.3525,0.5494111,2.9945,1.0000000,1.0000,[],34
31.6325,43.1120,75.2321,0.9245632,N#CC(C#N)=Cc1ccc2cc(-c3ccc(-c4ccc(-c5ccc(C6=CC=CC=CC6)s5)s4)s3)ccc2c1,1,C1=CC=C(c2ccc(-c3ccc(-c4ccc(-c5ccc6ccccc6c5)s4)s3)s2)CC=C1,0.9812505,442.9698,0.2081838,0.2082,0.5124071,3.3432,1.0000000,1.0000,[],34
18.9092,34.5894,83.7569,0.9245805,N#CC(C#N)=Cc1ccc(-c2ccc(N(c3ccccc3)c3ccccc3)cc2)c2cc3ccccc3cc12,1,c1ccc(N(c2ccccc2)c2ccc(-c3cccc4cc5ccccc5cc34)cc2)cc1,0.9835393,475.5914,0.1759496,0.1759,0.5909454,2.6302,1.0000000,1.0000,[],34
23.3375,44.9924,53.3282,0.7681298,N#CC(C#N)=CC(C#N)=Cc1c2ccccc2c(-c2ccccc2)c2ccc(N(c3ccc(C#N)cc3)c3ccc(C=C(C#N)C#N)cc3)cc12,1,c1ccc(-c2c3ccccc3cc3cc(N(c4ccccc4)c4ccccc4)ccc23)cc1,0.8282566,502.9179,0.0949324,0.0949,0.4929200,3.5370,1.0000000,1.0000,[],34
39.0106,48.6418,1.0773,0.3884300,N#CC(C#N)=Cc1c(-c2ccc(F)cc2)c(Cc2cc3ccccc3c3ccccc23)c(-c2ccccc2)c2ccccc12,1,c1ccc(-c2cc3ccccc3c(-c3ccccc3)c2Cc2cc3ccccc3c3ccccc23)cc1,0.3967119,395.4488,0.1541953,0.1542,0.5701126,2.8096,1.0000000,1.0000,[],34
33.3480,53.8887,56.8725,0.8653218,CN1c2ccc(C=CC3=NC(=C(C#N)C#N)Nc4ccccc43)cc2C=Cc2cc(C=C(C#N)C#N)ccc21,1,C=C1N=C(C=Cc2ccc3c(c2)C=Cc2ccccc2N3)c2ccccc2N1,0.8974949,496.4428,0.4057292,0.4057,0.4758945,3.7128,1.0000000,1.0000,[],34
35.2065,61.0986,-25.1776,0.2806322,CCN(CC)c1ccc(C=Cc2nc(C(C#N)=Cc3ccc(N(c4ccccc4)c4ccccc4)cc3)sc2C=Cc2cc(C=C(C#N)C#N)c(C#N)s2)cc1,1,C(=Cc1nc(C=Cc2ccc(N(c3ccccc3)c3ccccc3)cc2)sc1C=Cc1cccs1)c1ccccc1,0.2862747,529.9187,0.1076000,0.1076,0.4591598,3.8918,1.0000000,1.0000,[],34
28.4320,47.3619,11.1574,0.4571821,N#CC(C#N)=CC1=CN(c2ccccc2)C(=Cc2ccc(C=C(C#N)C#N)cc2)C=C1c1ccc(N(c2ccccc2)c2ccccc2)cc1,1,C1=CN(c2ccccc2)C(=Cc2ccccc2)C=C1c1ccc(N(c2ccccc2)c2ccccc2)cc1,0.4721460,521.2109,0.1564297,0.1564,0.4947216,3.5188,1.0000000,1.0000,[],34
22.7169,36.1648,-1.8383,0.2681755,CC1(C)c2ccccc2-c2cccc(NC(=O)C=Cc3ccc(N(c4ccccc4)c4ccccc4)cc3)c21,1,O=C(C=Cc1ccc(N(c2ccccc2)c2ccccc2)cc1)Nc1cccc2c1Cc1ccccc1-2,0.2647890,388.9122,0.2329369,0.2329,0.6058269,2.5058,1.0000000,1.0000,[],34
20.9793,23.1132,-23.1074,0.0000454,COc1ccc(-c2sccc2C)cc1,1,c1ccc(-c2cccs2)cc1,0.0000273,285.9048,0.7238666,0.7239,0.7033582,1.7594,1.0000000,1.0000,[],34
26.9859,32.7353,-23.6338,0.0711054,CCCCCCc1nc2ccccc2nc1C=Cc1ccc([N+](=O)[O-])cc1,1,C(=Cc1cnc2ccccc2n1)c1ccccc1,0.0650016,371.0528,0.2873861,0.2874,0.6216564,2.3768,1.0000000,1.0000,[],34
26.3180,30.5540,89.7160,0.9396096,c1ccc(C(N=Nc2nc3ccccc3s2)=C(c2ccccc2)c2ccccc2)cc1,1,c1ccc(C(N=Nc2nc3ccccc3s2)=C(c2ccccc2)c2ccccc2)cc1,0.9940080,455.4955,0.2107833,0.2108,0.6103781,2.4684,1.0000000,1.0000,[],34
34.8069,55.5995,-55.5995,0.0000000,O=S(c1c2ccc3cccc4ccc(cc2)c3c4c1)(=O)C=Cc1ccc(cc1)N(c1ccc(cc1)C=Cc1ccc(cc1)N(CC)CC)c1ccc(C=Cc2ccc(N(CC)CC)cc2)cc1,0,,0.0000000,0.0000,0.0000000,0.0000,0.0000000,0.0000,0.0000000,0.0000,None,34
35.6393,43.4053,69.6673,0.8833794,O=[N+]([O-])c1ccc(C=Nc2ccc(-c3ccc(N=Nc4ccc(N=Nc5ccc(C=Cc6ccc(N=C=S)cc6)cc5)cc4)cc3)cc2)cc1,1,C(=Cc1ccc(N=Nc2ccc(N=Nc3ccc(-c4ccc(N=Cc5ccccc5)cc4)cc3)cc2)cc1)c1ccccc1,0.9895470,470.5951,0.0340912,0.0341,0.5310919,3.1641,1.0000000,1.0000,[],34
41.7057,46.5827,70.9186,0.9179787,C[n+]1ccc(C=Cc2c(C=Cc3ccc(N4CCOCC4)cc3)ccc3c2ccc2c4ccccc4ccc32)cc1,1,C(=Cc1c(C=Cc2ccc(N3CCOCC3)cc2)ccc2c1ccc1c3ccccc3ccc21)c1cc[nH+]cc1,0.9874593,447.4049,0.1263073,0.1263,0.5621160,2.8802,1.0000000,1.0000,[],34
30.1090,51.7124,10.3533,0.4848885,Cc1oc(-c2ccc(N(C)c3ccc4c(c3)C(=C(C#N)C#N)c3ccccc3C4=O)cc2)cc1C=C(C#N)C#N,1,C=C1c2ccccc2C(=O)c2ccc(Nc3ccc(-c4ccco4)cc3)cc21,0.4952162,520.2078,0.2384496,0.2384,0.5167078,3.3014,1.0000000,1.0000,[],34
11.3582,21.7528,-8.8254,0.1009955,N#CC(C#N)=Cc1ccc2ccccc2c1,1,c1ccc2ccccc2c1,0.0915062,375.0782,0.6690662,0.6691,0.6426787,2.2106,1.0000000,1.0000,[],34
27.1032,48.0078,54.7523,0.8028138,CCN(CC)c1ccc(C=C=C=C(C)Sc2ccc(C=Cc3ccc(N(c4ccccc4)c4ccccc4)cc3)cc2)cc1,1,C(=C=Cc1ccccc1)=CSc1ccc(C=Cc2ccc(N(c3ccccc3)c3ccccc3)cc2)cc1,0.8687645,420.5213,0.0858107,0.0858,0.5402323,3.0788,1.0000000,1.0000,[],34
30.6575,36.4470,-35.5456,0.0070420,NCCNc1nccn2nc(-c3ccc(N(c4ccccc4)c4ccccc4)cc3)cc12,1,c1ccc(N(c2ccccc2)c2ccc(-c3cc4cnccn4n3)cc2)cc1,0.0056538,343.8701,0.3768864,0.3769,0.6086248,2.4828,1.0000000,1.0000,[],34
28.0770,47.6626,48.7452,0.7531865,CCN(CC)c1ccc(C=Cc2ccc(OC)cc2C=Cc2cc(=O)cc(C=Cc3ccccc3)o2)cc1,1,O=c1cc(C=Cc2ccccc2)oc(C=Cc2ccccc2C=Cc2ccccc2)c1,0.7896407,414.3617,0.2056382,0.2056,0.5592018,2.9062,1.0000000,1.0000,[],34
47.7653,71.2261,-68.2559,0.0232044,CCc1cc(N=Nc2ccc(Cl)c(C=C(C#N)C#N)c2)ccc1N=Nc1c2ccccc2c(=O)n2cc(N(CC)CC)ccc12,1,O=c1c2ccccc2c(N=Nc2ccc(N=Nc3ccccc3)cc2)c2ccccn12,0.0208293,561.8046,0.0933198,0.0933,0.4858971,3.6088,1.0000000,1.0000,[],34
23.8407,40.4572,58.8207,0.7756086,N#CC(C#N)=Cc1ccc(-c2nc3ccc(N=Cc4ccc(N(c5ccccc5)c5ccccc5)cc4)cc3[nH]2)cc1,1,C(=Nc1ccc2nc(-c3ccccc3)[nH]c2c1)c1ccc(N(c2ccccc2)c2ccccc2)cc1,0.8204393,416.4959,0.1616331,0.1616,0.5651035,2.8537,1.0000000,1.0000,[],34
12.3119,30.2553,87.0755,0.9166476,N#CC(C#N)=Cc1ccc(N(c2ccc(C=Cc3ccc(N(c4ccccc4)c4ccccc4)cc3)cc2)c2ccc(N(c3ccccc3)c3ccccc3)cc2)cc1,1,C(=Cc1ccc(N(c2ccccc2)c2ccc(N(c3ccccc3)c3ccccc3)cc2)cc1)c1ccc(N(c2ccccc2)c2ccccc2)cc1,0.9952695,458.0760,0.0917366,0.0917,0.5809290,2.7156,1.0000000,1.0000,[],34
28.1542,33.5891,82.6109,0.9078128,CN(C)c1ccc(C=C(C#N)C=Cc2ccco2)cc1[N+](=O)[O-],1,C(C=Cc1ccco1)=Cc1ccccc1,0.9439530,430.6599,0.3621031,0.3621,0.5641905,2.8618,1.0000000,1.0000,[],34
31.8052,48.4935,75.0819,0.9654327,CCN(CC)c1ccc(C=Cc2cc3c(c(OC)c2)C2=C(C3)N(C)C=CC=C2)cc1,1,C1=CNC2=C(C=C1)c1ccc(C=Cc3ccccc3)cc1C2,0.9943810,456.1972,0.5556024,0.5556,0.5434974,3.0487,1.0000000,1.0000,[],34
20.2963,42.8485,59.1704,0.7970227,CCN(CC)c1ccc(C=Cc2ccc(C=Nc3cccc(C(=O)Nc4ccc(C=Cc5ccc(N(CC)CC)cc5)cc4)c3)cc2)cc1,1,O=C(Nc1ccc(C=Cc2ccccc2)cc1)c1cccc(N=Cc2ccc(C=Cc3ccccc3)cc2)c1,0.8581092,419.5397,0.0964632,0.0965,0.5671813,2.8354,1.0000000,1.0000,[],34
19.0324,38.7785,-38.7785,0.0000000,CCN(CC)c1ccc(C=CC#Cc2ccc(C=Cc3ccc(N(CC)CC)cc3)cn2)cc1,1,C(#Cc1ccc(C=Cc2ccccc2)cn1)C=Cc1ccccc1,0.0000000,0.0000,0.0000000,0.0000,0.0000000,0.0000,0.0000000,0.0000,['C#C'],34
33.0741,45.0592,5.5138,0.3951016,Cc1ccc(C(=O)C=CC=Cc2ccccc2)cc1C=Nc1ccc(N2CCCCC2)cc1,1,O=C(C=CC=Cc1ccccc1)c1cccc(C=Nc2ccc(N3CCCCC3)cc2)c1,0.4021586,395.6953,0.1705931,0.1706,0.6006591,2.5486,1.0000000,1.0000,[],34
51.2777,69.7389,40.6410,0.8623434,CC(=O)c1cc(-c2ccc(N(c3ccccc3)c3ccccc3)cc2C)ccc1Nc1cc2c(=N)c3ccc(C)cc3oc2cc1C=Cc1ccc(N(C)C)cc1,1,N=c1c2ccccc2oc2cc(C=Cc3ccccc3)c(Nc3ccc(-c4ccc(N(c5ccccc5)c5ccccc5)cc4)cc3)cc12,0.9390202,429.6872,0.0828591,0.0829,0.5063407,3.4027,1.0000000,1.0000,[],34
17.4268,33.4095,82.6310,0.9065666,CCN(CC)c1ccc(C=Nc2ccc(C=Cc3ccc(N=Nc4ccc5ccccc5c4)cc3)cc2)cc1,1,C(=Cc1ccc(N=Nc2ccc3ccccc3c2)cc1)c1ccc(N=Cc2ccccc2)cc1,0.9778758,441.1354,0.1108847,0.1109,0.5810331,2.7147,1.0000000,1.0000,[],34
22.4100,29.1669,-29.1668,0.0000000,c12c3ccc4c2cccc1ccc3C=CC=C4,0,,0.0000000,0.0000,0.0000000,0.0000,0.0000000,0.0000,0.0000000,0.0000,None,34
14.6995,24.8131,-24.8131,0.0000000,N#CC(C#N)=Cc1ccc(-c2ccc(C#N)cc2)s1,1,c1ccc(-c2cccs2)cc1,0.4127827,396.1731,0.7732853,0.7733,0.5895487,2.6420,1.0000000,1.0000,[],34
31.7046,48.8559,68.8922,0.9199069,CCc1ccc(N(c2ccccc2)c2ccc(-c3ccc(-c4ccc(N5C(=O)C(C)(C)c6cc(C=C(C#N)C#N)ccc65)cc4)s3)cc2)cc1,1,O=C1Cc2ccccc2N1c1ccc(-c2ccc(-c3ccc(N(c4ccccc4)c4ccccc4)cc3)s2)cc1,0.9849530,445.3991,0.1515869,0.1516,0.5357526,3.1204,1.0000000,1.0000,[],34
37.1498,49.1937,-25.2516,0.1870477,CCOc1ccc(C#N)cc1-c1cc(C#N)c(NC=Cc2ccccc2)nc1-c1ccccc1,1,C(=Cc1ccccc1)Nc1ccc(-c2ccccc2)c(-c2ccccc2)n1,0.1790619,383.4673,0.3468427,0.3468,0.5885440,2.6505,1.0000000,1.0000,[],34
36.8553,44.2786,70.1140,0.8936923,Cc1ccc(N(c2ccccc2)c2ccc(C=Nc3ccc(N=Nc4ccc(C=Cc5ccc(N=Cc6cc(Cl)ccc6O)cc5)cc4)cc3)cc2)cc1,1,C(=Cc1ccc(N=Nc2ccc(N=Cc3ccc(N(c4ccccc4)c4ccccc4)cc3)cc2)cc1)c1ccc(N=Cc2ccccc2)cc1,0.9743738,439.5010,0.0820154,0.0820,0.5297740,3.1765,1.0000000,1.0000,[],34
30.1175,43.8738,74.5482,0.9251719,CCN(CC)c1ccc(C(C#N)=Cc2ccc(N(C=O)c3cccc(C=C(C#N)C#N)n3)cc2)cc1,1,C(=Cc1ccc(Nc2ccccn2)cc1)c1ccccc1,0.9792217,441.8318,0.2239515,0.2240,0.5236508,3.2347,1.0000000,1.0000,[],34
27.5980,49.2353,-32.6294,0.1297339,CCN(CC)c1ccc(C=Cc2ccccc2N2C(=O)C(=Cc3ccc(C=C(C#N)C#N)o3)C(C)=C2C)cc1,1,O=C1C(=Cc2ccco2)C=CN1c1ccccc1C=Cc1ccccc1,0.1247421,541.1531,0.1770286,0.1770,0.5248061,3.2236,1.0000000,1.0000,[],34
24.3001,25.8389,-25.5376,0.0023537,CC(C)n1cncc1C=Cc1ccncc1,1,C(=Cc1cnc[nH]1)c1ccncc1,0.0017448,331.0623,0.7842142,0.7842,0.5795208,2.7278,1.0000000,1.0000,[],34
33.7962,38.6695,80.4251,0.9304272,CN1C(=CCCCCCCC(=O)Nc2ccccc2N=Nc2ccccc2)C(C)(C)c2ccccc21,1,O=C(CCCCCCC=C1Cc2ccccc2N1)Nc1ccccc1N=Nc1ccccc1,0.9817536,443.2706,0.2329691,0.2330,0.5795017,2.7279,1.0000000,1.0000,[],34
34.9851,51.4676,67.9899,0.9332613,COc1ccc(N=Nc2ccc(C=C(C#N)C#N)cc2)c(NC(=O)C(C#N)=Cc2ccc(Cl)cc2Cl)c1,1,O=C(C=Cc1ccccc1)Nc1ccccc1N=Nc1ccccc1,0.9916977,468.0705,0.1941422,0.1941,0.5494984,2.9937,1.0000000,1.0000,[],34
25.5144,42.2926,72.7090,0.8984499,CCN(CC)c1ccc(C=Cc2nc3cccc(C=Cc4ccc(N(CC)CC)cc4)c3nc2-c2ccc(N(CC)CC)cc2)cc1,1,C(=Cc1nc2cccc(C=Cc3ccccc3)c2nc1-c1ccccc1)c1ccccc1,0.9687426,482.7186,0.1150606,0.1151,0.5475244,3.0117,1.0000000,1.0000,[],34
21.2553,27.8749,-26.6057,0.0099157,Oc1ccc(-c2nnc(-c3ccc(N(c4ccccc4)c4ccccc4)cc3)o2)cc1,1,c1ccc(-c2nnc(-c3ccc(N(c4ccccc4)c4ccccc4)cc3)o2)cc1,0.0081042,347.8061,0.3578082,0.3578,0.6634744,2.0513,1.0000000,1.0000,[],34
33.7189,67.3857,37.2609,0.8175515,N#CC(C#N)=Cc1ccc(N=Nc2ccc(N=Nc3ccc(N=Nc4ccc(C(=O)Nc5ccc(N(c6ccccc6)c6ccc(C=Cc7ccccc7)cc6)cc5)cc4C=Cc4ccccc4)cc3)cc2)cc1,1,O=C(Nc1ccc(N(c2ccccc2)c2ccc(C=Cc3ccccc3)cc2)cc1)c1ccc(N=Nc2ccc(N=Nc3ccc(N=Nc4ccccc4)cc3)cc2)c(C=Cc2ccccc2)c1,0.8994618,496.2087,0.0581503,0.0582,0.4621143,3.8597,1.0000000,1.0000,[],34
21.9288,35.7550,66.9710,0.8025471,N#CC(C#N)=Cc1ccc(-n2c3ccccc3c3cc(-c4ccccc4C#N)ccc32)cc1,1,c1ccc(-c2ccc3c(c2)c2ccccc2n3-c2ccccc2)cc1,0.8325722,417.4149,0.3028254,0.3028,0.6049200,2.5133,1.0000000,1.0000,[],34
49.8104,71.4385,47.1545,0.9265078,C=CP(=O)(C1=C(C=Cc2ccc(N(CC)CC)cc2)C=CC(C=Cc2ccc(N(C)C)cc2)C1)C(C)(C)N,1,C(=Cc1ccccc1)C1=CCC(C=Cc2ccccc2)C=C1,0.9763862,440.4114,0.2972095,0.2972,0.4225057,4.3078,1.0000000,1.0000,[],34
35.4592,59.2847,47.1235,0.8313142,CCN(CC)c1ccc(C=CCCC=Cc2ccc(N(c3ccc(C=Cc4ccc(N(CC)CC)cc4C=C(C#N)C#N)cc3)c3ccc(C=C(C)c4ccccc4)cc3)cc2)cc1,1,C(=Cc1ccccc1)CCC=Cc1ccc(N(c2ccc(C=Cc3ccccc3)cc2)c2ccc(C=Cc3ccccc3)cc2)cc1,0.9214135,493.2723,0.0461982,0.0462,0.4783339,3.6872,1.0000000,1.0000,[],34
33.6201,53.8937,-53.8936,0.0000005,N#CC(C=CC=C1Nc2ccccc2C1=O)=CC=c1c2ccccc2n2c1cc1ccccc12,1,O=C1C(=CC=CC=CC=c2c3ccccc3n3c2cc2ccccc23)Nc2ccccc21,0.0000002,684.7729,0.2157700,0.2158,0.5163617,3.3047,1.0000000,1.0000,[],34
26.9641,50.9539,-50.9539,0.0000000,Cc1cccc2ccccc2n(-c2ccc(N(c3ccccc3)c3ccccc3)cc2)c2cc(C=C(C#N)C#N)ccc12,1,c1ccc(N(c2ccccc2)c2ccc(-n3c4ccccc4ccccc4ccccc43)cc2)cc1,0.0000000,0.0000,0.0000000,0.0000,0.0000000,0.0000,0.0000000,0.0000,['[*;r{8-17}]'],35
42.2128,56.3552,-56.3552,0.0000000,Cc1nn(-c2ccc(C=C(C#N)C#N)cc2)c(C)c1C=NN(C)c1cccc2cc(Cl)ccc12,1,C(=NNc1cccc2ccccc12)c1cnn(-c2ccccc2)c1,0.0000000,0.0000,0.0000000,0.0000,0.0000000,0.0000,0.0000000,0.0000,['[#7;!n][#7;!n]'],35
19.8471,30.4891,91.9893,0.9568625,C1=Cc2ccccc2NC1=Cc1ccc2cc3ccccc3cc2c1,1,C1=Cc2ccccc2NC1=Cc1ccc2cc3ccccc3cc2c1,0.9932223,454.1491,0.3962503,0.3963,0.6106812,2.4659,1.0000000,1.0000,[],35
21.2661,41.5939,76.4582,0.9222821,N#CC(C#N)=Cc1ccc(N(c2ccccc2)c2cccc3c2C=CC3=Cc2ccc(N(c3ccccc3)c3ccccc3)cc2)cc1,1,C1=Cc2c(cccc2N(c2ccccc2)c2ccccc2)C1=Cc1ccc(N(c2ccccc2)c2ccccc2)cc1,0.9857016,445.9615,0.1600770,0.1601,0.5417340,3.0649,1.0000000,1.0000,[],35
20.5092,41.2345,74.4299,0.9036275,Cc1cc(N(c2ccccc2)c2ccccc2)ccc1C=Nc1ccc(C=Cc2ccc(N(c3ccccc3)c3ccc(C=C(C#N)C#N)cc3)cc2)cc1,1,C(=Cc1ccc(N(c2ccccc2)c2ccccc2)cc1)c1ccc(N=Cc2ccc(N(c3ccccc3)c3ccccc3)cc2)cc1,0.9877663,447.6775,0.0762432,0.0762,0.5371498,3.1074,1.0000000,1.0000,[],35
38.7179,48.1738,32.2746,0.6285029,CCN(CC)c1ccc(C=Cc2c(C=Cc3ccc(N(c4ccccc4)c4ccccc4)cc3)ccc3c2C(C)c2ccccc2-3)cc1,1,C(=Cc1c(C=Cc2ccc(N(c3ccccc3)c3ccccc3)cc2)ccc2c1Cc1ccccc1-2)c1ccccc1,0.6619520,407.2962,0.1402695,0.1403,0.5077643,3.3887,1.0000000,1.0000,[],35
30.1500,47.4333,27.5202,0.5855748,CC(C)CCN(C)C=Cc1ccc2cc(C=Cc3ccc(N(c4ccccc4)c4ccccc4)cc3)ccc2c1,1,C(=Cc1ccc2ccccc2c1)c1ccc(N(c2ccccc2)c2ccccc2)cc1,0.6092233,404.8212,0.1683249,0.1683,0.5794449,2.7284,1.0000000,1.0000,[],35
26.5110,48.6698,45.5322,0.7359537,CCN(CC)c1ccc(C=Cc2ccc(N=Nc3cnc4ccccc4c3C#N)cc2C=Cc2ccccc2)cc1,1,C(=Cc1ccc(N=Nc2cnc3ccccc3c2)cc1C=Cc1ccccc1)c1ccccc1,0.7804346,506.2307,0.1398794,0.1399,0.5469004,3.0174,1.0000000,1.0000,[],35
25.0646,28.7292,-17.7028,0.0861441,C(=Cc1ccc(-c2ccc(N(c3ccccc3)c3ccc(N(c4ccccc4)c4ccccc4)cc3)cc2)cc1)c1ccccc1,1,C(=Cc1ccc(-c2ccc(N(c3ccccc3)c3ccc(N(c4ccccc4)c4ccccc4)cc3)cc2)cc1)c1ccccc1,0.0809904,373.6278,0.1543297,0.1543,0.6729780,1.9802,1.0000000,1.0000,[],35
32.0771,33.7024,83.6424,0.9167563,N#CC(C#N)=CC=CC(=N)C=CN1CCCCC1,1,C1CCNCC1,0.9494467,488.1570,0.4658550,0.4659,0.4791445,3.6788,1.0000000,1.0000,[],35
22.7295,36.6808,50.8765,0.6840415,CCCCc1ccc(N(c2ccccc2)c2ccc(C=Cc3ccc(-c4ccc(C=C(C#N)C#N)s4)s3)cc2)cc1,1,C(=Cc1ccc(-c2cccs2)s1)c1ccc(N(c2ccccc2)c2ccccc2)cc1,0.7196803,509.7628,0.1577196,0.1577,0.5535573,2.9570,1.0000000,1.0000,[],35
25.5132,39.1829,79.1553,0.9245170,COc1ccc(N(c2ccc(C=C(C#N)C#N)cc2)c2cc3ccccc3cc2-c2ccc(N(c3ccccc3)c3ccccc3)cc2)cc1,1,c1ccc(N(c2ccccc2)c2ccc(-c3cc4ccccc4cc3N(c3ccccc3)c3ccccc3)cc2)cc1,0.9903362,450.2658,0.1463393,0.1463,0.5597949,2.9009,1.0000000,1.0000,[],35
48.4436,69.1933,-69.0355,0.0012327,Cc1cc(N(C)C)ccc1-c1sc(-c2ccc(C=C(C#N)C#N)o2)c(C)c1C=C1C=c2ccc(C=C(C#N)C#N)cc2=N1,1,C(=C1C=c2ccccc2=N1)c1cc(-c2ccco2)sc1-c1ccccc1,0.0009220,595.8724,0.2360742,0.2361,0.4570842,3.9144,1.0000000,1.0000,[],35
25.9973,41.6038,-41.6038,0.0000000,C=CCN(CC(=O)O)C(=O)Nc1ccc(C=CC=Cc2ccc(N(CC)CC)cc2)cc1,1,C(C=Cc1ccccc1)=Cc1ccccc1,0.0000000,0.0000,0.0000000,0.0000,0.0000000,0.0000,0.0000000,0.0000,"['C(=[O,S])[O,S]']",35
44.9538,67.4921,49.4953,0.9139637,CCN(CC)c1ccc(C=CNS(=O)(=O)c2ccc(N=NC(C=Cc3ccc(N=Nc4ccccc4C)c(C)c3)C=Cc3ccccc3OC)cc2)cc1,1,O=S(=O)(NC=Cc1ccccc1)c1ccc(N=NC(C=Cc2ccccc2)C=Cc2ccc(N=Nc3ccccc3)cc2)cc1,0.9947479,463.0655,0.1016502,0.1017,0.4409775,4.0938,1.0000000,1.0000,[],35
19.4427,29.5555,-2.4473,0.2117832,N#CC(C#N)=Cc1cc2ccccc2c(-c2ccccc2)c1-c1ccccc1,1,c1ccc(-c2ccc3ccccc3c2-c2ccccc2)cc1,0.2030805,385.1563,0.3880050,0.3880,0.6267268,2.3362,1.0000000,1.0000,[],35
21.2040,36.1946,-36.1946,0.0000000,n12c(c(-c3ccc(cc3)C=C(C#N)C#N)c3c1cccc3)nc1c2cccc1,0,,0.0000000,0.0000,0.0000000,0.0000,0.0000000,0.0000,0.0000000,0.0000,None,35
50.9197,80.0578,-80.0578,0.0000000,N#CC(C#N)=Cc1ccc(N=Nc2ccc(N=Nc3ccc(C(=O)c4c(=O)oc5c6cc(c([N+](=O)[O-])cc46)=CC(C#N)=C(c4ccccc4)C=5)cc3)cc2)cc1,1,O=C(c1ccc(N=Nc2ccc(N=Nc3ccccc3)cc2)cc1)c1c(=O)oc2c3cc(ccc13)=CC=C(c1ccccc1)C=2,0.0000000,0.0000,0.0000000,0.0000,0.0000000,0.0000,0.0000000,0.0000,['[*;r{8-17}]'],35
26.2794,45.6173,55.0684,0.7866076,CCN(CC)c1ccc(C=Cc2ccnc3cc(OCCOc4ccc5ccccc5c4)ccc23)cc1,1,C(=Cc1ccnc2cc(OCCOc3ccc4ccccc4c3)ccc12)c1ccccc1,0.8273957,417.0165,0.1874285,0.1874,0.6127367,2.4491,1.0000000,1.0000,[],35
29.5468,46.4308,70.7115,0.9151742,N#CC(C#N)=Cc1ccc2cc3c(cc2c1)-c1c(C#N)cc(N(c2ccccc2)c2ccccc2)cc1CO3,1,c1ccc(N(c2ccccc2)c2ccc3c(c2)COc2cc4ccccc4cc2-3)cc1,0.9662474,436.4195,0.2323983,0.2324,0.5421798,3.0608,1.0000000,1.0000,[],35
33.2390,46.7038,-11.1460,0.2777953,C=C=Cc1ccccc1N(CC)c1ccc2c(-c3ccccc3)cc(=O)oc2c1,1,O=c1cc(-c2ccccc2)c2ccc(Nc3ccccc3)cc2o1,0.2729640,389.3637,0.2964193,0.2964,0.5799304,2.7242,1.0000000,1.0000,[],35
22.6051,33.7011,80.1931,0.8897984,CCN(CC)c1ccc(N=C(c2ccc(C=C(C#N)C#N)cc2)c2ccc(N(CC)CC)cc2)cc1,1,c1ccc(N=C(c2ccccc2)c2ccccc2)cc1,0.9369063,490.7072,0.2343189,0.2343,0.5679414,2.8287,1.0000000,1.0000,[],35
35.6869,52.4022,-22.8419,0.2309399,CN1C=CN(c2ccc3c(c2)C(=Cc2cc4c(C=C(C#N)C#N)cccc4s2)C=C3)C1,1,C1=CN(c2ccc3c(c2)C(=Cc2cc4ccccc4s2)C=C3)CN1,0.2220972,533.6096,0.4838131,0.4838,0.4865646,3.6019,1.0000000,1.0000,[],35
35.1898,51.3859,70.3564,0.9511124,COC1=Cc2c(-c3ccccc3)c3cc(C=C(C#N)C#N)cc(OC)c3c(=O)c3cccc1c23,1,O=c1c2ccccc2c(-c2ccccc2)c2c3c(cccc13)C=C2,0.9917725,452.0287,0.3665888,0.3666,0.5441877,3.0423,1.0000000,1.0000,[],35
52.6673,68.7917,-59.5003,0.0725884,COCC(C)N(C)Cc1cc(-c2cnc(N(C=C(C=Cc3ccccc3)c3ccccc3)c3ccccc3)nc2)cc(-c2ccc3ccccc3c2)c1,1,C(=Cc1ccccc1)C(=CN(c1ccccc1)c1ncc(-c2cccc(-c3ccc4ccccc4c3)c2)cn1)c1ccccc1,0.0687927,371.7124,0.1125463,0.1125,0.4820741,3.6483,1.0000000,1.0000,[],35
32.5487,52.0778,70.4436,0.9571991,CN(C)c1ccc(C=Cc2cc(C=C(C#N)C#N)ccc2C=Cn2ccc(N)n2)cc1,1,C(=Cc1ccccc1C=Cn1cccn1)c1ccccc1,0.9916615,451.8819,0.4703288,0.4703,0.5179023,3.2898,1.0000000,1.0000,[],35
26.9777,31.2434,-9.7037,0.1682791,O=[N+]([O-])c1ccc(-c2cc3c(ccc4cc([N+](=O)[O-])ccc43)o2)cc1,1,c1ccc(-c2cc3c(ccc4ccccc43)o2)cc1,0.1593699,381.9450,0.3844898,0.3845,0.6454653,2.1889,1.0000000,1.0000,[],35
28.7483,36.2154,85.3670,0.9498622,CCN(CC)c1ccc(C2=NC(=Cc3ccc(-c4ccc(Cl)cc4)cc3)C(=O)N2)cc1,1,O=C1NC(c2ccccc2)=NC1=Cc1ccc(-c2ccccc2)cc1,0.9781572,441.2775,0.5052580,0.5053,0.6072254,2.4943,1.0000000,1.0000,[],35
22.1363,22.2730,-20.1243,0.0167867,CCN(CC)c1ccc(NS(=O)(=O)c2ccc(Cl)cc2)cc1,1,O=S(=O)(Nc1ccccc1)c1ccccc1,0.0137031,353.5703,0.8660570,0.8661,0.6967992,1.8063,1.0000000,1.0000,[],35
46.1248,59.6015,-55.2543,0.0339625,O=C(c1ccccc1)c1ccc(NC(=S)NC2C=Cc3cc(C=Cc4ccccc4)cc(C=Cc4ccccc4)c3C2)cc1,1,O=C(c1ccccc1)c1ccc(NC(=S)NC2C=Cc3cc(C=Cc4ccccc4)cc(C=Cc4ccccc4)c3C2)cc1,0.0309266,362.5994,0.1077346,0.1077,0.5136157,3.3314,1.0000000,1.0000,[],35
18.6240,26.2785,-25.1494,0.0088207,Cn1c2ccccc2c2ccc(-c3ccc(N(c4ccccc4)c4ccccc4)cc3)cc21,1,c1ccc(N(c2ccccc2)c2ccc(-c3ccc4c(c3)[nH]c3ccccc34)cc2)cc1,0.0072252,346.5500,0.2754286,0.2754,0.6604480,2.0742,1.0000000,1.0000,[],35
26.4615,40.9968,74.6339,0.9033647,N#CC(C#N)=Cc1ccc(N=Nc2ccc3cc(-c4ccc(C(C#N)=C(C#N)C#N)cc4)ccc3c2)cc1,1,c1ccc(N=Nc2ccc3cc(-c4ccccc4)ccc3c2)cc1,0.9565731,486.4260,0.2101921,0.2102,0.5310294,3.1647,1.0000000,1.0000,[],35
31.1701,50.5173,64.5862,0.8992461,CCN(CC)c1ccc(C=CC=Cc2ccc(N(c3ccc(C=Cc4ccc(S(=O)(=O)c5ccc(C)cc5)cc4)cc3)c3ccc(C=C(C#N)C#N)cc3)cc2)c(C)c1,1,O=S(=O)(c1ccccc1)c1ccc(C=Cc2ccc(N(c3ccccc3)c3ccc(C=CC=Cc4ccccc4)cc3)cc2)cc1,0.9904741,450.4235,0.0620096,0.0620,0.5043026,3.4229,1.0000000,1.0000,[],35
50.6414,62.1421,52.4437,0.8952014,CC(C)(CC#N)C(=O)n1ccc(=S)n(-c2ccc(C=Cc3ccc(N=O)cc3)cc2)c1=O,1,O=c1[nH]ccc(=S)n1-c1ccc(C=Cc2ccccc2)cc1,0.9391533,429.7125,0.2833494,0.2833,0.5159051,3.3092,1.0000000,1.0000,[],35
33.1413,36.9143,-36.9143,0.0000000,COc1ccc(C(=O)Nc2cccc(C=NNc3ccc4ccccc4c3)c2)cc1OC,1,O=C(Nc1cccc(C=NNc2ccc3ccccc3c2)c1)c1ccccc1,0.0000000,0.0000,0.0000000,0.0000,0.0000000,0.0000,0.0000000,0.0000,['[#7;!n][#7;!n]'],35
36.4433,45.3614,-45.3614,0.0000000,c12c(c(c(C)c(o2)=Cc2ccccc2)=O)c(c(C)c(-c2ccc(OC)cc2)c1C)C,0,,0.0000000,0.0000,0.0000000,0.0000,0.0000000,0.0000,0.0000000,0.0000,None,35
30.1853,29.6847,-29.6810,0.0000289,O=C(CC(c1ccccc1)c1ccccc1)NCCCN1Cc2ccccc2C1=O,1,O=C(CC(c1ccccc1)c1ccccc1)NCCCN1Cc2ccccc2C1=O,0.0000171,280.8322,0.5729723,0.5730,0.6550578,2.1152,1.0000000,1.0000,[],35
25.8945,45.7335,67.3956,0.8838215,N#CC(C#N)=Cc1ccc(-c2ccc(N(c3ccccc3)c3ccc(C=Cc4ccc(N(c5ccccc5)c5ccccc5)cc4)cc3)cc2)cc1C=Cc1ccc(-c2ccc(N(c3ccccc3)c3ccccc3)cc2)cc1,1,C(=Cc1cccc(-c2ccc(N(c3ccccc3)c3ccc(C=Cc4ccc(N(c5ccccc5)c5ccccc5)cc4)cc3)cc2)c1)c1ccc(-c2ccc(N(c3ccccc3)c3ccccc3)cc2)cc1,0.9683034,437.1250,0.0712969,0.0713,0.5047523,3.4184,1.0000000,1.0000,[],35
35.3294,54.2696,40.9286,0.7437353,CCc1nc(-c2ccc(C=C(C#N)C#N)cc2)nc(-c2ccc(CN3c4ccccc4C=Cc4ccccc43)cc2)n1,1,C1=Cc2ccccc2N(Cc2ccc(-c3ncnc(-c4ccccc4)n3)cc2)c2ccccc21,0.7798127,413.7299,0.2018687,0.2019,0.5543401,2.9499,1.0000000,1.0000,[],35
15.1573,30.6851,8.3638,0.3050694,CCN(CC)c1ccc(C=Cc2ccc(Nc3ccc(C=Cc4ccc(N(c5ccccc5)c5ccccc5)cc4)cc3)cc2)cc1,1,C(=Cc1ccc(Nc2ccc(C=Cc3ccc(N(c4ccccc4)c4ccccc4)cc3)cc2)cc1)c1ccccc1,0.3081085,391.2166,0.1389046,0.1389,0.6200616,2.3897,1.0000000,1.0000,[],35
26.6466,23.3610,-23.2869,0.0005787,CC1(C)OB(c2c(F)cccc2C=O)OC1(C)C,1,c1ccc(B2OCCO2)cc1,0.0004024,315.1208,0.5939503,0.5940,0.5493672,2.9949,1.0000000,1.0000,[],35
20.6351,31.4726,85.5110,0.9139349,O=C(Nc1ccc2c(c1)C(=O)c1ccccc1C2=O)c1ccc(N=Nc2ccccc2)cc1,1,O=C(Nc1ccc2c(c1)C(=O)c1ccccc1C2=O)c1ccc(N=Nc2ccccc2)cc1,0.9493904,431.8303,0.3472606,0.3473,0.6399578,2.2318,1.0000000,1.0000,[],35
49.0119,61.2104,-61.2104,0.0000000,CCN(CC)c1ccc(C=Cc2ccccc2N(CC)c2ccc(C=CC(=O)Oc3ccc(N(c4ccccc4)c4ccccc4)c4ccc(N(C)c5ccccc5)cc34)cc2)cc1,1,O=C(C=Cc1ccc(Nc2ccccc2C=Cc2ccccc2)cc1)Oc1ccc(N(c2ccccc2)c2ccccc2)c2ccc(Nc3ccccc3)cc12,0.0000000,0.0000,0.0000000,0.0000,0.0000000,0.0000,0.0000000,0.0000,"['C(=[O,S])[O,S]']",35
40.0405,61.4919,55.5086,0.9140658,N#CC(C#N)=Cc1ccc(-c2cccc(C(C#N)=Cc3ccc4c(c3)OCC(C=Cc3ccc(N(c5ccccc5)c5ccccc5)cc3)=C4)c2)[nH]1,1,C(=Cc1ccc(N(c2ccccc2)c2ccccc2)cc1)C1=Cc2ccc(C=Cc3cccc(-c4ccc[nH]4)c3)cc2OC1,0.9868150,473.1461,0.1219553,0.1220,0.4936009,3.5301,1.0000000,1.0000,[],35
32.2096,31.3811,-31.3085,0.0005666,COC(=N)c1cc(C#N)cc(Br)n1,1,c1ccncc1,0.0003970,314.9735,0.4608960,0.4609,0.5312135,3.1630,1.0000000,1.0000,[],35
28.1295,52.3906,64.9956,0.9170798,CCN(CC)c1ccc(C=Cc2ccc(N(CC(=O)Nc3ccccc3)c3ccccc3)cc2C=Cc2ccc(C=C(C#N)C#N)cc2)cc1,1,O=C(CN(c1ccccc1)c1ccc(C=Cc2ccccc2)c(C=Cc2ccccc2)c1)Nc1ccccc1,0.9944962,463.5764,0.1010132,0.1010,0.5341228,3.1356,1.0000000,1.0000,[],35
23.4828,34.2999,85.7310,0.9377416,Cc1sc(C=C(C#N)C#N)cc1-c1ccc(-c2ccc(C=C(C#N)C#N)s2)cc1,1,c1csc(-c2ccc(-c3ccsc3)cc2)c1,0.9700611,437.7641,0.4723296,0.4723,0.5246075,3.2255,1.0000000,1.0000,[],35
32.5447,50.0029,66.4376,0.9096916,COc1ccc(N(c2ccc(C=Cc3ccccn3)cc2)c2ccc(-n3cc(C=C(C#N)C#N)c4ccccc43)cc2)cc1,1,C(=Cc1ccccn1)c1ccc(N(c2ccccc2)c2ccc(-n3ccc4ccccc43)cc2)cc1,0.9690468,437.3910,0.1708700,0.1709,0.5550532,2.9435,1.0000000,1.0000,[],35
19.5550,40.6782,74.6210,0.9007746,N#CC(C#N)=Cc1cc(N(c2ccccc2)c2ccccc2)ccc1C=Cc1cc(N(c2ccccc2)c2ccccc2)ccc1C=Cc1ccc(N(c2ccccc2)c2ccccc2)cc1,1,C(=Cc1ccc(N(c2ccccc2)c2ccccc2)cc1C=Cc1ccc(N(c2ccccc2)c2ccccc2)cc1)c1ccc(N(c2ccccc2)c2ccccc2)cc1,0.9832737,444.2319,0.0805217,0.0805,0.5246893,3.2247,1.0000000,1.0000,[],35
27.6644,37.3948,87.0908,0.9725435,CN(C)c1ccccc1C1=CC=CC(=CC=Cc2ccccc2)C=C1,1,C1=CC(=CC=Cc2ccccc2)C=CC(c2ccccc2)=C1,0.9945793,463.4105,0.6760202,0.6760,0.5789508,2.7327,1.0000000,1.0000,[],35
53.5114,68.4009,-68.4009,0.0000000,Cn1ccc(C(=O)NCc2ccc3c(c2)CCN3c2ccc(C#Cc3ccc(N(c4ccccc4)c4ccc(C=CC=C(C#N)C#N)cc4)cc3)cc2)n1,1,O=C(NCc1ccc2c(c1)CCN2c1ccc(C#Cc2ccc(N(c3ccccc3)c3ccccc3)cc2)cc1)c1cc[nH]n1,0.0000000,0.0000,0.0000000,0.0000,0.0000000,0.0000,0.0000000,0.0000,['C#C'],35
36.8463,57.5684,48.0964,0.8255061,CN(c1ccccc1)c1ccc(C=Nc2ccc(-c3ccccc4c5cc6ccccc6cc5c(C=C(C#N)C#N)c3-4)cc2)cc1,1,C(=Nc1ccc(-c2ccccc3c4cc5ccccc5cc4cc2-3)cc1)c1ccc(Nc2ccccc2)cc1,0.8802189,498.3449,0.1433679,0.1434,0.5411025,3.0707,1.0000000,1.0000,[],35
30.8730,39.9775,76.9191,0.9132546,N#CC(C#N)=Cc1ccc(-c2ccc(-c3sc4ccccc4c3-c3ccc(C=C(C#N)C#N)s3)s2)s1,1,c1csc(-c2ccc(-c3sc4ccccc4c3-c3cccs3)s2)c1,0.9687586,482.7129,0.2110477,0.2110,0.4986348,3.4794,1.0000000,1.0000,[],35
26.5535,28.9503,-27.2066,0.0136229,c1ccc(-c2ccc(N(c3ccc(-c4ccc(N(c5ccccc5)c5ccccc5)cc4)cc3)c3cc(-c4ccccc4)cc(-c4ccccc4)c3)cc2)cc1,1,c1ccc(-c2ccc(N(c3ccc(-c4ccc(N(c5ccccc5)c5ccccc5)cc4)cc3)c3cc(-c4ccccc4)cc(-c4ccccc4)c3)cc2)cc1,0.0116671,351.8015,0.1390175,0.1390,0.6579171,2.0934,1.0000000,1.0000,[],35
26.6834,48.2977,71.5994,0.9366956,N#CC(C#N)=Cc1ccc(N2C(=O)C3(CCCCC3)NC2=Cc2ccc(N(c3ccccc3)c3ccccc3)cc2)cc1,1,O=C1N(c2ccccc2)C(=Cc2ccc(N(c3ccccc3)c3ccccc3)cc2)NC12CCCCC2,0.9909507,469.0140,0.2398453,0.2398,0.4983729,3.4820,1.0000000,1.0000,[],35
44.1083,61.9557,19.7681,0.6384666,O=C(c1ccccc1)c1ccc(N2C(=O)c3ccc(-c4ccc5c(C=Cc6ccc(N(c7ccccc7)c7ccccc7)cc6)cc(-c6ccccc6)nc5c4)cc3C2=O)cc1O,1,O=C(c1ccccc1)c1ccc(N2C(=O)c3ccc(-c4ccc5c(C=Cc6ccc(N(c7ccccc7)c7ccccc7)cc6)cc(-c6ccccc6)nc5c4)cc3C2=O)cc1,0.6779332,408.0810,0.1091892,0.1092,0.5227103,3.2436,1.0000000,1.0000,[],35
27.7192,41.4858,76.2421,0.9197487,[C-]#[N+]C(C#N)=Cc1sc(-c2ccc3ccc4ccccc4c3c2)nc1-c1ccccc1,1,c1ccc(-c2csc(-c3ccc4ccc5ccccc5c4c3)n2)cc1,0.9791890,441.8144,0.1738329,0.1738,0.5716097,2.7965,1.0000000,1.0000,[],35
20.3940,33.9626,82.8998,0.9129878,CCN(CC)c1ccc(C=C2c3ccccc3C(=O)c3ccc(C(=O)c4ccccc4)cc32)cc1,1,O=C(c1ccccc1)c1ccc2c(c1)C(=Cc1ccccc1)c1ccccc1C2=O,0.9573352,486.2251,0.2604029,0.2604,0.6298503,2.3114,1.0000000,1.0000,[],35
31.6776,51.2927,65.1197,0.9094717,CN(C)c1ccc(C=Cc2ccc(C=Nc3nc(-c4ccccc4)nc4c(=O)[nH]c5ccccc5c34)cc2)cc1,1,O=c1[nH]c2ccccc2c2c(N=Cc3ccc(C=Cc4ccccc4)cc3)nc(-c3ccccc3)nc12,0.9735217,439.1364,0.1437930,0.1438,0.5707360,2.8041,1.0000000,1.0000,[],35
23.5509,35.9761,74.1580,0.8604226,N#CC(C#N)=Cc1cccc(-c2ccc(N(c3ccccc3)c3ccc(-c4cccc5ccccc45)cc3)cc2)c1,1,c1ccc(-c2ccc(N(c3ccccc3)c3ccc(-c4cccc5ccccc45)cc3)cc2)cc1,0.9072260,424.7572,0.2040973,0.2041,0.6016567,2.5403,1.0000000,1.0000,[],35
20.5962,42.7345,77.2039,0.9370189,CCN(CC)c1ccc(C=CC(=Cc2ccc(N(CC)CC)cc2)n2cnc3ccccc3c2=O)cc1,1,O=c1c2ccccc2ncn1C(C=Cc1ccccc1)=Cc1ccccc1,0.9901907,450.1021,0.2283453,0.2283,0.5660881,2.8450,1.0000000,1.0000,[],35
31.5727,41.3230,-33.7228,0.0593762,CSc1ccc(C2=C(CC=Cc3ccccc3)C(=N)c3ccccc32)cc1,1,N=C1C(CC=Cc2ccccc2)=C(c2ccccc2)c2ccccc21,0.0528906,368.6745,0.4986797,0.4987,0.5934734,2.6088,1.0000000,1.0000,[],35
32.0850,46.2630,70.5992,0.9129859,CC(C)C(=O)C(N=C(c1ccccc1)c1ccccc1)=C(O)C=Cc1ccc(N(c2ccccc2)c2ccccc2)cc1,1,C(C=Cc1ccc(N(c2ccccc2)c2ccccc2)cc1)=CN=C(c1ccccc1)c1ccccc1,0.9960023,459.9111,0.0797734,0.0798,0.5663067,2.8431,1.0000000,1.0000,[],35
26.2109,36.6566,84.5601,0.9470050,CCN(CC)c1ccc(N=Nc2ccc(C=Cc3nc4ncccc4c(=O)[nH]3)cc2)cc1,1,O=c1[nH]c(C=Cc2ccc(N=Nc3ccccc3)cc2)nc2ncccc12,0.9850615,474.5211,0.3827354,0.3827,0.5672266,2.8350,1.0000000,1.0000,[],35
39.7240,67.9076,46.5163,0.8939372,CCN(CC)c1ccc(C=Cc2cn3c(-c4ccc(N=Cc5ccc(OC)cc5)cc4)c(C)c(C)c(C#N)c3c(C#N)c2=O)cc1,1,O=c1cc2cccc(-c3ccc(N=Cc4ccccc4)cc3)n2cc1C=Cc1ccccc1,0.9553801,486.7338,0.1582984,0.1583,0.5102298,3.3645,1.0000000,1.0000,[],36
44.0091,59.5935,57.3792,0.9138495,CCc1ccccc1-c1cc(O)cc(C=Cc2ccc(N(CC)CC)cc2)c1OCc1cccc(C=C(C#N)C#N)c1,1,C(=Cc1cccc(-c2ccccc2)c1OCc1ccccc1)c1ccccc1,0.9782588,441.3293,0.1484779,0.1485,0.5491452,2.9970,1.0000000,1.0000,[],36
29.0120,39.9708,80.2492,0.9392189,N#CC(C#N)=Cc1ccc(N(c2ccc(C#N)cc2)c2ccc(C=Cc3cncc(F)c3)cc2)cc1,1,C(=Cc1cccnc1)c1ccc(N(c2ccccc2)c2ccccc2)cc1,0.9861922,446.3459,0.2807105,0.2807,0.5659529,2.8462,1.0000000,1.0000,[],36
27.4455,41.9992,73.7739,0.9044769,N#CC(=Cc1ccc([N+](=O)[O-])cc1)c1ccc(N=Nc2ccc(N=Cc3cccs3)cc2)cc1,1,C(=Cc1ccc(N=Nc2ccc(N=Cc3cccs3)cc2)cc1)c1ccccc1,0.9905534,469.4849,0.0694568,0.0695,0.5663723,2.8425,1.0000000,1.0000,[],36
50.8857,73.1399,-73.1399,0.0000000,c12ccccc2c(C(C)(C)C=C)c(cc1-c1ccc(cc1)C=C(C#N)C#N)C=c1sc(cc1C=Cc1ccc(N(C)CCO)cc1)C=C(C#N)C#N,0,,0.0000000,0.0000,0.0000000,0.0000,0.0000000,0.0000,0.0000000,0.0000,None,36
20.6990,32.8157,58.7917,0.7156827,C(C=Cc1ccc(N(c2ccccc2)c2ccc(Nc3ccccc3)cc2)cc1)=Cc1ccc(N(c2ccccc2)c2ccccc2)cc1,1,C(C=Cc1ccc(N(c2ccccc2)c2ccc(Nc3ccccc3)cc2)cc1)=Cc1ccc(N(c2ccccc2)c2ccccc2)cc1,0.7549509,412.2166,0.1433354,0.1433,0.6314758,2.2985,1.0000000,1.0000,[],36
30.6199,50.2139,64.8485,0.8989255,CCN(CC)c1ccc(C=Nc2ccc(C=Cc3ccc(N=Nc4c(C=O)ccc5ccccc45)cc3)cc2C#N)cc1,1,C(=Cc1ccc(N=Nc2cccc3ccccc23)cc1)c1ccc(N=Cc2ccccc2)cc1,0.9835616,475.5764,0.0736399,0.0736,0.5338759,3.1380,1.0000000,1.0000,[],36
28.4384,33.7201,-32.5419,0.0092048,COc1ccc2c(=O)c(C=C(C#N)C(N)=O)c(C)oc2c1,1,O=c1ccoc2ccccc12,0.0073601,346.7523,0.6786471,0.6786,0.5975440,2.5746,1.0000000,1.0000,[],36
37.5428,73.2213,-73.2213,0.0000000,n12cc(C=Cc3ccc(N(CC)CC)cc3)c(cc2c(C#N)c(C=C(C#N)C#N)c1)N=c1cccccc1=N,0,,0.0000000,0.0000,0.0000000,0.0000,0.0000000,0.0000,0.0000000,0.0000,None,36
41.6531,57.4026,-57.4026,0.0000000,FC(c1cc(cc(c1)C(F)(F)F)-c1c2C=Cc3cc(N(c4ccccc4)c4ccccc4)cc(C=Cc4ccc(N(c5ccccc5)c5ccccc5)cc4)c3n2ccc1)(F)F,0,,0.0000000,0.0000,0.0000000,0.0000,0.0000000,0.0000,0.0000000,0.0000,None,36
28.4922,52.5481,61.1101,0.8879547,CCN(CC)c1ccc(C=Cc2ccc(C=Nc3ccc(C=Cc4ccc(N(c5ccc(C=C(C#N)C#N)cc5)c5ccc(-c6ccc7c(ccc8ccccc87)c6)cc5)cc4)cc3)cc2)cc1,1,C(=Cc1ccc(C=Nc2ccc(C=Cc3ccc(N(c4ccccc4)c4ccc(-c5ccc6c(ccc7ccccc76)c5)cc4)cc3)cc2)cc1)c1ccccc1,0.9863626,446.4826,0.0472354,0.0472,0.4913594,3.5529,1.0000000,1.0000,[],36
25.2869,49.3269,65.1401,0.8942731,N#CC(C#N)=Cc1ccc(-n2c(C=C(C#N)C#N)cc3cc(-c4cccc(C=C(C#N)C#N)c4)ccc32)cc1,1,c1ccc(-c2ccc3c(ccn3-c3ccccc3)c2)cc1,0.9383867,429.5677,0.2840172,0.2840,0.5074034,3.3922,1.0000000,1.0000,[],36
52.5731,71.1582,-71.1582,0.0000000,c1(-c2c(O)ccc3ccccc32)ccc(o1)-c1oc(/C=c2/c(n(c(=CC=Cc3ccccc3)c(=O)c2C=C(C)C)C)=O)cc1,0,,0.0000000,0.0000,0.0000000,0.0000,0.0000000,0.0000,0.0000000,0.0000,None,36
29.0855,40.0950,77.2757,0.9169586,CCN(CC)c1ccc(C=Cc2ccc3ccccc3c2C=Cc2ccc(N(c3ccccc3)c3ccc(C=C(C#N)C#N)cc3)cc2)cc1,1,C(=Cc1ccc2ccccc2c1C=Cc1ccc(N(c2ccccc2)c2ccccc2)cc1)c1ccccc1,0.9933259,454.3175,0.1037997,0.1038,0.5386831,3.0931,1.0000000,1.0000,[],36
31.4886,40.6654,-17.8581,0.1781824,C=Cc1ccc(C=Cc2ccc3c(c2)C(C)(C)c2ccccc2-3)cc1C=Cc1ccc(N(c2ccccc2)c2ccccc2)cc1,1,C(=Cc1cccc(C=Cc2ccc3c(c2)Cc2ccccc2-3)c1)c1ccc(N(c2ccccc2)c2ccccc2)cc1,0.1745315,383.1293,0.1591664,0.1592,0.5642280,2.8615,1.0000000,1.0000,[],36
18.6253,24.3626,-22.0447,0.0181089,O=c1c2ccccc2ccc2cc(Cl)ccc12,1,O=c1c2ccccc2ccc2ccccc12,0.0150243,354.5842,0.5803799,0.5804,0.7101203,1.7116,1.0000000,1.0000,[],36
39.4464,51.0372,66.0834,0.9150046,CCc1ccc(S(=O)(=O)N=c2nnc3ccccc3n2-c2cccc(C=Cc3ccccc3)c2)cc1,1,O=S(=O)(N=c1nnc2ccccc2n1-c1cccc(C=Cc2ccccc2)c1)c1ccccc1,0.9570819,433.7077,0.2957236,0.2957,0.5885087,2.6508,1.0000000,1.0000,[],36
16.7862,38.1598,77.8913,0.9066493,N#CC(C#N)=Cc1ccc(N(c2ccccc2)c2ccc(C=Cc3ccc(N(c4ccccc4)c4ccccc4)cc3)cc2)c(C=Cc2ccc(N(c3ccccc3)c3ccccc3)cc2)c1,1,C(=Cc1ccc(N(c2ccccc2)c2ccccc2C=Cc2ccc(N(c3ccccc3)c3ccccc3)cc2)cc1)c1ccc(N(c2ccccc2)c2ccccc2)cc1,0.9897814,449.6537,0.0805217,0.0805,0.5308613,3.1663,1.0000000,1.0000,[],36
30.7357,41.1387,67.9451,0.8522171,C1=CC(Nc2ccc(N=Nc3ccccc3)cc2)Cc2c1c1ccccc1c1ccccc21,1,C1=CC(Nc2ccc(N=Nc3ccccc3)cc2)Cc2c1c1ccccc1c1ccccc21,0.8973150,423.5359,0.2274776,0.2275,0.5336064,3.1405,1.0000000,1.0000,[],36
24.7601,35.0837,-28.5939,0.0507011,CCN(CC)c1ccc(C=CCNC(=O)C=Cc2ccccc2OC)cc1,1,O=C(C=Cc1ccccc1)NCC=Cc1ccccc1,0.0443184,366.6568,0.6713505,0.6714,0.6276355,2.3290,1.0000000,1.0000,[],36
28.1924,36.4773,0.1271,0.2859717,N#CCCN(c1ccc(C=Cc2ccc(N(c3ccccc3)c3ccccc3)cc2)cc1)P(c1ccccc1)c1ccccc1,1,C(=Cc1ccc(N(c2ccccc2)c2ccccc2)cc1)c1ccc(NP(c2ccccc2)c2ccccc2)cc1,0.2905695,390.3085,0.1096638,0.1097,0.5645332,2.8588,1.0000000,1.0000,[],36
19.2482,28.4562,95.4494,0.9680129,COc1ccc(C=C(C#N)C#N)cc1Nc1ccccc1,1,c1ccc(Nc2ccccc2)cc1,0.9801340,442.3294,0.8598474,0.8598,0.6402749,2.2293,1.0000000,1.0000,[],36
20.6982,33.9522,85.2915,0.9315910,O=C(Nc1ccc(N=Nc2ccc(N(c3ccccc3)c3ccccc3)cc2)cc1)c1ccc2ccccc2c1,1,O=C(Nc1ccc(N=Nc2ccc(N(c3ccccc3)c3ccccc3)cc2)cc1)c1ccc2ccccc2c1,0.9841964,444.8581,0.2137921,0.2138,0.6235812,2.3614,1.0000000,1.0000,[],36
18.3557,30.0708,89.2631,0.9322962,COc1ccc(N(c2ccc(C=C(C#N)C#N)cc2)c2ccc(-c3ccc(N(c4ccccc4)c4ccccc4)cc3)cc2)cc1,1,c1ccc(N(c2ccccc2)c2ccc(-c3ccc(N(c4ccccc4)c4ccccc4)cc3)cc2)cc1,0.9957268,459.1848,0.1558457,0.1558,0.5984024,2.5675,1.0000000,1.0000,[],36
29.0799,47.6535,69.9610,0.9188629,CN(c1ccc(C=C(C#N)C#N)c(C=C(C#N)C#N)c1)c1cccc2c1c1ccccc1n2C,1,c1ccc(Nc2cccc3[nH]c4ccccc4c23)cc1,0.9575371,486.1714,0.3656834,0.3657,0.5164008,3.3044,1.0000000,1.0000,[],36
29.1057,57.0160,51.8908,0.8508345,CCN(CC)c1ccc(C=Cc2cc(C=CC=Cc3ccc(N=Cc4ccc(N(c5ccccc5)c5ccccc5)cc4)cc3)ccc2N(c2ccc(C=C(C#N)C#N)cc2)c2ccc(C=C(C#N)C#N)cc2)cc1,1,C(C=Cc1ccc(N(c2ccccc2)c2ccccc2)c(C=Cc2ccccc2)c1)=Cc1ccc(N=Cc2ccc(N(c3ccccc3)c3ccccc3)cc2)cc1,0.9526929,432.6007,0.0363659,0.0364,0.4476599,4.0186,1.0000000,1.0000,[],36
27.5056,48.2946,-48.2946,0.0000000,c1c(OC)cc2oc3c(ccc(C=Cc4ccc(N(CC)CC)cc4)c3=O)c(c2c1)C=Cc1ccc(N(CC)CC)cc1,0,,0.0000000,0.0000,0.0000000,0.0000,0.0000000,0.0000,0.0000000,0.0000,None,36
33.2788,38.2664,-36.3886,0.0146709,C=CNC1C(=O)N(CC=Cc2ccccc2)C(=O)c2ccccc21,1,O=C1Cc2ccccc2C(=O)N1CC=Cc1ccccc1,0.0119565,352.0707,0.8616489,0.8616,0.5415493,3.0666,1.0000000,1.0000,[],36
33.7467,46.4388,-46.4388,0.0000000,CCOC(=O)C=Cc1ccc(-c2ccc(N(c3ccc(C=C(C#N)C#N)cc3)c3ccc(C=C(C#N)C(=O)O)cc3)cc2)nc1,1,c1ccc(N(c2ccccc2)c2ccc(-c3ccccn3)cc2)cc1,0.0000000,0.0000,0.0000000,0.0000,0.0000000,0.0000,0.0000000,0.0000,"['C(=[O,S])[O,S]']",36
25.4344,36.2264,-27.7083,0.0665474,N#CC(C#N)=Cc1ccc(O)c(S(=O)(=O)c2cccc3ccccc23)c1,1,O=S(=O)(c1ccccc1)c1cccc2ccccc12,0.0589438,369.9206,0.7156409,0.7156,0.6007735,2.5477,1.0000000,1.0000,[],36
18.5865,32.7060,25.9781,0.4584695,CCN(c1ccc(C=Cc2ccc(N(c3ccccc3)c3ccccc3)cc2)cc1)c1ccc2ccccc2c1,1,C(=Cc1ccc(N(c2ccccc2)c2ccccc2)cc1)c1ccc(Nc2ccc3ccccc3c2)cc1,0.4686610,398.6372,0.1856450,0.1856,0.6261864,2.3405,1.0000000,1.0000,[],36
32.7463,36.1420,-36.1420,0.0000000,O=C(O)c1cc(N=Nc2ccccc2CO)cc2ccccc12,1,c1ccc(N=Nc2ccc3ccccc3c2)cc1,0.0000000,0.0000,0.0000000,0.0000,0.0000000,0.0000,0.0000000,0.0000,"['C(=[O,S])[O,S]']",36
58.7649,64.4924,-64.4924,0.0000000,n1(-c2cccc3Sc4c(N(c3c2)c2ccccc2)cccc4)cnnc1-c1c(OCC(=O)O)cc(C=C(C#N)C#N)cc1,0,,0.0000000,0.0000,0.0000000,0.0000,0.0000000,0.0000,0.0000000,0.0000,None,36
53.2764,76.2772,-76.2772,0.0000000,[C-]#[N+]c1c(C)c(C=Nc2ccc(C#Cc3c(C#N)c(C=C(C#N)C#N)n(C)c3-c3ccccc3)c(C#N)c2)c(C=C(C#N)C#N)c(C#N)c1C=C(C#N)C#N,1,C(#Cc1cc[nH]c1-c1ccccc1)c1ccc(N=Cc2ccccc2)cc1,0.0000000,0.0000,0.0000000,0.0000,0.0000000,0.0000,0.0000000,0.0000,['C#C'],36
17.1470,37.5550,54.7300,0.7209771,CCN(CC)c1ccc(C=CCC(C=Cc2ccc(N(c3ccccc3)c3ccccc3)cc2)=Cc2ccc(N(c3ccccc3)c3ccccc3)cc2)cc1,1,C(=Cc1ccccc1)CC(C=Cc1ccc(N(c2ccccc2)c2ccccc2)cc1)=Cc1ccc(N(c2ccccc2)c2ccccc2)cc1,0.7721494,413.2513,0.0973854,0.0974,0.5591360,2.9068,1.0000000,1.0000,[],36
28.3770,53.3083,-53.3083,0.0000000,c1c2c3c(c(ccc3ccc2C=Cc2ccc(N(c3ccccc3)c3ccccc3)cc2)CC)cc1C=C1C=Cc2ccccc2C=C1,0,,0.0000000,0.0000,0.0000000,0.0000,0.0000000,0.0000,0.0000000,0.0000,None,36
25.1486,38.3904,17.9103,0.4398489,Cc1ccc(N(c2ccc(C=Cc3ccc(N(c4ccccc4)c4ccccc4)cc3)cc2)c2ccc(S(=O)(=O)c3ccc(N(c4ccccc4)c4ccccc4)cc3)cc2)cc1,1,O=S(=O)(c1ccc(N(c2ccccc2)c2ccccc2)cc1)c1ccc(N(c2ccccc2)c2ccc(C=Cc3ccc(N(c4ccccc4)c4ccccc4)cc3)cc2)cc1,0.4569844,398.1272,0.1082724,0.1083,0.5862533,2.6700,1.0000000,1.0000,[],36
24.1682,41.1498,45.5786,0.6775654,N#CC(C#N)=Cc1ccc(C(C#N)=Cc2ccc3ccccc3c2N)s1,1,C(=Cc1cccs1)c1ccc2ccccc2c1,0.6860963,511.5103,0.5307917,0.5308,0.5393676,3.0868,1.0000000,1.0000,[],36
27.8084,54.1354,-53.9484,0.0014615,CCN(CC)c1ccc(C=Cc2c(=O)c3ccc(Cl)cc3c(C=Cc3ccc(N(CC)CC)cc3)c3ccccc23)cc1,1,O=c1c(C=Cc2ccccc2)c2ccccc2c(C=Cc2ccccc2)c2ccccc12,0.0011112,593.8431,0.1625785,0.1626,0.5597562,2.9013,1.0000000,1.0000,[],36
29.2973,38.5139,79.5221,0.9221569,OCc1ccc(C=Nc2ccc(N=Nc3ccc(-n4cccc4)cc3)cc2)o1,1,C(=Nc1ccc(N=Nc2ccc(-n3cccc3)cc2)cc1)c1ccco1,0.9605443,434.6602,0.3475693,0.3476,0.5742513,2.7734,1.0000000,1.0000,[],36
30.9695,48.8175,-48.8175,0.0000000,C(=Cc1ccc(N(c2ccccc2)c2ccccc2)cc1-c1ccc2c(c1)C=Cc1c(ccc3ccccc13)C=C2)c1ccc(N(c2ccccc2)c2ccccc2)cc1,1,C(=Cc1ccc(N(c2ccccc2)c2ccccc2)cc1-c1ccc2c(c1)C=Cc1c(ccc3ccccc13)C=C2)c1ccc(N(c2ccccc2)c2ccccc2)cc1,0.0000000,0.0000,0.0000000,0.0000,0.0000000,0.0000,0.0000000,0.0000,['[*;r{8-17}]'],36
32.0263,44.8430,76.4878,0.9478964,CC1(C=Cc2ccc(C=O)cc2)C=Cc2ccc(-c3ccc(C=C(C#N)C#N)s3)cc2O1,1,C(=CC1C=Cc2ccc(-c3cccs3)cc2O1)c1ccccc1,0.9942058,464.1379,0.3376634,0.3377,0.4625867,3.8546,1.0000000,1.0000,[],36
44.1263,59.8380,-59.8380,0.0000000,C1[C@H]2C(=C(c3ccc(N=c4cccc(C)c4)cc3)C=C2C=C(C=CC)C=1)c1ccc(N(c2ccccc2)c2ccccc2)cc1,0,,0.0000000,0.0000,0.0000000,0.0000,0.0000000,0.0000,0.0000000,0.0000,None,36
13.1904,30.0416,92.8593,0.9601629,N#CC(C#N)=Cc1ccc(N(Cc2ccccc2)c2ccc(C=C(C#N)C#N)cc2)cc1,1,c1ccc(CN(c2ccccc2)c2ccccc2)cc1,0.9927408,466.6014,0.4712610,0.4713,0.5723352,2.7902,1.0000000,1.0000,[],36
34.4694,48.8402,64.2888,0.8838201,CCN(CC)c1ccc(C=Cc2ccc(N=C3C(=Cc4ccc5c(c4)c4ccccc4n5CC)C=Cc4ccc5ccccc5c43)cc2)cc1,1,C1=Cc2ccc3ccccc3c2C(=Nc2ccc(C=Cc3ccccc3)cc2)C1=Cc1ccc2[nH]c3ccccc3c2c1,0.9448227,489.1602,0.1503509,0.1504,0.5289240,3.1846,1.0000000,1.0000,[],36
37.8026,47.0539,-47.0539,0.0000000,s1c(=O)c(c2cc(c(C=C(C#N)C#N)cc21)NCC)N=O,0,,0.0000000,0.0000,0.0000000,0.0000,0.0000000,0.0000,0.0000000,0.0000,None,36
28.3088,46.2915,70.2505,0.9104851,CCN(CC)c1ccc(C=Cc2ccc(N=Nc3cccc(C=Cc4ccccc4Cl)c3[N+](=O)[O-])cc2)cc1,1,C(=Cc1ccc(N=Nc2cccc(C=Cc3ccccc3)c2)cc1)c1ccccc1,0.9903905,469.6724,0.0875419,0.0875,0.5617099,2.8838,1.0000000,1.0000,[],36
55.6245,73.3158,38.5880,0.8742481,CCN(CC)c1ccc(C=CC=C(C#N)c2nc(-c3cn(-c4ccc(OC)cc4)nn3)sc2-c2cc(N=Nc3ccc([N+](=O)[O-])cc3)ccc2OC)cc1,1,C(C=Cc1nc(-c2cn(-c3ccccc3)nn2)sc1-c1cccc(N=Nc2ccccc2)c1)=Cc1ccccc1,0.9798087,477.8506,0.0348807,0.0349,0.4882547,3.5846,1.0000000,1.0000,[],36
33.2243,37.1873,-37.1873,0.0000000,COC(=O)CS(=O)(=O)c1cccc2c(=O)c3ccccc3ccc12,1,O=c1c2ccccc2ccc2ccccc12,0.0000000,0.0000,0.0000000,0.0000,0.0000000,0.0000,0.0000000,0.0000,"['C(=[O,S])[O,S]']",36
59.4910,75.0966,-75.0966,0.0000000,c1(=C=C=C=C=C=C=C=C=C=C=C=C=C=C=C=C=C=C=C=C=C=C=C=C=CC)c(=C=CC=Cc2ccc(cc2)N(CC)CC)c(nc2c3cccc(OC)c3nc12)-c1ccccc1,0,,0.0000000,0.0000,0.0000000,0.0000,0.0000000,0.0000,0.0000000,0.0000,None,36
24.9247,39.3900,50.6205,0.7032073,CC(C#N)=Cc1ccc2nc(C=Cc3ccc(N(c4ccccc4)c4ccccc4)cc3)ccc2c1,1,C(=Cc1ccc2ccccc2n1)c1ccc(N(c2ccccc2)c2ccccc2)cc1,0.7305155,410.8274,0.2362133,0.2362,0.5913076,2.6271,1.0000000,1.0000,[],36
36.0270,49.2977,69.3775,0.9271501,CC(=Cc1ccc2c(C=Cc3ccc(N(C)C4CCCCC4)cc3)c3ccccc3nc2c1)c1ccccc1,1,C(=Cc1ccc2c(C=Cc3ccc(NC4CCCCC4)cc3)c3ccccc3nc2c1)c1ccccc1,0.9881488,448.0265,0.1675320,0.1675,0.5851871,2.6791,1.0000000,1.0000,[],36
52.4730,66.8640,51.6470,0.9258666,CSC(c1ccccc1)=c1cc(F)c2cc(S(C)(=O)=O)cc3cc(C=Cc4ccc(N(c5ccccc5)c5ccccc5)cc4)cc1c32,1,C(=Cc1cc2cccc3ccc(=Cc4ccccc4)c(c1)c32)c1ccc(N(c2ccccc2)c2ccccc2)cc1,0.9920201,452.3631,0.1514748,0.1515,0.5274599,3.1984,1.0000000,1.0000,[],36
10.8474,28.4816,93.0822,0.9497174,N#CC(C#N)=Cc1ccc(N(c2ccc(C=C(C#N)C#N)cc2)c2ccc(C=C(C#N)C#N)cc2)cc1,1,c1ccc(N(c2ccccc2)c2ccccc2)cc1,0.9888738,448.7198,0.3737664,0.3738,0.5644542,2.8595,1.0000000,1.0000,[],36
30.2371,42.7148,2.0459,0.3496926,O=S(=O)(O)C=Cc1ccc2c(c1)cc(C=Cc1ccc(N(c3ccccc3)c3ccccc3)cc1)c1ccccc12,1,C(=Cc1cc2ccccc2c2ccccc12)c1ccc(N(c2ccccc2)c2ccccc2)cc1,0.3576969,393.6444,0.1214987,0.1215,0.5827706,2.6998,1.0000000,1.0000,[],36
23.5201,29.2634,-29.0033,0.0020325,c1ccc(-c2cc(-c3ccc4c5ccccc5c5ccccc5c4c3)cc3ccccc23)cc1,1,c1ccc(-c2cc(-c3ccc4c5ccccc5c5ccccc5c4c3)cc3ccccc23)cc1,0.0015466,329.7510,0.2394831,0.2395,0.6876370,1.8725,1.0000000,1.0000,[],36
27.7379,34.2452,-33.7119,0.0041665,O=C(Nc1ccccc1)c1n[nH]c2ccc3ccccc3c(=O)c12,1,O=C(Nc1ccccc1)c1n[nH]c2ccc3ccccc3c(=O)c12,0.0032017,337.6693,0.5956046,0.5956,0.6616398,2.0652,1.0000000,1.0000,[],36
26.3956,42.1960,76.7015,0.9288868,CN(c1ccc(C=Nc2ccc(C=O)c3ccccc23)cc1)c1ccc(C=C(C#N)C#N)cc1,1,C(=Nc1cccc2ccccc12)c1ccc(Nc2ccccc2)cc1,0.9865367,446.6241,0.1921047,0.1921,0.5655270,2.8500,1.0000000,1.0000,[],36
26.3904,50.5296,67.0428,0.9185342,Cc1cc(-c2ccc(N=Nc3ccc(-c4ccc(N(c5ccccc5)c5ccc(C=C(C#N)C#N)cc5)cc4)cc3)cc2)ccc1C=C(C#N)C#N,1,c1ccc(-c2ccc(N=Nc3ccc(-c4ccc(N(c5ccccc5)c5ccccc5)cc4)cc3)cc2)cc1,0.9932389,454.1758,0.1120617,0.1121,0.5254477,3.2175,1.0000000,1.0000,[],36
29.0048,35.6057,58.6658,0.7364962,c1ccc(-c2nc3cccc(-n4c5ccccc5c5cc6ccccc6cc54)c3nc2-c2ccc(N(c3ccccc3)c3ccccc3)cc2)cc1,1,c1ccc(-c2nc3cccc(-n4c5ccccc5c5cc6ccccc6cc54)c3nc2-c2ccc(N(c3ccccc3)c3ccccc3)cc2)cc1,0.7744152,413.3916,0.1773785,0.1774,0.5740054,2.7756,1.0000000,1.0000,[],36
41.6700,63.3345,51.0363,0.8935223,CCN(CC)c1ccc(C=Cc2cc(N(C)C)ccc2C=Cc2cc(Nc3ccc(C=Cc4ccc(N(CC)c5ccc(C=C(C#N)C#N)cc5)cc4)cc3)nc(-c3ccccc3)c2)cc1,1,C(=Cc1ccccc1C=Cc1cc(Nc2ccc(C=Cc3ccc(Nc4ccccc4)cc3)cc2)nc(-c2ccccc2)c1)c1ccccc1,0.9805809,442.5814,0.0721150,0.0721,0.4707254,3.7674,1.0000000,1.0000,[],36
32.1845,41.4772,73.6372,0.8993308,O=Nc1ccccc1C=Cc1cccc(C=Nc2ccc(N=Cc3ccccc3O)cc2)c1,1,C(=Cc1cccc(C=Nc2ccc(N=Cc3ccccc3)cc2)c1)c1ccccc1,0.9543415,433.0045,0.1872543,0.1873,0.5641519,2.8622,1.0000000,1.0000,[],36
34.5095,46.6496,-17.1208,0.2306935,CCCCCCn1c2cc(C=C(C#N)c3ccccc3)ccc2c2ccc(CCCC)cc21,1,C(=Cc1ccc2c(c1)[nH]c1ccccc12)c1ccccc1,0.2296074,386.8568,0.1392111,0.1392,0.6157928,2.4242,1.0000000,1.0000,[],36
40.2011,56.1218,-27.1262,0.2265282,COc1c(Cl)cc(C=Nc2cccc(-c3nc4cc(C=C(C#N)C#N)ccn4n3)c2)cc1[N+](=O)[O-],1,C(=Nc1cccc(-c2nc3ccccn3n2)c1)c1ccccc1,0.2250314,386.5740,0.1595527,0.1596,0.5250592,3.2212,1.0000000,1.0000,[],36
47.3383,59.3876,-59.3876,0.0000000,C(C)N=c1ccc2c(c1C=CC=Cc1ccc(N(C)CC=C)cc1)cncc2-c1ccccc1,0,,0.0000000,0.0000,0.0000000,0.0000,0.0000000,0.0000,0.0000000,0.0000,None,37
30.8181,57.0165,59.0306,0.9066182,CCN(CC)c1ccc(C=Nc2ccc(C=CC=Cc3c4cccccc-4cc(-c4ccc(N(c5ccccc5)c5ccccc5)cc4)c3=N)cc2)cc1,1,N=c1c(-c2ccc(N(c3ccccc3)c3ccccc3)cc2)cc2cccccc-2c1C=CC=Cc1ccc(N=Cc2ccccc2)cc1,0.9827637,443.9001,0.1018305,0.1018,0.5224841,3.2458,1.0000000,1.0000,[],37
25.8497,42.9237,65.0645,0.8436576,CCN1c2ccc(C=C(C#N)C#N)cc2C(C)(C)c2cc(-c3ccc(C=C(C#N)C#N)s3)ccc21,1,c1csc(-c2ccc3c(c2)Cc2ccccc2N3)c1,0.8741338,498.9583,0.3788225,0.3788,0.5196465,3.2730,1.0000000,1.0000,[],37
30.7171,47.4139,39.6318,0.6800448,CCN(CC)c1ccc(C=Cc2cc(C=Cc3ccc(N=Cc4ccc(N(CC)CC)cc4)cc3)ccc2NS(=O)(=O)c2cccc3ccccc23)cc1,1,O=S(=O)(Nc1ccc(C=Cc2ccc(N=Cc3ccccc3)cc2)cc1C=Cc1ccccc1)c1cccc2ccccc12,0.7302022,410.8101,0.0843185,0.0843,0.5302040,3.1725,1.0000000,1.0000,[],37
19.5000,36.5176,81.4923,0.9219523,COc1ccc(N(c2ccc(C=C(C#N)C#N)cc2)c2ccc(-c3ccc(-c4ccc(C=C(C#N)C#N)cc4)s3)cc2)cc1,1,c1ccc(-c2ccc(-c3ccc(N(c4ccccc4)c4ccccc4)cc3)s2)cc1,0.9834560,475.6471,0.1678728,0.1679,0.5521943,2.9693,1.0000000,1.0000,[],37
28.9028,52.6154,49.6252,0.7987546,N#CC(C#N)=Cc1ccc2nc(-c3ccc(C=Cc4ccc(N=Cc5ccc(N(c6ccccc6)c6ccccc6)cc5)cc4)c(C#N)c3)ccc2c1,1,C(=Cc1ccc(-c2ccc3ccccc3n2)cc1)c1ccc(N=Cc2ccc(N(c3ccccc3)c3ccccc3)cc2)cc1,0.8647454,420.1434,0.0859072,0.0859,0.5217146,3.2532,1.0000000,1.0000,[],37
34.4872,40.7509,81.7603,0.9571190,CN1C(=O)C(=Cc2cccc3c2ccn3-c2ccccc2)N=C1C=Cc1ccccc1,1,O=C1NC(C=Cc2ccccc2)=NC1=Cc1cccc2c1ccn2-c1ccccc1,0.9931891,454.0957,0.4114347,0.4114,0.5859061,2.6730,1.0000000,1.0000,[],37
40.2364,55.3406,-55.2736,0.0005234,N#CC(C#N)=C1C(C=CC=Cc2ccc(N(c3ccccc3)c3ccccc3)cc2)=c2cc(-c3ccc(N(c4ccccc4)c4ccccc4)cc3)c(C#N)cc2=C(C#N)N1c1ccccc1,1,C=C1C(C=CC=Cc2ccc(N(c3ccccc3)c3ccccc3)cc2)=c2cc(-c3ccc(N(c4ccccc4)c4ccccc4)cc3)ccc2=CN1c1ccccc1,0.0003851,605.3571,0.0941919,0.0942,0.4651679,3.8268,1.0000000,1.0000,[],37
21.1215,34.0645,64.9520,0.7735671,CCN(CC)c1ccc(C=Cc2ccc(C=Cc3ccc(C=C(C#N)C#N)o3)cc2)cc1,1,C(=Cc1ccc(C=Cc2ccco2)cc1)c1ccccc1,0.8026577,504.7672,0.2942536,0.2943,0.5709822,2.8020,1.0000000,1.0000,[],37
26.5941,46.6542,-46.6542,0.0000000,c1(c(OC)cc2nc3c(cc2cc1)cc(cc3)C=C(C#N)C#N)-c1ccc(N(CC)CC)cc1,0,,0.0000000,0.0000,0.0000000,0.0000,0.0000000,0.0000,0.0000000,0.0000,None,37
22.6348,30.6134,-29.8911,0.0056432,C=Cc1c(-c2ccc(N(c3ccccc3)c3ccccc3)cc2)ccc2ccccc12,1,c1ccc(N(c2ccccc2)c2ccc(-c3ccc4ccccc4c3)cc2)cc1,0.0045107,341.4052,0.2867870,0.2868,0.6503814,2.1510,1.0000000,1.0000,[],37
27.0232,37.9264,-37.9264,0.0000000,c12c3c(cc(/C=C/c4ccc(N(CC)CC)cc4)c(c3ccc1)C=Cc1ccc(N(CC)CC)cc1)ccc2,0,,0.0000000,0.0000,0.0000000,0.0000,0.0000000,0.0000,0.0000000,0.0000,None,37
30.0753,45.8713,28.2841,0.5793392,CCc1c2ccc3ccccc3nc-2c2cc(C=Cc3ccc(N(CC)CC)cc3)ccc12,1,C(=Cc1ccc2cc3ccc4ccccc4nc-3c2c1)c1ccccc1,0.5941523,515.8616,0.2531692,0.2532,0.6044873,2.5169,1.0000000,1.0000,[],37
34.3779,58.1823,57.0292,0.9000897,CC(=Cc1ccc(N(c2ccccc2)c2ccc(C=Cc3cc(C=Cc4ccc(N=Nc5ccc6ccccc6c5)cc4)ccc3N=Nc3ccccc3)cc2)cc1)c1ccccc1,1,C(=Cc1ccc(N(c2ccccc2)c2ccc(C=Cc3cc(C=Cc4ccc(N=Nc5ccc6ccccc6c5)cc4)ccc3N=Nc3ccccc3)cc2)cc1)c1ccccc1,0.9818885,443.3527,0.0843904,0.0844,0.5033826,3.4320,1.0000000,1.0000,[],37
19.4041,23.5256,93.9227,0.9175649,CCCCCCNc1ccc(N=Nc2ccccc2)cc1,1,c1ccc(N=Nc2ccccc2)cc1,0.9440506,430.6800,0.4607413,0.4607,0.6673895,2.0219,1.0000000,1.0000,[],37
26.1544,42.9032,76.3739,0.9318522,CCN(CC)c1ccc(C=Cc2c(-c3ccccc3)nc(-c3ccccc3)c(N=Nc3ccccc3)c2C#N)cc1,1,C(=Cc1cc(N=Nc2ccccc2)c(-c2ccccc2)nc1-c1ccccc1)c1ccccc1,0.9923677,467.1496,0.1771428,0.1771,0.5661314,2.8446,1.0000000,1.0000,[],37
28.6449,40.6974,76.6264,0.9165921,N#CC(C#N)=Cc1ccc(N(c2ccccc2)c2ccc3c(c2)c2cccc4c5ccccc5n3c42)c2ccccc12,1,c1ccc(N(c2ccc3c(c2)c2cccc4c5ccccc5n3c42)c2cccc3ccccc23)cc1,0.9699910,482.2621,0.2111578,0.2112,0.5628976,2.8733,1.0000000,1.0000,[],37
29.2952,43.6442,72.1951,0.9049943,N#CC(C#N)=Cc1cc(C=Cc2ccc(N(c3ccccc3)c3ccc(C=Cc4ccc(N(c5ccccc5)c5ccccc5)cc4)cc3)cc2)ncc1C#N,1,C(=Cc1ccc(N(c2ccccc2)c2ccc(C=Cc3ccccn3)cc2)cc1)c1ccc(N(c2ccccc2)c2ccccc2)cc1,0.9820750,476.5329,0.0976560,0.0977,0.5258636,3.2136,1.0000000,1.0000,[],37
32.8569,57.2201,51.3316,0.8480596,CCOc1cc2c(cc1C=Cc1ccc(N(c3ccccc3)c3ccc4ccccc4c3)cc1)N(CC)c1ccc(C=C(C#N)C#N)cc1S2,1,C(=Cc1ccc2c(c1)Nc1ccccc1S2)c1ccc(N(c2ccccc2)c2ccc3ccccc3c2)cc1,0.9130028,494.4758,0.1130143,0.1130,0.5238353,3.2329,1.0000000,1.0000,[],37
15.8085,28.8484,85.1618,0.8907045,N#CC(C#N)=Cc1cc2ccc3ccccc3c2c2ccccc12,1,c1ccc2c(c1)ccc1ccc3ccccc3c12,0.9251832,427.3057,0.3403891,0.3404,0.6207265,2.3843,1.0000000,1.0000,[],37
32.3012,45.4594,-1.0753,0.3467513,C(=Cc1ccc(N(c2ccccc2)c2ccccc2)cc1)c1ccc(Nc2ccc3c(c2)-c2ccccc2OC(c2ccccc2)=C3)cc1,1,C(=Cc1ccc(N(c2ccccc2)c2ccccc2)cc1)c1ccc(Nc2ccc3c(c2)-c2ccccc2OC(c2ccccc2)=C3)cc1,0.3510207,393.3275,0.1691189,0.1691,0.5692667,2.8170,1.0000000,1.0000,[],37
30.9445,58.3755,56.9960,0.9013393,N#CC(C#N)=Cc1ccc(C=Nc2ccc(C(=O)N=C3C=CC(=C=Cc4ccc(N(c5ccccc5)c5ccccc5)cc4)C=C3)cc2)cc1,1,O=C(N=C1C=CC(=C=Cc2ccc(N(c3ccccc3)c3ccccc3)cc2)C=C1)c1ccc(N=Cc2ccccc2)cc1,0.9800233,477.7322,0.0955376,0.0955,0.4902589,3.5641,1.0000000,1.0000,[],37
21.4674,30.9305,19.7997,0.3963295,O=c1oc2ccccc2cc1C=Cn1c2ccccc2c2ccccc21,1,O=c1oc2ccccc2cc1C=Cn1c2ccccc2c2ccccc21,0.3925903,395.2614,0.3970637,0.3971,0.6200193,2.3900,1.0000000,1.0000,[],37
14.4011,28.3521,91.6100,0.9372044,N#CC(C#N)=CC(C=Cc1ccc(N(c2ccccc2)c2ccccc2)cc1)=Cc1ccccc1,1,C(C=Cc1ccc(N(c2ccccc2)c2ccccc2)cc1)=Cc1ccccc1,0.9925066,466.9486,0.2108494,0.2108,0.5766606,2.7525,1.0000000,1.0000,[],37
15.2457,24.9434,34.6139,0.4652917,CCN(CC)c1ccc(C=Cc2ccc(C=Cc3ccccc3)cc2)cc1,1,C(=Cc1ccc(C=Cc2ccccc2)cc1)c1ccccc1,0.4632222,398.3999,0.4187262,0.4187,0.6735590,1.9759,1.0000000,1.0000,[],37
46.2219,65.7403,-65.7403,0.0000000,O=S(=O)(Nc1scc(C=C(C#N)C#N)n1)c1cc(N=Cc2c(O)ccc(c2)[N+]([O-])=O)ccc1N=c1ccc(N(CC)CC)cc1,0,,0.0000000,0.0000,0.0000000,0.0000,0.0000000,0.0000,0.0000000,0.0000,None,37
33.4786,37.6777,-37.6045,0.0005719,COP(=O)(OC)OSCc1ccccc1C=Cc1ccccc1,1,C(=Cc1ccccc1)c1ccccc1,0.0004034,315.1477,0.3611260,0.3611,0.5737740,2.7776,1.0000000,1.0000,[],37
19.5406,31.3134,-5.9332,0.1982832,CC1(C)c2ccccc2-c2ccc(-c3cccc(C=C(C#N)C#N)c3)cc21,1,c1ccc(-c2ccc3c(c2)Cc2ccccc2-3)cc1,0.1877543,384.0976,0.5270727,0.5271,0.6108934,2.4642,1.0000000,1.0000,[],37
14.0203,21.8720,99.8011,0.9505715,C=CCN(CC=C)c1ccc(C=C(C#N)C#N)cc1,1,c1ccccc1,0.9765320,440.4803,0.5738525,0.5739,0.5635477,2.8675,1.0000000,1.0000,[],37
36.3763,54.3460,57.7971,0.8761178,CCN(CC)c1ccc(C=Nc2ccc3c(c2C=C(C#N)C#N)c2ccc(N(C)c4ccc(Br)cc4)cc2n3-c2ccccc2)cc1,1,C(=Nc1ccc2c(c1)c1ccc(Nc3ccccc3)cc1n2-c1ccccc1)c1ccccc1,0.9450765,489.1073,0.1128164,0.1128,0.5186622,3.2825,1.0000000,1.0000,[],37
26.3769,46.7980,33.2846,0.6256453,C(=Cc1cc(C=Cc2cc(N(c3ccccc3)c3ccccc3)ccc2C=Cc2cc3ccccc3c3ccccc23)ccc1N(c1ccccc1)c1ccccc1)c1ccc(N(c2ccccc2)c2ccccc2)cc1,1,C(=Cc1cc(C=Cc2cc(N(c3ccccc3)c3ccccc3)ccc2C=Cc2cc3ccccc3c3ccccc23)ccc1N(c1ccccc1)c1ccccc1)c1ccc(N(c2ccccc2)c2ccccc2)cc1,0.6721388,407.7942,0.0748561,0.0749,0.5020757,3.4450,1.0000000,1.0000,[],37
21.5970,36.8474,80.7461,0.9186993,CCN(CC)c1ccc(C=Cc2c3ccccc3cc3cc(C(N)=O)ccc23)cc1,1,C(=Cc1c2ccccc2cc2ccccc12)c1ccccc1,0.9577284,433.8799,0.3167733,0.3168,0.6288283,2.3195,1.0000000,1.0000,[],37
45.2483,68.9803,-68.9803,0.0000000,c1(sc(=CC=Cc2ccccc2)c(=C=C=C=c2ccccc2=C=C(c2ccccc2)c2ccccc2)n1CC(C=Cc1ccccc1)=O)C=Cc1ccccc1,0,,0.0000000,0.0000,0.0000000,0.0000,0.0000000,0.0000,0.0000000,0.0000,None,37
31.7122,53.1809,63.2361,0.9095072,CCCc1ccc(C=C(C#N)C#N)c(N=Nc2ccc(-c3ccc(N=Cc4ccc(N(C)c5ccc(C=C(C#N)C#N)cc5)cc4)cc3)cc2)c1,1,C(=Nc1ccc(-c2ccc(N=Nc3ccccc3)cc2)cc1)c1ccc(Nc2ccccc2)cc1,0.9952772,461.9063,0.0788473,0.0788,0.4929289,3.5370,1.0000000,1.0000,[],37
27.5597,58.0946,56.3148,0.8938235,CCN(CC)c1ccc(C=Nc2ccc(C=Cc3ccc(N=Nc4ccc(S(=O)(=O)N(C=Cc5ccc(N=Nc6ccc(N(c7ccccc7)c7ccccc7)cc6)cc5)c5ccccc5)cc4)cc3)cc2)cc1,1,O=S(=O)(c1ccc(N=Nc2ccc(C=Cc3ccc(N=Cc4ccccc4)cc3)cc2)cc1)N(C=Cc1ccc(N=Nc2ccc(N(c3ccccc3)c3ccccc3)cc2)cc1)c1ccccc1,0.9951630,457.8330,0.0456904,0.0457,0.4708430,3.7662,1.0000000,1.0000,[],37
39.7572,62.7389,-62.7389,0.0000000,CCN(CC)c1ccc(C=Cc2cc(=NN=Cc3ccc(-c4ccc(Br)cc4)c4ccc(Br)cc34)n(C)c3ccccc23)cc1,1,C(=Cc1cc(=NN=Cc2ccc(-c3ccccc3)c3ccccc23)[nH]c2ccccc12)c1ccccc1,0.0000000,0.0000,0.0000000,0.0000,0.0000000,0.0000,0.0000000,0.0000,['[#7;!n][#7;!n]'],37
42.5684,63.1041,49.1347,0.8768656,CCN(CC)c1ccc(C=Cc2nc3c4ccccc4ccc3c3c(-c4ccccc4)c(C#N)c(C=Cc4ccc(N=Cc5ccccc5)cc4)cc23)cc1,1,C(=Cc1nc2c3ccccc3ccc2c2c(-c3ccccc3)cc(C=Cc3ccc(N=Cc4ccccc4)cc3)cc12)c1ccccc1,0.9561865,486.5266,0.0807190,0.0807,0.5133504,3.3340,1.0000000,1.0000,[],37
36.4762,56.0986,-56.0986,0.0000000,c1cc2C(c3c(cccc3)C(c2cc1N=Cc1sc(cc1)C=Cc1ccc(N(c2ccc(cc2)C=Cc2ccc(cc2)N(c2ccccc2)c2ccccc2)c1)CC)=O)=O,0,,0.0000000,0.0000,0.0000000,0.0000,0.0000000,0.0000,0.0000000,0.0000,None,37
27.4264,47.8322,71.9755,0.9359977,CN1c2ccccc2C(C)(C)c2c1c1ccccc1c1ccc3ccc(C=C(C#N)C#N)cc3c21,1,c1ccc2c(c1)Cc1c(c3ccccc3c3ccc4ccccc4c13)N2,0.9948781,457.2085,0.1924587,0.1925,0.5535582,2.9569,1.0000000,1.0000,[],37
36.7161,52.0969,56.6516,0.8495978,COc1ccc(C=Cc2cc(C=Cc3ccc(C=Cc4ccccc4)cc3)c(C=C(C#N)C#N)c(C=C(C#N)c3ccccc3)c2)cc1,1,C(=Cc1ccc(C=Cc2cc(C=Cc3ccccc3)cc(C=Cc3ccccc3)c2)cc1)c1ccccc1,0.9138992,425.6473,0.1153152,0.1153,0.5310932,3.1641,1.0000000,1.0000,[],37
47.9447,49.9203,-49.9203,0.0000000,O=C(c1cnc2c(cc-2c(=O)cc1)C(=O)OC)c1cc2c(cc1)cccc2,0,,0.0000000,0.0000,0.0000000,0.0000,0.0000000,0.0000,0.0000000,0.0000,None,37
27.9603,44.4934,-26.7246,0.1388183,CCN(CC)c1ccc(C=Cc2cc(C(C)=O)c(OC)c(C=Cc3ccc(N(CC)CC)cc3)c2C)cc1,1,C(=Cc1cccc(C=Cc2ccccc2)c1)c1ccccc1,0.1336740,379.7091,0.1814056,0.1814,0.5586532,2.9111,1.0000000,1.0000,[],37
19.2048,31.9509,87.9134,0.9364402,c1ccc(N(c2ccccc2)c2ccc(N=Nc3ccc4nc5ccccc5nc4c3)cc2)cc1,1,c1ccc(N(c2ccccc2)c2ccc(N=Nc3ccc4nc5ccccc5nc4c3)cc2)cc1,0.9923403,467.1888,0.1945567,0.1946,0.6295823,2.3135,1.0000000,1.0000,[],37
22.9085,30.7267,25.6368,0.4403402,N#CC(C#N)=C(c1cccc2ccccc12)n1c2ccccc2c2ccccc21,1,C=C(c1cccc2ccccc12)n1c2ccccc2c2ccccc21,0.4407822,397.4161,0.3451252,0.3451,0.6050723,2.5120,1.0000000,1.0000,[],37
46.0313,67.4663,-67.4663,0.0000000,c1(C=Cc2ccc(C(C)=O)cc2)ccc(N(c2ccc(cc2)C=Cc2ccc(N(CC)CC)cc2)CC)cc1N=c1ccc2c(ccc(N=Nc3ccc(cc3)C(C)=O)c2)c1,0,,0.0000000,0.0000,0.0000000,0.0000,0.0000000,0.0000,0.0000000,0.0000,None,37
32.6561,44.7910,73.2860,0.9224768,N=C1c2ccccc2C(=O)c2c1ccc1c2C(=Cc2cccs2)C=C1,1,N=C1c2ccccc2C(=O)c2c1ccc1c2C(=Cc2cccs2)C=C1,0.9506449,432.1172,0.5037113,0.5037,0.5478100,3.0091,1.0000000,1.0000,[],37
27.5416,51.0327,-51.0327,0.0000000,CC(=O)Oc1ccc(-c2ccc(N=Nc3ccc(N=Cc4ccc(N(c5ccccc5)c5ccccc5)cc4)cc3)cc2)c(C=C(C#N)C#N)c1,1,C(=Nc1ccc(N=Nc2ccc(-c3ccccc3)cc2)cc1)c1ccc(N(c2ccccc2)c2ccccc2)cc1,0.0000000,0.0000,0.0000000,0.0000,0.0000000,0.0000,0.0000000,0.0000,"['C(=[O,S])[O,S]']",37
27.6939,46.3036,69.2416,0.9026968,N#CC(C#N)=Cc1ccc(-c2cc(C#N)ccc2N=Cc2ccc(N=Cc3ccc(N(c4ccccc4)c4ccccc4)cc3)cc2)s1,1,C(=Nc1ccc(C=Nc2ccccc2-c2cccs2)cc1)c1ccc(N(c2ccccc2)c2ccccc2)cc1,0.9742262,439.4370,0.1166439,0.1166,0.5193494,3.2759,1.0000000,1.0000,[],37
39.0643,62.7338,58.3002,0.9455780,CC(C)c1ccc(-c2cc(C=C(C#N)C#N)c(-c3ccc(F)c(C=C(C#N)C#N)c3C=C(C#N)C#N)n2C)cc1,1,c1ccc(-c2ccc(-c3ccccc3)[nH]2)cc1,0.9925669,466.8603,0.3217046,0.3217,0.4759851,3.7118,1.0000000,1.0000,[],37
10.6090,18.7625,-18.7625,0.0000000,CCN(CC)c1ccc(C=C(C#N)C#N)cc1,1,c1ccccc1,0.9854010,445.7322,0.7400761,0.7401,0.6138330,2.4402,1.0000000,1.0000,[],37
25.0338,40.4931,77.6497,0.9229909,CCN(CC)c1ccc(C=Nc2ccc(C=Cc3ccc(N=Nc4cc5c(cc4C#N)CCCC5)cc3)cc2)cc1,1,C(=Cc1ccc(N=Nc2ccc3c(c2)CCCC3)cc1)c1ccc(N=Cc2ccccc2)cc1,0.9950263,457.5289,0.1211621,0.1212,0.5466136,3.0201,1.0000000,1.0000,[],37
28.8635,53.4625,62.3661,0.9049111,CCN(CC)c1ccc(C=CC2=Cc3c(C=Cc4ccc(N(CC)CC)cc4)cc(C=Cc4ccc(N(CC)CC)cc4)c(C=Cc4ccc(N(CC)CC)cc4)c3CC2)cc1,1,C(=Cc1ccccc1)C1=Cc2c(C=Cc3ccccc3)cc(C=Cc3ccccc3)c(C=Cc3ccccc3)c2CC1,0.9926491,453.2614,0.0725071,0.0725,0.4919556,3.5468,1.0000000,1.0000,[],37
18.5206,36.4461,-3.7911,0.2551172,C(=Cc1cnc2ccccc2c1)c1ccc(N=Cc2ccc(N(c3ccccc3)c3ccccc3)cc2)cc1,1,C(=Cc1cnc2ccccc2c1)c1ccc(N=Cc2ccc(N(c3ccccc3)c3ccccc3)cc2)cc1,0.2522973,388.2046,0.2037380,0.2037,0.6060826,2.5037,1.0000000,1.0000,[],37
35.1619,52.3895,62.5927,0.8982983,O=C1C(=CNc2ccccc2C=C(C=Cc2ccccc2)C(=Cc2ccc(N(c3ccccc3)c3ccccc3)cc2)c2ccccc2)C=Cc2ccccc21,1,O=C1C(=CNc2ccccc2C=C(C=Cc2ccccc2)C(=Cc2ccc(N(c3ccccc3)c3ccccc3)cc2)c2ccccc2)C=Cc2ccccc21,0.9801203,442.3217,0.0820254,0.0820,0.5180066,3.2888,1.0000000,1.0000,[],37
39.3514,67.0040,43.2879,0.8616553,CCN(CC)c1ccc(C=CC=C2c3ccccc3C=CN2c2nc(C=C3C=C(c4ccccc4)C=C3C)ccc2C=Cc2ccc(N(C)C)cc2)cc1,1,C(=Cc1ccccc1)C=C1c2ccccc2C=CN1c1nc(C=C2C=CC(c3ccccc3)=C2)ccc1C=Cc1ccccc1,0.9248040,492.7536,0.1364896,0.1365,0.4749725,3.7225,1.0000000,1.0000,[],37
42.4667,65.1802,52.5047,0.9194138,CCN(CC)c1ccc(C(C#N)=Cc2c(C#N)c(-c3cccc(N=Cc4ccc5c(c4)C(C)(C)c4ccccc4N5C)c3)nc3ccccc23)cc1,1,C(=Cc1cc(-c2cccc(N=Cc3ccc4c(c3)Cc3ccccc3N4)c2)nc2ccccc12)c1ccccc1,0.9930743,466.0871,0.1183915,0.1184,0.5116087,3.3510,1.0000000,1.0000,[],37
37.0119,62.9837,51.7666,0.8964865,Cc1ccc(N(c2ccc(C=Cc3ccc(N=Cc4ccc(-c5ccc(N(c6ccccc6)c6ccccc6)cc5)c(C=Cc5ccccc5)c4)s3)cc2)c2ccc(C=C(C#N)c3ccccc3)cc2)cc1,1,C(=Cc1ccc(N(c2ccccc2)c2ccc(C=Cc3ccc(N=Cc4ccc(-c5ccc(N(c6ccccc6)c6ccccc6)cc5)c(C=Cc5ccccc5)c4)s3)cc2)cc1)c1ccccc1,0.9904309,450.3738,0.0584209,0.0584,0.4738992,3.7338,1.0000000,1.0000,[],37
31.6073,54.0833,62.8970,0.9139087,CCN(CC)c1ccc(C=Nc2ccc(C(=N)C(C#N)=Cc3ccc(N(CC)CC)cc3)cc2C=O)cc1,1,N=C(C=Cc1ccccc1)c1ccc(N=Cc2ccccc2)cc1,0.9757935,440.1357,0.1645283,0.1645,0.5324494,3.1513,1.0000000,1.0000,[],37
29.9147,46.8836,54.0598,0.7886198,CCN(CC)c1ccc(C=CC(=C=C(CF)c2ccccc2)C=O)cc1,1,C(=CC=Cc1ccccc1)=Cc1ccccc1,0.8213913,416.5662,0.2780386,0.2780,0.5446238,3.0383,1.0000000,1.0000,[],37
25.2036,45.8284,-0.1369,0.3569652,C(=Cc1ccccc1)C(=Cc1cc(C=Cc2ccc(N(c3ccccc3)c3ccccc3)cc2)cc2c1ccc1ccccc12)c1ccccc1,1,C(=Cc1ccccc1)C(=Cc1cc(C=Cc2ccc(N(c3ccccc3)c3ccccc3)cc2)cc2c1ccc1ccccc12)c1ccccc1,0.3698716,394.2155,0.0852721,0.0853,0.5657991,2.8476,1.0000000,1.0000,[],37
25.5496,32.3488,-29.8649,0.0194054,N#CC(C#N)=Cc1ccc(-c2cccc([N+](=O)[O-])c2)cc1F,1,c1ccc(-c2ccccc2)cc1,0.0162986,355.4821,0.4881782,0.4882,0.6112559,2.4612,1.0000000,1.0000,[],37
33.8852,43.9635,-34.3449,0.0751454,COc1ccc(C=Nc2ccccc2N=Cc2ccc3c(c2)C=CC(c2ccc(N(c4ccccc4)c4ccccc4)cc2)O3)cc1,1,C1=CC(c2ccc(N(c3ccccc3)c3ccccc3)cc2)Oc2ccc(C=Nc3ccccc3N=Cc3ccccc3)cc21,0.0706094,372.0166,0.1528435,0.1528,0.4986556,3.4792,1.0000000,1.0000,[],37
13.5134,24.3647,92.4541,0.9126470,N#CC(C#N)=Cc1ccc2cc3ccccc3cc2c1,1,c1ccc2cc3ccccc3cc2c1,0.9388881,429.6622,0.4762895,0.4763,0.6297659,2.3120,1.0000000,1.0000,[],37
16.7479,25.8619,25.6628,0.4025368,COc1ccc(N(c2ccccc2)c2ccc(C=Cc3ccc(N(c4ccccc4)c4ccccc4)cc3)cc2)cc1,1,C(=Cc1ccc(N(c2ccccc2)c2ccccc2)cc1)c1ccc(N(c2ccccc2)c2ccccc2)cc1,0.4094599,396.0240,0.1683905,0.1684,0.6618570,2.0635,1.0000000,1.0000,[],37
35.6226,46.9136,67.2572,0.8919589,CC(C)=Cc1c2ccc(F)cc2c(-c2ccc3ccccc3c2)c2cc(N(c3ccccc3)c3ccccc3)ccc12,1,c1ccc(N(c2ccccc2)c2ccc3cc4ccccc4c(-c4ccc5ccccc5c4)c3c2)cc1,0.9439342,430.6561,0.1951810,0.1952,0.5913638,2.6266,1.0000000,1.0000,[],38
34.5514,42.4177,71.6458,0.8911214,CCN(CC)c1ccc2cc(C=Nc3ccc(Br)c4c3C(=O)c3ccccc3C4=O)c(=O)oc2c1,1,O=C1c2ccccc2C(=O)c2c(N=Cc3cc4ccccc4oc3=O)cccc21,0.9421948,489.6956,0.2084452,0.2084,0.5580474,2.9166,1.0000000,1.0000,[],38
26.2430,49.1197,68.4623,0.9186091,CCN(CC)c1ccc(C=CS(=O)(=O)c2cccc3cc(N=Nc4ccc(C=C(C#N)C#N)cc4)ccc23)cc1,1,O=S(=O)(C=Cc1ccccc1)c1cccc2cc(N=Nc3ccccc3)ccc12,0.9826635,476.1639,0.1563866,0.1564,0.5321198,3.1544,1.0000000,1.0000,[],38
31.4209,46.5980,74.7250,0.9478363,N#CC(C#N)=Cc1ccc(C=Cc2nc(-c3ccccc3)c3nccc(C#N)c3n2)o1,1,C(=Cc1ccco1)c1nc(-c2ccccc2)c2ncccc2n1,0.9822757,443.5916,0.4524540,0.4525,0.5274960,3.1981,1.0000000,1.0000,[],38
25.9078,38.1329,-38.1329,0.0000000,c12nc3ccc(N(c4ccccc4)c4ccccc4)c(C=Cc4ccc(cc4)N(c4ccccc4)c4ccccc4)c3ccc2cccc1,0,,0.0000000,0.0000,0.0000000,0.0000,0.0000000,0.0000,0.0000000,0.0000,None,38
35.8533,55.3563,61.5076,0.9129999,N#CC(=Cc1ccc(N=Nc2ccc(N(c3ccccc3)c3ccc(-c4cc(-c5ccccc5)nc5ccccc45)c4ccccc34)cc2)cc1)c1ccccc1,1,C(=Cc1ccc(N=Nc2ccc(N(c3ccccc3)c3ccc(-c4cc(-c5ccccc5)nc5ccccc45)c4ccccc34)cc2)cc1)c1ccccc1,0.9953546,458.2738,0.0843876,0.0844,0.5372438,3.1065,1.0000000,1.0000,[],38
24.1032,40.3158,73.6856,0.8906357,CCN(CC)c1ccc(C=Cc2ccc(-c3ccccc3)c3nc4ccccn4c(=O)c23)cc1,1,O=c1c2c(C=Cc3ccccc3)ccc(-c3ccccc3)c2nc2ccccn12,0.9386993,429.6265,0.2202090,0.2202,0.5966836,2.5818,1.0000000,1.0000,[],38
42.8853,52.3578,-8.9416,0.3391885,O=c1[nH]c2cc3c(=O)c(C=Cc4ccccc4[N+](=O)[O-])c(-c4cccc([N+](=O)[O-])c4)oc3cc2c(=O)o1,1,O=c1[nH]c2cc3c(=O)c(C=Cc4ccccc4)c(-c4ccccc4)oc3cc2c(=O)o1,0.3409290,392.8433,0.2100919,0.2101,0.5456433,3.0289,1.0000000,1.0000,[],38
34.2142,37.6307,15.4621,0.4147877,N#Cc1c(C2=CN=C(c3ccccc3)CC2)oc2ccccc2c1=O,1,O=c1cc(C2=CN=C(c3ccccc3)CC2)oc2ccccc12,0.4050435,395.8254,0.7053545,0.7054,0.5785701,2.7360,1.0000000,1.0000,[],38
32.0086,46.5822,71.7991,0.9248543,N#CC(C#N)=Cc1ccc(-c2ccc(N(c3ccc(-c4ccc(N(c5ccccc5)c5ccccc5)cc4)cc3)c3cccc(-c4ccc5ccccc5c4)c3)cc2)nc1,1,c1ccc(N(c2ccccc2)c2ccc(-c3ccc(N(c4ccc(-c5ccccn5)cc4)c4cccc(-c5ccc6ccccc6c5)c4)cc3)cc2)cc1,0.9952684,458.0733,0.1296631,0.1297,0.5398614,3.0822,1.0000000,1.0000,[],38
39.2942,54.1378,58.0375,0.8763695,N#CC(C#N)=CC(=Cc1ccc(C2=Cc3c(c4ccccc4c4ccccc34)N(c3ccccc3)C2)cc1-c1ccccc1)c1ccccc1,1,C(=Cc1ccc(C2=Cc3c(c4ccccc4c4ccccc34)N(c3ccccc3)C2)cc1-c1ccccc1)c1ccccc1,0.9561139,486.5454,0.0788852,0.0789,0.5183972,3.2851,1.0000000,1.0000,[],38
20.7474,46.7798,67.5349,0.8930834,CCN(c1ccc(C=Nc2ccc(N=Nc3ccc(C=CC=Cc4ccc(N(c5ccccc5)c5ccccc5)cc4)cc3)cc2)cc1)c1ccc(C=C(C#N)C#N)cc1,1,C(C=Cc1ccc(N(c2ccccc2)c2ccccc2)cc1)=Cc1ccc(N=Nc2ccc(N=Cc3ccc(Nc4ccccc4)cc3)cc2)cc1,0.9917948,452.0584,0.0475883,0.0476,0.4992434,3.4733,1.0000000,1.0000,[],38
27.2069,31.5480,-31.5480,0.0000000,CCN(CC)c1ccc(C(C=Cc2ccccc2)OC(C)=O)cc1,1,C(=Cc1ccccc1)Cc1ccccc1,0.0000000,0.0000,0.0000000,0.0000,0.0000000,0.0000,0.0000000,0.0000,"['C(=[O,S])[O,S]']",38
30.1048,51.6135,62.0425,0.8879377,N#CC(C#N)=Cc1ccc(N(c2ccc(C=Cc3ccc(C=C(C#N)C#N)s3)cc2)c2ccc(-c3ccc(-c4ccc(C=C(C#N)C#N)s4)c(N)c3)cc2)cc1,1,C(=Cc1cccs1)c1ccc(N(c2ccccc2)c2ccc(-c3ccc(-c4cccs4)cc3)cc2)cc1,0.9623789,484.8021,0.1062092,0.1062,0.4687516,3.7884,1.0000000,1.0000,[],38
22.3414,36.6224,-36.6224,0.0000000,CCN(CC)c1ccc(C=NNc2ccc(N=Nc3ccccc3)cc2C=O)cc1,1,C(=NNc1ccc(N=Nc2ccccc2)cc1)c1ccccc1,0.0000000,0.0000,0.0000000,0.0000,0.0000000,0.0000,0.0000000,0.0000,['[#7;!n][#7;!n]'],38
35.5545,50.5827,62.4544,0.8831020,C=CCNc1ccc(C=C(C#N)C=Cc2ccc3oc(C=Cc4ccc(N(CC)CC)cc4)cc3c2)cc1,1,C(C=Cc1ccc2oc(C=Cc3ccccc3)cc2c1)=Cc1ccccc1,0.9485146,431.6340,0.1273947,0.1274,0.5410326,3.0714,1.0000000,1.0000,[],38
10.2589,22.0247,-10.5921,0.0893177,N#CC(C#N)=Cc1cccc2ccccc12,1,c1ccc2ccccc2c1,0.0804072,373.5425,0.6690662,0.6691,0.6414512,2.2201,1.0000000,1.0000,[],38
32.4034,47.5193,64.9694,0.8788182,CCN(CC)c1ccc(C=Cc2ccc(C=C(C=Cc3cc(C=C(C#N)C#N)ccc3C)c3ccc(N(CC)CC)cc3)cc2)cc1,1,C(=Cc1ccccc1)C(=Cc1ccc(C=Cc2ccccc2)cc1)c1ccccc1,0.9563684,433.5206,0.0851846,0.0852,0.5244606,3.2269,1.0000000,1.0000,[],38
20.3876,38.3353,79.1697,0.9180079,N#CC(C#N)=Cc1ccc(C=Cc2ccc(N(c3ccc(C=C(C#N)C#N)cc3)c3ccc(C=C(C#N)C#N)c4ccccc34)cc2)cc1,1,C(=Cc1ccc(N(c2ccccc2)c2cccc3ccccc23)cc1)c1ccccc1,0.9899337,470.1816,0.1231255,0.1231,0.5194082,3.2753,1.0000000,1.0000,[],38
25.2250,37.3051,46.1337,0.6518657,CCN(CC)c1ccc(C=Cc2ccc3ccccc3c2N2CCCCCC2)cc1,1,C(=Cc1ccc2ccccc2c1N1CCCCCC1)c1ccccc1,0.6623500,407.3155,0.4038742,0.4039,0.6264398,2.3385,1.0000000,1.0000,[],38
64.5268,95.4396,-95.4396,0.0000000,O=c1c(-c2ccc(C=Cc3ccc(NC(=O)c4ccc(N(CC)CC)cc4)cc3)c(=C)c2C#N)c(cc(=C=O)c(c1N1c2c(cccc2)C=Cc2ccccc12)C#N)N,0,,0.0000000,0.0000,0.0000000,0.0000,0.0000000,0.0000,0.0000000,0.0000,None,38
41.7860,60.8369,9.7281,0.5512885,N#CC(C#N)=Cc1ccc(N=C(N=Cc2ccccc2)N2C=CN(c3ccc(-c4ccc(C=C(C#N)C#N)s4)cc3)CC2)cc1,1,C1=CN(c2ccc(-c3cccs3)cc2)CCN1C(N=Cc1ccccc1)=Nc1ccccc1,0.5793340,516.5252,0.1269181,0.1269,0.4726441,3.7471,1.0000000,1.0000,[],38
35.6769,45.5975,-38.4619,0.0557468,CCN(CC)c1ccc(-c2nc(C=Cc3ccc(Cl)c(N(CC)CC)c3)n(C)n2)cc1,1,C(=Cc1nc(-c2ccccc2)n[nH]1)c1ccccc1,0.0498350,367.9934,0.4111474,0.4111,0.5716615,2.7960,1.0000000,1.0000,[],38
14.5074,28.0574,-19.5443,0.0665082,N#CC(C#N)=Cc1ccc(-c2cccc(C=C(C#N)C#N)c2)cc1,1,c1ccc(-c2ccccc2)cc1,0.0587553,369.8836,0.7931581,0.7932,0.5821134,2.7055,1.0000000,1.0000,[],38
17.6152,37.9090,79.5527,0.9176695,N#CC(C#N)=Cc1ccc2c(c1)C=Cc1ccccc1N2c1ccc(-c2ccc(C=C(C#N)C#N)s2)cc1,1,C1=Cc2ccccc2N(c2ccc(-c3cccs3)cc2)c2ccccc21,0.9701805,482.1912,0.2300263,0.2300,0.5201793,3.2679,1.0000000,1.0000,[],38
40.7856,58.5456,56.7316,0.9006032,CCN(CC)c1ccc(C=CC=Cc2ccc(C#N)c(N(c3ccc(C=C(C#N)c4ccc(N(c5ccccc5)c5ccccc5)cc4)cc3)c3ccc4c(c3)C(=O)c3ccccc3C4=O)c2)cc1,1,O=C1c2ccccc2C(=O)c2cc(N(c3ccc(C=Cc4ccc(N(c5ccccc5)c5ccccc5)cc4)cc3)c3cccc(C=CC=Cc4ccccc4)c3)ccc21,0.9937498,464.9654,0.0609792,0.0610,0.4766952,3.7044,1.0000000,1.0000,[],38
28.0995,53.4922,59.3254,0.8813873,CN(c1ccc(C=Nc2ccc3oc(=O)c(C=C(C#N)C#N)cc3c2)cc1)c1ccc(N=Nc2ccc(N=Nc3ccccc3)cc2)cc1,1,O=c1ccc2cc(N=Cc3ccc(Nc4ccc(N=Nc5ccc(N=Nc6ccccc6)cc5)cc4)cc3)ccc2o1,0.9676615,483.0999,0.0669594,0.0670,0.4986073,3.4797,1.0000000,1.0000,[],38
16.4555,30.2896,-18.3902,0.0929641,Cc1cc(N(c2ccccc2)c2ccccc2)ccc1C=Cc1ccc2ccccc2c1,1,C(=Cc1ccc2ccccc2c1)c1ccc(N(c2ccccc2)c2ccccc2)cc1,0.0863708,374.3899,0.2611848,0.2612,0.6500202,2.1538,1.0000000,1.0000,[],38
30.6436,53.3665,63.9315,0.9163902,N#CC(C#N)=Cc1ccc(N(c2ccc(C=C(C#N)C#N)cc2)c2ccc(-c3ccc(=S)n(-c4ccc(C=C(C#N)C#N)cc4)c3)cc2)cc1,1,S=c1ccc(-c2ccc(N(c3ccccc3)c3ccccc3)cc2)cn1-c1ccccc1,0.9900021,449.8932,0.1180320,0.1180,0.5050186,3.4158,1.0000000,1.0000,[],38
27.0017,52.5152,62.5663,0.8990741,C=CCn1c(C#N)c(C=Cc2ccc(N=Cc3ccc(N(CC)CC)cc3)cc2)c(C=Cc2ccccc2)cc1=Nc1ccc(N=Nc2ccccc2)cc1,1,C(=Cc1cc(=Nc2ccc(N=Nc3ccccc3)cc2)[nH]cc1C=Cc1ccc(N=Cc2ccccc2)cc1)c1ccccc1,0.9902806,469.7971,0.0638313,0.0638,0.4827310,3.6415,1.0000000,1.0000,[],38
38.1326,61.7384,-50.0067,0.0916537,CCN(CC)c1ccc(C=Cc2c(N(CC)CC)c3cc(C=C(C#N)C#N)c(C=C(C#N)C#N)cc3n2-c2ccccc2Cl)cc1,1,C(=Cc1cc2ccccc2n1-c1ccccc1)c1ccccc1,0.0870745,545.5136,0.1542962,0.1543,0.4787813,3.6826,1.0000000,1.0000,[],38
23.3221,53.9617,59.6091,0.8872720,N#CC(C#N)=Cc1ccc(N=Nc2ccc(N=Nc3ccc(C=Cc4ccc(N=Nc5ccc(C=Cc6ccc(N=Nc7ccc(C=Cc8ccc(N=Cc9ccccc9)cc8)cc7)cc6)cc5)cc4)cc3)cc2)cc1,1,C(=Cc1ccc(N=Nc2ccc(C=Cc3ccc(N=Nc4ccc(C=Cc5ccc(N=Nc6ccc(N=Nc7ccccc7)cc6)cc5)cc4)cc3)cc2)cc1)c1ccc(N=Cc2ccccc2)cc1,0.9926498,466.7376,0.0384944,0.0385,0.4752581,3.7195,1.0000000,1.0000,[],38
18.8757,25.5114,-25.4883,0.0001802,O=C=Nc1ccc(Oc2ccc(N=C=S)cc2)cc1,1,c1ccc(Oc2ccccc2)cc1,0.0001185,301.8446,0.4745422,0.4745,0.5936807,2.6071,1.0000000,1.0000,[],38
16.1668,31.7767,88.2704,0.9378678,N#CC(C#N)=Cc1ccc(N(c2ccccc2)c2ccc(-n3c4ccccc4c4ccccc43)cc2)cc1,1,c1ccc(N(c2ccccc2)c2ccc(-n3c4ccccc4c4ccccc43)cc2)cc1,0.9896657,449.5302,0.2290506,0.2291,0.6046157,2.5158,1.0000000,1.0000,[],38
27.5820,46.5578,-22.1578,0.1906254,CCN(CC)c1ccc(C(C#N)=Cc2c(C=Cc3ccc(C=C(C#N)C#N)o3)sc3ccccc23)cc1,1,C(=Cc1c(C=Cc2ccco2)sc2ccccc12)c1ccccc1,0.1855784,536.0580,0.2286709,0.2287,0.5190002,3.2793,1.0000000,1.0000,[],38
31.5034,47.5692,-47.5692,0.0000000,O=C1c2c(cccc2C=C(C#N)C#N)C=CC1=c1c2ccccc2c(cc1)-c1ccccc1,0,,0.0000000,0.0000,0.0000000,0.0000,0.0000000,0.0000,0.0000000,0.0000,None,38
47.8107,68.7235,-68.7235,0.0000000,CCCCc1cc(C)cc(=N)n1C=Cc1ccc(NN=C2CCc3cc(N=Nc4ccccc4)ccc3C2=O)cc1,1,N=c1ccccn1C=Cc1ccc(NN=C2CCc3cc(N=Nc4ccccc4)ccc3C2=O)cc1,0.0000000,0.0000,0.0000000,0.0000,0.0000000,0.0000,0.0000000,0.0000,['[#7;!n][#7;!n]'],38
38.1508,64.8590,53.0898,0.9214752,CN(C)c1ccc(C=CC2=CC(=Cc3ccc(N(c4ccc(C=C(C#N)C#N)cc4)c4ccc(-c5nc(-c6ccccc6)c(C#N)c(C#N)c5C#N)cc4)cc3)C=C2)cc1,1,C1=CC(=Cc2ccc(N(c3ccccc3)c3ccc(-c4cccc(-c5ccccc5)n4)cc3)cc2)C=C1C=Cc1ccccc1,0.9955347,458.7051,0.1254588,0.1255,0.4663923,3.8136,1.0000000,1.0000,[],38
22.8346,36.5530,83.3444,0.9366986,N#CC(C#N)=Cc1ccc(N2CCN(c3ccc(N=Cc4ccc([N+](=O)[O-])cc4)cc3)CC2)cc1,1,C(=Nc1ccc(N2CCN(c3ccccc3)CC2)cc1)c1ccccc1,0.9904356,450.3792,0.2180759,0.2181,0.5892978,2.6441,1.0000000,1.0000,[],38
18.8761,23.5902,86.8410,0.8627442,C=C=C=C=C=C=C=C=C=C=C=C=C=C=C=C=C=C=C=C=C=C=C=C=C=C=CC#N,1,,0.8975391,423.5624,0.4621476,0.4621,0.3364308,5.4468,1.0000000,1.0000,[],38
40.6204,45.4374,31.2970,0.5994875,Cc1c(C=Nc2ccc3oc(-c4ccc([N+](=O)[O-])cc4)nc3c2)c([O-])n(-c2ccccc2)c1-c1ccccc1,1,C(=Nc1ccc2oc(-c3ccccc3)nc2c1)c1cc(-c2ccccc2)n(-c2ccccc2)c1,0.6293144,405.7466,0.1353637,0.1354,0.5565956,2.9296,1.0000000,1.0000,[],38
28.5276,29.6865,-29.6752,0.0000881,O=C1C2C3c4ccccc4C(c4ccccc43)C2C(=O)N1c1ccc2ccccc2c1,1,O=C1C2C3c4ccccc4C(c4ccccc43)C2C(=O)N1c1ccc2ccccc2c1,0.0000563,293.7583,0.4093670,0.4094,0.4847077,3.6210,1.0000000,1.0000,[],38
40.9458,45.7784,-45.7784,0.0000000,C#CC(C)N1C=CN(c2ccc(C=C(C#N)C#N)cc2)C(c2ccccc2)=N1,1,C1=CN(c2ccccc2)C(c2ccccc2)=NN1,0.0000000,0.0000,0.0000000,0.0000,0.0000000,0.0000,0.0000000,0.0000,"['[#7;!n][#7;!n]', 'C#C']",38
25.8643,32.4954,75.7469,0.8456429,CCN(CC)c1cc(C=CC=C(c2ccccc2)c2ccccc2)ccc1C=O,1,C(=Cc1ccccc1)C=C(c1ccccc1)c1ccccc1,0.8773361,421.3612,0.3282060,0.3282,0.6091804,2.4782,1.0000000,1.0000,[],38
22.1461,29.9624,-13.4979,0.1286282,C=NC(=NC)Nc1ccc(Nc2ccccc2)cc1,1,c1ccc(Nc2ccccc2)cc1,0.1182085,378.1821,0.6482071,0.6482,0.6286867,2.3206,1.0000000,1.0000,[],38
14.3189,25.6109,81.3664,0.8357605,N#CC(C#N)=Cc1ccc(-n2c3ccccc3c3ccccc32)cc1,1,c1ccc(-n2c3ccccc3c3ccccc32)cc1,0.8554903,419.3080,0.4759158,0.4759,0.6420643,2.2153,1.0000000,1.0000,[],38
49.4710,65.4119,-61.9179,0.0272972,COc1cc(-n2c3ccccc3c3ccccc32)ccc1-c1cc(C=Cc2cc(Cl)ccc2C)c2c(F)cc(F)cc2n1,1,C(=Cc1cc(-c2ccc(-n3c4ccccc4c4ccccc43)cc2)nc2ccccc12)c1ccccc1,0.0240430,359.7890,0.2005218,0.2005,0.5697086,2.8132,1.0000000,1.0000,[],38
19.4312,35.1904,85.8413,0.9455601,N#CC(C#N)=Cc1ccc2cc(-c3cccc(N(c4ccccc4)c4ccccc4)c3)sc2c1,1,c1ccc(N(c2ccccc2)c2cccc(-c3cc4ccccc4s3)c2)cc1,0.9958580,459.5246,0.2507642,0.2508,0.5904477,2.6344,1.0000000,1.0000,[],38
25.8505,42.7550,74.3607,0.9149668,O=C1CC(C=Cc2ccccc2)C=C1N=Nc1ccc(N=Nc2ccc(N(c3ccccc3)c3ccccc3)cc2)cc1,1,O=C1CC(C=Cc2ccccc2)C=C1N=Nc1ccc(N=Nc2ccc(N(c3ccccc3)c3ccccc3)cc2)cc1,0.9778809,478.8620,0.1685375,0.1685,0.4916315,3.5501,1.0000000,1.0000,[],38
13.6715,31.3806,88.5870,0.9372467,N#CC(C#N)=Cc1ccc(N(c2ccc(C=Cc3ccccc3)cc2)c2ccc(C=C(C#N)C#N)cc2)cc1,1,C(=Cc1ccc(N(c2ccccc2)c2ccccc2)cc1)c1ccccc1,0.9959454,460.2429,0.1884937,0.1885,0.5801822,2.7221,1.0000000,1.0000,[],38
24.7315,32.7642,88.7440,0.9492824,CN1C(=CC=Cc2cccc3cccnc23)C=Cc2ccccc21,1,C(=Cc1cccc2cccnc12)C=C1C=Cc2ccccc2N1,0.9711295,481.8294,0.6386617,0.6387,0.5837140,2.6917,1.0000000,1.0000,[],38
20.0870,33.3171,68.1196,0.7924735,CCN(CC)c1ccc(C=Cc2ccc(N(c3ccccc3)c3ccc(C=Cc4ccc(N=Cc5ccc(N(CC)CC)cc5)cc4)cc3)cc2)cc1,1,C(=Cc1ccc(N(c2ccccc2)c2ccc(C=Cc3ccc(N=Cc4ccccc4)cc3)cc2)cc1)c1ccccc1,0.8581783,419.5459,0.0788961,0.0789,0.5737506,2.7778,1.0000000,1.0000,[],38
16.4425,24.9448,-14.4881,0.0816932,N#CC(C#N)=Cc1cccc2cc(Br)ccc12,1,c1ccc2ccccc2c1,0.0730290,372.4107,0.7415659,0.7416,0.6138035,2.4404,1.0000000,1.0000,[],38
16.3272,35.3375,80.6754,0.9063506,CCN(CC)c1ccc(C=Cc2ccc(N(c3ccc(C=Cc4ccc(N(c5ccccc5)c5ccccc5)cc4)cc3)c3ccc(C=C(C#N)C#N)cc3)cc2)cc1,1,C(=Cc1ccc(N(c2ccccc2)c2ccc(C=Cc3ccc(N(c4ccccc4)c4ccccc4)cc3)cc2)cc1)c1ccccc1,0.9882622,448.1321,0.0815385,0.0815,0.5512382,2.9779,1.0000000,1.0000,[],38
20.6573,37.1037,81.4773,0.9264141,N#CC(C#N)=Cc1ccc2c(C=C(C#N)C#N)cc3cc4ccccc4cc3c2c1,1,c1ccc2cc3c(ccc4ccccc43)cc2c1,0.9772330,440.8173,0.2416851,0.2417,0.5501393,2.9879,1.0000000,1.0000,[],38
20.7544,42.7830,-42.7830,0.0000000,c1cc(-c2ccc(cc2)C=C(C#N)C#N)cc2C(c3c(cccc3)C=c12)=Cc1ccc(N(c2ccccc2)c2ccccc2)cc1,0,,0.0000000,0.0000,0.0000000,0.0000,0.0000000,0.0000,0.0000000,0.0000,None,38
45.0796,73.8905,-73.8905,0.0000000,c1c(S(=O)(N)=O)ccc2c(cc3c(cccc3)c21)C=C(c1ccc(cc1)N=c1ccc2c(cccc2)c1)C=C(CC)C=Cc1ccccc1,0,,0.0000000,0.0000,0.0000000,0.0000,0.0000000,0.0000,0.0000000,0.0000,None,38
38.8910,55.3855,-53.2789,0.0164584,CCN(CC)c1ccc(C=CC2=C(Nc3ccc4ccccc4c3)C(c3ccccc3)=NC2=Cc2ccc3ccccc3c2)cc1,1,C(=Cc1ccccc1)C1=C(Nc2ccc3ccccc3c2)C(c2ccccc2)=NC1=Cc1ccc2ccccc2c1,0.0141707,566.0602,0.1800397,0.1800,0.5561417,2.9337,1.0000000,1.0000,[],38
22.6713,48.9688,-22.4393,0.2072617,N#CC(C#N)=Cc1ccc(-c2c(-c3ccccc3C=C(C#N)C#N)c3ccccc3c3ccccc23)cc1,1,c1ccc(-c2c(-c3ccccc3)c3ccccc3c3ccccc23)cc1,0.2034628,385.1820,0.1904919,0.1905,0.5663681,2.8426,1.0000000,1.0000,[],38
34.8677,50.4907,67.1798,0.9193009,CCN(CC)c1ccc(C=Nc2ccc(N=Nc3cc4ccccc4cc3-c3cc(-c4ccccc4)nc(-c4ccccc4)n3)cc2)c(C)c1,1,C(=Nc1ccc(N=Nc2cc3ccccc3cc2-c2cc(-c3ccccc3)nc(-c3ccccc3)n2)cc1)c1ccccc1,0.9943827,456.2007,0.1092521,0.1093,0.5388200,3.0919,1.0000000,1.0000,[],38
18.6475,24.0322,-21.8700,0.0168920,c1ccc(-c2nc(-c3ccccc3)nc(-c3ccc(-n4c5ccccc5c5ccccc54)cc3)n2)cc1,1,c1ccc(-c2nc(-c3ccccc3)nc(-c3ccc(-n4c5ccccc5c5ccccc54)cc3)n2)cc1,0.0143361,354.0676,0.2597729,0.2598,0.6786773,1.9380,1.0000000,1.0000,[],38
18.7433,31.2869,38.5119,0.5453036,N#CC(C#N)=Cc1ccc(-c2ccc(-c3sc(C=C(C#N)C#N)c4ccccc34)s2)cc1,1,c1ccc(-c2ccc(-c3scc4ccccc34)s2)cc1,0.5554343,517.5826,0.3120066,0.3120,0.5255531,3.2165,1.0000000,1.0000,[],38
20.1256,42.5288,78.6824,0.9469630,COc1ccc2c(c1)C=Cc1cc(C=C(C#N)C#N)ccc1N2c1ccc(C=C(C#N)C#N)cc1,1,C1=Cc2ccccc2N(c2ccccc2)c2ccccc21,0.9912283,468.6728,0.3273087,0.3273,0.5320638,3.1550,1.0000000,1.0000,[],38
32.6278,49.4082,-49.4082,0.0000000,COc1ccccc1-c1cc(C)c(C=c2c(=CC=CC=CC3=[N+](C)c4ccccc4C3(C)C)n(C)c3ccccc23)s1,1,C(=CC=c1[nH]c2ccccc2c1=Cc1ccc(-c2ccccc2)s1)C=CC1=[NH+]c2ccccc2C1,0.0000000,708.6353,0.1516518,0.1517,0.4990035,3.4757,1.0000000,1.0000,[],38
29.7029,40.5419,68.0138,0.8480913,CCN(CC)c1ccc(C=Cc2ccc3nc(C=Cc4cccc5ccccc45)ccc3c2)c(C)c1,1,C(=Cc1ccc2nc(C=Cc3cccc4ccccc34)ccc2c1)c1ccccc1,0.8914452,422.8611,0.2217136,0.2217,0.5942177,2.6025,1.0000000,1.0000,[],39
55.5997,72.9856,-72.9856,0.0000000,C1C(O)C(C=CC=1)=c1c(c(c2C(c3c(cccc3)C(c2c1)=O)=O)N=Cc1ccc(N(c2ccccc2)c2ccccc2)cc1)C=Cc1ccc(cc1)NCC,0,,0.0000000,0.0000,0.0000000,0.0000,0.0000000,0.0000,0.0000000,0.0000,None,39
22.6417,46.6754,71.2006,0.9209064,CCN(CC)c1ccc(-c2c(-c3ccc(N(c4ccc(C=C(C#N)C#N)cc4)c4ccc(C=C(C#N)C#N)cc4)cc3)c(=O)c2=O)cc1,1,O=c1c(-c2ccccc2)c(-c2ccc(N(c3ccccc3)c3ccccc3)cc2)c1=O,0.9953119,461.8260,0.1134333,0.1134,0.5316218,3.1591,1.0000000,1.0000,[],39
23.7233,35.4922,85.4055,0.9445137,CCN(CC)c1ccc(N=Nc2ccc(C=Cc3nnc(-c4cccs4)o3)cc2)cc1,1,C(=Cc1nnc(-c2cccs2)o1)c1ccc(N=Nc2ccccc2)cc1,0.9921886,467.4034,0.2770803,0.2771,0.5731636,2.7829,1.0000000,1.0000,[],39
35.1265,42.0883,-42.0883,0.0000000,c12c3ccccc3c3oc4C=CC(c5ccccc5)=Cc4c(c3c1cccc2)-c1ccc2c(cccc2)c1,0,,0.0000000,0.0000,0.0000000,0.0000,0.0000000,0.0000,0.0000000,0.0000,None,39
25.6726,41.2208,71.9956,0.8845030,N#CC(C#N)=Cc1c(-c2ccccc2)c(C=C(C#N)C#N)c2ccccc2c1N(c1ccccc1)c1ccccc1,1,c1ccc(-c2cc(N(c3ccccc3)c3ccccc3)c3ccccc3c2)cc1,0.9354045,490.9801,0.2070358,0.2070,0.5475510,3.0115,1.0000000,1.0000,[],39
31.5864,45.6520,71.8370,0.9178830,CCN(c1ccc(C=C(C#N)C#N)cc1)c1ccc(-c2ccc3c4ccccc4c4cc5ccccc5cc4c3c2)cc1,1,c1ccc(Nc2ccc(-c3ccc4c5ccccc5c5cc6ccccc6cc5c4c3)cc2)cc1,0.9881291,448.0083,0.1218753,0.1219,0.5712719,2.7994,1.0000000,1.0000,[],39
28.6615,34.5469,-20.8075,0.1073392,CC[n+]1c(C)cc(C=C2C=Nc3ccccc3C2=O)c2ccccc21,1,O=C1C(=Cc2cc[nH+]c3ccccc23)C=Nc2ccccc21,0.0987216,544.0112,0.5059168,0.5059,0.5587501,2.9103,1.0000000,1.0000,[],39
19.3339,33.9505,45.7133,0.6223730,COc1cccc(-n2c3ccccc3c3cc(C=C(C#N)C#N)ccc32)c1,1,c1ccc(-n2c3ccccc3c3ccccc32)cc1,0.6276455,405.6689,0.4762253,0.4762,0.6228491,2.3673,1.0000000,1.0000,[],39
33.0019,53.0076,55.2449,0.8457230,CC(=Cc1sc(-c2ccc3c(c2)C2c4ccccc4C=CC2N3c2ccccc2)nc1C=C(C#N)C#N)c1ccccc1,1,C(=Cc1cnc(-c2ccc3c(c2)C2c4ccccc4C=CC2N3c2ccccc2)s1)c1ccccc1,0.8976107,496.4292,0.1974623,0.1975,0.4430981,4.0698,1.0000000,1.0000,[],39
39.7190,56.2015,54.3454,0.8636483,N#CC(C#N)=CC(=Nc1ccc2c(=O)cc(-c3ccccc3[N+](=O)[O-])oc2c1)c1ccc(C=C(C#N)C#N)cc1,1,O=c1cc(-c2ccccc2)oc2cc(N=Cc3ccccc3)ccc12,0.9270828,427.6072,0.1298523,0.1299,0.5111444,3.3555,1.0000000,1.0000,[],39
33.2677,53.6652,41.1984,0.7411221,COc1ccc(N(c2ccc(C=C(C#N)C#N)cc2)S(=O)(=O)c2ccccc2)cc1C=Cc1ccccn1,1,O=S(=O)(c1ccccc1)N(c1ccccc1)c1cccc(C=Cc2ccccn2)c1,0.7709103,413.1750,0.2564187,0.2564,0.5602484,2.8969,1.0000000,1.0000,[],39
29.6010,48.3879,65.5306,0.8899886,CCCn1c2ccccc2c2ccc(N(c3ccc(C=C(C#N)C#N)cc3)c3ccc(C=C(C#N)C#N)c(C=C(C#N)C#N)c3)cc21,1,c1ccc(N(c2ccccc2)c2ccc3c(c2)[nH]c2ccccc23)cc1,0.9513704,487.7138,0.1602718,0.1603,0.4901506,3.5652,1.0000000,1.0000,[],39
26.9699,34.6820,-25.3631,0.0728041,CN(C)c1ccc(N=C(CN)c2cccc(N(C)C)c2)cc1,1,C(=Nc1ccccc1)c1ccccc1,0.0644000,370.9449,0.8629372,0.8629,0.6050106,2.5125,1.0000000,1.0000,[],39
23.7313,25.6711,-25.6572,0.0001082,CCN(CN(C)c1ccccc1)c1ccccc1,1,c1ccc(NCNc2ccccc2)cc1,0.0000681,295.8349,0.7366552,0.7367,0.6618235,2.0638,1.0000000,1.0000,[],39
34.0653,49.6509,62.6063,0.8770098,CN(C)C(=O)c1c(-c2ccc(C=C(C#N)C#N)cc2)c(-c2ccccc2)n2ccc(Cl)cc12,1,c1ccc(-c2cc3ccccn3c2-c2ccccc2)cc1,0.9106525,425.2068,0.3546009,0.3546,0.5706383,2.8050,1.0000000,1.0000,[],39
31.3372,46.5207,72.0955,0.9266884,N#CC(C#N)=Cc1ccc(-c2cc(C=Cc3ccc(-c4ccc(C=C(C#N)C#N)s4)s3)ncc2F)cc1,1,C(=Cc1ccc(-c2cccs2)s1)c1cc(-c2ccccc2)ccn1,0.9789469,478.3139,0.2443644,0.2444,0.5053249,3.4128,1.0000000,1.0000,[],39
28.9686,39.8547,-39.8547,0.0000000,N1C2=C(C(c3ccccc3C=2O)=O)C(c2c(cccc2)[N+](=O)[O-])C(c2ccccc2)=C1,0,,0.0000000,0.0000,0.0000000,0.0000,0.0000000,0.0000,0.0000000,0.0000,None,39
37.7033,58.4835,53.7815,0.8770709,CCN(CC)c1ccc(C=Nc2cccc(NC(=O)c3ccc(C=CC=Cc4cccs4)cc3)c2)cc1C=C(C#N)C#N,1,O=C(Nc1cccc(N=Cc2ccccc2)c1)c1ccc(C=CC=Cc2cccs2)cc1,0.9470438,431.3113,0.1088587,0.1089,0.5234323,3.2367,1.0000000,1.0000,[],39
43.9300,52.4496,-42.7811,0.0755350,Cc1cc(N=Cc2ccccc2OCc2ccccc2)cc(C)c1-c1ccc(C=Cc2ccccc2N2CCCC2)s1,1,C(=Cc1ccccc1N1CCCC1)c1ccc(-c2ccc(N=Cc3ccccc3OCc3ccccc3)cc2)s1,0.0706232,372.0189,0.1652922,0.1653,0.5688973,2.8203,1.0000000,1.0000,[],39
24.7572,30.1354,23.7054,0.4206308,CCCn1c2ccc(C)cc2c2cc3ccccc3cc21,1,c1ccc2cc3c(cc2c1)[nH]c1ccccc13,0.4157222,396.3046,0.4434574,0.4435,0.6786138,1.9385,1.0000000,1.0000,[],39
11.5829,21.6362,-10.2035,0.0893177,N#CC(C#N)=Cc1cccc2ccccc12,1,c1ccc2ccccc2c1,0.0804072,373.5425,0.6690662,0.6691,0.6414512,2.2201,1.0000000,1.0000,[],39
46.0657,58.6076,-21.4356,0.2904061,Cc1cc(C=Cc2ccccc2[N+](=O)[O-])ccc1-c1c2ccc3ccccc3c(cc3ccccc13)c2=O,1,O=c1c2ccc3ccccc3c1cc1ccccc1c2-c1ccc(C=Cc2ccccc2)cc1,0.2934098,390.4577,0.1403737,0.1404,0.5300485,3.1739,1.0000000,1.0000,[],39
28.6692,51.9991,64.4258,0.9095697,N#CC(C#N)=Cc1ccc(N(c2ccc(C=Cc3c(-c4ccc(N(c5ccccc5)c5ccccc5)cc4)ccc(-c4ccccc4)c3C=C(C#N)C#N)cc2)c2ccc(C=C(C#N)C#N)cc2)cc1,1,C(=Cc1cc(-c2ccccc2)ccc1-c1ccc(N(c2ccccc2)c2ccccc2)cc1)c1ccc(N(c2ccccc2)c2ccccc2)cc1,0.9944237,456.2807,0.0819897,0.0820,0.4858648,3.6091,1.0000000,1.0000,[],39
29.1016,37.8865,14.9702,0.4129430,CCCc1nc(C=C(C#N)C#N)c(-c2c(OC)cccc2OC)[nH]1,1,c1ccc(-c2cnc[nH]2)cc1,0.4016120,395.6706,0.8215440,0.8215,0.5517532,2.9733,1.0000000,1.0000,[],39
16.7611,20.9032,-19.4014,0.0117327,CSC=C(C#N)C#N,1,,0.0096516,349.7203,0.4945342,0.4945,0.4572958,3.9121,1.0000000,1.0000,[],39
45.7895,61.6852,-41.7816,0.1554973,C=Cc1ccc(N=Cc2ccc(N(c3ccccc3)c3ccccc3)cc2)cc1-c1nc2c3ccccc3ncc2n1-c1ccc(Cl)c(Cl)c1,1,C(=Nc1cccc(-c2nc3c4ccccc4ncc3n2-c2ccccc2)c1)c1ccc(N(c2ccccc2)c2ccccc2)cc1,0.1516933,381.3103,0.1495181,0.1495,0.5348140,3.1292,1.0000000,1.0000,[],39
30.6081,45.1553,74.7462,0.9367311,N#CC(C#N)=Cc1ccc(-c2ccc3cc(-c4cc5c(C=C(C#N)C#N)cccc5s4)sc3c2)cc1,1,c1ccc(-c2ccc3cc(-c4cc5ccccc5s4)sc3c2)cc1,0.9903091,450.2352,0.2346858,0.2347,0.5319907,3.1556,1.0000000,1.0000,[],39
26.6679,43.4545,53.6731,0.7588094,Cc1cc(N(c2ccccc2)c2ccc(C=Cc3ccc(N(c4ccccc4)c4cccc(C=C(C#N)C#N)c4)cc3)cc2)ccc1C=Cc1ccc(N(c2ccccc2)c2ccccc2)cc1,1,C(=Cc1ccc(N(c2ccccc2)c2ccc(C=Cc3ccc(N(c4ccccc4)c4ccccc4)cc3)cc2)cc1)c1ccc(N(c2ccccc2)c2ccccc2)cc1,0.8210794,416.5431,0.0804617,0.0805,0.5187492,3.2817,1.0000000,1.0000,[],39
31.5863,46.1542,55.3929,0.7933365,Cc1nc(=Cc2cccc3c4ccccc4n(CC(F)(F)F)c23)sc1=C(C#N)C#N,1,C=c1cnc(=Cc2cccc3c2[nH]c2ccccc23)s1,0.8133073,504.0218,0.4875558,0.4876,0.5055208,3.4108,1.0000000,1.0000,[],39
25.1853,34.5272,-34.5272,0.0000000,c1ccn2c([nH]c(=O)c(c2=O)C=Cc2ccc(cc2)N(CC)CC)c1,0,,0.0000000,0.0000,0.0000000,0.0000,0.0000000,0.0000,0.0000000,0.0000,None,39
38.3368,40.6896,-39.6465,0.0081492,CCC(=Cc1ccc(-c2ccc(C(C)=O)cc2)cc1N(C)C)CC,1,c1ccc(-c2ccccc2)cc1,0.0064867,345.3713,0.6242376,0.6242,0.6186036,2.4015,1.0000000,1.0000,[],39
35.8002,60.2609,45.6885,0.8277302,N#CC(C#N)=Cc1ccc(CC=Cc2cc(-c3ccc(N=Cc4ccc(N(c5ccccc5)c5ccccc5)cc4)cc3)cc(Nc3ccc(C=C(C#N)C#N)cc3)n2)cc1,1,C(=Cc1cc(-c2ccc(N=Cc3ccc(N(c4ccccc4)c4ccccc4)cc3)cc2)cc(Nc2ccccc2)n1)Cc1ccccc1,0.8977756,423.5903,0.0907661,0.0908,0.4809326,3.6601,1.0000000,1.0000,[],39
18.4551,39.0982,78.9002,0.9218624,CCN(c1ccc(C=Cc2ccc(C=C(C#N)C#N)cc2)cc1)c1ccc(C=Cc2ccc(Nc3ccccc3)cc2)cc1,1,C(=Cc1ccc(Nc2ccc(C=Cc3ccc(Nc4ccccc4)cc3)cc2)cc1)c1ccccc1,0.9894497,470.6967,0.1344433,0.1344,0.5745039,2.7712,1.0000000,1.0000,[],39
46.0536,65.6064,20.3302,0.6713794,CCN(CC)c1ccc(C=Cc2ccc(N=Nc3ccc([B-]4([O-])C=C(C#N)c5ccccc54)c4cc(N=Cc5ccc(N(c6ccccc6)c6ccccc6)cc5)ccc34)cc2)cc1,1,C1=Cc2ccccc2[BH-]1c1ccc(N=Nc2ccc(C=Cc3ccccc3)cc2)c2ccc(N=Cc3ccc(N(c4ccccc4)c4ccccc4)cc3)cc12,0.7363377,508.8493,0.0500838,0.0501,0.4099164,4.4590,1.0000000,1.0000,[],39
20.4400,25.0322,-24.9844,0.0003740,C(=Cc1ccc2ccccc2c1)CCc1ccccc1,1,C(=Cc1ccc2ccccc2c1)CCc1ccccc1,0.0002530,310.0816,0.5804967,0.5805,0.7043619,1.7523,1.0000000,1.0000,[],39
38.6636,44.4472,72.4537,0.9132883,NC(=NCc1ccccn1)c1ccc(N=Nc2ccc(-c3ncc4ccccc4n3)cc2)cc1,1,C(=NCc1ccccn1)c1ccc(N=Nc2ccc(-c3ncc4ccccc4n3)cc2)cc1,0.9675754,436.8703,0.1970752,0.1971,0.5867013,2.6662,1.0000000,1.0000,[],39
23.4220,43.6753,76.2655,0.9370377,N#CC(C#N)=Cc1ccc(N(c2ccccc2)c2ccccc2C=C(C#N)C#N)cc1-c1cccs1,1,c1ccc(N(c2ccccc2)c2cccc(-c3cccs3)c2)cc1,0.9869828,473.0052,0.2633052,0.2633,0.5338973,3.1378,1.0000000,1.0000,[],39
42.1378,56.9597,59.0875,0.9066186,COc1ccc(N(c2ccc(C=C(C#N)C#N)cc2)c2ccc(-c3c(F)ccc4c3c3cc5ccccc5cc3n4-c3ccc(C=C(C#N)C#N)cc3)cc2)cc1,1,c1ccc(N(c2ccccc2)c2ccc(-c3cccc4c3c3cc5ccccc5cc3n4-c3ccccc3)cc2)cc1,0.9729556,438.9004,0.1435273,0.1435,0.5028179,3.4376,1.0000000,1.0000,[],39
32.5622,48.5449,-48.5449,0.0000000,N12c3c(cccc3)C=Cc3ccccc23)Sc2c1ccc(c2)N(c1ccc2c(c3ccccc3cc2)c1)C,0,,0.0000000,0.0000,0.0000000,0.0000,0.0000000,0.0000,0.0000000,0.0000,None,39
21.0372,47.9869,49.3137,0.7601607,CCCCn1c(C)c(C=C(C#N)C#N)c(C=C(C#N)C#N)c1C=Cc1ccc(N(CC)CC)cc1,1,C(=Cc1ccc[nH]1)c1ccccc1,0.7840023,506.0033,0.3761531,0.3762,0.5036764,3.4291,1.0000000,1.0000,[],39
24.7967,48.1638,66.2997,0.8942460,N#CC(C#N)=Cc1cc2c(cc1C=Cc1ccc(N(c3ccccc3)c3ccccc3)cc1)C=Cc1ccccc1N2c1ccc(Cl)cc1,1,C(=Cc1ccc2c(c1)C=Cc1ccccc1N2c1ccccc1)c1ccc(N(c2ccccc2)c2ccccc2)cc1,0.9616776,485.0106,0.1274122,0.1274,0.5261799,3.2106,1.0000000,1.0000,[],39
35.5643,47.2390,66.1163,0.8855879,CCc1c2ccccc2c(C=Cc2cc3ccccc3cc2C=C(C#N)C#N)c2ccc(C)cc12,1,C(=Cc1c2ccccc2cc2ccccc12)c1ccc2ccccc2c1,0.9443759,430.7470,0.1568936,0.1569,0.5607823,2.8921,1.0000000,1.0000,[],39
30.4323,47.0134,69.8210,0.9127691,N#CC(C#N)=Cc1ccc(N(c2ccccc2)c2ccc(C=CC(=CC=Cc3ccc(N(c4ccccc4)c4ccccc4)cc3)c3ccc4c(c3)sc3ccccc34)cc2)cc1,1,C(=Cc1ccc(N(c2ccccc2)c2ccccc2)cc1)C=C(C=Cc1ccc(N(c2ccccc2)c2ccccc2)cc1)c1ccc2c(c1)sc1ccccc12,0.9941929,455.8377,0.0909493,0.0909,0.5011764,3.4540,1.0000000,1.0000,[],39
26.4468,56.0055,59.8372,0.9050208,N#CC(C#N)=Cc1ccc(N=Nc2ccc(-c3ccc(N=Nc4ccc(-c5ccc(N(c6ccccc6)c6ccccc6)cc5)cc4)cc3)cc2)cc1C=Cc1ccccc1,1,C(=Cc1cccc(N=Nc2ccc(-c3ccc(N=Nc4ccc(-c5ccc(N(c6ccccc6)c6ccccc6)cc5)cc4)cc3)cc2)c1)c1ccccc1,0.9927567,466.5773,0.0700259,0.0700,0.5188068,3.2811,1.0000000,1.0000,[],39
33.6787,53.2187,51.5096,0.8181900,N#CC(C#N)=Cc1ccc(-c2c(C#N)c(-c3ccc(C=C(C#N)C#N)s3)c(C#N)c(C#N)c2-c2ccc(Cl)cc2)cc1,1,c1ccc(-c2ccc(-c3cccs3)cc2-c2ccccc2)cc1,0.8618770,419.8795,0.2186225,0.2186,0.5006272,3.4595,1.0000000,1.0000,[],39
24.6146,44.9831,56.6886,0.7943103,C(=Cc1ccc(N=Nc2ccccc2)cc1)c1ccc(C=Nc2cccc(N3c4ccccc4C=Cc4ccccc43)c2)cc1,1,C(=Cc1ccc(N=Nc2ccccc2)cc1)c1ccc(C=Nc2cccc(N3c4ccccc4C=Cc4ccccc43)c2)cc1,0.8529774,419.0888,0.1053231,0.1053,0.5574327,2.9221,1.0000000,1.0000,[],39
31.1164,53.9206,63.8243,0.9198827,CCN(CC)c1ccc(C=CC(=O)Nc2ccccc2C=Cc2c(Cl)c(Cl)c(C=C(C#N)C#N)c(Cl)c2Cl)cc1,1,O=C(C=Cc1ccccc1)Nc1ccccc1C=Cc1ccccc1,0.9947224,463.1184,0.1133489,0.1133,0.5177945,3.2909,1.0000000,1.0000,[],39
31.5419,43.9930,30.2461,0.5799927,N#CC(C#N)=Cc1c(-c2ccccc2)nc(-c2ccccc2-n2c3ccccc3c3ccccc32)nc1-c1ccc2ccccc2c1,1,c1ccc(-c2cc(-c3ccc4ccccc4c3)nc(-c3ccccc3-n3c4ccccc4c4ccccc43)n2)cc1,0.6017964,404.4836,0.1844488,0.1844,0.5603457,2.8960,1.0000000,1.0000,[],39
22.0062,39.7150,77.3449,0.9145305,Fc1c(F)c(F)c(N=Nc2ccc(N=Nc3ccccc3)cc2C=Cc2ccccc2)c(F)c1F,1,C(=Cc1cc(N=Nc2ccccc2)ccc1N=Nc1ccccc1)c1ccccc1,0.9958345,460.5371,0.0871487,0.0871,0.5440367,3.0437,1.0000000,1.0000,[],39
34.9516,65.9257,27.2625,0.7280327,CN(c1ccccc1)c1ccc(C=Nc2ccc(C=Cc3ccc(NC(=O)c4cc5ccccc5n(-c5cccc(C=C(C#N)C#N)c5)c4=O)cc3)cc2)cc1,1,O=C(Nc1ccc(C=Cc2ccc(N=Cc3ccc(Nc4ccccc4)cc3)cc2)cc1)c1cc2ccccc2n(-c2ccccc2)c1=O,0.7844850,414.0277,0.0856032,0.0856,0.5200441,3.2692,1.0000000,1.0000,[],39
31.2808,53.4308,63.7952,0.9158277,[C-]#[N+]C(C#N)=Cc1ccc(N(c2ccc(C=CN(c3ccc(C=C(C#N)C#N)cc3)c3ccc(C=C(C#N)C#N)cc3)cc2)c2ccc3c(c2)CCCC3)cc1,1,C(=CN(c1ccccc1)c1ccccc1)c1ccc(N(c2ccccc2)c2ccc3c(c2)CCCC3)cc1,0.9952602,458.0545,0.1036234,0.1036,0.4629265,3.8509,1.0000000,1.0000,[],39
37.5100,63.9966,-13.3612,0.3955890,CCN(CC)c1ccc(C=Cc2ccc3nc(C=C(OC)c4ccccc4)c(C=Cc4ccccc4)nc3c2C=C(C#N)C#N)cc1,1,C(=Cc1ccc2nc(C=Cc3ccccc3)c(C=Cc3ccccc3)nc2c1)c1ccccc1,0.4133940,523.7996,0.0838070,0.0838,0.5011818,3.4539,1.0000000,1.0000,[],39
18.1684,30.3929,58.8292,0.6970478,CCN(CC)c1ccc(C=Cc2cc(N(CC)CC)cc3ccccc23)cc1,1,C(=Cc1cccc2ccccc12)c1ccccc1,0.7107279,409.7599,0.4057896,0.4058,0.6234012,2.3628,1.0000000,1.0000,[],39
19.7130,21.1279,-21.1279,0.0000000,C(#Cc1ccccc1)C=CC=Cc1ccccc1,1,C(#Cc1ccccc1)C=CC=Cc1ccccc1,0.0000000,0.0000,0.0000000,0.0000,0.0000000,0.0000,0.0000000,0.0000,['C#C'],39
20.5102,36.6764,-10.7193,0.2027900,C(=CN(c1ccc(N(c2ccccc2)c2ccccc2)cc1)c1ccc2c(c1)Cc1ccccc1-2)c1ccc(N(c2ccccc2)c2ccccc2)cc1,1,C(=CN(c1ccc(N(c2ccccc2)c2ccccc2)cc1)c1ccc2c(c1)Cc1ccccc1-2)c1ccc(N(c2ccccc2)c2ccccc2)cc1,0.2006991,384.9959,0.1411606,0.1412,0.5712789,2.7994,1.0000000,1.0000,[],39
24.7344,32.3803,-32.3803,0.0000000,COc1ccccc1NNc1ccc(N=Nc2ccc(N=Nc3ccccc3)cc2)cc1,1,c1ccc(N=Nc2ccc(N=Nc3ccc(NNc4ccccc4)cc3)cc2)cc1,0.0000000,0.0000,0.0000000,0.0000,0.0000000,0.0000,0.0000000,0.0000,['[#7;!n][#7;!n]'],39
34.6829,47.1195,43.8028,0.7103301,N#CC(C#N)=Cc1ccc(C=CC(=C(O)c2ccc(-c3ccc4ccccc4c3)cc2)c2ccccc2)o1,1,C(=Cc1ccco1)C(=Cc1ccc(-c2ccc3ccccc3c2)cc1)c1ccccc1,0.7567260,507.6789,0.1117100,0.1117,0.5640081,2.8634,1.0000000,1.0000,[],39
28.0382,46.4113,72.1181,0.9260109,CCN(CC)c1ccc(C=Nc2ccc3nc4cc(O)ccc4c(N=Cc4ccc(N(CC)CC)cc4)c3c2C)cc1,1,C(=Nc1ccc2nc3ccccc3c(N=Cc3ccccc3)c2c1)c1ccccc1,0.9948879,457.2293,0.1379296,0.1379,0.5333917,3.1425,1.0000000,1.0000,[],39
14.1850,31.0771,83.1260,0.8922115,N#CC(C#N)=Cc1ccc(-c2c3ccccc3c(C=C(C#N)C#N)c3ccccc23)cc1,1,c1ccc(-c2c3ccccc3cc3ccccc23)cc1,0.9334780,428.6785,0.2856583,0.2857,0.5750125,2.7668,1.0000000,1.0000,[],39
25.3278,44.0261,75.0557,0.9303264,CC(C)(C)c1cc(-c2ccc(N(c3ccc(C=C(C#N)C#N)cc3)c3ccc(C=C(C#N)C#N)cc3)cc2)cc2ccccc12,1,c1ccc(N(c2ccccc2)c2ccc(-c3ccc4ccccc4c3)cc2)cc1,0.9901126,469.9850,0.1863892,0.1864,0.5384169,3.0956,1.0000000,1.0000,[],39
25.1688,34.9440,-18.5403,0.1281545,CC1=CC(C)(C)Nc2cc(C=C3c4ccccc4C=Cc4ccccc43)ccc21,1,C1=Cc2ccc(C=C3c4ccccc4C=Cc4ccccc43)cc2NC1,0.1200923,378.3770,0.3661559,0.3662,0.5810511,2.7146,1.0000000,1.0000,[],39
30.4725,45.3555,-45.3555,0.0000000,CCN(CC)c1ccc(C=CNc2ccc(C=NNc3ccc4ccccc4c3)cc2[N+](=O)[O-])cc1,1,C(=Cc1ccccc1)Nc1ccc(C=NNc2ccc3ccccc3c2)cc1,0.0000000,0.0000,0.0000000,0.0000,0.0000000,0.0000,0.0000000,0.0000,['[#7;!n][#7;!n]'],39
29.2784,42.5713,-30.7327,0.0924891,N#CC(C#N)=c1c(=O)c(=CC(=CC=Cc2ccccc2)c2ccc(N(c3ccccc3)c3ccccc3)cc2)sc2ccccc12,1,C=c1c(=O)c(=CC(=CC=Cc2ccccc2)c2ccc(N(c3ccccc3)c3ccccc3)cc2)sc2ccccc12,0.0874820,545.4581,0.1702694,0.1703,0.5208040,3.2619,1.0000000,1.0000,[],39
35.1637,54.6675,62.7267,0.9171421,N#CC(C#N)=Cc1ccc(N=Nc2ccc(C=Cc3cc4cccc(C=C(C#N)C#N)c4nc3C=Cc3cccs3)cc2)cc1,1,C(=Cc1cc2ccccc2nc1C=Cc1cccs1)c1ccc(N=Nc2ccccc2)cc1,0.9888362,448.6828,0.1299667,0.1300,0.4815901,3.6533,1.0000000,1.0000,[],40
27.0998,52.0656,20.4404,0.5664534,Cc1c(C#N)c(C=Cc2ccc(N(c3ccccc3)c3ccccc3)c(C=Cc3ccc(N(c4ccccc4)c4ccccc4)cc3)c2)c2nc3ccccc3nc2c1C#N,1,C(=Cc1cc(C=Cc2cccc3nc4ccccc4nc23)ccc1N(c1ccccc1)c1ccccc1)c1ccc(N(c2ccccc2)c2ccccc2)cc1,0.5994818,515.6212,0.1015063,0.1015,0.5059509,3.4066,1.0000000,1.0000,[],40
30.3583,44.3256,61.8746,0.8296891,N#CC(C=Cc1ccc(-c2ccc(N=Cc3ccccc3)c(-c3ccccc3)c2)s1)=Cc1ccccc1,1,C(C=Cc1ccc(-c2ccc(N=Cc3ccccc3)c(-c3ccccc3)c2)s1)=Cc1ccccc1,0.8873339,422.4073,0.1265643,0.1266,0.5730149,2.7842,1.0000000,1.0000,[],40
18.8883,25.4703,-24.8041,0.0052042,O=C=Nc1ccc(-c2ccc(N(c3ccccc3)c3ccccc3)cc2)cc1,1,c1ccc(-c2ccc(N(c3ccccc3)c3ccccc3)cc2)cc1,0.0041405,340.4713,0.2890872,0.2891,0.6553010,2.1133,1.0000000,1.0000,[],40
16.0832,33.5457,82.1898,0.9041832,CN(c1ccc(C=C(C#N)C#N)cc1)c1ccc(N=Nc2ccc(C=C(C#N)C#N)cc2)cc1,1,c1ccc(N=Nc2ccc(Nc3ccccc3)cc2)cc1,0.9452004,489.0813,0.3109592,0.3110,0.5449789,3.0350,1.0000000,1.0000,[],40
22.8497,39.0432,19.6299,0.4583838,N#CC(C#N)=Cc1ccc(S(=O)(=O)c2c(C=C(C#N)C#N)ccc3ccccc23)cc1,1,O=S(=O)(c1ccccc1)c1cccc2ccccc12,0.4534490,397.9724,0.5699640,0.5700,0.5528336,2.9635,1.0000000,1.0000,[],40
32.3545,55.5968,55.2556,0.8660343,CCN(CC)c1ccc(C=Cc2ccc(C=Cc3ccc(N(c4ccc(C=C(C#N)c5ccccc5)cc4)c4ccc(C(C)(C)C)cc4)cc3)c(N=Cc3ccc(N(CC)CC)cc3)c2)cc1,1,C(=Cc1ccc(N(c2ccccc2)c2ccc(C=Cc3ccc(C=Cc4ccccc4)cc3N=Cc3ccccc3)cc2)cc1)c1ccccc1,0.9582800,434.0287,0.0519368,0.0519,0.4815621,3.6536,1.0000000,1.0000,[],40
21.7025,34.4327,31.6337,0.5161438,N#CC(C#N)=Cc1ccc2c(c1)C(c1ccccc1)c1ccccc1C=C2,1,C1=Cc2ccccc2C(c2ccccc2)c2ccccc21,0.5185503,400.8060,0.4326497,0.4326,0.5392181,3.0882,1.0000000,1.0000,[],40
14.7561,30.9082,86.8049,0.9196336,N#CC(C#N)=Cc1ccc(N(c2ccc(C=Cc3ccc(N(c4ccccc4)c4ccccc4)cc3)cc2)c2ccc(C=C(C#N)C#N)cc2)cc1,1,C(=Cc1ccc(N(c2ccccc2)c2ccccc2)cc1)c1ccc(N(c2ccccc2)c2ccccc2)cc1,0.9944233,456.2799,0.1064688,0.1065,0.5692077,2.8175,1.0000000,1.0000,[],40
31.0868,49.8437,-49.8437,0.0000000,N#CC(C#N)=Cc1ccc(C=Cc2ccc(C=Nc3ccccc3C#Cc3ccc(C=Cc4ccc(N=Cc5ccc(N=Nc6ccccc6)cc5)cc4)cc3)cc2)cc1,1,C(#Cc1ccccc1N=Cc1ccc(C=Cc2ccccc2)cc1)c1ccc(C=Cc2ccc(N=Cc3ccc(N=Nc4ccccc4)cc3)cc2)cc1,0.0000000,0.0000,0.0000000,0.0000,0.0000000,0.0000,0.0000000,0.0000,['C#C'],40
26.8778,40.8168,28.2553,0.5396257,CCN(CC)c1ccc(C=CC(=C(c2ccccc2)C2C=Cc3ccccc32)c2ccccc2)cc1,1,C(=Cc1ccccc1)C(=C(c1ccccc1)C1C=Cc2ccccc21)c1ccccc1,0.5584895,402.5518,0.1845641,0.1846,0.5274689,3.1983,1.0000000,1.0000,[],40
20.0613,44.1810,72.7712,0.9136890,N#CC(C#N)=Cc1ccc(N(c2ccc(C=C(C#N)C#N)cc2)c2ccc(-c3ccc(N=Cc4ccc(N(c5ccccc5)c5ccccc5)cc4)cc3)s2)cc1,1,C(=Nc1ccc(-c2ccc(N(c3ccccc3)c3ccccc3)s2)cc1)c1ccc(N(c2ccccc2)c2ccccc2)cc1,0.9934050,454.4478,0.0960432,0.0960,0.5043325,3.4226,1.0000000,1.0000,[],40
32.6707,53.5640,-53.5640,0.0000000,c1c(ccc(N=c2c(C=Cc3ccc(N(CC)CC)cc3)cccc2)c1)C(c1ccc(N2c3ccccc3C=Cc3ccccc23)cc1)=O,0,,0.0000000,0.0000,0.0000000,0.0000,0.0000000,0.0000,0.0000000,0.0000,None,40
27.3281,39.7391,-38.9505,0.0061612,COc1ccc2cc(-c3ccc(N(C)c4ccc5ccccc5c4)cc3)ccc2c1,1,c1ccc2cc(Nc3ccc(-c4ccc5ccccc5c4)cc3)ccc2c1,0.0049295,342.3737,0.3166546,0.3167,0.6673876,2.0219,1.0000000,1.0000,[],40
44.5914,59.0130,51.9316,0.8667551,C=Cc1cc(C(C=CC)=C(N)C=Cc2ccc(N(c3ccccc3)c3ccc(OC)cc3)cc2)c(C=C)s1,1,C(C=Cc1ccsc1)=Cc1ccc(N(c2ccccc2)c2ccccc2)cc1,0.9160492,425.9474,0.2133310,0.2133,0.5129729,3.3377,1.0000000,1.0000,[],40
31.1635,50.5336,38.8554,0.6983515,C1=Cc2ccccc2N=CC1=C(Cc1ccc(N2c3ccccc3C=Cc3ccccc32)cc1)c1cccs1,1,C1=Cc2ccccc2N=CC1=C(Cc1ccc(N2c3ccccc3C=Cc3ccccc32)cc1)c1cccs1,0.7276079,410.6676,0.2266192,0.2266,0.5378139,3.1012,1.0000000,1.0000,[],40
37.1811,63.8485,-63.8485,0.0000000,Cc1c2n(c3c(c2ccc1)cccc3)C=Cc1ccc(N=c2c(cccc2)C=C(C)C=C(C#N)C#N)cc1,0,,0.0000000,0.0000,0.0000000,0.0000,0.0000000,0.0000,0.0000000,0.0000,None,40
47.7089,77.9395,36.6246,0.8950319,CCN(CC)c1ccc(C=Cc2ccc(C(=O)C=Cc3ccc4ccccc4c3)cc2C=Cc2c(C=C(C#N)C#N)ccc3c2C=CN(S(=O)(=O)c2ccccc2)C=C3)cc1,1,O=C(C=Cc1ccc2ccccc2c1)c1ccc(C=Cc2ccccc2)c(C=Cc2cccc3c2C=CN(S(=O)(=O)c2ccccc2)C=C3)c1,0.9945512,463.4667,0.0497434,0.0497,0.4565953,3.9198,1.0000000,1.0000,[],40
37.2473,43.1606,67.5274,0.8647503,NC1=CC=CN(C=Cc2ccc(N=O)cc2Cl)C1,1,C1=CCN(C=Cc2ccccc2)C=C1,0.8762754,498.7454,0.8488056,0.8488,0.4741275,3.7314,1.0000000,1.0000,[],40
22.8307,42.1080,69.6625,0.8732068,N#CC(C#N)=Cc1ccc(N=Nc2ccc(N=Nc3ccc(N=Nc4ccc(N=Cc5ccc(N(c6ccccc6)c6ccccc6)cc5)cc4)cc3)cc2)cc1,1,C(=Nc1ccc(N=Nc2ccc(N=Nc3ccc(N=Nc4ccccc4)cc3)cc2)cc1)c1ccc(N(c2ccccc2)c2ccccc2)cc1,0.9560715,486.5564,0.0700684,0.0701,0.5179391,3.2895,1.0000000,1.0000,[],40
20.6278,36.3348,86.3955,0.9588302,N#CC(C#N)=Cc1ccc(N2c3ccccc3C=Cc3ccccc32)cc1O,1,C1=Cc2ccccc2N(c2ccccc2)c2ccccc21,0.9920904,452.4599,0.4596685,0.4597,0.5717874,2.7949,1.0000000,1.0000,[],40
31.0730,52.4607,-52.4607,0.0000000,N(c1ccc(cc1)C=Cc1oc(C=Cc2ccc(N=Cc3ccc(cc3)N(CC)CC)cc2)cc1)(=Cc1ccc(N(c2ccccc2)c2ccccc2)cc1)C,0,,0.0000000,0.0000,0.0000000,0.0000,0.0000000,0.0000,0.0000000,0.0000,None,40
28.2482,48.2139,32.4818,0.6304353,N#CC(C#N)=Cc1c2ccccc2c(-c2cccc3cc(C=Cc4ccccc4)ccc23)c2ccccc12,1,C(=Cc1ccc2c(-c3c4ccccc4cc4ccccc34)cccc2c1)c1ccccc1,0.6616513,407.2816,0.1426803,0.1427,0.5896507,2.6411,1.0000000,1.0000,[],40
28.4337,47.3486,49.5078,0.7566907,CN1C(=CC(C#N)=Cc2ccc(-c3ccc(N(c4ccc(C=C(C#N)C#N)cc4)c4ccc5ccccc5c4)cc3)s2)C(C)(C)c2ccccc21,1,C(=Cc1ccc(-c2ccc(N(c3ccccc3)c3ccc4ccccc4c3)cc2)s1)C=C1Cc2ccccc2N1,0.8020935,504.8059,0.1573874,0.1574,0.5009311,3.4564,1.0000000,1.0000,[],40
20.7789,34.9911,-34.9911,0.0000000,c1ccc2c(C=Cc3ccc(C=C(C#N)C#N)cc3)c3ccccc3c2c1,0,,0.0000000,0.0000,0.0000000,0.0000,0.0000000,0.0000,0.0000000,0.0000,None,40
43.1718,64.1294,51.8967,0.9064536,CCN(CC)c1ccc(C=Cc2cc(C=C(C#N)C#N)cc(C=Nc3ccc4c(c3)CC(NC(C)=O)CC4)c2Nc2ccccc2)cc1,1,C(=Cc1cccc(C=Nc2ccc3c(c2)CCCC3)c1Nc1ccccc1)c1ccccc1,0.9863378,446.4627,0.0978741,0.0979,0.4624413,3.8562,1.0000000,1.0000,[],40
20.4911,44.1079,72.5758,0.9115916,N#CC(C#N)=Cc1ccc(OC=Cc2ccc(N(c3ccc(C=C(C#N)C#N)cc3)c3ccc(C=C(C#N)c4ccccc4)cc3)cc2)cc1,1,C(=Cc1ccc(N(c2ccccc2)c2ccc(C=Cc3ccccc3)cc2)cc1)Oc1ccccc1,0.9946260,456.6842,0.0840922,0.0841,0.5176541,3.2922,1.0000000,1.0000,[],40
41.2361,53.8528,-53.8528,0.0000000,CCN(CC)c1ccc(C=Nc2ccc(C(=NCc3ccc(CC(=O)O)cc3)c3ccc(N=Cc4ccccc4N)cc3)cc2)cc1,1,C(=Nc1ccc(C(=NCc2ccccc2)c2ccc(N=Cc3ccccc3)cc2)cc1)c1ccccc1,0.0000000,0.0000,0.0000000,0.0000,0.0000000,0.0000,0.0000000,0.0000,"['C(=[O,S])[O,S]']",40
34.2212,51.3650,64.7247,0.9069511,N#CC(C#N)=Cc1ccc(-c2ccc(-c3ccc(-c4ccc(-c5ccc(C=C(C#N)c6ccc(N(c7ccccc7)c7ccccc7)cc6)cc5)cc4C=C(C#N)C#N)s3)cc2)o1,1,C(=Cc1ccc(N(c2ccccc2)c2ccccc2)cc1)c1ccc(-c2ccc(-c3ccc(-c4ccc(-c5ccco5)cc4)s3)cc2)cc1,0.9876558,447.5786,0.0935342,0.0935,0.4774984,3.6960,1.0000000,1.0000,[],40
20.2670,36.2478,34.7382,0.5545781,CCN(CC)c1ccc(C=CC=C(C=Cc2ccc(N(CC)CC)cc2)C=Cc2ccc([N+](=O)[O-])cc2)cc1,1,C(=Cc1ccccc1)C=C(C=Cc1ccccc1)C=Cc1ccccc1,0.5808581,516.4573,0.1282622,0.1283,0.5529167,2.9627,1.0000000,1.0000,[],40
30.8635,45.2718,73.1636,0.9252763,N#CC(C#N)=Cc1ccc(N=Cc2ccc(N(c3ccccc3)c3ccc(C=Cc4cccs4)cc3)c3ccccc23)cc1,1,C(=Cc1cccs1)c1ccc(N(c2ccccc2)c2ccc(C=Nc3ccccc3)c3ccccc23)cc1,0.9948506,457.1499,0.1324312,0.1324,0.5458678,3.0269,1.0000000,1.0000,[],40
26.9397,29.8376,10.2000,0.3127939,CN(C)c1ccc2cc3c(cc2c1)C=CCO3,1,C1=Cc2cc3ccccc3cc2OC1,0.3003700,390.8197,0.7379094,0.7379,0.5918715,2.6223,1.0000000,1.0000,[],40
27.5485,50.2530,65.4645,0.9040433,N#CC(C#N)=Cc1ccc(N(c2ccc(C=Cc3ccc(N(c4ccccc4)c4ccccc4)cc3)cc2)c2ccc(C=Nn3cnc4ccccc4c3=O)cc2)cc1,1,O=c1c2ccccc2ncn1N=Cc1ccc(N(c2ccccc2)c2ccc(C=Cc3ccc(N(c4ccccc4)c4ccccc4)cc3)cc2)cc1,0.9899863,449.8759,0.0738691,0.0739,0.5180601,3.2883,1.0000000,1.0000,[],40
27.5069,48.3278,72.6847,0.9454102,CCN(CC)c1ccc(C=Cc2cc(-c3ccc(C=C(C#N)C#N)cc3OC)nc(N(C)C)n2)cc1,1,C(=Cc1cc(-c2ccccc2)ncn1)c1ccccc1,0.9853949,445.7276,0.3663351,0.3663,0.5479069,3.0082,1.0000000,1.0000,[],40
20.2030,36.3657,-36.3657,0.0000000,c12sc3cc(ccc3c(c1cccc2)=N)=Cc1ccc(N(CC)CC)cc1,0,,0.0000000,0.0000,0.0000000,0.0000,0.0000000,0.0000,0.0000000,0.0000,None,40
29.7916,43.6308,30.2858,0.5774731,N#Cc1c(-c2ccccc2)nc(-c2ccccc2)nc1-c1ccc(N=Cc2ccc(N(c3ccccc3)c3ccccc3)cc2)nc1,1,C(=Nc1ccc(-c2cc(-c3ccccc3)nc(-c3ccccc3)n2)cn1)c1ccc(N(c2ccccc2)c2ccccc2)cc1,0.6014974,404.4701,0.1613561,0.1614,0.5640408,2.8631,1.0000000,1.0000,[],40
28.8828,44.8070,69.4431,0.8925791,N#CC(C#N)=Cc1ccc(N(c2ccc(N(c3ccccc3)c3ccc(C=C4C(=O)c5ccccc5C4=O)cc3)cc2)c2ccc(C=C(C#N)C#N)c3ccccc23)cc1,1,O=C1C(=Cc2ccc(N(c3ccccc3)c3ccc(N(c4ccccc4)c4cccc5ccccc45)cc3)cc2)C(=O)c2ccccc21,0.9747750,480.3232,0.0803620,0.0804,0.5032685,3.4332,1.0000000,1.0000,[],40
31.7778,39.2833,6.2480,0.3557128,ClC1=C(C=Cc2ccc(N=Cc3ccc(Cl)cc3)cc2)Cc2ccccc21,1,C(=Cc1ccc(N=Cc2ccccc2)cc1)C1=Cc2ccccc2C1,0.3500953,393.2834,0.4143022,0.4143,0.6027697,2.5311,1.0000000,1.0000,[],40
25.2971,38.2875,9.1165,0.3703439,CCN(CC)c1ccc(C=CC(Cc2ccccc2)=C2C(=O)c3ccccc3C2=O)cc1,1,O=C1C(=C(C=Cc2ccccc2)Cc2ccccc2)C(=O)c2ccccc21,0.3675771,525.8915,0.3383979,0.3384,0.6054383,2.5090,1.0000000,1.0000,[],40
39.0647,44.7894,75.5803,0.9403887,CCN(CC)c1ccc(C=CC=Cc2ccc(N=Cc3c(O)n(C)c(=O)n(C)c3=O)cc2)c(C)c1,1,O=c1[nH]cc(C=Nc2ccc(C=CC=Cc3ccccc3)cc2)c(=O)[nH]1,0.9782834,441.3418,0.3887749,0.3888,0.5416890,3.0653,1.0000000,1.0000,[],40
16.3395,37.4601,80.2713,0.9197770,CCN(CC)c1ccc(C=Nc2ccc(C=C3C=Cc4ccccc4N=C3)cc2)cc1,1,C1=Cc2ccccc2N=CC1=Cc1ccc(N=Cc2ccccc2)cc1,0.9539235,432.9008,0.4021063,0.4021,0.5632786,2.8699,1.0000000,1.0000,[],40
25.4294,43.7174,-40.2925,0.0267574,CCN(CC)c1ccc(C=c2c(C#N)nc(=Cc3ccc(C=C(C#N)C#N)cc3)[nH]c2=O)cc1,1,O=c1[nH]c(=Cc2ccccc2)ncc1=Cc1ccccc1,0.0228174,560.7927,0.5812036,0.5812,0.5105330,3.3615,1.0000000,1.0000,[],40
25.8574,29.5491,-26.7999,0.0214786,COCCCn1c(=O)ccc2ccc3ccccc3c21,1,O=c1ccc2ccc3ccccc3c2[nH]1,0.0180529,356.6115,0.5367333,0.5367,0.6603410,2.0750,1.0000000,1.0000,[],40
25.8774,45.4881,-18.9348,0.2074478,O=Cc1ccc(-c2ccccc2)nc1C=Cc1ccc(N=Cc2ccc3ccccc3c2)cc1,1,C(=Cc1cccc(-c2ccccc2)n1)c1ccc(N=Cc2ccc3ccccc3c2)cc1,0.2030432,385.1538,0.2019188,0.2019,0.5987284,2.5647,1.0000000,1.0000,[],40
23.3132,46.8871,67.1169,0.8906567,N#CC(C#N)=Cc1ncc(-c2ccc(N(c3ccccc3)c3ccccc3)cc2)c2ccc(N3CCCCC3)cc12,1,c1ccc(N(c2ccccc2)c2ccc(-c3cncc4cc(N5CCCCC5)ccc34)cc2)cc1,0.9419016,489.7540,0.2048610,0.2049,0.5663256,2.8429,1.0000000,1.0000,[],40
27.6531,50.7467,55.5556,0.8304868,CCN(c1ccccc1)c1ccc(C=Nc2ccc(C=Cc3cc(Nc4ccccc4)ccc3N=Nc3ccc(C=C(C#N)C#N)cc3)cc2)cc1,1,C(=Cc1cc(Nc2ccccc2)ccc1N=Nc1ccccc1)c1ccc(N=Cc2ccc(Nc3ccccc3)cc2)cc1,0.9113989,494.6933,0.0604421,0.0604,0.5110624,3.3563,1.0000000,1.0000,[],40
16.0475,35.0329,82.1293,0.9153292,CN(c1ccc(C=Cc2ccc(N(c3ccccc3)c3ccc(C=C(C#N)C#N)cc3)cc2)cc1)c1ccc(C=C(C#N)C#N)cc1,1,C(=Cc1ccc(N(c2ccccc2)c2ccccc2)cc1)c1ccc(Nc2ccccc2)cc1,0.9856321,445.9081,0.1225409,0.1225,0.5558891,2.9359,1.0000000,1.0000,[],40
19.9564,44.3918,54.1085,0.7695337,N#CC(C#N)=Cc1cccc(-n2c3ccc(C=Cc4ccc(N(c5ccccc5)c5ccccc5)cc4)cc3c3cc(C=C(C#N)C#N)ccc32)c1,1,C(=Cc1ccc2c(c1)c1ccccc1n2-c1ccccc1)c1ccc(N(c2ccccc2)c2ccccc2)cc1,0.8229055,416.6786,0.1187485,0.1187,0.5251901,3.2200,1.0000000,1.0000,[],40
49.5711,66.2400,52.3611,0.9265716,CCn1c(C=Cc2ccc(N(C)C)cc2)cc(=O)c2cc3c(cc21)C(=O)c1sc(-c2ccc(C=C(C#N)C#N)cc2)cc1C3C#N,1,O=C1c2cc3[nH]c(C=Cc4ccccc4)cc(=O)c3cc2Cc2cc(-c3ccccc3)sc21,0.9908062,469.1877,0.1812048,0.1812,0.4438448,4.0614,1.0000000,1.0000,[],40
36.2448,65.4909,34.4920,0.7811163,CCN(CC)c1ccc(C=Cc2ccc(C(=O)CC=Cc3ccc(C=Cc4ccc(N(CC)CC)cc4)c(N=Nc4ccc(C(=O)C=Cc5ccccc5)cc4)c3)cc2)cc1,1,O=C(C=Cc1ccccc1)c1ccc(N=Nc2cc(C=CCC(=O)c3ccc(C=Cc4ccccc4)cc3)ccc2C=Cc2ccccc2)cc1,0.8696468,499.3945,0.0354030,0.0354,0.4936702,3.5294,1.0000000,1.0000,[],40
16.2850,34.4787,85.4583,0.9370077,N#CC(C#N)=Cc1ccc(N(c2ccc(C=C(C#N)C#N)cc2)c2ccc(-c3ccc(C=C(C#N)C#N)o3)cc2)cc1,1,c1ccc(N(c2ccccc2)c2ccc(-c3ccco3)cc2)cc1,0.9934612,465.4587,0.2158087,0.2158,0.5264853,3.2077,1.0000000,1.0000,[],40
23.3031,41.6817,74.0831,0.9044128,CCN(CC)c1ccc(C=Cc2ccc(C=Nc3nc4ccccc4nc3C=Cc3ccc(N(CC)CC)cc3)cc2)cc1,1,C(=Cc1ccc(C=Nc2nc3ccccc3nc2C=Cc2ccccc2)cc1)c1ccccc1,0.9768307,479.3773,0.1090868,0.1091,0.5562354,2.9328,1.0000000,1.0000,[],40
25.8015,39.0199,80.6631,0.9350234,CCN(CC)c1ccc(C=CC(O)=Cc2ccc([N+](=O)[O-])cc2OC)cc1,1,C(C=Cc1ccccc1)=Cc1ccccc1,0.9778534,478.8758,0.3049043,0.3049,0.5982388,2.5688,1.0000000,1.0000,[],40
30.8326,46.2892,51.4983,0.7639647,N#Cc1nc(-c2ccccc2)c(C=Cc2ccccc2)nc1-c1ccc(N=Nc2ccc(-c3ccccc3)cc2)cc1,1,C(=Cc1nc(-c2ccc(N=Nc3ccc(-c4ccccc4)cc3)cc2)cnc1-c1ccccc1)c1ccccc1,0.8030701,415.2610,0.1894646,0.1895,0.5775424,2.7449,1.0000000,1.0000,[],40
28.2867,42.9603,-32.7258,0.0799567,CC(=Cc1nc(C=C(C#N)c2ccccc2)c(-c2ccccc2)s1)c1ccccc1,1,C(=Cc1nc(C=Cc2ccccc2)c(-c2ccccc2)s1)c1ccccc1,0.0733566,372.4632,0.3241839,0.3242,0.5864128,2.6687,1.0000000,1.0000,[],40
35.8189,45.7904,75.6802,0.9489890,N#CC(C#N)=CN=NS(=O)(=O)c1ccc2ccccc2c1C#N,1,c1ccc2ccccc2c1,0.9736812,439.2038,0.6332487,0.6332,0.5139251,3.3284,1.0000000,1.0000,[],40
27.4764,43.5556,74.2061,0.9200131,N#CC(=Cc1cccnc1)c1nc(-c2ccc(N=Nc3ccc(N(c4ccccc4)c4ccccc4)cc3)cc2)cs1,1,C(=Cc1nc(-c2ccc(N=Nc3ccc(N(c4ccccc4)c4ccccc4)cc3)cc2)cs1)c1cccnc1,0.9870883,447.0843,0.1370205,0.1370,0.5657363,2.8481,1.0000000,1.0000,[],40
34.9482,50.4623,-50.4623,0.0000000,C(#Cc1ccc(-c2ccc3c(c2)c2c(c4ccccc43)C=C2C=Cc2ccc(N(c3ccccc3)c3ccccc3)cc2)cc1)c1ccccc1,1,C(#Cc1ccc(-c2ccc3c(c2)c2c(c4ccccc43)C=C2C=Cc2ccc(N(c3ccccc3)c3ccccc3)cc2)cc1)c1ccccc1,0.0000000,0.0000,0.0000000,0.0000,0.0000000,0.0000,0.0000000,0.0000,['C#C'],40
22.8879,28.6687,57.1285,0.6702902,CCN(CC)c1ccc(-c2ccc(C=C3C(=O)NC(=S)NC3=O)cc2)cc1,1,O=C1NC(=S)NC(=O)C1=Cc1ccc(-c2ccccc2)cc1,0.6786318,511.8842,0.4760717,0.4761,0.6223162,2.3715,1.0000000,1.0000,[],40
35.8189,58.5940,59.5074,0.9226677,CCN(CC)c1ccc(C=C(C#N)C#N)c(N=C2Cc3cc(N(c4ccccc4)c4ccccc4)ccc3C=C2C=Cc2ccccc2)c1,1,C(=Cc1ccccc1)C1=Cc2ccc(N(c3ccccc3)c3ccccc3)cc2CC1=Nc1ccccc1,0.9913700,468.4944,0.1432388,0.1432,0.4977098,3.4887,1.0000000,1.0000,[],40
32.2443,58.7456,51.5273,0.8615070,[C-]#[N+]c1c(C=C(C#N)C#N)cc(N=Cc2ccc(N(c3ccccc3)c3ccccc3)cc2)cc1-c1cc(C)c(C=C(C#N)C#N)s1,1,C(=Nc1cccc(-c2cccs2)c1)c1ccc(N(c2ccccc2)c2ccccc2)cc1,0.9346426,428.8838,0.0970874,0.0971,0.4748247,3.7240,1.0000000,1.0000,[],40
27.5158,55.3022,58.1488,0.8863364,N#CC(C#N)=Cc1ccc(N(c2ccc(C=Cc3ccc(N(c4ccccc4)c4ccccc4)cc3)cc2)c2cc([N+](=O)[O-])cc(C=C(C#N)C#N)c2-c2ccc(C=C(C#N)C#N)s2)cc1,1,C(=Cc1ccc(N(c2ccccc2)c2ccccc2-c2cccs2)cc1)c1ccc(N(c2ccccc2)c2ccccc2)cc1,0.9867434,473.2057,0.0465732,0.0466,0.4498048,3.9947,1.0000000,1.0000,[],40
38.7633,56.1351,-56.1351,0.0000000,C=C(N=Nc1cc(Cl)c(C=Cc2ccc(N=Cc3ccc(N(CC)CC)cc3)cc2)cc1SC)C(=O)OC,1,C(=Cc1ccc(N=Cc2ccccc2)cc1)c1ccccc1,0.0000000,0.0000,0.0000000,0.0000,0.0000000,0.0000,0.0000000,0.0000,"['C(=[O,S])[O,S]']",40
10.1192,26.2255,96.5909,0.9595032,N#CC(C#N)=Cc1ccc(N(c2ccccc2)c2ccc(C=C(C#N)C#N)cc2)cc1,1,c1ccc(N(c2ccccc2)c2ccccc2)cc1,0.9902225,469.8624,0.4903937,0.4904,0.5877552,2.6572,1.0000000,1.0000,[],40
45.7652,69.0040,28.6843,0.7631898,CN(CCOc1ccc(C=CC=Cc2ccc(N(c3ccccc3)c3ccccc3)cc2)cc1)C(=O)C1C=CC(=C2C=Cc3ccccc3C=C2)C(C=Cc2ccccc2)=C1,1,O=C(NCCOc1ccc(C=CC=Cc2ccc(N(c3ccccc3)c3ccccc3)cc2)cc1)C1C=CC(=C2C=Cc3ccccc3C=C2)C(C=Cc2ccccc2)=C1,0.8210604,416.5417,0.1092254,0.1092,0.4378499,4.1294,1.0000000,1.0000,[],41
46.6007,49.4545,65.7753,0.9002324,CCc1ccc(-c2ccc3c(c2)C(=O)c2cc(-c4cccc(N)c4OC)ccc2C3=O)cc1,1,O=C1c2ccc(-c3ccccc3)cc2C(=O)c2cc(-c3ccccc3)ccc21,0.9340733,428.7830,0.3557141,0.3557,0.6280394,2.3258,1.0000000,1.0000,[],41
25.0864,35.2288,-35.0550,0.0013576,CCn1c2ccccc2c2cc(-c3cccc4ccccc34)ccc21,1,c1ccc2c(-c3ccc4[nH]c5ccccc5c4c3)cccc2c1,0.0009997,325.0080,0.3435083,0.3435,0.6930634,1.8332,1.0000000,1.0000,[],41
25.8640,24.3724,-24.3125,0.0004683,NC(=Nc1ccccc1)c1nn[nH]n1,1,C(=Nc1ccccc1)c1nn[nH]n1,0.0003230,312.7334,0.5210152,0.5210,0.5818024,2.7081,1.0000000,1.0000,[],41
31.0967,54.6157,55.3409,0.8590360,CC(C)Nc1ccc(C=C(C#N)c2cc(C=Cc3ccc(N=Cc4ccc(N(c5ccccc5)c5ccccc5)cc4)cc3)c3ccccc3n2)cc1,1,C(=Cc1cc(C=Cc2ccc(N=Cc3ccc(N(c4ccccc4)c4ccccc4)cc3)cc2)c2ccccc2n1)c1ccccc1,0.9263102,427.4837,0.1087135,0.1087,0.5311407,3.1636,1.0000000,1.0000,[],41
36.9991,51.5313,67.6524,0.9311230,CCN(CC)c1ccc(C=Nc2ccc(N=CC3=CC4OC3c3ccc(C=C(C#N)C#N)cc34)cc2)cc1,1,C(=Nc1ccc(N=Cc2ccccc2)cc1)C1=CC2OC1c1ccccc12,0.9900418,449.9368,0.2438820,0.2439,0.3767386,4.8810,1.0000000,1.0000,[],41
20.1950,33.7435,-30.2991,0.0269094,CCN(CC)c1ccc(C=CC2=C(c3ccccc3)C(=O)c3cc(N(CC)CC)ccc32)cc1,1,O=C1C(c2ccccc2)=C(C=Cc2ccccc2)c2ccccc21,0.0232691,560.5749,0.3443293,0.3443,0.5857726,2.6741,1.0000000,1.0000,[],41
28.4898,51.9713,61.6382,0.8875739,CCN1c2ccc(Cl)cc2C(C)(C)c2cc(C=Cc3ccc(N=Nc4ccc(C=C(C#N)C#N)cc4)cc3)ccc21,1,C(=Cc1ccc2c(c1)Cc1ccccc1N2)c1ccc(N=Nc2ccccc2)cc1,0.9518391,487.6033,0.1352754,0.1353,0.5390509,3.0897,1.0000000,1.0000,[],41
24.4875,35.4076,83.4621,0.9286702,CCCCCCCCN(c1ccc(-c2ccc(C=C(C#N)C#N)cc2)cc1)c1cccc2ccccc12,1,c1ccc(-c2ccc(Nc3cccc4ccccc34)cc2)cc1,0.9913456,451.4747,0.1576093,0.1576,0.5970520,2.5788,1.0000000,1.0000,[],41
44.3713,60.5353,52.5574,0.8835370,CC(=C=O)CN(c1ccc(C=C(C#N)C#N)cc1)c1ccc2c(O)c3ccccc3c(=O)cc2c1,1,O=c1cc2cc(Nc3ccccc3)ccc2cc2ccccc12,0.9224882,493.1102,0.3175110,0.3175,0.5283969,3.1895,1.0000000,1.0000,[],41
39.0605,58.2070,-58.2070,0.0000000,[C-]#[N+]C(=Cc1ccc(N(c2ccc(C=C(C#N)C#N)cc2)c2ccc(-c3ccc4c(c3)C(=C(C#N)C#N)c3ccccc3N4CC)cc2)cc1)C(=O)OC,1,C=C1c2ccccc2Nc2ccc(-c3ccc(N(c4ccccc4)c4ccccc4)cc3)cc21,0.0000000,0.0000,0.0000000,0.0000,0.0000000,0.0000,0.0000000,0.0000,"['C(=[O,S])[O,S]']",41
25.1747,44.9314,53.3380,0.7677299,CCN(CC)c1ccc(C=Cc2ccc(C=Nc3ccc(-c4cc(C=Cc5ccccc5)c(C=C(C#N)C#N)o4)cc3)cc2)cc1,1,C(=Cc1ccc(C=Nc2ccc(-c3cc(C=Cc4ccccc4)co3)cc2)cc1)c1ccccc1,0.8293326,502.8355,0.0860906,0.0861,0.5228463,3.2423,1.0000000,1.0000,[],41
17.9189,34.3307,-34.3307,0.0000000,N#CC(C#N)=Cc1ccc(N=Nc2ccc(N=Nc3ccc(CC(=O)O)cc3)cc2)cc1,1,c1ccc(N=Nc2ccc(N=Nc3ccccc3)cc2)cc1,0.0000000,0.0000,0.0000000,0.0000,0.0000000,0.0000,0.0000000,0.0000,"['C(=[O,S])[O,S]']",41
31.0203,55.6889,57.4865,0.8841825,CC1(c2ccc(N=Nc3ccc(C=C(C#N)C#N)cc3)c(-c3ccccc3)c2)C=CN(c2ccc(C=C(C#N)C#N)cc2)CC1,1,C1=CN(c2ccccc2)CCC1c1ccc(N=Nc2ccccc2)c(-c2ccccc2)c1,0.9471167,488.6729,0.1588533,0.1589,0.4430324,4.0706,1.0000000,1.0000,[],41
29.8036,47.1676,71.2970,0.9255050,N#CC(C#N)=Cc1ccc(N(c2ccc(C=Cc3ccccc3)cc2)c2ccc(C=C3OC=Cc4ccccc43)cc2)cc1,1,C1=Cc2ccccc2C(=Cc2ccc(N(c3ccccc3)c3ccc(C=Cc4ccccc4)cc3)cc2)O1,0.9925660,453.1384,0.1454786,0.1455,0.5353890,3.1238,1.0000000,1.0000,[],41
17.3105,37.1200,78.2404,0.9012535,N#CC(C#N)=CC(=Cc1ccc(N(c2ccc(C=C(C#N)C#N)cc2)c2ccc(-c3ccc(C=C(C#N)C#N)cc3)cc2)cc1)c1ccccc1,1,C(=Cc1ccc(N(c2ccccc2)c2ccc(-c3ccccc3)cc2)cc1)c1ccccc1,0.9814082,476.9368,0.0874934,0.0875,0.5206242,3.2636,1.0000000,1.0000,[],41
31.0535,26.6123,-22.1550,0.0348227,O=C(c1ccc2c(c1)CCCN2)c1c(Cl)cccc1Cl,1,O=C(c1ccccc1)c1ccc2c(c1)CCCN2,0.0296340,362.1214,0.8226870,0.8227,0.6460158,2.1847,1.0000000,1.0000,[],41
32.3415,55.7235,-49.5184,0.0484771,N#CC(C#N)=Cc1ccc(-c2c(C=Cc3ccccc3)cc(NC(=O)c3ccccc3)c(-c3ccccc3)c2C=Cc2ccccc2)cc1,1,O=C(Nc1cc(C=Cc2ccccc2)c(-c2ccccc2)c(C=Cc2ccccc2)c1-c1ccccc1)c1ccccc1,0.0446763,366.7482,0.1276645,0.1277,0.5483541,3.0042,1.0000000,1.0000,[],41
28.1854,38.9089,74.8347,0.8886220,CCN(CC)c1ccc(C=Cc2cc(S(=O)(=O)N3CCCCC3)ccc2C#N)cc1,1,O=S(=O)(c1cccc(C=Cc2ccccc2)c1)N1CCCCC1,0.9066719,424.6859,0.6030183,0.6030,0.6116108,2.4583,1.0000000,1.0000,[],41
30.1510,47.7324,69.3151,0.9144333,CCN(CC)c1ccc(C=Cc2ccc(N=Nc3ccc(C=CC(=O)Nc4ccc(CN5CCN(C)CC5)cc4)cc3)cc2)cc1,1,O=C(C=Cc1ccc(N=Nc2ccc(C=Cc3ccccc3)cc2)cc1)Nc1ccc(CN2CCNCC2)cc1,0.9907840,469.2140,0.0989785,0.0990,0.5692302,2.8174,1.0000000,1.0000,[],41
34.1012,49.5491,69.0430,0.9265009,N#CC(C#N)=Cc1cccc(N(c2ccc(F)cc2)c2ccc(-c3cccnc3)cc2)c1C=C(C#N)C#N,1,c1ccc(N(c2ccccc2)c2ccc(-c3cccnc3)cc2)cc1,0.9752756,480.1000,0.2627466,0.2627,0.5363363,3.1150,1.0000000,1.0000,[],41
41.9993,50.0155,-49.7640,0.0019653,Cc1nnc(-c2ccc(S(=O)(=O)c3ccc(NC(=O)CC(=Cc4ccccc4)c4ccccc4)cc3)cc2)s1,1,O=C(CC(=Cc1ccccc1)c1ccccc1)Nc1ccc(S(=O)(=O)c2ccc(-c3nncs3)cc2)cc1,0.0015027,329.4378,0.2116225,0.2116,0.6049426,2.5131,1.0000000,1.0000,[],41
35.2519,57.4121,54.5999,0.8750939,CCN(CC)c1ccc(C(=C(c2ccc(C=C(C#N)C#N)cc2)c2ccc(N(c3ccccc3)c3ccccc3C=C(C#N)c3ccc(N(c4ccccc4)c4ccccc4)cc3)cc2)c2ccc(N(CC)CC)cc2)cc1,1,C(=Cc1ccccc1N(c1ccccc1)c1ccc(C(=C(c2ccccc2)c2ccccc2)c2ccccc2)cc1)c1ccc(N(c2ccccc2)c2ccccc2)cc1,0.9653881,436.1369,0.0589185,0.0589,0.4720791,3.7530,1.0000000,1.0000,[],41
39.2118,51.3317,60.4125,0.8730017,C(=Cc1ccc(-c2ccc(-c3ccc(N(c4ccccc4)c4ccccc4)cc3)cc2)cc1)N=C(C=Cc1ccc(N(c2ccccc2)c2ccccc2)cc1)c1ccc(-c2cccs2)cc1,1,C(=Cc1ccc(-c2ccc(-c3ccc(N(c4ccccc4)c4ccccc4)cc3)cc2)cc1)N=C(C=Cc1ccc(N(c2ccccc2)c2ccccc2)cc1)c1ccc(-c2cccs2)cc1,0.9442914,430.7296,0.1013782,0.1014,0.5300333,3.1741,1.0000000,1.0000,[],41
34.4206,45.1921,71.5212,0.9118232,CC(c1ccccc1)c1ccc(C(=O)c2ccc(N=Nc3ccc(N=C(C#N)C#N)cc3)cc2)cc1,1,O=C(c1ccc(Cc2ccccc2)cc1)c1ccc(N=Nc2ccccc2)cc1,0.9750201,480.2144,0.1587109,0.1587,0.5205696,3.2642,1.0000000,1.0000,[],41
38.0878,57.3400,60.8997,0.9237474,CCN(CC)c1ccc(C=Cc2ccc(-c3ccc(-c4sc5c(c4C#N)N(c4ccccc4C#N)c4ccccc4C=C5)s3)cc2)cc1,1,C(=Cc1ccc(-c2ccc(-c3cc4c(s3)C=Cc3ccccc3N4c3ccccc3)s2)cc1)c1ccccc1,0.9900595,449.9563,0.1527651,0.1528,0.5101688,3.3651,1.0000000,1.0000,[],41
29.8649,58.7177,52.9483,0.8723906,N#CC(C#N)=Cc1cccc(N=Nc2ccc(C=Nc3ccc(C=Cc4ccc(N=Nc5ccc(N=Nc6ccccc6)cc5C=C(C#N)C#N)cc4)cc3)cc2)c1,1,C(=Cc1ccc(N=Nc2ccc(N=Nc3ccccc3)cc2)cc1)c1ccc(N=Cc2ccc(N=Nc3ccccc3)cc2)cc1,0.9661323,483.6187,0.0522484,0.0522,0.4668760,3.8085,1.0000000,1.0000,[],41
27.1186,39.6360,81.6136,0.9472622,CCN(CC)c1ccc(OCC=C(C)C)c(-c2ccc(C=C(C#N)C#N)cc2)c1,1,c1ccc(-c2ccccc2)cc1,0.9823433,476.3661,0.4144268,0.4144,0.5818793,2.7075,1.0000000,1.0000,[],41
31.4790,53.1955,63.3366,0.9104072,N#CC(C#N)=Cc1ccc(N2c3ccccc3C=Cc3ccc(-c4ccc(N=Cc5ccc(N(c6ccccc6)c6ccccc6)cc5)cc4-c4ccccc4)cc32)cc1,1,C1=Cc2ccc(-c3ccc(N=Cc4ccc(N(c5ccccc5)c5ccccc5)cc4)cc3-c3ccccc3)cc2N(c2ccccc2)c2ccccc21,0.9859113,446.1241,0.1083408,0.1083,0.5038472,3.4274,1.0000000,1.0000,[],41
50.0292,85.0188,29.9083,0.8978680,CCN(CC)c1ccc(C=Nc2ccc(C(C#N)=C(C#N)c3ccc(S(=O)(=O)N4C5=Cc6cc(F)ccc6N(CC)C5c5cc(C=C(C#N)C#N)ccc54)cc3)cc2)cc1,1,O=S(=O)(c1ccc(C=Cc2ccc(N=Cc3ccccc3)cc2)cc1)N1C2=Cc3ccccc3NC2c2ccccc21,0.9881261,471.9945,0.0726685,0.0727,0.4121134,4.4323,1.0000000,1.0000,[],41
31.5762,53.1773,59.8876,0.8833197,CC(=CC(=Cc1ccc(N(c2ccc(C=Cc3ccc(N(c4ccc(C=C(C#N)C#N)cc4)c4cccc(C=C(C#N)C#N)c4)cc3)cc2)c2ccc(C=C(C#N)C#N)cc2)cc1)c1ccccc1)c1ccccc1,1,C(=Cc1ccccc1)C(=Cc1ccc(N(c2ccccc2)c2ccc(C=Cc3ccc(N(c4ccccc4)c4ccccc4)cc3)cc2)cc1)c1ccccc1,0.9771982,440.8003,0.0559851,0.0560,0.4566792,3.9189,1.0000000,1.0000,[],41
15.8419,34.6768,83.8494,0.9259857,C(=Cc1ccccc1N(c1ccccc1)c1ccccc1)c1ccc(N=Nc2ccc(N=Nc3ccccc3)cc2)cc1,1,C(=Cc1ccccc1N(c1ccccc1)c1ccccc1)c1ccc(N=Nc2ccc(N=Nc3ccccc3)cc2)cc1,0.9945810,463.4069,0.1292539,0.1293,0.5958558,2.5888,1.0000000,1.0000,[],41
18.0170,35.1314,87.1163,0.9550604,CCN(CC)c1ccc(C=Nc2ccc(C=C(C#N)C#N)cc2C#N)cc1,1,C(=Nc1ccccc1)c1ccccc1,0.9822068,476.4513,0.5613300,0.5613,0.5598544,2.9004,1.0000000,1.0000,[],41
24.5193,38.5128,-35.8763,0.0205975,O=C=Nc1ccc(C=NS(=O)(=O)c2ccc(N=Cc3ccc(N=Cc4ccccc4)cc3)cc2)cc1,1,O=S(=O)(N=Cc1ccccc1)c1ccc(N=Cc2ccc(N=Cc3ccccc3)cc2)cc1,0.0178209,356.4685,0.2238812,0.2239,0.5579062,2.9178,1.0000000,1.0000,[],41
16.3899,27.5973,94.5887,0.9545782,N#CC(C#N)=Cc1ccc(N=Nc2ccc(OCc3ccccc3)cc2)cc1,1,c1ccc(COc2ccc(N=Nc3ccccc3)cc2)cc1,0.9910011,468.9529,0.3905716,0.3906,0.6158887,2.4234,1.0000000,1.0000,[],41
41.4163,52.2584,8.0811,0.4714026,N#CC(C#N)=Cc1ccc2cc(-c3ccc(-c4ccc(-n5c(C#N)nc6ccccc6c5=O)c(C#N)c4)cc3)ccc2c1,1,O=c1c2ccccc2ncn1-c1ccc(-c2ccc(-c3ccc4ccccc4c3)cc2)cc1,0.4815942,399.2003,0.2162779,0.2163,0.5491865,2.9966,1.0000000,1.0000,[],41
31.6336,59.8637,55.1608,0.8986290,CCN(CC)c1ccc(C=Nc2ccc(-c3ccc(-c4ccc(N(c5ccc(C=C(C#N)C#N)cc5)c5ccc(C=C(C#N)C#N)cc5)cc4)c(N(c4ccc(C)cc4)c4ccc(C=C(C#N)C#N)cc4)n3)cc2)cc1,1,C(=Nc1ccc(-c2ccc(-c3ccc(N(c4ccccc4)c4ccccc4)cc3)c(N(c3ccccc3)c3ccccc3)n2)cc1)c1ccccc1,0.9903017,450.2268,0.0668171,0.0668,0.4392716,4.1132,1.0000000,1.0000,[],41
15.4772,26.4275,85.0323,0.8707797,c1ccc(N(c2ccccc2)c2ccc3cc4cc5ccccc5cc4cc3c2)cc1,1,c1ccc(N(c2ccccc2)c2ccc3cc4cc5ccccc5cc4cc3c2)cc1,0.9080423,495.1371,0.2710828,0.2711,0.6850546,1.8913,1.0000000,1.0000,[],41
23.1528,47.6313,65.5024,0.8838570,N#CC(C#N)=Cc1ccc(N=Nc2ccc(N(c3ccc(C=C(C#N)C#N)cc3)c3ccc(N=Cc4ccc5ccccc5c4)cc3)cc2)cc1,1,C(=Nc1ccc(N(c2ccccc2)c2ccc(N=Nc3ccccc3)cc2)cc1)c1ccc2ccccc2c1,0.9618917,484.9474,0.0867616,0.0868,0.5165559,3.3029,1.0000000,1.0000,[],41
22.1758,36.2369,-36.2369,0.0000000,c12c3c(c(-c4ccc(cc4)C=C(C#N)C#N)c2c2c(cccc2)cc1)cccc3,0,,0.0000000,0.0000,0.0000000,0.0000,0.0000000,0.0000,0.0000000,0.0000,None,41
30.0638,53.9820,-53.9820,0.0000000,C(CCC=CC=CC=CC=Cc1ccc(N2CCCCCC=2)cc1)=Cc1ccc(N2CCCCC2)cc1,0,,0.0000000,0.0000,0.0000000,0.0000,0.0000000,0.0000,0.0000000,0.0000,None,41
42.4022,52.1221,-52.1221,0.0000000,Cc1nc2c(C(=O)OCC3=CCCCC3)cnn2c(-c2ccc(N=Nc3ccccc3)cc2)c1C,1,O=C(OCC1=CCCCC1)c1cnn2c(-c3ccc(N=Nc4ccccc4)cc3)ccnc12,0.0000000,0.0000,0.0000000,0.0000,0.0000000,0.0000,0.0000000,0.0000,"['C(=[O,S])[O,S]']",41
34.2841,44.2673,73.8226,0.9225778,CCN(CC)c1ccc(C=Cc2c(-c3ccc(N(CC)CC)cc3)nn3c(nc4ccccc43)c2-c2ccc(N(CC)CC)cc2)cc1,1,C(=Cc1c(-c2ccccc2)nn2c(nc3ccccc32)c1-c1ccccc1)c1ccccc1,0.9933767,465.5990,0.1261989,0.1262,0.5440679,3.0434,1.0000000,1.0000,[],41
37.8856,61.0091,34.3865,0.7452783,CCN(CC)c1ccc(C=Nc2ccc3cc(N=Cc4ccc5c(c4)C(C)(C)c4ccccc4N5C)ccc3c2-c2ccccc2C#N)cc1,1,C(=Nc1ccc2c(-c3ccccc3)c(N=Cc3ccccc3)ccc2c1)c1ccc2c(c1)Cc1ccccc1N2,0.7892828,414.3383,0.1539139,0.1539,0.5205433,3.2644,1.0000000,1.0000,[],41
54.1105,60.5602,-10.7641,0.3890317,CCN(CC)c1ccc(C=Nc2ccc(C(=O)NC3=CC(=O)N(CC(=O)Nc4ccc(OC)cc4)C3c3ccc(Cl)cc3Cl)cc2)cc1,1,O=C(CN1C(=O)C=C(NC(=O)c2ccc(N=Cc3ccccc3)cc2)C1c1ccccc1)Nc1ccccc1,0.3987587,395.5415,0.1512043,0.1512,0.4967855,3.4980,1.0000000,1.0000,[],41
15.8341,32.4216,57.8567,0.7052996,CCn1cc(C=C(C#N)C#N)c2cc(C=C(C#N)C#N)ccc21,1,c1ccc2[nH]ccc2c1,0.7063391,409.5292,0.8086708,0.8087,0.5356694,3.1212,1.0000000,1.0000,[],41
29.5023,50.2779,67.2357,0.9180748,COc1ccc(C=CC=Cc2ccc(N(c3ccc(C=C(C#N)C#N)cc3)c3ccc4c(c3)C(=C(C#N)C#N)c3ccccc3C=C4)cc2)cc1,1,C=C1c2ccccc2C=Cc2ccc(N(c3ccccc3)c3ccc(C=CC=Cc4ccccc4)cc3)cc21,0.9918361,452.1135,0.1192399,0.1192,0.4993176,3.4726,1.0000000,1.0000,[],41
43.7012,63.6355,50.4203,0.8910605,COc1ccccc1C(Nc1ccc2c(c1)C(=O)CN2C(C)C=Cc1ccc(N(c2ccccc2)c2ccccc2)cc1)c1ccc(Cl)cc1,1,O=C1CN(CC=Cc2ccc(N(c3ccccc3)c3ccccc3)cc2)c2ccc(NC(c3ccccc3)c3ccccc3)cc21,0.9556335,433.3309,0.1480284,0.1480,0.4742466,3.7301,1.0000000,1.0000,[],41
32.9309,42.9893,-23.5168,0.1521289,CCN(CC)c1ccc2sc3cc4cc(C=C(C#N)C#N)ccc4[n+](C)c3c2c1,1,c1ccc2[nH+]c3c(cc2c1)sc1ccccc13,0.1444371,539.3143,0.3463560,0.3464,0.5206768,3.2631,1.0000000,1.0000,[],41
26.1727,47.0124,70.5115,0.9181555,N#CC(C#N)=Cc1ccc(N(c2ccccc2)c2ccc(C=Cc3ccccc3C=C(C#N)C#N)cc2)c(C=Cc2cccs2)c1,1,C(=Cc1ccc(N(c2ccccc2)c2ccccc2C=Cc2cccs2)cc1)c1ccccc1,0.9906920,469.3230,0.1225924,0.1226,0.5081968,3.3844,1.0000000,1.0000,[],41
20.5692,34.1565,79.6588,0.8891822,CCN(CC)c1ccc(C=Nc2ccc(C=Cc3ccc(N(c4ccccc4)c4ccccc4)cc3)c3ccccc23)cc1,1,C(=Cc1ccc(N=Cc2ccccc2)c2ccccc12)c1ccc(N(c2ccccc2)c2ccccc2)cc1,0.9556499,433.3351,0.1202733,0.1203,0.5822237,2.7045,1.0000000,1.0000,[],41
42.9206,51.3247,61.0460,0.8778961,COc1cc([N+](=O)[O-])ccc1C=C1C(=O)c2c(-c3ccccc3)c3cccnc3n2C1=O,1,O=C1C(=Cc2ccccc2)C(=O)n2c1c(-c1ccccc1)c1cccnc12,0.9269322,427.5830,0.2057502,0.2058,0.5852867,2.6783,1.0000000,1.0000,[],41
29.8357,39.7773,74.3789,0.8918452,COc1ccc2nc3cc(C=C(C#N)C#N)ccc3c(I)c2c1,1,c1ccc2nc3ccccc3cc2c1,0.9267087,427.5473,0.3555005,0.3555,0.5733372,2.7814,1.0000000,1.0000,[],41
39.1191,51.8770,-43.0751,0.0687654,CC1CCCN(S(=O)(=O)c2ccc(N=Cc3cc(Cl)ccc3N=Cc3ccc(N=Cc4ccc(Cl)cc4)cc3)cc2)C1,1,O=S(=O)(c1ccc(N=Cc2ccccc2N=Cc2ccc(N=Cc3ccccc3)cc2)cc1)N1CCCCC1,0.0638924,370.8531,0.1856820,0.1857,0.5087348,3.3791,1.0000000,1.0000,[],41
18.3691,36.7447,83.1804,0.9369145,N#CC(C#N)=Cc1ccc(N(c2ccccc2)c2ccc(-c3c(C=C(C#N)C#N)ccc4ccccc34)cc2)cc1,1,c1ccc(N(c2ccccc2)c2ccc(-c3cccc4ccccc34)cc2)cc1,0.9936572,465.1260,0.2070358,0.2070,0.5523217,2.9681,1.0000000,1.0000,[],41
31.4905,53.0187,-53.0187,0.0000000,CCN(CC)c1ccc(C=CC=C(C)C=CC=C(C)C=CC=C(C=Cc2ccc(C=CN(C)C)cc2)C=Cc2ccc(N(CC)CC)cc2)cc1,1,C(=CC=CC=Cc1ccccc1)C=CC=CC=C(C=Cc1ccccc1)C=Cc1ccccc1,0.0000000,730.5043,0.1240934,0.1241,0.4926402,3.5399,1.0000000,1.0000,[],41
30.9716,36.5377,46.5341,0.6489980,CC(C)c1c(C=C(C#N)C#N)c(=O)n(C)n1-c1ccccc1,1,O=c1ccn(-c2ccccc2)[nH]1,0.6465590,406.5573,0.8162330,0.8162,0.5502479,2.9869,1.0000000,1.0000,[],41
15.1842,30.2292,94.6451,0.9755807,CCN(CC)c1ccc(C=C(C#N)C#N)cc1C=C(C#N)C#N,1,c1ccccc1,0.9954871,461.4105,0.7760493,0.7760,0.5267847,3.2048,1.0000000,1.0000,[],41
19.1242,38.1226,-37.4361,0.0053630,CCN(CC)c1ccc(C=Cc2cc(C=C(C#N)C#N)c(C=C(C#N)C#N)s2)cc1,1,C(=Cc1cccs1)c1ccccc1,0.0042107,579.3455,0.5522058,0.5522,0.5021262,3.4445,1.0000000,1.0000,[],41
16.0246,26.1299,-21.4979,0.0361878,CCN(CC)c1ccc(C=Cc2cccc(N(C)C)c2)cc1,1,C(=Cc1ccccc1)c1ccccc1,0.0309948,362.6241,0.7081167,0.7081,0.6557777,2.1097,1.0000000,1.0000,[],41
27.0595,36.6849,-36.6849,0.0000000,O=C=Nc1ccc(C=NN=Cc2ccccc2N=Nc2ccccc2)cc1,1,C(=NN=Cc1ccccc1N=Nc1ccccc1)c1ccccc1,0.0000000,0.0000,0.0000000,0.0000,0.0000000,0.0000,0.0000000,0.0000,['[#7;!n][#7;!n]'],41
42.5713,69.9675,-69.6599,0.0024033,CCN(CC)c1ccc(C=Cc2nc3c(Cl)c(=S)n(C)c(N=Cc4ccc(N(c5ccccc5)c5ccccc5)cc4)c3nc2C=Cc2ccc([N+](=O)[O-])cc2)cc1,1,S=c1cc2nc(C=Cc3ccccc3)c(C=Cc3ccccc3)nc2c(N=Cc2ccc(N(c3ccccc3)c3ccccc3)cc2)[nH]1,0.0019537,587.7073,0.0495945,0.0496,0.4802278,3.6675,1.0000000,1.0000,[],41
43.8105,67.4971,51.3577,0.9285529,CCN(c1ccc(C=CCc2cc(C)cc3c2c2cc(-c4ccc5ccccc5c4)ccc2n3C)cc1)c1ccc(C=C(C#N)C#N)cc1,1,C(=Cc1ccc(Nc2ccccc2)cc1)Cc1cccc2[nH]c3ccc(-c4ccc5ccccc5c4)cc3c12,0.9941188,455.6993,0.1566543,0.1567,0.5243253,3.2282,1.0000000,1.0000,[],41
26.5057,43.2004,74.5834,0.9201860,Cn1c2ccccc2c2cc(-c3c4ccccc4c(C=C(C#N)C#N)c4cc(-c5ccc(N(c6ccccc6)c6ccccc6)cc5)ccc34)ccc21,1,c1ccc(N(c2ccccc2)c2ccc(-c3ccc4c(-c5ccc6[nH]c7ccccc7c6c5)c5ccccc5cc4c3)cc2)cc1,0.9897385,470.3922,0.1300783,0.1301,0.5435657,3.0480,1.0000000,1.0000,[],41
19.8737,40.9019,27.6766,0.5357697,N#CC(C#N)=Cc1c2ccccc2c(C=C2C=C(c3ccccc3)C=C(c3ccccc3)C2=O)c2ccccc12,1,O=C1C(=Cc2c3ccccc3cc3ccccc23)C=C(c2ccccc2)C=C1c1ccccc1,0.5588464,517.4324,0.1381801,0.1382,0.5518838,2.9721,1.0000000,1.0000,[],42
30.5940,41.7054,70.7877,0.8788524,CCOc1ccc(-c2ccc(N(c3ccc(C=C(C#N)C#N)cc3)c3ccc(-c4ccc(C=C(C#N)C#N)s4)cc3)cc2)c2ccccc12,1,c1ccc(N(c2ccc(-c3cccs3)cc2)c2ccc(-c3cccc4ccccc34)cc2)cc1,0.9405388,490.0214,0.1442206,0.1442,0.5270628,3.2022,1.0000000,1.0000,[],42
33.4256,50.2555,66.9662,0.9157944,N#CC(C#N)=Cc1ccc(-c2ccc(-c3ccc(C=C(C#N)C#N)s3)c(-c3sc(-c4ccc(N(c5ccccc5)c5ccccc5)cc4)cc3F)n2)cc1,1,c1ccc(-c2ccc(-c3cccs3)c(-c3ccc(-c4ccc(N(c5ccccc5)c5ccccc5)cc4)s3)n2)cc1,0.9854028,445.7336,0.1365924,0.1366,0.4898970,3.5678,1.0000000,1.0000,[],42
21.6485,38.7295,83.3154,0.9534756,CCN(CC)c1ccc(C=Cc2cc(=O)oc(C)c2C=C(C#N)C#N)cc1,1,O=c1cc(C=Cc2ccccc2)cco1,0.9734110,480.9102,0.7143177,0.7143,0.5502635,2.9868,1.0000000,1.0000,[],42
36.1162,50.6322,-37.5677,0.1020664,CCP(=O)(Cc1ccc(N=Cc2ccc(F)cc2)cc1C=C(C#N)C#N)c1ccccc1,1,O=[PH](Cc1ccc(N=Cc2ccccc2)cc1)c1ccccc1,0.0960328,375.6567,0.2482380,0.2482,0.4863024,3.6046,1.0000000,1.0000,[],42
24.8648,53.2548,68.1676,0.9486119,CCOc1ccc(C=C(C#N)c2nc(C)c(C=C(C#N)C#N)s2)cc1-c1ccc(C=C(C#N)C#N)cc1,1,C(=Cc1nccs1)c1cccc(-c2ccccc2)c1,0.9927241,466.6264,0.3410100,0.3410,0.5080674,3.3857,1.0000000,1.0000,[],42
31.4430,58.1440,58.2295,0.9091680,N#CC(C#N)=CC(C=Cc1ccc(N=Cc2ccc3c(c2)C(=O)c2ccccc2-3)cc1)=Cc1nc(-c2ccc(C=C(C#N)C#N)cc2)cs1,1,O=C1c2ccccc2-c2ccc(C=Nc3ccc(C=CC=Cc4nc(-c5ccccc5)cs4)cc3)cc21,0.9906138,450.5854,0.0917719,0.0918,0.4815982,3.6532,1.0000000,1.0000,[],42
26.8320,64.9692,37.4292,0.7999873,N#CC(C#N)=Cc1ccc(N=Nc2ccc(N=Nc3ccc(C=Cc4cn(-c5ccc(C=C(C#N)C#N)cc5)nn4)cc3C=C(C#N)C#N)cc2)cc1,1,C(=Cc1cn(-c2ccccc2)nn1)c1ccc(N=Nc2ccc(N=Nc3ccccc3)cc2)cc1,0.8642264,499.9047,0.1014338,0.1014,0.4519321,3.9711,1.0000000,1.0000,[],42
24.1236,29.3869,-10.0263,0.1512551,O=C(c1ccccc1)c1c2ccccc2nc2c3ccccc3c3ccccc3c12,1,O=C(c1ccccc1)c1c2ccccc2nc2c3ccccc3c3ccccc3c12,0.1457267,380.7986,0.1843803,0.1844,0.6589107,2.0858,1.0000000,1.0000,[],42
19.9051,35.3196,38.6726,0.5780643,CCN(CC)c1ccc(C=Cc2cccc(C=Nc3ccc(N=Cc4ccc(N(CC)CC)cc4)cc3)c2)cc1,1,C(=Cc1cccc(C=Nc2ccc(N=Cc3ccccc3)cc2)c1)c1ccccc1,0.6051466,404.6356,0.1356299,0.1356,0.5779548,2.7413,1.0000000,1.0000,[],42
38.7929,55.2489,49.9125,0.8215734,N#CC(C#N)=Cc1ccc(-c2ccc(Oc3ccc(C=Cc4ccc(N(c5ccccc5)c5ccccc5)cc4)c(C=C4C=C(C=Cc5ccccc5)CCC4)c3)cc2)cc1,1,C(=Cc1ccccc1)C1=CC(=Cc2cc(Oc3ccc(-c4ccccc4)cc3)ccc2C=Cc2ccc(N(c3ccccc3)c3ccccc3)cc2)CCC1,0.8900477,422.7052,0.0914208,0.0914,0.4938776,3.5273,1.0000000,1.0000,[],42
27.8912,38.9076,-27.5390,0.0888173,N#CC(=Cc1cccc2c1ccc1c3ccccc3ccc21)c1ccc(N)cc1,1,C(=Cc1cccc2c1ccc1c3ccccc3ccc21)c1ccccc1,0.0836224,374.0062,0.1608500,0.1609,0.6381590,2.2458,1.0000000,1.0000,[],42
39.6961,58.2826,60.2211,0.9258098,N#CC(C#N)=Cc1ccc(C=C2c3ccccc3Cc3cc(N(c4ccc(C=C(C#N)C#N)cc4)c4ccc(-c5ccc(C=C(C#N)C#N)cc5)cc4)ccc32)cc1,1,C(=C1c2ccccc2Cc2cc(N(c3ccccc3)c3ccc(-c4ccccc4)cc3)ccc21)c1ccccc1,0.9954693,461.4533,0.1409161,0.1409,0.4969622,3.4962,1.0000000,1.0000,[],42
29.2282,36.4890,-36.4890,0.0000000,n1nc(-c2sc(Cl)cc2)n2c3c(cccc3)c(=O)cc12,0,,0.0000000,0.0000,0.0000000,0.0000,0.0000000,0.0000,0.0000000,0.0000,None,42
38.0394,46.3709,9.2861,0.4348198,C=C(Oc1ccc(C=C(C#N)C#N)cc1)C(C)CC=C(C)OC,1,c1ccccc1,0.4309043,396.9799,0.5457132,0.5457,0.4752593,3.7195,1.0000000,1.0000,[],42
34.1570,39.0489,-38.9881,0.0004748,CC1=CC(c2ccccc2)C(Cc2cccc3ccccc23)N=C1,1,C1=CC(c2ccccc2)C(Cc2cccc3ccccc23)N=C1,0.0003271,312.8703,0.5997731,0.5998,0.5172297,3.2963,1.0000000,1.0000,[],42
23.9905,33.7628,-17.3158,0.1284928,N#CC(C#N)=Cc1ccc2ccnc(-c3ccccn3)c2c1,1,c1ccc(-c2nccc3ccccc23)nc1,0.1180899,378.1697,0.6711739,0.6712,0.5937235,2.6067,1.0000000,1.0000,[],42
12.4960,25.5395,98.2980,0.9674805,N#CC(C#N)=Cc1ccc(-c2ccc(C=C(C#N)C#N)s2)s1,1,c1csc(-c2cccs2)c1,0.9869588,473.0255,0.7863874,0.7864,0.5122142,3.3451,1.0000000,1.0000,[],42
20.8323,32.7276,87.3985,0.9384850,N#CC(C#N)=Cc1c2ccccc2c(C=CC=Cc2ccccc2)c2ccccc12,1,C(C=Cc1c2ccccc2cc2ccccc12)=Cc1ccccc1,0.9932722,454.2298,0.2136607,0.2137,0.5834934,2.6936,1.0000000,1.0000,[],42
34.1545,66.1502,49.4704,0.9032858,CCN(CC)c1ccc(C=CN(c2ccc(C=C(C#N)C#N)cc2)c2ccc(-c3cccc(C=Cc4ccc(N(c5ccccc5)c5ccccc5)cc4)c3-n3c4ccccc4c4cc(C=C(C#N)C#N)ccc43)cc2)cc1,1,C(=CN(c1ccccc1)c1ccc(-c2cccc(C=Cc3ccc(N(c4ccccc4)c4ccccc4)cc3)c2-n2c3ccccc3c3ccccc32)cc1)c1ccccc1,0.9945486,456.5279,0.0700202,0.0700,0.4327015,4.1885,1.0000000,1.0000,[],42
22.0073,43.3591,76.6175,0.9373169,COc1ccc(N(c2ccc(C=Cc3cc4ccccc4oc3=N)cc2)c2ccc(C=C(C#N)C#N)cc2)cc1,1,N=c1oc2ccccc2cc1C=Cc1ccc(N(c2ccccc2)c2ccccc2)cc1,0.9921438,467.4659,0.2193685,0.2194,0.5562448,2.9327,1.0000000,1.0000,[],42
27.6798,43.7453,39.2675,0.6485371,N#CC(C#N)=Cc1cccc(N=Nc2cccc(C=Cc3ccc(N=Cc4ccc([N+](=O)[O-])cc4)cc3)c2)c1,1,C(=Cc1cccc(N=Nc2ccccc2)c1)c1ccc(N=Cc2ccccc2)cc1,0.7021462,409.3106,0.0590999,0.0591,0.5420668,3.0618,1.0000000,1.0000,[],42
24.2360,53.8035,57.3074,0.8680539,CCN(CC)c1ccc(C=Cc2cc(N(CC)CC)ccc2C=CC=Cc2ccc(N(C=Cc3ccc(C=C(C#N)C#N)s3)c3ccc(C=C(C#N)C#N)cc3)cc2)cc1,1,C(C=Cc1ccccc1C=Cc1ccccc1)=Cc1ccc(N(C=Cc2cccs2)c2ccccc2)cc1,0.9619149,484.9405,0.0523546,0.0524,0.4465927,4.0305,1.0000000,1.0000,[],42
30.0048,55.7600,57.8565,0.8876287,CC(C)n1cc(-c2ccc(C=C(C#N)C#N)cc2)c(C=Cc2ccc(N=Cc3ccc(C=C(C#N)C#N)cc3)cc2)n1,1,C(=Cc1n[nH]cc1-c1ccccc1)c1ccc(N=Cc2ccccc2)cc1,0.9472382,431.3535,0.1648058,0.1648,0.5061693,3.4044,1.0000000,1.0000,[],42
51.8577,66.7470,40.9317,0.8412396,CCOc1ccc(N(c2ccc(-c3ccc(C=C(C#N)C#N)s3)cc2)c2ccc(-c3c(C=C(C#N)C#N)cc4c(c3C(C)=C(C)C)c3ccccc3n4CC)cc2)cc1,1,c1ccc(N(c2ccc(-c3ccc4[nH]c5ccccc5c4c3)cc2)c2ccc(-c3cccs3)cc2)cc1,0.9055721,495.4544,0.1207088,0.1207,0.4672326,3.8046,1.0000000,1.0000,[],42
26.5937,42.1613,70.2562,0.8782613,N#CC(=Cc1ccc(N=Nc2ccc(N=Nc3cccc(NC(C#N)=C(C#N)C#N)c3)cc2)cc1)c1ccccc1,1,C(=Cc1ccc(N=Nc2ccc(N=Nc3ccccc3)cc2)cc1)c1ccccc1,0.9417160,489.7907,0.1369448,0.1369,0.5190056,3.2792,1.0000000,1.0000,[],42
21.2330,41.9951,74.4771,0.9099393,CCN(CC)c1ccc(C=Nc2ccc(N=Nc3ccc(C(C#N)=Cc4ccc(N5CCCCC5)cc4)cc3)cc2)cc1,1,C(=Cc1ccc(N2CCCCC2)cc1)c1ccc(N=Nc2ccc(N=Cc3ccccc3)cc2)cc1,0.9915736,468.2329,0.0830225,0.0830,0.5576910,2.9198,1.0000000,1.0000,[],42
35.8740,47.9591,-24.6412,0.1821708,CCn1c(-c2ccc(C(C)(C)C)cc2)nnc1C1C=CC(=C(C#N)C#N)C(c2ccccc2)=C1,1,C=C1C=CC(c2nnc(-c3ccccc3)[nH]2)C=C1c1ccccc1,0.1735751,383.0571,0.4388077,0.4388,0.4840392,3.6279,1.0000000,1.0000,[],42
22.1428,36.0693,80.8517,0.9134458,N#CC(C#N)=Cc1ccc(-c2cc3ccccc3c3ccc4ccccc4c23)o1,1,c1coc(-c2cc3ccccc3c3ccc4ccccc4c23)c1,0.9597258,434.4280,0.2524372,0.2524,0.6010602,2.5453,1.0000000,1.0000,[],42
43.2046,63.5285,52.8914,0.9095309,COc1ccc(N=Nc2ccc(C=Nc3ccc(N=Nc4cccc(N)c4)cc3)cc2C=Cc2ccc(-c3ccc4ccccc4c3)o2)cc1,1,C(=Cc1cc(C=Nc2ccc(N=Nc3ccccc3)cc2)ccc1N=Nc1ccccc1)c1ccc(-c2ccc3ccccc3c2)o1,0.9901821,450.0924,0.0901134,0.0901,0.5154923,3.3132,1.0000000,1.0000,[],42
38.6081,55.9409,-55.9409,0.0000000,c1cc2n3ccccc3c3c4c(c5c(CCC=C5)c3c2cc1)ccc(-c1sc(cc1)C=C(C#N)C#N)c4,0,,0.0000000,0.0000,0.0000000,0.0000,0.0000000,0.0000,0.0000000,0.0000,None,42
18.0268,36.0522,82.3138,0.9247341,CCN(CC)c1ccc(NC(=O)c2ccc(N=Nc3ccc(C=C(C#N)C#N)cc3)cc2)cc1,1,O=C(Nc1ccccc1)c1ccc(N=Nc2ccccc2)cc1,0.9665068,483.4938,0.3082275,0.3082,0.5892544,2.6445,1.0000000,1.0000,[],42
27.5314,32.9724,-18.6709,0.1117301,Brc1ccc(C=Nc2ccc(N=Cc3cccc4cccnc34)cc2)cc1,1,C(=Nc1ccc(N=Cc2cccc3cccnc23)cc1)c1ccccc1,0.1039628,376.6138,0.3514698,0.3515,0.6137226,2.4411,1.0000000,1.0000,[],42
21.2695,45.2363,72.9937,0.9236722,N#CC(C#N)=Cc1ccc2c(c1)c(C=C(C#N)C#N)c(-c1ccccc1)c1ccc(C=C(C#N)C#N)cc12,1,c1ccc(-c2cc3ccccc3c3ccccc23)cc1,0.9774043,440.9012,0.2272893,0.2273,0.5158212,3.3100,1.0000000,1.0000,[],42
20.0687,24.2526,-23.8996,0.0027581,CCN(CC)c1ccc2c(c1)C(C)(C)c1ccccc1-2,1,c1ccc2c(c1)Cc1ccccc1-2,0.0020574,332.8556,0.7673115,0.7673,0.6600607,2.0771,1.0000000,1.0000,[],42
36.7019,55.5616,23.1650,0.6150515,COc1ccc(N2C(=Cc3ccc(C=C(C#N)C#N)s3)CSC3=C(C#N)CC=CC=C32)cc1,1,C1=CCC=C2SCC(=Cc3cccs3)N(c3ccccc3)C2=C1,0.6232193,514.5362,0.4846580,0.4847,0.4698713,3.7765,1.0000000,1.0000,[],42
29.4420,45.8525,67.4679,0.8853156,N#CC(C#N)=C(O)C=Cc1ccc(N(c2ccccc2)c2ccc(N=Nc3ccc(N=Cc4ccc(N(c5ccccc5)c5ccccc5)cc4)cc3)cc2)cc1,1,C(=Nc1ccc(N=Nc2ccc(N(c3ccccc3)c3ccccc3)cc2)cc1)c1ccc(N(c2ccccc2)c2ccccc2)cc1,0.9842645,475.0942,0.0441004,0.0441,0.5193144,3.2762,1.0000000,1.0000,[],42
23.4037,46.4647,24.6898,0.5558948,CCN(CC)c1ccc(C=Cc2c(C=Cc3ccc(N(CC)CC)cc3)n(C=Cc3ccc(N(CC)CC)cc3)c(=S)[nH]c2=O)cc1,1,O=c1[nH]c(=S)n(C=Cc2ccccc2)c(C=Cc2ccccc2)c1C=Cc1ccccc1,0.5828195,516.3698,0.1303437,0.1303,0.5177608,3.2912,1.0000000,1.0000,[],42
29.4771,50.4518,65.7971,0.9081939,CCN(c1ccc(OC)cc1)c1ccc(C(C#N)=Cc2ccc(N(c3ccc(C=C(C#N)C#N)cc3)c3ccc(C=C(C#N)c4ccc(C=C(C#N)C#N)cc4)cc3)cc2)cc1,1,C(=Cc1ccc(N(c2ccccc2)c2ccc(C=Cc3ccc(Nc4ccccc4)cc3)cc2)cc1)c1ccccc1,0.9924375,467.0491,0.0817956,0.0818,0.4970902,3.4949,1.0000000,1.0000,[],42
27.4185,46.9755,71.1091,0.9225362,Cc1sc(-c2ccc(N(c3ccc(C=C(C#N)C#N)cc3)c3ccc(-c4ccc(C=C(C#N)C#N)cc4)cc3)cc2)c2ccc(N(c3ccccc3)c3ccccc3)cc12,1,c1ccc(-c2ccc(N(c3ccccc3)c3ccc(-c4scc5cc(N(c6ccccc6)c6ccccc6)ccc45)cc3)cc2)cc1,0.9943070,456.0545,0.1279360,0.1279,0.5086967,3.3795,1.0000000,1.0000,[],42
42.9560,59.4545,40.4949,0.7808550,CCN(CC)c1ccc(N=Cc2ccc(C=Nc3cccc(C=CC(=NOC4CCCCO4)c4ccc(N(c5ccccc5)c5ccccc5)cc4)c3)cc2)cc1,1,C(=Cc1cccc(N=Cc2ccc(C=Nc3ccccc3)cc2)c1)C(=NOC1CCCCO1)c1ccc(N(c2ccccc2)c2ccccc2)cc1,0.8494325,418.7849,0.0774126,0.0774,0.4588603,3.8950,1.0000000,1.0000,[],42
38.5936,65.2286,40.2994,0.8244376,N#CC(C#N)=Cc1cc(-n2c3ccccc3c3ccc4ccccc4c32)cc(Sc2ccc(N=Cc3ccc(N(c4ccccc4)c4ccccc4)cc3)cc2)c1C#N,1,C(=Nc1ccc(Sc2cccc(-n3c4ccccc4c4ccc5ccccc5c43)c2)cc1)c1ccc(N(c2ccccc2)c2ccccc2)cc1,0.8888049,422.5680,0.1075743,0.1076,0.4920629,3.5457,1.0000000,1.0000,[],42
45.0158,86.3020,-86.3020,0.0000000,c1(n2c(c(N=Nc3ccc(C=C(C#N)C#N)cc3)c(c(C#N)c2c(C=Cc2ccccc2)c1C#N)C=Cc1ccc(N(c2ccc(cc2)C=C(C#N)C#N)c2ccc(cc2)C=C(C#N)C#N)cc1)=Cc1ccc(N(CC)CC)cc1)C,0,,0.0000000,0.0000,0.0000000,0.0000,0.0000000,0.0000,0.0000000,0.0000,None,42
33.3196,55.0078,62.4803,0.9178758,CCN(CC)c1ccc(C=Cc2cc(-c3cccnc3C#N)ccc2C=Cc2ccc(N(C)c3ccc(C=C(C#N)C#N)cc3)cc2)cc1,1,C(=Cc1cc(-c2cccnc2)ccc1C=Cc1ccc(Nc2ccccc2)cc1)c1ccccc1,0.9947155,456.8673,0.1058535,0.1059,0.5145686,3.3221,1.0000000,1.0000,[],42
25.1735,39.6329,78.9858,0.9267091,N#CC(C#N)=Cc1ccc(-c2ccc(-c3c(C=C(C#N)C#N)c4ccccc4n3-c3ccccc3)cc2)s1,1,c1ccc(-n2c(-c3ccc(-c4cccs4)cc3)cc3ccccc32)cc1,0.9796566,442.0663,0.2276109,0.2276,0.5437180,3.0466,1.0000000,1.0000,[],42
31.4319,36.5197,-33.9628,0.0199751,O=C=Nc1ccc(OC2=CC=C(Cl)C=C=N2)cc1,1,C1=CC=CC=C(Oc2ccccc2)N=1,0.0167856,355.8072,0.6172710,0.6173,0.4511062,3.9803,1.0000000,1.0000,[],42
48.6975,75.8065,39.2832,0.8991383,COc1ccc(C=CC(C=Cc2ccc(NC(=O)c3ccc(-c4ccc(N=Nc5ccc(N=Nc6ccc(C=C(C#N)C#N)cc6)cc5)cc4)cc3)cc2)=Cc2ccc(-n3nc4ccccc4n3)cc2)cc1OC,1,O=C(Nc1ccc(C=CC(C=Cc2ccccc2)=Cc2ccc(-n3nc4ccccc4n3)cc2)cc1)c1ccc(-c2ccc(N=Nc3ccc(N=Nc4ccccc4)cc3)cc2)cc1,0.9955952,461.1461,0.0569138,0.0569,0.4462388,4.0345,1.0000000,1.0000,[],42
27.5776,39.9327,42.7407,0.6458860,CCN(CC)c1ccc(C=Cc2ccc(N=Nc3ccc4cc5cc(C=C(C#N)C#N)ccc5cc4c3)cc2)cc1,1,C(=Cc1ccc(N=Nc2ccc3cc4ccccc4cc3c2)cc1)c1ccccc1,0.6907110,511.2767,0.0865022,0.0865,0.5440945,3.0432,1.0000000,1.0000,[],42
17.3622,35.3813,85.1828,0.9419068,N#CC(C#N)=Cc1ccc(N(c2ccc(C=Cc3cccs3)cc2)c2ccc(C=C(C#N)C#N)cc2)cc1,1,C(=Cc1cccs1)c1ccc(N(c2ccccc2)c2ccccc2)cc1,0.9954754,458.5612,0.2354721,0.2355,0.5445485,3.0390,1.0000000,1.0000,[],42
31.5197,46.7115,69.1303,0.9050140,CCN(CC)c1ccc(C=CC=C(C)C=Cc2c3ccc4ccccc4c3cc3oc4ccccc4c23)cc1,1,C(=CC=Cc1c2ccc3ccccc3c2cc2oc3ccccc3c12)C=Cc1ccccc1,0.9659569,436.3232,0.1577911,0.1578,0.5625354,2.8765,1.0000000,1.0000,[],42
55.8736,79.4686,-79.4686,0.0000000,C1(C(=Cc2ccc(N(c3ccccc3)c3ccccc3)cc2)=C(C)N(c2c(cc(cc2)C=Cc2ccc(N(c3ccc(C=C(C#N)C#N)cc3)c3ccc(cc3)C=C(C#N)C#N)cc2)CC)N1c1ccccc1)=C(C#N)C#N,0,,0.0000000,0.0000,0.0000000,0.0000,0.0000000,0.0000,0.0000000,0.0000,None,42
37.0330,64.6698,48.7308,0.8859420,CCc1ccc(NC=Cc2ccccc2)cc1C=Nc1ccc(N=Nc2ccc(C=Cc3ccc(N=Cc4ccc(N=Cc5ccc(N=Cc6ccc(N(CC)CC)cc6)cc5)cc4)cc3)cc2)cc1,1,C(=Cc1ccccc1)Nc1cccc(C=Nc2ccc(N=Nc3ccc(C=Cc4ccc(N=Cc5ccc(N=Cc6ccc(N=Cc7ccccc7)cc6)cc5)cc4)cc3)cc2)c1,0.9835645,444.4255,0.0497376,0.0497,0.4646263,3.8326,1.0000000,1.0000,[],42
15.8161,31.5743,91.2923,0.9598950,N#CC(C#N)=Cc1ccc2c(c1)C=Cc1ccccc1N2c1ccccc1,1,C1=Cc2ccccc2N(c2ccccc2)c2ccccc21,0.9959034,460.3553,0.4142256,0.4142,0.5888636,2.6478,1.0000000,1.0000,[],42
23.6207,45.1608,10.2046,0.4325420,CCN(CC)c1ccc(C=Cc2ccc3c4c(c5ccc6ccccc6c5c3c2)C(=O)c2ccccc2C4=O)cc1,1,O=C1c2ccccc2C(=O)c2c1c1ccc(C=Cc3ccccc3)cc1c1c2ccc2ccccc21,0.4430948,522.4821,0.1643344,0.1643,0.5878000,2.6568,1.0000000,1.0000,[],42
33.4157,59.3322,55.5268,0.8973357,CCN(CC)c1ccc(C=Cc2c(C)c3c(c4cc(C=C(C#N)c5ccccc5)ccc24)C(=O)C=C3)cc1,1,O=C1C=Cc2cc(C=Cc3ccccc3)c3ccc(C=Cc4ccccc4)cc3c21,0.9520477,487.5538,0.1912160,0.1912,0.5484957,3.0029,1.0000000,1.0000,[],42
49.9364,56.4805,48.8663,0.8230218,N=Cc1ccc(Oc2ccccc2OSc2ccc(N=Nc3ccccc3)cc2C=Cc2ccccc2)cc1,1,C(=Cc1cc(N=Nc2ccccc2)ccc1SOc1ccccc1Oc1ccccc1)c1ccccc1,0.8917633,422.8969,0.0850034,0.0850,0.5489805,2.9985,1.0000000,1.0000,[],42
18.4715,28.8762,-26.3101,0.0200474,N#CC(C#N)=Cc1cscc1C=C(C#N)C#N,1,c1ccsc1,0.0167365,355.7749,0.7370373,0.7370,0.4760023,3.7117,1.0000000,1.0000,[],42
22.8095,46.5689,71.7212,0.9241417,CN1C(=C(C=Cc2ccc(N(c3ccc(C=C(C#N)C#N)cc3)c3ccc(C=C(C#N)C#N)cc3)cc2)c2ccccc2)Sc2ccccc21,1,C(=Cc1ccc(N(c2ccccc2)c2ccccc2)cc1)C(=C1Nc2ccccc2S1)c1ccccc1,0.9908204,450.8293,0.1526166,0.1526,0.5032302,3.4335,1.0000000,1.0000,[],42
40.2088,55.3515,35.0286,0.7060944,N#CC(C#N)=Cc1ccc(C(C#N)C#N)c(C=Nc2ccc(-c3cccc(N=Cc4ccc(N(c5ccccc5)c5ccccc5)cc4)c3)cc2C#N)c1,1,C(=Nc1ccc(-c2cccc(N=Cc3ccc(N(c4ccccc4)c4ccccc4)cc3)c2)cc1)c1ccccc1,0.7563615,412.2996,0.1030393,0.1030,0.4830414,3.6383,1.0000000,1.0000,[],42
23.5228,49.4058,70.2398,0.9347313,CCN(CC)c1ccc(C=CC(=O)C(C#N)=Cc2cccc(N(C)c3ccc(C=C(C#N)C#N)cc3)c2)cc1,1,O=C(C=Cc1ccccc1)C=Cc1cccc(Nc2ccccc2)c1,0.9904751,450.4245,0.2165242,0.2165,0.5351932,3.1256,1.0000000,1.0000,[],42
32.9546,51.7465,67.1327,0.9287440,N#CC(C#N)=Cc1ccc(N(c2ccccc2)c2ccc(-c3csc4nc(-c5ccco5)c(-c5ccccc5)c(C#N)c34)cc2)cc1,1,c1ccc(-c2cc3c(-c4ccc(N(c5ccccc5)c5ccccc5)cc4)csc3nc2-c2ccco2)cc1,0.9924729,453.0023,0.1641474,0.1641,0.5343351,3.1337,1.0000000,1.0000,[],42
27.6450,54.9058,-54.5730,0.0026000,N#CC(=Cc1ccc(N(c2ccccc2)c2ccc(C=CC3=C(C#N)C(=Cc4ccc(N(c5ccccc5)c5ccccc5)cc4)C=C(C=Cc4ccccc4)C3=O)cc2)cc1)c1ccccc1,1,O=C1C(C=Cc2ccccc2)=CC(=Cc2ccc(N(c3ccccc3)c3ccccc3)cc2)C=C1C=Cc1ccc(N(c2ccccc2)c2ccc(C=Cc3ccccc3)cc2)cc1,0.0020859,586.9951,0.0852379,0.0852,0.4863074,3.6046,1.0000000,1.0000,[],42
21.2620,36.3307,83.3494,0.9350007,N#CC(C#N)=Cc1ccc(N2C(=Cc3ccc(N(c4ccccc4)c4ccccc4)cc3)Cc3ccccc32)cc1,1,C(=C1Cc2ccccc2N1c1ccccc1)c1ccc(N(c2ccccc2)c2ccccc2)cc1,0.9910927,468.8409,0.2068890,0.2069,0.5643682,2.8602,1.0000000,1.0000,[],42
17.4703,26.4565,91.3341,0.9202391,O=C1C(=Cc2ccc(C=Cc3ccccc3)cc2)C(=O)c2ccccc21,1,O=C1C(=Cc2ccc(C=Cc3ccccc3)cc2)C(=O)c2ccccc21,0.9535873,432.8181,0.3684254,0.3684,0.6697126,2.0045,1.0000000,1.0000,[],42
21.6935,39.5504,-34.7660,0.0373782,N#CC(C#N)=Cc1cc(-c2ccc3cc(C#N)ccc3c2)nc2ccccc12,1,c1ccc2cc(-c3ccc4ccccc4n3)ccc2c1,0.0325906,363.1870,0.4527077,0.4527,0.5961239,2.5865,1.0000000,1.0000,[],43
22.1599,40.9768,82.1989,0.9623102,N#CC(C#N)=Cc1ccc(N=Nc2cc3ccccc3cc2C#N)cc1,1,c1ccc(N=Nc2ccc3ccccc3c2)cc1,0.9957255,459.1813,0.4634729,0.4635,0.5689657,2.8197,1.0000000,1.0000,[],43
38.7931,62.8569,47.8979,0.8652724,Cc1cc(N=O)c(C=C(C#N)C#N)cc1C=Cc1ccc(N(C2=C(Cl)C(=O)c3ccccc3C2=O)c2ccc(C=C(C#N)C#N)cc2)cc1,1,O=C1C=C(N(c2ccccc2)c2ccc(C=Cc3ccccc3)cc2)C(=O)c2ccccc21,0.9370441,490.6819,0.1029476,0.1029,0.4787592,3.6828,1.0000000,1.0000,[],43
36.9377,62.7741,49.8827,0.8801309,CC(=Nc1ccc(-c2ccc(C=Nc3ccc(C=Cc4c5ccccc5cc5ccccc45)cc3)o2)cc1)c1ccc(N=Nc2ccc(C=C(C#N)C#N)cc2)cc1,1,C(=Cc1c2ccccc2cc2ccccc12)c1ccc(N=Cc2ccc(-c3ccc(N=Cc4ccc(N=Nc5ccccc5)cc4)cc3)o2)cc1,0.9783068,441.3538,0.0456479,0.0456,0.4905313,3.5613,1.0000000,1.0000,[],43
31.0138,53.2993,-49.4978,0.0296990,CC[n+]1c(C=Cc2ccc(N(c3ccccc3)c3ccccc3)cc2C#N)c(C=C(C#N)C#N)cc2ccc3ccccc3c21,1,C(=Cc1ccc2ccc3ccccc3c2[nH+]1)c1ccc(N(c2ccccc2)c2ccccc2)cc1,0.0268605,558.9765,0.1074382,0.1074,0.5098236,3.3685,1.0000000,1.0000,[],43
27.5645,52.2766,64.9448,0.9157917,Cc1cc(N(c2ccccc2)c2ccccc2)ccc1C=Cn1c2ccccc2c2cc(-c3ccc(N(c4ccc(C=C(C#N)C#N)cc4)c4ccc5ccccc5c4)cc3)ccc21,1,C(=Cn1c2ccccc2c2cc(-c3ccc(N(c4ccccc4)c4ccc5ccccc5c4)cc3)ccc21)c1ccc(N(c2ccccc2)c2ccccc2)cc1,0.9869699,446.9839,0.1289839,0.1290,0.4949913,3.5161,1.0000000,1.0000,[],43
38.2590,67.8616,49.0441,0.9133260,CC=CC=C(C=C(C#N)C#N)c1ccc(N(c2ccc(C=C(C#N)C#N)cc2)c2ccc(C=C(C#N)C#N)c(-c3ccc(C=C(C#N)C#N)cc3C=C(C#N)C#N)c2)cc1,1,c1ccc(-c2cccc(N(c3ccccc3)c3ccccc3)c2)cc1,0.9947445,463.0725,0.1025712,0.1026,0.4201969,4.3352,1.0000000,1.0000,[],43
33.9997,46.6621,-46.6621,0.0000000,c1c2c(cccc2ccc1)-c1n2c(c(nc2)-c2sc(cc2)C=C(C#N)C#N)nc1,0,,0.0000000,0.0000,0.0000000,0.0000,0.0000000,0.0000,0.0000000,0.0000,None,43
46.7536,77.7567,35.1616,0.8821739,CCCCCCCCN1c2ccccc2C(C)(c2ccc(N(C)c3ccc(C=C(C#N)C#N)cc3)cc2C)c2cc(C=C(C)c3ccc(N=Cc4ccc(N(c5ccccc5)c5ccccc5)cc4)cc3C)ccc21,1,C(=Cc1ccc2c(c1)C(c1ccc(Nc3ccccc3)cc1)c1ccccc1N2)c1ccc(N=Cc2ccc(N(c3ccccc3)c3ccccc3)cc2)cc1,0.9912404,451.3423,0.0370772,0.0371,0.4032247,4.5413,1.0000000,1.0000,[],43
57.2788,85.4873,28.4810,0.8903773,CCN(CC)c1ccc(C=Cc2c(N(C)c3ccc(N(C)C)cc3)c(C)c3cc4ccccc4c(C=Cc4ccccc4)c3c2C(C)=Cc2ccc(N(c3ccccc3)c3ccc(C=C(C#N)C#N)cc3)cc2)cc1,1,C(=Cc1c(Nc2ccccc2)cc2cc3ccccc3c(C=Cc3ccccc3)c2c1C=Cc1ccc(N(c2ccccc2)c2ccccc2)cc1)c1ccccc1,0.9871010,472.9049,0.0546148,0.0546,0.4370825,4.1382,1.0000000,1.0000,[],43
23.8975,36.0869,-26.6947,0.0733766,CCN(CC)C(=O)C=Cc1ccc(N2c3ccccc3C(C)(C)c3ccccc32)cc1,1,c1ccc(N2c3ccccc3Cc3ccccc32)cc1,0.0662953,371.2818,0.4381953,0.4382,0.6236783,2.3606,1.0000000,1.0000,[],43
46.2558,92.7793,-80.2824,0.0976322,CCN(CC)c1ccc(C=Cc2cc(N=Nc3ccc([SH](=O)=NC(=Cc4ccc(N=Nc5ccc(N=Nc6ccccc6)cc5)cc4)c4ccc5cc(C=C(C#N)C#N)ccc5c4)cc3)ccc2C=C(C#N)C#N)cc1,1,O=[SH](=NC(=Cc1ccc(N=Nc2ccc(N=Nc3ccccc3)cc2)cc1)c1ccc2ccccc2c1)c1ccc(N=Nc2cccc(C=Cc3ccccc3)c2)cc1,0.0976534,544.1422,0.0406541,0.0407,0.3596317,5.1134,1.0000000,1.0000,[],43
37.8269,41.8457,-40.9909,0.0066785,CC[N+](=C[O-])c1ccc(C=Cc2cccc3ccccc23)cc1,1,C(=Cc1cccc2ccccc12)c1ccccc1,0.0053865,343.3414,0.3087179,0.3087,0.5787007,2.7348,1.0000000,1.0000,[],43
45.8854,67.8663,-23.4935,0.3466627,N#CC(C#N)=Cc1ccc(-c2ccc(C=Nc3ccc4c(c3)-c3ccccc3C(c3ccc(C=C(C#N)C#N)cc3-c3ccc(C=C(C#N)C#N)cc3)C4)cc2)cc1,1,C(=Nc1ccc2c(c1)-c1ccccc1C(c1ccccc1-c1ccccc1)C2)c1ccc(-c2ccccc2)cc1,0.3574819,393.6342,0.1116836,0.1117,0.4403554,4.1009,1.0000000,1.0000,[],43
23.4818,42.9400,76.0309,0.9294598,N#CC(C#N)=Cc1cc(N(c2ccccc2)c2ccccc2)cc2ccc(-c3ccc4c(ccc5ccccc54)c3)cc12,1,c1ccc(N(c2ccccc2)c2ccc3cc(-c4ccc5c(ccc6ccccc65)c4)ccc3c2)cc1,0.9928180,466.4844,0.1590450,0.1590,0.5727217,2.7868,1.0000000,1.0000,[],43
23.9980,36.1151,81.8858,0.9218818,COc1ccc(C=C2c3ccccc3-c3cc(C=C(C#N)C#N)ccc32)cc1,1,C(=C1c2ccccc2-c2ccccc21)c1ccccc1,0.9518023,432.3880,0.4406855,0.4407,0.6117873,2.4569,1.0000000,1.0000,[],43
26.6117,53.7866,-53.7866,0.0000000,c1cc2c(oc(c(c2)C=C(C#N)C#N)=C(C#N)C#N)cc1N=c1c(C#N)cc2ccccc2c1,0,,0.0000000,0.0000,0.0000000,0.0000,0.0000000,0.0000,0.0000000,0.0000,None,43
18.5238,28.8402,71.3983,0.7831127,CCN(CC)c1ccc(C=CC(=C(C#N)C#N)c2ccc3ccccc3c2)cc1,1,C=C(C=Cc1ccccc1)c1ccc2ccccc2c1,0.8059018,504.5435,0.3794548,0.3795,0.5943932,2.6011,1.0000000,1.0000,[],43
32.0701,49.1641,67.4325,0.9109109,CCCCCCCCn1c2ccc(-c3ccc(N(c4ccc(C=C(C#N)C#N)cc4)c4ccc5ccccc5c4)cc3)cc2c2ccc(C=C(C#N)C#N)cc21,1,c1ccc(N(c2ccc(-c3ccc4[nH]c5ccccc5c4c3)cc2)c2ccc3ccccc3c2)cc1,0.9931499,454.0330,0.0869559,0.0870,0.5089118,3.3774,1.0000000,1.0000,[],43
47.4162,84.4955,32.8444,0.9167178,CCC(C)=Cc1cc2ccccc2oc(=O)c1=Nc1ccc2c(c1)SCC(c1ccc(N=Nc3ccc(C=C(C#N)C#N)c(C)c3)cc1)=N2,1,O=c1oc2ccccc2ccc1=Nc1ccc2c(c1)SCC(c1ccc(N=Nc3ccccc3)cc1)=N2,0.9897766,470.3515,0.1269628,0.1270,0.4658578,3.8194,1.0000000,1.0000,[],43
35.4423,62.4253,53.0742,0.9023393,CCN(c1ccc(C=Cc2c(C)cc(C=C=O)c(C=Cc3ccc(N(c4ccccc4)c4ccccc4)cc3)c2C=C(C#N)C#N)cc1)c1ccc(C=C(C#N)C#N)cc1,1,C(=Cc1cccc(C=Cc2ccc(N(c3ccccc3)c3ccccc3)cc2)c1)c1ccc(Nc2ccccc2)cc1,0.9944231,456.2795,0.0650718,0.0651,0.4610770,3.8710,1.0000000,1.0000,[],43
46.8826,73.5215,-3.3847,0.5479438,CCCCCCN(CCC#N)c1ccccc1C1(C)C(=O)c2ccc(S(c3cccc(C=C(C#N)C#N)c3)=c3ccc4ccccc4nc3)cc21,1,O=C1c2ccc(S(c3ccccc3)=c3ccc4ccccc4nc3)cc2C1c1ccccc1,0.5876437,403.8460,0.0735260,0.0735,0.4019954,4.5566,1.0000000,1.0000,[],43
27.4173,52.4482,56.2770,0.8494151,N#CC(C#N)=Cc1ccc2c(-c3cccc(N=Cc4ccc(C=C(C#N)C#N)c(C=C(C#N)C#N)c4)c3)cccc2c1,1,C(=Nc1cccc(-c2cccc3ccccc23)c1)c1ccccc1,0.9017984,424.0748,0.1832269,0.1832,0.4941025,3.5251,1.0000000,1.0000,[],43
46.5620,73.3931,43.4891,0.9131419,CCC(=Cc1c(C=C(C#N)C#N)cc2c(c1C=Cc1cccc3ccccc13)CCN2c1ccc(C=C(C#N)C#N)cc1)c1ccc(C=C(C#N)C#N)cc1,1,C(=Cc1ccc2c(c1C=Cc1cccc3ccccc13)CCN2c1ccccc1)c1ccccc1,0.9908320,450.8432,0.1094704,0.1095,0.4549531,3.9378,1.0000000,1.0000,[],43
40.1764,58.8889,-51.6408,0.0566261,N#CC(C#N)=Cc1ccc(N(c2ccccc2)c2ccc(C=Cc3cccc(-c4ccccc4)c3C3=CC(=C(C#N)C#N)C=C(N(c4ccccc4)c4ccccc4)C3=O)cc2)cc1,1,C=C1C=C(c2c(C=Cc3ccc(N(c4ccccc4)c4ccccc4)cc3)cccc2-c2ccccc2)C(=O)C(N(c2ccccc2)c2ccccc2)=C1,0.0532887,551.2396,0.0941185,0.0941,0.4733021,3.7401,1.0000000,1.0000,[],43
25.7357,48.4588,65.1158,0.8873017,CC(C)C(=O)c1ccc(N(c2ccc(C=C(C#N)C#N)cc2)c2ccc(C=C(C=Cc3ccc(N(c4ccccc4)c4ccccc4)cc3)c3ccccc3)cc2)cc1,1,C(=Cc1ccc(N(c2ccccc2)c2ccccc2)cc1)C(=Cc1ccc(N(c2ccccc2)c2ccccc2)cc1)c1ccccc1,0.9820083,443.4261,0.0506200,0.0506,0.5267597,3.2051,1.0000000,1.0000,[],43
35.3281,52.8716,69.0428,0.9524562,CN(C)C(=O)c1cccc(C=C=Cc2ccccc2C=Cc2ccc(C=C(C#N)C#N)o2)c1,1,C(=Cc1ccccc1)=Cc1ccccc1C=Cc1ccco1,0.9948884,462.7695,0.3589558,0.3590,0.5192861,3.2765,1.0000000,1.0000,[],43
50.4357,66.5244,-66.5244,0.0000000,C(C)(c1cc(N2C(c3cccc4cccc(C=c5c6ccc(Cl)cc6oc5C=C2C=C(C#N)C#N)c43)=O)ccc1[N+](=O)[O-])=O,0,,0.0000000,0.0000,0.0000000,0.0000,0.0000000,0.0000,0.0000000,0.0000,None,43
35.2879,58.6192,26.5339,0.6652593,CC1=Cc2ccc(-c3cc4cc(C=C(C#N)C#N)ccc4c4ccccc34)cc2C(=C(C#N)C#N)c2cc(N(c3ccccc3)c3ccccc3)ccc21,1,C=C1c2cc(-c3cc4ccccc4c4ccccc34)ccc2C=Cc2ccc(N(c3ccccc3)c3ccccc3)cc21,0.7043312,409.4243,0.1324372,0.1324,0.4978840,3.4869,1.0000000,1.0000,[],43
20.0444,30.7502,-30.7502,0.0000000,[C-]#[N+]N(CCC)c1ccc(C=C(C#N)C#N)cc1,1,c1ccccc1,0.0000000,0.0000,0.0000000,0.0000,0.0000000,0.0000,0.0000000,0.0000,['[#7;!n][#7;!n]'],43
33.8666,52.2824,67.4543,0.9354431,CN(c1ccc(C=C(C#N)C#N)cc1)c1ccc(C=C2CCCc3cc(N=Nc4ccccc4)c(F)cc32)cc1,1,C(=C1CCCc2cc(N=Nc3ccccc3)ccc21)c1ccc(Nc2ccccc2)cc1,0.9959816,459.8550,0.1865902,0.1866,0.5340689,3.1362,1.0000000,1.0000,[],43
23.1465,53.7418,59.1651,0.8820849,N#CC(C#N)=Cc1ccc(N=Nc2ccc(N=Nc3ccc(C(=C(C#N)C#N)c4ccc(N=Nc5ccc(C=C(C#N)C#N)cc5)cc4)cc3)cc2)cc1,1,C=C(c1ccc(N=Nc2ccccc2)cc1)c1ccc(N=Nc2ccc(N=Nc3ccccc3)cc2)cc1,0.9555545,486.6893,0.1020882,0.1021,0.5010957,3.4548,1.0000000,1.0000,[],43
20.2227,40.6701,70.0701,0.8651579,Cc1cc(N=Nc2ccc(N=Nc3ccc(N=Cc4ccc(N(c5ccccc5)c5ccccc5)cc4)cc3)cc2)ccc1C=C(C#N)C#N,1,C(=Nc1ccc(N=Nc2ccc(N=Nc3ccccc3)cc2)cc1)c1ccc(N(c2ccccc2)c2ccccc2)cc1,0.9414996,489.8335,0.0837701,0.0838,0.5172246,3.2964,1.0000000,1.0000,[],43
31.1135,58.7974,45.9659,0.8184632,CCN(c1ccc(C=C(C=C(C#N)C#N)c2ccccc2)cc1)c1ccc(-c2ccc(N(c3ccccc3)c3ccc(-c4ccc(C=C(C#N)C#N)c(C)c4)cc3)cc2)cc1,1,C(=Cc1ccc(Nc2ccc(-c3ccc(N(c4ccccc4)c4ccc(-c5ccccc5)cc4)cc3)cc2)cc1)c1ccccc1,0.8942344,496.8223,0.0694385,0.0694,0.4938756,3.5274,1.0000000,1.0000,[],43
33.6944,40.7354,26.7336,0.5271020,COc1ccc(N(c2ccc(C=Cc3ccc(N(c4ccccc4)c4ccccc4)cc3)cc2)c2ccc(N(c3ccccc3)c3ccc(C=C(C)c4ccccc4)cc3)cc2)cc1,1,C(=Cc1ccc(N(c2ccccc2)c2ccc(N(c3ccccc3)c3ccc(C=Cc4ccc(N(c5ccccc5)c5ccccc5)cc4)cc3)cc2)cc1)c1ccccc1,0.5543680,402.3705,0.1016623,0.1017,0.5669971,2.8370,1.0000000,1.0000,[],43
41.5132,57.7681,61.9666,0.9354273,Cc1ccc2cc(=Nc3cccc(-c4cc(C=Cc5ccc(N(c6ccccc6)c6ccccc6)cc5)[nH]n4)c3)scc2c1,1,C(=Cc1cc(-c2cccc(N=c3cc4ccccc4cs3)c2)n[nH]1)c1ccc(N(c2ccccc2)c2ccccc2)cc1,0.9934497,454.5222,0.2019054,0.2019,0.5349938,3.1275,1.0000000,1.0000,[],43
39.7926,43.6365,-21.2575,0.1748360,Cn1c(=NC(=O)c2ccc(Cl)cc2Cl)c(-c2ccc(Cl)cc2)cc2cc(Cl)ccc21,1,O=C(N=c1[nH]c2ccccc2cc1-c1ccccc1)c1ccccc1,0.1673871,382.5820,0.3014619,0.3015,0.6108097,2.4648,1.0000000,1.0000,[],43
24.2452,41.2029,62.1387,0.8073560,N#CC(C#N)=Cc1ccc(N=Nc2ccc3sc4c(c(=O)c3c2)C(=O)c2ccccc2C4=O)cc1,1,O=C1c2ccccc2C(=O)c2c1sc1ccc(N=Nc3ccccc3)cc1c2=O,0.8460257,501.5016,0.2394193,0.2394,0.5417468,3.0648,1.0000000,1.0000,[],43
18.3741,37.4894,82.5106,0.9374999,CN(c1ccc(C=Nc2ccc(C=C(C#N)C#N)cc2)cc1)c1ccc2ccccc2c1,1,C(=Nc1ccccc1)c1ccc(Nc2ccc3ccccc3c2)cc1,0.9849514,445.3980,0.2677341,0.2677,0.5885743,2.6503,1.0000000,1.0000,[],43
23.0170,53.6216,64.1365,0.9199848,N#CC(C#N)=Cc1ccc(N(c2ccc(C=C(C#N)C#N)cc2)c2cccc(N(c3ccc(C=C(C#N)C#N)cc3)c3ccc4c(c3)C(=C(C#N)C#N)c3ccccc3C=C4)c2)cc1,1,C=C1c2ccccc2C=Cc2ccc(N(c3ccccc3)c3cccc(N(c4ccccc4)c4ccccc4)c3)cc21,0.9939209,455.3377,0.1263290,0.1263,0.4597985,3.8848,1.0000000,1.0000,[],43
20.2476,42.3356,74.1960,0.9104037,N#CC(C#N)=Cc1ccc(N=Nc2ccc(C(C#N)=Cc3ccc4cc5ccccc5cc4c3)cc2)cc1,1,C(=Cc1ccc2cc3ccccc3cc2c1)c1ccc(N=Nc2ccccc2)cc1,0.9840482,444.7552,0.1075375,0.1075,0.5572900,2.9233,1.0000000,1.0000,[],43
20.6936,32.8902,89.9822,0.9599412,CCN(CC)c1ccc(S(=O)(=C(C#N)C#N)c2ccccc2OC)cc1,1,C=S(=O)(c1ccccc1)c1ccccc1,0.9807876,442.6999,0.7308100,0.7308,0.5208504,3.2615,1.0000000,1.0000,[],43
31.9629,57.5058,49.7783,0.8381574,N#CC(C#N)=Cc1ccc(Nc2ccc(N(c3ccc(C=C(C#N)c4ccc(C=C(C#N)C#N)cc4)cc3)c3ccc(N=Cc4ccc(C=C(C#N)C#N)s4)cc3)cc2)cc1,1,C(=Cc1ccc(N(c2ccc(N=Cc3cccs3)cc2)c2ccc(Nc3ccccc3)cc2)cc1)c1ccccc1,0.9173158,493.8726,0.0711261,0.0711,0.4662179,3.8155,1.0000000,1.0000,[],43
62.9896,77.0532,-77.0532,0.0000000,[B]C(=C)C(C#N)=C(C=CC)N(C)N(C=C)c1ccc(-c2ccc(C=C(C#N)C#N)cc2)c(OC)c1,1,c1ccc(-c2ccccc2)cc1,0.0000000,0.0000,0.0000000,0.0000,0.0000000,0.0000,0.0000000,0.0000,['[#7;!n][#7;!n]'],43
15.0368,28.4986,-28.4986,0.0000000,N#CC(C#N)=Cc1ccc(N(c2ccccc2)c2ccc(C=C(C#N)C#N)cc2)cc1,1,c1ccc(N(c2ccccc2)c2ccccc2)cc1,0.9902225,469.8624,0.4903937,0.4904,0.5877552,2.6572,1.0000000,1.0000,[],43
43.4615,62.5725,52.3236,0.8976258,Cc1nc(N=Cc2ccc(N(c3ccc(F)cc3)c3ccc(C=C(C#N)C#N)cc3)cc2)c(C#N)c(-c2ccc(N(c3ccc(F)cc3)c3ccc(C=C(C#N)C#N)cc3)cc2)n1,1,C(=Nc1cc(-c2ccc(N(c3ccccc3)c3ccccc3)cc2)ncn1)c1ccc(N(c2ccccc2)c2ccccc2)cc1,0.9777161,441.0556,0.0911981,0.0912,0.4782767,3.6878,1.0000000,1.0000,[],43
18.3984,32.2794,83.5942,0.9052625,N#CC(C#N)=Cc1ccc(N(c2ccccc2)c2ccc(-c3ccc(-c4ccc(C=C(C#N)C#N)s4)s3)cc2)cc1,1,c1ccc(N(c2ccccc2)c2ccc(-c3ccc(-c4cccs4)s3)cc2)cc1,0.9625942,484.7374,0.1842858,0.1843,0.5332543,3.1438,1.0000000,1.0000,[],43
35.0342,71.7166,-12.9249,0.4593109,CCN(CC)c1ccc(C=CC(=Cc2cc(C)c(N3C(=Cc4ccc(N(CC)CC)cc4)C=Cc4ccc(C=C(C#N)C#N)cc43)c(C)c2)c2ccc(C=C(C#N)C#N)cc2)cc1,1,C(=Cc1ccccc1)C(=Cc1ccc(N2C(=Cc3ccccc3)C=Cc3ccccc32)cc1)c1ccccc1,0.4896424,520.4499,0.0623735,0.0624,0.4401340,4.1034,1.0000000,1.0000,[],43
41.0627,46.7368,-31.7467,0.1171101,CCN(CC)c1ccc(C(=O)C(C(N)=O)N2C(=O)C(C)(c3ccc(N)cc3)C2=O)cc1,1,O=C(CN1C(=O)C(c2ccccc2)C1=O)c1ccccc1,0.1103490,377.3387,0.2871086,0.2871,0.5142212,3.3255,1.0000000,1.0000,[],43
26.1166,24.1740,-24.1740,0.0000000,CC(C)(C)OC(=O)C1CCCCN1C=O,1,C1CCNCC1,0.0000000,0.0000,0.0000000,0.0000,0.0000000,0.0000,0.0000000,0.0000,"['C(=[O,S])[O,S]']",43
55.0477,77.2024,-77.2024,0.0000000,n1c(C(=Cc2c(c(F)c(N(CC)CC)cc2)CCCCCC)C#N)c(C#N)c(c(-c2sccc2)c2c1cc(C=C(C#N)C#N)cc2)C#N,0,,0.0000000,0.0000,0.0000000,0.0000,0.0000000,0.0000,0.0000000,0.0000,None,43
21.6579,42.8264,70.3823,0.8844433,N#CC(C#N)=Cc1sc(-c2cccc3ccccc23)nc1N=Cc1ccc(N(c2ccccc2)c2ccccc2)cc1,1,C(=Nc1csc(-c2cccc3ccccc23)n1)c1ccc(N(c2ccccc2)c2ccccc2)cc1,0.9460532,488.9012,0.1446121,0.1446,0.5460126,3.0256,1.0000000,1.0000,[],43
18.2246,32.6243,63.7619,0.7530166,N#CC(C#N)=Cc1ccc(-c2ccc(C=C(C#N)C#N)cc2O)cc1,1,c1ccc(-c2ccccc2)cc1,0.7544056,412.1847,0.8596486,0.8596,0.5656057,2.8493,1.0000000,1.0000,[],43
27.2326,42.2915,-26.7075,0.1217503,Cc1ccccc1-c1ccc(-c2nc(-c3ccc(C=C(C#N)C#N)cc3)nc(-c3ccc(C=C(C#N)C#N)cc3)n2)cc1,1,c1ccc(-c2ccc(-c3nc(-c4ccccc4)nc(-c4ccccc4)n3)cc2)cc1,0.1160775,377.9583,0.1972496,0.1972,0.5694426,2.8155,1.0000000,1.0000,[],43
32.7763,54.5835,63.3001,0.9209650,CN(c1ccc(C=C(C#N)C#N)cc1)c1ccc(-c2cc(C=C(C#N)c3ccccc3)cc(-c3ccc4ccccc4c3)c2C#N)cc1,1,C(=Cc1cc(-c2ccc(Nc3ccccc3)cc2)cc(-c2ccc3ccccc3c2)c1)c1ccccc1,0.9904127,450.3529,0.1317497,0.1317,0.5385960,3.0939,1.0000000,1.0000,[],43
28.7587,44.1102,70.8529,0.8981493,CCN(CC)c1ccc(C=CC(=O)c2cc(C=Cc3ccc(N(CC)CC)cc3)cc(C(C)C)c2)cc1,1,O=C(C=Cc1ccccc1)c1cccc(C=Cc2ccccc2)c1,0.9603374,434.6011,0.1430786,0.1431,0.5873994,2.6603,1.0000000,1.0000,[],43
26.7085,41.5775,51.5328,0.7274239,O=CC(C=Cc1ccc(N=Cc2ccc3ccccc3c2)cc1)=Cc1cccs1,1,C(C=Cc1cccs1)=Cc1ccc(N=Cc2ccc3ccccc3c2)cc1,0.7683488,413.0181,0.1508213,0.1508,0.5723472,2.7900,1.0000000,1.0000,[],43
26.7149,48.1060,55.7356,0.8112625,CCN(CC)c1ccc2cc(C(=O)Nc3ccc(N=Nc4ccc(N=Nc5ccc(C=C(C#N)C#N)cc5C)cc4)cc3)ccc2c1,1,O=C(Nc1ccc(N=Nc2ccc(N=Nc3ccccc3)cc2)cc1)c1ccc2ccccc2c1,0.8687680,499.4784,0.1235141,0.1235,0.5279147,3.1941,1.0000000,1.0000,[],43
32.4952,50.5943,66.6908,0.9162901,COc1ccc(N(c2ccc(N(C=C(C#N)C#N)c3ccc(C=C(C#N)C#N)cc3)cc2)c2ccc3c(c2)C(=O)c2ccccc2C3=O)cc1,1,O=C1c2ccccc2C(=O)c2cc(N(c3ccccc3)c3ccc(Nc4ccccc4)cc3)ccc21,0.9824709,476.2860,0.1484064,0.1484,0.5120175,3.3470,1.0000000,1.0000,[],43
26.8134,49.8038,68.4469,0.9238338,N#CC(C#N)=Cc1ccc2c(c1)C=Cc1ccccc1N2c1ccc(N=Nc2ccc(-c3ccc(N=Nc4ccccc4)cc3)cc2)cc1,1,C1=Cc2ccccc2N(c2ccc(N=Nc3ccc(-c4ccc(N=Nc5ccccc5)cc4)cc3)cc2)c2ccccc21,0.9949991,457.4693,0.1294332,0.1294,0.5188577,3.2806,1.0000000,1.0000,[],43
41.9937,69.1630,-1.9223,0.5253183,CCc1cc(N=Cc2cc(C=CC(=O)C3=CC(=Nc4ccc(N(CC)CC)cc4)C=CC3)ccc2N(CC)CC)ccc1N=Nc1ccc(C=C(C#N)C#N)cc1,1,O=C(C=Cc1cccc(C=Nc2ccc(N=Nc3ccccc3)cc2)c1)C1=CC(=Nc2ccccc2)C=CC1,0.5682952,517.0153,0.0488052,0.0488,0.4427533,4.0737,1.0000000,1.0000,[],43
29.6959,41.7359,76.4895,0.9236358,N#Cc1c(C#N)c(-c2ccccc2)c(N=Nc2ccccc2)c(-c2ccc(N(c3ccccc3)c3ccccc3)cc2)c1C#N,1,c1ccc(N=Nc2c(-c3ccccc3)cccc2-c2ccc(N(c3ccccc3)c3ccccc3)cc2)cc1,0.9831237,444.1333,0.1764626,0.1765,0.5703873,2.8072,1.0000000,1.0000,[],43
20.5865,34.3365,-31.1962,0.0245337,N#CC(C#N)=Cc1c2ccccc2c(C=C(C#N)C#N)c2cc(N(c3ccccc3)c3ccccc3)ccc12,1,c1ccc(N(c2ccccc2)c2ccc3cc4ccccc4cc3c2)cc1,0.0215757,561.4141,0.1794977,0.1795,0.5542539,2.9507,1.0000000,1.0000,[],43
16.5138,29.2606,57.7813,0.6800155,CCN(CC)c1ccc(C=Nc2ccc(C=Cc3ccc(N(c4ccccc4)c4ccccc4)cc3)cc2)cc1,1,C(=Cc1ccc(N(c2ccccc2)c2ccccc2)cc1)c1ccc(N=Cc2ccccc2)cc1,0.7173256,410.1107,0.1344740,0.1345,0.6115858,2.4585,1.0000000,1.0000,[],43
34.1239,49.1725,67.2339,0.9094256,N#CC(C#N)=Cc1ccc(N=Cc2cc(N=Nc3ccc4cc5ccccc5cc4c3)c3ccccc3c2)cc1,1,C(=Nc1ccccc1)c1cc(N=Nc2ccc3cc4ccccc4cc3c2)c2ccccc2c1,0.9858042,446.0408,0.0998102,0.0998,0.5426749,3.0562,1.0000000,1.0000,[],44
31.2857,48.1286,-48.1286,0.0000000,N(C(c1cnn(c1C)-c1ccc(cc1)Cl)=O)=c1sc2c(ccc(c2)N=Cc2ccc(cc2)N(CC)CC)c1C#N,0,,0.0000000,0.0000,0.0000000,0.0000,0.0000000,0.0000,0.0000000,0.0000,None,44
13.8731,22.1205,101.9176,0.9690478,CCN(CC)c1ccccc1C=C(C#N)C#N,1,c1ccccc1,0.9875802,447.5115,0.7400761,0.7401,0.5904131,2.6347,1.0000000,1.0000,[],44
12.4401,24.2634,78.5070,0.8028937,N#CC(C#N)=CNc1ccc(C=C(C#N)C#N)cc1,1,c1ccccc1,0.8086776,415.6502,0.8226587,0.8227,0.5504812,2.9848,1.0000000,1.0000,[],44
41.8959,68.7514,48.3075,0.9145230,CC(C#N)n1c(=NS(=O)(=O)c2ccc(N=Cc3ccc(N(C)c4ccc(C=C(C#N)C#N)cc4)cc3)cc2)ccc2ccsc21,1,O=S(=O)(N=c1ccc2ccsc2[nH]1)c1ccc(N=Cc2ccc(Nc3ccccc3)cc2)cc1,0.9864078,446.5192,0.1337597,0.1338,0.4493245,4.0000,1.0000000,1.0000,[],44
18.4266,46.8923,67.0596,0.8902492,N#CC(C#N)=Cc1ccc(N(c2ccc(C=Nc3ccc(C=Cc4c5ccccc5c(C=C(C#N)C#N)c5ccccc45)cc3)cc2)c2ccc(C=C(C#N)C#N)cc2)cc1,1,C(=Cc1c2ccccc2cc2ccccc12)c1ccc(N=Cc2ccc(N(c3ccccc3)c3ccccc3)cc2)cc1,0.9830521,444.0865,0.0577988,0.0578,0.4845248,3.6229,1.0000000,1.0000,[],44
24.3250,32.8251,-29.3988,0.0267682,N#CC(C#N)=CNc1ccccc1-c1ccc2c3ccccc3c3ccccc3c2c1,1,c1ccc(-c2ccc3c4ccccc4c4ccccc4c3c2)cc1,0.0233232,359.4509,0.2604253,0.2604,0.6130773,2.4463,1.0000000,1.0000,[],44
22.3597,43.1234,63.5983,0.8337633,CCN(CC)c1ccc(C=Nc2ccc(C=Cc3ccc(N=Nc4ccc(C=Nc5ccc(C=C(C#N)C#N)s5)cc4)cc3)cc2)cc1,1,C(=Cc1ccc(N=Nc2ccc(C=Nc3cccs3)cc2)cc1)c1ccc(N=Cc2ccccc2)cc1,0.9167191,493.9577,0.0584825,0.0585,0.4958797,3.5071,1.0000000,1.0000,[],44
31.5714,57.9542,-57.9542,0.0000000,Nc1ccc(cc1)C=C1C=c2c(C=Cc3ccc(C=C(C#N)C#N)cc3)ccc(c2C=C1)-c1ccc(N=Cc2ccc(N(CC)CC)cc2)cc1,0,,0.0000000,0.0000,0.0000000,0.0000,0.0000000,0.0000,0.0000000,0.0000,None,44
32.3213,50.7382,67.3142,0.9222844,N#CC(C#N)=Cc1ccc(N(C2=c3ccccc3=CC2)c2ccc(N(c3ccc(C=C(C#N)C#N)cc3)c3cccc4ccccc34)cc2)cc1,1,C1=c2ccccc2=C(N(c2ccccc2)c2ccc(N(c3ccccc3)c3cccc4ccccc34)cc2)C1,0.9891002,471.0544,0.1519376,0.1519,0.4975429,3.4904,1.0000000,1.0000,[],44
24.2139,36.9018,69.1868,0.8288174,CCN(CC)c1ccc(C=CC(=O)CC=C2c3ccccc3C=Cc3ccccc32)cc1,1,O=C(C=Cc1ccccc1)CC=C1c2ccccc2C=Cc2ccccc21,0.8625209,419.9383,0.2972282,0.2972,0.5811006,2.7142,1.0000000,1.0000,[],44
37.1049,66.8202,46.7800,0.8875014,N#CC(=Cc1ccc([N+](=O)[O-])s1)c1ccc(S(=O)(=O)N=Cc2ccc(N=Cc3ccc(N=Cc4ccc(N(c5ccccc5)c5ccccc5)cc4)cc3)cc2)cc1,1,O=S(=O)(N=Cc1ccc(N=Cc2ccc(N=Cc3ccc(N(c4ccccc4)c4ccccc4)cc3)cc2)cc1)c1ccc(C=Cc2cccs2)cc1,0.9844019,445.0025,0.0492007,0.0492,0.4952279,3.5137,1.0000000,1.0000,[],44
29.8897,48.0959,65.5922,0.8881876,N#CC(C#N)=Cc1ccc(N(c2ccc(C=Cc3ccc(N(c4ccc(C=C(C#N)C#N)cc4)c4ccc(C=C(C#N)C(N)=S)cc4)cc3)cc2)c2ccc(C=C(C#N)C#N)cc2)cc1,1,C(=Cc1ccc(N(c2ccccc2)c2ccccc2)cc1)c1ccc(N(c2ccccc2)c2ccccc2)cc1,0.9848070,445.2927,0.0501460,0.0501,0.4905743,3.5609,1.0000000,1.0000,[],44
59.5919,96.9424,17.7178,0.8957829,COc1ccc(N(c2ccc(C=C(C#N)C#N)c(C=C(C#N)C#N)c2)c2cc(C#N)c(C=C(Nc3cc(C=C(C#N)C#N)ccc3OC)c3ccc(N(c4ccc(C=C(C#N)C#N)cc4)c4ccccc4C=C(C#N)C#N)cc3)cc2Br)cc1,1,C(=C(Nc1ccccc1)c1ccc(N(c2ccccc2)c2ccccc2)cc1)c1ccc(N(c2ccccc2)c2ccccc2)cc1,0.9910957,468.8372,0.0654229,0.0654,0.3724390,4.9384,1.0000000,1.0000,[],44
29.0597,54.0801,62.5999,0.9115619,CCOc1cc(S(=O)(=O)N=Cc2ccc(C=C(C#N)C#N)cc2)ccc1N=Nc1ccc(C=C(C#N)C#N)cc1,1,O=S(=O)(N=Cc1ccccc1)c1ccc(N=Nc2ccccc2)cc1,0.9721271,481.4365,0.1752623,0.1753,0.5092478,3.3741,1.0000000,1.0000,[],44
27.1810,40.9039,80.0936,0.9452935,CCN(CC)c1ccc(C=C(C#N)c2cc(=O)cc(C=Cc3ccccc3)[nH]2)cc1,1,O=c1cc(C=Cc2ccccc2)[nH]c(C=Cc2ccccc2)c1,0.9725553,438.7364,0.5408032,0.5408,0.5660374,2.8455,1.0000000,1.0000,[],44
55.8253,65.7150,-65.7150,0.0000000,c1c2ccccc2c(cc1)C=C(C=C(C#N)=Cc1c(OCC)cc2c(c1)ccc(c2)N(CCC)c1ccccc1)C#N,0,,0.0000000,0.0000,0.0000000,0.0000,0.0000000,0.0000,0.0000000,0.0000,None,44
25.2238,38.6484,79.1671,0.9204338,Cc1ccc(N(c2ccc(C=Nc3ccccc3C=Cc3ccccc3)cc2)c2ccc(C=C(C#N)C#N)cc2)cc1,1,C(=Cc1ccccc1N=Cc1ccc(N(c2ccccc2)c2ccccc2)cc1)c1ccccc1,0.9941009,455.6660,0.1117486,0.1117,0.5614597,2.8861,1.0000000,1.0000,[],44
36.9467,64.7928,53.2640,0.9223189,CCCN1C(=Cc2ccc3c(c2)C(C)(C)c2cc(N=Cc4ccc(N(CC)CC)cc4)ccc2C3=O)Cc2ccc(C=C(C#N)C#N)cc21,1,O=C1c2ccc(C=C3Cc4ccccc4N3)cc2Cc2cc(N=Cc3ccccc3)ccc21,0.9934319,465.5074,0.1340483,0.1340,0.4887675,3.5793,1.0000000,1.0000,[],44
20.3681,39.4806,79.1956,0.9271582,N#CC(C#N)=Cc1ccc(N(c2ccc(C=C(C#N)C#N)cc2)c2ccc(-c3ccc(-c4ccc(C=C(C#N)C#N)c(C#N)c4)cc3)cc2)cc1,1,c1ccc(-c2ccc(-c3ccc(N(c4ccccc4)c4ccccc4)cc3)cc2)cc1,0.9940628,464.4042,0.1493780,0.1494,0.5237274,3.2339,1.0000000,1.0000,[],44
18.1137,35.8857,85.5237,0.9485114,Cc1cc(N(c2ccc(C=C(C#N)C#N)cc2)c2ccc(C=C(C#N)C#N)cc2)ccc1C=C(C#N)C#N,1,c1ccc(N(c2ccccc2)c2ccccc2)cc1,0.9911896,451.2790,0.3490343,0.3490,0.5252691,3.2192,1.0000000,1.0000,[],44
22.2680,51.3088,67.0288,0.9245127,N#CC(C#N)=Cc1ccc(N(c2ccc(C=C(C#N)C#N)cc2)c2ccc3cc4c(cc(C=C(C#N)C#N)n4-c4ccc(C=C(C#N)C#N)cc4)cc3c2)cc1,1,c1ccc(N(c2ccccc2)c2ccc3cc4c(ccn4-c4ccccc4)cc3c2)cc1,0.9959939,459.8883,0.1375887,0.1376,0.4683601,3.7926,1.0000000,1.0000,[],44
28.7718,52.3279,65.1937,0.9181374,N#CC(C#N)=Cc1ccc(N=Nc2ccc(C=Nc3ccc(Nc4ccc5[nH]ncc5c4)cc3)cc2)cc1,1,C(=Nc1ccc(Nc2ccc3[nH]ncc3c2)cc1)c1ccc(N=Nc2ccccc2)cc1,0.9859694,473.8304,0.1359567,0.1360,0.5454690,3.0305,1.0000000,1.0000,[],44
33.0373,46.2669,-46.2669,0.0000000,c1c2c3ccccc3sc2cc2c(N(c3cc(ccc3)C=C(C#N)C#N)C2=O)c1,0,,0.0000000,0.0000,0.0000000,0.0000,0.0000000,0.0000,0.0000000,0.0000,None,44
42.4465,44.0371,-42.9674,0.0083573,CCCCC1c2cc3c(ccc4ccccc43)cc2-c2c(-c3ccc4c(c3)OCO4)cccc21,1,c1cc2c(c(-c3ccc4c(c3)OCO4)c1)-c1cc3ccc4ccccc4c3cc1C2,0.0068656,345.9918,0.2591798,0.2592,0.5503654,2.9859,1.0000000,1.0000,[],44
30.4748,43.1094,77.5250,0.9424565,CCn1c(=O)c(C(=O)N=Nc2cccc3cc4ccccc4cc23)cc2ccccc21,1,O=C(N=Nc1cccc2cc3ccccc3cc12)c1cc2ccccc2[nH]c1=O,0.9906482,450.6255,0.2629249,0.2629,0.5986116,2.5657,1.0000000,1.0000,[],44
17.7057,37.1597,80.9104,0.9224223,N#CC(C#N)=Cc1cccc(N=Cc2ccc(N(c3ccccc3)c3ccccc3)cc2)c1C=C(C#N)C#N,1,C(=Nc1ccccc1)c1ccc(N(c2ccccc2)c2ccccc2)cc1,0.9808868,477.2429,0.1900402,0.1900,0.5325083,3.1508,1.0000000,1.0000,[],44
12.0187,31.8103,90.1779,0.9530330,N#CC(C#N)=Cc1ccc(N=Nc2ccc(-c3ccc(C=C(C#N)C#N)cc3)cc2)cc1,1,c1ccc(N=Nc2ccc(-c3ccccc3)cc2)cc1,0.9945466,463.4760,0.3459819,0.3460,0.5749397,2.7675,1.0000000,1.0000,[],44
24.7766,33.8916,18.3660,0.4082622,N#CC(C#N)=Cc1cnc2n[nH]c(-c3ccc(Cl)cc3)c2c1,1,c1ccc(-c2[nH]nc3ncccc23)cc1,0.3980055,395.5074,0.7307708,0.7308,0.5708957,2.8027,1.0000000,1.0000,[],44
29.9692,48.5457,67.9820,0.9103727,CCN(CC)c1ccc(C=Cc2ccc(Nc3cccc4cc(N=Nc5ccc(C=C(C#N)C#N)cc5)ccc34)c(C)c2)cc1,1,C(=Cc1ccc(Nc2cccc3cc(N=Nc4ccccc4)ccc23)cc1)c1ccccc1,0.9869211,473.0572,0.1001370,0.1001,0.5390809,3.0894,1.0000000,1.0000,[],44
16.0949,40.0632,77.1771,0.9159399,N#CC(C#N)=Cc1ccc(N(c2ccc(C=CC(=Cc3ccccc3)c3ccccc3)cc2)c2ccc(C=C(C#N)C#N)cc2)cc1,1,C(=Cc1ccc(N(c2ccccc2)c2ccccc2)cc1)C(=Cc1ccccc1)c1ccccc1,0.9946603,456.7540,0.0950706,0.0951,0.5454137,3.0311,1.0000000,1.0000,[],44
25.2788,46.3468,68.2962,0.8956485,CN(c1ccc(C=C(C#N)C#N)cc1)c1ccc(C=C(C#N)C#N)cc1C=Cc1ccc(N(C#N)c2ccc(C=C(c3ccccc3)c3ccccc3)cc2)cc1,1,C(=Cc1ccccc1Nc1ccccc1)c1ccc(Nc2ccc(C=C(c3ccccc3)c3ccccc3)cc2)cc1,0.9902285,450.1444,0.0561637,0.0562,0.4844655,3.6235,1.0000000,1.0000,[],44
32.0435,53.4368,67.7879,0.9470687,N#CC(C#N)=Cc1cccc(C(=O)n2c(C=C(C#N)C#N)c(C=C(C#N)c3ccccc3)c3ccccc32)c1,1,O=C(c1ccccc1)n1cc(C=Cc2ccccc2)c2ccccc21,0.9949456,462.6468,0.2963115,0.2963,0.5199757,3.2699,1.0000000,1.0000,[],44
25.2554,45.2670,71.6907,0.9137327,N#CC(C#N)=Cc1c(C=Cc2ccccc2)cn2c(C=C(C#N)C#N)cccc12,1,C(=Cc1cc2ccccn2c1)c1ccccc1,0.9370165,490.6870,0.6042959,0.6043,0.5141497,3.3262,1.0000000,1.0000,[],44
38.6789,56.8637,53.1385,0.8593920,CCN(CC)c1ccc(C=Cc2ccc(Nc3ccc(C=Cc4ccc(C=Nc5ccc(-c6nc(C=Cc7ccc(N(CC)CC)cc7)nc(N=Cc7ccc(N(CC)CC)cc7)n6)cc5)cc4)cc3)cc2)cc1,1,C(=Cc1ccc(Nc2ccc(C=Cc3ccc(C=Nc4ccc(-c5nc(C=Cc6ccccc6)nc(N=Cc6ccccc6)n5)cc4)cc3)cc2)cc1)c1ccccc1,0.9500737,431.9857,0.0534802,0.0535,0.4718514,3.7555,1.0000000,1.0000,[],44
36.2079,60.3703,56.2193,0.9108560,CN(C)S(=O)(=O)c1cc(C=Cc2ccc(C=C(C#N)C#N)cc2)c(N)c(N2c3ccccc3C=Cc3ccccc32)c1,1,C(=Cc1cccc(N2c3ccccc3C=Cc3ccccc32)c1)c1ccccc1,0.9793578,441.9046,0.1328389,0.1328,0.5221356,3.2491,1.0000000,1.0000,[],44
21.9751,36.7770,39.2437,0.5939110,N#CC(C#N)=CNc1cccc(C=Nc2ccc(C=C(C#N)C#N)cc2)c1,1,C(=Nc1ccccc1)c1ccccc1,0.5936717,404.1167,0.6407541,0.6408,0.5402348,3.0788,1.0000000,1.0000,[],44
31.1421,44.9972,70.0511,0.8988144,N#CC(C#N)=Cc1c2c(cc3cc(-c4ccco4)ccc13)C=CCO2,1,C1=Cc2cc3cc(-c4ccco4)ccc3cc2OC1,0.9193749,426.4256,0.6262449,0.6262,0.5278175,3.1950,1.0000000,1.0000,[],44
45.7268,64.9907,54.8434,0.9362038,Cc1ccc(Nc2c(C#N)ccc3ncc(C=C4CCc5ccc6ccccc6c5C4=Cc4ccccc4)nc23)cc1,1,C(=C1CCc2ccc3ccccc3c2C1=Cc1ccccc1)c1cnc2cccc(Nc3ccccc3)c2n1,0.9881479,448.0257,0.2420075,0.2420,0.5479416,3.0079,1.0000000,1.0000,[],44
15.7581,31.8766,87.7797,0.9348148,N#CC(C#N)=Cc1ccc(-c2ccc(N(c3ccc(C=C(C#N)C#N)cc3)c3ccc4ccccc4c3)cc2)cc1,1,c1ccc(-c2ccc(N(c3ccccc3)c3ccc4ccccc4c3)cc2)cc1,0.9905444,469.4954,0.2070358,0.2070,0.5730596,2.7838,1.0000000,1.0000,[],44
19.3072,39.7905,81.6429,0.9486982,CCN(c1ccc(C=CCOc2ccc(C=C(C#N)C#N)cc2)cc1)c1ccc(C=C(C#N)C#N)cc1,1,C(=Cc1ccc(Nc2ccccc2)cc1)COc1ccccc1,0.9942966,463.9656,0.3111006,0.3111,0.5433090,3.0504,1.0000000,1.0000,[],44
32.7149,50.5927,65.7482,0.9089132,CCOc1ccccc1C=Nc1nc(C)c(C=Cc2ccc(N=Cc3ccc(N(CC)CC)cc3)cc2)c(C#N)c1C,1,C(=Cc1ccc(N=Cc2ccccc2)nc1)c1ccc(N=Cc2ccccc2)cc1,0.9686820,437.2597,0.1739686,0.1740,0.5269950,3.2028,1.0000000,1.0000,[],44
15.3320,32.1709,87.8562,0.9377116,N#CC(C#N)=Cc1ccc2cc(-c3ccc(N(c4ccccc4)c4ccccc4)cc3)ccc2c1,1,c1ccc(N(c2ccccc2)c2ccc(-c3ccc4ccccc4c3)cc2)cc1,0.9858743,446.0953,0.2541284,0.2541,0.6156901,2.4251,1.0000000,1.0000,[],44
27.8279,52.6061,63.5036,0.9071064,Cc1cc(-c2ccc(-c3ccc(N(c4ccc(C=C(C#N)C#N)cc4C#N)c4ccccc4C=C(C#N)C#N)cc3)s2)sc1C=C(C#N)C#N,1,c1ccc(N(c2ccccc2)c2ccc(-c3ccc(-c4cccs4)s3)cc2)cc1,0.9748899,480.2723,0.1461201,0.1461,0.4575689,3.9091,1.0000000,1.0000,[],44
40.2394,65.9681,47.8803,0.8894404,COc1ccc(N(c2ccccc2)c2ccc(C=C3C=Nc4nn(-c5ccc(C=C(C#N)C#N)cc5)c(C(=O)c5ccc(N(c6ccccc6)c6ccccc6)cc5)c4C3)cc2)cc1,1,O=C(c1ccc(N(c2ccccc2)c2ccccc2)cc1)c1c2c(nn1-c1ccccc1)N=CC(=Cc1ccc(N(c3ccccc3)c3ccccc3)cc1)C2,0.9692734,437.4733,0.0890258,0.0890,0.4735560,3.7374,1.0000000,1.0000,[],44
26.1392,46.6540,69.8475,0.9101679,CC1(C)C=Cc2cc(N=Cc3ccc(N(c4ccc(C=C(C#N)C#N)cc4)c4ccc(C=C(C#N)c5ccccc5)cc4)cc3)ccc2O1,1,C1=Cc2cc(N=Cc3ccc(N(c4ccccc4)c4ccc(C=Cc5ccccc5)cc4)cc3)ccc2OC1,0.9890444,448.8895,0.0962083,0.0962,0.5111015,3.3559,1.0000000,1.0000,[],44
25.1835,38.8946,51.6159,0.7071131,CC[n+]1ccc2c(c1)C=CC(c1ccc(N(c3ccccc3)c3ccccc3)cc1)C2,1,C1=CC(c2ccc(N(c3ccccc3)c3ccccc3)cc2)Cc2cc[nH+]cc21,0.7288012,410.7330,0.3317719,0.3318,0.5239077,3.2322,1.0000000,1.0000,[],44
29.6431,52.3628,60.3450,0.8805295,Cc1cc(C=Cc2cc(Br)c(N)c(Br)c2)ccc1N=Nc1ccc(N=Nc2ccc(C=C(C#N)C#N)cc2)cc1,1,C(=Cc1ccc(N=Nc2ccc(N=Nc3ccccc3)cc2)cc1)c1ccccc1,0.9561024,486.5484,0.0925467,0.0925,0.5172421,3.2962,1.0000000,1.0000,[],44
24.7292,48.4828,67.7355,0.9079557,N#CC(C#N)=Cc1ccc(N(c2ccc(-c3ccc4c(ccc5ccccc54)c3)cc2)c2ccc(C=C(C#N)C#N)c(C=C(C#N)C#N)c2)cc1,1,c1ccc(N(c2ccccc2)c2ccc(-c3ccc4c(ccc5ccccc54)c3)cc2)cc1,0.9791297,478.2172,0.1234290,0.1234,0.5025716,3.4401,1.0000000,1.0000,[],44
22.7565,47.5440,71.0150,0.9262424,CCN(c1ccc(C=C(C#N)C#N)cc1)c1ccc(-c2ccc3c(c2)C(C)(C)c2ccc(N(c4ccccc4)c4ccccc4)cc2C3(C)C)cc1,1,c1ccc(Nc2ccc(-c3ccc4c(c3)Cc3ccc(N(c5ccccc5)c5ccccc5)cc3C4)cc2)cc1,0.9928143,453.5100,0.1508048,0.1508,0.5216488,3.2538,1.0000000,1.0000,[],44
27.7124,30.1583,-30.1583,0.0000000,CC(C=Cc1ccc2ccccc2c1)=CC(=O)OC(C)C,1,c1ccc2ccccc2c1,0.0000000,0.0000,0.0000000,0.0000,0.0000000,0.0000,0.0000000,0.0000,"['C(=[O,S])[O,S]']",44
16.3167,29.5836,93.2230,0.9594264,N#CC(C#N)=Cc1ccc(N(c2ccc(F)cc2)c2ccc(C=C(C#N)C#N)cc2)cc1,1,c1ccc(N(c2ccccc2)c2ccccc2)cc1,0.9920343,467.6175,0.4649928,0.4650,0.5812966,2.7125,1.0000000,1.0000,[],44
41.8387,65.2049,-65.2049,0.0000000,c1(c(c(c2=c3c(cc(N(CC)CC)cc3)C(C=Cc2c1)=O)=N)C=Cc1ccc(N(CC)CC)cc1)C=C(CC)CC,0,,0.0000000,0.0000,0.0000000,0.0000,0.0000000,0.0000,0.0000000,0.0000,None,44
20.0752,39.5146,82.7883,0.9554912,Cc1cc(N=Nc2ccc3ccccc3c2C)ccc1C=C(C#N)C#N,1,c1ccc(N=Nc2ccc3ccccc3c2)cc1,0.9918017,467.9325,0.4154558,0.4155,0.5667180,2.8395,1.0000000,1.0000,[],44
18.1663,39.7861,78.0890,0.9208993,N#CC(C#N)=Cc1ccc(N=Nc2ccc(NC(=O)c3ccc(C=C(C#N)C#N)s3)cc2)cc1,1,O=C(Nc1ccc(N=Nc2ccccc2)cc1)c1cccs1,0.9612715,485.1296,0.3399833,0.3400,0.5348495,3.1288,1.0000000,1.0000,[],44
30.0197,44.6689,72.6957,0.9169112,N#CC(C#N)=Cc1ccc(N(c2ccccc2)c2ccc(C=Cc3ccc(-c4cc(-c5ccccc5)nc(-c5ccccc5)n4)c4ccccc34)cc2)cc1,1,C(=Cc1ccc(-c2cc(-c3ccccc3)nc(-c3ccccc3)n2)c2ccccc12)c1ccc(N(c2ccccc2)c2ccccc2)cc1,0.9912951,451.4109,0.1104495,0.1104,0.5394826,3.0857,1.0000000,1.0000,[],44
22.4315,38.5830,51.5715,0.7043316,CCN(c1ccc(C=C(C#N)C#N)cc1)c1ccc(N=Nc2sccc2C#N)cc1,1,c1ccc(Nc2ccc(N=Nc3cccs3)cc2)cc1,0.7251308,509.4677,0.3376082,0.3376,0.5326742,3.1492,1.0000000,1.0000,[],44
40.0976,50.9091,70.0264,0.9448085,CCN(CC)c1ccc(C=Nc2ccc(C)c(N=Nc3nc(C#N)nc(OC(C)C)n3)c2)cc1,1,C(=Nc1cccc(N=Nc2ncncn2)c1)c1ccccc1,0.9924865,466.9779,0.2947312,0.2947,0.5231576,3.2394,1.0000000,1.0000,[],44
33.5730,57.5182,57.5240,0.8987674,CCN(CC)c1ccc(C=Nc2cc(-c3ccc(N=Cc4ccc(-c5ccc(N=Cc6ccc(C=C(C#N)C#N)cc6)cc5)cc4)cc3)cc(N)n2)cc1,1,C(=Nc1ccc(-c2ccc(C=Nc3ccc(-c4ccnc(N=Cc5ccccc5)c4)cc3)cc2)cc1)c1ccccc1,0.9752727,439.8987,0.1002788,0.1003,0.4978094,3.4877,1.0000000,1.0000,[],44
31.3788,47.9956,-47.8455,0.0011722,CCN(CC)c1ccc(C=C(N=C(N)c2ccccc2)Nc2ccc(C=CC3=[N+](C)c4ccccc4C3(C)C)cc2)cc1,1,C(=Cc1ccc(NC(=Cc2ccccc2)N=Cc2ccccc2)cc1)C1=[NH+]c2ccccc2C1,0.0008914,596.2387,0.1155499,0.1155,0.5346388,3.1308,1.0000000,1.0000,[],44
27.8237,46.2225,69.6090,0.9049339,CCN(CC)c1ccc(C=C=C=Cc2ccc(N(c3ccccc3)c3ccc(C=C(C#N)c4ccc(C=C(C#N)C#N)cc4)cc3)cc2)cc1,1,C(=C=Cc1ccc(N(c2ccccc2)c2ccc(C=Cc3ccccc3)cc2)cc1)=Cc1ccccc1,0.9886011,471.5460,0.0811240,0.0811,0.5053785,3.4122,1.0000000,1.0000,[],44
12.0057,23.8198,83.5155,0.8385568,CCN(CC)c1ccc(C=CC=Cc2ccc(N(CC)CC)cc2)cc1,1,C(C=Cc1ccccc1)=Cc1ccccc1,0.8569712,419.4386,0.5047534,0.5048,0.6398956,2.2323,1.0000000,1.0000,[],44
26.6190,54.9452,61.2065,0.9074348,N#CC(C#N)=Cc1ccc(N(c2ccc(C=C(C#N)C#N)cc2)c2cccc(-c3c(C=C(C#N)C#N)sc(C=C(C#N)C#N)c3-c3ccccc3)c2)cc1,1,c1ccc(-c2cscc2-c2cccc(N(c3ccccc3)c3ccccc3)c2)cc1,0.9773963,479.1027,0.1339022,0.1339,0.4701465,3.7736,1.0000000,1.0000,[],44
34.8975,65.3194,54.1482,0.9333408,N#CC(C#N)=Cc1ccc(N(c2ccccc2)c2ccc(C=CC=C3C=Cc4ccccc4N=C3)cc2C=C(C#N)C#N)cc1F,1,C(=Cc1ccc(N(c2ccccc2)c2ccccc2)cc1)C=C1C=Cc2ccccc2N=C1,0.9942748,455.9928,0.1978718,0.1979,0.4741117,3.7316,1.0000000,1.0000,[],44
29.5589,60.0856,-59.6501,0.0034030,CCN(CC)c1ccc(C=Nc2ccc(C3=CNC(=Cc4ccc(C=C(C#N)C#N)s4)C(C=C(C#N)C#N)=C3)cc2)cc1,1,C1=CC(c2ccc(N=Cc3ccccc3)cc2)=CNC1=Cc1cccs1,0.0026958,584.2034,0.2056918,0.2057,0.4629527,3.8507,1.0000000,1.0000,[],45
19.1486,46.2476,70.5691,0.9126306,N#CC(C#N)=Cc1ccc(N(c2ccc(C=C(C#N)C#N)cc2)c2ccc(N=Cc3ccc(N(c4ccccc4)c4ccccc4)cc3C=C(C#N)C#N)cc2)cc1,1,C(=Nc1ccc(N(c2ccccc2)c2ccccc2)cc1)c1ccc(N(c2ccccc2)c2ccccc2)cc1,0.9935121,454.6267,0.0934766,0.0935,0.4931419,3.5348,1.0000000,1.0000,[],45
48.9547,80.9476,30.2260,0.8685434,CC(=Cc1ccc(N=Nc2cccc(C(=O)CCC(=O)N(C)c3ccc(C=C(C#N)C#N)c(C=C(C#N)C#N)c3)c2)cc1)c1ccc(N=Cc2ccccc2C#N)cc1,1,O=C(CCC(=O)c1cccc(N=Nc2ccc(C=Cc3ccc(N=Cc4ccccc4)cc3)cc2)c1)Nc1ccccc1,0.9724389,438.6891,0.0373466,0.0373,0.4547157,3.9404,1.0000000,1.0000,[],45
31.9697,51.2813,64.9886,0.9083587,CCN(CC)c1ccc(C=Cc2cc(C=CC=Cc3ccccc3)c(C=Cc3ccc(N(CC)CC)cc3)c3c2nc2ccccn23)cc1,1,C(C=Cc1cc(C=Cc2ccccc2)c2nc3ccccn3c2c1C=Cc1ccccc1)=Cc1ccccc1,0.9881520,471.9705,0.0925071,0.0925,0.5122452,3.3448,1.0000000,1.0000,[],45
31.1530,48.6445,67.3279,0.9060347,CC1(C)c2cc(-c3nc(-c4ccccc4)nc(-c4ccc(N(c5ccccc5)c5ccc(C=C(C#N)C#N)cc5)cc4)n3)ccc2-c2ccc(-n3c4ccccc4c4ccccc43)cc21,1,c1ccc(-c2nc(-c3ccc(N(c4ccccc4)c4ccccc4)cc3)nc(-c3ccc4c(c3)Cc3cc(-n5c6ccccc6c6ccccc65)ccc3-4)n2)cc1,0.9727636,438.8214,0.1415373,0.1415,0.5018668,3.4471,1.0000000,1.0000,[],45
53.2363,70.7395,39.8398,0.8639004,CCCCCCN(c1ccc(C=Nc2ccc(N=Nc3ccc4c(c3)C(=C3C=CC(=O)C(c5ccccc5)=C3)c3ccccc3-4)c(Cl)c2)cc1)c1ccc(C=C(C#N)C#N)cc1,1,O=C1C=CC(=C2c3ccccc3-c3ccc(N=Nc4ccc(N=Cc5ccc(Nc6ccccc6)cc5)cc4)cc32)C=C1c1ccccc1,0.9577733,486.1081,0.0499464,0.0499,0.4628595,3.8517,1.0000000,1.0000,[],45
14.9323,29.1998,92.0113,0.9469615,N#CC(C#N)=Cc1ccc(N=Nc2ccc(N=Cc3ccccc3)cc2)cc1,1,C(=Nc1ccc(N=Nc2ccccc2)cc1)c1ccccc1,0.9916879,468.0834,0.3039781,0.3040,0.5814877,2.7108,1.0000000,1.0000,[],45
9.7999,26.0044,-26.0044,0.0000000,N#CC(C#N)=Cc1ccc(N(c2ccccc2)c2ccc(C=C(C#N)C#N)cc2)cc1,1,c1ccc(N(c2ccccc2)c2ccccc2)cc1,0.9902225,469.8624,0.4903937,0.4904,0.5877552,2.6572,1.0000000,1.0000,[],45
12.6857,24.5877,90.1724,0.8965637,N#CC(C#N)=Cc1ccc(C=C(C#N)C#N)s1,1,c1ccsc1,0.9131480,425.5440,0.7370373,0.7370,0.5036371,3.4295,1.0000000,1.0000,[],45
41.8762,68.7642,45.4394,0.8922157,CCN(CC)c1ccc(C=Nc2ccc(C=Cc3ccccc3N=Nc3cc(-n4c(C)c(C#N)c(C#N)c4C=Cc4ccc(N=Cc5ccc(N(CC)CC)cc5)cc4)ccc3C)cc2)cc1,1,C(=Cc1ccccc1N=Nc1cccc(-n2cccc2C=Cc2ccc(N=Cc3ccccc3)cc2)c1)c1ccc(N=Cc2ccccc2)cc1,0.9907433,450.7376,0.0515432,0.0515,0.4436921,4.0631,1.0000000,1.0000,[],45
29.5451,34.1018,87.0948,0.9468485,CSc1ccc2ccc(SC)c(=S)cc2c1,1,S=c1cccc2ccccc2c1,0.9729127,481.1173,0.5523784,0.5524,0.5850050,2.6807,1.0000000,1.0000,[],45
37.6047,64.8199,41.6963,0.8321581,CN1C(=Cc2ccccc2-c2cc(-c3ccccc3)cc(-c3ccc(C=C(C#N)C#N)cc3)n2)C=Cc2cc(C=C(C#N)c3ccc(C=O)cc3)ccc21,1,C1=Cc2cc(C=Cc3ccccc3)ccc2NC1=Cc1ccccc1-c1cc(-c2ccccc2)cc(-c2ccccc2)n1,0.9027530,495.8077,0.0892454,0.0892,0.4953227,3.5127,1.0000000,1.0000,[],45
25.1977,46.5405,68.9178,0.9020179,N#CC(C#N)=Cc1c(-c2ccccc2)cc2c(C=C(C#N)C#N)c3ccccc3nc2c1-c1ccccc1,1,c1ccc(-c2cc(-c3ccccc3)c3nc4ccccc4cc3c2)cc1,0.9572113,433.7420,0.1932632,0.1933,0.5415797,3.0663,1.0000000,1.0000,[],45
29.6544,33.7914,-33.0201,0.0060261,O=C(c1ccccc1)n1c2ccccc2c2cc(-c3ccc(-c4ccc(N(c5ccccc5)c5ccccc5)cc4)cc3)ccc21,1,O=C(c1ccccc1)n1c2ccccc2c2cc(-c3ccc(-c4ccc(N(c5ccccc5)c5ccccc5)cc4)cc3)ccc21,0.0048982,342.3042,0.1924493,0.1924,0.6289693,2.3184,1.0000000,1.0000,[],45
23.8079,42.1756,71.1993,0.8857411,N#CC(C#N)=Cc1ccc(N(Cc2ccccc2)c2ccc(N=Nc3ccc(C=C(C#N)C#N)c(F)c3)cc2)cc1,1,c1ccc(CN(c2ccccc2)c2ccc(N=Nc3ccccc3)cc2)cc1,0.9441824,489.2929,0.1659986,0.1660,0.5248410,3.2233,1.0000000,1.0000,[],45
19.1896,39.4731,79.7816,0.9316775,N#CC(C#N)=Cc1ccc(N(c2ccc(C=C(C#N)C#N)cc2)c2ccc(Oc3cccc(C=C(C#N)C#N)c3)cc2)cc1,1,c1ccc(Oc2ccc(N(c3ccccc3)c3ccccc3)cc2)cc1,0.9906388,469.3854,0.1933348,0.1933,0.5343653,3.1334,1.0000000,1.0000,[],45
27.6306,52.8225,62.2291,0.8988410,N#CC(C#N)=Cc1c(-c2ccc(N(c3ccccc3)c3ccccc3)cc2)sc2cc(N=Nc3ccc(C=C(C#N)c4ccc(N(c5ccccc5)c5ccccc5)cc4)cc3)ccc12,1,C(=Cc1ccc(N(c2ccccc2)c2ccccc2)cc1)c1ccc(N=Nc2ccc3cc(-c4ccc(N(c5ccccc5)c5ccccc5)cc4)sc3c2)cc1,0.9873596,472.6821,0.0691754,0.0692,0.4859997,3.6077,1.0000000,1.0000,[],45
20.8725,30.3138,-23.5285,0.0530102,N#CC(C#N)=Cc1ccc(-n2nc3ccc(Br)cc3n2)cc1,1,c1ccc(-n2nc3ccccc3n2)cc1,0.0465206,367.2083,0.6616071,0.6616,0.5942253,2.6025,1.0000000,1.0000,[],45
23.8764,58.8872,55.8455,0.8963494,N#CC(C#N)=Cc1ccc(N=Nc2ccc(C=C(C#N)C#N)c(C=Cc3ccc(N=Nc4ccc(C=C(C#N)C#N)cc4)c(C#N)c3)c2)cc1,1,C(=Cc1cccc(N=Nc2ccccc2)c1)c1ccc(N=Nc2ccccc2)cc1,0.9747555,480.3318,0.0976552,0.0977,0.4642766,3.8364,1.0000000,1.0000,[],45
39.0042,67.3248,45.5626,0.8819326,CSc1nc(-c2ccccc2)c(-c2ccccc2)n1C(=O)C=Cc1ccc(N=Nc2ccccc2)c(C=Cc2ccc(N=Cc3ccc(C=C(C#N)C#N)cc3)cc2)c1,1,O=C(C=Cc1ccc(N=Nc2ccccc2)c(C=Cc2ccc(N=Cc3ccccc3)cc2)c1)n1cnc(-c2ccccc2)c1-c1ccccc1,0.9934913,454.5918,0.0305170,0.0305,0.4782599,3.6880,1.0000000,1.0000,[],45
38.9345,65.2575,-65.2575,0.0000000,c12c(c(=Nc3ccc(cc3C=C(C#N)C#N)C#N)ccc2S(=O)(c2ccc(N(CC)CC)cc2)=O)ccc(c1)-c1oc(C=C(C#N)C#N)cc1,0,,0.0000000,0.0000,0.0000000,0.0000,0.0000000,0.0000,0.0000000,0.0000,None,45
24.5722,42.5518,-34.8590,0.0600998,CCN(CC)c1ccc(C=CC2C(=N)C(C#N)=C(C#N)N=C2C#N)cc1,1,N=C1C=CN=CC1C=Cc1ccccc1,0.0529105,551.3212,0.8827465,0.8827,0.4536041,3.9527,1.0000000,1.0000,[],45
32.9210,44.1629,13.0168,0.4467170,COc1ccc(-c2ccc(-c3nc4cc(C=C(C#N)C#N)ccc4s3)cc2)cc1N,1,c1ccc(-c2ccc(-c3nc4ccccc4s3)cc2)cc1,0.4475243,397.7126,0.3475293,0.3475,0.5975146,2.5749,1.0000000,1.0000,[],45
37.5790,75.3431,39.1197,0.8942407,CCN(CC)c1ccc(C=CC(C)=Cc2ccc(C=Nc3ccc(-c4cc(-c5cc(-c6ccc(C=C(C#N)C#N)s6)ccc5C=C(C#N)C#N)ccc4C=C(C#N)C#N)cc3)cc2)cc1,1,C(C=Cc1ccc(C=Nc2ccc(-c3cccc(-c4cccc(-c5cccs5)c4)c3)cc2)cc1)=Cc1ccccc1,0.9887886,471.3639,0.0598744,0.0599,0.4359605,4.1510,1.0000000,1.0000,[],45
23.3317,43.8568,55.4509,0.7758416,N#CC(C#N)=Cc1ccc2c3ccc(-n4c5ccccc5c5ccccc54)cc3c3cc(C=C(C#N)C#N)ccc3c2c1,1,c1ccc2c(c1)c1ccccc1c1cc(-n3c4ccccc4c4ccccc43)ccc21,0.8208497,416.5262,0.1631887,0.1632,0.5521967,2.9693,1.0000000,1.0000,[],45
34.6650,71.1873,43.5543,0.8964188,CCN(CC)c1ccc(C=C(C#N)c2cc(-c3ccc(N=Nc4ccc(N=Cc5ccc(N=Nc6ccc(C=C(C)C#N)cc6)cc5)c(C=C(C#N)C#N)c4)cc3)cs2)cc1,1,C(=Cc1cc(-c2ccc(N=Nc3ccc(N=Cc4ccc(N=Nc5ccccc5)cc4)cc3)cc2)cs1)c1ccccc1,0.9906628,469.3573,0.0606742,0.0607,0.4411284,4.0921,1.0000000,1.0000,[],45
39.1704,52.2060,-52.2060,0.0000000,c1cc(Br)cc2c1-n1cccc1C2=c1cc2C(=Cc3ccc(N(CC)CC)cc3)C(=Cc2cc1)C,0,,0.0000000,0.0000,0.0000000,0.0000,0.0000000,0.0000,0.0000000,0.0000,None,45
44.2740,55.5846,-36.8508,0.1463578,CCN(CC)c1ccc(C=Nc2ccc(OP3(=O)OC4COC(n5ccc(C)nc5=O)C4O3)cc2)cc1,1,O=c1ncccn1C1OCC2OP(=O)(Oc3ccc(N=Cc4ccccc4)cc3)OC21,0.1398295,380.2754,0.3099323,0.3099,0.4149014,4.3986,1.0000000,1.0000,[],45
33.5414,55.6406,-12.1796,0.3395396,N#CC(C#N)=Cc1cnc(Cl)c(-c2cc(C=C(C#N)C#N)c3cccc(C=C(C#N)C#N)c3n2)n1,1,c1ccc2nc(-c3cnccn3)ccc2c1,0.3334450,392.4797,0.4909276,0.4909,0.4616835,3.8644,1.0000000,1.0000,[],45
28.2697,51.6699,65.5400,0.9157023,CCc1cc2cc(N(c3ccccc3)c3ccccc3)ccc2c(-c2ccccc2)c1-c1ccc(N(C)c2ccc(C=C(C#N)C#N)cc2)cc1,1,c1ccc(Nc2ccc(-c3ccc4cc(N(c5ccccc5)c5ccccc5)ccc4c3-c3ccccc3)cc2)cc1,0.9811972,442.9383,0.1451179,0.1451,0.5453943,3.0312,1.0000000,1.0000,[],45
37.2344,66.1313,-66.1313,0.0000000,c12c(c(=O)n(c(n2)C=Cc2ccc(N(c3ccc(cc3)C=C(C#N)C#N)C=Cc3ccc(N(CC)CC)cc3)c2)C)ccc(c1)OC,0,,0.0000000,0.0000,0.0000000,0.0000,0.0000000,0.0000,0.0000000,0.0000,None,45
22.5972,44.0404,75.1368,0.9310721,CCN(CC)c1ccc(C=Nc2cc(Br)cc(N=Cc3ccc(C=C(C#N)C#N)cc3)c2)cc1,1,C(=Nc1cccc(N=Cc2ccccc2)c1)c1ccccc1,0.9832240,444.1991,0.2370682,0.2371,0.5443296,3.0410,1.0000000,1.0000,[],45
60.7235,66.8258,29.1395,0.7497287,C(=Cc1nc2ccccc2s1)c1csc(Nc2cc(Cn3cc4nc5ccccc5nc4n3)cc(-n3c4ccccc4c4ccccc43)c2)n1,1,C(=Cc1nc2ccccc2s1)c1csc(Nc2cc(Cn3cc4nc5ccccc5nc4n3)cc(-n3c4ccccc4c4ccccc43)c2)n1,0.7903183,414.4060,0.1801002,0.1801,0.5204052,3.2657,1.0000000,1.0000,[],45
23.7895,48.5633,56.5932,0.8215350,CCN(CC)c1ccc(C=Nc2ccc(N(c3ccc(N=Nc4ccc(C=C(C#N)C#N)cc4)cc3)c3ccc(-c4ccc(C=C(C#N)C#N)cc4)cc3)cc2)cc1,1,C(=Nc1ccc(N(c2ccc(N=Nc3ccccc3)cc2)c2ccc(-c3ccccc3)cc2)cc1)c1ccccc1,0.8991411,496.2472,0.0653579,0.0654,0.5029621,3.4362,1.0000000,1.0000,[],45
22.1483,52.0345,65.1661,0.9156298,N#CC(C#N)=Cc1ccc(N(c2ccc(C=C(C#N)C#N)cc2)c2cccc(C=CC(=O)c3ccc(C=C(C#N)C#N)o3)c2)cc1,1,O=C(C=Cc1cccc(N(c2ccccc2)c2ccccc2)c1)c1ccco1,0.9931033,466.0412,0.1058099,0.1058,0.4920095,3.5463,1.0000000,1.0000,[],45
20.9171,22.4996,-22.2918,0.0016236,c1ccc2c(c1)Cc1cc3ccccc3cc1S2,1,c1ccc2c(c1)Cc1cc3ccccc3cc1S2,0.0012002,326.9947,0.4265000,0.4265,0.6504844,2.1502,1.0000000,1.0000,[],45
38.1230,50.1055,60.9996,0.8680089,CCN(CC)c1ccc(C=Nc2ccc3cc(N=Nc4ccc(-c5ccc(C=CC=Cc6ccc(N7CCOCC7)cc6)cc5)cc4)ccc3c2)cc1,1,C(C=Cc1ccc(N2CCOCC2)cc1)=Cc1ccc(-c2ccc(N=Nc3ccc4cc(N=Cc5ccccc5)ccc4c3)cc2)cc1,0.9486770,431.6702,0.0727330,0.0727,0.5253983,3.2180,1.0000000,1.0000,[],45
18.8872,31.9195,85.3420,0.9161058,N#CC(C#N)=Cc1ccc(-c2ccc3c4ccccc4c4ccccc4c3c2)s1,1,c1csc(-c2ccc3c4ccccc4c4ccccc4c3c2)c1,0.9646372,435.8954,0.2358581,0.2359,0.6039693,2.5212,1.0000000,1.0000,[],45
20.4885,35.8533,79.5574,0.9016462,N#CC(C#N)=Cc1ccc(N(c2ccc(C(C#N)=C(C#N)C#N)cc2)c2ccc3ccccc3c2)cc1,1,c1ccc(N(c2ccccc2)c2ccc3ccccc3c2)cc1,0.9447078,489.1842,0.2863816,0.2864,0.5492378,2.9961,1.0000000,1.0000,[],45
26.4924,52.9132,67.4328,0.9402035,CCN(CC)c1ccc(C=C(C#N)C#N)cc1-c1ccc(C=C(C#N)C#N)c(N(C)c2ccc(C=C(C#N)C#N)cc2)c1,1,c1ccc(Nc2cccc(-c3ccccc3)c2)cc1,0.9941372,464.2665,0.2490056,0.2490,0.4876175,3.5911,1.0000000,1.0000,[],45
33.5508,59.2158,56.1885,0.9015961,Cc1oc(-c2ccc(N(c3ccc(C=C(C#N)C#N)cc3)c3cccc(N(c4ccccc4)c4ccccc4)c3)cc2)cc1C=Cc1ccc(N(c2ccc(C=C(C#N)C#N)cc2)c2ccc(C=C(C#N)C#N)cc2)cc1,1,C(=Cc1coc(-c2ccc(N(c3ccccc3)c3cccc(N(c4ccccc4)c4ccccc4)c3)cc2)c1)c1ccc(N(c2ccccc2)c2ccccc2)cc1,0.9837116,444.5247,0.0902294,0.0902,0.4532732,3.9563,1.0000000,1.0000,[],45
33.0741,48.7177,-48.7177,0.0000000,Cc1nc(NN=Cc2ccc(N(C)c3ccc(N(c4ccccc4)c4ccccc4)cc3)cc2)sc1C=C(C#N)C#N,1,C(=NNc1nccs1)c1ccc(Nc2ccc(N(c3ccccc3)c3ccccc3)cc2)cc1,0.0000000,0.0000,0.0000000,0.0000,0.0000000,0.0000,0.0000000,0.0000,['[#7;!n][#7;!n]'],45
20.9834,48.3782,71.3286,0.9352093,CCN(c1ccc(C=Nc2cccc3cccc(C=C(C#N)C#N)c23)cc1)c1ccc(C=C(C#N)C#N)cc1,1,C(=Nc1cccc2ccccc12)c1ccc(Nc2ccccc2)cc1,0.9955690,461.2107,0.1906654,0.1907,0.5207667,3.2623,1.0000000,1.0000,[],45
15.6560,32.9544,86.9733,0.9369347,CCN(c1ccc(C=C(C#N)C#N)cc1)c1ccc(-c2ccc(C=C(C#N)C#N)s2)cc1,1,c1ccc(Nc2ccc(-c3cccs3)cc2)cc1,0.9722887,481.3716,0.4185354,0.4185,0.5402502,3.0786,1.0000000,1.0000,[],45
28.3340,46.4602,68.8105,0.9005521,N#CC(C#N)=Cc1ccc(C(C#N)=Cc2ccc(N(c3ccc(C=C(C#N)C(=O)c4ccccc4)cc3)c3cccc4ccccc34)cc2)cc1,1,O=C(C=Cc1ccc(N(c2ccc(C=Cc3ccccc3)cc2)c2cccc3ccccc23)cc1)c1ccccc1,0.9886911,471.4590,0.0663409,0.0663,0.5338161,3.1385,1.0000000,1.0000,[],45
21.9611,35.6848,83.2021,0.9288041,CCN(CC)c1ccc(N=Nc2ccc(C=Cc3cccc4c3ccc3ccccc34)cc2)cc1,1,C(=Cc1cccc2c1ccc1ccccc12)c1ccc(N=Nc2ccccc2)cc1,0.9957532,459.2522,0.1363876,0.1364,0.6051152,2.5117,1.0000000,1.0000,[],45
38.5542,63.0721,54.5800,0.9191565,CCc1c(C(=Cc2c(O)ccc3ccccc23)C(=O)c2ccc(N(CC)CC)cc2)sc(C#N)c1C=C(C#N)C#N,1,O=C(C(=Cc1cccc2ccccc12)c1cccs1)c1ccccc1,0.9905304,469.5116,0.1281676,0.1282,0.5059251,3.4068,1.0000000,1.0000,[],45
37.9348,71.7639,33.8845,0.8253785,CCN(CC)c1ccc(C=CC(=Cc2ccc(N=Nc3ccc(C=C(C#N)C#N)cc3)cc2)c2nnc3ccc(Nc4ccccc4)cc3c2O)cc1,1,C(=Cc1ccccc1)C(=Cc1ccc(N=Nc2ccccc2)cc1)c1cc2cc(Nc3ccccc3)ccc2nn1,0.9003409,496.1028,0.0740218,0.0740,0.4946400,3.5196,1.0000000,1.0000,[],45
26.9103,50.6617,65.6032,0.9083198,CN(c1ccc(C=CC=C(C#N)C#N)cc1)c1ccc(-c2ccc(-c3ccc(N(c4ccc(C=C(C#N)C#N)cc4)c4ccc(C=C(C#N)C#N)cc4)cc3)c(C=C(C#N)C#N)c2)cc1,1,c1ccc(Nc2ccc(-c3ccc(-c4ccc(N(c5ccccc5)c5ccccc5)cc4)cc3)cc2)cc1,0.9931536,465.9611,0.0844299,0.0844,0.4612257,3.8693,1.0000000,1.0000,[],45
11.7522,21.5555,102.3776,0.9682276,N#CC(C#N)=Cc1ccc(N(c2ccccc2)c2ccccc2)cc1,1,c1ccc(N(c2ccccc2)c2ccccc2)cc1,0.9921108,452.4882,0.5887432,0.5887,0.6417660,2.2177,1.0000000,1.0000,[],45
17.9205,36.6914,83.1728,0.9364394,CCN(CC)c1ccc(CN(c2ccc(C=C(C#N)C#N)cc2)c2ccc(C=C(C#N)C#N)cc2)cc1,1,c1ccc(CN(c2ccccc2)c2ccccc2)cc1,0.9802673,477.5961,0.3132863,0.3133,0.5510718,2.9795,1.0000000,1.0000,[],45
28.1316,37.3571,-37.3571,0.0000000,c1(ccccc1)C=CC=c1c(-c2ccccc2)c(C#N)cc2ccccc21,0,,0.0000000,0.0000,0.0000000,0.0000,0.0000000,0.0000,0.0000000,0.0000,None,45
31.3814,50.2354,45.8677,0.7508049,CCCCCN1C=Cc2cc(C=C(C#N)C#N)ccc2C1=Cc1ccc(-c2cccc3ccccc23)s1,1,C1=Cc2ccccc2C(=Cc2ccc(-c3cccc4ccccc34)s2)N1,0.7901394,505.6057,0.1890452,0.1890,0.5255105,3.2169,1.0000000,1.0000,[],45
33.9694,61.4582,-39.0286,0.1752314,CN1C(=CC=CC(C=C(C#N)C#N)=Cc2ccc(N(c3ccc(C=C(C#N)C#N)cc3)c3ccc(N(c4ccc(C=C(C#N)C#N)cc4)c4ccc(C=C(C#N)C#N)cc4)cc3)cc2)C(C)(C)c2ccccc21,1,C(=CC=C1Cc2ccccc2N1)C=Cc1ccc(N(c2ccccc2)c2ccc(N(c3ccccc3)c3ccccc3)cc2)cc1,0.1764038,536.7302,0.0787610,0.0788,0.4236563,4.2942,1.0000000,1.0000,[],45
19.5478,33.7910,43.6134,0.6047219,N#CCCCCN(C#N)c1ccc(C=C(C#N)C#N)cc1,1,c1ccccc1,0.6173279,405.1922,0.3435709,0.3436,0.5299729,3.1746,1.0000000,1.0000,[],45
60.2351,96.4471,-2.3666,0.7350040,CCCCCCc1cc(-c2ccccc2)ccc1N=Nc1ccc(C(C#N)=Cc2ccc(N=Nc3ccc(N=Nc4ccc5cc6cc(N=Nc7ccc(N=Nc8ccc(C=Cc9ccc(N=Nc%10ccc(C=C(C#N)C#N)cc%10)cc9)cc8)cc7)c(C(C)=O)cc6cc5c4)cc3)cc2)cc1,1,C(=Cc1ccc(N=Nc2ccc(N=Nc3ccc4cc5cc(N=Nc6ccc(N=Nc7ccc(C=Cc8ccc(N=Nc9ccc(-c%10ccccc%10)cc9)cc8)cc7)cc6)ccc5cc4c3)cc2)cc1)c1ccc(N=Nc2ccccc2)cc1,0.8449557,501.5905,0.0143208,0.0143,0.3596863,5.1126,1.0000000,1.0000,[],45
26.4740,57.6819,-57.6819,0.0000000,C1(NC(=O)C(=Cc2ccc(N(CC)CC)cc2)C=1)=Cc1ccc(N(c2ccc(C=C(C#N)C#N)c(c2)C)C)cc1,0,,0.0000000,0.0000,0.0000000,0.0000,0.0000000,0.0000,0.0000000,0.0000,None,45
46.7587,72.1513,44.9333,0.9147229,CC1=CC(C)(C)Nc2cc(-c3ccc(-c4ccc(C=C5C(=O)C6CCC5N(C=Cc5ccc(N(c7ccccc7)c7ccccc7)cc5)C6)cc4)s3)ccc21,1,O=C1C(=Cc2ccc(-c3ccc(-c4ccc5c(c4)NCC=C5)s3)cc2)C2CCC1CN2C=Cc1ccc(N(c2ccccc2)c2ccccc2)cc1,0.9854109,445.7397,0.1579215,0.1579,0.3715279,4.9507,1.0000000,1.0000,[],45
29.7038,46.2099,71.5508,0.9200055,CCN(CC)C(=Cc1ccc(N=Cc2ccc(N(CC)CC)cc2)cc1)c1ccc([N+](=O)[O-])s1,1,C(=Cc1cccs1)c1ccc(N=Cc2ccccc2)cc1,0.9811808,477.0713,0.1682846,0.1683,0.5525541,2.9660,1.0000000,1.0000,[],45
19.9035,38.5989,81.8781,0.9412269,N#CC(C#N)=Cc1ccc(N=Nc2ccc(C=Cc3ccc(C#N)c(F)c3)cc2)cc1,1,C(=Cc1ccc(N=Nc2ccccc2)cc1)c1ccccc1,0.9898550,470.2670,0.2687782,0.2688,0.5636057,2.8670,1.0000000,1.0000,[],45
31.4934,47.4396,57.3581,0.8187318,Cc1ccc(N(c2ccc(C=C(C#N)C#N)cc2)c2ccc(C(C=Cc3ccc(C=C(C#N)C#N)cc3)=CC=C(C#N)C#N)c(C)c2)cc1,1,C=C(C=Cc1ccccc1)c1ccc(N(c2ccccc2)c2ccccc2)cc1,0.8767973,498.6930,0.1322139,0.1322,0.4869174,3.5983,1.0000000,1.0000,[],45
24.9638,50.9120,-50.9120,0.0000000,C(NS(=O)(=O)c1ccc(cc1)N=Nc1ccc(cc1)N=c1ccc(C=C(C#N)C#N)cc1)C,0,,0.0000000,0.0000,0.0000000,0.0000,0.0000000,0.0000,0.0000000,0.0000,None,45
48.8648,79.4548,-79.4548,0.0000000,CCN(CC)c1ccc(C=Cc2nc(-c3ccc(N(c4ccc(C=C(C#N)C#N)cc4)c4ccc(C(=O)OC)cc4)cc3)cn2-c2ccc(N=Cc3cc(C=C(C#N)C#N)ccc3-c3ccc(C=C(C#N)C#N)cc3)cc2)cc1,1,C(=Cc1nc(-c2ccc(N(c3ccccc3)c3ccccc3)cc2)cn1-c1ccc(N=Cc2ccccc2-c2ccccc2)cc1)c1ccccc1,0.0000000,0.0000,0.0000000,0.0000,0.0000000,0.0000,0.0000000,0.0000,"['C(=[O,S])[O,S]']",45
28.8727,46.2534,39.0182,0.6661840,N#CC(C#N)=Cc1ccc(-c2nc(-c3ccc(-c4nc(-c5ccccc5)nc(-c5ccc(N(c6ccccc6)c6ccccc6)cc5)n4)cc3)nc3ccccc23)cc1,1,c1ccc(-c2nc(-c3ccc(-c4nc(-c5ccccc5)c5ccccc5n4)cc3)nc(-c3ccc(N(c4ccccc4)c4ccccc4)cc3)n2)cc1,0.7037414,409.3936,0.1336779,0.1337,0.5476416,3.0107,1.0000000,1.0000,[],45
32.3913,54.7766,-54.6136,0.0012734,CCN(CC)c1ccc(C=Cc2cc3cc4nccc5ccc(N(C)C)cc5c4cc3nc2=O)cc1,1,O=c1nc2cc3c(cc2cc1C=Cc1ccccc1)nccc1ccccc13,0.0009440,595.6157,0.2858182,0.2858,0.5671974,2.8352,1.0000000,1.0000,[],46
12.5678,37.9939,79.9496,0.9214339,N#CC(C#N)=Cc1ccc(N=Nc2ccc(N(c3ccc(C=C(C#N)C#N)cc3)c3ccc(C=C(C#N)C#N)cc3)cc2)cc1,1,c1ccc(N=Nc2ccc(N(c3ccccc3)c3ccccc3)cc2)cc1,0.9874060,472.6417,0.1484950,0.1485,0.5334495,3.1420,1.0000000,1.0000,[],46
18.2291,38.1510,80.4032,0.9262047,N#CC(C#N)=Cc1ccc2cc(C=C(C#N)C#N)c(N(c3ccccc3)c3ccccc3)cc2c1,1,c1ccc(N(c2ccccc2)c2ccc3ccccc3c2)cc1,0.9701735,482.1938,0.3019755,0.3020,0.5495963,2.9929,1.0000000,1.0000,[],46
17.0866,32.0521,86.4371,0.9256967,N#CC(C#N)=Cc1ccc(N=Nc2ccc(N=Nc3ccc4ccccc4c3)cc2)cc1,1,c1ccc(N=Nc2ccc(N=Nc3ccc4ccccc4c3)cc2)cc1,0.9755166,479.9909,0.2442731,0.2443,0.5662075,2.8440,1.0000000,1.0000,[],46
32.7138,60.2128,-60.2128,0.0000000,c1c(C=C2C(=O)c3ccccc3C2=O)ccc(c1)N(c1ccc(cc1)N=Cc1ccc2N(C)C(=CC(C)=c2c1)C)c1ccc(C=C(C#N)C#N)cc1,0,,0.0000000,0.0000,0.0000000,0.0000,0.0000000,0.0000,0.0000000,0.0000,None,46
32.9545,55.4134,64.8495,0.9395543,CCN(CC)c1ccc(C=Cc2nc3cc(Cl)ccc3cc2-c2cc(C=C(C#N)C#N)ccc2C)cc1,1,C(=Cc1nc2ccccc2cc1-c1ccccc1)c1ccccc1,0.9921387,452.5270,0.2382083,0.2382,0.5539500,2.9534,1.0000000,1.0000,[],46
22.5173,37.9674,81.1685,0.9307489,N#CC(C#N)=Cc1ccc(-c2c3ccccc3c(-c3ccc(C=C(C#N)C#N)cc3)c3cc(C=C(C#N)C#N)ccc23)cc1,1,c1ccc(-c2c3ccccc3c(-c3ccccc3)c3ccccc23)cc1,0.9958279,459.4457,0.1559773,0.1560,0.5473725,3.0131,1.0000000,1.0000,[],46
34.3324,53.4063,64.0518,0.9176414,CSc1ccc(-c2snc(N=Cc3ccc(N(c4ccccc4)c4ccc(F)cc4)cc3)c2C=C(C#N)C#N)cc1,1,C(=Nc1cc(-c2ccccc2)sn1)c1ccc(N(c2ccccc2)c2ccccc2)cc1,0.9939682,455.4232,0.1053559,0.1054,0.5302336,3.1722,1.0000000,1.0000,[],46
30.4838,50.2215,67.4290,0.9191443,CC1(C)c2ccccc2-c2cc(-c3cc(N(c4ccccc4)c4ccc(C=C(C#N)C#N)cc4)c(C=C(C#N)C#N)cc3C=C(C#N)C#N)ccc21,1,c1ccc(N(c2ccccc2)c2cccc(-c3ccc4c(c3)-c3ccccc3C4)c2)cc1,0.9853554,474.3021,0.1571436,0.1571,0.4776138,3.6948,1.0000000,1.0000,[],46
26.8547,54.9917,21.6033,0.5983982,N#CC(C#N)=Cc1ccc(NC(=O)Nc2cccc3nc(-c4ccc(C=C(C#N)C#N)cc4)ccc23)cc1,1,O=C(Nc1ccccc1)Nc1cccc2nc(-c3ccccc3)ccc12,0.6117044,404.9345,0.3081466,0.3081,0.5697070,2.8132,1.0000000,1.0000,[],46
28.4914,45.9805,-45.9805,0.0000000,N#CC(=Cc1ccc(N(CC)CC)cc1)C=Cc1sc(cc1)-c1cc2c(=NN=N2)cc1,0,,0.0000000,0.0000,0.0000000,0.0000,0.0000000,0.0000,0.0000000,0.0000,None,46
25.9914,50.3460,68.9894,0.9323077,N#CC(C#N)=Cc1ccc(N(c2ccc3ccccc3c2)c2cc(-c3ccc(C=C(C#N)C#N)c4ccccc34)ccc2C#N)cc1,1,c1ccc(N(c2cccc(-c3cccc4ccccc34)c2)c2ccc3ccccc3c2)cc1,0.9948027,457.0489,0.1758428,0.1758,0.5221227,3.2493,1.0000000,1.0000,[],46
25.3708,67.1283,49.8901,0.9142056,Cc1ccc2c(c1)C=CC(=Cc1ccccc1N(C=Cc1ccc(N(C)c3ccc(C=C(C#N)C#N)cc3)cc1)c1ccc(C=C(C#N)C#N)cc1)C2=O,1,O=C1C(=Cc2ccccc2N(C=Cc2ccc(Nc3ccccc3)cc2)c2ccccc2)C=Cc2ccccc21,0.9909514,469.0133,0.1110946,0.1111,0.4689965,3.7858,1.0000000,1.0000,[],46
51.7104,76.9870,36.9440,0.8900861,N#CC(C#N)=Cc1ccc(-c2cc(-c3ccc4cc(C=C(C#N)C#N)ccc4c3)[nH]c(=O)c2C=C(C=O)c2ccc(-c3ccc(F)cc3)s2)cc1,1,O=c1[nH]c(-c2ccc3ccccc3c2)cc(-c2ccccc2)c1C=Cc1ccc(-c2ccccc2)s1,0.9671599,483.2726,0.0963889,0.0964,0.4834937,3.6336,1.0000000,1.0000,[],46
45.9099,78.6558,36.6403,0.9007504,CCN(CC)c1ccc(C=Nc2ccc(-c3c(C)nc(C=C4C(=O)N=C5SC=C(CC(=O)c6ccc(Cl)cc6)N5C4=O)c4c3CCCC4)cc2)cc1,1,O=C1N=C2SC=C(CC(=O)c3ccccc3)N2C(=O)C1=Cc1ncc(-c2ccc(N=Cc3ccccc3)cc2)c2c1CCCC2,0.9891676,470.9863,0.0700061,0.0700,0.4866319,3.6012,1.0000000,1.0000,[],46
13.3021,24.6307,97.5249,0.9543409,N#CC(C#N)=Cc1ccc(-c2ccc(N(c3ccccc3)c3ccccc3)cc2)cc1,1,c1ccc(-c2ccc(N(c3ccccc3)c3ccccc3)cc2)cc1,0.9949594,457.3830,0.3331403,0.3331,0.6389734,2.2395,1.0000000,1.0000,[],46
38.8932,50.5818,-50.5818,0.0000000,c1cccc2[n+]1cn(C=C)c2=Cc1ccc(N=Cc2ccc(OC)cc2)cc1,0,,0.0000000,0.0000,0.0000000,0.0000,0.0000000,0.0000,0.0000000,0.0000,None,46
16.6978,26.3352,24.6997,0.3987102,N#CC(C#N)=Cc1ccc(-c2ccc(C=Cc3ccccc3)cc2)cc1,1,C(=Cc1ccc(-c2ccccc2)cc1)c1ccccc1,0.3935451,395.3049,0.4373018,0.4373,0.6448423,2.1937,1.0000000,1.0000,[],46
39.8202,50.4352,65.3632,0.9046755,CCN(CC)c1ccc(C=CC=C(Sc2ccc(C=C(C#N)C#N)cc2)c2ccc(C=Nc3ccccc3)cc2)cc1,1,C(=Cc1ccccc1)C=C(Sc1ccccc1)c1ccc(C=Nc2ccccc2)cc1,0.9881225,471.9978,0.0787363,0.0787,0.5331699,3.1446,1.0000000,1.0000,[],46
33.4464,58.8399,57.0100,0.9050770,CCCCc1cccc(N(c2ccc(C=C(C#N)C#N)cc2)c2ccc(C=C(C#N)c3ccc(-c4ccc(N(c5ccc(C=C(C#N)C#N)cc5)c5ccc(C=C(C#N)C#N)cc5)cc4)cc3)cc2)c1,1,C(=Cc1ccc(N(c2ccccc2)c2ccccc2)cc1)c1ccc(-c2ccc(N(c3ccccc3)c3ccccc3)cc2)cc1,0.9941052,455.6740,0.0716435,0.0716,0.4714931,3.7593,1.0000000,1.0000,[],46
10.1177,23.5320,1.1822,0.1930800,N#CC(C#N)=Cc1ccc(C=C(C#N)C#N)cc1,1,c1ccccc1,0.1809991,383.6098,0.7290278,0.7290,0.5663871,2.8424,1.0000000,1.0000,[],46
36.0326,62.4485,-62.4485,0.0000000,C(C(C#N)=Cc1ccc(N(CC)CC)cc1)=c1c2ccccc2c(cc1)-c1ccc(N=Cc2c(ccc3ccccc23)C#N)cc1,0,,0.0000000,0.0000,0.0000000,0.0000,0.0000000,0.0000,0.0000000,0.0000,None,46
13.2256,22.8872,3.1696,0.2035692,N#CC(C#N)=Cc1csc2ccccc12,1,c1ccc2sccc2c1,0.1917046,384.3766,0.6775831,0.6776,0.5809209,2.7157,1.0000000,1.0000,[],46
29.7408,49.6631,69.0332,0.9273152,Cn1c2ccccc2c2c(-c3ccc(N=Nc4ccc(C=C(C#N)C#N)cc4)cc3N=O)cccc21,1,c1ccc(N=Nc2ccc(-c3cccc4[nH]c5ccccc5c34)cc2)cc1,0.9940453,464.4364,0.1477630,0.1478,0.5373129,3.1059,1.0000000,1.0000,[],46
27.9188,43.4055,-43.4055,0.0000000,CCN(CC)c1ccc(C=Nc2ccc(C=Cc3cc(C=NN=C(N)N)ccc3N(CC)CC)cc2)cc1,1,C(=Cc1ccc(N=Cc2ccccc2)cc1)c1ccccc1,0.0000000,0.0000,0.0000000,0.0000,0.0000000,0.0000,0.0000000,0.0000,['[#7;!n][#7;!n]'],46
42.2624,60.1121,-60.1121,0.0000000,CCC(CC)CN(CC)c1cccc(C=NN=C(C)c2ccc(N=Cc3ccc(N(C)c4ccccc4)cc3)cc2)c1,1,C(=NN=Cc1ccc(N=Cc2ccc(Nc3ccccc3)cc2)cc1)c1ccccc1,0.0000000,0.0000,0.0000000,0.0000,0.0000000,0.0000,0.0000000,0.0000,['[#7;!n][#7;!n]'],46
58.4405,125.3861,-125.3861,0.0000000,C1N(Cc2ccc3c(c2)cccc3)CCC(n2c(c3ccccc3c(C(=O)c3ccc(N=Nc4ccc(N=Cc5ccc(N(c6ccc(C=Cc7ccc(Nc8ccccc8)cc7)cc6)CC)cc5)CC)cc4C=C(C#N)C#N)cc23)=O)C1,0,,0.0000000,0.0000,0.0000000,0.0000,0.0000000,0.0000,0.0000000,0.0000,None,46
23.4814,43.8826,75.9875,0.9364852,N#CC(C#N)=Cc1ccc(N(CCCCO)c2ccc(C=C(C#N)C#N)c(C=C(C#N)C#N)c2)cc1,1,c1ccc(Nc2ccccc2)cc1,0.9750963,480.1804,0.3999720,0.4000,0.4923150,3.5432,1.0000000,1.0000,[],46
50.3864,76.7298,-72.7246,0.0312909,C=C(C)N(c1ccc(C=CC2=C(C#N)N=C(c3ccc(C=C(C#N)C#N)s3)c3cc(C#N)ccc3N2C)cc1)c1ccc(C=C(C#N)C#N)cc1,1,C(=Cc1ccc(Nc2ccccc2)cc1)C1=CN=C(c2cccs2)c2ccccc2N1,0.0280685,558.4854,0.1672498,0.1672,0.4420446,4.0817,1.0000000,1.0000,[],46
25.1003,33.6516,23.1362,0.4436547,N#CC(C#N)=Cc1ccc(N2c3ccccc3CS2(=O)=O)cc1,1,O=S1(=O)Cc2ccccc2N1c1ccccc1,0.4334157,397.0910,0.7954558,0.7955,0.5602236,2.8971,1.0000000,1.0000,[],46
13.3825,29.1842,91.1415,0.9400442,N#CC(C#N)=Cc1ccc(-c2ccc(N(c3ccccc3)c3ccc(C=C(C#N)C#N)cc3)cc2)cc1,1,c1ccc(-c2ccc(N(c3ccccc3)c3ccccc3)cc2)cc1,0.9876879,472.3928,0.2673738,0.2674,0.5919687,2.6215,1.0000000,1.0000,[],46
59.4802,77.2699,-49.9006,0.2138224,CCOC1=CC(F)=C2C(=Cc3ccc(N(c4ccc(N(c5ccccc5)c5ccc(OC)cc5)cc4)c4ccc5c(c4)-c4ccccc4C5=C(C#N)C#N)cc32)C1=O,1,C=C1c2ccccc2-c2cc(N(c3ccc(N(c4ccccc4)c4ccccc4)cc3)c3ccc4c(c3)C3=CC=CC(=O)C3=C4)ccc21,0.2132838,534.1715,0.1354717,0.1355,0.4779601,3.6911,1.0000000,1.0000,[],46
39.0785,71.5862,43.5848,0.8997738,CCN(CC)c1ccc(C=CC(C=Cc2ccc(N(C)c3ccc(C=C(C#N)C#N)cc3)cc2)=NC(NC(C)=O)c2ccc(N(C)c3ccc(C=C(C#N)C#N)cc3)cc2)cc1,1,C(=Cc1ccccc1)C(C=Cc1ccc(Nc2ccccc2)cc1)=NCc1ccc(Nc2ccccc2)cc1,0.9883741,448.2374,0.0764931,0.0765,0.4192466,4.3465,1.0000000,1.0000,[],46
27.3638,31.7731,-31.1248,0.0050642,COc1ccc(C=Nc2ccc(-c3c(O)ccc4ccccc34)cc2)cc1,1,C(=Nc1ccc(-c2cccc3ccccc23)cc1)c1ccccc1,0.0039644,339.9976,0.4591479,0.4591,0.6593530,2.0825,1.0000000,1.0000,[],46
28.9995,67.1631,45.3195,0.8787703,N#CC(C#N)=Cc1ccc(C=Nc2ccc(-c3sc(-c4cccnc4)nc3C=Cc3ccc(N=Nc4ccc(N=Nc5ccc(C=C(C#N)C#N)cc5)cc4)cc3)cc2)cc1,1,C(=Cc1nc(-c2cccnc2)sc1-c1ccc(N=Cc2ccccc2)cc1)c1ccc(N=Nc2ccc(N=Nc3ccccc3)cc2)cc1,0.9663450,483.5479,0.0672062,0.0672,0.4559067,3.9273,1.0000000,1.0000,[],46
25.6020,34.7846,-34.7846,0.0000000,CCN(CC)c1ccc(C=CC=CC=C2C=Cc3ccccc3N2CC(=O)O)cc1,1,C(=CC=C1C=Cc2ccccc2N1)C=Cc1ccccc1,0.0000000,0.0000,0.0000000,0.0000,0.0000000,0.0000,0.0000000,0.0000,"['C(=[O,S])[O,S]']",46
24.5961,39.3209,83.4983,0.9595252,Cc1cc(C=C(C#N)C#N)ccc1N=Nc1ccc(NC(=O)c2ccco2)cc1,1,O=C(Nc1ccc(N=Nc2ccccc2)cc1)c1ccco1,0.9931015,466.0441,0.4515416,0.4515,0.5801979,2.7219,1.0000000,1.0000,[],46
22.0014,48.1613,72.1579,0.9399938,CC(=Cc1cc(N(C)c2ccc(C=C(C#N)C#N)cc2)ccc1C=C(C#N)C#N)c1ccc(C=C(C#N)C#N)cc1,1,C(=Cc1cccc(Nc2ccccc2)c1)c1ccccc1,0.9959895,460.1236,0.2311072,0.2311,0.4936605,3.5295,1.0000000,1.0000,[],46
28.9288,42.3200,76.3688,0.9272564,C=Cc1cc(Nc2ccc(N=Cc3ccc(N(CC)CC)cc3)cc2)ccc1Nc1ccc(C=C(C#N)C#N)cc1,1,C(=Nc1ccc(Nc2ccc(Nc3ccccc3)cc2)cc1)c1ccccc1,0.9935936,454.7648,0.1476460,0.1476,0.5479515,3.0078,1.0000000,1.0000,[],46
25.5213,47.2740,-47.2740,0.0000000,N#CC(C#N)=Cc1ccc(N(c2ccc(C#CCO)cc2)c2cc(C=C(C#N)C#N)cc(C=C(C#N)C#N)c2)cc1,1,c1ccc(N(c2ccccc2)c2ccccc2)cc1,0.0000000,0.0000,0.0000000,0.0000,0.0000000,0.0000,0.0000000,0.0000,['C#C'],46
42.7733,52.7018,65.9986,0.9273476,Cc1nc2cc(N=Nc3ccc(F)cc3)c(Br)cc2nc1N=Nc1ccc2ccccc2c1Br,1,c1ccc(N=Nc2ccc3nc(N=Nc4ccc5ccccc5c4)cnc3c2)cc1,0.9850250,474.5480,0.1993102,0.1993,0.5297722,3.1765,1.0000000,1.0000,[],46
40.4147,60.1826,-41.4486,0.1463598,COc1ccc(-c2nc(-c3cccc(N=Nc4ccc(-c5ccccc5)c(C=C(C#N)C#N)c4)c3)ccc2-c2ccccc2)cc1OC,1,c1ccc(-c2ccc(N=Nc3cccc(-c4ccc(-c5ccccc5)c(-c5ccccc5)n4)c3)cc2)cc1,0.1433402,380.5890,0.1176966,0.1177,0.5463405,3.0226,1.0000000,1.0000,[],46
24.3635,37.7698,73.8131,0.8717415,N#CC(C#N)=Cc1ccc2c(ccc3ccc(-c4ccc(C(C#N)=C(C#N)C#N)cc4)cc32)c1,1,c1ccc(-c2ccc3ccc4ccccc4c3c2)cc1,0.9129237,425.5134,0.2739301,0.2739,0.5524455,2.9670,1.0000000,1.0000,[],46
24.3180,54.9372,62.0407,0.9138899,N#CC(C#N)=Cc1ccc(N(c2ccc(C=Cc3c(C=C(C#N)C#N)c(F)c(F)c(C=C(C#N)C#N)c3C=C(C#N)C#N)cc2)c2ccc(C=C(C#N)C#N)cc2)cc1,1,C(=Cc1ccc(N(c2ccccc2)c2ccccc2)cc1)c1ccccc1,0.9920590,467.5834,0.1086312,0.1086,0.4520975,3.9693,1.0000000,1.0000,[],46
36.1157,55.9705,57.0301,0.8828173,CCc1c(F)c(F)c(C#N)c(F)c1N=Nc1ccc(N=Nc2ccc(C=C(C#N)C#N)cc2C#N)cc1,1,c1ccc(N=Nc2ccc(N=Nc3ccccc3)cc2)cc1,0.9374599,490.6051,0.1964908,0.1965,0.4850362,3.6177,1.0000000,1.0000,[],46
20.1720,47.3733,71.2861,0.9270262,N#CC(C#N)=Cc1ccc(N(c2ccc(-c3ccc(C=C(C#N)C#N)s3)cc2)c2ccc(C=C(C#N)C#N)cc2C=C(C#N)C#N)cc1,1,c1ccc(N(c2ccccc2)c2ccc(-c3cccs3)cc2)cc1,0.9919619,467.7165,0.1710056,0.1710,0.4694334,3.7811,1.0000000,1.0000,[],46
39.3540,68.4051,-68.4051,0.0000000,c12ccccc2c(C=C(C#N)C#N)cn1-c1nc(c(cc1)C=C(C#N)C#N)-c1ccc(N(c2ccc(cc2)C=c2c3ccccc3ccc2)C)cc1,0,,0.0000000,0.0000,0.0000000,0.0000,0.0000000,0.0000,0.0000000,0.0000,None,46
27.2508,60.0489,59.2477,0.9320044,CN(c1ccc(C=C(C#N)C#N)cc1)c1ccc(C2c3ccc(C=C(C#N)C#N)cc3C(=O)N2c2ccccc2C=C(C#N)C#N)cc1,1,O=C1c2ccccc2C(c2ccc(Nc3ccccc3)cc2)N1c1ccccc1,0.9948766,457.2052,0.1919597,0.1920,0.4487923,4.0060,1.0000000,1.0000,[],46
20.0490,38.4858,80.5680,0.9301082,N#CC(C#N)=Cc1ccc(-c2ccc(-c3ccc(N(c4ccc(C=C(C#N)C#N)cc4)c4ccc(C=C(C#N)C#N)cc4)cc3)s2)cc1,1,c1ccc(-c2ccc(-c3ccc(N(c4ccccc4)c4ccccc4)cc3)s2)cc1,0.9957353,460.7935,0.1548454,0.1548,0.5370181,3.1086,1.0000000,1.0000,[],46
33.3618,61.1459,39.4418,0.7858415,CCN(CC)c1ccc(C=Nc2ccc(C=Cc3cnc(SCCNc4ccc(N=Nc5ccc(C=C(C#N)C#N)cc5)cc4)nc3C#N)cc2)cc1,1,C(=Cc1cnc(SCCNc2ccc(N=Nc3ccccc3)cc2)nc1)c1ccc(N=Cc2ccccc2)cc1,0.8820336,498.1568,0.0281351,0.0281,0.4812077,3.6573,1.0000000,1.0000,[],46
41.2730,63.0104,51.4455,0.8941868,N#CC(C#N)=Cc1ccc(N(c2ccccc2)c2ccc(C=Cc3ccc(C=C(C#N)C#N)cc3C=Cc3cc(N=C(C#N)C#N)ccc3N3C(=O)C=CC3=O)cc2)cc1,1,O=C1C=CC(=O)N1c1ccccc1C=Cc1ccccc1C=Cc1ccc(N(c2ccccc2)c2ccccc2)cc1,0.9915090,451.6834,0.0542735,0.0543,0.4420170,4.0820,1.0000000,1.0000,[],46
28.3648,50.8849,66.5546,0.9174955,N#CC(C#N)=Cc1ccc(N(c2cccc(-c3ccc4cc(N(c5ccc(C=C(C#N)C#N)cc5)c5ccc(C=C(C#N)C#N)cc5)ccc4c3)c2)c2ccc3ccccc3c2)cc1,1,c1ccc(N(c2cccc(-c3ccc4cc(N(c5ccccc5)c5ccccc5)ccc4c3)c2)c2ccc3ccccc3c2)cc1,0.9898859,449.7664,0.1238006,0.1238,0.5021353,3.4444,1.0000000,1.0000,[],46
41.6631,69.4172,38.7412,0.8449881,CCCN(CCC)S(=O)(=O)c1ccc2c(ccc(=O)n2-c2ccc(C=C(C#N)C#N)cc2)c1C=Cc1ccc(N(c2ccccc2)c2ccccc2)cc1,1,O=c1ccc2c(C=Cc3ccc(N(c4ccccc4)c4ccccc4)cc3)cccc2n1-c1ccccc1,0.9175579,426.1621,0.0864785,0.0865,0.5153212,3.3148,1.0000000,1.0000,[],46
26.5401,57.7140,58.7364,0.9097686,COc1ccc(C=Nc2ccc(C=CN(c3ccc(C=Cc4ccccc4)cc3)c3ccc(C=C(C#N)C#N)cc3)cc2C=C(C#N)C#N)cc1,1,C(=Cc1ccc(N(C=Cc2ccc(N=Cc3ccccc3)cc2)c2ccccc2)cc1)c1ccccc1,0.9955260,458.6840,0.0791024,0.0791,0.4917726,3.5487,1.0000000,1.0000,[],46
29.3879,61.1014,55.1075,0.9078823,CCN(CC=Cc1ccc(N=Cc2ccc(N(c3ccccc3)c3ccc(C=C(C#N)C#N)cc3)cc2F)cc1)c1ccccc1C=C(C#N)C#N,1,C(=Cc1ccc(N=Cc2ccc(N(c3ccccc3)c3ccccc3)cc2)cc1)CNc1ccccc1,0.9874824,447.4252,0.0958802,0.0959,0.4883589,3.5835,1.0000000,1.0000,[],46
26.9953,42.5277,64.2706,0.8343620,N#Cc1ccc(C=Nc2ccc(C3=NC(c4ccccc4)=CC3=Cc3ccc(N(c4ccccc4)c4ccccc4)cc3)cc2)cc1,1,C(=Nc1ccc(C2=NC(c3ccccc3)=CC2=Cc2ccc(N(c3ccccc3)c3ccccc3)cc2)cc1)c1ccccc1,0.8862098,497.7142,0.1627735,0.1628,0.5525388,2.9662,1.0000000,1.0000,[],46
24.0674,43.8325,74.9928,0.9283221,CCN1C(=Cc2ccc(N(c3ccc(C=C(C#N)C#N)cc3)c3ccc(C=C(C#N)C#N)cc3)cc2)C(C)(C)c2ccccc21,1,C(=C1Cc2ccccc2N1)c1ccc(N(c2ccccc2)c2ccccc2)cc1,0.9861208,473.7108,0.2013541,0.2014,0.5215699,3.2546,1.0000000,1.0000,[],46
47.6987,85.1018,-85.1018,0.0000000,CCN(CC)c1ccc(C=Cc2cc(C=Cc3cc(C#CC4(C)c5ccccc5C=Cc5ccc(Cl)cc54)ccc3C=C(C#N)C#N)ccc2N(C)c2ccc(C=C(C)c3ccccc3)cc2)cc1,1,C(#CC1c2ccccc2C=Cc2ccccc21)c1cccc(C=Cc2ccc(Nc3ccc(C=Cc4ccccc4)cc3)c(C=Cc3ccccc3)c2)c1,0.0000000,0.0000,0.0000000,0.0000,0.0000000,0.0000,0.0000000,0.0000,['C#C'],46
9.7886,21.9446,-9.0172,0.1009955,N#CC(C#N)=Cc1ccc2ccccc2c1,1,c1ccc2ccccc2c1,0.0915062,375.0782,0.6690662,0.6691,0.6426787,2.2106,1.0000000,1.0000,[],46
20.1851,38.7478,73.0798,0.8736530,N#CC(C#N)=Cc1ccc(Nc2cc(-c3ccc(C=C(C#N)C#N)cc3)ncn2)cc1,1,c1ccc(Nc2cc(-c3ccccc3)ncn2)cc1,0.8917441,422.8947,0.6119817,0.6120,0.5628986,2.8733,1.0000000,1.0000,[],46
22.3211,42.0121,66.7678,0.8498433,N#CC(C#N)=Cc1ccc2cc(-n3c4ccccc4c4ccc(C=C(C#N)C#N)cc43)ccc2c1,1,c1ccc2cc(-n3c4ccccc4c4ccccc43)ccc2c1,0.8875232,422.4279,0.2850862,0.2851,0.5571111,2.9250,1.0000000,1.0000,[],46
37.3149,53.8356,-22.7723,0.2426817,Cn1c2ccccc2c2cc(-c3cc(N(c4ccccc4)c4ccccc4)ccc3-c3c(C=Cc4ccccc4)ccccc3=O)ccc21,1,O=c1ccccc(C=Cc2ccccc2)c1-c1ccc(N(c2ccccc2)c2ccccc2)cc1-c1ccc2[nH]c3ccccc3c2c1,0.2408451,387.5352,0.1750409,0.1750,0.5683271,2.8253,1.0000000,1.0000,[],46
42.9531,69.3604,28.8195,0.7670304,CCN(CC)c1ccc(C=Nc2ccc(C=Cc3ccc(N(C)c4ccc(C=Nc5ccc(C(=NC6C=CC=CC6(C)C)c6ccc(N(c7ccccc7)c7ccccc7)cc6)cc5)cc4)cc3)cc2)cc1,1,C1=CCC(N=C(c2ccc(N=Cc3ccc(Nc4ccc(C=Cc5ccc(N=Cc6ccccc6)cc5)cc4)cc3)cc2)c2ccc(N(c3ccccc3)c3ccccc3)cc2)C=C1,0.8388036,417.9076,0.0674971,0.0675,0.4196025,4.3422,1.0000000,1.0000,[],46
27.2026,51.5609,67.7190,0.9318742,N#CC(C#N)=Cc1ccc(C=Cc2cc(-c3ccc(C=C(C#N)C#N)c4ccccc34)sc2C=C(C#N)C#N)cc1C=C(C#N)C#N,1,C(=Cc1csc(-c2cccc3ccccc23)c1)c1ccccc1,0.9960253,460.0257,0.1845256,0.1845,0.4476473,4.0187,1.0000000,1.0000,[],46
14.8635,45.8233,68.5784,0.8937629,N#CC(C#N)=Cc1ccc(N=Nc2ccc(C=CC=Cc3ccc(N=Nc4ccc(N=Nc5ccc(C=C(C#N)C#N)cc5)cc4)cc3)cc2)cc1,1,C(C=Cc1ccc(N=Nc2ccc(N=Nc3ccccc3)cc2)cc1)=Cc1ccc(N=Nc2ccccc2)cc1,0.9766505,479.4634,0.0773432,0.0773,0.5198417,3.2712,1.0000000,1.0000,[],47
35.2642,66.7479,47.9926,0.8964100,N#CC(C#N)=Cc1ccc(N=Nc2ccc(-c3cc(C=Cc4ccc(N(c5ccccc5)c5ccccc5)cc4)ccc3N=Nc3ccc(C(C#N)=Cc4c[nH]c5ccccc45)cc3)cc2)cc1,1,C(=Cc1c[nH]c2ccccc12)c1ccc(N=Nc2ccc(C=Cc3ccc(N(c4ccccc4)c4ccccc4)cc3)cc2-c2ccc(N=Nc3ccccc3)cc2)cc1,0.9852616,474.3725,0.0699434,0.0699,0.4618667,3.8624,1.0000000,1.0000,[],47
10.3968,28.3450,96.4639,0.9750695,CCN(c1ccc(C=C(C#N)C#N)cc1)c1ccc(C=C(C#N)C#N)cc1,1,c1ccc(Nc2ccccc2)cc1,0.9957421,460.7762,0.7281756,0.7282,0.5577610,2.9191,1.0000000,1.0000,[],47
42.4981,86.7778,24.2354,0.8672901,CCN(CC)c1ccc(C=Nc2ccc(C=Cc3ccc(N=Nc4ccc(C=Nc5ccc(C=Cc6ccc7cc(C=Nc8ccccc8C=Cc8ccc(N(c9ccc(C=C(C#N)C#N)cc9)c9ccc(C=C(C#N)C#N)cc9)cc8)c(C=C(C#N)C#N)cc7c6)cc5)cc4)cc3)cc2)cc1,1,C(=Cc1ccc(N=Nc2ccc(C=Nc3ccc(C=Cc4ccc5cc(C=Nc6ccccc6C=Cc6ccc(N(c7ccccc7)c7ccccc7)cc6)ccc5c4)cc3)cc2)cc1)c1ccc(N=Cc2ccccc2)cc1,0.9869865,446.9980,0.0259463,0.0259,0.3608475,5.0965,1.0000000,1.0000,[],47
24.7388,52.6953,64.5108,0.9156725,N#CC(C#N)=CC=Cc1cc2ccccc2c2ccc(-c3ccc(C=C(C#N)C#N)c(C=C(C#N)C#N)c3)cc12,1,c1ccc(-c2ccc3c(ccc4ccccc43)c2)cc1,0.9811693,442.9220,0.1549742,0.1550,0.4940610,3.5255,1.0000000,1.0000,[],47
25.4247,42.6047,78.6266,0.9471193,N#CC(C#N)=Cc1ccc(-c2ccc(O)c(-c3c(C=C(C#N)C#N)ccc4ccccc34)c2)s1,1,c1cc(-c2cccs2)cc(-c2cccc3ccccc23)c1,0.9901512,450.0579,0.3403565,0.3404,0.5327365,3.1486,1.0000000,1.0000,[],47
19.6993,22.0455,-22.0227,0.0001783,Nc1ccc(N)c2c1C(=O)c1ccccc1C2=O,1,O=C1c2ccccc2C(=O)c2ccccc21,0.0001162,618.3722,0.5826021,0.5826,0.6588411,2.0864,1.0000000,1.0000,[],47
39.6412,57.8568,-42.6457,0.1188364,C=CCN(CC=C)c1ccc(C=Cc2ccc3c(c2)C=CC2=CN(C(=O)NC4CCCC4)CCC23)cc1,1,O=C(NC1CCCC1)N1C=C2C=Cc3cc(C=Cc4ccccc4)ccc3C2CC1,0.1120284,377.5232,0.3086731,0.3087,0.4678853,3.7977,1.0000000,1.0000,[],47
22.0659,32.0802,83.4599,0.9026569,CC[N+]1=CC(C)(C)c2cc(C=C(C#N)C#N)ccc21,1,C1=[NH+]c2ccccc2C1,0.9267383,427.5520,0.5977419,0.5977,0.4796248,3.6738,1.0000000,1.0000,[],47
30.5769,52.4660,68.8528,0.9478033,C=C=c1c(C=C)nc2ccccc2c1=Cc1ccc(N(CC)c2ccc(C=C(C#N)C#N)cc2)cc1,1,C=c1cnc2ccccc2c1=Cc1ccc(Nc2ccccc2)cc1,0.9923641,467.1547,0.3353554,0.3354,0.5079001,3.3874,1.0000000,1.0000,[],47
34.3345,49.1361,-49.1360,0.0000000,CN1c2cc(C=C(C#N)C#N)ccc2C23C=Cc4cccc(c4C=C2)C13,1,C1=CC23C=Cc4c1cccc4C2Nc1ccccc13,0.0000000,0.0000,0.7167159,0.7167,0.3217793,5.6694,1.0000000,1.0000,[],47
31.1081,63.7973,51.0447,0.8972034,N#CC(C#N)=Cc1ccc(N=Nc2ccc(N3C(=O)c4ccc(C=C(C#N)C#N)cc4C3=O)c(-c3ccc(C=C(C#N)C#N)s3)n2)cc1,1,O=C1c2ccccc2C(=O)N1c1ccc(N=Nc2ccccc2)nc1-c1cccs1,0.9717728,481.5776,0.1122327,0.1122,0.4571322,3.9139,1.0000000,1.0000,[],47
25.3634,42.1022,71.4864,0.8874107,COc1ccccc1-c1ccc(C=C(C#N)C#N)c(N=Nc2ccc([N+](=O)[O-])cc2)c1,1,c1ccc(N=Nc2cccc(-c3ccccc3)c2)cc1,0.9374616,429.3952,0.2098879,0.2099,0.5694574,2.8154,1.0000000,1.0000,[],47
42.6954,55.7976,46.7248,0.8009565,CC1=NC(=Cc2cccnc2N=Cc2cc3ccccc3s2)c2cc(C=C(C#N)C#N)ccc21,1,C1=NC(=Cc2cccnc2N=Cc2cc3ccccc3s2)c2ccccc21,0.8390269,417.9256,0.2504876,0.2505,0.5045609,3.4203,1.0000000,1.0000,[],47
20.5407,44.6217,74.0503,0.9271246,CC(=Nc1ccc(C=C(C#N)C#N)cc1)c1ccc(N=Cc2ccc(N(C)c3ccc(C=C(C#N)C#N)cc3)cc2)cc1,1,C(=Nc1ccccc1)c1ccc(N=Cc2ccc(Nc3ccccc3)cc2)cc1,0.9920818,452.4481,0.1600460,0.1600,0.5182402,3.2866,1.0000000,1.0000,[],47
25.8788,45.8809,69.8296,0.9039878,Cc1c(C=C(C#N)C#N)sc(-c2ccc(-c3ccc(N(Cc4ccccc4)c4ccc(C=C(C#N)C#N)cc4)cc3)s2)c1C,1,c1ccc(CN(c2ccccc2)c2ccc(-c3ccc(-c4cccs4)s3)cc2)cc1,0.9655538,483.8091,0.1643819,0.1644,0.5098757,3.3679,1.0000000,1.0000,[],47
22.1433,41.4598,76.2146,0.9193309,N#CC(C#N)=Cc1ccc(C(=Nc2ccc(N(c3ccc(C=C(C#N)C#N)cc3)c3ccc(C=C(C#N)C#N)cc3)cc2)c2ccccc2)cc1,1,c1ccc(C(=Nc2ccc(N(c3ccccc3)c3ccccc3)cc2)c2ccccc2)cc1,0.9940415,464.4433,0.1131769,0.1132,0.5202841,3.2669,1.0000000,1.0000,[],47
20.6911,39.2378,84.0993,0.9635705,CC(C#N)c1ccc(N(C)c2ccc(C=C(C#N)C#N)cc2)cc1,1,c1ccc(Nc2ccccc2)cc1,0.9823256,443.6228,0.7782316,0.7782,0.5313455,3.1617,1.0000000,1.0000,[],47
21.9538,43.7617,75.1422,0.9289366,N#CC(C#N)=Cc1cccc(Nc2ccc(C=C(C#N)c3ccc(N=Nc4ccccc4)cc3)cc2)c1,1,C(=Cc1ccc(Nc2ccccc2)cc1)c1ccc(N=Nc2ccccc2)cc1,0.9914262,451.5772,0.1641604,0.1642,0.5675862,2.8318,1.0000000,1.0000,[],47
29.9184,45.9754,24.6656,0.5518834,CCN(CC)c1ccc(C=Nc2ccc(-c3ccc(C(C#N)=Cc4ccc5ccccc5c4)cc3)cn2)cc1,1,C(=Cc1ccc2ccccc2c1)c1ccc(-c2ccc(N=Cc3ccccc3)nc2)cc1,0.5785070,403.4380,0.1203020,0.1203,0.5784957,2.7366,1.0000000,1.0000,[],47
21.9919,38.2193,81.3722,0.9343086,N#CC(C#N)=Cc1ccc(-c2sc(-c3ccc(C(F)(F)F)s3)cc2C=C(C#N)C#N)s1,1,c1csc(-c2ccc(-c3cccs3)s2)c1,0.9746925,480.3596,0.3820926,0.3821,0.4786891,3.6835,1.0000000,1.0000,[],47
33.3725,56.8186,-56.8186,0.0000000,c12c(-c3ccc(N=c4ccc(N=Cc5ccc(cc5)N(CC)CC)cc4)cc3CC=C)cccc2cccc1,0,,0.0000000,0.0000,0.0000000,0.0000,0.0000000,0.0000,0.0000000,0.0000,None,47
19.5288,30.4701,91.8800,0.9558602,C=CCN1C(=O)C=CC(=Cc2ccc(N(CC)CC)cc2)C1=O,1,O=C1C=CC(=Cc2ccccc2)C(=O)N1,0.9884062,471.7322,0.4605584,0.4606,0.5825808,2.7014,1.0000000,1.0000,[],47
21.7396,36.0229,83.0527,0.9302779,N#CC(C#N)=Cc1ccc2nc(N=Cc3ccc(N(c4ccccc4)c4ccccc4)cc3)sc2c1,1,C(=Nc1nc2ccccc2s1)c1ccc(N(c2ccccc2)c2ccccc2)cc1,0.9895676,470.5735,0.1821065,0.1821,0.5708029,2.8036,1.0000000,1.0000,[],47
38.6253,49.2955,-49.2955,0.0000000,C(Nc1ccc(N=c2ncnc3n(c(nc32)-c2ccc(cc2)OC)C)cc1)C,0,,0.0000000,0.0000,0.0000000,0.0000,0.0000000,0.0000,0.0000000,0.0000,None,47
29.8273,46.8809,74.0781,0.9449921,CC1(C)c2ccccc2C(=C(C#N)C#N)c2cc(-c3ccc(N)c(C=C(C#N)C#N)c3)ccc21,1,C=C1c2ccccc2Cc2ccc(-c3ccccc3)cc21,0.9831651,444.1604,0.3976911,0.3977,0.5276344,3.1968,1.0000000,1.0000,[],47
16.5663,32.0602,91.1672,0.9627138,CCN(CC)c1ccc(C=CC(C#N)=CC=Cc2ccccc2)cc1,1,C(=CC=Cc1ccccc1)C=Cc1ccccc1,0.9939169,464.6693,0.4806563,0.4807,0.5997617,2.5561,1.0000000,1.0000,[],47
24.0200,43.8865,-43.8865,0.0000000,O=c1c2cc3c(cc2c(-c2ccc(cc2)N(c2ccc(C=C(C#N)C#N)cc2)C)cc1)cccc3,0,,0.0000000,0.0000,0.0000000,0.0000,0.0000000,0.0000,0.0000000,0.0000,None,47
48.2444,64.2439,14.7050,0.6167878,CC1=C(O)C=CC=CC1N=Nc1ccc(-c2ccc3cc(-c4ccccc4)cc(-c4ccccc4F)c3c2)cc1,1,C1=CC=CC(N=Nc2ccc(-c3ccc4cc(-c5ccccc5)cc(-c5ccccc5)c4c3)cc2)C=C1,0.6392098,406.2097,0.2292984,0.2293,0.4990276,3.4755,1.0000000,1.0000,[],47
15.4437,31.3137,88.8208,0.9385508,N#CC(C#N)=Cc1ccc(N(c2ccc(C=C(C#N)C#N)cc2)c2ccc([N+](=O)[O-])cc2)cc1,1,c1ccc(N(c2ccccc2)c2ccccc2)cc1,0.9877655,447.6767,0.2616019,0.2616,0.5628217,2.8740,1.0000000,1.0000,[],47
34.8331,59.0626,54.3990,0.8864191,CCN(CC)c1ccc(N=Nc2cccc3c(C#N)c(-c4ccc(C=C(C#N)C#N)c(C=Cc5ccc(N(c6ccccc6)c6ccccc6)cc5)c4)ccc23)cc1,1,C(=Cc1cccc(-c2ccc3c(N=Nc4ccccc4)cccc3c2)c1)c1ccc(N(c2ccccc2)c2ccccc2)cc1,0.9722047,481.4053,0.0702726,0.0703,0.4934961,3.5312,1.0000000,1.0000,[],47
30.3442,54.5001,61.9715,0.9099343,N#CC(C#N)=Cc1ccc(N=Nc2ccc(OC3=CC(=C4C=Cc5ccccc5C4=O)c4ccccc4C=C3)cc2)cc1,1,O=C1C(=C2C=C(Oc3ccc(N=Nc4ccccc4)cc3)C=Cc3ccccc32)C=Cc2ccccc21,0.9771448,479.2256,0.1394490,0.1394,0.5138416,3.3292,1.0000000,1.0000,[],47
19.9874,42.3629,74.3141,0.9115386,N#CC(C#N)=Cc1ccc(-c2ccc(C=C(C#N)C#N)c3cc(C=C(C#N)C#N)ccc23)cc1,1,c1ccc(-c2cccc3ccccc23)cc1,0.9413623,430.1395,0.4766990,0.4767,0.5223245,3.2473,1.0000000,1.0000,[],47
17.0211,32.4132,80.8892,0.8851753,N#CC(C#N)=Cc1c(-c2ccccc2)c2ccc3ccccc3c2c2ccccc12,1,c1ccc(-c2cc3ccccc3c3c2ccc2ccccc23)cc1,0.9296519,428.0267,0.2392031,0.2392,0.6138998,2.4396,1.0000000,1.0000,[],47
20.2216,34.7555,86.1406,0.9445009,N#CC(C#N)=Cc1ccc(N(c2ccccc2)c2ncccc2C#N)cc1,1,c1ccc(N(c2ccccc2)c2ccccn2)cc1,0.9662813,436.4308,0.6292988,0.6293,0.5880507,2.6547,1.0000000,1.0000,[],47
23.0963,48.0745,71.2220,0.9320041,CCN(CC)c1ccc(C=CC2=CC(=Cc3ccc(N(CC)c4ccc(C=C(C#N)C#N)cc4)cc3)c3ccccc3C=C2)cc1,1,C(=Cc1ccccc1)C1=CC(=Cc2ccc(Nc3ccccc3)cc2)c2ccccc2C=C1,0.9957486,459.2406,0.1704647,0.1705,0.5144325,3.3235,1.0000000,1.0000,[],47
21.4744,44.1001,74.3078,0.9250617,N#CC(C#N)=Cc1ccc(-c2ccc(-c3ccc(N(c4ccc(C=C(C#N)C#N)cc4)c4ccc(-c5ccc6cc(C=C(C#N)C#N)ccc6c5)cc4)cc3)s2)cc1,1,c1ccc(-c2ccc(-c3ccc(N(c4ccccc4)c4ccc(-c5ccc6ccccc6c5)cc4)cc3)s2)cc1,0.9958270,459.4435,0.1331480,0.1331,0.5108560,3.3583,1.0000000,1.0000,[],47
10.6346,26.5499,-26.5499,0.0000000,N#CC(C#N)=Cc1ccc(N(c2ccccc2)c2ccc(C=C(C#N)C#N)cc2)cc1,1,c1ccc(N(c2ccccc2)c2ccccc2)cc1,0.9902225,469.8624,0.4903937,0.4904,0.5877552,2.6572,1.0000000,1.0000,[],47
34.0224,53.5856,63.6582,0.9159672,Cc1cc(N=Nc2ccc(C=Cc3ccc(NS(=O)(=O)c4cccc5ccccc45)cc3)cc2)ccc1-c1ccc(C=C(C#N)C#N)s1,1,O=S(=O)(Nc1ccc(C=Cc2ccc(N=Nc3ccc(-c4cccs4)cc3)cc2)cc1)c1cccc2ccccc12,0.9955944,458.8519,0.0941670,0.0942,0.5299466,3.1749,1.0000000,1.0000,[],47
9.9047,20.8782,-7.9508,0.1009955,N#CC(C#N)=Cc1ccc2ccccc2c1,1,c1ccc2ccccc2c1,0.0915062,375.0782,0.6690662,0.6691,0.6426787,2.2106,1.0000000,1.0000,[],47
35.0981,61.5644,52.3175,0.8897023,N#CC(C#N)=Cc1ccc(C(S)=Cc2ccc3c(c2)C(=Cc2ccc(N=Cc4ccc(N(c5ccccc5)c5ccccc5)cc4)cc2)c2ccccc2C3=O)cc1,1,O=C1c2ccccc2C(=Cc2ccc(N=Cc3ccc(N(c4ccccc4)c4ccccc4)cc3)cc2)c2cc(C=Cc3ccccc3)ccc21,0.9764766,440.4540,0.0687091,0.0687,0.4986293,3.4795,1.0000000,1.0000,[],47
34.0465,56.7715,57.8445,0.8954377,CCC(C=Cc1ccc(N=Nc2ccc(N(c3ccccc3)c3ccccc3)cc2)cc1)=Cc1cc(C=C(C#N)C#N)ccc1-c1ccc(N(c2ccccc2)c2ccccc2)cc1,1,C(C=Cc1ccccc1-c1ccc(N(c2ccccc2)c2ccccc2)cc1)=Cc1ccc(N=Nc2ccc(N(c3ccccc3)c3ccccc3)cc2)cc1,0.9864781,446.5763,0.0621403,0.0621,0.4926675,3.5396,1.0000000,1.0000,[],47
11.9888,25.6857,29.3591,0.4300376,N#CC(C#N)=Cc1cccc2c1ccc1ccccc12,1,c1ccc2c(c1)ccc1ccccc12,0.4251241,396.7235,0.4762895,0.4763,0.6368225,2.2563,1.0000000,1.0000,[],47
25.3145,51.3167,58.5549,0.8583721,N#CC(C#N)=Cc1ccc(N=Nc2ccc(N=Nc3ccc4cc(C=C(C#N)C#N)c5ccccc5c4c3)cc2)cc1,1,c1ccc(N=Nc2ccc(N=Nc3ccc4ccc5ccccc5c4c3)cc2)cc1,0.9233232,492.9828,0.1202368,0.1202,0.5121793,3.3454,1.0000000,1.0000,[],47
38.6612,67.7086,45.2401,0.8824114,CCN(CC)c1ccc(C=Nc2ccc(C=C(C=Cc3ccc(O)c(C=CC=Cc4ccc(N=Nc5ccc(C=C(C#N)C#N)cc5)cc4)c3)c3ccc(N=Cc4ccccc4)cc3)cc2)cc1,1,C(C=Cc1cccc(C=CC(=Cc2ccc(N=Cc3ccccc3)cc2)c2ccc(N=Cc3ccccc3)cc2)c1)=Cc1ccc(N=Nc2ccccc2)cc1,0.9939000,464.6997,0.0321763,0.0322,0.4451174,4.0471,1.0000000,1.0000,[],47
25.7525,42.0983,-42.0983,0.0000000,N#CC(C#N)=Cc1ccc(C=Nc2ccc(C#Cc3cccc4c3C(=O)c3ccccc3C4=O)cc2)cc1,1,O=C1c2ccccc2C(=O)c2c(C#Cc3ccc(N=Cc4ccccc4)cc3)cccc21,0.0000000,0.0000,0.0000000,0.0000,0.0000000,0.0000,0.0000000,0.0000,['C#C'],47
17.6380,37.0062,39.1271,0.5947912,N#CC(C#N)=Cc1ccc(N(c2ccccc2)c2ccc3c(c2)C(=O)c2ccccc2C3=C(C#N)C#N)cc1,1,C=C1c2ccccc2C(=O)c2cc(N(c3ccccc3)c3ccccc3)ccc21,0.6125873,515.0251,0.2463371,0.2463,0.5501140,2.9881,1.0000000,1.0000,[],47
34.0865,56.5690,62.9657,0.9338651,C=C(C)C=CC1=C(C)CCCC1=Cc1c(N=Nc2ccc(C=C(C#N)C#N)cc2)ccc2ccccc12,1,C1=CC(=Cc2c(N=Nc3ccccc3)ccc3ccccc23)CCC1,0.9934511,465.4756,0.1999971,0.2000,0.4991316,3.4744,1.0000000,1.0000,[],47
41.4138,54.3425,-54.3425,0.0000000,CCN(CC)c1ccc(C=CC2=CC=CC3=C(c4ccc(NC(C)=O)cc4)c4c([N+](=O)[O-])ccc3c42)cc1,1,C1=CC2=C(c3ccccc3)c3cccc2c3C(C=Cc2ccccc2)=C1,0.0000000,0.0000,0.2577581,0.2578,0.4440797,4.0588,1.0000000,1.0000,[],47
19.5235,47.0866,-47.0866,0.0000000,N#CC(C#N)=Cc1ccc(N=Nc2ccc(C=CC(=O)Oc3ccc(N(c4ccc(C=C(C#N)C#N)cc4)c4ccc(C=C(C#N)C#N)cc4)cc3)cc2)cc1,1,O=C(C=Cc1ccc(N=Nc2ccccc2)cc1)Oc1ccc(N(c2ccccc2)c2ccccc2)cc1,0.0000000,0.0000,0.0000000,0.0000,0.0000000,0.0000,0.0000000,0.0000,"['C(=[O,S])[O,S]']",47
26.8452,44.7778,-30.6463,0.1104028,N#CC(C#N)=Cc1cccc(-c2nc3cc(F)ccc3cc2C=C(C#N)C#N)c1,1,c1ccc(-c2ccc3ccccc3n2)cc1,0.1011767,376.2852,0.6048407,0.6048,0.5435169,3.0485,1.0000000,1.0000,[],47
36.9259,61.3114,51.7278,0.8831186,N#CC(C#N)=Cc1ccc(C=Nc2ccc(C=Nc3cccc(C(Nc4ccccc4)=C4C=Nc5ccccc54)c3)cc2)cc1,1,C(=Nc1ccc(C=Nc2cccc(C(Nc3ccccc3)=C3C=Nc4ccccc43)c2)cc1)c1ccccc1,0.9448555,430.8466,0.1467227,0.1467,0.5264398,3.2081,1.0000000,1.0000,[],47
23.0510,53.2507,59.0126,0.8770573,CCN(CC)c1ccc(C=NC(C#N)=NCc2ccc(N=Cc3ccc(N=Nc4ccc(C=C(C#N)C#N)cc4)cc3)cc2)cc1,1,C(=NC=NCc1ccc(N=Cc2ccc(N=Nc3ccccc3)cc2)cc1)c1ccccc1,0.9601398,485.4551,0.0734706,0.0735,0.4912935,3.5536,1.0000000,1.0000,[],47
20.5306,44.4933,77.7633,0.9551294,CCN(Cc1cc(C=C(C#N)C#N)cc([N+](=O)[O-])c1)c1ccc(C=C(C#N)C#N)cc1,1,c1ccc(CNc2ccccc2)cc1,0.9957415,459.2223,0.3731786,0.3732,0.5410921,3.0708,1.0000000,1.0000,[],47
40.9125,66.5289,50.0253,0.9105802,CCN(CC)c1ccc(C=CC(=O)c2ccc(NS(=O)(=O)c3ccc4c(C#N)cc(-c5ccc(-c6ccc(N(c7ccccc7)c7ccccc7)cc6)o5)nc4c3)cc2)cc1,1,O=C(C=Cc1ccccc1)c1ccc(NS(=O)(=O)c2ccc3ccc(-c4ccc(-c5ccc(N(c6ccccc6)c6ccccc6)cc5)o4)nc3c2)cc1,0.9931533,454.0385,0.0850552,0.0851,0.5165158,3.3032,1.0000000,1.0000,[],47
25.9616,31.2241,-28.9197,0.0180035,C1=Cc2ccccc2[P+]2(c3ccccc31)c1ccccc1Oc1ccccc12,1,C1=Cc2ccccc2[P+]2(c3ccccc31)c1ccccc1Oc1ccccc12,0.0153018,354.7859,0.3424126,0.3424,0.4907355,3.5592,1.0000000,1.0000,[],47
29.8670,44.9916,57.7015,0.8022899,CCN(CC)c1ccc(C=C(C(=O)c2ccc(N=Nc3ccc(N=Nc4ccc(C=O)cc4)cc3)cc2)C(=O)C(F)(F)F)cc1,1,O=C(C=Cc1ccccc1)c1ccc(N=Nc2ccc(N=Nc3ccccc3)cc2)cc1,0.8901005,497.2889,0.0397230,0.0397,0.5243827,3.2277,1.0000000,1.0000,[],47
28.9628,56.8191,61.5478,0.9247415,N#CC(C#N)=Cc1ccc2c(c1)C=Cc1ccccc1N2c1ccc(-c2ccc(-c3ccc(-c4ccc(C=C(C#N)C#N)s4)cc3)s2)cc1C=C(C#N)C#N,1,C1=Cc2ccccc2N(c2ccc(-c3ccc(-c4ccc(-c5cccs5)cc4)s3)cc2)c2ccccc21,0.9944146,463.7371,0.1478974,0.1479,0.4587978,3.8957,1.0000000,1.0000,[],47
22.6193,44.1340,67.0989,0.8690071,CCN(CC)c1ccc(C(C#N)=Cc2ccc(N(c3ccc(-c4ccc(C=C(C#N)C#N)cc4)cc3)c3ccc(-c4ccc(C=C(C#N)C#N)s4)cc3)cc2)cc1,1,C(=Cc1ccc(N(c2ccc(-c3ccccc3)cc2)c2ccc(-c3cccs3)cc2)cc1)c1ccccc1,0.9445155,489.2241,0.0899073,0.0899,0.4989321,3.4764,1.0000000,1.0000,[],47
31.5963,65.6885,51.8514,0.9182809,CCc1cc(C=C(C#N)C#N)ccc1N=Nc1ccc(-c2c(C=C(C#N)C#N)cc(C3CC3)cc2C=C(C#N)C#N)cc1,1,c1ccc(N=Nc2ccc(-c3ccc(C4CC4)cc3)cc2)cc1,0.9774580,479.0724,0.1995966,0.1996,0.4665391,3.8121,1.0000000,1.0000,[],47
43.8635,67.2174,38.8227,0.8284378,CC(=O)c1cccc(C=Nc2ccc(N=Cc3ccc(C=C(C#N)C#N)cc3)c(C=C3C(=Cc4ccc(Br)cc4)C(=O)c4ccccc43)c2)c1,1,O=C1C(=Cc2ccccc2)C(=Cc2cc(N=Cc3ccccc3)ccc2N=Cc2ccccc2)c2ccccc21,0.9054629,424.5317,0.0691048,0.0691,0.5039381,3.4265,1.0000000,1.0000,[],47
25.1084,49.1453,69.7994,0.9292554,N#CC(C#N)=Cc1ccc(N(c2ccc(C=C(C#N)C#N)cc2)c2ccc(-c3nnc4ccccc4c3C=C(C#N)C#N)cc2)cc1,1,c1ccc(N(c2ccccc2)c2ccc(-c3cc4ccccc4nn3)cc2)cc1,0.9936473,465.1432,0.1671812,0.1672,0.5051746,3.4143,1.0000000,1.0000,[],47
10.9992,26.7397,98.3602,0.9773429,CN(c1ccc(C=C(C#N)C#N)cc1)c1ccc(C=C(C#N)C#N)cc1,1,c1ccc(Nc2ccccc2)cc1,0.9958891,459.6069,0.7749709,0.7750,0.5667595,2.8391,1.0000000,1.0000,[],47
31.0346,47.7595,67.6790,0.9018633,CN(c1ccccc1)c1ccc(C(=O)C=C(C#N)c2ccc(N=Cc3ccc(N(c4ccccc4)c4ccccc4)cc3)cc2)cc1,1,O=C(C=Cc1ccc(N=Cc2ccc(N(c3ccccc3)c3ccccc3)cc2)cc1)c1ccc(Nc2ccccc2)cc1,0.9886454,448.4967,0.0671850,0.0672,0.5645498,2.8586,1.0000000,1.0000,[],47
19.1816,36.1152,48.8321,0.6636507,CCN(c1ccc(C=C(C#N)c2ccccc2)cc1)c1ccc2ccccc2c1,1,C(=Cc1ccc(Nc2ccc3ccccc3c2)cc1)c1ccccc1,0.6828420,408.3261,0.2760163,0.2760,0.6388006,2.2408,1.0000000,1.0000,[],48
36.4694,53.7064,-30.2124,0.1835466,COc1cc(N=Cc2ccc(N(C)c3ccccc3)cc2)ccc1-c1c(N(C)C=C(C#N)C#N)ccc2ccccc12,1,C(=Nc1ccc(-c2cccc3ccccc23)cc1)c1ccc(Nc2ccccc2)cc1,0.1808363,383.5979,0.1439950,0.1440,0.5354754,3.1230,1.0000000,1.0000,[],48
40.2793,58.7910,-58.1936,0.0046673,CCN(CC)c1ccc(N2C(=O)C(=C(N=Nc3ccc(C=Cc4ccc(N=Nc5ccc(C=C(C#N)C#N)cc5)cc4)cc3)SC)C2=O)cc1,1,O=C1C(=CN=Nc2ccc(C=Cc3ccc(N=Nc4ccccc4)cc3)cc2)C(=O)N1c1ccccc1,0.0039662,579.9976,0.0365647,0.0366,0.4853698,3.6142,1.0000000,1.0000,[],48
24.1578,46.0046,71.9577,0.9215801,N#CC(C#N)=Cc1ccc(N(c2ccc(C=C(C#N)C#N)cc2)c2cccc(Cc3ccc(C=CC=Cc4ccccc4)cc3)c2)cc1,1,C(C=Cc1ccc(Cc2cccc(N(c3ccccc3)c3ccccc3)c2)cc1)=Cc1ccccc1,0.9956326,461.0530,0.1149592,0.1150,0.5322685,3.1530,1.0000000,1.0000,[],48
15.0474,25.4925,-7.2982,0.1421433,CC(C)(C)c1ccc(-c2ccc(C=C(C#N)C#N)cc2)cc1,1,c1ccc(-c2ccccc2)cc1,0.1307980,379.4370,0.7224826,0.7225,0.6449405,2.1930,1.0000000,1.0000,[],48
32.8258,54.0239,61.7549,0.9045221,N#CC(=Cc1ccc2c(ccc3ccc(N4CCCc5ccccc54)cc32)c1)c1ccc(N=O)cc1,1,C(=Cc1ccc2c(ccc3ccc(N4CCCc5ccccc54)cc32)c1)c1ccccc1,0.9742252,439.4366,0.1156101,0.1156,0.5822992,2.7039,1.0000000,1.0000,[],48
34.3251,35.1615,68.1025,0.8067499,CC1=C(C#N)C(c2ccc(F)c(N=O)c2)CC(=O)N1,1,O=C1CC(c2ccccc2)C=CN1,0.8141899,416.0414,0.8285161,0.8285,0.5012137,3.4536,1.0000000,1.0000,[],48
14.3189,42.8222,73.5286,0.9089913,CCN(CC)c1ccc(C=Cc2cc(N(c3ccc(C=C(C#N)C#N)cc3)c3ccc(C=C(C#N)C#N)cc3)ccc2C=C(C#N)C#N)cc1,1,C(=Cc1cccc(N(c2ccccc2)c2ccccc2)c1)c1ccccc1,0.9826110,476.1973,0.1154757,0.1155,0.4967334,3.4985,1.0000000,1.0000,[],48
40.2631,70.0196,1.9919,0.5625899,COc1ccc(C=Nc2ccc(C3=NCc4cc(N=Cc5cc(C=Cc6ccc(N=Nc7ccccc7)cc6)cc(C=Nc6ccc(C=C(C#N)C#N)cc6)c5)ccc43)cc2)cc1,1,C(=Cc1cc(C=Nc2ccccc2)cc(C=Nc2ccc3c(c2)CN=C3c2ccc(N=Cc3ccccc3)cc2)c1)c1ccc(N=Nc2ccccc2)cc1,0.6099986,404.8566,0.0496711,0.0497,0.4595360,3.8877,1.0000000,1.0000,[],48
20.7806,28.0558,86.0192,0.8912114,CCN(CC)c1ccc(C=Nc2sc3c(c2C(N)=O)CCC3)cc1,1,C(=Nc1cc2c(s1)CCC2)c1ccccc1,0.9013941,424.0253,0.8093211,0.8093,0.6003505,2.5512,1.0000000,1.0000,[],48
18.2297,29.8909,91.3075,0.9468624,N#CC(C#N)=Cc1ccc(N(c2ccccc2)c2ccc3sc4ccccc4c3c2)cc1,1,c1ccc(N(c2ccccc2)c2ccc3sc4ccccc4c3c2)cc1,0.9942634,455.9710,0.2733953,0.2734,0.5995699,2.5577,1.0000000,1.0000,[],48
23.6869,46.7470,41.1189,0.6864528,N#CC(C#N)=Cc1ccc(-c2ccc3ccn(-c4ccc(C=C(C#N)C#N)cc4)c3c2C=C(C#N)C#N)cc1,1,c1ccc(-c2ccc3ccn(-c4ccccc4)c3c2)cc1,0.7104492,409.7452,0.2840172,0.2840,0.5043120,3.4228,1.0000000,1.0000,[],48
31.9818,56.1990,60.7383,0.9135724,CCN(CC)c1ccc(C=CC(=Nc2ccc3c(c2)C=Cc2cc(-c4ccc(N=Cc5ccc(N(CC)CC)cc5)cc4)ccc2N3CC)c2ccccc2)cc1,1,C(=Cc1ccccc1)C(=Nc1ccc2c(c1)C=Cc1cc(-c3ccc(N=Cc4ccccc4)cc3)ccc1N2)c1ccccc1,0.9910104,451.0584,0.1040845,0.1041,0.4981433,3.4843,1.0000000,1.0000,[],48
19.2349,39.3154,78.1113,0.9173961,N#CC(C#N)=Cc1ccc(N(c2ccc(C=Cc3ccccc3)cc2)c2ccc(-c3ccc(C=C(C#N)C#N)s3)c3ccccc23)cc1,1,C(=Cc1ccc(N(c2ccccc2)c2ccc(-c3cccs3)c3ccccc23)cc1)c1ccccc1,0.9891998,470.9537,0.1228992,0.1229,0.5218334,3.2520,1.0000000,1.0000,[],48
24.8987,55.5975,62.6801,0.9240437,CCN(CC)c1ccc(C=C2c3ccc(N(CC)c4ccc(C=C(C#N)C#N)cc4)cc3C2c2cc(N(CC)CC)ccc2C)cc1,1,C(=C1c2ccc(Nc3ccccc3)cc2C1c1ccccc1)c1ccccc1,0.9932602,465.7896,0.1477643,0.1478,0.4674954,3.8018,1.0000000,1.0000,[],48
32.6683,65.3298,52.3352,0.9192575,N#CC(C#N)=Cc1ccc(N(c2ccc(C=CC(=O)N3CCCC(c4ccc(C=C(C#N)C#N)s4)C3)cc2)c2ccc(C=C(C#N)C#N)cc2)cc1,1,O=C(C=Cc1ccc(N(c2ccccc2)c2ccccc2)cc1)N1CCCC(c2cccs2)C1,0.9948308,462.8918,0.1237725,0.1238,0.4363496,4.1466,1.0000000,1.0000,[],48
24.6127,42.4621,75.0938,0.9184058,N#CC(C#N)=Cc1ccc(-c2ccc(-c3ccc(-c4ccc5c(c4)c(C=C(C#N)C#N)cc4ccccc45)cc3)s2)s1,1,c1csc(-c2ccc(-c3ccc(-c4ccc5c(ccc6ccccc65)c4)cc3)s2)c1,0.9835489,475.5850,0.1521497,0.1521,0.5254315,3.2177,1.0000000,1.0000,[],48
33.3463,50.2714,-50.2714,0.0000000,CN(c1ccc(C=NN=Cc2ccccc2)cc1)c1ccc(C=C(C#N)c2ccc(C=C(C#N)C#N)cc2)cn1,1,C(=Cc1ccc(Nc2ccc(C=NN=Cc3ccccc3)cc2)nc1)c1ccccc1,0.0000000,0.0000,0.0000000,0.0000,0.0000000,0.0000,0.0000000,0.0000,['[#7;!n][#7;!n]'],48
30.5088,47.0263,68.8840,0.9055492,C=COC=C=C(C=Cc1ccc(C=C(C#N)C#N)cc1)C=Cc1ccc(N=C=S)cc1,1,C=C(C=Cc1ccccc1)C=Cc1ccccc1,0.9790437,441.7372,0.1181021,0.1181,0.4721906,3.7519,1.0000000,1.0000,[],48
21.8751,39.4717,81.7988,0.9474262,N#CC(C#N)=Cc1ccc(N=Nc2c(F)cccc2N=Nc2ccccc2)cc1,1,c1ccc(N=Nc2ccccc2N=Nc2ccccc2)cc1,0.9889177,471.2367,0.3486672,0.3487,0.5540453,2.9525,1.0000000,1.0000,[],48
17.7962,44.3177,73.5396,0.9207600,N#CC(C#N)=Cc1ccc(N=Nc2ccc(N(c3ccc(C=C(C#N)C#N)cc3)c3cccc(C=C(C#N)C#N)c3)cc2)cc1,1,c1ccc(N=Nc2ccc(N(c3ccccc3)c3ccccc3)cc2)cc1,0.9875178,472.5437,0.1484950,0.1485,0.5115290,3.3518,1.0000000,1.0000,[],48
47.3281,63.8901,37.4821,0.7919705,CN1C(=O)C(=Cc2ccc3ccccc3c2)C(=O)C2=C1C(=S)NC2c1ccc(C=C(C#N)C#N)cc1,1,O=C1NC2=C(C(=O)C1=Cc1ccc3ccccc3c1)C(c1ccccc1)NC2=S,0.8298091,502.7990,0.2511419,0.2511,0.4831782,3.6368,1.0000000,1.0000,[],48
31.3262,51.7531,67.1427,0.9288739,Cc1cc(-c2ccc(-c3ccc(C=C(C#N)C#N)cc3C=C(C#N)C#N)s2)sc1-c1ccc(-c2cccc(C=C(C#N)C#N)c2)s1,1,c1ccc(-c2ccc(-c3ccc(-c4ccc(-c5ccccc5)s4)s3)s2)cc1,0.9958110,460.5982,0.1616133,0.1616,0.4695877,3.7795,1.0000000,1.0000,[],48
36.2681,51.5281,-40.4501,0.0865470,CCn1nnc2cc(-c3ccccc3)c(N=Cc3cccc(C=C(C#N)C#N)c3)cc2c1=O,1,O=c1[nH]nnc2cc(-c3ccccc3)c(N=Cc3ccccc3)cc12,0.0797213,373.4414,0.3379524,0.3380,0.5553177,2.9411,1.0000000,1.0000,[],48
9.1062,26.1136,-26.1136,0.0000000,N#CC(C#N)=Cc1ccc(N(c2ccccc2)c2ccc(C=C(C#N)C#N)cc2)cc1,1,c1ccc(N(c2ccccc2)c2ccccc2)cc1,0.9902225,469.8624,0.4903937,0.4904,0.5877552,2.6572,1.0000000,1.0000,[],48
16.4611,40.8570,80.9777,0.9518336,N#CC(C#N)=Cc1ccc2c(c1)C=Cc1ccccc1N2c1ccccc1C=C(C#N)C#N,1,C1=Cc2ccccc2N(c2ccccc2)c2ccccc21,0.9945863,463.3963,0.3515450,0.3515,0.5260938,3.2114,1.0000000,1.0000,[],48
24.0895,36.7764,-10.6263,0.2042978,N#CC(C#N)=Cc1oc2ccccc2c(=O)c1C=Cc1ccc(N(c2ccccc2)c2ccccc2)cc1,1,O=c1c(C=Cc2ccc(N(c3ccccc3)c3ccccc3)cc2)coc2ccccc12,0.1993368,535.0966,0.2258309,0.2258,0.5650672,2.8541,1.0000000,1.0000,[],48
28.7520,47.7854,67.5814,0.9013032,CCC(C)=Cc1ccc2c(c1)c1cc(C=C(C#N)C#N)ccc1c1ccc3ccccc3c12,1,c1ccc2c(c1)ccc1c3ccccc3c3ccccc3c21,0.9519976,432.4343,0.2159193,0.2159,0.5713525,2.7987,1.0000000,1.0000,[],48
26.4395,54.1718,63.5058,0.9193559,CC(=Cc1cccc(-c2ccc(N(c3ccc(C)cc3)c3ccc(C=C(C#N)C#N)cc3)cc2)c1C=C(C#N)C#N)c1ccc(C=C(C#N)C#N)cc1,1,C(=Cc1cccc(-c2ccc(N(c3ccccc3)c3ccccc3)cc2)c1)c1ccccc1,0.9958129,460.5934,0.1111859,0.1112,0.4916602,3.5498,1.0000000,1.0000,[],48
31.9582,37.1019,-18.7869,0.1430856,CCCCC[N+](=Cc1ccc(-c2cccc3ccccc23)s1)CCCCC,1,c1csc(-c2cccc3ccccc23)c1,0.1375948,380.0723,0.1965871,0.1966,0.5699950,2.8106,1.0000000,1.0000,[],48
39.3215,68.7312,45.6384,0.8935121,CCc1ccc(C(=Cc2ccc(-c3ccc(C=C(C#N)C#N)cc3)s2)c2ccc(N=Nc3ccc(-c4nc(CC)c(C=C(C#N)C#N)s4)cc3)c(C=C(C#N)C#N)c2)cc1,1,C(=C(c1ccccc1)c1ccc(N=Nc2ccc(-c3nccs3)cc2)cc1)c1ccc(-c2ccccc2)s1,0.9762170,479.6680,0.0870316,0.0870,0.4385848,4.1210,1.0000000,1.0000,[],48
28.6888,45.0246,-39.7223,0.0414241,N#CC(C#N)=Cc1csc(C=c2ccccc2=c2ccc(=C(C#N)C#N)cc2)c1,1,C=c1ccc(=c2ccccc2=Cc2cccs2)cc1,0.0361195,555.6570,0.6279210,0.6279,0.4710889,3.7635,1.0000000,1.0000,[],48
39.4988,69.6333,14.9738,0.6609931,CCN(c1ccc(C=C2C=C(N3C(=O)c4ccccc4C3=O)C(=O)c3cc4ccccc4cc32)cc1)c1ccc(N=Nc2ccc(C=C(C#N)C#N)cc2)cc1,1,O=C1C(N2C(=O)c3ccccc3C2=O)=CC(=Cc2ccc(Nc3ccc(N=Nc4ccccc4)cc3)cc2)c2cc3ccccc3cc21,0.7091570,510.3229,0.0871544,0.0872,0.4888194,3.5788,1.0000000,1.0000,[],48
20.6446,43.2815,-40.6264,0.0207427,CCN(CC)c1ccc(C=Cc2nc(-c3ccccc3)c(N=Nc3ccc(C=C(C#N)C#N)cc3)s2)cc1,1,C(=Cc1nc(-c2ccccc2)c(N=Nc2ccccc2)s1)c1ccccc1,0.0181406,563.3350,0.1650299,0.1650,0.5383098,3.0966,1.0000000,1.0000,[],48
36.6378,64.8020,46.1609,0.8668974,Cc1[nH]c2ccc(C=C=Cc3ccc(N=Nc4ccc(N=Cc5ccc(N=Cc6ccc(C=C(C#N)C#N)cc6)cc5)cc4)cc3)cc2c1C=C(C#N)C#N,1,C(=Cc1ccc(N=Nc2ccc(N=Cc3ccc(N=Cc4ccccc4)cc3)cc2)cc1)=Cc1ccc2[nH]ccc2c1,0.9536955,432.8447,0.0649027,0.0649,0.4550174,3.9371,1.0000000,1.0000,[],48
28.8190,55.7155,59.5511,0.9005208,CCN(CC)c1ccc(C=Cc2cc(C=C(C#N)C#N)c3sc(-c4ccc(N=Cc5ccc(C=C(C#N)C#N)cc5)cc4)cn23)cc1,1,C(=Cc1ccc2sc(-c3ccc(N=Cc4ccccc4)cc3)cn12)c1ccccc1,0.9745090,480.4400,0.1130170,0.1130,0.4760410,3.7113,1.0000000,1.0000,[],48
17.5783,25.0731,-19.1117,0.0465741,N#CC(C#N)=Cc1ccc2ccoc2c1,1,c1ccc2occc2c1,0.0406399,365.6743,0.6554911,0.6555,0.5716267,2.7963,1.0000000,1.0000,[],48
26.1372,44.9204,69.4286,0.8933516,CCN(CC)c1ccc(C=CC(=C(c2ccc(N(C)C)cc2)c2ccc(N(c3ccccc3)c3ccccc3)cc2)c2ccc(C=C(C#N)C#N)cc2)cc1,1,C(=Cc1ccccc1)C(=C(c1ccccc1)c1ccc(N(c2ccccc2)c2ccccc2)cc1)c1ccccc1,0.9800323,477.7272,0.0676735,0.0677,0.5267129,3.2055,1.0000000,1.0000,[],48
35.6504,63.3746,49.4403,0.8813661,CCN(CC)c1ccc(C=Nc2ccc(C=Cc3c(-c4ccc(N=Nc5ccc(C=C(C#N)C#N)cc5)cc4)c(C=C(C#N)C#N)c(C)n3-c3ccc([N+](=O)[O-])cc3)cc2)cc1,1,C(=Cc1c(-c2ccc(N=Nc3ccccc3)cc2)ccn1-c1ccccc1)c1ccc(N=Cc2ccccc2)cc1,0.9902560,469.8247,0.0344289,0.0344,0.4512603,3.9786,1.0000000,1.0000,[],48
22.7491,42.8859,41.6581,0.6605000,N#CC(C#N)=Cc1ccc2c(c1)C(=O)C(=Cc1cccc3ccccc13)c1ccccc1-2,1,O=C1C(=Cc2cccc3ccccc23)c2ccccc2-c2ccccc21,0.6805401,408.2109,0.2746113,0.2746,0.5956756,2.5903,1.0000000,1.0000,[],48
22.2965,29.6852,92.6793,0.9559725,N#CC(C#N)=c1ccc(=Cc2ccc(C#N)cc2)o1,1,C=c1ccc(=Cc2ccccc2)o1,0.9756836,440.0852,0.7545607,0.7546,0.5170727,3.2979,1.0000000,1.0000,[],48
25.8592,47.9052,73.2001,0.9461346,CN(c1ccc(C=C(C#N)C#N)cc1)c1ccc(-c2c(N)c(C#N)c(C=C(C#N)C#N)c(C#N)c2C#N)cc1,1,c1ccc(Nc2ccc(-c3ccccc3)cc2)cc1,0.9888343,471.3190,0.3613957,0.3614,0.4923850,3.5425,1.0000000,1.0000,[],48
35.2252,44.1454,71.8260,0.9060262,Cc1cc(-c2ccc(-c3cnc(C=S=O)s3)s2)sc1C=C(C#N)C#N,1,c1csc(-c2ccc(-c3cncs3)s2)c1,0.9383425,490.4406,0.4703910,0.4704,0.4583363,3.9008,1.0000000,1.0000,[],48
13.7664,28.8734,-4.1591,0.1930800,N#CC(C#N)=Cc1ccc(C=C(C#N)C#N)cc1,1,c1ccccc1,0.1809991,383.6098,0.7290278,0.7290,0.5663871,2.8424,1.0000000,1.0000,[],48
36.5581,59.1783,36.0907,0.7442892,CC(=C(C#N)C#N)c1ccc(C)c(-n2c(C)c(-c3ccc(-c4ccc(C=C(C#N)C#N)cc4)cc3)ccc2=O)c1,1,O=c1ccc(-c2ccc(-c3ccccc3)cc2)cn1-c1ccccc1,0.7742826,413.3834,0.2631658,0.2632,0.5420209,3.0623,1.0000000,1.0000,[],48
20.8700,42.7008,-42.7008,0.0000000,N#CC(C#N)=Cc1ccc(C#CC(C#N)=Cc2ccc(N(c3ccc(C=C(C#N)C#N)cc3)c3ccc(N(c4ccccc4)c4ccccc4)cc3)cc2)cc1,1,C(#Cc1ccccc1)C=Cc1ccc(N(c2ccccc2)c2ccc(N(c3ccccc3)c3ccccc3)cc2)cc1,0.0000000,0.0000,0.0000000,0.0000,0.0000000,0.0000,0.0000000,0.0000,['C#C'],48
24.0765,55.5823,60.1049,0.9038062,N#CC(C#N)=Cc1ccc(C=Nc2ccc3c4cc(C=C(C#N)C#N)ccc4n(-c4ccc(N(c5ccc(C=C(C#N)C#N)cc5)c5ccc(C=C(C#N)C#N)cc5)cc4)c3c2)cc1,1,C(=Nc1ccc2c3ccccc3n(-c3ccc(N(c4ccccc4)c4ccccc4)cc3)c2c1)c1ccccc1,0.9844788,445.0570,0.0946916,0.0947,0.4591925,3.8914,1.0000000,1.0000,[],48
9.2377,26.3965,-26.3965,0.0000000,N#CC(C#N)=Cc1ccc(N(c2ccccc2)c2ccc(C=C(C#N)C#N)cc2)cc1,2,c1ccc(N(c2ccccc2)c2ccccc2)cc1,0.0000000,469.8624,0.0000000,0.4904,0.0000000,2.6572,0.0000000,1.0000,[],48
43.2723,91.0611,-91.0611,0.0000000,C(Oc1ccc(C(=NS(=O)(c2ccc(C=Cc3ccc(N=Cc4ccc(N=Cc5ccc(N6c7ccccc7CCC6)cc5)cc4)CC)cc3cc2)=O)N2CCCCC2)cc1)C,0,,0.0000000,0.0000,0.0000000,0.0000,0.0000000,0.0000,0.0000000,0.0000,None,48
29.2981,49.3248,-13.1577,0.2825553,CN(c1ccccc1)c1ccc(C=Nc2ccc(C(=O)c3cc(N=C=S)cn3C)cc2)cc1,1,O=C(c1ccc(N=Cc2ccc(Nc3ccccc3)cc2)cc1)c1ccc[nH]1,0.2823354,389.8711,0.1832046,0.1832,0.5615903,2.8849,1.0000000,1.0000,[],48
32.8960,55.7324,-51.9866,0.0292643,CCN(CC)c1ccc(C2=NC(=C(C#N)C#N)c3cc(-c4cc(N=Cc5ccc(N(c6ccccc6)c6ccccc6)cc5)ccc4C#N)ccc32)cc1,1,C=C1N=C(c2ccccc2)c2ccc(-c3cccc(N=Cc4ccc(N(c5ccccc5)c5ccccc5)cc4)c3)cc21,0.0264756,559.1375,0.1046834,0.1047,0.5034323,3.4315,1.0000000,1.0000,[],48
38.0778,73.3678,40.3098,0.8881061,CC(=Cc1ccc(N=Nc2ccc(N=Cc3cc(C=C(C#N)C#N)ccc3-c3ccc(N(c4ccccc4)c4ccccc4)cc3C=C(C#N)C#N)cc2)cc1)c1ccc(N=Nc2ccc(C=C(C#N)C#N)cc2)cc1,1,C(=Cc1ccc(N=Nc2ccc(N=Cc3ccccc3-c3ccc(N(c4ccccc4)c4ccccc4)cc3)cc2)cc1)c1ccc(N=Nc2ccccc2)cc1,0.9932783,454.2398,0.0419512,0.0420,0.4248709,4.2798,1.0000000,1.0000,[],48
24.1978,41.0760,72.2548,0.8853972,N#CC(=Cc1ccc(N(c2ccccc2)c2ccccc2)cc1)c1ccc(N=Cc2ccc3cc(N=Nc4ccccc4)ccc3c2)cc1,1,C(=Cc1ccc(N(c2ccccc2)c2ccccc2)cc1)c1ccc(N=Cc2ccc3cc(N=Nc4ccccc4)ccc3c2)cc1,0.9693345,437.4956,0.0690007,0.0690,0.5509686,2.9804,1.0000000,1.0000,[],48
28.4338,43.5785,30.4582,0.5784118,COc1cccc(C=NC(=O)C=Cc2ccc(N=Cc3ccc(N(c4ccccc4)c4ccccc4)cc3)cc2)c1,1,O=C(C=Cc1ccc(N=Cc2ccc(N(c3ccccc3)c3ccccc3)cc2)cc1)N=Cc1ccccc1,0.6048806,404.6235,0.1402979,0.1403,0.5780595,2.7404,1.0000000,1.0000,[],48
28.1901,56.2995,62.5293,0.9283500,N#CC(C#N)=Cc1ccc(-n2c(=O)c(C=Cc3ccc(-c4ccc(C=C(C#N)C#N)o4)s3)cc3cc(F)ccc32)cc1,1,O=c1c(C=Cc2ccc(-c3ccco3)s2)cc2ccccc2n1-c1ccccc1,0.9877818,472.3086,0.1961630,0.1962,0.5014898,3.4509,1.0000000,1.0000,[],48
41.2617,60.3437,56.1037,0.9097457,CN(C)c1ccc(C=Nc2ccc(-c3cc4cc(-c5ccn(S(=O)(=O)c6ccccc6)c5)ccc4cc3C=C(C#N)C#N)cc2)cc1,1,O=S(=O)(c1ccccc1)n1ccc(-c2ccc3ccc(-c4ccc(N=Cc5ccccc5)cc4)cc3c2)c1,0.9801246,442.3241,0.1238816,0.1239,0.5255672,3.2164,1.0000000,1.0000,[],48
32.5577,66.9092,-65.6264,0.0100215,CCN(CC)c1ccc(C=Cc2c(C=Cc3ccc(N=Cc4ccc(N(CC)CC)cc4)cc3)nn3c(C=Cc4ccc(N(CC)CC)cc4)ccc3c2C=C(C#N)C#N)cc1,1,C(=Cc1cc2ccc(C=Cc3ccccc3)n2nc1C=Cc1ccc(N=Cc2ccccc2)cc1)c1ccccc1,0.0087250,571.3857,0.0634114,0.0634,0.4537736,3.9508,1.0000000,1.0000,[],48
22.6005,45.9360,71.6404,0.9185657,CN(c1ccc(C=C(C#N)C#N)cc1)c1ccc(-c2ccc(N(c3ccc(C=C(C#N)C#N)cc3)c3ccc4c5ccccc5c5ccccc5c4c3)cc2)cc1,1,c1ccc(Nc2ccc(-c3ccc(N(c4ccccc4)c4ccc5c6ccccc6c6ccccc6c5c4)cc3)cc2)cc1,0.9923714,452.8557,0.1139829,0.1140,0.5348432,3.1289,1.0000000,1.0000,[],48
28.8986,39.4771,15.7343,0.4313392,CCN(CC)c1ccc(C=Nc2ccc(C#[N+]c3ccc(C=Cc4ccccc4)cc3)cc2)cc1,1,C(#[N+]c1ccc(C=Cc2ccccc2)cc1)c1ccc(N=Cc2ccccc2)cc1,0.4393298,397.3521,0.2016355,0.2016,0.5643352,2.8605,1.0000000,1.0000,[],48
32.3632,36.4346,17.2235,0.4192041,CSC(CCCCOc1ccc(C=C(C#N)C#N)cc1)c1ccccc1,1,c1ccc(CCCCCOc2ccccc2)cc1,0.4167931,396.3524,0.4195323,0.4195,0.5506875,2.9829,1.0000000,1.0000,[],48
33.2180,52.3612,60.8330,0.8843300,Cc1cc(C=Cc2ccc(N=Nc3ccc(-c4ccc(N=Cc5ccc(N=Nc6ccccc6)cc5)cc4)cc3)cc2)ccc1N=Cc1ccc(N(C)c2ccccc2)cc1,1,C(=Cc1ccc(N=Nc2ccc(-c3ccc(N=Cc4ccc(N=Nc5ccccc5)cc4)cc3)cc2)cc1)c1ccc(N=Cc2ccc(Nc3ccccc3)cc2)cc1,0.9712644,438.2229,0.0650800,0.0651,0.5152489,3.3155,1.0000000,1.0000,[],48
36.1066,38.1050,6.5047,0.3485135,COc1ccc(C=C(C#N)C(=O)c2ccc(N)c(NC(=O)c3ccccc3)c2)cc1OC,1,O=C(C=Cc1ccccc1)c1cccc(NC(=O)c2ccccc2)c1,0.3476352,393.1658,0.2510446,0.2510,0.6426520,2.2108,1.0000000,1.0000,[],48
28.0433,63.1828,52.5580,0.9042256,CC(=Cc1cc(N(c2ccc(C=C(C#N)C#N)cc2)c2ccc(N(c3ccc(C=C(C#N)C#N)cc3)c3ccc(C=C(C#N)C#N)cc3)cc2)ccc1C=C(C#N)C#N)c1ccc(C=C(C#N)C#N)c2ccccc12,1,C(=Cc1cccc2ccccc12)c1cccc(N(c2ccccc2)c2ccc(N(c3ccccc3)c3ccccc3)cc2)c1,0.9927243,453.3738,0.0773390,0.0773,0.4284317,4.2381,1.0000000,1.0000,[],48
45.0657,63.9863,8.5398,0.5666105,CCc1cc2ccc(N(C)C(=O)CN(C)C)cc2cc1C=Nc1ccc(C=C(C#N)C#N)cc1C#N,1,C(=Nc1ccccc1)c1ccc2ccccc2c1,0.5761338,403.3324,0.3544951,0.3545,0.5187461,3.2817,1.0000000,1.0000,[],48
40.5105,73.3207,42.9411,0.9082952,N#CC(C#N)=Cc1ccc(N=Nc2ccc(C=CC=Cc3cc(-c4cccc(NC(=O)c5ccccc5)c4)nc(=O)[nH]3)cc2C=C(C#N)C#N)cc1,1,O=C(Nc1cccc(-c2cc(C=CC=Cc3ccc(N=Nc4ccccc4)cc3)[nH]c(=O)n2)c1)c1ccccc1,0.9926066,466.8016,0.0838396,0.0838,0.4778157,3.6927,1.0000000,1.0000,[],49
27.9656,58.6399,58.8076,0.9175584,CN(c1ccc(C=C(C#N)C#N)cc1)c1ccc(-c2sc(C(C#N)=Cc3ccc(N(c4ccc(C=C(C#N)C#N)cc4)c4ccc5ccccc5c4)cc3)cc2C=C(C#N)C#N)cc1,1,C(=Cc1ccc(-c2ccc(Nc3ccccc3)cc2)s1)c1ccc(N(c2ccccc2)c2ccc3ccccc3c2)cc1,0.9944476,456.3275,0.1148535,0.1149,0.4532407,3.9567,1.0000000,1.0000,[],49
36.9871,76.8429,38.8491,0.9038441,CN(c1ccc(C=C(C#N)C#N)cc1)c1ccc(C=C(C#N)C#N)cc1C=Nc1cccc(-c2cccc(-c3cccc(N=Nc4ccc(C=C(C#N)C#N)cc4)c3)n2)c1,1,C(=Nc1cccc(-c2cccc(-c3cccc(N=Nc4ccccc4)c3)n2)c1)c1ccccc1Nc1ccccc1,0.9940776,455.6231,0.0703730,0.0704,0.4530041,3.9593,1.0000000,1.0000,[],49
26.0525,43.2541,65.8000,0.8519848,[C-]#[N+]c1cc(N(CC)CC)ccc1C=Cc1ccc(C=C(C#N)C#N)cc1C=C(C#N)C#N,1,C(=Cc1ccccc1)c1ccccc1,0.8909473,497.1946,0.3003685,0.3004,0.4865651,3.6019,1.0000000,1.0000,[],49
24.5038,46.8256,71.8333,0.9270224,N#CC(C#N)=Cc1ccc(-n2c3ccccc3c3cc(C=C(C#N)C#N)ccc32)c(-c2ccc(-c3ccc(C=C(C#N)C#N)s3)s2)c1,1,c1csc(-c2ccc(-c3ccccc3-n3c4ccccc4c4ccccc43)s2)c1,0.9922377,452.6657,0.1664367,0.1664,0.4823799,3.6451,1.0000000,1.0000,[],49
43.6706,77.5407,32.6976,0.8612372,N#CC(C#N)=Cc1ccc(-c2cc(N=C=O)ccc2-c2cccc3c2C(=Cc2ccc(N=Cc4ccc(N(c5ccccc5)c5ccccc5)cc4)cc2)c2ccccc2C=C3)cc1C=C(C#N)C#N,1,C1=Cc2cccc(-c3ccccc3-c3ccccc3)c2C(=Cc2ccc(N=Cc3ccc(N(c4ccccc4)c4ccccc4)cc3)cc2)c2ccccc21,0.9450293,430.8828,0.0719077,0.0719,0.4338364,4.1754,1.0000000,1.0000,[],49
25.0869,47.2161,70.7986,0.9219900,CCN(c1ccc(C=Nc2ccc(N=Cc3ccc4c(c3)C(C)(C)c3ccccc3N4C)cc2)cc1)c1ccc(C=C(C#N)C#N)cc1,1,C(=Nc1ccc(N=Cc2ccc3c(c2)Cc2ccccc2N3)cc1)c1ccc(Nc2ccccc2)cc1,0.9936067,454.7873,0.1271059,0.1271,0.5156713,3.3114,1.0000000,1.0000,[],49
33.7594,53.6985,57.3490,0.8675586,CC(=Nc1ccc(C=Nc2ccc(C=Nc3ccc(C=CNCc4ccc(N=Cc5ccc([N+](=O)[O-])cc5)cc4)cc3)cc2)cc1)c1ccccc1,1,C(=Cc1ccc(N=Cc2ccc(N=Cc3ccc(N=Cc4ccccc4)cc3)cc2)cc1)NCc1ccc(N=Cc2ccccc2)cc1,0.9477633,431.4681,0.0745300,0.0745,0.5166524,3.3019,1.0000000,1.0000,[],49
32.0149,62.9121,46.1093,0.8517295,C=CC=Cc1cc2ccccc2c2cc(N=Nc3ccc(C=Cc4ccc(N=Cc5ccc(N=Nc6ccc(C=C(C#N)C#N)cc6)cc5)cc4)cc3)ccc12,1,C(=Cc1ccc(N=Nc2ccc3ccc4ccccc4c3c2)cc1)c1ccc(N=Cc2ccc(N=Nc3ccccc3)cc2)cc1,0.9552150,433.2242,0.0331018,0.0331,0.4791864,3.6783,1.0000000,1.0000,[],49
42.9565,77.1095,30.8516,0.8434464,CC(C=CC=Cc1c2ccccc2c(C=C(C#N)C#N)c2c(C)c(C=C(C#N)C#N)ccc12)=CC=Cc1ccc(N(c2ccc(C=C(C#N)C#N)cc2)c2ccc(C=C(C#N)C#N)cc2)cc1,1,C(C=CC=Cc1c2ccccc2cc2ccccc12)=CC=Cc1ccc(N(c2ccccc2)c2ccccc2)cc1,0.9279471,492.2532,0.0653450,0.0653,0.4194721,4.3438,1.0000000,1.0000,[],49
15.6886,24.3088,-17.5169,0.0530617,N#CC(C#N)=Cc1cccc2ccncc12,1,c1ccc2cnccc2c1,0.0465480,367.2151,0.6721716,0.6722,0.5922680,2.6190,1.0000000,1.0000,[],49
32.5047,47.7574,42.3626,0.7040630,CN(c1ccccc1)c1ccc(C=Nc2ccc(C(=O)C=Cc3ccc(S(=O)(=O)c4ccc5ccccc5c4)cc3)cc2)cc1,1,O=C(C=Cc1ccc(S(=O)(=O)c2ccc3ccccc3c2)cc1)c1ccc(N=Cc2ccc(Nc3ccccc3)cc2)cc1,0.7533401,412.1223,0.0935450,0.0935,0.5847483,2.6829,1.0000000,1.0000,[],49
45.7742,82.1537,33.6931,0.9050536,Cc1c(=S)c(-c2cc(C=Cc3ccc(N(c4ccc(C=C(C#N)C#N)cc4)c4ccc(C=C(C#N)C#N)cc4)cc3)cc3cc(C=C(C#N)C#N)ccc23)ccc2cc3ccccc3cc12,1,S=c1cc2cc3ccccc3cc2ccc1-c1cc(C=Cc2ccc(N(c3ccccc3)c3ccccc3)cc2)cc2ccccc12,0.9917608,452.0131,0.0791704,0.0792,0.4534621,3.9542,1.0000000,1.0000,[],49
9.0776,28.6024,-28.6024,0.0000000,N#CC(C#N)=Cc1ccc(N(c2ccc(C=C(C#N)C#N)cc2)c2ccc(C=C(C#N)C#N)cc2)cc1,1,c1ccc(N(c2ccccc2)c2ccccc2)cc1,0.9888738,448.7198,0.3737664,0.3738,0.5644542,2.8595,1.0000000,1.0000,[],49
20.8909,33.4739,45.0151,0.6131958,CCC1c2ccccc2C(=C(C#N)C#N)c2ccc3ccccc3c21,1,C=C1c2ccccc2Cc2c1ccc1ccccc21,0.6169574,405.1752,0.5522708,0.5523,0.5365504,3.1130,1.0000000,1.0000,[],49
38.7325,52.4286,64.7504,0.9154606,O=S=Nc1cc(=O)c2cc(C=C3C(=O)c4ccccc4C3=O)c(Br)cc2[nH]1,1,O=C1C(=Cc2ccc3[nH]ccc(=O)c3c2)C(=O)c2ccccc21,0.9449933,489.1247,0.4837130,0.4837,0.5275173,3.1979,1.0000000,1.0000,[],49
16.1753,33.8958,-16.0200,0.1396549,N#CC(C#N)=Cc1ccc(-n2cc(C=C(C#N)C#N)cn2)cc1,1,c1ccc(-n2cccn2)cc1,0.1283891,379.2051,0.8077902,0.8078,0.5454654,3.0306,1.0000000,1.0000,[],49
25.0699,43.6450,10.4779,0.4228354,N=c1oc2ccc(Cl)cc2cc1C=Cc1ccc(N=Cc2ccc3ccccc3c2)cc1,1,N=c1oc2ccccc2cc1C=Cc1ccc(N=Cc2ccc3ccccc3c2)cc1,0.4249572,396.7161,0.2900926,0.2901,0.5866303,2.6668,1.0000000,1.0000,[],49
37.6912,69.1846,45.5147,0.8960881,N#CC(C#N)=Cc1ccc(N=Nc2ccc(-c3ccc(N=Nc4ccc(C=Nc5ccc(C=Cc6ccc(S(=O)(=O)N=C7c8ccccc8C(=O)c8ccccc87)cc6)cc5)cc4)cc3)cc2)cc1,1,O=C1c2ccccc2C(=NS(=O)(=O)c2ccc(C=Cc3ccc(N=Cc4ccc(N=Nc5ccc(-c6ccc(N=Nc7ccccc7)cc6)cc5)cc4)cc3)cc2)c2ccccc21,0.9941485,464.2455,0.0512395,0.0512,0.4722731,3.7510,1.0000000,1.0000,[],49
20.9890,38.6553,72.6760,0.8697755,CN(c1ccc(C=Nc2ccc(C=C(C#N)C#N)cc2)cc1)c1ccc(-c2ccc(C=C(C#N)C#N)s2)cc1,1,C(=Nc1ccccc1)c1ccc(Nc2ccc(-c3cccs3)cc2)cc1,0.9235076,492.9544,0.1823011,0.1823,0.5257172,3.2150,1.0000000,1.0000,[],49
32.9188,47.7485,67.1107,0.8973373,Cc1ccc2c(c1)-c1cc(N=Cc3cc(C=C(C#N)C#N)ccc3O)ccc1C2=C(C#N)C#N,1,C=C1c2ccccc2-c2cc(N=Cc3ccccc3)ccc21,0.9374273,429.3888,0.3241275,0.3241,0.5184127,3.2849,1.0000000,1.0000,[],49
35.8430,53.6027,64.3929,0.9218402,CC(C)=CC(C)=CC1=Nc2ccccc2SC1=C(C#N)c1ccc(C=C(C#N)C#N)cc1,1,C1=Nc2ccccc2SC1=Cc1ccccc1,0.9605052,485.3510,0.3794104,0.3794,0.4958855,3.5071,1.0000000,1.0000,[],49
13.5257,19.4725,-18.8808,0.0046227,N#CC(C#N)=CNc1ccccc1,1,c1ccccc1,0.0035603,338.8260,0.6888223,0.6888,0.6194162,2.3949,1.0000000,1.0000,[],49
22.7033,54.6447,61.3072,0.9058741,N#CC(C#N)=Cc1ccc(N=Nc2ccc(C(C#N)=Cc3ccc(N(c4ccc(C=C(C#N)C#N)cc4)c4ccc(C=C(C#N)C#N)c5ccccc45)cc3)cc2)cc1,1,C(=Cc1ccc(N(c2ccccc2)c2cccc3ccccc23)cc1)c1ccc(N=Nc2ccccc2)cc1,0.9935109,465.3753,0.0747539,0.0748,0.4756005,3.7159,1.0000000,1.0000,[],49
16.8200,28.4218,93.0975,0.9493698,N#CC(C#N)=CCNc1ccc(C=C(C#N)C#N)cc1,1,c1ccccc1,0.9647408,435.9285,0.8355691,0.8356,0.5361564,3.1166,1.0000000,1.0000,[],49
47.3598,68.4107,44.6298,0.8831289,[C-]#[N+]C(C#N)=Cc1cc(N(c2ccc(-c3ccccc3)cc2)c2ccc3cc(N=Nc4ccc(C=C(C#N)C#N)cc4)ccc3c2)ccc1C=Cc1ccc(N(c2ccccc2)c2ccc(C=C(C#N)C#N)cc2)cc1,1,C(=Cc1ccc(N(c2ccc(-c3ccccc3)cc2)c2ccc3cc(N=Nc4ccccc4)ccc3c2)cc1)c1ccc(N(c2ccccc2)c2ccccc2)cc1,0.9846560,474.8164,0.0454561,0.0455,0.4303301,4.2160,1.0000000,1.0000,[],49
22.0169,46.7367,70.7194,0.9176261,N#CC(C#N)=Cc1ccc(N=Nc2ccc(-c3cc(-c4ccccc4)cc4ccc(C=C(C#N)C#N)cc34)cc2)cc1,1,c1ccc(N=Nc2ccc(-c3cc(-c4ccccc4)cc4ccccc34)cc2)cc1,0.9809027,477.2337,0.1584156,0.1584,0.5387176,3.0928,1.0000000,1.0000,[],49
25.9595,41.8514,60.9797,0.8033682,CN(c1cccc(C=C(C#N)C#N)c1)c1cccc(-c2cc3ccccc3c3ccccc23)c1,1,c1ccc(Nc2cccc(-c3cc4ccccc4c4ccccc34)c2)cc1,0.8429885,418.2473,0.2131997,0.2132,0.5970698,2.5786,1.0000000,1.0000,[],49
24.7451,49.8343,65.4755,0.9008576,CN(c1ccc(C=CC=Cc2ccc(N=Cc3ccc(N=O)s3)cc2)cc1)c1ccc(C=C(C#N)C#N)cc1,1,C(C=Cc1ccc(Nc2ccccc2)cc1)=Cc1ccc(N=Cc2cccs2)cc1,0.9791944,478.1828,0.0944064,0.0944,0.5058607,3.4075,1.0000000,1.0000,[],49
30.1912,48.8777,21.9069,0.5530051,N#CC(C#N)=Cc1ccc(N2Cc3ccc(-c4ccc(-c5ccc(-n6c7ccccc7c7ccccc76)cc5)s4)cc3C2=O)cc1,1,O=C1c2cc(-c3ccc(-c4ccc(-n5c6ccccc6c6ccccc65)cc4)s3)ccc2CN1c1ccccc1,0.5726267,403.1766,0.1826526,0.1827,0.5560536,2.9345,1.0000000,1.0000,[],49
20.7697,50.8707,67.4506,0.9243847,CN(c1ccc(C=C(C#N)C#N)cc1)c1c(F)cc(C=C(C#N)C#N)cc1-c1ccc(N=Nc2ccc(C=C(C#N)C#N)cc2)cc1,1,c1ccc(N=Nc2ccc(-c3ccccc3Nc3ccccc3)cc2)cc1,0.9943631,463.8375,0.1415816,0.1416,0.4816602,3.6526,1.0000000,1.0000,[],49
24.5711,40.7332,-19.3672,0.1669219,C=Cn1c(-c2ccc(N=Cc3ccc(N(c4ccccc4)c4ccccc4)cc3)cc2)csc1=Nc1ccccc1,1,C(=Nc1ccc(-c2csc(=Nc3ccccc3)[nH]2)cc1)c1ccc(N(c2ccccc2)c2ccccc2)cc1,0.1624939,382.1962,0.1742769,0.1743,0.5611035,2.8892,1.0000000,1.0000,[],49
25.3504,35.2469,87.2705,0.9571668,N#CC(C#N)=Cc1nc2cc(C=Cc3ccc(N)cc3)ccc2s1,1,C(=Cc1ccc2scnc2c1)c1ccccc1,0.9920754,467.5608,0.4361025,0.4361,0.5677089,2.8307,1.0000000,1.0000,[],49
22.2986,51.2696,67.1776,0.9253686,Cc1c(C=Cc2ccc(N=Nc3ccc(C=C(C#N)C#N)cc3)cc2)c(C#N)cc2cc(C=C(C#N)C#N)ccc12,1,C(=Cc1ccc2ccccc2c1)c1ccc(N=Nc2ccccc2)cc1,0.9949154,462.7117,0.1407723,0.1408,0.4990204,3.4755,1.0000000,1.0000,[],49
18.9530,33.4647,88.1438,0.9500664,N#CC(C#N)=Cc1ccc(N=Nc2ccc(I)cc2)c(Br)c1,1,c1ccc(N=Nc2ccccc2)cc1,0.9943026,463.9540,0.3232723,0.3233,0.5510778,2.9794,1.0000000,1.0000,[],49
29.1453,56.7379,57.6634,0.8937599,CCN(CC)c1ccc(C=Nc2ccc(Cc3cc(C=C(C#N)C#N)ccc3C=Cc3ccc(N=Cc4ccc(N(c5ccccc5)c5ccccc5)cc4)cc3)cc2)c(C)c1,1,C(=Cc1ccccc1Cc1ccc(N=Cc2ccccc2)cc1)c1ccc(N=Cc2ccc(N(c3ccccc3)c3ccccc3)cc2)cc1,0.9865920,446.6693,0.0587248,0.0587,0.4855964,3.6119,1.0000000,1.0000,[],49
16.0793,33.4606,88.9210,0.9561064,N#CC(C#N)=Cc1ccc(N(c2ccc(C=C(C#N)C#N)cc2)c2ccccc2Cl)cc1,1,c1ccc(N(c2ccccc2)c2ccccc2)cc1,0.9922857,467.2665,0.4197364,0.4197,0.5631210,2.8713,1.0000000,1.0000,[],49
16.2849,36.1566,-36.1566,0.0000000,N#CC(C#N)=Cc1ccc(-c2ccc(-c3ccc(N(c4ccc(C=C(C#N)C#N)cc4)c4ccc(C=C(C#N)C#N)cc4)cc3)s2)cc1,1,c1ccc(-c2ccc(-c3ccc(N(c4ccccc4)c4ccccc4)cc3)s2)cc1,0.9957353,460.7935,0.1548454,0.1548,0.5370181,3.1086,1.0000000,1.0000,[],49
28.1485,59.7289,56.7701,0.9101479,CN1c2ccccc2B(c2cc(C=C(C#N)C#N)cc(-c3ccc(C=C(C#N)C#N)s3)c2)c2cc(C=C(C#N)C#N)ccc21,1,c1cc(B2c3ccccc3Nc3ccccc32)cc(-c2cccs2)c1,0.9649705,436.0020,0.2301952,0.2302,0.4446692,4.0521,1.0000000,1.0000,[],49
23.2787,32.9737,76.4776,0.8550881,N#CC(C#N)=Cc1ccc(N=Cc2ccc(-c3cccc([N+](=O)[O-])c3)o2)cc1,1,C(=Nc1ccccc1)c1ccc(-c2ccccc2)o1,0.8939968,423.1504,0.2706871,0.2707,0.5799423,2.7241,1.0000000,1.0000,[],49
23.4774,38.5586,-20.6415,0.1399775,N#CC(C#N)=Cc1ccc(-c2ccc(C=C(C#N)c3ccc4c(ccc5ccccc54)c3)cc2)cc1,1,C(=Cc1ccc2c(ccc3ccccc32)c1)c1ccc(-c2ccccc2)cc1,0.1353355,379.8641,0.1552223,0.1552,0.5948596,2.5971,1.0000000,1.0000,[],49
42.4243,62.5470,-62.5470,0.0000000,[nH]1c2c(cccc2)c(NC(c2ccc(c(c2)[N+](=O)[O-])-c2ccc(cc2)N=Nc2ccc(cc2)C=C(C#N)C#N)=O)c(c1C)CC,0,,0.0000000,0.0000,0.0000000,0.0000,0.0000000,0.0000,0.0000000,0.0000,None,49
21.6489,41.2355,62.4777,0.8102599,CCN(CC)c1ccc(C=Cc2cccc(C#N)c2N=Cc2ccc(N(c3ccccc3)c3ccccc3)cc2)cc1,1,C(=Cc1ccccc1N=Cc1ccc(N(c2ccccc2)c2ccccc2)cc1)c1ccccc1,0.8649431,420.1618,0.1292992,0.1293,0.5713657,2.7986,1.0000000,1.0000,[],49
17.1049,37.4791,79.6262,0.9148847,N#CC(C#N)=Cc1ccc(N=Nc2ccc(C=Cc3ccc(N=Nc4ccc(N=Nc5ccccc5)cc4)cc3)cc2)cc1,1,C(=Cc1ccc(N=Nc2ccc(N=Nc3ccccc3)cc2)cc1)c1ccc(N=Nc2ccccc2)cc1,0.9915517,468.2614,0.0996826,0.0997,0.5564271,2.9311,1.0000000,1.0000,[],49
26.2652,38.8629,67.7689,0.8330611,N#CC(C#N)=CC=Cc1ccc2ccc(=Nc3ccccc3)ccc2c1,1,c1ccc(N=c2ccc3ccccc3cc2)cc1,0.8536718,419.1491,0.4967029,0.4967,0.5667321,2.8393,1.0000000,1.0000,[],49
10.3172,30.7696,-30.7696,0.0000000,CN(c1ccc(C=C(C#N)C#N)cc1)c1ccc(C=C(C#N)C#N)cc1,1,c1ccc(Nc2ccccc2)cc1,0.9958891,459.6069,0.7749709,0.7750,0.5667595,2.8391,1.0000000,1.0000,[],49
46.3488,60.0446,-60.0446,0.0000000,c1(cn2c(sc(C=C(C)C)c2O)c(c1C)=C1C=C(c2ccccc2)N(c2ccccc2)C1=O)=Cc1ccc(N(CC)CC)cc1,0,,0.0000000,0.0000,0.0000000,0.0000,0.0000000,0.0000,0.0000000,0.0000,None,49
52.1761,63.8613,-63.8613,0.0000000,N(C(=O)c1c2c(ccc(Br)c2)c2c(ccc3ccccc32)c1)=c1cc(cccc1)=C=C=C=C=C=C=C=C=C=C=C=C=C=C=C=C=C=C=C,0,,0.0000000,0.0000,0.0000000,0.0000,0.0000000,0.0000,0.0000000,0.0000,None,49
31.3343,62.0035,50.9447,0.8824075,N#CC(C#N)=Cc1ccc(N=Nc2ccc(-c3ccc(N=Nc4ccc(C=Cc5ccc(N=C(c6ccccc6)c6ccccc6)c(C=C(C#N)C#N)c5)cc4)cc3)cc2)cc1,1,C(=Cc1ccc(N=C(c2ccccc2)c2ccccc2)cc1)c1ccc(N=Nc2ccc(-c3ccc(N=Nc4ccccc4)cc3)cc2)cc1,0.9771195,440.7621,0.0521614,0.0522,0.4840854,3.6275,1.0000000,1.0000,[],49
27.3169,38.9101,6.3947,0.3539432,N#CC(C#N)=Cc1ccc(N=Cc2cccc(N=Cc3cc([N+](=O)[O-])ccc3O)c2)cc1,1,C(=Nc1ccccc1)c1cccc(N=Cc2ccccc2)c1,0.3544507,393.4907,0.2513902,0.2514,0.5523979,2.9674,1.0000000,1.0000,[],49
43.6600,55.9505,-29.1231,0.2095890,CN1C(=O)c2ccccc2C1=C1C=Cc2sc(Nc3ccc(C(C#N)C#N)cc3)nc2C1=O,1,O=C1NC(=C2C=Cc3sc(Nc4ccccc4)nc3C2=O)c2ccccc21,0.1991369,535.1102,0.5793396,0.5793,0.5179883,3.2890,1.0000000,1.0000,[],49
32.0244,47.7332,71.1579,0.9288365,CN(c1ccc(C=C(C#N)C#N)cc1)c1ccc2ccc3c(F)nc4ccccc4c3c2c1,1,c1ccc(Nc2ccc3ccc4cnc5ccccc5c4c3c2)cc1,0.9887169,448.5661,0.1784953,0.1785,0.5670280,2.8367,1.0000000,1.0000,[],49
19.8524,34.8882,86.1175,0.9453570,N#CC(C#N)=Cc1ccc(N=Nc2ccc(C=O)cc2[N+](=O)[O-])cc1,1,c1ccc(N=Nc2ccccc2)cc1,0.9950612,462.3943,0.2652932,0.2653,0.5576195,2.9204,1.0000000,1.0000,[],49
19.4990,45.6252,71.1664,0.9124346,CN(c1ccc(C=C(C#N)C#N)cc1)c1ccc(N(c2ccccc2)c2ccc(C=C(C#N)C#N)c(C=Cc3ccc(N(c4ccccc4)c4ccccc4)cc3)c2)cc1,1,C(=Cc1cccc(N(c2ccccc2)c2ccc(Nc3ccccc3)cc2)c1)c1ccc(N(c2ccccc2)c2ccccc2)cc1,0.9936941,465.0624,0.0899207,0.0899,0.5126178,3.3411,1.0000000,1.0000,[],49
21.9560,39.5882,81.5124,0.9460988,CCN(c1ccc(-c2ccc(C=C(C#N)C#N)cc2)cc1)c1ccc2c(c1)-c1ccccc1C2(C)C,1,c1ccc(-c2ccc(Nc3ccc4c(c3)-c3ccccc3C4)cc2)cc1,0.9935635,465.2863,0.2788226,0.2788,0.5781503,2.7396,1.0000000,1.0000,[],49
41.6712,59.7315,60.1544,0.9366089,N#CC(C#N)=Cc1ccc(-c2ncc(N)cc2-c2ccco2)cc1N=Cc1c(O)ccc2ccccc12,1,C(=Nc1cccc(-c2ncccc2-c2ccco2)c1)c1cccc2ccccc12,0.9933418,454.3436,0.2137746,0.2138,0.5257645,3.2145,1.0000000,1.0000,[],49
23.4358,44.8065,66.3148,0.8681348,N#CC(C#N)=Cc1ccc(-n2c(-c3ccc(N=Cc4ccccc4C=C(C#N)C#N)cc3)cc3ccccc32)cc1,1,C(=Nc1ccc(-c2cc3ccccc3n2-c2ccccc2)cc1)c1ccccc1,0.9241394,427.1430,0.1658220,0.1658,0.5337808,3.1389,1.0000000,1.0000,[],49
28.6742,52.6020,27.3469,0.6246011,CCc1ccc(C=Nc2ccc(C=Cc3cc(-c4ccc(OC)cc4)nc4cc(C=C(C#N)C#N)ccc34)cc2)cc1,1,C(=Cc1cc(-c2ccccc2)nc2ccccc12)c1ccc(N=Cc2ccccc2)cc1,0.6557450,406.9964,0.1443117,0.1443,0.5575342,2.9212,1.0000000,1.0000,[],49
22.5289,39.8855,83.7420,0.9658394,N#CC(C#N)=Cc1cc2c(s1)C=CC1(C=Cc3ccccc31)CC2,1,C1=CC2(C=Cc3sccc3CC2)c2ccccc21,0.9943169,456.0735,0.6842283,0.6842,0.4073960,4.4898,1.0000000,1.0000,[],49
15.5389,45.7972,71.3152,0.9149403,CC(C=Cc1ccc(N=Nc2ccc(C=C(C#N)C#N)cc2)cc1)=Cc1ccc(N=Nc2ccc(C=C(C#N)C#N)cc2)cc1,1,C(C=Cc1ccc(N=Nc2ccccc2)cc1)=Cc1ccc(N=Nc2ccccc2)cc1,0.9898336,470.2902,0.1100355,0.1100,0.5225592,3.2451,1.0000000,1.0000,[],49
20.1631,38.9101,84.1339,0.9612817,CCN(CC)c1ccc(C=Cc2n[nH]nc2-c2ccc(C=C(C#N)C#N)cc2)cc1,1,C(=Cc1n[nH]nc1-c1ccccc1)c1ccccc1,0.9884474,448.3068,0.5743140,0.5743,0.5540079,2.9529,1.0000000,1.0000,[],49
28.5820,55.1156,63.5002,0.9266863,Cc1oc2cc(C=C(C#N)C#N)c(N=Nc3ccc(C=C(C#N)C#N)cc3)cc2c1-c1ccc(C=C(C#N)C#N)cc1,1,c1ccc(N=Nc2ccc3occ(-c4ccccc4)c3c2)cc1,0.9905066,469.5391,0.1746259,0.1746,0.4789024,3.6813,1.0000000,1.0000,[],49
36.7344,55.6444,59.0132,0.8957624,N#CC(C#N)=Cc1ccc(N(c2ccc(C=C(C#N)c3ccc(N(c4ccccc4)c4ccc(C=C(C#N)C#N)cc4)cc3)cc2)c2ccc(N=Nc3ccc(Nc4ccc(C#N)cc4)cc3)cc2)cc1,1,C(=Cc1ccc(N(c2ccccc2)c2ccc(N=Nc3ccc(Nc4ccccc4)cc3)cc2)cc1)c1ccc(N(c2ccccc2)c2ccccc2)cc1,0.9872794,447.2483,0.0629169,0.0629,0.4737903,3.7350,1.0000000,1.0000,[],49
38.0914,79.6108,-79.6108,0.0000000,C1(C=Cc2c(c(N=Nc3ccc(cc3)C=C(C#N)C#N)c(c2)CC)C=Cc2ccc(cc2)N=Nc2ccc(cc2)C=C(C#N)C#N)C=Cc2ccccc2N=C1,0,,0.0000000,0.0000,0.0000000,0.0000,0.0000000,0.0000,0.0000000,0.0000,None,49
36.0128,53.8137,-3.6767,0.3916955,Cc1c(C#N)c(-c2ccc(C=C(C#N)C#N)cc2)cn1-c1ccc(-c2ccc(=O)n(-c3ccccc3)n2)cc1,1,O=c1ccc(-c2ccc(-n3ccc(-c4ccccc4)c3)cc2)nn1-c1ccccc1,0.3931668,395.2877,0.2739157,0.2739,0.5605358,2.8943,1.0000000,1.0000,[],50
28.8281,62.2416,48.3677,0.8641355,CN(c1ccc(C=CC2=C(C=Cc3ccc(N=Nc4ccc(C=C(C#N)C#N)cc4)cc3)C=CCC2)cc1)c1ccc(C=C(C#N)C#N)c(C=C(C#N)C#N)c1,1,C1=CC(C=Cc2ccc(N=Nc3ccccc3)cc2)=C(C=Cc2ccc(Nc3ccccc3)cc2)CC1,0.9359529,490.8811,0.1094350,0.1094,0.4323089,4.1931,1.0000000,1.0000,[],50
15.3655,44.8091,73.0634,0.9208790,N#CC(C#N)=Cc1ccc(C=Nc2ccc(-c3ccc(N(c4ccc(C=C(C#N)C#N)cc4)c4ccc(C=C(C#N)C#N)cc4)cc3)cc2)cc1,1,C(=Nc1ccc(-c2ccc(N(c3ccccc3)c3ccccc3)cc2)cc1)c1ccccc1,0.9954987,461.3825,0.1131279,0.1131,0.5282525,3.1909,1.0000000,1.0000,[],50
19.2204,45.8016,72.4080,0.9235123,CN(c1ccc(C=Nc2ccc(-c3ccc4cc(C=C(C#N)C#N)ccc4c3)cc2)cc1)c1ccc(C=C(C#N)C#N)cc1,1,C(=Nc1ccc(-c2ccc3ccccc3c2)cc1)c1ccc(Nc2ccccc2)cc1,0.9905980,450.5669,0.1447312,0.1447,0.5323068,3.1527,1.0000000,1.0000,[],50
26.1216,45.1477,71.5661,0.9118265,N#CC(C#N)=Cc1ccc(N(C(=O)c2ccccc2)c2ccccc2)cc1C=Cc1ccc(N=Nc2ccccc2)cc1,1,O=C(c1ccccc1)N(c1ccccc1)c1cccc(C=Cc2ccc(N=Nc3ccccc3)cc2)c1,0.9856871,445.9503,0.1083388,0.1083,0.5505900,2.9838,1.0000000,1.0000,[],50
20.0159,28.6765,29.3237,0.4531270,CCN(CC)c1ccc(C=CC(C)=CC(N)=O)cc1,1,c1ccccc1,0.4455792,397.6271,0.6295757,0.6296,0.6144596,2.4351,1.0000000,1.0000,[],50
25.7029,56.8831,-56.8831,0.0000000,CCN(c1ccc(C=C(C#N)C#N)cc1)c1ccc(C=CC(=O)O)cc1C=Cc1ccc(N=Nc2ccc(C=C(C#N)C#N)cc2)cc1,1,C(=Cc1ccccc1Nc1ccccc1)c1ccc(N=Nc2ccccc2)cc1,0.0000000,0.0000,0.0000000,0.0000,0.0000000,0.0000,0.0000000,0.0000,"['C(=[O,S])[O,S]']",50
29.5627,70.5590,-70.5590,0.0000000,c1(N=Cc2ccc(cc2)C=Cc2ccc(N=Cc3ccc(C=Cc4ccc(N=Cc5ccc(N=Cc6ccc(N=Nc7ccc(C=C(C#N)C)cc7)C)cc6)cc5c4)cc3)cc2)ccc(cc1)C=C(C#N)C#N,0,,0.0000000,0.0000,0.0000000,0.0000,0.0000000,0.0000,0.0000000,0.0000,None,50
13.5996,34.8946,89.6554,0.9730468,CCN(Cc1ccc(C=C(C#N)C#N)cc1)c1ccc(C=C(C#N)C#N)cc1,1,c1ccc(CNc2ccccc2)cc1,0.9943572,463.8488,0.6998473,0.6998,0.5700562,2.8101,1.0000000,1.0000,[],50
15.8888,33.3197,91.5324,0.9754069,CN1c2ccccc2C=Cc2ccc(C=C(C#N)C#N)cc21,1,C1=Cc2ccccc2Nc2ccccc21,0.9956049,458.8779,0.7301445,0.7301,0.5689130,2.8201,1.0000000,1.0000,[],50
29.9752,47.5376,49.6411,0.7592084,N#CCc1cc(-n2c3ccc(C=C(C#N)C#N)cc3c3cc(C=C(C#N)C#N)ccc32)ccc1C#N,1,c1ccc(-n2c3ccccc3c3ccccc32)cc1,0.7834048,413.9584,0.3636116,0.3636,0.5161192,3.3071,1.0000000,1.0000,[],50
41.7137,62.4786,-62.4786,0.0000000,CN(c1ccc(C=C(C#N)C#N)cc1)c1ccc(C2=CC3=CC=C(C=C2)C=C(N(c2ccc(C=C(C#N)C#N)cc2)c2cccc4sc5ccccc5c24)CC3)cc1,1,C1=CC(c2ccc(Nc3ccccc3)cc2)=CC2=CC=C1C=C(N(c1ccccc1)c1cccc3sc4ccccc4c13)CC2,0.0000000,0.0000,0.0000000,0.0000,0.0000000,0.0000,0.0000000,0.0000,['[*;r{8-17}]'],50
29.9644,47.7943,69.8826,0.9193504,CCN(CC)c1ccc(C=Nc2ccc(C(=Cc3ccc(Cl)cc3C=C(C#N)C#N)c3ccccc3)cc2)cc1,1,C(=Nc1ccc(C(=Cc2ccccc2)c2ccccc2)cc1)c1ccccc1,0.9907755,450.7758,0.1208029,0.1208,0.5522213,2.9690,1.0000000,1.0000,[],50
14.5609,36.7163,82.9297,0.9347343,N#CC(C#N)=Cc1ccc(Oc2ccc(N(c3ccc(C=C(C#N)C#N)cc3)c3ccc(C=C(C#N)C#N)cc3)cc2)cc1,1,c1ccc(Oc2ccc(N(c3ccccc3)c3ccccc3)cc2)cc1,0.9932283,465.8412,0.1933348,0.1933,0.5560468,2.9345,1.0000000,1.0000,[],50
42.9821,57.6241,-12.4026,0.3532927,Cc1ccc(N=Cc2cn(C=Cc3ccc4ccccc4n3)c3cc(C=C(C#N)c4ccccc4)ccc23)cc1,1,C(=Cc1ccc2c(C=Nc3ccccc3)cn(C=Cc3ccc4ccccc4n3)c2c1)c1ccccc1,0.3615704,393.8270,0.1265237,0.1265,0.5486730,3.0013,1.0000000,1.0000,[],50
30.1065,51.0656,65.0908,0.9074720,N#CC(C#N)=Cc1ccc(N=Nc2ccc(C(=O)c3c(N=C(c4ccccc4)c4ccccc4)ccc4ccccc34)cc2)cc1,1,O=C(c1ccc(N=Nc2ccccc2)cc1)c1c(N=C(c2ccccc2)c2ccccc2)ccc2ccccc12,0.9919404,467.7456,0.0761275,0.0761,0.5448581,3.0361,1.0000000,1.0000,[],50
39.4790,66.8812,47.7316,0.8954125,N#CC(C#N)=Cc1ccc(-c2ccc(N(c3ccc(-c4cc5ccccc5c(-c5cccc(N(c6ccccc6)c6ccccc6)c5)c4C=C(C#N)C#N)cc3)c3ccc(C#N)c(C=C(C#N)C#N)c3)cc2)cc1,1,c1ccc(-c2ccc(N(c3ccccc3)c3ccc(-c4cc(-c5cccc(N(c6ccccc6)c6ccccc6)c5)c5ccccc5c4)cc3)cc2)cc1,0.9712484,438.2167,0.1080015,0.1080,0.4495961,3.9970,1.0000000,1.0000,[],50
25.2545,58.7519,53.8097,0.8793878,COc1ccc(Nc2ccc(C=Cc3ccc(N=Cc4ccc(N=Nc5ccc(C=C(C#N)C#N)cc5)cc4)c(C=C(C#N)C#N)c3)cc2)cc1,1,C(=Cc1ccc(Nc2ccccc2)cc1)c1ccc(N=Cc2ccc(N=Nc3ccccc3)cc2)cc1,0.9665695,483.4727,0.0643240,0.0643,0.4987601,3.4781,1.0000000,1.0000,[],50
23.0679,37.7778,83.3650,0.9464277,CCC=Cc1cccc(N(C=C(C#N)C#N)c2ccc(C=C(C#N)C#N)cc2)c1,1,c1ccc(Nc2ccccc2)cc1,0.9717184,438.4009,0.6110898,0.6111,0.5212477,3.2576,1.0000000,1.0000,[],50
23.3028,42.1364,-42.1364,0.0000000,N#CC(C#N)=Cc1ccc(N(c2ccccc2)c2ccc(C=NN=c3c4ccccc4ccc4ccccc34)cc2)cc1,1,C(=NN=c1c2ccccc2ccc2ccccc12)c1ccc(N(c2ccccc2)c2ccccc2)cc1,0.0000000,0.0000,0.0000000,0.0000,0.0000000,0.0000,0.0000000,0.0000,['[#7;!n][#7;!n]'],50
25.4713,40.4770,-40.4770,0.0000000,c1(ccc2c(c1)ccc(=C(c1c3ccccc3ccc1)C#N)c2)C=C(C#N)C#N,0,,0.0000000,0.0000,0.0000000,0.0000,0.0000000,0.0000,0.0000000,0.0000,None,50
40.9272,79.8451,34.0484,0.8897929,COc1ccc(N(c2ccc(C=Nc3ccccc3C=CC(C)c3ccc(N(C)c4nc(-c5ccc(N=Nc6ccc(C=C(C#N)C#N)cc6)cc5)cs4)cc3)cc2)c2ccc(C=C(C#N)C#N)cc2)cc1,1,C(=Cc1ccccc1N=Cc1ccc(N(c2ccccc2)c2ccccc2)cc1)Cc1ccc(Nc2nc(-c3ccc(N=Nc4ccccc4)cc3)cs2)cc1,0.9896977,470.4358,0.0525197,0.0525,0.3959066,4.6329,1.0000000,1.0000,[],50
31.9638,52.4815,61.3517,0.8893220,N#CC(C#N)=Cc1cccc(N(C=C(C#N)c2ccc(C=C(C#N)C#N)c(F)c2)c2ccc(C=Cc3ccc(C=C(C#N)C#N)s3)cc2)c1,1,C(=CN(c1ccccc1)c1ccc(C=Cc2cccs2)cc1)c1ccccc1,0.9518619,487.5979,0.1614709,0.1615,0.4555627,3.9311,1.0000000,1.0000,[],50
16.2879,32.6927,88.5679,0.9473483,CN(c1ccc(C=C(C#N)C#N)cc1)c1ccc(-c2ccc3ccccc3c2)cc1,1,c1ccc(Nc2ccc(-c3ccc4ccccc4c3)cc2)cc1,0.9848217,445.3033,0.3670439,0.3670,0.6221879,2.3726,1.0000000,1.0000,[],50
26.2022,26.2976,-25.9091,0.0030345,Cc1cccc(C(=C=C(c2ccccc2)c2ccccc2)c2ccccc2)c1,1,C(=C(c1ccccc1)c1ccccc1)=C(c1ccccc1)c1ccccc1,0.0023347,334.2310,0.3395653,0.3396,0.6571192,2.0994,1.0000000,1.0000,[],50
32.1696,53.0734,-45.1631,0.0617987,CCN(CC)c1ccc(C=C2C(=O)C3=C(C2=O)C(=Cc2ccc(N(c4ccccc4)c4ccccc4)cc2)CC(C)(C)C=C3)cc1,1,O=C1C(=Cc2ccccc2)C(=O)C2=C1C=CCCC2=Cc1ccc(N(c2ccccc2)c2ccccc2)cc1,0.0574619,550.3730,0.1482622,0.1483,0.5271124,3.2017,1.0000000,1.0000,[],50
23.0701,44.9342,76.5788,0.9493210,CN(c1ccc(C=C(C#N)C#N)cc1)c1ccc2ccc(-c3cccc(C=C(C#N)C#N)c3)nc2c1,1,c1ccc(Nc2ccc3ccc(-c4ccccc4)nc3c2)cc1,0.9947728,456.9864,0.3116955,0.3117,0.5472332,3.0144,1.0000000,1.0000,[],50
21.6866,44.5857,70.3615,0.8980244,N#CC(C#N)=Cc1ccc2sc(N=Cc3ccc(N(c4ccccc4)c4ccccc4)cc3)c(C=C(C#N)C#N)c2c1,1,C(=Nc1cc2ccccc2s1)c1ccc(N(c2ccccc2)c2ccccc2)cc1,0.9620054,484.9136,0.1466652,0.1467,0.5175870,3.2929,1.0000000,1.0000,[],50
25.4887,51.8330,61.1970,0.8830474,CN(c1ccc(C=C(C#N)C#N)cc1)c1ccc(N=Nc2ccc(-c3ccc(N=C(C#N)c4ccc(N=Nc5ccc(C=C(C#N)C#N)cc5)cc4)cc3)cc2)cc1,1,C(=Nc1ccc(-c2ccc(N=Nc3ccc(Nc4ccccc4)cc3)cc2)cc1)c1ccc(N=Nc2ccccc2)cc1,0.9678347,483.0397,0.0720552,0.0721,0.4865721,3.6019,1.0000000,1.0000,[],50
13.4910,37.0678,85.0807,0.9542852,N#CC(C#N)=Cc1ccc(N(c2ccc(C=C(C#N)C#N)cc2)c2ccccc2C=C(C#N)C#N)cc1,1,c1ccc(N(c2ccccc2)c2ccccc2)cc1,0.9952236,462.0294,0.3737664,0.3738,0.5293915,3.1801,1.0000000,1.0000,[],50
25.8237,43.9978,17.2669,0.4786303,Cc1ccc(C=Nc2ccc(-c3sc4ccccc4c3C=C(C#N)C#N)c(C)c2)cc1,1,C(=Nc1ccc(-c2cc3ccccc3s2)cc1)c1ccccc1,0.4864884,399.4131,0.2570296,0.2570,0.5611663,2.8887,1.0000000,1.0000,[],50
17.0666,40.4834,76.3348,0.9126421,Cc1cc(N=Nc2ccc(C=C(C#N)C#N)cc2)ccc1N(c1ccccc1)c1ccc(C=C(C#N)C#N)cc1,1,c1ccc(N=Nc2ccc(N(c3ccccc3)c3ccccc3)cc2)cc1,0.9716786,481.6148,0.1797061,0.1797,0.5319328,3.1562,1.0000000,1.0000,[],50
27.5888,46.9562,66.9841,0.8901588,CCN(CC)c1ccc(C=Cc2cc(N=Nc3ccc(C=C(C#N)C#N)cc3)ccc2C=Nc2ccccc2N)cc1,1,C(=Cc1cc(N=Nc2ccccc2)ccc1C=Nc1ccccc1)c1ccccc1,0.9756278,479.9403,0.0699033,0.0699,0.5195540,3.2739,1.0000000,1.0000,[],50
17.3425,32.5093,88.1993,0.9430359,N#CC(C#N)=Cc1ccc(N=Nc2ccc(Nc3ccc(F)cc3)cc2)cc1,1,c1ccc(N=Nc2ccc(Nc3ccccc3)cc2)cc1,0.9767681,479.4073,0.4172004,0.4172,0.6036680,2.5237,1.0000000,1.0000,[],50
22.0956,45.1945,31.9449,0.6026516,N#CC(C#N)=Cc1ccc(C=Cc2c3ccccc3c(C=C(C#N)C#N)c3cc4c(ccc5ccccc54)cc23)s1,1,C(=Cc1c2ccccc2cc2cc3c(ccc4ccccc43)cc12)c1cccs1,0.6353166,513.9731,0.1268425,0.1268,0.5086090,3.3804,1.0000000,1.0000,[],50
24.0405,49.2565,67.8087,0.9145715,CN(c1ccccc1)c1ccc(C=Nc2ccc(N=Nc3ccc(N=Cc4ccc(C=C(C#N)C#N)cc4)cc3)cc2C#N)cc1,1,C(=Nc1ccc(N=Nc2ccc(N=Cc3ccc(Nc4ccccc4)cc3)cc2)cc1)c1ccccc1,0.9942068,464.1360,0.0956568,0.0957,0.5124645,3.3426,1.0000000,1.0000,[],50
16.8021,41.1872,77.6236,0.9282087,N#CC(C#N)=Cc1ccc(N=Nc2ccc(-n3c4ccccc4c4ccc(C=C(C#N)C#N)cc43)cc2)cc1,1,c1ccc(N=Nc2ccc(-n3c4ccccc4c4ccccc43)cc2)cc1,0.9890331,471.1218,0.1789784,0.1790,0.5377340,3.1020,1.0000000,1.0000,[],50
30.4081,56.8821,59.9181,0.9125014,CCN(CC)c1ccc(C=Nc2ccc(-c3c4ccc(C=C(C#N)C#N)cc4nc4ccc(OC)cc34)c(C=C(C#N)C#N)c2)cc1,1,C(=Nc1ccc(-c2c3ccccc3nc3ccccc23)cc1)c1ccccc1,0.9932405,465.8215,0.0926311,0.0926,0.5028725,3.4371,1.0000000,1.0000,[],50
14.2486,43.5642,76.7645,0.9400679,N#CC(C#N)=Cc1ccc(N(c2ccc(C=C(C#N)C#N)cc2)c2ccc(C=C(C#N)C#N)cc2C=C(C#N)C#N)cc1,1,c1ccc(N(c2ccccc2)c2ccccc2)cc1,0.9895928,449.4531,0.2821527,0.2822,0.4989429,3.4763,1.0000000,1.0000,[],50
23.1482,44.9631,72.8871,0.9207049,CC(=Cc1ccc(N(c2ccc(-c3ccc(C=C(C#N)C#N)cc3)cc2)c2ccc(-c3cccs3)cc2)cc1)c1ccc(C=C(C#N)C#N)cc1,1,C(=Cc1ccc(N(c2ccc(-c3ccccc3)cc2)c2ccc(-c3cccs3)cc2)cc1)c1ccccc1,0.9953284,461.7874,0.1124795,0.1125,0.5321192,3.1544,1.0000000,1.0000,[],50
32.3703,49.9349,67.4961,0.9174301,N#CC(C#N)=Cc1ccc(N=Nc2ccc(Cc3ccccc3)c3c2-c2ccccc2C(=O)C3=O)cc1,1,O=C1C(=O)c2c(Cc3ccccc3)ccc(N=Nc3ccccc3)c2-c2ccccc21,0.9776057,478.9993,0.1720955,0.1721,0.5523558,2.9678,1.0000000,1.0000,[],50
20.5850,36.5899,83.6248,0.9391767,N#CC(C#N)=Cc1ccc(-c2nc3c(cc(C=C(C#N)C#N)c4ccccc43)s2)cc1,1,c1ccc(-c2nc3c(ccc4ccccc43)s2)cc1,0.9772227,440.8123,0.3839839,0.3840,0.5447549,3.0371,1.0000000,1.0000,[],50
33.8212,65.2381,44.1026,0.8542244,CCN(CC)c1ccc(C=Nc2ccc(C=Cn3c(N=Cc4ccc5ccccc5c4)cc(C=C(C#N)C#N)c3C)cc2C)cc1,1,C(=Cn1cccc1N=Cc1ccc2ccccc2c1)c1ccc(N=Cc2ccccc2)cc1,0.9198027,426.4884,0.1182070,0.1182,0.4944651,3.5214,1.0000000,1.0000,[],50
27.3977,45.6904,72.9001,0.9264885,N#CC(C#N)=Cc1ccc(N(c2ccc(-c3cc(C=C(C#N)C#N)c4ccccn34)cc2)c2ccc(N(c3ccccc3)c3ccccc3)cc2)cc1,1,c1ccc(N(c2ccccc2)c2ccc(N(c3ccccc3)c3ccc(-c4ccc5ccccn45)cc3)cc2)cc1,0.9954785,458.5687,0.1405706,0.1406,0.5171847,3.2968,1.0000000,1.0000,[],50
27.8246,51.8948,-5.5833,0.3618086,C=C(C)c1cc(C=C(C#N)C#N)c(C)c(N=Cc2ccc(N=Cc3ccc(N(c4ccccc4)c4ccccc4)cc3)cc2)c1,1,C(=Nc1ccccc1)c1ccc(N=Cc2ccc(N(c3ccccc3)c3ccccc3)cc2)cc1,0.3709780,394.2671,0.1283217,0.1283,0.5217391,3.2529,1.0000000,1.0000,[],50
35.5391,58.3673,-58.3673,0.0000000,s1nc(-c2ccc3c(Cc4c-3ccc(-c3ccc(C=C(C#N)C#N)cc3)C)cc42)cc1,0,,0.0000000,0.0000,0.0000000,0.0000,0.0000000,0.0000,0.0000000,0.0000,None,50
25.1678,49.9657,-49.9657,0.0000000,COC(=O)c1ccc(C=C(C#N)C#N)cc1N=Nc1ccc(N=Nc2ccc(N=Nc3ccc(C=C(C#N)C#N)cc3)cc2)cc1,1,c1ccc(N=Nc2ccc(N=Nc3ccc(N=Nc4ccccc4)cc3)cc2)cc1,0.0000000,0.0000,0.0000000,0.0000,0.0000000,0.0000,0.0000000,0.0000,"['C(=[O,S])[O,S]']",50
31.6835,50.6923,66.8778,0.9185161,Cc1ccc2nc(C=C=C=CC=Cc3ccc(N=Nc4ccc(C=C(C#N)C#N)cc4)cc3)sc2c1,1,C(=C=Cc1nc2ccccc2s1)=CC=Cc1ccc(N=Nc2ccccc2)cc1,0.9925592,466.8716,0.1197096,0.1197,0.4911514,3.5550,1.0000000,1.0000,[],50
30.9731,48.1626,14.1186,0.4865719,N#CC(C#N)=Cc1cccc(N2C(=C3C=CC=CC3)C=Cc3ccc(C=C(C#N)C#N)cc32)c1,1,C1=CCC(=C2C=Cc3ccccc3N2c2ccccc2)C=C1,0.4859639,520.6097,0.5136621,0.5137,0.4760443,3.7112,1.0000000,1.0000,[],50
29.9688,44.6360,53.2344,0.7646124,Cc1ccccc1C(C#N)=Cc1c[nH]c2cc3ccccc3cc2c1=O,1,O=c1c(C=Cc2ccccc2)c[nH]c2cc3ccccc3cc12,0.7834616,413.9621,0.4110288,0.4110,0.6101223,2.4705,1.0000000,1.0000,[],50
24.4644,53.7378,62.6855,0.9095570,CCN(c1ccc(-c2ccc3cc(C=C(C#N)C#N)ccc3c2)cc1)c1ccc(C=C(C#N)C#N)c(C=Cc2ccc(N(c3ccccc3)c3ccccc3)cc2)c1,1,C(=Cc1cccc(Nc2ccc(-c3ccc4ccccc4c3)cc2)c1)c1ccc(N(c2ccccc2)c2ccccc2)cc1,0.9888337,471.3196,0.0965011,0.0965,0.4969835,3.4960,1.0000000,1.0000,[],50
19.5187,46.7297,67.9155,0.8956657,N#CC(C#N)=Cc1ccc(N=Nc2ccc(N=Nc3ccc(C=Nc4ccc(-c5ccc(C=C(C#N)C#N)s5)cc4)cc3)cc2)cc1,1,C(=Nc1ccc(-c2cccs2)cc1)c1ccc(N=Nc2ccc(N=Nc3ccccc3)cc2)cc1,0.9747636,480.3282,0.0908154,0.0908,0.4981287,3.4845,1.0000000,1.0000,[],50
19.1542,32.8927,88.8405,0.9510403,N#CC(C#N)=C1C(=Cc2ccc3ccccc3c2)C(=C(C#N)C#N)c2ccccc21,1,C=C1C(=Cc2ccc3ccccc3c2)C(=C)c2ccccc21,0.9804783,477.4770,0.5179302,0.5179,0.5562050,2.9331,1.0000000,1.0000,[],50
34.7676,60.3388,57.2874,0.9189549,CN(c1ccc(C=C(C#N)C#N)cc1)c1ccc(C(Cc2cccc(-c3ccc(C=C(C#N)C#N)s3)c2)c2ccccc2C=C(C#N)C#N)cc1,1,c1ccc(Nc2ccc(C(Cc3cccc(-c4cccs4)c3)c3ccccc3)cc2)cc1,0.9916399,468.1464,0.1340802,0.1341,0.4434548,4.0658,1.0000000,1.0000,[],50
33.2986,65.9845,50.3703,0.9090217,N#CC(C#N)=Cc1ccc(-c2ccc(C=Nc3ccc(-c4cccc(CN(c5ccc(C=C(C#N)C#N)cc5)c5ccc(C=C(C#N)C#N)cc5)c4-c4ccc(C=C(C#N)C#N)cc4)cc3)cc2)cc1,1,C(=Nc1ccc(-c2cccc(CN(c3ccccc3)c3ccccc3)c2-c2ccccc2)cc1)c1ccc(-c2ccccc2)cc1,0.9959972,460.1027,0.0795579,0.0796,0.4575389,3.9095,1.0000000,1.0000,[],50
28.3653,44.9441,74.9731,0.9368527,CCCCCCN(c1ccc(C=C(C#N)C#N)cc1)c1c(-c2ccc(F)cc2)c(=O)c1=O,1,O=c1c(Nc2ccccc2)c(-c2ccccc2)c1=O,0.9852650,445.6300,0.2648996,0.2649,0.5690809,2.8187,1.0000000,1.0000,[],50
22.1776,45.8255,44.2475,0.7036953,N#CC(C#N)=Cc1ccc(N=Nc2ccc(N=Nc3cc(N=C=O)ccc3C=C(C#N)C#N)cc2)cc1,1,c1ccc(N=Nc2ccc(N=Nc3ccccc3)cc2)cc1,0.7450322,508.3578,0.1486604,0.1487,0.4815324,3.6539,1.0000000,1.0000,[],50
16.8755,27.0993,63.2860,0.7061349,N#CC(C#N)=Cc1ccc(N(C#N)Cc2ccccc2)cc1,1,c1ccc(CNc2ccccc2)cc1,0.7172800,410.1083,0.4880827,0.4881,0.5840217,2.6891,1.0000000,1.0000,[],50
8.7606,29.8471,-29.8471,0.0000000,N#CC(C#N)=Cc1ccc(N(c2ccc(C=C(C#N)C#N)cc2)c2ccc(C=C(C#N)C#N)cc2)cc1,1,c1ccc(N(c2ccccc2)c2ccccc2)cc1,0.9888738,448.7198,0.3737664,0.3738,0.5644542,2.8595,1.0000000,1.0000,[],50
32.2509,50.9963,57.4532,0.8472617,Cc1ccc2nc3cc(C=Cc4cc(C)c(C=C(C#N)C#N)c(C=C(C#N)C#N)c4)ccc3nc2c1,1,C(=Cc1ccc2nc3ccccc3nc2c1)c1ccccc1,0.8966845,423.4619,0.1956021,0.1956,0.5169340,3.2992,1.0000000,1.0000,[],50
30.7092,51.9033,62.4520,0.8934009,N#CC(C#N)=Cc1ccc(C=Cc2ccc(C=Nc3cc(C=Cc4ccc(N(c5ccccc5)c5ccccc5)cc4)nc4ccccc34)cc2)cc1,1,C(=Cc1ccc(C=Nc2cc(C=Cc3ccc(N(c4ccccc4)c4ccccc4)cc3)nc3ccccc23)cc1)c1ccccc1,0.9742152,439.4323,0.0818825,0.0819,0.5265325,3.2072,1.0000000,1.0000,[],50
20.9599,38.3467,83.1785,0.9494158,CCN(c1ccc(C=C(C#N)C#N)cc1)c1ccc2c(c1)c1cc(Cl)ccc1n2CC,1,c1ccc(Nc2ccc3[nH]c4ccccc4c3c2)cc1,0.9925861,453.1681,0.3221133,0.3221,0.5811915,2.7134,1.0000000,1.0000,[],50
24.9867,51.9909,66.0228,0.9219816,N#CC(C#N)=Cc1ccc(N=Nc2ccc(-c3cc(N=Nc4ccc(C=C(C#N)C#N)cc4)ccc3S(=O)(=O)N3CCCCC3)cc2)cc1,1,O=S(=O)(c1ccc(N=Nc2ccccc2)cc1-c1ccc(N=Nc2ccccc2)cc1)N1CCCCC1,0.9942582,464.0388,0.1271434,0.1271,0.4994141,3.4716,1.0000000,1.0000,[],50
13.6367,42.7935,74.9210,0.9196444,N#CC(C#N)=Cc1ccc(N=Nc2ccc(-c3ccc(N(c4ccc(C=C(C#N)C#N)cc4)c4ccc(C=C(C#N)C#N)cc4)cc3)cc2)cc1,1,c1ccc(N=Nc2ccc(-c3ccc(N(c4ccccc4)c4ccccc4)cc3)cc2)cc1,0.9942173,464.1163,0.1123792,0.1124,0.5304011,3.1706,1.0000000,1.0000,[],50
